time;t2m_C;d2m_C;tsn_C;sp_hPa;ws;wd;snowc;sd;rsn;sde_mm;tp_mm;e_mm;sro_mm;ro_mm;ssro_mm;smlt_mm;sf_mm;ssr_W;ssrd_W;str_W;strd_W;slhf_W;sshf_W
1950-01-01;-10.068502;-23.116177;-22.417297;744.31946;0.6255023;311.24277;100.0;0.15093364;162.84645;927.05505;0.000914347;0.006172806;0.0;0.13688207;0.13688207;0.0;4.0978193e-05;813.9978;3270.06;-1030.3223;4027.8809;4.806667;71.013336
1950-01-02;-10.547546;-14.566102;-19.647392;740.8689;0.75418377;240.42139;100.0;0.1561528;159.24672;979.5329;13.167555;0.0319127;0.0;0.1361072;0.1361072;0.0;13.16322;350.34332;1374.6455;216.235;5812.949;24.893333;33.657776
1950-01-03;-10.607586;-12.902244;-15.28545;741.2439;0.56864935;202.93806;100.0;0.16508651;153.77504;1074.3408;0.8807361;0.0192374;0.0;0.13533235;0.1353398;0.0;0.8768327;633.9028;2665.5444;-756.2033;4949.758;15.117778;-47.33889
1950-01-04;-9.084217;-11.188666;-13.512325;742.638;0.69354516;255.72905;100.0;0.17106469;153.79718;1109.4971;20.52945;0.020563602;0.0;0.13458729;0.13458729;0.0;20.523426;335.78445;1381.0688;253.30833;6387.508;16.118889;-24.68
1950-01-05;-5.7527976;-6.3995147;-8.033054;738.8345;1.144352;201.11345;100.0;0.2230221;149.97719;1476.7252;68.4647;0.03318861;0.0;0.13382733;0.13383478;0.0;68.39669;198.61667;863.74225;134.35056;6726.61;25.756666;-16.466667
1950-01-06;-11.532594;-13.391355;-8.857755;736.35236;1.6020609;244.15019;100.0;0.2641385;156.80077;1686.7269;5.6840477;-0.093651935;0.0;0.13306737;0.13308972;0.0;5.6777706;616.3417;2681.3032;-999.95667;5128.5557;-73.60778;-194.69221
1950-01-07;-12.394184;-17.347557;-14.961408;744.6976;0.7713687;209.57903;100.0;0.2655727;166.23924;1599.4059;0.07427037;-0.0053113326;0.0;0.13235211;0.13235211;0.0;0.07297471;769.68;3268.2122;-1345.7023;4172.1904;-4.1144443;-52.002224
1950-01-08;-11.345757;-15.85083;-17.320887;743.4983;0.7502876;79.77532;100.0;0.26590097;172.2132;1545.0846;0.912242;0.016919337;0.0;0.13162196;0.1316294;0.0;0.9092465;636.5906;2628.3079;-454.3872;5153.0513;13.332222;-16.827778
1950-01-09;-10.406372;-12.21565;-14.353507;739.4499;0.8261802;61.29762;100.0;0.2692698;175.24965;1536.4584;4.7417593;0.027080998;0.0;0.1309067;0.1309067;0.0;4.7365947;407.96555;1676.9288;-183.56778;5742.676;21.187778;-25.981112
1950-01-10;-8.876367;-10.908184;-13.226022;739.5118;0.824441;159.98122;100.0;0.2716323;180.64809;1504.9642;0.5944967;0.022623688;0.0;0.13019145;0.13019145;0.0;0.5884841;733.0061;2997.4421;-675.1556;5255.231;18.566668;-36.9
1950-01-11;-10.067578;-11.283202;-11.19526;737.7155;1.6182051;209.9397;100.0;0.2785832;182.80043;1520.3043;27.454079;-0.020348467;0.0;0.12947619;0.12947619;0.0;27.44378;463.07443;1868.7689;-72.44666;6156.6206;-15.675555;-131.08
1950-01-12;-9.778958;-10.917355;-9.576827;733.91064;1.7251183;200.9207;100.0;0.31825015;168.30824;1887.2885;29.047834;-0.022985041;0.0;0.12877584;0.12877584;0.0;29.043167;158.2589;686.51666;-65.19222;6240.9434;-17.995556;-74.09111
1950-01-13;-11.739726;-13.381469;-10.60274;734.6626;1.2735348;178.24974;100.0;0.3363451;170.71776;1969.1162;14.797119;-0.05010888;0.0;0.12809038;0.12809038;0.0;14.789798;330.36334;1425.6522;-302.08057;5812.771;-39.238888;-131.27222
1950-01-14;-16.80031;-18.923128;-14.042313;733.4245;1.3210822;146.7411;100.0;0.34702432;173.19984;2006.5918;1.1525333;-0.034295022;0.0;0.12740493;0.12739748;0.0;1.1452771;737.2761;3174.62;-1426.5594;4099.7505;-26.43;-179.97333
1950-01-15;-20.02757;-25.628326;-21.335173;737.51324;0.90542823;57.85907;100.0;0.34739605;179.8421;1933.1461;0.01475215;-0.020001084;0.0;0.12671947;0.12671202;0.0;0.014770776;864.06335;3618.96;-1538.7739;3379.1736;-14.985556;-108.636665
1950-01-16;-18.939325;-26.7304;-26.51169;738.2768;0.9887163;64.2665;100.0;0.34740308;183.72589;1892.0084;0.0;0.0029411167;0.0;0.12603402;0.12603402;0.0;0.0;898.9361;3664.2488;-1346.4294;3273.6228;2.9344444;36.482224
1950-01-17;-16.713158;-27.311127;-27.44818;742.9633;1.1823438;72.2958;100.0;0.34741256;186.62856;1862.793;0.0004351138;0.0048726797;0.0;0.12537837;0.12537092;0.0;0.0;924.7111;3670.5056;-1012.2967;3685.3127;4.23;84.95333
1950-01-18;-12.331264;-22.440641;-25.214396;746.06866;1.1468065;87.888756;100.0;0.3474268;189.64288;1833.2113;0.00085234636;0.018719584;0.0;0.12472272;0.12471527;0.0;0.0;950.05664;3675.6533;-891.5311;4068.809;14.72;108.35555
1950-01-19;-10.8112755;-18.980803;-23.039804;746.519;1.0827948;121.068535;100.0;0.3474532;193.15167;1800.2115;0.0021581517;0.028408132;0.0;0.12406707;0.12405962;0.0;0.0;983.9044;3712.699;-984.4056;4125.0723;22.268888;96.40667
1950-01-20;-10.142886;-17.187834;-21.699554;744.0031;0.7402106;269.88425;100.0;0.34748366;196.99901;1765.2994;0.010195373;0.02572406;0.0;0.12341142;0.12341887;0.0;0.006340444;1010.10443;3719.7544;-1002.6889;4185.3667;20.171112;51.93667
1950-01-21;-11.484463;-12.994603;-18.156143;739.1624;0.59286124;259.92838;100.0;0.35376862;194.41566;1817.4642;19.525175;0.027049333;0.0;0.12278557;0.12277812;0.0;19.523066;305.055;1131.6489;295.4039;6049.317;21.122223;15.5211115
1950-01-22;-9.634898;-10.819362;-12.416274;736.874;0.6063272;207.53459;100.0;0.38451055;175.87563;2182.2917;31.842611;0.018890947;0.0;0.12214482;0.12214482;0.0;31.838287;279.19888;1203.4445;123.068886;6329.151;14.87;-35.006668
1950-01-23;-10.200745;-11.685897;-10.340648;739.09344;0.7751701;216.65196;100.0;0.40511954;176.15785;2304.8503;5.1686344;-0.027501956;0.0;0.12153387;0.12151897;0.0;5.163297;562.2072;2430.729;-378.65277;5835.3887;-20.843334;-130.78778
1950-01-24;-11.499634;-13.229603;-10.291238;734.84406;1.001543;196.71379;100.0;0.42044032;181.12433;2321.818;18.211514;-0.0754185;0.0;0.12089312;0.12089312;0.0;18.200441;333.20166;1444.9689;-362.48;5785.8296;-58.918888;-144.44444
1950-01-25;-14.076625;-17.195868;-12.880249;734.47784;0.94721156;61.474747;100.0;0.42658496;189.58592;2254.2317;1.0813837;-0.06202236;0.0;0.12028217;0.12026727;0.0;1.0745823;679.1272;2894.831;-804.2789;5044.556;-47.74222;-153.83444
1950-01-26;-15.28358;-19.155128;-14.659335;733.7002;1.1085894;60.23341;100.0;0.42821947;197.16078;2174.5605;1.8895298;-0.07894449;0.0;0.119656324;0.119656324;0.0;1.8869267;695.045;2903.6467;-727.1272;4966.3423;-61.125557;-146.27112
1950-01-27;-17.802534;-23.061018;-17.313126;733.12445;1.5171046;27.208138;100.0;0.42925712;203.35414;2113.4033;0.18754601;-0.056611374;0.0;0.11904538;0.119037926;0.0;0.18488988;936.6578;3840.9333;-1519.9255;3772.6367;-43.390556;-120.236664
1950-01-28;-17.845123;-26.242783;-22.73403;739.4626;0.93721396;160.57387;100.0;0.42926466;208.235;2063.029;0.0023484225;-0.008357689;0.0;0.11843443;0.11844188;0.0;0.000230968;1031.7128;4115.9478;-1572.8467;3272.377;-5.9522223;-34.055557
1950-01-29;-17.013899;-21.283495;-24.719933;743.614;0.86573046;295.1071;100.0;0.42929423;211.59113;2030.1514;0.02950728;0.02413895;0.0;0.117853284;0.11784583;0.0;0.025585294;1033.6505;4020.1023;-1145.8511;3710.205;18.961666;-23.331112
1950-01-30;-14.898398;-18.779428;-23.402956;743.7783;0.7742689;295.97238;100.0;0.4293671;214.73045;2001.058;0.115683645;0.02925191;0.0;0.11725724;0.11725724;0.0;0.11095777;1055.9495;4006.4055;-908.2361;4159.401;23.012222;-20.886667
1950-01-31;-12.785648;-14.555474;-19.247301;742.03516;0.7607174;238.88252;100.0;0.43054882;216.9212;1985.555;2.155198;0.030386262;0.0;0.11667609;0.11668354;0.0;2.1507852;763.0833;2858.2988;-108.205;5543.289;23.87111;-71.664444
1950-02-01;-12.333221;-16.56545;-16.118776;739.2871;0.7216261;170.90552;100.0;0.43271995;218.97003;1977.9053;1.243192;-0.00166893;0.0;0.116080046;0.1161024;0.0;1.2398474;1045.4417;3967.2534;-1024.7478;4599.2217;-1.0744444;-107.97222
1950-02-02;-11.907891;-14.250023;-14.708122;734.55865;0.74385864;59.023884;100.0;0.43977168;216.18324;2033.4879;12.043735;0.0048140064;0.0;0.1155138;0.1155287;0.0;12.038462;386.06833;1516.7522;-28.263334;5936.7627;3.8144445;-39.78
1950-02-03;-12.735443;-14.642128;-12.558403;734.3457;1.1491936;202.43262;100.0;0.4518138;210.4746;2144.3684;15.93699;-0.081898645;0.0;0.11494756;0.11496246;0.0;15.928395;580.2889;2433.7688;-140.89833;5913.691;-64.31;-248.16112
1950-02-04;-14.274078;-16.392145;-12.150838;728.7537;1.2047999;193.1136;100.0;0.46797502;200.52538;2333.9436;7.02616;-0.07786043;0.0;0.114411116;0.114411116;0.0;7.018991;730.16223;3149.9443;-727.74835;5217.569;-61.174446;-267.58112
1950-02-05;-19.190914;-24.235626;-16.629597;732.82446;1.2353966;130.45634;100.0;0.47093204;205.88182;2287.8418;4.595566;-0.08817203;0.0;0.11385977;0.11385232;0.0;4.5913234;1028.7189;4343.027;-1181.6161;4187.4497;-69.28;-269.79556
1950-02-06;-16.030485;-20.009844;-16.769943;734.0965;1.4919947;29.657133;100.0;0.48084912;200.2871;2399.8616;8.1855;-0.054413453;0.0;0.11330843;0.11330843;0.0;8.178334;467.9389;2005.1455;-543.6983;5058.382;-42.781113;-70.98556
1950-02-07;-14.80795;-24.633017;-20.277557;745.5408;1.0392271;63.496334;100.0;0.48350105;204.02016;2372.0295;0.0008523463;-0.0055301934;0.0;0.11277199;0.11276454;0.0;0.0;1096.3167;4596.8047;-1641.0717;3397.8118;-4.1844444;-40.54111
1950-02-08;-12.279845;-25.8609;-22.527283;750.6381;1.1948038;33.904194;100.0;0.48350024;208.84503;2316.6096;0.0017142629;-0.0018626451;0.0;0.112220645;0.112220645;0.0;0.0;1140.2811;4653.479;-1364.6705;3653.6123;-1.2755556;61.49222
1950-02-09;-8.315539;-25.459955;-22.20388;748.7325;0.86742705;183.35643;100.0;0.48350418;213.14647;2270.0603;0.0030007558;-0.001238659;0.0;0.1116842;0.1116842;0.0;0.0;1168.2816;4643.048;-1348.6772;3747.0557;-0.99222225;87.57445
1950-02-10;-10.445938;-27.963959;-22.116638;743.5887;0.5797503;275.00085;100.0;0.48349848;217.28285;2226.9287;0.0008808278;-0.012441538;0.0;0.11114776;0.11116266;0.0;0.0;1146.6494;4444.5044;-1168.7245;3958.1028;-9.788333;-8.315556
1950-02-11;-11.8008995;-23.843237;-21.694946;742.10956;0.70442486;270.34146;100.0;0.48349258;221.30206;2186.4421;0.00042617318;0.0015655532;0.0;0.11064112;0.11063367;0.0;0.0;1223.2544;4622.171;-1263.225;3884.3926;1.2044444;-27.447779
1950-02-12;-11.910562;-21.245554;-20.778187;744.1682;1.0225731;37.235718;100.0;0.48353624;225.24445;2148.6003;0.05045533;0.008115545;0.0;0.11011958;0.11010468;0.0;0.04915893;1226.6744;4526.257;-1188.4994;4081.01;6.2988887;-11.79
1950-02-13;-8.676497;-20.391947;-20.093103;747.8885;1.0589795;69.17783;100.0;0.48355925;229.28644;2110.6365;0.00085532654;0.008910894;0.0;0.10959804;0.10959804;0.0;0.0;1351.1372;4867.5645;-1378.6711;3930.8877;6.928889;43.655556
1950-02-14;-8.568428;-18.655886;-18.823631;747.8105;1.1475639;71.19968;100.0;0.4835694;233.44073;2073.4456;0.0012874602;0.015342608;0.0;0.1090914;0.10908395;0.0;0.0;1370.385;4823.6245;-1379.2161;4063.8623;11.925555;30.368889
1950-02-15;-9.930608;-20.418684;-18.483671;750.3044;1.6651238;16.877916;100.0;0.48358122;237.64418;2036.9873;0.0004261732;0.0007208437;0.0;0.10858476;0.10858476;0.0;0.0;1442.3033;4962.1143;-1542.7639;3878.0417;0.46555555;52.774445
1950-02-16;-6.780084;-22.131586;-17.749222;750.02563;1.1017376;198.02147;100.0;0.48357606;241.76007;2002.1973;0.00085532654;-0.011308119;0.0;0.10807812;0.10807812;0.0;0.0;1490.5945;5015.1855;-1531.0083;3989.1292;-8.92;47.737778
1950-02-17;-8.015957;-21.445541;-17.213446;744.37305;0.98101264;249.43738;100.0;0.48356387;245.84503;1968.6686;0.040142074;-0.024557114;0.0;0.107586384;0.10757148;0.0;0.038854778;1521.8094;5010.3633;-1399.7128;4189.308;-19.344444;-24.803333
1950-02-18;-9.61176;-19.229065;-16.668861;745.2993;1.0627165;236.16992;100.0;0.48358533;249.87628;1937.4594;0.0005751848;-0.009715557;0.0;0.107079744;0.107087195;0.0;0.00014156103;1573.5261;5076.0835;-1589.4806;3976.0334;-7.733333;-60.685555
1950-02-19;-6.6338906;-15.437327;-15.317395;746.84186;0.94968194;124.27213;100.0;0.48358503;253.9645;1906.0465;0.0;0.01504831;0.0;0.10660291;0.106588006;0.0;0.0;1586.3628;5011.739;-1381.3334;4433.022;11.737778;-37.415554
1950-02-20;-4.9809356;-14.503501;-13.686134;748.5887;0.8453362;172.19533;100.0;0.48359033;258.35904;1873.4131;0.0012845173;-0.009646639;0.0;0.10611117;0.10610372;0.0;0.0;1603.79;4963.849;-1332.8138;4650.0713;-7.657778;-42.76
1950-02-21;-6.068685;-10.9298525;-11.581227;743.9209;0.67539626;175.79402;100.0;0.48871648;258.29654;1890.4215;20.756126;-0.02158247;0.0;0.10563433;0.10562688;0.0;20.736206;916.3478;2795.6777;-395.31332;5875.6;-17.02111;-27.22889
1950-02-22;-6.0252175;-7.2725425;-8.117045;742.783;0.6894682;223.05794;100.0;0.51017267;243.9199;2092.6921;6.550468;-0.021090731;0.0;0.10514259;0.105150044;0.0;6.546598;659.91223;2806.4172;-210.865;6351.8735;-16.636667;-132.21556
1950-02-23;-5.174154;-6.306122;-6.336202;747.8309;1.0021749;214.62854;100.0;0.5129601;251.41046;2042.7246;1.9355799;-0.043308362;0.0;0.10468066;0.10468066;0.0;1.9182228;791.81946;3307.7734;-483.42166;6174.2324;-34.075554;-164.92444
1950-02-24;-5.2863564;-6.3789062;-5.4281716;748.2989;0.9898515;207.269;100.0;0.5164371;258.1439;2001.2614;9.163695;-0.05510077;0.0;0.10420382;0.10421127;0.0;9.007815;488.83722;2008.5294;-226.80722;6512.472;-43.39111;-133.84555
1950-02-25;-3.6074727;-5.1837974;-4.541055;746.4091;1.0971643;193.86827;100.0;0.52901655;258.77475;2045.166;10.036453;-0.07177051;0.0;0.103756785;0.103741884;0.0;9.572357;721.87;3064.406;-349.50665;6470.789;-56.47111;-154.38889
1950-02-26;-3.5743713;-4.30056;-3.3587825;742.6186;0.67892504;165.30925;100.0;0.543934;260.16635;2090.6575;15.570545;-0.059181824;0.0;0.10327995;0.10327995;0.0;15.350375;426.72778;1827.5967;-191.15778;6752.406;-46.558887;-128.54222
1950-02-27;-3.7674053;-5.2000756;-3.1796353;745.76886;0.65719044;228.64116;100.0;0.55127436;266.6898;2069.4988;1.8069893;-0.105580315;0.0;0.10283291;0.10282546;0.0;1.7987043;956.8;4024.525;-645.8039;6257.3364;-83.11;-236.76
1950-02-28;-3.3528748;-9.55743;-4.1619363;750.5174;0.9546612;120.93329;100.0;0.5518116;276.1494;2000.4476;0.0042354567;-0.13474561;0.0;0.10237098;0.10237098;0.0;0.0025182962;1306.164;5260.185;-1528.6616;5058.012;-105.587776;-221.96777
1950-03-01;-0.32577515;-11.627418;-6.732971;752.0984;1.0099205;49.317394;100.0;0.5517449;283.55142;1947.6725;0.0017183784;-0.049480237;0.0;0.10192394;0.10191649;0.0;0.0;1435.414;5585.9453;-1628.7556;4737.375;-38.415554;-58.942223
1950-03-02;0.08230591;-13.00805;-7.478536;751.1477;0.89723897;163.17206;100.0;0.5516972;289.49023;1907.2266;0.00086863106;-0.068012625;0.0;0.10147691;0.10146946;0.0;0.0;1472.6244;5569.217;-1378.6189;5039.9844;-52.935555;-69.54444
1950-03-03;0.54990643;-11.682942;-7.165151;751.0256;0.64869547;272.00217;100.0;0.5516363;295.01205;1871.5006;0.0017223201;-0.05915016;0.0;0.10101497;0.10102987;0.0;0.0;1521.535;5589.9927;-1420.2905;5050.778;-45.97167;-97.96
1950-03-04;0.15986125;-4.085327;-6.7221885;752.2717;0.83530027;178.6638;100.0;0.55158246;300.35806;1838.4603;0.0038027763;0.03305357;0.0053197145;0.10588765;0.10058284;0.10513142;0.0;1491.1614;5318.1104;-1166.5161;5402.511;26.321112;-108.57667
1950-03-05;-0.66660565;-3.55071;-5.112732;750.439;0.7927665;223.10663;100.0;0.55306405;304.5153;1817.0166;9.605194;-0.0253506;0.017672777;0.11780858;0.100150704;0.23039803;9.02554;1134.9392;3925.8066;-541.935;6313.813;-19.673334;-107.17778
1950-03-06;-2.686676;-3.2464397;-2.7643127;742.88666;0.94079494;208.86261;100.0;0.57259476;295.99316;1934.2041;23.862743;-0.05180016;0.029295683;0.12901425;0.09971857;0.111848116;22.101883;350.4044;1412.8986;-167.595;6844.671;-40.644444;-101.735275
1950-03-07;-4.160685;-5.4364457;-2.8107288;738.73065;1.428604;200.50342;100.0;0.58821017;292.10742;2014.1602;16.40718;-0.21914765;0.0;0.09930134;0.09927899;0.0;16.369942;1211.3914;5042.239;-801.80664;6077.556;-171.93556;-375.87332
1950-03-08;-5.705845;-7.071234;-3.5017917;735.8689;1.3518767;184.96284;100.0;0.6136921;279.4476;2196.4111;15.209633;-0.17188954;0.0;0.0988543;0.098861754;0.0;15.171636;858.1625;3707.1455;-776.16833;5981.398;-134.91888;-292.50446
1950-03-09;-7.7983727;-9.320767;-5.440735;739.0595;2.0302145;211.40819;100.0;0.62029666;282.72656;2195.5566;6.6927223;-0.24875718;0.0;0.09843707;0.09843707;0.0;6.6763573;1075.7859;4515.7544;-632.5306;5928.0137;-195.40666;-475.2322
1950-03-10;-6.0268617;-7.0684676;-5.4171433;740.998;1.3651031;209.07768;100.0;0.6322227;280.8893;2250.4475;14.816642;-0.13309717;0.0;0.09801984;0.09801984;0.0;14.807675;665.29474;2833.456;-215.51445;6511.0005;-104.50389;-279.6189
1950-03-11;-4.625357;-5.9835677;-4.7054;743.4604;0.84435266;208.07622;100.0;0.64297175;280.03287;2298.2178;3.3278406;-0.1226766;0.0;0.097602606;0.097595155;0.0;3.3232422;1060.5056;4545.01;-679.5639;6077.76;-95.99778;-272.4289
1950-03-12;-4.130066;-10.548625;-5.9443054;746.41364;0.97882223;104.89597;100.0;0.6434483;287.95605;2236.9385;0.0014960765;-0.07808581;0.0;0.09718537;0.09718537;0.0;0.0006556511;1490.87;6226.371;-1786.6283;4587.693;-60.605556;-218.71666
1950-03-13;-3.0458477;-12.773534;-8.3463335;748.24347;1.0863167;76.68975;100.0;0.6434007;294.25977;2188.3953;0.0025749195;-0.049185008;0.0;0.09676814;0.09678304;0.0;0.0;1540.7448;6262.968;-1606.405;4625.1885;-37.854443;-148.93889
1950-03-14;-2.9818928;-14.123886;-8.831981;748.12225;1.1052908;70.382225;100.0;0.64334947;299.47983;2150.1465;0.00042617318;-0.07111393;0.0;0.09636581;0.09637326;0.0;0.0;1507.0309;5970.029;-1553.0472;4699.653;-55.11;-137.27667
1950-03-15;-3.743632;-16.01209;-10.046936;748.11835;1.0740799;51.639866;100.0;0.64330083;304.01498;2117.513;0.0012857681;-0.05125627;0.0;0.09596348;0.09597093;0.0;0.0;1667.0297;6434.37;-1730.6603;4369.434;-39.494446;-127.05666
1950-03-16;-4.2718606;-13.501477;-10.53597;749.0467;1.2882154;36.703075;100.0;0.6432698;307.98633;2089.803;0.0;-0.030432828;0.0;0.09556115;0.0955686;0.0;0.0;1714.7722;6455.533;-1711.4586;4386.7065;-23.233334;-129.98889
1950-03-17;-4.200792;-13.683475;-10.748271;746.65405;1.0892943;53.59637;100.0;0.64325;311.63672;2065.918;0.0004351138;-0.02926495;0.0;0.09517372;0.09517372;0.0;0.0;1772.3269;6512.2217;-1677.7556;4433.283;-22.312222;-143.93083
1950-03-18;-4.439695;-10.380269;-10.375594;745.26337;0.94002634;84.29861;100.0;0.64324886;315.10092;2043.0094;0.18107593;-0.02149865;0.0;0.094771385;0.094778836;0.0;0.15986711;1660.3641;5960.0767;-1360.7278;4857.8364;-16.993334;-158.35777
1950-03-19;-4.5309854;-7.8359604;-9.086013;747.14984;0.9207842;178.1606;100.0;0.6442939;317.52768;2030.6803;1.12454;-0.09420887;0.0;0.094398856;0.094383955;0.0;1.059398;1609.4059;5762.8047;-1243.1875;5107.229;-74.28445;-216.84
1950-03-20;-4.5048957;-11.477551;-8.33403;747.99567;0.9480433;50.216503;100.0;0.6444749;321.05533;2008.8297;0.00860095;-0.051378272;0.0;0.093996525;0.093996525;0.0;0.0077597797;1864.9442;6551.2246;-1669.0723;4708.11;-40.491665;-230.11945
1950-03-21;-4.0066223;-12.462846;-8.994212;746.8164;1.0052685;71.53566;100.0;0.64442354;324.59732;1986.5723;0.0012784867;-0.06306637;0.0;0.093609095;0.093616545;0.0;0.0;1959.0575;6722.447;-1862.9142;4378.554;-49.684444;-189.29333
1950-03-22;-3.3744304;-12.608422;-8.356761;746.69794;1.0056664;100.788704;100.0;0.64433116;327.94174;1966.3492;0.002488494;-0.12234133;0.0;0.093236566;0.093236566;0.0;8.940697e-05;1790.0906;6004.967;-1389.555;5030.3765;-96.30334;-171.41667
1950-03-23;-2.6919453;-9.827138;-7.585748;747.8007;0.94266206;101.903404;100.0;0.644242;331.33725;1945.5973;0.00085603545;-0.06184168;0.0;0.092849135;0.09286404;0.0;0.0;2022.2433;6640.2495;-1679.1128;4750.3296;-48.712223;-172.53612
1950-03-24;-2.5778809;-9.580943;-6.6851196;747.00854;0.9598164;90.91265;100.0;0.6441589;334.7819;1925.3744;0.0025153158;-0.112516806;0.0;0.09247661;0.09248406;0.0;0.00037252903;2015.7289;6479.8667;-1529.0355;5003.9653;-88.60889;-176.24777
1950-03-25;-1.9471334;-7.34552;-4.756531;744.4112;0.8902294;167.50987;100.0;0.64525384;337.34766;1913.8998;2.2579372;-0.1812689;0.0;0.09211898;0.09211153;0.0;1.932837;1771.7478;5705.8154;-1026.4623;5817.489;-142.69556;-202.85667
1950-03-26;-3.3273723;-5.560964;-3.6332386;742.5583;0.93727666;188.37128;100.0;0.64839035;339.00455;1913.4928;4.7250304;-0.20632893;0.0;0.09174645;0.09174645;0.0;4.255757;1760.3922;5771.383;-1126.4875;5694.642;-162.11;-325.01556
1950-03-27;-5.573517;-7.0855384;-3.4634907;743.81683;1.1230415;223.42201;100.0;0.65260834;339.37598;1923.5433;4.374974;-0.2940092;0.0;0.09137392;0.09137392;0.0;4.3415504;1520.24;5306.237;-1083.3744;5703.348;-230.92444;-456.82443
1950-03-28;-5.282511;-10.211685;-4.7621675;744.36884;0.8340331;196.10121;100.0;0.6550774;340.34863;1925.7406;0.7813722;-0.28217956;0.0;0.09100139;0.09101629;0.0;0.77969205;1899.0261;6864.9326;-1600.9983;4974.5576;-221.28166;-356.30777
1950-03-29;-4.7842407;-5.6409583;-4.8158174;741.836;0.81965977;151.44249;100.0;0.66921085;329.1045;2032.0638;23.586391;-0.053837895;0.0;0.090658665;0.090651214;0.0;23.551472;465.62888;1835.6716;-218.80112;6591.7407;-42.22111;-131.80888
1950-03-30;-4.4007163;-8.885957;-4.7328086;745.09326;0.78797483;64.17581;100.0;0.67986804;323.6631;2102.2136;0.46581924;-0.13074465;0.0;0.09030104;0.090293586;0.0;0.35669282;1486.0344;6259.818;-1408.1956;5215.6064;-102.08;-331.34555
1950-03-31;-1.7300619;-11.364362;-6.533377;749.9123;0.97668415;93.47454;100.0;0.6799598;328.12955;2073.9338;0.0012814989;-0.06357953;0.0;0.08994341;0.08993596;0.0;0.0;1784.7922;7280.802;-1806.7028;4583.108;-49.004444;-211.49889
1950-04-01;1.5036112;-11.471175;-6.70075;751.8991;1.0610186;126.27964;100.0;0.6798983;332.07388;2048.869;0.00085532654;-0.07942878;0.0;0.08957088;0.08958578;0.0;0.0;1806.3545;7156.5215;-1541.3672;5010.4487;-61.39111;-141.00111
1950-04-02;2.767873;-11.5996475;-6.1982217;753.87494;1.069806;94.28759;100.0;0.67983276;336.03745;2024.6176;0.0021457653;-0.084631145;0.0;0.08922815;0.08922815;0.0;0.0;1906.01;7312.229;-1767.897;4777.311;-65.43445;-118.35111
1950-04-03;3.1427307;-14.992587;-6.437719;754.04193;1.0372093;165.99214;100.0;0.6797468;339.9642;2001.2207;0.0004351138;-0.11576153;0.0;0.088870525;0.088877976;0.0;0.0;2015.9;7451.291;-1793.9462;4750.306;-89.888885;-114.24778
1950-04-04;3.6938477;-12.523967;-5.326935;751.44135;1.0930167;81.63229;100.0;0.6795263;343.95932;1977.7426;0.11596084;-0.12279302;0.018388033;0.10691583;0.0885278;0.30126795;0.0;1907.0623;6798.4346;-1238.1812;5564.539;-95.42;-124.23222
1950-04-05;3.843455;-9.156505;-3.2928822;749.96893;1.0359434;100.4927;100.0;0.6787898;348.46158;1951.0092;0.26879925;-0.12021512;0.08171797;0.16990304;0.08818507;1.1159517;0.0;2021.25;6941.919;-1151.1528;5841.579;-93.113335;-179.94444
1950-04-06;2.7137349;-4.0454307;-1.5111681;749.4231;0.8779464;116.67273;100.0;0.67732316;353.75064;1918.0502;0.79577565;-0.054124743;0.17881393;0.26667118;0.087842345;2.0701513;0.0;1633.2217;5405.281;-753.0161;6388.6436;-41.331112;-179.46333
1950-04-07;-0.038798016;-2.6285603;-0.30732346;748.3195;0.8301917;92.10638;100.0;0.6776064;361.18945;1879.3945;6.577558;-0.07231347;0.7003248;0.7878542;0.08749962;3.632441;0.032704324;1560.2333;4503.5864;-816.9825;6393.191;-55.835556;-209.22
1950-04-08;-0.10417684;-2.7978618;-0.18007915;746.79364;0.6866408;137.40833;100.0;0.67431885;367.29428;1838.9486;3.7248135;-0.17721951;0.9469688;1.0341257;0.08717179;9.156903;0.3130436;2030.4711;5335.908;-1147.0884;6005.0522;-138.16777;-265.72446
1950-04-09;-0.9866231;-5.236837;-0.27209854;747.7452;0.865488;234.06885;100.0;0.6681039;373.05923;1793.7012;0.21241009;-0.49514323;0.5708337;0.65767765;0.08683652;5.142415;0.090293586;2880.5605;7047.959;-1653.878;5444.59;-388.00333;-407.23666
1950-04-10;-0.44407144;-6.3179526;-0.35424042;748.50824;0.99705714;268.84067;100.0;0.6632649;379.58823;1750.2035;0.024614252;-0.6088149;0.43809414;0.5246103;0.08650869;3.8633122;0.00044330955;3228.4856;7464.0767;-2057.2507;4962.6743;-477.36;-375.62
1950-04-11;-0.7275899;-4.1294045;-0.30406317;747.5918;0.6376674;81.239235;100.0;0.664547;382.96582;1736.3688;14.870906;-0.22569858;0.46179444;0.5479753;0.08618832;0.20781718;8.610465;1511.2994;3399.2505;-803.2314;6355.5127;-176.88667;-148.51889
1950-04-12;-1.5731302;-3.1854656;-0.089538574;746.3877;0.975245;265.99088;100.0;0.6774265;371.43588;1825.1547;10.256725;-0.27452224;0.71044266;0.79631805;0.08586049;4.3653173;7.552996;1747.4133;6014.6567;-998.5089;6161.6387;-214.71666;-407.25
1950-04-13;-1.8798624;-4.96993;-0.23118718;746.512;1.0630203;133.69386;100.0;0.67500764;375.14713;1802.1647;0.010594726;-0.4441533;0.37829578;0.46384335;0.08554757;3.0421858;0.005699694;2458.162;7324.262;-1630.8464;5436.06;-347.7622;-494.37555
1950-04-14;-1.7407633;-8.812093;-0.42677817;746.072;0.89658695;46.398327;100.0;0.67231625;381.6263;1764.7705;8.940697e-05;-0.3688559;0.2335608;0.31879544;0.08524209;1.8563606;4.8428774e-05;2799.6707;7461.208;-1944.1455;5053.1646;-288.05777;-372.34888
1950-04-15;-0.4809977;-6.760183;-0.38236618;747.3714;0.96864516;80.58503;100.0;0.6686738;388.84213;1722.6156;0.0009924173;-0.30852294;0.5994439;0.68438053;0.08493662;4.6945324;0.0;2944.2673;7244.4717;-1892.3959;5170.0234;-240.62222;-315.40222
1950-04-16;0.70322675;-5.551005;-0.28234354;748.7983;0.9602677;89.940285;100.0;0.6624798;395.7002;1676.9613;1.2586296;-0.33631083;0.9703934;1.0550469;0.084638596;7.1361885;0.013221055;3232.5657;7499.6924;-1573.9255;5645.83;-262.38556;-319.40445
1950-04-17;0.5657857;-2.4263508;-0.106980644;749.85767;1.0106174;67.11213;100.0;0.6516784;400.47818;1629.8422;1.0337234;-0.16159937;2.401203;2.4855435;0.08434802;15.049625;0.00019744039;2897.881;6435.453;-1388.0627;5872.8965;-125.39333;-280.17334
1950-04-18;1.0037537;-3.3757935;-0.22062938;751.22266;1.0604328;69.689156;100.0;0.6377258;405.23438;1576.294;0.0018119809;-0.175355;3.044963;3.1290503;0.08407235;13.764393;0.00010430813;3403.8018;7313.1562;-1695.5884;5511.9565;-135.59555;-318.98334
1950-04-19;2.3874817;-4.9561563;-0.23417027;751.90265;1.0622588;66.60755;100.0;0.6228047;410.82715;1519.0023;0.0;-0.14340319;3.9320588;4.015893;0.08382648;15.741216;0.0;3723.9695;7798.2974;-1809.4266;5442.564;-110.15111;-261.6422
1950-04-20;2.8295288;-4.6725364;-0.20822017;752.4495;1.1121372;56.14909;100.0;0.60602814;416.32193;1458.4147;0.00044107434;-0.13381615;5.4208336;5.504489;0.08364767;17.230913;0.0;3819.1106;7842.3667;-1792.0494;5496.3;-102.56111;-256.71
1950-04-21;2.10554;-2.4148762;-0.17032878;751.9255;1.1650711;59.784134;100.0;0.5884036;421.52344;1398.4781;0.042706728;-0.13604668;5.7499857;5.866647;0.11666119;17.621319;0.0;3609.2034;7300.824;-1395.9078;5959.689;-104.53389;-284.00223
1950-04-22;0.4526876;-2.2723897;-0.12960434;749.143;1.0507118;58.690105;100.0;0.5698293;425.59146;1341.5121;1.5062392;-0.3029052;6.673172;6.816983;0.1438111;18.387053;0.0022128224;3461.0894;6922.0244;-1231.5631;6119.052;-231.15222;-365.74
1950-04-23;1.7743835;-3.5141602;-0.18487549;749.09863;1.0912825;98.42234;100.0;0.55144346;429.89975;1285.2377;0.0022947788;-0.3245566;6.265849;6.4215364;0.15567988;18.57606;0.0023059547;3945.547;7816.85;-1650.4752;5647.0415;-246.21388;-362.42334
1950-04-24;3.2322083;-3.1093445;-0.17096584;750.8593;1.1492442;133.94362;100.0;0.53345597;434.44955;1230.0619;0.37655234;-0.17041713;5.7044477;5.85404;0.14959276;17.695396;0.0;3134.047;6165.1084;-1141.5538;6197.5156;-126.295555;-171.70444
1950-04-25;3.5143127;-3.2405498;-0.16181056;752.39325;1.3195499;23.505516;100.0;0.51367134;438.8854;1172.6481;0.0045597553;-0.21040532;7.2616935;7.720023;0.4583001;21.317595;0.0;3935.0066;7697.954;-1557.9116;5838.903;-155.67223;-204.6011
1950-04-26;2.818166;-1.558258;-0.15493011;752.76385;1.3716192;28.658792;100.0;0.49210358;442.93066;1112.8336;0.0035464764;-0.18401724;7.7367945;8.505792;0.7690117;21.578226;5.2154064e-05;3939.0518;7670.7744;-1495.7892;5876.0244;-135.01666;-265.08334
1950-04-27;2.241272;-1.5546671;-0.13310115;750.42755;1.205979;54.765747;100.0;0.4713948;446.99023;1056.2338;1.1387646;-0.17258245;7.8654885;8.772388;0.9069145;19.631844;0.00059604645;3571.6094;6931.797;-1211.4647;6214.2476;-127.41167;-256.72
1950-04-28;2.2697651;-0.91453046;-0.10478338;750.6202;1.1708766;63.458157;100.0;0.4510808;449.58984;1004.3132;0.3594637;-0.2109725;8.234769;9.283334;1.0485649;20.962793;0.0013485551;3504.3872;6781.67;-1138.4584;6272.371;-157.74556;-296.33112
1950-04-29;2.5686035;-1.7234598;-0.13693619;750.77594;1.1946815;57.334957;100.0;0.43020782;450.0;957.03125;0.0014692545;-0.3485065;8.375049;9.516582;1.1415333;20.752735;0.0;3741.4434;7224.4087;-1396.8181;5969.0327;-252.32889;-188.2089
1950-04-30;2.8274333;-2.6735127;-0.12821834;748.18384;1.3181188;41.426785;100.0;0.4103725;450.0;913.08594;0.74227667;-0.5441215;7.7952;9.010866;1.2156516;19.214403;0.0;3756.8633;7244.106;-1198.4963;6215.04;-402.08112;-178.70778
1950-05-01;2.1596577;-0.6422526;-0.05247243;746.63916;1.2552078;48.399837;100.0;0.39133513;450.0;870.3206;1.289624;-0.29109418;8.593202;9.789676;1.1964738;20.404581;0.00788644;2740.99;5281.5957;-667.7836;6733.5894;-211.28223;-150.9311
1950-05-02;2.4476013;-0.9513448;-0.10856374;746.69354;1.0802962;62.383972;100.0;0.37091514;450.0;824.8291;0.26883832;-0.35591608;9.049148;10.287568;1.2384206;20.604317;0.0014230609;3353.5222;6452.9688;-1084.4159;6331.542;-258.08554;-190.60889
1950-05-03;2.5349324;-0.20363362;-0.15398915;748.65576;1.1430725;61.358047;100.0;0.35113785;450.0;781.0466;2.0489476;-0.26908144;8.835093;9.893298;1.0582358;19.566692;0.0;3267.4534;6281.749;-1089.12;6287.72;-190.82556;-156.4911
1950-05-04;3.6630657;-1.5252075;-0.18681717;751.5433;1.19444;79.00999;100.0;0.3292217;450.0;732.4626;0.0053591765;-0.39977765;10.700777;12.12874;1.4279783;23.419392;0.00010803342;4140.7515;7955.6904;-1536.6644;5836.073;-285.97;-176.99667
1950-05-05;5.5178223;-2.071767;-0.20845413;751.8423;1.0644711;76.502365;100.0;0.30598888;450.0;681.11163;0.003921985;-0.4040506;10.41308;11.827946;1.4148355;23.209513;0.0;4161.332;7991.275;-1487.3872;5945.971;-288.61557;-129.66777
1950-05-06;3.559204;0.28363037;-0.09542338;747.4228;0.8372843;95.06634;100.0;0.2871602;450.0;638.916;9.019881;-0.16438589;9.789854;11.056126;1.2662709;16.644474;0.0;2560.255;4913.465;-606.29944;6848.51;-115.61222;-115.08
1950-05-07;1.8555908;1.1516317;0.008255005;745.01825;0.78261834;198.62756;100.0;0.27275896;450.0;606.8115;11.253789;-0.03605336;9.916544;11.128723;1.2121723;13.019372;0.0022239983;1375.535;2634.3206;-54.274445;7385.852;-23.246666;-103.297775
1950-05-08;2.0510254;0.81414795;-0.022193909;744.9648;0.89076394;272.10745;100.0;0.25415435;450.0;565.91797;2.4912417;-0.39335525;10.504842;12.550205;2.0453632;21.981052;0.00021234155;3307.4634;6342.52;-772.7767;6729.141;-291.2211;-279.4522
1950-05-09;2.6285298;0.5048218;-0.03187688;743.8995;0.93730664;203.67867;100.0;0.23197739;450.0;516.5202;1.2634039;-0.48946682;9.370745;11.133745;1.7630086;22.521734;0.0;3489.8762;6690.5396;-790.17804;6734.289;-363.33444;-237.46889
1950-05-10;2.8108623;1.646993;-0.0023549397;746.72894;0.81745076;243.61302;100.0;0.21028142;450.0;468.3024;4.638383;-0.23367815;11.153921;12.520745;1.3668388;20.954836;0.0;2693.8232;5165.0645;-417.0197;7098.122;-168.74556;-183.13667
1950-05-11;1.4133505;0.6390279;-0.0032691956;747.2148;0.85891193;184.62547;100.0;0.19218333;446.87173;430.58267;18.590027;-0.18822867;14.259487;16.643911;2.384439;16.865366;1.5016608;2181.9666;4184.549;-276.37277;7189.4355;-136.8339;-188.09334
1950-05-12;1.8023275;1.4276428;0.010054271;746.5759;0.5056177;183.59178;100.0;0.18140705;439.7653;412.96387;29.706009;-0.013642944;17.708897;21.208794;3.4999104;10.13118;0.33581257;853.2722;1790.2178;153.1;7554.4346;-7.6583333;-69.314445
1950-05-13;3.1638691;1.8091532;0.0024147034;744.8256;0.6256919;163.46553;100.0;0.16689038;439.723;380.04556;13.324792;-0.0752965;12.226194;16.65899;4.432805;16.309992;0.043854117;1898.6178;3925.4478;-267.54416;7206.1523;-48.898888;-104.23444
1950-05-14;1.5292358;1.0716451;0.008583069;746.5634;0.95363;181.74829;100.0;0.1530606;439.81412;348.83627;9.891841;-0.09412225;9.237707;15.465334;6.2276273;13.369654;0.11755526;1494.0662;3052.8628;-66.59194;7367.7026;-67.06834;-135.74777
1950-05-15;1.7977194;1.2581177;-0.08787664;748.24316;0.8594806;204.3116;100.0;0.13774908;437.73242;315.59244;6.8820148;-0.11647679;9.423733;16.078503;6.654747;16.883545;0.5059205;1986.1372;4100.7124;-306.6189;7121.195;-80.914444;-180.61778
1950-05-16;2.8609416;-0.71429443;-0.3608729;750.0286;1.2059557;208.2085;99.16154;0.11863855;440.9961;270.01953;0.049643923;-0.53604877;8.128688;15.83612;7.7074394;20.827457;0.0;3376.226;6861.9556;-1179.3717;6191.5337;-395.67;-190.51555
1950-05-17;5.429789;-0.23717244;-0.711216;752.62036;1.2076215;130.28777;97.101074;0.096785784;443.73892;219.11621;0.30093193;-0.4428718;9.768412;18.642456;8.874043;22.59653;0.0;3959.4155;7837.3354;-1456.5712;5933.8306;-314.62112;-136.09889
1950-05-18;8.021332;0.65146893;-0.39648947;753.8911;1.2360545;116.45211;95.382484;0.072046995;449.18555;161.66179;0.25542974;-0.47430676;11.209488;21.669106;10.459624;25.81052;0.0;3777.5166;7324.993;-1011.89667;6547.1724;-332.50168;-103.117775
1950-05-19;10.170339;0.8596802;-0.72998303;754.8742;1.056161;76.3977;85.8099;0.045074064;450.0;101.5625;1.7505676;-0.3306586;13.705373;27.264372;13.559006;27.537216;0.0;4272.825;8023.444;-1247.5825;6367.995;-228.11;-194.21445
1950-05-20;9.720825;-0.5475871;-0.9526927;753.01514;1.2213376;137.03517;52.809246;0.023028811;450.0;52.246094;0.07274437;-1.500451;6.356895;20.697847;14.34096;17.629757;0.0;4995.352;7882.5444;-1610.0022;6192.7935;-1044.0756;-228.37334
1950-05-21;10.557393;-1.0760905;-0.93152493;752.6159;1.1491746;121.92785;24.59147;0.010679205;450.0;24.291992;0.011067636;-2.4329536;3.050059;15.896872;12.846798;9.274442;0.0;5953.805;8267.363;-2030.1111;6068.1987;-1691.6511;-448.19666
1950-05-22;10.030223;2.02122;-0.39522806;752.6565;1.0288569;156.30687;10.585124;0.0045913854;450.0;10.294597;2.5021763;-2.3531299;1.8076748;13.113454;11.305787;4.1278377;0.0;4839.408;6341.959;-1362.9595;6977.487;-1634.9177;-447.70557
1950-05-23;9.380239;3.0566711;-0.36862692;748.71124;1.3792787;220.9316;4.1782227;0.0018037161;450.0;4.1503906;2.2110105;-2.9740686;1.069963;11.065781;9.995818;1.8189251;0.0;5592.7563;7120.5923;-2013.9734;6369.4556;-2066.0144;-950.75665
1950-05-24;6.9680276;-0.08605957;-0.7017746;748.59735;1.371491;257.37552;1.6840006;0.00073031586;450.0;1.7496744;0.034101408;-3.1930487;0.1694709;9.090871;8.9214;0.6554052;0.0;6386.368;8048.5923;-2316.0366;5909.931;-2218.6855;-1238.1522
1950-05-25;7.5732217;0.6398926;-0.36181512;751.4924;0.9504946;114.3605;0.70410156;0.00030505657;450.0;0.69173175;0.46538973;-2.9612613;0.13756752;8.165508;8.027948;0.2784431;0.0;5685.016;7130.2666;-2030.4928;6302.4766;-2057.1367;-1015.6211
1950-05-26;7.3892922;2.758545;-0.2136472;753.2985;1.0609198;82.55857;0.2919922;0.00012656052;450.0;-7.146841e-21;2.2509842;-2.5609472;0.40075183;7.678971;7.2782187;0.11541322;0.0;5006.263;6262.4146;-1862.2239;6475.218;-1778.9944;-929.73
1950-05-27;9.33134;2.9499512;-0.10490926;755.4724;1.0532016;51.527042;0.11319987;4.8597652e-05;450.0;-7.146841e-21;1.7606944;-3.5838997;0.32547116;6.966323;6.6408367;0.056724995;0.0;6153.4785;7684.1934;-2026.3184;6585.3022;-2489.6128;-981.98224
1950-05-28;11.400889;1.1163635;-0.090782166;757.3647;1.2881489;40.194218;0.036458332;1.5656153e-05;450.0;-7.146841e-21;0.00084638596;-4.0971136;0.003784895;6.0961246;6.0923395;0.018913299;0.0;6837.358;8526.753;-2591.1938;6065.5312;-2846.129;-852.9078
1950-05-29;12.005687;-0.10991415;-0.11582438;754.6097;1.207497;64.97461;0.01163737;5.00679e-06;450.0;-7.146841e-21;0.017129796;-4.0277514;0.0032484531;5.621448;5.6182146;0.0059716403;0.0;6611.5566;8235.558;-2483.7637;6215.85;-2797.945;-782.38776
1950-05-30;11.541432;0.8550415;-0.09992218;751.2349;1.1160085;102.66073;0.0035807292;1.5894572e-06;435.70996;-7.146841e-21;0.32141805;-3.7268288;0.039100647;5.245596;5.2064805;0.0018551946;0.0;6329.3296;7875.4077;-2329.0432;6410.3687;-2588.9033;-923.8089
1950-05-31;11.298462;-0.69214886;-0.0319163;749.13153;1.2347174;108.1543;0.0009765625;3.973643e-07;428.50488;-7.146841e-21;0.038805604;-3.8275254;0.0044107437;4.850313;4.8459024;0.0005699694;0.0;6382.4087;7933.0044;-2369.7595;6300.181;-2658.8545;-975.7744
1950-06-01;10.756307;1.2456665;0.010080974;748.8564;1.2074727;105.78109;0.0;-7.146841e-25;428.09375;-7.146841e-21;0.30918717;-3.5285187;0.033944845;4.561573;4.527621;0.0001899898;0.0;6239.727;7747.3677;-2255.7388;6467.61;-2451.1433;-1099.9922
1950-06-02;9.246755;3.946452;-0.66326016;748.05743;1.328751;44.475616;0.0;-7.146841e-25;287.89844;-7.146841e-21;4.1492224;-2.8036888;0.55006146;4.796386;4.2463245;5.2154064e-05;0.0;5144.49;6380.8613;-1820.5566;6795.5312;-1947.6289;-1001.04333
1950-06-03;9.721547;4.1240945;-1.0619608;748.612;1.199365;86.80362;0.0;-7.146841e-25;123.46841;-7.146841e-21;0.425148;-2.9503367;0.04351139;4.039958;3.9964318;2.9802322e-05;0.0;5031.6562;6234.0864;-1665.685;7027.8335;-2049.5;-999.7789
1950-06-04;9.090068;3.0090942;-0.10996246;748.5821;1.4780413;122.20011;0.0;-7.146841e-25;103.07843;-7.146841e-21;1.1561184;-2.9805553;0.116705894;3.8885474;3.7718563;3.7252903e-06;0.0;5388.1323;6668.9033;-1768.0333;6842.3354;-2070.4927;-1300.5662
1950-06-05;9.96756;0.50909424;0.009538014;749.7085;1.4842957;139.10777;0.0;-7.146841e-25;99.99998;-7.146841e-21;0.17595291;-3.6045322;0.01733005;3.5852492;3.5679042;0.0;0.0;6557.817;8108.1533;-2336.3083;6296.6294;-2503.9482;-1431.3589
1950-06-06;10.003245;-1.7696737;0.009963989;750.50397;1.4743768;147.54346;0.0;-7.146841e-25;99.99998;-7.146841e-21;0.003618002;-3.51597;0.00031292439;3.3819675;3.3816695;0.0;0.0;6593.235;8143.4043;-2473.3271;6098.733;-2442.4277;-1431.74
1950-06-07;9.645528;-3.0025432;0.009890239;749.04083;1.3959833;193.32646;0.0;-7.146841e-25;99.99998;-7.146841e-21;0.0017166131;-3.4373198;0.00014901161;3.211841;3.211677;0.0;0.0;6764.416;8346.037;-2628.4229;5946.988;-2387.791;-1482.4789
1950-06-08;9.070221;-1.9147949;0.009744008;748.78864;1.3041475;125.95816;0.0;-7.146841e-25;99.99998;-7.146841e-21;0.005396668;-2.967788;0.00047683716;3.0567794;3.0563176;0.0;0.0;6012.253;7410.1235;-2383.185;6162.539;-2061.6233;-1329.7789
1950-06-09;10.111176;-3.2240093;0.01010259;749.87775;1.2500353;177.61682;0.0;-7.146841e-25;99.99998;-7.146841e-21;0.0;-3.334796;0.0;2.9132664;2.9132664;0.0;0.0;7013.406;8635.172;-2841.9106;5796.64;-2316.5723;-1521.44
1950-06-10;9.996562;-4.1885476;0.010019938;751.22845;1.2741646;245.06453;0.0;-7.146841e-25;99.99998;-7.146841e-21;0.0017235706;-3.1247437;0.00014901161;2.7810931;2.7809515;0.0;0.0;7035.7153;8653.613;-2912.016;5729.595;-2170.6555;-1668.4867
1950-06-11;10.317424;-2.4291687;0.010177612;751.34033;1.1921488;142.68051;0.0;-7.146841e-25;99.99998;-7.146841e-21;0.002161186;-3.0785148;0.00016391277;2.6586056;2.6584268;0.0;0.0;7102.4673;8726.57;-2989.1895;5757.489;-2138.5422;-1547.4722
1950-06-12;10.652476;0.038065594;0.010058085;749.8748;0.9825361;81.03061;0.0;-7.146841e-25;99.99998;-7.146841e-21;0.0012765167;-2.6166327;8.940697e-05;2.5450885;2.5449843;0.0;0.0;5998.1807;7361.9243;-2411.8784;6438.365;-1817.6877;-1359.0533
1950-06-13;12.153717;1.3345743;0.009960175;749.8318;1.1542405;75.83111;0.0;-7.146841e-25;99.99998;-7.146841e-21;0.11135936;-2.9102266;0.008329749;2.4477243;2.4394095;0.0;0.0;6803.1274;8341.334;-2691.754;6388.8984;-2021.6367;-1562.5189
1950-06-14;12.149974;2.140208;0.009799957;750.1829;1.0346571;92.24627;0.0;-7.146841e-25;99.99998;-7.146841e-21;0.26821005;-2.6800578;0.019401312;2.3601055;2.3407042;0.0;0.0;6661.2573;8158.83;-2687.7312;6459.9614;-1861.7467;-1617.1389
1950-06-15;12.424235;3.212077;0.009754181;751.28864;1.6049122;39.856243;0.0;-7.146841e-25;99.99998;-7.146841e-21;0.018829107;-2.5415123;0.001385808;2.2499561;2.2485704;0.0;0.0;6696.0566;8192.903;-2725.3633;6434.101;-1765.5044;-1801.5255
1950-06-16;14.018086;1.4971008;0.009695689;748.7845;1.1506053;81.44245;0.0;-7.146841e-25;99.99998;-7.146841e-21;0.01604855;-2.5660973;0.0011175871;2.163142;2.162002;0.0;0.0;6820.964;8344.723;-2848.9583;6462.453;-1782.5823;-1652.5455
1950-06-17;12.269704;0.19332886;0.009923299;746.41675;1.0828269;102.82449;0.0;-7.146841e-25;99.99998;-7.146841e-21;0.31664968;-2.0913389;0.021845102;2.102971;2.0811036;0.0;0.0;5961.255;7291.9067;-2569.4678;6638.037;-1452.7833;-1584.7256
1950-06-18;11.3194475;4.41567;0.010027568;748.6919;1.2307609;59.49882;0.0;-7.146841e-25;99.99998;-7.146841e-21;2.269006;-1.9872831;0.18060207;2.1863282;2.005726;0.0;0.0;5910.017;7228.4355;-2425.5928;6714.6084;-1380.5;-1800.9933
1950-06-19;12.09492;2.6261292;0.010032654;749.3597;1.1756997;77.61081;0.0;-7.146841e-25;99.99998;-7.146841e-21;0.6528944;-2.346823;0.044077635;1.9791275;1.9350574;0.0;0.0;5840.086;7141.8345;-2491.9983;6609.9155;-1630.26;-1439.91
1950-06-20;13.609151;-0.22214763;0.009679158;748.51385;1.2011248;121.59732;0.0;-7.146841e-25;99.99998;-7.146841e-21;0.018849969;-2.5859094;0.0010877848;1.868993;1.8678904;0.0;0.0;6720.944;8218.065;-2808.6338;6433.2705;-1796.3456;-1687.07
1950-06-21;14.2476;-1.6454163;0.009782155;747.4348;1.7525796;153.6173;0.0;-7.146841e-25;99.99998;-7.146841e-21;0.24163127;-2.1861727;0.015944242;1.820147;1.8041879;0.0;0.0;6442.9976;7877.257;-2727.3784;6506.5845;-1518.6611;-1829.4423
1950-06-22;13.050415;-3.0805156;0.010027568;746.9665;1.553948;200.38538;0.0;-7.146841e-25;99.99998;-7.146841e-21;0.018918514;-2.0253527;0.0011622906;1.7451942;1.744017;0.0;0.0;6817.5195;8334.0625;-2983.7988;6152.972;-1406.9445;-2168.4111
1950-06-23;13.251515;-4.2460227;0.01007843;747.09;1.3422165;141.99565;0.0;-7.146841e-25;99.99998;-7.146841e-21;0.00042617318;-1.9981842;2.9802322e-05;1.6867965;1.6867743;0.0;0.0;7146.249;8734.759;-3226.8123;6031.112;-1388.0723;-2112.8188
1950-06-24;13.632304;-1.8093262;0.009897868;747.81494;1.1538674;139.07225;0.0;-7.146841e-25;99.99998;-7.146841e-21;0.050296806;-1.8227566;0.0031888485;1.6355217;1.6323328;0.0;0.0;6889.174;8419.421;-3051.5488;6353.7173;-1266.2089;-2105.1123
1950-06-25;13.752126;-1.2683004;0.010068257;748.3855;1.2018995;121.87573;0.0;-7.146841e-25;99.99998;-7.146841e-21;0.019152755;-1.7529511;0.001206994;1.5818179;1.5806109;0.0;0.0;6753.2856;8252.274;-2999.6294;6499.157;-1217.7167;-2065.83
1950-06-26;13.583507;-0.08213297;0.010274251;748.8825;0.993831;87.73046;0.0;-7.146841e-25;99.99998;-7.146841e-21;0.14403462;-1.5610178;0.008612871;1.5402734;1.5316532;0.0;0.0;6171.0806;7539.87;-2828.9116;6655.641;-1084.3867;-1862.4722
1950-06-27;14.143107;-0.020212809;0.009807587;749.1704;1.3111272;127.65215;0.0;-7.146841e-25;99.99998;-7.146841e-21;0.0017225739;-1.5795529;0.00010430813;1.485154;1.4850423;0.0;0.0;6521.2046;7966.622;-2911.1177;6608.4146;-1097.2633;-2122.5967
1950-06-28;14.715515;-1.2672526;0.009853363;750.10455;1.1999078;97.217094;0.0;-7.146841e-25;99.99998;-7.146841e-21;0.0017018947;-1.6397005;0.00011920929;1.440525;1.4404283;0.0;0.0;6936.908;8473.287;-3123.669;6544.2134;-1139.0455;-2167.3933
1950-06-29;16.986267;1.0725912;0.00990804;750.74176;1.1532215;63.60721;0.0;-7.146841e-25;99.99998;-7.146841e-21;0.0034120285;-1.6688946;0.0001937151;1.3978481;1.3976395;0.0;0.0;7036.7725;8594.288;-3237.7656;6670.7646;-1159.3256;-2036.831
1950-06-30;17.06069;-0.8981323;0.009930928;749.69293;1.3154228;121.835335;0.0;-7.146841e-25;99.99998;-7.146841e-21;0.0012874597;-1.5881323;7.4505806e-05;1.3568103;1.3567283;0.0;0.0;7076.885;8642.148;-3355.6472;6517.682;-1103.2234;-2213.3933
1950-07-01;16.280334;-1.0691427;0.010040283;748.0451;1.0085956;81.68322;0.0;-7.146841e-25;99.99998;-7.146841e-21;0.0021386468;-1.4363024;0.00011920929;1.3179332;1.3178289;0.0;0.0;6387.906;7799.594;-2926.354;6918.749;-997.7511;-1947.4255
1950-07-02;16.646494;1.9780782;0.009927114;749.1917;1.4767276;55.540882;0.0;-7.146841e-25;99.99998;-7.146841e-21;0.0004351138;-1.4187918;2.9802322e-05;1.2807399;1.280725;0.0;0.0;6729.02;8215.273;-3087.8994;6812.609;-985.58777;-2215.828
1950-07-03;17.552652;0.8791199;0.009744008;749.3149;1.3652859;92.5843;0.0;-7.146841e-25;99.99998;-7.146841e-21;0.0;-1.4312761;0.0;1.2450814;1.2450963;0.0;0.0;6752.077;8242.293;-3126.78;6845.0024;-994.26;-2136.9067
1950-07-04;17.075918;-0.21305339;0.010039012;748.42096;1.5856854;117.156006;0.0;-7.146841e-25;99.99998;-7.146841e-21;0.0;-1.2958981;0.0;1.211077;1.211077;0.0;0.0;6512.059;7948.19;-3000.7805;6852.4785;-900.2178;-2294.6943
1950-07-05;15.888661;-1.5027771;0.010035197;748.43286;1.4431415;126.0471;0.0;-7.2019865e-25;99.99998;-7.197723e-21;0.0015974038;-1.3123881;8.940697e-05;1.1785924;1.178503;0.0;0.0;6981.779;8520.411;-3243.0955;6550.2817;-911.67224;-2494.7388
1950-07-06;15.803182;0.4600118;0.009905498;749.12213;1.0237249;78.26667;0.0;-7.3343357e-25;99.99998;-7.327286e-21;0.0022351742;-1.0867761;0.00010430813;1.1475682;1.1474862;0.0;0.0;5434.1494;6630.824;-2570.5588;7193.6035;-754.94666;-1735.6378
1950-07-07;15.252217;3.0904236;0.009952545;749.1025;1.3555723;43.837543;0.0;-7.3453654e-25;99.99998;-7.345365e-21;0.2775717;-0.9980016;0.015169382;1.1333525;1.1181831;0.0;0.0;5177.4326;6316.86;-2343.1055;7345.323;-693.2789;-1851.3567
1950-07-08;15.322469;3.6076558;0.009718577;748.80133;1.3501005;50.035034;0.0;-7.3453654e-25;99.99998;-7.345365e-21;0.681865;-1.3079717;0.03784895;1.1278093;1.0899677;0.0;0.0;6040.1484;7368.6304;-2630.3794;7123.879;-908.60333;-2178.7012
1950-07-09;16.682291;1.3873698;0.00999705;747.49805;1.1840352;64.19007;0.0;-7.3453654e-25;99.99998;-7.345365e-21;0.009024143;-1.5643528;0.0005066395;1.0630786;1.0625571;0.0;0.0;6566.702;8009.855;-2932.8867;6958.809;-1086.7034;-2068.5889
1950-07-10;16.998056;-0.19921875;0.0100911455;746.30225;1.5917072;165.10329;0.0;-7.3453654e-25;99.99998;-7.345365e-21;0.020951033;-1.3073301;0.001206994;1.0372549;1.0360479;0.0;0.0;6609.8574;8061.3867;-3043.4478;6851.274;-908.1589;-2334.6868
1950-07-11;15.342651;-2.3789165;0.00968806;745.9065;1.7706305;209.79958;0.0;-7.3453654e-25;99.99998;-7.345365e-21;0.0017225739;-1.1225734;0.00010430813;1.0107309;1.0106415;0.0;0.0;6906.32;8421.931;-3216.9028;6397.582;-779.81445;-2764.38
1950-07-12;14.423126;-1.7635498;0.009600322;747.3809;1.1711737;136.32912;0.0;-7.3453654e-25;99.99998;-7.345365e-21;0.0008463859;-1.141387;4.4703484e-05;0.98621845;0.98617375;0.0;0.0;7085.968;8639.865;-3400.0256;6247.5723;-792.88446;-2595.1655
1950-07-13;15.896098;-2.207204;0.01033783;748.6795;1.1654774;110.07665;0.0;-7.3453654e-25;99.99998;-7.345365e-21;0.0;-1.1950023;0.0;0.962466;0.9624809;0.0;0.0;7054.003;8599.764;-3426.2488;6424.4287;-830.1278;-2357.639
1950-07-14;16.024363;2.420644;0.01003011;746.91724;1.2427297;105.486565;0.0;-7.3453654e-25;99.99998;-7.345365e-21;0.053805947;-0.99735147;0.002771616;0.94255805;0.93977153;0.0;0.0;5952.778;7256.1177;-2735.0693;7086.1494;-692.82666;-2178.4888
1950-07-15;16.33851;0.9859619;0.010092418;747.6475;1.2123494;86.86976;0.0;-7.3453654e-25;99.99998;-7.345365e-21;0.038164854;-1.1172695;0.0015944242;0.91955066;0.91797113;0.0;0.0;6551.458;7984.9277;-3069.176;6877.64;-776.13;-2314.9634
1950-07-16;17.674469;1.1996664;0.00970459;748.8925;1.2419194;67.47748;0.0;-7.3453654e-25;99.99998;-7.345365e-21;0.0012874597;-1.1427068;7.4505806e-05;0.8967966;0.8967146;0.0;0.0;6686.2437;8147.4517;-3137.135;6960.0547;-793.8;-2251.1167
1950-07-17;18.806986;3.9111328;0.010017395;748.8929;1.4395064;70.56512;0.0;-7.3453654e-25;100.00259;-7.345365e-21;0.0012783593;-1.1314824;7.4505806e-05;0.8762032;0.8761436;0.0;0.0;6706.376;8170.19;-3108.38;7130.09;-786.0022;-2319.5754
1950-07-18;20.165405;3.5603027;0.010032654;748.991;1.4246434;93.70261;0.0;-7.3453654e-25;100.00519;-7.345365e-21;0.0008523463;-1.1632516;4.4703484e-05;0.8562654;0.8562207;0.0;0.0;6850.915;8344.421;-3222.2244;7152.52;-808.0722;-2292.2744
1950-07-19;18.785116;4.8241677;0.009771983;748.7612;1.5574083;71.01612;0.0;-7.3453654e-25;99.99998;-7.345365e-21;0.03492832;-1.014933;0.0014007092;0.83848834;0.83707273;0.0;0.0;6332.5576;7711.3203;-2946.0137;7258.447;-705.04;-2307.2156
1950-07-20;18.324228;5.811483;0.009803772;748.0306;1.5673808;63.54326;0.0;-7.3453654e-25;99.99998;-7.345365e-21;0.015660051;-0.97096527;0.0007748604;0.81950426;0.8187145;0.0;0.0;6269.6895;7633.0522;-2938.5854;7203.574;-674.49664;-2342.5422
1950-07-21;18.94164;2.9716084;0.009881337;747.37036;1.3192693;104.12034;0.0;-7.3453654e-25;99.99998;-7.345365e-21;0.0005543231;-1.0200869;2.9802322e-05;0.8009374;0.8009076;0.0;0.0;6343.0757;7720.7256;-3053.4033;7155.444;-708.6211;-2205.4912
1950-07-22;19.301208;2.1784973;0.0101076765;747.81586;1.3510689;91.05606;0.0;-7.3453654e-25;99.99998;-7.345365e-21;0.0;-0.9857565;0.0;0.78368187;0.7836968;0.0;0.0;6060.77;7375.468;-2928.1338;7312.6577;-684.7722;-2068.6177
1950-07-23;20.07254;2.4917705;0.010120392;748.73334;1.3885928;98.43182;0.0;-7.3453654e-25;99.99998;-7.345365e-21;0.0013112967;-1.0532411;5.9604645e-05;0.767082;0.767;0.0;0.0;6493.689;7900.467;-3106.1216;7284.702;-731.6522;-2181.9756
1950-07-24;19.230377;5.0979514;0.009936015;747.8348;1.3469104;107.582855;0.0;-7.3453654e-25;100.00259;-7.345365e-21;0.002446386;-0.81108606;0.00011920929;0.75110793;0.7509738;0.0;0.0;5209.0176;6336.0977;-2591.338;7545.936;-563.43445;-1786.0789
1950-07-25;19.091501;4.5532837;0.009732564;746.1912;1.255051;86.8335;0.0;-7.3453654e-25;99.99998;-7.345365e-21;0.007047397;-0.8793715;0.0003427267;0.73590875;0.7355958;0.0;0.0;5649.578;6870.493;-2675.287;7569.8623;-610.87;-1996.3145
1950-07-26;17.59617;5.232727;0.009911855;744.6779;1.2104864;62.86089;0.0;-7.3453654e-25;100.00519;-7.345365e-21;0.18602368;-0.8190572;0.008672476;0.72941184;0.72073936;0.0;0.0;5313.487;6460.372;-2603.2327;7434.379;-568.9722;-1947.46
1950-07-27;16.98699;5.992391;0.0099105835;746.1223;1.3492085;71.562935;0.0;-7.3453654e-25;99.99998;-7.345365e-21;0.3174126;-0.9483807;0.016078353;0.7224381;0.70635974;0.0;0.0;5931.24;7209.6387;-2739.6855;7326.4043;-658.8089;-2242.0078
1950-07-28;16.907309;5.3074646;0.009663899;748.3144;1.4055811;52.21014;0.0;-7.3453654e-25;99.99998;-7.345365e-21;1.2529135;-1.1678375;0.07557869;0.76788664;0.6923005;0.0;0.0;6223.5903;7563.4097;-2850.4895;7177.4673;-811.25775;-2279.4512
1950-07-29;17.071829;5.9658303;0.010049184;749.72076;1.2182456;60.148422;0.0;-7.3453654e-25;99.99998;-7.345365e-21;0.39361417;-1.395043;0.019922853;0.69868565;0.67877024;0.0;0.0;5758.036;6996.1133;-2617.1606;7307.6577;-969.09;-1965.0789
1950-07-30;18.935577;3.1221416;0.009983063;750.46436;1.3742911;86.55343;0.0;-7.3453654e-25;99.99998;-7.345365e-21;0.00074505806;-1.3915226;2.9802322e-05;0.66557527;0.66553056;0.0;0.0;6255.2065;7598.4844;-2887.2039;7283.0435;-966.6445;-2018.3245
1950-07-31;19.791403;3.6325684;0.009882609;749.97687;1.3207413;104.43393;0.0;-7.3453654e-25;99.99998;-7.345365e-21;0.0025560367;-1.1013765;0.00011920929;0.65267086;0.65255165;0.0;0.0;6247.8315;7587.8267;-3010.213;7267.7676;-765.09;-2084.5044
1950-08-01;19.395437;0.28243002;0.010189056;748.63934;1.3287563;114.57354;0.0;-7.3453654e-25;99.99998;-7.345365e-21;0.0025762029;-1.0250928;0.00014901161;0.6400645;0.63993037;0.0;0.0;6719.655;8158.99;-3372.1733;6892.8745;-712.0967;-2330.588
1950-08-02;17.172342;3.0060627;0.010031383;746.53656;1.514431;53.06323;0.0;-7.3453654e-25;99.99998;-7.345365e-21;0.08357167;-0.86744595;0.0034719706;0.6311983;0.6277114;0.0;0.0;6180.5244;7502.5327;-3020.45;7038.673;-602.5867;-2291.3333
1950-08-03;17.17276;2.6329753;0.01008606;747.98114;1.4617146;50.741634;0.0;-7.3453654e-25;99.99998;-7.345365e-21;0.01630187;-0.80990696;0.00081956387;0.61678886;0.6159693;0.0;0.0;5931.6104;7198.9404;-2896.81;7112.115;-562.61554;-2225.619
1950-08-04;17.592672;2.7153728;0.010192871;748.4827;1.3200289;48.383183;0.0;-7.3453654e-25;100.00519;-7.345365e-21;0.3408134;-0.8857064;0.016838312;0.6214082;0.6045699;0.0;0.0;5920.6377;7184.116;-2868.6895;7183.367;-615.2711;-2159.7
1950-08-05;18.57012;-0.044075012;0.009927114;748.44696;1.2889143;110.79853;0.0;-7.3453654e-25;99.99998;-7.345365e-21;0.0008583069;-0.989262;4.4703484e-05;0.59351325;0.59346855;0.0;0.0;6003.918;7283.384;-2955.7144;7153.0146;-687.20776;-2085.54
1950-08-06;18.286581;-2.99057;0.009848277;748.6299;1.3712673;121.34548;0.0;-7.3453654e-25;99.99998;-7.345365e-21;0.0012904402;-0.92086476;7.4505806e-05;0.5826801;0.5826205;0.0;0.0;6768.7285;8209.355;-3496.4966;6578.3364;-639.6939;-2406.4678
1950-08-07;17.987741;-5.140096;0.0101076765;748.4323;1.379043;124.11904;0.0;-7.3453654e-25;99.99998;-7.345365e-21;0.0017202847;-0.8506086;8.940697e-05;0.572145;0.5720556;0.0;0.0;6762.423;8199.965;-3522.8528;6478.4316;-590.8889;-2413.8545
1950-08-08;19.448751;-1.3910217;0.009989421;749.3384;1.2472221;92.452545;0.0;-7.3453654e-25;99.99998;-7.345365e-21;0.00044107434;-0.88841933;2.9802322e-05;0.561744;0.561744;0.0;0.0;6592.207;7991.7285;-3245.0784;7038.597;-617.1556;-2218.6746
1950-08-09;20.649323;2.710622;0.00977834;749.6873;1.4085407;82.79772;0.0;-7.3453654e-25;99.99998;-7.345365e-21;0.0004351138;-0.87842715;2.9802322e-05;0.5516708;0.5516559;0.0;0.0;6483.8896;7858.7373;-3165.3323;7276.8354;-610.2144;-2257.9111
1950-08-10;19.970327;-3.059784;0.009927114;749.8679;1.7572962;48.59668;0.0;-7.3453654e-25;99.99998;-7.345365e-21;0.00044018912;-0.83202404;2.2351742e-05;0.5418807;0.5418658;0.0;0.0;6500.7085;7877.454;-3336.8877;6943.66;-577.9789;-2346.969
1950-08-11;20.200235;-3.5223083;0.010002136;747.61774;1.3653349;130.5266;0.0;-7.3453654e-25;99.99998;-7.345365e-21;0.0017225739;-0.81693846;8.940697e-05;0.5324483;0.5323738;0.0;0.0;6183.9224;7491.79;-3230.2917;7032.541;-567.5;-2104.3489
1950-08-12;19.285055;-3.021413;0.009821574;747.2039;1.5308008;157.96687;0.0;-7.3453654e-25;99.99998;-7.345365e-21;0.0;-0.7692855;0.0;0.52317977;0.5231947;0.0;0.0;6561.4404;7947.451;-3385.2527;6748.346;-534.39667;-2439.8767
1950-08-13;17.787943;-3.5347595;0.009724935;748.3367;1.5063038;134.52779;0.0;-7.3453654e-25;99.99998;-7.345365e-21;0.0;-0.7379595;0.0;0.514254;0.5142689;0.0;0.0;6604.9507;7998.354;-3478.6807;6456.2573;-512.63556;-2508.0188
1950-08-14;17.5289;-2.417796;0.010187785;749.83673;1.5367843;103.949524;0.0;-7.3453654e-25;99.99998;-7.345365e-21;0.013440847;-0.7442925;0.00047683716;0.50604343;0.5055517;0.0;0.0;6354.914;7693.7134;-3205.2737;6753.871;-517.0356;-2366.9443
1950-08-15;18.64443;-0.43285117;0.009840648;750.7222;1.4802686;111.06098;0.0;-7.3453654e-25;99.99998;-7.345365e-21;0.0021457663;-0.7650759;0.00010430813;0.49713254;0.49702078;0.0;0.0;6470.9907;7832.634;-3348.8726;6727.379;-531.4722;-2352.5266
1950-08-16;17.969736;-5.945465;0.010135651;749.48114;1.3555732;148.75703;0.0;-7.3453654e-25;99.99998;-7.345365e-21;0.00084638596;-0.747228;2.9802322e-05;0.4887581;0.48872083;0.0;0.0;6621.7554;8014.164;-3640.0063;6286.7676;-519.07446;-2314.3389
1950-08-17;16.595865;-6.3121543;0.00985082;748.9213;1.5157422;124.19654;0.0;-7.3453654e-25;99.99998;-7.345365e-21;0.0008583069;-0.69162154;2.9802322e-05;0.48071146;0.48068166;0.0;0.0;6594.743;7980.5444;-3580.6638;6164.7446;-480.44666;-2433.939
1950-08-18;16.08129;-6.4959106;0.010007222;748.5325;1.363376;144.24782;0.0;-7.3453654e-25;99.99998;-7.345365e-21;0.0012783612;-0.69360995;5.9604645e-05;0.47293305;0.47285855;0.0;0.0;6619.187;8009.146;-3665.05;6043.2188;-481.8278;-2341.4167
1950-08-19;16.552359;-4.2070413;0.01024882;749.55084;1.3342751;110.404274;0.0;-7.3453654e-25;99.99998;-7.345365e-21;0.002989339;-0.71550345;0.00013411045;0.46536326;0.46521425;0.0;0.0;6536.5996;7908.2783;-3519.9106;6323.104;-497.03665;-2192.7566
1950-08-20;17.18392;-2.0580444;0.010083516;751.8169;1.3093083;78.66178;0.0;-7.3453654e-25;99.99998;-7.345365e-21;0.0030271248;-0.7067192;0.00013411045;0.45785308;0.45773387;0.0;0.0;6209.999;7512.225;-3237.7466;6714.7866;-490.93445;-2209.7656
1950-08-21;17.176584;-0.9823405;0.010121663;752.8033;1.3273362;114.53314;0.0;-7.3453654e-25;99.99998;-7.345365e-21;0.002563168;-0.61139834;0.00012665987;0.4505962;0.4504919;0.0;0.0;5409.099;6542.6377;-2831.6028;7003.0166;-424.71777;-1979.0778
1950-08-22;16.356028;-3.3053691;0.009947459;752.48535;1.616934;133.9692;0.0;-7.3453654e-25;99.99998;-7.345365e-21;0.0;-0.6322814;0.0;0.44345856;0.44347346;0.0;0.0;6174.2256;7467.1543;-3205.7947;6527.3687;-439.22446;-2422.9246
1950-08-23;16.260489;-4.9931846;0.009807587;749.86224;1.6750957;141.32654;0.0;-7.3453654e-25;99.99998;-7.345365e-21;0.0008613555;-0.61534995;2.9802322e-05;0.43666363;0.43661147;0.0;0.0;6228.995;7532.4395;-3203.6687;6456.2334;-427.46335;-2512.2666
1950-08-24;13.697459;0.35364786;0.009585063;749.4078;1.2777258;115.40708;0.0;-7.3453654e-25;99.99998;-7.345365e-21;0.75209737;-0.6705299;0.036090612;0.46613812;0.4300773;0.0;0.0;4872.2163;5891.13;-2413.8354;6954.88;-465.795;-2023.69
1950-08-25;13.81898;-2.2181804;0.010017395;749.83405;1.5171198;155.86806;0.0;-7.3453654e-25;99.99998;-7.345365e-21;0.0008583069;-0.8144546;4.4703484e-05;0.42372942;0.42366982;0.0;0.0;6096.597;7370.616;-3077.215;6345.9727;-565.7744;-2401.0767
1950-08-26;14.489003;-4.883972;0.009895325;750.0628;1.3951244;122.77627;0.0;-7.3453654e-25;99.99998;-7.345365e-21;0.00085234636;-0.71478915;4.4703484e-05;0.41736662;0.41732192;0.0;0.0;6060.91;7326.528;-3167.6528;6326.539;-496.54;-2237.0066
1950-08-27;15.163493;-2.716441;0.009847005;750.43744;1.3182983;105.65324;0.0;-7.3453654e-25;99.99998;-7.345365e-21;0.00085222523;-0.68442523;2.9802322e-05;0.41112304;0.41107088;0.0;0.0;6130.1133;7409.351;-3258.3567;6358.717;-475.44778;-2172.2878
1950-08-28;15.298778;-4.074453;0.010239919;750.6623;1.3415745;109.112526;0.0;-7.3453654e-25;99.99998;-7.345365e-21;0.0029444695;-0.63438714;0.00014901161;0.40510297;0.40495396;0.0;0.0;5872.911;7097.6294;-3109.2727;6538.17;-440.68668;-2125.2966
1950-08-29;14.952189;-0.07622274;0.00968043;752.8874;1.1315125;91.03083;0.0;-7.3453654e-25;99.99998;-7.345365e-21;0.71600974;-0.7260889;0.034481287;0.43353438;0.3990531;0.0;0.0;5219.687;6307.4507;-2643.0718;6962.438;-504.3889;-1879.63
1950-08-30;15.312022;1.5022888;0.009867351;754.20795;0.87892824;86.873566;0.0;-7.3453654e-25;99.99998;-7.345365e-21;0.12797803;-0.82185304;0.0060349703;0.39936602;0.39333105;0.0;0.0;5248.9043;6341.9365;-2731.2688;6938.6206;-570.9133;-1759.3656
1950-08-31;15.928589;-0.6688741;0.00983429;752.5634;1.0418793;79.997826;0.0;-7.3453654e-25;99.99998;-7.345365e-21;0.0036537647;-0.6800555;0.00013411045;0.38786232;0.38774312;0.0;0.0;4671.233;5643.3936;-2642.7102;6972.7656;-472.4111;-1435.6378
1950-09-01;17.166636;-1.9001669;0.009969075;751.1922;1.0796844;116.95089;0.0;-7.3453654e-25;99.99998;-7.345365e-21;0.0;-0.7327609;0.0;0.38221478;0.38221478;0.0;0.0;5831.8433;7044.6167;-3159.3323;6688.6543;-509.02444;-1872.2811
1950-09-02;16.698935;-5.4435525;0.010295868;751.304;1.4300085;140.71349;0.0;-7.3453654e-25;99.99998;-7.345365e-21;0.00042617318;-0.6176811;1.4901161e-05;0.37679076;0.37677586;0.0;0.0;5895.5513;7120.725;-3261.8777;6393.028;-429.0822;-2111.0532
1950-09-03;14.330841;-3.5237427;0.010205586;751.28595;1.2057526;144.89157;0.0;-7.3453654e-25;99.99998;-7.345365e-21;0.001718985;-0.56316704;8.940697e-05;0.37157536;0.37148595;0.0;0.0;5786.698;6988.424;-3079.9897;6427.6636;-391.21445;-2234.8245
1950-09-04;15.271953;-1.7384135;0.010028839;751.8574;1.067705;129.5838;0.0;-7.3453654e-25;99.99998;-7.345365e-21;0.0012874707;-0.59172696;5.9604645e-05;0.36634505;0.36628544;0.0;0.0;5635.789;6805.394;-3098.1238;6548.066;-411.05222;-1921.2467
1950-09-05;15.64803;-3.4529622;0.009885152;751.4472;1.2826092;127.812904;0.0;-7.3453654e-25;99.99998;-7.345365e-21;0.0025993714;-0.5849488;0.00011920929;0.36129355;0.36118925;0.0;0.0;5755.082;6948.5596;-3244.782;6365.1934;-406.34445;-1996.18
1950-09-06;16.193289;-6.7711487;0.009625752;751.70825;1.283435;98.715935;0.0;-7.3453654e-25;99.99998;-7.345365e-21;0.00044273408;-0.58619493;1.4901161e-05;0.35624206;0.35622716;0.0;0.0;5805.9224;7009.088;-3429.8604;6146.487;-407.21112;-1858.7478
1950-09-07;16.556885;-11.394928;0.009859721;751.51056;1.1943935;134.115;0.0;-7.3453654e-25;99.99998;-7.345365e-21;0.0;-0.5786568;0.0;0.35136938;0.35136938;0.0;0.0;5895.3438;7116.1934;-3717.7185;5780.9766;-401.97333;-1676.3177
1950-09-08;14.7899475;-11.292862;0.010000865;750.9124;1.2517123;115.430725;0.0;-7.3453654e-25;99.99998;-7.345365e-21;0.0;-0.5386602;0.0;0.3466308;0.3466457;0.0;0.0;5836.546;7044.383;-3599.6304;5721.483;-374.1889;-1825.4366
1950-09-09;14.702515;-9.12384;0.009820302;751.1206;1.2171613;129.94145;0.0;-7.3453654e-25;99.99998;-7.345365e-21;0.0017195934;-0.5417615;8.940697e-05;0.34208596;0.342004;0.0;0.0;5651.4995;6820.205;-3355.016;6007.9004;-376.34445;-1842.02
1950-09-10;14.107727;-9.439534;0.009963989;750.95703;1.1097344;127.03373;0.0;-7.3453654e-25;99.99998;-7.345365e-21;0.0012815254;-0.53569025;5.9604645e-05;0.3375113;0.3374517;0.0;0.0;5638.0693;6803.16;-3321.3086;6023.5107;-372.1261;-1801.2766
1950-09-11;14.786305;-4.069153;0.009970347;751.04517;1.1947836;78.63964;0.0;-7.3453654e-25;99.99998;-7.345365e-21;0.0012814989;-0.53075886;5.9604645e-05;0.33305585;0.33301115;0.0;0.0;5300.158;6394.6816;-2961.826;6561.138;-368.7;-1727.211
1950-09-12;14.836232;-2.309021;0.009897868;751.46674;1.2949342;65.920616;0.0;-7.3453654e-25;99.99998;-7.345365e-21;0.0;-0.5153101;0.0;0.32866;0.32865256;0.0;0.0;5428.062;6548.238;-3053.3809;6443.2;-357.9689;-1869.3822
1950-09-13;14.774648;-3.9295552;0.009909312;750.34064;1.4375871;109.224236;0.0;-7.3453654e-25;99.99998;-7.345365e-21;0.0;-0.50831026;0.0;0.32439828;0.32439083;0.0;0.0;5381.6606;6491.463;-3036.318;6414.8203;-353.10556;-1895.0
1950-09-14;15.143626;-4.7754006;0.0098393755;749.44806;1.2687391;121.70526;0.0;-7.3453654e-25;99.99998;-7.345365e-21;0.0;-0.49888527;0.0;0.32022595;0.3202185;0.0;0.0;5236.2144;6315.229;-2964.0496;6491.289;-346.5589;-1787.5867
1950-09-15;13.57964;-1.332255;0.010000865;750.2129;1.2979962;165.8922;0.0;-7.3453654e-25;99.99998;-7.345365e-21;0.054485314;-0.4518153;0.00230968;0.31849742;0.31618774;0.0;0.0;5134.29;6191.6357;-2704.971;6602.2275;-313.86166;-2047.6011
1950-09-16;12.393321;0.008158366;0.010018666;752.08716;1.3300549;165.8017;0.0;-7.3453654e-25;99.99998;-7.345365e-21;0.9430975;-0.7146113;0.043660402;0.35598874;0.3123209;0.0;0.0;4432.15;5340.117;-2391.9739;6655.827;-496.41556;-1731.4689
1950-09-17;12.172913;-1.4211121;0.009854634;752.95734;1.0747385;107.82409;0.0;-7.3453654e-25;99.99998;-7.345365e-21;5.9604645e-05;-0.6758878;0.0;0.30849874;0.30849874;0.0;0.0;5034.3433;6060.245;-2692.3735;6451.24;-469.51666;-1798.4944
1950-09-18;11.276683;0.82822675;0.010344188;752.3603;1.0910541;107.50059;0.0;-7.3453654e-25;99.99998;-7.345365e-21;0.52616;-0.6036321;0.024929643;0.3296882;0.30475855;0.0;0.0;4293.634;5164.298;-2296.0608;6764.8545;-419.32333;-1579.0878
1950-09-19;11.838745;1.2699381;0.010173798;751.1023;0.84587455;101.08042;0.0;-7.3453654e-25;99.99998;-7.345365e-21;0.6924033;-0.76308477;0.03220141;0.33333898;0.30115247;0.0;0.0;4229.192;5082.3867;-2179.0134;6941.708;-530.09;-1410.1555
1950-09-20;12.30423;-0.032145184;0.010148366;750.87164;0.9592538;71.68456;0.0;-7.3453654e-25;99.99998;-7.345365e-21;0.21699965;-0.7022833;0.009745359;0.30733645;0.297606;0.0;0.0;4415.205;5301.2183;-2532.2517;6561.3843;-487.85333;-1455.539
1950-09-21;11.545543;-2.597524;0.010147095;752.1599;1.2941551;159.82837;0.0;-7.3453654e-25;99.99998;-7.345365e-21;0.0021457663;-0.6203633;0.00010430813;0.29419363;0.29408932;0.0;0.0;4732.092;5676.8193;-2688.021;6241.221;-430.94556;-1688.3811
1950-09-22;12.440765;-3.445048;0.009764354;754.96954;1.1961796;100.49533;0.0;-7.3453654e-25;99.99998;-7.345365e-21;0.0008523463;-0.5970737;2.9802322e-05;0.29066205;0.29060245;0.0;0.0;5017.402;6013.84;-2834.545;6218.3096;-414.76666;-1701.6411
1950-09-23;12.585571;-3.6996868;0.0100911455;755.39404;1.3656079;45.74759;0.0;-7.3453654e-25;99.99998;-7.345365e-21;0.09021163;-0.5387785;0.00423193;0.2914071;0.28717518;0.0;0.0;4730.6074;5665.156;-2758.1409;6338.6616;-374.27222;-1490.8867
1950-09-24;13.324748;-2.9789429;0.009797414;754.1171;1.1021115;68.804344;0.0;-7.3453654e-25;99.99998;-7.345365e-21;0.045850873;-0.51591825;0.0021606684;0.2859831;0.28381497;0.0;0.0;4622.6147;5531.1567;-2647.9067;6516.8145;-358.3922;-1474.0956
1950-09-25;12.426564;-4.151815;0.010134379;754.101;1.1814513;179.69061;0.0;-7.3453654e-25;99.99998;-7.345365e-21;0.017005205;-0.4414264;0.00062584877;0.2811849;0.28054416;0.0;0.0;4324.2373;5169.5737;-2577.6667;6429.574;-306.64444;-1492.1333
1950-09-26;11.698181;-5.584666;0.010290782;755.51483;1.1917474;109.70054;0.0;-7.3453654e-25;99.99998;-7.345365e-21;0.0;-0.46972;0.0;0.2773255;0.2773255;0.0;0.0;4930.848;5889.5806;-2870.6726;6138.737;-326.2989;-1689.5322
1950-09-27;11.328969;0.33991495;0.010089874;756.8667;1.2403984;44.987713;0.0;-7.3453654e-25;99.99998;-7.345365e-21;1.2024343;-0.54349005;0.06200373;0.3361851;0.27417392;0.0;0.0;4405.046;5257.062;-2473.5793;6519.391;-377.54443;-1512.7556
1950-09-28;11.840352;0.45681763;0.0100695295;755.3348;1.0741683;79.61191;0.0;-7.3453654e-25;99.99998;-7.345365e-21;1.2778819;-0.8701347;0.07428229;0.34539402;0.27109683;0.0;0.0;4552.059;5427.8633;-2507.504;6477.292;-604.4522;-1415.8522
1950-09-29;12.365123;-2.09435;0.009905498;754.9256;0.9046812;85.47858;0.0;-7.3453654e-25;99.99998;-7.345365e-21;0.20679235;-0.9578094;0.009670854;0.27772784;0.2680868;0.0;0.0;4378.7637;5216.6475;-2510.2705;6428.8623;-665.3578;-1206.9111
1950-09-30;12.560069;-2.1084697;0.010014852;756.5954;1.1774393;192.38123;0.0;-7.3453654e-25;99.99998;-7.345365e-21;0.12395084;-0.8530784;0.0053942204;0.27048588;0.2650991;0.0;0.0;4525.651;5387.0176;-2459.3706;6538.8706;-592.605;-1362.3933
1950-10-01;12.859761;-2.7049053;0.009930928;756.1404;1.2755234;138.65077;0.0;-7.3453654e-25;99.99998;-7.345365e-21;0.19069016;-0.66266954;0.00847131;0.2706796;0.26221573;0.0;0.0;4127.925;4909.3657;-2420.5771;6453.99;-460.33444;-1353.9911
1950-10-02;11.69694;-2.1968079;0.010023753;754.1248;1.0274249;168.72545;0.0;-7.3453654e-25;99.99998;-7.345365e-21;0.0008583069;-0.60654247;4.4703484e-05;0.25941432;0.2593696;0.0;0.0;4524.1367;5375.979;-2632.3118;6212.285;-421.34445;-1457.8033
1950-10-03;11.210683;-0.4906006;0.009857178;751.8979;1.2644728;157.85138;0.0;-7.3453654e-25;99.99998;-7.345365e-21;0.66922903;-0.5893316;0.031203032;0.28780103;0.256598;0.0;0.0;4020.1958;4773.0273;-2241.5718;6568.5957;-409.3889;-1314.9922
1950-10-04;7.985494;4.201172;0.0100034075;753.062;0.8485336;232.6159;0.0;-7.3453654e-25;99.99998;-7.345365e-21;1.6643792;-0.69118667;0.07800758;0.33201277;0.2540052;0.0;0.0;2896.705;3436.5112;-1686.6953;6751.334;-480.14444;-1078.3245
1950-10-05;8.871053;1.9874573;0.009615581;754.21295;1.0430042;163.09824;0.0;-7.3453654e-25;99.99998;-7.345365e-21;0.005477667;-0.7409472;0.0002682209;0.2516955;0.2514273;0.0;0.0;3664.1272;4342.831;-1955.21;6616.43;-514.7111;-1251.9722
1950-10-06;8.780192;1.8512268;0.010044098;752.00665;1.0859802;216.68481;0.0;-7.3453654e-25;99.99998;-7.345365e-21;1.7093718;-0.60626864;0.094652176;0.34350157;0.24884194;0.0;0.0;3821.255;4525.163;-1997.8306;6584.964;-421.15445;-1348.2056
1950-10-07;8.069234;1.3222046;0.010253906;746.8674;1.6522654;225.73059;0.0;-7.3453654e-25;99.99998;-7.345365e-21;0.5457837;-1.0307915;0.028312206;0.2746284;0.2463311;0.0;0.0;3987.6404;4718.218;-2068.6746;6406.1343;-716.05664;-1421.4277
1950-10-08;2.5676372;1.563975;0.010243733;745.15924;1.1680801;203.5421;0.0;-7.3453654e-25;99.99998;-7.345365e-21;16.109001;-0.93314797;1.0600239;1.3040453;0.24400651;0.0;0.0;1044.6108;1235.2197;-670.1606;7039.7627;-648.22723;-465.74667
1950-10-09;3.2900288;-3.2677002;-5.5442696;749.7424;0.97761637;218.37767;0.01180013;1.7086664e-06;122.03351;-7.345365e-21;0.0030875206;-1.6909857;0.00010430813;0.24181604;0.24171919;0.00070407987;0.0022388995;4236.26;5004.2456;-2228.522;5679.2666;-1174.6722;-1273.5189
1950-10-10;4.8726296;-4.931742;-7.0902543;753.9477;1.1276554;99.72967;0.008544922;1.2318293e-06;144.75941;-7.345365e-21;0.0025800474;-1.5921974;0.00017881393;0.23952127;0.2393499;0.000519678;0.0;4505.345;5317.2847;-2564.6707;5313.238;-1106.0472;-964.23114
1950-10-11;6.900421;-3.3954265;-5.0199647;756.86664;0.9790097;195.89159;0.0047200522;9.536743e-07;150.55467;-7.345365e-21;0.0008650291;-1.47219;8.940697e-05;0.23710728;0.23700297;0.0004656613;0.0;4004.4866;4722.0737;-2169.7546;5908.298;-1022.68164;-829.04114
1950-10-12;6.6758018;-0.71314496;-4.549601;755.147;1.0890309;216.49355;0.0026855469;2.78155e-07;150.55467;-7.345365e-21;0.14593111;-1.208161;0.006943941;0.24166703;0.23472309;0.0002719462;0.0;3721.5623;4384.633;-2051.4294;6017.5854;-839.2695;-938.2489
1950-10-13;4.820862;2.7588298;-0.48386002;751.4964;0.79925036;226.10217;0.001953125;-7.3453654e-25;150.55467;-7.345365e-21;12.708763;-1.1598263;0.8995235;1.1321306;0.23259223;0.00015646219;0.0;1746.1528;2055.8694;-596.6578;7338.938;-805.6922;-460.25778
1950-10-14;5.7246804;1.1034113;-2.784752;750.8897;1.3400816;249.43901;0.00056966144;-7.3453654e-25;150.55467;-7.345365e-21;0.31391084;-1.4892248;0.018894672;0.24941564;0.23052096;9.49949e-05;0.0;3006.9744;3536.6023;-1477.0122;6560.1313;-1034.5155;-845.2978
1950-10-15;6.835856;-1.0464681;-5.289621;751.7556;1.1357507;199.93773;0.0;-7.3453654e-25;148.98988;-7.345365e-21;0.0008583069;-1.6272124;5.9604645e-05;0.2284348;0.2283901;3.7252903e-05;0.0;4156.8496;4884.8687;-2311.9827;5679.512;-1130.37;-836.3356
1950-10-16;5.35377;1.6107788;-2.3521614;750.1829;1.1968356;207.44371;0.0;-7.3453654e-25;126.105774;-7.345365e-21;8.947388;-1.129724;0.6868243;0.91317296;0.22631884;1.4901161e-05;0.0;2723.949;3200.131;-1218.6228;6744.183;-784.7822;-745.1178
1950-10-17;4.1812844;-1.417586;-2.4806137;750.3167;1.0655965;218.6391;0.0;-7.3453654e-25;105.838844;-7.345365e-21;0.38205382;-1.6638348;0.026211143;0.25051832;0.22430718;5.5879354e-06;0.0;3509.0884;4121.1157;-1871.28;6019.5693;-1155.8112;-977.2778
1950-10-18;4.742218;-7.119928;-1.2654215;751.72095;0.9614656;172.27184;0.0;-7.3453654e-25;100.210266;-7.345365e-21;0.0012814989;-1.5791794;8.940697e-05;0.22235513;0.22228062;0.0;0.0;4301.991;5050.6177;-2759.7217;4879.1787;-1097.0033;-667.9389
1950-10-19;4.8688354;-1.1195234;0.01001358;753.0;0.82297117;280.85196;0.0;-7.3453654e-25;99.99998;-7.345365e-21;1.1794928;-0.82445514;0.073075294;0.29340386;0.22032857;0.0;0.0;2489.1646;2921.5667;-1428.4739;6260.371;-572.7217;-382.97446
1950-10-20;6.076548;0.06828817;0.010150909;752.748;0.892334;234.39433;0.0;-7.3453654e-25;99.99998;-7.345365e-21;2.3811042;-1.2332304;0.16584992;0.38427114;0.21842122;0.0;0.0;2926.2412;3433.7444;-1450.243;6512.077;-856.68445;-557.2256
1950-10-21;5.7378235;2.3138835;0.0098012285;750.88983;0.86338687;214.02863;0.0;-7.3453654e-25;99.99998;-7.345365e-21;11.83151;-1.2696674;1.0091662;1.2257397;0.21657348;0.0;0.0;2221.2595;2605.7144;-702.0278;7325.378;-881.99554;-528.8778
1950-10-22;3.3977356;2.651469;0.010051727;747.13153;1.0217773;209.78795;0.0;-7.3453654e-25;99.99998;-7.345365e-21;14.874375;-0.9789588;1.4823675;1.6971529;0.21480024;0.0;0.0;1042.5895;1222.8367;-294.5889;7537.262;-680.05;-428.80444
1950-10-23;2.4852192;-1.0102844;-2.7639542;748.26495;1.1778303;163.05844;0.0018717448;9.059906e-06;109.514305;0.040690105;1.4060438;-1.5244606;0.10459125;0.31761825;0.213027;4.0978193e-05;0.21090358;3296.435;3864.1633;-1499.9272;6348.701;-1058.9917;-924.2811
1950-10-24;0.43491617;-0.3091011;-0.53764725;748.3826;0.9700656;201.04924;28.75236;0.0042155185;141.61781;29.174805;7.6270847;-0.9172996;0.38571656;0.5970001;0.21128356;1.4363471;4.8074684;1815.9506;2850.6355;-710.70557;6793.5967;-636.6178;-648.4056
1950-10-25;0.85838825;-3.7989743;-5.90523;752.4798;0.9699715;145.75952;24.466064;0.0036633413;151.59503;24.169922;0.0070675476;-1.2114476;0.125736;0.33532083;0.20956993;1.0774937;0.0036805868;3118.754;4353.628;-1990.3661;5367.1973;-842.95447;-716.8011
1950-10-26;3.1012676;-6.413564;-8.920213;755.96075;0.9804456;90.20243;17.922445;0.002681772;151.79913;17.415365;0.0;-1.2372099;0.10713935;0.31501055;0.2078563;0.9230152;0.0;3498.8372;4631.231;-2390.715;4909.8394;-860.00665;-360.37778
1950-10-27;3.5859578;-8.106369;-7.888349;755.0109;0.9920964;80.64079;12.705566;0.001901865;151.94562;12.329102;0.0021338456;-1.2711827;0.078976154;0.28514862;0.20615757;0.6823596;0.0;3581.922;4554.102;-2309.429;5080.047;-883.69336;-337.05777
1950-10-28;4.3144226;-4.6908774;-5.237539;752.7028;0.96783;86.961365;8.20874;0.0012201468;152.05858;8.300781;0.00042617318;-1.3067713;0.076793134;0.28127432;0.20448864;0.66905093;0.0;3542.835;4364.4233;-1885.51;5752.497;-908.0578;-466.4822
1950-10-29;4.5520935;-2.8098145;-5.1274567;751.7068;0.9892998;83.05183;4.6591797;0.00069030124;152.13246;5.004883;0.0008583069;-1.3416493;0.05044043;0.25328994;0.2028495;0.44351256;0.0;3460.094;4164.028;-2027.5483;5713.76;-932.0539;-497.81445
1950-10-30;3.8227131;-2.883901;-4.7610564;753.03;1.0374974;81.439384;2.5095215;0.00037177405;152.17316;2.6448567;0.18263161;-1.2519135;0.042319298;0.24358928;0.20125508;0.24426356;0.0;3267.4805;3878.3767;-1795.7622;5926.491;-869.69666;-525.4778
1950-10-31;2.891866;-1.8457336;-3.9801102;754.3384;1.2286304;56.011963;1.3312988;0.00019729137;152.19691;1.3427734;0.21250844;-1.2104437;0.03156066;0.23126602;0.19969791;0.13308227;0.0;3128.4329;3685.0522;-1605.6661;6118.4224;-840.9017;-631.01447
1950-11-01;2.6095073;-2.1019695;-4.0993423;752.91724;1.1839107;64.64849;0.7064616;0.000104784966;152.17609;0.9765625;0.066167116;-1.220067;0.012651086;0.21082163;0.19816309;0.06883405;0.00037625432;3171.0771;3720.6533;-1735.6788;5978.3687;-847.60333;-740.92334
1950-11-02;3.1496785;-5.0174766;-6.6088843;752.1116;1.0696539;147.29007;0.37150064;5.507469e-05;152.17738;0.32552084;0.012496876;-1.2909704;0.0049471855;0.20161271;0.19665062;0.037442893;0.0;3425.8655;4011.0688;-2061.0173;5526.8423;-896.8189;-578.81555
1950-11-03;3.364024;-3.700124;-6.034949;752.33905;0.95554495;230.60506;0.19897461;2.9643377e-05;152.17967;-7.345365e-21;0.01771152;-0.98551065;0.0033080578;0.19848347;0.19516796;0.018045306;0.0;2926.2478;3421.9656;-1749.0706;5802.989;-684.63776;-608.54443
1950-11-04;4.213694;-2.8875935;-7.333008;754.0695;0.8866718;267.45898;0.10514323;1.5656153e-05;152.17967;-7.345365e-21;0.0004351138;-1.1184067;0.001206994;0.19492209;0.19372255;0.011079013;0.0;3503.101;4093.1045;-2149.7688;5406.5527;-776.93225;-550.4
1950-11-05;4.407969;-4.6338706;-7.3246484;755.93866;0.9236994;204.54659;0.052408855;7.867813e-06;152.17967;-7.345365e-21;0.0012904402;-1.0846574;0.0006854534;0.19297004;0.19228458;0.0056978315;0.0;3277.8354;3827.5422;-2082.6978;5463.0083;-753.48;-436.43332
1950-11-06;4.2799683;-7.394867;-7.4220963;756.0085;0.91024727;121.869446;0.025716146;3.9339066e-06;152.17967;-7.345365e-21;0.0004351138;-1.1680629;0.0003427267;0.1911968;0.19086152;0.0029318035;0.0;3474.1794;4055.162;-2238.1284;5334.342;-811.4155;-350.34668
1950-11-07;4.124705;-8.580668;-7.517555;754.61005;0.9876068;203.63928;0.012858073;1.748403e-06;152.17967;-7.345365e-21;0.0004351138;-1.1136253;0.00017881393;0.18961728;0.18945336;0.0013764948;0.0;3309.5122;3861.571;-2142.4988;5375.0757;-773.6;-387.16
1950-11-08;4.175415;-5.9487;-7.200624;754.0166;0.94502133;166.36427;0.006266276;9.536743e-07;152.17967;-7.345365e-21;0.0012991132;-1.0232068;0.00016391277;0.18824637;0.188075;0.00070780516;0.0;3278.4978;3824.0955;-2067.7244;5476.176;-710.7878;-435.41223
1950-11-09;4.2711997;-5.1700234;-6.687246;755.5564;0.93783575;139.25145;0.002766927;3.5762787e-07;152.17967;-7.345365e-21;0.0008646536;-0.9610923;0.00010430813;0.18681586;0.186719;0.00033341348;0.0;3118.3584;3636.1;-1943.1611;5608.09;-667.6389;-419.35443
1950-11-10;4.6402183;-5.5589395;-4.726532;755.62256;0.6803104;278.08676;0.001953125;-7.3453654e-25;152.17967;-7.345365e-21;0.91165304;-0.8187033;0.07562339;0.2610162;0.1853928;0.00014714897;0.0;2595.0833;3025.1123;-1504.3545;6113.1646;-568.7267;-333.94888
1950-11-11;2.5727131;0.3337504;-2.5317256;753.56177;0.83260727;140.30336;0.0009765625;3.973643e-08;149.64613;-7.345365e-21;3.8746953;-0.8728514;0.33233315;0.51645935;0.1841262;8.381903e-05;0.0004656613;2110.1077;2458.9055;-1083.2389;6568.6035;-606.3411;-439.39334
1950-11-12;1.677297;-0.8368225;-3.6752346;752.831;0.93524295;93.26795;0.002766927;3.1789145e-07;146.50682;-7.345365e-21;1.3527662;-0.82970595;0.10691583;0.28979778;0.18288195;0.0002924353;7.4505806e-06;2253.9666;2625.5266;-1305.2822;6316.3057;-576.36945;-531.5911
1950-11-13;2.651764;-3.7457173;-6.3861175;754.0073;0.99405694;110.26983;0.0040690103;3.973643e-07;132.05663;-7.345365e-21;0.0037103882;-1.1442015;0.00025331974;0.18188357;0.18163025;0.00062026083;0.0007264316;2951.3616;3436.9578;-1707.4316;5840.868;-794.83887;-533.1767
1950-11-14;2.7848103;-3.603902;-6.5639634;754.98267;1.028282;120.72312;0.001953125;-7.3453654e-25;148.555;-7.345365e-21;0.5186349;-0.9106174;0.037789345;0.2181679;0.18037856;0.00019744039;0.0;2839.8445;3306.2034;-1872.83;5640.3535;-632.57556;-320.12555
1950-11-15;3.2408955;-5.326233;-6.9965997;754.6738;0.9925387;159.00287;0.0007324219;-7.3453654e-25;150.53123;-7.345365e-21;0.0031352043;-1.0050796;0.00023841858;0.17938018;0.17914176;9.872019e-05;0.0;2964.2578;3449.9246;-1916.8467;5573.9062;-698.19556;-397.92776
1950-11-16;3.5459595;-5.88677;-5.4861436;751.7705;0.8626383;221.28157;0.01977539;4.0133796e-06;149.57616;-7.345365e-21;2.0556183;-0.9486685;0.17507374;0.3530085;0.17792732;4.656613e-05;0.025644898;2956.4033;3440.8123;-1735.0133;5829.87;-659.0089;-378.44778
1950-11-17;0.88345337;-4.2763314;-7.7199073;748.11865;0.733357;212.51396;0.13793945;2.014637e-05;149.777;-7.345365e-21;0.0004351138;-0.8714534;0.0009834766;0.17771125;0.17674267;0.009628013;0.0;2709.8755;3155.5266;-1884.8689;5404.8687;-605.4056;-545.23553
1950-11-18;0.0105896;-2.2662468;-2.9464862;749.2126;0.8154786;185.48482;0.20027669;3.0080477e-05;146.40233;-7.345365e-21;1.2752444;-0.53804463;0.09043515;0.26603043;0.17559528;0.011796132;0.030688941;1954.8278;2276.9912;-897.355;6492.7515;-373.79944;-447.65555
1950-11-19;-0.4272766;-1.7597555;-1.4879366;749.2249;0.922929;202.19942;0.21166992;3.202756e-05;150.24835;-7.345365e-21;1.5448868;-0.7161088;0.11232495;0.28680265;0.1744777;0.011492521;0.015057623;1753.1945;2041.9211;-694.1617;6746.6655;-497.49112;-572.9155
1950-11-20;-0.6482747;-3.834615;-4.753446;749.26373;0.6970034;139.81355;0.31974283;4.684925e-05;142.57713;-7.345365e-21;0.09120194;-0.7915739;0.004798174;0.17818809;0.17336756;0.01642853;0.045359135;2314.851;2696.5522;-1436.9684;5912.004;-549.9533;-598.5244
1950-11-21;-0.8071225;-6.680954;-8.586673;749.27563;0.8511901;88.51653;0.38989258;5.4240227e-05;142.18878;-7.345365e-21;0.0014543533;-0.7651616;0.0023394823;0.1745969;0.17224252;0.023201108;0.00059604645;2875.8445;3351.1821;-2122.236;5088.3057;-531.6311;-586.0733
1950-11-22;-1.7286161;-7.2293205;-8.271546;747.4956;0.8716678;106.22355;1.1041666;0.00019554298;141.3076;1.1393229;1.6370118;-0.4466232;0.015705824;0.18687546;0.17116219;0.012464821;1.4317558;2758.3433;3212.0745;-1831.6844;5321.8857;-310.30722;-520.75555
1950-11-23;-4.4659295;-10.549882;-7.875777;750.35205;1.7671267;45.564373;22.569906;0.0028814476;123.832664;22.949219;1.8547058;-0.4389109;0.0064074993;0.17650425;0.1701042;0.05580671;1.8404238;1611.6378;2081.6033;-1216.5339;5653.649;-313.85443;-561.81335
1950-11-24;-4.051192;-12.3251;-9.856415;749.90356;1.2896146;41.835987;23.883707;0.0033644438;142.59698;23.72233;0.28173456;-0.28211996;0.03938377;0.20845234;0.16908348;0.3395006;0.18627942;2089.1416;2754.9434;-1560.8667;5213.383;-203.81555;-542.26666
1950-11-25;-2.884674;-5.6629434;-4.0243187;748.0351;0.6564565;125.60483;41.704346;0.0061244965;141.84471;42.3584;7.0379734;-0.29260665;0.10274351;0.2708137;0.1680702;0.62906;6.254386;1540.0906;2242.1145;-827.14886;6221.1167;-210.35667;-391.18777
1950-11-26;-4.196686;-5.929296;-5.4467583;744.86725;0.67935157;171.91875;70.348145;0.010365963;146.74738;70.43457;1.9811571;-0.3540814;0.026613474;0.1936853;0.16707182;0.19894168;1.732938;1151.211;2324.1555;-892.6989;5942.67;-260.50665;-309.83112
1950-11-27;-4.488993;-7.131336;-5.2975326;746.80817;0.8056248;151.64069;71.56039;0.010758479;150.3867;71.69596;0.3456056;-0.30228123;0.022381544;0.18844008;0.16607344;0.2270639;0.31860918;1359.8105;2749.412;-857.25446;5872.1577;-224.18222;-326.53888
1950-11-28;-3.9969177;-6.034088;-3.7790158;749.3792;0.9288481;173.98076;71.86987;0.010879517;150.22914;72.22494;2.7554417;-0.29588863;0.06772578;0.23283064;0.16510487;0.65262616;2.6229508;1469.4512;2861.8245;-894.5872;6036.7505;-218.72778;-366.6911
1950-11-29;-3.7209117;-4.3494124;-2.407552;747.2625;1.2806758;207.21318;98.55656;0.019205531;147.7783;128.21452;10.746249;-0.20086579;0.0018179417;0.16596913;0.16412884;0.0;10.40465;372.18222;1248.9434;-143.96666;6816.269;-156.36778;-195.67444
1950-11-30;-2.676202;-3.7069004;-1.7964987;746.5139;0.6847798;128.24446;100.0;0.02865529;151.61913;188.15105;6.358066;-0.14747772;0.009119511;0.17230213;0.16317517;0.068210065;6.0315914;467.92612;1759.5111;-313.15778;6716.4185;-113.414444;-128.88
1950-12-01;-3.1103694;-5.62705;-3.6575825;747.5179;1.2211931;27.90908;100.0;0.030375877;155.91795;194.74284;0.18378198;-0.11694711;0.020034611;0.1822561;0.16222894;0.22139773;0.17903373;794.3933;2682.439;-985.5983;5814.3823;-87.55556;-66.01111
1950-12-02;-6.3320746;-11.361722;-10.120194;748.749;1.4218197;29.204828;100.0;0.030176798;159.39516;189.45312;0.0021457672;-0.0734888;0.013694167;0.17496943;0.16127527;0.16554818;0.0017173588;1059.8711;3309.4756;-1399.4161;4721.03;-52.967777;3.1677778
1950-12-03;-8.217841;-12.141337;-11.193364;747.4688;1.3230325;32.965637;100.0;0.029941758;161.71645;185.4248;0.0026255846;-0.07843226;0.02142787;0.18174946;0.1603365;0.2398938;0.001758337;1084.2872;3246.0854;-1269.21;4745.562;-57.18;-22.698889
1950-12-04;-6.190061;-7.994194;-6.01177;745.97876;0.78847986;147.64043;100.0;0.029928884;163.14647;183.55305;0.5535329;-0.1316052;0.015497208;0.17490983;0.15942007;0.17383322;0.5131364;621.20667;1790.81;-484.7972;6068.67;-101.24778;-78.46667
1950-12-05;-5.8536987;-8.420853;-6.3579674;746.28735;0.9747014;57.034286;99.8501;0.029788375;164.46515;181.11165;0.05390346;-0.22472069;0.04129857;0.19980967;0.1585111;0.43780917;0.05025789;1029.1317;2871.5388;-1157.3744;5356.6953;-172.53444;-130.85222
1950-12-06;-7.8533783;-12.347037;-10.298701;748.2813;1.5329906;18.429432;99.3715;0.029376546;166.78156;175.9847;0.003233552;-0.2282951;0.012651086;0.17027557;0.15761703;0.13891794;0.003233552;1159.914;3083.371;-1328.9105;4788.401;-174.33112;-35.594444
1950-12-07;-9.215964;-15.102013;-12.616371;752.2254;1.570562;15.03458;98.74642;0.029078523;168.89484;171.9157;0.0008491689;-0.119078904;0.019975007;0.17669797;0.15671551;0.21247566;0.0;1277.9589;3270.2312;-1644.1761;4212.6396;-90.174446;19.255556
1950-12-08;-7.908097;-17.970236;-12.417998;755.4069;1.3646718;41.492077;98.08358;0.02852706;170.36359;167.19563;0.0004351138;-0.078596175;0.06827712;0.22411346;0.1558587;0.676129;0.0;1325.2828;3268.9111;-1621.2428;4288.125;-61.59667;21.156666
1950-12-09;-5.3192153;-14.800786;-10.0837755;757.065;1.4546431;12.438857;97.06559;0.02704505;171.60284;157.26726;0.0;-0.080300495;0.19910932;0.3541261;0.15500933;1.9228309;0.0;1327.9767;3154.9844;-1403.5873;4783.344;-63.02222;7.1022224
1950-12-10;-2.6299946;-12.685292;-8.970912;756.8603;1.1794178;75.82157;94.410645;0.024669567;173.24379;142.17122;0.0012951568;-0.10137446;0.2696216;0.42378902;0.15417486;2.53826;0.0;1373.3306;3110.662;-1379.3606;4986.757;-77.76;11.782222
1950-12-11;-1.722168;-11.123057;-8.47088;755.43677;1.0443014;125.40588;91.63827;0.022064447;174.62335;126.057945;0.00085615506;-0.09587966;0.27646124;0.4298091;0.15334785;2.538249;0.0;945.255;2044.3033;-981.4067;5451.2046;-74.155556;31.383333
1950-12-12;-1.5830383;-10.805317;-7.798159;756.2163;0.9437186;143.84908;89.75887;0.019450506;175.65623;110.188805;0.0012885937;-0.0609532;0.27877092;0.4313141;0.15252829;2.4945736;0.0;925.70166;1935.65;-967.85834;5524.032;-47.106667;9.172222
1950-12-13;-2.9329479;-13.06096;-10.707452;755.9546;1.1100675;57.172207;87.39396;0.016519466;176.50877;93.30241;0.0012993806;-0.07112138;0.3580451;0.5097687;0.15173107;3.1105206;0.0;1535.9288;3107.2822;-1626.8173;4597.4604;-54.694443;-13.762222
1950-12-14;-3.4749298;-13.259728;-10.84975;754.5999;1.2423534;30.75516;76.79598;0.013732195;179.13832;76.70084;0.0004351138;-0.16864017;0.29489398;0.44584274;0.15093386;2.4852548;0.0;1679.3256;3114.6746;-1777.6781;4472.952;-123.96555;-33.38222
1950-12-15;-3.5145047;-12.994072;-10.957146;753.07135;1.1929207;31.503763;63.111652;0.01140821;180.63637;62.94759;0.0004351138;-0.18152967;0.25592744;0.40607154;0.150159;2.1000617;0.0;1868.7456;3105.0923;-1897.1117;4456.331;-132.53111;-110.90889
1950-12-16;-2.5216014;-14.6202345;-10.509841;752.3619;1.0426843;58.472458;51.51009;0.009324312;181.04295;51.35091;0.0;-0.13273768;0.24574995;0.3951341;0.14937669;1.9698031;0.0;1998.6705;3059.5823;-1910.995;4606.5073;-96.81778;-150.24667
1950-12-17;-2.4624279;-15.390658;-10.515461;752.1194;1.1466501;36.954197;41.26945;0.0074816146;181.37726;41.137695;0.0;-0.13843738;0.21387637;0.36250055;0.14861673;1.6819686;0.0;2140.9617;3070.1423;-2034.2089;4584.073;-100.33111;-172.12111
1950-12-18;-3.572707;-11.359757;-10.810189;750.6946;1.4109102;30.53707;33.69466;0.0061309338;181.63866;33.691406;0.0;-0.16369018;0.13358891;0.28145313;0.14787167;1.0369904;0.0;2228.234;3049.881;-2122.9473;4500.4067;-119.774445;-275.40332
1950-12-19;-4.446131;-13.088103;-11.612183;748.4454;1.1390759;36.23585;28.875895;0.0052706003;181.85252;28.889975;0.0004351138;-0.17177686;0.079870224;0.22701919;0.14714152;0.61424446;0.0;2299.09;3057.4756;-2226.3237;4346.512;-127.316666;-392.28778
1950-12-20;-5.458429;-13.63341;-11.714391;748.03827;1.0005355;300.42706;25.57308;0.004677137;182.0296;25.512695;0.0;-0.20040944;0.05376339;0.2001822;0.14641881;0.41101873;0.0;2298.355;2997.2979;-2130.534;4453.8877;-148.17667;-472.79
1950-12-21;-5.2547455;-12.080402;-11.549522;749.79047;0.9299037;208.59138;22.732096;0.004157702;182.18813;22.705078;0.0004351138;-0.18182397;0.059857965;0.20557642;0.145711;0.4549846;0.0;2301.2505;2957.4033;-2141.1465;4486.7114;-133.45;-458.96667
1950-12-22;-4.1694336;-14.241294;-11.842235;751.7255;1.0379997;68.63829;19.30835;0.0035239856;182.3268;19.16504;0.0;-0.15369244;0.08916855;0.23418665;0.1450181;0.67494065;0.0;2285.6245;2891.6921;-2254.2534;4413.5796;-109.78555;-310.43555
1950-12-23;-1.8324738;-16.189798;-6.8884506;753.0446;0.79964715;179.27129;16.009033;0.002955397;180.79945;16.194662;0.9929121;-0.18091314;0.07304549;0.21737814;0.14434755;0.5431529;0.9788983;2047.7844;2548.6277;-1373.2136;5625.6587;-129.31334;-287.98557
1950-12-24;-2.805135;-6.6248336;-6.2139487;749.99457;0.7451212;256.11432;35.967773;0.0053426824;146.46222;36.010742;1.3554692;-0.23214611;0.0949651;0.2386421;0.143677;0.68103707;1.2668371;1591.7977;2270.5466;-1157.6888;5792.576;-169.13777;-315.12668
1950-12-25;-3.5337524;-6.1099052;-7.515981;747.67303;0.77859306;215.23982;31.44043;0.004699508;150.56378;31.29069;0.0516057;-0.15903917;0.10716915;0.2501905;0.1430139;0.8094274;0.03511086;1845.7972;2543.791;-1380.3872;5495.0684;-115.17667;-375.69778
1950-12-26;-4.013672;-5.7744813;-5.553636;746.74396;0.82723564;260.04346;27.772299;0.004169623;150.36781;27.832031;0.26493073;-0.18808246;0.049233437;0.19161403;0.14237314;0.37189946;0.25879592;1624.3;2173.1777;-998.9778;5967.967;-137.31223;-502.53778
1950-12-27;-3.9250386;-5.673635;-4.1072555;746.1221;0.7563166;236.8036;28.884766;0.0043614306;150.02309;28.849283;1.0437965;-0.20589027;0.041633844;0.18338859;0.14173985;0.28705224;0.9893775;1501.9911;2008.4144;-782.73334;6264.189;-150.17;-520.7378
1950-12-28;-3.6481934;-4.5302734;-3.157252;747.3299;0.90985745;229.57848;43.604492;0.006589651;148.59242;43.741863;2.613008;-0.15773624;0.004157424;0.14527142;0.14112145;0.008540228;2.5454202;721.285;1086.0667;-392.37946;6624.278;-116.99;-315.26556
1950-12-29;-4.7051187;-5.8941956;-2.966802;744.0857;1.0356826;239.56929;71.16235;0.016356865;142.84828;114.095055;36.5078;-0.2563363;0.09267032;0.23318827;0.14050305;0.276383;34.68673;1145.2417;1824.5022;-499.70612;6486.5913;-194.43;-481.01556
1950-12-30;-4.6842027;-5.264595;-3.2615726;742.0964;1.3360616;203.17046;100.0;0.05748554;136.20409;417.84668;27.645607;-0.13617054;0.0;0.139907;0.13989955;0.0;27.426056;384.71167;1649.4789;-141.49055;6741.931;-107.21111;-232.40445
1950-12-31;-5.543701;-6.1254272;-4.3562064;745.5899;1.2826773;199.4345;100.0;0.08222123;149.47621;548.4212;13.634005;-0.09460747;0.0;0.13931096;0.1393035;0.0;13.627373;272.735;1170.3;-107.395;6671.54;-74.496666;-182.65222
1951-01-01;-5.788208;-6.7461724;-4.9204574;748.8266;0.77985835;182.45882;100.0;0.08863163;152.67055;580.5257;1.602285;-0.062013976;0.0;0.13871491;0.13872981;0.0;1.5761051;483.30554;2059.199;-423.64557;6298.441;-48.842224;-142.85889
1951-01-02;-7.09568;-10.679993;-8.829114;748.44794;0.8028748;178.63359;100.0;0.089212775;157.62921;565.6738;1.9939204;-0.03569573;0.0;0.13814867;0.13815612;0.0;1.8511229;608.4889;2529.1023;-582.20056;5700.489;-28.171112;-112.431114
1951-01-03;-3.8899536;-4.565745;-5.14373;747.35297;0.35952607;216.76692;100.0;0.09678654;156.17772;618.2048;10.887223;-0.00033713877;0.0;0.13759732;0.13758987;0.0;10.603823;332.69446;1386.1045;-95.14445;6699.6523;-0.31;-64.844444
1951-01-04;-4.50118;-5.8164496;-5.5559044;745.8282;0.5732394;239.96623;100.0;0.10354841;157.6559;657.55206;1.1306345;-0.0028908253;0.0;0.13703108;0.13703853;0.0;1.123719;620.9211;2603.1145;-708.9911;5882.9824;-2.3333333;-89.23889
1951-01-05;-7.599604;-9.706676;-8.679774;745.3398;0.9102204;100.9267;100.0;0.103712045;163.57745;634.5622;0.04597575;-0.014113262;0.0;0.13647974;0.13648719;0.0;0.042252243;657.5011;2676.9634;-1037.42;5184.3413;-11.246111;-103.63333
1951-01-06;-9.173473;-11.60036;-11.856687;742.58154;1.0407162;38.62134;100.0;0.10517224;165.74608;633.5449;5.926123;0.007994473;0.0;0.1359433;0.1359433;0.0;5.9222207;519.55444;2063.6133;-233.44667;5876.3013;6.1883335;-48.86889
1951-01-07;-6.932566;-9.590431;-8.593319;737.8676;0.85566086;35.319107;100.0;0.11468077;159.31378;719.36035;5.745623;-0.015486963;0.0;0.13542175;0.1354143;0.0;5.735241;454.27554;1908.4355;-530.16833;5830.526;-12.26;-59.324444
1951-01-08;-9.731034;-13.309475;-12.437301;742.40454;1.1326073;26.112093;100.0;0.1160694;163.13377;712.44305;0.009647011;0.005211681;0.0;0.13488531;0.13488531;0.0;0.008367002;772.52277;3167.9377;-1185.2356;4649.261;4.3233333;-62.375557
1951-01-09;-11.470702;-18.665297;-18.088224;744.7534;1.1295002;66.36242;100.0;0.11608764;166.39613;698.32355;0.0010057254;0.017190352;0.0;0.13436377;0.13437122;0.0;0.00014901161;854.81165;3411.5645;-1228.6239;4130.864;13.373333;33.918888
1951-01-10;-12.163422;-19.847134;-21.146362;748.7402;1.3837539;10.705596;100.0;0.11611036;168.64711;689.2497;0.0017169695;0.027975067;0.0;0.13385713;0.13385713;0.0;0.0;901.4039;3508.8555;-1342.7439;3767.9211;21.805555;98.10111
1951-01-11;-10.030509;-23.701105;-22.355865;748.989;1.1346868;85.332214;100.0;0.116130315;170.44594;681.88477;0.0012997534;0.007928349;0.0;0.1333654;0.13335794;0.0;0.0;900.42444;3414.912;-1031.8073;4082.865;6.188889;114.12889
1951-01-12;-10.356407;-20.711065;-20.453684;746.76935;1.0537901;47.437817;100.0;0.1161379;172.34145;674.113;0.0012934206;0.011014752;0.0;0.13285875;0.13285875;0.0;0.0;909.32446;3366.1067;-996.87335;4283.503;8.54;59.233334
1951-01-13;-11.8533325;-17.123262;-20.060835;748.18036;1.3563433;12.115574;100.0;0.116165794;174.3639;666.58527;0.0033199785;0.03902521;0.0;0.13236701;0.13236701;0.0;0.00075250864;951.99054;3439.5244;-1186.545;4086.8027;30.422222;55.572224
1951-01-14;-9.857347;-18.358727;-19.853907;749.2544;1.0542916;186.4485;100.0;0.11619536;176.3421;659.3831;0.00020861626;0.018214807;0.0;0.13189018;0.13187528;0.0;0.00022351742;843.4683;2979.381;-914.43;4435.958;14.146667;67.73889
1951-01-15;-8.652458;-14.4947405;-16.791866;747.25;0.7012673;146.42244;100.0;0.117528796;176.3395;665.89355;4.979971;0.016750768;0.0;0.13141334;0.13139844;0.0;4.970107;752.5967;2607.4067;-329.57056;5411.588;13.058888;8.777778
1951-01-16;-7.2658997;-8.502934;-9.808674;745.1489;0.48500136;166.06082;100.0;0.1235435;169.33202;729.6956;2.5607347;0.008279458;0.0;0.1309216;0.13092905;0.0;2.5547407;495.1;1886.7678;-259.87668;6104.416;6.462222;-60.517776
1951-01-17;-8.009028;-11.511635;-10.316944;749.5064;1.020351;99.51452;100.0;0.12419812;173.61456;716.38995;0.0054240227;-0.008522533;0.0;0.13045967;0.13045967;0.0;0.0045746565;896.79;3373.771;-1171.8206;4909.18;-6.87;-102.05889
1951-01-18;-7.4704804;-11.896419;-14.704101;749.9565;0.86488223;250.33795;100.0;0.124221645;177.46254;700.6429;0.0010311604;0.03918819;0.0;0.13001263;0.12999773;0.0;0.00016391277;986.8078;3622.7534;-1358.0061;4297.744;30.62111;4.3344445
1951-01-19;-8.184943;-10.5429735;-14.937836;745.02734;0.6022355;279.43393;100.0;0.12702477;175.56183;723.51074;5.0089865;0.035214238;0.0;0.1295358;0.1295358;0.0;5.0030837;392.5778;1441.8389;-52.97278;5848.303;27.485556;13.831111
1951-01-20;-6.90486;-7.9908843;-9.130887;746.2487;0.9696603;239.62903;100.0;0.13107233;174.07387;753.05176;4.5159187;0.013800338;0.0;0.12908876;0.12908876;0.0;4.4964848;384.67776;1463.0911;41.315556;6517.137;10.623333;-58.59778
1951-01-21;-6.395083;-7.1257453;-5.946541;742.18945;1.4248438;202.14513;100.0;0.14812005;167.85089;880.778;25.531273;-0.05746074;0.0;0.12864172;0.12864172;0.0;25.503769;201.02722;831.14;-46.869446;6618.697;-45.25778;-122.75889
1951-01-22;-6.655317;-7.6684823;-6.0421586;741.30206;1.5581974;196.29979;100.0;0.16379137;166.20506;984.375;14.136079;-0.08826703;0.0;0.12819469;0.12819469;0.0;14.127515;404.3739;1720.63;-145.52834;6489.047;-69.26778;-172.16556
1951-01-23;-9.544513;-11.021561;-7.481665;734.3115;1.2096096;204.78278;100.0;0.20469494;155.0423;1316.4062;38.03857;-0.0959672;0.0;0.12776256;0.1277551;0.0;38.010136;157.68167;690.5611;-448.39056;5886.601;-75.50445;-114.03555
1951-01-24;-12.460841;-14.471955;-11.389623;741.62506;1.2602706;214.71161;100.0;0.21618597;159.38051;1358.3578;1.7303109;-0.044915825;0.0;0.12734532;0.12732297;0.0;1.7268136;718.2683;3081.62;-745.0956;5261.312;-35.177776;-166.0389
1951-01-25;-12.999386;-14.915264;-12.879973;741.5552;0.8611088;253.8301;100.0;0.21810639;165.05467;1322.876;1.3755441;-0.025952235;0.0;0.12689829;0.12689829;0.0;1.3691932;700.2217;2942.4866;-699.2161;5196.5376;-20.246666;-164.41112
1951-01-26;-13.186768;-21.485388;-16.689398;743.3317;0.85906655;215.97974;100.0;0.21867676;170.7643;1282.1859;0.010335445;-0.020014122;0.0;0.12648106;0.1264736;0.0;0.009909272;958.9483;3938.5522;-1588.2489;3757.083;-15.396667;-68.92555
1951-01-27;-11.360512;-18.767092;-19.98452;743.2153;0.8495064;224.63539;100.0;0.2187037;174.92348;1251.4242;0.112086535;0.014232472;0.0;0.12603402;0.12605637;0.0;0.10544807;905.475;3617.3477;-854.0872;4457.996;11.379444;3.7966666
1951-01-28;-11.08286;-14.187535;-17.644705;743.93756;0.9578717;96.66041;100.0;0.21891499;178.70831;1225.9928;0.08320212;0.036355108;0.0;0.12563169;0.12563169;0.0;0.08061156;914.19556;3569.9146;-931.9595;4616.229;28.74;-34.74222
1951-01-29;-11.187015;-17.06613;-18.360826;743.8404;1.1832786;36.648804;100.0;0.21896231;182.80011;1198.8119;0.00067949295;0.021962449;0.0;0.12522936;0.12522191;0.0;0.00067427754;963.5222;3669.9177;-1133.6355;4279.609;17.47;13.082222
1951-01-30;-10.603152;-15.502236;-18.960953;746.73505;1.4935244;24.427267;100.0;0.21899979;186.46742;1175.4965;0.011342764;0.04383363;0.0;0.124812126;0.12481958;0.0;0.010110438;1105.7023;4114.5347;-1120.4066;4277.318;34.533333;36.45222
1951-01-31;-8.253959;-16.950089;-17.239748;747.8262;1.0850493;74.316826;100.0;0.21904369;190.19789;1153.0355;0.003784895;0.00792183;0.0;0.124424696;0.124409795;0.0;0.00333786;1132.27;4107.561;-1203.3245;4362.592;6.5488887;13.98
1951-02-01;-7.1882324;-15.156764;-17.529015;746.4233;0.82523435;251.16911;100.0;0.21906348;193.93031;1131.0629;0.0019073477;0.021910295;0.0;0.12400746;0.124014914;0.0;0.0001937151;1185.1672;4199.222;-1254.4528;4250.6934;17.517778;25.088888
1951-02-02;-7.8331923;-15.493065;-17.065218;744.3243;0.81893235;164.14188;100.0;0.21908729;197.53026;1110.555;0.00095963466;0.01507625;0.0;0.12360513;0.12361258;0.0;0.00010430813;1211.3088;4194.493;-1292.1533;4270.0107;12.173333;-6.8444443
1951-02-03;-8.326935;-16.004774;-17.126741;743.6494;0.96674925;52.83334;100.0;0.21910791;201.01202;1091.39;0.0;0.015472993;0.0;0.1232177;0.1232177;0.0;0.0;1252.4127;4240.6255;-1310.2489;4244.814;12.492222;1.8233334
1951-02-04;-8.86916;-14.755437;-16.655022;741.7012;0.9879878;61.930737;100.0;0.21913008;204.39613;1073.3643;0.0;0.02202671;0.0;0.12283027;0.12283027;0.0;0.0;1268.6289;4201.898;-1216.5011;4411.2896;17.586666;-21.91
1951-02-05;-9.209953;-12.611282;-14.575706;738.9043;1.3102989;18.100924;100.0;0.21932574;207.75584;1056.722;0.5332172;0.015701167;0.0;0.12244284;0.12244284;0.0;0.52690876;972.96387;3167.3723;-585.4289;5381.0044;12.473333;-33.167778
1951-02-06;-8.943139;-12.791104;-12.141215;742.2458;1.3609077;33.068157;100.0;0.2199235;211.19464;1042.684;0.47262847;-0.07351488;0.0;0.12207031;0.12205541;0.0;0.46876818;1086.6611;3519.604;-919.1578;5166.5566;-57.573334;-88.22444
1951-02-07;-10.831665;-15.090672;-13.333176;746.87897;1.841033;25.563925;100.0;0.22009607;215.1087;1024.5361;0.037661195;-0.082588755;0.0;0.12168288;0.12167543;0.0;0.034168363;1341.2272;4284.323;-1548.9327;4210.2783;-64.71667;-66.00889
1951-02-08;-12.819428;-19.467823;-15.056066;746.0003;1.4769568;28.623138;100.0;0.22006838;218.58983;1007.8125;0.012713671;-0.04039239;0.0;0.12129545;0.12131035;0.0;0.012267381;1469.1433;4598.261;-1834.539;3758.6858;-31.276667;-90.29
1951-02-09;-12.206154;-24.747643;-17.92069;746.4312;1.2008784;33.1147;100.0;0.22004576;221.31313;995.27997;0.006946921;-0.02868101;0.0;0.12092292;0.12093037;0.0;0.0060871243;1463.1995;4487.344;-1449.725;3998.6157;-22.05;-36.155556
1951-02-10;-9.531991;-16.708757;-15.210178;745.0678;0.9031441;73.01063;100.0;0.22048259;222.80531;990.39716;0.5239316;-0.02632197;0.0;0.120565295;0.120557845;0.0;0.5213357;1384.1083;4229.013;-1104.3552;4763.668;-20.796112;-93.63556
1951-02-11;-10.33077;-15.036323;-14.769906;743.70905;1.3137635;25.838623;100.0;0.22054899;225.61066;978.8411;0.0015825033;-0.008432195;0.0;0.120192766;0.120192766;0.0;0.0011175871;1494.3567;4477.95;-1463.267;4312.573;-6.8155556;-71.138885
1951-02-12;-10.597579;-17.019053;-15.130778;748.107;1.5826087;22.74414;100.0;0.2205203;228.5117;965.9831;0.00044703484;-0.05106628;0.0;0.11983514;0.11982769;0.0;0.0004656613;1578.2783;4639.3716;-1662.208;4027.8564;-40.34778;-54.544445
1951-02-13;-9.049983;-18.1816;-15.60757;750.1447;1.1328284;40.126015;100.0;0.22049232;231.17902;954.5085;0.0008652927;-0.0068033114;0.0;0.11947751;0.11947006;0.0;0.0;1660.9323;4790.136;-1704.0856;3980.317;-5.4122224;-33.916668
1951-02-14;-8.17307;-17.605452;-15.581479;749.4248;1.0726646;51.56453;100.0;0.22048779;233.72914;944.21387;0.0021457663;-0.0063907355;0.0;0.11911243;0.11911243;0.0;0.0;1726.9061;4888.1646;-1782.8242;3907.0925;-5.098889;-24.283333
1951-02-15;-7.744217;-16.457277;-15.547546;746.5842;0.8819585;197.60847;100.0;0.22047548;236.19757;934.77374;0.0004351138;-0.021196902;0.0;0.118762255;0.118762255;0.0;0.0;1777.5784;4940.039;-1781.0353;3919.73;-16.754444;-39.19
1951-02-16;-8.830094;-12.407997;-14.501437;745.3667;0.7981784;205.35626;100.0;0.22051299;238.45375;925.6999;0.64106566;-0.06997492;0.0;0.11841953;0.11841208;0.0;0.6381422;1610.9889;4396.67;-1057.3717;4872.521;-55.21611;-132.10556
1951-02-17;-7.691223;-8.784019;-10.673816;746.5398;0.71709657;196.93703;100.0;0.22822504;227.94008;1000.56964;15.741428;-0.0015357509;0.0;0.1180619;0.11806935;0.0;15.735552;569.5289;1769.6812;1.5411111;6400.9805;-1.33;-86.98889
1951-02-18;-6.4133506;-7.301361;-7.45489;745.1856;1.1683693;196.29881;100.0;0.25157753;207.38475;1211.2631;35.537617;-0.021064654;0.0;0.11771917;0.117726624;0.0;35.531364;409.18112;1681.2023;-24.148056;6591.1377;-16.536667;-113.46667
1951-02-19;-5.0750937;-6.381659;-5.8748016;739.7951;0.72730803;90.58138;100.0;0.2854701;190.52374;1497.4365;17.151878;-0.0026654452;0.0;0.11739135;0.11737645;0.0;17.106104;368.87833;1611.71;-275.93;6400.9805;-2.1544445;-60.98
1951-02-20;-5.783071;-8.742486;-6.8563333;741.9405;0.902863;169.18398;100.0;0.29181656;198.79816;1470.7438;0.31476617;-0.03697537;0.0;0.11703372;0.11704117;0.0;0.3117621;1028.2433;4393.37;-1042.5839;5384.981;-28.5;-177.24
1951-02-21;-5.5402007;-6.5727973;-6.3341255;746.59064;0.8202928;217.38788;100.0;0.29518124;206.37401;1431.1117;7.5896683;-0.0473354;0.0;0.116705894;0.116698444;0.0;7.5843186;607.875;2543.4912;-105.384445;6604.7217;-36.985554;-169.82445
1951-02-22;-4.4873962;-5.2400804;-4.4784636;748.09033;0.7648959;224.07014;100.0;0.30852902;208.45863;1480.5094;11.221906;-0.049190596;0.0;0.11636317;0.11636317;0.0;11.215757;673.41614;2903.199;-382.31223;6443.1587;-38.39111;-184.01889
1951-02-23;-4.4063315;-6.0435066;-4.4695244;749.05225;0.9057681;247.36848;100.0;0.31175897;217.88182;1433.0648;0.96282655;-0.09947084;0.0;0.11602044;0.11603534;0.0;0.94521046;877.31665;3694.5955;-567.43225;6218.6343;-77.80444;-196.77556
1951-02-24;-4.2588906;-5.306254;-3.928861;748.08844;0.95045066;207.07121;100.0;0.31337193;226.97948;1382.2021;2.160126;-0.099023804;0.0;0.115692616;0.11570752;0.0;2.0745769;860.4744;3551.956;-547.38055;6291.883;-77.42889;-215.59111
1951-02-25;-3.3655598;-4.357353;-3.3639183;747.00116;0.9292876;131.45741;100.0;0.31639776;234.44627;1350.8707;2.5210657;-0.10291673;0.0;0.11539459;0.11537224;0.0;2.4587512;659.55334;2685.0334;-573.0622;6291.879;-80.64445;-174.55556
1951-02-26;-3.925948;-8.107609;-5.6769004;747.3934;1.0104636;59.52533;100.0;0.3170129;242.39777;1309.4889;0.005114078;-0.038282946;0.0;0.115051866;0.115051866;0.0;0.0042542815;1328.3883;5258.3066;-1595.1428;4826.191;-29.293333;-184.63777
1951-02-27;-5.5371413;-12.122116;-8.480718;747.529;1.1764363;34.798515;100.0;0.31698215;248.4684;1277.181;0.0019609928;-0.046838075;0.0;0.11473894;0.11473149;0.0;0.0014826655;1408.1995;5416.22;-1683.055;4491.251;-36.016666;-146.93445
1951-02-28;-4.947572;-12.856517;-11.301708;746.4316;0.9900597;193.67615;100.0;0.31696388;252.93097;1254.476;0.0004418194;-0.017903745;0.0;0.114411116;0.114403665;0.0;1.4901161e-05;1490.505;5582.176;-1695.5;4238.9834;-13.352222;-72.77111
1951-03-01;-3.9356182;-8.201472;-10.349971;748.48724;0.9024353;110.21738;100.0;0.317013;256.74316;1235.7992;0.07015467;0.016430393;0.0;0.11408329;0.11409074;0.0;0.06374344;1137.2139;4159.7007;-788.37555;5533.459;13.383333;-87.05334
1951-03-02;-3.4818218;-9.037169;-9.47993;749.7386;0.969959;83.39315;100.0;0.3170633;260.79135;1216.7969;0.0061392784;0.0023841858;0.0;0.11378527;0.113770366;0.0;0.00021606684;1470.1528;5253.9155;-1408.1461;4844.3057;2.5644445;-100.45333
1951-03-03;-3.9267628;-9.727086;-9.273732;749.38696;0.966742;60.831146;100.0;0.31707206;264.73764;1198.5677;0.006729364;-0.016339123;0.0;0.11345744;0.11345744;0.0;0.00500679;1562.6611;5456.0366;-1279.1906;5045.259;-11.957778;-133.36055
1951-03-04;-4.2150064;-6.777893;-7.6690636;747.8754;0.7643469;80.04424;100.0;0.31980917;265.8623;1203.3285;4.7843337;-0.045949593;0.0;0.11314452;0.11314452;0.0;4.3769813;1089.0056;3894.978;-797.83;5716.2354;-35.675556;-142.51445
1951-03-05;-4.365967;-7.0385156;-6.730657;747.2888;0.7962654;62.483276;100.0;0.32200694;268.10156;1202.474;0.45489264;-0.07320754;0.0;0.11283159;0.11283904;0.0;0.42449683;1182.5906;4290.233;-1014.6322;5537.092;-56.97222;-175.32222
1951-03-06;-4.737478;-6.7476907;-6.5751395;746.8101;0.8996506;85.98736;100.0;0.32266176;271.88705;1187.8662;1.0688603;-0.12256205;0.0;0.11253357;0.11252612;0.0;1.0068417;1257.2203;4485.5356;-943.8994;5634.2637;-95.818886;-220.38445
1951-03-07;-5.24235;-8.047818;-7.1162415;748.0662;1.0100888;70.45129;100.0;0.3233699;275.39746;1175.3744;0.50090253;-0.08554291;0.0;0.112220645;0.112220645;0.0;0.4435256;1355.0264;4792.4717;-1283.8744;5141.2;-66.66556;-193.45778
1951-03-08;-3.4821613;-9.864852;-8.19202;748.8987;0.9315867;148.94283;100.0;0.32359076;278.96548;1161.2142;0.13539791;-0.042762607;0.0;0.11192262;0.11191517;0.0;0.1320988;1717.5695;5959.3335;-1532.1017;4788.926;-32.494446;-151.98222
1951-03-09;-2.5815632;-4.9133606;-6.3224845;746.67426;0.8095861;219.69182;100.0;0.32430768;282.09213;1150.8789;0.8071244;-0.028900802;0.0;0.1116097;0.11161715;0.0;0.62656033;1230.8484;4207.719;-810.1483;5870.3657;-22.14889;-148.23334
1951-03-10;-2.3784993;-4.8366294;-4.841883;747.0328;0.85544807;266.6004;100.0;0.32459903;286.3724;1135.2133;0.029915571;-0.05831197;0.0;0.111311674;0.111319125;0.0;0.026166439;1571.7877;5275.68;-1265.5856;5454.9624;-44.918888;-192.30945
1951-03-11;-1.775411;-5.425873;-4.9155984;744.23;1.6302246;212.79688;100.0;0.32489538;290.54004;1119.6289;3.4529731;-0.22070669;0.0;0.11101365;0.1110211;0.0;3.1119325;1623.1892;5288.1733;-1067.4739;5676.102;-172.84111;-184.19112
1951-03-12;-4.3756104;-5.421444;-3.6259346;742.184;1.1189649;164.22572;100.0;0.33822045;280.77377;1204.956;12.788534;-0.15390664;0.012680888;0.123396516;0.11072308;0.11873618;12.22815;1124.1984;4413.945;-785.7161;6060.681;-120.46333;-328.49554
1951-03-13;-4.8334756;-12.200059;-4.985502;747.78;0.9012416;25.21991;100.0;0.34149018;282.22427;1212.3209;0.006428034;-0.19854493;0.0;0.110432506;0.110425055;0.0;0.004284084;1526.5455;5982.169;-1634.7256;4866.1006;-155.05112;-328.2475
1951-03-14;-4.5049033;-13.868355;-8.201233;750.56665;0.9995058;68.191345;100.0;0.3413887;286.22754;1195.4346;0.0008523463;-0.08219294;0.0;0.11013448;0.11014193;0.0;0.0;1678.1509;6363.401;-1857.3083;4318.648;-63.406666;-178.04277
1951-03-15;-3.7450054;-13.838639;-9.47908;749.1955;0.9674942;69.20158;100.0;0.3413345;289.36523;1182.1289;0.0;-0.060809776;0.0;0.10985136;0.10984391;0.0;0.0;1718.6022;6344.5146;-1678.1766;4502.083;-46.525555;-155.54723
1951-03-16;-2.9055378;-9.038696;-9.33936;747.8496;0.9745484;209.02202;100.0;0.34130493;292.2881;1170.0846;0.0004351138;-0.0224486;0.0;0.10955334;0.10956079;0.0;0.0;1704.4567;6126.2188;-1484.8378;4803.3857;-16.507778;-149.68279
1951-03-17;-1.4909872;-4.9172873;-7.9713645;748.14825;0.8609314;261.1595;100.0;0.34132245;295.49414;1157.7555;0.0029563904;0.018876046;0.0;0.109255314;0.109270215;0.0;0.00166893;1601.742;5605.007;-1084.9177;5419.45;15.83;-148.08444
1951-03-18;-0.984019;-5.7490945;-5.9983115;748.9378;0.8832963;189.29124;100.0;0.3411988;299.33853;1143.2699;0.00047981727;-0.047678128;0.01962483;0.12862682;0.10898709;0.24511293;5.2154064e-05;1741.8177;5938.751;-1319.7256;5316.4395;-36.315556;-187.15222
1951-03-19;0.014455159;-8.660268;-5.2775064;748.9561;0.97887725;71.11478;100.0;0.34082702;303.65884;1126.7904;0.0008523463;-0.07541757;0.033274293;0.14197826;0.10870397;0.39453804;0.0;1923.9216;6363.912;-1592.9512;5056.5967;-57.70778;-172.46556
1951-03-20;-0.49090576;-7.6128945;-4.8362885;746.4527;0.992016;87.557106;100.0;0.3403839;308.33755;1109.1715;0.017995367;-0.08497946;0.03501773;0.14345348;0.10842085;0.38980693;0.0;1976.7648;6343.42;-1590.025;5080.242;-65.189445;-188.37778
1951-03-21;-1.0978292;-5.9527383;-4.3278832;744.7691;0.9703652;177.10248;100.0;0.33988646;313.04688;1092.2852;0.0133782625;-0.14013517;0.045135617;0.15327334;0.10813773;0.4427526;0.0046491623;1939.0808;6055.8467;-1463.6505;5271.6333;-108.82;-185.60777
1951-03-22;-0.8227234;-3.8517964;-3.3260167;747.529;0.9270913;118.82296;100.0;0.33909658;317.6058;1075.3174;0.0037252903;-0.084651634;0.10612607;0.21399558;0.107862055;0.94641745;0.0010281801;1878.4856;5724.2607;-1361.5239;5474.2646;-65.32889;-195.76111
1951-03-23;-0.017150879;-5.3449807;-2.6918895;751.32886;1.0165939;92.40101;100.0;0.33788455;322.35904;1057.1289;0.0017160373;-0.12345426;0.151366;0.25895238;0.107586384;1.268141;0.0;2206.351;6512.5107;-1748.7095;5073.879;-95.41778;-205.00667
1951-03-24;0.3151957;-6.785929;-2.230611;751.02374;1.102421;84.34008;100.0;0.33649132;327.76236;1037.0687;0.0021457663;-0.1409063;0.18104911;0.28836727;0.10731816;1.3099294;0.0;2378.1128;6672.8755;-1879.9144;4982.352;-108.95556;-198.32222
1951-03-25;0.8588765;-7.415802;-1.536663;746.34467;0.8453235;104.8426;100.0;0.3352176;334.31802;1013.9567;0.58311963;-0.14676246;0.14807284;0.25510788;0.10704249;1.0919292;0.36894158;2084.0288;5520.391;-1182.3461;5861.376;-113.80556;-178.63889
1951-03-26;-0.5317891;-2.7840984;-0.41959634;743.66095;0.7583583;112.23652;100.0;0.33830917;335.277;1019.20575;4.17805;-0.17128885;0.22996962;0.33675134;0.10677427;1.5154034;3.405396;1659.665;4733.208;-872.2708;6325.5186;-133.59778;-242.50833
1951-03-27;-0.0848999;-2.9014385;-0.31600952;746.9837;0.972071;95.49705;100.0;0.3350501;342.97037;987.264;0.0014781952;-0.16648136;0.78462064;0.89113414;0.1065135;5.685866;0.0001937151;2600.064;6721.758;-1863.9653;5186.385;-129.29222;-289.53333
1951-03-28;-0.61724854;-4.105825;-0.4231453;747.04315;1.063066;70.83773;100.0;0.32990184;351.53256;948.2422;0.004130602;-0.30143;0.63474476;0.74099004;0.10624528;4.4637246;0.003643334;2709.8027;6515.8833;-1677.7164;5364.1953;-235.42555;-363.50082
1951-03-29;-1.4761047;-3.535797;-0.33735657;743.3317;0.8309643;89.70008;100.0;0.33095253;355.57553;938.3138;14.930906;-0.23069978;0.15383959;0.25983155;0.10599941;0.15774556;11.607532;1379.065;3181.929;-679.0306;6461.1484;-180.89444;-188.4
1951-03-30;-0.5586751;-2.9072163;-0.09196472;744.3476;1.1063708;42.95151;100.0;0.3432527;336.12402;1028.6051;5.1491504;-0.17220527;0.7264614;0.83222985;0.10574609;4.3895507;3.5777092;1582.925;5446.3525;-938.4853;6267.85;-134.06111;-290.05554
1951-03-31;-0.08985392;-5.597361;-0.27737808;748.8521;1.5235928;25.583878;100.0;0.34008563;341.2754;1004.3132;0.012764335;-0.27167612;0.521332;0.62683225;0.10550767;3.502896;0.0042766333;2040.8105;5995.9087;-1605.1819;5411.4126;-211.82333;-217.77556
1951-04-01;-0.57010907;-7.786387;-0.47613654;750.1065;1.5177855;29.855337;100.0;0.33729932;349.89194;971.639;0.0012993806;-0.3628349;0.2476275;0.3529042;0.105276704;1.6513989;0.0;2708.6455;7150.6885;-2029.3691;4935.649;-283.2439;-254.62334
1951-04-02;-0.3897705;-8.507985;-0.49341965;750.267;1.3937345;31.394129;100.0;0.3347433;359.99252;937.2966;0.00042648587;-0.3806846;0.41644275;0.52149594;0.10505319;2.76066;0.0;2955.235;7220.3433;-2114.6875;4858.1265;-297.23444;-261.62112
1951-04-03;-0.21209717;-5.349935;-0.41276804;751.07007;1.0564442;78.66571;100.0;0.33025968;370.25977;899.2513;1.8049955;-0.24304819;1.1458695;1.2507141;0.10484457;5.5550766;0.0013820827;2821.4011;6513.3657;-1644.4478;5474.743;-189.23222;-264.34555
1951-04-04;1.3401083;-2.9402974;-0.28150305;751.81366;1.0357567;95.800514;100.0;0.32141066;379.08365;855.2653;0.53777695;-0.09988155;2.1041036;2.2087545;0.104650855;11.3764105;0.0;2968.4956;6565.444;-1565.7411;5623.3154;-76.543335;-249.97667
1951-04-05;2.5338135;-1.6749268;-0.23222478;751.75824;1.047403;119.549934;100.0;0.30947077;386.7194;807.1289;0.9692848;-0.14750752;3.0912013;3.209114;0.11792034;12.549527;0.00010803342;3083.344;6602.275;-1291.8726;6026.731;-113.30334;-244.32
1951-04-06;3.9304707;-0.66593045;-0.16816966;750.49445;1.0144774;212.89027;100.0;0.2933339;391.88345;754.9235;0.007882701;-0.19640848;5.460188;5.6223273;0.16213953;18.671412;0.0;3404.1372;7111.547;-1643.5275;5646.0034;-141.52556;-180.75333
1951-04-07;3.1140442;-2.5205994;-0.33468375;747.7847;0.89309144;248.77754;100.0;0.2782993;398.32162;704.3864;0.79704225;-0.4287632;3.129229;3.2847075;0.15547872;12.793682;0.0;3143.8567;6443.246;-1566.8373;5606.8833;-317.94223;-132.52222
1951-04-08;0.7593791;-3.8368835;-0.45858383;748.37067;1.1376334;217.47058;100.0;0.2672201;406.76562;661.86523;0.09999573;-0.74176586;2.103105;2.2497325;0.14662743;9.305272;0.0;3515.601;7099.868;-1948.7997;5092.5654;-563.8911;-251.4
1951-04-09;0.98569745;-5.964518;-0.5446866;748.7923;0.93113184;176.36507;100.0;0.257315;416.28287;622.4365;0.0;-0.6402666;2.687037;2.8125346;0.12549758;9.777561;0.0;3688.7866;7365.4316;-1975.1361;5128.6987;-483.93945;-213.02777
1951-04-10;-0.22351074;-4.4638267;-0.41072845;748.3196;1.0064718;136.2613;100.0;0.2466306;424.70312;583.903;0.8641213;-0.6482089;3.1419845;3.2950191;0.15304983;10.299683;5.9604645e-05;3432.1655;6791.767;-1742.5688;5381.391;-492.25778;-280.34332
1951-04-11;-0.8151347;-5.044993;-0.46046957;749.6724;1.0300282;67.15942;100.0;0.23550749;432.7523;546.4274;0.4826647;-0.5051475;3.4795702;3.645748;0.16620755;11.249554;5.2154064e-05;3297.9321;6481.0815;-1594.0795;5529.188;-381.28778;-250.84889
1951-04-12;-0.072052;-5.562032;-0.48864618;752.04706;1.3313335;28.52234;100.0;0.22328849;440.8203;508.34146;0.033647984;-0.7454874;3.8041472;3.9595814;0.15542656;12.466185;0.0038817525;3614.881;7067.1157;-1639.925;5506.1934;-566.5928;-327.2022
1951-04-13;1.330129;-5.8458962;-0.57272595;753.20624;1.4022574;24.33793;100.0;0.2089045;448.18326;467.40723;0.0008523463;-0.54686236;4.885018;5.3218007;0.43679774;15.027001;0.0;3891.7805;7574.492;-1928.4427;5216.2754;-411.035;-200.84723
1951-04-14;2.1641948;-5.935486;-0.5956332;752.37573;1.3244785;29.183096;100.0;0.19242497;450.0;428.58887;0.0019297648;-0.47042313;5.7831035;6.0456247;0.26251376;16.868198;0.0;3922.6829;7607.918;-1860.6222;5331.8433;-351.77722;-183.91888
1951-04-15;2.018036;-4.6569314;-0.57552844;751.48706;1.1023248;88.01633;99.27466;0.17487888;450.0;389.4857;0.22160266;-0.3116606;6.907731;7.6713414;0.76361;17.3915;0.0;3637.7522;7022.0405;-1604.7955;5634.9243;-228.85945;-181.91333
1951-04-16;2.85023;-4.8705344;-0.5574277;751.4785;1.0500928;100.36019;97.37891;0.1569246;450.0;349.85352;0.100421906;-0.36190915;7.2103887;8.077174;0.86680055;18.015802;0.0;3678.369;7013.9395;-1577.8502;5696.497;-262.79556;-177.30667
1951-04-17;3.9730427;-4.600393;-0.5367915;752.2539;1.121075;108.6836;95.851234;0.13861327;450.0;308.8379;0.0016093245;-0.45137668;7.4762254;8.548752;1.0725409;18.396013;0.0;3579.2866;6760.128;-1346.4769;5994.628;-329.51556;-158.13556
1951-04-18;4.575724;-3.4442036;-0.56336087;751.9189;1.1054384;92.04626;94.91129;0.11995009;450.0;267.41537;0.2811283;-0.362345;7.2657914;8.486226;1.22042;18.566128;0.0;3506.4805;6578.7515;-1340.5305;6002.2783;-261.53778;-163.87
1951-04-19;3.077301;0.3259684;-0.1562767;747.3106;0.8495333;134.98642;94.462975;0.106473684;447.51724;237.7116;20.888527;-0.11551473;12.970507;14.069289;1.0987818;12.492948;0.593055;1561.1805;2915.4468;-103.325554;7337.1934;-78.632774;-73.388885
1951-04-20;1.1850586;-0.28519693;-0.19474792;746.25146;1.0455403;229.77876;94.23763;0.09219023;440.29623;208.21126;4.0602183;-0.5013272;7.9682617;8.748651;0.7803887;15.048601;0.009462237;2679.2017;5141.472;-785.3356;6605.7056;-373.83945;-308.28665
1951-04-21;-0.038319904;-1.1102194;-0.23558299;746.1208;1.0021087;246.11023;92.70646;0.0785172;440.31088;176.3509;6.251976;-0.5763918;7.3691607;7.681951;0.31279027;13.538167;0.33856928;2911.7017;5569.392;-649.4539;6776.128;-430.08444;-484.69556
1951-04-22;1.3820801;-1.0688171;-0.40044403;745.6128;1.0259097;210.41936;89.57284;0.06355953;440.99448;142.37468;2.1056838;-0.79496485;7.627696;8.853018;1.2253374;15.636269;0.002592802;3408.9673;6422.8623;-1057.1283;6353.16;-586.81946;-383.6911
1951-04-23;1.7038168;-0.5152181;-0.49350992;745.89575;0.9777954;128.76387;86.837074;0.04765014;441.6185;106.56738;3.4895926;-0.567493;7.5226126;8.323222;0.8005947;15.768385;0.00013411045;3300.4895;6088.2275;-1017.57446;6419.6787;-417.59778;-455.07
1951-04-24;2.110382;-1.3697714;-1.031339;746.9283;1.0790049;104.439415;74.52767;0.033914287;441.6172;75.805664;3.4955382;-0.64592904;6.4228177;7.317364;0.8945465;12.773455;0.0;3001.5457;5242.5435;-1105.7648;6246.029;-463.81055;-302.50446
1951-04-25;0.7159322;-1.2629496;-0.8539607;745.15814;1.1490016;108.39071;60.160725;0.024725517;399.26694;60.953777;17.83579;-0.9130491;6.56715;7.3993206;0.83217025;7.9598613;6.9406366;2898.166;4515.2217;-689.3411;6731.8936;-650.4572;-502.41
1951-04-26;-0.9816081;-2.8561199;-0.8471527;744.8186;0.90553266;182.33557;96.49056;0.032104094;208.7783;149.82097;8.021495;-0.47921297;1.8841326;2.648428;0.76428056;4.785951;6.557226;1801.8889;5682.7715;-870.0114;6309.1045;-355.22055;-322.18332
1951-04-27;0.24523926;-1.7518412;-0.8068072;747.10455;1.0281969;178.49548;92.214355;0.02690661;208.77374;126.42416;1.9128084;-0.5543977;2.9898434;3.857985;0.86814165;7.4190645;0.03642589;2233.5156;6094.17;-735.44;6593.1;-402.95776;-335.96445
1951-04-28;1.513031;-0.2289327;-0.8791631;750.2639;1.0898601;171.13275;74.37134;0.017488837;214.1367;79.87467;5.154848;-0.6123967;5.599901;6.663889;1.0639951;10.316827;0.0017657876;2649.5188;5893.7153;-791.6136;6636.1333;-432.67334;-425.68777
1951-04-29;2.7394612;-0.7572835;-2.827694;754.0384;1.2769076;120.85569;39.9528;0.008702517;217.25584;39.0625;1.176462;-1.6040858;2.9213428;4.011944;1.0906011;7.5044556;0.00036507845;4442.2007;7037.227;-1511.5834;6110.512;-1119.1884;-791.6189
1951-04-30;5.502767;-3.8773296;-4.0475326;754.6276;1.3141705;110.3641;16.533203;0.0036132336;217.90233;16.0319;0.05915463;-2.430398;1.1661053;2.3800135;1.2139008;3.565926;0.0;5729.953;7786.6763;-2205.7903;5609.762;-1691.0355;-790.83
1951-05-01;6.001638;-2.8882039;-3.2086346;751.39307;1.0813504;81.00091;6.4492188;0.0014177561;217.98045;6.184896;1.6169697;-2.1428335;0.7151365;2.037108;1.3219788;1.3320893;0.0;4846.741;6215.65;-1886.1261;6067.2085;-1488.7844;-616.89557
1951-05-02;4.318817;-2.8429973;-3.554629;745.90796;1.3571044;143.40167;2.7578125;0.0006060203;218.01234;2.766927;1.5614624;-2.5347154;0.49832463;1.9090474;1.4107227;0.5945936;0.0;5245.948;6598.695;-2038.4578;5831.367;-1761.3522;-1118.5144
1951-05-03;2.1624653;-1.3956604;-3.1430233;744.45416;0.9793008;111.2811;1.1702474;0.00025880337;218.6214;1.3834635;5.4906607;-1.6800221;1.2640506;2.7442575;1.4801993;0.20577386;0.0024214387;4272.7773;5339.548;-1545.275;6197.348;-1167.1978;-1031.2467
1951-05-04;2.7557476;0.92195636;-1.5057195;745.06305;0.85967606;135.49481;0.53808594;0.00011793772;217.99574;0.48828125;5.2858887;-1.8286966;1.1714101;2.7049332;1.5335157;0.108629465;0.0011883676;3947.6172;4924.8613;-1247.4839;6633.43;-1270.3489;-985.37555
1951-05-05;3.1863098;1.2808533;-1.1272188;745.4741;0.8604222;106.52796;0.2495931;5.1021576e-05;200.47914;0.040690105;4.845675;-1.8221662;1.0822415;2.6571453;1.5749037;0.056780875;0.010166317;3899.676;4865.561;-1195.287;6782.001;-1265.8088;-1059.6733
1951-05-06;3.310852;1.1915995;-1.5104154;746.8482;0.9598975;106.39088;0.09285482;1.8199285e-05;197.15656;-5.823352e-21;5.3890467;-2.0126626;1.2124926;2.8198063;1.6073138;0.021856278;0.0006183982;4191.414;5233.0845;-1352.9584;6665.646;-1398.1389;-1156.99
1951-05-07;3.623169;1.4186401;-0.97002286;748.46655;1.0343304;185.9517;0.036295574;6.159147e-06;181.44398;-5.823352e-21;4.8902407;-2.1080375;1.1367202;2.7691424;1.6324148;0.00923872;0.00082701445;4329.922;5412.3022;-1209.8478;6872.6523;-1464.3867;-1244.6755
1951-05-08;4.237142;2.7871094;-0.53786975;749.876;0.983248;242.04848;0.010335286;1.7086664e-06;181.35155;-5.823352e-21;6.5323353;-1.858511;1.4607161;3.1125844;1.6518682;0.002413988;0.0;3644.8716;4561.62;-1019.3297;7079.4287;-1291.045;-1063.5712
1951-05-09;3.8897502;0.9434102;-2.8931122;749.6403;1.0857793;88.812294;0.0039876304;5.165736e-07;160.23663;-5.823352e-21;4.994896;-2.2731042;1.1750013;2.8420389;1.6670376;0.0011399388;0.0005029142;4645.1377;5822.208;-1718.755;6346.0903;-1579.0505;-1215.3188
1951-05-10;5.0068665;-2.04894;-4.408119;750.51025;1.2161802;35.596325;0.00081380206;-5.823353e-25;156.47069;-5.823352e-21;1.4724135;-3.0786145;0.3119856;1.9903481;1.6783625;0.00023469329;0.0;5980.4873;7507.029;-2345.6833;5766.7246;-2138.611;-1114.5533
1951-05-11;8.010905;-0.2588501;-4.025664;751.71967;1.0714036;100.89561;0.0;-5.823353e-25;125.151344;-5.823352e-21;0.2919913;-3.3548112;0.050023198;1.7352104;1.6851872;3.3527613e-05;0.0;6296.5483;7915.0454;-2432.949;5907.7437;-2330.4756;-941.85443
1951-05-12;8.898387;-0.39892578;-1.15478;751.86176;1.1317447;185.59612;0.0;-5.823353e-25;100.57908;-5.823352e-21;0.00047683716;-3.4941416;5.9604645e-05;1.6868412;1.6867816;3.7252903e-06;0.0;6356.1133;8001.6055;-2443.3088;5982.558;-2427.2634;-991.6711
1951-05-13;9.313945;-2.687032;0.010083516;750.7232;1.1517795;249.57886;0.0;-5.823353e-25;99.99998;-5.823352e-21;0.0008583069;-3.5757833;0.00011920929;1.6854405;1.6853139;0.0;0.0;6311.3843;7956.511;-2383.1448;6028.4565;-2483.9778;-1116.38
1951-05-14;8.546448;-0.72680664;0.010187785;748.966;1.3399321;239.66377;0.0;-5.823353e-25;99.99998;-5.823352e-21;0.0;-3.4306674;0.0;1.6823709;1.6823783;0.0;0.0;6466.829;8164.359;-2423.8838;5973.967;-2383.1707;-1260.1133
1951-05-15;8.116963;-1.3477173;0.009883881;749.0142;1.7396239;215.94043;0.0;-5.823353e-25;99.99998;-5.823352e-21;0.030755997;-3.3773286;0.003993511;1.6819984;1.6780049;0.0;0.0;6390.9097;8080.259;-2526.4246;5769.847;-2346.1167;-1368.5322
1951-05-16;7.6460266;-4.3444924;0.009970347;750.0677;1.4169372;216.80107;0.0;-5.823353e-25;99.99998;-5.823352e-21;0.0017135872;-3.445738;0.00022351742;1.6723051;1.6720817;0.0;0.0;6690.9634;8450.651;-2743.9727;5454.458;-2393.639;-1357.3145
1951-05-17;9.014526;-0.27590942;0.009988149;753.9814;0.96077085;170.29605;0.0;-5.823353e-25;99.99998;-5.823352e-21;0.35699606;-3.2457626;0.044852495;1.7094612;1.6646161;0.0;0.0;6337.726;7995.8564;-2428.3386;6076.4907;-2254.7227;-1113.6855
1951-05-18;10.501404;0.67267865;0.009822845;752.2243;1.3604468;240.6286;0.0;-5.823353e-25;99.99998;-5.823352e-21;0.8273773;-3.4146206;0.10282546;1.7585754;1.65575;0.0;0.0;6253.5483;7881.1445;-2147.9795;6502.7734;-2372.0234;-1181.2855
1951-05-19;7.783966;-1.2699585;0.009909312;747.43726;1.4917976;207.8737;0.0;-5.823353e-25;99.99998;-5.823352e-21;0.8625567;-3.3132575;0.10295212;1.7486811;1.6457214;0.0;0.0;6437.3184;8104.012;-2417.9756;6040.8843;-2301.61;-1581.0089
1951-05-20;5.161682;1.836558;0.009770711;747.9445;0.99316883;175.61078;0.0;-5.823353e-25;99.99998;-5.823352e-21;2.594787;-2.0253956;0.30499697;1.9401461;1.6351416;0.0;0.0;4262.563;5359.8076;-1632.6128;6509.0674;-1406.9745;-1277.95
1951-05-21;6.105662;1.1593018;0.009862264;749.8711;1.1584364;116.08236;0.0;-5.823353e-25;99.99998;-5.823352e-21;0.88645816;-2.5364702;0.102587044;1.7261952;1.6236081;0.0;0.0;5251.937;6597.439;-1949.5405;6304.382;-1762.0011;-1324.9177
1951-05-22;9.144542;1.0752869;0.009895325;751.3488;1.1762997;114.509895;0.0;-5.823353e-25;99.99998;-5.823352e-21;0.14013368;-2.7593653;0.015720725;1.6262531;1.6105324;0.0;0.0;5324.5854;6681.91;-2023.289;6408.0796;-1916.84;-1000.29224
1951-05-23;8.889954;-1.3836874;0.0098775225;747.76074;1.5650144;167.55656;0.0;-5.823353e-25;99.99998;-5.823352e-21;1.581043;-2.7781446;0.17610192;1.7726719;1.59657;0.0;0.0;5222.3906;6546.4487;-1966.7644;6401.336;-1929.8844;-1134.7367
1951-05-24;6.2947288;1.9745483;0.01012675;750.4003;1.0905117;218.71198;0.0;-5.823353e-25;99.99998;-5.823352e-21;6.771145;-2.4012346;0.899449;2.4815054;1.5820563;0.0;0.0;5065.656;6343.059;-1822.7156;6457.1587;-1668.0577;-1437.6788
1951-05-25;7.7573547;0.8743286;0.00974528;751.31323;1.2475387;156.75572;0.0;-5.823353e-25;99.99998;-5.823352e-21;1.1243016;-3.2726107;0.12665242;1.6933084;1.5666634;0.0;0.0;6208.88;7766.493;-2299.1433;6111.479;-2273.3733;-1380.4545
1951-05-26;8.607544;-0.56329346;0.009847005;752.0008;1.2412829;138.13802;0.0;-5.823353e-25;99.99998;-5.823352e-21;0.20726323;-3.3984473;0.023066998;1.5730709;1.5499964;0.0;0.0;6374.759;7965.542;-2444.4055;6038.569;-2360.7878;-1256.24
1951-05-27;10.124766;-0.8651225;0.01008606;752.10956;1.1245826;146.45448;0.0;-5.823353e-25;99.99998;-5.823352e-21;0.024974346;-3.610096;0.002682209;1.535058;1.532346;0.0;0.0;6572.669;8204.161;-2525.0261;6100.3545;-2507.8132;-1132.9922
1951-05-28;10.594371;0.46565756;0.009763082;753.1711;1.1350471;120.77491;0.0;-5.823353e-25;99.99998;-5.823352e-21;0.54320693;-3.4304094;0.055357814;1.5693903;1.5140623;0.0;0.0;6119.1094;7629.8022;-2311.4705;6434.601;-2382.9912;-980.8489
1951-05-29;10.496236;3.9018962;0.010066986;754.721;1.2289138;70.009895;0.0;-5.823353e-25;99.99998;-5.823352e-21;4.432291;-3.1822286;0.5621165;2.0575376;1.4954209;0.0;0.0;5978.8643;7447.0454;-2226.521;6580.9;-2210.588;-1130.0155
1951-05-30;10.964528;4.581726;0.01008606;753.8042;1.2786471;98.78951;0.0;-5.823353e-25;99.99998;-5.823352e-21;1.617822;-3.3296738;0.1861304;1.6626418;1.4765114;0.0;0.0;5888.719;7326.899;-2182.975;6626.4766;-2313.0134;-1030.5255
1951-05-31;11.026093;4.330078;0.009831746;750.1081;1.2047586;76.186935;0.0;-5.823353e-25;99.99998;-5.823352e-21;1.7053038;-3.021016;0.19362569;1.650989;1.457356;0.0;0.0;5430.981;6750.3047;-2054.6882;6735.9546;-2098.5989;-947.43
1951-06-01;11.259827;2.509369;0.00963974;745.99976;1.180801;98.3113;0.0;-5.823353e-25;99.99998;-5.823352e-21;2.860874;-3.3198063;0.3310144;1.7690063;1.4380068;0.0;0.0;5955.11;7394.2456;-2255.5862;6574.8843;-2306.159;-1073.9277
1951-06-02;9.548228;2.0247803;0.010130565;745.8714;1.2642176;119.00152;0.0;-5.823353e-25;100.00259;-5.823352e-21;3.247112;-3.0514877;0.3797561;1.7983764;1.4186203;0.0;0.0;5704.5093;7075.59;-2137.61;6495.3887;-2119.7678;-1320.1022
1951-06-03;10.575836;0.36186728;0.010009766;749.5845;1.3039314;172.22261;0.0;-5.823353e-25;99.99998;-5.823352e-21;0.95180273;-3.1422265;0.09312481;1.4921874;1.3990626;0.0;0.0;5711.178;7076.19;-2062.1611;6547.3022;-2182.8;-1263.581
1951-06-04;11.788544;-0.8545125;0.009869893;751.19995;1.2869347;204.89471;0.0;-5.823353e-25;99.99998;-5.823352e-21;0.3767699;-3.569644;0.0359267;1.4149249;1.3790131;0.0;0.0;6561.053;8120.79;-2232.1155;6560.993;-2479.7122;-1378.9944
1951-06-05;12.548778;-0.69851685;0.009827931;749.70215;1.5773063;141.37848;0.0;-5.823353e-25;99.99998;-5.823352e-21;0.110286474;-3.5017161;0.009655952;1.3683438;1.358673;0.0;0.0;5982.589;7396.947;-2330.2878;6494.7007;-2432.5256;-1053.9567
1951-06-06;10.743439;0.02283732;0.009829204;749.90356;1.1447529;145.15028;0.0;-5.823353e-25;99.99998;-5.823352e-21;0.002527237;-3.3730733;0.00022351742;1.3383776;1.338169;0.0;0.0;6776.2466;8369.438;-2614.9822;6170.632;-2343.162;-1476.8367
1951-06-07;12.384776;3.1569622;0.010009766;752.87274;0.9640629;99.03036;0.0;-5.823353e-25;99.99998;-5.823352e-21;0.037975084;-3.3522491;0.0032931566;1.3207644;1.3174713;0.0;0.0;6550.0234;8081.5312;-2500.5945;6552.1377;-2328.6968;-1233.6912
1951-06-08;13.602641;1.7609354;0.010161082;752.81934;1.2087771;102.50445;0.0;-6.1101083e-25;99.99998;-6.0728672e-21;0.012630224;-3.3832734;0.001013279;1.2976527;1.2966692;0.0;0.0;6655.3604;8202.901;-2613.1567;6527.352;-2350.2478;-1257.1233
1951-06-09;14.40627;-1.3629456;0.009618123;750.01;1.179702;102.69278;0.0;-6.68362e-25;99.99998;-6.6836206e-21;0.0068805884;-3.33881;0.00055134296;1.2763292;1.2757629;0.0;0.0;6799.2104;8371.444;-2796.2827;6367.4185;-2319.36;-1291.59
1951-06-10;12.069081;0.28741455;0.0100034075;747.29034;1.1951724;67.655235;0.0;-6.68362e-25;99.99998;-6.6836206e-21;0.18581152;-2.7671363;0.013560057;1.2686253;1.2550354;0.0;0.0;6310.622;7761.5547;-2598.7078;6464.6157;-1922.2378;-1446.8478
1951-06-11;12.700053;3.061971;0.00993983;749.23834;1.2412142;68.981575;0.0;-6.68362e-25;99.99998;-6.6836206e-21;0.039797254;-2.858594;0.0028908253;1.237303;1.2344569;0.0;0.0;6483.5415;7966.008;-2413.0483;6869.72;-1985.7689;-1647.33
1951-06-12;14.884328;0.20640056;0.009714763;751.2422;1.2328438;82.295296;0.0;-6.68362e-25;99.99998;-6.6836206e-21;0.0034451478;-2.8826985;0.0002682209;1.2140274;1.2137816;0.0;0.0;6833.8696;8387.773;-2866.5027;6505.167;-2002.5144;-1488.1233
1951-06-13;15.618164;0.86347455;0.009906769;750.9965;1.2802842;74.4914;0.0;-6.68362e-25;99.99998;-6.6836206e-21;0.0014781952;-2.6928728;0.00010430813;1.1932403;1.193136;0.0;0.0;6737.7935;8261.221;-2838.6045;6650.5835;-1870.6489;-1527.1733
1951-06-14;15.867381;-1.9794922;0.010012309;748.9473;1.3905963;115.853615;0.0;-6.68362e-25;99.99998;-6.6836206e-21;0.0008628289;-2.4975343;5.9604645e-05;1.1726916;1.172632;0.0;0.0;6927.5605;8485.042;-3086.631;6360.673;-1734.9534;-1751.54
1951-06-15;14.516083;-4.735636;0.009825389;748.1243;1.3020841;172.08052;0.0;-6.68362e-25;99.99998;-6.6836206e-21;0.00042841208;-2.2433047;2.9802322e-05;1.1523664;1.1523515;0.0;0.0;7136.963;8732.461;-3337.031;5942.7095;-1558.35;-1958.6011
1951-06-16;13.816742;-3.0236409;0.009941101;749.8381;1.307232;156.58968;0.0;-6.68362e-25;99.99998;-6.6836206e-21;0.0012849551;-2.1244018;8.940697e-05;1.132384;1.1322796;0.0;0.0;7075.8115;8656.524;-3243.149;6043.0645;-1475.7511;-2008.2067
1951-06-17;13.477275;-3.4647217;0.009876251;749.8597;1.2464702;147.79558;0.0;-6.68362e-25;99.99998;-6.6836206e-21;0.00043441285;-2.023818;2.9802322e-05;1.112476;1.1124313;0.0;0.0;7111.2046;8698.696;-3302.8484;5975.211;-1405.8789;-2098.9421
1951-06-18;13.61147;-2.869212;0.009768168;747.8339;1.2158085;124.724434;0.0;-6.68362e-25;99.99998;-6.6836206e-21;0.0;-2.0016897;0.0;1.0928214;1.0928214;0.0;0.0;7132.983;8724.193;-3334.7117;5997.297;-1390.5078;-2027.0266
1951-06-19;12.667226;-3.5759583;0.0097516375;746.5855;1.2838463;122.86495;0.0;-6.68362e-25;99.99998;-6.6836206e-21;0.00042617318;-1.8391973;2.9802322e-05;1.0735095;1.0734723;0.0;0.0;7120.6343;8707.959;-3292.9211;5958.9814;-1277.6289;-2262.5588
1951-06-20;13.437388;0.61240643;0.009918213;750.4211;1.1448873;66.2937;0.0;-6.68362e-25;99.99998;-6.6836206e-21;0.33759177;-1.7547979;0.02233684;1.0768324;1.0544956;0.0;0.0;6579.26;8044.77;-2897.9722;6526.8833;-1219.0;-2014.3212
1951-06-21;15.190602;-1.0773824;0.009924571;752.59393;1.2502016;117.176414;0.0;-7.1882007e-25;99.99998;-7.160426e-21;0.0018030405;-1.9826078;0.00010430813;1.0358393;1.0357499;0.0;0.0;6780.4165;8289.726;-3072.6511;6472.6567;-1377.2511;-1911.0211
1951-06-22;16.137482;-2.8691204;0.010075887;752.66016;1.2616833;136.32704;0.0;-7.2791903e-25;99.99998;-7.27919e-21;0.0009333218;-1.9775397;5.9604645e-05;1.0171831;1.0171235;0.0;0.0;7020.7354;8582.441;-3293.7117;6353.8237;-1373.73;-1929.6289
1951-06-23;15.284862;-5.366577;0.010290782;750.50946;1.3762583;154.49712;0.0;-7.2791903e-25;99.99998;-7.27919e-21;0.0004351138;-1.8358343;2.9802322e-05;0.99880993;0.99878013;0.0;0.0;7136.599;8722.938;-3416.8567;6141.628;-1275.2922;-2089.8923
1951-06-24;15.42162;-5.115916;0.010042827;749.85376;1.2447315;127.28907;0.0;-7.2791903e-25;99.99998;-7.27919e-21;0.0008583069;-1.7815912;5.9604645e-05;0.98082423;0.9807497;0.0;0.0;7118.8926;8700.171;-3405.2495;6187.4033;-1237.6122;-2098.6777
1951-06-25;14.385162;-3.8680725;0.009920756;748.7779;1.2983674;163.3576;0.0;-7.2791903e-25;99.99998;-7.27919e-21;0.00045580862;-1.6491237;2.9802322e-05;0.96306205;0.9630397;0.0;0.0;7152.4746;8740.066;-3367.2583;6139.15;-1145.5911;-2318.5723
1951-06-26;13.596974;-0.6395874;0.009853363;749.751;1.2318195;129.37196;0.0;-7.2791903e-25;99.99998;-7.27919e-21;0.07614493;-1.4703227;0.004827976;0.9505749;0.9457469;0.0;0.0;6590.7837;8052.649;-2838.0867;6675.1123;-1021.38336;-2288.3123
1951-06-27;12.581798;3.7785747;0.010016124;752.4882;1.2670016;99.57311;0.0;-7.2791903e-25;99.99998;-7.27919e-21;0.9349823;-1.3185776;0.05824864;0.98736584;0.9291172;0.0;0.0;5131.9326;6269.2866;-2136.3972;7267.2827;-915.9722;-1899.2778
1951-06-28;11.856282;5.940989;0.010040283;752.83514;1.1749313;85.893776;0.0;-7.2791903e-25;99.99998;-7.27919e-21;4.3970733;-1.558369;0.3515035;1.2646317;0.91312826;0.0;0.0;4754.3174;5807.197;-1843.0433;7426.263;-1082.5466;-1682.4033
1951-06-29;14.1102295;2.3621318;0.010130565;752.502;1.2028922;117.78153;0.0;-7.2791903e-25;99.99998;-7.27919e-21;0.07828474;-2.632508;0.00461936;0.9020567;0.89740753;0.0;0.0;5848.22;7142.547;-2347.6868;7024.5176;-1828.7156;-1452.2367
1951-06-30;15.733052;2.5723572;0.010115306;751.51044;1.1449306;87.979774;0.0;-7.2791903e-25;99.99998;-7.27919e-21;0.0;-2.7019978;0.0;0.8814931;0.88150054;0.0;0.0;7046.0557;8604.523;-3048.7622;6546.8335;-1876.9878;-1665.0734
1951-07-01;16.659302;0.686676;0.010025024;750.5383;1.2069062;58.28783;0.0;-7.2791903e-25;99.99998;-7.27919e-21;0.0;-2.3471825;0.0;0.86571276;0.8657202;0.0;0.0;6970.963;8511.725;-3104.9622;6646.6924;-1630.51;-1767.9344
1951-07-02;17.22878;1.9571024;0.010060628;750.42926;1.2973331;61.5211;0.0;-7.2791903e-25;99.99998;-7.27919e-21;0.02309352;-1.8913233;0.0013560057;0.85160136;0.8502379;0.0;0.0;6742.515;8231.693;-3027.8254;6836.509;-1313.84;-1918.27
1951-07-03;17.270151;1.7303772;0.010274251;748.7744;1.410406;108.21875;0.0;-7.2791903e-25;99.99998;-7.27919e-21;0.007414818;-1.5888754;0.0004172325;0.8355379;0.8351207;0.0;0.0;6520.0557;7959.0054;-3017.1145;6812.418;-1103.7389;-2047.23
1951-07-04;17.600931;-2.7279255;0.00997289;748.5267;1.4181427;129.9464;0.0;-7.2791903e-25;99.99998;-7.27919e-21;0.0008553266;-1.5899204;5.2154064e-05;0.8203238;0.8202791;0.0;0.0;7051.4917;8606.672;-3343.5657;6516.681;-1104.4645;-2234.9355
1951-07-05;17.269531;-3.701009;0.010059357;749.1174;1.6983438;191.73695;0.0;-7.2791903e-25;99.99998;-7.27919e-21;0.0012874597;-1.4476087;7.4505806e-05;0.8057952;0.8057356;0.0;0.0;7053.7915;8608.409;-3280.9539;6524.439;-1005.6055;-2380.9656
1951-07-06;16.021515;-4.535105;0.009999593;749.2688;1.4530898;176.55125;0.0;-7.2791903e-25;99.99998;-7.27919e-21;0.0008642673;-1.3854746;5.9604645e-05;0.7915795;0.791505;0.0;0.0;7121.9106;8690.418;-3479.744;6201.257;-962.4422;-2493.1934
1951-07-07;15.446106;-3.2382812;0.010106404;749.88934;1.1583923;107.568214;0.0;-7.2791903e-25;99.99998;-7.27919e-21;0.0017142456;-1.4099786;9.685755e-05;0.777632;0.77753514;0.0;0.0;7006.3296;8548.204;-3300.676;6476.9062;-979.4656;-2304.0657
1951-07-08;16.263266;-2.8764648;0.0105234785;749.2618;1.2363054;121.75425;0.0;-7.2791903e-25;99.99998;-7.27919e-21;0.0029856984;-1.3629831;0.00014901161;0.76396763;0.7638186;0.0;0.0;6946.4067;8473.949;-3309.331;6511.9746;-946.8189;-2355.15
1951-07-09;16.203247;-4.501719;0.009798686;750.24115;1.342526;163.55028;0.0;-7.2791903e-25;99.99998;-7.27919e-21;0.0008583069;-1.3155788;5.9604645e-05;0.7504821;0.7504225;0.0;0.0;7141.0903;8710.386;-3452.3416;6303.4976;-913.89;-2467.8079
1951-07-10;16.75472;-3.8104045;0.010115306;753.19244;1.3487815;157.90411;0.0;-7.2791903e-25;99.99998;-7.27919e-21;0.0030183273;-1.3038144;0.00016391277;0.73748827;0.73732436;0.0;0.0;7095.372;8653.562;-3452.5378;6357.94;-905.7178;-2394.2922
1951-07-11;18.22763;-6.1915894;0.010011037;754.82275;1.2533246;110.207436;0.0;-7.2791903e-25;99.99998;-7.27919e-21;0.00044136704;-1.3959836;2.9802322e-05;0.72449446;0.72447956;0.0;0.0;7213.1865;8796.099;-3803.851;6191.495;-969.74445;-2006.9445
1951-07-12;19.44516;-5.3238525;0.00985082;754.2741;1.1984187;83.32674;0.0;-7.2791903e-25;99.99998;-7.27919e-21;0.0025654025;-1.4109946;0.00013411045;0.7119924;0.7118583;0.0;0.0;7108.67;8667.51;-3629.0605;6562.05;-980.1711;-1949.96
1951-07-13;20.211874;-5.4761453;0.009952545;751.4836;1.490945;136.78288;0.0;-7.2791903e-25;99.99998;-7.27919e-21;0.0;-1.3653506;0.0;0.6994903;0.6994903;0.0;0.0;7067.2144;8615.847;-3549.4216;6692.057;-948.4644;-2115.6755
1951-07-14;19.17977;-7.267385;0.009930928;748.5024;1.3956178;121.56356;0.0;-7.2791903e-25;99.99998;-7.27919e-21;0.0029895674;-1.2898362;0.00016391277;0.6875694;0.68739057;0.0;0.0;7100.367;8655.131;-3687.7483;6379.3213;-896.00555;-2241.631
1951-07-15;16.873861;-4.9912415;0.010064443;747.6538;1.3723286;128.89;0.0;-7.2791903e-25;99.99998;-7.27919e-21;0.002546266;-1.147911;0.00013411045;0.67573786;0.67560375;0.0;0.0;6819.7188;8312.02;-3301.1133;6582.221;-797.4155;-2379.98
1951-07-16;15.931763;-0.24858601;0.009744008;750.4499;1.067585;145.84976;0.0;-7.2791903e-25;99.99998;-7.27919e-21;0.34489477;-1.121114;0.018790364;0.6829798;0.6641969;0.0;0.0;6221.76;7581.4824;-2890.331;6969.3687;-778.80054;-2337.3677
1951-07-17;17.190216;-2.3813374;0.009757996;750.90314;1.3884705;126.85374;0.0;-7.2791903e-25;99.99998;-7.27919e-21;0.0018239015;-1.2688767;8.940697e-05;0.6530881;0.65300614;0.0;0.0;6716.53;8182.485;-3165.1938;6810.8364;-881.44666;-2312.541
1951-07-18;18.118906;-2.2223713;0.010087331;749.5828;1.1980423;101.30279;0.0;-7.2791903e-25;99.99998;-7.27919e-21;0.0012814989;-1.1740448;7.4505806e-05;0.64206123;0.6419867;0.0;0.0;6479.6523;7892.198;-3100.787;6987.658;-815.57;-2146.75
1951-07-19;18.492666;-2.4999084;0.010199229;748.32764;1.2290643;163.34895;0.0;-7.2791903e-25;99.99998;-7.27919e-21;0.0012844794;-1.0537766;6.7055225e-05;0.6313324;0.6312728;0.0;0.0;5925.8594;7216.0127;-2963.0378;7081.7354;-732.0244;-1928.0067
1951-07-20;18.279154;-5.340037;0.009811401;749.05884;1.3896643;126.049866;0.0;-7.317792e-25;99.99998;-7.3135004e-21;0.00042617318;-1.1538602;2.9802322e-05;0.6207973;0.6207675;0.0;0.0;7001.8066;8524.319;-3487.1511;6586.532;-801.5467;-2412.1746
1951-07-21;18.019632;-5.856954;0.00999705;749.7449;1.3667564;160.40082;0.0;-7.3453654e-25;99.99998;-7.345365e-21;0.00086083426;-1.1011194;5.2154064e-05;0.6104708;0.61042607;0.0;0.0;7026.7153;8552.816;-3565.5356;6396.97;-764.91113;-2463.4368
1951-07-22;17.702698;-7.009135;0.009994507;750.23267;1.2888556;151.3937;0.0;-7.3453654e-25;99.99998;-7.345365e-21;0.00084828644;-1.07475;4.4703484e-05;0.6003976;0.6003529;0.0;0.0;7137.2334;8685.42;-3791.672;6097.2026;-746.5944;-2374.6812
1951-07-23;18.291616;-8.767283;0.01003774;750.3447;1.2527982;96.010704;0.0;-7.3453654e-25;99.99998;-7.345365e-21;0.0025749204;-1.1134558;0.00014156103;0.5906224;0.5905032;0.0;0.0;7248.5874;8818.945;-4090.9456;5856.1543;-773.48;-2064.0557
1951-07-24;19.422007;0.04114787;0.010157268;751.47217;1.5432205;79.42464;0.0;-7.3453654e-25;99.99998;-7.345365e-21;0.0012692717;-1.0901521;7.4505806e-05;0.58087707;0.58080256;0.0;0.0;6953.208;8457.643;-3426.1294;6736.6743;-757.29224;-2231.3032
1951-07-25;20.565226;-1.2478129;0.009887695;752.81494;1.5397745;131.7834;0.0;-7.3453654e-25;99.99998;-7.345365e-21;0.0004351138;-1.0961155;2.9802322e-05;0.5713254;0.5712956;0.0;0.0;6886.8613;8375.102;-3455.922;6832.0894;-761.43555;-2282.2644
1951-07-26;21.09378;-5.433004;0.009941101;752.90546;1.4498081;176.29756;0.0;-7.3453654e-25;99.99998;-7.345365e-21;0.00044021386;-1.1021392;2.9802322e-05;0.5620569;0.5620271;0.0;0.0;6930.5845;8426.381;-3554.0894;6788.099;-765.61945;-2184.44
1951-07-27;21.037018;-6.553416;0.009958903;752.23456;1.4380656;196.1863;0.0;-7.3453654e-25;99.99998;-7.345365e-21;0.00085850287;-1.0860208;5.9604645e-05;0.5530119;0.5529523;0.0;0.0;6946.092;8443.349;-3617.1338;6746.8433;-754.42224;-2198.0867
1951-07-28;21.318686;-5.214091;0.0101076765;751.6482;1.3662233;154.16765;0.0;-7.3453654e-25;99.99998;-7.345365e-21;0.0008583069;-1.0864325;4.4703484e-05;0.5441308;0.5440861;0.0;0.0;6865.9395;8344.067;-3506.61;6933.3716;-754.71;-2166.4133
1951-07-29;20.551086;-7.2524414;0.009960175;750.7007;1.3791881;183.51917;0.0;-7.3453654e-25;99.99998;-7.345365e-21;0.0008583069;-1.0143127;4.4703484e-05;0.5354285;0.5353987;0.0;0.0;6970.5454;8469.296;-3678.524;6585.1055;-704.6089;-2343.581
1951-07-30;18.891266;-6.4401755;0.009841919;749.243;1.4188527;164.52159;0.0;-7.3453654e-25;99.99998;-7.345365e-21;0.0;-0.9703822;0.0;0.52687526;0.52690506;0.0;0.0;6967.28;8463.479;-3717.463;6359.3936;-674.0922;-2433.9578
1951-07-31;17.916452;-6.7802734;0.009918213;749.00433;1.2704471;158.35286;0.0;-7.3453654e-25;99.99998;-7.345365e-21;0.0;-0.94579345;0.0;0.51862;0.51862;0.0;0.0;7062.4385;8577.162;-3876.5544;6080.5347;-657.0111;-2296.8967
1951-08-01;17.679535;-5.391042;0.00983429;748.3523;1.243173;116.95626;0.0;-7.3453654e-25;99.99998;-7.345365e-21;0.0008523463;-0.9357277;5.9604645e-05;0.5105138;0.510484;0.0;0.0;6994.8955;8493.223;-3769.8262;6191.17;-650.01886;-2332.36
1951-08-02;17.47869;-2.491038;0.00978597;749.0361;1.1854107;147.40065;0.0;-7.3453654e-25;99.99998;-7.345365e-21;0.0004473499;-0.9290818;2.9802322e-05;0.50251186;0.50248206;0.0;0.0;6699.366;8132.544;-3399.8157;6623.021;-645.4022;-2377.29
1951-08-03;17.225006;-4.8218484;0.009914398;749.8902;1.3797299;144.16064;0.0;-7.3453654e-25;99.99998;-7.345365e-21;0.00087022776;-0.8919621;5.9604645e-05;0.49471855;0.49465895;0.0;0.0;6812.9146;8268.545;-3508.2996;6419.205;-619.61554;-2514.01
1951-08-04;16.952688;-7.576589;0.009723663;748.65656;1.3294685;138.76112;0.0;-7.3453654e-25;99.99998;-7.345365e-21;0.0008583069;-0.892831;5.9604645e-05;0.48708916;0.48704445;0.0;0.0;6896.684;8368.352;-3674.9307;6217.2266;-620.22;-2372.1868
1951-08-05;16.433878;-1.0565491;0.009991963;747.4163;1.348852;96.38419;0.0;-7.3453654e-25;99.99998;-7.345365e-21;0.00044107434;-0.8305786;2.9802322e-05;0.47960877;0.47959387;0.0;0.0;6359.041;7714.098;-3194.1428;6706.1504;-576.9756;-2327.781
1951-08-06;16.744913;1.907725;0.010405223;747.5771;1.4344492;90.45571;0.0;-7.3453654e-25;99.99998;-7.345365e-21;0.031083822;-0.833787;0.0013411045;0.4736483;0.4723072;0.0;0.0;6445.0474;7816.75;-3103.1106;6884.477;-579.20447;-2445.7666
1951-08-07;17.029123;1.7101644;0.009529114;749.20795;1.440763;109.72227;0.0;-7.3453654e-25;99.99998;-7.345365e-21;0.0031709669;-0.7885266;0.00011920929;0.46533346;0.46519935;0.0;0.0;6062.7017;7351.5156;-3036.7822;6886.7183;-547.7633;-2308.6233
1951-08-08;17.239573;-2.0292664;0.010065715;751.2133;1.196141;131.46413;0.0;-7.3453654e-25;99.99998;-7.345365e-21;0.0004351138;-0.862401;2.9802322e-05;0.4582405;0.4582256;0.0;0.0;6572.254;7967.5576;-3354.6555;6647.979;-599.0811;-2352.5422
1951-08-09;18.239523;0.7264099;0.0098177595;750.9209;1.3860093;57.790974;0.0;-7.3453654e-25;99.99998;-7.345365e-21;0.0012859491;-0.87981296;7.4505806e-05;0.45138597;0.45134127;0.0;0.0;6512.0684;7892.8906;-3217.514;6972.0713;-611.1767;-2277.4888
1951-08-10;18.271719;5.9950967;0.010130565;750.87885;1.9360404;42.877583;0.0;-7.3453654e-25;99.99998;-7.345365e-21;1.0851622;-1.0003392;0.058807433;0.50345063;0.44463575;0.0;0.0;6382.673;7734.388;-3013.2334;7081.3047;-694.9033;-2394.5134
1951-08-11;18.83493;5.1567993;0.009915669;751.9172;1.9127909;44.852222;0.0;-7.3453654e-25;99.99998;-7.345365e-21;0.0008553266;-1.2337081;4.4703484e-05;0.43818355;0.43813884;0.0;0.0;6115.1167;7408.543;-2858.0945;7236.0645;-857.01556;-2149.5234
1951-08-12;19.583963;3.321045;0.009717305;753.0234;1.3661412;68.99709;0.0;-7.3453654e-25;99.99998;-7.345365e-21;0.37863255;-1.0807253;0.018954277;0.45070052;0.43173134;0.0;0.0;6010.25;7279.9395;-2876.5444;7383.8213;-750.74445;-2018.1555
1951-08-13;19.957336;1.5116781;0.009695689;752.9036;1.0396601;112.480736;0.0;-7.3453654e-25;99.99998;-7.345365e-21;0.015246868;-1.0326207;0.00071525574;0.4261732;0.42548776;0.0;0.0;5585.0215;6763.2983;-2773.0244;7521.1655;-717.32776;-1761.8256
1951-08-14;18.999237;4.1680603;0.010152181;752.7273;1.2540101;101.91193;0.0;-7.3453654e-25;99.99998;-7.345365e-21;2.1403463;-1.0410845;0.1360476;0.5554855;0.4194528;0.0;0.0;5197.176;6292.1226;-2701.2944;7343.1333;-723.20667;-1701.9734
1951-08-15;18.053232;0.58824664;0.010512034;753.3606;1.5353872;128.80061;0.0;-7.3453654e-25;99.99998;-7.345365e-21;0.00085234636;-1.6526245;4.4703484e-05;0.41359663;0.41353703;0.0;0.0;6392.2793;7737.3496;-3131.9983;6762.4873;-1148.0222;-1993.1522
1951-08-16;18.5053;0.763855;0.009763082;754.6021;1.1473826;113.86007;0.0;-7.3453654e-25;99.99998;-7.345365e-21;0.04401207;-1.1669173;0.0022053719;0.40990114;0.40769577;0.0;0.0;5450.672;6597.028;-2787.4492;7222.3877;-810.6189;-1599.3234
1951-08-17;18.345673;1.0700378;0.01000468;753.05743;1.4218827;88.74359;0.0;-7.3453654e-25;99.99998;-7.345365e-21;0.06657243;-0.9177057;0.002965331;0.40498376;0.40201843;0.0;0.0;5445.4297;6589.776;-2831.5789;7147.5913;-637.5;-1795.4277
1951-08-18;18.395346;0.6202901;0.010152181;751.60455;1.0702585;78.53248;0.0;-7.3453654e-25;99.99998;-7.345365e-21;0.01257658;-0.876233;0.0005662441;0.39701164;0.3964305;0.0;0.0;5810.375;7030.543;-3008.0854;7059.953;-608.69;-1908.6677
1951-08-19;18.650269;-2.6157532;0.010267894;752.1836;1.3449631;114.54584;0.0;-7.3453654e-25;99.99998;-7.345365e-21;0.0043844604;-0.791328;0.00020116568;0.39111078;0.39091706;0.0;0.0;5894.792;7131.786;-3084.3848;6939.0645;-549.71;-2059.5679
1951-08-20;19.518381;-3.9741008;0.01003011;755.17847;1.4759058;126.533875;0.0;-7.3453654e-25;99.99998;-7.345365e-21;0.0017174543;-0.7446781;8.940697e-05;0.38561225;0.38552284;0.0;0.0;5793.318;7008.192;-3029.744;7034.279;-517.30334;-1979.1511
1951-08-21;19.862558;-3.8719075;0.009966533;755.3406;1.3892388;141.77885;0.0;-7.3453654e-25;99.99998;-7.345365e-21;0.001725004;-0.7562023;8.940697e-05;0.38036704;0.38026273;0.0;0.0;5810.422;7027.875;-3118.036;7028.146;-525.3078;-1908.8955
1951-08-22;19.881968;-5.3836365;0.010045369;752.8837;1.4619147;107.977356;0.0;-7.3453654e-25;99.99998;-7.345365e-21;0.0021433944;-0.7671658;0.00011920929;0.37518144;0.37507713;0.0;0.0;6224.1396;7527.473;-3374.6775;6748.4424;-532.92444;-2091.5767
1951-08-23;19.079031;-9.594869;0.009765625;751.3711;1.3704466;122.76172;0.0;-7.3453654e-25;99.99998;-7.345365e-21;0.0013029967;-0.73555577;5.9604645e-05;0.37005544;0.37000328;0.0;0.0;6387.9585;7724.6733;-3658.3232;6291.981;-510.96667;-2137.6377
1951-08-24;17.87382;-11.101516;0.009937286;751.20026;1.3378748;174.87846;0.0;-7.3453654e-25;99.99998;-7.345365e-21;0.0;-0.7041004;0.0;0.36501884;0.36503375;0.0;0.0;6459.6543;7810.4946;-3818.2014;5934.8687;-489.11557;-2089.9656
1951-08-25;17.892862;-12.325582;0.010110219;751.6539;1.3367305;89.13205;0.0;-7.3453654e-25;99.99998;-7.345365e-21;0.0008523463;-0.72390586;4.4703484e-05;0.36019087;0.36014616;0.0;0.0;6377.045;7709.653;-3733.2366;6073.823;-502.87332;-1933.7567
1951-08-26;17.631876;-7.586741;0.010101318;751.4838;1.5141689;155.00684;0.0;-7.3453654e-25;99.99998;-7.345365e-21;0.0;-0.6766412;0.0;0.3553629;0.3553629;0.0;0.0;6280.092;7591.526;-3487.9946;6319.1357;-470.04;-2146.9568
1951-08-27;15.920868;-2.5814717;0.010056813;751.7342;1.2263829;226.32924;0.0;-7.3453654e-25;99.99998;-7.345365e-21;0.0;-0.6275233;0.0;0.35069883;0.35069883;0.0;0.0;6163.5415;7449.7837;-3294.3574;6374.553;-435.91888;-2329.8477
1951-08-28;16.59081;-1.5983582;0.009811401;752.3313;1.1720382;143.50215;0.0;-7.3453654e-25;99.99998;-7.345365e-21;0.00085532654;-0.6586779;4.4703484e-05;0.34613907;0.34609437;0.0;0.0;6053.0347;7315.3276;-3224.2888;6571.7734;-457.56223;-2174.18
1951-08-29;16.606192;-2.611562;0.010117848;752.2136;1.3276669;157.99858;0.0;-7.3453654e-25;99.99998;-7.345365e-21;0.0;-0.644004;0.0;0.34157932;0.34157932;0.0;0.0;6079.858;7346.835;-3292.7178;6470.44;-447.36777;-2186.92
1951-08-30;15.470917;0.9871928;0.010039012;752.2903;1.3295051;144.25392;0.0;-7.3453654e-25;99.99998;-7.345365e-21;0.49916807;-0.6530527;0.024408102;0.36165118;0.33722818;0.0;0.0;5510.9634;6658.669;-2744.0444;6837.517;-453.6539;-2231.0266
1951-08-31;16.839355;-2.5758972;0.010136922;753.09454;1.3676041;124.81424;0.0;-7.3453654e-25;99.99998;-7.345365e-21;0.0004351138;-0.8100104;1.4901161e-05;0.33298135;0.33296645;0.0;0.0;5871.231;7093.0327;-3096.979;6625.0;-562.6878;-2088.7178
1951-09-01;16.469748;-3.2756348;0.0099817915;753.6513;1.2128316;150.89453;0.0;-7.3453654e-25;99.99998;-7.345365e-21;0.0;-0.6933063;0.0;0.32871962;0.32872707;0.0;0.0;5880.0874;7102.8657;-3172.0261;6520.797;-481.61777;-2070.851
1951-09-02;16.504904;-2.273122;0.009876251;754.22345;1.196658;191.55681;0.0;-7.3453654e-25;99.99998;-7.345365e-21;0.0;-0.64111125;0.0;0.3245771;0.3245771;0.0;0.0;5875.1465;7096.0776;-3185.1467;6523.2153;-445.3589;-2077.5266
1951-09-03;16.81839;-3.345581;0.0099983215;754.54803;1.2396523;162.60934;0.0;-7.3453654e-25;99.99998;-7.345365e-21;0.0012768414;-0.63481367;5.9604645e-05;0.32053888;0.32047927;0.0;0.0;5835.3047;7047.1006;-3224.3088;6520.0576;-440.98444;-2005.7234
1951-09-04;16.785604;-4.5462136;0.009719849;755.3525;1.2967356;112.111206;0.0;-7.3453654e-25;99.99998;-7.345365e-21;0.0017195934;-0.6211288;8.940697e-05;0.31656027;0.3164783;0.0;0.0;5747.359;6940.021;-3201.0686;6549.1855;-431.47665;-1925.7589
1951-09-05;16.726929;-1.4993387;0.009820302;754.23444;1.2508343;52.96719;0.0;-7.3453654e-25;99.99998;-7.345365e-21;0.035370782;-0.5705403;0.0014007092;0.31399727;0.31256676;0.0;0.0;5123.865;6186.4023;-2785.7383;6976.504;-396.33554;-1753.3878
1951-09-06;15.065379;1.1337789;0.0100619;752.03876;1.1293995;63.715786;0.0;-7.3453654e-25;99.99998;-7.345365e-21;0.54112077;-0.57950616;0.025555491;0.33436716;0.3088042;0.0;0.0;4210.3516;5082.963;-2379.0598;7136.6665;-402.56445;-1434.1888
1951-09-07;14.2656355;1.60495;0.010253906;751.5776;1.2431997;81.4528;0.0;-7.3453654e-25;99.99998;-7.345365e-21;1.4562726;-0.8278899;0.08431077;0.38945675;0.30517578;0.0;0.0;4587.3965;5537.4453;-2406.0032;7007.936;-575.1078;-1620.2678
1951-09-08;12.23882;3.4930623;0.010027568;752.7495;1.2549124;83.27729;0.0;-7.3453654e-25;99.99998;-7.345365e-21;3.5160184;-1.2293793;0.20487607;0.5065501;0.30168146;0.0;0.0;4304.431;5195.25;-2206.695;6890.222;-854.0089;-1420.0712
1951-09-09;14.493123;0.029825846;0.009927114;753.7164;1.3181804;94.7642;0.0;-7.3453654e-25;99.99998;-7.345365e-21;0.020155396;-1.6488768;0.0009536743;0.2991557;0.29820204;0.0;0.0;5043.1216;6086.0527;-2494.9966;6742.55;-1145.419;-1402.7789
1951-09-10;15.412659;-2.5776775;0.009967804;753.20074;1.2457556;193.30013;0.0;-7.3453654e-25;99.99998;-7.345365e-21;0.0004351138;-1.4791415;1.4901161e-05;0.29471517;0.2946928;0.0;0.0;5528.5728;6671.053;-2895.9055;6451.425;-1027.5111;-1494.6011
1951-09-11;14.498647;-4.356832;0.010052999;751.85516;1.2887713;193.26733;0.0;-7.3453654e-25;99.99998;-7.345365e-21;0.0069320193;-1.0983106;0.00029802322;0.29155612;0.29123574;0.0;0.0;5370.2373;6479.16;-2926.7021;6304.533;-762.96;-1707.8258
1951-09-12;13.154063;-2.9339092;0.010110219;751.3226;1.2534281;138.36888;0.0;-7.3453654e-25;99.99998;-7.345365e-21;0.0;-0.85962564;0.0;0.28786063;0.28785318;0.0;0.0;5468.249;6596.6626;-2944.61;6239.635;-597.1533;-1882.0222
1951-09-13;12.07429;-0.0987854;0.010128021;750.706;1.4125184;122.98562;0.0;-7.3453654e-25;99.99998;-7.345365e-21;0.7075459;-0.657225;0.03196299;0.31653047;0.28457493;0.0;0.0;4837.348;5834.7734;-2474.1172;6615.511;-456.55222;-1879.21
1951-09-14;12.178558;-0.7713318;0.010342916;751.4802;1.5604504;162.779;0.0;-7.3453654e-25;99.99998;-7.345365e-21;0.05174768;-0.80809;0.002488494;0.28388202;0.28139353;0.0;0.0;4953.036;5973.6084;-2476.8188;6624.6426;-561.35333;-1995.8811
1951-09-15;13.339101;-1.4866028;0.010150909;752.13727;1.458892;209.11292;0.0;-7.3453654e-25;99.99998;-7.345365e-21;0.54680705;-0.7510781;0.027939677;0.30615926;0.27823448;0.0;0.0;5148.783;6209.061;-2664.944;6455.608;-521.7489;-1893.1633
1951-09-16;12.503876;-2.408366;0.009967804;751.7058;1.3628808;226.86177;0.0;-7.3453654e-25;99.99998;-7.345365e-21;0.0004351138;-0.7298347;2.9802322e-05;0.27516484;0.2751276;0.0;0.0;5280.796;6362.729;-2889.9653;6126.6606;-506.99222;-1969.82
1951-09-17;12.656097;-3.9250488;0.0101458235;752.697;1.1795436;241.75337;0.0;-7.3453654e-25;99.99998;-7.345365e-21;0.0004351138;-0.6463099;2.9802322e-05;0.2720952;0.2720654;0.0;0.0;5307.7705;6389.648;-3074.2327;5922.471;-448.9711;-1813.1466
1951-09-18;12.22168;-3.8906658;0.010068257;754.00415;1.1335441;126.353035;0.0;-7.3453654e-25;99.99998;-7.345365e-21;0.0004351138;-0.6012246;2.9802322e-05;0.26902556;0.26902556;0.0;0.0;5286.0483;6357.954;-3081.9023;5995.9004;-417.65;-1679.6133
1951-09-19;13.062419;-3.639679;0.010120392;753.15826;1.1587474;86.811195;0.0;-7.3453654e-25;99.99998;-7.345365e-21;0.0;-0.56645644;0.0;0.26604533;0.26604533;0.0;0.0;5224.7783;6278.7715;-3057.7722;6129.9067;-393.49777;-1636.1
1951-09-20;12.821879;-5.0819907;0.01015981;751.6304;1.2222863;102.12152;0.0;-7.3453654e-25;99.99998;-7.345365e-21;0.00097155565;-0.50505626;2.9802322e-05;0.2631545;0.2631098;0.0;0.0;4980.4653;5979.9277;-2923.6736;6211.7524;-350.84555;-1653.2222
1951-09-21;13.041514;-6.842224;0.010100047;751.5489;1.2170848;164.09422;0.0;-7.3453654e-25;99.99998;-7.345365e-21;0.0012909522;-0.496516;5.9604645e-05;0.26027858;0.26022643;0.0;0.0;4945.3823;5932.6255;-2883.0022;6266.579;-344.91446;-1652.5922
1951-09-22;12.311127;-3.3160706;0.00981013;751.4721;1.6158538;168.0769;0.0;-7.3453654e-25;99.99998;-7.345365e-21;0.16182661;-0.4424192;0.0076293945;0.26503205;0.25741756;0.0;0.0;4867.1963;5833.8564;-2554.2544;6555.762;-307.33444;-1809.1855
1951-09-23;10.735291;4.6425476;0.010225932;751.3379;1.3972682;213.71107;0.0;-7.3453654e-25;99.99998;-7.345365e-21;1.5871912;-0.7105526;0.07608533;0.33088028;0.2548024;0.0;0.0;3014.3713;3609.9463;-1492.2172;7324.213;-493.59668;-1212.8645
1951-09-24;8.924011;3.5323284;0.00990804;751.68115;1.3394948;222.06645;0.0;-7.3453654e-25;99.99998;-7.345365e-21;1.4018357;-0.6831083;0.06735325;0.3196597;0.252299;0.0;0.0;3382.805;4047.604;-1728.2617;6907.4824;-474.53278;-1436.4534
1951-09-25;8.314748;0.13219197;0.009966533;751.6298;1.1298599;189.04506;0.0;-7.3453654e-25;99.99998;-7.345365e-21;1.2086792;-1.0869586;0.057920814;0.30773878;0.24982542;0.0;0.0;4346.9565;5196.721;-2200.7627;6360.45;-755.07446;-1580.7489
1951-09-26;8.595479;-3.7717896;0.010012309;752.6045;1.1546453;105.764565;0.0;-7.3453654e-25;99.99998;-7.345365e-21;0.0008702277;-1.0320283;4.4703484e-05;0.24732947;0.24728477;0.0;0.0;5036.971;6016.088;-2832.5657;5759.2246;-716.9155;-1664.5178
1951-09-27;9.682088;-5.015696;0.009950002;753.5322;1.1083182;102.2785;0.0;-7.3453654e-25;99.99998;-7.345365e-21;0.0004351138;-0.92240703;2.9802322e-05;0.24473667;0.24472177;0.0;0.0;4951.7676;5909.3994;-2764.7544;5908.6567;-640.76556;-1488.3867
1951-09-28;11.965668;-5.0446777;0.009952545;753.67676;1.1113747;152.34998;0.0;-7.3453654e-25;99.99998;-7.345365e-21;0.093603134;-0.8192193;0.0032037497;0.24540722;0.24219602;0.0;0.0;4658.3623;5554.559;-2632.8628;6195.1685;-569.0845;-1355.9434
1951-09-29;12.530162;-3.8250122;0.009928386;752.40424;1.4390774;166.40054;0.0;-7.3453654e-25;99.99998;-7.345365e-21;0.040853024;-0.6714072;0.0019520521;0.24166703;0.23972988;0.0;0.0;4692.681;5590.6387;-2663.4138;6231.2153;-466.40332;-1512.7056
1951-09-30;10.903148;-2.9474995;0.009986877;751.6406;1.2511612;242.53094;0.0;-7.3453654e-25;99.99998;-7.345365e-21;0.0024318688;-0.55037624;0.00011920929;0.2374053;0.23730099;0.0;0.0;4748.891;5652.7686;-2745.4927;6012.757;-382.32834;-1657.2256
1951-10-01;9.956288;-3.9854329;0.009862264;750.3894;1.2326285;202.21208;0.0;-7.3453654e-25;99.99998;-7.345365e-21;0.0;-0.48974717;0.0;0.2349019;0.2349168;0.0;0.0;4803.1387;5712.391;-2875.3577;5790.439;-340.21112;-1694.1642
1951-10-02;8.825623;-3.0588481;0.009852092;750.59546;1.2013649;232.06316;0.0;-7.3453654e-25;99.99998;-7.345365e-21;0.0017158609;-0.40123704;8.940697e-05;0.23266673;0.23257732;0.0;0.0;4518.151;5368.81;-2609.0156;5939.6904;-278.72665;-1679.3278
1951-10-03;7.518463;0.4397583;0.010040283;749.6821;1.5057117;239.36055;0.0;-7.3453654e-25;99.99998;-7.345365e-21;1.682049;-0.36787802;0.08840859;0.31878054;0.2303496;0.0;0.0;3447.7056;4093.5037;-1652.6522;6844.5977;-255.55222;-1532.9856
1951-10-04;5.9679465;5.149119;0.009928386;745.6133;1.412263;201.20032;0.0;-7.3453654e-25;99.99998;-7.345365e-21;15.704723;-1.4234502;0.9956956;1.2240112;0.22829324;0.0;0.0;1909.623;2265.5613;-433.35806;7767.5474;-988.8233;-794.79
1951-10-05;5.104065;-0.52285767;0.009661357;745.4859;1.2641426;210.54555;0.0;-7.3453654e-25;99.99998;-7.345365e-21;0.8548796;-1.9017775;0.04951656;0.2757907;0.22628158;0.0;0.0;3731.974;4422.937;-1835.3822;6260.2207;-1321.1011;-1146.9166
1951-10-06;4.020182;-1.8962809;0.0098724365;747.8448;1.092283;214.12126;0.0;-7.3453654e-25;99.99998;-7.345365e-21;1.9468516;-1.416565;0.1154542;0.33965707;0.22424012;0.0;0.0;3301.5823;3909.9277;-1460.5458;6502.721;-984.04114;-1007.8611
1951-10-07;4.2783813;3.7816162;0.009985606;747.8304;1.1473018;201.37451;0.7657878;8.59499e-05;111.42413;0.9358724;18.405329;-0.8251164;1.4784038;1.7007291;0.22231787;0.074293464;0.13212115;720.2842;858.4636;-91.425;7783.581;-573.0956;-349.88223
1951-10-08;5.6068115;4.815867;-0.047715504;748.1921;0.9088176;201.99211;0.26912436;3.496806e-05;140.71547;0.040690105;9.553417;-1.4334191;0.8395165;1.0599792;0.22047758;0.0361111;0.0;2161.59;2559.9531;-550.1778;7606.65;-995.7222;-698.91
1951-10-09;4.967234;3.3518066;-0.09890238;749.4033;0.9827786;189.0991;0.095703125;1.3868014e-05;150.80467;-7.345365e-21;13.09219;-1.5884675;1.3230741;1.5416741;0.21864474;0.01276657;0.0;2688.728;3177.9377;-875.0611;7265.149;-1103.45;-876.8567
1951-10-10;3.943095;3.4677227;-0.1612765;747.5041;1.0522522;215.40894;0.04215495;6.11941e-06;150.80467;-7.345365e-21;10.080814;-1.0365378;1.1194795;1.3363361;0.2168417;0.004686415;0.0;1202.8575;1420.1586;-352.64;7564.7163;-720.04553;-521.06555
1951-10-11;4.077616;0.17147827;-2.4188473;748.2026;1.1633584;210.61018;0.01969401;2.9404957e-06;150.80467;-7.345365e-21;0.6068051;-1.9470975;0.055521727;0.27057528;0.21505356;0.0025071204;0.0;3977.3672;4690.3687;-1908.9939;6093.8545;-1352.5845;-1053.9388
1951-10-12;3.0973003;-1.1729025;-2.4823887;747.5765;1.2994609;219.46309;0.008870442;1.3113022e-06;150.80467;-7.345365e-21;0.3325224;-1.7242469;0.029087067;0.24235249;0.21326542;0.00096298754;0.0;3680.4438;4336.21;-1624.9828;6265.11;-1197.7789;-1060.1733
1951-10-13;3.2848103;1.4555868;-0.38142648;749.56104;0.5857008;178.49603;0.67179364;9.62019e-05;140.30174;0.7324219;8.16831;-0.8876082;0.8868277;1.0983944;0.21157414;0.08069165;0.17987564;1150.7877;1361.3334;-439.53723;7319.609;-616.5722;-326.17444
1951-10-14;6.905792;2.8892517;-1.2826296;751.655;0.87161165;99.84081;0.421875;6.0598057e-05;150.97621;0.32552084;1.4636219;-1.6861148;0.16777217;0.37771463;0.20993501;0.07072464;0.0;3311.4084;3902.1816;-1517.8278;6662.688;-1171.2689;-672.64777
1951-10-15;5.5542808;2.3575947;-1.9498405;753.6484;1.001954;87.74102;0.15136719;2.2053719e-05;150.97752;-7.345365e-21;3.737327;-1.4928765;0.42624772;0.63455105;0.20828843;0.022944063;0.0;3136.2944;3687.969;-1504.9277;6535.2876;-1037.05;-667.68335
1951-10-16;6.275889;1.4828085;-2.9843864;751.9532;1.0762337;209.72845;0.055664062;7.788341e-06;150.98436;-7.345365e-21;0.040474534;-1.8534884;0.0051259995;0.2118051;0.206694;0.010184944;0.0;3474.1223;4082.4456;-1700.2311;6364.388;-1287.5566;-732.7122
1951-10-17;4.302572;-0.4704895;-4.000772;748.0344;1.0122298;175.94453;0.01912435;3.0994415e-06;150.25616;-7.345365e-21;0.6366372;-1.4854;0.05725026;0.26236475;0.20512193;0.0026747584;0.011526048;3307.865;3885.1094;-1764.5013;6101.614;-1031.8595;-720.7733
1951-10-18;3.4372356;-1.8465576;-4.846453;747.49335;0.8084645;136.96846;0.05875651;7.828076e-06;144.54881;-7.345365e-21;0.03811121;-1.7500948;0.0045597553;0.20816922;0.20359457;0.009216368;0.0;3881.6711;4558.209;-2111.1855;5728.7935;-1215.7328;-809.3722
1951-10-19;2.8962097;-2.9161785;-6.149057;747.90485;0.8895113;144.83495;0.018880209;2.861023e-06;150.52342;-7.345365e-21;0.002248187;-1.483542;0.0005364418;0.20264089;0.2020821;0.0027567148;0.0;3542.7522;4158.309;-2066.41;5641.137;-1030.5684;-779.94666
1951-10-20;2.4005737;-3.222412;-6.013304;748.98627;1.0332094;107.82409;0.007975261;1.2715658e-06;150.52342;-7.345365e-21;0.047916174;-1.3929578;0.00397861;0.20459294;0.20061433;0.001013279;0.0;3704.5112;4346.5522;-2074.675;5566.1123;-967.64276;-799.54114
1951-10-21;1.699473;-4.048269;-6.2899003;749.4431;0.9828009;91.85028;0.0040690103;4.3710074e-07;149.25941;-7.345365e-21;0.00028312206;-1.4473786;7.4505806e-05;0.19924343;0.19917637;0.00059604645;0.00027753413;3716.8184;4359.351;-2042.9695;5571.961;-1005.4461;-870.16
1951-10-22;1.9141337;-4.415222;-7.5563455;749.7203;0.93577594;152.53062;0.001953125;-7.3453654e-25;151.1328;-7.345365e-21;0.029438734;-1.2871809;0.0025182962;0.2002716;0.19775331;0.00021792948;0.0;3650.0884;4279.906;-2182.369;5335.3643;-894.16223;-769.76886
1951-10-23;2.5720623;-3.925415;-6.290605;750.5635;0.95045304;175.15417;0.0006510417;-7.3453654e-25;151.1328;-7.345365e-21;0.05925434;-1.1889971;0.004827976;0.20121038;0.1963824;9.49949e-05;0.0;3369.828;3950.111;-1827.6505;5736.277;-825.9572;-683.70557
1951-10-24;2.6456501;-2.2032368;-4.8523383;749.81323;0.91697454;192.87425;0.0;-7.3453654e-25;149.32777;-7.345365e-21;1.1794716;-1.1668941;0.096946955;0.29197335;0.1950413;3.7252903e-05;0.0;3121.395;3657.8;-1625.8717;6004.4976;-810.60223;-696.77
1951-10-25;2.6018066;-3.3912861;-6.308821;750.428;0.9088525;95.85796;0.0;-7.3453654e-25;128.78319;-7.345365e-21;0.17763667;-1.27233;0.014349818;0.20806491;0.1937151;1.6763806e-05;0.0;3197.5012;3745.5557;-1765.9761;5916.8936;-883.8456;-662.60443
1951-10-26;2.2547405;-3.4736938;-6.0506043;751.1694;0.9270349;100.92423;0.0;-7.3453654e-25;107.3561;-7.345365e-21;0.22804737;-1.0929592;0.018119812;0.2105236;0.19239634;1.8626451e-06;0.0;3014.0984;3529.67;-1707.7228;5885.6436;-759.24225;-612.8933
1951-10-27;2.1141052;-1.2785339;-3.2863655;750.031;1.2122451;164.63751;0.45206705;6.7949295e-05;113.93097;0.36621094;3.008777;-1.0070987;0.25896728;0.45010448;0.1911223;0.004235655;0.18305704;2736.429;3203.709;-1260.8234;6383.5034;-699.5922;-605.9511
1951-10-28;2.114624;-0.5105489;-1.9332784;749.17377;1.2682813;207.74077;1.1337076;0.00016291936;146.59438;0.9765625;0.6347239;-1.0088934;0.05890429;0.24880469;0.1898855;0.048043206;0.0;2271.275;2679.1968;-1088.2067;6580.5156;-700.89557;-669.1556
1951-10-29;0.9766337;-0.22376506;-2.1801198;748.3216;0.79285765;211.73802;2.4791667;0.00041290125;149.13312;2.6855469;11.412563;-0.64267313;1.087442;1.2761503;0.18870085;0.05554594;1.1344738;1073.7395;1265.0178;-565.39276;6886.67;-446.3989;-326.91223
1951-10-30;0.1703593;-1.6004537;-1.9885126;748.57324;0.76394844;119.45645;19.608643;0.0030362208;143.85968;21.036783;12.190729;-1.1414773;0.47814846;0.6656796;0.18753856;0.39870292;7.8549833;2322.2144;2853.7388;-911.7894;6592.5293;-793.1089;-703.07556
1951-10-31;-2.7008464;-5.074529;-4.658915;749.7964;1.1502665;49.664722;84.30428;0.012003859;141.6175;84.47266;4.4537067;-0.3818106;0.16117096;0.34755468;0.18636882;0.98100674;3.9627254;1116.6183;3419.6633;-945.2183;5844.2524;-276.75555;-194.45334
1951-11-01;-3.462494;-6.8499885;-4.444332;750.4109;1.4314853;39.936615;80.3549;0.012175441;150.97426;80.81055;2.1285892;-0.5313046;0.11906028;0.3042817;0.18522888;0.92826223;1.9512401;1637.7866;4079.3445;-1153.3517;5681.5176;-382.54;-314.89777
1951-11-02;-2.0102642;-5.1317368;-5.4123726;751.16974;1.041859;67.01998;84.381836;0.0126742525;151.16632;84.3099;0.36275387;-0.31124055;0.283733;0.46783686;0.1840964;2.211431;0.27637184;1464.385;3993.92;-1257.4434;5531.4434;-220.56;-195.58556
1951-11-03;-2.333089;-6.7209525;-8.179276;750.95404;1.0923383;67.049385;69.33594;0.010452787;152.06378;69.17318;0.0052891867;-0.48337317;0.27492642;0.45791268;0.18298626;2.1221247;0.00442937;1947.6206;4097.871;-1530.3461;5151.3545;-340.22446;-281.30222
1951-11-04;0.9069417;-5.8963027;-6.127051;751.64014;0.8276801;179.63225;54.280518;0.008192182;152.66176;53.99577;0.018137693;-0.5654469;0.30112267;0.48300624;0.18189102;2.2744591;0.0070929527;2150.281;3816.5833;-1370.9144;5581.9346;-394.67334;-198.25
1951-11-05;1.2448934;-2.5808513;-4.7541404;750.9829;0.7323906;252.07726;39.520588;0.0059587955;153.0742;39.14388;0.36207807;-0.63146186;0.33409894;0.5149245;0.18082559;2.2659283;0.0050999224;2247.2688;3465.2344;-1337.8561;5881.406;-439.77335;-353.46335
1951-11-06;0.19108073;-2.0925293;-4.3545036;749.22736;0.7869754;239.22632;28.556314;0.004332503;153.4977;28.645834;2.9581785;-0.84616804;0.5007982;0.68059564;0.17978996;1.523653;0.2150014;2227.0872;3108.1155;-1275.2833;5992.624;-590.485;-458.44778
1951-11-07;-1.0020956;-3.2995403;-3.754284;747.76373;0.93488103;169.93921;24.218262;0.003745238;151.51625;24.373373;5.408019;-0.98696446;0.4043281;0.58312714;0.17879903;0.78622997;2.3963823;2325.3088;3105.0723;-1157.3105;6060.7944;-689.49664;-509.2389
1951-11-08;-2.539154;-3.405904;-1.9120903;746.10114;0.5641684;159.84726;86.34619;0.017524958;133.16339;128.05176;23.353878;-0.12998842;0.24746358;0.42530894;0.17784536;0.85424256;21.932735;384.72556;1162.0834;-436.79556;6588.7456;-96.71445;-122.005554
1951-11-09;-5.1463065;-8.122894;-7.5383286;748.38885;0.9673553;122.86605;100.0;0.028409997;146.24413;195.06836;0.6982267;-0.16976707;0.01578033;0.19270182;0.17691404;0.123662874;0.67620724;831.6861;3183.1277;-1006.7267;5401.089;-127.01889;-86.53
1951-11-10;-4.4105477;-11.333539;-8.891601;752.49;1.2347488;45.8194;100.0;0.028271118;152.38148;185.87239;0.0042051077;-0.13078657;0.031605363;0.20758808;0.17599761;0.25386548;0.0037699938;1149.7317;4071.0679;-1387.7988;4827.3823;-93.43;-29.076666
1951-11-11;-2.1908264;-12.349814;-9.298583;751.52124;1.1423959;86.05808;100.0;0.02785186;155.62758;179.32129;0.0008523463;-0.1528468;0.055268407;0.23035705;0.1750961;0.45390612;0.0;1214.7411;4040.129;-1394.1722;4829.9023;-110.456665;25.067778
1951-11-12;-3.0074463;-11.017108;-9.148351;749.5552;1.17549;85.11048;99.36947;0.02683107;158.23827;169.75911;0.0012844794;-0.15349872;0.18307567;0.35730004;0.17422438;1.3617482;0.0;1159.1516;3608.0823;-1282.414;4982.1885;-111.61444;15.56
1951-11-13;-1.3574625;-7.659757;-7.3803687;749.6848;1.2343822;114.9819;97.07153;0.02447784;160.10838;153.36101;0.0;-0.14621392;0.41127205;0.58463216;0.17336756;2.9484816;0.0;1335.4478;3810.9922;-1218.7139;5285.621;-103.3;-4.3355556
1951-11-14;-0.3200887;-5.001058;-6.9967155;751.7298;1.1785238;79.09072;92.859535;0.020932317;161.98207;129.72005;0.00042617318;-0.14490262;0.56383014;0.7363707;0.17252564;3.908599;0.0;1465.4395;3790.3367;-1300.1;5288.2847;-99.47222;-5.752222
1951-11-15;1.1750692;-3.9425964;-7.5098343;751.96234;1.1056856;105.53982;89.03597;0.016822139;163.29034;103.271484;0.00087026996;-0.15477464;0.63260645;0.8043349;0.17171353;4.2224636;0.0;1578.8378;3765.1978;-1389.7006;5184.916;-105.80778;3.278889
1951-11-16;2.6071472;-5.6875205;-7.437186;752.55536;1.0903618;111.023834;75.30859;0.012647788;166.36261;76.33463;0.0008523463;-0.2664793;0.64247847;0.8133948;0.17093122;4.135469;0.0;1668.9044;3454.0088;-1422.7328;5251.3936;-185.29445;32.324444
1951-11-17;3.063914;-7.401174;-7.288305;752.3723;0.90765446;120.25342;55.638508;0.009269674;167.89027;55.05371;0.0017055336;-0.4330473;0.46002865;0.6301999;0.17017126;2.8926692;0.0;1817.3373;3076.578;-1446.3116;5394.8027;-302.15;1.4877778
1951-11-18;1.6658121;-9.832753;-8.800224;752.23627;0.9924684;91.09292;41.110676;0.0068746805;168.32909;40.852863;0.0004351138;-0.5893242;0.32643974;0.49588084;0.16944855;2.036564;0.0;2355.055;3523.9268;-1942.0444;4908.2837;-411.29556;-65.35778
1951-11-19;0.09768677;-5.94692;-5.559423;752.05835;1.1629353;40.437717;31.175863;0.005241553;168.58852;31.046549;1.0999143;-0.4101116;0.3181249;0.48688054;0.16875565;1.4223791;0.06004423;2036.7639;2833.9978;-1321.4222;5760.9917;-287.16446;-188.4289
1951-11-20;-1.1487223;-3.0225017;-4.2189918;749.39935;1.1541659;39.104313;43.881916;0.006822268;152.75194;44.392902;5.943328;-0.4562754;0.5232245;0.6913394;0.16812235;1.47596;3.312964;1327.2678;2113.189;-915.4483;6115.1855;-319.7489;-156.76445
1951-11-21;-0.94766235;-4.1615396;-6.7600875;748.78644;0.9854124;55.225895;41.12321;0.0061070523;150.40753;40.771484;0.13817114;-0.5371105;0.315845;0.48336387;0.16751885;1.8586106;0.01513958;1840.5961;2810.3088;-1239.7028;5705.9946;-375.65778;-240.85333
1951-11-22;-1.3165792;-5.182831;-8.418841;749.4063;0.9066761;60.61256;30.088541;0.004476309;150.77277;29.500326;0.0002682209;-0.5106479;0.23505092;0.40197372;0.16692281;1.4459975;0.00026077032;2410.7283;3359.1523;-1769.3561;5180.7266;-355.69556;-358.48444
1951-11-23;0.43572998;-4.5064797;-10.299553;749.08813;0.89071345;186.36967;21.92391;0.0032674868;151.00746;21.850586;0.0008583069;-0.44230372;0.17008185;0.33643842;0.16635656;1.050504;0.0;2641.3794;3480.5623;-2133.04;4806.444;-307.43668;-229.34889
1951-11-24;1.093689;-3.174408;-8.66253;748.49835;0.7355489;179.52966;15.99056;0.002385815;151.17511;15.909831;0.00042617318;-0.36310497;0.124529004;0.29034913;0.16582757;0.7745344;0.0;2693.5156;3417.5134;-1938.831;5134.9243;-252.57889;-279.94
1951-11-25;0.9911092;-3.3102112;-8.953072;749.263;0.69382364;160.72324;11.307536;0.0016845465;151.31215;11.311849;0.0025808804;-0.48701093;0.10457635;0.26988983;0.16532093;0.65251255;0.0;2619.1416;3230.9578;-1966.9016;5138.4688;-338.435;-310.19888
1951-11-26;-1.0656738;-4.40683;-6.825886;745.4797;0.9082013;127.01908;12.45988;0.0018767118;144.62953;12.939453;4.174769;-0.26780182;0.1617819;0.32661855;0.1648292;0.3815256;3.1795464;2159.6138;2615.83;-1353.8256;5776.3887;-186.5089;-354.73
1951-11-27;-0.9414978;-3.3936157;-4.8331847;746.4409;0.9961392;144.85216;27.841635;0.003882448;142.28351;27.75065;0.589329;-0.55246425;0.1834482;0.3478229;0.16436726;1.0741353;0.4113838;2280.1528;3145.61;-1233.5372;5895.279;-384.97333;-329.4511
1951-11-28;-1.3515421;-2.2833455;-1.9069723;750.0381;0.9383452;167.21251;30.868082;0.0046908855;150.2503;31.08724;2.0222843;-0.3319541;0.106200576;0.27009845;0.16391277;0.4234314;1.6118921;1041.6539;1452.8334;-552.2178;6678.6367;-234.67;-258.46777
1951-11-29;-1.335195;-5.65684;-7.984203;750.7683;0.85440326;147.6847;30.82731;0.0046292543;150.00096;31.08724;0.9151455;-0.5547404;0.13552606;0.2990067;0.16346574;0.86031485;0.88741255;2342.5706;3267.3032;-1700.6272;5217.7324;-388.64835;-304.7322
1951-11-30;-2.5487366;-3.4495952;-1.776001;747.92926;1.1972185;201.84808;70.69059;0.010537903;143.97328;71.9808;8.502131;-0.20769984;0.0218153;0.1848489;0.16304106;0.02603978;8.058157;548.24664;1167.7378;-235.31223;6848.213;-155.26111;-230.68
1951-12-01;-2.2166545;-4.823761;-5.196791;749.12646;0.7257368;169.27437;88.87565;0.013387799;150.80956;88.62305;0.07146299;-0.22442639;0.04262477;0.2052486;0.16263127;0.2985783;0.065132976;936.555;2423.1733;-941.4978;5829.731;-165.31444;-104.041115
1951-12-02;-2.577301;-7.6431427;-6.1875205;748.3684;0.98795396;54.810635;85.801674;0.013332486;149.90785;88.256836;6.7490935;-0.22910722;0.1719892;0.33421814;0.16222149;1.0535233;6.151477;1389.7456;3221.0144;-1165.8578;5413.99;-166.80112;-114.74111
1951-12-03;-4.616984;-6.3991294;-5.699365;746.8997;0.81733805;140.68253;99.961754;0.025897661;143.25128;179.56543;8.106848;-0.110100955;0.011667609;0.17350912;0.16182661;0.042703003;7.6122656;504.09332;1893.0411;-717.295;5874.219;-83.21222;-57.203335
1951-12-04;-5.268473;-6.558604;-4.173426;749.80084;1.0515269;202.38338;100.0;0.028117498;151.46156;185.58757;1.5215278;-0.13729744;0.0011026859;0.16255677;0.16144663;0.0018253922;1.34309;630.2511;2256.8545;-427.75778;6304.4136;-103.92111;-117.40111
1951-12-05;-3.4090576;-4.0440674;-2.0538838;749.67914;1.0500046;207.20934;100.0;0.031204978;151.74281;205.11882;5.7265043;-0.20630844;0.0056922436;0.1667738;0.1610741;0.0040978193;5.2771716;445.52667;1497.6633;-190.71388;6810.221;-159.54;-194.04889
1951-12-06;-4.516482;-5.385502;-3.5006802;748.9759;1.1950604;158.56702;100.0;0.03701234;151.6559;243.81511;2.7845533;-0.1501739;0.0015944242;0.16230345;0.16070902;0.0035930425;2.6184359;609.9678;2166.0344;-661.47833;6175.8564;-114.46667;-139.56667
1951-12-07;-7.9789176;-14.006736;-13.280728;751.27563;1.7689244;19.09514;100.0;0.03784327;153.5908;246.78548;0.0052958727;-0.059964135;0.0;0.1603514;0.1603514;0.0;0.0044368207;938.4867;3189.1677;-1414.5061;4420.136;-41.793335;67.89667
1951-12-08;-7.972738;-17.439558;-16.308983;750.4362;1.6736304;16.61591;100.0;0.037843782;155.14581;244.222;0.0;-0.065872446;0.0;0.15999377;0.15999377;0.0;0.0;985.60614;3265.7434;-1272.2167;4313.8013;-46.375557;127.68889
1951-12-09;-7.187389;-17.024807;-15.946879;749.8923;1.4290956;25.10581;100.0;0.037805717;156.63344;241.86198;0.0008583069;-0.066295266;0.0056624413;0.16528368;0.15963614;0.054458156;0.0;1010.055;3264.5566;-1336.2172;4277.921;-46.874443;117.166664
1951-12-10;-6.057009;-14.935094;-16.450645;747.9273;1.1119281;180.89372;100.0;0.03774953;157.94887;239.50195;0.00085234636;-0.059796497;0.0045597553;0.16385317;0.15930086;0.04381314;0.0;1026.8828;3238.6067;-1310.7583;4253.745;-42.45222;96.77889
1951-12-11;-7.2109885;-12.477298;-14.046336;748.01;1.0426811;96.7164;100.0;0.037699062;159.37563;237.26399;0.00044107434;-0.028712675;0.0031292439;0.16209483;0.15896559;0.030092895;0.0;997.8028;3074.0923;-1118.0178;4689.7974;-22.357779;2.36
1951-12-12;-5.852793;-7.9174705;-10.029035;748.3383;0.91948223;175.84444;100.0;0.03758542;161.0309;234.25293;0.018286705;-0.017570332;0.017881393;0.17651916;0.15865266;0.15189126;0.014845282;924.3394;2781.399;-786.8994;5408.9424;-13.672222;-44.711113
1951-12-13;-5.024923;-7.574701;-5.350479;744.37177;0.93094164;239.5436;100.0;0.03770089;162.88377;231.77083;2.2834988;-0.19094162;0.0046640635;0.1629889;0.15832484;0.044241548;2.2385194;905.7767;2665.8157;-760.5578;5888.047;-145.15555;-78.12666
1951-12-14;-7.070585;-8.544681;-5.952572;737.51117;0.7693536;193.63637;100.0;0.05458641;145.76593;371.94824;28.294743;-0.096214935;0.0;0.15801191;0.15801191;0.0;28.2783;249.10556;940.5622;-255.16945;6337.2153;-74.507774;-109.013336
1951-12-15;-9.750953;-12.439941;-9.262727;737.43646;0.76541597;194.72148;100.0;0.079452395;131.14288;603.2715;17.750322;-0.07405318;0.0;0.15769899;0.15769899;0.0;17.737772;358.92776;1542.8411;-243.53389;6049.829;-56.456665;-90.26444
1951-12-16;-10.934968;-12.580733;-9.534646;735.388;1.094979;165.6317;100.0;0.11396364;127.13767;892.41534;34.93916;-0.06735884;0.0;0.15740097;0.15740097;0.0;34.929626;177.72444;776.9;-273.64835;5949.974;-52.302223;-83.80666
1951-12-17;-12.527951;-14.380497;-11.77129;741.1714;1.0131878;212.47786;100.0;0.12633805;142.32843;891.92706;2.6878448;-0.06137602;0.0;0.15710294;0.15710294;0.0;2.67829;533.47833;2294.871;-451.66556;5583.7476;-46.037777;-133.54778
1951-12-18;-10.148495;-11.507976;-10.949688;744.2615;0.7873204;205.29388;100.0;0.13010426;150.72589;862.3047;7.2731495;-0.010326505;0.0;0.15680492;0.15680492;0.0;7.2703657;307.71722;1295.6677;-58.24222;6154.1646;-7.17;-55.217777
1951-12-19;-7.8917236;-9.66525;-8.464938;739.2732;0.68201727;71.044426;100.0;0.15147364;149.6507;1007.56836;29.49083;-0.021219254;0.0;0.1565069;0.15651435;0.0;29.487312;250.84666;1093.6855;-173.63167;6257.059;-15.576667;-30.095556
1951-12-20;-11.966134;-15.154441;-12.074063;741.3017;0.7478966;150.48279;100.0;0.16694085;153.37172;1089.3148;0.9117067;-0.03516674;0.0;0.15622377;0.15621632;0.0;0.9095557;647.30334;2794.381;-1321.6978;4427.87;-24.764444;-72.98556
1951-12-21;-13.642052;-19.430174;-18.557669;745.16986;1.3733529;19.442307;100.0;0.16707599;158.39647;1055.2572;0.068180285;-0.011874363;0.0;0.15592575;0.15592575;0.0;0.06605685;726.4789;3052.2021;-1039.3417;4257.615;-6.731111;46.22222
1951-12-22;-12.195969;-15.42088;-16.763674;741.27216;1.6219848;20.89226;100.0;0.1682448;160.97621;1044.6777;3.483808;0.0049620867;0.0;0.15565753;0.15564263;0.0;3.479123;519.5267;2137.6055;-162.44167;5599.372;5.481111;27.313334
1951-12-23;-10.363513;-13.117841;-13.440315;741.86035;0.77221185;94.00568;100.0;0.1716773;162.97752;1053.9551;0.8914143;-0.014480203;0.0;0.1553446;0.1553595;0.0;0.88886917;533.3933;2191.162;-521.6111;5407.0366;-9.262222;-37.525555
1951-12-24;-13.280411;-17.13145;-15.437459;746.3423;1.1133021;24.743998;100.0;0.17186248;168.08722;1023.4782;0.005632639;-0.027255155;0.0;0.15506148;0.15507638;0.0;0.0056140125;752.3639;3012.3044;-1227.4022;4312.024;-18.631111;-36.802223
1951-12-25;-15.273671;-20.215979;-19.988781;748.0793;1.4696007;15.263351;100.0;0.1718812;171.80792;1001.18;0.0008523463;-0.003684312;0.0;0.15479326;0.15478581;0.0;0.0;815.0833;3177.5732;-1275.82;3885.0747;-0.50777775;55.124443
1951-12-26;-14.950929;-21.024;-22.493605;748.7474;1.5498072;12.669182;100.0;0.17190795;174.49803;985.3923;0.0012939945;0.0022426248;0.0;0.15451014;0.15451759;0.0;0.0;845.7661;3215.0754;-1217.8022;3792.054;3.8866668;104.024445
1951-12-27;-12.942187;-21.277046;-22.958038;748.6844;1.4126028;9.0422125;100.0;0.17193286;176.78448;972.9004;0.0;-0.0012684613;0.0;0.15422702;0.15424192;0.0;0.0;832.13165;3085.9368;-827.4939;4273.669;0.95444447;117.38111
1951-12-28;-11.394829;-20.741693;-21.095907;747.92285;1.2604305;15.669641;100.0;0.17194958;179.24445;959.96094;0.00085532654;-0.013730489;0.0;0.15396625;0.15396625;0.0;0.0;883.13947;3198.4312;-1099.9789;4104.3203;-8.194445;99.566666
1951-12-29;-13.349093;-21.123169;-21.42243;746.7229;1.5335566;14.465655;100.0;0.17196687;181.70538;946.9808;0.0021845098;-0.0109206885;0.0;0.15369058;0.15368313;0.0;3.7252903e-05;897.735;3178.4888;-1008.52057;4184.066;-6.0727777;93.78667
1951-12-30;-12.268628;-19.37549;-21.04744;748.6389;1.4534302;10.480123;100.0;0.17199016;184.13051;934.28546;0.0;0.00016391277;0.0;0.15342236;0.15342236;0.0;0.0;945.45166;3268.7979;-1141.8572;4063.8843;2.4433334;112.507774
1951-12-31;-11.5482435;-19.793068;-21.110184;750.89795;1.666854;11.2660675;100.0;0.17201607;186.51105;922.7702;0.0;-0.002194196;0.0;0.15313923;0.15314668;0.0;0.0;976.74054;3302.1545;-1254.3556;3925.45;0.8088889;149.39778
1952-01-01;-7.1307387;-22.839273;-20.790375;748.2061;0.8991887;195.85988;100.0;0.17203481;188.82582;911.6618;0.0024318695;-0.023953617;0.0;0.15288591;0.15287846;0.0;0.0011734664;994.1494;3287.81;-1056.3617;4198.798;-16.077778;122.846664
1952-01-02;-8.617373;-16.943779;-17.02283;743.9848;0.7301112;130.98503;100.0;0.17234111;191.05434;902.83203;0.37645102;-0.01350604;0.0;0.1526177;0.1526177;0.0;0.37193298;721.42224;2357.4011;-586.7928;5130.5713;-8.416667;30.906666
1952-01-03;-11.666522;-17.140299;-17.774225;745.7551;1.4622253;11.424972;100.0;0.17244399;193.90656;890.1774;0.0008821486;-0.00829529;0.0;0.15234947;0.15234947;0.0;0.0004246831;1012.8428;3241.5322;-1311.4972;4115.567;-3.586111;60.97333
1952-01-04;-12.41612;-19.102858;-18.873491;746.2963;1.3596258;12.693751;100.0;0.17246528;196.50975;878.37726;0.0004351138;-0.012965873;0.0;0.15208125;0.15208125;0.0;0.0;992.3239;3111.189;-1220.545;4141.72;-7.46;65.666664
1952-01-05;-11.525081;-19.03216;-19.630121;747.4585;1.3912716;8.150971;100.0;0.17248511;198.86131;868.042;0.0004351138;-0.009966083;0.0;0.15181303;0.15182048;0.0;0.0;1092.1161;3354.2466;-1320.1833;3976.8386;-5.0666666;90.708885
1952-01-06;-7.7367897;-18.653585;-18.09442;745.95184;0.6996355;301.71796;100.0;0.17250852;201.16371;858.3577;0.10557473;-0.03277138;0.0;0.15155971;0.15155971;0.0;0.103939325;995.75775;2998.9368;-747.4239;4832.681;-22.673334;51.554443
1952-01-07;-7.5766716;-10.179233;-13.037122;745.9405;0.4972897;140.7927;100.0;0.17343266;202.51756;856.68945;2.5307088;-0.0045057386;0.0;0.15129149;0.15129149;0.0;2.5246925;614.4483;1845.7289;-11.231667;6199.009;-2.1211112;-31.498888
1952-01-08;-7.314387;-8.704502;-8.732647;743.9427;0.7333386;201.593;100.0;0.17836897;199.81508;892.5781;6.160693;-0.06519072;0.0;0.15105307;0.15103817;0.0;6.1555057;549.5261;1784.2034;-262.74335;6191.517;-49.293335;-80.437775
1952-01-09;-8.576642;-12.283558;-8.6526985;740.9133;0.6261936;165.41418;100.0;0.18215792;199.99217;911.5804;1.9614398;-0.078829005;0.0;0.15076995;0.1507774;0.0;1.9570142;774.79834;2785.1055;-853.93835;5417.0903;-57.68889;-90.505554
1952-01-10;-9.616508;-12.343188;-9.78387;737.9177;0.9380124;50.49405;100.0;0.19103909;192.0514;993.2048;12.550289;-0.0697393;0.0;0.15053153;0.15052408;0.0;12.544732;394.60666;1555.7367;-450.43112;5746.918;-53.00111;-59.442223
1952-01-11;-12.001897;-15.428332;-12.031907;738.2198;0.6916478;181.41408;100.0;0.19945633;183.76952;1085.6119;3.1705947;-0.037802383;0.0;0.15026331;0.15026331;0.0;3.1679087;689.8283;2857.2534;-1112.0455;4734.79;-26.824444;-91.60778
1952-01-12;-13.847669;-16.492758;-16.248098;744.0118;0.94994783;246.78845;100.0;0.20012839;187.20213;1069.8649;0.13672113;-0.011017546;0.0;0.15000999;0.15000999;0.0;0.1311414;817.49445;3310.6577;-982.8356;4523.9814;-6.101111;-56.803333
1952-01-13;-10.850604;-13.434108;-15.928594;748.55835;1.0477775;190.18837;100.0;0.20031984;190.73273;1051.4323;0.10923958;0.01675263;0.0;0.14975667;0.14975667;0.0;0.1074858;642.8428;2535.7866;-732.43665;4947.1455;14.852222;3.3933334
1952-01-14;-8.893498;-13.643208;-15.975307;748.9777;0.99272704;122.54075;100.0;0.20039356;194.47166;1031.3721;0.0051535643;-0.006303191;0.0;0.14950335;0.14950335;0.0;0.0017285347;848.67;3268.99;-860.24664;4799.9185;-1.6833333;27.16
1952-01-15;-7.044159;-9.523702;-14.2944765;745.6746;0.61194986;253.86635;100.0;0.20061362;198.04945;1013.63116;0.4870385;0.010536984;0.0;0.14925003;0.14925003;0.0;0.4804954;833.7989;3135.1921;-514.1422;5433.1865;10.843333;-14.752222
1952-01-16;-8.994952;-12.641604;-12.026431;743.5627;0.90991634;91.21145;100.0;0.20106101;201.92674;996.45996;0.15299916;-0.030014664;0.0;0.14899671;0.14899671;0.0;0.14870614;812.20776;3002.7234;-967.0233;5028.481;-19.746666;-43.20778
1952-01-17;-10.354001;-14.454976;-14.703571;749.2376;1.6886959;16.642097;100.0;0.20112526;205.95734;977.70184;0.0042498107;-0.0075977296;0.0;0.14874339;0.14872849;0.0;0.0025257468;959.97614;3469.861;-1414.6333;4201.638;-2.221111;37.52222
1952-01-18;-8.170472;-17.16598;-17.337345;749.6331;1.4418803;67.44683;100.0;0.20116143;209.04164;963.29755;0.0;-0.01813285;0.0;0.14849007;0.14848262;0.0;0.0;1050.7128;3709.6943;-1266.2278;4184.8633;-10.456667;113.54667
1952-01-19;-3.981364;-20.33173;-15.367335;749.0989;0.79227823;249.40746;100.0;0.2011605;211.97264;950.07324;0.0;-0.06887689;0.0;0.14823675;0.1482293;0.0;0.0;1008.50055;3480.9478;-1049.7578;4730.443;-49.176666;76.27111
1952-01-20;-6.557138;-18.453127;-16.570402;748.44806;0.87451273;190.6087;100.0;0.20115884;214.91405;936.84894;0.0004351138;-0.04291348;0.0;0.14798343;0.14797598;0.0;0.0;1116.6228;3767.2566;-1447.4961;4057.7847;-29.302221;79.48444
1952-01-21;-7.06081;-17.227087;-17.456076;747.50757;0.67171127;279.74603;100.0;0.20116837;217.45538;925.9033;0.01822412;-0.033689663;0.0;0.14771521;0.14771521;0.0;0.016510487;1131.5216;3734.8645;-1125.6505;4381.9814;-22.644444;41.642223
1952-01-22;-7.2943015;-9.864104;-13.745221;746.405;0.6346471;245.97832;100.0;0.20150506;219.68617;917.96875;0.62004626;0.0034738332;0.0;0.14746189;0.14747679;0.0;0.6160997;807.6461;2621.0833;-271.55554;5845.402;4.881111;-33.124443
1952-01-23;-7.625029;-8.624608;-9.698697;744.7043;0.96809775;226.71706;100.0;0.20616122;216.49608;951.25323;10.683896;-0.018248335;0.0;0.14723837;0.14723092;0.0;10.676704;417.70056;1427.3223;-31.643333;6396.588;-13.2277775;-75.86222
1952-01-24;-7.999438;-9.433509;-8.4939575;746.7268;0.8124961;247.31067;100.0;0.21333615;210.68846;1013.42773;0.77189505;-0.0590086;0.0;0.14698505;0.14698505;0.0;0.76274574;761.07056;2958.63;-699.2439;5642.608;-42.86778;-102.82
1952-01-25;-7.8907685;-9.3775;-8.422614;747.3559;0.6776254;252.99132;100.0;0.21512127;213.96971;1005.5745;4.2066417;-0.061303377;0.0;0.14673173;0.14673173;0.0;4.2006264;579.76276;2198.601;-205.91667;6263.9443;-45.502224;-119.45
1952-01-26;-6.768041;-8.611211;-7.327394;748.31647;0.7846096;171.95032;100.0;0.21815757;216.10675;1010.7829;0.38324496;-0.07757917;0.0;0.14650822;0.14648587;0.0;0.37949905;884.0267;3458.8455;-1116.5039;5241.9355;-55.577778;-95.1
1952-01-27;-8.057031;-11.481407;-9.808621;746.02344;0.8695192;136.5827;100.0;0.21820517;221.333;986.8571;0.002110004;-0.060381368;0.0;0.1462251;0.14623255;0.0;0.00083073974;864.8161;3302.1023;-1088.9233;5027.938;-42.602222;-73.26222
1952-01-28;-9.449729;-14.680711;-12.946148;747.1736;1.2304734;16.669214;100.0;0.21821375;225.3496;969.2383;0.00032782555;-0.04216563;0.0;0.14600158;0.14598668;0.0;0.00031292439;1059.5372;3945.0889;-1503.6167;4227.992;-27.983334;-24.793333
1952-01-29;-8.519234;-15.953776;-15.374623;747.18134;0.9010636;158.4005;100.0;0.21823013;228.3496;956.2988;0.001724734;-0.03845431;0.0;0.14573336;0.14573336;0.0;0.0;1061.8966;3858.5366;-1295.4784;4313.8843;-25.552221;16.45111
1952-01-30;-8.830841;-15.980802;-16.163092;746.219;0.9166929;70.943146;100.0;0.21824475;230.9186;945.638;0.0012934206;-0.033980235;0.0;0.14548004;0.14548004;0.0;0.0;1138.0033;4040.32;-1317.3417;4251.184;-22.168888;4.842222
1952-01-31;-8.350444;-14.218539;-15.266459;747.1517;0.9449477;48.434185;100.0;0.21834962;233.23761;936.6048;0.22143908;-0.026431866;0.0;0.14522672;0.14523417;0.0;0.21847337;920.37946;3193.1255;-709.4778;5128.6987;-16.87111;-2.8155556
1952-02-01;-7.042147;-11.080483;-14.135043;748.38354;0.9007332;111.71006;100.0;0.21851297;235.70082;927.5716;0.0029593706;-0.011064112;0.0;0.14499575;0.1449883;0.0;0.0016726553;1195.6511;4074.3223;-1164.8422;4662.345;-4.417778;-16.35
1952-02-02;-4.1533685;-5.8167686;-10.876983;746.7985;0.5833773;186.90746;100.0;0.22057001;236.20506;933.22754;7.575793;0.021613203;0.0;0.14474988;0.14474243;0.0;7.201623;638.74164;2152.7434;112.93222;6580.5537;18.68111;-22.326666
1952-02-03;-3.495168;-3.885915;-5.5957847;738.8233;0.7230297;190.99974;100.0;0.2576902;210.14581;1225.2197;56.536465;0.013642013;0.0;0.14451146;0.14451146;0.0;55.40085;122.63611;524.30225;132.74667;6961.5654;10.871111;-8.762222
1952-02-04;-6.1654763;-7.1267295;-4.82667;738.16626;1.4547485;203.22676;100.0;0.29708323;196.37889;1511.6781;21.2942;-0.1606755;0.0;0.14427304;0.14427304;0.0;21.27572;564.4606;2454.2734;-329.14444;6373.6094;-122.861115;-228.87111
1952-02-05;-4.827108;-5.836263;-4.615377;745.0891;1.1995862;214.20831;100.0;0.31198952;200.35805;1557.6172;11.724925;-0.114798546;0.0;0.14401972;0.14402717;0.0;11.438243;660.6472;2846.2766;-342.94778;6457.512;-85.83667;-162.44333
1952-02-06;-4.151835;-5.349182;-4.226532;749.0625;0.9846699;214.56865;100.0;0.31984198;209.1419;1532.2266;0.684607;-0.1015272;0.0;0.1437813;0.1437813;0.0;0.65865743;858.6506;3670.7544;-829.1139;5904.76;-73.60111;-133.93333
1952-02-07;-4.254537;-8.69474;-6.550897;749.78705;0.8917163;124.13003;100.0;0.31991518;219.94398;1456.4615;0.0025319334;-0.10283105;0.0;0.14352798;0.14352053;0.0;0.0012479722;1027.4584;4247.8223;-1373.3223;4980.1133;-73.09889;-86.30334
1952-02-08;-2.502636;-8.328856;-9.776437;749.58575;0.67358255;213.66113;100.0;0.31993604;227.42772;1408.4066;0.09970665;-0.041719526;0.0;0.14327466;0.14327466;0.0;0.09171665;1099.9961;4427.8545;-1316.1536;4759.9272;-26.384445;-6.9922223
1952-02-09;-4.740763;-6.0604553;-7.8144937;742.07697;0.5579273;205.32013;100.0;0.3545619;210.39613;1683.7565;53.28904;0.010345131;0.0;0.14302135;0.14303625;0.0;51.75847;164.31166;710.0589;137.10388;6725.459;8.381111;-8.045555
1952-02-10;-4.8895264;-6.5184226;-6.5309205;744.1928;0.75629514;219.7263;100.0;0.37426916;210.86034;1778.6051;0.5386472;-0.06878469;0.0;0.14278293;0.14279038;0.0;0.5360954;990.45056;4256.0654;-939.6767;5577.81;-47.512222;-131.78667
1952-02-11;-6.922442;-8.270137;-6.981707;739.0362;1.2297893;189.93333;100.0;0.37651595;220.14223;1711.3851;7.5920224;-0.10972656;0.0;0.14254451;0.14254451;0.0;7.581912;848.3383;3539.5322;-533.0511;5993.4546;-81.318886;-178.19
1952-02-12;-8.465488;-10.343135;-7.321958;735.6721;0.7497339;180.50941;100.0;0.3921529;217.30727;1804.4027;11.120299;-0.12396276;0.0;0.14229119;0.14229864;0.0;11.109814;835.9817;3604.219;-913.17944;5440.3555;-92.52556;-185.00667
1952-02-13;-7.624092;-11.525994;-10.311893;744.27386;0.8505308;67.05046;100.0;0.3949034;224.05109;1765.0961;0.011074543;-0.05930569;0.0;0.14205277;0.14205277;0.0;0.01065433;1098.3156;4638.1177;-1561.0275;4385.8677;-40.142223;-91.742226
1952-02-14;-7.929292;-16.880922;-14.0948;746.6291;1.028995;52.36098;100.0;0.3949159;230.45538;1715.4948;0.0008587931;-0.07068366;0.0;0.14181435;0.14179945;0.0;0.0;1193.4983;4904.1616;-1662.2069;3933.5903;-48.691113;1.1366667
1952-02-15;-7.6638503;-18.39102;-16.23203;745.7092;1.0212871;59.463673;100.0;0.39491943;235.09015;1681.3558;0.0;-0.069139525;0.0;0.14156103;0.14155358;0.0;0.0;1231.1633;4925.6577;-1501.0928;4007.2043;-47.743332;25.572222
1952-02-16;-7.8477974;-17.189594;-17.11968;744.889;0.9706771;86.757576;100.0;0.39492786;238.97752;1654.0121;0.00084638596;-0.054689124;0.0;0.14129281;0.14130771;0.0;0.0;1258.9617;4908.208;-1395.2594;4093.7795;-37.012222;13.413333
1952-02-17;-8.132996;-16.899643;-17.157167;744.75555;0.981055;74.0266;100.0;0.39494073;242.55077;1629.7201;0.0008583069;-0.053085387;0.0;0.14105439;0.14105439;0.0;0.0;1305.4711;4962.8667;-1379.9105;4137.199;-35.68111;7.04
1952-02-18;-8.165015;-15.047442;-17.082796;744.7116;0.98588395;144.93965;100.0;0.3949615;245.96808;1607.2998;0.0030164337;-0.03951229;0.0;0.14081597;0.14080107;0.0;0.0;1351.295;5012.507;-1398.8406;4131.023;-25.375555;4.2055554
1952-02-19;-7.9842606;-11.812366;-15.917743;743.52155;0.8123999;191.93654;100.0;0.39539135;248.80531;1589.9252;3.41174;-0.02264604;0.0;0.14056265;0.1405701;0.0;3.3986197;1251.2095;4532.5156;-805.14056;4983.58;-13.162222;-51.37
1952-02-20;-6.734741;-8.143311;-11.6275835;742.3581;0.91522837;200.6609;100.0;0.40223983;245.00551;1642.5781;5.0608397;-0.031162053;0.0;0.14033914;0.14033169;0.0;5.0501266;983.31;3854.469;-343.9572;5973.3857;-20.576666;-122.61
1952-02-21;-5.265574;-7.8768716;-8.423625;740.56616;0.66975;161.08707;100.0;0.41314432;240.8421;1714.7623;14.145165;-0.058099627;0.0;0.14010072;0.14008582;0.0;13.9250345;802.17;3353.3567;-488.265;6018.809;-40.79222;-109.01444
1952-02-22;-5.407257;-9.5562315;-7.9270835;735.7556;0.7476547;134.75514;100.0;0.42226267;240.20734;1760.0912;3.62553;-0.06330386;0.0;0.1398325;0.13983995;0.0;3.5210848;860.11334;3654.3088;-795.7439;5593.901;-44.54111;-108.068886
1952-02-23;-6.6647277;-8.541027;-8.333156;739.8061;1.0437657;165.81773;100.0;0.42359677;246.68324;1719.2789;1.855673;-0.052407384;0.0;0.13959408;0.13959408;0.0;1.8446968;1049.1644;4347.4824;-850.595;5514.2485;-35.894444;-142.92223
1952-02-24;-6.4285316;-7.8409057;-7.399891;745.8191;1.2184323;216.50407;100.0;0.425778;252.01593;1691.6097;1.9167712;-0.13404712;0.0;0.13935566;0.13935566;0.0;1.8978715;1016.80334;4158.923;-676.5022;5815.331;-99.65667;-187.07666
1952-02-25;-6.174998;-7.363304;-6.5025787;745.1474;1.1774862;208.04466;100.0;0.42823747;256.79428;1669.3115;3.236033;-0.12797303;0.0;0.13911724;0.13910234;0.0;3.2289364;920.0939;3729.266;-458.31833;6180.9883;-95.47889;-206.98277
1952-02-26;-6.2243347;-7.307977;-5.684748;744.3034;1.2053515;200.72595;100.0;0.43259642;259.96582;1664.9984;5.0962;-0.1475215;0.0;0.13886392;0.13886392;0.0;5.086273;938.67;3831.515;-534.2411;6141.2;-110.52556;-251.73222
1952-02-27;-5.4988747;-7.0378814;-5.2888527;745.48755;0.9088752;197.19887;100.0;0.437241;262.66992;1665.7715;3.4785898;-0.17812103;0.0;0.1386106;0.1386255;0.0;3.4579077;1065.8278;4387.31;-744.00055;5937.78;-133.1;-221.70444
1952-02-28;-5.366333;-6.2390428;-5.2307076;744.38934;0.8528633;155.74681;100.0;0.44853815;260.5765;1719.808;25.91767;-0.03429316;0.0;0.13837218;0.13837963;0.0;25.653738;351.12277;1436.9061;-242.19278;6472.1978;-25.55;-78.14778
1952-02-29;-4.0070496;-5.234497;-4.2988563;743.68604;0.9236119;196.44814;100.0;0.4726343;251.21059;1879.7201;24.703974;-0.10630116;0.0;0.13814867;0.13814867;0.0;23.77322;756.93164;3255.1567;-301.4211;6549.0806;-78.50222;-180.42778
1952-03-01;-3.9503262;-4.396444;-2.8764877;738.07446;0.83721185;203.6549;100.0;0.51587963;239.15721;2154.663;36.363327;-0.08422416;0.0;0.13792515;0.13791025;0.0;35.45615;226.48111;969.55835;-148.95805;6786.5254;-65.13778;-119.64111
1952-03-02;-6.802311;-8.236843;-4.320006;737.78876;1.270562;208.66907;100.0;0.5327834;243.94627;2186.8083;5.3278303;-0.24615136;0.0;0.13768673;0.13767928;0.0;5.3218455;1082.3595;4625.34;-886.0564;5753.968;-186.44888;-329.62332
1952-03-03;-8.914287;-10.76025;-6.1255975;733.8929;1.1901001;178.60326;100.0;0.5499865;241.36781;2276.4485;26.326868;-0.27025026;0.0;0.13743341;0.13744086;0.0;26.276772;472.1128;2025.9584;-242.92334;6269.751;-209.85889;-332.06778
1952-03-04;-12.776069;-15.473062;-9.232838;736.8199;1.1007648;227.24907;100.0;0.563899;240.0934;2350.7488;3.018564;-0.23584999;0.0;0.13720989;0.13720244;0.0;3.0079856;819.20447;3530.433;-809.332;5281.174;-181.31166;-364.70776
1952-03-05;-12.127706;-14.906573;-11.283535;743.34406;1.0417889;126.65046;100.0;0.5649727;247.29393;2287.2314;0.04068985;-0.11521578;0.0;0.13695657;0.13695657;0.0;0.035967678;1366.4858;5748.84;-1375.7689;4554.843;-83.35111;-266.24112
1952-03-06;-9.8493185;-15.786357;-12.2328;742.3291;1.0007125;74.364105;100.0;0.56496155;254.04425;2226.0334;0.007987022;-0.12895837;0.0;0.13670325;0.13671815;0.0;0.0071264803;1317.9294;5396.3857;-1190.0425;4763.563;-93.13333;-186.10222
1952-03-07;-7.5978928;-12.953164;-12.630166;743.05176;0.8532837;102.614685;100.0;0.564958;260.0062;2174.5198;0.00084573077;-0.08149445;0.0;0.13644993;0.13646483;0.0;0.0004209578;1473.0328;5872.9136;-1475.9247;4412.4497;-55.877777;-136.80556
1952-03-08;-7.187445;-10.223274;-12.524952;743.7308;0.7590325;157.9484;100.0;0.5652841;265.05273;2134.196;2.4955273;-0.014157966;0.0;0.13622642;0.13623387;0.0;2.4911947;1260.7804;4895.8823;-771.1008;5306.0234;-9.023334;-145.9289
1952-03-09;-6.4846396;-7.4005966;-9.151699;741.0595;0.90571356;209.5919;100.0;0.57992476;259.5765;2232.951;16.75502;0.011403114;0.0;0.1360029;0.1360029;0.0;16.748987;534.4128;2235.7966;-147.56277;6342.1606;9.753889;-90.06778
1952-03-10;-5.507683;-7.9642463;-7.189266;740.842;0.6462056;139.49438;100.0;0.587851;262.09048;2243.2048;10.616737;-0.08534547;0.0;0.13577938;0.13577938;0.0;10.608978;1060.8868;4469.922;-472.37778;6167.819;-64.46;-211.43028
1952-03-11;-5.2343864;-6.7228775;-5.430092;738.02905;0.82534;167.85631;100.0;0.60722727;257.11783;2361.9385;12.345314;-0.0875704;0.0;0.13554096;0.13555586;0.0;12.338902;1060.3861;4622.4883;-709.13556;5999.18;-66.55334;-252.22667
1952-03-12;-6.1893287;-7.866955;-5.5295105;741.15485;0.94168323;189.9139;100.0;0.61122173;264.87207;2310.0994;2.1469207;-0.20320341;0.0;0.13531744;0.1353249;0.0;2.1364353;1191.1708;5072.07;-876.88;5740.6465;-151.82556;-276.45
1952-03-13;-5.888224;-7.7513695;-5.7656555;744.4378;0.7243573;187.8698;100.0;0.6127385;273.11264;2245.8496;1.3619636;-0.19832514;0.0;0.13506413;0.13507903;0.0;1.3593361;1251.4817;5211.055;-901.0122;5712.434;-147.68222;-256.42
1952-03-14;-4.8552856;-7.450399;-5.864573;748.96124;0.92355675;116.0053;100.0;0.61326617;281.06998;2184.0413;0.018835068;-0.09475183;0.0;0.1348257;0.13483316;0.0;0.018831342;1454.6158;5922.4453;-1382.5795;5147.4077;-71.10889;-277.06888
1952-03-15;-3.2772522;-5.4627585;-6.049764;746.597;0.7611692;245.86311;100.0;0.6180208;285.5713;2164.2659;10.957122;-0.018799677;0.0;0.13461709;0.13460964;0.0;10.358713;767.7342;3071.3713;-344.92557;6378.7886;-13.333333;-108.55334
1952-03-16;-2.2343445;-5.244293;-4.82481;743.4003;1.0839562;220.56702;100.0;0.6246887;289.0804;2162.9639;0.8256018;-0.08287188;0.0;0.13437867;0.13438612;0.0;0.74303895;1451.4728;6026.85;-1218.5928;5471.6865;-61.45889;-212.31223
1952-03-17;-4.494242;-5.637652;-4.2417207;741.5605;1.369688;201.17485;100.0;0.632134;292.11914;2163.8184;14.385169;-0.12863708;0.0;0.13417006;0.1341626;0.0;14.0421095;917.0197;3759.8184;-614.5022;6210.3413;-99.32445;-243.16333
1952-03-18;-6.4913635;-8.425839;-5.0018387;740.7051;1.0307182;211.04053;100.0;0.6403735;294.33267;2177.6123;1.7850356;-0.2458021;0.0;0.13396144;0.13393909;0.0;1.7405003;1353.4342;5645.31;-1034.8525;5552.2476;-190.38777;-381.54333
1952-03-19;-7.16456;-9.544267;-5.8387513;743.24396;1.159078;207.0815;100.0;0.6425122;298.75455;2151.6926;2.9010653;-0.2856804;0.0;0.13372302;0.13371557;0.0;2.8754473;1337.3975;5484.438;-816.775;5768.6177;-221.84222;-404.99362
1952-03-20;-5.4726157;-8.23364;-5.842051;745.6077;0.84026355;158.456;100.0;0.64409894;303.1315;2126.3428;0.5658567;-0.21000393;0.0;0.1334846;0.1334995;0.0;0.5625263;1372.2667;5561.392;-987.47974;5622.86;-162.03334;-329.3922
1952-03-21;-3.7408245;-5.3871408;-5.7902923;741.40674;0.87848896;200.99797;100.0;0.6546101;301.16342;2171.5496;26.007101;-0.0008000061;0.0;0.13327599;0.13326854;0.0;25.160492;497.92444;2038.5684;-230.46472;6472.062;0.07722222;-56.13778
1952-03-22;-4.834839;-6.9614663;-4.462725;741.08026;1.485355;210.64044;100.0;0.67199844;296.19595;2270.6707;2.0996726;-0.19097887;0.0;0.13303757;0.13305247;0.0;1.7950498;1414.0878;6051.1895;-1081.3636;5653.338;-146.60777;-283.11334
1952-03-23;-4.6198106;-7.932668;-4.7205567;743.0786;0.6407564;242.00758;100.0;0.67301065;302.7184;2225.423;0.06459063;-0.17529167;0.0;0.13282895;0.13282895;0.0;0.061582774;1468.6672;6093.41;-1168.2598;5503.9023;-133.98334;-325.5711
1952-03-24;-4.7028403;-7.065314;-5.6374717;742.3608;0.8638725;229.51866;100.0;0.6732579;308.71387;2182.6985;0.54991925;-0.17728564;0.0;0.13260543;0.13261288;0.0;0.5270653;1385.6472;5581.4873;-1080.9725;5484.2544;-136.26723;-265.0589
1952-03-25;-4.2605386;-7.390747;-5.7203774;745.14825;0.94268876;192.05591;100.0;0.6733632;314.19336;2144.694;0.00590384;-0.13334212;0.0;0.13238192;0.13238192;0.0;0.005412847;1696.4872;6647.3174;-1480.4656;5072.6177;-100.81555;-277.1078
1952-03-26;-3.7578633;-6.8955245;-5.675669;748.69293;0.99180204;134.37004;100.0;0.6732757;319.44595;2109.4563;0.0032782555;-0.13625157;0.0;0.1321435;0.13216585;0.0;0.002015382;1746.8284;6641.9673;-1494.7825;5105.452;-103.04444;-285.34445
1952-03-27;-1.1547953;-8.210887;-6.392141;752.0811;1.0511442;133.79189;100.0;0.67322826;324.2972;2077.9622;0.0012874597;-0.08050259;0.0;0.13193488;0.13193488;0.0;0.0;1861.2461;6873.4277;-1747.2008;4717.878;-58.428333;-165.7089
1952-03-28;0.35899863;-10.313283;-6.508901;752.2947;1.0741295;117.92737;100.0;0.67309356;328.77084;2049.3572;0.0;-0.10664575;0.018656254;0.15035272;0.13171136;0.20923838;0.0;1965.9144;7065.3545;-1730.9689;4789.169;-78.34889;-128.61667
1952-03-29;1.4260559;-9.907196;-5.985418;751.9453;1.0804937;120.98779;100.0;0.6727292;333.0358;2022.4609;0.0;-0.117311254;0.03796816;0.169456;0.1314804;0.40497258;0.0;2006.8228;7029.6533;-1623.3206;4979.6567;-86.562225;-126.92555
1952-03-30;3.1196492;-7.3230186;-4.637436;750.9065;1.0846835;135.71367;100.0;0.67214394;337.43652;1994.9137;0.0004352058;-0.10848977;0.06480515;0.19606948;0.13126433;0.6336756;0.0;2044.8894;6965.544;-1463.6522;5341.564;-79.344444;-120.80889
1952-03-31;4.280009;-6.0162864;-3.0032222;751.01984;1.0432769;128.63017;100.0;0.6713583;342.4235;1964.3555;0.00043511385;-0.10794215;0.09588897;0.22692978;0.13103336;0.82907826;0.0;2140.9783;7045.5713;-1471.6783;5481.206;-78.49333;-123.76
1952-04-01;2.5615032;-2.2040508;-1.6238607;749.8325;1.172545;216.37367;100.0;0.6701285;348.31186;1928.2633;0.8024454;-0.04053954;0.29864907;0.42945147;0.13080984;1.9289218;0.000346452;2081.8423;6509.2505;-1240.2311;5826.9307;-26.746666;-171.37555
1952-04-02;1.187266;-8.966716;-0.5988986;751.1801;1.2844981;105.933556;100.0;0.66851807;356.07422;1881.7139;0.003427267;-0.31313673;0.32764673;0.4582405;0.13058633;1.9264407;0.003002584;2542.5027;7035.928;-1647.56;5429.1494;-239.13445;-284.66
1952-04-03;3.6599731;-6.6723533;-0.37815985;753.95825;1.2829123;14.68048;100.0;0.6641806;364.3314;1827.1891;0.00084717025;-0.18765777;1.017049;1.1474192;0.13037026;6.5055156;0.0;2850.4155;7206.457;-1751.1555;5408.1846;-139.91667;-138.97888
1952-04-04;5.578186;-6.8283486;-0.27587;754.8003;1.1212412;71.35794;100.0;0.6550818;371.5189;1767.2526;0.0012814989;-0.18855743;1.7796755;1.9098222;0.13016164;10.727683;0.0;3056.172;7234.2163;-1777.0756;5444.1226;-140.285;-127.40667
1952-04-05;4.9001465;-5.4096274;-0.29833984;753.71857;1.1295227;101.07471;100.0;0.64434767;378.1797;1707.5602;0.0;-0.32104367;1.8961877;2.0362883;0.14010072;10.652006;0.0;3295.9343;7429.173;-1998.5925;5164.7046;-230.85333;-86.994446
1952-04-06;4.21699;-4.2811446;-0.28850302;754.1246;1.0402673;198.6046;100.0;0.63271606;384.79135;1648.1119;0.0;-0.32529795;2.572596;2.7067065;0.13412535;12.230068;0.0;3391.5234;7367.246;-1827.9534;5348.0923;-233.05556;-115.11889
1952-04-07;4.2728477;-2.6199176;-0.2611173;753.013;1.0698124;197.42055;100.0;0.61942583;391.0537;1587.5651;0.00086276245;-0.29284322;3.6457329;3.8067997;0.16106665;13.862428;0.0;3523.005;7440.8677;-1903.6675;5287.5024;-208.19667;-116.85
1952-04-08;4.186422;-4.596985;-0.25967407;752.6919;0.9638842;112.41248;100.0;0.60544366;397.16666;1527.9948;0.00044107434;-0.3466541;4.014879;4.1846633;0.16976148;14.024038;0.0;3577.4678;7394.713;-1805.1089;5400.85;-248.77888;-123.05778
1952-04-09;5.6008506;-6.4592996;-0.19709523;749.5313;0.78519297;171.07237;100.0;0.59160084;402.87564;1471.8832;0.080868855;-0.33659488;3.5773964;3.750041;0.1726672;13.1292715;0.0;2871.4995;5834.6504;-1241.8981;6018.124;-245.04445;-82.69111
1952-04-10;1.2903137;-5.5952964;-0.24943797;747.17;1.141404;209.56151;100.0;0.5795472;408.37338;1422.2819;0.00048592812;-0.8047018;2.9774308;3.1432211;0.16579777;10.801861;0.0;3554.1033;7133.781;-1970.8613;5104.3;-611.63556;-178.43777
1952-04-11;-2.9251404;-6.222941;-0.3439878;744.94525;1.1020734;251.9579;100.0;0.57337135;413.72168;1388.3057;1.8791556;-0.95535254;0.6983876;0.82980096;0.13141334;2.876427;1.595471;3495.4011;6989.5317;-1763.1444;5239.3584;-733.8111;-550.69556
1952-04-12;-3.3188171;-8.13329;-0.28108343;744.12067;0.765428;246.19078;100.0;0.5702557;418.15625;1366.1295;1.1537015;-1.0814388;0.8647144;0.9974241;0.13269484;3.7465878;1.0702051;3367.7866;7123.566;-1687.1647;5360.2734;-830.88666;-576.4889
1952-04-13;-3.0522664;-6.7129416;-0.36989722;742.4121;0.8094979;103.50027;100.0;0.5720351;413.70084;1384.1959;6.386608;-0.71697307;0.048160553;0.1823157;0.13415515;0.22125244;6.0355253;2473.2566;6161.132;-1395.0087;5631.547;-547.3789;-410.7089
1952-04-14;-3.1605835;-6.9209595;-0.37667337;740.8027;1.3922971;54.76324;100.0;0.577032;408.88736;1412.9232;5.1114564;-0.9268979;0.024840236;0.16060472;0.13576448;0.10531023;4.6499743;2365.9739;6510.097;-1275.395;5777.297;-711.2822;-470.27777
1952-04-15;-4.6645913;-6.05366;-0.59148663;744.44305;0.942364;185.05516;100.0;0.58559626;394.47363;1484.9854;7.7477527;-0.6371662;0.0;0.13747811;0.13747066;0.0;7.6146536;1516.0105;4998.952;-702.6178;6307.0576;-489.40445;-608.2856
1952-04-16;-3.4965413;-6.1922507;-0.701355;748.4677;0.99211544;136.62837;100.0;0.58825207;393.09473;1498.7386;1.0660648;-0.68184084;0.017881393;0.15708804;0.13920665;0.08848682;0.91608614;2185.6494;6693.854;-1387.2441;5576.5327;-518.8933;-495.78223
1952-04-17;-2.845782;-7.34832;-0.787988;748.4301;0.94154215;108.621605;100.0;0.5881228;398.2627;1479.126;0.21672547;-0.7309038;0.015415251;0.15634298;0.14094263;0.083610415;0.057358295;2634.1084;7210.439;-1639.6853;5308.97;-554.67444;-437.40445
1952-04-18;-0.85375977;-6.876784;-0.6385129;749.25446;0.8931616;147.46895;100.0;0.587616;405.46387;1451.7822;0.0004351138;-0.6577214;0.04824996;0.19089878;0.14264882;0.26407093;0.0;3142.1323;7889.9907;-1971.6956;5029.697;-494.07333;-265.56888
1952-04-19;-1.4770712;-4.282776;-0.28926086;746.7815;0.9066884;94.00347;100.0;0.5894235;410.05533;1439.0869;8.7057;-0.4390599;0.32663345;0.4709661;0.144355;0.5157441;5.036453;1792.8256;4359.8604;-832.7097;6278.9663;-333.83667;-238.6311
1952-04-20;-0.26488242;-3.3639119;-0.036474865;743.8984;1.0488458;140.97633;100.0;0.5922031;406.15527;1460.0016;6.0195327;-0.5402481;2.1034927;2.2495687;0.14607608;8.233219;2.4386272;2197.1646;6190.444;-948.50555;6313.2637;-406.57666;-265.11667
1952-04-21;-0.3559774;-3.072754;-0.09754944;747.4467;1.0096203;158.5743;100.0;0.5863212;405.88052;1447.5504;2.183783;-0.45458135;2.7825685;2.9750614;0.19250065;10.103339;0.13531;2387.6978;6490.21;-1329.8878;5854.5845;-339.0639;-280.28
1952-04-22;-0.42996216;-4.312673;-0.2634201;747.9594;0.9993775;76.23062;100.0;0.5789316;410.62955;1412.8011;0.4429072;-0.41266066;1.6356558;1.7864555;0.15079975;6.350361;0.0;2720.7805;6802.305;-1649.5984;5433.19;-304.68112;-225.22444
1952-04-23;-0.18641154;-3.6512554;-0.22928874;746.8785;1.014265;65.730156;100.0;0.5718113;416.6328;1375.3256;0.12876093;-0.48380998;1.9804239;2.1345468;0.15411526;7.5270495;0.011418015;2819.129;6628.4644;-1210.0344;5987.2554;-360.0478;-253.51555
1952-04-24;0.14090984;-2.008077;-0.087376915;746.5764;0.9390686;47.109066;100.0;0.5633748;420.3854;1342.6514;3.6753724;-0.37636235;3.496647;3.7131758;0.21654367;9.8572;0.45211613;2207.115;5013.5522;-763.4192;6534.499;-281.94556;-227.30779
1952-04-25;0.6416321;-1.4002686;-0.030077616;746.7705;0.83022714;81.99775;100.0;0.55234694;422.9183;1308.309;3.5183072;-0.37738866;4.983693;5.4093895;0.42572618;12.537051;0.043865293;2210.9666;4860.761;-517.655;6863.688;-282.55554;-219.20222
1952-04-26;1.678538;0.059265137;-0.019091288;747.1369;0.8134369;158.88025;100.0;0.53874254;424.22397;1272.2168;2.0118535;-0.33035594;5.8968663;6.716728;0.81983954;16.29061;0.3147684;2373.936;5141.399;-507.89612;6914.651;-244.72223;-207.49556
1952-04-27;2.1519775;-1.8201904;-0.062460583;747.011;0.9416061;107.005424;100.0;0.5210936;426.45932;1224.5687;0.29276237;-0.6081937;6.8541317;7.8707786;1.0166466;18.790533;0.0006854534;3480.4927;7333.5576;-1203.2117;6187.3115;-454.27112;-301.57224
1952-04-28;1.4095154;-2.0294597;-0.05001958;746.0108;0.91720754;48.064304;100.0;0.50737673;429.47363;1183.5123;10.665448;-0.32920855;8.175373;9.3382;1.1627972;14.50096;0.0016391277;2325.8105;4797.1704;-792.80695;6541.18;-244.16945;-147.6489
1952-04-29;1.1723022;-0.33066812;-0.030056;747.52167;1.0397273;88.230286;100.0;0.49358177;431.65073;1145.5078;5.7501574;-0.2241619;8.755371;10.217786;1.4624224;16.563549;0.021725893;2266.64;4596.965;-485.67944;6896.4233;-163.71;-177.97444
1952-04-30;0.8220825;-0.55269367;-0.021453857;744.0323;0.7365954;86.6516;100.0;0.48440322;430.7041;1125.7324;8.674939;-0.16730279;5.008727;5.329907;0.32117218;9.011091;2.4612174;1415.7733;3095.6567;-370.22388;6958.935;-124.21889;-114.31778
1952-05-01;0.5527547;0.11147054;-0.010965983;744.5954;0.8740987;180.18663;100.0;0.4743367;430.51138;1103.3121;5.104375;-0.18366334;7.009208;8.368522;1.3593286;12.938693;0.31618774;1915.2633;4211.385;-479.81946;6908.4233;-134.79556;-228.32333
1952-05-02;1.6826273;-2.1119282;-0.10101064;745.67523;1.0988985;117.647675;100.0;0.45857945;432.45605;1062.3373;0.11259781;-0.6835302;6.8424344;7.7458916;0.9034425;17.990574;0.0011324883;3695.5745;7929.56;-1551.6139;5746.072;-512.1811;-314.45776
1952-05-03;1.8207601;-0.78808594;-0.1769994;745.7104;1.0104957;103.28982;100.0;0.44287112;437.5651;1013.9567;3.7590413;-0.36638883;7.304177;8.344873;1.0406971;14.419395;0.0;3371.6155;7057.2524;-1285.755;6031.771;-266.63333;-209.46889
1952-05-04;1.892273;-0.6357625;-0.09384918;744.7464;0.83650756;95.411156;100.0;0.42655948;441.6006;967.1631;1.5229523;-0.41204506;6.891355;7.938653;1.0472908;17.29868;0.002630055;3153.0894;6470.8022;-1065.9845;6305.015;-304.09946;-257.62445
1952-05-05;1.3714803;0.19010417;-0.08518728;747.88666;0.9263647;111.30662;100.0;0.4098697;444.9528;922.2819;3.4591258;-0.23342855;7.4804573;8.888737;1.4082565;16.989239;0.013504177;2536.3406;5125.3345;-556.85333;6836.948;-168.74777;-212.25555
1952-05-06;2.2020977;-2.0090535;-0.12393316;750.6446;1.154591;115.69949;100.0;0.39056584;448.19955;872.63995;0.1758635;-0.5659312;8.365795;9.762674;1.3968796;20.64939;0.00056251884;3834.9255;7667.7646;-1422.547;5944.98;-418.79556;-279.0589
1952-05-07;1.7955221;-0.93933105;-0.17474239;750.02246;1.1139871;92.076195;100.0;0.37176573;449.83365;827.4333;2.8200598;-0.37497097;8.277282;9.992853;1.7155707;17.034092;0.00075250864;3268.3745;6476.5376;-1134.0538;6193.3784;-274.7089;-242.56555
1952-05-08;3.5991516;0.21629842;-0.15252812;748.9419;1.0286323;162.27824;100.0;0.35256875;450.0;784.5052;1.0741025;-0.38279313;8.84527;11.561394;2.716124;21.125582;0.0;3972.8545;7815.7524;-1365.8881;6062.751;-275.00446;-185.93333
1952-05-09;2.292979;1.0903422;-0.050809223;746.1313;1.1262404;151.08054;100.0;0.33166966;450.0;737.7116;9.996528;-0.22514723;13.526946;17.855347;4.3283997;19.618727;0.00046938658;2861.4983;5595.87;-531.4644;6941.763;-160.99667;-203.77112
1952-05-10;1.7648112;0.7215373;-0.02644221;745.3635;1.1060803;180.3634;100.0;0.31259605;449.9961;695.6787;7.838934;-0.13546553;10.928616;15.1459875;4.2173715;18.865894;0.03549829;2310.324;4499.6436;-460.83777;6979.4688;-94.90945;-160.37
1952-05-11;-0.026692709;-5.285807;-0.19753265;749.56195;1.5762506;40.74756;100.0;0.29607853;449.90756;658.8542;0.14863846;-1.0783086;5.5808573;9.603024;4.022196;15.43149;0.07086992;3952.1611;7756.185;-1764.6298;5429.843;-823.05;-367.99112
1952-05-12;2.8620503;-5.517649;-0.4203237;753.0662;1.2313055;47.71614;100.0;0.27986774;450.0;622.68066;0.0008583069;-0.6121956;6.9030375;11.692882;4.7898664;16.885437;0.0;4458.8066;8702.821;-2168.7834;5023.14;-451.24667;-168.72444
1952-05-13;4.9047446;-4.822357;-0.3376236;752.0234;1.1498648;72.980705;100.0;0.25994703;450.0;578.69464;0.0;-0.48831013;8.986995;13.817564;4.8305764;21.399298;0.0;4466.6865;8683.53;-1965.5758;5374.5483;-352.4211;-119.21555
1952-05-14;5.7619324;-3.3253682;-0.31650925;750.2017;1.0949808;137.96764;100.0;0.23701115;450.0;527.7507;0.0;-0.45723748;10.397524;16.814083;6.416559;23.53472;0.0;4345.4316;8421.401;-1701.7539;5701.0493;-328.10944;-112.45556
1952-05-15;5.538208;0.019388834;-0.29597473;749.65967;1.1156963;230.1744;99.81559;0.21292841;450.0;474.32455;0.5703235;-0.3190143;10.823339;17.668455;6.845102;23.929323;0.0;4007.0967;7745.401;-1387.2711;6021.298;-223.35667;-118.58111
1952-05-16;6.7385764;-3.2256978;-0.36922455;749.6267;1.3285152;279.6771;97.855225;0.18834572;450.0;420.04395;0.0034093854;-0.65557563;10.38149;18.83918;8.45769;24.600069;0.0;4368.9033;8347.243;-1677.598;5712.6978;-479.08945;-73.111115
1952-05-17;6.209086;-4.1891274;-0.42975616;749.21063;1.2562003;252.17744;95.84155;0.1661094;450.0;370.23926;0.002681737;-0.7468164;8.4652;18.828571;10.36337;20.696432;0.0;4498.7437;8487.571;-1702.8536;5725.3394;-546.77386;-121.255554
1952-05-18;4.955149;0.37535605;-0.2828153;748.93024;0.6812405;249.00708;94.90145;0.1502233;450.0;334.06577;8.755705;-0.1641838;8.703619;19.346119;10.642544;13.463948;0.0;2114.1355;3951.2822;-750.29;6572.192;-111.71889;-65.19666
1952-05-19;8.0382185;-0.77841187;-0.36756262;750.1291;1.3221241;234.63829;94.33447;0.12991107;450.0;289.63217;0.0008583069;-0.7387027;10.740593;23.219883;12.47929;24.608358;0.0;4486.2;8376.522;-1582.4111;5874.8403;-533.6511;-100.14111
1952-05-20;7.5890503;-2.3398945;-0.5482852;750.9002;1.361525;198.23907;93.98673;0.10647571;450.0;237.6302;0.0004351138;-0.8071065;9.35103;21.278769;11.927724;22.238419;0.0;4291.8237;7991.8022;-1659.2206;5775.0776;-587.48553;-84.79444
1952-05-21;7.3489785;-1.7663981;-0.7340889;752.4939;1.0397925;98.2228;93.84147;0.08252168;450.0;184.57031;0.0014901161;-0.6311228;11.119872;23.211061;12.091205;24.91002;0.0;4548.2466;8447.443;-1687.5477;5781.371;-446.13;-164.11667
1952-05-22;7.754303;-0.40614828;-0.78376514;752.0201;1.1558508;105.527435;93.77848;0.05658229;450.0;126.831055;0.20073354;-0.57352054;11.259421;24.257227;12.997807;25.765297;0.0;4236.9507;7860.6953;-1416.9906;6055.312;-402.41666;-156.38445
1952-05-23;7.987793;-0.6602376;-0.8735593;748.86444;1.231687;77.00006;71.30151;0.032295108;450.0;72.631836;2.7543585;-0.7997267;10.595232;23.115427;12.520186;22.39848;0.0;4518.6616;7722.573;-1384.5739;6263.234;-560.0856;-292.22333
1952-05-24;7.10614;1.578359;-0.8421567;748.75934;1.0663351;110.73022;36.879963;0.01608173;450.0;36.132812;3.7609587;-1.6980003;6.3496976;18.449425;12.099728;12.347676;0.0;4887.7705;7085.57;-1458.0355;6431.6465;-1178.9922;-500.80444
1952-05-25;10.015605;1.0280355;-0.8591995;752.5144;1.2010285;158.67503;16.64624;0.0072018304;450.0;16.194662;0.10326505;-2.806578;2.2037923;13.8861685;11.682376;6.92869;0.0;6241.6133;8322.09;-2124.9973;6089.431;-1950.3622;-677.9267
1952-05-26;11.734752;0.30556235;-0.52138644;753.57477;1.129393;111.919136;6.368408;0.0027446747;450.0;6.225586;0.030767482;-3.4397635;0.826627;11.747747;10.921136;2.9023142;0.0;6377.3984;8162.2554;-2257.6177;6196.303;-2389.75;-609.32776
1952-05-27;11.296407;-0.60096234;-0.43370947;749.78314;1.8812832;162.9218;2.2702637;0.0009768406;450.0;2.0751953;0.0698328;-3.935121;0.28146803;10.215357;9.933889;1.0658205;0.0;6658.036;8380.28;-2446.775;6013.03;-2734.571;-875.6589
1952-05-28;7.9860535;-3.4011128;-1.1509832;749.4075;1.221268;194.49628;0.84855145;0.00036720434;450.0;0.6510417;0.0008583069;-3.6662166;0.07805228;9.020835;8.942768;0.34079328;0.0;6944.404;8686.109;-2838.0627;5374.519;-2547.2012;-1219.2411
1952-05-29;7.788279;-4.047953;-1.2565588;749.70575;1.1426497;156.7536;0.34586588;0.00014984608;450.0;-7.146841e-21;0.0;-3.6268346;0.029161572;8.07862;8.049451;0.13848022;0.0;6942.322;8658.265;-2767.8562;5452.458;-2519.5732;-1186.0544
1952-05-30;7.1094055;-4.3121133;-1.5781784;750.6824;1.5343713;141.81937;0.14420573;6.274382e-05;439.18457;-7.146841e-21;0.0022530556;-3.4917119;0.010728836;7.28786;7.2771235;0.05305186;0.0;6740.0444;8390.809;-2626.125;5522.3965;-2425.6821;-1361.54
1952-05-31;8.368754;-5.119242;-1.7606901;753.2634;1.1406186;154.96248;0.061523438;2.6384989e-05;429.3431;-7.146841e-21;0.0;-3.6867607;0.004634261;6.6212864;6.616652;0.025063753;0.0;7070.1904;8789.919;-2947.7612;5292.4043;-2561.0833;-1000.93335
1952-06-01;9.173451;-3.4289958;-0.7578583;754.95703;1.0657471;97.74347;0.024495443;1.0410945e-05;428.6393;-7.146841e-21;0.001900281;-3.6911144;0.0020563602;6.053224;6.051153;0.010550022;0.0;6930.467;8605.929;-2676.7256;5752.4883;-2564.0977;-1043.63
1952-06-02;10.307811;0.008351644;-0.20792516;755.58795;1.1089846;82.52074;0.009277344;3.8544335e-06;428.09375;-7.146841e-21;0.001275539;-3.6014245;0.000834465;5.5657625;5.5649357;0.004183501;0.0;6488.4756;8048.0435;-2397.7734;6216.829;-2501.79;-1005.9422
1952-06-03;11.390411;2.9265137;-0.034305573;754.643;1.1962197;67.48162;0.0032552083;1.0331472e-06;428.09375;-7.146841e-21;0.93398005;-3.5224557;0.10944903;5.2538815;5.144432;0.001475215;0.0;6382.956;7908.6455;-2290.8933;6460.459;-2446.9333;-1068.2311
1952-06-04;14.166992;0.5496724;0.009966533;753.65796;1.4527255;138.8233;0.00048828125;-7.146841e-25;428.09634;-7.146841e-21;0.25493586;-3.9031057;0.026091933;4.8037767;4.7776847;0.00047683716;0.0;6515.045;8063.8335;-2347.9116;6522.0806;-2711.3567;-906.26886
1952-06-05;11.903351;-2.2438965;-2.867958;750.3488;1.4246751;196.09245;0.0;-7.146841e-25;322.09634;-7.146841e-21;0.0;-3.7733521;0.0;4.4546423;4.4546204;0.00013038516;0.0;7016.241;8675.035;-2796.8318;5874.4775;-2621.2234;-1307.5067
1952-06-06;11.42335;0.40541586;-2.581833;750.9602;1.0688859;142.79161;0.0;-7.146841e-25;156.7757;-7.146841e-21;0.10230897;-3.254289;0.009611249;4.178509;4.1689053;4.4703484e-05;0.0;6256.3677;7727.222;-2328.716;6402.009;-2260.6467;-1225.9967
1952-06-07;12.453206;0.3214213;-0.92241925;752.4675;1.2237955;126.530975;0.0;-7.146841e-25;124.548805;-7.146841e-21;0.044902403;-3.4284527;0.003993511;3.9184988;3.9144902;1.1175871e-05;0.0;6574.4478;8111.6523;-2481.2944;6365.0757;-2381.6316;-1267.2678
1952-06-08;11.776204;-0.93859863;-0.09845606;748.9333;2.0996194;155.94325;0.0;-7.146841e-25;100.93683;-7.146841e-21;0.5876601;-3.2811277;0.0500679;3.736645;3.686562;3.7252903e-06;0.0;6504.0806;8016.433;-2468.541;6321.5547;-2279.29;-1422.06
1952-06-09;9.1604;-0.3309021;0.009840648;749.6475;0.98621994;152.2545;0.0;-7.146841e-25;99.99998;-7.146841e-21;0.56108135;-2.6284978;0.0474751;3.5297275;3.482245;0.0;0.0;5828.2485;7175.8843;-2207.5173;6441.811;-1825.9288;-1487.9122
1952-06-10;9.452443;0.94383746;0.010040283;750.2951;1.0948476;122.47555;0.0;-7.146841e-25;99.99998;-7.146841e-21;0.8677802;-2.6929042;0.07134676;3.3694804;3.2981486;0.0;0.0;5941.4834;7307.6646;-2220.7822;6499.149;-1870.6711;-1561.0244
1952-06-11;9.164073;-0.16844685;0.0099817915;747.4905;1.2727587;143.93759;0.0;-7.146841e-25;99.99998;-7.146841e-21;0.58299303;-2.745511;0.04645437;3.1769724;3.1305103;0.0;0.0;6056.656;7441.5454;-2199.3716;6501.7534;-1907.2145;-1660.12
1952-06-12;7.315267;0.32903036;0.010098775;747.4138;1.4247026;216.48064;0.0;-7.146841e-25;99.99998;-7.146841e-21;5.1421733;-2.3228488;0.49473345;3.4729242;2.978191;0.0;0.0;5809.4805;7130.5522;-2150.5178;6325.8735;-1613.6056;-1950.7145
1952-06-13;8.36379;0.46840414;0.0099436445;749.0344;1.2955703;215.2288;0.0;-7.146841e-25;99.99998;-7.146841e-21;0.7001613;-2.7322423;0.05941093;2.898723;2.8393269;0.0;0.0;5525.6074;6775.021;-2041.6067;6455.2456;-1897.9978;-1396.3911
1952-06-14;9.139293;1.1573181;0.010064443;748.82587;1.2821112;197.58052;0.0;-7.146841e-25;99.99998;-7.146841e-21;0.62056184;-2.8883462;0.049203634;2.7599335;2.7107224;0.0;0.0;6387.5146;7823.6055;-2374.2166;6285.1235;-2006.4377;-1665.6711
1952-06-15;9.800487;-1.0898438;0.009635925;748.75104;1.301329;143.90381;0.0;-7.146841e-25;99.99998;-7.146841e-21;0.00668168;-2.876522;0.00052154064;2.5919824;2.591461;0.0;0.0;6072.684;7430.1943;-2378.97;6299.802;-1998.2256;-1410.6444
1952-06-16;11.205281;-0.76362103;0.009848277;749.59424;1.041134;105.08237;0.0;-7.146841e-25;99.99998;-7.146841e-21;0.014990156;-3.0980575;0.0010430813;2.4813712;2.480328;0.0;0.0;6871.793;8406.874;-2719.8079;6168.588;-2152.119;-1522.8256
1952-06-17;11.769908;-1.1534119;0.009944916;749.90375;1.073355;106.34002;0.0;-7.146841e-25;99.99998;-7.146841e-21;0.12980974;-2.8936322;0.009417534;2.3862123;2.37678;0.0;0.0;6512.207;7965.8857;-2643.5073;6338.4946;-2010.1089;-1434.2578
1952-06-18;12.412242;-1.3771261;0.009915669;750.96796;1.1578931;111.778206;0.0;-7.146841e-25;99.99998;-7.146841e-21;0.0004351138;-2.8935988;2.9802322e-05;2.2802353;2.2802205;0.0;0.0;6911.8994;8453.719;-2847.8972;6223.4272;-2010.086;-1614.8134
1952-06-19;12.330933;0.8894246;0.01003011;750.6262;1.1854895;108.87791;0.0;-7.146841e-25;99.99998;-7.146841e-21;0.24749339;-2.560826;0.017300248;2.2073388;2.1900387;0.0;0.0;6670.7373;8157.63;-2680.3254;6500.4634;-1778.92;-1706.5778
1952-06-20;10.689534;3.956126;0.009679158;750.0717;1.359059;42.68713;0.0;-7.146841e-25;99.99998;-7.146841e-21;4.6507506;-2.144196;0.41142106;2.5178046;2.1063685;0.0;0.0;5718.847;6992.66;-2179.725;6890.254;-1489.5011;-1766.0078
1952-06-21;11.827168;3.377238;-0.0029703777;750.00806;1.7852873;39.924084;0.0;-7.146841e-25;100.00974;-7.146841e-21;0.005981326;-2.905486;0.0004172325;2.028808;2.0283983;0.0;0.0;6576.042;8039.7554;-2543.1733;6486.332;-2018.3445;-1693.37
1952-06-22;12.999217;3.565277;0.009824117;748.00836;1.6111153;45.3026;0.0;-7.146841e-25;99.99998;-7.146841e-21;0.001715619;-2.7471547;0.00011920929;1.9546747;1.9545555;0.0;0.0;6679.4116;8165.149;-2598.703;6580.201;-1908.3567;-1701.8511
1952-06-23;12.3602495;4.130656;0.009991963;745.9738;1.2418252;85.24023;0.0;-7.146841e-25;99.99998;-7.146841e-21;3.77208;-2.3586657;0.3043115;2.1898599;1.8855407;0.0;0.0;5717.771;6988.6436;-2243.4822;6901.418;-1638.4867;-1519.1422
1952-06-24;12.123281;1.7653809;0.009759267;744.7779;1.3529445;125.73987;0.0;-7.146841e-25;99.99998;-7.146841e-21;2.3347974;-2.6569982;0.19440055;2.0155013;1.8211007;0.0;0.0;5859.4326;7160.797;-2201.3071;6867.6694;-1845.7278;-1633.7933
1952-06-25;11.582072;-2.1168823;0.010149638;744.9023;1.5448265;135.90466;0.0;-7.146841e-25;99.99998;-7.146841e-21;0.035330653;-2.9119887;0.0023543835;1.7622411;1.7598867;0.0;0.0;6804.7246;8315.057;-2699.7295;6238.2124;-2022.8611;-1857.8022
1952-06-26;12.884491;-2.5389302;0.010131836;747.904;1.3354415;187.23946;0.0;-7.146841e-25;99.99998;-7.146841e-21;0.081032515;-2.5961156;0.0050365925;1.7067194;1.7016977;0.0;0.0;6500.959;7942.9077;-2664.5444;6368.49;-1803.4344;-1740.1633
1952-06-27;13.815358;-2.377411;0.009980519;749.2593;1.3419293;160.32332;0.0;-7.146841e-25;99.99998;-7.146841e-21;0.00084638596;-2.649866;5.9604645e-05;1.6464591;1.6463921;0.0;0.0;7096.238;8669.166;-3020.6667;6180.282;-1840.7744;-1816.6422
1952-06-28;15.501332;-2.4611309;0.009735107;750.02045;1.1460303;102.26945;0.0;-7.1964724e-25;99.99998;-7.192208e-21;0.0;-2.5045648;0.0;1.5936494;1.5936345;0.0;0.0;7181.3804;8772.045;-3307.3022;6106.98;-1739.8378;-1641.5623
1952-06-29;16.557993;-3.080241;0.009833018;748.76227;1.2965479;127.534546;0.0;-7.2130153e-25;99.99998;-7.213016e-21;0.0030040736;-2.2217612;0.00017881393;1.5435815;1.5434027;0.0;0.0;7135.066;8714.297;-3336.6467;6216.449;-1543.3833;-1739.2222
1952-06-30;16.50762;-5.3628235;0.009822845;749.28424;1.2993847;126.827675;0.0;-7.2130153e-25;99.99998;-7.213016e-21;0.00084638596;-1.9421074;5.9604645e-05;1.4956892;1.4956369;0.0;0.0;7237.8633;8838.718;-3556.39;6024.771;-1349.1167;-1886.2533
1952-07-01;17.766775;-5.7325234;0.009901683;750.6345;1.1548319;88.9374;0.0;-7.2130153e-25;99.99998;-7.213016e-21;0.0025641029;-1.880629;0.00014901161;1.4502853;1.4501363;0.0;0.0;7281.132;8890.442;-3727.095;6060.8555;-1306.4111;-1644.1278
1952-07-02;18.116354;-2.5780132;0.0100911455;749.84393;1.4027133;94.53723;0.0;-7.2130153e-25;99.99998;-7.213016e-21;0.0008523463;-1.7462597;5.9604645e-05;1.4066845;1.4066398;0.0;0.0;7088.943;8654.626;-3441.2927;6446.2;-1213.0688;-1878.0555
1952-07-03;18.401804;-2.8858337;0.0097846985;749.00024;1.3829808;107.74592;0.0;-7.2130153e-25;99.99998;-7.213016e-21;0.0;-1.6656835;0.0;1.3650656;1.3650805;0.0;0.0;7101.9717;8669.41;-3489.0593;6431.2026;-1157.0934;-1968.4222
1952-07-04;18.383158;0.42035928;0.009661357;750.42725;1.3685185;99.02033;0.0;-7.2130153e-25;99.99998;-7.213016e-21;0.00043136385;-1.5869085;2.9802322e-05;1.3254136;1.3253838;0.0;0.0;7072.073;8631.759;-3346.5771;6633.459;-1102.3711;-2060.7388
1952-07-05;18.428558;0.46159872;0.009820302;751.02313;1.3695303;161.12616;0.0;-7.2130153e-25;99.99998;-7.213016e-21;0.0012898782;-1.5290873;7.4505806e-05;1.2875199;1.2874379;0.0;0.0;7012.137;8557.549;-3285.1733;6727.8013;-1062.206;-2169.9055
1952-07-06;18.237112;-0.44396973;0.010025024;750.7478;1.2794791;173.27028;0.0;-7.323307e-25;99.99998;-7.3162574e-21;0.00086426723;-1.4657583;5.2154064e-05;1.2512356;1.2511835;0.0;0.0;7057.206;8611.452;-3374.78;6614.6167;-1018.2133;-2231.3423
1952-07-07;18.785746;-2.36615;0.009994507;751.73663;1.2040731;146.02443;0.0;-7.3453654e-25;99.99998;-7.345365e-21;0.00085234636;-1.4560242;5.9604645e-05;1.2165904;1.2165308;0.0;0.0;7122.0205;8689.43;-3531.0933;6484.45;-1011.4511;-2098.24
1952-07-08;19.177073;-3.5412495;0.009890239;751.55;1.3292998;120.95862;0.0;-7.3453654e-25;99.99998;-7.345365e-21;0.00044107434;-1.4269799;2.9802322e-05;1.1833906;1.1833682;0.0;0.0;7132.4673;8701.051;-3601.8806;6444.4644;-991.2756;-2122.2834
1952-07-09;19.368347;-7.084208;0.010158539;750.2188;1.322095;110.67801;0.0;-7.3453654e-25;99.99998;-7.345365e-21;0.0008824877;-1.4035832;5.9604645e-05;1.151681;1.1516362;0.0;0.0;7260.5176;8856.103;-3864.9473;6152.859;-975.0222;-1991.0067
1952-07-10;19.203318;-2.4434307;0.0098393755;750.14746;1.3072885;98.02946;0.0;-7.3453654e-25;99.99998;-7.345365e-21;0.0017187477;-1.3677497;8.940697e-05;1.121223;1.1211485;0.0;0.0;7104.537;8664.659;-3506.7476;6601.7725;-950.1289;-2094.4521
1952-07-11;19.02587;1.90743;0.009952545;750.0515;1.3910537;131.67862;0.0;-7.3453654e-25;99.99998;-7.345365e-21;0.0008523463;-1.2825783;4.4703484e-05;1.0918528;1.0918081;0.0;0.0;6856.5874;8361.204;-3253.6616;6884.581;-890.9633;-2321.4355
1952-07-12;17.842905;-3.5080464;0.009480794;749.41376;1.4530625;123.03245;0.0;-7.3453654e-25;99.99998;-7.345365e-21;0.0008523463;-1.2647231;5.9604645e-05;1.0637045;1.0636598;0.0;0.0;7073.688;8624.848;-3534.9932;6467.608;-878.5611;-2315.6155
1952-07-13;16.244883;3.3397217;0.010111491;749.55835;1.6195445;59.713512;0.0;-7.3453654e-25;99.99998;-7.345365e-21;0.0004325246;-1.1289176;2.9802322e-05;1.0367185;1.0367036;0.0;0.0;6780.5977;8266.191;-3127.5361;6825.0024;-784.2211;-2463.2788
1952-07-14;15.983917;4.6945395;0.010320027;749.79865;1.7394062;47.807877;0.0;-7.3453654e-25;99.99998;-7.345365e-21;0.26057363;-1.0459349;0.013381243;1.0244101;1.0110289;0.0;0.0;6220.6426;7582.9487;-2852.919;6999.169;-726.57556;-2347.8777
1952-07-15;15.305034;4.8154297;0.010173798;749.8948;1.6413409;50.048233;0.0;-7.3453654e-25;99.99998;-7.345365e-21;0.37144107;-1.0444969;0.019580126;1.0062158;0.9866655;0.0;0.0;5780.2407;7045.1265;-2627.3784;7118.121;-725.57666;-2203.6155
1952-07-16;14.661743;6.924215;0.0097134905;750.394;1.3916014;66.66166;0.0;-7.3453654e-25;99.99998;-7.345365e-21;6.641984;-1.3506896;0.4619509;1.4252216;0.96327066;0.0;0.0;5779.2524;7042.4487;-2392.1423;7352.0674;-938.28;-2191.0378
1952-07-17;15.662791;4.738149;0.009863536;750.23846;1.2010154;89.160545;0.0;-7.3453654e-25;100.00259;-7.345365e-21;1.5675595;-2.76188;0.09691715;1.0378063;0.940904;0.0;0.0;5838.7085;7113.173;-2368.023;7160.194;-1918.5867;-1423.2167
1952-07-18;16.44517;4.1767783;0.010218303;750.75885;1.1588191;115.4336;0.0;-7.3453654e-25;100.00519;-7.345365e-21;0.3247328;-2.627248;0.017553568;0.9368658;0.91932714;0.0;0.0;6108.474;7440.1265;-2490.6843;7147.2495;-1825.0612;-1519.4266
1952-07-19;17.391623;-0.6536255;0.010075887;750.20404;1.3120719;112.85995;0.0;-7.3453654e-25;99.99998;-7.345365e-21;0.0017092957;-2.4199476;7.4505806e-05;0.8984208;0.8983314;0.0;0.0;6044.6187;7360.589;-2680.2556;6982.727;-1681.0566;-1435.0189
1952-07-20;17.346231;2.607005;0.009829204;750.9659;1.2110077;63.62483;0.0;-7.3453654e-25;99.99998;-7.345365e-21;0.011438131;-1.8081936;0.0004917383;0.87863207;0.87815523;0.0;0.0;5374.0796;6542.7207;-2347.3613;7390.5146;-1256.0922;-1404.5677
1952-07-21;18.220032;4.6955667;0.009712219;750.7737;1.4819102;57.60663;0.0;-7.3453654e-25;99.99998;-7.345365e-21;0.1410842;-1.5796591;0.007480383;0.8661747;0.8586794;0.0;0.0;5725.613;6969.207;-2532.9333;7375.2905;-1097.3378;-1731.8822
1952-07-22;18.801474;5.5687156;0.009632111;750.61993;1.570953;63.389393;0.0;-7.3453654e-25;99.99998;-7.345365e-21;0.048089027;-1.355865;0.0025331974;0.84230304;0.83976984;0.0;0.0;5962.1494;7255.4854;-2658.521;7384.533;-941.87445;-1910.2744
1952-07-23;19.599253;4.372223;0.00995636;751.63837;1.6051451;67.07384;0.0;-7.3453654e-25;99.99998;-7.345365e-21;0.0035524364;-1.2163781;0.00016391277;0.8215606;0.82138926;0.0;0.0;6148.665;7480.7476;-2827.496;7340.4316;-844.9767;-2010.3467
1952-07-24;20.389517;2.3699849;0.009787242;750.42633;1.510179;70.28669;0.0;-7.3453654e-25;99.99998;-7.345365e-21;0.0017195934;-1.1533257;8.940697e-05;0.8036345;0.8035302;0.0;0.0;6302.7046;7666.4707;-2959.4648;7333.8945;-801.1778;-2074.9966
1952-07-25;20.190552;1.4515585;0.009905498;748.39307;1.3314217;73.64466;0.0;-7.3453654e-25;99.99998;-7.345365e-21;0.0041663647;-1.0019448;0.00020861626;0.7865131;0.7863194;0.0;0.0;5678.035;6905.0874;-2718.0002;7559.5376;-696.01776;-1853.17
1952-07-26;20.491577;0.7261658;0.009849548;748.4545;1.3361813;106.04639;0.0;-7.3453654e-25;99.99998;-7.345365e-21;0.0011861324;-0.962276;5.9604645e-05;0.769794;0.7697344;0.0;0.0;5683.2056;6909.845;-2687.2034;7567.095;-668.4611;-1907.3844
1952-07-27;20.576925;-0.7555542;0.009976705;749.49384;1.4179968;122.76794;0.0;-7.3453654e-25;99.99998;-7.345365e-21;0.00042617318;-0.9998884;2.9802322e-05;0.75368583;0.753656;0.0;0.0;6115.182;7433.259;-2852.6206;7521.6104;-694.58887;-2117.4822
1952-07-28;21.066305;-1.0633138;0.0099487305;750.44977;1.4892265;80.92164;0.0;-7.3453654e-25;99.99998;-7.345365e-21;0.0060081477;-0.9460356;0.00023841858;0.73835254;0.73809177;0.0;0.0;5709.442;6938.6157;-2767.3381;7621.492;-657.1789;-1882.0656
1952-07-29;20.61207;-1.7229004;0.010040283;752.1387;1.7536443;55.455585;0.0;-7.3453654e-25;99.99998;-7.345365e-21;0.0021502064;-1.0120739;0.00011920929;0.72309375;0.7229671;0.0;0.0;6525.8525;7929.135;-3266.9128;7074.61;-703.05334;-2226.7322
1952-07-30;20.690512;-1.6084391;0.009737651;753.12915;1.7735206;45.280792;0.0;-7.3453654e-25;99.99998;-7.345365e-21;0.0008583069;-0.9750929;5.9604645e-05;0.708282;0.7082373;0.0;0.0;6427.68;7808.185;-3270.016;7035.1777;-677.36554;-2125.5479
1952-07-31;19.691885;-5.465322;0.010345459;751.6839;1.7260822;45.245083;0.0;-7.3453654e-25;99.99998;-7.345365e-21;0.0;-0.9455718;0.0;0.6940067;0.6940067;0.0;0.0;6516.5186;7914.3213;-3387.8254;6793.1167;-656.8589;-2209.369
1952-08-01;20.523468;-2.4356182;0.010056813;750.2702;1.4762594;62.158695;0.0;-7.3453654e-25;99.99998;-7.345365e-21;0.00042703192;-0.9331135;2.9802322e-05;0.6801933;0.6801784;0.0;0.0;6253.8154;7593.5513;-3058.5088;7294.513;-648.2033;-2078.9211
1952-08-02;20.571503;-3.1658733;0.0097516375;750.88666;1.2983133;63.77881;0.0;-7.3453654e-25;99.99998;-7.345365e-21;0.03285313;-0.87767655;0.00166893;0.6684959;0.66682696;0.0;0.0;5816.0815;7060.5195;-3037.2256;7248.651;-609.6922;-1861.1888
1952-08-03;20.553354;-3.3184917;0.009319305;752.9211;1.3663017;61.22179;0.0;-7.3453654e-25;99.99998;-7.345365e-21;0.001180172;-0.90256894;5.9604645e-05;0.65395236;0.6539002;0.0;0.0;5934.634;7202.811;-3028.6008;7296.734;-626.98444;-1911.5477
1952-08-04;20.922516;-1.4262085;0.0098775225;753.80756;1.1130117;67.57383;0.0;-7.3453654e-25;99.99998;-7.345365e-21;0.0038061067;-0.8242046;0.00017881393;0.6415546;0.6413758;0.0;0.0;5353.4106;6495.928;-2794.7507;7550.8364;-572.5478;-1612.0022
1952-08-05;20.659271;0.06329346;0.00981013;752.8179;1.0048213;99.00361;0.0;-7.3453654e-25;99.99998;-7.345365e-21;0.051668286;-0.75923467;0.0026077032;0.63195825;0.62933564;0.0;0.0;4896.723;5940.3965;-2639.3445;7635.7476;-527.4144;-1474.7034
1952-08-06;19.72236;-2.443156;0.0101916;750.1828;1.3989843;124.690186;0.0;-7.3453654e-25;99.99998;-7.345365e-21;0.0;-0.85016155;0.0;0.6176084;0.6176084;0.0;0.0;5944.3193;7209.4136;-3087.8872;7113.807;-590.5783;-2027.5645
1952-08-07;19.25596;-3.0096028;0.010529836;749.14386;1.434594;119.29882;0.0;-7.3453654e-25;99.99998;-7.345365e-21;0.0;-0.87180734;0.0;0.6060749;0.6060749;0.0;0.0;6657.0874;8072.2485;-3416.8525;6737.8784;-605.61554;-2405.781
1952-08-08;18.99169;-2.9801228;0.009684245;750.127;1.2879859;155.84314;0.0;-7.3453654e-25;99.99998;-7.345365e-21;0.0;-0.84656477;0.0;0.59485435;0.59483945;0.0;0.0;6723.118;8150.4956;-3579.7039;6509.2954;-588.08;-2315.9778
1952-08-09;18.9139;-3.5778198;0.009988149;750.91675;1.3771547;97.90931;0.0;-7.3453654e-25;99.99998;-7.345365e-21;0.0;-0.8455189;0.0;0.5838871;0.58389455;0.0;0.0;6616.1284;8018.96;-3382.4138;6767.2666;-587.35333;-2282.5479
1952-08-10;19.905426;-0.33330283;0.009876251;751.4473;1.4311371;93.80514;0.0;-7.3453654e-25;99.99998;-7.345365e-21;0.00017881393;-0.77775866;0.0;0.5733073;0.5732924;0.0;0.0;5846.26;7084.285;-2863.6633;7392.723;-540.2822;-2059.8167
1952-08-11;20.495829;-1.596283;0.010218303;753.06396;1.552199;57.184338;0.0;-7.3453654e-25;99.99998;-7.345365e-21;0.01796484;-0.7769782;0.0008940697;0.56394935;0.5630478;0.0;0.0;5703.658;6910.142;-2829.274;7496.5054;-539.74;-2010.1644
1952-08-12;19.739258;-3.8446858;0.010246277;751.81226;1.26903;49.81819;0.0;-7.3453654e-25;99.99998;-7.345365e-21;0.0017046923;-0.7854672;8.940697e-05;0.5531907;0.5530864;0.0;0.0;5847.9365;7083.437;-3083.9343;7141.9233;-545.63776;-1965.5667
1952-08-13;19.582174;-3.89387;0.009866078;748.6684;1.3108298;83.49945;0.0;-7.3453654e-25;99.99998;-7.345365e-21;0.057265162;-0.72459507;0.0028461218;0.5462915;0.54343045;0.0;0.0;5397.283;6536.07;-2898.3662;7263.762;-503.3511;-1725.9111
1952-08-14;18.293955;-1.5897318;0.00984319;748.7625;1.4722499;99.922905;0.0;-7.3453654e-25;99.99998;-7.345365e-21;0.15338959;-0.7718485;0.0075399876;0.5416274;0.5340725;0.0;0.0;5811.2515;7035.7383;-3064.5;6937.6523;-536.17725;-2053.61
1952-08-15;16.790812;3.2180786;0.01024882;753.49164;1.6457448;53.316814;0.0;-7.3453654e-25;99.99998;-7.345365e-21;1.013273;-1.0292046;0.050634146;0.57566166;0.5250275;0.0;0.0;5370.797;6501.225;-2510.9973;7297.812;-714.9533;-2072.659
1952-08-16;17.762186;2.5511067;0.010236104;754.0044;1.4408642;73.22896;0.0;-7.3453654e-25;99.99998;-7.345365e-21;0.03464222;-1.1328058;0.0016242266;0.51781535;0.5161613;0.0;0.0;5965.278;7219.733;-2841.7424;7117.7383;-786.92334;-2073.5767
1952-08-17;17.766378;-2.876007;0.009977977;751.4729;1.5664126;142.3149;0.0;-7.3453654e-25;99.99998;-7.345365e-21;0.06049071;-0.90750307;0.0027269125;0.51017106;0.50744414;0.0;0.0;6127.9263;7415.548;-3156.5537;6722.134;-630.41113;-2286.1812
1952-08-18;17.05076;-7.6678977;0.01003774;749.5301;1.2561496;132.2472;0.0;-7.3453654e-25;99.99998;-7.345365e-21;0.0008523463;-0.8324999;2.9802322e-05;0.49898028;0.49895048;0.0;0.0;6481.433;7842.4062;-3472.43;6357.6284;-578.3111;-2221.17
1952-08-19;17.682953;-3.5507202;0.010012309;750.3155;1.1778954;96.63294;0.0;-7.3453654e-25;99.99998;-7.345365e-21;0.0;-0.77737683;0.0;0.49063563;0.49063563;0.0;0.0;6121.001;7405.4556;-3164.5806;6834.368;-540.01776;-2080.0344
1952-08-20;18.639608;-1.579661;0.009918213;751.25806;1.5489974;48.421326;0.0;-7.3453654e-25;99.99998;-7.345365e-21;0.0014007092;-0.6859293;7.4505806e-05;0.4826486;0.482589;0.0;0.0;5567.862;6735.7705;-2894.5342;7151.069;-476.49277;-1914.2678
1952-08-21;17.359283;-1.9485575;0.010138194;752.584;1.9441042;41.214676;0.0;-7.3453654e-25;99.99998;-7.345365e-21;0.0008553266;-0.6881524;4.4703484e-05;0.4748106;0.47477335;0.0;0.0;6227.2114;7532.1694;-3202.333;6679.516;-478.03665;-2410.359
1952-08-22;17.800009;-2.5155742;0.010189056;754.1469;1.6459948;43.21883;0.0;-7.3453654e-25;99.99998;-7.345365e-21;0.0012761638;-0.705827;5.9604645e-05;0.4671663;0.4671067;0.0;0.0;6212.2144;7513.155;-3279.7434;6662.78;-490.31445;-2207.4778
1952-08-23;19.399506;-4.0696616;0.0099487305;753.7539;1.1779171;155.63359;0.0;-7.3453654e-25;99.99998;-7.345365e-21;0.00042617318;-0.70711225;1.4901161e-05;0.45964122;0.45962632;0.0;0.0;5730.343;6929.568;-3051.667;7055.0347;-491.20776;-1862.4967
1952-08-24;19.271433;-7.753469;0.009869893;752.7039;1.5952086;215.2057;0.0;-7.3453654e-25;99.99998;-7.345365e-21;0.0021458636;-0.6727651;0.00010430813;0.45248866;0.45236945;0.0;0.0;6220.8833;7521.79;-3409.7585;6518.05;-467.34778;-2249.8923
1952-08-25;17.539297;-7.3632913;0.010161082;753.1148;1.2877322;97.00271;0.0;-7.3453654e-25;99.99998;-7.345365e-21;0.0034237127;-0.6838674;0.00016391277;0.4454404;0.44526905;0.0;0.0;6253.706;7560.5396;-3506.0476;6325.089;-475.06;-2096.429
1952-08-26;17.559418;-2.6568222;0.010340373;752.9975;1.178217;77.53523;0.0;-7.3453654e-25;99.99998;-7.345365e-21;0.00043511385;-0.6947322;1.4901161e-05;0.43833256;0.43830276;0.0;0.0;6149.5566;7433.742;-3360.4019;6585.7563;-482.6078;-2019.8223
1952-08-27;18.634827;-4.0288696;0.00997289;751.8499;1.2303826;112.7378;0.0;-7.3453654e-25;99.99998;-7.345365e-21;0.0017195934;-0.6893659;8.940697e-05;0.43158233;0.43150783;0.0;0.0;6129.9194;7409.118;-3407.9072;6585.487;-478.88;-2003.3878
1952-08-28;17.462137;-7.664785;0.01012675;750.82355;1.311963;175.30284;0.0;-7.3453654e-25;99.99998;-7.345365e-21;0.0;-0.6393287;0.0;0.4249066;0.4249066;0.0;0.0;6160.0522;7444.6035;-3519.4316;6238.89;-444.12;-2151.1287
1952-08-29;16.060455;-6.5129905;0.009578705;750.9899;1.3026345;174.20116;0.0;-7.3453654e-25;99.99998;-7.345365e-21;0.0012874597;-0.6118473;5.9604645e-05;0.41854382;0.4184842;0.0;0.0;5979.2324;7225.177;-3275.4133;6383.722;-425.0289;-2147.9421
1952-08-30;16.249502;-6.72228;0.010316213;752.2134;1.3190784;136.83206;0.0;-7.3453654e-25;99.99998;-7.345365e-21;0.0;-0.62126386;0.0;0.41222572;0.41221082;0.0;0.0;6033.146;7289.451;-3358.7166;6318.2866;-431.57166;-2122.5178
1952-08-31;16.870575;-8.233867;0.010237376;753.19073;1.2820722;166.12651;0.0;-7.3453654e-25;99.99998;-7.345365e-21;0.00042499517;-0.6164741;1.4901161e-05;0.40610135;0.40608644;0.0;0.0;6047.1274;7305.5513;-3428.7988;6257.11;-428.24445;-1999.5377
1952-09-01;17.07786;-5.283834;0.009933472;753.28107;1.6889691;122.55326;0.0;-7.3453654e-25;99.99998;-7.345365e-21;0.009433229;-0.56546366;0.00036507845;0.4004985;0.40014088;0.0;0.0;5514.9023;6661.713;-3018.706;6657.06;-392.81;-1972.8489
1952-09-02;15.942535;-4.3754983;0.009732564;752.6846;1.0888036;126.06708;0.0;-7.3453654e-25;99.99998;-7.345365e-21;0.0021398063;-0.5904175;0.00010430813;0.39443374;0.39431453;0.0;0.0;5841.6934;7055.6426;-3238.1917;6385.155;-410.14334;-2076.0444
1952-09-03;15.86501;-0.9040222;0.010175069;753.1462;1.219153;179.81422;0.0;-7.3453654e-25;99.99998;-7.345365e-21;0.003561243;-0.5811332;0.00014156103;0.3887415;0.38860738;0.0;0.0;5644.867;6817.1313;-3014.0288;6670.7944;-403.69333;-2026.0333
1952-09-04;15.984436;-6.3418374;0.010164897;752.63336;1.2661469;133.19377;0.0;-7.3453654e-25;99.99998;-7.345365e-21;0.00042617318;-0.5951691;1.4901161e-05;0.38304925;0.38301945;0.0;0.0;5805.3203;7010.035;-3289.6797;6368.701;-413.44446;-1971.8066
1952-09-05;16.546783;-1.7218119;0.010055542;753.99115;1.2901326;60.728657;0.0;-7.3453654e-25;99.99998;-7.345365e-21;5.9604645e-05;-0.58322585;0.0;0.37756562;0.37756562;0.0;0.0;5528.6504;6675.134;-3025.9065;6745.798;-405.14667;-1828.9734
1952-09-06;16.838022;1.3345947;0.010045369;755.2503;1.681048;47.33205;0.0;-7.3453654e-25;99.99998;-7.345365e-21;0.00086426723;-0.5573202;4.4703484e-05;0.3722757;0.37223846;0.0;0.0;5498.339;6637.8135;-2963.6367;6808.737;-387.15222;-1959.2378
1952-09-07;15.856964;-1.4842529;0.009958903;755.0598;1.7553097;43.800262;0.0;-7.3453654e-25;99.99998;-7.345365e-21;0.019817716;-0.5353782;0.001013279;0.36805868;0.3670454;0.0;0.0;5366.5654;6478.0483;-2961.1306;6670.535;-371.91;-1939.05
1952-09-08;14.102916;-0.8259786;0.010144551;753.7321;1.4593257;105.443794;0.0;-7.3453654e-25;99.99998;-7.345365e-21;4.445163;-0.8238703;0.2593845;0.621438;0.3620535;0.0;0.0;4274.553;5159.367;-2261.768;7064.1206;-572.31555;-1498.1233
1952-09-09;12.560344;1.9866232;0.009994507;753.49194;1.2773747;53.38515;0.0;-7.3453654e-25;99.99998;-7.345365e-21;1.5721858;-1.5245285;0.08058548;0.43788552;0.35728514;0.0;0.0;4220.42;5093.3506;-2159.6377;6945.9946;-1059.039;-1189.7411
1952-09-10;13.39742;-0.25349936;0.010039012;753.7105;1.3147107;44.433197;0.0;-7.3453654e-25;99.99998;-7.345365e-21;0.001984834;-1.7792387;8.940697e-05;0.35269558;0.35260618;0.0;0.0;5371.17;6481.2188;-2754.682;6378.6143;-1235.9772;-1421.3177
1952-09-11;14.168091;-3.385844;0.009942372;752.89355;1.0359435;111.12393;0.0;-7.3453654e-25;99.99998;-7.345365e-21;0.002399087;-1.4290009;9.685755e-05;0.34801662;0.3479123;0.0;0.0;5077.91;6126.614;-2612.2603;6637.037;-992.6789;-1354.2167
1952-09-12;14.026896;-0.34016928;0.009849548;754.97266;1.179697;133.47435;0.0;-7.3453654e-25;99.99998;-7.345365e-21;0.095784664;-1.1189319;0.0044703484;0.3477931;0.34333766;0.0;0.0;4784.2026;5771.6284;-2549.8347;6768.57;-777.2844;-1348.9889
1952-09-13;13.444672;0.71339923;0.009946187;754.99603;1.243424;112.42089;0.0;-7.3453654e-25;99.99998;-7.345365e-21;0.23717582;-0.86573696;0.010937452;0.34981966;0.33888966;0.0;0.0;4436.729;5351.7773;-2404.4014;6845.0244;-601.39886;-1381.5577
1952-09-14;14.703013;-0.897522;0.00970459;753.4336;0.95980567;192.69633;0.0;-7.3453654e-25;99.99998;-7.345365e-21;0.18267632;-0.85394734;0.008448958;0.34299493;0.33455342;0.0;0.0;4764.68;5746.5874;-2604.7314;6736.82;-593.2095;-1457.6466
1952-09-15;14.9036455;-2.1403503;0.009859721;752.17474;1.5262281;204.49202;0.0;-7.3453654e-25;99.99998;-7.345365e-21;0.0;-0.72179455;0.0;0.33026934;0.33025444;0.0;0.0;5203.424;6274.983;-2770.1348;6504.0913;-501.40778;-1847.3978
1952-09-16;14.8403425;-0.7977193;0.010349274;754.1431;1.2884437;186.48268;0.0;-7.3453654e-25;99.99998;-7.345365e-21;0.00044107434;-0.62058496;2.9802322e-05;0.3260374;0.3260374;0.0;0.0;5186.9844;6249.6904;-2829.3584;6489.6006;-431.1;-1844.4211
1952-09-17;14.54007;-2.9736023;0.0098177595;753.68726;1.3182054;143.72905;0.0;-7.3453654e-25;99.99998;-7.345365e-21;0.0004351138;-0.5841404;1.4901161e-05;0.3219098;0.32189488;0.0;0.0;5252.4546;6323.044;-3033.5886;6285.351;-405.78333;-1696.9512
1952-09-18;12.876709;0.92780685;0.009918213;754.04034;1.3577799;82.20917;0.0;-7.3453654e-25;99.99998;-7.345365e-21;0.00049471844;-0.5023619;1.4901161e-05;0.31787157;0.31783432;0.0;0.0;5054.11;6078.796;-2815.0068;6419.398;-348.97446;-1827.4377
1952-09-19;13.88325;-1.5883421;0.00999705;753.7729;1.1783917;88.16401;0.0;-7.3453654e-25;99.99998;-7.345365e-21;0.00042617318;-0.5256161;1.4901161e-05;0.31387806;0.3138557;0.0;0.0;5182.3726;6227.8223;-3036.2737;6265.6006;-365.12778;-1662.5078
1952-09-20;14.650105;-4.246277;0.010540009;753.68427;1.1850754;106.195915;0.0;-7.3453654e-25;99.99998;-7.345365e-21;0.0008583069;-0.5283505;4.4703484e-05;0.30997396;0.30992925;0.0;0.0;5136.39;6167.1826;-3061.0774;6301.81;-367.02777;-1575.4022
1952-09-21;14.848744;-4.5761313;0.010225932;754.25775;1.0833608;48.651;0.0;-7.3453654e-25;99.99998;-7.345365e-21;0.0017344146;-0.5055424;8.940697e-05;0.30617416;0.30608475;0.0;0.0;4838.6567;5804.7007;-2891.2786;6496.7676;-351.18332;-1431.1888
1952-09-22;15.830525;-5.6683755;0.009984334;753.7515;1.2354163;143.57115;0.0;-7.3453654e-25;99.99998;-7.345365e-21;0.0;-0.5123783;0.0;0.30234456;0.30232966;0.0;0.0;4897.404;5870.021;-2887.9502;6580.722;-355.93222;-1465.081
1952-09-23;15.410939;-6.2051797;0.009726207;753.8015;1.3407693;183.91518;0.0;-7.3453654e-25;99.99998;-7.345365e-21;0.003516674;-0.46777073;0.00011920929;0.29876828;0.29864907;0.0;0.0;4767.3022;5709.0244;-2883.284;6462.3564;-324.945;-1537.7167
1952-09-24;14.078746;-6.183726;0.009667714;753.2571;1.6147865;187.42584;0.0;-7.3453654e-25;99.99998;-7.345365e-21;0.001291778;-0.43390876;5.9604645e-05;0.2951324;0.2950728;0.0;0.0;4975.318;5953.077;-2895.8005;6251.0376;-301.4222;-1765.5823
1952-09-25;12.369924;-4.3563232;0.010246277;752.89795;1.5568056;184.684;0.0;-7.3453654e-25;99.99998;-7.345365e-21;0.0;-0.38215145;0.0;0.29160082;0.29159337;0.0;0.0;4743.241;5670.4976;-2768.3523;6149.1763;-265.4689;-1887.3878
1952-09-26;11.978932;-6.862986;0.00982666;755.20575;1.2116805;179.61945;0.0;-7.3453654e-25;99.99998;-7.345365e-21;0.0008583069;-0.4210472;4.4703484e-05;0.28821826;0.288181;0.0;0.0;4960.449;5924.9653;-2951.742;5972.621;-292.4878;-1709.93
1952-09-27;12.597615;-5.107534;0.00989151;756.64984;1.2004106;202.86499;0.0;-7.3453654e-25;99.99998;-7.345365e-21;0.06555319;-0.36221462;0.00295043;0.28780103;0.2848506;0.0;0.0;3828.6553;4569.2637;-2327.7783;6582.8135;-251.61778;-1267.2267
1952-09-28;12.037639;-4.3958945;0.0099105835;756.4405;1.3722972;122.10996;0.0;-7.3453654e-25;99.99998;-7.345365e-21;0.0012874597;-0.42181462;5.9604645e-05;0.28164685;0.2815947;0.0;0.0;4839.688;5770.72;-2888.5667;6047.238;-293.02057;-1706.525
1952-09-29;12.189015;-7.882416;0.009900411;755.5833;1.0954057;69.381996;0.0;-7.3453654e-25;99.99998;-7.345365e-21;0.0012995233;-0.44952706;5.9604645e-05;0.2784133;0.2783537;0.0;0.0;4905.574;5844.277;-3076.85;5896.142;-312.27222;-1394.32
1952-09-30;13.8055525;-8.041951;0.010012309;756.9462;1.3182019;130.89911;0.0;-7.3453654e-25;99.99998;-7.345365e-21;0.0012805912;-0.45078063;5.9604645e-05;0.27520955;0.27514994;0.0;0.0;4806.641;5721.468;-3009.3093;6097.51;-313.1422;-1371.0244
1952-10-01;14.160869;-10.615468;0.010042827;758.2771;1.321672;130.59776;0.0;-7.3453654e-25;99.99998;-7.345365e-21;0.0017038864;-0.44448674;8.940697e-05;0.2720952;0.2720207;0.0;0.0;4832.7017;5747.526;-3112.5112;5997.096;-308.77112;-1309.4412
1952-10-02;13.590068;-13.585818;0.010111491;758.52704;1.3972179;102.00887;0.0;-7.3453654e-25;99.99998;-7.345365e-21;0.0;-0.43352878;0.0;0.26893616;0.26893616;0.0;0.0;4823.7456;5731.92;-3203.6978;5827.921;-301.15778;-1308.8922
1952-10-03;13.01828;-10.876465;0.009780884;757.6065;1.2841744;78.66956;0.0;-7.3453654e-25;99.99998;-7.345365e-21;0.00085532654;-0.41715148;4.4703484e-05;0.26595592;0.26591867;0.0;0.0;4716.162;5599.25;-3071.051;5898.66;-289.7811;-1356.5989
1952-10-04;12.722961;-14.490471;0.00999705;755.3537;1.1868247;163.38321;0.0;-7.3453654e-25;99.99998;-7.345365e-21;0.0021487467;-0.4037814;0.00010430813;0.2630502;0.2629608;0.0;0.0;4766.391;5654.007;-3220.7566;5625.402;-280.49335;-1325.6034
1952-10-05;11.474263;-11.223018;0.010065715;752.7307;1.2020968;183.42867;0.0;-7.3453654e-25;99.99998;-7.345365e-21;0.0012838728;-0.3829552;5.9604645e-05;0.26012957;0.26006997;0.0;0.0;4712.8535;5585.7656;-3078.8977;5676.5967;-266.02667;-1377.1755
1952-10-06;10.52124;-5.6089883;0.009892781;751.6591;1.2134;166.54317;0.0;-7.3453654e-25;99.99998;-7.345365e-21;0.00043511385;-0.34419262;1.4901161e-05;0.25726855;0.25725365;0.0;0.0;4567.0454;5408.292;-2844.5366;5848.759;-239.09889;-1565.8633
1952-10-07;9.889008;-3.4346924;0.0099652605;751.8147;1.1375374;270.76495;0.0;-7.3453654e-25;99.99998;-7.345365e-21;0.0011210189;-0.3327839;2.9802322e-05;0.25454164;0.25448948;0.0;0.0;4451.9756;5267.528;-2750.1323;5877.8525;-231.17334;-1541.6555
1952-10-08;9.747813;-4.1542764;0.010350545;752.31915;1.1585983;126.7846;0.0;-7.3453654e-25;99.99998;-7.345365e-21;0.104904175;-0.3411956;0.004775822;0.2565831;0.25179982;0.0;0.0;4178.5537;4939.7656;-2546.5889;6071.402;-237.01666;-1443.9244
1952-10-09;9.853699;-6.0933433;0.009852092;752.6712;1.2478664;108.08674;0.0;-7.3453654e-25;99.99998;-7.345365e-21;0.0;-0.36330706;0.0;0.24914742;0.24914742;0.0;0.0;4426.443;5228.312;-2762.8423;5828.0547;-252.37778;-1509.3055
1952-10-10;9.9756365;-7.410909;0.009780884;754.51776;1.0990522;187.02333;0.0;-7.3453654e-25;99.99998;-7.345365e-21;0.0004351138;-0.3547836;2.9802322e-05;0.24655461;0.24654716;0.0;0.0;4479.1904;5286.113;-2937.1897;5611.367;-246.45667;-1363.3411
1952-10-11;10.052318;-9.514302;0.010185242;755.3198;1.0789832;132.2387;0.0;-7.3453654e-25;99.99998;-7.345365e-21;0.0004351138;-0.36757255;1.4901161e-05;0.24399161;0.24397671;0.0;0.0;4506.4653;5313.7393;-3055.9731;5509.5977;-255.34;-1206.7422
1952-10-12;10.4104;-11.171733;0.009740193;755.18854;1.0938822;140.68791;0.0;-7.3453654e-25;99.99998;-7.345365e-21;0.0004351138;-0.36738068;1.4901161e-05;0.24145842;0.24142861;0.0;0.0;4461.4478;5256.1616;-3036.1711;5555.4136;-255.20667;-1181.7322
1952-10-13;9.2013445;-9.993663;0.009983063;752.1297;1.0924302;183.24959;0.0;-7.3453654e-25;99.99998;-7.345365e-21;0.0;-0.33376738;0.0;0.23895502;0.23895502;0.0;0.0;4374.9478;5149.8774;-2909.5283;5571.2266;-231.85722;-1323.8378
1952-10-14;8.287923;-6.1160684;0.009860992;751.8459;1.1026971;212.44568;0.0;-7.3453654e-25;99.99998;-7.345365e-21;0.0;-0.29988307;0.0;0.23652613;0.23653358;0.0;0.0;4301.771;5059.4224;-2760.5828;5640.1953;-208.3189;-1403.0344
1952-10-15;9.0182495;-5.2925925;0.009974162;756.02814;1.0122771;72.526344;0.0;-7.3453654e-25;99.99998;-7.345365e-21;0.000861478;-0.33167565;4.4703484e-05;0.23418665;0.23414195;0.0;0.0;4234.759;4976.3525;-2698.7034;5864.54;-230.40388;-1251.6244
1952-10-16;10.516826;-6.1030884;0.009906769;757.9489;1.068987;173.16542;0.0;-7.3453654e-25;99.99998;-7.345365e-21;0.0008553266;-0.34470204;4.4703484e-05;0.23180246;0.23177266;0.0;0.0;4205.204;4940.086;-2774.321;5872.4556;-239.45334;-1148.83
1952-10-17;9.652638;-9.114166;0.009971619;757.7307;1.2357146;124.23449;0.0;-7.3453654e-25;99.99998;-7.345365e-21;0.0004351138;-0.32189304;1.4901161e-05;0.22947788;0.22945553;0.0;0.0;4206.1772;4939.6665;-2833.6968;5658.2095;-223.60777;-1248.8289
1952-10-18;9.909637;-14.236722;0.009824117;757.2104;1.0862557;101.77955;0.0;-7.3453654e-25;99.99998;-7.345365e-21;0.002992152;-0.33217108;0.00013411045;0.22733212;0.2271831;0.0;0.0;4128.34;4846.738;-2835.7612;5656.0566;-230.74777;-1062.69
1952-10-19;8.953328;-8.360016;0.009858449;756.1353;1.157118;110.46276;0.0;-7.3453654e-25;99.99998;-7.345365e-21;0.20810962;-0.35829097;0.009864569;0.2348274;0.22494793;0.0;0.0;3800.9116;4461.0146;-2508.146;6035.589;-248.89223;-1059.2234
1952-10-20;8.911082;-7.6108193;0.010125478;754.87524;1.1077164;135.30437;0.0;-7.3453654e-25;99.99998;-7.345365e-21;0.0028789043;-0.29772335;0.00014901161;0.22292137;0.22278726;0.0;0.0;3253.4333;3817.351;-2286.986;6059.898;-206.81778;-926.1433
1952-10-21;7.203878;-10.954402;0.010185242;752.72626;1.0579396;110.43082;0.0;-7.3453654e-25;99.99998;-7.345365e-21;0.0;-0.3031157;0.0;0.2206862;0.2206713;0.0;0.0;4105.387;4815.271;-2775.919;5398.0996;-210.56555;-1272.1411
1952-10-22;7.1819763;-2.7500203;0.009880066;752.5542;1.1582412;55.004734;0.0;-7.3453654e-25;99.99998;-7.345365e-21;0.0039339066;-0.27252734;0.00014901161;0.21874905;0.21857768;0.0;0.0;3668.706;4301.581;-2342.845;6002.6387;-189.31555;-1251.3511
1952-10-23;6.602987;-4.7964883;0.009747823;752.57086;1.1211904;194.80067;0.0;-7.3453654e-25;99.99998;-7.345365e-21;0.0012863502;-0.2835095;5.9604645e-05;0.21658838;0.21652132;0.0;0.0;3827.5967;4486.669;-2585.205;5637.3633;-196.94444;-1139.8589
1952-10-24;7.041453;-5.0036216;0.010103862;754.39453;1.0726908;214.46794;0.0;-7.3453654e-25;99.99998;-7.345365e-21;0.0;-0.27550757;0.0;0.21448731;0.21448731;0.0;0.0;3887.2205;4555.1343;-2626.7217;5589.344;-191.38556;-1159.5167
1952-10-25;7.2784524;-5.5626626;0.009994507;755.3716;1.0528184;216.18538;0.0;-7.3453654e-25;99.99998;-7.345365e-21;0.0008523463;-0.2661925;4.4703484e-05;0.21255016;0.21251291;0.0;0.0;3703.8018;4338.8833;-2496.9438;5724.6025;-184.91556;-1096.3177
1952-10-26;6.927012;-7.217295;0.010083516;755.64453;0.97851753;128.41617;0.0;-7.3453654e-25;99.99998;-7.345365e-21;0.0;-0.2821926;0.0;0.2105385;0.2105385;0.0;0.0;3828.5557;4483.5854;-2645.9216;5557.974;-196.02945;-1043.4344
1952-10-27;8.362518;-7.393789;0.010019938;756.1652;1.0002166;175.73248;0.0;-7.3453654e-25;99.99998;-7.345365e-21;0.0021398063;-0.28694606;0.00011920929;0.20870566;0.2085939;0.0;0.0;3790.5518;4437.691;-2691.7944;5558.8813;-199.33223;-901.55334
1952-10-28;6.9104714;-6.4847617;0.010027568;752.7099;1.2719063;241.0236;0.0;-7.3453654e-25;99.99998;-7.345365e-21;0.49153867;-0.2715625;0.022679567;0.22938848;0.206694;0.0;0.0;3743.8071;4381.6123;-2265.686;5951.6265;-188.64444;-1105.3323
1952-10-29;4.8108826;-0.30588785;0.010072072;750.9638;0.8428729;183.46178;0.0;-7.3453654e-25;99.99998;-7.345365e-21;1.1427432;-0.497601;0.05787611;0.26275218;0.20487607;0.0;0.0;3142.3105;3676.5134;-1879.3989;6238.8857;-345.66666;-1205.9967
1952-10-30;5.517283;-4.208008;0.009975433;754.2959;1.0570918;154.90245;0.0;-7.3453654e-25;99.99998;-7.345365e-21;0.0008821486;-0.42379087;2.9802322e-05;0.20313263;0.20309538;0.0;0.0;3039.0178;3554.419;-1949.8955;6097.6445;-294.39334;-926.70557
1952-10-31;7.087667;-4.941996;0.00989151;756.1325;1.0340303;121.06268;0.0;-7.3453654e-25;99.99998;-7.345365e-21;0.016707182;-0.4330352;0.0008046627;0.20210445;0.20131469;0.0;0.0;3529.245;4126.6265;-2221.516;5949.1934;-300.81445;-1019.6889
1952-11-01;3.7139587;0.02166748;0.009923299;754.3499;0.7313266;160.1423;0.0;-7.3453654e-25;99.99998;-7.345365e-21;9.129792;-0.86572397;0.53703785;0.7366836;0.1996383;0.0;0.0;1773.5228;2073.2822;-1023.35724;6745.5854;-601.3889;-488.21112
1952-11-02;3.950175;-2.5873413;-5.182554;752.4222;0.90136796;98.5646;0.02726237;3.6557515e-06;127.48533;-7.345365e-21;0.010946393;-1.0960642;0.00040233135;0.19837916;0.19797683;0.0016372651;0.0052154064;3280.6194;3834.4612;-1936.4645;5907.0835;-761.3994;-896.05225
1952-11-03;5.2747293;-1.9005839;-7.1149545;750.1961;1.0717927;194.37325;0.020914713;3.1789143e-06;148.41078;-7.345365e-21;0.00085532654;-0.71786994;0.00010430813;0.1964122;0.1963079;0.00096298754;0.0;2992.4246;3496.1667;-2150.801;5538.4966;-498.68054;-538.2622
1952-11-04;2.8819988;0.075419106;-2.3755596;749.78876;1.1671106;223.76201;0.014811198;2.22524e-06;150.97655;-7.345365e-21;1.6989708;-0.52140653;0.087469816;0.2821833;0.19470602;0.00084005296;0.0;1691.8639;1976.2511;-868.2767;6808.28;-362.20334;-595.85114
1952-11-05;3.4374592;-1.0492758;-6.397283;752.6359;0.96542114;188.63635;0.013916016;2.1060307e-06;148.67804;-7.345365e-21;0.0035464754;-0.91769546;0.00020861626;0.19334257;0.19313395;0.0010952353;0.0010430813;3124.121;3647.6433;-1978.9312;5697.5205;-637.49225;-819.0278
1952-11-06;3.3178608;-3.5520732;-8.569051;752.31036;0.8914592;129.47102;0.009684245;1.3907751e-06;150.31248;-7.345365e-21;0.00044107434;-0.70618;5.9604645e-05;0.19159913;0.19153953;0.00056251884;0.0;3462.8333;4041.6633;-2435.5884;5095.6265;-490.56;-673.3689
1952-11-07;3.617564;-4.5656433;-7.0838714;749.59186;0.94562536;168.59068;0.006754557;9.536743e-07;150.31248;-7.345365e-21;0.16379732;-0.66241807;0.007838011;0.19779801;0.1899749;0.0004414469;0.0;3290.297;3839.0078;-2101.095;5480.485;-460.15945;-617.63666
1952-11-08;3.7152507;-3.561554;-6.4054413;750.9838;0.99656934;221.18724;0.004638672;9.536743e-07;150.31248;-7.345365e-21;0.043278933;-0.727335;0.0021457672;0.19057095;0.18841773;0.00033713877;0.0;3048.9116;3556.2466;-1966.3511;5684.4277;-505.25555;-734.8289
1952-11-09;4.748525;-5.1287436;-8.563915;753.90796;0.9818055;94.290344;0.0026855469;2.78155e-07;150.31248;-7.345365e-21;0.00085532654;-0.64417255;5.9604645e-05;0.18694997;0.18689036;0.0001937151;0.0;3357.5793;3914.9734;-2513.7173;5072.257;-447.48444;-436.90778
1952-11-10;3.7973225;-11.528515;-10.002517;752.2197;0.99549705;81.404945;0.001953125;-7.3453654e-25;150.31248;-7.345365e-21;0.0012934206;-0.59790164;6.7055225e-05;0.18544495;0.18537045;9.872019e-05;0.0;3389.669;3951.1323;-2647.8533;4775.1094;-415.34222;-383.82666
1952-11-11;4.137156;-10.212438;-7.538452;749.841;1.0038509;130.10014;0.00081380206;-7.3453654e-25;150.31248;-7.345365e-21;0.0017106531;-0.5290434;8.940697e-05;0.18398464;0.18389523;7.4505806e-05;0.0;3063.9683;3570.361;-2060.4695;5475.066;-367.50888;-450.47446
1952-11-12;1.6085001;-6.1667075;-5.495753;747.2048;1.4809014;205.36736;1.9541016;0.0003211101;144.58788;2.1972656;2.134127;-0.42126513;0.025063753;0.20751357;0.18244237;3.5390258e-05;1.5969836;2804.8672;3267.5222;-1624.9994;5821.262;-292.58667;-740.17
1952-11-13;-1.8436686;-8.052871;-7.0937095;748.67316;0.9033018;156.32338;12.873779;0.0017722845;138.82777;13.183594;0.6086409;-0.54142624;0.030696392;0.2117455;0.1810342;0.31423008;0.38726628;2459.8;3086.77;-1640.2156;5540.3643;-380.71112;-766.51556
1952-11-14;-2.685627;-9.611644;-7.943545;750.88007;1.5403544;48.631382;10.746094;0.0016079346;149.93129;10.782878;0.27351677;-0.3681537;0.018268824;0.19794703;0.17967075;0.244556;0.23498759;2839.5422;3493.22;-1899.7234;5203.825;-259.51334;-844.8078
1952-11-15;-5.125721;-16.611181;-11.878869;750.6735;1.8512801;42.652874;10.531738;0.0015779337;150.30565;10.701497;0.0136281485;-0.27929062;0.0056028366;0.18393993;0.17832965;0.079356134;0.01071021;2901.594;3566.359;-2334.2183;4473.0234;-199.02667;-910.7256
1952-11-16;-7.1006203;-17.330717;-12.174024;749.3911;1.9126865;43.462757;10.465413;0.0015860001;148.71938;10.660808;0.6550754;-0.067055225;0.0016018748;0.17865002;0.1770407;0.019744039;0.6515347;2756.5405;3374.9956;-2054.6667;4615.347;-50.911667;-1149.7378
1952-11-17;-6.235354;-13.169536;-7.4065385;749.5645;1.8694052;38.77892;27.066406;0.0035436153;127.06378;27.26237;2.2965968;-0.1449408;0.00048428774;0.17627329;0.17578155;0.0034980476;2.2905655;1899.7378;2577.7144;-1020.325;5803.0913;-113.812225;-991.41223
1952-11-18;-5.8834305;-13.425063;-11.527255;750.3642;1.0823303;55.68315;32.367107;0.0045007467;140.40623;32.43001;0.13866642;-0.14061016;0.007227063;0.18177927;0.17454475;0.099869445;0.1360923;2325.8728;3294.0557;-1881.8833;4732.3467;-109.456665;-772.5733
1952-11-19;-4.668917;-12.980109;-12.959831;752.15894;0.92146415;76.64846;27.3833;0.0040947595;150.37335;27.58789;0.0017152734;-0.11054799;0.03261119;0.20591915;0.1733154;0.45323557;0.0;2676.9111;3639.331;-2233.9417;4388.604;-84.36;-599.6667
1952-11-20;-3.0065258;-14.698012;-11.2113085;749.9477;0.85713506;65.48774;23.289307;0.0034790437;150.57323;23.35612;0.002572393;-0.13963692;0.043459237;0.21556765;0.17210841;0.6053019;0.0;2659.0945;3517.5134;-2082.2966;4715.6733;-102.945;-511.9689
1952-11-21;-3.4865265;-16.412352;-11.27901;747.6033;0.77196056;114.07678;19.566;0.0029301643;150.75519;19.61263;0.0038605148;-0.19634515;0.028379261;0.19928813;0.17090142;0.39452687;0.0;2476.956;3193.869;-1938.3167;4889.8784;-143.88777;-561.0478
1952-11-22;-3.98083;-12.419229;-12.367503;748.88837;0.7909675;137.6914;16.63273;0.0024928648;150.89809;16.723633;0.0;-0.1520738;0.026270747;0.19598007;0.16971678;0.36403164;0.0;2771.5906;3509.0789;-2289.1484;4486.086;-110.50222;-606.55225
1952-11-23;-2.8657722;-11.618713;-11.070798;749.1345;0.8366167;210.65279;14.018962;0.0021016598;151.02245;14.404297;0.0008523463;-0.15303679;0.024065375;0.19261241;0.16855448;0.3308542;0.0;2594.0005;3233.139;-2049.4468;4820.1035;-110.97667;-546.54
1952-11-24;-2.1626587;-10.425822;-9.810124;749.3455;0.7180562;164.54247;11.4021;0.001706481;151.13116;11.271159;0.0004351138;-0.14519505;0.027298927;0.19468367;0.1673922;0.37594512;0.0;2303.1538;2830.8123;-1819.5294;5143.0415;-103.64111;-445.14
1952-11-25;-2.8358257;-5.581533;-4.826876;747.43805;0.60788757;220.65904;36.034912;0.0052218833;138.74477;37.475586;11.16733;-0.048458576;0.022023916;0.18829107;0.1662597;0.052301213;10.435689;797.9939;1004.8611;-469.745;6535.47;-36.92889;-279.35
1952-11-26;-2.7767944;-4.107704;-3.129406;746.8748;0.6766487;187.59355;87.84904;0.012371619;142.39484;87.5651;0.5632639;-0.17003156;0.04041195;0.20554662;0.16513467;0.5478449;0.46806782;682.9228;1807.4266;-613.5272;6331.818;-128.90666;-133.05112
1952-11-27;-3.9209354;-6.7189384;-6.0885634;747.91895;0.9519777;181.40216;77.347984;0.011655569;151.2425;77.02637;0.009679794;-0.19460171;0.062167645;0.22619963;0.16403198;0.8769557;0.008810312;1430.2228;3148.4656;-1165.9144;5554.916;-143.35445;-271.36667
1952-11-28;-2.927826;-7.5446334;-6.84294;746.68036;0.95667;126.358025;68.784096;0.010391752;151.94237;68.56283;0.06978512;-0.12964755;0.100806355;0.26373565;0.1629442;1.3860725;0.060983002;1368.7228;2682.9978;-1106.414;5591.1924;-96.20333;-195.34
1952-11-29;-1.6972961;-4.3396096;-5.243149;748.1184;0.8433356;55.904545;57.485596;0.008669853;152.28741;57.169598;0.06073152;-0.14197268;0.14851987;0.3103763;0.16185641;1.9979589;0.023063272;1399.2056;2462.5112;-984.0467;5962.0205;-101.39445;-237.46666
1952-11-30;-2.231181;-4.8895364;-5.925303;748.72394;0.80492496;207.71507;46.198895;0.006991267;152.70961;45.93913;0.016218424;-0.27041322;0.11059642;0.27136505;0.16076863;1.4801397;0.013370067;1848.835;2899.7756;-1213.9211;5749.7134;-192.62334;-348.66666
1952-12-01;-1.8998007;-5.291758;-7.616408;749.3079;0.7861392;169.58813;36.973797;0.005608519;153.12074;36.661785;0.007107854;-0.3028782;0.093996525;0.25367737;0.1596883;1.237683;0.0033304095;2107.8083;3062.0444;-1647.0673;5287.0146;-213.48222;-366.34445
1952-12-02;-1.8652344;-6.5087547;-10.560974;748.8716;0.80669117;188.39278;29.580648;0.004495581;153.41014;29.703775;0.0004261732;-0.22223033;0.07818639;0.23680925;0.15863031;1.0077543;0.0;2303.7805;3172.9766;-1983.315;4794.2173;-156.03334;-307.01334
1952-12-03;-2.116933;-6.7873435;-10.368268;748.8487;0.84468406;299.06345;23.665854;0.0036030214;153.638;23.72233;0.00089622504;-0.22551976;0.061392784;0.21897256;0.15759468;0.7781312;3.7252903e-05;2387.6167;3157.9055;-1973.7628;4856.318;-159.22667;-363.53333
1952-12-04;-0.85284424;-7.7000833;-9.157948;752.0162;0.9662295;109.01007;18.645914;0.00283734;153.8216;18.554688;0.0021427867;-0.2454156;0.059455633;0.21602213;0.15655905;0.7428527;0.0;2439.5679;3131.0557;-1917.87;5048.5063;-171.7411;-289.4389
1952-12-05;1.0363058;-8.430501;-8.921665;755.38525;1.018453;64.24816;13.749919;0.0020865202;153.97328;13.549805;0.00085532654;-0.3561657;0.059440732;0.21499395;0.15553832;0.73988366;0.0;2503.6172;3123.8467;-1991.0222;5098.5776;-247.98111;-165.56334
1952-12-06;1.7027588;-9.939525;-10.096562;756.2718;1.0246348;90.164894;9.710449;0.0014747381;154.07777;9.928386;0.0;-0.36039203;0.042274594;0.19681454;0.15452504;0.5235486;0.0;2554.8716;3116.4634;-2167.9216;4893.209;-250.8189;-119.72444
1952-12-07;2.0858562;-11.668602;-11.438437;756.1836;0.81316537;285.87222;6.9392905;0.0010553995;154.14906;7.080078;0.00042766327;-0.32334122;0.028334558;0.18186122;0.15351921;0.34775212;0.0;2630.74;3161.8044;-2340.024;4654.6416;-225.02333;-151.79889
1952-12-08;1.3504944;-10.662452;-9.888294;754.1763;0.7097776;287.8024;5.0407715;0.00076719123;154.19562;5.2897134;0.00042617318;-0.24696626;0.020429492;0.17295778;0.15254319;0.24575554;0.0;2594.9456;3088.8467;-2039.7877;5030.197;-172.14111;-246.05667
1952-12-09;-0.08247884;-3.9067383;-5.8326163;751.50543;1.1012288;236.34943;4.793864;0.00076727074;150.64711;5.2490234;1.4900386;-0.21274388;0.01603365;0.16760826;0.15157461;0.1622662;1.435399;2098.8672;2482.2644;-1319.7472;5874.007;-148.25333;-362.4211
1952-12-10;-2.0697582;-2.720932;-1.6274071;748.0656;1.313542;208.66576;46.51286;0.0071221986;140.24706;48.624676;13.391035;-0.17670728;0.040009618;0.19064546;0.15062839;0.19364059;12.8410425;672.05;939.68;-210.725;6959.2095;-127.69444;-293.97
1952-12-11;-3.6890347;-4.9178023;-4.4607635;749.22437;0.6848364;137.85347;99.400635;0.015692433;148.55597;105.71289;1.0233551;-0.122791156;0.005543232;0.1552403;0.14968961;0.07485598;0.97995627;703.6606;2358.811;-748.63666;5982.9272;-94.54222;-111.29444
1952-12-12;-6.015879;-8.589543;-9.41664;748.18646;0.87743574;84.13293;99.42676;0.01590542;151.22752;105.38737;0.108379126;-0.119889155;0.02156198;0.17033517;0.14876574;0.27644634;0.105537474;850.3122;2714.64;-1164.7444;5049.396;-94.09889;-76.30334
1952-12-13;-9.2600565;-13.264472;-13.768054;747.14185;1.165001;67.59781;98.568275;0.015655002;153.66893;102.21354;0.0013738871;-0.11564419;0.007137656;0.15500188;0.14785677;0.09249896;0.00051409006;1039.7067;3099.0754;-1371.1056;4353.7026;-90.32333;-45.064445
1952-12-14;-7.0743203;-12.46848;-10.135305;747.20575;0.9264655;69.65612;97.24259;0.015237927;154.47198;98.55143;0.68890154;-0.2060514;0.050604343;0.1975745;0.1469627;0.609126;0.640627;940.61554;2622.2744;-985.6594;5130.4624;-161.01555;-83.48889
1952-12-15;-7.479323;-11.039856;-12.842636;749.77985;1.1848181;57.361572;96.70597;0.01489373;152.56476;98.02246;0.00086128706;-0.11950731;0.06514788;0.21123886;0.14608353;0.77483803;0.0;1137.7411;3104.1477;-1433.5072;4452.6035;-93.49555;-39.533333
1952-12-16;-6.553964;-15.934937;-13.389877;751.7254;1.2409718;25.762774;90.49536;0.0138202505;153.27797;90.49479;0.0004351138;-0.091932714;0.09907037;0.24427474;0.14520437;1.1586119;0.0;1293.5289;3160.9756;-1628.5695;4269.0996;-69.21889;-9.921111
1952-12-17;-4.7983437;-16.131422;-13.911349;750.6558;1.0830742;187.74983;81.73486;0.012524565;153.91307;81.66504;0.0004351138;-0.10757893;0.111848116;0.25618076;0.14433265;1.2725741;0.0;1479.6039;3183.6877;-1740.2533;4217.69;-80.922226;-30.712223
1952-12-18;-5.507735;-17.83619;-13.764702;749.74097;1.1083088;169.42537;74.08651;0.011404951;154.47394;73.97461;0.0004351138;-0.16592257;0.073857605;0.21734089;0.14348328;0.8209944;0.0;1577.9467;3067.6377;-1741.9033;4299.7915;-128.82167;-109.39
1952-12-19;-5.561226;-15.4421425;-13.015729;749.19556;1.2477745;27.853586;67.641685;0.01044329;154.97948;67.30143;0.0;-0.11235662;0.079497695;0.22213161;0.14263391;0.8619297;0.0;1737.5466;3148.7512;-1746.4506;4394.6436;-87.90389;-161.88777
1952-12-20;-4.886804;-10.317598;-8.487359;748.36035;0.8545024;53.768642;64.6814;0.009963353;154.04881;64.61588;0.3950596;-0.13191812;0.041410327;0.18319488;0.14179945;0.44470653;0.39407238;923.4778;1614.4867;-909.75555;5620.416;-103.91944;-183.15666
1952-12-21;-3.8624814;-5.626938;-3.7706172;747.8147;0.7046006;192.49097;69.72933;0.010636528;150.67284;70.23112;3.287816;-0.1722835;0.02193451;0.1629144;0.14097244;0.1930315;2.9890463;882.16614;1585.4845;-400.6061;6499.1924;-135.0389;-281.16888
1952-12-22;-5.026774;-6.031404;-4.0342307;743.3772;0.54990333;113.29105;99.32764;0.028964957;125.495094;228.92253;19.363407;-0.07601455;0.002220273;0.1423806;0.14016032;0.0;18.970814;245.85388;980.56555;-263.72388;6544.3154;-59.87611;-89.29
1952-12-23;-9.582252;-12.396305;-11.95507;745.1514;1.1222318;137.13335;100.0;0.033566076;144.5973;233.27637;0.01014173;-0.023480505;0.0;0.13935566;0.13935566;0.0;0.00885874;712.7672;2706.9956;-880.1761;5112.283;-18.686111;-94.90111
1952-12-24;-8.308944;-16.02815;-13.863721;750.4832;1.076662;174.83815;100.0;0.03355527;151.69073;221.51692;0.0038968292;-0.025304034;0.0;0.1385659;0.138551;0.0;0.00218302;804.86;2971.1167;-1109.36;4710.6787;-20.095556;-13.848889
1952-12-25;-5.5960793;-13.495912;-12.226589;750.39044;0.9362019;135.6981;100.0;0.03415656;152.19432;223.87695;5.1977453;-0.020797364;0.0011920929;0.13896823;0.13776869;0.0;4.820164;715.625;2572.1912;-539.8444;5438.2715;-16.419445;8.098889
1952-12-26;-3.667328;-4.9213357;-2.629762;745.30835;0.69880646;110.31589;100.0;0.04837807;149.79913;320.96353;13.172775;-0.11031516;0.012382865;0.14936924;0.13698637;0.010637566;12.014989;430.39722;1756.6178;-390.21277;6513.456;-86.865555;-122.863335
1952-12-27;-7.527134;-8.860249;-7.4618287;744.1016;0.8469799;195.98653;100.0;0.05339877;151.76788;351.76596;1.0305464;-0.040380284;0.0;0.13621151;0.13621151;0.0;1.0180287;635.69666;2444.899;-796.5022;5612.6265;-31.84111;-126.46555
1952-12-28;-10.547475;-15.327243;-13.861481;746.87933;1.1502202;57.694912;100.0;0.053646047;154.21385;347.819;0.0092327595;-0.012889504;0.0;0.13545156;0.13545156;0.0;0.007942319;756.79553;2839.4377;-1015.25555;4788.0073;-10.345555;-43.78
1952-12-29;-11.488213;-17.013685;-16.950056;750.0235;1.3779035;17.675785;100.0;0.053664524;155.89386;344.40103;0.0075548887;0.01767464;0.0;0.1347065;0.13469905;0.0;0.007122755;853.6322;3128.841;-1116.3955;4411.585;13.73;3.6222222
1952-12-30;-10.560521;-20.936205;-19.816298;751.1098;1.399238;12.766776;100.0;0.05367903;157.23077;341.79688;0.0025762739;0.004339963;0.0;0.13394654;0.13394654;0.0;0.0;911.2111;3260.831;-1173.8556;4104.1543;3.238889;91.40222
1952-12-31;-8.378818;-20.448723;-20.224905;751.0286;1.2221388;49.545914;100.0;0.053684276;158.45506;338.74512;0.0008597969;0.007260591;0.0;0.13321638;0.13321638;0.0;0.0;952.8322;3332.0745;-1369.2444;3856.3865;5.547222;118.98222
1953-01-01;-9.101905;-23.601366;-21.991648;751.8592;1.2630244;32.614925;100.0;0.05368821;159.52928;336.26303;0.0017195934;0.0010263175;0.0;0.13248622;0.13248622;0.0;0.0;965.92834;3302.3867;-1332.1995;3752.1528;0.71;139.92334
1953-01-02;-7.4282455;-25.151169;-20.880453;753.52466;1.1087115;212.5956;100.0;0.053687733;160.53773;334.3506;0.0017046923;-0.009619631;0.0;0.13175607;0.13177097;0.0;0.0;1007.69775;3369.44;-1094.6183;4114.5283;-7.5772223;129.30444
1953-01-03;-4.6103325;-22.395697;-15.543057;753.9287;0.902332;247.86009;100.0;0.053662855;161.95538;331.54297;0.0;-0.033873133;0.0;0.13105571;0.13105571;0.0;0.0;952.935;3117.1821;-1205.6995;4482.0303;-26.69;70.73889
1953-01-04;-4.4865546;-21.027063;-14.12748;751.7195;0.86398536;238.95537;100.0;0.053688962;163.51495;328.69467;0.28561354;-0.0448348;0.0;0.13034046;0.13034791;0.0;0.2840571;871.97723;2791.4033;-702.97943;5157.593;-35.297222;54.066666
1953-01-05;-3.5858257;-5.5247765;-3.6864445;748.30695;0.6055429;213.86382;100.0;0.05943684;159.41925;371.58203;13.500008;-0.08618645;0.0004991889;0.13014674;0.129655;0.0;13.290737;450.52112;1502.0789;-100.96611;6811.0845;-67.85445;-124.90444
1953-01-06;-5.185797;-6.50972;-5.3541603;747.3022;0.70313424;175.83423;100.0;0.06779504;156.2962;434.2041;0.38901934;-0.03508199;0.0;0.12895465;0.1289621;0.0;0.36339462;693.9911;2595.7456;-1000.2761;5585.2266;-27.698334;-103.47222
1953-01-07;-8.483665;-12.504718;-11.192994;745.4909;0.91073126;136.80243;100.0;0.06828594;158.9912;428.833;4.5156074;-0.007849187;0.0;0.1282692;0.1282841;0.0;4.489638;751.7233;2725.6455;-726.775;5351.8364;-6.235;-63.05
1953-01-08;-5.667267;-6.622935;-6.70445;743.1313;0.7158754;187.49007;100.0;0.088952065;145.59438;608.76465;18.83319;0.010281801;0.0;0.12761354;0.12759864;0.0;18.74319;454.43777;1954.4;-168.82278;6483.722;7.9933333;-86.763336
1953-01-09;-6.390148;-8.539604;-8.003222;745.1887;0.7526479;199.53064;100.0;0.09326863;155.26886;601.1149;0.10277629;0.0012423843;0.0;0.12692809;0.12694299;0.0;0.100106;748.4617;3152.2534;-1123.7816;5150.3335;0.84555554;-92.772224
1953-01-10;-8.991605;-10.949097;-11.347041;741.1497;0.789802;198.88261;100.0;0.094137274;158.4225;593.66864;3.6301105;0.023459084;0.0;0.12628734;0.12627989;0.0;3.6120415;547.70667;2246.8923;-361.19333;5774.4243;18.36389;-49.284443
1953-01-11;-7.935089;-9.600087;-8.6953125;736.9944;0.76248056;131.50229;100.0;0.107499324;151.31248;708.57745;11.013001;-0.0016409904;0.0;0.12561679;0.12562424;0.0;11.005685;617.6889;2649.9412;-628.9056;5711.1704;-1.3233334;-106.78555
1953-01-12;-8.235119;-9.66489;-9.617931;741.0586;0.5514581;141.8796;100.0;0.11234292;152.57387;735.83984;4.392144;0.0119917095;0.0;0.12499094;0.12497604;0.0;4.386637;562.63666;2382.6223;-508.87445;5755.981;9.386666;-85.05
1953-01-13;-11.420049;-17.478285;-14.604004;745.50726;1.0785459;52.558056;100.0;0.11390034;156.03969;730.46875;0.009953976;-0.0003017485;0.0;0.12433529;0.12434274;0.0;0.009972602;828.2539;3433.3179;-1497.8367;4054.48;-0.34777778;-42.538887
1953-01-14;-11.628032;-23.60473;-21.860367;746.85516;1.2985436;13.529387;100.0;0.113907695;158.7783;717.5293;0.0008583069;0.008439645;0.0;0.12369454;0.12370944;0.0;0.0;909.4461;3670.328;-1408.0505;3614.693;6.5544443;108.35333
1953-01-15;-12.240627;-27.079699;-24.63875;745.47534;1.1697384;51.032566;100.0;0.113914765;160.56444;709.9202;0.00086426723;0.0030435622;0.0;0.12308359;0.12307614;0.0;0.0;941.72614;3702.521;-1196.0739;3673.3245;2.3611112;113.78889
1953-01-16;-12.251349;-17.349724;-19.476845;740.8088;0.76842064;112.0127;100.0;0.11915747;153.71742;774.37335;8.914358;0.016154721;0.0;0.12245774;0.12245774;0.0;8.911516;348.7328;1394.1145;192.93222;5781.6035;12.652223;15.315556
1953-01-17;-11.177017;-15.523873;-15.733066;745.5712;0.8396813;113.69689;100.0;0.12327846;152.53058;808.7158;0.35695136;0.012267381;0.0;0.121846795;0.121846795;0.0;0.35480782;766.67053;3119.6155;-1038.0033;4600.847;9.631111;-45.586666
1953-01-18;-12.408123;-19.041368;-18.971968;747.24457;1.1767436;24.493647;100.0;0.12333449;155.78188;792.07355;0.0075101852;0.016283244;0.0;0.12123585;0.12123585;0.0;0.0057965517;890.6689;3532.0457;-836.3039;4560.1055;12.736667;-2.458889
1953-01-19;-8.354098;-16.450312;-16.297989;745.65894;0.68930393;203.7865;100.0;0.12344166;158.82909;777.5472;0.6289035;0.0037048012;0.0;0.1206249;0.12063235;0.0;0.62410164;862.0378;3329.0388;-698.7211;5003.2646;3.1055555;-11.8133335
1953-01-20;-7.7156234;-10.583083;-12.765316;746.69806;0.74977;162.31555;100.0;0.1244725;161.45311;771.3216;0.39299726;0.0178162;0.0;0.120043755;0.120036304;0.0;0.3891103;834.4683;3188.0122;-840.8422;5144.95;14.107223;-64.263336
1953-01-21;-7.917557;-12.069489;-14.521419;748.30536;0.8280926;252.7712;100.0;0.124554195;165.49672;753.21454;0.018924475;0.02666749;0.0;0.11944771;0.11944771;0.0;0.017359853;968.16724;3611.4011;-1084.525;4657.0127;21.174444;-33.775555
1953-01-22;-5.6127753;-8.213067;-10.37309;742.7858;0.48284748;238.05943;100.0;0.13118534;163.4098;800.61847;19.694084;0.024584122;0.0;0.11885166;0.11886656;0.0;19.264772;598.72;2268.1233;-114.62055;6272.711;19.508333;-61.52111
1953-01-23;-7.389852;-8.878013;-8.178943;738.79474;1.052608;216.20903;100.0;0.14805715;155.2783;953.9388;4.334474;0.0044442713;0.0;0.11828542;0.11828542;0.0;4.324108;703.8011;2996.129;-515.565;5911.3926;3.6933334;-117.35222
1953-01-24;-8.253059;-9.634486;-8.380108;740.7217;0.8444943;211.187;100.0;0.15159416;160.66339;944.7835;2.6157796;-0.028282404;0.0;0.11771917;0.11771172;0.0;2.6089623;752.1017;3152.9033;-733.13556;5588.669;-22.072222;-150.87222
1953-01-25;-9.649381;-11.526264;-9.486355;743.69385;0.9490168;186.45604;100.0;0.1534247;166.14288;924.88605;0.763613;-0.05983375;0.0;0.11715293;0.11715293;0.0;0.7572472;746.93335;3086.94;-814.43835;5381.262;-46.86;-150.44
1953-01-26;-12.500491;-15.526837;-13.389991;745.5124;1.0189725;103.69681;100.0;0.1536736;171.59047;896.64716;0.015413761;-0.018648803;0.0;0.116571784;0.116586685;0.0;0.013746321;912.3433;3678.6367;-1315.7167;4398.018;-14.505555;-137.4911
1953-01-27;-10.722163;-19.636202;-17.371729;747.2266;1.0143191;52.401928;100.0;0.15368438;175.34047;877.2786;0.0;0.000173226;0.0;0.11603534;0.11603534;0.0;0.0;992.33;3899.1255;-1068.6339;4429.4917;0.43;-10.154445
1953-01-28;-9.003509;-19.990486;-17.949118;747.1768;1.0225718;61.0388;100.0;0.15368783;178.49217;861.57227;0.0012993813;-0.00073574483;0.0;0.1154691;0.115484;0.0;0.0;1055.8373;4045.1045;-1336.1516;4061.6138;-0.2911111;26.712223
1953-01-29;-8.654781;-18.595016;-19.143011;745.3508;0.87053615;286.28894;100.0;0.15369599;181.25291;848.4294;0.003311038;0.008300878;0.0;0.11494756;0.11493266;0.0;0.002115965;1098.22;4104.1533;-1229.3511;4115.652;6.761667;30.502222
1953-01-30;-8.936932;-10.575207;-14.449903;742.11896;1.1786042;225.18915;100.0;0.15487385;182.53156;848.6735;3.630355;0.031273812;0.0;0.114396214;0.114396214;0.0;3.6231577;703.1922;2579.8723;110.06167;6241.7617;24.593334;-67.31333
1953-01-31;-7.185003;-8.109502;-8.566185;741.1431;1.2445506;233.40718;100.0;0.16141443;181.05174;891.805;4.903075;0.000461936;0.0;0.11385977;0.11385977;0.0;4.895486;625.2811;2461.8354;-291.68945;6201.8413;0.43;-115.68222
1953-02-01;-7.19244;-13.366521;-9.391225;741.53906;0.9073066;81.09255;100.0;0.162884;186.0117;876.87177;0.04991293;-0.037098303;0.0;0.11333823;0.11333078;0.0;0.049058348;1060.3506;4146.467;-1559.3262;4516.6133;-28.768888;-107.76556
1953-02-02;-7.7049537;-20.238775;-15.571868;742.071;1.0542778;102.76208;100.0;0.16287637;190.32127;856.8929;0.0021499644;-0.014593825;0.0;0.11281669;0.11280924;0.0;0.0;1146.586;4371.594;-1623.1039;3879.0046;-11.045555;22.577778
1953-02-03;-6.4501243;-17.371;-16.402416;746.28143;0.78308576;226.97614;100.0;0.16288054;193.28253;843.75;0.027909154;-0.003002584;0.0;0.11228025;0.1122877;0.0;0.02482906;1083.1128;4024.5388;-736.76;4994.682;-1.9966667;-5.637778
1953-02-04;-6.122538;-8.299642;-11.105901;745.18805;0.6982308;274.40472;100.0;0.1629703;196.89354;828.69464;0.1745522;0.030316412;0.0;0.11175871;0.11177361;0.0;0.16717613;1070.0934;3887.6023;-646.8461;5612.001;24.081112;-112.78667
1953-02-05;-6.046356;-7.4761147;-7.6387773;740.6704;0.9953532;196.66125;100.0;0.1651324;198.81639;829.95605;8.035205;-0.062189996;0.0;0.11125207;0.11126697;0.0;8.010067;846.11;3063.1077;-355.13;6242.392;-48.65889;-144.66667
1953-02-06;-7.245523;-8.677144;-6.3611946;738.865;0.67767924;176.1056;100.0;0.18967597;177.92511;1064.6566;27.528927;-0.0866577;0.0;0.11076033;0.11076033;0.0;27.513378;295.19278;1249.29;-183.95056;6401.233;-68.115555;-116.541115
1953-02-07;-6.9960494;-8.457649;-6.7957597;744.65485;0.96403795;222.30733;100.0;0.20084576;178.45277;1127.9703;1.3700008;-0.06527454;0.0;0.11025369;0.11026114;0.0;1.3603903;750.9717;3210.1206;-581.98474;5941.009;-51.0;-165.61
1953-02-08;-6.7270203;-8.285301;-6.8419356;746.8642;0.76244086;208.12407;100.0;0.20191061;186.38019;1085.4492;0.76402724;-0.066097826;0.0;0.10976195;0.10976195;0.0;0.7616505;737.9561;3073.5889;-579.0133;5951.3823;-49.75778;-146.94112
1953-02-09;-6.6607766;-7.6068635;-6.5768723;742.6141;1.0339807;209.3868;100.0;0.20685808;190.80402;1082.8857;16.54986;-0.06262772;0.0;0.109255314;0.109262764;0.0;16.543236;483.42166;1971.8767;-105.435555;6534.082;-48.164444;-163.72778
1953-02-10;-6.8988137;-7.9772644;-5.837499;736.2756;0.78875995;188.61064;100.0;0.24394274;175.57582;1386.434;37.84026;-0.064901076;0.0;0.10877848;0.108771026;0.0;37.833744;255.01889;1102.7828;-277.155;6322.4395;-50.52667;-100.452225
1953-02-11;-8.520141;-11.19059;-7.765619;738.74066;0.7497449;228.63893;100.0;0.2703103;169.3994;1594.4824;18.161364;-0.09520631;0.0;0.10827184;0.10828674;0.0;18.153234;653.7572;2840.879;-649.01526;5727.6235;-72.95;-159.22888
1953-02-12;-9.253288;-14.676559;-11.260804;743.32007;0.8591587;75.87674;100.0;0.27791288;175.79327;1584.432;0.018830378;-0.051331706;0.0;0.107795;0.107795;0.0;0.017534941;1093.9366;4687.0977;-1616.8911;4219.4795;-36.83889;-127.8
1953-02-13;-7.0452933;-19.61785;-15.755713;748.6535;1.1570791;47.764233;100.0;0.27790585;183.20213;1519.5719;0.0004261732;-0.045958906;0.0;0.10730326;0.10730326;0.0;0.0;1160.0366;4833.1523;-1428.5011;4130.6045;-32.613335;28.506666
1953-02-14;-4.585649;-18.481493;-17.041985;751.2729;1.15813;61.374928;100.0;0.27790895;188.71483;1474.9756;0.0008612871;-0.032283366;0.0;0.10681152;0.10681152;0.0;0.0;1222.8694;4959.69;-1469.735;4027.837;-21.858889;105.54444
1953-02-15;-3.9945323;-20.384302;-17.19239;753.11163;0.9981306;148.18172;100.0;0.27791122;193.58363;1438.0289;0.0021427867;-0.03834814;0.0;0.10633469;0.10633469;0.0;0.0;1111.8639;4394.7534;-1161.4238;4410.3413;-27.28;87.687775
1953-02-16;-2.9620082;-20.272486;-15.771802;752.3511;0.79083425;287.17258;100.0;0.27790383;198.37628;1403.4017;0.039571524;-0.025957823;0.0;0.10587275;0.10587275;0.0;0.037170947;1264.2289;4867.979;-858.0553;4960.697;-19.857779;13.388889
1953-02-17;-5.4920044;-9.530152;-10.6398115;746.83453;1.1439096;215.83098;100.0;0.2804929;202.71971;1384.8063;6.541452;-0.0039767474;0.0;0.105410814;0.105418265;0.0;6.534547;729.4711;2787.8254;-51.36028;6398.4;-3.0072222;-81.79222
1953-02-18;-4.7650757;-5.527954;-6.2730308;741.7868;1.0696422;197.643;100.0;0.29419598;203.0296;1447.1436;26.457607;-0.033649616;0.0;0.10496378;0.10495633;0.0;26.199337;494.56445;2014.2456;26.354166;6811.8755;-25.358889;-122.662224
1953-02-19;-5.7975564;-6.839854;-4.9012656;736.773;1.0852149;202.40489;100.0;0.3331714;194.14354;1714.8438;25.27878;-0.0938531;0.0;0.10450184;0.10450184;0.0;25.228098;657.57776;2874.899;-634.6028;6035.919;-71.77556;-165.31111
1953-02-20;-7.2747674;-9.796069;-7.000978;741.3787;0.96257144;150.58943;100.0;0.3397946;204.17479;1667.4805;0.6749034;-0.122839585;0.0;0.10403991;0.10404736;0.0;0.67195296;961.6939;4105.8477;-1136.0205;5220.967;-93.382225;-196.45778
1953-02-21;-8.709937;-10.608593;-9.966546;744.62164;0.975475;238.64024;100.0;0.34006324;213.34535;1595.9473;0.36372542;-0.032775104;0.0;0.10359287;0.10358542;0.0;0.35939366;1113.7189;4629.702;-964.0689;5197.778;-22.606667;-176.80333
1953-02-22;-7.207733;-9.063911;-9.086993;742.83966;1.0398821;222.88655;100.0;0.34054875;220.68227;1544.9625;0.63625246;-0.05631149;0.0;0.10314584;0.10314584;0.0;0.6315261;1127.6978;4580.89;-772.82;5581.6367;-40.98;-175.88667
1953-02-23;-7.302592;-8.823715;-7.7621827;738.0601;1.0527645;192.01338;100.0;0.34243724;226.72166;1511.5967;3.0817003;-0.113755465;0.0;0.1026839;0.10269135;0.0;3.0644536;943.05725;3778.5034;-575.66724;5911.183;-86.85167;-217.59334
1953-02-24;-7.943544;-9.618009;-7.3617654;735.1386;0.95580953;152.11766;100.0;0.34888086;227.68129;1531.4941;11.459887;-0.09608455;0.0;0.10225177;0.10225177;0.0;11.451818;709.1461;2908.37;-466.71695;6026.4644;-73.727776;-183.09889
1953-02-25;-8.896092;-10.887301;-7.7580543;744.65497;1.3175198;220.72945;100.0;0.3569181;227.15721;1572.9574;1.6244729;-0.14678761;0.0;0.10180473;0.101812184;0.0;1.612395;1159.8889;4867.9756;-978.08276;5374.4346;-111.905556;-276.21112
1953-02-26;-7.7952895;-11.85152;-9.110406;747.15753;0.8839493;125.81817;100.0;0.35735026;234.15785;1527.832;0.036668777;-0.07525459;0.0;0.1013726;0.10138005;0.0;0.034600496;1247.8528;5103.185;-1396.9645;4762.3677;-55.105556;-194.17334
1953-02-27;-6.336853;-16.80821;-11.738065;743.97675;1.0010618;77.91654;100.0;0.35734287;239.9798;1490.4785;0.0017139491;-0.078490004;0.0;0.100940466;0.100940466;0.0;0.0;1398.3334;5577.445;-1554.6539;4331.0835;-57.045555;-69.84556
1953-02-28;-5.1025834;-9.850063;-10.5563135;743.69025;0.6274655;111.157295;100.0;0.35912314;243.50128;1475.3824;4.2967887;-0.008404255;0.0;0.10052323;0.10051578;0.0;4.2617917;845.8233;3291.736;-222.31444;6176.471;-6.331111;-98.60222
1953-03-01;-4.139486;-4.8088684;-6.2195587;740.4045;0.80140823;110.76889;100.0;0.3900354;230.06085;1694.3766;59.178413;0.026708469;0.0;0.100106;0.100106;0.0;56.47506;202.1939;859.7883;16.792223;6774.757;20.87111;-11.386666
1953-03-02;-9.122063;-11.770738;-6.5950418;739.3933;1.0239015;217.0669;100.0;0.42170814;224.16534;1884.8063;0.8969188;-0.26114285;0.0;0.09968877;0.09968877;0.0;0.89228153;1134.3044;4861.609;-1213.2522;5076.699;-201.72667;-346.4689
1953-03-03;-9.5468;-11.687733;-9.26192;739.3354;0.81684273;87.146935;100.0;0.42341423;231.51073;1830.9326;2.752188;-0.11424534;0.0;0.099271536;0.099271536;0.0;2.7484894;980.3417;4100.3696;-863.0622;5348.3496;-87.19889;-243.06778
1953-03-04;-9.704127;-11.630581;-10.083152;738.35345;0.9525974;182.96704;100.0;0.42567003;236.89452;1798.6654;1.8236728;-0.049162656;0.0;0.098869205;0.098861754;0.0;1.8167012;1159.978;4792.65;-916.1289;5262.8877;-38.034443;-262.02777
1953-03-05;-10.200515;-12.993085;-10.134543;740.1285;0.9384213;180.50575;100.0;0.4267284;242.51332;1760.9863;1.4098873;-0.12467243;0.0;0.09846687;0.09846687;0.0;1.404237;1252.7775;5073.0234;-932.20886;5238.427;-97.634445;-293.0489
1953-03-06;-8.670211;-10.947792;-9.103039;743.5219;1.4634918;200.28511;100.0;0.42940292;245.49152;1750.1221;4.2676806;-0.15490967;0.0;0.09806454;0.09807199;0.0;4.2616725;1148.4532;4635.077;-498.63223;5913.8257;-121.46445;-305.2189
1953-03-07;-6.948652;-7.8859076;-7.3201675;740.6164;1.0258368;159.84576;100.0;0.44831046;236.76723;1890.4623;39.32776;-0.032121316;0.0;0.09769201;0.09767711;0.0;39.32187;466.3491;1955.5505;-91.025;6505.569;-25.132778;-152.41112
1953-03-08;-7.1903305;-9.147152;-6.842115;742.9008;0.85353214;153.34468;100.0;0.47855997;224.19725;2136.678;6.237918;-0.087596476;0.0;0.09728968;0.09728968;0.0;6.2317476;1100.093;4778.4316;-1184.6333;5224.782;-68.46555;-262.1189
1953-03-09;-6.8972144;-11.855958;-10.378552;750.48444;1.002395;81.75371;100.0;0.4800206;233.52602;2058.431;0.0017347947;-0.0040382147;0.0;0.0969097;0.0969097;0.0;1.4901161e-05;1438.5022;6096.0454;-1741.3994;4207.623;-2.5622222;-180.75223
1953-03-10;-5.1501756;-15.993435;-12.044892;748.2359;0.81301934;170.38193;100.0;0.48002875;240.72264;1996.2565;0.068458915;-0.041097403;0.0;0.09652972;0.09652972;0.0;0.06712228;1410.9456;5816.8;-1146.9878;4884.2886;-31.577778;-138.96
1953-03-11;-3.5654805;-7.449468;-8.633824;745.3143;0.7640007;169.8157;100.0;0.4830549;246.14972;1962.4838;14.40813;0.0056140125;0.0;0.09614229;0.09614974;0.0;13.686467;1151.9164;4622.62;-304.17;6348.6846;4.9555554;-186.15778
1953-03-12;-4.7757926;-5.9060645;-4.7577934;736.37695;1.268205;204.94556;100.0;0.5187248;237.84503;2177.653;36.594635;-0.097024255;0.0;0.09576976;0.09576976;0.0;36.072773;572.5625;2480.4866;-264.47168;6568.9824;-76.12334;-192.98666
1953-03-13;-10.004676;-12.174085;-6.5195746;736.43646;1.4294327;207.04297;100.0;0.5413767;235.54523;2299.1536;10.8454275;-0.2554152;0.0;0.095397234;0.095404685;0.0;10.838479;1068.1731;4629.6416;-871.55054;5511.3745;-200.63167;-485.7989
1953-03-14;-11.111149;-14.266442;-9.720245;741.4462;1.0776161;209.91106;100.0;0.545367;242.32355;2252.5635;2.0528443;-0.12918189;0.0;0.095039606;0.095032156;0.0;2.031438;1383.7709;5884.567;-1250.4939;4816.331;-101.12945;-342.93
1953-03-15;-10.2769;-13.177043;-9.724389;738.91016;1.1103941;118.11254;100.0;0.54984695;245.76593;2238.4846;5.143514;-0.11965819;0.0;0.094652176;0.09466708;0.0;5.129993;909.05;3825.5522;-759.925;5474.2734;-93.84889;-261.75888
1953-03-16;-10.675498;-18.957922;-12.620189;741.7803;1.1476678;84.43736;100.0;0.5522042;251.00844;2202.2705;0.0004411832;-0.058936886;0.0;0.09430945;0.094302;0.0;0.0;1583.6041;6579.15;-1913.6167;3774.0168;-45.650555;-237.42555
1953-03-17;-9.430878;-17.621904;-14.681274;744.7867;1.159905;56.478313;100.0;0.5521791;256.4313;2154.9885;0.0060622413;-0.01399219;0.0;0.09396672;0.09393692;0.0;0.0026375055;1628.6958;6602.868;-1582.7189;4105.349;-10.376111;-188.74333
1953-03-18;-7.8657403;-11.468494;-13.030582;745.8865;1.5471679;39.703033;100.0;0.5534889;260.45346;2125.3254;7.2169333;-0.0015283003;0.0;0.09357929;0.09357929;0.0;7.2009563;1333.2225;5260.3555;-562.85474;5599.3545;-0.7505556;-153.52333
1953-03-19;-5.225352;-7.0070114;-8.720813;741.75006;0.8054454;132.93332;100.0;0.5653871;257.74414;2194.4172;6.277143;-0.00062584877;0.0;0.093221664;0.093229115;0.0;6.101586;819.8345;3460.2825;-317.69583;6236.6396;-0.18111111;-133.795
1953-03-20;-5.743561;-7.3221436;-6.9384995;739.39325;0.7022174;142.72247;100.0;0.5712875;262.28256;2178.711;8.382577;-0.06735604;0.0;0.09286404;0.09287894;0.0;8.24349;1084.6239;4532.943;-693.96;5872.8564;-52.573334;-250.97888
1953-03-21;-7.41688;-9.938308;-7.0970063;740.28925;0.7545839;105.82324;100.0;0.5791528;264.51758;2190.511;5.214758;-0.11298619;0.0;0.09252131;0.09252131;0.0;5.2075534;1166.2367;4938.9346;-1059.1461;5330.7;-88.39778;-292.22223
1953-03-22;-7.58446;-10.905299;-8.021846;743.0217;0.879419;109.28885;100.0;0.5812505;270.29004;2151.53;4.1442156;-0.11450518;0.0;0.09217858;0.09217858;0.0;4.127568;1440.8589;5973.8784;-1100.3278;5292.298;-89.435555;-339.81668
1953-03-23;-8.219818;-11.299687;-8.259887;739.57056;0.8298981;147.91792;100.0;0.5974705;262.5189;2274.1292;21.767256;-0.06289035;0.0;0.09183586;0.09183586;0.0;21.669168;809.5939;3460.89;-740.5322;5596.9067;-49.184444;-173.73222
1953-03-24;-9.493687;-14.868426;-9.382797;741.5019;0.85490847;75.449135;100.0;0.60653;263.35776;2305.7048;0.18742236;-0.103017315;0.0;0.09149313;0.09150058;0.0;0.18478185;1445.5189;6183.3906;-1358.2439;4809.453;-80.36444;-350.87332
1953-03-25;-8.08394;-13.688552;-11.363022;745.1728;0.9164543;186.9157;100.0;0.60657567;269.86978;2249.6746;0.001001358;-0.03015995;0.0;0.091165304;0.0911504;0.0;0.00015646219;1676.1333;6968.0273;-1709.5466;4214.685;-22.992222;-253.76445
1953-03-26;-6.3078103;-15.303401;-11.938557;745.52313;0.900184;133.94403;100.0;0.606554;275.30045;2205.485;0.0013455338;-0.03189966;0.0;0.09082258;0.09082258;0.0;5.2154064e-05;1710.6389;6924.6035;-1596.1884;4376.686;-24.33;-208.10889
1953-03-27;-4.1656456;-13.306782;-11.823199;751.8494;1.0643467;99.904015;100.0;0.60654026;280.25748;2166.0156;0.0025718028;-0.018497929;0.0;0.09047985;0.09047985;0.0;0.0;1792.6711;7067.621;-1597.5094;4446.208;-13.73;-163.03111
1953-03-28;-2.1345596;-11.30886;-10.965851;752.78174;0.92195606;196.00233;100.0;0.6065281;285.0804;2129.2317;0.0028169625;-0.03395602;0.0;0.090152025;0.090152025;0.0;0.00023841858;1830.9155;7037.4873;-1500.3894;4687.047;-25.882223;-154.02556
1953-03-29;-3.4709575;-8.673268;-9.7725525;750.27686;0.9911042;158.97925;100.0;0.60650426;290.01236;2092.8547;0.0023596466;-0.038057566;0.0;0.0898242;0.0898242;0.0;0.00019744039;1888.2927;7079.5537;-1581.4183;4689.835;-29.188889;-211.97556
1953-03-30;-4.2293396;-10.074025;-9.199317;748.9007;1.0350212;79.19441;100.0;0.6064895;294.91342;2058.553;0.056284666;-0.0724867;0.0;0.089496374;0.089496374;0.0;0.007595867;1820.6578;6668.8057;-1495.336;4821.8394;-56.275555;-210.66112
1953-03-31;-2.7143757;-9.642274;-8.796295;750.43195;1.0067033;122.62855;100.0;0.6064798;299.67935;2025.7975;0.0012775909;-0.026289374;0.0;0.08918345;0.08916855;0.0;0.0;2050.3794;7331.7734;-1863.3234;4445.598;-19.806667;-200.40666
1953-04-01;-0.82387286;-8.697731;-7.09308;751.1026;0.8645107;131.38054;100.0;0.60722864;303.89096;1999.5117;3.371179;-0.07569045;0.0;0.088855624;0.08884817;0.0;2.9994473;1593.5723;5566.8994;-583.1347;6154.503;-58.737778;-153.69556
1953-04-02;-1.2451884;-2.237671;-2.5619507;746.88104;0.69893026;140.18521;100.0;0.623939;300.32748;2075.765;30.93712;-0.03313087;0.011123717;0.099644065;0.0885278;0.0;27.013517;796.0278;3228.4255;-222.40527;6910.987;-25.682222;-159.15
1953-04-03;-1.8173523;-5.3488564;-1.1700796;748.8963;0.80950576;159.93008;100.0;0.6406492;299.7412;2140.503;0.12521446;-0.26474333;0.017359853;0.10557473;0.088214874;0.26885048;0.11727214;1764.6367;6569.895;-1353.5072;5641.078;-207.30112;-380.4511
1953-04-04;-1.1336365;-5.7931924;-1.4635187;750.52563;0.96161413;103.80137;100.0;0.6403561;309.58658;2071.3704;0.01924038;-0.14317222;0.006571412;0.09447336;0.0878945;0.09926036;0.0012032688;2188.1877;7035.226;-1768.3772;5108.5977;-111.424446;-307.9689
1953-04-05;-1.5690918;-6.0202127;-1.0945231;750.46014;1.081168;73.37299;100.0;0.64001566;319.37402;2006.6324;0.1309216;-0.1810314;0.037029386;0.12463331;0.087581575;0.4469417;0.00046938658;2370.6584;6819.2573;-1653.4825;5290.195;-141.17667;-314.91888
1953-04-06;-1.1818237;-4.7154746;-0.5156047;748.7622;0.9946498;65.02747;100.0;0.63933486;329.47427;1942.9932;0.4526019;-0.33836997;0.08967519;0.17696619;0.08726865;1.0013468;0.05265698;2268.375;5909.774;-1269.9833;5840.8335;-265.20944;-322.64557
1953-04-07;-1.5797323;-6.4389343;-0.36797842;747.1121;0.97748274;78.87505;100.0;0.6364327;338.7477;1881.0629;0.0389874;-0.49681497;0.41939318;0.50637126;0.08696318;4.2475314;0.027690083;2887.0583;6998.7446;-1780.5653;5232.6543;-389.61612;-398.13556
1953-04-08;-1.3080648;-6.8499856;-0.41350302;747.57025;1.021969;71.75913;100.0;0.6317915;347.2396;1821.5739;0.0076770782;-0.52104986;0.4284531;0.51508844;0.0866577;4.1829066;0.004656613;3089.8706;7090.8203;-1804.1936;5249.183;-408.5289;-386.68527
1953-04-09;-0.60499066;-3.5507305;-0.27493796;746.1333;1.3311862;39.347237;100.0;0.62669414;355.18423;1766.276;1.0800391;-0.4017353;0.62152743;0.70789456;0.08635968;5.197754;0.097706914;2335.6262;5148.4565;-916.1414;6306.08;-315.0478;-292.89
1953-04-10;-0.6896464;-4.2870584;-0.16993205;745.96313;1.3854464;31.158613;100.0;0.6192976;361.24155;1716.0645;0.72594917;-0.49320424;1.1027455;1.1888146;0.086054206;9.44461;0.29584765;2472.9006;5363.977;-1148.6089;6032.671;-386.8272;-297.71
1953-04-11;1.1251425;-4.911855;-0.30136618;748.42487;1.0379447;91.63682;100.0;0.60814476;367.74283;1655.6803;0.0008642673;-0.19171648;1.6553551;1.7411113;0.08576363;12.630984;0.0;3593.8162;7584.0996;-2027.6461;5120.21;-148.73889;-287.9111
1953-04-12;1.9406027;-6.1197915;-0.3250389;748.4607;1.1446912;80.05721;100.0;0.59542984;374.84927;1590.1693;0.0021338456;-0.23633707;2.0504892;2.1359622;0.08546561;12.471726;0.0;3714.775;7673.7456;-2064.2988;5089.54;-183.75278;-249.58
1953-04-13;3.059255;-3.9581604;-0.25290808;748.42413;0.8894138;214.40074;100.0;0.5818662;381.82162;1525.6754;2.2892296;-0.24009961;3.0471385;3.1323433;0.08518994;14.176347;0.0;3663.1045;7443.234;-1632.7964;5627.1484;-186.76;-260.22278
1953-04-14;0.9314575;-0.6659953;-0.035247803;748.4988;0.7656336;122.07855;100.0;0.57128674;387.39453;1475.9115;18.761337;-0.150471;5.8118253;5.896777;0.08492917;11.596782;0.26046485;1885.4661;3777.9722;-548.25525;6832.463;-115.47889;-167.12
1953-04-15;0.7654317;-1.7615051;-0.077794395;750.898;0.8158254;89.90305;100.0;0.560426;389.49936;1439.982;9.755224;-0.19349717;5.6304035;5.744129;0.11372566;13.1068735;0.41778758;2077.1577;4258.3525;-941.0139;6319.2656;-148.42389;-197.78111
1953-04-16;2.5926208;-3.0895283;-0.21009953;753.88873;1.1335222;87.46255;100.0;0.5444394;394.03745;1383.5043;0.0026499499;-0.19426085;5.8890285;5.9823394;0.09330362;18.113419;0.0;3770.16;7626.7354;-1774.3284;5518.243;-143.60889;-234.71666
1953-04-17;2.4412334;-6.1524863;-0.2572619;752.9294;1.1248962;66.81468;100.0;0.52751684;400.07095;1320.0684;0.00044214635;-0.38652682;5.0775557;5.162254;0.08469075;16.241941;0.0;3948.9307;7894.5273;-1974.3667;5246.3105;-278.46613;-137.99333
1953-04-18;2.6551716;-4.43808;-0.2261378;750.5306;1.1222103;95.37973;100.0;0.5107828;406.3623;1258.3414;0.0004351138;-0.38714707;5.7009754;5.820796;0.11982769;16.797894;0.0;3887.835;7701.027;-1763.5797;5502.8433;-279.47888;-153.35889
1953-04-19;2.687266;-4.453054;-0.16765468;746.4881;1.0924324;109.99148;100.0;0.4936142;412.18228;1198.7305;0.34546256;-0.5105073;5.8631;6.119937;0.25685132;16.895607;0.0;3772.4395;7418.77;-1581.402;5726.1104;-376.59167;-147.50778
1953-04-20;0.78828937;-3.3133748;-0.14550655;743.21075;1.258317;162.57732;100.0;0.47830257;416.78745;1148.6816;1.3522804;-0.7427372;4.3374004;4.495591;0.15822053;14.890686;0.0140964985;3565.5078;6972.0635;-1498.7675;5750.11;-563.7461;-280.0178
1953-04-21;-2.4806416;-4.1525064;-0.21368282;745.05914;0.81782025;161.19429;100.0;0.47076187;418.90918;1123.942;4.981351;-0.5940683;1.6562641;1.7443895;0.08812547;5.3770432;3.3777616;2518.3533;5018.997;-1123.2328;5986.481;-455.08777;-424.65668
1953-04-22;-1.1048177;-5.4398704;-0.22151566;749.0483;1.0117844;125.90436;100.0;0.4653566;420.80566;1106.6895;0.028860569;-0.84091073;2.2587478;2.3624153;0.10368228;8.213737;0.003091991;3363.3528;7549.4565;-1655.1481;5474.7646;-639.21;-438.65668
1953-04-23;1.6240133;-4.0611978;-0.20837784;748.4676;1.018616;101.9318;100.0;0.45483258;427.15854;1065.9586;1.5212446;-0.48158598;3.995791;4.0929914;0.097200274;12.309805;0.004887581;3473.9128;7528.009;-1553.9283;5696.2446;-353.35278;-192.78555
1953-04-24;0.5017192;-3.1532795;-0.116869606;746.1462;1.1658846;188.30989;100.0;0.44268748;431.5013;1027.2217;1.7250849;-0.7111672;4.8607364;5.1649957;0.30425936;14.988491;0.0;3508.0532;7392.7217;-1695.8975;5500.622;-538.12555;-313.07443
1953-04-25;-0.47466025;-3.801463;-0.21563213;746.36005;1.1110412;116.49886;100.0;0.4312618;436.82455;988.44403;0.9650171;-0.75641274;3.092453;3.2236874;0.13124943;9.414781;0.088237226;3266.0195;6738.223;-1337.3461;5848.5547;-574.9178;-338.93222
1953-04-26;0.13722737;-3.0692546;-0.16590118;747.39044;1.0933408;102.97727;100.0;0.42049623;441.81738;952.88086;0.92963874;-0.67389476;4.510477;5.0626845;0.55222213;12.505263;0.103749335;3419.71;7005.487;-1540.8439;5665.971;-509.58444;-298.7311
1953-04-27;-0.04932658;-4.560984;-0.2203598;748.7224;1.0295802;84.97146;100.0;0.4077429;447.04785;912.96387;0.02387464;-0.6181579;4.477188;4.615471;0.13828278;12.747153;0.0;3564.2979;7196.9326;-1686.9303;5492.7646;-463.99445;-258.58334
1953-04-28;1.6704305;-2.8607788;-0.234581;749.5251;1.0986294;89.83536;100.0;0.39289626;449.73145;874.5117;0.0016480681;-0.561852;5.7283936;6.457031;0.7286295;15.756935;0.0;4017.7456;8021.209;-1851.7219;5380.2876;-416.3439;-213.34889
1953-04-29;2.5179443;-1.9833883;-0.22420502;749.2774;1.1130213;114.05047;100.0;0.37606943;450.0;836.4665;0.0020503998;-0.4731873;6.4715443;6.7024527;0.23091584;17.162605;0.0;3859.4656;7637.028;-1672.598;5587.7754;-347.1011;-177.90666
1953-04-30;2.8955078;-2.3035176;-0.21262105;750.27094;1.1856053;101.27709;100.0;0.35793588;450.0;796.1833;0.14983118;-0.55582917;7.5089636;8.399099;0.8901283;18.252678;0.0;3980.0183;7820.701;-1683.1194;5627.2227;-410.77777;-173.94444
1953-05-01;3.9088237;-2.90802;-0.19411977;750.9785;1.0496601;93.74994;100.0;0.3382888;450.0;752.8076;0.08228695;-0.4292326;8.76765;9.919241;1.1515915;20.291508;0.0;4032.685;7881.6733;-1484.2491;5915.63;-309.34778;-157.40666
1953-05-02;3.4745483;-0.28938803;-0.09021632;747.8081;1.0864757;102.459564;100.0;0.3164041;450.0;704.0202;4.7533298;-0.3655292;11.415214;13.379887;1.9646734;23.157806;0.0;3611.9905;7030.7427;-1114.7753;6338.136;-264.19168;-166.31
1953-05-03;3.0258281;-0.369517;-0.1352361;744.4909;1.3583447;232.86859;100.0;0.29510963;450.0;656.9417;3.6752522;-0.5023433;9.535536;10.821968;1.2864321;20.239517;0.0;3509.945;6806.8516;-1223.6119;6154.717;-374.52554;-174.06667
1953-05-04;1.5306702;-3.0425415;-0.23615392;746.1045;0.9564331;118.731865;100.0;0.2778645;450.0;618.16406;0.06683469;-0.73073244;5.9243145;6.395504;0.47118962;15.721958;1.4901161e-05;3949.3877;7641.7734;-1587.8486;5681.4277;-550.63947;-273.65332
1953-05-05;2.5564373;-3.2816975;-0.2509575;748.5036;0.9705462;175.71764;100.0;0.25970507;450.0;577.88086;0.0021487467;-0.7360596;7.418528;8.644059;1.2255237;18.908579;0.0;4213.1846;8134.9546;-1873.6989;5408.162;-552.23444;-242.82666
1953-05-06;3.8739421;-1.813497;-0.32273993;747.16675;0.80098397;149.54588;100.0;0.24300532;450.0;540.6087;2.1109433;-0.3452804;7.286474;8.485302;1.1988208;17.816908;0.0;3204.7688;6176.939;-1273.5778;6023.3823;-249.98;-119.48333
1953-05-07;3.1171062;-3.0249634;-0.27348328;743.9755;1.4204593;174.63763;100.0;0.22566772;450.0;502.11588;0.22714138;-0.88329333;6.306186;7.174194;0.86799264;16.276941;0.0;3967.024;7636.915;-1415.2145;5946.8;-669.7267;-164.16556
1953-05-08;2.855133;-0.99397784;-0.22309239;747.2945;0.88555795;158.81322;100.0;0.20524351;450.0;457.2347;0.057315826;-0.5957764;9.089485;10.418445;1.3289601;22.195496;0.0;4052.7966;7796.0474;-1518.9708;5844.991;-443.12;-230.97223
1953-05-09;3.1183674;-2.5802612;-0.36408234;748.35474;1.0210007;193.66844;100.0;0.18483205;450.0;411.66177;0.029104948;-0.59022474;7.662863;9.115786;1.4529228;19.104368;0.0;4061.3271;7805.6455;-1607.2594;5721.9624;-437.5839;-190.99556
1953-05-10;4.607554;-0.82595825;-0.39390436;749.70825;1.0803748;123.51376;100.0;0.16333008;450.0;364.05435;0.007189321;-0.490129;9.812146;11.51976;1.7076135;23.019753;0.0;4274.0513;8209.315;-1683.8195;5678.0933;-356.62332;-159.50444
1953-05-11;5.6123962;-1.4935608;-0.5261676;750.10516;1.2447642;190.9103;100.0;0.13964789;450.0;311.44205;0.0004351138;-0.521943;10.504871;13.107002;2.60216;23.630287;0.0;4367.17;8384.171;-1852.605;5507.8564;-380.60333;-102.84778
1953-05-12;4.9301963;-2.913808;-0.8862648;749.67377;1.197691;98.02368;100.0;0.11519674;450.0;257.24283;0.0012874597;-0.43639356;10.836318;14.045358;3.209047;24.580929;0.0;4470.141;8568.002;-2055.9634;5228.499;-312.2622;-107.958885
1953-05-13;5.978892;-2.33667;-1.035984;749.539;1.1855167;99.51385;99.81747;0.089672446;450.0;200.52083;0.03694594;-0.21501072;11.448279;16.02605;4.5777636;25.673162;0.0;4168.9565;7988.561;-1636.3922;5732.1084;-157.4311;-179.17778
1953-05-14;5.884359;-1.6959025;-1.2263578;749.9665;1.2816168;130.86086;98.005615;0.06414143;450.0;143.55469;0.6650388;-0.290771;10.064215;14.821574;4.757367;24.822596;0.0;4016.3916;7627.4634;-1570.9294;5797.094;-215.28833;-184.80667
1953-05-15;6.8757224;-1.2127279;-1.4849752;752.13477;1.1389071;94.53595;78.55371;0.039638042;450.0;89.029945;0.08417964;-0.529171;10.763868;17.350018;6.586142;23.784492;0.0;4587.187;8128.5405;-1646.4116;5863.013;-372.4761;-278.2489
1953-05-16;8.442576;-1.4004517;-1.3194847;753.1917;1.0442995;96.00622;47.38737;0.02162834;450.0;48.665363;1.4895439;-1.254173;5.258344;12.461201;7.2028637;14.105141;0.0;4778.3794;7265.6016;-1703.5297;6080.12;-872.7967;-322.97223
1953-05-17;9.940267;-2.6956482;-1.0650469;754.42706;1.2259995;102.0141;24.902914;0.010842085;450.0;24.454752;0.042432547;-2.4277997;2.9464588;10.143503;7.1970673;8.72298;0.0;5773.922;7988.3193;-2002.9214;6081.6724;-1688.5172;-394.01
1953-05-18;10.573975;0.25634766;-0.48145294;753.66;1.144029;66.86492;10.899658;0.004719615;450.0;10.620117;0.6650537;-2.962835;1.5325844;8.658394;7.1258097;4.441753;0.0;5879.1694;7708.8535;-1950.2803;6424.435;-2058.5195;-517.9733
1953-05-19;10.847554;-0.42241415;-0.31133142;753.5938;1.1550597;98.31891;4.3842773;0.0018967787;450.0;4.3945312;0.054697357;-3.3506155;0.54098666;7.514328;6.973341;1.8286183;0.0;6043.6973;7725.9326;-2262.1272;6182.9995;-2327.7178;-649.5389
1953-05-20;11.000539;-1.5375265;-0.2636299;753.82446;1.1830797;94.97698;1.7127279;0.00073862076;450.0;1.7496744;0.0020681492;-3.8063507;0.20496547;6.949499;6.744541;0.77053535;0.0;6574.3794;8316.632;-2470.362;6065.588;-2644.2722;-716.5378
1953-05-21;9.571655;1.9935913;-0.09194946;752.3835;1.1238191;61.46367;0.63826495;0.0002757708;450.0;0.28483072;0.70788264;-3.1777909;0.18876791;6.647885;6.459117;0.27694926;0.0;5614.2485;7068.3945;-2111.0417;6436.96;-2207.4866;-718.9289
1953-05-22;9.207326;2.2180889;-0.05494817;751.6058;0.98990995;93.130165;0.2500814;0.000108361244;450.0;-7.345365e-21;3.416403;-2.9167607;0.65106153;6.7949443;6.1438904;0.10407716;0.0;5332.36;6697.105;-2107.344;6395.0166;-2026.1611;-744.06555
1953-05-23;8.344208;1.7680664;-0.035764057;751.65283;1.125259;70.11704;0.09781901;4.251798e-05;450.0;-7.345365e-21;0.5294323;-3.53128;0.09012222;5.907819;5.817689;0.043690205;0.0;5829.4688;7310.0547;-1970.3961;6541.029;-2453.0579;-983.95886
1953-05-24;8.388082;1.5183411;-0.07096863;751.7881;1.2406517;95.48999;0.036783855;1.5974045e-05;450.0;-7.345365e-21;0.33870637;-3.43966;0.04954636;5.5463314;5.4967775;0.016506761;0.0;5942.3057;7441.9746;-2092.09;6437.311;-2389.4167;-1041.3267
1953-05-25;8.161702;-2.4177246;-0.088075005;752.1407;1.2537793;133.774;0.013590495;5.920728e-06;450.0;-7.345365e-21;0.13077259;-3.6816196;0.017821789;5.2076283;5.189806;0.0060126185;0.0;6355.708;7950.5557;-2290.5789;6145.3345;-2557.5012;-1219.0978
1953-05-26;9.625397;-2.4664814;-0.22819646;750.2827;1.3437667;151.71211;0.005452474;2.503395e-06;450.0;-7.345365e-21;0.30915737;-3.4518633;0.037916005;4.9392433;4.901327;0.0023022294;0.0;6173.491;7714.259;-2310.784;6155.398;-2397.8955;-1095.0022
1953-05-27;6.2539163;-1.2505697;-0.19038264;748.1015;1.0951914;125.43932;0.0020345051;7.549922e-07;450.0;-7.345365e-21;2.5558345;-2.6818347;0.33548474;4.969597;4.6341195;0.0007972121;0.0;5255.974;6560.1777;-1998.8181;6246.7944;-1862.9811;-1237.8467
1953-05-28;7.1297507;-0.20603435;-0.10152308;748.3308;1.1418787;124.59027;0.0;-7.3453654e-25;434.84244;-7.345365e-21;0.25191307;-3.1940956;0.028818846;4.4166446;4.387826;0.00040605664;0.0;5869.5527;7318.5234;-1954.7894;6460.656;-2218.8323;-1327.7556
1953-05-29;6.5934143;1.1107788;-2.4018452;747.4716;1.0704962;126.775505;0.0;-7.3453654e-25;311.13443;-7.345365e-21;5.459669;-2.5926735;0.7317364;4.892364;4.160628;0.0001527369;0.0;5271.314;6565.8657;-1980.335;6333.6084;-1801.0444;-1307.9478
1953-05-30;5.2213235;1.8157247;-3.018851;749.00104;1.0700775;178.55598;0.0;-7.3453654e-25;159.21938;-7.345365e-21;4.3370576;-2.6186352;0.5455911;4.4987946;3.9532037;7.0780516e-05;0.0;5362.725;6672.528;-1890.7106;6344.11;-1819.0778;-1463.9011
1953-05-31;7.489034;1.7749227;-0.88579684;751.19696;1.1214414;50.502823;0.0;-7.3453654e-25;153.41893;-7.345365e-21;0.6385982;-3.0176864;0.07214397;3.833674;3.7615373;2.9802322e-05;0.0;5414.279;6729.5977;-1873.3306;6565.8813;-2096.2866;-1085.9678
1953-06-01;7.85377;4.21932;0.00786972;750.75854;1.1554568;66.622314;0.0;-7.3453654e-25;143.25258;-7.345365e-21;4.654717;-2.7325442;0.6505102;4.234105;3.5836174;1.1175871e-05;0.0;4975.0273;6176.86;-1615.0167;6906.652;-1898.2078;-1089.2722
1953-06-02;10.388326;1.2155355;-0.281854;749.7984;1.0919472;117.6256;0.0;-7.3453654e-25;115.023415;-7.345365e-21;0.0756681;-3.929045;0.007838011;3.426522;3.4186988;3.7252903e-06;0.0;6328.299;7849.12;-2067.077;6612.4644;-2729.3767;-1138.9255
1953-06-03;11.167949;-2.7762654;-0.12440745;749.7413;1.2062675;130.40121;0.0;-7.3453654e-25;100.878235;-7.345365e-21;0.0;-3.9841385;0.0;3.2646208;3.2646134;0.0;0.0;6896.675;8545.158;-2732.1387;5883.9824;-2767.649;-1147.5945
1953-06-04;10.719788;-3.559204;0.009648641;751.5952;1.181701;100.87027;0.0;-7.3453654e-25;99.99998;-7.345365e-21;0.0;-3.9397478;0.0;3.1211228;3.1211228;0.0;0.0;7038.96;8712.279;-2834.79;5789.8457;-2736.811;-1055.7966
1953-06-05;11.379781;4.159658;0.010049184;754.1584;1.3615707;75.683205;0.0;-7.3453654e-25;99.99998;-7.345365e-21;1.933527;-3.3773873;0.22754073;3.215462;2.9879212;0.0;0.0;6092.2676;7532.6665;-2049.39;6796.9365;-2346.159;-1104.2467
1953-06-06;9.538788;5.094126;0.009894053;752.6296;0.9562228;87.34254;0.0;-7.3453654e-25;99.99998;-7.345365e-21;14.136148;-2.6991851;1.8222183;4.6880245;2.8657913;0.0;0.0;4928.348;6086.878;-1651.4639;7079.3315;-1875.0333;-1191.8445
1953-06-07;10.002045;3.9460652;0.010227203;750.6606;1.1780719;104.87396;0.0;-7.3453654e-25;99.99998;-7.345365e-21;3.6420946;-3.5190377;0.44994056;3.202796;2.7528703;0.0;0.0;5641.863;6960.9287;-1871.2744;6843.91;-2444.5579;-1131.6466
1953-06-08;8.23644;3.0483704;0.010002136;748.4903;1.3559805;121.12751;0.0;-7.3453654e-25;99.99998;-7.345365e-21;2.7420135;-3.400785;0.3232062;2.9699504;2.6467443;0.0;0.0;5891.205;7260.921;-1876.1289;6750.8257;-2362.412;-1412.5344
1953-06-09;8.030721;4.3605347;0.009980519;748.3987;1.2326783;50.019024;0.0;-7.3453654e-25;100.00779;-7.345365e-21;5.6903453;-2.7020407;0.7458925;3.2939017;2.5480242;0.0;0.0;4710.1567;5798.927;-1567.5255;6979.539;-1877.0178;-1106.8778
1953-06-10;8.662343;2.081889;0.0102335615;748.9204;1.2039212;103.049416;0.0;-7.3453654e-25;99.99998;-7.345365e-21;1.4677644;-3.2522624;0.17116964;2.6269555;2.455771;0.0;0.0;5548.7827;6824.6787;-1952.2866;6599.32;-2259.2388;-1160.3867
1953-06-11;11.646504;-0.52751666;0.010152181;751.1756;1.3326908;135.96674;0.0;-7.3453654e-25;99.99998;-7.345365e-21;0.27877092;-3.9801245;0.028058887;2.3961663;2.3681073;0.0;0.0;6454.368;7930.3667;-2363.1807;6327.325;-2764.86;-977.7167
1953-06-12;12.771342;-1.7953491;0.010017395;751.65326;1.1849364;115.63505;0.0;-7.3453654e-25;99.99998;-7.345365e-21;0.30973554;-4.025554;0.029861927;2.3147762;2.2848992;0.0;0.0;6575.0938;8070.1255;-2503.6223;6297.708;-2796.419;-898.08
1953-06-13;11.30603;-2.3811238;0.010009766;749.3702;1.4436909;148.54713;0.0;-7.3453654e-25;99.99998;-7.345365e-21;0.006863475;-4.006853;0.00064074993;2.2069068;2.2062733;0.0;0.0;6975.747;8552.985;-2736.4912;5956.805;-2783.4277;-1249.7189
1953-06-14;9.998352;-1.3772684;0.010194142;748.2409;1.2737883;159.28217;0.0;-7.3453654e-25;99.99998;-7.345365e-21;0.0025900053;-3.5658338;0.00023841858;2.1321774;2.1319613;0.0;0.0;6918.3813;8473.831;-2701.8489;5919.3438;-2477.0667;-1520.6622
1953-06-15;10.654358;-2.4019573;0.009979248;748.7952;1.0205936;173.80444;0.0;-7.3453654e-25;99.99998;-7.345365e-21;0.06756121;-3.5301018;0.005811453;2.067417;2.0616055;0.0;0.0;6712.5854;8213.162;-2616.946;6113.074;-2452.2434;-1301.2733
1953-06-16;11.0807085;-1.5938822;0.009936015;751.53094;1.4079925;124.62183;0.0;-7.3453654e-25;99.99998;-7.345365e-21;0.00085532654;-3.4889095;7.4505806e-05;1.9948184;1.9947515;0.0;0.0;6988.0854;8549.19;-2745.8093;6030.832;-2423.629;-1495.7567
1953-06-17;13.233998;-1.0258484;0.01003011;752.0944;1.1268322;167.64517;0.0;-7.3453654e-25;99.99998;-7.345365e-21;0.0017069542;-3.4920611;0.00013411045;1.9311756;1.9310341;0.0;0.0;6956.6934;8509.673;-2795.341;6186.7275;-2425.8179;-1268.68
1953-06-18;14.299418;-1.4635111;0.010121663;751.09784;1.4558214;138.76968;0.0;-7.3453654e-25;99.99998;-7.345365e-21;0.0017448128;-3.390385;0.00014901161;1.8703938;1.8702745;0.0;0.0;6971.6016;8526.807;-2804.9238;6249.493;-2355.1877;-1402.85
1953-06-19;13.852864;-3.0919087;0.009830475;750.97296;1.2048993;127.045616;0.0;-7.3453654e-25;99.99998;-7.345365e-21;0.0013086556;-3.1848643;8.940697e-05;1.812458;1.8123537;0.0;0.0;7153.6787;8748.389;-3095.1233;5939.987;-2212.419;-1489.7877
1953-06-20;13.683614;-2.4550273;0.009976705;751.4661;1.175797;127.742714;0.0;-7.3453654e-25;99.99998;-7.345365e-21;0.0025813233;-2.9949155;0.0001937151;1.7572492;1.7570555;0.0;0.0;7096.314;8677.103;-3055.0818;6058.961;-2080.4678;-1552.3989
1953-06-21;14.572886;-1.4150594;0.010124207;750.2588;1.1022058;124.91619;0.0;-7.3453654e-25;99.99998;-7.345365e-21;0.0008583069;-2.9098513;5.9604645e-05;1.704216;1.704149;0.0;0.0;7042.2656;8609.888;-2974.0872;6337.7744;-2021.3778;-1500.5878
1953-06-22;15.345103;-2.0216675;0.009944916;749.32635;1.3303051;162.84729;0.0;-7.3453654e-25;99.99998;-7.345365e-21;0.0;-2.7119565;0.0;1.6534851;1.6534851;0.0;0.0;7053.552;8622.564;-3128.2004;6262.519;-1883.9055;-1620.8622
1953-06-23;14.6466875;-5.656555;0.010054271;748.48724;1.3911756;169.17094;0.0;-7.3453654e-25;99.99998;-7.345365e-21;0.0017225739;-2.4235733;0.00011175871;1.6051829;1.6050711;0.0;0.0;7145.32;8733.615;-3302.4407;5972.7095;-1683.5756;-1804.0612
1953-06-24;14.724111;-2.599223;0.010312398;748.5601;1.0777175;99.939644;0.0;-7.3453654e-25;99.99998;-7.345365e-21;0.013321637;-2.2504394;0.00081956387;1.5595704;1.5587285;0.0;0.0;6885.367;8414.723;-3069.2144;6358.453;-1563.3055;-1748.4889
1953-06-25;15.842753;-0.5508423;0.010084788;749.0989;1.2221081;111.32578;0.0;-7.3453654e-25;99.99998;-7.345365e-21;0.03387928;-2.117565;0.002026558;1.5163571;1.514338;0.0;0.0;6754.796;8254.045;-2994.1711;6583.4683;-1471.0022;-1774.5712
1953-06-26;15.3246355;-0.27289835;0.00959142;748.9673;1.304066;158.39589;0.0;-7.3453654e-25;99.99998;-7.345365e-21;0.0038385391;-1.9776253;0.00025331974;1.4720112;1.4717579;0.0;0.0;6758.0615;8257.047;-2951.9805;6616.16;-1373.79;-1994.1788
1953-06-27;16.312326;0.540446;0.009909312;748.93994;1.1527362;137.12749;0.0;-7.3453654e-25;99.99998;-7.345365e-21;0.014044355;-1.8932558;0.00093877316;1.4318526;1.4309287;0.0;0.0;6634.648;8105.2134;-2900.9282;6785.1855;-1315.1823;-1900.9467
1953-06-28;16.372131;-0.7022807;0.010158539;747.4077;1.3181704;126.68636;0.0;-7.3453654e-25;99.99998;-7.345365e-21;0.00042691256;-1.9185319;2.9802322e-05;1.391694;1.3916641;0.0;0.0;7000.593;8551.123;-3147.229;6578.03;-1332.74;-2093.0056
1953-06-29;15.595439;-0.8812561;0.009951274;745.7141;1.3072802;156.16708;0.0;-7.3453654e-25;99.99998;-7.345365e-21;0.0012874597;-1.7424561;8.940697e-05;1.3540387;1.3539419;0.0;0.0;6960.3223;8500.931;-3105.2043;6531.6504;-1210.4255;-2229.4888
1953-06-30;14.508575;-0.6181946;0.009941101;745.30707;1.455945;134.4322;0.0;-7.3453654e-25;99.99998;-7.345365e-21;0.025519183;-1.558179;0.001475215;1.3193935;1.3179034;0.0;0.0;6517.171;7958.588;-2862.216;6685.8887;-1082.4144;-2289.4468
1953-07-01;12.986623;0.58427936;0.00993983;746.3926;1.3778377;122.10981;0.0;-7.3453654e-25;99.99998;-7.345365e-21;0.33690408;-1.4958763;0.020712614;1.3042688;1.2835636;0.0;0.0;6249.0283;7630.012;-2612.5383;6826.0776;-1039.1355;-2305.9355
1953-07-02;14.234558;0.47994995;0.010119121;748.4448;1.2674156;118.150475;0.0;-7.3453654e-25;99.99998;-7.345365e-21;0.0;-1.7095469;0.0;1.2503564;1.2503415;0.0;0.0;6919.28;8447.427;-3019.2117;6620.238;-1187.5656;-2343.2966
1953-07-03;15.105194;1.1295573;0.009930928;749.2961;1.2731849;81.861534;0.0;-7.3453654e-25;99.99998;-7.345365e-21;0.0070869923;-1.6317163;0.00035762787;1.2184829;1.2181252;0.0;0.0;6942.8174;8475.118;-3166.1978;6551.1567;-1133.4978;-2169.361
1953-07-04;16.034698;3.134135;0.01003774;747.7885;1.3204583;74.87677;0.0;-7.3453654e-25;99.99998;-7.345365e-21;0.027418137;-1.4988165;0.0013560057;1.1885464;1.1871606;0.0;0.0;6504.81;7939.4136;-2921.0945;6906.3477;-1041.1766;-2043.9255
1953-07-05;14.554484;5.66333;0.010106404;746.20685;1.3064902;58.071163;0.0;-7.3453654e-25;99.99998;-7.345365e-21;1.1798745;-1.3670772;0.069633126;1.2275279;1.1579245;0.0;0.0;5702.718;6959.5645;-2537.5989;7060.8374;-949.66223;-1983.5566
1953-07-06;14.733724;2.9557292;0.010092418;745.3669;1.3255383;111.95171;0.0;-7.3453654e-25;99.99998;-7.345365e-21;0.76024514;-1.5806519;0.044450164;1.1745989;1.1301339;0.0;0.0;5806.6855;7085.49;-2616.726;6851.6724;-1098.0255;-1903.539
1953-07-07;15.572052;-1.468923;0.009988149;746.3415;1.262564;134.58669;0.0;-7.3453654e-25;99.99998;-7.345365e-21;0.00053048134;-1.9026436;2.9802322e-05;1.1029094;1.1028796;0.0;0.0;6901.4033;8420.143;-3149.7678;6456.65;-1321.7023;-2106.6533
1953-07-08;15.6891985;-2.388916;0.009901683;748.1975;1.3022244;119.82163;0.0;-7.3453654e-25;99.99998;-7.345365e-21;0.003187296;-1.620288;0.00017881393;1.0763854;1.0762141;0.0;0.0;6817.651;8316.838;-3189.1833;6468.044;-1125.5594;-2157.121
1953-07-09;16.58785;-1.0299581;0.009754181;749.1203;1.106224;75.00485;0.0;-7.3453654e-25;99.99998;-7.345365e-21;0.0017210714;-1.5756935;8.940697e-05;1.0505021;1.05042;0.0;0.0;7033.738;8579.475;-3324.0872;6556.43;-1094.581;-2051.2478
1953-07-10;19.28483;3.8477986;0.010138194;749.2893;1.3896929;92.59122;0.0;-7.3453654e-25;99.99998;-7.345365e-21;0.0025784983;-1.5086998;0.00013411045;1.0255277;1.0253787;0.0;0.0;6859.5796;8365.98;-3029.4128;7190.681;-1048.0433;-2109.8223
1953-07-11;20.809;4.020762;0.010106404;748.9492;1.3470556;69.27771;0.0;-7.3453654e-25;99.99998;-7.345365e-21;0.0004351138;-1.5164893;2.9802322e-05;1.0011643;1.0011345;0.0;0.0;6881.8115;8392.023;-3158.3867;7272.46;-1053.4534;-2043.2078
1953-07-12;21.086142;2.2053528;0.009984334;749.5923;1.5428127;60.971127;0.0;-7.3453654e-25;99.99998;-7.345365e-21;0.0030100336;-1.4547594;0.00017881393;0.9778738;0.97770244;0.0;0.0;6888.6685;8399.292;-3227.6538;7190.8423;-1010.5733;-2114.101
1953-07-13;21.901651;3.0722759;0.0102170305;751.6817;1.3214173;83.44146;0.0;-7.3453654e-25;100.00519;-7.345365e-21;0.0;-1.4527105;0.0;0.9550452;0.9550452;0.0;0.0;6832.56;8329.804;-3177.456;7375.6934;-1009.14886;-2063.0588
1953-07-14;22.074759;2.5859172;0.009763082;751.67017;1.3216343;150.6863;0.0;-7.3453654e-25;99.99998;-7.345365e-21;0.00042915344;-1.4177114;2.9802322e-05;0.9331405;0.9331107;0.0;0.0;6845.1953;8344.107;-3259.1511;7325.884;-984.8367;-2102.6233
1953-07-15;22.117868;-0.39935303;0.010241191;750.6225;1.4247087;130.53474;0.0;-7.3453654e-25;99.99998;-7.345365e-21;0.0008759529;-1.3763262;4.4703484e-05;0.91201067;0.91196597;0.0;0.0;6935.5645;8453.107;-3357.8079;7224.5024;-956.08777;-2075.1711
1953-07-16;20.502645;5.9177146;0.010054271;751.7326;1.3963734;55.718212;0.0;-7.3453654e-25;99.99998;-7.345365e-21;1.0487139;-1.3308525;0.061288476;0.95292926;0.8916408;0.0;0.0;6030.2974;7348.249;-2699.285;7766.6016;-924.49835;-1993.9467
1953-07-17;20.09252;5.4700522;0.009666443;753.3057;1.2829016;84.53736;0.0;-7.3453654e-25;99.99998;-7.345365e-21;2.7836294;-1.8107044;0.1898557;1.0621697;0.872314;0.0;0.0;5811.669;7080.1924;-2685.9111;7481.077;-1257.8356;-1652.1788
1953-07-18;20.01477;6.8099265;0.009880066;754.89935;1.2661703;85.19839;0.0;-7.3453654e-25;100.00259;-7.345365e-21;2.0874624;-2.3018346;0.13528764;0.9890199;0.8537173;0.0;0.0;5858.558;7135.757;-2605.6516;7490.753;-1599.0078;-1417.6912
1953-07-19;19.81665;5.76473;0.010169983;754.8374;1.3281744;62.63853;0.0;-7.3453654e-25;100.00259;-7.345365e-21;0.0052481885;-2.467092;0.0002682209;0.83589554;0.8356273;0.0;0.0;6139.6484;7476.5107;-2696.65;7391.6396;-1713.8066;-1418.2789
1953-07-20;19.12681;6.314972;0.009859721;754.7163;1.8109022;40.481663;0.0;-7.3453654e-25;99.99998;-7.345365e-21;0.0;-1.8671201;0.0;0.81790984;0.8179024;0.0;0.0;6444.553;7846.1;-2852.8262;7220.344;-1297.0266;-1991.1067
1953-07-21;20.225494;3.8074849;0.010556539;753.36224;1.3775481;51.24745;0.0;-7.3453654e-25;99.99998;-7.345365e-21;0.0008642673;-1.5524589;5.9604645e-05;0.800699;0.8006543;0.0;0.0;6335.025;7711.0977;-2909.6794;7380.386;-1078.4412;-1884.4011
1953-07-22;21.14924;2.2434387;0.0101292925;753.4082;1.0814067;78.51879;0.0;-7.3453654e-25;99.99998;-7.345365e-21;0.00071525574;-1.1801087;5.9604645e-05;0.7840693;0.7840097;0.0;0.0;5466.4766;6652.2695;-2675.339;7698.5854;-819.7822;-1550.5723
1953-07-23;20.749176;2.722514;0.010070801;751.4917;1.282314;92.79419;0.0;-7.3453654e-25;99.99998;-7.345365e-21;0.0;-1.151763;0.0;0.76790154;0.76790154;0.0;0.0;6157.879;7491.8726;-3011.558;7385.176;-800.0922;-1952.6211
1953-07-24;19.436401;3.8617756;0.0099983215;747.1655;1.3585728;94.78778;0.0;-7.3453654e-25;99.99998;-7.345365e-21;0.035226345;-0.99683553;0.0016838312;0.75396895;0.7522702;0.0;0.0;5702.7017;6936.593;-2815.385;7434.2554;-692.4689;-1852.13
1953-07-25;17.071524;6.820414;0.010002136;747.66797;1.5714068;67.24951;0.0;-7.3453654e-25;100.00519;-7.345365e-21;3.651449;-1.2307419;0.23318827;0.9704083;0.7372126;0.0;0.0;5830.1855;7090.1855;-2571.9094;7479.6143;-854.95557;-2263.1677
1953-07-26;16.281158;5.832499;0.009960175;748.96234;1.4885513;85.16017;0.0;-7.3453654e-25;99.99998;-7.345365e-21;0.336805;-1.9686735;0.017493963;0.7403344;0.7228628;0.0;0.0;5348.1987;6502.4624;-2411.8987;7242.921;-1367.5712;-1621.9645
1953-07-27;15.015391;4.4752297;0.010028839;748.2055;1.2152077;101.90448;0.0;-7.3453654e-25;99.99998;-7.345365e-21;0.7496327;-1.8359795;0.04158914;0.7505119;0.70892274;0.0;0.0;5986.4785;7276.899;-2708.7148;6975.972;-1275.3944;-1863.9211
1953-07-28;14.551799;6.6231995;-0.116046906;746.9343;1.6877092;43.01997;0.0;-7.3453654e-25;100.13149;-7.345365e-21;3.3949404;-1.683779;0.2233237;0.9187162;0.69538504;0.0;0.0;5972.1416;7257.9067;-2522.2556;7083.812;-1169.6644;-2150.1255
1953-07-29;14.166199;7.7501626;-0.0054041543;748.9014;1.5074768;43.02438;0.0;-7.3453654e-25;100.10708;-7.345365e-21;5.3761244;-2.1334774;0.3594905;1.0418594;0.6823689;3.7252903e-06;0.0;5701.726;6927.566;-2317.6606;7165.609;-1482.0566;-1819.6133
1953-07-30;14.246266;8.089864;0.010353088;750.3604;1.4442536;42.556576;0.0;-7.3453654e-25;99.99998;-7.345365e-21;5.6955748;-2.657242;0.39330125;1.0631531;0.6698519;0.0;0.0;5553.615;6746.25;-2081.0522;7333.1807;-1845.8966;-1550.9
1953-07-31;14.691162;8.011871;0.010019938;749.33636;1.6720167;41.05594;0.0;-7.3453654e-25;100.00779;-7.345365e-21;1.1859128;-2.9921849;0.07455051;0.73230267;0.65778196;0.0;0.0;5726.2495;6954.27;-2163.5078;7210.581;-2078.571;-1445.0756
1953-08-01;15.36911;7.386373;0.0098393755;749.3824;1.3338752;40.359062;0.0;-7.3453654e-25;100.0104;-7.345365e-21;0.23146582;-2.8761942;0.012502074;0.6584674;0.64596534;0.0;0.0;5857.911;7112.805;-2250.5;7219.3525;-1997.9967;-1428.2056
1953-08-02;16.595144;7.052246;0.009983063;750.4453;1.1352946;54.40182;0.0;-7.3453654e-25;99.99998;-7.345365e-21;0.051501118;-2.4505277;0.002682209;0.63708425;0.63437223;0.0;0.0;5407.6855;6564.7207;-2196.9695;7391.932;-1702.2988;-1241.24
1953-08-03;16.908722;6.9579673;0.009835561;751.049;1.4737825;46.008045;0.0;-7.3453654e-25;99.99998;-7.345365e-21;0.17430143;-2.2680182;0.008836389;0.63189864;0.62307715;0.0;0.0;5564.709;6753.91;-2294.921;7375.024;-1575.5167;-1474.3323
1953-08-04;16.312979;5.948466;0.010134379;750.6504;1.9939661;42.33476;0.0;-7.3453654e-25;99.99998;-7.345365e-21;0.022166967;-2.1260493;0.0011622906;0.613153;0.6119907;0.0;0.0;6226.142;7554.8315;-2597.2278;7073.549;-1476.8955;-1938.3711
1953-08-05;16.34317;4.4322815;0.010049184;750.5452;1.8852717;41.82161;0.0;-7.3453654e-25;99.99998;-7.345365e-21;0.011175871;-1.7266498;0.000603497;0.6017387;0.6011352;0.0;0.0;6028.505;7313.4287;-2619.5178;7088.2817;-1199.4467;-1959.9634
1953-08-06;16.52124;4.9480796;0.0100746155;750.55005;1.3596739;43.703136;0.0;-7.3453654e-25;99.99998;-7.345365e-21;0.053883802;-1.3727639;0.0027865171;0.59336424;0.5905628;0.0;0.0;5879.432;7131.088;-2575.4785;7251.875;-953.61334;-2017.8334
1953-08-07;18.095236;2.5926616;0.009960175;751.37006;1.3026454;105.03838;0.0;-7.3453654e-25;99.99998;-7.345365e-21;0.0017153616;-1.2025889;8.940697e-05;0.5803406;0.5802512;0.0;0.0;5695.7876;6906.4756;-2702.2163;7283.0;-835.39777;-1820.1823
1953-08-08;18.781351;2.757304;0.009802501;752.53076;1.0849432;81.5549;0.0;-7.3453654e-25;99.99998;-7.345365e-21;0.00059604645;-1.0115113;2.9802322e-05;0.57023764;0.57020783;0.0;0.0;5465.836;6626.1655;-2726.2817;7347.9624;-702.6633;-1665.3611
1953-08-09;19.47409;1.8309021;0.00995636;751.9406;1.4076575;111.25067;0.0;-7.3453654e-25;99.99998;-7.345365e-21;0.0;-1.0439028;0.0;0.56034327;0.5603209;0.0;0.0;6342.8774;7687.7563;-3009.5496;7211.0225;-725.1655;-2175.0632
1953-08-10;19.475912;4.1680703;0.0098012285;751.7708;1.4939817;77.77171;0.0;-7.3453654e-25;100.00779;-7.345365e-21;0.0166744;-0.92458355;0.0006854534;0.55135787;0.55066496;0.0;0.0;5895.7437;7144.249;-2785.4238;7457.7266;-642.2778;-2067.9146
1953-08-11;19.180664;5.408539;0.009962718;752.1782;1.5481381;71.881004;0.0;-7.3453654e-25;99.99998;-7.345365e-21;0.028550625;-0.8767657;0.0013411045;0.5426407;0.5412996;0.0;0.0;5799.5215;7026.223;-2771.8167;7433.9087;-609.06;-2120.6077
1953-08-12;18.669098;3.309845;0.009859721;751.2786;1.3598723;87.08527;0.0;-7.3453654e-25;100.00519;-7.345365e-21;0.00180006;-0.89551693;8.940697e-05;0.5322248;0.53215027;0.0;0.0;6037.7627;7313.153;-2960.1816;7194.702;-622.0856;-2168.8188
1953-08-13;18.767141;3.617513;0.0099983215;750.9289;1.3097763;103.74297;0.0;-7.3453654e-25;99.99998;-7.345365e-21;0.0014543533;-0.8312278;5.9604645e-05;0.5232692;0.5232245;0.0;0.0;5771.418;6988.9805;-2834.9175;7268.519;-577.4267;-2110.131
1953-08-14;18.333242;-2.0327556;0.009833018;750.5446;1.3486652;122.23034;0.0;-7.3453654e-25;99.99998;-7.345365e-21;0.0;-0.8831676;0.0;0.5145371;0.5145222;0.0;0.0;6535.9976;7912.938;-3311.075;6749.0654;-613.50775;-2390.4033
1953-08-15;18.480234;-2.204478;0.009849548;751.3461;1.3944141;129.17763;0.0;-7.3453654e-25;99.99998;-7.345365e-21;0.00085962034;-0.8713268;4.4703484e-05;0.50604343;0.5060062;0.0;0.0;6499.7744;7867.414;-3297.525;6792.787;-605.2822;-2287.9912
1953-08-16;19.942179;1.9643148;0.010009766;751.7637;1.5622869;79.17947;0.0;-7.3453654e-25;99.99998;-7.345365e-21;0.0020335356;-0.8494351;8.940697e-05;0.4977584;0.49767643;0.0;0.0;6132.5015;7422.0244;-2995.2156;7269.683;-590.07446;-2132.4268
1953-08-17;19.189535;3.2422485;0.009986877;751.4886;1.4527391;72.8706;0.0;-7.3453654e-25;99.99998;-7.345365e-21;0.018412752;-0.77947414;0.00086426735;0.49048662;0.4896;0.0;0.0;5700.801;6898.7544;-2917.1855;7235.0293;-541.4733;-2001.3422
1953-08-18;18.769918;0.44443765;0.009605408;752.0127;1.5794507;51.336224;0.0;-7.3453654e-25;99.99998;-7.345365e-21;0.0008583069;-0.8132067;4.4703484e-05;0.48178434;0.48173964;0.0;0.0;6023.901;7289.1016;-3111.0361;7025.8096;-564.9067;-2112.301
1953-08-19;18.85206;-2.1716003;0.010242462;751.5728;1.308062;62.992893;0.0;-7.3453654e-25;99.99998;-7.345365e-21;0.0021427867;-0.83286035;0.00010430813;0.47411025;0.4740134;0.0;0.0;6238.525;7547.7554;-3280.9504;6879.37;-578.5611;-2079.5266
1953-08-20;19.211313;-3.6746113;0.009984334;750.3066;1.3042331;99.04325;0.0;-7.3453654e-25;99.99998;-7.345365e-21;0.0;-0.7995702;0.0;0.46646595;0.46646595;0.0;0.0;6096.92;7375.4517;-3256.9329;6862.1235;-555.43555;-2058.4744
1953-08-21;17.921722;-3.0698955;0.009811401;749.2503;1.3851662;109.381584;0.0;-7.3453654e-25;99.99998;-7.345365e-21;0.0004351138;-0.75768584;2.9802322e-05;0.45916438;0.45913458;0.0;0.0;6321.905;7646.6367;-3376.4395;6559.9077;-526.33887;-2306.2012
1953-08-22;17.334036;-3.659027;0.009644826;749.0866;1.224713;120.02878;0.0;-7.3453654e-25;99.99998;-7.345365e-21;0.0004351138;-0.748517;2.9802322e-05;0.45199692;0.45198202;0.0;0.0;6259.848;7570.707;-3341.8105;6545.4346;-519.97;-2225.2256
1953-08-23;16.56663;-2.3832195;0.009699504;747.92017;1.2730619;129.87228;0.0;-7.3453654e-25;99.99998;-7.345365e-21;0.0013411036;-0.65679663;5.9604645e-05;0.44509768;0.44503063;0.0;0.0;5548.33;6709.231;-3009.061;6727.688;-456.25446;-1994.5922
1953-08-24;16.477966;-2.954956;0.00976181;748.0158;1.2002287;113.86371;0.0;-7.3453654e-25;99.99998;-7.345365e-21;0.0008463859;-0.6879363;2.9802322e-05;0.43833256;0.4382804;0.0;0.0;5744.3994;6945.6733;-3024.5134;6762.4907;-477.88666;-2048.3845
1953-08-25;17.872;-1.4841309;0.0100695295;749.39264;1.2220117;166.87856;0.0;-7.3453654e-25;99.99998;-7.345365e-21;0.0008588865;-0.7428164;4.4703484e-05;0.43167174;0.4316345;0.0;0.0;6086.221;7358.0767;-3212.6616;6765.6294;-516.01;-2068.1755
1953-08-26;17.075155;-4.4898276;0.009573619;750.2507;1.4395223;222.78595;0.0;-7.3453654e-25;99.99998;-7.345365e-21;0.0;-0.6633587;0.0;0.42514503;0.42514503;0.0;0.0;6155.484;7440.928;-3315.3567;6424.814;-460.81332;-2320.1667
1953-08-27;16.29296;-6.221659;0.010195415;751.7812;1.2722234;162.67108;0.0;-7.3453654e-25;99.99998;-7.345365e-21;0.0008523463;-0.6657075;4.4703484e-05;0.41888654;0.41884184;0.0;0.0;6193.829;7486.3823;-3484.635;6149.9023;-462.44446;-2186.8923
1953-08-28;16.39622;-7.3645425;0.01003011;751.39453;1.2351469;166.87073;0.0;-7.3453654e-25;99.99998;-7.345365e-21;0.00085532654;-0.6747544;4.4703484e-05;0.41271746;0.41267276;0.0;0.0;6186.887;7477.0923;-3525.0396;6136.1045;-468.72888;-2001.1133
1953-08-29;17.404398;-8.166249;0.009900411;753.8422;1.2630092;105.670654;0.0;-7.3453654e-25;99.99998;-7.345365e-21;0.0017318325;-0.7028878;8.940697e-05;0.4067123;0.4066229;0.0;0.0;6133.0376;7411.1025;-3596.5383;6189.261;-488.27335;-1858.9055
1953-08-30;18.061401;-9.813823;0.009950002;757.2146;1.3879193;101.186554;0.0;-7.3453654e-25;99.99998;-7.345365e-21;0.0021497381;-0.6888676;0.00010430813;0.40081888;0.40071458;0.0;0.0;6122.649;7397.646;-3534.5955;6280.932;-478.53333;-1810.0422
1953-08-31;19.699219;-6.256246;0.010190328;757.63885;1.4276576;93.263885;0.0;-7.3453654e-25;99.99998;-7.345365e-21;0.002587477;-0.67276883;0.00011920929;0.3950745;0.39494783;0.0;0.0;5717.689;6907.5093;-3167.7363;6833.5034;-467.35;-1790.0067
1953-09-01;18.811106;-6.752004;0.010201772;754.731;1.3658565;114.44382;0.0;-7.3453654e-25;99.99998;-7.345365e-21;0.0;-0.6659422;0.0;0.38932264;0.38930774;0.0;0.0;5906.5312;7134.794;-3369.5461;6540.6367;-462.6089;-1918.51
1953-09-02;17.631866;-5.5203147;0.010108948;751.8731;1.3019599;227.82362;0.0;-7.3453654e-25;99.99998;-7.345365e-21;0.0;-0.6413497;0.0;0.3837943;0.3837943;0.0;0.0;5895.791;7121.03;-3331.417;6463.4526;-445.52335;-1918.8188
1953-09-03;16.408945;-1.7356364;0.010027568;752.42236;1.3872575;110.69794;0.0;-7.3453654e-25;99.99998;-7.345365e-21;0.0012814989;-0.60490334;5.9604645e-05;0.3784597;0.3784001;0.0;0.0;5703.939;6888.427;-3140.4207;6561.5156;-420.20667;-2066.0012
1953-09-04;14.974986;2.7204998;0.010063171;753.7045;1.6156338;53.761154;0.0;-7.3453654e-25;99.99998;-7.345365e-21;0.08992015;-0.5869046;0.0032484531;0.37641823;0.37314743;0.0;0.0;5502.977;6644.8765;-2920.1414;6711.1724;-407.7022;-2041.2622
1953-09-05;15.601837;-0.13562012;0.010133107;754.37427;1.4299107;63.1803;0.0;-7.3453654e-25;99.99998;-7.345365e-21;0.0008523463;-0.6002951;4.4703484e-05;0.36805868;0.36802143;0.0;0.0;5605.7505;6768.33;-3091.1812;6549.083;-417.00555;-1957.5956
1953-09-06;16.155355;-3.314087;0.01003774;752.53265;1.271118;137.91783;0.0;-7.3453654e-25;99.99998;-7.345365e-21;0.0;-0.5950835;0.0;0.3629774;0.3629774;0.0;0.0;5642.251;6811.4863;-3147.8748;6480.8145;-413.38443;-1972.97
1953-09-07;15.162099;-3.2600403;0.009944916;751.0996;1.5074528;172.9588;0.0;-7.3453654e-25;99.99998;-7.345365e-21;0.0008583069;-0.53324366;4.4703484e-05;0.3581047;0.3580749;0.0;0.0;5664.438;6837.492;-3105.3047;6323.03;-370.42667;-2188.6023
1953-09-08;15.175029;-0.87001544;0.010345459;749.5232;1.6010143;199.06636;0.0;-7.3453654e-25;99.99998;-7.345365e-21;0.0008702277;-0.50887746;4.4703484e-05;0.35335124;0.35331398;0.0;0.0;5527.979;6671.9756;-2929.3445;6448.7104;-353.5;-2178.4622
1953-09-09;11.885335;-1.2540283;0.010072072;747.09296;1.9449972;185.98198;0.0;-7.3453654e-25;99.99998;-7.345365e-21;0.0;-0.45191124;0.0;0.34868717;0.34868717;0.0;0.0;5596.4033;6753.7505;-3053.0173;6013.3135;-313.92776;-2456.9622
1953-09-10;11.417958;-2.346761;0.01012675;749.9207;1.1975871;76.77354;0.0;-7.3453654e-25;99.99998;-7.345365e-21;0.003007054;-0.5054511;0.00013411045;0.34430623;0.34414977;0.0;0.0;5574.423;6726.3984;-3209.419;5890.629;-351.12;-1969.9789
1953-09-11;13.385488;-2.4779866;0.01015981;751.7324;1.2575494;75.179054;0.0;-7.3453654e-25;99.99998;-7.345365e-21;0.0021481575;-0.5271705;0.00010430813;0.33977628;0.33967197;0.0;0.0;5524.7812;6665.6924;-3184.7961;6065.1187;-366.20776;-1844.1622
1953-09-12;14.243134;-3.271576;0.010044098;751.4165;1.1686505;138.02461;0.0;-7.3453654e-25;99.99998;-7.345365e-21;0.0;-0.5416367;0.0;0.33527613;0.33526123;0.0;0.0;5501.746;6637.1133;-3200.1396;6147.1465;-376.25555;-1775.59
1953-09-13;14.662038;-5.0126853;0.009897868;751.3257;1.1669885;199.89766;0.0;-7.3453654e-25;99.99998;-7.345365e-21;0.00044107434;-0.5331207;2.9802322e-05;0.3309548;0.3309399;0.0;0.0;5461.4966;6587.7734;-3280.931;6049.122;-370.34;-1744.7522
1953-09-14;14.9158125;-7.2447;0.009797414;751.76984;1.2118773;268.23355;0.0;-7.3453654e-25;99.99998;-7.345365e-21;0.0021487467;-0.51647794;0.00010430813;0.32682717;0.32672286;0.0;0.0;5495.465;6627.967;-3379.6372;5874.4478;-358.78;-1688.6455
1953-09-15;14.883647;-5.999481;0.0101674395;753.27026;1.2813464;171.11469;0.0;-7.3453654e-25;99.99998;-7.345365e-21;0.0008607029;-0.51352197;4.4703484e-05;0.32263994;0.32259524;0.0;0.0;5341.088;6441.001;-3170.133;6123.621;-356.72665;-1697.5878
1953-09-16;14.79895;-6.0378723;0.009974162;752.7241;1.1876805;135.80067;0.0;-7.3453654e-25;99.99998;-7.345365e-21;0.00042617318;-0.5165292;2.2351742e-05;0.31855702;0.31854212;0.0;0.0;5369.9062;6470.084;-3304.3271;5993.221;-358.81555;-1624.7322
1953-09-17;13.082825;-4.5598655;0.009923299;749.90234;1.2262731;158.7296;0.0;-7.3453654e-25;99.99998;-7.345365e-21;0.0;-0.48150307;0.0;0.3145784;0.3145784;0.0;0.0;5295.0146;6374.202;-3116.6125;6038.8774;-334.4839;-1811.8055
1953-09-18;10.726094;-2.450816;0.010225932;747.94574;1.3234217;128.13148;0.0;-7.3453654e-25;99.99998;-7.345365e-21;0.9858757;-0.5915519;0.047788024;0.35858154;0.31079352;0.0;0.0;4685.238;5635.1016;-2383.5266;6560.092;-410.93112;-1898.2356
1953-09-19;9.987203;-0.68510944;0.009958903;750.66644;1.3038076;124.85583;0.0;-7.3453654e-25;99.99998;-7.345365e-21;0.018075284;-0.568958;0.00078976154;0.3079325;0.30714273;0.0;0.0;4062.465;4881.6943;-2227.0063;6627.818;-395.23557;-1647.3278
1953-09-20;10.390248;-4.4493814;0.010082245;754.0649;1.2233428;118.90481;0.0;-7.3453654e-25;99.99998;-7.345365e-21;5.9604645e-05;-0.59295446;0.0;0.30350685;0.30350685;0.0;0.0;5185.229;6225.6973;-2951.409;5903.91;-411.90668;-1848.0067
1953-09-21;11.77419;-3.7681682;0.009977977;754.7504;1.1717882;179.25041;0.0;-7.3453654e-25;99.99998;-7.345365e-21;0.03483728;-0.53893775;0.0012665987;0.30115247;0.29990077;0.0;0.0;4828.863;5792.9233;-2688.6187;6306.7725;-374.3811;-1669.4878
1953-09-22;13.16924;-4.626709;0.009938558;754.1892;1.1928533;155.15964;0.0;-7.3453654e-25;99.99998;-7.345365e-21;0.006365776;-0.5236659;0.00032782555;0.29665232;0.2963394;0.0;0.0;4793.783;5745.8755;-2727.7483;6410.391;-363.77222;-1559.5366
1953-09-23;12.624248;-5.4934387;0.009429932;753.2548;1.3477615;146.44508;0.0;-7.3453654e-25;99.99998;-7.345365e-21;0.014546514;-0.48226118;0.00052154064;0.29337406;0.29285252;0.0;0.0;4910.1895;5880.2095;-2848.698;6218.569;-335.0111;-1696.6
1953-09-24;11.214478;-4.459076;0.0094045;752.4887;1.0381681;63.112244;0.0;-7.3453654e-25;99.99998;-7.345365e-21;0.07856437;-0.4491899;0.0029355288;0.29237568;0.2894476;0.0;0.0;4359.0557;5215.6167;-2594.0872;6389.4756;-312.03778;-1430.9512
1953-09-25;10.773601;0.25832114;0.00999705;753.4864;1.5353981;38.00216;0.0;-7.3453654e-25;99.99998;-7.345365e-21;0.13258457;-0.4370138;0.006303191;0.2924502;0.28613955;0.0;0.0;4633.0015;5538.711;-2625.2234;6287.8584;-303.5789;-1713.1145
1953-09-26;11.788096;-1.5388794;0.009858449;754.1157;1.2411219;45.675793;0.0;-7.3453654e-25;99.99998;-7.345365e-21;0.0017310322;-0.4952755;8.940697e-05;0.28294325;0.28286874;0.0;0.0;4906.5166;5860.5864;-2891.3572;6132.493;-344.05112;-1590.9589
1953-09-27;13.176971;-4.297709;0.010220845;753.0677;1.0782691;167.72243;0.0;-7.3453654e-25;99.99998;-7.345365e-21;0.0;-0.5012732;0.0;0.2796054;0.27961284;0.0;0.0;4882.6978;5827.1006;-2919.3867;6214.6035;-348.21832;-1458.2078
1953-09-28;12.707153;-7.216929;0.010050456;752.8597;1.322493;257.40793;0.0;-7.3453654e-25;99.99998;-7.345365e-21;0.0008667032;-0.44762528;2.9802322e-05;0.27647614;0.27641654;0.0;0.0;4890.1436;5830.9355;-2996.3193;5987.068;-310.95;-1620.0211
1953-09-29;12.498708;-9.903229;0.010149638;753.758;1.2358499;217.14803;0.0;-7.3453654e-25;99.99998;-7.345365e-21;0.0030180726;-0.43477955;0.00013411045;0.2734363;0.27330965;0.0;0.0;4856.9556;5786.3623;-2955.6636;5972.3066;-302.02667;-1534.2644
1953-09-30;13.564382;-9.215474;0.010222117;755.4412;1.2634109;282.65417;0.0;-7.3453654e-25;99.99998;-7.345365e-21;0.0017233742;-0.43207315;8.940697e-05;0.27032197;0.27024746;0.0;0.0;4726.3477;5625.8857;-2853.5747;6173.6943;-300.14667;-1505.3011
1953-10-01;13.337585;-6.983734;0.009899139;756.9185;1.1270264;113.37148;0.0;-7.3453654e-25;99.99998;-7.345365e-21;0.14629662;-0.46801847;0.0069737434;0.27422607;0.26725233;0.0;0.0;4569.892;5434.9717;-2759.8918;6276.081;-325.11667;-1417.0623
1953-10-02;14.15153;-6.970459;0.009897868;755.0183;1.2417403;190.37254;0.0;-7.3453654e-25;99.99998;-7.345365e-21;0.0021248434;-0.45690405;0.00010430813;0.2644211;0.26430935;0.0;0.0;4588.4243;5452.261;-2766.7888;6278.5713;-317.39557;-1420.3611
1953-10-03;13.132009;-7.001261;0.009918213;751.4974;1.4363761;258.27905;0.0;-7.3453654e-25;99.99998;-7.345365e-21;0.0008583069;-0.417782;4.4703484e-05;0.26147068;0.26142597;0.0;0.0;4659.6343;5532.17;-2911.2222;6006.838;-290.2189;-1536.3245
1953-10-04;11.996114;-9.970764;0.009961446;754.06586;1.1668783;114.837654;0.0;-7.3453654e-25;99.99998;-7.345365e-21;0.0017155616;-0.4318673;8.940697e-05;0.25866926;0.2585873;0.0;0.0;4740.511;5623.3477;-3129.8984;5728.4634;-300.00446;-1301.3334
1953-10-05;13.085907;-7.3187156;0.010148366;755.83344;1.0658214;204.74335;0.0;-7.3453654e-25;99.99998;-7.345365e-21;0.00085234636;-0.42282045;2.9802322e-05;0.25582314;0.25577843;0.0;0.0;4466.215;5293.43;-2612.706;6457.5854;-293.7189;-1249.2345
1953-10-06;12.5729065;-4.1546426;0.009796143;752.9126;1.5071845;216.9199;0.0;-7.3453654e-25;99.99998;-7.345365e-21;0.0012993813;-0.28699917;5.9604645e-05;0.25317073;0.25309622;0.0;0.0;3047.718;3609.099;-1865.3389;7056.7324;-199.3689;-1026.4111
1953-10-07;11.295593;-3.510783;0.01000468;752.61224;1.3265299;229.0359;0.0;-7.3453654e-25;99.99998;-7.345365e-21;0.52673;-0.4467759;0.025212765;0.2757311;0.25051087;0.0;0.0;4118.5815;4873.027;-2468.7622;6260.8228;-310.36;-1574.1666
1953-10-08;10.461019;-4.5918884;0.00990804;754.7531;1.1505963;275.85916;0.0;-7.3453654e-25;99.99998;-7.345365e-21;0.0008524761;-0.46059674;4.4703484e-05;0.24798512;0.24793297;0.0;0.0;4433.46;5241.099;-2758.422;5867.2715;-319.96167;-1448.5688
1953-10-09;10.97932;-3.7111003;0.010051727;754.0176;1.1577532;167.10016;0.0;-7.3453654e-25;99.99998;-7.345365e-21;0.0;-0.44301617;0.0;0.24537742;0.24537742;0.0;0.0;4302.3223;5081.7466;-2647.0378;6087.6133;-307.7489;-1310.1544
1953-10-10;11.445424;-3.7309368;0.0098177595;754.9511;1.159075;129.23866;0.0;-7.3453654e-25;99.99998;-7.345365e-21;0.0004351138;-0.4325062;2.2351742e-05;0.24284422;0.24282187;0.0;0.0;4356.308;5141.0806;-2656.3677;6189.3257;-300.44666;-1291.2245
1953-10-11;12.28125;-4.8875937;0.01001358;758.64087;1.1295445;151.27713;0.0;-7.3453654e-25;99.99998;-7.345365e-21;0.004547834;-0.39307308;0.00017881393;0.24050474;0.24032593;0.0;0.0;3928.804;4632.546;-2429.784;6463.723;-273.05444;-1157.4711
1953-10-12;12.302541;-5.69458;0.010040283;758.6455;1.0829114;123.89469;0.0;-7.3453654e-25;99.99998;-7.345365e-21;0.001715447;-0.4122546;8.195639e-05;0.23794919;0.23786724;0.0;0.0;4184.793;4930.21;-2666.5762;6295.574;-286.37946;-1160.5211
1953-10-13;11.864044;-8.115102;0.009991963;755.77826;0.97085506;101.48666;0.0;-7.3453654e-25;99.99998;-7.345365e-21;0.003008986;-0.40829834;0.00014156103;0.23557246;0.2354309;0.0;0.0;4294.984;5055.7466;-2842.945;6059.181;-283.63165;-1116.0422
1953-10-14;11.689616;-7.2175803;0.009897868;753.8144;1.1943833;111.43008;0.0;-7.3453654e-25;99.99998;-7.345365e-21;0.0004351138;-0.37282798;1.4901161e-05;0.23306906;0.23303926;0.0;0.0;4203.382;4943.682;-2711.359;6117.471;-258.99112;-1227.0278
1953-10-15;10.138469;-5.357473;0.009890239;754.127;1.2409735;108.338356;0.0;-7.3453654e-25;99.99998;-7.345365e-21;0.4263848;-0.4005693;0.020086765;0.25083125;0.23074448;0.0;0.0;3704.0088;4352.548;-2367.141;6184.2676;-278.26334;-1228.0266
1953-10-16;9.114278;-3.1214702;0.01003774;754.2109;1.1956575;90.1117;0.0;-7.3453654e-25;99.99998;-7.345365e-21;0.28637052;-0.38409793;0.0131726265;0.24169683;0.22852421;0.0;0.0;3351.2922;3937.0632;-2060.9727;6438.2144;-266.82;-1150.8833
1953-10-17;6.721517;0.9878743;0.010047913;752.6345;0.93279105;84.13227;0.0;-7.3453654e-25;99.99998;-7.345365e-21;9.235853;-0.805879;0.55752695;0.7839203;0.22640824;0.0;0.0;2831.1023;3324.7856;-1451.7966;6845.4;-559.8172;-936.7411
1953-10-18;5.1257834;2.392934;0.009920756;750.9929;0.6650434;174.81413;0.0;-7.3453654e-25;99.99998;-7.345365e-21;7.9290113;-1.2019203;0.5184859;0.7428974;0.22440404;0.0;0.0;2274.7744;2670.8667;-1207.3789;6886.0522;-834.93445;-616.6
1953-10-19;4.1389976;0.13951619;0.010097504;749.9414;0.98041207;202.2945;0.0;-7.3453654e-25;99.99998;-7.345365e-21;1.1268201;-1.4964017;0.0641793;0.28660893;0.22243708;0.0;0.0;3120.0562;3661.8623;-1606.8077;6378.3013;-1039.5;-905.43
1953-10-20;4.360779;-0.56814575;0.009894053;749.2575;1.0204631;155.18866;0.0;-7.3453654e-25;99.99998;-7.345365e-21;0.42660832;-1.2421366;0.023260713;0.24370849;0.22044778;0.0;0.0;3285.0532;3854.31;-1751.1222;6220.22;-862.87164;-852.5122
1953-10-21;3.1494853;1.6597697;0.01014328;749.1716;0.7025514;182.19463;0.0;-7.3453654e-25;99.99998;-7.345365e-21;7.890487;-1.0184292;0.53431094;0.75286627;0.21855533;0.0;0.0;1890.3306;2217.4966;-841.76447;6968.2256;-707.4689;-624.0267
1953-10-22;3.3426006;1.7423197;0.010008494;747.9714;0.8717331;219.07092;0.0;-7.3453654e-25;99.99998;-7.345365e-21;7.3029575;-1.385795;0.5360693;0.75282156;0.21672994;0.0;0.0;2541.841;2980.5234;-1010.205;6905.427;-962.665;-797.0244
1953-10-23;1.2863058;0.61472577;-0.15631612;747.8579;0.87573606;165.55653;0.75838214;0.00013128917;131.6546;0.6510417;9.139654;-1.432809;0.6765872;0.8915365;0.2149418;0.010613352;0.44210255;2288.0894;2685.7656;-783.6272;6949.741;-995.3089;-911.7767
1953-10-24;-0.03331502;-5.8228354;-5.8242583;750.9395;1.4147593;46.437054;7.544027;0.0011063417;143.5576;7.283529;0.9833574;-1.3492135;0.04121661;0.25437772;0.21315366;0.22334047;0.683602;2850.6123;3541.8179;-1729.4684;5706.61;-938.83276;-843.24335
1953-10-25;0.5007019;-6.076538;-6.9340577;753.83026;1.8209382;35.998837;6.495931;0.0009685357;150.3102;6.266276;0.016465783;-1.2450162;0.01771003;0.22904575;0.21133572;0.19069389;0.01597777;3744.5723;4582.1577;-2148.0933;5240.19;-865.88275;-854.0822
1953-10-26;1.1456198;-5.158779;-6.8041267;755.5622;1.7580377;36.972244;5.1240234;0.00075976056;150.21288;4.760742;0.009956956;-1.2584617;0.021889806;0.23141503;0.20954013;0.23643672;0.008247793;3581.5693;4335.2065;-2207.1433;5269.6113;-875.11554;-903.2856
1953-10-27;1.4956869;-5.466675;-8.663642;752.82;1.0829518;58.147007;3.7202961;0.0005510251;150.24998;3.3772786;5.9604645e-05;-1.1045439;0.017419457;0.22518635;0.20776689;0.19100122;6.7055225e-05;3713.685;4449.452;-2396.0027;5010.806;-767.48553;-703.45886
1953-10-28;1.7272135;-5.299254;-8.28534;750.2026;0.8843691;162.74373;2.5356445;0.0003742377;150.28188;2.3600261;0.0008583069;-1.0647532;0.014796853;0.22082031;0.20602345;0.16270205;0.0;3631.406;4315.3467;-2287.2861;5155.001;-739.7744;-700.4489
1953-10-29;1.6134949;-5.231252;-6.812298;747.9968;0.7945166;211.01411;1.6737467;0.00024720034;150.28969;1.4241537;0.0019311906;-0.93232095;0.009343028;0.21365285;0.20431727;0.10331534;0.0010803342;3356.285;3965.2979;-1980.9806;5488.8643;-647.7722;-662.2178
1953-10-30;-0.43051147;-3.193451;-4.1928215;745.6716;0.76099235;168.78658;5.0537925;0.00073798496;141.60968;5.126953;3.2821298;-0.82886034;0.16835332;0.371024;0.20267814;0.2291333;0.9845197;2086.859;2523.0466;-1114.9456;6253.191;-576.6272;-557.1767
1953-10-31;0.2498881;-4.5372314;-7.8844094;747.80664;0.9370181;109.790276;5.1899414;0.0007662773;150.48468;4.8828125;0.0017166131;-1.0060453;0.029757619;0.23081899;0.20106882;0.32756293;0.0;3367.8032;4056.1523;-2169.9255;5177.1846;-699.3172;-705.4911
1953-11-01;0.78393555;-5.5959373;-8.478264;749.67926;0.87318426;164.58186;3.342041;0.0004936854;150.70116;3.2958984;0.001275539;-0.8786973;0.021085143;0.22053719;0.19945204;0.23262016;0.0;3249.6677;3868.8188;-2131.2317;5197.7744;-610.63666;-585.9756
1953-11-02;0.8225606;-4.869629;-7.8813667;749.4658;0.93672985;146.49593;2.0892742;0.00030855337;150.72752;2.2786458;0.0012844794;-0.83661824;0.013753772;0.21161139;0.19786507;0.15234388;0.0;3351.4084;3960.1445;-2049.5977;5320.0854;-581.45776;-658.47
1953-11-03;1.2487386;-2.7460327;-4.198999;747.752;1.034769;159.39406;1.504476;0.00025872389;148.45473;1.6682943;2.2035358;-0.7477719;0.093743205;0.2900362;0.19630045;0.09429827;0.9493232;2869.6267;3375.1323;-1459.0377;6071.671;-519.60114;-581.64667
1953-11-04;1.4178772;0.40483603;-0.3077291;747.8108;0.9025393;173.65546;15.851237;0.0022232134;140.23631;16.072592;3.5045774;-0.6867647;0.25847554;0.45327842;0.19481033;1.0820459;1.1190548;1521.2378;1967.4222;-506.05167;7065.3535;-477.64;-450.9711
1953-11-05;0.2055664;-3.718979;-4.8692145;750.5738;0.99270374;55.0798;13.469808;0.0020197232;150.67706;13.631185;0.98927623;-0.8779792;0.10865927;0.30198693;0.19333512;0.84266436;0.5432442;2061.5923;2605.4812;-1400.0294;5980.461;-611.67;-498.7322
1953-11-06;-0.25065613;-9.948611;-11.410069;749.92413;1.1115316;51.514133;9.632976;0.0014338493;151.09276;9.480794;0.002155135;-0.8980297;0.04697591;0.23882091;0.19185245;0.503188;0.0;3433.615;4221.162;-2723.8523;4343.212;-624.8011;-427.1889
1953-11-07;0.601003;-10.612769;-8.502053;749.2463;0.99977857;77.87696;6.75057;0.0010050932;151.15851;6.6731772;0.37192106;-0.7241648;0.05738437;0.24777651;0.19039214;0.36806053;0.0012665987;3081.4878;3722.5344;-2056.4666;5155.5557;-503.97333;-355.75555
1953-11-08;0.46792603;-7.2668557;-6.6410027;751.3195;0.8964042;71.938774;4.559896;0.0006759564;151.19139;4.638672;0.2180636;-0.8395417;0.045001507;0.23394823;0.18896163;0.32545626;0.0004954636;2631.0417;3140.0388;-1612.7156;5710.3276;-583.63666;-405.45444
1953-11-09;0.97352093;-3.7406414;-5.0286355;752.6065;1.0023149;78.82771;2.7923992;0.00041270256;151.22784;2.726237;0.008702278;-0.66399014;0.021368265;0.20888448;0.18754601;0.22334047;3.7252903e-05;2677.28;3165.1868;-1447.1328;5999.977;-461.44556;-488.35666
1953-11-10;1.3438212;-0.9059067;-3.157884;752.3957;1.0076891;78.46085;1.7664388;0.00026233992;151.1162;1.4241537;1.6964674;-0.6563086;0.12536347;0.31152368;0.1861602;0.1410842;0.030275434;2107.3528;2477.4666;-1068.6989;6459.398;-455.91333;-396.5178
1953-11-11;1.3438568;-1.0221405;-2.8443985;749.4953;0.9419277;89.79095;1.2642416;0.00018795331;150.9746;0.9765625;1.4745623;-0.8389559;0.11175871;0.2965778;0.1848042;0.10292046;0.02520904;2155.0327;2525.679;-1067.4739;6485.048;-582.8456;-477.94666
1953-11-12;0.89269894;-0.12737782;-1.853789;748.6579;0.56644297;108.31141;1.347168;0.00020877521;151.17609;1.3834635;3.243196;-0.649007;0.24235249;0.4258752;0.1835078;0.061508268;0.18232316;1319.3022;1543.0712;-578.94336;6921.822;-450.81888;-365.7022
1953-11-13;1.0675837;-0.13873546;-1.5060831;750.8449;0.5372231;201.58397;2.039795;0.00031503043;151.47426;2.0751953;2.7747095;-0.8483492;0.20755827;0.38976967;0.1822114;0.11976063;0.25158376;1999.8789;2343.8267;-898.745;6697.469;-589.36664;-573.98114
1953-11-14;0.1393954;-2.133644;-3.5722122;750.705;0.8257075;198.35358;2.1108398;0.00031344095;151.3955;2.2379558;0.47203764;-0.9370903;0.049084425;0.23001432;0.180915;0.1649782;0.004656613;2400.5266;2821.2866;-1254.6039;6247.819;-651.28613;-701.61
1953-11-15;-0.26160684;-3.0988567;-4.6030145;748.60864;0.8008099;147.47197;1.2634277;0.00018819173;151.90297;1.2613932;0.66426396;-0.9279698;0.055462122;0.23508072;0.17962605;0.10095537;0.008497387;2758.7021;3228.321;-1438.025;6009.7754;-644.86;-725.21
1953-11-16;-0.25072226;-2.7372742;-2.975057;746.0984;1.1081994;206.19511;2.1124675;0.00032325587;139.96352;2.1565754;1.3274964;-0.8309055;0.0513494;0.2296865;0.17834455;0.119101256;0.7499382;2276.0295;2672.82;-1050.0712;6398.723;-577.8467;-691.05554
1953-11-17;-0.029805502;-1.1881409;-1.1617228;743.47784;0.88192105;165.88939;9.6276045;0.0013888677;141.61522;10.009766;5.461067;-0.8716471;0.39705634;0.57417154;0.1771152;0.5171113;1.0969825;1951.6711;2383.0322;-792.1461;6660.09;-606.92554;-564.6911
1953-11-18;-1.2078146;-1.7238363;-0.7920583;741.68646;0.91012233;143.84607;36.390625;0.0058324337;139.50291;39.835613;22.17339;-0.74753165;0.4284382;0.6043613;0.17592311;1.2340937;18.074669;1360.9089;1887.45;-373.375;6966.8657;-523.88336;-534.85443
1953-11-19;-4.8164268;-5.9604774;-2.7126973;737.90234;0.9864497;181.61273;99.983315;0.03949638;134.75551;287.51627;29.719385;-0.14768355;0.018917024;0.19365549;0.17475337;0.0047162175;28.824419;265.56888;1081.2789;-492.9339;6351.7456;-114.82333;-101.06778
1953-11-20;-10.146697;-12.77803;-10.293838;740.56537;0.7774008;228.6133;100.0;0.05728559;138.18683;415.44595;4.0869565;-0.050239265;0.0;0.17359853;0.17359108;0.0;4.0817337;593.41113;2521.4146;-709.2328;5424.2153;-36.70778;-94.87778
1953-11-21;-11.616806;-13.645932;-12.273563;744.8365;0.9544024;197.17798;100.0;0.05812033;151.08104;384.8877;0.8092046;-0.042809173;0.0;0.17243624;0.17245114;0.0;0.8036233;718.0344;2973.5488;-579.86334;5394.069;-31.01;-149.01
1953-11-22;-9.223388;-10.724643;-9.109021;746.07513;1.1706506;253.82051;100.0;0.05942607;150.59276;394.2871;1.8875688;-0.05105976;0.0;0.17131865;0.1713261;0.0;1.8760338;706.1461;2868.629;-516.30664;5777.2144;-37.113335;-125.76222
1953-11-23;-7.3454795;-8.25715;-6.614084;744.40155;1.6135746;210.02795;100.0;0.06894573;149.90004;457.11264;19.562916;-0.09069592;0.0;0.17021596;0.17020851;0.0;19.555292;297.865;1218.8578;-68.26945;6494.1016;-70.22;-160.07445
1953-11-24;-6.155945;-6.8788095;-5.439382;742.887;1.2781855;201.54962;100.0;0.09780649;149.638;649.57684;26.813519;-0.07828884;0.0;0.16912818;0.16913563;0.0;26.808344;268.49167;1157.8689;-69.32;6620.8477;-60.493332;-143.31
1953-11-25;-6.6754723;-7.642443;-5.259308;740.89874;0.8784432;204.06865;100.0;0.122514606;149.17706;816.93524;33.18419;-0.08658692;0.0;0.1680702;0.16806275;0.0;33.163578;255.56612;1096.8411;-242.49945;6422.1343;-67.06333;-131.36333
1953-11-26;-10.170685;-11.730374;-8.360171;740.0337;1.141115;217.42567;100.0;0.1550616;147.57484;1050.6998;12.7786665;-0.057112426;0.0;0.16701221;0.16701221;0.0;12.7627325;539.66113;2354.4277;-762.5278;5495.968;-42.814445;-110.18889
1953-11-27;-13.970063;-19.585846;-13.851616;744.15985;0.9102413;67.01881;100.0;0.15818532;155.62238;1017.334;0.15958548;-0.06116368;0.0;0.16596913;0.16596913;0.0;0.15577301;822.57556;3517.5278;-1524.7911;4033.0295;-44.90889;-102.115555
1953-11-28;-14.12178;-17.187174;-17.8542;744.0042;1.5439738;34.029156;100.0;0.16039157;157.3639;1017.6595;8.42725;0.0038808212;0.0;0.16494095;0.16494095;0.0;8.424454;556.7011;2313.0366;-270.75168;5315.128;4.3044443;4.058889
1953-11-29;-14.862636;-17.59877;-15.411487;744.1965;0.9999886;82.553825;100.0;0.17235942;150.97752;1140.8285;5.7568936;-0.018919818;0.0;0.16393512;0.16392767;0.0;5.753525;534.3478;2294.2544;-837.6111;4796.4756;-13.353333;-72.424446
1953-11-30;-16.100954;-22.615088;-20.352964;747.7769;1.4194068;12.206875;100.0;0.1733309;155.23924;1117.1875;0.006693191;-0.021838583;0.0;0.1629293;0.16293675;0.0;0.006273389;833.38;3476.2512;-1298.5344;3822.2644;-14.724444;21.502222
1953-12-01;-12.833346;-21.406534;-22.466087;748.9959;1.4908423;7.935547;100.0;0.17334843;158.42772;1094.7266;0.0;-0.0022929162;0.0;0.16196072;0.16195327;0.0;0.0;847.69446;3441.1455;-1046.4728;4030.2373;0.40222222;123.76111
1953-12-02;-8.624408;-21.093157;-21.953337;748.8836;1.045461;202.40556;100.0;0.1733712;161.41046;1074.6664;0.0008523463;-0.008620322;0.0;0.16097724;0.1609847;0.0;0.0;860.87164;3404.2344;-1040.6727;4100.223;-4.448889;124.85222
1953-12-03;-10.9081335;-17.57944;-21.229023;746.28394;1.5989546;44.908955;100.0;0.17344785;164.36554;1055.7861;0.08832216;0.023958273;0.0;0.16003847;0.16002357;0.0;0.08745864;661.92334;2551.8567;-789.45276;4459.549;20.044445;132.51111
1953-12-04;-10.849858;-17.425238;-21.177256;749.37933;1.9831637;14.877866;100.0;0.17352998;167.38116;1037.3535;0.00095882686;0.023342669;0.0;0.1590848;0.15909225;0.0;0.00010803342;891.5322;3356.101;-1176.642;4008.9885;20.30889;187.62445
1953-12-05;-8.7659;-16.378698;-20.224348;751.3018;1.7559385;12.885489;100.0;0.17357151;170.38344;1019.6533;0.0017123112;0.016232952;0.0;0.15816092;0.15815347;0.0;0.0;889.5672;3268.3333;-982.13;4355.08;14.824445;169.54222
1953-12-06;-8.355278;-14.322154;-18.751307;749.563;1.2840894;7.1995416;100.0;0.17361815;173.63377;1000.529;0.0021365404;0.0194069;0.0;0.15723705;0.15723705;0.0;0.0;906.92834;3253.6855;-1011.01776;4429.8066;17.27111;107.12778
1953-12-07;-7.867082;-15.898388;-18.21414;747.1455;0.79355645;144.82794;100.0;0.17365019;177.00453;981.9743;0.0008523463;-0.0067856163;0.0;0.15632808;0.15632808;0.0;0.0;926.82947;3248.5278;-1008.4867;4458.273;-2.9677777;59.212223
1953-12-08;-10.108758;-15.191757;-17.413927;744.9729;0.963736;103.4022;100.0;0.17388172;180.04816;966.55273;0.95030963;0.0005988404;0.0;0.15544891;0.15544146;0.0;0.9469949;837.7339;2873.7378;-606.01556;5017.85;2.191111;18.173334
1953-12-09;-12.677356;-16.66664;-15.5862875;747.3384;1.6282707;27.360533;100.0;0.17481367;182.57745;958.4554;0.12199581;-0.019957311;0.0;0.15455484;0.1545623;0.0;0.1189895;843.0039;2899.8523;-1245.0762;4352.008;-13.4777775;8.45
1953-12-10;-15.419255;-20.347383;-18.976562;748.0815;1.5983691;14.088183;100.0;0.17484324;185.85675;941.5283;0.0038784766;-0.009218231;0.0;0.15369058;0.15368313;0.0;0.002168119;954.25555;3206.2412;-1334.8517;3932.8835;-5.0877776;19.606667
1953-12-11;-13.443753;-21.908463;-20.94606;747.0721;1.26884;18.89598;100.0;0.17486095;188.40167;928.7923;0.0017117509;-0.011063181;0.0;0.15282631;0.15283376;0.0;0.0;993.9911;3267.9211;-1243.2483;3913.8313;-6.5844445;73.08444
1953-12-12;-12.225548;-20.298178;-19.791159;745.576;1.4033079;22.233603;100.0;0.17487197;190.77016;917.2363;0.012734532;-0.014222227;0.0;0.15197694;0.1519844;0.0;0.010125339;867.3628;2795.5488;-741.82446;4670.0176;-9.232778;59.82111
1953-12-13;-12.001129;-16.904043;-17.794037;746.3413;1.3327808;26.889427;100.0;0.17493598;193.37401;905.27344;0.14932454;-0.0030668452;0.0;0.15115738;0.15115738;0.0;0.14661998;976.66833;3082.8733;-890.69775;4649.501;-0.5366667;15.255555
1953-12-14;-10.864053;-14.290814;-14.794383;743.28656;1.4384171;24.283442;100.0;0.17530923;195.89484;895.22296;1.3473809;-0.008970499;0.0;0.15032291;0.15032291;0.0;1.3439581;926.0994;2882.4568;-694.03973;5178.6455;-4.96;-9.952222
1953-12-15;-10.069134;-13.732404;-12.771408;743.4805;1.1448365;34.311886;100.0;0.17671196;197.53839;895.42645;0.2880752;-0.034397468;0.0;0.14951825;0.1495108;0.0;0.2854839;781.7083;2494.2156;-878.88947;5069.055;-24.911112;-28.735556
1953-12-16;-11.73233;-14.580565;-13.628499;743.6926;1.0457218;30.903193;100.0;0.17690162;200.94594;880.7373;0.59963197;-0.029426068;0.0;0.14869869;0.14869869;0.0;0.5970523;893.1178;2796.0188;-784.01276;5080.261;-20.884445;-67.74
1953-12-17;-10.739219;-12.62339;-12.14243;743.29425;0.6990549;113.65649;100.0;0.1780668;202.08983;881.71387;1.0993272;-0.031263568;0.0;0.14790893;0.14790148;0.0;1.0678582;719.0256;2276.2966;-597.39777;5461.181;-22.928888;-67.07
1953-12-18;-10.126767;-12.968099;-11.091632;742.48486;0.71313286;89.331795;100.0;0.17906363;204.05077;877.7669;2.7884872;-0.056978315;0.0;0.14711916;0.14711916;0.0;2.784159;844.4133;2668.1533;-698.07275;5425.778;-42.236668;-77.91333
1953-12-19;-9.419555;-11.232604;-9.722629;740.0645;0.7908198;87.451324;100.0;0.19059817;189.36131;1004.9642;16.013834;-0.01962576;0.0;0.1463443;0.1463443;0.0;16.01132;270.25333;1026.14;-230.29056;6070.06;-14.773334;-49.854443
1953-12-20;-11.604961;-13.9123335;-11.67888;738.4379;0.68285364;95.408875;100.0;0.19979198;182.18846;1097.0052;3.3161342;-0.021145679;0.0;0.14558434;0.14558434;0.0;3.3078604;526.08386;2165.801;-656.3456;5303.85;-14.994445;-68.865555
1953-12-21;-12.704009;-16.982199;-14.466419;741.21796;0.8588658;27.058268;100.0;0.20164955;184.23695;1095.8252;0.13146354;-0.020824373;0.0;0.14480948;0.14482439;0.0;0.12499839;713.29834;2902.328;-1360.6677;4182.7715;-14.052222;-34.352222
1953-12-22;-15.950261;-18.998537;-19.10507;743.76984;0.9781213;81.25919;100.0;0.20171618;187.97948;1074.056;0.06222129;0.0031162053;0.0;0.14409423;0.14407933;0.0;0.0583902;783.42;3101.8232;-1144.9745;4080.556;3.9033334;-17.653334
1953-12-23;-16.729172;-20.847876;-21.112984;743.80365;1.0422257;46.009937;100.0;0.2018044;190.66176;1059.733;0.01603663;0.0037932768;0.0;0.14333427;0.14334172;0.0;0.015180558;809.1617;3125.6777;-1299.9917;3755.8545;4.351111;9.674444
1953-12-24;-13.126335;-20.338789;-22.743872;742.3201;0.67998624;153.97029;100.0;0.20211375;192.22523;1051.8799;2.2787452;-0.0031664968;0.0;0.14263391;0.14261156;0.0;2.2769048;754.3494;2842.2556;-525.92;4625.948;-1.1333333;42.77667
1953-12-25;-10.301757;-11.644249;-16.619719;741.5879;0.64190865;220.10942;100.0;0.20857032;182.10089;1144.4092;8.002183;0.02416037;0.0;0.14188886;0.14188886;0.0;7.998742;303.16446;1190.8578;290.29443;6195.989;19.115;3.8922222
1953-12-26;-9.55589;-10.616833;-11.474944;743.1989;0.98899275;224.11421;100.0;0.21722908;177.73793;1222.1273;6.824579;0.0146161765;0.0;0.1411885;0.1411885;0.0;6.8203135;262.58667;1081.4944;6.957222;6252.0557;11.935555;-32.212223
1953-12-27;-11.449646;-17.33382;-12.92651;744.22705;0.90042704;161.78578;100.0;0.21975593;182.39613;1206.2988;0.056396812;-0.049212947;0.0;0.14047325;0.1404807;0.0;0.053830445;753.6089;3092.6377;-1462.6289;4201.1313;-35.75778;-39.224445
1953-12-28;-10.060645;-21.898817;-18.322708;744.1372;0.8468735;189.03105;100.0;0.21976626;186.96776;1177.124;0.020438433;-0.025417656;0.0;0.13977289;0.13978034;0.0;0.019960105;797.9033;3188.0967;-1033.5778;4305.827;-17.56889;48.656666
1953-12-29;-9.257493;-15.931225;-17.17247;745.4129;0.9751231;92.098625;100.0;0.2198122;190.69691;1154.0934;0.020235777;0.0032167882;0.0;0.13908744;0.13908744;0.0;0.018958002;800.22833;3117.5867;-914.37836;4635.3867;4.538889;39.61111
1953-12-30;-9.187953;-19.073967;-17.388445;747.4529;1.0192243;154.56541;100.0;0.21985109;194.39972;1132.2021;0.05800128;-0.02249889;0.0;0.13843179;0.13840199;0.0;0.053226948;852.235;3238.7344;-816.44;4717.556;-14.997778;46.73111
1953-12-31;-4.079651;-8.722089;-12.516887;745.77313;0.5278909;257.82568;100.0;0.22309501;196.16534;1136.2711;13.73136;0.016192906;0.0;0.13773143;0.13773143;0.0;13.298609;421.985;1567.8267;328.9539;6684.6826;13.47;11.315556
1954-01-01;-4.1319885;-4.628347;-6.7741485;742.7024;1.2049749;207.73961;100.0;0.24526437;190.58234;1286.0922;15.775349;0.036573038;0.0;0.13707578;0.13706833;0.0;15.612274;211.10167;900.0845;76.65056;6801.552;28.895555;-2.9144444
1954-01-02;-5.5196633;-6.562815;-4.938446;740.4654;0.9792554;214.26353;100.0;0.25901517;194.01854;1334.3912;16.156757;-0.0815196;0.0;0.13640523;0.13641268;0.0;16.06398;442.20166;1891.1989;-315.57333;6418.8438;-62.0;-121.905556
1954-01-03;-7.208303;-8.2560835;-5.6994996;737.4235;0.8677101;201.27986;100.0;0.27251992;195.80467;1392.0898;9.765121;-0.10710582;0.0;0.13576448;0.13575703;0.0;9.760387;361.31055;1555.81;-298.53278;6314.947;-82.71222;-159.65666
1954-01-04;-9.484173;-10.948848;-7.6353836;739.29144;0.7542715;245.92906;100.0;0.28332806;194.49054;1456.9498;6.3667803;-0.05843863;0.0;0.13510883;0.13511628;0.0;6.3624196;573.455;2472.531;-726.56335;5602.8667;-43.793335;-130.31223
1954-01-05;-11.713357;-15.923207;-11.218661;740.5986;0.86550874;133.03047;100.0;0.28481063;201.57973;1414.7949;0.012809038;-0.100784004;0.0;0.13446808;0.13446808;0.0;0.011071563;753.06665;3165.6477;-1245.8706;4566.3647;-76.248886;-181.65555
1954-01-06;-11.426036;-14.432157;-14.19186;739.92;0.611613;278.96545;100.0;0.28512505;206.77342;1380.0049;0.7932544;-0.0076983124;0.0;0.13384223;0.13383478;0.0;0.7920265;706.62665;2893.2957;-613.82446;5191.545;-4.19;-65.82333
1954-01-07;-10.780084;-12.62426;-12.687945;742.01904;0.61784476;161.26297;100.0;0.28742763;208.76105;1377.0345;4.6793103;-0.012082979;0.0;0.13321638;0.13320893;0.0;4.676718;523.6739;2102.459;-256.38278;5790.497;-8.0;-72.92555
1954-01-08;-7.8996086;-8.798905;-9.70023;739.7937;1.2330556;218.03627;100.0;0.3036469;200.13507;1514.445;28.056353;0.024564564;0.0;0.13259053;0.13259798;0.0;28.051659;199.17722;835.75446;109.876114;6531.703;19.42;-18.03
1954-01-09;-8.91022;-10.188659;-8.364839;740.64545;0.9596868;229.8019;100.0;0.32200646;196.93617;1636.5967;4.1499615;-0.038677827;0.0;0.13197958;0.13198704;0.0;4.1428766;569.205;2460.43;-512.53;5844.142;-28.243334;-111.74
1954-01-10;-8.764473;-10.249893;-8.232984;739.05035;0.76395386;190.80833;100.0;0.3264016;202.89809;1608.3578;10.266185;-0.0661565;0.0;0.13139844;0.13136864;0.0;10.26006;406.02;1711.5911;-233.09666;6180.181;-50.523335;-113.29889
1954-01-11;-8.693412;-9.816857;-7.689546;734.4954;1.046937;202.09813;100.0;0.34585306;196.72035;1755.4117;25.412903;-0.08966867;0.0;0.13077259;0.13077259;0.0;25.40631;291.30444;1244.1433;-76.95944;6391.609;-69.562225;-165.93777
1954-01-12;-8.962112;-10.0057745;-7.7176056;737.2925;1.6597306;195.17827;100.0;0.37781027;189.20668;1994.5883;27.35799;-0.089475885;0.0;0.13019145;0.13019145;0.0;27.341553;199.74834;869.20886;-77.441666;6353.9146;-69.791664;-168.1489
1954-01-13;-13.206212;-14.864026;-9.660024;737.7188;1.5710168;176.59648;100.0;0.3980458;190.48207;2090.2913;11.651519;-0.16075;0.0;0.1296103;0.1296103;0.0;11.646796;483.52444;2101.6677;-650.7883;5416.711;-124.89333;-331.1422
1954-01-14;-15.595759;-21.954643;-15.929447;742.2985;0.8769417;120.861145;100.0;0.40082648;198.3307;2023.3154;0.012284517;-0.057451427;0.0;0.12901425;0.12902915;0.0;0.011339784;836.225;3549.98;-1604.1378;3712.0425;-42.48;-112.327774
1954-01-15;-13.706677;-24.749437;-21.659012;745.096;0.9264758;98.098816;100.0;0.40082583;203.66339;1969.3604;0.0004351138;-0.02158247;0.0;0.12843311;0.12844801;0.0;0.0;895.64667;3699.2778;-1455.9678;3491.7905;-14.536667;59.68111
1954-01-16;-13.040927;-21.681726;-23.249313;746.31134;0.97701496;170.80241;100.0;0.40083802;207.40492;1933.9193;0.000856086;0.0019129366;0.0;0.12786686;0.12787431;0.0;0.0;901.93555;3626.2278;-1263.3206;3678.5552;3.2944446;80.12334
1954-01-17;-13.655406;-23.97799;-24.08692;746.8115;1.5032641;8.688541;100.0;0.40085885;210.66534;1904.2562;0.00085532654;-0.008136034;0.0;0.12731552;0.12730062;0.0;0.0;946.03723;3706.1523;-1183.0961;3741.2966;-4.1944447;140.86223
1954-01-18;-9.60365;-23.885126;-22.897987;743.1362;0.9383983;184.50536;100.0;0.40087333;213.86098;1875.6104;0.0012934208;-0.019092113;0.0;0.12673438;0.12674928;0.0;0.0;958.8722;3662.419;-1003.6561;4092.1313;-12.53;103.31778
1954-01-19;-9.28378;-19.715933;-21.435633;743.5671;0.6523831;269.9755;100.0;0.4008986;217.24315;1846.8832;0.18957438;-0.012744218;0.0;0.12619793;0.12619048;0.0;0.18781424;976.5994;3638.9934;-733.56445;4533.019;-7.7155557;55.555557
1954-01-20;-9.06427;-11.040768;-15.923308;739.40967;0.8778243;191.00453;100.0;0.4047346;217.9964;1854.899;17.037033;0.018969178;0.0;0.12563169;0.12563914;0.0;17.03104;642.86945;2371.1367;58.54;6066.968;16.1;-25.263334
1954-01-21;-12.316054;-14.236274;-12.431508;733.86505;1.1589581;194.86035;100.0;0.4353334;200.05727;2174.3164;18.922974;-0.049147755;0.0;0.12511015;0.1251027;0.0;18.916645;443.55612;1925.6156;-376.05222;5641.5635;-37.326668;-98.992226
1954-01-22;-12.330983;-14.132438;-12.48219;738.4072;1.2450737;216.4427;100.0;0.44314623;202.74608;2187.1746;7.648787;-0.04618615;0.0;0.12457371;0.12456626;0.0;7.646419;580.565;2470.31;-299.95444;5728.0366;-34.6;-145.20555
1954-01-23;-10.177943;-12.107335;-11.650036;742.80524;0.67941624;221.01338;100.0;0.44862244;207.63702;2163.8997;0.8422911;-0.018814579;0.0;0.124022365;0.124029815;0.0;0.8359328;675.3289;2870.9133;-753.4117;5249.2524;-12.474444;-76.28889
1954-01-24;-7.8719215;-9.301525;-10.118274;742.934;0.63114053;144.9633;100.0;0.45158878;214.8828;2103.1086;6.480652;-0.0027641654;0.0;0.123500824;0.123500824;0.0;6.4771996;406.63055;1686.5745;101.056114;6511.96;-0.96444446;-58.79
1954-01-25;-6.435917;-7.427339;-7.164457;742.4111;1.0880378;208.29494;100.0;0.45959833;220.86098;2082.8857;7.136286;-0.032262877;0.0;0.12297928;0.12297928;0.0;7.132329;497.27722;2089.2744;-141.76167;6479.3354;-23.484444;-113.39555
1954-01-26;-5.903942;-7.026409;-5.6773987;741.34845;1.2477435;199.32948;100.0;0.46676943;228.7503;2042.2363;7.614279;-0.101996586;0.0;0.12245774;0.12246519;0.0;7.6053514;644.10834;2719.54;-308.6739;6387.079;-77.01444;-169.77888
1954-01-27;-7.059017;-7.8746247;-5.4772987;735.7216;1.5066525;195.84465;100.0;0.49487638;225.43456;2192.627;34.30809;-0.095108524;0.0;0.1219511;0.12194365;0.0;34.302013;209.07333;912.86444;-194.68611;6427.2476;-74.14;-154.07222
1954-01-28;-10.535317;-12.504767;-8.10614;736.98;1.5275184;224.33446;100.0;0.5071189;231.138;2196.7773;1.7243028;-0.09938516;0.0;0.121444464;0.12143701;0.0;1.7163306;835.7206;3591.89;-1233.8639;4916.276;-74.744446;-144.03334
1954-01-29;-10.815642;-17.629389;-11.866055;741.92993;0.6392584;184.66554;100.0;0.5078929;239.17738;2125.3662;0.102090836;-0.07903576;0.0;0.120937824;0.12092292;0.0;0.09907782;949.4972;3982.331;-1370.24;4402.2695;-57.767776;-114.57222
1954-01-30;-9.67203;-12.376923;-12.372559;740.9244;0.6152635;255.4688;100.0;0.511157;241.64745;2115.4785;5.163526;-0.0062119216;0.0;0.120431185;0.120423734;0.0;5.159423;525.22833;2171.7344;-161.18167;5951.8047;-3.548889;-76.405556
1954-01-31;-8.910024;-11.338166;-11.142249;743.882;0.80913335;176.11443;100.0;0.51324767;246.52245;2083.8215;0.048813224;-0.026656315;0.0;0.11993945;0.119924545;0.0;0.045746565;945.3872;3878.5444;-1046.2589;4968.247;-17.157778;-98.35667
1954-02-01;-9.209076;-11.290242;-11.313325;743.6276;0.9848015;159.26404;100.0;0.51332265;253.01984;2030.599;0.084630735;-0.015184283;0.0;0.11943281;0.11943281;0.0;0.08199364;853.685;3408.676;-859.7539;5198.4146;-8.808888;-78.861115
1954-02-02;-8.620488;-12.62078;-11.6799555;744.56647;0.9218948;161.13081;100.0;0.5133716;258.95834;1984.0494;0.006431341;-0.04777871;0.0;0.11894107;0.11893362;0.0;0.004723668;1032.56;4022.7534;-1235.4567;4701.791;-33.254444;-88.251114
1954-02-03;-6.7883506;-8.893401;-11.341537;741.95337;1.2591273;239.37364;100.0;0.5156106;262.67252;1962.4838;12.288025;0.030443072;0.0;0.11844933;0.11844933;0.0;12.281015;716.36224;2729.0144;-279.97333;5978.1035;25.45;-37.217777
1954-02-04;-8.741623;-10.627232;-8.828294;738.6309;0.9092038;202.50288;100.0;0.5383823;250.63737;2144.9788;29.605839;-0.07004477;0.0;0.117987394;0.11797249;0.0;29.598885;616.4061;2636.7512;-372.55945;6030.669;-52.578888;-137.18445
1954-02-05;-9.035843;-11.046807;-8.600586;739.88153;0.5787654;209.3109;100.0;0.56662565;232.07387;2440.8367;14.231825;-0.078005716;0.0;0.117495656;0.117495656;0.0;14.227293;561.62;2441.4517;-359.5136;5994.6973;-58.918888;-132.79
1954-02-06;-9.83954;-11.661752;-8.595966;740.9585;0.93288094;214.25795;100.0;0.5779509;234.3102;2468.221;7.0970654;-0.08730963;0.0;0.11703372;0.11702627;0.0;7.095285;806.7178;3483.41;-753.0486;5531.187;-65.44889;-195.4589
1954-02-07;-9.11842;-14.377225;-9.4907465;739.5703;0.8591264;69.337654;100.0;0.5802911;242.70311;2393.3105;3.3809035;-0.114819035;0.0;0.11655688;0.11655688;0.0;3.3795686;909.1544;3831.0;-835.6522;5363.349;-85.16111;-168.37334
1954-02-08;-8.759811;-10.473432;-8.831783;732.92303;0.9464027;142.46999;100.0;0.5877469;245.74217;2392.334;7.710117;-0.051458366;0.0;0.11609495;0.1160875;0.0;7.702462;560.63666;2370.8123;-281.845;6122.291;-38.314445;-138.78555
1954-02-09;-10.2511635;-11.862094;-8.801639;735.5837;1.0770756;178.72937;100.0;0.593285;250.6533;2368.5303;3.3989239;-0.09021629;0.0;0.11563301;0.11561811;0.0;3.3881328;877.44055;3699.9116;-869.18585;5349.5376;-67.565;-218.23555
1954-02-10;-9.233163;-11.288914;-9.227515;736.7768;0.6772403;143.72478;100.0;0.6046218;248.23338;2433.9192;16.356354;-0.0776751;0.0;0.115171075;0.115171075;0.0;16.35075;525.35333;2247.2566;-315.8825;5996.708;-58.953335;-126.48444
1954-02-11;-8.304933;-10.328427;-8.32996;740.99176;0.57770973;185.77516;100.0;0.6248599;242.14777;2578.4912;21.943401;-0.06205961;0.0;0.11470914;0.11472404;0.0;21.935507;416.78888;1802.3456;-279.53665;6131.075;-47.215557;-99.26889
1954-02-12;-7.8559813;-9.365237;-7.832279;743.13184;0.5671659;165.1237;100.0;0.6427829;240.66112;2670.3694;17.035416;-0.0360813;0.0;0.114277005;0.114277005;0.0;17.032415;411.90887;1771.0605;-228.10834;6239.257;-26.844444;-108.473335
1954-02-13;-6.532528;-7.603298;-7.021435;743.2798;0.5110269;189.13673;100.0;0.65686375;243.91827;2694.4988;9.167775;-0.030299649;0.0;0.11384487;0.11384487;0.0;9.16297;380.29;1635.9155;-146.72166;6430.062;-22.48889;-87.79
1954-02-14;-5.77881;-7.350979;-6.4146066;742.7669;0.8480744;80.52682;100.0;0.66184765;253.6198;2612.9558;1.0415628;-0.074969605;0.0;0.11339784;0.113390386;0.0;1.0373294;713.3345;3038.9866;-758.69275;5737.1406;-55.135555;-111.681114
1954-02-15;-6.893374;-9.75274;-7.1915946;737.2973;1.6743046;27.745926;100.0;0.66214657;264.1797;2508.9924;0.019195708;-0.10270625;0.0;0.1129508;0.1129508;0.0;0.015370548;934.465;3880.7622;-975.5972;5436.812;-75.248886;-89.78778
1954-02-16;-7.643421;-14.954342;-9.028775;739.2913;1.0766544;51.560337;100.0;0.6620968;272.72232;2429.7283;0.0058111427;-0.14169514;0.0;0.11250377;0.11250377;0.0;0.00410527;1202.1862;4850.777;-1579.4266;4490.318;-104.42111;-145.21666
1954-02-17;-7.3189735;-14.954249;-12.286438;743.2482;0.90546083;185.25142;100.0;0.6620757;278.8561;2375.8137;0.0023610445;-0.06644428;0.0;0.11205673;0.11206418;0.0;0.00012665987;1283.8606;5047.6523;-1686.2572;4066.933;-46.578888;-47.70889
1954-02-18;-5.5704637;-10.4904175;-12.653713;745.7486;0.81513304;258.29358;100.0;0.6621179;283.62793;2335.9783;0.34559667;-0.031656586;0.0;0.1116246;0.1116246;0.0;0.34168363;1222.5044;4687.2134;-891.5944;5135.1436;-20.084444;-56.113335
1954-02-19;-5.4557495;-6.1093445;-9.411896;741.66705;1.3028437;209.73692;100.0;0.6796985;277.59506;2444.2546;42.500584;0.04492514;0.0;0.111207366;0.111199915;0.0;42.39843;297.95334;1214.6989;222.7111;6772.645;35.465557;-4.4311113
1954-02-20;-4.7686057;-5.3302407;-6.3384194;740.5533;0.99127;217.15282;100.0;0.72035855;264.51596;2722.697;16.777033;0.009529293;0.0;0.110805035;0.11079013;0.0;16.657352;294.12445;1286.5078;-69.95333;6642.63;8.3;-37.996666
1954-02-21;-5.3130593;-6.698498;-5.318573;747.7773;0.7867403;222.88531;100.0;0.7254925;273.0026;2660.4817;0.6884693;-0.1265835;0.0;0.1103729;0.11038035;0.0;0.68327415;907.56836;3874.5134;-563.905;6156.1123;-94.39111;-196.92778
1954-02-22;-5.9806724;-11.615979;-6.069631;750.0612;0.9741807;53.095078;100.0;0.72571087;282.84702;2568.0745;0.008016825;-0.20700134;0.0;0.10994077;0.10994822;0.0;0.0071562827;1199.0889;4994.114;-1407.6139;4969.8237;-154.85222;-260.7678
1954-02-23;-5.588057;-13.581023;-9.138748;742.5391;0.8674467;108.36327;100.0;0.7260905;289.7653;2506.7952;3.289754;-0.11344999;0.0;0.109523535;0.109516084;0.0;3.2767951;1317.2206;5341.077;-1292.8345;4851.7676;-81.72444;-85.81111
1954-02-24;-6.2401223;-7.5586815;-7.6373672;738.127;0.8617749;175.97383;100.0;0.73514223;287.5179;2556.8035;7.7534;-0.06452203;0.0;0.1091063;0.1091063;0.0;7.74198;979.41;4122.2056;-614.9289;5919.0757;-46.075554;-176.13
1954-02-25;-6.832296;-8.566411;-6.951477;741.5652;0.99523276;199.86053;100.0;0.7388908;291.74936;2533.6506;3.7110388;-0.1498945;0.0;0.10868907;0.10869652;0.0;3.706202;1006.0222;4170.723;-652.8711;5879.293;-112.77;-221.45555
1954-02-26;-7.245794;-8.269734;-6.613304;738.54834;0.7316108;148.56667;100.0;0.7512848;289.5355;2593.872;17.790403;-0.04272349;0.0;0.10828674;0.10829419;0.0;17.784018;401.92557;1690.2228;-494.4572;6002.0557;-32.18778;-93.09472
1954-02-27;-8.895718;-12.105907;-7.9780555;738.22675;0.8569422;37.10938;100.0;0.760004;290.5918;2616.7805;2.2617936;-0.15312898;0.0;0.10788441;0.10789931;0.0;2.2537074;893.4039;3818.1167;-926.1767;5364.082;-115.545555;-193.73445
1954-02-28;-9.306741;-11.77948;-9.285862;744.1804;0.9393787;107.02177;100.0;0.76157445;295.54037;2578.2878;1.6014457;-0.087025575;0.0;0.10749698;0.10749698;0.0;1.5969203;1082.8855;4521.3706;-795.957;5450.6035;-63.252224;-213.79666
1954-03-01;-7.496338;-13.667211;-9.297295;749.16974;0.6867979;114.90005;100.0;0.76277274;300.2067;2542.155;0.02893973;-0.099024735;0.0;0.107094646;0.107087195;0.0;0.028081238;1350.7389;5535.222;-1659.3737;4404.731;-70.53;-162.3211
1954-03-02;-7.7423096;-17.764437;-11.658306;750.9416;1.1386176;46.721622;100.0;0.7627535;305.06152;2501.9531;0.002294778;-0.11775922;0.0;0.106692314;0.10667741;0.0;0.0005811453;1441.1716;5747.392;-1741.4514;4095.9263;-84.39778;-85.861115
1954-03-03;-5.030538;-19.848486;-12.681781;748.8985;0.86474305;155.52551;100.0;0.7627261;308.98862;2469.8894;0.0;-0.120375305;0.0;0.10628253;0.10628253;0.0;0.0;1403.2306;5454.831;-1358.7563;4559.4795;-87.025;-38.322777
1954-03-04;-5.321312;-17.29981;-12.58678;746.22797;0.8001844;248.12215;100.0;0.76269245;312.65527;2440.8367;0.00044107434;-0.10348298;0.0;0.10588765;0.10588765;0.0;0.0;1494.7909;5667.3574;-1581.4839;4284.8486;-74.03555;-73.96889
1954-03-05;-4.882641;-14.695842;-12.419479;744.7207;1.0261772;85.544586;100.0;0.76275927;316.01205;2415.0798;0.93574524;-0.09747781;0.0;0.10548532;0.10549277;0.0;0.93372166;1535.2056;5678.7827;-1039.6997;5053.35;-68.97444;-67.416664
1954-03-06;-5.3946633;-7.767657;-8.934814;741.3552;1.4015216;37.386917;100.0;0.77694386;310.00098;2503.9062;24.103985;-0.034606084;0.0;0.10509789;0.10510534;0.0;23.83843;625.54974;2553.6084;-56.550556;6530.13;-24.377777;-56.058887
1954-03-07;-4.069519;-6.4117126;-6.537008;739.7154;1.2222093;38.887573;100.0;0.8019581;300.2181;2670.0032;17.060822;-0.047655776;0.0;0.10472536;0.10473281;0.0;16.847372;547.349;2391.8738;-300.61;6365.8516;-34.645557;-57.099167
1954-03-08;-3.9521587;-6.2724204;-5.529897;743.3234;0.73924774;117.13165;100.0;0.807391;304.60123;2652.2217;1.8916816;-0.10171346;0.0;0.10436773;0.10435283;0.0;1.6114712;1058.5787;4517.334;-799.35114;5859.0957;-73.69444;-171.72778
1954-03-09;-3.5301616;-4.663676;-4.6338754;745.7617;0.75642085;246.04378;100.0;0.8093169;310.8623;2605.0212;1.7661835;-0.10812096;0.0;0.1039803;0.10397285;0.0;1.6601831;1059.5514;4401.572;-571.2317;6271.25;-79.27889;-211.82556
1954-03-10;-3.299703;-5.315969;-3.744344;746.2746;0.864202;134.73866;100.0;0.81083775;317.32553;2556.4373;3.3331573;-0.19037537;0.0;0.10359287;0.10360032;0.0;2.9204824;1123.045;4521.3384;-776.48114;6091.878;-142.73445;-209.8689
1954-03-11;-3.832011;-5.6277466;-3.6592255;744.47406;0.7156894;210.42903;100.0;0.81417876;322.08203;2529.3376;1.8898077;-0.21468848;0.0;0.10322034;0.10322034;0.0;1.8195659;1185.4998;4707.973;-868.27057;5929.0957;-161.83778;-242.30888
1954-03-12;-3.6690571;-6.2972817;-3.9303436;745.7491;0.75481033;152.26949;100.0;0.81495595;328.06934;2485.5957;0.16788542;-0.268721;0.0;0.102847815;0.102847815;0.0;0.15973672;1247.1064;4812.293;-937.655;5827.3228;-203.78444;-237.19333
1954-03-13;-2.4606628;-4.805186;-4.0966187;745.11426;0.74177545;136.40315;100.0;0.81595355;333.21094;2449.585;5.0617633;-0.17136243;0.0;0.102475286;0.102475286;0.0;4.719626;1182.8369;4415.4893;-767.67804;6058.3594;-128.11945;-175.84222
1954-03-14;-2.896077;-4.450595;-3.1306298;739.8129;0.86667085;92.684456;100.0;0.82623243;331.91882;2489.0454;10.066226;-0.15003979;0.0;0.10211766;0.10211021;0.0;9.855475;555.54443;2224.2043;-220.38222;6752.6987;-115.05666;-122.7025
1954-03-15;-3.5671284;-4.8078003;-2.7622426;745.86646;0.9937458;216.98627;100.0;0.832514;333.5026;2497.8027;1.9677265;-0.2357401;0.0;0.10174513;0.10174513;0.0;1.9408987;1369.3258;5544.28;-1047.2147;5832.838;-177.30444;-302.55112
1954-03-16;-3.6670227;-5.0977173;-3.2017822;746.7353;0.95741504;182.77893;100.0;0.8337074;338.5817;2463.8264;1.23896;-0.25865063;0.0;0.1013875;0.1013875;0.0;1.2135953;1158.9231;4526.227;-770.4583;6090.5054;-196.7589;-268.01556
1954-03-17;-2.096527;-4.04953;-2.808314;745.3582;0.6474862;223.33382;100.0;0.8396468;340.38803;2465.7795;20.36232;-0.1761876;0.01898408;0.12001395;0.10102242;0.030912459;17.357458;1111.2417;4323.425;-611.0283;6348.1543;-131.80667;-202.21
1954-03-18;-2.8354187;-3.5608113;-1.211792;740.73145;1.1138898;189.16817;100.0;0.87541085;326.45215;2680.135;22.474134;-0.2572071;0.03810227;0.13875961;0.100672245;0.19830093;21.050316;1014.9483;4172.2046;-563.38165;6514.6123;-196.21556;-338.8989
1954-03-19;-3.4802551;-4.5910697;-1.4509481;746.62524;1.0146546;173.07558;100.0;0.8872716;327.00195;2715.3728;5.14778;-0.37057698;0.0;0.10031462;0.10031462;0.0;5.027302;1263.8369;4725.7944;-805.9672;6180.851;-284.21222;-391.34332
1954-03-20;-2.7075806;-5.8130097;-1.8430176;749.8081;0.9387965;129.968;100.0;0.8879445;334.66568;2656.0872;0.009953976;-0.37890673;0.0;0.09995699;0.09995699;0.0;0.009872019;1958.3514;6399.3267;-1752.0511;5072.1274;-286.5289;-305.20334
1954-03-21;-0.2624105;-7.8001237;-2.7038677;749.6384;0.96579105;117.12866;100.0;0.8877762;341.6354;2601.1963;0.0017374754;-0.3009159;0.0;0.09958446;0.09959191;0.0;0.0008754432;2086.4675;6284.203;-1557.2125;5285.2744;-224.3189;-132.38777
1954-03-22;1.9677328;-6.353363;-1.4775137;751.57404;0.86964726;175.72743;100.0;0.88740444;348.80142;2546.9563;0.0008557393;-0.2530003;0.0385046;0.13772398;0.09922683;0.4540123;0.0;2275.0278;6502.493;-1611.6528;5384.8413;-185.63722;-153.60556
1954-03-23;0.72732544;-1.6962687;-0.46140543;746.73773;0.5841262;234.21228;100.0;0.8911535;357.11948;2497.2332;29.569263;-0.067969784;2.3546367;2.4535208;0.098876655;0.76125;4.02176;780.72;2064.274;-136.41306;7069.905;-50.53611;-89.498886
1954-03-24;-0.9353129;-2.9546814;-0.053044636;739.2874;0.5389529;192.03648;100.0;0.90517694;354.32748;2554.8503;13.768702;-0.16903412;0.71945786;0.81801414;0.09854138;2.5304704;9.609472;876.8139;3118.7327;-700.9144;6465.688;-126.36667;-119.15444
1954-03-25;-1.7850647;-2.521993;-0.1214447;741.0947;0.83339447;231.24089;100.0;0.9078024;357.9756;2537.4756;3.8186715;-0.320483;0.21459907;0.31281263;0.09821355;1.445312;3.1405947;1290.9772;4150.7686;-603.3333;6602.388;-243.93889;-329.49777
1954-03-26;-2.959605;-3.8208416;-0.14422607;742.72626;1.1756544;210.86285;100.0;0.9148474;358.6979;2549.7234;16.398403;-0.47639757;0.039979815;0.13786554;0.09788573;0.23858435;15.7254305;1180.836;3738.6572;-536.085;6600.0376;-367.61;-448.6911
1954-03-27;-3.3089497;-6.286631;-0.42723593;743.9981;0.89731646;147.83308;100.0;0.9249735;356.78027;2594.3196;1.4323294;-0.5481746;0.011965632;0.109523535;0.09756535;0.09640679;1.3261698;1777.65;6153.117;-1546.4253;5369.7256;-416.87778;-345.31445
1954-03-28;-2.3371785;-8.260193;-0.944575;748.376;0.89680535;77.5335;100.0;0.92540854;363.2106;2550.008;0.0005394219;-0.43215042;0.0;0.09723008;0.09723008;0.0;0.00010803342;2283.771;6883.6035;-2005.6398;4782.152;-322.01666;-256.84888
1954-03-29;0.31566367;-6.883148;-0.81805927;750.1263;1.0113926;100.16183;100.0;0.92520094;370.88608;2496.6228;0.0;-0.33216363;0.012427568;0.10932982;0.09690225;0.1063887;0.0;2545.81;6839.5796;-1706.6102;5289.9453;-241.92444;-173.73
1954-03-30;1.8915507;-4.9493203;-0.30484772;749.12665;0.8986941;190.55347;100.0;0.9216146;378.51367;2436.9304;0.10818603;-0.3199065;0.8952096;0.9917915;0.096574426;6.584607;0.0;2572.6328;6364.2637;-1295.2561;5895.0444;-232.76445;-165.57556
1954-03-31;2.0390828;-3.0815735;-0.21597417;746.7674;0.6799442;169.0811;100.0;0.9142038;384.95767;2376.831;0.17622411;-0.21855068;1.1426435;1.2389123;0.09626895;7.7583175;0.0;2150.115;5009.4834;-1094.7552;6057.9263;-158.03833;-133.87445
1954-04-01;0.99993896;-1.9321493;-0.13488515;742.5032;0.8854289;135.21225;100.0;0.90730053;390.18164;2326.2532;10.243047;-0.32698736;1.9212365;2.0172148;0.09597093;7.0311;4.7242565;2077.29;4631.0767;-657.6725;6607.277;-246.28612;-192.99222
1954-04-02;-0.8626506;-2.435384;-0.036117554;739.84735;1.0884808;56.888885;100.0;0.91733295;381.13184;2405.9246;18.828318;-0.2453532;1.3731718;1.468882;0.09570271;3.7749448;14.354725;788.13666;2781.219;-379.80917;6845.875;-187.13;-141.17444
1954-04-03;-2.0728455;-4.2342887;-0.19782002;740.9899;0.8240617;194.53667;100.0;0.9212377;381.39517;2416.2598;2.1331458;-0.4884172;0.08119643;0.17666817;0.09547174;0.4939139;1.9448922;1506.0688;4956.1772;-948.93445;6127.13;-372.3089;-337.55777
1954-04-04;-1.9730734;-3.1509197;-0.20496114;740.5297;0.7518808;155.69693;100.0;0.92100054;386.3942;2384.969;1.4313293;-0.4458558;0.29408932;0.38936734;0.09525567;1.548335;1.0048486;1823.919;5278.1055;-734.75525;6446.355;-338.1122;-388.89557
1954-04-05;-2.1911113;-3.336853;-0.099253334;741.18024;0.75604576;134.5903;100.0;0.9270649;384.96744;2406.7383;18.474806;-0.33184326;0.40833652;0.50345063;0.09507686;1.6638972;16.940575;966.8945;2858.9412;-436.53583;6730.378;-255.13;-273.2389
1954-04-06;-2.084788;-4.1585593;-0.17682648;740.042;0.7386523;142.29167;100.0;0.94042236;377.2936;2493.0012;6.0404243;-0.42705798;0.10287762;0.19778311;0.094912946;0.38411283;5.208161;1398.7816;5014.367;-779.4867;6347.471;-323.3878;-306.5178
1954-04-07;-3.8641052;-4.9648843;-0.25474295;740.39874;0.8513143;176.46002;100.0;0.94598293;377.4769;2506.673;5.884352;-0.54722375;0.025629997;0.12040138;0.094763935;0.13979152;5.7287703;1620.51;5495.936;-954.7267;6099.953;-418.26666;-532.9767
1954-04-08;-2.9117024;-4.9996133;-0.4466146;739.88824;0.792608;92.02691;100.0;0.9493298;379.83984;2499.9592;4.0180564;-0.53069925;0.0020563602;0.096678734;0.094629824;0.0;3.6249087;1496.7905;4667.368;-793.37054;6268.1562;-405.82556;-361.6078
1954-04-09;-2.7995503;-4.201599;-0.418218;741.22656;0.9116487;166.1722;100.0;0.953538;381.07193;2503.011;1.8454254;-0.56133515;0.025242567;0.11976063;0.094510615;0.16162358;1.8038378;1753.2289;5492.6694;-866.1458;6244.8413;-428.59668;-455.41556
1954-04-10;-2.3933918;-4.214966;-0.29311624;741.37476;0.87225085;95.69788;100.0;0.9547658;385.35873;2477.539;9.047839;-0.59693307;0.04594028;0.14033914;0.09440631;0.2007056;8.468513;1950.8983;5432.4224;-816.03864;6360.894;-456.22556;-440.34222
1954-04-11;-0.19358318;-2.2680054;-0.109939575;739.7361;0.79466325;83.50412;100.0;0.96717364;378.74643;2553.8738;5.7631435;-0.29624534;0.597626;0.6919205;0.094302;3.3298135;4.6919956;1455.3822;5257.3955;-663.18;6583.39;-218.66667;-239.14667
1954-04-12;-1.3243815;-1.9844157;-0.048230488;742.44214;0.76541036;164.68707;100.0;0.969438;380.26627;2549.3164;12.508708;-0.25470927;0.9492934;1.0434985;0.09422004;2.9518306;9.063106;891.57776;2873.4756;-243.36;7009.261;-194.41444;-250.41222
1954-04-13;-2.0739338;-3.0954692;-0.09341049;744.2954;0.9915474;225.94972;100.0;0.9750356;379.46518;2570.1497;5.767501;-0.4909411;0.45081973;0.54498017;0.09417534;2.0759814;5.048342;1614.2134;5432.088;-764.6878;6420.061;-373.61444;-441.80667
1954-04-14;-1.7613932;-4.0809326;-0.12401962;743.649;0.68155885;117.24734;100.0;0.97693795;381.24545;2562.2559;11.489409;-0.5124491;0.80774724;0.9019077;0.09416044;2.8038566;9.290285;1832.1945;5601.829;-918.15137;6277.9023;-388.02444;-328.62445
1954-04-15;-1.4723511;-3.066386;-0.13879776;744.7309;0.8062498;220.7439;100.0;0.98157996;380.36588;2582.072;0.92310506;-0.4948545;0.52808225;0.6222725;0.09419024;2.7382188;0.437513;1837.7222;6065.7324;-836.6075;6371.3525;-373.76443;-379.68
1954-04-16;-0.4729716;-2.0357769;-0.07823435;746.08624;0.79562384;190.00636;100.0;0.977359;384.9274;2539.632;6.6510262;-0.43077582;1.3936311;1.4879107;0.0942722;6.8168154;5.3113403;1968.831;5646.8545;-673.4036;6626.4087;-323.53223;-311.8578
1954-04-17;-0.7359721;-2.3382976;-0.1085523;745.2918;0.9080572;139.2126;100.0;0.981314;381.12466;2575.3582;4.972401;-0.34197605;1.3710409;1.4739633;0.10291487;5.9438086;3.468387;1692.1572;5723.8823;-1033.0394;6106.991;-254.04556;-300.45
1954-04-18;-0.5186259;-3.1409404;-0.2779541;744.87946;0.9553414;129.4189;100.0;0.9773414;386.49155;2530.6396;0.053450465;-0.42895043;0.7253885;0.8202493;0.09484589;3.6801212;0.0096187;2381.6177;6977.9263;-1344.7783;5780.75;-317.4589;-299.2911
1954-04-19;-0.011739095;-1.489034;-0.12733078;746.00977;0.95469326;195.68207;100.0;0.97163725;392.2539;2478.5564;0.8612722;-0.42240974;1.5414506;1.6367435;0.095292926;7.1391983;0.007174909;2275.6445;5991.4297;-697.88055;6624.5005;-315.91888;-297.30444
1954-04-20;0.5002136;-1.6100159;-0.05858739;747.5298;0.95862406;250.54771;100.0;0.96045035;396.63672;2423.2585;0.020673871;-0.5376749;3.0243397;3.1830816;0.15874952;13.342134;0.004813075;2921.5273;7125.769;-1190.4867;6131.98;-402.59888;-325.06445
1954-04-21;-0.34302774;-4.0813193;-0.16439693;747.2331;0.9024768;182.41777;100.0;0.9483924;400.8763;2367.3503;0.00846295;-0.7248633;2.587311;2.7083457;0.12104213;11.016629;0.006750226;3340.4495;7703.2812;-1691.9342;5490.7476;-547.69055;-382.27777
1954-04-22;1.6314799;-2.3438518;-0.22940063;747.12134;0.8219755;177.19824;100.0;0.9380596;405.81772;2313.029;1.0662615;-0.35270676;3.0150561;3.1134634;0.09842217;11.269323;4.4703484e-05;2885.584;6376.418;-1395.3317;5801.9653;-257.7011;-170.41667
1954-04-23;2.3608196;-1.701711;-0.17512639;745.4201;1.3668156;213.84612;100.0;0.92592144;410.80762;2255.534;0.47025806;-0.6529354;3.5722852;3.7265868;0.15430152;12.57623;0.0;3513.7378;7520.634;-1471.905;5798.3;-491.5489;-214.57333
1954-04-24;1.3408508;-2.9750874;-0.12558746;748.7929;0.93368345;196.61993;100.0;0.9107907;414.79526;2197.3064;0.04051539;-0.7173829;4.2162237;4.363984;0.14775991;15.823714;0.0020973384;3555.9343;7425.138;-1505.211;5772.0537;-540.8222;-295.72665
1954-04-25;0.66081744;-1.2342529;-0.10952759;744.83185;0.9122908;215.12292;100.0;0.9024663;417.52832;2161.2957;25.693655;-0.15690178;7.9850855;8.453041;0.4679337;7.899329;6.5702124;1422.5717;2920.6406;-225.18417;7097.161;-116.937775;-128.8189
1954-04-26;-1.1240743;-3.7884216;-0.09749857;745.7012;1.1023768;196.48834;100.0;0.8994818;415.0231;2168.4978;0.3566404;-0.6849198;2.696529;2.8358698;0.13933331;8.647065;0.0036358833;2582.3762;6832.993;-1319.2245;5840.7266;-519.1211;-358.06888
1954-04-27;-0.21288045;-6.9740806;-0.24075063;749.0644;0.9009548;161.2764;100.0;0.891942;419.09634;2129.3538;0.19602478;-0.7887054;1.9327104;2.05715;0.1244396;6.640326;0.033650547;3137.0977;7677.6636;-1635.0361;5516.49;-594.85114;-340.5011
1954-04-28;-0.18539429;-5.9288406;-0.26193365;750.9659;1.0236808;153.66374;100.0;0.8842492;423.9463;2087.199;0.0006556511;-0.70188755;2.4113803;2.5452971;0.13391674;8.045513;0.00067800283;3553.3271;8224.73;-2108.0483;4959.011;-527.55444;-277.4822
1954-04-29;1.597341;-4.6067414;-0.28254572;753.061;1.3672198;31.90828;100.0;0.8737628;429.1058;2037.8418;0.0008612871;-0.4139673;4.1117373;4.545927;0.4341975;12.029923;0.0;3775.1594;8367.349;-2147.2488;4983.2734;-298.09445;-155.0389
1954-04-30;2.1258137;-3.1285908;-0.22090276;753.3781;1.4360613;31.358263;100.0;0.8595068;434.12012;1981.4047;0.00071525574;-0.4038103;5.8178306;6.475955;0.6581098;15.6498995;0.0;3773.3057;8092.8765;-1736.535;5522.54;-289.90277;-161.53555
1954-05-01;2.5516765;-2.3476055;-0.17094421;753.1728;1.5951605;28.221384;100.0;0.84215146;438.5316;1922.2412;0.003522633;-0.41285622;6.906539;7.5801315;0.67358464;18.160227;0.0;3874.3984;8103.3438;-1685.412;5626.0146;-296.87332;-145.48445
1954-05-02;3.3440754;-0.46144614;-0.12572353;749.4018;1.3786513;34.95612;100.0;0.8230691;442.41504;1861.9791;0.046530366;-0.3146762;7.8807325;9.128586;1.2478604;19.615068;0.0;3605.679;7397.1143;-1273.458;6145.073;-222.68;-146.93556
1954-05-03;2.960266;-1.8066305;-0.10021082;748.55145;1.1809515;76.13531;100.0;0.8015663;445.31934;1801.6764;0.0021402685;-0.41788536;9.134993;10.463089;1.3280958;22.235428;0.0;3802.3005;7686.7285;-1354.5544;6044.061;-301.53223;-224.33444
1954-05-04;4.2738442;-1.3022665;-0.124051414;750.3946;1.1770685;64.26792;100.0;0.77946407;448.44858;1739.502;0.013369322;-0.3601471;9.258493;10.678649;1.4201552;22.101254;0.0;3861.2778;7715.0273;-1383.5936;6040.118;-256.08444;-144.60445
1954-05-05;3.8259583;-1.4876404;-0.13202667;750.1917;1.1584874;70.26568;100.0;0.75699836;449.92154;1683.7158;0.00043498038;-0.38461947;9.602636;11.018812;1.416184;22.444256;0.0;4063.8955;8046.3755;-1653.5631;5712.8857;-274.77112;-153.48555
1954-05-06;2.868449;-3.7035725;-0.16832225;747.70966;1.1091357;75.73208;100.0;0.73622537;450.0;1637.085;0.09973347;-0.50096494;8.303001;9.750307;1.44732;19.739885;0.0;4251.463;8358.916;-1855.9136;5449.5576;-364.6311;-173.19221
1954-05-07;2.3950703;-1.7901611;-0.1465149;746.133;1.1133624;114.7626;100.0;0.71675354;450.0;1593.7906;0.02849102;-0.4467927;7.098645;7.747397;0.64876676;18.821842;0.0;3722.3079;7277.227;-1458.5309;5844.8027;-327.9589;-181.85222
1954-05-08;3.8441265;-0.50309247;-0.14586258;749.89813;1.1398048;96.61039;100.0;0.69609314;450.0;1547.8516;0.008115172;-0.38855523;8.990229;10.2254;1.2351797;21.984678;0.0;4108.934;7998.4243;-1624.5911;5754.5557;-278.77444;-162.4589
1954-05-09;4.2909036;-1.5001831;-0.13788731;751.19867;1.1512064;81.858925;100.0;0.67304474;450.0;1496.6227;0.0029593706;-0.38243645;10.134913;11.897042;1.7621368;23.468252;0.0;4159.7153;8070.5156;-1612.1211;5767.4077;-272.39667;-153.37666
1954-05-10;4.8705344;-2.329539;-0.15033595;749.9886;1.1975551;82.45554;100.0;0.65042275;450.0;1446.2891;0.0567019;-0.4121158;9.168625;11.052624;1.8839985;21.96804;0.0;4034.1973;7806.4165;-1534.8561;5859.391;-295.40668;-107.77
1954-05-11;4.4057517;-2.459544;-0.1484642;746.29706;1.2261764;148.65364;100.0;0.6279951;450.0;1396.3217;0.33596754;-0.47695822;9.825974;11.867777;2.0417943;22.555511;0.0;4042.315;7806.517;-1578.27;5763.763;-347.71667;-133.00667
1954-05-12;3.347514;-2.1292927;-0.14867909;744.48883;1.2547873;161.18027;100.0;0.60733914;449.87924;1350.708;5.411136;-0.46989882;9.8641815;11.99685;2.132669;19.583658;0.42562187;3754.0818;7234.105;-1399.7786;5941.047;-343.69446;-108.01222
1954-05-13;0.45376587;-2.210378;-0.1429596;744.8638;1.2844735;237.36662;100.0;0.59096605;449.95605;1314.0463;1.4559507;-0.866198;6.3467174;9.032681;2.6859715;14.179923;0.009395182;3643.5522;7164.67;-1340.0662;5877.9043;-659.3078;-342.20776
1954-05-14;-0.09577433;-1.8592733;-0.121349335;746.3694;1.1002057;133.40204;100.0;0.5752536;449.98892;1279.0121;5.174369;-0.6696191;8.330077;11.387527;3.05745;16.381615;0.12956932;3760.5005;7375.8735;-1206.8188;6158.491;-505.28223;-417.09332
1954-05-15;0.4437561;-2.1407573;-0.11375173;747.62305;1.1177958;107.52543;100.0;0.55726665;450.0;1239.0543;1.9945502;-0.76332223;7.8087373;11.754215;3.9454699;18.304712;0.0068694353;3872.3806;7596.1113;-1314.8239;6005.9688;-576.7928;-384.40332
1954-05-16;1.5311279;-3.3434346;-0.14305878;748.9107;1.0745876;162.5692;100.0;0.53917676;450.0;1199.0967;0.077563524;-0.8839844;6.5875053;10.559887;3.9723964;17.194744;0.009331852;4036.9045;7886.6455;-1537.9695;5759.0713;-669.0739;-327.9689
1954-05-17;0.40073648;-2.757314;-0.15924709;747.41144;0.95082885;175.49416;100.0;0.5232134;449.40918;1165.0391;7.5991607;-0.5926257;9.186804;15.16074;5.9739203;15.459206;0.9380616;3709.3206;7235.4844;-1612.5767;5650.6543;-445.3089;-301.14
1954-05-18;3.1542156;-2.9433086;-0.18612671;748.93384;1.1552275;75.42338;100.0;0.506935;449.73764;1127.8483;0.0004351138;-0.5343268;6.9410505;12.5569105;5.615845;18.163458;0.0;4162.674;8442.503;-1787.9523;5519.8936;-390.47778;-198.64
1954-05-19;4.826101;-0.79503375;-0.13893509;749.52106;1.103926;88.162895;100.0;0.48592377;450.0;1080.8512;0.028379593;-0.38204062;9.418339;16.512558;7.0942044;22.509035;0.0;4136.741;8284.234;-1556.8123;5856.46;-271.13278;-147.6489
1954-05-20;5.3733726;-0.6465861;-0.11435827;749.14764;1.1580473;145.91704;100.0;0.46197024;450.0;1027.9948;0.14060736;-0.36382303;10.697544;18.536598;7.8390613;24.494816;0.0;4140.6025;8213.362;-1461.68;5964.6255;-256.38943;-133.36223
1954-05-21;7.241862;-1.9349161;-0.12596893;749.33057;1.2223787;190.03749;100.0;0.4367013;450.0;971.7204;0.0;-0.4531322;11.120178;20.59725;9.477064;25.559711;0.0;4316.1367;8497.997;-1627.8922;5793.4775;-324.93445;-81.62778
1954-05-22;6.3728943;-4.3238525;-0.18054962;749.0671;1.1841131;249.11711;100.0;0.41290843;450.0;918.78253;0.00044107434;-0.59356916;9.481966;21.096468;11.614509;22.455372;0.0;4472.7515;8754.973;-1954.0967;5372.181;-435.15555;-93.12111
1954-05-23;5.591471;-3.0565083;-0.21947734;750.6697;1.1172398;165.019;100.0;0.39128736;450.0;870.72754;0.0016994481;-0.5236305;8.416027;20.08754;11.6715355;21.177135;0.0;4512.1523;8791.82;-2002.9377;5340.257;-380.43;-125.60445
1954-05-24;6.170858;-4.1156516;-0.21667226;753.33185;1.1161522;130.56313;100.0;0.36924526;450.0;821.6553;0.0030249057;-0.5201343;9.161562;21.836758;12.675181;22.31308;0.0;4529.6494;8794.651;-1945.2816;5425.2344;-376.4811;-103.666664
1954-05-25;7.148336;-4.19163;-0.20280457;752.57526;1.1183718;145.50763;100.0;0.34583497;450.0;769.9382;0.00085410813;-0.4826244;9.275034;21.655947;12.380913;23.783602;0.0;4549.501;8808.775;-1857.3339;5562.2676;-347.07666;-81.452225
1954-05-26;7.060089;-2.0060627;-0.1761818;748.12744;1.1318713;142.45769;100.0;0.32075563;450.0;714.0706;0.018545985;-0.41944906;11.127949;23.619219;12.491263;25.517065;0.0;4286.916;8282.967;-1480.9728;5958.2744;-298.38443;-80.71555
1954-05-27;7.491262;-0.83396405;-0.16142654;745.2351;1.1700656;188.2542;100.0;0.29431328;450.0;655.47687;0.008255243;-0.45806542;11.522785;25.193989;13.671219;26.6354;0.0;4237.174;8173.411;-1395.1161;6064.1187;-329.3611;-84.90889
1954-05-28;5.891886;-1.8014017;-0.22302882;746.5124;1.2400942;190.58861;100.0;0.26895222;450.0;598.7956;0.010549685;-0.52626246;9.946882;23.5264;13.579517;24.37821;0.0;4351.882;8382.485;-1665.3645;5708.71;-383.34332;-116.56778
1954-05-29;7.179352;-1.5473226;-0.24651337;749.09283;1.3101465;184.45293;100.0;0.24478988;450.0;545.00323;0.27771425;-0.45126584;9.756506;23.341566;13.585061;23.991608;0.0;3993.2705;7681.961;-1360.7028;6043.0864;-325.22446;-41.24111
1954-05-30;8.573619;-2.5431926;-0.24276225;750.91486;1.2631925;247.77986;100.0;0.21913536;450.0;488.19986;0.00042629932;-0.54372287;11.323206;24.14143;12.818225;26.261185;0.0;4485.6177;8622.741;-1622.1106;5820.2705;-394.40332;-51.206665
1954-05-31;9.3029785;-1.8910319;-0.27813593;751.0715;1.3547119;244.65149;100.0;0.191999;450.0;428.0192;0.0;-0.5165413;11.408955;25.438547;14.0296;27.447235;0.0;4395.1724;8443.092;-1498.9978;5956.9995;-372.7789;-17.532223
1954-06-01;8.826721;-2.4569397;-0.38687262;749.48535;1.3326613;216.60555;98.51717;0.16507359;450.0;368.28613;0.0;-0.56178963;11.172399;24.986834;13.814449;26.251253;0.0;4532.0635;8649.713;-1714.4672;5696.8516;-405.42776;-46.103333
1954-06-02;9.785848;-1.8707174;-0.40712866;750.35956;1.1745019;127.01153;96.12809;0.13862295;450.0;309.36685;0.00084297947;-0.53339267;11.766225;26.22226;14.456056;26.530582;0.0;4560.5645;8582.603;-1582.3961;5893.6045;-376.43112;-67.59111
1954-06-03;11.016835;-1.3264261;-0.32437262;751.70013;1.135933;110.79229;94.715904;0.11088125;450.0;247.5586;0.0025689597;-0.5888641;12.809187;29.441208;16.63202;28.238419;0.0;4523.687;8442.872;-1366.8783;6215.8833;-413.72556;-77.181114
1954-06-04;10.702454;-1.2860311;-0.36579895;749.9993;1.3053669;127.17014;94.07959;0.08234652;450.0;184.12273;0.026189141;-0.6409241;11.673108;29.895082;18.221968;28.202702;0.0;4394.412;8168.108;-1309.7775;6278.824;-451.16446;-56.162224
1954-06-05;12.048309;-0.21973674;-0.4492747;747.90094;1.1958572;97.6553;91.90275;0.053279;450.0;119.87305;0.02489984;-0.62448907;12.612;28.949514;16.337507;29.680159;0.0;4415.3887;8189.1245;-1172.89;6467.336;-435.5311;-70.248886
1954-06-06;12.795939;-0.20167033;-0.43585715;746.92926;1.1631303;88.25738;61.709637;0.027274251;450.0;61.401367;0.49145818;-1.3426468;8.691281;23.59876;14.907487;22.342405;0.0;4943.5874;7998.168;-1398.335;6503.8496;-933.65;-131.62334
1954-06-07;13.833507;-1.1557719;-0.5395724;747.5357;1.3152934;131.20973;27.199951;0.011773109;450.0;26.81478;0.020231143;-2.712545;3.8567781;16.432644;12.575865;11.186883;0.0;5786.0674;7959.689;-1923.4397;6304.1074;-1886.5111;-259.72778
1954-06-08;13.776296;-4.3359985;-0.60486096;747.4372;1.1360576;126.26282;10.600993;0.004568537;450.0;10.498047;0.0;-3.7005582;1.4631152;12.818456;11.355348;4.825838;0.0;6804.99;8734.523;-2525.806;5900.533;-2572.0923;-473.05334
1954-06-09;12.026103;0.48781332;-0.20966594;745.32526;1.202531;92.44045;3.757487;0.0016152462;450.0;3.458659;1.1249161;-3.5751212;0.7289797;10.873959;10.144971;1.8127673;0.0;6195.12;7737.2334;-2058.1611;6558.405;-2483.561;-724.4689
1954-06-10;11.533071;3.8338826;0.009993236;746.8101;1.2483529;103.913994;1.2307943;0.00052742165;450.0;1.2613932;0.31729937;-3.495168;0.20822883;9.261906;9.053685;0.62707067;0.0;5769.952;7128.602;-1791.3406;6960.812;-2427.8855;-897.68555
1954-06-11;13.328217;1.6141052;0.00989151;748.446;1.2863415;108.07157;0.39640298;0.00016967456;450.0;0.24414062;0.0654757;-4.155716;0.05632639;8.169383;8.113056;0.20550936;0.0;6488.048;7983.237;-2285.2227;6475.9165;-2886.841;-785.39557
1954-06-12;13.834625;-2.9173787;-0.042044323;748.4817;1.2485712;106.09672;0.123697914;5.3008396e-05;450.0;-7.345365e-21;0.00087022776;-4.5328493;0.013649464;7.327795;7.3141456;0.0651516;0.0;7081.8315;8696.001;-2765.525;5969.7334;-3148.8345;-725.1778
1954-06-13;14.245067;0.45791626;-0.2056783;746.7398;1.3467263;85.93387;0.038330078;1.6411146e-05;435.71158;-7.345365e-21;0.0032186508;-4.1748548;0.0043213367;6.6431165;6.63881;0.020556152;0.0;6514.3076;7988.238;-2297.264;6526.1587;-2900.131;-702.61334
1954-06-14;13.986522;1.7207133;-0.008393605;746.95953;1.3195096;112.078865;0.011230469;4.887581e-06;428.4502;-7.345365e-21;0.06469488;-4.119153;0.007927418;6.073892;6.0659647;0.0060759485;0.0;6484.3525;7942.4556;-2357.4504;6499.5493;-2861.4377;-832.8
1954-06-15;12.807454;-2.065033;0.0035324097;746.8769;1.3557658;115.64672;0.0034993489;1.5497208e-06;428.09375;-7.345365e-21;0.0026106827;-4.33645;0.00059604645;5.575359;5.574763;0.0018142164;0.0;7000.3784;8565.388;-2644.785;6097.141;-3012.3877;-999.6111
1954-06-16;11.929077;1.5005798;-0.030473074;747.0093;1.2128398;73.357414;0.0006510417;2.3841858e-07;428.09375;-7.345365e-21;0.28432608;-3.660446;0.030070543;5.1810145;5.1509438;0.00055879354;0.0;6173.2944;7552.2754;-2254.1023;6554.582;-2542.79;-899.5333
1954-06-17;11.300853;2.8927307;0.010060628;748.32806;1.5853176;44.449127;0.0;-7.3453654e-25;428.09375;-7.345365e-21;0.9120703;-3.5066864;0.095531344;4.8788934;4.783347;0.00017136335;0.0;5934.557;7259.4146;-2070.7866;6716.291;-2435.9778;-1054.4055
1954-06-18;11.771831;2.660675;-0.4775327;749.7856;1.5194006;47.88811;0.0;-7.3453654e-25;231.16046;-7.345365e-21;0.57905316;-3.6348422;0.057771802;4.5185537;4.460782;5.2154064e-05;0.0;6251.971;7646.7466;-2180.665;6664.6646;-2525.0044;-1134.6311
1954-06-19;12.387309;2.5014954;-0.55584717;750.9528;1.3464824;42.159992;0.0;-7.3453654e-25;129.59633;-7.345365e-21;1.0466303;-3.5610042;0.09940565;4.274398;4.1749926;1.4901161e-05;0.0;6101.3354;7461.532;-2060.4182;6881.51;-2473.7104;-1113.2467
1954-06-20;12.990326;2.3112996;-0.08855947;751.8923;1.3329754;48.404636;0.0;-7.3453654e-25;101.099915;-7.345365e-21;0.14147162;-3.591789;0.013530254;3.9341002;3.92057;3.7252903e-06;0.0;6092.9272;7450.261;-2258.5361;6679.69;-2495.0967;-1002.32
1954-06-21;14.948944;0.8784892;-0.018165588;752.2556;1.1251456;60.518757;0.0;-7.3453654e-25;100.014305;-7.345365e-21;0.00043763503;-3.8521252;4.4703484e-05;3.691718;3.6916733;0.0;0.0;6662.6323;8145.829;-2463.9038;6684.801;-2675.9434;-959.6589
1954-06-22;15.992961;1.2031454;0.00975291;750.73065;0.9947035;104.340645;0.0;-7.3453654e-25;99.99998;-7.345365e-21;0.00590086;-3.404323;0.00052154064;3.4855902;3.4850688;0.0;0.0;5827.9814;7124.282;-2088.939;7180.425;-2364.871;-838.19446
1954-06-23;15.7639265;-3.0386555;0.010019938;747.63226;1.4343249;130.2423;0.0;-7.3453654e-25;99.99998;-7.345365e-21;0.0017166131;-3.7468355;0.00014901161;3.2980442;3.2978952;0.0;0.0;6915.4365;8452.589;-2807.3547;6381.5156;-2602.8022;-1202.4155
1954-06-24;14.376038;-2.5046387;0.009676616;746.56476;1.343007;121.75165;0.0;-7.3453654e-25;99.99998;-7.345365e-21;0.111436844;-3.2519493;0.008925796;3.1360984;3.1271725;0.0;0.0;6755.637;8256.247;-2683.6062;6439.285;-2259.021;-1438.0967
1954-06-25;14.351074;0.31585693;0.009632111;748.0009;1.3264767;117.652985;0.0;-7.3453654e-25;99.99998;-7.345365e-21;0.3818214;-2.848955;0.0295192;3.0014663;2.9719472;0.0;0.0;6086.74;7437.76;-2381.9255;6776.6367;-1979.0734;-1315.2778
1954-06-26;14.254608;1.770284;0.009597778;748.9488;1.1007022;121.53583;0.0;-7.3453654e-25;99.99998;-7.345365e-21;0.2621293;-2.7576778;0.01963973;2.849549;2.8299465;0.0;0.0;6139.6597;7501.4688;-2342.7783;6936.7007;-1915.6666;-1421.6956
1954-06-27;14.18397;1.0938314;0.009747823;748.80304;1.3456582;122.88864;0.0;-7.3453654e-25;99.99998;-7.345365e-21;0.4143417;-2.6309006;0.030755997;2.7300863;2.6993303;0.0;0.0;6156.0093;7520.4487;-2455.7217;6797.5776;-1827.5989;-1561.4445
1954-06-28;15.060924;-0.023813883;0.010082245;749.1756;1.3823296;114.15662;0.0;-7.3453654e-25;99.99998;-7.345365e-21;0.0016987314;-2.8947592;0.00011920929;2.578318;2.5781765;0.0;0.0;6937.453;8474.037;-2880.6821;6466.4023;-2010.8933;-1629.0322
1954-06-29;15.816731;1.5206095;0.010055542;749.20605;1.1365685;82.38189;0.0;-7.3453654e-25;99.99998;-7.345365e-21;0.080025196;-2.600042;0.0054836273;2.4710596;2.465591;0.0;0.0;6539.6587;7987.0635;-2730.895;6770.5054;-1806.1633;-1477.4656
1954-06-30;15.326671;3.6507874;0.009957631;749.6159;1.40989;43.901;0.0;-7.3453654e-25;99.99998;-7.345365e-21;0.32904446;-2.2710738;0.023186207;2.3846478;2.3614616;0.0;0.0;6038.1562;7373.7246;-2357.8958;7198.35;-1577.64;-1617.4377
1954-07-01;15.302083;3.4251506;0.009919484;749.2588;1.4087043;49.076427;0.0;-7.3453654e-25;100.00259;-7.345365e-21;0.36057633;-2.2235904;0.025197864;2.2899508;2.2647455;0.0;0.0;6154.793;7515.18;-2538.0496;7028.2915;-1544.6544;-1648.1078
1954-07-02;14.700684;5.7269287;0.010072072;748.13007;1.111502;48.835903;0.0;-7.3453654e-25;99.99998;-7.345365e-21;3.3227155;-2.0402968;0.2785325;2.4536252;2.1750853;0.0;0.0;5513.6704;6731.4775;-2285.563;7183.2354;-1417.3262;-1495.4144
1954-07-03;14.707723;5.8887734;0.009890239;748.36523;1.2319382;92.91239;0.0;-7.3453654e-25;100.00519;-7.345365e-21;1.8343031;-2.5214283;0.14263391;2.2344291;2.0918026;0.0;0.0;5571.44;6801.171;-2185.525;7195.6865;-1751.5522;-1335.5566
1954-07-04;16.632284;4.3341775;0.005669912;749.91547;1.2076893;44.383816;0.0;-7.3453654e-25;100.01007;-7.345365e-21;0.07057052;-3.049249;0.004723668;2.0179896;2.0132735;0.0;0.0;6441.469;7862.1987;-2488.755;7102.1724;-2118.2134;-1354.4467
1954-07-05;17.10553;4.0749307;0.009764354;749.2512;1.0649942;60.658733;0.0;-7.3453654e-25;99.99998;-7.345365e-21;0.12859702;-2.5750036;0.008448958;1.9474924;1.9390434;0.0;0.0;5954.6807;7267.1177;-2334.5078;7356.952;-1788.7689;-1342.7966
1954-07-06;16.943054;5.3021445;0.009744008;747.8269;1.1591159;75.25121;0.0;-7.3453654e-25;99.99998;-7.345365e-21;1.6940087;-2.2443197;0.1347065;2.0044298;1.8697381;0.0;0.0;5529.149;6746.818;-2318.3245;7367.8105;-1559.0533;-1304.5623
1954-07-07;16.619375;5.776703;0.009905498;747.8504;1.2047579;86.54424;0.0;-7.3453654e-25;99.99998;-7.345365e-21;0.47122836;-2.4208846;0.03015995;1.8348396;1.8046647;0.0;0.0;5920.1787;7223.0645;-2421.8516;7269.335;-1681.7078;-1408.68
1954-07-08;16.758188;3.869334;0.009944916;747.2347;1.4124137;115.142456;0.0;-7.3453654e-25;100.00519;-7.345365e-21;0.49482977;-2.3416402;0.031352043;1.7742813;1.7429218;0.0;0.0;6516.9844;7950.1655;-2771.5532;6891.8457;-1626.6578;-1818.789
1954-07-09;16.34318;1.2598572;0.009858449;747.0474;1.3280665;120.3196;0.0;-7.3453654e-25;99.99998;-7.345365e-21;0.00385046;-2.2663622;0.00020861626;1.6844571;1.6842633;0.0;0.0;6749.2305;8232.321;-2908.2717;6746.1924;-1574.3667;-1902.7533
1954-07-10;15.799663;3.9850566;0.010063171;749.018;1.305572;42.407455;0.0;-7.3453654e-25;100.00259;-7.345365e-21;0.11652112;-1.6416311;0.0069737434;1.6359389;1.6289876;0.0;0.0;5348.6167;6523.2617;-2327.9888;7322.5;-1140.3867;-1510.0789
1954-07-11;15.500519;4.3089395;0.010083516;749.95966;2.2802606;36.765373;0.0;-7.3453654e-25;99.99998;-7.345365e-21;0.0009797675;-1.6584638;5.9604645e-05;1.5768409;1.5767813;0.0;0.0;6775.2446;8261.952;-2886.862;6765.09;-1152.08;-2398.031
1954-07-12;15.941467;1.2909139;0.010297139;749.46625;2.0294223;37.015305;0.0;-7.3453654e-25;99.99998;-7.345365e-21;0.0017046923;-1.6279035;0.00010430813;1.5269518;1.52684;0.0;0.0;6953.352;8478.175;-3099.9514;6589.211;-1130.8489;-2349.7544
1954-07-13;17.328857;0.5579834;0.01002121;749.81757;1.4992923;46.316956;0.0;-7.3453654e-25;99.99998;-7.345365e-21;0.0012874535;-1.6221832;7.4505806e-05;1.4793277;1.4792532;0.0;0.0;6775.56;8260.385;-3077.3782;6825.683;-1126.8767;-2064.889
1954-07-14;19.710012;-0.04196167;0.010025024;751.0305;1.3034316;146.96103;0.0;-7.3453654e-25;99.99998;-7.345365e-21;0.00085234636;-1.6123;5.9604645e-05;1.4339387;1.433894;0.0;0.0;6549.8394;7984.0654;-3003.4966;7137.7534;-1120.0111;-1847.1956
1954-07-15;20.484476;-0.7340393;0.010052999;750.498;1.3608341;192.11867;0.0;-7.3453654e-25;99.99998;-7.345365e-21;0.0013010331;-1.5903841;8.940697e-05;1.390785;1.3906956;0.0;0.0;6691.9307;8156.198;-3086.5754;7169.7466;-1104.7866;-1956.1022
1954-07-16;19.299845;-4.796875;0.009684245;748.46735;1.5645653;153.15598;0.0;-7.3453654e-25;99.99998;-7.345365e-21;0.0012934206;-1.4826264;7.4505806e-05;1.3496429;1.3495535;0.0;0.0;7007.1772;8538.5625;-3431.9521;6600.885;-1029.9312;-2267.04
1954-07-17;18.740387;-2.2658489;0.009749095;748.72076;1.1675786;87.36853;0.0;-7.3453654e-25;99.99998;-7.345365e-21;0.0017242655;-1.4888104;0.00010430813;1.3103038;1.3102069;0.0;0.0;6910.5723;8418.926;-3361.4639;6753.3994;-1034.2278;-2030.8589
1954-07-18;19.988047;2.0606587;0.009995778;749.5036;1.2955145;113.71292;0.0;-7.3453654e-25;99.99998;-7.345365e-21;0.0021517272;-1.4673005;0.00011920929;1.2726486;1.2725368;0.0;0.0;6834.195;8324.034;-3166.5977;7134.316;-1019.285;-2073.5623
1954-07-19;20.368887;4.018534;0.010101318;750.8948;1.2336053;60.11917;0.0;-7.3453654e-25;99.99998;-7.345365e-21;0.0004351138;-1.296319;2.9802322e-05;1.236707;1.2366772;0.0;0.0;5992.2793;7296.831;-2860.0205;7468.2944;-900.51;-1745.7894
1954-07-20;21.236877;4.144633;0.010108948;750.0645;1.1917732;58.820995;0.0;-7.3453654e-25;99.99998;-7.345365e-21;0.0017351122;-1.2999614;8.940697e-05;1.2026429;1.2025461;0.0;0.0;5939.5254;7231.1636;-2768.1794;7679.8354;-903.04;-1744.4667
1954-07-21;21.469961;1.5285034;0.009555817;746.7185;1.3388581;125.79624;0.0;-7.3453654e-25;99.99998;-7.345365e-21;0.00085234636;-1.2868792;4.4703484e-05;1.1699051;1.1698604;0.0;0.0;6229.2705;7582.049;-3063.952;7298.3545;-893.9522;-1929.4489
1954-07-22;18.854614;-0.96261597;0.009841919;745.65753;1.5225261;135.0127;0.0;-7.3453654e-25;99.99998;-7.345365e-21;0.0;-1.2345146;0.0;1.1385381;1.1385381;0.0;0.0;6927.684;8430.367;-3349.5806;6746.65;-857.57556;-2469.541
1954-07-23;16.944803;3.100413;0.010089874;748.5188;1.3610921;98.46717;0.0;-7.3453654e-25;99.99998;-7.345365e-21;0.006175041;-1.0786504;0.0003501773;1.1088997;1.1085496;0.0;0.0;6119.92;7445.7627;-2803.0027;7188.181;-749.30334;-2227.5867
1954-07-24;16.816498;7.2819114;0.010222117;750.1573;1.0915571;39.596336;0.0;-7.3453654e-25;99.99998;-7.345365e-21;2.044913;-1.1897627;0.13563037;1.2156814;1.0800511;0.0;0.0;5608.641;6822.27;-2455.5244;7542.771;-826.4878;-2051.7412
1954-07-25;17.961185;4.869654;0.010247272;749.79364;1.3880963;50.746265;0.0;-7.345365e-25;99.99999;-7.345365e-21;0.0004351138;-1.6981764;2.9802322e-05;1.0529459;1.052916;0.0;0.0;5396.9644;6563.453;-2299.4578;7575.4043;-1179.6666;-1679.1633
1954-07-26;18.46878;4.975464;0.009852092;748.04254;1.3531771;75.18312;0.0;-7.3453654e-25;100.03937;-7.345365e-21;0.0025686459;-1.472204;0.00014901161;1.0268688;1.0267347;0.0;0.0;5851.827;7114.8867;-2615.2302;7409.761;-1022.6922;-1894.3989
1954-07-27;18.768576;3.609914;0.009836833;746.8689;1.4116334;106.74713;0.0;-7.3453654e-25;99.99998;-7.345365e-21;0.0008612871;-1.2157578;4.4703484e-05;1.001507;1.0014623;0.0;0.0;5743.7334;6981.77;-2716.4678;7330.928;-844.54553;-1838.6677
1954-07-28;17.638784;3.518758;0.010150909;746.3496;1.3977343;108.64239;0.0;-7.3453654e-25;99.99998;-7.345365e-21;0.10201931;-1.0221461;0.0054240227;0.9827316;0.97730756;0.0;0.0;5577.958;6778.7695;-2687.7788;7243.149;-710.0511;-1973.4222
1954-07-29;16.94221;0.84955853;0.010031383;746.517;1.5407442;115.37838;0.0;-7.3453654e-25;100.00259;-7.345365e-21;0.0036286518;-1.0165367;0.00017881393;0.95424056;0.95406175;0.0;0.0;5864.293;7125.0728;-2857.0366;6983.1846;-706.1544;-2052.5732
1954-07-30;17.083212;3.811198;0.009858449;750.2043;1.3978649;96.55155;0.0;-7.3453654e-25;99.99998;-7.345365e-21;0.2534456;-0.99752843;0.013589859;0.94534457;0.9317547;0.0;0.0;5642.186;6853.774;-2651.6204;7262.223;-692.95;-2018.6378
1954-07-31;17.662659;4.8166504;0.010022481;752.0029;1.0080647;54.93088;0.0;-7.3453654e-25;99.99998;-7.345365e-21;0.9698719;-1.1555376;0.056669116;0.96698105;0.91029704;0.0;0.0;5321.6025;6462.9185;-2587.3777;7392.0107;-802.7133;-1637.3711
1954-08-01;19.015757;2.6439617;0.010355632;752.2654;1.5982418;39.966854;0.0;-7.3453654e-25;99.99998;-7.345365e-21;0.00085234636;-1.4952514;4.4703484e-05;0.8895844;0.8895248;0.0;0.0;6518.271;7914.53;-3110.4468;7003.233;-1038.7012;-1983.9288
1954-08-02;19.060434;0.101125084;0.009624481;751.66406;1.7030927;40.884647;0.0;-7.3453654e-25;99.99998;-7.345365e-21;0.0;-1.2212526;0.0;0.86921453;0.86921453;0.0;0.0;6606.827;8020.318;-3204.51;6932.452;-848.36224;-2190.1423
1954-08-03;18.220367;-3.032196;0.010218303;750.4116;1.8804888;45.030804;0.0;-7.3453654e-25;99.99998;-7.345365e-21;0.0008523463;-1.0857778;5.9604645e-05;0.8496642;0.8496195;0.0;0.0;6883.058;8353.713;-3554.9924;6456.1934;-754.25336;-2333.8567
1954-08-04;17.303396;1.6246439;0.009892781;750.1264;1.7496568;56.03073;0.0;-7.3453654e-25;99.99998;-7.345365e-21;0.0060677524;-0.9640809;0.00023841858;0.83100796;0.83075464;0.0;0.0;6516.237;7906.7686;-3093.758;6870.1323;-669.715;-2409.1833
1954-08-05;16.507812;6.0675864;0.009686788;750.04755;1.2814139;105.5079;0.0;-7.3453654e-25;99.99998;-7.345365e-21;2.035141;-0.99922156;0.12284517;0.9356439;0.81279874;0.0;0.0;5087.0977;6171.46;-2339.5044;7541.0444;-694.12665;-1856.7289
1954-08-06;17.522512;3.8276672;0.010051727;748.9637;1.4077129;99.614685;0.0;-7.3453654e-25;99.99998;-7.345365e-21;0.09173155;-1.7442014;0.0044703484;0.80001354;0.7955581;0.0;0.0;6092.5815;7389.338;-2679.9307;7284.2554;-1211.6389;-1987.6067
1954-08-07;18.702902;1.9474182;0.0099817915;748.9937;1.1585271;107.890656;0.0;-7.3453654e-25;99.99998;-7.345365e-21;0.00047683716;-1.4008675;1.4901161e-05;0.7786006;0.7785857;0.0;0.0;6107.5317;7405.792;-2870.681;7230.7188;-973.13556;-1889.7
1954-08-08;19.152945;0.91486615;0.010050456;748.8138;1.2280084;98.73288;0.0;-7.3453654e-25;99.99998;-7.345365e-21;0.0057593393;-1.0727365;0.000230968;0.7624328;0.7621944;0.0;0.0;5845.2095;7086.0894;-2952.6423;7149.9775;-745.19446;-1837.0222
1954-08-09;18.215322;2.3970642;0.009895325;746.9934;1.4760908;118.56409;0.0;-7.3453654e-25;99.99998;-7.345365e-21;0.0104874605;-0.9329561;0.0004172325;0.7468164;0.74638426;0.0;0.0;6000.8804;7273.128;-2937.474;7080.935;-648.0933;-2210.9255
1954-08-10;16.776062;-2.8741558;0.009796143;745.5092;1.2856234;127.25416;0.0;-7.3453654e-25;99.99998;-7.345365e-21;0.0;-0.9389948;0.0;0.73102117;0.73102117;0.0;0.0;6704.126;8123.835;-3483.0022;6386.742;-652.2878;-2381.6355
1954-08-11;16.545492;0.7674764;0.0097465515;745.6872;1.1287488;87.07074;0.0;-7.3453654e-25;99.99998;-7.345365e-21;0.003951787;-0.8828826;0.00016391277;0.7162839;0.7161051;0.0;0.0;6193.13;7502.953;-2949.9114;7008.21;-613.3078;-2300.9778
1954-08-12;16.215311;2.1670125;0.010044098;748.0031;1.0773515;67.408195;0.0;-7.3453654e-25;100.00519;-7.345365e-21;0.32517612;-0.8640233;0.016182661;0.71795285;0.7017851;0.0;0.0;5621.2334;6808.6587;-2673.0784;7207.7046;-600.20776;-2132.8755
1954-08-13;18.24179;2.278249;0.010215759;750.0095;1.0086043;73.53;0.0;-7.3453654e-25;99.99998;-7.345365e-21;0.0102669;-0.9714002;0.00040233135;0.68831444;0.6879121;0.0;0.0;5640.8735;6831.082;-2733.139;7399.2437;-674.8;-1835.8833
1954-08-14;18.14563;4.2525024;0.01015981;750.7131;1.4699845;38.75769;0.0;-7.3453654e-25;99.99998;-7.345365e-21;1.637131;-1.0153875;0.10430813;0.7787347;0.67444146;0.0;0.0;5701.2017;6902.6245;-2759.3555;7319.9624;-705.3555;-1981.48
1954-08-15;17.05961;7.3049827;0.009714763;751.04694;1.5110902;58.97795;0.0;-7.3453654e-25;99.99998;-7.345365e-21;2.910945;-1.5533473;0.18547475;0.8469373;0.66146255;0.0;0.0;5646.0674;6834.412;-2596.0874;7272.528;-1079.0577;-1828.6934
1954-08-16;17.10618;6.821808;0.009878795;750.4521;1.1744406;72.27244;0.0;-7.3453654e-25;99.99998;-7.345365e-21;1.8879473;-2.0444822;0.1180768;0.7670969;0.6490201;0.0;0.0;5404.2183;6540.7134;-2429.19;7322.3115;-1420.2333;-1432.77
1954-08-17;17.576395;5.878174;0.01003774;750.85394;1.1076411;79.561226;0.0;-7.3453654e-25;100.00259;-7.345365e-21;1.4392883;-2.0788555;0.08775294;0.7247031;0.63696504;0.0;0.0;5233.4663;6333.2676;-2381.2073;7363.542;-1444.1122;-1261.7045
1954-08-18;16.768494;6.462219;0.009983063;752.21893;1.3377585;74.62527;0.0;-7.3453654e-25;99.99998;-7.345365e-21;2.3215353;-2.066301;0.13902783;0.76431036;0.6252974;0.0;0.0;5244.5244;6345.9297;-2247.9067;7461.419;-1435.3911;-1402.7755
1954-08-19;18.374756;3.5883484;0.009876251;752.366;1.1037959;103.370094;0.0;-7.3453654e-25;99.99998;-7.345365e-21;0.0034749508;-2.16405;0.00014901161;0.61413646;0.61398745;0.0;0.0;5446.615;6589.4937;-2523.0427;7220.902;-1503.2944;-1234.8356
1954-08-20;18.521555;-0.5019328;0.00987498;751.44165;1.3170625;135.85313;0.0;-7.3453654e-25;99.99998;-7.345365e-21;0.0;-1.9887667;0.0;0.6028116;0.6028116;0.0;0.0;6266.741;7580.805;-3042.2468;6772.749;-1381.53;-1700.2433
1954-08-21;17.869822;-2.108836;0.009777069;751.5391;1.3941768;90.53689;0.0;-7.3453654e-25;99.99998;-7.345365e-21;0.0021517272;-1.5177336;0.00011920929;0.59197843;0.5918667;0.0;0.0;6340.4507;7669.019;-3208.406;6624.3115;-1054.3195;-1762.54
1954-08-22;18.654593;0.30271402;0.009897868;751.77277;1.2812567;165.98566;0.0;-7.3453654e-25;99.99998;-7.345365e-21;0.1650244;-1.1255965;0.008285046;0.58950484;0.5812347;0.0;0.0;5988.2485;7242.225;-3079.0503;6836.3105;-781.9144;-1846.9388
1954-08-23;18.78768;-4.549286;0.010149638;748.9497;1.417229;164.29752;0.0;-7.3453654e-25;99.99998;-7.345365e-21;0.0;-1.0156939;0.0;0.5709231;0.5709082;0.0;0.0;6332.618;7657.8174;-3369.289;6539.7754;-705.5689;-2019.5044
1954-08-24;18.393423;-6.790853;0.010120392;749.3681;1.5320854;186.5072;0.0;-7.3453654e-25;99.99998;-7.345365e-21;0.0012904402;-0.8655563;7.4505806e-05;0.5609244;0.5608648;0.0;0.0;6295.254;7611.681;-3383.9421;6488.303;-601.2722;-2082.8833
1954-08-25;18.240335;-6.8528237;0.0097465515;752.2134;1.2783533;168.06549;0.0;-7.3453654e-25;99.99998;-7.345365e-21;0.0;-0.83132184;0.0;0.55107474;0.55107474;0.0;0.0;6217.937;7517.2583;-3384.123;6531.6763;-577.49164;-2016.25
1954-08-26;19.289246;-4.457804;0.009974162;753.9201;1.057401;81.96941;0.0;-7.3453654e-25;99.99998;-7.345365e-21;0.0;-0.84243345;0.0;0.5415082;0.54151565;0.0;0.0;5988.308;7238.831;-3244.5198;6893.062;-585.21;-1749.57
1954-08-27;19.87557;-3.728831;0.010002136;752.90094;1.1595235;145.99922;0.0;-7.3453654e-25;99.99998;-7.345365e-21;0.00044107434;-0.7966459;2.9802322e-05;0.5322397;0.5322099;0.0;0.0;5826.167;7042.039;-3156.0786;7012.0166;-553.4033;-1785.46
1954-08-28;19.695984;-5.0691323;0.009775798;751.56854;1.3546982;137.84203;0.0;-7.3453654e-25;99.99998;-7.345365e-21;0.0012869132;-0.76920354;7.4505806e-05;0.5232394;0.52317977;0.0;0.0;6077.097;7344.392;-3372.3694;6678.9346;-534.34;-1954.7456
1954-08-29;19.04075;-5.971395;0.010070801;752.8872;1.4547776;158.99751;0.0;-7.3453654e-25;99.99998;-7.345365e-21;0.00043567672;-0.7233843;2.9802322e-05;0.5144179;0.514403;0.0;0.0;6071.999;7337.371;-3365.2593;6564.0557;-502.51;-2026.0911
1954-08-30;19.281494;-5.1914163;0.00982666;754.04517;1.3223544;139.19994;0.0;-7.3453654e-25;99.99998;-7.345365e-21;0.00043344402;-0.72736853;2.9802322e-05;0.5058646;0.5058497;0.0;0.0;5894.205;7121.6895;-3199.0105;6799.3223;-505.2789;-1899.5577
1954-08-31;19.439352;-2.4261677;0.009733836;754.3347;1.3357934;168.74135;0.0;-7.3453654e-25;99.99998;-7.345365e-21;0.0017074072;-0.6861566;8.940697e-05;0.49760938;0.49752742;0.0;0.0;5415.2114;6542.058;-2899.5405;7162.783;-476.65;-1754.5078
1954-09-01;19.29129;-3.9180806;0.009970347;753.1219;1.4022164;133.7281;0.0;-7.3453654e-25;99.99998;-7.345365e-21;0.0;-0.71669555;0.0;0.48941374;0.48942864;0.0;0.0;5836.1816;7049.8037;-3244.7178;6817.1455;-497.86444;-1892.0723
1954-09-02;18.87971;-8.424214;0.010161082;751.72687;1.3467392;130.38524;0.0;-7.3453654e-25;99.99998;-7.345365e-21;0.0;-0.6933585;0.0;0.48151612;0.48151612;0.0;0.0;5986.8755;7230.9907;-3525.8281;6374.812;-481.65277;-1856.3567
1954-09-03;18.032867;-8.853414;0.010007222;750.25775;1.2598525;123.06745;0.0;-7.3453654e-25;99.99998;-7.345365e-21;0.00082850456;-0.6731739;2.9802322e-05;0.47385693;0.47381222;0.0;0.0;6000.845;7247.0083;-3640.4246;6127.121;-467.6311;-1782.4867
1954-09-04;16.66807;-6.686676;0.009858449;750.4257;1.2954754;106.27491;0.0;-7.3453654e-25;99.99998;-7.345365e-21;0.0004351138;-0.6335825;1.4901161e-05;0.46634674;0.46631694;0.0;0.0;5911.7314;7138.54;-3527.138;6067.0054;-440.12888;-1908.4434
1954-09-05;16.270742;-9.32724;0.009852092;750.5693;1.3447281;110.42615;0.0;-7.3453654e-25;99.99998;-7.345365e-21;0.0004351138;-0.61253273;1.4901161e-05;0.45906007;0.45903027;0.0;0.0;5907.463;7132.5186;-3553.6086;5927.242;-425.50665;-1900.36
1954-09-06;15.37798;-9.789093;0.010283153;750.1912;1.2564454;131.11049;0.0;-7.3453654e-25;99.99998;-7.345365e-21;0.0008583069;-0.5943365;4.4703484e-05;0.45198202;0.45193732;0.0;0.0;5900.7446;7123.557;-3578.3203;5800.189;-412.86557;-1892.1812
1954-09-07;14.750549;-8.212047;0.010033925;750.3081;1.224566;156.88927;0.0;-7.3453654e-25;99.99998;-7.345365e-21;0.0012844794;-0.5851211;5.9604645e-05;0.44508278;0.44502318;0.0;0.0;5847.5815;7058.558;-3534.786;5804.86;-406.46335;-1845.5778
1954-09-08;14.268107;-2.6046245;0.009944916;751.1528;1.153292;125.01206;0.0;-7.3453654e-25;99.99998;-7.345365e-21;0.4584968;-0.60255826;0.022515655;0.4608631;0.43834746;0.0;0.0;5047.3887;6091.973;-2803.0415;6483.7007;-418.57666;-1747.2489
1954-09-09;14.784576;-3.2530823;0.010597229;751.3289;1.3376517;122.85494;0.0;-7.3453654e-25;99.99998;-7.345365e-21;0.00085444644;-0.7160604;4.4703484e-05;0.43188035;0.43183565;0.0;0.0;5560.4873;6710.4033;-3056.5916;6328.0347;-497.42334;-1907.5477
1954-09-10;14.243093;-5.656606;0.009967804;749.9624;1.3470529;109.62079;0.0;-7.3453654e-25;99.99998;-7.345365e-21;0.0012669544;-0.63967335;5.9604645e-05;0.42545795;0.42539835;0.0;0.0;5620.066;6781.4453;-3185.395;6183.379;-444.36;-1879.9556
1954-09-11;13.886302;-0.74554443;0.010243733;749.7757;1.0967883;83.95669;0.0;-7.3453654e-25;99.99998;-7.345365e-21;0.0002682209;-0.5385354;1.4901161e-05;0.41916966;0.41915476;0.0;0.0;4920.5176;5936.557;-2689.255;6710.9556;-374.10223;-1696.5322
1954-09-12;13.547353;-0.7665202;0.009847005;750.90594;1.2610999;113.493324;0.0;-7.3453654e-25;99.99998;-7.345365e-21;0.0090366695;-0.52914023;0.00032782555;0.41341782;0.4130751;0.0;0.0;5170.426;6237.2656;-2891.2083;6431.938;-367.57556;-1907.2012
1954-09-13;13.324748;-2.4454548;0.009951274;752.2444;1.2750704;95.76832;0.0;-7.3453654e-25;99.99998;-7.345365e-21;0.0004351138;-0.5360209;1.4901161e-05;0.40715933;0.40712953;0.0;0.0;5360.961;6466.4165;-3016.2068;6293.18;-372.35666;-1876.5845
1954-09-14;12.995198;2.3406677;0.009923299;752.0086;1.2438163;60.04143;0.0;-7.3453654e-25;99.99998;-7.345365e-21;0.2766788;-0.53117985;0.012785196;0.41414797;0.40136278;0.0;0.0;4767.62;5750.0347;-2619.2417;6656.1465;-368.99222;-1682.9944
1954-09-15;11.040324;5.641317;0.010231018;749.2264;1.3555843;37.5662;0.0;-7.3453654e-25;99.99998;-7.345365e-21;6.876707;-0.7580444;0.41380525;0.8096695;0.39587915;0.0;0.0;4054.5283;4889.3813;-1957.4991;7064.9204;-526.58887;-1621.6611
1954-09-16;10.427521;4.825663;0.009824117;747.26935;1.2089304;82.90479;0.0;-7.3453654e-25;99.99998;-7.345365e-21;6.8366675;-1.7614402;0.44335425;0.8339733;0.39060414;0.0;0.0;4149.1665;4999.299;-1767.0033;7120.738;-1223.6145;-1326.5653
1954-09-17;9.595978;3.1085713;0.010442098;748.18585;0.9402675;83.81041;0.0;-7.3453654e-25;99.99998;-7.345365e-21;0.556314;-1.8082149;0.02783537;0.413388;0.38552284;0.0;0.0;3528.435;4247.6646;-1605.485;7051.485;-1256.1067;-935.8678
1954-09-18;9.526367;3.6165364;0.009914398;750.18634;1.0333501;145.7818;0.0;-7.3453654e-25;99.99998;-7.345365e-21;2.3330958;-1.7736032;0.14694035;0.527516;0.38056076;0.0;0.0;4061.8206;4885.508;-1881.7286;6782.025;-1232.0623;-1128.4811
1954-09-19;9.99413;1.9933777;0.010128021;751.49414;1.0003976;142.3681;0.0;-7.3453654e-25;99.99998;-7.345365e-21;0.74175;-2.0432286;0.038295984;0.41392446;0.37563592;0.0;0.0;4680.669;5624.9165;-2214.7727;6491.249;-1419.3633;-1104.3534
1954-09-20;9.443878;3.0295308;0.009942372;752.4207;1.25842;35.48169;0.0;-7.3453654e-25;99.99998;-7.345365e-21;2.0935645;-1.764331;0.12271106;0.49352646;0.3708154;0.0;0.0;4176.25;5014.4185;-2007.0858;6633.577;-1225.6211;-1032.289
1954-09-21;10.545288;2.7381897;0.009930928;753.64703;1.5566388;40.902683;0.0;-7.3453654e-25;99.99998;-7.345365e-21;0.0413388;-1.9660313;0.002115965;0.3682077;0.36609173;0.0;0.0;4787.1196;5742.828;-2307.3083;6375.0938;-1365.7356;-1161.289
1954-09-22;11.404185;2.0549114;0.009840648;753.7631;1.2325085;57.182693;0.0;-7.3453654e-25;99.99998;-7.345365e-21;0.009411573;-1.7839428;0.00037252903;0.3617555;0.36138296;0.0;0.0;4802.496;5756.346;-2378.9487;6405.731;-1239.2444;-1123.6322
1954-09-23;12.091278;0.23040771;0.0103302;753.61884;1.1572558;79.32974;0.0;-7.3453654e-25;99.99998;-7.345365e-21;0.00042617318;-1.6698017;2.9802322e-05;0.3567487;0.3567189;0.0;0.0;4749.793;5688.1255;-2406.7354;6483.3105;-1159.9556;-1090.2966
1954-09-24;12.340383;-0.4432373;0.009914398;753.27905;1.057512;53.364445;0.0;-7.3453654e-25;99.99998;-7.345365e-21;0.021079183;-1.548428;0.0010579824;0.35318732;0.35212934;0.0;0.0;4743.871;5676.182;-2488.4812;6442.2607;-1075.6422;-1097.8911
1954-09-25;13.45992;-1.7988993;0.009915669;752.21826;1.1767751;178.03145;0.0;-7.3453654e-25;99.99998;-7.345365e-21;0.0;-1.4361385;0.0;0.3476292;0.34763664;0.0;0.0;4909.9062;5869.7124;-2659.3335;6314.115;-997.63666;-1180.8545
1954-09-26;12.886577;-4.938843;0.010096232;749.70074;1.5032331;245.97168;0.0;-7.3453654e-25;99.99998;-7.345365e-21;0.0012874597;-1.1852719;5.9604645e-05;0.34330785;0.34323335;0.0;0.0;4975.094;5942.5054;-2805.4702;6038.2617;-823.3678;-1344.16
1954-09-27;10.471832;-4.1013794;0.010150909;749.01825;1.3617368;226.02861;0.0;-7.3453654e-25;99.99998;-7.345365e-21;0.00043770354;-0.8855872;1.4901161e-05;0.3389567;0.33894926;0.0;0.0;4945.067;5901.536;-2815.7505;5808.7563;-615.1878;-1666.1333
1954-09-28;9.535878;-0.97295123;0.010161082;750.1667;1.2589195;182.19258;0.0;-7.3453654e-25;99.99998;-7.345365e-21;0.001716945;-0.70886683;8.940697e-05;0.3348738;0.3347844;0.0;0.0;4541.106;5414.7734;-2564.27;6058.376;-492.42667;-1503.9133
1954-09-29;10.059987;-1.3836263;0.009736379;752.22174;1.125225;85.76765;0.0;-7.3453654e-25;99.99998;-7.345365e-21;0.0008523463;-0.73035246;2.9802322e-05;0.33071637;0.33068657;0.0;0.0;4791.2954;5708.1167;-2727.1516;6066.8335;-507.35223;-1449.5444
1954-09-30;10.345612;-0.9395955;0.010022481;753.216;1.6621467;34.140236;0.0;-7.3453654e-25;99.99998;-7.345365e-21;0.0;-0.59875566;0.0;0.32666326;0.32666326;0.0;0.0;4756.1133;5661.2446;-2819.1416;5891.032;-415.93555;-1565.6178
1954-10-01;12.48822;-7.5124;0.00989151;751.6822;1.1267292;157.63698;0.0;-7.3453654e-25;99.99998;-7.345365e-21;0.0004351138;-0.6341152;1.4901161e-05;0.32269955;0.32268465;0.0;0.0;4885.4927;5810.319;-3110.4395;5682.18;-440.4989;-1259.3066
1954-10-02;10.604238;-6.1438394;0.010201772;748.5329;1.7910517;234.40007;0.0;-7.3453654e-25;99.99998;-7.345365e-21;0.0013009085;-0.4877057;5.9604645e-05;0.31888485;0.31881034;0.0;0.0;4772.8354;5671.4644;-2820.846;5834.5366;-338.79333;-1607.1989
1954-10-03;8.607015;-0.7479045;0.010087331;748.3552;1.7602199;207.88512;0.0;-7.3453654e-25;99.99998;-7.345365e-21;0.02759695;-0.37275815;0.0012516975;0.31635165;0.3150925;0.0;0.0;4102.757;4871.042;-2356.7937;6151.838;-258.94278;-1656.11
1954-10-04;7.162791;-5.2952743;0.009946187;749.7583;1.4787364;209.71246;0.0;-7.3453654e-25;99.99998;-7.345365e-21;0.001975894;-0.37079677;9.685755e-05;0.31156838;0.31147152;0.0;0.0;4301.358;5102.5713;-2381.2769;5935.9976;-257.58;-1725.9255
1954-10-05;7.958008;-4.6826706;0.009596507;752.104;1.0055696;182.40173;0.0;-7.3453654e-25;99.99998;-7.345365e-21;0.0012159348;-0.41658616;5.2154064e-05;0.3079474;0.3078878;0.0;0.0;4583.935;5432.94;-2803.895;5649.878;-289.3889;-1665.3055
1954-10-06;8.821309;-9.496101;0.010018666;752.2053;1.0612354;178.89192;0.0;-7.3453654e-25;99.99998;-7.345365e-21;0.0008642673;-0.44052303;4.4703484e-05;0.30438602;0.30434877;0.0;0.0;4744.1143;5617.967;-3099.5383;5289.9067;-306.01666;-1381.4523
1954-10-07;9.149811;-8.543895;0.009909312;750.97687;1.2995888;140.7202;0.0;-7.3453654e-25;99.99998;-7.345365e-21;0.0004351138;-0.42236412;2.9802322e-05;0.30088425;0.3008619;0.0;0.0;4432.7207;5244.7754;-2593.962;5886.3623;-293.40222;-1459.3989
1954-10-08;9.37032;-7.2209983;0.010604858;751.48724;1.1961539;164.63132;0.0;-7.3453654e-25;99.99998;-7.345365e-21;0.0056624413;-0.39752388;0.0002682209;0.2977252;0.29745698;0.0;0.0;4486.747;5304.0977;-2743.515;5738.52;-276.14667;-1565.62
1954-10-09;8.777537;-9.734863;0.009768168;753.8354;1.0849007;139.59004;0.0;-7.3453654e-25;99.99998;-7.345365e-21;0.00085889356;-0.4242761;4.4703484e-05;0.29414892;0.29410422;0.0;0.0;4618.2427;5454.865;-3104.9695;5290.125;-294.73;-1291.2578
1954-10-10;9.038411;-12.67969;0.010157268;755.23364;1.1342533;84.084816;0.0;-7.3453654e-25;99.99998;-7.345365e-21;0.0;-0.4317416;0.0;0.29079616;0.29079616;0.0;0.0;4616.84;5448.541;-3130.7378;5275.6743;-299.91666;-1074.4967
1954-10-11;8.82959;-7.165151;0.010125478;756.8347;1.2321954;59.69412;0.0;-7.3453654e-25;99.99998;-7.345365e-21;0.0004351138;-0.41664952;2.2351742e-05;0.2875626;0.2875477;0.0;0.0;4432.4463;5226.455;-2772.1687;5761.6597;-289.43222;-1254.3645
1954-10-12;8.886597;-3.525523;0.009915669;757.342;1.2062539;47.449234;0.0;-7.3453654e-25;99.99998;-7.345365e-21;0.008654594;-0.38944;0.00032782555;0.2847016;0.28435886;0.0;0.0;4147.9043;4886.6304;-2595.2156;5975.6533;-270.53223;-1220.6812
1954-10-13;9.183838;-5.537721;0.009994507;757.08887;1.2192582;38.05348;0.0;-7.3453654e-25;99.99998;-7.345365e-21;0.0012936298;-0.3854176;5.9604645e-05;0.28130412;0.28124452;0.0;0.0;4191.066;4933.43;-2702.9;5824.7866;-267.73666;-1214.6967
1954-10-14;8.6823015;-7.4153237;0.0098724365;754.7783;1.0161049;72.30738;0.0;-7.3453654e-25;99.99998;-7.345365e-21;0.027570128;-0.3811959;0.0012516975;0.27944148;0.27818978;0.0;0.0;3960.3494;4657.8643;-2576.281;5941.1665;-264.80444;-1122.9856
1954-10-15;7.9927163;-6.907064;0.01003011;753.4099;1.1460097;120.160194;0.0;-7.3453654e-25;99.99998;-7.345365e-21;0.12632431;-0.3922023;0.006094575;0.28130412;0.2752021;0.0;0.0;4039.3271;4746.714;-2578.1995;5856.1333;-272.45;-1240.2689
1954-10-16;8.409505;-7.728373;0.009925842;753.7353;1.1894907;125.74589;0.0;-7.3453654e-25;99.99998;-7.345365e-21;0.0045537944;-0.38621947;0.00017881393;0.27245283;0.27226657;0.0;0.0;4006.7222;4706.8564;-2546.5955;5862.8276;-268.29443;-1240.7411
1954-10-17;7.8138123;-6.968933;0.009775798;752.2642;1.1050692;176.6681;0.0;-7.3453654e-25;99.99998;-7.345365e-21;0.0016316772;-0.35317335;8.195639e-05;0.26948005;0.2693981;0.0;0.0;4053.4773;4760.447;-2497.5295;5867.8955;-245.33778;-1317.2644
1954-10-18;7.582438;-5.180186;0.010025024;751.37335;1.1589339;230.64455;0.0;-7.3453654e-25;99.99998;-7.345365e-21;0.0024169676;-0.31798893;0.00011920929;0.26671588;0.26659667;0.0;0.0;3812.0457;4475.371;-2375.1794;5932.319;-220.89555;-1317.0555
1954-10-19;6.518514;-4.282969;0.009722392;752.17706;1.1670955;259.39658;0.0;-7.3453654e-25;99.99998;-7.345365e-21;0.68025476;-0.3921967;0.03668666;0.30057132;0.26388466;0.0;0.0;3702.6277;4345.717;-2195.3267;5988.817;-272.44666;-1337.59
1954-10-20;6.875763;-1.9878439;0.009765625;754.57794;0.8985412;195.6841;0.0;-7.3453654e-25;99.99998;-7.345365e-21;0.22907555;-0.45602676;0.010669231;0.2718866;0.2612099;0.0;0.0;3677.169;4314.392;-2275.0867;5978.298;-316.78665;-1183.0789
1954-10-21;7.934733;-5.340322;0.010093689;754.6458;0.94382334;112.45313;0.0;-7.3453654e-25;99.99998;-7.345365e-21;0.00359416;-0.49712417;0.00017881393;0.25872886;0.25855005;0.0;0.0;3872.9844;4542.72;-2441.8062;5906.9775;-345.335;-1014.03
1954-10-22;7.298777;-3.6171772;0.010026296;754.5787;1.1362871;90.11356;0.0;-7.3453654e-25;99.99998;-7.345365e-21;0.281173;-0.4156586;0.012561679;0.26851892;0.25595725;0.0;0.0;3235.7017;3794.14;-2040.13;6175.3457;-288.74445;-1022.5267
1954-10-23;7.9302573;-6.2399597;0.00999705;754.28204;1.2364726;100.965096;0.0;-7.3453654e-25;99.99998;-7.345365e-21;0.086961366;-0.42878744;0.0041648746;0.25759637;0.25342405;0.0;0.0;3674.2817;4306.8877;-2302.5803;5945.7285;-297.865;-1154.4434
1954-10-24;7.7143555;-8.99171;0.01020813;754.3742;1.1148326;103.92333;0.0;-7.3453654e-25;99.99998;-7.345365e-21;0.0027000897;-0.39006117;0.00011920929;0.25102496;0.25090575;0.0;0.0;3404.2961;3989.328;-2151.2134;6043.82;-270.96222;-1040.1522
1954-10-25;5.9977317;-5.9527993;0.009888967;752.92596;0.69267887;96.25303;0.0;-7.3453654e-25;99.99998;-7.345365e-21;0.3211558;-0.34240633;0.014871359;0.26336312;0.24849176;0.0;0.0;2476.67;2901.361;-1623.2517;6483.2065;-237.85777;-689.3911
1954-10-26;4.9921365;-2.3967488;0.010060628;750.79;0.9076236;105.35224;0.0;-7.3453654e-25;99.99998;-7.345365e-21;1.2764812;-0.47761387;0.0718683;0.31800568;0.24613738;0.0;0.0;2914.3745;3413.061;-1836.54;6200.1245;-331.78168;-977.88776
1954-10-27;4.8546653;-3.8094482;0.009920756;750.927;0.9774328;155.21796;0.0;-7.3453654e-25;99.99998;-7.345365e-21;0.07122159;-0.5120877;0.0034719706;0.24728477;0.24382025;0.0;0.0;3162.2844;3702.271;-2023.9833;5932.0176;-355.7311;-888.3367
1954-10-28;4.665283;-3.445048;0.010108948;751.36084;1.0546639;212.39178;0.0;-7.3453654e-25;99.99998;-7.345365e-21;0.2122581;-0.50490165;0.010043383;0.2515465;0.24151057;0.0;0.0;3389.9016;3967.4434;-2194.595;5802.8594;-350.7378;-946.9767
1954-10-29;4.6150208;-5.1659646;0.009984334;751.415;0.943937;141.65785;0.0;-7.3453654e-25;99.99998;-7.345365e-21;0.12542006;-0.4596496;0.006094575;0.24531782;0.23923814;0.0;0.0;3161.381;3698.8467;-2118.8032;5794.93;-319.30334;-784.25555
1954-10-30;4.455363;-5.7377625;0.009905498;750.8851;1.0375674;180.03233;0.0;-7.3453654e-25;99.99998;-7.345365e-21;0.5331397;-0.5037049;0.026032329;0.2630353;0.23699552;0.0;0.0;3275.439;3831.1333;-2102.42;5772.438;-349.90668;-821.56555
1954-10-31;3.8011272;-5.0271096;0.00999705;750.9338;0.9873952;205.57143;0.0;-7.3453654e-25;99.99998;-7.345365e-21;0.2274394;-0.41397288;0.011146069;0.24597347;0.2348125;0.0;0.0;3034.4229;3548.0557;-1966.59;5774.5327;-287.57224;-857.3555
1954-11-01;3.070872;-3.0660198;0.009967804;751.4426;0.9398367;243.22552;0.0;-7.3453654e-25;99.99998;-7.345365e-21;0.7295804;-0.4222691;0.039458275;0.2721697;0.23271143;0.0;0.0;2847.0222;3328.0112;-1819.9861;5914.737;-293.33554;-898.0278
1954-11-02;2.4223022;-3.8393147;-6.7826157;750.2656;0.97370553;202.82019;0.00040690103;-7.3453654e-25;119.09861;-7.345365e-21;0.13550799;-0.44398382;0.0066161156;0.23722649;0.23061782;2.7939677e-05;5.2154064e-05;3061.514;3577.5266;-1987.0662;5689.493;-308.4211;-903.9144
1954-11-03;2.8422546;-4.731466;-7.40095;750.67535;0.9439079;184.59224;0.0;-7.3453654e-25;142.03058;-7.345365e-21;0.00085532654;-0.41488186;4.4703484e-05;0.22858381;0.22854656;2.0489097e-05;0.0;3402.59;3974.8333;-2194.5073;5466.7773;-288.20557;-873.1778
1954-11-04;2.2109578;-1.9187521;-5.077297;753.00836;0.8976414;248.46436;0.0;-7.3453654e-25;150.74217;-7.345365e-21;1.4903873;-0.43282285;0.07626414;0.3028065;0.22654235;1.4901161e-05;0.0;2594.5344;3030.1;-1536.8188;6063.4355;-300.6678;-789.6556
1954-11-05;1.4130656;-0.18421428;-3.7153778;754.64526;0.5533506;178.22899;0.018229166;3.2186508e-06;147.95116;-7.345365e-21;6.5505953;-0.59159565;0.402838;0.6274879;0.2246499;0.00037066638;0.0059083104;1295.7317;1512.95;-875.8722;6534.1577;-410.96112;-227.21
1954-11-06;1.9600321;-1.6513062;-4.7694488;754.1137;1.0899626;94.878876;0.036458332;5.5631003e-06;137.16795;-7.345365e-21;0.92208385;-0.9058863;0.04644692;0.26923418;0.22275746;0.0031217933;0.0018328428;2765.7717;3228.6523;-1509.6183;6138.2134;-629.2883;-771.48334
1954-11-07;2.7033794;-3.513316;-6.0774674;752.108;0.8510266;89.38621;0.0234375;3.496806e-06;149.91534;-7.345365e-21;0.0032571007;-0.7022787;0.00028312206;0.22113323;0.22085756;0.001590699;0.0;2821.205;3291.9512;-1752.43;5828.618;-487.85;-540.1433
1954-11-08;2.7819214;-3.3877563;-6.48099;751.9677;0.8528538;184.7533;0.014811198;2.22524e-06;150.70311;-7.345365e-21;0.016084312;-0.64639187;0.00090897083;0.21986663;0.21897256;0.0011157244;0.0;2585.8723;3016.2322;-1661.3855;5916.1626;-449.02777;-633.98553
1954-11-09;2.5875652;-2.5512898;-6.5367913;752.73804;0.8594756;207.40166;0.008382161;1.3510386e-06;150.70311;-7.345365e-21;0.03892339;-0.5715657;0.0020563602;0.21915138;0.21710992;0.0006482005;0.0;2800.6716;3265.8533;-1781.4161;5749.921;-397.0478;-596.68665
1954-11-10;2.2039387;-1.0045471;-4.3257957;752.4113;0.7614034;284.3566;0.01936849;3.2583873e-06;154.14418;-7.345365e-21;1.9722818;-0.61747247;0.11510402;0.33040345;0.21529198;0.0004209578;0.0061541796;2601.9878;3033.2234;-1473.3883;6134.588;-428.93777;-601.80225
1954-11-11;1.5281372;-3.165924;-3.6724281;751.6297;0.95941967;109.40005;0.037190754;5.722046e-06;153.9186;-7.345365e-21;0.70930123;-0.77935493;0.03772974;0.25121868;0.21349639;0.0030454248;0.0006519258;2642.534;3079.8955;-1420.6827;6222.435;-541.39557;-755.74335
1954-11-12;0.80455524;-3.5255535;-6.613819;752.01855;1.3144848;28.670517;0.15413411;2.3285547e-05;152.53839;-7.345365e-21;1.1933684;-0.7848153;0.07452071;0.2862662;0.2117455;0.013360754;0.033009797;2665.8638;3108.021;-1828.3733;5564.596;-545.205;-570.0711
1954-11-13;1.4690348;-5.1498513;-8.313034;753.9815;1.438717;25.332855;0.1282552;1.8914541e-05;152.9453;-7.345365e-21;0.0013496446;-0.6750198;0.00071525574;0.21071732;0.21000206;0.009346753;5.2154064e-05;3182.3389;3707.929;-2244.4995;5127.121;-468.92944;-574.8422
1954-11-14;1.7337952;-8.403961;-9.630111;754.2446;1.2559005;28.905518;0.07967123;1.1642774e-05;152.85936;-7.345365e-21;0.0021472515;-0.62148833;0.0005066395;0.20879507;0.20828098;0.0056251884;0.0;3255.3723;3791.0657;-2467.0962;4836.6665;-431.73666;-402.1311
1954-11-15;2.4972026;-13.785226;-10.658874;753.8376;0.8827521;69.52986;0.051513672;7.669131e-06;152.85936;-7.345365e-21;0.0025749204;-0.5085561;0.00037252903;0.20694733;0.2065897;0.0033006072;0.0;3300.5244;3842.0134;-2583.5112;4663.608;-353.28555;-287.5178
1954-11-16;3.0950317;-9.861595;-9.849824;752.1639;0.85757303;178.66003;0.033365887;4.927317e-06;152.85936;-7.345365e-21;0.00085532654;-0.43023843;0.00020861626;0.20512938;0.20493567;0.0023059547;0.0;3215.5078;3742.6133;-2400.8533;4876.832;-298.87668;-330.81332
1954-11-17;2.9572246;-8.0107;-9.014683;750.9317;0.8262349;137.95667;0.020426432;2.6226044e-06;152.85936;-7.345365e-21;0.0;-0.4177913;0.00010430813;0.20341575;0.203304;0.0014565885;0.0;3143.4277;3658.379;-2245.3289;5052.714;-290.22778;-356.04
1954-11-18;-0.50664264;-5.9838867;-7.2208824;749.81683;0.5982876;232.00635;1.1819662;0.00018485387;143.56378;1.2207031;0.5648762;-0.14939997;0.010251999;0.21198392;0.20173937;0.018950552;0.39560348;1273.0339;1486.9645;-1114.6866;5960.634;-104.01667;-229.60556
1954-11-19;-0.697347;-2.767802;-3.0936978;750.3145;0.707309;214.77156;5.209717;0.0007464488;138.32387;5.533854;0.87335706;-0.1956029;0.020816922;0.22102892;0.200212;0.17101504;0.69631636;1613.1727;1918.9856;-808.43445;6521.5923;-136.69333;-433.22
1954-11-20;-0.08833822;-4.18453;-6.625969;750.2483;0.8890252;84.90629;4.9050293;0.00072113675;150.37401;5.0455728;0.0014930964;-0.470927;0.02668798;0.22536516;0.19866228;0.37968904;0.00063702464;2711.6133;3230.51;-1743.7222;5593.0376;-327.64444;-656.88446
1954-11-21;-0.29534912;-4.623342;-6.8982644;748.7598;0.7309699;160.81593;3.135091;0.0004641215;150.41014;3.2958984;0.0055074687;-0.30178392;0.0122487545;0.20939112;0.19714236;0.16978197;4.4703484e-05;2166.4978;2557.7678;-1537.1117;5695.0337;-210.06444;-419.51666
1954-11-22;-1.0713602;-5.3788657;-7.860296;748.1521;0.7395869;107.21359;2.1622722;0.0003196001;150.39061;2.319336;0.008264184;-0.3582798;0.009045005;0.20468235;0.1956448;0.123515725;0.0015310943;2540.3406;2984.6555;-1697.8861;5514.668;-249.42;-647.1422
1954-11-23;-1.1869711;-6.15743;-5.5248313;744.89154;0.86857957;63.194736;10.522786;0.0017624696;142.26463;12.369792;11.385602;-0.32836384;0.056520104;0.25068223;0.19416958;0.0889115;10.257706;2729.8345;3196.5479;-1434.8162;5855.121;-228.38278;-583.5611
1954-11-24;-2.7587483;-3.3526611;-1.7410278;744.9028;0.68750006;169.42262;99.50431;0.018989006;129.0882;145.42644;9.664434;-0.10170601;0.04851818;0.2412498;0.19273162;0.37975425;9.005062;628.505;2305.47;-525.18555;6482.7;-78.19;-153.35222
1954-11-25;-4.6141562;-6.0394363;-5.0620217;748.08057;0.96261597;90.66801;100.0;0.020745357;150.10675;138.75325;0.16452372;-0.146552;0.069104135;0.26042014;0.19132346;0.9457171;0.107102096;707.2589;2375.9512;-707.20276;5990.3545;-113.28222;-132.52
1954-11-26;-5.0808816;-7.631439;-4.9301453;748.61896;1.4230895;35.304733;99.94425;0.02025362;154.28514;131.63249;0.39886236;-0.23116916;0.024303794;0.21422654;0.18992275;0.35485065;0.39543584;787.74554;2488.6943;-722.24;5958.9126;-179.35611;-94.05111
1954-11-27;-6.1159263;-9.576457;-6.8426833;746.5363;1.4577767;32.79364;99.75073;0.020048419;156.20148;128.3366;0.07545916;-0.26168582;0.013522804;0.2020672;0.1885444;0.19377843;0.07256493;934.75836;2781.7688;-944.62;5474.3296;-203.02222;-109.67
1954-11-28;-6.12028;-9.983307;-7.6446633;748.0467;1.0715058;60.868073;99.295494;0.019526204;157.7591;123.942055;0.036417812;-0.2515707;0.030055642;0.21724403;0.18718094;0.42779183;0.03040582;1130.2578;3168.0645;-1102.4083;5269.83;-194.21889;-119.56778
1954-11-29;-6.4298606;-10.056756;-6.775473;748.4377;1.0069515;50.65829;98.83276;0.018913666;159.07616;119.05924;0.025667459;-0.3091451;0.027105212;0.2129376;0.18583238;0.3780108;0.02054125;1025.8016;2737.82;-921.0405;5532.6133;-239.93889;-175.73778
1954-11-30;-6.06191;-9.653863;-7.6233964;746.4107;1.0158235;38.115932;98.30338;0.018276135;161.80109;113.19987;0.10961592;-0.2829926;0.04066527;0.22517145;0.18450618;0.56823343;0.10698289;1002.0961;2558.1345;-902.0783;5488.437;-219.51111;-120.48556
1954-12-01;-5.934143;-8.651303;-6.452185;746.50336;0.92684346;92.923706;97.78336;0.017689904;164.56801;107.543945;0.45070946;-0.3020661;0.039950013;0.22315979;0.18320233;0.5440805;0.4439652;1002.3322;2472.9521;-840.55334;5662.4155;-234.75833;-160.19112
1954-12-02;-5.702236;-8.699061;-7.2865005;746.5992;0.9509246;52.50627;97.405846;0.017115394;165.39484;103.271484;0.18267632;-0.3023427;0.051885843;0.23379922;0.18190593;0.6874558;0.1388602;1148.6945;2774.2678;-1027.5022;5374.48;-234.88777;-163.14223
1954-12-03;-6.565933;-9.420924;-7.8348274;746.9947;1.0218253;52.924236;97.456215;0.017471949;161.77245;107.7474;2.3365815;-0.31008756;0.029236078;0.20988286;0.18063933;0.36125258;2.2546873;1183.7972;2807.8323;-1151.5834;5230.6455;-241.78667;-192.6
1954-12-04;-8.614711;-12.264061;-10.303876;748.2337;1.1265637;45.414806;97.85856;0.018368283;157.80727;116.08887;0.030252337;-0.26411936;0.00032782555;0.1797229;0.17940253;0.005841255;0.028677285;1109.6716;2803.1943;-1045.6028;5026.342;-207.50444;-178.00223
1954-12-05;-7.395823;-12.036926;-7.1756897;745.01654;1.185967;51.731976;97.61279;0.017927924;159.11327;112.264;0.87881386;-0.28441566;0.03373623;0.21192431;0.17818809;0.44272095;0.8769855;1091.5189;2661.46;-958.08777;5442.6226;-223.72722;-137.09
1954-12-06;-5.9161477;-7.95018;-5.0133667;739.4886;0.84717125;159.85785;99.162926;0.024306973;147.5143;163.57422;11.980295;-0.20291191;0.002592802;0.1795888;0.176996;0.026855618;11.808172;743.74335;2046.9266;-536.1128;6111.4453;-159.44;-183.36111
1954-12-07;-4.746521;-5.648922;-3.8683116;744.36005;1.1066693;217.66905;100.0;0.03235237;149.53546;215.73894;3.63784;-0.1204852;0.0;0.1758039;0.1758039;0.0;3.5032332;505.27444;1815.1289;-301.77;6516.7256;-93.751114;-147.37445
1954-12-08;-3.863149;-5.382202;-5.887666;750.2959;0.9320428;154.9629;100.0;0.03481376;152.53676;228.23079;0.46818256;-0.05826913;0.00071525574;0.17532706;0.1746118;0.012647361;0.46005845;721.99;2621.85;-1030.164;5555.919;-43.493332;-68.62444
1954-12-09;-6.053498;-10.719872;-11.504304;751.9873;1.2150091;63.72159;100.0;0.03477506;155.13344;224.24316;0.0025510788;-0.03230758;0.01104176;0.18447638;0.17342716;0.15168823;0.0012665987;909.8678;3101.041;-1133.2045;4903.818;-22.283333;12.296667
1954-12-10;-7.1929345;-11.4463415;-12.093948;751.188;1.4470758;24.075373;100.0;0.034689307;157.15721;221.15071;0.0047464883;-0.0179559;0.0027939677;0.17505884;0.17226487;0.04817359;0.0026002526;846.27167;2773.7778;-960.61224;5018.1245;-12.203333;23.767778
1954-12-11;-7.530702;-10.817577;-11.415852;749.15155;1.7178688;20.851923;100.0;0.03469916;159.0742;218.54655;0.04091859;-0.051720068;0.000834465;0.1719445;0.17111748;0.014221296;0.03655255;928.7928;2974.1567;-1251.7961;4789.1064;-38.594444;2.9066668
1954-12-12;-9.352664;-17.03948;-15.143369;748.3337;1.4317946;24.865076;100.0;0.034638364;160.7425;215.77962;0.0025510788;-0.027958304;0.0040084124;0.17398596;0.16999245;0.06792322;0.0021383166;1013.4422;3164.4412;-1289.0544;4397.1587;-21.831112;35.922222
1954-12-13;-7.2296543;-17.343393;-15.614802;748.517;1.3187954;38.6113;100.0;0.034522098;162.32289;213.21614;0.0;-0.03142841;0.006005168;0.17489493;0.16888976;0.100087374;0.0;1047.0394;3193.2488;-1363.7483;4278.9707;-25.044445;77.90222
1954-12-14;-5.7611527;-15.549609;-14.879066;751.1308;1.1876503;80.29052;100.0;0.034357507;163.66241;210.48991;0.0017225739;-0.03477186;0.010088086;0.17789006;0.16780943;0.14955737;0.0;1059.1061;3157.2656;-1307.6367;4401.9053;-27.64889;67.28
1954-12-15;-3.9995906;-15.017903;-11.081166;755.43475;1.2189953;51.20422;99.758545;0.034084123;165.54816;206.86848;0.0019327654;-0.05734712;0.021263957;0.18800795;0.16673654;0.28952584;0.0;937.1494;2725.341;-1102.1372;4979.049;-45.18;49.27
1954-12-16;-1.6660461;-11.684558;-9.2978735;755.2544;1.0202173;153.83797;98.8619;0.033561587;168.98761;199.8698;0.00091195095;-0.057669356;0.044465065;0.21015108;0.16567856;0.57281923;0.0;1047.4;2906.7144;-1289.9438;4970.5938;-44.761112;31.654444
1954-12-17;-1.631663;-15.678569;-10.924954;750.4517;0.8605072;265.0183;97.90519;0.03304823;171.96254;192.78972;0.0012844794;-0.08635782;0.02926588;0.19390881;0.16463548;0.3682375;0.0;1172.2;3098.7344;-1297.7633;4787.113;-67.42667;38.466667
1954-12-18;-2.099528;-9.474294;-6.9874024;748.96387;0.7955086;226.5948;97.13745;0.03226622;174.56053;185.83171;0.027485065;-0.08366257;0.07931888;0.24293363;0.16359985;0.9705946;0.02335757;1081.3478;2750.1245;-1069.8055;5408.243;-65.68;-42.966667
1954-12-19;-2.576233;-6.259237;-6.8419404;751.6586;0.77684134;154.80676;96.48649;0.030997196;176.49901;176.63574;0.059509277;-0.07644482;0.122874975;0.28546154;0.16258657;1.468569;0.0404045;1051.4417;2573.63;-1140.4423;5377.629;-60.173332;-51.76889
1954-12-20;-3.5915833;-6.9810486;-6.585476;751.4621;0.97520906;54.772045;95.44751;0.029349327;178.04588;165.60872;0.8925814;-0.07270556;0.1513362;0.31289458;0.16158074;1.7804168;0.8076802;1232.0105;2900.601;-1012.2439;5524.6396;-56.955555;-102.84
1954-12-21;-2.792572;-3.4184062;-1.308103;746.52765;0.68858695;148.4879;98.724365;0.03913498;158.80824;244.38477;18.525959;-0.15713274;0.035449862;0.19603968;0.16058236;0.08210167;16.954199;354.28223;1082.5477;-132.14278;6934.6323;-123.07445;-160.4311
1954-12-22;-3.8669636;-4.9770913;-2.9959934;747.40137;0.9885437;236.8695;100.0;0.05025665;153.18292;328.00293;1.8331289;-0.16892329;0.0011324883;0.16072392;0.15959144;0.006057322;1.6864724;641.80054;2233.8667;-669.6161;6174.2153;-131.34889;-142.90555
1954-12-23;-7.902903;-10.620435;-9.528748;746.4001;0.8722546;293.75537;100.0;0.050542235;156.8587;322.71323;0.06327629;-0.0724718;0.0;0.15860796;0.15860051;0.0;0.05884096;790.5356;2607.429;-886.7828;5316.4165;-55.621113;-118.91
1954-12-24;-5.6815186;-7.4373574;-8.0250025;746.6402;0.80815583;286.2445;100.0;0.050647855;159.37042;318.3187;0.27298927;-0.033428892;0.00031292439;0.15795231;0.15762448;0.004135072;0.27058274;833.4078;2687.55;-663.565;5752.406;-24.784445;-67.47444
1954-12-25;-5.073517;-6.8703513;-5.8996696;746.9466;0.7711334;262.3945;100.0;0.050820667;162.27277;313.59863;0.07688999;-0.08666515;0.0014305115;0.15810132;0.15665591;0.018607825;0.06870553;866.37335;2746.5657;-855.4595;5743.939;-66.40667;-110.42889
1954-12-26;-5.5084305;-7.249186;-7.556807;747.1953;0.87851113;131.4853;100.0;0.0507855;165.58495;307.29166;0.01835823;-0.042350963;0.0049471855;0.16063452;0.15571713;0.06456673;0.01744926;906.6339;2805.581;-997.17554;5419.42;-31.63;-76.12556
1954-12-27;-6.2892623;-9.065057;-6.709948;744.58124;0.9711334;60.568905;100.0;0.05597039;162.74542;343.01758;21.46793;-0.08840766;0.019922853;0.17470121;0.15477836;0.10263361;20.585873;806.05835;2450.0234;-521.91833;6036.4224;-68.03667;-77.92111
1954-12-28;-4.702667;-5.326996;-2.6944835;741.7524;0.6450669;135.62988;100.0;0.09600123;149.96483;635.2946;32.170765;-0.13098028;0.014021993;0.16786158;0.15384704;0.0;30.949932;278.90054;1206.5712;-315.6128;6557.73;-102.433334;-164.08112
1954-12-29;-7.740454;-9.17368;-6.8077583;741.939;0.86173505;106.543785;100.0;0.110725366;152.14972;727.0915;7.0168285;-0.042755157;0.0;0.15293062;0.15293062;0.0;6.963469;479.38943;2035.3767;-664.13556;5766.493;-31.971111;-78.35
1954-12-30;-8.205701;-10.330048;-9.115777;739.4953;1.2633408;23.121027;100.0;0.116855025;153.78741;758.91113;6.541087;-0.030910596;0.0;0.15202165;0.1520291;0.0;6.5092144;401.925;1702.2322;-514.885;5754.3267;-23.054445;-44.552223
1954-12-31;-7.6553;-9.44649;-10.236542;742.68207;0.77633077;228.25069;100.0;0.120400466;156.96288;767.2119;0.6697301;0.0021904707;0.0;0.15114248;0.15114248;0.0;0.6650127;502.72446;2110.4343;-453.19055;5746.806;3.0177777;-37.025555
1955-01-01;-8.635846;-12.820035;-11.598952;747.03735;1.0248489;49.294773;100.0;0.12069217;162.08234;744.7917;0.008040667;-0.02300553;0.0;0.15024841;0.15024096;0.0;0.0071786344;763.58887;3120.4067;-1204.9355;4708.008;-15.404445;-26.848888
1955-01-02;-11.007656;-14.128583;-14.661964;746.8378;1.163503;27.38893;100.0;0.12073088;165.9632;727.2542;0.030677406;0.0033248216;0.0;0.14936924;0.14936924;0.0;0.02837181;641.5306;2557.4045;-658.2522;5106.2026;4.27;-21.205555
1955-01-03;-11.828773;-16.032919;-15.479066;747.77954;1.305235;16.824442;100.0;0.120774984;169.35675;713.25684;0.017035007;-0.0092778355;0.0;0.14850497;0.14849752;0.0;0.015325844;814.8711;3167.1611;-1169.3961;4437.784;-5.168889;-18.671112
1955-01-04;-14.321473;-18.837582;-19.6551;748.0623;1.3140751;13.280167;100.0;0.120799385;171.95863;702.02637;0.00029802322;0.008121133;0.0;0.1476556;0.1476407;0.0;0.00029802322;861.19055;3256.7078;-1174.8622;4066.7346;8.0;27.094444
1955-01-05;-14.846935;-19.039938;-20.439129;746.782;1.2493101;46.321426;100.0;0.120832086;174.02765;694.01044;0.010717864;0.008508563;0.0;0.14679134;0.14680624;0.0;0.008568168;818.38275;3021.0288;-1016.1589;4211.7896;8.068889;4.64
1955-01-06;-13.732644;-20.424843;-22.780266;745.86115;1.1828934;50.949223;100.0;0.12086006;175.84373;687.2966;0.00044107434;0.005511567;0.0;0.14597178;0.14597178;0.0;1.4901161e-05;945.7522;3408.9622;-1293.5934;3693.3425;5.8033333;77.723335
1955-01-07;-12.573943;-20.837688;-22.847715;747.26886;1.0709437;94.696785;100.0;0.12088013;177.4264;681.11163;0.0008815876;0.003932044;0.0;0.14513731;0.14513731;0.0;0.0;953.01666;3355.2856;-1059.4825;4009.229;4.2255554;71.77
1955-01-08;-11.257178;-18.368418;-21.020658;749.7793;1.1545113;26.6902;100.0;0.120899476;179.13539;674.7233;0.0;0.012660399;0.0;0.14433265;0.14433265;0.0;0.0;970.7939;3341.9368;-1042.4155;4198.68;10.834444;63.842224
1955-01-09;-10.563421;-17.926077;-19.953531;751.7281;1.1736084;23.280228;100.0;0.12092463;181.02472;667.7246;0.0021445057;0.011068769;0.0;0.14351308;0.14352053;0.0;0.0;1006.95776;3388.72;-1153.2778;4150.1084;9.691112;67.63556
1955-01-10;-7.620729;-18.002848;-18.10977;749.75244;0.82251716;189.07104;100.0;0.12094247;183.07225;660.31903;0.0021457653;-0.0025015324;0.0;0.14272332;0.14272332;0.0;0.0;811.4439;2670.669;-822.63666;4699.537;-1.0644444;66.09
1955-01-11;-7.5897765;-14.292483;-16.169151;748.3554;0.5524697;283.74472;100.0;0.120992266;185.32616;653.03546;0.15349388;0.0016801059;0.0;0.14193356;0.14193356;0.0;0.14657527;925.88;2984.5134;-740.80725;4976.4233;2.2677777;-8.662222
1955-01-12;-6.542723;-8.164935;-11.068569;747.2614;0.6495704;202.62422;100.0;0.12201333;186.7936;652.9134;2.3826988;0.013915822;0.0;0.1411587;0.14115125;0.0;2.338767;607.37164;1940.7056;-185.77667;6100.704;11.603333;-29.127777
1955-01-13;-4.449056;-5.592397;-6.2755675;746.7242;0.68203974;226.24817;100.0;0.12414265;188.5996;658.3659;0.938737;-0.056478195;0.0;0.14038384;0.14038384;0.0;0.9147413;716.5211;2397.889;-450.8272;6206.0757;-42.856667;-85.6
1955-01-14;-4.772278;-6.0552917;-4.9988923;748.3415;0.6342042;203.02899;100.0;0.12517874;192.7516;649.4954;0.9570867;-0.069710426;0.0;0.13960898;0.13961643;0.0;0.9273067;732.00836;2446.7844;-601.81775;6125.915;-52.59;-98.007774
1955-01-15;-5.32429;-6.50382;-5.501629;749.8818;0.7766556;180.66835;100.0;0.12548971;197.82289;634.4808;0.1398857;-0.06441958;0.0;0.13884902;0.13884902;0.0;0.13448298;881.08167;2904.328;-796.6589;5840.9946;-47.962223;-119.513336
1955-01-16;-4.7685647;-6.224701;-5.295694;748.43304;0.74814415;256.98242;100.0;0.12589419;202.12596;622.5993;1.464656;-0.0680238;0.0;0.13808906;0.13809651;0.0;1.4078468;913.01166;2954.05;-644.7083;6076.5547;-50.483334;-105.39333
1955-01-17;-3.1123772;-4.461151;-3.344471;749.85065;0.60923964;179.24792;100.0;0.12859793;203.59406;631.51044;1.5190423;-0.096594915;0.0;0.137344;0.137344;0.0;1.468718;776.42725;2640.0022;-806.10834;6053.8276;-72.965;-87.935555
1955-01-18;-3.6696422;-11.571094;-8.163463;749.46136;1.1053901;38.04242;100.0;0.12877579;208.2516;618.4489;0.0008523463;-0.059816986;0.0;0.13661385;0.13659894;0.0;0.0;1090.9567;3563.22;-1566.5956;4627.7866;-42.595;20.331112
1955-01-19;-3.1885655;-12.471988;-11.217111;749.21014;1.159745;33.812466;100.0;0.1287771;211.44237;609.13086;0.0004351138;-0.034380704;0.0;0.13586879;0.13586134;0.0;0.0;1142.42;3648.3655;-1422.9514;4593.1665;-23.20111;68.723335
1955-01-20;-3.8687096;-14.0406065;-12.926707;748.4694;1.1552213;37.16833;100.0;0.12878759;214.03319;602.0508;0.0021398063;-0.031054951;0.0;0.13512373;0.13513118;0.0;0.0;1192.6061;3729.521;-1498.3633;4355.045;-20.86;78.01778
1955-01-21;-5.3191514;-14.947667;-14.11102;747.4727;1.1782919;43.472866;100.0;0.12879698;216.24867;595.7845;0.0012904402;-0.024002977;0.0;0.13440847;0.13440847;0.0;0.0;1223.3622;3748.841;-1445.2378;4328.598;-15.917778;67.045555
1955-01-22;-5.803313;-14.935052;-14.522433;746.18085;1.088837;70.42777;100.0;0.12880886;218.28416;590.20996;0.0012669871;-0.019500032;0.0;0.13370812;0.13370067;0.0;0.0;1260.71;3787.2068;-1435.0527;4311.4023;-12.944445;52.336666
1955-01-23;-4.9348755;-14.695323;-13.084866;746.13525;0.76667374;206.43748;100.0;0.1288125;220.29164;584.7575;0.031641126;-0.03763195;0.0;0.13300776;0.13300031;0.0;0.030353665;1156.7411;3407.3254;-909.18054;5100.176;-27.336666;8.97
1955-01-24;-5.329386;-9.07842;-8.960648;745.01105;0.6686931;285.33426;100.0;0.12899296;222.38507;579.91534;0.28931037;-0.056274235;0.0;0.13230741;0.13230741;0.0;0.2737455;943.99945;2747.0288;-674.3567;5716.2725;-42.634445;-55.29778
1955-01-25;-6.6909738;-8.454377;-6.6465745;742.8835;0.8131686;94.031715;100.0;0.12945406;224.27992;577.0671;2.1154528;-0.16704947;0.0;0.13160706;0.13162196;0.0;2.0988882;1104.7106;3168.301;-783.42053;5786.94;-129.1;-183.33444
1955-01-26;-6.4368744;-8.437946;-6.419655;741.9454;0.7132621;65.35561;100.0;0.13210559;220.5143;598.9583;1.2413234;-0.13504922;0.0;0.1309365;0.13094395;0.0;1.1998825;840.64166;2612.7979;-821.5405;5690.4854;-104.30666;-131.27112
1955-01-27;-7.97789;-11.312583;-8.688675;745.81396;1.0215406;52.757736;100.0;0.13241677;223.14647;593.75;0.009350706;-0.11770986;0.0;0.13026595;0.13026595;0.0;0.0080652535;1167.0216;3601.4878;-1328.6111;4902.433;-89.91;-143.90334
1955-01-28;-8.499453;-16.006493;-13.1381445;749.11615;1.0868465;40.373913;100.0;0.13238657;225.6227;586.71063;0.0;-0.031852163;0.0;0.1295805;0.12960285;0.0;7.4505806e-06;1320.6367;3990.851;-1677.615;4097.073;-22.326666;-17.884445
1955-01-29;-8.038232;-15.668263;-15.21262;746.8912;1.0558528;75.70121;100.0;0.13238461;227.46092;581.8278;0.0;-0.027159229;0.0;0.12893975;0.12893975;0.0;0.0;1370.69;4061.7566;-1578.6522;4075.3857;-19.03111;9.318889
1955-01-30;-8.352512;-14.565106;-15.499185;745.56976;1.0049587;73.917946;100.0;0.13238907;229.11684;577.55536;0.0012881646;0.00788644;0.0;0.1282841;0.12829155;0.0;0.0;1407.7944;4092.6167;-1538.1272;4116.234;6.0122223;-10.571111
1955-01-31;-9.105567;-16.63331;-14.809661;745.5804;1.1654972;33.7777;100.0;0.13238668;230.76918;573.36426;0.0013056088;-0.012542121;0.0;0.12765825;0.1276508;0.0;1.1175871e-05;1399.47;3996.101;-1486.4473;4261.805;-10.043333;-21.498888
1955-02-01;-9.728591;-15.283645;-14.246163;746.4534;1.1482421;34.40127;100.0;0.13237731;232.46254;569.1325;0.00044107434;-0.0073751435;0.0;0.1270324;0.1270324;0.0;0.0;1445.4961;4048.0588;-1445.5416;4363.7773;-5.958889;-57.342224
1955-02-02;-8.179806;-14.138808;-13.510671;746.2405;1.0203649;100.131134;100.0;0.1323719;234.2298;564.7786;0.0008583069;-0.005286187;0.0;0.12640655;0.12640655;0.0;0.0;1520.4983;4181.46;-1621.6755;4231.276;-4.327778;-40.325554
1955-02-03;-6.922394;-12.523595;-13.47009;744.9775;0.90112257;177.41768;100.0;0.13236587;235.98402;560.5876;0.00308752;-0.007960014;0.0;0.1257807;0.1257807;0.0;0.0018179417;1569.8033;4241.0366;-1540.8212;4331.49;-6.441111;-35.84778
1955-02-04;-7.0243735;-9.602683;-9.903992;742.88837;0.8498501;161.88805;100.0;0.13238156;237.83006;556.8034;0.08174646;-0.061632134;0.0;0.12518466;0.1251772;0.0;0.07418916;1214.5577;3232.0222;-807.7789;5532.209;-48.631668;-85.90111
1955-02-05;-6.577128;-9.184712;-6.916372;742.5524;0.95721394;132.98651;100.0;0.13232224;240.21352;551.10675;0.4722625;-0.23491494;0.0;0.12458861;0.12458116;0.0;0.45849383;1472.1455;3851.52;-957.36053;5608.3887;-184.98445;-260.69446
1955-02-06;-5.15626;-6.3106003;-5.1164894;742.34796;0.73545116;189.20424;100.0;0.13443331;237.6074;565.2669;2.7446592;-0.16160962;0.0;0.12399256;0.12398511;0.0;2.7110205;854.4539;2380.4778;-490.625;6256.8843;-127.26778;-193.29222
1955-02-07;-5.621338;-8.712204;-5.571987;748.3804;1.0040413;80.392006;100.0;0.13528883;239.07062;565.9993;0.007030368;-0.13461989;0.0;0.123396516;0.123396516;0.0;0.0048950315;1414.0466;4039.81;-1471.3167;5047.726;-106.05778;-163.63222
1955-02-08;-5.0809236;-9.488149;-7.372187;750.54565;1.0638368;119.414696;100.0;0.13516589;242.13963;558.4717;0.0036810206;-0.069336034;0.003606081;0.12642145;0.12281537;0.048540533;0.0015348196;1548.6505;4330.8022;-1603.6716;4778.067;-54.714443;-112.80778
1955-02-09;-3.9890492;-8.725013;-9.172498;746.6479;0.8762726;200.38838;100.0;0.13510399;244.72752;552.5716;0.002998112;-0.026369467;0.0008046627;0.12303889;0.122234225;0.010868534;0.0;1652.6788;4527.723;-1805.4906;4368.8657;-20.989445;-55.328888
1955-02-10;-5.193115;-6.3466415;-8.463535;739.875;0.6961948;195.95503;100.0;0.13952525;236.2936;590.00653;8.691742;0.006443821;0.0;0.12165308;0.12166053;0.0;8.636616;515.45276;1531.1978;-68.19889;6440.6133;4.848889;-41.95889
1955-02-11;-5.295736;-5.9052835;-4.970272;740.22095;1.1883593;208.75708;100.0;0.15296204;216.583;704.42706;15.82597;-0.055160373;0.0;0.121086836;0.121079385;0.0;15.811846;350.08276;1355.4078;-144.97722;6618.6377;-43.36889;-137.00778
1955-02-12;-4.364863;-5.091282;-4.1799393;742.62604;1.276102;223.34021;100.0;0.16743608;202.48045;825.3174;9.089208;-0.03991276;0.0;0.12052059;0.12052059;0.0;8.935891;674.8028;2857.1145;-421.4178;6416.1855;-31.172222;-168.98666
1955-02-13;-2.9546928;-3.912173;-3.3892453;746.97614;0.9266651;239.48598;100.0;0.17016463;207.28156;821.2077;0.3940314;-0.06359629;0.0;0.11995435;0.1199618;0.0;0.3775917;896.2206;3690.3132;-611.50696;6287.93;-49.59889;-185.90889
1955-02-14;-2.226888;-3.1787822;-2.5404155;747.3809;0.9574647;223.15663;100.0;0.1708821;214.402;797.64813;0.78343475;-0.07814914;0.0;0.119403005;0.119403005;0.0;0.62813234;735.2011;2884.5657;-478.70834;6496.3467;-60.558887;-144.46445
1955-02-15;-2.3247986;-3.1129353;-1.7857285;746.166;1.3004564;218.10997;100.0;0.17322254;220.43358;785.19696;10.441816;-0.16556121;0.017553568;0.13640523;0.11885166;0.06954372;9.29818;703.3483;2583.8123;-323.035;6765.3403;-128.20111;-193.55333
1955-02-16;-3.8359272;-4.677522;-1.7986196;743.4556;1.0241269;211.58232;100.0;0.20035417;202.29164;988.3626;24.080538;-0.18395297;0.005684793;0.12397766;0.11828542;0.00526011;23.27016;620.2289;2590.5122;-467.37054;6482.7544;-142.73445;-238.39667
1955-02-17;-3.0481632;-4.246437;-2.4156888;747.94635;1.0412246;155.45496;100.0;0.20800352;207.32616;1005.249;0.83527046;-0.16075;0.0019222498;0.119656324;0.117734075;0.024391338;0.74366105;1038.3883;4013.5767;-940.2756;5944.358;-122.76667;-203.01445
1955-02-18;-2.74971;-10.280098;-4.6544037;749.9189;1.0547949;53.286686;100.0;0.2080642;216.03644;964.88446;0.002866983;-0.14695339;0.0;0.11716783;0.11717528;0.0;0.0011473894;1367.8422;4908.9956;-1609.3678;4960.1865;-110.066666;-125.587776
1955-02-19;-2.0560913;-10.848145;-7.3111863;747.49005;0.9564927;171.99529;100.0;0.20802164;222.47101;936.72687;0.0;-0.08484535;0.0;0.11661649;0.11661649;0.0;0.0;1426.2012;4960.1733;-1549.6716;4805.6294;-61.675556;-52.64111
1955-02-20;-1.8926595;-6.0927224;-7.587232;745.4119;0.94556326;261.26724;100.0;0.2080164;227.74379;915.446;0.098859355;-0.05368702;0.0;0.116065145;0.116065145;0.0;0.0738129;1416.9155;4794.31;-1023.2575;5491.6187;-38.43222;-85.71333
1955-02-21;-2.2977192;-3.0590515;-4.060974;745.88837;0.9496401;256.5731;100.0;0.2087148;233.55043;896.11816;1.5870512;-0.061492436;0.010684133;0.12621284;0.1155287;0.109657645;0.82070756;1032.7378;3392.9473;-430.41916;6514.968;-44.677776;-128.86778
1955-02-22;-3.508077;-5.2564087;-2.000351;739.5767;1.2519367;220.48988;100.0;0.21353777;236.43163;904.45966;15.550697;-0.35007578;0.041991472;0.15698373;0.11499226;0.34218842;14.711693;1308.5706;4247.1064;-838.0672;6161.729;-269.78;-286.6611
1955-02-23;-8.397541;-14.707962;-5.111464;738.99786;1.0843272;291.5895;100.0;0.2251823;229.69952;982.7474;1.3352649;-0.42429194;0.0;0.11447072;0.11444837;0.0;1.3315417;1033.7811;4041.159;-1390.228;4944.8257;-328.49222;-276.645
1955-02-24;-10.974849;-16.336527;-11.397309;745.3775;1.0320972;256.83353;100.0;0.22538674;233.84373;965.9424;0.005158782;-0.10250881;0.0;0.11391938;0.11391938;0.0;0.0047311187;1402.505;5340.2993;-1727.0089;4082.274;-75.55556;-172.36667
1955-02-25;-8.53293;-13.467296;-12.963398;748.38727;1.0657384;261.77756;100.0;0.22537263;237.0348;952.7181;0.0017486145;-0.03791228;0.0;0.11339784;0.11340529;0.0;2.6077032e-05;1410.6956;5240.4683;-1393.1425;4490.4707;-26.207777;-104.937775
1955-02-26;-2.2792866;-7.2424827;-11.520099;749.4461;1.0508461;189.68378;100.0;0.22541888;240.08527;940.8366;0.018021464;0.011171214;0.0;0.1128912;0.11288375;0.0;0.017166138;1446.8894;5248.7183;-1092.3833;5098.227;12.677778;-41.922222
1955-02-27;0.59821576;-5.108307;-8.776698;749.59125;0.85345083;212.07263;100.0;0.22546263;243.69334;927.0833;0.00086825097;-0.019672327;0.0;0.11236966;0.11236966;0.0;1.4901161e-05;1492.8828;5288.74;-1115.5394;5350.7046;-10.975;-51.754444
1955-02-28;-0.27212524;-3.588145;-6.5430756;749.1233;0.94753;182.89906;100.0;0.22549672;248.31671;910.31903;0.0028816776;-0.021086074;0.0;0.111848116;0.11185557;0.0;0.0003091991;1476.0577;5078.779;-1310.1333;5259.137;-11.918333;-85.844444
1955-03-01;0.8035787;-4.893412;-5.61047;749.18066;0.82421464;164.50922;100.0;0.22548437;253.67284;892.334;0.0008523463;-0.0505466;0.0059753656;0.11731684;0.11135638;0.07253513;0.0;1325.8978;4413.0474;-1035.9639;5636.465;-35.333332;-55.715557
1955-03-02;1.4493713;-4.3074646;-4.8669586;746.68774;0.9658456;246.04381;100.0;0.22516434;259.3724;872.47723;0.0012938535;-0.10992773;0.047549605;0.15838444;0.11084229;0.5135052;0.0;1702.5266;5479.129;-1572.5353;5077.4443;-78.774445;-61.851112
1955-03-03;-1.7282308;-4.5231934;-4.858846;740.60645;1.2183721;212.56477;100.0;0.2265205;263.09537;865.1123;4.8431344;-0.040339306;1.4901161e-05;0.110358;0.1103431;0.0;4.234433;697.60223;2190.8772;-572.41943;6183.3735;-29.696667;2.808889
1955-03-04;-3.892381;-6.8213105;-4.2672844;740.1553;1.166027;206.11255;100.0;0.23097908;262.84863;883.7077;1.5807204;-0.3576614;0.0034421682;0.11329353;0.10984391;0.03752485;1.4568381;1440.8994;5002.1636;-1157.9717;5540.849;-274.5311;-226.17555
1955-03-05;-4.37088;-6.4318185;-4.526993;743.062;0.9524486;217.23302;100.0;0.23230445;265.50977;880.0456;2.9547899;-0.31890348;0.0;0.10934472;0.10934472;0.0;2.8463304;1388.4395;4700.9326;-796.5539;6012.545;-244.77;-266.75333
1955-03-06;-3.9834404;-5.645552;-3.9831326;742.4196;0.95140076;206.61078;100.0;0.23772562;263.13217;907.5928;11.644835;-0.18483028;0.00055134296;0.10943413;0.10886788;0.0;11.196524;817.5661;2873.742;-555.285;6263.0234;-142.01889;-170.74445
1955-03-07;-6.024938;-7.812454;-5.0873322;739.5195;0.92730016;176.2165;100.0;0.25080994;248.4186;1013.26495;5.957279;-0.1573842;0.0;0.10839105;0.10839105;0.0;5.8399925;1104.9436;4527.338;-1036.9242;5530.991;-118.94666;-244.33556
1955-03-08;-5.4925323;-10.68592;-7.060758;744.00366;0.95261645;75.34802;100.0;0.2522836;251.41144;1007.9753;0.06328523;-0.14157593;0.0;0.10791421;0.10790676;0.0;0.0590235;1372.6777;5515.779;-1514.2239;4813.641;-104.01222;-182.40222
1955-03-09;-5.4802117;-9.945031;-8.914525;744.8609;0.8425155;148.2422;100.0;0.25230312;255.33594;992.2282;0.024157763;-0.08367002;0.0;0.10743737;0.10742992;0.0;0.021211803;1392.1664;5445.668;-1336.6906;4888.174;-59.43111;-152.55112
1955-03-10;-5.3911476;-7.2422943;-8.791691;741.63007;0.93029743;203.98596;100.0;0.25286886;258.18457;983.07294;1.4718771;-0.069836155;0.0;0.106960535;0.106960535;0.0;1.4321357;1127.2467;4296.688;-824.1511;5560.533;-51.67889;-143.02333
1955-03-11;-5.2094216;-8.398804;-7.6326942;738.5882;1.0585628;236.61568;100.0;0.25470328;259.4821;984.45636;3.1548822;-0.17281435;0.0;0.1064986;0.1064986;0.0;2.922982;1260.6011;4782.55;-805.45056;5694.864;-131.86444;-181.28778
1955-03-12;-4.8832192;-6.3183084;-6.0796304;736.70135;0.57757145;133.75847;100.0;0.2594446;256.3893;1014.48566;3.8210855;-0.09740144;0.0;0.10603666;0.10604411;0.0;3.5806;1116.4388;4368.495;-738.42053;5911.677;-73.04667;-219.7589
1955-03-13;-5.333903;-7.271749;-5.6796203;738.26276;0.85021615;85.71299;100.0;0.26167628;258.49185;1015.5029;1.454711;-0.13130903;0.0;0.10558963;0.10558218;0.0;1.3851262;1167.3936;4546.8394;-987.51886;5627.4644;-99.39222;-233.9
1955-03-14;-5.129453;-6.691017;-5.696032;742.0769;0.9179091;154.96524;100.0;0.26413822;260.10904;1017.98505;3.9036095;-0.1414679;0.0;0.10512769;0.10513514;0.0;3.6977901;1226.4427;4765.701;-793.0883;5874.416;-107.367775;-241.54
1955-03-15;-5.2617493;-6.299886;-4.9957047;738.93805;0.8371661;191.97859;100.0;0.28072155;243.36781;1153.6459;28.86173;-0.094946474;0.0;0.10469556;0.10469556;0.0;28.380014;502.0639;2082.9973;-216.3211;6551.0454;-73.246666;-154.98222
1955-03-16;-4.5570273;-5.818353;-4.0579886;739.1347;0.75363183;208.19756;100.0;0.30129394;229.99965;1310.3027;16.105215;-0.13642944;0.0;0.10424852;0.104255974;0.0;15.661933;814.2464;3471.9236;-437.52112;6413.0996;-103.56555;-234.64111
1955-03-17;-4.6638184;-6.0573897;-4.1526933;742.438;0.9875683;226.08275;100.0;0.3171725;224.88214;1411.9467;5.8891087;-0.15634298;0.0;0.10381639;0.10381639;0.0;5.768586;1182.6498;5073.9136;-808.04224;5966.9067;-117.17667;-292.99445
1955-03-18;-4.3099847;-6.8410974;-4.063019;746.1241;0.75235677;214.86531;100.0;0.32230735;231.08397;1395.7926;9.264374;-0.17529167;0.0;0.103369355;0.103369355;0.0;8.65826;1175.9277;4878.1772;-944.5256;5803.5044;-131.73445;-249.37334
1955-03-19;-4.8469033;-6.9925537;-4.9359384;745.4122;0.9353914;127.123726;100.0;0.32843754;235.00584;1400.5533;0.39868057;-0.21523051;0.0;0.10293722;0.10292977;0.0;0.38022175;1354.5623;5614.838;-1179.8597;5426.8945;-162.0389;-268.07
1955-03-20;-4.5527077;-8.271637;-5.861242;746.82086;0.9267755;59.613407;100.0;0.32855514;242.87172;1355.3873;0.13279319;-0.15395321;0.0;0.10249019;0.102482736;0.0;0.04652515;1483.6125;5940.497;-1292.8114;5273.7656;-112.657776;-258.83334
1955-03-21;-4.0090623;-8.646407;-7.205648;748.9963;1.2862597;39.837376;100.0;0.32865235;249.51039;1319.9056;0.12993217;-0.124959275;0.0;0.10204315;0.1020357;0.0;0.033590943;1653.3428;6420.3438;-1523.9913;4873.1177;-89.587776;-182.62889
1955-03-22;-3.4954631;-8.488637;-7.169918;749.43585;1.2955674;44.600216;100.0;0.328976;255.16016;1292.1549;0.5276203;-0.17013215;0.0;0.10159612;0.10160357;0.0;0.4213974;1597.8417;6038.0234;-1303.4089;5183.792;-125.39889;-181.25
1955-03-23;-3.5282795;-8.072652;-7.0833473;747.6259;1.0068452;71.2697;100.0;0.3295888;260.22592;1269.7347;0.6271115;-0.15133992;0.0;0.10116398;0.10116398;0.0;0.5273633;1661.0361;6166.68;-1369.485;5119.0576;-110.757774;-192.74222
1955-03-24;-3.9713237;-6.8795266;-6.599027;746.15546;0.9704899;92.82685;100.0;0.3302076;265.38965;1247.9655;1.0022819;-0.1789825;0.003412366;0.104129314;0.10073185;0.036951154;0.44285133;1631.7977;5915.5137;-1332.2736;5200.7935;-132.90334;-206.98778
1955-03-25;-3.819173;-7.3250237;-6.312139;744.1774;0.85806173;140.56056;100.0;0.33065078;270.5;1226.7252;0.45874715;-0.17920136;0.00731647;0.10764599;0.10031462;0.0893306;0.268057;1784.2267;6309.813;-1289.7731;5306.717;-136.63889;-260.07333
1955-03-26;-3.359141;-6.9780297;-5.5629005;743.49316;0.8776846;117.373695;100.0;0.33079898;275.35678;1206.4209;0.227952;-0.25588927;0.018775463;0.11868775;0.099912286;0.21682121;0.07656962;1855.336;6419.1494;-1449.1705;5183.312;-197.73056;-274.02667
1955-03-27;-2.932912;-9.344215;-5.4281793;743.52026;1.024451;67.90751;100.0;0.3305045;280.47623;1183.9193;0.011429335;-0.1768414;0.017628074;0.11713803;0.099509954;0.20428188;0.00391528;1910.1372;6430.6655;-1391.8044;5270.43;-134.88222;-265.50888
1955-03-28;-2.0322368;-6.9656067;-4.9950423;746.0251;1.0458518;166.95891;100.0;0.3301424;285.71387;1161.8246;0.14072657;-0.17599575;0.036284328;0.13539195;0.09911507;0.3768541;0.007174909;2043.9244;6687.7646;-1645.6147;5012.8657;-134.18;-196.52888
1955-03-29;-1.2222086;-4.0163474;-3.580218;749.34247;1.2248214;223.34608;100.0;0.32995293;291.1732;1140.8285;0.578478;-0.14798623;0.040590763;0.13932586;0.09872764;0.41244924;0.11621788;1798.4595;5731.3784;-870.1578;6093.4023;-112.69334;-201.90472
1955-03-30;0.94207764;-0.8026123;-1.0263214;749.153;1.0256194;218.56335;100.0;0.32998744;297.94434;1115.3158;1.4340758;-0.1492342;0.21958351;0.31791627;0.09832531;1.9792486;0.5252883;1560.2694;4876.5083;-570.69446;6665.544;-109.248886;-181.60973
1955-03-31;2.2985737;-0.17576091;-0.26640192;751.2911;0.927049;159.26097;100.0;0.32571876;306.61685;1069.6207;0.30485094;-0.11661183;0.77317655;0.8710772;0.09791553;7.2757473;0.0;1757.6455;4844.8755;-852.8642;6386.5454;-82.48055;-150.75694
1955-04-01;3.0706685;-2.966512;-0.33291245;753.0926;1.1510886;144.08076;100.0;0.31782684;315.6276;1013.9974;0.012391806;-0.2191132;1.0465533;1.1440516;0.0974983;8.572476;0.0;2738.1372;6914.1255;-1645.3083;5511.5566;-156.48445;-146.94444
1955-04-02;4.028422;-4.3086953;-0.3332812;753.5247;1.0987377;155.39493;100.0;0.30809698;324.86328;955.11884;0.0037107712;-0.27217624;1.3432279;1.4403164;0.097088516;10.476691;0.0;2931.7522;6933.2754;-1623.9586;5573.703;-195.95778;-121.10667
1955-04-03;4.363617;-4.5164084;-0.33072916;752.6064;1.0837433;151.85373;100.0;0.29653612;333.90332;894.9788;0.008794665;-0.29947516;1.7051995;1.8182695;0.11306256;12.203293;0.0;3141.726;7076.6255;-1653.0172;5538.164;-215.95555;-119.63778
1955-04-04;4.438019;-4.153605;-0.33465958;751.8996;1.024943;209.44139;100.0;0.2836415;342.74023;834.2285;0.0012814989;-0.34121984;1.9732267;2.077684;0.10445714;13.206242;0.0;3263.64;7085.0996;-1619.5728;5590.8345;-247.67111;-123.03667
1955-04-05;5.0698447;-2.1527607;-0.32120514;749.60114;1.1568433;230.8747;100.0;0.2694795;351.13705;774.00714;0.034290552;-0.3925124;2.6906877;2.7994215;0.10873377;14.528382;0.0;3259.1316;6878.765;-1545.4767;5684.4365;-288.74222;-96.20111
1955-04-06;3.7454426;-1.2778015;-0.24135335;748.3984;0.8257778;238.77112;100.0;0.25670692;359.77573;719.7673;15.370592;-0.2713781;5.594283;5.718589;0.12432039;10.918707;0.0;2616.7634;5407.316;-863.4119;6463.9688;-197.61223;-99.29889
1955-04-07;0.20711263;-1.1468912;-0.041899364;746.0408;0.913976;226.58656;100.0;0.24941273;358.04004;701.25323;21.155209;-0.24292618;5.5193753;5.669862;0.15048683;8.653383;4.0908346;1393.8234;3245.385;-492.95166;6784.533;-183.17223;-180.26778
1955-04-08;-1.081665;-2.7813416;-0.11328634;743.0633;0.95229745;170.87935;100.0;0.24828875;346.62305;719.40106;13.686988;-0.3978219;2.6926847;2.8072;0.114522874;8.36895;8.313805;1982.7417;5097.2505;-868.76025;6358.3066;-299.87888;-262.45
1955-04-09;-4.1837974;-5.59965;-0.41927338;740.1385;0.8408575;224.48643;100.0;0.2535933;328.9271;772.4202;6.950155;-0.56479126;0.07010996;0.16649067;0.09638071;0.18149614;6.4547434;1600.3317;4960.9287;-1067.3564;5944.6284;-433.07224;-485.08777
1955-04-10;-4.6470847;-7.0461946;-1.0384903;742.2188;1.0007423;248.80896;100.0;0.25826964;322.7946;800.5778;5.2566743;-0.7058149;0.02066791;0.11771917;0.09704381;0.05705282;4.9382524;2086.9583;6383.6724;-1234.1472;5680.938;-539.49664;-539.0867
1955-04-11;-4.072225;-7.4734383;-1.175115;746.29364;0.9631035;100.101295;100.0;0.26147458;322.49902;811.7676;1.194331;-0.65062475;0.04014373;0.13782084;0.09766221;0.17595291;0.75753033;2284.006;6933.237;-1590.7023;5291.793;-493.33667;-446.5111
1955-04-12;-2.8248188;-9.21663;-1.6108423;749.2465;0.97261137;109.59655;100.0;0.26153183;328.91666;796.1426;0.0012934206;-0.6094091;0.0474751;0.14571846;0.098243356;0.23522228;0.0;2735.84;7703.2393;-2060.0933;4750.556;-456.99554;-278.62555
1955-04-13;-1.3158163;-7.092814;-1.0962156;749.70044;1.0530401;153.47511;100.0;0.26067615;337.5563;773.112;0.01411736;-0.5187588;0.16979873;0.26862323;0.09880215;0.8179769;0.0;2669.8877;6957.141;-1786.3839;5139.98;-387.05945;-203.83778
1955-04-14;-0.20530193;-5.705973;-0.5999959;749.41846;1.2145569;132.95772;100.0;0.25736466;348.06738;740.4785;0.055787664;-0.6063804;1.011461;1.1108667;0.099390745;5.093049;0.0;3015.7156;7310.1694;-1862.8267;5183.7876;-454.73666;-200.26666
1955-04-15;1.2324423;-6.289785;-0.58274966;750.18365;1.1377966;190.65163;100.0;0.25000048;357.76758;699.21875;0.0008821487;-0.6047189;1.765579;1.9285977;0.16302615;8.567691;0.0;3349.8806;7690.189;-1989.4578;5093.3135;-450.7378;-171.36
1955-04-16;2.4246624;-5.7331643;-0.5582695;750.29535;1.1552975;197.89268;100.0;0.24078488;367.1566;655.27344;0.0028520809;-0.4222719;1.9894242;2.1176338;0.12820959;9.168167;0.0;2811.3594;6199.8687;-1508.7487;5594.6934;-311.55222;-96.501114
1955-04-17;2.37794;-4.3874207;-0.54734296;749.7802;1.183002;199.8855;100.0;0.22938704;376.2767;608.76465;0.9422269;-0.5127117;3.8516521;3.9899945;0.13833493;12.470302;0.0;3270.7104;6990.975;-1722.0483;5397.7065;-380.19888;-115.33444
1955-04-18;2.1304219;-6.8569436;-0.72262317;748.38116;1.2097491;226.58264;100.0;0.21736658;385.5446;562.1745;0.017873416;-0.79382676;3.0176864;3.1876116;0.16992539;11.06323;0.0;3759.1228;7841.8984;-2050.45;5015.427;-600.9178;-149.23666
1955-04-19;4.0463967;-6.9438577;-0.657327;748.32465;1.5625287;156.87155;98.73942;0.20466669;395.1771;515.6657;0.54082274;-0.6849049;4.0519238;4.1771383;0.125207;13.1373625;0.0;3524.4973;7177.2144;-1666.8933;5503.3057;-514.8433;-60.714443
1955-04-20;0.82477826;-1.0209045;-0.23845673;748.3084;0.80667186;205.81313;98.01261;0.20096576;385.78906;513.9567;12.788224;-0.10073092;3.3103676;3.4829676;0.1725927;7.6959395;5.1388593;1109.2261;2774.9133;-153.96889;7136.4854;-71.52889;-112.69666
1955-04-21;0.75282794;-2.3203228;-0.26491293;746.117;1.1966021;227.38005;96.62614;0.19198446;385.0879;491.65854;6.732538;-0.6578546;5.6243687;6.410852;0.78647584;12.436517;0.4071407;2740.676;6517.7217;-1093.135;6161.135;-491.01944;-277.15723
1955-04-22;-2.105194;-4.558655;-0.50154495;743.5634;1.7608625;219.22835;96.31665;0.18749046;376.27475;487.2233;5.6095214;-0.9202901;1.9724816;2.0995736;0.12709945;6.1638374;3.9356947;2831.3972;6776.1904;-1479.6222;5617.02;-699.345;-510.84113
1955-04-23;-1.2657877;-10.161949;-1.4019178;749.0398;1.0937921;78.38895;95.8798;0.1854059;375.94858;480.6722;0.0;-0.7060077;0.6594658;0.7939637;0.13446808;2.3996756;0.0;3271.2478;8252.668;-2400.297;4465.0537;-522.5283;-282.7022
1955-04-24;1.496816;-8.029609;-1.1151543;748.8523;1.1285186;133.81049;94.88981;0.18033881;385.69043;455.03745;0.0;-0.49473438;1.8884838;2.0303726;0.14187396;6.735275;0.0;2972.7473;6970.6494;-1683.4142;5402.5176;-362.0189;-202.18889
1955-04-25;3.3115437;-4.6351523;-0.6605466;747.18823;1.0274554;183.87553;94.30331;0.17130299;395.37857;421.14258;0.8556413;-0.40389413;3.4372954;3.5866797;0.14937669;10.334091;0.0;2903.584;6437.4683;-1331.2103;5900.5454;-289.44446;-164.79222
1955-04-26;2.774353;-1.1076559;-0.113723755;747.19116;1.0749944;136.73935;94.01774;0.16142027;402.36166;389.44498;2.9560804;-0.41549093;4.537553;4.76101;0.22346526;12.611915;0.0;2127.561;4513.921;-594.335;6826.781;-302.37112;-123.88556
1955-04-27;2.6128032;-0.45412192;-0.29576492;746.6015;0.93652177;114.78832;93.8689;0.14853637;406.50684;354.8584;3.4377277;-0.3968263;6.504327;7.444844;0.9405166;15.084278;0.0;2710.0618;5581.3193;-1125.0422;6203.8022;-284.675;-189.81667
1955-04-28;2.5140278;-0.55216473;-0.43531927;746.7641;0.6659575;69.50917;93.79916;0.13736029;412.64908;322.7539;4.6780257;-0.19714701;4.955739;5.2080007;0.25226176;9.45501;0.0;2013.1444;4058.3955;-857.5514;6419.5835;-136.80667;-109.316666
1955-04-29;2.9163513;2.0417073;-0.10593033;746.6997;0.7697249;243.40086;93.15348;0.124789715;418.3939;289.26596;7.126945;-0.18310733;9.528056;10.781944;1.2538805;15.927944;0.0020302832;2228.9438;4396.697;-373.40695;7119.528;-122.884445;-204.16888
1955-04-30;4.2564187;-0.84836835;-0.25366083;746.5125;0.9645546;185.24506;89.74349;0.106574096;423.48242;244.38477;1.1661125;-0.6884197;8.153319;8.894146;0.74084103;19.636162;0.0;3827.0684;7326.84;-1314.2184;6188.279;-492.91;-255.5411
1955-05-01;2.815511;1.0418295;-0.1374499;743.8269;0.5211935;153.67088;87.20467;0.09462694;428.29752;213.25684;16.478807;-0.20352659;9.304017;10.315477;1.0114759;9.369641;0.0035129488;1467.044;2726.9543;-412.28445;6966.319;-139.92778;-90.47444
1955-05-02;1.7916056;0.28363037;-0.107598625;742.36444;0.9307682;225.70601;86.36271;0.08344547;414.71094;191.36555;12.6997175;-0.51340646;10.195673;11.363686;1.1679977;15.163757;2.2167823;2738.9207;5175.0967;-601.4595;6879.221;-365.41556;-295.69778
1955-05-03;1.4798788;0.44656372;-0.17119472;742.5777;0.9667639;202.15746;86.22054;0.07047733;384.65884;171.95638;13.6700325;-0.5429061;9.576127;10.520801;0.944674;15.708849;4.8803577;2816.0588;5696.989;-731.8375;6743.4883;-383.12222;-378.44666
1955-05-04;-0.4321696;-2.2654622;-0.7399724;744.92255;0.93590254;163.85873;88.0328;0.06451452;335.2946;178.30403;8.210602;-0.6016195;4.740104;5.3720474;0.6319359;8.632359;2.2390857;2515.1477;5921.011;-1013.76886;6236.5796;-434.40054;-407.86444
1955-05-05;0.32078043;-1.4275106;-0.766229;747.7859;0.96310884;193.92754;86.10929;0.05781905;323.62012;164.99837;4.610917;-0.5901074;4.9276056;5.651787;0.72418153;9.293728;0.12365356;2639.9817;6183.2534;-958.10803;6355.54;-422.25388;-417.16446
1955-05-06;0.37218222;-1.4841818;-0.9992676;748.39935;1.0364941;110.922295;83.53947;0.047129314;329.8812;131.02214;7.102218;-0.60022247;7.5077114;9.168402;1.6606822;11.519406;0.0009834766;2789.7666;6052.547;-951.82666;6386.5923;-424.87778;-440.45776
1955-05-07;2.0892537;-1.4960938;-1.7399292;750.51654;1.0362025;64.50371;81.98429;0.03457308;332.29004;95.13346;4.572176;-0.61016065;6.8166704;8.848726;2.032049;12.579273;0.0005401671;2803.784;5782.0493;-1088.098;6208.989;-428.61444;-341.32556
1955-05-08;5.721598;-2.6166992;-2.409237;754.062;1.1918055;39.260727;59.60734;0.021321893;332.6351;59.000652;0.18079771;-1.154027;5.142003;6.3425303;1.2005196;13.656575;0.0;4297.872;7596.2124;-1591.4802;5908.1187;-807.44556;-431.87445
1955-05-09;8.249878;-0.41300455;-1.435964;752.4777;0.9099092;98.067535;30.26066;0.010784388;333.1455;29.581705;0.41906536;-1.9334005;3.1089635;4.504174;1.3952106;8.623876;0.0;5285.509;7752.5483;-1735.0087;6217.0034;-1343.7933;-541.7189
1955-05-10;5.8073936;1.7576599;-0.6680806;749.874;1.0518254;125.89857;14.251872;0.005096356;333.30142;13.9973955;5.5395427;-1.7935587;2.8114989;4.3771563;1.5656576;3.8541555;0.0;4179.0176;5617.346;-1234.3931;6795.3413;-1245.9567;-756.35443
1955-05-11;5.359131;0.8723755;-1.0390574;750.48004;1.0643445;131.041;6.55306;0.0023304224;333.31967;6.3069663;2.468574;-2.426169;1.3194829;3.0343084;1.7148405;2.0913668;0.0;4932.061;6384.2773;-1576.6263;6528.67;-1685.4111;-1021.92224
1955-05-12;5.442373;0.7586772;-0.937973;750.40814;1.3169276;141.63509;2.6773274;0.0009480317;331.87534;2.6041667;1.755178;-2.8009684;0.66150725;2.5027843;1.8412843;0.95532465;0.0;5509.641;7016.001;-1801.4891;6423.177;-1945.8661;-1216.1344
1955-05-13;7.1898704;-0.9706523;-1.1803232;750.0169;1.2422823;105.274895;1.0063477;0.0003554821;330.31836;1.3020834;1.0126886;-3.1485445;0.28659403;2.2243114;1.9377321;0.37899613;0.0;5829.338;7379.912;-2129.6748;6137.432;-2187.25;-1066.7289
1955-05-14;8.045349;-0.6611125;-1.0910364;749.784;1.2545596;82.83589;0.36783853;0.00012973945;330.1172;0.36621094;1.0368499;-3.2769628;0.22628903;2.2283196;2.0020306;0.13904087;0.0;5891.5063;7449.46;-2257.7253;6073.0005;-2276.4333;-914.2133
1955-05-15;9.312805;-2.1816304;-1.4315313;750.3667;1.4335924;120.40778;0.13460286;4.752477e-05;325.66928;-7.345365e-21;0.066790916;-3.3977218;0.021524727;2.058372;2.0368323;0.049047172;0.0;6009.1406;7601.832;-2398.4822;5904.769;-2360.3179;-899.16
1955-05-16;9.556213;-2.499705;-1.0091032;752.6948;1.1056398;152.2767;0.049886066;1.7444292e-05;319.52573;-7.345365e-21;0.032395124;-3.1725345;0.008866191;2.056092;2.047226;0.018447638;0.0;5698.1226;7198.047;-2298.3093;6040.0933;-2203.859;-825.8933
1955-05-17;9.864777;-2.5288494;-0.46951804;754.58685;1.2100582;138.10994;0.017659506;5.9604645e-06;319.03125;-7.345365e-21;0.003412366;-3.5379846;0.0019222498;2.0468087;2.0448937;0.007353723;0.0;6091.8145;7685.926;-2292.8718;6184.451;-2457.7222;-850.07556
1955-05-18;10.163188;0.205719;-0.20743816;754.37506;1.1471819;91.41451;0.005859375;1.7881393e-06;319.03125;-7.345365e-21;1.94332;-3.3307803;0.32444298;2.3638754;2.0394473;0.0023841858;0.0;5950.3013;7499.088;-2270.672;6308.398;-2313.7834;-894.95
1955-05-19;9.395457;1.6581625;-0.08402252;752.6343;1.3114516;99.781;0.0025227864;5.165736e-07;319.03125;-7.345365e-21;0.9498894;-3.3252816;0.12774765;2.1592677;2.0314903;0.00074133277;0.0;5869.5386;7389.2266;-2158.9094;6433.542;-2309.9634;-1000.49
1955-05-20;9.969991;-0.8140666;-0.08137512;750.9326;1.2524861;108.52161;0.00048828125;-7.3453654e-25;319.03125;-7.345365e-21;0.26604533;-3.6031659;0.034093857;2.0548701;2.020791;0.00022351742;0.0;6036.21;7590.9424;-2173.0378;6419.988;-2502.9988;-955.1589
1955-05-21;8.318776;3.8719482;0.010307312;747.5284;1.2034918;50.310658;0.0;-7.3453654e-25;309.90494;-7.345365e-21;7.1968017;-2.5592706;1.102984;3.111124;2.0081327;6.3329935e-05;0.0;4950.9805;6219.5366;-1686.8116;6852.8296;-1777.84;-1125.6411
1955-05-22;8.299937;3.1141357;-1.43013;749.72736;1.3733722;34.344868;0.0;-7.3453654e-25;105.66632;-7.345365e-21;0.72708726;-2.7280152;0.09922683;2.0931065;1.9938797;2.2351742e-05;0.0;4486.4805;5629.7065;-1514.2866;6957.7065;-1895.0612;-948.49445
1955-05-23;9.287079;4.038523;-0.62201566;749.5599;1.0703125;135.17455;0.0;-7.3453654e-25;101.429665;-7.345365e-21;0.3695041;-2.9906294;0.046864152;2.0239801;1.9771159;3.7252903e-06;0.0;5310.222;6656.3555;-1853.5756;6741.0015;-2077.4922;-1018.18555
1955-05-24;10.39272;1.5765482;0.01003774;747.3851;1.2563223;178.19115;0.0;-7.3453654e-25;99.99998;-7.345365e-21;0.44625998;-3.3884737;0.054374337;2.0126402;1.9582734;0.0;0.0;6024.394;7543.819;-2210.311;6403.7627;-2353.859;-1129.0723
1955-05-25;9.8526;-2.0007832;0.009966533;746.8421;1.5236655;230.55553;0.0;-7.3453654e-25;99.99998;-7.345365e-21;0.20988408;-3.4871893;0.024795532;1.9623935;1.9375682;0.0;0.0;6393.035;7997.0356;-2548.8105;5915.0776;-2422.4355;-1334.7267
1955-05-26;7.4174705;-2.496704;0.009813945;751.263;1.2039253;50.14017;0.0;-7.3453654e-25;99.99998;-7.345365e-21;0.38891435;-3.2306538;0.043720007;1.9590855;1.9153655;0.0;0.0;6283.9966;7852.261;-2460.6907;5908.3916;-2244.2278;-1324.0433
1955-05-27;9.723226;-0.50335693;0.01033783;753.43555;1.0037802;89.735344;0.0;-7.3453654e-25;99.99998;-7.345365e-21;0.054466724;-3.482096;0.005848706;1.8974245;1.8915683;0.0;0.0;6481.493;8090.3887;-2513.4094;6095.6978;-2418.8955;-1115.5945
1955-05-28;11.222188;1.2116293;0.009942372;751.8062;1.1541013;100.3696;0.0;-7.3453654e-25;99.99998;-7.345365e-21;0.03858596;-3.2727792;0.0040978193;1.8705428;1.8664525;0.0;0.0;6041.5684;7533.1855;-2299.6345;6445.4346;-2273.49;-1031.1522
1955-05-29;11.583272;0.2943522;0.010209401;750.8409;1.3690081;120.802246;0.0;-7.3453654e-25;99.99998;-7.345365e-21;0.004056096;-3.4479275;0.0003874302;1.8405616;1.8401966;0.0;0.0;6355.527;7916.31;-2481.4138;6300.053;-2395.1611;-1107.3077
1955-05-30;11.768748;1.5056763;0.009902954;751.6135;1.3666186;109.88138;0.0;-7.3453654e-25;99.99998;-7.345365e-21;0.23072958;-3.2645185;0.021025538;1.8339753;1.8129498;0.0;0.0;6064.7114;7546.1655;-2310.8105;6534.0957;-2267.7522;-1099.4177
1955-05-31;12.729564;0.99976605;0.009860992;751.64874;1.2576756;115.43548;0.0;-7.3453654e-25;99.99998;-7.345365e-21;0.3019;-3.3336413;0.028446317;1.813367;1.7849133;0.0;0.0;6153.1274;7648.033;-2357.713;6586.1274;-2315.77;-1038.6578
1955-06-01;13.099921;4.4803243;0.010531218;752.24194;1.3107948;79.34486;0.0;-7.345365e-25;99.99999;-7.345365e-21;0.7964313;-3.1177533;0.07788837;1.8341392;1.756236;0.0;0.0;5900.9507;7326.7866;-2193.699;6860.5015;-2165.8;-1056.9878
1955-06-02;12.007385;3.2301025;0.010172526;751.0821;1.3432332;81.45403;0.0;-7.3453654e-25;100.00519;-7.345365e-21;0.6622851;-3.0296733;0.05930662;1.7864406;1.7271414;0.0;0.0;5961.62;7394.3066;-2268.1895;6690.649;-2104.6123;-1288.2311
1955-06-03;10.692078;4.323466;0.0099817915;747.6587;1.1196548;53.43424;0.0;-7.3453654e-25;99.99998;-7.345365e-21;5.285376;-2.3735976;0.6147772;2.3128092;1.6980395;0.0;0.0;4958.3755;6143.3213;-1950.3798;6858.823;-1648.8595;-1138.5144
1955-06-04;10.530914;3.1842346;0.010406494;745.9358;1.3111712;125.14233;0.0;-7.3453654e-25;99.99998;-7.345365e-21;1.0423594;-3.337265;0.09666383;1.7654896;1.6688406;0.0;0.0;6068.0674;7510.553;-2231.4978;6624.115;-2318.287;-1235.3844
1955-06-05;10.94041;0.075927734;0.010055542;747.39594;1.3207742;125.84293;0.0;-7.3453654e-25;100.00259;-7.345365e-21;0.44429302;-3.2338016;0.03746152;1.6767085;1.6392171;0.0;0.0;6085.1426;7523.8555;-2357.716;6393.4116;-2246.4138;-1319.3878
1955-06-06;12.505809;-3.491801;0.009525299;748.30615;1.433904;134.27968;0.0;-7.3453654e-25;99.99998;-7.345365e-21;0.4607886;-3.168961;0.04029274;1.6498417;1.6095489;0.0;0.0;6174.8745;7626.5723;-2510.9395;6240.642;-2201.371;-1191.0688
1955-06-07;12.235698;-4.786255;0.010131836;748.624;1.4180566;146.33205;0.0;-7.3453654e-25;99.99998;-7.345365e-21;0.0034348303;-3.349402;0.00028312206;1.5798658;1.5795827;0.0;0.0;6950.504;8575.694;-2809.038;6006.292;-2326.7178;-1551.331
1955-06-08;12.2812395;-3.4275208;0.010016124;748.7784;1.4068532;182.80626;0.0;-7.3453654e-25;99.99998;-7.345365e-21;0.026873339;-3.0133584;0.0021457672;1.5517324;1.5495867;0.0;0.0;6721.496;8284.469;-2645.8071;6206.583;-2093.2788;-1635.9111
1955-06-09;9.794484;-1.3084513;0.010292053;747.6535;1.4093813;130.31783;0.0;-7.3453654e-25;99.99998;-7.345365e-21;1.7207563;-2.453343;0.16438961;1.6845465;1.5201569;0.0;0.0;6039.45;7435.9854;-2540.1467;6159.7153;-1704.2556;-1701.1589
1955-06-10;10.533997;0.44700113;0.010120392;750.1953;1.453024;25.665487;0.0;-7.3453654e-25;99.99998;-7.345365e-21;0.0009073849;-2.9960349;5.9604645e-05;1.49104;1.4909655;0.0;0.0;6929.3228;8522.727;-2840.9312;6003.5547;-2081.2456;-1633.7089
1955-06-11;12.38678;1.5557861;0.009885152;751.59344;1.5506903;38.965286;0.0;-7.3453654e-25;99.99998;-7.345365e-21;0.00085234636;-2.9441369;5.9604645e-05;1.4616847;1.46164;0.0;0.0;6970.404;8564.314;-2921.7;6104.2524;-2045.1934;-1570.4756
1955-06-12;13.396403;1.4650879;0.010299683;750.69293;1.7322153;35.413193;0.0;-7.3453654e-25;99.99998;-7.345365e-21;0.0012904402;-2.8454344;0.00010430813;1.4326572;1.4325604;0.0;0.0;6920.261;8493.827;-2893.0083;6263.262;-1976.6289;-1605.3267
1955-06-13;15.695435;-0.11715698;0.009950002;749.93604;1.0457479;81.68836;0.0;-7.3453654e-25;99.99998;-7.345365e-21;0.025079746;-2.8326073;0.001937151;1.405701;1.4037639;0.0;0.0;6831.0854;8375.64;-2886.3508;6517.3975;-1967.7178;-1402.9144
1955-06-14;16.179026;-4.662974;0.010064443;749.18994;1.3638328;124.18476;0.0;-7.3453654e-25;99.99998;-7.345365e-21;0.0008523463;-2.5816207;5.9604645e-05;1.3753921;1.3753325;0.0;0.0;6752.9087;8271.077;-3040.1943;6332.4653;-1793.3656;-1583.2556
1955-06-15;15.968791;-8.515788;0.009805043;750.06647;1.2961482;122.04069;0.0;-7.3453654e-25;99.99998;-7.345365e-21;0.0;-2.452273;0.0;1.3473332;1.3473258;0.0;0.0;7142.468;8739.177;-3329.14;6011.989;-1703.5122;-1687.4144
1955-06-16;16.64863;-4.5431824;0.009869893;751.0395;1.194209;109.69015;0.0;-7.3453654e-25;99.99998;-7.345365e-21;0.002146605;-2.346484;0.00014901161;1.3198555;1.3197064;0.0;0.0;7117.2837;8707.248;-3364.159;6140.161;-1630.0233;-1657.5856
1955-06-17;17.32549;-5.8926086;0.009716034;751.7141;1.2148561;98.301186;0.0;-7.3453654e-25;99.99998;-7.345365e-21;0.0;-2.2833776;0.0;1.2925267;1.2925341;0.0;0.0;7184.028;8787.764;-3518.0627;6064.9087;-1586.1855;-1582.57
1955-06-18;17.690207;-7.2186685;0.010101318;750.6347;1.321217;148.66374;0.0;-7.3453654e-25;99.99998;-7.345365e-21;0.00085532654;-2.171983;5.9604645e-05;1.2658983;1.2658463;0.0;0.0;7189.4487;8793.263;-3556.2205;6057.9033;-1508.8044;-1687.2655
1955-06-19;15.790161;-6.241343;0.010210673;749.91876;1.3062354;109.2053;0.0;-7.3453654e-25;99.99998;-7.345365e-21;0.0017366847;-2.0264611;0.00011920929;1.2397468;1.239635;0.0;0.0;7249.5444;8865.57;-3551.3755;5975.0522;-1407.7156;-1851.2977
1955-06-20;15.20399;3.1085103;0.010011037;751.13354;1.2443376;75.63506;0.0;-7.3453654e-25;99.99998;-7.345365e-21;0.13268292;-1.7939899;0.00885129;1.222834;1.2139976;0.0;0.0;6562.6763;8024.5225;-2903.7034;6769.2144;-1246.2256;-1914.4856
1955-06-21;12.65389;5.2757974;0.009788513;750.5241;1.8155223;44.169186;0.0;-7.3453654e-25;99.99998;-7.345365e-21;4.950175;-1.8287543;0.38833916;1.5776455;1.1892915;0.0;0.0;5535.6475;6767.83;-2128.5017;7214.012;-1270.3744;-1927.2356
1955-06-22;10.740621;3.4417827;0.009919484;749.7354;2.4813173;33.973316;0.0;-7.3453654e-25;99.99998;-7.345365e-21;0.009354372;-2.274679;0.00059604645;1.1662245;1.1656433;0.0;0.0;5884.209;7192.6167;-2355.8223;6596.996;-1580.1444;-2062.5754
1955-06-23;12.272197;3.074871;0.009757996;748.4787;1.8465323;43.91197;0.0;-7.3453654e-25;99.99998;-7.345365e-21;0.004693873;-2.3945625;0.00032782555;1.1425316;1.1422187;0.0;0.0;6709.293;8200.641;-2693.08;6470.3555;-1663.4222;-2031.8134
1955-06-24;13.826436;3.2610576;0.009904225;749.45404;1.1233321;58.815125;0.0;-7.3453654e-25;99.99998;-7.345365e-21;0.055873394;-2.315061;0.0035762787;1.1226237;1.1190325;0.0;0.0;6594.24;8059.008;-2720.2944;6714.528;-1608.1956;-1810.7444
1955-06-25;16.680796;1.4099528;0.009899139;751.5567;1.087737;99.81922;0.0;-7.3453654e-25;99.99998;-7.345365e-21;0.0017181337;-2.284197;0.00011920929;1.096338;1.0962337;0.0;0.0;6701.1333;8188.594;-2876.1677;6856.599;-1586.7556;-1698.331
1955-06-26;17.952005;-0.7980855;0.009860992;751.7354;1.2962823;145.51277;0.0;-7.3453654e-25;99.99998;-7.345365e-21;0.00043511385;-2.106648;2.9802322e-05;1.0738373;1.0738075;0.0;0.0;7007.8066;8562.211;-3227.8484;6624.0396;-1463.4177;-1854.65
1955-06-27;18.200174;-6.572571;0.009871165;750.1905;1.2818581;196.4471;0.0;-7.3453654e-25;99.99998;-7.345365e-21;0.00044107434;-1.9262824;2.9802322e-05;1.0519028;1.0518879;0.0;0.0;7170.6396;8760.011;-3561.28;6265.432;-1338.1233;-1878.46
1955-06-28;17.295126;-10.011586;0.009738922;748.19684;1.410015;232.76656;0.0;-7.3453654e-25;99.99998;-7.345365e-21;0.0017136326;-1.7579263;0.00010430813;1.0306165;1.0305121;0.0;0.0;7309.6567;8928.712;-3743.5266;5965.8047;-1221.1733;-1964.5588
1955-06-29;17.102488;-2.959666;0.010055542;746.37714;1.3865151;129.14757;0.0;-7.3453654e-25;99.99998;-7.345365e-21;0.001705609;-1.6720322;0.00010430813;1.0097325;1.0096282;0.0;0.0;7071.4854;8636.619;-3281.3223;6565.741;-1161.5044;-2128.7366
1955-06-30;16.854074;-0.743103;0.009775798;746.99414;1.1431826;130.5614;0.0;-7.3453654e-25;99.99998;-7.345365e-21;0.05101749;-1.3711135;0.0030696392;0.99246204;0.98938495;0.0;0.0;5731.7573;6999.3887;-2728.7805;7030.218;-952.4667;-1721.9589
1955-07-01;17.98652;-3.1531982;0.009562175;749.2785;1.294561;159.48088;0.0;-7.3453654e-25;99.99998;-7.345365e-21;0.00042617318;-1.6475655;2.9802322e-05;0.96966326;0.96963346;0.0;0.0;7086.9727;8653.319;-3401.1494;6506.458;-1144.5089;-2135.1833
1955-07-02;17.379587;-5.9579673;0.010063171;748.80853;1.3835062;184.74927;0.0;-7.3453654e-25;99.99998;-7.345365e-21;0.0012814989;-1.5323702;7.4505806e-05;0.95030665;0.95023215;0.0;0.0;7192.553;8781.154;-3581.9072;6190.8965;-1064.4856;-2248.3655
1955-07-03;16.513458;-3.847768;0.009895325;747.3632;1.3889842;116.86732;0.0;-7.3453654e-25;99.99998;-7.345365e-21;0.0021525903;-1.5047957;0.00011920929;0.931412;0.9312928;0.0;0.0;7150.508;8728.686;-3427.7917;6397.992;-1045.3323;-2214.5679
1955-07-04;16.927774;0.27807617;0.010032654;747.0286;1.2078842;114.152016;0.0;-7.3453654e-25;99.99998;-7.345365e-21;0.003060857;-1.4413065;0.00014901161;0.91296434;0.91280043;0.0;0.0;6777.4155;8272.122;-3149.4167;6791.492;-1001.22723;-2208.771
1955-07-05;16.891092;-2.1439412;0.010059357;746.0625;1.4454294;123.03413;0.0;-7.3453654e-25;99.99998;-7.345365e-21;0.0017195934;-1.4022477;0.00010430813;0.89487433;0.89477;0.0;0.0;6823.547;8327.322;-3241.3062;6626.6133;-974.0944;-2310.351
1955-07-06;16.475119;-3.760559;0.010092418;747.1887;1.4599377;127.0939;0.0;-7.3453654e-25;99.99998;-7.345365e-21;0.0004351138;-1.3825018;2.9802322e-05;0.87724626;0.87721646;0.0;0.0;7054.432;8608.005;-3346.5034;6480.954;-960.37836;-2393.5645
1955-07-07;18.488485;-0.782959;0.010119121;749.71826;1.0922161;89.22003;0.0;-7.3453654e-25;99.99998;-7.345365e-21;0.00086426723;-1.3964968;5.9604645e-05;0.8601397;0.8600801;0.0;0.0;6469.5107;7893.28;-3099.1016;7011.581;-970.1;-1876.4645
1955-07-08;19.547262;0.01811727;0.009980519;751.27203;1.181106;81.95518;0.0;-7.3453654e-25;99.99998;-7.345365e-21;0.0025682766;-1.3354793;0.00013411045;0.84356964;0.8434206;0.0;0.0;6161.2476;7516.1733;-2933.235;7282.931;-927.7133;-1803.63
1955-07-09;20.482676;0.84657794;0.009984334;751.9805;1.1397716;88.76401;0.0;-7.3453654e-25;99.99998;-7.345365e-21;0.0004231929;-1.3205773;2.9802322e-05;0.82725286;0.82722306;0.0;0.0;6057.66;7388.811;-2867.3132;7452.4146;-917.3611;-1757.9388
1955-07-10;20.921286;-1.3625997;0.010131836;751.6787;1.4564914;171.19922;0.0;-7.3453654e-25;99.99998;-7.345365e-21;0.00086282496;-1.3910439;4.4703484e-05;0.81142783;0.8113757;0.0;0.0;6819.26;8316.744;-3258.8267;7086.872;-966.3122;-2180.2788
1955-07-11;19.672892;-4.943258;0.009783427;749.85187;1.3539015;213.41963;0.0;-7.3453654e-25;99.99998;-7.345365e-21;0.001294682;-1.3259388;7.4505806e-05;0.7959455;0.795871;0.0;0.0;7122.7314;8685.808;-3610.9727;6530.785;-921.0867;-2319.0989
1955-07-12;18.284454;-1.2910156;0.009813945;747.70245;1.3671504;131.80418;0.0;-7.3453654e-25;99.99998;-7.345365e-21;0.0008642673;-1.2287647;4.4703484e-05;0.78082085;0.78076124;0.0;0.0;6682.694;8148.0967;-3151.179;6925.113;-853.5822;-2270.909
1955-07-13;18.696024;0.45726523;0.010025024;747.10254;1.4100437;140.38904;0.0;-7.3453654e-25;99.99998;-7.345365e-21;0.0;-1.2007524;0.0;0.7660687;0.76606125;0.0;0.0;6612.7915;8061.823;-3144.4023;6970.67;-834.12335;-2358.9812
1955-07-14;17.954803;-4.993551;0.009602864;746.5666;1.4821506;137.91072;0.0;-7.3453654e-25;99.99998;-7.345365e-21;0.0017198854;-1.202913;8.940697e-05;0.7517934;0.751704;0.0;0.0;7071.372;8619.809;-3510.7256;6446.9824;-835.62335;-2484.8157
1955-07-15;18.283884;-4.9843345;0.0099487305;747.61664;1.3489004;215.32875;0.0;-7.3453654e-25;99.99998;-7.345365e-21;0.00044107434;-1.1916757;2.9802322e-05;0.7377267;0.7376969;0.0;0.0;7071.5796;8618.97;-3531.8938;6454.8887;-827.81775;-2412.1523
1955-07-16;18.479288;-3.6668396;0.009815216;749.0176;1.2216324;102.87856;0.0;-7.3453654e-25;99.99998;-7.345365e-21;0.00087022776;-1.244951;5.9604645e-05;0.7240474;0.7240027;0.0;0.0;7042.551;8581.65;-3532.5989;6603.9355;-864.82556;-2193.25
1955-07-17;19.374197;1.0596008;0.00985082;749.11993;1.2752218;74.68983;0.0;-7.3453654e-25;99.99998;-7.345365e-21;0.0017119701;-1.23295;0.00010430813;0.7106811;0.7105842;0.0;0.0;6969.488;8490.744;-3431.3066;6859.702;-856.49;-2214.63
1955-07-18;20.360819;-0.05783081;0.010027568;747.97504;1.3767885;114.669106;0.0;-7.3453654e-25;99.99998;-7.345365e-21;0.000440413;-1.2191292;2.9802322e-05;0.69750845;0.69749355;0.0;0.0;6974.444;8494.886;-3503.7583;6812.001;-846.8889;-2235.2957
1955-07-19;20.255075;-2.8647053;0.010462443;747.44366;1.3748437;165.46075;0.0;-7.3453654e-25;99.99998;-7.345365e-21;0.0025667395;-1.1807214;0.00014156103;0.6849021;0.68476796;0.0;0.0;7004.2676;8529.293;-3527.5125;6753.7446;-820.20776;-2292.9321
1955-07-20;18.090628;-1.4019266;0.010100047;746.26447;1.4133831;190.45302;0.0;-7.3453654e-25;99.99998;-7.345365e-21;0.0;-1.0911785;0.0;0.6723851;0.6723851;0.0;0.0;7010.58;8535.066;-3503.9255;6579.783;-758.00446;-2554.859
1955-07-21;15.828725;1.9723307;0.010192871;746.04706;1.2691308;212.72697;0.0;-7.3453654e-25;99.99998;-7.345365e-21;0.012534902;-0.8960031;0.00062584877;0.6610304;0.66040456;0.0;0.0;6106.3594;7432.6357;-2808.2234;7044.261;-622.42334;-2425.9355
1955-07-22;15.3689375;5.009084;0.009942372;747.6438;1.1966237;93.0402;0.0;-7.3453654e-25;99.99998;-7.345365e-21;0.38628578;-0.8001346;0.020086765;0.66912174;0.6490275;0.0;0.0;4522.702;5503.773;-2054.426;7685.5776;-555.82776;-1789.0922
1955-07-23;14.936157;4.3016357;0.00976181;747.11224;1.1772702;123.897;0.0;-7.3453654e-25;99.99998;-7.345365e-21;3.0445755;-1.1782553;0.20182133;0.83988905;0.6380528;0.0;0.0;5135.509;6248.1743;-2268.881;7349.041;-818.49554;-2032.9312
1955-07-24;16.36728;-0.5326131;0.009916942;748.1143;1.5366846;148.22221;0.0;-7.3453654e-25;99.99998;-7.345365e-21;0.02579689;-1.9597039;0.0013709068;0.6286204;0.6272346;0.0;0.0;6246.334;7597.7544;-2809.6216;6798.963;-1361.34;-1981.9155
1955-07-25;17.230947;-1.8423055;0.009967804;750.346;1.2751566;162.727;0.0;-7.3453654e-25;99.99998;-7.345365e-21;0.0;-1.7649103;0.0;0.61649084;0.61644614;0.0;0.0;6941.701;8441.76;-3253.635;6561.092;-1226.0244;-2153.7922
1955-07-26;17.236359;-4.8370056;0.009684245;749.1082;1.3578806;149.34177;0.0;-7.3453654e-25;99.99998;-7.345365e-21;0.0008613728;-1.3797823;4.4703484e-05;0.6058961;0.6058514;0.0;0.0;6994.77;8504.438;-3532.006;6310.097;-958.4889;-2270.321
1955-07-27;17.436808;-2.4800007;0.009579976;746.4941;1.1543506;90.36767;0.0;-7.3453654e-25;99.99998;-7.345365e-21;0.0017702577;-1.2062062;8.940697e-05;0.5955398;0.59545785;0.0;0.0;6741.3916;8194.489;-3261.6448;6793.286;-837.91223;-2186.7979
1955-07-28;17.409006;0.6719462;0.010133107;744.50635;1.6278611;115.078125;0.0;-7.3453654e-25;99.99998;-7.345365e-21;0.23462176;-1.0595564;0.012308359;0.597626;0.5853325;0.0;0.0;6443.926;7831.1733;-3104.5317;6891.803;-736.0383;-2323.5923
1955-07-29;15.520081;2.419871;0.00997289;743.799;1.4623276;110.08901;0.0;-7.3453654e-25;99.99998;-7.345365e-21;1.146704;-1.1546733;0.06257743;0.63818693;0.57560205;0.0;0.0;5944.0776;7222.0913;-2728.475;7015.9604;-802.1128;-2278.5977
1955-07-30;15.475444;0.9503174;0.009947459;746.90137;1.4631177;145.84282;0.0;-7.3453654e-25;99.99998;-7.345365e-21;0.021752715;-1.2305677;0.0010430813;0.5672723;0.5662069;0.0;0.0;5881.569;7144.505;-2704.476;6947.803;-854.8345;-2217.2466
1955-07-31;16.860483;-2.1589863;0.009807587;748.0761;1.7326217;162.87862;0.0;-7.3453654e-25;99.99998;-7.345365e-21;0.00042617318;-1.129983;2.9802322e-05;0.5569458;0.5569309;0.0;0.0;6755.5317;8204.423;-3148.8406;6642.074;-784.9611;-2574.629
1955-08-01;16.964386;-3.636739;0.009792328;748.3882;1.6749741;195.90004;0.0;-7.3453654e-25;99.99998;-7.345365e-21;0.0017225739;-0.97896624;8.940697e-05;0.5479008;0.5478114;0.0;0.0;6851.604;8319.252;-3378.667;6396.8066;-680.05444;-2619.9678
1955-08-02;17.587656;-6.157949;0.010153453;750.1357;1.189257;177.8692;0.0;-7.3453654e-25;99.99998;-7.345365e-21;0.0;-0.99110043;0.0;0.5388856;0.53889304;0.0;0.0;6992.5137;8488.451;-3777.3372;6069.8755;-688.48553;-2250.6477
1955-08-03;17.956675;-8.625122;0.010190328;749.92993;1.2488648;158.59575;0.0;-7.3453654e-25;99.99998;-7.345365e-21;0.00043511385;-0.9570308;2.9802322e-05;0.5301833;0.5301684;0.0;0.0;6984.497;8476.828;-3804.5117;6077.312;-664.8172;-2228.601
1955-08-04;18.340698;-8.327983;0.010035197;748.6646;1.2667582;141.8169;0.0;-7.3453654e-25;99.99998;-7.345365e-21;0.0012857526;-0.959293;7.4505806e-05;0.52168965;0.5216226;0.0;0.0;6968.7773;8455.849;-3792.3772;6182.22;-666.3889;-2156.1167
1955-08-05;18.485046;-6.757019;0.009927114;746.97064;1.3901353;131.3843;0.0;-7.3453654e-25;99.99998;-7.345365e-21;0.0;-0.9332057;0.0;0.5132556;0.5132556;0.0;0.0;6811.221;8262.791;-3565.1545;6454.0566;-648.2672;-2311.6377
1955-08-06;16.665293;-4.5080667;0.009957631;745.5093;1.3366729;156.96637;0.0;-7.3453654e-25;99.99998;-7.345365e-21;0.00042617318;-0.83109736;2.9802322e-05;0.50513446;0.50510466;0.0;0.0;6818.7354;8270.139;-3436.265;6387.117;-577.3356;-2586.54
1955-08-07;17.163095;-0.31207275;0.009722392;745.8062;1.2761418;131.12651;0.0;-7.3453654e-25;99.99998;-7.345365e-21;0.0017106531;-0.7995367;8.940697e-05;0.49725175;0.49717724;0.0;0.0;5975.973;7246.324;-2940.1394;6988.495;-555.41113;-2212.2766
1955-08-08;18.343008;-2.5450134;0.009989421;747.29205;1.4384041;128.97913;0.0;-7.3453654e-25;99.99998;-7.345365e-21;0.0;-0.86983293;0.0;0.48939884;0.48939884;0.0;0.0;6704.629;8128.094;-3429.5024;6587.921;-604.24445;-2393.381
1955-08-09;18.995657;-3.2551575;0.010164897;748.50494;1.4281292;159.43028;0.0;-7.3453654e-25;99.99998;-7.345365e-21;0.0021494362;-0.8615386;0.00010430813;0.48190355;0.48178434;0.0;0.0;6766.309;8201.056;-3587.7708;6447.4087;-598.48224;-2285.2534
1955-08-10;19.577414;-7.8296;0.009869893;749.30206;1.2823533;115.37455;0.0;-7.3453654e-25;99.99998;-7.345365e-21;0.002151297;-0.88075924;0.00010430813;0.47446787;0.4743561;0.0;0.0;6865.347;8319.234;-3853.8254;6203.6733;-611.8333;-2095.9744
1955-08-11;21.275116;-3.454478;0.010119121;750.3636;1.3624038;100.7074;0.0;-7.3453654e-25;99.99998;-7.345365e-21;0.0012844794;-0.90158355;6.7055225e-05;0.4671365;0.467062;0.0;0.0;6533.1816;7914.9165;-3306.4307;7057.575;-626.3;-2082.6577
1955-08-12;22.672272;-1.9518738;0.010058085;750.83185;1.4320946;121.68983;0.0;-7.3453654e-25;99.99998;-7.345365e-21;0.0004326969;-0.8994732;2.9802322e-05;0.45995414;0.4599318;0.0;0.0;6459.542;7823.9556;-3321.2214;7202.595;-624.8345;-2044.2955
1955-08-13;22.108957;-3.2583923;0.010082245;748.92334;1.4946136;146.33182;0.0;-7.3453654e-25;99.99998;-7.345365e-21;0.0008583069;-0.857641;4.4703484e-05;0.4529953;0.4529655;0.0;0.0;6512.555;7886.431;-3397.711;7039.001;-595.7756;-2208.6
1955-08-14;20.827047;-4.2901;0.009844462;746.2553;1.5608721;188.96309;0.0;-7.3453654e-25;99.99998;-7.345365e-21;0.0;-0.82010776;0.0;0.44617057;0.44617057;0.0;0.0;6551.5225;7931.87;-3457.9463;6801.64;-569.7011;-2288.4666
1955-08-15;17.054464;-3.698354;0.009915669;744.5417;1.6530038;166.3841;0.0;-7.3453654e-25;99.99998;-7.345365e-21;0.0;-0.71539915;0.0;0.43953955;0.43953955;0.0;0.0;6566.9863;7948.76;-3365.5059;6491.2456;-496.96335;-2709.5
1955-08-16;14.545197;-3.2162578;0.010070801;746.7504;1.5918738;130.79573;0.0;-7.3453654e-25;99.99998;-7.345365e-21;0.000615827;-0.66304576;2.9802322e-05;0.43308735;0.433065;0.0;0.0;6186.923;7487.7095;-3123.8623;6467.5674;-460.59445;-2621.52
1955-08-17;15.048696;1.7835795;0.009993236;749.23236;1.3056111;91.628395;0.0;-7.3453654e-25;99.99998;-7.345365e-21;0.0;-0.72546864;0.0;0.42670965;0.42670965;0.0;0.0;6258.3926;7573.1904;-3029.037;6789.2153;-503.9589;-2491.7278
1955-08-18;17.409353;0.11697388;0.010009766;749.7011;1.3553681;95.72763;0.0;-7.3453654e-25;99.99998;-7.345365e-21;0.00086128706;-0.76877326;4.4703484e-05;0.42046607;0.42043626;0.0;0.0;6429.7754;7779.9673;-3371.3425;6575.4985;-534.04114;-2255.8289
1955-08-19;17.931955;-5.7913003;0.010033925;750.5964;1.4200674;114.86492;0.0;-7.3453654e-25;99.99998;-7.345365e-21;0.00042617318;-0.7603895;2.2351742e-05;0.4143119;0.41430444;0.0;0.0;6530.516;7900.883;-3685.818;6213.862;-528.2167;-2194.0544
1955-08-20;17.690125;-0.36665854;0.009585063;751.5079;1.3711762;70.29212;0.0;-7.3453654e-25;99.99998;-7.345365e-21;0.000864085;-0.7619355;4.4703484e-05;0.40833652;0.40829927;0.0;0.0;6399.106;7740.9277;-3398.6611;6605.7593;-529.29114;-2090.19
1955-08-21;19.022186;0.34518433;0.009647369;752.1717;1.461712;76.83503;0.0;-7.3453654e-25;99.99998;-7.345365e-21;0.0;-0.7679919;0.0;0.40240586;0.4024133;0.0;0.0;6330.5225;7657.102;-3390.5173;6725.378;-533.4989;-2095.6455
1955-08-22;20.07189;-1.2262573;0.009902954;752.2326;1.4803782;171.63704;0.0;-7.3453654e-25;99.99998;-7.345365e-21;0.00044107434;-0.744692;2.9802322e-05;0.3966987;0.3966689;0.0;0.0;6246.363;7554.3945;-3272.341;6885.3735;-517.3122;-2151.74
1955-08-23;19.415436;-3.0815837;0.00993983;751.06006;1.3981332;163.6547;0.0;-7.3453654e-25;99.99998;-7.345365e-21;0.0008568821;-0.71296096;2.9802322e-05;0.39109588;0.39106607;0.0;0.0;6303.0874;7622.083;-3460.4612;6576.249;-495.27;-2226.6045
1955-08-24;17.633554;-4.707194;0.010171254;748.7255;1.3028231;135.5487;0.0;-7.3453654e-25;99.99998;-7.345365e-21;0.00043511385;-0.69792384;1.4901161e-05;0.38561225;0.38559735;0.0;0.0;6352.4443;7680.8457;-3531.524;6323.6665;-484.82443;-2174.6245
1955-08-25;17.5254;-1.5008749;0.009988149;748.32544;1.3650287;115.86669;0.0;-7.3453654e-25;99.99998;-7.345365e-21;0.00085234636;-0.67182815;4.4703484e-05;0.38026273;0.38022548;0.0;0.0;5793.145;7003.694;-2926.8562;7050.993;-466.69556;-2079.0122
1955-08-26;17.172007;0.35024008;0.009936015;749.52466;1.4777527;120.2756;0.0;-7.3453654e-25;99.99998;-7.345365e-21;0.0009149312;-0.6449986;4.4703484e-05;0.37501752;0.37497282;0.0;0.0;5804.0176;7015.896;-3057.4622;6822.203;-448.05777;-2276.9155
1955-08-27;16.405893;-5.504537;0.010196686;748.5953;1.35533;144.69264;0.0;-7.3453654e-25;99.99998;-7.345365e-21;0.0017082011;-0.658907;8.940697e-05;0.36990643;0.36983192;0.0;0.0;6173.1074;7461.279;-3411.5146;6312.844;-457.72;-2225.2722
1955-08-28;16.318369;-8.561096;0.009971619;747.87744;1.4701942;135.15761;0.0;-7.3453654e-25;99.99998;-7.345365e-21;0.00043120724;-0.6344337;2.9802322e-05;0.36484003;0.36481023;0.0;0.0;6180.9927;7469.919;-3443.2456;6182.7646;-440.72;-2210.8389
1955-08-29;16.145813;-3.0970967;0.0096588135;749.63995;1.4536495;113.66874;0.0;-7.3453654e-25;99.99998;-7.345365e-21;0.004357099;-0.6156769;0.00017881393;0.36007166;0.35990775;0.0;0.0;5764.565;6965.8667;-3043.328;6648.452;-427.69;-2141.7612
1955-08-30;15.938558;-4.1764526;0.01012675;750.4021;1.3240684;148.48546;0.0;-7.3453654e-25;99.99998;-7.345365e-21;0.0012871269;-0.6376263;5.9604645e-05;0.35515428;0.35507977;0.0;0.0;6033.3687;7289.7686;-3311.65;6374.1367;-442.9389;-2160.8123
1955-08-31;15.812154;-7.0154724;0.01028188;748.6741;1.2946411;148.65218;0.0;-7.3453654e-25;99.99998;-7.345365e-21;0.0004351138;-0.6260127;2.9802322e-05;0.3503561;0.350371;0.0;0.0;6040.238;7297.202;-3396.5813;6230.114;-434.87112;-2103.4468
1955-09-01;15.795593;-7.221639;0.009774526;746.5505;1.2422329;173.4248;0.0;-7.3453654e-25;99.99998;-7.345365e-21;0.00044107434;-0.6163455;2.9802322e-05;0.34576654;0.34573674;0.0;0.0;6019.275;7271.0117;-3426.1553;6169.081;-428.15445;-2065.39
1955-09-02;14.605804;-1.4555155;0.009988149;748.53955;1.2415234;184.69415;0.0;-7.3453654e-25;99.99998;-7.345365e-21;0.41473508;-0.59899783;0.019073486;0.36032498;0.3412664;0.0;0.0;5233.144;6320.7095;-2655.135;6844.7065;-416.10443;-2049.9543
1955-09-03;15.707286;-0.99882;0.009934743;750.9294;1.1850975;97.21679;0.0;-7.3453654e-25;99.99998;-7.345365e-21;0.0017166131;-0.6952509;8.940697e-05;0.33697486;0.33691525;0.0;0.0;5044.277;6091.8413;-2703.5198;6915.6724;-482.96777;-1712.4388
1955-09-04;17.082865;-3.078888;0.010087331;750.78735;1.3570229;136.03296;0.0;-7.3453654e-25;99.99998;-7.345365e-21;0.0012821574;-0.6920276;5.9604645e-05;0.33265352;0.33259392;0.0;0.0;5762.8623;6958.776;-3154.3064;6603.905;-480.72778;-1924.9078
1955-09-05;16.269348;-3.8113606;0.009642283;749.16486;1.4018849;155.83228;0.0;-7.3453654e-25;99.99998;-7.345365e-21;0.00042617318;-0.611769;1.4901161e-05;0.3283471;0.3283322;0.0;0.0;5781.447;6980.378;-3211.512;6428.8477;-424.97556;-2043.5355
1955-09-06;15.262532;-3.9067485;0.010122935;749.5154;1.344442;167.20287;0.0;-7.3453654e-25;99.99998;-7.345365e-21;0.00084638596;-0.5719867;4.4703484e-05;0.32421947;0.32417476;0.0;0.0;5791.414;6991.584;-3324.691;6157.41;-397.34;-2065.588
1955-09-07;16.18509;-5.1898093;0.010550181;750.8339;1.2409302;91.98606;0.0;-7.3453654e-25;99.99998;-7.345365e-21;0.0008553266;-0.5966462;4.4703484e-05;0.32013655;0.32010674;0.0;0.0;5831.0376;7038.567;-3542.2317;6008.069;-414.47;-1735.3944
1955-09-08;16.200064;-8.910263;0.009886424;750.1503;1.2893702;155.64616;0.0;-7.3453654e-25;99.99998;-7.345365e-21;0.0;-0.5763266;0.0;0.31611323;0.31611323;0.0;0.0;5833.988;7041.28;-3607.3352;5872.4673;-400.35443;-1740.669
1955-09-09;14.917644;-5.796865;0.010253906;748.25;1.2047764;186.15254;0.0;-7.3453654e-25;99.99998;-7.345365e-21;0.0008495245;-0.54024345;4.4703484e-05;0.31225383;0.31220168;0.0;0.0;5742.569;6930.1333;-3415.3723;5953.5845;-375.28888;-1902.2145
1955-09-10;13.710236;-3.438324;0.009859721;747.897;1.2621912;125.181175;0.0;-7.3453654e-25;99.99998;-7.345365e-21;0.00043511385;-0.5185846;1.4901161e-05;0.30839443;0.30837953;0.0;0.0;5611.18;6770.717;-3169.0337;6162.73;-360.24335;-2019.9244
1955-09-11;13.155223;-3.2119243;0.009952545;750.1844;1.2808721;185.05273;0.0;-7.3453654e-25;99.99998;-7.345365e-21;0.0;-0.4817061;0.0;0.30462444;0.30463934;0.0;0.0;5425.4316;6545.8276;-2980.389;6259.6973;-334.62555;-2122.4033
1955-09-12;13.088511;-2.8715515;0.009635925;752.30396;1.2002016;99.8043;0.0;-7.3453654e-25;99.99998;-7.345365e-21;0.00084990205;-0.4934566;4.4703484e-05;0.30101836;0.30097365;0.0;0.0;5237.653;6318.4814;-2846.2063;6476.1255;-342.78778;-1908.8234
1955-09-13;13.143321;0.5504659;0.009819031;751.20636;1.0913745;90.35619;0.0;-7.3453654e-25;99.99998;-7.345365e-21;0.30679703;-0.52392113;0.014722347;0.31211972;0.29738247;0.0;0.0;4993.312;6022.969;-2650.5808;6715.0967;-363.95;-1827.7944
1955-09-14;13.944133;-1.2417297;0.009913127;750.59064;1.2752674;148.77193;0.0;-7.3453654e-25;99.99998;-7.345365e-21;0.0048932247;-0.5886508;0.00017881393;0.2940446;0.29387325;0.0;0.0;4993.298;6022.2104;-2813.5215;6506.167;-408.91556;-1753.331
1955-09-15;14.257294;-3.1854756;0.010116577;751.72784;1.2666279;178.6552;0.0;-7.3453654e-25;99.99998;-7.345365e-21;0.0017136326;-0.55286103;8.195639e-05;0.29049814;0.29040873;0.0;0.0;5265.154;6349.3794;-2964.2236;6384.096;-384.05444;-1834.3112
1955-09-16;14.558146;-3.268982;0.009969075;752.2719;1.0857908;119.563774;0.0;-7.3453654e-25;99.99998;-7.345365e-21;0.06229877;-0.5196072;0.0028163195;0.2898276;0.28700382;0.0;0.0;4939.2783;5951.175;-2834.9463;6548.8745;-360.95334;-1614.1711
1955-09-17;14.547119;-5.0403953;0.010213216;751.53033;1.2346731;113.899284;0.0;-7.3453654e-25;99.99998;-7.345365e-21;0.018844008;-0.5329642;0.0006631017;0.28432906;0.28366596;0.0;0.0;5065.5215;6097.9624;-2960.8655;6410.063;-370.2322;-1658.2744
1955-09-18;14.858266;-4.8327737;0.009791057;751.0737;1.2054979;105.39207;0.0;-7.3453654e-25;99.99998;-7.345365e-21;0.0008612871;-0.49151853;4.4703484e-05;0.28043985;0.2804026;0.0;0.0;4710.6694;5665.86;-2788.5571;6582.1523;-341.44168;-1470.11
1955-09-19;14.645264;-4.0692954;0.009897868;753.0389;1.2813385;179.34087;0.0;-7.3453654e-25;99.99998;-7.345365e-21;0.000441978;-0.49124473;1.4901161e-05;0.2772063;0.2771914;0.0;0.0;5152.864;6192.306;-3031.824;6285.488;-341.25223;-1755.6433
1955-09-20;15.377197;-7.19045;0.010033925;755.31396;1.2480267;146.62169;0.0;-7.3453654e-25;99.99998;-7.345365e-21;0.0012915898;-0.50487834;5.9604645e-05;0.27407706;0.27401745;0.0;0.0;5205.5356;6250.185;-3111.7395;6258.0225;-350.72223;-1579.5634
1955-09-21;16.460245;-5.1428733;0.010222117;756.59515;1.1588277;115.2015;0.0;-7.3453654e-25;99.99998;-7.345365e-21;0.0012636184;-0.49083307;4.4703484e-05;0.27096272;0.27091056;0.0;0.0;4866.951;5838.589;-2841.2456;6643.2188;-340.96555;-1513.8367
1955-09-22;17.046957;-4.665731;0.010106404;755.3994;1.2605659;135.70724;0.0;-7.3453654e-25;99.99998;-7.345365e-21;0.0004351138;-0.47891214;1.4901161e-05;0.26787817;0.26787072;0.0;0.0;5019.952;6016.912;-2926.3533;6541.5522;-332.68445;-1628.92
1955-09-23;16.373709;-5.496887;0.010190328;753.9333;1.4635965;138.14877;0.0;-7.3453654e-25;99.99998;-7.345365e-21;0.0070035458;-0.4371442;0.0002682209;0.26515126;0.26488304;0.0;0.0;4608.7896;5519.283;-2674.4675;6701.77;-303.66888;-1565.5645
1955-09-24;14.67746;-4.509664;0.009742737;753.0691;1.2616239;219.07799;0.0;-7.3453654e-25;99.99998;-7.345365e-21;0.00044107434;-0.42808056;1.4901161e-05;0.26199222;0.26197731;0.0;0.0;5019.8354;6006.334;-2947.1443;6251.895;-297.37332;-1822.9889
1955-09-25;12.455974;-0.8241984;0.009923299;751.8597;1.3778259;151.70506;0.0;-7.3453654e-25;99.99998;-7.345365e-21;0.6885001;-0.5021132;0.03693998;0.29605627;0.2591312;0.0;0.0;4612.408;5514.0776;-2592.521;6461.533;-348.80222;-1717.8645
1955-09-26;11.12556;0.3719686;0.010096232;749.58966;1.3446659;161.92455;0.0;-7.3453654e-25;99.99998;-7.345365e-21;0.058317184;-0.52700096;0.0022351742;0.25859475;0.25637448;0.0;0.0;4256.22;5083.8296;-2289.0586;6623.3047;-366.09;-1668.6522
1955-09-27;9.486491;-1.5386862;0.01015981;746.8401;1.3858184;156.77525;0.0;-7.3453654e-25;99.99998;-7.345365e-21;0.58215415;-0.5102623;0.027701259;0.28137863;0.25366992;0.0;0.0;4608.9316;5500.3604;-2370.4976;6507.1855;-354.46222;-1967.1034
1955-09-28;5.3801475;3.0144653;0.010166168;747.4206;0.8749017;81.53475;0.0;-7.3453654e-25;99.99998;-7.345365e-21;13.184912;-1.420943;0.8221194;1.0733008;0.25118887;0.0;0.0;1907.8386;2274.5542;-910.3139;7207.539;-987.0822;-627.29
1955-09-29;7.602946;0.7341919;0.009986877;752.886;1.4210101;41.720287;0.0;-7.3453654e-25;99.99998;-7.345365e-21;0.0018179417;-1.8044636;7.4505806e-05;0.24881959;0.24874508;0.0;0.0;4097.2915;4881.0723;-2135.896;6210.92;-1253.5;-1001.28
1955-09-30;8.173137;-0.8249512;0.009845734;752.2607;1.4456311;40.549534;0.0;-7.3453654e-25;99.99998;-7.345365e-21;0.0;-1.8100367;0.0;0.24622679;0.24622679;0.0;0.0;4854.4585;5778.366;-2676.0544;5662.507;-1257.3722;-1116.6788
1955-10-01;8.726471;-2.8520203;0.009811401;750.553;1.176467;84.722084;0.0;-7.3453654e-25;99.99998;-7.345365e-21;0.0008478685;-1.6948869;4.4703484e-05;0.2437532;0.24371594;0.0;0.0;4701.3604;5591.4023;-2531.309;5882.74;-1177.3817;-1038.711
1955-10-02;10.162842;-1.6769104;0.01008606;751.8796;1.1876081;118.55857;0.0;-7.3453654e-25;99.99998;-7.345365e-21;0.00044107434;-1.5071259;1.4901161e-05;0.2412498;0.2412349;0.0;0.0;4323.6904;5137.682;-2267.8206;6295.8076;-1046.95;-994.9744
1955-10-03;11.511963;-0.8640849;0.010140737;753.7707;1.0845411;115.09381;0.0;-7.3453654e-25;99.99998;-7.345365e-21;0.0;-1.4858022;0.0;0.2387762;0.23879111;0.0;0.0;4578.129;5435.4043;-2410.2195;6369.7393;-1032.1378;-1024.5022
1955-10-04;11.735646;-1.651062;0.010032654;753.44684;1.0672237;87.1359;0.0;-7.3453654e-25;99.99998;-7.345365e-21;0.015970824;-1.2893295;0.0008046627;0.23716688;0.23636222;0.0;0.0;4247.3022;5038.2856;-2374.6187;6380.487;-895.6533;-973.8945
1955-10-05;11.151774;-3.568807;0.009933472;750.75397;1.2169594;120.80056;0.0;-7.3453654e-25;99.99998;-7.345365e-21;0.042128563;-1.1097779;0.0018030405;0.23581088;0.23400038;0.0;0.0;4128.5244;4893.167;-2400.5166;6222.838;-770.92554;-1049.1067
1955-10-06;9.359985;-3.749461;0.010005951;748.86597;1.2808967;166.1168;0.0;-7.3453654e-25;99.99998;-7.345365e-21;0.0030129813;-0.9139944;0.00014156103;0.23183227;0.23169816;0.0;0.0;4497.7036;5326.1455;-2545.5867;5910.3765;-634.9211;-1478.4567
1955-10-07;6.9904075;0.39471436;0.009849548;749.2976;0.98710555;128.63643;0.0;-7.3453654e-25;99.99998;-7.345365e-21;0.55642724;-0.72485393;0.026613474;0.25609136;0.22946298;0.0;0.0;3843.5564;4547.7793;-2124.4277;6241.701;-503.5311;-1329.4933
1955-10-08;7.4573464;0.8674011;0.010117848;752.2571;0.93798304;80.482124;0.0;-7.3453654e-25;99.99998;-7.345365e-21;0.6399934;-0.8170121;0.03196299;0.2592504;0.22728741;0.0;0.0;3694.6516;4367.6807;-2064.1294;6368.0054;-567.5511;-1140.9845
1955-10-09;8.00945;0.30345663;0.009836833;753.8969;1.0264364;72.367516;0.0;-7.3453654e-25;99.99998;-7.345365e-21;0.56004524;-0.86279213;0.027090311;0.25221705;0.22512674;0.0;0.0;3956.064;4672.683;-2257.5432;6234.9463;-599.35333;-1126.4211
1955-10-10;6.3680825;-1.1048685;0.009886424;753.5632;1.5998721;37.599003;0.0;-7.3453654e-25;99.99998;-7.345365e-21;0.007111464;-0.7285886;0.0002682209;0.2232641;0.22300333;0.0;0.0;3804.125;4489.252;-2255.696;6007.8525;-506.12555;-1271.2589
1955-10-11;4.9065857;-4.535258;0.009966533;752.43964;1.7340246;36.212433;0.0;-7.3453654e-25;99.99998;-7.345365e-21;0.00043511385;-0.64215624;1.4901161e-05;0.22092462;0.22090971;0.0;0.0;4401.6484;5190.173;-2712.3523;5362.5166;-446.08444;-1531.8545
1955-10-12;5.3953347;-5.3292747;0.010035197;752.9168;1.3470064;41.85052;0.0;-7.3453654e-25;99.99998;-7.345365e-21;0.0017285338;-0.59200263;8.940697e-05;0.21892786;0.21883845;0.0;0.0;4436.6807;5226.9775;-2751.834;5334.637;-411.24335;-1335.9756
1955-10-13;6.6899314;-8.939372;0.010058085;754.4951;0.9792308;75.76465;0.0;-7.3453654e-25;99.99998;-7.345365e-21;0.001275539;-0.59957707;5.9604645e-05;0.2168417;0.2167821;0.0;0.0;4443.106;5230.1;-2827.0693;5379.3184;-416.5061;-1157.5211
1955-10-14;8.217021;-7.285929;0.010187785;756.5134;1.0523278;110.816;0.0;-7.3453654e-25;99.99998;-7.345365e-21;0.0004351138;-0.5693967;1.4901161e-05;0.21475554;0.21474063;0.0;0.0;4315.649;5075.7373;-2696.2205;5711.2886;-395.5411;-1102.9089
1955-10-15;9.484141;-6.075846;0.0101674395;755.6514;1.0220414;120.37809;0.0;-7.3453654e-25;99.99998;-7.345365e-21;0.0004351138;-0.5303426;1.4901161e-05;0.21272898;0.21271408;0.0;0.0;4132.797;4856.5723;-2577.619;5983.651;-368.4111;-1042.21
1955-10-16;9.960347;-7.050883;0.0096918745;754.7923;1.1846671;177.54298;0.0;-7.3453654e-25;99.99998;-7.345365e-21;0.0004351138;-0.47437754;1.4901161e-05;0.21076202;0.21073222;0.0;0.0;4226.286;4964.8457;-2653.14;5904.4893;-329.53445;-1190.18
1955-10-17;10.361847;-5.285187;0.010023753;755.75714;1.060783;209.41895;0.0;-7.3453654e-25;99.99998;-7.345365e-21;0.0083088875;-0.39101857;0.00040233135;0.2092123;0.20878017;0.0;0.0;4018.3628;4719.13;-2505.28;6004.9717;-271.62778;-1224.1833
1955-10-18;8.81897;-2.112315;0.009918213;756.4355;1.0587767;228.69728;0.0;-7.3453654e-25;99.99998;-7.345365e-21;0.9667854;-0.48547238;0.04799664;0.25492907;0.20691752;0.0;0.0;3688.45;4330.2744;-2254.2944;6103.0845;-337.24222;-1207.1744
1955-10-19;8.0737505;-3.6688232;0.0099983215;756.0756;1.1671597;105.99125;0.0;-7.3453654e-25;99.99998;-7.345365e-21;0.0019729137;-0.5542133;7.4505806e-05;0.20515919;0.20506978;0.0;0.0;3986.8755;4679.211;-2500.1667;5870.9688;-384.99335;-1168.7667
1955-10-20;8.11908;-5.480896;0.009816487;754.3196;0.98194414;72.20161;0.0;-7.3453654e-25;99.99998;-7.345365e-21;0.0;-0.5206466;0.0;0.20322204;0.20322204;0.0;0.0;4056.1646;4759.032;-2616.1423;5785.7207;-361.67667;-1083.4055
1955-10-21;8.639435;-6.1297507;0.01015981;754.38184;1.1661696;136.86885;0.0;-7.3453654e-25;99.99998;-7.345365e-21;0.0017166121;-0.46414322;8.195639e-05;0.2014786;0.2013892;0.0;0.0;3978.5793;4666.5547;-2532.6394;5877.3765;-322.42444;-1121.331
1955-10-22;8.969035;-5.291992;0.010171254;756.41364;1.0684153;149.00127;0.0;-7.3453654e-25;99.99998;-7.345365e-21;0.0;-0.42214337;0.0;0.19958615;0.1995936;0.0;0.0;3840.1077;4502.8076;-2459.3328;5995.7456;-293.24945;-1059.1111
1955-10-23;8.4965105;-5.8657737;0.010002136;754.6965;1.0222716;109.55322;0.0;-7.3453654e-25;99.99998;-7.345365e-21;0.00044107434;-0.40438864;1.4901161e-05;0.19782782;0.19781291;0.0;0.0;3830.0317;4489.5034;-2491.8188;5982.8843;-280.91556;-1034.2833
1955-10-24;6.632589;-4.2530923;0.010046641;752.1646;0.87289184;71.45512;0.0;-7.3453654e-25;99.99998;-7.345365e-21;0.35873353;-0.40100423;0.016734004;0.21281838;0.19609183;0.0;0.0;3310.926;3879.8354;-2226.3633;6056.1025;-278.56445;-969.79
1955-10-25;7.072937;-3.740041;0.009864807;752.23956;1.0253788;173.50081;0.0;-7.3453654e-25;99.99998;-7.345365e-21;0.00085438875;-0.38032794;4.4703484e-05;0.19443035;0.1943931;0.0;0.0;3810.8528;4464.239;-2511.0588;5734.9634;-264.20166;-1131.3411
1955-10-26;7.4118447;-5.634562;0.010063171;752.53296;1.0454587;189.2043;0.0;-7.3453654e-25;99.99998;-7.345365e-21;0.0012867104;-0.3649872;5.9604645e-05;0.19277632;0.19271672;0.0;0.0;3881.2534;4545.292;-2691.3862;5505.5767;-253.54445;-1058.1156
1955-10-27;6.6238503;-7.965566;0.009930928;751.9275;1.0284913;185.56268;0.0;-7.3453654e-25;99.99998;-7.345365e-21;0.0010678632;-0.3401246;5.2154064e-05;0.19110739;0.19106269;0.0;0.0;3845.031;4501.4756;-2606.811;5530.2676;-236.27333;-1030.2195
1955-10-28;6.638407;-9.217967;0.010042827;751.0017;1.0022981;148.3056;0.0;-7.3453654e-25;99.99998;-7.345365e-21;0.0;-0.3108792;0.0;0.18942356;0.18943846;0.0;0.0;3557.486;4163.582;-2186.3127;5987.83;-215.95778;-1050.9478
1955-10-29;5.8428445;-8.129527;0.010025024;750.0266;1.1194981;204.22131;0.0;-7.3453654e-25;99.99998;-7.345365e-21;0.028461218;-0.24783519;0.0013187528;0.18917024;0.18785894;0.0;0.0;3308.3728;3870.6133;-2174.215;5919.261;-172.16333;-1154.6256
1955-10-30;4.501831;-5.6848755;0.010112762;750.00366;0.9129352;179.34808;0.0;-7.3453654e-25;99.99998;-7.345365e-21;0.0019967556;-0.24110079;0.00011920929;0.18641353;0.18631667;0.0;0.0;3193.4468;3735.2078;-2181.7683;5755.1455;-167.48445;-1086.6511
1955-10-31;4.372345;-4.7335105;0.009999593;749.9029;0.9610426;150.06194;0.0;-7.3453654e-25;99.99998;-7.345365e-21;0.021390758;-0.25293046;0.0009685755;0.18577278;0.1847893;0.0;0.0;3396.1768;3971.12;-2251.8633;5693.112;-175.70222;-1101.0577
1955-11-01;3.8066711;-5.124878;0.009984334;749.94415;0.9789273;87.10677;0.0;-7.3453654e-25;99.99998;-7.345365e-21;0.42989254;-0.3264863;0.020638108;0.20390749;0.18328428;0.0;0.0;3416.28;3993.2588;-2248.5823;5650.58;-226.79889;-1060.0566
1955-11-02;4.08843;-6.6452737;0.009988149;750.8676;0.94171923;85.668;0.0;-7.3453654e-25;99.99998;-7.345365e-21;0.016063452;-0.33552015;0.00055134296;0.18236041;0.18179417;0.0;0.0;3452.3838;4034.2866;-2342.3218;5513.349;-233.07445;-906.00336
1955-11-03;4.233114;-6.1210938;0.010022481;751.24274;1.0263321;98.45971;0.0;-7.3453654e-25;99.99998;-7.345365e-21;0.008705257;-0.28130412;0.00043213367;0.18076599;0.1803264;0.0;0.0;3294.2627;3848.3823;-2226.375;5622.4424;-195.41222;-876.35223
1955-11-04;4.6499734;-5.873535;0.01000468;752.7277;0.9669742;97.44269;0.0;-7.3453654e-25;99.99998;-7.345365e-21;0.00091195095;-0.26312655;4.4703484e-05;0.17891824;0.17888844;0.0;0.0;3120.984;3644.7366;-2070.5112;5804.4756;-182.78444;-832.57776
1955-11-05;4.6336875;-9.08017;0.009924571;753.23706;0.92724305;174.25635;0.0;-7.3453654e-25;99.99998;-7.345365e-21;0.0;-0.25571883;0.0;0.17747283;0.17747283;0.0;0.0;3072.1567;3586.6646;-2222.9556;5548.439;-177.63945;-815.6678
1955-11-06;4.6777954;-11.432353;0.009969075;752.09546;0.8570464;139.5095;0.0;-7.3453654e-25;99.99998;-7.345365e-21;0.0;-0.2704477;0.0;0.17605722;0.17605722;0.0;0.0;3464.5762;4043.47;-2452.1428;5327.149;-187.87111;-717.92
1955-11-07;3.7718608;-8.492839;0.009991963;749.51587;0.9524648;117.30726;0.0;-7.3453654e-25;99.99998;-7.345365e-21;0.0008523463;-0.22395608;2.9802322e-05;0.17473102;0.17467886;0.0;0.0;2966.685;3461.338;-1971.961;5816.2754;-155.57556;-730.7111
1955-11-08;1.3325094;-2.7049153;-2.7799137;747.38055;0.71744424;65.584694;0.15730794;2.1338463e-05;118.514305;-7.345365e-21;2.8971643;-0.5039442;0.15054643;0.32392144;0.17338246;0.0023134053;0.035196543;1893.4506;2210.6445;-1303.8534;6177.3677;-350.07224;-432.48444
1955-11-09;1.4629618;-2.4138896;-3.6360538;746.5079;0.87922335;155.80586;0.19938152;2.7974447e-05;145.15883;-7.345365e-21;0.40044785;-0.53831565;0.019282103;0.19137561;0.17210096;0.008558854;0.00036507845;2646.9395;3090.641;-1459.135;6265.809;-373.9522;-903.18
1955-11-10;1.426117;-2.1115215;-5.0161476;747.6123;0.88946265;113.50535;0.14664714;2.18153e-05;150.14159;-7.345365e-21;1.2828588;-0.53208137;0.060886145;0.23171306;0.17082691;0.005554408;0.0;2738.36;3195.1533;-1624.4205;5971.441;-369.62112;-733.67334
1955-11-11;0.89660645;-2.9875488;-3.6917813;750.19867;1.3655871;44.741383;0.5090332;8.952618e-05;149.61781;0.48828125;1.4111847;-0.56888723;0.05273521;0.22232533;0.16958266;0.0059027225;0.2995804;1928.2955;2249.2734;-1189.6489;6315.093;-395.19;-551.76886
1955-11-12;-0.016448975;-4.296641;-3.9391403;749.7146;1.2711012;45.92084;11.556885;0.0017303228;142.50519;11.84082;3.7041664;-0.62877685;0.10126829;0.2696365;0.16837567;0.32667443;2.028212;1680.4255;2149.69;-1097.665;6227.9067;-438.0122;-416.8589
1955-11-13;-0.6008403;-2.4503887;-1.9590302;746.7254;0.7702186;116.89147;20.189941;0.0030860503;149.52277;20.426432;4.195067;-0.6335424;0.14053285;0.30772388;0.16718358;0.59634817;2.0778887;1953.5194;2607.5732;-884.26776;6508.9863;-441.40723;-645.48114
1955-11-14;-0.8450826;-2.5126038;-2.237756;747.179;0.6739304;194.59784;23.851969;0.0035974581;150.59698;24.129232;2.0464897;-0.61408895;0.10424852;0.27027726;0.16602129;0.59886277;0.6864704;1869.0784;2521.7278;-975.8472;6392.4;-429.45334;-622.6767
1955-11-15;-0.5711365;-5.995127;-7.1490493;750.86566;0.9361908;176.12012;22.157877;0.0033046007;150.52602;21.931967;0.004568696;-0.6834427;0.051945448;0.21676719;0.16483665;0.7472224;0.0037103891;2745.7844;3679.0557;-2050.3838;5147.2354;-476.66388;-643.4878
1955-11-16;0.25679526;-10.852494;-11.425199;753.33936;1.0591611;67.710785;17.61499;0.002629598;150.6966;17.211914;0.0;-0.5386043;0.042274594;0.20591915;0.16364455;0.6025266;0.0;2959.065;3830.2932;-2510.3455;4470.167;-375.39444;-321.84555
1955-11-17;0.5683899;-14.807124;-12.720599;753.091;1.0678886;64.19437;14.051188;0.0021006663;150.82518;13.875325;0.00086426723;-0.46416092;0.032827258;0.19530952;0.16248971;0.4614964;0.0;3042.9016;3839.7144;-2702.6584;4221.702;-323.6089;-232.04333
1955-11-18;0.5873515;-16.659513;-12.608518;751.8072;0.9731076;107.07012;11.262614;0.0016848644;150.92445;11.5153;0.0;-0.35933125;0.026628375;0.18799305;0.16136467;0.37047827;0.0;3046.8738;3774.2466;-2625.3923;4295.532;-250.72;-258.65555
1955-11-19;0.5312195;-14.372673;-12.218257;750.237;0.7779124;187.56152;8.906494;0.0013316473;151.00519;8.911133;0.0;-0.27693155;0.023752451;0.18401444;0.16025454;0.3246758;0.0;3020.744;3686.8245;-2460.4307;4498.276;-193.3;-335.40222
1955-11-20;-0.57765704;-7.6430244;-6.210588;748.0637;0.91572595;237.57533;8.701009;0.0013218323;147.94594;8.585612;1.6082232;-0.24526846;0.03632903;0.19550323;0.1591742;0.23705512;1.1893958;2655.4622;3204.2766;-1442.4462;5778.746;-172.06166;-542.81
1955-11-21;-1.1236877;-3.8319092;-3.5999348;747.7513;1.1104126;213.11678;15.075765;0.0022088687;146.89647;14.892578;0.6261132;-0.4320452;0.032305717;0.19040704;0.15810877;0.35270676;0.4665777;1792.89;2263.071;-975.73553;6279.8955;-303.97333;-472.03888
1955-11-22;-2.5881755;-3.2020772;-1.9108912;743.8728;1.5325465;203.12608;54.381428;0.011508107;144.28612;77.67741;29.227224;-0.23363158;0.04221499;0.19927323;0.15705824;0.06415136;27.443283;645.8322;893.50775;-200.12;6918.8643;-172.03444;-353.56445
1955-11-23;-4.7687073;-5.358907;-1.7081972;738.6424;0.87117034;205.20192;100.0;0.05834536;134.02765;427.5309;66.38319;-0.2371259;0.04054606;0.19657612;0.15603751;0.0;62.62819;159.70389;659.4533;-58.601112;6871.608;-186.21333;-247.2589
1955-11-24;-6.2416916;-7.4121156;-3.8897972;741.19214;1.1692117;207.01558;100.0;0.11152943;143.34666;779.94794;14.752441;-0.15406124;0.0012218952;0.15622377;0.15501678;0.0;14.43927;659.43835;2836.412;-669.0333;6019.263;-119.12222;-223.91667
1955-11-25;-6.4288254;-8.000381;-8.037499;749.0269;1.012554;200.59526;100.0;0.11476227;156.29652;734.7819;0.61353445;-0.013564713;0.0;0.1540035;0.15401095;0.0;0.607919;758.4167;3177.581;-1318.0884;4893.5234;-8.581111;-78.40889
1955-11-26;-5.426287;-11.514632;-12.403027;751.3664;0.930227;241.96803;100.0;0.11488378;161.18163;713.501;0.0024616718;-0.008648261;0.0;0.15300512;0.15300512;0.0;0.0012479722;756.8889;3083.9866;-670.7589;5334.048;-4.59;5.5244446
1955-11-27;-3.7691956;-5.8277473;-9.858075;750.0307;0.8201274;264.56693;100.0;0.11492932;165.90851;693.7256;0.022682548;0.035205856;0.0;0.15202165;0.15202165;0.0;0.02028048;777.32;3088.591;-776.4261;5467.0815;29.373333;-16.382223
1955-11-28;-3.5292358;-6.564575;-8.115811;748.68585;0.68475634;258.84897;100.0;0.11533737;170.6712;676.4323;1.6359389;-0.0014081597;0.0;0.15103817;0.15103817;0.0;1.3718717;772.8517;2992.2844;-527.2167;5935.3374;1.1888889;-44.04
1955-11-29;-2.9540508;-3.9092102;-3.2476985;745.342;0.66839844;223.22151;100.0;0.12882964;169.9824;755.3711;25.926191;-0.056575984;0.013589859;0.16367435;0.1500845;0.0;23.829494;288.20056;1160.7056;-134.4611;6799.541;-43.74;-69.564445
1955-11-30;-4.8704934;-5.8116837;-3.519699;745.87775;0.79240257;228.7216;100.0;0.14739423;167.85023;878.1738;8.312601;-0.09587873;0.0;0.14913082;0.14913827;0.0;8.103826;494.6711;2078.419;-472.30612;6322.703;-73.82222;-139.53444
1955-12-01;-6.5239472;-8.621792;-5.638819;749.2397;0.8782075;149.55934;100.0;0.15170443;174.79718;869.50684;0.41660368;-0.065907836;0.0;0.14819205;0.1481995;0.0;0.4140064;713.86444;2965.4988;-1127.7034;5340.921;-49.306667;-107.33111
1955-12-02;-10.71648;-15.211169;-12.90932;751.58276;1.4906263;22.990448;100.0;0.15179598;180.79979;840.5762;0.0019669523;-0.011697412;0.0;0.14726818;0.14726818;0.0;0.00026077032;836.0933;3374.3;-1461.4333;4205.1904;-7.1022224;-10.3544445
1955-12-03;-10.668082;-15.178866;-16.473219;746.9929;1.2067317;29.201202;100.0;0.1518298;184.31378;824.4629;0.02026558;0.014003366;0.0;0.1463443;0.1463443;0.0;0.01809746;790.0928;3104.0767;-1079.8484;4441.405;12.404445;35.342224
1955-12-04;-10.5144205;-17.127258;-17.521563;743.961;1.4422007;12.8201475;100.0;0.15187919;187.1673;812.0931;0.018600928;0.0013662502;0.0;0.14545023;0.14544278;0.0;0.016458333;780.00775;2997.061;-1015.41;4458.513;2.6722221;66.28555
1955-12-05;-9.3331175;-16.076117;-18.25721;743.45416;0.910027;154.08974;100.0;0.15191448;189.74706;801.1882;0.058862567;0.005791895;0.0;0.14454126;0.14454871;0.0;0.055525452;883.3372;3298.5933;-983.25446;4429.207;5.97;48.252224
1955-12-06;-8.809242;-11.4127;-14.896396;743.5488;0.5913092;139.26604;100.0;0.15228207;191.78351;794.5964;1.1331978;0.010707416;0.0;0.143677;0.14366955;0.0;1.126498;663.4889;2421.9478;-234.47278;5695.8364;9.342222;-25.13
1955-12-07;-7.23674;-9.9724655;-10.195843;742.9182;0.79833984;123.30151;100.0;0.15476911;191.51561;808.7972;2.192402;-0.025587156;0.0;0.14279783;0.14280528;0.0;2.1890254;405.63;1500.2622;-290.21445;6001.365;-19.3;-38.055557
1955-12-08;-7.4378943;-10.774776;-11.140233;741.1662;1.1162874;123.75936;100.0;0.15553181;195.01723;798.38055;0.4958749;0.0012107193;0.0;0.14193356;0.14194101;0.0;0.4928112;857.63776;3157.7134;-885.9728;5157.7188;2.8844445;-13.431111
1955-12-09;-5.831137;-6.754995;-7.7831893;745.87946;1.3002878;219.94917;100.0;0.15752609;197.33429;798.9909;2.5504951;-0.0122170895;0.0;0.1410842;0.1410842;0.0;2.545137;494.95667;1829.9423;-255.28555;6307.3535;-8.614445;-53.467777
1955-12-10;-5.786814;-6.7987847;-6.4471917;745.3137;0.54311377;260.74246;100.0;0.15940924;200.87987;794.51495;1.5381455;-0.041509047;0.0;0.14024973;0.14024228;0.0;1.5309975;471.9411;1746.5645;-338.16724;6249.7188;-31.557777;-86.60222
1955-12-11;-5.6267295;-7.3932357;-6.9060364;744.63043;0.69726485;194.4823;100.0;0.16021566;205.55467;780.4362;0.088751316;-0.022567809;0.0;0.13941526;0.13940036;0.0;0.08351728;753.875;2781.6377;-842.445;5588.7144;-15.73;-87.30666
1955-12-12;-5.041443;-6.08197;-6.0215354;743.70874;0.85424286;252.46631;100.0;0.16069765;210.1533;765.2588;1.507923;-0.03626384;0.0;0.1385659;0.1385808;0.0;1.4768951;585.08276;2106.2212;-292.85;6400.263;-27.1;-82.48889
1955-12-13;-3.6676228;-4.6102805;-3.6655476;744.12134;0.9430956;211.38292;100.0;0.1639194;212.16307;772.1761;7.464707;-0.07553026;0.0;0.13776124;0.13776124;0.0;7.2973633;604.1589;2207.74;-313.975;6598.9243;-57.553333;-124.97222
1955-12-14;-3.9047852;-4.309709;-2.7911377;742.00543;1.3037299;215.74733;100.0;0.17802317;205.66405;864.2985;15.22358;-0.12164749;0.0;0.13695657;0.13695657;0.0;15.06976;214.06223;865.14667;-18.001667;6927.245;-95.19945;-166.52667
1955-12-15;-4.140784;-4.9894805;-3.1703746;745.104;0.4762012;204.22523;100.0;0.18637507;206.47589;903.2796;2.9999762;-0.07896684;0.0;0.13616681;0.13615936;0.0;2.8252006;462.56723;1928.9722;-418.4828;6439.3857;-60.546665;-110.0
1955-12-16;-3.8822072;-5.0304046;-3.3917148;746.54126;0.5612902;173.27101;100.0;0.18861394;211.74706;891.56085;1.1427104;-0.07216446;0.0;0.13536215;0.1353696;0.0;1.0937154;591.295;2401.8354;-502.43277;6347.8477;-54.628887;-107.93
1955-12-17;-4.7208023;-5.2418633;-3.3737297;742.59467;1.6181092;205.69728;100.0;0.19386303;213.96092;904.9072;13.265139;-0.15267543;0.0;0.13458729;0.13458729;0.0;13.114247;339.92776;1360.2822;-86.490555;6788.479;-119.21778;-229.82556
1955-12-18;-4.7559304;-5.353554;-3.5982933;740.8294;1.3259479;201.61513;100.0;0.21294479;204.7298;1038.4928;13.242192;-0.10553561;0.0;0.13382733;0.13381988;0.0;13.221748;289.44943;1235.0967;-123.314445;6729.5547;-82.24111;-161.08112
1955-12-19;-5.81251;-7.228668;-4.857202;745.33154;1.092996;164.4233;100.0;0.22271276;205.81313;1082.3568;5.090523;-0.07070415;0.0;0.13305992;0.13305992;0.0;5.0832853;439.80112;1880.5355;-869.6228;5662.6245;-54.212223;-81.32889
1955-12-20;-7.2030425;-14.428711;-10.1316595;749.4873;1.0910568;91.042885;100.0;0.22343934;212.04945;1055.0131;0.005376339;-0.045458786;0.0;0.13229251;0.13229251;0.0;0.00237301;732.91614;3054.209;-1391.6694;4507.6865;-33.308887;7.2022223
1955-12-21;-5.4282823;-14.689236;-13.730531;749.5139;1.1160022;114.08411;100.0;0.22344911;216.41566;1033.2845;0.001704947;-0.002676621;0.0;0.13154745;0.13154745;0.0;0.0;763.825;3098.6833;-1282.1683;4390.553;-0.21444444;86.31555
1955-12-22;-5.320764;-15.347346;-15.481002;750.41754;1.1130804;151.03117;100.0;0.22347017;219.75682;1017.5781;0.0004351138;0.0011306256;0.0;0.1308024;0.1308024;0.0;0.0;787.05334;3109.7766;-1123.2444;4480.218;2.5733333;103.67333
1955-12-23;-6.2724013;-13.065644;-15.890731;749.98456;1.0959631;50.491657;100.0;0.22349949;222.7145;1004.23175;0.0012869841;0.020114705;0.0;0.13007224;0.13006479;0.0;0.0;808.915;3115.3433;-1040.14;4572.753;17.20111;83.54667
1955-12-24;-6.0677185;-9.618442;-15.024445;748.3491;0.85720134;149.79633;100.0;0.2235504;225.5794;991.8213;0.02225237;0.037249178;0.0;0.12934208;0.12934208;0.0;0.020772219;793.0039;2978.1655;-683.50946;5135.968;30.29889;37.7
1955-12-25;-5.177653;-6.699137;-10.777385;745.3555;0.81555295;40.080807;100.0;0.231704;221.6419;1043.5385;28.916733;0.028394163;0.0;0.12862682;0.12863427;0.0;27.519503;342.895;1269.9412;319.12723;6771.867;22.626667;5.828889
1955-12-26;-4.5326133;-5.4563904;-5.849706;742.6926;0.644619;185.97597;100.0;0.2650795;202.61034;1307.6578;14.1483555;-0.013481826;0.0;0.12791157;0.12793392;0.0;13.531077;486.20834;2107.7644;-263.245;6457.3965;-9.2277775;-81.742226
1955-12-27;-5.358419;-6.5387573;-6.013518;746.41376;0.6883996;233.55177;100.0;0.26887503;209.94627;1283.1217;0.07017101;-0.020097941;0.0;0.12722611;0.12722611;0.0;0.06614253;621.9067;2614.4543;-841.74;5634.3877;-13.951111;-81.113335
1955-12-28;-6.493721;-8.092114;-7.0777497;741.3413;0.6637662;274.7355;100.0;0.27295676;214.6953;1271.6064;8.419931;-0.016905367;0.0;0.12652576;0.12652576;0.0;8.364413;409.15723;1677.5789;-323.40778;6191.0117;-12.257778;-57.422222
1955-12-29;-6.031077;-7.6743827;-6.940287;739.74316;0.6530649;239.85217;100.0;0.27736127;218.91566;1268.9209;0.13282001;-0.018750317;0.0;0.1258403;0.1258403;0.0;0.12882054;647.1939;2689.959;-658.9611;5808.539;-12.795555;-87.12
1955-12-30;-6.1934485;-8.567168;-7.101073;741.12744;0.64094746;128.36519;100.0;0.2777209;225.89777;1230.9164;0.3111103;-0.021214597;0.0;0.12515485;0.12515485;0.0;0.30720234;556.3122;2257.0632;-922.5317;5440.6167;-15.033334;-57.662224
1955-12-31;-9.161975;-14.29629;-11.375628;744.7539;1.3206191;10.065179;100.0;0.2777995;231.51366;1201.0905;0.00096857536;-0.009326264;0.0;0.1244694;0.1244694;0.0;0.00010430813;807.5994;3197.9434;-1518.0728;4253.8325;-5.1;14.261111
1956-01-01;-8.713407;-18.193083;-14.72902;747.594;1.5038878;8.224506;100.0;0.27781138;235.32713;1181.8848;0.0004351138;-0.020042993;0.0;0.12379885;0.1238063;0.0;0.0;840.2639;3240.8655;-1310.2467;4284.4355;-13.493333;89.43222
1956-01-02;-6.088591;-17.339819;-16.113195;748.34064;1.2180799;146.81943;100.0;0.27782226;238.36327;1166.7074;0.00044107437;-0.004426576;0.0;0.123143196;0.123143196;0.0;0.0;873.775;3286.9822;-1306.3595;4210.9756;-1.6038889;119.62334
1956-01-03;-6.6224937;-19.108622;-16.98961;746.4848;0.9987469;194.23553;100.0;0.2778348;241.01886;1153.6865;0.00086426723;-0.012502074;0.0;0.122487545;0.122487545;0.0;0.0;861.58386;3162.6277;-1141.2106;4356.547;-8.060555;94.46445
1956-01-04;-8.970269;-18.674532;-17.713188;742.8789;1.0987796;22.188494;100.0;0.277846;243.45148;1142.2119;0.0012977853;-0.0052936375;0.0;0.121839345;0.121839345;0.0;0.0;920.93;3302.629;-1292.1095;4095.8586;-2.451111;77.526665
1956-01-05;-9.72144;-17.155642;-17.694105;741.59125;0.9662226;44.018993;100.0;0.277903;245.61229;1132.3242;0.29478073;-0.0012693927;0.0;0.121191144;0.121198595;0.0;0.28245896;878.3028;3077.672;-809.74335;4733.879;0.46888888;35.30111
1956-01-06;-8.603241;-13.130561;-15.535663;744.25336;0.8565907;51.135952;100.0;0.27879855;246.22069;1132.8939;0.51306486;0.014098361;0.0;0.1205802;0.120565295;0.0;0.4973486;817.0772;2850.6956;-759.68445;5000.6187;12.346666;12.037778
1956-01-07;-8.05431;-12.108764;-14.590652;745.52325;0.8556544;50.41177;100.0;0.2793418;247.96352;1127.2787;0.36985236;0.016471371;0.0;0.11993945;0.119931996;0.0;0.36706403;901.05554;3110.5388;-1009.56055;4765.0864;14.375556;10.468889
1956-01-08;-9.644036;-13.920624;-15.175542;743.0007;0.92840964;108.101875;100.0;0.2794042;250.60968;1115.7227;0.01184715;0.010032207;0.0;0.1193136;0.1193136;0.0;0.009000301;828.1311;2792.9534;-1097.2172;4543.1504;9.184444;19.09
1956-01-09;-7.95616;-12.459419;-15.413571;742.2305;0.7525099;206.0478;100.0;0.2794498;253.07225;1105.5502;0.08198023;0.013930723;0.0;0.11870265;0.11870265;0.0;0.0798367;963.13666;3178.8423;-963.80225;4737.286;12.406667;14.42
1956-01-10;-7.0821204;-8.170692;-12.06037;742.4753;0.66711754;183.76424;100.0;0.28218803;250.54425;1126.6276;4.3290644;0.023841858;0.0;0.1180917;0.1180917;0.0;4.323136;521.2894;1788.4011;99.922775;6422.7295;19.301111;-36.782223
1956-01-11;-8.201375;-9.842366;-9.524932;742.74585;0.73664373;137.28465;100.0;0.28492618;249.78416;1141.7236;1.0216773;-0.02310425;0.0;0.117480755;0.117488205;0.0;1.0190047;782.2622;2793.5632;-797.455;5451.6567;-16.454445;-77.82445
1956-01-12;-9.690075;-14.811978;-10.606286;740.6335;0.88562804;51.08073;100.0;0.2851415;253.27342;1126.8717;0.09222819;-0.05769357;0.0;0.11688471;0.11688471;0.0;0.08878857;834.7244;2917.9612;-1006.45276;5049.742;-43.124443;-88.33111
1956-01-13;-10.586613;-14.232753;-12.1495905;740.094;1.3323156;27.326996;100.0;0.28522918;256.43848;1113.1592;0.056554902;-0.016356818;0.0;0.11628866;0.11628866;0.0;0.052724034;876.3239;3014.0557;-1116.6422;4760.41;-10.9366665;-44.18889
1956-01-14;-10.312486;-13.756542;-12.334603;741.6929;1.5993882;25.99618;100.0;0.28587985;258.35156;1107.1777;1.5604407;-0.032305717;0.0;0.115692616;0.115700066;0.0;1.5573465;701.57947;2374.1467;-700.16614;5292.0435;-24.083334;-11.306666
1956-01-15;-10.356933;-14.586694;-12.561526;742.24835;1.1442374;23.965616;100.0;0.28686103;259.6608;1105.7535;0.020386972;-0.023925677;0.0;0.11512637;0.11511147;0.0;0.019140542;1005.8972;3423.061;-1353.5706;4463.195;-16.622223;-57.265556
1956-01-16;-12.552738;-17.714537;-13.976111;744.7642;1.0306369;28.724134;100.0;0.2869623;261.9922;1096.232;0.1813819;-0.05259365;0.0;0.114530325;0.114537776;0.0;0.17755851;755.86224;2520.5366;-1030.1017;4710.8574;-39.693333;-45.468887
1956-01-17;-11.260364;-19.631195;-16.276743;745.5107;0.9975357;118.13734;100.0;0.28701362;264.07193;1087.6465;1.4901161e-05;-0.024111941;0.0;0.11396408;0.11396408;0.0;1.4901161e-05;1062.7855;3475.5334;-1469.8911;3985.262;-16.868889;13.918889
1956-01-18;-11.094616;-20.592323;-17.310707;746.5799;1.0827781;55.577427;100.0;0.28701222;265.9629;1079.6713;0.0017222702;-0.025018118;0.0;0.11339784;0.11339784;0.0;0.0;1125.8184;3605.3633;-1427.9556;4001.6516;-17.483334;25.454445
1956-01-19;-9.548318;-18.738413;-18.032206;748.64746;1.1411852;89.062775;100.0;0.28702295;267.68002;1072.6725;0.00043511385;-0.007370487;0.0;0.11283159;0.11283159;0.0;0.0;1192.7816;3740.889;-1493.9595;3893.0188;-3.7455556;71.86889
1956-01-20;-7.7043304;-20.45273;-18.168623;749.3836;1.1607562;49.370148;100.0;0.28703287;269.29623;1066.2435;0.0017106531;-0.021129847;0.0;0.11228025;0.1122728;0.0;0.0;1236.4312;3799.601;-1380.9205;4055.3555;-14.372222;101.507774
1956-01-21;-5.4807334;-15.430345;-16.072739;750.6436;1.131462;24.658577;100.0;0.2870637;270.98276;1059.7738;0.22039115;-0.011434779;0.0;0.111714005;0.111721456;0.0;0.09370968;1134.0612;3415.8867;-790.16;5052.4824;-6.8;66.86
1956-01-22;-5.212036;-11.087494;-13.266133;749.4841;0.95717597;55.96286;100.0;0.28753626;272.5088;1055.9896;0.24519265;0.0039134175;0.0;0.11117756;0.11117011;0.0;0.24171174;1208.7239;3612.6577;-1137.77;4845.4263;5.32;13.897778
1956-01-23;-6.753611;-10.511394;-12.782735;747.9824;0.9601019;76.637924;100.0;0.28760457;274.7477;1047.8109;0.0014662741;0.007690862;0.0;0.11062622;0.11062622;0.0;0.00013038516;1258.2633;3689.0557;-1365.7433;4555.289;8.1866665;-11.16
1956-01-24;-8.080444;-12.907895;-12.686961;747.5157;1.0171127;45.363262;100.0;0.28763;277.0153;1039.2252;0.0010669231;-0.00926666;0.0;0.11008978;0.11008978;0.0;0.00021606684;1277.1189;3674.7012;-1386.5261;4539.095;-4.878889;-20.777779
1956-01-25;-8.149381;-15.705688;-13.07405;749.5982;1.1323544;43.329655;100.0;0.28763726;279.1852;1031.0873;0.0037383689;-0.038759783;0.0;0.10955334;0.10955334;0.0;0.0020191073;1344.3528;3795.561;-1552.2822;4290.0605;-27.567778;-14.7722225
1956-01-26;-5.631901;-17.152166;-13.9891615;749.40625;0.8027535;205.69606;100.0;0.28763422;281.17056;1023.6409;0.0004351138;-0.03860332;0.0;0.109016895;0.109016895;0.0;0.0;1348.7217;3738.8667;-1532.7245;4247.51;-27.493334;33.871113
1956-01-27;-6.118673;-12.856845;-13.669076;744.04126;0.60484964;236.86523;100.0;0.28784454;282.5853;1018.5954;2.3231456;-0.03443286;0.0;0.108495355;0.108495355;0.0;2.2552981;1399.1289;3809.601;-1103.89;4837.157;-24.644444;-27.577778
1956-01-28;-7.2055564;-8.102112;-10.579343;737.354;0.6431795;189.36415;100.0;0.30918217;248.78676;1241.333;28.466076;0.020802952;0.0;0.107973814;0.107981265;0.0;28.458525;281.92722;1160.2023;96.937775;6471.668;16.653334;-18.423334
1956-01-29;-7.3172812;-8.242966;-8.136967;737.8747;1.0664159;187.3587;100.0;0.33360514;224.09047;1485.3516;38.11309;-0.0085849315;0.0;0.107467175;0.107474625;0.0;38.102764;349.24777;1494.6766;-29.971666;6503.1006;-6.053889;-83.685555
1956-01-30;-8.4797735;-10.011604;-7.046734;733.2339;1.6344595;198.20923;100.0;0.38735327;197.13832;1960.9375;37.398144;-0.16937964;0.0;0.106975436;0.106967986;0.0;37.39345;445.225;1941.2289;-192.83556;6310.0366;-132.03667;-263.20334
1956-01-31;-13.451802;-15.308843;-10.3006315;736.487;1.643044;214.96654;100.0;0.40238944;200.35805;2011.5153;2.3935952;-0.080406666;0.0;0.1064688;0.1064688;0.0;2.387993;853.9267;3686.84;-1232.9534;4690.8896;-61.514446;-231.38
1956-02-01;-12.947022;-15.059606;-13.174427;742.9953;0.7775968;272.42496;100.0;0.4050772;206.19041;1966.39;2.8559148;-0.024713576;0.0;0.10597706;0.10596961;0.0;2.850093;577.5461;2438.5488;-591.1836;5272.126;-18.386667;-115.82667
1956-02-02;-9.055411;-10.494071;-11.891915;745.7012;0.9078261;258.6889;100.0;0.40863562;210.64711;1941.7318;3.4550726;0.02076663;0.0;0.10547042;0.10548532;0.0;3.4531727;458.26056;1916.6139;-192.78778;5969.3066;17.074444;-41.70889
1956-02-03;-8.101532;-10.346062;-10.300828;744.885;0.8364715;217.37386;100.0;0.41007328;218.22133;1881.5104;1.04402;-0.023245811;0.0;0.10499358;0.10500103;0.0;1.0369904;832.60944;3410.669;-694.2986;5526.488;-15.775556;-104.67889
1956-02-04;-6.4279466;-9.024486;-10.291005;747.6978;1.1639665;212.92186;100.0;0.41097942;225.958;1820.8822;0.83409965;-0.012516975;0.0;0.10448694;0.10450184;0.0;0.828512;948.0722;3817.4878;-955.2978;5170.608;-7.187778;-55.265556
1956-02-05;-5.5450935;-6.906507;-8.302429;748.39703;1.0639995;209.24312;100.0;0.4173685;229.95961;1814.8193;12.026328;0.004163943;0.0;0.10402501;0.104017556;0.0;11.541784;502.43;2042.5945;-174.83417;6370.733;4.442222;-63.27111
1956-02-06;-4.1706443;-6.556193;-6.6992745;742.71906;0.71761584;192.51442;100.0;0.43044963;230.50877;1865.8041;23.364985;-0.02793409;0.0;0.10353327;0.10354072;0.0;22.204947;864.6778;3636.4666;-512.4114;6093.102;-18.886667;-111.253334
1956-02-07;-5.7118125;-7.207733;-4.4643593;734.8156;1.0641855;196.66881;100.0;0.4719247;218.97655;2151.9368;35.59718;-0.17374846;0.0;0.10305643;0.10306388;0.0;35.118767;502.86945;2191.5767;-296.6378;6469.979;-134.87778;-211.21666
1956-02-08;-7.67409;-9.477572;-5.6742415;737.8408;1.130191;191.94482;100.0;0.49876538;217.29848;2294.7185;20.785866;-0.17649308;0.0;0.102609396;0.102594495;0.0;20.781712;621.2428;2692.828;-457.15778;6129.154;-136.79222;-261.8
1956-02-09;-8.551255;-11.556739;-7.48469;740.8469;1.3918728;189.59297;100.0;0.5140917;220.52179;2333.5774;8.521694;-0.15861821;0.0;0.10213256;0.10212511;0.0;8.498933;891.05554;3854.0244;-845.31665;5499.34;-121.71333;-177.48
1956-02-10;-9.55174;-11.8124;-8.860901;739.7663;0.9569381;193.22351;100.0;0.52366847;225.39093;2325.4395;8.528339;-0.06681029;0.0;0.10165572;0.10166317;0.0;8.517638;720.41223;3085.9055;-781.8125;5442.05;-50.627777;-161.26111
1956-02-11;-11.27106;-13.814998;-10.878369;743.8538;0.96882826;155.59062;100.0;0.5267992;233.31117;2261.3525;0.21684632;-0.046034344;0.0;0.101193786;0.101201236;0.0;0.2129823;1038.9678;4389.711;-1518.3214;4352.6196;-33.286667;-164.95555
1956-02-12;-8.645195;-21.346594;-15.215898;747.8347;1.0915805;55.533756;100.0;0.52684027;240.2246;2195.8008;0.0017236889;-0.058978796;0.0;0.10073185;0.1007393;0.0;0.0;1163.4734;4781.6406;-1617.2714;3877.589;-42.45222;6.078889
1956-02-13;-6.474252;-20.893425;-16.46882;748.8083;1.0226799;94.04502;100.0;0.5268292;245.29523;2149.9836;0.0008611491;-0.053874217;0.0;0.100284815;0.100277364;0.0;0.0;1186.7789;4749.1187;-1296.2295;4250.6567;-38.42889;33.503334
1956-02-14;-4.025167;-18.74054;-14.632726;748.9909;0.76645374;247.13997;100.0;0.5268297;250.16698;2108.195;0.1774311;-0.061518513;0.0;0.09982288;0.09982288;0.0;0.16092882;1074.9589;4191.6113;-737.4767;5180.258;-44.48722;9.466666
1956-02-15;-3.6773376;-6.985728;-11.165982;747.86676;0.68485284;257.71548;100.0;0.52909046;254.3753;2081.787;2.8692908;0.023757108;0.0;0.099375844;0.099375844;0.0;2.6439466;821.26556;3180.078;-188.3511;6212.83;20.524445;-33.1
1956-02-16;-3.3714294;-8.159515;-7.659312;746.79083;0.63082576;226.08473;100.0;0.5346942;258.2067;2072.7947;4.6152773;-0.05111657;0.0;0.09894371;0.09892881;0.0;4.5449734;785.7111;3156.3354;-622.3028;5887.93;-37.065556;-79.62111
1956-02-17;-2.5326538;-12.764313;-7.5838013;747.58057;0.60915625;268.41034;100.0;0.53566337;265.39322;2021.0367;0.03466162;-0.10370556;0.0;0.098481774;0.098489225;0.0;0.030048192;1156.3794;4574.141;-1148.5383;5268.249;-76.492226;-87.21222
1956-02-18;-2.6128337;-7.7064004;-7.684658;747.521;0.8576364;99.434906;100.0;0.5356776;272.3955;1968.9941;0.031024218;-0.025059097;0.0;0.09804219;0.09804219;0.0;0.027168542;1053.195;4058.8188;-1076.4133;5331.3477;-15.973333;-62.56
1956-02-19;-2.604065;-6.9182944;-8.491246;746.7876;0.799392;177.36371;100.0;0.53570986;278.57455;1925.0082;0.0024160654;-0.02458319;0.0;0.097602606;0.097602606;0.0;0.00062584877;1304.0684;4904.1577;-1365.5244;4906.471;-14.9377775;-70.61
1956-02-20;-3.1459656;-3.991872;-7.0012;742.95856;0.88075227;212.15521;100.0;0.5400633;281.37173;1919.3522;12.184361;0.015188009;0.0;0.09718537;0.09717792;0.0;11.440277;529.7411;2008.4567;36.146667;6780.7065;12.965555;-63.90222
1956-02-21;-2.9206746;-3.3931172;-3.7446086;742.53125;1.2059013;206.85732;100.0;0.5559619;277.77798;2002.1566;10.2967415;-0.05272869;0.0;0.09675324;0.09676069;0.0;9.457096;548.8611;2289.7117;-115.66417;6874.6074;-39.690556;-146.77
1956-02-22;-4.583689;-5.7294717;-3.254542;744.8992;1.2323118;220.39899;100.0;0.5611012;283.42383;1981.893;2.0883605;-0.17998087;0.0;0.09633601;0.09633601;0.0;1.9656681;939.5511;3844.091;-833.37445;5954.959;-137.94945;-234.47778
1956-02-23;-5.180491;-6.580831;-4.042563;742.58203;0.8700282;235.36803;100.0;0.5622895;290.26138;1939.0869;1.6655207;-0.18281862;0.0;0.095911324;0.095911324;0.0;1.6430392;940.95447;3720.199;-721.6872;6034.8667;-140.25444;-225.76334
1956-02-24;-7.2070518;-8.876987;-5.117607;738.75244;0.77928966;109.63918;100.0;0.57130206;287.62924;1985.5143;18.51292;-0.15559606;0.0;0.09550154;0.09550154;0.0;18.50764;381.6378;1537.1528;-430.8689;6169.4653;-121.405556;-167.91695
1956-02-25;-8.212612;-12.304188;-7.6670127;743.5163;0.9374597;155.97264;100.0;0.581675;283.1416;2056.1116;1.084137;-0.115467235;0.0;0.09508431;0.09509176;0.0;1.0714755;1223.3022;5178.695;-1417.9539;4770.1377;-86.064445;-197.52222
1956-02-26;-7.9696045;-13.364475;-9.257919;746.6897;0.65955734;147.5036;100.0;0.5834579;286.0127;2041.5039;0.86413324;-0.0994727;0.0;0.09466708;0.09467453;0.0;0.8601472;1280.3384;5328.1533;-1450.4539;4617.6963;-73.113335;-191.42
1956-02-27;-6.049581;-8.629257;-9.484981;744.62225;0.8707648;210.93402;100.0;0.5839259;290.34018;2012.6139;1.3646692;-0.051463023;0.0;0.094264746;0.094257295;0.0;1.3600588;1133.3256;4582.592;-651.9889;5723.3267;-36.677776;-166.78778
1956-02-28;-5.51177;-6.277588;-7.050409;737.12964;0.8160968;194.84978;100.0;0.6034951;278.85547;2161.377;39.692932;-0.00016763806;0.0;0.093862414;0.093862414;0.0;39.5834;369.55276;1565.4;-14.810555;6652.202;0.6388889;-64.03667
1956-02-29;-7.260343;-8.643285;-5.951721;734.59344;1.1107519;206.94379;100.0;0.633769;264.7412;2394.2463;9.748716;-0.14003925;0.0;0.09346008;0.09346753;0.0;9.737384;1020.4489;4436.1123;-750.545;5830.2505;-106.35111;-302.62112
1956-03-01;-7.6663527;-10.537021;-6.8546104;741.2574;0.9780803;144.86421;100.0;0.6379762;270.70084;2358.968;1.6455599;-0.19514747;0.0;0.09305775;0.0930652;0.0;1.6359054;1132.2256;4831.593;-1093.7583;5278.34;-149.02667;-275.88666
1956-03-02;-6.270321;-10.644923;-8.498393;740.8674;0.6531182;166.81625;100.0;0.63850874;277.8776;2299.9268;0.09592366;-0.076575205;0.0;0.09267032;0.09266287;0.0;0.09335205;1156.2583;4814.387;-1331.9573;4867.471;-55.77;-162.68944
1956-03-03;-6.5000877;-7.9913583;-8.759021;740.6834;0.8896281;220.77858;100.0;0.6428146;280.58496;2290.446;11.151893;-0.026738271;0.0;0.09226799;0.09226799;0.0;11.142854;640.9511;2629.8;-115.19111;6377.901;-19.34111;-128.59222
1956-03-04;-6.2350564;-7.2230735;-6.362232;741.1528;1.3909421;200.2282;100.0;0.6587917;275.7816;2385.5388;31.168003;-0.12651831;0.0;0.09188056;0.09188801;0.0;31.137794;773.22363;3271.0142;-182.62833;6514.525;-96.867775;-280.59473
1956-03-05;-4.3357644;-5.7219033;-4.7803307;743.82074;0.8718262;235.37901;100.0;0.7001777;257.39517;2719.9707;17.539;-0.094898045;0.0;0.09150803;0.09150803;0.0;17.52916;1004.2058;4394.9746;-586.8172;6233.9893;-70.132225;-221.13167
1956-03-06;-3.4518025;-9.73254;-5.495552;747.41284;1.0019869;149.87329;100.0;0.7027044;268.57974;2619.9138;0.0033855438;-0.1433529;0.0;0.0911057;0.0911057;0.0;0.0025331974;1363.3036;5796.44;-1625.6339;4815.641;-105.19778;-169.15666
1956-03-07;-2.099528;-13.351455;-7.8387923;744.50854;0.75617075;140.16884;100.0;0.7032092;277.42154;2536.1328;5.791246;-0.13747811;0.0;0.09070337;0.09071082;0.0;5.5219045;1437.734;5945.7744;-1127.5011;5266.7534;-100.84889;-111.67555
1956-03-08;-2.9304912;-3.8053768;-4.7043877;741.9531;0.88384503;188.17159;100.0;0.7247221;273.348;2650.7976;18.866982;-0.044832006;0.0;0.09033084;0.09032339;0.0;17.68978;842.3037;3644.1646;-311.525;6599.4937;-31.87889;-164.9611
1956-03-09;-3.2946396;-4.895265;-3.7931328;746.94305;0.9835081;160.48392;100.0;0.72924227;282.69174;2583.13;0.20498037;-0.13655052;0.0;0.08994341;0.08994341;0.0;0.18416345;1297.6394;5374.3223;-1260.4039;5457.991;-101.412224;-223.96445
1956-03-10;-2.7566528;-12.553105;-5.1620994;747.20416;0.851389;168.94981;100.0;0.72923833;292.25552;2497.9656;0.6783573;-0.20769611;0.0;0.08955598;0.08956343;0.0;0.62734634;1456.9634;5768.968;-1347.8027;5225.03;-155.16888;-181.16556
1956-03-11;-2.7345886;-5.0315475;-4.5470505;745.7531;0.7282145;234.05884;100.0;0.7314174;299.13217;2447.9167;2.330038;-0.13134629;0.0;0.08918345;0.089176;0.0;1.7303228;1135.542;4410.479;-540.85333;6336.769;-98.46889;-205.30055
1956-03-12;-3.8340504;-5.1377945;-3.1930287;742.4824;0.8321774;181.58118;100.0;0.7365198;304.40103;2420.8577;10.135537;-0.16931164;0.006698072;0.09551644;0.08881092;0.037902966;9.549912;842.3164;3211.4202;-504.285;6434.088;-129.84389;-219.4075
1956-03-13;-3.1325328;-10.992276;-4.0395446;748.31525;1.0559665;140.78056;100.0;0.74194103;308.84473;2405.2734;0.015124678;-0.26916528;0.0;0.08843839;0.08843094;0.0;0.013202429;1557.7811;6183.3335;-1619.09;4966.9517;-203.07889;-253.87889
1956-03-14;-0.7262268;-12.00633;-5.507177;747.2705;0.85743624;157.60854;100.0;0.74183017;315.5537;2353.6785;0.0012893233;-0.19380637;0.0;0.08805096;0.08805096;0.0;0.0;1522.4109;5808.0913;-1401.2297;5167.8477;-144.03111;-127.165
1956-03-15;-3.2539062;-7.77181;-5.913778;741.6692;1.3287969;206.76598;100.0;0.7422323;320.9375;2315.4705;1.975883;-0.22689253;0.0;0.08767843;0.08767843;0.0;1.8020421;1593.2659;5864.7793;-1106.5497;5531.3564;-172.00778;-197.41028
1956-03-16;-5.0354004;-6.5226235;-4.7041373;739.7326;1.0175288;170.19966;100.0;0.75111836;319.49902;2350.9521;22.02436;-0.18988363;0.0;0.087320805;0.087320805;0.0;21.701336;931.17017;3450.2124;-494.66055;6290.3677;-146.1;-245.25
1956-03-17;-7.3226724;-9.556132;-5.368988;737.2832;0.8818441;215.19342;100.0;0.76981574;309.71777;2488.2;4.7893267;-0.22917986;0.0;0.08696318;0.08696318;0.0;4.7790484;1239.4802;5260.4355;-1100.9233;5406.238;-175.25444;-357.81668
1956-03-18;-6.99941;-10.285268;-6.673056;740.5908;0.8592364;106.13227;100.0;0.77090263;314.79004;2452.3113;0.104129314;-0.1893118;0.0;0.08660555;0.08660555;0.0;0.10020286;1478.711;6099.8857;-1381.9244;5007.493;-142.31555;-296.7611
1956-03-19;-6.162852;-9.318667;-6.994789;743.4538;0.8730913;133.19505;100.0;0.7709098;319.90494;2412.7197;0.37739673;-0.22944063;0.0;0.08624792;0.08624792;0.0;0.37190318;1325.1289;5306.6377;-816.29553;5708.3267;-174.6811;-273.0539
1956-03-20;-4.7394004;-5.939625;-5.805158;742.02954;0.674102;153.53195;100.0;0.7748928;321.20605;2414.3066;5.4168406;-0.09936467;0.0;0.085905194;0.085905194;0.0;5.3793936;794.4389;3220.573;-280.57;6481.565;-75.30666;-182.59666
1956-03-21;-4.477234;-6.632253;-4.8364463;743.3638;0.78446037;135.4067;100.0;0.7765835;325.458;2388.794;0.041991472;-0.20293427;0.0;0.08556247;0.08555502;0.0;0.034801662;1508.5961;6056.6772;-1145.0414;5545.7573;-152.78;-308.46445
1956-03-22;-4.2432656;-7.8948364;-4.930411;741.8078;0.9389336;135.42476;100.0;0.77659446;330.71094;2350.5452;1.1436522;-0.22719614;0.0;0.08520484;0.08519739;0.0;1.0579079;1672.5906;6507.4526;-1184.8245;5524.683;-170.67778;-292.41888
1956-03-23;-7.389109;-9.457104;-5.093184;736.4528;0.97955513;186.76582;100.0;0.786187;326.3893;2408.8948;10.544384;-0.28299725;0.0;0.08484721;0.08484721;0.0;10.519229;1211.3395;5037.3433;-1086.94;5457.903;-217.735;-376.47943
1956-03-24;-9.315639;-12.6755495;-7.2661653;739.11676;0.659288;99.66338;100.0;0.7894201;327.65952;2410.6853;2.1215658;-0.26077032;0.0;0.084504485;0.084511936;0.0;2.117481;1314.7955;5365.933;-1123.7683;5188.54;-200.05556;-376.8736
1956-03-25;-8.800902;-10.895152;-7.9255767;740.10913;1.0743722;158.55013;100.0;0.7924838;328.08658;2416.219;5.5262327;-0.21986663;0.0;0.08416176;0.08416921;0.0;5.514048;1382.005;5614.496;-768.57275;5650.0737;-168.18889;-399.21335
1956-03-26;-8.601588;-11.4536705;-7.568901;740.11786;0.8040785;112.95376;100.0;0.8005629;322.39648;2483.6426;7.1227074;-0.16727857;0.0;0.083848834;0.08383393;0.0;7.093243;1202.5039;5026.177;-1183.405;5156.783;-127.08222;-305.90027
1956-03-27;-8.945714;-14.047752;-10.029075;740.4744;0.9268201;137.13585;100.0;0.80310243;324.01334;2480.7537;0.004160971;-0.1372518;0.0;0.08350611;0.08349866;0.0;0.0024475157;1714.7628;7087.0054;-1829.4761;4122.5713;-101.32222;-288.36
1956-03-28;-6.849443;-11.741712;-10.545204;738.6907;0.7744095;109.146065;100.0;0.80344075;327.19174;2456.9905;2.247104;-0.077473;0.0;0.08317828;0.08317083;0.0;2.243407;1529.5061;6158.4946;-932.4325;5315.602;-59.016666;-240.36555
1956-03-29;-6.230105;-7.6401467;-7.962526;733.68;1.0338479;153.90012;100.0;0.81138057;323.55338;2506.836;15.683714;-0.05734898;0.0;0.08286536;0.08285791;0.0;15.663814;776.34;3166.4822;-164.23778;6450.5566;-44.427776;-189.84555
1956-03-30;-9.158443;-11.20151;-6.858958;733.72943;1.3733864;188.65092;100.0;0.8323943;310.00845;2684.4075;14.600635;-0.21665916;0.0;0.08255243;0.08255243;0.0;14.583044;1088.6067;4711.776;-884.9622;5557.251;-169.25555;-409.12112
1956-03-31;-11.541087;-16.68529;-9.212414;739.86334;0.7187128;158.54773;100.0;0.8370709;311.11523;2692.749;0.7717788;-0.24509616;0.0;0.08225441;0.08225441;0.0;0.76663494;1445.1766;6133.116;-1367.8767;4694.3823;-191.09778;-459.77444
1956-04-01;-8.474414;-15.355855;-11.619614;747.82635;0.9190871;227.73993;100.0;0.8373634;315.1979;2658.61;0.0;-0.06062165;0.0;0.081941485;0.081941485;0.0;0.0;1795.789;7443.6377;-1903.9469;3933.5994;-45.47889;-264.28638
1956-04-02;-5.838472;-10.958214;-11.689472;747.6773;0.8858621;195.73003;100.0;0.83777636;318.73764;2630.2898;1.1699975;-0.037485734;0.0;0.08162856;0.08162856;0.0;1.1609793;1576.2877;6361.363;-1141.2389;4986.3823;-27.62889;-193.29277
1956-04-03;-4.6533303;-7.9860435;-9.107341;744.128;0.63299036;148.74518;100.0;0.8398385;321.51822;2613.6067;3.021258;-0.08770265;0.0;0.08133054;0.08133054;0.0;2.8251224;1287.22;5130.8633;-528.7133;6001.1323;-67.22889;-234.76389
1956-04-04;-3.4135742;-6.199819;-6.626078;741.88477;0.8483506;93.22291;100.0;0.8483014;320.95767;2642.2932;15.79833;-0.05576946;0.0;0.08100271;0.081032515;0.0;14.792155;989.445;4070.6833;-537.69775;6142.9033;-42.634445;-165.63
1956-04-05;-3.534729;-5.551758;-5.3632407;741.9212;0.8081367;195.9207;100.0;0.8613779;318.3099;2708.0078;4.452857;-0.077687204;0.0;0.08073449;0.08073449;0.0;4.083775;1414.7911;6010.484;-950.74835;5743.882;-59.17889;-305.5772
1956-04-06;-1.9899698;-4.860952;-4.472921;745.9808;0.9395537;212.37549;100.0;0.86265606;324.37793;2662.1501;0.013935566;-0.08492544;0.0;0.08043647;0.08043647;0.0;0.012721866;1745.5834;7162.5234;-1340.0072;5432.947;-63.993332;-334.58554
1956-04-07;-0.7235616;-2.742818;-3.7534435;747.658;1.1447531;264.08688;100.0;0.86277866;330.99902;2609.4563;0.1866281;-0.040514395;0.0;0.080138445;0.080138445;0.0;0.092603266;1596.6812;6248.4463;-977.6714;5869.171;-29.43;-230.40167
1956-04-08;1.0695496;-3.751648;-2.276914;747.38214;0.95768684;178.91792;100.0;0.8623807;337.95932;2555.0537;0.03941655;-0.1107594;0.056818128;0.13664365;0.07984042;0.83506477;0.0005438924;1926.7012;7203.5405;-1312.6075;5691.241;-83.39222;-273.90112
1956-04-09;-0.05952962;-2.3681946;-1.5004501;747.6423;1.0571287;273.42352;100.0;0.86117345;345.18686;2498.2502;0.11855364;-0.1625903;0.11114031;0.19069016;0.07954985;1.405457;0.00029802322;2043.8177;6949.402;-1327.2103;5687.754;-124.414444;-306.33667
1956-04-10;-0.015716553;-2.310323;-0.6831004;746.4504;0.74044174;182.79895;100.0;0.86364275;352.8496;2450.5615;12.3760805;-0.10981038;0.49333274;0.572592;0.079251826;0.9273943;1.1123791;1360.2916;4058.909;-584.4964;6558.8423;-80.861115;-169.11111
1956-04-11;-0.8945821;-1.2391968;-0.014135997;745.43134;1.1577799;201.67638;100.0;0.87708884;354.03452;2477.7424;33.33088;-0.12163166;1.4934987;1.5724599;0.07896125;0.7215626;18.087234;188.72722;589.9372;-5.4897223;7235.3994;-95.21111;-123.06333
1956-04-12;-1.6284689;-7.192295;-0.21279399;747.20825;0.90343934;103.477455;100.0;0.8841966;355.02344;2493.2048;0.06695092;-0.55842286;0.19606948;0.2747327;0.07865578;1.8120259;0.06618351;2285.4504;7709.2593;-2016.8064;4942.3105;-423.17444;-338.12112
1956-04-13;-1.5761719;-9.418721;-0.7967784;748.081;1.0250751;72.658134;100.0;0.8830393;362.2207;2440.2668;0.00087566307;-0.5307896;0.0014007092;0.079751015;0.078342855;0.013150275;0.0;2738.2795;7955.347;-2302.3909;4524.238;-400.44666;-272.7322
1956-04-14;-1.1237997;-8.093638;-0.7953949;749.50226;1.0779005;80.95777;100.0;0.88259315;370.05014;2387.5325;0.0005394219;-0.49397165;0.025130808;0.10316819;0.07803738;0.23794547;0.00010803342;3011.3655;7879.27;-2243.9717;4646.7847;-371.68668;-254.66945
1956-04-15;0.42895508;-7.001264;-0.5005951;751.0097;1.114222;62.78465;100.0;0.8812573;378.21255;2332.3162;0.060611963;-0.40257257;0.22169948;0.29942393;0.07772446;2.0716934;0.017452985;2967.551;7207.5767;-1681.0806;5399.93;-299.4811;-207.53223
1956-04-16;1.5735168;-1.6710001;-0.070729576;750.64667;1.1107816;38.60896;100.0;0.8758368;384.56607;2279.4597;7.479423;-0.27283746;1.8281788;1.9056201;0.07742643;10.634925;0.025622547;1899.6034;4376.8228;-523.5761;6851.9155;-204.51334;-146.26056
1956-04-17;1.8294067;0.68885297;0.0027160645;748.595;1.2244394;31.346994;100.0;0.86393946;388.70932;2224.6907;13.52261;-0.11245627;4.3976755;4.4753404;0.07767975;13.729285;0.0041648746;1719.3556;3800.7422;-279.1428;7148.5156;-79.64889;-123.136665
1956-04-18;1.5821127;-1.2753601;-0.05274582;747.8497;0.99254376;64.25593;100.0;0.84756017;392.32324;2162.3535;0.3926754;-0.3744103;4.0486603;4.139006;0.09037554;18.601198;2.9802322e-05;3124.1943;6689.9673;-1166.86;6206.402;-276.14667;-229.96889
1956-04-19;0.16414388;-1.6672668;-0.07659531;747.174;0.9037556;48.704693;100.0;0.8340505;396.25293;2106.6895;7.1838226;-0.27351174;3.7523956;3.8293898;0.0769943;12.296907;0.23303181;2208.9639;4620.138;-829.63165;6462.8887;-203.97;-187.18222
1956-04-20;0.3834839;-1.8916016;-0.12601344;746.8491;1.0588732;87.63387;100.0;0.82010156;400.19662;2051.1882;0.0090433955;-0.5544238;4.020095;4.124701;0.10460615;17.150923;0.0048540533;3564.4834;7377.2246;-1355.6167;5931.9165;-415.90332;-352.9222
1956-04-21;0.8957825;-1.2325134;-0.14767583;746.92236;1.0908058;81.79612;100.0;0.8036179;404.7311;1987.7115;0.0043064356;-0.44166481;4.1553974;4.23184;0.076428056;15.722107;0.0027641654;3332.104;6781.63;-1084.3983;6263.109;-328.02112;-297.6722
1956-04-22;-0.07447306;-1.9337463;-0.11113739;745.91864;1.1723853;74.72529;100.0;0.78665;408.7269;1926.473;0.5646915;-0.5009398;4.918173;5.0580053;0.1398176;16.815155;0.00276044;3164.3271;6356.605;-1032.1877;6293.447;-375.61612;-332.90778
1956-04-23;1.1739401;-4.9533386;-0.18775304;748.73346;1.1438732;74.90839;100.0;0.76980305;412.9756;1865.8854;0.0036597252;-0.6335545;5.156845;5.2910447;0.13419986;17.061409;0.0032298267;3945.0833;7846.8633;-1687.2866;5568.932;-472.81778;-303.96
1956-04-24;4.086416;-3.0702922;-0.15097554;748.4108;1.0086826;127.38273;100.0;0.7520177;417.80957;1801.7578;0.80908835;-0.40121096;6.241098;6.613702;0.37259609;17.975275;0.0;3674.6267;7250.2363;-1289.2006;6118.572;-289.7511;-131.88889
1956-04-25;2.8897603;1.0723673;-0.04511261;744.90497;1.0338694;148.93358;100.0;0.73094434;421.61264;1735.7992;5.9495955;-0.23098476;9.749606;10.693208;0.9435937;22.987299;0.008840114;3565.1394;6989.765;-943.24835;6561.2485;-161.31778;-198.48334
1956-04-26;1.6292318;-1.0234274;-0.060836792;740.7427;0.9141686;200.28517;100.0;0.7075365;423.93555;1670.7764;1.1198372;-0.567995;7.72886;8.974239;1.245372;22.410955;0.0;3730.9077;7282.3257;-1270.8711;6114.76;-425.0611;-304.2789
1956-04-27;0.095062256;-2.3595378;-0.15501912;742.94824;0.94229984;101.42953;100.0;0.6907647;427.5192;1617.1875;0.6775611;-0.54532474;4.6357737;4.720852;0.08508563;13.951441;0.0007301569;3367.5461;6545.914;-1314.3062;5955.0176;-411.04333;-327.43777
1956-04-28;0.19226074;-2.4722188;-0.15480804;743.7964;1.0349013;103.321205;100.0;0.67512125;431.61783;1565.6738;0.3924592;-0.68537146;6.0028734;6.953865;0.95099956;16.376116;0.004462898;3877.1868;7516.035;-1462.5044;5818.9683;-516.82446;-386.67557
1956-04-29;0.012634277;-3.9201355;-0.15570958;741.24115;1.1648147;96.121216;100.0;0.6584502;435.5703;1513.1836;0.06322563;-0.7602973;6.079465;6.9283695;0.8488968;16.510561;0.0013783574;3796.6746;7343.0713;-1444.9512;5830.14;-574.3322;-334.6678
1956-04-30;0.73310345;-2.9863484;-0.1311531;741.88885;1.0652195;46.179382;100.0;0.6419428;439.50552;1461.8326;3.669022;-0.6539449;6.8870335;7.7092648;0.8222312;16.457602;0.5922839;3632.8967;7016.237;-1209.5477;6126.282;-491.62222;-280.09778
1956-05-01;1.4236349;-2.063202;-0.101361595;745.07513;0.9428807;167.38402;100.0;0.62518066;441.94498;1415.8529;0.012087822;-0.701908;7.16798;8.134186;0.9662062;18.820278;0.00083073974;3946.0557;7837.3633;-1494.805;5805.2524;-527.30664;-299.08777
1956-05-02;1.1266174;-1.6773173;-0.09015528;745.64484;1.0456489;189.45598;100.0;0.6071982;445.06802;1365.7227;5.091071;-0.7760525;8.249476;9.348213;1.098752;17.168741;0.48566982;3901.1167;7687.0923;-1254.9528;6122.859;-586.56445;-339.77112
1956-05-03;0.17959595;-2.2447712;-0.06124115;741.5899;1.2274655;160.0551;100.0;0.59515005;443.51303;1342.4886;10.797949;-0.5644076;8.764744;9.5561;0.79137087;13.593463;1.7005913;2606.4917;5625.344;-1064.9658;6193.904;-427.69778;-262.43112
1956-05-04;-1.4217529;-3.4349263;-0.15913136;744.0942;0.9732723;190.48695;100.0;0.58500654;445.20444;1314.3717;5.946617;-0.7037297;4.4073763;4.6779814;0.27061254;10.476779;2.3815389;3315.1484;7084.585;-1330.5538;5884.3623;-534.08057;-461.96335
1956-05-05;-1.5906576;-3.7812195;-0.15143967;747.36786;1.0888941;131.44797;100.0;0.5772676;445.4564;1296.7123;4.039204;-0.6818548;4.1278005;4.4251385;0.29736012;8.878931;0.6983541;3028.3938;7006.844;-1369.1812;5804.0063;-516.415;-410.1111
1956-05-06;-1.286326;-3.127065;-0.15509288;747.1812;1.0142258;130.4811;100.0;0.56872755;447.9147;1270.3451;6.2890825;-0.65500385;5.639896;6.747618;1.1077151;9.957437;1.3415217;3057.5217;6946.1387;-1092.0762;6164.79;-495.765;-443.24445
1956-05-07;-1.4995422;-3.0970867;-0.102324165;746.18304;0.9838663;98.73867;100.0;0.5604134;448.29688;1250.5289;5.030322;-0.6194813;4.2852163;4.710823;0.42559206;9.360023;1.6369448;2825.2896;6576.3047;-1089.4362;6164.8135;-469.19223;-449.19556
1956-05-08;-0.8743286;-3.164734;-0.11890793;746.9589;1.05833;87.93507;100.0;0.5514318;449.4691;1227.6205;2.790496;-0.59169346;4.3532104;5.148649;0.7954091;10.068115;0.13320893;2996.014;7025.6646;-1265.2916;5964.431;-445.13556;-374.75
1956-05-09;0.6835225;-2.9795024;-0.14540608;747.85767;1.0333866;105.02735;100.0;0.5397805;449.9961;1200.3988;0.7456273;-0.64499676;4.865803;5.454093;0.58828294;13.107568;0.0055674464;3501.88;7883.783;-1637.63;5571.484;-482.28946;-273.12
1956-05-10;1.842753;-1.5822653;-0.14296341;749.1303;1.0633312;101.083374;100.0;0.5246154;450.0;1166.8701;0.4061371;-0.55226314;6.759748;8.274078;1.514323;16.340061;0.0011920929;3654.155;7930.1177;-1359.735;5978.0234;-408.03;-289.40887
1956-05-11;2.5930583;-1.6535441;-0.12009684;748.51105;1.1582015;98.19635;100.0;0.5058982;450.0;1125.1627;0.098664165;-0.551939;7.23882;8.183614;0.9448156;19.519821;0.0001937151;3792.895;8003.378;-1475.7783;5858.799;-406.7189;-245.16
1956-05-12;2.954295;-3.239278;-0.17426427;747.48505;1.5814033;126.87695;100.0;0.48878613;450.0;1087.0768;1.5149593;-0.7936377;6.8851113;8.137584;1.2524873;15.290655;0.0;3666.89;7572.229;-1586.8828;5666.605;-597.7711;-104.96555
1956-05-13;5.5490823;-0.9137166;-0.18948364;751.8775;0.9923539;191.0793;100.0;0.47067666;450.0;1047.1191;0.0;-0.37546176;8.01751;9.190857;1.1733323;19.928514;0.0;4258.4854;8653.604;-1994.86;5313.2134;-265.89667;-121.77
1956-05-14;5.9072266;-2.8183696;-0.19255066;751.58453;1.091494;81.844696;100.0;0.4506935;450.0;1002.31934;0.00084877934;-0.40201843;8.69596;11.100843;2.404891;19.938074;0.0;4394.141;8815.871;-2132.838;5170.19;-285.9211;-90.57889
1956-05-15;6.262339;-1.5625204;-0.16388194;750.9372;1.1381916;119.73035;100.0;0.429178;450.0;954.834;0.00085532654;-0.40187407;9.434968;11.741817;2.3068337;22.451612;0.0;4309.86;8561.754;-1725.5645;5689.1562;-285.53778;-98.61667
1956-05-16;6.4591775;0.58309937;-0.1401418;750.1895;1.0177053;195.41582;100.0;0.40493372;450.0;901.0417;0.025394559;-0.3251275;10.906637;13.4427395;2.5361032;25.005125;0.0;4285.3267;8446.639;-1640.9678;5768.4453;-226.32222;-122.62889
1956-05-17;5.6952615;0.41763306;-0.15244801;750.16864;1.0393313;234.80518;100.0;0.3809005;450.0;847.49347;0.013750792;-0.41408557;9.957314;13.052135;3.0948296;23.461342;0.0;4334.5903;8491.309;-1672.6862;5744.6167;-296.19888;-145.82222
1956-05-18;5.0394287;-0.40578207;-0.15353139;749.76025;1.1467186;163.65991;100.0;0.35687482;450.0;794.3115;0.028520823;-0.49454626;10.3031845;14.103547;3.8003473;23.93322;0.00019744039;4201.302;8191.74;-1455.3234;5940.0757;-359.055;-177.31667
1956-05-19;4.705485;-2.8944194;-0.1868871;747.27026;1.3352455;247.33812;100.0;0.33395863;450.0;743.16406;0.0;-0.76141673;8.926884;13.45262;4.5257063;21.508675;0.0;4392.5273;8533.051;-1791.4005;5532.2554;-569.25775;-115.51111
1956-05-20;2.8682454;-3.8433635;-0.25185904;748.27124;1.0528349;128.08934;100.0;0.3138275;450.0;698.40497;0.061902408;-0.71815866;7.919595;13.757288;5.8376937;19.079462;0.0;4481.5884;8682.33;-1979.5616;5320.9688;-535.7883;-205.47223
1956-05-21;3.196635;-2.7443542;-0.24614334;750.14056;1.1276156;71.43902;100.0;0.29353917;450.0;653.4831;0.3763169;-0.40997005;8.574351;15.029222;6.45487;20.46907;0.0;3950.4905;7634.2734;-1555.7961;5796.069;-294.97;-158.40666
1956-05-22;5.8096824;-3.1575928;-0.23794429;752.1867;1.0970176;101.881966;100.0;0.27047786;450.0;602.5798;0.0;-0.43544826;11.071652;19.453869;8.382223;24.80695;0.0;4468.3916;8620.379;-1690.6206;5703.4688;-309.93832;-129.87778
1956-05-23;5.599182;0.13499959;-0.20995839;750.52856;1.2655116;103.977844;100.0;0.24492939;450.0;545.6543;2.3823829;-0.3501382;12.514532;22.34052;9.82599;25.573503;0.0;4066.439;7834.1367;-1334.2861;6103.5176;-247.48778;-103.20333
1956-05-24;6.11204;0.80410767;-0.21281052;748.92847;1.1543618;134.19897;100.0;0.21886165;450.0;487.71158;0.0012367963;-0.33410823;11.702746;22.898928;11.196181;26.482914;0.0;4280.529;8237.686;-1424.5756;6034.5283;-232.57333;-125.69444
1956-05-25;5.3439126;0.5289714;-0.21723683;746.00507;1.3568152;110.49822;100.0;0.19205125;450.0;428.0599;0.39862096;-0.35577548;11.408255;24.875105;13.46685;26.645876;0.0;4100.6025;7885.2266;-1342.4878;6100.5977;-251.33444;-111.37444
1956-05-26;5.0638733;0.17640178;-0.26400757;745.76416;1.1937789;89.517784;100.0;0.16757648;450.0;373.45377;0.062391162;-0.30923262;9.427219;23.167818;13.740584;23.13581;0.0;3511.1545;6747.6924;-1009.1961;6432.176;-217.99222;-119.01222
1956-05-27;4.370951;-1.3250834;-0.19731776;742.89545;1.400989;134.65987;99.61002;0.14409368;450.0;321.167;5.496531;-0.7333411;10.84736;23.94545;13.098091;23.018005;0.0;4177.7207;8019.2856;-1307.365;6152.677;-547.30664;-123.35
1956-05-28;1.4729614;0.7128703;-0.08470917;741.31226;0.8074587;95.85441;98.924805;0.1311862;424.7565;308.26822;17.917782;-0.09716116;11.595711;27.039082;15.44337;13.415065;3.4786053;1652.3667;3854.2578;-333.24335;7047.6123;-66.05444;-154.69667
1956-05-29;3.7721455;-1.3917542;-0.40828195;748.1702;1.0837047;207.10551;96.93246;0.11455385;426.03482;269.20572;0.0004351138;-0.5392535;7.5363817;22.32343;14.787041;19.746248;0.0;3841.4521;8475.283;-1700.3506;5650.8467;-386.34222;-223.96445
1956-05-30;6.9753213;-1.0747579;-0.8153394;750.49243;1.072353;168.05058;95.26782;0.094120346;431.7412;218.22102;0.0;-0.524547;8.360103;22.69429;14.334187;21.209393;0.0;4086.8662;8620.372;-1740.2494;5624.599;-368.11444;-144.35
1956-05-31;9.940236;-2.2275593;-0.813268;749.25903;1.0017197;148.49736;94.36792;0.07118237;434.7347;164.1032;0.025597215;-0.6032251;9.656295;24.096415;14.440126;23.690172;0.0;4131.834;8444.577;-1561.295;5889.9663;-424.04224;-92.14445
1956-06-01;9.01887;-2.2643433;-0.8802312;746.60565;1.6958785;153.48108;90.32096;0.04737552;438.21225;108.72396;0.24204254;-0.85736996;9.420201;22.400766;12.98058;23.16992;0.0;3992.21;7896.447;-1384.9778;6078.122;-617.85333;-3.1822221
1956-06-02;7.5464272;-1.8317566;-1.5218073;749.00775;1.1357499;193.02876;62.73112;0.027223388;443.79947;62.01172;0.000839547;-1.3312624;6.422177;18.868238;12.446061;17.592136;0.0;5100.3896;8604.451;-1916.3722;5665.042;-935.85223;-381.40778
1956-06-03;8.709554;-0.7954305;-1.1895357;750.4405;1.3522531;221.30144;31.604492;0.013738315;446.0293;31.37207;0.0017194233;-2.2902749;3.5310388;14.891595;11.360586;10.732923;0.0;5835.4487;8338.194;-1956.0139;5989.059;-1595.7245;-522.5
1956-06-04;10.343903;-0.2874349;-0.74597806;750.2082;1.2309192;236.38606;13.795817;0.005959471;446.28906;13.468425;0.0008371561;-3.153732;1.7675608;12.360305;10.592744;5.7626925;0.0;6485.8755;8515.389;-2253.0693;6043.2544;-2191.5732;-657.32556
1956-06-05;10.516042;-2.4693706;-0.5959256;750.30194;1.5124941;149.79494;5.2826333;0.0022770565;446.28906;5.4117837;0.27638674;-3.6685653;0.68973005;10.395824;9.706095;2.312109;0.0;6598.6543;8337.484;-2398.2122;5974.23;-2549.581;-814.63446
1956-06-06;10.714264;-5.354706;-0.99937564;751.03546;1.4187058;176.79527;1.9938965;0.0008594592;446.28906;2.1158855;0.0012814989;-4.069333;0.21536648;9.038851;8.823484;0.87147206;0.0;7028.2754;8750.577;-2816.7722;5532.294;-2827.4756;-856.1789
1956-06-07;10.591624;-4.663381;-0.9838066;751.521;1.177389;150.39636;0.74812824;0.00032202402;446.28906;0.61035156;0.0008523463;-4.0649595;0.07472932;8.081079;8.006356;0.33419952;0.0;7098.7993;8784.93;-2851.121;5551.2;-2823.9011;-798.1089
1956-06-08;11.584198;-3.3017375;-0.53276825;751.0744;1.1598252;163.9701;0.2652181;0.00011372566;446.28906;-7.345365e-21;0.0008523463;-4.201851;0.026240945;7.306352;7.280126;0.12737513;0.0;7082.436;8738.434;-2803.49;5736.992;-2918.9167;-801.7256
1956-06-09;11.984416;-2.6993103;-0.3268102;751.16583;1.2466538;131.68715;0.08829752;3.7868816e-05;446.28906;-7.345365e-21;0.0;-4.276266;0.00846386;6.654501;6.646037;0.044565648;0.0;7079.58;8719.669;-2781.5378;5837.799;-2970.59;-782.54333
1956-06-10;11.180806;2.9237874;-0.09897995;751.69086;1.3408281;50.59769;0.028401693;1.21593475e-05;436.23892;-7.345365e-21;0.41454732;-3.6645942;0.052824616;6.149471;6.0966463;0.014729798;0.0;6178.2393;7599.6235;-2167.7783;6612.439;-2545.6711;-818.7411
1956-06-11;10.511647;3.155965;-0.009824117;751.6289;2.1117868;44.324677;0.0087890625;3.7352245e-06;427.83237;-7.345365e-21;0.0079751015;-3.808558;0.0015944242;5.622089;5.620502;0.004503876;0.0;6395.2;7857.708;-2192.0793;6495.021;-2645.679;-1185.1644
1956-06-12;9.9583025;2.8271687;0.0031750996;750.5088;1.6717044;44.82861;0.002766927;1.2715658e-06;427.35156;-7.345365e-21;0.9618938;-3.524784;0.11789799;5.322635;5.204752;0.0013746321;0.0;6295.3955;7726.94;-2239.155;6417.3677;-2448.55;-1221.4678
1956-06-13;9.567902;3.1289876;0.009635925;750.4533;1.5603709;36.50479;0.0007324219;3.1789145e-07;427.35156;-7.345365e-21;2.1191359;-3.2784865;0.25071204;5.091801;4.8410816;0.00042840838;0.0;5890.2505;7222.1333;-2068.8755;6552.686;-2277.4556;-1209.3378
1956-06-14;10.720154;3.3742473;0.008876801;751.7933;1.1246837;47.315044;0.0;-7.3453654e-25;427.35156;-7.345365e-21;0.34330487;-3.5464206;0.035986304;4.5564322;4.520461;0.00014901161;0.0;6215.431;7612.7876;-2196.371;6571.9634;-2463.58;-1111.4667
1956-06-15;11.644084;3.2405293;-0.8607127;751.4277;1.0808063;80.00942;0.0;-7.3453654e-25;238.91374;-7.345365e-21;1.6798973;-3.6524441;0.20954013;4.4439435;4.2344184;4.4703484e-05;0.0;6321.991;7735.2935;-2259.3127;6622.952;-2537.2322;-1027.2378
1956-06-16;11.260661;5.2497764;-0.7972972;750.7736;1.1247431;71.54257;0.0;-7.3453654e-25;107.90591;-7.345365e-21;2.5677264;-3.0743685;0.29726326;4.276991;3.9797053;1.4901161e-05;0.0;5409.7563;6618.0845;-2053.3462;6779.9956;-2135.662;-894.2033
1956-06-17;10.847168;5.3814087;-0.06454977;749.9288;1.1169974;93.503944;0.0;-7.3453654e-25;100.11359;-7.345365e-21;2.0430927;-3.031994;0.23251772;3.9852037;3.7526937;0.0;0.0;5352.5063;6547.492;-1907.1877;6927.5845;-2106.2256;-968.68
1956-06-18;12.463948;1.8955892;0.009844462;749.20624;1.2309514;106.83209;0.0;-7.3453654e-25;100.00519;-7.345365e-21;0.24098754;-3.7561934;0.022992492;3.569901;3.5468862;0.0;0.0;6269.658;7668.29;-2275.4011;6621.1587;-2609.3022;-992.49445
1956-06-19;12.33316;1.622518;0.010257721;748.4262;1.356387;114.06388;0.0;-7.3453654e-25;99.99998;-7.345365e-21;0.014698505;-3.8018599;0.0012218952;3.3600926;3.3589005;0.0;0.0;6345.527;7759.906;-2138.0571;6817.86;-2641.0256;-1162.3112
1956-06-20;14.013326;3.6865947;0.00963974;748.42285;1.0324584;88.41845;0.0;-7.3453654e-25;99.99998;-7.345365e-21;0.09933114;-3.5630186;0.008657575;3.196135;3.187485;0.0;0.0;6408.7583;7836.292;-2347.0994;6770.8535;-2475.11;-1069.9778
1956-06-21;15.271057;0.3102417;0.00997289;747.81757;1.2876579;165.26062;0.0;-7.3453654e-25;99.99998;-7.345365e-21;0.0012914143;-3.8735363;0.00011920929;3.0303895;3.0302854;0.0;0.0;6977.4995;8530.695;-2757.9795;6386.878;-2690.8167;-1167.6777
1956-06-22;15.270294;-3.2286682;0.009853363;749.4685;1.2280073;164.30528;0.0;-7.3453654e-25;99.99998;-7.345365e-21;0.0012993806;-3.6498475;0.00011920929;2.8856993;2.8855948;0.0;0.0;7172.3755;8767.833;-2995.9155;6119.8613;-2535.4277;-1201.6589
1956-06-23;16.57728;-1.2731527;0.009941101;751.08246;1.2450869;98.05392;0.0;-7.3453654e-25;99.99998;-7.345365e-21;0.0008583069;-3.627345;5.9604645e-05;2.7521253;2.7520509;0.0;0.0;7060.275;8629.673;-2874.405;6480.9956;-2519.7966;-1105.9211
1956-06-24;17.068064;-1.5465088;0.009821574;749.4414;1.2848374;137.12474;0.0;-7.3453654e-25;99.99998;-7.345365e-21;0.0017128286;-3.4148748;0.00013411045;2.6285946;2.628468;0.0;0.0;7118.026;8699.124;-3034.3877;6391.5713;-2372.199;-1222.8989
1956-06-25;16.220041;-4.110789;0.010065715;747.5784;1.5608636;162.92842;0.0;-7.3453654e-25;99.99998;-7.345365e-21;0.0017304628;-3.083788;0.00011920929;2.5140643;2.5139303;0.0;0.0;7190.706;8786.833;-3301.4006;6038.777;-2142.2043;-1424.4734
1956-06-26;14.036489;-2.672821;0.009984334;746.61066;1.3367583;107.68262;0.0;-7.3453654e-25;99.99998;-7.345365e-21;0.0012844794;-2.6653063;9.685755e-05;2.4076252;2.407536;0.0;0.0;7145.701;8730.711;-3134.005;6152.149;-1851.4989;-1705.33
1956-06-27;14.183278;-0.7997233;0.009983063;745.8733;1.2536721;121.233734;0.0;-7.3453654e-25;99.99998;-7.345365e-21;0.00042617318;-2.4228096;2.9802322e-05;2.308443;2.3084135;0.0;0.0;7016.991;8572.271;-3047.7673;6309.6294;-1683.0444;-1904.0422
1956-06-28;13.142853;-4.119995;0.010016124;744.6741;1.4529129;132.41615;0.0;-7.3453654e-25;99.99998;-7.345365e-21;0.00043073503;-2.1672156;2.9802322e-05;2.2159963;2.215974;0.0;0.0;7101.2637;8674.102;-3121.6538;6103.0034;-1505.4922;-2194.2222
1956-06-29;13.18571;-3.9294739;0.010027568;747.962;1.2864951;139.10284;0.0;-7.3453654e-25;99.99998;-7.345365e-21;0.00085234636;-2.0673397;5.9604645e-05;2.129674;2.129592;0.0;0.0;7093.63;8663.705;-3164.5728;6104.878;-1436.1122;-2136.8032
1956-06-30;15.10023;-4.096659;0.009967804;749.9019;1.2792357;99.3371;0.0;-7.3453654e-25;99.99998;-7.345365e-21;0.0017154452;-2.16862;0.00011920929;2.048552;2.0484402;0.0;0.0;7181.6855;8770.124;-3429.9966;6039.1655;-1506.4689;-1779.8689
1956-07-01;17.812784;2.9885051;0.009900411;751.2431;1.4040294;57.745087;0.0;-7.3453654e-25;99.99998;-7.345365e-21;0.00043574965;-2.133254;2.9802322e-05;1.9720346;1.9720048;0.0;0.0;7028.541;8582.005;-3113.504;6762.636;-1481.9;-1656.1067
1956-07-02;19.560862;5.9635215;0.010142009;750.77325;1.5249792;60.71646;0.0;-7.3453654e-25;99.99998;-7.345365e-21;0.00085653586;-2.0462592;5.9604645e-05;1.8999875;1.8999428;0.0;0.0;6872.067;8389.874;-2987.0994;7134.8765;-1421.4678;-1763.4022
1956-07-03;20.26055;2.7784626;0.010477702;749.34344;1.4230834;111.851494;0.0;-7.3453654e-25;99.99998;-7.345365e-21;0.0004351138;-2.001251;2.9802322e-05;1.8319786;1.8319637;0.0;0.0;6924.323;8452.579;-3086.8022;7089.354;-1390.2023;-1855.2289
1956-07-04;20.351807;1.5897013;0.009892781;748.71704;1.3691072;136.99922;0.0;-7.3453654e-25;99.99998;-7.345365e-21;0.0008583069;-1.9238461;5.9604645e-05;1.767844;1.7677844;0.0;0.0;6936.562;8466.411;-3139.3638;7058.3965;-1336.43;-1916.1045
1956-07-05;19.534576;-1.4917297;0.010083516;746.7742;1.5801419;162.56006;0.0;-7.3453654e-25;99.99998;-7.345365e-21;0.0;-1.7939303;0.0;1.707226;1.7072111;0.0;0.0;7012.593;8558.095;-3290.2354;6763.0635;-1246.1833;-2079.719
1956-07-06;17.926483;-2.3779094;0.009896596;747.156;1.3400708;150.15295;0.0;-7.3453654e-25;99.99998;-7.345365e-21;0.0;-1.6529858;0.0;1.6500056;1.6499907;0.0;0.0;7048.7026;8601.065;-3319.7988;6567.547;-1148.2744;-2241.04
1956-07-07;17.42814;-3.3041382;0.0100695295;748.6982;1.3361133;127.562645;0.0;-7.3453654e-25;99.99998;-7.345365e-21;0.0;-1.6264654;0.0;1.5957654;1.595758;0.0;0.0;7100.0225;8662.558;-3433.8972;6414.8896;-1129.8511;-2175.5833
1956-07-08;16.735535;-3.1565144;0.010144551;748.54254;1.4168586;121.5466;0.0;-7.3453654e-25;99.99998;-7.345365e-21;0.001264898;-1.5514419;8.940697e-05;1.544416;1.5443339;0.0;0.0;7089.9185;8649.1045;-3414.0466;6382.59;-1077.7345;-2251.2622
1956-07-09;16.840586;-2.8323364;0.010180156;747.5849;1.4590878;168.03795;0.0;-7.3453654e-25;99.99998;-7.345365e-21;0.00085234636;-1.4991323;5.9604645e-05;1.49557;1.4955103;0.0;0.0;7052.25;8602.037;-3391.9578;6401.981;-1041.3978;-2283.1511
1956-07-10;15.911041;-5.466146;0.010180156;746.9448;1.3015336;160.32831;0.0;-7.3453654e-25;99.99998;-7.345365e-21;0.00042617318;-1.405674;2.9802322e-05;1.4492422;1.44922;0.0;0.0;7104.668;8664.844;-3432.6538;6242.8506;-976.4744;-2399.0056
1956-07-11;15.992299;-4.6994834;0.010097504;747.6636;1.3787295;115.00045;0.0;-7.3453654e-25;99.99998;-7.345365e-21;0.0021485584;-1.4171637;0.00011920929;1.4052987;1.4051795;0.0;0.0;7113.4443;8674.421;-3467.811;6274.9263;-984.45667;-2299.338
1956-07-12;17.26236;-0.8264974;0.010590871;748.5698;1.3307891;131.85483;0.0;-7.3453654e-25;99.99998;-7.345365e-21;0.004383239;-1.4029555;0.00025331974;1.3634115;1.3631582;0.0;0.0;6902.1577;8415.705;-3250.1047;6675.1943;-974.5867;-2214.2012
1956-07-13;18.338135;-1.8343099;0.01024882;748.89575;1.3568834;136.67043;0.0;-7.3453654e-25;99.99998;-7.345365e-21;0.0017118709;-1.4110934;0.00010430813;1.3231635;1.3230667;0.0;0.0;6844.2866;8344.027;-3228.4583;6827.674;-980.24;-2108.7734
1956-07-14;18.377005;-0.4348348;0.009830475;747.43915;1.355167;131.36647;0.0;-7.3453654e-25;99.99998;-7.345365e-21;0.00872612;-1.1849841;0.0003874302;1.2854338;1.2850463;0.0;0.0;5791.87;7059.892;-2871.5366;7090.8467;-823.1689;-1826.4222
1956-07-15;17.151712;1.4789327;0.00976944;746.0347;1.454545;92.60755;0.0;-7.3453654e-25;99.99998;-7.345365e-21;0.008985829;-1.2561176;0.0004172325;1.2491941;1.2487918;0.0;0.0;6538.3203;7968.806;-3037.9927;6946.6157;-872.5845;-2168.9321
1956-07-16;17.131317;4.7731423;0.010125478;746.9619;1.3361946;50.657207;0.0;-7.3453654e-25;99.99998;-7.345365e-21;0.0070780516;-1.2275931;0.0003874302;1.2143999;1.2139976;0.0;0.0;6527.6636;7954.257;-3031.2612;7014.4478;-852.76886;-2246.53
1956-07-17;18.848196;2.1739502;0.009983063;748.5107;1.2351232;107.2652;0.0;-7.3453654e-25;99.99998;-7.345365e-21;0.0;-1.3077743;0.0;1.1806041;1.180619;0.0;0.0;6805.9272;8291.52;-3180.1357;7018.9688;-908.4667;-2196.2888
1956-07-18;18.732788;-1.6555685;0.009859721;748.1631;1.4993969;164.07924;0.0;-7.3453654e-25;99.99998;-7.345365e-21;0.0012917289;-1.2393696;6.7055225e-05;1.1486858;1.1486187;0.0;0.0;6913.615;8420.731;-3351.2627;6736.901;-860.9483;-2453.8389
1956-07-19;17.28592;-7.616974;0.009914398;746.74634;1.5277802;146.79747;0.0;-7.3453654e-25;99.99998;-7.345365e-21;0.0017179054;-1.1372222;0.00010430813;1.1182427;1.1181533;0.0;0.0;7097.12;8642.38;-3590.586;6197.8716;-789.9911;-2524.5278
1956-07-20;15.849945;-3.8468933;0.010122935;747.1001;1.4243089;123.68667;0.0;-7.3453654e-25;99.99998;-7.345365e-21;0.0012844794;-1.1219951;7.4505806e-05;1.0890365;1.088947;0.0;0.0;6982.8677;8501.301;-3373.81;6414.511;-779.41223;-2522.841
1956-07-21;17.645914;0.9229126;0.009848277;748.32;1.2045349;87.96594;0.0;-7.3453654e-25;99.99998;-7.345365e-21;0.0;-1.183983;0.0;1.0608137;1.0608137;0.0;0.0;6813.8027;8293.612;-3272.3965;6813.0776;-822.4733;-2211.3855
1956-07-22;18.056793;2.4644673;0.010097504;748.46515;1.2395066;80.5158;0.0;-7.3453654e-25;99.99998;-7.345365e-21;0.068494685;-1.1390885;0.003322959;1.0370761;1.0337458;0.0;0.0;6436.6226;7832.8135;-3118.5093;7028.9365;-791.2878;-2168.7456
1956-07-23;18.121286;-0.9702962;0.010131836;748.7363;1.4915203;93.43475;0.0;-7.3453654e-25;99.99998;-7.345365e-21;0.0013411036;-1.1545038;5.9604645e-05;1.0078549;1.0077953;0.0;0.0;6685.334;8133.6387;-3285.1345;6799.013;-801.99445;-2209.7612
1956-07-24;19.01297;0.31975302;0.010064443;751.1496;1.4556416;92.2167;0.0;-7.3453654e-25;99.99998;-7.345365e-21;0.0047233235;-1.1557192;0.00025331974;0.9830594;0.982821;0.0;0.0;6875.4307;8363.07;-3396.1372;6796.03;-802.84;-2235.1523
1956-07-25;19.460724;-0.462677;0.010138194;751.0691;1.4063185;123.06397;0.0;-7.3453654e-25;99.99998;-7.345365e-21;0.0004351138;-1.123514;2.9802322e-05;0.9588003;0.9587705;0.0;0.0;6884.5156;8372.245;-3410.1448;6795.8228;-780.4667;-2329.8489
1956-07-26;18.175385;-3.804067;0.009760539;747.6565;1.3947073;126.0473;0.0;-7.3453654e-25;99.99998;-7.345365e-21;0.0004351138;-1.068594;2.9802322e-05;0.9356886;0.9356588;0.0;0.0;6956.036;8457.317;-3569.1528;6462.991;-742.31665;-2406.9822
1956-07-27;17.3413;-4.1670327;0.009960175;747.066;1.4778991;135.23763;0.0;-7.3453654e-25;99.99998;-7.345365e-21;0.00084638596;-1.0196735;4.4703484e-05;0.9135008;0.9134412;0.0;0.0;6901.2686;8388.853;-3448.074;6485.2295;-708.3322;-2486.7312
1956-07-28;16.961304;-4.632904;0.010055542;749.5837;1.4587326;116.3059;0.0;-7.3453654e-25;99.99998;-7.345365e-21;0.0012945348;-1.005983;7.4505806e-05;0.8921176;0.892058;0.0;0.0;6924.616;8415.258;-3501.6333;6398.6113;-698.8222;-2484.1277
1956-07-29;17.508627;-0.87245685;0.010133107;751.71063;1.3329178;95.22113;0.0;-7.3453654e-25;99.99998;-7.345365e-21;0.0008597969;-1.0089865;4.4703484e-05;0.8714795;0.87142736;0.0;0.0;6748.311;8199.206;-3376.9292;6655.47;-700.9094;-2264.3032
1956-07-30;18.056824;3.6986287;0.0097134905;752.3095;1.2740691;67.07742;0.0;-7.3453654e-25;99.99998;-7.345365e-21;0.0008583068;-0.97590035;4.4703484e-05;0.85157156;0.85152686;0.0;0.0;6396.7183;7770.3105;-3075.5122;7091.9453;-677.92444;-2216.83
1956-07-31;17.698996;4.149587;0.009962718;752.4102;1.9555664;42.535324;0.0;-7.3453654e-25;99.99998;-7.345365e-21;0.0008523463;-0.8938331;4.4703484e-05;0.83243847;0.83237886;0.0;0.0;6348.8525;7710.722;-3010.5583;7043.82;-620.9167;-2451.781
1956-08-01;18.718231;3.1636963;0.010335286;750.3128;1.4022471;67.93408;0.0;-7.3453654e-25;99.99998;-7.345365e-21;0.0021457663;-0.97849035;0.00011920929;0.81400573;0.813894;0.0;0.0;6638.8203;8060.898;-3220.331;6989.681;-679.7233;-2315.79
1956-08-02;20.002737;0.50371295;0.010084788;748.4978;1.4469522;116.5051;0.0;-7.3453654e-25;99.99998;-7.345365e-21;0.00085328816;-0.9831842;4.4703484e-05;0.79600513;0.7959604;0.0;0.0;6695.3643;8127.667;-3290.3594;6976.979;-682.98444;-2348.1433
1956-08-03;20.534576;-3.3199158;0.010135651;749.00214;1.4167513;139.60567;0.0;-7.3453654e-25;99.99998;-7.345365e-21;0.0008523463;-0.9407876;4.4703484e-05;0.7787645;0.7787347;0.0;0.0;6698.988;8130.3076;-3355.6262;6889.3594;-653.5344;-2367.7178
1956-08-04;19.898092;-4.8361106;0.0098012285;748.28394;1.3453385;107.962524;0.0;-7.3453654e-25;99.99998;-7.345365e-21;0.001275539;-0.9248992;5.9604645e-05;0.7621944;0.76214224;0.0;0.0;6721.7026;8156.0566;-3518.8555;6659.928;-642.49664;-2307.1934
1956-08-05;20.309143;-3.2895508;0.009637197;749.7227;1.4846948;90.38209;0.0;-7.3453654e-25;99.99998;-7.345365e-21;0.0021620153;-0.9653363;0.00010430813;0.74613094;0.7460341;0.0;0.0;6785.47;8231.584;-3516.4438;6781.3677;-670.5872;-2096.8433
1956-08-06;20.2069;0.38519287;0.009624481;753.32;1.9635373;46.900486;0.0;-7.3453654e-25;99.99998;-7.345365e-21;0.00042617318;-0.917349;2.9802322e-05;0.73044;0.7304251;0.0;0.0;6566.1763;7963.827;-3314.365;6990.6562;-637.2522;-2292.08
1956-08-07;19.177176;-2.7430725;0.0100695295;755.007;1.8616309;43.389984;0.0;-7.3453654e-25;99.99998;-7.345365e-21;0.00042617318;-0.8839574;2.9802322e-05;0.71534514;0.7153228;0.0;0.0;6651.2266;8065.1885;-3443.8525;6705.9844;-614.05554;-2334.7644
1956-08-08;17.574087;0.795634;0.009876251;754.9439;1.9622908;44.863743;0.0;-7.3453654e-25;99.99998;-7.345365e-21;0.014677644;-0.80495703;0.00078976154;0.70153177;0.70074946;0.0;0.0;6438.046;7805.003;-3149.1716;6850.099;-559.1767;-2550.1978
1956-08-09;17.483755;0.46289062;0.0100364685;751.6148;1.0249759;99.27966;0.0;-7.3453654e-25;99.99998;-7.345365e-21;0.43373108;-0.8709952;0.022053719;0.708729;0.6866753;0.0;0.0;5744.333;6962.612;-2782.4504;7255.3354;-605.0511;-2062.6633
1956-08-10;17.038055;-0.5672099;0.010044098;748.66034;1.3252615;121.233154;0.0;-7.3453654e-25;99.99998;-7.345365e-21;0.025212765;-0.9114882;0.0012516975;0.67442656;0.67317486;0.0;0.0;5570.072;6749.625;-2803.3198;7063.8975;-633.18;-2040.0366
1956-08-11;16.685476;-1.0272013;0.010009766;748.96893;1.4167341;134.79057;0.0;-7.3453654e-25;99.99998;-7.345365e-21;0.028952956;-0.8546803;0.0010579824;0.6611049;0.6600395;0.0;0.0;6240.2583;7560.026;-3126.995;6715.3335;-593.7178;-2376.3354
1956-08-12;17.4793;-4.827362;0.009744008;751.9695;1.2698894;172.29274;0.0;-7.3453654e-25;99.99998;-7.345365e-21;0.00042617318;-0.84637475;2.9802322e-05;0.64726174;0.6472394;0.0;0.0;6617.108;8014.799;-3447.1775;6451.433;-587.94775;-2350.36
1956-08-13;18.078665;-10.003041;0.009811401;752.33185;1.2566324;168.96289;0.0;-7.3453654e-25;99.99998;-7.345365e-21;0.00086195226;-0.8474309;4.4703484e-05;0.63480437;0.63475966;0.0;0.0;6708.469;8123.678;-3694.8372;6232.0312;-588.68335;-2171.639
1956-08-14;17.31665;-7.6737876;0.010257721;749.4395;1.3197058;126.417625;0.0;-7.3453654e-25;99.99998;-7.345365e-21;0.0008583069;-0.7970091;4.4703484e-05;0.6227195;0.6226823;0.0;0.0;6622.7993;8018.1943;-3541.5208;6335.028;-553.6556;-2298.7463
1956-08-15;16.657492;0.21098836;0.010116577;747.8772;1.3936929;54.45854;0.0;-7.3453654e-25;99.99998;-7.345365e-21;0.050889265;-0.7272959;0.002041459;0.6130636;0.6110072;0.0;0.0;5820.699;7045.6094;-2922.4158;6979.4565;-505.22888;-2094.1511
1956-08-16;17.255869;4.7018943;0.009858449;748.8498;1.2663684;60.730896;0.0;-7.3453654e-25;99.99998;-7.345365e-21;0.07340312;-0.71540105;0.0034868717;0.6032139;0.59974194;0.0;0.0;5620.4814;6802.5674;-2731.3745;7260.061;-496.96555;-2084.02
1956-08-17;16.864054;2.7844646;0.0102005005;748.93146;0.87338334;104.39347;0.0;-7.3453654e-25;99.99998;-7.345365e-21;0.057297945;-0.63573384;0.0028163195;0.5916953;0.58888644;0.0;0.0;4600.2876;5567.098;-2341.555;7532.0557;-441.62222;-1605.0566
1956-08-18;15.750325;4.0705466;0.01003011;749.5522;1.1618204;49.91572;0.0;-7.3453654e-25;99.99998;-7.345365e-21;1.2082636;-0.8820817;0.061571598;0.6400645;0.578478;0.0;0.0;4965.6313;6008.479;-2419.5222;7340.2124;-612.7522;-1886.8545
1956-08-19;15.705647;4.1288657;0.009802501;749.8444;1.1305085;66.21436;0.0;-7.3453654e-25;99.99998;-7.345365e-21;0.4068792;-1.1151675;0.019863248;0.58819354;0.56832284;0.0;0.0;5485.7163;6636.9443;-2622.9116;7122.291;-774.6689;-1923.37
1956-08-20;16.221567;3.5718586;0.009880066;750.4043;1.2474834;51.56357;0.0;-7.3453654e-25;99.99998;-7.345365e-21;0.19958913;-1.0389127;0.009804964;0.5681664;0.5583763;0.0;0.0;5440.351;6581.253;-2652.476;7114.7407;-721.69775;-1865.5455
1956-08-21;17.417582;2.5517476;0.009699504;751.357;1.3757137;56.742855;0.0;-7.3453654e-25;99.99998;-7.345365e-21;0.012350082;-0.96450186;0.0005364418;0.5491674;0.54863095;0.0;0.0;5579.9707;6749.4443;-2735.0042;7162.59;-670.00775;-1902.6167
1956-08-22;18.02839;1.048472;0.010101318;752.2836;1.3005425;125.95942;0.0;-7.3453654e-25;99.99998;-7.345365e-21;0.0010371207;-0.79358184;4.4703484e-05;0.5391836;0.5391389;0.0;0.0;5477.7637;6624.973;-2884.4316;6997.1777;-551.2744;-1863.6344
1956-08-23;17.21814;-2.4922688;0.010011037;751.7399;1.424987;171.54597;0.0;-7.3453654e-25;99.99998;-7.345365e-21;0.0004351138;-0.7590223;2.9802322e-05;0.5299151;0.5298853;0.0;0.0;6222.496;7524.6343;-3220.3755;6600.6743;-527.2672;-2299.8567
1956-08-24;15.551005;-4.6330566;0.009567261;750.4152;1.4396504;212.27873;0.0;-7.3453654e-25;99.99998;-7.345365e-21;0.0;-0.63576734;0.0;0.5209148;0.52092224;0.0;0.0;5932.7144;7173.391;-3117.3298;6415.9;-441.64667;-2377.821
1956-08-25;14.830994;-1.5033773;0.009953816;750.4213;1.2779051;228.82744;0.0;-7.3453654e-25;99.99998;-7.345365e-21;0.0021785498;-0.6315941;0.00011920929;0.5123466;0.5122274;0.0;0.0;5829.7935;7048.171;-2991.9292;6576.291;-438.74777;-2220.5889
1956-08-26;14.54895;-1.8973999;0.010009766;751.75903;1.2295991;106.20245;0.0;-7.3453654e-25;99.99998;-7.345365e-21;0.02156496;-0.61907524;0.0009536743;0.50473213;0.50376356;0.0;0.0;5476.9595;6620.664;-2877.6638;6705.6685;-430.05112;-2030.8978
1956-08-27;14.36734;3.5966594;0.009957631;752.9589;1.5267386;41.177567;0.0;-7.3453654e-25;99.99998;-7.345365e-21;0.015810125;-0.5914178;0.0006109476;0.49617887;0.49555302;0.0;0.0;5409.3184;6538.025;-2776.6667;6804.1084;-410.8389;-2053.5256
1956-08-28;15.168152;5.492045;0.010084788;752.71466;1.8544964;45.669353;0.0;-7.3453654e-25;99.99998;-7.345365e-21;0.0011861324;-0.6010365;5.9604645e-05;0.4875958;0.48754364;0.0;0.0;5604.1846;6772.7275;-2776.3958;6897.8677;-417.52;-2183.361
1956-08-29;15.702769;4.2347717;0.00972112;753.8422;1.7142986;44.405945;0.0;-7.3453654e-25;99.99998;-7.345365e-21;0.010961294;-0.62356424;0.0005364418;0.48023462;0.47968328;0.0;0.0;5727.6953;6921.34;-2898.4248;6813.7256;-433.17;-2208.1177
1956-08-30;16.458344;0.33089194;0.009634654;754.7837;1.242924;88.92572;0.0;-7.3453654e-25;99.99998;-7.345365e-21;0.16636048;-0.7053809;0.008165836;0.48016012;0.47198683;0.0;0.0;5715.124;6905.331;-3008.7598;6799.468;-490.00446;-1962.7678
1956-08-31;16.802114;-2.0810344;0.010016124;755.19037;0.9167461;122.45899;0.0;-7.3453654e-25;99.99998;-7.345365e-21;0.00091195095;-0.6980486;4.4703484e-05;0.4645437;0.46450645;0.0;0.0;5181.6484;6260.026;-2831.898;6974.277;-484.9111;-1624.7844
1956-09-01;16.489197;-3.1197205;0.010035197;754.03253;1.5054464;108.12621;0.0;-7.3453654e-25;99.99998;-7.345365e-21;0.09390116;-0.6088959;0.0038594007;0.46114624;0.45728683;0.0;0.0;5062.991;6115.8843;-2794.89;6843.3857;-422.97888;-1804.1089
1956-09-02;13.773193;3.5842388;0.009777069;751.59406;1.4409075;69.9166;0.0;-7.3453654e-25;99.99998;-7.345365e-21;3.2858818;-0.76873136;0.20213425;0.65249205;0.45036525;0.0;0.0;4718.8467;5699.4346;-2426.8818;6929.879;-534.0111;-1784.789
1956-09-03;13.445363;3.0627544;0.009755452;748.7263;1.2778434;61.90254;0.0;-7.3453654e-25;100.00259;-7.345365e-21;1.203319;-1.5502907;0.06237626;0.50604343;0.44366717;0.0;0.0;5132.049;6197.884;-2446.6;6837.0723;-1076.9344;-1600.1089
1956-09-04;12.110066;5.078695;0.009983063;748.7881;1.3808278;70.23946;0.0;-7.3453654e-25;99.99998;-7.345365e-21;1.262635;-1.3893117;0.06528199;0.50243735;0.43714046;0.0;0.0;4551.959;5496.559;-2044.1359;7114.945;-965.1089;-1579.3177
1956-09-05;11.554057;3.9116821;0.010028839;752.4206;1.3949596;90.65232;0.0;-7.3453654e-25;99.99998;-7.345365e-21;1.1052132;-1.3701124;0.062286854;0.49310923;0.43085217;0.0;0.0;4592.94;5545.2095;-2061.039;7025.769;-951.7711;-1631.0745
1956-09-06;13.038594;1.6145426;0.009979248;753.26447;1.1774029;104.80567;0.0;-7.3453654e-25;99.99998;-7.345365e-21;0.06750822;-1.5263427;0.0031888485;0.42778254;0.4245788;0.0;0.0;5144.9507;6211.151;-2378.5378;6919.9717;-1060.2988;-1600.6566
1956-09-07;14.046814;0.57943726;0.009754181;751.08594;1.0712812;97.1481;0.0;-7.3453654e-25;99.99998;-7.345365e-21;0.106054544;-1.2465343;0.005066395;0.4234612;0.4183948;0.0;0.0;4935.0703;5957.0186;-2578.445;6735.0356;-865.92554;-1387.4478
1956-09-08;12.605164;-0.091288246;0.010019938;749.20526;1.2202883;100.53662;0.0;-7.3453654e-25;99.99998;-7.345365e-21;0.17168765;-1.0017474;0.008195639;0.42060018;0.41240454;0.0;0.0;4962.024;5988.866;-2606.6533;6577.622;-695.8811;-1626.9745
1956-09-09;12.739085;-0.121663414;0.009952545;749.8742;1.1367193;102.291374;0.0;-7.3453654e-25;99.99998;-7.345365e-21;0.026756525;-0.9101666;0.0012814999;0.40775537;0.40648878;0.0;0.0;5212.7534;6290.6562;-2677.6428;6614.796;-632.2611;-1772.51
1956-09-10;13.434998;-0.9686279;0.010120392;749.7241;1.0638231;100.66154;0.0;-7.3453654e-25;99.99998;-7.345365e-21;0.36364794;-0.82278436;0.017762184;0.4184544;0.40069222;0.0;0.0;5248.426;6332.968;-2821.06;6480.561;-571.5611;-1749.9055
1956-09-11;12.637268;-1.8910726;0.009944916;746.96185;1.3202254;106.91683;0.0;-7.3453654e-25;99.99998;-7.345365e-21;0.17490983;-0.7566558;0.00821054;0.40328503;0.3950596;0.0;0.0;5101.169;6154.5493;-2825.3271;6345.809;-525.62335;-1730.1067
1956-09-12;11.905365;-2.09492;0.010000865;747.0706;1.4259046;159.97108;0.0;-7.3453654e-25;99.99998;-7.345365e-21;0.0008583069;-0.6863838;4.4703484e-05;0.38960576;0.38956106;0.0;0.0;5356.689;6462.0557;-2931.1428;6127.84;-476.80832;-1987.2411
1956-09-13;11.772644;-6.3043823;0.009904225;748.06866;1.4521645;236.44196;0.0;-7.3453654e-25;99.99998;-7.345365e-21;0.00085234636;-0.58213437;2.9802322e-05;0.38421154;0.38418174;0.0;0.0;5397.453;6510.528;-2978.565;5963.3823;-404.39;-2034.4211
1956-09-14;12.5685835;-4.309855;0.009853363;750.42914;1.5997611;215.6527;0.0;-7.3453654e-25;99.99998;-7.345365e-21;0.00042617318;-0.52400774;1.4901161e-05;0.37896633;0.37895143;0.0;0.0;5296.249;6387.6895;-2841.5898;6148.824;-364.01056;-2044.8633
1956-09-15;13.441579;-3.5348206;0.009868622;750.5996;1.6398054;224.2469;0.0;-7.3453654e-25;99.99998;-7.345365e-21;0.0012993806;-0.5197283;5.9604645e-05;0.37387013;0.37382543;0.0;0.0;5279.201;6366.3716;-2896.5542;6160.5522;-361.03778;-1930.2023
1956-09-16;11.981547;-1.939982;0.01025645;749.6773;1.4349245;202.66771;0.0;-7.3453654e-25;99.99998;-7.345365e-21;0.003900588;-0.42624027;0.00017881393;0.36904216;0.36886334;0.0;0.0;4521.5894;5447.9946;-2456.7634;6475.9688;-296.09555;-1765.0011
1956-09-17;10.725881;-2.034373;0.009718577;749.9805;1.149249;124.46387;0.0;-7.3453654e-25;99.99998;-7.345365e-21;0.0028192997;-0.43598935;0.00011920929;0.36415458;0.36402047;0.0;0.0;4509.205;5428.2305;-2526.0095;6382.628;-302.86777;-1716.7245
1956-09-18;12.162364;-4.437561;0.010243733;750.4639;1.1152923;252.00954;0.0;-7.3453654e-25;99.99998;-7.345365e-21;0.00044107434;-0.5091783;1.4901161e-05;0.359267;0.3592372;0.0;0.0;5294.529;6368.14;-3188.7844;5792.4443;-353.71;-1715.1156
1956-09-19;12.37798;-5.637319;0.010286967;752.02277;1.2273682;138.74019;0.0;-7.3453654e-25;99.99998;-7.345365e-21;0.0012900955;-0.5004741;5.9604645e-05;0.35455823;0.35451353;0.0;0.0;5233.8193;6289.6587;-3067.8403;5935.557;-347.66333;-1650.7278
1956-09-20;12.694478;-4.0558167;0.01010259;751.61035;1.6262766;141.84135;0.0;-7.3453654e-25;99.99998;-7.345365e-21;0.0;-0.47844464;0.0;0.34989417;0.34989417;0.0;0.0;5082.165;6102.06;-2886.0137;6166.3857;-332.3589;-1797.0455
1956-09-21;11.288747;-1.3050944;0.009927114;749.96466;1.2186679;184.69966;0.0;-7.3453654e-25;99.99998;-7.345365e-21;0.0;-0.42812526;0.0;0.3453791;0.34539402;0.0;0.0;5119.584;6141.6924;-2955.085;5910.0757;-297.40332;-1902.0677
1956-09-22;10.273041;-1.7552859;0.009854634;749.65717;1.0447971;113.552956;0.0;-7.3453654e-25;99.99998;-7.345365e-21;0.0;-0.44641644;0.0;0.34099817;0.34100562;0.0;0.0;5138.0566;6158.3555;-3014.7437;5845.1665;-310.1111;-1792.9911
1956-09-23;9.549957;-4.4002266;0.009838104;747.85406;1.1634383;101.90461;0.0;-7.3453654e-25;99.99998;-7.345365e-21;0.0;-0.43902454;0.0;0.33669174;0.33669174;0.0;0.0;5144.8623;6161.072;-3061.7092;5719.9043;-304.97556;-1815.289
1956-09-24;8.25645;-4.975332;0.010028839;746.3968;1.2636119;166.36046;0.0;-7.3453654e-25;99.99998;-7.345365e-21;0.0;-0.39991176;0.0;0.3324896;0.33248216;0.0;0.0;5068.176;6064.036;-3010.296;5586.6143;-277.80554;-1924.1045
1956-09-25;7.5559387;-9.567943;0.010157268;748.2495;1.3704929;174.23317;0.0;-7.3453654e-25;99.99998;-7.345365e-21;0.0008583069;-0.38344598;2.9802322e-05;0.3284514;0.3283918;0.0;0.0;5063.7856;6053.6035;-3028.295;5417.0645;-266.36777;-1916.6866
1956-09-26;6.263275;-6.717804;0.009941101;751.6064;1.4688182;50.49201;0.0;-7.3453654e-25;99.99998;-7.345365e-21;0.0017136326;-0.36734903;8.940697e-05;0.3244877;0.32441318;0.0;0.0;5019.828;5995.8984;-3039.5146;5337.6265;-255.18445;-1864.3855
1956-09-27;6.8134055;-8.099018;0.0101076765;750.4661;1.2482445;88.13684;0.0;-7.3453654e-25;99.99998;-7.345365e-21;0.0012844794;-0.39047563;5.9604645e-05;0.32055378;0.32049417;0.0;0.0;4911.5073;5861.4688;-2939.254;5511.292;-271.25;-1712.4811
1956-09-28;6.952657;-8.960212;0.009934743;753.2519;1.4289671;42.391468;0.0;-7.3453654e-25;99.99998;-7.345365e-21;0.0008524716;-0.3818944;4.4703484e-05;0.31667948;0.31664968;0.0;0.0;4867.8193;5804.3633;-3006.2783;5419.4775;-265.29;-1702.9355
1956-09-29;7.645365;-12.009019;0.0095876055;754.83813;1.6387898;34.66579;0.0;-7.3453654e-25;99.99998;-7.345365e-21;0.0012934206;-0.38814917;5.9604645e-05;0.3129393;0.31287968;0.0;0.0;4999.787;5956.513;-3271.34;5069.513;-269.63443;-1473.43
1956-09-30;9.375173;-12.140279;0.010142009;754.2585;1.3509879;40.477985;0.0;-7.3453654e-25;99.99998;-7.345365e-21;0.00085532654;-0.41756314;4.4703484e-05;0.3091991;0.30916184;0.0;0.0;4963.758;5908.489;-3252.0369;5250.691;-290.06723;-1254.2156
1956-10-01;10.031738;-12.458374;0.010175069;753.04297;1.1857034;80.18025;0.0;-7.3453654e-25;99.99998;-7.345365e-21;0.0008702277;-0.4285332;4.4703484e-05;0.3055483;0.30549616;0.0;0.0;4898.6826;5826.0063;-3189.3755;5418.211;-297.68777;-1305.4059
1956-10-02;9.2204485;-10.648499;0.010080974;754.12427;1.1481158;185.8032;0.0;-7.3453654e-25;99.99998;-7.345365e-21;0.0;-0.39155036;0.0;0.30192733;0.30191988;0.0;0.0;4812.5635;5718.6533;-3055.8545;5469.2456;-271.99667;-1498.9867
1956-10-03;9.193451;-10.051747;0.009676616;754.0251;1.1081859;202.7407;0.0;-7.3453654e-25;99.99998;-7.345365e-21;0.00044107434;-0.38508418;1.4901161e-05;0.29844046;0.29841065;0.0;0.0;4752.088;5641.939;-2965.6638;5565.166;-267.50555;-1487.0656
1956-10-04;8.951976;-10.7638855;0.009900411;753.10297;1.1283132;117.921326;0.0;-7.3453654e-25;99.99998;-7.345365e-21;0.0009111307;-0.36769825;4.4703484e-05;0.295043;0.2949834;0.0;0.0;4192.7295;4973.5513;-2700.3557;5843.854;-255.42778;-1223.9055
1956-10-05;9.519714;-12.254181;0.0099487305;753.31714;1.1525067;121.85962;0.0;-7.3453654e-25;99.99998;-7.345365e-21;0.0;-0.39903447;0.0;0.29161572;0.29162318;0.0;0.0;4682.329;5549.557;-3034.0352;5529.4434;-277.1961;-1369.8044
1956-10-06;8.975464;-12.83668;0.009838104;753.53265;1.2071579;150.64397;0.0;-7.3453654e-25;99.99998;-7.345365e-21;0.0012725086;-0.3796872;5.9604645e-05;0.28836727;0.28830767;0.0;0.0;4691.2275;5555.332;-3053.3792;5423.491;-263.7561;-1393.7023
1956-10-07;9.008525;-11.817725;0.010195415;753.56226;1.1235164;94.770386;0.0;-7.3453654e-25;99.99998;-7.345365e-21;0.00042617318;-0.38670096;1.4901161e-05;0.2850741;0.28505176;0.0;0.0;4643.1113;5493.6396;-3032.3354;5483.8984;-268.62778;-1302.4111
1956-10-08;10.709819;-10.4424925;0.010041554;754.0466;1.2109071;94.08811;0.0;-7.3453654e-25;99.99998;-7.345365e-21;0.003434211;-0.39814785;0.00016391277;0.28201938;0.28185546;0.0;0.0;4517.404;5340.3335;-2864.805;5807.648;-276.58057;-1244.4645
1956-10-09;10.208598;-10.033386;0.01027298;752.86475;1.1802162;170.51663;0.0;-7.3453654e-25;99.99998;-7.345365e-21;0.00085234636;-0.3774725;4.4703484e-05;0.27875602;0.27871877;0.0;0.0;4523.968;5343.512;-2976.385;5595.2847;-262.21777;-1311.8511
1956-10-10;9.372783;-10.51474;0.009756724;751.3884;1.200157;222.38707;0.0;-7.3453654e-25;99.99998;-7.345365e-21;0.0;-0.3501475;0.0;0.27567148;0.27565658;0.0;0.0;4540.794;5358.8105;-3037.0718;5386.987;-243.23555;-1325.33
1956-10-11;8.112061;-4.3394165;0.0101674395;751.95734;1.2184595;255.46783;0.0;-7.3453654e-25;99.99998;-7.345365e-21;0.0025754552;-0.3109854;0.00011920929;0.27279556;0.2726838;0.0;0.0;4388.0566;5174.1396;-2708.6062;5685.414;-216.03111;-1478.1167
1956-10-12;7.9203286;-1.214508;0.010225932;753.0589;1.2914814;192.05115;0.0;-7.3453654e-25;99.99998;-7.345365e-21;0.0;-0.30418766;0.0;0.26977062;0.26977062;0.0;0.0;4275.2627;5036.864;-2586.2666;5806.149;-211.30888;-1494.2178
1956-10-13;7.7061257;-0.64364624;0.010019938;753.1182;1.3989543;222.7882;0.0;-7.3453654e-25;99.99998;-7.345365e-21;2.106899;-0.7073507;0.10621548;0.37319958;0.26699156;0.0;0.0;3929.9282;4626.0933;-2256.5022;5944.44;-491.37222;-1338.2444
1956-10-14;7.1525674;-2.3185527;0.009897868;753.4754;1.5875858;216.8495;0.0;-7.3453654e-25;99.99998;-7.345365e-21;0.0012904402;-0.59526974;5.9604645e-05;0.2643168;0.2642572;0.0;0.0;4238.021;4984.451;-2540.1394;5651.8643;-413.51443;-1428.3411
1956-10-15;6.379415;-3.6379902;0.01001358;751.6313;1.5640721;221.37761;0.0;-7.3453654e-25;99.99998;-7.345365e-21;0.0021338456;-0.52288175;0.00010430813;0.2616197;0.26153028;0.0;0.0;4243.1055;4986.1772;-2610.2427;5505.947;-363.22888;-1412.461
1956-10-16;4.937388;-2.1464946;0.0102005005;749.3266;1.4061666;230.0998;0.0;-7.3453654e-25;99.99998;-7.345365e-21;0.67408586;-0.4772218;0.032037497;0.29090047;0.25887787;0.0;0.0;3886.3716;4565.528;-2288.7705;5665.8267;-331.51;-1404.5922
1956-10-17;3.3211873;-4.318217;0.009963989;746.89264;1.4272152;232.63191;0.0;-7.3453654e-25;99.99998;-7.345365e-21;0.010145996;-0.4195217;0.00047683716;0.2567917;0.25631487;0.0;0.0;3611.906;4241.819;-2180.9622;5633.4976;-291.42776;-1377.7389
1956-10-18;1.713389;-9.532166;0.009919484;748.5898;1.0893954;186.51141;0.0;-7.3453654e-25;99.99998;-7.345365e-21;0.0;-0.3752131;0.0;0.25378168;0.25378168;0.0;0.0;4060.3767;4766.9346;-2643.1438;4934.3213;-260.64777;-1431.6989
1956-10-19;2.2684429;-13.348353;0.009990692;750.7141;0.95088714;103.1724;0.0;-7.3453654e-25;99.99998;-7.345365e-21;0.04121661;-0.35702157;0.0020712614;0.25336444;0.25129318;0.0;0.00019744039;4182.427;4908.4775;-2540.5012;5096.6333;-248.01111;-1183.2877
1956-10-20;2.0266216;-6.435631;-7.813038;750.43024;1.2266666;120.236725;1.5644531;0.00022157033;134.69139;1.6682943;2.1162808;-0.640084;0.097334385;0.34621358;0.24887174;0.0731349;0.30672923;3488.71;4153.5522;-2158.6433;5401.195;-444.79443;-1095.6589
1956-10-21;2.863261;-10.450171;-9.7074585;752.17065;0.9858945;93.245575;1.3817545;0.0002048413;150.03578;1.1800131;0.00042617318;-0.52943546;0.002965331;0.24944544;0.24648756;0.04512444;0.0;4086.0444;4838.81;-2698.9229;4880.432;-367.88223;-892.39886
1956-10-22;3.3959045;-12.008922;-8.998009;751.60675;1.0502077;106.449005;1.057373;0.00015751521;150.76593;0.9765625;0.0004351138;-0.50499475;0.003091991;0.24719536;0.24411082;0.04686229;0.0;4063.9856;4799.371;-2696.5105;4951.942;-350.90167;-884.75775
1956-10-23;4.057607;-10.972951;-8.433838;752.7869;1.0065373;96.28936;0.74763995;0.000110824905;150.77406;0.9765625;0.0021427867;-0.48812106;0.0030696392;0.24481118;0.24176389;0.045085326;0.0;3981.8062;4690.3755;-2610.01;5117.4824;-339.14667;-848.81775
1956-10-24;4.6348367;-10.845876;-7.8895125;753.44904;1.0037059;93.87625;0.4802246;7.069111e-05;150.78123;0.36621094;0.0004351138;-0.4741568;0.0023916364;0.24181604;0.23943931;0.03591366;0.0;3927.965;4616.8833;-2565.7239;5219.3945;-329.42;-829.56775
1956-10-25;5.281128;-13.832176;-8.892532;754.43085;1.0357438;97.99387;0.28849283;4.2239826e-05;150.78123;-7.345365e-21;0.0004351138;-0.45854414;0.0015646219;0.2387017;0.23714453;0.023316592;0.0;3933.5256;4616.027;-2728.2478;5023.6953;-318.56555;-786.51447
1956-10-26;4.796875;-17.403837;-9.801827;754.5701;1.0734884;130.0989;0.17277019;2.5550524e-05;150.78839;-7.345365e-21;0.0;-0.40185824;0.00086426735;0.23576617;0.23490936;0.013053417;0.0;3957.2144;4638.919;-2855.5745;4791.4624;-279.18;-753.9
1956-10-27;3.917572;-15.730793;-9.173736;752.77386;1.0564601;83.1648;0.100992836;1.5497208e-05;150.78905;-7.345365e-21;0.0012842757;-0.3709402;0.00064074993;0.23333728;0.23269653;0.00872463;0.0;3881.4116;4546.68;-2730.4438;4948.649;-257.6911;-762.36554
1956-10-28;2.8895977;-13.741558;-8.741783;749.11285;0.9690775;78.78984;0.057942707;8.702278e-06;150.78905;-7.345365e-21;0.0017106531;-0.31977332;0.0004172325;0.2309531;0.23053586;0.005066395;0.0;3758.2117;4399.84;-2536.159;5098.4604;-222.14111;-789.70667
1956-10-29;3.2770894;-11.396771;-8.434819;750.22345;1.0478696;95.27445;0.031901043;4.251798e-06;150.78905;-7.345365e-21;0.00044107434;-0.3036717;0.00020861626;0.22864342;0.2284199;0.0030621886;0.0;3722.5205;4356.0435;-2502.4512;5167.12;-210.95334;-870.12665
1956-10-30;3.8586323;-13.940776;-7.798407;751.6657;1.0232192;157.18382;0.017333984;2.2649765e-06;150.78905;-7.345365e-21;0.00086128706;-0.29864347;0.00014901161;0.22646785;0.22631884;0.0015832484;0.0;3741.1162;4376.079;-2497.4827;5198.3813;-207.45944;-840.43
1956-10-31;3.4383748;-13.082866;-9.308085;750.03687;1.0009332;197.95787;0.009928386;1.2715658e-06;150.78905;-7.345365e-21;0.00085532654;-0.25869253;8.940697e-05;0.22436678;0.22426993;0.00078231096;0.0;3705.5427;4332.9688;-2576.4182;4968.191;-179.70778;-863.44
1956-11-01;1.6462708;-11.71991;-8.7837305;748.0466;1.0489982;172.00768;0.0052897134;9.536743e-07;150.78905;-7.345365e-21;0.00042617318;-0.21411571;4.4703484e-05;0.22231042;0.22227317;0.00039860606;0.0;3664.5044;4283.5513;-2466.922;5013.5967;-148.74055;-931.6544
1956-11-02;0.9232076;-11.148956;-9.870571;749.3316;0.9688373;173.75899;0.0026855469;2.78155e-07;150.78905;-7.345365e-21;0.0008523463;-0.19410253;5.9604645e-05;0.22037327;0.22032112;0.00022538006;0.0;3621.7617;4232.1865;-2531.1746;4852.0386;-134.83778;-957.60333
1956-11-03;2.9618633;-10.751698;-9.396235;752.6731;0.8656091;229.0685;0.001953125;-7.3453654e-25;150.78905;-7.345365e-21;0.0021398063;-0.1996886;0.00011175871;0.21852553;0.21839887;0.00017136335;0.0;3581.2932;4183.6157;-2513.896;4974.7734;-138.71777;-700.12335
1956-11-04;4.4811196;-9.920787;-9.160667;753.86505;0.99866885;102.15011;0.0006510417;-7.3453654e-25;150.78905;-7.345365e-21;0.0008583068;-0.22752956;4.4703484e-05;0.21654367;0.21649897;0.00010430813;0.0;3575.6067;4175.6567;-2571.265;5018.9956;-158.05779;-561.6445
1956-11-05;4.993042;-9.711272;-7.801577;754.1878;0.95525426;211.56067;0.0;-7.3453654e-25;150.78905;-7.345365e-21;0.0017106531;-0.19764714;8.195639e-05;0.21471083;0.21462888;4.656613e-05;0.0;3233.287;3774.7366;-2292.9644;5288.948;-137.29889;-498.15887
1956-11-06;3.4691365;-8.648315;-4.9238296;750.63934;1.2009258;230.90442;1.250651;0.00026599565;151.31053;1.546224;2.0904093;-0.18266308;0.008910894;0.22169948;0.21280348;2.2351742e-05;1.9041524;2738.2656;3195.9312;-1574.7367;6069.039;-126.91;-590.3
1956-11-07;-1.1626993;-6.1025696;-2.5875041;742.1783;1.3014371;206.09056;39.549725;0.0066614547;144.00258;45.532227;18.818026;-0.5015768;0.101327896;0.31237304;0.21104515;0.83268434;17.521732;1861.4028;2651.4568;-929.2083;6394.53;-360.69556;-646.76556
1956-11-08;-6.820732;-8.03221;-5.07666;736.72406;1.0736912;202.56068;100.0;0.03401375;122.9479;270.71127;32.1739;-0.1654271;0.0012367964;0.21059811;0.20935386;0.0;31.890139;383.02;1525.12;-294.83722;6362.4785;-129.29556;-202.74222
1956-11-09;-8.269567;-9.364471;-7.716245;738.90967;1.6280669;205.8734;100.0;0.07710608;119.460915;641.76434;29.821325;-0.051675364;0.0;0.20769238;0.20770729;0.0;29.73256;493.75665;2159.7666;-469.54666;5952.9844;-39.77889;-140.12666
1956-11-10;-9.296344;-11.6067705;-11.113162;747.189;0.8252179;259.10648;100.0;0.08317415;143.03319;584.96094;0.08460879;-0.027477741;0.0;0.20608306;0.20606816;0.0;0.07907674;880.7222;3760.8057;-1014.66833;5008.459;-19.566668;-132.20334
1956-11-11;-9.504184;-16.078346;-14.621436;749.2232;1.1703788;139.04759;100.0;0.083237804;152.85545;544.5964;0.008488177;-0.027051196;0.0;0.20445883;0.20445883;0.0;0.0067688525;966.0722;4015.5955;-1268.945;4418.349;-18.937778;-47.70111
1956-11-12;-9.873863;-18.10031;-18.882566;752.08453;1.561046;18.912;100.0;0.083254494;155.19952;536.7839;0.0012874597;0.0032186508;0.0;0.20286441;0.20287931;0.0;0.0;1011.5289;4095.699;-1311.5995;4020.9226;4.418889;81.51667
1956-11-13;-6.4686856;-19.14305;-16.910048;753.0833;1.6393806;12.469997;100.0;0.08326527;157.26495;529.74445;0.0004351138;-0.03175065;0.0;0.20129979;0.20129234;0.0;0.0;908.7767;3582.1467;-756.9189;4889.5713;-22.75;111.835556
1956-11-14;-2.0141804;-18.300257;-11.562347;751.57574;1.1993409;65.239334;100.0;0.08323407;160.32094;519.36847;0.0;-0.08316524;0.0;0.19973516;0.19973516;0.0;0.0;996.0761;3828.3433;-1136.6528;4935.75;-62.09778;62.72222
1956-11-15;-4.3832855;-15.041046;-13.735133;752.4754;1.3140212;32.960514;100.0;0.0832148;163.42609;509.68423;0.00044107434;-0.024260953;0.0;0.19820035;0.1981929;0.0;0.0;1054.1823;3951.4377;-1311.1444;4491.4604;-16.455555;76.59778
1956-11-16;-5.1085067;-15.546561;-14.629445;751.8045;1.4366244;15.310695;100.0;0.083223544;166.04816;501.74966;0.002144353;-0.022161752;0.0;0.19668043;0.19668788;0.0;0.0;1064.8917;3896.1523;-1275.5695;4466.3877;-14.9377775;89.62556
1956-11-17;-4.359484;-15.562314;-14.0814085;748.72833;1.1511148;91.1477;100.0;0.08322688;168.56476;494.05923;0.0;-0.030225143;0.0;0.19520521;0.19519031;0.0;0.0;1054.5634;3767.66;-1173.6578;4645.4556;-21.239445;65.994446
1956-11-18;-3.959432;-11.893688;-12.428505;747.80615;0.8495634;189.83266;100.0;0.08322755;171.25746;486.16537;0.0014901161;-0.019744039;0.0;0.19373;0.19372255;0.0;0.0014975667;943.43445;3291.919;-965.4686;5027.5547;-13.526667;20.278889
1956-11-19;-3.5829976;-6.7454934;-10.558296;751.1192;0.8179725;199.09608;100.0;0.083270155;174.26105;478.02734;0.021138389;0.020264648;0.0;0.19228458;0.19228458;0.0;0.020712614;1013.7622;3461.1077;-1136.1995;5007.0366;17.51111;-14.306666
1956-11-20;-3.0821228;-8.730934;-9.821701;754.3635;0.85579616;184.39813;100.0;0.08330325;177.4007;469.93002;0.003361702;-0.009017065;0.0;0.19085407;0.19085407;0.0;0.0029355288;951.9328;3180.56;-929.86554;5311.798;-4.9566665;-6.01
1956-11-21;-1.0028788;-5.113871;-9.398227;750.8691;0.6936424;272.82422;100.0;0.08333218;180.7503;461.46646;0.0013887875;0.01916103;0.0;0.18944591;0.18945336;0.0;0.00010430813;1097.1511;3582.2866;-1313.2461;4898.403;16.872223;9.412222
1956-11-22;-4.276591;-5.7379622;-7.2920823;746.47845;0.9288273;268.2811;100.0;0.08343025;184.08363;453.5319;0.25684237;-0.001642853;0.0;0.18806756;0.18806756;0.0;0.23518503;974.38336;3104.1267;-678.2961;5873.832;0.48333332;-78.04667
1956-11-23;-4.0042;-6.3031096;-5.707605;747.749;0.77295464;293.81516;100.0;0.08361312;188.20929;444.82422;0.027900934;-0.0957679;0.0;0.18669665;0.1866892;0.0;0.026345253;1041.3228;3253.081;-1264.8289;5270.9624;-72.85778;-92.87556
1956-11-24;-4.7988524;-8.010623;-7.7162514;748.3301;0.8722379;268.1312;100.0;0.0835857;191.76659;436.48276;0.020305531;-0.04306622;0.0;0.18534064;0.18534064;0.0;0.014312565;1074.945;3274.371;-975.8739;5458.8906;-31.754444;-72.66778
1956-11-25;-3.2624817;-5.2353005;-5.7310996;746.4632;0.7949631;236.66835;100.0;0.08485528;193.49315;438.39517;4.9320283;-0.061703846;0.0;0.18401444;0.18401444;0.0;4.6082735;857.8628;2554.9888;-690.99664;5957.3057;-47.172222;-58.084446
1956-11-26;-3.6270344;-5.357863;-5.628578;746.25195;0.8448222;223.36134;100.0;0.088674866;192.08331;462.48373;0.1273622;-0.0630375;0.0;0.18270314;0.18270314;0.0;0.124275684;924.87946;3071.088;-1235.975;5282.141;-47.83889;-66.39555
1956-11-27;-5.3377686;-7.454264;-8.416432;747.333;0.7246631;251.92548;100.0;0.088761054;195.3382;455.6478;0.24669504;-0.026408583;0.0;0.18142164;0.18141419;0.0;0.24108589;730.19446;2352.179;-712.9728;5622.099;-19.64;-43.066666
1956-11-28;-3.5355937;-5.889013;-7.691068;749.87177;0.7785632;223.16927;100.0;0.08896434;198.2005;449.9105;0.03897022;-0.0070352107;0.0;0.18014014;0.18014014;0.0;0.0384748;960.4867;3063.73;-1195.7444;5163.519;-4.0044446;-35.017776
1956-11-29;-5.0065765;-9.921249;-9.705482;752.1321;1.1258162;37.210537;100.0;0.08898803;201.23598;443.2373;0.0074207783;-0.011889264;0.0;0.17887354;0.17887354;0.0;0.007390976;1044.7456;3253.4177;-1302.5667;4848.999;-7.26;-7.5455556
1956-11-30;-3.5717862;-13.853863;-12.117915;754.0982;1.3144473;16.927494;100.0;0.08899748;203.61229;438.39517;0.0025571552;-0.026980415;0.0;0.17762184;0.17763674;0.0;0.0;1123.7694;3420.1277;-1367.6505;4569.483;-19.10111;88.653336
1956-12-01;-2.031905;-10.45879;-9.242039;754.4399;1.2875818;8.953124;100.0;0.08903066;206.01202;433.26822;0.061813;-0.018746592;0.0;0.17639995;0.17639995;0.0;0.0;717.38556;2134.4644;-751.3122;5561.5356;-13.393333;68.98333
1956-12-02;-1.7500407;-8.984131;-8.053414;754.6926;1.4276708;17.238075;100.0;0.08897563;208.96059;426.87988;0.0017259244;-0.024651177;0.007778406;0.18295646;0.17517805;0.15144423;0.0;1106.0483;3227.0854;-1278.2988;5081.2886;-17.079445;59.997776
1956-12-03;-0.17977905;-9.097569;-7.647499;754.1145;1.0494894;167.05124;100.0;0.08880166;212.04164;420.36948;0.0;-0.036241487;0.00846386;0.18243492;0.17397106;0.18900633;0.0;1126.2916;3215.4233;-1175.8038;5243.57;-26.05;50.127777
1956-12-04;0.5223796;-6.2449746;-6.07723;749.66406;0.9721617;244.06812;100.0;0.088588834;215.5078;413.16733;0.076428056;-0.032386743;0.011302531;0.18408895;0.17277896;0.21810457;0.07556751;1027.7367;2872.7856;-1082.4395;5463.5977;-23.576666;30.421112
1956-12-05;-4.024183;-5.0309243;-4.9082603;742.1469;0.99510455;210.36754;100.0;0.10978234;190.48143;581.014;34.0758;0.00040326267;0.0;0.17162412;0.17162412;0.0;33.9296;103.34722;404.62888;-42.185555;6709.1143;0.34;-15.83
1956-12-06;-4.0974555;-8.643575;-7.35907;748.33813;0.68165153;213.56575;100.0;0.1229012;181.18324;680.1351;0.10475516;-0.027586706;0.0;0.17048419;0.17047673;0.0;0.0988245;708.7083;3008.591;-1283.5072;4960.117;-19.64889;-28.885555
1956-12-07;-5.871483;-8.546996;-9.579886;743.1442;0.60642076;263.37903;100.0;0.1382417;168.45702;825.3174;34.946136;0.0121593475;0.0;0.1693517;0.16934425;0.0;34.762585;137.86333;574.6633;156.75;6541.7754;9.52;10.04
1956-12-08;-5.3881326;-6.0172677;-5.9266534;740.8177;1.1770035;195.48322;100.0;0.16101734;158.48695;1017.2933;7.59995;0.01192186;0.0;0.16823411;0.16824156;0.0;7.4340663;442.85223;1914.0533;-327.93945;6338.0605;10.101666;-67.36
1956-12-09;-7.6308303;-8.708396;-6.245745;736.4734;1.443288;189.97914;100.0;0.20059092;153.53578;1300.7406;48.017693;-0.07311627;0.0;0.16713142;0.16714633;0.0;47.97738;146.35556;639.9978;-230.5239;6311.6846;-57.304443;-94.92
1956-12-10;-11.965725;-14.538776;-9.596194;736.6882;0.9884942;216.02129;100.0;0.23213439;151.75128;1527.0182;20.90764;-0.094641;0.0;0.16605854;0.16605854;0.0;20.887695;475.34113;2080.85;-804.81;5284.42;-73.53;-140.46777
1956-12-11;-17.299706;-21.29473;-16.875204;741.9903;0.860384;125.557365;100.0;0.23784725;157.41339;1512.7767;0.07669997;-0.033844262;0.0;0.16498566;0.1649782;0.0;0.07240847;722.9278;3090.629;-1422.6572;3861.4216;-25.655556;-131.39333
1956-12-12;-16.96038;-25.37532;-24.006472;746.0529;1.0282441;79.292786;100.0;0.2378606;162.06183;1468.4652;0.0;-0.00021234155;0.0;0.16391277;0.16391277;0.0;0.0;793.58167;3298.5923;-1347.0211;3431.4968;0.65444446;50.88778
1956-12-13;-14.325149;-25.171928;-25.500387;748.35913;1.1668822;25.364325;100.0;0.23787002;165.13312;1441.2028;0.00087320805;0.0021746382;0.0;0.16285479;0.16286224;0.0;0.00044330955;762.7033;3084.4167;-912.1483;3938.9875;2.5511112;111.94
1956-12-14;-11.729468;-21.332193;-24.06308;746.69727;0.7751892;112.85123;100.0;0.2379142;168.12921;1416.0156;0.13795495;0.0052843243;0.0;0.16182661;0.16182661;0.0;0.13440847;808.3428;3187.4;-642.7167;4404.972;4.9688888;69.293335
1956-12-15;-13.21671;-16.3351;-19.908157;746.2361;0.92912966;67.25202;100.0;0.23907991;170.34991;1404.1342;1.3690054;0.03033597;0.0;0.16079843;0.16080588;0.0;1.3656318;612.33167;2386.3923;-555.6617;4856.702;24.194445;17.04889
1956-12-16;-15.096112;-20.77748;-20.969805;747.7592;1.4384855;17.128826;100.0;0.2394954;174.04718;1377.36;0.0034809113;0.011952594;0.0;0.15978515;0.1597926;0.0;0.0030435622;831.49164;3173.9521;-1273.6106;3833.1355;10.353333;68.63778
1956-12-17;-14.586585;-20.964926;-23.20027;748.0478;1.6044675;16.956587;100.0;0.23952405;177.43358;1351.0742;0.0013172621;0.018876977;0.0;0.15878677;0.15878677;0.0;2.9802322e-05;863.3678;3214.871;-1166.792;3804.8542;15.538889;115.61
1956-12-18;-13.052817;-17.682623;-22.387589;748.8535;1.5366193;19.516027;100.0;0.23956938;180.4912;1328.5319;0.021914223;0.03332831;0.0;0.1578033;0.1578033;0.0;0.01977384;812.6055;2958.2944;-866.48724;4282.3457;26.663334;98.14778
1956-12-19;-13.260089;-17.143158;-20.867014;748.97656;1.7536553;18.860147;100.0;0.23962481;183.78871;1304.8502;0.0058497186;0.035491772;0.0;0.15681982;0.15681982;0.0;0.004529953;845.7033;3006.6956;-948.0233;4316.186;28.506666;88.65222
1956-12-20;-12.608273;-17.155981;-19.9686;746.18195;1.7803634;19.322351;100.0;0.23967381;187.2451;1281.3721;0.065017916;0.029759482;0.0;0.15585124;0.15585124;0.0;0.06330758;888.08386;3081.9612;-815.5417;4546.1304;24.155556;84.041115
1956-12-21;-10.406295;-13.643806;-16.089888;739.47046;1.2834471;25.977682;100.0;0.2463799;184.85936;1332.1127;10.60051;0.019663945;0.0;0.15489757;0.15489012;0.0;10.593727;429.3639;1651.3756;-130.07834;5699.511;15.784445;27.486666
1956-12-22;-10.252712;-13.492686;-14.18164;742.98096;0.8679674;41.89984;100.0;0.25203344;184.61;1366.8213;1.1639357;0.0089574605;0.0;0.1539439;0.1539439;0.0;1.1596456;712.18945;2837.841;-912.95886;4874.6455;8.137777;-22.107779
1956-12-23;-11.388232;-16.593285;-16.872997;749.11664;1.0797535;72.935074;100.0;0.2521694;189.8203;1329.9154;0.0046014786;0.010369346;0.0;0.15299022;0.15301257;0.0;0.002462417;787.43335;3057.541;-1275.0028;4126.5244;9.236667;18.964445
1956-12-24;-8.89428;-20.652023;-18.919662;748.74567;0.91589427;203.43127;100.0;0.25218582;193.86847;1302.0426;0.0;-0.0073872507;0.0;0.15208125;0.1520738;0.0;0.0;797.0833;3019.4033;-1050.7861;4293.5996;-4.57;82.00667
1956-12-25;-8.762268;-20.280333;-19.526522;746.6811;0.7583208;304.9648;100.0;0.25219372;197.38605;1279.5004;0.0025822602;-0.004763715;0.0;0.15115738;0.15115738;0.0;0.0;853.2883;3152.3433;-1027.6766;4287.1987;-2.6133332;76.791115
1956-12-26;-9.420849;-17.753624;-19.327646;746.5259;0.7945816;139.56476;100.0;0.25220856;200.71873;1258.2194;0.0018507242;0.006556511;0.0;0.15024841;0.15024841;0.0;0.0009909272;861.0183;3106.199;-1029.8683;4305.945;6.1555557;61.04222
1956-12-27;-9.485482;-13.565675;-18.326857;745.9546;0.7159298;302.7506;100.0;0.25229946;203.90038;1238.851;0.38467646;0.02423115;0.0;0.14936924;0.14935434;0.0;0.3825873;816.4155;2876.8423;-514.485;5065.1846;19.75;24.301111
1956-12-28;-8.019368;-9.0706215;-12.82169;745.32544;0.45981446;212.24298;100.0;0.25595415;203.13866;1260.2133;5.098498;0.02271682;0.0;0.14847517;0.14847517;0.0;5.0972104;405.00723;1483.5945;194.26666;6451.817;18.206667;-27.513334
1956-12-29;-8.064297;-9.182576;-9.293236;744.6424;0.73758477;103.42117;100.0;0.25932965;205.48956;1263.4277;1.9476652;-0.0011995435;0.0;0.1476109;0.14760345;0.0;1.9449518;527.52057;1993.8411;-347.3272;6026.7134;-0.16444445;-73.02889
1956-12-30;-9.442772;-14.047684;-10.587783;745.3167;1.051649;40.214207;100.0;0.26004103;211.51366;1231.1605;0.030118227;-0.059647486;0.0;0.14674664;0.14672428;0.0;0.028852373;776.10114;2905.8289;-1323.7966;4596.7295;-45.302223;-83.01111
1956-12-31;-10.06453;-17.672316;-15.301071;745.3125;1.0255266;42.77553;100.0;0.2600422;216.22523;1203.776;0.00011920929;-0.010550022;0.0;0.14585257;0.14586002;0.0;7.4505806e-05;895.195;3270.2556;-1373.5756;4135.5386;-6.7444444;29.975555
1957-01-01;-11.298836;-16.1795;-16.800598;744.3438;0.9322734;39.421463;100.0;0.26017347;219.41014;1186.7676;1.3307687;0.0062370673;0.0;0.1450181;0.14501065;0.0;1.3258979;873.74835;3117.8223;-901.54553;4640.976;6.0066667;-2.0
1957-01-02;-11.235687;-13.413997;-14.270852;744.625;0.614267;107.58143;100.0;0.262862;217.17284;1211.0189;1.5273657;0.0011408702;0.0;0.14418364;0.14416873;0.0;1.5186443;504.63388;1852.0522;-276.33334;5669.1987;1.5577778;-47.807777
1957-01-03;-12.24633;-14.227763;-13.831872;746.21796;0.7718467;115.9705;100.0;0.2636323;219.73175;1201.0092;0.45478642;-0.006914139;0.0;0.14333427;0.14334172;0.0;0.4496947;783.45166;2844.0056;-858.17224;4941.1113;-4.36;-76.812225
1957-01-04;-11.30173;-13.979819;-13.173068;745.42896;0.66169137;69.07671;100.0;0.26540336;220.70116;1202.3112;6.3990564;-0.019429252;0.0;0.1425296;0.1425147;0.0;6.3964725;585.85944;2083.5823;-213.2111;5834.1763;-14.335556;-72.365555
1957-01-05;-7.99609;-9.331731;-9.925784;741.032;0.6133964;112.3023;100.0;0.28206328;202.7005;1389.7705;17.170137;0.008888543;0.0;0.14171004;0.14170259;0.0;17.163109;385.6661;1621.2722;-151.25055;6196.9624;7.518889;-47.45889
1957-01-06;-10.620097;-12.134609;-9.618861;738.574;0.87209195;161.62958;100.0;0.29812083;194.18488;1534.668;13.207632;-0.031411648;0.0;0.14090538;0.14090538;0.0;13.195935;372.03833;1611.8123;-673.06555;5473.5776;-24.116667;-77.674446
1957-01-07;-14.312371;-19.990362;-14.635388;740.6093;0.70266145;139.8838;100.0;0.3021251;197.56801;1531.25;0.0631839;-0.036573038;0.0;0.14011562;0.14010817;0.0;0.061985105;766.3661;3243.9734;-1473.765;3988.7505;-27.316668;-96.30778
1957-01-08;-11.946595;-20.4471;-19.554506;743.50397;0.9426268;86.88263;100.0;0.302135;202.20831;1495.931;0.0012876642;-0.002251938;0.0;0.13931096;0.13931096;0.0;0.0;829.5405;3415.75;-1343.755;3814.763;-0.4288889;53.306667
1957-01-09;-12.905416;-21.802343;-21.974669;742.7171;0.93416244;120.15397;100.0;0.30214962;205.53514;1471.4355;0.0017287394;0.0019986182;0.0;0.1385212;0.13852865;0.0;0.0;852.2939;3417.3389;-1239.6711;3774.944;2.6411111;70.257774
1957-01-10;-13.51402;-22.619553;-22.809837;742.8597;1.1231532;90.554085;100.0;0.3021636;208.3496;1451.6195;0.0;0.0005941838;0.0;0.13774633;0.13776124;0.0;7.4505806e-06;882.6178;3448.9111;-1217.0422;3772.646;1.5788889;81.14778
1957-01-11;-14.67056;-20.470472;-23.002851;739.07544;1.0390165;184.81805;100.0;0.3022115;210.88116;1434.4076;0.06966591;0.0110678375;0.0;0.13698637;0.13699383;0.0;0.06622821;840.44446;3204.889;-845.9889;4241.9995;9.603333;46.546665
1957-01-12;-13.825523;-16.18997;-21.514383;741.4658;0.9304922;271.54282;100.0;0.3022872;213.4964;1417.1549;0.011911988;0.031255186;0.0;0.13622642;0.13623387;0.0;0.011056662;907.05725;3374.4133;-787.11725;4441.0376;25.195555;3.0277777
1957-01-13;-12.197589;-14.429114;-17.962685;747.4157;0.67161876;251.26129;100.0;0.30408195;213.88148;1421.6309;5.5968585;0.017994083;0.0;0.13548136;0.13548881;0.0;5.5934525;612.08386;2226.771;41.73389;5797.8906;14.643333;-30.703333
1957-01-14;-8.953105;-10.174941;-12.262935;750.0906;0.7319414;171.8014;100.0;0.3101926;210.23827;1476.7252;2.6690812;0.013581477;0.0;0.1347363;0.1347512;0.0;2.6652143;434.9572;1713.0934;-42.09611;6185.2544;11.278889;-46.296665
1957-01-15;-9.928399;-12.562982;-11.657143;747.98413;0.9957122;54.944077;100.0;0.31088188;215.96547;1441.569;0.0057250257;-0.010766089;0.0;0.13400614;0.13400614;0.0;0.005297363;875.47833;3390.9255;-1075.8184;4866.2725;-6.7044444;-91.492226
1957-01-16;-11.36591;-14.384967;-13.330219;744.2613;0.97505236;70.27481;100.0;0.3108966;221.4658;1405.599;0.0047385693;-0.008346513;0.0;0.13327599;0.13327599;0.0;0.003427267;888.2339;3356.9177;-1069.565;4722.0815;-4.938889;-78.00889
1957-01-17;-10.805558;-12.806966;-14.19891;742.06323;0.7516156;187.35272;100.0;0.3110126;225.88344;1378.2959;0.38894123;0.014664605;0.0;0.13256073;0.13255328;0.0;0.38453937;710.32275;2625.0854;-604.1811;5231.368;12.411111;-38.275555
1957-01-18;-9.650902;-10.948288;-11.367268;736.3367;0.715956;226.86589;100.0;0.3166623;222.44334;1421.9971;15.000597;-0.006779097;0.0;0.13183057;0.13184547;0.0;14.996279;415.96112;1565.69;42.565277;6320.4814;-4.821111;-79.208885
1957-01-19;-8.292144;-10.471863;-8.92991;730.5788;0.786084;70.1442;100.0;0.33922264;203.67316;1664.3066;14.290466;-0.025482848;0.0;0.13113022;0.13113022;0.0;14.283761;449.4461;1938.0867;-422.4825;5944.3076;-18.986666;-75.29222
1957-01-20;-10.857044;-16.324516;-11.999454;736.0234;0.894578;47.634357;100.0;0.3426634;209.55597;1637.5732;0.15340501;-0.03658887;0.0;0.13044477;0.13042986;0.0;0.14910847;819.89777;3467.2122;-1268.7383;4506.479;-26.717777;-84.90444
1957-01-21;-13.941424;-19.28528;-15.194715;740.2242;1.0045214;45.310635;100.0;0.34285796;215.29262;1594.3197;0.1654625;-0.02204813;0.0;0.12972951;0.12973696;0.0;0.16351044;817.54224;3363.7556;-1336.2284;4176.3867;-15.688889;-73.382225
1957-01-22;-16.198881;-24.391968;-19.970522;744.53033;1.8277575;17.350483;100.0;0.34292606;219.36163;1564.5752;0.0011682509;-0.016156584;0.0;0.12904406;0.12904406;0.0;0.0003054738;981.2905;3935.041;-1689.2814;3337.825;-11.098889;47.81889
1957-01-23;-11.888768;-21.463629;-21.613138;750.03613;1.7909516;10.013274;100.0;0.34293607;222.29393;1544.0674;0.0;0.0034086406;0.0;0.1283586;0.1283586;0.0;0.0;977.74225;3821.08;-1154.1078;3993.6423;4.2433333;129.02667
1957-01-24;-9.326672;-18.311281;-20.629755;750.08185;1.2731291;47.584293;100.0;0.34296444;225.13866;1525.1465;0.0021515826;0.008687377;0.0;0.12768805;0.12768805;0.0;0.0;1021.5;3892.5166;-1119.0189;4147.8184;8.425;105.47889
1957-01-25;-7.6038933;-18.750433;-19.341543;749.90283;0.93055654;194.28346;100.0;0.34298655;228.12335;1504.9642;0.0008523463;-0.006392598;0.0;0.1270175;0.12701005;0.0;0.0;996.48444;3703.2957;-907.1567;4530.0405;-3.24;78.74111
1957-01-26;-9.197312;-17.86373;-18.39947;748.3792;0.8081183;171.47935;100.0;0.34300148;231.33624;1483.8461;0.0008523463;-0.0034254044;0.0;0.12634695;0.1263395;0.0;0.0;1091.0566;3959.7788;-1319.169;4059.525;-0.9722222;23.164444
1957-01-27;-10.462848;-16.935823;-18.490204;745.6871;0.92798454;46.414124;100.0;0.34302303;234.42186;1465.0065;0.0038653607;0.010108575;0.0;0.1256764;0.1256913;0.0;0.00085681677;746.75336;2646.8967;-773.9261;4683.5913;8.752222;47.407776
1957-01-28;-10.327666;-16.825241;-17.952875;744.89606;0.96175957;53.561375;100.0;0.3430449;237.49022;1446.1263;0.0008523463;0.0016996637;0.0;0.12502074;0.1250431;0.0;0.0;1158.7789;4014.9912;-1343.7117;4085.0723;3.088889;5.3344445
1957-01-29;-9.6286125;-15.773387;-17.369272;745.3042;0.97955585;37.48343;100.0;0.34362304;239.67152;1434.0414;5.009336;-0.00089779496;0.0;0.12439489;0.12438744;0.0;4.9955173;1042.831;3533.78;-643.5994;5028.138;0.91888887;4.16
1957-01-30;-8.125066;-9.709514;-12.587756;737.98193;0.5131547;97.97338;100.0;0.3627634;220.0003;1646.403;22.961115;0.017249025;0.0;0.12375414;0.12375414;0.0;22.95519;303.35278;1259.8966;215.86667;6459.745;13.83;-16.61
1957-01-31;-7.4261985;-8.334621;-8.860862;737.0129;0.75236654;168.43181;100.0;0.38398552;208.98729;1836.5479;16.433691;0.003784895;0.0;0.123128295;0.123128295;0.0;16.42595;322.65778;1395.21;27.750555;6525.635;3.4927778;-64.14
1957-02-01;-8.060883;-10.527164;-7.835335;739.4086;0.70165753;112.73514;100.0;0.3960546;211.13246;1875.6918;14.085403;-0.058641657;0.0;0.122502446;0.122502446;0.0;14.081918;495.09277;2119.9966;-545.8392;5837.6953;-44.88222;-115.28667
1957-02-02;-10.390798;-13.479098;-9.915531;741.2513;0.7286083;84.24102;100.0;0.40876058;210.90916;1939.1683;6.868215;-0.06463751;0.0;0.1218915;0.12188405;0.0;6.8483987;527.8111;2269.96;-664.8508;5452.5493;-49.622223;-109.85
1957-02-03;-12.392928;-16.244225;-11.90311;745.6909;1.1977246;30.397882;100.0;0.41143748;217.44008;1894.5719;0.111696124;-0.065498985;0.0;0.12126565;0.12126565;0.0;0.1087673;888.8017;3757.3638;-1147.037;4716.742;-49.077778;-155.68666
1957-02-04;-12.330913;-18.376793;-14.333756;743.9106;0.9423223;146.74226;100.0;0.41148356;224.05858;1838.2162;0.25600195;-0.050287694;0.0;0.1206547;0.1206547;0.0;0.25178865;1040.2045;4274.8154;-1128.7417;4559.074;-37.04222;-138.13333
1957-02-05;-12.932437;-19.159943;-15.232365;744.9605;1.4709774;14.717461;100.0;0.41229722;228.16437;1808.5123;0.60899854;-0.08206256;0.0;0.120043755;0.120043755;0.0;0.6072745;979.5906;3955.0544;-1319.047;4271.6597;-62.335556;-46.75778
1957-02-06;-13.111237;-19.937078;-18.05401;748.2409;1.1489239;94.828514;100.0;0.4123952;232.45766;1775.3906;0.060740113;-0.018567778;0.0;0.11944771;0.11944026;0.0;0.05815178;958.3922;3766.7122;-1263.7169;4082.4932;-12.774445;-12.655556
1957-02-07;-8.7004385;-18.975676;-18.877966;751.8442;1.1723856;32.104576;100.0;0.41243735;236.0641;1748.4945;0.0012814989;-0.013804063;0.0;0.11882186;0.11883676;0.0;0.0;1181.3005;4526.95;-1323.5577;4030.5417;-8.33;59.393333
1957-02-08;-6.3583093;-18.935993;-18.49804;751.5888;0.85988045;258.3215;100.0;0.4124503;239.51984;1723.226;0.0004351138;-0.017214566;0.0;0.118240714;0.118240714;0.0;0.0;1236.4362;4622.427;-1460.7927;3920.8503;-11.014444;73.026665
1957-02-09;-7.994188;-20.186241;-18.943521;750.30444;0.9211753;149.6493;100.0;0.41245914;242.78612;1700.3988;0.00042766327;-0.022459775;0.0;0.11765957;0.11765212;0.0;0.0;1271.5383;4639.9565;-1417.0594;3930.9263;-15.103333;44.664444
1957-02-10;-8.09982;-17.424227;-17.266695;744.73615;0.6780483;167.304;100.0;0.41334108;244.85545;1689.0055;2.3317306;-0.012811273;0.0;0.11707842;0.11707097;0.0;2.3215935;800.41943;2884.7656;-268.0111;5510.0864;-8.6044445;9.305555
1957-02-11;-8.650834;-10.374846;-12.9211645;741.77655;0.81164235;257.6716;100.0;0.41556677;246.29295;1688.5172;1.57765;0.013335608;0.0;0.11649728;0.11649728;0.0;1.5694983;866.81445;3174.0679;-299.29834;5879.1113;11.818889;-89.314445
1957-02-12;-8.721272;-10.390144;-10.193278;748.35187;0.85063535;187.56468;100.0;0.41697636;249.9723;1669.5963;0.80023646;-0.0641793;0.0;0.115931034;0.115931034;0.0;0.79489124;944.56555;3466.0256;-610.5356;5662.7363;-48.49889;-154.32889
1957-02-13;-7.942515;-9.102803;-8.798146;747.3535;0.56288713;185.51744;100.0;0.4286352;244.50941;1752.482;21.222342;0.006897375;0.0;0.11536479;0.11537224;0.0;21.217487;329.33835;1254.4989;-89.503334;6357.9185;5.828889;-42.09667
1957-02-14;-7.356089;-8.885579;-7.6872964;749.01654;0.6490237;253.80078;100.0;0.43881008;243.02635;1807.8207;1.0114163;-0.045036897;0.0;0.11481345;0.114806;0.0;1.0032617;938.6989;3960.1377;-704.93;5754.2056;-32.718887;-189.02556
1957-02-15;-6.5954995;-7.7218857;-7.279856;747.1691;0.8177754;154.10753;100.0;0.44138002;248.51886;1776.8555;4.441264;-0.033691525;0.0;0.114262104;0.11425465;0.0;4.4371076;518.85114;2143.0854;-239.35889;6303.697;-25.452223;-113.664444
1957-02-16;-4.484446;-6.8572793;-6.374644;748.13525;0.77342457;105.423096;100.0;0.44426546;254.12141;1750.2441;0.15015602;-0.031556934;0.0;0.11369586;0.11369586;0.0;0.14801696;1108.6278;4572.8154;-1255.4044;5215.75;-21.184444;-143.7
1957-02-17;-3.5478313;-13.322885;-8.860425;750.59406;1.0705572;47.273586;100.0;0.44427657;260.97885;1703.8168;0.0030109123;-0.07244758;0.0;0.113129616;0.11313707;0.0;0.0;1234.3661;4955.141;-1531.4022;4607.194;-52.31889;-27.862223
1957-02-18;-2.800415;-12.695594;-10.122861;751.5427;1.1291882;40.500713;100.0;0.44426605;266.34732;1669.7184;0.00043511385;-0.052584335;0.0;0.11257827;0.11257827;0.0;0.0;1278.1594;4998.879;-1417.1333;4697.0137;-36.875557;-1.9911112
1957-02-19;-3.118459;-12.160937;-10.614772;752.0168;1.0583111;39.22637;100.0;0.44426823;271.03677;1640.5844;0.00085015834;-0.04327111;0.0;0.11202693;0.11201948;0.0;0.0;1319.39;5031.6123;-1423.9678;4664.925;-29.75;-9.493333
1957-02-20;-3.87617;-12.6727;-11.104268;750.0368;0.96740365;129.02376;100.0;0.4442707;275.27798;1615.1123;0.0012840055;-0.04939735;0.0;0.11147559;0.11147559;0.0;0.0;1374.2911;5113.1655;-1459.53;4573.373;-34.744446;-36.23611
1957-02-21;-4.254206;-12.444581;-11.515374;749.82355;0.96106035;99.54426;100.0;0.44427267;279.13184;1592.7734;0.0004351138;-0.03875047;0.0;0.110939145;0.110931695;0.0;0.0;1421.2134;5161.76;-1504.0194;4490.922;-26.464445;-31.456667
1957-02-22;-4.2512107;-11.362033;-11.331482;748.47266;0.7814428;295.37735;100.0;0.44427553;282.736;1572.3063;0.0013589859;-0.04099682;0.0;0.1104027;0.1104027;0.0;0.0005029142;1428.8767;5069.717;-1316.3173;4767.4595;-28.556667;-73.78667
1957-02-23;-4.4657693;-7.754832;-9.835785;747.49054;0.67583436;251.38823;100.0;0.44670665;284.00327;1572.5504;8.265227;0.005860813;0.0;0.10988116;0.10988116;0.0;7.714555;1096.4484;3897.7932;-615.68555;5776.0327;5.4666667;-107.12889
1957-02-24;-2.5460918;-5.8627114;-7.553192;748.02545;0.6409848;209.98186;100.0;0.4541898;279.83496;1624.4711;0.76318383;-0.020420179;0.0;0.10935962;0.10935962;0.0;0.56797266;1288.9294;5055.032;-1141.2406;5316.237;-12.002222;-139.04944
1957-02-25;-2.7342021;-3.8779907;-5.985565;744.7088;0.67063576;174.92041;100.0;0.46267042;279.20248;1656.1686;19.631668;0.012436882;0.0;0.10883808;0.10884553;0.0;18.03868;463.56946;1842.495;-105.52472;6664.684;10.565;-43.023335
1957-02-26;-3.576884;-4.722158;-4.021866;739.5962;0.43488893;184.15681;100.0;0.48569974;267.5244;1815.5111;14.17691;-0.07059332;0.0;0.108361244;0.10834634;0.0;13.793468;569.2539;2457.229;-332.51694;6540.5156;-53.70111;-125.42667
1957-02-27;-4.1242065;-5.2338843;-3.813502;741.059;0.82619077;226.11525;100.0;0.4925122;270.96518;1819.2139;4.462918;-0.12286659;0.0;0.1078397;0.1078397;0.0;4.379239;926.5378;3897.8005;-619.88;6201.7;-93.55222;-226.55444
1957-02-28;-4.6954346;-6.2493997;-3.8621624;746.28046;1.0497857;218.10628;100.0;0.49521255;276.9987;1789.7135;1.4663508;-0.22686832;0.0;0.107347965;0.10732561;0.0;1.4259368;1062.3917;4353.762;-765.22864;6002.811;-174.71777;-267.93777
1957-03-01;-3.0168865;-3.9096172;-3.4193218;749.89606;0.9711289;210.15578;100.0;0.50032383;280.50977;1784.4238;7.2971926;-0.12819096;0.0;0.106841326;0.106833875;0.0;6.9388375;679.2289;2765.3855;-155.68861;6830.8813;-98.666115;-199.0389
1957-03-02;-0.79292804;-4.03359;-2.1770656;751.73566;0.73298234;163.53445;100.0;0.5032811;286.81607;1756.8766;1.9464241;-0.13028738;0.0028908253;0.10922551;0.10633469;0.057512894;1.4669597;1178.4238;4647.5312;-950.2289;5995.47;-97.33444;-193.96527
1957-03-03;-1.0368143;-2.7930298;-1.7857933;749.0236;1.0165085;219.25134;100.0;0.50893885;291.6058;1746.582;6.913334;-0.11319015;0.01360476;0.11943281;0.1058355;0.15999377;5.899917;943.01886;3546.9966;-482.70444;6606.8667;-85.787224;-165.94917
1957-03-04;-1.7041931;-2.095178;-0.8817304;747.8837;0.5973651;168.46712;100.0;0.5297057;286.41342;1848.3887;29.236187;-0.10709278;0.049561262;0.15491247;0.10535121;0.23419224;25.469162;516.9789;2009.8994;-108.34389;7061.431;-82.62278;-172.14555
1957-03-05;-1.4801878;-2.0141068;-0.20848338;745.90424;0.5905708;180.52113;100.0;0.5490714;285.92905;1919.9625;23.255838;-0.17543137;0.21469593;0.3195554;0.10487437;0.79064816;18.926367;804.69;2947.535;-287.76556;6949.8345;-134.86778;-250.70778
1957-03-06;-3.3048859;-4.15448;-0.21151097;739.9704;0.74644965;170.47751;100.0;0.5804852;274.5612;2112.3047;32.03764;-0.2561258;0.04464388;0.14904141;0.104397535;0.18999912;30.394655;674.8994;2723.9148;-493.86777;6570.8105;-198.74222;-296.37195
1957-03-07;-7.1513557;-8.931783;-1.2489752;737.5423;1.3581095;206.50043;100.0;0.60597146;268.69858;2255.6152;14.673094;-0.55899847;0.0;0.1039207;0.10392815;0.0;14.661357;881.25946;3507.4524;-646.9133;6105.461;-436.19446;-621.4597
1957-03-08;-7.0102234;-8.512408;-3.7932014;744.6805;1.1686891;205.20833;100.0;0.6134599;274.3021;2238.7288;2.7004778;-0.31978077;0.0;0.10345876;0.10344386;0.0;2.6855655;1247.6786;4789.1406;-1009.4595;5618.061;-247.05055;-439.28665
1957-03-09;-5.385386;-7.0858283;-4.738323;747.6663;0.7488148;206.0883;100.0;0.6144044;282.44434;2177.4495;0.40216243;-0.23693871;0.0;0.102981925;0.102974474;0.0;0.3964752;1177.5629;4467.485;-669.86;6091.5767;-181.70778;-298.94
1957-03-10;-3.5981853;-5.412374;-4.1588235;744.60944;0.65601665;184.7243;100.0;0.615236;289.70834;2125.0408;2.7894676;-0.1749089;0.0;0.10250509;0.10250509;0.0;2.7558246;1105.0756;4142.0337;-698.9828;6098.695;-132.93944;-202.73111
1957-03-11;-4.5109763;-5.4757996;-3.7112834;742.5848;0.73389155;191.36421;100.0;0.62692744;288.08853;2175.415;14.542294;-0.15077275;0.0;0.10204315;0.1020506;0.0;14.410906;812.272;3312.8796;-520.3506;6322.9746;-115.38;-243.35445
1957-03-12;-3.696757;-6.796244;-3.8594348;741.09467;0.5576866;177.39502;100.0;0.6325764;292.30533;2165.8936;1.7049313;-0.18283632;0.0;0.101581216;0.10158867;0.0;1.6847923;1155.8595;4769.03;-927.555;5858.8867;-137.65388;-210.8689
1957-03-13;-4.790985;-5.9325814;-4.060865;741.62067;0.9122317;179.14735;100.0;0.6375961;295.79102;2155.721;8.59734;-0.16271788;0.0;0.10113418;0.10112673;0.0;8.571122;945.7761;3860.0037;-606.2522;6203.7725;-124.18389;-258.69833
1957-03-14;-4.4483237;-6.7119546;-4.089662;738.9631;0.6870125;190.23718;100.0;0.64353913;298.03647;2160.8074;2.1928394;-0.1970483;0.0;0.100687146;0.100679696;0.0;2.173625;1147.7417;4749.763;-833.5378;5936.36;-149.36778;-240.47972
1957-03-15;-5.61735;-6.855002;-4.457653;742.8775;0.901843;178.0577;100.0;0.64772135;301.1901;2151.6113;3.763524;-0.17752685;0.0;0.10022521;0.10022521;0.0;3.7542133;1086.1827;4477.247;-903.9686;5769.0225;-135.22333;-297.23944
1957-03-16;-5.238047;-7.063188;-5.138397;743.97125;1.0027605;176.96883;100.0;0.64882666;306.6107;2117.4724;0.5432099;-0.17187464;0.0;0.099763274;0.099778175;0.0;0.5350523;1447.7417;5833.0435;-919.25446;5796.71;-128.73277;-319.34055
1957-03-17;-3.6424458;-4.473315;-4.0721383;744.48737;1.3863864;214.93243;100.0;0.6509604;311.0485;2093.5059;5.626708;-0.14453009;0.0;0.09933114;0.09933114;0.0;5.2815228;1043.7458;4124.977;-420.4111;6491.2744;-109.763336;-265.25806
1957-03-18;-2.2434185;-3.0421154;-2.5382793;748.8914;1.0160714;206.67848;100.0;0.657528;313.27734;2099.8535;4.722327;-0.14376827;0.0;0.09889901;0.098891556;0.0;4.313089;1201.358;4866.493;-686.75665;6342.5376;-107.93611;-279.02194
1957-03-19;-0.6500244;-2.582143;-1.885498;750.97144;0.77034086;243.95497;100.0;0.6595218;319.17545;2068.278;0.030586125;-0.13858545;0.015854836;0.11430681;0.09844452;0.20788983;0.01803413;1563.3552;6103.521;-1069.2731;5963.859;-100.67944;-242.26555
1957-03-20;0.09687296;-1.1664429;-1.0569;749.0904;0.7649725;229.85655;100.0;0.6589666;327.0254;2017.334;0.05431191;-0.14924444;0.06586313;0.16385317;0.09799749;0.8073803;0.0018700957;1631.6727;5480.351;-734.3428;6496.1387;-109.77;-243.2889
1957-03-21;-0.109558105;-3.6597087;-0.52285767;750.8675;0.9964785;84.005196;100.0;0.65755415;335.54556;1961.8734;0.0026106834;-0.27259254;0.14550984;0.24303794;0.0975579;1.6576592;0.0009126961;2203.2927;6374.589;-1642.0236;5398.1543;-203.92778;-252.09445
1957-03-22;0.62125653;-4.3399453;-0.40160623;752.6866;0.98457646;87.908485;100.0;0.65572435;344.52408;1905.3955;0.0015586615;-0.20766817;0.17914176;0.27623773;0.09710342;2.0788648;0.0;2237.5317;5846.088;-1321.7286;5796.3154;-152.78778;-185.98111
1957-03-23;0.8107605;-4.9204507;-0.21814983;750.95654;0.91774327;96.3115;100.0;0.6500842;352.2643;1847.2494;0.023105733;-0.33162442;0.72185695;0.8185208;0.09665638;8.08272;0.00022351742;2573.3206;6233.214;-1524.5953;5618.4155;-248.91;-195.11333
1957-03-24;-0.62961835;-2.8191833;-0.2087555;747.43304;0.658593;55.136433;100.0;0.6481393;357.71973;1812.8662;7.3147297;-0.16907416;0.45837462;0.5546212;0.09623915;2.4074223;2.4642088;1277.38;3062.081;-721.6536;6443.723;-128.97556;-159.34
1957-03-25;-1.4673767;-2.2246094;-0.107676186;743.5804;0.8290642;52.204315;100.0;0.65250224;359.32193;1815.7552;12.983831;-0.14403182;0.5374998;0.63334405;0.09583682;1.7579962;7.090293;771.4928;2002.1072;-467.15332;6671.42;-110.753334;-132.09111
1957-03-26;-1.6955808;-2.796318;-0.108720146;742.7593;1.2198914;156.74062;100.0;0.65666753;358.5498;1831.9498;3.9448469;-0.34348294;0.41341782;0.50884485;0.09543449;3.601132;3.144823;1670.1505;5017.8213;-968.14026;6200.15;-261.67056;-337.68777
1957-03-27;-5.9362297;-9.212184;-0.60879135;744.2227;1.5691327;198.84863;100.0;0.65656966;361.03775;1819.3359;0.6414652;-0.9047296;0.0;0.095009804;0.095024705;0.0;0.6247498;2357.172;6668.519;-1881.5817;4917.6587;-700.3122;-633.81
1957-03-28;-7.6856523;-12.320126;-2.1916034;743.73566;1.6071248;159.15508;100.0;0.65601593;364.3291;1801.3102;0.41864;-1.0773017;0.0;0.09460747;0.09461492;0.0;0.41418895;2413.2095;6276.1978;-1664.0239;4961.1636;-837.36664;-783.3578
1957-03-29;-5.4846015;-14.248193;-4.5074754;747.80096;1.2157214;56.032818;100.0;0.65550375;366.74283;1787.8418;0.008702278;-0.75604767;0.0;0.09420514;0.09420514;0.0;0.008709729;2870.736;7286.061;-2191.0066;4371.701;-582.2767;-393.7611
1957-03-30;-3.3096402;-6.3730264;-4.073156;745.8244;0.67646074;73.2668;100.0;0.66126937;361.82422;1826.416;11.252084;-0.13562664;0.0;0.09380281;0.09381771;0.0;10.560747;978.55444;2858.7122;-467.2439;6414.771;-103.00445;-136.57361
1957-03-31;-2.3938599;-4.4505844;-2.4379184;741.6995;0.7777459;106.40579;100.0;0.66778165;358.34082;1863.444;4.768491;-0.21224283;0.0;0.09343028;0.09343028;0.0;3.9414577;1413.7811;4868.8154;-821.44415;6191.5757;-158.28223;-212.27556
1957-04-01;-2.6608684;-3.6576335;-1.4471346;744.90717;0.79515076;159.42928;100.0;0.67334765;357.0358;1886.4746;3.612271;-0.28383917;0.009670854;0.102713704;0.09304285;0.07988699;3.1386762;1546.2811;5347.4185;-826.1667;6229.2124;-214.57;-355.28555
1957-04-02;-2.5321655;-4.4332986;-1.0273081;745.6094;0.6837602;158.72327;100.0;0.67524105;361.08365;1871.0938;1.8105695;-0.3489852;0.036001205;0.12867153;0.09266287;0.29496476;1.2931079;1646.9484;5053.5195;-971.87335;6057.303;-265.24667;-309.89777
1957-04-03;-2.3081768;-6.356313;-0.7712504;745.26996;0.8681182;81.922104;100.0;0.6755724;367.09018;1841.6748;0.19930601;-0.5160682;0.037312508;0.1295954;0.09228289;0.320483;0.06943196;2182.229;6064.0244;-1376.1267;5650.33;-392.90555;-288.6722
1957-04-04;-2.8759563;-8.473785;-0.81288403;747.222;1.3580713;35.922848;100.0;0.6749309;373.70117;1807.1289;0.047491442;-0.81677735;0.0122487545;0.104129314;0.09189546;0.10497682;0.038936734;2486.396;6312.863;-1677.0216;5201.08;-628.6889;-323.94888
1957-04-05;-2.6960247;-8.112854;-0.8414218;747.32733;0.9317717;109.28821;100.0;0.6742783;380.4808;1773.6002;0.087463856;-0.76697487;0.00628829;0.09778142;0.09150058;0.054128468;0.07663667;2891.274;6866.0225;-1712.0103;5242.0903;-589.0289;-356.28778
1957-04-06;-2.4924927;-5.345652;-0.5181262;746.1384;0.8776955;89.16981;100.0;0.67375356;387.33725;1740.4785;0.22961497;-0.5578278;0.030398369;0.12153387;0.09112805;0.25862083;0.21150708;2338.1572;5306.496;-1280.6213;5737.7124;-428.47778;-328.33554
1957-04-07;-2.3199768;-6.0240684;-0.30368042;744.7026;0.9236575;73.06092;100.0;0.67131716;393.69595;1706.2988;0.22134185;-0.723741;0.42188168;0.51262975;0.09075552;3.9969795;0.095229596;2746.5754;6055.1016;-1262.6633;5862.6265;-556.74225;-458.76138
1957-04-08;-0.9572347;-3.9848225;-0.22090149;744.7634;0.881205;166.90721;100.0;0.6651694;399.53287;1666.2191;0.27210414;-0.6146096;0.80546737;0.8958727;0.090390444;7.0505815;0.019691885;3002.4;6427.977;-1395.6472;5787.2837;-469.85834;-328.62
1957-04-09;-0.6875712;-1.6414999;-0.08053589;745.9465;0.821003;184.38417;100.0;0.65830094;402.6709;1635.7015;4.3476524;-0.41996127;1.2108088;1.3008118;0.090017915;8.067127;2.0703785;2100.44;4527.693;-518.60223;6818.31;-321.24945;-358.5736
1957-04-10;-1.2318115;-2.963796;-0.08896383;749.5096;0.98348594;126.416405;100.0;0.6502665;403.4271;1613.0371;1.4374341;-0.5683396;1.4908463;1.5805215;0.08968264;10.203172;0.6169863;2500.516;5705.1973;-1128.7108;6099.323;-434.3089;-393.7114
1957-04-11;-0.5255432;-6.018595;-0.25744376;751.8796;1.1151155;75.487404;100.0;0.640973;407.583;1573.9746;0.0057816505;-0.7055886;1.3469309;1.4362633;0.08932501;9.043928;0.0057928264;3306.6094;7300.5674;-1712.0736;5430.9033;-534.44775;-347.91
1957-04-12;2.3282063;-6.8235373;-0.27802277;753.49274;1.1770782;20.494839;100.0;0.6299406;413.4629;1525.0651;0.00042617318;-0.38682204;2.1206589;2.2096486;0.088997185;12.228563;0.0;3561.2805;7616.677;-1883.7019;5283.3867;-280.77832;-146.24445
1957-04-13;3.7897542;-4.0710855;-0.21348953;752.96954;1.0833739;102.079735;100.0;0.6156313;419.10645;1470.6625;0.00044107434;-0.34876633;3.266707;3.368154;0.101454556;15.379429;0.0;3647.3823;7612.2183;-1782.2883;5466.497;-251.25778;-130.94112
1957-04-14;3.3792012;-3.108836;-0.19497807;753.7575;1.1330228;67.92886;100.0;0.5990283;424.22006;1413.6556;0.0012814989;-0.2891682;4.915774;5.041644;0.1258403;17.307747;0.0;3739.3828;7658.9004;-1809.4926;5452.7065;-204.61166;-135.66
1957-04-15;3.9984436;-5.831492;-0.20094426;755.12915;1.1750268;45.240864;100.0;0.58160126;429.39096;1356.0791;0.0017222838;-0.36545658;5.2101164;5.351007;0.14089048;17.468422;0.0;3859.1943;7789.9663;-1835.905;5434.9067;-262.49335;-101.96222
1957-04-16;4.8811035;-3.3595886;-0.16342163;755.86035;1.1824411;39.800194;100.0;0.5624578;434.44205;1296.5088;0.00044107434;-0.35504344;6.126478;6.4338894;0.3074184;20.223476;0.0;3796.4539;7576.8784;-1478.83;5903.541;-253.70944;-98.14445
1957-04-17;5.092682;-0.9049225;-0.13675945;753.77167;1.0540406;78.05775;100.0;0.54144055;438.9834;1235.0668;0.00087022776;-0.30222535;6.3942523;6.868422;0.4741624;21.183525;0.0;3764.3018;7446.6064;-1436.1355;5946.142;-212.93333;-112.55222
1957-04-18;3.250946;0.9588521;-0.09686661;751.165;1.0605494;135.23167;100.0;0.5217989;442.70474;1179.9316;1.4122903;-0.1644995;5.440414;5.9544744;0.51404536;19.042578;0.0;2916.945;5727.733;-860.2889;6546.31;-112.71555;-137.38611
1957-04-19;2.705119;0.19843547;-0.015708923;748.82086;0.8770781;113.3854;100.0;0.5041326;445.3688;1133.0566;10.485882;-0.2370542;8.209258;8.706808;0.49754232;19.385714;0.0;2617.516;5114.1934;-542.2197;6936.069;-170.02444;-142.00778
1957-04-20;1.3736877;-0.88120526;-0.05650075;748.001;0.9131022;79.06855;100.0;0.48645818;446.6647;1090.0472;3.8068147;-0.24658628;6.8487377;7.1928353;0.34411252;17.344616;0.0066794455;2388.1238;4645.1846;-897.0256;6401.09;-180.23666;-138.11111
1957-04-21;1.278768;-1.7754618;-0.10517883;748.10077;1.4224051;37.478798;100.0;0.47105023;449.2754;1049.357;11.516923;-0.53537077;8.495033;8.970365;0.47533214;14.271799;0.08345395;3082.6594;5984.701;-803.9261;6597.9834;-400.99667;-203.86667
1957-04-22;0.6817932;-1.5273743;-0.022567749;749.37274;1.3617239;54.570896;100.0;0.4596387;444.59927;1033.732;12.131661;-0.4337281;7.465333;8.601368;1.1360273;13.792023;4.2867103;2486.484;5574.8623;-920.5303;6423.2173;-325.49112;-226.10777
1957-04-23;-0.45362344;-2.6632488;-0.0582784;749.37036;0.80084467;45.815876;100.0;0.45727623;434.34048;1052.1647;17.058495;-0.3445251;5.240962;5.371988;0.13101846;6.883718;6.7804565;1830.2944;4872.149;-817.06085;6412.4766;-257.9822;-210.64612
1957-04-24;1.2244263;-3.1754658;-0.07272593;749.62164;0.88114935;70.6482;100.0;0.45338133;426.8929;1062.6627;0.7446778;-0.3692666;3.8410127;3.9955525;0.15453249;10.795034;0.4175231;2173.054;6080.487;-1102.0934;6149.3467;-269.49057;-194.76111
1957-04-25;0.49059042;-0.965271;-0.14004135;748.9077;0.96635896;81.86762;100.0;0.44433096;430.96616;1031.9824;3.2396019;-0.22889581;4.0447564;4.2710304;0.22629648;8.358039;0.012487173;2138.0034;5459.2144;-848.2172;6421.71;-164.82056;-210.79889
1957-04-26;1.2518616;-1.7475077;-0.10129166;747.6021;1.0578657;65.38901;100.0;0.43401492;435.30762;998.00616;1.9392222;-0.36030355;4.7795477;5.0448775;0.26533753;11.485793;0.00043585896;2525.2622;6025.887;-973.73584;6306.549;-263.81055;-209.94778
1957-04-27;1.9638672;-0.17859904;-0.059506733;745.9563;0.9439788;100.57322;100.0;0.42068204;439.2142;958.9844;10.292649;-0.3277883;9.554416;10.82015;1.265727;14.709215;0.0;2741.9866;6216.661;-747.9522;6654.1187;-238.5689;-216.79889
1957-04-28;1.223765;0.5366516;-0.025136312;745.7695;0.7154525;126.69465;100.0;0.41098535;435.17154;944.37665;12.831169;-0.0704648;7.779822;8.980259;1.2004375;10.569172;3.7523806;1241.4728;3111.6716;-329.68555;6998.01;-48.252224;-118.58889
1957-04-29;1.3314413;-0.9456685;-0.09680557;747.0125;0.96067935;76.719505;100.0;0.40058467;435.54297;920.41016;3.1463802;-0.33854878;5.068347;5.4884553;0.4201159;12.7038765;0.07157773;2701.1733;6609.237;-1080.615;6208.9756;-245.86778;-258.97
1957-04-30;1.412262;-0.3783773;-0.043669384;747.1967;0.75041944;88.714806;100.0;0.3887808;438.5459;887.53253;4.4409485;-0.21019764;6.9772453;8.521602;1.5443414;13.581168;0.0061169267;2260.1594;5233.2544;-708.8233;6666.0957;-150.99777;-185.33888
1957-05-01;0.81325275;-1.4107361;-0.07921982;746.82526;0.84465045;91.46176;100.0;0.37513557;441.20312;851.237;1.82136;-0.4760418;5.843952;6.4464808;0.60252845;13.709232;0.0046528876;2784.479;6172.3657;-983.32306;6343.2256;-355.9878;-267.25446
1957-05-02;1.3409933;-0.3507792;-0.07678604;747.07086;0.8254476;135.75989;100.0;0.3607125;444.12402;813.11035;1.3521254;-0.39614737;5.8616996;6.686151;0.82445145;14.639274;0.06439909;2650.6023;5698.2017;-675.865;6727.6934;-294.43332;-241.33888
1957-05-03;2.5064087;-0.16635132;-0.05525589;749.0925;0.88702345;168.31245;100.0;0.34256256;446.5996;768.0664;0.085002184;-0.5313251;8.162588;9.881944;1.7193556;19.9223;0.0008419156;3446.7534;7224.7646;-988.9839;6459.177;-394.31445;-280.87555
1957-05-04;2.0760193;1.4947306;-0.009573619;748.1092;0.8275867;211.17017;100.0;0.32797542;446.2578;735.555;11.5414505;-0.09369105;9.676904;10.721863;1.0449514;13.919942;0.98857653;1574.4177;3382.5166;-71.97583;7372.5137;-65.365555;-131.55222
1957-05-05;2.9533284;1.2914022;0.0012016296;748.7439;1.0974581;175.4253;100.0;0.30882868;446.66992;692.58624;1.0465264;-0.36175734;10.043144;12.536153;2.493009;22.156813;8.195639e-05;3275.1294;6891.503;-782.0394;6743.285;-262.64334;-220.80444
1957-05-06;1.283783;0.4489441;0.004339854;747.035;0.78084296;119.8939;100.0;0.29415086;445.80762;659.9528;21.865286;-0.109706074;12.520298;14.482975;1.9626617;11.205081;2.800241;1318.5795;2737.2705;-124.85944;7274.918;-80.21;-122.43445
1957-05-07;1.9868876;0.031829834;-0.03920873;746.0115;0.8051223;174.61723;100.0;0.2808409;438.69336;640.9912;0.8017787;-0.3754366;7.647663;11.15945;3.5117865;17.714102;0.0;2943.7043;6791.658;-903.1225;6519.9165;-273.68777;-253.08667
1957-05-08;1.1666666;-0.17942302;-0.01491801;746.02765;0.94722646;193.99292;100.0;0.2649425;440.91733;601.3997;12.559091;-0.43588597;10.17341;13.388887;3.2154918;15.470903;0.4515946;2708.365;5984.6787;-607.9422;6849.3564;-325.77;-296.52554
1957-05-09;2.7836506;0.83155316;-0.04969406;749.1265;0.74817604;189.9861;100.0;0.24929683;438.3047;569.21387;2.2854953;-0.19862038;7.716015;12.24783;4.5318155;16.740162;0.04517287;2167.205;4812.3433;-476.79193;6931.937;-141.4911;-155.6489
1957-05-10;2.2066853;0.04582723;-0.12631862;753.1311;0.8669525;121.87033;100.0;0.2331026;440.91733;529.1341;1.0674298;-0.22731069;6.03801;10.836944;4.798949;15.894115;0.0;2306.0044;4954.197;-834.5969;6495.6865;-164.00111;-153.66444
1957-05-11;4.057556;-2.7840576;-0.27611414;755.0545;1.1489431;49.64;100.0;0.21548553;446.97363;483.03223;0.10043383;-0.50128996;7.439077;12.742311;5.303234;19.34667;0.0022351742;3762.955;7886.71;-1255.0762;6120.6846;-365.30667;-260.04
1957-05-12;5.579315;0.5779419;-0.17297237;752.3896;1.1658889;57.182842;100.0;0.19454579;449.49673;433.7972;0.508827;-0.21988712;9.703263;16.527458;6.8241806;21.80795;0.0;3184.3467;6546.15;-975.7436;6463.1;-150.64223;-103.59778
1957-05-13;4.9100647;2.749766;-0.107429504;749.45;1.1088318;152.0199;98.91642;0.17205663;449.94107;383.46353;9.999806;-0.16895682;15.253499;22.84655;7.5930357;22.907097;0.0;3017.6472;6085.6167;-529.2075;7004.4565;-111.492226;-142.80112
1957-05-14;3.324107;2.402486;-0.04397583;750.2878;0.9425264;209.56297;96.944176;0.15193076;450.0;338.25684;8.021834;-0.11837669;11.282503;21.693855;10.41136;19.286034;0.0;2333.5505;4581.1865;-406.60474;7081.2954;-76.36;-143.84445
1957-05-15;4.4884644;1.4391276;-0.18988673;751.6138;1.1282566;149.02225;95.450356;0.13031535;450.0;290.48666;0.7761419;-0.40343776;10.148421;23.3427;13.19427;23.196041;0.0;3512.9167;6787.481;-1111.9009;6353.542;-283.58554;-204.42223
1957-05-16;4.8547974;2.1338806;-0.37596384;750.5975;1.0282854;161.80379;94.54159;0.10768783;450.0;240.153;4.228073;-0.37046057;10.454774;25.97642;15.521653;22.417984;0.0;3621.449;6915.9233;-1013.0195;6439.641;-255.55333;-203.57333
1957-05-17;5.706655;1.3518575;-0.2974116;749.9697;1.1418991;132.73645;94.08114;0.0840176;450.0;187.58138;0.76812506;-0.57933855;10.518297;25.50383;14.985517;24.240389;0.0;3763.9294;7130.6987;-1023.79474;6515.6807;-413.95667;-204.15111
1957-05-18;4.992971;2.5941975;-0.50889844;750.98334;0.96277446;170.08852;93.886314;0.06203262;450.0;138.83464;6.342292;-0.30310917;11.113077;25.361717;14.248654;20.436056;0.0;3208.1306;6042.947;-990.7561;6467.59;-207.21556;-190.94556
1957-05-19;4.513621;2.6706848;-0.46049246;750.9715;0.90315443;162.65506;86.0647;0.042417288;450.0;95.052086;7.833332;-0.3248537;11.4373865;25.356441;13.919048;19.838188;0.0;3089.912;5713.8193;-834.29724;6635.371;-222.23555;-218.13556
1957-05-20;4.8439636;2.0108745;-0.66868085;749.5537;1.008766;114.30187;56.100586;0.024566332;449.9795;55.29785;5.9538274;-1.0746737;8.503824;20.861015;12.3571825;16.298708;0.0001527369;4215.7505;6725.549;-1214.633;6462.7637;-746.3567;-482.39444
1957-05-21;6.185852;2.295044;-0.51793414;750.16797;1.037188;92.99998;28.748291;0.012536327;449.97656;28.076172;5.701956;-1.7630309;6.110162;18.087133;11.976973;9.622097;0.0;4682.612;6601.0933;-1286.1372;6671.3022;-1223.9589;-656.81555
1957-05-22;7.1303306;3.0570781;-0.3498281;750.74756;1.1696736;79.6016;13.155192;0.0057091713;449.97656;12.898763;2.1907272;-2.33813;2.1478906;13.480886;11.332996;5.0647483;0.0;5074.0444;6696.2466;-1548.0309;6635.718;-1623.5583;-846.07666
1957-05-23;9.137238;0.61924237;-0.2195956;751.7832;1.0579305;102.78714;5.391764;0.0023261707;449.97656;5.330404;1.0506034;-3.225036;0.9011477;11.39009;10.488928;2.4018736;0.0;6024.063;7706.47;-1953.0281;6487.4854;-2240.4666;-902.14667
1957-05-24;6.5844016;2.4060466;-0.045015972;748.02435;1.0981982;179.12279;2.2854817;0.0009997686;449.97656;2.3600261;3.695774;-1.8013325;0.8763075;10.426611;9.550288;0.689175;0.0;3204.4927;4046.4;-1148.7922;6960.1387;-1251.2944;-574.1711
1957-05-25;5.660736;1.6998291;-0.1580925;748.30585;1.1051708;131.6014;1.0917969;0.00047421455;449.97656;1.2613932;2.816119;-2.6619072;0.6547868;9.313851;8.659065;0.40791556;0.0;5456.698;6853.426;-1816.0209;6365.237;-1849.3633;-1395.2988
1957-05-26;4.5052695;2.6969707;-0.13395436;749.15674;0.9004714;185.62477;0.5304362;0.00023261707;449.97656;0.48828125;8.433461;-1.7451327;1.8032193;9.676308;7.8731327;0.1488328;0.0;3209.881;4018.041;-1109.752;6874.3965;-1212.2489;-776.5222
1957-05-27;4.021128;2.0875652;-0.088027954;751.04175;1.0103868;105.13962;0.26920572;0.00011718273;449.97656;-7.345365e-21;5.924034;-2.3030257;1.2180507;8.423864;7.205829;0.09295344;0.0;4582.133;5724.811;-1442.7783;6676.1255;-1599.84;-1281.1067
1957-05-28;6.2814636;-0.48831177;-0.3023542;752.8215;1.1096259;106.60019;0.12109375;5.0942104e-05;420.17154;-7.345365e-21;0.11613456;-3.4632516;0.031217933;6.669924;6.6387057;0.05101785;0.001039356;6232.7993;7775.053;-2088.832;6240.09;-2405.8289;-1356.03
1957-05-29;8.05011;1.5362448;-0.45062003;755.2346;1.0146165;102.566376;0.04671224;1.947085e-05;416.8812;-7.345365e-21;0.062443048;-3.133759;0.013768673;6.161004;6.1472282;0.01970306;0.0;5638.771;7024.6064;-2013.843;6427.6846;-2176.919;-970.3922
1957-05-30;10.692891;3.5137227;-0.10617574;754.9041;1.0134153;86.65276;0.01586914;6.556511e-06;414.43945;-7.345365e-21;0.9515852;-3.5551255;0.14230609;5.856648;5.7143493;0.008314848;0.0;6246.0283;7772.1533;-2237.3264;6466.8467;-2469.6267;-933.9056
1957-05-31;11.663055;3.822052;0.0040512085;753.062;1.0435106;81.258446;0.0044759116;1.9470851e-06;414.23697;-7.345365e-21;1.6756682;-3.585253;0.26118755;5.590439;5.3292437;0.0026337802;0.0;6045.9824;7514.9365;-2093.0576;6701.18;-2490.5557;-921.82556
1957-06-01;11.791168;3.5300293;0.009895325;751.75555;1.0887111;101.47109;0.0010579427;4.3710074e-07;414.23438;-7.345365e-21;1.5141629;-3.9476137;0.22701919;5.211502;4.9844756;0.0008121133;0.0;6414.21;7964.153;-2242.4282;6601.7085;-2742.2756;-892.2522
1957-06-02;11.454875;5.787201;0.009682973;751.63403;1.0556912;125.260925;0.0;-7.3453654e-25;414.23438;-7.345365e-21;1.2062947;-3.573168;0.16283989;4.838094;4.6752467;0.00023841858;0.0;6046.3716;7499.461;-1972.7988;6919.5176;-2482.16;-1187.1855
1957-06-03;11.198283;3.5103352;-2.0435143;749.41315;1.3172423;144.31337;0.0;-7.3453654e-25;258.41928;-7.345365e-21;0.29261708;-3.806511;0.034615397;4.4317245;4.3970942;5.9604645e-05;0.0;6540.858;8104.2534;-2433.9983;6306.1855;-2644.2566;-1188.23
1957-06-04;9.993144;2.8570964;-1.1915678;747.31305;1.4590157;79.08367;0.0;-7.3453654e-25;127.070946;-7.345365e-21;4.949832;-3.4418497;0.6751716;4.8211813;4.1460094;2.2351742e-05;0.0;5850.383;7241.1143;-1940.2716;6746.32;-2390.9377;-1097.6833
1957-06-05;6.6361084;2.8574321;-0.13710403;747.55707;1.7419847;40.33769;0.021891275;2.4636586e-06;101.77179;-7.345365e-21;9.307968;-2.9312;1.416415;5.33852;3.9221346;0.00089779496;0.005751848;4764.152;5890.729;-1534.1827;6838.5884;-2036.2034;-1276.1533
1957-06-06;8.00117;-0.019927979;-0.5864766;749.4195;1.4990668;35.322132;0.024576822;2.9007595e-06;104.54685;-7.345365e-21;0.010120869;-3.3441484;0.0017881393;3.7198663;3.7180781;0.0032261014;0.0;5733.4893;7082.3354;-2204.3127;6185.9307;-2323.0688;-1106.6355
1957-06-07;8.467357;-0.94591266;-0.5591113;750.8547;1.6626892;31.69842;0.006917318;1.1920929e-06;108.898415;-7.345365e-21;0.0;-3.7467852;0.0001937151;3.5306067;3.5304203;0.0011101365;0.0;6408.947;7907.757;-2469.9756;5948.688;-2602.7678;-1104.3889
1957-06-08;9.015808;0.0027058918;-0.4639562;752.11505;1.3521403;43.565094;0.0026041667;2.3841858e-07;109.46873;-7.345365e-21;0.0119537115;-3.6971922;0.0014156103;3.3597946;3.3583865;0.00040233135;0.0;6556.1777;8080.757;-2492.2017;6035.15;-2568.3167;-1175.5089
1957-06-09;9.730845;1.0069479;-0.3908615;752.2559;1.2100608;45.9789;0.00040690103;-7.3453654e-25;109.46873;-7.345365e-21;0.2258271;-3.614301;0.023692846;3.224045;3.200367;0.000115484;0.0;6523.9443;8032.5435;-2451.3354;6193.5977;-2510.7344;-1198.0133
1957-06-10;10.389537;1.8233744;-0.27697244;751.2719;1.0895958;87.27814;0.0;-7.3453654e-25;107.855774;-7.345365e-21;0.60051084;-3.4536998;0.059574842;3.1143875;3.05482;2.6077032e-05;0.0;6108.0723;7512.5376;-2223.6707;6501.7607;-2399.17;-1108.6912
1957-06-11;10.859558;2.506134;-0.1983134;751.8742;1.1913406;92.38995;0.0;-7.3453654e-25;103.279274;-7.345365e-21;1.4609337;-3.4532835;0.16732514;3.0878634;2.9205308;3.7252903e-06;0.0;6046.617;7429.21;-2183.05;6609.6387;-2398.881;-1120.8522
1957-06-12;10.983378;2.3601685;-0.032010395;751.37225;1.2314572;97.29282;0.0;-7.3453654e-25;100.03253;-7.345365e-21;1.5209794;-3.4607108;0.16967952;2.965763;2.7960837;0.0;0.0;6120.233;7511.879;-2204.838;6595.668;-2404.041;-1147.5555
1957-06-13;10.684113;3.0302734;0.009897868;750.6818;1.0995172;85.68436;0.0;-7.3453654e-25;99.99998;-7.345365e-21;3.270191;-3.2395422;0.37531555;3.0560791;2.680756;0.0;0.0;5864.927;7190.9565;-2024.7611;6822.8145;-2250.4023;-1251.7378
1957-06-14;10.155131;3.5728657;0.010033925;749.8891;1.0995423;88.333435;0.0;-7.3453654e-25;100.00259;-7.345365e-21;3.1462564;-3.1940258;0.34181774;2.9155464;2.5737212;0.0;0.0;5902.985;7230.0435;-2147.7073;6624.8057;-2218.7834;-1285.8356
1957-06-15;9.455353;3.55247;0.010157268;749.97046;1.0528028;200.87358;0.0;-7.3453654e-25;99.99998;-7.345365e-21;1.2781203;-3.052855;0.11856854;2.5928319;2.4742336;0.0;0.0;5621.2;6877.7656;-1951.7494;6741.6504;-2120.7178;-1319.93
1957-06-16;11.421315;3.6785786;0.0098559065;752.5933;1.1827016;149.41725;0.0;-7.3453654e-25;100.03416;-7.345365e-21;0.6914288;-3.6162891;0.060796738;2.4414062;2.3806095;0.0;0.0;6508.829;7962.878;-2313.912;6574.089;-2512.1155;-1317.7489
1957-06-17;12.687062;1.9871216;0.009999593;754.164;1.4185668;205.57271;0.0;-7.3453654e-25;99.99998;-7.345365e-21;0.5455464;-3.3453116;0.047296286;2.33984;2.292551;0.0;0.0;5954.211;7283.43;-2190.0112;6658.723;-2323.8767;-1166.0511
1957-06-18;13.890666;0.13967896;0.009775798;753.7371;1.2301046;193.2998;0.0;-7.3453654e-25;99.99998;-7.345365e-21;0.00085234636;-3.834635;7.4505806e-05;2.2092462;2.2091718;0.0;0.0;6993.7607;8553.923;-2785.125;6176.691;-2663.7932;-1221.4078
1957-06-19;12.686473;1.1530966;0.010231018;753.7068;1.1866008;104.10791;0.0;-7.3453654e-25;99.99998;-7.345365e-21;0.0008523463;-3.5776887;7.4505806e-05;2.1301806;2.130121;0.0;0.0;7078.3555;8656.216;-2846.5405;6142.5884;-2485.3;-1336.3911
1957-06-20;13.035502;3.7008057;0.010032654;754.3572;1.0633198;79.73757;0.0;-7.3453654e-25;99.99998;-7.345365e-21;0.0017097137;-3.2730215;0.00013411045;2.0556748;2.0555332;0.0;0.0;6670.3267;8156.05;-2537.0117;6605.916;-2273.66;-1392.2311
1957-06-21;14.990703;3.6140442;0.010070801;754.10504;1.0948609;100.063255;0.0;-7.3453654e-25;100.00519;-7.345365e-21;0.01424551;-3.3416338;0.0010728836;1.9859076;1.9848347;0.0;0.0;6901.9893;8438.364;-2704.45;6635.79;-2321.321;-1339.9412
1957-06-22;15.190593;3.234141;0.009914398;753.4556;1.2078066;93.57834;0.0;-7.3453654e-25;99.99998;-7.345365e-21;0.0067949295;-3.172378;0.0004917383;1.9182414;1.917757;0.0;0.0;6857.311;8382.626;-2756.2866;6648.96;-2203.7456;-1436.0588
1957-06-23;13.4140625;6.3190613;0.010180156;751.98517;1.3182409;50.981434;0.0;-7.3453654e-25;100.036766;-7.345365e-21;1.7619487;-2.4205651;0.14662743;2.0013452;1.8547326;0.0;0.0;5941.7495;7262.412;-2311.2932;7002.324;-1681.4856;-1604.0255
1957-06-24;12.905273;6.396952;0.010022481;751.82;1.5742024;39.585464;0.0;-7.3453654e-25;99.99998;-7.345365e-21;1.3133168;-2.3176708;0.09287894;1.8887967;1.7959251;0.0;0.0;5527.825;6755.508;-2121.531;7039.723;-1610.0089;-1477.6178
1957-06-25;13.231364;7.416758;0.009836833;751.7481;1.3736814;40.123585;0.0;-7.3453654e-25;99.99998;-7.345365e-21;1.9822419;-2.439214;0.15923381;1.8994212;1.7401874;0.0;0.0;5629.613;6879.11;-2117.775;7144.062;-1694.44;-1540.1256
1957-06-26;13.3359375;4.8901877;0.010355632;751.70294;1.3451833;71.91515;0.0;-7.3453654e-25;100.04458;-7.345365e-21;0.09535213;-2.8276908;0.0060647726;1.6928911;1.6868412;0.0;0.0;5862.749;7163.0977;-2164.1907;7094.0723;-1964.3033;-1441.2422
1957-06-27;14.456441;3.8182678;0.0098559065;750.0744;1.3169057;84.69079;0.0;-7.3453654e-25;99.99998;-7.345365e-21;0.32788515;-2.7649152;0.022053719;1.6576946;1.635626;0.0;0.0;6297.8345;7693.771;-2521.5632;6842.703;-1920.6934;-1447.5366
1957-06-28;15.42155;4.3553367;0.009886424;749.99896;1.2276539;85.587;0.0;-7.3453654e-25;99.99998;-7.345365e-21;0.040459633;-2.7196538;0.0023841858;1.5889704;1.5865713;0.0;0.0;6504.6543;7945.3765;-2606.719;6930.9634;-1889.2533;-1529.5878
1957-06-29;16.324066;4.5113525;0.009941101;750.5735;1.1081434;73.96154;0.0;-7.3453654e-25;99.99998;-7.345365e-21;0.069612265;-2.4761772;0.0040233135;1.5435815;1.5395731;0.0;0.0;6381.4263;7793.838;-2633.428;7076.49;-1720.1178;-1500.0144
1957-06-30;15.946635;6.437439;0.010115306;751.2634;1.1843702;58.19038;0.0;-7.3453654e-25;99.99998;-7.345365e-21;2.3132384;-2.1533165;0.18450618;1.6793013;1.4947951;0.0;0.0;5917.2407;7225.9756;-2327.054;7411.77;-1495.8367;-1609.4489
1957-07-01;16.4888;4.229055;0.010066986;749.8333;1.1729295;105.08053;0.0;-7.3453654e-25;99.99998;-7.345365e-21;0.2651155;-2.56115;0.01707673;1.4693141;1.4522448;0.0;0.0;6185.7935;7552.968;-2579.0732;7047.2915;-1779.1455;-1539.2533
1957-07-02;14.238353;-1.4982198;0.009953816;746.8967;1.6736522;163.36325;0.0;-7.3453654e-25;99.99998;-7.345365e-21;0.00044107434;-2.3604577;2.9802322e-05;1.4113784;1.411356;0.0;0.0;7105.616;8675.017;-3191.3044;6182.817;-1639.73;-2130.92
1957-07-03;10.27715;3.313792;0.009707133;746.7536;1.2783313;176.01581;0.0;-7.3453654e-25;99.99998;-7.345365e-21;7.043355;-1.5549753;0.55353343;1.9265711;1.3730377;0.0;0.0;5119.2246;6249.108;-2032.7561;6920.229;-1080.19;-1966.2278
1957-07-04;11.478496;1.253184;0.009749095;752.9675;1.1076125;66.79284;0.0;-7.3453654e-25;99.99998;-7.345365e-21;0.0025719404;-3.2152627;0.00016391277;1.336664;1.3364925;0.0;0.0;6943.072;8474.345;-2763.5334;6318.1597;-2233.5356;-1800.5823
1957-07-05;13.690379;1.4873657;0.009946187;755.0815;1.1964519;79.70043;0.0;-7.3453654e-25;99.99998;-7.345365e-21;0.0;-2.9864163;0.0;1.300633;1.3006479;0.0;0.0;7024.4067;8572.541;-2933.469;6365.012;-2074.5632;-1652.8678
1957-07-06;14.681865;2.5144043;0.009606679;753.0249;1.2395985;65.186356;0.0;-7.3453654e-25;99.99998;-7.345365e-21;0.002413988;-2.5837383;0.00014901161;1.2663007;1.266159;0.0;0.0;6540.6855;7981.1523;-2725.7078;6709.487;-1794.8378;-1606.7189
1957-07-07;14.372569;2.0550842;0.010251363;751.21747;1.6996578;36.12029;0.0;-7.3453654e-25;99.99998;-7.345365e-21;0.0;-2.1778493;0.0;1.2331605;1.2331605;0.0;0.0;6537.953;7976.8857;-2764.6995;6681.183;-1512.8789;-1970.5433
1957-07-08;14.125682;0.47113037;0.009895325;751.44775;1.650905;38.669144;0.0;-7.3453654e-25;99.99998;-7.345365e-21;0.0008702277;-1.929868;5.9604645e-05;1.2014508;1.2013912;0.0;0.0;6909.0156;8428.476;-3062.3162;6399.197;-1340.6145;-2175.9944
1957-07-09;16.087729;2.0089722;0.009915669;751.09735;1.1299529;60.96258;0.0;-7.3453654e-25;99.99998;-7.345365e-21;0.03479123;-1.7513875;0.0021606684;1.1729002;1.1707395;0.0;0.0;6545.167;7983.582;-2897.8606;6849.8765;-1216.63;-1879.7211
1957-07-10;15.808064;4.1058555;0.01003774;748.1985;1.0776874;79.698204;0.0;-7.3453654e-25;99.99998;-7.345365e-21;0.29649138;-1.533296;0.017374754;1.1587143;1.1413395;0.0;0.0;6255.3657;7628.991;-2731.8733;7094.2266;-1065.1289;-1990.9567
1957-07-11;15.918447;-0.7347819;0.009770711;746.11426;1.4120294;135.33502;0.0;-7.3453654e-25;99.99998;-7.345365e-21;0.120162964;-1.4972687;0.007033348;1.1202097;1.1131763;0.0;0.0;6174.4478;7529.3643;-2832.4155;6835.16;-1040.1028;-2066.5688
1957-07-12;15.926351;-0.35801187;0.009783427;746.6424;1.1702908;139.45119;0.0;-7.3453654e-25;99.99998;-7.345365e-21;0.13131797;-1.3549347;0.0074729323;1.0936856;1.0861903;0.0;0.0;5735.1655;6992.8013;-2538.4734;7138.1543;-941.2278;-1862.4756
1957-07-13;16.548105;0.88808185;0.010142009;747.33246;1.3320194;165.27007;0.0;-7.3453654e-25;99.99998;-7.345365e-21;0.0024080276;-1.3765637;0.00011920929;1.0602474;1.0601282;0.0;0.0;6101.1963;7438.061;-2754.0266;7031.5356;-956.25336;-2035.46
1957-07-14;16.489746;-0.8876648;0.009955089;746.5198;1.3705363;141.46217;0.0;-7.3453654e-25;99.99998;-7.345365e-21;0.004720249;-1.3785055;0.0002682209;1.0350794;1.034826;0.0;0.0;6647.315;8102.8096;-3047.9583;6759.79;-957.60223;-2291.9988
1957-07-15;15.592235;-3.3163655;0.009901683;746.8911;1.5552635;134.82874;0.0;-7.3453654e-25;99.99998;-7.345365e-21;0.006944859;-1.2864294;0.00040233135;1.0107756;1.0103881;0.0;0.0;6833.2085;8328.402;-3198.4316;6485.7065;-893.6389;-2501.1045
1957-07-16;15.123738;-2.025411;0.009915669;748.8475;1.3740463;121.90209;0.0;-7.3453654e-25;99.99998;-7.345365e-21;0.0035643578;-1.1907965;0.00017881393;0.9870529;0.98686665;0.0;0.0;6261.9775;7630.43;-2896.059;6770.719;-827.20667;-2212.44
1957-07-17;16.73168;-0.38613892;0.010336558;751.18024;1.2580961;118.69669;0.0;-7.3453654e-25;99.99998;-7.345365e-21;0.0008637507;-1.2217294;5.9604645e-05;0.96422434;0.96416473;0.0;0.0;6283.7334;7655.187;-2955.5889;6894.7993;-848.69556;-2059.2144
1957-07-18;17.736124;-0.7758687;0.010019938;751.47437;1.3059427;115.786156;0.0;-7.3453654e-25;99.99998;-7.345365e-21;0.0;-1.320811;0.0;0.9420961;0.9420961;0.0;0.0;6960.724;8478.13;-3290.3623;6724.2705;-917.5233;-2291.48
1957-07-19;18.506083;-0.71280926;0.010041554;750.73975;1.2275937;96.00372;0.0;-7.3453654e-25;99.99998;-7.345365e-21;0.0;-1.3402644;0.0;0.92063844;0.92063844;0.0;0.0;6919.4834;8426.012;-3328.3423;6836.51;-931.0378;-2132.229
1957-07-20;19.307404;1.9720459;0.0102005005;750.2385;1.3916091;97.88724;0.0;-7.3453654e-25;99.99998;-7.345365e-21;0.0008583069;-1.2541283;5.9604645e-05;0.8999407;0.899896;0.0;0.0;6571.2446;8000.187;-3169.2334;7038.4624;-871.2011;-2084.0588
1957-07-21;19.010092;0.8848775;0.009933472;749.29083;1.4221306;108.60082;0.0;-7.3453654e-25;99.99998;-7.345365e-21;0.0008583069;-1.1737906;5.9604645e-05;0.8799732;0.87992847;0.0;0.0;6427.7656;7823.807;-3098.4167;7014.013;-815.3933;-2163.7932
1957-07-22;18.087503;1.2737732;0.009906769;749.7337;1.2395165;99.855225;0.0;-7.3453654e-25;99.99998;-7.345365e-21;0.113248825;-1.0798202;0.0047683716;0.86548924;0.8607358;0.0;0.0;5912.2534;7194.5566;-2844.0378;7240.5366;-750.11444;-1926.82
1957-07-23;18.688559;4.6302795;0.0068359375;751.75073;0.9929444;65.792244;0.0;-7.3453654e-25;100.0104;-7.345365e-21;0.0074626547;-1.2498181;0.0004172325;0.84248185;0.842087;0.0;0.0;6608.7437;8040.469;-3144.331;7160.6084;-868.20667;-2126.3123
1957-07-24;19.801107;0.1792094;0.0048535666;751.8845;1.1336323;87.291374;0.0;-7.3453654e-25;100.01007;-7.345365e-21;0.0;-1.2175925;0.0;0.8238852;0.8238852;0.0;0.0;6763.092;8226.498;-3353.953;6947.359;-845.82;-2112.111
1957-07-25;19.385355;-4.4370217;0.009868622;751.758;1.3876543;126.41574;0.0;-7.3453654e-25;99.99998;-7.345365e-21;0.00042617318;-1.1582729;2.9802322e-05;0.80631673;0.8062944;0.0;0.0;6941.817;8441.931;-3610.3318;6558.2334;-804.61334;-2326.9543
1957-07-26;19.005249;-8.677795;0.010073344;753.4091;1.2903422;160.94826;0.0;-7.3453654e-25;99.99998;-7.345365e-21;0.0;-1.1296086;0.0;0.7893443;0.7893443;0.0;0.0;7124.265;8661.861;-3859.655;6191.5415;-784.7022;-2130.2056
1957-07-27;19.79246;-3.2037761;0.009647369;754.5806;1.2246352;150.68005;0.0;-7.3453654e-25;99.99998;-7.345365e-21;0.0017195934;-1.1308882;8.940697e-05;0.77295303;0.7728785;0.0;0.0;6917.495;8408.598;-3486.2493;6753.34;-785.59;-2173.869
1957-07-28;20.678854;-2.3427837;0.009913127;754.6406;1.1693487;90.92157;0.0;-7.3453654e-25;99.99998;-7.345365e-21;0.0;-1.1442714;0.0;0.7568449;0.7568449;0.0;0.0;6868.4146;8347.067;-3552.982;6823.9;-794.88666;-2079.85
1957-07-29;21.315481;-1.022288;0.010128021;755.22095;1.352444;88.43493;0.0;-7.3453654e-25;99.99998;-7.345365e-21;0.0017249458;-1.1180891;8.940697e-05;0.7413924;0.74130297;0.0;0.0;6747.43;8198.211;-3426.0073;7026.7456;-776.6989;-2072.1433
1957-07-30;22.434958;-1.2840983;0.01003774;755.9431;1.3186489;110.88403;0.0;-7.3453654e-25;99.99998;-7.345365e-21;0.0;-1.1179819;0.0;0.7262528;0.7262528;0.0;0.0;6668.691;8100.706;-3325.9543;7280.9844;-776.62445;-2048.2578
1957-07-31;22.928915;-0.17707698;0.010060628;755.2861;1.168093;77.27653;0.0;-7.3453654e-25;99.99998;-7.345365e-21;0.00044107434;-1.1088867;2.9802322e-05;0.71167946;0.7116571;0.0;0.0;6433.2734;7812.992;-3264.547;7475.69;-770.30664;-1870.0623
1957-08-01;22.4204;0.8220418;0.009960175;753.2984;1.1630104;89.60193;0.0;-7.3453654e-25;99.99998;-7.345365e-21;0.00042617318;-0.984502;2.2351742e-05;0.6975904;0.6975606;0.0;0.0;5866.9346;7123.5293;-3034.3567;7575.941;-683.9;-1761.0044
1957-08-02;22.082224;1.2939657;0.009686788;752.7783;1.3639823;110.11041;0.0;-7.3453654e-25;99.99998;-7.345365e-21;0.00043511385;-0.9264592;2.9802322e-05;0.6839931;0.6839633;0.0;0.0;5768.967;7003.0234;-2958.8564;7538.5835;-643.58;-1842.7833
1957-08-03;22.032217;-0.8784383;0.009906769;754.72534;1.3870612;170.38605;0.0;-7.3453654e-25;99.99998;-7.345365e-21;0.00087922474;-0.9726994;5.9604645e-05;0.67076087;0.67073107;0.0;0.0;6397.245;7764.03;-3234.0688;7271.914;-675.7011;-2134.4133
1957-08-04;22.132874;-4.0465865;0.010111491;755.59503;1.4231601;159.5925;0.0;-7.3453654e-25;99.99998;-7.345365e-21;0.00043511385;-1.0049324;2.9802322e-05;0.65782666;0.65779686;0.0;0.0;6671.93;8095.601;-3472.5122;7057.578;-698.0933;-2141.2366
1957-08-05;22.001242;-5.001551;0.0097796125;754.64886;1.4418398;123.173035;0.0;-7.3453654e-25;99.99998;-7.345365e-21;0.0012875308;-0.9990316;5.9604645e-05;0.6452799;0.6452203;0.0;0.0;6714.5356;8145.533;-3542.8833;6989.2065;-693.99335;-2110.6868
1957-08-06;22.180542;-4.2134805;0.009838104;753.418;1.4155337;184.79152;0.0;-7.3453654e-25;99.99998;-7.345365e-21;0.0008821486;-0.9639803;5.9604645e-05;0.63303113;0.6330162;0.0;0.0;6718.825;8148.8745;-3547.4622;6965.3066;-669.64557;-2160.6133
1957-08-07;19.769785;-8.066133;0.009679158;749.8925;1.5571021;171.44368;0.0;-7.3453654e-25;99.99998;-7.345365e-21;0.0017100974;-0.87431073;8.940697e-05;0.621289;0.6211996;0.0;0.0;6895.692;8361.594;-3876.8145;6247.2637;-607.35443;-2338.4612
1957-08-08;15.894307;1.2581686;0.010108948;746.9724;1.2988354;124.933876;0.0;-7.3453654e-25;99.99998;-7.345365e-21;0.20209898;-0.69682115;0.010326505;0.62020123;0.6098896;0.0;0.0;5294.777;6418.8735;-2586.0356;7223.3677;-484.0589;-2111.479
1957-08-09;16.481394;2.6218364;0.0099436445;749.91046;1.2150415;166.57848;0.0;-7.3453654e-25;99.99998;-7.345365e-21;0.9895861;-1.0186946;0.05209446;0.65103173;0.5989373;0.0;0.0;6075.1646;7363.276;-2943.1821;6918.96;-707.6528;-2327.422
1957-08-10;17.118002;-1.1578064;0.0098559065;753.75903;1.2390403;153.5699;0.0;-7.3453654e-25;99.99998;-7.345365e-21;0.00085532654;-1.2741377;4.4703484e-05;0.58819354;0.58814883;0.0;0.0;6634.1396;8039.007;-3309.99;6582.86;-885.10114;-2272.391
1957-08-11;17.813272;-0.3820394;0.009672801;755.4126;1.1905774;58.652233;0.0;-7.3453654e-25;99.99998;-7.345365e-21;0.0029946433;-1.0025762;0.00014901161;0.5777031;0.5775541;0.0;0.0;6246.308;7567.374;-3187.9314;6836.5054;-696.45667;-2052.4844
1957-08-12;18.567545;0.4181315;0.009990692;752.13495;1.2487444;91.67918;0.0;-7.3453654e-25;99.99998;-7.345365e-21;0.0032007694;-0.8488018;0.00013411045;0.5674362;0.567317;0.0;0.0;5826.9443;7057.746;-2921.5632;7206.4717;-589.63336;-2003.3667
1957-08-13;16.883951;2.7405396;0.010190328;749.6318;1.0689694;93.38754;0.0;-7.3453654e-25;99.99998;-7.345365e-21;0.06890433;-0.7451726;0.003233552;0.5606115;0.55740774;0.0;0.0;5456.854;6608.0977;-2775.214;7222.1313;-517.64777;-1954.1844
1957-08-14;13.429118;7.1127625;0.010149638;749.3742;1.3309691;54.556316;0.0;-7.3453654e-25;99.99998;-7.345365e-21;10.007158;-1.1806246;0.650689;1.1987537;0.5480498;0.0;0.0;4721.4517;5716.0933;-2263.7673;7167.3066;-820.1411;-1845.36
1957-08-15;13.858287;4.11735;0.010295868;752.30347;1.6190133;43.752834;0.0;-7.3453654e-25;99.99998;-7.345365e-21;0.00042617318;-2.832124;2.9802322e-05;0.5391389;0.539124;0.0;0.0;6058.7363;7333.7886;-2620.1523;6633.594;-1967.3833;-1615.1766
1957-08-16;15.744019;2.2175903;0.009868622;753.41754;1.1875968;57.903988;0.0;-7.3453654e-25;99.99998;-7.345365e-21;0.0036537647;-2.5896523;0.0001937151;0.5302727;0.530079;0.0;0.0;6327.23;7657.8047;-2844.58;6656.124;-1798.9445;-1509.919
1957-08-17;15.876454;0.26239014;0.010044098;753.0756;1.1559287;106.13184;0.0;-7.3453654e-25;99.99998;-7.345365e-21;0.020891428;-2.1949952;0.0010579824;0.5222559;0.5212128;0.0;0.0;6042.6665;7312.4756;-2788.3984;6780.61;-1524.79;-1560.8922
1957-08-18;15.917562;0.24595134;0.010042827;752.4476;0.9655647;113.122826;0.0;-7.3453654e-25;99.99998;-7.345365e-21;0.034093857;-1.7480701;0.0016540289;0.5142689;0.51261485;0.0;0.0;5730.7715;6934.334;-2810.9622;6809.4165;-1214.3256;-1527.8756
1957-08-19;16.256327;1.191976;0.010027568;753.1606;0.9782589;109.54012;0.0;-7.3453654e-25;99.99998;-7.345365e-21;0.0752449;-1.4175475;0.003606081;0.5078167;0.5042106;0.0;0.0;5746.1597;6952.009;-2793.5637;6970.3276;-984.7222;-1708.2755
1957-08-20;15.832408;2.1019185;0.00985082;754.1976;1.2186912;60.48672;0.0;-7.3453654e-25;99.99998;-7.345365e-21;1.6127765;-1.2176447;0.093758106;0.58980286;0.49604475;0.0;0.0;5424.334;6562.046;-2643.5078;7055.573;-845.8578;-1767.2234
1957-08-21;15.749481;1.6318563;0.009969075;754.3405;1.5597515;37.810505;0.0;-7.3453654e-25;99.99998;-7.345365e-21;0.015559792;-1.5203431;0.00078231096;0.4888773;0.48810244;0.0;0.0;6120.8633;7403.58;-2957.214;6677.0317;-1056.1322;-1978.9767
1957-08-22;15.860087;-0.91038007;0.010449727;753.4371;1.4169326;47.229107;0.0;-7.3453654e-25;99.99998;-7.345365e-21;0.0;-1.1547934;0.0;0.48027933;0.48027933;0.0;0.0;6030.9795;7294.1143;-3079.4934;6564.937;-802.19666;-1977.6244
1957-08-23;17.231516;-3.8341167;0.009919484;752.0721;1.2508224;178.53578;0.0;-7.3453654e-25;99.99998;-7.345365e-21;0.0012813134;-0.9856783;7.4505806e-05;0.47267973;0.47262013;0.0;0.0;6130.8633;7413.816;-3204.831;6608.1064;-684.7178;-1985.5488
1957-08-24;16.805908;-7.325521;0.009569804;752.3188;1.316316;161.98618;0.0;-7.3453654e-25;99.99998;-7.345365e-21;0.0012848196;-0.81725234;7.4505806e-05;0.46522915;0.46515465;0.0;0.0;6348.972;7676.6606;-3523.1094;6164.085;-567.7178;-2109.6833
1957-08-25;16.599142;-2.5889995;0.010478973;754.0845;1.1987271;110.996315;0.0;-7.3453654e-25;99.99998;-7.345365e-21;0.002992153;-0.7675048;0.00013411045;0.4580021;0.45786053;0.0;0.0;6116.664;7394.85;-3217.3506;6553.019;-533.1589;-2108.879
1957-08-26;16.708853;-3.156484;0.010144551;752.58685;1.1955575;145.17973;0.0;-7.3453654e-25;99.99998;-7.345365e-21;0.0;-0.73685217;0.0;0.45071542;0.45073032;0.0;0.0;6109.2256;7384.991;-3298.5452;6460.4766;-511.86557;-2102.4912
1957-08-27;16.212118;-1.6665853;0.00995636;752.02545;1.2530608;160.24133;0.0;-7.3453654e-25;99.99998;-7.345365e-21;0.01886487;-0.69537574;0.0009834766;0.44476986;0.44378638;0.0;0.0;6062.7554;7327.9243;-3223.031;6495.4287;-483.05444;-2152.7744
1957-08-28;15.539205;-0.9416606;0.009665172;752.6028;1.2197597;120.51407;0.0;-7.3453654e-25;99.99998;-7.345365e-21;0.03776585;-0.67335;0.0018179417;0.4388094;0.43703616;0.0;0.0;5705.058;6894.7065;-2967.6367;6731.7944;-467.75333;-2096.0588
1957-08-29;15.927155;-1.3104553;0.009838104;753.56836;1.0786234;102.16927;0.0;-7.3453654e-25;99.99998;-7.345365e-21;0.0068480684;-0.6843479;0.00025331974;0.43070316;0.4304424;0.0;0.0;5548.5767;6704.859;-2930.4072;6827.3276;-475.39334;-1914.2533
1957-08-30;16.585245;-0.89364624;0.009853363;755.03033;1.0005301;106.14469;0.0;-7.3453654e-25;99.99998;-7.345365e-21;0.017368793;-0.640329;0.000834465;0.4248321;0.42402744;0.0;0.0;5247.7446;6340.511;-2776.8381;7028.1616;-444.81555;-1774.3667
1957-08-31;16.540253;-0.70340985;0.009700775;755.2871;1.0629185;81.35473;0.0;-7.3453654e-25;99.99998;-7.345365e-21;0.030952692;-0.66737735;0.0011324883;0.41888654;0.41775405;0.0;0.0;5489.895;6632.254;-2966.6597;6860.7876;-463.60443;-1858.3667
1957-09-01;16.239614;-0.60325116;0.009685516;754.9493;1.0740529;84.88772;0.0;-7.3453654e-25;99.99998;-7.345365e-21;0.027289405;-0.6471649;0.0012740493;0.41289628;0.41161478;0.0;0.0;5374.4424;6492.058;-2931.0383;6843.0376;-449.56332;-1833.3933
1957-09-02;15.946452;-5.3819175;0.009989421;754.32465;1.34049;148.42989;0.0;-7.3453654e-25;99.99998;-7.345365e-21;0.0;-0.6245449;0.0;0.4056245;0.40563196;0.0;0.0;5628.936;6798.6055;-3178.7117;6406.5376;-433.85;-2005.4355
1957-09-03;15.0963745;-4.7887063;0.010232289;754.01337;1.3565019;171.8679;0.0;-7.3453654e-25;99.99998;-7.345365e-21;0.35681725;-0.6631333;0.017419457;0.4172325;0.3998354;0.0;0.0;5369.6426;6484.721;-3036.1343;6378.606;-460.65668;-1858.6866
1957-09-04;15.557495;-8.719869;0.009888967;754.9631;1.1763365;155.12735;0.0;-7.3453654e-25;99.99998;-7.345365e-21;0.0004295349;-0.7383246;1.4901161e-05;0.39418042;0.39416552;0.0;0.0;5886.7954;7108.4385;-3451.162;6015.296;-512.89;-1799.0845
1957-09-05;15.8663225;-4.657145;0.009924571;756.0859;1.2499127;136.51476;0.0;-7.3453654e-25;99.99998;-7.345365e-21;0.0030100327;-0.5955249;0.00013411045;0.3887713;0.38860738;0.0;0.0;5115.8423;6176.8496;-2868.9797;6625.487;-413.6911;-1640.8411
1957-09-06;16.329437;-1.4437155;0.010058085;755.5466;1.1336342;197.25972;0.0;-7.3453654e-25;99.99998;-7.345365e-21;0.15479326;-0.6386656;0.0075250864;0.39070845;0.38318336;0.0;0.0;5355.3057;6465.0645;-2893.304;6757.445;-443.65887;-1795.1505
1957-09-07;16.500223;-1.1776022;0.00975291;755.3764;1.1841775;147.2054;0.0;-7.3453654e-25;99.99998;-7.345365e-21;5.9604645e-05;-0.6662719;0.0;0.37784874;0.37784874;0.0;0.0;5637.5234;6804.961;-3203.5437;6429.7544;-462.83667;-1861.1934
1957-09-08;16.121307;-3.4243672;0.009886424;756.32;1.1271666;185.93587;0.0;-7.3453654e-25;99.99998;-7.345365e-21;0.0;-0.6289277;0.0;0.37258863;0.37260354;0.0;0.0;5681.533;6857.287;-3303.2593;6297.617;-436.89444;-1730.1677
1957-09-09;16.294119;-5.0632935;0.01002121;758.0893;1.2184732;105.915955;0.0;-7.3453654e-25;99.99998;-7.345365e-21;0.0;-0.60455686;0.0;0.36749244;0.36746264;0.0;0.0;5589.8716;6745.824;-3222.4702;6403.6177;-419.96555;-1793.6444
1957-09-10;15.98703;-3.742958;0.009951274;756.6308;1.1381112;89.46897;0.0;-7.3453654e-25;99.99998;-7.345365e-21;0.006222725;-0.57615155;0.00028312206;0.36272407;0.3624484;0.0;0.0;5265.7725;6353.9023;-3070.2722;6526.1006;-400.23334;-1673.4767
1957-09-11;15.901774;-9.421306;0.009914398;755.1972;1.1755396;138.12732;0.0;-7.3453654e-25;99.99998;-7.345365e-21;0.00043970533;-0.58577025;1.4901161e-05;0.35755336;0.35753846;0.0;0.0;5580.7124;6733.1367;-3406.506;6109.5713;-406.91556;-1665.3722
1957-09-12;14.363179;-2.3153484;0.010000865;756.1431;1.2543572;186.7246;0.0;-7.3453654e-25;99.99998;-7.345365e-21;0.330168;-0.5068742;0.016123056;0.36893785;0.35283715;0.0;0.0;4431.5244;5346.0347;-2428.8445;6883.8433;-352.1078;-1618.0945
1957-09-13;13.5849;-1.3721517;0.010144551;755.6907;1.2535459;129.31612;0.0;-7.3453654e-25;99.99998;-7.345365e-21;0.1343131;-0.5747564;0.006467104;0.35476685;0.34828484;0.0;0.0;5019.219;6054.273;-2775.839;6472.987;-399.26334;-1865.5878
1957-09-14;13.100362;0.17997234;0.010125478;754.2405;1.1918672;83.40235;0.0;-7.3453654e-25;99.99998;-7.345365e-21;0.05196333;-0.57313216;0.0025480986;0.3463328;0.3437698;0.0;0.0;4654.21;5613.313;-2489.7012;6836.8755;-398.13556;-1646.3066
1957-09-15;13.374501;2.566213;0.00989151;754.93945;1.1697992;47.92134;0.0;-7.3453654e-25;99.99998;-7.345365e-21;0.8455366;-0.6443774;0.045329332;0.38467348;0.33934414;0.0;0.0;4778.024;5762.003;-2509.1274;6867.8643;-447.62668;-1672.8422
1957-09-16;13.209737;3.4299114;0.00989151;755.96173;1.0908973;57.06425;0.0;-7.3453654e-25;99.99998;-7.345365e-21;2.1035404;-0.92194974;0.11833012;0.45339763;0.3350675;0.0;0.0;4097.062;4936.4316;-2265.1848;6922.993;-640.44775;-1244.5712
1957-09-17;13.768849;-2.3443298;0.010080974;755.3869;1.266291;153.97368;0.0;-7.3453654e-25;99.99998;-7.345365e-21;0.0008583069;-1.2538955;4.4703484e-05;0.330925;0.33088773;0.0;0.0;5164.8843;6217.6255;-2826.9724;6322.3916;-871.0378;-1506.8167
1957-09-18;13.435974;-4.489868;0.010186513;755.07465;1.2137347;172.30316;0.0;-7.3453654e-25;99.99998;-7.345365e-21;0.0;-0.994429;0.0;0.32670796;0.32670796;0.0;0.0;5179.715;6230.023;-2924.6812;6183.7334;-690.7967;-1570.295
1957-09-19;12.99532;-3.0198467;0.01009496;755.03516;1.1662643;107.67203;0.0;-7.3453654e-25;99.99998;-7.345365e-21;0.015467405;-0.75252354;0.0006854534;0.3233254;0.32262504;0.0;0.0;4743.8213;5700.7573;-2628.5522;6463.536;-522.75336;-1549.6324
1957-09-20;12.804352;-3.4502766;0.009747823;754.4666;1.2024924;114.340614;0.0;-7.3453654e-25;99.99998;-7.345365e-21;0.7138699;-0.72524416;0.035628676;0.3543198;0.31869113;0.0;0.0;4619.887;5547.0444;-2627.6829;6387.516;-503.80334;-1530.9333
1957-09-21;12.926056;-4.772766;0.009985606;755.79767;1.1899883;156.85283;0.0;-7.3453654e-25;99.99998;-7.345365e-21;0.001288995;-0.7940177;5.9604645e-05;0.31487644;0.31480193;0.0;0.0;5125.182;6148.3687;-2974.86;6048.211;-551.57776;-1581.2478
1957-09-22;13.146342;-5.4945474;0.009733836;756.5346;1.1681783;147.55319;0.0;-7.3453654e-25;99.99998;-7.345365e-21;0.00043511385;-0.6635394;1.4901161e-05;0.31098723;0.31095743;0.0;0.0;5110.771;6125.7725;-3041.4924;5983.202;-460.93777;-1568.0044
1957-09-23;13.152659;-4.6885476;0.009988149;756.25244;1.159205;154.2476;0.0;-7.3453654e-25;99.99998;-7.345365e-21;0.023591518;-0.5743606;0.0011324883;0.30833483;0.30720234;0.0;0.0;4796.294;5743.8623;-2754.2495;6341.1157;-398.9889;-1535.51
1957-09-24;13.124908;-4.0406494;0.009707133;754.6744;1.1692785;181.16734;0.0;-7.3453654e-25;99.99998;-7.345365e-21;0.011835135;-0.5149236;0.0005662441;0.3040731;0.30350685;0.0;0.0;4776.2183;5714.8433;-2851.2295;6210.1523;-357.7;-1550.5533
1957-09-25;12.700145;-3.2541096;0.010247548;753.94147;1.1580287;173.55273;0.0;-7.3453654e-25;99.99998;-7.345365e-21;0.0008523463;-0.497289;4.4703484e-05;0.29993057;0.29989332;0.0;0.0;4996.376;5973.0977;-3035.0144;5990.4365;-345.45;-1571.5189
1957-09-26;11.951802;-0.6475423;0.009905498;753.434;1.1541418;169.39583;0.0;-7.3453654e-25;99.99998;-7.345365e-21;0.0004351138;-0.43872836;1.4901161e-05;0.2963841;0.2963692;0.0;0.0;4783.8877;5714.085;-2845.9246;6112.2;-304.77057;-1621.5311
1957-09-27;10.139282;-0.16115315;0.010011037;752.0678;1.1175942;164.45108;0.0;-7.3453654e-25;99.99998;-7.345365e-21;0.00056028366;-0.39288586;1.4901161e-05;0.29295683;0.29291958;0.0;0.0;4566.86;5450.2104;-2641.699;6196.86;-272.92444;-1690.0155
1957-09-28;10.465149;0.77505493;0.009773254;751.01855;0.9058028;174.07137;0.0;-7.3453654e-25;99.99998;-7.345365e-21;0.8987742;-0.5048765;0.04942715;0.33900142;0.28957427;0.0;0.0;4308.406;5137.2695;-2388.2744;6495.3633;-350.7211;-1548.7422
1957-09-29;10.253764;2.0001118;0.010106404;753.16864;1.1077007;186.9405;0.0;-7.3453654e-25;99.99998;-7.345365e-21;0.49495995;-0.6583994;0.023260713;0.30958652;0.2863109;0.0;0.0;4384.526;5223.553;-2352.3955;6489.681;-457.3689;-1584.6934
1957-09-30;9.965617;0.6668396;0.010009766;755.355;1.1257739;200.10878;0.0;-7.3453654e-25;99.99998;-7.345365e-21;0.0004351138;-0.6310884;1.4901161e-05;0.28312206;0.28310716;0.0;0.0;4530.567;5392.8857;-2621.094;6122.2515;-438.39667;-1586.3245
1957-10-01;11.004039;-3.9327495;0.010194142;756.06647;0.93600243;85.7515;0.0;-7.3453654e-25;99.99998;-7.345365e-21;0.0008705807;-0.6350484;4.4703484e-05;0.2799332;0.27991086;0.0;0.0;4755.0205;5655.1543;-2786.7488;6060.4624;-441.14777;-1382.0133
1957-10-02;9.547719;0.4527893;0.010269165;754.65283;1.01009;58.947067;0.0;-7.3453654e-25;99.99998;-7.345365e-21;2.8316915;-1.1257651;0.15035272;0.4272163;0.27683377;0.0;0.0;3822.9731;4542.7163;-2036.8528;6650.7456;-782.0311;-1197.3678
1957-10-03;9.925964;-1.1425272;0.009988149;754.5369;0.9298425;94.77151;0.0;-7.3453654e-25;99.99998;-7.345365e-21;0.067815185;-0.88621116;0.00295043;0.27681887;0.27385354;0.0;0.0;3942.6855;4680.9443;-2265.7021;6401.6465;-615.6222;-1099.4978
1957-10-04;10.75764;0.52405804;0.010210673;755.3925;1.0277525;146.69734;0.0;-7.3453654e-25;99.99998;-7.345365e-21;0.56533515;-0.8873092;0.029191375;0.30006468;0.2708733;0.0;0.0;4408.4185;5229.3667;-2479.7534;6296.9756;-616.38446;-1283.9734
1957-10-05;11.176951;-0.7074382;0.0103213;755.4959;1.10041;98.725716;0.0;-7.3453654e-25;99.99998;-7.345365e-21;0.0047326083;-0.8755103;0.00022351742;0.2681613;0.26792288;0.0;0.0;4531.271;5370.5156;-2622.1646;6188.282;-608.1878;-1245.15
1957-10-06;11.42867;-3.2181804;0.009641011;756.0618;1.0898061;108.652374;0.0;-7.3453654e-25;99.99998;-7.345365e-21;0.0;-0.76215434;0.0;0.26500225;0.26500225;0.0;0.0;4563.7075;5404.297;-2721.8362;6102.4355;-529.44336;-1265.2877
1957-10-07;12.029439;-1.2069193;0.0097796125;755.2791;1.1722608;140.73326;0.0;-7.3453654e-25;99.99998;-7.345365e-21;0.0021376053;-0.6317105;0.00010430813;0.26223063;0.26212633;0.0;0.0;4404.4995;5211.333;-2580.1875;6324.2505;-438.8278;-1270.6622
1957-10-08;11.42806;1.9891561;0.010139465;752.48566;1.3980216;220.83308;0.0;-7.3453654e-25;99.99998;-7.345365e-21;0.048515126;-0.4920196;0.0023245811;0.2616495;0.2593249;0.0;0.0;4274.149;5052.724;-2516.4875;6327.4478;-341.79;-1410.4144
1957-10-09;8.548859;2.7618206;0.010011037;750.55396;1.0000813;263.5865;0.0;-7.3453654e-25;99.99998;-7.345365e-21;6.069958;-0.536263;0.38322806;0.63991547;0.25666505;0.0;0.0;3107.365;3670.3174;-1804.39;6613.229;-372.52444;-1159.9456
1957-10-10;7.5329285;-1.5630392;0.009986877;749.1951;1.2161665;174.25523;0.0;-7.3453654e-25;99.99998;-7.345365e-21;0.065654516;-1.0171905;0.0030994415;0.25722384;0.2541244;0.0;0.0;3210.7556;3789.2012;-1980.4144;6244.671;-706.6078;-944.74664
1957-10-11;2.8624165;-5.4135947;-1.300045;750.9677;1.6155825;43.33978;0.0013834635;2.78155e-07;105.3727;-7.345365e-21;0.8774042;-1.0119342;0.04480034;0.296399;0.2516061;0.0;0.0030510128;3867.5994;4560.4775;-2369.3262;5500.4385;-702.95667;-1288.3066
1957-10-12;0.93930054;-6.4645233;-7.5752716;754.8064;2.0744526;36.473984;0.08528646;1.3232231e-05;146.11586;-7.345365e-21;0.015872717;-0.84847116;0.00022351742;0.24937093;0.24914742;0.0024214387;0.014357269;4366.7227;5147.282;-2582.8293;5044.628;-589.43335;-1630.3966
1957-10-13;3.1190693;-7.106627;-8.277726;754.25275;1.193336;62.233288;0.092692055;1.3868014e-05;150.58104;-7.345365e-21;0.0014049067;-0.84425044;0.00031292439;0.24700165;0.24667382;0.004146248;0.0005401671;4457.266;5249.574;-2783.1516;4957.23;-586.48114;-1228.6956
1957-10-14;4.856262;-7.8308907;-7.3176675;755.0808;1.0064994;74.136185;0.06461588;9.457271e-06;150.52342;-7.345365e-21;0.0004351138;-0.8594887;0.00029802322;0.24452806;0.24423003;0.0042691827;0.0;4390.9033;5166.2544;-2706.5134;5205.491;-597.06445;-992.0278
1957-10-15;4.4518127;-3.4203491;-4.1673417;754.40375;0.8128629;199.2243;0.041178387;5.8809915e-06;150.52342;-7.345365e-21;3.505224;-0.7649427;0.19478053;0.43666363;0.2418831;0.0029616058;0.0;2957.9294;3476.8923;-1671.6912;6180.2153;-531.38275;-655.94666
1957-10-16;6.240641;-0.9968465;-3.308286;754.0662;0.8255457;246.78462;0.022867838;3.059705e-06;150.52342;-7.345365e-21;0.16562939;-0.98355484;0.0074207783;0.24703145;0.23961067;0.002540648;0.0;3325.8767;3907.7566;-1755.045;6322.027;-683.2428;-868.7744
1957-10-17;5.0361733;2.2438762;-1.2660547;753.21075;0.6323819;198.17513;0.012451172;1.9073486e-06;150.52342;-7.345365e-21;6.7761183;-0.93045646;0.41091442;0.6483644;0.23744255;0.0011846423;0.0;2025.956;2379.5117;-1098.245;6851.101;-646.3567;-510.4111
1957-10-18;5.4557595;-0.8467204;-3.557626;754.8255;1.065348;86.29769;0.0061035156;6.357829e-07;150.52342;-7.345365e-21;0.016993282;-1.3953335;0.0008493662;0.2361089;0.23525953;0.00078976154;0.0;3742.8066;4393.93;-1911.9316;6159.995;-969.29224;-952.1767
1957-10-19;6.307556;-0.95164996;-3.270251;757.3581;1.0897006;76.801605;0.001953125;-7.3453654e-25;150.52342;-7.345365e-21;0.0017228139;-1.1832482;0.00010430813;0.23315847;0.23303181;0.00035390258;0.0;3399.5134;3989.6821;-1859.6439;6269.1445;-821.9633;-838.23114
1957-10-20;7.162201;-3.2232258;-4.5264487;757.8062;0.9968045;60.434162;0.0;-7.3453654e-25;150.52342;-7.345365e-21;0.0021536115;-0.9275228;0.00011920929;0.2309829;0.23086369;0.00013038516;0.0;2883.216;3382.899;-1948.2245;6058.921;-644.32;-406.44333
1957-10-21;9.3593645;-1.2666525;-2.5330708;755.0567;1.0997392;161.60057;0.0;-7.3453654e-25;150.52342;-7.345365e-21;0.14376499;-1.2105293;0.007286668;0.23598969;0.22871047;7.4505806e-05;0.0;3759.1145;4409.191;-1980.4456;6354.04;-840.9144;-672.2222
1957-10-22;5.5288796;2.3346863;-1.148426;750.6448;0.9684046;196.61243;0.0;-7.3453654e-25;124.804665;-7.345365e-21;8.624911;-1.239297;0.5495697;0.7762313;0.22664666;1.8626451e-05;0.0;2449.9995;2872.7788;-1138.8933;6946.2744;-860.89777;-666.7767
1957-10-23;3.4493206;1.767507;-0.2842013;751.53784;0.9069991;128.5384;0.0;-7.3453654e-25;107.90298;-7.345365e-21;3.8764002;-1.1517433;0.24712086;0.47183037;0.22470951;7.4505806e-06;0.0;2394.8323;2807.4146;-1059.6716;6862.6953;-800.07776;-769.7878
1957-10-24;4.4862876;0.62993366;-0.38989386;754.63153;1.0242983;84.34181;0.0;-7.3453654e-25;103.68585;-7.345365e-21;0.013276935;-1.198329;0.00062584877;0.2233535;0.2227351;1.8626451e-06;0.0;2893.2673;3390.43;-1505.325;6481.7656;-832.43945;-811.5011
1957-10-25;5.343435;0.10983276;-0.24018987;755.9055;0.9955948;115.02911;0.0;-7.3453654e-25;100.55792;-7.345365e-21;0.004412197;-1.118822;0.00022351742;0.22098422;0.2207607;9.313226e-07;0.0;3186.1829;3732.4612;-1901.5928;6031.3975;-777.2083;-650.93
1957-10-26;5.817627;-1.0265808;0.010138194;753.51855;0.9781261;103.14743;0.0;-7.3453654e-25;99.99998;-7.345365e-21;0.0008583069;-1.2664925;5.9604645e-05;0.21883845;0.21879375;0.0;0.0;3694.5461;4326.649;-2099.3855;5897.0547;-879.79;-751.0978
1957-10-27;4.818461;-0.17283122;0.010058085;752.4893;0.9516019;139.8963;0.0;-7.3453654e-25;99.99998;-7.345365e-21;0.62656444;-1.0833125;0.033199787;0.2500713;0.2168715;0.0;0.0;3393.9373;3973.4067;-1889.0677;6041.187;-752.54114;-866.5322
1957-10-28;3.293457;0.5890401;0.010040283;754.20483;0.9771509;102.42398;0.0;-7.3453654e-25;99.99998;-7.345365e-21;7.044673;-1.0067894;0.49492717;0.709936;0.2150163;0.0;0.0;2762.0396;3232.7266;-1494.3778;6343.5254;-699.38446;-713.7478
1957-10-29;3.586975;-1.4626566;-4.82398;757.0318;1.0973887;78.875465;0.013590495;1.7881393e-06;120.90916;-7.345365e-21;0.0040233135;-1.3524052;0.00017881393;0.21335483;0.21319091;0.0008363277;0.0023171306;3422.0984;4004.0657;-1829.8323;6006.2817;-939.47;-875.4133
1957-10-30;6.2601724;-2.8987834;-5.6699715;758.38617;0.9000377;76.73757;0.009684245;1.3113022e-06;143.90785;-7.345365e-21;0.0;-1.2862458;4.4703484e-05;0.21138787;0.21134317;0.0005662441;0.0;3562.5156;4167.0854;-2165.1968;5776.972;-893.5122;-506.99777
1957-10-31;5.8838906;-2.1572163;-5.158118;756.459;0.8786078;169.59706;0.0056966147;9.536743e-07;150.58592;-7.345365e-21;0.6310284;-1.0775477;0.035494566;0.2450347;0.20953268;0.00040233135;0.0;2794.1772;3267.1768;-1769.0477;6078.9644;-748.5367;-433.4522
1957-11-01;6.276886;-2.1558838;-5.3792443;754.4263;0.81355953;188.80608;0.0030110676;4.3710074e-07;150.58592;-7.345365e-21;0.0004351138;-1.172075;4.4703484e-05;0.2077967;0.20775199;0.0002644956;0.0;3548.4229;4147.8354;-2143.7117;5772.749;-814.20056;-581.80225
1957-11-02;5.1264443;-0.5501404;-4.877661;753.8912;0.94181013;186.08904;0.001953125;-7.3453654e-25;150.58592;-7.345365e-21;0.15683082;-0.86437726;0.008374453;0.21437556;0.2060011;0.00015459955;0.0;2915.3838;3406.8333;-1811.1444;6001.8115;-600.4539;-608.7244
1957-11-03;2.6498005;0.1696574;-2.9858882;752.0974;0.8514518;231.65337;0.001953125;-7.3453654e-25;150.58592;-7.345365e-21;2.8963864;-0.7554758;0.19544363;0.39975345;0.20432472;8.568168e-05;0.0;2292.945;2678.8066;-1285.055;6449.4297;-524.80444;-638.85
1957-11-04;1.1833496;-2.101827;-3.4305089;750.135;0.90811634;143.3824;0.006184896;9.1393787e-07;127.23566;-7.345365e-21;1.8205702;-0.99530256;0.108227134;0.31092763;0.2026856;0.00050477684;0.0008419156;2758.0479;3220.98;-1421.2289;6261.73;-691.4044;-844.3011
1957-11-05;1.4889221;-0.5181885;-3.006836;751.2402;0.7004812;239.72087;0.029622396;5.364418e-06;150.59178;-7.345365e-21;2.2326112;-1.0035084;0.13664365;0.33771992;0.20108372;0.00035762787;0.01014024;2432.521;2839.98;-1232.0778;6398.3945;-697.10333;-668.7133
1957-11-06;0.5820109;-0.5736491;-0.46417236;750.6862;0.73095983;68.703995;11.0625;0.0016608238;145.29523;11.75944;14.987886;-0.87828934;0.81679225;1.0163188;0.19952655;0.050442293;4.5259295;1579.1995;1844.7766;-562.17944;7009.2476;-610.7156;-574.6578
1957-11-07;0.9607442;-0.39416504;-1.5406355;749.22656;0.8092827;49.013515;29.784506;0.00436453;148.37856;29.500326;5.2510796;-0.6889468;0.48053265;0.6785393;0.19802153;1.6133021;0.51027906;1437.4678;2050.2888;-792.4961;6617.54;-478.45667;-325.33112
1957-11-08;0.9706014;-2.4999084;-4.111759;751.4747;1.2665486;35.492935;21.63086;0.003220598;151.22264;21.199545;0.61273575;-0.91219693;0.15798211;0.35449862;0.19651651;1.2791977;0.040255487;2187.3083;2911.2612;-1259.1873;6116.7173;-635.8322;-464.42557
1957-11-09;1.777476;-3.6753032;-4.6457458;752.76447;0.8592747;63.47554;14.101726;0.0020909708;151.41502;13.509114;0.001642108;-0.9729005;0.10056794;0.29554963;0.19498914;1.043968;9.685755e-05;2707.1746;3426.4177;-1603.4272;5913.6846;-677.2611;-602.3822
1957-11-10;1.0443115;-3.051361;-6.0483055;752.491;0.822424;184.1587;8.795085;0.0013072491;151.53741;8.422852;0.035867095;-0.738604;0.061407685;0.25488436;0.19348413;0.61083585;0.0;2543.416;3114.9343;-1610.5339;5770.8833;-513.21;-454.34445
1957-11-11;1.213735;-2.9888306;-6.026071;752.17194;0.8539308;165.99283;5.501709;0.0008167426;151.61652;5.126953;0.0045776363;-0.88335013;0.040501356;0.23248792;0.19198656;0.4173629;0.0;2989.571;3587.8755;-1920.2716;5536.0444;-613.81775;-532.8811
1957-11-12;2.0116272;-1.5884298;-6.914553;752.6714;0.9043228;183.69928;3.2993164;0.00048919517;151.66046;3.2958984;0.0012516975;-0.7711202;0.026404858;0.2169013;0.19052625;0.2741553;0.00033155084;2953.27;3499.4578;-1947.4656;5499.6367;-535.61664;-419.89777
1957-11-13;1.7002258;-1.7201742;-5.968582;753.12476;0.9219248;180.4818;1.9094238;0.00028264523;151.60805;1.7496744;0.0028005552;-0.85251313;0.016003847;0.20506978;0.18908083;0.16563386;0.00024214387;2956.341;3475.3032;-1829.4578;5654.4473;-592.3;-584.9178
1957-11-14;2.276245;0.047912598;-1.6542282;752.75244;0.74442106;220.23741;1.3850912;0.00021107991;150.48436;1.2207031;6.5992775;-0.6299708;0.5790889;0.76678395;0.18768013;0.09252131;0.1544021;1605.9895;1880.0011;-609.14667;6978.616;-437.62778;-346.83
1957-11-15;1.966919;1.5123596;-0.6542842;750.6587;0.75168735;169.99242;1.6592611;0.0002872149;151.12108;1.9938151;6.0356216;-0.7080305;0.4682839;0.6546378;0.18633902;0.1335293;0.977736;1319.0433;1546.4355;-519.64056;7137.3135;-491.77335;-433.11
1957-11-16;-0.5504964;-1.0874939;-0.32343802;750.8039;0.4882863;173.4713;79.13794;0.014352958;137.4977;101.5625;23.80218;-0.17053726;0.81022084;0.99524856;0.18501282;1.8843133;17.76746;466.77777;1507.41;-178.05833;7097.239;-123.85555;-148.96889
1957-11-17;-0.41100058;-3.5182114;-2.3086307;747.09235;0.8271348;134.87057;95.579834;0.017194549;154.42609;111.572266;0.12097657;-0.16065967;0.25139004;0.4351139;0.18371642;2.1623597;0.072434545;928.2844;2836.5823;-885.1055;6123.7;-115.810555;-90.50222
1957-11-18;-1.5390421;-5.8731894;-4.480854;747.7661;1.0570983;39.50067;92.4598;0.015102784;156.6725;96.51693;0.23462176;-0.29596406;0.24525076;0.42767823;0.18242002;2.0898132;0.20808354;1114.6827;3089.0754;-934.1556;5835.401;-220.36778;-111.17889
1957-11-19;-2.4613545;-5.572235;-4.445227;750.14355;0.88652235;151.69023;85.650795;0.013421178;156.86815;85.65267;0.5629733;-0.37662312;0.18399209;0.36513805;0.18114597;1.5230738;0.5221032;1233.925;2968.4888;-953.63275;5814.65;-278.20444;-164.03778
1957-11-20;-2.911607;-4.4824014;-3.1340344;748.2651;1.0573695;234.00621;84.989586;0.013191541;154.27602;85.16439;2.2868514;-0.40895864;0.11795759;0.2978742;0.17990917;0.87671727;1.9434206;1076.1694;2421.5044;-720.39667;6206.93;-304.59445;-231.65334
1957-11-21;-5.4876175;-12.399033;-10.938806;749.4466;1.0786927;74.15148;92.94669;0.014147322;151.15851;93.3431;0.24632801;-0.3776243;0.030308962;0.20900369;0.17869473;0.2441369;0.18809736;1228.6422;3216.43;-1565.4989;4564.5176;-285.44333;-64.08222
1957-11-22;-6.549955;-17.393097;-15.364421;748.52734;0.9689966;57.73508;89.1215;0.013494889;151.8089;88.86719;0.0;-0.2873689;0.07683039;0.25434792;0.17750263;0.6329566;0.0;1536.7977;3713.4011;-1801.8811;3858.984;-214.89778;-52.983334
1957-11-23;-5.37219;-14.667029;-13.842193;752.01483;1.3780516;26.4011;83.88192;0.012757261;152.42934;83.94369;0.00085234636;-0.3370261;0.055864453;0.2322197;0.17634779;0.4619956;0.0;1631.9856;3604.541;-1790.8005;4073.9734;-255.60333;-97.34889
1957-11-24;-3.2122128;-13.919225;-12.414838;751.6609;0.95398337;183.93121;75.06844;0.011417587;153.04034;74.910484;0.0021457663;-0.23148023;0.19475818;0.36998093;0.17522275;1.6033388;0.0;1792.4506;3562.3833;-1811.0494;4361.3257;-172.15;-115.99555
1957-11-25;-3.8845417;-13.713515;-12.472375;749.99585;0.8302293;222.46184;65.61564;0.010032654;153.59601;65.42969;0.0012901282;-0.32695198;0.116720796;0.29085577;0.17413497;0.94917417;0.0;1799.1089;3212.8855;-1683.0144;4570.7725;-246.49777;-214.92
1957-11-26;-3.5941975;-11.705219;-11.667621;749.95465;0.8089185;136.71411;56.696045;0.0086768465;154.07973;56.559246;0.002578461;-0.28462428;0.1655668;0.3386438;0.17306954;1.336962;0.0;2042.914;3372.8933;-1772.2866;4655.2866;-211.93;-277.56445
1957-11-27;-3.729604;-8.0055;-10.916893;749.2392;0.7346253;221.66487;47.441162;0.0072770915;154.50648;47.32259;0.00085532654;-0.23344067;0.15646219;0.3284812;0.172019;1.2539849;0.0;2172.996;3331.6355;-1801.9811;4759.198;-171.44888;-369.7211
1957-11-28;-3.679311;-6.7460456;-8.547718;747.3679;0.77948815;266.09216;40.063557;0.0061685243;154.87238;39.835613;0.0047504893;-0.26274192;0.107333064;0.2783239;0.17099082;0.8553192;0.0043287873;2064.8777;2994.851;-1540.5216;5223.4688;-192.59;-418.66223
1957-11-29;-2.8034363;-6.4205527;-7.7254868;745.62964;0.65509814;203.1143;33.458088;0.0051484504;154.89906;33.528645;0.11548102;-0.29626673;0.1295358;0.29951334;0.16997755;1.024682;0.10833517;2316.64;3215.179;-1628.0089;5263.9365;-212.10722;-425.6422
1957-11-30;-2.7788696;-3.9400127;-3.8199832;745.3305;0.49732637;133.35664;60.05827;0.008731048;141.73859;61.238605;8.313491;-0.170324;0.14623255;0.3152266;0.16899407;0.69100034;7.4727798;969.05725;1586.3966;-659.05;6314.082;-122.901665;-189.66556
1957-12-01;-2.376648;-4.1590858;-4.719894;748.2722;0.69861156;255.15375;74.160645;0.011074106;150.19496;73.81185;0.107395254;-0.2972111;0.13625622;0.3042966;0.1680255;1.0854528;0.09069219;1331.2839;2768.7756;-965.7761;5891.7114;-215.43222;-218.87111
1957-12-02;-3.705804;-6.394272;-6.471573;748.64453;0.878089;124.60034;66.046715;0.009937127;151.19398;65.714516;0.018784404;-0.3004018;0.13309717;0.3001541;0.16706437;1.0533072;0.013642013;1643.8378;3088.0632;-1313.9266;5428.26;-217.31111;-286.62
1957-12-03;-2.9297588;-4.753311;-5.841273;749.1403;0.9010408;79.117676;56.235188;0.008462429;151.77016;55.664062;0.0038474796;-0.23101923;0.21271408;0.37884712;0.1661256;1.6631856;0.002078712;1732.7339;2950.4456;-1211.2439;5672.9233;-164.74777;-327.39
1957-12-04;-2.6323242;-3.657369;-2.0974529;745.85376;0.78571695;122.83802;61.573406;0.009430011;148.70961;62.70345;8.597497;-0.34768414;0.19055605;0.35575032;0.16520917;0.91154873;7.4466467;1443.7728;2372.5144;-653.06775;6483.5845;-250.98723;-376.17
1957-12-05;-2.904887;-3.699707;-2.244484;744.4411;0.7429909;244.24756;97.836754;0.015230696;148.17902;102.742516;2.064228;-0.16587973;0.09487569;0.2591908;0.1643151;0.6519891;1.7673149;654.43665;1980.6466;-514.70276;6466.2983;-125.79;-120.60111
1957-12-06;-4.7537637;-5.6252747;-3.7420464;741.46796;0.67757607;178.35913;99.09359;0.018959126;149.18031;126.302086;7.0473523;-0.16014837;0.008836389;0.17227232;0.16342849;0.03479235;6.719362;674.4739;2094.75;-663.77167;6127.3115;-122.04444;-154.40666
1957-12-07;-7.3250694;-8.518634;-6.0716195;741.20825;0.8688182;193.0595;100.0;0.028136492;140.88312;198.28288;14.478246;-0.15065539;0.0;0.16257167;0.16256422;0.0;14.457069;635.33386;2309.0588;-450.615;6120.7974;-115.225555;-191.52667
1957-12-08;-8.010365;-8.992152;-6.7842727;741.02545;0.8520276;193.9611;100.0;0.06390313;116.39451;542.3991;48.011414;-0.06513111;0.0;0.1617074;0.1617223;0.0;48.00587;127.98889;546.35333;-110.831665;6422.9565;-50.805557;-100.617775
1957-12-09;-9.263664;-10.854482;-9.766533;743.90137;0.79009086;260.13663;100.0;0.08725313;131.49901;669.0267;0.8585326;-0.039826147;0.0;0.16090274;0.16090274;0.0;0.85096806;576.7905;2491.6223;-754.6472;5412.483;-28.237778;-91.03667
1957-12-10;-9.364822;-13.057995;-13.574348;749.3315;0.95587426;190.21611;100.0;0.08764982;150.2057;584.3913;0.044331413;-0.018734485;0.0;0.16008317;0.16009063;0.0;0.043015927;666.16614;2804.8333;-896.76776;4913.2646;-11.628889;-16.512222
1957-12-11;-6.0415597;-9.592486;-12.195275;751.6377;0.9789577;234.45067;100.0;0.08774173;154.4059;568.52216;0.15162012;0.0054240227;0.0;0.15930831;0.15929341;0.0;0.14858693;633.3994;2587.6067;-339.46945;5795.8423;6.7788887;9.133333
1957-12-12;-4.570536;-9.160655;-9.756527;752.45197;1.0142134;174.72797;100.0;0.08786726;158.59503;554.60614;0.0064849844;-0.028072856;0.0;0.15851855;0.1585111;0.0;0.0051893294;757.86444;3026.2488;-854.3128;5325.475;-17.854445;-9.2711115
1957-12-13;-3.7532043;-9.0587845;-10.56311;752.48193;0.928637;145.52785;100.0;0.087896906;162.60089;541.1377;0.0051051364;-0.017732382;0.0;0.15774369;0.15774369;0.0;0.0025257468;794.1278;3091.1055;-1108.7994;4989.6313;-10.052222;33.705555
1957-12-14;-6.376982;-12.3143425;-14.305909;753.6518;1.324306;5.546215;100.0;0.08793231;165.73827;531.00586;0.0;0.00029057264;0.0;0.15699863;0.15697628;0.0;0.0;827.8333;3141.7021;-1119.831;4625.7007;3.521111;79.547775
1957-12-15;-4.083303;-11.743907;-14.083747;754.4209;1.5158677;47.68579;100.0;0.08797022;168.35219;522.583;0.0;0.0027641654;0.0;0.15623868;0.15623868;0.0;0.0;842.10333;3118.1445;-923.0061;4922.1177;5.6355557;126.44666
1957-12-16;-0.010538737;-8.638722;-10.6835985;753.5032;0.88001055;250.67627;100.0;0.08800542;171.4326;513.5905;0.0021371688;-0.021638349;0.0;0.15549362;0.15550107;0.0;0.0;816.1311;2950.7466;-857.69446;5322.479;-13.092222;75.53778
1957-12-17;-0.63949585;-8.332581;-10.175303;754.043;0.981301;57.763165;100.0;0.08803185;174.83722;503.7435;0.0008695553;-0.015455298;0.0;0.15477836;0.15477836;0.0;0.0;869.74445;3071.3645;-971.39886;5216.537;-8.216666;67.23889
1957-12-18;-0.81224567;-8.2494;-10.581257;750.8379;0.7878168;230.31602;100.0;0.08806387;178.16957;494.58823;0.0004351138;-0.010740012;0.0;0.1540631;0.1540631;0.0;0.0;884.335;3052.3044;-1200.5228;4892.3115;-4.7555556;68.35
1957-12-19;-5.1026306;-7.5990143;-10.796521;744.57007;0.5177084;234.62915;100.0;0.08917177;179.10675;497.111;6.3509936;-0.0068088993;0.0;0.15336275;0.1533702;0.0;6.2920637;718.75555;2421.3933;-371.24612;5850.0776;-2.9716666;-27.523333
1957-12-20;-5.868669;-6.8542275;-5.7963576;743.62555;0.7400612;144.22633;100.0;0.10250485;165.541;617.6758;11.685251;-0.038273633;0.0;0.1526773;0.1526922;0.0;11.628963;313.97556;1257.0056;-445.925;6168.269;-28.712223;-61.224445
1957-12-21;-8.81403;-12.056968;-10.3124;748.8737;1.1210818;34.3703;100.0;0.10909625;162.94171;669.67773;1.6221093;-0.03668107;0.0;0.15200675;0.15200675;0.0;1.6153827;608.7161;2526.9321;-872.05945;5191.7344;-25.47;-39.524445
1957-12-22;-11.740181;-15.53037;-14.601662;751.0618;1.4123611;18.211775;100.0;0.109402575;166.44594;657.75555;0.007927417;-0.017214566;0.0;0.1513362;0.1513362;0.0;0.0062026083;751.5333;3035.45;-1246.4495;4393.0835;-10.618333;-7.29
1957-12-23;-14.026951;-20.259197;-19.762468;749.6158;1.2965318;23.750725;100.0;0.10942674;168.97394;647.9899;0.006288289;-0.013072044;0.0;0.15068054;0.15068054;0.0;0.004157424;810.3994;3191.6611;-1198.4094;4015.3645;-7.74;29.675556
1957-12-24;-13.393997;-19.975233;-22.520882;747.61426;1.1190815;57.692524;100.0;0.10944911;170.75648;641.39813;0.0021699993;0.0007338822;0.0;0.15002489;0.15002489;0.0;0.0;816.4489;3129.7256;-1079.6873;3954.985;2.4755557;75.77556
1957-12-25;-13.130746;-17.877365;-21.61352;747.41425;0.97564167;68.76734;100.0;0.10948523;172.35707;635.7422;0.08223545;0.006377697;0.0;0.14939904;0.14939159;0.0;0.078920275;783.88666;2930.3877;-733.4667;4452.501;6.638889;40.435555
1957-12-26;-14.775704;-18.275145;-18.999514;746.48553;1.0569257;135.45595;100.0;0.109618425;173.92609;630.778;0.022473931;-0.0037290156;0.0;0.14875829;0.14876574;0.0;0.019472092;828.0628;3032.7556;-1116.5228;4233.4116;-0.91;-16.173334
1957-12-27;-17.441408;-23.296198;-22.25228;746.32666;1.3597838;12.583711;100.0;0.10964004;175.68617;624.6338;0.0051259995;-0.011701137;0.0;0.14814734;0.14814734;0.0;0.0051371753;884.4539;3158.65;-1170.5566;3861.9817;-7.131111;14.597777
1957-12-28;-16.728783;-22.79006;-24.041895;747.283;1.309252;31.952585;100.0;0.109657764;177.1061;619.71027;0.00049588905;-0.00095926225;0.0;0.1475215;0.14752895;0.0;5.9604645e-05;928.4739;3240.2278;-1211.28;3695.2512;1.0122222;62.676666
1957-12-29;-14.003258;-21.583258;-23.7628;749.2654;1.2744323;21.57766;100.0;0.10967696;178.42479;615.35645;0.0004351138;-0.001417473;0.0;0.14692545;0.146918;0.0;0.0;950.2928;3242.3323;-1140.6616;3835.8557;0.80444443;96.09778
1957-12-30;-9.841654;-19.355436;-20.825804;750.49164;1.0927389;28.998894;100.0;0.10969881;179.87206;610.51434;0.012060211;-0.0132014975;0.0;0.1463294;0.1463145;0.0;0.0068955123;948.2378;3164.3245;-647.935;4710.202;-8.065556;78.71111
1957-12-31;-6.096334;-15.258129;-14.915993;750.5223;1.0092889;44.715908;100.0;0.109715424;182.09406;603.3122;0.00042617318;-0.030936673;0.0;0.14571846;0.1457259;0.0;7.4505806e-06;933.41223;3048.2134;-976.3061;4814.217;-20.90889;57.06778
1958-01-01;-4.9482117;-11.25208;-12.978741;748.56854;0.7694006;283.8909;100.0;0.1098001;184.78319;595.0114;0.10388328;-0.008163974;0.0;0.14513731;0.14513731;0.0;0.0878796;743.50555;2379.9866;-775.1;5200.4355;-3.8766668;40.70778
1958-01-02;-5.023224;-14.706492;-12.285401;747.7193;0.5643942;147.0597;100.0;0.11009383;187.2744;587.8499;3.314811;-0.031262636;0.0;0.14457107;0.14455616;0.0;3.2485425;760.51276;2386.979;-542.4689;5518.485;-22.013334;32.628887
1958-01-03;-6.1080832;-7.0234985;-7.3127036;743.77716;0.7896295;204.14989;100.0;0.12484654;169.11717;735.9619;18.087502;-0.008195639;0.0;0.14397502;0.14398247;0.0;18.084455;270.905;1077.4434;-10.485;6580.9824;-5.6233335;-42.962223
1958-01-04;-5.1504006;-5.8566895;-4.9731193;743.6887;0.7847304;157.82133;100.0;0.13861232;164.52081;842.8548;6.896901;-0.058598816;0.0;0.14342368;0.14341623;0.0;6.831989;276.29556;1161.2222;-111.98111;6661.1724;-44.714443;-99.10222
1958-01-05;-6.15848;-7.317858;-5.6375337;740.4236;0.882178;148.67625;100.0;0.14210029;170.45668;834.10645;5.078101;-0.058725476;0.0;0.14285743;0.14286488;0.0;5.069166;534.07666;2226.9177;-401.72943;6230.8657;-43.54222;-123.0
1958-01-06;-7.097956;-8.144176;-5.726485;741.4838;0.94332093;205.39636;100.0;0.15117891;170.43846;886.2712;8.380148;-0.101629645;0.0;0.14230609;0.14230609;0.0;8.377016;490.44223;2071.2068;-412.9989;6186.5547;-77.43889;-163.97
1958-01-07;-8.405445;-9.927322;-7.4461365;745.6889;1.0424709;221.39644;100.0;0.15541776;173.89256;894.6126;1.666373;-0.091271475;0.0;0.14173985;0.14175475;0.0;1.6579404;609.6667;2558.6145;-569.815;5848.1924;-68.67778;-123.12222
1958-01-08;-7.466204;-8.985557;-8.365051;746.65094;0.96174437;239.6778;100.0;0.15671392;179.22523;875.61035;0.3905539;-0.029838644;0.0;0.1412034;0.14121085;0.0;0.3835857;686.5022;2828.5334;-696.3555;5630.9917;-20.368889;-82.34
1958-01-09;-5.764852;-6.7150064;-7.255062;745.313;0.96412283;216.01233;100.0;0.15784724;184.54198;855.46875;3.7180662;-0.006646849;0.0;0.14066696;0.14066696;0.0;3.712505;328.84332;1315.6311;-44.721943;6552.08;-4.2222223;-45.816666
1958-01-10;-5.3331566;-7.3531;-5.5053926;743.66876;0.76262474;140.71223;100.0;0.16376503;186.3014;878.1331;9.032164;-0.08309446;0.0;0.14013052;0.14014542;0.0;9.0223255;655.0872;2664.091;-546.69165;6120.4443;-61.31111;-96.80222
1958-01-11;-5.402879;-7.1463637;-6.9719443;748.27216;0.66062015;193.34898;100.0;0.17037635;186.69008;913.6149;0.28960705;-0.026602298;0.0;0.13960898;0.13960898;0.0;0.28440356;594.6039;2485.8354;-869.0161;5510.265;-17.883333;-58.677776
1958-01-12;-5.169029;-12.421344;-9.292553;750.17755;1.0127314;51.373066;100.0;0.17042772;192.85707;884.7656;0.0036090612;-0.065336935;0.0;0.13908744;0.13907999;0.0;0.0014863908;666.17444;2707.071;-864.5236;5352.807;-46.94889;4.3255553
1958-01-13;-2.8819046;-11.542661;-11.114831;751.74976;0.851077;279.5269;100.0;0.17043471;197.83363;862.1826;0.0017147786;-0.02978649;0.0;0.138551;0.13855845;0.0;0.0;844.5928;3344.9934;-1117.1716;4890.5576;-19.163334;53.27778
1958-01-14;-2.7071736;-13.044072;-12.163624;751.41144;0.82933956;204.9023;100.0;0.17044842;201.97296;844.4417;0.0017213224;-0.040572137;0.0;0.13804436;0.13804436;0.0;0.0;870.2744;3357.2644;-987.3322;4985.412;-27.438889;59.72
1958-01-15;-2.853564;-7.4078803;-9.395375;747.14764;0.72307205;265.65475;100.0;0.17095594;205.6507;831.54297;2.0186157;0.0029671937;0.0;0.13753772;0.13753772;0.0;1.9606203;300.8439;1130.7633;253.85889;6794.4927;3.1288888;21.065556
1958-01-16;-4.9862366;-5.6020913;-4.915629;742.53973;1.0579181;200.09052;100.0;0.1780914;205.09828;867.2282;10.831559;-0.06309431;0.0;0.13703108;0.13703108;0.0;10.508403;369.06;1446.1978;-152.81111;6646.412;-47.976665;-124.636665
1958-01-17;-7.2574067;-9.110901;-6.3170867;741.6053;0.5935035;156.34108;100.0;0.19178753;193.5449;989.7461;8.240068;-0.07575657;0.0;0.13653934;0.13653934;0.0;8.234438;580.855;2475.9512;-751.6372;5707.6123;-56.275555;-97.903336
1958-01-18;-9.839538;-12.837743;-9.338334;743.80225;0.88789684;37.578995;100.0;0.19404106;197.17348;984.8633;1.0982977;-0.08694455;0.0;0.13604015;0.1360476;0.0;1.0939314;630.61444;2625.5022;-1058.0194;5015.602;-65.14222;-103.583336
1958-01-19;-10.371505;-13.926417;-13.22037;747.3052;1.0218811;69.557434;100.0;0.19445086;201.49738;965.6169;0.0062793493;-0.023905188;0.0;0.13555586;0.13555586;0.0;0.0054202974;858.1211;3486.7622;-1148.9061;4593.2446;-15.45;-61.366665
1958-01-20;-7.1026406;-10.20284;-12.810775;744.83514;0.5098799;236.7879;100.0;0.19649152;202.67023;968.83136;5.9938607;0.0056084245;0.0;0.13506413;0.13506413;0.0;5.9904194;496.345;1977.0222;-65.43166;6075.512;5.8344445;-12.825556
1958-01-21;-6.106767;-8.288982;-9.660904;742.18164;0.71885794;56.200073;100.0;0.20123188;201.38573;999.6745;1.3116449;-0.018816441;0.0;0.13459474;0.13459474;0.0;1.3069845;744.8239;3043.7578;-596.21;5703.759;-11.2711115;-69.346664
1958-01-22;-6.032767;-8.5416765;-8.385953;742.9053;0.89283615;52.444004;100.0;0.20396137;204.03937;999.9593;1.9629942;-0.039374456;0.0;0.13411045;0.13411045;0.0;1.9493103;696.4972;2832.7278;-674.4789;5717.0176;-26.991112;-70.14445
1958-01-23;-8.046073;-11.077969;-10.271698;746.2446;1.014093;48.698658;100.0;0.20434594;209.20082;977.8239;0.011104523;-0.031664968;0.0;0.13363361;0.13363361;0.0;0.008076429;854.97614;3392.7234;-1163.3369;4869.1943;-20.694445;-68.88556
1958-01-24;-9.092605;-12.579018;-12.085437;745.97186;0.9320708;69.95582;100.0;0.20439284;213.54848;957.7637;0.07594139;-0.022818334;0.0;0.13315678;0.13317168;0.0;0.07293001;750.63776;2897.2844;-800.8711;5182.9194;-14.793889;-51.44
1958-01-25;-7.2718163;-12.908647;-13.224706;746.27563;0.95511985;53.834866;100.0;0.20445776;217.2643;941.56903;0.0017133416;-0.02623722;0.0;0.13270974;0.13270974;0.0;0.0;1014.0561;3824.9656;-1193.1747;4618.4146;-16.332222;-5.6555557
1958-01-26;-7.012291;-12.271447;-13.317081;744.87134;0.8761077;47.922543;100.0;0.20448141;220.64581;927.16473;0.00558359;-0.021335669;0.0;0.1322329;0.1322329;0.0;0.003438443;959.9939;3533.4644;-980.9828;4906.7876;-12.884444;-9.402223
1958-01-27;-7.063244;-8.661056;-11.129925;745.17255;0.69886947;121.03359;100.0;0.20726816;220.02635;940.8366;8.977074;0.008327886;0.0;0.13178587;0.13177842;0.0;8.971423;545.2233;1989.4989;-29.420555;6308.214;8.055555;-43.85889
1958-01-28;-7.4503884;-9.146866;-8.186147;745.40137;0.6111953;235.50537;100.0;0.22094111;206.25746;1069.458;19.938848;-0.042565167;0.0;0.13133883;0.13133138;0.0;19.931849;564.5811;2281.7834;-331.49057;6135.6577;-31.047777;-100.94889
1958-01-29;-7.025411;-8.390545;-7.2856917;740.23615;0.6846771;169.87965;100.0;0.24575011;185.50487;1323.1201;15.49645;-0.021123327;0.0;0.1308918;0.13088435;0.0;15.490789;302.16724;1307.6522;-183.03555;6346.3154;-15.458889;-52.157776
1958-01-30;-9.6309805;-11.311126;-8.063334;733.992;1.3284336;208.19188;100.0;0.25545886;186.89745;1365.1123;14.641493;-0.12062583;0.0;0.13044477;0.13044477;0.0;14.6349;711.0994;3037.6545;-610.80725;5715.8667;-91.55889;-231.18556
1958-01-31;-12.510943;-15.549866;-10.346394;733.6858;1.1305889;204.07137;100.0;0.27927062;170.83266;1633.6263;13.857668;-0.13643876;0.0;0.12999773;0.13000518;0.0;13.827179;786.47943;3431.9644;-1134.6039;4858.52;-103.897224;-224.73111
1958-02-01;-14.459695;-18.42919;-16.896544;743.02026;0.8684438;232.45631;100.0;0.28207874;176.03026;1604.899;0.19163191;-0.01846347;0.0;0.1295656;0.1295656;0.0;0.18634275;975.8689;4146.3013;-1261.9445;4122.237;-11.664444;-84.206665
1958-02-02;-16.197205;-19.504515;-18.495947;740.6468;0.94701236;188.11949;100.0;0.28221223;181.35675;1557.9427;0.05081572;-0.023884699;0.0;0.12913346;0.12913346;0.0;0.048212707;980.0133;4053.2566;-1121.8395;4219.1543;-15.838333;-101.138885
1958-02-03;-14.936366;-18.647938;-19.858725;740.1514;0.8760144;255.39262;100.0;0.28229013;185.8701;1520.5892;0.022814147;-0.014989637;0.0;0.12870133;0.12870133;0.0;0.018458813;1054.8484;4250.6133;-1259.0884;3960.3105;-8.777778;-55.20222
1958-02-04;-14.333987;-19.750517;-21.060045;741.1492;0.988369;87.0274;100.0;0.2823162;189.76952;1489.2985;0.0015914439;-0.016236678;0.0;0.1282692;0.12827665;0.0;0.0006593764;1088.6984;4274.251;-1224.331;3947.8372;-9.548889;-12.412222
1958-02-05;-13.100053;-15.976963;-20.097479;738.03644;0.8148289;198.40509;100.0;0.28372002;191.48045;1482.4625;3.3703136;0.015339814;0.0;0.12785196;0.12785941;0.0;3.364265;778.35443;2980.859;-508.975;4928.887;13.334444;-28.564444
1958-02-06;-12.727937;-17.557892;-19.618935;742.4658;1.0201914;84.461815;100.0;0.28574273;192.62074;1485.2295;0.0009536743;-0.013430603;0.0;0.12743473;0.12743473;0.0;0.00097230077;1141.5172;4433.0347;-1426.9055;3791.5122;-7.128889;-17.607779
1958-02-07;-9.403755;-18.719193;-20.069757;746.7295;1.0197254;41.75738;100.0;0.2857612;196.41405;1456.5023;0.00044107437;-0.033650547;0.0;0.1270175;0.1270175;0.0;0.0;1176.1812;4453.512;-1157.7367;4165.0874;-22.025;46.106667
1958-02-08;-7.7691193;-16.032103;-18.704779;747.0838;0.9702931;104.98273;100.0;0.2857816;200.25584;1428.7109;0.0;-0.022390857;0.0;0.12660027;0.12660027;0.0;0.0;1214.7178;4487.839;-1173.9116;4282.5713;-13.415556;38.47333
1958-02-09;-7.4358153;-14.879288;-17.516838;747.54095;1.1144139;52.498684;100.0;0.285809;204.29881;1400.5533;0.0;-0.021634623;0.0;0.12619793;0.12618303;0.0;0.0;1264.3188;4560.9033;-1241.8844;4314.9683;-12.374444;39.697777
1958-02-10;-6.883232;-14.670883;-16.63792;747.8747;1.1515423;41.48332;100.0;0.2858386;208.4684;1373.0469;0.00042617318;-0.027775764;0.0;0.1257658;0.1257658;0.0;0.0;1312.8083;4627.0356;-1322.5634;4298.3516;-16.806667;41.148888
1958-02-11;-6.549174;-15.669617;-16.089403;747.91693;1.1796526;35.347355;100.0;0.28586105;212.6432;1346.3541;0.0;-0.04437659;0.0;0.12534857;0.12535602;0.0;0.0;1356.5056;4672.723;-1365.955;4295.4194;-29.34111;45.103333
1958-02-12;-6.883068;-14.141561;-15.369348;749.52423;1.412714;24.234926;100.0;0.2858816;216.7936;1320.4752;0.0017046923;-0.036825426;0.0;0.12494624;0.12494624;0.0;0.0;1399.6194;4715.0522;-1413.1683;4323.4624;-23.35;43.08
1958-02-13;-6.800944;-13.929138;-14.766598;750.9634;1.326389;25.387571;100.0;0.2859081;220.94171;1295.817;0.00084638596;-0.042669475;0.0;0.124543905;0.124529004;0.0;0.0;1439.3239;4744.0957;-1435.8267;4350.667;-27.803333;22.914444
1958-02-14;-6.7267747;-14.518027;-14.517554;749.73285;1.007298;90.47062;100.0;0.28592685;225.013;1272.7051;0.0012934208;-0.054931268;0.0;0.12412667;0.12413412;0.0;0.0;1498.9895;4836.223;-1515.1483;4267.9463;-37.22111;-2.38
1958-02-15;-7.1228194;-14.226853;-14.31096;748.2048;0.9187958;116.79513;100.0;0.285933;228.92738;1250.4069;0.0012951937;-0.061703846;0.0;0.12372434;0.12373179;0.0;0.0;1486.6117;4696.6055;-1485.3889;4327.1235;-42.7;-22.364445
1958-02-16;-8.0227165;-11.06475;-14.232842;748.14355;0.88208437;282.2814;100.0;0.2859553;232.65526;1230.9164;0.07428527;-0.027865171;0.0;0.12332201;0.12332946;0.0;0.071723014;1575.1967;4876.568;-1367.3256;4470.8994;-17.273333;-60.956665
1958-02-17;-6.4473877;-7.7533035;-10.627453;748.8466;0.8455372;244.93498;100.0;0.2869067;235.55792;1219.0756;2.250911;-0.07614121;0.0;0.12294948;0.12294203;0.0;2.2475197;1003.975;3087.159;-162.37666;6317.5723;-56.86111;-135.45334
1958-02-18;-3.1355999;-7.243815;-7.650164;751.979;0.80068064;115.943565;100.0;0.28840292;239.21027;1207.2754;0.07434487;-0.09105913;0.0;0.12254715;0.12254715;0.0;0.07304177;1537.3767;4911.318;-1563.0056;4865.8555;-63.90111;-77.42111
1958-02-19;-2.9566307;-10.251674;-9.108913;750.30615;0.99793047;78.237816;100.0;0.28840575;244.41405;1181.5592;0.0017136326;-0.0941474;0.0;0.12215972;0.12215227;0.0;0.0;1622.5233;5077.05;-1630.0538;4610.051;-66.223335;-26.027779
1958-02-20;-3.2156575;-10.605063;-9.231201;748.55524;0.906075;128.93456;100.0;0.2883921;249.00812;1159.5052;0.0017169032;-0.10754168;0.0;0.12175739;0.12175739;0.0;0.0;1670.3228;5121.868;-1681.2511;4562.781;-76.71667;-42.254444
1958-02-21;-3.5290527;-6.429525;-8.430763;746.5507;1.0335662;243.03334;100.0;0.28922418;252.5016;1145.9147;6.1995625;-0.10163151;0.0;0.12135506;0.12135506;0.0;5.817041;1498.6239;4502.912;-769.025;5800.5693;-74.67778;-107.3575
1958-02-22;-4.1973166;-4.858368;-4.8741317;742.9292;0.700912;206.48799;100.0;0.3098297;238.68422;1296.2646;24.309408;-0.047648326;0.0;0.12099743;0.12098253;0.0;23.74877;531.3239;2165.281;-308.78445;6494.9087;-35.032223;-113.86
1958-02-23;-5.74824;-7.2139573;-5.1667976;744.4378;1.381585;214.53716;100.0;0.321123;235.70082;1364.5426;1.652956;-0.15046261;0.0;0.12061;0.12061;0.0;1.6150177;1070.9872;4495.363;-871.17053;5759.4453;-111.89667;-211.42555
1958-02-24;-4.8012595;-5.716648;-4.843984;746.5745;1.2458827;213.69176;100.0;0.3243003;240.85382;1347.5342;4.674345;-0.1370171;0.0;0.12023747;0.12023747;0.0;4.630551;684.06946;2807.975;-237.50333;6576.5366;-104.047775;-207.71889
1958-02-25;-4.169871;-4.9919715;-3.7640953;747.77545;0.9017363;136.92451;100.0;0.32885385;245.28319;1342.2037;3.3447306;-0.13151765;0.0;0.11986494;0.11986494;0.0;3.2201111;734.58887;3038.2078;-536.36;6300.5044;-99.01444;-187.74638
1958-02-26;-3.2679596;-10.716607;-5.3679314;749.69415;0.99357814;66.237785;100.0;0.32986322;252.01886;1310.5062;0.0040471554;-0.20237267;0.0;0.11949241;0.11948496;0.0;0.0031925738;1315.4105;5289.5835;-1434.5153;5056.8887;-148.62778;-167.35777
1958-02-27;-1.264801;-10.617696;-7.127098;750.4323;1.0229493;64.095146;100.0;0.32982147;257.8916;1280.4769;0.0;-0.13780221;0.0;0.11910498;0.11909753;0.0;0.0;1379.9722;5393.12;-1490.8837;4890.7324;-98.138885;-48.97333
1958-02-28;-1.3247172;-10.717621;-8.266332;750.93353;0.98405075;58.46199;100.0;0.32980573;262.7526;1256.3477;0.0017156162;-0.11799019;0.0;0.11870265;0.11871755;0.0;0.0;1401.3055;5326.5957;-1426.6942;4887.467;-83.09333;-28.644444
1958-03-01;-0.11148071;-9.301503;-8.345631;750.0865;1.0132439;102.99723;100.0;0.32979897;267.13574;1235.7992;0.0;-0.1100814;0.0;0.11833012;0.11834502;0.0;0.0;1448.44;5360.1562;-1390.5109;4962.307;-77.03445;-11.795555
1958-03-02;0.07233683;-7.0029907;-7.198649;746.80963;0.96630365;198.51367;100.0;0.33118418;270.5599;1224.65;5.420345;-0.11042412;0.0;0.11795759;0.11795759;0.0;4.1952806;1351.69;4868.363;-776.0872;5863.754;-77.94334;-34.30111
1958-03-03;-2.8632405;-4.0315757;-3.9885712;743.53094;0.9494353;218.92201;100.0;0.33715355;271.3584;1243.8965;3.0418992;-0.14946796;0.009063631;0.12665242;0.11759251;0.096194446;2.630841;1095.9617;4176.3022;-613.33026;6296.7373;-110.97889;-194.65
1958-03-04;-3.3828938;-4.654032;-3.4699047;744.46674;1.1779712;210.72112;100.0;0.3393409;275.4515;1232.7881;5.3906226;-0.21377578;0.0017434359;0.11897087;0.117234886;0.013852492;4.9976854;1186.4258;4426.562;-789.4178;6082.9287;-161.23778;-220.57973
1958-03-05;-4.3282876;-5.2744956;-3.36469;744.4763;0.78864336;218.76312;100.0;0.3552836;262.69565;1352.417;13.758386;-0.15075225;0.0;0.116854906;0.11688471;0.0;13.496077;799.0958;3330.437;-624.30054;6207.2065;-113.922226;-215.68333
1958-03-06;-2.9943035;-5.4634604;-3.7457657;745.0237;0.8342543;232.37852;100.0;0.35912433;266.20605;1351.6846;0.66471094;-0.20022877;0.0;0.11651218;0.11651963;0.0;0.6135702;1266.5297;5138.0957;-1125.63;5614.669;-148.02167;-190.30861
1958-03-07;-2.7526042;-5.1723022;-4.5376306;747.4548;0.8621413;215.14943;100.0;0.3594124;272.40366;1321.9808;0.08611783;-0.18063001;0.0;0.11613965;0.11615455;0.0;0.082336366;1357.6986;5295.833;-1339.8678;5305.289;-132.65334;-183.575
1958-03-08;-1.4347941;-4.077001;-4.455082;744.84467;0.8169902;133.221;100.0;0.36399952;274.96777;1324.6256;19.096464;-0.09375997;0.03643334;0.15223026;0.11579692;0.019654632;15.195657;1184.7108;4444.385;-593.8981;6266.56;-66.26667;-117.12417
1958-03-09;-2.1796875;-2.7563374;-1.6562144;742.4321;1.0657505;235.2181;100.0;0.38035217;269.72623;1413.7369;3.717649;-0.15288405;0.022619963;0.13807416;0.115439296;0.21073222;3.1997375;862.4709;3540.939;-481.31555;6599.8223;-114.59333;-228.09111
1958-03-10;-1.8954468;-4.4955955;-2.1168568;747.92773;0.85795355;206.30342;100.0;0.3813063;277.3496;1378.6621;0.0077188015;-0.25201774;0.008940697;0.124022365;0.11508167;0.10298565;0.004250556;1643.6803;5790.059;-1582.2339;5213.2134;-186.74445;-214.63667
1958-03-11;-0.9682515;-3.095042;-2.4918098;747.6516;0.8206498;231.55028;100.0;0.3811443;284.68423;1342.6514;0.04875958;-0.19136536;0.0074654818;0.12218952;0.11473149;0.084990636;0.04100427;1610.993;5230.4;-1117.3073;5802.261;-140.90167;-171.66112
1958-03-12;-1.8601379;-3.7830646;-1.5864958;748.1257;0.89954996;141.2053;100.0;0.38082418;292.1006;1307.8613;0.035494566;-0.28191507;0.038787723;0.15316904;0.11437386;0.40756166;0.03225729;1797.2631;5486.7026;-1392.5194;5549.27;-211.16;-229.74167
1958-03-13;-1.8577576;-5.7367454;-1.3874384;745.2574;0.96459144;139.6967;100.0;0.38063207;299.8955;1272.9492;2.879699;-0.38465112;0.02977252;0.1437962;0.114008784;0.30147657;2.3538396;2023.0397;5665.688;-1278.2655;5677.157;-290.12778;-250.33972
1958-03-14;-4.765535;-6.121824;-1.1529604;737.72064;1.7488734;201.17316;100.0;0.38917044;298.0648;1307.5765;10.403904;-0.46950394;0.009894371;0.12357533;0.11366606;0.08093193;10.080047;1518.4573;4863.1777;-1135.3933;5769.1494;-361.46445;-492.90222
1958-03-15;-6.570259;-10.546516;-3.8217354;743.50824;0.84906316;196.03865;100.0;0.3934609;298.1071;1322.7946;0.12679696;-0.45926684;0.0;0.11332333;0.11332333;0.0;0.124298036;1893.3828;6283.6035;-2022.3817;4429.062;-350.59222;-378.74335
1958-03-16;-4.6400285;-11.627778;-6.91493;747.52686;0.8874007;167.90486;100.0;0.39322972;302.01498;1304.891;0.00086120353;-0.33293292;0.0;0.112980604;0.1129657;0.0;0.0;1970.4785;6367.378;-1828.4889;4531.71;-250.32445;-179.84889
1958-03-17;-4.327108;-8.335663;-7.1182885;747.65204;1.0865413;249.61261;100.0;0.3936056;304.52213;1294.7184;2.079159;-0.33584422;0.0;0.11262298;0.11262298;0.0;2.0377264;1883.6825;5950.4155;-1181.6239;5397.682;-254.31778;-197.8811
1958-03-18;-2.9105632;-4.3663735;-4.7399697;747.1389;1.3016306;224.64653;100.0;0.39557734;305.63443;1296.7936;2.082327;-0.204999;0.0;0.11228025;0.1122877;0.0;1.7242469;1634.8108;5346.501;-746.0047;6131.555;-152.97166;-225.48666
1958-03-19;-1.3130188;-2.3743184;-1.9492798;746.83325;1.3985096;214.32558;100.0;0.3979266;308.64877;1292.2363;1.6577216;-0.24493504;0.009268522;0.121206045;0.111952424;0.09438954;1.0725372;1392.6583;4641.814;-573.4189;6565.3716;-184.61278;-230.8725
1958-03-20;-0.52821857;-1.7973429;-0.6119156;747.2986;1.2677699;245.67033;100.0;0.39969218;315.5524;1269.9381;4.4743867;-0.26892033;0.17732382;0.28893352;0.1116097;0.92180634;1.0914505;1600.5917;4776.282;-690.3539;6525.3623;-202.23;-236.81166
1958-03-21;0.38701376;-3.8388875;-0.26381811;747.9844;0.93150383;204.57356;100.0;0.3981233;324.11783;1231.4453;0.02617836;-0.31498635;0.6712973;0.7825792;0.11127442;5.6746807;0.00021606684;2288.3237;6184.766;-1534.0645;5545.5366;-232.40334;-206.80055
1958-03-22;0.10625204;-1.6170654;-0.1479187;741.59674;0.9383208;223.52284;100.0;0.39618132;330.667;1200.5615;14.848248;-0.17899275;1.9912422;2.1021814;0.110939145;5.168235;2.4371333;1170.4011;2944.4111;-235.97278;7022.0854;-135.08444;-194.53334
1958-03-23;-2.5555623;-3.2039897;-0.09068807;738.66644;1.4261948;190.66444;100.0;0.40145287;326.06998;1230.8756;27.709663;-0.49209222;0.42840838;0.5390346;0.11062622;2.3537445;26.249952;1363.8411;3691.963;-462.33057;6723.1733;-380.0061;-474.8889
1958-03-24;-5.2372513;-6.497892;-0.4916369;737.37616;1.4552498;201.30077;100.0;0.43628123;290.88052;1499.6338;16.882467;-0.51910806;0.00071525574;0.11104345;0.1103133;0.0;16.738083;1357.1461;5533.921;-1121.2073;5761.2734;-397.35666;-557.69806
1958-03-25;-5.2864137;-7.732081;-1.7316526;743.29755;1.2986699;209.96844;100.0;0.43968293;294.2145;1496.8668;0.5997509;-0.6329641;0.0;0.11000037;0.11000037;0.0;0.59277564;1711.914;5791.8394;-1352.2463;5424.5376;-485.37668;-455.3628
1958-03-26;-4.705728;-5.6368256;-3.2348022;744.6733;1.2531852;211.40596;100.0;0.4440799;295.208;1505.1676;6.9647965;-0.265426;0.0;0.10970235;0.10970235;0.0;6.9204793;776.41;2639.3306;-377.16223;6471.6934;-204.37555;-292.1489
1958-03-27;-2.1240082;-6.0049043;-2.6515338;748.6162;0.79069704;136.53548;100.0;0.4469234;298.1149;1500.8951;3.0772598;-0.37494487;0.0;0.109404325;0.109411776;0.0;2.4552794;1814.4323;6451.5195;-1114.0784;5884.3735;-278.99554;-282.66223
1958-03-28;-1.5273031;-4.3567505;-1.4609476;745.4365;0.8896913;214.55505;100.0;0.45662084;298.2067;1531.6976;12.9848;-0.20946003;0.030882657;0.13999641;0.10911375;0.10078028;9.847753;1168.26;4258.9077;-778.4083;6218.0654;-155.49222;-166.62666
1958-03-29;-1.4943441;-2.445577;-0.6914012;744.7636;0.9412036;207.2567;100.0;0.46585795;300.74023;1551.3102;5.22787;-0.28158352;0.06762147;0.17645955;0.10883808;0.36764517;3.2481067;1309.45;4543.805;-543.9889;6643.8867;-211.72444;-281.8589
1958-03-30;-0.624705;-1.6518555;-0.19788615;746.46063;0.84965163;219.0247;100.0;0.46935335;306.3828;1534.0983;1.916803;-0.30884892;0.34423172;0.45278668;0.10855496;2.0912104;0.93343484;1475.5255;4747.951;-482.08612;6798.6064;-232.16444;-279.71222
1958-03-31;1.0847574;-0.36439005;-0.084340416;750.42065;0.8531665;188.62749;100.0;0.46285164;313.8877;1477.0914;0.42250752;-0.22763945;1.5186071;1.626879;0.10827929;9.823;0.003233552;1787.4589;5023.114;-729.6572;6556.6523;-166.08556;-211.47444
1958-04-01;3.5877178;0.17943318;-0.19332123;752.1897;0.82009953;275.3956;100.0;0.45304668;321.05566;1413.5742;0.002026557;-0.18701144;1.7089993;1.8170178;0.10801107;10.293871;0.0;2472.6262;6322.5835;-1378.1625;5865.903;-129.72667;-140.39667
1958-04-02;4.4724326;-0.67283124;-0.18056996;749.4859;0.82064754;222.84985;100.0;0.44225872;328.61264;1348.1039;0.28279534;-0.23302528;2.052009;2.1597743;0.1077652;11.270142;0.0;2571.3955;6130.7363;-1132.4186;6174.578;-164.98611;-127.37889
1958-04-03;2.427663;-2.7666728;-0.2089297;749.13055;0.78793025;230.14429;100.0;0.4318199;335.917;1287.6383;0.0;-0.4982641;1.9240081;2.039522;0.1155138;9.962959;0.0;2990.8745;6784.1045;-1644.205;5538.796;-372.24554;-162.66112
1958-04-04;0.5204773;-3.235077;-0.28885904;746.3912;0.89973164;202.91406;100.0;0.42310488;343.52573;1233.5612;0.53717357;-0.6200019;1.4694929;1.5769303;0.10742992;7.528137;0.2930388;3261.31;7119.0356;-1851.8663;5259.5146;-468.65887;-235.11555
1958-04-05;-1.7841797;-3.653178;-0.2351532;745.3081;1.070095;75.02973;100.0;0.4173161;349.30826;1195.9229;3.7958205;-0.5389359;1.4450774;1.5524626;0.10738522;5.9884896;2.125889;2450.8784;5272.23;-1122.3094;6038.3135;-410.77444;-356.6311
1958-04-06;0.26338705;-2.8733826;-0.22961171;747.3955;0.90239054;125.33683;100.0;0.4111031;354.0895;1162.5977;0.015306472;-0.5967561;1.923874;2.0359159;0.11203438;8.565016;0.00032037497;2934.645;6718.9937;-1341.8077;5854.3633;-450.00223;-304.22223
1958-04-07;2.0737305;-1.617981;-0.16901271;748.60626;0.9635795;114.72958;100.0;0.3996466;360.2233;1111.2467;0.0028381792;-0.38207507;2.8767288;2.9914677;0.11473894;12.991221;0.0;3033.3928;6664.291;-1477.4261;5782.437;-280.34888;-174.88222
1958-04-08;1.8240763;-2.7038677;-0.2313474;747.5505;1.1780852;152.43242;100.0;0.38642332;366.6774;1055.7047;0.009858608;-0.5095117;3.545329;3.6926417;0.14731288;13.192294;0.00035762787;3200.3245;6817.996;-1435.585;5770.101;-378.5778;-183.08888
1958-04-09;2.2944438;-3.2337036;-0.26064172;746.01886;1.3564266;228.63191;100.0;0.37501395;373.69662;1005.08624;1.1597397;-0.5245693;2.7141273;2.8657317;0.15158206;10.23582;0.0;2834.521;5895.0874;-1537.5233;5585.1943;-395.83667;-103.30444
1958-04-10;3.4780376;-2.4028218;-0.22451782;745.6362;1.1608496;227.04248;100.0;0.3633401;381.3187;954.63055;0.527519;-0.48819464;3.837645;3.9699972;0.13235211;12.900863;0.0;3330.6472;6805.5034;-1314.5686;5975.952;-361.6011;-119.10333
1958-04-11;-0.6487427;-4.3511147;-0.15304057;743.33673;1.5779885;208.0747;100.0;0.3548958;384.1022;924.8047;4.947788;-0.59603804;2.781227;2.937585;0.15634298;8.458102;1.4427826;2153.7922;4604.296;-1225.9608;5865.5024;-457.01334;-264.26666
1958-04-12;-2.6828206;-6.2684937;-0.4196968;745.70184;1.0073968;151.26762;100.0;0.3504598;389.77573;900.472;1.4923096;-0.86798143;0.8337498;0.94884634;0.11508912;2.762068;0.6024614;3289.3706;6962.3115;-1871.6453;5098.099;-664.70667;-462.21445
1958-04-13;-1.7130839;-7.150898;-0.35851288;748.02435;0.9616878;131.46136;100.0;0.34718654;396.5078;877.0752;0.959447;-0.83746016;1.1895299;1.3078302;0.11829287;4.5215225;0.40374324;2965.2327;6407.6294;-1554.9244;5521.3564;-640.1433;-407.96
1958-04-14;0.11372884;-4.6994157;-0.27305603;748.0817;1.3045937;184.0089;100.0;0.340762;404.25586;844.1976;2.9098818;-0.7749312;2.1410286;2.2627711;0.12173504;8.006446;2.5606303;3369.7295;7093.3774;-1401.4275;5810.738;-587.7889;-250.91888
1958-04-15;1.525411;-1.0197449;-0.0797933;745.587;0.9432726;180.42638;100.0;0.33168492;404.01855;822.7539;0.45007467;-0.44726765;4.1448774;4.341692;0.19679964;13.044287;0.016670674;2707.014;6271.162;-972.6025;6375.6445;-332.9411;-234.25778
1958-04-16;1.4738871;0.47905478;-0.011779785;746.1193;1.3223209;219.81007;100.0;0.32056165;405.56674;791.6667;7.9700828;-0.20841323;5.9013515;6.039768;0.13841689;12.760897;0.57397413;1643.0472;3730.9456;-144.61278;7264.614;-153.92111;-142.00111
1958-04-17;1.5481771;1.3998718;0.010267894;746.2097;1.294676;205.17975;100.0;0.3099508;405.95474;764.7298;41.094948;0.033395365;20.7766;24.027378;3.2507703;10.329943;0.6940067;828.8233;1832.8195;106.91805;7501.0776;29.25;-41.699722
1958-04-18;2.2753193;-6.5105796;-0.14336903;746.62665;1.0822175;230.99718;100.0;0.29479468;406.11752;727.3763;0.436455;-0.7534679;6.600171;7.016301;0.41612238;16.635704;0.0;3294.9568;7198.291;-1593.6302;5667.7446;-567.68;-202.30333
1958-04-19;1.2961121;-3.1344185;-0.3183047;741.65845;0.9947949;239.61995;100.0;0.28481242;411.57748;693.6849;6.8696766;-0.30606613;4.70452;4.9583764;0.25385618;8.882157;0.58186424;2171.2622;4691.3813;-857.41;6334.439;-227.66444;-158.20222
1958-04-20;-0.8219808;-1.5251465;-0.15719223;740.5256;1.3049974;199.41917;100.0;0.27977684;413.43164;677.124;9.576082;-0.32594055;3.2885969;3.5834908;0.29487908;5.60965;5.000729;1640.5194;3617.1917;-345.5625;6924.9453;-248.00667;-325.1011
1958-04-21;-1.9057516;-2.965871;-0.10102335;742.93695;0.9551201;211.24565;100.0;0.28880557;378.29166;762.53253;18.068588;-0.22680126;2.061069;2.403617;0.3425479;2.2323093;13.056189;731.4461;2369.5967;-394.66833;6752.2505;-173.45555;-205.7411
1958-04-22;-1.7654215;-3.066579;-0.24084473;747.03906;1.0207442;158.11882;100.0;0.29364702;365.09082;804.8503;3.2093973;-0.4059635;1.1364967;1.5150905;0.3786087;2.7903988;1.4069006;1931.3038;6305.9985;-1187.7195;5911.63;-303.54556;-360.7622
1958-04-23;-0.12538655;-8.709001;-0.393308;751.95703;1.0783128;55.10079;100.0;0.29101908;371.45865;784.46454;0.00011920929;-0.5936483;1.0248423;1.4432073;0.4183799;3.48714;9.685755e-05;2809.4111;8059.01;-1978.7186;5024.66;-440.05;-257.27444
1958-04-24;2.930247;-6.775167;-0.43987656;754.74835;1.0889786;86.991005;100.0;0.28508225;380.81348;750.0;0.00085234636;-0.42859092;2.3089795;2.783835;0.47484785;7.6801853;0.0;3155.23;8185.3076;-1963.755;5151.943;-308.6789;-137.1311
1958-04-25;5.3959656;-4.5733643;-0.3649203;752.63116;1.1608688;141.91086;100.0;0.27456632;390.18228;705.0374;0.0012814989;-0.38076752;4.2918324;4.7878923;0.49605966;12.405734;0.0;3379.9211;8152.97;-1813.5105;5394.0015;-270.46277;-90.657776
1958-04-26;6.83432;-5.2089133;-0.31030783;752.4988;1.1262834;131.55835;100.0;0.26013783;398.88834;654.05273;0.0;-0.40813443;5.66788;7.1490107;1.4811456;15.683397;0.0;3508.109;8020.7993;-1586.6483;5710.126;-291.26944;-66.704445
1958-04-27;7.9572854;-5.116648;-0.25501886;751.98846;1.1394526;176.09613;100.0;0.24241503;406.38998;598.91766;0.0008473679;-0.4125787;7.4514003;9.009659;1.558274;18.746662;0.0;3636.1829;7984.4517;-1628.7178;5727.91;-294.6378;-38.035557
1958-04-28;6.871704;-3.6186523;-0.29469553;748.25903;1.1674734;141.84254;100.0;0.2233624;414.15234;541.8294;0.03008026;-0.4198514;7.596381;9.143412;1.5470312;19.059072;0.0;3650.8655;7776.138;-1468.6616;5896.0854;-301.26334;-72.94334
1958-04-29;5.1058555;-2.7334697;-0.29509735;744.1531;1.1739812;130.47946;100.0;0.2046142;421.1556;488.0371;0.8047849;-0.3778618;7.578656;8.602798;1.024127;18.108215;0.0;3151.8667;6557.458;-1323.9388;6033.5146;-273.16943;-60.314445
1958-04-30;4.0230813;-3.1052856;-0.49984488;745.73456;1.1320943;247.37286;99.54126;0.18661909;429.6605;436.11655;0.0014714419;-0.5638106;7.5568557;9.594515;2.0376444;17.932121;0.0;4047.9727;8262.593;-1908.1025;5335.66;-414.6122;-146.03334
1958-05-01;3.4081929;-3.0177815;-0.57711536;747.45636;1.2202246;201.20818;97.65731;0.16846776;439.13705;385.05045;0.3056556;-0.61129403;6.93129;8.305997;1.3747066;17.817572;0.0;3941.2766;7845.601;-1754.1661;5489.13;-449.80334;-158.97
1958-05-02;1.8641459;-2.982076;-0.61296463;746.9179;1.5518535;233.78639;96.03678;0.15335755;447.45215;343.3431;4.6268406;-0.6685229;6.781161;9.24863;2.4674683;13.032261;0.0006146729;3312.9705;6457.336;-1464.9366;5725.823;-500.71613;-201.07
1958-05-03;-0.10342407;-2.4371135;-0.55369693;747.59467;1.1338153;250.11366;95.24121;0.1413116;447.4896;315.18555;6.199103;-0.67441165;6.4060984;8.911594;2.505496;11.841807;0.5579107;3420.96;6630.814;-1412.9316;5793.526;-505.32666;-403.74112
1958-05-04;1.155955;-3.615041;-0.5110855;749.4382;1.1232392;201.79482;94.68075;0.12712657;447.09146;283.7321;1.5009063;-0.9478936;6.392822;8.543387;2.150558;15.739408;0.002965331;3924.965;7668.145;-1547.7828;5740.5186;-709.2978;-366.1789
1958-05-05;2.5541584;-4.706716;-0.84361905;749.3106;1.2455314;191.86555;94.2277;0.1108135;447.51562;246.94824;0.3574133;-1.003081;6.1285048;8.723706;2.5951936;15.750982;0.0;4097.3423;7904.938;-1857.2828;5347.9727;-749.2317;-235.64555
1958-05-06;2.5375264;-4.8619895;-1.1724676;747.97943;1.178165;174.6325;93.98722;0.09425715;447.51562;210.36784;0.6270945;-0.8800123;7.1227846;10.688007;3.565237;16.275272;0.0;4065.715;7760.7524;-1855.0486;5330.969;-653.83;-254.76111
1958-05-07;2.780782;-4.814779;-1.3864962;748.17017;1.2544724;134.75273;93.51815;0.077207126;447.51562;172.32259;1.0095775;-0.8454472;6.593376;9.964228;3.3708513;16.713943;0.0;4009.8833;7591.689;-1732.9886;5487.323;-632.95886;-288.37445
1958-05-08;4.2316794;-4.306498;-1.6676483;750.1894;1.1243409;149.59409;90.4183;0.05813412;447.51562;130.00488;0.27658343;-0.7069465;8.092344;12.722641;4.6303124;19.564516;0.0;4029.275;7482.431;-1676.9725;5596.98;-515.86835;-230.19778
1958-05-09;5.6970315;-3.5271504;-2.1317673;750.8383;1.2137363;156.40282;77.00741;0.037506144;447.51562;84.39127;0.06437302;-0.7264651;8.88294;13.87909;4.9961286;20.756773;0.0;4488.852;7964.797;-1877.1233;5466.789;-521.4756;-300.83112
1958-05-10;5.837992;-3.4905293;-1.5488573;749.33356;1.1457926;90.38148;46.9799;0.020552477;447.51562;46.67155;0.3444036;-1.4645829;5.195588;11.273951;6.07837;14.042147;0.0;5141.79;7842.0835;-1747.8789;5910.169;-1024.3933;-494.01556
1958-05-11;6.983551;-2.1319988;-1.0941721;750.1037;1.2478136;69.625626;23.768637;0.01037244;447.51562;23.51888;0.9199124;-2.097874;2.8508306;9.339392;6.4885693;7.7353306;0.0;5252.64;7253.2856;-1832.8717;6102.3105;-1459.685;-558.87335
1958-05-12;8.89626;-1.1166483;-0.7034772;754.6739;0.9359679;45.769886;10.690837;0.00462389;447.51562;10.701497;0.002661347;-2.9940362;1.3844818;7.8900156;6.5055413;4.4773855;0.0;6174.572;8096.9287;-2135.6477;6134.3022;-2080.3267;-672.4533
1958-05-13;12.13033;0.83894855;-0.3753662;758.0982;1.131596;75.89319;4.037191;0.0017366409;447.51562;4.272461;0.38791442;-3.3421834;0.60613453;7.0438833;6.437756;1.9193292;0.0;6243.564;7994.1343;-2210.4;6392.8213;-2321.8123;-575.82446
1958-05-14;13.462239;-0.67304486;0.010142009;756.34845;1.0633906;175.44739;1.3645834;0.0005870263;447.51562;1.5869141;0.011503696;-3.2927516;0.16409159;6.4761043;6.3120275;0.64635646;0.0;5286.4507;6708.3687;-1803.1633;6943.9644;-2287.4456;-403.3611
1958-05-15;12.805888;1.6348165;0.010096232;754.9943;1.1270937;104.49103;0.4400228;0.00018839042;447.51562;0.40690103;1.1704952;-3.5142553;0.25586784;6.3862653;6.1304274;0.22381172;0.0;5567.5835;7050.683;-2040.5339;6767.842;-2441.2522;-557.68665
1958-05-16;12.74118;-1.2747701;-0.2261556;753.62994;1.5296067;162.06259;0.14664714;6.302198e-05;438.73438;-7.345365e-21;0.5434811;-3.657275;0.0988543;6.0063453;5.9074907;0.069152564;0.0;5723.079;7231.9487;-2207.9756;6396.3657;-2540.6123;-695.6567
1958-05-17;12.043813;-4.500315;-0.76179504;754.3772;1.2352806;186.43639;0.052001953;2.2411346e-05;428.7207;-7.345365e-21;0.0;-3.990396;0.004902482;5.660534;5.6556168;0.02451986;0.0;6769.177;8541.863;-2847.9468;5653.6143;-2772.0066;-828.7767
1958-05-18;11.435832;-2.9159749;-0.45828247;751.9092;1.3118196;95.34106;0.018473307;7.947286e-06;428.23697;-7.345365e-21;0.00085234636;-3.9408934;0.001758337;5.390957;5.3891764;0.008877367;0.0;6668.624;8404.916;-2655.5808;5938.59;-2737.61;-771.0956
1958-05-19;9.474559;3.399821;-0.0010770162;749.90436;1.3790064;59.677704;0.0064290366;2.9007595e-06;428.09375;-7.345365e-21;5.324304;-2.8164647;0.8330494;5.9555173;5.1224604;0.0028423965;0.0;5334.6904;6715.987;-1966.0067;6617.5054;-1956.5033;-1057.7567
1958-05-20;9.471873;3.9420776;0.009896596;750.1893;1.4118685;62.42975;0.0026041667;1.1920929e-06;428.09375;-7.345365e-21;2.5081277;-3.0750296;0.3554076;5.2192063;4.863784;0.0010207295;0.0;5520.117;6941.6255;-1942.6644;6650.6577;-2136.119;-1057.35
1958-05-21;10.795613;1.6042786;0.010147095;752.29816;1.4740535;43.881634;0.0006510417;2.78155e-07;428.09375;-7.345365e-21;0.0410825;-3.599331;0.005222857;4.6201496;4.614927;0.00035390258;0.0;5962.9365;7490.539;-2187.736;6415.791;-2500.3354;-974.0367
1958-05-22;10.991078;1.7858582;0.006409963;754.44946;1.2240552;68.499214;0.0;-7.3453654e-25;428.09375;-7.345365e-21;0.2989042;-3.4480774;0.03556907;4.4140816;4.37852;0.00012293458;0.0;5993.6636;7520.9653;-2237.717;6440.0493;-2395.2644;-978.68225
1958-05-23;10.465393;3.6231792;-1.3013954;754.2264;1.1459132;72.92858;0.0;-7.3453654e-25;228.86035;-7.345365e-21;2.8290987;-3.1666505;0.38439035;4.5415387;4.1571484;3.3527613e-05;0.0;5664.9478;7100.8745;-2113.6404;6601.41;-2199.7666;-977.57776
1958-05-24;11.241017;3.2473652;-0.75070065;752.8017;1.3427333;77.9903;0.0;-7.3453654e-25;107.540344;-7.345365e-21;2.1613765;-3.491764;0.28286874;4.234165;3.9512887;1.4901161e-05;0.0;5802.407;7265.8813;-2136.4282;6623.3457;-2425.6123;-847.0322
1958-05-25;11.275645;-0.27741495;0.009717305;749.7058;1.4190869;119.23301;0.0;-7.3453654e-25;99.99998;-7.345365e-21;4.2034364;-3.3548577;0.5392581;4.3004456;3.7611797;0.0;0.0;5200.1113;6504.6436;-1998.1442;6548.0737;-2330.5088;-816.8722
1958-05-26;9.331502;-2.8141277;0.009937286;748.6822;1.2157882;143.17218;0.0;-7.3453654e-25;99.99998;-7.345365e-21;0.04105174;-3.619942;0.0044107437;3.5878868;3.583461;0.0;0.0;6549.229;8183.562;-2458.9094;6041.7607;-2514.6533;-1368.2911
1958-05-27;8.483917;-0.6430461;0.009995778;749.72363;1.3217196;88.78439;0.0;-7.3453654e-25;99.99998;-7.345365e-21;1.7739598;-2.968546;0.197649;3.6157966;3.4181328;0.0;0.0;5399.68;6740.0244;-2028.5972;6416.661;-2062.149;-1052.0856
1958-05-28;10.150105;3.359141;0.010124207;750.78143;1.5082885;71.64922;0.0;-7.3453654e-25;99.99998;-7.345365e-21;2.434039;-2.8460007;0.29602647;3.5618246;3.2657833;0.0;0.0;5029.487;6271.2344;-1850.8411;6781.878;-1977.0211;-859.91
1958-05-29;10.323628;2.7561238;0.010307312;749.4878;1.489031;78.14531;0.0;-7.3453654e-25;99.99998;-7.345365e-21;1.942956;-3.3302448;0.21079183;3.3346415;3.1238647;0.0;0.0;5818.4775;7247.4424;-2083.7964;6627.6846;-2313.41;-1070.2633
1958-05-30;9.072011;3.752533;0.0012715658;749.1279;1.2007785;86.97468;0.0;-7.3453654e-25;100.00226;-7.345365e-21;6.2864122;-2.9622169;0.79426914;3.786534;2.992265;0.0;0.0;5374.1357;6686.6865;-1980.9194;6615.3022;-2057.7522;-1227.16
1958-05-31;9.763164;1.1214498;-0.007849376;749.7239;1.3958727;120.06774;0.0;-7.3453654e-25;100.00714;-7.345365e-21;0.49668393;-3.7074945;0.04865229;2.9178858;2.8692336;0.0;0.0;6339.172;7879.2812;-2259.5234;6390.378;-2575.4734;-1179.9055
1958-06-01;9.200653;2.7061055;0.009928386;748.77216;1.1004555;160.97874;0.0;-7.3453654e-25;99.99998;-7.345365e-21;3.5597558;-3.1837187;0.42638183;3.180459;2.7540624;0.0;0.0;5830.3745;7239.3823;-2116.755;6508.4995;-2211.6233;-1324.9722
1958-06-02;9.131246;3.3454082;-0.34679666;750.4072;1.2060646;128.97693;0.0;-7.3453654e-25;100.09373;-7.345365e-21;1.9127965;-3.043199;0.2078414;2.854958;2.6471167;0.0;0.0;5938.835;7365.961;-2143.1006;6474.214;-2114.0078;-1431.6322
1958-06-03;9.919393;2.06839;-0.16044743;750.1458;1.311181;158.8474;0.0;-7.3453654e-25;100.09568;-7.345365e-21;1.4974678;-3.328724;0.15845895;2.7052164;2.5467649;0.0;0.0;6090.1045;7545.79;-2110.5117;6583.0654;-2312.3533;-1347.6411
1958-06-04;8.893575;3.1012776;0.009885152;749.7422;1.369958;139.16066;0.0;-7.3453654e-25;99.99998;-7.345365e-21;2.5238013;-2.8798664;0.26711822;2.7199984;2.4528875;0.0;0.0;5717.8896;7077.1587;-2095.0222;6505.9434;-2000.5477;-1479.8156
1958-06-05;9.178711;1.6366272;0.009902954;748.3051;1.4706825;264.27173;0.0;-7.3453654e-25;99.99998;-7.345365e-21;0.46402216;-3.4006042;0.042676926;2.4073124;2.364546;0.0;0.0;6333.4526;7830.7646;-2234.91;6401.441;-2362.2866;-1456.85
1958-06-06;10.630432;1.3701782;0.010261536;749.0022;1.2568223;150.10773;0.0;-7.3453654e-25;99.99998;-7.345365e-21;0.07355213;-3.325643;0.0065863132;2.2873282;2.280742;0.0;0.0;6085.1406;7515.86;-2232.2417;6466.2715;-2310.2134;-1250.4645
1958-06-07;11.04361;1.0463562;0.009816487;748.62396;1.4099535;168.5282;0.0;-7.3453654e-25;99.99998;-7.345365e-21;0.19448996;-3.1956005;0.01642108;2.2180676;2.2016315;0.0;0.0;5953.385;7345.3;-2138.0383;6649.1455;-2219.8767;-1308.9434
1958-06-08;8.490336;0.4789022;0.009857178;745.1177;1.6421528;227.02843;0.0;-7.3453654e-25;99.99998;-7.345365e-21;0.537321;-2.9611735;0.04516542;2.1723957;2.127245;0.0;0.0;6141.153;7569.13;-2108.2527;6520.548;-2057.0288;-1788.1589
1958-06-09;9.112752;1.9376221;0.009928386;746.6093;1.3051258;170.88219;0.0;-7.3453654e-25;100.00779;-7.345365e-21;2.5864182;-2.6664567;0.23975968;2.2970736;2.0572991;0.0;0.0;5800.4326;7141.662;-2182.476;6451.79;-1852.2977;-1655.3911
1958-06-10;8.605113;0.6981608;0.010367076;747.95734;1.3490065;136.22249;0.0;-7.3453654e-25;99.99998;-7.345365e-21;1.3027877;-2.5860126;0.12010336;2.111435;1.9913316;0.0;0.0;5556.253;6833.8687;-2096.5854;6412.989;-1796.4166;-1546.5922
1958-06-11;8.102234;1.5825806;0.009821574;748.5828;1.1340116;135.51997;0.0;-7.3453654e-25;99.99998;-7.345365e-21;2.4504602;-2.588572;0.2162084;2.14535;1.929149;0.0;0.0;5322.64;6539.7153;-2119.5784;6401.4097;-1798.1945;-1306.6211
1958-06-12;10.778076;1.2175598;0.0099817915;751.89166;0.9683247;103.31597;0.0;-7.3453654e-25;99.99998;-7.345365e-21;0.00043511385;-3.3577642;2.9802322e-05;1.8693805;1.8693433;0.0;0.0;6464.822;7934.7334;-2433.1006;6403.9087;-2332.5278;-1216.9288
1958-06-13;12.147919;1.5906168;0.010142009;752.25006;1.2769074;34.208225;0.0;-7.3453654e-25;99.99998;-7.345365e-21;0.0654459;-3.0868855;0.0050216913;1.8167794;1.8117577;0.0;0.0;5937.6274;7280.1387;-2274.936;6679.422;-2144.3567;-1130.0222
1958-06-14;12.070048;1.5039673;0.009811401;750.95874;1.5702376;38.700703;0.0;-7.3453654e-25;99.99998;-7.345365e-21;0.0068694344;-3.0902317;0.00052154064;1.7573684;1.7568469;0.0;0.0;6519.7793;7985.64;-2516.0083;6463.9062;-2146.6812;-1496.7933
1958-06-15;13.34259;2.6701863;0.010172526;750.4382;1.1980251;75.66604;0.0;-7.3453654e-25;99.99998;-7.345365e-21;0.016212463;-3.0537658;0.0011771917;1.7054081;1.704216;0.0;0.0;6580.86;8052.07;-2547.2317;6632.56;-2121.3489;-1426.1411
1958-06-16;14.323303;2.4651287;0.010059357;750.1995;1.1020011;107.515495;0.0;-7.3453654e-25;99.99998;-7.345365e-21;1.435709;-2.7762837;0.12353063;1.7775893;1.6540587;0.0;0.0;6011.618;7354.511;-2403.3872;6863.783;-1928.5911;-1265.6056
1958-06-17;15.498698;-1.3411764;0.009780884;750.061;1.6155659;163.69244;0.0;-7.3453654e-25;99.99998;-7.345365e-21;0.007196214;-3.0595446;0.00044703484;1.606673;1.606226;0.0;0.0;6735.1226;8238.687;-2738.7517;6521.733;-2125.3645;-1476.6333
1958-06-18;12.607341;-3.6209717;0.009848277;747.89044;1.6003855;186.67958;0.0;-7.3453654e-25;99.99998;-7.345365e-21;0.0012993806;-2.595095;8.940697e-05;1.5602708;1.5601963;0.0;0.0;7126.5273;8716.316;-3170.1323;5852.2974;-1802.7267;-2036.8445
1958-06-19;11.487946;-2.7012024;0.009934743;746.4006;1.3217752;145.6283;0.0;-7.3453654e-25;99.99998;-7.345365e-21;0.00044107952;-2.3491457;2.9802322e-05;1.5161932;1.5161707;0.0;0.0;7081.7954;8660.476;-3117.564;5915.993;-1631.8733;-2015.0989
1958-06-20;9.209839;-4.583445;0.009780884;744.6951;1.7972811;145.16783;0.0;-7.3453654e-25;99.99998;-7.345365e-21;0.0962019;-1.7182212;0.0064969063;1.4808774;1.4743656;0.0;0.0;6349.6616;7764.033;-2787.3345;5934.7817;-1193.5922;-2370.84
1958-06-21;10.494435;-2.0276287;0.009755452;747.38336;1.2380503;103.118065;0.0;-7.3453654e-25;99.99998;-7.345365e-21;0.0147229545;-2.0402734;0.0008791685;1.4351159;1.4342517;0.0;0.0;6951.6416;8499.067;-2995.4307;6061.507;-1417.31;-2090.8755
1958-06-22;12.496867;-1.8806254;0.010089874;748.7942;1.1232518;87.49277;0.0;-7.3453654e-25;99.99998;-7.345365e-21;0.00255728;-2.011084;0.00016391277;1.3955235;1.3953745;0.0;0.0;7000.4824;8557.7;-3107.8157;6179.9346;-1397.0322;-2017.3722
1958-06-23;14.655232;-2.0200195;0.009838104;750.04834;1.3271577;92.75381;0.0;-7.3453654e-25;99.99998;-7.345365e-21;0.0;-1.9495962;0.0;1.357913;1.357913;0.0;0.0;6810.2734;8324.07;-3103.174;6367.035;-1354.32;-1856.8077
1958-06-24;13.749329;3.3107197;0.009979248;751.0236;1.2352651;54.128323;0.0;-7.3453654e-25;99.99998;-7.345365e-21;0.37084818;-1.5087929;0.023454428;1.3456941;1.3222322;0.0;0.0;5514.4346;6739.1777;-2470.9717;6969.794;-1048.1089;-1587.6812
1958-06-25;15.493663;3.2802022;0.010014852;750.7884;1.2444082;41.239628;0.0;-7.3453654e-25;99.99998;-7.345365e-21;0.3145039;-1.8924391;0.019744039;1.3078302;1.2880713;0.0;0.0;6459.422;7893.2812;-2793.8157;6875.266;-1314.6145;-1833.9266
1958-06-26;15.599437;3.6733704;0.009991963;749.90485;1.2243842;69.68663;0.0;-7.3453654e-25;99.99998;-7.345365e-21;3.466922;-1.9095159;0.27045608;1.5255064;1.2550652;0.0;0.0;5818.5728;7109.2676;-2462.8794;7170.78;-1326.4767;-1582.2422
1958-06-27;14.934712;6.3191934;0.010278066;748.7448;1.2412593;79.69497;0.0;-7.3453654e-25;99.99998;-7.345365e-21;2.2242994;-2.398856;0.15805662;1.3818443;1.2237877;0.0;0.0;5556.8833;6788.547;-2199.8267;7296.719;-1666.4066;-1414.7755
1958-06-28;14.805664;6.776896;0.009789784;748.42993;1.2578689;85.12378;0.0;-7.3453654e-25;99.99998;-7.345365e-21;1.2031496;-2.5567245;0.077575445;1.271382;1.1938065;0.0;0.0;5559.4287;6790.8457;-2250.275;7226.189;-1776.0723;-1254.97
1958-06-29;16.610077;6.198812;0.009866078;749.0778;0.95084924;77.524864;0.0;-7.3453654e-25;99.99998;-7.345365e-21;2.921408;-2.7822108;0.22520125;1.3899952;1.1648014;0.0;0.0;6132.23;7489.4644;-2398.746;7266.683;-1932.7089;-1336.5455
1958-06-30;18.59736;1.7338461;0.010101318;747.6929;1.3662492;124.66685;0.0;-7.3453654e-25;100.00519;-7.345365e-21;0.0012729188;-3.2860665;8.940697e-05;1.1365712;1.1365042;0.0;0.0;7001.3574;8549.928;-2959.5261;6749.282;-2282.7222;-1406.4722
1958-07-01;18.084768;1.2548727;0.010125478;746.03296;1.2156804;158.08983;0.0;-7.3453654e-25;99.99998;-7.345365e-21;0.0;-2.7568154;0.0;1.1089742;1.1089593;0.0;0.0;7097.3755;8666.067;-3111.9937;6612.331;-1915.0677;-1625.2078
1958-07-02;17.633799;-0.5425313;0.010052999;744.93146;1.449391;183.42815;0.0;-7.3453654e-25;99.99998;-7.345365e-21;0.00042617318;-2.257254;2.9802322e-05;1.0823756;1.0823458;0.0;0.0;7086.786;8652.018;-3194.912;6561.211;-1568.039;-1943.1755
1958-07-03;16.17629;-0.64001465;0.00984319;744.5904;1.4406257;125.3999;0.0;-7.3453654e-25;99.99998;-7.345365e-21;0.0008523463;-1.7776005;5.9604645e-05;1.056701;1.0566711;0.0;0.0;6970.2686;8508.6455;-3067.7344;6664.605;-1234.84;-2273.5967
1958-07-04;15.4452715;2.0349019;0.0097846985;746.7596;1.3295335;105.70798;0.0;-7.3453654e-25;99.99998;-7.345365e-21;0.30570626;-1.4141295;0.01744926;1.0495484;1.0321066;0.0;0.0;5897.96;7198.722;-2647.1206;7053.3677;-982.3489;-1966.5634
1958-07-05;17.390493;1.4429321;0.010103862;749.23444;1.232808;101.1087;0.0;-7.3453654e-25;99.99998;-7.345365e-21;0.0008554407;-1.6769786;4.4703484e-05;1.008302;1.0082573;0.0;0.0;6914.7876;8438.75;-3185.025;6760.166;-1164.9412;-2046.9333
1958-07-06;18.703043;-1.0908304;0.010022481;749.3081;1.343225;167.81439;0.0;-7.3453654e-25;99.99998;-7.345365e-21;0.0008516675;-1.5766462;5.9604645e-05;0.98499656;0.98493695;0.0;0.0;7047.94;8600.143;-3399.9873;6649.8154;-1095.2433;-2130.83
1958-07-07;18.388794;-3.9631042;0.010178884;746.57275;1.5469446;143.29036;0.0;-7.3453654e-25;99.99998;-7.345365e-21;0.00042617318;-1.4295802;2.9802322e-05;0.962466;0.9624511;0.0;0.0;7096.51;8658.302;-3419.715;6543.4966;-993.0822;-2285.8577
1958-07-08;15.173035;-3.3472698;0.009990692;742.26105;1.8501695;132.35782;0.0;-7.3453654e-25;99.99998;-7.345365e-21;0.0009059963;-1.1625662;4.4703484e-05;0.9409189;0.9408742;0.0;0.0;6707.675;8182.7046;-3071.4316;6570.278;-807.5956;-2630.34
1958-07-09;10.54185;2.3434956;0.010049184;739.8719;1.303459;99.69984;0.0;-7.3453654e-25;99.99998;-7.345365e-21;3.0661464;-1.1570789;0.19690394;1.1174977;0.92057884;0.0;0.0;4787.4097;5839.39;-2222.565;6898.4453;-803.7833;-1931.72
1958-07-10;9.209473;-0.22564697;0.009878795;739.073;1.7377208;157.4601;0.0;-7.3453654e-25;99.99998;-7.345365e-21;2.6842208;-1.8124952;0.17720461;1.0787249;0.90150535;0.0;0.0;5663.5903;6907.2725;-2328.3022;6526.9146;-1259.0795;-2229.3254
1958-07-11;8.654633;-4.76885;0.010044098;743.89307;1.4391125;158.53288;0.0;-7.3453654e-25;99.99998;-7.345365e-21;0.7930125;-1.9478146;0.044494867;0.9274483;0.8829385;0.0;0.0;6252.675;7624.791;-2651.9756;6073.32;-1353.0817;-2363.9878
1958-07-12;10.004944;-1.1817526;0.009938558;748.834;0.88705987;82.74413;0.0;-7.3453654e-25;99.99998;-7.345365e-21;0.52116954;-2.0212224;0.028654933;0.8933246;0.8646846;0.0;0.0;6336.529;7726.0;-2715.9246;6338.2886;-1404.0756;-1938.6912
1958-07-13;11.376831;0.97491455;0.009920756;749.3464;1.8717914;41.298717;0.0;-7.3453654e-25;99.99998;-7.345365e-21;0.0024054153;-1.8566623;0.00013411045;0.8469522;0.8468181;0.0;0.0;6593.3755;8038.1743;-2805.0884;6345.214;-1289.7611;-2250.2656
1958-07-14;12.791036;1.633077;0.010114034;750.5301;2.2360203;38.783363;0.0;-7.3453654e-25;99.99998;-7.345365e-21;0.0008519959;-1.6498901;4.4703484e-05;0.82941353;0.8293688;0.0;0.0;6955.3276;8478.368;-3083.6074;6218.2046;-1146.1222;-2453.5544
1958-07-15;15.394348;1.4700012;0.009747823;751.5446;1.6787263;42.266037;0.0;-7.3453654e-25;99.99998;-7.345365e-21;0.0;-1.5719365;0.0;0.8122921;0.81228465;0.0;0.0;7051.4644;8594.459;-3314.7979;6304.421;-1091.9722;-2131.4722
1958-07-16;18.24408;3.403839;0.010276794;750.8145;1.3519372;93.175255;0.0;-7.3453654e-25;99.99998;-7.345365e-21;0.0;-1.4564563;0.0;0.7955134;0.7955283;0.0;0.0;6858.6978;8357.636;-3101.411;6959.8535;-1011.7511;-2081.7957
1958-07-17;19.658508;3.5848897;0.0098559065;748.9897;1.3816586;100.208954;0.0;-7.3453654e-25;99.99998;-7.345365e-21;0.0;-1.3340042;0.0;0.7791817;0.77917427;0.0;0.0;6737.9937;8208.711;-3028.476;7252.651;-926.6889;-2171.4045
1958-07-18;18.744425;-0.46453857;0.00970459;748.9566;1.5633162;171.083;0.0;-7.3453654e-25;99.99998;-7.345365e-21;0.0017180755;-1.2121862;0.00010430813;0.7634163;0.76331943;0.0;0.0;6840.2124;8331.344;-3282.5667;6831.9727;-842.06555;-2421.28
1958-07-19;18.214508;-1.1288656;0.010349274;748.5617;1.1684645;140.48952;0.0;-7.3453654e-25;99.99998;-7.345365e-21;0.0;-1.1883862;0.0;0.7479638;0.7479638;0.0;0.0;6903.443;8406.57;-3367.537;6733.289;-825.5322;-2209.338
1958-07-20;18.651825;0.441864;0.009970347;747.0004;1.4612962;119.7251;0.0;-7.3453654e-25;99.99998;-7.345365e-21;0.0008702277;-1.0274202;4.4703484e-05;0.73319674;0.73315203;0.0;0.0;5923.185;7211.041;-2890.631;7209.5615;-713.7144;-1961.3911
1958-07-21;17.937918;0.09804281;0.0100695295;746.7137;1.6291796;120.28536;0.0;-7.3453654e-25;99.99998;-7.345365e-21;0.001101786;-1.02212;5.9604645e-05;0.7188916;0.71883947;0.0;0.0;6402.005;7792.3633;-3178.7766;6776.686;-710.0322;-2266.3423
1958-07-22;17.14976;-1.1796875;0.009975433;748.63086;1.4425111;122.56576;0.0;-7.3453654e-25;99.99998;-7.345365e-21;0.00044107434;-1.0664873;2.9802322e-05;0.7048547;0.7048249;0.0;0.0;6961.05;8470.911;-3411.7295;6532.1694;-740.85333;-2528.7434
1958-07-23;17.396128;-2.607127;0.009942372;748.1672;1.2368981;93.85366;0.0;-7.3453654e-25;99.99998;-7.345365e-21;0.0012938417;-1.0903795;7.4505806e-05;0.69120526;0.69114566;0.0;0.0;6827.382;8306.374;-3348.9683;6708.8066;-757.45;-2272.12
1958-07-24;17.545462;3.3810833;0.010331471;748.24176;1.1666166;55.814255;0.0;-7.3453654e-25;99.99998;-7.345365e-21;0.046337567;-0.8793846;0.0022351742;0.6802082;0.67798793;0.0;0.0;5561.4194;6764.871;-2700.6692;7292.1235;-610.88;-1910.5645
1958-07-25;18.38388;2.8980305;0.010063171;749.5124;1.027279;82.81481;0.0;-7.3453654e-25;99.99998;-7.345365e-21;0.054585002;-0.91294104;0.0028535724;0.66816807;0.6653145;0.0;0.0;5466.5796;6648.0845;-2583.543;7530.464;-634.18945;-1835.6777
1958-07-26;19.376944;0.6184082;0.0098393755;748.17377;1.0310482;91.0837;0.0;-7.3453654e-25;99.99998;-7.345365e-21;0.0048577785;-0.9965943;0.00022351742;0.6531477;0.6529391;0.0;0.0;5859.5176;7124.145;-2900.7295;7343.796;-692.3011;-1898.1233
1958-07-27;19.956747;0.34717813;0.010105133;747.4714;1.3314708;106.62791;0.0;-7.3453654e-25;99.99998;-7.345365e-21;0.26515722;-1.085097;0.013768673;0.6545633;0.64079463;0.0;0.0;6425.0684;7809.9204;-3088.0125;7199.809;-753.78;-2185.0933
1958-07-28;19.838999;1.4727072;0.010211945;749.7481;1.4240565;105.23929;0.0;-7.3453654e-25;100.00519;-7.345365e-21;0.0013861863;-1.140071;5.9604645e-05;0.6289631;0.6289184;0.0;0.0;6687.799;8127.5435;-3277.5862;6970.8535;-791.9689;-2301.1833
1958-07-29;19.81774;-3.9596558;0.009966533;750.93823;1.4097252;124.019646;0.0;-7.3453654e-25;99.99998;-7.345365e-21;0.001706907;-1.0564867;8.940697e-05;0.6174147;0.6173402;0.0;0.0;6894.9033;8377.332;-3619.4746;6575.9355;-733.9067;-2271.0356
1958-07-30;19.841818;-8.318848;0.010049184;749.7503;1.2978791;160.9127;0.0;-7.3453654e-25;99.99998;-7.345365e-21;0.00042617318;-1.0011876;2.9802322e-05;0.60613453;0.60610473;0.0;0.0;7048.2817;8561.827;-3902.0022;6207.1943;-695.49225;-2141.101
1958-07-31;18.918203;-7.8438315;0.0098724365;748.94214;1.3971018;119.5568;0.0;-7.3453654e-25;99.99998;-7.345365e-21;0.00085491274;-0.9749336;4.4703484e-05;0.5952418;0.5951822;0.0;0.0;6998.898;8499.935;-3812.2183;6265.582;-677.25336;-2206.9146
1958-08-01;17.96232;3.9404194;0.009857178;748.77924;1.6991273;48.664307;0.0;-7.3453654e-25;99.99998;-7.345365e-21;0.0021457663;-0.86577237;0.00010430813;0.58466196;0.58454275;0.0;0.0;6344.293;7703.2246;-3026.2678;7077.5923;-601.42444;-2354.54
1958-08-02;18.09905;4.3894143;0.009970347;747.9001;1.58705;56.168156;0.0;-7.3453654e-25;99.99998;-7.345365e-21;0.023663044;-0.8760914;0.0011920929;0.57539344;0.57420135;0.0;0.0;6423.2607;7797.455;-3089.0632;7072.7;-608.5922;-2373.39
1958-08-03;15.664601;7.5761414;0.010106404;748.3567;1.8302766;54.51358;0.0;-7.3453654e-25;99.99998;-7.345365e-21;3.685397;-1.0405397;0.23172796;0.7959455;0.5642101;0.0;0.0;5762.4937;6993.4136;-2530.9912;7356.1533;-722.82776;-2384.101
1958-08-04;16.726624;6.1976113;0.009887695;751.60596;1.7682296;48.34732;0.0;-7.3453654e-25;100.00259;-7.345365e-21;0.00044107434;-2.1245832;2.9802322e-05;0.5545616;0.5545467;0.0;0.0;6342.0005;7695.317;-2745.385;7082.273;-1475.8778;-1995.9789
1958-08-05;18.130777;3.1513062;0.010119121;749.947;1.168354;79.014854;0.0;-7.3453654e-25;100.00259;-7.345365e-21;0.000448092;-1.8113228;2.9802322e-05;0.54499507;0.54498017;0.0;0.0;6552.578;7949.079;-3086.4358;6944.77;-1258.2655;-1891.2489
1958-08-06;18.827667;-1.0088806;0.010007222;746.3437;1.3554144;109.67342;0.0;-7.3453654e-25;99.99998;-7.345365e-21;0.0015914438;-1.329409;7.4505806e-05;0.53568184;0.53560734;0.0;0.0;6591.711;7994.7285;-3275.5828;6814.1235;-923.49664;-2082.6855
1958-08-07;17.790323;-2.9454143;0.01003774;744.61066;1.5810882;125.37811;0.0;-7.3453654e-25;99.99998;-7.345365e-21;0.00086844026;-0.98755676;4.4703484e-05;0.52656233;0.5265027;0.0;0.0;6554.443;7947.7266;-3307.9836;6633.4985;-686.0233;-2396.96
1958-08-08;16.820871;-2.5304363;0.010152181;746.55707;1.5048901;113.03449;0.0;-7.3453654e-25;99.99998;-7.345365e-21;0.00042617318;-0.86868834;2.9802322e-05;0.51768124;0.51766634;0.0;0.0;6574.5537;7970.1167;-3358.7234;6477.629;-603.4489;-2456.3833
1958-08-09;16.70109;-1.7905579;0.009989421;749.48065;1.2691127;127.9905;0.0;-7.3453654e-25;99.99998;-7.345365e-21;0.0008583069;-0.8459622;5.9604645e-05;0.50905347;0.50902367;0.0;0.0;6489.0635;7864.8477;-3220.4202;6698.65;-587.6617;-2397.77
1958-08-10;17.869904;-4.616903;0.010050456;749.61993;1.3392469;147.20628;0.0;-7.3453654e-25;99.99998;-7.345365e-21;0.0;-0.85166097;0.0;0.5005896;0.5005896;0.0;0.0;6656.618;8066.2607;-3481.1062;6493.513;-591.6211;-2333.25
1958-08-11;17.101288;-7.1827292;0.009911855;747.9085;1.5554171;156.17554;0.0;-7.3453654e-25;99.99998;-7.345365e-21;0.0012796981;-0.78255033;5.9604645e-05;0.49248338;0.49240887;0.0;0.0;6732.5273;8156.447;-3586.7842;6221.411;-543.61224;-2465.39
1958-08-12;17.16688;-5.1597085;0.010080974;748.3267;1.2669221;114.752716;0.0;-7.3453654e-25;99.99998;-7.345365e-21;0.0017136326;-0.8196132;8.940697e-05;0.48449636;0.4844144;0.0;0.0;6681.004;8092.1567;-3474.3103;6476.292;-569.3578;-2265.9966
1958-08-13;17.739847;0.5065715;0.009771983;749.3269;1.4266243;113.15488;0.0;-7.3453654e-25;99.99998;-7.345365e-21;0.0032786399;-0.79730713;0.00013411045;0.47668815;0.47656894;0.0;0.0;6395.016;7744.03;-3114.2336;6967.9507;-553.86224;-2403.129
1958-08-14;18.22764;1.1696573;0.009788513;748.92804;1.3583994;101.1532;0.0;-7.3453654e-25;99.99998;-7.345365e-21;0.0025744839;-0.7852949;0.00011920929;0.46902895;0.46889484;0.0;0.0;6274.51;7596.432;-3152.6077;6958.0483;-545.51776;-2264.3623
1958-08-15;18.047464;-0.22149658;0.010012309;748.427;1.3522731;155.38087;0.0;-7.3453654e-25;99.99998;-7.345365e-21;0.0012874597;-0.78062344;5.9604645e-05;0.46148896;0.46142936;0.0;0.0;6452.058;7809.7114;-3297.2546;6766.4326;-542.2733;-2398.8289
1958-08-16;17.240652;-5.918152;0.010101318;747.09845;1.3474268;134.50377;0.0;-7.3453654e-25;99.99998;-7.345365e-21;0.0;-0.75303763;0.0;0.4541278;0.4541576;0.0;0.0;6583.4927;7967.8667;-3525.3833;6379.1523;-523.11;-2370.64
1958-08-17;15.840465;1.5601705;0.010049184;749.0335;0.98644924;64.10195;0.0;-7.3453654e-25;99.99998;-7.345365e-21;0.22807717;-0.7148292;0.010609627;0.45779347;0.4471615;0.0;0.0;5353.0576;6477.7373;-2797.7302;7023.0024;-496.56778;-1858.9011
1958-08-18;15.570933;6.0416665;0.010032654;752.2004;1.2100437;40.75554;0.0;-7.3453654e-25;99.99998;-7.345365e-21;1.4968069;-0.8982457;0.07843971;0.51885843;0.44041872;0.0;0.0;5311.68;6427.1167;-2528.0806;7275.7856;-623.98114;-2008.32
1958-08-19;16.978415;3.701955;0.010101318;752.3618;1.1207656;46.059887;0.0;-7.3453654e-25;99.99998;-7.345365e-21;0.6779775;-1.3523065;0.03658235;0.47037005;0.4337877;0.0;0.0;5632.262;6814.275;-2678.0547;7174.654;-939.4022;-1796.9111
1958-08-20;18.462402;-0.36716208;0.010115306;750.2259;1.1650132;145.63866;0.0;-7.3453654e-25;99.99998;-7.345365e-21;0.0009094616;-1.3448782;4.4703484e-05;0.4272908;0.4272312;0.0;0.0;6188.8516;7486.5913;-3108.2556;6858.6167;-934.24225;-1911.7367
1958-08-21;17.852163;-4.3888345;0.010133107;749.5181;1.3842958;127.67048;0.0;-7.3453654e-25;99.99998;-7.345365e-21;0.0013113013;-0.96934384;5.9604645e-05;0.4208684;0.4208088;0.0;0.0;6394.379;7734.316;-3369.6323;6516.01;-673.37;-2158.96
1958-08-22;18.034525;-2.8961384;0.010025024;751.37836;1.1110564;106.692505;0.0;-7.3453654e-25;99.99998;-7.345365e-21;0.00044107434;-0.8592382;2.9802322e-05;0.4145205;0.4144907;0.0;0.0;6199.932;7498.217;-3275.4402;6775.519;-596.88446;-1993.1
1958-08-23;19.868906;-0.5480245;0.009995778;753.211;1.1215408;75.22518;0.0;-7.3453654e-25;99.99998;-7.345365e-21;0.0;-0.8201189;0.0;0.40829182;0.40827692;0.0;0.0;6094.4526;7369.798;-3174.539;7148.865;-569.70886;-1886.8256
1958-08-24;19.669098;1.8838806;0.010407765;752.74365;1.5102006;49.502;0.0;-7.3453654e-25;99.99998;-7.345365e-21;0.0005000355;-0.7222798;1.4901161e-05;0.40227175;0.40224195;0.0;0.0;5843.3604;7065.3584;-3072.5027;7171.4937;-501.74335;-1969.3478
1958-08-25;18.735992;6.044464;0.009905498;751.72046;1.3189441;79.95467;0.0;-7.3453654e-25;99.99998;-7.345365e-21;0.4621029;-0.7490665;0.02208352;0.4184693;0.3963858;0.0;0.0;5343.921;6460.6255;-2764.4258;7374.9775;-520.35223;-1828.2345
1958-08-26;16.66102;8.117126;0.010116577;751.19806;1.3894719;45.331318;0.0;-7.3453654e-25;99.99998;-7.345365e-21;5.423489;-1.0146871;0.33777952;0.72850287;0.3907159;0.0;0.0;5197.813;6283.285;-2515.9358;7422.391;-704.8689;-1896.4377
1958-08-27;16.308615;7.660482;0.010187785;750.37897;1.0037291;48.564;0.0;-7.3453654e-25;99.99998;-7.345365e-21;2.2242904;-2.142706;0.13671815;0.5219579;0.38523972;0.0;0.0;5018.4297;6065.809;-2174.2227;7500.6133;-1488.4667;-1348.0756
1958-08-28;18.138092;0.52492267;0.009911855;749.3936;1.3947445;122.47141;0.0;-7.3453654e-25;99.99998;-7.345365e-21;0.00056028366;-2.3803692;1.4901161e-05;0.3798902;0.3798753;0.0;0.0;5851.888;7072.1567;-2757.0046;6877.898;-1653.5634;-1475.4503
1958-08-29;17.549622;-4.0839133;0.010049184;749.0197;1.2645112;169.52348;0.0;-7.3453654e-25;99.99998;-7.345365e-21;0.00086426723;-1.8977299;4.4703484e-05;0.3746301;0.37459284;0.0;0.0;6086.3105;7354.6694;-3109.59;6376.3687;-1318.2894;-1671.0878
1958-08-30;17.10142;-5.1494956;0.009960175;749.7244;1.2479331;183.43587;0.0;-7.3453654e-25;99.99998;-7.345365e-21;0.0008814904;-1.5297458;2.9802322e-05;0.3694594;0.3693998;0.0;0.0;6082.347;7348.9995;-3279.1934;6216.1387;-1062.6633;-1681.6633
1958-08-31;16.828867;-6.8840537;0.010050456;748.8836;1.2453628;261.70233;0.0;-7.3453654e-25;99.99998;-7.345365e-21;0.0;-1.1684577;0.0;0.3643334;0.36432594;0.0;0.0;6084.47;7350.678;-3419.7534;6063.312;-811.6889;-1756.5645
1958-09-01;15.662018;-4.4000344;0.009942372;747.876;1.3211476;251.45085;0.0;-7.3453654e-25;99.99998;-7.345365e-21;0.0017166131;-0.8646082;8.940697e-05;0.359416;0.3593564;0.0;0.0;5957.87;7196.8696;-3253.8372;6228.763;-600.61444;-2028.9734
1958-09-02;13.578827;-3.5458577;0.009802501;747.5742;1.3137628;159.1179;0.0;-7.3453654e-25;99.99998;-7.345365e-21;0.0008702277;-0.68665016;4.4703484e-05;0.35455823;0.35448372;0.0;0.0;5964.046;7203.473;-3282.2888;6037.044;-476.99335;-2150.4756
1958-09-03;13.869954;-2.9472249;0.009984334;748.3405;1.1722573;126.34613;0.0;-7.3453654e-25;99.99998;-7.345365e-21;0.0;-0.64171106;0.0;0.34973025;0.3497377;0.0;0.0;5801.6304;7006.4263;-3138.675;6273.797;-445.77444;-2124.7
1958-09-04;14.103688;-5.355662;0.009918213;747.3894;1.2956241;131.09653;0.0;-7.3453654e-25;99.99998;-7.345365e-21;0.003438683;-0.608217;0.00016391277;0.3452301;0.3450811;0.0;0.0;5837.584;7048.995;-3226.9846;6158.15;-422.50778;-2087.6677
1958-09-05;13.956798;-2.4291484;0.010047913;748.8293;1.5013562;224.5559;0.0;-7.3453654e-25;99.99998;-7.345365e-21;0.0012985893;-0.55001956;5.9604645e-05;0.34061074;0.34053624;0.0;0.0;5635.4854;6804.1655;-2964.9026;6386.0034;-382.08;-2195.47
1958-09-06;14.325043;-1.3387247;0.009950002;751.7141;1.3002812;201.29964;0.0;-7.3453654e-25;99.99998;-7.345365e-21;0.00044107434;-0.5545374;2.9802322e-05;0.3361106;0.3361106;0.0;0.0;5661.291;6834.511;-3057.325;6326.5654;-385.21777;-2147.801
1958-09-07;15.551799;-5.067922;0.009882609;751.67596;1.2629597;269.39114;0.0;-7.3453654e-25;99.99998;-7.345365e-21;0.00044107434;-0.5801972;1.4901161e-05;0.33175945;0.33172965;0.0;0.0;5762.9165;6956.3633;-3393.7163;6007.7866;-403.04443;-1870.711
1958-09-08;14.261128;-7.333903;0.0101458235;749.47284;1.3136538;155.02695;0.0;-7.3453654e-25;99.99998;-7.345365e-21;0.0;-0.5531162;0.0;0.32743812;0.32744557;0.0;0.0;5800.5435;7000.9355;-3546.6228;5704.5884;-384.2311;-1887.6766
1958-09-09;13.512299;-6.7714334;0.010468801;747.5645;1.2773981;102.47422;0.0;-7.3453654e-25;99.99998;-7.345365e-21;0.0;-0.54348356;0.0;0.3232509;0.32325834;0.0;0.0;5641.6567;6808.064;-3343.309;5861.1567;-377.53888;-1868.4944
1958-09-10;12.211151;-4.34493;0.00977834;745.84564;1.3691937;157.5287;0.0;-7.3453654e-25;99.99998;-7.345365e-21;0.0;-0.5027168;0.0;0.31915307;0.31916797;0.0;0.0;5623.4478;6785.374;-3179.7356;5945.795;-349.22;-2051.2034
1958-09-11;11.423207;-2.479716;0.009880066;749.362;1.134799;142.76341;0.0;-7.3453654e-25;99.99998;-7.345365e-21;0.029209256;-0.42175967;0.0013709068;0.31656027;0.3152117;0.0;0.0;4668.6445;5632.763;-2593.7988;6431.7476;-292.9822;-1786.4092
1958-09-12;13.046132;-3.08373;0.0103263855;752.3271;1.0943638;99.74273;0.0;-7.3453654e-25;99.99998;-7.345365e-21;0.0;-0.5406607;0.0;0.31131506;0.31131506;0.0;0.0;5456.536;6582.578;-3078.5447;6223.3467;-375.5789;-1820.9711
1958-09-13;14.623779;-4.717646;0.010089874;751.1135;1.2717289;104.92414;0.0;-7.3453654e-25;99.99998;-7.345365e-21;0.0012934206;-0.54361206;5.9604645e-05;0.30750036;0.30744076;0.0;0.0;5452.605;6577.04;-3206.8967;6179.447;-377.63;-1701.5922
1958-09-14;14.76236;-4.2705383;0.010232289;750.7598;1.2068305;75.53284;0.0;-7.3453654e-25;99.99998;-7.345365e-21;0.0012934206;-0.54786354;5.9604645e-05;0.30368567;0.3036335;0.0;0.0;5401.1265;6514.1475;-3180.5762;6278.823;-380.5822;-1619.51
1958-09-15;15.578033;-1.4318136;0.01003011;750.9475;1.2635015;161.0995;0.0;-7.3453654e-25;99.99998;-7.345365e-21;0.0012874597;-0.5190531;5.9604645e-05;0.29996037;0.29988587;0.0;0.0;5354.789;6457.4966;-3173.9705;6254.309;-360.56833;-1680.7855
1958-09-16;14.317729;-4.540283;0.010177612;748.941;1.3483511;252.81342;0.0;-7.3453654e-25;99.99998;-7.345365e-21;0.0021457663;-0.47612283;0.00010430813;0.2963692;0.2962649;0.0;0.0;5374.0977;6475.1416;-3243.8906;5962.5923;-330.74554;-1835.8434
1958-09-17;12.14444;-1.4968668;0.010018666;749.4043;1.2476296;171.98077;0.0;-7.3453654e-25;99.99998;-7.345365e-21;0.0012956961;-0.4492607;5.9604645e-05;0.29279292;0.29272586;0.0;0.0;5310.2915;6392.6704;-3104.5664;5971.468;-312.08667;-1902.6311
1958-09-18;10.542216;-0.6172994;0.010154724;748.623;1.1673055;94.62766;0.0;-7.3453654e-25;99.99998;-7.345365e-21;0.030570766;-0.3920421;0.0014901161;0.29076636;0.2892837;0.0;0.0;4661.761;5606.9565;-2688.186;6260.267;-272.3389;-1736.9489
1958-09-19;10.183136;2.6541138;0.009962718;750.45514;0.9582855;83.39774;0.0;-7.3453654e-25;99.99998;-7.345365e-21;2.3493469;-0.5297605;0.13746321;0.4234314;0.28596818;0.0;0.0;3950.2295;4746.9233;-1882.8728;7109.3066;-368.00665;-1633.4767
1958-09-20;11.175801;-0.599823;0.009667714;751.5412;1.2444034;122.21423;0.0;-7.3453654e-25;99.99998;-7.345365e-21;0.00035762787;-1.0783291;1.4901161e-05;0.28273463;0.28273463;0.0;0.0;4936.2705;5926.7944;-2677.1917;6232.1646;-749.0789;-1615.8066
1958-09-21;10.554515;-3.927348;0.009914398;751.35516;1.2533613;117.61096;0.0;-7.3453654e-25;99.99998;-7.345365e-21;0.00097155565;-0.8635074;4.4703484e-05;0.27954578;0.27948618;0.0;0.0;5125.089;6148.1367;-2880.0684;5952.972;-599.85;-1727.6111
1958-09-22;10.148265;-5.3074746;0.009990692;749.8423;1.2837058;137.48132;0.0;-7.3453654e-25;99.99998;-7.345365e-21;0.00043653414;-0.7026931;1.4901161e-05;0.27631223;0.27629733;0.0;0.0;5133.385;6152.735;-2931.3455;5832.1074;-488.1378;-1774.7256
1958-09-23;7.3275247;-0.379954;0.009979248;749.8772;1.1994784;46.670452;0.0;-7.3453654e-25;99.99998;-7.345365e-21;4.432893;-0.8142013;0.26080012;0.5340576;0.2732724;0.0;0.0;3893.3308;4662.3154;-2050.6692;6407.812;-565.5989;-1448.5144
1958-09-24;10.372162;1.1366068;0.010110219;752.9615;1.2552896;55.657024;0.0;-7.3453654e-25;99.99998;-7.345365e-21;0.00042617318;-1.3298085;1.4901161e-05;0.27033687;0.2703145;0.0;0.0;4882.027;5841.343;-2585.3223;6172.2705;-923.7733;-1430.2456
1958-09-25;11.506409;-3.4435322;0.010152181;751.4407;1.1562421;146.30844;0.0;-7.3453654e-25;99.99998;-7.345365e-21;0.0017046923;-1.2597479;8.940697e-05;0.26738644;0.26730448;0.0;0.0;5045.99;6032.3994;-2919.5066;5829.024;-875.10443;-1226.6533
1958-09-26;10.968811;-4.0789185;0.009838104;750.9817;1.0706244;86.88448;0.0;-7.3453654e-25;99.99998;-7.345365e-21;0.0012814989;-1.0705366;5.9604645e-05;0.2644062;0.2643466;0.0;0.0;4764.8013;5691.243;-2702.292;6100.967;-743.6667;-1270.93
1958-09-27;11.967682;-4.5390015;0.009933472;752.5363;1.2075332;138.35852;0.0;-7.3453654e-25;99.99998;-7.345365e-21;0.00043511385;-0.92727786;1.4901161e-05;0.26144087;0.26142597;0.0;0.0;4919.468;5870.941;-2829.2947;6056.3857;-644.14886;-1354.3156
1958-09-28;11.938924;-4.483805;0.010017395;751.5988;1.2052909;200.3531;0.0;-7.3453654e-25;99.99998;-7.345365e-21;0.0004351138;-0.7515084;2.9802322e-05;0.25856495;0.25855005;0.0;0.0;4898.941;5841.4243;-2854.8943;6031.7725;-522.0478;-1471.919
1958-09-29;11.584778;-3.0483296;0.010136922;750.9219;1.3311983;245.55022;0.0;-7.3453654e-25;99.99998;-7.345365e-21;0.0017434359;-0.5800426;8.940697e-05;0.25585294;0.25574863;0.0;0.0;4777.9434;5692.241;-2703.4897;6121.941;-402.93668;-1637.3534
1958-09-30;11.009685;-3.3126018;0.0097300215;750.00824;1.4740623;182.64659;0.0;-7.3453654e-25;99.99998;-7.345365e-21;0.5020082;-0.57853013;0.024333596;0.2773702;0.25303662;0.0;0.0;4693.3735;5586.649;-2708.896;5965.3994;-401.88556;-1719.4645
1958-10-01;9.753194;-4.3527427;0.010000865;751.7641;1.0581195;100.13336;0.0;-7.3453654e-25;99.99998;-7.345365e-21;0.002152233;-0.5989522;0.00010430813;0.25045872;0.2503544;0.0;0.0;4808.599;5718.859;-2921.7104;5737.7744;-416.07224;-1506.5667
1958-10-02;9.525493;-5.2157493;0.009880066;751.35205;1.1891676;117.09918;0.0;-7.3453654e-25;99.99998;-7.345365e-21;0.002998113;-0.52560496;0.00013411045;0.24786592;0.24770945;0.0;0.0;4831.1157;5740.561;-2997.4177;5616.8525;-365.12;-1508.4833
1958-10-03;9.407725;-9.391879;0.009955089;751.366;1.2043203;157.39986;0.0;-7.3453654e-25;99.99998;-7.345365e-21;0.0025800564;-0.47829562;0.00011920929;0.24524331;0.2451092;0.0;0.0;4783.142;5678.7935;-3044.7512;5532.2144;-332.25555;-1469.5289
1958-10-04;9.295563;-8.096934;0.010345459;752.3928;1.1423267;117.29517;0.0;-7.3453654e-25;99.99998;-7.345365e-21;0.0004410835;-0.44478476;1.4901161e-05;0.2425611;0.2425462;0.0;0.0;4697.1787;5571.958;-2909.7554;5708.134;-308.97665;-1423.8578
1958-10-05;9.104756;-7.0063577;0.010108948;752.49;1.1439615;100.517235;0.0;-7.3453654e-25;99.99998;-7.345365e-21;0.0012834262;-0.4107598;5.9604645e-05;0.24008751;0.2400279;0.0;0.0;4652.9863;5514.675;-2885.6238;5709.0977;-285.34113;-1526.9656
1958-10-06;10.044414;-6.32134;0.009913127;752.43646;1.2904247;115.3231;0.0;-7.3453654e-25;99.99998;-7.345365e-21;0.40388387;-0.46560913;0.0192374;0.2568066;0.23758411;0.0;0.0;4270.606;5057.2485;-2541.6782;6058.987;-323.44333;-1335.4456
1958-10-07;7.2490745;-2.2690227;0.00963974;752.6818;1.1111385;94.733734;0.0;-7.3453654e-25;99.99998;-7.345365e-21;1.8017744;-0.6825244;0.0975281;0.33277273;0.23524463;0.0;0.0;3670.728;4343.0796;-2161.7842;6247.485;-474.12723;-1203.169
1958-10-08;7.11735;-0.98738605;0.0098724365;751.847;0.9631491;72.65118;0.0;-7.3453654e-25;99.99998;-7.345365e-21;0.40685567;-0.7602768;0.019162893;0.25211275;0.23294985;0.0;0.0;3791.6162;4482.1377;-1893.5886;6636.642;-528.13947;-1334.8033
1958-10-09;5.4201965;1.3527323;0.010002136;749.7483;1.1007448;76.08436;0.0;-7.3453654e-25;99.99998;-7.345365e-21;6.9390087;-0.71479845;0.42763352;0.6583631;0.23071468;0.0;0.0;3047.5422;3599.2852;-1641.8025;6624.7007;-496.5472;-1182.8867
1958-10-10;4.3434043;1.0606893;0.010106404;750.2688;1.0167342;65.9128;0.0;-7.3453654e-25;99.99998;-7.345365e-21;5.4066777;-1.3284851;0.33327937;0.561893;0.22861362;0.0;0.0;3206.904;3784.2317;-1514.6337;6565.6787;-922.8555;-991.6211
1958-10-11;5.4484963;-0.11798096;0.009976705;751.42706;1.394955;43.142673;0.0;-7.3453654e-25;99.99998;-7.345365e-21;0.81662697;-1.6560527;0.047042966;0.2735257;0.2264902;0.0;0.0;3951.8867;4659.452;-1879.6158;6312.16;-1150.4044;-1161.9445
1958-10-12;5.250936;-0.039204914;0.009820302;749.83307;1.6130843;38.01236;0.0;-7.3453654e-25;99.99998;-7.345365e-21;0.67711174;-1.2326893;0.034749508;0.2591312;0.22438914;0.0;0.0;3279.179;3862.939;-1533.7278;6559.3276;-856.30835;-958.88
1958-10-13;3.3865254;0.77000934;-0.95206577;749.1118;1.2718172;33.516106;0.44335938;5.7140987e-05;114.72622;0.20345052;9.336412;-1.5001502;0.5990565;0.8214712;0.22240728;0.03008172;0.092834234;2334.35;2759.784;-1013.7839;6823.832;-1042.0834;-665.98114
1958-10-14;3.4771118;0.04458618;-1.8788096;748.8648;0.9702142;76.27872;0.4090983;5.543232e-05;137.5742;-7.345365e-21;4.6581535;-1.3379743;0.33043325;0.55092573;0.22048503;0.027768314;0.0;2691.196;3173.6133;-1283.9222;6620.8345;-929.44;-751.37
1958-10-15;3.9733074;-2.5520325;-5.0108185;747.77814;1.0267287;160.52895;0.22688802;3.3338863e-05;151.61913;-7.345365e-21;0.1462698;-1.5526404;0.01013279;0.22867322;0.21854043;0.019652769;0.00021606684;3444.8354;4053.9778;-1846.206;5993.8423;-1078.5734;-834.6911
1958-10-16;4.367686;-2.4250488;-4.522339;748.30914;1.2264736;244.86421;0.13256836;2.002716e-05;151.92186;-7.345365e-21;0.49188733;-1.2309439;0.029355288;0.24595857;0.21661073;0.010715798;0.0;3375.4705;3968.7444;-1759.5117;6036.1685;-855.11334;-838.2867
1958-10-17;5.2518516;-2.3989766;-4.4250107;749.8508;1.2659703;234.47176;0.07454427;1.0887782e-05;151.92186;-7.345365e-21;0.53613186;-1.3279859;0.031530857;0.24625659;0.21471083;0.007437542;0.0;3367.797;3956.8533;-1888.0078;5974.276;-922.51886;-847.67334
1958-10-18;7.4754233;-1.1126709;-6.203584;754.201;1.0173367;184.76152;0.037272137;5.3246818e-06;151.92186;-7.345365e-21;0.001709117;-1.4596367;0.00044703484;0.21323562;0.21280348;0.0044740736;0.0;4191.492;4921.94;-2518.119;5478.6387;-1013.9611;-638.17444
1958-10-19;7.9881186;-4.7776184;-5.7173667;753.6287;1.1311889;67.33506;0.017008463;2.1060307e-06;151.92186;-7.345365e-21;0.0008553266;-1.53023;0.00021606684;0.21110475;0.21088123;0.0021532178;0.0;4156.125;4878.279;-2482.0066;5584.8203;-1063.0011;-529.2233
1958-10-20;8.995046;-5.0396523;-5.699923;753.4653;1.0742972;184.17036;0.0068359375;9.536743e-07;151.92186;-7.345365e-21;0.0004351138;-1.488192;0.00010430813;0.2090782;0.20898134;0.0009685755;0.0;4111.9766;4824.6953;-2540.3594;5576.988;-1033.7977;-568.4378
1958-10-21;9.438344;-8.988475;-6.193128;754.8178;1.0524708;177.60968;0.0026855469;2.78155e-07;151.92186;-7.345365e-21;0.0017166131;-1.3804641;0.00011920929;0.20724535;0.20711124;0.00037252903;0.0;4131.8594;4846.401;-2597.31;5449.7734;-958.9633;-572.2
1958-10-22;9.137726;-2.8430684;-4.725918;757.29584;0.9801901;199.16331;0.00081380206;-7.3453654e-25;151.92186;-7.345365e-21;0.0;-1.1959997;0.0;0.205338;0.2052635;0.00017695129;0.0;3870.2117;4538.0435;-2265.1577;5916.559;-830.8211;-728.2978
1958-10-23;8.87854;-2.3831685;-5.3317513;755.0712;1.0565362;217.39476;0.0;-7.3453654e-25;150.21547;-7.345365e-21;0.0012998525;-1.144249;7.4505806e-05;0.20353496;0.203453;5.9604645e-05;0.0;3950.3071;4630.4966;-2467.9727;5688.559;-794.8722;-743.56775
1958-10-24;7.147583;-4.938741;-8.405421;750.9736;1.1476774;206.89192;0.0;-7.3453654e-25;127.679665;-7.345365e-21;0.00084845064;-0.9992626;4.4703484e-05;0.20173192;0.20167977;1.8626451e-05;0.0;3909.7817;4581.5723;-2568.064;5376.5713;-694.1539;-795.94556
1958-10-25;5.7256265;-6.381246;-7.37846;750.93286;1.0373975;138.82805;0.0;-7.3453654e-25;107.761375;-7.345365e-21;0.0;-0.91294014;0.0;0.19994378;0.19993633;5.5879354e-06;0.0;3920.8716;4593.12;-2521.8728;5339.8677;-634.1889;-797.8356
1958-10-26;4.4498086;-4.861338;-2.7253582;749.3384;1.3713336;230.67802;0.0;-7.3453654e-25;101.12075;-7.345365e-21;0.0;-0.746198;0.0;0.19824505;0.19823015;0.0;0.0;3811.131;4463.188;-2401.9568;5348.832;-518.3589;-968.1567
1958-10-27;2.239156;-2.0126545;-2.5546443;747.2768;1.1026976;226.72664;0.25309244;3.0875206e-05;110.74705;0.36621094;2.9950528;-0.6888453;0.17020106;0.36679953;0.19660592;0.00018626451;0.07327646;2880.31;3372.209;-1481.7145;6174.122;-478.51;-905.14777
1958-10-28;1.8848877;-4.9299927;-7.853765;748.1917;0.94028944;161.78888;0.5241699;6.341934e-05;129.33202;0.7324219;0.02515316;-0.94234574;0.0024586916;0.19747019;0.1950115;0.01678057;0.00040233135;3402.1677;3997.3088;-2098.4521;5524.0723;-654.63666;-1028.5411
1958-10-29;2.0008442;-5.9055076;-9.919024;749.72797;0.9716496;239.47469;0.36458334;5.1259995e-05;146.44464;-7.345365e-21;0.0;-0.6735381;0.0006854534;0.19410253;0.19341707;0.00949949;0.0;3762.215;4413.3535;-2518.6714;4931.812;-467.91556;-932.6667
1958-10-30;0.14807129;-9.002224;-9.30481;749.67725;0.9692602;210.0747;0.28645834;4.351139e-05;155.25096;-7.345365e-21;2.9802322e-05;-0.56784225;0.0004172325;0.19228458;0.19185245;0.005852431;1.4901161e-05;3642.966;4269.2344;-2320.2878;5020.3843;-394.5122;-993.06555
1958-10-31;-0.42965317;-9.571881;-9.557259;752.0523;0.81635505;84.70459;0.25260416;3.8027763e-05;153.1826;-7.345365e-21;0.005841387;-0.5364455;0.00074505806;0.19107759;0.19032508;0.008530915;0.0032708049;3404.2212;3986.89;-2326.7666;4998.2144;-372.6722;-848.5589
1958-11-01;0.76776123;-8.09905;-9.735442;753.27606;0.99368286;64.37142;0.2019043;3.0040741e-05;152.85936;-7.345365e-21;0.0012881301;-0.5226824;0.0006854534;0.18949807;0.18882006;0.008489937;0.0;3712.1016;4344.4746;-2534.5671;4839.094;-363.1011;-778.18225
1958-11-02;2.3701477;-10.200619;-7.7421775;753.3196;0.9988697;64.2983;0.14990234;2.2053719e-05;152.85936;-7.345365e-21;0.0008612871;-0.5280534;0.0005811453;0.18790364;0.18732995;0.0074785203;0.0;3550.3633;4152.549;-2221.6194;5272.4424;-366.83112;-571.7789
1958-11-03;2.9030762;-4.6470847;-4.0327163;753.74243;0.90890145;80.806694;0.10123698;1.5060107e-05;152.86488;-7.345365e-21;1.3314098;-0.56343806;0.073596835;0.25944412;0.18586218;0.007148832;0.0;2603.3645;3043.2466;-1332.7589;6330.039;-391.40723;-585.0133
1958-11-04;3.76769;1.1632385;-0.55402756;755.18317;0.7426755;89.94125;0.07356771;1.1205673e-05;152.86717;-7.345365e-21;10.030569;-0.8527627;0.6958842;0.8803308;0.18446147;0.006403774;0.0;1897.8116;2217.6133;-707.67725;7111.467;-592.38446;-402.36444
1958-11-05;3.1980286;1.7375793;0.009988149;753.4441;0.67293483;72.56778;0.20035808;6.0041744e-05;151.82973;0.28483072;22.41153;-0.6631156;1.8679351;2.0510256;0.18312037;0.0064168125;0.73604286;730.88055;853.45667;-257.72943;7452.2437;-460.6422;-185.34778
1958-11-06;2.7241719;1.8874308;-0.006814321;750.0386;0.6175481;181.37074;4.032145;0.00059183437;150.01854;4.3945312;8.046254;-0.58580375;0.81446767;0.99629164;0.18180907;0.27217156;0.020869076;679.1811;809.95886;-191.16444;7473.6133;-406.85165;-210.84555
1958-11-07;2.2787068;-0.4538269;-2.0953941;751.1374;0.88743633;98.68048;2.3636882;0.00034689903;150.53026;2.6448567;1.2009416;-1.0912446;0.12330711;0.30378997;0.18049777;0.22454932;0.011071563;2467.06;2913.57;-1187.1239;6549.681;-758.1911;-650.17334
1958-11-08;0.19850667;-2.7834575;-5.4133263;751.4023;1.0913328;50.182266;1.6507162;0.0002454122;150.59862;1.3834635;1.4403522;-1.0710415;0.12734532;0.3065318;0.17918646;0.12301281;0.039909035;2269.2012;2667.84;-1471.0167;5950.575;-744.14;-565.5089
1958-11-09;-0.06081136;-5.6230164;-8.319771;751.8352;0.95226455;53.565002;1.0874838;0.0001608928;151.08722;0.9765625;0.00046491617;-1.0461621;0.009283423;0.18715858;0.17788261;0.08362159;4.4703484e-05;3345.0522;3920.662;-2229.4194;5079.3813;-726.83167;-583.2222
1958-11-10;2.1466877;-4.917765;-6.165773;752.0991;0.9292689;72.0199;0.62491864;9.2188515e-05;151.09373;0.44759116;0.0021457663;-1.0155263;0.006467104;0.18306077;0.17657876;0.057550147;0.0;3258.929;3809.8254;-1955.5322;5549.28;-705.49054;-421.36777
1958-11-11;2.6923625;-4.160431;-4.2904663;750.76733;0.8910695;80.06867;0.34204102;5.054474e-05;151.10023;-7.345365e-21;0.48843324;-0.9794803;0.040516257;0.21581352;0.17531216;0.03165193;0.0;2901.9282;3387.0122;-1617.0139;5987.7314;-680.4278;-367.7089
1958-11-12;1.096049;-3.8249207;-5.6081033;750.4344;0.90104944;74.86856;0.19319661;2.8451284e-05;151.01039;-7.345365e-21;0.10843873;-0.9988677;0.0100284815;0.18408895;0.17405301;0.017486513;0.00010430813;2716.344;3167.0767;-1649.6655;5827.3364;-693.89557;-537.99554
1958-11-13;0.9741618;-3.1682842;-6.4647675;751.29376;0.92291355;67.98078;0.107910156;1.5974045e-05;150.99217;-7.345365e-21;0.01669526;-0.7720189;0.0023320317;0.17516315;0.17283857;0.00942871;0.0;2666.521;3106.5366;-1713.2994;5697.9976;-536.3017;-469.18332
1958-11-14;0.5881653;-4.5788064;-7.9915147;752.0485;1.1573718;38.173954;0.060628254;8.861224e-06;150.83136;-7.345365e-21;0.00047087666;-0.87009555;0.0006109476;0.17222762;0.17163157;0.005438924;5.2154064e-05;3086.3206;3593.9377;-2088.754;5246.164;-604.43225;-534.2378
1958-11-15;0.1796468;-6.0976663;-9.081906;752.66034;1.1018444;41.474697;0.03466797;4.967054e-06;150.78905;-7.345365e-21;0.0012854089;-0.7684827;0.00039488077;0.17084926;0.17044693;0.0028479844;0.0;3217.406;3744.8333;-2310.61;4936.07;-533.8433;-471.2489
1958-11-16;-0.42795816;-6.5055237;-9.426787;752.38104;1.1913973;35.563564;0.020426432;3.2583873e-06;150.78905;-7.345365e-21;0.0004351138;-0.68957174;0.0001937151;0.1694858;0.16928464;0.0015441328;0.0;3148.544;3664.381;-2288.9512;4892.2944;-479.02554;-482.48557
1958-11-17;0.89575195;-7.705587;-10.187111;751.8645;0.9262435;42.558807;0.012207031;1.6291937e-06;150.78905;-7.345365e-21;0.0012920864;-0.57322717;0.0001937151;0.16835332;0.1681596;0.0009778887;0.0;3174.591;3694.5144;-2443.0522;4727.1743;-398.20334;-365.10223
1958-11-18;0.5547994;-5.8247275;-8.153252;750.9397;0.8669943;163.70863;0.008544922;1.3907751e-06;147.1494;-7.345365e-21;0.009906607;-0.58013946;0.00014901161;0.16719103;0.16704202;0.0005476177;0.008635223;3024.1016;3519.1655;-2003.8595;5247.7686;-403.00446;-451.48
1958-11-19;-2.0438538;-3.285014;-4.3801804;750.1359;0.80594057;209.29875;9.366292;0.0013930798;129.38832;9.765625;2.8665664;-0.2197884;0.026285648;0.19226968;0.16596913;0.08979812;2.6225224;1320.0155;1570.3345;-731.18945;6432.1387;-153.66333;-415.30554
1958-11-20;-5.148127;-10.296491;-9.53138;747.1673;1.5421103;198.40172;27.405191;0.004116257;146.16307;27.75065;3.892097;-0.5464125;0.042170286;0.20708144;0.16491115;0.25859103;3.6008284;2104.146;2683.7534;-1615.4373;5175.1924;-385.8578;-603.73114
1958-11-21;-9.520261;-21.672297;-16.784472;750.41895;2.1184232;26.730011;38.754314;0.0057760477;149.49445;38.69629;0.015616417;-0.29366928;0.0026524067;0.16652048;0.16386807;0.02475828;0.014755875;2424.3877;3569.6445;-2358.1533;3753.0173;-219.78;-741.87555
1958-11-22;-5.912636;-18.224695;-14.605187;752.8896;1.4305707;26.473608;36.83968;0.0055317082;150.4798;36.824543;0.0008583069;-0.18691085;0.0140964985;0.17696619;0.16285479;0.13377517;0.0;2499.1006;3615.699;-2275.064;4071.8828;-142.88889;-562.63556
1958-11-23;-3.8080075;-15.683968;-14.13913;750.498;0.80256623;191.2831;33.41276;0.005008777;150.73663;33.081055;0.0;-0.19627064;0.058040023;0.21991134;0.16186386;0.55200607;0.0;2544.745;3582.0066;-2296.2417;4207.995;-146.07222;-423.35
1958-11-24;-4.887899;-14.367757;-13.716881;747.7585;0.8688716;172.29956;29.827066;0.00448362;150.96254;29.459635;0.0013035883;-0.20372123;0.035837293;0.19671023;0.16088039;0.33755973;0.0;2576.591;3528.1367;-2208.235;4324.244;-151.7111;-524.9722
1958-11-25;-4.784977;-14.333497;-12.9577055;749.26996;1.0232788;40.84212;26.477701;0.003979683;151.17609;25.960287;0.0012956379;-0.19454956;0.04863739;0.20855665;0.15991926;0.4575625;0.0;2594.55;3473.5945;-2283.2083;4335.097;-143.11444;-524.94666
1958-11-26;-3.152284;-13.87019;-13.813891;750.1042;0.8656606;176.0869;22.529135;0.0033833187;151.36359;22.094727;0.0004351138;-0.21014549;0.060245395;0.21919608;0.15895069;0.5626455;0.0;2668.1733;3484.719;-2406.5818;4242.548;-152.20444;-414.03223
1958-11-27;-4.1761374;-12.572906;-12.787028;747.91864;1.1136142;241.59703;19.624186;0.002960682;151.51137;19.89746;0.0025754862;-0.21728408;0.023245811;0.18125772;0.15801191;0.21321699;0.0;2565.0854;3286.3445;-2181.2517;4485.2666;-158.93723;-543.32
1958-11-28;-4.8826942;-11.744159;-12.553464;746.8056;0.91739076;175.52852;18.03776;0.0027252038;151.5449;18.351236;0.0049322844;-0.17536712;0.013709068;0.17078221;0.15708059;0.1261346;0.004928559;2372.8945;3008.37;-2077.1538;4593.948;-129.12334;-633.20557
1958-11-29;-4.087031;-8.318745;-7.741755;746.43994;0.7395274;248.05403;18.368896;0.002788186;149.84503;18.636068;1.0006964;-0.1177676;0.023245811;0.17940998;0.15616417;0.2100598;0.9950176;1684.9016;2131.2878;-1053.0305;5843.528;-87.181114;-494.65112
1958-11-30;-4.1958337;-6.8625007;-5.373699;742.6933;0.9672277;191.76997;32.872967;0.0047685704;140.49933;33.406574;3.4604268;-0.20491704;0.028043985;0.18329918;0.1552552;0.24431385;3.4206808;1704.8005;2338.6277;-983.6511;5996.82;-151.67667;-584.55
1958-12-01;-8.108308;-11.121367;-8.906174;740.04645;0.75246173;224.23016;91.66146;0.011114995;115.75942;95.54037;5.4649034;-0.17591007;0.040888786;0.19524992;0.15436113;0.38173795;5.4563284;837.30725;2473.6133;-822.48944;5527.349;-138.26111;-194.32889
1958-12-02;-10.492945;-14.244392;-14.179614;744.48456;1.0610131;98.21653;90.517334;0.011774023;131.44887;90.413414;0.008945514;-0.13757311;0.04208088;0.19556284;0.15348196;0.3838483;0.0072196126;1215.5216;3225.7788;-1351.7805;4466.2485;-108.07166;-178.63333
1958-12-03;-6.5336404;-10.875862;-7.401924;745.27313;0.97502804;184.55537;80.686195;0.011969964;145.31085;81.86849;4.8872323;-0.22704992;0.0500679;0.2026707;0.15261024;0.46177953;4.8829427;1176.0745;2502.4766;-730.3539;5756.579;-177.8989;-332.2
1958-12-04;-5.7729926;-6.6139755;-4.7819557;747.5942;0.91413885;229.48639;100.0;0.019618472;134.58429;145.54851;4.4645786;-0.12286659;0.0;0.15173852;0.15175343;0.0;4.458524;381.75223;1326.1289;-197.26222;6545.674;-96.83;-175.87778
1958-12-05;-4.9461226;-6.736019;-4.661741;751.28876;0.51287526;265.4018;100.0;0.021115104;150.55304;140.38086;1.0332228;-0.1215674;0.0010952353;0.15199184;0.15089661;0.015322119;0.9769983;704.44666;2457.5388;-551.0983;6146.407;-95.71555;-149.83556
1958-12-06;-2.1580036;-2.9119911;-1.4625612;749.73267;0.6664914;220.59935;100.0;0.02325809;153.31117;151.48926;3.2252073;-0.12784916;0.009730458;0.15980005;0.15006214;0.098729506;2.8941333;570.4067;1932.74;-318.84833;6762.2544;-100.65;-155.89111
1958-12-07;-0.4572042;-0.59990436;-0.3635559;747.1756;0.88837296;213.69855;100.0;0.025636911;155.72816;164.91699;4.425496;-0.036432408;0.47534704;0.6245822;0.14923513;2.1793525;1.5094056;379.96832;1198.3989;10.316112;7278.904;-28.673334;-110.35222
1958-12-08;-1.9178365;-2.200297;-0.21592967;743.0722;0.93581456;201.14783;100.0;0.042139094;151.43651;274.53613;39.862835;-0.17081946;0.7674843;0.915885;0.14841557;0.6275978;32.659336;245.93445;893.56555;-44.928333;7143.065;-134.49333;-188.47
1958-12-09;-3.9098141;-4.707012;-1.3605042;742.23285;0.6922133;200.96663;100.0;0.0705593;150.79034;465.49478;18.379927;-0.14636666;0.016659498;0.1642406;0.1476109;0.012105331;17.30691;491.86557;1971.6444;-571.98224;6375.851;-115.236115;-180.35445
1958-12-10;-7.6151214;-9.402561;-7.257543;745.41113;0.81411904;90.327;100.0;0.07667049;154.68;495.8496;0.08893907;-0.030234456;0.0;0.14680624;0.14682114;0.0;0.086173415;671.4661;2549.5;-1091.0889;5256.492;-23.481112;-96.26556
1958-12-11;-12.141093;-20.260056;-17.285315;744.87103;1.3111346;37.993702;100.0;0.07667307;157.80597;485.75845;0.004252791;-0.01398474;0.0;0.14603138;0.14603138;0.0;0.002965331;886.37836;3276.5;-1458.211;3946.3909;-10.692223;28.81889
1958-12-12;-11.896611;-23.126093;-23.10347;744.53766;1.3419968;17.358696;100.0;0.07668018;159.33559;481.28256;0.0008523463;0.013669953;0.0;0.14525652;0.14526397;0.0;0.0;918.5822;3311.838;-1247.5305;3735.5598;10.61;125.2
1958-12-13;-8.012872;-18.969046;-18.279718;744.1888;0.76789445;222.52937;100.0;0.077049136;160.25551;480.42807;1.0416231;-0.0015841797;0.0;0.14451146;0.14450401;0.0;1.0007471;568.2522;2006.7356;-210.69333;5375.473;-1.31;66.405556
1958-12-14;-5.0374856;-7.242968;-7.7446365;743.9802;0.4598471;201.09485;100.0;0.08019662;158.5244;504.72006;7.464695;-0.023190863;0.0;0.1437664;0.14375895;0.0;7.4539704;446.01556;1612.5255;-77.95389;6498.1357;-18.29889;-56.282223
1958-12-15;-6.5824456;-9.315284;-7.75324;744.33466;0.81232095;136.26299;100.0;0.091149606;152.50421;596.84247;5.6256795;-0.008927658;0.0;0.14302135;0.14302135;0.0;5.6241527;577.94666;2375.6711;-1107.5167;5194.606;-6.848889;-56.354443
1958-12-16;-8.572793;-16.068653;-16.040674;746.21356;1.1546708;23.666754;100.0;0.091988444;155.76039;590.8203;0.00084876147;0.01665391;0.0;0.14229119;0.14229864;0.0;0.0;767.96277;3070.2966;-1028.1161;4551.294;13.276667;49.807777
1958-12-17;-6.138817;-14.770103;-15.625221;746.2325;1.0417997;59.216625;100.0;0.09200823;158.46222;580.9326;0.0034302466;0.015560538;0.0;0.14158338;0.14158338;0.0;0.0;683.9789;2664.28;-801.9717;4899.6006;12.377778;65.07889
1958-12-18;-7.58505;-13.418883;-15.95432;748.04224;1.3254126;28.879683;100.0;0.092038035;161.17023;571.3298;0.001724099;0.037530437;0.0;0.14087558;0.14087558;0.0;0.0;819.5933;3114.9177;-1038.0328;4592.5195;29.507778;70.03778
1958-12-19;-7.959513;-14.205192;-16.270643;751.0726;1.6358757;9.03064;100.0;0.09208381;163.69041;562.78485;0.001975894;0.039148144;0.0;0.14016032;0.14018267;0.0;0.00025704503;840.7683;3116.609;-1051.4395;4563.3;30.81889;102.236664
1958-12-20;-5.8455977;-13.751766;-14.95284;750.3483;1.4166046;34.57124;100.0;0.09211973;166.21808;554.4841;0.0012890359;0.02880022;0.0;0.13950467;0.13948977;0.0;0.0;856.59;3099.5288;-874.6633;4909.1978;22.840555;88.91333
1958-12-21;-2.460907;-12.885014;-12.515317;749.36127;0.7684582;199.23627;100.0;0.0921425;169.14972;545.08466;0.0017136326;-0.017659739;0.0;0.13881922;0.13881177;0.0;0.0;822.49225;2907.2156;-828.5639;5167.754;-11.7277775;59.535557
1958-12-22;-4.9906106;-12.810478;-11.467869;748.42456;0.8631012;129.33476;100.0;0.09214107;172.47133;534.46454;0.0004351138;-0.028490089;0.0;0.13813376;0.13813376;0.0;0.0;780.1739;2695.6467;-1046.76;4983.055;-19.965555;22.614445
1958-12-23;-7.5544143;-14.043536;-14.7976265;749.3785;1.1502215;33.99951;100.0;0.092153154;175.23436;525.8789;0.0;-0.002656132;0.0;0.13746321;0.13747066;0.0;0.0;909.4361;3072.5066;-1134.7517;4582.313;-0.045555554;51.136665
1958-12-24;-8.787919;-15.674152;-16.391548;749.21533;1.3266424;19.235365;100.0;0.092176475;177.48793;519.36847;0.0004351138;0.0016018748;0.0;0.13680756;0.13680011;0.0;0.0;956.7817;3162.95;-1259.5427;4294.833;3.2144444;70.664444
1958-12-25;-6.738115;-16.10453;-16.18966;748.9439;1.2107481;48.31874;100.0;0.09219495;179.50714;513.5905;0.00086426723;0.010391697;0.0;0.13616681;0.13615936;0.0;0.0;963.7305;3118.3044;-1029.74;4620.6753;8.38;78.174446
1958-12-26;-3.4980366;-13.536958;-13.082564;749.3545;0.7958179;195.5298;100.0;0.09220859;181.81541;507.64975;0.003591179;0.0013243407;0.0;0.13552606;0.13552606;0.0;0.00051409006;823.2783;2608.2178;-776.7244;5199.251;1.3211111;53.18889
1958-12-27;-4.923055;-11.690791;-11.681272;748.124;0.5339325;280.87634;100.0;0.09222404;184.51202;500.4476;0.03973378;0.0009275973;0.0;0.13490021;0.13490021;0.0;0.03479421;829.4361;2574.979;-874.9064;5182.6426;0.97888887;-3.88
1958-12-28;-7.288513;-11.546642;-12.530499;746.5109;0.8274761;170.62437;100.0;0.09227133;187.15753;493.44888;0.008544325;-0.011023134;0.0;0.13427436;0.13428181;0.0;0.006828457;990.64276;3017.6968;-1287.6827;4595.256;-6.6144443;-5.6355557
1958-12-29;-6.650042;-9.01834;-10.097238;746.1304;0.6297948;111.10902;100.0;0.09296254;187.79686;494.83237;2.7030826;-0.013117678;0.0;0.13366342;0.13366342;0.0;2.6989243;802.00165;2417.0356;-339.1372;5999.3154;-10.024445;-59.16
1958-12-30;-6.1701064;-7.617882;-7.255131;745.5144;0.75050974;103.25753;100.0;0.09693611;182.53253;530.96515;1.5164131;-0.025890768;0.0;0.13306737;0.13305992;0.0;1.5114136;706.35724;2369.52;-920.0417;5526.7344;-18.564444;-54.97889
1958-12-31;-10.040131;-15.205872;-13.212642;744.6814;1.1641791;135.78688;100.0;0.09710022;185.5921;523.51886;0.0026434655;-0.027113594;0.0;0.13245642;0.13245642;0.0;0.0009313226;974.66724;3197.4456;-1434.0889;4321.999;-18.825;-9.234445
1959-01-01;-14.37788;-21.565973;-18.96042;745.0974;1.4798268;63.205334;100.0;0.09711138;187.57973;518.35126;0.0016629696;-0.0031692907;0.0;0.13186038;0.13186038;0.0;0.0007972121;1016.1828;3263.669;-1530.0078;3721.2825;-1.4111111;40.988888
1959-01-02;-12.189891;-20.7434;-21.06141;748.7098;1.4822959;10.689923;100.0;0.0971243;188.94106;514.6077;0.0004351138;0.016298145;0.0;0.13127923;0.13127923;0.0;0.0;1041.9261;3277.5;-1236.1089;3955.7678;12.963333;98.89889
1959-01-03;-6.1760573;-18.65592;-16.755735;747.7067;0.8750474;170.81572;100.0;0.097138606;190.45082;510.62012;0.0017065341;0.0015785918;0.0;0.13069808;0.13070554;0.0;0.0;924.74;2849.9067;-661.08777;5038.2817;1.2022222;63.07
1959-01-04;-6.4536567;-18.431078;-13.155379;746.79;0.7447919;181.3044;100.0;0.09712136;192.68813;504.67935;0.0004351138;-0.032642856;0.0;0.13011694;0.13013929;0.0;0.0;1073.8156;3244.34;-1297.6694;4563.532;-25.49;-8.362223
1959-01-05;-7.0494423;-16.599207;-13.834416;748.1883;0.794354;204.55531;100.0;0.09710511;194.8473;498.81998;0.013668715;-0.011532567;0.0;0.1295805;0.1295805;0.0;0.010624528;1032.0583;3057.2588;-992.10114;4874.151;-9.103333;-6.7222223
1959-01-06;-4.959432;-9.445957;-9.811704;749.12897;0.4271139;265.76123;100.0;0.097433366;196.64386;495.931;0.59664845;0.0038258731;0.0;0.12904406;0.1290217;0.0;0.59093535;507.36722;1478.1289;-302.21722;6038.693;2.9622223;-9.54
1959-01-07;-3.694875;-5.471657;-4.8291206;746.58685;0.4979917;167.68321;100.0;0.10238075;193.20668;528.4831;15.524278;-0.05958136;0.002808869;0.13128668;0.12847781;0.0;14.677673;467.75723;1413.4512;-98.05444;6735.9624;-46.72889;-79.64222
1959-01-08;-6.741732;-7.706205;-4.490288;743.7842;0.97170585;130.06712;100.0;0.13761063;165.9837;826.9043;27.80955;-0.116410665;0.0;0.12792647;0.12792647;0.0;27.679592;416.20834;1811.7134;-673.3589;5939.8623;-90.08889;-157.75667
1959-01-09;-10.010624;-15.8500395;-11.75858;745.48956;1.084367;37.676025;100.0;0.14328842;168.97069;849.2839;0.009471178;-0.07108878;0.0;0.12737513;0.12738258;0.0;0.008195639;782.5389;3303.551;-1392.6411;4390.255;-53.20111;-85.763336
1959-01-10;-9.741757;-18.393074;-18.030146;746.1788;1.0863634;84.30274;100.0;0.14329426;172.78253;830.4036;0.0008642673;-0.006057322;0.0;0.12685359;0.12683868;0.0;0.0;845.6322;3474.301;-1286.8016;4039.1672;-2.6755555;66.227776
1959-01-11;-8.747731;-17.128887;-18.859232;746.2144;1.1005385;60.430817;100.0;0.14331341;175.49608;817.4235;0.0025761456;-8.009374e-05;0.0;0.12631714;0.12631714;0.0;0.0;847.755;3390.9744;-812.55835;4621.1807;1.8066666;63.233334
1959-01-12;-7.9674964;-14.724242;-17.26285;745.962;0.8979175;115.57877;100.0;0.14333908;178.3535;804.4841;0.0012934206;0.0040410087;0.0;0.1257807;0.12578815;0.0;0.0;849.54944;3313.6323;-1043.7877;4480.3394;4.978889;47.06222
1959-01-13;-9.740897;-14.212152;-18.021101;748.94727;1.1589833;23.408415;100.0;0.14337353;181.13637;792.11426;0.0003874302;0.022560358;0.0;0.12525916;0.12525916;0.0;0.00039860606;912.5311;3470.77;-1022.96;4428.3823;19.3;39.592224
1959-01-14;-7.3018928;-12.843162;-17.117182;747.45636;0.8036521;283.8414;100.0;0.14340997;183.8561;780.5176;0.0002682209;0.020166859;0.0;0.12475252;0.12474507;0.0;0.00027567148;819.20667;3038.4246;-929.54333;4633.582;17.112223;57.735554
1959-01-15;-8.4374695;-9.943219;-13.756436;744.4856;0.8143942;156.46495;100.0;0.14352453;186.8128;769.2871;0.11945069;0.02076663;0.0;0.12424588;0.12423843;0.0;0.11437386;650.9839;2356.2021;-291.89944;5734.674;17.45;-35.924446
1959-01-16;-8.480999;-13.013598;-12.18602;745.4931;1.172966;79.54803;100.0;0.14358473;190.57973;754.5166;0.005400181;-0.02280064;0.0;0.12373924;0.12373924;0.0;0.0037550926;919.5917;3258.0366;-1125.94;4830.576;-15.348889;-37.56222
1959-01-17;-7.958175;-14.508084;-14.753964;746.6495;0.98887986;188.32356;100.0;0.14360519;193.902;741.2923;0.0012993806;-0.003432855;0.0;0.1232326;0.1232326;0.0;0.0;958.74164;3320.5688;-1198.8339;4501.503;-0.4422222;37.47778
1959-01-18;-5.39807;-12.186882;-13.685731;744.18866;0.64651567;243.91096;100.0;0.14392956;196.34666;733.5205;1.8590317;-0.017208979;0.0;0.12272596;0.122740865;0.0;1.8521249;1010.58276;3420.831;-523.44;5512.3955;-11.048889;-6.51
1959-01-19;-5.8049827;-6.549736;-7.8376107;739.2741;0.5134166;121.77674;100.0;0.15965636;182.74574;873.12823;26.671219;0.010369346;0.0;0.12224913;0.122241676;0.0;26.631027;202.8839;796.73224;2.816111;6565.33;8.394444;-18.587778
1959-01-20;-6.5188203;-8.108975;-7.2473207;742.6141;0.7380242;54.89723;100.0;0.17654137;174.07518;1014.48566;6.984609;-0.015042722;0.0;0.12177229;0.12175739;0.0;6.9622993;394.02277;1690.2988;-430.6189;6047.8677;-10.634444;-57.168888
1959-01-21;-8.71362;-12.910712;-10.422581;745.7847;1.232143;33.202694;100.0;0.1796244;179.1787;1004.06903;0.038966537;-0.036416575;0.0;0.12128055;0.12128055;0.0;0.037647784;790.26666;3334.0967;-1280.0605;4667.9565;-25.71;-53.65889
1959-01-22;-10.942428;-15.172345;-13.590717;744.16693;1.5582242;18.597101;100.0;0.17964411;184.45538;975.09766;0.0074505806;-0.021860003;0.0;0.120803714;0.120803714;0.0;0.007458031;869.12054;3563.1245;-1154.8278;4606.6494;-14.488889;-45.828888
1959-01-23;-10.725066;-17.59906;-16.464035;744.51935;1.4736853;11.521241;100.0;0.17966335;188.3994;954.8747;0.00320673;-0.01585111;0.0;0.12034178;0.12032688;0.0;0.0019297004;941.5989;3759.1545;-1261.6078;4238.8955;-9.661111;22.284445
1959-01-24;-8.670037;-18.658901;-18.261017;745.6547;1.0092696;89.57491;100.0;0.17967899;191.5182;939.0869;0.0012993806;-0.017362647;0.0;0.11986494;0.11986494;0.0;0.0;999.95557;3890.2356;-1235.3038;4151.052;-11.007778;63.413334
1959-01-25;-8.0494795;-16.208334;-17.872536;746.43475;0.87719315;144.8245;100.0;0.17970614;194.3382;925.3337;0.04041464;-0.0046268106;0.0;0.1193881;0.119395554;0.0;0.038683414;945.41943;3586.0845;-956.44275;4565.11;-1.4977778;36.06222
1959-01-26;-8.043183;-14.591313;-17.640196;747.5788;0.9463648;67.0372;100.0;0.1797611;197.15558;912.55695;0.0;0.0076144934;0.0;0.11894107;0.11893362;0.0;0.0;1051.0239;3893.0977;-1197.9244;4284.503;8.134444;39.206665
1959-01-27;-6.9875107;-14.276524;-17.316353;747.8509;1.0040509;59.812267;100.0;0.17979355;199.9352;900.59406;0.00085917645;0.0037439167;0.0;0.11847913;0.11847913;0.0;0.0;1077.9867;3897.9333;-1125.0656;4433.2026;5.3105555;51.414444
1959-01-28;-6.003546;-14.544398;-17.064043;748.5363;0.9827239;43.16379;100.0;0.17982571;202.72621;888.3464;0.0008583068;0.0018328428;0.0;0.1180321;0.11802465;0.0;0.0;1148.1272;4055.659;-1349.3162;4176.384;3.9666667;76.842224
1959-01-29;-4.772779;-17.081085;-15.858284;747.77826;0.6336754;214.78221;100.0;0.18000479;205.26137;877.8483;1.2987138;-0.0074962154;0.0;0.11758506;0.11758506;0.0;1.221016;1067.9861;3684.6768;-660.72;5163.382;-5.452778;22.716667
1959-01-30;-5.4676895;-7.174887;-9.940593;745.4056;0.64903134;118.81781;100.0;0.18790388;198.6953;943.88837;16.96648;0.0080047175;0.0;0.11713803;0.11715293;0.0;16.617525;517.79724;1969.8867;33.567223;6518.6577;7.4061112;-43.505554
1959-01-31;-6.464457;-7.7348;-7.103678;741.99005;0.9151251;202.19691;100.0;0.21419103;180.81671;1182.902;16.697147;-0.03767945;0.0;0.116720796;0.116705894;0.0;16.676657;653.0561;2833.7488;-492.2211;6046.88;-27.292223;-119.42333
1959-02-01;-7.561409;-8.986069;-7.1843057;744.195;0.87543964;183.60956;100.0;0.21953039;185.81964;1182.6986;3.3338606;-0.093630515;0.0;0.11627376;0.11627376;0.0;3.3290312;689.5983;2935.3677;-532.3;5954.6133;-71.12666;-164.48222
1959-02-02;-7.2742524;-9.430192;-7.9031816;748.2327;0.6349063;80.122215;100.0;0.22296564;190.38539;1172.6481;1.5611947;-0.04432164;0.0;0.11584163;0.11584163;0.0;1.5602782;870.34;3665.3179;-906.76886;5444.0396;-31.395555;-127.90111
1959-02-03;-8.910923;-12.44991;-10.552962;746.11176;0.85901576;158.84401;100.0;0.22313039;197.42738;1131.7545;0.042530894;-0.057423487;0.0;0.11540949;0.11540949;0.0;0.03952533;995.5872;4076.53;-1296.6697;4670.581;-41.51;-124.92667
1959-02-04;-10.303443;-12.916369;-11.971505;740.7292;0.8273285;263.20752;100.0;0.2245208;200.69073;1118.9371;3.7224174;-0.03638491;0.0;0.11497736;0.11498481;0.0;3.7161372;744.92334;2981.5066;-568.41364;5492.094;-26.764444;-117.15
1959-02-05;-11.935136;-15.33863;-12.917249;739.5127;0.8458948;74.58937;100.0;0.22738838;200.5423;1134.9283;0.69808316;-0.03542658;0.0;0.11456013;0.11456758;0.0;0.6946549;951.5161;3834.4934;-1280.5906;4500.6973;-24.943333;-124.54
1959-02-06;-12.42887;-17.3734;-17.14924;739.9663;1.0252856;166.39442;100.0;0.227633;204.23012;1115.3971;0.05263479;-0.018423423;0.0;0.114142895;0.114142895;0.0;0.050917268;1129.5817;4439.8765;-1457.5573;3898.8684;-11.73;-43.90111
1959-02-07;-12.527732;-14.98785;-16.736284;740.4749;0.8079605;159.24838;100.0;0.22789173;206.91371;1101.9287;0.29203892;-0.008936971;0.0;0.11372566;0.11373311;0.0;0.28610975;975.58386;3748.0122;-875.9328;4759.544;-5.0155554;-103.68667
1959-02-08;-13.797706;-17.890259;-16.894827;740.51715;1.2148786;35.889507;100.0;0.22827959;209.29327;1091.1865;0.34768283;-0.022182241;0.0;0.11332333;0.11332333;0.0;0.34549087;1075.435;4057.3044;-1128.2828;4420.59;-14.857778;-96.73778
1959-02-09;-13.520714;-20.587402;-19.027113;743.0029;1.0284063;143.07109;100.0;0.22840548;212.01984;1078.2064;0.0006139277;0.0022249296;0.0;0.112921;0.112921;0.0;0.00020489097;1254.7522;4622.5156;-1599.6433;3634.0002;2.0966666;-57.65111
1959-02-10;-14.245178;-23.476435;-21.060455;744.28986;1.0711128;47.814884;100.0;0.22841065;214.38768;1066.4877;0.0021427867;-0.0009071082;0.0;0.11253357;0.11252612;0.0;7.4505806e-06;1310.3756;4718.579;-1609.2106;3489.1506;-0.35;-28.557777
1959-02-11;-12.705058;-22.039877;-22.281458;741.49554;0.9542649;173.86871;100.0;0.22841895;216.39809;1056.6;0.0039666886;0.005118549;0.0;0.11213124;0.11213869;0.0;0.0026524067;1364.7395;4796.83;-1537.0873;3514.2214;4.37;3.7833333
1959-02-12;-12.942145;-16.26388;-20.62432;737.4192;0.7046518;188.92268;100.0;0.22868383;217.68585;1051.1068;1.1144322;0.029418617;0.0;0.11175871;0.11175126;0.0;1.1088699;1178.3672;4059.7834;-688.05334;4725.654;23.311111;-80.04222
1959-02-13;-12.91015;-16.342705;-16.753235;740.62256;0.751256;92.8638;100.0;0.23031664;215.51398;1068.9291;1.4937567;-0.036319718;0.0;0.11137128;0.11136383;0.0;1.4898628;1160.9011;4038.8145;-650.17334;5108.3564;-28.254444;-166.95222
1959-02-14;-11.171149;-14.857555;-14.318063;742.33685;0.90193206;75.529335;100.0;0.23178346;215.07811;1078.5319;0.597471;-0.02530776;0.0;0.11098385;0.11098385;0.0;0.58940053;1161.3733;4103.3765;-1030.36;4818.59;-19.545555;-139.46889
1959-02-15;-11.851776;-14.861028;-14.412059;740.2202;0.9998996;82.567955;100.0;0.23188071;218.46483;1062.7035;0.053557754;-0.024065375;0.0;0.11059642;0.11061132;0.0;0.048570335;1204.4166;4161.6177;-1001.7889;4821.503;-18.598888;-157.05222
1959-02-16;-11.057323;-15.364934;-13.3726425;738.3106;1.183137;36.47549;100.0;0.23243646;220.97914;1052.4088;0.96713305;-0.089686364;0.0;0.11023879;0.11022389;0.0;0.9612739;1106.8572;3770.6545;-841.69055;5116.63;-70.187775;-158.72
1959-02-17;-12.422944;-16.298225;-14.068714;740.07324;0.8931289;159.45045;100.0;0.23292398;223.48924;1043.1722;0.5744308;-0.05220808;0.0;0.10986626;0.10986626;0.0;0.5696267;1419.289;4791.918;-1279.0516;4500.1343;-40.645557;-175.23778
1959-02-18;-12.951813;-15.0772295;-12.815891;739.53424;1.322364;238.86949;100.0;0.23445873;222.88051;1051.8392;3.6424398;-0.10838546;0.0;0.10949373;0.10948628;0.0;3.6359468;1049.0616;3554.3423;-466.02945;5582.933;-85.01;-297.1711
1959-02-19;-12.957831;-14.840352;-11.7259;731.5855;1.0172002;192.94012;100.0;0.25151524;194.85284;1291.5039;24.33497;-0.07199589;0.0;0.1091212;0.109128654;0.0;24.328102;344.32278;1401.2034;-240.93889;5823.1543;-56.59;-179.02112
1959-02-20;-14.849935;-18.427567;-13.166789;733.99615;0.6879712;207.86525;100.0;0.26279125;182.98045;1437.3373;1.7457303;-0.10942388;0.0;0.108763576;0.108763576;0.0;1.7402954;952.68225;4047.7017;-807.3286;5045.154;-85.75278;-276.18777
1959-02-21;-15.827049;-18.956484;-15.288593;739.0816;0.75571346;270.5339;100.0;0.26360536;187.72948;1405.599;0.3096789;-0.039998442;0.0;0.10840595;0.10840595;0.0;0.30666962;1132.7506;4696.582;-1139.2417;4469.6084;-31.105556;-240.78
1959-02-22;-13.812619;-16.21418;-15.851832;743.3785;0.8913086;269.9109;100.0;0.26388094;192.42055;1372.5992;0.2978474;0.0052936375;0.0;0.10804832;0.10804832;0.0;0.2900958;1200.1589;4852.668;-955.7733;4716.2646;4.518889;-200.2911
1959-02-23;-11.348372;-13.432775;-13.327292;742.0245;1.1165307;237.10205;100.0;0.2652394;195.5462;1357.2592;2.1826324;-0.022721477;0.0;0.10770559;0.10769069;0.0;2.1770523;718.05835;2853.6338;-316.25055;5740.6626;-17.72889;-122.78445
1959-02-24;-10.213107;-11.832672;-11.225869;735.20166;0.88963443;143.61937;100.0;0.27901852;186.70148;1492.2281;30.378422;-0.01716055;0.0;0.10731816;0.107347965;0.0;30.37528;353.7322;1455.2922;-29.063889;6183.989;-13.379444;-73.96445
1959-02-25;-10.230225;-12.0362215;-9.40537;731.934;1.1925483;135.36296;100.0;0.31180015;170.6787;1825.5615;19.949604;-0.07291976;0.0;0.10699034;0.10699779;0.0;19.941929;393.86444;1724.31;-301.1439;5999.8916;-57.25;-152.30888
1959-02-26;-13.333173;-15.927123;-11.569074;738.01294;1.0580881;155.21999;100.0;0.31983307;177.11163;1808.6752;2.2817402;-0.1467634;0.0;0.10666251;0.10664761;0.0;2.2761598;922.0161;3954.3645;-773.75836;5185.6987;-115.204445;-358.62555
1959-02-27;-13.3025465;-17.442415;-13.84262;740.0459;1.0432185;65.02569;100.0;0.32100105;184.75487;1739.9088;0.3333062;-0.057483092;0.0;0.106304884;0.106312335;0.0;0.32810867;1115.965;4675.4136;-1172.9922;4579.092;-44.755;-213.60889
1959-02-28;-13.562503;-20.228935;-16.099096;737.7402;0.99952394;151.1332;100.0;0.32108328;191.652;1677.5717;0.015876088;-0.02737809;0.0;0.10597706;0.10596216;0.0;0.012010336;1355.5416;5532.817;-1460.6744;4056.7876;-20.925556;-203.34222
1959-03-01;-12.824899;-16.433472;-16.322617;736.7563;0.71390706;137.9835;100.0;0.32204428;196.0436;1643.4326;2.7357638;-0.021176413;0.0;0.10563433;0.10562688;0.0;2.7280226;908.81335;3623.564;-416.4511;5344.7974;-16.39889;-156.88
1959-03-02;-11.183701;-13.370078;-12.772668;740.50165;0.9185018;78.35534;100.0;0.32920542;193.83624;1697.4283;11.38645;-0.037360936;0.0;0.105291605;0.105291605;0.0;11.36351;708.60223;2899.2068;-169.96945;5959.6504;-29.168888;-165.11333
1959-03-03;-10.254303;-12.236054;-10.522716;738.9714;0.9607377;144.34303;100.0;0.33811677;193.94496;1744.751;4.196175;-0.04386343;0.0;0.10496378;0.10496378;0.0;4.1913652;854.9595;3599.0972;-593.0578;5615.547;-34.19889;-208.17
1959-03-04;-10.759574;-13.659751;-10.629725;742.7404;0.64144546;183.66393;100.0;0.34007403;201.47621;1690.3076;0.6341412;-0.10170974;0.0;0.104635954;0.1046285;0.0;0.6310269;1156.6788;4774.9663;-919.1278;5199.967;-79.513336;-294.16943
1959-03-05;-10.255352;-13.834724;-11.537811;741.6326;1.0159876;63.028214;100.0;0.34081545;208.5514;1635.5795;2.296403;-0.05932618;0.0;0.10429323;0.10429323;0.0;2.2906363;1222.0322;4937.879;-886.5933;5192.6313;-45.99222;-228.40555
1959-03-06;-11.179435;-13.519084;-10.756307;740.66473;0.87469816;169.94011;100.0;0.34692731;209.11488;1659.3424;6.0230784;-0.08598436;0.0;0.1039803;0.10397285;0.0;6.0196295;953.5611;3943.2979;-791.63025;5326.726;-67.297775;-277.51666
1959-03-07;-13.29333;-15.747239;-12.494347;742.8244;0.97936845;91.37537;100.0;0.34924784;213.44008;1638.0209;0.6581049;-0.04642643;0.0;0.10365248;0.10365248;0.0;0.65620244;1186.7603;4840.151;-1157.71;4703.783;-36.082222;-284.2911
1959-03-08;-12.451622;-16.247885;-13.690089;745.01;0.9431991;122.0741;100.0;0.34962174;219.03383;1597.819;0.036659837;-0.02958253;0.0;0.10332465;0.10332465;0.0;0.036150217;1478.4303;5904.094;-1372.5292;4429.8296;-22.661112;-263.10474
1959-03-09;-9.261526;-11.946197;-13.200073;747.30304;0.9443162;202.26823;100.0;0.34973845;224.27765;1560.9131;0.42580366;-0.0038295984;0.0;0.10301173;0.10301173;0.0;0.41725114;1401.0182;5459.6787;-870.8397;5152.128;-2.5044444;-208.24222
1959-03-10;-5.240377;-7.1222434;-9.92452;748.1508;0.84363526;224.81543;100.0;0.350324;229.70897;1526.9369;0.21143556;0.019144267;0.0;0.1026988;0.1026988;0.0;0.20743906;1434.0697;5492.9956;-947.44525;5416.059;15.605556;-199.95555
1959-03-11;-4.263204;-5.5177207;-7.186869;748.06445;0.9310941;262.49512;100.0;0.35039306;236.72296;1481.8522;0.100046396;-0.044981018;0.0;0.10238588;0.10237843;0.0;0.093538314;1286.382;4812.6445;-613.2953;6076.2607;-34.845554;-225.53416
1959-03-12;-1.8805033;-3.9393513;-4.2848206;747.1281;0.6802263;244.88812;100.0;0.35055867;244.81834;1433.96;0.53313744;-0.018708408;0.0;0.102072954;0.102072954;0.0;0.2663359;1413.4353;5156.401;-898.6986;5956.2324;-13.91;-200.82333
1959-03-13;-1.6530762;-5.102051;-3.179123;746.25665;0.8178325;201.83484;100.0;0.35323286;252.71417;1399.4547;3.9830446;-0.1206249;0.0;0.10177493;0.10176748;0.0;2.8578677;1405.5695;5049.364;-1181.0647;5651.1177;-94.09333;-206.76944
1959-03-14;-1.1285095;-3.8739522;-3.334961;750.1513;0.89128846;138.3344;100.0;0.35481632;260.8457;1362.5082;0.0024914742;-0.03732741;0.0;0.101447105;0.101447105;0.0;0.0016242266;1662.7211;5912.5566;-1475.6664;5293.1987;-28.417778;-232.84
1959-03-15;0.784139;-4.230764;-4.084442;749.468;0.7146339;204.89783;100.0;0.35474467;268.7435;1322.9574;0.0017042003;-0.030961819;0.010058284;0.111207366;0.10114163;0.12503564;0.0;1807.3167;6182.9165;-1631.6117;5056.6343;-23.255556;-193.04556
1959-03-16;2.1592815;-4.126892;-3.556371;746.72296;0.6266523;129.73778;100.0;0.35424224;275.90137;1287.6383;0.37413055;-0.036066398;0.097721815;0.19857287;0.10085106;0.9468235;0.0;1803.4197;5968.047;-1213.6642;5684.8413;-27.027779;-191.88222
1959-03-17;-0.7951457;-2.1371155;-1.3360494;742.50165;1.1787627;196.55507;100.0;0.35882053;282.72592;1272.4203;8.805314;-0.07388741;0.13439357;0.2349317;0.100538135;0.79184955;3.4920871;783.42303;2533.9954;-418.7653;6672.511;-57.795555;-171.56223
1959-03-18;-3.464162;-4.705251;-0.88486737;743.6066;0.9048585;208.20381;100.0;0.36272904;288.50586;1260.6201;2.7626963;-0.35612658;0.0123381615;0.11257827;0.10024011;0.12197159;2.6581326;1492.2383;4506.303;-860.6853;6172.298;-279.52554;-432.1311
1959-03-19;-3.9667256;-5.3341775;-1.1158575;745.445;1.057421;186.1049;100.0;0.36597416;292.16342;1255.127;3.7435472;-0.45515597;0.0006854534;0.10061264;0.09994209;0.007249415;3.620401;1842.1459;5507.7646;-1138.2892;5858.901;-357.3511;-543.11444
1959-03-20;-2.9568684;-5.9723296;-1.1902479;749.0676;0.8873198;89.21784;100.0;0.36712575;298.32846;1234.0902;0.036031008;-0.42568892;0.010609627;0.11026859;0.099644065;0.11693686;0.033520162;2049.427;5758.2314;-1459.1428;5465.621;-333.84888;-407.8375
1959-03-21;-1.592804;-5.9071555;-1.1500448;746.3352;1.0023277;56.41977;100.0;0.36679852;307.21353;1197.3877;0.34590364;-0.23356639;0.013723969;0.11308491;0.09935349;0.14881417;0.32247603;2194.2705;5700.1084;-1272.3842;5767.8145;-182.29666;-269.5311
1959-03-22;-2.5411274;-4.7179565;-0.66640216;740.7542;1.3099278;49.403763;100.0;0.37502173;305.4795;1227.8646;16.871023;-0.38616452;0.004708767;0.10377169;0.09906292;0.021098182;16.323448;867.8394;2615.8655;-526.8125;6537.9155;-302.9389;-241.81223
1959-03-23;-3.065796;-4.64858;-0.97345096;744.03467;0.72844076;142.97939;100.0;0.38616112;297.44498;1299.6012;3.169326;-0.3908826;0.0;0.0987649;0.098757446;0.0;3.1356924;1373.1133;4784.578;-786.7564;6244.3633;-301.55;-387.4389
1959-03-24;-2.8565776;-5.4637146;-0.9170278;747.1182;0.82026786;89.275246;100.0;0.3864437;304.4479;1271.5658;0.07992387;-0.49332714;0.01129508;0.109791756;0.09845197;0.12000278;0.067822635;1774.9445;5319.037;-1079.9403;5934.33;-380.65555;-393.81778
1959-03-25;-2.9001873;-5.9214272;-0.97573346;744.1787;0.8151891;81.79446;100.0;0.3860786;312.84863;1236.1246;0.09420514;-0.4692003;0.001758337;0.09992719;0.0981465;0.018630177;0.080004334;1971.1122;5283.911;-1257.8;5691.3623;-361.7489;-338.0011
1959-03-26;-2.6479492;-5.329712;-0.8879306;741.75586;0.7692581;150.65273;100.0;0.38576853;321.6439;1201.294;0.32429695;-0.49576724;0.008195639;0.10603666;0.097841024;0.08552149;0.26834384;2342.1545;5797.6187;-1324.3783;5663.9624;-382.14667;-366.03082
1959-03-27;-2.6101887;-4.2961526;-0.4334348;743.4273;0.9573938;208.90381;100.0;0.38610998;329.3457;1173.9095;1.5974343;-0.6098747;0.03130734;0.12883544;0.09753555;0.30012244;1.3542957;2419.8728;5819.2134;-1128.3123;6026.008;-472.1261;-503.71777
1959-03-28;-2.5693257;-4.078621;-0.2371521;745.14325;1.2639921;214.12645;100.0;0.3878093;333.32812;1164.3066;5.566853;-0.688931;0.17049909;0.26771426;0.09723008;1.3238695;5.1406474;2327.203;5623.152;-931.20526;6243.221;-534.69775;-578.0222
1959-03-29;-1.9266154;-4.1078925;-0.19923782;746.7061;0.8597684;167.31396;100.0;0.38800776;335.68716;1157.7148;0.173622;-0.49983895;0.41513145;0.5120635;0.09693205;3.5853348;0.15893206;2070.2473;5544.617;-1158.9312;5968.452;-384.81332;-359.45667
1959-03-30;-2.245158;-3.5570705;-0.37719727;743.34845;0.8090151;60.67217;100.0;0.39396724;330.54785;1191.4877;17.874369;-0.29992592;0.0072717667;0.1039058;0.09664148;0.0;16.896744;914.7022;2466.396;-527.02057;6594.032;-232.04723;-205.06111
1959-03-31;-2.4870503;-3.2654521;-0.40525818;743.512;0.8501834;173.13301;100.0;0.4064132;319.1227;1274.292;3.7249432;-0.33089703;0.023961067;0.120319426;0.09635836;0.18435903;3.4366772;864.6494;3016.5417;-404.71222;6736.241;-255.42722;-319.80112
1959-04-01;-1.5658264;-4.8319244;-0.41694006;747.2536;0.991266;93.98178;100.0;0.40674317;325.39975;1251.8717;0.0043499004;-0.4654089;0.05364418;0.14969707;0.096067786;0.45213476;0.0022053719;2260.3318;6831.541;-1633.4672;5388.1396;-351.71445;-357.16446
1959-04-02;-0.8762512;-4.3013215;-0.45265833;747.60504;1.0017754;168.66663;100.0;0.40621492;334.71225;1215.21;0.25922802;-0.4252307;0.03363192;0.12940168;0.09574741;0.25317073;0.004719943;2498.0767;6727.3813;-1488.2003;5556.715;-320.6889;-271.27554
1959-04-03;-0.76079303;-2.099013;-0.15457408;748.92456;0.9334557;214.26984;100.0;0.40280458;342.22852;1177.8971;5.082922;-0.35418385;0.96935034;1.0648072;0.09545684;6.692689;2.3148582;1955.9978;4850.36;-780.85944;6448.5146;-268.99445;-274.81555
1959-04-04;-0.7976888;-1.7347513;-0.025786081;743.9432;1.2735168;201.59996;100.0;0.4120171;329.0983;1250.4476;22.989183;-0.3367001;1.1228174;1.218006;0.09517372;5.1347466;18.167614;1256.7511;4070.8171;-343.5314;6948.193;-256.25446;-304.01556
1959-04-05;-2.7291462;-4.5744934;-0.1242129;740.21027;1.2677802;210.65558;100.0;0.4238495;317.64487;1333.4147;14.239407;-0.6214771;0.12090802;0.21579862;0.094890594;0.53972006;13.294474;1745.6873;6207.89;-1011.7386;6109.559;-475.40332;-467.8511
1959-04-06;-3.653056;-4.7635155;-0.47875595;738.74445;0.6516337;203.92238;100.0;0.45092782;287.81607;1565.4703;20.85443;-0.33775532;0.02771616;0.12232363;0.09462237;0.082138926;19.90556;850.6828;3471.97;-658.6483;6335.427;-259.20667;-317.77335
1959-04-07;-2.1116638;-3.828481;-0.628774;749.16406;0.9733519;228.99135;100.0;0.45580307;292.27505;1562.0524;0.29506364;-0.50112975;0.016272068;0.11062622;0.09435415;0.11677295;0.24022162;1694.8495;5756.2144;-805.4133;6314.3213;-381.3;-382.71
1959-04-08;-0.4575602;-3.600474;-0.40493265;753.54175;0.9097092;154.75822;100.0;0.454457;302.35483;1505.4525;0.008520211;-0.38125646;0.322178;0.41627884;0.09407848;2.3293943;0.007621944;2485.9978;7266.134;-1753.3;5305.5635;-282.52222;-297.29224
1959-04-09;0.49672446;-6.3803916;-0.4836146;752.6045;1.1542983;56.580425;100.0;0.4513481;312.83658;1445.0277;0.0;-0.34747553;0.5118251;0.6056428;0.09380281;3.6391468;0.0;2890.8567;7602.2983;-2073.4253;4915.371;-252.40167;-182.97778
1959-04-10;0.5309143;-5.8371177;-0.44229126;751.3045;1.1736242;53.06613;100.0;0.44618627;323.03482;1383.3822;0.0021517272;-0.3751796;0.9083301;1.0018647;0.09353459;6.21086;0.0;3120.055;7601.1826;-2069.6465;4988.589;-273.51666;-183.97556
1959-04-11;1.426117;-6.087477;-0.4016571;749.883;1.1041453;64.55738;100.0;0.4385381;332.55078;1320.9229;0.00042617318;-0.37856215;1.3445765;1.4378577;0.09328127;8.540973;0.0;3320.75;7647.394;-2036.2537;5081.0776;-275.14056;-169.46666
1959-04-12;2.1392212;-2.8914998;-0.2569987;747.43115;1.0580648;120.02224;100.0;0.42843732;341.43814;1256.7545;2.3679569;-0.32620504;2.3201704;2.4132133;0.0930354;11.318449;0.0;3126.665;6904.8906;-1297.5061;5978.282;-235.53;-159.7
1959-04-13;1.3297018;-1.2295736;-0.12245432;747.70044;1.0512568;88.20237;100.0;0.41437885;347.5638;1194.2953;0.013723969;-0.3839368;3.5525112;3.6973505;0.14483184;16.671743;0.0029206276;3111.0222;6653.4688;-1302.302;5972.512;-283.15;-236.08223
1959-04-14;2.75236;-2.5419514;-0.13307698;750.8747;1.0597259;76.2423;100.0;0.39920834;353.65527;1130.9408;12.346637;-0.39953923;7.5483027;7.6693444;0.12103468;14.428295;0.0004954636;3089.641;6450.6743;-938.8772;6473.83;-292.94666;-184.98334
1959-04-15;1.1870931;0.73772174;0.0030759175;749.5511;1.0602087;165.75833;100.0;0.3866619;357.81186;1081.9092;31.802588;-0.044734217;15.573636;17.350822;1.7771721;11.193141;0.00055879354;1227.6805;2509.7112;-127.99834;7273.8394;-30.375555;-98.206665
1959-04-16;1.9261881;-3.677246;-0.09558741;751.1982;0.94870967;155.42781;100.0;0.3711951;361.08984;1029.5004;0.013852119;-0.6959606;5.405471;5.676955;0.27149916;18.25254;0.0049881637;3652.19;7374.2485;-1563.7833;5741.872;-523.16;-270.46667
1959-04-17;2.3779705;-4.113312;-0.18391292;749.3167;1.0729535;142.44847;100.0;0.3556384;366.34244;972.49347;2.7299762;-0.50491095;5.876377;6.0431213;0.16673654;17.387032;0.027157366;3312.0166;6621.455;-1465.8783;5797.6157;-374.4178;-147.81555
1959-04-18;2.3715923;-3.7264607;-0.28058115;749.6721;1.1303779;99.200195;100.0;0.33959332;373.4769;911.37695;0.008791685;-0.50270927;5.2118154;5.755782;0.543952;15.802503;0.0;3908.1445;7742.132;-1873.4886;5339.2847;-370.64777;-167.09222
1959-04-19;3.6930847;-5.445872;-0.28845978;749.57495;1.1161852;77.496216;100.0;0.32265484;381.5394;847.7376;0.0;-0.43777376;6.353736;6.9720745;0.61833113;17.472204;0.0;3975.1606;7818.6343;-1858.9342;5391.3657;-316.6789;-120.52111
1959-04-20;5.5570884;-1.5865072;-0.2603124;749.24396;1.1426528;139.57271;100.0;0.30327988;389.38965;780.8838;0.0;-0.3328584;8.245826;9.373903;1.1280701;20.544052;0.0;3993.6145;7811.017;-1703.3047;5631.481;-235.38222;-90.751114
1959-04-21;5.3051963;-2.766042;-0.27131906;750.7802;1.2221203;182.96565;100.0;0.28247955;396.9567;713.58234;0.016370416;-0.43787622;8.1185255;8.853823;0.7352978;20.61722;0.0;3986.2356;7762.5195;-1694.3066;5623.269;-316.56223;-82.043335
1959-04-22;6.0701394;-0.9502767;-0.2922783;751.0878;1.0328368;190.33037;100.0;0.26166737;404.95932;648.0713;0.0;-0.34998357;8.800343;9.574741;0.77441335;20.939861;0.0;4059.5583;7878.102;-1684.9895;5677.161;-248.13722;-114.02889
1959-04-23;6.7458596;-0.33626303;-0.24893697;750.2144;1.090784;182.59412;100.0;0.2397703;412.66568;582.84503;0.21347702;-0.38369372;9.250477;10.397315;1.1468381;22.25259;0.0;3907.575;7561.4365;-1351.6002;6080.8394;-274.31;-95.60333
1959-04-24;4.476776;0.94905597;-0.1398735;746.81964;0.89967626;223.95818;100.0;0.22340369;418.1559;535.2783;6.1274943;-0.10751374;8.098133;9.468853;1.3707131;14.618456;0.0;2048.571;3952.0928;-772.04224;6556.053;-74.10222;-48.29889
1959-04-25;1.7654012;-3.8575642;-0.337499;747.582;1.3638409;169.8878;100.0;0.20683058;423.22916;490.5192;0.2539456;-0.8043759;6.5551996;7.353306;0.79809874;17.375425;0.013072044;3780.344;7294.432;-1671.6808;5571.5815;-608.3211;-213.09111
1959-04-26;1.707784;-4.457794;-0.62881726;749.0916;1.2782736;151.9132;100.0;0.19028616;432.2523;441.73178;0.013107061;-0.71148574;5.6948366;6.068811;0.37397444;15.891734;0.0;4186.4863;8064.604;-2028.5011;5118.4653;-534.07446;-171.40778
1959-04-27;3.3698323;-3.8676555;-0.58235294;750.36523;1.1431719;100.27539;100.0;0.17159338;442.85742;388.87534;0.0;-0.45151448;8.795053;10.288418;1.4933572;20.20701;0.0;4184.5137;8051.59;-1859.2772;5379.628;-326.8639;-145.43666
1959-04-28;5.77651;-3.0146892;-0.46247864;748.78485;1.1768379;158.34761;99.49796;0.15082617;449.06577;336.99545;0.09467602;-0.45370218;8.110672;9.031266;0.92057884;20.601395;0.0;3730.1812;7164.517;-1399.4567;5983.347;-329.1422;-78.48444
1959-04-29;6.712036;-3.4689229;-0.5250066;750.72943;1.124474;238.22943;97.53906;0.12935138;450.0;288.16733;0.0;-0.6320756;9.107232;10.398537;1.2913048;21.514004;0.0;4263.61;8097.79;-1761.6655;5613.999;-462.89334;-104.498886
1959-04-30;4.8254905;-2.3031108;-0.5632655;751.67;1.1539627;223.64142;95.799644;0.10854336;450.0;242.06543;1.27244;-0.6706258;8.384005;9.571984;1.1879802;19.93429;0.0;4000.675;7523.9673;-1500.9489;5862.0854;-493.11444;-157.42555
1959-05-01;2.4785156;-1.6220804;-0.4921328;749.0301;1.1094724;163.69093;94.88273;0.090957046;450.0;202.67741;0.9473741;-0.8061323;7.196784;8.330912;1.1341125;17.342619;0.0;3792.9343;7091.681;-1488.8094;5827.3;-602.11554;-273.6189
1959-05-02;2.3808289;-0.5939026;-0.91900635;748.95526;1.0507463;79.52966;94.36499;0.07182189;450.0;160.48177;7.8337145;-0.353083;11.6199255;14.3951025;2.7751775;19.625507;0.0;3347.65;6235.023;-1313.255;5983.9487;-253.66444;-233.60777
1959-05-03;4.9336143;-0.12150065;-1.1474508;749.7034;1.0972317;103.58491;92.35034;0.050020736;449.9922;112.30469;0.044777706;-0.25301707;9.938516;12.084969;2.1464527;23.607075;0.0007748604;3879.8423;7205.2837;-1280.1128;6149.1177;-180.93;-325.99445
1959-05-04;7.0184836;1.2709961;-1.2576408;751.065;1.0906733;92.44141;65.770424;0.028820077;449.9922;64.73795;1.4583681;-0.7742299;7.9472213;10.478273;2.5310292;18.63793;0.0;4348.6343;7211.176;-1432.7456;6175.4287;-537.7811;-324.91165
1959-05-05;7.32193;-0.87367755;-1.1825384;750.43195;1.1551718;162.63081;36.155518;0.015872598;449.9922;35.685223;0.45019102;-1.4595734;3.2322407;5.328268;2.0960271;9.514619;0.0;4219.7524;6079.095;-1498.0266;6263.9966;-1015.9911;-270.99
1959-05-06;7.0264587;0.66097003;-1.089044;750.10016;1.2755438;101.162315;19.281088;0.008419514;449.9922;19.042969;2.7174637;-2.0123339;2.6537628;5.0150156;2.3612604;6.157372;0.0;5115.934;6888.702;-1701.5742;6267.2134;-1399.4822;-635.3811
1959-05-07;7.829966;-0.58113605;-0.61869174;750.2107;1.3432282;223.78906;9.247478;0.0040266514;449.9922;9.4401045;2.0936182;-2.7167034;1.4175922;3.9669724;2.5493727;3.2012239;0.0;5871.3813;7603.063;-1928.7164;6184.35;-1891.1611;-965.0967
1959-05-08;5.9117837;1.6730448;0.0059051514;747.00385;1.0890114;173.73717;4.5855308;0.002009074;449.9922;4.679362;8.813726;-1.8795729;2.9749422;5.65958;2.684623;1.2997054;0.0;3595.5884;4574.4873;-1156.1289;6884.253;-1305.7023;-661.81775
1959-05-09;6.804474;4.443878;0.0038528442;743.4871;0.84077835;84.75184;2.2874348;0.0009961525;449.9922;2.319336;23.193518;-1.6690493;8.416846;11.313945;2.8970985;0.7943623;0.0;3330.9338;4212.3887;-808.98553;7440.4434;-1159.2711;-705.8589
1959-05-10;4.954773;4.015259;0.00982666;745.3111;0.7318869;155.06187;1.1509603;0.0005060037;449.9922;1.1800131;12.354642;-1.120884;4.4312625;7.390112;2.958849;0.27949363;0.0;1841.6405;2321.9995;-495.16333;7497.78;-778.5589;-430.50665
1959-05-11;3.4182231;2.416392;0.008967082;747.82025;0.7516363;129.71544;0.6897786;0.0003020366;446.04623;0.9765625;9.371513;-1.170598;3.0075908;6.276682;3.2690911;0.14515966;0.0019203871;1861.0605;2345.0767;-533.9353;7307.3364;-813.14777;-471.28888
1959-05-12;4.1410522;2.0130107;-0.1472435;749.9981;1.0335747;118.74279;0.38916016;0.00016721089;436.87695;0.32552084;3.6726742;-2.2630124;1.0010153;4.5628843;3.5618768;0.13269484;0.00031292439;4669.2954;5886.442;-1449.7345;6674.2;-1572.0688;-1232.3389
1959-05-13;5.128408;1.8499857;-0.0850207;749.3649;1.0650724;124.76539;0.17602539;7.522106e-05;433.05176;-7.345365e-21;7.7278614;-2.5894587;2.0604281;5.8124213;3.7519932;0.066731125;0.00015087426;5040.1943;6358.1763;-1649.6561;6589.7056;-1798.8134;-1185.1478
1959-05-14;5.423289;1.9258219;-0.32787323;747.032;1.1260577;124.98325;0.07543945;3.2464664e-05;432.83594;-7.345365e-21;2.1123886;-2.5804517;0.45618415;4.2837563;3.8275867;0.0285469;0.0;5159.6235;6515.8477;-1854.4523;6361.0835;-1792.5544;-1213.8323
1959-05-15;5.4154663;1.1962076;-0.16710155;748.18915;1.2183888;120.762794;0.032470703;1.4106433e-05;432.83594;-7.345365e-21;2.443549;-2.7205608;0.5209893;4.3608546;3.8398728;0.012282282;0.0;5387.5923;6812.433;-1832.7036;6399.775;-1889.8889;-1368.1466
1959-05-16;7.956716;2.742503;-0.4895935;750.4759;1.1239437;134.9255;0.0126953125;5.364418e-06;424.7334;-7.345365e-21;1.1609632;-3.1378913;0.23120642;4.064411;3.833197;0.0057034194;0.0;5973.3223;7544.6343;-2186.6611;6237.707;-2179.7888;-1124.0555
1959-05-17;7.654663;2.660136;-0.23680115;749.1507;1.1963711;179.89891;0.0052083335;1.8278757e-06;420.4961;-7.345365e-21;1.4676335;-2.5939922;0.25573373;4.068926;3.8131924;0.0020191073;0.0;4964.138;6263.221;-1831.7755;6523.9863;-1801.96;-984.81
1959-05-18;4.657786;2.8648884;-0.009914398;743.4207;1.115387;162.69333;0.0022786458;9.536743e-07;420.21094;-7.345365e-21;19.666191;-1.9579278;4.5479536;8.330241;3.7822948;0.00075623393;0.0;3476.8677;4381.1445;-1011.14166;7112.197;-1360.1067;-994.5689
1959-05-19;1.8156942;1.027771;-0.012114207;741.43976;0.9697997;199.13716;1.5237631;0.00025018057;194.0908;1.5869141;8.90207;-1.9883066;1.9407868;5.685046;3.7442744;0.17398223;0.6209277;3266.9795;4126.021;-695.2867;7189.789;-1381.2544;-1210.7045
1959-05-20;2.4597473;1.9427592;0.005589803;745.0088;0.82703453;162.83752;5.3530273;0.00083033246;152.47523;5.5745444;10.83979;-1.6085552;2.6528537;6.3579082;3.7050695;1.0383427;1.3908297;2544.1628;3291.8755;-470.66055;7358.74;-1117.2589;-835.30225
1959-05-21;3.8270977;2.2456563;-1.2090912;748.2834;0.923099;132.43153;2.7749836;0.00040058294;153.57257;2.5227864;7.949149;-2.0403695;2.2101402;5.881399;3.6712363;0.61513484;0.0;3988.9473;5072.4834;-1174.5431;6883.4756;-1417.3088;-1117.4889
1959-05-22;4.3578696;1.3331808;-1.4022369;749.5469;1.1981283;157.40059;0.57942706;8.269151e-05;153.51756;0.36621094;4.5541167;-2.7694144;1.1729896;4.8152504;3.6422758;0.15687943;0.0005066395;5493.134;6909.473;-1659.46;6564.1387;-1923.8822;-1565.3422
1959-05-23;6.126658;2.581726;-1.4616114;750.8846;1.0178034;147.50719;0.09016927;1.2795131e-05;153.51332;-7.345365e-21;3.4438388;-3.0656717;0.8132607;4.4247956;3.6115422;0.027395785;0.0;5664.8237;7103.6367;-1789.7023;6611.193;-2129.6223;-1372.2966
1959-05-24;8.95461;3.3549907;-1.2415543;750.4323;1.1813531;101.30255;0.011881511;1.3510386e-06;151.95702;-7.345365e-21;0.092315674;-3.6060438;0.017523766;3.5914183;3.573902;0.0038407743;0.00020489097;6163.3145;7718.1035;-1996.6372;6626.3623;-2504.9978;-1150.4066
1959-05-25;10.624471;3.7043152;-2.062907;750.5821;1.1112;178.38312;0.0010579427;-7.3453654e-25;151.77342;-7.345365e-21;0.44479966;-3.6029742;0.0731349;3.6019683;3.528826;0.00036507845;0.0;6227.991;7790.398;-2263.3394;6418.0312;-2502.8655;-1032.6566
1959-05-26;10.746216;1.0145162;-1.3363304;751.29425;1.4444951;146.03246;0.0;-7.3453654e-25;118.16372;-7.345365e-21;0.06390685;-4.0420527;0.009924173;3.4875126;3.4775808;2.9802322e-05;0.0;6703.721;8376.801;-2593.5056;6007.1597;-2807.879;-1033.8
1959-05-27;10.649974;-0.5351766;-0.25388336;750.58014;1.2263857;191.48431;0.0;-7.3453654e-25;101.81736;-7.345365e-21;0.0021457663;-4.0062704;0.00029802322;3.420651;3.4203305;0.0;0.0;6863.9404;8567.846;-2774.2004;5781.0366;-2783.0222;-981.5233
1959-05-28;10.308309;0.3363037;0.009947459;748.1853;1.4529408;175.28088;0.0;-7.3453654e-25;99.99998;-7.345365e-21;0.0013055833;-3.9376934;0.00017881393;3.357917;3.3577383;0.0;0.0;6807.6133;8488.493;-2646.8887;5910.3267;-2735.3855;-1130.7245
1959-05-29;10.510254;0.88327026;0.010131836;747.9646;1.1837044;181.18608;0.0;-7.3453654e-25;99.99998;-7.345365e-21;0.0060141087;-3.8220325;0.0007748604;3.2912493;3.290467;0.0;0.0;6868.9043;8555.853;-2617.9182;6006.6035;-2655.0388;-1143.4967
1959-05-30;8.772105;1.177124;0.00997289;747.6717;1.150789;109.470604;0.0;-7.3453654e-25;99.99998;-7.345365e-21;3.148371;-3.0151;0.44958293;3.669858;3.2202826;0.0;0.0;5714.6367;7110.5312;-2170.064;6328.358;-2094.4895;-1308.6034
1959-05-31;7.4811096;1.2366842;0.010008494;746.6067;1.1987944;93.21704;0.0;-7.3453654e-25;99.99998;-7.345365e-21;1.4901102;-3.0758474;0.19612908;3.3440888;3.1479597;0.0;0.0;5669.283;7046.4546;-2114.5679;6334.546;-2136.689;-1220.6378
1959-06-01;6.3295083;3.0391643;0.009909312;743.5918;1.2319931;122.36439;0.0;-7.3453654e-25;99.99998;-7.345365e-21;6.968948;-2.3708427;1.0513067;4.1257143;3.0744374;0.0;0.0;4723.177;5864.108;-1818.6555;6496.3633;-1646.9456;-1141.4989
1959-06-02;5.4248147;2.9620464;0.010002136;744.218;1.0840611;108.10261;0.0;-7.3453654e-25;100.00519;-7.345365e-21;2.87906;-2.4599135;0.38848817;3.3891053;3.000617;0.0;0.0;4661.6484;5781.622;-1541.7317;6716.1357;-1708.82;-1255.1733
1959-06-03;5.646169;1.266337;0.009963989;745.1954;1.4240125;194.93507;0.0;-7.3453654e-25;99.99998;-7.345365e-21;4.570651;-3.0317957;0.6419718;3.567934;2.9259696;0.0;0.0;5662.569;7015.9966;-1871.4678;6445.4355;-2106.0867;-1597.7811
1959-06-04;5.4680176;0.5634257;0.009747823;745.74774;1.3224002;175.3723;0.0;-7.3453654e-25;99.99998;-7.345365e-21;1.4664412;-2.8093095;0.1822412;3.0339062;2.8516798;0.0;0.0;5228.9604;6471.782;-1765.2578;6421.4624;-1951.5333;-1370.8534
1959-06-05;4.6541953;3.068573;0.010073344;746.75464;0.9732239;214.58698;0.0;-7.3453654e-25;100.00259;-7.345365e-21;9.747714;-1.9862112;1.4535487;4.232913;2.7793646;0.0;0.0;3410.034;4215.9487;-1143.7567;6918.9556;-1379.7556;-902.94666
1959-06-06;6.5243225;1.7822775;0.00995636;749.37946;1.1295984;118.974304;0.0;-7.3453654e-25;99.99998;-7.345365e-21;0.10044439;-3.041952;0.012889504;2.7204454;2.7075708;0.0;0.0;5338.05;6593.0044;-1715.1172;6670.088;-2113.1423;-1264.5778
1959-06-07;8.158641;1.8427124;0.009792328;750.96533;1.1626433;139.91731;0.0;-7.3453654e-25;99.99998;-7.345365e-21;0.24479686;-3.4516044;0.029698014;2.665505;2.6358068;0.0;0.0;6197.711;7646.797;-2260.4644;6227.46;-2397.7144;-1233.4
1959-06-08;7.9987893;-0.16542561;-0.25145087;750.7488;1.2444881;124.107574;0.0;-7.3453654e-25;100.09243;-7.345365e-21;0.81425905;-3.6101043;0.0962913;2.6616156;2.5653095;0.0;0.0;6636.84;8180.01;-2523.29;5948.7695;-2507.8188;-1356.4423
1959-06-09;7.8230186;0.37180582;0.009984334;749.48193;0.7604154;78.23864;0.0;-7.3453654e-25;99.99998;-7.345365e-21;0.40420574;-3.1257887;0.04583597;2.5426447;2.4968088;0.0;0.0;5766.374;7099.5254;-2128.1782;6375.7554;-2171.381;-1100.2378
1959-06-10;10.947337;3.5072124;0.010008494;750.40533;1.144827;129.35603;0.0;-7.3453654e-25;99.99998;-7.345365e-21;0.0982178;-3.6388783;0.010505319;2.440244;2.4297311;0.0;0.0;6359.325;7821.5566;-2297.7861;6492.5864;-2527.8079;-1135.3267
1959-06-11;10.049693;1.4196472;0.009684245;749.8135;1.2997059;129.59895;0.0;-7.3453654e-25;99.99998;-7.345365e-21;0.718686;-3.387479;0.074476;2.4389327;2.3644567;0.0;0.0;6238.296;7664.642;-2302.338;6360.9155;-2353.1677;-1333.92
1959-06-12;12.334575;1.2558492;0.009768168;753.6059;1.2060319;145.70497;0.0;-7.3453654e-25;99.99998;-7.345365e-21;0.02503395;-3.939895;0.0025331974;2.3031383;2.3005977;0.0;0.0;6833.5073;8387.313;-2582.5928;6262.2896;-2736.9146;-1080.0222
1959-06-13;13.187286;0.588206;0.0098393755;753.21735;1.3299187;106.450134;0.0;-7.3453654e-25;99.99998;-7.345365e-21;0.0004351138;-4.07763;4.4703484e-05;2.2378564;2.2378266;0.0;0.0;7015.8794;8602.195;-2709.225;6236.4634;-2832.5933;-1000.07
1959-06-14;14.158132;2.132019;0.010044098;751.66754;1.1465725;90.65409;0.0;-7.3453654e-25;100.00259;-7.345365e-21;0.29126486;-3.8835573;0.02655387;2.2031963;2.1766424;0.0;0.0;6710.0337;8218.626;-2514.0415;6588.467;-2697.7778;-991.1089
1959-06-15;14.855998;-0.58876544;0.0098012285;750.35565;1.2586393;129.6957;0.0;-7.3453654e-25;99.99998;-7.345365e-21;0.0012904402;-3.9565525;0.00011920929;2.1172018;2.1170974;0.0;0.0;7036.917;8610.03;-2840.3005;6244.6523;-2748.4844;-1086.1655
1959-06-16;13.54951;-1.0783285;0.010388692;749.5053;1.6884542;209.60718;0.0;-7.3453654e-25;99.99998;-7.345365e-21;0.0012874597;-3.572141;0.00011920929;2.0592809;2.0591764;0.0;0.0;6994.388;8556.91;-2832.9827;6141.8545;-2481.4478;-1413.9111
1959-06-17;11.741618;-1.5203348;0.009831746;751.0857;1.1076816;187.07823;0.0;-7.3453654e-25;99.99998;-7.345365e-21;0.0012993806;-3.1874738;0.00010430813;2.003193;2.0030885;0.0;0.0;7060.691;8636.891;-2902.7095;5974.7686;-2214.2312;-1628.8578
1959-06-18;12.527394;0.16513062;0.009634654;751.4842;1.1561671;152.50037;0.0;-7.3453654e-25;99.99998;-7.345365e-21;0.0042986474;-3.188638;0.0003427267;1.9489527;1.94861;0.0;0.0;7023.8027;8590.622;-2856.996;6189.8423;-2215.041;-1560.3156
1959-06-19;13.271962;0.41811118;0.009938558;751.24976;1.3035496;108.14212;0.0;-7.3453654e-25;99.99998;-7.345365e-21;0.0029534095;-3.093442;0.00022351742;1.8958598;1.8956437;0.0;0.0;6958.2393;8509.31;-2796.5227;6358.951;-2148.9111;-1586.2567
1959-06-20;15.152415;1.920817;0.010070801;752.9992;1.2135396;92.603584;0.0;-7.3453654e-25;99.99998;-7.345365e-21;0.0004351138;-3.0807462;2.9802322e-05;1.8441975;1.8441603;0.0;0.0;7029.8843;8595.848;-2956.3062;6406.2676;-2140.0923;-1402.6989
1959-06-21;16.459045;1.7407736;0.010161082;753.99884;1.3384143;85.95258;0.0;-7.3453654e-25;99.99998;-7.345365e-21;0.00086814375;-2.9938705;5.9604645e-05;1.7941892;1.7941296;0.0;0.0;7022.137;8585.269;-2992.9055;6548.411;-2079.7422;-1357.2733
1959-06-22;17.318298;-2.3686116;0.010154724;752.6739;1.3504583;117.82465;0.0;-7.3453654e-25;99.99998;-7.345365e-21;0.0017217125;-2.75594;0.00013411045;1.7457455;1.7456114;0.0;0.0;6899.5996;8434.356;-3054.2073;6513.5723;-1914.46;-1497.54
1959-06-23;16.465118;-3.4797466;0.0097846985;749.5928;1.2986412;187.02037;0.0;-7.3453654e-25;99.99998;-7.345365e-21;0.0017103112;-2.4894848;0.00011920929;1.698792;1.6986728;0.0;0.0;7145.314;8733.604;-3236.1843;6251.771;-1729.3611;-1774.6934
1959-06-24;15.300914;-1.3815511;0.01014328;748.8753;1.375453;119.30401;0.0;-7.3453654e-25;99.99998;-7.345365e-21;0.001060962;-2.2587526;7.4505806e-05;1.6533136;1.6532466;0.0;0.0;7052.3354;8618.837;-3111.8354;6363.9077;-1569.08;-1997.6133
1959-06-25;15.640513;-1.9409586;0.009881337;749.2348;1.3412838;128.99086;0.0;-7.3453654e-25;99.99998;-7.345365e-21;0.0;-2.184158;0.0;1.6092658;1.6092807;0.0;0.0;7059.182;8626.098;-3173.6323;6345.2188;-1517.2622;-1962.2977
1959-06-26;15.85262;-3.8796082;0.010192871;748.238;1.4453754;131.28612;0.0;-7.3453654e-25;99.99998;-7.345365e-21;0.0;-2.1088161;0.0;1.5667379;1.5667379;0.0;0.0;7143.638;8728.187;-3317.2417;6205.898;-1464.9255;-1972.6544
1959-06-27;14.711467;-1.4736532;0.009878795;744.87714;1.4796038;113.3635;0.0;-7.3453654e-25;99.99998;-7.345365e-21;0.0023066995;-1.8911474;0.00011920929;1.5258193;1.5256703;0.0;0.0;6800.918;8308.298;-3045.53;6449.1333;-1313.7178;-2057.3977
1959-06-28;14.487966;2.4905803;0.0100695295;744.36505;1.3364372;109.64081;0.0;-7.3453654e-25;99.99998;-7.345365e-21;0.0010967255;-1.7785002;5.9604645e-05;1.4861524;1.4860779;0.0;0.0;6557.5225;8009.7554;-2841.771;6716.2896;-1235.4645;-2096.9644
1959-06-29;14.800038;-1.5394083;0.00976944;744.9504;1.4409415;124.43509;0.0;-7.3453654e-25;99.99998;-7.345365e-21;0.0012922914;-1.826033;7.4505806e-05;1.4478415;1.4477596;0.0;0.0;7025.3;8580.253;-3189.9521;6339.383;-1268.4856;-2256.5444
1959-06-30;14.063863;-1.2915548;0.0102005005;747.4461;1.3202206;118.71224;0.0;-7.3453654e-25;99.99998;-7.345365e-21;0.030845404;-1.6930978;0.0019669533;1.4126897;1.4106929;0.0;0.0;6901.614;8428.09;-3055.6228;6431.1104;-1176.1389;-2314.8032
1959-07-01;15.223918;1.277598;0.01014328;750.22485;0.983969;99.36402;0.0;-7.3453654e-25;99.99998;-7.345365e-21;0.0017128014;-1.8129051;0.00011920929;1.3749301;1.3748258;0.0;0.0;6852.2983;8366.77;-3033.219;6727.0547;-1259.3656;-2038.1145
1959-07-02;16.144928;2.658783;0.009942372;748.7886;1.4120406;51.091885;0.0;-7.3453654e-25;99.99998;-7.345365e-21;0.0017106531;-1.7350968;0.00011920929;1.340121;1.3400167;0.0;0.0;6781.66;8279.497;-2991.81;6871.0723;-1205.3134;-2088.821
1959-07-03;16.222412;2.1558838;0.010016124;746.9329;1.6054043;46.174145;0.0;-7.3453654e-25;99.99998;-7.345365e-21;0.00042317618;-1.6587675;2.9802322e-05;1.3064593;1.306437;0.0;0.0;6928.2256;8457.388;-3209.5347;6587.2188;-1152.2911;-2189.9133
1959-07-04;16.7323;0.4433492;0.010401408;747.24835;1.4028627;131.7802;0.0;-7.3453654e-25;99.99998;-7.345365e-21;0.0012632973;-1.6254913;8.940697e-05;1.2740493;1.2739748;0.0;0.0;6901.8345;8424.027;-3178.15;6616.4663;-1129.1744;-2234.3777
1959-07-05;16.386108;-1.4388428;0.010073344;748.6562;1.181748;175.63127;0.0;-7.3453654e-25;99.99998;-7.345365e-21;0.0012993806;-1.5858207;8.940697e-05;1.242727;1.2426376;0.0;0.0;7160.6626;8738.836;-3530.926;6195.85;-1101.6167;-2240.9856
1959-07-06;17.125946;-4.119924;0.009808858;749.02496;1.319958;95.60636;0.0;-7.3453654e-25;99.99998;-7.345365e-21;0.002575198;-1.6594566;0.00015646219;1.2124479;1.2122915;0.0;0.0;7247.463;8843.61;-3720.3284;6087.2554;-1152.7689;-1949.5266
1959-07-07;18.56545;-0.5859172;0.010065715;749.70575;1.3852167;98.784904;0.0;-7.3453654e-25;99.99998;-7.345365e-21;0.0012703695;-1.6046836;8.940697e-05;1.1829734;1.182884;0.0;0.0;6851.5283;8359.342;-3184.5244;6836.21;-1114.7211;-2023.1844
1959-07-08;19.031443;0.5836589;0.009816487;749.9568;1.3906208;98.384605;0.0;-7.3453654e-25;99.99998;-7.345365e-21;0.0017046923;-1.5874738;0.00010430813;1.1545122;1.1544079;0.0;0.0;6957.2153;8487.213;-3259.2588;6846.1987;-1102.7655;-2099.9634
1959-07-09;18.936127;2.6974285;0.010019938;748.0743;1.3766261;101.72437;0.0;-7.3453654e-25;99.99998;-7.345365e-21;0.0012934206;-1.5261471;8.940697e-05;1.1268556;1.1267886;0.0;0.0;6918.098;8438.409;-3228.3022;6895.667;-1060.1644;-2181.3088
1959-07-10;18.362925;-1.4091797;0.009905498;746.79877;1.2893776;120.94305;0.0;-7.3453654e-25;100.00519;-7.345365e-21;0.0017270668;-1.4779931;0.00011920929;1.1002123;1.1000931;0.0;0.0;7027.8257;8571.159;-3390.3547;6635.339;-1026.7134;-2264.5845
1959-07-11;17.614878;-2.7665303;0.009798686;747.104;1.4997977;138.53374;0.0;-7.3453654e-25;99.99998;-7.345365e-21;0.0;-1.3718847;0.0;1.0743588;1.0743513;0.0;0.0;7048.245;8594.971;-3328.32;6576.4546;-953.00336;-2458.7456
1959-07-12;16.31778;-1.8221537;0.009853363;747.5952;1.3121097;150.21613;0.0;-7.3453654e-25;99.99998;-7.345365e-21;0.0008583069;-1.312241;4.4703484e-05;1.0495782;1.049526;0.0;0.0;7045.422;8590.388;-3326.8894;6505.251;-911.57;-2519.2656
1959-07-13;16.402618;2.5554607;0.010032654;749.2242;1.1339763;72.008;0.0;-7.3453654e-25;99.99998;-7.345365e-21;0.00044107434;-1.1487827;2.9802322e-05;1.0256469;1.0256245;0.0;0.0;5807.8677;7080.3657;-2691.9177;7202.371;-798.0211;-1943.83
1959-07-14;17.62145;2.7763367;0.010080974;750.68475;1.2093266;75.53483;0.0;-7.3453654e-25;99.99998;-7.345365e-21;0.0017395751;-1.2994335;8.940697e-05;1.0025799;1.0024979;0.0;0.0;6444.956;7856.2266;-3003.925;7081.577;-902.67334;-2102.9321
1959-07-15;19.079275;1.3703308;0.010063171;750.6346;1.3161807;82.18653;0.0;-7.3453654e-25;99.99998;-7.345365e-21;0.00085902517;-1.3883412;4.4703484e-05;0.97991526;0.9798631;0.0;0.0;6923.842;8438.913;-3332.524;6893.0913;-964.43445;-2145.4468
1959-07-16;19.898092;2.7107136;0.010429382;750.25464;1.4686447;102.03247;0.0;-7.3453654e-25;99.99998;-7.345365e-21;0.00042617318;-1.3369285;2.9802322e-05;0.95792115;0.95789135;0.0;0.0;6857.0273;8355.565;-3192.5044;7095.507;-928.72;-2265.4844
1959-07-17;20.081085;3.5247803;0.009854634;750.1692;1.3468871;108.232086;0.0;-7.3453654e-25;99.99998;-7.345365e-21;0.0017253297;-1.3038814;0.00010430813;0.9367466;0.9366423;0.0;0.0;6756.257;8230.89;-3183.6316;7162.177;-905.7622;-2241.5422
1959-07-18;20.487701;3.0034893;0.009985606;750.7661;1.3384928;102.491234;0.0;-7.3453654e-25;99.99998;-7.345365e-21;0.0022668974;-1.2459354;0.00011920929;0.9162426;0.9161085;0.0;0.0;6424.4263;7824.8677;-3055.3567;7309.0376;-865.51;-2040.3077
1959-07-19;20.72763;2.237386;0.009971619;750.1518;1.124352;94.92634;0.0;-7.3453654e-25;99.99998;-7.345365e-21;0.00011920929;-1.1963118;0.0;0.89628994;0.8962825;0.0;0.0;5998.733;7304.7065;-2903.9563;7489.22;-831.0378;-1851.72
1959-07-20;20.651651;-0.6701152;0.009852092;748.3628;1.3694502;119.99537;0.0;-7.3453654e-25;99.99998;-7.345365e-21;0.0017106531;-1.2711445;0.00010430813;0.87711215;0.87702274;0.0;0.0;6783.547;8258.645;-3307.0005;7096.9004;-883.0222;-2183.5378
1959-07-21;19.893768;-1.5096436;0.01034673;747.38214;1.4257225;128.0631;0.0;-7.3453654e-25;99.99998;-7.345365e-21;0.0;-1.2203567;0.0;0.8582771;0.85828453;0.0;0.0;6870.3804;8362.497;-3347.6138;6962.5566;-847.74;-2304.9478
1959-07-22;18.48586;2.2038677;0.010058085;747.1911;1.3380281;101.43045;0.0;-7.3453654e-25;99.99998;-7.345365e-21;0.006639957;-1.0343221;0.00029802322;0.8405149;0.8402243;0.0;0.0;6086.9004;7407.175;-2986.0527;7122.1655;-718.5089;-2180.2456
1959-07-23;16.515146;3.987325;0.010054271;746.7266;1.1900368;95.480095;0.0;-7.3453654e-25;99.99998;-7.345365e-21;0.082719326;-0.82671547;0.0040233135;0.82707405;0.82306564;0.0;0.0;4897.85;5958.7173;-2340.4822;7507.4883;-574.2917;-1839.2866
1959-07-24;15.62618;5.1802063;0.010111491;747.6567;0.8865312;127.83582;0.0;-7.3453654e-25;99.99998;-7.345365e-21;0.21904111;-0.7569035;0.011265278;0.81805885;0.8068159;0.0;0.0;4239.432;5156.691;-2079.5632;7582.2466;-525.7967;-1540.3922
1959-07-25;15.872914;4.416687;0.009994507;747.27386;1.2393087;155.99626;0.0;-7.3453654e-25;99.99998;-7.345365e-21;0.034524895;-0.79892206;0.0019073486;0.7929355;0.79102814;0.0;0.0;4659.6245;5666.535;-2029.0475;7726.713;-554.98444;-1845.3367
1959-07-26;15.901622;5.566335;0.009976705;747.4306;1.2365055;117.04885;0.0;-7.3453654e-25;100.00259;-7.345365e-21;0.86759025;-1.1728797;0.045895576;0.8216351;0.7757321;0.0;0.0;5156.392;6269.1357;-2347.2322;7406.296;-814.7611;-1834.8878
1959-07-27;16.33663;2.9896545;0.00993983;747.3719;1.4517199;113.66614;0.0;-7.3453654e-25;99.99998;-7.345365e-21;0.01564622;-1.0481169;0.00071525574;0.76144934;0.76072663;0.0;0.0;5277.5894;6415.0415;-2489.031;7264.2637;-728.0917;-1856.1912
1959-07-28;16.792511;0.87926227;0.009980519;747.4981;1.3795029;119.41996;0.0;-7.3453654e-25;99.99998;-7.345365e-21;0.0021965897;-1.1763489;0.00011920929;0.7459521;0.7458478;0.0;0.0;6654.7744;8087.3423;-3098.687;6856.3;-817.17;-2467.4978
1959-07-29;16.540232;-2.42276;0.009812673;747.9664;1.3371619;127.74719;0.0;-7.3453654e-25;99.99998;-7.345365e-21;0.00086200103;-1.0795463;4.4703484e-05;0.7312447;0.7311851;0.0;0.0;6876.239;8354.655;-3418.588;6451.261;-749.92554;-2471.3057
1959-07-30;15.896881;-3.669515;0.009771983;749.33746;1.233729;124.687775;0.0;-7.3453654e-25;99.99998;-7.345365e-21;0.00086128706;-1.0039378;4.4703484e-05;0.7170439;0.7169992;0.0;0.0;6880.8296;8358.4375;-3455.5605;6325.588;-697.4022;-2498.4543
1959-07-31;17.30126;-3.3825989;0.010144551;748.9588;1.2445737;112.664314;0.0;-7.3453654e-25;99.99998;-7.345365e-21;0.0012934206;-1.0461639;7.4505806e-05;0.7032454;0.7031709;0.0;0.0;6829.544;8294.257;-3447.904;6516.3564;-726.73553;-2321.6467
1959-08-01;16.891144;-0.8918254;0.009671529;747.3886;1.4636631;115.11314;0.0;-7.3453654e-25;99.99998;-7.345365e-21;0.00059604645;-0.97134894;2.9802322e-05;0.68974495;0.68971515;0.0;0.0;6582.674;7992.5728;-3125.418;6847.45;-674.7633;-2430.6912
1959-08-02;17.736685;1.0176392;0.010125478;747.05927;1.3482577;118.041534;0.0;-7.3453654e-25;99.99998;-7.345365e-21;0.001275539;-0.96196496;5.9604645e-05;0.67675114;0.67667663;0.0;0.0;6372.083;7735.125;-3092.2388;6974.1646;-668.24554;-2281.719
1959-08-03;18.29181;-1.5622762;0.009671529;747.63544;1.3965129;111.1917;0.0;-7.3453654e-25;99.99998;-7.345365e-21;0.0;-1.0024058;0.0;0.66395104;0.66395104;0.0;0.0;6727.412;8164.685;-3380.4214;6720.5776;-696.33887;-2359.3633
1959-08-04;18.39977;-4.537008;0.010023753;747.8906;1.393092;108.78986;0.0;-7.3453654e-25;99.99998;-7.345365e-21;0.0012814989;-0.98369455;7.4505806e-05;0.6516278;0.6515533;0.0;0.0;6818.6963;8273.72;-3595.4937;6429.2314;-683.3411;-2314.41
1959-08-05;18.295044;-5.142802;0.009764354;748.46454;1.2957809;113.199585;0.0;-7.3453654e-25;99.99998;-7.345365e-21;0.0;-0.96193516;0.0;0.63952804;0.63955784;0.0;0.0;6878.9;8344.933;-3693.3208;6292.797;-668.2233;-2245.2688
1959-08-06;18.550985;-5.10142;0.010000865;749.34625;1.2640647;166.59465;0.0;-7.3453654e-25;99.99998;-7.345365e-21;0.0008583069;-0.95174086;4.4703484e-05;0.62792003;0.6278828;0.0;0.0;6916.2085;8388.328;-3807.1902;6186.243;-661.1433;-2161.2744
1959-08-07;18.735168;-3.034546;0.009759267;749.7156;1.2620922;120.94747;0.0;-7.3453654e-25;99.99998;-7.345365e-21;0.0017166131;-0.93152374;8.940697e-05;0.61659515;0.61652064;0.0;0.0;6829.0347;8280.756;-3641.5005;6400.0977;-647.0989;-2220.2666
1959-08-08;18.68512;-1.3765055;0.009913127;748.94574;1.364964;172.02852;0.0;-7.3453654e-25;99.99998;-7.345365e-21;0.0017291004;-0.90326;8.940697e-05;0.6055385;0.605464;0.0;0.0;6773.1006;8211.131;-3613.4028;6413.757;-627.4656;-2278.53
1959-08-09;17.144867;-1.9547831;0.010040283;747.2896;1.3704535;136.94519;0.0;-7.3453654e-25;99.99998;-7.345365e-21;0.0008583068;-0.8515492;4.4703484e-05;0.59476495;0.59472024;0.0;0.0;6762.444;8196.381;-3497.4438;6394.7944;-591.54333;-2426.0933
1959-08-10;16.407999;1.0694174;0.01018397;746.6496;1.5574962;105.591606;0.0;-7.3453654e-25;99.99998;-7.345365e-21;0.7636428;-0.9990018;0.039100647;0.6233752;0.58428943;0.0;0.0;6396.5605;7751.046;-3087.6433;6803.2266;-693.9733;-2403.2178
1959-08-11;16.055481;3.787323;0.009771983;748.4638;1.456626;63.73401;0.0;-7.3453654e-25;99.99998;-7.345365e-21;0.0004351138;-1.0957048;2.9802322e-05;0.57417154;0.57415664;0.0;0.0;6362.456;7707.9204;-3050.9343;6826.556;-761.15;-2327.1921
1959-08-12;17.281515;2.5584514;0.009710948;748.86615;1.4211305;95.24848;0.0;-7.3453654e-25;99.99998;-7.345365e-21;0.0016959112;-0.95404404;8.940697e-05;0.564307;0.56420267;0.0;0.0;6382.76;7731.008;-3117.0356;6875.892;-662.74225;-2289.6511
1959-08-13;16.85083;1.0526224;0.010492961;749.69604;1.1915241;107.556366;0.0;-7.3453654e-25;99.99998;-7.345365e-21;0.020307569;-0.83282775;0.0009983778;0.5555153;0.5545169;0.0;0.0;5919.205;7167.9277;-2935.0288;7023.8335;-578.5378;-2182.771
1959-08-14;18.256887;-0.25390625;0.0102005005;750.3479;1.230704;101.85165;0.0;-7.3453654e-25;99.99998;-7.345365e-21;0.0012993806;-0.9033885;7.4505806e-05;0.5451143;0.5450547;0.0;0.0;6464.738;7826.7944;-3317.5923;6801.8145;-627.55444;-2194.92
1959-08-15;18.722391;-3.1076558;0.010111491;749.05707;1.3571997;147.22455;0.0;-7.3453654e-25;99.99998;-7.345365e-21;0.00042617318;-0.85509664;2.9802322e-05;0.53583086;0.53580105;0.0;0.0;6563.3945;7944.4556;-3458.1357;6600.28;-594.00775;-2275.7056
1959-08-16;18.224508;-3.0770671;0.010218303;747.63995;1.3242288;168.51805;0.0;-7.3453654e-25;99.99998;-7.345365e-21;0.0;-0.813134;0.0;0.52684546;0.52684546;0.0;0.0;6573.025;7955.2056;-3476.014;6510.8955;-564.8567;-2303.7688
1959-08-17;17.604614;-2.5461426;0.010014852;747.35065;1.3055389;165.46698;0.0;-7.3453654e-25;99.99998;-7.345365e-21;0.0004198469;-0.8037034;2.9802322e-05;0.5181134;0.518091;0.0;0.0;6553.6255;7930.7344;-3475.7422;6478.3145;-558.30554;-2302.7388
1959-08-18;15.735046;-0.41338095;0.010228475;747.34186;1.4520091;248.77287;0.0;-7.3453654e-25;99.99998;-7.345365e-21;0.0004351138;-0.7073861;2.9802322e-05;0.5096197;0.5096048;0.0;0.0;6426.669;7776.2285;-3295.5828;6419.286;-491.39722;-2601.7588
1959-08-19;14.504262;0.13901775;0.0101674395;747.1827;1.3011632;138.9912;0.0;-7.3453654e-25;99.99998;-7.345365e-21;0.00044107434;-0.6819237;2.9802322e-05;0.5013943;0.5013794;0.0;0.0;6238.4194;7547.5366;-3106.5781;6522.193;-473.7089;-2492.879
1959-08-20;15.58139;1.383728;0.009914398;748.19794;1.2036973;111.91931;0.0;-7.3453654e-25;99.99998;-7.345365e-21;0.00091050414;-0.6015524;4.4703484e-05;0.49346685;0.4934147;0.0;0.0;5023.2026;6076.548;-2580.707;7098.9062;-417.87888;-1872.5945
1959-08-21;16.836832;1.4001364;0.009651184;748.5817;1.2648507;122.69636;0.0;-7.3453654e-25;99.99998;-7.345365e-21;0.0012993806;-0.7536206;7.4505806e-05;0.48565865;0.48559904;0.0;0.0;6246.899;7555.943;-3161.5593;6730.2993;-523.51556;-2306.1934
1959-08-22;16.197073;-0.6509908;0.009576161;748.78436;1.339182;128.66171;0.0;-7.3453654e-25;99.99998;-7.345365e-21;0.0;-0.7223338;0.0;0.47789514;0.4778877;0.0;0.0;6274.503;7588.3843;-3233.391;6554.6743;-501.7811;-2386.619
1959-08-23;15.643748;-0.80200195;0.009892781;750.1059;1.3688422;109.12455;0.0;-7.3453654e-25;99.99998;-7.345365e-21;0.00042617318;-0.7229429;2.9802322e-05;0.47037005;0.4703626;0.0;0.0;6300.2275;7618.4956;-3272.3286;6491.973;-502.20444;-2325.9512
1959-08-24;15.544261;2.3950398;0.010211945;750.0386;1.434403;85.31118;0.0;-7.3453654e-25;99.99998;-7.345365e-21;0.0049772654;-0.64414555;0.00023841858;0.4633069;0.46305358;0.0;0.0;5454.529;6595.073;-2810.7883;6972.278;-447.46555;-1996.7822
1959-08-25;12.900787;2.789978;0.010180156;748.40216;1.9959439;48.067944;0.0;-7.3453654e-25;99.99998;-7.345365e-21;0.0032424927;-0.56890774;0.00017881393;0.45621395;0.45603514;0.0;0.0;5620.422;6794.846;-2851.8562;6598.181;-395.2011;-2405.4421
1959-08-26;12.464396;1.0675863;0.009873708;748.2681;1.94132;40.403744;0.0;-7.3453654e-25;99.99998;-7.345365e-21;0.0024437904;-0.56572443;0.00011920929;0.4493296;0.4492104;0.0;0.0;5729.489;6926.0767;-2922.8792;6431.208;-392.99;-2456.831
1959-08-27;13.540029;-0.93207806;0.010063171;749.4548;1.3429698;73.613396;0.0;-7.3453654e-25;99.99998;-7.345365e-21;0.0008583069;-0.64289385;4.4703484e-05;0.44251978;0.44247508;0.0;0.0;6093.61;7365.23;-3192.7153;6268.289;-446.59778;-2278.3967
1959-08-28;14.904378;-2.3689625;0.010114034;751.08905;1.241054;113.8256;0.0;-7.3453654e-25;99.99998;-7.345365e-21;0.0017190533;-0.6798804;8.940697e-05;0.43594837;0.43584406;0.0;0.0;6088.1626;7357.7725;-3237.2656;6397.8667;-472.2911;-2159.8232
1959-08-29;16.285501;-2.962738;0.009950002;752.15234;1.2529835;136.8022;0.0;-7.3453654e-25;99.99998;-7.345365e-21;0.0;-0.6811526;0.0;0.42933226;0.42934716;0.0;0.0;6026.715;7282.636;-3271.1426;6431.023;-473.17557;-2083.2788
1959-08-30;16.5384;-7.18516;0.009882609;749.9196;1.2706286;156.97758;0.0;-7.3453654e-25;99.99998;-7.345365e-21;0.0;-0.67816114;0.0;0.42299926;0.42298436;0.0;0.0;6115.4756;7388.987;-3518.1687;6152.3716;-471.09555;-1983.0577
1959-08-31;16.516062;-6.073181;0.009991963;749.013;1.2801758;91.85184;0.0;-7.3453654e-25;99.99998;-7.345365e-21;0.00043511385;-0.6746873;2.9802322e-05;0.41678548;0.41678548;0.0;0.0;6015.1934;7266.9404;-3432.597;6233.3257;-468.68222;-1923.9
1959-09-01;16.23829;-6.195872;0.010121663;748.445;1.2920115;147.78615;0.0;-7.3453654e-25;99.99998;-7.345365e-21;0.0017195934;-0.6497428;8.940697e-05;0.4108101;0.4107207;0.0;0.0;6002.384;7250.581;-3405.0146;6215.0933;-451.35443;-2001.2855
1959-09-02;16.291016;-2.8354797;0.009854634;748.33295;1.2467779;127.08947;0.0;-7.3453654e-25;99.99998;-7.345365e-21;0.0004351138;-0.6456561;1.4901161e-05;0.40481985;0.4047975;0.0;0.0;5952.0977;7189.033;-3339.5996;6331.1187;-448.51556;-1934.4734
1959-09-03;16.737356;-1.6713257;0.009883881;748.63654;1.3079779;113.43214;0.0;-7.3453654e-25;99.99998;-7.345365e-21;0.00044107434;-0.64798445;2.9802322e-05;0.3990233;0.3989935;0.0;0.0;5853.008;7068.481;-3206.7827;6550.5474;-450.13223;-1956.9155
1959-09-04;15.671987;-2.7934773;0.009975433;747.6155;1.4234828;119.00552;0.0;-7.3453654e-25;99.99998;-7.345365e-21;0.0;-0.6085243;0.0;0.39333105;0.39333105;0.0;0.0;5809.5703;7015.019;-3222.4797;6369.528;-422.72;-2122.95
1959-09-05;13.332764;-6.672526;0.010103862;746.14795;1.5145143;149.81367;0.0;-7.3453654e-25;99.99998;-7.345365e-21;0.0012874597;-0.5548373;5.9604645e-05;0.38789213;0.38783252;0.0;0.0;5836.758;7047.072;-3272.8706;6000.4727;-385.42667;-2250.9812
1959-09-06;12.551453;-7.770172;0.010518392;747.5281;1.1763743;126.40857;0.0;-7.3453654e-25;99.99998;-7.345365e-21;0.00044107434;-0.5403757;1.4901161e-05;0.3825128;0.382483;0.0;0.0;5825.0557;7031.9717;-3259.3992;5916.7344;-375.3811;-2227.2944
1959-09-07;13.055501;-6.688202;0.0101916;749.01733;1.2238234;166.01929;0.0;-7.3453654e-25;99.99998;-7.345365e-21;0.0017225739;-0.5566087;8.940697e-05;0.3773272;0.3772378;0.0;0.0;5745.953;6935.838;-3271.9421;5967.0513;-386.65778;-1999.4767
1959-09-08;14.217326;-5.9214783;0.0097134905;748.37964;1.3609366;183.86621;0.0;-7.3453654e-25;99.99998;-7.345365e-21;0.0;-0.5633477;0.0;0.372082;0.3721118;0.0;0.0;5694.5073;6872.9478;-3229.1477;6113.951;-391.34;-1932.3789
1959-09-09;13.150472;-3.6080322;0.009979248;747.6501;1.327907;117.21186;0.0;-7.3453654e-25;99.99998;-7.345365e-21;0.0017106531;-0.5353186;8.940697e-05;0.3671646;0.3670752;0.0;0.0;5596.6626;6753.9775;-3098.4568;6179.267;-371.86777;-2063.09
1959-09-10;12.383046;-3.671397;0.01001358;746.54205;1.4450994;134.59828;0.0;-7.3453654e-25;99.99998;-7.345365e-21;0.0009775162;-0.5132072;4.4703484e-05;0.36221743;0.36218017;0.0;0.0;5574.6006;6726.41;-3059.9338;6109.6646;-356.50888;-2164.65
1959-09-11;11.4557905;-4.8773704;0.009929657;745.61865;1.4462352;158.08553;0.0;-7.3453654e-25;99.99998;-7.345365e-21;0.0008583069;-0.476053;4.4703484e-05;0.35744905;0.35740435;0.0;0.0;5541.176;6685.4956;-2976.4133;6072.2944;-330.69888;-2198.4045
1959-09-12;10.834889;-2.0809834;0.010066986;746.4822;1.0992981;166.25362;0.0;-7.3453654e-25;99.99998;-7.345365e-21;0.0012904406;-0.45334363;5.9604645e-05;0.3528446;0.3527701;0.0;0.0;5248.7065;6331.856;-2894.0452;6126.3228;-314.92334;-2161.0188
1959-09-13;11.356526;-6.108744;0.009693146;747.92206;1.1508664;141.30359;0.0;-7.3453654e-25;99.99998;-7.345365e-21;0.00042617318;-0.49654022;1.4901161e-05;0.34824014;0.34822524;0.0;0.0;5535.5557;6677.077;-3268.7373;5706.3677;-344.93;-1923.1211
1959-09-14;9.471191;-6.16274;0.009759267;747.3963;1.415728;172.87337;0.0;-7.3453654e-25;99.99998;-7.345365e-21;0.00044529384;-0.42653084;1.4901161e-05;0.3437996;0.3437847;0.0;0.0;5306.989;6400.6743;-2927.5833;5853.242;-296.29666;-2183.6245
1959-09-15;9.289958;-5.0955606;0.009774526;748.5334;1.1274608;139.27357;0.0;-7.3453654e-25;99.99998;-7.345365e-21;0.0;-0.40616095;0.0;0.33947825;0.33947825;0.0;0.0;4777.955;5761.862;-2759.4656;6007.721;-282.14667;-1793.1111
1959-09-16;11.164978;-5.560415;0.010080974;750.5288;1.1467386;90.05657;0.0;-7.3453654e-25;99.99998;-7.345365e-21;0.00085650105;-0.491485;4.4703484e-05;0.33526123;0.33521652;0.0;0.0;5322.539;6413.0063;-3079.3757;5913.3516;-341.4178;-1784.5645
1959-09-17;12.4565935;-8.880269;0.010017395;751.6668;1.2289016;174.94838;0.0;-7.3453654e-25;99.99998;-7.345365e-21;0.0;-0.49353483;0.0;0.3309846;0.3309846;0.0;0.0;5336.3047;6423.9756;-3193.5964;5803.6167;-342.84222;-1741.9122
1959-09-18;12.880086;-9.333313;0.010283153;751.63446;1.2740235;206.45387;0.0;-7.3453654e-25;99.99998;-7.345365e-21;0.0012934206;-0.48018527;5.9604645e-05;0.32694638;0.32687187;0.0;0.0;5341.92;6425.1523;-3224.2014;5760.033;-333.56888;-1732.6744
1959-09-19;11.837575;-6.438507;0.009869893;749.7263;1.1657234;112.75533;0.0;-7.3453654e-25;99.99998;-7.345365e-21;0.0004351138;-0.46677235;1.4901161e-05;0.32284856;0.3228262;0.0;0.0;5300.749;6370.0854;-3195.7383;5741.1865;-324.2511;-1745.8177
1959-09-20;11.722229;-6.6795654;0.010215759;749.1767;1.184501;111.96262;0.0;-7.3453654e-25;99.99998;-7.345365e-21;0.0;-0.46875513;0.0;0.31885505;0.31886995;0.0;0.0;5228.746;6278.029;-3122.5244;5826.2656;-325.62888;-1737.9166
1959-09-21;10.175812;-3.3396404;0.010002136;747.96173;1.4460708;153.91194;0.0;-7.3453654e-25;99.99998;-7.345365e-21;0.0021994114;-0.41104388;8.940697e-05;0.31512976;0.31501055;0.0;0.0;5017.3706;6018.984;-2749.27;6100.9087;-285.53778;-1926.1167
1959-09-22;6.228241;2.3523254;0.0103213;749.48975;0.8800993;193.0791;0.0;-7.3453654e-25;99.99998;-7.345365e-21;13.661012;-1.0756571;0.8572489;1.168713;0.31144917;0.0;0.0;2911.48;3489.9978;-1384.5664;6894.99;-747.2244;-1142.7944
1959-09-23;7.066691;-0.37161127;0.010228475;751.8735;0.91675997;125.54648;0.0;-7.3453654e-25;99.99998;-7.345365e-21;0.008100271;-2.103256;0.0003874302;0.30840933;0.308007;0.0;0.0;4885.203;5850.2188;-2354.2136;6077.8345;-1461.0623;-1367.4944
1959-09-24;10.26176;-1.9441223;0.009707133;752.68146;1.1479598;88.33436;0.0;-7.3453654e-25;99.99998;-7.345365e-21;0.0;-1.9924883;0.0;0.30445307;0.30445307;0.0;0.0;5096.4434;6097.995;-2752.4475;5756.6445;-1384.1145;-999.7522
1959-09-25;11.020599;-6.06957;0.009844462;752.7281;1.1673387;171.56148;0.0;-7.3453654e-25;99.99998;-7.345365e-21;0.0008616767;-1.8710755;4.4703484e-05;0.30100346;0.30092895;0.0;0.0;5158.4146;6166.7944;-2961.7717;5537.7134;-1299.7744;-958.93665
1959-09-26;11.274872;-3.9225872;0.00990804;753.97003;1.2558122;181.99939;0.0;-7.3453654e-25;99.99998;-7.345365e-21;0.0004351138;-1.6477499;1.4901161e-05;0.29748678;0.29747188;0.0;0.0;4899.7812;5852.5435;-2576.5767;6063.8066;-1144.6367;-1114.3767
1959-09-27;11.019816;-4.680247;0.010215759;753.3035;1.1459763;98.751686;0.0;-7.3453654e-25;99.99998;-7.345365e-21;0.0012936825;-1.4861598;5.9604645e-05;0.29411912;0.2940446;0.0;0.0;4903.17;5851.541;-2691.416;5994.8145;-1032.3855;-1133.5889
1959-09-28;10.880818;-2.3523052;0.00987498;750.97577;1.1379304;84.7242;0.0;-7.3453654e-25;99.99998;-7.345365e-21;0.0008596403;-1.3019516;4.4703484e-05;0.29073656;0.29069185;0.0;0.0;4882.2954;5821.5283;-2697.0178;5995.629;-904.4228;-1248.6945
1959-09-29;10.142192;-6.02593;0.009787242;747.9209;1.4379745;175.97339;0.0;-7.3453654e-25;99.99998;-7.345365e-21;0.0012882784;-1.101084;5.9604645e-05;0.2874732;0.2874136;0.0;0.0;4867.665;5799.1133;-2738.6921;5831.039;-764.88666;-1439.7156
1959-09-30;10.691345;-4.6080627;0.010342916;749.4056;1.4704129;230.04457;0.0;-7.3453654e-25;99.99998;-7.345365e-21;0.0004351138;-0.861357;1.4901161e-05;0.28423965;0.28422475;0.0;0.0;4571.701;5441.919;-2468.6907;6087.0225;-598.35614;-1531.74
1959-10-01;9.529775;-2.3561096;0.009946187;751.48676;1.4459871;241.28728;0.0;-7.3453654e-25;99.99998;-7.345365e-21;0.0008702277;-0.7203054;4.4703484e-05;0.2811402;0.2811104;0.0;0.0;4562.921;5426.7324;-2483.0557;6042.845;-500.37112;-1614.5211
1959-10-02;8.818126;-1.2844747;0.009747823;751.3552;1.5203904;238.56514;0.0;-7.3453654e-25;99.99998;-7.345365e-21;0.051033497;-0.66137314;0.0023841858;0.28042495;0.27804077;0.0;0.0;4713.9453;5601.4917;-2487.5645;6089.6235;-459.43445;-1659.7267
1959-10-03;7.2000427;-0.89889526;0.010110219;750.0735;1.600626;185.00732;0.0;-7.3453654e-25;99.99998;-7.345365e-21;0.15959144;-0.49378258;0.007376075;0.2824664;0.27509034;0.0;0.0;3794.2004;4504.8105;-1985.4314;6422.7344;-343.01443;-1617.9578
1959-10-04;6.0620933;-2.5548298;0.010166168;750.03394;1.0456795;110.510185;0.0;-7.3453654e-25;99.99998;-7.345365e-21;0.12682676;-0.44834614;0.0059604645;0.27817488;0.27223676;0.0;0.0;3365.563;3992.442;-1961.2391;6355.2246;-311.4511;-1344.0588
1959-10-05;7.2170005;-4.414459;0.009799957;750.9942;1.026073;176.42535;0.0;-7.3453654e-25;99.99998;-7.345365e-21;0.00173226;-0.5486328;8.195639e-05;0.2694428;0.2693683;0.0;0.0;4667.4077;5531.8745;-2842.986;5495.1255;-381.11667;-1538.5377
1959-10-06;6.2464905;-10.410756;0.010294597;747.6182;1.2997006;204.97552;0.0;-7.3453654e-25;99.99998;-7.345365e-21;0.0004351138;-0.49191713;1.4901161e-05;0.26655197;0.26652217;0.0;0.0;4639.993;5494.606;-2865.34;5325.4526;-341.7189;-1584.3445
1959-10-07;4.6681924;-14.961171;0.010228475;747.1075;1.2165607;152.64273;0.0;-7.3453654e-25;99.99998;-7.345365e-21;0.00043511385;-0.40351227;2.2351742e-05;0.26376545;0.2637431;0.0;0.0;4683.6646;5541.6;-3016.6917;4911.3667;-280.30667;-1659.3534
1959-10-08;4.559265;-15.433698;0.010108948;751.21906;1.059564;179.0258;0.0;-7.3453654e-25;99.99998;-7.345365e-21;0.0017166131;-0.39166492;8.940697e-05;0.26109815;0.26102364;0.0;0.0;4716.0483;5575.1504;-3111.736;4779.3457;-272.07666;-1370.7988
1959-10-09;6.837026;-14.419511;0.01028188;754.50494;1.0353881;200.26501;0.0;-7.3453654e-25;99.99998;-7.345365e-21;0.00086426723;-0.39663538;4.4703484e-05;0.25837123;0.25834143;0.0;0.0;4627.6616;5466.008;-2955.9746;5096.9927;-275.5289;-1206.8378
1959-10-10;8.042195;-9.389832;0.0099322;753.3881;1.0642134;256.7039;0.0;-7.3453654e-25;99.99998;-7.345365e-21;0.00086844305;-0.3999481;4.4703484e-05;0.25573373;0.25568902;0.0;0.0;4500.492;5311.2524;-2756.3398;5496.322;-277.83057;-1289.8944
1959-10-11;7.1588645;-7.1355896;0.009852092;748.584;1.7519644;200.80339;0.0;-7.3453654e-25;99.99998;-7.345365e-21;0.0075161457;-0.36084652;0.00037252903;0.25346875;0.25308877;0.0;0.0;4420.459;5212.344;-2543.544;5710.4165;-250.67;-1447.8489
1959-10-12;4.6921387;-2.096944;0.009876251;746.43427;1.6676989;213.87921;0.0;-7.3453654e-25;99.99998;-7.345365e-21;0.5585104;-0.42378342;0.025749207;0.27637184;0.25061518;0.0;0.0;3201.22;3771.6106;-1691.7494;6397.7886;-294.3889;-1414.75
1959-10-13;4.3779297;0.803538;0.009994507;748.90405;1.8426551;213.3172;0.0;-7.3453654e-25;99.99998;-7.345365e-21;2.014637;-0.58181953;0.097975135;0.34622848;0.24825335;0.0;0.0;2834.0928;3336.3171;-1070.0961;7014.109;-404.17;-1349.9822
1959-10-14;4.4868264;0.02561442;0.010002136;750.6027;1.8159839;209.17482;0.0;-7.3453654e-25;99.99998;-7.345365e-21;1.6721056;-0.9038243;0.08837134;0.33433735;0.24596602;0.0;0.0;2436.5361;2865.8323;-1162.5161;6797.6055;-627.8567;-946.1211
1959-10-15;4.50952;-1.6742325;0.010220845;751.2778;1.3959254;218.11525;0.0;-7.3453654e-25;99.99998;-7.345365e-21;0.17854336;-0.61392784;0.008672476;0.25235116;0.24368614;0.0;0.0;3013.7778;3541.703;-1644.1006;6348.2314;-426.47665;-1109.3656
1959-10-16;4.385671;-3.7350388;0.009999593;751.15436;0.9765684;182.94006;0.0;-7.3453654e-25;99.99998;-7.345365e-21;0.009292364;-0.6486755;0.0004172325;0.24178624;0.24138391;0.0;0.0;3595.2932;4223.5923;-2166.7979;5797.5444;-450.6122;-1192.0322
1959-10-17;3.9174092;-2.7138062;0.010072072;751.81976;1.0598372;199.18736;0.0;-7.3453654e-25;99.99998;-7.345365e-21;0.47525927;-0.551464;0.023141503;0.26226044;0.23912638;0.0;0.0;3153.0112;3702.9277;-1790.8055;6066.6973;-383.08334;-1061.5322
1959-10-18;3.8430889;-3.8465626;0.010039012;751.57196;1.030565;133.90468;0.0;-7.3453654e-25;99.99998;-7.345365e-21;0.24386048;-0.67237765;0.011369586;0.24828315;0.23689866;0.0;0.0;3927.495;4610.919;-2293.2927;5586.5244;-467.0789;-1250.5488
1959-10-19;4.960205;-6.04011;0.009937286;754.0791;1.0878146;101.074776;0.0;-7.3453654e-25;99.99998;-7.345365e-21;0.0008523463;-0.62489325;4.4703484e-05;0.23472309;0.23468584;0.0;0.0;3861.496;4531.969;-2233.172;5718.183;-434.09222;-1052.2567
1959-10-20;7.1189575;-3.669159;0.009994507;756.6038;1.1750386;170.07986;0.0;-7.3453654e-25;99.99998;-7.345365e-21;0.07993281;-0.6326409;0.0037550926;0.23622811;0.23247302;0.0;0.0;3692.8406;4332.7354;-1957.4578;6288.6255;-439.47333;-1087.2467
1959-10-21;9.044688;-2.872223;0.01008606;756.30634;1.0691493;253.85645;0.0;-7.3453654e-25;99.99998;-7.345365e-21;0.51842713;-0.5818168;0.025212765;0.2555251;0.2303198;0.0;0.0;3305.615;3877.2666;-1883.1011;6418.81;-404.16888;-911.2233
1959-10-22;6.39976;0.8737691;0.010016124;752.06836;0.6876095;212.18959;0.0;-7.3453654e-25;99.99998;-7.345365e-21;3.3776343;-0.5542692;0.19089878;0.41915476;0.22825599;0.0;0.0;2379.1873;2789.7957;-1271.2411;6899.217;-385.03223;-759.5833
1959-10-23;4.207479;2.2925415;0.009929657;750.2752;0.7633088;216.71649;0.0;-7.3453654e-25;99.99998;-7.345365e-21;5.4724708;-1.0511177;0.33424795;0.5605519;0.22628903;0.0;0.0;2587.0994;3032.6145;-1344.95;6633.305;-730.1761;-772.22
1959-10-24;4.575022;-0.68355304;0.009925842;752.3881;0.87575054;164.89561;0.0;-7.3453654e-25;99.99998;-7.345365e-21;1.0782232;-1.1960063;0.056162477;0.28049946;0.22432208;0.0;0.0;3518.6355;4123.3154;-1640.1367;6416.177;-830.82556;-1075.5078
1959-10-25;6.4825745;3.4927166;0.009971619;755.4826;0.8804348;214.1556;0.0;-7.3453654e-25;99.99998;-7.345365e-21;1.8900782;-1.1479445;0.10435283;0.32672286;0.22237748;0.0;0.0;2674.6667;3133.2856;-1351.885;6744.9556;-797.4389;-655.35223
1959-10-26;6.8363137;-0.69733685;0.010031383;757.51056;1.0105363;106.86179;0.0;-7.3453654e-25;99.99998;-7.345365e-21;0.0143527975;-1.2956802;0.0007599592;0.22119284;0.22044033;0.0;0.0;3618.71;4237.8335;-1947.8134;6152.7544;-900.06555;-821.93555
1959-10-27;6.145864;2.2802227;0.009895325;754.3579;0.9540515;254.15785;0.0;-7.3453654e-25;99.99998;-7.345365e-21;9.07734;-1.0882299;0.6124526;0.83100796;0.21855533;0.0;0.0;2354.094;2756.3354;-1199.345;6812.8066;-755.95667;-435.51
1959-10-28;4.3185525;1.742869;0.0100911455;749.8777;1.1079816;189.25513;0.0;-7.3453654e-25;99.99998;-7.345365e-21;2.4848506;-1.2809038;0.15735626;0.37407875;0.21673739;0.0;0.0;2951.6672;3454.7456;-1457.3422;6501.66;-889.80225;-798.6511
1959-10-29;3.4200847;-1.3388876;0.009830475;749.7591;0.83705544;196.1681;0.0;-7.3453654e-25;99.99998;-7.345365e-21;0.031962473;-1.2508668;0.0018328428;0.21675229;0.21491945;0.0;0.0;3015.406;3528.129;-1743.0183;6092.8496;-868.93665;-790.0244
1959-10-30;3.4936116;-3.7285461;0.009985606;749.97076;0.9974601;82.17765;0.0;-7.3453654e-25;99.99998;-7.345365e-21;0.0004351138;-1.1671166;2.9802322e-05;0.2131164;0.2130866;0.0;0.0;3574.2283;4180.488;-2256.0928;5448.25;-810.75665;-649.7722
1959-10-31;3.5808818;-4.7845154;0.010065715;751.1353;0.9156237;59.87616;0.0;-7.3453654e-25;99.99998;-7.345365e-21;0.0;-1.1214484;0.0;0.21126866;0.21126866;0.0;0.0;3652.5405;4270.6865;-2330.2166;5345.4795;-779.0333;-641.45
1959-11-01;3.68632;-5.1942444;0.009853363;752.01685;0.94300705;76.46107;0.0;-7.3453654e-25;99.99998;-7.345365e-21;0.0;-1.0617449;0.0;0.20946562;0.20947307;0.0;0.0;3620.4094;4231.8843;-2307.48;5362.358;-737.5589;-568.61444
1959-11-02;3.1772053;-5.3573203;0.010066986;754.73175;1.239916;22.628668;0.0;-7.3453654e-25;99.99998;-7.345365e-21;0.0;-0.9991061;0.0;0.20772219;0.20769984;0.0;0.0;3474.7366;4060.3289;-2211.3672;5409.011;-694.04553;-595.9056
1959-11-03;4.1849976;-4.3925376;0.010035197;755.82684;1.1304197;22.54545;0.0;-7.3453654e-25;99.99998;-7.345365e-21;0.0021520145;-0.94570404;0.00011920929;0.20606816;0.20596385;0.0;0.0;3516.588;4107.99;-2207.065;5472.1055;-656.9489;-565.14886
1959-11-04;4.6126914;-2.4209797;0.010052999;753.2962;0.9399352;168.5316;0.0;-7.3453654e-25;99.99998;-7.345365e-21;0.0004351138;-0.7769363;2.9802322e-05;0.20426512;0.20425022;0.0;0.0;3111.5361;3633.6611;-1996.2639;5675.723;-539.7122;-497.71555
1959-11-05;3.2994385;-5.6028543;-0.06979243;750.92633;1.0223659;229.4092;0.0;-7.3453654e-25;100.426735;-7.345365e-21;0.00011920929;-0.80483407;0.0;0.20256639;0.20257384;0.0;0.00011920929;3470.8784;4052.091;-2185.3606;5363.38;-559.0911;-755.7244
1959-11-06;1.4338583;-3.3537903;-1.0349655;750.4014;1.0738677;225.3275;0.0018717448;-7.3453654e-25;108.966125;-7.345365e-21;2.270639;-0.74289554;0.13031065;0.3312677;0.20095706;8.195639e-05;0.00021979213;2760.8872;3222.419;-1601.1394;5810.526;-516.06445;-727.68665
1959-11-07;1.519399;-2.935313;-1.1123785;751.646;0.8790228;115.30302;0.001953125;-7.3453654e-25;109.43748;-7.345365e-21;0.075414516;-0.6600059;0.0039190054;0.20331144;0.19939989;7.0780516e-05;0.0;2495.3506;2911.5244;-1692.6927;5746.6133;-458.4822;-508.74
1959-11-08;1.7372843;-3.2681377;-1.2841161;753.2863;0.8466756;186.85988;0.001953125;-7.3453654e-25;109.43748;-7.345365e-21;0.018030405;-0.53825605;0.0009983778;0.1988411;0.19784272;6.146729e-05;0.0;2826.4238;3296.649;-1886.7694;5531.199;-373.90887;-527.9378
1959-11-09;2.182373;-2.5991924;-1.2180697;754.2077;0.87054926;210.86253;0.0009765625;-7.3453654e-25;109.43748;-7.345365e-21;0.0004351138;-0.507012;2.9802322e-05;0.1963377;0.19630045;4.8428774e-05;0.0;2720.9712;3172.7244;-1745.885;5687.7544;-352.20444;-550.3567
1959-11-10;3.708659;-3.350108;-0.7714971;754.2138;0.8446831;163.4603;0.0;-7.3453654e-25;109.43748;-7.345365e-21;0.25423765;-0.51885843;0.01360476;0.20839274;0.19478798;4.0978193e-05;0.0;2455.115;2861.74;-1424.9833;6186.97;-360.43445;-346.52444
1959-11-11;3.7742004;-3.1978557;-0.66842014;751.1099;1.1628417;236.28471;0.0;-7.3453654e-25;109.43748;-7.345365e-21;0.24661379;-0.742035;0.013202429;0.20647049;0.19327551;3.5390258e-05;0.0;2831.8228;3299.9146;-1536.5961;6173.649;-515.4667;-660.6522
1959-11-12;2.8075664;-3.9576313;-1.2170715;750.61786;0.93063194;202.28252;0.0;-7.3453654e-25;109.43748;-7.345365e-21;0.0019818544;-0.677621;0.00010430813;0.19188225;0.1917705;2.0489097e-05;0.0;3171.41;3694.4666;-2117.844;5406.64;-470.7211;-741.99
1959-11-13;0.8374736;-5.6855874;-1.7160606;748.8558;0.8644285;90.15719;0.0009765625;1.9868214e-07;111.020485;-7.345365e-21;0.007107854;-0.49283916;0.0002682209;0.19057095;0.19029528;1.1175871e-05;0.001963228;2701.5405;3145.9666;-1680.5455;5729.1587;-342.3589;-590.6922
1959-11-14;0.17062378;-4.8320413;-5.8091216;748.10205;0.8623685;165.7287;0.05419922;8.34465e-06;131.90233;-7.345365e-21;0.5573422;-0.5643712;0.02861768;0.21748245;0.18886477;0.0022538006;0.012516975;2379.5967;2771.05;-1424.775;5995.021;-392.0589;-640.75
1959-11-15;0.49979654;-3.8750713;-4.588712;748.19824;1.1172827;223.79253;0.48771158;8.789698e-05;137.08885;0.48828125;0.57816505;-0.47006273;0.006273389;0.1937151;0.18744916;0.0027883798;0.45270473;2467.0273;2872.8845;-1368.4983;6107.9966;-326.54333;-662.7778
1959-11-16;-0.95566815;-2.0565388;-2.0199928;747.6529;0.9349156;162.40236;20.183432;0.0030139287;139.20375;20.751953;5.2545605;-0.3600847;0.08358061;0.26968122;0.18609315;0.21546893;3.860414;976.2106;1300.9689;-514.9339;6773.2266;-251.99333;-391.46445
1959-11-17;-0.3950704;-3.4686584;-4.8320403;749.4837;0.8126469;185.92017;25.481934;0.00381275;151.03871;25.756836;0.1243468;-0.4826039;0.0693202;0.2540797;0.18475205;0.8573867;0.002708286;1842.4489;2586.291;-1082.8105;6156.3677;-337.38556;-534.9422
1959-11-18;-0.41285196;-3.2836812;-4.044042;748.5657;0.7808257;239.05257;20.897379;0.003142516;150.98695;21.118164;0.41561425;-0.3923783;0.05184114;0.23524463;0.18341094;0.5400386;0.18307194;1689.9133;2267.0544;-967.6533;6309.9136;-275.91446;-493.6722
1959-11-19;-5.285421;-6.833822;-8.155826;746.5208;1.0249227;149.31963;85.59196;0.014980714;128.3421;114.70541;16.105608;-0.12464635;0.014193356;0.19630045;0.18211454;0.058032572;15.553512;628.1939;2361.641;-898.95447;5586.9624;-95.371666;-141.30444
1959-11-20;-7.4128127;-12.842239;-15.7687645;748.9422;1.126429;60.757156;99.849205;0.018943867;143.64874;132.52766;0.001309305;-0.066985376;0.007987022;0.18882751;0.18083304;0.116733834;2.9802322e-05;1012.5111;3752.1611;-1339.0355;4243.5864;-49.47167;-2.2433333
1959-11-21;-6.7023873;-15.190785;-14.288419;750.30927;1.0813638;61.046284;99.395424;0.018729806;151.48988;123.819984;0.0008582534;-0.11052564;0.013329089;0.19288063;0.17955899;0.18657371;0.0;1047.45;3665.8032;-1324.345;4367.7817;-83.47667;-11.298889
1959-11-22;-4.176193;-16.150885;-10.481211;751.634;0.9414378;156.09502;97.9056;0.018244624;152.99281;119.384766;0.044859882;-0.17286745;0.037297606;0.2156198;0.1783222;0.5031265;0.015221536;1052.615;3418.3132;-1135.33;4953.201;-133.09222;-51.328888
1959-11-23;-4.525757;-7.3034134;-4.337808;749.03094;0.7740894;164.10481;98.44425;0.020297408;151.36652;133.42285;4.9851213;-0.1682164;0.04927814;0.22639334;0.17710775;0.5276203;4.593771;760.7061;2382.7234;-544.2639;6167.7773;-129.42778;-189.64778
1959-11-24;-7.99843;-10.359169;-8.110436;745.53687;1.1075665;57.186188;99.71664;0.023049435;150.58624;152.9134;2.3784423;-0.18001255;0.0013262033;0.17721951;0.1758933;0.023126602;2.3668184;700.10614;2280.6667;-846.48;5530.548;-139.77777;-134.87555
1959-11-25;-9.575378;-15.625336;-14.404721;745.9407;1.268477;123.32426;100.0;0.024282336;151.40526;160.44109;0.006723403;-0.09239651;0.0;0.17471611;0.17470866;0.0;0.005427748;1035.8667;3416.14;-1219.456;4516.3716;-70.42;-66.05222
1959-11-26;-6.9565625;-14.039914;-12.316994;748.0555;1.0782009;124.50765;99.54427;0.023985108;152.72816;157.18587;0.0;-0.091349706;0.029355288;0.20289421;0.17352402;0.39280206;0.0;1092.0472;3481.4468;-1346.539;4553.853;-68.85445;-21.63
1959-11-27;-6.6584587;-11.829968;-12.611571;747.03815;1.0514963;73.87513;98.858315;0.023595095;154.97655;152.50652;0.0004351138;-0.12823753;0.016860664;0.18922985;0.17236173;0.2212245;0.0;1142.1605;3417.14;-1340.4678;4559.6646;-99.82222;-42.68
1959-11-28;-7.297119;-10.944191;-8.598681;746.1586;1.0342271;72.93549;98.230064;0.023588141;155.5003;151.57063;1.6228944;-0.23042597;0.018402934;0.18964708;0.17122924;0.23410283;1.6195178;840.3494;2386.7578;-653.57446;5610.3057;-180.65666;-109.433334
1959-11-29;-8.890629;-12.034317;-9.380778;746.6097;1.672692;33.402386;99.77596;0.027319511;149.9977;181.64062;3.14188;-0.20924397;0.0;0.17009676;0.1701042;0.0;3.1375215;610.7522;1968.1111;-695.38776;5569.292;-163.72444;-81.87
1959-11-30;-10.288246;-13.6493025;-13.197037;746.91656;1.6877742;25.782585;99.875084;0.027848482;151.5742;183.51237;0.0191688;-0.08897483;0.0;0.16899407;0.16898662;0.0;0.017940998;1023.9733;3257.34;-1123.5322;4714.4624;-68.73222;-43.407776
1959-12-01;-10.730588;-14.653293;-13.270309;748.83685;1.3802167;31.980371;99.74048;0.027790228;152.78416;181.64062;0.0076293945;-0.08123275;0.0;0.16789138;0.16788393;0.0;0.007197261;1044.7023;3237.2844;-1306.7289;4564.6465;-62.912224;-82.03
1959-12-02;-11.806321;-20.107035;-16.861166;750.65704;1.3787979;47.07483;99.42489;0.027639708;153.84438;179.60612;0.0017195934;-0.056603923;0.011831522;0.17863512;0.1668036;0.14974736;0.0;1120.0911;3376.7856;-1383.0078;4147.727;-44.696667;0.044444446
1959-12-03;-7.942951;-19.270882;-15.006801;751.54755;1.3100663;36.269554;98.76774;0.027336081;154.86424;176.55437;0.0017285338;-0.06636232;0.024110079;0.1898408;0.16574562;0.30115247;0.0;1149.9384;3361.1768;-1371.4761;4334.2476;-52.306667;30.95
1959-12-04;-4.2380805;-15.264613;-12.085759;751.1385;1.1230589;180.49554;97.2972;0.026953578;156.40102;172.20052;0.0;-0.077252276;0.026226044;0.19091368;0.16468763;0.31683594;0.0;1143.1133;3194.9866;-1319.7839;4654.5386;-60.09;27.287777
1959-12-05;-4.3633018;-14.9322815;-12.257777;749.30005;0.8112202;284.83438;95.47705;0.02657322;158.02081;167.92805;0.00084822165;-0.15159416;0.020995736;0.18465519;0.1636669;0.25619194;0.0;1126.675;2983.9412;-1442.385;4513.313;-117.825554;-8.297778
1959-12-06;-4.5587564;-12.826404;-10.107106;749.5551;0.8427367;265.75186;94.01294;0.026217183;159.65688;163.6556;0.014925003;-0.21639094;0.01218915;0.17482042;0.16263872;0.14103577;0.011492521;1194.9161;3005.9756;-984.51776;5222.3584;-169.48833;-90.12222
1959-12-07;-3.1614277;-7.0000916;-6.757192;751.1474;0.8185484;123.29535;92.504555;0.025676647;162.30597;157.5114;0.014326227;-0.10687113;0.05032122;0.21195412;0.1616329;0.60614944;0.013120472;1060.175;2562.6978;-1064.1222;5468.817;-83.935555;-82.47889
1959-12-08;-3.5791626;-5.1563926;-4.0813394;749.90063;0.7935217;144.62486;91.3536;0.024953285;163.95734;151.16374;1.3320327;-0.080412254;0.15081465;0.31144917;0.16062707;1.4364067;0.86167455;617.8839;1436.6777;-436.7678;6382.759;-62.84778;-90.825554
1959-12-09;-4.2932534;-6.3108544;-4.3959603;749.0551;0.8955439;158.02646;90.47665;0.02406446;164.50128;144.89746;0.485247;-0.22521242;0.1103282;0.26997924;0.15964359;1.281295;0.34046918;1170.3528;2674.0134;-847.12665;5960.4946;-174.00444;-226.37778
1959-12-10;-4.67969;-7.8452873;-8.01978;748.32916;0.8766051;97.40754;89.48185;0.023125688;165.22166;138.63118;0.0047802925;-0.2214657;0.07377565;0.23242831;0.15866011;0.87891334;0.0026226044;1292.9739;2883.0989;-1344.3256;5097.6704;-171.34889;-162.72
1959-12-11;-5.826693;-8.166219;-8.663611;746.98553;1.1245803;226.29051;89.21655;0.022643289;164.78188;135.62012;1.4237603;-0.251594;0.04836917;0.20605326;0.15769154;0.56515074;1.3530552;1222.5789;2635.1812;-1104.075;5275.253;-197.88222;-231.07333
1959-12-12;-8.640774;-15.994119;-14.51472;748.12573;1.0340118;42.485893;90.13387;0.023193875;163.17413;140.25879;0.0013560057;-0.17173961;0.0014454126;0.15819073;0.15673786;0.017488375;0.0013522804;1402.1156;3146.8179;-1646.9467;4143.7837;-134.49;-109.88111
1959-12-13;-8.978574;-18.619547;-15.632611;748.9256;1.3037025;23.255129;89.71085;0.022995273;164.32616;138.1836;0.009425913;-0.17545559;0.0032633543;0.159055;0.15579909;0.034332275;0.005159527;1483.3583;3252.0432;-1694.7816;3961.23;-138.23889;-63.76
1959-12-14;-7.4537315;-16.2189;-14.452828;751.6043;1.5761396;21.403452;89.403404;0.022818645;165.53905;135.74219;0.000822544;-0.16379356;0.00044703484;0.1552999;0.15486777;0.005505979;0.00040233135;1499.9312;3220.3677;-1707.8806;4071.9592;-129.08667;-49.352222
1959-12-15;-3.1687725;-15.841598;-10.561064;752.67645;1.0285271;178.05066;88.430176;0.021651348;166.80077;128.01106;0.0012934206;-0.16084686;0.14774501;0.3017038;0.15395135;1.6510338;0.0;1447.4417;3028.281;-1472.8994;4761.215;-126.61;-24.652222
1959-12-16;-2.3342896;-11.762149;-10.07509;754.177;0.8630264;237.93811;87.13004;0.019620458;167.78253;115.39713;0.0008553266;-0.14749822;0.1835525;0.33658743;0.15304238;2.0167623;0.0;1363.3761;2772.4988;-1380.0455;4936.172;-116.096664;-26.694445
1959-12-17;-3.2890003;-16.765152;-12.744919;752.27155;0.8243981;262.0474;86.2933;0.018105784;168.6162;105.79427;0.0008612871;-0.30152684;0.07387996;0.22603571;0.15214086;0.795668;0.0;1586.6888;3151.28;-1697.5834;4308.495;-237.32222;-51.27111
1959-12-18;-3.5223923;-15.310117;-9.120833;751.1206;0.72982407;211.87097;85.75814;0.016882977;169.33006;97.90039;0.032171607;-0.30752087;0.09249151;0.2437532;0.15125424;0.9791106;0.030875206;1326.2983;2584.209;-1137.5089;5205.539;-242.03;-92.53111
1959-12-19;-3.499532;-8.038262;-5.3919168;748.7105;0.73191714;242.46515;86.35604;0.016892195;165.5882;99.487305;6.25759;-0.21211989;0.07598102;0.22636354;0.15038252;0.7830523;6.175533;642.6655;1236.1812;-433.46054;6252.6187;-166.90555;-86.95
1959-12-20;-5.0040894;-5.790487;-4.288488;745.7872;0.79865885;212.30348;99.51766;0.029304028;141.88084;202.88086;8.874986;-0.095319;0.0;0.14951825;0.14951825;0.0;8.863505;311.14612;1051.8223;-140.69778;6648.773;-75.08667;-129.9311
1959-12-21;-5.196982;-6.5680976;-5.5319467;748.1626;0.7726245;204.03387;100.0;0.032735825;151.32257;216.10515;0.54484606;-0.098722056;0.0030845404;0.15175343;0.14865398;0.028733164;0.5238205;654.4689;2348.4246;-760.4595;5872.039;-77.818886;-119.18222
1959-12-22;-7.869034;-9.253898;-7.6121483;746.71906;0.73688656;153.93446;100.0;0.035599113;150.86554;235.02605;6.173447;-0.039556995;0.0009685755;0.14875829;0.14781207;0.01123175;6.114811;444.24057;1532.3022;-372.73944;6049.8765;-31.225555;-79.153336
1959-12-23;-8.224905;-9.900792;-9.518534;750.5469;0.92371964;150.80644;100.0;0.038936734;151.5869;256.83594;0.046747923;-0.0301525;0.0;0.14697015;0.14697015;0.0;0.042881817;715.14886;2641.2422;-983.95166;5249.675;-23.916666;-112.14889
1959-12-24;-9.930434;-15.341087;-15.562508;750.5633;1.0771224;163.63269;100.0;0.038922112;153.39093;253.86555;0.000834465;-0.004965812;0.0008940697;0.14702976;0.14614314;0.012341887;0.00082701445;732.0983;2626.3755;-1032.7084;4623.358;-4.2211113;22.971111
1959-12-25;-10.810379;-15.784599;-16.870918;749.82446;1.2727785;53.345215;100.0;0.038912933;154.81996;251.58691;0.0064253802;-0.008378178;4.4703484e-05;0.14536083;0.14532357;0.0006482005;0.0040903687;803.1361;2803.48;-1011.0836;4521.83;-6.978889;11.273334
1959-12-26;-11.179413;-14.797154;-15.401356;752.0986;1.7647341;18.057798;100.0;0.038910825;156.11945;249.71516;0.011342764;-0.0063758343;0.0;0.14451146;0.14451891;0.0;0.007081777;873.42334;2968.9355;-1138.9089;4529.871;-5.32;-1.2311112
1959-12-27;-11.367244;-17.7907;-16.729044;751.3628;1.5903491;16.565176;100.0;0.038898867;157.26268;247.84343;0.0029146671;-0.009059906;0.0020116568;0.14573336;0.14371425;0.021092594;0.002052635;960.0195;3182.1077;-1074.927;4464.2256;-7.322222;29.57
1959-12-28;-6.4247932;-18.313478;-12.171886;750.27924;1.0782148;110.85681;100.0;0.038793486;158.6546;244.95442;0.006201076;-0.06771833;0.0102669;0.15318394;0.14292449;0.10346249;0.0036396086;873.77057;2824.609;-830.68665;5149.6284;-53.342224;-2.4488888
1959-12-29;-3.2960129;-8.0735235;-5.9895883;751.30646;0.9149093;176.42055;100.0;0.03851195;161.11229;239.33919;0.05877316;-0.03861729;0.039607286;0.18174946;0.14214963;0.41119754;0.05620718;927.31445;2924.909;-1028.7794;5581.2026;-30.684444;-72.776665
1959-12-30;-5.147316;-7.6892333;-9.14439;751.67926;1.061834;149.61629;100.0;0.038069885;164.06671;232.21843;0.002488494;-0.005292706;0.044852495;0.18620491;0.14136732;0.44817477;0.0024810433;987.14386;2950.7388;-1122.7927;5142.7524;-4.3883333;-55.38222
1959-12-31;-4.849752;-7.050283;-6.9721656;749.6617;0.80520415;135.79132;100.0;0.0376697;166.47394;226.19629;0.38585365;-0.05218014;0.043541193;0.18414855;0.1405999;0.4355982;0.3730692;939.69946;2698.5566;-729.93335;5773.278;-41.183334;-79.812225
1960-01-01;-2.8355916;-4.5763345;-3.0007503;746.9052;0.73343164;130.87654;99.8479;0.039854646;165.37596;239.01367;13.946579;-0.1484938;0.025719404;0.1655668;0.1398474;0.22607669;13.525941;797.99164;2261.9534;-591.8011;6288.938;-116.84778;-126.87556
1960-01-02;-5.4543967;-6.76355;-4.2338943;744.3564;0.763772;158.06163;100.0;0.07108394;146.1035;481.8522;21.757442;-0.09552203;0.00020116568;0.13929605;0.13909489;0.0;21.504824;482.79556;2070.6812;-476.8272;6267.6187;-75.21111;-143.87222
1960-01-03;-7.0933585;-8.676872;-7.160197;747.8974;0.6945693;206.8394;100.0;0.07793101;151.99672;512.61395;1.3714433;-0.04525669;0.0;0.13837218;0.13836473;0.0;1.3638213;582.935;2464.649;-685.04553;5756.758;-35.662224;-109.86
1960-01-04;-8.625352;-11.487321;-11.44294;748.97797;0.95880157;55.606174;100.0;0.078288995;155.45473;503.41797;0.107336044;0.010278076;0.0;0.13762712;0.13762712;0.0;0.106059015;706.3367;2909.9944;-1066.27;4923.037;7.8644443;-55.852222
1960-01-05;-10.243041;-14.800883;-15.677346;747.0166;0.9720021;103.27421;100.0;0.0783908;157.95897;495.97168;0.24539232;0.018686056;0.0;0.13691187;0.13690442;0.0;0.23896992;639.2217;2568.641;-560.2917;5142.879;14.512222;-5.057778
1960-01-06;-6.4305305;-8.883735;-11.236842;743.778;0.8466944;99.075554;100.0;0.07979131;159.12987;500.16275;4.4583464;0.024788082;0.0;0.13619661;0.13618916;0.0;4.3260455;654.80225;2566.4312;-417.09778;5737.621;19.317778;-40.511112
1960-01-07;-5.659861;-6.8193536;-5.9910126;738.64624;0.9382555;133.58679;100.0;0.09557152;151.60284;627.238;20.07854;-0.028320588;0.0;0.13548136;0.13548136;0.0;20.05782;320.6128;1364.7855;-97.22722;6593.8057;-22.296112;-84.05111
1960-01-08;-5.2323813;-6.0301614;-4.5878425;744.71344;1.2518436;209.38802;100.0;0.107830085;151.62791;709.554;10.69884;-0.07954985;0.0;0.1347959;0.13478845;0.0;10.640203;447.30667;1907.4689;-196.69528;6593.8076;-62.593334;-172.45555
1960-01-09;-5.648018;-6.268299;-4.6627045;744.9322;1.0737356;203.22694;100.0;0.13299823;150.91957;877.68555;26.401133;-0.05196128;0.0;0.13409555;0.13409555;0.0;26.374273;265.03223;1147.3711;-198.80472;6552.81;-40.993332;-126.526665
1960-01-10;-7.1317725;-8.60929;-6.9105773;747.67194;1.00981;139.96169;100.0;0.14192943;157.99152;899.3327;0.58895946;-0.059258193;0.0;0.1334101;0.1334101;0.0;0.58341026;596.73;2557.1145;-830.61664;5553.209;-45.107777;-99.94556
1960-01-11;-8.101211;-14.559255;-11.7867365;749.4375;0.93885756;194.85924;100.0;0.14204872;164.66827;862.95575;0.0046500326;-0.04546158;0.0;0.13272464;0.13271719;0.0;0.0029355288;800.39056;3337.4512;-1137.5773;4751.0874;-33.81222;-55.837776
1960-01-12;-5.4983597;-14.63908;-14.615074;750.7217;0.9586124;74.61489;100.0;0.1420546;169.1621;839.9658;0.0008583069;-0.005434267;0.0;0.13202429;0.13203919;0.0;0.0;832.1639;3377.3333;-938.6556;4797.7646;-2.5533333;47.147778
1960-01-13;-3.6707153;-11.647862;-14.266907;751.39996;0.9284503;225.3802;100.0;0.14208078;173.16144;820.638;0.00044107437;0.018213876;0.0;0.13133883;0.13136119;0.0;0.0;873.74445;3454.422;-1131.6136;4646.354;15.778889;74.49333
1960-01-14;-4.1516824;-14.080078;-15.615311;751.4731;0.94641376;281.36032;100.0;0.14210916;176.81053;803.9958;0.0017182338;0.0051520765;0.0;0.13069808;0.13069808;0.0;0.0;906.6539;3494.1733;-1150.4061;4494.8774;5.497778;89.22222
1960-01-15;-3.5279973;-14.017388;-15.429264;751.62823;0.725497;265.70444;100.0;0.14214198;180.06964;789.30664;0.17009377;-0.003658235;0.0;0.13004243;0.13003498;0.0;0.167422;927.10443;3484.6677;-783.11914;4986.5366;-1.2522222;54.378887
1960-01-16;-2.9766948;-4.0514526;-8.678726;748.31134;1.1112562;218.97697;100.0;0.14927049;179.47003;830.64777;10.681274;0.046853907;0.0;0.12938678;0.12939423;0.0;9.7378645;309.69055;1228.0222;337.30334;7002.447;36.733334;1.37
1960-01-17;-3.1032002;-3.5712788;-3.9116108;750.05695;1.3232485;210.2528;100.0;0.15627217;184.49086;847.7376;3.0921323;0.005502254;0.0;0.12874603;0.12874603;0.0;2.9085426;697.75;2817.0066;-650.47974;6192.6943;5.811111;-98.02556
1960-01-18;-3.727539;-10.257464;-6.6524887;752.8951;1.0812641;67.18116;100.0;0.15699919;191.95538;818.929;0.0046074386;-0.10505412;0.0;0.12809038;0.12810528;0.0;0.00461936;881.01166;3425.0479;-1256.2883;5097.7593;-79.922226;-102.64445
1960-01-19;-0.9276021;-15.352115;-11.051986;753.32806;0.73754555;326.47867;100.0;0.1569786;197.03383;797.48535;0.0;-0.039852224;0.0;0.12747943;0.12747198;0.0;0.0;946.5967;3585.1821;-1310.465;4675.529;-28.795555;58.74222
1960-01-20;-4.757479;-11.354736;-11.925449;747.4619;0.9385421;234.92493;100.0;0.1572798;200.5296;784.8714;0.84941983;-0.0015990809;0.0;0.12683868;0.12683868;0.0;0.7979758;896.8689;3308.6377;-602.1633;5513.678;0.185;-19.62889
1960-01-21;-7.2981873;-12.037632;-10.444431;746.011;0.74119645;197.27205;100.0;0.15783477;204.04881;774.21063;0.014901161;-0.051001087;0.0;0.12621284;0.12622774;0.0;0.014476478;981.0811;3585.6055;-1341.1989;4693.823;-37.793335;-89.38
1960-01-22;-7.939682;-9.094363;-11.173852;742.6155;1.0487512;196.22426;100.0;0.16647978;195.9925;848.4294;26.796371;0.029560179;0.0;0.12561679;0.12561679;0.0;26.791119;341.36;1262.6455;88.316666;6373.4;23.296667;-28.934444
1960-01-23;-9.844772;-11.269671;-8.809189;741.05817;1.2200613;212.0778;100.0;0.20353778;165.72948;1225.0977;22.997707;-0.046962872;0.0;0.12502074;0.12501329;0.0;22.990227;390.27722;1694.0078;-484.02112;5825.3657;-36.10889;-97.89
1960-01-24;-13.679355;-20.266695;-14.272538;745.78937;0.9227085;126.69555;100.0;0.20931685;169.72948;1234.5785;0.029593706;-0.058773905;0.0;0.124424696;0.124409795;0.0;0.028718263;899.555;3838.588;-1609.7966;3899.6672;-44.264446;-114.69444
1960-01-25;-13.931946;-24.109848;-20.169752;746.2237;0.9463703;48.445995;100.0;0.20931637;174.2285;1202.3519;0.014027953;-0.017592683;0.0;0.12382865;0.1238212;0.0;0.011481345;831.13947;3452.6567;-1214.9806;3943.4648;-12.337778;-0.8688889
1960-01-26;-15.24511;-25.473505;-23.419586;746.0056;1.35313;15.81738;100.0;0.20932786;177.29262;1181.193;0.0017097782;-0.0067772344;0.0;0.123247504;0.12324005;0.0;0.0;1005.1739;4065.0723;-1480.2156;3393.1033;-3.941111;73.312225
1960-01-27;-15.411372;-24.195608;-25.025505;746.3472;1.6695976;14.360981;100.0;0.20934267;179.67348;1165.5273;0.0;0.00645034;0.0;0.12266636;0.12265146;0.0;0.0;1025.5117;4039.4568;-1240.4933;3620.3506;6.267778;113.47667
1960-01-28;-13.325662;-22.49511;-24.463282;748.13745;1.4573599;11.903186;100.0;0.20936544;181.93227;1151.2045;0.0012671535;0.007880852;0.0;0.12208521;0.12208521;0.0;0.0;1059.6095;4068.6511;-1156.5588;3799.246;7.4166665;115.93445
1960-01-29;-9.878542;-19.853722;-22.431387;748.7972;1.190596;46.55028;100.0;0.20938773;184.36293;1136.2711;0.0025696708;0.006432645;0.0;0.12150407;0.12151897;0.0;0.0;1077.675;4036.1677;-900.4411;4313.1206;6.4166665;90.87778
1960-01-30;-7.0114427;-14.709443;-18.876665;748.3713;1.0879041;94.625275;100.0;0.20942013;187.3766;1118.4082;0.003017286;0.021443702;0.0;0.120937824;0.120952725;0.0;0.0;1092.3922;3993.3667;-941.39276;4590.3916;18.362223;73.78667
1960-01-31;-6.6016374;-12.9814415;-17.426964;747.46027;0.7056655;237.7758;100.0;0.20946021;190.9339;1098.348;0.0032515654;0.013915822;0.0;0.12037158;0.12038648;0.0;0.001065433;1143.5656;4083.0288;-1178.711;4362.844;12.412222;22.481112
1960-02-01;-7.121141;-8.5751915;-14.779938;748.0676;0.88925153;240.04646;100.0;0.21002324;194.21385;1082.3568;1.7078251;0.043684617;0.0;0.11982769;0.11982769;0.0;1.7052256;690.9094;2421.831;-44.100555;5996.8633;34.714443;-19.88889
1960-02-02;-5.8529205;-7.3288283;-9.096516;745.0861;1.4098759;195.28609;100.0;0.21393009;196.52667;1087.7686;11.967197;-0.018179417;0.0;0.119283795;0.119283795;0.0;11.686869;860.9828;3071.1023;-364.75943;6153.947;-12.726666;-75.37778
1960-02-03;-6.534491;-7.38361;-6.5061035;741.5113;1.1381732;204.79633;100.0;0.24481714;184.16176;1325.236;42.56565;-0.0330247;0.0;0.11874735;0.1187399;0.0;42.516457;256.38666;1100.85;-115.60167;6523.1846;-25.653334;-98.08444
1960-02-04;-8.8294325;-10.344498;-7.844513;743.8157;0.89491326;182.24995;100.0;0.28144184;165.0436;1704.7933;14.204979;-0.05954411;0.0;0.11819601;0.11820346;0.0;14.19051;613.9878;2667.4912;-631.6261;5726.961;-45.503334;-151.16777
1960-02-05;-8.654781;-9.75589;-8.578649;744.9506;1.2838312;186.44994;100.0;0.29230583;172.18651;1697.998;14.072189;-0.010119751;0.0;0.11768937;0.11767447;0.0;14.063176;270.42667;1152.1167;-190.9761;6187.3047;-7.6894445;-63.583332
1960-02-06;-10.004807;-12.984633;-10.522489;748.9851;1.0779525;184.79189;100.0;0.29870102;181.12303;1652.181;0.4303935;-0.0340268;0.0;0.11715293;0.11715293;0.0;0.42985752;984.0383;4193.9634;-1530.1511;4386.081;-24.287777;-137.73111
1960-02-07;-8.280917;-18.438238;-15.438583;749.57635;0.9671697;131.97626;100.0;0.29876578;188.85219;1584.025;0.0013108565;-0.033084303;0.0;0.11661649;0.11662394;0.0;0.0;1061.56;4400.0923;-1333.2977;4237.047;-23.367777;-9.593333
1960-02-08;-7.0251174;-17.180372;-16.077055;747.281;1.0103251;69.65918;100.0;0.29876864;194.60316;1536.7432;0.0008702277;-0.023661181;0.0;0.11609495;0.11609495;0.0;0.0;1093.4961;4413.2754;-1150.3395;4484.283;-15.983889;12.506667
1960-02-09;-7.863211;-15.24868;-16.645529;743.9841;0.85196114;219.10478;100.0;0.2987843;199.79132;1497.4772;0.022622893;-0.0031841919;0.0;0.115573406;0.11558086;0.0;0.020436943;1141.8855;4489.76;-1242.6659;4308.622;-0.38055557;-8.614445
1960-02-10;-10.155128;-14.736751;-15.707202;745.19;0.9050536;82.21284;100.0;0.298974;204.5003;1463.5416;0.16053374;-0.005910173;0.0;0.11506677;0.115059316;0.0;0.15754625;973.28;3738.8833;-989.2792;4709.217;-2.8255556;-64.72889
1960-02-11;-9.971291;-18.734358;-17.832691;746.01276;0.9874792;124.173004;100.0;0.2990149;208.93358;1432.7393;0.00045001495;-0.01798477;0.0;0.114545226;0.11456013;0.0;1.4901161e-05;1256.5739;4709.6333;-1585.0569;3773.9517;-11.796667;-1.9177778
1960-02-12;-9.346808;-18.742102;-18.152946;746.8491;1.0092696;81.49009;100.0;0.29903555;212.62694;1408.081;0.03042221;0.0068293884;0.0;0.11405349;0.11405349;0.0;0.026494265;985.7778;3608.5488;-861.20276;4683.33;5.266667;12.065556
1960-02-13;-8.475051;-16.136097;-16.968018;750.25385;1.2253917;21.754087;100.0;0.29906854;216.41762;1383.3008;0.00086262374;0.026929192;0.0;0.1135692;0.1135692;0.0;0.0;1331.6622;4759.894;-1399.7794;4165.009;21.025555;1.8588889
1960-02-14;-5.7412095;-16.908064;-16.33865;752.03815;1.1335176;62.123158;100.0;0.29908898;220.22914;1359.375;0.0012934206;0.010067597;0.0;0.11308491;0.11308491;0.0;0.0;1342.7689;4689.539;-1292.0344;4387.155;7.807778;32.34111
1960-02-15;-4.195231;-17.601534;-15.230614;752.84247;1.1119152;73.66934;100.0;0.2990904;224.17348;1336.0189;0.00085288;-0.0050570816;0.0;0.11262298;0.112608075;0.0;0.0;1434.4606;4898.033;-1456.96;4288.49;-4.03;33.866665
1960-02-16;-3.1249592;-19.09564;-14.472722;751.7275;0.86521745;146.34055;100.0;0.2990798;228.13084;1312.4594;0.0008612871;-0.021616928;0.0;0.11213124;0.11213869;0.0;0.0;1414.4667;4724.5854;-1236.1805;4653.598;-17.02111;14.534445
1960-02-17;-3.096049;-18.758713;-12.657224;749.4532;0.6828411;293.64133;100.0;0.29908386;232.30565;1289.2252;0.2773732;-0.040077604;0.0;0.1116693;0.11166185;0.0;0.16966835;1464.3761;4785.2266;-1056.8806;5034.6904;-31.54;-44.657776
1960-02-18;-2.3824666;-5.360016;-7.6588135;749.6497;0.97218037;198.40535;100.0;0.29966176;237.11488;1265.2181;1.695478;0.03936328;0.0;0.111192465;0.111199915;0.0;1.5056915;1288.4728;4147.2725;-362.86444;6418.2656;30.853333;-115.76
1960-02-19;-1.6600748;-2.1633708;-3.2444966;750.0087;1.0317779;224.55043;100.0;0.30324867;242.50714;1252.0345;3.2499108;-0.0307085;0.0;0.11074543;0.11073798;0.0;2.7646794;743.8472;2516.5244;-274.27554;6780.3813;-24.123333;-126.17111
1960-02-20;-0.39544678;-2.4448853;-1.7554423;749.8818;0.84585357;285.2818;100.0;0.30515328;251.18715;1217.2852;2.0181775;-0.0751093;0.009760261;0.12002885;0.11026859;0.001013279;0.116057694;1350.8062;4523.8364;-971.22363;6084.86;-54.715557;-161.89444
1960-02-21;-1.0868429;-1.8051656;-0.50264996;744.429;0.659668;220.02452;100.0;0.312951;258.0752;1211.7513;26.683603;-0.112481415;0.14406443;0.25387108;0.109799206;0.7375982;21.81141;868.14166;2590.9673;-328.16806;6874.738;-86.564445;-181.30888
1960-02-22;-2.4427083;-3.2977803;-0.28575134;744.6372;1.005013;226.40779;100.0;0.33397153;251.41176;1330.2002;3.770709;-0.27769712;0.012561679;0.1219213;0.10932982;0.1184158;3.3314266;913.38556;3423.6155;-599.39;6507.921;-215.27834;-292.97
1960-02-23;-2.6076152;-4.224579;-0.5299759;750.571;0.88970613;226.63367;100.0;0.3357289;260.50943;1290.8121;0.9302139;-0.34797657;0.007867813;0.1167357;0.10886788;0.08967705;0.8306727;1208.8027;3911.6077;-947.25696;6071.557;-269.5289;-270.46
1960-02-24;-3.3870137;-5.4050393;-0.9672597;751.012;0.91384774;200.94775;100.0;0.3356428;270.60318;1242.3096;0.015875697;-0.35084412;0.0;0.10840595;0.10840595;0.0;0.014662743;1575.789;4463.0874;-1320.9883;5564.532;-270.91888;-288.26443
1960-02-25;-2.6019669;-5.882356;-1.186999;746.7802;0.8191247;240.86293;100.0;0.33626607;279.2207;1204.4271;8.17675;-0.37772208;0.0;0.10794401;0.10794401;0.0;7.796571;1683.3112;4351.0493;-1033.4661;5955.567;-291.7311;-247.79333
1960-02-26;-3.815572;-6.6661887;-1.4624735;745.7097;0.76755524;219.79955;100.0;0.34487346;276.81705;1247.1517;0.24196804;-0.40395373;0.0;0.107482076;0.107489526;0.0;0.2143085;1549.0078;4945.0327;-1516.7528;5316.5215;-312.03333;-298.90445
1960-02-27;-3.4569905;-6.596766;-3.500866;747.9069;0.8743518;192.03796;100.0;0.3446717;283.22656;1218.5873;0.0020503998;-0.21329708;0.0;0.10702014;0.10702759;0.0;0.00075623393;1774.6328;5224.73;-1765.8134;4852.039;-161.86778;-176.96666
1960-02-28;-2.2293904;-6.015167;-4.1593857;746.1338;0.66567594;143.36069;100.0;0.34474424;288.14844;1197.5098;1.5052199;-0.1311209;0.0;0.106573105;0.106573105;0.0;1.1190735;1799.22;5170.5044;-1342.3983;5380.5073;-97.38556;-150.24667
1960-02-29;-4.304525;-5.7559104;-3.123202;739.4609;1.0181869;191.01936;100.0;0.35490394;281.71518;1259.4808;14.789491;-0.22761524;0.0;0.10614097;0.10613352;0.0;14.003359;887.11725;3035.5466;-643.31665;6218.399;-175.97333;-228.43777
1960-03-01;-6.441485;-9.419797;-4.789148;740.14935;1.1424643;220.57268;100.0;0.3611865;280.23306;1290.8529;0.22446766;-0.27869827;0.0;0.10570884;0.10569394;0.0;0.21933764;1382.1039;5283.7563;-1444.9216;5058.79;-213.89555;-276.6378
1960-03-02;-7.561016;-9.878487;-7.289261;739.2203;1.4540366;225.02971;100.0;0.36183953;283.50943;1277.7914;2.4728694;-0.22217631;0.0;0.1052618;0.10525435;0.0;2.4449677;1286.0111;4793.6006;-863.96;5564.1577;-170.63777;-261.03445
1960-03-03;-5.2812386;-6.9590225;-6.0685806;743.8584;1.4247193;213.59062;100.0;0.36471403;283.58334;1286.9059;4.457891;-0.17366;0.0;0.10484457;0.10482967;0.0;4.446581;1135.3406;4297.5903;-564.28;6140.8213;-132.91667;-225.05667
1960-03-04;-3.8645465;-4.891542;-4.523041;746.7458;0.91186386;227.61914;100.0;0.37096146;280.51498;1323.4457;3.7938237;-0.100200996;0.0;0.104397535;0.10441244;0.0;3.7202575;696.48444;2771.6455;-442.05554;6367.033;-76.47444;-160.13556
1960-03-05;-3.74175;-5.946635;-4.6411843;744.8835;0.6541952;211.37993;100.0;0.37661657;279.69336;1346.5576;11.92528;-0.10840967;0.0;0.1039803;0.103995204;0.0;11.378501;761.7336;3003.2473;-656.4828;6068.2124;-82.55444;-129.43556
1960-03-06;-4.198181;-6.250895;-4.7961745;742.2749;0.9465032;232.0966;100.0;0.38478017;275.87012;1396.5658;1.5283704;-0.15682168;0.0;0.10357797;0.10357797;0.0;1.3885274;1152.4585;4760.206;-821.44775;5879.819;-118.575554;-214.44778
1960-03-07;-4.8332825;-5.549713;-4.560234;739.0066;0.570268;186.25287;100.0;0.3965285;269.16537;1471.9645;22.475943;-0.05001109;0.0;0.10316074;0.10316819;0.0;22.35905;406.95834;1682.0642;-336.65277;6417.1143;-38.337776;-106.44444
1960-03-08;-6.2825775;-7.502819;-4.99123;739.0843;0.8914183;239.46721;100.0;0.4112163;259.9977;1582.3975;4.924649;-0.13904274;0.0;0.10275841;0.10276586;0.0;4.843794;1111.1938;4761.729;-971.06;5654.75;-105.187775;-300.78445
1960-03-09;-7.614811;-10.290467;-6.885595;740.7969;0.79800606;196.67175;100.0;0.41339;264.45865;1564.6566;0.1850754;-0.15604869;0.0;0.102356076;0.102348626;0.0;0.18462539;1352.3073;5686.472;-1264.1927;5097.817;-117.50667;-277.38333
1960-03-10;-5.8273215;-7.9630775;-7.0326743;740.9512;0.7105201;212.67082;100.0;0.41395152;269.34537;1537.4349;2.9784696;-0.11788402;0.0;0.101938844;0.101946294;0.0;2.9724092;1184.7278;4831.492;-655.6578;5930.024;-88.33945;-238.82777
1960-03-11;-4.3979874;-5.391314;-4.9928412;736.8211;0.7598799;142.05025;100.0;0.42206156;265.88736;1585.8969;13.437051;-0.07846113;0.0;0.10155141;0.10154396;0.0;13.344355;653.4769;2725.913;-172.27777;6696.197;-59.534443;-168.95778
1960-03-12;-7.605352;-11.422187;-5.2390237;737.6441;1.5494748;54.21222;100.0;0.43751124;258.76236;1689.9414;9.783014;-0.39726868;0.0;0.10114908;0.10114908;0.0;9.780839;790.7228;3395.944;-632.7889;5928.6387;-309.33667;-287.18
1960-03-13;-9.549769;-15.32907;-8.996643;743.8899;1.4850758;31.249445;100.0;0.44094458;261.9935;1684.0006;0.008317828;-0.15946013;0.0;0.10074675;0.1007542;0.0;0.006981194;1483.0105;6273.048;-1910.9467;4066.6917;-119.80222;-238.14333
1960-03-14;-9.063075;-15.699081;-12.464757;745.04346;1.0678643;85.03183;100.0;0.4409044;266.7412;1653.4017;0.00085532654;-0.040203333;0.0;0.10035932;0.10035932;0.0;0.0;1581.3663;6506.2944;-1831.0605;3925.5417;-28.815;-181.53555
1960-03-15;-7.602539;-18.136557;-14.022595;745.8438;1.0181388;73.760704;100.0;0.44089326;270.40625;1631.307;0.0012867758;-0.02971571;0.0;0.09998679;0.09997934;0.0;0.0;1641.8347;6580.0166;-1694.0024;4019.9402;-22.401112;-144.83556
1960-03-16;-7.0761986;-15.354878;-13.403726;746.4095;0.95522815;80.395454;100.0;0.4408767;273.75552;1611.4095;0.0058472157;-0.017755665;0.0;0.09961426;0.09961426;0.0;0.004157424;1492.3645;5826.1655;-1224.2172;4734.3755;-14.006111;-170.35889
1960-03-17;-6.423218;-12.754725;-12.569946;747.4768;1.0028077;73.48263;100.0;0.44088587;277.1852;1591.5527;0.025842866;0.004934147;0.0;0.09924173;0.09924173;0.0;0.020079315;1591.1572;6059.242;-1408.4584;4586.7563;3.7922223;-164.58333
1960-03-18;-5.1954765;-10.431587;-11.938186;747.74554;0.9287977;173.28511;100.0;0.4409087;280.6273;1572.225;0.013101636;0.010614283;0.0;0.098884106;0.098884106;0.0;0.011272728;1761.6666;6548.108;-1384.4384;4701.2246;8.216666;-179.15889
1960-03-19;-4.934475;-8.726342;-9.703597;749.195;1.0380611;91.28002;100.0;0.44094217;284.3125;1551.9613;0.049838684;0.0035651028;0.0;0.09852648;0.09851903;0.0;0.04214421;1708.167;6205.1978;-1265.0547;5103.9346;2.6655555;-208.86111
1960-03-20;-2.550293;-12.328637;-7.8534293;749.2488;1.0189338;150.49219;100.0;0.44094336;288.42545;1529.9886;0.001847744;-0.07741433;0.0;0.09816885;0.0981614;0.0;0.0014044344;1683.7341;5970.3613;-1257.2125;5254.349;-60.92;-188.10889
1960-03-21;-0.63757324;-10.017039;-6.7516885;747.26825;0.7266354;240.39795;100.0;0.44088528;292.78906;1506.8359;0.28424767;-0.061343424;0.0;0.09781122;0.09781122;0.0;0.14626607;1876.0427;6502.0415;-1424.882;5122.122;-48.27889;-194.08778
1960-03-22;-3.234375;-4.3976035;-4.8964286;742.241;0.5326038;131.86098;100.0;0.4663868;275.67612;1689.3717;36.720387;0.00087637454;0.0;0.097453594;0.097461045;0.0;35.21473;337.78946;1434.4155;-170.09389;6638.156;0.66444445;-52.538887
1960-03-23;-4.226064;-5.476339;-4.3913827;741.2216;0.76019067;145.45589;100.0;0.4811363;271.96255;1770.1823;4.3932824;-0.074731186;0.0;0.09711087;0.09710342;0.0;4.2739363;980.87445;4155.509;-847.805;5858.379;-58.256668;-246.60777
1960-03-24;-3.8749592;-5.984609;-4.883719;739.86945;0.90207386;173.25722;100.0;0.48523796;276.16016;1758.3414;2.7760477;-0.091489404;0.0;0.09675324;0.09676069;0.0;2.7008877;1259.461;5218.497;-1022.6961;5671.852;-71.12334;-259.10333
1960-03-25;-4.0017395;-7.177358;-4.972525;744.41376;0.9333446;64.35285;100.0;0.48701653;281.86295;1729.248;1.5961051;-0.12808666;0.0;0.096425414;0.09641796;0.0;1.4638603;1438.2766;5807.5405;-1068.6256;5627.7993;-99.704445;-288.53445
1960-03-26;-4.047953;-7.6661277;-4.822511;747.06494;0.9886904;73.51435;100.0;0.48765147;287.9479;1695.7194;0.06559491;-0.18952414;0.0;0.09608269;0.096067786;0.0;0.056669116;1544.0355;6040.862;-1188.5261;5518.3823;-148.00778;-324.89557
1960-03-27;-3.7224834;-7.3806763;-4.9852853;747.8687;0.90876174;78.28265;100.0;0.48756328;293.986;1660.726;0.1010395;-0.19943528;0.0;0.09572506;0.09572506;0.0;0.07816777;1535.2228;5790.5713;-1078.7367;5636.991;-155.83667;-309.36777
1960-03-28;-2.831258;-5.993235;-4.947683;748.16644;0.92601866;101.64718;100.0;0.48790225;299.53647;1631.3477;0.91420114;-0.077660196;0.004656613;0.100046396;0.09538978;0.053025782;0.601843;1606.685;5864.8296;-1262.755;5381.1367;-59.994446;-238.35222
1960-03-29;-1.6425985;-4.4613137;-4.5696716;749.5495;0.95520157;129.31566;100.0;0.48813984;305.05405;1603.475;0.0001937151;-0.033086166;0.026807189;0.121861696;0.09505451;0.32429397;0.00014528632;1821.7184;6491.542;-1392.375;5325.858;-24.805555;-231.48111
1960-03-30;-1.4923096;-3.6524048;-2.747691;750.57294;0.98352057;116.52279;100.0;0.4882182;311.03677;1573.649;1.5988797;-0.080158934;0.07852912;0.1732558;0.09471923;0.5969889;0.0020638108;1674.5272;5754.759;-958.05664;6029.595;-61.795555;-277.4889
1960-03-31;-0.068471275;-1.4420267;-0.86990356;747.2474;0.72516745;159.86746;100.0;0.49251103;317.68033;1552.775;20.444159;-0.068526715;0.5494654;0.6438494;0.094383955;1.4639311;10.478787;1403.73;4416.05;-488.80945;6717.1177;-52.95111;-224.22333
1960-04-01;-1.0791321;-2.5795796;-0.061083477;743.52606;0.70903826;154.58098;100.0;0.51305574;306.43652;1676.066;12.836859;-0.20689704;0.55508316;0.6491393;0.09406358;3.407795;10.567714;1431.3783;5523.4243;-868.775;6357.5557;-161.61667;-351.64557
1960-04-02;-1.5708414;-3.2149963;-0.23863602;747.82367;1.0041881;134.71118;100.0;0.5127013;312.83463;1642.6595;0.074000016;-0.2468545;0.26601553;0.35974383;0.093743205;2.271723;0.0020042062;1804.0784;5877.7954;-1019.6667;6102.0967;-192.88333;-373.97
1960-04-03;-0.76744586;-4.417063;-0.22900009;746.63086;0.8776937;87.256874;100.0;0.5094206;321.4541;1587.972;1.1817873;-0.3139442;0.44766068;0.54109097;0.09341538;3.8310885;0.22991747;2200.3044;6234.952;-1258.8583;5889.8477;-245.46945;-376.9878
1960-04-04;-1.1729227;-3.2803447;-0.12214788;742.0244;0.92450017;161.39948;100.0;0.5077248;327.3597;1553.3447;6.177026;-0.29948726;0.9678304;1.0609329;0.093102455;6.389059;2.6081057;1698.2556;4525.2134;-767.24054;6451.265;-234.55888;-305.97333
1960-04-05;-2.488393;-3.47877;-0.20416768;746.4482;0.9176607;223.02489;100.0;0.5120379;327.10092;1566.5283;9.498844;-0.36823565;0.120818615;0.21359324;0.09278208;0.6800108;8.711748;1423.0333;4257.2114;-784.435;6346.733;-284.28778;-374.1489
1960-04-06;-1.1393331;-5.441284;-0.30031586;752.0086;1.0376123;72.16303;100.0;0.5133704;331.63412;1550.7812;0.0072509046;-0.4465338;0.39550662;0.48796833;0.092446804;3.088381;0.005528331;2339.96;6971.133;-1579.5309;5458.2476;-339.2089;-382.82
1960-04-07;0.25727335;-5.194987;-0.42315674;754.5761;1.125449;51.282825;100.0;0.51014155;340.21973;1502.2379;0.0004351138;-0.27968362;0.41122735;0.5033612;0.09211898;3.1467192;0.0;2843.4307;7591.661;-1877.645;5168.642;-206.01167;-242.98778
1960-04-08;0.17563884;-2.2517498;-0.17619069;749.3833;1.0957534;55.975693;100.0;0.5073096;346.10483;1466.7155;15.813148;-0.21250826;1.5044808;1.596272;0.0917986;5.6264157;9.544906;1674.4811;4123.417;-537.45447;6733.229;-159.23889;-171.01555
1960-04-09;-1.043691;-3.4764812;-0.08153025;742.69305;1.0270357;107.02398;100.0;0.5104505;340.59116;1500.2441;6.145248;-0.45644307;1.4824569;1.5808046;0.09833276;7.275552;3.011711;1990.3678;6216.9097;-1051.0889;6163.6855;-347.2961;-330.17776
1960-04-10;-2.653127;-5.4594727;-0.31357828;742.09174;0.9268288;113.25345;100.0;0.509472;344.04004;1482.2998;1.5295237;-0.5980879;0.24878979;0.3399849;0.09121001;1.0868516;0.4210025;2215.4678;6562.3076;-1361.2073;5671.9434;-458.16666;-426.78665
1960-04-11;-2.1172078;-4.0339255;-0.28927866;743.6807;0.91916156;124.89679;100.0;0.50929457;350.38803;1454.956;3.4379065;-0.49392506;0.41744113;0.5083978;0.09095669;1.8086396;2.0534322;2294.2896;6183.922;-1117.9745;6046.7896;-377.71335;-413.96777
1960-04-12;-2.6684062;-3.980367;-0.20689774;746.12787;1.0055461;87.6993;100.0;0.50796086;355.54297;1430.542;2.9457986;-0.46831834;0.87982416;0.97055733;0.09071827;3.933549;1.0355562;2076.9956;5492.734;-979.3258;6149.807;-359.27335;-469.17444
1960-04-13;-1.483378;-4.890808;-0.21325938;747.4827;1.0706478;63.96629;100.0;0.5043644;360.83823;1399.1699;1.5762627;-0.6637089;0.831224;0.9217411;0.0905171;4.5023823;0.72126836;2337.9006;5891.905;-1037.5305;6160.021;-510.1411;-367.55112
1960-04-14;-1.6668091;-6.470225;-0.2869161;746.51465;1.3096902;45.101246;100.0;0.504149;362.8226;1390.5436;3.0095134;-0.67191666;0.17286837;0.2632141;0.09034574;1.0372326;2.8766878;1944.1711;5213.34;-1204.5228;5810.401;-517.48224;-289.01
1960-04-15;-0.59313965;-5.9289756;-0.34372202;746.9158;1.0887747;82.57296;100.0;0.50164145;368.90332;1361.3688;0.039890796;-0.6205579;0.71039796;0.8005798;0.09018928;4.256159;0.0020749867;2956.716;7368.628;-1746.1903;5327.1035;-472.3878;-331.0011
1960-04-16;1.3232931;-3.6070454;-0.30153784;748.75946;0.98925894;116.90259;100.0;0.49525282;376.47495;1317.5455;0.16592443;-0.45593175;1.3266355;1.416713;0.09007007;7.587809;0.0;3178.1956;7441.68;-1616.7833;5560.149;-342.6789;-242.69556
1960-04-17;2.2764485;0.15518188;-0.039747875;749.37335;1.0668259;170.49525;100.0;0.48415434;382.27213;1268.4326;9.495642;-0.18721633;5.286664;5.459368;0.1726821;15.209288;0.015426427;2488.6477;5567.967;-657.1506;6791.761;-135.72444;-174.95555
1960-04-18;1.8844808;0.20761108;-0.05329768;745.35596;0.8840573;167.41533;100.0;0.4678023;385.08334;1216.8375;1.388604;-0.225937;4.6788454;5.0123334;0.333488;17.82123;0.0008009374;2695.1855;5819.214;-893.09863;6474.06;-165.46556;-232.50555
1960-04-19;-0.6373291;-1.8254904;-0.10114797;743.44727;0.8713055;221.63574;100.0;0.45459053;387.7015;1174.235;5.0641775;-0.3600791;4.232645;4.3623447;0.12969226;12.037207;1.0069795;2294.8306;4926.526;-745.635;6566.4136;-273.74554;-319.6489
1960-04-20;-0.49829102;-4.1223855;-0.212574;745.59784;1.0329553;89.133514;100.0;0.44379863;392.16177;1133.3008;0.21257703;-0.61545056;3.03787;3.1788497;0.14097244;10.867223;0.0030174851;3122.255;6703.915;-1408.1145;5765.2974;-468.93668;-358.24112
1960-04-21;1.3026022;-1.73526;-0.21714656;747.8536;1.0192853;184.88423;100.0;0.4313648;398.56216;1084.3912;0.4018426;-0.5028937;4.07435;4.170671;0.09633601;13.21518;0.0036880374;3563.5261;7460.295;-1356.6364;5921.3423;-378.49222;-306.64
1960-04-22;2.191803;0.38077798;-0.060263317;748.25555;0.94829875;262.6518;100.0;0.41466376;403.15854;1030.7211;4.111409;-0.37044007;7.1434603;7.461533;0.31807274;18.090193;0.0;3125.5671;6415.2056;-830.98474;6634.2256;-273.15887;-220.58
1960-04-23;1.7670288;0.2223409;-0.0051142373;748.90375;1.2702857;193.75551;100.0;0.3962438;405.76987;978.597;9.194255;-0.3605187;8.919716;9.591103;0.6713718;18.678356;0.06619096;2727.141;5513.4717;-547.9708;6927.5933;-266.7678;-178.11444
1960-04-24;3.1711018;-1.0581461;-0.021727243;747.9463;1.17266;189.45685;100.0;0.37896454;407.72525;931.3151;5.392107;-0.34717935;7.243946;7.85698;0.6130412;17.763868;0.0;2574.4734;5157.096;-745.5114;6679.8047;-254.90334;-94.68222
1960-04-25;3.9736633;0.75217694;-0.047908783;747.56006;0.9588461;180.22382;100.0;0.36012825;410.65005;878.8249;9.335267;-0.3207354;10.786801;12.953938;2.1671205;22.318684;0.0;3338.9038;6626.898;-1036.3702;6388.8154;-231.06833;-149.95222
1960-04-26;1.3096924;0.82177734;-0.007737478;746.14166;0.8015093;220.14923;100.0;0.34762487;410.6787;847.29004;24.103025;-0.084610656;13.699993;15.593111;1.893118;10.462851;1.5574247;1288.5355;2732.9011;-202.57834;7178.662;-60.451668;-107.763336
1960-04-27;0.1496989;-1.2218832;-0.08245468;746.45905;1.0032992;243.30658;100.0;0.33307073;411.67514;810.3841;2.3585677;-0.5360888;7.781327;8.220375;0.43905526;17.671991;0.025749207;3199.1523;6686.7095;-1028.7314;6324.318;-402.40222;-378.2689
1960-04-28;-0.25257364;-1.3540446;-0.14714177;746.61224;0.9443614;135.94102;100.0;0.3187149;416.24576;767.08984;2.8358102;-0.4086569;5.793601;6.7688227;0.9752065;12.309365;0.053413212;2718.7104;5585.6416;-795.35974;6534.9443;-306.6961;-332.0889
1960-04-29;0.28082275;-1.4432169;-0.12517802;747.76483;0.93165034;105.470604;100.0;0.30390528;420.50684;724.1618;2.539581;-0.5022781;7.4144526;8.118704;0.7042512;15.781135;0.018116087;3068.9695;6220.883;-1022.2389;6294.887;-376.99667;-339.89557
1960-04-30;0.42347208;-2.7447815;-0.23646672;750.624;1.0920738;94.84733;100.0;0.28812468;425.92612;678.22266;0.78783035;-0.56448114;6.3870697;6.798759;0.41168928;15.588671;0.0011324883;3432.8916;6873.1445;-1414.539;5813.771;-422.5478;-307.72223
1960-05-01;2.791748;-4.8570046;-0.33814874;753.94635;1.0484669;101.488625;100.0;0.27092656;433.90463;626.5462;0.004051669;-0.49424544;7.39564;7.9363437;0.54070354;18.519133;0.0;4124.7114;8181.99;-1870.49;5387.3936;-359.67557;-169.66556
1960-05-02;3.388631;-2.977071;-0.32927957;754.2607;1.1746045;147.91417;100.0;0.2515314;442.34537;570.59735;0.0052571297;-0.4614396;8.558721;10.147348;1.5886352;19.72207;0.0;3979.7678;7835.0864;-1596.7689;5736.342;-334.59113;-150.31555
1960-05-03;3.8213298;-2.6387634;-0.31763586;752.6928;1.1935328;88.31586;100.0;0.2304445;448.71777;514.8926;0.01193881;-0.43473577;8.756116;9.975105;1.2189895;21.696606;0.0;4055.4722;7937.747;-1592.7161;5772.0234;-312.625;-143.08
1960-05-04;5.2115684;-3.8814595;-0.32578024;753.2461;1.0870887;89.28775;100.0;0.20783906;450.0;462.80923;0.0104397535;-0.4369123;9.896085;11.602402;1.7063096;23.003798;0.0;4111.455;8010.9956;-1492.6539;5924.668;-313.44223;-124.23333
1960-05-05;5.588918;-0.5154012;-0.33734384;754.2732;1.1974648;85.54125;98.265465;0.18384476;450.0;409.6273;0.02747178;-0.37529784;10.914355;13.065428;2.151072;24.31436;0.0;4067.541;7838.649;-1437.4183;6000.2324;-263.93112;-132.34111
1960-05-06;6.3482566;-2.1093853;-0.41524377;753.13214;1.1898637;184.14012;96.02726;0.16005158;450.0;356.81152;0.0032633543;-0.48493686;10.476544;12.690544;2.2139997;23.30187;0.0;4242.582;8055.1157;-1601.6611;5841.148;-344.36;-115.4
1960-05-07;6.3045144;-1.2144064;-0.4334437;753.7675;1.3357776;147.57118;94.81152;0.13671319;450.0;304.64682;0.3221959;-0.4279893;10.6672945;13.005436;2.3381412;23.30222;0.0;4022.713;7568.8457;-1379.7172;6095.233;-303.70944;-147.52222
1960-05-08;7.3644104;0.06663004;-0.4757894;754.53754;1.265688;201.58379;94.199135;0.11283481;450.0;251.62761;0.0006645918;-0.41151047;10.253445;13.296708;3.0432715;23.913025;0.0;4095.9106;7666.947;-1463.2833;5996.6323;-288.4889;-148.79889
1960-05-09;8.199931;-0.95218915;-0.41017404;754.59015;1.2095109;129.68698;93.1036;0.088854395;450.0;198.36426;0.0009154546;-0.4967684;10.189801;12.670189;2.4803877;23.581196;0.0;3969.5356;7398.3843;-1149.9155;6405.5054;-352.57443;-157.74556
1960-05-10;9.067515;-1.168162;-0.40945435;753.26825;1.2193664;124.55676;89.04842;0.064303316;450.0;143.8802;0.027835444;-0.71741176;11.543922;15.9847145;4.440777;25.072615;0.0;4331.842;7921.0254;-1282.665;6294.6943;-506.26334;-134.98111
1960-05-11;7.440847;2.2489624;-0.31191888;750.89545;1.0169234;164.96631;84.0957;0.04336663;450.0;97.16797;1.8112808;-0.4028026;7.2247834;11.320055;4.095271;18.347666;0.0;2704.6016;4861.567;-599.20306;6962.9136;-277.9989;-99.77889
1960-05-12;5.8712974;4.4236245;-0.10898463;749.2907;0.99895364;202.83162;64.57682;0.028493008;450.0;63.842773;11.308143;-0.580742;10.545224;15.753388;5.2081423;14.245674;0.0;2641.294;4323.9224;-475.75665;7171.0957;-397.77667;-189.00111
1960-05-13;6.270233;0.70332843;-0.9146754;749.96;1.0945514;248.49443;35.0437;0.0152647095;450.0;34.261066;0.09562075;-1.934724;4.30727;10.053605;5.74632;12.069758;0.0;5146.1807;7435.8755;-1700.9264;6168.1577;-1349.3456;-684.6878
1960-05-14;6.507772;-2.0435486;-1.5375048;750.8852;1.2059337;204.84935;16.735596;0.007291039;450.0;16.601562;0.0009566545;-2.5512624;1.8494576;7.9656096;6.1161594;5.7139063;0.0;6225.2734;8385.934;-2389.7095;5525.282;-1776.5773;-816.00665
1960-05-15;6.923075;-0.77473956;-1.1890246;749.27264;1.5954252;247.14136;7.8538413;0.003423214;450.0;7.6904297;0.37426353;-2.720992;0.83994865;6.9622545;6.1222987;2.6188045;0.0;5756.7896;7493.8413;-2064.546;5938.2344;-1894.4478;-1035.9989
1960-05-16;5.1864114;-3.4980977;-1.6247534;747.8891;1.3376598;248.88182;3.7298992;0.0016268492;450.0;3.6621094;0.0008583069;-2.9722183;0.31912327;6.374091;6.054975;1.2083874;0.0;6324.617;8099.6377;-2441.8025;5520.503;-2067.0305;-1247.8611
1960-05-17;2.74705;-4.4496155;-1.8887991;747.7041;1.3939986;146.57056;1.903483;0.00083533925;450.0;2.319336;1.9458709;-2.559225;0.45657158;6.3975306;5.940966;0.5005747;0.0;5817.472;7391.641;-2258.8018;5549.4233;-1779.25;-1443.6389
1960-05-18;3.570343;-4.178579;-1.7539558;750.30176;0.81764776;97.85375;1.0244955;0.00044802824;450.0;1.3020834;0.4249724;-2.6234648;0.13720989;5.923137;5.7859273;0.3038086;0.0;5779.145;7311.585;-2287.314;5628.83;-1822.8177;-1143.4344
1960-05-19;6.7720437;-1.3335673;-1.1534361;751.71533;1.1492351;98.50555;0.48038736;0.00020825863;450.0;0.44759116;0.07582307;-3.2488964;0.05365908;5.6498795;5.596213;0.19439682;0.0;6590.265;8311.857;-2531.1062;5687.56;-2256.9756;-1043.8867
1960-05-20;6.020864;0.4654541;-0.6860237;751.198;1.0617951;59.20705;0.19905598;8.646647e-05;450.0;-7.345365e-21;5.0292406;-2.614284;0.94822794;6.332755;5.384535;0.07370487;0.0;5415.5635;6815.1665;-2103.129;6117.3047;-1816.0688;-1006.68225
1960-05-21;9.215332;-0.35627237;-0.6218707;751.46576;1.0856893;70.29191;0.08243815;3.5564106e-05;433.9707;-7.345365e-21;0.00044107434;-3.7158523;0.007674098;5.16817;5.1605105;0.037688762;0.0;6653.995;8361.575;-2488.3242;5968.6445;-2581.2878;-888.98553
1960-05-22;10.506673;-1.2733154;-0.21975708;750.55914;1.1895809;115.45709;0.028401693;1.2040138e-05;428.5309;-7.345365e-21;0.0;-3.892135;0.0026375055;4.933059;4.9304366;0.01392886;0.0;6667.4893;8367.764;-2513.828;6051.4277;-2703.7395;-894.13776
1960-05-23;10.093913;1.4018656;-0.042616528;751.8196;1.1657232;108.58332;0.009765625;4.251798e-06;428.09375;-7.345365e-21;1.1998117;-3.145774;0.16234815;4.866213;4.70385;0.0045225024;0.0;5822.7866;7299.309;-2191.8118;6392.9487;-2185.2644;-983.6289
1960-05-24;10.627217;0.90201825;-0.029858908;754.37445;1.2358141;108.59314;0.0035807292;1.5894572e-06;428.09375;-7.345365e-21;0.2214998;-3.6540291;0.02670288;4.51082;4.484132;0.0016726553;0.0;6266.3457;7847.0166;-2243.8005;6419.951;-2538.3328;-992.99
1960-05-25;11.875529;2.3426514;-0.015577952;755.78656;1.2124401;99.03705;0.0008951823;3.973643e-07;428.09375;-7.345365e-21;0.9225607;-3.6934185;0.11314452;4.3853817;4.272245;0.00055879354;0.0;6200.3364;7756.0356;-2297.3994;6481.573;-2565.6943;-794.49335
1960-05-26;13.4669695;0.07356771;0.009976705;754.5717;1.1760365;117.98828;0.0;-7.3453654e-25;428.09375;-7.345365e-21;0.03402233;-3.3035297;0.003799796;4.075065;4.0712504;0.00016391277;0.0;5280.5923;6598.3657;-1918.0103;6871.6436;-2294.8523;-577.01556
1960-05-27;12.79662;1.4283752;-1.0157127;753.6705;0.96076804;176.54387;0.0;-7.3453654e-25;264.8444;-7.345365e-21;0.51668286;-2.855951;0.05440414;3.9366186;3.8822145;4.4703484e-05;0.0;4751.1045;5930.3745;-1788.6183;7013.81;-1983.9333;-566.2122
1960-05-28;13.431213;0.240153;-2.1406581;753.6308;0.98942685;113.55777;0.0;-7.3453654e-25;110.244446;-7.345365e-21;0.0048577785;-3.7023249;0.0004917383;3.703922;3.7034378;2.2351742e-05;0.0;6216.114;7750.8667;-2279.0388;6611.9487;-2571.8823;-852.5967
1960-05-29;12.506581;2.2714844;-0.3591067;751.34467;1.3472096;102.81199;0.0;-7.3453654e-25;100.511696;-7.345365e-21;2.2882998;-3.4052413;0.25632977;3.79166;3.5353155;3.7252903e-06;0.0;6023.8174;7503.1357;-2264.9634;6671.573;-2365.5078;-1030.7311
1960-05-30;10.768605;-0.61435956;0.00995636;748.38495;1.442387;208.65712;0.0;-7.3453654e-25;99.99998;-7.345365e-21;0.00085234636;-3.6444385;8.940697e-05;3.3780634;3.3779593;0.0;0.0;6852.2754;8526.106;-2773.0764;5896.43;-2531.6711;-1403.3212
1960-05-31;8.309143;-0.42027792;0.010171254;747.92487;1.4744473;186.43352;0.0;-7.3453654e-25;99.99998;-7.345365e-21;0.0008523463;-3.0251498;8.940697e-05;3.2303185;3.230229;0.0;0.0;6495.6104;8073.6167;-2550.479;5948.217;-2101.4712;-1643.2611
1960-06-01;8.128316;0.78275555;0.009928386;750.1055;1.3574852;216.64473;0.0;-7.3453654e-25;99.99998;-7.345365e-21;0.5822867;-2.490704;0.052802265;3.1456947;3.0928924;0.0;0.0;5673.3115;7044.027;-2208.713;6254.9023;-1730.2095;-1556.7367
1960-06-02;10.887573;1.9610697;0.010225932;752.0525;1.1085297;175.83472;0.0;-7.3453654e-25;99.99998;-7.345365e-21;1.4238775;-3.0552764;0.14464557;3.1086354;2.9639974;0.0;0.0;6455.09;8006.4;-2262.4167;6555.3833;-2122.399;-1434.7966
1960-06-03;10.62736;-1.1792399;0.010423024;750.6141;1.7185572;209.16505;0.0;-7.3453654e-25;99.99998;-7.345365e-21;0.9279511;-3.359655;0.08755922;2.9304922;2.842918;0.0;0.0;6476.7393;8024.823;-2491.6973;6211.202;-2333.84;-1584.3278
1960-06-04;7.8342896;-0.685201;0.009663899;750.7705;1.3889704;215.53857;0.0;-7.3453654e-25;99.99998;-7.345365e-21;0.60836077;-2.6146927;0.050902367;2.7803035;2.7293935;0.0;0.0;6296.1987;7792.951;-2523.87;5946.0024;-1816.34;-1832.461
1960-06-05;6.8676453;-0.56291705;0.00975291;749.7234;1.3263654;143.86354;0.0;-7.3453654e-25;99.99998;-7.345365e-21;0.96437335;-2.5814605;0.07864833;2.701968;2.623327;0.0;0.0;6210.153;7678.319;-2403.3367;6052.3267;-1793.2544;-1823.0477
1960-06-06;7.3133035;-0.8717753;0.010232289;751.3106;1.0757161;105.37026;0.0;-7.3453654e-25;99.99998;-7.345365e-21;0.8842051;-2.6659706;0.071555376;2.595216;2.5236754;0.0;0.0;6211.955;7672.332;-2453.8923;6083.48;-1851.961;-1646.41
1960-06-07;8.651683;-0.013234456;0.010158539;752.3863;1.0833712;96.82177;0.0;-7.3453654e-25;99.99998;-7.345365e-21;0.90549886;-2.8715599;0.07130206;2.5007277;2.4294183;0.0;0.0;6602.9277;8146.779;-2558.7056;6127.2627;-1994.7766;-1694.3234
1960-06-08;9.555491;0.7127177;0.009881337;752.1888;1.0740956;90.890625;0.0;-7.3453654e-25;99.99998;-7.345365e-21;0.5429685;-2.8186963;0.042036176;2.3824275;2.340369;0.0;0.0;6486.596;7994.82;-2586.875;6193.9136;-1958.0544;-1550.8678
1960-06-09;10.704478;1.4336447;0.010068257;751.6103;1.1208264;72.79406;0.0;-7.3453654e-25;99.99998;-7.345365e-21;2.7319705;-2.8159823;0.25708973;2.5132596;2.2561698;0.0;0.0;6342.01;7808.487;-2586.4272;6281.9775;-1956.169;-1445.1934
1960-06-10;11.246959;-0.61757404;0.01000468;752.05536;1.2902689;118.59872;0.0;-7.3453654e-25;99.99998;-7.345365e-21;0.3603518;-3.0411427;0.027164817;2.2039266;2.1767542;0.0;0.0;6348.245;7807.988;-2556.5496;6307.73;-2112.58;-1347.3578
1960-06-11;12.40743;-1.1093546;0.00972112;751.1811;1.270054;108.75356;0.0;-7.3453654e-25;99.99998;-7.345365e-21;0.07878285;-3.002759;0.0054985285;2.1066813;2.101183;0.0;0.0;6603.7837;8113.771;-2661.797;6288.308;-2085.9167;-1467.1923
1960-06-12;13.030711;-2.567393;0.009844462;749.0488;1.3398685;117.96427;0.0;-7.3453654e-25;99.99998;-7.345365e-21;0.0034229478;-2.9309635;0.0002682209;2.0295978;2.0293446;0.0;0.0;6876.343;8439.878;-2842.601;6188.8384;-2036.0411;-1582.1022
1960-06-13;14.292134;-1.7778219;0.009897868;750.596;1.20017;146.78856;0.0;-7.3453654e-25;99.99998;-7.345365e-21;0.0;-2.8228908;0.0;1.9609779;1.9609779;0.0;0.0;6819.9155;8361.911;-2815.2278;6414.6304;-1960.9678;-1532.5289
1960-06-14;14.843974;-3.3147278;0.0101076765;751.98883;1.3910235;117.82342;0.0;-7.3453654e-25;99.99998;-7.345365e-21;0.0029900984;-2.528662;0.00020861626;1.8962026;1.8960088;0.0;0.0;6591.8315;8073.779;-2877.5;6385.4287;-1756.5767;-1560.7567
1960-06-15;13.838898;-2.5183105;0.009821574;751.6934;1.3784008;120.206795;0.0;-7.3453654e-25;99.99998;-7.345365e-21;0.04806127;-2.2659209;0.003412366;1.8377453;1.8343403;0.0;0.0;6831.0146;8358.089;-2951.6433;6300.001;-1574.0588;-1874.0778
1960-06-16;13.129567;0.14835612;0.009774526;749.86237;1.1394817;98.31017;0.0;-7.3453654e-25;99.99998;-7.345365e-21;0.03578663;-2.0360575;0.0023543835;1.778096;1.7757267;0.0;0.0;6512.089;7966.7676;-2785.439;6536.0957;-1414.3811;-1874.9478
1960-06-17;12.644307;3.0187378;0.010070801;749.64655;1.1870278;111.92642;0.0;-7.3453654e-25;99.99998;-7.345365e-21;1.3318956;-1.782909;0.09661913;1.8169582;1.720354;0.0;0.0;5534.907;6770.4277;-2373.65;6903.6987;-1238.5278;-1575.5477
1960-06-18;13.184062;3.4470825;0.009899139;750.0368;1.085159;82.48732;0.0;-7.3453654e-25;99.99998;-7.345365e-21;0.5595803;-2.053367;0.036522746;1.7045438;1.668036;0.0;0.0;5766.7217;7053.1123;-2403.7034;6918.21;-1426.4066;-1543.3589
1960-06-19;14.595286;1.4653524;0.010060628;748.4897;1.5538229;153.10994;0.0;-7.3453654e-25;99.99998;-7.345365e-21;0.0033325814;-2.1695569;0.00020861626;1.6179532;1.6177446;0.0;0.0;6615.1646;8089.751;-2768.9329;6634.243;-1507.1189;-1928.9967
1960-06-20;12.342133;0.71205646;0.0097134905;746.1748;1.6352835;172.29439;0.0;-7.3453654e-25;99.99998;-7.345365e-21;0.44212896;-1.7893854;0.028192997;1.597777;1.569584;0.0;0.0;6660.76;8144.52;-2697.3523;6561.927;-1243.0266;-2439.0066
1960-06-21;11.931752;1.6489767;0.010033925;746.4815;1.2453407;157.43886;0.0;-7.3453654e-25;99.99998;-7.345365e-21;0.0012678365;-1.8616095;8.940697e-05;1.5237927;1.5237033;0.0;0.0;6742.128;8242.876;-2858.4006;6407.588;-1293.1989;-2276.0544
1960-06-22;12.098104;-0.93885297;0.010270436;747.6174;1.2660506;169.49309;0.0;-7.3453654e-25;99.99998;-7.345365e-21;0.09102225;-1.5088525;0.0056922436;1.4856309;1.4799535;0.0;0.0;6203.906;7583.8623;-2725.976;6440.303;-1048.1489;-2203.0234
1960-06-23;13.19637;0.11349487;0.009845734;749.81256;1.2219806;145.88008;0.0;-7.3453654e-25;99.99998;-7.345365e-21;0.0008523463;-1.6621649;5.9604645e-05;1.4380813;1.4380217;0.0;0.0;6633.475;8107.9287;-2909.9377;6471.508;-1154.65;-2164.36
1960-06-24;14.239949;-1.6645101;0.010130565;751.6076;1.2274418;150.75713;0.0;-7.3453654e-25;99.99998;-7.345365e-21;0.0008583069;-1.690546;5.9604645e-05;1.3976246;1.397565;0.0;0.0;7073.0034;8644.127;-3336.295;6132.471;-1174.3645;-2178.1333
1960-06-25;16.367218;-4.8102927;0.00976944;752.0246;1.212174;107.28158;0.0;-7.3453654e-25;99.99998;-7.345365e-21;0.0;-1.7162058;0.0;1.3586879;1.3586805;0.0;0.0;7175.915;8768.769;-3563.869;6059.852;-1192.1912;-1893.4944
1960-06-26;17.102;-5.497874;0.010115306;751.19727;1.3741883;126.12643;0.0;-7.3453654e-25;99.99998;-7.345365e-21;0.0;-1.6757734;0.0;1.3213456;1.3213456;0.0;0.0;7176.6255;8768.485;-3602.83;6142.3857;-1164.1045;-1904.6111
1960-06-27;15.582662;4.7545066;0.009966533;750.99756;1.8675946;38.586643;0.0;-7.3453654e-25;99.99998;-7.345365e-21;0.0;-1.4011096;0.0;1.2855828;1.2855977;0.0;0.0;6780.9644;8283.781;-2947.7444;6794.885;-973.30334;-2365.4856
1960-06-28;16.862906;5.851827;0.0099487305;748.79004;1.5436596;50.39847;0.0;-7.3453654e-25;99.99998;-7.345365e-21;0.0032901762;-1.4419928;0.0001937151;1.2514591;1.2512654;0.0;0.0;6678.7866;8158.1157;-2968.935;6942.457;-1001.7033;-2171.7334
1960-06-29;15.861481;6.6411133;0.010108948;746.71045;1.1938778;63.339005;0.0;-7.3453654e-25;99.99998;-7.345365e-21;1.9266754;-1.376655;0.14075637;1.3592988;1.2185202;0.0;0.0;5641.9272;6890.6113;-2546.9429;7211.539;-956.31665;-1822.8489
1960-06-30;16.596954;2.2911885;0.009864807;745.4698;1.6433978;125.0861;0.0;-7.3453654e-25;99.99998;-7.345365e-21;0.0582397;-2.089072;0.0031739473;1.1904687;1.1873021;0.0;0.0;6552.316;8001.5234;-2868.5994;6845.4834;-1451.2078;-1910.1733
1960-07-01;16.474253;1.1236572;0.009858449;745.6443;1.3638434;117.33619;0.0;-7.3453654e-25;99.99998;-7.345365e-21;0.0012774518;-1.8259538;7.4505806e-05;1.1569709;1.156889;0.0;0.0;6970.9297;8511.629;-3160.1555;6617.117;-1268.43;-2162.9312
1960-07-02;15.729869;1.4831543;0.0101623535;744.95264;1.3634328;107.72659;0.0;-7.3453654e-25;99.99998;-7.345365e-21;0.03502163;-1.4480594;0.0019073486;1.1295527;1.1276529;0.0;0.0;6353.6924;7756.931;-2882.5398;6868.332;-1005.9189;-2070.43
1960-07-03;15.405762;3.8965046;0.009643555;746.53156;1.2241274;74.00706;0.0;-7.3453654e-25;100.00519;-7.345365e-21;0.2097018;-1.279029;0.01168251;1.111418;1.0997504;0.0;0.0;6035.8066;7367.8643;-2646.61;7135.169;-888.4989;-2118.3
1960-07-04;16.06724;1.7349447;0.00978597;745.9204;1.5745372;108.0968;0.0;-7.3453654e-25;99.99998;-7.345365e-21;0.011488108;-1.3369639;0.00059604645;1.073435;1.0728389;0.0;0.0;6358.4517;7760.763;-2900.7156;6880.533;-928.74445;-2213.219
1960-07-05;16.978384;0.5118001;0.010087331;747.872;1.4445199;152.04582;0.0;-7.3453654e-25;99.99998;-7.345365e-21;0.0008583069;-1.3831546;4.4703484e-05;1.046747;1.0466948;0.0;0.0;6917.866;8442.47;-3147.2683;6778.082;-960.83167;-2337.8767
1960-07-06;17.131287;1.2163492;0.01003011;748.62665;1.1786916;150.24146;0.0;-7.3453654e-25;99.99998;-7.345365e-21;0.00042617318;-1.2754183;2.9802322e-05;1.0214746;1.0214522;0.0;0.0;6891.318;8409.035;-3166.1729;6786.249;-885.9911;-2405.4856
1960-07-07;15.78658;0.35549927;0.010175069;747.15326;1.5159463;121.24517;0.0;-7.3453654e-25;99.99998;-7.345365e-21;0.00085234636;-1.2363586;4.4703484e-05;0.9971559;0.9970963;0.0;0.0;6943.297;8471.29;-3268.725;6573.724;-858.8578;-2548.912
1960-07-08;13.890248;3.8619487;0.010033925;748.0938;1.8166507;35.21297;0.0;-7.3453654e-25;99.99998;-7.345365e-21;0.18614203;-1.0009435;0.009953976;0.98386407;0.9739101;0.0;0.0;6039.4707;7367.5024;-2764.1877;6837.742;-695.3222;-2432.881
1960-07-09;14.422414;0.6153361;0.009947459;748.79443;1.7073479;44.51453;0.0;-7.3453654e-25;99.99998;-7.345365e-21;0.0012874597;-1.1830088;5.9604645e-05;0.95161796;0.95155835;0.0;0.0;7020.319;8563.12;-3329.1184;6299.5386;-821.7967;-2553.02
1960-07-10;16.54534;0.3155416;-0.0009028117;749.5246;1.110396;87.056404;0.0;-7.3453654e-25;100.00714;-7.345365e-21;0.011425709;-1.2165587;0.00062584877;0.9303689;0.92974305;0.0;0.0;6574.0723;8017.8022;-3132.274;6802.621;-845.10223;-2106.422
1960-07-11;17.918173;-0.78222656;0.009796143;749.07886;1.2524981;118.26618;0.0;-7.3453654e-25;99.99998;-7.345365e-21;0.0021559116;-1.21208;0.00011920929;0.9087324;0.9086132;0.0;0.0;6625.8955;8079.898;-3172.0396;6884.8677;-841.99225;-2170.56
1960-07-12;15.889485;-4.551687;0.009995778;745.89795;1.6188793;132.4011;0.0;-7.3453654e-25;99.99998;-7.345365e-21;0.0012883474;-1.1022743;7.4505806e-05;0.8883178;0.88825077;0.0;0.0;7038.2944;8581.684;-3412.2864;6363.5347;-765.7133;-2653.4321
1960-07-13;12.528717;3.1207988;0.01027298;746.49756;1.2013685;81.08434;0.0;-7.3453654e-25;99.99998;-7.345365e-21;4.045516;-1.1929274;0.26540458;1.1343807;0.8689612;0.0;0.0;5404.0566;6588.176;-2339.8694;7121.3257;-828.68665;-2146.85
1960-07-14;13.174469;5.5077415;0.009971619;747.9829;1.140248;60.833736;0.0;-7.3453654e-25;99.99998;-7.345365e-21;0.6166654;-2.0059292;0.033050776;0.88374317;0.85068494;0.0;0.0;5698.621;6946.477;-2314.81;7118.827;-1393.4523;-1827.8589
1960-07-15;15.311971;2.0560405;0.009880066;749.3638;1.4436984;109.643;0.0;-7.3453654e-25;99.99998;-7.345365e-21;0.0023186207;-1.9042008;0.00011175871;0.8328706;0.8327663;0.0;0.0;6119.195;7458.213;-2732.1895;6797.789;-1322.7844;-1849.63
1960-07-16;16.839935;0.49299112;0.009848277;752.1785;1.3106959;104.42152;0.0;-7.3453654e-25;99.99998;-7.345365e-21;0.00086630374;-1.8160269;4.4703484e-05;0.8151382;0.8150935;0.0;0.0;6916.2783;8427.777;-3209.0732;6577.4624;-1261.5333;-2079.0166
1960-07-17;17.725748;-1.9545695;0.009735107;753.10956;1.3493918;101.62899;0.0;-7.3453654e-25;99.99998;-7.345365e-21;0.0008523463;-1.5073661;5.9604645e-05;0.7978678;0.797838;0.0;0.0;7056.402;8596.6;-3501.8533;6432.8354;-1047.1178;-2062.9678
1960-07-18;18.812967;3.5380147;0.009902954;751.12695;1.2944962;57.733532;0.0;-7.3453654e-25;99.99998;-7.345365e-21;0.00085234636;-1.2999959;4.4703484e-05;0.78107417;0.78102946;0.0;0.0;6875.807;8374.736;-3211.4644;7023.219;-903.06445;-2141.4656
1960-07-19;18.771118;4.4163003;0.0096588135;747.7369;1.537695;111.26733;0.0;-7.3453654e-25;99.99998;-7.345365e-21;0.014246834;-1.093381;0.00062584877;0.76538324;0.7647574;0.0;0.0;6410.7407;7806.4907;-3013.2932;7162.4277;-759.5356;-2239.14
1960-07-20;15.90273;4.078491;0.010177612;746.897;1.4444656;88.30523;0.0;-7.3453654e-25;100.00779;-7.345365e-21;0.20017458;-0.88926965;0.010088086;0.7593483;0.74925274;0.0;0.0;5527.5015;6729.316;-2613.8093;7220.2417;-617.74664;-2087.1445
1960-07-21;14.0225115;6.582682;0.009815216;748.8483;1.5080777;57.983837;0.0;-7.3453654e-25;99.99998;-7.345365e-21;3.2427342;-1.0756235;0.21070242;0.94521046;0.73450804;0.0;0.0;5253.669;6394.5166;-2207.5098;7451.1436;-747.2;-2264.2922
1960-07-22;14.2524;5.294535;0.009975433;749.99384;1.3548388;71.361824;0.0;-7.3453654e-25;99.99998;-7.345365e-21;0.91043115;-1.8520299;0.04902482;0.76937675;0.72033703;0.0;0.0;5542.7417;6745.094;-2359.6216;7140.81;-1286.5433;-1796.1056
1960-07-23;14.430348;4.7096047;0.009802501;750.176;1.2479755;91.89701;0.0;-7.3453654e-25;99.99998;-7.345365e-21;0.22357702;-1.7839885;0.011146069;0.7176101;0.7064864;0.0;0.0;5563.286;6768.5767;-2417.325;7142.843;-1239.2778;-1702.7178
1960-07-24;14.80428;5.9971414;0.009929657;750.74615;1.1646899;78.62501;0.0;-7.3453654e-25;100.00519;-7.345365e-21;1.7471672;-1.5954254;0.11086464;0.80385804;0.6929785;0.0;0.0;5565.0923;6769.1436;-2450.5884;7201.352;-1108.2883;-1763.1589
1960-07-25;16.48171;2.9168599;0.010242462;750.7742;0.9731174;83.69526;0.0;-7.3453654e-25;100.00519;-7.345365e-21;0.0027954578;-1.9156784;0.00013411045;0.6799698;0.6798357;0.0;0.0;5767.0054;7013.3267;-2595.765;7159.916;-1330.7578;-1501.0422
1960-07-26;17.940826;2.5816243;0.009799957;750.8609;1.0277692;54.0923;0.0;-7.3453654e-25;99.99998;-7.345365e-21;0.010704993;-1.6057267;0.000461936;0.6673932;0.6669164;0.0;0.0;6039.983;7343.6377;-2736.9307;7269.4443;-1115.4445;-1732.43
1960-07-27;19.007904;1.868693;0.009663899;751.6092;1.2592736;83.17168;0.0;-7.3453654e-25;99.99998;-7.345365e-21;0.002160552;-1.3639778;0.00011920929;0.65431;0.65421313;0.0;0.0;6596.0815;8017.919;-3086.3838;7131.507;-947.51;-2092.7878
1960-07-28;19.169748;3.106364;0.0102335615;753.0859;1.2644248;56.215546;0.0;-7.3453654e-25;99.99998;-7.345365e-21;0.0072568655;-1.0751635;0.00031292439;0.64215064;0.6418377;0.0;0.0;6121.9043;7439.8584;-2949.4802;7294.317;-746.88;-1986.8578
1960-07-29;18.795523;2.8526;0.009946187;754.2481;1.7256781;39.73102;0.0;-7.3453654e-25;99.99998;-7.345365e-21;0.00071525574;-0.9922069;5.9604645e-05;0.6298721;0.6298423;0.0;0.0;6478.2744;7871.305;-3124.2898;7051.1665;-689.25336;-2359.4233
1960-07-30;18.645163;-1.3589071;0.010133107;753.4554;1.685381;38.218216;0.0;-7.3453654e-25;99.99998;-7.345365e-21;0.0;-0.98821336;0.0;0.61812997;0.61812997;0.0;0.0;6698.4517;8136.9727;-3391.3674;6738.9087;-686.4789;-2310.7344
1960-07-31;18.69039;-3.064555;0.009844462;750.7388;1.317789;54.612637;0.0;-7.3453654e-25;99.99998;-7.345365e-21;0.0012774862;-0.98298675;5.9604645e-05;0.6068051;0.6067306;0.0;0.0;6735.027;8179.5576;-3466.0396;6695.138;-682.8478;-2217.0422
1960-08-01;18.38263;-3.3469136;0.00989151;747.74164;1.3504902;117.84048;0.0;-7.3453654e-25;99.99998;-7.345365e-21;0.00044107434;-0.9378009;2.9802322e-05;0.595659;0.59563667;0.0;0.0;6703.9907;8139.93;-3426.425;6663.141;-651.45886;-2373.2122
1960-08-02;15.880554;0.9949544;0.009624481;747.3184;1.1411772;112.57217;0.0;-7.3453654e-25;99.99998;-7.345365e-21;0.5465101;-0.9213053;0.027537346;0.6124675;0.5849153;0.0;0.0;6332.8184;7687.601;-2972.3723;6902.777;-640.0;-2491.1611
1960-08-03;15.669545;3.493225;0.009881337;748.4812;1.2076973;108.01782;0.0;-7.3453654e-25;99.99998;-7.345365e-21;0.49973506;-1.0367576;0.024482608;0.5991459;0.5746633;0.0;0.0;5764.045;6995.6177;-2681.4172;7141.1587;-720.2011;-2194.088
1960-08-04;16.318136;2.0573323;0.009957631;749.2475;1.1514963;127.7584;0.0;-7.3453654e-25;99.99998;-7.345365e-21;0.018829107;-1.1183228;0.0009834766;0.5656183;0.5646199;0.0;0.0;6373.8643;7733.947;-3041.135;6870.906;-776.8611;-2302.5833
1960-08-05;16.513855;0.6277364;0.0097516375;749.4035;1.1394591;101.246895;0.0;-7.3453654e-25;99.99998;-7.345365e-21;0.014024973;-0.93877876;0.0005364418;0.5552918;0.55475533;0.0;0.0;6048.3076;7337.2734;-2929.6296;7020.6846;-652.1389;-2142.2434
1960-08-06;16.117563;4.6721497;0.009890239;749.03174;1.2022119;64.71737;0.0;-7.3453654e-25;99.99998;-7.345365e-21;0.3091663;-0.8523082;0.015720725;0.5609244;0.5452037;0.0;0.0;5757.205;6982.6313;-2828.8445;7075.0693;-592.07;-2128.7134
1960-08-07;17.508982;2.1828308;0.009864807;748.4738;1.2672355;100.8881;0.0;-7.3453654e-25;99.99998;-7.345365e-21;0.0017046923;-0.9778682;8.940697e-05;0.53596497;0.53589046;0.0;0.0;6364.0225;7716.8906;-3119.8232;6861.5444;-679.29333;-2276.6533
1960-08-08;17.45049;-2.3163655;0.01007843;749.08185;1.5412145;165.84706;0.0;-7.3453654e-25;99.99998;-7.345365e-21;0.0012879082;-0.87373143;7.4505806e-05;0.52680075;0.52674115;0.0;0.0;6640.6304;8050.439;-3334.7778;6596.0645;-606.9522;-2500.4111
1960-08-09;16.939392;-3.7028198;0.009824117;749.89575;1.2139837;157.5034;0.0;-7.3453654e-25;99.99998;-7.345365e-21;0.00044107434;-0.8296473;2.9802322e-05;0.51784515;0.5178228;0.0;0.0;6542.845;7930.222;-3361.3433;6552.3037;-576.32776;-2332.7512
1960-08-10;17.659811;-3.3153584;0.009611766;748.52026;1.2658385;143.17479;0.0;-7.3453654e-25;99.99998;-7.345365e-21;0.00042758806;-0.8384026;2.9802322e-05;0.5091429;0.509128;0.0;0.0;6631.475;8035.8223;-3486.1995;6502.249;-582.41;-2307.5488
1960-08-11;16.83671;-2.1983032;0.009928386;746.5366;1.4349462;133.97658;0.0;-7.3453654e-25;99.99998;-7.345365e-21;0.0013128602;-0.7710988;5.9604645e-05;0.5007386;0.5006641;0.0;0.0;6635.063;8038.4194;-3376.917;6501.8213;-535.6578;-2474.8777
1960-08-12;16.613626;0.80255127;0.009963989;747.9737;1.1137322;102.95045;0.0;-7.3453654e-25;99.99998;-7.345365e-21;0.00044107434;-0.79444796;2.9802322e-05;0.49239397;0.49237907;0.0;0.0;6501.4976;7874.825;-3273.162;6715.5684;-551.87555;-2379.84
1960-08-13;17.217356;3.7367656;0.009808858;751.2068;1.52059;39.903595;0.0;-7.3453654e-25;99.99998;-7.345365e-21;0.0019907951;-0.77084076;0.00011920929;0.48437715;0.48428774;0.0;0.0;6415.012;7768.3496;-3203.9922;6838.26;-535.4767;-2353.2556
1960-08-14;18.363525;3.6195679;0.00990804;752.9095;1.6834768;40.407417;0.0;-7.3453654e-25;99.99998;-7.345365e-21;0.0017242183;-0.77455395;8.940697e-05;0.47649443;0.47639757;0.0;0.0;6563.033;7945.8115;-3487.155;6582.7026;-538.05664;-2235.0532
1960-08-15;19.681864;2.7620037;0.009685516;751.2178;1.3366688;96.11553;0.0;-7.3453654e-25;99.99998;-7.345365e-21;0.0022091581;-0.79375875;8.940697e-05;0.46879053;0.46870112;0.0;0.0;6302.5537;7628.7207;-3225.221;7019.275;-551.39777;-2092.9822
1960-08-16;19.69993;1.2540385;0.009848277;749.30853;1.3161114;118.767006;0.0;-7.3453654e-25;99.99998;-7.345365e-21;0.00042617318;-0.80285597;1.4901161e-05;0.46119094;0.46117604;0.0;0.0;6391.117;7734.9683;-3281.6223;7032.262;-557.7167;-2213.3645
1960-08-17;18.42633;-1.6993103;0.009993236;748.751;1.371308;154.0413;0.0;-7.3453654e-25;100.00259;-7.345365e-21;0.00042617318;-0.74992144;1.4901161e-05;0.45384467;0.45382977;0.0;0.0;6478.36;7839.641;-3504.8606;6545.121;-520.94556;-2350.341
1960-08-18;17.460571;-4.1837363;0.00987498;749.5562;1.323727;136.89505;0.0;-7.3453654e-25;99.99998;-7.345365e-21;0.0008613644;-0.7249378;4.4703484e-05;0.44676661;0.4467219;0.0;0.0;6485.739;7847.6533;-3533.946;6355.9233;-503.5889;-2281.869
1960-08-19;16.972198;-2.5093791;0.0101916;751.2254;1.3045686;108.293434;0.0;-7.3453654e-25;99.99998;-7.345365e-21;0.0017281108;-0.71949697;8.940697e-05;0.43983757;0.43976307;0.0;0.0;6352.2334;7685.199;-3368.5388;6533.8457;-499.8111;-2280.771
1960-08-20;17.052795;-2.16568;0.01002121;751.17334;1.1739453;100.98452;0.0;-7.3453654e-25;99.99998;-7.345365e-21;0.0017046968;-0.73352826;8.940697e-05;0.43302774;0.43293834;0.0;0.0;6319.4307;7644.5645;-3363.4744;6612.141;-509.55777;-2160.7444
1960-08-21;17.957428;-0.94159955;0.010197957;751.6237;1.171374;84.228096;0.0;-7.3453654e-25;99.99998;-7.345365e-21;0.004351139;-0.7324759;0.00014901161;0.42642653;0.42627752;0.0;0.0;6156.813;7446.957;-3225.5652;6863.1094;-508.82666;-2116.8254
1960-08-22;18.453094;-2.0727234;0.009684245;750.2316;1.3181845;143.91191;0.0;-7.3453654e-25;99.99998;-7.345365e-21;0.0020530396;-0.7053632;8.940697e-05;0.41987002;0.41977316;0.0;0.0;6019.3945;7279.8228;-3254.553;6794.7065;-489.99222;-2074.4543
1960-08-23;16.713287;-3.4941711;0.010284424;748.35175;1.6424905;237.8128;0.0;-7.3453654e-25;99.99998;-7.345365e-21;0.0017277298;-0.6451178;8.940697e-05;0.41359663;0.41349232;0.0;0.0;6255.215;7564.219;-3353.7603;6423.211;-448.1422;-2381.2388
1960-08-24;13.39677;0.5417989;0.009531657;747.3601;1.7203741;200.52174;0.0;-7.3453654e-25;99.99998;-7.345365e-21;0.0020742416;-0.47931075;0.00010430813;0.40756166;0.40747225;0.0;0.0;5405.947;6536.6562;-2728.4207;6627.3145;-332.96;-2460.4556
1960-08-25;12.861369;-1.8539429;0.010134379;748.70306;0.9058476;123.17112;0.0;-7.3453654e-25;99.99998;-7.345365e-21;0.0017116936;-0.61010945;8.940697e-05;0.4016459;0.4015714;0.0;0.0;6145.92;7430.214;-3249.7646;6235.711;-423.82224;-2369.6245
1960-08-26;13.803508;-1.1363322;0.010033925;747.582;1.1897115;95.33842;0.0;-7.3453654e-25;99.99998;-7.345365e-21;0.0012934206;-0.61303097;5.9604645e-05;0.39577484;0.39571524;0.0;0.0;5948.2104;7190.355;-3126.6807;6443.338;-425.85165;-2230.6
1960-08-27;13.7578125;-1.8281149;0.010251363;746.52924;1.3872108;115.96003;0.0;-7.3453654e-25;99.99998;-7.345365e-21;0.0008523463;-0.59055257;4.4703484e-05;0.3900528;0.3899932;0.0;0.0;5995.6636;7246.842;-3119.1597;6398.3887;-410.2372;-2355.8088
1960-08-28;12.445953;-3.1727905;0.010142009;747.94336;1.3051908;127.383736;0.0;-7.3453654e-25;99.99998;-7.345365e-21;0.0017174425;-0.5592741;8.940697e-05;0.38452446;0.3844425;0.0;0.0;6025.819;7282.354;-3197.6345;6142.04;-388.51;-2474.4543
1960-08-29;11.652405;-3.6240947;0.009871165;749.45074;1.4245397;118.78772;0.0;-7.3453654e-25;99.99998;-7.345365e-21;0.08734465;-0.5380791;0.003606081;0.38266182;0.37905574;0.0;0.0;5802.133;7011.2104;-2984.919;6230.6436;-373.78555;-2422.5244
1960-08-30;11.998759;-0.0037027996;0.010023753;750.2563;1.4292752;83.80763;0.0;-7.3453654e-25;99.99998;-7.345365e-21;1.4939457;-0.88216364;0.07161498;0.44560432;0.37400424;0.0;0.0;3805.5005;4597.936;-2096.5142;6865.149;-612.8089;-1264.0667
1960-08-31;12.478577;-0.61794025;0.009783427;752.2359;1.3079736;117.81078;0.0;-7.3453654e-25;99.99998;-7.345365e-21;0.0012814989;-0.94405;5.9604645e-05;0.36904216;0.36898255;0.0;0.0;5873.9097;7096.2275;-2946.6611;6327.5312;-655.8;-2105.0056
1960-09-01;14.445912;-0.81153363;0.009798686;752.9349;0.9482079;79.67974;0.0;-7.3453654e-25;99.99998;-7.345365e-21;0.017988682;-0.83974004;0.0008791685;0.36476552;0.36388636;0.0;0.0;5609.0127;6775.4556;-2902.6917;6665.1733;-583.33887;-1816.4089
1960-09-02;14.999888;-0.55082196;0.009941101;752.18866;1.1530772;49.521534;0.0;-7.3453654e-25;99.99998;-7.345365e-21;0.0;-0.70981216;0.0;0.35890937;0.35888702;0.0;0.0;5573.9976;6732.3955;-2942.9705;6693.4487;-493.08334;-1892.7456
1960-09-03;14.859181;0.43513998;0.010025024;750.8355;0.94991237;87.91251;0.0;-7.3453654e-25;99.99998;-7.345365e-21;0.2792269;-0.6441446;0.013366342;0.36738813;0.35402924;0.0;0.0;5276.0615;6371.722;-2833.8213;6752.6387;-447.46555;-1807.4556
1960-09-04;15.709168;-2.2688372;0.009988536;750.1615;1.2101657;112.06948;0.0;-7.345365e-25;99.99999;-7.345365e-21;0.003433729;-0.69430286;0.00016391277;0.34943223;0.34928322;0.0;0.0;5206.8;6287.237;-2801.8403;6794.461;-482.30945;-1775.3434
1960-09-05;14.438904;0.996816;0.009988149;752.4162;1.1945568;58.92221;0.0;-7.3453654e-25;99.99998;-7.345365e-21;0.1344055;-0.5970122;0.0063180923;0.35096705;0.34464896;0.0;0.0;5230.8276;6315.5444;-2872.889;6657.0933;-414.72446;-1805.5466
1960-09-06;13.986369;3.9576416;0.0100619;753.96515;1.3855776;82.378815;0.0;-7.3453654e-25;99.99998;-7.345365e-21;0.44568086;-0.6254772;0.021025538;0.36117435;0.3401339;0.0;0.0;5017.3955;6057.33;-2639.1514;6875.902;-434.4989;-1802.8489
1960-09-07;14.952687;1.1781515;0.009833018;752.95123;1.2920655;75.36139;0.0;-7.3453654e-25;99.99998;-7.345365e-21;0.0062525272;-0.71560967;0.00028312206;0.33602118;0.3357306;0.0;0.0;4988.242;6021.3535;-2725.635;6764.927;-497.11057;-1657.2211
1960-09-08;15.251007;-2.3106384;0.0103975935;753.0066;1.0829452;93.98623;0.0;-7.3453654e-25;99.99998;-7.345365e-21;0.0008523463;-0.65258145;4.4703484e-05;0.33140182;0.33136457;0.0;0.0;5192.177;6266.689;-2847.3293;6741.1587;-453.3278;-1666.7289
1960-09-09;15.845235;0.26864624;0.009682973;754.78125;1.076557;83.52015;0.0;-7.3453654e-25;99.99998;-7.345365e-21;0.0017464161;-0.52502006;7.4505806e-05;0.3271997;0.32713264;0.0;0.0;4467.7354;5391.7056;-2519.3113;7052.0356;-364.71445;-1414.0344
1960-09-10;16.638327;-0.66238403;0.010181427;755.0261;1.1503838;87.22177;0.0;-7.3453654e-25;99.99998;-7.345365e-21;0.0;-0.5959971;0.0;0.32296777;0.32293797;0.0;0.0;5220.586;6299.3843;-2891.456;6850.905;-414.02;-1676.5289
1960-09-11;16.800821;-2.0903218;0.009936015;754.3392;1.2871484;116.38622;0.0;-7.3453654e-25;99.99998;-7.345365e-21;0.0017225739;-0.5705785;8.940697e-05;0.31888485;0.31881034;0.0;0.0;5427.771;6548.645;-3091.2322;6570.737;-396.3622;-1808.8378
1960-09-12;16.729239;-3.8964741;0.0098559065;753.5805;1.3250962;189.75026;0.0;-7.3453654e-25;99.99998;-7.345365e-21;0.0;-0.54148024;0.0;0.31477213;0.31477213;0.0;0.0;5444.763;6568.3574;-3143.2036;6404.2607;-376.14777;-1800.419
1960-09-13;16.219992;-4.5593567;0.010027568;753.273;1.3648162;258.4693;0.0;-7.3453654e-25;99.99998;-7.345365e-21;0.0;-0.5113408;0.0;0.31083822;0.31083822;0.0;0.0;5378.9775;6488.246;-3078.4722;6374.533;-355.21222;-1880.6722
1960-09-14;15.623942;-4.2433167;0.009976705;754.08234;1.2552971;148.86662;0.0;-7.3453654e-25;99.99998;-7.345365e-21;0.0025757481;-0.50161034;0.00011920929;0.30711293;0.30697882;0.0;0.0;5150.9023;6212.3384;-2980.9387;6428.3813;-348.4522;-1743.1478
1960-09-15;15.630147;-6.1424966;0.009682973;753.273;1.3164395;165.0019;0.0;-7.3453654e-25;99.99998;-7.345365e-21;0.0004351138;-0.50967747;1.4901161e-05;0.30322373;0.30320883;0.0;0.0;5312.778;6406.849;-3092.3247;6324.9087;-354.05554;-1747.0712
1960-09-16;15.090607;-4.1757812;0.010068257;751.8548;1.2851841;244.79152;0.0;-7.3453654e-25;99.99998;-7.345365e-21;0.00042720564;-0.46980754;1.4901161e-05;0.29952824;0.2995059;0.0;0.0;5219.8564;6289.3022;-3035.423;6255.7754;-326.3589;-1882.3756
1960-09-17;13.43871;-3.77594;0.010142009;751.5769;1.2193055;197.18513;0.0;-7.3453654e-25;99.99998;-7.345365e-21;0.0017046923;-0.47075933;8.940697e-05;0.29596686;0.29589236;0.0;0.0;5300.442;6380.807;-3209.334;5962.125;-327.02057;-1773.5656
1960-09-18;11.807709;-4.0511374;0.010131836;752.5681;1.14072;174.89424;0.0;-7.3453654e-25;99.99998;-7.345365e-21;0.0008523463;-0.44101012;4.4703484e-05;0.29239058;0.29235333;0.0;0.0;5271.2783;6340.1685;-3173.9897;5825.83;-306.35556;-1852.1888
1960-09-19;10.912974;-3.6051533;0.010175069;753.257;1.1527585;114.191536;0.0;-7.3453654e-25;99.99998;-7.345365e-21;0.0;-0.42157993;0.0;0.2889037;0.2888888;0.0;0.0;5118.2456;6150.6035;-2953.3171;6003.029;-292.85666;-1913.42
1960-09-20;10.105519;-2.557227;0.009953816;753.15594;1.2760023;105.312035;0.0;-7.3453654e-25;99.99998;-7.345365e-21;0.009185075;-0.3709942;0.00037252903;0.28592348;0.2855435;0.0;0.0;4450.192;5343.085;-2550.5288;6317.9624;-257.71777;-1686.6067
1960-09-21;10.803945;-2.565979;0.009757996;752.0313;1.1405622;140.93996;0.0;-7.3453654e-25;99.99998;-7.345365e-21;0.0008488788;-0.4319921;2.9802322e-05;0.2822876;0.2822429;0.0;0.0;5081.8936;6096.2856;-2914.2927;6051.3765;-300.09;-1835.8378
1960-09-22;11.238597;-4.601021;0.01003011;751.2464;1.1455071;161.92859;0.0;-7.3453654e-25;99.99998;-7.345365e-21;0.00085295615;-0.4337607;4.4703484e-05;0.27900934;0.27896464;0.0;0.0;5054.975;6058.778;-2942.6873;6044.008;-301.31888;-1776.6744
1960-09-23;11.422475;-5.575329;0.010019938;752.8309;1.179238;183.93823;0.0;-7.3453654e-25;99.99998;-7.345365e-21;0.0017195934;-0.42492336;8.940697e-05;0.2758503;0.2757609;0.0;0.0;5044.3184;6040.8735;-2993.814;5956.6074;-295.18;-1741.8944
1960-09-24;12.356374;-5.0226645;0.00963974;753.1279;1.028176;180.79149;0.0;-7.3453654e-25;99.99998;-7.345365e-21;0.00085690804;-0.43804944;4.4703484e-05;0.27264655;0.27261674;0.0;0.0;5044.5913;6035.951;-3142.2473;5845.723;-304.2978;-1578.0044
1960-09-25;11.689392;-4.915985;0.010447185;753.1238;1.2495466;270.9608;0.0;-7.3453654e-25;99.99998;-7.345365e-21;0.0008463859;-0.40347874;2.9802322e-05;0.2695918;0.2695322;0.0;0.0;5006.1523;5984.783;-3032.6812;5836.1143;-280.28333;-1690.2356
1960-09-26;11.04182;-3.9409077;0.010169983;752.9331;1.2630429;168.90744;0.0;-7.3453654e-25;99.99998;-7.345365e-21;0.0017145358;-0.39022696;8.940697e-05;0.26661158;0.26652217;0.0;0.0;4912.4565;5867.6846;-2900.8838;5944.8833;-271.0778;-1755.0623
1960-09-27;10.309987;-2.670461;0.0099487305;751.3692;1.1447121;192.05208;0.0;-7.3453654e-25;99.99998;-7.345365e-21;0.0;-0.3772946;0.0;0.26358664;0.26357174;0.0;0.0;4874.4146;5817.2134;-2907.4783;5874.8135;-262.0939;-1740.62
1960-09-28;9.226573;-2.4199016;0.009871165;750.7205;1.1165377;140.32744;0.0;-7.3453654e-25;99.99998;-7.345365e-21;0.0;-0.34303403;0.0;0.26069582;0.26070327;0.0;0.0;4528.6025;5399.8296;-2689.522;6000.528;-238.29445;-1667.4523
1960-09-29;9.755116;-3.68573;0.01008606;752.8154;1.0511245;62.761536;0.0;-7.3453654e-25;99.99998;-7.345365e-21;0.0012956498;-0.39294362;5.9604645e-05;0.2579391;0.25787205;0.0;0.0;4790.9683;5707.7515;-2849.8088;5972.3384;-272.96445;-1606.6823
1960-09-30;10.786672;-5.589905;0.010152181;753.9646;1.0018246;167.33577;0.0;-7.3453654e-25;99.99998;-7.345365e-21;0.0004351138;-0.40381867;1.4901161e-05;0.25507808;0.25506318;0.0;0.0;4810.8545;5726.501;-2966.73;5874.44;-280.5189;-1518.4634
1960-10-01;10.459483;-5.1579795;0.010325114;753.9165;1.2143852;147.76393;0.0;-7.3453654e-25;99.99998;-7.345365e-21;0.0;-0.3715856;0.0;0.25230646;0.25230646;0.0;0.0;4693.299;5581.72;-2891.4792;5863.69;-258.12888;-1584.5033
1960-10-02;10.47166;-4.2495217;0.009902954;754.70526;0.96578526;79.52945;0.0;-7.3453654e-25;99.99998;-7.345365e-21;0.0025957823;-0.39483234;0.00011920929;0.24974346;0.24960935;0.0;0.0;4636.817;5509.833;-2788.4255;6082.64;-274.27777;-1467.2267
1960-10-03;10.760722;-4.9062905;0.009902954;754.33716;1.1174604;161.58202;0.0;-7.3453654e-25;99.99998;-7.345365e-21;0.00085532654;-0.38165227;4.4703484e-05;0.24698675;0.24694204;0.0;0.0;4671.032;5545.6978;-2918.2234;5877.1743;-265.12112;-1534.5823
1960-10-04;9.657878;-5.537496;0.010073344;752.8382;1.2927865;173.3457;0.0;-7.3453654e-25;99.99998;-7.345365e-21;0.0004351138;-0.34625268;1.4901161e-05;0.24436414;0.24434924;0.0;0.0;4680.012;5551.5996;-2872.607;5747.501;-240.53;-1610.9089
1960-10-05;9.878459;-4.4912415;0.009905498;752.6468;1.2968587;194.76068;0.0;-7.3453654e-25;99.99998;-7.345365e-21;0.0008583069;-0.32273865;4.4703484e-05;0.24186075;0.24181604;0.0;0.0;4489.6875;5321.241;-2651.566;5946.2666;-224.19667;-1714.5422
1960-10-06;7.1598105;-4.6309104;0.010116577;750.6202;1.5788989;163.36853;0.0;-7.3453654e-25;99.99998;-7.345365e-21;4.041791;-0.5262196;0.23314357;0.47254562;0.23937225;0.0;0.0;3911.7942;4632.337;-2106.278;6309.9067;-365.54666;-1552.3245
1960-10-07;5.429657;-2.2993724;0.010222117;750.12354;0.9878125;150.8571;0.0;-7.3453654e-25;99.99998;-7.345365e-21;0.10886788;-1.0358933;0.0063180923;0.24336576;0.23703277;0.0;0.0;3768.3008;4458.5527;-2209.6255;5971.5864;-719.6;-1192.1311
1960-10-08;7.433492;-2.6082458;0.010080974;752.143;1.0540292;132.95486;0.0;-7.3453654e-25;99.99998;-7.345365e-21;0.0017166131;-0.95211995;8.940697e-05;0.2347529;0.23467839;0.0;0.0;4525.888;5350.3677;-2702.2517;5619.823;-661.4067;-1220.6322
1960-10-09;8.187714;-3.2561543;0.010032654;752.2227;1.1208979;182.93207;0.0;-7.3453654e-25;99.99998;-7.345365e-21;0.0017166131;-0.83691627;8.940697e-05;0.23242831;0.23234636;0.0;0.0;4389.954;5185.231;-2642.8389;5705.4346;-581.3778;-1247.9022
1960-10-10;5.1718955;-1.2241516;0.009881337;751.2808;1.1452256;188.50615;0.0;-7.3453654e-25;99.99998;-7.345365e-21;1.8615603;-0.6447453;0.10153651;0.33164024;0.23011863;0.0;0.0;3295.787;3889.7244;-2013.0795;5965.455;-447.88333;-1180.1045
1960-10-11;6.527395;-3.4223125;0.0098775225;752.21405;1.1361566;91.44589;0.0;-7.3453654e-25;99.99998;-7.345365e-21;0.00091791153;-0.95206034;4.4703484e-05;0.22795796;0.22792071;0.0;0.0;4356.204;5136.523;-2481.3523;5763.3657;-661.36554;-1238.2234
1960-10-12;8.000499;-5.04127;0.009803772;752.07245;1.1457442;79.95346;0.0;-7.3453654e-25;99.99998;-7.345365e-21;0.0004351138;-0.8835271;1.4901161e-05;0.22570789;0.22567809;0.0;0.0;4389.8184;5171.7754;-2726.9834;5595.081;-613.75775;-1046.3567
1960-10-13;7.863973;-5.574188;0.009920756;753.383;1.1132647;79.088524;0.0;-7.3453654e-25;99.99998;-7.345365e-21;0.0004351138;-0.78599715;1.4901161e-05;0.22348762;0.22347271;0.0;0.0;4344.0386;5113.4727;-2701.7427;5641.968;-546.00665;-1089.8334
1960-10-14;8.641835;-4.8717246;0.01012675;756.03766;1.043138;95.32785;0.0;-7.3453654e-25;99.99998;-7.345365e-21;0.0017185402;-0.7163882;8.940697e-05;0.22137165;0.22129714;0.0;0.0;4270.6484;5022.82;-2641.774;5824.918;-497.65112;-1071.7755
1960-10-15;9.019582;-6.3337502;0.01015981;756.0655;0.9921882;73.77061;0.0;-7.3453654e-25;99.99998;-7.345365e-21;0.0004351138;-0.63932127;1.4901161e-05;0.21918118;0.21914393;0.0;0.0;4236.8887;4978.8555;-2662.6294;5842.0225;-444.11444;-1067.7744
1960-10-16;8.819539;-6.8672996;0.010124207;753.5336;1.1344783;107.37803;0.0;-7.3453654e-25;99.99998;-7.345365e-21;0.0;-0.5117478;0.0;0.21703541;0.21704286;0.0;0.0;4102.253;4819.114;-2581.5144;5840.2275;-355.49445;-1227.91
1960-10-17;7.8215637;-7.552999;0.009824117;753.7509;1.1221068;99.80378;0.0;-7.3453654e-25;99.99998;-7.345365e-21;0.00044107434;-0.4418623;1.4901161e-05;0.21499395;0.21497905;0.0;0.0;4129.698;4849.8545;-2657.744;5670.1313;-306.94666;-1255.3267
1960-10-18;7.411428;-8.710866;0.010416667;755.17944;1.1060143;104.81549;0.0;-7.3453654e-25;99.99998;-7.345365e-21;0.00085234636;-0.40568691;4.4703484e-05;0.2129972;0.21295995;0.0;0.0;4124.636;4842.3667;-2721.4705;5551.3223;-281.81778;-1206.0745
1960-10-19;7.8153176;-9.227742;0.010388692;754.8217;1.2009617;130.70981;0.0;-7.3453654e-25;99.99998;-7.345365e-21;0.00042617318;-0.3555296;1.4901161e-05;0.21098554;0.21097064;0.0;0.0;4063.0227;4768.602;-2638.0283;5593.0933;-246.97444;-1233.8667
1960-10-20;6.9199524;-4.878998;0.009900411;754.1999;1.5325465;219.74962;0.0;-7.3453654e-25;99.99998;-7.345365e-21;5.2135286;-0.37241447;0.31766295;0.52669644;0.20904094;0.0;0.0;3750.6843;4400.672;-2044.9917;6225.3945;-258.70444;-1348.1444
1960-10-21;2.0651245;0.4222819;-0.8170369;752.90155;0.860061;137.33743;0.026529947;3.059705e-06;100.29946;-7.345365e-21;6.829637;-1.1659311;0.40467083;0.6119311;0.2072528;0.0;0.0065527856;2266.4678;2658.5378;-1441.1289;6275.9043;-809.93;-711.0967
1960-10-22;3.7037048;-3.8060863;-6.1635323;754.90704;1.0366887;61.428326;0.045003254;4.927317e-06;109.84959;-7.345365e-21;0.0005394219;-1.288604;0.0001937151;0.20566583;0.20548701;0.0024158508;0.00010430813;3878.4521;4548.8623;-2314.14;5491.8945;-895.1511;-858.7789
1960-10-23;5.7961326;-3.650177;-6.955176;755.74457;1.1036015;141.94423;0.02368164;3.2186508e-06;131.07777;-7.345365e-21;0.001712061;-1.1715153;0.0001937151;0.20386279;0.20366907;0.0016726553;0.0;3912.9111;4587.263;-2364.355;5548.6987;-813.81335;-704.16
1960-10-24;5.7629905;-4.5025635;-6.4293733;756.1782;1.1083119;113.35297;0.012776692;2.1855037e-06;148.61554;-7.345365e-21;0.0008642145;-1.1206418;0.00010430813;0.20198524;0.20187348;0.0010579824;0.0;3902.804;4573.688;-2391.6033;5527.45;-778.4744;-730.07556
1960-10-25;6.685862;-5.153605;-6.1698685;755.9133;1.0464913;87.24115;0.007405599;1.1920929e-06;150.16405;-7.345365e-21;0.002144344;-1.0623978;0.00014901161;0.2002418;0.20010024;0.00067055225;0.0;3842.8071;4501.838;-2380.9912;5587.6064;-738.01276;-641.99554
1960-10-26;7.447571;-5.1035666;-7.004968;755.4236;1.0893247;109.81586;0.0037434895;4.3710074e-07;127.62693;-7.345365e-21;0.00044107434;-1.0416498;5.9604645e-05;0.19839406;0.19833446;0.00041164458;0.0;3794.54;4443.8335;-2399.4568;5663.839;-723.5989;-621.80664
1960-10-27;7.851949;-6.020223;-3.149273;756.5593;1.0232334;67.654655;0.001953125;-7.3453654e-25;113.224915;-7.345365e-21;0.0004351138;-0.98670834;2.9802322e-05;0.19663572;0.19659847;0.00021606684;0.0;3776.0728;4420.7812;-2409.774;5702.1865;-685.43335;-608.50336
1960-10-28;7.7782187;-6.833669;-1.0211626;756.83984;1.0646394;157.47719;0.00081380206;-7.3453654e-25;109.44529;-7.345365e-21;0.0010728827;-0.9130109;5.9604645e-05;0.19493699;0.19487739;0.00010430813;0.0;3751.8445;4391.0244;-2480.4978;5572.6235;-634.2389;-691.99
1960-10-29;7.2230735;-6.729319;-1.0744629;756.25903;1.0260295;131.43803;0.0;-7.3453654e-25;109.44529;-7.345365e-21;0.002577899;-0.8043917;0.00012665987;0.19332021;0.19319355;5.029142e-05;0.0;3727.5;4361.169;-2488.291;5501.22;-558.7844;-657.7822
1960-10-30;7.196808;-7.3804626;-1.1166815;757.45306;1.0757407;86.52279;0.0;-7.3453654e-25;109.44529;-7.345365e-21;0.0;-0.7427186;0.0;0.19153953;0.19153953;2.4214387e-05;0.0;3695.496;4322.3667;-2502.8828;5458.2124;-515.9422;-675.5789
1960-10-31;7.148987;-8.475505;-1.1241455;756.36847;1.0165565;138.2417;0.0;-7.3453654e-25;107.966774;-7.345365e-21;0.0004351138;-0.68973005;1.4901161e-05;0.1899302;0.18990785;1.1175871e-05;0.0;3414.4028;3992.36;-2202.8005;5788.262;-479.13333;-720.20557
1960-11-01;6.465586;-8.471893;-0.82381946;752.9051;1.0085325;126.18816;0.0;-7.3453654e-25;106.489235;-7.345365e-21;0.0;-0.6124806;0.0;0.18829107;0.18830597;3.7252903e-06;0.0;3495.455;4085.861;-2286.1973;5656.9365;-425.47;-794.19556
1960-11-02;5.2355247;-5.7886353;-0.29286194;751.9194;0.9808126;85.34315;0.0;-7.3453654e-25;106.25779;-7.345365e-21;1.9721687;-0.7491009;0.10064244;0.2874136;0.1867488;1.8626451e-06;0.0;2528.771;2955.0356;-1409.0878;6556.1035;-520.37555;-594.4867
1960-11-03;3.6460774;-4.3976846;-0.6801936;754.34247;1.0021664;99.348625;0.0;-7.3453654e-25;102.98794;-7.345365e-21;0.11075139;-0.649713;0.0052303076;0.19049644;0.18525869;0.0;0.0;2693.541;3146.629;-1767.7672;6023.438;-451.33444;-759.5511
1960-11-04;2.3045044;-0.43547568;-0.2779007;754.4807;0.8549847;46.069096;0.0;-7.3453654e-25;101.272766;-7.345365e-21;5.9592633;-0.5995762;0.34609437;0.52993;0.18384308;0.0;0.0;1145.8966;1338.36;-719.63275;6825.3267;-416.50555;-169.33556
1960-11-05;2.0400798;0.64664716;-0.14155324;752.7774;0.88554406;51.568787;0.0;-7.3453654e-25;100.90558;-7.345365e-21;4.074776;-0.7651932;0.24808943;0.43058395;0.18249452;0.0;0.0;1291.9717;1508.1912;-698.8422;6910.7676;-531.5539;-315.34113
1960-11-06;1.9908854;-1.1056824;-0.012954712;752.5214;0.9802714;85.03663;0.0;-7.3453654e-25;100.03513;-7.345365e-21;0.09833574;-0.8261176;0.0048428774;0.18596649;0.18110871;0.0;0.0;2560.236;2987.9734;-1457.6677;6240.0405;-573.87665;-816.9689
1960-11-07;2.444804;-1.9683431;0.009914398;752.75995;1.0181836;58.99206;0.0;-7.3453654e-25;99.99998;-7.345365e-21;0.088818215;-0.73821473;0.0042915344;0.18399954;0.179708;0.0;0.0;2565.551;2993.078;-1471.0917;6182.6953;-512.8128;-615.93555
1960-11-08;2.4646199;-1.4552206;0.010018666;753.0909;1.0114895;52.34605;0.0;-7.3453654e-25;99.99998;-7.345365e-21;0.75596404;-0.81677735;0.038012862;0.21633506;0.17832965;0.0;0.0;2516.1084;2934.5022;-1353.0817;6400.8643;-567.3889;-657.11444
1960-11-09;1.4094645;-3.1321716;-0.025754293;752.585;1.2716453;36.987953;0.0;-7.3453654e-25;100.05109;-7.345365e-21;0.40229833;-0.8602869;0.020697713;0.1976788;0.17697364;0.0;2.2351742e-05;2627.2656;3063.3555;-1694.6156;5889.4395;-597.6128;-744.7211
1960-11-10;0.6983846;-7.599355;-8.597416;752.17194;1.4536419;30.39418;0.0016276041;-7.3453654e-25;129.99379;-7.345365e-21;0.00029802322;-0.8082036;0.0;0.17562509;0.17561018;2.4214387e-05;0.00029802322;3367.1938;3924.861;-2486.8806;4848.5083;-561.43225;-736.1111
1960-11-11;0.40709433;-14.784294;-13.048829;752.83527;0.92614985;182.2118;0.001953125;-7.3453654e-25;148.16632;-7.345365e-21;0.00087022776;-0.5752305;4.4703484e-05;0.17432868;0.17428398;1.3038516e-05;0.0;3428.5862;3995.27;-2799.1567;4312.676;-399.59332;-493.63223
1960-11-12;0.835083;-9.859189;-11.176491;753.76044;0.8943681;256.10483;0.001953125;-7.3453654e-25;150.39842;-7.345365e-21;0.0;-0.39692315;0.0;0.17300248;0.17300248;2.0489097e-05;0.0;3330.0066;3879.23;-2473.9207;4698.481;-275.72888;-527.22
1960-11-13;0.38368735;-7.510183;-9.474101;753.11957;0.9413546;104.03643;0.001953125;-7.3453654e-25;150.39842;-7.345365e-21;0.0004351138;-0.39721653;2.9802322e-05;0.17176569;0.17174333;3.5390258e-05;0.0;3181.0117;3704.5;-2185.0427;5057.468;-275.93222;-549.7244
1960-11-14;1.0443115;-7.55661;-8.536754;753.49725;0.9133003;63.997837;0.0008951823;-7.3453654e-25;150.39842;-7.345365e-21;0.0004351138;-0.43792462;2.9802322e-05;0.17052889;0.17049164;4.8428774e-05;0.0;3094.69;3602.8455;-2081.004;5253.6387;-304.21112;-481.97556
1960-11-15;2.013438;-7.3841248;-9.123353;754.1531;0.8900578;104.21418;0.0;-7.3453654e-25;150.39842;-7.345365e-21;0.0;-0.4778169;0.0;0.16926229;0.16924739;4.284084e-05;0.0;3162.476;3680.6033;-2233.6934;5108.2446;-331.92334;-468.45557
1960-11-16;2.394104;-8.230133;-9.524541;753.0488;0.84983635;269.80798;0.0;-7.3453654e-25;150.39842;-7.345365e-21;0.0;-0.43308827;0.0;0.1680255;0.16801804;3.1664968e-05;0.0;3116.351;3626.771;-2254.9568;5048.177;-300.85223;-465.64557
1960-11-17;2.0858052;-3.134023;-4.1573434;750.30396;0.7027867;97.05515;0.0;-7.3453654e-25;150.39842;-7.345365e-21;2.5661654;-0.32486767;0.15538186;0.3222078;0.16682595;2.9802322e-05;0.0;2403.9006;2797.6843;-1190.8439;6321.7065;-225.67444;-426.20776
1960-11-18;0.34475708;-0.102864586;-0.061449688;743.5544;0.55674607;144.98808;31.680014;0.005443573;138.0078;38.37077;45.17885;-0.3048498;2.0402222;2.2059083;0.16567856;0.17775223;19.87566;326.145;398.2789;-6.6594443;7411.1855;-214.88;-174.11223
1960-11-19;-2.539032;-3.069051;-0.6273918;741.3254;0.7637145;203.78522;99.99618;0.029005328;142.791;201.57878;12.696791;-0.15812647;0.054068863;0.21861494;0.16456097;0.15652739;11.37513;375.69055;1480.7766;-341.5939;6744.8657;-122.53111;-152.73334
1960-11-20;-3.9003944;-5.742601;-3.9458148;746.78925;0.76424956;165.16563;100.0;0.032252114;153.66534;210.00163;0.25510192;-0.14382787;0.010177493;0.17361343;0.16343594;0.100143254;0.14290214;836.17224;2906.2957;-926.29834;5814.0967;-108.79889;-112.08444
1960-11-21;-3.9081318;-7.12154;-7.008661;750.75836;0.86533755;200.30934;100.0;0.032071035;157.8639;203.32845;0.039607286;-0.09939633;0.028640032;0.19097328;0.16233325;0.31553024;0.03815815;1063.1117;3441.3677;-1299.595;5139.743;-72.49555;-67.15667
1960-11-22;-6.3577704;-8.737853;-7.146398;747.43805;1.1314522;277.34354;100.0;0.031871717;161.05077;197.91667;0.3318877;-0.15894604;0.014811754;0.17604232;0.16123056;0.16393326;0.269752;995.43054;3038.4368;-875.96387;5539.7505;-120.97889;-75.43222
1960-11-23;-6.8463607;-11.719887;-9.58999;747.57715;1.0499985;203.64337;99.940674;0.031906843;162.64613;195.7194;0.032410026;-0.15268567;0.010423362;0.17055869;0.16015023;0.11860393;0.031240284;1144.1561;3373.94;-1558.4344;4601.0312;-115.37778;-39.34889
1960-11-24;-6.6254134;-15.966735;-13.343387;748.8304;1.1706247;104.79496;99.41813;0.03164943;163.98012;192.70833;0.0012990521;-0.1266664;0.020712614;0.17979741;0.1590848;0.22599101;0.0;1266.0;3572.8855;-1381.0533;4438.8716;-93.835556;29.462223
1960-11-25;-3.6880925;-10.546947;-8.62943;752.1741;1.136268;53.98334;98.41146;0.030720988;165.49347;185.38411;0.0008523463;-0.11760555;0.12893975;0.28696656;0.15802681;1.3435855;0.0;1264.0183;3420.51;-1445.3522;4851.9424;-85.66;0.20777778
1960-11-26;-1.693203;-6.949383;-5.1453424;753.1883;0.89094615;71.10384;97.28622;0.028724432;167.33624;171.50879;0.55445176;-0.11042878;0.26980042;0.42679906;0.15699118;2.617214;0.0;1110.7267;2855.9734;-660.5739;6060.6123;-80.456665;-34.393333
1960-11-27;-0.17088826;-1.2929789;-0.4958903;746.9458;0.61236954;123.33661;97.26782;0.03132121;165.4544;188.19173;26.346037;-0.07891003;0.9485781;1.1045784;0.15597045;2.7578845;19.500267;553.0983;1316.4689;-251.25055;6940.55;-58.763332;-69.51667
1960-11-28;-1.4195658;-1.8847555;-0.26061884;746.15405;0.82081527;161.12027;100.0;0.050312955;152.93878;328.28775;5.7625947;-0.11131447;0.076413155;0.23140013;0.15497953;0.2784189;4.936151;384.75223;1442.9222;-366.20056;6789.4277;-85.587776;-96.40222
1960-11-29;-3.2533352;-5.534931;-4.0317817;750.1831;0.96948004;82.866615;100.0;0.051005285;160.07127;319.0918;0.0066012144;-0.1508547;0.00564754;0.15965104;0.1540035;0.058006495;0.0061802566;963.75055;3054.0632;-1382.0272;5265.7456;-113.54;-103.07111
1960-11-30;-3.9722939;-7.278827;-9.535637;751.40063;0.9822839;198.32417;100.0;0.050868392;164.21776;310.0179;0.010222197;-0.02947636;0.017017126;0.17005205;0.15303493;0.16670674;0.009786338;1038.495;3113.409;-1052.19;5174.239;-19.267778;10.2722225
1960-12-01;-3.439265;-4.1405587;-3.6380055;750.12085;1.0105034;256.33838;100.0;0.0536685;164.66664;324.95117;6.442356;-0.08775294;0.023946166;0.17602742;0.15208125;0.07709861;5.7453365;351.70944;1056.3212;-92.486664;6778.2354;-67.98;-92.263336
1960-12-02;-5.4004784;-9.896375;-7.364771;750.5147;0.7510932;174.56538;100.0;0.057000756;165.96938;343.50586;0.036644936;-0.14478713;0.0035464764;0.15468895;0.15114993;0.03592111;0.018954277;934.4117;2942.359;-1444.4506;4887.259;-109.01222;-70.55778
1960-12-03;-6.7516384;-14.48735;-13.698756;752.2713;1.3287156;72.12513;100.0;0.056884408;168.27309;337.72787;0.0008523463;-0.0513196;0.011205673;0.16143918;0.15022606;0.1157932;0.0;1068.06;3276.54;-1240.03;4587.022;-35.923332;59.243332
1960-12-04;-4.5480323;-12.812833;-12.660497;752.49945;1.0483601;166.0977;100.0;0.056760233;170.37628;332.76367;0.0012874597;-0.05375035;0.012606382;0.16193092;0.14931709;0.12984127;0.0;1086.4467;3257.37;-1279.1677;4644.3394;-37.79222;57.127777
1960-12-05;-3.7124836;-12.710111;-11.579114;753.0429;0.9206705;103.95272;99.82178;0.056571167;172.69984;327.47397;0.0008523463;-0.07852726;0.019416213;0.16784668;0.14842302;0.19779056;0.0;1011.0389;2958.9888;-1107.6083;4943.1987;-57.086666;35.27
1960-12-06;-4.925859;-15.441364;-12.191227;753.7041;1.1190923;44.392857;99.09717;0.056366682;174.8496;322.18423;0.0021473125;-0.0911504;0.01744926;0.16498566;0.14754385;0.1716949;0.0;1113.5594;3163.5923;-1319.3262;4639.497;-65.975555;50.14111
1960-12-07;-5.9773383;-10.9060755;-9.780684;752.42706;1.3762053;23.570648;98.42822;0.056510847;176.51495;319.70215;0.8610636;-0.06630365;0.009804964;0.1564771;0.14667213;0.09506568;0.80670786;871.9089;2413.2322;-764.64056;5510.269;-48.59;13.443334
1960-12-08;-4.034121;-8.501492;-8.466854;753.6375;1.178793;20.93514;97.88468;0.05686748;178.4059;318.3187;0.024968386;-0.06827898;0.029444695;0.17526746;0.14582276;0.27402118;0.020887703;1012.5405;2802.7844;-1260.4495;5053.812;-48.52;8.648889
1960-12-09;-6.721887;-11.449509;-11.122429;753.4465;1.3014269;15.108579;97.08154;0.056665618;180.78383;312.70346;0.0009566545;-0.04190579;0.01630187;0.16127527;0.14498085;0.1565367;0.00051409006;1152.0455;3100.3389;-1351.8038;4717.4155;-28.816668;-0.8155556
1960-12-10;-6.6955323;-11.604324;-11.514089;752.5234;1.2833838;29.23409;96.452065;0.056511242;183.05043;308.02408;0.0011205673;-0.04034955;0.018008053;0.16216934;0.14415383;0.16685575;0.0011213124;1173.5767;3081.4766;-1316.4745;4734.762;-28.005;-8.2277775
1960-12-11;-5.038967;-11.696612;-11.215501;751.3996;1.1532043;157.01549;95.89706;0.05628844;185.01723;303.5482;0.0004351138;-0.0604596;0.027492642;0.17082691;0.14333427;0.24759397;0.0;1190.935;3054.6555;-1320.4789;4774.9224;-43.56333;11.322222
1960-12-12;-3.4303894;-10.694366;-9.813106;750.873;1.0787537;81.463554;95.40397;0.056030393;187.11488;298.70605;0.0012947931;-0.06969739;0.026449561;0.16897917;0.14253706;0.23519062;0.0;1147.8467;2880.2556;-1235.6106;5000.932;-50.70222;13.476666
1960-12-13;-3.0037029;-11.011748;-9.706622;752.80316;1.0676322;144.97401;95.00073;0.055745523;189.42316;293.61978;0.0004351138;-0.066780485;0.033542514;0.17528236;0.14173985;0.29058382;0.0;1250.4944;3077.5322;-1291.0216;4940.6743;-48.03;18.857779
1960-12-14;-1.3718771;-8.259868;-6.230217;753.5046;1.027645;201.19518;94.663086;0.055341404;192.62465;286.45834;0.011193751;-0.096821226;0.052779913;0.1937151;0.14095008;0.44269487;0.009894371;1150.045;2776.6445;-1194.3484;5378.452;-70.405556;-3.6388888
1960-12-15;-3.0487468;-6.140635;-6.949453;752.76685;1.1210624;113.44259;94.39567;0.054820973;196.48566;278.07617;5.9604645e-05;-0.040204264;0.068977475;0.2091527;0.14017522;0.5573947;5.2154064e-05;1288.5712;3018.2334;-1471.1984;4986.589;-27.13611;-10.068889
1960-12-16;-5.678131;-10.02697;-8.241718;751.1976;1.3044227;13.394792;94.22876;0.054389197;199.35284;271.19955;0.0096365195;-0.10203943;0.03914535;0.17857552;0.13942271;0.30831808;0.007990748;1270.0677;2900.4678;-1452.2755;4884.9443;-77.227776;-65.907776
1960-12-17;-5.7876663;-12.398845;-10.880935;749.741;0.9045775;167.2042;94.12589;0.054047506;201.10252;267.00845;0.0012970568;-0.0672061;0.035479665;0.17414987;0.1386702;0.27425402;0.0;1231.9722;2756.49;-1361.5773;4737.608;-50.54111;-20.097778
1960-12-18;-5.6979675;-8.466324;-8.780113;747.12506;0.8431191;265.0514;94.184814;0.05410123;200.89256;266.23535;1.3596653;-0.12365077;0.021085143;0.15902519;0.13794005;0.15436672;1.2898482;1170.1478;2584.5745;-893.3272;5464.6045;-95.65889;-84.63111
1960-12-19;-6.580063;-9.890264;-7.1841187;746.5652;1.6187963;35.518047;95.252686;0.05600846;193.5768;283.65073;1.4989674;-0.26770866;0.001475215;0.1386851;0.13721734;0.009695068;1.4618933;936.13;2280.3767;-1102.9423;5342.59;-207.35278;-75.34
1960-12-20;-6.4640183;-11.386456;-12.482742;749.3318;1.5833565;28.042776;95.1272;0.05623281;195.08202;283.7321;0.0;-0.042885542;0.013321638;0.14983118;0.13650209;0.107221305;0.0;1283.4933;3100.6023;-1558.417;4376.471;-31.71;22.653334
1960-12-21;-4.816498;-12.579366;-10.247186;748.2503;0.9434061;170.93523;94.90543;0.056043506;196.63214;280.51758;0.034198165;-0.0719009;0.024169683;0.15996397;0.13579428;0.18954836;0.03159046;1082.5867;2568.13;-996.02167;5250.03;-54.691113;-8.571111
1960-12-22;-5.4400635;-10.169385;-8.400876;749.06836;1.0236356;44.987133;94.72526;0.055829287;198.62465;277.01822;0.0045818207;-0.12651086;0.019878149;0.15497953;0.13510138;0.15668944;0.0024363399;1231.5422;2883.78;-1367.88;4967.743;-96.91944;-59.75778
1960-12-23;-7.6539993;-12.26485;-10.95782;747.83685;1.1088111;39.549835;94.57577;0.055612206;200.34242;272.94922;0.0047802925;-0.10323804;0.015690923;0.1500994;0.13440847;0.12215786;0.0039227307;1297.6722;2974.0222;-1420.7389;4675.452;-78.812225;-99.31111
1960-12-24;-7.595301;-13.160464;-12.864675;747.1018;1.0895376;169.70543;94.4397;0.055383045;201.63377;269.85678;0.0;-0.06292481;0.026375055;0.16009808;0.13373792;0.2020821;0.0;1390.6895;3137.8022;-1589.7284;4332.3755;-47.583332;-21.43
1960-12-25;-5.807386;-11.550313;-11.602653;748.4284;0.99015015;237.99176;93.54248;0.055125754;202.99445;266.3981;0.0017225739;-0.07459521;0.029727817;0.16279519;0.13306737;0.22476912;0.0;1392.0488;3080.2078;-1419.4906;4627.9844;-55.90222;-23.916666
1960-12-26;-4.5319314;-7.506958;-8.153993;750.37384;0.9237307;161.16661;92.23682;0.05498429;204.2923;263.87534;0.23666741;-0.054378062;0.03427267;0.16668439;0.132408;0.25515074;0.23258105;960.2033;2084.071;-996.5539;5387.749;-40.74111;-22.582222
1960-12-27;-4.056356;-10.330658;-6.55071;752.0235;1.0661721;33.958694;91.10775;0.054808497;206.43617;260.2539;0.0049054623;-0.13496168;0.027552247;0.15930831;0.13175607;0.20387769;0.004053116;1306.3062;2788.29;-1315.5806;5211.234;-102.1;-83.19444
1960-12-28;-1.8491617;-9.884522;-5.051853;750.78766;0.7830655;163.3954;89.8125;0.054673314;208.73534;255.90007;1.2082548;-0.10191649;0.044062734;0.17516315;0.13111532;0.2842173;0.35190582;1017.08;2111.9443;-688.5311;6046.9775;-77.40111;-22.243334
1960-12-29;-2.6308594;-3.2231343;-0.9607913;744.84393;0.9784155;146.76512;95.81022;0.06222375;198.2705;304.2399;8.045899;-0.14870614;0.010535121;0.14100969;0.13048202;0.036558136;7.748872;495.1372;1425.6855;-544.6339;6508.9434;-114.82333;-140.94
1960-12-30;-6.0751343;-10.722249;-7.772101;747.0823;1.1800579;78.15625;96.9056;0.063566364;199.30467;310.46548;0.0104904175;-0.13137795;0.020056963;0.14990568;0.12984872;0.15500747;0.010497868;1139.4534;3082.9844;-1512.9889;4796.7676;-99.458885;-103.02889
1960-12-31;-6.859447;-13.912824;-13.121544;749.4018;1.2648109;26.900522;96.53507;0.06332282;200.8675;306.51855;0.0008583069;-0.034967437;0.03235042;0.16157329;0.12923032;0.24659373;0.0;1218.4495;3217.4978;-1515.086;4343.2466;-25.39889;17.573334
1961-01-01;-4.3819275;-14.8287325;-12.475464;749.0524;0.9740934;220.05121;95.59603;0.06309847;202.42023;302.97852;0.037118793;-0.08128211;0.022143126;0.15076995;0.12861937;0.17009489;0.031434;1253.414;3221.2888;-1220.0083;4762.9424;-60.93222;14.333333
1961-01-02;-4.46285;-8.507816;-7.310965;745.0613;0.6908994;131.17174;96.19198;0.06485498;199.09145;315.91797;3.4290433;-0.074222684;0.013768673;0.14178455;0.12801588;0.07600151;3.1779556;716.83;1903.0989;-539.435;5975.0225;-56.036667;-50.88889
1961-01-03;-4.546458;-7.0904746;-5.1864867;744.69257;0.82085466;46.648758;97.06388;0.06684538;196.17609;330.24088;1.0781989;-0.13882947;0.015228987;0.14266372;0.12741983;0.11977553;1.0256469;782.9072;2244.031;-791.20447;5889.7124;-105.842224;-90.452225
1961-01-04;-7.917862;-11.067317;-9.963809;748.8423;1.1350394;82.69972;96.92334;0.067087494;197.70277;328.73535;0.009328127;-0.06359629;0.007137656;0.13396144;0.12683123;0.05660206;0.006392598;1080.3622;3041.129;-1390.32;4718.162;-47.695557;-93.23222
1961-01-05;-7.3179116;-12.620227;-12.153626;746.771;0.9849336;183.06096;96.75724;0.06699141;199.34698;325.52084;0.0026881695;-0.052591786;0.008881092;0.13512373;0.12625009;0.06616302;0.0009834766;949.49945;2611.1855;-1131.8789;4851.6724;-39.924446;-32.855556
1961-01-06;-9.341079;-16.464724;-15.056923;748.99396;1.0745307;85.38699;96.55973;0.066865884;200.66632;322.34702;0.0009536743;-0.058222562;0.014677644;0.14035404;0.1256764;0.11144206;0.0009611249;1216.9438;3279.1323;-1551.5538;4106.962;-43.94;-17.705555
1961-01-07;-9.563197;-17.95473;-16.44401;750.42993;1.3041974;40.894135;96.1521;0.06671985;201.73534;319.82422;0.00044107434;-0.042241067;0.013306737;0.13841689;0.1251176;0.10216795;0.0;1283.605;3378.831;-1575.1172;3990.1584;-33.373333;9.794444
1961-01-08;-9.647384;-17.93657;-16.779562;750.30927;1.4361662;20.273296;95.4838;0.066604376;202.73631;317.30142;0.0013232229;-0.055370852;0.0071898103;0.13175607;0.12455881;0.054709613;2.6077032e-05;1286.7206;3306.98;-1614.8972;3926.2385;-43.01;19.844444
1961-01-09;-9.891751;-23.394388;-17.772936;749.8525;1.2701186;47.690807;94.67692;0.066479765;203.66046;315.06348;0.002144681;-0.07346086;0.01065433;0.1346767;0.124014914;0.08354336;0.0;1388.3145;3486.6255;-1644.2839;3820.719;-56.72111;11.6
1961-01-10;-6.9293046;-20.973288;-14.288524;748.47577;1.0908064;45.84007;93.901855;0.06648549;203.89777;314.04623;1.8147111;-0.08531846;0.013649464;0.13713539;0.12347847;0.10238215;1.793556;1345.7417;3300.5234;-1076.6145;4795.5366;-66.19666;-27.797777
1961-01-11;-5.3497367;-7.6995597;-6.341044;747.21063;0.83585405;104.160065;96.56494;0.068576775;196.81703;334.51334;0.52935416;-0.112248585;0.009045005;0.13199449;0.12294203;0.06983802;0.52232295;1024.0856;2762.162;-708.7267;5935.32;-88.28111;-149.41112
1961-01-12;-6.816452;-10.24126;-7.1915107;746.88446;0.9303983;59.478413;96.42074;0.06869296;198.72557;332.47885;0.1444459;-0.15324447;0.0019967556;0.12439489;0.12241304;0.01533702;0.13846904;927.4117;2484.74;-991.32;5456.961;-120.73444;-141.21556
1961-01-13;-8.679856;-14.026394;-10.293526;746.6941;0.9952956;63.80542;96.28638;0.06858715;200.58656;328.45053;0.025183931;-0.1298096;0.001206994;0.12309849;0.1218915;0.011362135;0.019222498;1227.8005;3209.89;-1270.1494;4879.6143;-102.25445;-152.49222
1961-01-14;-7.8739243;-10.682984;-9.583098;747.30365;0.88216305;198.80595;95.90112;0.068617545;201.68;326.70084;0.474703;-0.10854285;0.009715557;0.13110042;0.12137741;0.07074699;0.46623126;1109.8694;2842.8845;-789.80725;5503.536;-85.40667;-155.97888
1961-01-15;-6.985222;-11.557052;-7.9250793;748.0566;0.8848174;47.318268;95.681885;0.06882719;202.6035;326.17188;0.19308674;-0.15106983;0.0019818544;0.12284517;0.12087077;0.018510967;0.18659979;939.0405;2407.672;-1003.31946;5398.2935;-118.89333;-110.48
1961-01-16;-7.803348;-12.893722;-11.387971;748.42804;0.9408147;159.31276;94.84774;0.06875217;204.07225;323.1608;0.0024249149;-0.08026045;0.015668571;0.1360327;0.12036413;0.117065385;0.0011436641;1397.8534;3515.0889;-1456.9778;4597.166;-62.735554;-116.291115
1961-01-17;-6.5648093;-9.975797;-11.266547;746.04517;1.0937046;235.50957;93.64274;0.06860153;205.24054;319.70215;0.7212162;-0.10017585;0.018715858;0.1385808;0.11985749;0.13477355;0.71676075;1408.1561;3446.0188;-1268.3434;4824.5156;-78.75889;-108.17889
1961-01-18;-6.083781;-6.831965;-6.156231;745.61115;1.2756733;195.09845;98.19889;0.07439224;191.54848;372.0703;9.646252;-0.07821061;1.4901161e-05;0.1193881;0.11936575;0.0;9.622101;335.87946;983.93445;29.925556;6708.61;-61.583332;-145.95444
1961-01-19;-4.555107;-5.1822486;-3.5346718;745.0986;1.1919163;167.82033;100.0;0.08459648;180.44203;454.3457;19.94267;-0.12368895;0.008493662;0.12737513;0.118881464;0.0;19.206398;558.1567;2028.4078;-259.67056;6611.9233;-97.39333;-222.16222
1961-01-20;-4.6114693;-5.3824387;-2.9495518;738.9733;0.96173686;171.29114;100.0;0.12809964;150.66566;837.1175;37.098255;-0.14189444;0.0012665987;0.119656324;0.11840463;0.0;36.473778;514.6067;2236.8254;-302.84222;6599.218;-111.71445;-242.20444
1961-01-21;-9.392487;-11.132276;-6.6352715;738.7524;1.424625;201.15968;100.0;0.15752478;150.6214;1041.4633;21.747818;-0.1333449;0.0;0.11789799;0.11792034;0.0;21.73441;450.85443;1961.2922;-737.12585;5653.8555;-103.79667;-158.53334
1961-01-22;-14.938805;-16.966324;-12.798591;741.35846;1.3914648;212.28613;100.0;0.16549154;154.41698;1069.9056;1.920104;-0.0414541;0.0;0.11743605;0.11743605;0.0;1.914531;787.43164;3376.19;-1070.6844;4679.59;-31.287222;-178.55
1961-01-23;-16.83342;-20.98112;-17.926493;743.92816;0.78597337;270.76755;100.0;0.16637488;157.98175;1050.5371;0.0656724;-0.022922643;0.0;0.116959214;0.116959214;0.0;0.06402284;901.0961;3768.1045;-1437.238;3838.2708;-16.476667;-121.78445
1961-01-24;-14.262173;-21.05012;-22.965548;746.5318;1.0044566;86.9795;100.0;0.16639169;161.13507;1029.5004;0.0004351138;0.0058393925;0.0;0.11649728;0.11649728;0.0;0.0;961.6494;3914.1523;-1189.1111;3782.7244;5.8233333;23.106667
1961-01-25;-9.853661;-17.212128;-21.315947;747.8188;0.73869795;153.69226;100.0;0.16642432;163.79523;1012.89874;0.17933366;0.0107474625;0.0;0.11602044;0.11602789;0.0;0.17718971;836.0378;3314.5088;-600.97943;4701.6777;9.591111;41.852222
1961-01-26;-8.54483;-10.568231;-15.816821;743.61774;0.53899246;242.00758;100.0;0.16923761;164.09535;1027.1403;3.8325965;0.019444153;0.0;0.115573406;0.115565956;0.0;3.82673;557.43054;2211.3533;-16.362778;5917.7935;15.846666;-45.795555
1961-01-27;-9.309213;-12.719684;-13.519657;745.2342;0.962405;74.785545;100.0;0.17057443;167.89418;1012.98016;0.008434057;-0.008761883;0.0;0.11511147;0.11511147;0.0;0.008441508;955.0306;3751.631;-1112.7675;4710.64;-4.727778;-72.31778
1961-01-28;-11.061813;-14.616641;-15.581749;744.71173;1.017243;103.24683;100.0;0.17060137;172.56248;985.3923;0.028336048;0.002000481;0.0;0.114664435;0.114656985;0.0;0.022437423;998.28613;3823.6033;-1113.5148;4522.6987;3.5116668;-49.23
1961-01-29;-10.9218025;-14.221484;-15.3531885;745.3946;1.1634539;70.5466;100.0;0.1707304;176.53905;963.66376;0.101614;0.0040456653;0.0;0.1142025;0.11420995;0.0;0.09710342;988.7856;3707.2366;-1024.355;4697.173;5.09;-54.48111
1961-01-30;-12.129249;-19.521269;-17.04885;745.64496;1.6325235;20.820044;100.0;0.17079096;180.28807;943.929;0.010550021;-0.023335218;0.0;0.113770366;0.113755465;0.0;0.009253621;1121.3116;4097.339;-1483.9092;3970.1814;-15.963333;3.8333333
1961-01-31;-11.504867;-20.374884;-20.140123;745.63116;1.7455496;19.798244;100.0;0.17080505;183.21742;928.6296;0.0017169969;-0.008239411;0.0;0.11332333;0.11331588;0.0;0.0;1195.1117;4265.028;-1573.4628;3620.1208;-4.3544445;98.64445
1961-02-01;-10.90034;-22.370623;-21.380281;742.7867;1.301026;26.776613;100.0;0.17081909;185.59894;916.9108;0.0038721028;-0.015099533;0.0;0.112876296;0.11288375;0.0;0.0;1237.5211;4315.218;-1392.5042;3760.6553;-9.808888;78.14889
1961-02-02;-10.636731;-20.84258;-19.595922;740.7304;1.2272013;13.319783;100.0;0.17088883;187.83788;906.2093;0.14125705;-0.015626661;0.0;0.11242926;0.11244416;0.0;0.1350008;821.4928;2803.8423;-618.1445;4868.769;-10.9794445;49.783333
1961-02-03;-9.221169;-17.583338;-17.761383;744.92267;1.0053211;119.15203;100.0;0.17096937;190.48534;894.0837;0.00016391277;-0.02069585;0.0;0.11201203;0.11201948;0.0;0.00017508864;1282.0011;4287.6646;-1206.6256;4316.302;-14.042222;-6.2377777
1961-02-04;-7.0791106;-12.379944;-15.079152;746.8663;0.9486127;121.60479;100.0;0.170982;193.58038;879.8421;0.0022441144;2.8871e-05;0.0;0.111594796;0.111594796;0.0;0.00052526593;1215.7028;3977.4233;-963.3961;4902.098;2.1522222;-35.735554
1961-02-05;-5.709751;-9.5689535;-13.121638;747.6755;0.9684201;81.53189;100.0;0.17101653;197.2246;863.9323;0.0017076731;0.0083828345;0.0;0.11116266;0.11117011;0.0;0.0004172325;1289.96;4133.0776;-1203.113;4769.783;9.072222;-32.413334
1961-02-06;-4.2688293;-9.785586;-11.325503;747.2758;0.76715446;163.20863;100.0;0.17185783;200.1559;854.61426;4.8572;-0.04205387;0.0;0.11074543;0.11074543;0.0;4.6225824;1369.72;4298.1567;-834.4039;5424.901;-30.005556;-52.764446
1961-02-07;-4.5939407;-6.0867743;-6.586277;747.0843;0.78809255;181.2725;100.0;0.18132587;195.39256;922.3226;12.2758;-0.06856024;0.0;0.1103431;0.1103282;0.0;11.822883;742.7928;2756.53;-386.3911;6294.15;-52.011112;-128.07222
1961-02-08;-6.656962;-8.447311;-6.7518997;744.30475;0.772866;99.44852;100.0;0.2101907;174.28058;1198.1608;23.657507;-0.05515665;0.0;0.109910965;0.109918416;0.0;23.49443;609.6878;2651.7822;-863.4092;5546.2554;-41.53;-106.412224
1961-02-09;-7.463314;-11.593638;-10.619426;748.0184;1.1674116;83.1769;100.0;0.21579187;179.02309;1202.1484;0.003427267;-0.029879622;0.0;0.10950863;0.10950863;0.0;0.0034235418;1040.4177;4411.5034;-1401.5464;4587.0156;-20.243889;-88.687775
1961-02-10;-6.33431;-16.957415;-14.993973;747.27374;1.0192459;88.07223;100.0;0.21580882;184.9977;1163.0859;0.0008553266;-0.03093388;0.0;0.1091063;0.10909885;0.0;0.0;1146.0917;4728.344;-1576.0361;3991.2837;-20.942223;25.927778
1961-02-11;-6.6716065;-13.279114;-15.936872;746.01874;0.6934183;287.76755;100.0;0.21592593;189.25453;1137.4512;0.44204593;0.0045839697;0.0;0.10871887;0.10870397;0.0;0.40298328;1067.9445;4289.8423;-722.62665;5029.544;5.8722224;-27.216667
1961-02-12;-5.6426682;-8.907146;-12.140068;747.6289;0.72476834;67.752625;100.0;0.21643348;193.72101;1114.1357;0.2542138;0.0007720664;0.0;0.10830164;0.10830164;0.0;0.23601577;1071.9478;4216.39;-949.2289;5125.88;3.3027778;-79.38556
1961-02-13;-6.6314445;-8.027686;-10.691039;742.9482;0.38934347;159.40544;100.0;0.22804463;187.67152;1209.5947;17.165527;0.018013641;0.0;0.10791421;0.10791421;0.0;17.12659;391.86722;1638.5422;-112.72889;6187.3267;14.593889;-24.603333
1961-02-14;-6.6239624;-8.052241;-8.623925;744.18945;0.6066088;191.4906;100.0;0.23511107;188.94952;1240.3564;4.866326;-0.034549274;0.0;0.10752678;0.10752678;0.0;4.8635416;766.4789;3211.56;-379.59113;6066.944;-25.096111;-138.36111
1961-02-15;-6.6464477;-8.087573;-7.3640885;744.6844;0.73370844;88.42661;100.0;0.24174869;191.51952;1259.0332;2.715826;-0.04137773;0.0;0.10713935;0.1071468;0.0;2.7126968;897.00446;3791.2234;-900.1528;5539.45;-29.663334;-162.69
1961-02-16;-8.5598;-11.349446;-9.193691;743.70526;0.95120496;69.27689;100.0;0.24234052;199.1826;1214.0707;0.11305185;-0.070244074;0.0;0.10675192;0.10675192;0.0;0.1087971;958.74945;3950.99;-1012.4278;5195.747;-52.11778;-172.81444
1961-02-17;-9.285206;-11.876805;-11.183861;742.9224;0.92365885;149.52617;100.0;0.24245293;205.36684;1177.8564;0.40994883;-0.03399141;0.0;0.10637939;0.10637194;0.0;0.40476397;1130.8722;4542.499;-985.5822;5069.3755;-23.413889;-164.4911
1961-02-18;-8.96971;-11.127682;-10.026654;743.3653;0.8649269;144.16695;100.0;0.24494787;207.77113;1174.357;7.781491;-0.0747256;0.0;0.10599196;0.10599196;0.0;7.775519;941.0611;3735.36;-471.51166;5838.6587;-56.218887;-185.72444
1961-02-19;-9.172843;-13.121133;-9.433819;746.15967;0.9848071;68.84859;100.0;0.2527485;203.8141;1237.0605;1.7184407;-0.13053231;0.0;0.10561943;0.10561943;0.0;1.7141476;997.4117;4136.849;-1122.6461;5041.7305;-99.24333;-188.7
1961-02-20;-10.152101;-15.523045;-12.8210535;748.5593;1.1302054;37.041187;100.0;0.25294006;209.39027;1205.5664;0.0015676022;-0.037239864;0.0;0.1052469;0.10523945;0.0;0.00115484;1239.1466;5003.4023;-1474.79;4309.9106;-25.561111;-123.71555
1961-02-21;-9.177825;-17.035564;-15.220601;751.8025;1.3441569;25.909302;100.0;0.2529486;213.71776;1181.0303;0.00043511385;-0.032141805;0.0;0.10487437;0.10486692;0.0;0.0;1340.4061;5272.276;-1600.1289;3991.95;-21.62111;-27.813334
1961-02-22;-8.660287;-16.668924;-16.52508;751.53754;1.344112;25.020578;100.0;0.25296268;217.24803;1161.9873;0.00087022776;-0.020707026;0.0;0.10450184;0.10449439;0.0;0.0;1387.625;5320.7437;-1583.0516;3943.5022;-12.865556;-5.89
1961-02-23;-8.629528;-20.013613;-17.355915;748.2557;1.0661868;62.799946;100.0;0.25296953;220.3574;1145.3043;0.0;-0.045409426;0.0;0.104129314;0.104129314;0.0;0.0;1398.1239;5230.4136;-1495.6194;3994.291;-32.134445;-2.6777778
1961-02-24;-9.454465;-13.694801;-16.084425;743.42804;0.8624808;147.18391;100.0;0.25362635;222.50356;1137.0443;1.2174003;0.006348826;0.0;0.10377169;0.10377914;0.0;1.2121797;964.2411;3538.1929;-491.21027;5349.8413;6.6466665;-64.14
1961-02-25;-10.531467;-12.593457;-12.78486;743.4267;1.1298659;150.33334;100.0;0.25452617;224.94594;1129.1097;1.3320953;-0.050597824;0.0;0.10342896;0.10342896;0.0;1.322493;1189.0105;4329.9204;-648.7839;5461.1665;-37.385555;-184.71556
1961-02-26;-8.339707;-9.842177;-9.731;743.8226;0.91124654;187.89381;100.0;0.26204243;219.07648;1190.5924;23.28593;-0.08959882;0.0;0.10307133;0.10306388;0.0;23.275953;842.76666;3152.2695;-212.72112;6207.182;-68.60333;-204.78555
1961-02-27;-7.8669305;-9.130493;-7.7973647;742.28436;0.79040164;148.31409;100.0;0.30047795;186.58168;1602.3356;33.444397;-0.019682571;0.0;0.102728605;0.102721155;0.0;33.438534;302.86;1322.0767;-256.45667;6204.028;-14.885555;-82.48111
1961-02-28;-11.043366;-12.980712;-9.231296;742.81525;1.3947548;190.72383;100.0;0.31695938;186.49445;1697.7133;4.4948096;-0.13687369;0.0;0.10237098;0.10237843;0.0;4.4337287;1059.1355;4568.5386;-947.8239;5235.155;-104.812225;-308.73972
1961-03-01;-12.717195;-18.554733;-12.336278;744.89813;0.74918884;133.955;100.0;0.319119;194.09438;1642.985;0.13691187;-0.10050461;0.0;0.10201335;0.10202825;0.0;0.13527274;1313.3267;5552.533;-1634.5684;4126.4985;-75.12666;-253.97055
1961-03-02;-12.620048;-19.611086;-16.510977;746.5522;0.9656365;86.02305;100.0;0.31918883;200.20473;1592.4072;0.2795143;-0.050162897;0.0;0.101685524;0.101685524;0.0;0.27523935;1350.83;5553.5186;-1374.0228;4144.3135;-36.155556;-147.21222
1961-03-03;-10.195591;-20.529648;-17.757599;752.11163;1.1207052;45.402023;100.0;0.31937948;204.76105;1558.1869;0.0017093417;-0.045374036;0.0;0.101327896;0.10133535;0.0;0.0;1465.0328;5881.7163;-1652.7134;3734.0317;-31.715555;-52.54889
1961-03-04;-6.7077065;-23.700796;-18.167376;750.42145;0.9698232;179.8426;100.0;0.31937352;208.98631;1526.9775;0.0021466275;-0.016216189;0.0;0.10100007;0.10100752;0.0;0.0;1514.8961;5925.954;-1540.595;3913.9275;-12.75;-11.581111
1961-03-05;-7.270826;-21.61484;-17.76365;746.9004;0.7320959;271.0426;100.0;0.31935692;213.04164;1497.9248;0.0;-0.011350028;0.0;0.100687146;0.100679696;0.0;0.0;1546.4061;5897.8955;-1475.8323;4032.1614;-8.952222;-89.58889
1961-03-06;-9.185975;-15.258861;-17.784845;745.81244;0.83745855;189.27736;100.0;0.31936836;216.9632;1471.0693;0.0;0.028749928;0.0;0.10035932;0.10035932;0.0;0.0;1610.5856;5994.4707;-1626.211;3834.6833;22.516666;-111.72111
1961-03-07;-8.938689;-12.386509;-16.183207;743.46356;0.78248453;127.31069;100.0;0.32069233;219.2324;1459.9203;7.3045406;0.020045787;0.0;0.100046396;0.100038946;0.0;7.2998705;1424.7422;5177.1865;-628.7967;5278.1406;15.675555;-154.43666
1961-03-08;-9.593621;-13.382304;-11.935406;740.2529;0.9715224;210.79872;100.0;0.3330654;210.2145;1582.1127;8.641541;-0.017883256;0.0;0.09971857;0.09971857;0.0;8.623097;1190.0125;4891.219;-1055.9867;5008.099;-14.09;-218.05222
1961-03-09;-11.337966;-13.854035;-13.522114;741.56445;0.99909824;149.83655;100.0;0.3364439;213.80336;1573.4863;0.8013129;-0.0010430813;0.0;0.09940565;0.09940565;0.0;0.7979386;1083.5109;4451.1245;-886.8922;4983.812;-0.8511111;-175.61194
1961-03-10;-11.574155;-14.923644;-12.933918;745.4639;1.079559;85.53223;100.0;0.33687702;219.19627;1536.7838;0.04900694;-0.055141747;0.0;0.09909272;0.09909272;0.0;0.042084605;1274.6036;5118.263;-1258.1683;4618.0137;-43.488888;-244.03555
1961-03-11;-8.55881;-18.724913;-14.892749;746.3354;1.1451594;65.494225;100.0;0.33687258;224.2757;1501.8717;0.0;-0.012728386;0.0;0.0987798;0.09878725;0.0;0.0;1611.7883;6305.3687;-1682.2097;3979.7104;-10.088889;-126.30556
1961-03-12;-8.467423;-14.000644;-14.305095;741.08325;1.7048179;20.940462;100.0;0.33704582;228.61488;1474.2025;0.44292808;0.0042077154;0.0;0.09846687;0.098481774;0.0;0.439059;1146.9456;4381.858;-809.0697;5134.0713;3.1905556;-44.885555
1961-03-13;-6.2528076;-11.710896;-11.58189;739.8904;0.9589068;137.62723;100.0;0.33735943;233.31737;1445.7601;0.29665232;-0.023813918;0.0;0.09816885;0.0981763;0.0;0.29003248;1603.6481;6006.8843;-1019.7039;5198.8896;-18.79;-187.40889
1961-03-14;-6.0343423;-7.448233;-8.12567;742.7166;1.1294875;235.01137;100.0;0.33835104;238.17152;1420.2881;2.988577;-0.077828765;0.0;0.09787083;0.09787083;0.0;2.9791222;1239.7264;4564.941;-417.76694;6215.5713;-61.39611;-276.46777
1961-03-15;-5.3495994;-6.4559326;-5.5123687;744.14624;1.0555314;193.14561;100.0;0.35355186;233.25487;1511.434;27.995754;-0.061322004;0.0;0.0975728;0.0975728;0.0;27.946047;602.66876;2462.8298;-279.625;6468.4746;-48.177776;-178.11555
1961-03-16;-5.730194;-7.048828;-5.002279;739.951;0.7067826;180.51599;100.0;0.38373113;219.1878;1746.2565;27.128521;-0.08167885;0.0;0.09727478;0.09726733;0.0;27.01582;520.0609;2242.9434;-350.07693;6381.7266;-64.30444;-159.35333
1961-03-17;-6.7783494;-7.961857;-5.4862037;743.0488;1.2730983;211.03876;100.0;0.40223214;218.55922;1840.3727;5.895896;-0.12809597;0.0;0.09697676;0.09697676;0.0;5.8885217;1072.6128;4644.4907;-732.9961;5885.824;-100.916664;-372.41556
1961-03-18;-6.1720047;-9.378014;-6.777308;747.2378;0.943289;185.23358;100.0;0.403842;228.81769;1765.7877;0.032517314;-0.087665394;0.0;0.096693635;0.096678734;0.0;0.028245151;1328.4061;5611.9077;-1359.1683;5041.453;-69.07111;-281.81332
1961-03-19;-5.003515;-12.128104;-9.192639;746.771;1.1251845;51.136738;100.0;0.40381697;237.24347;1702.2299;0.0008583069;-0.016768463;0.0;0.09639561;0.09639561;0.0;0.0;1607.8347;6618.958;-1588.3506;4588.4873;-13.224444;-208.42778
1961-03-20;-4.881386;-8.747696;-8.703662;745.363;0.91367906;85.72256;100.0;0.4042493;243.98631;1656.901;0.9239197;-0.008158386;0.0;0.09611249;0.09609759;0.0;0.8969158;1114.3;4471.216;-859.1989;5553.582;-6.5444446;-147.2589
1961-03-21;-4.608256;-8.175628;-8.627387;746.49536;1.006082;150.01729;100.0;0.40473488;250.38734;1616.3737;0.005841255;0.013127923;0.0;0.09581447;0.09581447;0.0;0.0019967556;1668.6666;6571.602;-1519.0137;4788.533;10.192223;-218.4911
1961-03-22;-3.8031006;-9.126857;-8.151364;750.1621;1.0735275;151.76141;100.0;0.4047226;256.57388;1577.5146;0.0032332663;-0.032108277;0.0;0.095531344;0.095531344;0.0;0.0018402934;1639.2583;6292.0684;-1319.6058;5127.1597;-25.375555;-214.81444
1961-03-23;-0.7942403;-4.278066;-7.189041;751.3615;0.9457679;226.2676;100.0;0.40473613;262.5996;1541.6666;0.0008583068;0.04193373;0.0;0.09523332;0.09524822;0.0;0.0;1762.9255;6600.0356;-1328.8694;5205.489;32.807777;-194.09222
1961-03-24;-1.012207;-3.907491;-4.905477;747.9587;0.8970785;228.57544;100.0;0.4047463;269.2145;1504.0283;0.0008759122;-0.019351952;0.0;0.0949651;0.09495765;0.0;1.4901161e-05;1799.1228;6537.9956;-1376.6306;5389.54;-15.298889;-244.93222
1961-03-25;-2.611369;-5.2122397;-4.690333;742.24805;1.0794456;169.90889;100.0;0.40654516;274.58658;1480.9164;4.695007;-0.11936203;0.0;0.09468198;0.09468198;0.0;4.242048;808.2672;2846.6045;-555.3467;6223.396;-93.977776;-79.0675
1961-03-26;-4.1353455;-6.4276633;-4.1137147;744.1912;0.8213415;152.88618;100.0;0.41010094;278.12143;1475.5859;1.2107432;-0.15787128;0.0;0.09441376;0.09440631;0.0;1.0801405;1453.5917;5339.6777;-1189.0603;5530.082;-124.28778;-319.57
1961-03-27;-3.8672104;-9.627793;-4.8762794;747.63403;0.9989402;60.961414;100.0;0.41028443;284.04068;1445.8822;0.04583597;-0.27155316;0.0;0.09414554;0.094130635;0.0;0.03413111;1657.6711;5897.1807;-1404.2927;5215.3687;-213.77667;-296.10443
1961-03-28;-2.6338844;-9.859795;-5.591624;746.48315;0.93411344;91.10366;100.0;0.41014802;289.37988;1419.2709;0.08639991;-0.15629548;0.0;0.09384751;0.093854964;0.0;0.06520003;1714.0706;5913.771;-1191.0178;5453.0938;-123.06555;-222.3811
1961-03-29;-0.9991862;-7.1415915;-3.8029377;743.7685;0.65413624;195.65346;100.0;0.41057512;294.43652;1396.6879;2.2181869;-0.14861208;0.014103949;0.10769069;0.09358674;0.13748184;2.0828545;1595.2544;5326.0723;-752.3886;6229.7256;-116.98556;-210.63445
1961-03-30;-1.7478333;-4.06427;-2.0005467;741.83344;0.73552895;119.160484;100.0;0.41153428;299.083;1379.476;0.55179346;-0.17656666;0.101327896;0.19463897;0.09331852;0.8634739;0.48956275;1924.45;6516.697;-1331.3234;5679.1943;-138.98611;-330.12222
1961-03-31;-3.4155388;-4.2200294;-1.777504;742.1589;1.0310415;176.62788;100.0;0.4202805;295.60806;1423.2178;13.663769;-0.20079035;0.019878149;0.1129508;0.09304285;0.13067201;12.90061;915.7522;3357.469;-520.70306;6492.928;-158.0839;-312.74335
1961-04-01;-4.537285;-6.453898;-2.317398;743.13983;1.105615;189.34814;100.0;0.427061;294.93198;1451.0092;2.668041;-0.35012233;0.0;0.09278953;0.09278953;0.0;2.5933273;1616.1344;5940.1934;-1142.4347;5748.5044;-275.65;-474.73557
1961-04-02;-3.533783;-10.098725;-3.2795067;747.17255;1.0110985;51.89752;100.0;0.42764208;300.2412;1428.1412;0.0064164395;-0.33008027;0.0;0.09252131;0.09252131;0.0;0.0050738454;1902.0505;6747.794;-1527.7944;5223.9854;-259.86;-424.5589
1961-04-03;-2.3072612;-9.803374;-4.7564607;749.3303;1.0692343;56.93693;100.0;0.42744842;305.79395;1402.5065;0.0021517263;-0.118276104;0.002771616;0.095039606;0.09226054;0.025276095;0.0;2157.9;7381.049;-1950.9706;4618.0815;-93.1;-271.80112
1961-04-04;-2.2423198;-8.189595;-4.472173;748.1628;1.0323526;77.04202;100.0;0.4273024;310.98438;1379.8828;0.28410292;-0.17086044;0.024065375;0.116065145;0.09199977;0.1823008;0.049512833;1913.2877;6340.177;-1399.7781;5341.029;-134.49445;-243.62445
1961-04-05;-0.7828776;-7.364797;-3.6952515;746.983;1.0100783;78.36021;100.0;0.4269062;316.29526;1357.015;0.101169385;-0.14540926;0.0783205;0.17006695;0.091739;0.62431395;0.048998743;2122.8127;6842.778;-1304.8656;5576.0713;-114.46111;-255.5
1961-04-06;-0.89642334;-3.813802;-1.8220469;745.538;1.3165507;42.942257;100.0;0.42665252;321.83463;1333.8623;1.7544627;-0.16021729;0.17903;0.27051568;0.09148568;1.0860786;0.17166138;1483.4412;4675.2383;-693.3222;6396.197;-126.12556;-204.61778
1961-04-07;-0.744812;-4.490265;-0.73282117;746.20087;1.7029847;38.29352;100.0;0.4260416;328.93164;1302.9379;0.27149782;-0.4678201;0.21284819;0.3040731;0.09123236;1.3741143;0.24168193;2136.4712;6013.0703;-1061.6805;6085.0776;-368.30667;-316.07443
1961-04-08;-0.817749;-4.9788003;-0.3769989;744.5627;1.7081839;36.733593;100.0;0.42428637;337.15884;1265.2588;0.12594461;-0.60221183;0.23601949;0.32702088;0.09097904;1.4975667;0.11409819;2363.7173;6086.441;-1126.7369;6024.027;-474.11722;-334.7622
1961-04-09;-0.6592509;-5.250529;-0.26485953;744.1628;0.97078604;83.22912;100.0;0.41946277;344.7311;1223.3073;0.12481208;-0.5026441;0.9072721;0.99799037;0.09071827;6.8304725;0.03066659;2754.8;6618.062;-1624.1733;5494.923;-387.12332;-331.48
1961-04-10;-0.6181844;-4.4830117;-0.37451172;746.9532;0.97082376;111.893555;100.0;0.41266647;352.77408;1176.2289;0.18182397;-0.45401138;0.93361735;1.0240674;0.09045005;6.5734053;0.00010430813;3201.3633;7301.036;-1843.6873;5264.004;-347.47388;-316.93332
1961-04-11;-0.22741699;-3.6276855;-0.30485407;749.2277;0.98835355;170.93211;100.0;0.40499878;361.11978;1127.9297;0.025722384;-0.5283225;1.1213273;1.2115091;0.09018928;7.808782;0.0006593764;3167.0278;6941.558;-1464.3889;5728.21;-405.3322;-341.31445
1961-04-12;0.41589355;-1.4062399;-0.08893585;746.7675;1.0915304;228.79216;100.0;0.39483884;366.61978;1082.4789;11.641415;-0.48494247;3.1547694;3.2676756;0.1129061;12.233947;3.4688637;2882.5977;6157.674;-762.2386;6645.6055;-372.21777;-348.92557
1961-04-13;-0.62242633;-1.0891622;-0.029978434;742.25555;0.582243;208.85925;100.0;0.4004729;345.13086;1163.1674;14.791989;-0.13055839;1.5791953;1.6997904;0.1205951;5.111113;10.619287;941.7661;3221.4382;-313.2;6962.867;-98.49722;-209.35333
1961-04-14;-1.1008505;-1.4313864;-0.061538696;743.48883;0.74256545;128.70918;100.0;0.40688524;335.40332;1214.8031;17.68181;-0.15174133;0.9973049;1.0870397;0.08973479;2.814766;14.031977;805.695;2801.2961;-244.675;7008.347;-115.916664;-232.79445
1961-04-15;-1.5726217;-4.3953147;-0.16790009;744.0283;0.8584015;87.73899;100.0;0.41396382;326.90366;1268.1885;5.415383;-0.33376738;0.95047057;1.0402501;0.089779496;3.3486633;3.3204556;1728.3556;6067.2573;-1368.3909;5693.74;-252.58667;-315.78223
1961-04-16;-3.6177166;-10.071289;-0.92710876;747.6342;1.5856901;30.699493;100.0;0.41326818;331.70474;1248.291;0.118319765;-0.86286104;0.0;0.08994341;0.08992851;0.0;0.06987527;2440.504;7464.828;-1943.448;4834.2334;-665.89667;-404.1378
1961-04-17;-0.9153035;-9.544601;-1.2885767;751.13617;1.3132719;29.418945;100.0;0.41276202;338.8063;1221.0693;0.00044107434;-0.44284853;0.030994415;0.12111664;0.09012222;0.15368126;0.0;2871.4617;7956.012;-2154.112;4703.13;-333.48944;-258.77335
1961-04-18;1.423055;-5.393823;-0.6330147;751.045;1.0451322;107.43693;100.0;0.4111776;348.88443;1182.0068;0.006812811;-0.3125416;0.51784515;0.608176;0.09033084;2.7500596;0.0;3111.0923;7889.1265;-1938.4181;5137.0034;-230.59666;-221.67166
1961-04-19;1.1626688;-3.8056743;-0.30747476;750.9213;1.0714029;101.117546;100.0;0.40412402;358.10254;1132.2021;0.75387955;-0.23701695;2.0661652;2.1852553;0.11910498;10.260787;0.0;3059.3018;7259.3105;-1710.8572;5437.189;-172.60388;-229.27888
1961-04-20;2.929067;-4.3724365;-0.32725143;753.53534;1.048477;89.1199;100.0;0.39306882;366.223;1077.2299;0.0012814989;-0.27654693;2.4205894;2.5645943;0.14398992;11.606842;0.0;3546.7405;8007.418;-1968.4484;5190.5835;-201.54889;-200.18666
1961-04-21;3.5397136;-1.9931921;-0.27052307;752.89825;1.1921653;120.636284;100.0;0.37937427;374.1019;1018.514;0.0025808811;-0.24596788;3.8419962;4.0030775;0.16108155;14.931913;0.0;3642.7212;7922.6694;-1839.2175;5390.5444;-177.81111;-193.44221
1961-04-22;3.31486;-2.3884175;-0.1831538;750.5589;1.1178681;147.64758;100.0;0.36432895;381.64746;959.06573;1.2490034;-0.33961982;4.409343;4.569501;0.16015768;14.972828;0.0;3411.5762;7212.686;-1206.2731;6167.2627;-251.48111;-183.35333
1961-04-23;3.3853657;-1.025472;-0.078305565;748.86273;0.9637868;180.8495;100.0;0.34538665;385.38052;900.59406;0.66931844;-0.3485065;6.469846;6.8930683;0.42322278;21.536695;0.0;3426.9973;7086.362;-1312.2264;6086.4946;-259.4711;-220.5711
1961-04-24;2.8316243;-0.85006714;-0.16093826;749.75824;1.0975176;156.27669;100.0;0.32755566;390.04166;844.31964;4.116118;-0.24394877;6.0705395;6.810248;0.73970854;16.770706;0.0;3138.9277;6384.5684;-1183.7275;6178.201;-179.27667;-185.51222
1961-04-25;4.1275535;0.069997154;-0.12960689;752.7458;0.99124306;202.3595;100.0;0.30943367;394.68652;788.6963;0.38576424;-0.19726343;7.4088125;7.857442;0.4486367;21.780375;0.0;3408.9407;6842.5845;-1256.5864;6148.9985;-140.75;-188.33778
1961-04-26;5.410309;-1.4396261;-0.24671681;754.4263;1.1176852;135.22142;100.0;0.28786087;400.7936;723.5921;0.0010073185;-0.25799125;8.006662;8.995086;0.9884164;21.881174;0.0;3973.5771;7897.8423;-1599.4197;5789.721;-184.91667;-167.44221
1961-04-27;5.4056497;0.09608968;-0.25002798;751.79974;1.1544935;165.10228;100.0;0.2660456;407.80338;658.08105;0.22310317;-0.20484999;8.477703;9.582311;1.1045859;21.418955;0.0;3574.5127;7049.173;-1253.18;6172.453;-145.47055;-144.27222
1961-04-28;4.6921287;0.25771078;-0.16092809;747.69415;1.0950515;186.77484;100.0;0.24547048;414.6328;597.3714;7.170604;-0.2916241;10.111868;11.361733;1.2498647;19.822264;0.022727996;3373.6416;6612.2915;-917.58307;6567.4272;-215.48611;-154.22888
1961-04-29;2.2898457;-0.19766235;-0.0975736;746.2216;1.1833304;124.783356;99.7194;0.22347248;417.23633;540.6901;8.51329;-0.43368524;13.464175;15.280708;1.8165336;23.64947;0.12214109;3557.2478;6943.723;-1110.5636;6319.426;-326.18112;-251.56667
1961-04-30;2.418518;-0.15443929;-0.2456398;749.5611;1.0963017;145.5112;98.07406;0.20320706;421.32193;487.46744;1.0376155;-0.46712813;8.496195;9.644776;1.1485517;19.559267;0.017020851;3609.7395;7007.309;-1166.2733;6256.951;-348.74667;-290.53888
1961-05-01;5.2790427;-2.43633;-0.46624374;753.63116;1.1043931;158.08922;96.15039;0.18236458;428.45084;430.0537;0.00044107434;-0.41594264;9.233221;10.300085;1.0668709;21.82096;0.0;4282.1787;8187.779;-1859.0895;5502.8667;-297.35443;-169.99667
1961-05-02;7.7097373;-4.751577;-0.50940067;754.1744;1.1387125;69.19608;94.83585;0.15993862;436.36035;369.95444;0.012407498;-0.48357528;10.06867;11.408225;1.3395622;22.612185;0.0;4125.6816;7805.6724;-1444.0925;6031.3755;-346.28333;-120.80334
1961-05-03;7.465037;-3.18513;-0.44001898;752.05426;1.2543565;154.11172;91.04655;0.13763566;444.02148;311.97104;0.004220009;-0.52100235;9.545311;10.873079;1.3277605;21.442945;0.0;3942.328;7327.2246;-1378.6564;6118.8667;-370.39777;-117.98222
1961-05-04;7.585917;-3.4345703;-0.55417126;751.1656;1.1892478;108.03007;86.720375;0.1161381;449.14877;259.8063;0.07754862;-0.7135086;9.603426;10.95882;1.3553947;21.53413;0.0;4256.879;7736.941;-1553.5856;5949.1655;-503.23334;-134.51555
1961-05-05;7.6524863;-2.1214905;-0.4653727;749.9046;1.1660283;108.500824;84.220375;0.095686436;450.0;213.46028;0.25328398;-0.6836895;8.792504;10.229021;1.4365166;19.418732;0.0;3884.62;6972.2124;-1190.7483;6371.065;-480.8989;-153.14778
1961-05-06;5.5469666;1.8115234;-0.13983917;747.8151;1.0950601;122.4141;82.98568;0.07812095;448.7982;174.3571;17.83842;-0.452308;14.821783;17.039478;2.2176876;16.953144;0.1229085;2720.0288;4846.6763;-574.9083;6998.0;-313.8289;-142.40555
1961-05-07;2.0795696;-0.49949136;-0.36690393;747.13696;1.0471596;177.53835;82.40414;0.061315935;436.48764;136.96289;5.4401636;-0.6951811;9.239971;10.803014;1.5630275;16.655098;0.0012218952;3185.1455;5690.8867;-946.405;6525.1494;-496.65332;-318.8211
1961-05-08;1.8169556;-1.7796224;-0.97502774;749.24835;1.2686172;113.71161;81.974205;0.04571557;436.48047;102.41699;3.136152;-1.0078121;7.660717;9.554744;1.8940046;15.07685;0.0;3765.37;6685.6465;-1322.5939;6036.947;-736.37;-442.37778
1961-05-09;3.600586;-0.82892865;-1.2906456;751.49414;1.459473;234.36845;67.10864;0.03034842;436.48438;68.15592;2.0074635;-1.1150725;6.079406;7.368922;1.2895018;14.49642;0.0;4089.5557;6879.306;-1482.0383;5984.576;-809.95557;-442.05444
1961-05-10;5.4415894;-0.19363403;-1.3124924;753.76105;1.191014;171.24504;39.18449;0.017116347;435.6787;38.655598;0.0012159348;-1.8104771;4.3799877;5.9265795;1.5465915;12.218159;0.00079348683;5279.332;7782.261;-1721.9155;6045.7275;-1265.6855;-624.7633
1961-05-11;8.134358;-0.92077637;-1.5823708;753.2573;1.1993471;89.81017;18.665121;0.008112987;435.60938;18.188477;0.0033915038;-2.5250232;2.2964926;4.050523;1.7540306;6.8165326;0.0;6095.883;8249.784;-2331.556;5670.26;-1755.6355;-636.2844
1961-05-12;8.194722;-2.7183025;-1.4342715;751.54395;1.2738043;96.62673;8.137695;0.0035294692;435.60938;7.85319;0.00042968144;-3.0790548;0.95678866;2.881229;1.9244403;3.1515658;0.0;6465.11;8399.49;-2540.2578;5588.6333;-2139.854;-700.47
1961-05-13;9.602397;-1.125;-0.689565;752.94135;1.3885106;42.591114;3.2982585;0.0014240742;435.60938;3.092448;0.11224747;-3.4151635;0.41159987;2.4640412;2.0524487;1.431536;0.0;6379.65;8145.814;-2326.9092;6048.7725;-2372.675;-738.85443
1961-05-14;10.473918;2.4440308;-0.31175995;756.5208;1.3325589;50.233063;1.2296549;0.0005305211;429.64453;1.3834635;0.074103475;-3.0395536;0.14778972;2.2844524;2.1366625;0.5480349;0.0;5551.612;7041.7046;-1976.41;6527.6704;-2111.459;-750.32
1961-05-15;12.296803;3.355484;-0.06099701;754.93677;1.1022476;162.58266;0.42773438;0.00018314521;425.90396;0.40690103;0.002039852;-3.7293005;0.052258372;2.234459;2.182208;0.22446737;0.0;6336.558;8024.4775;-2295.05;6439.968;-2590.6167;-755.64886
1961-05-16;8.6761675;2.6812642;-0.19610469;749.856;1.4929191;109.021065;0.13802083;5.9366226e-05;425.6328;-7.345365e-21;4.3489065;-2.9413216;0.82693994;3.0237138;2.1967814;0.06394833;0.0;5814.9546;7347.906;-2247.5222;6209.9277;-2043.2478;-1230.7145
1961-05-17;8.308513;-0.14089966;-0.3486379;751.1163;1.0589451;82.41352;0.051188152;2.1894773e-05;425.6328;-7.345365e-21;0.2132386;-3.4343135;0.035852194;2.230078;2.1942258;0.022675842;0.0;6131.22;7736.682;-2359.7239;6040.72;-2385.7068;-999.38556
1961-05-18;10.157023;-1.0141398;-0.3257688;751.88837;1.1212549;155.54631;0.018554688;7.947286e-06;425.6328;-7.345365e-21;0.0012799037;-3.691841;0.0019669533;2.1891446;2.187185;0.008746982;0.0;6444.9907;8122.918;-2577.109;5905.4443;-2564.6;-914.37555
1961-05-19;10.513988;-2.9931233;-0.27792993;751.62646;1.2892187;159.1392;0.006184896;2.861023e-06;425.6328;-7.345365e-21;0.00089982385;-3.8409214;0.00071525574;2.17773;2.1770298;0.0030621886;0.0;6683.8623;8414.745;-2622.6338;5878.472;-2668.16;-977.75336
1961-05-20;10.630504;-4.109548;-0.65938187;751.9727;1.379707;148.84288;0.0026855469;1.2715658e-06;403.89096;-7.345365e-21;0.3543347;-3.583232;0.045597553;2.2097082;2.1641254;0.001013279;0.0;6219.6426;7821.723;-2534.0845;5960.1074;-2489.1523;-851.80664
1961-05-21;11.464122;-2.486379;-0.6797574;752.30963;1.1044649;140.80618;0.00081380206;3.1789145e-07;386.18716;-7.345365e-21;0.00044107434;-3.8171792;0.00011920929;2.148509;2.1483824;0.00039115548;0.0;6630.4033;8329.291;-2590.5618;6061.9243;-2651.6667;-877.6322
1961-05-22;11.679901;-2.3528278;-0.16631699;751.1176;1.2785721;153.92882;0.0;-7.3453654e-25;385.0563;-7.345365e-21;0.003468691;-3.812868;0.00043213367;2.130136;2.1296964;0.00012293458;0.0;6574.222;8249.951;-2598.0483;6101.6187;-2648.672;-908.2967
1961-05-23;11.780721;-4.910624;-2.5215023;751.47797;1.2348862;117.31478;0.0;-7.3453654e-25;221.49902;-7.345365e-21;0.040376186;-3.6032937;0.0039339066;2.1124482;2.1085217;2.9802322e-05;0.0;6220.507;7797.561;-2496.8127;6151.573;-2503.088;-859.7256
1961-05-24;11.26946;-4.0737815;-3.9064586;749.0727;1.7709426;171.54689;0.0;-7.3453654e-25;109.027;-7.345365e-21;0.24457642;-3.4675338;0.026971102;2.11218;2.085194;1.4901161e-05;0.0;6366.84;7972.7153;-2534.4504;6063.303;-2408.78;-1182.1566
1961-05-25;9.252075;-3.728587;-0.8522822;749.5738;1.2881151;236.2501;0.0;-7.3453654e-25;100.39646;-7.345365e-21;0.0;-3.3105817;0.0;2.0597875;2.0597725;0.0;0.0;6776.1577;8476.234;-2736.295;5745.53;-2299.7512;-1485.9244
1961-05-26;9.929515;-1.8638712;0.009813945;749.8821;1.4848868;163.31535;0.0;-7.3453654e-25;99.99998;-7.345365e-21;0.6607413;-3.0768979;0.067949295;2.100557;2.0326228;0.0;0.0;6340.84;7923.189;-2438.395;6126.1685;-2137.4177;-1416.2134
1961-05-27;8.590047;-3.5075684;0.0100746155;745.6363;1.7773247;195.23907;0.0;-7.3453654e-25;99.99998;-7.345365e-21;0.72478056;-2.9793735;0.07502735;2.0790994;2.004087;0.0;0.0;6462.0127;8066.082;-2430.8694;6045.9644;-2069.6711;-1737.4122
1961-05-28;3.8543293;1.2436625;0.009934743;744.2988;1.0472383;148.7383;0.0;-7.3453654e-25;99.99998;-7.345365e-21;11.04446;-2.2672563;1.365453;3.3409595;1.9754992;0.0;0.0;4655.4116;5804.4775;-1671.3883;6437.383;-1574.9867;-1491.2078
1961-05-29;3.0783184;-0.31427002;-3.2817967;742.9206;1.28599;102.8754;0.0308431;3.3775966e-06;108.80337;-7.345365e-21;6.122534;-2.5569098;0.7503331;2.6971102;1.9468218;0.004194677;0.0071302056;4933.6187;6146.5913;-1736.6677;6294.3667;-1776.1978;-1500.8011
1961-05-30;6.3142395;-3.3587036;-4.2927613;744.3028;1.0591668;160.62596;0.0146484375;1.7086664e-06;132.93065;-7.345365e-21;0.1163609;-3.3793497;0.0123381615;1.9286871;1.9163489;0.001784414;0.0;6260.408;7790.292;-2336.8967;5924.0054;-2347.5234;-1292.8478
1961-05-31;8.467671;2.2078552;-0.99256516;745.85425;1.2066479;215.29695;0.004313151;3.5762787e-07;150.42152;-7.345365e-21;2.9996963;-2.9453263;0.36537647;2.2501945;1.8848107;0.00086799264;0.0;5828.799;7244.99;-1950.935;6604.956;-2046.0189;-1358.93
1961-06-01;7.8801064;2.8731282;-2.7475853;746.4292;1.2314583;185.99597;0.00081380206;-7.3453654e-25;150.72655;-7.345365e-21;4.646604;-2.8557944;0.6147921;2.468139;1.8533617;0.00026077032;0.0;5690.8574;7065.938;-2162.8032;6261.4507;-1983.8256;-1402.6067
1961-06-02;9.383229;0.7969869;-3.8225148;749.6587;1.3023928;113.303734;0.0;-7.3453654e-25;127.417625;-7.345365e-21;0.19133024;-3.622124;0.020831823;1.8422306;1.8213838;7.0780516e-05;0.0;6646.24;8243.527;-2558.3728;5969.689;-2516.169;-1270.7278
1961-06-03;11.119182;-0.027486166;-1.7217331;751.2137;1.2330155;153.18318;0.0;-7.3453654e-25;107.66209;-7.345365e-21;0.0004351138;-3.8574393;4.4703484e-05;1.7885864;1.7885492;1.1175871e-05;0.0;6850.5635;8488.003;-2647.2178;6021.0547;-2679.6345;-1094.3567
1961-06-04;12.221547;-0.42026773;-0.101576485;751.6333;1.4144797;165.33366;0.0;-7.3453654e-25;101.84145;-7.345365e-21;0.015529989;-3.763944;0.0015199184;1.7570406;1.7555207;0.0;0.0;6650.1943;8231.047;-2517.1843;6238.262;-2614.6855;-1122.2045
1961-06-05;11.410248;-2.9131165;0.010101318;748.70355;1.5391821;248.61403;0.0;-7.3453654e-25;99.99998;-7.345365e-21;0.00044107434;-3.6831517;4.4703484e-05;1.7225742;1.7225146;0.0;0.0;6933.1064;8572.233;-2692.209;5976.38;-2558.5623;-1379.1823
1961-06-06;8.66039;-1.1016337;0.010014852;747.1822;1.1020564;207.69092;0.0;-7.3453654e-25;99.99998;-7.345365e-21;0.66437757;-2.946714;0.060632825;1.7506033;1.6899631;0.0;0.0;5923.056;7315.567;-2374.0657;6189.21;-2046.9833;-1350.69
1961-06-07;9.186188;-0.42400107;0.0096918745;748.5574;1.1185743;108.92011;0.0;-7.3453654e-25;99.99998;-7.345365e-21;0.37167442;-2.9681473;0.032812357;1.6905665;1.6577691;0.0;0.0;6088.367;7511.8657;-2392.795;6237.3955;-2061.871;-1309.7578
1961-06-08;10.177257;2.1309102;0.009802501;748.9761;1.0518745;120.23188;0.0;-7.3453654e-25;99.99998;-7.345365e-21;1.3465922;-2.3876169;0.1373142;1.7634481;1.6261339;0.0;0.0;4959.6694;6112.7065;-2048.245;6625.762;-1658.5978;-949.07776
1961-06-09;12.776988;0.5194499;0.009831746;751.51514;1.1935172;190.45439;0.0;-7.3453654e-25;99.99998;-7.345365e-21;0.0710994;-3.1720362;0.0061690807;1.600802;1.5946403;0.0;0.0;6183.367;7613.14;-2387.854;6501.066;-2203.5088;-1159.3578
1961-06-10;14.144908;-1.4295654;0.009677887;753.8811;1.551375;249.27312;0.0;-7.3453654e-25;99.99998;-7.345365e-21;0.052961707;-3.383181;0.0044107437;1.5673041;1.5629083;0.0;0.0;6784.2026;8344.231;-2715.9438;6260.9385;-2350.1821;-1327.8855
1961-06-11;13.756703;-2.6843262;0.009915669;754.6805;1.4030434;241.5142;0.0;-7.3453654e-25;99.99998;-7.345365e-21;0.0021353527;-3.2272646;0.00016391277;1.5315562;1.5313625;0.0;0.0;6942.1255;8529.583;-2856.5688;6109.6943;-2241.8733;-1494.1156
1961-06-12;13.84908;-2.276947;0.009976705;751.07635;1.3960646;131.72014;0.0;-7.3453654e-25;99.99998;-7.345365e-21;0.41289032;-2.9864852;0.032424927;1.5327036;1.5002861;0.0;0.0;6673.2593;8190.6577;-2689.3428;6341.8335;-2074.6123;-1450.93
1961-06-13;13.961528;-2.7562459;0.009833018;746.8892;1.629928;205.59709;0.0;-7.3453654e-25;99.99998;-7.345365e-21;0.020088596;-2.9228554;0.0015646219;1.4712662;1.4696941;0.0;0.0;6784.245;8318.181;-2838.8677;6231.208;-2030.41;-1583.1211
1961-06-14;10.598622;-0.8498942;0.010332744;746.4202;1.3829689;168.89519;0.0;-7.3453654e-25;99.99998;-7.345365e-21;0.00044107434;-2.2990758;2.9802322e-05;1.4396906;1.4396682;0.0;0.0;6374.3457;7807.4346;-2590.8777;6262.2773;-1597.0922;-1967.4244
1961-06-15;8.9245405;2.6424053;0.0099322;747.0916;1.0738089;89.3038;0.0;-7.3453654e-25;99.99998;-7.345365e-21;1.5924156;-1.8120613;0.11904538;1.5298724;1.4108195;0.0;0.0;5049.37;6178.222;-2138.6328;6592.234;-1258.7789;-1513.1378
1961-06-16;9.641276;3.1496174;0.01041158;748.7293;1.2246381;81.95778;0.0;-7.3453654e-25;99.99998;-7.345365e-21;1.053331;-2.2213664;0.0782758;1.4610887;1.382798;0.0;0.0;5433.6367;6647.1587;-1964.8;6931.1006;-1543.1089;-1570.4933
1961-06-17;10.575755;3.079132;0.009841919;750.6111;1.2454346;82.91149;0.0;-7.3453654e-25;99.99998;-7.345365e-21;0.49743482;-2.373919;0.036895275;1.3918728;1.3549775;0.0;0.0;5730.0054;7009.1255;-2132.6677;6865.5996;-1649.0834;-1613.7089
1961-06-18;12.838847;2.4750874;0.010054271;751.0874;1.2591617;58.681973;0.0;-7.3453654e-25;99.99998;-7.345365e-21;0.09454787;-2.5642328;0.006303191;1.3336539;1.3273582;0.0;0.0;6146.818;7517.991;-2474.8318;6709.5166;-1781.2866;-1452.3855
1961-06-19;13.574016;1.5635885;0.009900411;751.8728;1.2856687;87.90783;0.0;-7.3453654e-25;99.99998;-7.345365e-21;0.18734336;-2.391223;0.013381243;1.3135374;1.3001487;0.0;0.0;6119.297;7483.3965;-2553.8584;6678.9565;-1661.1034;-1514.5845
1961-06-20;15.082295;-0.6729126;0.009821574;755.0092;1.2403241;117.904175;0.0;-7.3453654e-25;99.99998;-7.345365e-21;0.0;-2.5895238;0.0;1.2732744;1.2732744;0.0;0.0;6957.35;8507.13;-2977.925;6444.9033;-1798.8556;-1684.0845
1961-06-21;16.806427;0.54918414;0.00989151;755.5808;1.1847875;110.314026;0.0;-7.3453654e-25;99.99998;-7.345365e-21;0.0017117645;-2.4801865;0.00011920929;1.2468249;1.2466981;0.0;0.0;6953.5337;8501.403;-3021.7395;6651.3257;-1722.9022;-1563.4512
1961-06-22;18.202902;0.7472331;0.009976705;754.3306;1.1632079;111.437355;0.0;-7.3453654e-25;99.99998;-7.345365e-21;0.0008612871;-2.3400002;5.9604645e-05;1.2206584;1.2205988;0.0;0.0;6937.164;8480.301;-3111.81;6772.6113;-1625.52;-1574.9623
1961-06-23;18.939798;2.5739849;0.010093689;753.3782;1.404215;76.7846;0.0;-7.3453654e-25;99.99998;-7.345365e-21;0.0017953089;-2.179631;0.00011920929;1.1951327;1.1950135;0.0;0.0;6820.9585;8337.145;-2998.6836;7009.07;-1514.1167;-1670.8911
1961-06-24;19.760956;0.78483075;0.01002121;752.0852;1.3647261;124.061005;0.0;-7.3453654e-25;99.99998;-7.345365e-21;0.0012906358;-2.053827;8.940697e-05;1.1700541;1.1699647;0.0;0.0;6918.9854;8455.886;-3138.6995;6879.0146;-1426.7256;-1819.1111
1961-06-25;18.473776;-2.7428284;0.009679158;748.2837;1.4206014;116.04447;0.0;-7.3453654e-25;99.99998;-7.345365e-21;0.00085234636;-1.9027256;5.9604645e-05;1.1456311;1.1455641;0.0;0.0;7077.8877;8648.979;-3433.075;6396.2134;-1321.76;-2019.7045
1961-06-26;16.842733;-3.0060627;0.009859721;749.1578;1.3627257;112.85122;0.0;-7.3453654e-25;99.99998;-7.345365e-21;0.0021517272;-1.8195231;0.00013411045;1.1218637;1.1217222;0.0;0.0;7150.662;8736.753;-3459.2979;6255.582;-1263.9623;-2010.0511
1961-06-27;16.900229;1.4870096;0.010065715;751.7985;1.4105262;130.1996;0.0;-7.3453654e-25;99.99998;-7.345365e-21;0.006580474;-1.6582068;0.0003427267;1.0988116;1.098454;0.0;0.0;6619.9224;8087.2;-3005.5583;6780.1216;-1151.9011;-2032.4266
1961-06-28;17.917786;0.19360352;0.009733836;752.07074;1.3143948;100.39126;0.0;-7.3453654e-25;99.99998;-7.345365e-21;0.0021934502;-1.7024242;0.00014901161;1.0758936;1.0757595;0.0;0.0;6662.9272;8138.65;-3108.97;6790.4624;-1182.6189;-1907.7789
1961-06-29;18.205008;-0.6608073;0.010096232;750.27075;1.342527;114.32947;0.0;-7.3453654e-25;99.99998;-7.345365e-21;0.0022530556;-1.6942844;0.00011920929;1.0536611;1.0535568;0.0;0.0;6774.8594;8274.327;-3181.8022;6762.0654;-1176.9623;-1988.3167
1961-06-30;17.592539;-2.630249;0.009717305;747.9732;1.3778754;102.33492;0.0;-7.3453654e-25;99.99998;-7.345365e-21;0.001732109;-1.6845484;0.00011920929;1.0319352;1.0318309;0.0;0.0;7032.3374;8587.713;-3348.446;6562.1206;-1170.2;-2088.2522
1961-07-01;18.4723;2.5450032;0.0094617205;748.3593;1.295199;89.036285;0.0;-7.3453654e-25;99.99998;-7.345365e-21;0.0;-1.6243663;0.0;1.0106266;1.0106117;0.0;0.0;6696.845;8177.0;-3060.1438;7021.3267;-1128.3922;-1983.7222
1961-07-02;19.428274;1.5814108;0.009900411;749.4202;1.4175034;97.677284;0.0;-7.3453654e-25;99.99998;-7.345365e-21;0.0008574507;-1.6445518;5.9604645e-05;0.98994374;0.98988414;0.0;0.0;6903.0903;8427.723;-3188.17;6978.3276;-1142.4155;-2074.5688
1961-07-03;19.371511;0.23736572;0.010058085;748.7761;1.4355718;120.82788;0.0;-7.3453654e-25;99.99998;-7.345365e-21;0.0009566545;-1.5803221;5.9604645e-05;0.96973777;0.96967816;0.0;0.0;6857.349;8370.741;-3230.3455;6905.485;-1097.7966;-2120.6545
1961-07-04;18.505432;0.6726176;0.010058085;748.11444;1.4656669;110.50214;0.0;-7.3453654e-25;100.00259;-7.345365e-21;0.0025790287;-1.5122463;0.00014901161;0.95014274;0.9499863;0.0;0.0;6980.396;8519.886;-3341.169;6682.402;-1050.5067;-2265.5288
1961-07-05;17.919138;-2.9668987;0.010051727;747.31464;1.3746554;155.25166;0.0;-7.3453654e-25;99.99998;-7.345365e-21;0.0008583069;-1.4897063;5.9604645e-05;0.93083084;0.93078613;0.0;0.0;7113.359;8681.078;-3516.0378;6437.2935;-1034.8489;-2219.5266
1961-07-06;18.423117;-4.1152444;0.009830475;746.87646;1.2970546;150.05046;0.0;-7.3453654e-25;99.99998;-7.345365e-21;0.0008583069;-1.485141;5.9604645e-05;0.9121299;0.9120852;0.0;0.0;7154.8228;8730.56;-3632.7544;6356.898;-1031.6788;-2105.6533
1961-07-07;18.698252;-2.7388203;0.009667714;747.46216;1.4229153;121.82254;0.0;-7.3453654e-25;99.99998;-7.345365e-21;0.0;-1.4434931;0.0;0.89387596;0.89387596;0.0;0.0;7095.2583;8656.747;-3532.7717;6494.7;-1002.74664;-2148.5378
1961-07-08;18.247477;0.23920695;0.010169983;748.68945;1.4655728;107.58795;0.0;-7.3453654e-25;99.99998;-7.345365e-21;0.00044107434;-1.3861824;2.9802322e-05;0.8761287;0.8760989;0.0;0.0;7009.941;8551.555;-3392.047;6646.549;-962.93555;-2271.0977
1961-07-09;18.118286;2.8040874;0.0096918745;747.8327;1.3979387;86.487175;0.0;-7.3453654e-25;99.99998;-7.345365e-21;0.00074505806;-1.3393098;2.9802322e-05;0.8587837;0.858739;0.0;0.0;6832.451;8333.945;-3139.5266;6971.3154;-930.37445;-2302.0134
1961-07-10;18.482687;3.0943706;0.0101623535;745.65576;1.3821954;150.18059;0.0;-7.3453654e-25;99.99998;-7.345365e-21;0.00085532654;-1.2460723;4.4703484e-05;0.8419156;0.8418709;0.0;0.0;6493.6094;7919.628;-3073.1292;6991.8745;-865.6055;-2232.4634
1961-07-11;17.559134;-1.9339701;0.010047913;745.2668;1.7022023;177.77782;0.0;-7.3453654e-25;99.99998;-7.345365e-21;0.0017264647;-1.2385789;8.940697e-05;0.82561374;0.8255094;0.0;0.0;7023.811;8565.162;-3327.5789;6620.67;-860.39886;-2567.5388
1961-07-12;17.121664;1.2227987;0.010177612;748.29694;1.3510996;103.630714;0.0;-7.3453654e-25;99.99998;-7.345365e-21;0.00043511385;-1.2538089;2.9802322e-05;0.8095354;0.8095205;0.0;0.0;6915.8403;8432.359;-3268.2861;6747.261;-870.98;-2410.5767
1961-07-13;16.952118;0.34111533;0.009568532;747.6831;1.4622604;126.80471;0.0;-7.3453654e-25;99.99998;-7.345365e-21;0.0014841557;-1.131976;7.4505806e-05;0.7940531;0.7939637;0.0;0.0;6491.629;7914.112;-3138.1873;6740.16;-786.3456;-2374.2156
1961-07-14;16.468506;-3.1026714;0.009667714;747.3271;1.4657458;110.79206;0.0;-7.3453654e-25;99.99998;-7.345365e-21;0.0;-1.2023803;0.0;0.7788241;0.7788241;0.0;0.0;7049.5396;8593.159;-3395.8105;6504.461;-835.25446;-2455.22
1961-07-15;17.088736;2.207611;0.009887695;749.1931;1.6805964;48.417236;0.0;-7.3453654e-25;99.99998;-7.345365e-21;0.0;-1.1516585;0.0;0.76405704;0.76405704;0.0;0.0;6802.797;8291.392;-3233.4128;6765.0605;-800.01886;-2407.3423
1961-07-16;16.74769;-0.3080953;0.009864807;749.0456;1.7832717;44.624634;0.0;-7.3453654e-25;99.99998;-7.345365e-21;0.00086128706;-1.1280514;4.4703484e-05;0.7497072;0.74966997;0.0;0.0;6963.6343;8485.523;-3376.6274;6544.258;-783.62;-2516.4888
1961-07-17;17.377176;-0.5059204;0.010058085;747.6755;1.3018447;70.45508;0.0;-7.3453654e-25;99.99998;-7.345365e-21;0.032996178;-1.1302661;0.0018030405;0.73745847;0.7356554;0.0;0.0;6538.434;7965.646;-3175.0444;6844.229;-785.1578;-2227.4246
1961-07-18;18.88732;-0.17354329;0.009986877;748.364;1.3239745;120.92538;0.0;-7.3453654e-25;99.99998;-7.345365e-21;0.0008583069;-1.2129117;5.9604645e-05;0.72199106;0.72194636;0.0;0.0;6863.386;8359.607;-3312.0625;6875.217;-842.57;-2252.1067
1961-07-19;18.582916;-3.3280742;0.009681702;749.6826;1.4392066;166.28098;0.0;-7.3453654e-25;99.99998;-7.345365e-21;0.0012993806;-1.153091;7.4505806e-05;0.7086247;0.7085502;0.0;0.0;6920.5796;8427.323;-3474.5278;6624.648;-801.01447;-2416.1868
1961-07-20;18.669016;-5.338247;0.009515126;749.6247;1.068159;116.5642;0.0;-7.3453654e-25;99.99998;-7.345365e-21;0.0021398063;-1.1924635;0.00011175871;0.6956309;0.69551915;0.0;0.0;7040.3896;8571.394;-3664.541;6503.995;-828.36444;-2105.4734
1961-07-21;19.66504;3.5711365;0.010058085;749.0817;1.4335337;64.69295;0.0;-7.3453654e-25;99.99998;-7.345365e-21;0.005811453;-1.0792464;0.000230968;0.6830245;0.68279356;0.0;0.0;6439.15;7837.6123;-3047.439;7226.221;-749.7167;-2174.7178
1961-07-22;20.348093;3.6811116;0.01010259;748.9592;1.4614204;158.14694;0.0;-7.3453654e-25;99.99998;-7.345365e-21;0.0017225739;-1.0976521;0.00010430813;0.67047775;0.67040324;0.0;0.0;6557.759;7980.202;-3124.6455;7218.617;-762.5022;-2326.6445
1961-07-23;20.383911;-1.7173666;0.010064443;750.6363;1.2904162;99.11173;0.0;-7.3453654e-25;99.99998;-7.345365e-21;0.0017046486;-1.1688322;8.940697e-05;0.658378;0.6582886;0.0;0.0;6962.3;8470.585;-3584.5244;6788.12;-811.94775;-2127.3489
1961-07-24;21.315308;2.8870137;0.00989151;753.0093;1.4909582;117.648125;0.0;-7.3453654e-25;99.99998;-7.345365e-21;0.0017369502;-1.119513;8.940697e-05;0.6465465;0.6464571;0.0;0.0;6798.578;8269.578;-3406.2515;7019.042;-777.69;-2241.8423
1961-07-25;21.599356;-4.5851035;0.009690602;751.43;1.3834386;139.81346;0.0;-7.3453654e-25;99.99998;-7.345365e-21;0.0;-1.1225883;0.0;0.6349385;0.6349534;0.0;0.0;7003.802;8517.294;-3807.361;6562.4346;-779.82446;-2101.49
1961-07-26;20.66216;-6.6124673;0.009933472;748.7937;1.3901409;129.5335;0.0;-7.3453654e-25;99.99998;-7.345365e-21;0.0;-1.0680761;0.0;0.6237924;0.6237775;0.0;0.0;7003.418;8514.927;-3726.4846;6518.6187;-741.95776;-2200.7344
1961-07-27;20.786001;-5.402191;0.009724935;748.4658;1.3927937;186.71248;0.0;-7.3453654e-25;99.99998;-7.345365e-21;0.00044107434;-1.0402193;2.9802322e-05;0.61288476;0.61286986;0.0;0.0;6889.447;8374.504;-3555.189;6728.9424;-722.6055;-2272.76
1961-07-28;21.262085;-3.6703186;0.009995778;748.82074;1.7881473;143.4446;0.0;-7.3453654e-25;99.99998;-7.345365e-21;0.00044107434;-0.9832457;2.9802322e-05;0.60227513;0.60224533;0.0;0.0;6479.8765;7874.892;-3189.5112;7130.3633;-683.0289;-2234.6223
1961-07-29;19.788431;-2.6631572;0.00984319;749.3511;1.282234;211.38826;0.0;-7.3453654e-25;99.99998;-7.345365e-21;0.0017225739;-0.9629894;8.940697e-05;0.59199333;0.5919188;0.0;0.0;6963.319;8460.55;-3721.088;6454.112;-668.95667;-2380.209
1961-07-30;19.531137;-2.6293335;0.010169983;748.93164;1.3424468;112.1547;0.0;-7.3453654e-25;99.99998;-7.345365e-21;0.0;-1.006593;0.0;0.58175623;0.58175623;0.0;0.0;6854.3604;8326.258;-3530.595;6716.567;-699.2478;-2235.359
1961-07-31;19.14441;2.0336506;0.009825389;748.7674;1.4488488;81.737114;0.0;-7.3453654e-25;99.99998;-7.345365e-21;0.0018596647;-0.9825453;8.940697e-05;0.57187676;0.57178736;0.0;0.0;6613.737;8032.1465;-3294.463;7052.2207;-682.54114;-2249.6
1961-08-01;16.895325;2.5183513;0.010032654;748.46674;1.8863503;44.12572;0.0;-7.3453654e-25;99.99998;-7.345365e-21;0.012726999;-0.79292244;0.0006854534;0.56283176;0.5621612;0.0;0.0;5916.195;7183.683;-2862.939;7127.058;-550.81665;-2359.101
1961-08-02;16.67867;1.7498474;0.009994507;748.1714;1.4952184;60.930298;0.0;-7.3453654e-25;99.99998;-7.345365e-21;0.23709238;-0.8579027;0.012204051;0.56508183;0.55287033;0.0;0.0;5779.4404;7016.0073;-2811.047;7119.0073;-595.95667;-2217.8655
1961-08-03;17.623648;1.2226053;0.009897868;749.9638;1.1348046;107.109985;0.0;-7.3453654e-25;99.99998;-7.345365e-21;0.023841858;-0.817704;0.0011324883;0.54499507;0.54385513;0.0;0.0;5134.2246;6231.287;-2624.9255;7321.9365;-568.0311;-1799.7855
1961-08-04;18.016663;-0.15332031;0.010065715;750.7403;1.2472473;126.563805;0.0;-7.3453654e-25;99.99998;-7.345365e-21;0.00871476;-0.91206187;0.0003427267;0.5353242;0.5349964;0.0;0.0;6195.4517;7517.418;-3077.7222;7002.753;-633.5789;-2205.5288
1961-08-05;18.724752;-1.7734884;0.009938558;749.08307;1.3519768;112.65366;0.0;-7.3453654e-25;99.99998;-7.345365e-21;0.00042617318;-0.93148834;2.9802322e-05;0.5262494;0.5262345;0.0;0.0;6573.2246;7974.049;-3301.341;6890.45;-647.0733;-2270.162
1961-08-06;18.699677;-0.495931;0.010222117;747.70905;1.5783466;107.905266;0.0;-7.3453654e-25;99.99998;-7.345365e-21;0.0;-0.89453346;0.0;0.51763654;0.51762164;0.0;0.0;6587.773;7989.901;-3302.4268;6861.0522;-621.4022;-2386.0977
1961-08-07;18.030436;2.123515;0.010222117;748.77167;1.588902;45.563274;0.0;-7.3453654e-25;99.99998;-7.345365e-21;0.0;-0.8352641;0.0;0.5092621;0.50925463;0.0;0.0;6384.9243;7742.219;-3146.39;6973.105;-580.23;-2400.7756
1961-08-08;17.80951;-1.2374268;0.009961446;751.00323;1.5255278;54.880707;0.0;-7.3453654e-25;99.99998;-7.345365e-21;0.0;-0.8591553;0.0;0.50106645;0.50106645;0.0;0.0;6682.669;8101.4883;-3544.5662;6518.9756;-596.82666;-2329.689
1961-08-09;17.34205;-2.2404888;0.010111491;752.3029;1.6035377;52.337326;0.0;-7.3453654e-25;99.99998;-7.345365e-21;0.0012953688;-0.82698;7.4505806e-05;0.49312413;0.49307197;0.0;0.0;6758.708;8191.8335;-3664.4712;6263.7466;-574.4756;-2356.9277
1961-08-10;18.780365;-1.979248;0.010189056;751.33124;1.3818332;117.722374;0.0;-7.3453654e-25;99.99998;-7.345365e-21;0.0008523463;-0.84746814;5.9604645e-05;0.48533082;0.48527867;0.0;0.0;6623.729;8026.4443;-3441.041;6633.9365;-588.70886;-2278.5723
1961-08-11;18.61618;0.44761148;0.0096588135;750.18024;1.5992314;89.69006;0.0;-7.3453654e-25;99.99998;-7.345365e-21;0.0008704243;-0.82138085;4.4703484e-05;0.47770143;0.47765672;0.0;0.0;6366.4355;7712.838;-3141.3867;7027.1035;-570.5856;-2310.9988
1961-08-12;17.769327;4.7921853;0.010142009;751.5552;1.4211496;110.439445;0.0;-7.3453654e-25;99.99998;-7.345365e-21;0.0133395195;-0.76397884;0.00055879354;0.4707873;0.47022104;0.0;0.0;6201.291;7511.1523;-2994.4138;7084.084;-530.7111;-2460.28
1961-08-13;17.722677;1.5556641;0.010054271;751.9213;1.0831412;109.44799;0.0;-7.3453654e-25;99.99998;-7.345365e-21;0.002282507;-0.6290507;8.940697e-05;0.4631579;0.46305358;0.0;0.0;4731.852;5730.2085;-2484.5662;7465.721;-436.98;-1641.6145
1961-08-14;19.029306;2.41745;0.009918213;752.438;1.0627953;64.34768;0.0;-7.3453654e-25;99.99998;-7.345365e-21;0.0012814989;-0.7599257;7.4505806e-05;0.45613945;0.45607984;0.0;0.0;5583.258;6759.775;-2832.3494;7375.3555;-527.8945;-1879.2544
1961-08-15;19.987894;2.7303364;0.010002136;751.8005;1.4509834;55.45047;0.0;-7.3453654e-25;99.99998;-7.345365e-21;0.001276776;-0.7842518;7.4505806e-05;0.4492104;0.4491508;0.0;0.0;5908.635;7152.1465;-2837.3484;7506.6157;-544.79443;-2135.3245
1961-08-16;20.738577;-0.20218913;0.01014328;751.2659;1.3230132;89.88934;0.0;-7.3453654e-25;99.99998;-7.345365e-21;0.00087022776;-0.8072369;4.4703484e-05;0.44241548;0.44235587;0.0;0.0;5972.7783;7228.7754;-3103.6838;7265.1377;-560.7611;-1992.7755
1961-08-17;20.999023;-1.6636963;0.009738922;750.9163;1.139246;81.061844;0.0;-7.3453654e-25;99.99998;-7.345365e-21;0.0017166131;-0.82840866;8.940697e-05;0.43581426;0.4357174;0.0;0.0;6067.665;7342.7207;-3217.2322;7224.8296;-575.4678;-1923.6855
1961-08-18;21.019644;-1.7954712;0.010080974;751.0093;1.2709826;171.34839;0.0;-7.3453654e-25;99.99998;-7.345365e-21;0.0;-0.82819724;0.0;0.42919815;0.42919815;0.0;0.0;6331.141;7660.6313;-3335.08;7086.8867;-575.32;-2107.4888
1961-08-19;19.846048;-3.6386006;0.009759267;750.6413;1.4594849;149.77943;0.0;-7.3453654e-25;99.99998;-7.345365e-21;0.00044107434;-0.7558875;2.9802322e-05;0.42289495;0.42285025;0.0;0.0;6342.848;7673.8633;-3394.166;6793.172;-525.09;-2308.6956
1961-08-20;18.888376;-2.0160828;0.009966533;751.38885;1.3777231;86.100555;0.0;-7.3453654e-25;99.99998;-7.345365e-21;0.0;-0.750795;0.0;0.41663647;0.41663647;0.0;0.0;6172.753;7467.121;-3263.804;6877.5796;-521.5511;-2135.159
1961-08-21;19.72705;2.366272;0.009657542;750.8894;1.3525943;81.20968;0.0;-7.3453654e-25;99.99998;-7.345365e-21;0.0012818618;-0.7657278;7.4505806e-05;0.4106015;0.4105419;0.0;0.0;6142.395;7429.5806;-3094.705;7214.23;-531.9267;-2158.1423
1961-08-22;18.853973;2.5884907;0.010018666;750.6873;1.3046196;56.233185;0.0;-7.3453654e-25;99.99998;-7.345365e-21;0.17522597;-0.686463;0.008657575;0.4132539;0.40461123;0.0;0.0;5125.073;6198.4917;-2633.1384;7516.93;-476.86334;-1859.1755
1961-08-23;19.274637;2.773173;0.009849548;750.9844;1.2761964;115.183685;0.0;-7.3453654e-25;99.99998;-7.345365e-21;0.0017176372;-0.7593315;8.940697e-05;0.3989339;0.39885193;0.0;0.0;5574.844;6741.4565;-2906.5288;7231.4033;-527.48224;-1957.3177
1961-08-24;18.904785;-1.866567;0.010032654;751.48175;1.4558173;181.4823;0.0;-7.3453654e-25;99.99998;-7.345365e-21;0.0;-0.734997;0.0;0.39318204;0.39318204;0.0;0.0;6157.878;7445.584;-3329.046;6735.1934;-510.5789;-2227.8867
1961-08-25;17.553802;-6.0434976;0.010065715;751.9554;1.2946368;151.7909;0.0;-7.3453654e-25;99.99998;-7.345365e-21;0.0012897726;-0.69119596;5.9604645e-05;0.3876686;0.3876239;0.0;0.0;6237.3296;7540.771;-3558.3955;6274.62;-480.15112;-2155.5889
1961-08-26;17.53652;-4.1453857;0.009859721;752.37726;1.3333069;120.54366;0.0;-7.3453654e-25;99.99998;-7.345365e-21;0.0004351138;-0.6906092;1.4901161e-05;0.38219988;0.38218498;0.0;0.0;6184.1226;7475.422;-3508.1538;6325.0093;-479.74335;-2078.2488
1961-08-27;16.927734;-4.1081543;0.0102551775;750.4073;1.3617028;96.27204;0.0;-7.3453654e-25;99.99998;-7.345365e-21;0.0025749204;-0.6821295;0.00011920929;0.37696958;0.37685037;0.0;0.0;6125.664;7403.904;-3380.645;6458.1865;-473.85333;-2062.0566
1961-08-28;16.427277;1.2011617;0.009975433;750.1519;1.4382826;92.694725;0.0;-7.3453654e-25;99.99998;-7.345365e-21;0.0012891241;-0.63180554;5.9604645e-05;0.37169456;0.37164986;0.0;0.0;5865.5728;7088.7627;-3129.844;6663.8706;-438.89444;-2168.4744
1961-08-29;15.508555;1.2905172;0.010009766;750.4715;1.3575207;107.78071;0.0;-7.3453654e-25;99.99998;-7.345365e-21;0.00044107434;-0.61523354;2.9802322e-05;0.36653876;0.36653876;0.0;0.0;5855.504;7075.6704;-3040.294;6693.9033;-427.38223;-2296.0754
1961-08-30;15.85497;-2.7489727;0.010018666;750.54803;1.4120026;137.9908;0.0;-7.3453654e-25;99.99998;-7.345365e-21;0.0;-0.6080056;0.0;0.36157668;0.36157668;0.0;0.0;5980.922;7226.428;-3288.2163;6360.185;-422.3622;-2223.24
1961-08-31;16.423777;-4.2710776;0.010147095;748.9733;1.5880936;152.90678;0.0;-7.3453654e-25;99.99998;-7.345365e-21;0.0;-0.6016577;0.0;0.3567338;0.3567189;0.0;0.0;5867.831;7088.9565;-3182.4155;6464.2275;-417.9511;-2153.3833
1961-09-01;13.784312;-3.3547668;0.009887695;747.2698;1.3255769;142.93217;0.0;-7.3453654e-25;99.99998;-7.345365e-21;0.001718502;-0.53597987;8.940697e-05;0.35208464;0.35199523;0.0;0.0;5908.49;7137.206;-3178.936;6218.362;-372.3278;-2439.3823
1961-09-02;11.519612;-2.141866;0.010190328;748.9021;1.3301171;107.626076;0.0;-7.3453654e-25;99.99998;-7.345365e-21;0.0018020364;-0.47268158;7.4505806e-05;0.34749508;0.34740567;0.0;0.0;5134.4883;6201.025;-2761.601;6413.2847;-328.35556;-2141.4077
1961-09-03;10.917094;-0.72162884;0.010042827;749.3054;1.2668008;96.50298;0.0;-7.3453654e-25;99.99998;-7.345365e-21;0.006714463;-0.44248253;0.00029802322;0.34327805;0.34299493;0.0;0.0;4814.6973;5814.102;-2609.164;6475.78;-307.37668;-2002.6045
1961-09-04;11.575073;-2.0688171;0.010211945;748.5115;1.241787;141.10808;0.0;-7.3453654e-25;99.99998;-7.345365e-21;0.0017046923;-0.5243588;8.940697e-05;0.3386736;0.3385991;0.0;0.0;5746.9556;6939.507;-3120.6;6064.231;-364.25446;-2261.8267
1961-09-05;11.611989;-2.2902424;0.010068257;749.5732;0.9425438;61.677597;0.0;-7.3453654e-25;99.99998;-7.345365e-21;0.015163422;-0.44785812;0.00064074993;0.3349781;0.33432245;0.0;0.0;4560.9814;5506.8066;-2573.3374;6561.8794;-311.1122;-1647.6511
1961-09-06;12.338409;-0.9096171;0.010042827;751.84393;1.4617404;47.79436;0.0;-7.3453654e-25;99.99998;-7.345365e-21;0.0008554056;-0.51455015;4.4703484e-05;0.33017993;0.33014268;0.0;0.0;5540.458;6688.692;-2973.3093;6292.4844;-357.44;-2085.3677
1961-09-07;12.133891;-3.1108425;0.009957631;752.38495;1.7346643;41.283222;0.0;-7.3453654e-25;99.99998;-7.345365e-21;0.0008523463;-0.5080458;4.4703484e-05;0.3260225;0.3259927;0.0;0.0;5673.246;6848.1157;-3153.931;6034.542;-352.9222;-2173.5378
1961-09-08;13.285329;-2.8547008;0.009841919;750.5495;1.2893909;84.134705;0.0;-7.3453654e-25;99.99998;-7.345365e-21;0.0004534994;-0.53631514;2.9802322e-05;0.3219247;0.3219098;0.0;0.0;5612.812;6774.345;-3156.17;6144.1377;-372.56;-1944.5522
1961-09-09;12.667317;-2.634196;0.009671529;749.3513;0.94369316;113.57992;0.0;-7.3453654e-25;99.99998;-7.345365e-21;0.1475513;-0.50768256;0.0069886446;0.32491982;0.31791627;0.0;0.0;4788.524;5778.754;-2714.352;6527.7153;-352.67;-1673.8411
1961-09-10;13.740621;-4.3078513;0.0102170305;748.3318;1.1114362;162.9089;0.0;-7.3453654e-25;99.99998;-7.345365e-21;0.0052434136;-0.55387056;0.00023841858;0.3142655;0.31404197;0.0;0.0;5148.5054;6212.403;-2939.694;6362.858;-384.75555;-1739.2333
1961-09-11;13.289246;-8.713695;0.009868622;747.03595;1.3582145;171.2004;0.0;-7.3453654e-25;99.99998;-7.345365e-21;0.0;-0.5259598;0.0;0.31019747;0.31019747;0.0;0.0;5551.7144;6698.1807;-3209.8286;5974.8267;-365.36777;-1976.84
1961-09-12;11.761932;-4.571401;0.009920756;748.39166;1.5034137;198.3333;0.0;-7.3453654e-25;99.99998;-7.345365e-21;0.009838277;-0.39489752;0.0004917383;0.30699372;0.30650198;0.0;0.0;4803.685;5795.0444;-2608.183;6315.8594;-274.32224;-2047.5111
1961-09-13;11.569539;-4.148153;0.010075887;751.1184;1.1837612;149.68817;0.0;-7.3453654e-25;99.99998;-7.345365e-21;0.0;-0.4807515;0.0;0.3028661;0.3028661;0.0;0.0;5457.46;6582.914;-3179.1287;5834.0615;-333.96112;-1952.8203
1961-09-14;12.081004;-6.9026895;0.010190328;752.0312;1.2311169;88.98151;0.0;-7.3453654e-25;99.99998;-7.345365e-21;0.0017106531;-0.50742364;8.940697e-05;0.29933453;0.29925257;0.0;0.0;5518.75;6656.025;-3361.9888;5710.3066;-352.49;-1693.8959
1961-09-15;13.096252;-3.3769023;0.009722392;751.4099;1.2828106;61.655514;0.0;-7.3453654e-25;99.99998;-7.345365e-21;0.0004428601;-0.49516374;2.9802322e-05;0.29569864;0.29569864;0.0;0.0;5384.734;6493.612;-3224.7454;5942.479;-343.97333;-1690.1589
1961-09-16;13.166901;-3.454295;0.009624481;747.83734;1.2561871;107.03843;0.0;-7.3453654e-25;99.99998;-7.345365e-21;0.0;-0.48495644;0.0;0.29219687;0.29221177;0.0;0.0;5327.6445;6419.157;-3207.803;5932.447;-336.88223;-1741.9177
1961-09-17;11.849568;-8.725749;0.009775798;747.3532;1.2009454;130.34093;0.0;-7.3453654e-25;99.99998;-7.345365e-21;0.0012814989;-0.46265033;5.9604645e-05;0.288859;0.2887994;0.0;0.0;5373.4;6468.532;-3257.4924;5706.0293;-321.3878;-1845.2833
1961-09-18;10.189321;-7.763906;0.009873708;747.57666;1.361845;110.104256;0.0;-7.3453654e-25;99.99998;-7.345365e-21;0.0012881773;-0.41198358;5.9604645e-05;0.28553605;0.28547645;0.0;0.0;5065.53;6092.684;-2869.0488;5977.4165;-286.1911;-1943.3234
1961-09-19;10.736644;-3.989146;0.010045369;749.3746;0.97633785;77.43062;0.0;-7.3453654e-25;99.99998;-7.345365e-21;0.0014228126;-0.40681288;5.9604645e-05;0.2823025;0.282228;0.0;0.0;4729.4263;5683.49;-2726.2488;6197.6313;-282.59888;-1684.8055
1961-09-20;11.236217;-3.8049114;0.009737651;748.655;1.3370003;190.76888;0.0;-7.3453654e-25;99.99998;-7.345365e-21;0.0017213033;-0.42616948;8.940697e-05;0.27912855;0.27903914;0.0;0.0;5112.87;6138.9487;-2933.19;6007.3257;-296.04666;-1898.8256
1961-09-21;9.518066;-3.1535034;0.009967804;745.7212;1.5920902;231.51813;0.0;-7.3453654e-25;99.99998;-7.345365e-21;0.0033705537;-0.36343372;0.00016391277;0.27610362;0.2759248;0.0;0.0;4946.529;5934.099;-2637.7844;6093.239;-252.46556;-2066.3867
1961-09-22;8.965373;-0.16621907;0.009924571;747.10443;1.2728324;217.17995;0.0;-7.3453654e-25;99.99998;-7.345365e-21;0.07573068;-0.30498207;0.0036805868;0.27661026;0.27294457;0.0;0.0;3778.7004;4529.198;-2046.4103;6649.82;-211.86111;-1631.0878
1961-09-23;10.117421;-2.573822;0.010161082;749.11554;1.007774;118.56863;0.0;-7.3453654e-25;99.99998;-7.345365e-21;0.0012907293;-0.43238607;5.9604645e-05;0.27003884;0.26997924;0.0;0.0;5051.2676;6049.191;-2985.8323;5840.2344;-300.36444;-1823.1244
1961-09-24;10.328084;-6.3891807;0.0098775225;751.69293;1.1149236;171.81909;0.0;-7.3453654e-25;99.99998;-7.345365e-21;0.0021434326;-0.43070596;0.00010430813;0.2671033;0.266999;0.0;0.0;5135.3413;6144.461;-3113.589;5633.996;-299.19778;-1705.7012
1961-09-25;10.888855;-2.4088337;0.010058085;753.33813;1.1720396;197.9857;0.0;-7.3453654e-25;99.99998;-7.345365e-21;0.0008553266;-0.40621775;4.4703484e-05;0.26412308;0.26409328;0.0;0.0;4958.5435;5927.8745;-2912.7021;5903.2856;-282.18555;-1765.2567
1961-09-26;10.605824;-6.2072663;0.0102005005;750.6695;1.2309704;99.195526;0.0;-7.3453654e-25;99.99998;-7.345365e-21;0.0004351138;-0.4260186;2.2351742e-05;0.26124716;0.26123226;0.0;0.0;5100.1567;6091.8574;-3309.3289;5446.5186;-295.9411;-1513.0734
1961-09-27;10.131358;-6.224314;0.010035197;749.1545;1.2775507;79.48432;0.0;-7.3453654e-25;99.99998;-7.345365e-21;0.0004351138;-0.41387975;1.4901161e-05;0.25843084;0.25841594;0.0;0.0;5017.9854;5988.4995;-3154.459;5572.763;-287.50888;-1560.3439
1961-09-28;10.779694;-3.3072307;0.00990804;750.7508;1.2187377;94.9638;0.0;-7.3453654e-25;99.99998;-7.345365e-21;0.0012814989;-0.40688366;5.9604645e-05;0.25570393;0.25562942;0.0;0.0;4957.5723;5911.173;-3084.7744;5678.737;-282.6489;-1582.2378
1961-09-29;10.510345;-8.765115;0.009927114;751.7133;1.165675;142.06897;0.0;-7.3453654e-25;99.99998;-7.345365e-21;0.0004351138;-0.39763564;1.4901161e-05;0.2529323;0.2529174;0.0;0.0;4986.899;5941.0923;-3308.338;5345.4795;-276.22556;-1510.7367
1961-09-30;8.900136;-13.643501;0.010286967;751.0053;1.2227327;140.5467;0.0;-7.3453654e-25;99.99998;-7.345365e-21;0.00042617318;-0.3754217;1.4901161e-05;0.2502799;0.25027245;0.0;0.0;5022.061;5977.882;-3422.9092;5015.564;-260.79224;-1497.8267
1961-10-01;9.127339;-12.092758;0.010199229;750.97186;1.1896542;89.83189;0.0;-7.3453654e-25;99.99998;-7.345365e-21;0.00086426723;-0.3942931;4.4703484e-05;0.2476871;0.24764985;0.0;0.0;4914.9775;5845.363;-3214.109;5346.9653;-273.90222;-1372.9567
1961-10-02;10.005849;-10.39568;0.010068257;750.8388;1.1954881;84.742424;0.0;-7.3453654e-25;99.99998;-7.345365e-21;0.001708936;-0.39891154;8.940697e-05;0.2451539;0.2450794;0.0;0.0;4828.28;5737.311;-3116.2612;5544.47;-277.11;-1376.7711
1961-10-03;10.236542;-11.188049;0.01015981;749.9792;1.2655729;120.88254;0.0;-7.3453654e-25;99.99998;-7.345365e-21;0.0012915235;-0.3906656;5.9604645e-05;0.2425909;0.2425313;0.0;0.0;4770.83;5664.168;-3060.3157;5600.65;-271.38223;-1415.9277
1961-10-04;9.535319;-9.57964;0.010345459;750.0283;1.1678791;118.35238;0.0;-7.3453654e-25;99.99998;-7.345365e-21;0.0017133816;-0.36099645;8.940697e-05;0.24011731;0.2400428;0.0;0.0;4632.6953;5495.408;-2924.3904;5646.9766;-250.77222;-1517.8367
1961-10-05;7.9161887;-7.963735;0.010027568;749.2199;1.325123;134.5309;0.0;-7.3453654e-25;99.99998;-7.345365e-21;0.0021557298;-0.33057296;0.00010430813;0.23771822;0.23762882;0.0;0.0;4674.6245;5540.1772;-2842.35;5573.8145;-229.63777;-1718.15
1961-10-06;6.6755776;-5.4165854;0.009881337;749.92035;1.2666413;95.07913;0.0;-7.3453654e-25;99.99998;-7.345365e-21;0.0044345856;-0.31175184;0.00014901161;0.23539364;0.23525208;0.0;0.0;4351.9546;5153.011;-2533.4355;5859.0063;-216.56334;-1686.8955
1961-10-07;6.27183;-4.1541038;0.010209401;751.2976;1.2937351;91.491325;0.0;-7.3453654e-25;99.99998;-7.345365e-21;0.0020086763;-0.31350368;8.940697e-05;0.23300946;0.23293495;0.0;0.0;4420.055;5229.1934;-2502.7156;5901.1226;-217.78111;-1798.3878
1961-10-08;6.3907876;-5.0372825;0.010050456;752.4553;1.1973448;103.33401;0.0;-7.3453654e-25;99.99998;-7.345365e-21;0.00044107434;-0.30793995;2.9802322e-05;0.23066998;0.23064017;0.0;0.0;4256.4966;5031.454;-2459.4817;5915.476;-213.91667;-1686.97
1961-10-09;7.5157266;-7.7132974;0.0099487305;751.8154;1.1994451;149.61137;0.0;-7.3453654e-25;99.99998;-7.345365e-21;0.0004351138;-0.32619572;1.4901161e-05;0.228405;0.2283901;0.0;0.0;4411.48;5210.567;-2719.2078;5652.57;-226.59778;-1500.669
1961-10-10;8.132649;-8.417348;0.010019938;752.38776;1.1772524;169.94202;0.0;-7.3453654e-25;99.99998;-7.345365e-21;0.0017211869;-0.32655895;8.940697e-05;0.22622943;0.22616982;0.0;0.0;4442.521;5242.824;-2789.6045;5592.2427;-226.84889;-1487.4623
1961-10-11;8.128306;-8.017741;0.010060628;754.0362;1.1321167;99.09579;0.0;-7.3453654e-25;99.99998;-7.345365e-21;0.00042617318;-0.33589172;1.4901161e-05;0.22399426;0.2239719;0.0;0.0;4423.5483;5215.964;-2879.4883;5524.286;-233.33333;-1337.9233
1961-10-12;8.914266;-7.390818;0.0099817915;755.3475;1.1658156;83.49402;0.0;-7.3453654e-25;99.99998;-7.345365e-21;0.0008702277;-0.34815538;4.4703484e-05;0.22184849;0.22180378;0.0;0.0;4356.4746;5132.4907;-2751.1094;5756.3823;-241.85222;-1242.711
1961-10-13;9.438477;-5.6863;0.010309855;754.3401;1.5362269;159.5251;0.0;-7.3453654e-25;99.99998;-7.345365e-21;0.0025689597;-0.32220596;0.00011920929;0.21979213;0.21968037;0.0;0.0;4218.795;4966.0654;-2658.2983;5860.187;-223.82556;-1374.9867
1961-10-14;8.027995;-5.9348245;0.010049184;752.8006;1.4692732;221.78638;0.0;-7.3453654e-25;99.99998;-7.345365e-21;0.0008583068;-0.28723106;4.4703484e-05;0.21766126;0.21761656;0.0;0.0;4300.3555;5057.7583;-2653.1938;5676.261;-199.53;-1504.1967
1961-10-15;6.1969094;-3.3974102;0.010234833;750.9599;1.6041089;207.94197;0.0;-7.3453654e-25;99.99998;-7.345365e-21;0.02117501;-0.24289824;0.0010281801;0.21662563;0.21559745;0.0;0.0;3803.869;4470.073;-2325.8757;5846.807;-168.73222;-1588.6578
1961-10-16;3.9028423;-3.9288025;0.010066986;749.73175;1.4156079;210.8775;0.0;-7.3453654e-25;99.99998;-7.345365e-21;0.19015801;-0.2328176;0.0090152025;0.22265315;0.21363795;0.0;0.0;4144.547;4868.8623;-2421.175;5557.9165;-161.73;-1635.8545
1961-10-17;3.7545269;-4.864756;0.010480245;750.8884;0.79472655;159.69344;0.0;-7.3453654e-25;99.99998;-7.345365e-21;0.024110079;-0.35552496;0.0011473894;0.21284819;0.2117008;0.0;0.0;4098.495;4813.1387;-2587.8406;5479.4116;-246.97112;-1518.8778
1961-10-18;4.6715903;-7.3237205;0.009882609;753.20123;1.0250355;90.973335;0.0;-7.3453654e-25;99.99998;-7.345365e-21;0.00044107434;-0.29672867;1.4901161e-05;0.20980835;0.20979345;0.0;0.0;4221.289;4955.854;-2851.399;5083.037;-206.12889;-1184.9667
1961-10-19;6.382487;-8.2821245;0.009578705;754.98236;0.96055984;191.464;0.0;-7.3453654e-25;99.99998;-7.345365e-21;0.9603083;-0.3350731;0.045761466;0.25364757;0.2078861;0.0;0.0;3941.0789;4625.531;-2188.1094;6004.525;-232.76445;-1063.1544
1961-10-20;5.5546165;-1.1180115;0.009816487;753.137;0.8227112;195.07024;0.0;-7.3453654e-25;99.99998;-7.345365e-21;3.8356423;-0.6908104;0.21702051;0.42311847;0.20609796;0.0;0.0;2534.959;2974.4543;-1480.6194;6615.649;-479.88223;-670.6878
1961-10-21;4.8287964;-0.1315511;0.009971619;749.81537;0.9826939;184.51619;0.0;-7.3453654e-25;99.99998;-7.345365e-21;1.1744142;-1.0474976;0.056281686;0.2606511;0.20436943;0.0;0.0;3467.8684;4067.5557;-1979.8033;6052.3057;-727.66223;-1084.2855
1961-10-22;4.0555015;-3.580434;-6.3204;752.0268;1.0152313;177.4131;0.0;-7.3453654e-25;108.869446;-7.345365e-21;0.0017821789;-0.8101836;8.940697e-05;0.2026856;0.20261109;2.0489097e-05;5.2154064e-05;3786.1921;4439.519;-2252.3662;5649.292;-562.8078;-1221.43
1961-10-23;4.4111633;-4.411387;-8.117039;753.9195;1.0308383;213.26979;0.0;-7.3453654e-25;129.39125;-7.345365e-21;0.0;-0.6905589;0.0;0.20085275;0.20085275;1.1175871e-05;0.0;3932.8345;4610.0312;-2456.6877;5353.2456;-479.70834;-1042.1666
1961-10-24;3.3321636;-3.9618263;-5.8840575;756.2314;0.9886516;82.40411;0.0;-7.3453654e-25;144.71124;-7.345365e-21;0.3152661;-0.5868813;0.014990568;0.21412969;0.19913912;7.4505806e-06;0.0;3106.7944;3640.3289;-1909.4634;5881.2065;-407.68668;-778.12665
1961-10-25;3.3482056;-3.5478108;-7.3477197;755.3936;1.1300037;53.540356;0.0;-7.3453654e-25;119.72654;-7.345365e-21;0.0008553266;-0.63627774;4.4703484e-05;0.19749999;0.19745529;3.7252903e-06;0.0;3534.294;4140.1187;-2180.1484;5640.8467;-442.0011;-1033.711
1961-10-26;4.3757935;-5.835022;-6.255236;754.30707;1.0956228;76.9265;0.0;-7.3453654e-25;105.2337;-7.345365e-21;0.00085234636;-0.6134156;4.4703484e-05;0.19581616;0.19578636;3.7252903e-06;0.0;3748.8232;4390.1846;-2372.6077;5463.4478;-426.11777;-906.5467
1961-10-27;5.2998657;-5.20697;-2.2526944;755.7326;0.9959515;74.343544;0.0;-7.3453654e-25;100.634094;-7.345365e-21;0.0017195934;-0.59468114;8.940697e-05;0.19419193;0.19410998;0.0;0.0;3653.2988;4277.021;-2310.1943;5634.62;-413.10666;-811.38556
1961-10-28;6.1548157;-5.66687;0.009830475;755.7155;1.1012748;69.79676;0.0;-7.3453654e-25;99.99998;-7.345365e-21;0.0;-0.5641449;0.0;0.1924485;0.1924634;0.0;0.0;3569.8462;4177.9966;-2305.8567;5690.4966;-391.89334;-764.12
1961-10-29;5.981272;-5.817444;0.00995636;754.53094;0.8701982;93.1144;0.0;-7.3453654e-25;99.99998;-7.345365e-21;0.24784805;-0.44306552;0.0118762255;0.2027303;0.19086897;0.0;0.0;2313.4368;2706.7522;-1672.3188;6208.758;-307.78333;-437.18777
1961-10-30;5.95697;-5.1975303;0.009822845;753.5962;1.0799667;98.8804;0.0;-7.3453654e-25;99.99998;-7.345365e-21;0.0012844794;-0.5140584;5.9604645e-05;0.18934906;0.189282;0.0;0.0;3594.8706;4204.6587;-2238.4995;5820.601;-357.09888;-936.2244
1961-10-31;6.148051;-5.2654624;0.010083516;754.8881;1.0885522;78.10259;0.0;-7.3453654e-25;99.99998;-7.345365e-21;0.018525124;-0.4580375;0.00078976154;0.18848479;0.18770993;0.0;0.0;3379.514;3951.621;-2120.1934;5927.1743;-318.18222;-889.6689
1961-11-01;3.7906494;-0.14853923;0.0099436445;754.98364;0.66652256;121.07116;0.0;-7.3453654e-25;99.99998;-7.345365e-21;9.4731245;-0.60635245;0.5791038;0.76532364;0.18623471;0.0;0.0;1519.8016;1776.9578;-835.5294;6933.9688;-421.21277;-368.96777
1961-11-02;3.473114;2.6269734;0.009792328;754.9122;0.6383477;146.42186;0.012207031;2.7020772e-06;101.97589;-7.345365e-21;19.530985;-0.8497089;1.4658123;1.6506612;0.1848489;0.0007264316;0.02894923;968.3;1131.4133;-247.15834;7552.9194;-590.2633;-321.1078
1961-11-03;3.0805867;2.8148499;0.00989151;753.50757;0.5859911;120.79655;0.2841797;9.679794e-05;121.65493;0.24414062;23.82074;-0.67796934;2.16116;2.344668;0.1835078;0.020880252;1.4110134;724.38556;847.92;-173.03555;7605.189;-470.94;-329.33667
1961-11-04;1.7230936;0.588562;0.001200358;752.0056;0.5707337;95.76107;65.4484;0.009786725;145.08559;66.56901;20.042345;-0.33372456;1.8156841;1.9978509;0.1821667;3.3341236;8.227452;660.63055;1697.6566;-156.92389;7284.1704;-233.17223;-180.51778
1961-11-05;2.3961487;1.3510336;-0.3396136;752.5;0.65395087;148.36568;47.268963;0.007055362;152.06476;46.590168;2.8084261;-0.6308537;0.71413815;0.89497864;0.18086284;3.1021497;0.0;1283.2794;2135.1123;-486.99445;7055.1235;-437.39777;-294.2378
1961-11-06;1.6288656;0.17252605;-2.1078975;752.09894;0.82570595;91.181244;31.694418;0.004752358;152.69496;31.046549;1.1102855;-0.81144273;0.39964914;0.57923794;0.17958134;2.0907428;0.0;1966.1727;2834.8623;-1087.3016;6419.9565;-563.1767;-445.94223
1961-11-07;1.779775;-2.323883;-6.4852424;751.85785;0.91816443;74.63775;20.643066;0.0030983288;153.01723;20.182291;0.0039747884;-1.0009212;0.20255148;0.38088858;0.1783371;1.4582462;0.00010803342;2901.7888;3859.4133;-1984.4595;5398.773;-694.95886;-472.25888
1961-11-08;1.8694153;-3.5094502;-7.4863153;751.28046;0.88568693;71.204414;13.01123;0.0019538403;153.18846;13.061523;0.0004351138;-1.0438943;0.12984127;0.30694902;0.1771003;0.9471532;0.0;3128.3167;3943.4468;-2142.1606;5235.505;-725.07;-414.16888
1961-11-09;1.6670431;-2.3142292;-6.373628;750.44824;0.8954219;108.79739;8.112956;0.001218597;153.29523;8.382161;0.026494265;-0.95847344;0.08413941;0.26005507;0.17591566;0.60816294;0.0;2987.0056;3648.8655;-1803.9122;5622.519;-665.7744;-451.4211
1961-11-10;1.0797628;-1.8475037;-4.1940665;748.60394;0.86772054;173.72328;5.115804;0.0007702112;153.37596;5.167643;0.002636677;-0.84553194;0.04631281;0.22108853;0.17478317;0.3459379;2.9802322e-05;2288.0288;2741.5334;-1466.8;6039.6133;-587.5394;-527.35223
1961-11-11;0.80337524;-2.9054463;-4.856809;748.5688;0.8944811;180.48338;3.2537434;0.0004887581;153.34991;3.3365886;0.0099208215;-1.0438524;0.033289194;0.20696223;0.17367303;0.24734437;0.00082328916;2983.6323;3536.69;-1622.22;5880.722;-725.2822;-568.23
1961-11-12;1.1687927;-2.8095398;-7.0995126;749.9011;0.89404184;166.15225;1.998942;0.00030064583;153.36879;2.2786458;0.0004351138;-0.97138715;0.01962483;0.19219518;0.17258525;0.15164167;0.0;3158.8655;3717.7688;-2130.4834;5274.5225;-674.83887;-519.73553
1961-11-13;0.9562988;-5.511729;-7.7256303;749.335;0.8672216;116.277954;1.2316895;0.0001852115;153.37889;1.3427734;0.0069797034;-0.99233913;0.012308359;0.18382072;0.17152727;0.09266846;0.0;3066.1895;3592.8745;-2116.5583;5224.1387;-689.4044;-442.59
1961-11-14;1.2306213;-5.604818;-7.917208;750.8155;0.8960974;55.70799;0.7368164;0.000110546745;153.388;0.9765625;0.0;-0.9147851;0.007867813;0.178352;0.17049164;0.0627432;0.0;3013.1323;3520.5544;-2066.4744;5296.4956;-635.485;-368.28
1961-11-15;2.6037292;-4.62266;-7.60776;752.97955;0.91733575;131.83899;0.4139811;6.186962e-05;153.39418;0.36621094;0.019196726;-0.934517;0.0066161156;0.17608702;0.1694709;0.0399556;0.0;3080.1338;3591.8933;-2042.6006;5394.6313;-649.18335;-309.59113
1961-11-16;2.5804749;-2.388092;-5.738163;751.5699;0.97959995;238.21858;0.22705078;3.4133594e-05;153.39842;-7.345365e-21;0.022304682;-0.8597737;0.0044703484;0.17294288;0.16847998;0.020572916;0.0;3096.5762;3607.5222;-1824.11;5655.691;-597.2622;-384.43668
1961-11-17;1.506368;-0.5627136;-3.5410564;751.07886;0.81781834;247.31093;0.12809245;1.9391378e-05;153.09894;-7.345365e-21;0.7665132;-0.8670641;0.06809831;0.23560226;0.16750395;0.011334196;0.00024214387;2572.7227;2995.6978;-1401.9083;6138.617;-602.32776;-568.6089
1961-11-18;1.2346497;-1.5109354;-2.949178;751.1401;0.80192477;220.2549;0.07698568;1.11659365e-05;152.1432;-7.345365e-21;0.5246961;-0.8710828;0.046491623;0.2130419;0.16655773;0.0062063336;0.0002682209;2422.5222;2820.0188;-1313.7589;6242.5283;-605.11664;-505.79224
1961-11-19;-0.62387085;-1.8896891;-1.6006876;748.9494;1.1851624;226.40224;2.8610027;0.00053230923;146.84991;3.4993489;5.823296;-0.8979011;0.20823628;0.37385523;0.1656264;0.005479902;3.414523;2003.2955;2333.3088;-826.5628;6628.799;-623.75336;-731.80554
1961-11-20;-1.057424;-1.597524;-0.3174019;747.5926;1.2052714;203.47871;54.826416;0.008206685;143.06801;55.86751;10.323152;-0.53019726;0.25589764;0.42062998;0.16473234;0.84926933;8.146118;885.7022;1522.9144;-234.005;7058.9136;-378.71222;-359.64557
1961-11-21;-1.6138204;-1.8386345;-0.18840535;741.72437;1.131646;192.54309;98.25033;0.034680802;146.27538;228.67839;64.74185;-0.18431619;0.81661344;0.9804964;0.16386807;0.29166043;57.426624;225.54;829.5333;-3.6377778;7193.418;-143.45;-176.33223
1961-11-22;-6.6674232;-7.7813187;-1.2713013;736.6097;1.6949049;198.36986;100.0;0.10137101;150.31508;668.986;34.806087;-0.4088115;0.08432567;0.24734437;0.1630187;0.0;33.077927;318.17776;1333.3145;-534.5356;6240.1943;-319.61334;-403.79443
1961-11-23;-13.03983;-16.713488;-11.16364;742.351;0.90112686;142.49863;100.0;0.11033841;153.53644;718.9128;0.44139028;-0.1285635;0.0;0.16218424;0.16217679;0.0;0.43763965;872.82446;3439.6477;-1580.5433;4219.6763;-96.90889;-167.1489
1961-11-24;-13.749928;-22.960695;-20.649801;747.0079;1.2317775;84.07161;100.0;0.11037552;156.64809;704.95605;0.0029993416;-0.033346936;0.0;0.16136467;0.16135722;0.0;0.0;939.94666;3612.8167;-1242.8284;3899.875;-22.671112;48.71
1961-11-25;-11.286618;-17.833132;-20.848486;750.4454;1.3755583;16.346483;100.0;0.11039821;158.81053;695.2718;0.001282111;0.0010263175;0.0;0.16054511;0.16055256;0.0;0.0;957.02057;3588.3877;-1146.2922;4071.522;3.68;99.36889
1961-11-26;-9.54034;-18.346743;-20.348494;747.9426;1.317348;20.410324;100.0;0.11042825;160.98793;686.2793;0.0012934206;-0.013159588;0.0;0.15977025;0.15975535;0.0;0.0;972.79724;3560.1655;-1144.9362;4124.3643;-7.041111;116.03555
1961-11-27;-8.127426;-18.273256;-19.820623;746.6392;1.146422;43.495605;100.0;0.1104515;163.21059;676.8392;0.0004351138;-0.018587336;0.0;0.15899539;0.15898049;0.0;0.0;991.455;3543.56;-1173.3578;4132.9243;-11.268888;113.87334
1961-11-28;-9.485484;-18.718283;-19.18841;749.6125;1.3529798;16.116842;100.0;0.11046946;165.48175;667.43976;0.0030082373;-0.021485612;0.0;0.15820563;0.15822053;0.0;0.0;998.35614;3487.4255;-1212.7844;4144.6577;-13.386666;106.615555
1961-11-29;-8.148129;-18.978529;-19.36474;752.4756;1.1839039;62.61504;100.0;0.11048818;167.70863;658.61005;0.0;-0.023866072;0.0;0.15746057;0.15746802;0.0;0.0;1025.9277;3502.87;-1163.1194;4184.8735;-15.381111;113.32889
1961-11-30;-6.0098457;-15.836423;-16.664057;752.25977;1.1284133;38.223774;100.0;0.11050018;170.11781;649.4548;0.001720874;-0.029189512;0.0;0.15673041;0.15673041;0.0;0.0;1004.49945;3354.6177;-995.3478;4653.781;-18.985556;86.814445
1961-12-01;-4.010999;-11.342635;-14.116487;752.9733;1.1672744;47.589825;100.0;0.11052799;173.02179;638.83466;0.0025690051;-0.00962615;0.0;0.15600026;0.15600026;0.0;0.0;1007.7267;3293.4412;-998.21277;4876.753;-3.838889;85.19
1961-12-02;-2.6716206;-9.14917;-11.372573;754.59406;1.2831768;19.15119;100.0;0.11056491;176.51137;626.42413;0.0004351138;-0.0060871243;0.0;0.1552701;0.155285;0.0;0.0;1013.76166;3243.869;-1035.8027;5087.298;-0.9;76.07333
1961-12-03;-2.5493367;-9.243668;-10.543076;754.59625;1.2320714;22.351995;100.0;0.110598646;180.3893;613.28125;0.00042617318;-0.016736798;0.0;0.15458465;0.1545772;0.0;0.0;1037.1555;3250.9744;-1232.9867;4903.2524;-8.947778;75.76778
1961-12-04;-3.255516;-9.916614;-10.0376215;753.4152;0.95232177;46.40401;100.0;0.1106259;184.09926;601.5625;0.028799968;-0.03637839;0.0;0.15388429;0.15388429;0.0;0.026717782;945.29944;2902.03;-744.30554;5538.223;-24.643333;31.293333
1961-12-05;-2.5184937;-6.6354165;-6.334081;753.8977;0.78566116;118.541695;100.0;0.11072612;188.70343;587.321;0.069624186;-0.039287843;0.0;0.15319884;0.15319884;0.0;0.06876886;929.8789;2804.2012;-1074.6666;5464.2954;-26.596666;-15.702222
1961-12-06;-3.8385823;-6.798673;-7.33301;752.21075;1.3693308;29.983038;100.0;0.11078596;193.13019;574.4222;0.21382318;-0.025175512;0.0;0.15252829;0.15252084;0.0;0.16741455;926.37335;2731.021;-673.3311;5863.78;-16.127777;-0.34666666
1961-12-07;-1.9335123;-3.148997;-2.6143138;748.31976;0.86884767;51.425;100.0;0.11992872;191.39679;625.97656;13.020441;-0.044992194;0.018641353;0.17049909;0.15185773;0.07626787;11.779211;278.59445;1012.09;-193.02222;6787.1133;-34.05;-26.474445
1961-12-08;-2.4414368;-2.967865;-1.9650421;747.78656;0.63780504;180.42555;100.0;0.12794118;192.37238;665.6901;5.1098924;-0.049619004;0.020235777;0.17145276;0.15121698;0.11802837;4.3831654;595.8961;2225.571;-639.38165;6313.4766;-36.125557;-85.38
1961-12-09;-2.4115193;-3.5119526;-2.1006062;749.1692;0.56310475;228.27498;100.0;0.12973781;198.5869;654.2969;1.6121535;-0.122986734;0.0024288893;0.15300512;0.15056878;0.012170523;1.4787651;650.4861;2250.121;-429.7672;6597.2466;-92.80111;-97.46333
1961-12-10;-2.5784912;-4.033539;-2.260905;747.6721;0.5449409;157.63109;100.0;0.13091905;204.63344;641.56085;0.67088306;-0.13511255;0.007882714;0.1578033;0.14992803;0.07676706;0.618834;871.1778;2768.5444;-852.5761;6057.4326;-101.555;-111.543335
1961-12-11;-3.0799458;-3.602956;-2.3301697;743.57764;0.55311346;168.52661;100.0;0.13468933;207.0641;651.2451;6.6530347;-0.090510584;0.012069941;0.16137958;0.14929473;0.020440668;5.979665;547.2111;1744.6511;-397.3825;6583.9043;-68.96222;-113.17555
1961-12-12;-3.1595256;-4.0791626;-2.2104785;743.99725;0.9590609;191.53595;100.0;0.13921098;209.04457;666.9922;4.553339;-0.16389322;0.0038594007;0.15254319;0.14867634;0.031284988;4.1533413;604.05;2023.3678;-493.2372;6452.2534;-125.755;-120.793335
1961-12-13;-3.948171;-4.651418;-2.646932;741.83417;0.905036;133.60283;100.0;0.14664929;207.31378;707.3161;10.664383;-0.10644924;0.008568168;0.156641;0.14807284;0.050295144;10.299157;573.3789;2073.0732;-619.9575;6242.813;-80.96833;-124.98
1961-12-14;-5.01652;-5.608663;-3.8755558;738.2148;0.6244508;156.19698;100.0;0.16610523;191.63702;865.6006;26.937214;-0.082645565;0.0;0.14746189;0.14746934;0.0;26.883993;246.24333;1004.0111;-177.75194;6635.45;-63.871113;-117.62
1961-12-15;-5.3202515;-6.357001;-4.5617433;744.59735;0.6151935;157.48828;100.0;0.18636747;181.43846;1027.4252;6.934631;-0.059325248;0.0;0.14686584;0.1468733;0.0;6.9020987;484.23834;2092.0623;-407.25333;6329.71;-43.843334;-97.55334
1961-12-16;-5.0443854;-12.098232;-6.689673;749.73505;0.80825585;90.18722;100.0;0.18869214;189.02504;999.9593;0.014424324;-0.102164224;0.0;0.1462847;0.1462847;0.0;0.013522804;693.95276;2928.2178;-1285.4216;4995.4023;-75.27111;-38.81333
1961-12-17;-5.431267;-16.278837;-12.19732;747.92676;0.78556687;276.2115;100.0;0.1886744;195.10643;968.0583;0.0008583069;-0.044795685;0.0;0.14570355;0.14568865;0.0;0.0;770.4178;3165.6377;-1392.2983;4357.7104;-31.262222;46.037777
1961-12-18;-7.8072953;-14.133011;-15.213162;747.4805;0.9611724;116.0129;100.0;0.18869238;199.06866;948.6084;0.010043383;0.0019464642;0.0;0.14510751;0.14512241;0.0;0.009581447;669.1628;2673.679;-1037.3556;4576.5923;3.74;56.84
1961-12-19;-11.493228;-14.678304;-16.338957;745.9487;1.0713525;203.75114;100.0;0.1887316;202.28188;933.7972;0.010704994;0.0076694414;0.0;0.14455616;0.14455616;0.0;0.009715557;757.02057;2951.4255;-811.0467;4784.0415;8.202222;10.501111
1961-12-20;-10.021644;-12.611199;-15.206269;742.9814;0.8156472;219.22209;100.0;0.18878146;205.36652;920.166;0.060740113;0.010736287;0.0;0.14400482;0.14399737;0.0;0.057831407;688.1522;2616.3267;-640.70667;5115.2515;10.241111;0.77444446
1961-12-21;-7.379435;-8.276158;-11.519448;738.3653;0.7346301;223.33992;100.0;0.1962897;199.5602;982.21844;18.177906;0.018630177;0.0;0.14345348;0.14345348;0.0;18.166746;286.9289;1099.6711;238.59833;6568.1167;15.118889;-15.068889
1961-12-22;-6.49993;-7.195681;-7.592711;735.9998;1.074494;197.48431;100.0;0.22541662;181.09535;1241.9434;39.37085;-0.0010384247;0.0;0.14291704;0.14290959;0.0;39.35788;162.67778;695.05554;101.97945;6702.5933;-0.40333334;-42.043335
1961-12-23;-8.045592;-9.155982;-6.689775;739.2133;1.1772587;217.92938;100.0;0.2559919;172.96938;1478.6783;17.732975;-0.09559654;0.0;0.1423657;0.14237314;0.0;17.725042;394.86612;1713.17;-322.70944;6191.396;-73.35222;-167.57
1961-12-24;-7.599608;-10.439758;-9.051078;745.4809;0.82075626;130.84625;100.0;0.26594982;177.53905;1501.0172;0.29254258;-0.02584979;0.0;0.14184415;0.1418367;0.0;0.29036403;649.415;2794.672;-1213.2517;4871.879;-17.184444;-45.946667
1961-12-25;-7.5904527;-16.340622;-14.753178;746.5535;0.9118766;138.72559;100.0;0.26601157;185.51332;1435.7504;0.0021398063;-0.024524517;0.0;0.14132261;0.14130771;0.0;0.0;760.6372;3182.0488;-1182.3323;4395.944;-16.156666;52.69
1961-12-26;-8.114242;-17.830164;-16.499084;745.4516;0.9380178;135.52368;100.0;0.26602045;190.97198;1394.5312;0.0;-0.021558255;0.0;0.14078617;0.14077872;0.0;0.0;780.2489;3177.5288;-1228.9967;4249.5435;-14.117778;70.09
1961-12-27;-8.558349;-15.872579;-17.706305;745.4709;1.017073;100.74979;100.0;0.26603746;195.42577;1362.6302;0.0028163185;-0.0032838434;0.0;0.14026463;0.14025718;0.0;0.001527369;779.89276;3093.47;-886.4756;4605.4116;-0.17444444;66.78
1961-12-28;-9.582976;-13.210933;-16.690052;747.79486;1.2447804;32.574425;100.0;0.26607668;199.72914;1333.252;0.0048309555;0.021016225;0.0;0.13972819;0.13974309;0.0;0.0031143427;769.72943;2974.7988;-877.0256;4712.751;18.452223;36.087776
1961-12-29;-6.5560303;-14.563441;-16.644915;750.3657;1.3794097;8.864361;100.0;0.2661154;203.94106;1306.2338;0.0017299436;0.0011678785;0.0;0.13923645;0.13923645;0.0;0.0;838.7917;3163.2456;-992.9072;4598.3604;3.5566666;115.82
1961-12-30;-3.9744263;-13.379382;-15.263871;750.0225;0.84244937;205.43974;100.0;0.26614702;208.16014;1280.3141;0.00042617318;-0.00016391277;0.0;0.13872981;0.13872981;0.0;0.0;710.75836;2614.371;-675.5761;5123.5146;1.8811111;90.84556
1961-12-31;-6.8614273;-11.617111;-14.991282;746.1976;0.77019256;173.01294;100.0;0.2661812;212.5091;1253.9062;0.028677631;0.015922822;0.0;0.13822317;0.13822317;0.0;0.024832785;862.8528;3099.7156;-1101.4222;4573.7153;14.4777775;41.078888
1962-01-01;-9.100398;-12.947166;-14.913945;746.585;1.0864533;23.643568;100.0;0.26625887;216.54295;1230.6722;0.021149244;0.0031534582;0.0;0.13774633;0.13773888;0.0;0.019021332;871.5256;3068.959;-903.16943;4840.9834;4.9666667;16.022223
1962-01-02;-9.137657;-13.268906;-14.3819685;745.8535;1.0790958;16.624744;100.0;0.2662954;220.56671;1208.6588;0.0049948688;-0.007122755;0.0;0.1372397;0.13724715;0.0;0.002861023;899.52386;3094.729;-1154.2839;4592.5156;-2.8366666;7.252222
1962-01-03;-9.677288;-12.477826;-15.319806;745.4517;0.89796823;231.40825;100.0;0.2664874;223.93944;1191.0807;1.0714859;0.008665957;0.0;0.13676286;0.13676286;0.0;1.0668188;812.99164;2731.9543;-585.75165;5197.628;8.568889;3.8366666
1962-01-04;-7.528656;-8.386962;-10.956131;741.39825;1.111992;210.734;100.0;0.27802476;215.94139;1285.848;37.24975;0.024620444;0.0;0.13628602;0.13628602;0.0;37.247597;356.79556;1267.4133;104.19278;6476.568;19.838888;-23.187778
1962-01-05;-7.8883157;-9.113603;-8.271506;739.67633;0.7651234;166.39641;100.0;0.31749114;191.34926;1658.6508;12.171346;-0.024656765;0.0;0.13580918;0.13581663;0.0;12.163967;354.23056;1557.3077;-237.955;6211.6133;-17.891111;-60.454445
1962-01-06;-8.189362;-13.746234;-9.843582;742.95654;0.78600746;60.13426;100.0;0.32012352;199.93617;1603.4342;0.35367906;-0.05457923;0.0;0.13534725;0.13534725;0.0;0.34975633;613.0517;2613.2144;-912.1211;5134.489;-39.48;-44.033333
1962-01-07;-7.323536;-9.755923;-9.588997;741.1633;1.0440272;45.906788;100.0;0.32271636;206.68553;1562.1338;5.445677;-0.011398457;0.0;0.13487041;0.13487786;0.0;5.419612;416.60834;1739.4534;-148.07445;6236.8306;-7.346667;-17.72889
1962-01-08;-6.271576;-7.070555;-6.758203;742.4478;0.78194124;216.14642;100.0;0.33063972;210.08754;1574.3815;6.928682;-0.034261495;0.0;0.13442338;0.13441592;0.0;6.9271846;365.78;1540.7078;-87.367775;6566.4043;-25.374445;-99.41
1962-01-09;-7.1973343;-9.113842;-7.41029;745.358;0.5285508;143.07335;100.0;0.33343983;218.04816;1531.2094;0.2978146;-0.047223642;0.0;0.13396144;0.13396144;0.0;0.29431283;715.1911;2984.2334;-1037.8672;5255.3594;-33.496113;-85.172226
1962-01-10;-8.2542925;-10.802892;-9.433303;746.5373;0.89613914;41.961323;100.0;0.33376333;225.41664;1482.0557;0.33141044;-0.025951304;0.0;0.1334995;0.1334995;0.0;0.3267266;572.3233;2339.338;-704.1644;5479.5713;-17.755556;-52.395557
1962-01-11;-8.969971;-12.00555;-10.600457;748.0915;1.0123153;39.31844;100.0;0.33392462;231.62758;1442.9525;0.05606711;-0.023242086;0.0;0.13303757;0.13304502;0.0;0.053063035;665.20447;2647.6377;-925.9867;5107.6816;-15.237778;-48.404446
1962-01-12;-9.756122;-13.154297;-11.374298;748.8913;1.0529605;35.35122;100.0;0.3340719;236.8141;1411.4584;0.3981769;-0.042168424;0.0;0.13260543;0.13259798;0.0;0.39175898;708.31665;2738.9521;-712.81165;5341.05;-30.042223;-71.21222
1962-01-13;-8.638325;-11.500373;-11.289794;748.3587;0.8292198;177.80623;100.0;0.33451185;241.19073;1388.1022;0.12636411;-0.024013221;0.0;0.1321435;0.13215095;0.0;0.12336671;805.44666;3062.47;-982.3456;5025.173;-15.552778;-55.90889
1962-01-14;-8.608768;-12.082645;-12.402486;747.9327;0.84743404;92.34707;100.0;0.33455476;245.62758;1362.793;0.004401803;-0.019127503;0.0;0.13171136;0.13170391;0.0;0.0039711595;912.4706;3381.899;-1124.4833;4757.221;-11.591111;-41.975555
1962-01-15;-9.237504;-16.232277;-14.630549;747.1812;1.0808239;45.404713;100.0;0.33457586;249.35089;1342.4479;0.0025689597;-0.026104972;0.0;0.13126433;0.13126433;0.0;0.0;1001.22943;3623.071;-1571.6061;3978.01;-16.844444;36.262222
1962-01-16;-8.604093;-18.881256;-16.860098;749.8294;1.154138;25.051376;100.0;0.334591;252.26137;1326.9043;0.0017195934;-0.028409064;0.0;0.1308322;0.1308322;0.0;0.0;1039.1289;3672.3967;-1413.44;4026.0552;-18.75;83.494446
1962-01-17;-6.893041;-16.40137;-16.524025;750.4377;1.3195724;43.91461;100.0;0.3346034;254.84926;1313.3951;0.0;-0.021623448;0.0;0.13040006;0.13040006;0.0;0.0;1011.0306;3491.8044;-1044.0111;4600.744;-13.448889;94.19666
1962-01-18;-7.934162;-15.202073;-16.260551;754.18805;1.7694058;17.080307;100.0;0.33463463;257.48862;1300.0082;0.0004351138;-0.0010244548;0.0;0.12996793;0.12996793;0.0;0.0;1099.7883;3714.4988;-1560.9255;3960.0396;2.6544445;134.23334
1962-01-19;-8.016959;-19.59435;-17.908812;752.63275;1.5819997;23.97788;100.0;0.33466426;259.8561;1288.3707;0.0012874602;-0.020982698;0.0;0.1295507;0.1295358;0.0;0.0;1170.3955;3868.4111;-1598.1317;3747.7764;-13.055555;154.77112
1962-01-20;-4.4890656;-21.000015;-17.145494;748.6579;0.79787654;299.02982;100.0;0.33466807;262.04135;1277.71;0.0012874597;-0.042621046;0.0;0.12910366;0.12911856;0.0;0.0;1155.4016;3736.7634;-1161.6017;4443.882;-29.853333;96.03
1962-01-21;-6.88678;-13.9914665;-14.6409235;743.4362;0.81184465;117.272;100.0;0.33498883;264.0179;1269.3278;0.70786476;-0.025901943;0.0;0.12870133;0.12870133;0.0;0.67608804;997.63;3179.9255;-511.0139;5478.8354;-17.01111;-3.9377778
1962-01-22;-8.408646;-11.820151;-12.982011;743.9065;1.6647897;23.095673;100.0;0.3354379;266.21127;1260.6608;0.04103339;-0.031882897;0.0;0.128299;0.1282841;0.0;0.03926456;1109.5806;3517.0432;-1303.4728;4588.8657;-21.48889;17.545555
1962-01-23;-9.808131;-14.480178;-13.616783;749.90765;1.7590114;17.171297;100.0;0.3354592;269.04492;1247.6807;0.002916231;-0.037740916;0.0;0.12788177;0.12788177;0.0;0.0016279519;1197.2139;3713.37;-1488.945;4278.7354;-25.71;13.61
1962-01-24;-7.963875;-16.97261;-15.135386;752.4736;1.440898;14.003475;100.0;0.33547375;271.54916;1236.6129;0.0004351138;-0.034006312;0.0;0.12746453;0.12746453;0.0;0.0;1300.5616;3953.27;-1710.4473;3878.149;-22.477777;83.21333
1962-01-25;-6.3704505;-19.931366;-15.813321;749.5472;0.86201364;295.81662;100.0;0.3354753;273.7477;1226.5625;0.0017046923;-0.055437908;0.0;0.1270473;0.1270622;0.0;0.0;1311.331;3908.838;-1512.4072;4106.1245;-39.35;61.93111
1962-01-26;-8.470658;-13.521557;-15.19976;743.3398;0.8203563;85.99954;100.0;0.33734024;272.54263;1237.1012;7.5483947;-0.0052191317;0.0;0.12664497;0.12665242;0.0;7.5431986;837.5028;2452.45;-450.5;5441.699;-2.3211112;20.947779
1962-01-27;-7.769184;-9.3233185;-11.277085;742.2124;0.699747;189.22346;100.0;0.3458238;260.125;1329.6713;2.5737352;0.0020116568;0.0;0.12625754;0.12625754;0.0;2.568096;598.42053;2210.2788;-190.60388;6113.6396;3.3744445;-48.966667
1962-01-28;-7.717987;-9.382454;-9.465775;743.9771;0.64495283;258.7508;100.0;0.3468219;262.60156;1321.1263;1.4654696;-0.031260774;0.0;0.12587011;0.12586266;0.0;1.462087;896.705;3272.5657;-717.5833;5573.2275;-21.066668;-91.60445
1962-01-29;-7.1810126;-8.426937;-7.958627;744.2124;0.8954939;220.25175;100.0;0.34993267;262.36588;1334.0658;3.0101464;-0.065315515;0.0;0.12548268;0.12547523;0.0;3.0045397;639.4667;2384.179;-282.97723;6257.5293;-48.695557;-120.76778
1962-01-30;-7.154596;-9.030246;-7.496656;749.51685;0.7919915;165.60905;100.0;0.3511702;265.6644;1323.1608;0.06500068;-0.06569363;0.0;0.12508035;0.12508035;0.0;0.06313622;943.5461;3524.9233;-1061.4022;5296.1123;-47.116665;-120.53445
1962-01-31;-6.7118735;-11.223773;-8.842544;750.09296;0.9732334;77.45927;100.0;0.35116532;270.13052;1300.944;0.0022688909;-0.07078983;0.0;0.12469292;0.12468547;0.0;0.0005364418;1005.445;3668.0466;-1282.54;4904.0366;-50.328888;-60.22222
1962-02-01;-6.5473466;-14.008546;-11.209985;750.36005;1.0022798;43.962692;100.0;0.3511691;273.76953;1283.6508;0.0008523463;-0.057423487;0.0;0.124290586;0.124290586;0.0;0.0;1171.5967;4173.9346;-1562.4861;4338.0474;-39.581112;-15.073334
1962-02-02;-6.482283;-12.775933;-12.310826;749.5484;0.7532647;183.61638;100.0;0.35122204;276.65625;1270.0602;0.38135052;-0.046435744;0.0;0.123903155;0.123903155;0.0;0.34622848;1170.2195;4072.3545;-965.99445;5044.0347;-31.562222;-37.587776
1962-02-03;-4.3085732;-5.6039734;-9.182655;746.1172;0.53394914;168.71275;100.0;0.35708666;271.95996;1312.3779;7.5560536;0.0067204237;0.0;0.12353063;0.123523176;0.0;7.1935167;737.55835;2787.5667;-296.37277;6200.008;7.93;-60.126667
1962-02-04;-3.7085674;-4.7716675;-6.0574136;743.5244;1.0612653;226.2744;100.0;0.36246872;271.08267;1336.3444;9.668016;-0.011764467;0.0;0.123143196;0.12315065;0.0;9.139441;789.33777;3029.5632;-348.57333;6449.809;-5.792222;-96.10111
1962-02-05;-6.6633606;-8.154663;-5.534673;742.46747;1.3805248;209.1078;100.0;0.37493515;262.931;1425.3744;6.614256;-0.11408515;0.0;0.12278557;0.12277067;0.0;6.592821;781.11;3276.2227;-711.855;5862.566;-85.70111;-175.97112
1962-02-06;-6.1985908;-7.9826417;-5.965983;746.5202;0.6166821;144.20476;100.0;0.37712547;266.33432;1417.0328;1.3189167;-0.1329109;0.0;0.12239814;0.12239814;0.0;1.3104751;757.795;3126.6921;-578.7361;6007.951;-99.96222;-153.7589
1962-02-07;-6.4435325;-7.8834624;-5.8549666;742.93243;0.68683535;195.06671;100.0;0.381812;266.2679;1433.96;5.7736726;-0.09526126;0.0;0.12201071;0.12203306;0.0;5.6712737;481.8461;1998.1788;-409.665;6195.4;-72.52556;-115.87556
1962-02-08;-7.735392;-9.8408785;-6.962233;744.37036;0.7047877;147.92424;100.0;0.38419557;269.1813;1427.9379;1.0811388;-0.11439063;0.0;0.12165308;0.12166053;0.0;1.0789111;1008.33777;4125.0864;-1061.275;5298.3013;-84.297775;-211.0711
1962-02-09;-6.8024216;-9.239276;-8.023093;747.5103;0.6418707;282.37924;100.0;0.38529977;272.06934;1417.3584;0.15606284;-0.06290153;0.0;0.12129545;0.121288;0.0;0.15220791;937.6811;3775.1233;-1025.836;5268.3276;-44.420555;-114.58444
1962-02-10;-7.768706;-10.898097;-9.259666;750.3748;0.96209;175.21313;100.0;0.38534555;276.34213;1395.101;0.039758906;-0.057842582;0.0;0.120937824;0.12092292;0.0;0.03375113;1022.88;4018.8433;-1372.59;4734.574;-40.045555;-95.992226
1962-02-11;-6.8068657;-14.544052;-11.348657;749.64325;0.80082065;181.06898;100.0;0.38536188;279.86752;1377.6449;0.0039038595;-0.077392906;0.0;0.120550394;0.120550394;0.0;0.0030435622;1124.1561;4306.257;-1353.9833;4581.1997;-54.644444;-54.585556
1962-02-12;-7.8492203;-11.86329;-12.54091;746.66437;0.84229296;223.39732;100.0;0.38598463;281.79263;1370.1172;2.3715286;-0.027380884;0.0;0.120192766;0.120192766;0.0;2.3448243;1155.7067;4314.218;-947.4228;5019.2437;-17.383333;-83.91889
1962-02-13;-7.3945427;-10.53065;-10.874181;748.336;0.79375666;112.3809;100.0;0.38806733;281.19955;1380.7373;0.25964677;-0.05151145;0.0;0.11982024;0.11982769;0.0;0.2575107;1142.97;4331.759;-1317.7272;4744.044;-34.996666;-94.498886
1962-02-14;-4.402533;-13.892155;-12.476685;749.8884;0.8427227;248.03096;100.0;0.38814327;284.06284;1366.9434;0.1090616;-0.0694748;0.0;0.11946261;0.11947006;0.0;0.10390952;1293.8683;4781.4976;-1152.8112;4803.5435;-48.206665;-4.7
1962-02-15;-1.9966125;-13.277865;-10.068817;748.4366;0.57513005;267.11368;100.0;0.3882854;286.86685;1354.1666;0.15693903;-0.10704249;0.0;0.11909008;0.11911243;0.0;0.1471974;1123.1089;4059.3088;-611.22;5791.134;-77.51444;-39.865555
1962-02-16;-2.2166646;-6.6698303;-7.8462653;746.0051;0.6893043;255.30884;100.0;0.38840136;290.2588;1338.6637;0.015140414;-0.057294965;0.0;0.11874735;0.11874735;0.0;0.012993813;1296.9922;4595.032;-1221.6355;5213.88;-38.70778;-70.28111
1962-02-17;-5.9665704;-7.2388597;-7.0649858;738.0782;1.207995;203.5645;100.0;0.39421752;286.90463;1372.9655;15.840288;-0.062064268;0.0;0.118389726;0.11840463;0.0;15.653912;568.93;2037.31;-317.01166;6279.691;-46.774445;-83.977776
1962-02-18;-7.8502603;-9.632022;-7.018679;739.52374;1.8722477;205.47302;100.0;0.4062012;276.07617;1471.2728;7.4934373;-0.19834656;0.0;0.118047;0.1180619;0.0;7.47332;949.18164;3910.6033;-572.4278;5918.729;-151.00223;-256.2611
1962-02-19;-6.0645432;-6.825464;-6.0903;740.1934;1.6872706;186.89966;100.0;0.42840776;259.32617;1649.4547;31.253368;-0.067808665;0.0;0.11771917;0.11771172;0.0;31.237825;332.23944;1415.2333;-1.7088889;6686.203;-51.994446;-146.31223
1962-02-20;-7.632769;-9.199512;-5.829313;732.7009;1.2845114;182.06244;100.0;0.4665415;238.46156;1953.5726;35.185474;-0.12942217;0.0;0.11739135;0.1173839;0.0;35.107307;321.02222;1395.1267;-353.04;6201.8384;-100.437225;-148.05888
1962-02-21;-12.239754;-14.366582;-8.635821;737.00165;1.3191633;203.30125;100.0;0.48595598;231.38441;2101.3997;6.130013;-0.19634515;0.0;0.11703372;0.11704862;0.0;6.1237254;944.1028;4084.2512;-977.6711;5155.8477;-150.30333;-383.48444
1962-02-22;-11.493144;-13.990352;-10.820952;745.1413;1.2292043;223.14233;100.0;0.48829925;237.02667;2062.6628;0.81177056;-0.14034845;0.0;0.116705894;0.116705894;0.0;0.8069724;1057.2694;4479.263;-1021.5328;4998.751;-105.297775;-226.94221
1962-02-23;-9.125123;-16.539885;-12.205311;747.6382;1.1110528;55.34132;100.0;0.48846182;243.77081;2006.1442;0.008708238;-0.12282934;0.0;0.11636317;0.11637062;0.0;0.0074207783;1251.9806;5168.451;-1294.5161;4602.9155;-89.14555;-156.44556
1962-02-24;-6.61644;-15.529826;-12.253997;746.0241;1.0697097;43.425003;100.0;0.48845664;249.73663;1957.9264;0.019278066;-0.09347312;0.0;0.11602044;0.11602789;0.0;0.016726553;1161.9089;4672.0615;-1060.8267;4958.901;-66.05111;-58.424446
1962-02-25;-6.3730645;-14.339902;-12.707284;744.3294;1.024789;101.20672;100.0;0.48846483;255.24382;1915.5273;0.0012993806;-0.07792842;0.0;0.115692616;0.115677714;0.0;0.0;1365.0405;5348.1416;-1458.7833;4413.2812;-53.866665;-43.72778
1962-02-26;-6.3485084;-12.898969;-12.835462;743.51544;0.91093373;81.14968;100.0;0.48846987;260.18555;1878.9469;0.007732514;-0.06964989;0.0;0.11533499;0.11534244;0.0;0.006444752;1340.6677;5120.128;-1209.1222;4730.789;-47.974445;-73.242226
1962-02-27;-5.617808;-8.83936;-11.206238;742.63135;0.7635017;186.46877;100.0;0.48889625;264.7256;1848.5922;0.77637136;-0.057343394;0.0;0.11500716;0.11500716;0.0;0.75153637;1090.5806;4081.119;-731.0356;5493.0854;-40.04;-96.89222
1962-02-28;-5.375875;-6.9343643;-8.981091;741.55695;0.59223825;241.30328;100.0;0.493551;265.73178;1857.8287;6.5770445;-0.041263178;0.0;0.11467934;0.11468679;0.0;6.357446;996.20056;3842.9578;-434.70944;6068.3467;-27.884445;-132.45555
1962-03-01;-5.959432;-7.489029;-6.7165847;745.1111;1.1065657;228.99855;100.0;0.4968706;269.61002;1844.8486;2.0744889;-0.16534236;0.0;0.11435151;0.11435896;0.0;2.059471;1106.2245;4328.315;-567.57947;6068.852;-123.888885;-214.39111
1962-03-02;-5.0368423;-7.2930884;-6.116629;751.21783;0.8345521;177.3705;100.0;0.4980611;275.4935;1809.7738;0.11284351;-0.13674423;0.0;0.114023685;0.114023685;0.0;0.11045486;1246.1311;4850.5845;-1269.1655;5235.433;-99.88389;-167.76555
1962-03-03;-4.0255127;-9.270093;-7.5164275;752.668;0.9656341;201.51868;100.0;0.4980527;281.5381;1770.8334;0.0016331669;-0.12389757;0.0;0.11368096;0.11368841;0.0;0.000346452;1466.9584;5568.758;-1524.6666;4815.852;-87.498886;-114.52333
1962-03-04;-2.0111897;-8.475026;-8.211741;752.70465;0.9785709;143.40765;100.0;0.4980527;286.64355;1738.973;0.0021338456;-0.09764917;0.0;0.11333823;0.11335313;0.0;0.0;1514.6659;5610.53;-1331.8806;5049.4077;-67.325554;-83.20528
1962-03-05;-0.043263752;-6.6229043;-7.0472107;753.0915;0.9564039;57.15446;100.0;0.4980705;291.52832;1710.0424;0.0017289877;-0.086039305;0.0;0.11302531;0.11301041;0.0;0.0;1495.3422;5409.061;-1232.2578;5324.8184;-57.824444;-61.49972
1962-03-06;0.124949135;-6.759806;-6.078379;752.644;1.0750933;73.20857;100.0;0.49808744;296.5309;1680.9082;0.0017150578;-0.111158006;0.0;0.11268258;0.11268258;0.0;0.0;1580.4714;5583.8135;-1301.7931;5298.8657;-76.632225;-67.16556
1962-03-07;-0.11742147;-6.504303;-5.238169;750.9251;1.0179056;51.127274;100.0;0.49811503;301.6735;1653.0355;0.04549609;-0.11933036;0.0;0.112354755;0.112347305;0.0;0.0;1633.2019;5599.223;-1416.1816;5224.8276;-82.86222;-86.59139
1962-03-08;-1.1059672;-4.768921;-4.7632346;747.2041;0.81059974;186.67378;100.0;0.4981483;306.89713;1625.0;0.045821875;-0.119937584;0.0;0.11202693;0.11201948;0.0;0.0128299;1652.665;5476.688;-1321.2731;5374.2812;-84.352776;-114.969444
1962-03-09;-2.436015;-3.40684;-3.3258412;741.7326;0.7173652;213.6787;100.0;0.5067915;305.29916;1659.668;18.836885;-0.100306235;8.940697e-05;0.11178851;0.111706555;0.0;17.15213;743.61835;2542.2273;-321.26807;6652.921;-75.41278;-131.05583
1962-03-10;-3.6837437;-4.821514;-2.3943875;737.65137;0.9867417;192.54167;100.0;0.52317667;297.5625;1759.1553;13.758439;-0.25471485;0.008687377;0.12008846;0.11139363;0.062402338;13.47373;969.2244;3912.8662;-539.6897;6440.953;-193.80667;-297.94666
1962-03-11;-5.0251656;-6.450128;-3.0155602;740.18646;1.2590488;206.09358;100.0;0.5323476;296.12662;1800.0488;2.5819485;-0.29674917;0.0;0.111073256;0.111080706;0.0;2.5758407;1145.5634;4729.7554;-887.865;5927.3066;-225.83167;-331.03333
1962-03-12;-4.1762695;-5.974922;-4.0020623;743.47687;1.0795398;206.61218;100.0;0.53391474;300.8903;1777.181;0.46036834;-0.22898242;0.0;0.11076033;0.11076033;0.0;0.4558079;1366.0875;5467.782;-1139.7;5571.06;-171.03111;-255.72166
1962-03-13;-3.0274048;-6.82192;-4.618651;746.44727;0.88023067;166.16812;100.0;0.53390735;306.57065;1744.2627;0.0031530857;-0.1895465;0.0;0.11044741;0.110439956;0.0;0.0027157366;1548.6511;5965.797;-1476.05;5143.2124;-137.77278;-205.8689
1962-03-14;-1.86616;-6.0954795;-5.2905707;750.00494;0.9373758;91.14133;100.0;0.53407264;311.7357;1715.9424;0.31389594;-0.12555254;0.0;0.11011958;0.11011958;0.0;0.13507903;1459.3961;5434.1133;-1331.978;5254.8184;-88.865555;-142.6011
1962-03-15;0.38042197;-8.384766;-5.7851853;753.22504;1.0607982;70.72092;100.0;0.5341004;316.69824;1689.7379;0.00042617318;-0.16772094;0.013306737;0.123113394;0.109799206;0.14812686;0.0;1757.4719;6325.681;-1716.2592;4809.432;-118.76556;-68.99111
1962-03-16;1.133494;-9.965068;-6.131429;748.96564;0.9803286;159.92548;100.0;0.53387;321.43262;1664.9576;0.00042617318;-0.20397362;0.020772219;0.13025105;0.10947883;0.22447109;0.0;1729.4725;6021.8364;-1540.1259;4985.24;-147.53944;-50.793888
1962-03-17;0.9329834;-5.8385315;-5.45224;746.7791;0.7465506;263.76297;100.0;0.5334404;326.06772;1640.9506;0.018823147;-0.1720218;0.053614378;0.16276538;0.10915846;0.53781086;0.010445714;1707.3787;5767.082;-1269.7006;5417.445;-123.98889;-117.55889
1962-03-18;1.1587118;-5.0924783;-5.062266;748.24896;0.7579163;162.61867;100.0;0.53260577;330.62857;1616.9027;0.0;-0.16962737;0.112742186;0.22158027;0.10883808;1.047846;0.0;1918.8628;6314.8887;-1598.24;5041.499;-120.31;-111.28889
1962-03-19;-0.7840373;-3.1283875;-3.659238;748.0268;0.8513;256.33157;100.0;0.53270894;334.35287;1599.528;5.0724835;-0.1426842;0.13248622;0.24101138;0.10851771;0.8805338;2.7269907;1621.5178;5193.8364;-704.82916;6267.1943;-102.49167;-153.94333
1962-03-20;-1.4253235;-3.6970928;-1.3806915;746.0661;0.9618961;203.40196;100.0;0.535214;337.04233;1595.3369;1.0818183;-0.24768338;0.23587048;0.3440827;0.10821223;1.7896127;0.5105995;1703.7448;5613.5454;-1219.7977;5791.47;-182.55278;-214.22223
1962-03-21;-1.859436;-4.631195;-1.3439165;747.0937;1.064866;70.59686;100.0;0.53459495;342.8851;1566.6097;0.0029623508;-0.2847817;0.10587275;0.21377206;0.10789931;0.7988382;0.002104789;2095.0867;6218.0757;-1652.0564;5225.019;-210.47888;-260.1122
1962-03-22;0.53481036;-8.743561;-1.3299294;750.6093;1.1514539;30.879875;100.0;0.53360224;349.6172;1534.0576;0.0021523193;-0.29778388;0.13707578;0.24466217;0.10757893;0.9711143;0.0;2454.4333;6659.701;-1984.2197;4895.5225;-217.005;-126.047775
1962-03-23;3.5821228;-8.145223;-0.8116353;752.04193;1.0926235;98.85786;100.0;0.5322743;357.77017;1495.809;0.0008523463;-0.28934515;0.23579597;0.34305453;0.10726601;1.4531761;0.0;2662.534;6691.3203;-1861.488;5133.5347;-209.48666;-72.54444
1962-03-24;4.2428794;-7.56249;-0.37089285;749.4082;0.91541356;180.56032;100.0;0.5283576;366.50195;1449.4629;0.0004351138;-0.33497158;0.8096546;0.9166002;0.106945634;6.0329995;0.0;2813.85;6632.325;-1756.8297;5362.049;-244.95555;-95.44222
1962-03-25;0.4204305;-5.839854;-0.33096695;747.1475;0.91534907;156.88983;100.0;0.5220568;374.1185;1402.6693;0.28210282;-0.3963895;0.87988377;0.9865165;0.10664761;6.1747766;7.4505806e-06;2872.9272;6458.721;-1916.4408;5112.809;-295.08612;-165.69888
1962-03-26;-0.27755737;-6.66038;-0.39787802;747.3483;0.9048229;175.28111;100.0;0.5161018;381.66275;1359.2123;0.0004351138;-0.5002283;0.7799268;0.88629127;0.10635704;5.406115;0.0;3106.4717;6732.6416;-2066.7156;4922.8237;-375.4178;-213.51889
1962-03-27;-0.84121704;-5.792938;-0.3458837;737.30493;1.2265774;191.00713;100.0;0.5122272;389.0127;1322.9166;3.9678514;-0.76991785;0.59075654;0.6968379;0.10609627;2.703078;2.1131039;2824.199;5958.9883;-1396.3033;5706.3823;-590.2328;-244.61111
1962-03-28;-3.3773804;-4.7335916;-0.30080414;736.3786;0.8221119;217.68343;100.0;0.52263695;371.7604;1409.0576;14.262038;-0.51134545;0.01552701;0.12138486;0.10585785;0.077053905;14.041803;1428.7589;4622.844;-786.39777;6292.2607;-392.30112;-438.06668
1962-03-29;-3.205251;-4.6365585;-0.45376587;742.6115;1.2490724;214.04118;100.0;0.52788514;367.13412;1442.3828;2.5613277;-0.5836841;0.013068318;0.11870265;0.10563433;0.07574633;2.3888798;1761.0544;5548.4756;-1009.565;6068.88;-447.02832;-479.50223
1962-03-30;-3.1833293;-4.6586585;-0.56592816;746.7065;1.0967423;231.28185;100.0;0.52932984;369.53287;1437.5;1.2087435;-0.5071582;0.020563602;0.12597442;0.105418265;0.11520088;1.0126009;1541.7922;4476.636;-992.505;6015.864;-389.01944;-365.48557
1962-03-31;-1.8009542;-5.996155;-0.59756726;748.40137;1.0289255;117.25161;100.0;0.52937144;375.64975;1414.1846;0.0018656254;-0.5552573;0.03361702;0.13883412;0.1052171;0.20733848;0.0014342368;2623.1672;6999.9717;-1881.2186;5060.23;-418.54666;-295.17776
1962-04-01;0.16325887;-7.0944824;-0.47150674;748.22437;0.9570294;146.34901;100.0;0.5284303;384.00943;1381.307;0.41833615;-0.41382387;0.2001673;0.30517578;0.10500848;1.3769679;0.019263476;2930.9355;7219.0703;-1977.0803;5024.9404;-304.93445;-187.93556
1962-04-02;0.025787354;-3.203532;-0.1799062;745.3564;0.93665075;194.15997;100.0;0.52486235;390.07877;1349.9756;4.7589602;-0.4602857;1.3386756;1.4434755;0.10481477;7.09771;2.6175194;2579.7595;5997.632;-1023.27026;6238.847;-346.35556;-250.93445
1962-04-03;-0.61483765;-1.8869019;-0.031499226;742.9421;0.80179715;185.88885;100.0;0.51980346;388.6393;1341.1051;9.241725;-0.4634354;1.8556267;1.9830763;0.12744963;8.699361;6.2509255;2164.2266;5340.511;-669.56445;6663.8433;-351.4289;-347.84668
1962-04-04;-1.2264608;-1.6854452;-0.045824688;740.3194;0.750247;179.67175;100.0;0.5202484;379.6149;1373.9014;7.140422;-0.2529174;1.542598;1.6887784;0.14616549;5.77675;3.996618;1385.0867;4144.6177;-546.4397;6707.0366;-190.105;-297.66333
1962-04-05;-1.7133993;-2.714152;-0.08506012;742.1892;0.89832115;224.08391;100.0;0.5228852;372.88086;1405.2328;3.9122553;-0.42827988;0.5185455;0.62321126;0.104665756;2.457086;3.319811;1382.4377;4398.4595;-465.23862;6767.7944;-326.56332;-369.93445
1962-04-06;0.469869;-4.1516824;-0.16009776;747.83936;0.9563487;111.020386;100.0;0.5186754;375.91928;1383.5856;0.0028461218;-0.4793033;1.2922287;1.3970584;0.10481477;6.9214554;0.0028461218;2479.2905;7067.501;-1547.1206;5572.8745;-355.40555;-303.8211
1962-04-07;3.2000325;-5.5283914;-0.28969064;751.50433;1.1357485;123.93546;100.0;0.5115311;381.9684;1343.099;0.00053048134;-0.34538284;1.4386326;1.5437007;0.10506064;7.482052;0.0;2846.155;7353.8076;-1737.8711;5414.6543;-247.53334;-120.85111
1962-04-08;3.9178364;-5.826538;-0.26138306;750.94135;1.1401814;102.180725;100.0;0.5023519;388.6351;1296.6309;0.0004351138;-0.3690785;2.2369325;2.342403;0.10547042;10.2515335;0.0;3071.84;7388.3267;-1744.9386;5447.5293;-265.67334;-99.75445
1962-04-09;3.9246724;-4.7827353;-0.21435802;747.97705;1.230865;72.09078;100.0;0.49089018;395.1022;1246.46;0.95641315;-0.37584454;3.233254;3.4051836;0.1719445;12.292139;0.0;3158.9866;7206.6074;-1444.1302;5800.5156;-271.1422;-109.98111
1962-04-10;-0.6996765;-2.9155781;-0.11870702;745.58765;1.1512142;137.39973;100.0;0.48261535;397.2477;1217.9769;8.488986;-0.49443635;4.0914564;4.2747407;0.18328428;10.995388;1.854837;2558.5618;6073.364;-1389.8933;5745.739;-373.7322;-346.42
1962-04-11;-1.3366903;-6.65624;-0.3410975;746.9394;1.0408418;95.20499;100.0;0.47598127;402.1429;1187.2152;0.019544363;-0.8374378;1.0281354;1.1373311;0.10919571;4.664252;0.0039227307;3156.5166;7188.4473;-1809.8722;5232.3735;-636.7256;-366.77444
1962-04-12;0.052705128;-6.2071495;-0.3604177;748.93854;1.1127908;79.48315;100.0;0.46997347;410.00977;1150.0651;0.017747283;-0.63757414;1.4780462;1.5890151;0.11096895;6.4458923;7.4505806e-06;3489.091;7643.56;-2053.5083;5014.411;-478.00888;-221.17111
1962-04-13;1.7100016;-8.285339;-0.29506683;749.8413;1.0083627;69.15975;100.0;0.46089718;417.71744;1107.3812;0.0;-0.5353354;3.0138493;3.1704307;0.15658885;10.536968;0.0;3634.274;7721.392;-2064.1243;5036.122;-395.2389;-179.15778
1962-04-14;2.4486492;-4.553965;-0.2387619;747.483;1.0264145;175.44849;100.0;0.44860435;424.87466;1059.9772;0.0;-0.40583497;3.9203615;4.060417;0.14005601;13.146758;0.0;3503.1938;7275.351;-1672.1039;5533.0527;-294.69666;-153.35556
1962-04-15;1.475881;-1.237915;-0.13111115;745.78143;0.87196636;145.96892;100.0;0.43606022;430.04068;1017.2526;3.2682157;-0.3079772;4.6150684;4.950076;0.3350079;12.088168;0.0;2627.328;5358.936;-973.63275;6319.5347;-227.83945;-176.87666
1962-04-16;-0.4448649;-1.4458618;-0.047091167;743.85376;0.963171;148.43636;100.0;0.4239659;432.01694;984.375;7.1854653;-0.35772288;5.9317646;6.2844157;0.35265088;14.784854;0.43957308;2451.2483;5026.4033;-709.62805;6617.3022;-268.64;-307.90887
1962-04-17;-1.4793192;-5.102163;-0.14764786;746.47614;1.0275;125.30662;100.0;0.41145563;434.84766;948.8118;1.1957288;-0.91171825;3.740847;4.027784;0.2869293;11.026142;0.008687377;3389.215;6865.017;-1504.8691;5653.912;-697.0133;-444.72888
1962-04-18;-0.4127299;-5.533539;-0.24735768;748.91406;1.231372;61.72342;100.0;0.40059543;439.86978;912.7197;0.08786917;-0.8146316;3.246218;3.445506;0.19927323;10.371529;0.0044181943;3644.6694;7299.5005;-1753.3667;5379.941;-617.7;-257.28555
1962-04-19;0.13804118;-3.128062;-0.1430664;747.3801;1.6385818;42.96008;100.0;0.391488;441.95117;886.35254;6.136492;-0.72487444;3.3423753;3.502667;0.16029179;8.833569;4.2570753;2590.6367;5156.7715;-777.1397;6504.932;-554.0022;-207.81667
1962-04-20;0.12992351;-4.3676047;-0.1215566;745.8211;1.0825447;79.05753;100.0;0.38686267;434.06348;891.92706;3.534135;-0.621113;3.6251693;3.8707108;0.24554133;9.561963;1.4107674;2670.4617;6652.331;-1314.5344;5887.878;-467.75833;-279.5711
1962-04-21;-0.17520142;-2.1290283;-0.12202835;744.3221;0.80191785;104.58789;100.0;0.38163653;432.7816;882.03937;2.8293877;-0.32966304;2.7103722;2.9061584;0.19578636;7.111307;0.9547025;2046.6422;5182.0674;-817.125;6427.074;-245.46333;-219.62111
1962-04-22;0.06259155;-1.4046224;-0.0721105;746.5974;0.6522003;117.59506;100.0;0.3754226;433.38867;866.2923;4.091591;-0.2859449;3.2863169;3.5511255;0.26482344;7.4271336;1.0887868;1653.1716;4068.9927;-617.8578;6662.609;-214.7;-213.67444
1962-04-23;0.60929364;-0.81985474;-0.053133648;749.8667;0.66929966;86.48499;100.0;0.3679621;434.45084;847.0459;3.4606905;-0.19380358;4.0400476;4.3285637;0.28851628;9.301577;0.35569817;1542.6;3654.3667;-417.92584;6905.621;-143.38445;-168.02777
1962-04-24;0.82262164;-2.3548787;-0.104896545;749.8763;0.8199312;89.95365;100.0;0.3560476;436.88443;815.55176;2.2112503;-0.45513734;5.801365;6.8822203;1.0808482;13.419003;0.015430152;2699.9739;6102.5396;-1108.99;6152.676;-339.24667;-239.29445
1962-04-25;0.6213074;-0.44153848;-0.10716629;746.8969;0.87108713;202.48492;100.0;0.34400675;440.0088;782.38934;4.73243;-0.29649025;5.9691963;6.365508;0.39632618;12.670137;0.124275684;2587.4695;5718.2134;-751.6222;6622.4707;-218.29556;-264.5178
1962-04-26;-0.10065714;-1.0278422;-0.053203583;741.5026;0.5388003;166.02327;100.0;0.34082976;428.5205;794.51495;10.478573;-0.1609577;2.5895536;3.0001254;0.41057914;5.308319;6.699137;1124.1917;2963.6433;-509.93195;6723.3223;-120.32611;-151.83333
1962-04-27;0.054504395;-1.3761088;-0.06294759;741.78516;0.91234964;162.71391;100.0;0.3345528;423.79688;789.388;4.5798845;-0.44660085;4.9309583;5.433619;0.5026683;11.215855;1.1768639;2430.4727;6366.5522;-874.6272;6461.9146;-333.48334;-326.01443
1962-04-28;-0.5893758;-1.600942;-0.0687561;742.044;0.7066098;159.14452;100.0;0.33709168;400.71713;838.7044;19.108616;-0.27142838;2.704844;3.271997;0.5671531;4.573103;14.377486;1401.1489;4596.5054;-523.46136;6764.84;-201.66444;-254.21445
1962-04-29;-1.3341675;-2.7879333;-0.08730825;744.4909;1.0370291;238.88191;100.0;0.34390923;376.48535;911.0921;2.7999847;-0.4658345;1.5111417;2.1714568;0.6603226;3.7437716;1.3877432;1886.8756;6564.737;-1019.5981;6177.358;-348.70776;-363.15778
1962-04-30;-0.67387897;-4.230835;-0.2319692;748.4272;1.1749895;123.229805;100.0;0.3391601;380.83203;889.20087;0.58825314;-0.56681687;1.9538254;2.6847272;0.73090196;5.7323875;0.0010691583;2569.8088;7645.796;-1582.4603;5515.3477;-421.65054;-330.9211
1962-05-01;0.55204266;-4.4512634;-0.37269083;747.73956;1.1933553;133.53162;100.0;0.33304432;388.33105;856.6081;0.013920665;-0.5398048;1.9512177;2.7361364;0.78490376;6.2819796;0.00040605664;3053.4316;8124.4775;-1764.4747;5339.7363;-397.68167;-269.6678
1962-05-02;2.8154907;-4.7681274;-0.30085626;748.00775;1.1141113;160.30998;100.0;0.32385483;396.85156;815.59247;0.004732609;-0.42414105;3.6880522;4.582584;0.8945465;11.024092;0.0;3247.7705;7984.125;-1667.6361;5526.67;-305.0711;-161.92444
1962-05-03;3.5016785;-3.347697;-0.24981053;748.8972;1.1983217;137.61145;100.0;0.31025615;404.3662;767.2933;0.002362568;-0.423857;5.7385263;7.5482726;1.8097534;15.13255;0.0;3523.5754;8167.566;-1629.8083;5641.9746;-303.95612;-162.59889
1962-05-04;4.2769775;-2.242096;-0.22999191;748.4777;1.2372463;112.19311;100.0;0.29373667;411.33658;714.15204;0.015422702;-0.423125;6.4276752;7.752478;1.32481;17.314434;0.0;3584.225;7952.618;-1475.0061;5854.4287;-304.03387;-148.33444
1962-05-05;4.3163857;-1.807485;-0.23209381;746.90826;1.4688443;172.09198;100.0;0.27573168;417.54263;660.48175;1.9604683;-0.6614169;7.583156;9.386599;1.8034279;17.759514;0.0;3564.1816;7652.4546;-1485.8464;5832.8457;-494.52722;-100.973335
1962-05-06;3.4445293;-3.78185;-0.4014473;747.6818;0.9834335;180.84361;100.0;0.25880003;424.70508;609.2122;2.9802322e-05;-0.5503446;6.2108335;8.294314;2.0835102;16.307432;0.0;3964.294;8298.131;-1920.583;5292.856;-403.8089;-177.84666
1962-05-07;4.2362976;-4.2482605;-0.37671408;749.2495;1.2135062;120.74328;98.69401;0.24176002;433.0433;558.1868;0.0017494522;-0.63181573;6.454885;8.320615;1.8657372;16.926468;0.0;3757.6807;7670.6006;-1561.7994;5745.437;-466.59946;-128.46222
1962-05-08;5.4444275;-2.1861267;-0.29549918;747.91437;1.390593;147.44392;96.58447;0.22386508;441.15854;506.958;0.9436488;-0.64480305;7.6435804;10.449201;2.8056204;18.302444;0.0;3713.9795;7365.6167;-1344.4886;6061.098;-472.8339;-65.90222
1962-05-09;2.504832;-1.5643209;-0.23932393;746.4013;1.0260369;187.57684;95.22111;0.20522594;446.36685;458.98438;0.18907528;-0.82440114;7.176548;9.449109;2.272561;18.64938;0.0;3854.0862;7497.0767;-1330.3027;6035.3564;-613.52277;-306.32224
1962-05-10;1.470398;-0.46181235;-0.26657358;743.9682;0.9888882;195.85237;94.51074;0.18900812;447.73306;421.0205;5.458206;-0.53453815;7.7019334;10.255337;2.5533886;14.767364;0.008864328;3355.5427;6447.7373;-1100.3445;6283.2114;-393.52;-318.37112
1962-05-11;2.9856465;-1.6670837;-0.17384593;746.34357;1.0240743;200.75476;94.13306;0.17148936;447.74902;381.83594;1.4812891;-0.80476606;8.608535;11.414498;2.805963;18.750385;0.0;3646.6323;6948.59;-1236.4181;6200.5176;-594.6128;-251.5411
1962-05-12;5.1671653;0.10498047;-0.29024506;751.49677;1.1396655;137.15157;93.916504;0.15025;447.75;334.87955;1.2166113;-0.5405638;10.398611;14.411643;4.0130243;22.96961;5.2154064e-05;4106.089;7774.09;-1463.7883;6002.6855;-381.90945;-216.91777
1962-05-13;6.6476746;-1.7292277;-0.42636108;752.9624;0.89884734;101.595146;93.8103;0.12801898;447.75;285.64453;0.48804468;-0.510687;9.498835;13.747573;4.2487235;21.669153;0.0;4007.3823;7548.6445;-1534.4327;5921.8423;-358.15833;-151.45778
1962-05-14;5.58256;-1.1569723;-0.5452334;752.4222;1.176383;69.76873;93.76791;0.106494464;447.75;237.75227;2.952147;-0.48414898;10.393932;15.827089;5.433172;21.027924;0.0;3762.4478;7061.21;-1443.92;5978.1846;-339.29388;-142.46666
1962-05-15;7.906667;-2.3364666;-0.66423035;753.22626;1.107881;38.681194;92.86157;0.084065914;447.75;188.02898;0.042572618;-0.6391071;10.402187;17.341644;6.9394407;23.661945;0.0;4340.8545;8111.759;-1597.544;5869.0454;-451.93945;-145.42667
1962-05-16;10.830811;-0.30104575;-0.5439784;755.6805;0.92597634;125.864044;88.74634;0.058265526;447.75;130.90007;0.0017178336;-0.69084114;12.309372;23.087845;10.778486;26.835524;0.0;4494.299;8235.599;-1398.3861;6201.239;-481.15332;-112.975555
1962-05-17;12.039185;0.21693929;-0.6753146;754.70013;1.0619191;135.13657;69.15804;0.03284645;447.75;73.93392;0.013142824;-0.9236876;9.806469;21.970257;12.16378;23.334984;0.0;4448.3057;7663.952;-1388.1989;6340.0713;-643.9144;-115.23222
1962-05-18;10.12677;0.102152504;-0.74690884;752.1438;1.1856507;103.53043;37.493732;0.01636509;447.75;36.865234;0.51778555;-1.7317477;4.247084;15.355677;11.1086;12.147598;0.0;4610.7026;6760.669;-1493.8983;6416.2827;-1205.4689;-252.88889
1962-05-19;8.751088;1.2551779;-0.55758923;750.644;1.2962829;67.51509;17.405436;0.0075532994;447.75;17.333984;1.2449563;-2.4138224;2.5127678;13.0443125;10.531552;6.6977887;0.0;5373.9683;7246.4155;-1811.2905;6336.9478;-1676.89;-616.65
1962-05-20;7.831736;2.6520894;-0.077124275;750.854;1.176483;54.655293;7.2572427;0.0031389396;447.75;7.039388;1.4564561;-2.6697936;1.2215078;10.941058;9.719558;3.0398145;0.0;5154.0083;6666.34;-1609.6072;6743.901;-1854.5105;-817.6222
1962-05-21;10.181061;-0.48576865;-0.22414653;751.7483;1.2447747;110.800575;2.7993164;0.0012057623;440.44986;2.726237;0.9382099;-3.4257638;0.5329102;9.397313;8.864395;1.2874007;0.0;5931.7725;7531.451;-2053.281;6427.8813;-2379.9922;-886.0333
1962-05-22;11.669586;-3.166748;-0.49393335;751.4699;1.4317236;191.14601;1.0054525;0.00043209395;428.67188;1.3020834;0.0012878672;-4.064509;0.117853284;8.173525;8.055679;0.48628077;0.0;6700.161;8440.084;-2521.452;6004.4062;-2823.6716;-782.0856
1962-05-23;11.85201;-1.2532539;-0.19208018;751.6455;1.2236727;142.18388;0.3387858;0.00014531612;428.22104;0.32552084;0.71229637;-3.7344944;0.14956295;7.4798164;7.3302536;0.16670674;0.0;6159.1333;7730.8555;-2323.689;6296.2;-2594.2566;-696.5689
1962-05-24;12.234253;-2.4430645;-0.02244695;750.0833;1.4073507;112.764305;0.11376953;4.863739e-05;428.09375;-7.345365e-21;0.015717745;-3.9624312;0.013381243;6.710082;6.696716;0.05593151;0.0;6168.791;7728.049;-2285.889;6353.758;-2752.5854;-645.9644
1962-05-25;10.795115;-0.0059814453;-0.02220408;747.3868;1.2702032;90.40333;0.037597656;1.613299e-05;428.09375;-7.345365e-21;4.7786713;-3.5829256;0.7802099;6.9283843;6.1481895;0.018749386;0.0;5989.1343;7492.839;-2241.2717;6424.9185;-2488.9412;-825.5467
1962-05-26;9.137919;0.23560588;-0.031922657;747.1065;1.3876587;133.09486;0.012532552;5.722046e-06;428.09375;-7.345365e-21;0.11416674;-3.6722562;0.016152859;5.690962;5.6748095;0.0061132014;0.0;6114.4854;7640.791;-2102.6345;6410.17;-2550.9956;-1221.919
1962-05-27;8.489451;-2.6585083;-0.25004706;749.68915;1.0625936;189.6439;0.005452474;2.1457672e-06;428.09375;-7.345365e-21;0.9309292;-3.3945906;0.11692941;5.379617;5.262673;0.0020191073;0.0;6278.91;7837.569;-2396.3162;6008.133;-2358.111;-1308.22
1962-05-28;8.246114;-2.1172383;-0.20211665;750.62445;1.1633371;112.25933;0.0024414062;9.536743e-07;428.09375;-7.345365e-21;0.18393993;-3.5430994;0.022113323;4.9239993;4.9018784;0.0007674098;0.0;6504.262;8110.191;-2446.311;5981.9023;-2461.2744;-1297.0222
1962-05-29;9.477539;-0.36268106;-0.06967163;752.4007;1.116073;115.37976;0.00056966144;1.9868214e-07;428.09375;-7.345365e-21;0.46606362;-3.3701463;0.050202012;4.633546;4.583344;0.00028684735;0.0;5984.028;7453.44;-2190.9695;6329.6333;-2341.129;-1120.16
1962-05-30;11.034801;-2.7220867;-0.4513639;752.9881;1.3624643;131.61282;0.0;-7.3453654e-25;412.0078;-7.345365e-21;0.08080686;-3.862722;0.00885129;4.3090286;4.300177;0.00010430813;0.0;6619.0776;8235.927;-2504.6545;6088.374;-2683.3044;-1076.1666
1962-05-31;11.695343;-0.16611736;-1.7026991;753.1313;1.1436244;98.98059;0.0;-7.3453654e-25;200.38867;-7.345365e-21;2.0858378;-3.620263;0.25720894;4.303664;4.046455;3.3527613e-05;0.0;6349.912;7892.5864;-2412.6646;6345.3354;-2514.8767;-930.42444
1962-06-01;13.228496;3.0902607;-0.7806053;753.9324;1.185297;68.21539;0.0;-7.3453654e-25;106.364235;-7.345365e-21;0.86434484;-3.6725347;0.09010732;3.9090216;3.8188994;1.1175871e-05;0.0;5988.402;7435.2954;-2189.0278;6761.5444;-2551.1877;-723.99335
1962-06-02;13.614827;4.3273315;0.009702046;752.9489;1.2292211;82.398094;0.0;-7.3453654e-25;99.99998;-7.345365e-21;0.5500394;-3.623249;0.053182244;3.666103;3.6128907;0.0;0.0;6195.282;7684.1064;-2315.8823;6690.872;-2516.9504;-890.95667
1962-06-03;13.356862;2.8639832;0.009955089;750.823;1.3123158;96.822334;0.0;-7.3453654e-25;99.99998;-7.345365e-21;1.6640675;-3.6454537;0.19106269;3.6166012;3.4255311;0.0;0.0;6200.25;7682.1587;-2314.7183;6672.747;-2532.3755;-960.19556
1962-06-04;10.810496;4.8151345;0.0099817915;748.1333;1.2172529;53.905437;0.0;-7.3453654e-25;99.99998;-7.345365e-21;3.9087086;-2.90736;0.44436753;3.699869;3.2555163;0.0;0.0;5363.6665;6638.5654;-1946.5662;6904.838;-2019.6466;-1157.5311
1962-06-05;9.5216675;5.136637;0.009955089;747.9033;1.1386802;62.455044;0.0;-7.3453654e-25;100.00259;-7.345365e-21;7.2970457;-2.8652203;0.8624792;3.9639175;3.1014533;0.0;0.0;5024.0864;6211.7446;-1805.9761;6904.941;-1990.3722;-1056.3534
1962-06-06;11.201263;2.7475586;0.009737651;749.0069;0.89038163;163.71335;0.0;-7.3453654e-25;99.99998;-7.345365e-21;1.9408703;-3.3511612;0.22116303;3.1810105;2.9598475;0.0;0.0;5724.819;7070.688;-2146.615;6573.2314;-2327.94;-1024.72
1962-06-07;12.266724;-0.32284546;0.0099817915;749.14545;1.8170282;219.34914;0.0;-7.3453654e-25;99.99998;-7.345365e-21;0.0008843504;-4.1297636;8.940697e-05;2.8282106;2.828136;0.0;0.0;6910.004;8525.753;-2693.1067;6028.352;-2868.8088;-1129.3456
1962-06-08;10.018352;-1.430776;0.010058085;747.3762;2.033946;206.01808;0.0;-7.3453654e-25;99.99998;-7.345365e-21;0.013158044;-3.7022579;0.0011622906;2.7067363;2.705574;0.0;0.0;6828.903;8416.798;-2415.1677;6218.0864;-2571.8354;-1522.91
1962-06-09;5.6953025;-0.58499146;0.009709676;745.628;1.5668567;144.24695;0.0;-7.3453654e-25;99.99998;-7.345365e-21;4.2692847;-2.7027428;0.41529536;3.0088873;2.5936067;0.0;0.0;4939.6987;6081.682;-1766.4122;6541.259;-1877.5056;-1470.6178
1962-06-10;7.726339;-3.3367615;0.009798686;750.17114;1.1383433;151.9937;0.0;-7.3453654e-25;99.99998;-7.345365e-21;0.00044137498;-3.5614045;2.9802322e-05;2.489537;2.4894924;0.0;0.0;6874.808;8455.672;-2764.8389;5664.3457;-2473.9888;-1447.2245
1962-06-11;11.426961;-2.5922241;0.010082245;751.27637;1.2205267;163.94627;0.0;-7.3453654e-25;99.99998;-7.345365e-21;0.001276102;-3.685495;0.00010430813;2.3910851;2.3909807;0.0;0.0;6938.407;8524.998;-2720.4177;6030.608;-2560.19;-1201.1945
1962-06-12;14.171559;-3.323822;0.010016124;752.8553;0.9175558;235.08351;0.0;-7.3453654e-25;99.99998;-7.345365e-21;0.0012934206;-3.7358255;0.00010430813;2.2984147;2.2983103;0.0;0.0;6967.777;8552.152;-2768.2505;6252.504;-2595.1533;-1072.9089
1962-06-13;15.947784;-2.51415;0.009928386;753.1428;1.2260858;144.95215;0.0;-7.3453654e-25;99.99998;-7.345365e-21;0.0;-3.5937986;0.0;2.211228;2.211228;0.0;0.0;6787.885;8322.634;-2719.3218;6459.8413;-2496.4934;-1081.6622
1962-06-14;14.606914;-2.7671611;0.009902954;749.8798;1.7883455;211.31358;0.0;-7.3453654e-25;99.99998;-7.345365e-21;0.015443238;-3.1444411;0.0011324883;2.130717;2.1295846;0.0;0.0;6624.7954;8114.2466;-2724.58;6332.08;-2184.338;-1444.0634
1962-06-15;12.364543;-4.328064;0.009905498;749.3706;1.208523;200.33533;0.0;-7.3453654e-25;99.99998;-7.345365e-21;0.0012923083;-2.873067;0.00010430813;2.052918;2.0528288;0.0;0.0;7048.532;8624.223;-3029.1956;5907.7466;-1995.8234;-1762.7067
1962-06-16;11.277446;-5.6277976;0.009918213;749.215;1.5163676;139.18468;0.0;-7.3453654e-25;99.99998;-7.345365e-21;0.0012945248;-2.653906;8.940697e-05;1.9804984;1.9804165;0.0;0.0;7076.664;8657.402;-3029.6423;5863.838;-1843.58;-1968.6788
1962-06-17;10.246307;-1.4444071;0.009894053;750.9263;1.461463;69.52482;0.0;-7.3453654e-25;99.99998;-7.345365e-21;0.16578436;-2.226254;0.011220574;1.9236207;1.9123926;0.0;0.0;6300.9805;7707.239;-2686.101;6234.2344;-1546.5044;-1749.4122
1962-06-18;11.208446;1.540802;0.009915669;751.5993;1.5739703;45.616608;0.0;-7.3453654e-25;99.99998;-7.345365e-21;0.00085432176;-2.1945453;5.9604645e-05;1.8482506;1.848191;0.0;0.0;6783.317;8296.541;-2852.9773;6208.924;-1524.4778;-2009.2755
1962-06-19;12.782186;0.76450604;0.010045369;750.52057;1.1560264;90.129845;0.0;-7.3453654e-25;99.99998;-7.345365e-21;0.41671395;-2.257863;0.02836436;1.8154159;1.7870516;0.0;0.0;6733.165;8234.131;-2848.9316;6440.8926;-1568.4623;-1807.79
1962-06-20;14.413696;-1.4989523;0.009858449;749.97437;1.0105301;145.59657;0.0;-7.3453654e-25;99.99998;-7.345365e-21;0.040304188;-2.3089778;0.0026673079;1.7315894;1.728937;0.0;0.0;6708.422;8202.744;-2964.61;6431.2935;-1603.9689;-1713.9967
1962-06-21;14.756938;-7.557322;0.010035197;751.6033;1.2889382;133.46207;0.0;-7.3453654e-25;99.99998;-7.345365e-21;0.0012814989;-2.213057;8.940697e-05;1.6736537;1.6735718;0.0;0.0;7179.799;8778.037;-3433.0217;5926.4277;-1537.3367;-1850.1022
1962-06-22;15.552815;-0.2200826;0.009890239;753.3859;1.225798;82.57543;0.0;-7.3453654e-25;99.99998;-7.345365e-21;0.00074505806;-2.058927;4.4703484e-05;1.6208589;1.6207993;0.0;0.0;6948.1973;8493.765;-3081.7996;6512.8413;-1430.2689;-1826.9967
1962-06-23;16.415354;-0.044718426;0.010052999;751.6142;1.291257;111.027435;0.0;-7.3453654e-25;99.99998;-7.345365e-21;0.0025808811;-1.9414127;0.00014901161;1.5706271;1.5704856;0.0;0.0;6751.453;8252.141;-2924.6406;6824.1104;-1348.6355;-1928.58
1962-06-24;15.133301;3.231425;0.010139465;750.4178;1.1564631;58.15759;0.0;-7.3453654e-25;99.99998;-7.345365e-21;0.19119978;-1.5058517;0.011488795;1.5345216;1.5230179;0.0;0.0;5660.3037;6917.529;-2541.7788;7064.0596;-1046.0656;-1687.1089
1962-06-25;14.770558;5.181722;0.009719849;750.2592;1.1751815;68.01686;0.0;-7.3453654e-25;99.99998;-7.345365e-21;0.6850511;-1.6393224;0.042632222;1.5207231;1.4780834;0.0;0.0;5762.453;7041.5522;-2433.8105;7258.532;-1138.7822;-1767.0922
1962-06-26;15.297383;3.8341572;0.010269165;750.4913;1.0026913;50.49387;0.0;-7.3453654e-25;99.99998;-7.345365e-21;0.13685226;-1.6955454;0.00834465;1.4436543;1.4352947;0.0;0.0;5509.5254;6731.6313;-2357.2922;7289.73;-1177.8389;-1589.4589
1962-06-27;17.118551;1.1801962;0.010121663;748.89624;0.9992593;115.71177;0.0;-7.3453654e-25;99.99998;-7.345365e-21;0.030866263;-1.6022753;0.0018626451;1.3962984;1.3944209;0.0;0.0;5421.0977;6622.5312;-2355.8516;7420.2256;-1113.0477;-1435.4623
1962-06-28;17.442047;-0.06328329;0.010350545;747.438;1.3915359;124.42225;0.0;-7.3453654e-25;99.99998;-7.345365e-21;0.00091493124;-1.6491963;5.9604645e-05;1.3551265;1.3550744;0.0;0.0;6161.6797;7526.344;-2579.6138;7360.352;-1145.6411;-1943.0189
1962-06-29;17.291727;1.6262308;0.00959905;748.17896;1.3750887;107.29719;0.0;-7.3453654e-25;99.99998;-7.345365e-21;0.00085532654;-1.5186574;5.2154064e-05;1.3173447;1.3172998;0.0;0.0;6054.0977;7393.9033;-2794.0361;7080.142;-1054.961;-1829.9523
1962-06-30;17.383474;0.5738322;0.00963974;748.5996;1.4237446;134.66884;0.0;-7.3453654e-25;99.99998;-7.345365e-21;0.0017046927;-1.5778615;8.940697e-05;1.2810826;1.2809932;0.0;0.0;6824.812;8334.257;-3172.7483;6696.6123;-1096.0878;-2218.8145
1962-07-01;17.834707;-3.2912395;0.009967804;750.0495;1.3776594;131.9326;0.0;-7.3453654e-25;99.99998;-7.345365e-21;0.0004351138;-1.5795612;2.9802322e-05;1.24605;1.2460202;0.0;0.0;7044.1416;8601.018;-3323.1008;6583.6904;-1097.2689;-2158.4822
1962-07-02;16.940775;-2.410258;0.009579976;749.88275;1.3228313;180.55974;0.0;-7.3453654e-25;99.99998;-7.345365e-21;0.0017123029;-1.469465;0.00010430813;1.2125969;1.2125075;0.0;0.0;7089.7856;8655.685;-3313.9468;6547.8374;-1020.7883;-2360.8833
1962-07-03;16.979502;0.9281616;0.009702046;748.9827;1.5120529;159.49649;0.0;-7.3453654e-25;99.99998;-7.345365e-21;0.0008583069;-1.4105849;4.4703484e-05;1.1803806;1.1803359;0.0;0.0;6893.072;8414.429;-3134.4028;6778.3643;-979.88556;-2406.1167
1962-07-04;16.884481;-3.36498;0.010032654;749.92065;1.3149058;230.21149;0.0;-7.3453654e-25;99.99998;-7.345365e-21;0.0025749204;-1.3713707;0.00013411045;1.1496693;1.1495203;0.0;0.0;7107.9463;8675.623;-3532.2583;6249.0674;-952.6445;-2384.3767
1962-07-05;18.199646;-4.263275;0.010211945;751.2408;1.2911736;75.99779;0.0;-7.3453654e-25;99.99998;-7.345365e-21;0.000847727;-1.4826189;5.9604645e-05;1.1199117;1.1198372;0.0;0.0;7181.803;8764.61;-3597.9583;6416.7876;-1029.9266;-1944.2655
1962-07-06;19.569204;6.467509;0.009726207;752.2907;1.8657974;44.988934;0.0;-7.3453654e-25;99.99998;-7.345365e-21;0.0012971914;-1.355635;6.7055225e-05;1.0913312;1.0912567;0.0;0.0;6849.0864;8357.494;-3147.0095;7076.507;-941.7144;-2232.3032
1962-07-07;20.468649;4.182302;0.009911855;751.2908;1.4621583;54.666653;0.0;-7.3453654e-25;99.99998;-7.345365e-21;0.00092089176;-1.322236;4.4703484e-05;1.0638386;1.0638013;0.0;0.0;6301.193;7687.9546;-2860.5894;7508.2646;-918.51447;-1896.95
1962-07-08;20.417765;1.7752482;0.009705861;748.5032;1.3804159;93.08427;0.0;-7.3453654e-25;99.99998;-7.345365e-21;0.00010430813;-1.2457948;7.4505806e-06;1.0375082;1.0374933;0.0;0.0;5989.35;7306.6055;-2919.2244;7372.251;-865.41223;-1836.9512
1962-07-09;19.516876;-0.12226359;0.009812673;747.7949;1.5281662;122.418144;0.0;-7.3453654e-25;99.99998;-7.345365e-21;0.004041194;-1.2472849;0.00020861626;1.0123551;1.0121763;0.0;0.0;6588.387;8036.2183;-3159.6548;7015.91;-866.44666;-2251.9734
1962-07-10;18.543793;-1.047933;0.009863536;748.50323;1.5537425;127.059135;0.0;-7.3453654e-25;99.99998;-7.345365e-21;0.0;-1.1573434;0.0;0.9877682;0.9877756;0.0;0.0;6340.4995;7732.783;-3039.779;7005.2725;-803.9689;-2220.051
1962-07-11;17.191376;-0.17645264;0.009958903;748.06104;1.6202197;112.68418;0.0;-7.3453654e-25;99.99998;-7.345365e-21;0.002140724;-1.1552553;0.00011920929;0.96440315;0.96428394;0.0;0.0;6774.0996;8260.535;-3205.9744;6761.6636;-802.51666;-2476.9421
1962-07-12;16.924173;4.979309;0.009811401;747.9219;1.5097064;63.857426;0.0;-7.3453654e-25;99.99998;-7.345365e-21;0.18312037;-1.1285003;0.009179115;0.9507835;0.9416193;0.0;0.0;6374.7563;7772.54;-2899.8906;7165.2544;-783.9311;-2290.7678
1962-07-13;16.622467;5.863993;0.00990804;747.69727;1.5948334;57.567646;0.0;-7.3453654e-25;99.99998;-7.345365e-21;1.1860728;-1.1922382;0.07045269;0.9904802;0.9200275;0.0;0.0;5933.831;7234.183;-2652.071;7249.0776;-828.20776;-2234.7244
1962-07-14;17.39029;5.266154;0.010106404;746.9058;1.3224456;80.4206;0.0;-7.3453654e-25;99.99998;-7.345365e-21;0.05969405;-1.5673488;0.0030696392;0.9022802;0.8992106;0.0;0.0;6232.1733;7596.8975;-2783.3816;7221.5957;-1088.785;-2017.8567
1962-07-15;18.90738;1.0249532;0.009516398;748.29663;1.1032429;100.11273;0.0;-7.3453654e-25;100.00519;-7.345365e-21;0.008460879;-1.3805758;0.00035762787;0.8791983;0.8788407;0.0;0.0;6421.2686;7826.358;-3037.6094;7104.7686;-959.04114;-2023.7622
1962-07-16;19.13733;-1.7296854;0.009955089;750.07886;1.506482;120.64011;0.0;-7.3453654e-25;99.99998;-7.345365e-21;0.0025808804;-1.2371;0.00013411045;0.85926056;0.85912645;0.0;0.0;6747.974;8222.59;-3245.7996;6952.8735;-859.3722;-2240.9421
1962-07-17;19.776102;3.6636047;0.009782155;751.40656;1.5184652;39.443886;0.0;-7.3453654e-25;99.99998;-7.345365e-21;0.0013411045;-1.1511035;5.9604645e-05;0.84006786;0.84000826;0.0;0.0;6529.767;7955.0713;-3056.456;7284.827;-799.6322;-2201.7278
1962-07-18;20.972778;4.3191123;0.0097516375;750.9338;1.413435;48.717106;0.0;-7.3453654e-25;99.99998;-7.345365e-21;0.001736138;-1.1689663;8.940697e-05;0.8215606;0.8214712;0.0;0.0;6687.6455;8145.5723;-3152.4539;7358.2896;-812.04114;-2191.3022
1962-07-19;21.915396;3.0978088;0.009951274;751.6555;1.0868815;65.42647;0.0;-7.3453654e-25;100.00259;-7.345365e-21;0.00085234636;-1.0774229;4.4703484e-05;0.8036345;0.8035898;0.0;0.0;5868.0254;7145.6934;-2870.2468;7721.2935;-748.45;-1766.8667
1962-07-20;22.487864;-0.19570923;0.009848277;751.8054;1.4569141;136.45287;0.0;-7.3453654e-25;99.99998;-7.345365e-21;0.0;-1.1623074;0.0;0.7863343;0.7863194;0.0;0.0;6764.151;8235.004;-3315.8477;7307.721;-807.4155;-2196.0566
1962-07-21;21.80133;-1.6837362;0.0100746155;750.1797;1.5627753;113.77826;0.0;-7.3453654e-25;99.99998;-7.345365e-21;0.00044107434;-1.098061;2.9802322e-05;0.7695854;0.76957047;0.0;0.0;6882.362;8377.04;-3477.5662;7027.441;-762.7867;-2322.34
1962-07-22;21.02189;-5.364746;0.009930928;750.2282;1.3852941;120.906075;0.0;-7.3453654e-25;99.99998;-7.345365e-21;0.0;-1.0697656;0.0;0.7534027;0.7534176;0.0;0.0;6982.866;8497.531;-3700.1003;6681.9434;-743.13;-2231.088
1962-07-23;21.033468;-1.9278971;0.01001358;751.42474;1.455255;104.00533;0.0;-7.3453654e-25;99.99998;-7.345365e-21;0.0008523463;-1.0461099;5.9604645e-05;0.7377565;0.7377118;0.0;0.0;6726.303;8183.443;-3341.7214;7093.574;-726.6989;-2231.0767
1962-07-24;21.59076;0.19536336;0.009841919;752.885;1.4571251;85.6959;0.0;-7.3453654e-25;99.99998;-7.345365e-21;0.00042617318;-1.052659;2.9802322e-05;0.7224679;0.72244555;0.0;0.0;6697.7812;8146.979;-3317.4368;7222.9443;-731.24664;-2236.2966
1962-07-25;21.613749;-0.27019247;0.010253906;752.9412;1.2432462;89.30673;0.0;-7.3453654e-25;99.99998;-7.345365e-21;0.002580463;-1.056783;0.00014901161;0.70774555;0.707604;0.0;0.0;6747.8516;8206.054;-3390.6355;7190.6924;-734.11224;-2202.5457
1962-07-26;20.56957;-3.5648396;0.009513855;753.195;1.489812;60.357273;0.0;-7.3453654e-25;99.99998;-7.345365e-21;0.0012960737;-1.0154228;5.9604645e-05;0.6932914;0.6932318;0.0;0.0;6806.203;8275.184;-3505.7786;6946.839;-705.3811;-2311.9077
1962-07-27;20.072989;1.7744039;0.009966533;752.78485;1.4571438;75.42168;0.0;-7.3453654e-25;99.99998;-7.345365e-21;0.00035762787;-0.94819254;0.0;0.67931414;0.67929924;0.0;0.0;6554.862;7967.7837;-3235.0498;7141.662;-658.6778;-2320.9744
1962-07-28;20.245493;0.25028482;0.0098775225;750.2812;1.3909758;109.88668;0.0;-7.3453654e-25;99.99998;-7.345365e-21;0.004227025;-0.9125527;0.00017881393;0.6659925;0.6658286;0.0;0.0;6337.7227;7702.1597;-3209.5933;7125.595;-633.92;-2243.1855
1962-07-29;19.342234;-0.1635844;0.009718577;750.512;1.4650888;152.41032;0.0;-7.3453654e-25;99.99998;-7.345365e-21;0.0;-0.90775263;0.0;0.65279007;0.65279007;0.0;0.0;6668.2607;8102.0054;-3373.1082;6867.223;-630.5856;-2483.5933
1962-07-30;18.919006;-4.3689475;0.009796143;752.89307;1.3040591;143.7885;0.0;-7.3453654e-25;99.99998;-7.345365e-21;0.0;-0.9145122;0.0;0.64011663;0.64011663;0.0;0.0;6832.055;8299.107;-3513.617;6670.899;-635.2811;-2381.909
1962-07-31;19.698008;-2.69929;0.009552002;753.25397;1.353231;124.53387;0.0;-7.3453654e-25;99.99998;-7.345365e-21;0.00041663804;-0.91178715;2.9802322e-05;0.6278008;0.6277859;0.0;0.0;6779.4087;8233.352;-3465.9893;6818.275;-633.38776;-2408.5945
1962-08-01;19.17035;-5.4647117;0.010131836;749.99615;1.2872927;173.10565;0.0;-7.3453654e-25;99.99998;-7.345365e-21;0.0017075826;-0.8830428;8.940697e-05;0.6159544;0.615865;0.0;0.0;6954.5024;8444.145;-3732.8872;6420.9546;-613.4211;-2351.2134
1962-08-02;18.845652;0.9899394;0.010073344;747.27155;1.3638223;177.21922;0.0;-7.3453654e-25;99.99998;-7.345365e-21;0.0004351138;-0.7623788;2.9802322e-05;0.6043911;0.6043613;0.0;0.0;5699.049;6918.327;-2770.344;7396.759;-529.5989;-2090.1033
1962-08-03;15.577107;5.3098855;0.00999705;748.75336;1.6498133;62.416946;0.0;-7.3453654e-25;99.99998;-7.345365e-21;0.43405592;-0.73851275;0.021144748;0.6144792;0.59334934;0.0;0.0;5315.73;6451.282;-2532.1611;7363.433;-513.0211;-2273.7366
1962-08-04;15.609009;4.0629783;0.010153453;751.67926;2.2031283;39.84686;0.0;-7.3453654e-25;99.99998;-7.345365e-21;0.01912117;-0.8745361;0.0009983778;0.5836785;0.5826652;0.0;0.0;6316.206;7663.901;-2886.4187;6954.9155;-607.5111;-2743.1055
1962-08-05;16.123291;2.2844036;0.010120392;751.1023;2.0664747;40.168945;0.0;-7.3453654e-25;99.99998;-7.345365e-21;0.0008523463;-0.8337274;4.4703484e-05;0.5721897;0.57215244;0.0;0.0;6658.791;8077.924;-3276.6995;6564.68;-579.16223;-2607.1277
1962-08-06;18.118845;1.4063925;0.0098177595;748.8235;1.5059215;99.02662;0.0;-7.3453654e-25;99.99998;-7.345365e-21;0.0006198883;-0.8298736;2.9802322e-05;0.561893;0.5618632;0.0;0.0;6291.271;7630.309;-3012.2961;7122.323;-576.48553;-2289.8022
1962-08-07;17.579336;2.341634;0.009829204;750.91034;1.1612595;91.706;0.0;-7.3453654e-25;99.99998;-7.345365e-21;0.15359521;-0.7722974;0.007227063;0.5591661;0.5519241;0.0;0.0;5710.661;6924.604;-2941.5771;7070.489;-536.49;-2060.3677
1962-08-08;18.343628;-1.2663599;0.009947459;754.0434;1.5518988;110.509346;0.0;-7.3453654e-25;99.99998;-7.345365e-21;0.0008523463;-0.85160506;4.4703484e-05;0.54228306;0.5422309;0.0;0.0;6506.426;7887.7524;-3337.0383;6736.1924;-591.5811;-2349.571
1962-08-09;18.573568;3.012675;0.010171254;755.75684;1.4249691;78.09736;0.0;-7.3453654e-25;99.99998;-7.345365e-21;0.00047683716;-0.8299481;1.4901161e-05;0.5327314;0.53270906;0.0;0.0;6468.4834;7840.017;-3228.9023;6973.9043;-576.5367;-2297.6943
1962-08-10;18.322886;2.7627258;0.010039012;753.96356;1.290619;65.090675;0.0;-7.3453654e-25;99.99998;-7.345365e-21;0.03800094;-0.7872181;0.001437962;0.5248636;0.5234331;0.0;0.0;6122.8135;7419.517;-3095.495;7089.0957;-546.85443;-2194.5566
1962-08-11;17.919556;-0.45638022;0.0098177595;750.60944;0.9975247;79.118095;0.0;-7.3453654e-25;99.99998;-7.345365e-21;0.16416907;-0.78238547;0.0080913305;0.5225688;0.5144626;0.0;0.0;5767.2017;6987.0933;-2922.0142;7216.25;-543.49664;-2066.9966
1962-08-12;18.312113;-5.475698;0.010119121;750.16064;1.257425;53.036854;0.0;-7.3453654e-25;99.99998;-7.345365e-21;0.0026051914;-0.8002063;0.00011920929;0.5058944;0.5057752;0.0;0.0;5697.9946;6901.782;-2988.7908;7095.729;-555.8772;-1955.5867
1962-08-13;18.417063;-7.009186;0.009905498;750.945;1.4938178;50.56459;0.0;-7.3453654e-25;99.99998;-7.345365e-21;0.001902964;-0.77878124;8.940697e-05;0.49740076;0.497289;0.0;0.0;6190.1694;7496.367;-3210.3232;6894.019;-540.99335;-2190.16
1962-08-14;18.305319;-4.2236733;0.010018666;750.3785;1.1054797;81.63891;0.0;-7.3453654e-25;99.99998;-7.345365e-21;0.0077247624;-0.6895251;0.00035762787;0.48941374;0.4890412;0.0;0.0;5372.077;6504.421;-2832.2302;7239.926;-478.99;-1847.21
1962-08-15;19.755106;-6.807607;0.009920756;750.60065;1.399794;135.91805;0.0;-7.3453654e-25;99.99998;-7.345365e-21;0.00044107434;-0.70816094;2.9802322e-05;0.4810989;0.4810542;0.0;0.0;5751.9766;6962.4033;-3096.4045;7003.4966;-491.93668;-1943.9523
1962-08-16;20.335012;-3.618693;0.01028951;752.5893;1.2327459;105.973694;0.0;-7.3453654e-25;99.99998;-7.345365e-21;0.011199713;-0.6404994;0.00055134296;0.47385693;0.47332048;0.0;0.0;4981.214;6028.7354;-2529.4482;7669.2;-444.93332;-1628.62
1962-08-17;20.425873;-1.3449503;0.010177612;753.61676;1.3625045;100.397026;0.0;-7.3453654e-25;99.99998;-7.345365e-21;0.009979331;-0.69863534;0.00044703484;0.46619773;0.46575814;0.0;0.0;5447.1543;6591.8984;-2752.5422;7543.824;-485.31888;-1902.63
1962-08-18;20.72641;-2.5311787;0.009847005;752.51636;1.3808656;122.93225;0.0;-7.3453654e-25;99.99998;-7.345365e-21;0.0;-0.7009357;0.0;0.45832992;0.458315;0.0;0.0;5642.001;6826.6924;-2979.6738;7320.223;-486.91666;-1918.4434
1962-08-19;19.283304;-3.588155;0.009960175;750.90063;1.5618175;168.49872;0.0;-7.3453654e-25;99.99998;-7.345365e-21;0.0012977916;-0.72053075;5.9604645e-05;0.45110285;0.45104325;0.0;0.0;6364.1743;7699.624;-3400.0342;6738.1655;-500.5289;-2353.3833
1962-08-20;18.036987;-0.9178365;0.009896596;748.4348;1.0642356;109.45672;0.0;-7.3453654e-25;99.99998;-7.345365e-21;0.0012099743;-0.630768;5.9604645e-05;0.4440248;0.4439652;0.0;0.0;5289.5244;6398.7847;-2788.0093;7234.483;-438.17334;-1813.1666
1962-08-21;17.184214;1.7774557;0.010292053;747.6265;1.4822153;164.7855;0.0;-7.3453654e-25;99.99998;-7.345365e-21;0.508368;-0.709516;0.024557114;0.46169758;0.43714046;0.0;0.0;5435.814;6574.8813;-2745.5627;7096.7007;-492.87778;-2182.2834
1962-08-22;16.848602;-1.6565043;0.010035197;749.0527;1.532754;171.38731;0.0;-7.3453654e-25;99.99998;-7.345365e-21;0.00047981727;-0.8114166;1.4901161e-05;0.43047965;0.43046474;0.0;0.0;6116.868;7397.776;-3108.9731;6656.759;-563.6633;-2381.73
1962-08-23;15.959503;-3.0761616;0.010112762;751.0925;1.3938298;188.04828;0.0;-7.3453654e-25;99.99998;-7.345365e-21;0.0008679071;-0.6853975;4.4703484e-05;0.42393804;0.42390078;0.0;0.0;6133.5034;7416.977;-3190.397;6482.8765;-476.12332;-2405.6956
1962-08-24;15.502482;-3.328725;0.009927114;753.64105;1.5118384;143.76907;0.0;-7.3453654e-25;99.99998;-7.345365e-21;0.0;-0.62451327;0.0;0.41750073;0.41750818;0.0;0.0;6093.146;7367.2427;-3153.9766;6454.1265;-433.8289;-2450.6277
1962-08-25;15.81367;-4.6345725;0.010421753;755.7351;1.4513432;127.37739;0.0;-7.3453654e-25;99.99998;-7.345365e-21;0.00042617318;-0.6457884;1.4901161e-05;0.41125715;0.4112348;0.0;0.0;6151.8;7437.2837;-3243.465;6459.656;-448.6089;-2273.381
1962-08-26;17.415426;-1.2798563;0.01010259;756.89594;1.1120008;57.684895;0.0;-7.3453654e-25;99.99998;-7.345365e-21;0.001715276;-0.6772243;8.940697e-05;0.40516257;0.40507317;0.0;0.0;5907.898;7141.6;-3229.7507;6734.8525;-470.44556;-1891.7134
1962-08-27;17.98757;-0.34055582;0.009957631;755.43414;1.4202915;47.543392;0.0;-7.3453654e-25;99.99998;-7.345365e-21;0.0;-0.66680276;0.0;0.3990382;0.3990382;0.0;0.0;5993.199;7243.8906;-3176.7468;6839.028;-463.20557;-2069.9978
1962-08-28;18.958872;-1.8773702;0.009813945;754.11255;1.1705098;60.615032;0.0;-7.3453654e-25;99.99998;-7.345365e-21;0.0012904402;-0.6604362;5.9604645e-05;0.39321184;0.39313734;0.0;0.0;5631.3916;6805.807;-3012.322;7114.151;-458.78223;-1861.18
1962-08-29;18.834219;-4.338491;0.009967804;753.3941;1.462757;105.15222;0.0;-7.3453654e-25;99.99998;-7.345365e-21;0.0030159936;-0.65623593;0.00013411045;0.3875196;0.38737804;0.0;0.0;5948.207;7187.7056;-3331.8071;6704.9966;-455.86444;-1983.8434
1962-08-30;18.259827;-0.30655923;0.009816487;752.4847;1.3490801;94.0765;0.0;-7.3453654e-25;99.99998;-7.345365e-21;0.0011197262;-0.59971213;4.4703484e-05;0.38182735;0.38176775;0.0;0.0;5540.224;6693.8555;-3020.0017;6911.932;-416.6;-1942.0823
1962-08-31;18.132883;-3.7910461;0.00972112;752.08813;1.2983185;163.71007;0.0;-7.3453654e-25;99.99998;-7.345365e-21;0.0017225739;-0.6337278;8.940697e-05;0.37637353;0.37629157;0.0;0.0;5922.7793;7155.2983;-3283.4329;6666.7124;-440.23;-2023.1
1962-09-01;17.885782;-3.164154;0.010040283;752.83624;1.2950075;137.36755;0.0;-7.3453654e-25;99.99998;-7.345365e-21;0.0008583069;-0.6128;4.4703484e-05;0.3709644;0.3709346;0.0;0.0;5916.9062;7147.366;-3334.4954;6540.2134;-425.6911;-2039.0311
1962-09-02;17.698984;-3.7408447;0.009899139;752.4409;1.4454995;212.40303;0.0;-7.3453654e-25;99.99998;-7.345365e-21;0.0;-0.58410877;0.0;0.3657043;0.3657043;0.0;0.0;5891.083;7115.3394;-3329.7966;6428.302;-405.7611;-2051.7212
1962-09-03;16.149832;-1.5354208;0.0099436445;752.1177;1.4103923;86.61137;0.0;-7.3453654e-25;99.99998;-7.345365e-21;0.0;-0.5790479;0.0;0.3605932;0.3605932;0.0;0.0;5739.331;6931.171;-3148.7234;6582.568;-402.24445;-2061.2068
1962-09-04;14.928558;-0.0099487305;0.010117848;750.99414;1.4516345;94.39103;0.0;-7.3453654e-25;99.99998;-7.345365e-21;0.001975894;-0.55045074;8.940697e-05;0.35569072;0.35559386;0.0;0.0;5694.396;6876.0034;-3108.4373;6491.961;-382.38;-2140.9146
1962-09-05;15.361176;-0.26577887;0.009822845;751.5676;1.3380837;101.08103;0.0;-7.3453654e-25;99.99998;-7.345365e-21;0.0022053719;-0.5523339;8.940697e-05;0.35080314;0.35069883;0.0;0.0;5605.979;6768.497;-3078.0337;6547.351;-383.68777;-2043.4078
1962-09-06;16.154257;-3.0661519;0.010139465;751.9714;1.2880888;127.742485;0.0;-7.3453654e-25;99.99998;-7.345365e-21;0.0004351138;-0.5659126;1.4901161e-05;0.34594536;0.345923;0.0;0.0;5667.933;6842.4956;-3200.2327;6456.5776;-393.12112;-1971.419
1962-09-07;15.779114;-11.104878;0.009944916;751.7168;1.3537873;122.756004;0.0;-7.3453654e-25;99.99998;-7.345365e-21;0.001293426;-0.55590457;5.9604645e-05;0.3413111;0.3412515;0.0;0.0;5763.8955;6957.485;-3469.2322;6056.1953;-386.1678;-1893.2345
1962-09-08;15.606171;-7.4465714;0.009909312;753.86914;1.1446965;78.33003;0.0;-7.3453654e-25;99.99998;-7.345365e-21;0.0026285644;-0.5546194;0.00011920929;0.33679605;0.3366843;0.0;0.0;5547.646;6695.641;-3191.466;6398.985;-385.27554;-1792.4811
1962-09-09;16.839203;-7.0083313;0.009782155;754.17584;1.2989774;178.7499;0.0;-7.3453654e-25;99.99998;-7.345365e-21;0.00044107434;-0.5526897;1.4901161e-05;0.3322363;0.33219904;0.0;0.0;5589.0938;6744.884;-3243.8247;6395.5977;-383.935;-1828.3267
1962-09-10;16.69393;-6.356608;0.010158539;751.75653;1.4786644;165.277;0.0;-7.3453654e-25;99.99998;-7.345365e-21;0.0004351138;-0.50865483;1.4901161e-05;0.32785535;0.32784045;0.0;0.0;5284.4243;6376.536;-2965.9038;6633.3076;-353.34555;-1820.2245
1962-09-11;13.486836;-3.0139058;0.010487874;747.1829;1.72717;192.01201;0.0;-7.3453654e-25;99.99998;-7.345365e-21;0.5971085;-0.56353396;0.028207898;0.35184622;0.32363832;0.0;0.0;5142.1074;6204.0605;-2878.922;6318.737;-391.46777;-2100.1577
1962-09-12;10.44756;-6.838938;0.010075887;747.73834;1.2869334;171.81683;0.0;-7.3453654e-25;99.99998;-7.345365e-21;0.0;-0.60479903;0.0;0.3195554;0.3195703;0.0;0.0;5541.3574;6684.8994;-3200.8752;5697.0156;-420.13443;-2130.3945
1962-09-13;10.823151;-6.38677;0.009901683;749.8408;1.1361257;114.79892;0.0;-7.3453654e-25;99.99998;-7.345365e-21;0.0021414354;-0.5533136;0.00010430813;0.3156215;0.3155321;0.0;0.0;5415.838;6532.6816;-3118.0442;5871.4863;-384.36777;-1970.4089
1962-09-14;10.91808;-5.0763245;0.009942372;750.83374;1.2421404;57.054916;0.0;-7.3453654e-25;99.99998;-7.345365e-21;0.033041835;-0.4894538;0.0014156103;0.3129989;0.31158328;0.0;0.0;5130.5273;6187.777;-2885.4563;6118.7983;-340.00665;-1889.2733
1962-09-15;13.582042;-4.9463806;0.009961446;749.90717;1.0818137;83.10264;0.0;-7.3453654e-25;99.99998;-7.345365e-21;0.0030271485;-0.50358105;0.00013411045;0.307858;0.30771643;0.0;0.0;4944.021;5962.1294;-2756.6152;6512.0957;-349.8211;-1627.3147
1962-09-16;12.785187;-3.0021362;0.0100364685;748.84204;1.3894612;107.87494;0.0;-7.3453654e-25;99.99998;-7.345365e-21;0.08385189;-0.47050416;0.003874302;0.3077984;0.30392408;0.0;0.0;4784.3716;5764.447;-2616.9976;6611.9478;-326.84445;-1723.1633
1962-09-17;10.753204;2.504181;0.009869893;750.14453;1.2904936;65.337105;0.0;-7.3453654e-25;99.99998;-7.345365e-21;0.55907667;-0.5142503;0.025436282;0.32570958;0.3002882;0.0;0.0;4130.231;4971.77;-2155.219;6954.411;-357.2322;-1738.6644
1962-09-18;10.772969;0.80736285;0.009895325;752.08344;1.6619253;45.59869;0.0;-7.3453654e-25;99.99998;-7.345365e-21;0.0038367594;-0.5508186;0.00017881393;0.29689074;0.29671937;0.0;0.0;4801.7324;5775.411;-2554.8704;6471.0757;-382.635;-1958.6478
1962-09-19;11.182465;-1.6218872;0.01000468;751.9721;1.2644727;58.17984;0.0;-7.3453654e-25;99.99998;-7.345365e-21;0.0;-0.5312357;0.0;0.29316545;0.29316545;0.0;0.0;5119.9062;6152.773;-2951.8916;6087.6523;-369.0311;-1767.0
1962-09-20;12.07838;-2.9436035;0.010014852;750.9931;1.2827659;78.29569;0.0;-7.3453654e-25;99.99998;-7.345365e-21;0.004541873;-0.49541238;0.00017881393;0.2898276;0.28966367;0.0;0.0;4971.6978;5969.461;-2821.2131;6305.427;-344.14777;-1701.7245
1962-09-21;11.340007;-1.8982645;0.0099817915;749.398;1.1116836;79.59095;0.0;-7.3453654e-25;99.99998;-7.345365e-21;0.5034238;-0.48800558;0.023499131;0.30973554;0.2862364;0.0;0.0;4695.9307;5633.46;-2638.8225;6444.088;-339.0011;-1660.2877
1962-09-22;10.539764;-0.40364584;0.009552002;749.4965;1.0633221;83.43859;0.0;-7.3453654e-25;99.99998;-7.345365e-21;0.31536222;-0.6457474;0.014737248;0.2976805;0.28294325;0.0;0.0;4238.342;5080.083;-2363.7031;6586.848;-448.5789;-1488.9978
1962-09-23;12.126424;-3.6646526;0.009827931;751.7932;1.189243;127.02866;0.0;-7.3453654e-25;99.99998;-7.345365e-21;0.33140182;-0.6277226;0.015690923;0.29537082;0.2796948;0.0;0.0;4684.06;5609.4287;-2718.1943;6280.1143;-436.05777;-1555.7578
1962-09-24;12.60202;-6.4437866;0.009979248;755.71893;1.2689494;88.34768;0.0;-7.3453654e-25;99.99998;-7.345365e-21;0.0;-0.6544776;0.0;0.27647614;0.27646124;0.0;0.0;4976.9263;5954.9624;-2928.9272;6115.73;-454.64444;-1532.6812
1962-09-25;13.18633;-4.8015037;0.00969696;758.9257;1.3022386;54.978138;0.0;-7.3453654e-25;99.99998;-7.345365e-21;0.0012814999;-0.5773846;5.9604645e-05;0.2733171;0.27326494;0.0;0.0;4943.71;5910.1133;-2958.4333;6193.3047;-401.09;-1460.6289
1962-09-26;13.451579;-4.7731423;0.009922028;757.50415;1.2375467;47.104916;0.0;-7.3453654e-25;99.99998;-7.345365e-21;0.0004351138;-0.5190242;1.4901161e-05;0.27012825;0.2701208;0.0;0.0;4919.3623;5875.933;-2971.565;6217.148;-360.5489;-1465.6333
1962-09-27;13.945201;-6.611094;0.010064443;754.99;1.0490738;171.22925;0.0;-7.3453654e-25;99.99998;-7.345365e-21;0.00410676;-0.46900845;0.0001937151;0.26723742;0.2670288;0.0;0.0;4652.6646;5552.5474;-2877.6184;6309.359;-325.80444;-1353.3778
1962-09-28;13.248108;-8.698975;0.010278066;756.12506;1.3352255;168.76604;0.0;-7.3453654e-25;99.99998;-7.345365e-21;0.0012964029;-0.4291283;5.9604645e-05;0.26409328;0.26401877;0.0;0.0;4818.6455;5745.6826;-2985.5322;6040.007;-298.1011;-1601.8656
1962-09-29;12.777283;-10.381938;0.009880066;757.65405;1.1744951;162.90895;0.0;-7.3453654e-25;99.99998;-7.345365e-21;0.0012874597;-0.42768753;5.9604645e-05;0.26114285;0.26108325;0.0;0.0;4906.8525;5845.809;-3124.605;5854.656;-297.1;-1455.6211
1962-09-30;12.449687;-8.198436;0.009915669;757.0109;1.1850545;104.3819;0.0;-7.3453654e-25;99.99998;-7.345365e-21;0.0063657756;-0.42396784;0.00031292439;0.25850534;0.25817752;0.0;0.0;4593.8867;5468.291;-2872.7888;6187.5083;-294.51666;-1342.1145
1962-10-01;12.778157;-8.975474;0.009920756;756.48193;1.1794146;106.03181;0.0;-7.3453654e-25;99.99998;-7.345365e-21;0.0012898645;-0.4015472;5.9604645e-05;0.2554059;0.25533885;0.0;0.0;4476.3237;5323.761;-2785.3206;6238.8135;-278.9411;-1368.3878
1962-10-02;12.539714;-12.338063;0.01024882;756.02167;1.2186934;130.06511;0.0;-7.3453654e-25;99.99998;-7.345365e-21;0.0012993806;-0.39943868;5.9604645e-05;0.2526194;0.25255233;0.0;0.0;4720.4546;5609.1665;-3078.6216;5840.3276;-277.47665;-1426.1633
1962-10-03;12.377777;-11.4591875;0.010065715;755.86957;1.1418022;102.9334;0.0;-7.3453654e-25;99.99998;-7.345365e-21;0.00042617318;-0.41269326;1.4901161e-05;0.24983287;0.24981052;0.0;0.0;4695.183;5574.3354;-2994.245;5971.074;-286.68332;-1390.3188
1962-10-04;11.570282;-15.24657;0.01020813;755.5909;1.1900848;184.39552;0.0;-7.3453654e-25;99.99998;-7.345365e-21;0.00044107434;-0.37876052;1.4901161e-05;0.24715066;0.24712086;0.0;0.0;4796.1;5689.2695;-3231.7844;5505.4346;-263.1122;-1433.1978
1962-10-05;10.731323;-13.593677;0.010041554;755.21344;1.1252595;224.60278;0.0;-7.3453654e-25;99.99998;-7.345365e-21;0.02877892;-0.35957155;0.0014305115;0.24592876;0.24449825;0.0;0.0;4514.1196;5350.261;-2851.1978;5858.418;-249.78223;-1412.6566
1962-10-06;9.649414;-5.4509177;0.0100364685;754.1337;1.2755824;227.03664;0.0;-7.3453654e-25;99.99998;-7.345365e-21;0.90384483;-0.32243505;0.044986606;0.28696656;0.24199486;0.0;0.0;2876.318;3406.2488;-1713.3033;6903.7485;-223.98445;-1026.8855
1962-10-07;11.199971;-8.536763;0.010299683;753.5025;1.1631466;147.06087;0.0;-7.3453654e-25;99.99998;-7.345365e-21;0.0069260597;-0.69191957;0.00032782555;0.23984909;0.23952127;0.0;0.0;4334.7207;5128.7646;-2506.6597;6247.2812;-480.65277;-1422.9033
1962-10-08;9.331492;-5.083944;0.009915669;752.70905;1.2628502;162.82397;0.0;-7.3453654e-25;99.99998;-7.345365e-21;2.4167042;-0.5404502;0.13042986;0.36752224;0.23709238;0.0;0.0;3870.95;4576.15;-1994.31;6599.7905;-375.43332;-1475.3556
1962-10-09;6.5764365;0.97181195;0.0099105835;748.2016;1.2782545;232.56682;0.0;-7.3453654e-25;99.99998;-7.345365e-21;1.8993795;-1.1324128;0.09396672;0.32874942;0.2347827;0.0;0.0;4010.863;4737.5234;-2013.6858;6387.1865;-786.64886;-1472.6978
1962-10-10;3.85849;2.2422588;0.009895325;745.4914;0.82585144;240.37929;0.0;-7.3453654e-25;99.99998;-7.345365e-21;8.210456;-1.1358727;0.48333406;0.7159114;0.23259223;0.0;0.0;2542.7244;3000.865;-1287.0475;6676.8433;-789.05225;-908.1989
1962-10-11;3.7440593;-9.366894;-0.9609477;752.64886;1.0793478;58.0123;0.0034993489;7.947286e-07;106.63898;-7.345365e-21;0.0040437626;-1.6374364;0.00014901161;0.23058057;0.23040175;0.000173226;0.0007301569;4420.2974;5212.25;-2593.2744;5330.9814;-1137.4734;-1286.7322
1962-10-12;4.83198;-10.892507;-1.4442838;753.9678;1.0860187;152.01567;0.0028483074;3.1789145e-07;109.35935;-7.345365e-21;0.0008642673;-1.3184613;5.2154064e-05;0.22822618;0.22815913;0.0001527369;0.0;4519.6523;5324.829;-2821.8762;4962.588;-915.8922;-921.11664
1962-10-13;5.7581077;-6.0670877;-1.0674921;752.5754;1.0437697;192.86717;0.001953125;-7.3453654e-25;109.35935;-7.345365e-21;0.0;-1.1740783;1.4901161e-05;0.22596121;0.22596121;0.00015646219;0.0;4305.2505;5067.8936;-2443.9895;5511.858;-815.5933;-1055.87
1962-10-14;4.6681724;-1.5917562;-0.3695717;751.53174;1.0240713;230.98177;0.0009765625;-7.3453654e-25;109.35935;-7.345365e-21;5.6674633;-1.0162294;0.35201013;0.5758256;0.22383034;0.00010617077;0.0;3382.6746;3978.4878;-1590.7461;6461.093;-705.9411;-1110.2156
1962-10-15;4.0088096;-1.1965637;-4.847757;751.1663;0.9307394;192.61237;0.00056966144;-7.3453654e-25;115.52146;-7.345365e-21;0.16470253;-1.1437032;0.008523464;0.23032725;0.22180378;8.195639e-05;4.4703484e-05;3079.7961;3619.139;-1900.211;5937.6104;-794.49335;-822.2222
1962-10-16;4.6982217;-2.1079304;-6.9928665;751.13184;0.98088735;241.01526;0.0;-7.3453654e-25;132.5576;-7.345365e-21;0.002148975;-1.1207359;0.00011920929;0.21988153;0.21976978;4.8428774e-05;0.0;3784.8723;4446.317;-2184.304;5662.561;-778.5378;-977.8611
1962-10-17;4.633474;-3.0014038;-6.444196;752.4897;1.1758889;210.32335;0.0;-7.3453654e-25;132.63734;-7.345365e-21;0.004201318;-1.0083532;0.00020861626;0.21795928;0.21775067;2.4214387e-05;0.0;3550.6406;4169.8354;-2012.9523;5822.7275;-700.4689;-921.07666
1962-10-18;5.8428955;-0.35453287;-3.5468369;753.78986;0.96259004;237.13387;0.0;-7.3453654e-25;111.6699;-7.345365e-21;0.70776343;-1.0698242;0.035077333;0.25084615;0.21578372;1.6763806e-05;0.0;3655.73;4291.9033;-1839.8855;6202.947;-743.1711;-1062.28
1962-10-19;6.768463;-1.4529114;-1.8812014;754.31854;1.0094124;269.28012;0.0;-7.3453654e-25;106.8102;-7.345365e-21;0.11840836;-1.0659834;0.005878508;0.21970272;0.21381676;5.5879354e-06;0.0;3774.0605;4429.3735;-2151.4543;5913.318;-740.5028;-976.57556
1962-10-20;7.5089517;-1.916626;-0.65664166;754.42804;1.1830742;261.46988;0.0;-7.3453654e-25;103.00226;-7.345365e-21;0.012334102;-1.0389434;0.0006109476;0.21249056;0.21187961;1.8626451e-06;0.0;3866.4521;4536.4487;-2193.3022;5918.326;-721.7194;-988.38556
1962-10-21;7.3928123;-1.6921692;-0.26919174;751.88055;1.4393454;245.84668;0.0;-7.3453654e-25;100.49835;-7.345365e-21;0.24533123;-0.9827064;0.011965632;0.22190809;0.20995736;0.0;0.0;3845.1345;4510.0835;-2130.3816;6017.801;-682.6528;-1022.85223
1962-10-22;4.135183;0.22960408;0.010075887;751.1663;0.8819606;177.9038;0.0;1.1920929e-07;99.99998;-7.345365e-21;7.442623;-0.9379331;0.4569441;0.6650686;0.20812452;0.0;0.0028684735;2605.6917;3055.2344;-1332.7994;6576.519;-651.5511;-803.2844
1962-10-23;3.255605;-2.0209656;-0.71616364;751.3984;0.86019987;106.16034;0.10359701;1.5417734e-05;108.88898;-7.345365e-21;0.8030236;-1.2825737;0.042527914;0.2488792;0.20636618;0.00561215;0.00043213367;3327.9773;3903.4512;-1866.8567;5955.914;-890.9656;-958.1533
1962-10-24;3.4154866;-4.515208;-1.2154604;750.83905;0.9886236;109.14596;0.07397461;1.0887782e-05;109.4531;-7.345365e-21;0.0012993806;-1.0865489;0.0003427267;0.20492077;0.20456314;0.0039301813;0.0;3763.9268;4412.359;-2349.5894;5346.3745;-754.79553;-847.6778
1962-10-25;2.6770427;-3.6987305;-1.0015589;752.10443;1.0448056;82.75033;0.051513672;7.669131e-06;109.4531;-7.345365e-21;0.0777781;-0.8965833;0.0038594007;0.2066791;0.2028048;0.0031087548;0.0;3245.7412;3803.1245;-1919.7766;5748.0596;-622.83;-769.3822
1962-10-26;2.9581501;-2.861674;-0.9979808;753.6733;0.99004894;78.3592;0.033610027;4.887581e-06;109.4531;-7.345365e-21;0.6566286;-0.93116987;0.033304095;0.23439527;0.20109117;0.0023823231;0.0;3264.96;3824.0933;-1977.3955;5696.971;-646.85223;-727.4422
1962-10-27;3.8297527;-3.488678;-1.0280813;756.72906;1.0986748;124.841576;0.020345053;2.7020772e-06;109.4531;-7.345365e-21;0.0020444393;-0.90703;0.00022351742;0.19960105;0.19938499;0.0017080456;0.0;3353.0667;3925.838;-1952.6827;5769.102;-630.0856;-809.93555
1962-10-28;5.4706626;-2.9309795;-0.93557614;757.6411;1.0813941;106.520256;0.011067708;1.3510386e-06;109.4531;-7.345365e-21;0.0007778405;-0.94399226;0.00011920929;0.19779801;0.1976788;0.0010989606;0.0;3661.3066;4285.282;-2162.4995;5707.709;-655.7611;-699.23224
1962-10-29;6.4976296;-5.6044617;-0.84761304;756.53107;1.0516297;130.40367;0.0056152344;9.536743e-07;109.4531;-7.345365e-21;0.0021398063;-0.9622388;0.00014901161;0.19612908;0.19598007;0.00059232116;0.0;3652.5718;4273.6235;-2159.0483;5780.951;-668.435;-679.8478
1962-10-30;7.187195;-6.156128;-0.6678327;754.6631;1.0753727;80.73285;0.002766927;3.5762787e-07;109.4531;-7.345365e-21;0.075760484;-0.93974733;0.0037550926;0.19806623;0.19429624;0.00032410026;0.0;3445.6821;4030.1934;-2020.7089;6035.602;-652.8122;-630.23114
1962-10-31;6.445048;-7.6899924;-0.8874512;753.81415;1.1814803;84.33306;0.001953125;-7.3453654e-25;109.4531;-7.345365e-21;0.00042617318;-0.8058278;2.9802322e-05;0.19268692;0.19264966;0.00014714897;0.0;2957.4927;3458.0955;-2078.1978;5850.213;-559.7822;-495.44778
1962-11-01;5.3755493;-5.9114175;-0.94053775;754.22577;1.0823957;99.61862;0.0006510417;-7.3453654e-25;109.4531;-7.345365e-21;0.007212162;-0.7504178;0.00032782555;0.19136071;0.19103289;8.009374e-05;0.0;3278.8223;3832.699;-2105.6677;5783.778;-521.29;-626.12
1962-11-02;4.671621;-4.388987;-0.8857282;752.8447;1.0422981;98.2948;0.0;-7.3453654e-25;109.4531;-7.345365e-21;0.43753684;-0.7193312;0.02130866;0.21074712;0.18944591;3.7252903e-05;0.0;3255.8188;3804.5278;-2079.5728;5782.6035;-499.69556;-648.25
1962-11-03;4.3105264;-4.318634;-0.92414856;751.21967;0.9655574;186.33289;0.0;-7.3453654e-25;108.20441;-7.345365e-21;1.1027396;-0.70727336;0.060111284;0.24800003;0.18790364;1.8626451e-05;0.0;3062.91;3578.0012;-1894.7261;5870.8594;-491.31888;-693.4733
1962-11-04;3.8124695;-4.561096;-1.0605011;750.98804;1.159042;251.35321;0.0;-7.3453654e-25;106.62433;-7.345365e-21;0.22343993;-0.63607097;0.010728836;0.19711256;0.18638372;9.313226e-06;0.0;3292.2922;3844.7644;-2031.6533;5668.689;-441.85666;-833.6633
1962-11-05;2.3775737;-0.22982788;-0.861749;750.70844;0.6545271;197.51143;1.2739258;0.00015918414;119.06964;1.5869141;14.445681;-0.9673713;0.96461177;1.1495501;0.18495321;0.05193241;0.22711977;1875.2811;2216.2322;-867.18445;6749.4287;-671.98224;-422.65112
1962-11-06;0.7207947;-0.06166585;-0.52069473;749.67194;0.64233404;194.04399;22.548096;0.003332615;141.83527;22.786459;14.201239;-0.6672889;0.8536279;1.0371953;0.1835823;1.1996627;4.5900455;956.98224;1374.1511;-322.02277;7171.6226;-463.19446;-378.64
1962-11-07;1.1221924;-1.9354349;-2.668967;750.5627;0.8205537;214.57658;20.67041;0.003074805;150.63214;20.426432;0.13071299;-0.7773805;0.08815527;0.27036667;0.18221885;0.8966476;0.00058859587;1921.3284;2590.6333;-1053.77;6424.385;-540.9667;-487.8689
1962-11-08;0.39824423;-3.3222148;-3.4290798;750.8859;0.7582369;188.54242;15.759277;0.0023506482;150.86522;16.15397;0.20496058;-0.71720684;0.06747246;0.24831295;0.18084049;0.6235801;0.002477318;2038.9745;2634.341;-1166.1267;6278.7114;-500.05334;-596.50555
1962-11-09;-0.29995728;-1.1681722;-1.0563864;749.9177;0.9060537;204.43806;20.85254;0.0032446783;149.3701;21.280924;7.690415;-0.73871297;0.34156442;0.5210638;0.17950684;0.7479377;3.7981756;1247.1733;1632.6189;-397.22833;7011.351;-514.3411;-502.02222
1962-11-10;-0.72248334;-6.201355;-8.24158;752.32465;0.7203617;116.28184;50.829834;0.0072364807;142.24379;51.188152;2.1849422;-0.61446893;0.13370812;0.3118962;0.17818809;1.403138;2.1247752;2175.969;3910.2234;-1868.3545;4996.836;-428.37888;-298.8589
1962-11-11;1.240743;-8.256564;-7.971556;753.4947;1.010021;92.310646;39.986084;0.005955855;150.50128;39.99837;0.0017242591;-0.633128;0.1373142;0.31417608;0.17686933;1.4411304;0.0;2420.1023;3775.5889;-1773.8706;5199.0396;-441.4811;-213.72778
1962-11-12;1.1939291;-7.9618735;-8.193547;752.4192;0.99547607;57.591198;30.164389;0.004488627;150.85805;29.785156;0.0;-0.7390976;0.14092028;0.31647086;0.17554313;1.4628302;0.0;2646.9539;3789.0222;-1901.7633;5191.2725;-514.3555;-244.26445
1962-11-13;1.5674438;-5.1295066;-7.492986;752.2171;1.0135894;66.913414;21.717773;0.0032353401;151.11652;21.362305;0.0025784748;-0.6835116;0.10934472;0.2835989;0.17425418;1.1238717;0.0;2590.1416;3470.0588;-1819.8761;5377.5225;-474.99112;-260.9222
1962-11-14;2.0282795;-3.9841206;-5.2854333;751.5684;0.93296057;70.601006;14.893311;0.002213915;151.30792;14.933269;0.031086802;-0.74750185;0.09530783;0.2682805;0.17296523;0.9549558;0.0;2692.8594;3440.22;-1571.2222;5823.2505;-519.415;-329.21222
1962-11-15;1.4310201;-3.8563945;-4.9783325;752.54706;1.0591172;36.550213;9.746663;0.0014493862;151.45473;9.806315;0.0054240227;-0.8636918;0.063210726;0.2349317;0.17170608;0.6427504;0.001013279;2510.1394;3091.669;-1488.3306;5961.395;-600.9533;-505.76
1962-11-16;0.8235372;-4.4180703;-6.412379;752.78265;1.0724351;49.98791;6.2920737;0.0009356737;151.48436;6.0628257;0.0021487474;-0.8709971;0.041775405;0.21224469;0.17046928;0.4267916;0.0012889504;2835.3567;3418.0579;-1863.5161;5517.7417;-605.4378;-544.2833
1962-11-17;2.6268818;-4.287272;-7.7578735;753.76733;0.9410887;113.034935;3.9997559;0.0005944173;151.52765;4.231771;0.0008523463;-0.7757107;0.027820468;0.19705296;0.16923994;0.28488225;0.0;2943.8416;3501.5022;-2047.8794;5303.331;-538.87445;-306.69556
1962-11-18;3.7215168;-3.2359416;-7.013059;755.4404;1.0135897;86.150856;2.4260254;0.00035933653;151.56053;2.726237;0.0004351138;-0.8085817;0.019863248;0.18790364;0.16803294;0.20465814;0.0;3010.5156;3548.631;-2071.456;5400.5967;-561.6911;-244.24445
1962-11-19;4.104492;-5.193878;-6.9449897;755.9992;1.0211445;60.13676;1.4026693;0.00020750363;151.57909;1.4241537;0.00085532654;-0.76156855;0.011578202;0.1784265;0.1668334;0.11961162;0.0;2789.5088;3269.7634;-1973.7994;5512.797;-529.0467;-157.62889
1962-11-20;3.8523254;-5.9238687;-7.697142;755.7803;0.9787652;60.81073;0.82560223;0.00012234847;151.59113;0.9765625;0.0012904402;-0.7212609;0.0063329935;0.1720041;0.16566366;0.065231696;0.0;2651.3716;3097.7578;-1996.5684;5403.697;-501.0489;-152.35889
1962-11-21;3.1181946;-4.923655;-8.061497;756.38226;0.998048;83.99504;0.48234048;7.168452e-05;151.59894;0.44759116;0.0;-0.7442003;0.0039488077;0.16845763;0.16450882;0.041492283;0.0;2969.0005;3462.6555;-2157.9177;5233.672;-516.9767;-260.36557
1962-11-22;2.883189;-5.0916343;-8.161441;757.8286;1.1329705;35.62852;0.27677408;4.140536e-05;151.60155;-7.345365e-21;0.0004351138;-0.7244926;0.0022798777;0.16565621;0.16336888;0.023823231;0.0;2954.3867;3441.9055;-2191.9895;5170.6274;-503.2811;-221.96889
1962-11-23;1.4257303;-5.8397217;-9.252414;758.1043;1.5069132;28.912394;0.16243489;2.459685e-05;151.60219;-7.345365e-21;0.0008612871;-0.67114925;0.001244247;0.16348064;0.16224384;0.0125635415;0.0;2950.206;3434.9246;-2305.7417;4915.452;-466.22888;-290.04224
1962-11-24;1.3206482;-8.593475;-10.051338;757.0906;1.2362939;34.68002;0.10107422;1.5258789e-05;151.60936;-7.345365e-21;0.002998112;-0.5269488;0.0008493662;0.16200542;0.16114861;0.006891787;0.0;2954.5327;3438.7878;-2371.2656;4795.6357;-366.06223;-259.40112
1962-11-25;0.6989136;-9.563771;-10.816251;755.3549;1.3970222;31.57583;0.06616211;1.0053317e-05;151.60936;-7.345365e-21;0.00085234636;-0.4513301;0.00043958426;0.16053021;0.16008317;0.004053116;0.0;2953.8984;3437.32;-2458.2383;4628.7114;-313.53223;-268.77
1962-11-26;-0.34737143;-7.5917664;-10.614297;754.2072;1.1237835;42.848576;0.044677734;6.755193e-06;151.60936;-7.345365e-21;0.00044107434;-0.29288048;0.00028312206;0.15932322;0.15904754;0.0026058406;0.0;2903.1433;3377.588;-2347.0872;4705.1494;-203.4589;-407.3811
1962-11-27;-0.30637613;-9.084401;-10.410038;753.909;0.94688493;52.045094;0.030273438;4.529953e-06;151.60936;-7.345365e-21;0.00086128706;-0.31032693;0.00022351742;0.15826523;0.15802681;0.0018347055;0.0;2853.6016;3319.7622;-2264.845;4809.4688;-215.57666;-354.28778
1962-11-28;-1.5382385;-8.917664;-10.169387;752.1672;0.95199496;47.314556;0.020914713;3.2583873e-06;151.60936;-7.345365e-21;0.00042617318;-0.23246276;0.00011920929;0.15714765;0.15702099;0.0010281801;0.0;2737.4844;3184.3533;-2180.9617;4863.093;-161.48833;-475.70444
1962-11-29;-1.6964111;-9.151123;-10.81078;751.0516;0.79311657;70.25095;0.014241536;2.304713e-06;151.60936;-7.345365e-21;0.00042319295;-0.27954018;8.940697e-05;0.15613437;0.15603751;0.0007096678;0.0;2803.9434;3261.4878;-2293.0627;4728.6333;-194.19112;-462.35666
1962-11-30;-0.7767537;-8.101758;-10.566315;752.7796;0.8169063;143.98225;0.010498047;1.9073486e-06;151.60936;-7.345365e-21;0.00042617318;-0.26748982;8.195639e-05;0.15513599;0.15505403;0.00055879354;0.0;2730.4146;3175.7922;-2236.9717;4814.4565;-185.81778;-394.2011
1962-12-01;-0.38370767;-6.3788047;-10.758472;752.948;0.7701881;267.42538;0.008544922;1.2318293e-06;151.60936;-7.345365e-21;0.00042617318;-0.2613291;7.4505806e-05;0.15415251;0.15409291;0.0003837049;0.0;2763.912;3214.5457;-2275.1284;4767.8936;-181.5389;-405.81668
1962-12-02;-0.07784017;-7.792979;-10.322751;753.37726;0.7919028;260.56876;0.0065104165;9.536743e-07;151.60936;-7.345365e-21;0.00086426723;-0.2604183;8.940697e-05;0.15322864;0.15313178;0.00025704503;0.0;2657.7317;3090.8845;-2180.8284;4873.5557;-180.90445;-363.16
1962-12-03;0.558136;-5.8529053;-8.882294;753.9417;0.8401261;110.212395;0.0036621094;4.3710074e-07;151.60936;-7.345365e-21;0.00044107434;-0.27752668;5.9604645e-05;0.15224516;0.15219301;0.0002682209;0.0;2644.936;3075.8467;-2000.7716;5175.7153;-192.78778;-318.1011
1962-12-04;0.61291504;-4.2989807;-8.856328;751.08405;0.8255832;160.43869;0.0023600261;-7.3453654e-25;151.60936;-7.345365e-21;0.0017106531;-0.29032862;0.00013411045;0.1513958;0.15125424;0.00014901161;0.0;2501.5005;2908.929;-1966.7739;5188.824;-201.6811;-277.36667
1962-12-05;-2.310089;-3.7476094;-5.3253274;746.99146;0.9972765;204.76732;36.31706;0.007354776;133.96906;55.826824;24.379223;-0.15073642;0.025600195;0.17593801;0.15033782;0.012598932;23.877644;1720.6566;2012.5778;-837.99445;6258.88;-106.47667;-529.26
1962-12-06;-4.6132812;-5.324005;-3.0469258;745.34247;0.70868975;210.13098;100.0;0.037383914;127.568665;287.51627;35.916927;-0.11613779;0.0041276217;0.15358627;0.14944375;0.0;35.12443;231.58333;935.1067;-203.36945;6687.886;-91.33667;-143.88889
1962-12-07;-5.325022;-6.497396;-5.9318748;746.06244;0.7384338;185.90703;100.0;0.061384797;138.22784;447.4691;1.483649;-0.040350482;0.0;0.14856458;0.14855713;0.0;1.4273412;510.75055;2187.2622;-487.62222;6107.51;-29.592222;-84.812225
1962-12-08;-8.122894;-10.315721;-9.854511;744.08966;0.91193384;124.24314;100.0;0.06181566;152.78676;404.82584;0.48419833;-0.03003329;0.0;0.1476705;0.1476705;0.0;0.4824996;689.5428;2863.0967;-785.0861;5377.2266;-21.21889;-89.42555
1962-12-09;-6.536518;-7.6752357;-7.296495;741.57477;0.6180723;88.410164;100.0;0.073311925;148.75584;489.46127;23.975666;-0.0015096739;0.0;0.14680624;0.14680624;0.0;23.965143;185.79778;778.99554;11.896667;6565.85;-0.80333334;-26.587778
1962-12-10;-5.930101;-8.176568;-5.8758187;745.6792;0.7358555;83.11148;100.0;0.093571186;150.34764;620.19855;14.031905;-0.052887946;0.0;0.14594197;0.14594197;0.0;13.994105;475.66055;2059.6577;-508.1428;6094.703;-39.398888;-82.04667
1962-12-11;-5.9630637;-7.0782113;-6.411695;746.856;0.62875956;232.90392;100.0;0.10996155;151.3395;725.09766;11.270422;-0.013686717;0.0;0.14510751;0.1450926;0.0;11.133659;503.35443;2180.311;-355.67334;6237.7524;-8.904445;-79.32
1962-12-12;-5.4542327;-6.9089866;-6.618586;747.4411;0.63272434;281.73834;100.0;0.11336533;157.95702;718.50586;0.10102391;-0.030538067;0.0;0.14425814;0.14424324;0.0;0.09592995;613.135;2601.4312;-749.3661;5722.577;-21.336666;-83.60889
1962-12-13;-8.227932;-10.299328;-9.775211;746.68;0.9924086;186.81602;100.0;0.11340058;163.93129;692.30145;0.005713105;-0.007989816;0.0;0.14340878;0.14341623;0.0;0.004082918;684.73724;2827.7512;-965.1922;5163.674;-3.991111;-54.755554
1962-12-14;-10.062135;-14.853368;-13.901414;747.95874;1.4263644;11.180916;100.0;0.11341548;168.08559;675.3743;0.0037014484;-0.018027611;0.0;0.14258921;0.14258921;0.0;0.002834946;762.2633;3065.9468;-1111.8066;4627.125;-11.748889;8.195556
1962-12-15;-9.3709955;-15.668614;-17.268785;747.6326;1.0453995;172.13716;100.0;0.11344262;171.02765;663.5335;0.0017227503;0.006034039;0.0;0.14178455;0.1417771;0.0;0.0;806.9328;3161.4812;-1143.515;4308.7163;6.7433333;60.36778
1962-12-16;-7.447023;-10.6020355;-17.235693;742.7254;0.9164;247.30531;100.0;0.114295244;172.35316;662.3128;4.8486414;0.04359521;0.0;0.14099479;0.14097244;0.0;4.84499;787.6811;3008.841;-526.5978;5104.496;35.107224;47.88889
1962-12-17;-6.4804482;-7.185514;-9.312673;744.1311;1.3085626;213.51555;100.0;0.12546153;164.25941;762.08496;12.008925;0.035815872;0.0;0.14019012;0.14019012;0.0;11.99469;227.56223;931.61334;175.55833;6669.297;28.164444;-10.172222
1962-12-18;-3.2507935;-3.680196;-4.3812866;748.5794;1.2033333;209.14893;100.0;0.13561587;165.30824;820.3532;7.236302;-0.0030985102;0.0;0.13941526;0.13941526;0.0;6.970886;231.54611;974.9889;72.71;6985.394;-1.9877778;-47.64111
1962-12-19;-2.189616;-2.4738972;-1.2242508;744.2586;1.0839309;207.46455;100.0;0.15630405;170.30434;914.0625;38.580227;-0.13873446;0.038817525;0.17745793;0.13864785;0.0;33.01038;155.24333;633.9311;84.10944;7209.5835;-108.58444;-148.34445
1962-12-20;-2.159912;-2.5127258;-0.6337662;745.57367;1.1993185;199.63164;100.0;0.1817971;176.79132;1028.89;12.732368;-0.13142079;0.014945865;0.15282631;0.13788044;0.05312264;11.656627;554.2439;2101.8555;-447.985;6662.9478;-101.297775;-170.70444
1962-12-21;-2.5864296;-4.2342925;-1.3059311;750.6635;0.6485302;174.68373;100.0;0.18993497;187.53123;1015.54364;0.16012192;-0.12724194;0.0021755695;0.13929605;0.13711303;0.031050295;0.15421584;744.1878;2617.4656;-1177.825;5661.1797;-96.72945;-123.72222
1962-12-22;-2.4073436;-3.216956;-2.2758954;746.7217;0.6324698;193.04561;100.0;0.20557566;191.98827;1067.7897;45.817513;-0.057204627;0.07626414;0.21263957;0.13636798;0.0;38.720425;241.7589;816.9144;-71.71389;6882.938;-44.553333;-72.52778
1962-12-23;-3.6582031;-4.95793;-1.327816;748.7378;0.75340337;183.195;100.0;0.23499067;193.4889;1217.8141;0.3185004;-0.16150065;0.0;0.13563037;0.13562292;0.0;0.2981387;706.94775;2682.51;-1051.18;5760.3545;-123.65278;-150.34
1962-12-24;-4.897528;-5.9989486;-3.9956524;748.20245;0.7215798;234.69788;100.0;0.23495746;205.4287;1145.7113;0.11948049;-0.10121986;0.0;0.13488531;0.13489276;0.0;0.11854619;800.93665;2736.4;-874.8961;5816.1167;-76.83222;-140.2411
1962-12-25;-4.6434174;-6.404846;-5.2941995;747.4628;0.6999209;167.78886;100.0;0.23551278;213.69171;1103.475;0.5337207;-0.042930245;0.0;0.13415515;0.13415515;0.0;0.53199756;728.41943;2465.27;-1005.3078;5537.9023;-31.193333;-58.557777
1962-12-26;-7.328997;-10.64829;-8.454757;747.1834;1.2840348;18.071453;100.0;0.23559308;220.42023;1069.8242;0.010553002;-0.031787902;0.0;0.1334399;0.1334399;0.0;0.010125339;874.4361;2903.45;-1443.2095;4688.443;-22.291111;-24.71
1962-12-27;-9.773053;-18.385271;-13.23325;749.12286;1.5192246;9.782882;100.0;0.235593;224.97784;1048.2178;0.00035762787;-0.04205294;0.0;0.13272464;0.13272464;0.0;0.000346452;996.05225;3229.051;-1662.7367;3978.1868;-30.213333;59.146667
1962-12-28;-6.3243737;-21.08106;-15.7184725;749.94257;1.0884988;222.70094;100.0;0.23558728;228.12726;1033.7728;0.0004351138;-0.031805597;0.0;0.13200939;0.13202429;0.0;0.0;1012.42944;3213.8545;-1307.1812;4276.1006;-22.573334;96.86889
1962-12-29;-5.697867;-12.257678;-14.189377;749.00195;0.7953832;246.32747;100.0;0.2356431;230.97557;1021.1995;0.1530379;0.0076405704;0.0;0.13132393;0.13133138;0.0;0.14605373;826.56775;2569.0833;-502.88333;5473.2676;7.5077777;28.505556
1962-12-30;-5.8702836;-9.358451;-12.259028;749.6945;0.91865396;64.703804;100.0;0.23587982;234.0423;1008.8298;0.104409456;0.012702309;0.0;0.13063848;0.13064593;0.0;0.101432204;974.1311;2990.3845;-983.9767;5030.011;12.0222225;9.874444
1962-12-31;-4.902588;-9.438862;-11.270748;748.78314;0.7637711;241.55775;100.0;0.23610425;237.3089;995.9717;0.17469227;-0.002965331;0.0;0.12995303;0.12996793;0.0;0.17254055;1012.7695;3068.5457;-1138.66;4947.9453;0.07777778;10.366667
1963-01-01;-6.105966;-7.4752746;-10.292775;746.7839;0.66357034;211.47388;100.0;0.23634648;240.56476;983.3171;0.8598149;0.010186806;0.0;0.12928247;0.12929738;0.0;0.85127354;605.7522;1796.4623;-66.63722;6340.6035;9.105556;-21.21
1963-01-02;-4.5069175;-5.00235;-6.419001;744.80664;0.79001373;211.17818;100.0;0.2428884;236.90819;1023.8037;15.609995;0.002705492;0.0;0.12862682;0.12863427;0.0;15.414484;321.71445;1043.8645;61.267223;6826.832;2.6044445;-46.9
1963-01-03;-5.024587;-5.659312;-4.770954;742.763;0.6814044;202.144;100.0;0.26757872;218.48827;1223.1039;19.503653;-0.032050535;0.0;0.12800097;0.12798607;0.0;19.492193;224.56721;956.94336;-127.098335;6650.796;-24.508888;-65.90889
1963-01-04;-5.799887;-8.288438;-6.1578956;745.98096;0.68280333;164.86241;100.0;0.27410975;221.44008;1239.4613;0.17704964;-0.042203814;0.0;0.12733042;0.12733042;0.0;0.17358363;726.44055;3083.0088;-1328.6394;4998.22;-29.835556;-79.117775
1963-01-05;-6.7915063;-12.070309;-10.910866;749.1868;0.9324453;114.5155;100.0;0.2741363;227.58234;1205.7291;0.0130862;-0.015884638;0.0;0.12668967;0.12668222;0.0;0.011123717;776.60944;3208.3455;-1233.7594;4658.3945;-9.542222;2.7322223
1963-01-06;-6.4311004;-12.092088;-12.650387;749.53424;0.989013;95.18125;100.0;0.2741667;231.98305;1182.9834;0.00045001495;0.0011650845;0.0;0.12603402;0.12604147;0.0;1.4901161e-05;812.7461;3264.3223;-1199.49;4621.961;3.4733334;35.05111
1963-01-07;-8.480461;-14.365045;-14.892234;748.643;1.1790015;70.747185;100.0;0.27420273;235.56117;1164.917;0.0021427867;0.0033713877;0.0;0.12540817;0.12540817;0.0;0.0;851.19275;3330.641;-1258.0906;4340.7817;5.0322223;59.738888
1963-01-08;-8.20548;-15.467366;-15.855926;748.41797;1.3468695;12.496849;100.0;0.27422884;238.5514;1150.3092;0.0;-0.002433546;0.0;0.124782324;0.124782324;0.0;0.0;874.6067;3336.3977;-1176.6539;4411.903;0.6011111;80.42778
1963-01-09;-5.9126854;-14.010947;-16.059605;748.2239;0.9358508;202.3203;100.0;0.27425852;241.29002;1137.3698;0.0;0.0024419278;0.0;0.124163926;0.124163926;0.0;0.0;864.59;3217.662;-990.8911;4646.987;4.1255555;77.30889
1963-01-10;-6.299971;-11.918027;-15.335506;745.87933;0.726849;268.07028;100.0;0.27447307;243.69171;1126.5463;1.8148661;0.0072047114;0.0;0.12356043;0.12355298;0.0;1.8115305;907.29333;3297.2766;-720.6839;5048.75;7.7555556;29.724445
1963-01-11;-6.280416;-7.0572205;-11.138843;745.12524;0.6791474;236.99138;100.0;0.2813339;236.92152;1186.9711;6.715286;0.027231872;0.0;0.12294948;0.12294948;0.0;6.709192;393.15277;1541.5834;133.35278;6528.6157;21.972221;-20.375555
1963-01-12;-5.8629966;-7.0789795;-8.483455;747.8391;0.812973;173.56258;100.0;0.28452381;237.66112;1198.0795;0.9837516;-0.0035967678;0.0;0.122353435;0.122353435;0.0;0.96518546;673.11444;2664.389;-684.4178;5701.209;-0.6011111;-61.484444
1963-01-13;-5.414168;-9.096329;-9.010922;749.8151;0.8099217;206.84277;100.0;0.2847111;242.55531;1174.642;0.119808316;-0.02896227;0.0;0.12177229;0.12175739;0.0;0.10287762;809.27167;3124.0557;-662.9067;5639.165;-19.563334;-54.11111
1963-01-14;-2.3930256;-3.2237854;-6.305313;749.5418;0.71303254;257.1539;100.0;0.28491744;247.5449;1152.059;0.12971759;0.01726672;0.0;0.12116134;0.12116879;0.0;0.12725592;597.74225;2253.1755;-139.81277;6662.812;15.277778;-52.033333
1963-01-15;-2.6378582;-3.2710521;-3.8047218;747.5972;1.4285717;209.31447;100.0;0.28589705;252.83788;1131.2662;3.1284928;-0.02220273;0.0;0.1205951;0.12058765;0.0;2.9867516;586.35223;2171.0657;-318.27112;6635.426;-15.602222;-69.30666
1963-01-16;-3.7157185;-4.615551;-3.0445225;747.92426;1.2817307;198.13159;100.0;0.29573476;250.3701;1179.7281;21.944763;-0.08818135;0.0;0.12001395;0.12001395;0.0;21.287035;477.5939;1819.5588;-415.36612;6481.9595;-67.477776;-101.513336
1963-01-17;-4.3020425;-5.1748023;-3.4931614;747.646;0.9789328;212.37842;100.0;0.31511304;239.2617;1317.9117;6.217787;-0.08936599;0.0;0.11944771;0.11944026;0.0;5.9174037;523.9539;2217.6267;-463.36612;6338.489;-67.96778;-121.53778
1963-01-18;-5.662018;-6.739628;-4.551576;747.61127;0.7271228;196.921;100.0;0.32266927;238.96417;1350.8301;6.7965293;-0.089503825;0.0;0.11886656;0.11887401;0.0;6.7852883;548.57776;2328.99;-708.50555;5916.238;-68.05556;-109.67778
1963-01-19;-6.482764;-13.211495;-7.8121705;747.72015;0.8719895;196.29767;100.0;0.32413468;244.32811;1328.3285;0.0047445353;-0.09263586;0.0;0.11831522;0.11830777;0.0;0.0034607947;860.5;3549.2112;-1412.128;4715.8945;-68.52889;-62.704445
1963-01-20;-6.4648323;-10.611966;-10.845367;746.43414;0.7523313;202.64293;100.0;0.32416403;249.28123;1301.9205;0.06629825;-0.0022416934;0.0;0.117748976;0.117748976;0.0;0.06587803;790.05;3173.6333;-1132.6367;4831.823;0.6577778;-30.492222
1963-01-21;-5.230316;-12.264783;-11.600913;746.91864;0.5843627;243.57555;100.0;0.32491234;252.31573;1287.7604;5.5330167;-0.047128648;0.0;0.11719763;0.11719763;0.0;5.33298;907.3839;3550.8354;-670.1408;5413.7656;-33.416668;-31.84111
1963-01-22;-4.5502014;-5.079366;-7.9561157;746.3376;0.8903859;205.71478;100.0;0.3424784;238.74152;1433.1869;16.447697;0.029091723;0.0;0.11666119;0.11665374;0.0;15.789419;263.08;1111.7345;176.01639;6836.94;23.257778;-20.474445
1963-01-23;-2.4482052;-2.9678943;-4.404873;746.9899;0.8481571;153.54716;100.0;0.35070547;240.75128;1457.3975;9.273246;-6.3329935e-05;0.0;0.11612475;0.1161173;0.0;7.883877;454.73334;1929.5178;-83.50278;6848.674;1.6344445;-63.993332
1963-01-24;-4.0932517;-4.704633;-2.4951427;741.1369;0.757477;191.5083;100.0;0.3961879;224.13377;1763.1022;59.686295;-0.13559777;0.0010877848;0.11669099;0.11558831;0.0;58.648598;201.09944;869.99664;-134.45166;6812.6074;-105.88556;-153.68666
1963-01-25;-5.216999;-6.1582656;-3.415512;742.06647;0.8809335;184.83105;100.0;0.4408275;213.69952;2059.0007;49.83096;-0.16534328;0.0;0.11506677;0.11506677;0.0;48.53277;307.61334;1321.51;-116.53555;6716.2324;-128.87334;-201.82
1963-01-26;-5.6361237;-7.074206;-3.887582;742.9859;1.0220206;190.35999;100.0;0.48536798;210.59569;2307.6985;18.908575;-0.15576464;0.0;0.114545226;0.114545226;0.0;18.7127;458.84113;1983.0522;-447.20944;6292.5176;-120.46889;-156.78223
1963-01-27;-7.9512;-9.651984;-6.029209;746.7885;1.022792;130.48055;100.0;0.5052818;216.31737;2338.0127;14.596149;-0.117136165;0.0;0.114023685;0.114023685;0.0;14.583011;562.58;2432.0222;-809.93054;5620.6084;-89.88556;-153.23111
1963-01-28;-8.023395;-13.568982;-9.398374;747.8355;0.95003253;114.30484;100.0;0.5084454;227.2643;2241.5771;0.029280782;-0.10660291;0.0;0.113502145;0.113509595;0.0;0.027887523;907.2756;3842.7266;-1051.3822;5050.6577;-79.60445;-143.70334
1963-01-29;-6.9853606;-14.247795;-11.231032;749.1318;1.1350008;19.41343;100.0;0.50846046;236.3369;2154.7444;0.004205107;-0.04792586;0.0;0.112995505;0.112988055;0.0;0.003773719;971.89386;4004.4744;-1445.7722;4439.7495;-33.22778;-22.99
1963-01-30;-6.0352073;-16.641281;-13.988523;748.5466;0.97793245;143.52135;100.0;0.50846535;243.00975;2095.174;0.0012778428;-0.04325155;0.0;0.112473965;0.112473965;0.0;0.0;1025.2994;4110.9155;-1400.5261;4274.2993;-29.843334;41.235554
1963-01-31;-5.921519;-14.266408;-14.727616;746.2869;0.7282178;166.38255;100.0;0.5085046;248.2682;2050.6184;0.36866963;-0.025715679;0.0;0.111967325;0.111967325;0.0;0.3646165;1033.055;4035.649;-893.14276;4882.4287;-16.59111;10.474444
1963-02-01;-6.42157;-7.866922;-11.720527;745.6331;0.68894345;240.52357;100.0;0.51121163;251.2477;2036.5804;2.4004927;0.017678365;0.0;0.11147559;0.11146814;0.0;2.3809373;753.8467;2964.2588;-412.31833;5809.2437;15.931111;-54.503334
1963-02-02;-8.68692;-12.188493;-10.736629;747.72614;1.1229252;68.22764;100.0;0.5116088;257.2858;1991.0482;0.012761354;-0.04942529;0.0;0.11096895;0.11096895;0.0;0.010617077;1039.3822;3995.4133;-1340.6967;4669.299;-35.024445;-104.79222
1963-02-03;-8.712119;-20.083075;-14.40935;751.14703;1.3668451;19.546106;100.0;0.5116149;262.45117;1951.5381;0.0017295643;-0.057132915;0.0;0.11047721;0.11048466;0.0;1.4901161e-05;1169.461;4387.1587;-1843.6511;3664.6692;-40.334446;59.27222
1963-02-04;-5.641893;-22.259333;-16.422026;751.6719;1.1617966;114.66451;100.0;0.5116076;266.20703;1923.8688;0.0012755394;-0.055367127;0.0;0.11000037;0.10999292;0.0;0.0;1191.9261;4363.892;-1507.5161;3998.6565;-39.324444;110.13778
1963-02-05;-5.9659066;-20.249254;-16.57116;752.4443;1.3081385;19.395094;100.0;0.51160353;269.51855;1899.9023;0.0004351138;-0.04733354;0.0;0.10950863;0.10950118;0.0;0.0;1231.1827;4401.9844;-1403.2675;4165.57;-32.97;109.26444
1963-02-06;-6.069777;-18.5137;-16.18657;751.0346;1.1988622;41.837696;100.0;0.5116054;272.72818;1877.9297;0.0012844794;-0.043886714;0.0;0.109016895;0.109016895;0.0;0.0;1260.1794;4403.8813;-1351.2988;4276.7456;-30.27111;82.47889
1963-02-07;-7.129616;-11.190188;-14.680297;751.00946;1.635221;26.134161;100.0;0.51163393;276.02637;1855.5908;0.0080913305;0.008653849;0.0;0.10854006;0.10854751;0.0;0.006698072;1189.2872;4066.8032;-1073.6873;4788.398;10.184444;20.314444
1963-02-08;-7.784716;-14.09826;-13.718814;750.31055;1.496141;21.176702;100.0;0.5116724;279.53354;1832.3568;0.0035315752;-0.034226105;0.0;0.10807812;0.10807067;0.0;0.0026747584;1234.1034;4123.201;-1181.9828;4702.1265;-22.765556;-7.1022224
1963-02-09;-4.349228;-13.749241;-12.490842;746.9919;0.9077483;82.8183;100.0;0.5121916;282.6644;1813.3545;3.977878;-0.05565211;0.0;0.107601285;0.107601285;0.0;3.7187972;1301.4362;4255.5767;-896.2772;5211.993;-39.149445;-11.212222
1963-02-10;-4.0392966;-5.294323;-8.626274;742.2752;0.49591532;117.807915;100.0;0.52247435;277.57162;1882.2836;10.719358;0.018866733;0.0;0.10713935;0.10715425;0.0;10.1826935;448.59778;1720.9889;140.78778;6790.427;15.8961115;-29.242222
1963-02-11;-4.0140076;-4.7004027;-5.360605;740.6775;0.73525935;158.57448;100.0;0.53122544;276.81543;1919.9219;9.315843;-0.03247708;0.0;0.10666251;0.106692314;0.0;9.011175;626.13556;2545.3455;-220.09166;6612.3022;-23.183332;-120.547775
1963-02-12;-4.003103;-4.805166;-4.032173;739.41455;0.6530152;186.75093;100.0;0.5453796;273.02963;1997.7621;10.575235;-0.07350091;0.0;0.10624528;0.10623783;0.0;10.455788;618.1961;2629.8955;-368.975;6498.102;-55.032223;-140.46777
1963-02-13;-3.8383892;-4.9352517;-3.690379;743.0869;1.034593;222.0164;100.0;0.5500783;277.97037;1980.957;2.6827931;-0.12000278;0.0;0.105790794;0.105790794;0.0;2.5849566;795.35114;3312.0144;-435.12167;6441.6387;-90.31;-182.70555
1963-02-14;-2.8338623;-3.4826252;-2.7216492;746.4221;1.3025068;217.22455;100.0;0.55341905;284.32715;1948.3643;3.2510269;-0.1505334;0.0;0.10535121;0.10533631;0.0;3.0034258;626.5761;2555.7734;-171.24278;6861.0757;-115.40222;-203.95111
1963-02-15;-2.0099995;-2.3931477;-1.7564596;748.1506;1.1813055;204.05072;100.0;0.55765736;290.40854;1921.7936;5.5960774;-0.108404085;0.0;0.104904175;0.104904175;0.0;5.1427183;429.40668;1702.595;-51.605835;7072.472;-83.507774;-154.50333
1963-02-16;-2.7729187;-3.1129558;-1.4089152;746.86523;1.6392909;207.61737;100.0;0.567565;293.19955;1936.1979;11.953526;-0.19715261;0.013276935;0.117748976;0.10447204;0.06664917;10.853871;499.415;1843.8284;-182.04695;6887.258;-153.19556;-252.40111
1963-02-17;-3.2663574;-4.4557395;-1.499115;748.8234;1.0990674;236.51851;100.0;0.57347816;298.1227;1925.8627;1.278527;-0.31531137;0.00526011;0.109285116;0.10402501;0.07027015;1.2229309;1123.36;3796.3433;-819.6925;6171.142;-242.97833;-283.93668
1963-02-18;-2.7723694;-5.1245728;-2.0162761;750.61646;0.8642781;118.011566;100.0;0.5735467;305.94595;1876.5463;0.0051617622;-0.2600057;0.0;0.10357797;0.10359287;0.0;0.0034496188;1482.0538;4517.1577;-1343.4166;5498.613;-197.83888;-239.79333
1963-02-19;-1.5044149;-2.9382427;-2.4203084;749.17017;0.77011204;206.52516;100.0;0.57358485;312.90756;1834.9609;0.56875116;-0.07868931;0.0;0.10314584;0.10315329;0.0;0.5050823;1427.3273;4082.5562;-1067.0289;5809.9346;-57.022778;-115.686386
1963-02-20;-1.892629;-2.7595634;-1.453715;746.68744;0.50665826;157.68898;100.0;0.5773143;316.8086;1822.7539;8.654105;-0.1413431;0.014260411;0.116974115;0.102728605;0.082906336;7.742789;813.4422;2371.0745;-458.1564;6620.81;-108.46445;-146.24222
1963-02-21;-2.642934;-3.274292;-1.0994974;746.2784;1.0835507;206.61139;100.0;0.5853872;316.94107;1848.2666;4.709772;-0.23825094;0.022545457;0.12484193;0.10230392;0.2270639;4.1926913;1047.69;3399.1733;-649.8997;6418.4688;-183.19;-276.27112
1963-02-22;-3.0918274;-3.549998;-1.1114502;743.1487;0.96355957;201.91768;100.0;0.60445815;309.5;1952.1891;38.997807;-0.18712133;0.06353855;0.16543269;0.10188669;0.0;35.34767;381.18;1245.7;-221.52444;6836.0337;-146.02167;-199.51778
1963-02-23;-4.1011147;-5.2536316;-1.1887308;741.96857;1.2691792;198.5942;100.0;0.63571936;295.2588;2152.1404;22.612951;-0.34911;0.005453825;0.106945634;0.10148436;0.02814643;21.936565;759.42834;3003.1882;-480.60223;6503.29;-270.83167;-358.59222
1963-02-24;-3.972697;-4.413279;-1.7450613;743.0283;1.1226027;182.12355;100.0;0.6705639;281.2396;2381.8767;37.72239;-0.20523183;0.0;0.101059675;0.101067126;0.0;37.1802;310.15445;1266.5377;-100.49028;6880.8237;-160.19;-250.33444
1963-02-25;-5.1899133;-6.3426147;-2.7081032;739.0815;1.1132022;150.11006;100.0;0.69794196;276.52896;2523.7224;19.751251;-0.19361451;0.0;0.100657344;0.100672245;0.0;19.609924;520.20886;2208.61;-542.17725;6277.968;-149.82777;-221.3075
1963-02-26;-8.267498;-10.239121;-5.3076477;744.615;1.057205;171.98186;100.0;0.7083375;280.24643;2530.0293;2.2153437;-0.23746304;0.0;0.100284815;0.10026246;0.0;2.2127554;1038.4467;4397.6533;-1138.2269;5284.267;-181.80055;-308.00555
1963-02-27;-7.1793923;-12.203793;-7.1380982;745.5057;0.8167315;80.06874;100.0;0.7093439;287.47916;2469.0754;3.3179104;-0.18607639;0.0;0.09983778;0.09985268;0.0;3.3127367;1191.5645;4911.7;-852.47;5615.18;-139.24222;-250.51222
1963-02-28;-5.8864365;-7.400107;-6.186868;746.0678;0.80081147;143.88974;100.0;0.7129118;291.83853;2444.7021;1.2523487;-0.10210276;0.0;0.09945035;0.09945035;0.0;1.2332983;945.5289;3905.21;-670.20557;5944.203;-76.02;-190.14084
1963-03-01;-5.813353;-10.791943;-6.5764375;746.6778;0.8379027;168.85376;100.0;0.7133333;298.67188;2390.3809;0.01836121;-0.16787928;0.0;0.09904802;0.09904802;0.0;0.016648322;1317.1022;5308.1196;-1326.6083;5090.8433;-124.52556;-242.44667
1963-03-02;-6.137957;-9.102384;-7.4738655;742.85376;0.98338145;224.8235;100.0;0.7139408;304.12955;2348.714;1.9847035;-0.11842884;0.0;0.09864569;0.09864569;0.0;1.9514189;1095.4406;4294.781;-684.1492;5800.421;-88.41111;-193.73778
1963-03-03;-7.336226;-9.898492;-7.2027154;741.795;1.3078868;206.41705;100.0;0.7158105;307.91504;2325.6428;3.2715201;-0.187899;0.0;0.09825826;0.09825081;0.0;3.2646358;1314.8556;5152.735;-1111.5181;5284.951;-141.82556;-230.03917
1963-03-04;-6.4646225;-7.753526;-6.5423217;738.4836;1.2277883;197.66895;100.0;0.7318376;298.99805;2443.807;31.584145;-0.09726733;0.0;0.09787083;0.097863376;0.0;31.569824;759.0333;3192.605;-325.28278;6320.774;-73.33;-202.91556
1963-03-05;-8.095062;-10.319867;-6.278179;735.69507;1.3808683;204.1867;100.0;0.7647689;279.53775;2733.7239;20.043652;-0.2403725;0.0;0.097468495;0.097475946;0.0;20.028982;876.8886;3817.4778;-575.3789;5956.0366;-185.02222;-316.12445
1963-03-06;-9.998759;-12.551826;-7.6285567;740.1613;1.035548;166.3586;100.0;0.7812645;274.22852;2849.0803;10.372416;-0.21627545;0.0;0.09709597;0.09709597;0.0;10.343809;1016.52277;4422.9897;-984.595;5287.6357;-165.68333;-316.75223
1963-03-07;-10.287926;-13.016501;-9.519485;745.62396;0.8062196;147.03572;100.0;0.78426105;279.67838;2806.3965;1.3381817;-0.16163103;0.0;0.09672344;0.09671599;0.0;1.3159775;1064.62;4527.4277;-941.76196;5205.241;-122.5;-251.0575
1963-03-08;-8.96617;-15.084488;-10.7891655;745.9458;0.95758516;144.61037;100.0;0.7848816;285.91177;2747.5178;0.009912252;-0.10803249;0.0;0.09635091;0.09634346;0.0;0.009067357;1446.5109;5994.079;-1649.6753;4275.919;-77.93;-202.33333
1963-03-09;-6.358603;-14.504222;-12.164693;745.1511;0.98186755;123.1153;100.0;0.7848649;291.514;2694.2139;0.0021457672;-0.089411624;0.0;0.09596348;0.09595603;0.0;0.0;1474.8125;5948.665;-1520.0;4387.742;-63.06889;-108.44778
1963-03-10;-5.291734;-11.673966;-12.436881;745.05853;0.9072997;177.05693;100.0;0.7848716;296.4183;2649.943;0.00086426723;-0.06294064;0.0;0.09559095;0.09557605;0.0;0.0;1547.2341;6080.471;-1498.253;4430.778;-42.503334;-100.46555
1963-03-11;-5.086202;-7.858513;-11.617252;744.9277;0.90610886;201.04836;100.0;0.7849684;300.99057;2609.7004;0.5268639;-0.020070933;0.0;0.09521842;0.09520352;0.0;0.5227253;1527.6483;5856.0176;-959.44086;5244.053;-10.118333;-133.72444
1963-03-12;-5.4816995;-6.4217734;-8.24763;743.27783;0.86142427;143.80331;100.0;0.78983593;302.9375;2607.9102;7.1003857;-0.018911436;0.0;0.09483099;0.09484589;0.0;7.096995;757.21826;2944.1536;-349.9589;6211.888;-12.381111;-122.337776
1963-03-13;-3.7315674;-9.548031;-7.324041;747.05035;1.068159;63.48807;100.0;0.7927456;307.26758;2582.0312;0.00500679;-0.122417696;0.0;0.09445846;0.09446591;0.0;0.0041648746;1526.5897;6068.75;-1417.0052;5019.8506;-87.507225;-184.44444
1963-03-14;-0.19680786;-10.130681;-7.9578643;747.762;0.8630381;178.68463;100.0;0.7927332;312.9541;2535.0342;0.00042617318;-0.119332224;0.0;0.09410083;0.09409338;0.0;0.0;1603.3748;6210.08;-1525.9672;4842.149;-84.57;-74.86417
1963-03-15;-2.265686;-7.1640015;-7.3404336;743.4556;0.789072;205.84688;100.0;0.79667497;315.52246;2524.2107;15.6615505;-0.0629155;0.0;0.093758106;0.093735754;0.0;14.602311;1445.6375;5458.682;-808.5711;5812.6772;-46.714443;-167.60695
1963-03-16;-5.0208983;-6.1076164;-4.6882463;739.15717;1.4233338;190.22511;100.0;0.83502847;297.3597;2805.542;35.077297;-0.1711417;0.0;0.09338558;0.09338558;0.0;34.720844;790.4008;3443.6196;-374.4161;6433.4424;-130.71445;-258.4878
1963-03-17;-7.5251923;-9.250512;-5.294271;741.491;1.721197;192.43571;100.0;0.8485825;297.84732;2849.528;12.996619;-0.31313208;0.0;0.09301305;0.0930354;0.0;12.988646;1063.5627;4563.9707;-585.10944;6019.376;-241.48222;-448.03333
1963-03-18;-9.018523;-10.65274;-6.3731256;738.85126;1.388343;204.87947;100.0;0.8676112;292.6478;2965.5354;9.144219;-0.22713654;0.0;0.09268522;0.09268522;0.0;9.132311;1187.6528;5150.8765;-1122.7306;5261.271;-173.69221;-410.26556
1963-03-19;-8.940413;-13.2679405;-8.892178;740.6863;0.74694437;172.91435;100.0;0.869211;298.97363;2909.953;0.037936024;-0.15489477;0.0;0.092327595;0.092335045;0.0;0.03664568;1409.3508;5970.5034;-1549.11;4554.1763;-114.727776;-273.50168
1963-03-20;-8.934731;-11.913769;-11.31883;743.30176;0.8349535;255.76396;100.0;0.8691902;304.72134;2854.533;0.04617019;-0.0301525;0.0;0.09199977;0.09198487;0.0;0.04386902;1532.152;6310.1777;-1590.3367;4295.3975;-21.747223;-237.95056
1963-03-21;-7.635063;-9.317124;-10.631539;745.2576;0.76964384;257.8284;100.0;0.873354;306.417;2850.708;8.023906;-0.0066366047;0.0;0.09167194;0.09165704;0.0;8.020479;705.60474;2853.1917;-295.52335;6016.0156;-4.5077777;-120.01583
1963-03-22;-4.4037194;-9.060051;-9.552734;749.8406;1.0083791;87.924324;100.0;0.87730455;308.9694;2841.6748;0.022828577;-0.011181459;0.0;0.09132922;0.09132922;0.0;0.02065301;1609.6494;6633.8477;-1642.6367;4515.8438;-6.09;-178.34555
1963-03-23;-1.5103887;-12.255527;-10.07578;750.2227;1.0381287;142.0808;100.0;0.87731385;314.13803;2794.637;0.00086128706;-0.053772703;0.0;0.09100139;0.09100139;0.0;0.0;1694.8167;6798.8154;-1657.245;4491.1523;-38.81333;-98.94722
1963-03-24;-0.7932536;-11.784337;-9.70184;747.3247;0.9942886;193.12892;100.0;0.8772934;318.9108;2753.2551;0.02556145;-0.070484355;0.0;0.090673566;0.090673566;0.0;0.022802502;1753.0255;6851.9272;-1421.2916;4867.515;-51.81778;-117.520836
1963-03-25;-1.9863892;-4.0983787;-7.3061395;743.2456;1.3624681;200.34027;100.0;0.880059;322.40982;2731.0383;4.0650516;-0.055540353;0.0;0.09034574;0.09035319;0.0;3.492646;1455.72;5712.645;-714.2639;5976.032;-41.355556;-174.52667
1963-03-26;-2.4343464;-5.013536;-4.813563;743.0257;0.9220324;139.01404;100.0;0.8836883;326.31216;2709.961;3.8559468;-0.11681393;0.0;0.090032816;0.090032816;0.0;3.174223;1384.8589;5473.5605;-985.07556;5816.233;-89.13333;-251.30194
1963-03-27;-2.2977192;-6.075171;-4.5259337;744.3635;0.97735864;96.080284;100.0;0.8861082;331.32422;2677.124;0.9472822;-0.085595995;0.0;0.08970499;0.08971244;0.0;0.6342009;1520.3694;5906.545;-1269.1855;5407.7856;-64.272224;-217.13278
1963-03-28;-0.2535604;-6.284209;-4.3652854;748.67474;1.0727171;72.18397;100.0;0.8863266;337.35156;2630.127;0.0013887875;-0.079778954;0.0;0.08940697;0.08939952;0.0;0.00010803342;1839.145;6829.4707;-1473.4734;5248.477;-58.43111;-217.24973
1963-03-29;1.5564982;-6.040426;-3.5721638;747.19965;0.85305756;219.66766;100.0;0.8862629;343.4004;2583.8215;0.23819219;-0.111987814;0.012725592;0.10180473;0.08907914;0.15778095;0.0007376075;1602.8917;5715.53;-1187.5562;5669.267;-84.297775;-147.48445
1963-03-30;-1.5352478;-3.2585857;-2.988388;741.51764;0.58370537;201.25737;100.0;0.8938163;344.91406;2593.0989;13.491305;-0.023647211;0.021725893;0.11049211;0.08876622;0.12519583;11.340689;706.1594;2651.3184;-491.7389;6402.6123;-17.6;-109.726944
1963-03-31;-1.2032572;-2.3402202;-1.7029444;744.3979;0.78628355;179.93489;100.0;0.8995916;347.7054;2590.9832;0.74409026;-0.135459;0.053942204;0.1424253;0.08846074;0.518322;0.21913275;1183.2589;4580.6196;-463.1722;6691.12;-104.26;-256.33612
1963-04-01;-0.61262006;-2.3811543;-0.847997;750.7007;0.9919789;112.27316;100.0;0.89860827;355.0814;2534.383;0.006801493;-0.13926066;0.15577674;0.24394691;0.08815527;1.6150959;0.0059194863;1963.1428;6297.2505;-1320.075;5749.6724;-105.65889;-328.09778
1963-04-02;0.11142985;-5.7195945;-0.71677905;751.23065;1.2313017;43.96135;100.0;0.89732647;363.18423;2474.1619;0.00047981727;-0.20902139;0.102609396;0.19043684;0.087842345;0.99220127;5.2154064e-05;2554.8372;7168.2515;-1802.6727;5194.655;-154.17612;-227.02556
1963-04-03;-0.24143474;-2.948222;-0.28503928;748.11786;0.9211002;31.04799;100.0;0.8973754;371.00162;2421.5496;6.051481;-0.14067627;0.46238303;0.54991245;0.08752197;0.5502701;0.08679181;1134.3289;2904.838;-443.35278;6755.5996;-105.935555;-110.84889
1963-04-04;0.76904297;-0.9769185;-0.034526825;745.715;0.8415239;159.14383;100.0;0.8911648;376.75034;2368.0012;6.428171;-0.308875;1.7454326;1.8326342;0.087201595;12.293905;2.5415645;2493.73;5965.222;-909.9989;6455.448;-231.1789;-251.48222
1963-04-05;-0.41537476;-0.782074;2.7974447e-05;744.9843;0.39675674;238.88344;100.0;0.8924597;373.5713;2389.9333;17.868395;-0.12845173;2.0219684;2.108872;0.08689612;5.3868146;7.2574244;731.6989;2282.4744;-13.267222;7312.0513;-96.85445;-174.60194
1963-04-06;-1.1141764;-2.7552593;-0.10090383;745.768;0.9378772;232.95302;100.0;0.88709575;376.66797;2357.6252;1.4170463;-0.44325647;1.3682097;1.4548004;0.0865981;7.9225936;0.005170703;2128.2827;6045.941;-1206.0325;5953.6104;-334.56555;-324.82
1963-04-07;-0.82091266;-4.2217307;-0.3106575;747.01044;1.0188478;197.42651;100.0;0.88208324;382.42447;2308.7566;0.0037759538;-0.6422382;0.44232607;0.5286187;0.086292624;2.9809456;0.002067536;2754.371;7101.243;-1614.3959;5449.14;-487.16446;-330.11557
1963-04-08;1.1952718;-0.8787842;-0.15656026;746.85895;0.66770506;95.96027;100.0;0.8793621;387.4004;2271.9727;9.114281;-0.17851964;1.8615351;1.947552;0.0860095;7.05925;2.1734424;1846.7517;4736.6255;-604.1461;6694.8457;-129.58333;-174.99695
1963-04-09;0.2146403;0.11783854;0.010098775;743.46655;0.72270864;193.29597;100.0;0.87516356;391.01758;2239.8682;55.517612;-0.041319057;17.735899;18.699556;0.9636581;5.0848517;0.40332228;403.3322;991.8555;166.11694;7501.5537;-31.078888;-77.07445
1963-04-10;1.6125082;-0.8318176;-0.06803004;746.0457;0.8427543;159.36925;100.0;0.862988;394.32812;2190.5518;0.27609468;-0.28922224;3.8277507;3.994584;0.16682595;16.097372;0.0;2638.351;6159.075;-1085.6953;6244.8203;-209.81389;-216.19305
1963-04-11;-0.92036945;-1.4585571;-0.062170666;741.1323;0.7849579;104.3353;100.0;0.8684848;389.3444;2229.37;33.870434;-0.14375803;2.7996154;2.9464364;0.14682859;1.9053407;19.977846;455.54166;1411.0767;-40.8475;7205.088;-110.49944;-141.10638
1963-04-12;-1.37677;-2.5156047;-0.045654297;744.5308;0.97091407;199.57603;100.0;0.87770396;382.8854;2293.5383;3.9205403;-0.47436357;1.1177659;1.2046695;0.08690357;3.787348;2.558507;1741.3672;6062.995;-749.2106;6499.0225;-357.6911;-415.5111
1963-04-13;-0.28538004;-2.483012;-0.12794113;746.9758;0.88529515;175.65044;100.0;0.8736131;386.41733;2262.736;0.15353304;-0.43081212;1.4361888;1.5240461;0.0878647;6.28816;0.09385869;2249.354;6831.985;-1306.3989;5857.0605;-319.43668;-280.66724
1963-04-14;0.34281412;-1.4996033;-0.14957555;744.9035;0.77621245;131.91185;100.0;0.8668824;391.44693;2216.0645;1.2001395;-0.3950335;1.7580688;1.8471628;0.08908659;7.245451;0.15306473;2471.0261;6674.6616;-915.7233;6408.842;-291.19;-309.49667
1963-04-15;-1.7301432;-2.351308;-0.06562042;741.0112;0.870914;135.20079;100.0;0.8621076;393.29947;2192.749;4.557889;-0.31629485;2.3639946;2.513051;0.14904141;7.681284;2.2493749;1413.1995;3817.8462;-512.16;6713.1724;-239.72444;-325.4522
1963-04-16;-1.510376;-5.194458;-0.21334584;740.49603;0.96198326;94.655914;100.0;0.85656524;397.2679;2157.3079;3.2120824;-0.78427607;1.2486726;1.3411045;0.092446804;5.1070156;2.8378162;2850.3062;7182.4683;-1257.1914;5903.1743;-595.73444;-454.09778
1963-04-17;-1.5087076;-2.296112;-0.10411326;739.3575;0.54221934;115.39449;100.0;0.8785594;379.18423;2313.8428;34.775845;-0.17224997;0.6015748;0.69615245;0.09458512;0.67537653;30.719706;516.0122;1998.5734;-266.15222;6922.4956;-131.49445;-150.45667
1963-04-18;-1.6748251;-3.5148926;-0.13480759;742.9489;0.8205916;161.85123;100.0;0.8952574;368.3916;2430.7454;5.2316756;-0.45274943;0.34184754;0.4389435;0.09709597;1.3369508;4.6846533;1575.53;5958.3037;-1043.4778;6076.9062;-340.19446;-326.37888
1963-04-19;-0.96485394;-3.134267;-0.24157207;746.57196;1.0171992;114.48288;100.0;0.89324576;373.73373;2391.9678;0.014623028;-0.47616288;0.95003843;1.0498464;0.09980053;3.9935;0.0053346157;2110.3093;6641.992;-1188.8369;5900.6772;-355.17444;-332.37668
1963-04-20;-0.3525289;-3.3846028;-0.29924646;745.8571;1.1606333;79.43282;100.0;0.8888491;380.18588;2339.681;0.01321733;-0.43758285;1.0323226;1.1348873;0.10256469;4.2720213;0.0044330955;2426.0557;6724.428;-1387.9423;5725.149;-323.12222;-285.6011
1963-04-21;1.089386;-5.583445;-0.30682883;747.48895;1.116071;80.07349;100.0;0.8828586;386.69302;2285.1155;0.0012747969;-0.4437929;1.8041581;1.9095838;0.105425715;7.2128253;0.0;3172.2327;8022.309;-2031.0889;5067.3257;-323.0611;-182.58333
1963-04-22;3.0093791;-2.933075;-0.26435217;748.4838;1.0318669;82.11501;100.0;0.87403077;393.05307;2225.3826;0.0004351138;-0.33142138;3.0006914;3.1456053;0.1449138;9.982221;0.0;3304.0183;7822.3643;-1700.9684;5492.151;-235.63889;-160.10333
1963-04-23;1.5913187;0.044240315;-0.06650162;744.59955;0.48007157;87.325554;100.0;0.86699563;397.90463;2179.8909;16.369432;-0.052217394;6.869033;7.345617;0.47658384;7.0711412;0.497628;1020.0611;2325.1306;-68.48417;7262.048;-36.213333;-69.653336
1963-04-24;0.6467692;0.17100017;-0.016927084;743.05585;0.7697452;153.90645;100.0;0.8572264;400.54556;2141.3982;8.76422;-0.18250197;6.842658;7.7008457;0.8581802;12.180757;0.92332435;1727.1877;3926.0378;-411.56973;6952.8257;-134.31;-204.12445
1963-04-25;0.66204834;-0.34544882;-0.040980022;744.6817;0.5880493;163.13017;100.0;0.8489459;402.6774;2108.968;4.8079343;-0.19473955;4.075229;4.214883;0.13965368;9.419918;1.1242591;1580.3195;3659.5461;-411.43;6927.964;-144.31223;-170.57222
1963-04-26;2.4245605;1.4238993;-0.0009880066;746.993;0.889091;176.2979;100.0;0.8355586;405.58984;2061.4421;2.1007092;-0.18258858;6.6058116;7.5950623;0.9892434;16.346355;0.0;2202.9177;4908.313;-350.835;7126.5757;-130.25111;-171.54222
1963-04-27;0.9069417;-0.828654;-0.022101084;746.54865;0.9862433;171.94756;100.0;0.8193503;408.41666;2007.3649;5.422064;-0.39361697;8.402318;9.759993;1.3576746;16.093506;0.0130832195;2627.1094;5661.422;-812.98;6554.358;-293.51443;-253.71
1963-04-28;-0.5469971;-1.3194376;-0.05332184;742.2852;0.61319184;154.41301;100.0;0.821816;401.57877;2045.166;23.793102;-0.14581718;4.853874;5.1115155;0.25764108;3.8215258;13.166387;812.80225;2603.5845;-439.3625;6757.6494;-108.97889;-150.88445
1963-04-29;-0.47686768;-1.3898112;-0.07301203;741.95435;0.74586105;166.75426;100.0;0.82175875;400.74088;2051.2288;6.310719;-0.27658418;3.2254755;3.4978986;0.27241558;5.6356416;1.8260665;1580.5;4702.036;-540.6614;6759.0347;-205.69778;-261.86
1963-04-30;-0.7687785;-1.3942057;-0.04776891;743.8365;0.8762307;145.93204;100.0;0.82066923;399.4603;2054.4841;8.948709;-0.2604276;3.4800024;3.8505793;0.37058443;6.251715;4.3622146;1484.4338;4490.917;-534.80585;6750.3;-193.92223;-284.81555
1963-05-01;-0.8175252;-2.8054912;-0.07026037;741.56696;0.98276407;51.61084;100.0;0.8165424;401.14584;2035.6445;6.7163935;-0.39873832;3.156811;3.516674;0.35986304;6.297894;3.1507034;1707.0444;4836.547;-641.6639;6604.0244;-298.87555;-247.37889
1963-05-02;-0.7265523;-2.169403;-0.08964793;742.0661;0.87524134;107.78024;100.0;0.81528234;400.03613;2038.4928;4.062146;-0.3592968;2.362177;2.7802587;0.41808188;5.9437156;2.187874;1699.9011;5026.4023;-783.3122;6421.0845;-269.27;-275.83554
1963-05-03;0.5684611;-1.0316467;-0.08121109;743.3845;0.98609585;166.44106;100.0;0.8112979;401.37924;2021.8099;5.2585135;-0.33331478;3.707081;4.1692853;0.46219677;7.565558;1.9508768;2154.4795;6169.1045;-723.7939;6613.5166;-244.27945;-254.47778
1963-05-04;1.5961813;-0.6847432;-0.010454814;744.8613;0.98825794;211.18513;100.0;0.80040604;404.15918;1981.4047;0.33684075;-0.492136;4.7512054;5.4160805;0.66486746;13.257492;0.00069104135;2787.2512;7312.0176;-1024.2103;6380.109;-364.0789;-263.7311
1963-05-05;2.1585186;-0.74490356;-0.03748067;744.3201;0.97258115;104.884285;100.0;0.7858532;407.25034;1930.5826;1.5199295;-0.4628189;6.209314;7.548094;1.3388097;15.781667;0.000230968;3256.8362;7922.967;-1283.0409;6107.041;-338.34222;-263.4822
1963-05-06;2.2538555;0.24968465;-0.041994732;744.105;0.7193424;158.4355;100.0;0.77182555;410.60483;1880.778;3.3536994;-0.22257306;6.3946543;7.5629206;1.1682734;13.963405;0.0;2306.0083;5303.6343;-681.94055;6693.785;-159.85388;-169.13333
1963-05-07;2.5326843;1.3154907;0.00021362305;748.60547;0.9418807;194.44676;100.0;0.7553711;413.4398;1828.2064;1.8914521;-0.2095187;7.6530576;9.327948;1.6748905;17.867804;0.0;2450.172;5404.1733;-469.16306;7024.977;-148.87889;-177.57445
1963-05-08;2.1467488;0.5333455;-0.029474894;750.44244;1.0989205;84.22321;100.0;0.7376318;415.8483;1774.7396;2.2195761;-0.29600784;7.887423;9.7929535;1.9055158;17.796904;0.00063702464;2679.2966;5724.61;-694.2836;6731.926;-215.50111;-225.43777
1963-05-09;1.4353434;0.29570517;-0.014767964;747.34033;0.8507716;76.01321;100.0;0.725656;418.36295;1734.7819;13.753413;-0.05746726;8.560478;10.558695;1.9982383;8.685432;0.017363578;988.8994;2061.9927;-92.40945;7278.8633;-40.485554;-51.307777
1963-05-10;3.174052;1.24646;-0.00066502887;743.24414;0.9269021;83.62754;100.0;0.71092635;420.60156;1691.1621;6.2166014;-0.15511736;9.776369;12.15063;2.3742616;18.676641;0.0;2411.8872;4944.4365;-397.83167;7094.6177;-107.27889;-134.09555
1963-05-11;3.0462544;1.8432007;0.0077845254;742.84625;0.868547;102.465485;100.0;0.69324446;422.4352;1641.6016;4.895723;-0.08864701;8.557394;11.345163;2.7877762;17.114088;0.0;1871.5828;3783.7205;-149.18527;7324.864;-59.877777;-105.096664
1963-05-12;2.5290425;-0.0782369;-0.019302368;747.3493;0.88915926;53.49646;100.0;0.67734003;424.12338;1597.6156;7.0719123;-0.16442221;9.518809;13.36582;3.8470104;15.368041;0.025898218;1850.9828;3698.8;-444.53833;6940.5166;-118.55722;-104.10667
1963-05-13;3.0540264;1.1564535;-0.049152374;748.9421;0.85961556;76.20021;100.0;0.6606054;426.81772;1548.5433;2.0213544;-0.21991226;7.8729687;12.028635;4.155673;18.686712;0.00017136335;2740.031;5429.08;-509.0772;6946.463;-156.44112;-175.42334
1963-05-14;3.907664;2.039032;0.0014826456;748.67804;0.91531485;132.97758;100.0;0.6374142;428.95215;1487.1012;2.9190183;-0.2938211;11.15796;15.996754;4.8388095;25.0686;0.0;3314.0579;6518.63;-577.1542;6990.2534;-209.56833;-196.17444
1963-05-15;2.72347;1.7922465;0.0099652605;747.07983;0.88683933;250.98854;100.0;0.61650866;430.51498;1432.902;30.53109;-0.057084486;20.926088;29.533028;8.606956;18.869352;0.34899637;1887.3173;3685.2834;-19.8825;7482.2324;-35.380554;-108.13778
1963-05-16;2.5630696;0.5220032;0.004070282;748.7922;0.9547665;253.10492;100.0;0.5962649;431.11426;1383.9926;6.154373;-0.42550546;11.154279;20.902634;9.748355;21.790016;0.13836846;3044.3733;6070.5176;-546.5486;6971.5576;-315.30112;-214.77
1963-05-17;2.294566;0.5034993;-0.04434967;749.0478;0.9970909;246.7205;100.0;0.5754246;431.527;1333.903;4.8332987;-0.31480286;10.650664;22.458464;11.807799;21.096453;0.41667;3037.3562;6204.695;-1027.8713;6369.5386;-229.23666;-222.62889
1963-05-18;3.3774822;-0.744751;-0.15839513;749.4671;1.1050895;146.27965;100.0;0.55569094;435.3392;1277.3438;0.017690659;-0.46973395;8.293777;20.5172;12.223423;20.4506;0.00021606684;4142.737;8343.348;-1690.2452;5654.6387;-340.86557;-206.11111
1963-05-19;3.8995972;0.36141968;-0.13299815;749.0779;1.1268772;133.2884;100.0;0.53392893;439.97495;1214.4775;0.2591908;-0.32478106;9.442419;22.543877;13.101459;22.177395;0.0;3932.6055;7834.651;-1360.6708;6033.6826;-228.23389;-172.76334
1963-05-20;2.900645;0.28527832;-0.046117146;747.6028;1.1123095;158.04738;100.0;0.5120017;443.61002;1154.9886;8.161744;-0.41056424;12.198433;25.454908;13.256475;21.837019;0.0;3387.7627;6691.402;-688.69696;6845.391;-299.80444;-174.43777
1963-05-21;3.1144512;1.1136373;-0.03309123;748.2508;1.0094627;228.45125;100.0;0.48649433;445.2311;1093.4244;1.1669786;-0.32320058;11.917904;26.359364;14.441461;26.468563;0.00047683716;3581.2527;7027.4634;-960.3739;6531.1743;-230.995;-207.70111
1963-05-22;3.6709087;-0.42907715;-0.10252126;748.88837;1.1711458;133.28024;100.0;0.4627103;448.19858;1033.2031;0.023187324;-0.55402887;9.439566;26.737854;17.29828;23.696438;0.0028684735;4237.215;8275.579;-1386.9614;6064.8696;-406.53445;-279.14557
1963-05-23;5.262716;-0.27386475;-0.10960007;750.08746;1.1759182;95.86154;100.0;0.43812922;449.62988;975.3825;0.14201105;-0.33357924;10.301172;26.06961;15.768431;24.67103;0.0;4050.4722;7878.74;-1441.331;5977.4453;-233.89223;-115.32889
1963-05-24;6.146464;-1.1316833;-0.11185201;750.3388;1.116768;102.26717;100.0;0.41359186;449.96353;920.3288;0.41684508;-0.35072303;10.026008;24.523348;14.497325;24.356474;0.0;3957.0044;7672.3745;-1278.7755;6170.7354;-247.5089;-103.47444
1963-05-25;5.5505576;1.1846619;-0.08086268;748.2447;1.070313;178.1916;100.0;0.38910782;450.0;865.9261;0.14299154;-0.31123495;9.66093;23.383348;13.722435;24.491459;0.0;3810.37;7369.3877;-1083.9933;6406.8374;-219.39444;-126.78778
1963-05-26;4.568461;1.7954508;-0.05960083;747.3921;1.1273924;186.60106;100.0;0.3634217;450.0;808.8379;2.5073235;-0.3399141;11.631712;25.5149;13.883173;26.133291;0.0;3775.9783;7288.0366;-1020.07056;6481.412;-242.18;-179.70334
1963-05-27;4.068339;0.5762126;-0.1083959;745.3383;1.39862;198.15059;100.0;0.33849093;450.0;753.4993;0.3989598;-0.5393354;9.781778;22.586048;12.80427;24.434055;0.0;4052.969;7810.189;-1337.1919;6092.5923;-397.03;-134.05055
1963-05-28;4.0073853;0.21773274;-0.12679927;746.13794;1.089038;244.0779;100.0;0.3159307;450.0;703.2878;2.1346211;-0.38439035;8.897037;20.721704;11.824682;21.32372;0.0;3675.2444;7074.6846;-1183.7705;6225.464;-278.77667;-157.02888
1963-05-29;3.7747295;1.1436462;-0.089328766;744.9924;0.90542597;196.5197;100.0;0.29553434;450.0;657.55206;2.8659642;-0.15885569;10.068372;22.900373;12.831993;20.567663;0.0;2915.7673;5608.648;-990.7328;6400.6323;-108.636665;-120.68
1963-05-30;3.9229023;2.1454773;-0.085432686;747.65594;1.0475801;199.75574;100.0;0.27358004;450.0;608.9274;1.8664777;-0.30367637;10.864794;23.359268;12.494467;24.77242;0.0015199184;3516.0972;6757.0864;-517.7011;7032.12;-215.95555;-220.73222
1963-05-31;4.2927146;3.294515;0.010019938;747.60394;0.94623566;257.2725;100.0;0.24743629;450.0;550.94403;14.003734;-0.094053335;18.37194;36.396294;18.024363;25.542381;0.0;2711.3345;5206.6943;-172.57278;7411.582;-58.575554;-147.00223
1963-06-01;6.0214233;1.7283121;-0.021575928;749.8698;0.94788533;256.11145;98.38379;0.22011106;450.0;490.43784;7.2312145;-0.32608864;14.215618;33.016533;18.800922;28.167404;0.0;3611.4983;6882.263;-816.7158;6771.6157;-227.05444;-129.99222
1963-06-02;8.115845;2.2552288;-0.18850708;751.44727;1.1412125;248.19777;96.06437;0.19325487;450.0;430.70474;0.37017465;-0.46646595;12.532488;30.976147;18.443651;27.764645;0.0;4209.0015;7917.901;-1428.5605;6068.989;-327.36557;-95.077774
1963-06-03;6.937795;1.7009073;-0.28218588;752.30585;1.2318465;179.32716;94.705894;0.1664428;450.0;371.21582;0.012511015;-0.50244665;11.204868;27.121246;15.916377;26.47068;0.0;4423.9434;8254.412;-1384.06;6138.547;-349.92557;-169.54778
1963-06-04;8.636241;0.74606323;-0.32647958;752.50775;1.1040678;139.49834;94.097496;0.14011808;450.0;312.82553;0.0012921182;-0.55012757;10.864719;27.128235;16.263508;26.423544;0.0;4596.5522;8546.273;-1639.7006;5864.162;-382.98557;-128.30667
1963-06-05;10.829396;-0.6799825;-0.3227005;752.16943;1.1559029;154.9769;93.86328;0.11357435;450.0;253.86555;0.0021941487;-0.61360747;10.930046;25.12218;14.192142;26.17911;0.0;4329.395;8037.1436;-1304.7433;6267.4043;-431.07443;-63.372223
1963-06-06;10.02358;0.77317303;-0.2908821;752.24994;1.3501219;121.78036;93.1722;0.08747244;450.0;195.88216;0.45349598;-0.53707045;11.432812;26.03504;14.602243;25.732803;0.0;3783.4495;7014.271;-1006.37445;6600.15;-376.5411;-53.31
1963-06-07;10.20518;0.41048178;-0.4422315;750.69977;1.2436085;111.01745;89.15527;0.061361432;450.0;137.93945;1.4683902;-0.68649554;12.133211;25.782703;13.649479;26.200302;0.0;4155.7065;7573.3857;-1165.6984;6450.4463;-480.20667;-96.31555
1963-06-08;11.11675;1.3961691;-0.590833;748.7625;1.1240085;160.84996;73.35319;0.036079247;450.0;81.217445;2.1642447;-0.8727526;11.765331;27.511805;15.74649;24.153748;0.0;4354.5293;7571.709;-1219.5673;6491.3555;-607.8922;-156.2111
1963-06-09;10.530314;0.37112427;-0.817262;747.8713;1.6484243;218.5107;39.80664;0.017291704;450.0;38.89974;0.008717179;-2.3025498;4.7043414;20.942883;16.238556;14.770687;0.0;5835.1987;8503.357;-1938.8184;5991.3364;-1612.5511;-422.31223
1963-06-10;9.906891;1.3902893;-0.7357025;749.2459;1.3572246;230.90898;16.941;0.0073304176;450.0;16.357422;0.008586049;-2.8339605;2.1392555;15.590638;13.451397;7.008109;0.0;6327.047;8344.379;-2133.0762;6074.7856;-1970.7655;-784.57556
1963-06-11;8.32603;-0.40671793;-0.38831076;749.3243;1.3592982;180.26137;6.6786294;0.0028895538;450.0;6.4290366;0.24199486;-3.3315346;0.8045882;12.082606;11.277988;2.783682;0.0;6382.525;8053.27;-2168.3955;6092.4653;-2316.1968;-1161.9277
1963-06-12;9.672923;1.5185953;-0.31919098;752.9326;1.1198199;101.75549;2.5685222;0.0011071762;450.0;2.6855469;0.03529191;-3.365688;0.292629;9.988293;9.695664;1.1687577;0.0;6178.0327;7661.79;-2173.744;6302.1855;-2338.0588;-914.7167
1963-06-13;12.07726;2.7101746;-0.120285034;752.5345;1.1512991;138.5612;0.88224286;0.00037753582;450.0;1.2613932;0.0012818319;-4.0452814;0.10409951;8.595943;8.4918585;0.46531484;0.0;6900.742;8490.812;-2491.9373;6209.0366;-2810.1323;-866.0956
1963-06-14;11.858002;2.1036885;-0.1106135;749.00946;1.5144418;175.10406;0.26733398;0.00011432171;433.97983;0.24414062;0.07705398;-4.056567;0.039815903;7.5851083;7.5452924;0.14083087;0.0;6662.6274;8169.27;-2331.6978;6351.4927;-2817.9944;-973.4689
1963-06-15;9.360616;2.9400024;-0.058380127;746.0428;1.2681653;115.63993;0.08577474;3.6915142e-05;428.35904;-7.345365e-21;3.456821;-3.1042714;0.58349967;7.3695927;6.786093;0.03992021;0.0;5773.7505;7066.9023;-2072.3022;6487.951;-2156.4377;-1176.2489
1963-06-16;8.549408;3.9553936;0.007639567;747.2015;0.97755295;84.8889;0.03157552;1.3748805e-05;428.09375;-7.345365e-21;5.2140775;-2.6736743;0.9006113;7.066637;6.166041;0.013526529;0.0;4797.7427;5870.094;-1754.325;6745.279;-1857.3112;-879.7222
1963-06-17;11.181671;-1.0803528;-0.08965429;749.81885;1.0201035;84.91183;0.012369792;5.0465264e-06;428.09375;-7.345365e-21;0.0025749204;-4.2835827;0.0014603138;5.6467056;5.6452527;0.0060535967;0.0;7022.5527;8590.659;-2671.965;6011.622;-2975.662;-859.4089
1963-06-18;13.434479;0.54796344;0.005484263;750.2973;1.1391354;148.13919;0.0039876304;1.66893e-06;428.09375;-7.345365e-21;0.0012814989;-4.271178;0.0004917383;5.2007885;5.200304;0.001937151;0.0;6670.434;8158.5645;-2377.2688;6479.582;-2967.0457;-743.80444
1963-06-19;13.317098;-0.50393677;0.010206859;748.63556;1.7433301;210.53117;0.0008951823;3.5762787e-07;428.09375;-7.345365e-21;0.00085534307;-4.3919272;0.0001937151;4.8181415;4.81794;0.0005401671;0.0;6689.464;8180.7046;-2384.5754;6431.576;-3050.9268;-849.94775
1963-06-20;12.121165;-1.7958883;0.010232289;747.4949;1.482881;192.41457;0.0;-7.3453654e-25;428.09375;-7.345365e-21;0.4581988;-4.112389;0.051289797;4.537225;4.48595;0.00014901161;0.0;6744.815;8247.299;-2433.1821;6260.7754;-2856.7388;-1168.4556
1963-06-21;11.931407;1.4008585;-1.5041708;749.52515;1.1875302;195.88722;0.0;-7.3453654e-25;233.29036;-7.345365e-21;0.0008583069;-3.8332212;0.00010430813;4.1942596;4.194155;4.0978193e-05;0.0;6619.7095;8093.28;-2278.9827;6547.741;-2662.8123;-1177.2556
1963-06-22;11.948395;1.4231567;-0.75290936;750.3205;1.3919683;181.30988;0.0;-7.3453654e-25;108.44138;-7.345365e-21;0.20956993;-3.5055158;0.020712614;3.956765;3.9360375;1.4901161e-05;0.0;6204.0967;7584.021;-2253.0156;6557.0737;-2435.1655;-1179.3822
1963-06-23;12.968455;2.295868;0.009974162;751.3672;0.99873114;118.02123;0.0;-7.3453654e-25;99.99998;-7.345365e-21;0.00044107434;-3.8135593;4.4703484e-05;3.7053823;3.7053452;0.0;0.0;6595.557;8061.608;-2463.6028;6537.183;-2649.1523;-995.75
1963-06-24;13.826996;1.6822205;0.010410309;750.45685;1.3341985;49.55341;0.0;-7.3453654e-25;99.99998;-7.345365e-21;0.0;-3.8993843;0.0;3.4972281;3.4972131;0.0;0.0;6985.209;8536.837;-2686.956;6342.09;-2708.7722;-1084.6355
1963-06-25;14.563477;2.3841858;0.010103862;749.31805;1.2180141;81.50139;0.0;-7.3453654e-25;100.00519;-7.345365e-21;0.33944845;-3.6562736;0.029236078;3.3382177;3.3089967;0.0;0.0;6595.296;8059.2275;-2446.2302;6698.599;-2539.891;-1124.6045
1963-06-26;15.161;0.29652914;0.009880066;751.9357;1.3701304;113.04391;0.0;-7.3453654e-25;99.99998;-7.345365e-21;0.07702708;-3.2378294;0.006377697;3.1450987;3.1387358;0.0;0.0;5900.5674;7209.3677;-2253.4834;6849.4355;-2249.2122;-1003.89886
1963-06-27;15.712189;-0.69929;0.010018666;755.6452;1.3947109;133.06996;0.0;-7.3453654e-25;99.99998;-7.345365e-21;0.0059336415;-3.5553408;0.00043958426;2.9833615;2.9829292;0.0;0.0;6761.9136;8260.659;-2604.3394;6638.126;-2469.7778;-1206.72
1963-06-28;14.514384;4.4440713;0.009863536;755.11346;1.2394084;52.073162;0.0;-7.3453654e-25;99.99998;-7.345365e-21;1.0654926;-3.123874;0.08660555;2.9266028;2.8399973;0.0;0.0;6187.273;7557.6265;-2318.506;7030.839;-2170.0522;-1169.7
1963-06-29;15.097595;5.0863037;0.010220845;752.15656;1.7147905;36.29526;0.0;-7.3453654e-25;99.99998;-7.345365e-21;0.00085532654;-3.316868;7.4505806e-05;2.7087927;2.708733;0.0;0.0;6691.5186;8172.629;-2451.9695;6910.5176;-2304.1177;-1495.8567
1963-06-30;16.396555;3.694682;0.010307312;749.3601;1.098898;59.688694;0.0;-7.3453654e-25;99.99998;-7.345365e-21;0.0024078519;-3.13795;0.00017881393;2.5871992;2.587013;0.0;0.0;6585.3076;8041.858;-2525.4182;7002.3354;-2179.8289;-1315.6844
1963-07-01;16.838135;2.574524;0.010041554;747.62115;0.98629355;140.27942;0.0;-7.3453654e-25;99.99998;-7.345365e-21;0.07104874;-2.7704575;0.005066395;2.4794638;2.4743974;0.0;0.0;6214.3057;7587.7124;-2503.6094;7054.452;-1924.5444;-1342.2433
1963-07-02;16.459543;-0.9031169;0.009925842;747.5103;1.5783747;129.73132;0.0;-7.3453654e-25;99.99998;-7.345365e-21;0.00044107434;-2.7617822;2.9802322e-05;2.3698807;2.3698435;0.0;0.0;6939.4224;8472.025;-2878.9504;6641.4976;-1918.5178;-1699.1945
1963-07-03;14.718068;1.1086527;0.010197957;746.614;1.5765971;145.0581;0.0;-7.3453654e-25;99.99998;-7.345365e-21;0.07502735;-2.0201075;0.0050216913;2.2779255;2.2728965;0.0;0.0;5843.2;7132.9033;-2306.6428;7064.915;-1403.3011;-1843.1945
1963-07-04;12.947957;4.2207236;0.009902954;747.25073;1.1624147;171.3012;0.0;-7.3453654e-25;99.99998;-7.345365e-21;3.6222758;-1.9367076;0.29224157;2.4755895;2.183333;0.0;0.0;5687.052;6941.2544;-2138.5583;7174.5474;-1345.3656;-1857.8944
1963-07-05;13.243642;4.1076255;0.009885152;747.6883;1.3851441;178.9585;0.0;-7.3453654e-25;100.00259;-7.345365e-21;1.3595791;-2.484927;0.0937134;2.1942258;2.1005125;0.0;0.0;5737.2188;7001.743;-2233.8467;6911.438;-1726.1956;-1647.47
1963-07-06;14.488698;1.0209757;0.009822845;748.61993;1.4329602;144.39224;0.0;-7.3453654e-25;99.99998;-7.345365e-21;0.0025769533;-2.659225;0.00016391277;2.0225496;2.0223782;0.0;0.0;6219.3203;7589.0083;-2505.375;6731.312;-1847.2755;-1586.7311
1963-07-07;14.243988;2.0572205;0.01001358;748.4707;1.3771243;122.8296;0.0;-7.3453654e-25;99.99998;-7.345365e-21;0.0012919072;-2.5030468;8.940697e-05;1.9484162;1.9483194;0.0;0.0;6337.395;7732.0107;-2545.6716;6796.433;-1738.7833;-1666.67
1963-07-08;14.4426985;3.1272583;0.009927114;748.28345;1.3447272;118.47086;0.0;-7.3453654e-25;99.99998;-7.345365e-21;0.0011980532;-2.2895374;7.4505806e-05;1.8785596;1.8785;0.0;0.0;6382.328;7785.665;-2569.9382;6889.6934;-1590.4656;-1821.3323
1963-07-09;15.696503;3.446513;0.009942372;749.0086;1.2584695;102.53552;0.0;-7.3453654e-25;99.99998;-7.345365e-21;0.00085234636;-2.1789558;5.9604645e-05;1.8125474;1.8125027;0.0;0.0;6697.0938;8168.763;-2817.8616;6788.3345;-1513.6478;-1879.6
1963-07-10;16.568705;3.43219;0.010209401;749.9214;1.2233292;105.30328;0.0;-7.3453654e-25;100.03416;-7.345365e-21;0.0;-2.0040534;0.0;1.7500222;1.7500296;0.0;0.0;6545.1265;7982.3784;-2788.8455;6984.9688;-1392.1489;-1817.09
1963-07-11;17.915792;4.4276223;0.0099487305;749.9085;1.2033647;77.74428;0.0;-7.3453654e-25;100.00519;-7.345365e-21;0.0;-1.8990617;0.0;1.6908944;1.6909093;0.0;0.0;6593.124;8039.9263;-2825.3428;7143.68;-1319.2156;-1867.6855
1963-07-12;18.298197;4.675232;0.009906769;747.77216;1.237173;80.30368;0.0;-7.3453654e-25;99.99998;-7.345365e-21;0.0068128104;-1.7858986;0.00032782555;1.6351938;1.6348586;0.0;0.0;6463.7793;7881.181;-2787.699;7291.0654;-1240.6045;-1865.9623
1963-07-13;19.006632;4.8528543;0.010007222;747.7238;1.2497361;121.7476;0.0;-7.3453654e-25;99.99998;-7.345365e-21;0.013369536;-1.6872529;0.00081956387;1.5825927;1.5817434;0.0;0.0;6515.7563;7943.5864;-2818.4714;7289.1255;-1172.0778;-1991.2866
1963-07-14;18.101633;0.88911945;0.009538014;747.1838;1.6155525;134.44998;0.0;-7.3453654e-25;99.99998;-7.345365e-21;0.0008464195;-1.644006;5.9604645e-05;1.5313923;1.5313551;0.0;0.0;6928.5815;8445.726;-3103.6184;6901.48;-1142.0366;-2300.42
1963-07-15;16.315216;1.6514181;0.009705861;748.45996;1.2236577;110.51769;0.0;-7.3453654e-25;99.99998;-7.345365e-21;0.04171729;-1.29308;0.0019669533;1.4858693;1.4839098;0.0;0.0;5451.259;6643.988;-2459.6829;7346.351;-898.2589;-1788.8112
1963-07-16;16.667093;1.0366007;0.010101318;749.5811;1.418219;154.2804;0.0;-7.3453654e-25;99.99998;-7.345365e-21;0.0;-1.4776475;0.0;1.4387965;1.4387965;0.0;0.0;6675.5884;8134.3657;-3019.594;6830.181;-1026.4722;-2305.271
1963-07-17;17.908468;-2.7569072;0.010022481;750.6519;1.2688959;177.64948;0.0;-7.3453654e-25;99.99998;-7.345365e-21;0.0008821487;-1.5201699;5.9604645e-05;1.3955832;1.3955384;0.0;0.0;6910.6245;8419.048;-3245.0955;6690.5835;-1056.0111;-2164.3533
1963-07-18;18.945017;-3.0754597;0.010031383;751.53326;1.3083845;133.94234;0.0;-7.3453654e-25;99.99998;-7.345365e-21;0.0;-1.5500374;0.0;1.3542175;1.3542175;0.0;0.0;6914.7114;8422.1;-3266.3445;6846.2734;-1076.7589;-2033.2433
1963-07-19;20.358704;4.041565;0.010173798;751.68115;1.192268;95.97378;0.0;-7.3453654e-25;99.99998;-7.345365e-21;0.00616739;-1.4499016;0.00031292439;1.3150573;1.3147593;0.0;0.0;6404.9844;7799.5537;-2856.6438;7473.191;-1007.19775;-1948.0978
1963-07-20;20.31722;5.4877114;0.00999705;751.79474;1.1483574;79.21279;0.0;-7.3453654e-25;100.00259;-7.345365e-21;0.009524822;-1.2969673;0.00044703484;1.2776852;1.2772455;0.0;0.0;5782.721;7040.12;-2681.3567;7620.8843;-900.96;-1728.9133
1963-07-21;20.888071;6.0941873;0.009999593;750.65063;1.5012836;57.96639;0.0;-7.3453654e-25;99.99998;-7.345365e-21;0.00044276158;-1.3729222;2.9802322e-05;1.2414157;1.2414083;0.0;0.0;6243.8804;7599.983;-2797.7332;7614.733;-953.7222;-1970.07
1963-07-22;21.547537;4.1186523;0.009807587;748.2544;1.4439961;99.19125;0.0;-7.3453654e-25;99.99998;-7.345365e-21;0.00042617318;-1.3603344;2.9802322e-05;1.2070537;1.2070312;0.0;0.0;6472.1816;7876.0757;-3001.2273;7403.0615;-944.98;-2046.3855
1963-07-23;18.768433;4.7936606;0.010060628;747.5037;1.5805058;158.43697;0.0;-7.3453654e-25;99.99998;-7.345365e-21;0.037926435;-1.1653528;0.0018775463;1.1761189;1.1742264;0.0;0.0;6147.4033;7479.255;-2580.9722;7608.0166;-809.5311;-2394.14
1963-07-24;18.229422;2.5412292;0.00969696;749.727;1.5125432;184.29744;0.0;-7.3453654e-25;99.99998;-7.345365e-21;0.14407383;-1.1697375;0.008076429;1.1510998;1.1430309;0.0;0.0;6191.77;7531.4277;-2834.0679;7219.109;-812.5789;-2427.0579
1963-07-25;18.208963;-1.1794332;0.009882609;751.4134;1.3163034;235.57024;0.0;-7.3453654e-25;99.99998;-7.345365e-21;0.00171991;-1.2894636;9.685755e-05;1.1130571;1.1129677;0.0;0.0;6865.2046;8348.773;-3347.2405;6644.6187;-895.7478;-2329.6746
1963-07-26;18.115631;-4.122345;0.010016124;750.2525;1.3960123;143.6127;0.0;-7.3453654e-25;99.99998;-7.345365e-21;0.00087114796;-1.2317356;4.4703484e-05;1.0841042;1.0840595;0.0;0.0;6934.9062;8431.616;-3526.709;6443.7593;-855.64557;-2257.8777
1963-07-27;17.79714;-1.866333;0.009983063;748.3474;1.3679733;109.154015;0.0;-7.3453654e-25;99.99998;-7.345365e-21;0.00042617318;-1.1816789;2.9802322e-05;1.0563284;1.0563061;0.0;0.0;6596.7065;8018.6045;-3161.846;6881.426;-820.87335;-2183.4167
1963-07-28;18.71929;4.1097817;0.009702046;749.7541;1.3446308;70.60439;0.0;-7.3453654e-25;100.00519;-7.345365e-21;0.00042617318;-1.1264318;2.9802322e-05;1.0296702;1.0296478;0.0;0.0;6312.992;7672.063;-2952.3625;7245.209;-782.49445;-2139.531
1963-07-29;20.25595;4.713674;0.009728749;750.63257;1.512599;94.261086;0.0;-7.3453654e-25;100.00519;-7.345365e-21;0.0025719393;-1.1755004;0.00013411045;1.0041147;1.003988;0.0;0.0;6671.4487;8105.906;-3118.294;7218.45;-816.5811;-2227.9722
1963-07-30;21.033691;3.8256836;0.009938558;750.6975;1.5533522;109.78593;0.0;-7.3453654e-25;99.99998;-7.345365e-21;0.0012844794;-1.1563636;7.4505806e-05;0.9793341;0.97926706;0.0;0.0;6490.7363;7884.5225;-3059.4978;7378.604;-803.2878;-2166.1956
1963-07-31;21.14271;3.868225;0.009737651;750.3369;1.5244408;103.78597;0.0;-7.3453654e-25;99.99998;-7.345365e-21;0.0017374754;-1.1349264;7.4505806e-05;0.95559657;0.95552206;0.0;0.0;6419.461;7796.2515;-3062.8687;7400.951;-788.39557;-2120.5322
1963-08-01;20.162973;3.5598857;0.009705861;748.404;1.5591582;122.40859;0.0;-7.3453654e-25;99.99998;-7.345365e-21;0.0020772219;-1.0102652;8.940697e-05;0.9328276;0.9327382;0.0;0.0;6054.4136;7351.2524;-2960.1372;7300.433;-701.7978;-2121.0044
1963-08-02;17.511658;2.6409302;0.009708405;746.5473;1.3777994;143.08586;0.0;-7.3453654e-25;99.99998;-7.345365e-21;0.3261298;-0.98511946;0.016972423;0.9280294;0.911057;0.0;0.0;5684.431;6900.568;-2630.9712;7347.951;-684.33;-2170.3833
1963-08-03;17.019388;0.73776245;0.010025024;747.0363;1.5366335;155.60106;0.0;-7.3453654e-25;99.99998;-7.345365e-21;0.0;-1.0060976;0.0;0.89018047;0.89018047;0.0;0.0;6352.1685;7709.2593;-2984.4294;6946.501;-698.9033;-2557.9277
1963-08-04;16.514719;-0.42642212;0.009866078;749.78613;1.5564628;145.58258;0.0;-7.3453654e-25;99.99998;-7.345365e-21;0.000500679;-0.9803111;2.9802322e-05;0.8699298;0.86989254;0.0;0.0;6630.3633;8045.0176;-3130.3787;6740.7056;-680.99;-2594.5012
1963-08-05;16.971292;-1.6305542;0.010014852;751.48285;1.4265852;136.35722;0.0;-7.3453654e-25;99.99998;-7.345365e-21;0.00044107434;-0.97375923;2.9802322e-05;0.85029006;0.85026026;0.0;0.0;6694.8784;8121.547;-3267.412;6642.0913;-676.43665;-2522.081
1963-08-06;17.129404;-0.77230835;0.009937286;750.6197;1.3182737;110.65323;0.0;-7.3453654e-25;99.99998;-7.345365e-21;0.00044107434;-0.9762459;2.9802322e-05;0.831306;0.8312911;0.0;0.0;6520.6855;7908.521;-3204.7905;6795.492;-678.1655;-2295.6733
1963-08-07;18.016214;3.2222798;0.009727478;749.0022;1.3536716;79.84909;0.0;-7.3453654e-25;99.99998;-7.345365e-21;0.0004351138;-0.9799469;2.9802322e-05;0.81294775;0.81291795;0.0;0.0;6496.1143;7877.0435;-3124.7966;7033.9478;-680.73553;-2282.1477
1963-08-08;17.826498;4.1416116;0.009994507;747.9961;1.4752102;75.50255;0.0;-7.3453654e-25;100.00259;-7.345365e-21;0.0008583909;-0.91833436;4.4703484e-05;0.7952452;0.79520047;0.0;0.0;6333.5977;7678.3154;-3041.953;7064.3887;-637.93555;-2335.5156
1963-08-09;17.63729;2.653056;0.01003011;748.4663;1.5357656;99.02006;0.0;-7.3453654e-25;99.99998;-7.345365e-21;0.00044107434;-0.9079203;2.9802322e-05;0.77810884;0.77809393;0.0;0.0;6320.1006;7660.2183;-2984.1428;7104.899;-630.7022;-2402.3188
1963-08-10;17.82073;3.5108032;0.009708405;750.53107;1.3598527;53.400177;0.0;-7.3453654e-25;99.99998;-7.345365e-21;0.0;-0.8361805;0.0;0.76162815;0.76162815;0.0;0.0;5781.1895;7005.6606;-2782.9111;7305.1655;-580.86664;-2137.0588
1963-08-11;19.349823;2.520274;0.010000865;749.4107;1.1978045;81.67141;0.0;-7.3453654e-25;100.00259;-7.345365e-21;0.0004408974;-0.9685289;2.9802322e-05;0.745669;0.74564666;0.0;0.0;6477.4683;7847.495;-3226.7595;7079.858;-672.80554;-2149.5522
1963-08-12;19.934153;0.14246623;0.010052999;747.67163;1.2989105;107.70523;0.0;-7.3453654e-25;99.99998;-7.345365e-21;0.00085234636;-0.95341915;4.4703484e-05;0.7301271;0.7300824;0.0;0.0;6424.318;7781.351;-3241.7644;7098.3643;-662.3078;-2141.6768
1963-08-13;19.036936;0.97177124;0.010199229;748.1697;1.5748425;108.813934;0.0;-7.3453654e-25;99.99998;-7.345365e-21;0.0004878662;-0.856759;2.9802322e-05;0.7151365;0.7151067;0.0;0.0;6157.1357;7455.9976;-3140.6633;7012.2163;-595.16113;-2182.7366
1963-08-14;17.356812;4.727122;0.009919484;749.0777;1.257498;81.40511;0.0;-7.3453654e-25;100.00519;-7.345365e-21;0.86493194;-0.92721266;0.043705106;0.7444769;0.7007718;0.0;0.0;5520.918;6684.0444;-2676.2905;7345.33;-644.10333;-1975.0834
1963-08-15;14.47639;7.8626914;0.009465535;750.0196;1.4038296;75.07879;0.0;-7.3453654e-25;99.99998;-7.345365e-21;15.346869;-1.2318473;1.0795742;1.7667711;0.6871894;0.0;0.0;4865.8833;5889.9194;-2283.9644;7316.3213;-855.7233;-1850.3633
1963-08-16;14.532654;6.98527;0.00944519;751.79083;1.7317729;41.451702;0.0;-7.3453654e-25;100.00779;-7.345365e-21;0.14171004;-3.306957;0.007763505;0.68201125;0.67426264;0.0;0.0;5602.305;6780.347;-2158.407;7112.649;-2297.2322;-1288.0934
1963-08-17;16.860281;5.753428;0.0074857078;751.97876;1.2718668;57.34219;0.0;-7.3453654e-25;100.00779;-7.345365e-21;0.0;-3.2567475;0.0;0.66149235;0.66149235;0.0;0.0;6149.7446;7442.08;-2500.653;7001.073;-2262.3533;-1187.9675
1963-08-18;16.91393;6.3683167;0.010142009;751.6714;1.4441365;35.585407;0.0;-7.3453654e-25;99.99998;-7.345365e-21;1.6232729;-2.753971;0.10602176;0.75505674;0.6490499;0.0;0.0;5512.422;6670.155;-2252.3384;7323.251;-1913.0922;-1181.3212
1963-08-19;17.760885;7.513987;0.010190328;751.5772;1.4474512;45.59973;0.0;-7.3453654e-25;100.00259;-7.345365e-21;0.266476;-2.761498;0.01385808;0.650838;0.63696504;0.0;0.0;6050.5176;7320.2617;-2446.0505;7246.1865;-1918.32;-1406.2689
1963-08-20;19.469492;4.403534;0.010168712;752.12115;1.2544669;99.77064;0.0;-7.3453654e-25;99.99998;-7.345365e-21;0.00044107434;-2.5926297;2.9802322e-05;0.6251633;0.62512606;0.0;0.0;5994.0283;7251.066;-2539.727;7373.5435;-1801.0133;-1296.4889
1963-08-21;19.136728;4.825714;0.010025024;752.09814;1.2069422;76.85871;0.0;-7.3453654e-25;100.00519;-7.345365e-21;0.012555718;-2.009079;0.00055134296;0.61421096;0.6136596;0.0;0.0;5427.583;6564.8794;-2490.7212;7430.262;-1395.64;-1279.2711
1963-08-22;18.88324;5.6315002;0.010100047;750.785;1.1357323;96.1771;0.0;-7.3453654e-25;99.99998;-7.345365e-21;0.0149823055;-1.6103433;0.0006854534;0.6032288;0.60254335;0.0;0.0;5431.749;6569.2217;-2573.1677;7398.12;-1118.6511;-1469.9933
1963-08-23;19.607828;-1.7368673;0.010000865;749.6545;1.4296197;159.19069;0.0;-7.3453654e-25;99.99998;-7.345365e-21;0.0;-1.3622754;0.0;0.5916953;0.5916804;0.0;0.0;6189.025;7484.1235;-3172.8997;6819.8047;-946.32666;-1825.15
1963-08-24;18.783243;-3.879649;0.009815216;750.4229;1.4965849;127.19504;0.0;-7.3453654e-25;99.99998;-7.345365e-21;0.0;-1.029469;0.0;0.5811006;0.5811006;0.0;0.0;6181.795;7474.4907;-3233.5015;6636.5635;-715.13776;-2095.4321
1963-08-25;17.43159;-1.4284973;0.0098012285;751.0147;1.1901053;103.4486;0.0;-7.3453654e-25;99.99998;-7.345365e-21;0.0012872579;-0.92706645;7.4505806e-05;0.5708635;0.5708039;0.0;0.0;6062.8755;7329.711;-3138.7346;6737.298;-644.0022;-1979.2078
1963-08-26;16.918112;1.6234537;0.009661357;749.9554;1.3486992;109.82272;0.0;-7.3453654e-25;99.99998;-7.345365e-21;0.0020205975;-0.8018436;8.940697e-05;0.5608797;0.56078285;0.0;0.0;5564.441;6726.2993;-2750.9534;7112.1245;-557.01447;-2007.5745
1963-08-27;16.703033;1.8051453;0.009862264;748.7315;1.303713;113.59732;0.0;-7.3453654e-25;99.99998;-7.345365e-21;0.5006522;-0.8908454;0.0256747;0.57676435;0.55108964;0.0;0.0;5739.6006;6937.2354;-2991.8076;6810.9634;-618.8411;-1979.4767
1963-08-28;16.26177;0.44902548;0.009860992;749.5407;1.3294573;126.89508;0.0;-7.3453654e-25;99.99998;-7.345365e-21;0.023975968;-0.90641993;0.0009685755;0.5426705;0.54169446;0.0;0.0;5599.3184;6766.781;-2831.8708;6828.8223;-629.66;-2045.14
1963-08-29;16.436005;-3.7014263;0.01001358;749.5605;1.3184956;208.23793;0.0;-7.3453654e-25;99.99998;-7.345365e-21;0.0012898882;-0.819467;6.7055225e-05;0.5326122;0.5325377;0.0;0.0;6048.4634;7308.849;-3212.7104;6408.616;-569.25665;-2147.8032
1963-08-30;15.393199;-3.8267415;0.010108948;749.7515;1.2905223;248.1703;0.0;-7.3453654e-25;99.99998;-7.345365e-21;0.0;-0.7441845;0.0;0.5236119;0.5236119;0.0;0.0;5995.657;7244.231;-3180.9373;6370.432;-516.96;-2163.1455
1963-08-31;15.986603;-2.085317;0.009702046;750.3142;1.1312362;96.335335;0.0;-7.3453654e-25;99.99998;-7.345365e-21;0.0;-0.76282954;0.0;0.5148947;0.5148947;0.0;0.0;5788.7153;6993.322;-3099.8928;6623.9424;-529.91223;-1913.2345
1963-09-01;17.080313;-3.4664204;0.009890239;750.86066;1.2134091;131.28966;0.0;-7.3453654e-25;99.99998;-7.345365e-21;0.00042617318;-0.75120384;2.9802322e-05;0.50638616;0.5063638;0.0;0.0;5881.4663;7104.5356;-3236.5513;6521.7456;-521.8367;-1909.82
1963-09-02;17.004547;-7.2812905;0.010194142;749.12524;1.3563347;124.56933;0.0;-7.3453654e-25;99.99998;-7.345365e-21;0.000856328;-0.71141404;4.4703484e-05;0.49811602;0.4980862;0.0;0.0;5947.5;7183.4507;-3377.6614;6278.1367;-494.19556;-1924.7611
1963-09-03;15.69341;-2.2577107;0.010147095;747.863;1.385335;151.67049;0.0;-7.3453654e-25;99.99998;-7.345365e-21;0.0027169127;-0.630917;0.00011920929;0.4901886;0.49007684;0.0;0.0;5657.7466;6832.5757;-3030.3972;6495.1724;-438.27667;-2114.341
1963-09-04;14.263316;-5.1737976;0.010023753;748.5185;1.2662567;142.16896;0.0;-7.3453654e-25;99.99998;-7.345365e-21;0.0008553266;-0.63697994;4.4703484e-05;0.48230588;0.48227608;0.0;0.0;5847.896;7061.3604;-3274.4878;6107.5215;-442.4878;-2127.8755
1963-09-05;13.469808;-6.6885476;0.010058085;750.1551;1.2196676;158.56929;0.0;-7.3453654e-25;99.99998;-7.345365e-21;0.0;-0.6006025;0.0;0.4746914;0.47468394;0.0;0.0;5789.7974;6990.485;-3246.8784;5997.3306;-417.2189;-2106.8655
1963-09-06;13.10437;-4.3506875;0.010360718;750.6804;1.1580307;90.14227;0.0;-7.3453654e-25;99.99998;-7.345365e-21;0.00085234636;-0.61832553;5.9604645e-05;0.46733022;0.46727806;0.0;0.0;5692.154;6871.626;-3130.9995;6222.8477;-429.5311;-1961.4545
1963-09-07;12.89564;1.5005188;0.010092418;751.1468;1.3706251;86.81475;0.0;-7.3453654e-25;99.99998;-7.345365e-21;0.1208365;-0.5539563;0.00590086;0.4659891;0.46008825;0.0;0.0;4929.523;5950.1177;-2468.455;6942.3594;-384.81445;-1877.2145
1963-09-08;12.273376;1.2720236;0.010018666;752.0154;1.7533242;46.250233;0.0;-7.3453654e-25;99.99998;-7.345365e-21;0.0050604343;-0.5612299;0.00023841858;0.45341253;0.4531294;0.0;0.0;5158.7627;6226.344;-2746.004;6495.164;-389.86667;-2035.2156
1963-09-09;11.947784;-0.87472534;0.009852092;751.8946;1.9024175;35.792545;0.0;-7.3453654e-25;99.99998;-7.345365e-21;0.00086045597;-0.5456582;4.4703484e-05;0.44637918;0.44634938;0.0;0.0;5566.2646;6717.3613;-3089.791;6009.5703;-379.05112;-2153.291
1963-09-10;14.233968;-5.300649;0.010136922;751.61664;1.2371377;57.327045;0.0;-7.3453654e-25;99.99998;-7.345365e-21;0.0;-0.62195677;0.0;0.43967366;0.43967366;0.0;0.0;5592.6357;6748.384;-3266.6267;6068.0;-432.05334;-1683.9066
1963-09-11;15.412129;-5.9296365;0.009798686;752.5483;1.1579312;100.59528;0.0;-7.3453654e-25;99.99998;-7.345365e-21;0.00044107434;-0.62631255;2.9802322e-05;0.43314695;0.43310225;0.0;0.0;5500.2173;6636.074;-3174.3958;6309.782;-435.0778;-1655.1544
1963-09-12;14.9947405;-5.9999185;0.010017395;753.89764;1.2190837;139.32469;0.0;-7.3453654e-25;99.99998;-7.345365e-21;0.0008523463;-0.5912185;2.9802322e-05;0.42673945;0.42669475;0.0;0.0;5482.1787;6613.508;-3186.3428;6226.289;-410.7;-1757.1133
1963-09-13;15.106761;-6.5558777;0.010105133;753.2802;1.1838207;119.53452;0.0;-7.3453654e-25;99.99998;-7.345365e-21;0.00043511385;-0.5944036;1.4901161e-05;0.42045116;0.42043626;0.0;0.0;5422.7666;6541.021;-3163.9863;6272.8926;-412.9111;-1676.6213
1963-09-14;14.805074;-6.4532065;0.010082245;751.5296;1.3066682;132.64653;0.0;-7.3453654e-25;99.99998;-7.345365e-21;0.00067353237;-0.55871063;1.4901161e-05;0.4143566;0.4143268;0.0;0.0;5280.6787;6368.8433;-3068.8452;6288.7256;-388.11667;-1739.8645
1963-09-15;13.775044;-3.8539734;0.00985082;751.97076;1.4561771;135.62338;0.0;-7.3453654e-25;99.99998;-7.345365e-21;0.517714;-0.560279;0.024914742;0.43338537;0.40847063;0.0;0.0;4374.3115;5275.28;-2377.401;6755.324;-389.20667;-1557.8811
1963-09-16;13.78062;-1.9674276;0.009963989;752.7671;1.3313667;138.90858;0.0;-7.3453654e-25;99.99998;-7.345365e-21;0.0013304034;-0.6245356;5.9604645e-05;0.4028678;0.4028082;0.0;0.0;5009.918;6036.3843;-2580.2527;6660.488;-433.8439;-1900.5667
1963-09-17;14.34199;-2.850423;0.009942372;753.4697;1.1769096;110.77393;0.0;-7.3453654e-25;99.99998;-7.345365e-21;0.6256044;-0.66158456;0.03321469;0.43040514;0.39717555;0.0;0.0;5092.537;6130.5693;-2787.4233;6462.8896;-459.58112;-1772.07
1963-09-18;15.370585;-4.349243;0.010058085;753.08624;1.3588905;202.72784;0.0;-7.3453654e-25;99.99998;-7.345365e-21;0.09120431;-0.76987875;0.004440546;0.39611757;0.39168447;0.0;0.0;5061.6055;6087.9893;-2765.6257;6447.298;-534.80945;-1671.2167
1963-09-19;14.929372;-4.1354675;0.010097504;752.8225;1.33954;228.54997;0.0;-7.3453654e-25;99.99998;-7.345365e-21;0.0019729137;-0.6391322;8.940697e-05;0.3864169;0.3863275;0.0;0.0;4976.5723;5980.515;-2746.058;6439.35;-443.98334;-1732.4434
1963-09-20;13.683533;-2.917216;0.009798686;752.0738;1.4567271;215.59222;0.0;-7.3453654e-25;99.99998;-7.345365e-21;0.18668462;-0.531869;0.009045005;0.3901422;0.38110465;0.0;0.0;4729.0327;5678.041;-2552.6184;6524.559;-369.4711;-1786.1566
1963-09-21;11.780559;-1.7001139;0.010450999;749.9258;1.5676016;151.73753;0.0;-7.3453654e-25;99.99998;-7.345365e-21;0.7215977;-0.62966996;0.03518164;0.41125715;0.3760755;0.0;0.0;4648.829;5576.8926;-2540.6025;6355.7114;-437.4111;-1825.2855
1963-09-22;9.808746;-1.6812643;0.010195415;751.4346;1.3456203;141.09952;0.0;-7.3453654e-25;99.99998;-7.345365e-21;0.0385195;-0.6530639;0.0014305115;0.37258863;0.37116557;0.0;0.0;4843.125;5804.9165;-2581.891;6183.0254;-453.6611;-1897.5311
1963-09-23;11.400258;-0.9438985;0.010163625;756.59296;1.2281197;105.0181;0.0;-7.3453654e-25;99.99998;-7.345365e-21;0.11281967;-0.615404;0.0047832727;0.37111342;0.3663376;0.0;0.0;4609.533;5519.921;-2392.68;6566.991;-427.5;-1612.6989
1963-09-24;12.289978;-1.5153198;0.010007222;758.9356;1.3571028;122.289894;0.0;-7.3453654e-25;99.99998;-7.345365e-21;0.31208992;-0.45960212;0.014781952;0.37643313;0.36166608;0.0;0.0;3363.5789;4024.699;-1909.8422;7017.4233;-319.27;-1096.4288
1963-09-25;13.582764;-3.5143025;0.010133107;757.4659;0.84808993;110.307;0.0;-7.3453654e-25;99.99998;-7.345365e-21;0.050592422;-0.5931258;0.0023245811;0.3594458;0.35712123;0.0;0.0;3641.0093;4352.824;-2251.5012;6744.834;-412.02444;-971.5611
1963-09-26;14.395701;-5.245687;0.010211945;754.73755;1.2173566;220.9986;0.0;-7.3453654e-25;99.99998;-7.345365e-21;0.0025740974;-0.5788468;0.00012665987;0.35269558;0.35257638;0.0;0.0;4565.6807;5453.52;-2624.7454;6464.888;-402.10443;-1479.5239
1963-09-27;13.161987;-5.1360474;0.009869893;753.9724;1.0939624;201.85492;0.0;-7.3453654e-25;99.99998;-7.345365e-21;0.0004351138;-0.5549118;1.4901161e-05;0.34809113;0.34807622;0.0;0.0;4985.4087;5949.65;-3102.0742;5883.2056;-385.47888;-1457.37
1963-09-28;12.866658;-5.400543;0.0097846985;755.58673;1.2249615;117.75641;0.0;-7.3453654e-25;99.99998;-7.345365e-21;0.0008583069;-0.5252827;2.9802322e-05;0.34368038;0.34365058;0.0;0.0;4978.5474;5936.3364;-3156.8682;5840.6763;-364.89667;-1387.6755
1963-09-29;12.846578;-8.560326;0.009694417;755.9351;1.228785;127.194496;0.0;-7.3453654e-25;99.99998;-7.345365e-21;0.0012814989;-0.5127536;5.9604645e-05;0.33935905;0.33929944;0.0;0.0;4896.372;5833.299;-3107.6667;5908.297;-356.19333;-1352.3478
1963-09-30;12.895762;-7.5742593;0.010194142;753.8279;1.1998065;180.1579;0.0;-7.3453654e-25;99.99998;-7.345365e-21;0.0004351138;-0.4850626;1.4901161e-05;0.3350526;0.3350377;0.0;0.0;4799.5703;5713.072;-2938.235;6093.9946;-336.95612;-1400.5734
1963-10-01;11.817922;-3.6373596;0.009848277;753.08307;1.1733468;169.2079;0.0;-7.3453654e-25;99.99998;-7.345365e-21;0.0017290695;-0.406852;8.940697e-05;0.3309846;0.33090264;0.0;0.0;4446.213;5287.858;-2706.0872;6162.786;-282.62668;-1507.2833
1963-10-02;10.9375;-2.2383626;0.0099436445;754.627;1.1277643;105.97296;0.0;-7.3453654e-25;99.99998;-7.345365e-21;0.0012814989;-0.41713938;5.9604645e-05;0.32693148;0.32686442;0.0;0.0;4526.148;5378.32;-2641.9548;6245.926;-289.77335;-1532.1578
1963-10-03;10.9678955;-2.572052;0.0099817915;754.7229;1.1797694;132.30959;0.0;-7.3453654e-25;99.99998;-7.345365e-21;0.0;-0.42196548;0.0;0.32287836;0.32289326;0.0;0.0;4653.7666;5525.1567;-2808.6206;6054.9834;-293.12555;-1561.5645
1963-10-04;9.954488;-4.250132;0.009901683;754.1661;1.1055964;100.30833;0.0;-7.3453654e-25;99.99998;-7.345365e-21;0.012898544;-0.39807147;0.00055134296;0.3195554;0.3190115;0.0;0.0;4458.686;5288.9385;-2751.1738;5976.0645;-276.52777;-1468.331
1963-10-05;8.618419;-1.7446594;0.010246277;753.3542;1.0785975;122.65647;0.0;-7.3453654e-25;99.99998;-7.345365e-21;0.692595;-0.52978843;0.032916665;0.34816563;0.31525642;0.0;0.0;4057.3806;4808.795;-2305.2363;6334.57;-368.02667;-1444.5533
1963-10-06;8.271088;-0.4480184;0.010026296;753.17426;1.1341473;130.5725;0.0;-7.3453654e-25;99.99998;-7.345365e-21;1.349186;-0.596866;0.07537007;0.38698316;0.3116429;0.0;0.0;3672.734;4349.175;-2083.818;6483.046;-414.62222;-1277.9711
1963-10-07;9.246989;-1.5095927;0.010093689;754.36084;1.0556418;118.79306;0.0;-7.3453654e-25;99.99998;-7.345365e-21;0.13827682;-0.7546879;0.006645918;0.31471252;0.3080815;0.0;0.0;4153.8447;4914.7334;-2401.2634;6206.74;-524.25665;-1249.2922
1963-10-08;10.041412;-3.0482483;0.010149638;756.1634;1.0159206;94.732216;0.0;-7.3453654e-25;99.99998;-7.345365e-21;0.0;-0.7243976;0.0;0.30452013;0.30450523;0.0;0.0;4359.2886;5153.3438;-2557.3123;6149.769;-503.21555;-1249.1666
1963-10-09;10.58665;-1.0807902;0.010103862;756.84814;1.0066727;86.47128;0.0;-7.3453654e-25;99.99998;-7.345365e-21;0.013962674;-0.63808167;0.0006109476;0.3016144;0.3009811;0.0;0.0;4328.7534;5112.907;-2566.7466;6228.473;-443.25446;-1224.2333
1963-10-10;10.772359;-1.8571573;0.010012309;754.7885;0.9100995;77.8648;0.0;-7.3453654e-25;99.99998;-7.345365e-21;0.31968355;-0.60926193;0.015519559;0.3130436;0.29752403;0.0;0.0;4303.3276;5078.5703;-2560.9883;6249.261;-423.23444;-1218.8667
1963-10-11;10.900493;-3.6213787;0.010052999;754.7542;1.0542068;180.89478;0.0;-7.3453654e-25;99.99998;-7.345365e-21;0.038109217;-0.5601635;0.0013485551;0.29550493;0.29415637;0.0;0.0;4085.629;4817.4546;-2600.6296;6089.3955;-389.12723;-1188.7145
1963-10-12;10.296855;-4.436361;0.009883881;755.40186;1.3286093;259.87576;0.0;-7.3453654e-25;99.99998;-7.345365e-21;0.00084638596;-0.4577823;4.4703484e-05;0.29090047;0.29087067;0.0;0.0;4190.6313;4937.142;-2526.3179;6062.953;-318.0061;-1368.1122
1963-10-13;9.33846;-2.524831;0.00987498;754.33136;1.3110819;250.74658;0.0;-7.3453654e-25;99.99998;-7.345365e-21;0.00085532654;-0.38200524;4.4703484e-05;0.28771162;0.28767437;0.0;0.0;4088.5205;4812.7217;-2439.621;6074.157;-265.36667;-1471.9244
1963-10-14;8.408936;-0.8988444;0.010134379;754.10205;1.0697974;213.95934;0.0;-7.3453654e-25;99.99998;-7.345365e-21;0.91729647;-0.5104002;0.047147274;0.33168495;0.28455257;0.0;0.0;3996.1777;4700.0176;-2286.054;6157.4224;-354.55722;-1433.2367
1963-10-15;8.088704;-1.3355612;0.010139465;753.9175;1.0985702;126.06018;0.0;-7.3453654e-25;99.99998;-7.345365e-21;0.7315397;-0.5790098;0.03543496;0.3169626;0.28152764;0.0;0.0;3542.8684;4163.527;-2121.6145;6215.874;-402.21832;-1155.9689
1963-10-16;8.059377;-2.60141;0.009985606;754.0039;1.1202871;264.35025;0.0;-7.3453654e-25;99.99998;-7.345365e-21;0.0016494569;-0.5473569;7.4505806e-05;0.2786368;0.2785623;0.0;0.0;3741.713;4395.6304;-2290.2903;6012.681;-380.23;-1210.2744
1963-10-17;7.763224;-2.3333435;0.010105133;754.9235;1.0845639;140.36298;0.0;-7.3453654e-25;99.99998;-7.345365e-21;0.069102645;-0.48470125;0.003322959;0.27896464;0.27562678;0.0;0.0;3540.8423;4158.303;-2235.0989;6059.4995;-336.70667;-1048.4811
1963-10-18;7.7596946;-0.92213947;0.00993983;754.7796;1.0567933;156.74448;0.0;-7.3453654e-25;99.99998;-7.345365e-21;0.2082169;-0.42354316;0.009864569;0.28261542;0.27276576;0.0;0.0;3146.0605;3693.1523;-1665.6011;6750.9146;-294.22223;-1009.45557
1963-10-19;7.459066;-0.42736816;0.010197957;754.07983;1.1756371;245.61925;0.0;-7.3453654e-25;99.99998;-7.345365e-21;0.42575598;-0.4714541;0.020697713;0.29069185;0.2699867;0.0;0.0;3146.209;3692.6355;-1934.2161;6390.9766;-327.50333;-1104.5311
1963-10-20;4.738556;2.829427;0.009652455;752.14136;1.4122087;226.2187;0.0;-7.3453654e-25;99.99998;-7.345365e-21;17.16495;-0.81681085;1.1314899;1.3988614;0.267379;0.0;0.0;1047.1962;1229.0856;-352.43167;7511.151;-567.41113;-382.45334
1963-10-21;4.273824;3.7336018;0.009995778;750.6911;1.4447757;196.42204;0.0;-7.3453654e-25;99.99998;-7.345365e-21;35.09818;-0.76692736;3.2496452;3.514558;0.2649203;0.0;0.0;557.7267;654.55554;-166.72667;7674.9634;-532.7589;-269.7689
1963-10-22;3.4326274;2.874878;0.009936015;749.1416;1.0211655;187.01204;0.04296875;5.2452087e-06;100.46417;-7.345365e-21;34.062325;-0.8382443;4.9086213;5.17112;0.2625063;0.0015646219;0.021841377;849.5306;996.6278;-287.84888;7490.7876;-582.3;-334.0411
1963-10-23;2.5471497;2.2370098;-0.016092936;748.678;0.94906574;204.69487;0.17220052;2.2451082e-05;121.22036;-7.345365e-21;12.111055;-0.920007;1.8590391;2.119273;0.26023388;0.0136606395;0.0146999955;1007.7883;1182.9645;-247.30112;7512.463;-639.07446;-503.67557
1963-10-24;1.4944254;-0.2531128;-0.9537773;749.669;0.886879;197.44826;0.11336263;1.6649565e-05;146.00291;-7.345365e-21;2.4797797;-1.2592292;0.3118515;0.5700588;0.25821477;0.007171184;8.195639e-05;2338.7488;2742.1777;-955.89667;6791.3506;-874.74554;-800.3489
1963-10-25;1.770101;-2.6629028;-5.0704675;751.1643;0.91888446;111.66755;0.08154297;1.1761983e-05;140.37074;-7.345365e-21;0.0048726797;-1.5631877;0.0012665987;0.25758147;0.25631487;0.006247312;0.0016018748;3360.6716;3938.2866;-1888.8628;5800.721;-1085.9;-878.0333
1963-10-26;2.5146382;-1.9771118;-5.9605155;751.094;1.0293401;134.70927;0.048828125;7.0730844e-06;150.03644;-7.345365e-21;0.0033378592;-1.4101584;0.0009536743;0.2554357;0.25448203;0.004304573;0.0;3366.0234;3942.4783;-1843.1152;5817.1294;-979.5917;-702.0886
1963-10-27;1.7478842;-3.2057903;-6.1292434;751.02203;0.9699159;126.739075;0.032389324;4.6888986e-06;141.61034;-7.345365e-21;0.0016272068;-1.5547163;0.00044703484;0.25317073;0.25271624;0.0029094517;0.0012107193;3590.485;4204.1865;-2027.6389;5626.2026;-1080.0122;-813.60443
1963-10-28;2.2232056;-2.5760295;-7.3775635;751.6287;0.9849666;104.5975;0.018636068;3.1789143e-06;150.08038;-7.345365e-21;0.0004351138;-1.3943166;0.00028312206;0.25129318;0.2510175;0.0017080456;0.0;3718.0461;4351.6323;-2270.939;5327.2466;-968.5845;-631.80334
1963-10-29;3.3429158;-2.1703186;-6.9385133;752.23114;0.9280517;176.36047;0.010253906;1.5099844e-06;150.10936;-7.345365e-21;0.0;-1.3599899;0.00013411045;0.24949014;0.24935603;0.001007691;0.0;3512.7583;4110.061;-2132.5889;5501.3965;-944.74;-532.1111
1963-10-30;2.7899678;-1.6444296;-7.610626;750.80414;1.0055026;277.1227;0.0056152344;9.536743e-07;150.10936;-7.345365e-21;0.031772256;-1.3204198;0.0032037497;0.25095046;0.24775416;0.000519678;0.0;3638.754;4256.102;-2279.7683;5285.918;-917.2522;-601.9311
1963-10-31;1.8381042;-1.1594747;-3.7408345;750.1416;1.0591435;221.21486;0.004231771;3.1789145e-07;138.69008;-7.345365e-21;1.20098;-1.1175033;0.11515617;0.36135316;0.24619699;0.0004582107;0.00033527613;2851.4595;3334.2556;-1252.414;6383.4873;-776.29224;-675.2711
1963-11-01;1.6917216;1.1141154;-0.022068024;748.99115;0.7919338;210.97198;2.8205566;0.0004840692;145.3203;3.133138;13.699492;-1.0116622;1.4097095;1.6544461;0.24473667;0.020172447;2.599217;1427.1122;1668.4567;-291.585;7396.2466;-702.8489;-578.00446
1963-11-02;-0.14048259;-0.703949;-0.05265045;748.9577;0.5004287;89.51408;68.63688;0.010457635;137.20702;73.32357;37.418907;-0.2470836;3.3152552;3.558606;0.24335086;1.8519331;18.445253;330.65555;708.2633;-52.34778;7291.9966;-176.06277;-149.13777
1963-11-03;-0.5249837;-1.8103943;-0.41412225;748.31085;0.6573587;127.89307;99.1167;0.020433307;151.62498;135.00977;5.97488;-0.1707077;0.99281967;1.2348443;0.24201721;2.9717722;2.4638996;869.9989;3064.6433;-533.085;6656.6665;-126.03111;-141.27333
1963-11-04;-0.41441855;-3.9678955;-4.4955306;752.3011;0.79925793;127.92401;97.22494;0.017992219;159.77113;113.03711;0.008115172;-0.22334419;0.57666004;0.8174926;0.24082512;3.2686908;0.0022165477;1343.9061;3924.2244;-1304.6372;5530.3735;-162.02;-118.88
1963-11-05;-0.38178506;-9.764832;-8.172408;754.8881;1.1116501;53.34604;86.56991;0.014259498;161.44008;88.50098;0.0017178035;-0.28661174;0.70153177;0.94124675;0.23973733;3.9336886;0.0;1674.76;4214.3154;-1557.2178;4928.906;-202.40889;-28.724445
1963-11-06;0.5734355;-8.904378;-8.255604;753.72754;1.071647;55.68275;65.758385;0.010527889;162.17088;65.26693;0.0017147886;-0.5565789;0.63703954;0.87577105;0.2387315;3.5414808;0.0;2157.0378;4145.9136;-1724.4366;4983.306;-388.46112;-104.37
1963-11-07;0.47103882;-7.3608193;-8.595271;752.174;1.0776098;70.86796;46.77466;0.007508397;162.6891;46.590168;0.0;-0.71885437;0.48161298;0.71939826;0.23779273;2.675198;0.0;2549.9504;4078.0366;-1925.2234;4950.759;-500.8889;-188.69444
1963-11-08;0.36361694;-8.460032;-8.886567;752.6705;1.0115854;59.185333;33.09489;0.0053267875;163.0436;32.999676;0.0004351138;-0.8180002;0.33326447;0.57019293;0.23692846;1.8627923;0.0;2815.1338;4033.1877;-2072.8616;4886.011;-569.89;-227.93556
1963-11-09;1.5856119;-6.064565;-8.052727;752.2444;0.8687882;183.17139;22.86377;0.003678004;163.29784;22.420248;0.0012844794;-0.8256929;0.26598573;0.5021095;0.23611635;1.498172;0.0;2960.5288;3946.301;-2024.1006;5093.162;-574.0417;-273.25
1963-11-10;-0.13462321;-2.9476216;-5.9392333;750.7649;0.9977947;145.73094;15.689941;0.002531727;163.4811;15.70638;0.7677239;-0.56911445;0.2580583;0.49342215;0.23537874;0.92069244;0.0006854534;2082.1655;2651.7588;-1283.775;5899.8667;-396.00778;-319.33554
1963-11-11;-1.691213;-4.6068726;-6.079389;749.71344;1.008366;115.27142;13.186116;0.002098918;158.41437;13.305664;1.9837122;-0.85590684;0.22260845;0.45730174;0.23468584;0.69563836;1.1358261;2715.5605;3350.8245;-1578.6844;5634.3633;-595.74225;-615.9889
1963-11-12;-0.76398724;-6.3476357;-8.805115;750.1584;0.8803828;192.2454;14.763509;0.0021880865;150.41014;14.689128;0.0012868211;-0.86579096;0.1270026;0.36102533;0.23402274;0.73555297;0.0;2982.9827;3769.578;-2043.0762;5033.622;-602.875;-396.50446
1963-11-13;0.22881062;-4.614553;-8.989406;751.34125;0.9300383;98.380424;9.9869795;0.0014749368;150.5475;9.684245;0.0004351138;-0.76986665;0.11743605;0.35080314;0.23337454;0.68575144;0.0;3015.381;3703.7678;-2141.2688;5030.568;-534.9056;-358.87888
1963-11-14;1.7283224;-3.0546265;-9.701145;751.34906;0.8986678;180.35735;6.287435;0.00092800456;150.62367;6.1442056;0.0012859646;-0.70322305;0.07876754;0.31150877;0.23274869;0.46394765;0.0;3136.2866;3771.4888;-2330.6738;4872.35;-488.40222;-297.36557
1963-11-15;1.2722372;-3.2899475;-8.475146;750.0598;0.90772074;190.99591;3.8964844;0.00057514507;150.67186;3.7841797;0.0017113152;-0.60832316;0.048279762;0.28042495;0.23216009;0.2862569;0.0;3087.8545;3664.3022;-2077.9495;5163.817;-422.58667;-362.90332
1963-11-16;1.6735739;-3.5568848;-7.6264367;749.2427;0.903462;126.492615;2.3610027;0.00034765402;150.69789;2.3600261;0.0;-0.750944;0.031918287;0.26351213;0.2315864;0.19253418;0.0;3064.8323;3608.1255;-2081.9827;5251.8735;-521.6567;-329.29556
1963-11-17;1.3581339;-4.4286094;-7.824309;751.37036;1.0633259;38.735912;1.3789062;0.00020253658;150.71645;1.3834635;0.00086364127;-0.7869787;0.019177794;0.2501905;0.2310127;0.11657551;0.0;3024.5593;3542.871;-2082.6855;5249.099;-546.69556;-321.14667
1963-11-18;1.9267477;-5.791382;-9.025918;754.05524;1.0229253;51.813583;0.796875;0.00011698405;150.72784;0.9765625;0.00044107434;-0.8085696;0.01090765;0.24135411;0.23045391;0.0670664;0.0;3087.0618;3605.6855;-2269.4543;5018.5767;-561.69;-224.62889
1963-11-19;1.2407532;-6.338196;-9.293727;752.5012;0.97159106;98.73832;0.46525064;6.834666e-05;150.73436;0.40690103;0.002562744;-0.7597692;0.0062957406;0.2361983;0.22989511;0.037534162;0.0;3065.547;3574.669;-2244.091;4995.171;-527.7967;-245.50444
1963-11-20;0.035746258;-6.5420227;-9.730733;749.87476;0.8559518;71.6116;0.27897134;4.0928524e-05;150.73436;-7.345365e-21;0.0;-0.6167814;0.0033527613;0.23271143;0.22936612;0.021124259;0.0;3018.7117;3516.8057;-2236.9543;4931.5645;-428.46722;-373.58
1963-11-21;-0.34883627;-7.6247764;-10.0309515;748.6784;0.8439215;170.19257;0.17594402;2.614657e-05;150.7412;-7.345365e-21;0.0;-0.5066004;0.0017434359;0.23058057;0.22885203;0.010950491;0.0;2984.5667;3475.2412;-2220.8828;4892.6504;-351.9461;-420.33667
1963-11-22;0.087137856;-5.0987344;-9.35459;750.04974;0.89181995;213.47314;0.11279297;1.6609827e-05;150.74217;-7.345365e-21;0.0017106531;-0.43809322;0.0015199184;0.22986531;0.22835284;0.008396804;0.0;2927.12;3407.2556;-2134.8167;5031.041;-304.33612;-402.66333
1963-11-23;0.9752299;-3.7506714;-7.688423;750.66583;0.74526;169.61037;0.06917318;9.854634e-06;150.59828;-7.345365e-21;0.0007003546;-0.4862258;0.0008493662;0.22870302;0.22785366;0.005442649;0.00071525574;2642.1045;3074.7456;-1782.9172;5466.5967;-337.76666;-285.65
1963-11-24;-0.82384235;-2.164613;-2.9072711;748.4202;1.103542;230.54472;2.172282;0.00033207735;128.72914;2.5227864;2.3081007;-0.42839813;0.12919307;0.35655499;0.22736192;0.03699027;1.1849813;1919.2361;2239.4556;-753.9339;6586.48;-297.7089;-493.2511
1963-11-25;-1.2480494;-5.7124023;-8.068718;748.6296;0.85530037;182.5891;6.6591797;0.00094179314;145.78156;6.958008;0.0028284148;-0.8394085;0.052794814;0.2796501;0.22686273;0.3473796;0.0019744039;2644.0117;3169.4778;-1895.9717;5225.814;-584.5244;-468.3611
1963-11-26;-1.7632523;-9.537;-10.833259;750.25934;1.1324791;41.858536;4.5501304;0.00067774457;150.79425;4.638672;0.0;-0.42286888;0.029608607;0.25597215;0.22636354;0.19415282;0.0;2812.7195;3337.9246;-2294.4338;4695.0063;-294.77722;-436.75665
1963-11-27;-1.810594;-8.631534;-11.197568;749.4362;0.87449807;183.38031;3.4095051;0.00050838786;150.82582;3.3365886;0.0025754052;-0.38429815;0.021338463;0.24724007;0.2259016;0.13740733;0.0;2825.2021;3334.4512;-2319.3206;4664.1255;-267.78555;-441.49112
1963-11-28;-2.3584316;-7.602623;-10.80469;749.2464;0.79936486;209.04088;2.5810547;0.00038468838;150.85219;2.400716;0.0017245694;-0.35128558;0.015869737;0.2412796;0.22541732;0.10266341;0.0;2765.8445;3252.0244;-2229.5273;4771.407;-244.69;-490.6111
1963-11-29;-2.465491;-5.6682587;-8.67459;749.0678;0.8001139;158.76949;1.9957682;0.0002981027;150.71385;1.953125;0.012334158;-0.25676936;0.010997057;0.23594499;0.22494793;0.06975792;0.009275973;2528.2239;2964.7178;-1817.2966;5247.8643;-178.84889;-501.97888
1963-11-30;-2.6050377;-5.086145;-6.00878;746.3896;0.84855825;214.45557;1.7164713;0.000258406;149.87206;1.953125;0.06893143;-0.32300875;0.007107854;0.23160875;0.224486;0.042084605;0.061575323;2065.7256;2419.0754;-1403.6783;5724.351;-224.91556;-536.68335
1963-12-01;-3.6253574;-4.9802704;-4.1833076;741.61914;0.7914593;89.82528;52.27368;0.0070551634;121.772766;54.72819;12.61237;-0.105544925;0.0070109963;0.2310425;0.22403151;0.00018253922;12.446902;496.8511;716.0211;-383.56332;6576.5967;-77.43667;-174.25
1963-12-02;-4.960356;-8.270589;-6.3294005;741.2932;0.97639996;66.15213;90.7911;0.012770176;141.7682;90.69824;0.7677376;-0.2252413;0.038325787;0.2619177;0.22358447;0.26665628;0.762295;904.5089;2513.0178;-699.2239;5865.7666;-173.64055;-188.42334
1963-12-03;-6.9443727;-9.348208;-6.0107903;742.37885;1.2338483;53.159855;98.795006;0.018811584;141.4046;131.87663;9.432847;-0.20641834;0.0;0.22312999;0.22313744;0.0;9.428993;409.19;1410.36;-246.18556;6353.948;-162.40666;-147.23334
1963-12-04;-8.455467;-11.57455;-7.8994927;740.4658;1.490148;31.130402;100.0;0.029734492;136.96971;215.82031;11.277559;-0.17723441;0.0;0.22268295;0.22268295;0.0;11.273212;423.965;1688.7322;-315.83554;6092.7754;-139.2589;-93.757774
1963-12-05;-8.108852;-10.071172;-7.908961;744.15985;0.8140729;156.53545;100.0;0.03446297;148.27733;232.78809;0.94400644;-0.048344955;0.0;0.22223592;0.22224337;0.0;0.94020736;568.7961;2308.0845;-501.2389;5901.31;-37.77778;-114.15889
1963-12-06;-8.458476;-12.715735;-12.308063;749.01886;0.99579406;139.53778;100.0;0.035093706;150.79295;232.95085;0.05852878;-0.010526739;0.0;0.22179633;0.22179633;0.0;0.05638227;738.91;2950.9578;-1066.7184;4882.399;-8.086667;-62.02667
1963-12-07;-7.2984834;-13.862706;-14.180333;747.59735;0.9331732;92.80893;100.0;0.03509621;152.13507;230.87566;0.0;-0.012812205;0.0;0.22135675;0.2213493;0.0;0.0;668.2733;2597.1145;-830.6761;4966.5757;-9.865556;2.62
1963-12-08;-6.8193665;-8.586009;-11.31317;744.38226;0.74332935;270.06726;100.0;0.035160024;153.41371;228.88184;0.5506873;-0.0004535541;0.0;0.22090971;0.22090971;0.0;0.5481094;681.5911;2571.4456;-600.9778;5446.6245;-0.2522222;-55.54222
1963-12-09;-5.656504;-6.439739;-5.1974792;740.18207;0.9375846;191.56464;100.0;0.04300459;148.57127;286.74316;20.845335;-0.07546041;0.0;0.22047758;0.22046268;0.0;20.833292;339.57;1321.3422;-101.6;6601.701;-59.164444;-137.55667
1963-12-10;-6.681479;-8.065705;-5.794988;736.0158;1.0181811;123.86691;100.0;0.0690591;144.83527;473.87695;19.15105;-0.06250851;0.0;0.2200231;0.2200231;0.0;19.134417;477.79056;2065.2666;-453.44888;6155.2563;-48.916668;-144.07556
1963-12-11;-9.235486;-15.789994;-14.195685;745.0755;0.9026272;143.21419;100.0;0.07793772;152.13832;512.24774;0.30469278;-0.03294088;0.0;0.21958351;0.21957606;0.0;0.30254573;746.9328;3204.57;-1422.9517;4197.2017;-23.043333;-4.1144443
1963-12-12;-9.297379;-15.13704;-17.85396;746.9258;0.8014701;203.49593;100.0;0.07807978;154.03123;506.958;0.500327;-0.00024959445;0.0;0.21910667;0.21912158;0.0;0.49860775;674.37836;2816.3389;-555.615;4962.7812;1.5855556;23.206667
1963-12-13;-7.214441;-11.605468;-14.851551;747.9882;0.7301343;284.46808;100.0;0.078800954;155.41144;507.16147;0.17843342;0.003020279;0.0;0.21866709;0.21866709;0.0;0.17715245;753.8011;3077.1711;-1106.78;4598.446;4.6033335;17.787777
1963-12-14;-7.4173837;-16.143385;-19.003325;749.4263;0.7904506;257.02133;100.0;0.078840055;157.51366;500.48828;0.00085564796;-0.004000962;0.0;0.2182126;0.21822006;0.0;0.0;790.7783;3144.2988;-1017.42554;4333.698;-1.1322222;84.52333
1963-12-15;-6.9559097;-14.64133;-17.7927;748.678;0.8941941;190.81279;100.0;0.078860246;159.39613;494.91373;0.001128039;0.0004740432;0.0;0.21776557;0.21777302;0.0;0.0002682209;776.5256;3007.909;-871.03;4633.637;2.308889;72.02
1963-12-16;-6.8438096;-10.393803;-15.380437;750.0005;1.0709167;80.41141;100.0;0.07889652;161.56444;488.76953;0.0020494608;0.027833506;0.0;0.21733344;0.21732226;0.0;0.00032410026;721.0394;2725.7612;-770.24225;4963.0215;23.447779;47.864445
1963-12-17;-6.910609;-9.671885;-14.178341;750.5186;1.0701061;115.42874;100.0;0.078947544;164.05695;481.56738;0.0057351626;0.027798116;0.0;0.2168715;0.21687895;0.0;0.0031590462;803.3639;2962.6445;-985.4261;4809.3315;23.688889;29.22889
1963-12-18;-4.39003;-10.78914;-15.355643;750.57367;1.0076047;213.64417;100.0;0.07899872;166.41437;474.60938;0.00085532654;0.02042856;0.0;0.21642447;0.21642447;0.0;0.0;856.74335;3085.5989;-1104.1561;4573.8755;18.013334;92.51
1963-12-19;-3.234965;-11.911592;-14.296567;752.5881;0.95441145;251.84746;100.0;0.07902968;168.65004;468.70932;0.0008702277;-0.0014230609;0.0;0.21597743;0.21598488;0.0;0.0;832.39276;2927.9744;-828.5711;5012.9023;1.0711111;85.001114
1963-12-20;-3.379069;-5.290995;-9.955943;754.69385;1.0650989;190.06342;100.0;0.07910001;171.50453;461.50717;0.058162212;0.041471794;0.0;0.2155304;0.2155304;0.0;0.003233552;700.66614;2407.8057;-731.0161;5518.3916;34.294445;29.074444
1963-12-21;-3.403249;-8.277303;-8.692688;755.58356;1.3429815;57.672745;100.0;0.07916161;174.9339;453.0436;0.004192302;-0.02794806;0.0;0.21508336;0.21508336;0.0;0.0020563602;867.77277;2913.3855;-961.64;5375.4824;-17.485556;32.323334
1963-12-22;-1.2677816;-8.587521;-9.389216;756.09515;1.5789037;4.3861275;100.0;0.079191886;178.2682;444.4987;0.0004351138;-0.020107254;0.0;0.21462142;0.21462142;0.0;0.0;932.85614;3057.79;-1175.5316;5065.0024;-11.188889;108.69111
1963-12-23;-0.28148398;-12.763833;-10.938546;753.2827;1.1100302;227.00377;100.0;0.0792112;181.2184;437.1338;0.0004351138;-0.04348345;0.0;0.21415949;0.21416694;0.0;0.0;954.83777;3055.9734;-1208.4689;4874.709;-30.046667;115.914444
1963-12-24;-3.6448174;-13.1055;-11.103264;746.95917;1.1674122;198.34094;100.0;0.07977915;182.81996;435.8724;3.9460301;-0.07047877;0.0;0.21371245;0.21371245;0.0;3.871478;922.8233;2887.912;-856.85114;5267.3105;-51.37;48.59667
1963-12-25;-16.644209;-23.002428;-16.001953;747.92206;2.8065698;24.831842;100.0;0.08361367;177.92967;470.25552;0.39422208;-0.19206107;0.0;0.21326542;0.21326542;0.0;0.39169565;918.85114;3168.2766;-1743.3489;3694.512;-148.04666;135.72556
1963-12-26;-14.6039915;-21.441866;-22.525925;751.477;2.2005312;18.854582;100.0;0.08361558;179.18097;467.04102;0.0021430987;0.023752451;0.0;0.21282583;0.21282583;0.0;0.0;943.21;3176.69;-1361.4567;3663.863;19.12111;183.63889
1963-12-27;-11.975453;-20.480188;-22.25399;750.31885;1.6281862;12.946553;100.0;0.08364598;180.31053;464.39615;0.0012886802;0.021356158;0.0;0.21240115;0.2123937;0.0;0.0;977.4006;3220.88;-1283.7448;3789.5774;16.86;140.29556
1963-12-28;-11.137806;-22.09846;-20.878075;745.85345;0.8922563;192.60309;100.0;0.083658256;181.50975;461.50717;0.0;-0.0029979274;0.0;0.21195412;0.21196902;0.0;0.0;981.14056;3164.5044;-1135.7883;4075.6863;-2.1033332;54.47
1963-12-29;-12.898975;-17.239624;-18.028372;741.47565;0.64718336;185.26918;100.0;0.0839589;181.54848;462.28027;1.3756454;0.0018300489;0.0;0.21153688;0.21153688;0.0;1.373846;761.4867;2410.6978;-555.205;4968.803;1.5533333;-30.905556
1963-12-30;-11.239911;-13.671763;-12.084695;734.43317;1.1831875;42.503124;100.0;0.09304456;156.79945;592.2038;14.688978;-0.039262697;0.0;0.21110475;0.21110475;0.0;14.685273;331.67667;1209.3223;-105.02055;5999.9365;-30.8;-37.456665
1963-12-31;-12.385934;-15.841472;-12.598991;736.3784;0.63428;50.089497;100.0;0.10373485;150.87042;687.0117;4.2130203;-0.049311668;0.0;0.21067262;0.21068007;0.0;4.206188;534.3039;2195.8267;-859.8539;5001.513;-38.6;-91.35222
1964-01-01;-16.164175;-19.085829;-18.170012;743.8167;1.0065899;57.6703;100.0;0.104764104;153.68324;681.9255;0.11347282;0.0063395128;0.0;0.21024048;0.21024793;0.0;0.107117;704.33777;2835.0188;-983.7206;4393.354;5.2733335;-68.12444
1964-01-02;-18.321321;-22.292967;-22.598763;745.0363;1.4231313;21.093496;100.0;0.10482919;155.79066;673.2585;0.0060498714;0.019374304;0.0;0.20982325;0.20982325;0.0;0.0055655837;808.2222;3174.2888;-1204.7733;3774.9585;15.380555;2.3622222
1964-01-03;-20.144476;-24.38272;-25.800558;743.5466;1.5572572;17.359163;100.0;0.10486249;157.34406;666.4632;0.013375369;0.020882115;0.0;0.20940602;0.20939112;0.0;0.011205673;838.9155;3213.0278;-1141.5745;3622.4766;16.535555;35.31111
1964-01-04;-18.689274;-24.584257;-26.86412;744.3652;1.6853093;15.813722;100.0;0.10489575;158.63214;661.2956;0.007754564;0.022935681;0.0;0.20897388;0.20896643;0.0;0.006914139;885.4744;3307.0356;-1131.385;3587.5364;18.094444;92.57
1964-01-05;-15.503494;-22.911428;-26.23382;745.2945;1.6122724;11.33912;100.0;0.104922734;159.89972;656.5755;0.0;0.023262575;0.0;0.20855665;0.2085492;0.0;0.0;908.615;3311.4443;-1015.5639;3804.1775;18.307777;130.97667
1964-01-06;-12.474025;-19.82741;-23.452362;746.2427;1.2611669;47.189102;100.0;0.10494999;161.39223;650.3906;0.0012790106;0.028621405;0.0;0.20812452;0.20812452;0.0;0.0;938.8883;3341.9622;-1076.5072;3962.7754;22.551111;105.49555
1964-01-07;-10.75566;-19.419855;-22.46029;746.6375;1.0514289;140.6869;100.0;0.10497701;163.08168;643.8802;0.0012904402;0.020682812;0.0;0.20770729;0.20769984;0.0;0.0;967.255;3364.4766;-1142.1355;3955.919;16.337778;97.60778
1964-01-08;-12.993627;-18.448366;-22.293863;748.1368;1.5981175;19.489214;100.0;0.105007805;164.8255;637.61395;0.0014353172;0.039141625;0.0;0.20727515;0.20727515;0.0;0.00013411045;992.62335;3376.4055;-1303.4462;3774.2144;30.721111;105.88333
1964-01-09;-14.06231;-20.51134;-23.360807;747.77264;1.6593161;18.784061;100.0;0.10504492;166.44757;631.1035;0.0017652091;0.028150156;0.0;0.20684302;0.20685792;0.0;5.2154064e-05;1030.6189;3429.5977;-1321.0728;3669.357;22.152222;111.11889
1964-01-10;-13.63502;-21.507242;-23.491762;749.19434;1.5921196;17.342344;100.0;0.10507222;167.96613;625.65106;0.0017166138;0.020924956;0.0;0.20642579;0.20642579;0.0;0.0;1059.1755;3448.6511;-1318.1405;3676.7864;16.55;115.291115
1964-01-11;-14.128339;-22.827993;-23.646948;747.8115;1.3491907;13.614478;100.0;0.10509217;169.44627;620.5241;0.0008523463;0.014057383;0.0;0.20600855;0.20600855;0.0;0.0;1095.4222;3492.2212;-1325.8994;3654.441;11.207778;93.13778
1964-01-12;-12.32908;-22.41813;-23.132866;747.7491;1.1704245;53.361034;100.0;0.105107784;170.9186;615.35645;0.0025808804;0.009275973;0.0;0.20560622;0.20559132;0.0;0.0;1125.7522;3515.2888;-1286.8461;3755.0684;7.48;97.69556
1964-01-13;-11.389186;-20.630714;-21.758163;749.4116;1.0746409;33.581093;100.0;0.10512348;172.49315;609.375;0.0008523463;0.012889504;0.0;0.20517409;0.20516664;0.0;0.0;1147.4856;3511.5955;-1331.3484;3826.8696;10.333333;79.14889
1964-01-14;-12.3989525;-21.636856;-22.119453;744.934;0.8936239;185.91638;100.0;0.105137266;174.1048;603.8411;0.0004351138;0.0063702464;0.0;0.20474195;0.2047494;0.0;0.0;1188.1727;3565.0012;-1394.4266;3706.6187;5.231111;48.45778
1964-01-15;-12.678673;-20.764158;-21.763657;742.2326;0.7281518;284.40024;100.0;0.105145894;175.66502;598.6328;0.0071601807;0.003516674;0.0;0.20432472;0.20433217;0.0;0.00538677;1190.855;3503.939;-1231.2528;3927.189;2.9722223;9.118889
1964-01-16;-12.077529;-14.0671015;-16.345724;741.14264;0.8862178;229.51851;100.0;0.10871569;166.90785;650.43134;6.91734;0.009542331;0.0;0.20390749;0.20390749;0.0;6.9131927;582.69336;1834.5878;61.52722;5918.8135;7.46;-57.3
1964-01-17;-10.031234;-11.171242;-10.401771;737.8721;1.3590364;207.51118;100.0;0.1284734;149.5537;856.5267;48.654495;-0.02225861;0.0;0.20349026;0.20349771;0.0;48.648468;235.31389;890.87555;54.15278;6332.794;-17.421112;-95.39111
1964-01-18;-13.740527;-16.628792;-10.702573;728.37274;1.5593232;152.30025;100.0;0.18449521;139.87628;1317.2607;27.27114;-0.1716055;0.0;0.20308793;0.20308048;0.0;27.227324;435.71112;1911.0934;-506.7011;5536.7563;-134.93333;-308.82443
1964-01-19;-20.020483;-27.78041;-20.656338;738.346;1.0636945;100.681915;100.0;0.19173098;151.95863;1263.1022;0.0051379204;-0.020856038;0.0;0.2026707;0.20266324;0.0;0.002991408;880.1728;3771.6921;-1808.7528;3078.8184;-16.154444;-80.596664
1964-01-20;-18.522924;-25.55097;-26.448044;744.01764;1.1282291;48.28246;100.0;0.19173555;155.23143;1235.6364;0.0008702277;0.013716519;0.0;0.20225346;0.20224601;0.0;0.0;902.19336;3760.209;-1244.5577;3433.2795;10.93;42.442223
1964-01-21;-18.469198;-24.982298;-27.601278;747.77155;1.4397388;17.638927;100.0;0.19175522;157.53383;1217.7328;0.0008583069;0.021020882;0.0;0.20182133;0.20183623;0.0;0.0;931.74335;3780.4412;-1157.0477;3505.1116;16.633333;87.67555
1964-01-22;-18.905754;-25.109589;-28.159212;745.78375;1.4166487;15.006446;100.0;0.19178005;159.6621;1201.5787;0.0017046927;0.022189692;0.0;0.201419;0.201419;0.0;0.0;967.9839;3826.7634;-1216.5142;3396.4448;17.534445;84.23556
1964-01-23;-16.714134;-24.865404;-28.858566;742.88965;0.94348925;189.88141;100.0;0.19180246;161.64027;1186.9711;0.0012908754;0.01700595;0.0;0.20100176;0.20100176;0.0;0.0;1019.6055;3928.9912;-1277.8323;3275.718;13.482223;86.84333
1964-01-24;-16.973303;-24.763113;-29.038889;743.342;0.8866028;92.76676;100.0;0.19182177;163.485;1173.7467;0.0009655953;0.017196871;0.0;0.20059943;0.20059198;0.0;0.00010803342;1037.0773;3896.8577;-1094.5555;3499.834;13.614445;69.66
1964-01-25;-15.33738;-21.61056;-26.419718;743.11383;0.76682377;308.8051;100.0;0.19186683;165.46027;1159.9935;0.046020586;0.019637868;0.0;0.2001822;0.2001822;0.0;0.04220009;1017.7989;3732.8833;-923.42053;3941.21;15.551111;23.173334
1964-01-26;-15.454999;-18.254955;-25.652481;742.2385;0.7230156;295.45544;100.0;0.1919231;167.67934;1145.1823;0.031111442;0.035669655;0.0;0.19977987;0.19977242;0.0;0.02939254;1078.8667;3866.6255;-1065.2372;3788.2673;28.065556;1.6944444
1964-01-27;-16.879843;-20.611635;-24.061983;743.3759;0.93912524;250.22917;100.0;0.19203627;169.93129;1130.5746;0.051489472;0.022411346;0.0;0.19936264;0.19936264;0.0;0.050626695;1120.9573;3933.39;-1146.9486;3843.87;17.774445;-19.8
1964-01-28;-16.014349;-18.699139;-21.933157;742.24756;0.9558306;270.07285;100.0;0.19298792;170.7809;1129.3945;3.837135;0.024719164;0.0;0.1989603;0.1989454;0.0;3.832992;861.91614;2959.2156;-274.29944;5098.344;19.505556;-37.066666
1964-01-29;-15.119239;-22.816147;-19.237083;745.79803;1.0685873;43.1904;100.0;0.19602709;168.64093;1163.208;0.04377365;-0.009795651;0.0;0.19854307;0.19854307;0.0;0.042065978;1123.9889;4073.2212;-1524.9589;3727.9229;-7.2644444;-63.64
1964-01-30;-11.914726;-24.500341;-21.484718;750.26935;0.9193452;166.69582;100.0;0.19604369;171.90623;1141.276;0.09422898;-0.0043176115;0.0;0.19815564;0.19813329;0.0;0.09252876;1088.135;3851.4421;-852.2244;4410.8936;-3.0;36.502224
1964-01-31;-5.8415008;-10.852235;-14.706489;750.13446;0.5936363;199.88788;100.0;0.19626768;175.71906;1117.7164;0.41201994;0.027412549;0.0;0.1977086;0.19772351;0.0;0.40616468;879.2011;3046.6711;-67.76056;6077.9766;21.82;-34.642223
1964-02-01;-5.7597146;-7.0641327;-8.665886;745.935;0.8204593;186.75975;100.0;0.20366077;177.6175;1144.7754;17.588495;-0.00346452;0.0;0.19732118;0.19731373;0.0;17.530766;453.24612;1659.1978;-47.67278;6503.3945;-2.5611112;-47.683334
1964-02-02;-5.9857483;-7.079763;-6.7898498;743.91406;0.8537867;200.96545;100.0;0.21601689;178.56053;1211.3444;3.0581832;-0.031728297;0.0;0.19690394;0.1969114;0.0;3.0526667;495.54224;2058.0088;-212.08778;6399.2217;-24.733334;-109.91111
1964-02-03;-5.292923;-6.187903;-5.1942673;739.3059;0.7933037;142.81749;100.0;0.22829334;181.82225;1253.2552;25.621042;-0.040452927;0.0;0.19650161;0.19650161;0.0;25.613672;332.49277;1384.39;-143.86278;6618.6377;-31.735556;-100.66556
1964-02-04;-7.2457376;-8.201638;-5.5870957;742.2092;1.0157785;191.55049;100.0;0.25273025;179.35121;1407.5114;17.321375;-0.12358464;0.0;0.19609928;0.19609928;0.0;17.314215;447.13278;1937.6633;-220.64555;6416.069;-97.05111;-247.66444
1964-02-05;-8.066528;-9.830261;-6.640391;741.2713;0.7283159;187.55083;100.0;0.27394786;176.82777;1548.1771;15.926447;-0.11941884;0.0;0.19569695;0.1956895;0.0;15.920379;555.3411;2420.2756;-482.00833;6006.809;-93.67611;-188.42555
1964-02-06;-9.565464;-11.818246;-8.973862;744.51733;0.72415334;154.48506;100.0;0.2785476;185.61327;1503.3773;0.17333174;-0.045189634;0.0;0.19527972;0.19528717;0.0;0.16992539;874.7905;3724.9534;-1173.6888;4971.19;-35.053333;-173.03
1964-02-07;-11.203635;-13.494939;-12.565674;745.99365;0.9998603;201.80292;100.0;0.27858558;193.81898;1439.0869;0.01066908;0.0099968165;0.0;0.19487739;0.19488484;0.0;0.007264316;1007.93;4180.3877;-1105.1072;4751.22;8.305555;-139.95444
1964-02-08;-9.936935;-12.283328;-12.560592;743.511;1.0040928;192.34856;100.0;0.27875507;200.06671;1394.4906;0.7259548;0.0110678375;0.0;0.19447505;0.19447505;0.0;0.72123855;944.99164;3812.7366;-667.09;5382.925;9.1;-123.12666
1964-02-09;-8.636196;-10.029222;-10.079876;739.45996;1.1862556;197.54094;100.0;0.2837963;201.96613;1404.1748;11.442065;-0.03540516;0.0;0.19407272;0.19408017;0.0;11.436768;613.9217;2469.0854;-121.776665;6238.254;-27.667778;-149.72444
1964-02-10;-7.3890557;-8.361939;-7.6451554;738.97;1.0250534;201.96495;100.0;0.29971;197.15395;1519.4906;12.015256;-0.014615245;0.0;0.1936853;0.1936853;0.0;12.004629;376.21445;1607.36;-151.425;6391.2056;-11.409445;-98.32667
1964-02-11;-8.858027;-10.570796;-7.6361327;741.009;1.0947138;206.38078;100.0;0.30839285;200.26137;1537.9639;16.802505;-0.11120364;0.0;0.19328296;0.19327551;0.0;16.798042;617.04724;2607.58;-452.02112;5968.9355;-87.31333;-217.72
1964-02-12;-7.485658;-9.576293;-7.882061;741.50934;0.7358423;159.47975;100.0;0.32517812;192.36098;1691.9352;5.051115;-0.05565025;0.0;0.19288063;0.19287318;0.0;5.048476;840.5833;3631.5732;-608.7731;5817.6943;-43.27667;-183.7375
1964-02-13;-7.2957788;-9.362195;-8.138383;741.98706;0.81355196;87.158226;100.0;0.32783175;201.65428;1628.54;0.28285086;-0.022344291;0.0;0.1924783;0.19247085;0.0;0.28145686;952.3433;4034.0144;-1121.2728;5162.9487;-16.174444;-154.17389
1964-02-14;-8.168481;-10.161064;-9.521465;743.98065;0.7513578;162.47672;100.0;0.32844642;210.12498;1564.7787;1.816827;-0.01125969;0.0;0.19207597;0.19207597;0.0;1.8124058;921.6561;3796.9512;-727.3372;5546.855;-8.308888;-163.20778
1964-02-15;-8.371474;-11.52119;-10.018636;746.3991;0.91725236;91.76885;100.0;0.32974115;216.77406;1522.8678;0.027796626;-0.013135374;0.0;0.19167364;0.19167364;0.0;0.026937574;1143.9127;4645.509;-1380.41;4695.338;-9.715555;-179.03
1964-02-16;-7.352099;-15.902096;-13.337266;747.965;0.92927593;48.577473;100.0;0.32974526;222.90233;1480.7129;0.0;-0.01127366;0.0;0.1912713;0.1912713;0.0;0.0;1238.5333;4901.649;-1434.1827;4333.802;-8.157778;-56.975555
1964-02-17;-6.908606;-15.5936;-13.531116;746.32056;0.76127744;164.31847;100.0;0.32973838;227.82811;1449.0153;0.0063836575;-0.01794286;0.0;0.19088387;0.19087642;0.0;0.0038966537;1154.5205;4452.11;-1061.9484;4813.6787;-13.452222;-76.69222
1964-02-18;-7.953176;-14.069168;-12.811673;744.74615;0.82748437;112.46531;100.0;0.32984507;232.45766;1420.4508;0.13859868;-0.010650605;0.0;0.19049644;0.19048154;0.0;0.13390556;1176.4706;4429.176;-1136.4772;4813.542;-7.7455554;-116.70333
1964-02-19;-7.7833543;-13.327725;-13.636012;745.93427;0.9470058;71.37479;100.0;0.3298864;236.90526;1393.6361;0.00085662596;0.013107434;0.0;0.19007921;0.19008666;0.0;0.0;1361.0616;5004.6255;-1509.2289;4275.2505;10.893333;-74.13111
1964-02-20;-6.8683486;-14.628643;-14.305207;747.66016;0.98666173;64.33034;100.0;0.32990423;240.85545;1370.8903;0.0012814999;0.0044163316;0.0;0.18969178;0.18969178;0.0;0.0;1410.4111;5065.1724;-1485.169;4275.9785;4.1033335;-38.92
1964-02-21;-4.1712723;-14.456203;-13.84179;748.40497;1.0034684;75.0122;100.0;0.32991132;244.55956;1350.0977;0.0;-0.005526468;0.0;0.18930435;0.18928945;0.0;0.0;1383.6711;4854.3594;-1262.8123;4645.4;-3.6466668;-7.8566666
1964-02-22;-3.3998718;-12.932777;-12.268151;745.8997;0.66148406;221.94798;100.0;0.33009955;248.19139;1330.6885;2.4872005;-0.014366582;0.0;0.18890202;0.18890202;0.0;2.3900642;1313.1989;4503.105;-903.0894;5236.251;-10.561111;-46.218887
1964-02-23;-5.4233704;-6.9415946;-8.807429;741.6633;0.55616105;204.55296;100.0;0.33800498;243.75226;1385.0098;15.6172695;0.012249686;0.0;0.18851459;0.18850714;0.0;15.358239;657.25446;2457.1228;-130.8989;6425.27;9.906667;-101.145836
1964-02-24;-7.1828003;-9.353343;-7.394999;742.6758;0.7976954;181.73175;100.0;0.35726556;227.10057;1573.4049;8.839431;-0.035594217;0.0;0.18812716;0.18811971;0.0;8.833848;1005.88336;4310.858;-806.81836;5643.8477;-27.422222;-217.92223
1964-02-25;-6.7031045;-8.941979;-7.1744294;746.0213;0.7343145;98.620415;100.0;0.3593615;233.22394;1542.9281;1.8327087;-0.063872896;0.0;0.18773228;0.18773228;0.0;1.8279403;988.6422;4133.4766;-742.67224;5768.325;-49.589443;-214.50555
1964-02-26;-6.5482497;-8.648437;-7.2716484;746.0611;0.8744479;74.83173;100.0;0.36382604;236.47621;1539.917;3.8974166;-0.03195647;0.0;0.1873374;0.1873374;0.0;3.89228;899.26276;3763.7666;-953.8403;5450.2637;-24.671112;-163.18
1964-02-27;-6.498272;-12.064502;-8.956482;748.5862;1.1200619;58.59167;100.0;0.36497906;242.45897;1507.2021;0.013878028;-0.039815903;0.0;0.18694997;0.18694997;0.0;0.010453165;1300.535;5324.3623;-1477.0756;4688.427;-30.457777;-189.03223
1964-02-28;-4.4700294;-14.830849;-10.646965;745.7751;0.85625106;176.6051;100.0;0.36496034;247.97362;1473.5922;0.0019758935;-0.043343753;0.0;0.18656254;0.18655509;0.0;0.00026077032;1203.5784;4794.259;-1130.67;5002.1206;-33.196667;-96.05778
1964-02-29;-5.0564575;-12.524037;-10.445923;743.2995;0.8231198;189.79376;100.0;0.36498693;252.82323;1444.8649;0.16605854;-0.029263087;0.0;0.18617511;0.18616766;0.0;0.16467646;1115.2894;4333.826;-854.36945;5370.4434;-22.385555;-113.202225
1964-03-01;-4.9821877;-8.710612;-9.366791;743.80225;0.83990914;172.45892;100.0;0.3651131;257.59668;1418.9453;0.032183528;-0.009148382;0.0;0.18577278;0.18578023;0.0;0.02591312;1373.8867;5215.4634;-1252.8833;5020.042;-6.368889;-163.09222
1964-03-02;-5.020223;-5.959305;-7.850731;743.1287;0.97705626;216.45477;100.0;0.37175748;256.1455;1449.1781;26.813866;-0.025615096;0.0;0.18540025;0.1853928;0.0;26.725761;843.17444;3177.3584;-102.43389;6564.259;-19.794445;-170.52112
1964-03-03;-5.5595603;-6.637446;-5.3151093;740.3095;1.0574625;213.35077;100.0;0.4043326;234.20863;1724.4873;19.84876;-0.08225348;0.0;0.18499792;0.18500537;0.0;19.825861;840.0158;3644.328;-475.6911;6274.931;-64.166664;-260.65887
1964-03-04;-6.816076;-8.659142;-6.0323386;743.0078;1.1624857;203.54161;100.0;0.414971;235.62791;1763.4277;1.0547042;-0.09661354;0.0;0.18461049;0.18462539;0.0;1.0460466;1250.8258;5385.2554;-1227.5588;5243.124;-75.26889;-280.43555
1964-03-05;-5.707699;-11.889796;-7.99351;745.0612;0.72480565;163.17183;100.0;0.4154025;243.8076;1705.8512;0.0150778815;-0.05998276;0.0;0.18423796;0.18423796;0.0;0.012647361;1363.1208;5715.4805;-1401.1498;4868.3354;-46.157776;-235.2
1964-03-06;-4.7537537;-7.8790436;-7.697561;742.0898;0.6853881;237.36977;100.0;0.42155161;244.78514;1721.517;11.175895;-0.007275492;0.0;0.18385053;0.18385798;0.0;10.810547;581.16614;2431.726;-153.36055;6445.708;-5.347778;-88.78667
1964-03-07;-4.332418;-5.528033;-5.5389214;744.9725;0.871809;161.51138;100.0;0.429603;246.7962;1742.1061;3.5502434;-0.0461787;0.0;0.1834631;0.18347055;0.0;3.4988484;1087.805;4601.4473;-742.5272;5968.3115;-35.62;-232.11111
1964-03-08;-5.306376;-8.266826;-5.780687;747.88885;0.98127073;133.25648;100.0;0.4305904;254.88737;1691.2842;0.04323423;-0.073842704;0.0;0.18307567;0.18309057;0.0;0.033114105;1332.7386;5511.507;-1268.8595;5271.898;-57.04;-251.63777
1964-03-09;-5.0119834;-6.4059296;-6.0906067;745.6486;1.1058267;165.5402;100.0;0.43228027;260.9375;1656.8604;7.498193;-0.036105514;0.0;0.18271804;0.18270314;0.0;7.246982;900.1219;3617.5037;-339.89612;6402.9443;-27.924444;-186.34666
1964-03-10;-3.2666218;-3.8464558;-3.2583416;741.5192;0.75247675;214.06303;100.0;0.46195003;249.32484;1849.2432;44.07397;-0.060013495;0.0;0.18233061;0.18233061;0.0;41.555866;311.01236;1331.1136;-7.535;6977.295;-47.06333;-118.74111
1964-03-11;-2.0023193;-2.5776432;-1.478499;741.36774;0.75785893;175.15062;100.0;0.49909088;242.25258;2059.6516;28.099642;-0.10001287;0.042036176;0.22397935;0.18194318;0.13247877;24.484434;686.7928;2908.145;-216.86362;6921.6646;-78.20778;-223.68777
1964-03-12;-2.5781758;-3.1026409;-0.30617142;736.94965;1.188788;141.61678;100.0;0.53850406;244.98924;2195.6787;48.79421;-0.25672838;0.11615455;0.2977401;0.1815781;0.26160106;44.190002;389.74826;1618.5544;-132.05888;7010.5713;-201.33333;-283.59668
1964-03-13;-5.1788025;-6.330912;-0.94321316;740.75616;1.2669251;204.93199;100.0;0.5721122;247.18324;2315.5518;16.702578;-0.40170458;0.0;0.18118322;0.18118322;0.0;16.668804;820.83496;3289.4812;-627.3825;6280.231;-314.34778;-465.4689
1964-03-14;-5.392858;-6.9832206;-2.7326267;746.64795;1.1942449;203.53386;100.0;0.58019227;257.90234;2252.6448;2.7662873;-0.34216046;0.0;0.18079579;0.18081069;0.0;2.7381294;1387.9166;5196.183;-1055.0956;5710.425;-266.34555;-433.61
1964-03-15;-3.4003704;-6.0819154;-3.161031;747.8431;0.6305925;152.82143;100.0;0.5820803;268.4147;2170.4102;4.569614;-0.26635173;0.0;0.18040836;0.18042326;0.0;4.384905;1392.367;5117.838;-689.1583;6283.7383;-205.76555;-300.5289
1964-03-16;-1.3446249;-3.7404888;-2.1022441;748.1119;0.89777046;72.4394;100.0;0.58550566;277.4834;2112.793;0.051665306;-0.07295143;0.0;0.18003583;0.18003583;0.0;0.03267452;1455.8983;5469.98;-1351.4303;5555.391;-53.197777;-213.94112
1964-03-17;0.22718303;-5.0646567;-2.656779;750.0408;1.0021565;59.41353;100.0;0.58543235;287.83008;2036.377;0.0;-0.0848379;0.012412667;0.19206107;0.1796484;0.11794083;0.0;1850.7214;6279.7876;-1552.8989;5282.7466;-61.426666;-192.46777
1964-03-18;1.1512552;-2.8687642;-1.6809794;747.5552;0.7328365;177.69078;100.0;0.5856165;297.50748;1970.9879;4.556447;-0.09071268;0.16227365;0.3415346;0.17926097;0.61669016;0.13683736;1695.3763;5362.573;-863.1606;6246.5356;-67.09111;-178.67056
1964-03-19;-1.0230917;-1.5818787;-0.12858582;743.2048;0.6040086;96.08131;100.0;0.59339994;305.11523;1945.8822;13.777837;-0.13537146;0.9789169;1.1578053;0.17888099;3.0129216;7.4600763;763.1936;2457.1113;-232.17583;7025.0166;-104.994446;-192.60638
1964-03-20;-1.9044495;-2.3316143;-0.09301504;743.2819;0.6030299;162.75871;100.0;0.60350025;306.41245;1968.6279;19.520033;-0.19117072;0.19954145;0.37804246;0.17850846;0.26078337;17.166653;510.0189;1648.6311;-223.90111;6959.3623;-147.83;-190.23555
1964-03-21;-1.5136515;-3.0975544;-0.1408844;745.6023;0.7687097;177.78911;100.0;0.6135605;307.3317;1998.4131;0.97926855;-0.3835261;0.37060678;0.54872036;0.17811358;2.3722072;0.7303692;1367.72;4793.1567;-763.0072;6391.792;-290.6422;-303.1011
1964-03-22;-1.1557211;-3.7594604;-0.3151245;749.36523;0.934967;77.21882;100.0;0.61143535;316.59604;1933.2275;0.0035968714;-0.4062969;0.29484928;0.47254562;0.17769635;1.913989;0.0027269125;2095.0261;6264.34;-1578.3245;5455.0005;-304.6189;-293.9878
1964-03-23;0.22809856;-2.965454;-0.462471;750.09375;0.98949593;95.28699;100.0;0.6094202;326.3978;1869.0186;0.0025754534;-0.22541732;0.30837953;0.48567355;0.17727911;1.9787922;0.0;2416.5088;6452.0913;-1812.0083;5159.467;-161.04666;-177.09778
1964-03-24;0.89070636;-5.168406;-0.35171255;748.2751;0.7416434;173.12117;100.0;0.6064978;335.9691;1806.8441;2.0049214;-0.29079896;0.69721043;0.8740723;0.17686188;3.9486141;0.42061135;2571.9988;6335.6943;-1592.4617;5498.38;-210.49222;-166.87666
1964-03-25;-0.42611694;-3.282542;-0.11407089;746.56744;0.75641245;199.35144;100.0;0.6058072;340.7106;1778.4424;12.559551;-0.3682049;1.9265264;2.1030009;0.17647445;6.888848;5.6149287;1852.8461;4614.5254;-914.2767;6265.2676;-278.23557;-226.7911
1964-03-26;-1.8309021;-2.3037617;-0.06197993;744.90765;0.70999193;165.43275;100.0;0.6206426;331.72983;1869.3033;33.967556;-0.20231865;2.5551767;2.74235;0.18716604;2.2902899;20.906918;610.3678;2148.0627;-211.52556;6977.3057;-154.99333;-214.90334
1964-03-27;-2.160431;-3.4823914;-0.17466736;746.84375;0.8007093;116.13169;100.0;0.6305213;328.43555;1920.9799;4.6585975;-0.33451802;0.56552887;0.741452;0.17592311;2.1067317;3.4055002;1349.6111;4805.2954;-911.86053;6168.8066;-251.68666;-308.54
1964-03-28;-0.7897542;-5.859192;-0.39050293;749.59076;0.9820578;56.5146;100.0;0.630952;335.0358;1885.2133;0.17802715;-0.36604142;0.06404519;0.23981929;0.17575175;0.33773482;0.17667562;2165.466;6747.4834;-1809.0555;5172.855;-268.2211;-222.11778
1964-03-29;0.9104309;-4.7103477;-0.44497427;749.0232;1.0776609;80.792656;100.0;0.6296923;343.94174;1832.8043;0.0012957581;-0.30555296;0.4005581;0.5761981;0.17562509;2.0862315;0.0;2529.351;6953.2866;-1859.2487;5124.9775;-219.075;-153.07056
1964-03-30;2.074524;-3.06013;-0.3023758;748.18677;0.8777494;100.70042;100.0;0.6258166;352.34702;1777.8727;0.0017225739;-0.26639736;1.0331869;1.2087524;0.17556548;5.2658877;0.0;2464.94;6204.262;-1363.0328;5812.142;-190.71222;-142.14333
1964-03-31;0.9114685;-1.7880249;-0.17302577;747.3929;0.92927736;164.56914;100.0;0.6171377;359.04556;1720.4996;0.09595156;-0.31689182;2.4308414;2.6207566;0.1899153;10.78799;0.0014156103;2806.1584;6619.6113;-1386.21;5870.721;-230.54222;-203.8686
1964-04-01;1.1538798;-0.871226;-0.14753596;746.92554;0.97232217;167.4293;100.0;0.60618424;365.14322;1661.8246;0.11527538;-0.37827158;2.7373285;2.9378386;0.20050257;11.177454;0.00020861626;2936.3;6601.598;-1132.9808;6207.024;-278.83444;-226.61194
1964-04-02;0.24197388;-1.3580526;-0.09454346;746.5042;1.3020433;202.90108;100.0;0.5925153;369.9082;1603.3529;1.4465868;-0.50577337;4.265532;4.676729;0.41121244;14.584606;0.006996095;2857.7856;6193.0767;-1157.3077;6142.561;-380.87;-272.60333
1964-04-03;-0.49754843;-2.907603;-0.21256892;747.6088;1.1272813;84.26392;100.0;0.580161;374.92154;1548.9502;0.782907;-0.52950156;3.0388534;3.2672882;0.22842735;10.958064;0.011086464;2997.5706;6325.713;-1429.035;5757.7847;-398.85556;-313.7689
1964-04-04;1.5669047;-5.54422;-0.30872345;749.18536;0.9620158;156.25098;100.0;0.56939983;381.35123;1494.873;0.001393807;-0.4342664;2.9023738;3.0825138;0.18014759;10.64128;0.00010430813;3555.3184;7345.5645;-1960.3384;5166.894;-318.16223;-176.04333
1964-04-05;3.5101929;-3.4836426;-0.23694102;746.21185;0.9598562;186.31927;100.0;0.5568419;387.64648;1437.9883;0.019013094;-0.35929307;4.07353;4.5113416;0.43779612;13.540633;0.0;3303.1338;6712.117;-1688.7622;5520.1855;-261.65;-125.42778
1964-04-06;1.4906515;-1.569458;-0.17815526;743.30975;1.5958056;203.35449;100.0;0.5453906;393.7129;1386.556;1.3673663;-0.6624646;3.1284838;3.3185482;0.19005686;9.469054;0.0;3311.0261;6642.3145;-1242.195;6036.3433;-503.27222;-260.8272
1964-04-07;-0.6503703;-2.6893616;-0.063009895;740.18256;0.97993803;276.45078;100.0;0.5360056;393.2396;1362.793;16.466875;-0.5658483;6.835282;7.951498;1.1162088;13.929795;10.451182;2972.226;5939.1987;-1171.1017;6100.859;-429.06;-329.65332
1964-04-08;-2.7290852;-3.987254;-0.17224503;739.05817;0.73153025;209.99391;100.0;0.54010326;380.4873;1418.7418;11.603475;-0.42189658;1.1608601;1.3721436;0.21129102;2.7877781;9.770122;1561.4011;4616.322;-837.7083;6287.9136;-320.70667;-355.92334
1964-04-09;-3.717448;-5.2441916;-0.42345428;736.7825;0.8433828;249.52803;100.0;0.54719365;370.97037;1474.8535;3.9023216;-0.5521541;0.015676022;0.2413392;0.22567809;0.034192577;3.5516956;1711.7239;5616.1084;-1129.4636;5873.7744;-420.45;-453.1
1964-04-10;-4.013865;-5.6826477;-0.68428165;739.57513;0.8825197;183.14813;100.0;0.5528236;366.33432;1508.1787;7.8443766;-0.5744407;0.004544854;0.24428964;0.23975968;0.0;7.4274244;1785.0984;5769.582;-982.0983;6031.394;-437.77667;-505.37668
1964-04-11;-3.607076;-5.9912925;-0.84396106;739.07477;0.853038;102.4439;100.0;0.562962;356.25162;1578.6133;13.286436;-0.5295528;0.006213784;0.2593398;0.25311857;0.0010505319;12.912027;1278.7295;4376.9585;-779.7075;6243.262;-405.0189;-342.53665
1964-04-12;-5.1584573;-6.693746;-1.354529;739.8816;0.8628235;155.60225;100.0;0.57238483;346.39877;1652.0996;2.9637263;-0.54764;0.0;0.2656877;0.2657026;0.0;2.8592572;1836.93;6456.0903;-1321.9192;5529.1094;-415.97556;-546.6972
1964-04-13;-3.752416;-5.6432214;-2.1626968;739.1945;0.84891397;63.950333;100.0;0.5773775;344.27963;1675.8627;9.808406;-0.3631171;0.0;0.27750432;0.27749687;0.0;9.680547;946.17053;3125.7988;-505.08585;6461.566;-278.68777;-251.55779
1964-04-14;-2.8080342;-4.5148215;-1.9836044;744.21466;0.8545375;174.78455;100.0;0.58479524;340.16245;1718.9535;4.089394;-0.37693793;0.0;0.28853118;0.28853118;0.0;3.9434805;1441.1862;5461.174;-892.82025;6100.3374;-283.35333;-313.24777
1964-04-15;-2.833252;-6.7788544;-2.1335018;747.1008;0.9295373;114.824524;100.0;0.5871594;341.8838;1718.2211;0.117361546;-0.54165906;0.0039190054;0.3027022;0.29876828;0.024285167;0.112339854;2041.5922;7321.372;-1577.5753;5285.7446;-405.89557;-328.4111
1964-04-16;-2.1984355;-8.127658;-2.9008026;746.113;1.083749;74.2085;100.0;0.58689684;346.46713;1695.1498;0.00667572;-0.40316674;0.020980835;0.32922626;0.30824542;0.13085082;0.0008456409;2277.5728;7514.134;-1816.2559;4941.8926;-295.58334;-214.1011
1964-04-17;-2.0676372;-4.3127747;-2.8289058;740.86865;1.4335356;32.10132;100.0;0.59260505;345.88736;1712.8092;15.634361;-0.23120734;0.00692904;0.32401085;0.3170818;0.0;14.362357;1135.2594;3607.0422;-640.63086;6295.0537;-173.99222;-105.79444
1964-04-18;-2.7455444;-5.0171814;-1.7681452;742.4839;0.76456165;130.00327;100.0;0.6054086;338.43295;1788.859;10.28713;-0.43407735;0.05415082;0.37947297;0.3253296;0.24215691;9.646792;1290.915;5048.561;-605.7183;6438.421;-328.56332;-336.90668
1964-04-19;-3.5860088;-5.1956787;-1.8741837;742.4817;0.95463204;186.09923;100.0;0.62262994;323.72592;1923.4213;11.987344;-0.4091887;0.020161271;0.35314262;0.3329888;0.08879416;11.5978565;1372.6766;5637.2275;-879.8933;6085.621;-308.44556;-361.6
1964-04-20;-3.9411519;-5.59022;-2.1809452;742.58136;0.89810777;135.46977;100.0;0.62947994;322.55307;1953.0436;6.1468744;-0.3977325;0.018179417;0.35828352;0.340119;0.095250085;5.9051366;1565.625;6127.468;-1078.4208;5798.81;-298.06668;-383.1422
1964-04-21;-2.6683857;-5.9885354;-2.3009224;741.19073;1.211854;48.64911;100.0;0.6311419;327.1263;1932.1289;1.139769;-0.47313794;0.008866191;0.3556013;0.34674257;0.052083284;0.97061133;1932.9933;7028.721;-1108.5939;5871.4155;-352.5;-315.75446
1964-04-22;-2.9611309;-5.698385;-1.9382324;742.941;1.162819;45.944386;100.0;0.63670766;327.92935;1943.3594;6.2274556;-0.46324265;0.014513731;0.36743283;0.35291165;0.07586181;5.949635;1051.42;3882.4067;-650.2389;6328.7954;-354.09113;-238.63667
1964-04-23;-1.9272665;-7.018789;-1.9910024;750.6075;0.9368031;60.29228;100.0;0.63803947;332.75488;1920.6136;0.12202859;-0.40243474;0.049203634;0.40787458;0.3586486;0.2889745;0.047922134;1979.3411;6812.425;-1398.8898;5488.328;-296.18332;-264.56
1964-04-24;-0.07674154;-5.527588;-1.581098;753.8235;1.0633488;83.159004;100.0;0.6374682;339.65298;1880.4525;0.005904688;-0.34942386;0.14087558;0.50480664;0.36393106;0.7276423;0.0;2570.6028;8015.32;-1810.6353;5124.355;-250.81721;-213.41444
1964-04-25;1.1983134;-5.3253274;-0.718441;753.6653;1.079977;75.43351;100.0;0.63610244;348.13672;1831.0547;0.0;-0.3683325;0.36485493;0.7336736;0.36883354;1.710143;0.0;2911.5789;8073.391;-1856.4133;5208.2544;-263.7089;-197.5711
1964-04-26;2.0893047;-5.7685647;-0.35010147;752.98975;1.1075428;76.62112;100.0;0.6308349;356.82846;1771.7285;0.0008597969;-0.39907545;1.8408448;2.244018;0.40317327;8.270473;0.0;3218.5022;8148.155;-1958.9377;5147.234;-286.48166;-166.64778
1964-04-27;2.5705059;-6.0618186;-0.33558273;751.38354;1.0453833;79.04688;100.0;0.6216975;364.52017;1709.0658;0.0008523463;-0.43270084;2.296403;2.6873648;0.39096177;9.602094;0.0;3510.4856;8318.911;-2053.52;5062.569;-312.26;-156.21333
1964-04-28;3.3520508;-3.4343567;-0.22921371;748.31085;1.4988085;160.44586;100.0;0.6102473;371.41342;1646.4437;0.027722118;-0.63050723;3.4333467;3.8378687;0.40452182;12.2036;0.0;3405.4878;7679.819;-1545.8123;5730.4155;-469.41333;-105.723335
1964-04-29;-0.0006612142;-2.3950703;-0.17315038;745.66284;1.3034729;203.43938;100.0;0.599849;376.74512;1594.4418;7.3425174;-0.7226355;3.7662835;4.228935;0.4626587;9.865544;4.3097453;3321.0178;7218.6963;-1336.69;5901.1646;-548.63336;-351.97556
1964-04-30;-2.302185;-3.529826;-0.12936401;744.622;0.95280766;223.62903;100.0;0.6020437;369.24673;1631.5511;13.869426;-0.4394967;2.5255084;2.9790103;0.45350194;5.428363;9.677035;1887.965;5399.6094;-910.72614;6255.3076;-332.6311;-412.7022
1964-05-01;-1.4716492;-3.7953289;-0.18609492;745.8903;0.884609;152.7203;100.0;0.60425574;367.80698;1645.4264;1.1785358;-0.5921135;0.60634315;1.0383129;0.43196976;1.5268438;0.2502352;2115.3528;6505.464;-974.79443;6227.74;-447.5472;-365.69333
1964-05-02;0.068593346;-4.7357583;-0.18344624;748.39545;0.9896748;127.241875;100.0;0.5992823;373.08725;1608.8461;0.031232964;-0.7033972;2.1190495;2.5728643;0.45378506;7.4508677;0.0012144446;2924.5566;7989.9087;-1700.8528;5426.7256;-527.50555;-334.78333
1964-05-03;-0.49909464;-3.108073;-0.23497517;748.02374;1.2232741;182.59804;100.0;0.5932358;379.11557;1567.1793;2.7427008;-0.48790312;2.0641832;2.540812;0.4766062;4.6911426;0.31733885;2324.0405;5829.406;-966.5322;6230.509;-366.18777;-252.82666
1964-05-04;0.050394695;-4.2119956;-0.19481404;747.9097;1.288915;146.30365;100.0;0.585118;384.55728;1524.1293;0.121363714;-0.82275087;3.309116;3.8630366;0.55390596;10.014497;0.002939254;3283.3833;7802.074;-1642.5072;5496.7666;-622.67053;-329.28665
1964-05-05;2.049123;-4.3697104;-0.25856146;749.0864;1.0138441;143.28746;100.0;0.574763;390.6227;1474.0804;0.031340122;-0.647204;3.4253001;3.9655566;0.5402565;10.369242;0.0;3558.975;8046.916;-1708.0333;5483.2593;-482.2811;-208.10889
1964-05-06;2.6176758;-3.8746135;-0.19650269;747.2207;0.98006755;116.89788;100.0;0.5612749;396.38965;1418.5385;0.01617074;-0.56155956;5.723283;7.0870667;1.3637617;14.976684;0.0;3692.7217;8041.094;-1753.7678;5487.009;-414.04443;-192.33333
1964-05-07;3.3470154;-2.9348145;-0.20811589;748.62305;1.16996;102.43079;100.0;0.54601663;402.0996;1360.2701;0.0397712;-0.53964186;5.593881;6.569013;0.97510964;15.186306;0.0;3639.5366;7700.0566;-1588.8273;5688.5024;-397.7;-153.53
1964-05-08;3.512207;-2.6787312;-0.1472257;749.94464;1.2351096;93.850975;100.0;0.529489;407.6442;1301.6764;1.0521293;-0.5469983;6.722048;7.830888;1.1088476;17.020636;0.0;3639.0771;7530.86;-1295.9811;6091.3057;-403.53445;-148.96222
1964-05-09;4.5453696;-2.5487874;-0.11645508;751.70044;1.2761341;118.31668;100.0;0.50911343;411.9619;1238.6881;0.0474751;-0.49513578;9.364724;11.161745;1.7970278;22.212881;0.0;4071.9333;8286.322;-1645.9817;5756.22;-360.16223;-133.64555
1964-05-10;5.081431;-2.419566;-0.12299856;748.9771;1.9470334;135.52046;100.0;0.48733565;416.3711;1173.2178;1.8706799;-0.5332483;10.133073;12.289583;2.1565108;22.249397;0.0;3690.6667;7410.492;-1237.2345;6197.275;-389.88666;15.792222
1964-05-11;0.06297811;-0.9012349;-0.054227192;747.3182;0.93574166;240.0663;100.0;0.47552407;415.1979;1146.932;8.834582;-0.3309436;5.7945848;7.711351;1.9167811;11.033025;3.1148865;2208.7883;4966.47;-673.6639;6649.4277;-247.98445;-287.5778
1964-05-12;2.2298176;-1.8032736;-0.11216354;748.3024;1.0603757;110.351616;100.0;0.4619188;416.806;1110.555;0.0065947124;-0.5631186;6.4216404;8.331567;1.9099265;16.903807;0.0007711351;3500.7534;7812.9;-1519.044;5765.3955;-416.72665;-277.5411
1964-05-13;3.4331462;-2.9154358;-0.2049319;749.364;1.0403265;157.83017;100.0;0.44535175;422.1455;1057.5358;0.024455786;-0.4651295;6.4817667;9.093941;2.6121736;16.599796;0.0;3877.445;8364.075;-1763.3844;5506.2026;-336.6489;-178.46333
1964-05-14;4.2335715;-2.9984334;-0.18054454;750.7578;1.2831835;213.95018;100.0;0.42828766;428.0062;1003.58075;1.2677342;-0.6313976;7.235162;9.72253;2.4873688;17.075647;0.0;3712.2883;7796.4233;-1536.0917;5785.218;-468.5411;-107.93445
1964-05-15;4.9695535;-2.623108;-0.18074544;751.5667;1.1313115;123.48041;100.0;0.40951487;433.973;946.696;0.40069222;-0.47006086;8.869574;12.654871;3.7852824;19.742016;0.0;4040.6116;8316.772;-1666.735;5698.0757;-339.3322;-132.42778
1964-05-16;6.5274353;-3.7509053;-0.1730067;750.7475;0.9544913;181.14026;100.0;0.38815844;438.92935;886.8408;0.040474534;-0.4580915;9.216264;13.230085;4.013814;21.990034;0.0;3998.7239;8101.4834;-1539.6838;5829.689;-329.02554;-115.48333
1964-05-17;3.3638408;-3.5529888;-0.20486577;751.58185;1.2996675;224.60309;100.0;0.36922228;443.6683;834.06573;0.11111796;-0.884315;5.7933626;9.702563;3.9092004;16.260244;0.0;4036.953;8079.803;-1677.9883;5601.9844;-669.12;-209.52777
1964-05-18;3.5390422;-2.341695;-0.23929214;752.0405;1.1798042;120.91684;100.0;0.35090968;448.74155;783.08105;0.025970131;-0.5456619;8.243702;13.27543;5.0317125;19.436172;0.0;4276.7646;8479.94;-1846.0939;5472.999;-399.8578;-171.16112
1964-05-19;4.6492715;-2.151591;-0.22860591;751.1795;1.077384;133.6293;100.0;0.32975462;450.0;733.4798;0.0012904402;-0.44683182;9.176746;14.844865;5.6681185;21.91157;0.0;4314.208;8493.3545;-1752.0688;5622.9346;-321.0478;-151.32777
1964-05-20;6.579193;-2.2445984;-0.19614284;749.9052;1.0727243;142.48816;100.0;0.30638102;450.0;681.9255;0.19721091;-0.40768832;10.731071;18.035755;7.304691;24.00417;0.0;4228.3223;8275.372;-1468.9578;5960.5024;-289.58554;-106.45333
1964-05-21;7.0641074;-1.5534058;-0.14943568;749.9792;1.1004487;255.78648;100.0;0.28171003;450.0;627.2786;2.6530175;-0.38934314;11.671051;20.700798;9.029738;25.47691;0.0;3740.7788;7287.779;-1181.5797;6278.379;-279.38223;-86.47889
1964-05-22;6.1047463;-1.8772278;-0.2526207;751.2592;1.1502903;206.71136;100.0;0.25768027;450.0;574.05597;0.0021696086;-0.5304981;10.024771;20.500168;10.475397;23.72248;0.0;4382.3477;8507.733;-1738.73;5629.3413;-387.2311;-127.12556
1964-05-23;6.5775146;-0.74991864;-0.31426874;753.1381;1.1360657;204.97334;100.0;0.23377939;450.0;521.07745;2.9802322e-05;-0.4034564;9.934605;21.489918;11.555322;24.17374;0.0;4355.654;8431.929;-1678.3373;5740.0454;-286.14334;-100.73889
1964-05-24;8.015564;-2.1113384;-0.27679572;753.4749;1.2162354;178.07513;99.09098;0.2084595;450.0;464.681;0.032126904;-0.44654125;11.238083;23.623482;12.385398;25.62956;0.0;4324.1777;8331.126;-1461.6978;5990.9224;-317.6889;-69.346664
1964-05-25;8.990448;-0.16079712;-0.1948827;751.4974;1.1539543;101.24384;96.7889;0.18270727;450.0;407.3893;1.071144;-0.4074257;10.956973;24.01921;13.062239;25.02033;0.0;3828.1655;7263.2744;-1049.627;6483.372;-285.8989;-52.993332
1964-05-26;8.920776;-0.9504598;-0.2286733;749.50244;1.6885778;137.0655;95.16227;0.15751998;450.0;351.35904;1.037854;-0.72922;11.177093;24.646282;13.46919;25.248676;0.0;4055.9412;7617.433;-1295.5342;6203.86;-531.9744;18.965555
1964-05-27;8.277812;-1.5407511;-0.42983246;750.6953;1.232843;124.85561;94.33317;0.13220997;450.0;295.16602;0.0;-0.602033;11.085346;24.630547;13.545156;25.563225;0.0;4513.449;8428.696;-1646.2513;5813.3633;-424.9222;-128.25111
1964-05-28;8.824799;-1.7457377;-0.49267578;751.07495;1.2641844;122.44238;93.96371;0.10679897;450.0;238.68816;0.6132457;-0.61503613;11.475384;25.743887;14.268502;25.195387;0.0;4402.2217;8195.944;-1462.4431;6024.1455;-433.19556;-110.795555
1964-05-29;10.1892395;-0.9048869;-0.46401343;752.2088;1.2317433;117.61423;93.641685;0.08003167;450.0;179.07715;0.0012755394;-0.6391471;12.601555;28.680294;16.078733;27.474802;0.0;4484.64;8337.259;-1410.3878;6157.1313;-448.6;-94.952225
1964-05-30;11.475514;-1.0347189;-0.5308838;752.861;1.2060717;131.21944;89.8077;0.052371025;450.0;117.51302;0.00079870224;-0.7414473;11.695162;28.708607;17.013445;27.27221;0.0;4472.2007;8189.3477;-1299.633;6331.584;-520.2111;-69.11667
1964-05-31;12.672679;-0.21369426;-0.38161597;753.2347;1.0524887;92.30624;62.48836;0.02775856;450.0;62.45931;0.036519766;-1.109804;8.785144;24.582073;15.796929;21.819983;0.0;4729.851;7774.203;-1255.4417;6648.95;-772.9767;-171.25
1964-06-01;12.616689;1.8874308;-0.1507314;753.40875;1.2454727;98.487465;28.825602;0.012497942;450.0;28.076172;0.067299604;-2.2433643;3.7246199;16.67455;12.949936;11.363868;0.0;5218.3306;7290.3013;-1476.257;6775.782;-1558.9689;-292.6111
1964-06-02;13.159271;0.88494873;-0.13629532;755.3282;1.252966;87.47394;11.50415;0.0049656234;450.0;11.149089;1.1329085;-2.8888872;1.783222;13.251737;11.468522;5.065631;0.0;5579.1465;7249.0977;-1842.3073;6644.472;-2007.1833;-417.48334
1964-06-03;13.970398;0.60371906;-0.01371638;756.00757;1.1972135;80.21083;4.1558433;0.0017834107;450.0;4.313151;1.6856998;-3.399007;0.9198636;11.05982;10.139972;2.0744689;0.0;5922.1265;7459.9365;-2064.1584;6660.6143;-2361.3022;-508.7989
1964-06-04;13.978607;1.0286356;0.010079701;755.12726;1.2757307;81.645;1.3584799;0.00058265525;450.0;1.5869141;0.20250082;-3.669668;0.20350516;9.217784;9.014278;0.6867684;0.0;5831.952;7257.15;-2069.5784;6696.832;-2549.2688;-476.87332
1964-06-05;14.350139;-0.7361145;0.0104192095;751.857;1.5698196;119.33899;0.4428711;0.00018994014;450.0;0.40690103;0.0496352;-4.0907693;0.05736947;8.126855;8.069486;0.22206083;0.0;6083.465;7534.5957;-2173.5256;6552.2056;-2841.8;-520.85
1964-06-06;13.22823;-1.4252421;-0.12575786;750.49445;1.3613769;136.34883;0.14347331;6.1392784e-05;433.973;-7.345365e-21;0.00085532654;-4.2922225;0.015586615;7.289797;7.2741957;0.07555261;0.0;6782.633;8381.982;-2427.6355;6276.84;-2981.6907;-871.7633
1964-06-07;13.052216;-0.9845479;-0.08767065;749.6755;1.0856831;128.40012;0.044514973;1.8795332e-05;428.35416;-7.345365e-21;0.0017106531;-4.235164;0.0046640635;6.606117;6.601453;0.023528934;0.0;6887.6343;8499.582;-2565.3977;6169.483;-2942.03;-859.4144
1964-06-08;13.643066;-1.9068298;-0.020044962;749.41876;1.3325365;135.36604;0.013671875;5.9604645e-06;428.09375;-7.345365e-21;0.0085936915;-4.212607;0.0023245811;6.0335546;6.03123;0.007186085;0.0;6610.5566;8148.1133;-2306.9844;6500.4385;-2926.3584;-772.66223
1964-06-09;13.691365;-3.7510579;0.004632314;749.9241;1.3411212;143.41716;0.004231771;1.7086664e-06;428.09375;-7.345365e-21;0.002157688;-4.3029923;0.0005662441;5.5443945;5.543813;0.002041459;0.0;6978.975;8592.923;-2691.4998;6074.4985;-2989.1467;-961.5711
1964-06-10;12.675517;-4.0432434;-0.08281199;752.04736;1.2389693;183.90862;0.0009765625;4.3710074e-07;428.09375;-7.345365e-21;0.001288443;-4.1261277;0.00023841858;5.123049;5.122803;0.0006072223;0.0;6915.513;8505.779;-2741.6274;5950.447;-2866.2844;-933.4056
1964-06-11;12.46403;-3.1590068;-0.051353455;751.80145;1.2910303;123.82324;0.0;-7.3453654e-25;428.09375;-7.345365e-21;0.0004351138;-4.064163;7.4505806e-05;4.7560034;4.755929;0.0001937151;0.0;6934.43;8520.072;-2666.8594;6090.229;-2823.2388;-990.69775
1964-06-12;13.628276;-0.78187054;-2.121235;750.4301;1.2509197;101.95118;0.0;-7.3453654e-25;253.19304;-7.345365e-21;0.014770031;-3.9611106;0.0011920929;4.4347343;4.433535;5.2154064e-05;0.0;6756.443;8292.693;-2519.314;6391.202;-2751.6523;-972.95447
1964-06-13;14.386556;-0.09423828;-0.77742004;748.53876;1.2914526;134.40529;0.0;-7.3453654e-25;107.28774;-7.345365e-21;0.0012975513;-3.851289;0.00011920929;4.1483345;4.148193;2.2351742e-05;0.0;6560.797;8044.1543;-2438.4495;6562.35;-2675.361;-944.76
1964-06-14;13.951447;-0.1381836;0.010084788;748.2507;1.7101363;157.02643;0.0;-7.3453654e-25;99.99998;-7.345365e-21;0.8585453;-3.694077;0.08741021;3.981948;3.8945527;0.0;0.0;6611.708;8098.197;-2513.2627;6478.1943;-2566.1523;-1110.5673
1964-06-15;12.562439;0.15614827;0.009858449;747.8396;1.4377853;201.03596;0.0;-7.3453654e-25;99.99998;-7.345365e-21;0.0017085304;-3.4633167;0.00014901161;3.667444;3.6673098;0.0;0.0;6884.242;8423.244;-2641.8416;6225.358;-2405.851;-1524.1666
1964-06-16;12.578461;-1.4766235;0.009887695;748.4543;1.4030147;167.7953;0.0;-7.3453654e-25;99.99998;-7.345365e-21;0.0;-3.3504422;0.0;3.4621656;3.4621806;0.0;0.0;6833.7344;8360.34;-2665.8816;6236.471;-2327.44;-1480.9856
1964-06-17;12.993378;-2.4818013;0.010218303;749.37335;1.2273371;157.36003;0.0;-7.3453654e-25;99.99998;-7.345365e-21;0.0;-3.3062809;0.0;3.2761097;3.2761097;0.0;0.0;6985.4307;8544.823;-2840.1108;6131.1465;-2296.7644;-1463.3055
1964-06-18;12.86971;-2.166402;0.009841919;749.0191;1.2389543;124.67864;0.0;-7.3453654e-25;99.99998;-7.345365e-21;0.0008565502;-3.1620898;7.4505806e-05;3.106743;3.1066685;0.0;0.0;7073.4326;8651.27;-2910.8743;6106.9033;-2196.5984;-1515.87
1964-06-19;11.86795;3.0338542;0.010079701;749.57135;1.2948798;56.739685;0.0;-7.3453654e-25;99.99998;-7.345365e-21;0.9827018;-2.5207772;0.07534027;3.028512;2.9531717;0.0;0.0;5775.7886;7063.2656;-2122.7761;6907.3;-1751.1;-1501.0322
1964-06-20;12.757965;3.1468303;0.009942372;748.4815;1.1076657;92.106384;0.0;-7.3453654e-25;99.99998;-7.345365e-21;0.67233443;-2.5461986;0.04941225;2.8624237;2.813004;0.0;0.0;5737.8066;7015.9546;-2231.6377;6902.7446;-1768.7589;-1310.7922
1964-06-21;13.708333;1.5845846;0.009946187;747.075;1.4334935;129.96336;0.0;-7.3453654e-25;99.99998;-7.345365e-21;0.36615133;-2.780265;0.026777387;2.7103572;2.6835651;0.0;0.0;6355.476;7770.1045;-2391.5427;6839.532;-1931.3572;-1543.1511
1964-06-22;13.142944;3.3804424;0.0099817915;747.6694;1.4426589;112.47877;0.0;-7.3453654e-25;99.99998;-7.345365e-21;0.93488395;-2.52657;0.07005781;2.6340337;2.5639682;0.0;0.0;6188.771;7565.1646;-2338.0583;6910.7935;-1755.1244;-1725.9434
1964-06-23;13.585327;2.6126912;0.010197957;748.40424;1.1628691;94.96418;0.0;-7.3453654e-25;99.99998;-7.345365e-21;0.0153445;-2.5591888;0.001013279;2.4542809;2.4532824;0.0;0.0;5972.2007;7299.4966;-2238.0405;7061.8765;-1777.7833;-1549.6256
1964-06-24;14.952901;1.7803854;0.009485881;748.02124;1.2006888;148.26526;0.0;-7.3453654e-25;99.99998;-7.345365e-21;0.15360415;-2.4749954;0.01065433;2.360791;2.3501441;0.0;0.0;6421.7812;7848.13;-2625.5889;6749.281;-1719.2966;-1621.539
1964-06-25;16.02543;-0.5223897;0.009942372;748.1226;1.615778;174.43858;0.0;-7.3453654e-25;99.99998;-7.345365e-21;0.0012899381;-2.434684;8.940697e-05;2.2539794;2.2538974;0.0;0.0;6806.4673;8317.429;-2851.996;6587.9297;-1691.2933;-1817.2855
1964-06-26;15.84966;-1.5902405;0.009676616;746.5765;1.6097554;150.02783;0.0;-7.3453654e-25;99.99998;-7.345365e-21;0.0013015743;-2.2887998;8.940697e-05;2.1639466;2.1638722;0.0;0.0;7005.722;8559.673;-3030.713;6459.2627;-1589.9534;-1946.6056
1964-06-27;14.6241045;0.3585612;0.009671529;745.53986;1.5846659;142.03299;0.0;-7.3453654e-25;99.99998;-7.345365e-21;0.0006139278;-2.009295;2.9802322e-05;2.079606;2.0795913;0.0;0.0;6879.984;8404.807;-2878.287;6594.044;-1395.7905;-2178.1746
1964-06-28;13.773824;-2.2537029;0.009911855;745.34766;1.625001;133.90552;0.0;-7.3453654e-25;99.99998;-7.345365e-21;0.019374687;-1.7602537;0.0013411045;2.0022094;2.0008683;0.0;0.0;6586.524;8045.319;-2837.7961;6521.7847;-1222.79;-2199.5066
1964-06-29;13.581543;-0.35405478;0.009930928;746.1486;1.4147357;131.295;0.0;-7.3453654e-25;99.99998;-7.345365e-21;0.025862455;-1.702251;0.0013411045;1.9284785;1.92713;0.0;0.0;6401.8105;7818.54;-2697.5327;6743.934;-1182.4967;-2162.7844
1964-06-30;14.396057;0.05596924;0.010464986;747.5423;1.2382921;133.49763;0.0;-7.3453654e-25;99.99998;-7.345365e-21;0.000922879;-1.7657206;5.9604645e-05;1.8576682;1.8576235;0.0;0.0;6859.1797;8376.1875;-3049.6755;6485.5923;-1226.5878;-2164.1555
1964-07-01;15.294861;-3.182841;0.010101318;746.97;1.3997717;130.2592;0.0;-7.3453654e-25;99.99998;-7.345365e-21;0.0012928713;-1.7551072;8.940697e-05;1.7919838;1.7918944;0.0;0.0;7071.5435;8634.449;-3243.3462;6319.519;-1219.2145;-2186.6145
1964-07-02;15.551707;-1.2165934;0.009942372;747.0083;1.3573364;133.75691;0.0;-7.3453654e-25;99.99998;-7.345365e-21;0.0017301845;-1.6922411;0.00010430813;1.7299652;1.7298534;0.0;0.0;7008.283;8556.144;-3135.55;6540.509;-1175.5444;-2165.9443
1964-07-03;17.278513;1.6323751;0.009883881;748.0224;1.2027198;86.12842;0.0;-7.3453654e-25;99.99998;-7.345365e-21;0.0012766586;-1.7338321;8.940697e-05;1.6711652;1.6710758;0.0;0.0;6896.532;8418.648;-3067.6353;6872.331;-1204.4355;-2029.7944
1964-07-04;18.52185;1.3713583;0.009815216;747.607;1.4037932;110.888275;0.0;-7.3453654e-25;99.99998;-7.345365e-21;0.00085906853;-1.6934388;5.9604645e-05;1.6153753;1.6153157;0.0;0.0;6900.589;8422.509;-3177.9724;6832.7827;-1176.3744;-2067.9434
1964-07-05;18.622183;0.6154683;0.009661357;748.16644;1.3004209;84.32304;0.0;-7.3453654e-25;99.99998;-7.345365e-21;0.0;-1.6304291;0.0;1.5625954;1.5626103;0.0;0.0;6673.7285;8144.4756;-3141.2322;6912.628;-1132.6056;-1801.1923
1964-07-06;18.906067;6.7810464;0.009985606;748.0672;1.4633255;77.30091;0.0;-7.3453654e-25;99.99998;-7.345365e-21;0.00042915344;-1.5469565;2.9802322e-05;1.5126169;1.5125871;0.0;0.0;6650.1064;8114.656;-2903.0994;7281.8047;-1074.6189;-2086.399
1964-07-07;19.533194;4.916748;0.010125478;746.5024;1.2196041;88.392914;0.0;-7.3453654e-25;100.00519;-7.345365e-21;0.024169683;-1.5229471;0.0013709068;1.4664084;1.4650524;0.0;0.0;6419.363;7832.0957;-2787.2366;7502.3364;-1057.94;-1978.3167
1964-07-08;18.845755;3.8263347;0.009805043;745.35016;1.4535441;144.75223;0.0;-7.3453654e-25;99.99998;-7.345365e-21;0.15337367;-1.3616402;0.0089854;1.429081;1.4201105;0.0;0.0;6034.811;7361.941;-2771.2842;7315.458;-945.88556;-1987.7333
1964-07-09;17.265066;-2.4457295;0.009960175;745.6043;1.9697939;181.32484;0.0;-7.3453654e-25;99.99998;-7.345365e-21;0.00043841344;-1.3892604;2.9802322e-05;1.377508;1.3774707;0.0;0.0;6992.6255;8529.342;-3254.1533;6544.457;-965.0722;-2585.4844
1964-07-10;15.676808;-2.6275532;0.009969075;747.54785;1.585312;223.9138;0.0;-7.3453654e-25;99.99998;-7.345365e-21;0.0017321245;-1.2527257;0.00010430813;1.336962;1.3368577;0.0;0.0;6884.096;8395.894;-3171.9705;6466.6655;-870.2278;-2633.85
1964-07-11;15.868611;-3.287506;0.009867351;747.4268;1.3458878;117.000305;0.0;-7.3453654e-25;99.99998;-7.345365e-21;0.0012814989;-1.2989714;7.4505806e-05;1.2981743;1.2980998;0.0;0.0;7005.7827;8543.203;-3338.9634;6390.711;-902.35114;-2403.5579
1964-07-12;18.944284;3.323761;0.010153453;750.573;1.6876298;43.993393;0.0;-7.3453654e-25;99.99998;-7.345365e-21;0.0;-1.3797413;0.0;1.2609214;1.2609214;0.0;0.0;6941.3735;8463.54;-3230.734;6907.049;-958.4611;-2101.3367
1964-07-13;21.950094;4.71286;0.010073344;751.9888;1.5555352;76.104576;0.0;-7.3453654e-25;99.99998;-7.345365e-21;0.0012814989;-1.4429651;7.4505806e-05;1.2253672;1.2252927;0.0;0.0;6864.883;8369.209;-3256.7817;7225.6113;-1002.38;-1928.2156
1964-07-14;22.96231;4.402832;0.010386149;751.43994;1.5065378;95.32119;0.0;-7.3453654e-25;99.99998;-7.345365e-21;0.0017129587;-1.4312472;0.00010430813;1.1912584;1.1911616;0.0;0.0;6790.812;8277.858;-3174.8467;7465.1245;-994.2389;-1960.8077
1964-07-15;22.091806;-0.002146403;0.009900411;750.10443;1.5676609;115.70574;0.0;-7.3453654e-25;100.00259;-7.345365e-21;0.0;-1.3483763;0.0;1.1585057;1.1585057;0.0;0.0;6916.8506;8430.368;-3440.0088;7007.4795;-936.67334;-2186.379
1964-07-16;20.733042;-2.3794048;0.010039012;750.41766;1.3898386;142.76067;0.0;-7.3453654e-25;99.99998;-7.345365e-21;0.0021516625;-1.2862458;0.00011920929;1.127392;1.1272728;0.0;0.0;6978.8193;8504.001;-3478.7515;6817.4624;-893.5122;-2206.0557
1964-07-17;19.772177;-4.0892434;0.010012309;750.0893;1.3766103;199.79036;0.0;-7.3453654e-25;99.99998;-7.345365e-21;0.00042617318;-1.2108134;2.2351742e-05;1.0974407;1.0974183;0.0;0.0;7039.7856;8576.388;-3617.6567;6535.3535;-841.11224;-2304.0989
1964-07-18;19.331736;-0.6270345;0.0101292925;748.779;1.3103603;199.84216;0.0;-7.3453654e-25;99.99998;-7.345365e-21;0.0;-1.1991812;0.0;1.0687709;1.0687635;0.0;0.0;6918.9507;8427.3125;-3355.7014;6869.06;-833.0311;-2265.6833
1964-07-19;18.706827;-0.5038554;0.009957631;747.5279;1.4498116;138.52705;0.0;-7.3453654e-25;99.99998;-7.345365e-21;0.0;-1.1378908;0.0;1.0412335;1.0412335;0.0;0.0;6884.327;8383.217;-3302.58;6855.317;-790.45447;-2469.7744
1964-07-20;18.526907;0.1345927;0.010045369;748.6619;1.625975;131.6853;0.0;-7.3453654e-25;99.99998;-7.345365e-21;0.0017117418;-1.0512266;0.00010430813;1.0149777;1.0148734;0.0;0.0;6414.2246;7808.9326;-3063.1533;7010.0146;-730.2528;-2322.6323
1964-07-21;17.366028;0.4105021;0.010194142;750.97235;1.5739694;125.15723;0.0;-7.3453654e-25;99.99998;-7.345365e-21;0.0;-1.0393289;0.0;0.9896159;0.9896308;0.0;0.0;6708.681;8165.52;-3158.4966;6846.3364;-721.9867;-2539.2666
1964-07-22;17.353373;4.640635;0.009869893;752.92645;1.3901931;59.70233;0.0;-7.3453654e-25;99.99998;-7.345365e-21;0.0016361475;-0.96376336;8.940697e-05;0.96547604;0.9653866;0.0;0.0;5965.104;7258.914;-2757.1033;7325.8667;-669.49445;-2174.6611
1964-07-23;17.616293;4.427643;0.009811401;752.19305;1.801411;42.8134;0.0;-7.3453654e-25;100.00259;-7.345365e-21;0.001739164;-0.99455845;8.940697e-05;0.9421706;0.9420961;0.0;0.0;6582.8975;8009.115;-3094.8254;6967.082;-690.88666;-2494.4844
1964-07-24;19.236032;3.2531433;0.009905498;749.55054;1.1926725;93.12314;0.0;-7.3453654e-25;99.99998;-7.345365e-21;0.001725387;-1.0534879;8.940697e-05;0.91964006;0.91955066;0.0;0.0;6365.9795;7743.3335;-3034.6633;7231.582;-731.8233;-2119.95
1964-07-25;20.247284;2.1851704;0.010245006;748.52905;1.2993212;115.569984;0.0;-7.3453654e-25;99.99998;-7.345365e-21;0.0008455522;-1.0442622;4.4703484e-05;0.89783967;0.89780986;0.0;0.0;6280.621;7637.7217;-2996.4817;7378.91;-725.4144;-2134.31
1964-07-26;20.200602;1.2123007;0.009737651;749.11035;1.4927893;114.07087;0.0;-7.3453654e-25;99.99998;-7.345365e-21;0.0;-1.0754141;0.0;0.8768439;0.8768439;0.0;0.0;6760.576;8219.565;-3263.6316;7122.8945;-747.05334;-2326.4177
1964-07-27;20.172699;3.7635498;0.009796143;751.0317;1.4191033;119.57132;0.0;-7.3453654e-25;99.99998;-7.345365e-21;0.0004351138;-1.006795;2.9802322e-05;0.85662305;0.85659325;0.0;0.0;6410.5283;7792.365;-2977.3906;7406.5522;-699.38666;-2314.66
1964-07-28;20.020334;1.0352274;0.010054271;750.2681;1.3779445;179.97612;0.0;-7.3453654e-25;99.99998;-7.345365e-21;0.00042617318;-1.0211291;2.9802322e-05;0.83711743;0.83710253;0.0;0.0;6739.5796;8190.4907;-3330.6816;7012.938;-709.3444;-2404.8044
1964-07-29;18.80073;-0.098480225;0.009887695;747.83545;1.5046372;223.60844;0.0;-7.3453654e-25;99.99998;-7.345365e-21;0.0025708314;-0.9419806;0.00011920929;0.8184612;0.81832707;0.0;0.0;6769.0254;8224.414;-3285.1633;6857.783;-654.36224;-2564.8123
1964-07-30;17.721945;0.21594238;0.009971619;746.72675;1.4899397;151.94145;0.0;-7.3453654e-25;99.99998;-7.345365e-21;0.0012936116;-0.82302654;5.9604645e-05;0.800401;0.8003488;0.0;0.0;5939.3438;7214.691;-2895.615;7065.8867;-571.7289;-2318.6611
1964-07-31;17.199799;-2.416158;0.009934743;746.37305;1.6920757;133.98528;0.0;-7.3453654e-25;99.99998;-7.345365e-21;0.0;-0.8871024;0.0;0.7829964;0.7830113;0.0;0.0;6742.678;8188.63;-3181.025;6778.641;-616.24054;-2653.16
1964-08-01;16.830862;0.19511922;0.00999705;747.1308;1.6142327;131.51163;0.0;-7.3453654e-25;99.99998;-7.345365e-21;0.00091791153;-0.83977914;2.9802322e-05;0.7662177;0.76619536;0.0;0.0;6398.16;7768.34;-3109.2927;6818.871;-583.36664;-2554.9067
1964-08-02;16.220327;-2.4652607;0.010276794;746.59686;1.4689407;131.25792;0.0;-7.3453654e-25;99.99998;-7.345365e-21;0.0012818546;-0.84847397;7.4505806e-05;0.75002015;0.74996054;0.0;0.0;6610.193;8024.2393;-3270.031;6561.6562;-589.4056;-2580.3667
1964-08-03;16.691538;-4.026367;0.009833018;747.1474;1.329146;157.13585;0.0;-7.3453654e-25;99.99998;-7.345365e-21;0.0012874597;-0.8684639;7.4505806e-05;0.7342994;0.73423237;0.0;0.0;6754.1436;8197.229;-3380.8323;6512.9233;-603.29224;-2475.2
1964-08-04;18.073019;-1.3703918;0.009928386;749.06976;1.2931784;110.80017;0.0;-7.3453654e-25;99.99998;-7.345365e-21;0.00085522025;-0.88813156;4.4703484e-05;0.71901083;0.7189661;0.0;0.0;6488.648;7873.206;-3194.1484;6887.1313;-616.95557;-2325.6055
1964-08-05;18.360819;-1.6463827;0.010430654;750.18286;1.3651599;131.24443;0.0;-7.3453654e-25;99.99998;-7.345365e-21;0.0;-0.8779708;0.0;0.7041693;0.7041767;0.0;0.0;6639.831;8054.8433;-3285.4036;6820.972;-609.89667;-2381.699
1964-08-06;19.229746;2.3085632;0.009933472;750.1611;1.41331;104.433846;0.0;-7.3453654e-25;99.99998;-7.345365e-21;0.00042617318;-0.88535064;2.9802322e-05;0.68984926;0.68981946;0.0;0.0;6509.3833;7894.6187;-3165.911;7089.358;-615.0233;-2335.3132
1964-08-07;18.96283;2.2741597;0.009794871;748.41846;1.5198401;111.24869;0.0;-7.3453654e-25;99.99998;-7.345365e-21;0.0004351138;-0.8687414;2.9802322e-05;0.6759167;0.6759018;0.0;0.0;6563.724;7959.008;-3253.7485;6942.822;-603.4867;-2400.8232
1964-08-08;18.665527;-0.51745605;0.010083516;747.9516;1.4563646;123.02307;0.0;-7.3453654e-25;99.99998;-7.345365e-21;0.0008523463;-0.8520242;4.4703484e-05;0.6624758;0.6624311;0.0;0.0;6619.4106;8024.766;-3393.256;6726.433;-591.8722;-2393.379
1964-08-09;18.32731;-5.809255;0.009894053;748.55817;1.3802541;176.25887;0.0;-7.3453654e-25;99.99998;-7.345365e-21;0.0055754217;-0.8303132;0.00028312206;0.64972043;0.6494373;0.0;0.0;6704.96;8126.6733;-3594.1538;6419.737;-576.79114;-2325.0967
1964-08-10;18.553528;-6.1328735;0.010135651;747.96045;1.3036908;114.83338;0.0;-7.3453654e-25;99.99998;-7.345365e-21;0.0;-0.8546468;0.0;0.636816;0.6368309;0.0;0.0;6654.1597;8063.292;-3570.815;6507.0156;-593.69556;-2195.5122
1964-08-11;18.918009;-5.0577087;0.009750366;747.042;1.2857182;128.51048;0.0;-7.3453654e-25;99.99998;-7.345365e-21;0.00085234636;-0.83996356;4.4703484e-05;0.6246269;0.6245747;0.0;0.0;6650.9043;8057.5596;-3654.8738;6411.7666;-583.49445;-2166.83
1964-08-12;19.29304;-7.0259604;0.009853363;746.667;1.2673062;192.64867;0.0;-7.3453654e-25;99.99998;-7.345365e-21;0.002148824;-0.81606394;0.00011920929;0.61282516;0.61273575;0.0;0.0;6758.1016;8185.6504;-3857.9482;6167.5977;-566.8922;-2066.1445
1964-08-13;19.650879;-5.2658896;0.009728749;746.67084;1.2662257;150.64253;0.0;-7.3453654e-25;99.99998;-7.345365e-21;0.0;-0.8088145;0.0;0.60127676;0.60127676;0.0;0.0;6751.6235;8176.0005;-3871.1445;6194.3584;-561.8567;-2021.2678
1964-08-14;18.81488;-4.3529153;0.009950002;748.4968;1.3778492;138.7284;0.0;-7.3453654e-25;99.99998;-7.345365e-21;0.0008523463;-0.78361017;4.4703484e-05;0.5901903;0.5901456;0.0;0.0;6677.1313;8083.9507;-3767.051;6213.96;-544.3478;-2141.8123
1964-08-15;18.331736;-5.7935586;0.009661357;750.49164;1.4068413;110.64798;0.0;-7.3453654e-25;99.99998;-7.345365e-21;0.00043511385;-0.7735072;2.9802322e-05;0.57932734;0.579305;0.0;0.0;6641.5703;8039.1025;-3661.514;6309.678;-537.32947;-2160.3323
1964-08-16;19.366922;-1.4599711;0.009860992;749.231;1.3441688;94.74229;0.0;-7.3453654e-25;99.99998;-7.345365e-21;0.0;-0.794556;0.0;0.5687475;0.5687326;0.0;0.0;6470.0356;7830.5474;-3445.7195;6718.122;-551.9522;-2092.409
1964-08-17;18.799164;-0.96831256;0.009993236;745.60205;1.3796774;120.22013;0.0;-7.3453654e-25;99.99998;-7.345365e-21;0.0008821486;-0.760599;2.9802322e-05;0.5584955;0.5584508;0.0;0.0;6306.96;7632.194;-3315.9187;6779.664;-528.36334;-2261.0933
1964-08-18;17.18685;-6.6719565;0.010195415;746.2876;1.6055908;168.07521;0.0;-7.3453654e-25;99.99998;-7.345365e-21;0.0008730759;-0.6914008;2.9802322e-05;0.54854155;0.54851174;0.0;0.0;6513.1523;7880.703;-3469.7595;6312.0522;-480.29333;-2444.4712
1964-08-19;16.237906;-3.5828655;0.0100034075;748.355;1.3848867;205.79936;0.0;-7.3453654e-25;99.99998;-7.345365e-21;0.0008583069;-0.66651124;4.4703484e-05;0.5389452;0.53890795;0.0;0.0;6341.8403;7672.586;-3264.8987;6490.6895;-463.00333;-2483.061
1964-08-20;16.02001;-1.7209167;0.010245006;750.04224;1.1730046;100.75358;0.0;-7.3453654e-25;99.99998;-7.345365e-21;0.00042617318;-0.7133186;1.4901161e-05;0.52951276;0.52949786;0.0;0.0;6340.536;7670.004;-3295.575;6548.468;-495.5189;-2278.2678
1964-08-21;18.188171;2.4556072;0.009975433;750.38007;1.2270896;93.052925;0.0;-7.3453654e-25;99.99998;-7.345365e-21;0.0;-0.7324312;0.0;0.52028894;0.52028894;0.0;0.0;6113.0967;7394.1104;-3117.55;6974.1665;-508.79556;-2119.6843
1964-08-22;18.41504;-1.7690226;0.009952545;749.3588;1.500391;121.39922;0.0;-7.3453654e-25;99.99998;-7.345365e-21;0.0011265278;-0.7035192;2.9802322e-05;0.51139295;0.51136315;0.0;0.0;6129.932;7413.5415;-3304.5784;6717.218;-488.71222;-2118.4822
1964-08-23;16.519613;2.595174;0.010264079;749.19403;1.4314111;95.349236;0.0;-7.3453654e-25;99.99998;-7.345365e-21;0.5458914;-0.7757824;0.026717782;0.52946806;0.5027354;0.0;0.0;5886.1455;7117.653;-3020.9595;6804.8364;-538.91;-2185.5657
1964-08-24;16.29658;1.8234762;0.009916942;748.9819;1.4164844;97.780556;0.0;-7.3453654e-25;99.99998;-7.345365e-21;0.002157688;-0.8620527;0.00010430813;0.49448013;0.49436837;0.0;0.0;6008.5615;7264.8535;-3051.6238;6761.792;-598.84;-2182.5544
1964-08-25;16.945557;0.8169759;0.009985606;748.4444;1.3224041;120.20051;0.0;-7.3453654e-25;99.99998;-7.345365e-21;0.283584;-0.769658;0.013872981;0.50006807;0.48620254;0.0;0.0;5920.5283;7157.7085;-3069.6023;6716.638;-534.6556;-2161.4155
1964-08-26;16.347372;-3.4275715;0.009719849;747.02264;1.5208424;181.71301;0.0;-7.3453654e-25;99.99998;-7.345365e-21;0.0010222197;-0.735797;2.9802322e-05;0.47835708;0.47829747;0.0;0.0;6077.47;7346.516;-3226.505;6387.247;-511.13333;-2313.7622
1964-08-27;13.933309;-3.708435;0.010124207;747.61005;1.5245652;157.71405;0.0;-7.3453654e-25;99.99998;-7.345365e-21;0.0017109142;-0.6353054;8.940697e-05;0.47069788;0.47060847;0.0;0.0;6075.7173;7343.612;-3211.0518;6220.723;-441.3261;-2406.6577
1964-08-28;14.009318;-3.491333;0.010192871;749.24554;1.3444065;212.78398;0.0;-7.3453654e-25;99.99998;-7.345365e-21;0.0021517272;-0.57896507;0.00010430813;0.4632473;0.463143;0.0;0.0;6014.4116;7268.6606;-3159.746;6216.1123;-402.18777;-2412.571
1964-08-29;14.637319;-5.405365;0.010529836;749.5019;1.3793055;153.59529;0.0;-7.3453654e-25;99.99998;-7.345365e-21;0.0012846385;-0.593191;5.9604645e-05;0.45591593;0.45585632;0.0;0.0;6020.595;7275.253;-3266.7773;6147.723;-412.07056;-2271.591
1964-08-30;15.2968445;-8.033997;0.009638469;749.572;1.2966129;123.71226;0.0;-7.3453654e-25;99.99998;-7.345365e-21;0.0012934206;-0.6148601;5.9604645e-05;0.44879317;0.44872612;0.0;0.0;6099.4814;7369.6567;-3587.645;5853.7812;-427.12222;-1990.0867
1964-08-31;15.752106;-11.302947;0.01028188;751.4086;1.2582605;94.34027;0.0;-7.3453654e-25;99.99998;-7.345365e-21;0.0008523463;-0.61808896;2.9802322e-05;0.44178963;0.44177473;0.0;0.0;6144.566;7423.2007;-3779.676;5644.8345;-429.36667;-1819.5322
1964-09-01;16.926605;-12.950149;0.010044098;751.20044;1.2508582;88.27668;0.0;-7.3453654e-25;99.99998;-7.345365e-21;0.00043511385;-0.6335238;2.9802322e-05;0.4349649;0.4349798;0.0;0.0;6089.9766;7356.3926;-3720.388;5847.1313;-440.08777;-1656.7311
1964-09-02;17.469208;-0.4601237;0.010218303;750.64966;1.4180312;88.20922;0.0;-7.3453654e-25;99.99998;-7.345365e-21;0.0016915738;-0.61817837;8.940697e-05;0.42840838;0.42831153;0.0;0.0;5815.0977;7023.53;-3166.6023;6616.7188;-429.42776;-1856.1067
1964-09-03;17.753092;-1.9436239;0.009774526;749.85834;1.3053633;108.97895;0.0;-7.3453654e-25;99.99998;-7.345365e-21;0.0008553266;-0.61713344;4.4703484e-05;0.42185187;0.42180717;0.0;0.0;5809.743;7016.2246;-3352.3628;6436.6943;-428.7011;-1864.8356
1964-09-04;16.883087;-8.399536;0.0097796125;750.45;1.223556;173.20575;0.0;-7.3453654e-25;99.99998;-7.345365e-21;0.0;-0.5925503;0.0;0.41547418;0.41547418;0.0;0.0;5904.7505;7130.0967;-3569.8625;5993.8413;-411.62445;-1803.3633
1964-09-05;16.111023;-6.818217;0.010045369;750.9043;1.3160893;170.32353;0.0;-7.3453654e-25;99.99998;-7.345365e-21;0.00042617318;-0.56585485;1.4901161e-05;0.4093349;0.40932;0.0;0.0;5782.3643;6981.4795;-3377.2715;6131.8804;-393.08112;-1924.15
1964-09-06;15.42036;-4.1054077;0.009857178;751.122;1.4457105;143.16563;0.0;-7.3453654e-25;99.99998;-7.345365e-21;0.00042617318;-0.54265743;1.4901161e-05;0.40332973;0.40331483;0.0;0.0;5694.9126;6875.0234;-3124.2217;6353.751;-376.96555;-2001.4684
1964-09-07;14.672882;-5.0597024;0.009958903;749.1601;1.4743365;175.65205;0.0;-7.3453654e-25;99.99998;-7.345365e-21;0.0012814989;-0.5068686;5.9604645e-05;0.39753318;0.39747357;0.0;0.0;5582.0405;6737.9775;-3091.288;6274.302;-352.10443;-2160.4534
1964-09-08;13.740031;-1.1311136;0.009941101;750.3369;1.117927;75.7659;0.0;-7.3453654e-25;99.99998;-7.345365e-21;0.0017136326;-0.5344581;8.195639e-05;0.39182603;0.39175898;0.0;0.0;5573.5396;6726.9204;-3100.9443;6322.176;-371.27112;-1921.7045
1964-09-09;14.802887;0.43978882;0.01010259;750.02716;1.1076766;100.71939;0.0;-7.3453654e-25;99.99998;-7.345365e-21;0.0012904402;-0.5425811;5.9604645e-05;0.3861934;0.3861338;0.0;0.0;5459.6567;6588.705;-2994.7593;6539.66;-376.91333;-1892.6666
1964-09-10;13.910878;-3.090149;0.01012675;749.65436;1.3380147;172.2617;0.0;-7.3453654e-25;99.99998;-7.345365e-21;0.0021427867;-0.5006194;0.00010430813;0.38076937;0.38066506;0.0;0.0;5489.9062;6624.4043;-3117.0015;6202.9004;-347.76443;-2060.7412
1964-09-11;13.6562395;-4.826884;0.010064443;750.8723;1.1844136;208.33928;0.0;-7.3453654e-25;99.99998;-7.345365e-21;0.00043511385;-0.49557164;1.4901161e-05;0.37536025;0.37534535;0.0;0.0;5525.251;6666.282;-3250.1504;5949.933;-344.25665;-1926.9355
1964-09-12;13.597595;-4.980601;0.009835561;751.936;1.3332499;104.81073;0.0;-7.3453654e-25;99.99998;-7.345365e-21;0.0012874597;-0.49088335;5.9604645e-05;0.37020445;0.3701523;0.0;0.0;5404.8564;6520.217;-3078.0713;6142.176;-341.0;-1856.9478
1964-09-13;12.881805;-3.5396118;0.009679158;751.82715;1.3476859;116.834175;0.0;-7.3453654e-25;99.99998;-7.345365e-21;0.0022888184;-0.4719533;8.940697e-05;0.36518276;0.36509335;0.0;0.0;5184.1646;6253.183;-2905.7866;6302.3496;-327.85;-1944.2589
1964-09-14;12.942616;-5.1759644;0.00965627;752.3467;1.2880352;115.22448;0.0;-7.3453654e-25;99.99998;-7.345365e-21;0.0008523463;-0.48619136;4.4703484e-05;0.36016107;0.36013126;0.0;0.0;5360.4824;6465.1216;-3142.7139;6035.6343;-337.74112;-1824.5466
1964-09-15;10.824138;1.2435812;0.010032654;754.67194;1.8115659;38.23971;0.0;-7.3453654e-25;99.99998;-7.345365e-21;0.0057995315;-0.34716725;0.00025331974;0.3556311;0.3553778;0.0;0.0;4252.585;5127.89;-2297.4543;6643.004;-241.16556;-1745.2406
1964-09-16;10.452006;1.9424744;0.009744008;754.1131;2.1863973;41.124104;0.0;-7.3453654e-25;99.99998;-7.345365e-21;0.00079870224;-0.36715156;2.9802322e-05;0.35078824;0.35076588;0.0;0.0;4759.9;5734.846;-2466.2937;6483.8296;-255.04778;-2048.7988
1964-09-17;10.520741;1.7240499;0.009676616;751.8543;1.5675573;57.203762;0.0;-7.3453654e-25;99.99998;-7.345365e-21;0.0017106531;-0.40777865;8.940697e-05;0.346303;0.34622103;0.0;0.0;5031.234;6056.3813;-2785.605;6231.423;-283.27;-2016.5133
1964-09-18;11.416799;-1.9535116;0.009858449;751.63434;1.2386026;162.05176;0.0;-7.3453654e-25;99.99998;-7.345365e-21;0.00042617318;-0.44870004;1.4901161e-05;0.34174323;0.34172088;0.0;0.0;5170.761;6219.271;-2984.2783;6008.8657;-311.69666;-1842.3489
1964-09-19;11.965363;-7.273641;0.010185242;751.65533;1.1961893;167.79004;0.0;-7.3453654e-25;99.99998;-7.345365e-21;0.0012915416;-0.46385732;5.9604645e-05;0.3373325;0.33728778;0.0;0.0;5195.026;6243.025;-3120.2197;5889.7524;-322.22665;-1705.03
1964-09-20;12.611816;-8.907613;0.010047913;751.5734;1.2629232;166.9238;0.0;-7.3453654e-25;99.99998;-7.345365e-21;0.0008583069;-0.46710578;4.4703484e-05;0.33296645;0.3329292;0.0;0.0;5136.599;6167.427;-3109.6409;5944.309;-324.48334;-1607.3989
1964-09-21;12.46933;-8.305786;0.010135651;751.62213;1.2052206;97.32983;0.0;-7.3453654e-25;99.99998;-7.345365e-21;0.0;-0.461909;0.0;0.3286749;0.3286749;0.0;0.0;5101.312;6119.7227;-3062.5334;6007.3564;-320.87332;-1626.6744
1964-09-22;12.742452;-6.9078774;0.0100695295;750.9868;1.1996449;163.66975;0.0;-7.3453654e-25;99.99998;-7.345365e-21;0.0;-0.45463815;0.0;0.3244877;0.3245026;0.0;0.0;5077.594;6085.9683;-3076.4934;5981.3555;-315.8211;-1626.2478
1964-09-23;12.692098;-10.142029;0.009831746;751.2767;1.2951688;156.97148;0.0;-7.3453654e-25;99.99998;-7.345365e-21;0.0;-0.43844804;0.0;0.32043457;0.32042712;0.0;0.0;5114.4033;6124.743;-3249.822;5704.3823;-304.57556;-1611.7822
1964-09-24;13.166921;-13.800297;0.009628296;753.13104;1.1757776;110.74047;0.0;-7.3453654e-25;99.99998;-7.345365e-21;0.0;-0.4535541;0.0;0.31644106;0.3164336;0.0;0.0;5168.757;6184.5254;-3510.5195;5412.532;-315.06888;-1317.6833
1964-09-25;12.921763;-13.980786;0.010155995;753.6152;1.2487727;96.16689;0.0;-7.3453654e-25;99.99998;-7.345365e-21;0.0012993806;-0.43134856;5.9604645e-05;0.31259656;0.3125444;0.0;0.0;5113.0576;6112.57;-3405.1675;5456.9478;-299.64334;-1415.7511
1964-09-26;12.267009;-11.423577;0.009775798;752.6656;1.1504868;93.52173;0.0;-7.3453654e-25;99.99998;-7.345365e-21;0.0017106531;-0.43044424;8.940697e-05;0.30881166;0.3087297;0.0;0.0;5069.779;6055.6064;-3355.0305;5509.7876;-299.01443;-1343.5492
1964-09-27;12.173045;-9.476499;0.010031383;751.80475;1.1942228;114.06614;0.0;-7.3453654e-25;99.99998;-7.345365e-21;0.00044107434;-0.4265681;1.4901161e-05;0.30501187;0.30498952;0.0;0.0;4998.608;5965.4146;-3273.7217;5610.4487;-296.32333;-1382.0945
1964-09-28;11.495219;-7.47877;0.009963989;753.6291;1.1600872;185.86024;0.0;-7.3453654e-25;99.99998;-7.345365e-21;0.00042617318;-0.39567053;1.4901161e-05;0.30134618;0.30133128;0.0;0.0;4920.953;5867.66;-3067.412;5746.31;-274.8589;-1529.2511
1964-09-29;10.425059;-2.721283;0.009724935;754.5466;1.4241415;239.7227;0.0;-7.3453654e-25;99.99998;-7.345365e-21;0.002158811;-0.34504476;0.00010430813;0.2978742;0.2977699;0.0;0.0;4714.2256;5616.326;-2770.2798;5924.8706;-239.69112;-1831.71
1964-09-30;9.946422;-5.0914;0.010005951;753.9384;1.007436;131.7408;0.0;-7.3453654e-25;99.99998;-7.345365e-21;0.0017171815;-0.37651417;8.940697e-05;0.29435754;0.29428303;0.0;0.0;4845.223;5767.4023;-3088.953;5556.8936;-261.55222;-1548.8356
1964-10-01;10.251851;-7.0861335;0.010083516;752.16815;1.0421273;171.58849;0.0;-7.3453654e-25;99.99998;-7.345365e-21;0.0004351138;-0.38474426;1.4901161e-05;0.29088557;0.29085577;0.0;0.0;4849.118;5767.052;-3190.7;5446.4307;-267.2689;-1419.9344
1964-10-02;8.471629;-2.6776326;0.010133107;748.3918;1.415038;237.57185;0.0;-7.3453654e-25;99.99998;-7.345365e-21;1.5621599;-0.5505597;0.08007884;0.36764145;0.28755516;0.0;0.0;4236.8545;5034.651;-2328.4006;6142.168;-382.45557;-1540.5612
1964-10-03;4.6461487;-1.9416403;0.0102005005;749.2724;0.938694;74.9395;0.0;-7.3453654e-25;99.99998;-7.345365e-21;3.0615985;-0.93706137;0.15977025;0.44429302;0.28450787;0.0;0.0;2681.39;3183.286;-1795.5089;6134.251;-650.94446;-862.5589
1964-10-04;4.950348;-5.1848335;0.009920756;748.73346;1.3762501;158.33562;0.0;-7.3453654e-25;99.99998;-7.345365e-21;0.0;-0.87694544;0.0;0.28145313;0.28145313;0.0;0.0;4637.287;5500.9326;-2711.7678;5337.18;-609.18445;-1431.3978
1964-10-05;3.798299;-7.9448853;0.010068257;748.0993;1.3681259;225.90724;0.0;-7.3453654e-25;99.99998;-7.345365e-21;0.0012925612;-0.71652603;5.9604645e-05;0.2784431;0.2783835;0.0;0.0;4505.2124;5339.6123;-2631.755;5225.226;-497.74667;-1615.2478
1964-10-06;4.6836853;-7.668194;0.0101292925;751.3838;1.100427;64.225685;0.0;-7.3453654e-25;99.99998;-7.345365e-21;0.0;-0.7479638;0.0;0.27535856;0.27535856;0.0;0.0;4587.37;5432.344;-2735.696;5301.3135;-519.5856;-1268.25
1964-10-07;6.0040383;-9.561806;0.009882609;752.759;1.1752447;82.54751;0.0;-7.3453654e-25;99.99998;-7.345365e-21;0.0004351138;-0.6818548;1.4901161e-05;0.27237833;0.27234852;0.0;0.0;4599.9053;5442.5225;-2865.994;5186.543;-473.66223;-1224.3545
1964-10-08;7.770864;-12.148187;0.010082245;754.9993;1.0982665;94.968575;0.0;-7.3453654e-25;99.99998;-7.345365e-21;0.0030040736;-0.636898;0.00013411045;0.2695322;0.2693981;0.0;0.0;4646.9204;5493.43;-3083.48;5024.8984;-442.43112;-991.4289
1964-10-09;8.007588;-16.437986;0.010018666;755.24603;1.1631283;169.5847;0.0;-7.3453654e-25;99.99998;-7.345365e-21;0.0;-0.5629473;0.0;0.26649237;0.26648492;0.0;0.0;4666.0527;5511.3223;-3235.8677;4823.8643;-391.06;-947.0289
1964-10-10;7.472351;-14.644675;0.010014852;752.42487;1.169507;103.82107;0.0;-7.3453654e-25;99.99998;-7.345365e-21;0.001293708;-0.5040932;5.9604645e-05;0.26369095;0.26364625;0.0;0.0;4565.3335;5387.755;-3023.3354;5114.6255;-350.17667;-958.1633
1964-10-11;8.107808;-9.409962;0.010142009;753.0667;1.0732065;60.539654;0.0;-7.3453654e-25;99.99998;-7.345365e-21;0.00044107434;-0.49230084;1.4901161e-05;0.26082993;0.26081502;0.0;0.0;4431.3145;5225.1255;-2840.875;5513.33;-341.98444;-980.9633
1964-10-12;8.939575;-5.8543296;0.010125478;754.4062;1.1887976;63.309704;0.0;-7.3453654e-25;99.99998;-7.345365e-21;0.0017244893;-0.4509967;8.940697e-05;0.2581179;0.25803596;0.0;0.0;4334.915;5107.1006;-2741.412;5745.8867;-313.29224;-1106.3811
1964-10-13;8.956401;-4.047241;0.009880066;755.0662;1.1932055;59.59541;0.0;-7.3453654e-25;99.99998;-7.345365e-21;0.0012814989;-0.4100697;5.9604645e-05;0.2553612;0.2553016;0.0;0.0;4258.713;5013.035;-2674.1016;5850.1313;-284.8611;-1183.0488
1964-10-14;9.23293;-4.187571;0.00974528;755.7321;1.1788677;90.72457;0.0;-7.3453654e-25;99.99998;-7.345365e-21;0.0;-0.38980132;0.0;0.2526194;0.25262684;0.0;0.0;4165.4644;4899.0933;-2611.3594;5952.17;-270.7811;-1176.7977
1964-10-15;9.213582;-3.8176372;0.0101674395;756.10175;1.1251057;102.78717;0.0;-7.3453654e-25;99.99998;-7.345365e-21;0.0004351138;-0.3681211;1.4901161e-05;0.25001168;0.24998188;0.0;0.0;4153.0312;4880.315;-2630.3894;5934.379;-255.72166;-1198.1422
1964-10-16;9.999339;-4.593435;0.0102005005;756.9371;1.1361676;120.32263;0.0;-7.3453654e-25;99.99998;-7.345365e-21;0.00042617318;-0.36679393;2.2351742e-05;0.24742633;0.24740398;0.0;0.0;4160.6787;4887.7793;-2684.859;5909.783;-254.80055;-1134.5878
1964-10-17;9.52415;-5.417887;0.010070801;756.08417;1.127577;116.76034;0.0;-7.3453654e-25;99.99998;-7.345365e-21;0.00085957564;-0.35133678;4.4703484e-05;0.24489313;0.24486333;0.0;0.0;4137.2783;4858.7573;-2727.7256;5807.3906;-244.06166;-1140.4039
1964-10-18;9.154134;-8.102763;0.009838104;754.96216;1.1079334;132.44157;0.0;-7.3453654e-25;99.99998;-7.345365e-21;0.00085532654;-0.337746;4.4703484e-05;0.24239719;0.24235994;0.0;0.0;4147.782;4869.5645;-2876.27;5531.484;-234.62111;-1133.3933
1964-10-19;8.442108;-11.14161;0.009661357;755.6077;1.1596075;113.80842;0.0;-7.3453654e-25;99.99998;-7.345365e-21;0.0004351138;-0.3246814;1.4901161e-05;0.2399385;0.2399236;0.0;0.0;4161.233;4883.84;-2951.6797;5317.1333;-225.545;-1018.43
1964-10-20;8.952393;-14.679314;0.00995636;757.24713;1.1351887;98.31695;0.0;-7.3453654e-25;99.99998;-7.345365e-21;0.0017094989;-0.32244903;8.940697e-05;0.23759902;0.23751706;0.0;0.0;4045.8284;4746.918;-2944.0693;5291.608;-223.99556;-871.9078
1964-10-21;9.132477;-16.036613;0.010047913;757.21625;1.1201829;82.97092;0.0;-7.3453654e-25;99.99998;-7.345365e-21;0.0008682246;-0.31459147;4.4703484e-05;0.23521483;0.23517013;0.0;0.0;3937.26;4618.0713;-2948.051;5285.6357;-218.53667;-790.4722
1964-10-22;7.8775125;-16.579464;0.010050456;755.9389;1.1847519;83.79756;0.0;-7.3453654e-25;99.99998;-7.345365e-21;0.0017170024;-0.2996158;8.940697e-05;0.23294985;0.2328679;0.0;0.0;4104.459;4812.66;-3096.9766;4946.1465;-208.13333;-811.68555
1964-10-23;7.1341248;-18.571142;0.009983063;754.4992;1.1798098;104.05695;0.0;-7.3453654e-25;99.99998;-7.345365e-21;0.0008692938;-0.28260797;4.4703484e-05;0.23064017;0.23059547;0.0;0.0;4046.2112;4742.8857;-2990.0483;4973.7734;-196.3189;-845.21
1964-10-24;6.162577;-14.928928;0.010098775;755.8149;1.1125225;64.84696;0.0;-7.3453654e-25;99.99998;-7.345365e-21;0.00042617318;-0.27562493;2.2351742e-05;0.228405;0.2283752;0.0;0.0;3976.2527;4659.4233;-2834.996;5131.2046;-191.46777;-811.9789
1964-10-25;5.143209;-6.257914;0.009744008;756.79486;1.4719882;36.415863;0.0;-7.3453654e-25;99.99998;-7.345365e-21;0.00042617318;-0.24116784;1.4901161e-05;0.22622943;0.22619963;0.0;0.0;3771.1545;4417.739;-2472.145;5494.1333;-167.53111;-1020.05554
1964-10-26;4.110148;-6.014608;0.010114034;755.56354;1.7647262;32.532177;0.0;-7.3453654e-25;99.99998;-7.345365e-21;0.0012844794;-0.22260192;5.9604645e-05;0.22414327;0.22409856;0.0;0.0;3748.1033;4389.31;-2518.6472;5326.64;-154.63445;-1178.419
1964-10-27;4.11499;-8.35759;0.010275523;752.1116;1.0669879;84.41117;0.0;-7.3453654e-25;99.99998;-7.345365e-21;0.0012814989;-0.23283902;5.9604645e-05;0.2220571;0.2220124;0.0;0.0;3791.9072;4439.2544;-2593.8406;5195.3926;-161.74556;-977.11664
1964-10-28;2.663676;-7.504374;-0.1529134;752.06476;1.0747045;91.10442;0.0;-7.3453654e-25;100.02081;-7.345365e-21;0.44221553;-0.2217004;0.020772219;0.24074316;0.21997839;0.0;1.4901161e-05;3158.0532;3695.9578;-2067.1238;5673.6035;-154.00833;-900.1222
1964-10-29;1.0963135;-5.4282937;-1.0356522;754.15796;1.0407751;99.29424;0.0;-7.3453654e-25;102.22459;-7.345365e-21;1.1914372;-0.40659216;0.062033534;0.28003752;0.21801889;3.7252903e-06;4.0978193e-05;3053.9006;3572.9368;-1912.7428;5685.0034;-282.44666;-936.0011
1964-10-30;0.108194984;-4.928833;-5.39018;754.2729;1.0762953;63.48759;0.012451172;1.5497208e-06;120.08103;-7.345365e-21;1.9400716;-0.5090917;0.11141598;0.32751262;0.21609664;0.00037811697;0.0035576522;3065.1917;3585.172;-1790.1328;5799.9287;-353.6489;-999.69556
1964-10-31;0.043355305;-6.5108337;-8.940663;754.98615;1.0770818;36.196556;0.030680338;4.092852e-06;125.95994;-7.345365e-21;0.68840384;-0.590045;0.032901764;0.24712086;0.21422654;0.0013243407;0.0019297004;3203.8271;3746.83;-1958.4584;5487.77;-409.88666;-904.00446
1964-11-01;1.5856222;-8.316284;-9.115605;755.8264;1.008009;61.54819;0.022867838;3.1789143e-06;141.36522;-7.345365e-21;0.0004351138;-0.45570824;7.4505806e-05;0.21244586;0.21237135;0.00092573464;0.0;3465.6616;4051.5518;-2321.1487;5155.5757;-316.56668;-759.0
1964-11-02;1.9791666;-9.752472;-9.503884;755.011;0.97315955;92.46573;0.016276041;2.861023e-06;150.35155;-7.345365e-21;0.00043511385;-0.44852495;6.7055225e-05;0.21058321;0.2105087;0.0007301569;0.0;3561.57;4162.2324;-2478.987;4980.4546;-311.57666;-738.28
1964-11-03;2.326762;-10.913981;-9.254745;753.0921;0.8444171;190.64404;0.012613933;2.1855037e-06;150.30565;-7.345365e-21;0.00091195095;-0.41023734;7.4505806e-05;0.20876527;0.20870566;0.00055879354;5.2154064e-05;3561.0073;4160.1865;-2436.4268;5028.777;-284.97943;-690.3322
1964-11-04;2.6214702;-5.9549766;-7.393645;751.34717;0.9457527;203.99303;0.011555989;1.3113022e-06;149.95473;-7.345365e-21;0.0007748604;-0.3475258;6.7055225e-05;0.20697713;0.20691007;0.00070407987;0.00032037497;3067.8184;3582.939;-2001.0806;5524.09;-241.41556;-714.4889
1964-11-05;1.5410055;-5.907664;-7.5196395;751.6983;0.9927683;174.98338;0.008544922;9.536743e-07;151.17186;-7.345365e-21;0.3287978;-0.3742492;0.0153928995;0.22055209;0.20517409;0.0004991889;0.0;3124.7056;3648.0632;-2037.53;5453.957;-259.97833;-713.6522
1964-11-06;2.308319;-7.3547263;-8.056157;752.36334;0.93300986;186.29826;0.0052083335;9.536743e-07;151.17186;-7.345365e-21;0.048312545;-0.38144922;0.002220273;0.20565093;0.2034381;0.00034086406;0.0;3247.8867;3790.6956;-2196.2888;5308.7666;-264.98;-680.2767
1964-11-07;1.7640787;-4.351074;-6.3551955;752.06006;1.2285881;245.92381;0.0026855469;2.78155e-07;151.13475;-7.345365e-21;0.046801567;-0.25058722;0.0021755695;0.20390749;0.20175427;0.0001937151;3.7252903e-05;2634.835;3074.1567;-1661.0422;5795.3823;-174.07556;-680.4678
1964-11-08;1.4607748;-1.5552572;-3.1173222;752.7195;0.9411617;210.79637;0.002766927;-7.3453654e-25;150.73207;-7.345365e-21;0.61068094;-0.23606233;0.02901256;0.22915006;0.2001226;0.00015646219;4.4703484e-05;1604.32;1871.64;-872.05;6625.7773;-163.985;-458.02554
1964-11-09;2.7107441;-2.617818;-6.0532966;753.51337;0.87000996;196.69234;0.0009765625;-7.3453654e-25;151.21873;-7.345365e-21;0.009839678;-0.4188381;0.0004917383;0.19900501;0.19849837;0.00016018748;0.0;2939.4016;3427.3179;-1973.2178;5640.4834;-290.95334;-770.07776
1964-11-10;2.4184468;-6.2874045;-7.7434907;754.5984;0.9449363;57.736736;0.0;-7.3453654e-25;151.21873;-7.345365e-21;0.0030040736;-0.36299044;0.00014901161;0.19700825;0.19687414;8.940697e-05;0.0;3091.6294;3603.7122;-2177.524;5337.1855;-252.15666;-592.67444
1964-11-11;1.8526205;-7.1763206;-8.08945;755.33466;0.97160244;42.089478;0.0;-7.3453654e-25;151.21873;-7.345365e-21;0.0012814989;-0.31320566;7.4505806e-05;0.19529462;0.19524992;5.2154064e-05;0.0;3116.551;3631.62;-2230.205;5244.2217;-217.57333;-590.8011
1964-11-12;3.4793804;-8.137543;-8.021134;755.0584;0.9600361;69.82198;0.0;-7.3453654e-25;151.21873;-7.345365e-21;0.0;-0.32402575;0.0;0.1936853;0.19366294;3.3527613e-05;0.0;3185.5889;3710.9355;-2262.6416;5292.0645;-225.09111;-485.22
1964-11-13;4.767395;-7.9001465;-8.957889;754.45215;0.86895704;197.63728;0.0;-7.3453654e-25;130.29425;-7.345365e-21;0.0008523463;-0.29652193;4.4703484e-05;0.19213557;0.19209832;1.4901161e-05;0.0;3069.922;3575.09;-2159.7156;5422.142;-205.98334;-415.20776
1964-11-14;4.879181;-8.854065;-9.658176;754.0;0.8831083;271.8417;0.0;-7.3453654e-25;113.7337;-7.345365e-21;0.0021399283;-0.3332682;0.00010430813;0.19063056;0.19054115;7.4505806e-06;0.0;3106.8672;3616.979;-2171.436;5436.8496;-231.51;-595.4155
1964-11-15;4.324076;-10.504466;-5.259346;755.2012;0.84175116;273.64188;0.0;-7.3453654e-25;109.625305;-7.345365e-21;0.0012810933;-0.2732035;5.9604645e-05;0.18906593;0.18900633;1.8626451e-06;0.0;2825.854;3288.7612;-1942.7789;5599.635;-189.78555;-499.98557
1964-11-16;4.5616455;-9.459157;-1.5416565;755.3221;0.9290753;123.01178;0.0;-7.3453654e-25;106.43683;-7.345365e-21;0.0008523463;-0.28507596;4.4703484e-05;0.18753111;0.18750131;1.8626451e-06;0.0;2848.035;3314.4521;-1873.8278;5778.5537;-198.03334;-496.09222
1964-11-17;4.3564353;-8.318451;-0.8550873;753.434;0.9125457;172.38068;0.010172526;2.1457672e-06;108.58071;-7.345365e-21;0.094762444;-0.23669377;0.0037401915;0.18975139;0.18601865;0.0;0.017642975;2076.5266;2416.6843;-1285.4772;6433.6924;-164.42334;-352.30334
1964-11-18;0.2217102;-2.5893352;-0.96197253;749.02985;1.2949743;198.81294;31.609537;0.0051258802;149.49738;33.040363;12.671555;-0.32876617;0.16376376;0.34838915;0.18461049;0.29682368;9.887465;985.575;1441.4711;-403.33444;6986.5527;-232.41888;-417.28
1964-11-19;-0.33440146;-0.7102153;-0.08346176;747.8164;1.0739273;205.20482;72.75399;0.011602203;149.0807;76.9043;16.39548;-0.38913822;0.41919947;0.60245395;0.18326193;1.5348718;11.095047;868.00555;1912.7245;-302.44223;7030.3193;-276.5311;-279.86444
1964-11-20;-0.9136149;-1.3089396;-0.10169474;744.8076;1.1807652;190.02953;99.26473;0.023143252;149.20148;153.97136;16.17021;-0.17472357;0.56898594;0.7508993;0.18192828;1.2858771;9.32493;561.56;2054.6177;-208.57556;7036.8594;-134.86555;-196.33778
1964-11-21;-2.9407551;-3.3904011;-0.41776022;740.976;1.3273821;186.54008;100.0;0.04941249;149.01039;326.25327;37.610706;-0.23458526;0.21530688;0.39592385;0.18061697;0.123761594;33.9341;203.295;828.64;-120.376114;6961.235;-183.87334;-213.42223
1964-11-22;-4.517347;-5.0085144;-1.9155235;741.7671;1.205013;196.20699;100.0;0.08790163;150.14711;581.21747;26.753485;-0.20632334;0.00031292439;0.1796186;0.17932802;0.0;26.390862;368.59946;1531.9489;-258.17834;6668.9136;-160.89555;-258.84332
1964-11-23;-4.5509095;-5.106813;-3.3106678;744.7994;1.1489835;207.81511;100.0;0.09798447;155.31183;630.5339;5.314386;-0.121166;0.0;0.17805398;0.17804652;0.0;5.096503;410.14722;1646.7056;-218.88556;6653.646;-93.833336;-186.71333
1964-11-24;-4.2766724;-4.6780753;-3.0688183;742.93384;1.0519282;187.82552;100.0;0.1173321;154.10707;757.16144;41.408627;-0.11270773;0.0;0.17680228;0.17679483;0.0;40.835297;240.7411;1002.43555;-39.217224;6875.4565;-87.89778;-171.09334
1964-11-25;-7.0434356;-8.093211;-4.848348;740.49335;1.3780352;221.55437;100.0;0.15053336;152.96027;983.195;11.18842;-0.12695976;0.0;0.17555058;0.17555803;0.0;11.167843;627.8289;2721.6055;-638.50336;5974.4653;-97.62666;-230.10556
1964-11-26;-8.392972;-9.620837;-6.941448;738.1058;1.9450144;207.49025;100.0;0.15922098;157.56248;1007.3649;20.776709;-0.13513304;0.0;0.17432868;0.17432868;0.0;20.759321;442.22388;1876.93;-241.35834;6235.5415;-104.96667;-227.77222
1964-11-27;-10.290587;-16.789513;-10.327617;736.0173;0.9914453;312.72327;100.0;0.18285696;153.13507;1193.9697;5.5461316;-0.08943677;0.0;0.17310679;0.17310679;0.0;5.5348873;744.6767;3244.9578;-1490.1655;4412.54;-67.01222;-82.57333
1964-11-28;-12.759732;-20.428465;-18.813847;745.1086;1.1095613;180.29907;100.0;0.18336837;159.02179;1154.1748;0.014513731;-0.009926036;0.0;0.1719147;0.1719147;0.0;0.01449883;828.0133;3501.5278;-1386.64;3800.0095;-5.9227777;37.046665
1964-11-29;-11.267722;-19.902254;-20.597193;750.566;1.4991695;10.278931;100.0;0.18338747;162.68878;1128.0111;0.0008763778;0.0017955899;0.0;0.1707375;0.1707375;0.0;0.0;830.08777;3415.1345;-975.1161;4269.846;3.2555556;110.67889
1964-11-30;-8.185395;-16.331226;-19.134516;753.0552;1.5202526;11.290924;100.0;0.18341573;166.26788;1103.6377;0.00042617318;0.011883676;0.0;0.16956031;0.16956776;0.0;0.0;837.16943;3353.8289;-847.6372;4595.17;11.277778;129.09778
1964-12-01;-5.8935866;-14.11753;-17.164667;753.96893;1.2849684;10.695514;100.0;0.1834522;170.28026;1078.2877;0.0;0.0124825165;0.0;0.16841292;0.16841292;0.0;0.0;845.625;3302.3967;-958.87445;4627.8115;11.811111;117.498886
1964-12-02;-5.2861366;-15.4952965;-17.079277;754.4328;1.1892406;110.55241;100.0;0.18348312;174.39354;1053.3854;0.0012942399;0.0016214326;0.0;0.16728044;0.16728044;0.0;0.0;871.77057;3318.12;-1061.9634;4481.0435;3.3238888;123.12778
1964-12-03;-4.5853386;-15.7352705;-16.256907;754.8332;1.0887452;36.233814;100.0;0.18350391;178.4098;1029.9479;0.00042617318;-0.008501112;0.0;0.16616285;0.1661554;0.0;0.0;869.43555;3228.6646;-910.0894;4762.2437;-4.462222;101.763336
1964-12-04;-4.237654;-14.741239;-15.453324;754.72974;1.1257421;91.1131;100.0;0.18352373;182.54686;1006.6325;0.0017148113;-0.005248934;0.0;0.16504526;0.16505271;0.0;0.0;897.75775;3254.8955;-1035.3717;4669.9766;-1.8344444;106.994446
1964-12-05;-4.0412292;-15.220783;-14.944888;753.59296;1.0186104;175.56999;100.0;0.18354249;186.66307;984.61914;0.0008523463;-0.013056211;0.0;0.16395748;0.16395748;0.0;0.0;907.4961;3213.7412;-1033.465;4717.2544;-7.86;97.13111
1964-12-06;-4.4554496;-16.268389;-14.694844;753.14996;1.009857;172.9261;100.0;0.18355183;190.72296;963.5417;0.0004351138;-0.022219494;0.0;0.16286969;0.16286969;0.0;0.0;939.6561;3252.4421;-1191.4756;4539.999;-14.923333;92.62111
1964-12-07;-6.1277237;-17.830608;-16.200361;753.6645;1.2782897;9.994175;100.0;0.18356161;194.34047;945.39386;0.0008612871;-0.015376136;0.0;0.16182661;0.16181171;0.0;0.0;966.75446;3271.6667;-1225.8467;4350.7407;-9.794444;115.69334
1964-12-08;-7.287996;-14.133755;-15.479995;752.8271;1.6573772;21.947569;100.0;0.18358962;197.6367;929.5654;0.1337111;0.012262724;0.0;0.16075373;0.16075373;0.0;0.13079122;794.16833;2629.172;-687.1539;5096.864;11.005555;103.39333
1964-12-09;-6.0259194;-8.60201;-11.221929;751.72296;1.5585088;35.014725;100.0;0.18452637;200.74347;920.3288;1.2158899;0.020764768;0.0;0.15972555;0.15972555;0.0;1.2011081;543.75336;1802.3589;-245.38333;6050.912;17.22889;35.70778
1964-12-10;-5.2915444;-7.9749856;-8.256955;749.4505;1.767886;39.30621;100.0;0.18607819;204.64159;909.3831;6.582909;-0.04362315;0.0;0.15869737;0.15869737;0.0;6.580651;631.6311;2074.0178;-348.50665;6164.202;-32.487778;15.97
1964-12-11;-5.7571564;-8.605109;-6.925406;747.9864;1.3109541;36.489468;100.0;0.19730942;201.40688;979.65497;5.3867884;-0.051957555;0.0;0.15769154;0.15769526;0.0;5.383242;455.84;1818.42;-657.75336;5795.7847;-39.121113;-21.087778
1964-12-12;-7.3159027;-10.702606;-9.384677;746.118;1.5058208;24.777008;100.0;0.19820464;206.6432;960.1237;0.6545216;-0.01285132;0.0;0.15670061;0.15669316;0.0;0.64148754;703.71277;2750.1956;-970.2867;5182.511;-7.977778;-6.4255557
1964-12-13;-7.8163476;-11.455405;-10.597328;744.14185;0.79365057;73.63175;100.0;0.19879913;210.87303;943.48145;0.14011535;-0.011736527;0.0;0.15570223;0.15570968;0.0;0.13667718;596.5789;2294.429;-811.37445;5256.4316;-7.6277776;-28.164444
1964-12-14;-8.247829;-11.287318;-11.245869;745.95197;0.7802488;85.08308;100.0;0.19908981;214.68163;928.26337;0.22619963;-0.0031404197;0.0;0.15473366;0.15473366;0.0;0.22491813;669.8289;2515.141;-850.73334;5165.289;-0.7733333;-30.333334
1964-12-15;-9.811146;-13.370071;-12.4058485;747.2285;1.2656931;20.218132;100.0;0.19915251;218.43617;912.3128;0.014546514;-0.012250617;0.0;0.15377253;0.15377253;0.0;0.013265759;758.94165;2786.9023;-992.2367;4901.6455;-7.608889;-24.412222
1964-12-16;-11.376039;-15.180415;-14.023373;746.96344;1.5726343;18.297407;100.0;0.19917674;221.69073;899.4954;0.01283288;-0.004550442;0.0;0.15281886;0.15281886;0.0;0.011965632;833.2978;2989.5657;-1201.4366;4495.856;-1.8155556;-3.031111
1964-12-17;-12.015712;-16.073559;-15.605929;745.1351;1.6796967;16.670853;100.0;0.19921398;224.40297;888.5905;0.014400482;0.004515052;0.0;0.15190244;0.15188009;0.0;0.013113022;848.19556;2970.1245;-1251.1222;4317.9517;5.08;22.311111
1964-12-18;-13.582799;-19.489088;-18.45524;747.3355;1.2860386;18.616236;100.0;0.19924073;226.63182;879.72003;0.0012516975;-0.0016577542;0.0;0.15094876;0.15094876;0.0;0.00083073974;910.0383;3114.01;-1378.3461;3893.047;0.33333334;34.29778
1964-12-19;-14.621676;-20.204481;-20.405315;747.8675;1.5310416;14.885314;100.0;0.19926028;228.416;872.8841;0.0;0.011492521;0.0;0.15003979;0.15003979;0.0;0.0;945.7695;3166.2234;-1390.7078;3746.8496;10.278889;78.17111
1964-12-20;-11.943565;-21.238226;-21.09294;747.5214;1.2733455;120.597115;100.0;0.19928236;229.9723;866.90265;0.0;-0.0004209578;0.0;0.14913082;0.14913827;0.0;0.0;950.125;3110.9578;-1163.0328;4010.0688;1.0833334;108.28222
1964-12-21;-7.291167;-18.963554;-19.1725;747.9822;0.8766284;163.44382;100.0;0.19929357;231.58885;860.9212;0.001279559;-0.00909064;0.0;0.14825165;0.1482442;0.0;0.0;946.0256;3033.4656;-904.6655;4543.821;-5.5455556;90.42111
1964-12-22;-7.017012;-12.533828;-16.497381;748.68677;0.75988513;178.92375;100.0;0.19939482;233.32811;854.6956;0.81716776;0.012659468;0.0;0.14735758;0.14735758;0.0;0.814978;803.8417;2525.3132;-420.19833;5354.4194;11.071111;43.987778
1964-12-23;-6.9865823;-7.8187156;-11.048594;743.80963;1.0954019;211.04358;100.0;0.2089454;221.54164;941.36554;16.82592;0.03525894;0.0;0.14649332;0.14649332;0.0;16.823214;296.365;1088.3589;149.09555;6526.6187;27.77111;-2.1411111
1964-12-24;-8.566562;-9.649494;-8.567524;739.91846;1.1668298;218.57368;100.0;0.22065341;211.23988;1044.5963;4.480892;-0.00794325;0.0;0.14562905;0.1456365;0.0;4.473731;445.79388;1837.2378;-374.2211;6018.3813;-5.2355556;-74.32111
1964-12-25;-12.43526;-19.126585;-11.514899;746.2929;1.3592104;33.42418;100.0;0.22244978;214.31508;1038.6963;0.018748814;-0.09741727;0.0;0.14477968;0.14477968;0.0;0.017467886;759.07;3090.1267;-1635.5961;4063.4873;-74.162224;-93.08111
1964-12-26;-13.605285;-22.96203;-18.578568;750.1187;1.6506867;12.860065;100.0;0.222435;217.6328;1022.86786;0.0021568395;-0.0137183815;0.0;0.14393032;0.14393032;0.0;0.0;828.0611;3284.3467;-1702.1838;3401.454;-8.896667;106.276665
1964-12-27;-13.290568;-23.820312;-21.672318;749.92706;1.71248;7.3142943;100.0;0.22244604;219.70961;1012.98016;0.00086612237;-0.006522052;0.0;0.14311075;0.1431033;0.0;0.0;842.6228;3256.3823;-1215.4166;3843.224;-3.4644444;146.45778
1964-12-28;-7.6438904;-19.085936;-20.456041;749.73114;1.527856;6.739348;100.0;0.2224623;221.6074;1004.3538;0.0004351138;0.0052740797;0.0;0.14227629;0.14227629;0.0;0.0;837.92334;3158.2422;-835.02;4507.4937;5.732222;160.4311
1964-12-29;-5.2030206;-13.662717;-17.433979;748.8486;1.2837418;5.2024956;100.0;0.22262757;223.80336;995.0358;1.5135735;0.0149337575;0.0;0.14145672;0.14145672;0.0;0.28540194;837.965;3082.199;-530.7133;5164.442;13.3527775;112.38556
1964-12-30;-4.0087485;-8.642044;-12.352349;746.6533;0.87525254;46.7238;100.0;0.22485292;226.50128;993.61163;0.58804846;0.018930063;0.0;0.14065206;0.14065206;0.0;0.21672994;717.335;2593.1611;-485.7661;5646.083;16.28111;34.77111
1964-12-31;-5.435262;-8.188104;-9.492421;744.50104;0.95504713;35.8286;100.0;0.22545052;229.902;981.5267;0.49957633;0.00024959445;0.0;0.1398623;0.13985485;0.0;0.48409402;561.2256;2000.62;-370.3689;6028.0215;1.5877777;-17.347778
1965-01-01;-8.654327;-11.690312;-9.475659;743.8204;1.2128416;30.285982;100.0;0.2256395;234.06932;964.68097;0.019508561;-0.055343844;0.0;0.13905764;0.13906509;0.0;0.01770258;832.93835;2917.89;-993.76276;5154.7017;-41.06778;-85.30334
1965-01-02;-9.811875;-13.652798;-11.131909;744.8549;1.2397313;21.225197;100.0;0.22563691;237.83397;949.70703;0.009405613;-0.04185643;0.0;0.13828278;0.13828278;0.0;0.009402633;898.4617;3078.33;-1294.9817;4645.5273;-30.492222;-55.32111
1965-01-03;-11.607369;-17.158487;-14.6309805;744.8969;1.1009518;52.618954;100.0;0.22564308;240.76039;937.8662;0.0029206276;-0.015691854;0.0;0.13749301;0.13750046;0.0;0.0016242266;951.58777;3186.3633;-1471.3567;4089.4355;-10.22;-3.87
1965-01-04;-11.072852;-19.4453;-17.47627;744.753;1.1029986;79.90951;100.0;0.22565456;242.94789;929.1992;0.0004351138;-0.011317432;0.0;0.13673306;0.1367405;0.0;0.0;1026.0483;3361.081;-1568.0233;3757.0557;-6.933889;55.47889
1965-01-05;-11.012744;-19.207064;-19.000645;744.2288;1.2691594;21.820978;100.0;0.22566943;244.70863;922.44464;0.0004276632;-0.0009909272;0.0;0.13598055;0.13598055;0.0;0.0;1045.3722;3352.3623;-1299.6583;4015.4512;0.94277775;73.38
1965-01-06;-9.458672;-16.172628;-17.10704;740.137;0.6229056;214.5212;100.0;0.22647078;244.36456;926.3509;3.3609748;-0.0049062073;0.0;0.13524294;0.13523549;0.0;3.3562183;679.04724;2138.859;-166.7439;5617.741;-2.87;22.663334
1965-01-07;-9.152232;-10.342481;-12.256244;738.3301;1.0185028;227.96388;100.0;0.23136957;234.50682;986.084;4.918724;0.02067443;0.0;0.13449788;0.13450533;0.0;4.911117;573.3394;2000.0656;-156.93056;6053.797;16.896667;-37.18222
1965-01-08;-8.370633;-9.409859;-9.546838;733.9074;0.6475958;160.85594;100.0;0.25656024;203.37172;1266.7643;58.650097;0.0057443976;0.0;0.13378263;0.13377517;0.0;58.631977;140.28166;575.60223;100.62222;6496.961;4.6266665;-18.265556
1965-01-09;-8.826142;-11.410698;-8.498786;732.66595;1.1702608;43.494236;100.0;0.3202763;166.19823;1923.1771;31.48784;-0.08848775;0.0;0.13306737;0.13306737;0.0;31.481586;231.71388;1017.9033;-309.16165;6031.2124;-68.89778;-44.17
1965-01-10;-12.305158;-17.470625;-12.815072;736.2969;0.95357925;38.790813;100.0;0.3293108;175.06996;1884.2367;0.16353907;-0.0415612;0.0;0.13235211;0.13234466;0.0;0.16219914;777.8689;3342.1511;-1457.84;4195.2896;-30.31889;-78.20556
1965-01-11;-14.319652;-19.875174;-17.887115;734.1712;0.8707454;159.71521;100.0;0.32940674;182.51756;1806.5592;0.6091833;-0.01709722;0.0;0.13163686;0.13163686;0.0;0.6083213;811.5011;3385.4922;-932.0764;4448.671;-11.565556;-39.52
1965-01-12;-12.297889;-16.411613;-17.118929;739.11163;1.1513528;61.32976;100.0;0.33027086;187.32909;1765.2181;0.2696395;0.006331131;0.0;0.1309216;0.1309365;0.0;0.26706234;773.80225;3163.6167;-946.9464;4587.309;6.582222;3.4677777
1965-01-13;-11.890694;-15.309212;-16.512674;739.5872;1.6462392;22.48194;100.0;0.33150628;192.21971;1726.1963;2.3775537;0.01033023;0.0;0.13023615;0.13023615;0.0;2.3737512;498.43277;2006.3667;-231.01833;5516.8877;8.996667;26.766666
1965-01-14;-10.622086;-13.3055525;-13.929818;744.25385;0.77196497;111.89509;100.0;0.33327517;197.33754;1691.04;0.7349551;-0.0065490603;0.0;0.1295507;0.1295507;0.0;0.7285252;635.13;2528.5188;-523.00806;5359.155;-3.6322222;-59.175556
1965-01-15;-12.094429;-14.062378;-13.183319;745.88434;0.81552863;169.70085;100.0;0.3337693;203.69334;1640.3402;0.83292127;-0.01164712;0.0;0.12889504;0.12888014;0.0;0.82857907;729.7305;2838.111;-554.29724;5412.7686;-7.5633335;-104.91556
1965-01-16;-11.87152;-13.56945;-12.409912;747.4344;0.7531588;212.95781;100.0;0.33573398;207.80988;1616.4551;2.660799;-0.022634864;0.0;0.12820959;0.12820959;0.0;2.6560762;623.0211;2419.4934;-500.89804;5496.6035;-16.578888;-100.37778
1965-01-17;-12.03444;-16.444918;-13.151685;747.644;0.76317483;96.00585;100.0;0.33721843;212.36554;1589.559;0.10483265;-0.032445416;0.0;0.12752414;0.12755394;0.0;0.10441244;899.00336;3474.4478;-1439.4333;4263.106;-23.144444;-90.55444
1965-01-18;-10.568802;-19.53649;-17.469522;745.94;0.84780145;87.68015;100.0;0.3372297;217.30629;1553.3447;0.00087022776;-0.020332634;0.0;0.12688339;0.12688339;0.0;0.0;979.9117;3691.5466;-1297.1847;4069.9424;-13.628889;21.328888
1965-01-19;-9.484357;-14.307071;-15.223915;737.66;1.1901295;59.12015;100.0;0.34302068;216.51984;1583.0078;15.968805;0.008103438;0.0;0.12622774;0.12622774;0.0;15.959494;404.11667;1505.9166;190.08167;6200.67;6.942222;17.212223
1965-01-20;-6.189415;-9.294717;-11.093442;740.7666;0.7810178;183.03304;100.0;0.35465363;213.40492;1663.4928;1.4412344;-0.007659197;0.0;0.12558699;0.12558699;0.0;1.4359802;738.31836;3099.4067;-563.2047;5633.1045;-3.5855556;-42.90333
1965-01-21;-5.9864182;-9.14891;-10.464397;748.9946;0.81227493;194.10332;100.0;0.35490513;220.66469;1610.3516;0.06470084;-0.0005085021;0.0;0.12496114;0.124931335;0.0;0.05917996;700.0161;2857.5334;-726.4189;5449.1;1.7966666;-27.036667
1965-01-22;-5.228668;-12.196491;-11.355073;749.11957;1.0351436;49.735504;100.0;0.35496864;227.40623;1562.9069;0.00097155565;-0.02442021;0.0;0.12430549;0.12430549;0.0;0.0005289912;923.3211;3674.1555;-1247.7614;4703.5522;-15.607778;13.421111
1965-01-23;-5.5935235;-12.351452;-12.155343;745.20233;0.7864713;171.88924;100.0;0.35573447;232.41698;1531.7383;2.6933432;-0.026965514;0.0;0.123649836;0.12367219;0.0;2.6311054;852.3517;3307.0767;-633.8825;5422.3965;-18.353333;5.678889
1965-01-24;-5.643514;-6.802429;-8.746633;745.3452;0.61912507;93.27432;100.0;0.36161315;232.82909;1553.5482;5.50602;0.00439398;0.0;0.12302399;0.12304634;0.0;5.4993925;550.6128;2229.9;-148.77528;6379.013;4.93;-65.27889
1965-01-25;-5.658386;-7.486933;-7.6846275;746.0632;0.7542843;116.73605;100.0;0.36345878;238.64874;1524.6989;0.047817826;-0.022314489;0.0;0.12242794;0.12242794;0.0;0.041410327;824.8839;3300.7566;-896.7836;5463.0347;-14.508889;-91.333336
1965-01-26;-6.156133;-7.5473366;-7.5867524;740.0516;0.60993695;70.77952;100.0;0.37004936;239.74933;1543.2535;11.214495;-0.00323914;0.0;0.121831894;0.12181699;0.0;11.1493845;289.25388;1176.885;-145.20222;6375.823;-1.9555556;-25.948889
1965-01-27;-6.25057;-7.1727853;-6.4992714;742.28265;0.7370054;164.21489;100.0;0.3769627;241.0768;1564.6158;3.454703;-0.036733225;0.0;0.121206045;0.12122095;0.0;3.4517386;555.2289;2311.3923;-401.91223;6194.259;-27.151112;-115.75445
1965-01-28;-7.5845947;-10.297993;-7.2268424;746.04266;0.9059777;64.88604;100.0;0.37828127;247.49901;1529.7852;0.12472869;-0.11587329;0.0;0.12061;0.12061;0.0;0.12259185;760.06555;3114.969;-1014.2197;5306.8047;-87.937775;-161.96889
1965-01-29;-8.08194;-12.149811;-10.236912;747.4621;1.2035288;33.23574;100.0;0.37831843;253.31444;1494.751;0.021487474;-0.028132461;0.0;0.12001395;0.12001395;0.0;0.016354024;917.36;3672.0789;-1217.0692;4793.2725;-18.862223;-57.11889
1965-01-30;-9.479041;-13.980919;-12.058375;749.1311;1.1249894;38.53686;100.0;0.37834314;257.82455;1468.2617;0.0069320193;-0.02631545;0.0;0.119417906;0.119417906;0.0;0.0058561563;1022.2478;3980.6377;-1329.085;4509.425;-17.391111;-66.20111
1965-01-31;-10.727715;-16.744932;-13.465694;750.5207;1.4103457;20.864645;100.0;0.3783528;261.55728;1447.1029;0.0058710575;-0.041400082;0.0;0.11882186;0.11883676;0.0;0.00500679;1059.3661;4019.5867;-1440.8761;4280.3486;-29.12111;-54.29889
1965-02-01;-9.684882;-20.199041;-16.307121;749.14484;1.2552322;30.126877;100.0;0.37835705;264.55435;1430.6234;0.00085645175;-0.03565103;0.0;0.118255615;0.118248165;0.0;0.0;1160.47;4295.7534;-1676.4703;3737.36;-24.53;48.484444
1965-02-02;-7.9985414;-21.511911;-18.092615;748.0286;1.117344;133.94292;100.0;0.37836084;266.94205;1417.806;0.0008523463;-0.036387704;0.0;0.11767447;0.11767447;0.0;0.0;1210.6017;4374.573;-1668.2395;3638.9475;-25.231112;98.992226
1965-02-03;-7.171098;-23.680887;-18.735252;745.6528;0.8355484;260.0248;100.0;0.3783567;269.02475;1406.7789;0.0004351138;-0.046297908;0.0;0.117093325;0.117100775;0.0;0.0;1223.8994;4320.007;-1384.9297;3983.7444;-33.077778;69.86889
1965-02-04;-8.284199;-21.077362;-17.973131;739.62164;0.6555947;142.10252;100.0;0.3788738;269.90005;1402.7506;5.3161917;-0.043921173;0.0;0.11652708;0.11654198;0.0;5.3151026;1186.3339;4093.2734;-774.2367;4830.934;-31.584444;8.948889
1965-02-05;-10.465627;-11.993141;-13.402665;738.39044;1.0481256;198.69325;100.0;0.39516494;242.78351;1625.2441;15.701548;0.0034291297;0.0;0.11597574;0.11598319;0.0;15.693262;581.5022;2412.8384;-50.0;6090.941;3.9033334;-89.61444
1965-02-06;-8.483917;-9.840713;-10.185627;744.1276;1.2055317;205.53595;100.0;0.40594673;234.25323;1732.0963;11.385023;-0.027855858;0.0;0.115424395;0.115439296;0.0;11.376246;649.87054;2749.1155;-108.81555;6284.4434;-20.081112;-132.29889
1965-02-07;-6.945703;-7.767746;-7.5248947;738.76416;1.1520696;197.72643;100.0;0.43301842;222.12628;1947.0215;31.968895;-0.009648502;0.0;0.11488795;0.11488795;0.0;31.961761;312.90167;1358.9734;-81.83;6482.6587;-6.8855557;-79.77556
1965-02-08;-7.852806;-9.342727;-6.986229;736.9831;1.2325523;191.19067;100.0;0.45332277;220.29393;2055.827;25.902142;-0.12105703;0.0;0.11435151;0.11435896;0.0;25.88496;519.1372;2235.8345;-294.13333;6224.8413;-93.34;-182.7111
1965-02-09;-8.553654;-10.127341;-7.398744;737.28516;1.1514494;209.8666;100.0;0.4883541;208.30434;2344.1975;17.40626;-0.11135079;0.0;0.11381507;0.11382252;0.0;17.401781;754.8439;3299.7156;-640.80444;5770.9395;-84.83;-206.03555
1965-02-10;-8.099826;-10.01308;-7.9881873;746.2342;1.0310556;227.01634;100.0;0.49259496;219.1725;2251.587;0.94783306;-0.100228935;0.0;0.11327863;0.11328608;0.0;0.94387305;862.8911;3681.4033;-741.4289;5633.832;-75.412224;-166.61444
1965-02-11;-6.9034553;-8.647557;-7.9566727;746.9096;0.76490337;209.16197;100.0;0.493758;229.8675;2150.472;3.3285196;-0.061359257;0.0;0.11275709;0.11275709;0.0;3.3246205;760.7117;3153.078;-389.43167;6098.497;-45.324444;-141.95667
1965-02-12;-4.499359;-5.2389426;-5.713839;743.80865;0.882838;209.75209;100.0;0.5031951;235.80109;2134.196;15.310663;-0.031634234;0.0;0.112235546;0.112235546;0.0;15.203685;475.28223;1993.4177;-116.73556;6653.969;-23.324444;-103.206665
1965-02-13;-5.089325;-6.257811;-4.493473;741.0573;1.0141835;211.27008;100.0;0.5161166;241.0257;2142.5374;8.662323;-0.10675751;0.0;0.111714005;0.111714005;0.0;8.528117;873.8311;3743.2344;-624.5917;6139.4136;-80.187775;-210.12334
1965-02-14;-6.8072524;-7.788202;-5.398669;740.9033;1.093932;198.6563;100.0;0.527441;245.90688;2145.0603;12.151474;-0.07156283;0.0;0.111207366;0.111207366;0.0;12.146432;414.64667;1762.8167;-437.0311;6165.598;-55.023335;-131.63556
1965-02-15;-7.5797668;-9.317872;-6.4919434;745.5764;0.9713301;145.7794;100.0;0.5339981;252.18456;2119.5068;0.96339583;-0.106327236;0.0;0.110693276;0.110693276;0.0;0.9591058;953.16724;4059.52;-1051.2006;5371.5166;-79.72444;-189.42334
1965-02-16;-8.286992;-14.320465;-9.260682;747.48065;1.0104481;58.061096;100.0;0.5342027;260.33072;2053.8738;0.010415912;-0.0923723;0.0;0.110179186;0.110179186;0.0;0.00956282;1170.1838;4859.0557;-1661.9412;4333.1587;-67.5;-145.7111
1965-02-17;-6.612909;-17.657671;-12.9773245;746.86597;1.0425824;58.67691;100.0;0.5341892;266.02866;2009.1146;0.0012833189;-0.06883405;0.0;0.10967255;0.109657645;0.0;0.0;1256.6683;5072.8936;-1743.7783;3938.2236;-48.833332;-2.3466666
1965-02-18;-7.228283;-18.505274;-15.347515;744.7246;1.0246688;128.23898;100.0;0.53418356;270.20312;1978.2308;0.0004351138;-0.05555153;0.0;0.10916591;0.10915846;0.0;0.0;1316.1056;5174.7563;-1713.2744;3801.8682;-39.0;15.153334
1965-02-19;-7.7144914;-17.454752;-16.027718;746.32446;1.0795615;70.776115;100.0;0.5341838;273.6605;1953.1656;0.0021689;-0.04532747;0.0;0.10865927;0.10865927;0.0;0.0;1323.8578;5073.755;-1327.7517;4293.4233;-31.248888;-9.294444
1965-02-20;-7.2618165;-15.843783;-15.602933;747.10596;1.1124514;62.93778;100.0;0.53419477;276.986;1929.5654;0.0004351138;-0.035649166;0.0;0.10815263;0.10816753;0.0;0.0;1381.1917;5164.8574;-1503.6716;4131.2676;-23.62;-2.728889
1965-02-21;-6.532131;-16.89704;-15.15022;744.98047;0.85590154;171.69072;100.0;0.5341969;280.2272;1907.5114;0.00014901161;-0.059829094;0.0;0.10767579;0.10766834;0.0;0.0001527369;1369.385;4997.705;-1175.4384;4615.146;-42.467777;-29.954445
1965-02-22;-8.0625305;-11.64278;-13.803102;736.7893;0.7201373;228.82428;100.0;0.54568154;272.19205;2003.4994;28.185308;0.018212944;0.0;0.10718405;0.10719895;0.0;28.180294;594.29224;2178.689;-311.575;5664.683;15.011111;-20.117777
1965-02-23;-11.359451;-13.291841;-11.77658;737.6108;1.4780126;211.6909;100.0;0.56454474;257.95474;2189.4531;3.583953;-0.07027015;0.0;0.10672212;0.10672212;0.0;3.578812;932.1983;4004.2827;-634.7564;5442.4653;-52.644444;-221.87445
1965-02-24;-11.509415;-14.022465;-11.705555;744.58905;0.9155877;235.59978;100.0;0.5665257;261.72427;2166.341;0.54942966;-0.11429004;0.0;0.10624528;0.10625273;0.0;0.5464256;1094.7161;4607.192;-1039.4991;4912.617;-86.42333;-230.39223
1965-02-25;-10.500245;-14.542049;-13.427838;747.01337;0.91811967;104.88382;100.0;0.56676817;266.66568;2126.994;0.020851491;-0.04035607;0.0;0.10578334;0.10578334;0.0;0.018708408;1320.3561;5413.0376;-1569.0067;4134.7217;-27.828888;-148.26889
1965-02-26;-8.029251;-10.161934;-13.059677;744.84296;1.0448734;209.0443;100.0;0.5693727;269.08627;2116.333;7.62096;0.01914613;0.0;0.10532141;0.10532141;0.0;7.61497;968.405;3866.484;-358.43527;5768.177;15.983334;-114.90444
1965-02-27;-5.544332;-7.090851;-9.181102;745.2924;0.8645277;211.40656;100.0;0.57781917;267.70117;2159.8713;3.5205781;-0.028867275;0.0;0.10484457;0.10485947;0.0;3.4957006;863.6128;3610.2244;-417.45917;6044.667;-19.723333;-121.293335
1965-02-28;-3.4219258;-6.2068686;-7.387792;748.1091;0.5827884;219.93748;100.0;0.5788073;274.027;2114.339;0.7789135;-0.050301664;0.0;0.104397535;0.104404986;0.0;0.77085197;1036.9972;4238.1807;-747.6692;5784.779;-35.265556;-144.14223
1965-03-01;-2.954356;-4.660984;-5.9301744;746.53784;0.4892442;146.09448;100.0;0.5897729;274.31152;2148.5188;25.860245;-0.021262094;0.0;0.1039356;0.10394305;0.0;24.56017;656.3617;2672.585;-297.22943;6464.4727;-14.262222;-83.14222
1965-03-02;-4.2649026;-5.6776047;-4.532496;747.44745;0.8441682;112.22942;100.0;0.6084187;271.07095;2246.6633;3.230678;-0.0732718;0.0;0.103488564;0.103496015;0.0;3.0200853;1031.57;4421.634;-1017.0478;5647.0435;-53.13778;-186.58667
1965-03-03;-4.40684;-9.500236;-5.8531113;749.1228;1.0856137;84.97869;100.0;0.60903555;279.63574;2180.5012;0.007954767;-0.17022714;0.0;0.10302663;0.10302663;0.0;0.0075362623;1324.9094;5458.635;-1344.7391;5140.451;-126.75889;-229.53
1965-03-04;-0.049641926;-11.199069;-7.472941;750.97705;1.0238042;81.69847;100.0;0.60899705;286.60806;2126.6682;0.0008702277;-0.115636736;0.0;0.10257959;0.10257214;0.0;0.0;1426.3748;5705.991;-1401.2722;4978.9844;-82.95;-31.7125
1965-03-05;2.0248005;-7.35084;-6.657908;752.7808;0.989335;82.09855;100.0;0.6089873;292.8099;2081.7058;0.00085532654;-0.069413334;0.0;0.10211766;0.10211766;0.0;0.0;1251.6744;4871.579;-1029.8931;5569.281;-47.827778;1.87
1965-03-06;2.6839294;-5.605184;-5.3043976;753.3179;0.9051989;206.80238;100.0;0.6089933;299.2959;2037.2314;0.0017173834;-0.08871686;0.0;0.10167062;0.10165572;0.0;0.0;1488.3389;5596.953;-1179.9956;5550.8823;-61.622223;-55.072224
1965-03-07;2.503296;-6.3264465;-4.6542;751.5691;0.7623944;270.3869;100.0;0.6088435;305.95865;1992.5944;0.0017166131;-0.11814758;0.017508864;0.11870265;0.10120869;0.27199835;0.0;1550.713;5599.2476;-1360.3955;5325.267;-84.62444;-75.42778
1965-03-08;0.47754923;-2.4217021;-3.9050853;746.4597;0.8434468;236.70088;100.0;0.6086784;312.42838;1951.4567;0.39585233;-0.06892346;0.02360344;0.12436509;0.1007542;0.3331583;0.00017881393;1507.008;5237.1904;-851.22473;6053.2817;-47.553333;-140.88777
1965-03-09;-0.27726236;-1.6738383;-1.685669;748.5769;0.69625425;244.60426;100.0;0.60908824;318.44174;1915.6494;5.3112087;-0.12033805;0.13433397;0.23466349;0.10031462;1.5407987;4.003793;1545.1786;5171.062;-924.12305;6181.3633;-87.34778;-207.12222
1965-03-10;-0.14867146;-2.7111714;-1.1221823;747.4973;1.3513379;210.82497;100.0;0.6124875;323.2933;1897.6237;3.9201407;-0.2114335;0.0847429;0.18462539;0.09988248;0.84836036;1.8848442;1720.3611;5527.795;-1242.3197;5772.733;-158.3839;-164.76195
1965-03-11;-1.6979574;-2.9881248;-0.520607;745.6924;1.3970731;212.26155;100.0;0.6214343;325.45834;1910.319;17.367378;-0.29721296;0.10895729;0.20840764;0.09945035;0.83477795;14.848534;1102.9039;3518.1472;-550.9203;6591.891;-228.90555;-238.99
1965-03-12;-5.440374;-7.2097754;-0.7882144;742.21265;1.4249549;169.89342;100.0;0.64162797;315.5358;2033.7728;16.294897;-0.50083923;0.0043809414;0.10339916;0.09902567;0.008044764;15.9352865;1160.1111;4425.4487;-982.9764;5885.7456;-388.38666;-507.71667
1965-03-13;-7.661615;-13.23924;-3.5026157;746.4959;0.99345165;89.868645;100.0;0.64979404;313.82944;2073.7305;0.38351417;-0.4934054;0.0;0.098615885;0.09860098;0.0;0.37996843;1620.5103;5979.6343;-1946.7325;4472.1465;-379.55334;-361.37112
1965-03-14;-9.754008;-15.973396;-8.217807;749.5446;1.665936;34.00594;100.0;0.64974445;318.52148;2042.5619;0.00060498714;-0.28261635;0.0;0.09818375;0.0981763;0.0;0.00018253922;1782.8744;6436.1978;-2222.737;3760.2295;-214.50223;-208.04556
1965-03-15;-9.570087;-16.2852;-11.391483;750.242;1.6296586;29.540512;100.0;0.6496174;321.8773;2020.6299;0.00049471844;-0.15768129;0.0;0.09776652;0.09776652;0.0;6.3329935e-05;1856.073;6545.7207;-2143.9214;3672.9937;-116.55722;-158.56111
1965-03-16;-8.086842;-16.858973;-12.846413;750.8913;1.2220247;47.113922;100.0;0.6495741;324.53482;2003.7842;0.0008583069;-0.10432862;0.0;0.09736419;0.097349286;0.0;0.0;1910.1873;6583.9775;-1982.5052;3838.7947;-74.46667;-125.906944
1965-03-17;-5.2149696;-16.572603;-12.826386;749.15826;1.1112021;62.893154;100.0;0.64955443;326.94662;1988.7289;0.0008516751;-0.065119006;0.0;0.096946955;0.096946955;0.0;0.0;1939.1069;6535.9272;-1651.2302;4324.1636;-47.716667;-103.90222
1965-03-18;-2.0225322;-11.030174;-9.5821295;746.0749;0.8448102;235.8849;100.0;0.6496896;329.46255;1974.1211;0.85958886;-0.08233357;0.0;0.096559525;0.096559525;0.0;0.8208379;1487.632;4896.098;-531.5464;6056.749;-61.654446;-81.361115
1965-03-19;-2.8698933;-4.353231;-5.4342628;745.1194;0.7811337;208.41454;100.0;0.6514867;331.4619;1967.2445;1.6462177;-0.05331915;0.0;0.096172094;0.096179545;0.0;1.368627;1317.1083;4430.505;-624.92334;6222.484;-39.86722;-192.4611
1965-03-20;-2.8870952;-4.8642373;-3.7768352;748.2656;0.957184;88.990166;100.0;0.6520307;335.59863;1945.5566;0.0077559743;-0.13684109;0.0;0.095799565;0.095799565;0.0;0.00397861;1706.8741;5661.6846;-1261.2167;5550.714;-104.57611;-251.62917
1965-03-21;-1.4609884;-6.4990234;-3.3246357;748.49176;1.0738406;71.207405;100.0;0.6519337;340.42416;1917.5619;0.004836917;-0.16190857;0.0;0.09542704;0.09542704;0.0;0.0044070184;2007.8262;6439.3174;-1653.0906;5152.181;-122.97;-231.79611
1965-03-22;-1.041036;-6.1226707;-2.8817494;744.35443;0.75882626;144.84636;100.0;0.653305;344.20834;1899.9838;7.4241333;-0.21545961;0.023886561;0.11892617;0.095024705;0.13913028;5.5279956;1644.0366;5095.4346;-895.14;6055.4844;-160.79445;-143.99
1965-03-23;-2.6196086;-3.239848;-1.2885336;740.13837;0.81477946;167.76796;100.0;0.66743976;336.79526;1983.195;13.66899;-0.19195117;0.04412234;0.13875961;0.094652176;0.22170506;12.458485;689.19275;2480.459;-283.45444;6828.5547;-148.13222;-239.62334
1965-03-24;-2.6806335;-4.3891397;-1.2047399;744.259;0.7954827;151.20926;100.0;0.6724542;338.91177;1987.7115;0.3696561;-0.34549087;0.014334917;0.10859966;0.094264746;0.14688633;0.34137443;1397.5411;4606.2935;-872.8961;6120.5977;-265.0111;-301.21
1965-03-25;-2.57961;-4.2544556;-1.0078558;748.4797;0.8402851;168.36917;100.0;0.6724929;345.6813;1948.7711;0.7128839;-0.40450877;0.016272068;0.11014938;0.093877316;0.14510751;0.4767496;1803.0444;5188.7676;-944.37665;6121.3564;-310.50665;-373.53555
1965-03-26;-2.2986958;-5.624644;-0.7228572;749.56134;1.0278987;111.06353;100.0;0.6721856;353.1403;1906.6162;0.029057264;-0.4823264;0.043347478;0.13683736;0.093489885;0.43004936;0.006388873;2349.63;6167.118;-1576.617;5398.582;-369.50223;-346.42334
1965-03-27;-0.78464764;-6.468943;-0.5456543;747.56354;0.94483376;72.65027;100.0;0.6717205;361.47006;1861.2875;1.5469819;-0.3955951;0.047922134;0.14102459;0.093095005;0.44368768;0.3267862;2582.325;6287.03;-1534.1967;5513.2334;-299.2389;-220.16
1965-03-28;-1.0483398;-3.3136394;-0.15105183;748.2014;0.71146554;168.74539;100.0;0.67044187;367.78223;1825.358;1.4820933;-0.35157707;0.4953742;0.5880892;0.092715025;4.6213975;0.7815324;1650.7;3894.3406;-647.7256;6552.072;-270.13223;-228.62555
1965-03-29;-1.2658793;-3.9826252;-0.19952774;750.7002;0.9603078;178.59943;100.0;0.6636883;372.34506;1784.8307;0.02360046;-0.5738791;0.8342564;0.9265989;0.092342496;8.293517;0.021710992;2820.7205;6472.082;-1706.7067;5379.308;-439.35556;-361.72888
1965-03-30;-0.41801962;-8.551807;-0.46297708;749.9522;0.96748763;85.0762;100.0;0.65786964;379.00943;1738.3627;0.0010102986;-0.5167946;0.39832294;0.4902631;0.091955066;3.7463531;9.685755e-05;3236.5823;7127.8394;-2217.3616;4730.5957;-389.8278;-196.94667
1965-03-31;-1.8193156;-5.0647583;-0.27656302;746.2483;0.95521253;202.16646;100.0;0.6587294;382.57095;1723.1852;6.398195;-0.48467517;0.20629168;0.2978742;0.09158999;1.6495456;4.7855525;2070.2644;4927.172;-928.56586;6210.8267;-372.40887;-391.00665
1965-04-01;-3.2033691;-4.0716553;-0.22830455;742.64453;1.0651479;197.64366;100.0;0.6657635;377.57846;1763.7125;8.359051;-0.44948792;0.027239323;0.11846423;0.09123236;0.20099618;8.006122;1321.8138;4028.505;-644.74805;6476.2905;-346.67;-453.45667
1965-04-02;-4.5740867;-5.749237;-0.46382013;742.4312;1.5507478;202.21507;100.0;0.6731181;372.1273;1807.3324;19.416178;-0.7023951;0.008925796;0.09980798;0.09087473;0.03279373;19.046564;1873.1428;5724.029;-946.2317;6074.2026;-543.215;-729.9667
1965-04-03;-5.9353538;-6.9879837;-1.0969633;734.3212;1.1113082;186.25372;100.0;0.7133024;327.78842;2173.299;41.773045;-0.39739442;0.0;0.090539455;0.090539455;0.0;41.638332;452.06;1861.7234;-367.18277;6491.721;-309.96613;-422.98917
1965-04-04;-11.311236;-13.665751;-4.349954;734.4372;1.6190528;206.57481;100.0;0.7381069;308.88345;2389.4856;9.75399;-0.50802344;0.0;0.09021163;0.09020418;0.0;9.735342;987.375;4050.675;-997.8417;5354.6904;-394.645;-708.5028
1965-04-05;-11.258273;-13.654324;-8.097833;742.62305;1.5294715;216.99571;100.0;0.7437946;307.17026;2422.0784;5.4886665;-0.35103038;0.0;0.0898689;0.0898689;0.0;5.486423;1326.5366;5473.1504;-716.8933;5544.7666;-269.82443;-600.6508
1965-04-06;-7.4040427;-8.752139;-7.2358956;745.3408;1.2662891;206.87483;100.0;0.75311875;302.18588;2491.048;14.086491;-0.21022;0.0;0.08953363;0.08953363;0.0;14.081292;1041.9261;4381.134;-274.16556;6331.194;-159.54445;-379.915
1965-04-07;-6.2020545;-7.9612083;-6.054705;745.0535;1.1159663;181.66518;100.0;0.7646754;298.0153;2567.5457;2.439709;-0.23235473;0.0;0.0892058;0.0892058;0.0;2.426803;1435.7722;6157.436;-985.1228;5614.049;-173.53722;-332.50168
1965-04-08;-6.4425063;-11.36655;-6.4984603;745.6451;1.0618645;73.4855;100.0;0.7652283;304.60092;2514.2822;0.371091;-0.31225568;0.0;0.088855624;0.088870525;0.0;0.3677681;1521.1222;6360.3384;-1369.6405;5067.4487;-234.51111;-300.87888
1965-04-09;-3.187312;-14.679219;-8.538514;749.9346;1.0696934;70.05559;100.0;0.765333;310.24643;2468.6687;0.0008555918;-0.19835961;0.0;0.0885278;0.0885278;0.0;0.0;1925.8528;7845.1685;-1985.9506;4177.3994;-141.79445;-164.56667
1965-04-10;0.18363445;-13.149577;-8.070686;750.8537;0.9589874;190.34877;100.0;0.76527643;315.15527;2429.7283;0.0017286675;-0.22645947;0.0;0.08818507;0.08818507;0.0;0.0;1740.7361;6906.1797;-1014.6286;5541.6846;-163.71278;-114.27889
1965-04-11;-0.2585856;-5.4601746;-4.748113;747.8145;0.78605956;264.3674;100.0;0.7656885;320.6338;2389.7705;1.0055661;-0.12374669;0.0;0.08785725;0.087849796;0.0;0.30217692;1424.685;5506.025;-724.0775;6146.1567;-86.96111;-159.27112
1965-04-12;-2.710083;-4.705658;-3.5935516;742.6882;0.6517266;204.12315;100.0;0.7747213;321.58755;2408.8135;15.734215;-0.08238293;0.0;0.08752942;0.08753687;0.0;14.734581;621.5967;2437.2578;-332.82693;6552.6787;-62.012222;-123.5
1965-04-13;-2.5210469;-3.5462239;-2.3350983;744.5572;0.896095;188.38695;100.0;0.78307146;323.39355;2423.7468;1.6462237;-0.23220293;0.0;0.0872314;0.08722395;0.0;1.3203547;1350.9528;5472.544;-666.647;6370.8027;-173.51111;-325.35
1965-04-14;-1.7284647;-3.7397258;-1.5844727;747.6746;0.89102787;166.0796;100.0;0.7832713;330.86655;2370.158;0.048696995;-0.3340775;0.030770898;0.11767447;0.08690357;0.27843192;0.020224601;1746.7778;6504.963;-1026.0409;6016.0234;-250.05444;-353.09668
1965-04-15;-0.66484576;-2.3607483;-0.9473877;749.63257;0.8934682;170.12994;100.0;0.7824908;339.22525;2309.6516;0.08601248;-0.22991374;0.13172626;0.21830201;0.0865832;1.1354387;0.053867698;1873.9578;5851.416;-1049.498;6036.231;-169.09;-257.12668
1965-04-16;0.018432617;-1.795878;-0.40558878;750.1823;0.9503073;173.79993;100.0;0.7805209;348.17545;2244.4255;0.09938317;-0.35675615;0.31330436;0.3995672;0.08626282;2.633322;0.0048056245;2352.9534;6482.648;-974.29224;6259.222;-266.91666;-322.4878
1965-04-17;0.5668538;-0.9885457;-0.0605278;746.6993;0.828015;222.7926;100.0;0.7751418;355.34927;2183.4717;16.541231;-0.29931125;3.2105372;3.3046455;0.094115734;9.046498;0.9538717;1948.0133;4961.9883;-529.9128;6831.6826;-224.81389;-257.74112
1965-04-18;-0.23522949;-0.6178894;-0.0071131387;742.2382;0.7212694;257.5379;100.0;0.77450705;354.64258;2184.1633;17.659058;-0.1516249;2.5545135;2.642408;0.0878945;7.8664327;8.760046;1092.4427;3384.5544;-155.17639;7192.047;-112.13;-226.72888
1965-04-19;-1.4610596;-3.933258;-0.09319687;741.263;0.5786989;225.90662;100.0;0.77974504;351.1901;2220.459;8.639395;-0.33769104;0.5491823;0.63459575;0.085413456;2.5866292;7.1060343;1258.5072;4293.67;-786.66364;6361.108;-255.11833;-210.94
1965-04-20;-1.1440634;-2.047577;-0.10914358;744.35126;0.90313125;240.27808;100.0;0.78057116;354.23178;2204.9968;3.024894;-0.3697453;0.8188188;0.90402365;0.08520484;3.7930608;1.1835918;1648.7372;5172.999;-611.5911;6653.526;-279.0839;-354.00638
1965-04-21;-0.618398;-2.5966492;-0.124884285;744.3808;0.9501825;206.51732;100.0;0.7744259;359.92578;2153.7678;0.67921877;-0.49160513;1.6192198;1.7057806;0.086560845;8.630721;0.005990267;2431.54;6828.5513;-1163.8792;6058.142;-368.66666;-350.35443
1965-04-22;0.18428548;-4.3842673;-0.24376424;746.5175;1.0180345;133.38277;100.0;0.76690024;366.32584;2095.3777;0.43670726;-0.52011293;1.2825578;1.3674796;0.08490682;7.2520413;0.0006817281;2699.1567;6887.9766;-1387.1777;5771.785;-388.63556;-277.47778
1965-04-23;2.621582;-2.682251;-0.20548375;749.9825;1.1188298;93.572426;100.0;0.75650615;372.80078;2031.2906;0.005127784;-0.29483157;2.8464646;2.9689817;0.12251735;12.632873;0.0;2982.6982;7115.3687;-1370.5444;5885.938;-209.55556;-166.8811
1965-04-24;3.2777507;-3.5740254;-0.20008342;752.5988;1.1078998;95.08002;100.0;0.74261475;378.85776;1962.3209;0.013945656;-0.34488457;3.5202355;3.658846;0.1386106;14.481648;0.0;3352.6006;7601.3784;-1631.0516;5619.5874;-246.28555;-147.50111
1965-04-25;3.7809246;-3.542287;-0.20840327;754.04785;1.1473329;99.13346;100.0;0.7273853;384.70703;1892.8629;0.0004351138;-0.37164614;4.2849483;4.4370294;0.1520887;15.710022;0.0;3605.659;7867.8843;-1714.6041;5553.07;-266.03555;-133.62
1965-04-26;3.6918335;-2.9280193;-0.17597325;752.50836;1.0588983;93.08197;100.0;0.71077824;390.21582;1823.3643;0.07168949;-0.3552623;5.1297693;5.2475185;0.11776388;17.09704;0.0;3417.3083;7241.515;-1384.73;5951.2734;-254.77278;-137.16222
1965-04-27;5.022766;-2.906667;-0.15179189;751.034;1.0142344;177.20995;100.0;0.6923094;395.3483;1752.889;0.0012248755;-0.40991884;5.459338;5.560413;0.101067126;19.151285;0.0;3824.1138;7925.36;-1537.961;5837.5776;-295.22556;-133.56444
1965-04-28;2.5379333;-0.44784546;-0.06217448;747.76324;0.73185045;217.91187;100.0;0.6789382;399.76758;1699.3002;13.90153;-0.10027643;6.7471714;7.0576816;0.3105104;9.0111685;0.030245632;1546.5455;3145.9412;-302.50195;7058.0225;-71.69945;-81.63556
1965-04-29;1.1343994;-2.4147236;-0.0823377;749.03326;0.92161536;171.3278;100.0;0.6627148;402.48828;1648.234;0.12789592;-0.6310549;6.2775908;6.957963;0.6803721;20.40647;0.0;3666.6133;7379.714;-1545.4525;5762.9424;-473.6411;-299.15112
1965-04-30;1.9878845;-5.491516;-0.2623075;749.0883;1.0414171;73.78211;100.0;0.6455919;407.35123;1586.7513;0.00042617318;-0.5592462;5.24126;5.670905;0.42965263;15.829004;0.0;4172.0454;8309.224;-2121.6484;5067.435;-412.16556;-174.02444
1965-05-01;2.3263652;-4.378774;-0.21039455;745.8216;0.85224146;157.41795;100.0;0.6305365;413.2604;1527.3438;0.014054775;-0.5890038;4.610598;4.9723983;0.36179274;13.938855;0.0;3832.4534;7570.2666;-1571.0667;5728.826;-438.50555;-203.47333
1965-05-02;-0.14316814;-1.6506144;-0.093995415;744.34644;0.895952;153.75208;100.0;0.61818975;416.81998;1483.8867;9.011015;-0.37623104;6.4025073;6.985083;0.5825758;12.93879;2.9620304;2589.6128;5126.932;-859.4411;6446.567;-283.19333;-295.85223
1965-05-03;-2.3016052;-3.7907512;-0.16486485;745.7194;0.91793656;164.76715;100.0;0.61798215;406.83658;1518.6768;8.267421;-0.41005576;2.069205;2.1939576;0.12475252;5.244084;6.039288;1831.9595;5162.445;-1126.9203;5945.852;-309.41556;-339.9889
1965-05-04;0.38936362;-4.101644;-0.29681143;752.0581;1.0728502;141.71088;100.0;0.6140609;409.73764;1499.9594;0.0037401915;-0.60835296;1.6391575;1.7772615;0.13809651;5.389165;0.0028833747;3026.02;7964.566;-1641.4664;5484.4204;-452.8811;-319.12668
1965-05-05;3.2502747;-1.3399658;-0.19227855;751.32904;1.0172609;87.57025;100.0;0.6051422;415.61752;1457.6416;0.017237158;-0.29600596;3.758803;3.9697587;0.21095574;11.259384;0.0;2949.7478;7195.3013;-1309.8228;5958.6055;-208.85;-161.71666
1965-05-06;2.2135925;-2.6476643;-0.11539841;747.972;1.0223905;110.76806;100.0;0.5934712;420.04102;1414.1439;2.6957958;-0.2771374;4.943535;5.502865;0.55932254;11.8346405;0.0;2359.2778;5435.541;-1071.2866;6196.122;-199.6011;-101.19222
1965-05-07;3.622823;-0.75753784;-0.16054153;749.3698;1.0586272;194.63258;100.0;0.5795273;424.34537;1367.5944;0.005045533;-0.4626019;6.1635227;6.9866776;0.82315505;16.298637;0.0;3567.7156;7879.859;-1620.9395;5641.8276;-338.13;-172.59334
1965-05-08;3.9338684;-1.2233887;-0.1669782;750.81714;1.1625818;87.65542;100.0;0.56240726;429.10123;1312.5814;0.04044175;-0.4413901;6.5701904;7.152647;0.58244914;17.560598;0.0003054738;3585.8655;7667.4805;-1327.1522;6022.358;-319.51334;-188.65555
1965-05-09;5.291036;-2.7331645;-0.13332367;749.70856;1.2922099;115.8074;100.0;0.54344076;433.55045;1255.2897;0.47709796;-0.6371271;7.3185263;8.226782;0.9082779;19.12187;0.0;3917.055;8176.1694;-1593.21;5769.221;-471.91943;-93.55889
1965-05-10;3.9083354;-2.4658318;-0.15566508;748.8149;1.0222505;112.03204;100.0;0.5254859;438.01562;1201.4974;0.5557686;-0.58834535;7.4189305;8.580819;1.1618958;17.384111;0.0;3849.504;7884.852;-1719.855;5560.81;-436.45776;-159.37111
1965-05-11;2.495982;-2.550944;-0.16994858;747.25195;1.1076893;175.9355;100.0;0.50840205;442.8672;1149.8209;1.6572356;-0.5394388;6.944664;7.368252;0.42358786;16.188581;0.0;3561.4138;7190.511;-1535.1206;5743.6367;-399.78333;-150.63777
1965-05-12;2.659912;-2.964681;-0.2051646;749.66113;1.0922107;105.5088;100.0;0.49190596;447.51822;1100.5045;0.0008523463;-0.63096917;6.534457;7.749662;1.2151971;16.76666;0.0;4234.762;8452.596;-2014.7556;5210.7676;-468.5711;-194.36444
1965-05-13;4.3737082;-2.832835;-0.19894409;751.68384;1.0676428;84.30761;100.0;0.4731842;449.79883;1053.1006;0.0004351138;-0.44375005;8.286193;9.404034;1.1178404;19.81068;0.0;4296.6;8500.569;-1931.2753;5397.0176;-318.81277;-137.30444
1965-05-14;6.6118164;-4.13855;-0.15400188;750.97943;1.1862022;78.176674;100.0;0.45156896;450.0;1004.6387;0.057832558;-0.4833387;9.5522995;11.272177;1.7198846;22.566591;0.0;4250.124;8351.104;-1551.1761;5886.371;-348.40887;-85.755554
1965-05-15;7.6666565;-1.8351135;-0.084088646;749.3701;1.2339225;173.6465;100.0;0.42691925;450.0;949.6663;0.93479455;-0.49051458;11.180729;13.3379545;2.157226;25.352224;0.0;3977.2979;7772.72;-1181.3345;6336.4966;-356.36667;-56.19
1965-05-16;5.349365;-2.2780457;-0.13769405;750.67487;1.064001;231.28084;100.0;0.40369543;450.0;898.0306;0.0012786086;-0.598114;9.431988;11.490166;2.0581708;22.285383;0.0;4442.013;8644.566;-2023.483;5292.911;-441.05667;-129.86667
1965-05-17;5.2667336;-4.019348;-0.18345515;750.68646;1.0940231;137.20103;100.0;0.3824956;450.0;851.1149;0.016960502;-0.5918723;8.709103;10.85493;2.1458268;20.613611;0.0;4286.5728;8315.707;-1708.4183;5679.1816;-434.36444;-118.51
1965-05-18;3.6092327;-3.58432;-0.18358357;751.3514;1.3187827;105.73702;100.0;0.3610841;450.0;803.4668;0.008541345;-0.76539445;8.267313;10.212779;1.9454658;20.841166;0.0;4341.258;8398.354;-1807.2467;5499.6045;-572.9989;-166.81944
1965-05-19;5.1807456;-3.0329387;-0.24385579;755.13434;1.2742888;73.52212;100.0;0.3396249;450.0;755.9001;0.00603795;-0.45511964;9.841323;13.338417;3.4971013;22.115591;0.0;4426.3877;8546.771;-1857.7012;5509.62;-326.9828;-117.26444
1965-05-20;6.94339;-2.101308;-0.21330643;756.2266;1.3467283;159.50418;100.0;0.3155416;450.0;702.55536;0.005859136;-0.39540604;10.6983185;13.545826;2.8475075;24.89226;0.0;4296.5576;8283.22;-1609.2256;5798.778;-279.87332;-74.98556
1965-05-21;8.46637;-5.1791077;-0.20885722;755.9882;1.1784579;143.77284;100.0;0.29006863;450.0;645.8333;0.0017166131;-0.46230853;11.4862175;15.3278265;3.8415937;25.642242;0.0;4513.4604;8690.132;-1693.3472;5766.488;-330.94446;-47.504444
1965-05-22;8.188731;-3.3916523;-0.20685196;754.0556;1.2794291;112.16644;100.0;0.26363397;450.0;587.23956;0.0019699335;-0.41573215;11.724457;16.75418;5.029723;26.605814;0.0;4244.224;8164.2666;-1484.8406;5966.34;-295.50888;-45.58889
1965-05-23;7.7226663;-2.2041626;-0.21056747;751.8355;1.2244091;77.86085;100.0;0.23797695;450.0;529.94794;0.9051919;-0.35910124;11.137202;16.885296;5.748093;24.963137;0.0;3916.6484;7529.0776;-1229.3058;6233.262;-253.83778;-46.716667
1965-05-24;8.55659;-0.7390645;-0.22337723;750.9438;1.2045317;92.71667;99.989586;0.21121852;450.0;470.49966;0.024321675;-0.3680624;11.995867;18.754885;6.759018;27.52576;0.0;4164.336;7999.4165;-1365.2842;6113.601;-258.98334;-55.102222
1965-05-25;7.9658303;0.66692096;-0.2506536;752.292;1.0905844;127.32278;98.24243;0.1855824;450.0;413.49283;2.9199452;-0.28911698;12.285561;21.407858;9.12229;24.583961;0.0;3763.5767;7169.622;-1192.235;6277.9556;-199.12889;-63.373333
1965-05-26;7.8126626;1.2730509;-0.17966843;752.1109;1.2002379;155.21513;95.940674;0.15962975;450.0;355.91635;1.7351178;-0.4297197;12.595609;25.05125;12.455657;26.273228;0.0;3837.2617;7215.06;-939.5272;6646.6245;-300.24554;-92.496666
1965-05-27;9.423126;-1.3442484;-0.25494513;751.94037;1.4331094;152.95764;94.67977;0.13351111;450.0;297.6888;0.16293192;-0.59681946;10.856628;25.163681;14.307075;26.247705;0.0;4156.812;7758.6035;-1298.7206;6233.9;-423.3989;-44.734444
1965-05-28;9.761891;-2.1924438;-0.3735377;751.79224;1.2290841;147.74413;94.0957;0.10717964;450.0;239.21712;0.050939314;-0.6395327;11.523008;26.203812;14.680803;26.257183;0.0;4371.6865;8128.688;-1436.1167;6088.2676;-452.32666;-89.19666
1965-05-29;9.565175;-1.3414612;-0.4635315;751.2844;1.2742172;118.158424;93.33846;0.08038775;450.0;179.89095;0.39606094;-0.6587012;11.476323;25.37249;13.896168;27.011082;0.0;4409.6177;8185.5522;-1358.1483;6197.89;-464.7;-109.68667
1965-05-30;10.702576;-2.299764;-0.5755615;749.72534;1.2731403;94.03812;89.337074;0.053731997;450.0;120.72754;1.1739081;-0.741289;11.843965;25.566383;13.7224045;26.051126;0.0;4293.4116;7834.6567;-1314.7378;6269.257;-521.13666;-65.58
1965-05-31;10.192017;-0.5647583;-0.7772458;751.1557;1.368332;104.11816;65.53296;0.029674133;450.0;67.097984;0.8148104;-1.083075;9.054884;21.462202;12.407325;21.388277;0.0;4510.1904;7528.533;-1432.8339;6265.8223;-758.28;-174.91
1965-06-01;11.394002;-0.99276733;-0.7103475;754.3543;1.2994899;107.11425;32.221027;0.013978918;450.0;31.575521;0.48305625;-2.3461878;4.5783224;16.688377;12.110047;12.469392;0.0;5715.0776;8101.8877;-1799.8717;6280.4707;-1632.1978;-366.77777
1965-06-02;12.546559;-0.04434204;-0.30709457;755.6677;1.232716;96.66027;12.8220215;0.0055239997;450.0;12.6953125;0.0011086463;-3.2382114;1.9082278;13.374746;11.466518;5.8998017;0.0;6143.469;8022.1953;-2011.6833;6435.793;-2249.9268;-482.35333
1965-06-03;13.907939;2.1435344;-0.060520172;755.7391;1.1465323;81.85074;4.336914;0.0018546581;450.0;4.638672;0.4659144;-3.8420427;0.74991584;11.265055;10.515146;2.3280866;0.0;6401.968;8069.669;-2145.504;6651.1763;-2668.9966;-490.96
1965-06-04;13.635945;2.2888691;0.0105069475;754.67426;1.1688476;149.58717;1.2980957;0.0005560319;450.0;1.5869141;0.97641945;-3.4112613;0.3605038;9.850681;9.490148;0.6693974;0.0;5699.324;7090.6416;-2011.8811;6808.8945;-2369.7;-580.2622
1965-06-05;12.923604;2.1274517;0.009947459;752.61774;1.0316904;106.69048;0.4182129;0.00017960866;450.0;0.40690103;2.7583582;-3.1833014;0.5672574;9.106934;8.539647;0.2043806;0.0;5250.3843;6502.3;-1935.2433;6860.3955;-2211.341;-568.80225
1965-06-06;14.31311;2.7083638;-0.026948294;752.9575;1.2615176;113.13784;0.13264973;5.6624413e-05;439.21875;-7.345365e-21;0.00042641506;-4.3223586;0.016570091;7.720828;7.7042727;0.07561594;0.0;6615.848;8175.6167;-2341.5498;6590.1655;-3002.6006;-607.3356
1965-06-07;14.461934;2.2693176;-0.0046310425;752.7471;1.194662;137.08105;0.036458332;1.5616417e-05;428.54395;-7.345365e-21;1.437882;-3.7580235;0.23283064;7.2197466;6.986931;0.020086765;0.0;5828.9004;7192.85;-2120.7896;6837.8057;-2610.5754;-578.12445
1965-06-08;14.951324;-1.2159017;0.009641011;751.19403;1.6406873;161.2417;0.010904948;4.7286353e-06;428.09634;-7.345365e-21;0.14982073;-4.5547585;0.021070242;6.3964424;6.375365;0.005815178;0.0;6663.2227;8212.962;-2442.5117;6415.951;-3164.041;-645.14777
1965-06-09;13.444194;-2.2498372;0.009913127;749.2541;1.3100436;125.46133;0.0034179688;1.5497208e-06;428.09375;-7.345365e-21;0.0846833;-4.0773134;0.010564923;5.860269;5.8496966;0.0015832484;0.0;6456.102;7949.059;-2418.6995;6312.8975;-2832.3745;-896.5333
1965-06-10;12.870067;-1.1757303;0.0006637573;750.79865;1.2617315;152.99191;0.0008951823;3.5762787e-07;428.09375;-7.345365e-21;0.004391848;-3.9713364;0.0005066395;5.3969917;5.3964705;0.0004917383;0.0;6447.8594;7930.5;-2395.9478;6350.5234;-2758.7556;-899.4867
1965-06-11;12.469523;0.11834717;0.009774526;753.7624;1.2221693;107.61752;0.0;-7.3453654e-25;428.09375;-7.345365e-21;0.65594316;-3.7786813;0.07383525;5.076379;5.0025506;0.00014901161;0.0;6207.0835;7626.3335;-2260.5996;6582.1904;-2624.9246;-890.00775
1965-06-12;12.821696;1.1564331;-1.4614143;753.9851;1.0612688;92.11948;0.0;-7.3453654e-25;235.0127;-7.345365e-21;0.13533235;-3.5985875;0.0122487545;4.6701136;4.6578646;4.0978193e-05;0.0;5883.8174;7221.5913;-2177.3218;6676.5317;-2499.8188;-816.16113
1965-06-13;14.420085;0.26605225;-0.6633479;753.32416;1.2065347;153.77425;0.0;-7.3453654e-25;106.91632;-7.345365e-21;0.003132224;-3.9600916;0.00031292439;4.353121;4.352808;1.4901161e-05;0.0;6467.165;7929.3213;-2373.3977;6587.843;-2750.9443;-901.44
1965-06-14;15.383718;-1.0402222;0.010111491;751.9929;1.6585413;177.10228;0.0;-7.3453654e-25;99.99998;-7.345365e-21;0.17120636;-3.8943756;0.016570091;4.0976105;4.081063;0.0;0.0;6356.267;7785.2725;-2362.716;6641.169;-2705.2922;-850.66113
1965-06-15;12.784831;-3.3285115;0.010022481;749.47504;1.5430483;228.01314;0.0;-7.3453654e-25;99.99998;-7.345365e-21;0.00044107434;-3.7748032;2.9802322e-05;3.8378537;3.837809;0.0;0.0;7049.053;8624.904;-2809.1565;5983.1357;-2622.23;-1430.8645
1965-06-16;11.8125105;-1.5432434;0.010106404;749.4375;1.3763107;213.2984;0.0;-7.3453654e-25;99.99998;-7.345365e-21;0.5414665;-3.4309645;0.047564507;3.6667287;3.6191418;0.0;0.0;6807.4683;8328.208;-2660.3806;6148.2065;-2383.3755;-1450.1034
1965-06-17;10.2161255;-1.5722555;0.0097300215;746.93304;1.8801699;189.78664;0.0;-7.3453654e-25;99.99998;-7.345365e-21;0.7719189;-3.0227451;0.06584823;3.488347;3.4224987;0.0;0.0;6535.059;7993.9365;-2496.4321;6177.4165;-2099.8;-1745.6067
1965-06-18;9.060028;-1.2072144;0.010147095;748.0119;1.6097261;197.70656;0.0;-7.3453654e-25;99.99998;-7.345365e-21;0.16903877;-2.6388495;0.014200807;3.259033;3.2448246;0.0;0.0;5915.8354;7235.4624;-2341.4883;6195.4707;-1833.1211;-1639.7067
1965-06-19;10.243855;-3.0410259;0.010120392;751.0892;1.2853912;170.87837;0.0;-7.3453654e-25;99.99998;-7.345365e-21;0.012943225;-3.0632932;0.0010430813;3.0829906;3.0819325;0.0;0.0;6832.452;8355.5;-2716.9683;6004.638;-2127.9678;-1651.7289
1965-06-20;12.357432;-0.49840292;0.009933472;752.4658;0.9825871;117.77566;0.0;-7.3453654e-25;99.99998;-7.345365e-21;0.005334615;-3.1117592;0.00035762787;2.9322207;2.931863;0.0;0.0;6727.6953;8226.3125;-2621.015;6398.5835;-2161.6355;-1413.7234
1965-06-21;13.814372;-0.49752808;0.009829204;751.70807;1.3096346;138.69102;0.0;-7.3453654e-25;99.99998;-7.345365e-21;0.21454982;-3.0835607;0.016584992;2.8103292;2.7937367;0.0;0.0;6717.5054;8212.797;-2709.179;6443.7686;-2142.0479;-1390.461
1965-06-22;13.3940325;2.2447002;0.010253906;749.7757;1.2971681;104.29856;0.0;-7.3453654e-25;99.99998;-7.345365e-21;0.6477088;-2.6200917;0.048220158;2.715066;2.6668458;0.0;0.0;6102.828;7460.34;-2405.0657;6766.6855;-1820.0911;-1442.0311
1965-06-23;14.3906555;2.5327454;0.0097516375;747.6863;1.3964385;115.66687;0.0;-7.3453654e-25;99.99998;-7.345365e-21;0.7306725;-2.7183592;0.057071447;2.6069136;2.549842;0.0;0.0;6347.469;7758.2866;-2462.625;6816.852;-1888.3522;-1567.86
1965-06-24;12.861267;1.2598572;0.010172526;746.035;1.6389971;129.05113;0.0;-7.3453654e-25;99.99998;-7.345365e-21;0.6951153;-2.5058985;0.048920512;2.4905057;2.4415777;0.0;0.0;6376.4976;7792.7847;-2537.1406;6579.8857;-1740.7644;-1825.3445
1965-06-25;9.638164;4.165497;0.009749095;748.37616;1.3238653;55.903156;0.0;-7.3453654e-25;99.99998;-7.345365e-21;5.738044;-2.078199;0.49325824;2.8353035;2.3420527;0.0;0.0;5123.773;6261.1055;-1925.3811;6951.2646;-1443.6544;-1631.7833
1965-06-26;11.144592;4.169739;0.009847005;750.3574;1.2244688;87.798584;0.0;-7.3453654e-25;99.99998;-7.345365e-21;0.8674701;-2.6597316;0.069633126;2.3195891;2.2499561;0.0;0.0;5235.8945;6397.011;-1906.3939;7017.177;-1847.6278;-1202.97
1965-06-27;12.342235;0.8742778;0.010177612;748.6458;1.555694;121.39608;0.0;-7.3453654e-25;99.99998;-7.345365e-21;0.071514405;-2.9641464;0.0050216913;2.1679997;2.1629856;0.0;0.0;6215.168;7592.6533;-2426.9133;6576.92;-2059.0945;-1460.4266
1965-06-28;12.697164;-0.23423259;0.010111491;747.64374;1.6951653;117.82651;0.0;-7.3453654e-25;99.99998;-7.345365e-21;0.014084578;-2.8907452;0.00093877316;2.0817966;2.0808578;0.0;0.0;6713.0845;8199.82;-2593.6184;6464.0347;-2008.1045;-1771.5767
1965-06-29;13.551097;-0.8404541;0.010203044;748.54175;1.4937981;115.66925;0.0;-7.3453654e-25;99.99998;-7.345365e-21;0.0;-2.8091528;0.0;2.003491;2.0034835;0.0;0.0;6870.0522;8390.485;-2771.7004;6446.1323;-1951.4255;-1770.3744
1965-06-30;14.424469;0.013509114;0.010205586;750.5176;1.2592888;94.93564;0.0;-7.3453654e-25;99.99998;-7.345365e-21;0.0017106531;-2.5916584;0.00011920929;1.930654;1.9305497;0.0;0.0;6751.9097;8245.195;-2822.6516;6554.791;-1800.3389;-1630.9456
1965-07-01;15.701985;2.5833027;0.009990692;751.5764;1.3099129;72.06964;0.0;-7.3453654e-25;99.99998;-7.345365e-21;0.0038819548;-2.177978;0.00022351742;1.8621683;1.8619448;0.0;0.0;6151.8984;7511.581;-2495.9438;7067.2534;-1512.9689;-1580.1466
1965-07-02;16.921091;1.9169718;0.009952545;749.59076;1.1215082;94.772095;0.0;-7.3453654e-25;99.99998;-7.345365e-21;0.0019300706;-1.9730153;0.00011920929;1.7974973;1.7973855;0.0;0.0;5885.296;7185.1216;-2475.07;7227.241;-1370.5878;-1485.0233
1965-07-03;16.882986;-1.0715536;0.010173798;747.7539;1.6209625;125.11506;0.0;-7.3453654e-25;99.99998;-7.345365e-21;0.0017821785;-1.9905045;0.00011920929;1.7363429;1.7362237;0.0;0.0;6842.6797;8352.807;-2995.2866;6730.8354;-1382.7367;-2030.7378
1965-07-04;16.409506;-0.004811605;0.009897868;748.2659;1.408703;132.55109;0.0;-7.3453654e-25;99.99998;-7.345365e-21;0.030425953;-1.7366111;0.0016614795;1.6799271;1.6782582;0.0;0.0;6466.1665;7892.1597;-2859.1243;6826.6304;-1206.3656;-1990.4956
1965-07-05;14.960042;-0.26753744;0.00990804;749.9864;1.3452687;112.909874;0.0;-7.3453654e-25;99.99998;-7.345365e-21;0.22429141;-1.632344;0.013887882;1.6374141;1.6235262;0.0;0.0;6483.4604;7912.241;-2855.7744;6787.7896;-1133.9344;-2109.2644
1965-07-06;15.981343;2.470998;0.0098559065;751.1458;1.0086013;107.239075;0.0;-7.3453654e-25;99.99998;-7.345365e-21;0.12701154;-1.7125812;0.007778406;1.5794039;1.5716255;0.0;0.0;6268.8525;7649.447;-2691.4644;7108.94;-1189.6733;-1876.2123
1965-07-07;17.506195;0.5285848;0.010152181;751.55414;1.1710752;122.25077;0.0;-7.3453654e-25;100.00259;-7.345365e-21;0.0071390467;-1.6385243;0.0004172325;1.52269;1.5222802;0.0;0.0;6259.8506;7637.376;-2836.4695;7007.1006;-1138.2289;-1857.6278
1965-07-08;17.752829;-2.1362;0.010246277;751.3523;1.5357136;122.28901;0.0;-7.3453654e-25;99.99998;-7.345365e-21;0.0;-1.6787592;0.0;1.475215;1.4752076;0.0;0.0;6859.0024;8367.37;-3187.5378;6696.722;-1166.1777;-2080.4812
1965-07-09;17.509634;-0.65285236;0.010121663;749.9014;1.5749747;111.24841;0.0;-7.3453654e-25;99.99998;-7.345365e-21;0.001293598;-1.5787724;8.940697e-05;1.4303923;1.4303178;0.0;0.0;6934.146;8457.977;-3243.2593;6627.0566;-1096.72;-2160.1746
1965-07-10;17.561747;0.5819397;0.009666443;747.0127;1.3466477;122.10085;0.0;-7.3453654e-25;99.99998;-7.345365e-21;0.0035464754;-1.4792551;0.00020861626;1.3878047;1.3876035;0.0;0.0;6543.8794;7980.907;-2988.9153;6958.5044;-1027.5889;-2038.1923
1965-07-11;15.916118;-1.1325378;0.010175069;744.2382;1.7100673;133.22307;0.0;-7.3453654e-25;99.99998;-7.345365e-21;0.0008583069;-1.2755357;5.9604645e-05;1.3471544;1.3471097;0.0;0.0;6357.292;7752.2056;-2969.2083;6719.108;-886.0722;-2308.4778
1965-07-12;14.52064;-2.8611653;0.010002136;745.34106;1.6738911;133.78767;0.0;-7.3453654e-25;99.99998;-7.345365e-21;0.00037252903;-1.2134761;2.9802322e-05;1.3086647;1.3086424;0.0;0.0;6401.067;7804.7856;-2923.6973;6612.9663;-842.9611;-2395.389
1965-07-13;16.149078;-2.0590923;0.010314941;749.1409;1.7315482;149.82526;0.0;-7.3453654e-25;99.99998;-7.345365e-21;0.00042915338;-1.2804661;2.9802322e-05;1.2719035;1.2718811;0.0;0.0;6713.541;8184.676;-3008.0771;6692.767;-889.49664;-2454.7422
1965-07-14;17.78782;-3.9236145;0.010084788;752.62836;1.2510519;108.04052;0.0;-7.3453654e-25;99.99998;-7.345365e-21;0.0008635052;-1.3978146;4.4703484e-05;1.236558;1.2364984;0.0;0.0;6996.7866;8528.927;-3400.835;6485.454;-971.01556;-2194.689
1965-07-15;21.08253;0.26075235;0.009777069;754.13617;1.5131384;91.6829;0.0;-7.3453654e-25;99.99998;-7.345365e-21;0.0;-1.4053043;0.0;1.2025684;1.2025759;0.0;0.0;6535.4077;7965.417;-2962.6934;7322.209;-976.2178;-1849.8134
1965-07-16;22.783722;1.5151774;0.009951274;754.48627;1.4969287;68.30988;0.0;-7.3453654e-25;99.99998;-7.345365e-21;0.0;-1.4769156;0.0;1.1700392;1.1700392;0.0;0.0;6640.004;8091.136;-3136.05;7473.1987;-1025.9645;-1818.3645
1965-07-17;21.486898;-2.0788167;0.009980519;752.3422;1.4542378;55.669018;0.0;-7.3453654e-25;99.99998;-7.345365e-21;0.0017123511;-1.4041979;0.00010430813;1.1388808;1.1387839;0.0;0.0;6945.8013;8461.902;-3512.7124;6905.51;-975.4511;-1972.1378
1965-07-18;21.74881;-0.5876567;0.0097516375;750.6907;1.3121673;107.875145;0.0;-7.3453654e-25;99.99998;-7.345365e-21;0.005802512;-1.3233665;0.00032037497;1.1091083;1.108788;0.0;0.0;6495.0513;7910.9546;-2989.9326;7534.292;-919.2989;-1982.7333
1965-07-19;21.117666;-1.7048746;0.010103862;750.2783;1.4692535;152.14226;0.0;-7.3453654e-25;99.99998;-7.345365e-21;0.0;-1.1201371;0.0;1.080215;1.0802224;0.0;0.0;5790.651;7051.427;-3043.4077;7177.817;-778.1211;-1774.0311
1965-07-20;19.822073;-3.687856;0.009774526;749.0727;1.3471614;148.69551;0.0;-7.3453654e-25;99.99998;-7.345365e-21;0.0;-1.2445543;0.0;1.0527968;1.0527894;0.0;0.0;6971.3276;8487.275;-3469.1343;6740.277;-864.5511;-2251.2344
1965-07-21;18.069672;-2.36026;0.009914398;748.9681;1.4245857;128.75998;0.0;-7.3453654e-25;99.99998;-7.345365e-21;0.0012874597;-1.1711885;6.7055225e-05;1.0263026;1.0262281;0.0;0.0;6891.2583;8387.837;-3367.679;6715.951;-813.5856;-2432.9343
1965-07-22;17.38386;-1.1429952;0.009788513;748.0396;1.499448;121.00604;0.0;-7.3453654e-25;99.99998;-7.345365e-21;0.0025791877;-1.1133459;0.00014156103;1.0008365;1.0007173;0.0;0.0;6873.0557;8363.699;-3324.801;6654.1387;-773.4056;-2529.31
1965-07-23;17.08496;1.0283304;0.010153453;748.8354;1.4614906;103.318504;0.0;-7.3453654e-25;99.99998;-7.345365e-21;5.9604645e-05;-1.0798703;0.0;0.9762049;0.97619;0.0;0.0;6754.33;8217.423;-3212.798;6773.78;-750.15;-2453.0056
1965-07-24;18.149881;0.932251;0.010098775;750.57806;1.3497372;105.37866;0.0;-7.3453654e-25;99.99998;-7.345365e-21;0.0008523463;-1.1182501;5.9604645e-05;0.95263124;0.9525642;0.0;0.0;6806.324;8278.987;-3286.4531;6834.4155;-776.8122;-2336.1646
1965-07-25;18.755066;2.8208008;0.010138194;751.36206;1.3865594;98.71926;0.0;-7.3453654e-25;99.99998;-7.345365e-21;0.0042546336;-1.0576118;0.0001937151;0.9300113;0.9298101;0.0;0.0;6422.551;7810.4043;-3030.905;7154.348;-734.6878;-2257.6812
1965-07-26;18.432953;4.7449036;0.010011037;750.75507;1.4960402;94.263;0.0;-7.3453654e-25;99.99998;-7.345365e-21;0.0020295382;-1.0090172;8.940697e-05;0.90804696;0.90797246;0.0;0.0;6292.6694;7650.7085;-2959.1943;7201.453;-700.9311;-2291.5144
1965-07-27;18.771769;4.937866;0.009936015;749.0845;1.2949315;84.42684;0.0;-7.3453654e-25;99.99998;-7.345365e-21;0.0012923301;-0.9485912;7.4505806e-05;0.8870512;0.8869767;0.0;0.0;5807.008;7058.7725;-2705.5095;7496.9023;-658.95447;-2044.2778
1965-07-28;19.018076;2.873576;0.010022481;747.58057;1.2653011;93.472176;0.0;-7.3453654e-25;99.99998;-7.345365e-21;0.0004351138;-0.96048975;2.9802322e-05;0.86681545;0.86680055;0.0;0.0;5855.8506;7116.6133;-2829.8127;7392.81;-667.2211;-2029.5167
1965-07-29;18.795288;-0.14793904;0.010032654;747.49677;1.2078755;113.65076;0.0;-7.3453654e-25;99.99998;-7.345365e-21;0.00085234636;-0.8745715;4.4703484e-05;0.84745884;0.84741414;0.0;0.0;5384.3413;6542.084;-2657.7424;7426.242;-607.5356;-1882.0178
1965-07-30;18.635834;0.062072754;0.010173798;748.6924;1.3461667;98.19723;0.0;-7.3453654e-25;99.99998;-7.345365e-21;0.0017190468;-0.9495644;8.940697e-05;0.8287728;0.8286908;0.0;0.0;6101.287;7411.4927;-2995.9644;7133.523;-659.6311;-2113.561
1965-07-31;19.27533;1.0141805;0.010039012;749.9536;1.3194109;91.01554;0.0;-7.3453654e-25;99.99998;-7.345365e-21;0.0025659793;-0.88143164;0.00012665987;0.8107126;0.81059337;0.0;0.0;5541.1323;6729.508;-2662.455;7522.3276;-612.30225;-1879.0522
1965-08-01;16.61203;5.817556;0.009961446;749.9524;1.355842;65.37824;0.0;-7.3453654e-25;99.99998;-7.345365e-21;1.8554956;-0.9499341;0.11463463;0.90801716;0.7933974;0.0;0.0;4840.2495;5876.914;-2427.8872;7413.7124;-659.88776;-1719.7333
1965-08-02;16.575745;4.064575;0.009808858;749.7519;1.2711769;76.32727;0.0;-7.3453654e-25;99.99998;-7.345365e-21;0.50382316;-1.4216089;0.025734305;0.80266595;0.77693164;0.0;0.0;5756.383;6987.7163;-2681.9106;7095.6787;-987.54553;-1939.0945
1965-08-03;18.276703;0.97058105;0.009938558;751.11395;1.2982881;106.93102;0.0;-7.3453654e-25;99.99998;-7.345365e-21;0.0;-1.5650429;0.0;0.7606596;0.7606596;0.0;0.0;6644.423;8064.0005;-3163.3057;6858.729;-1087.1833;-2046.9545
1965-08-04;20.025808;0.45463052;0.010092418;752.30524;1.3848104;88.58701;0.0;-7.3453654e-25;99.99998;-7.345365e-21;0.0008583069;-1.2688879;4.4703484e-05;0.74474514;0.74470043;0.0;0.0;6549.4634;7947.062;-3174.1362;7096.326;-881.45557;-1993.4534
1965-08-05;19.588125;3.974701;0.0098559065;752.1224;1.5344936;76.51312;0.0;-7.3453654e-25;99.99998;-7.345365e-21;0.9153187;-1.1358559;0.050127506;0.77956915;0.72944164;0.0;0.0;5570.3813;6757.5557;-2704.9167;7455.509;-789.04224;-1794.4434
1965-08-06;19.668295;3.2677002;0.009953816;751.2869;1.4549694;102.26658;0.0;-7.3453654e-25;99.99998;-7.345365e-21;0.020503998;-1.2514591;0.00081956387;0.71556866;0.71474165;0.0;0.0;5973.938;7245.512;-2848.1023;7277.9766;-869.3467;-1990.9634
1965-08-07;18.21694;1.4924927;0.009958903;751.48846;1.6434723;101.86091;0.0;-7.3453654e-25;99.99998;-7.345365e-21;0.0043064356;-1.000315;0.00016391277;0.7005334;0.7003769;0.0;0.0;6103.8267;7401.324;-2974.7998;7063.79;-694.88556;-2172.1611
1965-08-08;15.214467;7.5551353;0.00990804;753.89777;2.0013678;41.856155;0.0;-7.3453654e-25;100.00519;-7.345365e-21;0.4339844;-0.7612677;0.021725893;0.7084161;0.68668276;0.0;0.0;4958.662;6011.388;-2087.062;7666.8965;-528.82666;-2278.379
1965-08-09;15.331288;6.197296;0.009759267;754.49677;1.6967999;39.638027;0.0;-7.3453654e-25;100.00259;-7.345365e-21;2.429293;-1.0754708;0.15057623;0.8241236;0.67353994;0.0;0.0;5630.1436;6824.0854;-2551.244;7132.98;-747.0944;-2219.0256
1965-08-10;16.333832;6.280121;0.010016124;753.75275;1.2448671;77.56518;0.0;-7.3453654e-25;100.0156;-7.345365e-21;0.28465614;-1.6802195;0.0130832195;0.6738156;0.6607473;0.0;0.0;5415.375;6562.2666;-2387.7437;7347.7065;-1167.1923;-1680.8811
1965-08-11;17.93222;2.6260273;0.009522756;753.1392;1.0542172;113.25582;0.0;-7.3453654e-25;99.99998;-7.345365e-21;0.05983642;-1.4288044;0.0029951334;0.65124035;0.64825267;0.0;0.0;5360.1387;6493.7886;-2564.5288;7277.4224;-992.54333;-1573.3778
1965-08-12;20.413696;-2.5606995;0.010055542;753.78687;1.298694;193.46443;0.0;-7.3453654e-25;99.99998;-7.345365e-21;0.0021399874;-1.354184;0.00010430813;0.63610077;0.63599646;0.0;0.0;6337.629;7676.336;-3079.8171;7103.2896;-940.70667;-1840.67
1965-08-13;20.571695;-2.9627075;0.010215759;754.75385;1.6166533;187.09865;0.0;-7.3453654e-25;99.99998;-7.345365e-21;0.0;-1.0164101;0.0;0.6240159;0.6240308;0.0;0.0;6458.481;7821.0034;-3217.7773;6937.5444;-706.06775;-2240.771
1965-08-14;20.061716;-5.544403;0.009668986;755.0305;1.525104;248.83257;0.0;-7.3453654e-25;99.99998;-7.345365e-21;0.0;-0.8966075;0.0;0.6124228;0.6124303;0.0;0.0;6519.826;7893.537;-3367.0188;6710.1934;-622.8433;-2264.1123
1965-08-15;19.794657;-2.6891987;0.009955089;754.99493;1.4066747;146.42038;0.0;-7.3453654e-25;99.99998;-7.345365e-21;0.00086426723;-0.8510957;4.4703484e-05;0.60118735;0.60114264;0.0;0.0;6050.6885;7323.9956;-3039.0667;7121.892;-591.2278;-2071.5012
1965-08-16;19.872091;-1.1425375;0.010045369;753.6999;1.4293437;184.88136;0.0;-7.3453654e-25;99.99998;-7.345365e-21;0.046652555;-0.77061915;0.0023543835;0.5925894;0.5902499;0.0;0.0;5650.6655;6838.9453;-2903.453;7193.4775;-535.3239;-1954.7855
1965-08-17;20.137339;-4.452667;0.009845734;752.67065;1.5669504;178.82414;0.0;-7.3453654e-25;99.99998;-7.345365e-21;0.00042617318;-0.83068013;2.9802322e-05;0.579685;0.5796626;0.0;0.0;6351.749;7686.4556;-3318.4517;6778.1636;-577.0467;-2247.18
1965-08-18;19.480082;-7.517924;0.010098775;754.2647;1.3532206;204.68013;0.0;-7.3453654e-25;99.99998;-7.345365e-21;0.0;-0.8348841;0.0;0.56928396;0.56928396;0.0;0.0;6491.0815;7854.1416;-3538.1829;6534.15;-579.9667;-2065.369
1965-08-19;19.901499;-4.335093;0.009802501;755.6474;1.275842;145.51169;0.0;-7.3453654e-25;99.99998;-7.345365e-21;0.014388561;-0.77444875;0.0005364418;0.5597472;0.5592108;0.0;0.0;5872.5205;7104.811;-3059.071;7060.432;-537.98444;-1981.8434
1965-08-20;20.297415;-4.3586426;0.009791057;756.0715;1.3744336;207.80688;0.0;-7.3453654e-25;99.99998;-7.345365e-21;0.032259952;-0.7573944;0.0015944242;0.55104494;0.5494505;0.0;0.0;5820.355;7040.8726;-3069.7979;7060.391;-526.13666;-1945.9222
1965-08-21;20.219126;-5.0574746;0.01020813;754.41644;1.3782834;223.02281;0.0;-7.3453654e-25;99.99998;-7.345365e-21;0.00085234636;-0.787627;4.4703484e-05;0.5399883;0.5399436;0.0;0.0;5965.8066;7215.984;-3230.023;6934.89;-547.1389;-1909.3711
1965-08-22;19.470154;-7.5168266;0.009936015;752.9261;1.4448892;198.18286;0.0;-7.3453654e-25;99.99998;-7.345365e-21;0.0008549847;-0.7773861;4.4703484e-05;0.53070486;0.53066015;0.0;0.0;6120.38;7401.9976;-3392.601;6709.3413;-540.0244;-1967.0444
1965-08-23;18.52598;-5.438761;0.010116577;751.61346;1.5990969;138.25035;0.0;-7.3453654e-25;99.99998;-7.345365e-21;0.002080202;-0.70844775;8.940697e-05;0.52171946;0.52163005;0.0;0.0;5997.511;7252.4985;-3265.12;6654.513;-492.13443;-2111.6843
1965-08-24;17.43691;-7.1019387;0.009732564;750.02924;1.2779886;159.2289;0.0;-7.3453654e-25;99.99998;-7.345365e-21;0.00042617318;-0.70185494;2.9802322e-05;0.51288307;0.51286817;0.0;0.0;6297.047;7613.865;-3538.295;6243.4233;-487.55444;-2163.3567
1965-08-25;16.508667;-2.4430542;0.009951274;750.6186;1.4309675;211.80898;0.0;-7.3453654e-25;99.99998;-7.345365e-21;0.0;-0.6469451;0.0;0.5043298;0.5043298;0.0;0.0;5994.9834;7247.819;-3188.9255;6512.568;-449.4111;-2232.9534
1965-08-26;16.940592;-1.1154886;0.009886424;751.5848;1.2089227;249.838;0.0;-7.3453654e-25;99.99998;-7.345365e-21;0.0038363242;-0.60559905;0.00016391277;0.49625337;0.49608946;0.0;0.0;5396.863;6523.878;-2872.404;6841.0835;-420.6889;-1912.5667
1965-08-27;17.043518;-1.4625345;0.009845734;753.0158;1.2584019;185.67921;0.0;-7.3453654e-25;99.99998;-7.345365e-21;0.0019162894;-0.6761365;7.4505806e-05;0.48808753;0.48802048;0.0;0.0;5989.854;7239.8184;-3195.617;6628.0854;-469.69;-2165.389
1965-08-28;16.952291;-6.791117;0.010028839;752.5798;1.2742742;172.89632;0.0;-7.3453654e-25;99.99998;-7.345365e-21;0.0008463859;-0.67186356;4.4703484e-05;0.48014522;0.48010796;0.0;0.0;6134.3813;7413.6245;-3476.4614;6242.661;-466.7211;-2029.8
1965-08-29;16.7052;-4.4965615;0.009930928;751.04266;1.2303356;144.85838;0.0;-7.3453654e-25;99.99998;-7.345365e-21;0.001282403;-0.6567705;5.9604645e-05;0.47247112;0.4723966;0.0;0.0;6031.9204;7288.925;-3336.4873;6389.4956;-456.2378;-2078.5356
1965-08-30;16.134409;-3.9029949;0.010189056;749.88086;1.3576854;195.10359;0.0;-7.3453654e-25;99.99998;-7.345365e-21;0.0025721947;-0.6155651;0.00011920929;0.46503544;0.46491623;0.0;0.0;5971.4883;7215.0474;-3293.3425;6302.8755;-427.61334;-2182.9888
1965-08-31;14.868754;-3.0171406;0.009947459;752.0014;1.2103174;188.6393;0.0;-7.3453654e-25;99.99998;-7.345365e-21;0.00044107434;-0.5984828;2.9802322e-05;0.45764446;0.45762956;0.0;0.0;5979.187;7223.491;-3345.246;6139.384;-415.74554;-2165.172
1965-09-01;15.082123;-3.485484;0.010325114;754.3067;1.3141822;108.900696;0.0;-7.3453654e-25;99.99998;-7.345365e-21;0.0017046923;-0.6157244;8.940697e-05;0.4506111;0.45051426;0.0;0.0;5948.1445;7185.057;-3274.5518;6277.0854;-427.72333;-2047.3522
1965-09-02;15.116801;-0.79048663;0.009906769;754.4573;1.5179449;54.951557;0.0;-7.3453654e-25;99.99998;-7.345365e-21;0.0012934206;-0.60391796;5.9604645e-05;0.44363737;0.44356287;0.0;0.0;5769.2305;6968.155;-3135.234;6491.351;-419.52112;-2040.4277
1965-09-03;13.958557;-1.0944926;0.010122935;752.02936;1.456966;50.859356;0.0;-7.3453654e-25;99.99998;-7.345365e-21;0.14141367;-0.5746065;0.0069886446;0.44380128;0.43681264;0.0;0.0;5296.999;6397.0796;-2870.3157;6609.6743;-399.15887;-1952.4534
1965-09-04;13.085571;2.1773784;0.010147095;751.39435;1.3332428;77.44845;0.0;-7.3453654e-25;99.99998;-7.345365e-21;1.6134322;-0.7188236;0.094011426;0.52434206;0.43033063;0.0;0.0;4830.797;5833.286;-2577.962;6748.4966;-499.34222;-1775.2267
1965-09-05;12.577128;2.8618977;0.009857178;752.38214;1.2843778;89.52006;0.0;-7.3453654e-25;99.99998;-7.345365e-21;0.2796501;-1.0577962;0.013455749;0.437513;0.42405725;0.0;0.0;4823.851;5824.065;-2414.638;6876.19;-734.8161;-1634.6877
1965-09-06;12.719655;2.6365356;0.010044098;753.02167;1.0513445;78.14507;0.0;-7.3453654e-25;99.99998;-7.345365e-21;1.3608813;-1.0400097;0.07349253;0.4914105;0.41791052;0.0;0.0;4533.3364;5472.7344;-2240.2544;7073.74;-722.4606;-1547.9288
1965-09-07;15.097972;0.3915914;0.009771983;754.1006;1.0464807;159.77046;0.0;-7.3453654e-25;99.99998;-7.345365e-21;0.4664302;-1.2331698;0.022813678;0.43474138;0.4119277;0.0;0.0;4929.7275;5950.551;-2643.951;6692.5444;-856.6411;-1350.4222
1965-09-08;14.801991;-4.768789;0.009955089;754.09283;1.3755556;136.96509;0.0;-7.3453654e-25;99.99998;-7.345365e-21;0.0004351138;-1.102265;2.2351742e-05;0.40605664;0.40602684;0.0;0.0;5337.235;6441.7095;-3001.094;6273.4775;-765.70667;-1574.4055
1965-09-09;14.609161;-7.9446816;0.009824117;753.4192;1.3341784;140.62653;0.0;-7.3453654e-25;99.99998;-7.345365e-21;0.0008496834;-0.9159427;4.4703484e-05;0.4002452;0.4002154;0.0;0.0;5624.645;6787.8115;-3209.0386;6103.6143;-636.2744;-1620.5667
1965-09-10;15.076294;-5.3504434;0.009934743;753.7387;1.2877603;116.94814;0.0;-7.3453654e-25;99.99998;-7.345365e-21;0.0;-0.7440485;0.0;0.39449334;0.3945008;0.0;0.0;5482.644;6615.6196;-3085.0996;6321.981;-516.86554;-1715.8706
1965-09-11;15.65095;-5.9692993;0.009991963;752.6357;1.1300881;108.469765;0.0;-7.3453654e-25;99.99998;-7.345365e-21;0.00085532654;-0.6494168;4.4703484e-05;0.38895756;0.3889203;0.0;0.0;5242.541;6325.1646;-3063.7705;6396.1963;-451.12778;-1545.5266
1965-09-12;12.966298;-3.7129517;0.010152181;750.29596;1.4413327;101.74529;0.0;-7.3453654e-25;99.99998;-7.345365e-21;0.10270671;-0.50003827;0.0043809414;0.38793683;0.383541;0.0;0.0;4560.3022;5501.4644;-2666.5425;6511.55;-347.36;-1591.7389
1965-09-13;13.457397;0.81188965;0.010051727;751.9489;1.055752;75.00039;0.0;-7.3453654e-25;99.99998;-7.345365e-21;0.24396792;-0.5936008;0.011280179;0.38962066;0.37833303;0.0;0.0;4754.0063;5734.3813;-2588.1394;6736.599;-412.35666;-1584.5656
1965-09-14;15.768992;-1.6022745;0.010667165;756.3337;1.1779827;172.26878;0.0;-7.3453654e-25;99.99998;-7.345365e-21;0.0;-0.6756261;0.0;0.37313998;0.37315488;0.0;0.0;5254.118;6336.8677;-2915.0376;6608.4863;-469.33444;-1626.6278
1965-09-15;16.114197;-2.8649597;0.0097134905;757.8452;1.228556;168.70845;0.0;-7.3453654e-25;99.99998;-7.345365e-21;0.021422012;-0.58956164;0.0007599592;0.36881864;0.36805123;0.0;0.0;5012.4507;6044.6055;-2861.7053;6655.2324;-409.5489;-1576.9333
1965-09-16;15.51949;-5.117727;0.009789784;755.3409;1.2595321;170.44234;0.0;-7.3453654e-25;99.99998;-7.345365e-21;0.002153186;-0.56136304;0.00010430813;0.3631711;0.3630817;0.0;0.0;5255.567;6332.306;-3161.8682;6233.5854;-389.96;-1692.5377
1965-09-17;14.951131;-7.817383;0.009928386;752.78375;1.2740632;155.28914;0.0;-7.3453654e-25;99.99998;-7.345365e-21;0.0;-0.52382237;0.0;0.35822392;0.35821646;0.0;0.0;5285.08;6362.3433;-3164.9382;6073.9688;-363.88223;-1664.7839
1965-09-18;15.494598;-5.6393533;0.0103810625;750.45044;1.6897665;196.82477;0.0;-7.3453654e-25;99.99998;-7.345365e-21;0.0076293945;-0.456349;0.00037252903;0.35387278;0.3535077;0.0;0.0;4890.8306;5882.67;-2711.7175;6508.1;-317.01;-1775.5634
1965-09-19;11.895589;-2.7886047;0.009902954;752.0146;1.5775598;131.55165;0.0;-7.3453654e-25;99.99998;-7.345365e-21;0.03858025;-0.43051782;0.0013485551;0.3502816;0.34893304;0.0;0.0;4778.142;5741.95;-2657.2373;6344.8745;-299.06668;-1967.13
1965-09-20;10.089131;-3.8016255;0.009736379;753.34937;1.5391817;176.03966;0.0;-7.3453654e-25;99.99998;-7.345365e-21;0.0009685755;-0.41470116;4.4703484e-05;0.34451485;0.34447014;0.0;0.0;5051.846;6065.5684;-2876.5994;5933.93;-288.0789;-2082.28
1965-09-21;9.655334;-4.005249;0.009894053;753.0364;1.1254882;126.59244;0.0;-7.3453654e-25;99.99998;-7.345365e-21;0.0012874597;-0.42762607;5.9604645e-05;0.3401339;0.3400892;0.0;0.0;5062.2344;6072.87;-2909.0684;5882.461;-297.05722;-1850.8378
1965-09-22;10.170634;-2.962911;0.010215759;752.0159;1.142897;92.89883;0.0;-7.3453654e-25;99.99998;-7.345365e-21;0.0017201747;-0.41282737;8.195639e-05;0.33587217;0.33579022;0.0;0.0;4578.3584;5487.6045;-2621.074;6260.354;-286.77722;-1628.38
1965-09-23;9.910359;-2.145223;0.010195415;751.81085;1.0612284;90.71878;0.0;-7.3453654e-25;99.99998;-7.345365e-21;0.44935346;-0.4830733;0.021591783;0.35318732;0.33161044;0.0;0.0;4452.085;5331.599;-2507.0305;6326.8687;-335.57556;-1638.6622
1965-09-24;10.587087;-3.587738;0.009905498;752.02985;1.1422678;132.46196;0.0;-7.3453654e-25;99.99998;-7.345365e-21;0.0058740373;-0.56339335;0.00020861626;0.32770634;0.32751262;0.0;0.0;4858.599;5813.371;-2764.7417;6121.371;-391.37112;-1682.4856
1965-09-25;11.451732;-6.282654;0.010044098;753.73804;1.216165;170.72539;0.0;-7.3453654e-25;99.99998;-7.345365e-21;0.0012883802;-0.52558446;5.9604645e-05;0.3235042;0.32345206;0.0;0.0;4946.6924;5913.669;-2897.1511;6029.2935;-365.10556;-1594.4634
1965-09-26;12.187653;-8.035339;0.00972112;754.46136;1.1549262;134.80408;0.0;-7.3453654e-25;99.99998;-7.345365e-21;0.0017203322;-0.5043112;8.195639e-05;0.3195256;0.3194511;0.0;0.0;4755.7554;5680.4243;-2901.6829;6122.939;-350.3278;-1437.42
1965-09-27;10.509959;-4.061727;0.0097465515;753.4395;1.2184867;101.28368;0.0;-7.3453654e-25;99.99998;-7.345365e-21;0.7748654;-0.5418695;0.0372082;0.352785;0.31558424;0.0;0.0;4053.302;4837.3047;-2266.2673;6601.027;-376.41888;-1342.9967
1965-09-28;9.41447;0.20763142;0.009930928;751.6021;1.2136477;91.305725;0.0;-7.3453654e-25;99.99998;-7.345365e-21;3.3266685;-0.77077;0.19469857;0.5065501;0.31187385;0.0;0.0;4064.7114;4846.6313;-2170.58;6584.957;-535.4278;-1469.2125
1965-09-29;5.8734946;3.0500386;0.009738922;752.3372;0.89005995;94.42062;0.0;-7.3453654e-25;99.99998;-7.345365e-21;8.08524;-1.2892373;0.47938526;0.7878393;0.30843914;0.0;0.0;2246.9656;2676.5562;-1247.9519;6898.08;-895.5911;-652.7244
1965-09-30;5.325887;2.0193481;0.01025645;753.9489;1.0282022;57.854355;0.0;-7.3453654e-25;99.99998;-7.345365e-21;3.1640143;-1.5273876;0.19289553;0.4980117;0.30511618;0.0;0.0;3513.7393;4182.3687;-1682.7073;6514.1396;-1061.0244;-1031.8511
1965-10-01;6.4095054;1.0278116;0.01012675;753.08075;1.0219969;71.54273;0.0;-7.3453654e-25;99.99998;-7.345365e-21;0.7164791;-1.4833984;0.037401915;0.33918023;0.30177087;0.0;0.0;3470.65;4127.358;-1713.3737;6552.8716;-1030.4667;-945.9078
1965-10-02;6.242584;0.6303304;0.010077159;751.863;0.97710294;119.27682;0.0;-7.3453654e-25;99.99998;-7.345365e-21;1.1542261;-1.4539036;0.06389618;0.36239624;0.2984777;0.0;0.0;3741.8853;4446.455;-1956.1722;6231.8867;-1009.9778;-996.3345
1965-10-03;7.8786316;-1.112915;0.009923299;754.52386;1.0264045;166.51831;0.0;-7.3453654e-25;99.99998;-7.345365e-21;0.80928504;-1.6707592;0.04811585;0.34329295;0.29518455;0.0;0.0;4597.1074;5457.899;-2441.824;5843.8887;-1160.62;-1044.0667
1965-10-04;7.972544;-1.650177;0.010092418;757.1381;1.0244085;102.91938;0.0;-7.3453654e-25;99.99998;-7.345365e-21;0.04068315;-1.535275;0.0018551946;0.2937615;0.29191375;0.0;0.0;4273.1665;5068.99;-2320.3484;5997.6855;-1066.5033;-947.43
1965-10-05;8.130473;-0.6484477;0.00995636;755.78644;0.98125786;189.52661;0.0;-7.3453654e-25;99.99998;-7.345365e-21;0.22638687;-1.3170279;0.011265278;0.29996037;0.2886951;0.0;0.0;3930.736;4658.6543;-2096.89;6237.588;-914.895;-964.0489
1965-10-06;6.661814;2.7020366;0.010046641;751.133;0.9317913;175.35675;0.0;-7.3453654e-25;99.99998;-7.345365e-21;12.714061;-1.0950519;0.8857548;1.1713952;0.2856478;0.0;0.0;2884.4155;3415.8667;-1318.9155;6923.081;-760.69556;-809.64667
1965-10-07;4.7645774;3.7524211;0.009771983;749.222;1.032361;204.4682;0.0;-7.3453654e-25;99.99998;-7.345365e-21;11.583671;-1.1592861;0.8905381;1.1733472;0.28280914;0.0;0.0;1350.6229;1598.29;-382.86057;7607.595;-805.31775;-506.9989
1965-10-08;4.038574;3.6319275;0.010245006;748.986;1.0272511;198.16365;0.0;-7.3453654e-25;99.99998;-7.345365e-21;13.622085;-0.92924386;1.2311488;1.5112311;0.28008223;0.0;0.0;829.8139;981.26917;-116.14555;7783.294;-645.51556;-432.34
1965-10-09;4.3481956;-0.85528564;0.009953816;748.45026;0.92403275;187.1463;0.0;-7.3453654e-25;99.99998;-7.345365e-21;0.038012862;-1.9942979;0.0028014183;0.28009713;0.27731806;0.0;0.0;4131.9126;4880.4956;-2073.9805;5910.4917;-1385.3722;-1083.0355
1965-10-10;3.7701519;-2.6969807;0.009890239;751.02484;0.9511469;244.8603;0.0;-7.3453654e-25;99.99998;-7.345365e-21;0.0025779;-1.7201891;0.00017881393;0.274688;0.27448684;0.0;0.0;4370.4272;5157.737;-2476.7983;5278.8154;-1194.9573;-985.05664
1965-10-11;4.8316855;-2.297943;0.010205586;753.00684;0.97254014;209.72052;0.0;-7.3453654e-25;99.99998;-7.345365e-21;0.0033587213;-1.6886619;0.00023841858;0.2719611;0.27170777;0.0;0.0;4401.2607;5189.703;-2331.1294;5531.7627;-1173.0566;-856.83887
1965-10-12;5.3603005;2.5526936;0.009991963;752.1206;1.0247489;189.29675;0.0;-7.3453654e-25;99.99998;-7.345365e-21;13.244602;-1.373102;1.2946874;1.563713;0.26904047;0.0;0.0;3097.7595;3649.8638;-1132.4;6937.164;-953.8478;-839.51447
1965-10-13;5.1951394;4.203369;0.009744008;749.5195;1.1029661;200.33131;0.0;-7.3453654e-25;99.99998;-7.345365e-21;11.6814575;-1.299263;1.2570248;1.5235469;0.26652217;0.0;0.0;1696.2367;1996.8761;-368.78055;7689.105;-902.555;-570.5867
1965-10-14;4.64681;3.6767986;0.009787242;751.7526;1.2405968;204.22662;0.0;-7.3453654e-25;99.99998;-7.345365e-21;19.144539;-1.2647603;2.56221;2.8263183;0.26410073;0.0;0.0;1438.5723;1692.3628;-225.39278;7763.3755;-878.5872;-551.5989
1965-10-15;5.660807;2.5495949;0.010017395;753.0197;0.940054;210.8042;0.0;-7.3453654e-25;99.99998;-7.345365e-21;0.6841627;-1.8155733;0.07455796;0.3362745;0.2617091;0.0;0.0;3583.7634;4211.3267;-1701.9711;6386.3237;-1261.2189;-867.30444
1965-10-16;5.1387124;0.9195442;0.010072072;753.78094;0.9222248;178.66096;0.0;-7.3453654e-25;99.99998;-7.345365e-21;0.0055451393;-1.8317131;0.0005662441;0.25993586;0.2593696;0.0;0.0;3910.1777;4592.9824;-1885.5612;6149.548;-1272.4288;-881.6422
1965-10-17;5.75885;1.6230265;0.010035197;752.9296;0.85471296;250.37526;0.0;-7.3453654e-25;99.99998;-7.345365e-21;2.2846043;-1.6568415;0.26974082;0.52684546;0.2571121;0.0;0.0;3673.5444;4314.03;-1757.1794;6301.338;-1150.9523;-742.41223
1965-10-18;4.1870728;2.2959392;0.010243733;750.5323;0.7816115;238.00932;0.0;-7.3453654e-25;99.99998;-7.345365e-21;10.801935;-1.2807026;1.4130995;1.6681105;0.25501102;0.0;0.0;2281.17;2678.3977;-1047.9978;6830.2534;-889.66223;-537.8911
1965-10-19;3.5176594;1.043457;0.010068257;751.2309;0.9300311;191.18752;0.0;-7.3453654e-25;99.99998;-7.345365e-21;1.5301526;-1.2706984;0.16476214;0.4177764;0.25301427;0.0;0.0;2391.899;2807.2166;-1013.7144;6882.5557;-882.7122;-646.18445
1965-10-20;3.9853923;-0.4930013;0.010077159;752.55853;0.888166;201.23433;0.0;-7.3453654e-25;99.99998;-7.345365e-21;0.009539723;-1.5673805;0.000923872;0.25199354;0.2510622;0.0;0.0;3226.912;3786.0923;-1695.2234;6164.4814;-1088.8066;-790.06335
1965-10-21;3.459076;1.243632;-0.30507788;751.2536;0.7013002;104.16528;0.016276041;1.9073486e-06;101.65298;-7.345365e-21;6.304884;-1.0715313;0.7600486;1.0092556;0.24921447;0.0012349337;0.00282377;2099.8079;2463.3867;-1067.1627;6661.921;-744.3555;-431.8089
1965-10-22;3.598338;2.2291565;-0.012894948;750.30347;0.79120666;153.63885;0.010986328;1.3113022e-06;106.81378;-7.345365e-21;5.729273;-1.2196684;0.7674992;1.0149479;0.24744868;0.00097602606;0.0;2323.6973;2724.6155;-841.8028;7096.0933;-847.2622;-684.5389
1965-10-23;2.1882527;-0.75877887;-0.1198438;747.909;1.4221047;240.45392;0.4519043;0.00013784568;115.36163;0.7324219;9.694147;-1.5968997;1.1284053;1.3741255;0.24573505;0.0031627715;1.8402785;2919.76;3422.7734;-999.3261;6847.078;-1109.3656;-972.86224
1965-10-24;-0.21317546;-0.45785522;-0.073900856;741.4671;1.0255747;205.94452;71.49374;0.010501146;141.88507;72.83529;40.16696;-0.23306906;7.1882906;7.905707;0.71742386;2.586007;9.811685;298.545;842.9067;-44.868332;7291.729;-164.26666;-176.52667
1965-10-25;-4.1645103;-5.6041946;-2.9206111;740.80194;1.3429228;227.64314;88.833496;0.014437556;149.4352;96.069336;6.9341164;-0.51565564;0.072181225;0.31517446;0.24300814;0.25118327;6.3222647;1327.4517;3582.0388;-933.7905;5927.6733;-377.17334;-371.3811
1965-10-26;-6.1226654;-8.276455;-4.796328;743.67523;0.9916151;210.893;99.08016;0.018905083;150.62238;125.20345;3.57064;-0.41069743;0.010296702;0.25230646;0.24200976;0.0643041;3.4382083;1065.7855;3670.7944;-838.4139;5805.7734;-313.15332;-273.41446
1965-10-27;-7.4426627;-10.344253;-7.5960135;748.1414;1.1255268;52.602463;99.93872;0.022740284;150.34276;150.67546;2.921033;-0.3217794;0.0075548887;0.24864078;0.24107844;0.042196363;2.8543546;932.3261;3355.7278;-1058.1244;5292.601;-245.74667;-186.11
1965-10-28;-9.407697;-14.419304;-12.800984;751.6753;1.5166998;28.605652;99.802246;0.023494681;153.68488;152.58789;0.0045250943;-0.17419085;0.017672777;0.2578795;0.24019927;0.1365561;0.0028163195;1380.5884;4689.6636;-1590.2467;4244.9727;-126.42111;-61.033333
1965-10-29;-4.8973346;-8.758105;-6.411774;751.61206;1.1306257;49.318283;98.826904;0.021800399;156.27733;140.01465;0.48770073;-0.18828642;0.48987567;0.7292479;0.23935735;2.805315;0.10171533;1181.8395;3725.27;-882.89;5648.3047;-136.68333;-108.59
1965-10-30;-3.5694542;-6.9481406;-7.2824264;751.56415;1.0068806;62.663834;95.98519;0.018621564;157.58527;118.8558;0.012624264;-0.23710263;0.62148273;0.86004287;0.23855269;3.6233253;0.011343509;1433.7839;4072.3079;-1257.2655;5262.767;-171.485;-124.84111
1965-10-31;-3.0651867;-7.562229;-9.091477;750.5349;0.94371015;69.45123;89.79647;0.015020569;158.5973;95.458984;0.0028028253;-0.2427958;0.6223768;0.86016953;0.23778528;3.519153;0.0006519258;1517.5211;3897.2878;-1387.2544;4973.702;-174.09222;-89.48556
1965-11-01;-2.8700104;-7.450087;-9.718543;750.38885;0.95781654;66.79284;74.18546;0.011690338;159.36945;73.6084;0.0015497208;-0.4753247;0.5481839;0.7852316;0.23706257;3.0384064;0.0015199184;2057.8284;4266.183;-1710.1816;4745.472;-337.425;-198.17
1965-11-02;-1.5931803;-8.285548;-10.365339;751.17584;0.95717216;84.1056;56.103436;0.008861542;159.92902;55.582684;0.0008523463;-0.587821;0.4805699;0.71693957;0.23636967;2.6310925;0.0;2520.225;4342.4146;-2029.3456;4566.3726;-411.85;-210.59778
1965-11-03;-0.4063212;-9.004388;-10.364783;752.4475;1.0258024;78.38418;40.87956;0.0064634085;160.33983;40.608723;0.0004351138;-0.65170413;0.40350854;0.63923;0.23572147;2.202142;0.0;2835.1084;4290.5854;-2198.264;4574.5293;-455.17444;-224.08888
1965-11-04;0.46499634;-9.625919;-9.610497;754.5953;1.0870348;57.76675;28.651773;0.004531145;160.63475;28.116861;0.0021427867;-0.72568935;0.31849742;0.55362284;0.23511797;1.7386656;0.0;3027.1611;4189.1035;-2186.1233;4770.3867;-505.9522;-234.7889
1965-11-05;2.746643;-8.14447;-7.292862;753.58466;0.9630277;57.69501;19.00879;0.0030019681;160.85089;18.269857;0.12803674;-0.73104817;0.26530027;0.49984455;0.23455173;1.3813618;0.0;2986.5994;3882.2966;-1868.7234;5332.209;-508.62112;-200.07889
1965-11-06;2.0014038;-0.6824239;-0.9046707;749.8086;0.9476321;244.41707;12.203613;0.0019251505;161.00812;12.125651;7.831758;-0.72592866;1.496464;1.7305315;0.23406744;1.038693;0.0023581088;1720.74;2145.4023;-380.23834;7160.664;-504.31;-325.39444
1965-11-07;1.8238525;0.29090372;-0.2785085;750.6253;1.2038802;208.17377;7.00765;0.0011048317;161.152;6.4697266;3.0611694;-1.0678377;0.580281;0.8138716;0.23359805;0.6224457;0.0;2124.2695;2563.9622;-698.9911;6948.026;-742.36945;-563.0244
1965-11-08;0.84710693;-0.10243734;-0.86937714;749.94196;0.9514459;226.00276;4.3802896;0.0006941557;161.27081;4.3538413;3.21019;-1.0135342;0.5313605;0.7645488;0.23320317;0.3305096;0.009115785;1829.3;2177.949;-679.24164;6876.1255;-704.38666;-548.3078
1965-11-09;-0.10398356;-3.8846066;-5.311353;749.08014;0.91507035;238.2462;3.0830078;0.00048247972;158.42577;3.2958984;0.047832727;-1.1085179;0.042900443;0.2757311;0.2328232;0.20745397;0.023137778;2728.7144;3227.7988;-1707.8027;5671.3223;-770.80444;-587.8467
1965-11-10;-0.7539279;-6.6847634;-9.087214;750.56854;0.9055025;93.14005;2.0406086;0.00031761327;158.14711;2.2786458;0.0014990565;-1.0548681;0.025600195;0.2580583;0.23245811;0.13499334;0.00021234155;3314.5066;3899.5466;-2401.4006;4792.9624;-733.17;-549.93445
1965-11-11;-0.34381104;-8.490532;-9.914265;750.3798;0.86493236;135.65712;1.3083496;0.00020313263;158.17609;1.3427734;0.0017225739;-0.8594962;0.018134713;0.250265;0.23212284;0.09699538;0.0;3282.9705;3847.9856;-2394.7417;4766.1357;-597.2144;-409.55222
1965-11-12;0.61573285;-6.1381836;-9.297256;751.2652;0.8053036;262.08316;0.83846027;0.00013041496;158.18456;0.9765625;0.0025808795;-0.5726377;0.0104010105;0.24223328;0.23183227;0.05553104;0.0;2784.0127;3255.088;-2079.7778;5076.0635;-397.8922;-336.65778
1965-11-13;0.97268677;-3.8730164;-5.1532845;753.03253;0.76850694;271.23447;0.553304;8.610884e-05;158.19139;0.48828125;0.0437399;-0.47134236;0.012278557;0.2438426;0.2315715;0.03687665;0.0;2428.9238;2835.57;-1285.9327;6045.29;-327.5161;-380.62222
1965-11-14;2.002594;-0.2516378;-3.7381527;754.31366;0.7292368;273.40997;0.34147134;5.2769978e-05;158.1953;-7.345365e-21;0.14545321;-0.64206684;0.023663044;0.25498867;0.23131818;0.030454248;0.0;1926.3112;2245.8445;-986.9644;6493.079;-446.04224;-336.83334
1965-11-15;1.448171;-0.91190594;-2.901202;752.3367;1.0704271;183.57324;0.19376628;2.9762587e-05;157.84145;-7.345365e-21;0.24231672;-0.8762218;0.033020973;0.26406348;0.2310574;0.018931925;0.00047683716;2638.3606;3073.1177;-1201.4772;6338.526;-608.69556;-515.4378
1965-11-16;0.6123047;-1.0353597;-1.0636597;748.14154;1.4181376;211.90266;0.15209961;2.861023e-05;153.43488;0.040690105;1.5897512;-0.8588405;0.18382072;0.4146248;0.23079664;0.008814037;0.14359877;1945.6505;2265.611;-767.2256;6782.961;-596.63666;-605.39886
1965-11-17;-2.1967468;-2.6118062;-1.4913203;743.7681;1.4913238;196.98149;61.794758;0.011401176;138.67804;76.822914;27.391527;-0.3598798;1.0495931;1.2801588;0.23057312;0.79651177;21.631342;560.1644;889.98;-199.90555;6949.051;-259.59;-267.01334
1965-11-18;-6.6782975;-7.9042454;-6.1502113;748.2745;1.4034486;179.68004;100.0;0.022319794;150.67055;148.11198;1.5870289;-0.17186254;0.00846386;0.23882091;0.2303645;0.034775585;1.4419556;792.70056;2880.61;-881.85944;5681.197;-129.96777;-150.54778
1965-11-19;-7.5216336;-14.54641;-12.964213;751.347;1.2254189;56.11803;99.937256;0.02272121;151.91307;149.37337;0.002592802;-0.12144353;0.022016466;0.2521649;0.23014843;0.14507398;0.0025965273;1070.6233;3723.8833;-1467.8384;4385.4253;-87.15056;28.254444
1965-11-20;-4.7331643;-14.157697;-11.597066;751.636;1.1354475;135.34468;99.36971;0.022444686;154.36554;145.62988;0.00086426723;-0.17282367;0.040397048;0.27033687;0.22992492;0.2696365;0.0;1024.2184;3369.8489;-1224.9473;4770.1943;-126.70333;33.642223
1965-11-21;-3.5957668;-12.128803;-10.226043;750.78986;1.0017931;281.79843;98.52295;0.021853724;156.5003;139.64844;0.00042617318;-0.21118857;0.109389424;0.33910573;0.2297312;0.64861774;0.0;1169.9839;3584.07;-1333.1544;4804.5767;-156.22778;4.391111
1965-11-22;-3.6388042;-8.158623;-9.527588;750.7132;1.0657197;145.8372;96.92822;0.020705977;158.45116;130.7373;0.00085234636;-0.13161078;0.24339557;0.47291815;0.22953004;1.3949908;0.0;1219.6006;3498.1477;-1291.0839;4928.901;-93.95611;-17.1
1965-11-23;-1.1010538;-7.248118;-7.7909393;752.044;1.1653849;42.300613;93.84025;0.018553218;161.92511;114.62402;0.0008583068;-0.14200342;0.48160553;0.7109642;0.22934005;2.6699622;0.0;1287.4305;3406.841;-1195.9473;5276.7505;-99.16889;14.32
1965-11-24;0.763855;-6.6788535;-7.4145865;753.81476;1.21813;24.371325;88.36133;0.015352607;163.87042;93.87207;0.0012936061;-0.14163367;0.65115094;0.8803159;0.22915006;3.488753;0.0;1411.794;3438.1567;-1334.0261;5234.38;-98.12666;35.764446
1965-11-25;1.5272318;-7.2452087;-8.413936;753.2557;0.95876867;210.22707;73.55054;0.012032787;164.66144;73.2015;0.0004351138;-0.2927035;0.60394406;0.8329153;0.2289787;3.1380281;0.0;1687.7267;3415.7488;-1507.8939;5073.0845;-204.37889;10.1
1965-11-26;-0.4246521;-3.7900085;-3.7661068;747.385;1.2274846;227.57295;71.37256;0.012983282;159.73631;80.68848;15.927289;-0.41226578;0.7057637;0.93460083;0.22882968;2.0547361;13.170291;1847.1011;3173.5078;-977.29;6015.4487;-298.05444;-235.80779
1965-11-27;-6.8144126;-8.036954;-5.4012017;748.0297;1.2621974;138.22597;99.961266;0.039344948;144.43617;270.1416;16.876657;-0.19409508;0.03398955;0.26270747;0.22871792;0.0;16.223318;684.4061;2750.2478;-967.655;5600.622;-147.61111;-175.00333
1965-11-28;-9.5421915;-14.241586;-15.359313;752.8139;1.3082289;45.32144;100.0;0.04143687;151.41566;273.8037;0.009989738;-0.039080158;0.0;0.22862852;0.22862852;0.0;0.009559095;877.82166;3331.8733;-1208.2728;4441.8535;-25.623333;23.27
1965-11-29;-6.0475082;-18.173994;-17.102537;752.6321;1.0930909;153.76556;100.0;0.041462976;152.69757;271.68784;0.23853928;-0.06841309;0.0;0.22856146;0.22856146;0.0;0.16168505;942.6655;3487.149;-976.63556;4519.6255;-47.968887;101.77889
1965-11-30;-2.5537186;-5.072306;-3.2852592;750.27045;0.95403486;192.91548;100.0;0.044350028;153.58006;288.57422;3.798753;-0.047720037;0.043928623;0.27242303;0.22852421;0.21800585;3.3451319;379.40222;1391.8578;-209.89612;6684.548;-35.284443;-51.502224
1965-12-01;-4.4158363;-10.358672;-9.114358;752.1743;1.2603396;41.14442;100.0;0.045474846;157.54913;288.6149;0.0070065255;-0.0865655;0.006467104;0.23496151;0.2284944;0.04758872;0.005722046;973.24225;3293.8933;-1457.78;4755.7275;-61.251667;12.183333
1965-12-02;-3.9371567;-14.992373;-14.269012;753.10736;1.3602643;49.3438;100.0;0.045414567;159.69855;284.30176;0.0;-0.068139285;0.009194016;0.23767352;0.2284795;0.067885965;0.0;1022.0939;3364.2844;-1332.2206;4440.7573;-47.37611;124.24
1965-12-03;-1.4773458;-16.883804;-12.148612;752.8096;0.9859083;229.4976;100.0;0.04533426;161.82518;280.35483;0.0012814999;-0.08926634;0.011056662;0.23955107;0.2284944;0.076575205;0.0;870.64;2792.2888;-835.0622;5173.218;-64.75389;101.41
1965-12-04;-1.0322062;-9.000385;-4.0577393;752.63727;0.571136;259.12955;100.0;0.04586355;163.6048;280.31412;3.4413278;-0.15137437;0.11481345;0.34336746;0.22853166;0.6000977;2.9000454;641.68665;1999.7778;-398.85944;6404.8257;-114.25667;-26.877777
1965-12-05;-2.581187;-4.165579;-3.1695874;753.8227;0.8754625;131.29068;100.0;0.048103053;167.19171;288.57422;0.5552204;-0.05936995;0.18718839;0.4157722;0.22859126;1.0603424;0.5232804;857.95;2581.689;-1200.8878;5616.004;-41.18667;-39.20778
1965-12-06;-5.043049;-14.552295;-9.53149;752.7097;1.0284302;181.14917;100.0;0.047599394;171.19627;278.27963;0.31921566;-0.12141559;0.03390014;0.26254356;0.22865832;0.21483935;0.23957342;1128.4116;3213.8245;-996.93225;5235.339;-88.76111;30.528889
1965-12-07;-0.6516215;-2.6282043;-1.4937897;751.136;0.77862626;52.866745;100.0;0.049316723;172.94366;284.9935;7.6652765;-0.07624924;0.8234829;1.0522306;0.22874773;1.1985898;3.6564841;761.0428;2236.0544;-491.74612;6613.028;-55.085556;-49.416668
1965-12-08;-1.6568502;-4.1124573;-2.0966961;752.38336;1.2391508;23.5613;100.0;0.052116156;176.93456;294.67773;1.7413706;-0.11264719;0.2309978;0.45984983;0.22883713;1.2302045;1.4087036;957.4;2835.088;-1247.6383;5613.6733;-81.71;-35.915554
1965-12-09;-3.6281586;-8.92166;-7.095164;752.9223;1.2222728;110.03988;100.0;0.051651318;181.56346;284.50522;0.0040147915;-0.09066984;0.063583255;0.2925396;0.22897124;0.3620181;0.001873821;1097.8217;3061.4634;-1342.9255;5064.6733;-64.64445;8.644444
1965-12-10;-3.1511028;-7.9114494;-10.178594;751.6778;1.05909;214.0536;99.713295;0.051285267;184.14223;278.56445;0.0;-0.04674401;0.06341934;0.2925545;0.2291277;0.36547333;0.0;1166.6838;3132.641;-1414.8228;4723.621;-31.496666;50.046665
1965-12-11;-2.7382495;-7.5873923;-9.176803;751.8731;0.91497177;293.061;98.898926;0.050961614;185.9505;273.68164;0.0;-0.06542541;0.051781535;0.2811253;0.22933632;0.2981797;0.0;1075.3889;2805.3455;-1043.2589;5247.0566;-46.504444;26.581112
1965-12-12;-1.1731364;-5.583567;-4.224379;750.8317;0.689719;243.46245;98.042725;0.05056413;188.9951;267.04916;0.15101135;-0.087596476;0.08748472;0.3170669;0.22957474;0.47699735;0.10099262;752.8078;1910.1289;-635.5161;6114.9033;-64.42;-8.404445
1965-12-13;-0.64747113;-3.3150227;-0.9993083;747.4152;0.7724199;197.79749;98.355225;0.053794425;187.85382;283.7321;15.510643;-0.17809123;0.49041212;0.7202625;0.22983551;1.3446827;13.314933;627.3161;1525.1766;-286.91278;6850.2;-135.21388;-73.97222
1965-12-14;-3.6149902;-4.0822754;-0.66819257;744.49506;0.7581045;190.78844;100.0;0.08091017;162.5716;493.0013;24.672728;-0.18964055;0.088751316;0.31886995;0.23011863;0.040456653;22.85543;240.03;937.83887;-322.91888;6689.0137;-147.59166;-179.43445
1965-12-15;-5.4639487;-6.956472;-3.809611;747.55;1.0390157;128.98747;100.0;0.09080418;163.21971;554.60614;1.9380946;-0.1872629;0.0;0.23046136;0.23045391;0.0;1.9103885;633.88446;2326.3245;-853.5867;5817.933;-142.57445;-138.52112
1965-12-16;-7.9010086;-13.274745;-11.873451;746.25146;0.8418718;141.34952;100.0;0.09116236;167.56898;542.0329;0.45059025;-0.086525455;0.0;0.23083389;0.23083389;0.0;0.44275075;877.325;3077.9634;-1227.1566;4643.846;-63.136665;-55.243332
1965-12-17;-8.359226;-9.386886;-10.441203;741.88776;0.6338483;177.1306;100.0;0.10566064;153.38116;685.5469;21.688028;0.0034142286;0.0;0.23123622;0.23124367;0.0;21.683142;203.655;829.56665;24.007778;6327.813;3.181111;-20.656666
1965-12-18;-10.567399;-13.313348;-12.648315;746.5289;0.73678446;180.42346;100.0;0.1143829;152.2962;751.0579;0.51235753;-0.031372532;0.0;0.23166835;0.23166835;0.0;0.50935894;696.49945;2927.8855;-1299.6211;4466.3457;-21.015556;-39.49889
1965-12-19;-12.767049;-16.418385;-18.239697;743.9659;0.96650773;114.57282;100.0;0.114578806;155.43715;736.89777;0.47123432;8.754432e-05;0.0;0.23210049;0.23210049;0.0;0.4677996;611.47614;2502.02;-631.8639;4827.0215;1.9633334;11.764444
1965-12-20;-13.892731;-19.230415;-19.40609;744.3411;1.4274706;22.338705;100.0;0.114941;157.61261;729.0039;0.004976988;-0.014467165;0.0;0.23251772;0.23252517;0.0;0.0032633543;770.16833;3078.6868;-1239.1206;3985.71;-8.392222;48.593334
1965-12-21;-14.786365;-20.594831;-22.947142;749.6163;1.595904;10.10583;100.0;0.11496699;159.72296;719.1569;0.0014930964;0.003805384;0.0;0.23294985;0.23294985;0.0;0.00062584877;809.02;3151.9167;-1117.535;3880.8562;5.2566667;108.79444
1965-12-22;-10.995448;-19.551987;-22.262362;750.57275;1.4137722;95.28049;100.0;0.11499623;161.5755;711.54785;0.000864009;0.00028312206;0.0;0.23338199;0.23336709;0.0;0.0;792.17944;3009.0378;-927.37665;4212.205;2.6011112;140.34666
1965-12-23;-8.081315;-20.831259;-21.096075;747.13214;0.67945266;274.02866;100.0;0.115016304;163.58168;702.55536;0.008690357;-0.021863729;0.0;0.23378432;0.23378432;0.0;0.0073984265;850.58276;3152.8967;-926.7233;4290.919;-14.334444;96.27
1965-12-24;-10.77444;-15.898502;-19.651731;742.7095;0.7840721;273.78403;100.0;0.11508747;165.66307;694.4173;0.04803464;0.00362657;0.0;0.23418665;0.23418665;0.0;0.04675612;808.0172;2927.1646;-971.5283;4355.8823;4.9511113;33.04889
1965-12-25;-10.795601;-12.949783;-17.000753;743.6114;0.8392016;255.6942;100.0;0.11534218;167.63866;687.21515;1.2528663;0.0077765435;0.0;0.23458898;0.23458898;0.0;1.2469255;698.35443;2468.1577;-215.53334;5517.7407;7.94;-15.702222
1965-12-26;-6.174591;-6.894155;-9.031711;744.9847;1.1414436;214.66437;100.0;0.12609582;162.22133;773.8851;21.625961;0.020806678;0.0;0.23499131;0.23497641;0.0;21.617748;222.19833;851.32666;198.38777;6718.7495;16.767778;-13.745556
1965-12-27;-4.855774;-5.3302712;-5.104338;743.5263;1.2397264;180.66048;100.0;0.16020386;153.87596;1034.79;48.950016;-0.037739053;0.0;0.23534894;0.23536384;0.0;48.708622;185.11778;789.9178;76.89333;6879.5454;-28.763334;-90.72222
1965-12-28;-5.4097505;-6.279944;-4.888574;743.78174;0.73207307;232.03412;100.0;0.19518578;156.23566;1250.7731;5.1104426;-0.06630458;0.0;0.23572147;0.23572147;0.0;5.105056;475.08945;2067.2612;-664.1983;5967.7573;-48.81333;-90.77111
1965-12-29;-6.4198914;-10.086366;-9.053893;750.3076;0.8414006;244.4575;100.0;0.19594562;167.2425;1172.8922;0.07618964;-0.032092445;0.0;0.2360642;0.23607165;0.0;0.07361919;632.3356;2672.7612;-1048.5183;5082.2056;-21.15889;-20.03111
1965-12-30;-4.4834495;-11.940707;-12.137456;751.64233;0.7856267;306.49948;100.0;0.19598003;174.60414;1123.0875;0.0017464161;-0.030728057;0.0;0.23639202;0.23639202;0.0;0.0004582107;736.2633;3024.5977;-980.43164;4941.199;-19.822222;42.676666
1965-12-31;-3.4983113;-9.948131;-12.820428;753.5153;1.1421946;49.533585;100.0;0.1960134;180.41112;1087.0361;0.0016948024;0.0007748604;0.0;0.23671985;0.23670495;0.0;0.0;763.04;3051.8633;-715.23334;5265.2275;4.0266666;74.69444
1966-01-01;-0.7501424;-10.382253;-11.136853;754.3657;0.7427382;336.2477;100.0;0.19604182;186.27863;1053.0192;0.0008632499;-0.013841316;0.0;0.23700297;0.23700297;0.0;0.0;660.24945;2574.9734;-871.1506;5223.205;-7.772222;78.72222
1966-01-02;-1.4492188;-10.426513;-12.641059;750.41425;0.4831444;216.8172;100.0;0.19607158;191.68846;1023.3154;0.13046786;-0.017964281;0.0;0.23728609;0.23728609;0.0;0.00513345;832.3972;3162.6667;-1059.0022;4824.14;-10.462222;47.576668
1966-01-03;-5.3093667;-6.507263;-10.26767;747.0838;1.159324;213.47527;100.0;0.20735721;190.18715;1088.7451;15.105596;0.046161935;0.0;0.23755431;0.23756176;0.0;14.810801;239.64778;997.1556;182.85167;6608.1455;36.351112;19.024445
1966-01-04;-6.943723;-8.585037;-8.512082;749.7807;0.77746916;295.32938;100.0;0.2115653;194.6966;1087.4838;0.020241736;-0.029346906;0.0;0.23782253;0.23781508;0.0;0.017657876;676.5367;2790.2078;-859.375;5417.2812;-18.968334;-60.87
1966-01-05;-6.2982574;-8.728866;-9.582204;749.7823;0.649056;261.4772;100.0;0.21191458;200.75323;1055.9896;1.3464358;-0.023173168;0.0;0.23806095;0.2380535;0.0;1.2984052;654.3478;2628.2422;-453.86;5845.176;-14.59;-48.84
1966-01-06;-2.0584412;-2.5357158;-6.0504494;750.6866;0.74338764;209.57283;100.0;0.21429388;205.64418;1042.5619;2.2631016;0.022858381;0.0;0.23828447;0.23827702;0.0;1.4456176;356.80554;1420.3022;110.87889;6954.183;19.20111;-18.231112
1966-01-07;-1.4402872;-1.8943329;-1.5442327;750.71576;0.62337106;171.58759;100.0;0.22164984;212.7682;1041.097;13.642132;-0.059951097;0.03825128;0.27674437;0.23849308;0.029996037;9.782396;395.8611;1538.1967;-118.08278;7023.0093;-44.252224;-75.613335
1966-01-08;-2.598582;-3.199365;-0.83183926;749.5652;0.80266076;126.00272;100.0;0.23875935;213.53221;1117.7572;9.940947;-0.12875535;0.044703484;0.28339028;0.23867935;0.1061596;8.703109;397.97833;1526.5878;-458.58334;6584.2593;-98.42778;-112.16
1966-01-09;-2.7786357;-4.23665;-1.5714849;749.5063;0.61472327;137.506;100.0;0.24047296;224.1839;1073.934;0.5005479;-0.18530712;0.0;0.23885071;0.23885071;0.0;0.47820434;827.25;2658.6333;-845.82776;6066.4766;-140.32556;-125.157776
1966-01-10;-3.6314251;-5.481186;-2.6915143;746.81177;0.6545149;112.9174;100.0;0.24195524;231.84308;1044.515;1.3437614;-0.18751994;0.0;0.23899972;0.23899972;0.0;1.1747777;754.4006;2338.7034;-956.39276;5848.1567;-142.56444;-92.35111
1966-01-11;-6.231262;-8.897998;-5.975366;746.9117;1.1271276;28.937357;100.0;0.24227242;238.19496;1017.5781;0.08137307;-0.16896427;0.0;0.23913383;0.23913383;0.0;0.07838011;856.9489;2597.6455;-1023.32166;5409.1294;-128.09889;-93.70111
1966-01-12;-6.484623;-9.233338;-7.1253853;744.06177;0.9129369;39.574852;100.0;0.24289529;242.27179;1002.8483;0.94389606;-0.10059029;0.0;0.23926795;0.23926795;0.0;0.93043596;998.285;3026.9133;-1097.045;5318.19;-74.23556;-68.28778
1966-01-13;-8.687177;-11.115791;-8.844791;746.2839;0.9123652;110.812805;100.0;0.24322362;246.13734;988.5661;0.018055338;-0.101855956;0.0;0.23937225;0.23937225;0.0;0.016711652;1066.1938;3212.1467;-1347.3228;4803.359;-75.38;-95.76889
1966-01-14;-8.3153105;-12.393125;-10.816261;748.648;0.8830772;193.14685;100.0;0.24321413;249.60968;974.40594;0.027272105;-0.05515665;0.0;0.23947656;0.23947656;0.0;0.026661903;962.19336;2842.3645;-970.85114;5125.2266;-39.136665;-34.64111
1966-01-15;-7.098928;-10.267657;-10.8309355;749.5584;0.8306463;265.13425;100.0;0.24323483;252.72491;962.8906;0.012937187;-0.037275255;0.0;0.23956597;0.23957342;0.0;0.011648983;1093.5638;3170.1755;-1141.2156;4965.581;-25.594444;-32.083332
1966-01-16;-6.4873962;-9.470142;-10.077483;750.57184;0.8040648;203.05475;100.0;0.24325621;255.79785;951.0091;0.012594461;-0.040057115;0.0;0.23965538;0.23965538;0.0;0.011302531;1053.6117;2997.172;-978.2772;5270.02;-27.143333;-35.461113
1966-01-17;-5.2101235;-9.759289;-10.009431;749.61646;0.6967843;172.53044;100.0;0.24328732;258.89224;940.1042;0.03692048;-0.03834255;0.0;0.23972988;0.23973733;0.0;0.0356026;862.97943;2412.0488;-1027.0712;5132.251;-26.76;10.545555
1966-01-18;-5.1808114;-11.06277;-10.615299;749.10736;0.683899;307.47113;100.0;0.2433008;261.73633;929.8909;0.016615022;-0.06762892;0.0;0.23980439;0.23980439;0.0;0.014871359;1115.1934;3062.199;-1083.785;5080.9976;-48.455555;-2.07
1966-01-19;-3.9871624;-8.742728;-9.447675;749.63324;0.60079855;285.97897;100.0;0.24335833;264.47754;920.166;0.07401109;-0.064132735;0.0;0.2398789;0.23987144;0.0;0.07181242;1210.419;3278.4622;-1142.6694;5144.2134;-45.456665;-16.307777
1966-01-20;-3.3743362;-5.5330734;-8.53767;751.25195;0.5378399;285.73465;100.0;0.24352102;267.1605;911.1735;0.7090509;-0.02344139;0.0;0.2399087;0.23993105;0.0;0.6682575;1018.1939;2715.1055;-674.19666;5803.068;-14.947778;-19.19111
1966-01-21;-2.5418599;-3.6968994;-5.381144;752.096;0.4936019;219.16791;100.0;0.24520464;267.99707;915.3239;1.2790561;-0.09415671;0.0;0.2399832;0.2399832;0.0;1.188226;737.0983;2054.2979;-288.93332;6565.7026;-70.76444;-59.282223
1966-01-22;-3.1034546;-6.1953835;-4.3447976;753.0516;0.69053763;141.98297;100.0;0.24550672;271.8037;904.012;0.03119111;-0.16495772;0.0;0.2400279;0.2400279;0.0;0.028170645;982.51776;2714.99;-1020.405;5678.9775;-124.04667;-75.248886
1966-01-23;-2.1551514;-7.7055664;-5.268392;752.5046;0.7320915;194.46771;100.0;0.24557193;275.65463;891.27606;1.7233372;-0.1277402;0.0;0.2400577;0.2400577;0.0;1.5030056;1278.9388;3467.5188;-1144.1761;5454.211;-93.44889;-18.208889
1966-01-24;-1.9970093;-2.8128765;-3.3279622;749.49457;0.51019603;159.7894;100.0;0.2588744;260.9131;991.21094;15.094534;-0.04582852;0.0150203705;0.25510788;0.24008751;0.06428361;13.749391;367.61334;1379.7456;-17.504444;7010.053;-33.962223;-62.27889
1966-01-25;-1.4708862;-1.64151;-1.2391306;749.6765;0.98752284;204.84966;100.0;0.2661769;261.63052;1018.514;4.5013623;-0.087686814;0.054642558;0.29475987;0.24012476;0.23560226;1.7533116;434.19888;1597.8933;-63.36778;7108.8555;-66.28167;-137.10222
1966-01-26;-2.6026611;-2.9712932;-0.36708578;743.212;0.7000583;177.73149;100.0;0.28882888;252.46547;1142.2526;40.80125;-0.17254613;0.6439835;0.8841455;0.24015456;0.11793524;30.898758;157.465;598.4989;-105.94666;7012.043;-134.77444;-157.71222
1966-01-27;-5.2851768;-6.6452737;-0.93773395;745.5158;1.4952987;214.9391;100.0;0.3075627;246.44562;1248.2096;3.7047267;-0.3758818;0.0;0.24020672;0.24020672;0.0;3.6783776;810.04553;2992.3132;-900.82556;5921.459;-289.74554;-311.9211
1966-01-28;-3.1989543;-4.5611978;-2.172736;748.18823;0.840131;185.12268;100.0;0.30942416;253.05077;1223.4293;0.34523174;-0.18712878;0.0;0.24028122;0.24027377;0.0;0.34094974;1025.9711;3404.1333;-1044.1561;5830.418;-140.20222;-135.79333
1966-01-29;-4.1112876;-6.0415535;-3.343015;746.574;0.6071859;142.80772;100.0;0.31194785;257.58887;1209.6354;10.639694;-0.1600422;0.0;0.24037063;0.24037063;0.0;9.620197;800.545;2564.1123;-600.685;6232.174;-120.60778;-107.64111
1966-01-30;-3.9312031;-4.5986123;-2.1709187;741.4261;0.7336113;106.874794;100.0;0.3423619;239.48988;1427.653;39.36558;-0.14006346;0.04656613;0.28705597;0.24048239;0.0;37.03356;182.89389;766.88336;-141.47667;6812.588;-109.07111;-134.72333
1966-01-31;-4.8409324;-6.8900046;-3.5159633;748.20734;0.6890407;182.24059;100.0;0.36060104;236.67609;1525.3906;0.87560666;-0.23422576;0.0;0.24060905;0.2406016;0.0;0.87088716;729.81555;3018.7556;-900.10834;5760.4478;-177.66777;-167.00111
1966-02-01;-5.4354897;-9.934814;-6.1313415;746.38165;1.0598246;41.050316;100.0;0.36079335;245.11815;1472.7783;1.6851246;-0.1424998;0.0;0.24069846;0.24069846;0.0;1.655709;947.6872;3793.6345;-884.0222;5619.457;-104.005554;-125.69334
1966-02-02;-5.5481873;-6.8873496;-5.7240577;738.3781;1.0449706;147.30936;100.0;0.37552878;240.38116;1560.1807;16.336079;-0.061860308;0.0;0.24083257;0.24082512;0.0;16.272068;505.9939;2151.5244;-291.5839;6404.9136;-45.26389;-93.37666
1966-02-03;-6.083201;-7.057795;-5.1488976;741.155;1.0237525;209.79414;100.0;0.38843247;238.63963;1625.9766;15.884871;-0.13266969;0.0;0.24092197;0.24095178;0.0;15.879277;566.7461;2428.9934;-320.3278;6393.7847;-100.24111;-191.58444
1966-02-04;-6.598788;-7.88805;-6.212622;745.5857;0.8818608;222.7837;100.0;0.39624023;241.3242;1642.9037;0.36874643;-0.07065572;0.0;0.24107099;0.24105608;0.0;0.36408007;887.4239;3786.949;-1020.03723;5404.225;-49.422222;-129.63333
1966-02-05;-7.0637803;-8.71082;-7.139383;744.4179;0.9531188;227.3772;100.0;0.39684483;248.40038;1598.0631;0.8397032;-0.09761006;0.0;0.2411604;0.2411604;0.0;0.83495307;865.6528;3599.1833;-684.29724;5800.1265;-70.67333;-138.01445
1966-02-06;-7.0426025;-8.915993;-7.2278786;744.93646;0.67609185;267.69962;100.0;0.39743844;254.67188;1561.1166;0.197649;-0.09710342;0.0;0.2412647;0.2412498;0.0;0.1912564;955.12555;3887.0945;-967.04944;5451.025;-69.68;-143.64
1966-02-07;-8.177642;-10.589069;-8.849772;745.01886;0.86526054;184.92413;100.0;0.39754438;260.47168;1526.6927;0.022101402;-0.08368585;0.0;0.2413392;0.24133176;0.0;0.0169985;1017.2722;4037.719;-1211.4266;4942.2476;-59.081112;-131.02333
1966-02-08;-6.8327928;-11.058036;-10.66281;746.196;0.8511316;148.41356;100.0;0.39756092;265.23633;1498.9828;0.001554462;-0.061674044;0.0;0.24141371;0.24141371;0.0;0.0002682209;1121.4205;4335.041;-1413.5673;4566.6636;-41.357777;-55.126667
1966-02-09;-5.857825;-11.780632;-12.247144;744.8791;0.8318141;212.87573;100.0;0.39758217;269.1354;1477.417;0.0004351138;-0.056019053;0.0;0.24145842;0.24146587;0.0;0.0;1190.2167;4487.93;-1398.1578;4476.9854;-37.13222;-20.137777
1966-02-10;-6.5445137;-9.901481;-12.912017;745.772;0.8827135;257.6254;100.0;0.3976132;272.527;1459.4727;0.0027656555;-0.016955659;0.0;0.24154782;0.24153292;0.0;0.0014863908;1199.7084;4416.2134;-1346.1866;4503.9956;-7.9;-31.775555
1966-02-11;-6.0981584;-10.421742;-12.2441;750.0024;1.0173432;185.92255;100.0;0.39765373;275.73276;1442.627;0.011762819;-0.048499554;0.0;0.24157763;0.24157763;0.0;0.008765608;1178.8944;4237.0044;-939.67053;5136.229;-31.512222;-31.187778
1966-02-12;-3.3067932;-9.232717;-10.888051;752.16864;0.96436757;118.36373;100.0;0.39769128;279.09213;1425.4557;0.0017181201;-0.05507935;0.0;0.24160743;0.24161488;0.0;0.0;1242.5233;4363.37;-1064.9283;5144.574;-35.77111;4.771111
1966-02-13;-2.9407856;-8.967397;-10.0841875;749.3676;0.9101484;93.37893;100.0;0.39771807;282.63345;1407.6742;0.0017324155;-0.06541982;0.0;0.24163723;0.24163723;0.0;0.0;1360.8055;4670.61;-1390.8833;4776.5654;-43.326668;-7.056667
1966-02-14;-4.3516946;-11.172116;-9.912496;744.7146;0.85650015;105.064186;100.0;0.3977318;286.08627;1390.625;0.00107438;-0.08290168;0.0;0.24163723;0.24164468;0.0;0.0;1185.9283;3992.2844;-1195.2012;5027.0967;-57.68667;-13.038889
1966-02-15;-4.592196;-7.0368156;-9.164828;744.9343;0.7851899;199.87744;100.0;0.3979602;289.25845;1376.0172;0.4567938;-0.033101067;0.0;0.24163723;0.24165213;0.0;0.39976463;947.3428;3118.7822;-484.77722;5968.417;-22.15;-55.554443
1966-02-16;-5.5090127;-6.4555054;-6.6874084;744.5876;0.67619014;184.4236;100.0;0.4078072;281.76822;1445.2311;27.750805;-0.039963983;0.0;0.24166703;0.24166703;0.0;27.070406;554.4033;1884.1833;-154.41667;6532.2954;-29.117777;-86.575554
1966-02-17;-4.734182;-5.8733315;-4.950063;743.8662;0.5926823;63.217926;100.0;0.45113972;246.17479;1829.1016;38.44644;-0.042936765;0.0;0.24168193;0.24168193;0.0;38.255184;248.405;1077.66;-199.70778;6559.479;-32.32611;-49.497776
1966-02-18;-5.372538;-7.114207;-5.519358;746.17114;0.72026134;137.78484;100.0;0.4678887;244.97784;1911.8652;1.7147908;-0.118220225;0.0;0.24166703;0.24166703;0.0;1.6963631;701.955;3013.1677;-751.81836;5818.5547;-87.49555;-136.94888
1966-02-19;-5.4506736;-10.3035555;-8.245095;748.64307;0.99496406;56.948624;100.0;0.4685651;253.26952;1851.7252;0.000920719;-0.09591691;0.0;0.24163723;0.24162978;0.0;5.2154064e-05;1189.7977;4989.5244;-1551.5889;4581.923;-65.99778;-83.06111
1966-02-20;-4.7106986;-11.440343;-9.952126;746.25165;1.0461395;36.864304;100.0;0.46857092;259.6644;1805.7455;0.0;-0.08825213;0.0;0.24157763;0.24157763;0.0;0.0;1077.3245;4399.961;-1118.9672;5040.7734;-60.95111;-25.251112
1966-02-21;-6.243917;-9.93634;-9.933723;745.48114;1.2550565;27.822992;100.0;0.46858728;265.25552;1767.5781;0.00714979;-0.07123873;0.0;0.24151802;0.24151057;0.0;0.0035986304;1137.5573;4533.5845;-1076.9312;5116.1157;-47.774445;-87.674446
1966-02-22;-6.1527734;-10.893707;-9.7587385;748.7177;1.3023151;24.461287;100.0;0.4686179;270.5078;1733.8053;0.014064717;-0.09633973;0.0;0.24144351;0.24143606;0.0;0.012345612;1292.8905;5015.5024;-1344.0984;4832.8564;-66.05111;-82.98556
1966-02-23;-4.6931787;-13.342392;-11.338042;750.2444;1.0534034;39.40917;100.0;0.46863103;275.10092;1704.305;0.0008583569;-0.10237098;0.0;0.24135411;0.24135411;0.0;0.0;1400.995;5294.953;-1609.9211;4343.99;-70.60667;-3.7122223
1966-02-24;-2.8219059;-14.295704;-11.90776;751.4758;1.0856966;79.786;100.0;0.46863195;279.03223;1680.2164;0.0021517272;-0.11989288;0.0;0.2412498;0.24124235;0.0;0.0;1435.414;5293.3047;-1427.175;4576.4717;-83.91889;32.746666
1966-02-25;-0.70602417;-10.574246;-11.0484085;752.377;0.91067195;164.26453;100.0;0.4686359;282.82455;1658.4473;0.0012993806;-0.09399839;0.0;0.24113059;0.24114549;0.0;0.0;1438.0978;5177.447;-1344.8256;4810.121;-64.09;22.853333
1966-02-26;-0.49927774;-12.479545;-10.049531;752.31885;0.7455836;152.34114;100.0;0.46864283;286.6709;1636.027;0.0031888485;-0.119537115;0.0;0.24102628;0.24101883;0.0;0.0027567148;1319.0311;4639.8687;-901.75165;5455.5293;-84.501114;5.96
1966-02-27;-1.5733643;-8.909871;-7.3475647;749.60864;0.45234355;154.75058;100.0;0.47040936;289.66763;1624.4711;3.6742985;-0.06546546;0.0;0.24089217;0.24090707;0.0;2.93494;874.83167;3093.035;-438.05276;6200.8867;-46.05;-48.77111
1966-02-28;-2.8414814;-4.3549705;-4.9139657;742.8493;0.5965422;151.10054;100.0;0.47878507;287.22006;1666.5039;8.909601;-0.07019006;0.0;0.24077296;0.24079531;0.0;8.220698;838.0711;3258.945;-447.45444;6396.129;-49.718887;-124.07139
1966-03-01;-4.913166;-10.028506;-5.013868;744.2585;1.8178412;19.391151;100.0;0.4843847;288.32846;1680.9489;2.7118773;-0.40556675;0.0;0.24065375;0.24065375;0.0;2.662629;966.9744;3842.555;-1166.48;5335.773;-309.97223;-99.46889
1966-03-02;-3.4798634;-13.528538;-8.3669815;752.4859;1.1324369;57.56339;100.0;0.48468295;292.95963;1656.1279;0.0008523463;-0.16173907;0.0;0.24048984;0.24049729;0.0;0.0;1467.15;5669.311;-1717.0867;4440.6484;-114.71333;-36.649723
1966-03-03;-1.549357;-12.477069;-9.113835;752.99896;1.0603858;130.55449;100.0;0.48466027;296.90723;1633.3414;0.00043511385;-0.15961193;0.0;0.24032593;0.24031848;0.0;0.0;1494.5956;5632.8438;-1477.6117;4778.059;-112.53555;-5.4283333
1966-03-04;-0.77996826;-10.317936;-9.365216;750.467;1.0233096;79.135864;100.0;0.48465478;300.54526;1614.2172;0.0004351138;-0.04864484;0.0;0.24014711;0.24016201;0.0;0.0;1574.4331;5791.5034;-1646.6355;4564.5527;-33.63222;-22.661112
1966-03-05;-1.1064657;-13.05617;-9.601531;749.4114;0.78231764;264.60745;100.0;0.48464134;303.92285;1596.11;0.0;-0.08546468;0.0;0.2399981;0.240013;0.0;0.0;1615.0697;5800.7876;-1532.6428;4691.266;-62.604443;-62.467777
1966-03-06;-2.4389446;-7.1371865;-8.677161;749.44904;0.89668417;184.58128;100.0;0.48463526;307.223;1578.8168;0.0024616718;-0.012310222;0.0;0.23984909;0.23984909;0.0;0.0019706786;1430.9005;5022.271;-1194.9495;5213.8784;-6.148889;-104.05889
1966-03-07;-1.894277;-6.1832786;-8.226619;748.9507;1.0309886;71.87499;100.0;0.48467574;310.6084;1561.7676;0.0008583069;-0.0014621764;0.0;0.23970008;0.23970008;0.0;0.0;1712.6387;5868.5757;-1631.794;4730.296;2.9533334;-89.727776
1966-03-08;-0.84987384;-5.6640725;-7.370546;748.66437;0.78339547;216.70691;100.0;0.48479387;314.0599;1545.166;0.16016765;-0.028185546;0.0;0.23952127;0.23953617;0.0;0.0;1573.4506;5258.331;-1271.9016;5231.1216;-18.004444;-102.13333
1966-03-09;-0.2851664;-3.0936992;-4.822693;747.94635;1.0324613;221.35359;100.0;0.48556864;318.10156;1528.4017;1.1715382;-0.025527552;0.0014901161;0.24083257;0.23935735;0.00046752393;0.018671155;1563.0656;5089.201;-726.47473;6169.6636;-16.06;-116.846664
1966-03-10;0.36141968;-5.701162;-1.870519;749.0356;0.65739995;169.3549;100.0;0.48587915;323.42676;1504.8422;1.7336369;-0.18782634;0.08942187;0.3286004;0.23917109;0.6338917;0.15824288;1731.3656;5439.642;-1087.8528;5985.9385;-142.04333;-186.66777
1966-03-11;-0.5600586;-2.6294453;-0.6862895;746.2061;0.997138;176.75124;100.0;0.49267665;327.00424;1506.2662;25.574749;-0.2566129;0.24947524;0.48843026;0.23896992;0.671817;20.47158;1293.8722;3631.5315;-608.8311;6569.5044;-193.86333;-143.60333
1966-03-12;-1.8719584;-2.378662;-0.15297444;745.40533;0.8428646;200.53523;100.0;0.52668196;303.9769;1732.3405;17.41508;-0.23253542;0.2054125;0.4441738;0.23876876;0.52077883;15.289448;765.5992;3104.8562;-382.44446;6797.9365;-176.6489;-260.7189
1966-03-13;-2.9557698;-5.894287;-0.405749;746.47046;0.9508658;175.5202;100.0;0.53067774;309.0918;1719.2383;0.30477345;-0.58131945;0.011697412;0.2503246;0.2386272;0.06263703;0.1392439;1401.5222;4728.427;-1044.3861;5936.809;-445.10556;-296.5478
1966-03-14;-2.4776611;-4.5593667;-0.61349994;750.3679;0.8903939;169.20842;100.0;0.53057164;317.1852;1674.9268;0.60343146;-0.54154265;0.003054738;0.24157763;0.23851544;0.017691404;0.5387962;1778.7592;5178.636;-886.80725;6223.9033;-413.1561;-346.99554
1966-03-15;-1.1371765;-5.3841248;-0.42292404;751.9826;0.9139591;72.93634;100.0;0.5303407;325.44662;1631.6324;0.015422129;-0.505534;0.09679794;0.33521652;0.23841858;0.5829763;0.014573336;2235.1196;5949.575;-1661.19;5351.1816;-381.51556;-282.55444
1966-03-16;1.0186056;-6.2271323;-0.49802017;751.33405;0.9956424;66.25318;100.0;0.5291936;334.87207;1582.3975;0.0021517272;-0.3151074;0.23716688;0.47548115;0.23832917;1.4518238;0.0;2505.7688;6161.1953;-1858.0638;5142.532;-229.76;-111.435555
1966-03-17;0.23816936;-4.6644387;-0.29244485;745.8283;0.91273254;221.38582;100.0;0.52681327;343.306;1536.0514;3.234786;-0.46593416;0.7840097;1.0222793;0.23826957;3.9676838;1.8711127;2599.3071;6028.56;-1497.4922;5630.8867;-349.24277;-153.55
1966-03-18;-2.0453491;-3.810506;-0.23597462;742.759;0.9222755;193.63416;100.0;0.5277508;345.1478;1529.9072;3.8198562;-0.45034197;0.54740906;0.7856786;0.23826957;2.8637555;3.0807555;1993.8389;5350.9277;-1303.1833;5748.6216;-341.97888;-332.86557
1966-03-19;-4.1126504;-7.6578064;-0.5172844;737.3662;0.73073035;183.70586;100.0;0.5272706;349.91992;1507.8125;1.5814662;-0.7973751;0.0019669533;0.24035573;0.23837388;0.0;1.3543069;2127.405;5320.9087;-1327.7328;5655.1904;-612.9778;-408.12
1966-03-20;-5.24526;-7.313578;-0.8028717;736.90753;0.8920844;197.41087;100.0;0.5301596;350.7604;1511.027;7.6335974;-0.7415973;0.0;0.23856759;0.23856014;0.0;7.441811;1920.9891;4882.59;-1010.4347;5952.1855;-572.0133;-588.9278
1966-03-21;-7.1620483;-8.570788;-1.7045149;739.9114;1.0369852;187.98164;100.0;0.54190177;335.2809;1614.9496;8.944253;-0.51851106;0.0;0.23879111;0.23878366;0.0;8.937634;1171.4127;4002.325;-975.7222;5769.4976;-399.95;-552.0489
1966-03-22;-8.549958;-12.671993;-4.579085;742.77594;0.9576213;143.81583;100.0;0.5449957;333.65366;1633.6263;0.89582676;-0.56155956;0.0;0.23898482;0.23900717;0.0;0.8877255;1632.835;5581.965;-1515.1627;4937.9775;-429.61835;-463.43222
1966-03-23;-8.022937;-14.327868;-7.486502;746.5804;1.0252062;76.77597;100.0;0.54491335;336.28745;1620.7275;0.0008523463;-0.41150674;0.0;0.23919344;0.23920834;0.0;0.00042840838;1986.0044;6674.3467;-1877.6923;4372.6606;-309.3578;-261.41556
1966-03-24;-5.5798783;-14.245441;-8.771149;749.0186;1.0032696;86.47172;100.0;0.5447253;338.7754;1608.2357;0.0;-0.31412765;0.0;0.23937225;0.23937225;0.0;0.0;2092.4995;6882.7393;-1958.6625;4260.2437;-231.8989;-163.29889
1966-03-25;-3.0635822;-10.035099;-8.374551;749.1772;0.927495;141.30673;100.0;0.544653;341.03647;1597.168;0.1553148;-0.10469183;0.0;0.23955107;0.23955852;0.0;0.15418604;1998.95;6435.6494;-1344.4734;5105.359;-77.07445;-140.64223
1966-03-26;-3.7303975;-5.4934287;-5.9322915;746.55145;1.1684909;167.55363;100.0;0.5472713;340.34146;1607.8287;3.3406496;-0.1554843;0.0;0.23975968;0.23975968;0.0;3.3148303;1312.4222;4456.6074;-760.15;5954.921;-119.29444;-230.09111
1966-03-27;-3.1628113;-4.5227685;-3.9048984;744.8713;0.9161088;188.71838;100.0;0.5549409;336.16245;1648.234;23.040712;-0.06727129;0.0;0.2399385;0.2399385;0.0;20.651701;1157.7522;4096.237;-451.11;6515.1953;-49.657776;-175.69667
1966-03-28;-6.094004;-7.4714456;-3.1847508;741.7116;1.2031935;216.06734;100.0;0.58429354;307.58432;1897.0541;13.787251;-0.32901204;0.0;0.24007261;0.24007261;0.0;13.657503;1220.331;5246.0654;-1019.67334;5702.509;-248.8211;-411.5411
1966-03-29;-6.565399;-8.899554;-5.0951257;744.6655;0.8288055;225.95988;100.0;0.5879174;309.20737;1901.8148;0.9098351;-0.31248665;0.0;0.24017692;0.24016947;0.0;0.90251863;1352.6533;5622.824;-1236.2589;5281.9087;-234.45555;-316.63443
1966-03-30;-5.133199;-9.10435;-6.4556375;747.3243;0.911845;159.00392;100.0;0.58817154;313.63803;1876.058;0.020310283;-0.13838616;0.0;0.24025887;0.24025887;0.0;0.018171966;1717.345;6952.606;-1487.5627;4971.0396;-102.66889;-304.49222
1966-03-31;-2.826701;-7.105703;-6.859984;749.46295;0.90042394;124.24627;100.0;0.58815485;317.84146;1850.7894;0.0;-0.07104967;0.0;0.24035573;0.24033338;0.0;0.0;1752.7517;6902.011;-1593.8088;4859.315;-50.069443;-215.72444
1966-04-01;-0.74504596;-8.159444;-6.5981293;750.7924;1.0058638;64.64983;100.0;0.5881458;321.88412;1828.3285;0.0031888476;-0.09580888;0.0;0.24040043;0.24039298;0.0;0.0;1854.985;7097.645;-1410.1389;5172.8477;-68.56944;-185.95444
1966-04-02;-1.0822754;-4.8862915;-4.0852485;748.9917;0.95195204;83.07404;100.0;0.5894436;325.76953;1810.4248;3.9540706;-0.100418925;0.0346601;0.27509034;0.24043024;0.116847456;2.1178908;1316.3917;4886.84;-547.0653;6420.3154;-74.19889;-152.51944
1966-04-03;-1.2657064;-2.1467183;-1.581014;747.88165;0.87715286;126.38215;100.0;0.5925622;330.52115;1794.7998;2.3433895;-0.06568618;0.12549758;0.36595762;0.24045259;0.59626997;0.34704432;1402.27;5122.4937;-559.6911;6601.507;-47.426666;-263.34445
1966-04-04;0.009806315;-5.0038757;-0.6212222;750.6844;0.900634;95.67048;100.0;0.5923371;338.2015;1753.5807;0.00454412;-0.38386697;0.28300285;0.5234182;0.24043024;1.5939288;0.0031888485;2237.225;6929.134;-1615.5903;5427.561;-282.17;-257.55777
1966-04-05;2.29658;-4.969584;-0.4922943;752.736;0.8979725;107.77421;100.0;0.59071094;347.0104;1704.2643;0.0008586447;-0.29387605;0.33774972;0.57819486;0.24043769;1.698887;0.0;2547.4072;6964.4443;-1547.9542;5553.24;-210.24667;-166.18333
1966-04-06;3.088501;-1.4672852;-0.14316814;749.74884;1.0854312;170.2013;100.0;0.5843456;354.7334;1649.4141;1.0150254;-0.28289482;1.9967109;2.2804737;0.2837479;9.967271;0.0;2642.4822;6623.137;-1172.1161;6161.6167;-203.28944;-148.93
1966-04-07;1.8910929;-0.110432945;-0.018721262;746.3321;0.58268297;163.359;100.0;0.5762363;358.73764;1607.3812;18.272385;-0.1476137;5.638838;5.9449224;0.30608475;10.207519;1.4336481;1616.8417;4010.7021;-435.54666;6943.32;-105.89333;-134.84555
1966-04-08;0.28107706;-0.417511;-0.01018397;743.61523;0.816686;192.099;100.0;0.5667035;361.55502;1568.1152;14.018071;-0.15578139;6.6563635;7.5269938;0.87063015;11.049798;2.7025416;1405.5333;3340.9973;-237.84416;7126.5356;-114.605;-189.38
1966-04-09;-2.369995;-3.4439595;-0.15051396;744.2553;0.74837154;219.55962;100.0;0.56570935;358.27246;1579.0201;4.6914816;-0.4437901;1.3026297;1.5574396;0.25482476;4.4452214;3.498923;1918.8467;5360.854;-1006.1019;6101.6177;-335.93;-395.82556
1966-04-10;-1.2169596;-4.0302124;-0.20537312;746.1219;0.8781107;225.83734;100.0;0.5623469;362.68945;1551.1881;0.61799884;-0.6558932;1.0739863;1.3371408;0.2631545;4.0230527;0.0988543;2446.7173;6431.12;-1282.7189;5870.0312;-497.39334;-330.79333
1966-04-11;-1.6950684;-3.2500103;-0.194753;745.657;0.99448925;184.58154;100.0;0.56092626;366.5179;1530.4769;4.523727;-0.4850272;1.0274947;1.2987107;0.2712235;2.8441026;2.5675707;1940.9895;5068.4077;-809.5281;6388.3335;-368.51834;-334.26166
1966-04-12;-1.1693319;-2.2800293;-0.077363335;744.3367;0.97049516;220.51134;100.0;0.5588563;368.47818;1515.1774;17.41745;-0.43906456;2.783701;3.1104386;0.3267452;6.0572567;12.086123;1886.7073;4748.8896;-564.2561;6706.844;-333.43668;-341.61722
1966-04-13;-0.9822896;-1.8210449;-0.053264618;742.274;0.91133124;246.62964;100.0;0.5809397;339.73535;1707.5602;18.36786;-0.22917613;1.8569827;2.1908283;0.33385307;4.3885765;15.218876;1082.0494;4332.9385;-485.02304;6742.0166;-169.38445;-241.80444
1966-04-14;0.1854248;-2.7925618;-0.16432953;747.55884;1.0565073;142.56564;100.0;0.5793927;343.38672;1687.8256;0.10673106;-0.44333562;1.0674372;1.3791323;0.31169504;4.0094814;0.0038407743;2179.4504;7168.1455;-1226.18;5954.3887;-326.34946;-306.16
1966-04-15;2.5590312;-2.2744648;-0.19442113;748.4505;0.9459052;108.22446;100.0;0.57422704;349.91537;1641.7236;0.1760732;-0.23928843;1.6409159;1.9693226;0.32842904;5.9174004;4.4703484e-05;1865.2933;5335.8984;-1170.5936;5990.291;-170.95389;-112.458885
1966-04-16;3.1081746;-0.512736;-0.1673762;746.30597;1.1211742;257.73712;100.0;0.56631434;356.74155;1588.3383;4.491195;-0.31857657;4.1076617;4.5900793;0.4824251;9.626653;0.0;2478.1055;6402.172;-884.3286;6437.8945;-230.4311;-107.10333
1966-04-17;1.8053488;-1.9155985;-0.102630615;746.40436;0.92095613;234.39671;100.0;0.55390227;361.70996;1532.1451;0.17944872;-0.45341069;4.40082;5.0448627;0.6440431;14.065168;0.0;2692.8628;6469.2573;-1280.8824;5973.132;-336.1889;-196.79778
1966-04-18;2.905243;-0.8433736;-0.2299207;747.6608;1.0388705;204.28062;100.0;0.5412794;367.64517;1473.1852;0.06600022;-0.33213383;4.239008;4.6545715;0.41556358;12.552828;0.0;3332.845;7602.4263;-1576.5562;5667.662;-237.30779;-175.12334
1966-04-19;3.675822;-0.25519815;-0.14151382;748.5867;0.91830397;136.32866;100.0;0.5259043;373.3431;1409.5865;0.14028549;-0.34079328;6.468162;7.8623295;1.3941675;16.807756;0.0;3341.834;7324.349;-1295.7161;6061.3857;-244.04666;-205.80667
1966-04-20;3.1079814;-0.270579;-0.061262768;747.8762;0.860564;150.85234;100.0;0.5096825;378.0996;1348.9176;5.7874923;-0.32144225;7.929787;9.083181;1.1533946;16.617224;0.0033155084;2936.2578;6246.576;-846.6711;6596.058;-232.34111;-150.40111
1966-04-21;0.98902386;0.07076009;0.0040423074;746.2236;0.65535057;122.21536;100.0;0.49943122;379.47134;1315.8365;10.180608;-0.117459334;6.296456;7.6582136;1.3617649;8.615095;1.904238;1158.5784;2573.8232;-196.77556;7167.3926;-86.85;-115.293335
1966-04-22;0.17150879;-1.6858215;-0.053741455;746.9915;0.8436912;114.120575;100.0;0.4885988;380.4056;1284.5052;3.2037795;-0.45483;6.096542;7.0240793;0.9275377;13.772398;0.6418712;2619.4583;5894.806;-1057.2167;6251.519;-341.15222;-289.32
1966-04-23;1.6526083;-3.7594402;-0.1913414;749.7653;1.3597274;29.934988;100.0;0.47541305;384.8457;1236.0026;0.03431576;-0.6186515;5.375609;6.900936;1.5253127;14.044978;0.00055506825;3456.6768;7550.1104;-1514.1589;5720.427;-460.44333;-228.2
1966-04-24;2.4639893;-2.3196309;-0.21564992;751.8074;1.6999642;27.037302;100.0;0.46040484;390.80533;1178.9957;0.0018775462;-0.47174934;5.5149646;6.745219;1.2302623;15.355598;0.0;3363.3972;7135.6377;-1496.2075;5741.312;-346.25223;-109.21
1966-04-25;2.5181172;-5.1553855;-0.25501505;753.6873;1.7417225;23.274591;100.0;0.44540235;397.25977;1122.3145;0.0;-0.6616125;5.6513844;7.4064283;1.7550588;14.263168;0.0;3920.8867;8129.8594;-2058.039;5115.481;-492.1789;-101.52111
1966-04-26;3.5266216;-5.6880393;-0.2763125;755.02856;1.3823652;28.441809;100.0;0.43012238;404.3955;1065.0635;0.0017195934;-0.48211777;6.076038;7.675901;1.5998632;15.730764;0.0;4025.1755;8202.82;-2047.262;5156.432;-350.46667;-110.66778
1966-04-27;4.86084;-5.574768;-0.24444072;754.4886;1.087314;85.51464;100.0;0.41300127;411.70767;1004.9642;0.0008523463;-0.42207724;7.222235;9.465486;2.2432506;17.817791;0.0;4001.7717;8045.9946;-1831.3197;5440.7534;-303.39;-108.21
1966-04-28;4.713623;-2.1659749;-0.18182373;753.50287;1.1966954;113.83674;100.0;0.39419731;418.40884;944.21387;0.34290552;-0.37141705;8.101583;10.401264;2.2996738;19.080513;0.0;3604.99;7172.25;-1297.5542;6086.871;-266.5661;-106.92889
1966-04-29;5.4574075;-1.3619589;-0.14696121;751.5357;1.2361715;137.67078;100.0;0.3730416;423.42838;883.3415;0.48969686;-0.43927693;9.216309;11.665598;2.4492965;22.060163;0.0;3634.0361;7172.5576;-1314.2411;6069.797;-320.395;-96.996666
1966-04-30;5.0938416;-0.6181132;-0.20934169;751.86945;1.1513087;226.74548;100.0;0.3521162;429.61264;822.30634;0.0042021275;-0.43577608;8.705512;11.761993;3.0564814;20.543669;0.0;4044.8594;7932.425;-1592.7458;5777.386;-315.06445;-128.64778
1966-05-01;5.6625466;-0.2566732;-0.1731987;750.2109;1.2149347;257.58035;100.0;0.32987237;435.38022;760.53876;0.0024437904;-0.43169874;9.498537;13.44575;3.9472058;22.591036;0.0;3916.0527;7641.961;-1444.7056;5954.812;-312.39;-91.63556
1966-05-02;4.1159363;2.4320576;-0.10649872;749.69916;1.2052084;229.98082;100.0;0.3094531;440.5856;704.3864;10.384798;-0.22285524;12.465745;17.628521;5.1627607;20.129322;0.0;3220.22;6257.8633;-791.3986;6685.414;-158.22333;-155.26555
1966-05-03;2.4903767;2.1781414;0.0101674395;747.74774;0.959747;203.14882;100.0;0.29435313;442.21158;667.11426;30.672611;0.04515983;18.363625;26.799738;8.436091;12.727964;0.20954758;910.0933;1770.8778;239.26167;7671.622;38.14;-29.694445
1966-05-04;1.4392191;1.0822754;0.0044924417;746.0861;0.7722538;199.05072;100.0;0.28215015;440.5254;641.19464;25.51112;-0.0059958547;14.3195095;25.960297;11.6407795;11.93364;2.5155842;1039.91;2058.6968;76.85167;7486.44;-0.8477778;-73.72444
1966-05-05;0.2290446;-1.2370096;-0.036337536;747.2742;0.8546326;132.73926;99.95996;0.2709669;429.7438;629.9235;7.5095234;-0.35435522;8.957386;21.854193;12.896798;15.763078;1.2716577;2392.6267;5346.3643;-637.51886;6745.0557;-263.20444;-262.52
1966-05-06;-1.50118;-5.5056357;-0.2784958;747.4173;1.0151821;109.121254;98.933105;0.25968978;430.35483;602.417;2.4906664;-0.91225934;3.6460981;16.174868;12.528762;9.629369;0.36463886;3204.4282;7145.2144;-1430.7428;5725.1196;-693.58777;-434.08554
1966-05-07;0.43802896;-3.6862996;-0.4074936;750.0303;0.9531924;59.75076;97.19808;0.24916975;436.05045;569.987;0.5753302;-0.5983077;4.1461587;15.933901;11.787743;11.893411;0.058915466;3344.0767;7241.011;-1457.855;5743.298;-442.46112;-290.21335
1966-05-08;1.3685201;-2.6960957;-0.40066147;751.80585;1.0487477;89.492424;95.734535;0.23547065;443.3545;529.05273;0.8182124;-0.58545077;5.7859273;17.384962;11.599034;14.294073;2.2351742e-05;3546.635;7373.6396;-1518.1923;5727.1543;-428.53778;-292.27777
1966-05-09;3.1616008;-3.9243164;-0.44389343;753.76935;1.0598847;159.12529;94.78638;0.21975946;446.67905;489.54263;0.12369752;-0.5516624;6.3741803;16.951561;10.577381;16.631058;0.0;3886.16;7850.8667;-1717.8789;5575.046;-394.56445;-204.48334
1966-05-10;4.126516;-2.7700603;-0.45299911;754.96405;1.2485832;149.65367;94.22323;0.20170395;447.03125;449.0153;0.01163244;-0.5867705;7.5645895;18.11719;10.55257;18.958092;0.0;4222.2266;8352.766;-1847.542;5510.008;-417.2689;-188.57
1966-05-11;6.358673;-3.8751934;-0.4764684;754.7789;1.1728722;112.292366;93.93839;0.18210073;447.03125;405.51758;0.0008607085;-0.5951133;7.986784;18.321619;10.334834;19.971277;0.0;4318.05;8413.355;-1877.9775;5509.8276;-420.37555;-132.81
1966-05-12;7.0999146;-2.5112407;-0.47972742;753.31;1.1690639;161.22583;93.8173;0.16159682;447.03125;359.86328;0.0;-0.5870778;8.05147;18.15094;10.099478;20.602606;0.0;4217.2;8125.3574;-1753.1133;5655.94;-413.99;-122.69778
1966-05-13;6.8975625;-1.6036072;-0.48531088;752.4795;1.3390988;201.98955;93.769775;0.14013498;447.03125;312.37793;0.019186735;-0.6528683;9.117394;19.234806;10.117412;21.664068;0.0;4249.3477;8119.027;-1662.8911;5786.445;-464.7989;-130.99445
1966-05-14;6.430969;-2.2169495;-0.6100108;751.45233;1.3595524;141.21797;93.75204;0.12000386;447.03125;267.53745;0.60453415;-0.62151253;7.7801046;17.64287;9.862765;18.642769;0.0;3675.995;6979.041;-1498.1372;5876.7554;-447.35333;-80.98
1966-05-15;5.5158997;-0.12361654;-0.427639;746.8134;0.9611725;99.5408;92.99121;0.104506016;447.03125;232.82878;12.293488;-0.22887997;9.52971;18.927216;9.397491;13.093333;0.0;2232.7944;4206.349;-674.4489;6693.8345;-159.80779;-63.18667
1966-05-16;2.5415242;1.1720988;-0.10955683;747.2321;1.2299021;222.03416;90.38916;0.090900935;442.38052;202.67741;8.033544;-0.4194565;9.937435;21.018713;11.081264;16.212988;0.012245029;2828.8567;5244.0376;-841.43;6590.4365;-297.99777;-242.76889
1966-05-17;4.2269897;-1.279541;-0.45473227;752.0184;1.0906571;170.77971;87.06665;0.071718216;442.1875;160.44109;1.2122631;-0.92209506;9.422302;21.480202;12.0579;21.382597;0.0;4153.173;7587.5244;-1384.3955;6095.4243;-668.7844;-325.12445
1966-05-18;6.59433;0.23985799;-1.0712255;753.7775;1.0387942;104.739655;84.51847;0.049130797;442.1875;110.39225;0.0004351138;-0.72008187;10.339946;23.941547;13.601594;23.625381;0.0;4455.849;8033.007;-1584.425;5907.5244;-502.87668;-254.54333
1966-05-19;8.999043;1.3688864;-1.0089697;754.6492;1.1198416;139.48878;61.866535;0.027551254;442.1875;62.29655;0.6233143;-0.9903554;8.53046;21.94208;13.411626;19.376207;0.0;4716.21;7785.4956;-1559.4164;6178.699;-689.3456;-328.3089
1966-05-20;9.819499;0.6739502;-0.49177042;753.8596;1.266423;111.6074;30.927979;0.013467193;442.1875;30.517578;0.573653;-1.9833035;3.689632;15.963003;12.273364;10.795732;0.0;4979.907;7089.7725;-1451.4366;6611.9688;-1378.9277;-398.83444
1966-05-21;9.415253;-0.22196452;-0.82809573;752.9673;1.2519182;123.56442;13.587891;0.005889058;435.2933;13.427734;0.5193293;-2.7107093;1.7833561;13.1855755;11.402227;5.3920374;0.0;5763.2275;7637.0557;-2005.0422;6177.3633;-1884.5656;-710.0811
1966-05-22;10.3264265;0.02822876;-0.44423676;752.9593;1.269144;120.8198;5.469645;0.002360503;428.53452;5.2490234;0.035683084;-3.302725;0.6825626;10.967776;10.285213;2.417028;0.0;6241.1597;7999.499;-2170.4622;6217.5054;-2294.7932;-810.0022
1966-05-23;10.80428;2.237976;-0.030572256;752.7048;1.1208338;166.03447;1.9817709;0.0008522272;428.09375;1.8310547;1.3231277;-3.1685214;0.49179792;9.68802;9.196222;0.94964355;0.0;5981.9146;7555.7534;-1986.8134;6576.379;-2201.15;-1079.0934
1966-05-24;11.115102;2.578725;-0.051303864;753.19244;1.1017276;243.07353;0.697347;0.0003002882;428.09375;0.81380206;0.64037144;-3.1060054;0.18204749;8.420483;8.238435;0.32280013;0.0;5597.967;7028.6655;-1985.2339;6624.92;-2157.6646;-842.34
1966-05-25;8.953918;-0.47072348;-0.3452352;750.1297;1.6040368;231.77141;0.24812825;0.000106891;428.09375;-7.345365e-21;0.016731024;-3.7164;0.026717782;7.4486585;7.421941;0.112354755;0.0;6537.432;8185.185;-2527.7593;5870.1523;-2581.7556;-1217.669
1966-05-26;7.544108;-1.4509684;-0.652064;749.0551;1.178988;149.47406;0.09440104;4.0888786e-05;428.09375;-7.345365e-21;0.00042617318;-3.5286899;0.008046627;6.7387524;6.7307205;0.04024431;0.0;6557.5293;8196.901;-2545.0503;5762.302;-2451.2888;-1224.5211
1966-05-27;8.328847;-1.3396606;-0.42454782;750.39874;1.264342;139.81969;0.03621419;1.5656153e-05;428.09375;-7.345365e-21;0.07110834;-3.53818;0.0121593475;6.1570554;6.1449037;0.015746802;0.0;6452.5723;8055.3833;-2434.9539;5941.661;-2457.8645;-1172.9567
1966-05-28;9.054718;-0.8242798;-0.21698761;751.79535;1.1549665;136.16536;0.0133463545;5.4041543e-06;428.09375;-7.345365e-21;0.61703324;-3.585916;0.07626414;5.720854;5.6445746;0.0062696636;0.0;6302.0806;7858.4946;-2301.4583;6227.0845;-2491.0178;-1034.37
1966-05-29;10.123281;0.228007;-0.05605316;751.3372;1.210806;141.11716;0.0052083335;1.9470851e-06;428.09375;-7.345365e-21;0.08399275;-3.5185227;0.010043383;5.22396;5.2139015;0.0021867454;0.0;6128.0864;7633.17;-2223.322;6370.901;-2444.2012;-1017.17
1966-05-30;10.710774;1.0195312;-0.0083185835;751.196;1.1324121;82.52919;0.0023600261;6.357829e-07;428.09375;-7.345365e-21;1.0445942;-3.2310839;0.13294816;4.972786;4.839823;0.00075250864;0.0;5745.116;7148.3857;-2165.3684;6481.668;-2244.5266;-938.55334
1966-05-31;11.833272;0.4023641;-0.30486807;749.85986;1.2517377;151.04936;0.00048828125;-7.3453654e-25;410.26822;-7.345365e-21;0.03203719;-3.7529078;0.0034868717;4.5153947;4.5119076;0.0002644956;0.0;6408.1743;7965.039;-2422.5066;6300.128;-2607.02;-943.2833
1966-06-01;12.31486;1.0030518;-2.2655907;751.4248;1.1427389;135.75824;0.0;-7.3453654e-25;291.85483;-7.345365e-21;0.0;-3.7715278;1.4901161e-05;4.221156;4.2211637;8.195639e-05;0.0;6643.4395;8248.742;-2495.1948;6312.263;-2619.9543;-1045.3878
1966-06-02;13.527069;1.1304016;-2.5178096;753.5883;1.0297855;140.72797;0.0;-7.3453654e-25;107.91665;-7.345365e-21;0.005245208;-3.7523024;0.0004917383;3.9627254;3.9622262;2.6077032e-05;0.0;6565.372;8143.203;-2425.5222;6498.529;-2606.5989;-1013.04553
1966-06-03;14.359355;-0.41145834;-0.7297694;754.6308;1.212531;117.9499;0.0;-7.3453654e-25;101.59829;-7.345365e-21;0.019660452;-3.6961734;0.0014901161;3.7318468;3.7303493;0.0;0.0;6379.3604;7904.149;-2457.3267;6512.72;-2567.609;-912.6445
1966-06-04;14.832173;0.04012044;0.010052999;755.0898;1.1467772;104.809326;0.0;-7.3453654e-25;99.99998;-7.345365e-21;0.039058924;-3.792409;0.0031590462;3.524512;3.521353;0.0;0.0;6555.5776;8113.8936;-2510.6233;6607.312;-2634.46;-850.04553
1966-06-05;15.715373;2.0444438;0.010186513;755.4863;1.2385565;85.10725;0.0;-7.3453654e-25;99.99998;-7.345365e-21;0.12483596;-3.5275762;0.008389354;3.3405423;3.3321528;0.0;0.0;6061.7505;7494.74;-2270.8877;6959.4688;-2450.49;-811.88
1966-06-06;17.410553;-0.50289917;0.010005951;756.32;1.1816641;134.84535;0.0;-7.3453654e-25;99.99998;-7.345365e-21;0.0056028366;-3.594568;0.0003874302;3.1605065;3.160119;0.0;0.0;6333.477;7822.582;-2473.4622;6861.5293;-2497.0256;-822.82446
1966-06-07;17.840881;-2.037608;0.010060628;756.65894;1.3094859;152.33928;0.0;-7.3453654e-25;99.99998;-7.345365e-21;0.0;-3.638329;0.0;3.0023754;3.0023754;0.0;0.0;6892.4727;8504.11;-2832.8623;6546.773;-2527.4255;-1026.91
1966-06-08;18.014261;-1.1161194;0.009647369;755.5212;1.2550036;94.193535;0.0;-7.3453654e-25;99.99998;-7.345365e-21;0.0017106523;-3.4518707;0.00013411045;2.857551;2.8574243;0.0;0.0;6922.5454;8532.258;-2972.3372;6492.5923;-2397.899;-1018.1055
1966-06-09;18.336233;-1.32724;0.009916942;753.29144;1.3138987;164.39403;0.0;-7.3453654e-25;99.99998;-7.345365e-21;0.00085234636;-3.244508;7.4505806e-05;2.723947;2.7238874;0.0;0.0;6991.521;8608.247;-3013.2495;6547.7266;-2253.8523;-1139.6611
1966-06-10;16.49649;-4.282267;0.010335286;751.3066;1.6529366;257.69617;0.0;-7.3453654e-25;99.99998;-7.345365e-21;0.0012814989;-2.7626586;8.940697e-05;2.600789;2.6006997;0.0;0.0;7041.592;8660.849;-3197.7756;6161.028;-1919.1267;-1635.3633
1966-06-11;14.351379;-4.3807273;0.009971619;750.08136;1.366005;258.60025;0.0;-7.3453654e-25;99.99998;-7.345365e-21;0.0;-2.4098911;0.0;2.4867356;2.4867282;0.0;0.0;6971.6533;8565.846;-3108.4294;6118.9487;-1674.0712;-1882.7078
1966-06-12;14.038574;-4.8794045;0.0099983215;747.33966;1.8201747;236.50737;0.0;-7.3453654e-25;99.99998;-7.345365e-21;0.004673004;-2.154272;0.0003427267;2.3814142;2.381064;0.0;0.0;6804.5967;8351.885;-2928.1262;6252.3223;-1496.5022;-2059.4
1966-06-13;13.079376;-3.3663433;0.010125478;746.00684;1.9741277;208.81903;0.0;-7.3453654e-25;99.99998;-7.345365e-21;0.36233068;-1.8762369;0.024855137;2.30816;2.2833347;0.0;0.0;6425.382;7878.1934;-2731.7017;6330.939;-1303.3589;-2162.7
1966-06-14;10.873779;-4.697001;0.010210673;746.9109;1.5218568;187.60461;0.0;-7.3453654e-25;99.99998;-7.345365e-21;0.0008642673;-1.9227527;5.9604645e-05;2.1923482;2.1922886;0.0;0.0;7002.5093;8576.86;-3129.412;5817.292;-1335.6722;-2413.4377
1966-06-15;11.395274;-5.871877;0.009876251;748.72675;1.3918623;202.22139;0.0;-7.3453654e-25;99.99998;-7.345365e-21;0.0008489432;-1.905024;5.9604645e-05;2.1069646;2.1069124;0.0;0.0;7050.757;8626.976;-3240.6206;5756.352;-1323.3567;-2197.0889
1966-06-16;12.179271;-6.0286155;0.009933472;751.0319;1.3560477;129.33128;0.0;-7.3453654e-25;99.99998;-7.345365e-21;0.0025820173;-1.9135494;0.00016391277;2.0269156;2.0267515;0.0;0.0;7061.3765;8638.848;-3240.9595;5907.28;-1329.2789;-2072.23
1966-06-17;13.414531;-3.8855488;0.009871165;750.9512;1.2191151;110.39752;0.0;-7.3453654e-25;99.99998;-7.345365e-21;0.0021487467;-1.8864255;0.00014156103;1.951471;1.9513295;0.0;0.0;6962.8877;8517.236;-3138.1284;6217.697;-1310.4377;-2038.0677
1966-06-18;14.223369;-4.0180764;0.010050456;749.16724;1.2727007;154.16438;0.0;-7.3453654e-25;99.99998;-7.345365e-21;0.032636523;-1.7973334;0.0016391277;1.8820018;1.8803626;0.0;0.0;6860.832;8391.28;-3080.2478;6349.773;-1248.5477;-2082.46
1966-06-19;14.128734;-4.042328;0.0100911455;748.5135;1.7791017;167.93944;0.0;-7.3453654e-25;99.99998;-7.345365e-21;0.0011503696;-1.6471651;7.4505806e-05;1.8137544;1.8136873;0.0;0.0;6865.51;8395.945;-3055.5557;6330.4766;-1144.23;-2318.34
1966-06-20;14.376984;-2.211314;0.010028839;748.2747;1.3048161;229.17567;0.0;-7.3453654e-25;99.99998;-7.345365e-21;0.0;-1.6141664;0.0;1.7508119;1.7508044;0.0;0.0;6969.9277;8522.565;-3133.1006;6307.6577;-1121.3077;-2312.5679
1966-06-21;13.763865;-1.6271973;0.009681702;748.4265;1.3567365;128.63228;0.0;-7.3453654e-25;99.99998;-7.345365e-21;0.0059098;-1.5553106;0.00035762787;1.6917437;1.6913786;0.0;0.0;6823.343;8342.128;-3095.95;6358.0166;-1080.4222;-2293.72
1966-06-22;13.894257;-1.4942932;0.00965627;749.159;1.320311;134.92583;0.0;-7.3453654e-25;99.99998;-7.345365e-21;0.001280182;-1.5615635;8.940697e-05;1.6352236;1.6351491;0.0;0.0;6921.386;8460.944;-3140.8833;6368.859;-1084.7667;-2264.422
1966-06-23;15.625458;-2.4438171;0.009979248;749.844;1.3068813;124.61155;0.0;-7.3453654e-25;99.99998;-7.345365e-21;0.0;-1.6072756;0.0;1.5817136;1.5817211;0.0;0.0;7004.621;8561.628;-3264.976;6406.952;-1116.5211;-2157.0178
1966-06-24;16.169577;-3.6336873;0.009955089;749.31006;1.449571;134.28458;0.0;-7.3453654e-25;99.99998;-7.345365e-21;0.00086128706;-1.5313811;5.9604645e-05;1.5310943;1.5310571;0.0;0.0;6871.9595;8398.365;-3194.8728;6490.169;-1063.8;-2168.9866
1966-06-25;15.040955;-1.651062;0.009671529;748.15063;1.4906244;127.81469;0.0;-7.3453654e-25;99.99998;-7.345365e-21;0.06754398;-1.3615861;0.004053116;1.4871955;1.4831424;0.0;0.0;6529.711;7978.989;-2988.234;6599.7046;-945.8478;-2263.8933
1966-06-26;14.460175;1.4957174;0.010023753;747.51025;1.3795013;103.723335;0.0;-7.3453654e-25;99.99998;-7.345365e-21;0.41331658;-1.4517838;0.024333596;1.4620572;1.4377236;0.0;0.0;6641.9517;8115.0254;-2926.6423;6707.36;-1008.50555;-2312.9543
1966-06-27;15.345439;1.2611593;0.009915669;747.9226;1.2451968;113.52595;0.0;-7.3453654e-25;99.99998;-7.345365e-21;0.13268888;-1.5314221;0.007726252;1.4021844;1.394458;0.0;0.0;6653.951;8128.7534;-2933.2656;6775.6523;-1063.8278;-2246.07
1966-06-28;15.815175;-1.599762;0.010158539;748.8737;1.4848772;147.78532;0.0;-7.3453654e-25;99.99998;-7.345365e-21;0.00044107434;-1.4978237;2.9802322e-05;1.3531446;1.3531222;0.0;0.0;6898.39;8426.31;-3159.841;6541.9854;-1040.4878;-2358.729
1966-06-29;16.066488;-4.1900535;0.009995778;748.7803;1.4178615;143.4276;0.0;-7.3453654e-25;99.99998;-7.345365e-21;0.0017248658;-1.425745;0.00010430813;1.3137311;1.3136417;0.0;0.0;7089.024;8658.088;-3391.0718;6323.134;-990.4167;-2326.7322
1966-06-30;14.734569;2.350647;0.009941101;750.0508;1.4397057;41.55345;0.0;-7.3453654e-25;99.99998;-7.345365e-21;0.32708576;-1.1431277;0.017672777;1.2941062;1.2764335;0.0;0.0;5664.115;6916.5967;-2610.2761;6961.2944;-794.0922;-1924.2012
1966-07-01;17.09967;2.8211873;0.010041554;750.70856;1.8066454;47.085102;0.0;-7.3453654e-25;99.99998;-7.345365e-21;0.0017173615;-1.4202353;0.00010430813;1.2408942;1.2407973;0.0;0.0;6892.54;8415.959;-3142.03;6760.0054;-986.59;-2267.82
1966-07-02;18.840048;-1.9165751;0.009886424;749.8975;1.4032264;88.1836;0.0;-7.3453654e-25;99.99998;-7.345365e-21;0.00085799414;-1.4520837;4.4703484e-05;1.2063086;1.2062639;0.0;0.0;6967.7407;8506.702;-3354.8738;6729.19;-1008.7133;-2044.1711
1966-07-03;19.414164;-3.500061;0.009887695;750.0196;1.4433908;118.91219;0.0;-7.3453654e-25;99.99998;-7.345365e-21;0.002136234;-1.379774;0.00011920929;1.1733174;1.1731908;0.0;0.0;7015.2637;8563.589;-3401.7756;6712.007;-958.4828;-2197.1467
1966-07-04;18.31716;-4.0925803;0.009807587;748.0854;1.5906397;200.5749;0.0;-7.3453654e-25;99.99998;-7.345365e-21;0.00044107434;-1.2425352;2.9802322e-05;1.1416674;1.141645;0.0;0.0;7051.34;8606.526;-3417.8179;6530.3584;-863.14667;-2456.578
1966-07-05;14.567403;-4.582733;0.00987498;746.07733;1.635729;191.71887;0.0;-7.3453654e-25;99.99998;-7.345365e-21;0.0008523463;-1.0924274;4.4703484e-05;1.111567;1.1115372;0.0;0.0;7105.098;8671.028;-3373.479;6205.5757;-758.8722;-2828.25
1966-07-06;12.334564;-0.10738119;0.010154724;748.23;1.1412624;138.44597;0.0;-7.3453654e-25;99.99998;-7.345365e-21;0.87732375;-1.0416974;0.04811585;1.131311;1.0832026;0.0;0.0;5496.3936;6706.791;-2571.919;6764.9087;-723.6322;-2096.389
1966-07-07;12.368794;1.9114685;0.009819031;751.8099;1.5977916;39.282917;0.0;-7.3453654e-25;99.99998;-7.345365e-21;0.7100344;-1.239663;0.039085746;1.09528;1.0562092;0.0;0.0;6017.4517;7341.63;-2634.2227;6748.453;-861.1522;-2378.3667
1966-07-08;14.551106;-0.6043193;0.010092418;752.4659;1.8062105;41.092915;0.0;-7.3453654e-25;99.99998;-7.345365e-21;0.0017183257;-1.5082881;0.00010430813;1.030013;1.0299087;0.0;0.0;7023.6973;8568.348;-3268.4114;6276.162;-1047.7567;-2372.4812
1966-07-09;16.584799;-1.4840902;0.009821574;752.221;1.2387384;81.334;0.0;-7.3453654e-25;99.99998;-7.345365e-21;0.00086426723;-1.3817278;4.4703484e-05;1.0043383;1.0042936;0.0;0.0;7028.376;8572.961;-3358.5205;6479.5376;-959.84;-2186.18
1966-07-10;17.824453;0.65042114;0.010087331;753.99615;1.1107556;88.436584;0.0;-7.3453654e-25;99.99998;-7.345365e-21;0.04168749;-1.1721458;0.0020861626;0.9817183;0.97964704;0.0;0.0;6269.0903;7645.819;-2833.2234;7222.1025;-814.2511;-2046.1823
1966-07-11;18.589243;0.3535665;0.009919484;754.5916;1.2578458;72.443016;0.0;-7.3453654e-25;99.99998;-7.345365e-21;0.0076901224;-1.0532011;0.00032782555;0.95644593;0.9561032;0.0;0.0;5649.6377;6889.487;-2684.7383;7396.32;-731.62335;-1836.6167
1966-07-12;19.683502;0.7985738;0.009882609;753.2413;0.93592566;95.130646;0.0;-7.3453654e-25;99.99998;-7.345365e-21;0.001595687;-1.0030382;8.940697e-05;0.93361735;0.93354285;0.0;0.0;5256.0327;6408.604;-2596.175;7600.5156;-696.7778;-1492.0078
1966-07-13;20.46164;2.2563984;0.009911855;752.17194;1.2169172;67.24426;0.0;-7.3453654e-25;99.99998;-7.345365e-21;0.0013230446;-1.0883845;5.9604645e-05;0.91177225;0.91169775;0.0;0.0;5951.8237;7256.05;-2797.5247;7556.9106;-756.06445;-1888.5278
1966-07-14;20.584238;1.7352091;0.009984334;750.88116;1.4436164;101.27637;0.0;-7.3453654e-25;99.99998;-7.345365e-21;0.0021219011;-1.1312664;0.00011920929;0.8905828;0.8904636;0.0;0.0;6531.9917;7962.331;-3128.5771;7247.4565;-785.85333;-2166.9155
1966-07-15;19.7772;0.3900045;0.009937286;748.98334;1.571123;142.56474;0.0;-7.3453654e-25;99.99998;-7.345365e-21;0.00213117;-1.1048261;0.00011920929;0.8700192;0.86990744;0.0;0.0;6853.9443;8353.692;-3320.0657;6942.6157;-767.48553;-2452.4888
1966-07-16;16.201752;2.2121174;0.01009496;746.6299;1.0788769;223.88005;0.0;-7.3453654e-25;99.99998;-7.345365e-21;0.85380864;-1.0037469;0.04518032;0.8955598;0.850372;0.0;0.0;5606.3735;6831.6343;-2598.834;7229.576;-697.27;-2112.67
1966-07-17;15.242778;6.214956;0.009915669;747.2583;0.8832415;88.3881;0.0;-7.3453654e-25;99.99998;-7.345365e-21;2.4168818;-1.2913383;0.14479458;0.9768158;0.83202124;0.0;0.0;4654.8115;5670.7817;-2052.2063;7606.662;-897.0489;-1588.5667
1966-07-18;16.55542;5.537008;0.010157268;749.61694;1.1126301;87.57897;0.0;-7.3453654e-25;99.99998;-7.345365e-21;0.1925798;-1.7215126;0.009834766;0.8241385;0.81430376;0.0;0.0;5317.024;6476.1357;-2224.2566;7582.8213;-1195.8772;-1613.5233
1966-07-19;16.29898;7.4811707;0.010007222;750.20966;0.98305744;63.55721;0.0;-7.3453654e-25;99.99998;-7.345365e-21;0.7504365;-1.40878;0.037387013;0.8343905;0.7969886;0.0;0.0;5041.011;6138.7134;-2219.859;7627.953;-978.63336;-1587.7012
1966-07-20;16.482727;5.870056;0.009985606;749.35004;0.93975115;71.17054;0.0;-7.3453654e-25;99.99998;-7.345365e-21;0.48226118;-1.4444646;0.024080276;0.8044839;0.78041106;0.0;0.0;5161.84;6284.3687;-2336.8;7480.8564;-1003.4211;-1575.4567
1966-07-21;16.877808;4.747915;0.010065715;748.78546;1.3223633;69.52121;0.0;-7.3453654e-25;99.99998;-7.345365e-21;0.13473332;-1.3164878;0.0062286854;0.77043474;0.76422095;0.0;0.0;5515.6323;6713.6035;-2466.5266;7422.148;-914.52;-1873.7778
1966-07-22;17.410858;3.6509705;0.010028839;749.5342;1.350101;66.19976;0.0;-7.3453654e-25;99.99998;-7.345365e-21;0.083601125;-1.1416748;0.004068017;0.75250864;0.7484406;0.0;0.0;5856.983;7127.418;-2715.8452;7254.7793;-793.0833;-1992.2089
1966-07-23;17.800802;3.991618;0.009938558;749.5989;1.0518268;86.92328;0.0;-7.3453654e-25;99.99998;-7.345365e-21;0.43145716;-1.1403971;0.021956861;0.75508654;0.73313713;0.0;0.0;5703.9907;6939.7114;-2607.3306;7421.7295;-792.19666;-1966.4545
1966-07-24;19.831472;0.70517987;0.0096537275;748.6807;1.3540368;103.558075;0.0;-7.3453654e-25;99.99998;-7.345365e-21;0.00044107434;-1.232475;2.9802322e-05;0.71819127;0.71817636;0.0;0.0;6470.759;7870.834;-3042.9072;7206.1235;-856.1589;-2106.64
1966-07-25;20.24468;2.075114;0.009883881;748.95996;1.3667088;110.010956;0.0;-7.3453654e-25;99.99998;-7.345365e-21;0.0012921101;-1.1120849;5.9604645e-05;0.7035732;0.7034987;0.0;0.0;6733.035;8187.9365;-3168.4634;7216.943;-772.5278;-2347.5422
1966-07-26;21.231619;3.067088;0.009488423;749.34357;1.3054723;99.399445;0.0;-7.3453654e-25;99.99998;-7.345365e-21;0.00043511385;-1.0762364;2.9802322e-05;0.6892681;0.6892532;0.0;0.0;6712.749;8161.541;-3183.9548;7340.372;-747.62555;-2232.5522
1966-07-27;23.301392;3.5475056;0.010111491;748.97406;1.5064942;85.76775;0.0;-7.3453654e-25;99.99998;-7.345365e-21;0.0;-1.0420717;0.0;0.67543983;0.67543983;0.0;0.0;6311.21;7671.6016;-2953.4617;7797.0454;-723.8933;-2067.98
1966-07-28;22.779215;1.9686279;0.010042827;749.7138;1.4652818;113.9811;0.0;-7.3453654e-25;99.99998;-7.345365e-21;0.00043511385;-1.0068696;2.9802322e-05;0.6621182;0.6620884;0.0;0.0;6398.1377;7775.5522;-3120.1025;7532.8013;-699.4389;-2156.8467
1966-07-29;21.944366;1.626597;0.009876251;750.9128;1.3845143;116.875786;0.0;-7.3453654e-25;100.00259;-7.345365e-21;0.0008702277;-0.91608053;5.9604645e-05;0.649184;0.6491542;0.0;0.0;5875.3584;7138.621;-2896.1772;7657.1343;-636.37;-1985.01
1966-07-30;21.950735;0.96103925;0.010238647;751.37775;1.3164867;63.677647;0.0;-7.3453654e-25;99.99998;-7.345365e-21;0.00087022776;-0.9171963;5.9604645e-05;0.6366968;0.6366521;0.0;0.0;5841.6323;7096.186;-2849.9077;7747.399;-637.14557;-1962.8878
1966-07-31;21.894867;-1.4216003;0.009967804;750.0964;1.293038;91.08564;0.0;-7.3453654e-25;99.99998;-7.345365e-21;0.0012904402;-0.97601485;5.9604645e-05;0.62450767;0.62443316;0.0;0.0;6548.864;7953.4634;-3259.8105;7383.5083;-678.00446;-2176.1755
1966-08-01;21.483957;-1.9521179;0.009844462;749.39703;1.3015084;99.58761;0.0;-7.3453654e-25;99.99998;-7.345365e-21;0.0030010934;-0.826885;0.00014901161;0.61275065;0.61261654;0.0;0.0;5605.836;6806.654;-2869.9072;7581.2935;-574.4094;-1881.7234
1966-08-02;21.050821;-0.1479594;0.009961446;749.44794;1.4327477;143.57124;0.0;-7.3453654e-25;99.99998;-7.345365e-21;0.0012845076;-0.9038579;7.4505806e-05;0.60123205;0.60117245;0.0;0.0;6577.112;7984.067;-3280.1516;7180.8413;-627.88;-2364.7578
1966-08-03;19.818472;0.37347412;0.010171254;749.0329;1.5405489;155.95157;0.0;-7.3453654e-25;99.99998;-7.345365e-21;0.0012803739;-0.8370317;5.9604645e-05;0.5900562;0.5899817;0.0;0.0;6677.9663;8104.6533;-3303.8328;6979.3643;-581.45776;-2609.6978
1966-08-04;17.772888;-1.4351807;0.010375977;747.53485;1.2491816;191.38446;0.0;-7.3453654e-25;99.99998;-7.345365e-21;0.0008592378;-0.8204151;4.4703484e-05;0.57916343;0.5791262;0.0;0.0;6729.0015;8164.937;-3466.5618;6605.0864;-569.9155;-2541.662
1966-08-05;14.815562;5.0134377;0.009936015;748.1517;1.2531589;49.766876;0.0;-7.3453654e-25;99.99998;-7.345365e-21;5.0133185;-0.89851207;0.31852722;0.88725984;0.5687326;0.0;0.0;5070.6357;6151.171;-2430.5505;7322.3774;-624.1667;-2006.8556
1966-08-06;16.167694;5.483256;0.009821574;750.1829;1.6646365;43.461258;0.0;-7.3453654e-25;99.99998;-7.345365e-21;0.00047981727;-2.2884953;2.9802322e-05;0.55876374;0.55874884;0.0;0.0;6266.0024;7599.634;-2715.4126;6949.5527;-1589.7411;-1888.5266
1966-08-07;18.736572;3.4930725;0.009919484;751.22723;1.2424208;77.23373;0.0;-7.3453654e-25;99.99998;-7.345365e-21;0.00042617318;-2.068135;2.9802322e-05;0.54883957;0.5488172;0.0;0.0;6426.565;7792.7954;-2895.4282;7102.711;-1436.6644;-1757.2711
1966-08-08;18.55721;4.7106833;0.010056813;751.7598;1.0869691;73.032814;0.0;-7.3453654e-25;100.00259;-7.345365e-21;0.12400746;-1.4356375;0.005826354;0.54499507;0.5391687;0.0;0.0;5751.2476;6972.3413;-2626.3918;7433.0415;-997.29;-1838.7977
1966-08-09;19.593872;2.0912476;0.0099436445;751.365;1.4828731;105.68218;0.0;-7.3453654e-25;99.99998;-7.345365e-21;0.0035662116;-1.2068655;0.00014901161;0.52993;0.529781;0.0;0.0;6297.8887;7633.2563;-3121.005;7055.3804;-838.3689;-2050.619
1966-08-10;19.307291;2.784129;0.010135651;751.0446;1.3327764;108.2533;0.0;-7.3453654e-25;99.99998;-7.345365e-21;0.2941548;-1.005169;0.014513731;0.5351156;0.5206093;0.0;0.0;6242.6016;7564.5854;-3053.207;7139.5366;-698.2589;-2187.7979
1966-08-11;19.16564;1.6937662;0.009667714;750.79474;1.308387;110.31303;0.0;-7.3453654e-25;100.00519;-7.345365e-21;0.00048577783;-0.97269005;1.4901161e-05;0.511691;0.5116761;0.0;0.0;6195.3257;7505.5723;-3094.6218;7091.9956;-675.69556;-2199.2634
1966-08-12;18.807962;-0.6555481;0.010039012;751.7802;1.4064217;141.73248;0.0;-7.3453654e-25;99.99998;-7.345365e-21;0.00085930777;-0.8582193;4.4703484e-05;0.5029887;0.502944;0.0;0.0;6519.7354;7896.8237;-3350.9146;6766.4565;-596.1767;-2352.8677
1966-08-13;19.028982;-4.407908;0.010450999;752.0671;1.2602164;136.26991;0.0;-7.3453654e-25;99.99998;-7.345365e-21;0.0017057237;-0.82796067;8.940697e-05;0.49453974;0.49445033;0.0;0.0;6598.7393;7990.814;-3608.3118;6509.1313;-575.1567;-2174.7278
1966-08-14;19.371643;-4.7029214;0.009880066;751.7391;1.3136119;96.81718;0.0;-7.3453654e-25;99.99998;-7.345365e-21;0.0008553266;-0.8198768;4.4703484e-05;0.48621;0.4861653;0.0;0.0;6539.0737;7916.796;-3497.2605;6697.5854;-569.54114;-2120.8323
1966-08-15;20.228882;2.0166016;0.009840648;752.2542;1.5137343;88.28025;0.0;-7.3453654e-25;99.99998;-7.345365e-21;0.0008523463;-0.78679436;4.4703484e-05;0.47810376;0.47805905;0.0;0.0;6350.9917;7687.3955;-3210.9058;7115.376;-546.5589;-2217.3677
1966-08-16;20.0384;0.79503375;0.009777069;752.7581;1.4643131;101.115425;0.0;-7.3453654e-25;99.99998;-7.345365e-21;0.0;-0.7693907;0.0;0.47017634;0.47017634;0.0;0.0;6362.747;7700.7085;-3339.8577;6920.4614;-534.4706;-2267.1467
1966-08-17;19.488098;-3.1158142;0.01024882;753.60443;1.2640468;175.30066;0.0;-7.3453654e-25;99.99998;-7.345365e-21;0.0008583069;-0.7530218;4.4703484e-05;0.46254694;0.46250224;0.0;0.0;6508.3433;7875.916;-3591.4153;6572.079;-523.1;-2195.7344
1966-08-18;19.42273;-1.3988749;0.009796143;753.6748;1.2858132;193.47401;0.0;-7.3453654e-25;99.99998;-7.345365e-21;0.0025689588;-0.7441407;0.00011920929;0.45517087;0.45503676;0.0;0.0;6383.09;7723.4614;-3357.8406;6838.8916;-516.93;-2155.17
1966-08-19;19.554932;-0.71150714;0.009863536;752.0429;1.253391;115.00762;0.0;-7.3453654e-25;99.99998;-7.345365e-21;0.00053048134;-0.7237159;1.4901161e-05;0.4477501;0.4477501;0.0;0.0;6013.9453;7275.8555;-3141.2056;7113.3643;-502.74112;-2097.6145
1966-08-20;19.1928;-2.4334106;0.010209401;750.75006;1.4088088;134.19572;0.0;-7.3453654e-25;99.99998;-7.345365e-21;0.0;-0.7108394;0.0;0.44062734;0.44062734;0.0;0.0;6236.045;7543.6494;-3300.4211;6855.3813;-493.79666;-2256.3066
1966-08-21;18.155325;-2.4639485;0.009909312;750.988;1.4741338;127.23643;0.0;-7.3453654e-25;99.99998;-7.345365e-21;0.00044180735;-0.672848;2.9802322e-05;0.4337132;0.4337132;0.0;0.0;6287.879;7605.4165;-3302.7637;6686.0713;-467.40445;-2383.9778
1966-08-22;18.01413;-1.4808146;0.0097134905;751.4157;1.6010014;125.59638;0.0;-7.3453654e-25;99.99998;-7.345365e-21;0.0017225739;-0.6349292;8.940697e-05;0.42706728;0.42699277;0.0;0.0;6201.1616;7499.745;-3161.15;6769.487;-441.06445;-2440.939
1966-08-23;17.99418;0.2735087;0.009929657;750.17;1.2345365;113.83597;0.0;-7.3453654e-25;99.99998;-7.345365e-21;0.00085234636;-0.6469749;2.9802322e-05;0.42048097;0.42042136;0.0;0.0;5788.483;6999.7974;-2946.2576;7099.28;-449.43112;-2072.5522
1966-08-24;18.298971;-0.3337504;0.010234833;749.4419;1.1280527;114.87637;0.0;-7.3453654e-25;99.99998;-7.345365e-21;0.0038325784;-0.57865214;0.00017881393;0.41425228;0.41406602;0.0;0.0;4878.7207;5898.956;-2709.5242;7306.4307;-401.97;-1657.7689
1966-08-25;18.312775;-2.1417542;0.009950002;749.70966;1.3216416;146.70367;0.0;-7.3453654e-25;99.99998;-7.345365e-21;0.0013936331;-0.64370686;4.4703484e-05;0.4079342;0.40785968;0.0;0.0;5839.4956;7059.726;-3154.6128;6834.122;-447.16223;-2065.3088
1966-08-26;17.790009;-5.0324097;0.0098775225;749.73926;1.4058347;135.47874;0.0;-7.3453654e-25;99.99998;-7.345365e-21;0.0008463859;-0.63969195;2.9802322e-05;0.4017949;0.4017651;0.0;0.0;6159.3613;7445.546;-3388.4866;6516.2134;-444.37222;-2189.2744
1966-08-27;16.782766;-2.6525776;0.009886424;750.18536;1.2558491;118.595924;0.0;-7.3453654e-25;99.99998;-7.345365e-21;0.20278692;-0.6478513;0.009760261;0.4055649;0.39581954;0.0;0.0;5627.053;6801.3364;-2988.6858;6841.431;-450.04056;-2045.8445
1966-08-28;17.229279;-3.512736;0.00993983;749.99176;1.3722004;181.77814;0.0;-7.3453654e-25;99.99998;-7.345365e-21;0.00042994684;-0.6762836;1.4901161e-05;0.3900528;0.39003044;0.0;0.0;5859.563;7081.438;-3184.476;6631.919;-469.79224;-2084.2456
1966-08-29;17.528646;-5.189962;0.009941101;750.40967;1.4246799;237.06166;0.0;-7.3453654e-25;99.99998;-7.345365e-21;0.0;-0.6233864;0.0;0.38439035;0.38437545;0.0;0.0;6003.0728;7254.081;-3301.8586;6477.6963;-433.04556;-2137.3723
1966-08-30;17.612997;-4.7526145;0.00974528;751.2136;1.3766934;237.80098;0.0;-7.3453654e-25;99.99998;-7.345365e-21;0.0008583069;-0.5994793;2.9802322e-05;0.37887692;0.37883967;0.0;0.0;5965.6787;7208.036;-3238.6836;6552.4365;-416.43777;-2142.801
1966-08-31;17.27241;-3.808431;0.009805043;751.3669;1.3037516;137.44441;0.0;-7.3453654e-25;99.99998;-7.345365e-21;0.0021243277;-0.57958436;0.00010430813;0.3735423;0.3734231;0.0;0.0;5624.953;6795.5435;-3086.9067;6703.977;-402.6189;-1995.711
1966-09-01;15.893962;1.8319397;0.010182698;752.37225;1.3514682;79.7817;0.0;-7.3453654e-25;99.99998;-7.345365e-21;0.0019600338;-0.5688043;8.940697e-05;0.3682226;0.3681481;0.0;0.0;5655.2583;6831.1025;-2940.5781;6828.3306;-395.13;-2157.3655
1966-09-02;16.40864;2.296814;0.009708405;753.5847;1.424736;68.05031;0.0;-7.3453654e-25;99.99998;-7.345365e-21;0.0012981155;-0.5843509;5.9604645e-05;0.3629923;0.36293268;0.0;0.0;5817.0977;7025.9404;-3222.6243;6556.142;-405.9289;-2047.1466
1966-09-03;17.161905;0.6050822;0.0099817915;753.5562;1.4636151;96.09324;0.0;-7.3453654e-25;99.99998;-7.345365e-21;0.0;-0.58822334;0.0;0.35783648;0.35784394;0.0;0.0;5751.5557;6945.9624;-3145.4158;6680.492;-408.6189;-1971.6956
1966-09-04;18.051514;-0.112213135;0.00983429;753.4278;1.5105151;97.21142;0.0;-7.3453654e-25;99.99998;-7.345365e-21;0.00043511385;-0.5650092;1.4901161e-05;0.3529042;0.3528893;0.0;0.0;5502.109;6643.9263;-3007.1172;6864.4995;-392.49335;-1915.2944
1966-09-05;17.67219;-3.305318;0.010120392;752.5092;1.5661491;141.48814;0.0;-7.3453654e-25;99.99998;-7.345365e-21;0.0012817546;-0.556238;5.9604645e-05;0.34810603;0.34805387;0.0;0.0;5635.5312;6804.1934;-3147.7334;6624.64;-386.4;-2025.6622
1966-09-06;17.332602;-5.923279;0.009990692;752.4118;1.2828267;264.155;0.0;-7.3453654e-25;99.99998;-7.345365e-21;0.0;-0.5617645;0.0;0.34330785;0.34332275;0.0;0.0;5743.4717;6933.65;-3306.0105;6400.072;-390.2378;-1923.0167
1966-09-07;16.85082;-2.0889893;0.01009496;752.2353;1.3678083;200.66223;0.0;-7.3453654e-25;99.99998;-7.345365e-21;0.029498339;-0.48010516;0.0014901161;0.3402233;0.3387332;0.0;0.0;4985.487;6017.916;-2737.344;6838.6865;-333.51334;-1826.3445
1966-09-08;16.259176;-10.040431;0.009947459;750.3962;1.3746802;212.63849;0.0;-7.3453654e-25;99.99998;-7.345365e-21;0.00042003125;-0.52460843;1.4901161e-05;0.33427775;0.33424795;0.0;0.0;5699.8306;6879.3765;-3453.944;5969.6597;-364.42776;-2032.5533
1966-09-09;16.182474;-7.2362075;0.009919484;751.96063;1.2119225;183.76146;0.0;-7.3453654e-25;99.99998;-7.345365e-21;0.4315108;-0.6085318;0.020518899;0.3503859;0.32987446;0.0;0.0;5457.218;6585.8145;-3108.6042;6334.6035;-422.72665;-1701.6322
1966-09-10;15.415466;-3.7095745;0.009957631;750.11005;1.9896778;191.6166;0.0;-7.3453654e-25;99.99998;-7.345365e-21;0.5521181;-0.7009003;0.02630055;0.35195053;0.32564253;0.0;0.0;4885.9126;5895.6646;-2602.8535;6773.6255;-486.8922;-1830.5889
1966-09-11;11.3880205;-0.5;0.010157268;750.26166;0.99359965;156.51646;0.0;-7.3453654e-25;99.99998;-7.345365e-21;1.3433844;-0.7900102;0.07002801;0.39158762;0.32156706;0.0;0.0;5013.645;6049.0483;-2665.8938;6386.0713;-548.79333;-1971.8955
1966-09-12;11.52946;-0.4018046;0.010055542;750.78864;1.1841775;91.43029;0.0;-7.3453654e-25;99.99998;-7.345365e-21;0.12416541;-0.90394545;0.0057071447;0.3232807;0.3175661;0.0;0.0;4812.097;5805.033;-2474.969;6608.044;-627.94;-1710.0634
1966-09-13;10.125488;2.6579895;0.009844462;749.36523;1.2595274;103.578514;0.0;-7.3453654e-25;99.99998;-7.345365e-21;1.7624558;-0.83882266;0.093758106;0.40741265;0.31365454;0.0;0.0;4164.7246;5023.3027;-2093.049;6859.7856;-582.7022;-1626.6167
1966-09-14;10.052571;0.78116864;0.010060628;751.4273;1.3826061;99.58808;0.0;-7.3453654e-25;99.99998;-7.345365e-21;0.29809344;-1.0624323;0.013113022;0.32296777;0.30988455;0.0;0.0;4514.3994;5444.3345;-2159.4482;6739.863;-738.0356;-1688.4845
1966-09-15;9.964671;1.3991699;0.010241191;754.50806;1.2191767;99.150734;0.0;-7.3453654e-25;99.99998;-7.345365e-21;0.20964742;-0.8800104;0.00949204;0.3156215;0.3061369;0.0;0.0;4500.0083;5426.544;-2357.696;6500.5376;-611.31335;-1645.6211
1966-09-16;11.879964;-2.0323079;0.009857178;755.4477;0.95484394;91.66605;0.0;-7.3453654e-25;99.99998;-7.345365e-21;0.0;-0.93842113;0.0;0.30240417;0.30240417;0.0;0.0;5183.094;6244.9775;-2840.2175;6246.625;-651.89;-1580.7655
1966-09-17;11.797984;-2.2109272;0.010252635;753.8166;1.180092;107.74579;0.0;-7.3453654e-25;99.99998;-7.345365e-21;0.2683699;-0.7158425;0.012680888;0.31141937;0.29873103;0.0;0.0;4490.955;5406.349;-2583.258;6458.323;-497.27222;-1387.0266
1966-09-18;11.991852;-1.0691019;0.009985606;753.3985;1.0285293;92.35947;0.0;-7.3453654e-25;99.99998;-7.345365e-21;0.28021136;-0.7069912;0.013262033;0.30842423;0.2951622;0.0;0.0;4581.293;5510.2866;-2485.2415;6640.922;-491.12332;-1485.8567
1966-09-19;12.937134;-3.3667603;0.0100695295;753.4499;1.1814786;110.01135;0.0;-7.3453654e-25;99.99998;-7.345365e-21;0.03222823;-0.6907163;0.0014454126;0.29307604;0.29162318;0.0;0.0;4827.278;5801.0547;-2784.4617;6359.2456;-479.81778;-1544.4822
1966-09-20;11.9166765;-1.3314718;0.009759267;753.81744;1.1913878;213.51222;0.0;-7.3453654e-25;99.99998;-7.345365e-21;1.8074512;-0.6445497;0.105306506;0.3935024;0.28820336;0.0;0.0;4330.258;5199.3184;-2319.8638;6676.177;-447.74667;-1499.5934
1966-09-21;11.600902;-0.71450806;0.010185242;754.039;1.1872724;88.48176;0.0;-7.3453654e-25;99.99998;-7.345365e-21;1.1642456;-1.0332968;0.060498714;0.34540892;0.2849102;0.0;0.0;4080.7583;4895.44;-2265.3997;6647.523;-717.7967;-1210.4255
1966-09-22;11.589844;-0.029724121;0.010383606;753.0313;1.4692259;117.02935;0.0;-7.3453654e-25;99.99998;-7.345365e-21;0.09343028;-1.0159788;0.004529953;0.2861917;0.28166175;0.0;0.0;4541.4443;5443.3877;-2301.6982;6626.4;-705.76666;-1499.0411
1966-09-23;10.746602;1.2884012;0.010079701;752.4567;1.5231899;248.2682;0.0;-7.3453654e-25;99.99998;-7.345365e-21;0.81738687;-0.8193776;0.038683414;0.31718612;0.2784878;0.0;0.0;4054.8562;4855.919;-1944.0673;6887.495;-569.19446;-1567.9039
1966-09-24;8.781322;2.4203594;0.00999705;751.8951;1.5406612;213.48137;0.0;-7.3453654e-25;99.99998;-7.345365e-21;0.65135956;-0.8600503;0.030234456;0.30568242;0.27544796;0.0;0.0;3959.8684;4738.1304;-2003.703;6619.669;-597.4489;-1535.7302
1966-09-25;7.889547;2.3520405;0.009690602;751.69696;1.1865543;210.73297;0.0;-7.3453654e-25;99.99998;-7.345365e-21;1.5303674;-0.9189453;0.0718683;0.34434348;0.27247518;0.0;0.0;3988.2417;4767.91;-1964.4131;6608.3228;-638.3611;-1595.5122
1966-09-26;7.949127;1.6490479;0.010060628;751.81305;1.1107373;237.4414;0.0;-7.3453654e-25;99.99998;-7.345365e-21;0.5345574;-0.8711554;0.025391579;0.29495358;0.2695918;0.0;0.0;3592.3716;4290.9473;-1781.3206;6739.013;-605.1633;-1314.0355
1966-09-27;8.110545;0.35292563;0.009890239;752.77374;0.76279825;190.71954;0.0;-7.3453654e-25;99.99998;-7.345365e-21;0.651598;-0.8736439;0.03066659;0.29739738;0.2667308;0.0;0.0;3850.484;4595.2783;-2111.2483;6389.5674;-606.8911;-1297.4933
1966-09-28;8.726583;-0.64278156;0.009820302;752.8267;1.0339831;147.73552;0.0;-7.3453654e-25;99.99998;-7.345365e-21;0.35120547;-0.95993096;0.016361475;0.28024614;0.26386976;0.0;0.0;4457.6064;5315.1543;-2346.256;6228.261;-666.8322;-1462.6978
1966-09-29;7.4987283;1.683726;0.0102551775;751.8552;1.0844289;184.92564;0.0;-7.3453654e-25;99.99998;-7.345365e-21;2.069676;-0.8578794;0.10725856;0.3683269;0.26106834;0.0;0.0;3834.8735;4568.7603;-1931.2637;6598.899;-595.94;-1387.4911
1966-09-30;7.1936646;1.3655497;0.00990804;751.70825;1.1403227;130.6921;0.0;-7.3453654e-25;99.99998;-7.345365e-21;0.7570684;-1.0580887;0.035315752;0.293687;0.25837123;0.0;0.0;3632.8384;4324.199;-1780.2944;6655.6543;-735.01886;-1244.6644
1966-10-01;6.397817;1.929545;0.0099436445;751.62823;0.9160118;72.19521;0.0;-7.3453654e-25;99.99998;-7.345365e-21;2.6118572;-1.0491395;0.14151633;0.39729476;0.25576353;0.0;0.0;3450.3047;4103.3506;-1888.037;6425.1724;-728.80334;-1085.7145
1966-10-02;6.4064636;0.09164429;0.009941101;751.96655;1.0665739;88.8036;0.0;-7.3453654e-25;99.99998;-7.345365e-21;0.25183856;-1.2047719;0.011995435;0.26515126;0.25314093;0.0;0.0;4280.069;5085.7344;-2048.7522;6395.367;-836.9144;-1462.5466
1966-10-03;8.3836975;-1.4767151;0.009775798;754.2075;0.9649682;90.233215;0.0;-7.3453654e-25;99.99998;-7.345365e-21;0.029966235;-1.1706706;0.0014156103;0.25188923;0.25048852;0.0;0.0;4570.663;5426.4453;-2483.6821;6020.6523;-813.2256;-1249.3445
1966-10-04;8.966095;-2.59492;0.010060628;755.79156;1.0255797;85.03867;0.0;-7.3453654e-25;99.99998;-7.345365e-21;0.00042617318;-1.0655066;1.4901161e-05;0.24788082;0.24786592;0.0;0.0;4325.5127;5131.0635;-2366.559;6201.66;-740.17224;-1175.8177
1966-10-05;9.542206;-2.8823445;0.009885152;755.10443;1.06796;109.37771;0.0;-7.3453654e-25;99.99998;-7.345365e-21;0.0;-0.9743264;0.0;0.24527311;0.24528056;0.0;0.0;4423.0044;5242.181;-2544.9714;6051.576;-676.8322;-1189.76
1966-10-06;10.018666;-3.5553386;0.00984319;753.90454;1.18091;110.550415;0.0;-7.3453654e-25;99.99998;-7.345365e-21;0.0021427867;-0.85970014;0.00010430813;0.24282932;0.24273247;0.0;0.0;4404.172;5215.368;-2487.2336;6161.832;-597.20447;-1268.9133
1966-10-07;7.864044;0.48808798;0.010009766;753.4029;1.1218445;147.86647;0.0;-7.3453654e-25;99.99998;-7.345365e-21;3.3017612;-0.9625582;0.17020106;0.410527;0.24032593;0.0;0.0;3188.1416;3772.164;-1662.9628;6680.6133;-668.6567;-979.76666
1966-10-08;6.369283;2.8863728;0.010386149;752.08185;1.31462;52.48517;0.0;-7.3453654e-25;99.99998;-7.345365e-21;13.58288;-1.3162326;0.89639425;1.1344552;0.2380684;0.0;0.0;2701.8818;3193.6875;-1224.82;7009.614;-914.3433;-774.0389
1966-10-09;4.4239197;1.5834554;-0.3646202;753.34;1.4891351;44.980972;0.6630046;7.5260796e-05;106.70245;0.7324219;5.8243413;-1.5906618;0.3578812;0.5937815;0.23590028;0.053105876;0.1402609;2383.4175;2834.0347;-979.4978;6977.527;-1104.9412;-672.8467
1966-10-10;5.128418;1.5402628;-2.1888683;752.15875;1.1105572;110.209816;0.5280762;6.683668e-05;133.67674;0.40690103;1.6640723;-1.6136951;0.10155141;0.33530593;0.23375452;0.04792586;0.0;3107.1096;3679.7412;-1497.1389;6563.108;-1120.9578;-773.14886
1966-10-11;4.7329407;0.56693524;-2.400954;751.1748;0.93196774;194.78009;0.23217773;3.4252804e-05;150.98077;-7.345365e-21;1.2247393;-1.3613273;0.07276982;0.30437112;0.2316162;0.024586916;0.0;2942.7488;3475.061;-1406.1167;6627.331;-945.6639;-813.2478
1966-10-12;4.378306;0.8896077;-2.3599854;752.33545;1.1003975;41.569714;0.120279945;1.7603239e-05;151.1328;-7.345365e-21;7.213804;-1.3364861;0.54351985;0.7730201;0.22950023;0.012619421;0.0;3022.8816;3563.9973;-1392.4072;6578.2183;-928.4083;-783.0611
1966-10-13;4.6313477;1.9060465;-0.403066;751.79004;1.1452237;42.18341;0.06282552;9.139379e-06;151.1328;-7.345365e-21;3.1064749;-1.101031;0.24121255;0.46868622;0.22747368;0.006424263;0.0;1725.4255;2031.365;-765.9033;7186.941;-764.8478;-471.7089
1966-10-14;4.9227395;1.3993124;-2.6497219;750.3689;0.87669295;100.046104;0.030110678;4.251798e-06;151.1328;-7.345365e-21;0.8615196;-1.4436543;0.05532801;0.28078258;0.22545457;0.0042058527;0.0;3272.4128;3849.115;-1686.0294;6378.729;-1002.8567;-815.6089
1966-10-15;4.7199707;-0.23412068;-3.0252774;749.8797;1.0808975;244.73842;0.012532552;1.66893e-06;151.1328;-7.345365e-21;0.05713751;-1.2893714;0.0037401915;0.2271682;0.22343546;0.0016726553;0.0;2962.09;3481.0105;-1473.2972;6501.4854;-895.68335;-761.13776
1966-10-16;4.382853;-0.4085795;-3.6621487;750.97406;0.781449;54.570972;0.0053710938;9.536743e-07;151.1328;-7.345365e-21;2.0872145;-1.3111458;0.14819205;0.3696382;0.22143126;0.0007022172;0.0;3199.2566;3758.3945;-1749.9545;6180.0967;-910.80835;-682.86664
1966-10-17;3.7611084;-1.4868978;-4.553314;753.6856;1.5355978;40.00822;0.0026041667;2.3841858e-07;151.1328;-7.345365e-21;0.02175596;-1.4291071;0.0012814999;0.2207458;0.21947175;0.00031106174;0.0;3271.1982;3841.42;-1842.4222;5993.306;-992.75336;-813.4878
1966-10-18;5.0252075;-2.778422;-5.6615562;754.88947;1.073685;88.016174;0.0007324219;-7.3453654e-25;151.1328;-7.345365e-21;0.002145368;-1.5022578;0.00014156103;0.21765381;0.2175048;0.00013783574;0.0;4024.703;4724.959;-2218.9973;5666.8564;-1043.5684;-772.4133
1966-10-19;5.7476296;-0.64534503;-3.7816823;755.13525;1.0916653;132.61862;0.0;-7.3453654e-25;149.6891;-7.345365e-21;0.20446883;-1.3259612;0.012263656;0.22783875;0.21556765;5.2154064e-05;0.0;3513.91;4124.1387;-1875.9116;6155.491;-921.10114;-688.7878
1966-10-20;5.256775;0.58566284;-4.436558;754.82983;1.0335127;90.7283;0.0;-7.3453654e-25;126.59894;-7.345365e-21;1.5598834;-1.3372432;0.10532141;0.31898916;0.21366775;1.4901161e-05;0.0;3543.6921;4157.795;-1921.9197;6142.4844;-928.9389;-749.85
1966-10-21;5.8769937;-1.4778341;-2.1710079;754.91693;1.018542;138.16347;0.0;-7.3453654e-25;105.790344;-7.345365e-21;0.10790527;-1.4609816;0.0062435865;0.21804869;0.2118051;1.8626451e-06;0.0;3666.1895;4300.197;-1825.453;6240.7183;-1014.89557;-798.45557
1966-10-22;6.0495605;1.4275513;-0.090423584;754.8177;0.71337;139.29506;0.0;-7.3453654e-25;100.21417;-7.345365e-21;1.7985582;-1.1522481;0.11394918;0.32392144;0.20997226;0.0;0.0;3188.315;3738.5122;-1709.3722;6361.964;-800.4289;-775.2744
1966-10-23;5.789327;0.44517007;0.009892781;755.1291;0.945936;110.92263;0.0;-7.3453654e-25;99.99998;-7.345365e-21;0.025579333;-1.3060765;0.0014305115;0.20962954;0.20819157;0.0;0.0;3361.9795;3940.8245;-1863.7361;6179.1143;-907.2878;-734.12445
1966-10-24;3.578359;1.130839;0.00999705;752.66016;0.86783344;71.30762;0.0;-7.3453654e-25;99.99998;-7.345365e-21;3.6600492;-0.85422397;0.25399774;0.46047568;0.20647794;0.0;0.0;1764.294;2067.389;-1031.395;6702.0723;-593.4011;-365.93777
1966-10-25;4.0538635;2.8837383;0.009860992;749.06866;0.64447266;82.20159;0.0;-7.3453654e-25;99.99998;-7.345365e-21;6.9837184;-0.71263874;0.53958595;0.7444471;0.20486116;0.0;0.0;940.38556;1101.58;-353.38055;7472.6665;-495.04666;-241.13777
1966-10-26;4.3915915;1.2156779;0.01002121;749.20807;0.7752064;202.97803;0.0;-7.3453654e-25;99.99998;-7.345365e-21;0.5852943;-1.187861;0.03812462;0.24135411;0.20323694;0.0;0.0;2616.9429;3064.659;-1492.9684;6402.311;-825.1667;-589.35114
1966-10-27;4.7229104;0.95673627;0.009858449;751.987;0.9064061;169.22334;0.0;-7.3453654e-25;99.99998;-7.345365e-21;0.11370908;-1.335267;0.0073313713;0.20889938;0.20156056;0.0;0.0;3564.5972;4173.1846;-1700.3617;6300.0894;-927.56555;-700.51
1966-10-28;5.4584756;0.26678467;0.009967804;754.0822;0.91185516;111.030495;0.0;-7.3453654e-25;99.99998;-7.345365e-21;0.06026571;-1.36525;0.0036209822;0.20352006;0.19989163;0.0;0.0;3590.986;4202.7354;-2207.6982;5770.497;-948.3945;-687.6067
1966-10-29;4.9153237;-1.6063741;0.009888967;754.37555;1.0015459;85.65216;0.0;-7.3453654e-25;99.99998;-7.345365e-21;0.00087125733;-1.2158397;5.9604645e-05;0.19827485;0.19824505;0.0;0.0;3436.484;4020.6646;-2168.861;5672.6;-844.60333;-570.82
1966-10-30;4.995697;-4.4304605;0.00993983;755.43134;1.0246204;40.52117;0.0;-7.3453654e-25;99.99998;-7.345365e-21;0.0017155134;-1.2748903;0.00011920929;0.19672513;0.19661337;0.0;0.0;3667.0095;4289.0366;-2318.4934;5464.1235;-885.62335;-541.9633
1966-10-31;5.1615806;-5.0815024;0.010045369;756.15704;1.0087591;104.533516;0.0;-7.3453654e-25;99.99998;-7.345365e-21;0.0;-1.2096641;0.0;0.1949966;0.19500405;0.0;0.0;3674.5188;4296.4854;-2387.2688;5328.392;-840.31335;-505.12445
1966-11-01;5.1601257;-6.022959;0.009947459;758.1663;0.883784;113.23773;0.0;-7.3453654e-25;99.99998;-7.345365e-21;0.0008583069;-1.1326187;5.9604645e-05;0.19347668;0.19342452;0.0;0.0;3640.2922;4255.1377;-2388.5718;5298.0312;-786.79224;-520.55664
1966-11-02;4.8799233;-4.619222;0.010136922;759.8945;1.0504185;59.54257;0.0;-7.3453654e-25;99.99998;-7.345365e-21;0.0008612871;-1.0725316;5.9604645e-05;0.19191206;0.19186735;0.0;0.0;3592.0334;4197.4146;-2334.4182;5379.703;-745.0517;-488.57443
1966-11-03;5.037791;-4.432078;0.010012309;757.26935;0.9482648;86.75595;0.0;-7.3453654e-25;99.99998;-7.345365e-21;0.00043511385;-1.0220577;2.9802322e-05;0.19034743;0.19032508;0.0;0.0;3569.6934;4170.011;-2345.2444;5376.6445;-709.99;-456.83112
1966-11-04;4.1832986;-4.047231;0.010050456;755.31464;0.9440615;76.8606;0.0;-7.3453654e-25;99.99998;-7.345365e-21;0.00213935;-0.9479579;0.00013411045;0.18894672;0.18881261;0.0;0.0;3451.6333;4030.861;-2117.9673;5608.0356;-658.51447;-581.73334
1966-11-05;3.6625774;-3.694743;0.009977977;754.2286;0.9816771;110.36988;0.0;-7.3453654e-25;99.99998;-7.345365e-21;0.07305145;-0.82939583;0.004053116;0.19136071;0.18732995;0.0;0.0;3002.9844;3505.899;-1829.2489;5884.009;-576.1533;-606.5467
1966-11-06;3.1413574;-3.8286335;0.01007843;754.2119;0.87086034;131.1858;0.0;-7.3453654e-25;99.99998;-7.345365e-21;0.39258003;-0.7933313;0.022418797;0.20831823;0.18589199;0.0;0.0;2964.5173;3459.6833;-1754.2245;5884.95;-551.10114;-629.01886
1966-11-07;1.490387;-2.5698853;-0.73795575;753.2124;0.850943;90.09271;0.0029296875;4.7683716e-07;100.28481;-7.345365e-21;1.701831;-0.69466794;0.104397535;0.28889626;0.18449873;0.0;0.0024400651;2126.8994;2481.3044;-1280.0089;6231.109;-482.56332;-507.2622
1966-11-08;2.2974854;-2.2396648;-4.9476714;754.2017;1.0728844;59.9071;0.021891275;2.861023e-06;117.52244;-7.345365e-21;0.1287614;-0.8871183;0.007607043;0.19073486;0.18312782;0.00065751374;0.00051036477;3051.5479;3559.3477;-1644.0278;6038.8965;-616.2511;-749.1578
1966-11-09;2.5289917;-0.84375;-2.1911762;756.32007;0.9302322;49.230198;0.016438803;2.3841858e-06;142.86586;-7.345365e-21;8.543456;-0.69174266;0.6596893;0.8414835;0.18178672;0.0004824251;1.4901161e-05;1557.2722;1816.1644;-901.7572;6698.789;-480.53;-274.9
1966-11-10;4.718109;-1.1242574;-3.362985;757.6587;1.062255;54.8799;0.014078776;2.22524e-06;150.72655;-7.345365e-21;0.5368829;-1.1686664;0.04158914;0.2220571;0.18046051;0.0008419156;0.0;2681.0017;3125.4568;-1601.9377;6206.9287;-811.8345;-416.77554
1966-11-11;3.703125;-4.5362954;-6.7910156;755.75555;1.1663153;55.948563;0.009684245;1.3510386e-06;150.72655;-7.345365e-21;0.0;-1.028236;4.4703484e-05;0.17917156;0.17912686;0.00050105155;0.0;2954.9727;3443.6555;-2045.1106;5544.0366;-714.2822;-362.77777
1966-11-12;3.8074646;-2.8268635;-7.2791038;754.6223;1.3380166;36.94867;0.006754557;9.536743e-07;150.72655;-7.345365e-21;0.0017046923;-0.96582526;0.00013411045;0.17791986;0.17778575;0.00039301813;0.0;3224.3271;3756.1978;-2224.8823;5345.1377;-670.9261;-370.22556
1966-11-13;4.0197144;-6.0969644;-7.740242;754.2924;1.0732694;96.448326;0.0047200522;9.536743e-07;150.72655;-7.345365e-21;0.0004351138;-0.9790212;5.9604645e-05;0.17651916;0.17647445;0.00026635826;0.0;3179.9094;3703.2722;-2192.17;5335.859;-680.0933;-337.78888
1966-11-14;3.6782634;-6.100474;-6.8408074;753.8796;0.9656522;117.182465;0.0028483074;3.5762787e-07;150.72655;-7.345365e-21;0.000861287;-0.8194614;7.4505806e-05;0.17525256;0.17517805;0.00018253922;0.0;2787.1362;3245.1477;-1867.6917;5643.011;-569.2522;-352.6411
1966-11-15;2.7603657;-2.410207;-5.7970567;753.89825;0.70053226;236.03725;0.001953125;-7.3453654e-25;150.72655;-7.345365e-21;0.37949383;-0.48850662;0.0230968;0.19703805;0.17394125;0.00010803342;0.0;1957.0895;2277.8623;-1387.1466;6045.292;-339.34888;-277.85556
1966-11-16;3.0489807;0.5594177;-2.1467755;752.6631;0.8070387;261.19937;0.001953125;-7.3453654e-25;150.72655;-7.345365e-21;4.8564105;-0.67649966;0.35703182;0.5297661;0.17274171;9.685755e-05;0.0;1843.1061;2145.2434;-732.68555;6883.829;-469.94223;-313.87
1966-11-17;4.496775;1.0707092;-2.3215268;754.3145;0.8328114;228.85005;0.00056966144;-7.3453654e-25;150.72655;-7.345365e-21;0.091031194;-0.92576444;0.0063180923;0.17787516;0.17155707;6.891787e-05;0.0;2344.0955;2727.9055;-1265.2306;6574.439;-643.0967;-503.3911
1966-11-18;3.2655232;-4.305908;-6.8686547;755.9191;0.92551154;68.90041;0.0;-7.3453654e-25;148.94627;-7.345365e-21;0.00042617318;-0.96839106;2.9802322e-05;0.17036498;0.17034262;2.9802322e-05;0.0;2972.3506;3458.859;-2100.6138;5461.031;-672.7095;-430.2322
1966-11-19;2.772583;-4.5988564;-8.295692;756.25323;1.2470926;30.820944;0.0;-7.3453654e-25;148.01756;-7.345365e-21;0.0;-0.81468934;0.0;0.16912818;0.16913563;1.8626451e-05;0.0;3050.5295;3549.6545;-2265.1843;5138.667;-565.9378;-310.3811
1966-11-20;3.6872456;-4.6766763;-9.544265;755.47736;1.1408553;37.31276;0.0;-7.3453654e-25;126.14484;-7.345365e-21;0.0012844794;-0.7271841;8.940697e-05;0.1680404;0.16795099;1.1175871e-05;0.0;3029.3345;3524.8367;-2262.5967;5143.8037;-505.15112;-233.99889
1966-11-21;3.604065;-5.918213;-10.066971;757.06714;1.1286749;32.476753;0.0;-7.3453654e-25;113.09503;-7.345365e-21;0.0034109398;-0.71112067;0.0001937151;0.16698241;0.1667887;0.0;0.0;3005.735;3497.2266;-2262.4072;5098.391;-493.99222;-215.91444
1966-11-22;2.9466248;-8.01181;-9.916139;759.26495;0.9879256;57.818935;0.0;-7.3453654e-25;110.74249;-7.345365e-21;0.0012808942;-0.644004;8.940697e-05;0.16573071;0.16564131;0.0;0.0;2974.5083;3460.7556;-2285.4468;5034.5957;-447.3689;-204.4911
1966-11-23;2.2133484;-7.41627;-9.787986;758.88153;1.146089;34.190052;0.0;-7.3453654e-25;106.61066;-7.345365e-21;0.00042617318;-0.5771192;2.9802322e-05;0.16455352;0.16452372;0.0;0.0;2945.4028;3426.7422;-2301.17;4975.8613;-400.90555;-243.56778
1966-11-24;1.6037699;-7.535665;-10.141604;757.15045;1.1399697;37.95864;0.0;-7.3453654e-25;105.71873;-7.345365e-21;0.0;-0.49247593;0.0;0.16342103;0.16342103;0.0;0.0;2842.4207;3306.781;-2255.6545;4950.0312;-342.10666;-245.87334
1966-11-25;1.7807821;-9.150238;-8.336373;756.5713;0.9832101;49.07588;0.0;-7.3453654e-25;102.60089;-7.345365e-21;0.00043511385;-0.4319921;2.9802322e-05;0.16236305;0.1623407;0.0;0.0;2925.6077;3403.3945;-2302.4956;4874.3315;-300.09055;-237.28444
1966-11-26;2.707896;-10.313283;-2.5890846;756.9685;0.88614863;122.61114;0.0;-7.3453654e-25;100.42283;-7.345365e-21;0.002998112;-0.3803689;0.00017881393;0.16146898;0.16129017;0.0;0.0;2880.935;3351.29;-2291.5955;4877.6064;-264.23;-181.82445
1966-11-27;3.2135112;-10.7041445;0.010028839;757.4013;0.9494896;76.38917;0.0;-7.3453654e-25;99.99998;-7.345365e-21;0.0012827459;-0.32826978;8.940697e-05;0.16030669;0.16023964;0.0;0.0;2884.1245;3354.8555;-2243.135;4949.2563;-228.03778;-170.20222
1966-11-28;3.32547;-12.427653;0.009986877;757.3557;0.8897036;117.62921;0.0;-7.3453654e-25;99.99998;-7.345365e-21;0.0;-0.2720598;0.0;0.159204;0.1592189;0.0;0.0;2219.1545;2581.2466;-1839.6072;5317.2607;-188.9911;-85.80889
1966-11-29;3.8500469;-14.337253;0.009989421;754.2256;0.8102754;259.241;0.0;-7.3453654e-25;99.99998;-7.345365e-21;0.0012993806;-0.3943257;8.940697e-05;0.15828013;0.15820563;0.0;0.0;2663.4167;3097.8132;-2109.6267;5110.6133;-273.92557;-148.40445
1966-11-30;1.5065714;-14.835378;-2.8287838;749.8538;0.849557;240.04863;0.27319336;6.11941e-05;112.7962;0.40690103;1.1913768;-0.3812164;0.03221631;0.18942356;0.1571998;0.0;0.6535277;2475.4888;2879.2888;-1621.6322;5613.109;-264.8211;-296.83112
1966-12-01;-1.5887655;-5.3851967;-6.9472275;747.47626;0.9102199;198.72198;21.600668;0.0027372043;118.213196;22.298178;4.1682153;-0.38976967;0.016182661;0.17239153;0.15620887;0.03517419;3.8720891;2120.3484;2952.59;-1381.2605;5671.8047;-271.03555;-426.43777
1966-12-02;-5.8857017;-7.366192;-8.077721;747.2019;1.1378517;162.9158;93.2067;0.016023517;125.10056;126.6276;11.868077;-0.05853921;0.0017732382;0.15701354;0.15524775;0.0;11.742983;573.19775;2436.2922;-776.10834;5710.635;-45.823334;-134.90889
1966-12-03;-7.0507903;-11.923041;-14.41848;748.49664;1.1794059;89.869286;100.0;0.017673096;142.93065;124.5931;0.0008635147;-0.013687648;0.005848706;0.16016513;0.15430897;0.07560849;0.0;813.5783;3282.5566;-1130.7328;4571.3604;-10.887777;-3.3644445
1966-12-04;-6.2073426;-10.994185;-14.167198;747.9589;1.1094431;75.66952;99.83366;0.01757594;152.01073;115.19369;0.0004351138;-0.011626631;0.007227063;0.16061962;0.1533851;0.08651987;0.0;849.6778;3241.8066;-1251.6183;4454.6196;-9.57;1.9311111
1966-12-05;-5.8589644;-15.263519;-13.971881;750.8755;1.2108072;70.293495;99.13192;0.017416716;153.59047;113.15918;0.0017153852;-0.05512871;0.013075769;0.1655519;0.15246868;0.1518298;0.0;923.69666;3307.6055;-1303.2844;4417.2847;-43.06222;31.45111
1966-12-06;-3.8428242;-12.560599;-11.201256;753.27167;1.1343195;141.3358;97.38346;0.017098188;157.07843;108.84603;0.0008523463;-0.05973596;0.028312206;0.17987192;0.15157461;0.33519417;0.0;973.50836;3209.5222;-1245.6884;4772.792;-45.884445;1.6255555
1966-12-07;-1.3876749;-9.415538;-8.4365425;755.34766;0.9089896;260.33884;95.14291;0.016272506;159.44203;102.29492;0.00253722;-0.059119426;0.09274483;0.24341047;0.15068054;1.0622107;0.0003874302;958.63336;2885.6267;-1076.4856;5269.5615;-45.578888;-15.618889
1966-12-08;-0.5418701;-8.564464;-7.95727;753.31274;0.8785855;251.78233;91.727455;0.0151337385;162.1621;93.38379;0.003370642;-0.11385698;0.093474984;0.24326146;0.14978647;1.0635909;0.00045076013;1036.8595;2858.5854;-1126.8478;5327.4956;-88.65444;-46.00889
1966-12-09;-1.6899719;-5.644226;-8.245598;750.3489;0.7607947;270.42432;84.8715;0.013880014;163.8382;84.47266;0.009989411;-0.088328496;0.108376145;0.25729835;0.1489222;1.209015;0.0069849193;1071.7356;2580.33;-1116.1761;5325.871;-67.20944;-76.662224
1966-12-10;-2.189504;-5.1633606;-7.0359864;747.0105;0.80160093;215.6353;78.309166;0.01289777;164.41925;78.24707;0.5115355;-0.119416974;0.07556379;0.22362173;0.14806539;0.8229744;0.4252605;1368.785;2965.9355;-1203.7378;5355.102;-90.57222;-150.34445
1966-12-11;-3.089091;-3.7803142;-1.8266335;741.31354;0.51865375;191.16795;97.95874;0.02455918;143.88963;168.5384;15.276717;-0.10647718;0.011749566;0.15895814;0.14720857;0.018278137;14.455375;381.22446;1372.1578;-248.86;6749.6816;-83.77111;-146.72778
1966-12-12;-3.7773945;-4.5234885;-2.7451935;743.0506;0.85278916;217.9596;100.0;0.030466357;150.93324;201.21257;3.2443733;-0.117516145;0.0017881393;0.14814734;0.14636666;0.007202849;2.9864423;583.0822;2063.4634;-447.4711;6479.089;-92.27889;-164.77556
1966-12-13;-6.990125;-8.480245;-8.124074;746.6158;0.85303736;231.86652;100.0;0.031889122;151.49413;210.44922;0.24956761;-0.09457581;0.0;0.14552474;0.14553219;0.0;0.24321303;638.2439;2188.7856;-828.1111;5549.2393;-74.382225;-105.23333
1966-12-14;-6.736037;-10.448498;-9.266941;749.0713;1.0512447;112.18707;100.0;0.03194694;152.7669;209.35059;0.34133196;-0.041395426;0.0074654818;0.15217066;0.14470518;0.08245744;0.31190366;821.8861;2721.8623;-810.4961;5410.4023;-32.34778;-62.64111
1966-12-15;-2.6058147;-4.0835266;-2.715191;749.06354;0.68496823;144.6248;100.0;0.032023985;155.73045;206.17676;0.11236668;-0.04501082;0.034198165;0.17809868;0.14388561;0.38124993;0.077813864;856.4595;2722.9;-679.2989;6246.7153;-35.02111;-108.15889
1966-12-16;-2.8997395;-3.3793132;-1.692393;745.91437;0.9779834;199.63954;100.0;0.03570048;156.02277;228.19011;7.968491;-0.12918189;0.008389354;0.1514703;0.1430884;0.06273948;7.529784;354.9411;1085.48;-224.38;6813.8457;-101.587776;-137.73445
1966-12-17;-4.4089255;-5.611206;-3.442599;740.7779;1.1360828;146.65057;100.0;0.044862945;151.01593;295.49155;13.422471;-0.1179222;0.0016763806;0.14396012;0.14228374;0.00022351742;12.846634;483.88388;1671.4989;-487.75943;6337.13;-91.53445;-117.19778
1966-12-18;-7.0682335;-8.669097;-6.3129487;738.8846;0.7398369;168.60689;100.0;0.06741166;138.9326;482.99155;18.283998;-0.07750839;0.0;0.14148653;0.14149398;0.0;18.275496;402.0711;1710.1256;-286.97888;6296.2275;-59.70111;-112.44
1966-12-19;-7.409794;-8.984408;-6.5077033;740.9055;0.6898808;154.32875;100.0;0.07749673;149.98761;515.2588;11.455858;-0.10076165;0.0;0.14069676;0.14069676;0.0;11.448197;429.5128;1817.4255;-297.73334;6266.958;-77.39889;-129.22223
1966-12-20;-8.016582;-9.601658;-7.2777557;738.50555;0.7086784;118.73004;100.0;0.09805465;148.73045;655.8838;22.434027;-0.05580578;0.0;0.1399219;0.13992935;0.0;22.42969;264.41833;1141.8733;-274.06723;6207.491;-43.093334;-72.827774
1966-12-21;-8.547296;-10.235276;-8.986098;744.0449;0.45229268;147.18994;100.0;0.11225363;151.03807;742.5944;5.025321;-0.012800097;0.0;0.13914704;0.13916194;0.0;5.0198135;337.065;1460.6855;-432.50555;5847.339;-9.175555;-38.665554
1966-12-22;-9.145608;-14.283887;-12.305538;750.7293;1.1359541;55.820057;100.0;0.113988005;155.10902;735.3923;0.0077396515;-0.04004687;0.0;0.13840199;0.13840199;0.0;0.0064484775;671.69336;2833.4534;-1126.0728;4717.2993;-29.101667;-45.31111
1966-12-23;-7.5158944;-16.50752;-16.323462;752.07745;1.4533119;9.040654;100.0;0.11400262;158.75258;718.0176;0.0012874602;-0.009441748;0.0;0.13764203;0.13764203;0.0;0.0;749.5222;3078.3645;-830.31445;4784.4243;-4.961111;97.91556
1966-12-24;-3.4005268;-14.6583605;-13.289107;750.35736;0.85092086;274.3684;100.0;0.11434317;162.08038;705.32227;1.5963554;-0.019901432;0.0;0.13689697;0.13689697;0.0;1.1251513;619.45557;2478.219;-425.16666;5574.7344;-13.542222;67.69666
1966-12-25;-2.5610352;-3.411784;-5.450647;746.7985;0.47931823;176.67914;100.0;0.1288205;160.87401;797.7702;23.893167;0.0078110024;0.0046789646;0.14083087;0.13615936;0.0;21.740887;248.78944;1036.6156;48.43889;6853.3184;6.6844444;-17.095556
1966-12-26;-4.8303733;-5.7616982;-3.924085;744.2493;0.6885825;240.62102;100.0;0.14778256;162.0016;912.23145;7.4422655;-0.07287599;0.0;0.13542175;0.13543665;0.0;7.3347764;465.2689;1990.6989;-587.06775;6158.291;-55.36111;-105.10222
1966-12-27;-6.9143653;-13.086225;-9.387166;747.13947;0.94114953;87.323364;100.0;0.14950931;169.89027;881.2663;0.0023401363;-0.054448843;0.0;0.1347065;0.1347065;0.0;0.001065433;757.9267;3136.3467;-1468.2433;4513.797;-39.47778;-16.891111
1966-12-28;-8.217654;-15.390597;-15.065738;748.5127;1.3054892;14.031719;100.0;0.14951484;174.72362;856.2419;0.0;-0.005211681;0.0;0.13399124;0.13399124;0.0;7.4505806e-06;781.1644;3146.3445;-1246.5873;4346.647;-1.6288888;71.97222
1966-12-29;-11.669998;-14.609965;-17.252035;749.6391;1.7967802;19.99266;100.0;0.14955835;178.06508;840.9831;0.013583899;0.03531389;0.0;0.13327599;0.13327599;0.0;0.012300909;753.8889;2960.2932;-874.62;4637.398;29.15;61.857777
1966-12-30;-10.430726;-14.112071;-15.918513;749.732;1.4976221;21.443842;100.0;0.14963694;181.20116;826.9043;0.03663048;0.012204982;0.0;0.13256073;0.13257563;0.0;0.033508986;797.44336;3057.7;-855.43;4812.811;11.471111;27.907778
1966-12-31;-10.850815;-15.836678;-16.170889;749.96387;1.3038625;18.26571;100.0;0.14968085;184.42284;812.6628;0.0055313106;-0.004200265;0.0;0.13187528;0.13189018;0.0;0.0050738454;834.72;3121.3677;-1210.7234;4342.822;-1.14;16.9
1967-01-01;-10.230704;-17.62053;-19.098717;751.02655;1.0662948;104.890236;100.0;0.14970358;187.08495;801.10675;0.0;-0.0020246953;0.0;0.13121963;0.13120472;0.0;0.0;878.6111;3202.8245;-1071.3422;4249.9087;0.36333334;69.46111
1967-01-02;-8.8035;-12.273343;-17.089544;751.67206;0.9650948;176.42473;100.0;0.14976557;189.54066;791.1377;0.040239096;0.02639927;0.0;0.13050437;0.13053417;0.0;0.036217272;824.43835;2935.5566;-831.505;4785.3687;22.171667;32.085556
1967-01-03;-9.604758;-12.805951;-14.245677;747.52563;1.1066614;21.34674;100.0;0.1506546;191.17218;788.5742;2.313021;0.0011967495;0.0;0.12984872;0.12984872;0.0;2.297908;639.9656;2237.0278;-361.99554;5605.068;2.5433333;-11.031111
1967-01-04;-9.382125;-14.079186;-13.607475;747.92267;1.0795903;76.5374;100.0;0.15215154;192.79132;789.99835;0.014966947;-0.017959625;0.0;0.12919307;0.12919307;0.0;0.011552125;872.2189;3106.469;-1189.2345;4582.1045;-11.622222;-22.48889
1967-01-05;-8.39259;-17.27846;-16.874666;751.2241;1.2639433;7.9201775;100.0;0.15216856;195.75323;778.52374;0.0008523463;-0.01168251;0.0;0.12852252;0.12852252;0.0;0.0;949.86664;3305.121;-1313.5878;4162.45;-6.6633334;86.87111
1967-01-06;-6.7613816;-17.173065;-17.725588;752.4822;1.2555885;8.187015;100.0;0.15218906;198.15721;769.20575;0.0;-0.00721775;0.0;0.12788177;0.12786686;0.0;0.0;976.1383;3321.0356;-1028.71;4473.474;-3.3888888;112.26111
1967-01-07;-6.164678;-16.32685;-15.12;751.9302;0.8447109;210.06093;100.0;0.15222955;200.6966;759.5215;0.047695298;-0.023761764;0.0;0.12722611;0.12722611;0.0;0.045984983;840.5867;2801.3733;-931.6017;4839.096;-16.23;53.085556
1967-01-08;-6.553846;-13.807151;-15.253665;750.6103;0.83678395;289.98044;100.0;0.15226161;203.38702;749.38965;0.0153660765;-0.0076256692;0.0;0.12660027;0.12659281;0.0;0.009857118;956.7305;3117.63;-1007.88336;4720.5454;-3.7133334;46.43778
1967-01-09;-6.5878143;-8.127537;-11.974484;748.85114;0.7096677;204.9376;100.0;0.15288019;205.26788;745.27997;0.7906407;0.009829178;0.0;0.12595952;0.12595952;0.0;0.7805824;726.1617;2352.5522;-356.83112;5826.151;9.262222;-28.974445
1967-01-10;-7.241427;-9.470387;-9.894435;749.63794;0.74340206;162.99434;100.0;0.15317905;208.48305;735.79913;0.1146979;-0.021045096;0.0;0.12533367;0.12533367;0.0;0.10988861;1015.24164;3246.8523;-917.2672;5317.0557;-13.797778;-61.56111
1967-01-11;-6.5605354;-7.669104;-7.648041;748.4428;1.0707942;239.56963;100.0;0.15408091;211.17967;730.2653;2.4024577;-0.036794692;0.0;0.12472272;0.12472272;0.0;2.3977497;533.3711;1677.2644;-188.71278;6383.705;-27.913334;-80.01889
1967-01-12;-4.9928436;-5.6479163;-5.13422;750.7629;1.44872;213.85979;100.0;0.16113722;208.00356;774.21063;11.236484;-0.0852095;0.0;0.12409687;0.12410432;0.0;11.023578;531.7217;1850.0967;-132.66833;6650.1807;-65.40667;-159.10222
1967-01-13;-3.465079;-6.185125;-4.8901916;754.9148;0.58525866;279.4622;100.0;0.16729005;208.11293;805.0537;0.21170378;-0.046744943;0.0;0.123500824;0.123500824;0.0;0.20877644;793.7122;3089.0466;-1222.7816;5327.691;-33.074444;-78.54222
1967-01-14;-3.2341843;-6.748646;-9.50714;751.26196;0.6880605;249.57103;100.0;0.16747916;212.92152;787.028;2.3719788;0.016171485;0.0;0.12288988;0.12288988;0.0;2.2785106;828.3017;3122.9812;-999.9617;5153.488;15.113334;-7.766667
1967-01-15;-4.252075;-4.799614;-6.8036714;744.7763;1.3786216;202.97621;100.0;0.18232529;204.85838;888.5905;17.286093;0.037077814;0.0;0.12229383;0.12229383;0.0;16.4551;338.1122;1408.0422;36.134445;6752.936;29.66;-31.063334
1967-01-16;-4.368528;-4.887983;-4.3587036;742.8911;1.1329594;202.72636;100.0;0.20359366;196.14679;1036.4584;42.171078;-0.03973022;0.0;0.121712685;0.121712685;0.0;41.780575;234.35667;981.85443;-32.29778;6809.904;-30.534445;-87.68889
1967-01-17;-5.258896;-6.1275125;-3.926154;741.1675;1.0051109;191.24786;100.0;0.24642153;180.14972;1364.7461;28.765429;-0.11087954;0.0;0.12114644;0.12113154;0.0;28.682806;405.7811;1764.9111;-310.72723;6494.1255;-85.57222;-168.13333
1967-01-18;-8.742963;-10.757596;-6.4554176;740.4842;1.0202961;193.14674;100.0;0.27640274;175.22914;1575.1547;24.736416;-0.16121194;0.0;0.120550394;0.120557845;0.0;24.724483;313.13834;1357.21;-410.2611;6039.921;-125.66778;-148.4289
1967-01-19;-10.978602;-12.796836;-9.145913;742.4279;1.2674934;185.77626;100.0;0.29372394;175.65363;1670.2881;22.356363;-0.14641508;0.0;0.11998415;0.1199916;0.0;22.350506;358.05057;1531.4745;-176.13777;6082.8867;-114.13333;-230.84111
1967-01-20;-11.2440195;-13.298447;-9.643638;739.013;1.3760028;184.39122;100.0;0.3292404;164.22133;2002.889;26.170809;-0.1225071;0.0;0.11943281;0.11942536;0.0;26.164099;314.35223;1367.36;-247.27722;5978.359;-95.475555;-180.0
1967-01-21;-14.84991;-21.032368;-14.032819;739.8879;0.9305599;60.15668;100.0;0.33874297;170.15492;1994.222;1.5209377;-0.090060756;0.0;0.11886656;0.11886656;0.0;1.5182346;680.5089;2930.5688;-1329.2611;4241.317;-68.594444;-97.53445
1967-01-22;-12.108409;-21.897415;-20.222128;747.60236;1.0593672;132.76823;100.0;0.33905074;177.138;1916.6666;0.0021566092;-0.017616898;0.0;0.11831522;0.11830032;0.0;0.0;922.36334;3858.6433;-1416.0845;3686.6565;-11.317778;54.333332
1967-01-23;-11.326255;-22.347158;-21.870209;748.4638;1.0198991;39.1998;100.0;0.3390613;182.0514;1864.624;0.001299122;-0.016272068;0.0;0.117748976;0.11775643;0.0;0.0;944.0939;3843.922;-1111.7372;4002.0193;-10.396667;78.685555
1967-01-24;-11.492593;-22.260096;-22.047714;747.40497;0.9933479;157.59305;100.0;0.33907413;186.48012;1820.2719;0.0012957059;-0.015782192;0.0;0.117212534;0.117212534;0.0;0.0;965.0489;3828.4834;-1225.9672;3852.4746;-10.068889;76.26111
1967-01-25;-12.236942;-22.861006;-22.817175;747.08496;1.1770116;55.260136;100.0;0.33908665;190.47426;1782.2266;0.003011387;-0.013900921;0.0;0.11667609;0.11666119;0.0;0.0;1013.6506;3918.3157;-1179.5233;3864.4014;-8.55;92.42
1967-01-26;-11.067121;-20.94652;-22.044779;748.45996;1.0890596;98.43976;100.0;0.33910334;194.28026;1747.4772;0.00044107437;-0.011300668;0.0;0.11613965;0.11612475;0.0;0.0;1044.0527;3937.1233;-1010.01776;4164.5957;-6.4744444;75.25
1967-01-27;-10.240021;-20.226793;-20.957973;746.09015;0.82278997;251.24434;100.0;0.33911976;198.24574;1712.6871;0.008528119;-0.015751459;0.0;0.11558831;0.11559576;0.0;0.007238239;1091.7861;4017.05;-1178.3188;4042.3608;-9.918889;50.99889
1967-01-28;-10.674461;-17.588837;-19.30362;742.9207;0.5547669;210.65285;100.0;0.33962902;201.66437;1685.5875;1.7589092;-0.011725351;0.0;0.11506677;0.11506677;0.0;1.7540306;993.0528;3563.96;-543.78973;4976.6523;-7.1244445;-26.852222
1967-01-29;-9.572368;-10.809384;-13.89812;740.41925;0.65375096;97.314674;100.0;0.35268334;194.55695;1810.9537;33.355835;0.018503517;0.0;0.114545226;0.114545226;0.0;33.351513;364.695;1411.3289;221.4589;6357.508;15.024445;-26.964445
1967-01-30;-9.722724;-11.393374;-10.487908;740.16144;0.8613839;172.38112;100.0;0.3857007;179.75941;2147.0134;11.994589;-0.015957281;0.0;0.114023685;0.11403859;0.0;11.985798;616.2461;2680.7239;-473.0711;5747.261;-10.7277775;-105.57222
1967-01-31;-10.639396;-12.323242;-10.134796;741.12506;1.4845823;207.47308;100.0;0.3928989;187.84926;2093.2617;10.822935;-0.09792857;0.0;0.113517046;0.1135245;0.0;10.814447;555.16833;2369.6577;-243.37334;6002.0156;-75.235;-205.99667
1967-02-01;-14.562336;-17.078144;-11.951366;740.7151;0.86962205;141.91899;100.0;0.40204462;191.94301;2096.4355;4.84969;-0.091496855;0.0;0.11301041;0.11301786;0.0;4.84062;530.8506;2277.4111;-837.2133;5026.844;-70.58444;-174.72333
1967-02-02;-17.480585;-25.459639;-17.760523;744.1228;1.0388001;45.724003;100.0;0.40440106;197.3867;2051.2695;0.0052225743;-0.053184107;0.0;0.11251867;0.11251867;0.0;0.004373491;1027.7617;4320.2554;-1769.8334;3373.0483;-39.113335;-123.28889
1967-02-03;-15.532298;-25.772255;-21.72969;744.48975;1.3201737;32.78389;100.0;0.40439233;202.34926;2000.651;0.0040113926;-0.032108277;0.0;0.11201203;0.11201948;0.0;0.0016018748;1057.5328;4325.824;-1261.5972;3794.5652;-22.528889;0.06555556
1967-02-04;-14.163508;-19.731077;-19.933;742.36346;1.1289144;38.02097;100.0;0.40488413;206.07843;1966.39;0.8832697;-0.007139519;0.0;0.11152029;0.11152029;0.0;0.87640435;796.3361;3176.7666;-420.64777;5048.4624;-3.768889;-39.316666
1967-02-05;-13.137919;-19.860138;-18.341063;742.7844;1.1137335;38.420834;100.0;0.4053208;210.5908;1926.6357;0.01888573;-0.02741348;0.0;0.11102855;0.11102855;0.0;0.0150203705;1061.7239;4157.358;-1230.5494;4166.821;-18.542223;-40.168888
1967-02-06;-11.878361;-20.37578;-19.79773;744.25024;1.0176735;60.81126;100.0;0.40533507;215.16566;1885.7015;0.00086338277;-0.02291426;0.0;0.110536814;0.110536814;0.0;0.0;1166.51;4450.427;-1393.4089;3840.0093;-14.846111;13.494445
1967-02-07;-11.026912;-16.545183;-18.736586;743.09686;0.70031476;259.78012;100.0;0.40571547;218.85089;1855.184;2.0608306;-0.009142794;0.0;0.110030174;0.110052526;0.0;2.057828;851.1911;3171.6333;-381.9689;5201.7363;-5.306667;-24.884445
1967-02-08;-9.592742;-12.056228;-14.287898;742.79614;0.6149181;130.23079;100.0;0.40908608;219.02667;1869.3033;1.851666;-0.015527941;0.0;0.10956824;0.10957569;0.0;1.8447711;822.01447;3155.1934;-430.43555;5554.7046;-9.84;-87.87222
1967-02-09;-8.527249;-9.931193;-11.596195;742.3399;0.66051465;186.83813;100.0;0.41372672;221.33168;1869.7916;8.702378;0.00029895455;0.0;0.1091063;0.1091063;0.0;8.696497;466.93;1793.4222;22.513334;6301.8276;1.1833333;-53.024445
1967-02-10;-6.4909005;-8.319137;-8.511974;744.86957;0.9168215;209.92729;100.0;0.42382947;222.64745;1904.5004;10.173308;-0.021310523;0.0;0.10865927;0.108644366;0.0;9.963688;563.05444;2304.97;-301.89557;6159.1733;-14.962222;-84.72222
1967-02-11;-4.384047;-5.8280983;-6.6839576;743.80035;0.6202225;131.65134;100.0;0.43460223;225.97426;1924.357;10.62988;-0.021606684;0.0;0.10818243;0.10816753;0.0;10.351166;679.5989;2870.6611;-344.30612;6319.31;-14.153334;-100.16778
1967-02-12;-4.8414116;-5.9797273;-5.3445244;742.3951;0.9476411;154.96764;100.0;0.44076943;233.76593;1888.5498;1.9984126;-0.039704144;0.0;0.10770559;0.10770559;0.0;1.9777231;786.015;3324.6255;-541.8728;6174.2505;-28.006666;-140.21777
1967-02-13;-6.750149;-8.2073145;-5.454924;741.10406;1.1804026;193.79973;100.0;0.44349575;242.56703;1830.3629;3.12438;-0.1569707;0.0;0.107228756;0.10724366;0.0;3.1151845;898.37;3743.521;-719.80334;5884.665;-119.47889;-235.69112
1967-02-14;-6.5819917;-9.997421;-6.0079765;738.3332;0.7673755;92.98472;100.0;0.44642603;248.90883;1795.4508;1.4083883;-0.20135102;0.0;0.10678172;0.10677427;0.0;1.4036224;843.1222;3494.149;-775.035;5765.167;-153.72112;-174.94778
1967-02-15;-7.959929;-9.731026;-7.10878;738.83527;0.995414;167.55202;100.0;0.44925603;253.54295;1772.1354;5.677673;-0.1412183;0.0;0.106319785;0.106319785;0.0;5.6721644;883.7367;3617.6567;-596.6922;5889.349;-107.433334;-232.90778
1967-02-16;-9.493348;-10.79762;-7.704876;739.45074;1.3633331;198.24095;100.0;0.46396747;245.91371;1885.3353;18.170568;-0.08246582;0.0;0.10587275;0.10587275;0.0;18.162735;388.41833;1657.6156;-468.30667;5887.7954;-63.746113;-142.02556
1967-02-17;-9.615264;-14.537991;-9.726402;744.28314;0.730041;110.1853;100.0;0.47080028;247.18748;1906.6162;0.1812988;-0.096905045;0.0;0.105425715;0.105433166;0.0;0.17752126;1097.7161;4664.8457;-1365.7574;4663.457;-70.83444;-173.24777
1967-02-18;-9.752519;-15.281978;-12.842808;745.48846;1.1607;39.638798;100.0;0.47081032;253.12042;1861.2875;0.0018712971;-0.041002408;0.0;0.10497868;0.10497868;0.0;0.00059604645;1185.39;4895.5835;-1534.0939;4196.465;-27.684444;-96.89778
1967-02-19;-10.698784;-16.220705;-14.849904;747.5022;1.1130296;57.528057;100.0;0.47082582;257.62564;1829.0609;0.0028317608;-0.036343932;0.0;0.104531646;0.1045391;0.0;0.0002682209;1242.1428;4999.771;-1468.605;4138.7773;-24.12;-84.27
1967-02-20;-10.24035;-14.201016;-15.547882;746.90106;0.9758993;74.670235;100.0;0.47088972;261.33887;1803.0192;0.05719918;-0.016638078;0.0;0.10409951;0.10409951;0.0;0.053688884;1267.5383;4968.7354;-1301.93;4331.708;-9.377778;-81.77333
1967-02-21;-9.063758;-15.511876;-14.742915;742.36084;0.9344365;97.74466;100.0;0.47092143;264.9518;1778.7272;0.007468461;-0.045642257;0.0;0.10365248;0.10365993;0.0;0.0061765313;1163.0961;4445.0854;-920.82556;4916.1743;-31.471111;-83.825554
1967-02-22;-8.22046;-10.84714;-13.016387;739.99506;0.8418734;153.03227;100.0;0.47548464;263.8584;1800.5371;16.32871;0.017162412;0.0;0.103235245;0.103235245;0.0;16.324633;677.6789;2543.426;-141.72722;6001.4233;13.885555;-53.983334
1967-02-23;-7.6464133;-8.729156;-9.320128;736.24005;1.0959541;185.89325;100.0;0.51188487;238.45831;2146.6064;56.821037;0.006790273;0.0;0.10281801;0.10281801;0.0;56.78477;338.4822;1445.1805;-28.432777;6437.75;5.8144445;-46.65889
1967-02-24;-10.409654;-12.242107;-8.874541;737.6883;1.2782615;201.91057;100.0;0.5486614;224.29945;2448.6492;5.2181907;-0.15049987;0.0;0.10240078;0.10240078;0.0;5.2142515;847.50665;3672.4233;-614.48444;5653.5576;-115.32111;-294.25778
1967-02-25;-10.118409;-12.424254;-9.734039;742.5437;1.0487658;205.00476;100.0;0.55091965;233.39516;2363.3625;1.139912;-0.12123585;0.0;0.10198355;0.10198355;0.0;1.1375957;1110.3262;4714.418;-961.8372;5197.184;-91.13556;-237.39111
1967-02-26;-9.716533;-13.9324875;-10.311562;745.49994;0.9838012;35.943783;100.0;0.55621123;237.22914;2345.459;5.760306;-0.11493079;0.0;0.101581216;0.101558864;0.0;5.7568884;699.9622;2977.4912;-927.6039;5156.177;-87.486664;-109.935555
1967-02-27;-8.99641;-18.010603;-13.85091;750.36664;1.1246233;44.01689;100.0;0.55765146;243.62726;2290.8936;0.0025783093;-0.0682082;0.0;0.10114908;0.10114908;0.0;0.0;1347.6967;5578.293;-1688.6772;3941.7798;-48.072224;-66.40444
1967-02-28;-8.17604;-17.633316;-15.308826;749.6319;1.6125783;27.692099;100.0;0.5576505;249.30336;2238.8916;0.0008583069;-0.020436011;0.0;0.10073185;0.1007393;0.0;0.0;1386.4767;5587.263;-1567.2789;4054.1875;-14.064445;-20.072222
1967-03-01;-7.143841;-17.334406;-15.689819;747.02765;1.1356337;53.479015;100.0;0.5576549;254.22589;2195.5159;0.0;-0.020065345;0.0;0.10034442;0.10034442;0.0;0.0;1434.9606;5633.76;-1448.5795;4199.436;-13.665556;-38.036667
1967-03-02;-5.56315;-14.244148;-14.822652;748.75024;0.7113878;256.0903;100.0;0.55766314;258.90787;2155.4363;0.016400218;-0.017296523;0.0;0.09994209;0.09994209;0.0;0.01463294;1448.7195;5544.638;-1173.9283;4663.3413;-11.582222;-87.024445
1967-03-03;-5.019348;-10.801463;-13.040082;750.8753;0.7424025;267.42032;100.0;0.5576907;263.8623;2114.9495;0.0011059372;0.012992881;0.0;0.09953976;0.09956211;0.0;0.0002682209;1451.3783;5427.3843;-1282.1045;4688.33;10.786111;-113.13111
1967-03-04;-4.2274985;-7.5798545;-10.779968;747.0024;0.531263;181.84961;100.0;0.56448066;264.31348;2133.2195;26.078556;-0.0025192276;0.0;0.09918213;0.09917468;0.0;25.375687;773.3589;2859.5854;-16.55;6416.177;-1.73;-73.00445
1967-03-05;-5.042399;-5.9162292;-6.637217;739.83813;0.66528386;138.07552;100.0;0.61395186;242.09926;2532.3486;43.130505;0.014220364;0.0;0.0987947;0.09878725;0.0;42.636913;245.01567;1065.6509;-70.25445;6611.2295;11.425555;-30.76
1967-03-06;-7.210653;-9.255717;-6.3071494;741.00073;0.61576563;147.76031;100.0;0.6567123;232.00746;2827.8809;42.948505;-0.09668805;0.0;0.09840727;0.09841472;0.0;42.940445;291.2324;1264.4722;-257.10223;6316.386;-75.744446;-125.78889
1967-03-07;-7.762207;-11.475525;-7.68161;742.9126;0.6115295;95.58081;100.0;0.6799183;234.70018;2899.3733;13.920215;-0.08992292;0.0;0.09803474;0.09804219;0.0;13.894402;790.33167;3408.673;-652.23553;5736.7637;-69.49778;-181.58223
1967-03-08;-8.434707;-12.42908;-8.4026785;744.14484;0.576971;102.60333;100.0;0.6899535;242.20473;2853.0273;2.226297;-0.0967253;0.0;0.09766221;0.09766221;0.0;2.2192373;1035.0658;4446.07;-1168.2284;5064.431;-74.34889;-226.10445
1967-03-09;-6.84952;-13.47009;-11.382508;748.2258;1.0082873;95.069855;100.0;0.6908477;251.96776;2745.4834;0.0;-0.026316382;0.0;0.09728968;0.09728968;0.0;0.0;1451.206;6086.055;-1708.7103;4166.318;-18.346666;-149.55888
1967-03-10;-4.929362;-14.225499;-12.8065405;748.69995;1.0702152;70.23591;100.0;0.69085073;259.51465;2665.2832;0.0017234652;-0.025114045;0.0;0.09691715;0.09691715;0.0;0.0;1511.3219;6168.6533;-1556.1431;4309.7373;-17.16;-81.28445
1967-03-11;-5.3402023;-14.963871;-12.910466;747.4145;1.091525;63.81668;100.0;0.690852;266.01138;2599.6907;0.0017046923;-0.01575984;0.0;0.09652972;0.096552074;0.0;0.0;1542.0074;6130.8413;-1529.1306;4371.011;-11.632222;-100.66889
1967-03-12;-5.650724;-15.175145;-12.72475;745.0042;1.057902;67.05946;100.0;0.6908453;271.94858;2542.7246;1.4901161e-05;-0.023035333;0.0;0.096186996;0.096186996;0.0;1.4901161e-05;1563.8848;6059.777;-1302.1222;4688.3267;-17.31;-137.84111
1967-03-13;-6.1510963;-11.623131;-11.5051565;742.5432;1.020758;195.88971;100.0;0.69083023;277.79263;2489.7053;0.037679076;-0.044977292;0.0;0.09582937;0.09582937;0.0;0.034622848;1539.4044;5816.5234;-1329.7894;4760.622;-34.76;-172.46333
1967-03-14;-5.75427;-7.7988305;-10.299474;743.39624;0.88515645;178.29802;100.0;0.69125205;283.36002;2441.8132;0.7689893;-0.02365373;0.0;0.09547174;0.09547174;0.0;0.75407696;1346.6387;4982.5254;-689.74695;5673.864;-18.177778;-200.85
1967-03-15;-5.301483;-9.759616;-8.378113;745.1045;1.0132188;86.45364;100.0;0.691562;289.49057;2391.3982;0.004955852;-0.061112456;0.0;0.09511411;0.09512156;0.0;0.0032484531;1684.7089;6139.74;-1487.595;4884.279;-47.286667;-229.73778
1967-03-16;-3.8525593;-6.655945;-7.3444924;743.29956;0.96005297;215.29938;100.0;0.698489;291.58008;2394.8975;21.603483;-0.06460119;0.0;0.094771385;0.094763935;0.0;20.750761;1162.6777;4205.1587;-419.84833;6266.729;-50.323334;-178.02777
1967-03-17;-5.117666;-6.6942954;-4.8561454;740.22217;1.0286654;194.68951;100.0;0.72648555;282.2399;2574.3816;16.567472;-0.11989474;0.0;0.09441376;0.09442121;0.0;16.302324;1134.2861;4911.517;-740.4522;6012.201;-93.75222;-328.81332
1967-03-18;-6.1733193;-8.336049;-5.3935547;742.45514;1.2510483;208.3719;100.0;0.7321734;287.6429;2548.6248;1.3666242;-0.17245579;0.0;0.09407103;0.09407848;0.0;1.3624914;1307.6733;5532.173;-977.19055;5615.0933;-134.95222;-332.43332
1967-03-19;-4.784546;-7.5208535;-5.400706;744.1204;0.97646433;159.53365;100.0;0.73345995;294.8434;2490.0715;2.4829712;-0.17372146;0.0;0.093728304;0.093735754;0.0;2.368994;1288.9963;5329.019;-1007.75836;5630.076;-135.98334;-285.28888
1967-03-20;-4.302653;-6.2591453;-5.6834106;742.43585;0.7045865;118.75867;100.0;0.74084;296.11948;2503.296;6.8251395;-0.058957376;0.0;0.09340048;0.09339303;0.0;6.649729;1004.3225;4221.421;-914.2328;5669.973;-45.89;-207.23555
1967-03-21;-3.3008015;-8.527659;-6.685781;741.9151;0.7336332;170.79335;100.0;0.74248576;301.94693;2461.263;1.4494538;-0.054069795;0.0;0.09305775;0.09305775;0.0;1.3846233;1573.7267;6451.0635;-1322.4913;5146.0376;-41.585;-241.51778
1967-03-22;-4.7598977;-6.110026;-5.5629067;738.60956;0.93446785;180.87263;100.0;0.7590634;296.13217;2562.1338;22.098028;-0.0704797;0.0;0.092729926;0.092722476;0.0;21.885618;919.27;3962.4377;-392.72083;6383.001;-55.038887;-239.07445
1967-03-23;-4.1325173;-5.266622;-4.223765;740.2583;0.8852894;191.72249;100.0;0.76802903;298.26465;2577.596;2.973348;-0.09394251;0.0;0.0923872;0.0923872;0.0;2.9583461;1048.3889;4462.183;-575.4975;6296.649;-73.39555;-285.8878
1967-03-24;-4.205526;-6.6371865;-4.0496116;738.66895;0.8430185;102.35915;100.0;0.76929;305.82715;2518.1072;0.34570694;-0.18596557;0.0;0.092059374;0.092059374;0.0;0.33120066;1321.9728;5443.6484;-1120.0039;5616.312;-143.71834;-307.0589
1967-03-25;-4.659149;-6.455668;-5.080639;738.03375;1.0968976;214.68837;100.0;0.77039224;312.19467;2469.5637;3.2262847;-0.1436947;0.0;0.09173155;0.09171665;0.0;3.1253994;1391.1466;5554.4365;-904.6372;5779.239;-110.763336;-294.3989
1967-03-26;-4.284719;-5.5162606;-4.1275;737.87616;1.1179323;158.3322;100.0;0.7825362;310.4769;2519.5312;21.444935;-0.121269375;0.0;0.09138882;0.09139627;0.0;20.978998;676.2589;2785.0383;-280.50833;6583.6523;-94.403336;-213.72444
1967-03-27;-6.486898;-8.077332;-4.314837;737.7708;0.99931306;136.8717;100.0;0.8074649;301.81607;2675.415;16.846462;-0.19970816;0.0;0.091060996;0.09106845;0.0;16.79415;674.2106;2932.5073;-721.7061;5896.7207;-156.12389;-278.0011
1967-03-28;-7.426211;-12.9584;-6.599716;741.4964;0.9457349;47.732666;100.0;0.81126624;306.73862;2647.4202;0.20584464;-0.22683945;0.0;0.09074807;0.09073317;0.0;0.20375103;1510.3789;6371.278;-1475.8389;4878.925;-175.69112;-387.7011
1967-03-29;-7.019709;-13.678288;-8.767932;744.6641;0.9102127;47.535534;100.0;0.81126684;312.48795;2598.1853;0.045508146;-0.08754246;0.0;0.090420246;0.090420246;0.0;0.0417158;1410.63;5786.5005;-1464.0022;4717.6953;-68.013336;-224.05667
1967-03-30;-6.080841;-13.786773;-10.008793;746.94806;0.9511438;75.33842;100.0;0.8112318;317.18686;2559.6924;0.0013256127;-0.046147034;0.0;0.09009242;0.09010732;0.0;0.00048056245;1741.3422;6967.0967;-1668.7489;4436.537;-35.27;-229.80667
1967-03-31;-5.7558494;-12.1356;-9.927479;745.87915;0.7609666;77.64109;100.0;0.81148076;321.2871;2527.2625;0.5862601;-0.017691404;0.0;0.0897944;0.08978695;0.0;0.35735965;1680.9127;6562.526;-1513.035;4684.4565;-13.057777;-221.66112
1967-04-01;-5.593241;-14.28376;-10.167689;745.81976;0.892029;158.97029;100.0;0.81177455;325.14615;2498.169;0.00903678;-0.058233738;0.0;0.08946657;0.08948147;0.0;0.00029057264;1876.2866;7164.4688;-1767.3138;4346.0635;-44.803333;-235.41
1967-04-02;-3.7145386;-7.1352882;-9.256119;746.3647;0.89606;282.1033;100.0;0.81204146;328.71582;2472.2087;0.46135175;-0.0105192885;0.0;0.08916855;0.08916855;0.0;0.43090805;1512.4623;5651.1094;-732.83386;5771.4434;-7.7444444;-198.70334
1967-04-03;-1.5682882;-3.5684307;-5.365957;748.92645;0.91170555;239.88423;100.0;0.81226397;333.17123;2439.86;0.11051595;0.021220185;0.0;0.088870525;0.088863075;0.0;0.037275255;1576.2972;5762.433;-891.12665;5919.7144;17.49;-206.05556
1967-04-04;-2.277588;-3.8506978;-3.628339;745.5161;0.7762541;184.79852;100.0;0.8221607;332.72006;2469.9707;23.371464;-0.035290606;0.0;0.0885427;0.0885576;0.0;21.289005;635.66833;2430.35;-344.16833;6582.4043;-27.499445;-107.39889
1967-04-05;-4.9300437;-6.573822;-3.215688;743.0555;1.3906676;204.91559;100.0;0.8456953;321.49057;2631.3477;11.136192;-0.2259221;0.0;0.08824468;0.08825213;0.0;10.879747;1429.6877;6088.1245;-987.77;5836.4976;-177.03444;-450.4411
1967-04-06;-4.875193;-6.6282425;-4.1426797;747.5485;1.2035065;230.42308;100.0;0.84966445;325.54395;2612.8743;1.7143661;-0.21702982;0.0;0.08794665;0.087954104;0.0;1.7066188;1350.7611;5543.746;-1120.3541;5537.291;-170.01334;-383.22446
1967-04-07;-2.8239338;-5.9082847;-4.2936707;748.62885;0.81141853;97.71407;100.0;0.85175675;330.28418;2580.5256;6.7603292;-0.09608269;0.0;0.08764863;0.08764863;0.0;6.259333;1610.4344;6404.63;-931.2278;5923.91;-74.48111;-307.41223
1967-04-08;-1.3694662;-5.082499;-2.8142292;749.102;1.0202383;48.7624;100.0;0.8577053;332.81607;2580.5664;0.81383216;-0.06281026;0.021129847;0.10848045;0.08735061;0.31175092;0.323575;1560.5555;6274.024;-1282.8378;5613.1987;-48.256668;-276.76334
1967-04-09;-1.1091818;-6.347473;-3.0877888;750.935;1.2838037;42.236446;100.0;0.8575322;339.4961;2529.541;0.00230968;-0.13038516;0.020608306;0.10767579;0.08705258;0.29855967;0.0020712614;1904.0917;7181.5967;-1544.305;5278.45;-101.10445;-290.67667
1967-04-10;-1.1107584;-6.6314087;-3.5930278;750.5972;1.1108392;58.367115;100.0;0.8570959;345.50488;2484.8633;0.00084638596;-0.13202988;0.033676624;0.120431185;0.08676201;0.40911883;0.0;1851.8889;6717.1123;-1514.6425;5231.928;-99.64778;-240.67334
1967-04-11;-0.9008687;-6.3869834;-3.7587078;749.6352;1.0296072;159.754;100.0;0.85642743;350.96548;2444.8242;0.04926622;-0.17253496;0.068455935;0.15491247;0.08646399;0.75583905;0.0;2078.275;7276.0083;-1652.32;5091.158;-131.02777;-235.38667
1967-04-12;-1.5813904;-4.120565;-3.1210124;748.5584;1.0588478;171.41893;100.0;0.85758513;355.6263;2416.219;3.6946566;-0.09616744;0.08235872;0.16853213;0.086165965;0.6951839;1.2306347;1449.7089;4985.691;-1040.2911;5822.782;-73.02611;-189.67223
1967-04-13;-2.4529316;-6.1376038;-2.6015155;748.24384;1.7885036;33.940342;100.0;0.86205786;358.23633;2410.319;5.426261;-0.32844394;0.02707541;0.1129508;0.08587539;0.25021657;4.2757764;1526.8706;5522.0527;-1254.4225;5572.061;-255.1011;-229.64223
1967-04-14;-1.943339;-8.979553;-3.6480675;748.22046;1.7209133;25.582123;100.0;0.8634963;362.03418;2389.6892;0.00050961965;-0.32120013;0.006109476;0.091686845;0.08558482;0.06865151;7.0780516e-05;2259.3455;7896.583;-2102.7905;4520.671;-247.29666;-251.8811
1967-04-15;0.36490884;-9.112479;-4.4191537;747.3215;1.0959858;120.2499;100.0;0.8631363;366.39975;2361.0027;0.00086038635;-0.18591434;0.02759695;0.1128912;0.08529425;0.30344352;0.0;2352.0;7946.4746;-1970.7786;4692.0957;-140.18333;-208.76334
1967-04-16;0.17016602;-4.570709;-3.3316956;746.8904;0.923223;232.24434;100.0;0.86283827;370.63184;2334.0251;1.2197644;-0.11252519;0.114023685;0.19901991;0.085003674;0.96346253;0.044204295;1922.16;6302.6577;-1164.9689;5734.866;-84.17333;-215.9925
1967-04-17;-1.0592855;-2.1215923;-1.2724432;743.7046;0.5863215;230.98103;100.0;0.87566835;368.21875;2382.487;21.79451;-0.08309167;0.21834671;0.30307472;0.08472055;0.8536521;13.669561;796.11725;2987.2205;-182.62862;6979.201;-63.665554;-182.23111
1967-04-18;-1.2987467;-2.5148113;-0.41398367;743.67804;0.5775854;212.02177;100.0;0.8925136;362.57162;2465.9832;12.63076;-0.15283935;0.13418496;0.21862984;0.08444488;0.8174069;11.058632;982.48834;3728.601;-632.6014;6493.227;-117.94556;-228.66112
1967-04-19;-0.769104;-1.8133036;-0.22071712;744.59937;0.65643334;204.28062;100.0;0.8977394;365.1901;2463.9893;4.4564543;-0.16927719;0.27115643;0.3553331;0.08416921;1.8868483;2.4553611;1193.8989;4059.6682;-525.26416;6690.211;-130.37334;-252.01445
1967-04-20;-0.32044473;-1.1904806;-0.06352997;743.50146;0.9346531;176.96165;100.0;0.8967512;369.1748;2433.2275;16.078285;-0.22507273;1.5369878;1.6208738;0.08390099;5.8438144;8.063473;1456.4917;4311.001;-289.18054;7049.9043;-173.7;-316.15887
1967-04-21;-1.1966654;-1.9047241;-0.027346293;741.8182;1.1574794;167.48834;100.0;0.90188104;367.2018;2460.0422;14.912021;-0.22543594;1.5129;1.5965253;0.08362532;4.1241145;6.6251473;1023.47;3407.4734;-305.86694;6962.183;-175.11833;-324.06445
1967-04-22;-1.5220846;-2.9025981;-0.1280009;745.52594;1.1949177;217.53651;100.0;0.9072415;366.78354;2477.3762;4.693124;-0.33323467;0.29679388;0.38015842;0.08336455;1.9406452;3.953412;1385.9127;4758.0337;-706.8136;6467.6196;-258.44778;-345.7511
1967-04-23;-0.409434;-3.2699687;-0.09251022;745.57153;0.72358745;205.83086;100.0;0.9056821;370.99643;2444.4988;9.343485;-0.3953967;0.8534342;0.936538;0.08311123;5.4353046;7.800326;2036.5834;6069.67;-716.0297;6586.79;-304.9872;-353.99777
1967-04-24;-0.2854716;-1.7579956;-0.051085155;739.9698;0.7887742;109.99201;100.0;0.9165874;363.19272;2526.123;15.225347;-0.11794176;1.4403611;1.5241057;0.083744526;5.3752475;9.899231;1030.7828;3854.1628;-518.0442;6716.8496;-89.35;-216.67
1967-04-25;-0.86972046;-2.168813;-0.059637707;739.0401;1.0306221;206.52498;100.0;0.91761404;365.85938;2511.1492;8.045614;-0.30328518;1.12167;1.2043118;0.08264184;5.1797404;4.5828967;1625.3295;5410.2754;-558.8825;6726.1255;-234.13333;-382.74667
1967-04-26;-1.4871114;-2.48054;-0.06581751;741.2205;1.0490085;220.34015;100.0;0.91633797;369.79395;2481.0383;2.4535656;-0.39363188;0.58978796;0.6722361;0.082440674;3.1850748;1.5670285;1529.9706;4672.4463;-476.76443;6783.1167;-305.9811;-433.87
1967-04-27;-0.05135091;-1.7020975;-0.04591624;743.605;0.7546149;226.05049;100.0;0.91001797;374.72363;2431.9255;0.33274293;-0.3202725;1.6118139;1.6940832;0.08226931;9.558771;0.011593103;2322.754;6445.6445;-867.0267;6468.1978;-245.91888;-384.54
1967-04-28;-0.21300252;-3.0704956;-0.091542564;744.2132;0.8039961;60.220394;100.0;0.90036553;380.00195;2372.3958;1.6448544;-0.29107744;2.0374432;2.1283774;0.09094179;10.056637;0.025045127;2360.129;5990.846;-1028.2225;6228.5513;-222.30888;-295.47
1967-04-29;0.08580526;-2.888733;-0.12328466;745.3818;1.013732;54.700275;100.0;0.890106;384.97592;2314.8193;1.1048336;-0.4724506;2.3279042;2.4167151;0.08881837;11.223369;0.11156872;2516.935;5998.2266;-1013.69946;6254.317;-354.31668;-255.0089
1967-04-30;-0.20194499;-2.526418;-0.18245952;746.6526;1.0380414;108.849976;100.0;0.8793637;390.3112;2255.534;0.22280812;-0.45813993;2.420187;2.5366545;0.116452575;10.562766;0.0027753413;2955.0022;6690.1772;-1305.3436;5916.019;-342.55554;-281.99445
1967-05-01;0.1917928;-1.8975626;-0.13856888;751.159;1.0783584;138.35689;100.0;0.8674739;395.34082;2196.818;4.0039926;-0.53508395;3.2073708;3.3378453;0.13046712;12.713395;0.84507096;3019.3372;6586.2676;-1007.27386;6289.8843;-402.4811;-347.16
1967-05-02;1.4998373;-2.2629497;-0.09026209;753.9111;1.0116833;76.91423;100.0;0.8547527;398.8685;2145.5486;0.67378485;-0.32623297;4.177541;4.481733;0.30418485;16.509138;0.00010058284;2805.4229;6170.262;-1122.1267;6185.676;-237.45;-215.64223
1967-05-03;3.477356;-1.7790121;-0.1365509;754.2239;1.1200342;70.861305;100.0;0.8386903;403.50522;2081.0955;2.3537858;-0.3190208;5.5056515;5.6679845;0.16233325;16.702745;0.0;3223.479;6877.671;-1051.3663;6347.2593;-227.45833;-143.77444
1967-05-04;3.2230225;0.040547688;-0.03737386;752.4319;1.1150618;50.24145;100.0;0.81903225;407.15005;2014.1602;1.3132316;-0.2817083;7.3316393;8.295118;0.96347183;23.097816;0.0;3393.0466;7068.942;-1031.13;6446.5713;-198.16333;-191.6789
1967-05-05;2.7016296;0.4746704;-0.04654439;749.9029;1.2182679;41.237427;100.0;0.79765034;410.25522;1946.4926;2.31053;-0.2599014;6.8208127;7.395208;0.5744025;21.346218;0.0;3157.5571;6460.7163;-872.0553;6595.5835;-183.53166;-183.35333
1967-05-06;1.9598287;-0.11948649;-0.03166453;748.24316;1.4502212;32.2895;100.0;0.781079;413.18262;1892.0084;3.967273;-0.28160587;6.3875017;7.0895553;0.7020831;15.8638735;0.0108368695;2165.3762;4368.887;-558.9086;6831.9146;-208.55055;-123.11667
1967-05-07;2.6487224;0.0032857258;-0.07656606;749.0083;1.0471023;71.41993;100.0;0.761841;416.24252;1832.4789;0.09136796;-0.33527797;7.8718066;9.115637;1.2438297;21.909077;0.000230968;3429.439;6840.5146;-939.92303;6511.471;-241.21222;-213.95667
1967-05-08;2.5456238;0.8619792;-0.053653717;751.3484;1.0332268;71.003494;100.0;0.74177116;419.36655;1770.9554;2.0854702;-0.2053352;7.862985;8.856953;0.9939596;19.174826;0.0004079193;2677.544;5295.6265;-459.94778;7008.4424;-145.36833;-167.44556
1967-05-09;4.121277;0.43364462;-0.048235577;753.4393;1.0834442;67.681656;100.0;0.7185571;421.86655;1705.4443;0.013276935;-0.2640523;10.926143;12.723237;1.797095;25.613781;0.0;3485.5718;6846.9624;-1036.027;6449.981;-183.82777;-158.38333
1967-05-10;3.2037861;0.57681274;-0.09846624;752.67377;1.1096101;43.836193;100.0;0.69779235;425.2539;1642.7002;2.7460546;-0.19543526;8.316814;8.65823;0.34142286;17.939377;0.0;2865.8193;5600.3677;-750.5425;6648.49;-136.25778;-136.92667
1967-05-11;5.47817;-0.54485065;-0.0640653;752.09424;0.99000233;74.51074;100.0;0.6749422;428.15982;1578.4912;0.0064700837;-0.32427627;11.765018;13.545156;1.7801523;26.48722;0.0;3926.3867;7639.5645;-1253.2413;6254.4224;-227.65277;-136.48889
1967-05-12;4.843811;1.3689982;-0.09287516;750.07574;1.0350976;122.54995;100.0;0.65165097;431.18262;1513.3057;1.2581885;-0.17628446;9.11066;10.193467;1.0828078;22.159029;5.401671e-05;3309.4211;6416.9443;-985.69275;6459.4966;-119.26056;-127.388885
1967-05-13;3.5533955;2.0653381;-0.010368347;748.9543;0.9417732;103.95525;100.0;0.63238895;434.2562;1458.0078;18.272505;-0.0883583;16.216785;17.95955;1.7427728;20.422455;0.0;2334.314;4513.258;-298.5061;7210.62;-56.925556;-107.931114
1967-05-14;3.30601;2.5040283;0.0029271443;749.6311;1.1601603;167.18697;100.0;0.6094347;435.97427;1399.6989;6.4180284;-0.17550123;14.373406;17.394289;3.0208826;25.49585;0.0003054738;3283.4028;6336.461;-577.9067;6983.809;-120.15889;-194.5411
1967-05-15;3.9756877;-1.2602133;-0.05678304;751.05176;1.2286266;97.981285;100.0;0.582646;437.44922;1333.9437;0.19617677;-0.5277358;11.56348;13.263554;1.7000735;27.083866;7.4505806e-06;4161.743;8021.6133;-1454.9216;5997.094;-386.02667;-206.16444
1967-05-16;4.0996194;0.22467041;-0.11899948;749.72363;1.160296;61.536484;100.0;0.55912507;441.3662;1268.7988;3.5938263;-0.27430242;10.76001;11.912107;1.1520758;22.365074;0.0;3703.7073;7131.4624;-1041.4669;6384.0957;-190.98889;-148.77444
1967-05-17;2.9901326;1.4222208;-0.01474762;747.5859;1.0729004;52.088276;100.0;0.5396199;444.15723;1216.1865;23.804008;-0.119840726;21.486864;24.522484;3.0356197;18.31809;0.0;2187.72;4209.04;-378.72916;7077.081;-82.40667;-113.10778
1967-05-18;3.4483643;2.05424;-0.017164866;747.09454;0.89719456;127.67577;100.0;0.5194258;445.62012;1166.9922;3.3872635;-0.1922138;10.8636465;13.006687;2.1430478;22.286974;0.0;2899.078;5572.2188;-565.2325;6950.2876;-134.59111;-163.95778
1967-05-19;4.164337;1.0218405;-0.05422465;750.147;1.1055118;77.84774;100.0;0.4946042;447.2526;1107.3405;0.11791289;-0.33059716;12.496323;16.710863;4.214533;27.053923;0.0;3884.8806;7462.51;-1173.9305;6312.2056;-233.98778;-197.78555
1967-05-20;5.679413;-0.54574585;-0.10003916;752.53906;1.0943794;54.198315;100.0;0.4688793;449.5563;1044.1895;0.03260672;-0.31051785;10.561034;14.156595;3.5955534;25.649872;0.0;4056.2722;7787.8057;-1224.0172;6251.765;-215.77444;-123.433334
1967-05-21;6.001699;-1.4488119;-0.0901769;754.6468;1.1311027;61.617676;100.0;0.4418747;450.0;983.1543;0.0012516975;-0.40857774;12.385548;16.630114;4.244566;27.704939;0.00037625432;4276.7505;8207.191;-1291.0089;6199.503;-290.31055;-160.84889
1967-05-22;7.435496;-0.48309326;-0.09496689;755.63696;1.1744574;64.60923;100.0;0.41394758;450.0;921.0612;0.002998113;-0.33569428;12.616009;18.927008;6.311014;28.048683;0.0;4241.1597;8136.527;-1263.6394;6256.7065;-233.83556;-77.27333
1967-05-23;8.677307;0.6452535;-0.090293884;754.18677;1.267283;91.44599;100.0;0.38488665;450.0;856.6081;0.0;-0.3106594;12.457475;19.403727;6.9462433;29.55536;0.0;4281.0776;8211.409;-1271.4116;6271.432;-214.0089;-39.04111
1967-05-24;8.421041;0.85976154;-0.07751846;751.5063;1.1779289;109.181305;100.0;0.35692525;450.0;794.4743;1.938186;-0.28566086;12.129858;20.780876;8.6510105;26.904285;0.0;3778.476;7245.719;-932.42303;6626.62;-198.12833;-44.24
1967-05-25;6.316742;3.3768413;-0.05329005;750.07104;1.2338907;246.46883;100.0;0.32963374;450.0;734.0495;6.5531077;-0.17514266;16.041964;29.240906;13.198942;28.812658;0.0;3664.8794;7027.7;-1007.5489;6518.7334;-114.29222;-101.44111
1967-05-26;5.6953635;2.0189922;-0.12181091;750.46893;1.2200145;217.15477;100.0;0.3018968;450.0;672.3226;0.026811086;-0.31815004;11.438593;25.199324;13.760731;27.984068;0.0016838312;4011.4817;7691.3867;-1148.8613;6355.519;-222.02667;-156.55
1967-05-27;4.466797;0.6937561;-0.1952718;747.9773;1.3251504;211.12378;100.0;0.27684346;450.0;616.333;0.5518386;-0.45289844;9.922594;23.493916;13.5713215;23.10606;0.00010803342;3810.9895;7307.76;-1254.4011;6145.9243;-330.84113;-124.05222
1967-05-28;4.8622437;-0.63789874;-0.2574552;746.84344;1.2275728;269.50516;100.0;0.2548547;450.0;567.4642;0.030505657;-0.51900184;8.667975;21.950378;13.282403;21.309263;0.0;3828.4934;7339.142;-1373.8116;5974.987;-382.03555;-109.14111
1967-05-29;5.8134665;-0.14996338;-0.24903488;748.044;1.175225;213.83386;100.0;0.23177512;450.0;516.27606;0.21103024;-0.48420858;10.305524;23.443104;13.137587;24.107191;0.0;4477.035;8582.465;-1568.9795;5845.207;-350.33777;-129.48555
1967-05-30;6.6469016;1.7790018;-0.12484487;746.37335;0.66015434;207.67378;100.0;0.20862305;450.0;464.5996;4.4474306;-0.18711388;10.9042225;24.285168;13.380945;24.322596;0.0;3055.4377;5858.7056;-838.61664;6627.039;-126.83222;-85.20778
1967-05-31;3.7080586;2.3965862;-0.13195038;746.8841;1.0492722;213.32881;99.895996;0.1879644;450.0;418.61978;15.038021;-0.1664944;14.94357;31.136782;16.193241;21.495382;0.009089708;2920.65;5597.351;-709.38336;6707.503;-115.46333;-158.49889
1967-06-01;5.229197;0.23400879;-0.21138509;751.6694;1.0699633;243.41911;97.997475;0.16326137;450.0;364.17642;0.0062763686;-0.4975805;11.413664;28.900906;17.487257;27.53291;0.0;4290.2056;8146.69;-1429.9967;6067.899;-356.355;-199.67223
1967-06-02;8.088603;-1.5033773;-0.39860153;753.22186;1.108169;133.50041;95.75415;0.13709612;450.0;305.58267;0.047379732;-0.48410892;11.08244;27.270258;16.187824;25.659733;0.0;4309.1865;8082.8955;-1412.5573;6065.5166;-339.3278;-94.566666
1967-06-03;7.57666;1.3112997;-0.41017914;749.3321;1.6410584;199.83238;94.579506;0.11114641;450.0;247.88411;0.9245157;-0.6149234;11.274115;26.933311;15.659205;25.827497;0.0;4190.1196;7806.049;-1371.54;6119.7627;-439.22888;-17.217777
1967-06-04;6.13209;-1.4650167;-0.675504;746.1171;1.5768636;218.25838;92.611244;0.086840905;450.0;193.80696;1.7510716;-0.9389538;9.809271;24.145365;14.336102;22.61795;0.0;4442.556;8226.953;-1651.1106;5743.722;-689.7244;-122.88333
1967-06-05;2.3726196;-7.665731;-1.3355726;748.8162;1.4760386;29.337524;89.46957;0.06917747;446.44922;154.86653;0.62238574;-1.3567526;5.4783077;17.70018;12.221872;14.582589;0.1353044;4302.0737;7885.74;-1842.5122;5368.102;-1015.6189;-345.40445
1967-06-06;4.908152;-4.364695;-1.9143919;749.72876;1.094494;98.028404;86.467125;0.04996395;445.94077;112.101234;0.00085562066;-0.61468035;9.122878;21.48339;12.360514;21.46659;0.0;4679.0405;8434.404;-1888.12;5445.2573;-444.29224;-372.0478
1967-06-07;6.353607;-3.463267;-1.6790034;749.6735;1.2591739;99.3921;65.79752;0.029596686;445.97656;66.81315;0.025608217;-1.0018796;7.5693426;19.508123;11.938766;18.171825;0.0;4602.03;7675.2754;-1668.7544;5843.461;-711.68555;-347.87112
1967-06-08;6.5854797;-4.313639;-1.6743418;750.86426;1.4249145;137.35567;36.047283;0.015758237;445.97656;35.563152;0.047150254;-2.080094;3.8012266;14.224768;10.423556;10.860462;0.0;5554.3096;7950.5854;-1949.6616;5761.5767;-1458.8212;-571.5344
1967-06-09;6.660441;-2.2232258;-1.4618708;750.15894;1.1566852;151.49115;18.330322;0.008001804;445.97656;18.066406;0.6966084;-2.2830386;2.011344;11.820778;9.809427;5.843058;0.0;5807.4585;7706.3223;-2035.3417;5908.509;-1589.0144;-770.02
1967-06-10;8.350993;0.52385455;-0.76374435;750.32916;1.0358837;123.01093;8.385823;0.0036331415;445.97656;8.178711;0.2036035;-2.904551;1.005739;10.142103;9.136356;3.3478923;0.0;6110.012;7776.269;-2063.0444;6198.3657;-2018.1289;-836.5967
1967-06-11;8.81488;0.6845296;-0.2629458;751.26056;1.115747;86.86915;3.352295;0.0014483532;445.97656;3.2552083;0.3516078;-3.151061;0.43983757;8.883029;8.443192;1.4337003;0.0;5910.1562;7359.406;-2036.1156;6382.004;-2189.0166;-851.25446
1967-06-12;10.571777;1.7167257;-0.07483546;753.21356;1.2539139;30.899164;1.2285156;0.000527064;445.97656;1.3834635;0.0;-3.8042068;0.14689565;7.9155865;7.7686906;0.6173402;0.0;6451.8145;7957.849;-2203.5972;6419.7554;-2642.6746;-828.8
1967-06-13;11.437958;1.7502035;-0.060829163;753.0974;1.8455318;33.40549;0.39501953;0.00016907851;445.97656;0.36621094;0.0;-4.1922917;0.04415214;7.183671;7.1395187;0.2034083;0.0;6891.9937;8463.54;-2444.2495;6182.3105;-2912.2878;-925.94666
1967-06-14;13.090098;1.7423096;-0.14892578;751.38354;1.3728943;51.49831;0.12182617;5.217393e-05;437.78516;-7.345365e-21;0.0012950067;-4.233029;0.013276935;6.5824986;6.5692067;0.06568432;0.0;6967.4126;8538.02;-2584.2166;6181.015;-2940.5466;-779.26666
1967-06-15;14.54893;1.5513306;-0.030292511;750.9239;1.2722479;109.10494;0.03491211;1.4980634e-05;428.2578;-7.345365e-21;0.0;-4.390222;0.0036507845;6.0634613;6.0598106;0.019755214;0.0;6900.815;8444.666;-2469.1848;6405.9927;-3049.7422;-747.20557
1967-06-16;15.580495;-1.8036093;0.009991963;752.5769;1.2385833;138.08833;0.010172526;4.251798e-06;427.8125;-7.345365e-21;0.0;-4.5479527;0.00093877316;5.608469;5.6075454;0.0054240227;0.0;7073.512;8654.018;-2695.6123;6194.819;-3159.3123;-700.4089
1967-06-17;14.240682;-1.5337931;-0.006515503;750.9555;1.2143613;255.27144;0.0032552083;1.3113022e-06;427.8125;-7.345365e-21;0.0008626258;-4.27554;0.00032782555;5.206868;5.206533;0.0014863908;0.0;7029.4395;8598.764;-2706.6355;6121.6943;-2970.0762;-892.05334
1967-06-18;12.636189;-1.9386393;-0.017751059;747.1882;1.3407489;134.57431;0.0007324219;3.1789145e-07;427.8125;-7.345365e-21;0.07239878;-3.8242004;0.007838011;4.8587027;4.850879;0.00040605664;0.0;6525.1953;7980.7944;-2454.3079;6277.451;-2656.5457;-1019.6278
1967-06-19;10.442037;-2.103597;-0.010251363;744.6844;1.3724614;122.30036;0.0;-7.3453654e-25;427.8125;-7.345365e-21;2.5696528;-3.3073733;0.3193468;4.855141;4.5357943;0.00011920929;0.0;6099.265;7458.738;-2339.5532;6266.621;-2297.5222;-1233.8733
1967-06-20;9.312042;-2.4536133;-2.687177;745.6442;1.2914352;129.74466;0.0;-7.3453654e-25;234.77344;-7.345365e-21;0.07574558;-3.5631006;0.0069588423;4.261404;4.254431;3.7252903e-05;0.0;6501.1846;7949.332;-2427.8328;6125.5654;-2475.1667;-1297.7811
1967-06-21;10.434265;-1.684611;-3.5013733;748.5542;1.38384;174.97217;0.0;-7.3453654e-25;110.62856;-7.345365e-21;0.35235107;-3.4968603;0.03398955;4.035175;4.0011926;1.4901161e-05;0.0;6629.356;8105.042;-2447.7144;6197.8423;-2429.1523;-1373.0667
1967-06-22;12.026814;0.26723227;-0.6020635;748.06036;1.5271721;195.2954;0.0;-7.3453654e-25;100.602196;-7.345365e-21;0.10749698;-3.317602;0.009790063;3.78263;3.772825;0.0;0.0;6353.969;7767.438;-2257.2004;6499.5356;-2304.6277;-1373.0488
1967-06-23;10.371582;1.7576294;0.0099487305;748.20416;1.11945;191.4496;0.0;-7.3453654e-25;99.99998;-7.345365e-21;1.7021656;-2.8630729;0.17608702;3.74265;3.5665631;0.0;0.0;5850.8833;7151.473;-2095.429;6639.273;-1988.8811;-1365.7189
1967-06-24;10.508046;1.9511007;0.010307312;750.55585;1.2012844;112.26577;0.0;-7.3453654e-25;99.99998;-7.345365e-21;0.3820598;-3.0885422;0.033438206;3.4134388;3.3800006;0.0;0.0;5892.7417;7201.5923;-2165.0833;6588.3945;-2145.5066;-1318.3611
1967-06-25;12.519481;-0.12681071;0.009961446;752.2839;1.2362427;93.91504;0.0;-7.3453654e-25;99.99998;-7.345365e-21;0.0008746724;-3.5008593;8.940697e-05;3.2085776;3.2085032;0.0;0.0;6633.2754;8105.542;-2492.1194;6430.6626;-2431.9312;-1250.4512
1967-06-26;13.342682;3.8229878;0.009946187;751.7556;1.3388062;66.01177;0.0;-7.3453654e-25;99.99998;-7.345365e-21;0.0041127205;-3.1795688;0.0002682209;3.050983;3.0507147;0.0;0.0;6249.769;7636.02;-2268.1333;6823.2144;-2208.74;-1219.7744
1967-06-27;13.968547;4.904551;0.010124207;748.5666;1.5260267;93.93179;0.0;-7.3453654e-25;100.00519;-7.345365e-21;0.0016033892;-2.933895;0.00011920929;2.906084;2.9059796;0.0;0.0;6079.5146;7426.921;-2230.1973;6929.91;-2038.0789;-1309.6378
1967-06-28;13.523;4.2691956;0.009900411;748.1004;1.2637863;69.06537;0.0;-7.3453654e-25;99.99998;-7.345365e-21;0.004451594;-2.4856656;0.00029802322;2.7733743;2.7730613;0.0;0.0;5102.485;6232.4146;-1912.4061;7229.8496;-1726.7089;-1104.8767
1967-06-29;13.206024;3.7503254;0.009980519;748.461;1.7781054;46.99294;0.0;-7.3453654e-25;99.99998;-7.345365e-21;0.0050544734;-2.7950983;0.00040233135;2.65041;2.6500225;0.0;0.0;6469.231;7901.1924;-2549.2073;6625.2173;-1941.6611;-1566.4922
1967-06-30;13.803294;3.1330464;0.009813945;747.845;1.4978352;53.288284;0.0;-7.3453654e-25;100.00259;-7.345365e-21;0.030624866;-2.6680734;0.0022649765;2.5376976;2.5354476;0.0;0.0;6258.583;7642.94;-2423.7073;6851.4326;-1853.4222;-1491.96
1967-07-01;14.328644;3.468211;0.010206859;747.2876;1.272561;48.795338;0.0;-7.3453654e-25;99.99998;-7.345365e-21;0.028705595;-2.27971;0.002115965;2.431333;2.429217;0.0;0.0;5565.9976;6796.2446;-2230.5488;7054.281;-1583.6389;-1321.3511
1967-07-02;14.1979065;4.429148;0.0039761863;748.4428;1.7262961;39.90944;0.0;-7.3453654e-25;100.00519;-7.345365e-21;0.33157468;-2.151709;0.023558736;2.3543835;2.3308024;0.0;0.0;5749.6113;7019.527;-2351.6982;6960.0244;-1494.7211;-1518.6311
1967-07-03;14.915578;3.9400532;-0.005833944;749.20703;1.695525;48.202435;0.0;-7.3453654e-25;100.01267;-7.345365e-21;0.0012922683;-2.4722571;8.940697e-05;2.238378;2.238296;0.0;0.0;6897.7837;8420.179;-2816.9429;6634.7554;-1717.3955;-1845.5011
1967-07-04;16.088308;1.9117838;0.003431956;746.25775;1.4319457;114.06823;0.0;-7.3453654e-25;100.00779;-7.345365e-21;0.0;-2.3116703;0.0;2.1511168;2.1511092;0.0;0.0;6641.673;8106.4644;-2792.6455;6760.906;-1605.84;-1742.1478
1967-07-05;15.033153;-0.36461386;0.010014852;747.5153;1.5724055;155.05945;0.0;-7.3453654e-25;99.99998;-7.345365e-21;0.00097155565;-2.0835996;5.9604645e-05;2.069503;2.0694435;0.0;0.0;6773.0923;8265.765;-2915.6206;6555.2295;-1447.4078;-2075.6511
1967-07-06;15.160146;-2.9403584;0.009649913;748.70636;1.18326;185.7784;0.0;-7.3453654e-25;99.99998;-7.345365e-21;0.0008583069;-2.0447812;5.9604645e-05;1.9927025;1.9926578;0.0;0.0;7084.987;8645.32;-3220.9795;6261.1187;-1420.44;-2004.4545
1967-07-07;15.632294;-1.6662496;0.009911855;748.47577;1.2169935;117.4;0.0;-7.3453654e-25;99.99998;-7.345365e-21;0.0;-1.9588917;0.0;1.920253;1.920253;0.0;0.0;7029.032;8575.963;-3186.3262;6405.2334;-1360.7778;-2023.3223
1967-07-08;15.455068;-2.9891255;0.00990804;747.96655;1.181349;120.71595;0.0;-7.3453654e-25;99.99998;-7.345365e-21;0.0012993806;-1.8687658;8.940697e-05;1.8520951;1.8520206;0.0;0.0;7097.066;8657.836;-3316.5012;6267.493;-1298.169;-2049.2222
1967-07-09;15.104695;-1.3627014;0.009963989;746.7872;1.2734655;118.76945;0.0;-7.3453654e-25;99.99998;-7.345365e-21;0.0;-1.6625841;0.0;1.787737;1.7877445;0.0;0.0;6491.7783;7918.2456;-2920.4316;6665.041;-1154.9417;-1987.1311
1967-07-10;15.598134;0.5781148;0.01007843;745.8182;1.2434775;97.387085;0.0;-7.3453654e-25;99.99998;-7.345365e-21;0.008323789;-1.5116158;0.00040233135;1.7277002;1.7272979;0.0;0.0;5851.298;7136.0522;-2597.7883;7047.2373;-1050.0688;-1744.4556
1967-07-11;16.776175;2.4486084;0.010089874;747.3484;1.1413268;77.632164;0.0;-7.3453654e-25;99.99998;-7.345365e-21;0.004157424;-1.5356262;0.00025331974;1.6704351;1.6701818;0.0;0.0;5875.6567;7164.951;-2616.7866;7198.2617;-1066.7478;-1687.6877
1967-07-12;18.13272;3.44398;0.010125478;749.65814;1.2323451;87.79307;0.0;-7.3453654e-25;99.99998;-7.345365e-21;0.0;-1.735881;0.0;1.6157329;1.6157329;0.0;0.0;6873.5557;8380.862;-3078.2856;6956.0166;-1205.8589;-1975.8822
1967-07-13;18.998343;2.3026936;0.009614308;750.9119;1.3515545;96.046745;0.0;-7.3453654e-25;100.00519;-7.345365e-21;0.00044107434;-1.6860329;2.9802322e-05;1.5637279;1.563698;0.0;0.0;6886.681;8395.779;-3134.7778;6953.838;-1171.2311;-2041.2533
1967-07-14;19.417664;1.5122274;0.009802501;753.1342;1.3456794;126.39756;0.0;-7.3453654e-25;99.99998;-7.345365e-21;0.0021438964;-1.6490389;0.00014901161;1.514405;1.5142858;0.0;0.0;6888.025;8396.321;-3219.2927;6909.823;-1145.5333;-2044.1367
1967-07-15;19.069437;-0.1365153;0.009840648;752.2238;1.3130208;119.408875;0.0;-7.3453654e-25;99.99998;-7.345365e-21;0.0;-1.5943553;0.0;1.4672875;1.4673024;0.0;0.0;6906.2954;8417.491;-3293.0833;6799.439;-1107.5455;-2037.2866
1967-07-16;18.46521;0.9746297;0.010269165;750.2475;1.3607131;114.52097;0.0;-7.3453654e-25;99.99998;-7.345365e-21;0.0;-1.5236921;0.0;1.422584;1.422584;0.0;0.0;6880.458;8384.103;-3189.8645;6909.1143;-1058.4578;-2137.8345
1967-07-17;17.764517;3.2951763;0.00974528;748.47144;1.5365782;100.058655;0.0;-7.3453654e-25;99.99998;-7.345365e-21;0.00082850456;-1.4087986;5.9604645e-05;1.3801157;1.3800412;0.0;0.0;6639.4185;8088.4683;-2961.0906;7112.9756;-978.64557;-2245.5923
1967-07-18;17.04181;5.441793;0.010056813;747.77655;1.3978667;60.09712;0.0;-7.3453654e-25;100.00259;-7.345365e-21;0.055065297;-1.0714558;0.0031888485;1.3431907;1.339972;0.0;0.0;5229.8643;6369.992;-2144.619;7793.447;-744.30554;-1910.0355
1967-07-19;17.001669;3.121399;0.010033925;747.1431;1.3844134;114.46111;0.0;-7.3453654e-25;99.99998;-7.345365e-21;0.12360095;-1.1047432;0.006005168;1.308158;1.3021529;0.0;0.0;5221.2393;6358.0557;-2335.0784;7515.3735;-767.4278;-1893.5789
1967-07-20;16.255035;1.2098999;0.010100047;748.1594;1.5107604;121.79374;0.0;-7.3453654e-25;99.99998;-7.345365e-21;0.0023484225;-1.054598;0.00011920929;1.2662262;1.2660995;0.0;0.0;5243.311;6383.4634;-2377.6328;7353.2583;-732.5933;-1915.0033
1967-07-21;17.135275;2.6364644;0.010040283;749.80975;1.5177002;166.74448;0.0;-7.3453654e-25;99.99998;-7.345365e-21;0.0006854534;-1.1813473;2.9802322e-05;1.2314022;1.2313724;0.0;0.0;6123.1274;7453.0166;-2840.5266;7016.1133;-820.6433;-2195.1843
1967-07-22;18.455667;2.251414;0.009618123;753.04645;1.2169803;88.315865;0.0;-7.3453654e-25;99.99998;-7.345365e-21;0.00085234636;-1.3811625;5.9604645e-05;1.1977851;1.1977553;0.0;0.0;6799.569;8274.473;-3170.422;6973.886;-959.4489;-2074.2378
1967-07-23;19.606497;1.9240417;0.009914398;752.93384;1.4051509;95.87296;0.0;-7.3453654e-25;99.99998;-7.345365e-21;0.0012864375;-1.360869;7.4505806e-05;1.1654049;1.165323;0.0;0.0;6811.2593;8286.858;-3240.896;7028.8135;-945.35223;-2100.3044
1967-07-24;18.740194;3.543874;0.009797414;748.45215;1.6577617;85.282745;0.0;-7.3453654e-25;99.99998;-7.345365e-21;0.010961716;-1.2282785;0.0006109476;1.134932;1.1343211;0.0;0.0;6337.3037;7708.4526;-2937.0356;7295.656;-853.24335;-2097.0579
1967-07-25;15.966411;5.4471335;0.009927114;746.97363;2.177251;41.932266;0.0;-7.3453654e-25;100.06834;-7.345365e-21;0.03959579;-1.0017399;0.0022947788;1.1071712;1.1048839;3.7252903e-06;0.0;6150.6016;7479.634;-2825.4934;7002.1978;-695.87555;-2511.2957
1967-07-26;15.981059;4.0183616;0.009995778;745.5954;1.3786421;45.905903;0.0;-7.3453654e-25;99.99998;-7.345365e-21;0.5205512;-1.1674547;0.02861023;1.1053681;1.0767579;0.0;0.0;6340.0723;7708.496;-2876.199;7004.0767;-810.99225;-2299.9268
1967-07-27;15.079091;5.0706787;0.01001358;745.6453;1.3713416;61.76518;0.0;-7.3453654e-25;100.00519;-7.345365e-21;1.3918519;-1.2393743;0.092446804;1.1423528;1.049906;0.0;0.0;5653.5234;6872.0615;-2491.4202;7236.5347;-860.9522;-2111.4612
1967-07-28;15.055359;5.167318;0.010044098;747.063;1.3074294;80.75272;0.0;-7.3453654e-25;99.99998;-7.345365e-21;0.61095357;-1.4547259;0.03296137;1.0573715;1.0244101;0.0;0.0;5196.977;6315.939;-2332.2615;7224.77;-1010.55;-1760.9078
1967-07-29;16.083862;1.0612183;0.009942372;748.57196;1.4928926;145.45976;0.0;-7.3453654e-25;99.99998;-7.345365e-21;0.0008523463;-1.4773253;2.9802322e-05;0.9998381;0.9998083;0.0;0.0;5943.6045;7221.49;-2776.3691;6829.9478;-1026.2489;-1978.9645
1967-07-30;16.520508;-0.975179;0.009955089;748.7524;1.2832922;116.35874;0.0;-7.3453654e-25;99.99998;-7.345365e-21;0.0;-1.434071;0.0;0.97575784;0.97575784;0.0;0.0;6718.2773;8160.8276;-3127.9155;6695.9365;-996.2022;-2151.5845
1967-07-31;17.954172;4.5787864;0.009971619;748.01227;1.3785853;95.58474;0.0;-7.3453654e-25;100.00259;-7.345365e-21;0.0013021018;-1.2113359;7.4505806e-05;0.952512;0.9524375;0.0;0.0;6384.1113;7753.278;-2856.1162;7210.8745;-841.4756;-2195.5322
1967-08-01;19.043793;6.2327576;0.010119121;748.0191;1.4392446;96.494385;0.0;-7.3453654e-25;99.99998;-7.345365e-21;0.0;-1.132233;0.0;0.92995167;0.92995167;0.0;0.0;6379.8696;7746.4463;-2851.6367;7361.5757;-786.52386;-2254.89
1967-08-02;19.269958;3.990265;0.009722392;749.39154;1.4109591;114.60943;0.0;-7.3453654e-25;99.99998;-7.345365e-21;0.0004351138;-1.1051363;2.9802322e-05;0.9082407;0.9082332;0.0;0.0;6566.2275;7970.934;-3075.5168;7129.5356;-767.70166;-2353.8733
1967-08-03;19.650064;1.0810242;0.009859721;749.52423;1.3987889;115.603584;0.0;-7.3453654e-25;99.99998;-7.345365e-21;0.0025808804;-1.0913564;0.00014901161;0.88745356;0.88730454;0.0;0.0;6642.758;8061.9946;-3199.5112;7020.036;-758.1278;-2267.4255
1967-08-04;19.681784;2.4436035;0.009913127;748.2216;1.5188621;110.09128;0.0;-7.3453654e-25;99.99998;-7.345365e-21;0.0026901334;-1.0155327;0.00011920929;0.867337;0.8672029;0.0;0.0;6275.6445;7614.662;-2954.2175;7277.5635;-705.45667;-2210.4766
1967-08-05;19.20755;5.5433145;0.009905498;747.3422;1.5328351;96.77048;0.0;-7.3453654e-25;100.00519;-7.345365e-21;0.81872344;-1.0622926;0.04890561;0.8968115;0.8479059;0.0;0.0;5953.6953;7222.423;-2668.5464;7527.222;-737.94;-2181.5745
1967-08-06;19.082062;7.27416;0.0101458235;747.476;1.4790758;91.70449;0.0;-7.3453654e-25;99.99998;-7.345365e-21;0.6953716;-1.3385881;0.036492944;0.8658618;0.8293614;0.0;0.0;6016.2886;7296.811;-2597.583;7564.293;-929.87335;-2153.1733
1967-08-07;18.856415;4.5142617;0.009980519;748.37396;1.5342504;101.73868;0.0;-7.3453654e-25;99.99998;-7.345365e-21;0.5255282;-1.4563007;0.027701259;0.8391142;0.81141293;0.0;0.0;6280.1357;7615.172;-2842.049;7250.4653;-1011.6433;-2165.838
1967-08-08;18.02601;3.112976;0.010153453;748.90576;1.3697252;119.79972;0.0;-7.3453654e-25;99.99998;-7.345365e-21;0.00013411045;-1.300769;0.0;0.7940233;0.7940233;0.0;0.0;6167.249;7476.5415;-2887.1794;7126.1455;-903.60114;-2139.5356
1967-08-09;18.284079;2.8510334;0.010149638;749.59106;1.320679;91.03873;0.0;-7.3453654e-25;99.99998;-7.345365e-21;0.0012874597;-1.0033818;7.4505806e-05;0.7773042;0.77722967;0.0;0.0;5511.073;6679.654;-2646.6494;7370.174;-697.01556;-1884.8088
1967-08-10;17.836893;2.8881633;0.009600322;748.55145;1.491849;89.96433;0.0;-7.3453654e-25;99.99998;-7.345365e-21;0.1112783;-0.8896906;0.0052154064;0.7663071;0.76109916;0.0;0.0;5466.0728;6623.7954;-2524.7334;7497.9917;-618.0389;-1997.4089
1967-08-11;16.091055;4.844584;0.010073344;748.61566;1.3499931;103.49152;0.0;-7.3453654e-25;100.00519;-7.345365e-21;0.10750294;-0.7830448;0.005155802;0.7507801;0.7456243;0.0;0.0;4866.403;5895.7163;-2284.5771;7552.215;-543.95557;-1917.4967
1967-08-12;16.263794;3.8236897;0.009630839;749.43976;1.3101916;91.76639;0.0;-7.3453654e-25;99.99998;-7.345365e-21;0.10596514;-0.86493325;0.0053346157;0.73596835;0.73063374;0.0;0.0;5521.903;6688.3735;-2567.7966;7337.671;-600.8411;-2085.0479
1967-08-13;16.101236;3.1009624;0.010189056;750.0137;1.138349;85.23639;0.0;-7.3453654e-25;99.99998;-7.345365e-21;0.54861903;-0.9082444;0.028774142;0.74486434;0.7161051;0.0;0.0;5172.312;6263.4653;-2612.1648;7158.792;-630.9267;-1812.4255
1967-08-14;17.766073;2.9664917;0.010082245;751.54865;1.0841858;68.53954;0.0;-7.3453654e-25;99.99998;-7.345365e-21;0.0046315044;-1.1148993;0.0001937151;0.7021725;0.70197135;0.0;0.0;5898.1416;7140.867;-2882.6956;7115.6567;-774.48444;-1871.9756
1967-08-15;18.59838;3.5148113;0.0097300215;752.68243;1.3373638;81.21025;0.0;-7.3453654e-25;99.99998;-7.345365e-21;0.00085332815;-0.9418875;4.4703484e-05;0.6881505;0.6881058;0.0;0.0;5817.9966;7042.259;-2858.2764;7212.422;-654.2989;-1974.0377
1967-08-16;19.19748;2.4808655;-0.010684967;752.1296;1.5349494;152.15572;0.0;-7.3453654e-25;100.02212;-7.345365e-21;0.002519675;-0.86409974;0.00011920929;0.6747991;0.6746873;0.0;0.0;5989.7573;7249.2437;-2967.5962;7088.5376;-600.2611;-2126.7979
1967-08-17;17.80073;-0.2823588;0.007583618;750.20557;1.4295244;115.800354;0.0;-7.3453654e-25;100.0104;-7.345365e-21;0.0;-0.8724276;0.0;0.66164136;0.66164136;0.0;0.0;6437.4883;7790.1543;-3246.6167;6767.479;-606.04553;-2314.8677
1967-08-18;17.705423;3.8647664;0.009899139;748.3604;1.1665304;80.11503;0.0;-7.3453654e-25;100.00519;-7.345365e-21;0.005736947;-0.8276934;0.00028312206;0.6492436;0.6489605;0.0;0.0;5924.6367;7168.4463;-2844.5977;7256.29;-574.9717;-2156.0122
1967-08-19;17.601736;3.9079285;0.010018666;746.64233;1.2455616;99.73901;0.0;-7.3453654e-25;99.99998;-7.345365e-21;0.18094367;-0.83025825;0.009194016;0.6458461;0.6366521;0.0;0.0;5971.606;7224.737;-2988.2566;7035.5815;-576.7522;-2159.9255
1967-08-20;16.08368;-1.7830709;0.010096232;747.2507;1.4787303;117.48942;0.0;-7.3453654e-25;99.99998;-7.345365e-21;0.0016658632;-0.78227746;7.4505806e-05;0.6248951;0.6248206;0.0;0.0;5750.21;6955.9233;-3022.119;6651.529;-543.42224;-2242.7922
1967-08-21;16.72757;-5.9006753;0.0099487305;749.811;1.1532193;95.08612;0.0;-7.3453654e-25;99.99998;-7.345365e-21;0.0012842711;-0.845829;6.7055225e-05;0.6133765;0.613302;0.0;0.0;6352.6597;7683.862;-3420.5522;6364.2725;-587.5689;-2077.6377
1967-08-22;17.1939;-0.89367676;0.0096588135;750.04877;1.3419785;93.8003;0.0;-7.3453654e-25;99.99998;-7.345365e-21;0.0008632067;-0.79734063;4.4703484e-05;0.6020814;0.60204417;0.0;0.0;6119.7793;7401.2666;-3137.6682;6759.188;-553.88446;-2121.8289
1967-08-23;18.21702;-0.45217896;0.009727478;749.33356;1.4762205;98.891396;0.0;-7.3453654e-25;99.99998;-7.345365e-21;0.0;-0.788888;0.0;0.59109926;0.59111416;0.0;0.0;6187.6973;7482.5474;-3226.331;6731.4106;-548.01447;-2125.0544
1967-08-24;18.358969;-0.5959676;0.009642283;749.8723;1.5960069;110.147545;0.0;-7.3453654e-25;99.99998;-7.345365e-21;0.0012874597;-0.7523689;7.4505806e-05;0.58056414;0.58050454;0.0;0.0;6121.8896;7402.0244;-3149.3765;6765.2285;-522.64557;-2193.0977
1967-08-25;17.411774;-1.5141602;0.009966533;750.3211;1.4544553;106.421974;0.0;-7.3453654e-25;99.99998;-7.345365e-21;0.00062584877;-0.73624027;2.9802322e-05;0.57022274;0.57020783;0.0;0.0;6091.5254;7364.4126;-3236.6194;6606.831;-511.44223;-2195.8079
1967-08-26;16.944489;-4.555176;0.009957631;749.8143;1.3358668;94.48734;0.0;-7.3453654e-25;99.99998;-7.345365e-21;0.0012945847;-0.7427204;7.4505806e-05;0.56025386;0.5601868;0.0;0.0;6145.1074;7428.3105;-3385.579;6393.3057;-515.94336;-2073.088
1967-08-27;16.325693;0.072397865;0.010063171;749.5545;1.3011814;84.90617;0.0;-7.3453654e-25;99.99998;-7.345365e-21;0.0004351138;-0.7090252;2.9802322e-05;0.5504489;0.55044144;0.0;0.0;5892.755;7122.405;-3028.5361;6781.4155;-492.53665;-2096.2056
1967-08-28;16.43514;0.69884235;0.010166168;750.73047;1.2288202;64.91041;0.0;-7.3453654e-25;99.99998;-7.345365e-21;0.0008460162;-0.66674685;4.4703484e-05;0.54101646;0.54098666;0.0;0.0;5500.261;6647.3843;-2808.9133;7014.4644;-463.16666;-1988.8167
1967-08-29;16.721954;-1.6058044;0.009894053;751.39185;1.3397888;139.64912;0.0;-7.3453654e-25;99.99998;-7.345365e-21;0.0004351138;-0.6840937;2.2351742e-05;0.53180754;0.53179264;0.0;0.0;5641.2354;6816.863;-2991.8716;6803.634;-475.21667;-1990.6133
1967-08-30;16.165731;-1.1773071;0.010121663;751.31256;1.4108526;152.99164;0.0;-7.3453654e-25;99.99998;-7.345365e-21;0.001277609;-0.66041297;7.4505806e-05;0.52292645;0.5228594;0.0;0.0;5810.737;7020.6777;-3014.6204;6730.419;-458.76666;-2176.7566
1967-08-31;16.85731;-0.77145386;0.009927114;751.56104;1.2618642;118.4717;0.0;-7.3453654e-25;99.99998;-7.345365e-21;0.0004351138;-0.6791623;2.9802322e-05;0.51417947;0.5141571;0.0;0.0;5730.3413;6922.792;-3032.0742;6764.2056;-471.79224;-2019.1544
1967-09-01;15.415761;-2.520284;0.009970347;750.9029;1.3391671;121.84188;0.0;-7.3453654e-25;99.99998;-7.345365e-21;0.0;-0.63702834;0.0;0.5056858;0.5056858;0.0;0.0;5922.315;7153.811;-3216.9424;6377.4243;-442.52112;-2200.8254
1967-09-02;15.324341;-3.931549;0.009911855;751.155;1.2297274;139.71698;0.0;-7.3453654e-25;99.99998;-7.345365e-21;0.0004351138;-0.6376244;2.9802322e-05;0.49746037;0.49744546;0.0;0.0;5892.7715;7117.3564;-3343.3616;6185.0024;-442.93668;-2033.8011
1967-09-03;15.685567;-6.5792236;0.010117848;751.4683;1.3122756;171.36487;0.0;-7.3453654e-25;99.99998;-7.345365e-21;0.0012814989;-0.6315867;5.9604645e-05;0.48950315;0.48942864;0.0;0.0;5890.8784;7114.213;-3398.564;6094.517;-438.74222;-1916.9778
1967-09-04;16.535055;-7.1791177;0.010009766;752.0185;1.2229866;133.74568;0.0;-7.3453654e-25;99.99998;-7.345365e-21;0.0008543303;-0.6581061;4.4703484e-05;0.48165023;0.48160553;0.0;0.0;5763.436;6959.4873;-3206.8403;6441.3345;-457.16333;-1802.3289
1967-09-05;16.253134;-3.1874187;0.010066986;751.831;1.3108339;116.59595;0.0;-7.3453654e-25;99.99998;-7.345365e-21;0.00044107434;-0.60360974;1.4901161e-05;0.47397614;0.47397614;0.0;0.0;5417.1035;6540.5176;-2922.2598;6722.819;-419.30667;-1909.7433
1967-09-06;15.745209;-2.4832256;0.009796143;749.2756;1.4073415;120.82388;0.0;-7.3453654e-25;99.99998;-7.345365e-21;0.0017182647;-0.59263223;8.940697e-05;0.46664476;0.46657026;0.0;0.0;5632.332;6799.501;-3059.9482;6502.609;-411.68222;-2068.8079
1967-09-07;14.2387495;-2.4687603;0.00969696;747.7629;1.2305794;152.93407;0.0;-7.3453654e-25;99.99998;-7.345365e-21;0.0008583069;-0.57543814;4.4703484e-05;0.4593879;0.45935065;0.0;0.0;5638.6494;6806.34;-3099.8398;6323.0386;-399.7389;-2063.0657
1967-09-08;13.267385;-2.3682353;0.009853363;749.68317;1.4425864;165.56667;0.0;-7.3453654e-25;99.99998;-7.345365e-21;0.0021376282;-0.51955694;0.00010430813;0.45245886;0.4523471;0.0;0.0;5511.1816;6651.699;-2907.916;6361.249;-360.91888;-2215.2932
1967-09-09;13.517242;-1.0183614;0.009797414;752.7216;1.1766253;202.22755;0.0;-7.3453654e-25;99.99998;-7.345365e-21;0.008265008;-0.4481338;0.00040233135;0.44600666;0.44560432;0.0;0.0;4494.52;5424.0093;-2531.1023;6673.222;-311.30444;-1654.0033
1967-09-10;13.327617;-0.3782959;0.0099436445;752.30835;1.2963492;106.4002;0.0;-7.3453654e-25;99.99998;-7.345365e-21;0.0033658342;-0.48284417;0.00014901161;0.43919683;0.4390478;0.0;0.0;4550.134;5490.434;-2436.245;6868.3438;-335.41556;-1632.4434
1967-09-11;12.24292;2.4512432;0.009887695;750.67377;1.4096308;47.279327;0.0;-7.3453654e-25;99.99998;-7.345365e-21;0.9641528;-0.6078351;0.055655837;0.48828125;0.4326105;0.0;0.0;4937.297;5956.746;-2581.4302;6676.822;-422.24222;-1899.3511
1967-09-12;12.465057;0.8851929;0.010052999;751.29254;1.7243568;40.41177;0.0;-7.3453654e-25;99.99998;-7.345365e-21;0.0015556811;-0.83980525;7.4505806e-05;0.42639673;0.42632222;0.0;0.0;5403.5854;6518.6943;-2966.6245;6174.6323;-583.38446;-1853.69
1967-09-13;13.46169;-0.43433633;0.009824117;752.81964;1.1719446;75.56144;0.0;-7.3453654e-25;99.99998;-7.345365e-21;0.003687538;-0.74606574;0.00015646219;0.42028725;0.4201308;0.0;0.0;5331.5557;6431.0234;-2925.0747;6373.067;-518.26666;-1682.0056
1967-09-14;14.364543;-2.2220154;0.010210673;754.3133;1.1042906;70.21046;0.0;-7.3453654e-25;99.99998;-7.345365e-21;0.0008702277;-0.6739981;4.4703484e-05;0.41405857;0.41402876;0.0;0.0;5289.2163;6379.231;-3006.1792;6409.317;-468.20444;-1651.0044
1967-09-15;14.320964;-3.7291768;0.009854634;752.6555;1.3574687;86.8252;0.0;-7.3453654e-25;99.99998;-7.345365e-21;0.32419562;-0.6207228;0.015676022;0.42378902;0.40812045;0.0;0.0;4961.2456;5982.9106;-2761.061;6539.43;-431.19556;-1629.2855
1967-09-16;13.801392;-4.222799;0.010190328;748.96844;1.4209;108.91738;0.0;-7.3453654e-25;99.99998;-7.345365e-21;0.03262499;-0.60360134;0.0014007092;0.40382147;0.4023984;0.0;0.0;4881.4556;5881.5767;-2856.0518;6340.577;-419.30222;-1661.9789
1967-09-17;13.131795;-4.1079507;0.009927114;748.0598;1.1850483;255.482;0.0;-7.3453654e-25;99.99998;-7.345365e-21;0.001283961;-0.5672313;5.9604645e-05;0.39686263;0.39678812;0.0;0.0;5254.4463;6325.46;-3016.3188;6098.973;-394.03778;-1809.0667
1967-09-18;11.027385;-1.3410441;0.009798686;747.0352;1.4016377;219.77992;0.0;-7.3453654e-25;99.99998;-7.345365e-21;0.009196997;-0.44481176;0.00044703484;0.39178133;0.3913492;0.0;0.0;4786.175;5756.7246;-2551.5217;6383.737;-308.99667;-1917.5466
1967-09-19;7.9144387;3.4595642;0.009707133;747.0599;1.0381986;232.19353;0.0;-7.3453654e-25;99.99998;-7.345365e-21;11.2900915;-0.9841416;0.7227361;1.109004;0.38626045;0.0;0.0;3352.3967;4028.7517;-1747.1011;6742.193;-683.65;-1336.6156
1967-09-20;9.131287;1.3299052;0.009845734;750.1374;1.0632149;153.27782;0.0;-7.3453654e-25;99.99998;-7.345365e-21;0.186342;-1.6774889;0.00962615;0.39100647;0.38136542;0.0;0.0;4015.004;4820.759;-2063.8577;6425.8945;-1165.2955;-1010.60333
1967-09-21;10.356445;0.009145101;0.009660085;752.11395;1.1441333;179.97382;0.0;-7.3453654e-25;99.99998;-7.345365e-21;0.0017285338;-1.8685497;8.940697e-05;0.37649274;0.37640333;0.0;0.0;5050.144;6058.3457;-2560.3384;6050.1387;-1298.0189;-1230.1133
1967-09-22;9.802775;0.40620932;0.00976181;751.8719;1.047495;137.55952;0.0;-7.3453654e-25;99.99998;-7.345365e-21;0.9852946;-1.6236231;0.052273273;0.42378902;0.37150085;0.0;0.0;4745.7266;5688.219;-2246.1616;6396.007;-1127.8778;-1307.6378
1967-09-23;8.674286;3.1885376;0.00990804;751.45215;1.1103228;48.952015;0.0;-7.3453654e-25;99.99998;-7.345365e-21;0.89487433;-1.4662743;0.044748187;0.41152537;0.36678463;0.0;0.0;4123.5396;4937.789;-2162.7285;6412.858;-1018.5722;-1148.6344
1967-09-24;9.566498;1.0281881;0.010335286;753.3577;1.3490969;50.807156;0.0;-7.3453654e-25;99.99998;-7.345365e-21;0.000500679;-1.57357;2.9802322e-05;0.36215782;0.36214292;0.0;0.0;4795.0957;5737.3545;-2409.3984;6227.641;-1093.1078;-1270.92
1967-09-25;10.547069;-0.53516644;0.00981013;753.1501;1.2428868;73.78735;0.0;-7.3453654e-25;99.99998;-7.345365e-21;0.0;-1.4461875;0.0;0.35750866;0.35750866;0.0;0.0;4921.8813;5884.033;-2625.4216;6075.2046;-1004.6178;-1240.0289
1967-09-26;9.017415;-1.9815573;0.009897868;750.665;1.1967205;106.49572;0.0;-7.3453654e-25;99.99998;-7.345365e-21;0.38886967;-1.1270866;0.01835078;0.37136674;0.35301596;0.0;0.0;3928.3667;4692.285;-2206.15;6309.3574;-782.9489;-1056.1411
1967-09-27;8.730275;-2.827769;0.009895325;749.3186;1.3428508;121.33722;0.0;-7.3453654e-25;99.99998;-7.345365e-21;0.19259751;-1.1307886;0.009402633;0.3580749;0.34865737;0.0;0.0;4405.791;5257.953;-2313.5522;6215.1646;-785.5222;-1369.2234
1967-09-28;8.530101;-2.1558125;0.0098724365;749.95404;1.2018543;114.55547;0.0;-7.3453654e-25;99.99998;-7.345365e-21;2.0896494;-1.1479911;0.10691583;0.45132637;0.34441054;0.0;0.0;4274.2314;5096.351;-2149.2612;6367.259;-797.4711;-1304.6344
1967-09-29;7.6945496;-3.2492676;0.009771983;750.9056;1.2001164;133.87425;0.0;-7.3453654e-25;99.99998;-7.345365e-21;0.00044107434;-1.1029952;2.9802322e-05;0.34028292;0.34026802;0.0;0.0;4332.4453;5161.3613;-2331.6272;6062.493;-766.2133;-1440.4845
1967-09-30;8.182912;-5.1630454;0.009869893;749.3028;1.3026274;206.99226;0.0;-7.3453654e-25;99.99998;-7.345365e-21;0.00043913547;-1.0012723;1.4901161e-05;0.3361702;0.33614784;0.0;0.0;4660.5024;5547.5366;-2569.953;5814.1045;-695.5511;-1431.4645
1967-10-01;7.105062;-4.024597;0.010136922;748.75836;1.0664006;89.14915;0.0;-7.3453654e-25;99.99998;-7.345365e-21;0.26609302;-0.8633286;0.012516975;0.34464896;0.33212453;0.0;0.0;4240.7085;5043.4917;-2325.7717;6068.3315;-599.7256;-1335.2444
1967-10-02;5.660797;-1.2552795;0.009993236;749.46136;1.0038196;71.30172;0.0;-7.3453654e-25;99.99998;-7.345365e-21;1.3449743;-0.8333549;0.068590045;0.39686263;0.32826513;0.0;0.0;3489.4783;4146.4478;-1970.8519;6236.266;-578.9044;-1131.4066
1967-10-03;5.946401;-3.4103699;0.010042827;749.313;1.0731105;158.38165;0.0;-7.3453654e-25;99.99998;-7.345365e-21;0.41932166;-0.8562393;0.020563602;0.3450811;0.3245175;0.0;0.0;3946.3306;4685.3423;-2161.6433;6046.2646;-594.8;-1326.16
1967-10-04;6.803141;-5.000315;0.010077159;749.753;0.90395063;225.64154;0.0;-7.3453654e-25;99.99998;-7.345365e-21;0.3968835;-0.8402262;0.019446015;0.3402233;0.32078475;0.0;0.0;4133.768;4903.5146;-2291.0466;5964.54;-583.67554;-1335.9434
1967-10-05;7.645284;-5.535929;0.009803772;752.89264;1.0356486;135.78902;0.0;-7.3453654e-25;99.99998;-7.345365e-21;0.0017171014;-0.8851979;8.940697e-05;0.3171414;0.31707436;0.0;0.0;4636.324;5494.9795;-2693.41;5645.4995;-614.9178;-1328.7766
1967-10-06;7.396006;-8.136891;0.010111491;753.9929;1.1321688;109.99985;0.0;-7.3453654e-25;99.99998;-7.345365e-21;0.0004231929;-0.8048154;2.2351742e-05;0.31340122;0.31337887;0.0;0.0;4638.2427;5492.5513;-2807.7134;5505.439;-559.0789;-1288.1378
1967-10-07;7.4523826;-3.3188477;0.010135651;754.34174;1.071169;123.82436;0.0;-7.3453654e-25;99.99998;-7.345365e-21;0.30511022;-0.6521959;0.014103949;0.32389164;0.3097877;0.0;0.0;4083.7002;4831.7676;-2335.5178;6030.596;-453.05777;-1237.6833
1967-10-08;8.119679;-3.2103474;0.010124207;756.0466;0.8085842;97.94193;0.0;-7.3453654e-25;99.99998;-7.345365e-21;0.38127005;-0.67113525;0.01847744;0.3247857;0.30630082;0.0;0.0;3915.022;4628.1846;-2263.504;6182.075;-466.21555;-1127.1355
1967-10-09;8.503265;-3.5688477;0.0102717085;755.0588;1.138624;120.54291;0.0;-7.3453654e-25;99.99998;-7.345365e-21;0.0054073245;-0.6311024;0.00020861626;0.30308962;0.30287355;0.0;0.0;3928.214;4639.8906;-2296.5034;6166.82;-438.40555;-1167.3212
1967-10-10;5.654175;1.0767416;0.009902954;750.3223;1.2020744;173.87251;0.0;-7.3453654e-25;99.99998;-7.345365e-21;7.6509;-0.9261817;0.4503578;0.75000525;0.29964745;0.0;0.0;2358.025;2782.9895;-876.31165;7213.218;-643.3889;-936.31555
1967-10-11;4.998983;1.4820658;0.009995778;749.34595;1.3059678;211.36565;0.0;-7.3453654e-25;99.99998;-7.345365e-21;1.4613569;-1.2120306;0.07815659;0.3746748;0.296548;0.0;0.0;3221.505;3798.9072;-1439.5183;6703.0977;-841.95667;-1153.6011
1967-10-12;4.230713;-0.14980061;-1.120416;749.84625;0.98000234;139.93442;0.24194336;4.2994816e-05;110.84601;0.28483072;4.6889124;-1.2873933;0.2731681;0.56663156;0.29347092;0.00043027103;0.24739653;2932.4443;3455.1545;-1223.2578;6852.009;-894.30664;-957.2211
1967-10-13;3.2214558;-2.6969197;-3.6082535;750.84955;0.9338824;72.95655;1.4291992;0.0002001524;143.38051;1.3427734;0.361243;-1.4256752;0.026404858;0.3168285;0.29042363;0.09158999;0.0;3531.3562;4198.303;-1860.7039;6059.5444;-990.42554;-1040.0588
1967-10-14;4.037628;-2.4703877;-5.267882;755.6844;1.4089528;37.69695;0.8369954;0.00012115637;148.83136;0.9765625;0.00052452076;-1.3783183;0.0052005053;0.2925694;0.28737634;0.07148087;0.00010058284;4222.1465;4993.847;-2326.6921;5624.3276;-957.49;-1133.7222
1967-10-15;5.7440896;-4.4031677;-6.5780396;757.89215;1.1395742;71.53757;0.45939127;6.7154564e-05;150.56834;0.40690103;0.0004351138;-1.317923;0.0031739473;0.287503;0.28432906;0.0440944;0.0;4261.7393;5023.289;-2507.3892;5437.0093;-915.5311;-857.3411
1967-10-16;6.158193;-2.637614;-5.138682;756.73224;1.1430606;90.79822;0.23307292;3.373623e-05;150.5703;-7.345365e-21;0.11155605;-1.18405;0.007659197;0.28899312;0.28134882;0.026665628;0.0;4045.301;4759.279;-2224.0935;5823.401;-822.5267;-877.3311
1967-10-17;5.4410706;1.7241312;-3.2084122;754.4515;1.0086261;130.71997;0.107177734;1.58151e-05;150.57484;-7.345365e-21;0.96294284;-0.88785404;0.050485134;0.32898784;0.2784729;0.013332814;0.0;2953.234;3470.6511;-1609.87;6455.8945;-616.75775;-781.51776
1967-10-18;5.002838;1.5290527;-0.6802419;754.03973;0.8319759;96.049286;0.052246094;7.987022e-06;150.68422;-7.345365e-21;6.266868;-0.89879704;0.4196912;0.6953925;0.2757162;0.006625429;0.0010505319;2608.9429;3063.8655;-1077.3586;7040.844;-624.36334;-806.9667
1967-10-19;5.4291587;2.961385;-1.7108688;753.8255;0.967618;203.25977;0.025390625;3.8146973e-06;150.85936;-7.345365e-21;7.1547627;-1.3241656;0.502795;0.77581406;0.27304888;0.0032726675;0.0;2841.94;3336.0088;-1494.5566;6552.724;-919.85333;-670.89667
1967-10-20;6.3735657;-0.66381836;-4.5513215;753.63434;0.9837773;108.47634;0.01180013;1.6291937e-06;150.85936;-7.345365e-21;0.0062286854;-1.550734;0.0005662441;0.27096272;0.27040392;0.001616776;0.0;3651.959;4284.98;-2093.3044;5900.07;-1077.2433;-694.0511
1967-10-21;5.7342224;-1.6539713;-5.26172;753.5629;1.0384024;114.16971;0.0043945312;4.3710074e-07;150.85936;-7.345365e-21;0.2775371;-1.4090501;0.016182661;0.28389692;0.2677217;0.0006519258;0.0;3849.4604;4515.2056;-2219.7888;5726.2056;-978.82;-768.9689
1967-10-22;5.222422;-2.0479329;-5.809076;755.48895;0.99077374;55.688496;0.001953125;-7.3453654e-25;150.85936;-7.345365e-21;0.0012814989;-1.3566371;0.00010430813;0.26516616;0.26507676;0.00025890768;0.0;3950.7778;4632.521;-2351.4727;5570.977;-942.41113;-734.8567
1967-10-23;5.50472;-4.9262085;-6.5374603;755.643;1.1116371;71.50825;0.00056966144;-7.3453654e-25;150.85936;-7.345365e-21;0.0;-1.3358146;0.0;0.26246905;0.26245415;8.940697e-05;0.0;3995.3984;4683.3623;-2464.0962;5384.5156;-927.94556;-617.5333
1967-10-24;6.144796;-5.479502;-6.0075912;754.43475;1.0127178;102.82929;0.0;-7.3453654e-25;149.30792;-7.345365e-21;0.00044107434;-1.2567835;2.9802322e-05;0.25990605;0.25987625;3.7252903e-05;0.0;3935.8723;4612.1445;-2296.6929;5593.7183;-873.04553;-617.50775
1967-10-25;6.179972;-2.1327312;-1.7853101;755.5811;0.9540438;168.2119;0.0;-7.3453654e-25;125.65818;-7.345365e-21;3.2895951;-1.1970205;0.22330135;0.48065186;0.25735795;9.313226e-06;0.0;3365.8188;3943.0466;-1511.7267;6629.6504;-831.53;-769.6711
1967-10-26;5.054596;2.1418254;-0.58878964;756.769;0.9511215;153.97188;0.0;-7.3453654e-25;110.94497;-7.345365e-21;4.118866;-1.0970477;0.28070807;0.53566694;0.25496632;5.5879354e-06;0.0;2152.1;2520.51;-1005.3017;6984.7;-762.0822;-553.14886
1967-10-27;5.5568643;2.277486;-1.2798042;757.4931;0.76396775;118.99948;0.0;-7.3453654e-25;101.40916;-7.345365e-21;6.057927;-1.0686368;0.45882165;0.71148574;0.25267154;1.8626451e-06;0.0;2571.23;3010.3123;-1375.4395;6603.8276;-742.3467;-503.64334
1967-10-28;5.1279397;1.3582764;0.010096232;757.837;0.9602619;166.03484;0.0;-7.3453654e-25;99.99998;-7.345365e-21;0.971064;-1.2497343;0.06633997;0.31672418;0.2503842;0.0;0.0;2776.845;3250.1755;-1569.5161;6372.322;-868.14886;-566.3111
1967-10-29;5.297699;-1.0931396;-3.254916;758.13055;1.0625137;88.10644;0.003092448;1.9868214e-07;123.34341;-7.345365e-21;0.017362833;-1.3157809;0.0010728836;0.24916232;0.24808198;0.00020675361;0.00055879354;3168.3123;3707.1223;-1691.565;6233.2344;-914.0289;-629.67224
1967-10-30;6.8618674;1.5483907;-2.0728786;757.8967;0.9131009;168.95058;0.001953125;-7.3453654e-25;147.46906;-7.345365e-21;1.9260377;-1.2144847;0.14393032;0.38972497;0.24579465;0.00015087426;0.0;3154.6523;3689.8677;-1575.61;6544.541;-843.66223;-573.9767
1967-10-31;6.021342;2.651062;-0.4566307;755.1489;0.81029135;125.193596;0.0008951823;-7.3453654e-25;150.71092;-7.345365e-21;5.542323;-1.206113;0.44101477;0.68460405;0.24358928;0.00010058284;0.0;2823.6838;3301.9045;-1283.2572;6879.827;-837.8467;-644.0689
1967-11-01;3.8014832;2.0893352;-2.381017;752.6691;0.7256441;176.45854;0.0;-7.3453654e-25;150.71092;-7.345365e-21;7.399772;-0.7521566;0.6214306;0.86292624;0.24149567;3.7252903e-05;0.0;1306.0006;1526.7023;-1042.7625;6651.36;-522.4978;-191.96445
1967-11-02;3.8864033;1.2644552;-3.7976215;753.5408;0.986335;122.7163;0.0;-7.3453654e-25;150.71092;-7.345365e-21;1.2617767;-1.1713784;0.10287762;0.34229457;0.23942441;4.0978193e-05;0.0;2760.0728;3225.3872;-1493.9456;6312.211;-813.7172;-620.6533
1967-11-03;3.7591145;-0.14313762;-3.3376465;754.21045;0.8948156;211.60059;0.0;-7.3453654e-25;146.23273;-7.345365e-21;1.1751235;-1.1227187;0.087469816;0.3248453;0.2373606;1.8626451e-05;0.0;2552.7578;2982.4512;-1316.0762;6474.1733;-779.9155;-540.7756
1967-11-04;5.1754355;-0.8866984;-5.052831;753.0652;0.8751343;176.88495;0.0;-7.3453654e-25;124.55792;-7.345365e-21;0.1244843;-1.0778122;0.00834465;0.24366379;0.23531914;1.3038516e-05;0.0;2751.909;3213.821;-1675.6478;6135.243;-748.72;-519.1222
1967-11-05;4.45874;-0.28044638;-3.6483257;753.3662;0.79866076;165.33116;0.0;-7.3453654e-25;106.60056;-7.345365e-21;3.375417;-1.1071321;0.27824938;0.51154196;0.23330003;3.7252903e-06;0.0;2836.4307;3311.4355;-1464.4333;6340.6436;-769.08777;-564.18
1967-11-06;4.24468;1.1794332;-0.5204137;754.4453;0.7852226;85.20277;0.0;-7.3453654e-25;108.974915;-7.345365e-21;11.066357;-1.106849;1.0665655;1.297921;0.23135543;3.7252903e-06;0.0;1967.8112;2296.601;-884.39557;6982.392;-768.8911;-358.44888
1967-11-07;3.2657166;1.9798889;-0.080093384;752.8891;0.5424913;66.8947;0.0022786458;5.9604645e-07;134.652;-7.345365e-21;16.109705;-0.58919376;1.8482655;2.0777583;0.22949278;9.126961e-05;0.00078976154;717.58167;837.29224;-382.6561;7322.094;-409.29333;-163.80667
1967-11-08;3.0609944;1.2929891;-0.25624084;751.29175;0.6188926;209.02544;0.063557945;9.894371e-06;139.84178;-7.345365e-21;6.065595;-0.82902515;0.72962046;0.9573102;0.22767484;0.0029858202;0.010084361;1371.6989;1600.4656;-663.8839;7079.6367;-575.8945;-301.62888
1967-11-09;2.7620442;-0.95961505;-2.1981049;752.0823;1.0375391;52.7872;0.068603516;1.0689099e-05;142.09828;-7.345365e-21;1.1638403;-1.3224837;0.120311975;0.34618378;0.2258718;0.0034086406;0.016551465;2737.854;3192.7944;-1328.8578;6454.751;-918.68665;-626.78
1967-11-10;2.0312908;-0.5842692;-0.9278145;747.94867;1.4155883;37.879345;4.6387534;0.0009696881;148.76398;5.533854;10.835171;-1.0185261;0.41359663;0.6377101;0.22410601;0.018879771;7.2050505;1776.6877;2072.119;-748.7256;6909.073;-707.64;-480.55112
1967-11-11;-0.16884358;-0.4466044;-0.029179892;747.9168;0.79490393;135.27342;94.225746;0.02275165;147.27928;151.44856;27.730066;-0.05390495;1.3770312;1.5994608;0.22243708;2.060365;19.886915;213.5389;859.4878;-71.42722;7205.92;-39.626667;-61.464443
1967-11-12;-2.0757446;-5.192312;-3.7638104;752.40765;0.9415446;194.6886;99.60116;0.025783101;155.98663;165.73079;0.0333488;-0.18687174;0.1654476;0.3862828;0.22083521;1.1559203;0.027090311;1020.0972;3449.49;-1198.0272;5565.0327;-138.46777;-130.21777
1967-11-13;-3.4833374;-7.3044333;-8.018361;752.3615;1.0664927;191.04192;98.61881;0.024184981;159.3561;152.01823;0.0019000992;-0.12472086;0.26598573;0.48527122;0.21930039;1.8400792;0.0;1206.1566;3728.4634;-1306.5616;5046.042;-88.812225;-46.61222
1967-11-14;-3.5520122;-5.1550784;-4.35944;750.0179;1.0650554;266.78757;97.21574;0.022213856;163.56346;135.94563;0.33583045;-0.16868487;0.31857193;0.5363822;0.21781027;2.0939243;0.09645894;1092.8134;3131.189;-685.7844;6047.519;-124.638336;-105.20333
1967-11-15;-1.0686035;-2.4621887;-2.6087658;749.3421;0.93529016;205.04054;94.773766;0.019823313;169.80531;116.94336;0.33178902;-0.22725481;0.47582388;0.69223344;0.21640211;3.1388402;0.23492426;1021.7161;2613.609;-768.02277;6214.777;-168.96777;-103.433334
1967-11-16;-3.588216;-8.647171;-7.531784;750.03265;1.3491068;17.337723;91.23242;0.01669383;172.19269;96.720375;0.002130866;-0.2676379;0.44927;0.66432357;0.21504611;2.9724221;0.0008419156;1558.1744;3717.588;-1635.0873;4868.473;-194.94888;-66.475555
1967-11-17;-2.2042744;-10.287792;-9.102889;751.64044;1.1599377;38.772076;77.41813;0.013297995;172.92738;76.78223;0.0004351138;-0.38081592;0.5367249;0.7504523;0.21372736;3.485594;0.0;1799.6694;3689.621;-1639.4473;4802.19;-270.19888;-36.2
1967-11-18;-2.094981;-8.800812;-9.281758;748.5938;1.043228;205.62054;59.854492;0.010324557;173.49445;59.570312;0.0013056933;-0.50998104;0.39356947;0.6060302;0.21247566;2.5265179;0.0;2127.1367;3654.2566;-1793.9845;4788.9487;-360.5889;-153.90555
1967-11-19;-2.421641;-7.746012;-8.366734;745.39594;0.9263828;69.74852;46.687664;0.0080753565;173.93129;46.590168;0.0004559755;-0.4088115;0.30739605;0.5186796;0.21128356;1.9732621;7.4505806e-06;2189.1116;3378.63;-1690.79;5065.4365;-289.2511;-290.25555
1967-11-20;-2.4197185;-4.695455;-4.7963967;746.7222;1.1109124;231.9655;38.801594;0.0067270994;172.56769;38.777668;1.4346123;-0.3493214;0.24536252;0.45553595;0.21017343;1.1437796;0.7702261;1713.7744;2467.1133;-989.63165;6012.653;-248.18056;-335.62555
1967-11-21;-2.3157043;-3.1838684;-1.4562021;748.8597;1.4013258;202.39732;58.893147;0.009519379;157.14061;59.936523;7.991043;-0.38586092;0.046744943;0.25586784;0.209108;0.15564635;7.458597;836.0561;1269.2311;-295.65445;6846.3457;-279.38055;-308.80777
1967-11-22;-3.49109;-3.93971;-0.7962443;742.8768;0.87001324;192.20876;99.27059;0.045384925;141.19041;315.3483;54.776424;-0.19586273;0.114530325;0.32263994;0.20810217;0.0033993274;51.81894;122.18166;479.25;-137.89555;6890.4844;-153.32222;-178.16444
1967-11-23;-6.554171;-8.15002;-5.123146;742.9544;0.9390711;214.19048;100.0;0.07337916;150.80043;486.0433;5.411881;-0.14350563;0.0;0.20712614;0.20711869;0.0;5.4049196;734.2095;2983.5156;-843.3661;5728.5757;-107.78222;-141.48445
1967-11-24;-6.273317;-8.37703;-6.544594;741.73895;0.6803078;98.826256;100.0;0.07744066;152.4098;507.24283;6.9844127;-0.06608572;0.0;0.20615757;0.20616502;0.0;6.9822407;430.0889;1732.3833;-379.42334;6176.797;-49.093887;-56.24
1967-11-25;-7.8519034;-8.877963;-7.0214524;743.17255;1.3225371;204.46625;100.0;0.087942086;150.68;582.4382;8.878827;-0.07043965;0.0;0.2052486;0.2052486;0.0;8.874234;544.37335;2302.7444;-439.58667;6041.912;-52.45;-153.96777
1967-11-26;-7.9130387;-9.110818;-7.0867705;744.1211;1.019857;192.28868;100.0;0.0960834;150.6787;636.55597;7.9645095;-0.0954289;0.0;0.20435452;0.20435452;0.0;7.956516;354.1072;1489.9456;-180.69333;6345.7246;-73.10611;-142.68333
1967-11-27;-11.484027;-13.658477;-11.342282;745.6651;0.99608356;132.85376;100.0;0.099894285;153.63898;650.5534;0.5919635;-0.04814565;0.0;0.20349026;0.20349026;0.0;0.58377534;720.9622;3027.179;-1367.1711;4508.8037;-34.114445;-87.1
1967-11-28;-14.833328;-23.538233;-21.386263;748.83136;1.3422126;9.471259;100.0;0.10004858;156.31866;640.38086;0.00044107434;-0.026900321;0.0;0.20264089;0.20263344;0.0;0.0;866.0256;3540.7234;-1291.74;3755.2334;-17.825556;60.206665
1967-11-29;-11.876058;-19.946924;-22.108099;748.4981;1.3219472;19.02609;100.0;0.10006424;158.11847;633.3008;0.0012755393;-0.0084405765;0.0;0.20179152;0.20179898;0.0;0.0;870.9411;3467.55;-1052.6222;4060.074;-3.7233334;99.583336
1967-11-30;-12.056176;-19.36039;-20.978336;750.0303;1.5467014;12.518326;100.0;0.100091495;159.9557;625.8138;0.0008553266;-0.01023151;0.0;0.20098686;0.20098686;0.0;0.0;878.6828;3409.64;-956.1606;4282.8877;-4.8355556;104.1
1967-12-01;-7.7012215;-13.831707;-17.864769;748.74896;1.2943782;39.568996;100.0;0.10012543;162.1061;617.6758;0.0012770424;0.005177222;0.0;0.2001822;0.2001822;0.0;0.0;887.445;3358.6467;-826.0333;4721.8716;7.2411113;88.085556
1967-12-02;-5.172821;-11.336671;-15.088405;743.93604;0.66958714;268.43973;100.0;0.1001668;164.82745;607.95087;0.08203387;-0.013912097;0.0;0.19940734;0.19939989;0.0;0.0802204;872.1117;3220.601;-899.00555;4833.849;-7.4877777;35.443333
1967-12-03;-7.284002;-8.312999;-10.2815485;739.4363;0.79307747;243.56316;100.0;0.10525092;162.33006;647.5423;8.7001915;0.010619871;0.0;0.19864738;0.19863993;0.0;8.694262;337.75665;1262.2189;17.382223;6362.6646;9.054444;-33.85
1967-12-04;-7.6137147;-8.975276;-8.1832;741.2236;0.7026043;245.70941;100.0;0.109594025;163.16566;672.15985;0.52243656;-0.04477892;0.0;0.19788742;0.19787997;0.0;0.51728636;732.6494;2906.8545;-735.24554;5617.012;-31.28389;-92.62
1967-12-05;-6.856588;-8.089417;-7.5549684;744.9236;0.5541683;273.77206;100.0;0.115140796;162.55174;707.19403;10.573745;-0.015184283;0.0;0.19714236;0.19714236;0.0;10.56762;325.54944;1289.0577;-119.382774;6406.247;-10.67;-48.77
1967-12-06;-3.9902241;-4.7717996;-4.3792367;745.85504;0.6771075;205.7075;100.0;0.121914305;163.76332;745.1172;2.6345284;-0.04649535;0.0;0.1964122;0.19641966;0.0;2.46156;390.06223;1609.2267;-256.81;6570.874;-34.225555;-72.33889
1967-12-07;-3.9549153;-4.6053977;-3.8007355;745.7822;0.5913597;250.52296;100.0;0.12550557;169.07225;742.6351;3.0750244;-0.048702583;0.0;0.19569695;0.1957044;0.0;2.9747412;414.59668;1698.6122;-276.88556;6577.9033;-35.845554;-78.007774
1967-12-08;-4.760366;-7.219593;-6.0789413;748.3942;0.90246314;254.42096;100.0;0.12618864;176.43031;716.38995;0.005096197;-0.06520189;0.0;0.1949668;0.1949817;0.0;0.0033862889;728.00555;2889.4634;-1194.382;5212.5137;-46.59778;-66.80778
1967-12-09;-6.968123;-12.524758;-11.269661;748.3099;1.1494;39.53385;100.0;0.12619622;181.48566;696.2077;0.0026226044;-0.038431957;0.0;0.19428134;0.19427389;0.0;0.0017732382;747.35223;2890.4146;-1110.8706;4857.376;-26.05889;12.956667
1967-12-10;-7.1610007;-13.93409;-15.183455;750.1328;1.207771;121.92615;100.0;0.1262198;184.84438;683.59375;0.00085532654;-0.007377006;0.0;0.19358099;0.19358099;0.0;0.0;854.8555;3220.4944;-1265.6428;4343.0317;-2.39;88.29444
1967-12-11;-7.4061713;-14.376869;-16.940916;752.31036;1.5309783;9.628922;100.0;0.12625678;187.41273;674.4792;0.00087022776;0.008445233;0.0;0.19291043;0.19290298;0.0;0.0;881.4033;3242.11;-1240.5117;4259.1963;9.58;136.70667
1967-12-12;-8.299613;-15.263516;-17.352547;751.9824;1.4253937;7.8711724;100.0;0.12629592;189.70995;666.3005;0.00044107434;0.0022742897;0.0;0.19223988;0.19222498;0.0;0.0;866.7217;3112.01;-1122.9445;4373.4883;4.613333;113.36222
1967-12-13;-6.1128044;-15.44606;-16.842676;750.7419;0.9873057;164.91364;100.0;0.12632596;191.93422;658.488;0.0021517272;-0.0125402585;0.0;0.19155443;0.19156188;0.0;0.0;895.85443;3141.6523;-918.1828;4681.32;-6.9005556;91.08
1967-12-14;-4.16979;-8.069224;-11.201241;749.6357;0.89977604;249.49953;100.0;0.12759316;193.48207;659.62726;2.7949543;0.015294179;0.0;0.19091368;0.19090623;0.0;2.774477;593.29724;2039.4956;-64.77944;6264.91;13.567778;10.715555
1967-12-15;-4.3764243;-7.3810935;-7.472944;750.3145;0.7032797;255.22693;100.0;0.12916772;196.43;658.6914;0.012370944;-0.04868675;0.0;0.19025803;0.19025803;0.0;0.011075288;810.3161;2870.6812;-1015.295;5370.469;-33.82722;-36.076668
1967-12-16;-3.8675334;-5.027262;-6.980841;751.0131;0.4786549;225.81505;100.0;0.13269694;195.84015;676.7578;10.18335;0.008607283;0.0;0.18961728;0.18961728;0.0;9.906597;308.9211;1109.5634;41.765556;6694.676;7.5616665;-16.115555
1967-12-17;-3.7917073;-4.6351066;-4.417309;748.4472;0.9069864;214.60326;100.0;0.14415336;190.0895;757.52765;13.786674;-0.02596341;0.0;0.18899143;0.18899143;0.0;13.192978;364.9161;1437.7456;-317.58;6464.6055;-18.80611;-43.63889
1967-12-18;-4.4071555;-5.0235724;-3.4432259;746.3553;0.59638375;222.08777;100.0;0.16304028;182.98631;890.38086;10.631519;-0.0753738;0.0;0.18836558;0.18837303;0.0;10.440539;487.89667;2090.131;-436.91666;6400.5654;-56.356667;-121.66556
1967-12-19;-5.5250297;-6.5155053;-4.5081544;746.5634;0.78226924;216.83397;100.0;0.16627486;189.00714;880.7373;1.7187893;-0.08423906;0.0;0.18773973;0.18774718;0.0;1.69418;519.4217;2154.631;-535.6522;6164.1245;-63.25;-104.10889
1967-12-20;-5.9776993;-6.8913436;-5.2828383;743.8137;0.7669637;192.26622;100.0;0.16973563;193.06703;879.39453;5.6842566;-0.08552987;0.0;0.18714368;0.18714368;0.0;5.67808;381.9411;1552.2367;-224.84944;6468.0522;-65.14889;-119.72222
1967-12-21;-5.248132;-6.298294;-4.7848053;745.7537;0.910677;215.46759;100.0;0.1736867;196.58917;884.0739;2.224394;-0.07423945;0.0;0.18653274;0.18652529;0.0;2.1542459;422.47556;1730.2078;-300.77444;6446.0854;-55.892223;-89.562225
1967-12-22;-6.174826;-6.892784;-4.9943085;739.262;1.4805604;182.5395;100.0;0.19534437;187.97035;1038.4115;54.190685;-0.094256364;0.0;0.18593669;0.18593669;0.0;54.165104;132.06778;541.67554;-25.748888;6677.3896;-73.60222;-138.15666
1967-12-23;-9.014531;-10.453056;-6.887577;737.12573;0.79707605;165.90863;100.0;0.24631894;165.60316;1486.1654;15.596825;-0.09501539;0.0;0.18534064;0.18534064;0.0;15.574991;447.39722;1957.2378;-633.3628;5773.6855;-72.477776;-137.92334
1967-12-24;-11.439469;-17.834007;-12.404378;743.57367;1.0426551;16.832272;100.0;0.24925764;174.35057;1432.0883;0.0052005053;-0.062437728;0.0;0.1847446;0.18475205;0.0;0.00519678;725.43225;3091.2122;-1467.2828;4194.5005;-45.488888;-47.84667
1967-12-25;-9.62703;-17.43035;-16.924952;744.71533;1.323578;8.315757;100.0;0.24925785;180.45311;1383.0973;0.0008553266;-0.013214536;0.0;0.18416345;0.18416345;0.0;0.0;744.2878;3084.6455;-1000.9044;4492.6465;-7.401111;76.76667
1967-12-26;-9.141018;-13.754865;-16.892424;746.16254;1.3730255;12.509842;100.0;0.24929297;185.35219;1346.517;0.00091736706;0.015769154;0.0;0.1835823;0.1835823;0.0;5.2154064e-05;735.3333;2967.85;-836.1872;4748.4956;14.759444;74.31333
1967-12-27;-8.079699;-13.500202;-16.470842;749.0337;1.1821842;52.58974;100.0;0.24933279;190.11913;1312.7035;0.00043511385;0.00856258;0.0;0.18300116;0.18300116;0.0;0.0;790.44775;3107.55;-919.0956;4682.9224;9.2711115;72.246666
1967-12-28;-7.570585;-12.174523;-16.59159;747.7852;0.95770717;191.92647;100.0;0.24937423;194.69237;1282.0638;0.00043511385;0.015954487;0.0;0.18243492;0.18244237;0.0;0.0;815.8011;3126.4656;-1111.9016;4423.376;14.794444;67.816666
1967-12-29;-9.522185;-14.8735;-17.927671;748.04816;1.1337398;10.531804;100.0;0.24941373;198.73012;1256.3477;0.0019192693;0.007960014;0.0;0.18188357;0.18187612;0.0;0.0006444752;839.44275;3138.7566;-1141.1661;4261.127;8.578333;68.44222
1967-12-30;-6.551558;-15.916556;-17.605303;748.78217;0.77460486;251.91585;100.0;0.24951915;202.24315;1235.1888;0.399044;-0.014623627;0.0;0.18131733;0.18131733;0.0;0.39526075;863.3983;3150.6746;-633.6517;4996.8135;-8.804444;63.053333
1967-12-31;-7.69368;-13.838906;-15.294496;748.9366;0.86810786;150.9066;100.0;0.24988227;205.95766;1214.8438;0.040733814;-0.005982816;0.0;0.18076599;0.18076599;0.0;0.039886683;710.9155;2552.9622;-911.04724;4787.921;-2.3033333;47.975555
1968-01-01;-9.898458;-14.891147;-16.455883;750.70703;1.4380342;10.949982;100.0;0.24992633;209.86195;1192.4235;0.0012934206;0.005838461;0.0;0.18021464;0.1802072;0.0;0.0;911.06165;3196.9644;-1219.4734;4313.974;7.3522224;74.153336
1968-01-02;-5.9098716;-15.989354;-16.932714;748.98047;0.87485653;197.96138;100.0;0.24995844;213.3076;1172.933;0.0017046923;-0.012408942;0.0;0.1796484;0.17967075;0.0;0.0;946.14386;3245.7021;-989.16614;4581.7803;-6.898889;92.41778
1968-01-03;-6.6074014;-10.096565;-13.608688;746.15765;0.79880697;228.73534;100.0;0.2521019;214.87335;1173.6654;4.7501206;0.011651777;0.0;0.17911196;0.17912686;0.0;4.747506;641.2328;2187.2266;-107.621666;6024.809;10.656667;-7.266667
1968-01-04;-5.668508;-6.6380844;-9.359475;747.0948;0.6776219;228.45744;100.0;0.25550175;216.36652;1182.0883;1.323387;0.0048698857;0.0;0.17859042;0.17859787;0.0;1.3188124;469.92944;1719.4122;-103.91389;6361.299;5.187778;-28.876667
1968-01-05;-5.028341;-5.6830573;-6.415245;746.3416;0.92733186;208.75008;100.0;0.25942147;219.3701;1182.902;5.5300894;-0.017460436;0.0;0.17806888;0.17806143;0.0;5.414311;405.44278;1521.5911;-24.895;6709.548;-12.236667;-74.638885
1968-01-06;-4.9873047;-5.750402;-4.7637763;741.826;1.3694028;189.39789;100.0;0.26828885;220.18846;1216.8783;22.404413;-0.0880314;0.0;0.17753243;0.17753243;0.0;22.184633;571.9411;2216.341;-274.38556;6511.6035;-66.33222;-152.22444
1968-01-07;-5.22761;-6.3183417;-4.5264144;742.10284;1.2036482;205.15892;100.0;0.2979826;207.25812;1437.5;12.2410555;-0.07283222;0.0;0.1770109;0.1770109;0.0;12.239188;597.345;2602.0344;-555.8483;6165.5596;-53.33278;-108.90111
1968-01-08;-5.077708;-6.0856223;-4.9118934;746.92474;0.858802;198.53087;100.0;0.30105045;216.0449;1395.6705;1.0941684;-0.050941482;0.0;0.17647445;0.1764819;0.0;1.0919795;533.80664;2263.2612;-513.7278;6175.4263;-36.787777;-85.19889
1968-01-09;-6.0456033;-7.268528;-5.7654815;743.3897;1.0569272;202.44334;100.0;0.30168578;224.85023;1343.3024;2.077639;-0.044563785;0.0;0.17595291;0.17596036;0.0;2.031535;686.6861;2842.57;-709.5333;5851.0913;-31.277779;-88.89222
1968-01-10;-7.6767197;-8.688539;-6.152636;737.3232;1.5928901;205.23924;100.0;0.32394686;215.4746;1501.058;26.487757;-0.10513142;0.0;0.17544627;0.17543882;0.0;26.474304;362.38834;1576.039;-330.6428;6214.926;-80.92555;-169.38667
1968-01-11;-8.1657915;-10.386813;-8.106904;747.8059;0.9483357;242.8795;100.0;0.33204374;218.26918;1523.1119;0.8722782;-0.05491823;0.0;0.17493963;0.17492473;0.0;0.8676313;745.4878;3188.7822;-1189.4539;4997.2637;-39.035557;-92.39222
1968-01-12;-6.840964;-10.746966;-11.779503;745.4759;0.8293896;238.28772;100.0;0.3330313;224.12074;1485.6364;6.872064;-0.011244789;0.0;0.17441809;0.17441809;0.0;6.860368;763.135;3177.33;-864.26666;5070.7217;-5.6033335;-6.365556
1968-01-13;-8.238831;-9.659986;-9.528493;737.9453;1.850782;200.54692;100.0;0.36234954;208.22948;1735.7178;33.053555;-0.01835823;0.0;0.17391145;0.17391145;0.0;33.04193;303.43167;1324.2067;-62.40222;6337.985;-13.366667;-22.774445
1968-01-14;-8.606973;-9.8322115;-8.332993;739.0781;1.7969471;190.1316;100.0;0.39076892;199.51886;1955.8512;29.302631;-0.06084889;0.0;0.17341971;0.17341971;0.0;29.292494;218.01555;942.4678;14.063889;6447.047;-47.065556;-116.70111
1968-01-15;-9.687509;-11.512169;-8.086624;733.1905;1.3568817;183.82603;100.0;0.42219344;194.75812;2164.7136;31.463951;-0.13219751;0.0;0.17292798;0.17292798;0.0;31.4489;186.65167;813.05225;-129.075;6244.9966;-103.257774;-156.84334
1968-01-16;-14.651319;-17.649637;-11.449795;734.2012;1.1733606;195.92567;100.0;0.44474766;190.19627;2340.2507;7.965939;-0.13141334;0.0;0.17243624;0.17244369;0.0;7.9563932;617.9439;2685.0288;-1041.0673;4797.09;-100.87111;-175.42223
1968-01-17;-15.62037;-18.55046;-16.704687;740.00006;0.5945905;262.45935;100.0;0.4470564;197.49184;2266.927;0.43025017;-0.0210898;0.0;0.1719594;0.17195195;0.0;0.4258491;758.9672;3221.2134;-1160.2844;4216.9307;-14.322222;-94.63111
1968-01-18;-14.127503;-20.365677;-19.432741;744.50543;0.9044833;170.3745;100.0;0.4474649;203.41437;2202.4333;0.03041327;-0.016825274;0.0;0.17146766;0.17146021;0.0;0.029988587;889.8811;3681.1533;-1411.8794;3749.1924;-10.524445;1.5011111
1968-01-19;-11.074382;-20.709612;-21.19198;748.8853;1.2153293;13.31998;100.0;0.44748065;208.29784;2150.2686;0.001283566;-0.01844205;0.0;0.17099082;0.17097592;0.0;0.0;911.8128;3672.1877;-1092.3245;4074.6257;-11.387777;96.35445
1968-01-20;-8.680369;-18.529875;-19.95156;747.133;0.9597518;139.62842;100.0;0.447505;212.85902;2104.533;0.007155605;-0.010451302;0.0;0.17049909;0.17049909;0.0;0.0033155084;828.1239;3250.6843;-660.95776;4750.2065;-5.6222224;82.888885
1968-01-21;-9.419975;-15.090354;-17.113413;742.04315;0.5605562;222.79298;100.0;0.44852996;217.10252;2067.627;3.0181348;-0.0058421865;0.0;0.17002225;0.1700148;0.0;3.013067;707.9733;2712.5222;-296.51666;5421.4946;-2.6455555;-17.088888
1968-01-22;-10.596217;-12.132747;-13.101193;737.8366;0.7562309;228.91138;100.0;0.4543716;217.3102;2092.3665;4.53015;-0.011546537;0.0;0.16954541;0.16954541;0.0;4.5226364;554.93945;2238.0034;-313.01944;5744.8423;-7.167778;-72.16889
1968-01-23;-12.76339;-15.83813;-13.766942;741.3389;0.881437;181.61523;100.0;0.4555101;223.70018;2038.9404;0.05965233;-0.04439149;0.0;0.16908348;0.16906857;0.0;0.057514757;938.6644;3713.3645;-1194.3445;4502.7847;-31.203333;-100.65111
1968-01-24;-11.402223;-13.384883;-13.630692;737.4892;0.54973876;203.05391;100.0;0.45889828;226.45929;2026.652;8.562329;-0.011178665;0.0;0.16860664;0.16860664;0.0;8.5566635;599.02057;2326.0422;-193.28778;5820.9688;-6.96;-70.56111
1968-01-25;-10.114554;-12.488147;-11.150231;735.44305;0.5795516;205.15523;100.0;0.4754194;218.53253;2174.8047;17.246832;-0.0070398673;0.0;0.1681447;0.1681447;0.0;17.230019;277.75446;1176.7345;-328.0178;5799.1235;-4.742778;-37.65
1968-01-26;-10.616482;-14.962097;-14.078635;743.6345;0.8707573;104.0494;100.0;0.48181668;222.01886;2173.3398;0.0011384486;-0.029036775;0.0;0.16766787;0.16767532;0.0;0.00028684735;929.4717;3935.7422;-1621.51;3920.0652;-18.78111;-32.324444
1968-01-27;-10.963962;-19.8489;-18.253874;742.7974;0.8253901;256.291;100.0;0.4818317;227.82843;2117.2688;0.0016993226;-0.03384147;0.0;0.16719103;0.16721338;0.0;0.0;980.8272;4041.1077;-1484.045;3752.5227;-22.76;21.233334
1968-01-28;-10.541791;-18.689125;-18.93156;741.07904;0.52305007;254.62306;100.0;0.4819623;232.013;2079.2644;1.0461414;-0.025294721;0.0;0.166744;0.166744;0.0;1.0407381;873.71277;3499.1077;-661.6961;4777.023;-16.791111;-26.76111
1968-01-29;-12.432335;-14.16879;-15.770073;738.0281;0.9116489;191.45044;100.0;0.49524787;222.25291;2227.3762;15.383536;0.009533018;0.0;0.16629696;0.16628951;0.0;15.379376;360.44556;1540.0189;-212.93388;5594.4766;8.222222;-5.921111
1968-01-30;-15.705571;-18.678171;-16.359343;741.0144;0.8822563;133.68608;100.0;0.49904656;224.90135;2222.168;0.045645237;-0.04622247;0.0;0.16584992;0.16584992;0.0;0.04221499;922.67;3865.0544;-1147.935;4326.9087;-33.191113;-157.1311
1968-01-31;-13.917806;-17.31466;-16.729113;743.51227;1.0006133;41.12469;100.0;0.50068253;228.45245;2193.034;4.8582435;-0.011412427;0.0;0.16538799;0.16539544;0.0;4.856475;551.1589;2252.82;-183.5575;5532.781;-7.2744446;-42.046665
1968-02-01;-11.205116;-14.451055;-13.707953;742.3877;1.7095796;27.853836;100.0;0.5053492;229.83983;2200.887;3.6740005;-0.0362657;0.0;0.16495585;0.16494095;0.0;3.671866;743.0222;3063.361;-454.10666;5526.952;-25.18111;-33.786667
1968-02-02;-10.782912;-14.18546;-11.8836775;738.31323;1.6753997;27.103622;100.0;0.50957495;233.84276;2181.193;3.5730987;-0.08860789;0.0;0.16449392;0.16449392;0.0;3.5675392;604.71;2497.8777;-486.3111;5592.411;-66.80666;-49.93
1968-02-03;-10.311604;-14.516441;-11.684476;742.0734;1.7300066;27.57627;100.0;0.51274705;238.7923;2149.6582;1.3289154;-0.10921806;0.0;0.16404688;0.16403943;0.0;1.3263748;869.17;3579.4722;-1066.461;4892.3047;-81.092224;-55.643333
1968-02-04;-11.15384;-18.44716;-14.70457;750.4934;1.526569;20.518316;100.0;0.51305884;244.85643;2097.575;0.0070273876;-0.05772896;0.0;0.16358495;0.1635924;0.0;0.0053159893;1057.7678;4243.011;-1630.3323;3890.6917;-40.26889;-2.9744444
1968-02-05;-11.864339;-23.632782;-18.202873;750.95734;1.4986452;20.666246;100.0;0.51305574;249.34698;2059.2449;0.00042617318;-0.061068684;0.0;0.16313791;0.16314536;0.0;0.0;1150.7483;4497.761;-1776.4512;3437.3596;-42.89;68.53111
1968-02-06;-12.654709;-24.816885;-20.557335;749.34515;1.3858069;21.63919;100.0;0.51305324;252.67543;2032.308;0.00085532654;-0.04982762;0.0;0.16269088;0.16269833;0.0;0.0;1166.9083;4446.492;-1622.919;3470.832;-34.67;70.89333
1968-02-07;-11.54971;-25.063131;-20.69762;746.7421;1.0244732;108.89499;100.0;0.5130977;255.44304;2010.4574;0.20760894;-0.051670708;0.0;0.16225874;0.1622513;0.0;0.20413846;1006.36725;3739.219;-669.3483;4691.58;-36.628887;34.282223
1968-02-08;-10.117912;-14.0659;-16.276384;744.3955;0.8877062;64.82447;100.0;0.51419926;257.17807;2000.8951;1.0869086;-0.0032875687;0.0;0.16181171;0.16181171;0.0;1.0847896;849.445;3148.3057;-556.8933;5272.483;0.16888888;-34.824444
1968-02-09;-11.308998;-15.095971;-15.504943;743.7653;1.0201334;56.087894;100.0;0.5144486;260.9105;1973.6328;0.009316205;-0.027162023;0.0;0.16137958;0.16137958;0.0;0.006839633;1164.9589;4219.938;-1142.5105;4532.326;-16.97;-70.83222
1968-02-10;-9.928018;-12.76106;-15.20365;744.78143;0.83304334;200.18477;100.0;0.51449615;264.84018;1944.3766;0.02541542;-0.014454126;0.0;0.16093254;0.16094744;0.0;0.022426248;1246.4623;4412.8076;-1300.6011;4382.5835;-7.342222;-59.91111
1968-02-11;-11.191064;-13.762197;-14.910623;745.72064;0.94807714;148.73605;100.0;0.5145593;268.60156;1917.4398;0.037670135;-0.020896085;0.0;0.16051531;0.16051531;0.0;0.036481768;1264.1627;4377.9365;-1283.0472;4443.066;-12.256111;-87.863335
1968-02-12;-8.083943;-15.962268;-15.344817;744.78516;0.99946517;93.94568;100.0;0.5145864;272.18848;1891.8457;0.0;-0.05429052;0.0;0.16006827;0.16007572;0.0;0.0;1372.4395;4647.4956;-1433.0889;4239.307;-37.039444;-5.2211113
1968-02-13;-6.977217;-12.2309885;-13.774944;743.6486;0.6065614;278.15967;100.0;0.5150375;275.1439;1872.8434;2.0033507;-0.018775463;0.0;0.15965104;0.15965104;0.0;2.0006447;1306.9512;4328.5854;-606.4572;5488.9775;-12.972222;-90.907776
1968-02-14;-6.438202;-7.5049233;-9.22166;743.7579;0.8530069;197.63965;100.0;0.52183324;272.1787;1916.6666;12.444276;-0.023756176;0.0;0.1592189;0.15924126;0.0;12.436155;624.89;2254.17;45.452778;6630.4565;-17.897778;-114.49778
1968-02-15;-5.5770364;-6.647947;-6.4053445;743.73663;0.79136324;195.3293;100.0;0.53433996;267.32553;1998.169;11.881283;-0.08740276;0.0;0.15881658;0.15881658;0.0;11.873759;716.12054;2941.7856;-312.5889;6391.427;-64.72222;-156.15445
1968-02-16;-5.3301797;-6.874761;-5.583832;745.2492;0.5470008;181.75713;100.0;0.55177325;258.8519;2131.7546;10.706502;-0.08603744;0.0;0.15838444;0.15839934;0.0;10.701567;642.2572;2765.1694;-393.91943;6300.689;-63.71;-134.35445
1968-02-17;-3.9527996;-8.751343;-6.1381173;749.38666;0.79212284;96.016136;100.0;0.55405134;266.4987;2081.787;0.022446157;-0.1079943;0.0;0.15796721;0.15795976;0.0;0.02072379;1129.3683;4758.9673;-1438.4623;4953.4146;-76.473335;-110.47111
1968-02-18;-2.737203;-11.18819;-8.479402;748.0295;0.8931887;140.08566;100.0;0.55404705;273.7513;2026.0824;0.0030080227;-0.09612925;0.0;0.15752017;0.15753508;0.0;0.0;1117.6772;4582.851;-1322.4;4898.759;-67.57;-18.762222
1968-02-19;-4.3879495;-7.1539435;-8.346169;743.3403;0.6016765;195.79631;100.0;0.5607349;274.29492;2044.2709;10.690183;-0.016657636;0.0;0.15710294;0.15710294;0.0;10.516874;565.2133;2357.409;-134.665;6381.789;-10.498889;-75.32445
1968-02-20;-4.663639;-6.0070357;-5.902079;741.46826;0.7260435;178.98836;100.0;0.5729583;271.83823;2106.8523;17.144007;-0.062167645;0.0;0.15670061;0.15670061;0.0;16.714037;722.53613;3075.321;-424.15945;6293.21;-44.82111;-130.62778
1968-02-21;-6.828388;-8.837977;-6.205986;743.0705;0.78032327;190.37762;100.0;0.58764297;267.03384;2201.9856;4.192653;-0.105679035;0.0;0.15626848;0.15627593;0.0;4.18007;1038.8384;4479.299;-1031.8656;5440.471;-76.76444;-191.5
1968-02-22;-8.509305;-13.14326;-7.8447876;746.2639;1.0326891;34.531013;100.0;0.58840656;274.30045;2147.5422;0.053989887;-0.16837381;0.0;0.15583634;0.15585124;0.0;0.051304698;1095.91;4603.104;-1353.4606;4857.919;-124.57111;-211.81223
1968-02-23;-8.650952;-15.406362;-11.250503;749.4497;1.605936;20.040533;100.0;0.5884021;280.15463;2102.1729;0.0022351742;-0.0958601;0.0;0.15543401;0.15542656;0.0;0.001359731;1284.8667;5252.7676;-1749.2861;4072.8943;-67.29222;-62.177776
1968-02-24;-6.126606;-17.364311;-13.535374;750.52246;1.3805661;22.601852;100.0;0.58839864;284.44077;2070.1091;0.00085367326;-0.09227265;0.0;0.15500188;0.15500933;0.0;0.0;1351.7467;5381.4795;-1620.1812;4104.15;-64.51444;26.343334
1968-02-25;-4.594644;-15.895947;-13.760833;750.48096;1.0795127;135.19731;100.0;0.58839804;288.10742;2043.5791;0.0017226978;-0.032143667;0.0;0.15459955;0.1545921;0.0;0.0;1386.6367;5380.2227;-1400.6716;4434.364;-22.317778;-0.16444445
1968-02-26;-3.4160156;-13.218715;-12.976311;748.77344;0.8420951;278.85446;100.0;0.5884004;291.7015;2018.6361;0.00086570415;-0.028911978;0.0;0.15421212;0.15419722;0.0;0.0;1394.7494;5277.6865;-1295.3239;4659.4043;-19.947779;-35.134167
1968-02-27;-3.7353718;-6.6799927;-11.197804;747.9361;1.0786586;243.62807;100.0;0.5889739;295.04916;1997.6807;1.8262506;0.04579965;0.0;0.15379488;0.15380979;0.0;1.7702951;1163.164;4296.642;-509.23807;5846.1953;37.31111;-91.85333
1968-02-28;-4.1046042;-5.318441;-7.526693;746.0244;1.3537248;208.22437;100.0;0.59629375;294.33823;2025.35;15.376348;-0.01906231;0.0;0.15342236;0.1534298;0.0;15.183881;680.745;2588.91;-125.53306;6568.336;-14.106667;-82.92
1968-02-29;-2.4463704;-8.11615;-6.3170166;746.9875;1.1106128;216.87904;100.0;0.60616535;293.20117;2069.58;0.4143696;-0.070414506;0.0;0.15303493;0.15303493;0.0;0.41123107;1252.7494;5210.5967;-1334.4875;5142.3604;-52.023335;-132.59555
1968-03-01;-4.0053;-5.880829;-6.03451;742.8071;0.7228417;192.08623;100.0;0.62689;284.89713;2198.2014;44.2095;0.011990778;0.0;0.1526475;0.1526475;0.0;43.058754;273.48834;1152.8855;-46.403057;6659.0635;9.784445;-35.22111
1968-03-02;-4.9926248;-6.0950217;-4.723368;742.9102;0.7570887;165.63258;100.0;0.6630612;268.05045;2473.714;17.776905;-0.10065455;0.0;0.15226007;0.15226752;0.0;17.44131;579.2589;2517.1355;-341.0325;6427.149;-75.70556;-144.42555
1968-03-03;-5.4456887;-7.1280518;-4.680227;745.2708;0.7048054;221.60413;100.0;0.6695237;274.95444;2438.4358;0.84252554;-0.19247738;0.0;0.15185773;0.15185773;0.0;0.8350089;1147.263;4866.598;-914.94775;5773.4844;-143.34833;-253.90056
1968-03-04;-5.7568665;-8.542531;-5.5822906;746.43024;0.68165296;112.58683;100.0;0.6700532;283.7412;2363.973;1.1226797;-0.18322654;0.0;0.1514405;0.15144795;0.0;1.1081845;1253.0344;5163.902;-1014.2844;5566.7544;-135.23111;-241.4464
1968-03-05;-4.568094;-6.357496;-5.2904067;745.61426;0.7336192;160.37492;100.0;0.6717271;290.08398;2317.9119;0.76757073;-0.1538191;0.0;0.15103817;0.15103817;0.0;0.7405579;1152.2994;4676.406;-904.58167;5779.067;-113.28778;-193.68666
1968-03-06;-4.702254;-5.817716;-5.007524;743.9956;0.8787358;145.05815;100.0;0.68287677;289.6937;2355.1433;35.680683;-0.13577193;0.0;0.15063584;0.15064329;0.0;34.898037;772.0619;3096.825;-212.33945;6599.464;-102.25056;-202.67334
1968-03-07;-3.8408813;-4.7639976;-3.45224;744.62256;0.6650248;215.5624;100.0;0.7187438;275.8148;2607.3406;13.160411;-0.13330765;0.0;0.15026331;0.15025586;0.0;12.711495;616.2414;2672.9954;-417.6711;6470.5547;-100.90667;-169.14778
1968-03-08;-3.8908691;-6.2210183;-4.3428245;744.4556;0.82908183;165.60548;100.0;0.72171354;285.26205;2533.6914;0.029802788;-0.15562214;0.0;0.14986098;0.14985353;0.0;0.023048371;1364.4353;5676.2954;-1474.7605;5112.2866;-111.81;-209.09222
1968-03-09;-4.322123;-4.991964;-5.302999;737.7837;1.027546;204.93073;100.0;0.7341593;286.958;2556.844;32.931557;-0.03461633;0.0;0.14947355;0.1494661;0.0;32.754818;403.51617;1642.2045;-48.37389;6727.4146;-25.583334;-87.53111
1968-03-10;-3.5557048;-4.330526;-3.5977986;736.77045;0.9027931;202.01189;100.0;0.76089925;282.11752;2699.056;9.718227;-0.14526305;0.0;0.14908612;0.14908612;0.0;9.541623;775.68335;3333.547;-320.59305;6624.799;-108.99555;-218.33556
1968-03-11;-3.901601;-5.1923423;-3.2032268;742.29425;1.4047481;213.70082;100.0;0.7670501;289.8102;2649.6582;2.367115;-0.23976527;0.0;0.14869869;0.14869869;0.0;2.248168;1120.608;4706.713;-704.19336;6182.6445;-180.76555;-268.02554
1968-03-12;-2.0487976;-3.1857402;-2.5084229;744.7749;1.5713955;212.66057;100.0;0.77019197;298.61328;2581.0955;7.9987226;-0.16906393;0.0;0.14831126;0.1483038;0.0;7.779732;997.7414;4027.954;-457.3578;6591.5;-125.86444;-188.18556
1968-03-13;-2.2008564;-3.0217083;-1.6370901;739.85016;2.0514205;200.17741;100.0;0.783536;302.67935;2589.2334;16.143501;-0.24973042;0.013485551;0.16140938;0.14791638;0.051034614;14.992028;968.0908;3952.403;-474.7175;6616.112;-189.84778;-274.275
1968-03-14;-4.7909317;-5.564963;-2.015133;737.9758;2.066612;203.04205;100.0;0.8013199;304.00684;2636.5154;15.1850195;-0.2520904;0.0025331974;0.1500845;0.1475364;0.0;14.75393;618.8237;2436.1882;-611.0331;6243.703;-194.52112;-286.9411
1968-03-15;-5.2965026;-10.901954;-4.8244185;745.1028;0.91883427;81.775635;100.0;0.8087761;308.44043;2624.878;0.20883425;-0.24214387;0.0;0.14714897;0.14714152;0.0;0.20755082;1625.3391;6466.474;-2054.0;4303.9053;-177.82556;-233.56334
1968-03-16;-2.6678696;-15.084239;-8.167248;747.226;0.8723876;136.26903;100.0;0.8087318;314.6338;2572.998;0.0017046927;-0.19482058;0.0;0.14674664;0.14673918;0.0;0.0;1719.8575;6628.569;-1966.95;4176.906;-140.0689;-92.28778
1968-03-17;-3.0429153;-10.281918;-9.348136;746.4067;0.9343948;204.66942;100.0;0.80870014;319.4017;2534.139;0.0025295895;-0.13154;0.0;0.1463294;0.14633685;0.0;0.0007599592;1749.7653;6567.3984;-1745.5409;4430.2505;-92.28;-105.276665
1968-03-18;-5.5042624;-11.037639;-9.744595;744.66925;1.0276438;63.748646;100.0;0.80868894;323.6289;2501.0173;0.0012921934;-0.06915908;0.0;0.14595687;0.14595687;0.0;0.0;1789.4586;6561.2134;-1706.7045;4454.651;-50.47111;-191.51778
1968-03-19;-5.5820312;-13.017476;-10.115956;743.9758;1.0392329;60.196354;100.0;0.80866027;327.48633;2471.4355;0.00042617318;-0.07819384;0.0;0.14559925;0.1455918;0.0;0.0;1853.8613;6627.491;-1773.5767;4357.223;-57.363335;-183.94221
1968-03-20;-3.9745076;-9.965611;-9.987144;743.0605;1.0138389;119.276215;100.0;0.80862594;331.07584;2444.6208;0.016155839;-0.08226;0.0;0.14522672;0.14522672;0.0;0.015303493;1896.2942;6624.145;-1594.9412;4633.4834;-60.774445;-161.40555
1968-03-21;-5.9204507;-8.141991;-8.760283;741.3221;1.0175568;67.363;100.0;0.81593436;328.50943;2483.5613;13.876632;-0.031558797;0.0;0.14488399;0.14487654;0.0;13.831258;761.3839;2827.89;-433.98334;6017.161;-23.71889;-99.26
1968-03-22;-8.000857;-13.674156;-8.762786;746.8177;2.0159776;29.78657;100.0;0.82258195;327.0853;2516.9678;0.2965361;-0.33371335;0.0;0.14452636;0.14451891;0.0;0.29568002;1492.5183;6039.8047;-1446.2855;4718.1323;-259.28445;-251.23889
1968-03-23;-7.0362153;-16.390137;-10.698609;749.413;1.2169079;35.198505;100.0;0.8225172;330.7933;2488.078;0.00085532654;-0.08955877;0.0;0.14416873;0.14416128;0.0;0.0;1765.831;6955.1167;-1911.6722;4039.4736;-66.37222;-199.36
1968-03-24;-6.6582274;-16.757101;-11.801801;748.64746;1.235686;49.23924;100.0;0.82248193;333.95605;2464.681;0.0017349476;-0.06454997;0.0;0.1437962;0.1438111;0.0;0.0;1823.29;7000.271;-1880.81;4034.0098;-47.537777;-173.02556
1968-03-25;-7.3277307;-15.010872;-12.235489;749.6091;1.6150597;33.613884;100.0;0.8224451;336.79688;2443.6848;0.002863594;-0.057043508;0.0;0.14346838;0.14346093;0.0;0.00028312206;1870.4734;7005.76;-1741.6461;4200.6895;-43.72;-177.27333
1968-03-26;-6.6106467;-12.29659;-11.080349;751.4401;1.7596883;33.61674;100.0;0.8223811;339.60385;2423.0957;0.008951283;-0.11180155;0.0;0.14311075;0.1431182;0.0;0.006798655;1781.5255;6519.14;-1336.6777;4858.093;-86.89889;-202.64333
1968-03-27;-5.5451255;-10.892548;-10.148956;751.0032;1.6461087;40.02588;100.0;0.8222875;342.5446;2401.8147;0.020976776;-0.12016855;0.0;0.14276803;0.14277548;0.0;0.017989427;1880.4305;6717.1294;-1458.51;4790.6543;-93.48556;-208.67
1968-03-28;-4.3952026;-8.6135;-8.587123;747.5716;1.9096578;36.231705;100.0;0.8223178;345.53384;2381.5105;1.0598004;-0.13188459;0.0;0.1424253;0.14243275;0.0;1.034636;1822.4567;6365.4097;-1086.7361;5454.35;-102.74333;-166.6011
1968-03-29;-3.4846191;-6.4332275;-5.8486533;744.33905;1.5178841;53.170734;100.0;0.8294192;343.73306;2412.557;10.401678;-0.18893369;0.0;0.14209747;0.14209747;0.0;10.026447;1559.015;5947.7695;-763.3728;6066.4688;-147.5411;-274.54
1968-03-30;-3.0642803;-5.060038;-4.4241843;748.17975;0.7661101;86.53595;100.0;0.8387062;341.01205;2460.0017;5.432087;-0.07198751;0.0;0.14175475;0.14175475;0.0;5.0898194;980.4044;4001.3262;-741.295;6049.6733;-55.965557;-200.05444
1968-03-31;-2.8725789;-6.384623;-4.4625907;749.7312;1.3621985;40.7799;100.0;0.8406629;344.54654;2442.0166;0.3062975;-0.117212534;0.0;0.14141202;0.14141947;0.0;0.11537969;1668.5906;6632.747;-1288.3966;5416.84;-90.744446;-273.84222
1968-04-01;-1.8762411;-4.9601846;-3.7438812;746.4838;1.5033655;38.437126;100.0;0.8412369;349.1393;2411.3362;1.1115849;-0.123389065;0.0;0.1410842;0.1410842;0.0;0.8282736;1446.5745;5530.961;-881.0622;6012.41;-93.31778;-201.2889
1968-04-02;-1.4403992;-3.456665;-2.1028798;743.3659;1.1801713;47.25278;100.0;0.8490154;350.1582;2425.6592;9.3595295;-0.08326769;0.018939376;0.15966594;0.14074147;0.17878972;7.6405034;956.2511;3791.0305;-665.1425;6370.7695;-63.17889;-156.10861
1968-04-03;-2.0852559;-6.5905967;-2.0945308;748.80566;1.6325755;32.240723;100.0;0.8509569;354.74185;2401.2043;0.0726074;-0.40345266;0.018775463;0.1591742;0.14039874;0.20865351;0.06210059;1771.37;6310.293;-1428.5562;5423.4746;-312.79;-261.28665
1968-04-04;-0.62646484;-6.999166;-2.4659398;751.95575;1.0130268;57.31364;100.0;0.85056037;360.1504;2364.339;0.0008553266;-0.14152937;0.023499131;0.16355515;0.14005601;0.2521351;0.0;2219.2056;7241.666;-1803.1111;5021.644;-105.54;-247.01
1968-04-05;0.5265198;-7.0202127;-1.9951528;751.72235;1.0437254;50.49699;100.0;0.84984255;365.54037;2328.003;0.0021398063;-0.16414374;0.11213124;0.25184453;0.13970584;0.9984262;0.0;2401.24;7313.2305;-1793.1589;5125.41;-122.81555;-211.63889
1968-04-06;-0.22618611;-5.27594;-1.1504135;751.3362;1.1879035;43.199055;100.0;0.8485299;371.7897;2285.6445;0.00043511385;-0.15410967;0.16625226;0.30562282;0.13937056;1.3889223;0.0;2551.2395;7128.6133;-1692.6461;5305.3687;-115.01889;-259.3922
1968-04-07;-0.5526428;-5.0930886;-0.5424754;750.78204;1.2240937;41.22485;100.0;0.8467328;379.38184;2235.1887;0.0;-0.21715648;0.26401877;0.4030466;0.13903528;2.0246468;0.0;2815.3823;7172.7104;-1878.9475;5166.1143;-164.31223;-266.44333
1968-04-08;0.20226033;-5.2697654;-0.34884897;751.2278;1.0983359;63.651554;100.0;0.8420952;386.7207;2180.7048;0.0008523463;-0.26164857;0.91679394;1.055479;0.13870001;6.6905694;0.0;3074.896;7322.2207;-1877.7944;5231.2944;-198.83556;-271.06332
1968-04-09;0.9039714;-4.414337;-0.28335443;750.4849;1.0015057;69.42309;100.0;0.8338453;393.11588;2124.1047;0.0044703484;-0.24534017;1.3927072;1.5310645;0.13836473;9.129747;0.0;2944.08;6662.24;-1514.992;5661.305;-186.04222;-252.29556
1968-04-10;1.210022;-3.4277546;-0.23142242;750.7531;0.96941596;118.04669;100.0;0.8227677;398.8213;2066.0808;0.040869974;-0.20512007;2.0181985;2.1562428;0.1380369;11.993475;0.0;3114.5444;6788.017;-1650.3317;5529.9775;-154.57222;-236.40111
1968-04-11;1.2700399;-3.12205;-0.23904419;752.5446;1.0723213;122.249916;100.0;0.81077886;404.36133;2007.8531;0.03972522;-0.24970621;2.182126;2.3198576;0.13772398;11.809777;0.0;3312.2922;7013.8965;-1644.5477;5552.254;-189.31555;-247.97556
1968-04-12;1.6292318;-3.535014;-0.21443684;753.555;1.0998431;70.31955;100.0;0.79671526;409.58853;1947.7946;0.0012755154;-0.2080407;3.6477149;3.79847;0.15076995;15.432872;0.0;3608.5344;7473.9023;-1791.545;5437.9634;-155.54944;-240.8511
1968-04-13;2.6947224;-4.264272;-0.21677144;752.3035;1.1201266;68.7236;100.0;0.7807614;414.62827;1886.027;0.00085532654;-0.2082279;4.9982367;5.1409006;0.14267862;16.202261;0.0;3604.2766;7338.1294;-1689.3247;5577.324;-155.28;-202.01111
1968-04-14;3.5348816;-4.3122354;-0.20446777;752.0158;1.0954136;80.026054;100.0;0.7641303;419.5869;1823.8119;0.0017078746;-0.3806455;5.4525433;5.6235642;0.17103553;16.73083;0.0;3797.5962;7630.3203;-1749.7084;5518.094;-274.19666;-133.05779
1968-04-15;3.67276;-1.2961935;-0.16065471;751.4831;1.0016123;129.08537;100.0;0.74667853;424.21484;1762.4918;0.16311705;-0.3087176;5.9039593;6.104022;0.20007044;17.51526;0.0;3487.9045;6935.5635;-1411.1794;5912.8066;-221.18834;-137.30667
1968-04-16;4.095703;0.45536295;-0.1259079;751.0129;0.87995243;253.4416;100.0;0.7276411;428.2858;1701.3346;0.9802461;-0.30743703;6.511964;7.1183443;0.60638785;20.0844;0.0;3691.8389;7282.9634;-1353.7655;6032.33;-219.19444;-167.65361
1968-04-17;3.8197124;1.096049;-0.031481426;749.9668;0.6148363;172.55241;100.0;0.7102046;431.54135;1647.9492;6.1215544;-0.14898461;6.680682;7.011309;0.33062696;18.85653;0.0;2561.2239;5017.5215;-698.435;6740.84;-102.68222;-120.3
1968-04-18;2.5037029;1.1875;0.0053278604;747.56696;0.47822797;82.928314;100.0;0.69799995;433.66504;1611.0433;10.949251;-0.024550594;6.5780582;6.837159;0.2591014;10.64449;0.0;934.1117;1817.5828;127.939445;7530.7134;-15.477222;-42.38278
1968-04-19;3.1063435;1.1582235;0.0049336753;746.4947;1.1073519;50.41171;100.0;0.67849046;435.02963;1561.8896;3.262523;-0.22452044;9.597778;11.571839;1.9740536;23.888569;0.0571087;3115.9556;6060.6807;-626.05414;6916.733;-157.32388;-175.4289
1968-04-20;1.1342875;0.19959514;0.0016911825;747.6863;0.7994566;115.3597;100.0;0.6759999;422.18716;1600.8301;16.793802;-0.10444317;4.2470245;4.478902;0.23187697;6.9887786;11.521168;978.0244;3072.6028;-183.67;7161.449;-74.57056;-124.501114
1968-04-21;1.9058737;-0.49425253;-0.010592143;749.10864;1.0394036;58.409885;100.0;0.66726273;421.93814;1582.8043;7.764399;-0.29546767;7.3653164;7.8324676;0.46714395;12.597391;0.06357208;2351.8906;6567.761;-752.49164;6661.842;-211.28389;-234.08333
1968-04-22;0.022969564;-0.6253459;-0.030006409;744.9502;0.8785302;79.294624;100.0;0.6579276;423.66733;1554.2806;8.551237;-0.10688137;6.2351823;6.626822;0.39164722;8.122399;0.05259365;1077.7106;2738.1262;-354.46918;6940.4043;-78.094444;-129.21333
1968-04-23;-0.78963214;-1.4951477;-0.039353687;739.71027;0.6047837;108.38093;100.0;0.6565646;420.68033;1560.8724;15.418243;-0.22364035;5.221635;5.545929;0.32428652;6.51524;6.070655;1252.1034;3422.055;-421.57306;6848.099;-167.84889;-213.78
1968-04-24;-1.9527384;-2.7826335;-0.08192571;739.4373;0.7333488;125.48185;100.0;0.66129726;409.88705;1613.566;7.6388927;-0.31707716;0.99372864;1.3440251;0.3502965;2.5333128;6.486334;1117.0706;3581.0544;-536.61194;6642.567;-241.05112;-286.37555
1968-04-25;-1.155253;-3.691396;-0.16381581;744.6758;1.1116089;55.813282;100.0;0.66308826;406.44174;1632.609;4.207263;-0.44048762;1.2739301;1.6712546;0.3973171;4.1096506;3.1718128;1748.2483;5548.4155;-1058.73;6050.0176;-329.8578;-244.56944
1968-04-26;-0.81673175;-5.5697937;-0.26904806;749.4087;1.1013509;74.612434;100.0;0.65915704;410.21484;1608.8461;0.019681454;-0.5779005;1.4169067;1.8551946;0.43830276;4.825432;0.0030957162;2765.4106;7725.273;-1624.367;5482.317;-430.25333;-374.5822
1968-04-27;-0.3006185;-6.132273;-0.3382988;751.36554;1.5678171;32.090748;100.0;0.6544341;416.02475;1575.0732;0.0012876344;-0.72294474;1.1585802;1.6342849;0.47569722;4.0578732;0.0;3207.5667;8164.515;-2008.008;5042.88;-542.1583;-211.37334
1968-04-28;1.123942;-5.826467;-0.28151068;749.4065;1.3243736;29.252485;100.0;0.6475691;422.19498;1535.9701;0.0008689832;-0.50087273;2.57127;3.1049995;0.53372234;8.640469;0.0;3457.8262;8225.952;-2007.593;5106.3687;-366.43;-188.86778
1968-04-29;2.0355022;-4.983846;-0.23522186;749.5532;1.0680654;85.88538;100.0;0.63653004;427.95312;1489.5426;0.30433834;-0.41583365;4.6301184;5.320117;0.68999827;12.384422;0.0;3466.9233;7844.6206;-1777.9258;5406.952;-299.6861;-165.37222
1968-04-30;2.7753093;-5.463511;-0.20666885;750.98;1.0315512;75.95791;100.0;0.6228176;433.19824;1440.1855;0.3933549;-0.42551103;5.3998528;6.262377;0.86253136;14.445133;0.0;3579.831;7798.3525;-1714.1176;5526.901;-306.90112;-151.74777
1968-05-01;4.1213584;-5.6449075;-0.17979558;752.8452;1.030916;71.36684;100.0;0.6066867;437.97818;1387.1664;0.0017285338;-0.4379982;6.422937;7.2912273;0.8682832;17.151394;0.0;3800.68;8045.4424;-1679.3744;5623.3135;-315.14;-133.38333
1968-05-02;4.2826843;-3.5507405;-0.16000874;754.71246;1.1310579;74.8315;100.0;0.5880466;442.292;1331.2174;0.07972121;-0.4146574;8.107885;9.522647;1.414761;19.38012;0.0;3898.6594;8072.3936;-1661.0131;5688.338;-297.13666;-126.80778
1968-05-03;4.0646157;-3.5857747;-0.15326309;754.4439;1.1426435;83.35813;100.0;0.5684369;446.11752;1275.5533;0.5796492;-0.39601886;8.6817;10.135203;1.4534742;19.457762;0.0;3754.7617;7643.3237;-1483.88;5885.529;-283.75446;-124.342224
1968-05-04;4.7275596;-3.458842;-0.13808441;752.8354;1.0232815;67.55369;100.0;0.547908;449.35645;1220.5404;0.094386935;-0.3920812;8.575469;10.563553;1.988098;21.197119;0.0;3964.8188;7965.656;-1537.7958;5865.2217;-279.6411;-128.27888
1968-05-05;4.2987976;-1.9095052;-0.12276459;751.61456;1.1184627;60.72549;100.0;0.52640146;450.0;1170.7357;0.34981966;-0.33633783;8.895725;10.418788;1.5230701;21.338581;0.0;3833.78;7623.8623;-1412.2711;6007.265;-237.88777;-129.20111
1968-05-06;3.4865925;1.065328;-0.07793045;751.64575;1.1634263;50.149487;100.0;0.50459474;450.0;1122.3145;2.4927526;-0.23663417;10.495506;12.857363;2.3618565;21.795784;0.0;3430.2222;6768.362;-898.7164;6552.098;-163.85333;-179.55888
1968-05-07;3.1942952;0.7748718;-0.0545489;752.123;1.200549;53.353466;100.0;0.48240623;450.0;1072.8353;3.6251247;-0.20053983;11.171997;15.169517;3.9975195;22.766817;0.0032000244;3102.0056;6081.039;-879.66614;6559.5557;-138.06667;-142.23111
1968-05-08;3.4817607;1.110372;-0.062665306;752.4248;1.1217352;80.19812;100.0;0.461381;450.0;1026.0416;2.0111167;-0.21178834;8.818433;12.32326;3.50482;21.787275;0.0;3140.851;6129.0938;-805.89197;6668.0044;-147.04556;-156.23555
1968-05-09;3.6207378;1.910024;-0.041554768;750.6679;1.0763568;73.26491;100.0;0.44084916;450.0;980.63153;8.360642;-0.13925694;12.257248;18.163458;5.9062166;21.308203;0.0;2620.9395;5091.762;-497.12418;6972.761;-93.71778;-127.68222
1968-05-10;3.735738;1.5813599;-0.029083252;749.02814;1.3027958;34.08965;100.0;0.41767284;450.0;929.1585;3.9289236;-0.209352;11.601194;18.795431;7.1942434;24.173647;0.0;3247.2405;6294.062;-751.6161;6756.1177;-144.26222;-162.61333
1968-05-11;3.6520996;-0.85465497;-0.06946182;750.1333;1.4355899;35.323326;100.0;0.39582574;450.0;880.65594;0.15992522;-0.41076168;8.521586;16.753763;8.232176;22.618708;0.0;3412.3062;6599.258;-1133.3038;6259.234;-300.59778;-134.51111
1968-05-12;3.7846782;0.01264445;-0.13070934;752.26373;1.3473848;41.684597;100.0;0.37374273;450.0;831.50226;0.8240975;-0.3054114;9.214788;18.677965;9.463183;22.09303;0.0;3614.5645;6975.4067;-1181.9172;6214.9775;-216.11555;-145.51
1968-05-13;4.230967;-1.171163;-0.13028717;751.5266;1.280854;44.382313;100.0;0.35135219;450.0;781.7383;0.044951167;-0.40253717;9.28767;19.719675;10.432013;22.482075;0.0;3872.5593;7461.4146;-1256.1306;6165.6255;-289.44666;-147.90222
1968-05-14;4.2373147;0.8616638;-0.08441925;748.9671;1.0471677;66.37146;100.0;0.32965672;450.0;733.43915;1.604041;-0.21459535;9.066791;20.358637;11.291846;22.153795;0.0;3115.8884;5997.72;-869.0503;6581.98;-148.92778;-126.37111
1968-05-15;3.9132385;2.1936035;-0.06251526;748.6807;0.94192475;147.81516;100.0;0.30908963;450.0;687.6221;5.028535;-0.12908876;10.270879;22.68885;12.417965;20.274755;0.0;2899.5117;5574.5913;-595.9278;6886.013;-85.55778;-125.32
1968-05-16;4.402303;3.0706074;0.005167643;749.09985;0.96933645;223.73022;100.0;0.28626323;450.0;637.08496;2.2262871;-0.13715588;10.849267;24.047808;13.19854;23.720179;0.0;2811.67;5400.6694;-415.4547;7141.7446;-91.37;-130.3511
1968-05-17;4.881368;3.2366536;0.0085919695;750.1351;1.0549862;235.11272;100.0;0.26028883;450.0;579.7526;2.6916416;-0.2683364;12.815088;27.217329;14.402263;28.111418;0.00021979213;3513.9905;6748.6045;-583.4347;7025.285;-188.71777;-165.12334
1968-05-18;5.88031;3.2674153;-0.043181103;750.9642;1.1522571;254.01733;100.0;0.2302639;450.0;513.10223;0.14207661;-0.26915595;13.582677;31.998352;18.415682;30.342188;0.0;4006.8394;7691.3047;-1061.6542;6514.089;-184.82556;-157.01111
1968-05-19;7.249369;0.24167888;-0.09729258;751.43976;1.0447625;114.129814;100.0;0.20497744;450.0;456.4209;0.098887086;-0.286459;8.100763;26.368513;18.267757;22.829115;0.00071153045;3095.4028;5939.0654;-634.3003;6898.9155;-203.12555;-72.30222
1968-05-20;6.6166787;2.925822;-0.08433914;750.75464;1.0201364;153.99725;100.0;0.18217444;450.0;405.76172;4.834914;-0.110684894;12.064203;28.53182;16.467615;23.635387;0.0;2829.1162;5426.7437;-710.45886;6770.957;-70.202774;-73.00611
1968-05-21;7.1860557;-0.19384766;-0.22616832;752.77466;1.2223076;127.00881;98.68839;0.15631485;450.0;348.59213;0.081044436;-0.43952557;11.111215;26.95018;15.838951;27.285378;0.0012163073;4078.5593;7789.5356;-1142.6206;6360.6587;-312.63333;-96.623886
1968-05-22;7.377014;2.6420796;-0.23008092;754.9768;1.1483926;44.891262;96.38159;0.1305722;450.0;291.09702;2.98904;-0.25969;11.403545;26.156067;14.752507;24.797752;0.0;3538.595;6666.3433;-902.8286;6613.14;-174.95612;-104.03778
1968-05-23;7.869161;4.2251687;-0.24719238;755.3401;1.197103;70.80917;94.92944;0.10527301;450.0;234.98535;7.716594;-0.25215372;16.280607;30.39214;14.111519;25.432453;0.0;3560.8845;6652.1533;-970.76807;6561.683;-165.27667;-108.255554
1968-05-24;8.893697;4.011892;-0.3081169;753.8133;1.1399409;58.726788;94.215004;0.0794398;450.0;177.77507;3.6339555;-0.36500767;13.520971;26.947393;13.426408;27.038332;0.0;3928.3218;7308.0454;-1001.0197;6597.6924;-245.56444;-121.69222
1968-05-25;8.392059;5.6150208;-0.30140814;750.82526;1.247641;63.264248;91.16959;0.054643314;450.0;122.72135;6.7437897;-0.25423616;13.923377;27.921082;13.997704;22.970087;0.0;3148.8433;5798.211;-716.5278;6849.3315;-165.04778;-114.82445
1968-05-26;8.027771;3.7183635;-0.39545822;751.7781;1.1494443;126.663475;69.096275;0.031809527;450.0;71.57389;2.819711;-0.73168147;10.813803;25.075943;14.262125;22.012796;0.0;3921.6855;6675.2734;-887.81165;6862.8896;-504.39444;-255.66777
1968-05-27;8.083995;3.014445;-0.35470834;752.6496;0.8987868;231.40483;38.43929;0.016836882;450.0;38.045246;0.863114;-1.1942275;3.967017;17.372967;13.405949;11.084023;0.0;3787.9194;5538.309;-998.75946;6898.2847;-828.2989;-342.0711
1968-05-28;8.619232;4.3672996;-0.18847656;752.8842;0.87126917;94.982155;19.303385;0.008408149;450.0;19.083658;6.2421985;-1.6956403;5.04823;17.46601;12.417764;6.695762;0.0;4359.7754;5875.1655;-1271.4891;6887.8022;-1176.7333;-547.62445
1968-05-29;7.624929;5.1956077;0.006164551;749.4693;0.8946381;89.45243;8.803711;0.0038253467;450.0;8.626302;14.32017;-1.8678977;6.3295364;18.152401;11.822849;3.2810793;0.0;3829.4722;4938.14;-940.8369;7318.812;-1296.75;-686.54333
1968-05-30;6.216685;4.9405417;0.00987498;746.42725;0.90355283;110.16116;4.23999;0.0018585523;450.0;4.435221;12.259603;-1.3064816;3.8147197;14.159977;10.34525;1.159858;0.0;2260.7478;2856.1245;-602.9278;7479.1055;-907.20667;-451.52554
1968-05-31;5.7695107;3.7318523;-0.056841534;749.58575;1.0859128;75.66021;2.208089;0.0009661913;450.0;2.5634766;11.21788;-1.8151077;3.5984664;13.172939;9.5744505;0.648018;0.0;3157.32;3956.6533;-1060.0656;6989.94;-1260.7378;-605.6322
1968-06-01;7.2717185;4.303253;-0.0076942444;752.97504;0.96237546;94.296776;1.0622559;0.0004603068;450.0;1.3020834;4.9181714;-2.3150053;1.3470799;10.259435;8.912362;0.42594597;0.0;4543.9355;5664.86;-1440.4603;6932.0854;-1608.09;-957.69336
1968-06-02;8.042308;4.3825583;0.0026397705;754.24146;1.181821;89.91462;0.42008463;0.00018088023;450.0;0.40690103;4.9878507;-2.8727036;1.199916;9.480849;8.280926;0.1967363;0.0;5333.2686;6625.616;-1630.8055;6905.646;-1995.5466;-1098.4
1968-06-03;9.279317;4.2949524;-0.011943817;751.236;1.0439655;122.88198;0.14892578;6.429354e-05;450.0;-7.345365e-21;1.4056951;-3.2164092;0.28790534;7.9661756;7.6782703;0.07201731;0.0;5910.1104;7326.99;-2068.1895;6545.626;-2234.3232;-1083.2467
1968-06-04;10.399078;3.6289775;-0.10273107;748.0422;1.032549;128.99538;0.05110677;2.2172928e-05;441.86978;-7.345365e-21;0.35122335;-3.2839942;0.061936677;7.178709;7.116787;0.024400651;0.0;5765.34;7137.2183;-2068.0432;6557.421;-2281.281;-923.5256
1968-06-05;9.72818;5.3265786;-0.09643427;748.0081;1.3403338;215.29808;0.017659506;7.390976e-06;428.7562;-7.345365e-21;3.1740308;-2.8002663;0.57563186;7.178366;6.6027346;0.008422881;0.0;5286.923;6537.156;-1845.7478;6725.1333;-1945.2511;-1119.5878
1968-06-06;8.085765;4.980784;-0.021692911;748.2951;0.9620499;198.16199;0.006917318;2.8212864e-06;428.2103;-7.345365e-21;12.051466;-2.38604;2.3937674;8.534044;6.1402545;0.0027231872;0.0;4376.988;5406.0347;-1489.358;6921.7876;-1657.5022;-927.1067
1968-06-07;7.6444907;4.3670144;0.009953816;749.5203;1.0525104;124.4368;0.002766927;1.3113022e-06;428.09375;-7.345365e-21;11.36593;-2.6546419;2.8046594;8.534178;5.7295265;0.0011436641;0.0;4327.01;5338.5054;-1219.5566;7269.6416;-1844.0906;-1005.1544
1968-06-08;6.877777;1.2448019;-0.0925293;750.37915;1.2197996;77.0095;0.0008951823;3.5762787e-07;428.09375;-7.345365e-21;1.9313772;-3.4307148;0.3553182;5.7307034;5.3754;0.00044330955;0.0;6232.495;7681.6143;-2367.006;6062.5957;-2383.2034;-1275.7333
1968-06-09;6.773773;0.8276367;-0.90960187;750.8413;1.1904105;99.29067;0.00040690103;-7.3453654e-25;269.88052;-7.345365e-21;0.7881671;-3.5919352;0.118881464;5.185336;5.066447;0.00028312206;0.00010803342;6336.9004;7802.121;-2148.9888;6280.7837;-2495.1978;-1409.581
1968-06-10;8.534078;1.4970602;-2.7432327;751.54785;1.1627686;108.93689;0.0;-7.3453654e-25;178.70668;-7.345365e-21;0.35139322;-3.4903698;0.0500381;4.837811;4.787788;5.5879354e-05;0.0;5980.3403;7355.459;-2036.0411;6489.924;-2424.6433;-1161.5255
1968-06-11;9.702443;2.675069;-1.1872736;752.177;1.0161827;103.690544;0.0;-7.3453654e-25;105.71255;-7.345365e-21;2.8639843;-3.4779077;0.47254562;5.005479;4.532948;1.1175871e-05;0.0;5996.907;7368.0913;-2152.8472;6497.2275;-2415.9866;-1003.63556
1968-06-12;10.373393;3.4815266;0.009812673;750.9236;1.106668;87.77795;0.0;-7.3453654e-25;99.99998;-7.345365e-21;2.1870449;-3.350351;0.34680963;4.645914;4.2990894;0.0;0.0;5561.8047;6826.3213;-2003.4155;6712.3706;-2327.3777;-807.83
1968-06-13;9.252136;4.761953;0.01003011;748.8372;1.3016921;72.57918;0.0;-7.3453654e-25;99.99998;-7.345365e-21;2.1636436;-3.4150295;0.3086701;4.39246;4.08379;0.0;0.0;5645.9604;6922.3965;-1790.4933;6934.618;-2372.3079;-1138.9312
1968-06-14;9.37735;5.3706155;0.009974162;746.1972;1.1256114;75.990486;0.0;-7.3453654e-25;99.99998;-7.345365e-21;2.4476304;-3.1587164;0.35970658;4.2452364;3.8855374;0.0;0.0;5284.34;6472.082;-1680.4022;7029.7056;-2194.2556;-1121.6167
1968-06-15;9.655314;3.5355122;0.009929657;747.2246;1.1983997;147.83838;0.0;-7.3453654e-25;100.00779;-7.345365e-21;6.243625;-2.8600953;0.9897351;4.6928825;3.7031472;0.0;0.0;4682.906;5729.608;-1465.7472;7163.6436;-1986.8134;-1007.2489
1968-06-16;10.441772;3.3041584;0.010144551;749.98334;1.0939282;118.28791;0.0;-7.3453654e-25;99.99998;-7.345365e-21;0.8726448;-3.5762835;0.107102096;3.6409945;3.5338924;0.0;0.0;6049.5854;7400.993;-2012.1694;6758.5713;-2484.3254;-1176.7567
1968-06-17;10.88503;2.313863;0.010045369;749.72485;1.3216449;122.23148;0.0;-7.3453654e-25;99.99998;-7.345365e-21;0.010737777;-3.8189013;0.0012516975;3.37708;3.3758209;0.0;0.0;6109.725;7473.5166;-2182.8389;6522.6235;-2652.8633;-1048.2322
1968-06-18;10.364491;1.3841959;0.009971619;748.81274;1.3953131;177.09991;0.0;-7.3453654e-25;99.99998;-7.345365e-21;0.0;-3.9045699;0.0;3.2283366;3.2283216;0.0;0.0;6768.1694;8278.033;-2468.4883;6189.628;-2712.3745;-1343.2988
1968-06-19;10.310475;1.5879415;0.010214488;748.70233;1.1571882;156.78792;0.0;-7.3453654e-25;99.99998;-7.345365e-21;0.0;-3.6094384;0.0;3.0909777;3.0909777;0.0;0.0;6468.797;7910.8;-2348.8223;6325.491;-2507.3567;-1280.419
1968-06-20;9.440328;2.9101665;0.009597778;748.90106;1.0576631;57.91641;0.0;-7.3453654e-25;99.99998;-7.345365e-21;1.7724717;-3.071391;0.20511448;3.1686573;2.963543;0.0;0.0;5363.026;6557.47;-1873.36;6826.3667;-2133.5933;-1060.0778
1968-06-21;8.998942;3.664449;0.009895325;748.0949;1.3834919;55.670315;0.0;-7.3453654e-25;99.99998;-7.345365e-21;1.0172466;-3.003315;0.1026839;2.948016;2.8453321;0.0;0.0;5410.6143;6614.938;-1930.6022;6687.291;-2086.3032;-1192.3966
1968-06-22;9.22585;3.5291138;0.009883881;746.47186;1.2046221;70.44347;0.0;-7.3453654e-25;100.00519;-7.345365e-21;2.2913258;-3.1189415;0.26126206;2.9957592;2.7344823;0.0;0.0;5593.817;6838.148;-2014.1311;6674.899;-2166.6245;-1159.1945
1968-06-23;9.81483;4.3762717;0.009616852;746.2798;1.0963103;80.263054;0.0;-7.3453654e-25;100.00259;-7.345365e-21;5.733976;-3.224234;0.71816146;3.3487082;2.6305616;0.0;0.0;5637.89;6890.8354;-1858.6067;6884.2646;-2239.7678;-1238.5466
1968-06-24;11.755737;0.79874676;0.009862264;747.2873;1.1295273;142.226;0.0;-7.3453654e-25;99.99998;-7.345365e-21;0.005555153;-4.1028056;0.0005289912;2.5328696;2.5323482;0.0;0.0;6797.1064;8306.813;-2527.9722;6271.898;-2850.0823;-1148.62
1968-06-25;12.162953;-0.32182822;0.009941101;749.97406;1.1597363;108.46539;0.0;-7.3453654e-25;99.99998;-7.345365e-21;0.033408403;-4.0368633;0.0031143427;2.442032;2.4389029;0.0;0.0;6861.757;8384.838;-2607.2988;6249.56;-2804.275;-1061.3511
1968-06-26;13.207143;3.4367473;0.010412852;752.425;1.5038329;39.628284;0.0;-7.3453654e-25;99.99998;-7.345365e-21;0.0004351138;-4.005864;4.4703484e-05;2.3506284;2.3505688;0.0;0.0;6927.436;8464.029;-2610.8562;6404.926;-2782.74;-1111.9645
1968-06-27;14.842407;3.626231;-0.30812326;751.6795;1.1305307;80.119934;0.0;-7.3453654e-25;100.12368;-7.345365e-21;0.089496374;-3.746381;0.0076442957;2.2747517;2.267085;0.0;0.0;6667.7686;8145.67;-2487.855;6672.6895;-2602.4856;-1060.6555
1968-06-28;14.948659;-0.71190387;-0.18072002;750.347;1.3214645;157.42953;0.0;-7.3453654e-25;100.09503;-7.345365e-21;0.0008345149;-3.895268;5.9604645e-05;2.187997;2.1879525;0.0;0.0;7035.0957;8593.323;-2879.1333;6242.803;-2705.9133;-1179.7644
1968-06-29;13.30306;-1.9423727;0.010033925;748.5018;1.27076;109.546364;0.0;-7.3453654e-25;99.99998;-7.345365e-21;0.0008523463;-3.5465555;7.4505806e-05;2.112925;2.1128507;0.0;0.0;7156.362;8740.217;-2953.8755;6081.2144;-2463.6733;-1334.1045
1968-06-30;13.033772;3.0039673;0.0101076765;748.0843;1.2907676;110.75253;0.0;-7.3453654e-25;99.99998;-7.345365e-21;0.3363967;-3.0348198;0.025838614;2.0677447;2.0418837;0.0;0.0;6435.469;7858.701;-2356.695;6810.473;-2108.189;-1574.7234
1968-07-01;13.791484;1.5890808;0.01024882;748.6081;1.3012544;138.5779;0.0;-7.3453654e-25;99.99998;-7.345365e-21;0.00044107434;-2.9722471;2.9802322e-05;1.9747317;1.974687;0.0;0.0;6551.4614;7999.3564;-2548.361;6637.298;-2064.7212;-1569.3278
1968-07-02;14.856465;0.6420593;0.009919484;750.3159;1.2740933;202.046;0.0;-7.3453654e-25;99.99998;-7.345365e-21;0.0004351138;-2.959246;2.9802322e-05;1.9105971;1.9105673;0.0;0.0;6897.1304;8420.478;-2752.6277;6553.148;-2055.689;-1679.4889
1968-07-03;16.26827;1.0520325;0.009799957;748.51807;1.1118488;157.60532;0.0;-7.3453654e-25;99.99998;-7.345365e-21;0.002572393;-2.928475;0.00018626451;1.8494874;1.8493086;0.0;0.0;6996.385;8540.554;-2970.5322;6505.817;-2034.3145;-1471.5466
1968-07-04;16.151834;1.2782491;0.0101674395;746.99713;1.2813827;189.15514;0.0;-7.3453654e-25;99.99998;-7.345365e-21;0.0021564565;-2.627002;0.00014901161;1.7910451;1.790896;0.0;0.0;7032.1733;8583.123;-3033.2444;6461.6357;-1824.8911;-1724.0978
1968-07-05;14.992635;0.06278483;0.010098775;746.98004;1.3935584;224.33508;0.0;-7.3453654e-25;99.99998;-7.345365e-21;0.00042065507;-2.3187585;2.9802322e-05;1.7352998;1.7352849;0.0;0.0;6984.484;8523.82;-2999.5771;6435.1787;-1610.7633;-2031.6111
1968-07-06;15.159465;-1.2031046;0.009836833;748.36774;1.0973405;139.74828;0.0;-7.3453654e-25;99.99998;-7.345365e-21;0.00042617318;-2.2693565;2.9802322e-05;1.6821772;1.6821474;0.0;0.0;7033.6123;8582.611;-3149.0278;6360.7876;-1576.4467;-1885.9822
1968-07-07;15.330943;1.049408;0.009820302;749.04395;1.2590731;103.1586;0.0;-7.3453654e-25;99.99998;-7.345365e-21;0.0012993806;-2.0914133;8.940697e-05;1.6314387;1.6313344;0.0;0.0;6921.027;8444.138;-3055.2239;6517.823;-1452.8345;-1962.1322
1968-07-08;15.928914;2.1168416;0.010017395;749.20996;1.2366635;99.15536;0.0;-7.3453654e-25;99.99998;-7.345365e-21;0.00086147;-2.0500383;5.9604645e-05;1.5827864;1.5827417;0.0;0.0;6934.95;8460.059;-3059.8262;6658.5874;-1424.0934;-1916.1934
1968-07-09;15.042938;4.4713845;0.009722392;748.0031;1.9253842;43.34848;0.0;-7.3453654e-25;100.00779;-7.345365e-21;0.0;-1.6814656;0.0;1.5364438;1.5364587;0.0;0.0;6372.3936;7772.8887;-2772.3445;6841.6113;-1168.0577;-2102.54
1968-07-10;14.222626;2.525777;0.010092418;746.19147;2.0595613;38.56767;0.0;-7.3453654e-25;99.99998;-7.345365e-21;0.0078022475;-1.6277395;0.00052154064;1.4929324;1.4924258;0.0;0.0;6673.238;8138.7866;-2859.6228;6649.8022;-1130.7367;-2349.7434
1968-07-11;14.435669;4.916555;0.00995636;747.2715;1.2878245;26.848907;0.0;-7.3453654e-25;99.99998;-7.345365e-21;3.0118237;-1.6172602;0.23511052;1.6857088;1.450628;0.0;0.0;5609.125;6840.1377;-2439.1565;7053.1855;-1123.4567;-1763.1278
1968-07-12;15.290802;3.3641052;0.0100364685;750.90796;1.5506716;38.502014;0.0;-7.3453654e-25;99.99998;-7.345365e-21;0.00044292893;-2.615338;2.9802322e-05;1.4106631;1.4106482;0.0;0.0;6904.3784;8418.453;-2980.5522;6527.412;-1816.7877;-1778.8633
1968-07-13;16.81486;0.8055013;0.00989151;751.68195;1.2788204;64.47143;0.0;-7.3453654e-25;99.99998;-7.345365e-21;0.0012890277;-2.4316628;8.940697e-05;1.371786;1.3717115;0.0;0.0;6943.769;8465.4;-3125.7495;6599.6055;-1689.1956;-1661.6322
1968-07-14;17.314718;0.7979838;0.010131836;750.82697;1.3169678;80.38196;0.0;-7.3453654e-25;99.99998;-7.345365e-21;0.0008702277;-2.0392165;5.9604645e-05;1.3342798;1.3342351;0.0;0.0;6814.2188;8306.342;-3124.7124;6704.469;-1416.5767;-1815.3656
1968-07-15;17.320242;0.0024515789;0.009824117;751.0429;1.3784794;99.26835;0.0;-7.3453654e-25;99.99998;-7.345365e-21;0.0008612871;-1.7737876;5.9604645e-05;1.2983084;1.2982562;0.0;0.0;6837.1567;8333.212;-3180.6123;6678.263;-1232.1912;-1963.1522
1968-07-16;17.583761;0.96084595;0.0099487305;751.8494;1.152794;97.295494;0.0;-7.3453654e-25;99.99998;-7.345365e-21;0.00085447315;-1.608191;5.9604645e-05;1.2637973;1.2637526;0.0;0.0;6481.275;7897.708;-3059.5527;6883.722;-1117.1566;-1847.2256
1968-07-17;18.035543;0.5610555;0.009793599;751.38727;1.1219567;74.32325;0.0;-7.3453654e-25;99.99998;-7.345365e-21;0.004706809;-1.5594419;0.00022351742;1.2308359;1.2306049;0.0;0.0;6402.2104;7799.6255;-2968.8733;7084.9834;-1083.2911;-1845.4767
1968-07-18;18.80964;2.0320027;0.010110219;752.2802;1.3640002;49.206924;0.0;-7.3453654e-25;99.99998;-7.345365e-21;0.00010430813;-1.5197396;0.0;1.1987239;1.1987164;0.0;0.0;6517.641;7938.5454;-3011.5361;7120.596;-1055.7123;-1952.2789
1968-07-19;19.882456;0.64991254;0.010264079;753.1031;1.2239549;98.15203;0.0;-7.3453654e-25;99.99998;-7.345365e-21;0.00042617318;-1.503054;2.9802322e-05;1.1680275;1.1679977;0.0;0.0;6457.012;7862.9155;-3041.4895;7170.651;-1044.1222;-1880.7778
1968-07-20;20.587484;-1.9527181;0.009980519;753.1797;1.4767647;130.6773;0.0;-7.3453654e-25;99.99998;-7.345365e-21;0.0012874597;-1.4123489;7.4505806e-05;1.1386275;1.1385605;0.0;0.0;6325.7144;7701.3013;-2986.3489;7188.5684;-981.1111;-1953.9822
1968-07-21;19.3143;-4.5054526;0.010070801;752.72565;1.5284349;186.36168;0.0;-7.3453654e-25;99.99998;-7.345365e-21;0.00041127202;-1.3947831;2.9802322e-05;1.1102557;1.1102408;0.0;0.0;6867.3076;8358.792;-3431.1377;6581.2466;-968.9089;-2246.2556
1968-07-22;18.773193;-6.9703774;0.009737651;752.02716;0.8758281;124.239525;0.0;-7.3453654e-25;99.99998;-7.345365e-21;0.0017106531;-1.4559366;0.00011920929;1.0829568;1.0828376;0.0;0.0;7069.898;8603.478;-3777.4343;6287.5835;-1011.39;-1801.581
1968-07-23;19.758453;-0.5044861;0.009860992;752.215;1.2348948;79.37613;0.0;-7.3453654e-25;99.99998;-7.345365e-21;0.0008621183;-1.3701469;4.4703484e-05;1.0564327;1.056388;0.0;0.0;6617.2563;8050.7847;-3187.9373;7066.243;-951.7967;-1900.1711
1968-07-24;20.572723;1.620575;0.009705861;752.4067;1.2951564;85.41556;0.0;-7.3453654e-25;99.99998;-7.345365e-21;0.0004351138;-1.322113;2.9802322e-05;1.0309219;1.030907;0.0;0.0;6308.671;7673.6196;-2994.1416;7370.2046;-918.4278;-1927.6034
1968-07-25;20.547964;1.504537;0.009952545;752.5629;1.3130009;95.29841;0.0;-7.3453654e-25;99.99998;-7.345365e-21;0.00044107434;-1.2774616;2.9802322e-05;1.0063648;1.0063424;0.0;0.0;6284.746;7642.815;-2995.9421;7360.559;-887.41;-1956.4344
1968-07-26;20.63981;0.7630208;0.009825389;753.14435;1.4292163;129.0505;0.0;-7.3453654e-25;99.99998;-7.345365e-21;0.0004351138;-1.293309;2.9802322e-05;0.9826273;0.9826049;0.0;0.0;6693.327;8137.922;-3192.229;7167.472;-898.4189;-2178.5432
1968-07-27;20.564789;-1.0976461;0.010054271;752.96533;1.3900026;129.95995;0.0;-7.3453654e-25;99.99998;-7.345365e-21;0.0004351138;-1.2527052;2.2351742e-05;0.9596944;0.95967203;0.0;0.0;6690.5737;8132.6733;-3241.1108;7105.47;-870.2122;-2175.0479
1968-07-28;20.739624;1.5489298;0.009980519;752.6552;1.154953;74.23032;0.0;-7.3453654e-25;99.99998;-7.345365e-21;0.003823638;-1.1468884;0.00017881393;0.9378046;0.9376332;0.0;0.0;5960.687;7243.8496;-2913.2317;7466.1157;-796.70557;-1808.8667
1968-07-29;19.747864;4.120565;0.009902954;750.4712;1.1806403;87.47726;0.0;-7.3453654e-25;99.99998;-7.345365e-21;0.009530783;-0.9877551;0.00047683716;0.91703236;0.9165481;0.0;0.0;5243.504;6370.9624;-2584.959;7642.238;-686.16113;-1688.4333
1968-07-30;19.326498;-1.6296997;0.01024882;749.4996;1.4339023;169.5499;0.0;-7.3453654e-25;100.00519;-7.345365e-21;0.0012874597;-1.1454057;5.9604645e-05;0.89615583;0.8960962;0.0;0.0;6681.8813;8116.6475;-3392.8884;6754.444;-795.67554;-2332.391
1968-07-31;17.669626;-4.0105286;0.01000468;749.278;1.4081644;180.28267;0.0;-7.3453654e-25;99.99998;-7.345365e-21;0.0008583069;-1.0562083;4.4703484e-05;0.8763075;0.8762628;0.0;0.0;6868.1313;8341.188;-3552.9568;6342.471;-733.7133;-2377.5522
1968-08-01;16.336039;-1.5836893;0.009827931;747.4786;1.4873506;196.79903;0.0;-7.3453654e-25;99.99998;-7.345365e-21;0.0008583069;-0.98640376;4.4703484e-05;0.8572042;0.8571297;0.0;0.0;6782.702;8235.6045;-3411.0789;6369.261;-685.2228;-2527.6646
1968-08-02;14.762024;-1.0573832;0.009913127;746.15814;1.5374665;190.32642;0.0;-7.3453654e-25;99.99998;-7.345365e-21;0.0012814989;-0.91162884;5.9604645e-05;0.83878636;0.83869696;0.0;0.0;6633.711;8052.9165;-3138.7068;6504.7324;-633.2789;-2698.4055
1968-08-03;14.127126;-2.4497783;0.009976705;748.3516;1.2386183;153.85081;0.0;-7.3453654e-25;99.99998;-7.345365e-21;0.0;-0.92262214;0.0;0.82087517;0.8208826;0.0;0.0;6721.3823;8157.4126;-3324.5173;6281.1167;-640.9144;-2654.52
1968-08-04;15.332082;-4.1453757;0.010323842;750.13965;1.2025675;133.11797;0.0;-7.3453654e-25;99.99998;-7.345365e-21;0.0008523463;-0.97272825;4.4703484e-05;0.8036494;0.8035898;0.0;0.0;6755.7886;8197.378;-3533.125;6151.972;-675.7222;-2322.8655
1968-08-05;16.724264;-6.8949485;0.01003774;749.04224;1.2540482;107.82154;0.0;-7.3453654e-25;99.99998;-7.345365e-21;0.00085234636;-0.9892844;4.4703484e-05;0.7868558;0.7868111;0.0;0.0;6822.5034;8276.491;-3682.0947;6067.5835;-687.2222;-2177.329
1968-08-06;16.29064;-4.3455606;0.009873708;747.2873;1.4043684;212.43703;0.0;-7.3453654e-25;99.99998;-7.345365e-21;0.0;-0.919099;0.0;0.77062845;0.77061355;0.0;0.0;6735.6133;8169.308;-3452.138;6266.3867;-638.4678;-2384.3823
1968-08-07;14.977855;-3.6133118;0.009684245;749.06586;1.4424047;200.31262;0.0;-7.3453654e-25;99.99998;-7.345365e-21;0.0;-0.8465974;0.0;0.75499713;0.7549897;0.0;0.0;6698.866;8122.9473;-3353.3386;6239.097;-588.1028;-2619.6655
1968-08-08;14.629883;-3.7022808;0.009950002;749.696;1.2734264;142.5623;0.0;-7.3453654e-25;99.99998;-7.345365e-21;0.00044107434;-0.8854065;2.9802322e-05;0.73984265;0.73981285;0.0;0.0;6688.1274;8108.096;-3459.5598;6150.25;-615.0628;-2434.1646
1968-08-09;15.330913;-4.249644;0.009858449;748.7503;1.1281203;111.69285;0.0;-7.3453654e-25;99.99998;-7.345365e-21;0.0012793934;-0.91363674;7.4505806e-05;0.7250905;0.72502345;0.0;0.0;6607.7485;8008.793;-3406.4912;6311.3013;-634.67224;-2274.2222
1968-08-10;16.093546;-1.8700155;0.010028839;748.33594;1.26214;110.23346;0.0;-7.3453654e-25;99.99998;-7.345365e-21;0.0008463859;-0.89128685;5.9604645e-05;0.710696;0.7106662;0.0;0.0;6420.1455;7779.6885;-3198.8079;6610.0957;-619.14667;-2255.64
1968-08-11;16.48876;-2.3117878;0.010092418;748.1496;1.3219322;119.193085;0.0;-7.3453654e-25;99.99998;-7.345365e-21;0.0;-0.88712573;0.0;0.6967336;0.6967336;0.0;0.0;6449.423;7813.434;-3262.6492;6595.251;-616.25555;-2277.4856
1968-08-12;16.073996;-2.8490906;0.00985082;747.8813;1.4148408;124.41797;0.0;-7.3453654e-25;99.99998;-7.345365e-21;0.0025689597;-0.8554533;0.00014901161;0.68336725;0.68323314;0.0;0.0;6490.9;7861.924;-3307.9805;6472.64;-594.25555;-2379.1433
1968-08-13;15.997192;-1.8199259;0.009906769;748.4776;1.3413788;104.79281;0.0;-7.3453654e-25;99.99998;-7.345365e-21;0.0;-0.8624997;0.0;0.670135;0.670135;0.0;0.0;6497.6665;7868.3506;-3255.7908;6567.261;-599.15;-2339.9956
1968-08-14;17.234812;-0.16933186;0.010041554;750.12115;1.273681;105.72448;0.0;-7.3453654e-25;99.99998;-7.345365e-21;0.001758337;-0.85254943;5.9604645e-05;0.65746903;0.6573945;0.0;0.0;6096.793;7381.297;-3051.2173;6909.3066;-592.2378;-2113.7944
1968-08-15;17.577139;-4.0076294;0.010088603;750.11127;1.4540395;233.58696;0.0;-7.3453654e-25;99.99998;-7.345365e-21;0.0;-0.8729454;0.0;0.64502656;0.64502656;0.0;0.0;6402.9194;7750.229;-3381.2876;6583.789;-606.4061;-2150.1711
1968-08-16;16.343252;-2.8492534;0.010025024;748.9489;1.8605818;176.0012;0.0;-7.3453654e-25;99.99998;-7.345365e-21;0.0;-0.7843189;0.0;0.63306093;0.63307583;0.0;0.0;6408.66;7756.303;-3258.704;6502.5;-544.8411;-2436.4377
1968-08-17;14.307953;1.1379191;0.009923299;749.6491;1.1185704;186.89491;0.0;-7.3453654e-25;99.99998;-7.345365e-21;0.0017166131;-0.7212199;8.940697e-05;0.62158704;0.62151253;0.0;0.0;6272.0083;7590.028;-3100.8293;6528.183;-501.00665;-2522.828
1968-08-18;12.631307;4.7611794;0.00999705;749.741;1.277778;35.756275;0.0;-7.3453654e-25;99.99998;-7.345365e-21;3.384365;-0.8756835;0.21146238;0.82200766;0.6105304;0.0;0.0;4826.6606;5839.8965;-2310.7078;7017.3745;-608.30664;-1912.65
1968-08-19;14.13738;3.957845;0.01010259;750.51984;1.3937045;53.14455;0.0;-7.3453654e-25;99.99998;-7.345365e-21;0.004383373;-1.6763582;0.00017881393;0.60012937;0.599958;0.0;0.0;5540.291;6702.47;-2460.2688;7016.9556;-1164.51;-1813.6267
1968-08-20;16.007456;3.3336384;0.009925842;750.18475;1.182126;97.195045;0.0;-7.3453654e-25;99.99998;-7.345365e-21;0.0011503696;-1.5681479;5.9604645e-05;0.58940053;0.5893484;0.0;0.0;6198.1245;7497.862;-2992.5322;6700.7124;-1089.34;-1813.8088
1968-08-21;17.778748;0.313619;0.010222117;750.58673;1.1910992;112.807884;0.0;-7.3453654e-25;99.99998;-7.345365e-21;0.0004351138;-1.2711473;2.9802322e-05;0.5789697;0.57893246;0.0;0.0;6258.757;7570.305;-3197.639;6649.426;-883.0233;-1868.8345
1968-08-22;17.263845;-2.7101135;0.009885152;751.1884;1.3593264;129.0854;0.0;-7.3453654e-25;99.99998;-7.345365e-21;0.0012872915;-0.9844238;5.9604645e-05;0.56889653;0.568822;0.0;0.0;6268.6743;7581.343;-3400.8198;6355.035;-683.8467;-2040.93
1968-08-23;17.600739;-1.662384;0.00987498;751.7641;1.2432936;82.20414;0.0;-7.3453654e-25;99.99998;-7.345365e-21;0.00044107434;-0.89062005;2.9802322e-05;0.55900216;0.5589947;0.0;0.0;6186.992;7481.5933;-3264.4712;6615.6943;-618.68335;-1855.0889
1968-08-24;18.523966;3.0251873;0.010302226;752.6758;1.395043;84.56764;0.0;-7.3453654e-25;99.99998;-7.345365e-21;0.0017142602;-0.83485806;8.940697e-05;0.5494356;0.5493611;0.0;0.0;6050.896;7316.2544;-3104.7156;6933.4023;-579.94775;-2031.3878
1968-08-25;18.224314;0.77634686;0.009695689;752.57587;1.2838444;108.601654;0.0;-7.3453654e-25;99.99998;-7.345365e-21;0.0;-0.80002844;0.0;0.5399883;0.5399883;0.0;0.0;6025.3623;7284.496;-3122.6072;6880.5327;-555.75336;-2041.1611
1968-08-26;17.935068;1.6962687;0.0100911455;752.48456;0.9443967;78.039734;0.0;-7.3453654e-25;99.99998;-7.345365e-21;0.0008523463;-0.7639844;4.4703484e-05;0.5308986;0.53085387;0.0;0.0;5611.81;6783.7373;-2832.0806;7241.5444;-530.7144;-1917.2855
1968-08-27;17.638662;2.3950093;0.010163625;752.9939;0.96034545;83.650635;0.0;-7.3453654e-25;99.99998;-7.345365e-21;0.06020069;-0.6855968;0.0029355288;0.5249828;0.5220473;0.0;0.0;5151.5405;6226.6187;-2647.795;7304.507;-476.26166;-1783.6011
1968-08-28;17.24772;-1.2342529;0.009937286;752.1841;1.40548;130.6799;0.0;-7.3453654e-25;99.99998;-7.345365e-21;0.0008612871;-0.70811063;4.4703484e-05;0.5135387;0.51350147;0.0;0.0;5571.0376;6732.743;-2983.7915;6829.5684;-491.90112;-2040.1367
1968-08-29;15.79304;-5.048065;0.01012675;752.8081;1.3279309;139.41751;0.0;-7.3453654e-25;99.99998;-7.345365e-21;0.00042720354;-0.6993469;2.9802322e-05;0.50517917;0.50514936;0.0;0.0;6031.3765;7288.184;-3339.8225;6275.4517;-485.81332;-2138.3567
1968-08-30;14.225444;-2.7565308;0.010031383;752.1118;1.4228272;212.05688;0.0;-7.3453654e-25;99.99998;-7.345365e-21;0.040727854;-0.6102035;0.0020563602;0.4990995;0.49705803;0.0;0.0;5732.02;6925.7173;-3044.0325;6371.709;-423.8878;-2234.0557
1968-08-31;13.853973;-1.377655;0.009741466;751.33154;1.1386256;178.70839;0.0;-7.3453654e-25;99.99998;-7.345365e-21;0.00042617318;-0.6353445;2.9802322e-05;0.48920512;0.48919022;0.0;0.0;5820.183;7031.39;-3061.3772;6371.0693;-441.35333;-2202.0466
1968-09-01;13.968109;-0.97495526;0.010386149;751.2056;1.227453;175.18376;0.0;-7.3453654e-25;99.99998;-7.345365e-21;0.15844703;-0.61293596;0.0068843365;0.48843026;0.48153102;0.0;0.0;5459.8037;6595.148;-2865.3984;6534.6763;-425.78555;-2104.6677
1968-09-02;15.013763;-2.9499512;0.009888967;752.1186;1.1462575;159.70877;0.0;-7.3453654e-25;99.99998;-7.345365e-21;0.0012919236;-0.67553854;7.4505806e-05;0.47414005;0.47406554;0.0;0.0;5770.662;6969.8794;-3093.6042;6378.007;-469.27335;-2053.389
1968-09-03;15.319672;-2.2924397;0.010234833;752.92554;1.282096;129.67784;0.0;-7.3453654e-25;99.99998;-7.345365e-21;0.0;-0.6419281;0.0;0.46673417;0.46673417;0.0;0.0;5714.016;6900.6523;-2990.056;6517.8013;-445.92557;-2067.851
1968-09-04;14.595612;-1.8490804;0.009502411;751.6003;1.4654894;176.59276;0.0;-7.3453654e-25;99.99998;-7.345365e-21;0.6027782;-0.6467737;0.031530857;0.49123168;0.45969337;0.0;0.0;5246.3857;6335.095;-2779.409;6524.278;-449.29224;-2083.9255
1968-09-05;14.10144;-4.669291;0.009596507;750.7068;1.1750077;175.76727;0.0;-7.3453654e-25;99.99998;-7.345365e-21;0.0016946788;-0.8090213;8.940697e-05;0.4529059;0.4528165;0.0;0.0;5771.294;6968.1387;-3299.1628;5974.21;-562.0;-1860.9933
1968-09-06;12.958974;-3.4386292;0.009708405;749.5876;1.2104489;139.45268;0.0;-7.3453654e-25;99.99998;-7.345365e-21;0.0021480874;-0.67065096;0.00010430813;0.44614077;0.4460439;0.0;0.0;5601.9404;6762.7837;-3051.1;6196.41;-465.87888;-1946.33
1968-09-07;13.433929;-1.2205302;0.009744008;750.4339;1.0847334;111.63675;0.0;-7.3453654e-25;99.99998;-7.345365e-21;0.0010311604;-0.59343594;4.4703484e-05;0.43949485;0.4394427;0.0;0.0;4961.789;5989.3403;-2683.5437;6647.649;-412.24057;-1732.6322
1968-09-08;13.851216;-1.5127869;0.009831746;750.50665;1.2540447;216.99835;0.0;-7.3453654e-25;99.99998;-7.345365e-21;0.00085606554;-0.59211904;4.4703484e-05;0.43304265;0.43299794;0.0;0.0;5540.234;6686.7476;-3025.9966;6320.762;-411.32556;-2004.8212
1968-09-09;13.558879;-5.1085;0.01002121;750.93994;1.3369694;246.7187;0.0;-7.3453654e-25;99.99998;-7.345365e-21;0.00085234636;-0.5578529;4.4703484e-05;0.42673945;0.42669475;0.0;0.0;5563.644;6714.2114;-3193.5483;5974.599;-387.52222;-2004.02
1968-09-10;12.445445;-3.9486694;0.009811401;750.8618;1.4089264;239.89806;0.0;-7.3453654e-25;99.99998;-7.345365e-21;0.001275539;-0.52211434;5.9604645e-05;0.42062998;0.42057037;0.0;0.0;5479.1313;6611.428;-2997.9497;6096.2256;-362.69556;-2056.3545
1968-09-11;11.745809;-0.035654705;0.010197957;750.502;1.567571;226.01155;0.0;-7.3453654e-25;99.99998;-7.345365e-21;0.0017083621;-0.48760325;8.940697e-05;0.4146844;0.4146099;0.0;0.0;5389.0864;6501.9976;-2860.3555;6222.0156;-338.72223;-2123.7932
1968-09-12;10.74646;-0.8769633;0.009961446;751.6533;1.6531281;212.3124;0.0;-7.3453654e-25;99.99998;-7.345365e-21;0.038319826;-0.4560668;0.0018775463;0.4107356;0.4088357;0.0;0.0;5029.363;6067.2344;-2618.4521;6332.1143;-316.81555;-2114.5044
1968-09-13;11.455058;-0.7231547;0.010073344;752.52856;1.1120974;201.04279;0.0;-7.3453654e-25;99.99998;-7.345365e-21;0.0008702277;-0.47753006;4.4703484e-05;0.40322542;0.40318817;0.0;0.0;5132.46;6191.009;-2794.293;6232.473;-331.72333;-1978.6145
1968-09-14;12.0217285;-2.0795696;0.009974162;752.5632;1.0756125;116.72207;0.0;-7.3453654e-25;99.99998;-7.345365e-21;0.0008612871;-0.52966547;4.4703484e-05;0.3976673;0.3976226;0.0;0.0;5279.1865;6367.0933;-2953.2166;6177.0854;-367.9411;-1824.5867
1968-09-15;12.137868;-1.5429484;0.009707133;752.5966;1.126191;92.519684;0.0;-7.3453654e-25;99.99998;-7.345365e-21;0.0295043;-0.4979763;0.0014305115;0.39356947;0.39215386;0.0;0.0;4898.898;5907.697;-2750.9377;6387.608;-345.92776;-1692.4445
1968-09-16;10.422058;1.6537374;0.010096232;753.0066;1.2887739;53.586853;0.0;-7.3453654e-25;99.99998;-7.345365e-21;5.660996;-0.7532872;0.34698844;0.7338822;0.38689375;0.0;0.0;4247.796;5117.9834;-2250.7034;6712.4326;-523.2833;-1509.5222
1968-09-17;11.214192;1.1797079;0.0099105835;754.8393;1.8130859;31.010962;0.0;-7.3453654e-25;99.99998;-7.345365e-21;0.0;-1.6600611;0.0;0.38182735;0.3818199;0.0;0.0;5146.2427;6195.162;-2698.1863;6090.9985;-1153.1888;-1417.7178
1968-09-18;12.879476;-0.1517741;0.01003011;755.9129;1.3654472;40.15603;0.0;-7.3453654e-25;99.99998;-7.345365e-21;0.00085791585;-1.4891363;2.9802322e-05;0.37679076;0.3767535;0.0;0.0;5156.1143;6201.66;-2830.9138;6117.3984;-1034.4534;-1198.3978
1968-09-19;13.587158;-2.1804504;0.010197957;755.4357;1.1068586;66.87776;0.0;-7.3453654e-25;99.99998;-7.345365e-21;0.0;-1.3397522;0.0;0.37175417;0.37174672;0.0;0.0;5110.681;6141.6646;-2811.4563;6246.6216;-930.6811;-1218.9967
1968-09-20;13.930736;-4.2439575;0.009783427;755.337;1.1672504;120.414055;0.0;-7.3453654e-25;99.99998;-7.345365e-21;0.0012874597;-1.1459897;5.9604645e-05;0.3668964;0.3668219;0.0;0.0;5097.145;6120.0654;-2868.0923;6255.6787;-796.08;-1290.5688
1968-09-21;13.894521;-6.001007;0.01025645;754.8637;1.2295918;202.81621;0.0;-7.3453654e-25;99.99998;-7.345365e-21;0.0012874597;-0.9031035;5.9604645e-05;0.36208332;0.36201626;0.0;0.0;5087.072;6102.64;-2972.0884;6097.099;-627.3555;-1452.211
1968-09-22;13.142181;-6.3867188;0.009994507;753.90576;1.1551777;161.14697;0.0;-7.3453654e-25;99.99998;-7.345365e-21;0.0021886854;-0.7125214;0.00011920929;0.35743415;0.3573224;0.0;0.0;5027.202;6025.6157;-2852.9478;6149.4395;-494.965;-1559.2278
1968-09-23;11.772328;-3.1467998;0.009632111;752.76984;1.3970156;199.60927;0.0;-7.3453654e-25;99.99998;-7.345365e-21;0.35793185;-0.5857274;0.017851591;0.37066638;0.3528148;0.0;0.0;4277.8535;5122.9834;-2405.5322;6412.4956;-406.88443;-1597.9144
1968-09-24;11.891612;-0.6116536;0.00983429;753.99994;0.9800945;149.71527;0.0;-7.3453654e-25;99.99998;-7.345365e-21;0.0004351138;-0.6381012;1.4901161e-05;0.34838915;0.34837425;0.0;0.0;4903.6943;5867.3765;-2834.669;6118.7;-443.26666;-1542.6611
1968-09-25;13.037994;-4.224569;0.0099322;754.5257;1.1291016;123.03482;0.0;-7.3453654e-25;99.99998;-7.345365e-21;0.001723739;-0.6118491;8.940697e-05;0.3440529;0.34397095;0.0;0.0;4996.073;5972.7344;-3013.0334;5994.2954;-425.0311;-1400.5544
1968-09-26;13.4140625;-2.414215;0.010072072;754.23114;1.3420578;163.69955;0.0;-7.3453654e-25;99.99998;-7.345365e-21;0.00085944374;-0.5167257;4.4703484e-05;0.33970177;0.33966452;0.0;0.0;4784.479;5714.824;-2710.4712;6327.7935;-358.9522;-1621.4344
1968-09-27;12.867096;-2.7994792;0.01003011;752.7188;1.5243412;153.2992;0.0;-7.3453654e-25;99.99998;-7.345365e-21;0.20136097;-0.47265366;0.009760261;0.3452301;0.33546984;0.0;0.0;4676.399;5580.928;-2624.5352;6348.1294;-328.33667;-1650.0547
1968-09-28;11.022166;-1.2279562;0.009854634;752.34814;1.4610258;215.40698;0.0;-7.3453654e-25;99.99998;-7.345365e-21;0.0008523463;-0.49860403;4.4703484e-05;0.33143163;0.33139437;0.0;0.0;4775.426;5694.157;-2731.5366;6036.383;-346.36444;-1798.6978
1968-09-29;10.477031;-0.24656169;0.010011037;751.5422;1.3217028;233.44676;0.0;-7.3453654e-25;99.99998;-7.345365e-21;0.00044107434;-0.4486926;1.4901161e-05;0.3274083;0.3273934;0.0;0.0;4745.88;5654.047;-2813.544;5914.3687;-311.69223;-1673.7411
1968-09-30;9.651265;-3.0654297;0.009689331;751.413;1.0661484;217.00179;0.0;-7.3453654e-25;99.99998;-7.345365e-21;0.00084097567;-0.42201394;4.4703484e-05;0.3235042;0.3234744;0.0;0.0;4749.6055;5653.588;-2838.9343;5779.1655;-293.15887;-1705.1589
1968-10-01;9.831441;-7.079824;0.010251363;752.8637;0.9829059;107.32996;0.0;-7.3453654e-25;99.99998;-7.345365e-21;0.0004276372;-0.4461128;1.4901161e-05;0.3196299;0.31962246;0.0;0.0;4779.3887;5684.1206;-3027.3533;5587.94;-309.9;-1482.5122
1968-10-02;10.42686;-5.9110513;0.009859721;753.2266;1.0518955;116.16091;0.0;-7.3453654e-25;99.99998;-7.345365e-21;0.0004351138;-0.43919122;1.4901161e-05;0.315845;0.3158301;0.0;0.0;4702.0186;5587.2666;-2864.9268;5848.3657;-305.09167;-1394.8267
1968-10-03;10.61557;-3.5560303;0.009916942;750.8135;1.5845505;152.21855;0.0;-7.3453654e-25;99.99998;-7.345365e-21;0.2288767;-0.41896385;0.011175871;0.3233254;0.31214952;0.0;0.0;4264.051;5062.5884;-2503.094;6172.6323;-291.04;-1542.3411
1968-10-04;8.831136;-2.8507385;0.009913127;750.8777;1.1138715;218.2857;0.0;-7.3453654e-25;99.99998;-7.345365e-21;0.0038623803;-0.4045209;0.00017881393;0.30875206;0.3085658;0.0;0.0;4434.276;5260.1094;-2641.4517;5867.0566;-281.00665;-1632.1311
1968-10-05;8.792439;-2.9944458;0.010083516;751.8851;1.1520674;193.56206;0.0;-7.3453654e-25;99.99998;-7.345365e-21;0.0;-0.40979218;0.0;0.30502677;0.30502677;0.0;0.0;4569.0835;5415.3516;-2809.436;5708.4194;-284.66888;-1499.1967
1968-10-06;9.31367;-0.3587036;0.009970347;753.0723;0.92526966;205.26978;0.0;-7.3453654e-25;99.99998;-7.345365e-21;0.52580315;-0.42922422;0.025600195;0.327155;0.3015697;0.0;0.0;4261.089;5046.035;-2440.5566;6158.9873;-298.1678;-1452.7855
1968-10-07;10.764496;-4.2810364;0.009887695;754.6357;1.0541738;92.19102;0.0;-7.3453654e-25;99.99998;-7.345365e-21;0.0008583069;-0.5974816;4.4703484e-05;0.29820204;0.29815733;0.0;0.0;4453.184;5268.903;-2682.11;6001.24;-415.05;-1290.27
1968-10-08;12.27887;-4.9173584;0.009933472;754.0127;1.3213631;114.17881;0.0;-7.3453654e-25;99.99998;-7.345365e-21;0.0014483929;-0.47827697;6.7055225e-05;0.29487908;0.29479712;0.0;0.0;4303.985;5088.0493;-2498.8245;6286.154;-332.24335;-1350.4722
1968-10-09;9.317383;-3.0730793;0.009791057;752.0791;1.0479459;183.41219;0.0;-7.3453654e-25;99.99998;-7.345365e-21;0.0;-0.39174873;0.0;0.29152632;0.29153377;0.0;0.0;4419.6973;5220.3716;-2661.994;5919.706;-272.13443;-1585.5477
1968-10-10;7.6331277;-2.1406963;0.010045369;752.12476;0.91808295;90.95353;0.0;-7.3453654e-25;99.99998;-7.345365e-21;0.06250143;-0.3367942;0.0030398369;0.2913922;0.28835237;0.0;0.0;3490.0122;4118.613;-2109.8762;6373.4546;-233.9589;-1212.5967
1968-10-11;7.8965454;-4.072123;0.010008494;751.45166;1.1018095;147.32478;0.0;-7.3453654e-25;99.99998;-7.345365e-21;0.0017106531;-0.38412958;8.940697e-05;0.28531253;0.28522313;0.0;0.0;4288.114;5056.241;-2661.1917;5788.0615;-266.84222;-1474.32
1968-10-12;8.486552;-2.0574849;0.009791057;752.53955;1.619502;182.07404;0.0;-7.3453654e-25;99.99998;-7.345365e-21;1.9628227;-0.57674384;0.09909272;0.3813058;0.2822131;0.0;0.0;3428.094;4038.8105;-1973.3428;6321.2725;-400.64444;-1121.0989
1968-10-13;7.88032;-0.284139;0.009852092;755.0079;1.3382154;284.59903;0.0;-7.3453654e-25;99.99998;-7.345365e-21;1.1748731;-0.8209916;0.058032572;0.3373176;0.279285;0.0;0.0;4068.2517;4788.8857;-2166.9111;6248.6924;-570.31555;-1356.5667
1968-10-14;8.688802;0.4306132;0.009957631;757.843;1.2748847;254.36229;0.0;-7.3453654e-25;99.99998;-7.345365e-21;0.62837183;-0.8597262;0.030517578;0.30690432;0.2763942;0.0;0.0;3902.7256;4590.1436;-2225.5854;6187.4346;-597.2233;-1127.4789
1968-10-15;10.266724;-0.07877604;0.010063171;759.3249;1.0476762;112.645905;0.0;-7.3453654e-25;99.99998;-7.345365e-21;0.001847744;-0.8581895;8.940697e-05;0.27358532;0.2734959;0.0;0.0;3988.5461;4687.0454;-2265.8184;6384.6426;-596.1556;-981.23553
1968-10-16;10.924713;-1.9360962;0.010046641;759.24786;1.0241555;69.74299;0.0;-7.3453654e-25;99.99998;-7.345365e-21;0.00043511385;-0.7338133;1.4901161e-05;0.27062;0.2705902;0.0;0.0;3610.05;4240.988;-2237.01;6401.029;-509.75555;-816.14777
1968-10-17;10.847687;-2.9761963;0.010028839;756.6547;1.172381;191.10793;0.0;-7.3453654e-25;99.99998;-7.345365e-21;0.0004351138;-0.65947324;2.2351742e-05;0.26777387;0.26775897;0.0;0.0;4060.6016;4768.722;-2532.321;6045.988;-458.11444;-1087.7367
1968-10-18;9.501241;-4.070038;0.010022481;753.56226;1.0868767;237.02492;0.0;-7.3453654e-25;99.99998;-7.345365e-21;0.00044107434;-0.5120095;2.9802322e-05;0.26500225;0.26498735;0.0;0.0;4060.4727;4767.0767;-2624.975;5742.1187;-355.67667;-1258.0144
1968-10-19;7.9562683;-3.2431233;0.010434468;752.72906;1.1079324;270.03104;0.0;-7.3453654e-25;99.99998;-7.345365e-21;0.22283196;-0.44989866;0.01090765;0.273183;0.2622828;0.0;0.0;4053.146;4757.008;-2524.21;5792.528;-312.53;-1186.6422
1968-10-20;6.7189536;1.3417765;0.009895325;753.47174;1.0502812;253.20589;0.0;-7.3453654e-25;99.99998;-7.345365e-21;8.912438;-1.1424813;0.53977966;0.799492;0.25971234;0.0;0.0;2958.453;3471.5222;-1415.6256;6797.49;-793.6445;-844.2022
1968-10-21;7.129252;0.34111533;0.010092418;756.2202;0.99517417;214.96844;0.0;-7.3453654e-25;99.99998;-7.345365e-21;0.9905338;-1.2583565;0.050619245;0.3078431;0.25722384;0.0;0.0;3391.02;3977.4407;-1770.289;6467.2876;-874.1389;-839.9378
1968-10-22;4.5542808;2.6004639;0.009986877;754.9682;0.7709853;151.5122;0.0;-7.3453654e-25;99.99998;-7.345365e-21;7.418605;-1.0470804;0.47017634;0.725016;0.2548471;0.0;0.0;1672.5978;1961.2378;-1109.8256;6741.9087;-727.3711;-318.45
1968-10-23;4.457428;-0.6706441;-4.2479095;752.78534;1.0697142;167.55342;0.0047200522;8.34465e-07;127.699524;-7.345365e-21;0.5240023;-1.4161243;0.028789043;0.28130412;0.25250018;0.0003632158;0.000949949;3390.6216;3974.6467;-1787.4567;6142.259;-983.73444;-920.0022
1968-10-24;3.345398;1.7270101;-0.93755597;747.6694;0.93098474;191.98889;0.0040690103;8.742015e-07;149.50356;-7.345365e-21;22.229841;-1.0551652;1.779452;2.0296872;0.2502203;0.0002644956;0.0;1285.5056;1506.8123;-335.50446;7393.8545;-732.9878;-381.61557
1968-10-25;1.9066671;1.2520345;-0.0502065;745.8804;1.1454682;206.78993;0.36547852;6.0915947e-05;153.81964;0.5289714;7.308573;-1.1278242;0.6124377;0.86048245;0.24804473;0.018784776;0.11594966;1341.4373;1574.289;-274.12054;7441.7046;-783.4522;-641.79553
1968-10-26;1.4216207;-0.1907552;-3.4137294;746.96185;0.85371107;178.48122;0.5239258;8.070469e-05;155.74933;0.36621094;4.3289304;-1.1128317;0.39294362;0.6388128;0.24587661;0.03649853;0.011473894;2268.811;2665.02;-1362.405;6256.188;-773.0389;-654.66
1968-10-27;1.4702657;-5.3368735;-6.8823915;751.37115;1.0417739;61.055267;0.37101236;5.710125e-05;156.01332;-7.345365e-21;0.0032186508;-1.3519721;0.0030994415;0.24679303;0.24369359;0.02781488;0.0;3386.9634;3973.4912;-2074.117;5436.399;-939.1811;-606.41
1968-10-28;2.2541912;-3.599121;-6.962293;752.0312;0.96687764;102.82989;0.22428386;3.4252804e-05;156.01561;-7.345365e-21;0.0043421984;-1.2168857;0.0022649765;0.2437532;0.24150312;0.019378029;0.0;3535.7344;4143.1133;-2152.8867;5415.7656;-845.3322;-608.4378
1968-10-29;3.1447651;-3.560028;-5.507837;752.3018;0.8636854;196.03468;0.12792969;1.915296e-05;156.01561;-7.345365e-21;0.22755878;-1.2405542;0.018134713;0.25747716;0.23934245;0.0117952;0.0;3488.3606;4084.1023;-1964.3744;5687.8467;-861.7794;-662.1633
1968-10-30;3.0876262;-3.7804158;-6.53433;752.716;0.9121861;97.992836;0.07063802;1.0768573e-05;156.01561;-7.345365e-21;0.14349222;-1.2040622;0.011250377;0.24847686;0.23722649;0.006845221;0.0;3367.64;3940.0166;-2029.0183;5566.5166;-836.42554;-630.8422
1968-10-31;1.6403198;-1.0515238;-3.5142696;749.3296;0.7853689;134.66678;0.2811686;4.339218e-05;150.31801;-7.345365e-21;6.0747204;-1.0193418;0.54471195;0.7799119;0.23519993;0.021837652;0.076428056;2353.2688;2754.63;-1189.5455;6386.9233;-708.0933;-529.04443
1968-11-01;0.9974467;-0.50041705;-2.560093;746.81647;0.79853606;73.752914;0.45288086;6.914139e-05;150.50812;0.36621094;4.736784;-1.1280123;0.44573843;0.6789714;0.23324043;0.03217347;0.054225326;2602.294;3046.1245;-1178.5305;6467.8477;-783.58;-704.4678
1968-11-02;-1.209849;-1.827535;-2.654461;747.79254;0.6336476;87.65435;8.454753;0.0012619495;137.8753;8.748372;6.6534944;-0.6602984;0.4454255;0.67675114;0.23134053;0.1946576;2.3128316;1064.9222;1277.3989;-604.8722;6710.2144;-458.86334;-415.1189
1968-11-03;-1.1374817;-4.259623;-5.348066;749.8408;0.8859497;84.353;12.06779;0.0017749866;149.98859;11.962891;0.20769127;-0.9559356;0.09711087;0.32657385;0.22944808;0.70186704;0.0035315752;2383.1938;2974.689;-1358.4305;5959.9263;-666.6911;-706.55664
1968-11-04;-0.43640137;-4.9816284;-7.9028716;751.455;0.90391403;82.04711;7.8273926;0.0011547804;150.49933;7.5276694;0.0077933073;-0.8299835;0.06273389;0.29028952;0.22757053;0.5426351;1.8626451e-05;2675.4412;3258.521;-1733.4445;5510.8584;-577.3078;-509.47333
1968-11-05;0.21754964;-4.4885354;-7.8611107;752.6403;0.8143557;147.0782;4.823893;0.0007102887;150.56313;4.7200522;0.0;-0.8681547;0.042796135;0.26851892;0.22570789;0.37548876;7.4505806e-06;3007.425;3598.9045;-1899.9105;5407.669;-603.4022;-554.1067
1968-11-06;0.7232361;-3.9844768;-8.232349;751.8809;0.96097374;115.62733;2.863444;0.00042120615;150.60023;2.726237;0.001288747;-0.8802144;0.02670288;0.25063753;0.22390485;0.23514777;0.0;3331.5388;3943.6877;-2181.1194;5143.406;-611.5933;-493.94888
1968-11-07;0.5814311;-2.537038;-6.1438546;750.34814;0.9385286;172.58923;1.6563314;0.00024402142;150.9121;1.4241537;0.5954504;-0.7966347;0.064224005;0.2863407;0.22211671;0.14739111;0.007826835;2999.705;3527.9368;-1717.6083;5700.7344;-553.45;-526.8489
1968-11-08;-0.35595703;-1.4261475;-3.2232182;751.82416;0.77494;125.68142;1.09139;0.00016224384;150.70506;0.9765625;3.690052;-0.7721465;0.3502071;0.57061017;0.22040308;0.0827387;0.031143427;1879.0834;2203.169;-808.675;6593.4404;-536.3961;-469.5478
1968-11-09;0.73927814;-0.6789551;-1.0140673;751.2678;0.7194136;163.32468;1.5150553;0.00024088223;152.43324;1.4241537;6.271483;-0.94522256;0.6381124;0.8568466;0.21873415;0.06584264;0.28435886;2037.9312;2385.021;-754.46;6805.8354;-656.62665;-532.57556
1968-11-10;0.24054973;-2.6008403;-4.924914;750.61993;0.8585226;113.75869;1.8093262;0.00027032694;153.26137;1.3834635;0.27385652;-1.032574;0.04129857;0.25837123;0.21708012;0.15544705;0.004015863;2499.3044;2937.1333;-1497.1233;5967.7344;-717.5;-643.0311
1968-11-11;0.4142151;-3.9015605;-8.6281395;751.25775;0.89859635;84.32364;1.0606283;0.00015834968;153.22296;0.9765625;0.001292352;-0.8547008;0.010602176;0.22603571;0.21543354;0.08844584;0.0;2989.7495;3500.1968;-2127.2073;5150.573;-593.79;-474.59778
1968-11-12;1.0837504;-6.6316833;-7.480081;750.83154;0.84567755;108.063225;0.63338214;9.4890594e-05;153.18617;0.44759116;0.08392605;-0.7863455;0.012651086;0.22646785;0.21381676;0.04775822;0.001039356;2895.2556;3381.9622;-1921.1244;5375.8867;-546.29443;-334.68
1968-11-13;0.64360553;-2.5391033;-3.2541134;749.122;0.7883451;113.79428;0.93863934;0.00014424324;147.51332;1.2207031;3.6005855;-0.71541595;0.33997;0.55223703;0.21226704;0.06077625;0.18671155;2039.1866;2382.4321;-940.85614;6490.5444;-497.0;-392.22
1968-11-14;0.65388995;-2.8029683;-6.2358727;749.84784;0.79909164;206.53137;1.105957;0.0001635154;150.66241;1.3020834;0.13754666;-0.95967853;0.021502376;0.2322346;0.21073222;0.080019236;0.00086426735;2456.3872;2871.9866;-1591.6561;5769.9893;-666.8122;-519.61664
1968-11-15;0.26720175;-4.575409;-6.901938;751.2517;0.80528647;79.360344;0.8039551;0.00012179216;148.30336;0.61035156;0.41547418;-0.5705254;0.029869378;0.23910403;0.2092272;0.0432916;0.087715685;2360.9712;2755.0078;-1568.68;5684.4224;-396.36;-294.77444
1968-11-16;0.55474854;-2.6036174;-5.18564;751.7659;0.8507359;80.71619;0.95442706;0.0001418988;147.3382;0.5289714;1.1957109;-0.66384304;0.10827929;0.31603873;0.20776317;0.070653856;0.08323416;2412.361;2817.5144;-1418.86;5967.351;-461.20334;-405.28333
1968-11-17;-1.5414225;-3.3913472;-6.5842347;751.0242;0.81683946;34.13702;17.225748;0.0023552577;131.92055;17.659506;4.889466;-0.54739046;0.29022992;0.4965663;0.20632893;0.95439327;2.9878094;1616.5111;2096.0078;-1261.4595;5838.472;-380.84555;-254.49445
1968-11-18;-1.5126648;-6.2502847;-9.391416;752.1164;0.9398685;57.96667;13.553142;0.0019669135;148.41827;13.224284;0.004089318;-0.6707599;0.09262562;0.29755384;0.20493567;0.7648021;0.0003017485;2605.6233;3247.5945;-1864.3905;5142.9165;-466.87222;-409.85556
1968-11-19;0.415802;-5.6356506;-8.09782;752.96826;0.97738;113.70984;8.798828;0.0012983084;150.38475;8.422852;0.00043511385;-0.5310886;0.07200241;0.27553737;0.20354614;0.59536844;0.0;2697.9956;3280.2412;-1864.2467;5324.972;-369.15445;-297.30112
1968-11-20;1.2195333;-3.8815715;-8.069562;753.8985;0.99918675;97.17776;5.546875;0.0008172989;150.45343;5.126953;0.00172189;-0.62558895;0.04992634;0.25209785;0.20217896;0.41316822;0.0;2867.145;3426.9656;-2005.6855;5239.4688;-434.5711;-275.4889
1968-11-21;1.823822;-5.179199;-8.281552;753.9892;0.9338038;100.78713;3.4170735;0.0005035003;150.49445;3.2958984;0.0012904402;-0.6387457;0.030428171;0.23126602;0.20082295;0.25293046;0.0;2806.476;3318.1377;-2026.16;5229.7534;-443.77;-214.3
1968-11-22;1.1996866;-4.401998;-8.104035;753.77496;0.8634148;145.17566;2.2548828;0.00033414364;150.5257;2.2786458;0.12819767;-0.3580954;0.025212765;0.22473186;0.1995191;0.118453056;0.0;1943.3978;2284.5222;-1596.9044;5549.7705;-248.80556;-143.24667
1968-11-23;2.2944539;-6.5710754;-8.960598;754.59955;0.6317295;238.54488;1.5009766;0.00022125244;150.54523;1.3427734;0.00042617318;-0.5733632;0.012949109;0.21117926;0.19823015;0.10835007;0.0;2829.7417;3314.2456;-2041.7272;5161.1406;-398.38333;-290.43777
1968-11-24;1.6227112;-5.5628257;-8.680547;755.47;0.6003512;255.70638;0.9404297;0.0001385212;150.55727;0.9765625;0.0004351138;-0.4986897;0.007852912;0.20480156;0.1969561;0.06583333;0.0;2747.6995;3209.689;-1908.7117;5297.4277;-346.49;-344.27222
1968-11-25;0.7903239;-0.9387614;-0.9055087;754.09564;0.5784315;175.06104;2.1673176;0.00033680597;147.51527;2.4414062;11.666882;-0.29989892;1.2935847;1.4893115;0.1957342;0.036034733;0.582926;696.42444;812.9022;-44.738335;7324.283;-208.37;-96.26222
1968-11-26;0.043233234;-0.19966634;-0.022858938;750.14703;0.68943495;82.47074;62.66292;0.0102939205;144.21417;69.620766;55.95194;-0.0925716;7.241383;7.4359326;0.19454956;0.71742946;16.642199;166.49556;345.1422;52.63111;7368.5234;-67.63333;-66.422226
1968-11-27;-1.2241312;-2.4372456;-4.1581483;751.11523;0.65230685;229.9209;97.397705;0.01595827;152.48988;104.899086;0.64320946;-0.11606049;0.3234446;0.5169362;0.19349158;1.5231855;0.21649152;794.10944;2426.1423;-887.9472;5960.8823;-84.458885;-76.04
1968-11-28;-4.1559653;-6.729706;-6.899807;749.2723;0.9110179;202.22173;93.56738;0.014570157;153.71417;95.17416;0.25813282;-0.2075294;0.2387017;0.4312992;0.19259751;1.4138371;0.1944676;1067.3212;2932.8523;-1004.07446;5488.069;-152.38222;-91.41111
1968-11-29;-2.6994731;-4.2982383;-2.575526;747.9183;0.8259838;205.30273;93.91732;0.014313936;150.71027;94.84863;2.1505089;-0.25479868;0.23955107;0.4313439;0.19177794;1.2887548;1.7999337;812.4672;2180.2444;-531.5211;6412.0415;-191.25778;-119.28445
1968-11-30;-3.2784321;-4.029409;-1.8651072;748.3377;0.62556857;228.734;97.10702;0.017249703;149.39516;114.54264;7.735002;-0.25056767;0.12743473;0.31846762;0.19103289;0.52167106;7.0899053;644.7228;1755.5656;-364.3322;6632.316;-191.19556;-197.05444
1968-12-01;-4.1564736;-5.4836936;-3.9313762;746.5349;0.8410778;194.45842;99.582275;0.022239447;151.58234;146.52507;1.3998479;-0.20264648;0.007390976;0.1977086;0.19031018;0.048203394;1.2579895;748.7756;2395.9556;-742.5378;6030.754;-154.21222;-122.64778
1968-12-02;-6.501078;-8.412158;-5.8842926;746.03485;1.0635468;186.62733;99.44376;0.022705793;153.86488;147.70508;0.24971962;-0.17601997;0.011280179;0.20091236;0.18962473;0.082144514;0.22533163;858.1589;2650.7556;-845.5967;5695.3267;-133.19888;-108.84
1968-12-03;-5.7415466;-7.1563315;-4.2233086;745.3128;0.77589196;247.6462;99.74764;0.024837414;151.62367;163.45215;4.394492;-0.18552971;0.00937283;0.19834936;0.18898398;0.058898702;4.1092186;566.14276;1750.1666;-392.82944;6305.8354;-142.77777;-136.62889
1968-12-04;-3.2084148;-3.895612;-1.5917829;743.4624;0.6346487;182.26086;100.0;0.030206203;151.15004;198.89323;8.2364855;-0.20369701;0.01706183;0.20542741;0.18836558;0.059809536;7.6628404;468.59833;1461.8422;-305.99112;6719.3765;-157.46666;-165.55
1968-12-05;-4.509608;-5.126715;-3.3321025;742.27594;0.4848131;193.24359;100.0;0.042411607;149.19203;282.75552;10.730138;-0.070709735;0.0011175871;0.18887222;0.18776953;0.0;10.347147;335.56332;1271.5422;-384.74335;6451.7866;-53.876667;-87.56333
1968-12-06;-4.6759644;-6.056122;-3.8472545;743.28436;0.56708544;91.89031;100.0;0.04889814;150.30922;324.17807;8.638623;-0.14959648;0.0;0.18718839;0.18718839;0.0;8.533046;497.6189;1885.4233;-325.43167;6503.7534;-113.96445;-116.91
1968-12-07;-4.9052644;-5.84767;-4.28037;743.33356;0.66988784;123.03186;100.0;0.0610251;150.76527;403.7272;6.9706497;-0.07108785;0.0;0.18662214;0.18661469;0.0;6.948896;543.3911;2273.2456;-497.5472;6278.6987;-52.35889;-106.35333
1968-12-08;-6.728386;-8.84185;-7.619555;742.69745;0.6305428;91.1864;100.0;0.06271263;154.30695;406.98242;0.48220456;-0.053871423;0.0;0.1860708;0.18606335;0.0;0.4756786;598.00665;2422.189;-651.0022;5741.339;-38.47222;-75.43222
1968-12-09;-6.3071923;-7.522049;-7.6893754;743.33984;0.6220014;261.9092;100.0;0.064667344;154.50584;418.1315;2.4053216;-0.030336902;0.0;0.18551946;0.1855269;0.0;2.386041;575.24164;2319.2866;-608.78;5806.371;-20.926666;-60.533333
1968-12-10;-6.4665146;-7.536133;-6.774292;744.5757;1.4066132;218.40288;100.0;0.06894171;152.94757;449.056;11.856768;-0.078871846;0.0;0.18501282;0.18500537;0.0;11.851854;508.81;2026.2744;-252.68388;6306.3877;-59.003334;-110.62556
1968-12-11;-4.8716025;-5.4599304;-4.2412605;742.98895;1.5758549;205.30438;100.0;0.08913497;150.59503;588.98926;19.646467;-0.10369718;0.0;0.18449128;0.18449128;0.0;19.558973;234.40167;1001.18445;21.212778;6846.287;-80.24111;-152.75223
1968-12-12;-5.3630004;-6.026058;-4.4706483;741.93475;0.7832822;200.51103;100.0;0.11091665;151.64125;729.6956;15.091518;-0.051463023;0.0;0.18398464;0.18399209;0.0;15.065246;271.55612;1179.3622;-354.85;6361.2847;-39.002224;-83.403336
1968-12-13;-6.884436;-8.421719;-8.330642;744.9218;0.63329566;260.37967;100.0;0.11481762;157.91112;727.8239;0.24498999;-0.02910383;0.0;0.1834929;0.18350035;0.0;0.24059042;643.25446;2739.838;-860.60114;5399.668;-19.32;-60.828888
1968-12-14;-6.318251;-7.34329;-8.133449;743.41974;0.5652016;250.63829;100.0;0.1239723;156.05011;791.626;25.641653;0.009665266;0.0;0.18301606;0.18301606;0.0;25.624159;221.49167;926.8678;37.0;6539.7524;8.164444;-18.037777
1968-12-15;-4.769796;-5.326388;-4.9830413;740.5666;0.7645467;205.23566;100.0;0.16271353;151.13832;1072.5098;29.824501;-0.022869557;0.0;0.18253922;0.18254668;0.0;29.807016;234.60777;1022.1711;-72.92333;6716.128;-16.8;-60.167778
1968-12-16;-5.2135925;-6.0365434;-4.7014213;745.4797;1.0707614;195.29248;100.0;0.17690341;158.58559;1114.0543;16.852335;-0.087082386;0.0;0.18209219;0.18207729;0.0;16.826633;374.87332;1606.9578;-167.345;6600.2583;-66.17111;-123.153336
1968-12-17;-4.855886;-5.399302;-4.042684;746.33124;0.8642978;211.84906;100.0;0.21714123;157.03058;1377.7262;39.109474;-0.05715061;0.0;0.18161535;0.18161535;0.0;39.01957;195.84166;851.8611;-162.13945;6652.9043;-43.948334;-92.937775
1968-12-18;-4.714186;-6.8105874;-6.2976265;751.4528;0.61237544;169.05574;100.0;0.231161;167.45473;1383.8705;0.20483732;-0.032910146;0.0;0.18116832;0.18116087;0.0;0.20290539;642.9167;2768.0789;-1019.3111;5373.601;-21.96611;-44.31889
1968-12-19;-6.3955307;-12.853126;-10.651452;752.1226;1.2965821;15.0840845;100.0;0.23120594;177.76918;1302.2461;0.0071952613;-0.037965365;0.0;0.18069148;0.18069148;0.0;0.0058934093;735.05334;3078.7122;-1349.3134;4593.446;-25.323334;51.836666
1968-12-20;-7.797947;-15.872486;-15.430383;753.0944;1.5821757;34.82343;100.0;0.23123364;184.21156;1256.3883;0.0;-0.0009648502;0.0;0.18024445;0.1802519;0.0;0.0;785.8483;3201.3433;-1482.8217;4005.2932;2.4244444;144.15778
1968-12-21;-5.677297;-20.711954;-18.546797;752.3738;1.2503779;281.63174;100.0;0.23125811;188.50453;1227.7832;0.004464388;-0.014979392;0.0;0.17981231;0.17981231;0.0;0.0040382147;812.2428;3222.4177;-1058.0278;4288.939;-9.228333;171.77556
1968-12-22;-4.0862556;-12.485852;-14.548795;752.7827;0.95248574;284.22684;100.0;0.23204525;192.3076;1207.5195;1.2316883;0.0041965395;0.0;0.17935038;0.17938018;0.0;1.1209286;543.10614;2111.0933;-175.56778;5863.59;5.04;64.38556
1968-12-23;-5.0321655;-8.332534;-11.978413;750.4627;1.1239673;14.804215;100.0;0.23261805;197.51105;1179.1586;0.29561222;0.023562461;0.0;0.17893314;0.17894804;0.0;0.060796738;598.6739;2284.6377;-573.4267;5504.2188;20.525555;43.47111
1968-12-24;-4.642924;-6.4298096;-8.793666;744.9328;0.71942574;57.54901;100.0;0.25072536;192.57582;1298.5433;46.647076;0.014595687;0.0;0.17851591;0.17852336;0.0;45.33928;290.34555;1199.2966;116.69;6646.594;12.196667;-2.3177779
1968-12-25;-5.493225;-7.315735;-6.96875;746.2165;0.7972348;210.07625;100.0;0.28122494;185.9798;1515.625;1.003477;-0.03604591;0.0;0.17809868;0.17810613;0.0;0.997521;566.595;2457.219;-848.63776;5558.965;-24.744444;-54.84
1968-12-26;-5.569529;-9.130151;-9.140889;742.85895;0.6877318;70.83263;100.0;0.2862706;192.64093;1484.4564;23.770233;-0.028828159;0.0;0.17768145;0.17768145;0.0;23.664392;517.695;2180.54;-301.94333;6049.4116;-19.631111;-16.582222
1968-12-27;-5.9688516;-6.7427573;-6.534037;742.1807;0.94939834;212.03844;100.0;0.31789577;186.26105;1707.6416;13.531135;-0.01353398;0.0;0.17726421;0.17726421;0.0;13.516221;419.0172;1828.83;-308.19943;6308.72;-8.588889;-65.31555
1968-12-28;-4.303253;-8.754252;-8.446134;748.5581;1.0662318;10.966405;100.0;0.32087517;197.4798;1628.0518;0.0068711573;-0.022621825;0.0;0.17684698;0.17685443;0.0;0.0060088933;708.91724;3017.0222;-1202.7944;4954.589;-13.456667;23.891111
1968-12-29;-6.4677024;-11.351021;-11.181048;748.7129;1.4842291;12.740501;100.0;0.32090843;206.27765;1557.902;0.0008583069;-0.0056289136;0.0;0.17644465;0.1764372;0.0;0.0;736.5739;3049.0732;-1132.9872;4825.803;-0.6488889;61.75778
1968-12-30;-5.9179673;-13.168122;-13.309582;749.387;1.6642843;18.905756;100.0;0.3209454;212.88214;1509.6842;0.0017166131;-0.005669892;0.0;0.17602742;0.17602742;0.0;0.0;780.2822;3145.9155;-1302.5172;4438.4683;-0.8611111;123.21667
1968-12-31;-8.414294;-12.569711;-15.532062;749.05865;1.6028239;18.75017;100.0;0.3209921;217.958;1474.1211;0.002135434;0.027567148;0.0;0.17562509;0.17562509;0.0;0.0012218952;798.4278;3138.4421;-1182.2866;4389.533;24.085556;92.84889
1969-01-01;-9.296033;-14.463341;-15.348126;748.6834;1.1852494;20.255796;100.0;0.32103634;222.30824;1445.7601;0.008175397;-0.012490898;0.0;0.17523766;0.17522275;0.0;0.0068731606;789.86835;3028.121;-788.45;4952.35;-6.6477776;25.28
1969-01-02;-7.5614486;-10.741513;-13.938497;747.03174;0.90675783;50.02403;100.0;0.32128575;226.51918;1420.044;0.4635185;0.017194077;0.0;0.17483532;0.17483532;0.0;0.4580468;551.9083;2066.1433;-385.77277;5549.9346;14.94;24.322222
1969-01-03;-6.578186;-9.635517;-11.913856;747.529;0.8148496;70.90351;100.0;0.3216145;231.1227;1392.985;0.04823804;0.0009117648;0.0;0.174433;0.17444044;0.0;0.046350062;709.87;2611.662;-776.14;5280.2607;3.3394444;-4.3177776
1969-01-04;-8.131444;-10.940842;-12.072091;745.648;1.0674752;46.275417;100.0;0.32171986;235.88148;1365.4379;0.62924623;-0.0034458935;0.0;0.17404556;0.17406046;0.0;0.62496215;693.86444;2495.6033;-591.7511;5447.6987;-0.20111111;-10.178889
1969-01-05;-9.154637;-12.370502;-10.3830805;742.38184;1.8386755;33.603638;100.0;0.326279;235.57225;1384.9283;6.713295;-0.13213512;0.0;0.17365813;0.17366558;0.0;6.707221;441.115;1654.95;-194.7111;6090.008;-101.787224;-17.122223
1969-01-06;-12.028209;-16.339083;-10.579349;740.1584;2.149525;33.33694;100.0;0.33188164;233.85284;1419.4336;4.2640924;-0.28329715;0.0;0.1732856;0.1732856;0.0;4.260667;464.25943;1832.0978;-397.96445;5686.3467;-220.59222;-133.07666
1969-01-07;-12.125309;-16.483023;-11.646232;740.09357;1.2727758;36.86334;100.0;0.33526564;233.11098;1438.7207;1.9557506;-0.1489073;0.0;0.17290562;0.17290562;0.0;1.9497349;490.68832;1964.6478;-535.38556;5456.1494;-114.76;-101.94444
1969-01-08;-12.068648;-16.478325;-13.978278;745.4759;0.950761;48.634533;100.0;0.335731;236.9746;1417.8873;0.004732609;-0.029206276;0.0;0.17252564;0.17252564;0.0;0.0037699938;828.0289;3244.919;-1371.2628;4220.191;-19.848888;-45.415554
1969-01-09;-11.17999;-17.245113;-16.06859;746.5942;1.1121298;19.189678;100.0;0.3357549;240.56183;1396.3217;0.03733039;-0.0178162;0.0;0.17213821;0.17214566;0.0;0.03689155;749.5811;2865.0488;-920.8461;4671.1284;-11.2;17.667778
1969-01-10;-10.5416;-16.223192;-16.724733;746.4228;1.041704;96.317566;100.0;0.33580112;243.71254;1379.0283;0.0025808776;-0.0078110024;0.0;0.17176569;0.17177314;0.0;0.0;902.8872;3364.0334;-1258.2261;4206.7935;-3.146111;43.04222
1969-01-11;-9.579876;-15.588735;-17.486391;747.0415;0.9094799;207.80305;100.0;0.33582887;246.5641;1363.0778;0.000882126;-0.0076349825;0.0;0.17139316;0.17139316;0.0;0.0;936.3394;3405.7178;-1166.0834;4283.556;-3.1244445;43.726665
1969-01-12;-9.1409025;-12.309437;-17.088488;746.48004;0.8887468;261.1926;100.0;0.33600155;249.01495;1350.1791;0.90012085;0.0215834;0.0;0.17100573;0.17102063;0.0;0.8916073;814.58887;2894.2834;-634.785;5014.3945;18.54889;33.607777
1969-01-13;-7.6785583;-8.85674;-12.920456;742.771;0.7939057;183.341;100.0;0.34424174;241.42186;1423.584;18.457624;0.009141862;0.0;0.170663;0.170663;0.0;18.449091;514.3822;1952.6934;104.03111;6333.5767;8.657222;-36.126667
1969-01-14;-8.698989;-10.128708;-9.770284;741.8389;0.8846144;192.4875;100.0;0.36765933;220.7809;1663.5336;15.32458;-0.027478673;0.0;0.17029047;0.17029792;0.0;15.318595;443.235;1911.2123;-226.36055;6107.4263;-19.741667;-70.59333
1969-01-15;-10.293422;-12.133063;-10.010587;744.8526;0.64408654;145.50114;100.0;0.37273717;223.52342;1669.4742;0.4425645;-0.04764553;0.0;0.16993284;0.16992539;0.0;0.43834;711.03613;3019.7043;-947.74445;5121.1855;-33.905556;-106.47222
1969-01-16;-10.613273;-14.198335;-12.363328;746.0268;0.97588605;54.33731;100.0;0.37292483;229.87498;1624.0234;0.015714765;-0.047916546;0.0;0.16956031;0.16956031;0.0;0.014077872;812.61835;3361.9368;-1269.8434;4514.693;-33.99222;-94.50445
1969-01-17;-7.731665;-16.93894;-14.848404;747.07104;0.93265986;62.48994;100.0;0.37293255;234.80109;1589.3961;0.0;-0.047402456;0.0;0.16920269;0.16919523;0.0;0.0;858.4711;3457.4045;-1021.1111;4661.012;-32.67611;32.494446
1969-01-18;-6.282078;-10.850655;-14.729135;745.3149;0.8898099;156.7601;100.0;0.37295803;239.06378;1561.6049;0.00461936;0.009235926;0.0;0.16881526;0.16883016;0.0;0.002976507;871.8722;3420.4712;-895.2289;4877.6826;10.365556;30.873333
1969-01-19;-5.7509665;-8.074311;-12.44236;739.01996;0.7199994;52.20021;100.0;0.37830666;238.87042;1581.8685;18.913734;0.026416965;0.0;0.16847253;0.16847253;0.0;18.69575;492.8689;1907.8811;-72.458336;6119.6367;21.796667;13.123333
1969-01-20;-6.3714395;-8.090515;-9.56895;739.13226;0.6834645;276.702;100.0;0.39420512;231.06866;1707.3975;1.6831696;-0.010102987;0.0;0.1681149;0.16812235;0.0;1.6455128;671.80725;2869.0022;-538.05725;5758.013;-4.6566668;-60.172222
1969-01-21;-6.069387;-7.1018424;-8.285339;743.8074;0.63980997;128.53496;100.0;0.39876342;234.47752;1700.5209;9.744724;0.008227304;0.0;0.16775727;0.16777217;0.0;9.739116;272.3389;1140.7411;79.30556;6630.6465;7.24;-28.224445
1969-01-22;-4.817941;-5.8771157;-5.8164916;738.61646;0.861142;86.88421;100.0;0.42437807;226.6725;1868.6523;37.636765;-0.015289523;0.0;0.16742945;0.16741455;0.0;37.32166;256.25278;1116.0211;-138.75555;6588.5176;-10.796667;-20.077778
1969-01-23;-6.1750093;-7.133705;-5.4341316;737.31134;0.9095342;172.3655;100.0;0.45474783;220.2848;2063.4358;18.499634;-0.09403285;0.0;0.16707182;0.16707182;0.0;18.493433;383.07944;1670.1812;-139.59389;6554.918;-71.84333;-147.73334
1969-01-24;-6.1197486;-7.3326173;-5.290713;738.8654;0.7888339;127.622734;100.0;0.46777228;226.23827;2069.2139;7.1457157;-0.11385232;0.0;0.16671419;0.16672164;0.0;7.13912;512.4778;2219.328;-527.08386;6087.691;-86.204445;-138.22556
1969-01-25;-7.2842584;-8.450641;-6.4896026;742.0378;1.0050138;174.77885;100.0;0.4717612;235.28123;2006.9987;3.4304368;-0.08312613;0.0;0.16638637;0.16637146;0.0;3.4257321;551.1711;2347.735;-409.7186;6127.2314;-62.304443;-143.19112
1969-01-26;-7.51024;-8.559684;-6.4933267;741.5097;1.3560764;194.89276;100.0;0.48332986;237.2005;2035.8887;22.205368;-0.10494329;0.0;0.16601384;0.16602129;0.0;22.200897;340.26166;1428.9333;-150.88167;6413.3047;-80.882225;-164.61223
1969-01-27;-8.788905;-11.192284;-7.413896;740.3132;1.2146631;226.9482;100.0;0.50040174;235.56346;2125.6511;4.422426;-0.13004616;0.0;0.16567111;0.16567856;0.0;4.417144;746.6433;3227.265;-879.6433;5435.947;-97.903336;-163.72
1969-01-28;-8.08884;-9.566727;-8.259013;737.6353;0.71590716;132.36214;100.0;0.5087997;237.59113;2140.4622;12.5952835;-0.034311786;0.0;0.16531348;0.16532838;0.0;12.591749;371.81168;1598.0922;-232.12167;6187.011;-25.393333;-77.4
1969-01-29;-10.073289;-11.914895;-8.608788;738.0656;0.7756749;120.69276;100.0;0.52383655;234.08983;2236.1248;15.468667;-0.08401275;0.0;0.16498566;0.16498566;0.0;15.3859;334.74167;1447.7922;-503.9064;5752.3193;-64.53111;-104.727776
1969-01-30;-10.8734045;-13.536309;-10.878101;743.38574;0.75604826;144.05377;100.0;0.53035533;237.22784;2237.508;0.6802678;-0.056261197;0.0;0.16465783;0.16465038;0.0;0.6703213;808.92;3451.3523;-1053.8702;4904.4746;-40.18;-104.13778
1969-01-31;-9.748502;-11.714256;-11.788743;745.1763;0.85980797;221.58327;100.0;0.5311074;243.83656;2179.4026;1.9289315;-0.03463216;0.0;0.1643002;0.1643002;0.0;1.9221716;862.56445;3590.5945;-807.6019;5190.5693;-23.3;-94.41333
1969-02-01;-10.374973;-13.097522;-11.5087385;745.5432;0.8785762;120.25057;100.0;0.53631705;243.93;2199.056;4.0980754;-0.05067326;0.0;0.16397238;0.16395748;0.0;4.095923;588.94946;2466.7678;-920.45667;5043.8022;-37.235554;-73.062225
1969-02-02;-10.226706;-19.498535;-15.231671;750.5621;1.0697266;90.46039;100.0;0.5371924;249.06476;2158.488;0.0025391579;-0.066399574;0.0;0.16361475;0.1636073;0.0;0.00082328916;1047.3911;4276.4644;-1554.6722;3923.3425;-46.385555;-1.2144444
1969-02-03;-8.141904;-20.557608;-17.084627;749.8411;0.9595193;93.06318;100.0;0.5371932;253.54816;2119.9138;0.0;-0.058542937;0.0;0.16325712;0.16326457;0.0;0.0;1010.91833;4021.2273;-1323.4525;4121.1357;-40.76889;54.76889
1969-02-04;-8.404025;-18.137571;-17.888405;750.59906;1.0797495;76.13543;100.0;0.537202;257.3649;2088.623;0.0017225739;-0.039936975;0.0;0.1628995;0.1629144;0.0;0.0;1135.6633;4401.2046;-1210.6117;4228.148;-26.403334;54.628887
1969-02-05;-5.809728;-17.012758;-16.473816;748.9944;0.92146057;158.0933;100.0;0.5372135;261.10385;2058.9192;0.0;-0.053159893;0.0;0.16257167;0.16257167;0.0;0.0;1144.8933;4327.0146;-1073.5383;4584.911;-36.265556;49.136665
1969-02-06;-5.3016624;-12.804948;-15.127743;747.3408;0.6810673;271.01865;100.0;0.537231;265.0791;2027.832;0.0013017525;-0.03266707;0.0;0.16222894;0.16222894;0.0;0.0;1162.8077;4288.5356;-1050.9044;4726.1973;-20.675556;2.9555554
1969-02-07;-5.77652;-9.989429;-13.419402;744.6468;0.57118636;220.90393;100.0;0.53759104;268.93228;1999.6338;1.8709722;-0.030322932;0.0;0.16188622;0.16188622;0.0;1.8674805;1096.8094;3946.8223;-698.67944;5335.905;-19.174444;-43.693333
1969-02-08;-7.5355124;-8.822764;-10.299962;738.0794;0.64958006;203.11688;100.0;0.5559802;257.55014;2156.25;25.997837;0.0044368207;0.0;0.16155839;0.16155094;0.0;25.97966;310.3;1311.8;13.15;6371.799;4.382222;-29.401112
1969-02-09;-7.152433;-8.3016405;-8.371986;744.7542;0.77581805;214.37392;100.0;0.56872874;253.95018;2241.1702;3.9013922;-0.038083643;0.0;0.16123056;0.16122311;0.0;3.8945227;660.24664;2824.2344;-346.9711;6125.464;-26.575556;-117.85778
1969-02-10;-7.3796334;-11.21087;-8.651729;745.9848;0.84349984;95.312225;100.0;0.57010216;261.2858;2184.3262;0.011876225;-0.09726826;0.0;0.16087294;0.16088039;0.0;0.0093095;1058.8284;4428.5225;-1393.6516;4739.5977;-69.344444;-122.26
1969-02-11;-8.935314;-14.134048;-11.558164;744.9592;1.0987369;39.398182;100.0;0.5701104;267.7894;2130.9407;0.011108894;-0.06843265;0.0;0.16053021;0.16053766;0.0;0.008970499;1116.0538;4549.1855;-1525.5488;4309.3335;-47.19;-74.755554
1969-02-12;-8.188199;-13.644272;-13.604823;743.8558;0.79411;267.9495;100.0;0.57030743;272.37988;2094.7266;1.9438148;-0.055149198;0.0;0.16018748;0.16019493;0.0;1.940798;1094.1873;4338.0366;-929.66113;4907.763;-37.876667;-58.662224
1969-02-13;-8.878418;-10.087569;-11.084202;739.108;0.8806035;216.63092;100.0;0.5893808;258.11948;2281.5754;20.539326;-0.0118725;0.0;0.15985966;0.15985966;0.0;20.53509;542.0467;2343.9233;-380.6122;5848.4224;-7.141111;-83.94222
1969-02-14;-10.709049;-18.405195;-12.308213;744.14575;1.1159033;42.86169;100.0;0.5939147;260.55112;2281.779;0.009122926;-0.12591854;0.0;0.15951693;0.15952438;0.0;0.008262694;1112.855;4705.1543;-1486.1006;4275.056;-91.93889;-137.85777
1969-02-15;-9.601354;-19.692642;-15.742208;743.72626;1.1372277;40.758022;100.0;0.59390056;265.5765;2238.1184;0.0008583068;-0.07198192;0.0;0.1591742;0.15918165;0.0;0.0;1209.3506;4975.269;-1671.1139;3772.0679;-50.17889;-0.046666667
1969-02-16;-8.313697;-18.75072;-16.752146;741.9201;0.94493085;66.565125;100.0;0.59390163;269.458;2205.485;0.00045001495;-0.032210723;0.0;0.15884638;0.15885383;0.0;1.4901161e-05;1228.2006;4923.0376;-1198.6838;4363.686;-22.496666;-19.84111
1969-02-17;-6.0305214;-11.144413;-14.591637;744.3884;0.6772361;170.13115;100.0;0.5940075;273.26724;2175.6184;0.6380893;0.014704652;0.0;0.15853345;0.158526;0.0;0.633806;1092.4333;4260.549;-551.06165;5418.251;13.29;-58.146667
1969-02-18;-5.90329;-6.9030023;-10.611491;742.37616;0.85220975;225.64406;100.0;0.6011916;272.2881;2207.1533;15.18822;0.038627535;0.0;0.15820563;0.15821308;0.0;15.10239;479.1089;1897.0266;-1.4122223;6417.3237;30.785555;-33.295555
1969-02-19;-6.9565225;-8.980535;-8.2664995;741.60675;0.7220146;202.78516;100.0;0.61916435;264.91602;2337.1174;13.707894;-0.013748184;0.0;0.1578927;0.15790015;0.0;13.659697;441.1072;1896.7605;-354.745;6090.831;-10.061111;-82.67333
1969-02-20;-8.35645;-10.609596;-8.676471;742.5485;0.6605941;197.92482;100.0;0.624433;268.4938;2328.4504;0.6087303;-0.11828169;0.0;0.15756488;0.15757978;0.0;0.60400367;1018.7489;4316.08;-900.69666;5355.9043;-88.02556;-196.80888
1969-02-21;-8.455943;-10.746587;-9.0468;743.1509;0.70337224;217.28502;100.0;0.6249937;274.83984;2276.286;0.42656958;-0.06792508;0.0;0.15725195;0.15725195;0.0;0.42099506;1095.6017;4533.898;-927.4261;5367.7065;-50.52222;-198.98666
1969-02-22;-8.958687;-10.9789095;-9.063919;742.85864;0.8006656;163.76088;100.0;0.62562174;280.50684;2232.015;1.300934;-0.09459164;0.0;0.15693903;0.15693903;0.0;1.2995545;1035.4366;4186.8906;-784.55225;5501.41;-72.526665;-215.13667
1969-02-23;-7.213014;-9.775802;-8.380511;743.7901;0.6582659;114.397644;100.0;0.6272707;284.6058;2205.6885;1.3832211;-0.09426661;0.0;0.1566261;0.1566261;0.0;1.3792478;984.2744;3942.725;-616.7197;5812.8076;-72.117775;-188.77777
1969-02-24;-5.9817405;-8.765258;-7.2690544;745.9649;0.76511616;91.93218;100.0;0.628365;289.65137;2170.9797;0.84326375;-0.1044618;0.0;0.15631318;0.15631318;0.0;0.8356124;1035.0828;4093.5273;-742.685;5774.5864;-79.83111;-183.62666
1969-02-25;-5.280641;-6.7147193;-6.441378;745.55536;0.6848213;117.269714;100.0;0.631196;292.95215;2155.5989;3.04982;-0.045936555;0.0;0.15600026;0.15600026;0.0;3.0362532;810.0172;3222.79;-500.19446;6143.3887;-34.59;-149.36444
1969-02-26;-4.178322;-5.4206185;-5.452965;747.94525;0.9058261;224.48822;100.0;0.6320146;298.6276;2118.0828;0.50646067;-0.13109483;0.0;0.15567988;0.15567988;0.0;0.49650297;1068.7655;4157.041;-541.10614;6233.433;-96.38778;-188.51666
1969-02-27;-2.4326274;-2.9634094;-3.1312969;748.1005;0.821096;211.27254;100.0;0.650624;294.57877;2205.6477;42.688614;-0.042241067;0.016540289;0.1718998;0.1553595;0.0;38.870136;336.78278;1379.5555;10.293889;7043.5967;-31.733334;-82.99333
1969-02-28;-2.7123005;-3.4067993;-1.4691772;745.52124;1.3200077;211.66217;100.0;0.678395;289.74707;2343.6687;5.135851;-0.21754578;0.024154782;0.17918646;0.15503913;0.19412115;4.389759;1123.13;4369.7944;-821.07275;6214.2754;-163.5689;-269.3278
1969-03-01;-4.499003;-6.302755;-2.509196;746.3781;0.92372155;205.91151;100.0;0.6811931;297.92285;2289.0217;0.749591;-0.32362157;0.0;0.15468895;0.1546964;0.0;0.7121079;1390.7816;4928.0537;-1191.0017;5623.156;-245.78555;-272.54443
1969-03-02;-3.6375122;-5.3291955;-3.2882893;747.19403;0.62586;186.57283;100.0;0.6815963;305.58334;2232.7473;0.41116774;-0.28747135;0.0;0.15436113;0.15436113;0.0;0.40514395;1300.0806;4492.297;-877.55554;5958.44;-217.97223;-256.3111
1969-03-03;-2.0370789;-3.6597595;-2.851532;746.6877;0.65542144;153.27705;100.0;0.6820459;312.5065;2184.7737;0.48373938;-0.13049133;0.0;0.1540482;0.1540333;0.0;0.44995174;1112.6206;3773.8677;-742.0911;6191.3423;-96.16111;-134.87917
1969-03-04;-1.9820353;-3.4828186;-2.0758972;747.7111;0.7668674;162.88103;100.0;0.6822311;319.66245;2136.4338;0.13048273;-0.20633358;0.012874603;0.16656518;0.15370548;0.12744032;0.07504597;1391.0303;4575.8223;-1026.5278;5946.3223;-153.72333;-175.15
1969-03-05;-2.728424;-4.8953857;-1.9485983;747.0837;0.8879089;202.95549;100.0;0.6820218;326.60123;2090.617;0.2881045;-0.39834157;0.012308359;0.16568601;0.15336275;0.12066774;0.27846918;1624.195;4942.1523;-923.04553;6087.676;-303.16556;-246.87778
1969-03-06;-1.685618;-2.3348186;-1.4178671;744.36676;0.49330664;168.63654;100.0;0.69201726;325.4131;2126.587;15.9651785;-0.099826604;0.019446015;0.17248094;0.15304238;0.08442253;15.158903;514.1783;1811.6292;-246.16278;6859.588;-75.85889;-119.71222
1969-03-07;-0.8786926;-1.7325948;-0.83921814;743.3037;0.66909367;171.44945;100.0;0.7050174;324.74283;2170.4102;23.347902;-0.12921356;0.123120844;0.2758503;0.15272945;0.28870255;20.34368;907.8014;2982.4275;-385.35944;6827.89;-95.73556;-145.09111
1969-03-08;-3.381419;-4.3451943;-0.6630809;740.4424;1.3082803;200.61127;100.0;0.7327285;313.7422;2334.798;17.054792;-0.40515605;0.021755695;0.17416477;0.15240163;0.06553158;16.172972;1090.2904;4386.1226;-612.2378;6434.5176;-310.63666;-434.40332
1969-03-09;-2.7287395;-3.5664265;-0.77556866;745.0324;1.2993289;201.68553;100.0;0.74175835;316.41992;2345.337;8.613125;-0.40530506;0.023938715;0.17601252;0.1520738;0.1588352;8.091621;1149.815;4098.4062;-495.06638;6631.197;-310.97;-401.72446
1969-03-10;-3.2672017;-3.8456624;-0.92538327;740.6067;0.6586451;186.19507;100.0;0.76688045;307.90918;2487.7117;42.447227;-0.1791548;0.0320673;0.18382072;0.15176088;0.0;41.00645;243.17017;964.93304;-244.03416;6799.528;-139.6789;-166.17223
1969-03-11;-3.0183613;-4.512192;-1.2090887;745.24194;0.9812173;147.57445;100.0;0.7925795;300.96094;2636.3118;2.734199;-0.32732263;0.011622906;0.16307831;0.15144795;0.08833408;2.577249;1177.1403;4500.5615;-903.89636;6037.5146;-248.19;-297.45667
1969-03-12;-2.5675251;-5.2345657;-1.5966696;747.885;0.8800445;137.57619;100.0;0.7928757;311.25162;2550.171;0.7989379;-0.41066855;0.0;0.15112758;0.15111268;0.0;0.67577136;1546.117;5102.6035;-899.18054;6116.599;-311.68668;-255.9725
1969-03-13;-2.6800435;-5.270701;-1.2748922;747.7449;0.9833777;150.52097;100.0;0.79366237;320.19238;2481.1199;0.5636228;-0.46067685;0.020503998;0.17127395;0.15078485;0.16111135;0.534799;1860.0527;5495.053;-1416.8044;5524.3613;-350.49777;-289.76666
1969-03-14;-2.0603535;-4.858785;-1.3960978;746.28534;0.7596066;75.16947;100.0;0.7961669;327.71158;2430.542;8.208024;-0.29739177;0.012889504;0.16336143;0.15045702;0.04478544;6.6695886;1463.7441;4071.1514;-781.0028;6222.058;-224.99;-190.89944
1969-03-15;-2.1478374;-2.8116329;-0.7564697;741.9842;0.798811;155.62164;100.0;0.80488586;331.4567;2429.7688;6.198707;-0.14462322;0.049099326;0.19924343;0.15015155;0.22974983;4.8584566;844.1272;2671.237;-547.75;6525.6465;-109.31;-176.80779
1969-03-16;-2.0474346;-3.5532124;-0.5492452;747.44574;1.0833782;214.46857;100.0;0.8077237;338.01465;2391.3574;1.4947093;-0.47927535;0.04197657;0.19180775;0.14983863;0.29903278;1.344733;1755.2831;5255.7783;-872.1506;6287.1904;-365.7022;-359.21722
1969-03-17;-1.7542013;-3.3437908;-0.33139038;749.1006;0.89386463;142.03502;100.0;0.8080062;345.47592;2340.6575;0.32866895;-0.40610695;0.12053549;0.27005374;0.1495108;0.88049287;0.2655089;1760.6069;4874.7886;-944.7639;6180.9346;-308.56833;-295.12
1969-03-18;-1.7573853;-3.545583;-0.22004192;744.56885;0.67931575;147.29912;100.0;0.8095508;351.7347;2301.9207;11.035107;-0.39463398;0.52401423;0.67320466;0.14919788;0.629887;6.4267516;1330.9136;3413.816;-500.35;6688.1113;-302.56168;-259.3589
1969-03-19;-1.1068115;-1.3751831;-0.015424092;738.959;0.9420548;162.52725;100.0;0.82194614;348.33853;2359.3342;18.37343;-0.17578714;1.3824627;1.5313625;0.1489073;2.976859;11.167392;607.2414;2132.1602;-107.59;7148.76;-134.37944;-212.46777
1969-03-20;-2.089671;-2.4247334;-0.037142437;736.1162;0.8965884;154.45847;100.0;0.84330773;338.4502;2488.2812;39.13489;-0.26669073;0.4734695;0.6220937;0.14863908;1.379326;35.485725;578.9061;2329.1448;-158.865;7042.1226;-205.25333;-295.09668
1969-03-21;-2.9152832;-3.585429;-0.12061819;737.7552;0.9040694;181.22188;100.0;0.87622374;324.22525;2700.887;25.257706;-0.359145;0.09506941;0.24345517;0.14840066;0.18182024;23.610077;882.11334;3614.2239;-500.71277;6620.528;-274.91333;-369.9339
1969-03-22;-2.962199;-3.5231335;-0.2556661;736.8577;0.9205163;170.615;100.0;0.89608955;321.35806;2788.208;18.256336;-0.33676904;0.056117773;0.20435452;0.14822185;0.14337525;17.175224;775.29724;2989.97;-325.88834;6801.3057;-258.79666;-358.47446
1969-03-23;-3.5060577;-4.6992073;-0.4552498;740.5529;0.9344711;166.42381;100.0;0.9113099;321.9554;2831.7058;8.9125595;-0.45246816;0.019073486;0.16713142;0.14807284;0.094566494;8.681942;1096.4939;4175.5186;-627.77167;6442.0654;-346.9528;-412.03555
1969-03-24;-3.538283;-4.5595145;-0.7796631;745.4053;1.0827471;183.3029;100.0;0.91825986;326.5638;2813.6394;4.099761;-0.44422317;0.0;0.14793873;0.14793873;0.0;4.058968;1201.6011;4227.7007;-660.3578;6394.07;-340.58334;-420.5189
1969-03-25;-3.4979146;-4.201565;-1.0470148;746.6797;1.3144213;212.21814;100.0;0.92639416;330.29135;2804.118;16.030172;-0.3805058;0.0;0.14784932;0.14783442;0.0;15.527107;820.75665;2782.4988;-325.70056;6720.991;-294.045;-387.37332
1969-03-26;-1.3589783;-2.4553325;-0.88078815;746.9642;0.90241617;196.24579;100.0;0.93944246;331.44498;2836.0596;4.1767063;-0.26497617;0.03772974;0.18545985;0.14773011;0.20585582;3.2579825;1321.4327;4798.5903;-657.56335;6468.1265;-197.48778;-249.31277
1969-03-27;-0.8452759;-1.9570618;-0.46096292;745.3112;0.75314975;251.30763;100.0;0.9446828;338.63574;2790.4866;12.3963;-0.17318316;0.17181039;0.3194511;0.1476407;0.24622679;7.9563856;967.55444;3170.0227;-460.81055;6744.769;-129.77777;-159.0411
1969-03-28;0.9911702;-0.533315;-0.03975423;744.63165;0.6786649;233.33147;100.0;0.9471416;345.2357;2745.6868;1.4076978;-0.2092626;1.3786405;1.5261918;0.14755875;8.025885;0.031415373;1697.2184;5353.7017;-629.23553;6701.2734;-150.60667;-203.29556
1969-03-29;0.46418253;-1.0981344;-0.06538391;746.509;0.71218413;223.3213;100.0;0.938567;352.70377;2663.2893;0.3145516;-0.3143698;1.754418;1.9286722;0.17425418;9.941768;0.007458031;2114.0217;5861.876;-941.2392;6354.2437;-231.44444;-241.98334
1969-03-30;1.1588236;-0.06970215;-0.031648;744.4082;1.2346812;215.49855;100.0;0.92945385;359.40073;2588.1755;2.300799;-0.30787662;2.425462;2.611369;0.18589944;11.840729;0.14735013;2313.1533;5929.7085;-781.4767;6613.3633;-226.62334;-226.16222
1969-03-31;0.36173502;-0.76779175;0.0035044353;744.85425;1.212824;197.90552;100.0;0.9193551;364.65073;2522.176;18.035847;-0.4194286;5.519003;5.753562;0.23455918;10.95902;5.172629;2057.5188;4917.695;-489.30444;6902.21;-317.30554;-295.34888
1969-04-01;-1.1708984;-1.3622946;-0.017501831;738.9151;1.1016794;217.62848;100.0;0.9558851;345.76074;2760.091;71.68616;-0.09246543;4.459083;4.7374067;0.27831644;0.7376187;54.126293;109.937775;462.5428;-81.101944;7130.1924;-72.19556;-84.44111
1969-04-02;-3.918209;-5.525491;-0.31137213;742.5384;0.8120615;231.65663;100.0;0.97637767;342.02603;2856.1199;2.870456;-0.5309526;0.020250678;0.1757145;0.15548617;0.06970763;2.647057;1344.7911;4981.3984;-953.1336;6041.327;-405.43222;-431.84555
1969-04-03;-2.9358737;-6.921374;-0.6136958;747.0961;1.077521;53.074356;100.0;0.9771223;349.70053;2795.9797;0.012492489;-0.6313268;0.00086426735;0.15944242;0.1585707;0.004377216;0.01077354;2164.2844;6810.535;-1467.2922;5503.7065;-477.02777;-406.94943
1969-04-04;-0.8862203;-4.2688193;-0.4662272;745.4086;1.4439934;41.283752;100.0;0.97677803;358.40884;2727.0508;1.0868108;-0.49458817;0.048726797;0.20995736;0.16124547;0.25710464;1.0188073;2263.3638;6272.616;-1125.6133;6017.004;-369.98;-219.8661
1969-04-05;-1.4085999;-3.3477376;-0.1437505;741.9897;0.8972923;83.95678;100.0;0.9778881;364.0485;2686.9304;4.6999183;-0.4649423;0.94249845;1.1062026;0.16370416;3.8858578;3.4936256;1787.0673;4997.4067;-843.9089;6352.0933;-352.34445;-295.53
1969-04-06;-2.8708904;-3.689809;-0.16900127;743.01227;0.933304;210.21309;100.0;0.9830217;365.3607;2689.7786;10.880979;-0.45511407;0.11125952;0.27738512;0.16611814;0.33916533;10.159473;1236.8005;3615.2844;-482.52585;6669.987;-349.72223;-414.41415
1969-04-07;-3.8970947;-5.121897;-0.41889444;743.9445;0.6326556;191.25542;100.0;0.9959018;361.35678;2755.2083;11.067343;-0.39327145;0.0;0.16857684;0.16856939;0.0;10.807127;898.94165;3235.271;-729.42944;6274.735;-302.34;-327.20694
1969-04-08;-4.39152;-5.9296365;-0.83382416;743.7105;0.84157014;190.76778;100.0;1.0021064;362.81772;2762.614;4.8208146;-0.59153044;0.0;0.17102063;0.17102808;0.0;4.6854467;1867.96;6259.444;-1207.9619;5759.201;-450.52554;-528.3933
1969-04-09;-3.2097676;-6.358561;-0.95492554;745.8267;0.7242431;125.829445;100.0;1.0044857;367.3623;2735.1074;2.1773608;-0.69348514;0.0007748604;0.17420948;0.17343462;0.0;1.9620918;2046.5906;6247.039;-1042.7203;5989.955;-528.29;-444.2211
1969-04-10;-2.0861614;-4.4599304;-0.730334;745.6868;0.8175184;176.86711;100.0;1.0056472;372.99283;2697.2656;0.48046708;-0.5617626;0.053048134;0.22880733;0.17576665;0.29300153;0.2948828;2249.7583;6427.1245;-1281.6069;5790.4966;-425.09668;-345.9314
1969-04-11;-2.5032146;-4.5710754;-0.5438029;742.98724;0.71295947;137.00531;100.0;1.0063252;378.73047;2658.2844;1.6930593;-0.46436304;0.048279762;0.22631884;0.17803162;0.24965219;1.4474802;1701.325;4590.37;-983.1589;6064.0547;-353.41666;-297.9822
1969-04-12;-4.502065;-5.76417;-0.6747233;736.8166;1.0244635;155.44005;100.0;1.0209888;372.42154;2738.8916;30.985714;-0.47002918;0.018954277;0.19919872;0.18025935;0.005275011;30.009687;1024.2994;3213.439;-625.04083;6384.78;-362.99554;-431.69778
1969-04-13;-6.0457253;-8.782918;-1.508737;739.7557;0.916351;238.27783;100.0;1.0388385;362.4922;2866.618;2.6444733;-0.6357152;0.0;0.18243492;0.18243492;0.0;2.6379526;1600.6344;5939.997;-1212.4944;5563.719;-485.91;-519.18225
1969-04-14;-3.9273071;-6.922605;-2.378498;747.95233;0.9496617;96.30459;100.0;1.0392178;367.20053;2831.258;0.026742492;-0.56920576;0.0;0.18453598;0.18454343;0.0;0.024110079;1987.2317;6664.84;-1378.4608;5460.2534;-430.85223;-418.56668
1969-04-15;-2.2038372;-7.0427957;-2.7861938;747.3847;0.90789133;108.95704;100.0;1.0389729;372.05112;2793.8232;0.032293886;-0.44298172;0.0;0.18659234;0.18656254;0.0;0.029746443;2202.3667;6896.988;-1654.2336;5130.8135;-330.0189;-229.49333
1969-04-16;-1.7173462;-3.70873;-2.2578888;743.47235;0.8104803;194.25116;100.0;1.0397606;376.1019;2765.625;3.5761745;-0.26616454;0.0;0.18852949;0.18852949;0.0;3.2080822;1271.9028;3822.99;-467.77277;6556.348;-200.77667;-208.95667
1969-04-17;-3.2658284;-4.048818;-1.3804016;738.3547;1.179459;197.75739;100.0;1.0576081;368.34897;2869.629;21.292227;-0.2924744;0.045582652;0.23601949;0.19042939;0.10095164;20.281136;808.68945;3084.111;-446.75888;6603.778;-223.86333;-291.52585
1969-04-18;-2.6438801;-4.343577;-1.4475149;745.75287;1.252519;212.59895;100.0;1.065216;368.59732;2891.6423;1.9993752;-0.5310234;0.010594726;0.2028346;0.19223988;0.05222857;1.6941018;1731.0189;6118.1167;-880.2231;6187.144;-402.4861;-396.3389
1969-04-19;-0.80300903;-3.3478596;-0.9379985;750.10596;0.7962418;216.28046;100.0;1.0657358;374.57617;2847.29;0.021356368;-0.42441487;0.07632375;0.27027726;0.19394606;0.43708086;0.016141683;2501.5105;7657.612;-1554.6711;5504.767;-312.31223;-313.15887
1969-04-20;-0.6380717;-3.0075073;-0.4650065;748.90704;0.9726247;156.52084;100.0;1.0646023;382.03223;2788.8591;0.0039458275;-0.49762148;0.2733767;0.46896935;0.19559264;1.4332868;0.0003501773;2714.3567;7369.8545;-1422.1572;5719.1406;-370.04556;-309.71667
1969-04-21;-0.62284344;-3.0388896;-0.21928914;750.2271;1.0140783;88.5166;100.0;1.0591155;388.6849;2726.6846;0.004011392;-0.5644914;1.6558617;1.8531382;0.19729137;8.184079;0.003580004;2936.1829;7318.8623;-1561.512;5586.531;-423.16833;-368.6422
1969-04-22;0.2527059;-5.440155;-0.3309021;751.6399;1.0935856;72.18496;100.0;1.0507609;394.90234;2662.7605;0.0017112052;-0.45806634;1.8150359;2.0202398;0.20521134;8.35814;0.0;3421.8794;8021.3926;-2099.4434;4957.9043;-334.64612;-205.57445
1969-04-23;1.761027;-7.160797;-0.28680167;752.2698;1.1447538;80.28906;100.0;1.0409335;401.07193;2597.412;0.0008702277;-0.5090553;2.5997014;2.802074;0.20236522;10.556169;0.0;3531.859;7901.5405;-1917.4003;5243.432;-372.97778;-158.5389
1969-04-24;3.073171;-6.036957;-0.22495396;753.1792;1.1039224;62.498554;100.0;1.0278331;406.72006;2528.7678;0.0008523463;-0.4362259;4.0824265;4.3489637;0.26652217;14.62834;0.0;3630.7373;7841.1265;-1681.7942;5568.2935;-315.2511;-143.13222
1969-04-25;2.4008179;-2.3768718;-0.14976501;752.0369;0.98554665;109.068695;100.0;1.0132174;411.45865;2464.03;1.6898909;-0.24442375;5.1665754;5.994767;0.82819164;15.651326;0.0;2691.4973;5656.45;-1067.6984;6213.217;-174.85667;-144.69778
1969-04-26;3.481374;-3.200887;-0.18773778;752.01855;1.1068875;69.93977;100.0;0.99657315;416.09863;2396.9727;0.0007778405;-0.39612502;6.3673406;6.981701;0.61436;17.902899;0.0;3866.3594;7966.201;-1709.1208;5586.961;-284.04443;-150.99
1969-04-27;3.8122456;-2.186737;-0.14740627;751.8483;1.0672691;78.40261;100.0;0.9779727;420.60287;2327.0264;0.011327863;-0.3314577;7.018015;8.236915;1.2189001;18.915716;0.0;3610.1072;7318.4707;-1383.1775;5990.757;-235.55779;-140.62889
1969-04-28;3.5164692;-1.3403015;-0.12851079;751.7376;1.0207188;73.42673;100.0;0.95865583;424.61035;2259.5215;0.39144158;-0.25678518;7.0238857;7.8374596;0.8135736;19.57966;0.0;3330.8462;6670.6323;-1236.5272;6132.7744;-180.07;-136.07333
1969-04-29;2.921692;0.8944397;-0.07580185;751.0979;1.0819029;72.18712;100.0;0.9398783;428.4056;2195.4346;11.187953;-0.18690807;11.797018;12.833908;1.0368973;18.666025;0.0;2785.2373;5527.199;-417.59222;7048.8354;-130.01;-162.17223
1969-04-30;2.7716267;1.9596659;-0.02415975;749.7261;0.86109704;127.41975;100.0;0.91936606;430.83398;2135.3352;1.6047001;-0.09039231;9.402394;10.912418;1.5100315;20.358953;0.0;2356.891;4640.9995;-463.37277;6990.9844;-58.565556;-136.27112
1969-05-01;1.7928976;-0.24627686;-0.08678055;748.7629;1.0751013;133.64647;100.0;0.8974862;433.36948;2072.347;0.004172325;-0.4081484;8.972109;10.409742;1.4376268;22.896671;0.0007301569;3807.2139;7452.3174;-1340.77;6050.4434;-298.29666;-251.50667
1969-05-02;1.6168823;-2.4069824;-0.14450073;746.2293;1.1659673;108.103935;100.0;0.87743205;436.81934;2009.8063;0.08631647;-0.66366327;6.960735;7.737011;0.776276;18.424738;0.0013373792;4075.3567;7941.749;-1507.8694;5836.8843;-496.63278;-295.0822
1969-05-03;2.796173;-0.39130655;-0.11359533;745.52386;0.71941155;108.3005;100.0;0.86007905;440.07324;1955.5664;5.981535;-0.20542833;8.98838;10.987133;1.9987524;17.328623;0.0;2625.1816;5095.1177;-971.02026;6340.8135;-146.72223;-136.20555
1969-05-04;2.1755066;-1.6270651;-0.17209117;747.8926;0.9452904;79.24575;100.0;0.84456617;443.80273;1904.2155;1.888509;-0.3689397;6.6049395;7.8668594;1.2619271;15.3591;0.0;3286.4072;6361.5454;-1439.0739;5822.824;-271.02667;-156.99333
1969-05-05;2.4595234;-2.081604;-0.17027538;748.72125;1.0757486;89.468414;100.0;0.8283496;447.72104;1851.5625;0.07914761;-0.5290424;6.758526;9.112417;2.3538992;16.700436;0.0;3691.8838;7131.839;-1523.3528;5766.012;-393.55112;-179.61111
1969-05-06;3.1568706;-2.464925;-0.11440531;746.80853;1.0663784;76.86609;100.0;0.8099184;449.80728;1801.5137;3.1312704;-0.5188445;8.361146;10.430962;2.0697937;19.162487;0.0;3999.496;7713.87;-1387.9775;6037.275;-380.78888;-169.22888
1969-05-07;1.6586813;-0.40371704;-0.023373922;745.9702;0.93534595;63.93439;100.0;0.7934614;449.88217;1764.4857;10.378882;-0.21693203;10.144681;13.089806;2.9451177;15.440062;0.21451712;2054.6323;3987.94;-556.0028;6821.438;-159.07388;-131.48334
1969-05-08;2.8035786;-1.4432882;-0.09779612;749.289;0.9089639;83.617165;100.0;0.77451086;449.98795;1722.168;0.012516975;-0.40496325;9.450987;12.906939;3.4559593;22.288315;0.0;3688.2183;7142.07;-1381.5372;5965.757;-294.47778;-204.58333
1969-05-09;3.9751892;-1.4142557;-0.17683665;751.05444;1.1076876;85.88205;100.0;0.75327206;450.0;1674.8861;0.009858608;-0.3893357;8.981914;11.821211;2.8392673;21.253637;0.0;4283.529;8275.366;-1818.9575;5534.8154;-278.4178;-148.50555
1969-05-10;4.9315796;-2.5771892;-0.1518224;753.2173;1.1403137;67.01053;100.0;0.7308596;450.0;1625.0814;0.003017387;-0.40604827;9.859949;14.031828;4.1718483;22.89711;0.0;4240.3516;8177.6255;-1608.9434;5799.8335;-289.99777;-123.92889
1969-05-11;5.76593;-0.9852905;-0.08481725;756.13965;1.1913806;95.15177;100.0;0.7075596;450.0;1573.4457;0.37880063;-0.2689082;9.890452;14.418274;4.527837;22.80032;0.0;3429.4568;6604.1406;-987.1386;6485.898;-188.03667;-65.54667
1969-05-12;7.3284507;-0.22017415;-0.0733668;754.9217;1.1970332;63.300724;100.0;0.6830972;450.0;1519.2057;0.00043563903;-0.26794708;11.1390505;16.652702;5.5136533;25.663767;0.0;3618.0044;6958.453;-1010.5953;6482.11;-185.22223;-52.59667
1969-05-13;8.752126;1.6385803;-0.06553014;752.33936;1.1927035;91.439026;100.0;0.65535975;450.0;1457.723;0.01117587;-0.28508902;13.191938;21.729603;8.537665;29.239721;0.0;4202.7866;8078.956;-1162.5211;6406.1133;-195.22112;-67.39778
1969-05-14;7.3784995;3.4154155;-0.03401947;749.04865;1.0768867;207.88957;100.0;0.62726516;450.0;1395.1416;0.9544194;-0.16685668;10.83085;20.934284;10.103405;27.14229;0.0;3738.5916;7181.2646;-864.01886;6721.1455;-109.399445;-112.02556
1969-05-15;5.1562905;1.7367758;-0.028463999;749.75555;1.0558537;252.42877;100.0;0.59869486;450.0;1331.665;0.058826994;-0.30882657;12.481138;25.414452;12.933313;28.62996;0.0;3882.3079;7453.987;-1108.1364;6418.8867;-217.41888;-166.47667
1969-05-16;3.881663;-0.49620566;-0.11651484;752.751;1.094596;159.31018;100.0;0.5750045;450.0;1278.6459;0.20066202;-0.36222115;7.8729315;21.255642;13.38271;21.844994;0.0;3765.6372;7226.5234;-1473.608;5876.3877;-261.2011;-143.53444
1969-05-17;5.3505454;-0.9107869;-0.12900543;755.10004;1.0709277;82.135994;100.0;0.5532148;450.0;1230.3873;0.00086041784;-0.33777207;8.803055;22.510008;13.706952;21.779593;0.0;3933.7456;7548.8745;-1350.2567;6081.5923;-238.96777;-122.185555
1969-05-18;4.634298;1.418691;-0.07424927;750.4626;1.0035459;134.91884;100.0;0.5352314;450.0;1190.1041;1.9105127;-0.06481912;6.6521463;19.193932;12.541793;15.364979;0.0023394823;2140.2966;4104.4824;-632.9889;6722.583;-40.484444;-30.004444
1969-05-19;3.7514446;0.2575582;-0.066090904;748.51166;1.1311616;124.49903;100.0;0.5132777;450.0;1141.7643;1.7344654;-0.38539898;10.996431;24.054602;13.05817;26.403479;0.013694167;4036.6738;7755.3433;-1197.315;6287.581;-275.73334;-224.88777
1969-05-20;3.7819214;-0.23238118;-0.10867691;753.56055;1.5555531;22.499914;100.0;0.48816395;450.0;1086.0189;0.055450175;-0.36781096;10.139063;22.492617;12.353555;24.336237;0.0;3915.5889;7519.041;-1341.6017;6062.398;-262.32333;-127.73222
1969-05-21;5.521322;-0.4538981;-0.12073263;756.951;1.583572;22.43479;100.0;0.46306708;450.0;1030.2328;0.00084649504;-0.38550794;11.324048;23.691088;12.36704;26.141354;0.0;4353.598;8355.592;-1462.53;5994.0967;-271.80057;-92.579445
1969-05-22;7.7982383;-0.6548564;-0.094576515;755.4209;1.2966578;41.11172;100.0;0.43517196;450.0;968.4245;0.002146042;-0.35509652;12.369543;25.95438;13.584852;28.726053;0.0;4393.5815;8429.664;-1371.8411;6147.0444;-247.86555;-67.522224
1969-05-23;8.23994;0.1737976;-0.0809021;750.6285;1.2022432;157.0287;100.0;0.40593472;450.0;903.4831;0.07785857;-0.3444217;12.743026;26.422054;13.679028;29.294613;0.0;4186.6646;8031.2856;-1106.7028;6444.8843;-240.62;-72.20556
1969-05-24;7.5296426;-0.30804443;-0.07739767;748.4698;0.82591826;270.70993;100.0;0.37950647;450.0;844.40106;1.1974071;-0.25449693;10.124892;24.435728;14.310837;24.296392;0.0;3313.669;6353.262;-888.39886;6600.371;-177.45;-73.541115
1969-05-25;6.951477;1.2111816;-0.11373266;747.60614;1.3447113;199.13588;100.0;0.35401893;450.0;788.0046;0.44923022;-0.38523787;11.093124;25.76685;14.673725;26.581816;0.0;4059.5667;7783.3545;-1253.4534;6219.6064;-274.33334;-63.54111
1969-05-26;6.344218;1.0183614;-0.13953908;746.758;1.3056246;238.18964;100.0;0.32812965;450.0;730.3467;0.48835278;-0.41128042;10.76284;27.288586;16.52573;25.261398;0.0;4037.7834;7741.5;-1405.0573;6019.6274;-296.18332;-71.736664
1969-05-27;5.5958457;-0.31809488;-0.1839447;748.4925;1.1301891;80.885635;100.0;0.30315658;450.0;674.7233;0.004017353;-0.34502894;9.654776;27.707636;18.052847;24.978306;0.0;4220.3037;8096.0366;-1524.9645;5885.5044;-242.08223;-129.09445
1969-05-28;5.873545;-0.85427856;-0.17978287;750.14325;1.0709147;77.788994;100.0;0.27761555;450.0;618.3675;0.002348423;-0.3611725;10.750636;27.127966;16.37733;25.97423;0.0;4319.6865;8283.891;-1400.1561;6050.94;-253.71;-150.1311
1969-05-29;6.0472817;-0.51986694;-0.1693929;749.87286;1.1969937;108.5563;100.0;0.2511463;450.0;559.3262;0.7529763;-0.3349874;10.736182;26.094078;15.357882;26.188608;0.0;3909.0017;7492.6387;-1222.7716;6224.825;-235.28778;-105.39222
1969-05-30;6.526001;-1.6478678;-0.25811896;750.3052;1.3340849;108.197426;100.0;0.22494192;450.0;500.97656;0.33967197;-0.4137382;11.05982;24.802416;13.742596;26.465862;0.0;4283.344;8213.1455;-1535.0634;5883.782;-293.7311;-83.74778
1969-05-31;8.449483;-4.0232444;-0.32977805;752.0413;1.1411601;87.45754;98.84408;0.19919641;450.0;443.56284;0.0012844794;-0.47828537;10.787383;24.068237;13.280853;25.49855;0.0;4446.8896;8492.66;-1620.7539;5842.628;-341.72888;-52.125557
1969-06-01;9.263112;0.23603313;-0.25597382;753.1824;1.3710742;31.401337;96.39917;0.17187591;450.0;383.2194;0.00086266093;-0.4543364;12.108416;25.03857;12.930147;28.135408;0.0;4469.0493;8411.91;-1403.0688;6130.918;-316.18112;-66.97667
1969-06-02;10.846324;0.31493124;-0.23435593;753.1968;1.3490086;36.69086;94.80924;0.14328957;450.0;319.78354;0.0021442939;-0.5445126;12.433238;25.052547;12.619302;28.743994;0.0;4547.237;8483.306;-1394.2614;6202.329;-379.86444;-51.964443
1969-06-03;12.427734;-1.0521749;-0.24132538;754.03;1.1881433;86.253815;94.10677;0.11441652;450.0;255.3711;0.0009655952;-0.61006474;12.93847;28.558224;15.619755;28.565512;0.0;4372.003;8123.519;-1236.5366;6401.096;-428.17444;-34.475555
1969-06-04;13.398671;-2.4315083;-0.23495992;754.3067;1.2062998;139.38603;93.85343;0.08549038;450.0;190.95866;0.02356286;-0.66295916;12.38051;29.930204;17.549694;28.93949;0.0;4318.392;8010.5566;-1093.1422;6596.9766;-467.74445;-6.421111
1969-06-05;13.358815;0.55967206;-0.31601462;754.00543;1.2452741;106.97485;92.83984;0.055553276;450.0;124.47103;1.8253267;-0.6114319;13.502613;31.085491;17.582878;30.38758;0.0;4267.7725;7912.1724;-1051.8722;6655.108;-426.39835;-13.472222
1969-06-06;12.629497;2.689616;-0.26239267;753.5203;1.23185;73.294624;64.345055;0.028835297;450.0;65.14486;2.6605992;-1.1072373;10.090247;25.888235;15.79798;23.438688;0.0;4625.3335;7602.1064;-1110.955;6850.82;-767.4178;-95.26778
1969-06-07;12.600179;4.7738037;-0.04736455;752.21094;1.3974704;45.15114;28.35669;0.012250383;450.0;27.791342;2.4500847;-2.339281;5.0988197;18.46929;13.370461;12.272172;0.0;5412.7393;7486.8955;-1472.7622;6906.394;-1622.6812;-356.00446
1969-06-08;12.564555;5.8655295;0.0014177958;751.0351;1.3463145;86.22497;10.417725;0.0044782558;450.0;10.172526;3.397862;-3.0510948;2.4905353;14.513344;12.022816;5.0455256;0.0;5706.989;7324.1045;-1729.461;6914.725;-2118.3354;-575.7144
1969-06-09;14.231975;4.7933755;0.009969075;751.8911;1.1435713;131.27226;3.3876953;0.0014490684;450.0;3.2958984;0.06095469;-3.7649302;0.52689016;11.24838;10.721482;1.8079579;0.0;6056.1074;7552.74;-1894.4656;6983.509;-2615.1294;-556.5011
1969-06-10;15.348704;0.647939;0.00902303;753.3997;1.2195626;203.27559;0.9737956;0.00041540465;450.0;0.56966144;0.00086503034;-4.517603;0.13770163;9.669558;9.531863;0.54451823;0.0;6807.9614;8403.22;-2429.4106;6481.2847;-3138.2656;-605.0
1969-06-11;14.931499;-4.8454995;-0.27139917;752.68036;1.1516765;174.79918;0.2902018;0.00012449424;440.07846;-7.345365e-21;0.0017071897;-4.5460315;0.034049153;8.531451;8.497395;0.14932081;0.0;7041.259;8660.516;-2846.1938;5894.2275;-3158.0166;-580.3356
1969-06-12;14.884603;-2.758433;-0.29603195;750.1988;1.1416696;128.01714;0.091308594;3.9140385e-05;428.7181;-7.345365e-21;0.0008702277;-4.4853983;0.010117888;7.632807;7.6226892;0.04839897;0.0;7012.4746;8609.872;-2689.1538;6128.878;-3115.869;-617.2244
1969-06-13;14.625325;-1.848226;-0.009793599;748.1899;1.3200698;121.78585;0.026529947;1.1563301e-05;428.11752;-7.345365e-21;0.0;-4.526886;0.0028014183;6.8904905;6.887682;0.014659017;0.0;6967.145;8543.247;-2600.3745;6255.98;-3144.6812;-712.0922
1969-06-14;11.3172;1.9065145;0.009876251;745.53467;1.5584327;92.314545;0.008626302;3.4570694e-06;428.09375;-7.345365e-21;2.0325394;-3.7246802;0.30077994;6.5701456;6.2693653;0.0040605664;0.0;5933.925;7268.0347;-2164.0767;6550.1187;-2587.4111;-843.43665
1969-06-15;7.68278;4.0210166;0.010065715;746.3284;1.4819474;33.07295;0.003092448;1.3113022e-06;428.09634;-7.345365e-21;1.8566549;-2.501742;0.22041798;5.9709997;5.7505817;0.0011771917;0.0;4496.38;5501.3657;-1620.9967;6802.902;-1737.8767;-1054.5911
1969-06-16;9.7065735;3.6304626;0.009922028;748.56757;1.0230763;129.72928;0.00056966144;1.9868214e-07;428.09375;-7.345365e-21;3.5908818;-3.0532172;0.54459274;5.8506875;5.30611;0.00051409006;0.0;5410.2607;6618.6265;-1901.6816;6693.2954;-2120.9683;-1049.9911
1969-06-17;8.806865;3.0808613;0.0056851706;745.439;0.9955477;241.53246;0.0;-7.3453654e-25;428.09375;-7.345365e-21;2.6031315;-2.1241102;0.31119585;5.234808;4.9235673;0.00016018748;0.0;3655.4456;4471.51;-1453.8905;6829.169;-1475.5477;-681.7389
1969-06-18;10.1432295;1.9531046;-0.75365573;746.1165;1.4348541;234.80605;0.0;-7.3453654e-25;287.85385;-7.345365e-21;0.45755506;-3.4411829;0.052139163;4.6403856;4.5882387;8.940697e-05;0.0;6106.2476;7468.4165;-1967.11;6653.6143;-2390.4756;-1262.0133
1969-06-19;10.1757;2.0627544;-1.360878;748.85077;1.3006676;227.19746;0.0;-7.3453654e-25;153.2184;-7.345365e-21;0.44529438;-3.3724084;0.048667192;4.339814;4.291162;3.3527613e-05;0.0;5950.193;7276.629;-1950.2483;6733.6685;-2342.7;-1327.21
1969-06-20;10.976308;-0.33294678;-0.5613988;750.14453;1.2921516;143.27274;0.0;-7.3453654e-25;119.12726;-7.345365e-21;0.13437463;-3.6295495;0.013843179;4.041031;4.027188;3.7252903e-06;0.0;6270.025;7666.697;-2279.6672;6410.4966;-2521.328;-1182.95
1969-06-21;11.673991;-0.3289388;-0.10719681;748.76215;1.4057393;142.45596;0.0;-7.3453654e-25;101.03774;-7.345365e-21;0.061834283;-3.5721874;0.006109476;3.797084;3.7909598;3.7252903e-06;0.0;6089.241;7444.6655;-2186.26;6546.1743;-2481.48;-1072.3972
1969-06-22;12.359334;1.6540527;0.009803772;748.386;1.2196339;203.31262;0.0;-7.3453654e-25;99.99998;-7.345365e-21;0.99326974;-3.7349741;0.09274483;3.671348;3.5785735;0.0;0.0;6513.85;7962.7476;-2275.8455;6624.781;-2594.5623;-1165.2922
1969-06-23;12.407471;0.7007243;0.009854634;747.4516;1.8824993;239.3178;0.0;-7.3453654e-25;99.99998;-7.345365e-21;0.40001914;-3.447907;0.037312508;3.4245996;3.3872724;0.0;0.0;6206.5405;7586.2744;-2353.81;6410.0967;-2395.1467;-1219.1555
1969-06-24;11.474579;0.5039775;0.010124207;747.74274;1.4831961;202.94554;0.0;-7.3453654e-25;99.99998;-7.345365e-21;0.34125447;-3.2391455;0.029981136;3.2434464;3.2134652;0.0;0.0;6395.6885;7816.309;-2279.7883;6484.22;-2250.1267;-1481.1178
1969-06-25;11.430379;0.947876;0.009885152;750.76263;0.95598847;125.16691;0.0;-7.3453654e-25;99.99998;-7.345365e-21;0.72821504;-3.125582;0.062465668;3.117621;3.0551405;0.0;0.0;6142.1333;7505.39;-2332.1729;6546.0513;-2171.2378;-1308.7012
1969-06-26;13.453685;0.9013774;0.009854634;751.77765;1.1000384;100.31707;0.0;-7.3453654e-25;99.99998;-7.345365e-21;0.0012874597;-3.6833231;0.00010430813;2.909422;2.9093175;0.0;0.0;6857.612;8378.694;-2607.9216;6468.0435;-2558.6821;-1181.3511
1969-06-27;15.200684;-1.8151346;0.0101458235;751.4965;1.2955037;121.23096;0.0;-7.3453654e-25;99.99998;-7.345365e-21;0.0008523463;-3.6676693;5.9604645e-05;2.7742684;2.7741938;0.0;0.0;7007.6777;8560.959;-2844.922;6309.0547;-2547.8066;-1201.4933
1969-06-28;15.430603;-3.7006328;0.009929657;750.4711;1.454471;189.518;0.0;-7.3453654e-25;99.99998;-7.345365e-21;0.0008702277;-3.4560413;7.4505806e-05;2.649486;2.6494117;0.0;0.0;7091.565;8662.345;-2966.3816;6170.7954;-2400.7957;-1287.211
1969-06-29;14.221944;-1.661733;0.010040283;751.1591;1.750435;205.04938;0.0;-7.3453654e-25;99.99998;-7.345365e-21;0.0038653607;-3.0357912;0.00028312206;2.534315;2.534017;0.0;0.0;6949.0396;8487.147;-2835.4827;6281.259;-2108.8633;-1671.04
1969-06-30;14.061046;-1.1934916;0.009944916;750.4688;1.2178403;189.25012;0.0;-7.3453654e-25;99.99998;-7.345365e-21;0.001282212;-2.8757527;0.00010430813;2.426982;2.4268775;0.0;0.0;7107.1797;8679.173;-3096.9822;6060.7993;-1997.6888;-1595.5856
1969-07-01;13.882487;-2.2867634;0.009663899;749.3872;1.4655458;216.65211;0.0;-7.3453654e-25;99.99998;-7.345365e-21;0.0021541254;-2.5972333;0.00014901161;2.327323;2.3271666;0.0;0.0;7046.094;8603.463;-3026.0789;6132.1157;-1804.2123;-1861.7911
1969-07-02;14.644928;-2.4459534;0.009803772;750.90967;1.1532366;104.18689;0.0;-7.3453654e-25;99.99998;-7.345365e-21;0.0017049706;-2.5874171;0.00011920929;2.2340715;2.2339523;0.0;0.0;7054.2163;8612.22;-3122.5771;6193.5977;-1797.3922;-1656.8633
1969-07-03;15.671173;-2.5310566;0.009663899;750.2842;1.1922696;119.13633;0.0;-7.3453654e-25;99.99998;-7.345365e-21;0.0025779;-2.4433062;0.00017881393;2.1467357;2.1465495;0.0;0.0;7012.8467;8560.602;-3088.9717;6378.651;-1697.2833;-1701.0789
1969-07-04;15.448466;-6.065277;0.009902954;748.2691;1.4687067;141.7465;0.0;-7.3453654e-25;99.99998;-7.345365e-21;0.001275539;-2.2273455;8.940697e-05;2.0647347;2.06466;0.0;0.0;7087.313;8650.405;-3290.9138;6115.8223;-1547.2633;-1903.5
1969-07-05;13.0668745;0.108428955;0.009679158;749.15765;1.2022694;73.1319;0.0;-7.3453654e-25;99.99998;-7.345365e-21;0.11522472;-1.846741;0.0068992376;1.9950867;1.988195;0.0;0.0;6359.926;7761.1855;-2829.821;6521.872;-1282.8694;-1839.9288
1969-07-06;14.276703;0.22432454;0.009930928;750.93506;1.2709442;54.472897;0.0;-7.3453654e-25;99.99998;-7.345365e-21;0.0035703182;-1.9408613;0.00025331974;1.9165874;1.916334;0.0;0.0;6836.7437;8342.433;-3054.065;6438.9946;-1348.2517;-1964.5355
1969-07-07;13.893311;2.204071;0.010243733;749.7549;1.275916;51.769775;0.0;-7.3453654e-25;99.99998;-7.345365e-21;1.1022985;-1.8055476;0.08507073;1.9335747;1.8485188;0.0;0.0;6304.1895;7691.5835;-2679.6367;6823.5054;-1254.2544;-1962.7422
1969-07-08;13.707428;2.7873535;0.009792328;749.4974;1.3964958;65.792915;0.0;-7.3453654e-25;99.99998;-7.345365e-21;0.73798907;-2.0027757;0.047922134;1.8328726;1.7849654;0.0;0.0;6118.793;7464.4966;-2534.9;6903.68;-1391.2622;-1828.5756
1969-07-09;12.610911;4.5049133;0.010008494;748.57324;1.219438;100.92452;0.0;-7.3453654e-25;99.99998;-7.345365e-21;2.025792;-1.8848647;0.145033;1.8704683;1.7254353;0.0;0.0;5506.29;6716.512;-2319.199;6966.6313;-1309.3534;-1671.2922
1969-07-10;12.7317095;5.177592;0.010041554;749.00934;1.0717008;76.67194;0.0;-7.3453654e-25;99.99998;-7.345365e-21;1.7647445;-2.1935058;0.12117624;1.7908067;1.6696379;0.0;0.0;5385.92;6568.7095;-2049.0227;7277.987;-1523.7556;-1483.11
1969-07-11;12.67038;6.280996;0.00968806;750.02856;1.1522211;67.10141;0.0;-7.3453654e-25;99.99998;-7.345365e-21;1.1775732;-2.0697582;0.08305907;1.6998947;1.6168207;0.0;0.0;5004.8975;6103.069;-1919.2461;7363.2275;-1437.7922;-1457.6622
1969-07-12;16.163126;2.7818298;0.0097846985;750.94977;0.88786435;91.56384;0.0;-7.3453654e-25;99.99998;-7.345365e-21;0.00044107434;-2.7716737;2.9802322e-05;1.5662462;1.5662163;0.0;0.0;6761.6733;8244.433;-2717.2773;6945.05;-1925.3889;-1546.57
1969-07-13;17.893808;-1.1258749;0.010169983;749.76733;1.393222;193.26892;0.0;-7.3453654e-25;99.99998;-7.345365e-21;0.0017229022;-2.3461618;0.00010430813;1.5174747;1.5173554;0.0;0.0;6905.668;8418.9375;-3071.4216;6671.845;-1629.8;-1780.9778
1969-07-14;16.21697;-2.5954082;0.010077159;750.1343;1.7459043;220.51549;0.0;-7.3453654e-25;99.99998;-7.345365e-21;0.0008583068;-1.8599946;5.9604645e-05;1.4710426;1.470983;0.0;0.0;6967.7915;8493.595;-3203.5984;6377.9365;-1292.0767;-2172.3044
1969-07-15;17.40034;-4.290436;0.009990692;751.6792;1.1690251;172.04552;0.0;-7.3453654e-25;99.99998;-7.345365e-21;0.0008642673;-1.7420799;5.9604645e-05;1.4269501;1.4268905;0.0;0.0;7139.735;8702.055;-3652.74;6004.8555;-1210.1633;-1877.6244
1969-07-16;18.882864;-5.756185;0.01009496;751.147;1.2937671;142.54788;0.0;-7.3453654e-25;99.99998;-7.345365e-21;0.0017014235;-1.7311089;0.00011920929;1.3848543;1.38475;0.0;0.0;7163.1665;8728.632;-3731.0256;6132.349;-1202.5444;-1699.02
1969-07-17;17.721527;-3.2348633;0.009915669;748.8296;1.404945;95.62145;0.0;-7.3453654e-25;99.99998;-7.345365e-21;0.00042617318;-1.5922841;2.9802322e-05;1.3444871;1.3444722;0.0;0.0;7063.3076;8604.945;-3498.4966;6389.1987;-1106.1056;-1936.5189
1969-07-18;16.109121;4.728953;0.010096232;747.1202;1.5562943;66.64966;0.0;-7.3453654e-25;99.99998;-7.345365e-21;0.0004351138;-1.3194028;2.9802322e-05;1.3060868;1.306057;0.0;0.0;6485.713;7899.3687;-2899.2588;6937.6064;-916.54443;-2264.4456
1969-07-19;15.9444685;3.1151428;0.010154724;746.4438;1.5439714;87.11579;0.0;-7.3453654e-25;99.99998;-7.345365e-21;0.026291609;-1.215891;0.0011920929;1.2707412;1.2695565;0.0;0.0;5865.422;7142.427;-2643.5732;7156.6904;-844.6389;-1985.58
1969-07-20;15.520905;2.0899048;0.010044098;747.6341;1.293275;95.10136;0.0;-7.3453654e-25;99.99998;-7.345365e-21;0.007018446;-1.1039711;0.00035762787;1.2352616;1.2349114;0.0;0.0;5558.3027;6766.926;-2624.5278;7047.5444;-766.8922;-1942.6189
1969-07-21;14.910248;-0.38426718;0.00983429;748.21265;1.3515439;117.835075;0.0;-7.3453654e-25;99.99998;-7.345365e-21;0.027157767;-1.052768;0.001296401;1.203239;1.2019426;0.0;0.0;5442.968;6625.0347;-2655.1033;6867.0522;-731.3222;-1887.7
1969-07-22;15.515106;-2.9044292;0.010215759;748.04565;1.319717;119.78968;0.0;-7.3453654e-25;99.99998;-7.345365e-21;0.00086040987;-1.290219;5.2154064e-05;1.1700839;1.1700392;0.0;0.0;6819.9077;8299.105;-3261.1016;6442.7856;-896.2722;-2300.2932
1969-07-23;16.575998;-3.5069377;0.010058085;748.41156;1.2246894;100.36735;0.0;-7.3453654e-25;99.99998;-7.345365e-21;0.00043511385;-1.3004057;2.9802322e-05;1.1391938;1.1391566;0.0;0.0;6787.186;8257.444;-3299.4534;6529.3867;-903.3489;-2136.7266
1969-07-24;19.030344;2.2218425;0.010140737;750.0733;1.3307626;90.1538;0.0;-7.3453654e-25;99.99998;-7.345365e-21;0.0030061519;-1.3333149;0.00016391277;1.109615;1.1094437;0.0;0.0;6756.8726;8218.853;-3183.6;6947.04;-926.20886;-2058.1167
1969-07-25;20.43518;3.164978;0.0100695295;751.1497;1.2407867;86.76652;0.0;-7.3453654e-25;100.00519;-7.345365e-21;0.0013470644;-1.3636016;7.4505806e-05;1.0809004;1.0808259;0.0;0.0;6705.4707;8154.4946;-3132.6313;7245.2593;-947.2489;-1971.4323
1969-07-26;20.585867;4.4440513;0.0100619;751.3875;1.4325948;107.01996;0.0;-7.3453654e-25;99.99998;-7.345365e-21;0.0025749204;-1.2788289;0.00014901161;1.0534525;1.0533184;0.0;0.0;6619.9976;8048.7715;-3106.2644;7251.884;-888.3611;-2167.6868
1969-07-27;19.91871;0.4705607;0.0098559065;750.2683;1.2569634;185.42403;0.0;-7.3453654e-25;100.00259;-7.345365e-21;0.0;-1.2344942;0.0;1.026988;1.0269656;0.0;0.0;6797.657;8262.923;-3463.0227;6768.9995;-857.56335;-2132.5845
1969-07-28;18.864899;-1.1037903;0.009760539;748.75555;1.2757752;234.11034;0.0;-7.3453654e-25;99.99998;-7.345365e-21;0.0008523463;-1.1723545;4.4703484e-05;1.0017455;1.0017008;0.0;0.0;6916.6113;8405.651;-3636.899;6414.2983;-814.39557;-2186.5078
1969-07-29;17.72576;0.093699135;0.009920756;747.7463;1.1879616;103.28455;0.0;-7.3453654e-25;99.99998;-7.345365e-21;0.0;-1.1522174;0.0;0.97730756;0.97732246;0.0;0.0;6689.974;8128.3623;-3254.9675;6807.542;-800.4056;-2213.281
1969-07-30;18.227102;3.2962444;0.009616852;748.1487;1.2485652;87.02982;0.0;-7.3453654e-25;99.99998;-7.345365e-21;0.0012987129;-1.060076;7.4505806e-05;0.95391273;0.95385313;0.0;0.0;6180.8765;7508.098;-2912.8867;7233.122;-736.4;-2101.7366
1969-07-31;18.143839;4.8803406;0.010046641;748.9777;1.4633807;80.49244;0.0;-7.3453654e-25;99.99998;-7.345365e-21;0.0017166138;-1.0604328;0.00010430813;0.9313971;0.9313077;0.0;0.0;6315.2476;7669.686;-2959.6938;7208.1274;-736.64667;-2224.689
1969-08-01;17.702902;4.0121865;0.009651184;749.12775;1.5074819;109.2526;0.0;-7.3453654e-25;99.99998;-7.345365e-21;0.03598052;-0.95284355;0.0017881393;0.9114444;0.9096563;0.0;0.0;5938.711;7210.7817;-2861.2117;7145.6646;-661.9089;-2180.0144
1969-08-02;16.899801;1.9193319;0.009676616;748.6077;1.446942;165.08667;0.0;-7.3453654e-25;99.99998;-7.345365e-21;0.0017416824;-1.0071546;8.940697e-05;0.8889288;0.88882446;0.0;0.0;6541.6284;7940.9727;-3121.611;6825.0;-699.63666;-2504.3745
1969-08-03;16.888071;-0.6119893;0.010261536;748.7082;1.3717166;241.65002;0.0;-7.3453654e-25;99.99998;-7.345365e-21;0.0;-0.9722486;0.0;0.868693;0.868693;0.0;0.0;6696.6826;8127.524;-3296.3884;6558.1167;-675.3889;-2502.5088
1969-08-04;16.303955;-0.31856284;0.009727478;749.24634;1.2441744;172.47008;0.0;-7.3453654e-25;99.99998;-7.345365e-21;0.0016900513;-0.9499341;8.940697e-05;0.8493662;0.8492768;0.0;0.0;6677.6953;8102.6904;-3292.7512;6529.065;-659.88776;-2474.8655
1969-08-05;18.058584;-2.6745605;0.009890239;749.6109;1.1179005;105.65032;0.0;-7.3453654e-25;99.99998;-7.345365e-21;0.00043511385;-1.0207127;2.9802322e-05;0.8304864;0.8304715;0.0;0.0;6699.053;8126.751;-3458.0112;6527.844;-709.05444;-2175.9678
1969-08-06;18.378235;-3.4019878;0.009971619;749.0618;1.2664953;114.963135;0.0;-7.3453654e-25;99.99998;-7.345365e-21;0.0017167167;-1.0049827;8.940697e-05;0.8123517;0.8122623;0.0;0.0;6689.4893;8113.318;-3491.7021;6514.8877;-698.1289;-2170.0334
1969-08-07;18.810354;-4.1435547;0.009902954;747.95013;1.372808;108.570885;0.0;-7.3453654e-25;99.99998;-7.345365e-21;0.0004351138;-0.9869309;2.9802322e-05;0.7947087;0.7946789;0.0;0.0;6699.286;8123.3813;-3551.0872;6469.161;-685.58777;-2164.5488
1969-08-08;17.883627;-5.119995;0.010066986;747.59155;1.366302;100.628624;0.0;-7.3453654e-25;99.99998;-7.345365e-21;0.0017117008;-0.9555444;8.940697e-05;0.7777959;0.77769905;0.0;0.0;6692.876;8113.793;-3497.5688;6449.668;-663.7856;-2201.2412
1969-08-09;17.70402;5.142202;0.00987498;749.82446;1.6198698;57.24761;0.0;-7.3453654e-25;99.99998;-7.345365e-21;0.0;-0.90035796;0.0;0.7612854;0.7612854;0.0;0.0;6466.124;7837.18;-3192.5806;6861.2856;-625.4489;-2283.8645
1969-08-10;19.091745;1.1044108;0.009950002;751.02075;1.5025315;96.92066;0.0;-7.3453654e-25;99.99998;-7.345365e-21;0.0012914843;-0.955183;5.9604645e-05;0.7454157;0.74534863;0.0;0.0;6530.439;7913.408;-3271.8171;6912.9653;-663.5333;-2159.6733
1969-08-11;20.46997;0.5241089;0.010136922;751.70776;1.4071198;127.42959;0.0;-7.3453654e-25;99.99998;-7.345365e-21;0.00084638596;-0.8784458;4.4703484e-05;0.7300526;0.7300079;0.0;0.0;5815.6255;7045.656;-2898.6536;7367.5605;-610.2278;-1870.57
1969-08-12;21.21813;-2.64268;0.010214488;752.1284;1.4710218;140.12602;0.0;-7.3453654e-25;99.99998;-7.345365e-21;0.0008583068;-0.9417143;4.4703484e-05;0.71524084;0.71518123;0.0;0.0;6319.2515;7653.9507;-3214.1077;7186.5215;-654.1778;-2063.389
1969-08-13;20.282959;-2.3861592;0.010180156;751.2236;1.4851962;123.37616;0.0;-7.3453654e-25;99.99998;-7.345365e-21;0.0017106531;-0.86884665;8.940697e-05;0.7009059;0.7008165;0.0;0.0;6135.161;7429.436;-3158.2673;7061.0044;-603.5589;-2078.7312
1969-08-14;17.391275;-1.6042887;0.009854634;748.17267;1.5323114;138.6349;0.0;-7.3453654e-25;99.99998;-7.345365e-21;0.0065893237;-0.82006866;0.0003427267;0.68724155;0.6869137;0.0;0.0;6494.8574;7863.219;-3259.254;6704.38;-569.67444;-2517.629
1969-08-15;15.536153;1.068512;0.010046641;748.58905;0.96251005;125.867485;0.0;-7.3453654e-25;99.99998;-7.345365e-21;1.200679;-0.8918736;0.06507337;0.73873997;0.6736666;0.0;0.0;4735.5146;5731.844;-2438.5093;7197.3413;-619.55554;-1697.4366
1969-08-16;16.325378;-1.888977;0.00969696;750.9404;1.325326;120.65868;0.0;-7.3453654e-25;99.99998;-7.345365e-21;0.24154782;-1.2554545;0.012308359;0.67314506;0.6608665;0.0;0.0;6243.6045;7556.459;-3096.1184;6630.3643;-872.12335;-2111.9878
1969-08-17;17.072641;-2.439148;0.009738922;752.3376;1.1632618;107.06671;0.0;-7.3453654e-25;99.99998;-7.345365e-21;0.005373395;-1.1117588;0.0001937151;0.6484091;0.6482154;0.0;0.0;6026.7188;7293.057;-3066.7356;6776.3955;-772.30225;-1904.8611
1969-08-18;18.094046;-2.0707905;0.009970347;753.3212;1.0880797;83.7698;0.0;-7.3453654e-25;99.99998;-7.345365e-21;0.0008583834;-0.97707283;4.4703484e-05;0.63593686;0.63587725;0.0;0.0;6164.793;7459.299;-3125.4976;6936.3;-678.74;-1971.282
1969-08-19;18.944641;-1.3340555;0.009983063;753.9567;1.2255181;52.631165;0.0;-7.3453654e-25;99.99998;-7.345365e-21;0.0014901161;-0.88990855;5.9604645e-05;0.6239414;0.6238818;0.0;0.0;6125.7817;7411.2593;-3146.1143;7031.874;-618.19;-1969.8145
1969-08-20;19.883371;-0.23861694;0.010134379;753.4345;1.2462187;69.020706;0.0;-7.3453654e-25;99.99998;-7.345365e-21;0.0033140169;-0.8492544;0.00016391277;0.6123781;0.6122142;0.0;0.0;6009.0347;7269.137;-3082.8113;7170.649;-589.9489;-1935.2211
1969-08-21;20.121613;-2.3795269;0.009722392;752.366;1.4874076;111.71499;0.0;-7.3453654e-25;99.99998;-7.345365e-21;0.0;-0.8223001;0.0;0.6009042;0.6009191;0.0;0.0;6201.2344;7500.677;-3331.031;6847.201;-571.2244;-2090.3867
1969-08-22;18.375998;-6.658478;0.009924571;751.3903;1.4573039;149.64445;0.0;-7.3453654e-25;99.99998;-7.345365e-21;0.0008523463;-0.75115824;5.9604645e-05;0.5900562;0.590004;0.0;0.0;6331.8403;7657.782;-3513.879;6354.965;-521.80444;-2205.9421
1969-08-23;16.965698;-5.4335938;0.009906769;751.9506;1.2444563;98.602974;0.0;-7.3453654e-25;99.99998;-7.345365e-21;0.0029940612;-0.7541105;0.00014901161;0.57953596;0.5793944;0.0;0.0;6157.2544;7445.666;-3359.0627;6453.0107;-523.85443;-2054.8755
1969-08-24;16.56304;2.538747;0.009880066;754.321;0.9169485;67.305046;0.0;-7.3453654e-25;99.99998;-7.345365e-21;0.11925697;-0.66651684;0.005669892;0.5748123;0.56914985;0.0;0.0;5061.4243;6119.8584;-2605.862;7221.312;-463.00665;-1738.3933
1969-08-25;17.327566;1.3864847;0.009685516;755.0271;0.92461926;93.47833;0.0;-7.3453654e-25;99.99998;-7.345365e-21;0.057810545;-0.7207953;0.0028014183;0.562042;0.5592257;0.0;0.0;5145.8584;6221.255;-2643.8308;7303.722;-500.71335;-1733.68
1969-08-26;15.7052;4.2688904;0.00968806;753.986;1.20179;69.53623;0.0;-7.3453654e-25;99.99998;-7.345365e-21;1.2879372;-0.79453737;0.073730946;0.6233901;0.54965913;0.0;0.0;4807.3784;5811.141;-2501.589;7226.355;-551.9389;-1710.3278
1969-08-27;14.242024;5.9658813;0.009858449;753.2507;1.0579407;62.79706;0.0;-7.3453654e-25;99.99998;-7.345365e-21;3.5778074;-1.1195596;0.2220273;0.7625669;0.5405396;0.0;0.0;4385.9634;5301.213;-2289.5789;7133.8223;-777.7211;-1385.0255
1969-08-28;15.023763;3.0134277;0.009760539;753.9631;1.2445637;38.658813;0.0;-7.3453654e-25;99.99998;-7.345365e-21;0.19571185;-1.8463321;0.009819865;0.5414784;0.5316511;0.0;0.0;5595.6387;6762.6694;-2680.3994;6753.7153;-1282.5856;-1566.2023
1969-08-29;15.214223;1.9844767;0.009915669;755.8742;1.0580279;107.1462;0.0;-7.3453654e-25;99.99998;-7.345365e-21;0.5214751;-1.5386213;0.025182962;0.5480647;0.5228743;0.0;0.0;5047.067;6098.8926;-2457.3594;7029.3345;-1068.8289;-1383.6145
1969-08-30;15.3471575;1.6683146;0.009862264;757.03687;1.3055876;33.858887;0.0;-7.3453654e-25;99.99998;-7.345365e-21;0.19901991;-1.4344435;0.009506941;0.5238354;0.5143285;0.0;0.0;5495.374;6639.8813;-2696.8862;6852.2144;-996.46;-1669.6289
1969-08-31;15.233724;-2.5233357;0.009966533;756.89526;1.2585319;39.36027;0.0;-7.3453654e-25;99.99998;-7.345365e-21;0.0028014183;-1.1722873;0.00014901161;0.50607324;0.5059466;0.0;0.0;5489.251;6631.85;-2908.326;6567.8335;-814.3489;-1656.7933
1969-09-01;14.820943;-0.9031677;0.010033925;755.0223;0.982028;83.32412;0.0;-7.3453654e-25;99.99998;-7.345365e-21;0.67804754;-0.9624567;0.03530085;0.53310394;0.4978031;0.0;0.0;4917.7524;5940.628;-2612.1318;6881.347;-668.58777;-1478.1289
1969-09-02;14.640208;1.1904602;0.009844462;753.95953;1.1201285;97.87719;0.0;-7.3453654e-25;99.99998;-7.345365e-21;0.5036771;-1.0846145;0.025123358;0.51501393;0.48989803;0.0;0.0;5100.171;6160.173;-2611.6956;6908.309;-753.44556;-1580.8689
1969-09-03;15.16452;-0.08680216;0.0101076765;753.3504;1.1580753;107.44589;0.0;-7.3453654e-25;99.99998;-7.345365e-21;0.11635631;-1.0330714;0.005751848;0.48792362;0.48216432;0.0;0.0;5172.5674;6246.8013;-2729.62;6817.339;-717.6411;-1567.5511
1969-09-04;16.331919;-3.4041035;0.0097300215;754.0544;1.1953727;170.4774;0.0;-7.3453654e-25;99.99998;-7.345365e-21;0.0031709669;-0.91866964;0.00014901161;0.4746914;0.47457218;0.0;0.0;5566.6294;6721.805;-2985.862;6625.1865;-638.17;-1740.1956
1969-09-05;16.5448;-5.532959;0.009798686;754.5827;1.2475969;132.14764;0.0;-7.3453654e-25;99.99998;-7.345365e-21;0.0012874597;-0.7715765;5.9604645e-05;0.4671961;0.4671365;0.0;0.0;5476.9634;6612.7295;-3044.5608;6592.06;-535.9878;-1691.0967
1969-09-06;15.944203;-4.5899253;0.010154724;753.0352;1.311942;132.24432;0.0;-7.3453654e-25;99.99998;-7.345365e-21;0.014919043;-0.6325394;0.00074505806;0.4606843;0.45993924;0.0;0.0;4954.6904;5981.5215;-2824.6726;6720.838;-439.40332;-1561.3989
1969-09-07;15.458262;-4.032491;0.0099817915;750.3704;1.4143661;152.72255;0.0;-7.3453654e-25;99.99998;-7.345365e-21;0.0022530556;-0.6007999;8.940697e-05;0.4530549;0.4529506;0.0;0.0;5314.761;6415.4185;-2895.0447;6529.981;-417.35556;-1931.75
1969-09-08;15.073639;-4.9663696;0.009754181;750.57855;1.4541078;235.19524;0.0;-7.3453654e-25;99.99998;-7.345365e-21;0.026071072;-0.59662575;0.0011175871;0.44721365;0.44611096;0.0;0.0;5593.899;6751.541;-3032.4592;6353.7812;-414.45667;-2003.0934
1969-09-09;12.713695;1.3287964;0.009866078;748.45;1.4663941;204.46342;0.0;-7.3453654e-25;99.99998;-7.345365e-21;2.3453832;-1.1434826;0.13411045;0.5736798;0.43956935;0.0;0.0;4635.17;5593.707;-2328.804;6722.6216;-794.34;-1663.3667
1969-09-10;8.162323;3.838267;0.009731293;747.05634;0.8785336;120.47342;0.0;-7.3453654e-25;99.99998;-7.345365e-21;15.07473;-1.844585;0.9621978;1.3957322;0.43354183;0.0;0.0;3483.2317;4202.9185;-1487.2108;7003.972;-1281.3722;-1090.1355
1969-09-11;6.318278;0.6683858;0.0099983215;749.60394;1.9688506;39.709133;0.0;-7.3453654e-25;99.99998;-7.345365e-21;0.08046329;-1.9398053;0.00436604;0.43208897;0.42773038;0.0;0.0;3900.9312;4706.21;-1801.2733;6550.7134;-1347.5172;-1301.3667
1969-09-12;6.416453;-2.057251;0.010111491;752.75073;2.028952;37.11525;0.0;-7.3453654e-25;99.99998;-7.345365e-21;0.00047981727;-2.0958352;2.9802322e-05;0.42188168;0.42185932;0.0;0.0;5436.2275;6558.015;-2785.6978;5452.052;-1455.9078;-1498.6566
1969-09-13;7.670339;-2.298055;0.00993983;754.2322;1.7411934;40.658875;0.0;-7.3453654e-25;99.99998;-7.345365e-21;0.0008583069;-1.9925032;4.4703484e-05;0.41607022;0.41601807;0.0;0.0;5453.7563;6578.419;-2875.8018;5450.2144;-1384.1256;-1300.1244
1969-09-14;9.6091;-1.8407491;0.010050456;753.8079;1.2777159;66.30794;0.0;-7.3453654e-25;99.99998;-7.345365e-21;0.0008523463;-1.8506172;4.4703484e-05;0.41031837;0.41025877;0.0;0.0;5298.0728;6389.8623;-2700.0925;5843.681;-1285.5623;-1209.0466
1969-09-15;9.807851;-1.6433004;0.010073344;752.6123;1.261218;111.62968;0.0;-7.3453654e-25;99.99998;-7.345365e-21;1.2651384;-1.5506111;0.06458163;0.46929717;0.404723;0.0;0.0;4238.6865;5111.5527;-2003.1455;6567.3765;-1077.1578;-1157.2811
1969-09-16;10.623403;-3.6424763;0.010205586;752.1683;1.1750484;192.8896;0.0;-7.3453654e-25;99.99998;-7.345365e-21;0.055400968;-1.5448909;0.002771616;0.40207803;0.39930642;0.0;0.0;4861.565;5857.6196;-2455.3845;6171.703;-1073.1844;-1371.7222
1969-09-17;10.277568;-2.2875366;0.010139465;751.92755;1.1591979;151.56024;0.0;-7.3453654e-25;99.99998;-7.345365e-21;0.11295676;-1.3749609;0.00564754;0.39960444;0.3939569;0.0;0.0;4584.0884;5518.4546;-2311.3635;6335.75;-955.14;-1276.29
1969-09-18;10.8237505;-0.99309283;0.009984334;751.4973;1.3066092;191.2868;0.0;-7.3453654e-25;99.99998;-7.345365e-21;0.0;-1.3073795;0.0;0.3886968;0.38870424;0.0;0.0;4794.7637;5767.0117;-2426.6802;6302.599;-908.1922;-1374.6566
1969-09-19;11.384735;-0.1566569;0.009933472;751.09033;1.1738867;209.67554;0.0;-7.3453654e-25;99.99998;-7.345365e-21;0.0008523463;-1.1608675;5.9604645e-05;0.3835857;0.383541;0.0;0.0;4924.0396;5917.375;-2560.4758;6210.7354;-806.4167;-1505.0967
1969-09-20;10.906372;-3.0765889;0.009979248;751.43036;1.0974888;135.89352;0.0;-7.3453654e-25;99.99998;-7.345365e-21;0.024231704;-1.0949783;0.0012516975;0.3797412;0.3784746;0.0;0.0;4883.2593;5863.2466;-2676.3687;6115.133;-760.64557;-1356.8922
1969-09-21;11.389577;-4.6356606;0.010164897;752.69464;1.1389042;124.139534;0.0;-7.3453654e-25;99.99998;-7.345365e-21;0.0015597306;-0.9927135;5.9604645e-05;0.3735423;0.3734678;0.0;0.0;4989.8105;5985.953;-2785.3826;6070.778;-689.605;-1410.5433
1969-09-22;11.0659685;-8.408661;0.009984334;752.9849;1.1856438;192.63145;0.0;-7.3453654e-25;99.99998;-7.345365e-21;0.0008587583;-0.818179;4.4703484e-05;0.36863983;0.36858022;0.0;0.0;5130.8335;6149.8105;-3042.6553;5682.067;-568.36224;-1541.7589
1969-09-23;10.582164;-4.131439;0.010150909;753.4209;1.0821766;198.94402;0.0;-7.3453654e-25;99.99998;-7.345365e-21;0.05252456;-0.5982937;0.0026077032;0.36646426;0.36385655;0.0;0.0;4197.141;5026.352;-2352.4448;6318.5186;-415.61557;-1365.6722
1969-09-24;11.389913;-2.1460369;0.010128021;754.072;1.1233479;111.762695;0.0;-7.3453654e-25;99.99998;-7.345365e-21;0.0008583069;-0.67215693;5.9604645e-05;0.3592372;0.3592074;0.0;0.0;4880.7266;5839.878;-2671.7417;6255.6978;-466.92444;-1539.2134
1969-09-25;11.002289;-3.1904805;0.010007222;751.68604;1.2893167;178.20416;0.0;-7.3453654e-25;99.99998;-7.345365e-21;0.00087022776;-0.5856948;5.9604645e-05;0.35464764;0.35461783;0.0;0.0;4834.122;5778.9893;-2727.5793;6100.32;-406.8622;-1660.4022
1969-09-26;10.848419;-7.1542664;0.009969075;749.43646;1.3268875;247.48627;0.0;-7.3453654e-25;99.99998;-7.345365e-21;0.0008523463;-0.536995;5.9604645e-05;0.3501773;0.3501475;0.0;0.0;4852.3135;5795.7783;-2866.6384;5833.9927;-373.03333;-1676.6067
1969-09-27;9.631805;-9.222941;0.010064443;750.518;1.2423872;192.57509;0.0;-7.3453654e-25;99.99998;-7.345365e-21;0.0;-0.5040728;0.0;0.34576654;0.34578145;0.0;0.0;4986.226;5950.488;-3046.5298;5495.1787;-350.16333;-1661.5377
1969-09-28;9.735321;-9.131592;0.009757996;752.5943;1.1273777;263.64355;0.0;-7.3453654e-25;99.99998;-7.345365e-21;0.00086128706;-0.4830584;4.4703484e-05;0.34154952;0.3415048;0.0;0.0;4852.485;5786.0234;-2904.0222;5645.567;-335.56332;-1585.1455
1969-09-29;10.350993;-7.1880593;0.009864807;755.18805;1.1908914;234.08852;0.0;-7.3453654e-25;99.99998;-7.345365e-21;0.0;-0.47911888;0.0;0.3373176;0.3373176;0.0;0.0;4763.634;5675.1685;-2777.2373;5860.4766;-332.82834;-1587.4333
1969-09-30;10.750539;-5.476898;0.009722392;756.4256;1.1413554;130.93336;0.0;-7.3453654e-25;99.99998;-7.345365e-21;0.0027686355;-0.48994926;0.00013411045;0.33333898;0.33318996;0.0;0.0;4606.1895;5482.8623;-2712.4617;6036.5327;-340.3511;-1411.44
1969-10-01;11.610393;-3.345988;0.009863536;756.2775;1.0050188;149.51714;0.0;-7.3453654e-25;99.99998;-7.345365e-21;0.14708665;-0.51437503;0.0068694353;0.33600628;0.3291443;0.0;0.0;4507.7817;5361.116;-2569.9832;6332.371;-357.32;-1353.7533
1969-10-02;11.396881;-1.0434672;0.009962718;753.9346;1.1012028;137.09576;0.0;-7.3453654e-25;99.99998;-7.345365e-21;1.007551;-0.5521607;0.05298853;0.37825108;0.32526255;0.0;0.0;3519.326;4181.92;-1984.3933;6806.7847;-383.56778;-1101.211
1969-10-03;11.987742;-4.379415;0.010023753;752.8269;1.2610044;252.34541;0.0;-7.3453654e-25;99.99998;-7.345365e-21;0.00085234636;-0.73476505;4.4703484e-05;0.32149255;0.32144785;0.0;0.0;4671.148;5545.838;-2805.5186;5921.027;-510.41666;-1419.6722
1969-10-04;11.077922;-1.5671488;0.010019938;755.63446;0.98875666;214.65593;0.0;-7.3453654e-25;99.99998;-7.345365e-21;0.5424619;-0.5988311;0.026538968;0.34426153;0.31772256;0.0;0.0;3806.3677;4515.301;-2140.8206;6517.548;-415.9878;-1145.5634
1969-10-05;10.527486;0.8208618;0.01010259;755.7405;0.91244787;222.01515;0.0;-7.3453654e-25;99.99998;-7.345365e-21;1.3901442;-0.70882213;0.06701052;0.3811717;0.31416118;0.0;0.0;3378.5874;4004.6533;-1883.5172;6727.2544;-492.39667;-993.6311
1969-10-06;11.03478;1.9911295;0.010054271;754.29834;1.4020103;159.93736;0.0;-7.3453654e-25;99.99998;-7.345365e-21;0.979885;-0.9735841;0.051274896;0.3619194;0.3106445;0.0;0.0;3909.771;4629.9854;-2031.5094;6646.299;-676.31665;-1189.7067
1969-10-07;7.1722107;4.315603;0.010011037;751.8995;0.9595509;254.06543;0.0;-7.3453654e-25;99.99998;-7.345365e-21;16.663868;-1.2910049;1.1338443;1.4411509;0.3073141;0.0;0.0;2516.186;2977.3208;-1178.0361;7101.562;-896.8189;-728.35114
1969-10-08;6.9823303;3.281545;0.010009766;753.3886;0.9305882;158.90703;0.0;-7.3453654e-25;99.99998;-7.345365e-21;1.3148785;-1.5507871;0.082820654;0.38693845;0.30411035;0.0;0.0;3403.5059;4023.3264;-1597.4462;6655.5176;-1077.28;-886.7167
1969-10-09;7.7100015;3.039561;0.0100364685;755.948;0.919902;113.38416;0.0;-7.3453654e-25;99.99998;-7.345365e-21;2.6651113;-1.505238;0.18531084;0.4862249;0.3009215;0.0;0.0;2889.2231;3412.479;-1409.2886;6871.029;-1045.6389;-681.89
1969-10-10;7.9248757;2.3216248;0.010042827;756.5991;1.1695472;108.28826;0.0;-7.3453654e-25;99.99998;-7.345365e-21;0.0021457663;-1.7112978;0.00011920929;0.2978146;0.2977103;0.0;0.0;3866.7722;4563.1626;-1848.6056;6510.792;-1188.7816;-883.32
1969-10-11;9.601013;1.0296732;0.010157268;754.9343;1.1314938;132.67542;0.0;-7.3453654e-25;99.99998;-7.345365e-21;0.0017285338;-1.7444808;0.00010430813;0.29459596;0.29449165;0.0;0.0;4304.024;5075.035;-2228.9312;6180.721;-1211.8323;-730.00446
1969-10-12;10.356893;-0.95821124;0.009962718;753.0285;1.1222302;178.05803;0.0;-7.3453654e-25;99.99998;-7.345365e-21;0.013306737;-1.6591847;0.00074505806;0.29206276;0.2913177;0.0;0.0;3999.2478;4711.613;-2209.2195;6224.556;-1152.58;-731.1578
1969-10-13;7.46168;1.4185995;0.00976181;752.2744;1.0936483;174.16173;0.0;-7.3453654e-25;99.99998;-7.345365e-21;1.2561232;-1.167206;0.06946921;0.35776198;0.28827786;0.0;0.0;3157.4294;3716.8044;-1705.3828;6490.433;-810.82;-834.4267
1969-10-14;6.6325073;0.9722087;0.009960175;753.4785;1.2295502;63.05333;0.0;-7.3453654e-25;99.99998;-7.345365e-21;0.036597252;-1.2861676;0.0019073486;0.28723478;0.28531998;0.0;0.0;3416.6338;4017.92;-1648.3334;6616.1445;-893.45776;-976.76776
1969-10-15;4.881144;1.7748108;0.010116577;751.562;0.93535835;62.724503;0.0;-7.3453654e-25;99.99998;-7.345365e-21;12.555557;-1.1629369;0.9460896;1.2285262;0.2824217;0.0;0.0;2582.135;3034.1667;-1054.3767;7051.411;-807.85443;-804.79
1969-10-16;5.074392;2.0155945;0.009864807;751.9665;0.9124544;63.429333;0.0;-7.3453654e-25;99.99998;-7.345365e-21;4.096389;-1.389321;0.31253695;0.59220195;0.2796501;0.0;0.0;2745.034;3224.3677;-1331.8038;6738.4043;-965.115;-682.18555
1969-10-17;4.4397483;1.6531982;0.009838104;751.9065;0.8641319;70.19912;0.0;-7.3453654e-25;99.99998;-7.345365e-21;6.247242;-1.4631022;0.50863624;0.7855743;0.27694553;0.0;0.0;2903.3833;3409.409;-1343.7789;6650.4443;-1016.3689;-738.9878
1969-10-18;4.23173;1.798584;0.009930928;749.73236;0.9802248;158.7848;0.0;-7.3453654e-25;99.99998;-7.345365e-21;2.980545;-1.3929662;0.23755431;0.51184;0.27429312;0.0;0.0;2946.6943;3459.4766;-1432.2833;6529.6255;-967.64667;-754.4078
1969-10-19;3.227193;2.529195;0.00995636;745.788;0.8007254;240.79536;0.0;-7.3453654e-25;99.99998;-7.345365e-21;6.405979;-0.9430256;0.54883957;0.82060695;0.27173758;0.0;0.0;1397.2089;1640.185;-406.53223;7460.171;-655.08887;-538.6922
1969-10-20;2.857666;2.4243877;-0.012023926;745.96735;0.7319112;182.283;0.22932942;3.6120415e-05;103.58071;0.28483072;12.17784;-0.88996255;1.1731684;1.4424473;0.26927143;0.002808869;0.21353364;1168.0461;1370.7655;-381.17612;7386.0327;-618.2267;-443.90668
1969-10-21;3.948639;2.3426716;0.0028635662;750.6336;0.60281694;111.02072;1.204834;0.00016307831;138.29327;1.3834635;17.877823;-1.0528239;2.0932703;2.3601353;0.26685745;0.07830188;0.0;1388.3739;1643.4205;-449.97333;7387.3013;-731.3356;-330.31445
1969-10-22;4.0871377;1.4651693;-2.1461258;751.3078;0.8844498;156.03667;0.6107585;8.932749e-05;150.1367;0.9765625;0.44429004;-1.3756566;0.04979968;0.3142357;0.2644509;0.06024167;0.0;2590.0745;3049.53;-1183.4534;6770.0776;-955.61444;-680.5222
1969-10-23;2.599416;0.77738446;-1.2049536;749.1197;1.1055228;161.69234;0.35099283;5.1697094e-05;150.30988;0.32552084;2.4634333;-1.3591415;0.24013221;0.50221384;0.26208162;0.028742477;5.2154064e-05;2687.8584;3157.9421;-1137.1328;6701.9756;-944.1411;-758.9878
1969-10-24;1.1071981;0.34999594;-1.6112493;748.55255;0.9144117;220.029;0.3363444;5.2372616e-05;152.11131;-7.345365e-21;6.12455;-1.1286614;0.69989264;0.9597391;0.259839;0.017179176;0.04184246;1979.6561;2323.6023;-892.7461;6747.2446;-784.0322;-677.23553
1969-10-25;2.4930012;-2.7272441;-6.8603287;752.2177;0.92631245;126.88031;0.3256836;4.907449e-05;153.88246;-7.345365e-21;0.00042617318;-1.416713;0.0040382147;0.26167184;0.25763363;0.02925098;0.0;3426.575;4021.5754;-2066.8228;5516.586;-984.1472;-655.07666
1969-10-26;3.924235;-2.5128682;-6.4445624;754.3628;0.819103;153.37083;0.17911784;2.6782354e-05;153.8828;-7.345365e-21;0.0004276632;-1.3363538;0.0023916364;0.2578348;0.25544316;0.017659739;0.0;3407.226;3994.0278;-2017.3811;5629.151;-928.32166;-514.25775
1969-10-27;3.0659485;-0.5394287;-4.1059127;749.3941;1.0948884;202.76347;0.09440104;1.4026959e-05;153.8828;-7.345365e-21;0.5776465;-1.2026159;0.055387616;0.30870736;0.2533272;0.009674579;0.0;3291.195;3855.141;-1642.8245;6059.8354;-835.4211;-646.1445
1969-10-28;1.473704;-1.2988485;-1.8910675;743.86884;1.3415604;218.41005;0.053955078;8.225441e-06;153.40656;-7.345365e-21;0.9150058;-1.2175106;0.083491206;0.3347844;0.25129318;0.0046100467;0.007804483;2488.946;2913.639;-1086.1161;6614.5767;-845.7733;-764.2033
1969-10-29;-2.06368;-2.9664955;-4.6272864;741.3934;1.3022205;213.4211;15.216228;0.002331376;139.54002;15.82845;8.1510725;-1.0134336;0.37431717;0.6236732;0.24935603;0.37900358;4.7798195;1966.8317;2413.5479;-1017.1789;6211.142;-705.0722;-815.80225
1969-10-30;-2.073817;-9.979477;-11.155045;747.12823;0.8821006;181.5991;26.406576;0.0038972695;149.46678;26.570639;0.0;-1.0792938;0.09724498;0.34469366;0.24745613;0.7524919;0.0;3197.7966;4396.202;-2269.8806;4574.932;-756.63556;-538.7389
1969-10-31;-0.4709066;-8.395389;-9.981305;749.55304;0.9461699;212.83716;20.251059;0.0030205648;151.04881;20.304361;0.00042617318;-0.95026755;0.110812485;0.35637617;0.24556369;0.8625593;0.0;3269.1833;4307.533;-2227.7366;4800.0527;-664.5294;-479.35
1969-11-01;0.012166341;-7.9936523;-6.569105;748.50507;0.7650024;230.45158;16.288004;0.00250566;149.56996;16.642252;2.4031253;-0.7242123;0.094011426;0.33774972;0.2437383;0.555085;2.0863712;2770.1277;3531.41;-1531.2347;5653.352;-506.8211;-441.04
1969-11-02;-0.55048627;-1.2229525;-0.2657064;746.46014;0.6273856;58.66199;82.675865;0.012381117;139.95277;86.42578;23.610899;-0.12641773;1.6035736;1.8455535;0.24199486;1.3330877;12.417186;249.055;667.4411;-5.3175;7254.297;-93.51889;-81.07333
1969-11-03;-1.2925924;-3.9969852;-4.5828643;749.70197;0.94063276;59.1741;93.87069;0.014974634;151.72166;98.91764;0.9958297;-0.13855845;0.5362034;0.7765144;0.24029613;3.6929529;0.8201711;993.70776;3051.8188;-1019.4;5829.318;-98.28;-77.43889
1969-11-04;-2.114156;-9.000229;-8.121304;752.1279;1.2222177;58.566257;77.17269;0.011667569;152.88246;76.66016;0.0023841858;-0.43033993;0.45013428;0.6887615;0.2386272;3.053505;0.0015161932;1796.4395;4087.0657;-1430.3484;5150.8066;-301.4411;-126.14667
1969-11-05;2.2861125;-7.359755;-7.446602;754.9511;1.0483296;54.74835;57.137775;0.008648117;153.55531;56.681316;0.0;-0.6014183;0.44423342;0.6812364;0.23700297;2.973128;0.0;2253.561;4057.5432;-1597.6505;5292.231;-419.29443;-102.70333
1969-11-06;1.4168396;-4.285482;-8.048897;751.92365;0.9821126;209.53658;39.56779;0.005994757;154.04881;39.347332;0.0008583069;-0.7054564;0.36345422;0.59889257;0.23543835;2.4078152;0.0;2623.2273;3999.7034;-1825.8339;5186.4775;-490.57224;-244.50223
1969-11-07;-0.08973185;-1.9051615;-2.6262639;747.24384;0.9734115;235.64137;29.364584;0.0045092106;153.5921;29.459635;2.9553027;-0.70207566;0.4005432;0.63449144;0.23394823;1.3292525;0.98230314;2226.5427;3092.2244;-898.80334;6402.278;-491.03665;-493.38
1969-11-08;-2.0923665;-2.439555;-0.8292923;743.68524;1.0307876;213.01593;62.915447;0.011304498;145.69106;76.4567;21.520987;-0.44535938;0.2552569;0.4878044;0.23255497;0.6629694;19.440952;899.6372;1486.4445;-401.03055;6803.711;-317.33722;-341.0311
1969-11-09;-5.594055;-10.062831;-9.702628;747.0289;0.88893217;115.29034;100.0;0.025173346;143.81769;175.9847;0.51644444;-0.12143422;0.01680851;0.24804473;0.23120642;0.1313705;0.47491863;944.56055;3629.3066;-1347.7134;4877.633;-87.634445;-55.738888
1969-11-10;-6.9560056;-13.913877;-14.844518;750.68976;1.3918835;24.319708;100.0;0.025056839;151.45668;165.48665;0.0004351138;-0.10217726;0.021472573;0.2513826;0.22991747;0.16339496;7.4505806e-06;1134.605;4105.053;-1392.7672;4290.1724;-72.27333;48.826668
1969-11-11;-3.8896153;-14.8087015;-10.80198;750.0745;1.3313122;50.3087;99.41138;0.024705648;153.89256;160.7666;0.0008523463;-0.1802193;0.05120039;0.2798438;0.22864342;0.39453804;0.0;1141.0105;3932.0044;-1282.5638;4791.3735;-130.87666;33.386665
1969-11-12;-2.997424;-9.272487;-10.040861;751.73676;1.5368112;21.947515;98.398766;0.023907065;156.14484;153.44238;0.0;-0.16189739;0.13898313;0.36640465;0.22741407;0.977587;0.0;1226.83;3899.729;-1464.0222;4710.9766;-117.117775;26.355556
1969-11-13;-3.886655;-11.979568;-10.717491;750.13715;1.2122347;49.88145;96.60718;0.022645315;157.41925;143.79883;0.0012976461;-0.16581826;0.20229816;0.4285276;0.22621453;1.3949983;0.0;1328.2134;3908.4343;-1475.2039;4654.971;-118.60222;9.78
1969-11-14;-2.6452637;-11.988296;-10.105924;750.73096;1.131559;50.6852;93.60034;0.020868817;158.61847;131.75456;0.0;-0.18138252;0.29079616;0.5158484;0.22506714;1.969358;0.0;1423.1411;3844.4822;-1465.0278;4764.9077;-129.3339;7.347778
1969-11-15;-1.632721;-9.769898;-9.347751;751.4746;1.171145;38.837116;90.711426;0.018606305;159.71873;116.82129;0.0;-0.1680376;0.35946816;0.58339536;0.2239272;2.3914723;0.0;1506.2644;3782.7412;-1433.7267;4903.042;-119.496666;-8.378889
1969-11-16;-0.8788541;-8.05806;-9.715117;750.0645;1.0837382;41.36677;88.46346;0.015868425;160.71156;99.32455;0.0021444212;-0.15302561;0.4490465;0.67187846;0.22283196;2.9215944;0.0;1561.1884;3693.84;-1598.0544;4747.9062;-107.86222;-7.981111
1969-11-17;-1.7543398;-10.760514;-11.017242;751.5884;1.112565;39.599163;80.90796;0.0131965475;161.47948;82.31608;0.00084851595;-0.19974169;0.37609786;0.5978793;0.22178143;2.3995209;0.0;1734.5172;3746.5144;-1791.0067;4435.47;-144.25333;-44.386665
1969-11-18;-1.1527113;-10.5480585;-9.770797;751.44244;0.9955632;80.97552;66.373535;0.010678093;162.08788;66.16211;0.0013069339;-0.263243;0.39561093;0.61640143;0.2207905;2.4843645;0.0;1947.1616;3588.2388;-1682.0878;4807.2476;-188.80112;-128.17223
1969-11-19;0.26008096;-7.0265403;-8.975582;752.0462;0.87914866;129.08257;50.45215;0.008120139;162.60675;50.08952;0.0004351138;-0.311872;0.40830672;0.62814355;0.21982193;2.527211;0.0;2191.8928;3510.2644;-1750.7261;4994.6724;-219.49;-161.7889
1969-11-20;-0.17580159;-3.6164653;-7.635549;751.70514;0.79387265;183.97578;37.6674;0.006088098;163.00096;37.475586;0.013369322;-0.24281628;0.27656555;0.4954636;0.21889806;1.6912892;0.00017136335;2085.6895;3032.7688;-1594.1938;5324.8076;-170.51666;-233.8189
1969-11-21;-0.8008321;-5.4005837;-8.963317;753.2321;0.9451613;46.89139;27.927979;0.0045134625;163.30663;27.42513;0.00087868114;-0.4309751;0.24621189;0.46421587;0.21801144;1.5055984;0.0;2539.8862;3453.77;-1977.4922;4949.379;-300.37888;-288.96445
1969-11-22;0.11205038;-6.925659;-9.841;754.2807;1.2007135;28.45458;20.092855;0.0032511551;163.51105;19.53125;0.0;-0.4190337;0.18021464;0.39738417;0.21713972;1.1038147;0.0;2691.271;3484.99;-2201.91;4755.5854;-291.91333;-199.55222
1969-11-23;0.6130168;-8.996196;-8.906429;754.5745;0.9642072;117.97323;14.548177;0.0023588736;163.65297;14.322917;0.0004351138;-0.44105017;0.120550394;0.33687055;0.2163127;0.7409677;0.0;2671.565;3347.8845;-2006.3756;5034.8755;-307.55222;-226.22667
1969-11-24;0.9192098;-8.848887;-7.8420396;754.9841;0.64471793;213.4773;10.68929;0.0017350515;163.77147;10.864258;0.0;-0.42324328;0.08653104;0.30204654;0.2155155;0.5353801;0.0;2028.6788;2487.1133;-1572.2561;5500.7983;-294.6411;-193.93889
1969-11-25;-1.045461;-4.6464944;-6.4741707;754.44135;0.7457225;165.62521;8.705159;0.0014037689;161.23534;9.073894;1.4030577;-0.39109123;0.19952655;0.4143119;0.21475554;0.3976673;0.21733344;2024.14;2451.4368;-1343.3645;5780.8955;-272.72888;-352.33112
1969-11-26;-0.3312378;-2.9752197;-7.9012604;753.8935;0.8376861;98.89794;6.6753745;0.0010536114;160.09991;6.4697266;0.0013887875;-0.50481594;0.07455051;0.2885759;0.21401048;0.46312436;0.00010430813;2566.861;3082.5623;-1817.0155;5319.528;-350.66888;-353.90112
1969-11-27;1.3005066;-3.530487;-8.395677;752.37445;0.9572358;103.5249;4.311605;0.0006798506;160.14972;4.272461;0.0;-0.46499634;0.05105138;0.2643168;0.21328777;0.3198795;0.0;2750.9568;3265.1768;-2068.9978;5122.5513;-322.9289;-214.91556
1969-11-28;2.6051533;-4.4498496;-6.506742;750.6967;0.9091406;117.844505;2.715332;0.00042808056;160.18292;3.2552083;0.0024169683;-0.48241857;0.033646822;0.24621189;0.21257252;0.21058135;0.0;2653.2795;3124.7534;-1693.8112;5609.6;-335.14777;-187.42
1969-11-29;2.0785828;-3.3594055;-5.152639;749.5557;0.7656095;173.07054;1.7042643;0.00026881695;160.12596;2.2379558;0.028073788;-0.6164769;0.022649765;0.23452938;0.21186471;0.12936816;0.0059232116;2574.6294;3017.5522;-1598.8066;5771.069;-428.32333;-278.80554
1969-11-30;-1.4074503;-3.0721233;-3.3198574;748.6839;0.64567816;142.79198;10.249919;0.0015751123;135.43878;11.433919;6.019205;-0.29059872;0.07092953;0.28210878;0.21119416;0.12896955;5.4487586;1205.3905;1434.9478;-626.1839;6599.5454;-202.65445;-286.01334
1969-12-01;-5.1147866;-6.132273;-6.092489;747.5308;0.7232041;165.40276;85.767334;0.010638714;121.22068;86.79199;6.6691217;-0.18182862;0.12297928;0.3335178;0.2105385;0.68989027;6.3078403;901.4678;2337.828;-743.36835;5919.4756;-135.38333;-228.59111
1969-12-02;-4.813009;-8.7368555;-11.156991;748.83246;0.88203484;72.169395;81.74349;0.011512081;142.85252;81.38021;0.001828087;-0.20619947;0.11327118;0.32318383;0.20991266;0.75274706;0.00010803342;1339.5978;3240.74;-1517.8761;4697.891;-149.1489;-116.384445
1969-12-03;-3.6066895;-7.2379265;-10.973166;749.2028;0.8855521;186.24876;71.06681;0.010679483;150.84698;70.7194;0.0004351138;-0.16661733;0.119291246;0.3286004;0.20929426;0.783775;0.0;1461.5011;2991.0278;-1452.0233;4829.172;-122.19722;-167.58444
1969-12-04;-2.2562256;-4.443573;-4.0442023;747.89014;0.7838941;217.32802;70.22697;0.010768811;149.30727;71.492516;6.7165303;-0.18245262;0.12774765;0.33645332;0.20870566;0.7747486;6.3745193;1040.1417;1959.8633;-577.5256;6308.4487;-136.88222;-199.1311
1969-12-05;-3.2651978;-3.8738506;-2.6914546;746.4025;0.606584;170.844;99.97086;0.023747405;139.57355;169.18945;8.360567;-0.09973068;0.00059604645;0.20870566;0.20810962;0.0053830445;8.259416;425.10443;1597.3112;-415.01834;6569.18;-78.31555;-143.54445
1969-12-06;-7.0177293;-10.440383;-11.056378;749.6294;1.2614056;23.900276;100.0;0.025311192;151.2962;167.07356;0.0048252805;-0.014351681;0.015407801;0.22293627;0.20752847;0.10498986;0.0026859343;907.93335;3110.891;-1217.5677;4819.089;-10.911111;-40.345554
1969-12-07;-8.053088;-12.522008;-12.923673;748.908;1.3139681;29.922522;100.0;0.025188407;152.95961;164.51009;0.0031769276;-0.009868294;0.017210841;0.22417307;0.20696223;0.12636557;0.002745539;980.9622;3193.119;-1312.4316;4562.1978;-8.022778;-21.828888
1969-12-08;-6.589144;-13.921725;-14.8314085;748.7187;1.1592847;148.44666;100.0;0.025054932;154.51366;162.028;0.0008488872;-0.03569573;0.013656914;0.2200678;0.20641088;0.09408966;0.0;1039.7089;3246.4443;-1393.8177;4308.2397;-28.582222;25.668888
1969-12-09;-6.376288;-13.417656;-14.291696;751.6826;1.1468507;89.64361;100.0;0.02485446;156.03058;159.5459;0.0;-0.02601184;0.028923154;0.2347827;0.20586699;0.21411106;0.0;1046.4211;3145.811;-1440.9127;4277.433;-20.97889;41.74222
1969-12-10;-6.203448;-15.184082;-13.702552;752.4549;1.2055922;47.419403;100.0;0.024478396;157.36327;155.68034;0.0;-0.049450435;0.060498714;0.2658218;0.20533055;0.4247874;0.0;1116.8016;3223.7678;-1480.7722;4293.3755;-39.287777;38.737778
1969-12-11;-5.15391;-13.738042;-12.373462;751.9404;1.1641275;63.235336;99.91431;0.024080554;160.40916;150.26855;0.00084939867;-0.050929375;0.03749132;0.24226308;0.20480156;0.28208643;0.0;1145.1194;3165.7178;-1357.4086;4547.227;-40.38778;22.926666
1969-12-12;-2.4246724;-11.646221;-7.279381;748.9827;0.8519461;124.08555;98.23324;0.023195704;162.55988;142.6595;2.468479;-0.13963133;0.232324;0.43660402;0.20428002;1.5252233;1.6422011;1142.1561;2984.8132;-1056.8883;5345.505;-108.15222;-44.537777
1969-12-13;-5.3423667;-6.313507;-4.3053346;742.4611;0.8541805;222.45343;99.9917;0.035500806;149.13898;235.83984;13.734487;-0.10354258;0.0010579824;0.20481646;0.20376593;0.0;13.575069;478.53723;1728.2911;-390.91;6364.023;-81.513336;-155.77
1969-12-14;-6.554689;-8.153811;-7.5314918;744.7866;0.66650456;148.17804;100.0;0.039907616;151.47003;263.38705;0.22770001;-0.028320588;0.0;0.20326674;0.20325929;0.0;0.22341311;690.1939;2597.2156;-730.85114;5695.782;-22.406666;-107.14333
1969-12-15;-9.991861;-12.834392;-14.602962;744.6892;0.9675215;99.000465;100.0;0.04006207;152.9186;262.4105;0.015757944;0.010628253;0.0;0.2027601;0.20276755;0.0;0.012394041;831.94666;3048.2334;-1222.4547;4484.374;8.057777;-38.856667
1969-12-16;-10.907341;-14.263768;-14.336085;745.5511;0.9785938;195.3908;100.0;0.040071804;154.26593;260.05045;0.01989603;-0.01754053;0.0;0.20229816;0.20227581;0.0;0.016108155;731.28613;2609.8755;-834.82666;4951.602;-14.018888;-67.236664
1969-12-17;-6.579539;-9.071011;-8.20051;748.8444;0.8062034;249.29395;100.0;0.040626407;154.18;263.30566;1.466155;-0.07362291;0.0;0.20179152;0.20179152;0.0;1.4617741;425.3578;1481.0989;-53.926666;6382.762;-58.04111;-74.28778
1969-12-18;-5.073059;-5.822889;-4.1809144;746.7684;1.2734776;204.86266;100.0;0.049048662;149.36229;326.41602;25.869068;-0.10241382;0.0;0.20131469;0.20131469;0.0;25.674812;278.18112;988.5789;-124.55334;6677.6255;-80.64778;-147.56223
1969-12-19;-6.052568;-11.444965;-9.423882;749.3164;0.62824553;220.05261;100.0;0.06756171;150.36945;450.39877;0.050542176;-0.015379861;0.0;0.20085275;0.2008453;0.0;0.047162175;699.5589;2984.7166;-1099.8461;5053.472;-12.182222;-67.39333
1969-12-20;-4.6101213;-9.237088;-11.34;750.15497;0.6462863;259.26834;100.0;0.06779667;154.04457;440.10416;2.4801226;0.029931776;0.0;0.20039082;0.20037591;0.0;2.2125542;552.4678;2292.8977;-377.48444;5757.188;23.386667;0.8811111
1969-12-21;-1.9671224;-2.872589;-3.441681;751.1411;0.69032073;225.16418;100.0;0.07502965;153.67674;487.95572;3.687372;-0.012373552;0.0;0.19994378;0.19992143;0.0;3.1739287;480.06;1999.2611;-197.46222;6742.07;-9.748889;-88.242226
1969-12-22;-0.7304077;-0.96313477;-0.6668701;750.81903;0.43877408;204.60309;100.0;0.075928055;163.74022;464.96582;4.1601596;-0.038473867;0.35607815;0.5555451;0.19946694;0.28703177;0.8806288;373.42056;1352.6866;-34.01389;7212.9517;-30.051111;-99.26556
1969-12-23;-2.3177593;-2.6208904;-0.15327962;744.1204;0.48789755;156.6289;100.0;0.09359559;162.56183;573.32355;39.26819;-0.14312752;0.73960423;0.93859434;0.19901991;0.31442195;33.544174;155.54388;573.70557;-154.39944;6991.6177;-112.01111;-134.90111
1969-12-24;-4.4836807;-5.4012413;-1.4154205;745.0928;0.7808404;178.34166;100.0;0.11409374;159.40004;716.6341;2.0265882;-0.19120239;0.0;0.19855797;0.19856542;0.0;1.9737482;605.5983;2279.3354;-781.61664;6089.6367;-147.30667;-178.15334
1969-12-25;-6.9450035;-9.62865;-7.5057945;747.75507;0.80043954;160.50533;100.0;0.11446468;167.55011;683.63446;0.012169521;-0.08103438;0.0;0.19811094;0.19811839;0.0;0.0071004033;831.625;2825.6167;-1289.0906;4953.42;-60.47333;-109.024445
1969-12-26;-8.662797;-10.808902;-10.639352;744.0848;0.9311614;124.68341;100.0;0.11636492;170.0628;683.63446;5.170921;-0.009406358;0.0;0.1976788;0.1976788;0.0;5.129565;675.3567;2246.2056;-545.5561;5670.7153;-5.48;-50.734444
1969-12-27;-8.86509;-10.227853;-10.52036;744.63715;0.849961;182.54665;100.0;0.120339476;170.25877;706.70575;1.157114;0.0051837415;0.0;0.19726157;0.19725412;0.0;1.1532829;512.6211;1861.3611;-546.79;5604.7;5.213333;-37.762222
1969-12-28;-11.190133;-13.630081;-12.301273;746.49054;1.080087;155.5887;100.0;0.12093993;173.96092;695.6787;0.065624714;-0.028697774;0.0;0.19684434;0.19683689;0.0;0.0618957;807.2867;2916.6255;-1048.0278;4830.4565;-20.193333;-76.16333
1969-12-29;-10.815534;-16.286133;-14.964577;745.61597;1.0412343;79.94491;100.0;0.12100434;177.1712;682.9834;0.007647276;-0.025812536;0.0;0.1964271;0.1964271;0.0;0.00680238;857.58777;3030.26;-1081.5984;4598.246;-17.747778;-12.735556
1969-12-30;-8.172443;-12.610326;-14.313797;741.9692;0.5333917;272.0601;100.0;0.12262484;177.13148;690.9587;7.212433;-0.0058189034;0.0;0.19602478;0.19602478;0.0;7.2072597;718.5;2481.25;-323.15027;5619.7617;-2.8455555;-6.3188887
1969-12-31;-6.7502236;-7.5585556;-8.23568;740.1875;0.84835523;222.55182;100.0;0.13171673;167.96678;783.24384;6.413173;-0.011650845;0.0;0.19563735;0.1956299;0.0;6.4088254;366.81668;1445.1167;-65.83667;6462.273;-8.082222;-69.55778
1970-01-01;-7.749987;-9.522611;-9.151999;745.25433;0.72557086;165.37813;100.0;0.1354018;170.3382;795.36945;0.26954693;-0.02035778;0.0;0.19523501;0.19523501;0.0;0.26642904;736.0256;2951.77;-987.68225;5177.4556;-13.277778;-67.69666
1970-01-02;-7.1777177;-13.925064;-12.706033;749.59344;0.944763;60.76005;100.0;0.13547623;175.1966;774.04785;0.0037193298;-0.028438866;0.0;0.19484758;0.19484758;0.0;0.0032894313;815.3039;3183.1833;-1289.4578;4517.084;-19.084444;26.314444
1970-01-03;-6.313544;-14.118762;-15.934806;750.6932;0.8652084;327.79626;100.0;0.135494;178.68097;758.78906;0.0004263717;0.0006631017;0.0;0.19447505;0.19446015;0.0;0.0;824.3789;3137.2312;-1066.2356;4533.066;2.77;68.25222
1970-01-04;-5.0379233;-11.078995;-13.459264;750.4856;0.62128717;169.41222;100.0;0.13563268;181.7809;746.58203;0.27360022;0.0031972304;0.0;0.19408762;0.19408762;0.0;0.26853755;493.78168;1829.8256;-147.20723;5921.1504;3.711111;27.105556
1970-01-05;-3.4640808;-4.8960404;-7.786615;748.3842;0.70749;52.250706;100.0;0.13788407;184.41176;748.00616;2.8269892;0.013075769;0.0;0.1937151;0.1937151;0.0;2.4960265;469.68054;1762.6722;-115.795555;6488.685;11.692223;-27.786667
1970-01-06;-3.899128;-5.1234183;-5.217705;746.3882;0.88783914;23.18006;100.0;0.14078863;188.53612;746.7448;3.637302;-0.010447577;0.0;0.19335747;0.19335002;0.0;3.2724886;335.53055;1269.8077;-208.39833;6542.593;-6.9966664;-22.816668
1970-01-07;-3.6121407;-5.7643166;-4.985601;748.42633;0.8137989;56.525715;100.0;0.14236116;194.35773;733.39844;0.01167655;-0.058970414;0.0;0.19297004;0.19298494;0.0;0.00873208;745.8478;2794.8977;-937.9861;5696.894;-41.53;-67.15889
1970-01-08;-7.184677;-9.720332;-8.892396;748.71875;1.1932166;20.865488;100.0;0.14236338;199.76463;713.46027;0.0053971997;-0.04592724;0.0;0.19259751;0.19261241;0.0;0.004056841;841.3406;3058.3955;-1146.2478;5022.4546;-31.997778;-64.50667
1970-01-09;-7.4644914;-13.572347;-12.292348;747.8786;1.224969;65.71405;100.0;0.14238004;203.44627;700.2767;0.0045657153;-0.044265762;0.0;0.19223988;0.19223988;0.0;0.002425164;936.3761;3319.3267;-1279.8794;4593.6855;-30.071112;14.15
1970-01-10;-5.575948;-12.297337;-12.747989;745.997;0.80484587;298.3073;100.0;0.14341836;205.0283;699.25946;2.7168393;-0.02177246;0.0;0.19186735;0.19188225;0.0;2.702482;727.72833;2523.1155;-563.315;5474.709;-14.731112;24.634445
1970-01-11;-6.925771;-12.340179;-11.872531;743.15924;0.91264933;180.43445;100.0;0.14514084;205.97816;704.95605;0.016877474;-0.022446737;0.0;0.19152462;0.19152462;0.0;0.016022474;933.68555;3339.9468;-1416.2644;4481.5674;-14.327778;1.4044445
1970-01-12;-9.845929;-20.231808;-16.915968;742.85596;1.0822583;72.7843;100.0;0.14514995;208.5309;696.5739;0.0014662737;-0.035502948;0.0;0.191167;0.191167;0.0;0.00015646219;933.17444;3260.581;-1275.7572;4181.6177;-24.919445;49.218887
1970-01-13;-8.604938;-18.776588;-17.798248;745.57025;0.94589645;171.73723;100.0;0.14515404;210.47948;690.18555;0.0012887012;-0.023874454;0.0;0.19080937;0.19081682;0.0;0.0;1013.23553;3459.4;-1153.8628;4311.01;-15.948889;54.164444
1970-01-14;-6.9799156;-14.355325;-16.389503;747.5983;0.8690315;180.23134;100.0;0.14516823;212.4466;683.95996;0.0024532701;-0.0015180558;0.0;0.19046664;0.19046664;0.0;0.0016056001;898.3489;2998.7156;-925.7789;4722.1196;0.8;54.135555
1970-01-15;-7.144914;-10.245925;-13.02982;746.41705;0.74688;79.107475;100.0;0.14649205;212.20375;690.3483;2.3713036;0.028088689;0.0;0.19012392;0.19012392;0.0;2.3636558;497.45334;1652.5466;-226.6189;5854.5654;22.054445;3.268889
1970-01-16;-7.2788467;-10.185837;-11.098756;746.5572;1.0139729;73.95286;100.0;0.14760236;213.24706;692.58624;0.0066161156;-0.01421757;0.0;0.18981099;0.18978119;0.0;0.0053681433;953.8289;3229.3232;-1062.6239;5008.7085;-8.115556;-51.142223
1970-01-17;-7.63149;-13.288922;-13.170173;748.5715;1.0554531;123.870056;100.0;0.14762826;216.10643;684.08203;0.00052452076;0.018854626;0.0;0.18945336;0.18944591;0.0;0.00010430813;1069.1017;3539.0344;-1296.585;4533.1675;15.245556;1.5555556
1970-01-18;-4.161223;-11.659869;-13.001855;749.2028;0.9023052;179.40727;100.0;0.14765315;218.62596;676.26953;0.0004351138;0.017529353;0.0;0.18911064;0.18911809;0.0;0.0;1034.5155;3351.2622;-1045.3545;4906.567;14.152223;35.20778
1970-01-19;-4.5777;-12.154222;-11.728374;747.8449;0.66340584;106.72929;100.0;0.14767785;221.26268;668.1722;0.20887256;-0.0036153942;0.0;0.18878281;0.18878281;0.0;0.14443323;882.70776;2801.4067;-939.44446;5115.6523;-2.4377778;-6.6666665
1970-01-20;-5.7528787;-7.155558;-9.517802;745.9231;0.47856644;185.70012;100.0;0.1530869;212.99803;717.44794;8.79555;0.017030165;0.0;0.18845499;0.18845499;0.0;8.765988;368.34167;1277.0634;42.817223;6474.452;13.558888;-30.325556
1970-01-21;-4.9322104;-6.6676025;-6.304026;741.2459;0.6369248;62.274384;100.0;0.16905887;195.735;861.9792;17.809786;-0.019868836;0.0;0.18814206;0.18813461;0.0;17.592129;369.47055;1519.3867;-320.70944;6306.3657;-14.615556;-50.27889
1970-01-22;-5.9160666;-7.441742;-6.428106;738.9885;0.72048163;146.00478;100.0;0.17775281;193.89679;917.3991;2.3157954;-0.038062222;0.0;0.18779933;0.18779933;0.0;2.2781603;637.5311;2682.0632;-484.69724;6091.83;-27.246666;-102.35222
1970-01-23;-6.8136497;-7.8783264;-6.1452103;741.1983;0.87991863;208.81288;100.0;0.18178289;195.92152;927.2054;7.4690757;-0.078871846;0.0;0.18748641;0.18747151;0.0;7.4603;521.9683;2175.0544;-401.86835;6199.731;-59.835;-137.40222
1970-01-24;-8.3656225;-9.875343;-7.455391;742.66406;0.78136563;212.46773;100.0;0.1890037;193.88507;974.8128;4.5553026;-0.07679127;0.0;0.18712878;0.18713623;0.0;4.5536013;629.4228;2644.9556;-684.27386;5695.4;-57.73;-132.51555
1970-01-25;-8.663054;-10.8717575;-8.591271;742.7425;0.73721766;108.6609;100.0;0.19161849;197.03578;972.4528;2.9446216;-0.088243745;0.0;0.18680096;0.18680096;0.0;2.9412656;659.0994;2732.0833;-453.68;5897.6406;-66.41333;-132.27333
1970-01-26;-8.238996;-11.0473175;-8.457555;740.5119;0.98594147;43.874996;100.0;0.19740848;196.03253;1006.5918;5.7743464;-0.08139759;0.0;0.18647313;0.18647313;0.0;5.7704897;406.42334;1707.8367;-412.45444;5950.122;-62.25778;-63.015556
1970-01-27;-10.2220545;-13.673032;-10.450253;741.30695;0.9872361;33.20572;100.0;0.2012345;197.1175;1020.79266;2.4168043;-0.053198077;0.0;0.1861453;0.1861453;0.0;2.4120955;692.95667;2883.2378;-1021.3078;4987.661;-38.878887;-95.503334
1970-01-28;-12.278586;-18.785303;-14.989797;745.0042;1.0197233;82.97232;100.0;0.20209706;200.5309;1008.1787;0.0060081473;-0.040442683;0.0;0.18581748;0.18581003;0.0;0.004313886;969.91113;3946.1477;-1516.6411;3970.1335;-28.233334;-82.751114
1970-01-29;-9.695849;-18.205885;-17.897173;743.9966;0.7507975;277.16833;100.0;0.20210254;203.68163;992.3503;0.00603199;-0.022375956;0.0;0.1854822;0.1854822;0.0;0.0056028366;906.61554;3592.2422;-984.3722;4458.8237;-14.758889;5.637778
1970-01-30;-11.068348;-14.188212;-17.397375;743.7785;0.8747709;246.80464;100.0;0.20226379;206.22589;980.7129;0.3737539;0.008565374;0.0;0.18514693;0.18516183;0.0;0.37043914;925.82446;3580.1223;-786.43054;4786.234;8.675555;-51.593334
1970-01-31;-9.5694275;-11.096913;-14.064183;745.1534;0.663451;272.3318;100.0;0.20363016;206.69008;985.2702;1.7376698;0.008655712;0.0;0.184834;0.184834;0.0;1.7338246;634.9611;2427.7778;-245.25833;5775.14;8.155556;-58.302223
1970-02-01;-9.244683;-12.173732;-12.81493;746.22406;0.8357825;126.81771;100.0;0.20434026;209.59406;975.58594;0.013680551;-0.023451634;0.0;0.18450618;0.18450618;0.0;0.012822449;1045.3184;3949.9;-1190.1794;4684.7554;-14.924444;-92.276665
1970-02-02;-7.8668113;-10.802815;-13.322971;746.1765;0.6674628;273.9648;100.0;0.20462246;213.01918;961.1409;0.5972266;0.0007431954;0.0;0.18419325;0.1841858;0.0;0.5913042;816.2794;3013.5466;-514.3822;5477.278;2.7777777;-38.585556
1970-02-03;-7.2850556;-8.786788;-10.636861;749.4111;0.7486556;253.70404;100.0;0.20501073;216.60545;947.46906;0.037032366;-0.017110258;0.0;0.18385053;0.18385798;0.0;0.031635165;1065.6962;3875.3967;-765.24835;5479.935;-9.858889;-118.09778
1970-02-04;-6.801697;-7.7369895;-8.411914;747.4724;1.2557136;222.56392;100.0;0.20721138;218.25063;949.3001;5.033367;-0.013802201;0.0;0.1835376;0.1835376;0.0;5.029649;469.91165;1701.8811;-61.256668;6468.56;-9.9377775;-86.62111
1970-02-05;-4.7738266;-5.6942763;-6.0054855;749.3475;1.0726933;140.64967;100.0;0.21395127;216.80988;986.89777;4.4266195;-0.052867457;0.0;0.18322468;0.18321723;0.0;4.4199715;494.515;1953.67;-348.25943;6339.404;-39.697777;-90.96333
1970-02-06;-4.4456544;-14.7497225;-8.448208;750.50464;1.1725351;117.97123;100.0;0.21492267;221.86163;969.5638;0.0009566545;-0.11683442;0.0;0.18288195;0.1828894;0.0;0.0005289912;1146.8116;4455.7275;-1648.6017;4469.4243;-85.17333;-7.87
1970-02-07;-3.0202103;-14.381766;-11.58063;750.4458;0.99119157;119.85339;100.0;0.21490264;226.15428;950.80566;0.0004351138;-0.066716224;0.0;0.18255413;0.18254668;0.0;0.0;1180.2733;4471.3145;-1496.6783;4425.361;-46.953335;33.06111
1970-02-08;-4.105039;-12.049487;-12.795857;749.01886;0.79048705;232.0401;100.0;0.21490991;229.56346;936.56415;0.01861453;-0.025996938;0.0;0.1822263;0.18221885;0.0;0.015236437;1148.5583;4246.6724;-1105.2128;4827.2773;-16.87889;-8.954445
1970-02-09;-5.093119;-5.9751487;-9.385335;747.2907;0.9369431;219.56267;100.0;0.21807909;229.30304;950.43945;7.5130115;0.035403296;0.0;0.18191338;0.18190593;0.0;7.2899647;515.05;1904.3867;133.84277;6708.0083;27.921112;-68.48222
1970-02-10;-4.838877;-5.9107766;-6.159771;747.8726;0.67972946;215.65259;100.0;0.22805524;222.48338;1024.6989;6.5413265;-0.033451244;0.0;0.18158555;0.181593;0.0;6.529715;715.645;2951.1233;-453.4511;6230.17;-23.15;-109.53222
1970-02-11;-4.0898438;-5.7789407;-5.4595513;748.1746;0.7431827;244.73592;100.0;0.22975905;226.87206;1013.83466;1.1969501;-0.06804615;0.0;0.18125772;0.18125772;0.0;1.1617392;898.13275;3616.9333;-640.155;6057.148;-49.036667;-132.48889
1970-02-12;-3.6477253;-4.2319336;-3.9184368;746.4951;1.1591302;208.79195;100.0;0.23599064;227.94171;1035.2783;7.4800787;-0.09728782;0.0;0.1809299;0.18093735;0.0;7.2005725;549.5261;2247.6768;-126.755554;6811.013;-74.03445;-181.81334
1970-02-13;-4.3359985;-5.108785;-3.594064;743.82153;0.94005686;209.31348;100.0;0.24465792;227.71288;1073.8525;12.305993;-0.09351224;0.0;0.18063188;0.18062443;0.0;12.016103;625.6544;2567.59;-448.14777;6392.096;-70.912224;-167.1
1970-02-14;-2.8749897;-6.61482;-4.554151;747.77386;0.5928919;190.98528;100.0;0.25096777;229.61717;1094.2383;0.119674206;-0.110587105;0.0;0.18030405;0.18028915;0.0;0.118192285;1098.8005;4550.318;-1435.8406;5107.755;-78.818886;-125.77333
1970-02-15;-3.1353047;-7.6897607;-7.9028907;749.85834;0.86171323;94.83543;100.0;0.25098202;235.69041;1066.0807;0.002908646;-0.03593415;0.0;0.17994642;0.17995387;0.0;0.0011883676;1150.8944;4614.8555;-1395.1927;4857.743;-22.895555;-62.833332
1970-02-16;-3.8305867;-9.081944;-9.457587;751.27985;0.98470575;81.76554;100.0;0.2510101;240.35284;1045.4916;0.00064074993;-0.040894374;0.0;0.1796186;0.1796186;0.0;0.0006444752;1209.0806;4722.3564;-1377.5377;4776.162;-26.226667;-49.212223
1970-02-17;-2.5287476;-8.275254;-9.997802;748.0661;0.71864814;236.96411;100.0;0.25110748;244.24054;1029.0934;0.9499192;-0.040340237;0.0;0.17929077;0.17929077;0.0;0.9106323;1182.0361;4500.093;-890.88025;5373.609;-26.62889;-51.59889
1970-02-18;-4.7775574;-5.544767;-6.529499;738.03076;1.3603686;188.83044;100.0;0.27685204;226.41566;1221.3949;49.67137;-0.039789826;0.0;0.17896295;0.17897785;0.0;48.399914;359.95834;1516.3828;52.427223;6800.185;-30.183332;-108.56333
1970-02-19;-9.94144;-11.697734;-7.3128715;740.7872;1.2372104;222.17981;100.0;0.30575955;211.77472;1445.6787;4.0057883;-0.19533001;0.0;0.17865002;0.17865747;0.0;3.9962382;880.73834;3802.7844;-903.54193;5387.863;-149.68333;-318.31445
1970-02-20;-9.110752;-14.628926;-10.506654;746.7121;1.014909;104.68728;100.0;0.30679962;218.26039;1407.7148;0.018382072;-0.1100786;0.0;0.1783371;0.17832965;0.0;0.015377998;1189.4127;5017.3;-1509.2302;4436.941;-80.71389;-193.6
1970-02-21;-6.2449327;-18.858858;-13.740239;745.0948;0.84279877;56.530514;100.0;0.30678853;223.58363;1373.9014;0.014916062;-0.048275106;0.0;0.17800927;0.17800182;0.0;0.014089048;1271.2789;5219.3613;-1310.6947;4462.125;-35.234444;-38.046665
1970-02-22;-7.737947;-11.319557;-11.770985;741.26733;0.7571993;124.72549;100.0;0.30880734;225.88344;1368.2455;2.5964975;-0.0072047114;0.0;0.17771125;0.17769635;0.0;2.5939271;787.99335;3198.9756;-428.44;5756.817;-5.2377777;-118.19111
1970-02-23;-7.9055724;-10.280429;-10.174186;741.1031;0.728518;141.54732;100.0;0.30956897;230.4391;1345.0928;0.29906034;-0.033987686;0.0;0.17738342;0.17739832;0.0;0.29592216;1103.2977;4390.205;-777.522;5491.8438;-26.066668;-187.59111
1970-02-24;-7.8119583;-9.809784;-9.230179;742.39545;0.84151727;87.053154;100.0;0.31010664;235.47133;1318.5629;0.72431564;-0.038135797;0.0;0.1770854;0.1771003;0.0;0.7124543;1103.8127;4299.527;-719.1742;5634.9077;-29.30889;-207.95444
1970-02-25;-6.929708;-8.767517;-7.876564;742.54364;0.84749407;141.60936;100.0;0.310896;240.38019;1294.1488;3.5333982;-0.086961314;0.0;0.17678738;0.17678738;0.0;3.5280921;1016.515;3884.1594;-512.54584;6019.5522;-67.80556;-222.77
1970-02-26;-4.8024497;-5.7649636;-6.010681;743.6128;0.96778697;221.77374;100.0;0.31824616;237.65721;1339.3148;6.3321886;-0.032951124;0.0;0.17648935;0.17648935;0.0;6.2323546;969.6578;3918.5396;-474.94693;6250.0913;-25.373333;-205.61555
1970-02-27;-2.8716938;-4.60672;-4.077745;746.9173;0.73471636;224.6754;100.0;0.32143545;242.638;1326.416;0.6422748;-0.09457767;0.0;0.17619133;0.17617643;0.0;0.6303713;1008.56946;4079.713;-697.8372;6154.5615;-73.62111;-185.98889
1970-02-28;-3.1453247;-5.6683555;-4.1879067;747.47797;0.9050016;142.8015;100.0;0.32157835;250.36717;1286.1735;0.006830692;-0.123346224;0.0;0.1758635;0.1758635;0.0;0.0025331974;1229.0222;4794.443;-1248.2739;5444.06;-89.755;-183.27112
1970-03-01;-3.6663716;-5.6302285;-5.280047;744.51117;0.9632526;197.95338;100.0;0.32617867;253.28871;1286.499;18.88069;-0.049317256;0.0;0.17556548;0.17554313;0.0;17.678608;927.8239;3503.4666;-611.13525;6100.6924;-38.126667;-128.0089
1970-03-02;-3.4078877;-4.4470468;-3.4533718;742.5441;1.172341;198.80391;100.0;0.34757367;242.83917;1431.9254;11.517227;-0.11388119;0.0;0.17523766;0.1752302;0.0;10.692369;936.2561;3967.2527;-573.2794;6344.7954;-83.27055;-195.85222
1970-03-03;-4.3669534;-5.6956887;-3.4916954;744.81866;0.8713805;195.46504;100.0;0.35597798;246.48077;1446.4926;3.601104;-0.20736828;0.0;0.17488003;0.17489493;0.0;3.362976;1020.39777;4248.291;-920.6569;5825.49;-155.8061;-234.85445
1970-03-04;-3.991811;-7.518168;-4.8777833;749.9834;0.830853;200.2824;100.0;0.3571745;253.75323;1410.2377;0.011044741;-0.2046926;0.0;0.1745671;0.17455965;0.0;0.007774681;1340.397;5398.842;-1314.0236;5272.39;-150.02556;-201.74667
1970-03-05;-2.5197651;-9.232472;-7.242958;750.8735;1.3756481;18.446764;100.0;0.35713938;260.2054;1374.9186;0.0017225739;-0.13608113;0.0;0.17420948;0.17420948;0.0;0.0;1488.4047;5794.8823;-1729.975;4562.3545;-95.925;-58.988888
1970-03-06;-1.1596375;-11.767499;-8.7414465;749.362;1.2195;24.312532;100.0;0.35712528;265.26758;1348.6328;0.00042617318;-0.075885095;0.0;0.17388165;0.17388165;0.0;0.0;1532.0013;5793.931;-1540.0198;4724.6567;-55.247776;-38.373333
1970-03-07;-0.9926758;-8.128194;-8.197823;747.0176;1.074461;41.89166;100.0;0.3571662;269.94824;1325.6836;0.10840893;-0.008046627;0.0;0.17356873;0.17356873;0.0;0.0;1495.3328;5501.797;-1299.7228;5122.14;-5.0477777;-98.03667
1970-03-08;-1.7925822;-6.1512046;-7.3194785;746.1805;0.81771135;138.2289;100.0;0.35726497;274.80078;1303.1006;0.12051463;-0.016664155;0.0;0.1732707;0.1732707;0.0;0.033058226;1452.2942;5199.7446;-1084.6772;5458.1226;-11.913333;-151.06111
1970-03-09;-2.0709636;-5.032725;-5.786814;744.4611;0.86448735;221.062;100.0;0.35745168;279.55826;1281.6976;2.0447612;-0.1324853;0.013768673;0.18672645;0.17296523;0.13914332;1.913976;1319.7003;4583.1567;-674.92194;6092.5757;-101.13111;-168.16333
1970-03-10;-2.3876038;-3.0206196;-3.4556072;739.4715;0.7962193;108.58264;100.0;0.36773863;274.79166;1339.9252;13.24757;-0.051738694;0.027403235;0.20006299;0.17265975;0.13116375;12.339465;456.10278;1789.7097;-134.45723;6856.97;-39.842224;-102.45333
1970-03-11;-2.5149333;-3.3813274;-2.529372;742.7858;0.6343563;123.384224;100.0;0.3774701;272.944;1385.2946;8.151555;-0.10143407;0.020444393;0.19282103;0.17236173;0.11521764;7.498957;657.1397;2650.6333;-327.7647;6676.2876;-78.26278;-172.1639
1970-03-12;-2.0261433;-3.899638;-1.859511;744.95233;0.8150576;66.1;100.0;0.38391003;275.05078;1398.8444;3.8793325;-0.10641478;0.029191375;0.20126998;0.17205626;0.24200045;3.4488552;877.1839;3544.9905;-697.60974;6298.737;-81.12055;-166.21889
1970-03-13;-2.7470195;-5.8298874;-2.25663;746.106;0.93652004;61.653;100.0;0.38477027;281.91016;1368.3676;0.31396818;-0.2280688;0.005841255;0.17759204;0.17175078;0.051662326;0.2806224;1348.3253;4853.4624;-1077.1178;5826.3354;-175.60667;-232.60472
1970-03-14;-3.8740032;-5.741862;-2.9191895;744.94745;0.8710127;124.4744;100.0;0.38556418;287.87045;1342.8141;1.4231205;-0.23208931;0.0040978193;0.17553568;0.17144531;0.035487115;1.2529641;1401.8469;4741.693;-1245.8833;5519.1113;-179.20555;-284.5111
1970-03-15;-4.387146;-6.581347;-4.021179;745.01544;0.9251544;178.82896;100.0;0.38611782;292.91406;1321.7773;0.7066667;-0.32972172;0.0;0.17112494;0.17113984;0.0;0.6471313;1624.0131;5414.85;-984.8247;5815.6772;-255.7;-354.66055
1970-03-16;-2.9452248;-4.802733;-3.3483555;748.105;0.863244;202.8889;100.0;0.3864764;297.86557;1301.5951;0.17122672;-0.16338937;0.0;0.17084181;0.17083436;0.0;0.16140193;1410.1566;4606.53;-898.1472;5975.9297;-125.20778;-223.07556
1970-03-17;-1.1666565;-2.5619404;-1.8640442;748.299;0.84930104;194.50952;100.0;0.3861158;304.13248;1274.292;0.12481739;-0.117157586;0.08690357;0.25744736;0.17052889;0.695806;0.022735447;1713.9867;5456.3584;-927.6778;6138.485;-87.935555;-262.23334
1970-03-18;-2.0302327;-2.825175;-0.59736377;741.241;1.0452411;215.64302;100.0;0.3969473;304.5752;1305.0537;27.961668;-0.18178485;0.19857287;0.36877394;0.17022341;0.5104467;20.590973;658.9378;1916.2683;-366.29056;6756.0166;-139.85556;-159.65666
1970-03-19;-4.3270774;-5.881083;-0.6868782;739.2858;1.19697;209.8877;100.0;0.42064908;288.97916;1457.8451;10.261315;-0.45743585;0.012800097;0.18268824;0.16990304;0.068385154;9.93542;1265.5183;4922.958;-1084.9906;5810.4277;-350.03223;-405.77222
1970-03-20;-4.743398;-7.1144714;-1.8653196;745.49506;1.1789564;217.15662;100.0;0.4233288;292.8226;1449.1373;1.0363162;-0.6029103;0.0;0.16957521;0.16955286;0.0;1.0078288;1661.2822;5522.1323;-1214.1047;5608.115;-462.95776;-428.62888
1970-03-21;-3.4168904;-7.013387;-2.8525822;746.0787;0.9661514;81.88084;100.0;0.42344686;298.47037;1422.1191;0.017854571;-0.4689228;0.0;0.16921759;0.16921014;0.0;0.016994774;2000.9412;6258.391;-1617.4028;5140.4966;-355.38943;-317.38
1970-03-22;-4.0596213;-5.7471313;-3.7988803;741.00903;0.66849655;184.64119;100.0;0.43022144;294.95084;1460.1237;10.6362915;-0.1998255;0.0;0.16887486;0.16888976;0.0;10.107789;896.4939;3174.8906;-561.9189;6244.899;-151.76889;-189.02888
1970-03-23;-3.89387;-4.934143;-3.5290222;743.22614;0.6978994;145.27808;100.0;0.43646237;293.43326;1489.5834;4.896872;-0.16391836;0.0;0.16859174;0.16856939;0.0;4.8298016;941.845;3521.2317;-653.5461;6211.1304;-123.204445;-207.84111
1970-03-24;-3.4070842;-7.7357917;-4.012661;747.05145;0.9241364;42.231342;100.0;0.43915543;296.10254;1486.1246;0.51300377;-0.28233138;0.0;0.16826391;0.16824901;0.0;0.3566146;1328.3622;5019.6616;-1278.0172;5413.5854;-211.2089;-185.24333
1970-03-25;-3.0204875;-8.10493;-5.545531;750.69214;0.9675172;85.366005;100.0;0.43920028;301.01694;1462.1176;0.003117323;-0.13467762;0.0;0.16793609;0.16793609;0.0;0.0005662441;1833.1494;6702.9155;-1734.544;4772.3755;-100.47611;-214.08444
1970-03-26;-2.414571;-7.4716897;-6.044893;751.1035;0.97231656;84.768166;100.0;0.43914518;305.47202;1441.1215;0.0017181701;-0.106749125;0.0;0.16763806;0.16763806;0.0;0.0;1889.5488;6698.0547;-1668.2722;4848.8457;-78.513885;-201.41
1970-03-27;-1.3006083;-6.6112976;-5.8792243;751.74506;1.0694137;83.12762;100.0;0.43905318;309.82944;1421.1019;0.0008521278;-0.09398721;0.01463294;0.18197298;0.16734004;0.11888705;0.0;1993.0011;6854.327;-1666.7683;4896.4683;-67.92111;-186.43666
1970-03-28;0.57438153;-3.8847554;-5.1802673;751.1474;1.03433;117.73548;100.0;0.4387708;314.38217;1400.4313;0.0;-0.052295625;0.052392483;0.2194494;0.16704202;0.4085265;0.0;2057.2034;6860.1416;-1610.5161;5073.008;-35.633335;-171.33223
1970-03-29;1.9867859;-2.1713154;-4.0365653;751.79645;0.9697754;104.167786;100.0;0.4383501;319.24448;1378.8656;0.073993206;-0.017525628;0.08587539;0.2526343;0.166744;0.6116405;0.0;1646.2744;5323.5024;-1181.336;5658.2734;-9.471111;-105.82222
1970-03-30;4.109568;-1.4610494;-2.1558201;752.3941;0.9763632;137.19382;100.0;0.43681097;324.56284;1352.7018;0.001406669;-0.066217035;0.37422776;0.54067373;0.16645342;2.2892728;0.00010430813;2185.01;6861.0117;-1384.5405;5661.921;-45.40111;-148.92111
1970-03-31;2.3396504;-1.6341654;-0.5918274;751.16626;0.94251347;139.51796;100.0;0.4347726;332.7653;1313.68;2.938825;-0.16316026;0.6414354;0.8267462;0.18532574;2.4357755;0.0013820827;2312.7473;6432.1143;-997.33777;6292.3;-121.23;-230.77112
1970-04-01;1.0984396;-0.31371942;-0.043109894;750.0805;0.6419858;117.19053;100.0;0.43071082;339.6185;1274.292;11.542395;-0.042458996;3.4461915;3.678918;0.23274124;9.086804;0.032544136;1273.8883;3231.9133;-451.71054;6852.5376;-30.954445;-138.49
1970-04-02;1.5425516;-5.175659;-0.20565288;748.9649;1.0008372;60.51006;100.0;0.4206947;344.79526;1225.9521;0.010031462;-0.45204908;2.1820366;2.3891926;0.20717084;10.988319;0.00789389;2871.6277;6825.0854;-1646.405;5507.9033;-334.11334;-259.22665
1970-04-03;1.5197449;-3.7135315;-0.4093081;749.4084;0.97659665;91.9817;100.0;0.4121119;352.68066;1174.3978;0.0011535761;-0.34385455;1.4362931;1.624763;0.18846244;7.11396;0.0;3041.5156;6878.2607;-1875.4144;5200.9824;-249.77;-155.58444
1970-04-04;1.8516846;-2.6324666;-0.29600778;750.3172;1.1404258;199.6806;100.0;0.4040735;361.31607;1124.0641;0.74853003;-0.46871975;1.8508732;2.0273776;0.1765117;8.419875;0.0;2890.9233;6296.1235;-1436.0947;5737.191;-349.2689;-129.76778
1970-04-05;3.4191284;-1.0048828;-0.13020451;751.2488;1.1998333;182.98535;100.0;0.39249226;367.98795;1072.1842;0.42468607;-0.4201513;4.208222;4.416123;0.20789355;15.196182;0.0;3282.89;6946.5996;-1448.0386;5861.3896;-309.69666;-137.04778
1970-04-06;0.3929545;-1.6721191;-0.15932083;750.9517;0.5993617;192.73497;100.0;0.3890901;369.14844;1058.2682;14.36956;-0.09698607;2.1759272;2.3435206;0.16758591;2.7111676;4.530728;1008.68;2378.6829;-647.5414;6479.9204;-72.37889;-96.185555
1970-04-07;2.180186;0.77612305;-0.008516948;748.14386;0.99243164;186.16675;100.0;0.38466242;370.8711;1042.277;9.893896;-0.091778114;6.093383;6.4076185;0.3142357;12.94611;0.00026077032;1581.6233;3810.3433;-255.04834;7138.493;-62.47333;-95.14889
1970-04-08;0.5649516;-3.0902913;-0.11979421;750.7217;0.90185493;202.45256;100.0;0.37069508;373.34702;997.63995;0.1259923;-0.53311235;4.2283983;4.5659246;0.337556;14.076084;0.00017508864;2927.676;6695.5;-1567.0531;5649.93;-399.09055;-243.52667
1970-04-09;2.0305378;-4.2326965;-0.3550097;753.18335;1.138599;86.515686;100.0;0.35986602;380.26855;951.3753;0.0025749204;-0.38739946;2.809465;2.9893816;0.17991662;9.629074;0.0;3371.6611;7408.8496;-1841.0458;5318.6567;-280.64;-157.14555
1970-04-10;5.2903953;-3.3829346;-0.23235066;752.0451;1.1169891;132.09515;100.0;0.34661296;388.17676;898.0306;0.00085043604;-0.32946187;5.0982533;5.446732;0.34847856;15.516205;0.0;3227.9429;6876.859;-1435.1912;5843.3403;-234.89111;-74.30556
1970-04-11;5.023926;-4.0400796;-0.2169749;752.9078;1.0974683;130.23524;100.0;0.3305076;395.17056;841.3086;0.0012950322;-0.34993887;5.776003;6.3796787;0.6036684;16.2073;0.0;3382.463;7039.963;-1504.1992;5786.141;-250.34944;-77.05222
1970-04-12;5.5636597;-3.8558655;-0.22164662;756.15155;1.154149;98.51715;100.0;0.31302896;402.13022;783.56934;0.0012831178;-0.3525354;7.2146206;8.112177;0.89755654;18.361286;0.0;3646.5288;7451.898;-1558.7358;5762.19;-251.07;-75.594444
1970-04-13;6.384603;-2.7629497;-0.22004063;755.4803;1.22237;122.29544;100.0;0.2932383;408.5729;723.0632;0.0017186375;-0.32206532;8.141905;9.504408;1.3624952;20.533453;0.0;3683.5027;7422.521;-1513.2245;5843.606;-227.45222;-46.058334
1970-04-14;6.0091043;-3.0606995;-0.24104054;751.9135;1.2475446;127.56345;100.0;0.27274457;414.9401;661.9873;0.011697412;-0.3902558;8.006111;8.807794;0.8016825;20.245853;0.0;3641.91;7259.1445;-1407.4658;5968.299;-280.07556;-58.512222
1970-04-15;2.5474548;-0.8022868;-0.23347728;750.4328;1.270361;215.66608;100.0;0.25596043;420.75098;612.3454;0.82622766;-0.24051219;5.4986773;5.9049277;0.4062578;14.994327;0.0012926757;2544.034;5026.3354;-912.45447;6393.718;-173.86055;-105.776665
1970-04-16;2.636963;-3.6018574;-0.34682593;751.3831;1.2610408;173.72643;100.0;0.23896742;427.07065;563.3545;0.0015884638;-0.56716615;7.6726527;9.005859;1.333192;18.274273;0.0009946525;3805.5789;7472.06;-1668.2175;5567.9243;-420.21;-214.66444
1970-04-17;3.2895508;-1.5590719;-0.34214148;750.2202;0.9290099;95.26288;100.0;0.22400458;434.94077;517.49677;7.802832;-0.2188757;7.2064548;8.167446;0.9610057;12.560705;0.0;2729.035;5328.96;-938.5875;6365.8276;-156.48555;-91.42778
1970-04-18;3.010793;0.8462219;-0.009379069;744.57635;1.0874406;164.7133;100.0;0.20655067;438.54883;473.22592;13.675973;-0.28306153;15.3441725;18.276125;2.931945;21.326635;0.0;3001.8533;5837.0977;-726.2869;6786.567;-205.43445;-160.88445
1970-04-19;-2.148702;-2.860494;-0.12318166;738.08527;0.9038666;204.03448;100.0;0.20439143;399.77115;510.7015;21.222149;-0.29142293;2.8280318;3.651276;0.82324445;4.13581;16.275604;957.61334;2544.185;-420.0453;6765.562;-223.92111;-265.1422
1970-04-20;-3.2276814;-4.679148;-0.48273087;744.65485;0.9830885;183.43616;100.0;0.21457009;354.5267;599.8128;6.9969506;-0.5837865;0.07665157;1.0322183;0.95556676;0.23349747;6.398432;1832.6067;6213.173;-1000.2878;6082.839;-443.31888;-498.62222
1970-04-21;-2.623993;-6.397013;-0.5423482;750.2847;1.0691057;53.157974;100.0;0.2167074;352.20117;610.67706;1.5972942;-0.6001461;0.6124973;1.6681105;1.0556207;1.6422719;0.54238737;2218.0444;6889.0405;-1481.0244;5550.461;-451.15332;-339.94888
1970-04-22;-1.6953735;-8.554027;-0.9310939;752.48334;1.8597294;26.93865;100.0;0.2152636;360.92676;591.75616;0.00029802322;-0.7817475;0.350222;1.4806092;1.1303947;1.3692751;0.00029057264;2866.304;7980.7617;-2011.7905;4876.026;-589.17444;-218.30556
1970-04-23;0.22833252;-9.264028;-0.8549423;748.9184;1.6670636;21.265165;100.0;0.21179156;371.65073;564.5752;0.0025669478;-0.7316144;1.1993945;2.3872852;1.1878759;4.582707;0.0;2965.8088;7555.8574;-1803.2759;5216.0513;-548.55554;-142.84778
1970-04-24;1.0528971;-7.3150635;-0.6801033;750.1736;0.91822624;101.457;100.0;0.20396478;381.97852;527.9948;0.19028783;-0.46457165;2.7754009;4.0657816;1.290381;9.736501;0.0;3121.7039;7444.7017;-1704.9323;5419.6367;-340.67667;-202.3689
1970-04-25;1.6336771;-3.337392;-0.6305135;752.9615;1.1363827;156.41222;99.20508;0.19241154;391.5537;484.8226;1.1120617;-0.3297571;4.6465545;5.9972105;1.3506413;12.546897;0.0;3135.9329;7095.4927;-1562.415;5601.418;-237.58667;-177.33888
1970-04-26;3.6401062;-3.3021748;-0.58355075;753.9527;1.1508988;86.23815;97.006836;0.178145;400.46875;438.06967;0.18357038;-0.3921194;6.024733;8.165852;2.141118;15.347395;0.0;3430.8027;7344.437;-1568.3583;5685.1255;-278.21945;-139.9311
1970-04-27;5.0337014;-2.6346436;-0.38588968;752.2983;1.1024152;93.92132;95.30363;0.16184668;409.2015;388.6312;1.3961992;-0.4619304;6.9744735;8.954421;1.9799545;16.965065;0.0;3392.4482;6981.7812;-1089.6133;6336.49;-328.10388;-144.28667
1970-04-28;4.567515;0.57647705;-0.109116875;751.6014;1.0762807;62.119358;94.49503;0.14618516;414.88638;345.66245;5.1783657;-0.24510175;7.7795086;9.55242;1.7729177;15.2643585;0.0;2422.2612;4863.4775;-811.2439;6637.4453;-170.50444;-94.505554
1970-04-29;3.2692769;1.4365641;-0.13589351;750.07935;1.4610883;31.145166;94.13566;0.13374496;419.0231;312.82553;8.115232;-0.12906082;7.9776196;10.841429;2.863817;11.9467;0.0;1564.06;3077.5818;-362.75806;7029.1685;-85.83945;-49.986668
1970-04-30;4.7801414;0.79640704;-0.24813588;750.1235;1.2635545;38.65021;93.93026;0.11848561;424.29916;273.8037;1.7516392;-0.390904;8.075849;10.453254;2.3773909;18.294453;0.0;3013.9133;5851.4116;-940.2472;6526.012;-276.39557;-149.31778
1970-05-01;5.0612693;2.1181438;-0.3130773;750.06757;1.0477763;124.56719;91.85604;0.099816166;431.05176;226.76595;4.7087073;-0.3161691;9.92997;13.709784;3.7798285;18.430433;0.0;2978.9006;5688.9985;-917.60724;6546.66;-216.75111;-164.1789
1970-05-02;5.0979614;1.5809122;-0.47426224;750.77515;1.0080541;108.811745;87.9327;0.0811973;436.79428;182.25098;6.407568;-0.3825631;11.074402;15.685551;4.611157;18.514439;0.0;3064.2756;5692.673;-918.89557;6533.959;-262.08334;-186.19556
1970-05-03;6.2848816;1.5470377;-0.74325305;750.2385;0.9817887;83.882256;85.13534;0.06283307;437.99057;140.86914;2.634436;-0.49840844;9.216592;14.616593;5.3999796;18.777401;0.0;3460.47;6313.5386;-1203.8292;6262.8887;-344.50665;-174.20778
1970-05-04;4.4096885;1.7531433;-0.5105438;748.587;1.1376973;144.81651;83.4838;0.045306046;438.03125;101.5625;6.4662633;-0.39787406;9.169043;15.730053;6.561026;16.80985;0.0;2975.726;5358.39;-804.2161;6678.81;-274.65778;-236.02112
1970-05-05;4.8567605;2.3812256;-0.09585317;747.78766;1.0905573;171.04803;65.5472;0.02942737;438.03125;66.28418;15.406403;-0.7174257;13.795286;21.784262;7.9889746;16.688217;0.0;3474.5322;5813.508;-800.06;6887.4766;-499.20667;-379.46555
1970-05-06;3.2354329;-3.9255269;-1.2945404;747.96063;1.2001945;238.92009;38.47054;0.016873201;438.03125;38.167316;0.0072936337;-2.1221917;3.642261;12.840301;9.198048;9.983882;0.0;5326.0015;7784.977;-1964.7905;5666.5327;-1501.7211;-855.85
1970-05-07;1.480306;-3.8526814;-2.29591;747.5605;1.0525633;229.1923;22.823975;0.010066708;437.64062;22.90853;3.357921;-1.7938037;2.3740232;11.549234;9.175203;4.599355;7.8231096e-05;5143.2026;7042.8687;-1961.8245;5542.6313;-1260.7222;-1096.1211
1970-05-08;2.6064045;-2.3973083;-2.1089668;749.6976;1.0457419;138.54724;13.847168;0.006080866;432.8558;13.875325;2.0289829;-2.045368;1.5409738;10.462507;8.921541;3.4544356;0.00010803342;5385.3213;7115.539;-2004.93;5676.3755;-1426.9144;-1085.5989
1970-05-09;3.3547668;-1.9032999;-1.6704382;749.9627;1.1051501;92.94134;7.6874185;0.0033680599;432.63867;7.77181;4.567596;-2.1270783;1.751408;10.259255;8.507855;2.125319;0.0;5287.358;6828.955;-1902.9833;5916.9033;-1479.75;-1000.9711
1970-05-10;3.3644207;-0.21051025;-0.79535675;747.1753;0.991533;129.78618;4.353353;0.0019121567;429.9056;4.1910806;3.2382298;-1.9340496;1.0512024;9.063662;8.012459;1.1648089;0.0;4112.664;5248.45;-1393.2264;6490.8945;-1343.8145;-843.4711
1970-05-11;4.077047;0.067362465;-0.856575;749.7376;1.1047928;198.32353;2.2634277;0.0009858211;427.26334;2.2786458;4.333174;-2.4136565;1.187712;8.689046;7.5013266;0.7445775;0.00031292439;5119.296;6491.6636;-1611.7322;6428.8613;-1677.3833;-1279.4789
1970-05-12;8.11322;0.06427002;-1.0080643;753.1739;1.0906194;175.47882;1.0152181;0.0004387299;427.4375;1.3427734;0.14370084;-3.267087;0.12743473;7.131934;7.0044994;0.4112944;0.0;6234.299;7878.703;-2331.6116;5945.485;-2269.6272;-903.4989
1970-05-13;9.378001;0.6531779;-0.5810318;752.53174;1.4028288;183.83562;0.40030923;0.00017253558;427.4375;0.40690103;0.10672212;-3.2796004;0.056684017;6.5933614;6.5366926;0.17305464;0.0;6045.6562;7633.27;-2187.2783;6199.4727;-2278.2861;-986.64777
1970-05-14;8.640676;1.9731039;-0.27705383;749.9778;1.3914093;233.99742;0.15763347;6.790956e-05;425.58463;-7.345365e-21;3.6293328;-2.6507378;0.6674081;6.7724886;6.1050653;0.0629276;0.0;5262.491;6647.7856;-1921.0773;6410.8823;-1841.3944;-1051.5422
1970-05-15;7.4966025;-2.9367065;-0.554086;746.2055;1.4117864;189.97687;0.06486002;2.7855238e-05;424.23438;-7.345365e-21;0.7444319;-3.6650476;0.1566261;5.8655443;5.708918;0.026095659;0.0;6494.782;8213.548;-2528.412;5693.061;-2546.021;-1251.3944
1970-05-16;4.9044595;-4.1543374;-1.3154207;747.41235;1.2047957;156.09573;0.028727213;1.2397766e-05;424.23438;-7.345365e-21;0.69591403;-2.9622662;0.09816885;5.446225;5.3480415;0.00911206;0.0;6239.579;7881.027;-2438.3706;5558.84;-2057.8088;-1552.1056
1970-05-17;7.14208;-3.4678853;-1.0412546;750.9121;1.0362183;175.33046;0.012858073;5.6028366e-06;424.23438;-7.345365e-21;0.05850196;-3.1866152;0.008493662;5.02944;5.0209613;0.0051110983;0.0;6067.0435;7654.609;-2375.2195;5807.6143;-2213.6377;-1027.5667
1970-05-18;8.326772;-1.842102;-0.69480133;752.20233;1.2115282;182.5102;0.0053710938;2.4636586e-06;424.23438;-7.345365e-21;0.5015433;-3.2632537;0.06338954;4.787236;4.723847;0.0022798777;0.0;6205.081;7820.3;-2354.8389;5952.015;-2266.8745;-1103.8489
1970-05-19;8.0265;-1.6802267;-0.23790996;749.8296;1.5799017;234.86845;0.002766927;1.2715658e-06;424.23438;-7.345365e-21;1.5221983;-2.9420369;0.18464029;4.6398787;4.4552236;0.0008419156;0.0;5354.0054;6740.3335;-1841.7395;6430.378;-2043.7356;-1098.5734
1970-05-20;7.3207192;-2.9822998;-0.43956628;747.0469;1.4951043;226.8596;0.0008951823;3.973643e-07;424.23438;-7.345365e-21;0.20239988;-3.3923528;0.023424625;4.234314;4.2109118;0.00036507845;0.0;6280.0874;7897.641;-2449.074;5794.7935;-2356.5557;-1316.8611
1970-05-21;8.737183;-2.372406;-0.7575633;751.7785;1.1660836;145.70596;0.0;-7.3453654e-25;395.33365;-7.345365e-21;0.0;-3.446795;2.9802322e-05;3.9869547;3.9869175;0.00016018748;0.0;6503.4316;8169.8564;-2389.8794;6023.1;-2394.3733;-1166.1788
1970-05-22;12.031474;0.39322916;-1.350741;753.8005;1.4532427;181.63135;0.0;-7.3453654e-25;268.25293;-7.345365e-21;0.00363487;-3.6578941;0.0003874302;3.7815719;3.7811847;5.9604645e-05;0.0;6557.954;8229.537;-2307.7817;6404.1235;-2541.0166;-1076.1
1970-05-23;11.605286;-4.13621;-3.140681;752.5817;1.408567;239.10689;0.0;-7.3453654e-25;117.801414;-7.345365e-21;0.0017681342;-3.8346891;0.00016391277;3.592044;3.5918803;2.2351742e-05;0.0;6788.5576;8509.893;-2790.23;5847.33;-2663.831;-1155.21
1970-05-24;10.485829;-3.9047139;-0.9323705;751.72046;1.2166855;225.27104;0.0;-7.3453654e-25;101.81085;-7.345365e-21;0.0;-3.4812958;0.0;3.4176855;3.4176931;3.7252903e-06;0.0;6828.4683;8550.775;-2905.19;5598.9746;-2418.341;-1215.4489
1970-05-25;10.010081;-3.6769817;0.010056813;749.5407;1.2871706;238.46478;0.0;-7.3453654e-25;99.99998;-7.345365e-21;0.0;-3.352518;0.0;3.2570362;3.2570288;0.0;0.0;6758.266;8453.898;-2756.5889;5773.269;-2328.8823;-1295.7056
1970-05-26;9.7351885;-3.72346;0.010070801;747.3947;1.4218273;213.82524;0.0;-7.3453654e-25;99.99998;-7.345365e-21;0.09506268;-3.1036158;0.0086426735;3.1172037;3.108561;0.0;0.0;6593.0205;8238.3;-2654.6394;5830.3135;-2155.979;-1566.5377
1970-05-27;8.060638;-4.599447;0.010098775;748.4888;1.5360657;196.83281;0.0;-7.3453654e-25;99.99998;-7.345365e-21;0.0008523463;-2.9108598;7.4505806e-05;2.971098;2.9710233;0.0;0.0;6793.621;8480.013;-2768.3318;5593.0356;-2022.0778;-1823.2411
1970-05-28;9.255554;-4.247416;0.00990804;750.5734;1.0857521;239.58107;0.0;-7.3453654e-25;99.99998;-7.345365e-21;0.00085826445;-2.9848404;7.4505806e-05;2.8430521;2.8429775;0.0;0.0;6884.2837;8584.1;-2946.38;5552.8984;-2073.47;-1520.1733
1970-05-29;8.871999;-6.194031;0.010327657;749.7414;1.3188722;240.44977;0.0;-7.3453654e-25;99.99998;-7.345365e-21;0.0017225739;-2.831582;0.00014901161;2.7236342;2.7235076;0.0;0.0;6899.653;8594.139;-2967.585;5491.278;-1967.0056;-1718.8389
1970-05-30;9.587311;-4.780416;0.009737651;748.667;1.2592976;178.24269;0.0;-7.3453654e-25;99.99998;-7.345365e-21;0.0008612871;-2.8109179;7.4505806e-05;2.6119351;2.6118608;0.0;0.0;6910.245;8598.227;-3014.1272;5566.5186;-1952.6511;-1590.9022
1970-05-31;9.923289;-4.764628;0.009803772;749.45685;1.1287265;223.3836;0.0;-7.3453654e-25;99.99998;-7.345365e-21;0.0004351138;-2.666398;2.9802322e-05;2.5074034;2.5073662;0.0;0.0;6909.6987;8588.458;-2952.0928;5682.9824;-1852.2578;-1712.7544
1970-06-01;11.572164;-2.0525513;0.010007222;749.8376;1.1739647;117.09274;0.0;-7.3453654e-25;99.99998;-7.345365e-21;0.00042617318;-2.740398;2.9802322e-05;2.4092646;2.4092271;0.0;0.0;6842.74;8496.247;-2907.0283;5970.55;-1903.6633;-1532.7544
1970-06-02;12.936615;-2.366628;0.009928386;748.37427;1.6729182;163.88692;0.0;-7.3453654e-25;99.99998;-7.345365e-21;0.026002526;-2.6138072;0.001937151;2.318889;2.3169665;0.0;0.0;6696.7544;8306.171;-2796.7778;6181.5713;-1815.7245;-1596.34
1970-06-03;12.186452;-3.754547;0.00962321;750.39526;1.1839479;208.52592;0.0;-7.3453654e-25;99.99998;-7.345365e-21;0.0017166131;-2.4214964;0.00013411045;2.2303164;2.2301898;0.0;0.0;6964.7627;8629.535;-3150.0828;5770.4644;-1682.1328;-1807.3656
1970-06-04;13.111806;-5.912496;0.01014328;752.1567;1.2037314;141.29648;0.0;-7.3453654e-25;99.99998;-7.345365e-21;0.0012858172;-2.488152;8.940697e-05;2.148375;2.1482854;0.0;0.0;6999.7915;8663.801;-3251.5283;5787.4033;-1728.4366;-1564.6133
1970-06-05;13.241933;-4.6037903;0.010139465;751.5315;1.1680084;107.58167;0.0;-7.3453654e-25;99.99998;-7.345365e-21;0.0;-2.3545287;0.0;2.0708294;2.0708218;0.0;0.0;6954.062;8598.126;-3146.8328;6036.3276;-1635.6122;-1633.6967
1970-06-06;13.740631;-4.1418457;0.010065715;749.95483;1.2841432;166.02112;0.0;-7.3453654e-25;99.99998;-7.345365e-21;0.0;-2.1812823;0.0;1.9975603;1.9975603;0.0;0.0;6897.6743;8519.441;-3178.54;6058.117;-1515.2633;-1799.1866
1970-06-07;13.502095;-5.737274;0.009750366;748.0579;1.384947;174.84154;0.0;-7.3453654e-25;99.99998;-7.345365e-21;0.0004351138;-2.023843;2.9802322e-05;1.9283444;1.9283221;0.0;0.0;7032.396;8676.751;-3266.5105;5927.6406;-1405.8966;-1900.5056
1970-06-08;13.447408;-2.6568706;0.010073344;747.545;1.0568088;138.55992;0.0;-7.3453654e-25;99.99998;-7.345365e-21;0.006020069;-1.9141091;0.00032782555;1.863122;1.8627793;0.0;0.0;6808.5977;8391.776;-2992.2312;6354.6226;-1329.6677;-1989.4489
1970-06-09;11.2300825;-2.3785908;0.009853363;747.0162;1.7025218;96.605835;0.0;-7.3453654e-25;99.99998;-7.345365e-21;0.057364415;-1.7426852;0.0030994415;1.8039048;1.8007755;0.0;0.0;6767.6113;8332.482;-3049.0967;6132.4243;-1210.5856;-2209.2166
1970-06-10;9.518321;-2.4079998;0.010052999;749.5352;1.829065;45.143036;0.0;-7.3453654e-25;99.99998;-7.345365e-21;0.069117546;-1.4362018;0.0046789646;1.7471611;1.7424822;0.0;0.0;6411.5967;7885.818;-2758.037;6185.561;-997.68225;-2440.56
1970-06-11;9.878804;-1.5963033;0.009927114;750.52924;1.6207577;43.59431;0.0;-7.3453654e-25;99.99998;-7.345365e-21;0.0264287;-1.4595072;0.001758337;1.6890615;1.6873032;0.0;0.0;6333.517;7781.69;-2709.685;6297.8145;-1013.8711;-2335.1377
1970-06-12;11.678955;-0.78221637;0.010089874;750.0212;1.1209925;107.34088;0.0;-7.3453654e-25;99.99998;-7.345365e-21;0.31702232;-1.5991023;0.020205975;1.6548634;1.6346574;0.0;0.0;6507.6494;7987.352;-2930.7412;6288.711;-1110.8422;-2019.8911
1970-06-13;13.949483;-2.3777668;0.010269165;750.2622;1.2103916;170.78621;0.0;-7.3453654e-25;99.99998;-7.345365e-21;0.11111829;-1.7379606;0.007018447;1.5913546;1.5843511;0.0;0.0;6477.4;7941.9077;-2886.3523;6485.6035;-1207.3033;-1914.0712
1970-06-14;15.158244;-4.4972434;0.0099105835;749.417;1.3535181;163.92393;0.0;-7.3453654e-25;99.99998;-7.345365e-21;0.0013019535;-1.7823894;8.940697e-05;1.5362501;1.5361756;0.0;0.0;6896.0254;8446.44;-3144.8977;6328.4653;-1238.1666;-2045.0422
1970-06-15;14.873708;-5.1253457;0.0095876055;749.3008;1.5298843;159.35683;0.0;-7.3453654e-25;99.99998;-7.345365e-21;0.0008553733;-1.6428083;5.9604645e-05;1.4901757;1.4901235;0.0;0.0;6966.572;8523.966;-3220.8127;6220.406;-1141.2045;-2245.3254
1970-06-16;14.950725;-5.190867;0.010192871;750.39746;1.10165;168.59766;0.0;-7.3453654e-25;99.99998;-7.345365e-21;0.002158811;-1.6398914;0.00011920929;1.4462173;1.4460981;0.0;0.0;6958.6763;8513.167;-3287.7139;6244.7524;-1139.1777;-2045.25
1970-06-17;14.997518;-5.5533752;0.009693146;749.9854;1.2681105;144.56706;0.0;-7.3453654e-25;99.99998;-7.345365e-21;0.0012906766;-1.5583206;7.4505806e-05;1.404047;1.4039725;0.0;0.0;6988.7007;8548.784;-3286.4934;6255.7944;-1082.5133;-2224.7234
1970-06-18;14.525177;-6.031718;0.00990804;749.337;1.3292478;119.382835;0.0;-7.3453654e-25;99.99998;-7.345365e-21;0.0017685117;-1.4762021;0.00010430813;1.3638586;1.3637617;0.0;0.0;6915.653;8458.325;-3289.899;6207.282;-1025.4678;-2229.7566
1970-06-19;14.827281;-6.001587;0.009977977;748.38605;1.2365586;129.38258;0.0;-7.3453654e-25;99.99998;-7.345365e-21;0.0005483714;-1.4712847;2.9802322e-05;1.3253391;1.3252944;0.0;0.0;6935.2515;8481.205;-3287.6733;6282.2056;-1022.0511;-2199.4556
1970-06-20;14.955852;-6.148092;0.009985606;748.3652;1.6565207;173.67456;0.0;-7.3453654e-25;99.99998;-7.345365e-21;0.00042690954;-1.3739606;2.9802322e-05;1.288563;1.2885481;0.0;0.0;7060.8574;8633.743;-3319.5684;6184.75;-954.44446;-2437.01
1970-06-21;14.514832;-6.082296;0.010023753;750.71576;1.7289664;234.34895;0.0;-7.3453654e-25;99.99998;-7.345365e-21;0.0017304774;-1.2958907;0.00011920929;1.2535155;1.2534261;0.0;0.0;7032.829;8598.378;-3284.0854;6134.265;-900.2122;-2595.101
1970-06-22;13.773834;-6.38501;0.009990692;750.7369;1.5504594;240.37561;0.0;-7.3453654e-25;99.99998;-7.345365e-21;0.0;-1.256952;0.0;1.2198687;1.2198389;0.0;0.0;7101.981;8681.805;-3422.6355;5921.9634;-873.16223;-2540.6323
1970-06-23;13.971832;-6.4729514;0.009835561;748.72675;1.4279231;222.93512;0.0;-7.3453654e-25;99.99998;-7.345365e-21;0.0008702277;-1.2841728;4.4703484e-05;1.1876523;1.1875927;0.0;0.0;7193.99;8793.136;-3575.1155;5820.9565;-892.0722;-2401.5933
1970-06-24;13.55778;-3.2729187;0.009906769;749.13837;1.2815865;160.68524;0.0;-7.3453654e-25;99.99998;-7.345365e-21;0.00085461506;-1.2543546;5.9604645e-05;1.1566281;1.1565685;0.0;0.0;7090.137;8665.062;-3335.2166;6148.849;-871.3578;-2456.4111
1970-06-25;13.806641;-1.9483236;0.0102005005;750.0857;1.1412995;93.84875;0.0;-7.3453654e-25;99.99998;-7.345365e-21;0.00086128706;-1.1480377;4.4703484e-05;1.1269152;1.1268556;0.0;0.0;6132.1006;7493.0967;-2762.7395;6809.6064;-797.50336;-2163.0688
1970-06-26;14.781657;1.1588135;0.010144551;751.3558;1.0108721;88.5289;0.0;-7.3453654e-25;99.99998;-7.345365e-21;0.08134281;-1.0281885;0.0045597553;1.1031628;1.098603;0.0;0.0;5393.66;6589.9146;-2506.5405;7071.947;-714.2489;-1809.5111
1970-06-27;16.48942;0.4491577;0.01001358;752.94366;1.204615;107.91043;0.0;-7.3453654e-25;99.99998;-7.345365e-21;0.0;-1.3229996;0.0;1.0711998;1.0711998;0.0;0.0;6741.082;8235.215;-3068.8162;6821.108;-919.04333;-2221.6333
1970-06-28;17.005463;-3.2722065;0.010009766;750.9953;1.3489059;154.95282;0.0;-7.3453654e-25;99.99998;-7.345365e-21;0.00042617318;-1.3040099;2.9802322e-05;1.0445267;1.0444969;0.0;0.0;7010.556;8563.35;-3378.3684;6504.223;-905.85114;-2331.3555
1970-06-29;16.785532;-5.326304;0.009936015;748.16284;1.3578418;147.71268;0.0;-7.3453654e-25;99.99998;-7.345365e-21;0.0;-1.2612855;0.0;1.0188222;1.0188148;0.0;0.0;7085.7637;8654.086;-3484.6328;6345.113;-876.17334;-2339.5732
1970-06-30;16.67454;-5.4816184;0.009766896;747.6506;1.3163484;138.23677;0.0;-7.3453654e-25;99.99998;-7.345365e-21;0.0017020839;-1.2292163;0.00010430813;0.9941757;0.99408627;0.0;0.0;7076.0703;8641.114;-3470.4805;6364.07;-853.89557;-2368.0144
1970-07-01;16.574331;-4.1930847;0.009741466;747.58545;1.2674409;108.79401;0.0;-7.3453654e-25;99.99998;-7.345365e-21;0.00044107434;-1.2199805;2.9802322e-05;0.9702444;0.9702295;0.0;0.0;6962.6655;8501.494;-3352.801;6556.5205;-847.48;-2309.4844
1970-07-02;17.23467;0.46751913;0.009880066;748.1131;1.1133822;97.91274;0.0;-7.3453654e-25;99.99998;-7.345365e-21;0.0021443402;-1.103539;0.00011920929;0.9474009;0.94728917;0.0;0.0;6194.4556;7562.562;-2887.635;7098.27;-766.5922;-2049.8555
1970-07-03;17.595774;-0.75720215;0.010064443;748.32135;1.3892058;123.03181;0.0;-7.3453654e-25;99.99998;-7.345365e-21;0.0008702277;-1.1334261;4.4703484e-05;0.9252727;0.925228;0.0;0.0;6648.31;8115.548;-3181.9438;6806.51;-787.35443;-2349.5334
1970-07-04;16.715881;-4.6910806;0.009727478;747.3515;1.3684715;117.00559;0.0;-7.3453654e-25;99.99998;-7.345365e-21;0.0004351138;-1.1431389;2.9802322e-05;0.90387464;0.90384483;0.0;0.0;7084.411;8646.801;-3417.3718;6503.628;-794.1;-2466.8877
1970-07-05;16.875723;1.8340149;0.010103862;748.3698;1.1999363;61.311844;0.0;-7.3453654e-25;99.99998;-7.345365e-21;0.009554625;-0.9452719;0.00052154064;0.8838922;0.88337064;0.0;0.0;5659.05;6906.299;-2679.1272;7257.931;-656.64886;-1945.5122
1970-07-06;17.034403;1.7368774;0.009974162;749.2685;1.356256;51.282658;0.0;-7.3453654e-25;99.99998;-7.345365e-21;0.11780858;-1.0646954;0.006325543;0.8699894;0.8636713;0.0;0.0;6374.934;7779.0244;-2955.4172;7052.2456;-739.6089;-2281.0244
1970-07-07;17.828897;1.4791361;0.009937286;749.4568;1.2139572;53.69311;0.0;-7.3453654e-25;99.99998;-7.345365e-21;0.0536561;-1.0196064;0.002861023;0.84745884;0.8445829;0.0;0.0;5744.5903;7008.839;-2702.6162;7341.8843;-708.2867;-1933.0533
1970-07-08;18.797241;-0.020284018;0.009694417;750.20514;1.0669876;84.59574;0.0;-7.3453654e-25;99.99998;-7.345365e-21;0.0022616878;-0.9577051;0.00011920929;0.8264184;0.8262992;0.0;0.0;5237.4077;6389.215;-2520.9473;7557.1304;-665.285;-1652.0767
1970-07-09;18.7936;-0.88920087;0.010262807;749.6282;1.4577838;187.89655;0.0;-7.3453654e-25;99.99998;-7.345365e-21;0.00044107434;-0.97212195;2.9802322e-05;0.8086562;0.8086413;0.0;0.0;5784.5234;7055.8257;-2753.5977;7313.947;-675.3011;-2022.4711
1970-07-10;17.257456;-0.28496298;0.009961446;748.32837;1.4599835;246.38922;0.0;-7.3453654e-25;99.99998;-7.345365e-21;0.0;-1.0278271;0.0;0.79134107;0.79135597;0.0;0.0;6914.703;8433.151;-3287.4153;6720.378;-713.99664;-2663.581
1970-07-11;17.320272;-0.8343404;0.009562175;747.9025;1.2293981;113.67676;0.0;-7.3453654e-25;99.99998;-7.345365e-21;0.0;-1.0141945;0.0;0.77453256;0.77453256;0.0;0.0;6567.115;8008.0923;-3175.8928;6854.564;-704.5278;-2288.4478
1970-07-12;17.3626;0.56240845;0.010049184;747.72943;1.3212721;153.34654;0.0;-7.3453654e-25;99.99998;-7.345365e-21;0.00044312334;-1.0150578;2.9802322e-05;0.7582009;0.7581711;0.0;0.0;6835.5312;8334.471;-3261.6477;6781.565;-705.12665;-2530.6045
1970-07-13;16.07546;0.5319417;0.009887695;747.4504;1.3337334;236.36372;0.0;-7.3453654e-25;99.99998;-7.345365e-21;0.0021459782;-0.8887034;0.00011920929;0.74253976;0.7424429;0.0;0.0;6484.0767;7904.955;-2961.4255;6920.358;-617.35333;-2603.679
1970-07-14;14.957286;3.5869648;0.009914398;748.5862;0.8921898;116.42368;0.0;-7.3453654e-25;99.99998;-7.345365e-21;1.8166304;-1.0930607;0.09727478;0.8247644;0.7274747;0.0;0.0;5165.572;6296.741;-2191.665;7628.0522;-759.31335;-1999.9534
1970-07-15;15.374135;4.1212564;0.010119121;749.2114;1.1635619;67.66681;0.0;-7.3453654e-25;99.99998;-7.345365e-21;1.061812;-1.547005;0.054091215;0.7673502;0.713259;0.0;0.0;5412.642;6596.9756;-2253.8833;7490.5977;-1074.6533;-1898.57
1970-07-16;15.599568;4.0078835;0.0102005005;749.1341;0.9859322;84.199036;0.0;-7.3453654e-25;99.99998;-7.345365e-21;0.3234625;-1.4306102;0.016450882;0.7159114;0.6994456;0.0;0.0;5193.879;6328.971;-2322.466;7382.981;-993.7978;-1671.1711
1970-07-17;16.783884;3.263265;0.010204315;749.2017;1.1262109;56.76772;0.0;-7.3453654e-25;99.99998;-7.345365e-21;0.21140575;-1.217559;0.010728836;0.6967187;0.68600476;0.0;0.0;4881.37;5946.819;-2214.4492;7597.7275;-845.7967;-1575.7822
1970-07-18;18.005686;2.0984192;0.009896596;748.9361;1.1563781;54.731323;0.0;-7.3453654e-25;99.99998;-7.345365e-21;0.0;-1.2519565;0.0;0.6727725;0.6727651;0.0;0.0;6111.8213;7444.3115;-2833.0745;7217.5635;-869.6922;-1984.8323
1970-07-19;19.579865;-0.63516235;0.010023753;749.2375;1.3686246;169.92822;0.0;-7.3453654e-25;99.99998;-7.345365e-21;0.002576171;-1.1459272;0.00011920929;0.6597936;0.65966696;0.0;0.0;6639.94;8085.622;-3143.92;7088.1294;-796.0367;-2234.1746
1970-07-20;18.866018;-1.2767639;0.010138194;750.02716;1.6028056;252.64935;0.0;-7.3453654e-25;99.99998;-7.345365e-21;0.00042617318;-0.98731184;2.9802322e-05;0.6469488;0.6469339;0.0;0.0;6807.293;8287.588;-3273.475;6845.095;-685.85223;-2576.53
1970-07-21;18.23295;-4.0811057;0.010016124;748.93604;1.162953;109.94463;0.0;-7.3453654e-25;99.99998;-7.345365e-21;0.00042617318;-0.99509305;2.9802322e-05;0.63455105;0.63453615;0.0;0.0;6855.145;8343.913;-3502.946;6597.0176;-691.2589;-2306.1023
1970-07-22;17.145212;2.7777607;0.010186513;749.01556;1.4261497;85.867516;0.0;-7.3453654e-25;99.99998;-7.345365e-21;0.030049682;-0.87880063;0.0011324883;0.6236583;0.62251836;0.0;0.0;6300.96;7667.4927;-3012.9272;7030.96;-610.4744;-2347.1067
1970-07-23;14.568746;7.398539;0.0099983215;749.73065;1.1986886;65.75888;0.0;-7.3453654e-25;99.99998;-7.345365e-21;9.016308;-1.0099411;0.5991161;1.2102574;0.6111413;0.0;0.0;4928.667;5996.3833;-2199.8325;7480.1987;-701.5711;-1960.5488
1970-07-24;13.235992;8.248901;0.010241191;749.24567;1.2074984;90.25631;0.0;-7.3453654e-25;99.99998;-7.345365e-21;15.872803;-2.6600306;1.1688471;1.769349;0.60049444;0.0;0.0;4893.9526;5952.9814;-1621.1644;7714.8237;-1847.8345;-1478.5834
1970-07-25;13.134389;6.918345;0.010009766;748.8108;1.1030898;90.86138;0.0;-7.3453654e-25;99.99998;-7.345365e-21;1.592496;-3.0493233;0.102460384;0.6928295;0.5903691;0.0;0.0;4777.7417;5810.297;-1814.9272;7301.4424;-2118.2634;-1032.0922
1970-07-26;13.549397;3.6708882;0.009674072;749.425;1.2051201;110.31657;0.0;-7.3453654e-25;99.99998;-7.345365e-21;0.3210008;-3.2606628;0.01937151;0.59980154;0.58043003;0.0;0.0;5641.0156;6858.5713;-2132.1184;6991.317;-2265.0732;-1236.1389
1970-07-27;15.20226;0.50638837;0.010044098;750.0822;1.3170302;144.07814;0.0;-7.3453654e-25;99.99998;-7.345365e-21;0.00042617318;-3.5234866;2.9802322e-05;0.57053566;0.5705133;0.0;0.0;6340.057;7706.6743;-2539.6338;6712.65;-2447.649;-1228.9556
1970-07-28;15.746501;1.4165955;0.009925842;749.63135;1.3496448;109.51952;0.0;-7.3453654e-25;99.99998;-7.345365e-21;0.010865762;-3.0462239;0.0005066395;0.56125224;0.56075305;0.0;0.0;6024.5093;7321.2983;-2512.7622;6819.4614;-2116.111;-1223.9473
1970-07-29;17.424063;0.24828084;0.009736379;749.9379;1.1696048;124.99906;0.0;-7.3453654e-25;99.99998;-7.345365e-21;0.0023621342;-3.022149;0.00012665987;0.55126846;0.55114925;0.0;0.0;6772.4067;8228.496;-2896.9094;6669.848;-2099.3855;-1455.4767
1970-07-30;18.0513;-2.7382507;0.009961446;750.21564;1.3105382;151.57501;0.0;-7.3453654e-25;99.99998;-7.345365e-21;0.0017136326;-2.6821196;8.940697e-05;0.5418062;0.5417168;0.0;0.0;6883.2227;8361.274;-3179.4795;6442.6963;-1863.1788;-1577.9445
1970-07-31;17.671661;-2.0600383;0.009871165;751.2231;1.2903234;103.47567;0.0;-7.3453654e-25;99.99998;-7.345365e-21;0.0004231929;-2.2235792;2.9802322e-05;0.5325377;0.53250045;0.0;0.0;6795.9;8253.36;-3197.3906;6530.849;-1544.6466;-1672.3345
1970-08-01;18.11794;4.674581;0.009878795;750.5669;1.3289928;91.39451;0.0;-7.3453654e-25;99.99998;-7.345365e-21;0.00043511385;-1.6929209;2.9802322e-05;0.5235076;0.52348524;0.0;0.0;6417.694;7792.3306;-2806.791;7174.374;-1176.0155;-1930.3778
1970-08-02;18.457193;4.4292703;0.0097134905;748.426;1.3362699;110.87433;0.0;-7.3453654e-25;99.99998;-7.345365e-21;0.002619623;-1.2212154;0.00013411045;0.5148798;0.5147457;0.0;0.0;5442.118;6606.3584;-2480.3948;7529.069;-848.33777;-1747.3367
1970-08-03;18.136637;3.1598206;0.009666443;748.06915;1.2089059;139.16655;0.0;-7.3453654e-25;99.99998;-7.345365e-21;0.0017042485;-1.0417886;8.940697e-05;0.50640106;0.5063191;0.0;0.0;5278.4033;6405.9556;-2587.825;7352.3965;-723.69556;-1726.17
1970-08-04;17.269022;0.553243;0.009844462;749.0225;1.3325;180.31813;0.0;-7.3453654e-25;99.99998;-7.345365e-21;0.0;-1.0624677;0.0;0.4980713;0.4980713;0.0;0.0;6217.152;7543.717;-2992.428;6917.1255;-738.0611;-2266.689
1970-08-05;16.835236;-1.5104574;0.00965627;749.156;1.3656306;225.65881;0.0;-7.3453654e-25;99.99998;-7.345365e-21;0.0;-0.99667627;0.0;0.48997998;0.48995763;0.0;0.0;6266.741;7602.44;-3027.7673;6802.382;-692.35834;-2291.078
1970-08-06;15.868164;-0.5991923;0.010161082;746.7075;1.3288206;161.51457;0.0;-7.3453654e-25;99.99998;-7.345365e-21;0.0004351138;-0.869099;2.9802322e-05;0.48214197;0.48211217;0.0;0.0;5757.725;6983.3345;-2843.0427;6865.2944;-603.73553;-2127.283
1970-08-07;15.432149;1.9353333;0.009991963;747.1526;0.9721658;93.37924;0.0;-7.3453654e-25;99.99998;-7.345365e-21;0.07915569;-0.8151354;0.0036507845;0.47819316;0.47454238;0.0;0.0;5081.4805;6161.5454;-2472.8616;7243.5156;-566.2478;-1824.7522
1970-08-08;16.211405;2.3566997;0.010222117;748.7759;0.93245524;86.883705;0.0;-7.3453654e-25;99.99998;-7.345365e-21;0.0062704086;-0.7970147;0.00025331974;0.46741962;0.4671812;0.0;0.0;5055.6274;6129.0107;-2553.2356;7214.2305;-553.66;-1701.9567
1970-08-09;17.814035;1.9081421;0.009951274;750.8864;1.0680827;84.48943;0.0;-7.3453654e-25;99.99998;-7.345365e-21;0.0008583069;-0.91354364;4.4703484e-05;0.45993924;0.45989454;0.0;0.0;5723.445;6936.9956;-2785.7212;7220.8574;-634.6078;-1908.7012
1970-08-10;19.124777;2.895874;0.009859721;751.66486;1.1388723;63.221615;0.0;-7.3453654e-25;99.99998;-7.345365e-21;0.0006631254;-0.8722562;2.9802322e-05;0.45275688;0.45274198;0.0;0.0;5357.823;6492.442;-2638.066;7510.352;-605.9278;-1704.9456
1970-08-11;19.727743;4.3508506;0.009994507;750.95636;1.2042912;62.330353;0.0;-7.3453654e-25;99.99998;-7.345365e-21;0.00013411045;-0.8911621;0.0;0.44573843;0.44572353;0.0;0.0;5531.0576;6700.933;-2671.559;7603.309;-619.0611;-1819.2844
1970-08-12;20.274282;3.9681194;0.0103263855;750.1484;1.1994897;73.95714;0.0;-7.3453654e-25;99.99998;-7.345365e-21;0.0;-0.9089932;0.0;0.4388541;0.4388541;0.0;0.0;5822.698;7052.7476;-2866.5713;7485.132;-631.44666;-1912.2755
1970-08-13;20.431967;1.0507812;0.0099817915;750.05316;1.4626504;180.92847;0.0;-7.3453654e-25;99.99998;-7.345365e-21;0.0;-0.8490402;0.0;0.43213367;0.43214113;0.0;0.0;5762.19;6977.7183;-2915.6816;7330.993;-589.8;-1983.0377
1970-08-14;19.438711;-0.29867554;0.009885152;749.87787;1.2886871;118.69006;0.0;-7.3453654e-25;99.99998;-7.345365e-21;0.0008583068;-0.8800961;5.9604645e-05;0.42560697;0.42556226;0.0;0.0;6305.7954;7634.27;-3237.537;6949.3735;-611.37335;-2214.7266
1970-08-15;17.41568;-2.7174988;0.010045369;747.15497;1.382259;127.67741;0.0;-7.3453654e-25;99.99998;-7.345365e-21;0.0012882665;-0.82110614;5.9604645e-05;0.41919947;0.41912496;0.0;0.0;6553.2163;7932.122;-3417.6758;6528.9976;-570.39557;-2418.1433
1970-08-16;16.331268;1.6228231;0.010063171;746.56976;1.2437891;102.77151;0.0;-7.3453654e-25;99.99998;-7.345365e-21;0.011121263;-0.7366929;0.00055134296;0.41341782;0.41286647;0.0;0.0;5839.168;7066.813;-2856.047;7038.5107;-511.75665;-2266.4255
1970-08-17;16.719309;-0.18201701;0.009951274;747.6558;1.2617844;130.84885;0.0;-7.3453654e-25;99.99998;-7.345365e-21;0.003243994;-0.76288915;0.00011920929;0.4068911;0.406757;0.0;0.0;6003.9087;7265.374;-3070.9182;6811.45;-529.95447;-2269.1033
1970-08-18;16.13204;-5.8400064;0.009924571;747.97345;1.375103;136.03589;0.0;-7.3453654e-25;99.99998;-7.345365e-21;0.0;-0.76359695;0.0;0.40075183;0.40075183;0.0;0.0;6456.955;7812.648;-3450.316;6293.4067;-530.44556;-2399.4966
1970-08-19;16.14742;-0.72869873;0.009966533;749.8071;1.0068488;77.38775;0.0;-7.3453654e-25;99.99998;-7.345365e-21;0.0017672774;-0.69177336;7.4505806e-05;0.39499998;0.39494038;0.0;0.0;5516.7285;6674.2124;-2890.8342;6893.047;-480.55222;-1876.961
1970-08-20;17.869986;0.38267007;0.009862264;748.77277;1.1474018;82.495125;0.0;-7.3453654e-25;99.99998;-7.345365e-21;0.0035098002;-0.7854607;0.00016391277;0.38936734;0.38920343;0.0;0.0;6176.383;7471.532;-3174.27;6879.1;-545.63336;-2077.8022
1970-08-21;18.21821;0.71761066;0.009744008;748.3077;1.229652;108.50888;0.0;-7.3453654e-25;99.99998;-7.345365e-21;0.005030187;-0.7200204;0.0001937151;0.3837794;0.3835857;0.0;0.0;5718.831;6917.2188;-2959.2173;7070.6113;-500.17444;-1993.419
1970-08-22;17.877625;-1.8168234;0.010041554;748.2426;1.2674818;153.7216;0.0;-7.3453654e-25;99.99998;-7.345365e-21;0.0026320058;-0.7460732;0.00012665987;0.37822127;0.37808716;0.0;0.0;6163.401;7454.0083;-3308.369;6678.7935;-518.27167;-2170.87
1970-08-23;17.038004;-4.4943748;0.009830475;747.5515;1.3336228;167.9155;0.0;-7.3453654e-25;99.99998;-7.345365e-21;0.0;-0.7034838;0.0;0.37273765;0.37272274;0.0;0.0;6233.097;7537.387;-3353.9573;6472.5757;-488.68777;-2256.2834
1970-08-24;16.578012;-5.764211;0.009667714;749.215;1.3339992;242.62971;0.0;-7.3453654e-25;99.99998;-7.345365e-21;0.0008583069;-0.67000836;4.4703484e-05;0.36753714;0.36749244;0.0;0.0;6225.5576;7527.424;-3350.9568;6364.0225;-465.43222;-2294.6045
1970-08-25;16.400644;-6.9130044;0.0100695295;748.98114;1.1850804;183.65663;0.0;-7.3453654e-25;99.99998;-7.345365e-21;0.0008523463;-0.68065894;2.9802322e-05;0.36242604;0.36238134;0.0;0.0;6227.8877;7529.3174;-3422.1309;6304.065;-472.83112;-2159.0833
1970-08-26;16.438059;-6.1116233;0.009700775;747.6394;1.513091;238.21733;0.0;-7.3453654e-25;99.99998;-7.345365e-21;0.0021489423;-0.6525265;0.00011920929;0.35747886;0.35738945;0.0;0.0;6193.231;7486.5645;-3386.4524;6312.7666;-453.28888;-2201.4856
1970-08-27;14.202159;-3.0242717;0.009901683;746.4361;1.6715606;214.37598;0.0;-7.3453654e-25;99.99998;-7.345365e-21;0.0017106531;-0.5619489;8.940697e-05;0.35262108;0.35254657;0.0;0.0;6079.7896;7348.5557;-3132.7344;6299.963;-390.36667;-2590.6567
1970-08-28;13.424367;-2.8135884;0.009969075;748.8309;1.360521;150.25853;0.0;-7.3453654e-25;99.99998;-7.345365e-21;0.0004351138;-0.56184083;2.9802322e-05;0.3478229;0.3478229;0.0;0.0;5997.676;7248.452;-3122.6316;6253.2812;-390.29224;-2442.17
1970-08-29;15.683472;-2.9635723;0.009819031;751.2637;1.6000961;118.39505;0.0;-7.3453654e-25;99.99998;-7.345365e-21;0.0016391277;-0.54178387;5.9604645e-05;0.34324825;0.3431961;0.0;0.0;5184.7344;6265.1826;-2696.584;6825.4785;-376.36;-1900.831
1970-08-30;14.371562;1.3588969;0.009937286;749.97797;1.5022473;127.12362;0.0;-7.3453654e-25;99.99998;-7.345365e-21;0.034707785;-0.54722095;0.0015348196;0.3402233;0.3387034;0.0;0.0;5371.849;6490.2983;-2737.0737;6793.791;-380.13556;-2248.459
1970-08-31;13.022125;-2.9710796;0.009999593;748.67334;1.302371;112.21525;0.0;-7.3453654e-25;99.99998;-7.345365e-21;0.0004459178;-0.5906131;1.4901161e-05;0.33426285;0.33423305;0.0;0.0;5964.5054;7205.608;-3240.69;6130.703;-410.27777;-2281.021
1970-09-01;14.504994;-4.6735535;0.010149638;747.87915;1.2347478;115.86945;0.0;-7.3453654e-25;99.99998;-7.345365e-21;0.0012856872;-0.5959114;5.9604645e-05;0.3299117;0.3298521;0.0;0.0;5933.8135;7167.7837;-3325.6719;6125.11;-413.95944;-2053.6467
1970-09-02;14.131572;-6.2635093;0.009860992;748.91406;1.2872748;162.3392;0.0;-7.3453654e-25;99.99998;-7.345365e-21;0.0;-0.57039505;0.0;0.32557547;0.32557547;0.0;0.0;5914.81;7143.943;-3304.7424;6090.5024;-396.23557;-2125.6077
1970-09-03;13.988403;-3.5452778;0.009878795;750.201;1.128588;150.55595;0.0;-7.3453654e-25;99.99998;-7.345365e-21;0.00044107434;-0.55750275;1.4901161e-05;0.32138824;0.32137334;0.0;0.0;5828.7856;7039.2437;-3215.0764;6184.499;-387.2789;-2108.5466
1970-09-04;13.666026;-2.2149963;0.009614308;749.3032;1.1729898;143.2116;0.0;-7.3453654e-25;99.99998;-7.345365e-21;0.0012814989;-0.54326093;5.9604645e-05;0.31733513;0.31726807;0.0;0.0;5789.329;6990.7495;-3211.5994;6156.757;-377.38443;-2125.2488
1970-09-05;13.33667;-2.1045024;0.009925842;748.65375;1.1522368;102.201935;0.0;-7.3453654e-25;99.99998;-7.345365e-21;0.006276369;-0.53467506;0.00022351742;0.31349063;0.3132522;0.0;0.0;5520.71;6665.526;-2976.3552;6403.739;-371.4211;-2017.7789
1970-09-06;14.831105;-3.8324382;0.010117848;749.09;1.2519833;125.31806;0.0;-7.3453654e-25;99.99998;-7.345365e-21;0.0021587303;-0.5593337;0.00011920929;0.3094077;0.30929595;0.0;0.0;5683.3076;6861.0527;-3143.4932;6346.958;-388.55;-1988.1355
1970-09-07;15.323578;-5.7029214;0.0100746155;749.4067;1.2390388;176.34123;0.0;-7.3453654e-25;99.99998;-7.345365e-21;0.0;-0.55906177;0.0;0.3054142;0.3054291;0.0;0.0;5668.239;6842.0386;-3271.4019;6201.6343;-388.3611;-1912.8711
1970-09-08;14.3063965;-7.198822;0.010027568;748.6911;1.3953714;162.9801;0.0;-7.3453654e-25;99.99998;-7.345365e-21;0.0012791033;-0.52862054;5.9604645e-05;0.3017038;0.30163676;0.0;0.0;5676.64;6851.383;-3275.4583;6065.997;-367.21445;-1936.8656
1970-09-09;13.177968;-1.6402283;0.009990692;749.71265;1.6051465;46.52916;0.0;-7.3453654e-25;99.99998;-7.345365e-21;0.00042915344;-0.50105155;1.4901161e-05;0.29793382;0.29793382;0.0;0.0;5554.681;6703.2837;-3165.2527;6147.1245;-348.06332;-1979.3833
1970-09-10;13.146454;-2.5855205;0.01010259;748.70703;1.3639998;81.32891;0.0;-7.3453654e-25;99.99998;-7.345365e-21;0.0004351138;-0.5026143;1.4901161e-05;0.29432774;0.29430538;0.0;0.0;5454.5547;6581.7593;-3096.291;6195.2866;-349.15;-1888.2467
1970-09-11;11.539775;-0.8732808;0.009848277;747.3675;1.2890383;97.83555;0.0;-7.3453654e-25;99.99998;-7.345365e-21;1.0137379;-0.6536264;0.04965067;0.34043193;0.29079616;0.0;0.0;5012.888;6047.924;-2759.9614;6339.8096;-454.05334;-1857.1589
1970-09-12;10.645935;-0.0065307617;0.0101292925;751.07056;1.6467596;44.157475;0.0;-7.3453654e-25;99.99998;-7.345365e-21;0.0025868411;-0.69799274;0.00011920929;0.2875179;0.28739125;0.0;0.0;5300.7607;6394.5522;-2950.0603;6017.1787;-484.87222;-1990.4366
1970-09-13;12.024373;-5.413564;0.009970347;750.20166;1.2249292;63.374084;0.0;-7.3453654e-25;99.99998;-7.345365e-21;0.002995206;-0.66800785;0.00013411045;0.28413534;0.28400123;0.0;0.0;5491.3687;6623.8037;-3257.4138;5804.7827;-464.04224;-1685.3088
1970-09-14;12.959758;-7.082489;0.010189056;750.1394;1.1654881;144.11465;0.0;-7.3453654e-25;99.99998;-7.345365e-21;0.0012663322;-0.58094597;5.9604645e-05;0.28070807;0.28064847;0.0;0.0;5241.812;6322.077;-2964.0137;6203.292;-403.56445;-1699.3545
1970-09-15;12.393697;-4.557007;0.010356903;750.74274;0.9436199;66.879875;0.0;-7.3453654e-25;99.99998;-7.345365e-21;0.03437996;-0.45999324;0.001475215;0.27889013;0.27741492;0.0;0.0;4206.6787;5072.8584;-2432.1443;6713.4277;-319.54166;-1370.4867
1970-09-16;10.425466;3.1378174;0.009829204;751.44086;1.1592184;46.23744;0.0;-7.3453654e-25;99.99998;-7.345365e-21;4.8489246;-0.64889807;0.29052794;0.5648285;0.27427822;0.0;0.0;4463.9673;5378.4727;-2343.1702;6674.689;-450.7678;-1740.3112
1970-09-17;10.519012;2.4813945;0.010039012;753.10376;1.1236018;40.2504;0.0;-7.3453654e-25;99.99998;-7.345365e-21;1.3840795;-1.4949673;0.07614493;0.34740567;0.27124584;0.0;0.0;4552.0366;5479.878;-2291.9263;6546.3726;-1038.5044;-1311.23
1970-09-18;10.699626;0.5505168;0.009962718;754.51776;0.9889464;74.24124;0.0;-7.3453654e-25;99.99998;-7.345365e-21;0.31451285;-1.4273236;0.014826655;0.28310716;0.2682507;0.0;0.0;4632.1523;5571.4644;-2457.746;6355.151;-991.5139;-1264.2422
1970-09-19;10.906606;-1.8278605;0.010114034;752.8272;0.9809973;85.87907;0.0;-7.3453654e-25;99.99998;-7.345365e-21;0.24751559;-1.315034;0.011757016;0.2770722;0.26530772;0.0;0.0;4554.2705;5473.0127;-2468.6013;6342.06;-913.5111;-1207.9567
1970-09-20;10.800008;-1.6726786;0.010070801;752.0381;1.0542779;101.579;0.0;-7.3453654e-25;99.99998;-7.345365e-21;0.1326949;-1.1470401;0.0060349703;0.26842952;0.262402;0.0;0.0;4475.1895;5373.335;-2490.168;6296.435;-796.81;-1216.4144
1970-09-21;12.048187;-3.5477092;0.00990804;753.0386;1.3065617;120.20292;0.0;-7.3453654e-25;99.99998;-7.345365e-21;0.0012844794;-1.093586;5.9604645e-05;0.25959313;0.25951862;0.0;0.0;4819.8213;5782.0376;-2641.895;6250.329;-759.6778;-1346.4122
1970-09-22;13.159099;-3.817973;0.009728749;754.0464;1.5597172;155.08928;0.0;-7.3453654e-25;99.99998;-7.345365e-21;0.013086199;-0.87327886;0.00062584877;0.25731325;0.2566874;0.0;0.0;4549.9155;5453.5776;-2499.9773;6441.5596;-606.6383;-1370.9634
1970-09-23;12.266856;-4.6903586;0.0101916;753.7693;1.4657887;227.73354;0.0;-7.3453654e-25;99.99998;-7.345365e-21;0.001275539;-0.7188115;5.9604645e-05;0.2539754;0.2539158;0.0;0.0;4991.4663;5977.5864;-2749.5889;6096.4043;-499.33444;-1776.8689
1970-09-24;11.595978;-4.6072793;0.009980519;753.87897;1.1741573;199.8191;0.0;-7.3453654e-25;99.99998;-7.345365e-21;0.0012844794;-0.63066185;5.9604645e-05;0.25123358;0.25117397;0.0;0.0;4987.642;5967.823;-2881.7117;5959.513;-438.1;-1659.9833
1970-09-25;12.357422;-3.741923;0.010148366;753.01373;1.1176602;171.06725;0.0;-7.3453654e-25;99.99998;-7.345365e-21;0.0012844794;-0.5823253;5.9604645e-05;0.24852157;0.24846196;0.0;0.0;4926.371;5889.4067;-2887.2576;6069.078;-404.52222;-1513.6544
1970-09-26;12.070323;-2.2748108;0.009838104;752.3609;1.3773198;201.04144;0.0;-7.3453654e-25;99.99998;-7.345365e-21;0.0004351138;-0.48459974;1.4901161e-05;0.24582446;0.24580956;0.0;0.0;4859.5527;5804.496;-2832.262;6069.7104;-336.63556;-1673.4811
1970-09-27;12.198059;-4.7815957;0.010108948;755.2343;1.214229;206.63892;0.0;-7.3453654e-25;99.99998;-7.345365e-21;0.0;-0.4666317;0.0;0.24318695;0.24320185;0.0;0.0;4938.6445;5893.8687;-2961.2058;5911.122;-324.15332;-1590.0688
1970-09-28;12.616038;-2.3997905;0.00999705;753.7056;1.4488767;158.96996;0.0;-7.3453654e-25;99.99998;-7.345365e-21;0.026776977;-0.41084364;0.0013113022;0.24193525;0.24065375;0.0;0.0;4459.638;5317.7017;-2525.2085;6401.8423;-285.4;-1563.8044
1970-09-29;12.3090105;-2.1813252;0.009880066;749.8693;1.5496212;216.42061;0.0;-7.3453654e-25;99.99998;-7.345365e-21;0.03131628;-0.3819503;0.0015348196;0.23971498;0.23816526;0.0;0.0;4370.2954;5206.6655;-2477.6943;6366.818;-265.3278;-1622.64
1970-09-30;9.557556;-0.677948;0.0100695295;748.7303;1.9930226;200.26007;0.0;-7.3453654e-25;99.99998;-7.345365e-21;2.5243492;-0.94771385;0.124678016;0.3605038;0.23582578;0.0;0.0;4292.973;5110.1;-2312.401;6174.6597;-658.3444;-1566.0311
1970-10-01;7.2380166;-2.4537861;0.010250092;751.44135;1.3533682;220.34212;0.0;-7.3453654e-25;99.99998;-7.345365e-21;0.0025755544;-0.73161906;0.00011920929;0.2336353;0.23350865;0.0;0.0;4772.6763;5676.178;-2851.459;5460.3076;-508.2311;-1728.7611
1970-10-02;8.046031;-11.3751135;0.009974162;754.6306;1.0939773;215.73708;0.0;-7.3453654e-25;99.99998;-7.345365e-21;0.0;-0.7214109;0.0;0.23117661;0.23116171;0.0;0.0;4865.9463;5782.0884;-3131.3445;5138.8657;-501.14056;-1399.0466
1970-10-03;9.463654;-7.3952546;0.009749095;753.93427;1.2458287;266.14096;0.0;-7.3453654e-25;99.99998;-7.345365e-21;0.0;-0.620055;0.0;0.22885203;0.22884458;0.0;0.0;4713.5845;5596.246;-2785.4639;5659.5376;-430.7311;-1332.6812
1970-10-04;9.898875;-4.2377725;0.010046641;752.6539;1.0520674;180.02185;0.0;-7.3453654e-25;99.99998;-7.345365e-21;0.0;-0.557133;0.0;0.22655725;0.22655725;0.0;0.0;4616.3135;5476.03;-2739.906;5870.359;-387.02222;-1436.78
1970-10-05;11.098317;-5.396952;0.009841919;749.6343;1.0746642;205.65076;0.0;-7.3453654e-25;99.99998;-7.345365e-21;0.00042617318;-0.5182745;1.4901161e-05;0.22432208;0.22430718;0.0;0.0;4650.26;5511.564;-2949.9421;5705.4844;-360.02667;-1304.2622
1970-10-06;7.770294;-2.3677876;0.009983063;748.53467;1.7711517;222.31926;0.0;-7.3453654e-25;99.99998;-7.345365e-21;0.107976794;-0.34676027;0.0051259995;0.22725761;0.22211671;0.0;0.0;4172.0938;4940.7144;-2305.588;6076.928;-240.88278;-1656.2012
1970-10-07;5.668966;-5.3009133;0.010180156;748.4428;1.2462875;195.21063;0.0;-7.3453654e-25;99.99998;-7.345365e-21;0.008851289;-0.38169324;0.0004172325;0.22041798;0.22000074;0.0;0.0;4489.14;5311.473;-2845.0789;5332.533;-265.14944;-1769.3622
1970-10-08;4.8597107;-10.302216;0.009906769;747.284;1.1456729;132.97849;0.0;-7.3453654e-25;99.99998;-7.345365e-21;0.0029960466;-0.34354907;0.00013411045;0.21804869;0.21791458;0.0;0.0;4574.812;5408.2065;-2883.1516;5129.786;-238.65167;-1534.9678
1970-10-09;3.8038228;-9.45754;0.0101292925;747.5234;1.107308;102.08947;0.0;-7.3453654e-25;99.99998;-7.345365e-21;0.00092983234;-0.30605122;2.9802322e-05;0.21588802;0.21585822;0.0;0.0;4082.0012;4821.4326;-2529.8472;5455.135;-212.60333;-1463.0477
1970-10-10;3.8099773;-9.478475;0.010131836;751.46704;1.0674897;97.47994;0.0;-7.3453654e-25;99.99998;-7.345365e-21;0.0012959036;-0.30067003;5.9604645e-05;0.21392107;0.21384656;0.0;0.0;4459.969;5263.0806;-2715.1372;5227.579;-208.86555;-1561.9266
1970-10-11;6.7944946;-6.094523;0.010064443;754.5214;1.1035014;70.73371;0.0;-7.3453654e-25;99.99998;-7.345365e-21;0.24540722;-0.33849663;0.011272728;0.22312999;0.21184236;0.0;0.0;4217.586;4973.0854;-2345.446;5976.3364;-235.14223;-1180.6989
1970-10-12;5.833954;0.67755127;0.010042827;754.3708;1.1297647;109.87788;0.0;-7.3453654e-25;99.99998;-7.345365e-21;3.1873584;-0.77708995;0.16716123;0.3771782;0.20998716;0.0;0.0;1941.2039;2287.2727;-1321.2988;6661.7725;-539.82;-334.94556
1970-10-13;6.961609;0.33913168;0.01003774;749.851;1.3489016;219.44948;0.0;-7.3453654e-25;99.99998;-7.345365e-21;7.773715;-0.96060896;0.47934055;0.6875098;0.20816922;0.0;0.0;3331.5923;3921.9756;-1566.4344;6783.9478;-667.30225;-988.98224
1970-10-14;2.845337;1.3423971;0.010007222;747.2801;1.403513;211.15825;0.0;-7.3453654e-25;99.99998;-7.345365e-21;7.403183;-1.5759888;0.443846;0.650242;0.20639598;0.0;0.0;2420.879;2847.5894;-702.1717;7176.745;-1094.7866;-954.25665
1970-10-15;2.9828186;0.19152832;-1.6717262;749.3249;1.3446769;212.72267;0.05135091;5.8809915e-06;107.21287;-7.345365e-21;2.4456947;-1.432756;0.14849007;0.35320222;0.2047047;0.0034347177;0.009171665;2713.4084;3190.4343;-1118.2411;6757.295;-995.29;-928.24445
1970-10-16;4.429291;-0.26581827;-4.32061;751.5146;0.92147994;212.8394;0.034505207;4.529953e-06;127.80532;-7.345365e-21;0.0017166138;-1.4185048;0.0002682209;0.20319223;0.20295382;0.0020246953;0.0;4008.311;4709.9795;-2208.1257;5739.1846;-985.38776;-1067.1267
1970-10-17;4.950358;-3.4102478;-4.189916;751.71387;0.8794264;146.95674;0.01936849;2.5828679e-06;141.04034;-7.345365e-21;0.0008583069;-1.2947265;0.00014901161;0.20134449;0.20119548;0.0013783574;0.0;3650.7039;4287.951;-2009.022;5899.4077;-899.4033;-785.66
1970-10-18;4.900228;-3.5131428;-4.6650124;751.6631;1.0482932;122.81522;0.0120442705;1.9073486e-06;141.37498;-7.345365e-21;5.9604645e-05;-1.2739328;7.4505806e-05;0.19952655;0.19944459;0.0009983778;0.0;3867.1106;4540.2173;-2150.5771;5742.661;-884.96;-914.76
1970-10-19;5.3813577;-3.570943;-4.856912;752.8909;1.0698085;214.87225;0.0061035156;1.2715658e-06;141.37498;-7.345365e-21;0.0;-1.2126248;4.4703484e-05;0.19776821;0.19773096;0.00060908496;0.0;3939.2917;4623.52;-2279.2932;5625.4473;-842.3711;-905.31665
1970-10-20;5.4108276;-2.9124653;-4.136061;754.34894;1.0343688;164.28372;0.00390625;4.7683716e-07;141.37498;-7.345365e-21;0.05570352;-0.9455532;0.0029355288;0.1989901;0.19604713;0.000346452;0.0;3080.32;3614.2588;-1763.3005;6125.3564;-656.8444;-709.01
1970-10-21;5.036804;-3.6697388;-4.897124;754.2631;1.1314441;112.04853;0.0025227864;-7.3453654e-25;141.37498;-7.345365e-21;0.0012991943;-1.0366831;8.940697e-05;0.19446015;0.19440055;0.00018812716;0.0;3722.5671;4366.2744;-2177.9033;5707.4937;-720.15;-886.2589
1970-10-22;5.3724875;-3.7629192;-4.357769;753.51764;0.99271315;64.390465;0.00081380206;-7.3453654e-25;141.37498;-7.345365e-21;0.0;-1.0525714;1.4901161e-05;0.19274652;0.19273907;9.872019e-05;0.0;3793.0227;4447.574;-2203.689;5793.0044;-731.18665;-790.23444
1970-10-23;4.77417;-3.7622375;-5.0243554;752.18823;1.3501383;39.13315;0.0;-7.3453654e-25;141.37498;-7.345365e-21;0.06635785;-0.9368956;0.0033825636;0.19448996;0.19109994;4.4703484e-05;0.0;3701.646;4339.0933;-2250.4568;5628.105;-650.8311;-899.9644
1970-10-24;4.211283;-4.044281;-5.375688;751.28485;1.2765911;40.875355;0.0;-7.3453654e-25;141.37498;-7.345365e-21;0.00044107434;-0.813894;2.9802322e-05;0.18954277;0.18949807;2.0489097e-05;0.0;3682.4;4315.001;-2256.5288;5534.715;-565.38556;-929.98114
1970-10-25;5.3297524;-5.7184753;-6.6490455;751.66437;1.0749336;107.89744;0.0;-7.3453654e-25;118.41632;-7.345365e-21;0.0012934206;-0.8329693;5.9604645e-05;0.18799305;0.187926;3.7252903e-06;0.0;3816.9995;4471.4854;-2372.5583;5477.4746;-578.63666;-794.0311
1970-10-26;6.257273;-6.139913;-3.9382198;753.8632;0.93247914;145.21385;0.0;-7.3453654e-25;104.536766;-7.345365e-21;0.0008592282;-0.790379;4.4703484e-05;0.18639863;0.18636137;3.7252903e-06;0.0;3790.2856;4438.7754;-2386.655;5490.78;-549.0489;-782.5589
1970-10-27;5.441162;-4.1697183;-0.45818582;753.4732;1.1433641;229.7339;0.0;-7.3453654e-25;100.085266;-7.345365e-21;0.34460425;-0.6604809;0.01733005;0.20214915;0.18482655;0.0;0.0;3621.6455;4239.926;-2158.1023;5690.979;-458.81332;-882.17
1970-10-28;3.3964436;-3.9000752;0.009999593;752.358;1.3786902;207.0843;0.0;-7.3453654e-25;99.99998;-7.345365e-21;0.13834536;-0.6824285;0.006854534;0.19019842;0.18334389;0.0;0.0;3416.516;3998.73;-1917.3706;5866.3276;-474.0611;-1057.86
1970-10-29;3.1979675;-4.623657;0.010059357;753.95184;0.9701898;156.67766;0.0;-7.3453654e-25;99.99998;-7.345365e-21;0.0004351138;-0.6199302;2.9802322e-05;0.18188357;0.18187612;0.0;0.0;3695.7383;4323.9556;-2489.7056;5187.313;-430.64557;-991.8222
1970-10-30;2.5935059;-3.8112996;0.009925842;752.38525;1.2326733;200.54875;0.0;-7.3453654e-25;99.99998;-7.345365e-21;0.0030135133;-0.4179198;0.00014901161;0.18057227;0.18042326;0.0;0.0;3224.659;3771.64;-2142.801;5373.5757;-290.31555;-888.55334
1970-10-31;3.3261516;-6.390676;0.010055542;754.4847;0.88309604;164.18373;0.0;-7.3453654e-25;99.99998;-7.345365e-21;0.0021353243;-0.5091392;0.00011920929;0.17912686;0.17900765;0.0;0.0;3677.8394;4300.3667;-2525.2021;5048.481;-353.68332;-782.26
1970-11-01;4.257548;-7.489319;0.010131836;754.9521;1.0173005;186.47679;0.0;-7.3453654e-25;99.99998;-7.345365e-21;0.00044107434;-0.48985147;2.9802322e-05;0.17762184;0.17759949;0.0;0.0;3648.7673;4265.061;-2500.6729;5105.061;-340.28333;-730.38776
1970-11-02;5.053894;-7.921041;0.009922028;754.5886;1.0579042;154.63478;0.0;-7.3453654e-25;99.99998;-7.345365e-21;0.0008523463;-0.49307477;4.4703484e-05;0.17624348;0.17619878;0.0;0.0;3554.7156;4153.8354;-2346.2078;5367.4644;-342.52335;-645.48553
1970-11-03;4.6041565;-5.4635215;0.010023753;752.0367;1.1879117;242.78969;0.0;-7.3453654e-25;99.99998;-7.345365e-21;0.0012099743;-0.3495002;5.9604645e-05;0.17489493;0.17483532;0.0;0.0;2650.828;3096.909;-1591.0939;6096.629;-242.78612;-629.81335
1970-11-04;4.1171875;-2.5639038;0.010056813;753.79956;1.0236894;203.61278;0.0;-7.3453654e-25;99.99998;-7.345365e-21;0.115054846;-0.31660777;0.0056922436;0.17923117;0.17350912;0.0;0.0;2605.814;3043.2212;-1640.4545;6076.967;-219.93666;-710.9767
1970-11-05;4.020498;-2.6551514;0.010018666;752.8536;1.0661855;251.67377;0.0;-7.3453654e-25;99.99998;-7.345365e-21;0.0066906214;-0.34632534;0.00032782555;0.17252564;0.17220527;0.0;0.0;2793.986;3261.9622;-1806.0164;5862.7124;-240.58;-750.81335
1970-11-06;4.039866;-4.292928;0.010185242;752.5474;0.89532375;183.48268;0.0;-7.3453654e-25;99.99998;-7.345365e-21;0.00085234636;-0.36554223;4.4703484e-05;0.17094612;0.17090142;0.0;0.0;3311.5833;3864.939;-2220.3274;5423.3735;-253.9289;-754.5278
1970-11-07;3.9107563;-4.7068887;0.010108948;752.2343;1.0503403;247.10612;0.0;-7.3453654e-25;99.99998;-7.345365e-21;0.004285574;-0.335983;0.00016391277;0.16976893;0.16960502;0.0;0.0;3266.725;3811.4023;-2082.2427;5530.5835;-233.39667;-791.2522
1970-11-08;3.2519023;-1.5618998;0.009955089;751.91846;0.7955598;168.94987;0.0;-7.3453654e-25;99.99998;-7.345365e-21;0.21778123;-0.31595677;0.010445714;0.17878413;0.16833842;0.0;0.0;2857.5361;3332.9834;-1647.1339;6105.3604;-219.48555;-777.3189
1970-11-09;1.9464926;-0.96241254;-0.08513514;750.60297;1.1868845;243.1014;0.0;-7.3453654e-25;102.70408;-7.345365e-21;1.2816489;-0.40383357;0.06318092;0.23029745;0.16712397;1.4901161e-05;4.8428774e-05;2196.1838;2560.8477;-986.1989;6748.198;-280.53;-849.35
1970-11-10;0.7628581;0.25976562;-0.16111247;750.1622;0.72621393;204.96123;1.9053549;0.0003127257;133.85121;2.0345051;4.466608;-0.7071141;0.21573901;0.38169324;0.16596168;0.027064234;0.64254177;1170.2539;1371.3545;-326.67667;7277.0957;-491.19223;-580.43
1970-11-11;0.4152527;-0.42791748;-0.56315994;750.3137;1.0375345;231.48083;5.255941;0.00080974895;151.62303;5.0455728;3.6995559;-0.90124923;0.18428266;0.3491193;0.1648292;0.17969869;0.45567006;1897.5328;2283.8223;-724.5489;6839.438;-626.1;-729.9422
1970-11-12;0.5597229;-1.9783224;-3.010226;751.01605;0.96926427;251.571;5.5343423;0.00082878274;151.19691;5.6152344;0.58812714;-0.64481795;0.043965876;0.20766258;0.16368926;0.22159144;0.03645569;1991.7322;2404.81;-1069.1056;6430.187;-448.52554;-648.8311
1970-11-13;1.2000427;-5.2079062;-5.918616;752.63116;0.9478952;76.705345;4.1702476;0.00062112015;151.19106;4.313151;0.0011265278;-0.73068124;0.0150203705;0.17753243;0.16252697;0.21008775;0.0002682209;2936.2556;3511.2444;-1888.1978;5608.3457;-507.78055;-718.0822
1970-11-14;1.3585205;-3.586568;-3.8568852;754.3845;1.3151454;39.90394;3.205485;0.00048323473;151.22752;3.4179688;4.475698;-0.57305956;0.28895587;0.4503429;0.16138703;0.113854185;0.0026077032;1849.1912;2194.7588;-1104.6583;6306.3696;-398.22888;-262.55222
1970-11-15;-0.5600789;-1.3463745;-0.85792667;751.40674;0.83865374;44.858967;29.558432;0.0045059524;143.31215;30.88379;22.923931;-0.4065344;1.1469871;1.3072938;0.16030669;0.35389328;8.337449;601.31;775.63336;-331.0411;6968.3867;-283.3322;-216.31778
1970-11-16;-0.71726483;-1.843516;-1.597978;750.9306;0.80954975;165.79778;56.052002;0.008363962;150.45538;55.664062;1.8469125;-0.49042702;0.2539754;0.413239;0.15924871;1.9597485;0.19454211;1234.3439;2230.6677;-654.13336;6581.9746;-343.53;-274.49335
1970-11-17;-0.68895465;-3.5933025;-4.46854;752.67926;0.8772361;203.08244;44.98462;0.0067456164;151.46971;45.003254;0.005617738;-0.57760626;0.14318526;0.30136108;0.15816838;1.561882;0.0035017729;2189.4795;3516.9255;-1391.9512;5762.108;-403.25278;-415.17
1970-11-18;-0.89674884;-5.533915;-7.196711;753.1407;0.9711683;143.2957;35.22933;0.005294323;151.93129;35.15625;0.0010430813;-0.61743987;0.12588501;0.28297305;0.15710294;1.3546758;0.0010486692;2427.065;3570.4;-1879.4216;5186.5566;-430.13333;-411.62668
1970-11-19;-0.627594;-5.8839927;-8.930908;752.98175;0.9239874;198.57759;27.08187;0.0040751696;152.22198;26.692709;0.008508563;-0.5577402;0.10472536;0.26075542;0.15603751;1.1081676;0.0;2493.7827;3437.0532;-1875.3672;5096.8804;-388.65555;-332.89777
1970-11-20;-0.5245056;-5.859955;-9.209549;753.03156;0.93228596;168.86937;20.525879;0.0030917327;152.44725;19.978842;0.00042617318;-0.55433625;0.08331239;0.23831427;0.15499443;0.8800868;0.0;2650.4883;3480.2544;-1993.2572;5024.6543;-386.40778;-372.34445
1970-11-21;-0.4018148;-7.96176;-10.640164;753.1353;0.98096585;72.1428;15.574544;0.002349456;152.60805;15.218099;0.00044138124;-0.48960093;0.061184168;0.21517277;0.1539737;0.6414;0.0;2778.889;3529.1978;-2221.5;4748.44;-341.11334;-317.94333
1970-11-22;0.010223389;-10.124242;-8.3601465;751.54364;0.78120905;159.45277;12.096761;0.0018289884;152.72655;11.881511;0.001847744;-0.2625007;0.04208088;0.1950711;0.15299022;0.4355144;0.00010803342;2115.9106;2629.338;-1600.1233;5449.527;-183.32333;-225.2889
1970-11-23;0.44509888;-3.899892;-3.2521477;749.9892;0.63582873;255.9619;10.679036;0.0016533931;149.30858;11.189778;3.8456216;-0.3521517;0.18288195;0.3348887;0.1520142;0.42624772;1.9204617;1552.8088;1895.7023;-731.39777;6579.3525;-244.9911;-196.04778
1970-11-24;0.4789327;-1.4206747;-2.9065182;750.94745;0.7567939;242.16542;26.952637;0.0037294228;140.5348;26.97754;1.6141237;-0.5546613;0.17310679;0.32415986;0.15105307;1.1814647;0.7381737;1604.7067;2213.1934;-908.9889;6394.1123;-386.44666;-251.76111
1970-11-25;-0.11541748;-2.5361023;-3.8453472;750.6863;0.8682472;252.4467;18.913086;0.0028190215;151.02309;18.391928;0.07068515;-0.4685782;0.087186694;0.23728609;0.1500994;0.846833;0.018324703;1630.8506;2112.1067;-945.7061;6320.7505;-326.84778;-339.43777
1970-11-26;-0.45399985;-2.2141926;-3.2614834;749.4866;0.6649361;102.71099;22.26066;0.0034249227;145.78058;22.867838;9.961325;-0.54216105;0.3388077;0.48796833;0.14915317;0.5798638;6.0855412;1759.86;2215.2622;-976.5405;6272.2173;-376.88333;-285.58
1970-11-27;-1.3214823;-1.9136963;-0.7255605;747.60284;0.5508614;95.869835;95.08285;0.016037384;138.62238;114.217125;13.096655;-0.098284334;0.401482;0.54971874;0.14823675;1.3138913;9.755056;508.68277;1712.2755;-440.00665;6716.7056;-73.53445;-114.026665
1970-11-28;-2.730896;-4.5529075;-3.9605649;747.4897;0.6283801;164.1692;98.774574;0.018858394;150.0973;125.20345;5.229741;-0.13161731;0.20164251;0.3489703;0.14732778;1.4255531;4.0565653;812.29443;2597.1077;-744.6567;6006.007;-97.52111;-101.82889
1970-11-29;-3.5134785;-4.7629395;-3.2235997;750.074;0.80028945;236.50224;100.0;0.0242517;149.85089;162.19075;1.7261375;-0.17218105;0.0067278743;0.15315413;0.14642626;0.050740317;1.4759078;702.5822;2450.4878;-660.94165;6167.4644;-131.46666;-113.742226
1970-11-30;-4.7480874;-6.80652;-4.7592187;748.2325;0.840405;151.35315;100.0;0.02473084;154.513;160.44109;0.118881464;-0.19956008;0.0030696392;0.14860928;0.14553964;0.030273572;0.07949397;810.0733;2671.8855;-809.20166;5866.41;-152.42111;-114.94889
1970-12-01;-6.342631;-10.234002;-8.549217;746.9524;1.0940179;168.30803;99.65625;0.024474302;157.3766;155.63965;0.0066801654;-0.14422089;0.032037497;0.17669797;0.14466047;0.31111762;0.0057667494;1029.0144;3185.5278;-1336.255;4939.2876;-107.72222;-73.64222
1970-12-02;-5.046102;-8.689523;-8.055989;747.6575;0.9653332;249.58217;99.01367;0.024196586;161.05077;150.63477;0.15434113;-0.16604644;0.011250377;0.15504658;0.1437962;0.12520328;0.12698025;936.8439;2730.5833;-899.2867;5387.698;-125.787224;-40.13778
1970-12-03;-3.1749268;-4.3963113;-2.9140842;750.08563;0.97157675;166.48099;98.434326;0.02347827;163.07127;144.44987;0.46548247;-0.16581081;0.15363097;0.2965778;0.14295429;1.413934;0.4406385;715.07776;1981.1888;-488.05554;6406.0093;-126.543335;-99.916664
1970-12-04;-2.4760132;-3.4305828;-2.6160583;749.17816;0.89012355;263.52347;97.788246;0.021983823;163.86879;134.76562;0.60236454;-0.14402252;0.2656728;0.40781498;0.14211982;2.3096166;0.49376115;694.515;1815.9956;-535.945;6434.9634;-109.61278;-90.78445
1970-12-05;-3.6936646;-5.323771;-2.9162064;747.9041;1.057817;237.20941;97.44556;0.0213447;163.77309;130.28972;3.6374748;-0.22549555;0.085264444;0.22655725;0.14130026;0.75911915;3.5036058;663.6239;1667.3889;-470.12;6393.1333;-173.79666;-100.82889
1970-12-06;-3.939494;-4.487559;-1.9258957;745.1074;1.1514803;206.59991;99.69735;0.03538577;150.12401;234.04948;22.629118;-0.17477572;0.017136335;0.15765429;0.14050305;0.018272549;21.717302;272.82278;872.6567;-275.5311;6669.1826;-136.40334;-169.97556
1970-12-07;-6.4172463;-7.896937;-6.556498;746.60516;0.5791572;191.09822;100.0;0.04688728;152.25063;307.73926;0.5621195;-0.104376115;0.0;0.13969839;0.13971329;0.0;0.55033714;627.465;2451.1877;-642.77167;5857.451;-78.545555;-121.64222
1970-12-08;-7.391703;-9.5472145;-7.3269296;746.4626;0.8318501;31.789679;100.0;0.048767526;151.76854;320.43457;4.633814;-0.059057027;0.0;0.13893843;0.13893843;0.0;4.61521;419.31445;1602.3378;-389.63278;6074.3022;-44.331112;-63.288887
1970-12-09;-6.456777;-7.9409957;-6.0158463;742.8549;0.914553;167.80482;100.0;0.05345996;150.66112;354.4108;2.5192857;-0.07768907;0.0;0.13819337;0.13817102;0.0;2.5118067;544.6767;2167.8079;-422.15723;6182.0186;-58.316666;-102.74111
1970-12-10;-8.972568;-10.103942;-7.24807;737.052;1.4946326;189.49951;100.0;0.07615908;139.0117;549.51984;47.37373;-0.101974234;0.0;0.13741851;0.13741851;0.0;47.363506;150.44667;612.45667;-181.92334;6283.7314;-79.77778;-152.80888
1970-12-11;-12.292306;-15.836266;-12.36303;740.43555;0.77839917;95.76186;100.0;0.10277418;142.60512;723.6735;2.6819456;-0.041516498;0.0;0.13668835;0.1366809;0.0;2.6768782;557.1583;2408.9712;-629.19165;5265.061;-30.28;-90.06555
1970-12-12;-9.717827;-12.503449;-11.055221;740.01385;0.9252115;51.569927;100.0;0.11539042;146.91827;782.6335;19.127014;-0.015608035;0.0;0.1359582;0.13595074;0.0;19.120522;218.47556;940.82556;-136.33888;6037.7954;-11.596666;-18.904444
1970-12-13;-11.05322;-13.246914;-11.711251;740.52655;0.8514292;94.84211;100.0;0.1270848;151.44398;839.47754;2.3391;-0.014008954;0.0;0.13524294;0.13523549;0.0;2.3367405;534.2328;2309.0044;-758.5333;5220.9624;-9.242778;-57.593334
1970-12-14;-12.358437;-17.527433;-15.677846;745.14923;1.2864559;12.439788;100.0;0.12770243;155.56964;821.3704;0.0184834;-0.021050684;0.0;0.13452768;0.13452768;0.0;0.018045306;728.19946;3058.5256;-1226.1206;4296.7637;-13.776111;-0.6111111
1970-12-15;-12.876912;-18.990805;-20.65587;749.7056;1.1133864;70.586105;100.0;0.12772274;158.6621;805.2165;0.0;0.0017723069;0.0;0.13381243;0.13382733;0.0;0.0;783.6761;3198.0588;-1167.62;3972.76;3.3722222;64.653336
1970-12-16;-10.749928;-19.575417;-22.310547;749.5501;1.0013148;128.23572;100.0;0.12774579;160.96776;793.986;0.0;0.0015944242;0.0;0.13312697;0.13313442;0.0;0.0;789.92224;3139.79;-1082.9573;3979.5183;3.05;108.10555
1970-12-17;-10.832809;-19.645605;-21.911406;746.5586;0.90931123;134.27077;100.0;0.12776582;163.08983;783.8135;0.0021427858;0.000346452;0.0;0.13245642;0.13245642;0.0;0.0;693.2244;2686.2722;-733.9056;4449.802;1.7466667;86.22222
1970-12-18;-10.968266;-21.154615;-21.74299;744.74615;0.9508384;226.07622;100.0;0.12778199;165.30077;773.0306;0.0012755393;-0.010775402;0.0;0.13178587;0.13178587;0.0;0.0;843.26666;3187.1455;-1116.6873;3985.9368;-6.345556;87.50667
1970-12-19;-10.940648;-18.018454;-20.18793;745.01685;0.8687856;129.79248;100.0;0.12783313;167.44432;763.75323;0.097282;-0.0012852252;0.0;0.13113022;0.13112277;0.0;0.09387359;661.81055;2440.0432;-592.3555;4782.689;0.58;50.905556
1970-12-20;-12.4057665;-16.569265;-19.813818;744.7317;0.8662653;67.0009;100.0;0.12797093;169.61652;755.0049;0.15621185;0.006762333;0.0;0.13047457;0.13047457;0.0;0.15319139;847.845;3060.9766;-962.69775;4313.997;6.9922223;27.004444
1970-12-21;-11.994423;-13.636368;-17.1134;744.62885;0.7453449;290.72253;100.0;0.12843736;171.10577;751.18;0.57564974;0.014657155;0.0;0.12983382;0.12983382;0.0;0.5725659;654.17224;2321.2766;-415.77112;5257.438;12.569445;-33.12
1970-12-22;-10.987258;-12.969281;-14.527786;745.4423;0.73853135;148.33102;100.0;0.12896924;173.15004;745.1579;0.29956102;-5.5879354e-05;0.0;0.12919307;0.12920797;0.0;0.29525906;762.4061;2677.5544;-740.74554;5058.912;1.7244444;-44.34111
1970-12-23;-10.782502;-14.577957;-14.707557;745.5886;0.95993847;45.00671;100.0;0.12911446;176.34145;732.4626;0.0132501125;-0.013318844;0.0;0.12856722;0.12856722;0.0;0.011116266;859.6517;2956.7988;-1129.0873;4567.9966;-7.961111;-20.46
1970-12-24;-10.737002;-14.125487;-16.044886;745.9446;0.94542295;136.54674;100.0;0.12914498;179.33495;720.3776;0.011044741;0.0058272853;0.0;0.12795627;0.12794882;0.0;0.008523464;832.9744;2801.2178;-812.2389;4855.6636;6.4766665;-1.2988889
1970-12-25;-9.590089;-12.027977;-14.602134;747.4106;1.0108461;67.37262;100.0;0.12918682;182.35675;708.6995;0.008881091;0.011827797;0.0;0.12734532;0.12733787;0.0;0.008877367;838.4989;2761.4734;-855.1178;4930.952;11.21;-8.5211115
1970-12-26;-9.982025;-12.761734;-13.181769;747.8134;1.1197476;33.448296;100.0;0.12922454;185.58495;696.4925;0.015150822;-0.010047108;0.0;0.12673438;0.12673438;0.0;0.011369586;836.835;2701.03;-840.7744;5086.749;-5.54;-33.785557
1970-12-27;-10.3904505;-13.32661;-13.397027;748.77783;1.1023277;43.33307;100.0;0.12925227;188.87108;684.48895;0.009889271;-0.010866672;0.0;0.12612343;0.12613088;0.0;0.0073239207;922.4117;2916.19;-1072.8116;4771.2734;-6.071111;-32.238888
1970-12-28;-10.470836;-14.915696;-14.513875;749.52386;1.1425278;54.464314;100.0;0.12927823;191.83917;673.9909;0.005715684;-0.012760982;0.0;0.12554228;0.12553483;0.0;0.0031478703;966.70667;2992.7068;-1222.3994;4504.81;-7.363333;8.321111
1970-12-29;-8.301707;-15.90358;-16.727945;752.03705;0.9842682;184.8975;100.0;0.12930095;194.33527;665.3239;0.0012831092;-0.0065006316;0.0;0.12494624;0.12494624;0.0;0.0;949.8439;2880.479;-1215.9861;4317.069;-2.93;70.56333
1970-12-30;-8.070245;-16.435656;-17.181955;753.3509;1.0726494;215.49944;100.0;0.1293199;196.51854;658.04034;0.0004351138;-0.010767952;0.0;0.12436509;0.12436509;0.0;0.0;1084.2322;3223.7666;-1251.9967;4273.8477;-5.903333;78.12666
1970-12-31;-4.8827386;-13.805343;-15.067505;754.53973;1.0528907;159.66364;100.0;0.1293375;198.75877;650.75684;0.0025751633;-0.013630837;0.0;0.12381375;0.12379885;0.0;0.0;1032.0767;3009.0767;-857.0183;4984.1577;-8.0633335;72.77889
1971-01-01;-1.0751648;-7.1095786;-9.883952;755.83124;1.0351182;125.69632;100.0;0.12936254;201.81117;641.27606;0.0004351138;0.0010281801;0.0;0.1232326;0.1232326;0.0;0.0;1049.5222;3003.4255;-892.9539;5451.776;3.8744445;51.622223
1971-01-02;0.3790792;-7.384237;-7.3398643;756.9241;1.3098;20.313166;100.0;0.12938952;205.83234;628.94696;0.0;-0.036042184;0.0;0.12266636;0.12266636;0.0;0.0;1115.1405;3132.5112;-1133.49;5341.094;-23.961111;73.416664
1971-01-03;1.1343384;-7.85908;-7.098623;758.46094;1.3064343;77.62812;100.0;0.12940602;210.07843;616.333;0.001275539;-0.032139942;0.0;0.12212992;0.122115016;0.0;0.0;1160.2345;3192.3245;-1313.5978;5130.6665;-20.938889;88.23333
1971-01-04;1.8226929;-11.210659;-7.8035636;758.5146;1.0082936;238.38995;100.0;0.12940864;214.06508;605.0212;0.0025673972;-0.054139644;0.0;0.12154877;0.12156367;0.0;0.0;1185.9795;3197.1646;-1517.0228;4805.621;-38.54222;102.47889
1971-01-05;0.17492676;-12.583051;-9.252521;757.7752;1.2520747;193.97853;100.0;0.12939954;217.39516;595.7845;0.0;-0.0521224;0.0;0.12101233;0.12101978;0.0;0.0;1202.6378;3179.3455;-1358.3223;4887.2646;-36.945557;101.255554
1971-01-06;-1.157725;-11.32983;-9.495091;756.0478;1.3066655;21.31148;100.0;0.12939937;220.40916;587.5651;0.00042617318;-0.043619424;0.0;0.12047589;0.12047589;0.0;0.0;1271.2855;3304.2588;-1484.64;4716.6064;-30.096666;93.27778
1971-01-07;-1.3463669;-12.167519;-10.035702;754.61005;1.0957989;171.5058;100.0;0.12940152;223.19496;580.0781;0.00044107434;-0.04681386;0.0;0.11995435;0.11993945;0.0;0.0;1286.895;3288.8477;-1441.5995;4738.7666;-32.706665;77.01667
1971-01-08;-3.7239482;-10.675265;-9.59184;754.42914;1.4638414;20.950144;100.0;0.12940061;225.86913;573.1201;0.00086322194;-0.047683716;0.0;0.119417906;0.119417906;0.0;0.0;1279.7905;3216.8123;-1354.8228;4863.011;-33.293335;59.914444
1971-01-09;-2.790802;-8.507604;-8.600944;753.2939;1.3092855;38.638016;100.0;0.12939858;228.60936;566.08075;0.0;-0.0470113;0.0;0.118896365;0.118896365;0.0;0.0;1281.3212;3171.67;-1267.99;5067.433;-33.05;38.364445
1971-01-10;-0.15138753;-8.702819;-6.8510146;753.0813;1.0048237;191.22871;100.0;0.1293987;231.60838;558.95996;0.0;-0.06348826;0.0;0.118374825;0.118374825;0.0;0.0;1307.2833;3180.2488;-1106.2983;5413.3735;-45.27778;34.933334
1971-01-11;-1.3669434;-8.158173;-4.275439;749.4553;0.6836472;124.21857;100.0;0.12966673;234.90102;552.6123;0.80970824;-0.13387762;0.0;0.117868185;0.117868185;0.0;0.7497705;845.4389;2024.5645;-806.5972;5938.902;-101.882225;-5.4933333
1971-01-12;-3.189331;-5.4163384;-3.6131413;746.71704;0.57603127;182.90112;100.0;0.13032787;238.21906;548.17706;0.43416715;-0.12415461;0.0017732382;0.119149685;0.117361546;0.0144355;0.27212873;1116.1827;2716.8867;-1039.3027;5706.1143;-94.01222;-77.636665
1971-01-13;-4.196869;-5.6926575;-3.976635;742.1584;0.62504965;234.34584;100.0;0.1310662;240.94691;544.71844;1.2044672;-0.15426241;0.0;0.116854906;0.11686981;0.0;1.0287799;976.1983;2367.0623;-793.0722;5974.041;-118.46555;-115.46445
1971-01-14;-6.2710724;-7.9048142;-4.2216783;740.4541;0.9603107;204.68379;100.0;0.13452709;235.65688;570.1091;13.316209;-0.28705782;0.0;0.11637807;0.11637062;0.0;13.303716;913.53;2294.3044;-667.3678;6088.5044;-223.00667;-255.04222
1971-01-15;-11.024334;-14.935887;-8.855427;741.7966;1.3800403;40.148254;100.0;0.15156166;198.1367;763.6719;7.727504;-0.2320148;0.0;0.11588633;0.11588633;0.0;7.7228026;572.4067;2289.5244;-734.93555;5395.9106;-180.11333;-194.49667
1971-01-16;-12.213307;-17.64962;-14.270229;742.75073;0.9974913;40.98729;100.0;0.15362985;197.45897;778.4017;0.012260675;-0.035284087;0.0;0.11540949;0.11540949;0.0;0.010535121;911.00336;3607.6921;-1625.7755;3907.1235;-24.512222;-48.984444
1971-01-17;-13.251488;-20.67746;-19.97313;744.38135;1.1195239;56.636974;100.0;0.15364118;199.86098;768.9616;0.0;-0.0147866085;0.0;0.114917755;0.11493266;0.0;0.0;954.29724;3683.6755;-1423.7833;3716.9775;-8.923333;47.913334
1971-01-18;-11.517441;-20.933096;-21.62353;746.92236;1.133915;45.335632;100.0;0.15365703;201.60707;762.2884;0.0004351138;-0.012958422;0.0;0.11447072;0.11445582;0.0;0.0;985.935;3711.9146;-1248.0889;3853.9119;-7.5466666;87.937775
1971-01-19;-10.72181;-19.83162;-21.436228;747.55316;1.1965028;45.55974;100.0;0.15367584;203.24152;756.30695;0.0004261732;-0.0088158995;0.0;0.11397898;0.11399388;0.0;0.0;1013.4155;3723.4355;-1194.8939;3964.293;-4.32;91.73889
1971-01-20;-10.110181;-19.112608;-20.35064;746.5051;1.1881273;29.090485;100.0;0.15369578;204.9326;750.28485;0.0017243101;-0.013135374;0.0;0.11353195;0.1135245;0.0;0.0;1035.9417;3716.3577;-1104.19;4180.497;-7.4311113;79.986664
1971-01-21;-9.84563;-16.977983;-18.302961;744.83203;1.2847651;23.756927;100.0;0.15371783;206.82094;743.65234;0.001276359;-0.013846904;0.0;0.11307001;0.11307001;0.0;0.0;1047.3434;3672.0732;-1063.6772;4426.7363;-7.693333;57.144444
1971-01-22;-10.590494;-15.914898;-17.160414;745.6199;1.2517698;33.283855;100.0;0.15374243;208.92543;736.3281;0.00086971564;-0.009587035;0.0;0.11262298;0.112615526;0.0;0.0;1073.9;3680.172;-1172.6823;4374.6406;-4.361111;29.214445
1971-01-23;-11.813052;-18.002214;-17.70335;749.0037;1.7798449;17.03269;100.0;0.15377085;211.02245;729.20734;0.0042051077;-0.016133301;0.0;0.11216104;0.11215359;0.0;0.0016279519;1134.775;3803.5955;-1441.6461;3983.6995;-9.364445;57.725555
1971-01-24;-10.311364;-20.783552;-19.747887;751.424;1.8593618;16.56333;100.0;0.15379281;212.85707;723.02246;0.0008523463;-0.021071173;0.0;0.111714005;0.111714005;0.0;0.0;1220.7961;4003.7834;-1764.4569;3431.9895;-13.206667;164.03555
1971-01-25;-10.972199;-24.487295;-21.459219;748.6232;1.6467866;14.224061;100.0;0.15380108;214.36261;717.9362;0.0008678578;-0.029688701;0.0;0.11126697;0.11126697;0.0;0.0;1208.8406;3882.48;-1486.3833;3646.0496;-20.398333;149.21777
1971-01-26;-11.074237;-22.518278;-20.841047;747.20337;1.346641;17.919779;100.0;0.15380628;215.80402;713.25684;0.0012814989;-0.0049993396;0.0;0.11083484;0.11084229;0.0;0.0;1277.6661;4017.7134;-1473.9961;3738.8262;-2.7644444;92.24555
1971-01-27;-11.77578;-22.559874;-20.480026;745.4023;1.139572;34.829563;100.0;0.15381499;217.27992;708.5368;0.002592801;-0.0007171184;0.0;0.1104027;0.110410154;0.0;1.4901161e-05;1310.4473;4039.179;-1489.3933;3742.6196;-0.26222223;41.193333
1971-01-28;-11.967038;-22.27227;-20.16039;744.88715;1.0782773;84.5418;100.0;0.15381949;218.76234;703.77606;0.00087022776;-0.0031478703;0.0;0.10998547;0.10999292;0.0;0.0;1343.1211;4056.4534;-1497.4434;3768.3264;-2.1588888;15.111111
1971-01-29;-11.710942;-19.451889;-19.308489;744.387;1.0633746;72.771324;100.0;0.15382858;220.25682;699.0967;0.012242847;0.008307397;0.0;0.10958314;0.10957569;0.0;0.010102987;1244.5662;3685.33;-1153.1672;4265.2236;6.441111;-2.807778
1971-01-30;-12.463574;-17.519674;-17.256193;745.67255;1.4470423;15.247428;100.0;0.15384555;221.94691;693.88837;0.0065445895;0.0044740736;0.0;0.10916591;0.10916591;0.0;0.0044852495;1370.695;3983.9268;-1395.6294;4143.4204;3.5355556;-36.516666
1971-01-31;-11.888184;-17.316542;-15.837613;746.7347;1.1905615;23.039293;100.0;0.15394235;223.416;689.65656;0.1302096;-0.02010353;0.0;0.108763576;0.108763576;0.0;0.12549013;1323.5322;3788.0632;-1343.0105;4354.312;-15.94;-55.373333
1971-02-01;-12.897278;-18.529205;-16.610205;746.8151;1.283668;21.96963;100.0;0.15397231;225.22948;684.1634;0.005388897;-0.004760921;0.0;0.108361244;0.10835379;0.0;0.0028163195;1464.085;4119.809;-1610.0289;3928.296;-3.8511112;-68.751114
1971-02-02;-9.7377825;-17.675417;-16.378447;744.21857;0.90792537;193.69704;100.0;0.15396424;227.01137;678.75165;0.0017278471;-0.0210125;0.0;0.10795891;0.10795146;0.0;0.0;1404.4255;3880.2334;-1326.0194;4340.2026;-16.625555;-27.608889
1971-02-03;-8.58438;-16.064236;-14.565022;741.8741;0.55254626;244.45918;100.0;0.15398009;228.68878;673.5026;1.0801082;-0.08426607;0.0;0.10755658;0.10755658;0.0;1.0791197;1504.8367;4083.2266;-1190.0167;4639.365;-66.367775;-89.74111
1971-02-04;-7.6849647;-9.354706;-10.380615;742.44086;0.4732428;126.99616;100.0;0.1649199;205.35121;802.32745;23.333426;0.0049266964;0.0;0.10716915;0.1071617;0.0;23.329355;431.8289;1434.5033;-1.0472223;6387.7295;3.8522222;-41.421112
1971-02-05;-7.4152946;-9.689747;-8.664977;743.0821;0.6959708;123.50284;100.0;0.18188632;184.67218;985.7585;2.088897;-0.0019147992;0.0;0.10678172;0.10677427;0.0;2.0745358;798.1878;3350.0378;-1023.8728;5232.024;-1.6122222;-121.55889
1971-02-06;-9.708793;-11.6562;-11.164807;742.0481;1.0468135;185.00438;100.0;0.18275268;189.46124;965.53546;2.5381176;0.004142523;0.0;0.10639429;0.10639429;0.0;2.5338755;951.2672;3891.7856;-620.4286;5514.602;3.5644445;-163.83667
1971-02-07;-7.488163;-8.651874;-8.297196;738.2121;0.8892711;199.64427;100.0;0.19275565;183.88246;1047.526;12.055817;-0.03130827;0.0;0.10600686;0.10599941;0.0;12.052268;464.22223;1951.4;-231.54445;6261.5176;-24.502222;-130.74
1971-02-08;-8.57621;-10.066337;-9.145161;740.09064;1.0384057;224.43578;100.0;0.19785523;186.30109;1063.151;1.6278923;-0.017706305;0.0;0.10561943;0.10561943;0.0;1.621984;931.24225;3921.031;-827.4133;5420.2344;-11.418889;-152.37334
1971-02-09;-9.707237;-11.407031;-9.153571;739.6164;1.4336363;208.38556;100.0;0.20205323;188.30858;1071.2484;14.35115;-0.12018904;0.0;0.105232;0.105232;0.0;14.3409815;703.44775;2895.2922;-361.74445;5951.0493;-91.88556;-219.18
1971-02-10;-10.442333;-11.803963;-9.090337;735.4111;1.6204671;210.64136;100.0;0.22895952;168.39906;1357.544;16.983261;-0.07320754;0.0;0.10484457;0.10484457;0.0;16.97443;632.1767;2755.7512;-644.5114;5599.1333;-55.424446;-188.28334
1971-02-11;-14.434386;-16.931929;-12.30017;737.5556;1.1823877;218.79866;100.0;0.23396575;172.43813;1358.2357;1.8641055;-0.13752468;0.0;0.10445714;0.10447204;0.0;1.85759;928.6494;3962.2534;-941.36945;4916.1133;-105.12556;-286.58667
1971-02-12;-16.219574;-20.66194;-16.339159;735.63983;0.90156;109.10968;100.0;0.23477204;177.42413;1325.0732;0.049213283;-0.052055344;0.0;0.10409206;0.10409206;0.0;0.046845526;1101.8517;4590.317;-1419.2284;4002.7805;-37.626667;-183.84555
1971-02-13;-15.284459;-20.096987;-18.461449;731.23334;1.1374781;31.788687;100.0;0.23494804;181.63344;1295.0033;0.48114955;-0.028783455;0.0;0.10371208;0.10371953;0.0;0.478521;1020.85724;4148.0776;-996.72614;4429.7363;-19.632778;-107.76889
1971-02-14;-16.25206;-19.385286;-18.814863;738.1756;1.1378397;154.0761;100.0;0.23583949;183.92836;1283.2031;1.8685639;-0.03631413;0.0;0.103354454;0.103347;0.0;1.8642173;1074.5372;4271.4355;-747.5761;4705.3223;-26.396667;-148.19
1971-02-15;-14.080539;-17.917284;-17.354918;744.5982;0.82093525;212.26152;100.0;0.23734467;185.20831;1283.2845;0.13828278;-0.02456922;0.0;0.102981925;0.102981925;0.0;0.13780594;1203.3683;4746.4507;-1281.0114;4183.0728;-16.716667;-154.24
1971-02-16;-10.421258;-16.774687;-17.864546;747.747;0.8507195;104.06405;100.0;0.23737061;189.31508;1255.4117;0.004598699;-0.017642975;0.0;0.102609396;0.10261685;0.0;0.0020191073;1234.2716;4746.702;-1108.7017;4408.0522;-10.869445;-58.25111
1971-02-17;-8.59888;-11.065987;-14.16631;747.19635;0.90816027;80.91592;100.0;0.23808785;192.91273;1235.7992;0.89784884;0.012944452;0.0;0.10225177;0.10225177;0.0;0.89446455;955.41113;3618.0823;-299.29556;5793.545;12.238889;-92.10667
1971-02-18;-6.8988647;-10.756707;-11.179564;747.2654;0.9545665;80.83593;100.0;0.23833728;198.63441;1201.416;0.0042796135;-0.049055554;0.0;0.10190904;0.10189414;0.0;0.0029318035;1300.0283;4819.5444;-1265.11;4835.211;-32.982224;-111.94556
1971-02-19;-5.767311;-7.208879;-10.500992;744.93463;0.7045748;229.45251;100.0;0.24045098;202.87401;1186.2386;3.5820363;0.017253682;0.0;0.10152161;0.10153651;0.0;3.5041459;688.02277;2549.9639;-167.74278;6200.3154;15.403334;-57.761112
1971-02-20;-5.0915427;-7.459263;-7.497626;745.449;0.83596444;128.27087;100.0;0.24237986;208.40395;1164.7949;0.28562248;-0.067773275;0.0;0.101178885;0.101178885;0.0;0.27603656;1282.7045;4816.936;-1128.7781;5339.255;-47.202778;-147.73666
1971-02-21;-5.8686957;-8.336427;-7.7543488;744.726;0.91946787;71.724785;100.0;0.24238873;215.39061;1126.8717;0.0067114825;-0.09695627;0.0;0.100806355;0.100813806;0.0;0.004515052;1280.9811;4694.8965;-1191.2744;5219.8613;-70.16333;-177.66777
1971-02-22;-5.5887046;-7.0850425;-8.171097;741.2029;0.52748203;203.59373;100.0;0.24852467;215.57973;1152.6693;10.290283;-0.0009890646;0.0;0.10047853;0.10046363;0.0;10.116946;540.165;2060.672;-294.18362;6169.073;0.8066667;-56.352222
1971-02-23;-5.513275;-6.808329;-6.625641;740.6702;0.5790047;222.3116;100.0;0.25444636;217.19398;1172.7295;3.1870484;-0.075441785;0.0;0.1001209;0.1001209;0.0;3.1639376;831.83;3341.3123;-532.72864;6086.1895;-55.569443;-151.53111
1971-02-24;-5.6757607;-7.21463;-6.8343964;744.16534;0.8088854;141.59406;100.0;0.2566819;222.31932;1155.6396;1.7262745;-0.07531326;0.0;0.099778175;0.099770725;0.0;1.709152;1107.79;4435.4443;-928.8728;5552.1035;-54.163334;-165.63333
1971-02-25;-4.3843384;-6.1119895;-5.5051017;747.7642;0.86231;205.92566;100.0;0.2583817;227.39354;1137.3698;1.0424346;-0.1341328;0.0;0.09942055;0.099428;0.0;1.0343418;1192.2894;4735.965;-760.6103;5978.2354;-98.80556;-200.80222
1971-02-26;-3.3422241;-4.4186616;-4.450062;745.73145;0.8301056;172.88612;100.0;0.2610686;231.77928;1126.1393;9.111341;-0.11216104;0.0;0.09907782;0.09908527;0.0;8.835651;717.7733;2820.2417;-310.21362;6544.792;-84.71667;-144.86555
1971-02-27;-5.044159;-6.114515;-3.5866916;736.54565;1.472159;203.21413;100.0;0.28975368;219.26463;1319.1732;26.466553;-0.1892671;0.0;0.098749995;0.098742545;0.0;26.132814;762.1211;3298.8018;-573.22614;6231.3037;-144.6011;-245.67667
1971-02-28;-6.4617615;-8.670632;-5.371741;743.2802;1.3377503;211.43169;100.0;0.29781023;223.1673;1336.3444;1.2654564;-0.23903325;0.0;0.09840727;0.09839982;0.0;1.2565665;1140.9194;4832.8594;-953.5417;5605.871;-181.2889;-253.81444
1971-03-01;-4.991606;-6.2191253;-5.8297386;749.0561;0.6827201;221.30855;100.0;0.29897237;230.02992;1301.351;1.584655;-0.10291953;0.0;0.09806454;0.09806454;0.0;1.5620738;744.31836;3067.0222;-453.53445;6208.6387;-77.20389;-152.23889
1971-03-02;-3.9212139;-6.1564345;-5.3849206;750.86224;0.8357083;159.4069;100.0;0.29971576;237.0091;1266.3574;0.044427317;-0.12917072;0.0;0.097736716;0.097729266;0.0;0.041414052;1187.4445;4817.311;-1142.6439;5459.895;-94.12444;-176.08667
1971-03-03;-2.5966084;-10.093151;-6.498797;750.93286;0.8592119;148.19243;100.0;0.29969034;243.70766;1231.3232;0.0043213367;-0.14237128;0.0;0.09739399;0.09739399;0.0;0.004313886;1306.1056;5145.618;-1200.875;5325.5557;-102.62;-132.38
1971-03-04;-2.291392;-6.7786865;-6.581865;749.34;1.1973369;211.53412;100.0;0.2999458;249.30858;1204.305;0.401783;-0.113114715;0.0;0.097066164;0.09705126;0.0;0.3956072;1342.3726;5163.3276;-1073.825;5497.065;-81.48111;-121.846664
1971-03-05;-2.7223918;-7.669622;-7.350287;749.41876;0.85149306;154.8042;100.0;0.3000451;254.61652;1179.484;0.0021845102;-0.10112673;0.0;0.096708536;0.09671599;0.0;0.001758337;1521.3262;5706.017;-1676.1222;4645.957;-70.80666;-119.96111
1971-03-06;-2.4840393;-8.258336;-8.712298;749.2256;1.06865;46.607418;100.0;0.30005434;259.13574;1159.017;0.00047981727;-0.07558614;0.0;0.09638071;0.09638071;0.0;4.8428774e-05;1591.0712;5818.8423;-1632.8489;4627.966;-50.696667;-70.58
1971-03-07;-3.84138;-6.9815316;-8.644631;748.1113;0.9922095;151.0378;100.0;0.30007985;263.1774;1141.3981;0.027244184;-0.07779151;0.0;0.096037984;0.096052885;0.0;0.019833446;1467.4913;5229.3887;-1137.3517;5257.6123;-53.40333;-119.248886
1971-03-08;-2.7456462;-5.0112205;-6.609005;749.3848;0.81832534;261.90137;100.0;0.30010387;267.47592;1123.4131;0.031742454;-0.12005679;0.0;0.09571016;0.09571761;0.0;0.029318035;1493.333;5187.6177;-1071.61;5559.8047;-86.57222;-151.76111
1971-03-09;-1.8924459;-3.71403;-4.9683356;749.5666;1.2039045;241.69417;100.0;0.3001349;272.27475;1103.9633;0.63452923;-0.13537146;0.0;0.095397234;0.095397234;0.0;0.5950593;1392.2715;4697.1055;-603.5661;6255.426;-99.496666;-132.10889
1971-03-10;-2.1219482;-2.6771953;-2.2582092;748.9768;1.2562879;223.79468;100.0;0.30615494;272.3037;1125.3662;7.815498;-0.14724582;0.01719594;0.11226535;0.09507686;0.17924607;6.8825893;721.29724;2597.5352;-169.89444;6930.6187;-112.30111;-195.76334
1971-03-11;-2.6043499;-3.867564;-1.5369619;744.40497;0.8532018;196.34143;100.0;0.32276237;264.2295;1220.9066;26.097681;-0.1400169;0.022813678;0.117599964;0.094778836;0.08890033;24.809122;470.70813;1809.3297;-406.07224;6610.26;-107.996666;-153.36444
1971-03-12;-4.118866;-6.021708;-2.3758113;740.7346;1.1482538;214.45897;100.0;0.35223642;245.41273;1434.4482;32.479668;-0.23713055;0.01001358;0.10448694;0.09447336;0.02649799;31.413832;734.2675;3084.6616;-517.05225;6376.993;-182.28334;-263.68222
1971-03-13;-6.1397605;-7.520481;-3.7911122;741.5166;1.448542;184.9986;100.0;0.37283102;238.87206;1562.3373;11.935846;-0.29057264;0.0;0.09416044;0.09416044;0.0;11.905;997.2871;4235.4517;-621.4961;6111.6567;-223.07222;-394.55444
1971-03-14;-6.5975037;-7.8307724;-4.926731;738.50385;1.1702076;165.15903;100.0;0.40319526;227.33136;1772.2574;33.313145;-0.098833814;0.0;0.093862414;0.093862414;0.0;33.28353;237.0188;1032.1039;-457.665;6160.524;-76.905556;-97.327774
1971-03-15;-8.563678;-10.434594;-7.521445;743.69147;0.9634004;200.89525;100.0;0.41612014;229.11815;1819.2139;1.7181367;-0.14883839;0.0;0.09356439;0.09356439;0.0;1.7125793;1277.5492;5476.4126;-1020.7461;5345.898;-110.56333;-297.7
1971-03-16;-5.572909;-7.7076645;-7.452314;749.40375;0.78964823;221.46822;100.0;0.41709802;237.32225;1760.4574;0.18734038;-0.112924725;0.0;0.09325147;0.09325147;0.0;0.18398464;1395.9089;5855.194;-1121.885;5315.079;-80.81555;-225.01889
1971-03-17;-3.9042866;-5.4167023;-6.5725694;749.74896;0.75948757;175.45506;100.0;0.4186076;244.666;1713.1754;2.319041;-0.07478148;0.0;0.09293854;0.09295344;0.0;2.2861025;891.30804;3653.5542;-483.08057;6167.7305;-54.27;-143.08556
1971-03-18;-1.9264526;-5.342092;-5.21617;748.28864;0.7791152;246.38527;100.0;0.41949943;252.64484;1662.8824;0.7342778;-0.15492178;0.0;0.09264052;0.09264797;0.0;0.59330094;1457.6411;5874.2505;-1073.4205;5642.4644;-111.653336;-195.36223
1971-03-19;-3.0289612;-4.6974893;-4.423683;743.7742;0.73725057;199.28705;100.0;0.42186674;259.70474;1626.3428;2.8576732;-0.15597418;0.0;0.092342496;0.092342496;0.0;2.5224128;1027.1494;4066.755;-632.2039;6183.7686;-117.01945;-182.51
1971-03-20;-3.918925;-6.658956;-3.9362743;743.00946;0.8645932;93.64803;100.0;0.42390087;266.51987;1592.5293;2.0470917;-0.2674004;0.0;0.092059374;0.09204447;0.0;1.8351488;1422.103;5491.5703;-1111.0522;5673.793;-201.14833;-261.02722
1971-03-21;-3.990794;-7.360502;-4.819326;745.46484;0.9702988;58.8811;100.0;0.42631778;272.21484;1568.278;2.5871038;-0.16953143;0.0;0.09174645;0.09174645;0.0;2.1102726;1467.4608;5577.5596;-1366.5198;5233.6567;-124.01;-204.83333
1971-03-22;-3.4210396;-10.977244;-5.831701;748.9052;0.88249063;58.713146;100.0;0.427593;277.94986;1540.9342;0.0031679869;-0.21783543;0.0;0.091433525;0.091440976;0.0;0.0018849969;1708.19;6394.2524;-1613.9911;4878.574;-159.37389;-218.82666
1971-03-23;-0.8015645;-11.433154;-7.4135766;751.7085;1.1115854;87.40427;100.0;0.42753235;283.4515;1511.1084;0.0008553266;-0.18998794;0.0;0.09112805;0.09112805;0.0;0.0;1899.4717;6878.483;-1906.1111;4425.305;-136.9611;-82.93
1971-03-24;1.1748047;-11.477996;-7.7334685;750.2302;1.0742924;78.81576;100.0;0.42745134;288.42545;1485.1481;0.0008583069;-0.18691364;0.005528331;0.09635091;0.09082258;0.07074885;0.0;1941.2039;6807.7744;-1715.97;4696.662;-134.565;-43.421112
1971-03-25;0.8961995;-9.609356;-6.8751717;749.58105;0.7902705;246.19409;100.0;0.42719796;293.45053;1459.8389;0.001708805;-0.20197965;0.023454428;0.11396408;0.0905171;0.29133075;0.0;1874.9506;6381.879;-1431.4628;5117.6035;-147.42223;-104.27333
1971-03-26;-1.4250082;-7.3952637;-5.505407;747.7031;0.6951111;170.34981;100.0;0.42886457;296.94595;1447.6318;8.032067;-0.18842146;0.014707446;0.10493398;0.09022653;0.13154745;6.962784;1091.7145;3677.4478;-488.69833;6304.419;-142.6639;-112.433334
1971-03-27;-1.7038473;-2.2259216;-2.3567836;743.7375;0.510491;132.59827;100.0;0.45726195;278.05142;1644.4498;46.388554;-0.04302617;0.1103282;0.2002716;0.08995086;0.19153021;41.198593;457.99777;1925.8917;-43.95889;7053.79;-31.74611;-98.47667
1971-03-28;-1.9083151;-3.7418315;-1.0085169;746.2255;0.8352707;216.946;100.0;0.4842526;269.8929;1800.415;1.4536113;-0.3347881;0.06266683;0.15233457;0.08966774;0.5545374;1.2643113;1560.7739;6033.7417;-1132.3112;5920.824;-252.62056;-300.05167
1971-03-29;-1.9374695;-8.830892;-1.2768465;748.0513;0.9957016;78.6194;100.0;0.48393473;281.15366;1726.6439;0.010284781;-0.48802608;0.0080913305;0.097468495;0.089369714;0.07573515;0.009432435;2128.4934;6840.4487;-1735.76;5164.7983;-369.25446;-315.93112
1971-03-30;-1.6874288;-6.5687356;-1.8199425;747.28546;0.9900355;129.0361;100.0;0.4836782;291.24838;1665.7715;0.0;-0.31589344;0.0008940697;0.08997321;0.08907169;0.008590519;0.0;2411.4966;6996.8555;-1970.3748;4801.783;-235.22;-230.34889
1971-03-31;-1.8920084;-3.2112935;-1.3032875;744.6132;0.8013789;179.07039;100.0;0.48617125;298.15982;1633.8705;6.7420573;-0.2316907;0.01116097;0.09995699;0.08878857;0.021550804;6.0438123;1189.2206;3408.9578;-408.28915;6685.279;-177.02333;-236.25333
1971-04-01;-1.6642252;-4.8006186;-0.6261546;740.8863;0.90725595;77.53436;100.0;0.49290517;300.73047;1642.456;2.8328717;-0.3979914;0.053435564;0.14194846;0.0885129;0.47168508;2.5622249;1695.4;5346.2183;-971.81195;6126.3477;-302.66333;-272.98917
1971-04-02;-2.736501;-5.9902344;-0.59957886;741.32404;0.9082079;55.494503;100.0;0.49673405;305.83432;1626.6276;4.602818;-0.5485397;0.019058585;0.10728836;0.088229775;0.16679056;4.239991;1547.081;4863.1245;-949.8753;6091.471;-422.13443;-342.71
1971-04-03;-2.17336;-3.804952;-0.5554085;746.24756;0.9466133;164.43149;100.0;0.4979386;313.16147;1592.8955;1.1697601;-0.51064044;0.0166744;0.104635954;0.087954104;0.14319643;1.005426;1908.9066;5434.654;-730.4436;6448.8716;-391.96112;-421.06888
1971-04-04;-1.8008627;-2.7675781;-0.3023351;745.14795;0.73564965;114.62714;100.0;0.5034748;315.6185;1595.3369;14.142654;-0.25931653;0.05224347;0.1399219;0.08769333;0.16168132;12.882113;763.97;2226.506;-267.13306;6918.27;-200.45555;-209.52556
1971-04-05;-2.5706584;-4.6646323;-0.26489258;744.02905;0.8711648;122.662994;100.0;0.5178346;309.17123;1676.2695;5.8797274;-0.4107896;0.09530783;0.18273294;0.08742511;0.701705;5.189102;1466.7039;5304.497;-1257.86;5737.9707;-313.57166;-353.90887
1971-04-06;-1.8739624;-6.2008567;-0.7695885;743.41724;0.9820129;92.707;100.0;0.5182186;317.44174;1635.0098;0.0044218153;-0.4195245;0.0010728836;0.088229775;0.08714199;0.008897856;0.0010356307;2264.8354;6964.7573;-1775.8589;5113.9297;-315.15887;-283.10556
1971-04-07;-0.009958903;-2.6047058;-0.53239316;745.1807;0.8616688;150.23418;100.0;0.5181082;327.54297;1584.432;0.6738007;-0.26695058;0.05915761;0.14600158;0.08686632;0.4009381;0.002115965;2204.4739;6004.1743;-1117.6178;6005.6387;-198.24222;-224.73445
1971-04-08;-0.38946533;-2.103841;-0.095256805;747.7181;0.8362933;98.741066;100.0;0.51310474;335.42905;1531.8604;4.6591787;-0.37831905;1.3843179;1.4709085;0.08659065;9.017806;0.90434027;2323.4473;5813.1304;-997.68695;6273.416;-285.70776;-312.06778
1971-04-09;-0.4363912;-1.7898458;-0.12855785;748.83765;0.81884307;96.40939;100.0;0.5086801;338.62402;1503.7028;5.632825;-0.24393573;1.3078898;1.3942271;0.08633733;7.549664;2.1096728;1777.0806;4629.6206;-858.1525;6337.1235;-182.7589;-240.41
1971-04-10;-0.23618571;-2.839508;-0.18541972;747.8899;1.0876846;105.40014;100.0;0.5092879;337.5472;1509.3994;8.05642;-0.33696368;1.0439157;1.1299998;0.08606911;6.0607605;5.7499704;1980.1616;6017.3047;-1272.0553;5863.836;-250.09445;-230.47778
1971-04-11;0.14808147;-4.0241294;-0.34016037;747.586;1.1164168;88.374115;100.0;0.5051201;343.85352;1471.0287;0.036755204;-0.40872023;0.6686896;0.7544905;0.08581579;4.528202;0.00046938658;2603.3672;7062.8022;-1565.9294;5539.43;-301.2978;-238.15111
1971-04-12;0.6725667;-1.854482;-0.1980133;743.50775;1.0893122;72.99114;100.0;0.5000623;351.598;1423.8688;10.451192;-0.19117352;2.4593472;2.5449247;0.08557737;5.884927;0.00027567148;1906.711;4747.053;-771.30585;6467.3467;-139.07222;-145.26778
1971-04-13;-0.9696147;-1.5563456;-0.013670604;736.18085;1.0448935;139.11221;100.0;0.5087129;343.7295;1478.597;32.66531;-0.22856332;2.3735614;2.483189;0.10962784;2.451431;20.937391;622.1117;2082.1921;-106.30389;7154.598;-175.77055;-206.35777
1971-04-14;-1.2413737;-1.5276388;-0.0090077715;737.0889;1.0415457;185.41241;100.0;0.53542036;319.9004;1670.8578;37.248707;-0.22698286;1.1029243;1.2306571;0.1277402;1.8680133;32.28487;581.4622;2333.696;-76.66861;7185.406;-174.08333;-255.09222
1971-04-15;-2.116933;-2.5526226;-0.049265545;740.3953;1.0415391;190.90648;100.0;0.5625953;302.86295;1856.1198;24.618908;-0.29310957;0.8457899;0.93105435;0.085271895;2.2612252;21.470984;804.6606;3198.246;-266.9061;6938.081;-224.06334;-338.93777
1971-04-16;-2.3264873;-3.3400676;-0.18437068;740.2815;0.757797;145.29677;100.0;0.58667153;294.07944;1993.4082;32.64968;-0.29626673;0.20214915;0.2875477;0.085398555;0.08291751;30.079517;645.20667;2490.4307;-350.15085;6801.84;-228.05779;-242.12555
1971-04-17;-3.8870137;-5.582662;-0.42074457;743.5079;0.9557163;193.1452;100.0;0.6114238;287.93716;2123.9014;10.262105;-0.5009901;0.033780932;0.119417906;0.08563697;0.13204664;9.931375;1339.9784;5265.351;-987.2436;6000.181;-382.05667;-433.15527
1971-04-18;-4.274984;-6.4475503;-0.98847073;744.6663;0.92697215;211.27126;100.0;0.6153472;295.73178;2082.4382;1.9071847;-0.61290336;0.0;0.085920095;0.085912645;0.0;1.7607584;1889.9277;6364.477;-1185.6572;5761.5107;-467.18112;-492.22333
1971-04-19;-3.6341045;-5.294149;-1.0650991;747.46704;0.9252942;241.56117;100.0;0.61703575;304.50845;2027.7914;2.2344887;-0.609993;0.0;0.08618832;0.086180866;0.0;2.1458008;2096.4983;6352.4546;-1060.8687;5984.09;-464.83444;-506.6011
1971-04-20;-2.4035645;-6.575063;-0.8813782;749.7475;0.9516141;110.433075;100.0;0.6175785;314.01303;1968.5059;0.013718017;-0.68612397;0.029757619;0.116184354;0.086426735;0.16213581;0.012591481;2567.514;7183.359;-1551.5662;5401.7256;-520.2711;-390.2378
1971-04-21;-0.20415242;-4.2149863;-0.4784864;750.0796;0.98814917;112.41907;100.0;0.6164096;323.72592;1905.7617;0.92133284;-0.5366681;0.54264814;0.62930584;0.08665025;3.14752;0.716012;2739.5828;7176.305;-1460.2589;5672.4067;-401.59222;-282.13556
1971-04-22;0.7430013;-4.048391;-0.24987666;746.35065;1.0774261;94.53012;100.0;0.6100957;333.15625;1832.9264;3.0955572;-0.46896654;1.8608868;1.9477755;0.08688122;8.740511;0.00725314;3043.3894;7396.3013;-1535.1686;5659.322;-346.19;-218.84
1971-04-23;-0.3625997;-2.286204;-0.10132599;742.25604;1.0398355;113.57861;100.0;0.6089424;335.48795;1815.1855;8.325326;-0.32054168;2.2337437;2.3762882;0.1425296;9.40352;4.697662;1969.7739;5672.3066;-974.6692;6235.438;-237.25333;-238.89555
1971-04-24;-0.99942017;-4.8873596;-0.2567533;742.1447;0.9743503;119.61758;100.0;0.6068635;339.04395;1790.3239;3.736037;-0.5575996;0.8170605;0.9049475;0.08788705;3.8804803;2.700299;2277.9927;6512.1465;-1402.5094;5675.77;-420.4989;-324.68668
1971-04-25;1.3424276;-3.0651958;-0.2863884;747.08405;0.8196985;179.70409;100.0;0.60195273;346.38412;1739.1357;0.15592575;-0.40461776;1.4226139;1.5113056;0.08869916;6.892217;0.00023841858;2865.3777;7460.892;-1430.3672;5783.0156;-294.4211;-226.31111
1971-04-26;3.5671794;0.05640666;-0.11227417;751.4279;1.0037404;224.52357;100.0;0.5905964;353.1774;1673.7467;0.27880073;-0.33146328;3.58665;3.7471354;0.1604855;14.230158;0.00019930303;3074.2634;7431.3364;-1183.55;6207.708;-236.59666;-179.96889
1971-04-27;3.496104;-0.36047363;-0.08920797;753.1656;0.9850865;168.3299;100.0;0.57260364;358.2933;1599.4059;0.104397535;-0.33907872;5.6342335;6.0276985;0.39346516;19.956648;0.0;3312.885;7584.0312;-1442.633;5903.707;-241.84277;-203.83667
1971-04-28;3.1033528;-3.726115;-0.25165558;753.614;1.1571227;73.14472;100.0;0.5565404;364.46255;1528.4424;0.007478986;-0.37022308;4.2413325;4.3363423;0.0949949;14.5698595;0.0;3533.521;7769.952;-1720.997;5506.796;-264.6011;-136.82333
1971-04-29;4.1915994;-4.4092;-0.22184499;752.1263;1.1517767;67.38853;100.0;0.54047817;371.16245;1457.3975;0.048147835;-0.3991872;5.667031;6.0890913;0.4220307;16.997103;0.0;3754.6772;8004.03;-1695.0228;5588.4585;-285.6128;-118.912224
1971-04-30;4.144979;-2.8516643;-0.16852188;750.47394;1.1534576;108.56501;100.0;0.52264094;377.1273;1387.1256;0.10955334;-0.36169404;6.216876;6.8407955;0.62390417;17.976475;0.0;3312.0034;6895.6045;-1225.4342;6141.675;-259.47;-106.94556
1971-05-01;3.162801;-2.2239685;-0.15544765;751.0671;1.1872559;69.446175;100.0;0.50347227;382.65137;1317.098;0.34075975;-0.38815382;7.0405455;8.133829;1.0932833;19.877375;0.00012852252;3671.8555;7506.9355;-1266.4445;6110.871;-278.50555;-180.415
1971-05-02;3.4341023;-1.6218058;-0.13814163;752.9278;1.36893;26.170822;100.0;0.48263463;387.49966;1246.7041;0.02526939;-0.41935593;7.7419505;8.807294;1.0653436;21.162436;0.0013411045;3622.547;7302.42;-1243.164;6147.56;-303.84778;-212.73778
1971-05-03;5.6777344;-3.8511555;-0.17199962;753.3995;1.1582512;31.29946;100.0;0.4614115;392.91733;1175.5778;0.0;-0.40858424;8.161768;9.495422;1.3336613;21.408875;0.0;4141.714;8256.816;-1714.5087;5674.819;-291.69778;-105.12444
1971-05-04;6.6913657;-3.5802612;-0.15170924;753.69135;1.0733582;124.43856;100.0;0.43863586;398.38086;1102.4984;0.000822544;-0.418419;9.796247;11.314571;1.5183315;23.463764;0.0;4103.902;8111.688;-1489.7075;5958.44;-299.02667;-88.60667
1971-05-05;6.8803506;-2.5904033;-0.123313904;753.3575;1.1557022;106.09431;100.0;0.41409197;403.4479;1028.0355;5.9604645e-05;-0.36536622;10.895475;12.442618;1.5471429;24.881937;0.0;3988.8723;7831.175;-1302.3339;6154.1704;-258.03333;-80.433334
1971-05-06;7.215037;-1.9477844;-0.11804199;752.07715;1.0563107;97.32441;100.0;0.38871768;408.2422;953.5726;0.12396807;-0.34396535;11.347279;13.0391865;1.6919076;25.475332;0.0;3985.14;7784.362;-1286.4725;6177.1064;-241.60445;-79.92333
1971-05-07;6.160044;0.5781352;-0.079649605;751.2548;0.91524005;91.70756;100.0;0.3646758;412.8291;884.64355;1.135391;-0.22732094;9.426355;10.907054;1.4806688;22.42775;0.0;3265.1616;6351.421;-750.8945;6755.1587;-156.77333;-91.85667
1971-05-08;4.7803245;2.6298244;-0.06294378;751.7701;1.1491603;177.26836;100.0;0.34016454;415.5524;819.9056;4.9124837;-0.1303535;13.725101;16.457916;2.7327986;25.990467;0.0;3358.8806;6512.6978;-947.95;6541.1045;-82.92111;-130.11778
1971-05-09;4.422231;-0.8215523;-0.16336314;751.02386;1.2929883;171.84174;100.0;0.3158472;419.94662;753.4993;0.38752985;-0.32194704;9.996041;11.510819;1.51477;24.162546;0.0;3872.3816;7489.9946;-1396.1583;6000.8066;-226.22667;-116.19
1971-05-10;4.4427285;-0.049072266;-0.16155751;747.6595;1.1354455;127.60076;100.0;0.2934623;426.10287;690.389;6.46165;-0.31155533;11.498481;12.7024355;1.2039468;21.626905;0.0;3565.9282;6883.4443;-1052.3406;6370.2144;-220.84;-105.617775
1971-05-11;4.142141;0.25958252;-0.10071818;745.19604;1.1896604;240.32976;100.0;0.2710441;430.60318;631.02216;3.569737;-0.4436737;11.616156;14.055282;2.4391265;23.622025;0.0;3798.9578;7321.5835;-1306.1597;6116.459;-325.77057;-145.82556
1971-05-12;3.1813965;-0.0675354;-0.15790813;746.88873;1.2446256;243.62988;100.0;0.24965017;435.2666;575.3174;1.2465;-0.505846;8.276179;10.645538;2.369359;20.147696;0.0;3485.7043;6709.311;-1107.9266;6277.1587;-376.55777;-162.40445
1971-05-13;3.297475;-1.4735311;-0.24998856;749.2283;1.1814277;169.42401;99.82992;0.2279154;440.45248;519.4499;0.07915199;-0.59664345;9.267345;12.098864;2.831526;22.804697;0.0018961728;4067.6943;7822.8813;-1449.5886;5938.759;-441.66943;-241.47778
1971-05-14;4.24587;0.36417642;-0.31666565;750.939;1.312947;142.74901;98.06234;0.20643759;447.45767;463.0941;0.64852834;-0.38048345;7.787168;10.181606;2.3944378;20.036663;0.0;3557.515;6779.69;-1283.7686;6107.2266;-273.64944;-100.882225
1971-05-15;3.5719502;0.9975179;-0.23958333;749.7133;1.2063127;162.51631;96.24642;0.18882363;449.88443;420.6543;6.4430237;-0.18962753;9.30503;12.938961;3.6339312;16.044498;0.00040978193;2396.264;4515.414;-579.1425;6800.3887;-130.82167;-97.1
1971-05-16;5.05778;0.63894653;-0.191185;749.33887;1.2945186;162.38948;95.06657;0.1675659;450.0;373.6979;0.5229718;-0.5237795;11.081278;15.4851675;4.403897;25.062729;0.0;4057.7195;7595.31;-1142.1819;6360.1357;-372.1078;-207.56223
1971-05-17;5.9108987;1.8635458;-0.11806234;749.51776;1.1164144;175.89375;94.313965;0.14409967;450.0;321.1263;6.733733;-0.3965767;11.0533085;15.281886;4.2285624;22.675623;0.0;3452.6138;6430.817;-875.685;6676.63;-277.3;-140.88556
1971-05-18;6.254822;1.6419882;-0.20486195;750.11694;1.148285;130.26863;93.979164;0.1209406;450.0;269.85678;0.8090317;-0.39290452;10.843113;16.028107;5.1849856;24.53068;0.0;3640.9612;6769.7246;-1174.8944;6315.9453;-272.78555;-163.31778
1971-05-19;5.9027405;-1.0391439;-0.5373637;752.26984;1.1652652;128.13661;93.83976;0.09817775;450.0;219.31966;0.23940206;-0.67185706;9.733036;16.352236;6.6192;22.120441;0.0;4181.622;7764.188;-1573.5928;5861.817;-484.4289;-185.69444
1971-05-20;6.125193;-1.341807;-0.69472885;750.5362;1.1570832;115.41293;93.781006;0.07475094;450.0;167.03288;1.6751114;-0.55173224;10.020315;18.452703;8.432388;23.338533;0.0;3927.3816;7287.5244;-1354.0164;6069.8076;-391.0011;-170.62334
1971-05-21;6.250519;-1.3017069;-1.0776291;748.2256;1.3408371;124.333855;91.43595;0.050956964;450.0;114.42057;0.5394399;-0.7483158;10.229871;19.90427;9.674385;24.069391;0.0;4372.753;8057.3066;-1553.42;5896.5254;-536.3567;-176.16
1971-05-22;6.9294333;-0.796875;-1.108256;748.04517;1.2968482;118.48124;67.27921;0.029721657;450.0;67.220055;1.8500626;-0.9839851;7.938206;17.893673;9.955465;18.336292;0.0;4229.5454;7075.98;-1342.8864;6241.964;-695.61444;-306.84888
1971-05-23;7.5700684;0.29878744;-0.93482465;749.47754;1.1331288;154.1059;35.550293;0.015515764;450.0;34.9528;0.7049421;-1.7816806;4.4037848;14.299512;9.895742;11.517544;0.0;5052.8213;7292.2935;-1619.2783;6234.9478;-1241.3911;-591.07666
1971-05-24;7.120626;1.190155;-0.78470355;750.4878;1.1519908;116.37293;16.931559;0.0073694787;450.0;16.886393;6.4363155;-2.1515152;4.0861816;13.740108;9.653926;5.978942;0.0;5391.097;7216.3843;-1716.7103;6332.217;-1496.1122;-880.99554
1971-05-25;9.538747;-0.26063028;-0.31217065;749.19727;1.2740179;155.8225;7.386068;0.003198425;450.0;7.446289;0.8318603;-2.9867477;1.1135489;10.377705;9.264149;3.0020847;0.0;5719.3594;7360.4243;-1790.7487;6525.9155;-2075.588;-810.455
1971-05-26;8.28712;-1.6074015;-0.51759213;747.77466;1.2652446;126.335205;2.9951985;0.0012976328;450.0;3.133138;0.25033653;-3.2083447;0.38266182;9.126976;8.744314;1.199223;0.0;6035.1885;7625.5454;-2297.8772;5950.1616;-2229.3677;-1068.71
1971-05-27;7.5860085;-0.24972534;-0.53682584;747.831;1.075411;95.05665;1.2571615;0.00054490566;450.0;1.3834635;0.65145445;-3.0486212;0.23365021;8.379221;8.145586;0.4975535;0.0;5828.469;7310.533;-2025.2145;6330.5713;-2117.9277;-986.1633
1971-05-28;8.592967;1.507721;-0.16293843;748.2447;1.0512532;84.65887;0.48624673;0.00020953019;450.0;0.40690103;0.27265427;-3.3007786;0.09313226;7.6307354;7.537626;0.2215989;0.0;5743.844;7175.66;-1862.1973;6650.7383;-2292.9468;-951.8722
1971-05-29;7.6230164;3.8835957;-0.07433065;748.19574;0.98395365;139.46352;0.17854817;7.728735e-05;435.71225;-7.345365e-21;5.8075366;-2.37751;1.119256;8.084595;6.965339;0.072631985;0.0;4812.8057;5998.6177;-1818.8223;6594.367;-1651.5688;-1072.9623
1971-05-30;8.487346;1.6472778;-0.030014038;749.96027;1.3064853;209.0627;0.07039388;3.027916e-05;428.64584;-7.345365e-21;0.6088853;-3.4861984;0.098094344;6.542146;6.444067;0.033266842;0.0;6010.92;7481.1855;-1970.4534;6545.5;-2421.7478;-1193.2622
1971-05-31;10.82019;-0.5079346;-0.08982595;750.4521;1.0924572;130.50551;0.024820963;1.0689099e-05;428.09375;-7.345365e-21;0.057029724;-3.9732633;0.010237098;5.983263;5.9730334;0.012103468;0.0;6599.2607;8203.328;-2461.2112;6143.931;-2760.0945;-902.99445
1971-06-01;9.989247;0.3733419;0.008331299;747.4953;1.7753686;149.63326;0.0081380205;3.417333e-06;428.09375;-7.345365e-21;0.9373812;-3.7711346;0.12503564;5.67846;5.5534244;0.0038966537;0.0;6303.2246;7826.548;-2174.4622;6396.491;-2619.6843;-1145.3611
1971-06-02;7.7593994;-0.7867737;-0.1374181;747.91113;1.2692274;226.5407;0.002766927;1.3113022e-06;428.09375;-7.345365e-21;0.00086426735;-3.6042817;0.00032782555;5.1807165;5.1803885;0.0012814999;0.0;6715.4614;8329.465;-2546.1128;5833.438;-2503.7756;-1479.5411
1971-06-03;7.4356484;-0.29385376;-0.2256635;746.5108;0.98362106;120.874115;0.0009765625;3.973643e-07;428.09375;-7.345365e-21;1.8378049;-2.7993414;0.23103505;5.079359;4.8483315;0.00045448542;0.0;5263.007;6520.717;-1945.925;6408.181;-1944.61;-1111.8212
1971-06-04;5.6076965;0.049519856;-0.26415506;745.0107;1.2298173;117.85196;0.0;-7.3453654e-25;428.09375;-7.345365e-21;4.2112617;-2.880628;0.5905777;5.1434937;4.552901;0.00018253922;0.0;5744.528;7110.08;-2135.2373;6115.759;-2001.0767;-1460.3578
1971-06-05;5.149597;1.207428;-0.73294574;745.3979;1.0109311;110.34841;0.0;-7.3453654e-25;272.66925;-7.345365e-21;8.191602;-2.7467878;1.2307167;5.5187645;4.288048;0.00013411045;5.401671e-05;5061.4585;6257.798;-1668.9895;6582.662;-1908.1022;-1270.9556
1971-06-06;7.4234414;1.5958048;-2.5459442;746.4323;1.0955135;117.534706;0.0;-7.3453654e-25;180.96156;-7.345365e-21;0.595044;-3.1828265;0.07084012;4.1199775;4.049137;3.3527613e-05;0.0;5812.2725;7178.7266;-2059.162;6335.067;-2211.0034;-1223.3411
1971-06-07;8.95637;1.7333475;-1.2788683;747.6919;1.1689352;113.63079;0.0;-7.3453654e-25;113.21287;-7.345365e-21;0.29152632;-3.4166033;0.03361702;3.8650036;3.8313792;7.4505806e-06;0.0;6066.6704;7485.0547;-2135.3762;6432.8755;-2373.4011;-1123.5056
1971-06-08;10.263509;0.54229736;-0.080766045;748.15845;1.1981595;83.61384;0.0;-7.3453654e-25;100.4938;-7.345365e-21;0.23078234;-3.5333047;0.025391579;3.6581159;3.6327243;0.0;0.0;5847.495;7207.0547;-2060.0234;6565.2856;-2454.469;-992.8233
1971-06-09;11.580505;-1.3593954;0.0097300215;749.6999;1.3031508;108.43838;0.0;-7.3453654e-25;99.99998;-7.345365e-21;0.06457567;-3.583762;0.0063478947;3.4575462;3.4511833;0.0;0.0;5937.955;7311.0107;-2258.8467;6371.188;-2489.52;-882.86224
1971-06-10;10.795674;-1.89918;0.010101318;748.4223;1.3088318;169.16908;0.0;-7.3453654e-25;99.99998;-7.345365e-21;0.025638938;-3.8051112;0.0026375055;3.286928;3.2842755;0.0;0.0;6773.8525;8331.501;-2587.8506;6049.2344;-2643.2844;-1229.6189
1971-06-11;10.210175;-0.4622396;0.010182698;747.16284;0.9923203;76.59188;0.0;-7.3453654e-25;99.99998;-7.345365e-21;0.040962216;-3.3371224;0.0036805868;3.1343699;3.1306968;0.0;0.0;5869.058;7210.892;-2252.9578;6432.971;-2318.1877;-946.6589
1971-06-12;9.8619585;2.9431152;0.009986877;747.76636;1.4518536;42.69166;0.0;-7.3453654e-25;99.99998;-7.345365e-21;1.3338268;-3.2720733;0.13375282;3.1231344;2.9893665;0.0;0.0;6029.18;7400.0547;-2164.534;6567.599;-2273.0012;-1207.8622
1971-06-13;11.735199;3.2398784;0.010210673;748.9756;1.2666825;35.85535;0.0;-7.3453654e-25;99.99998;-7.345365e-21;0.28870714;-3.6362746;0.026255846;2.8846562;2.8584003;0.0;0.0;6519.6133;7993.7144;-2311.7256;6593.1895;-2525.9983;-1187.5122
1971-06-14;14.061055;0.662679;0.010134379;749.50146;1.0411843;88.186134;0.0;-7.3453654e-25;100.00259;-7.345365e-21;0.061685067;-3.7826636;0.0054240227;2.741456;2.7360468;0.0;0.0;6655.989;8152.4224;-2536.5022;6502.6455;-2627.6912;-1031.5823
1971-06-15;13.897349;0.5812378;0.010073344;749.2851;1.3728548;105.01788;0.0;-7.3453654e-25;99.99998;-7.345365e-21;0.0030040736;-3.7289672;0.00023841858;2.621934;2.6217103;0.0;0.0;6723.1616;8226.047;-2563.2534;6515.597;-2590.389;-1115.2689
1971-06-16;13.240712;4.0813394;0.01003774;750.70636;1.3368753;74.561615;0.0;-7.3453654e-25;99.99998;-7.345365e-21;0.09405911;-3.256023;0.007480383;2.522558;2.515085;0.0;0.0;6466.0273;7910.2944;-2489.0784;6632.3877;-2261.851;-1276.3933
1971-06-17;13.691173;2.7356567;0.009904225;751.5461;1.5548706;35.665554;0.0;-7.3453654e-25;100.03416;-7.345365e-21;0.057429075;-3.2625813;0.004544854;2.4199188;2.4153814;0.0;0.0;6678.981;8170.0176;-2619.3127;6523.3457;-2266.4067;-1392.0978
1971-06-18;13.143748;0.3886312;0.0102005005;749.1761;1.5503863;92.684166;0.0;-7.3453654e-25;99.99998;-7.345365e-21;0.101953745;-3.127181;0.007688999;2.3294687;2.3217797;0.0;0.0;6639.9136;8121.0835;-2735.2322;6373.1177;-2172.3489;-1404.6034
1971-06-19;12.325592;-1.0620626;0.01037852;749.84235;1.2148536;73.896416;0.0;-7.3453654e-25;99.99998;-7.345365e-21;0.0017098755;-2.9307418;0.00013411045;2.233982;2.2338629;0.0;0.0;7066.2485;8641.467;-3089.0156;5946.8457;-2035.8889;-1604.1267
1971-06-20;14.253551;-4.599955;0.0101674395;749.02026;1.4189106;180.53172;0.0;-7.3453654e-25;99.99998;-7.345365e-21;0.0025731998;-2.8820941;0.00017881393;2.1511168;2.150938;0.0;0.0;7006.5977;8567.402;-3008.9805;6154.004;-2002.0945;-1606.22
1971-06-21;13.591207;-5.596415;0.009962718;747.17206;1.769961;218.33539;0.0;-7.3453654e-25;99.99998;-7.345365e-21;0.0021398063;-2.4289675;0.00014901161;2.073139;2.07299;0.0;0.0;7014.431;8575.879;-2931.7534;6128.001;-1687.3234;-2092.429
1971-06-22;12.963867;-3.0016377;0.009986877;748.00104;1.1645933;131.66649;0.0;-7.3453654e-25;99.99998;-7.345365e-21;0.00043403707;-2.3496962;2.9802322e-05;1.9994825;1.9994527;0.0;0.0;7027.801;8591.084;-3060.2778;6115.1387;-1632.2556;-1973.14
1971-06-23;13.673747;-1.0344543;0.010152181;748.3957;1.1297988;96.75604;0.0;-7.3453654e-25;99.99998;-7.345365e-21;0.0008612871;-2.3184967;5.9604645e-05;1.9298196;1.92976;0.0;0.0;7011.9966;8570.658;-3085.9539;6255.15;-1610.5823;-1794.7922
1971-06-24;15.09375;0.23309326;0.010060628;747.7155;1.294247;104.93221;0.0;-7.3453654e-25;99.99998;-7.345365e-21;0.0008583068;-2.2337697;5.9604645e-05;1.8636882;1.863636;0.0;0.0;6972.491;8521.266;-3046.4705;6490.3823;-1551.7256;-1829.3567
1971-06-25;15.301097;1.0419108;0.009938558;747.6526;1.2855488;88.60973;0.0;-7.3453654e-25;99.99998;-7.345365e-21;0.0009536743;-2.0670137;5.9604645e-05;1.8009841;1.8009394;0.0;0.0;6864.6685;8388.377;-2968.3777;6635.4966;-1435.8855;-1957.0488
1971-06-26;14.93047;2.5385945;0.009966533;748.0984;1.1398488;80.077965;0.0;-7.3453654e-25;99.99998;-7.345365e-21;0.067579746;-1.7062668;0.003874302;1.7457306;1.7418563;0.0;0.0;5956.9434;7278.1533;-2594.9238;6967.8364;-1185.2866;-1729.4111
1971-06-27;13.198344;3.8418987;0.009816487;747.3055;1.1237701;73.0662;0.0;-7.3453654e-25;99.99998;-7.345365e-21;0.72143674;-1.6885046;0.047452748;1.7337054;1.6862601;0.0;0.0;5983.4653;7309.6665;-2507.416;7022.003;-1172.9478;-1967.7955
1971-06-28;13.092732;3.0124512;0.010214488;745.95416;1.2674508;99.798454;0.0;-7.3453654e-25;99.99998;-7.345365e-21;0.8422077;-1.842225;0.055924058;1.6895384;1.6336143;0.0;0.0;6063.0835;7405.9756;-2548.9211;6881.517;-1279.7322;-1898.4534
1971-06-29;13.872905;-0.11834717;0.010100047;746.5949;1.3893653;164.47252;0.0;-7.3453654e-25;99.99998;-7.345365e-21;0.0055193896;-1.9248985;0.00035762787;1.583755;1.5833974;0.0;0.0;6143.541;7503.277;-2596.1523;6821.344;-1337.1627;-1980.4412
1971-06-30;15.147899;-2.868042;0.009976705;749.1196;1.1420833;129.4977;0.0;-7.3453654e-25;99.99998;-7.345365e-21;0.003000844;-1.9675726;0.00020861626;1.5353262;1.5351325;0.0;0.0;7046.5815;8605.146;-3205.0823;6358.289;-1366.8066;-2015.0634
1971-07-01;16.518229;1.167277;0.009844462;750.6214;1.1354965;66.29192;0.0;-7.3453654e-25;99.99998;-7.345365e-21;0.0023305416;-1.8571987;0.00011920929;1.4889538;1.4888346;0.0;0.0;6821.7734;8329.511;-3068.1895;6761.8545;-1290.1344;-1860.5167
1971-07-02;18.5141;3.9996033;0.009728749;749.6247;1.3419852;49.736237;0.0;-7.3453654e-25;99.99998;-7.345365e-21;0.00044107434;-1.6896148;2.9802322e-05;1.4446974;1.4446527;0.0;0.0;6304.1777;7696.5957;-2693.1921;7358.2456;-1173.7189;-1804.7023
1971-07-03;18.825754;5.626058;0.009952545;748.6457;1.1510212;67.1029;0.0;-7.3453654e-25;99.99998;-7.345365e-21;0.004465127;-1.427425;0.00025331974;1.402989;1.4027357;0.0;0.0;5501.666;6715.9546;-2472.351;7564.519;-991.5845;-1554.0922
1971-07-04;18.590048;2.2985637;0.01001358;747.1845;1.4825524;167.78017;0.0;-7.3453654e-25;99.99998;-7.345365e-21;0.0004351138;-1.5898459;2.9802322e-05;1.3626665;1.3626292;0.0;0.0;6657.957;8126.329;-2976.6868;7063.5776;-1104.4122;-2159.131
1971-07-05;17.481699;0.10321045;0.010014852;748.6801;1.3846744;237.38158;0.0;-7.3453654e-25;99.99998;-7.345365e-21;0.0012814989;-1.5145447;7.4505806e-05;1.324147;1.324065;0.0;0.0;6967.5996;8503.221;-3220.199;6670.6626;-1052.1045;-2376.6855
1971-07-06;17.396454;-1.5928549;0.0099436445;750.665;1.2989845;203.27617;0.0;-7.3453654e-25;99.99998;-7.345365e-21;0.00086927926;-1.5073233;5.9604645e-05;1.2871772;1.2871325;0.0;0.0;7086.0186;8646.624;-3440.34;6417.6665;-1047.0878;-2219.5457
1971-07-07;17.727518;-0.67890424;0.009808858;750.0406;1.2575938;102.87643;0.0;-7.3453654e-25;99.99998;-7.345365e-21;0.00044107434;-1.5241225;2.9802322e-05;1.2516975;1.2516528;0.0;0.0;6973.5835;8508.285;-3314.4355;6681.844;-1058.7567;-2117.0234
1971-07-08;17.87432;1.292806;0.010063171;747.73676;1.3774719;114.16946;0.0;-7.3453654e-25;99.99998;-7.345365e-21;0.0026762486;-1.4381037;0.00013411045;1.2177527;1.2176186;0.0;0.0;6905.9517;8424.663;-3259.061;6744.742;-999.0022;-2262.5955
1971-07-09;18.12084;-2.2687786;0.009989421;747.4954;1.2814046;152.79103;0.0;-7.3453654e-25;99.99998;-7.345365e-21;0.00044107434;-1.4189743;2.9802322e-05;1.1850446;1.1850148;0.0;0.0;7060.35;8611.938;-3460.7444;6502.97;-985.7144;-2216.5356
1971-07-10;18.322195;-2.4864197;0.010158539;750.226;1.2470053;240.18306;0.0;-7.3453654e-25;99.99998;-7.345365e-21;0.0008821486;-1.3579633;5.9604645e-05;1.1538565;1.1538118;0.0;0.0;7077.6484;8631.952;-3508.5732;6445.0435;-943.3322;-2262.6855
1971-07-11;18.345713;-2.1625671;0.009930928;752.3836;1.1966219;149.49257;0.0;-7.3453654e-25;99.99998;-7.345365e-21;0.0;-1.3688226;0.0;1.1238456;1.1238307;0.0;0.0;7090.219;8646.163;-3604.5457;6411.608;-950.87555;-2118.87
1971-07-12;18.419352;-2.7822368;0.009807587;751.2059;1.3388457;93.92155;0.0;-7.3453654e-25;99.99998;-7.345365e-21;0.00042617318;-1.3625585;2.9802322e-05;1.094982;1.0949671;0.0;0.0;7070.1636;8620.552;-3512.2927;6566.027;-946.5233;-2113.8489
1971-07-13;19.494944;4.731415;0.010204315;749.0904;1.4089829;95.00407;0.0;-7.3453654e-25;99.99998;-7.345365e-21;0.0021457663;-1.3178773;0.00011920929;1.0672808;1.0671616;0.0;0.0;6808.052;8299.921;-3150.5322;7138.9;-915.48444;-2205.0532
1971-07-14;19.147451;3.2208965;0.010083516;748.5091;1.288162;156.71297;0.0;-7.3453654e-25;100.00519;-7.345365e-21;0.00087155815;-1.2623099;5.9604645e-05;1.0404289;1.0403767;0.0;0.0;6843.035;8341.479;-3255.344;6956.1333;-876.88446;-2360.9521
1971-07-15;18.74705;-1.1395162;0.009619395;748.5688;1.1966501;128.68802;0.0;-7.3453654e-25;99.99998;-7.345365e-21;0.00086239754;-1.2504561;4.4703484e-05;1.0146648;1.0146201;0.0;0.0;6980.6606;8508.129;-3473.8127;6643.9556;-868.65;-2305.5745
1971-07-16;17.625906;-1.9043783;0.010405223;748.0556;1.2649375;135.46638;0.0;-7.3453654e-25;99.99998;-7.345365e-21;0.00044107434;-1.1856351;2.9802322e-05;0.98991394;0.98988414;0.0;0.0;7001.553;8531.67;-3459.8594;6542.2446;-823.6211;-2420.328
1971-07-17;17.961283;0.6524048;0.009550731;747.6346;1.2542261;95.54368;0.0;-7.3453654e-25;99.99998;-7.345365e-21;0.0008653544;-1.1678412;4.4703484e-05;0.9661168;0.9660572;0.0;0.0;6811.6504;8298.411;-3241.641;6857.0845;-811.2611;-2349.9512
1971-07-18;18.690226;0.26720175;0.010106404;748.1423;1.3282142;107.93273;0.0;-7.3453654e-25;99.99998;-7.345365e-21;0.0017309776;-1.1529698;8.940697e-05;0.9431541;0.9430647;0.0;0.0;6831.0723;8320.172;-3313.7761;6822.89;-800.93;-2338.631
1971-07-19;18.336334;-2.008077;0.0099105835;748.5726;1.4055563;151.86879;0.0;-7.3453654e-25;99.99998;-7.345365e-21;0.0014990568;-1.110971;7.4505806e-05;0.92099607;0.92093647;0.0;0.0;6865.3784;8360.107;-3328.51;6740.3047;-771.75555;-2500.7522
1971-07-20;16.695242;-3.55188;0.009597778;747.81915;1.2788581;220.46643;0.0;-7.3453654e-25;99.99998;-7.345365e-21;0.0008583069;-1.0495745;5.9604645e-05;0.8997023;0.8996725;0.0;0.0;7027.9165;8556.2;-3511.5103;6348.9136;-729.10443;-2548.1055
1971-07-21;17.601969;-0.5187683;0.010093689;747.967;1.1478564;165.52188;0.0;-7.3453654e-25;99.99998;-7.345365e-21;0.0030086858;-1.0972768;0.00015646219;0.879243;0.879094;0.0;0.0;6905.726;8405.574;-3340.333;6743.251;-762.2411;-2366.21
1971-07-22;18.782806;-0.67122394;0.009747823;748.0164;1.320975;143.16566;0.0;-7.3453654e-25;99.99998;-7.345365e-21;0.0017166131;-1.0965989;8.940697e-05;0.85929036;0.85920095;0.0;0.0;6855.5127;8342.552;-3433.5557;6731.866;-761.7711;-2321.2078
1971-07-23;19.020578;-0.08377075;0.009609222;747.9666;1.3802587;87.370964;0.0;-7.3453654e-25;99.99998;-7.345365e-21;0.0018835062;-1.0486348;8.940697e-05;0.84009767;0.8400157;0.0;0.0;6610.5605;8042.6094;-3182.1802;7013.4546;-728.4511;-2227.141
1971-07-24;18.894003;0.8892924;0.009712219;750.127;1.5300978;50.929432;0.0;-7.3453654e-25;99.99998;-7.345365e-21;0.046300888;-1.0095258;0.0023692846;0.8238852;0.8215159;0.0;0.0;6257.688;7611.817;-3054.3955;7139.1235;-701.2833;-2219.7234
1971-07-25;18.526926;-6.000468;0.010147095;752.519;1.5121155;48.94676;0.0;-7.3453654e-25;99.99998;-7.345365e-21;0.0021398063;-1.0549612;0.00011920929;0.80373883;0.8036494;0.0;0.0;6865.3955;8349.086;-3556.9229;6539.4355;-732.8456;-2255.5188
1971-07-26;17.151236;-2.537262;0.010361989;752.611;1.134323;79.84178;0.0;-7.3453654e-25;99.99998;-7.345365e-21;0.048279762;-0.79558975;0.002503395;0.7890761;0.7865727;0.0;0.0;4977.9043;6052.638;-2599.8132;7260.0435;-552.67;-1678.8289
1971-07-27;16.036905;-2.9188538;0.0098724365;751.27045;1.8485149;47.185135;0.0;-7.3453654e-25;99.99998;-7.345365e-21;0.009745359;-0.87392426;0.00044703484;0.77062845;0.7701814;0.0;0.0;6292.3174;7648.8423;-2994.445;6809.8145;-607.0861;-2531.48
1971-07-28;15.134572;0.33484903;0.009733836;750.4387;1.9164714;42.370106;0.0;-7.3453654e-25;99.99998;-7.345365e-21;0.05169511;-0.82918817;0.002682209;0.7568747;0.7541925;0.0;0.0;6342.923;7708.5996;-2966.0593;6751.849;-576.01;-2615.5444
1971-07-29;14.827596;3.0808716;0.0099652605;750.1623;2.0164475;42.024654;0.0;-7.3453654e-25;99.99998;-7.345365e-21;0.05801588;-0.82331526;0.0028461218;0.7416308;0.73876977;0.0;0.0;6227.531;7566.6465;-2841.4834;6877.8843;-571.92944;-2612.641
1971-07-30;15.661275;2.5591023;0.009607951;751.1049;1.8708016;43.84306;0.0;-7.3453654e-25;99.99998;-7.345365e-21;0.46189427;-0.962086;0.023886561;0.74771047;0.7238239;0.0;0.0;6351.3057;7715.3433;-2894.594;6899.1123;-668.3289;-2537.0544
1971-07-31;16.38861;2.8818054;0.009963989;751.81464;1.7062817;42.31374;0.0;-7.3453654e-25;99.99998;-7.345365e-21;0.08775592;-1.0658149;0.004544854;0.7138103;0.7092804;0.0;0.0;6396.885;7768.9087;-2912.9534;6974.392;-740.38666;-2419.6067
1971-08-01;16.16924;4.7304077;0.009915669;751.53125;1.8332176;39.79613;0.0;-7.3453654e-25;99.99998;-7.345365e-21;0.47650486;-1.0096338;0.024199486;0.71939826;0.6951988;0.0;0.0;6222.43;7555.383;-2835.486;7001.9663;-701.3589;-2465.0166
1971-08-02;17.951944;1.5767008;0.010050456;750.9433;1.3597857;59.290234;0.0;-7.3453654e-25;99.99998;-7.345365e-21;0.0;-1.1405293;0.0;0.6815344;0.6815344;0.0;0.0;6515.3228;7909.2773;-3094.1855;6945.9478;-792.2878;-2213.2266
1971-08-03;17.615631;1.500885;0.009892781;749.466;0.8282346;122.20386;0.0;-7.3453654e-25;99.99998;-7.345365e-21;0.095851175;-0.90598875;0.0048428774;0.67311525;0.6682575;0.0;0.0;5492.04;6665.5435;-2619.6206;7460.1924;-629.3589;-1876.5889
1971-08-04;16.898315;2.7935486;0.010044098;748.05493;1.2182958;131.40636;0.0;-7.3453654e-25;99.99998;-7.345365e-21;0.3992319;-0.82210827;0.020176172;0.67578256;0.6555915;0.0;0.0;5164.5713;6266.7744;-2459.195;7393.708;-571.0911;-1979.2877
1971-08-05;16.987558;2.398824;0.009775798;748.2143;1.7843612;147.92805;0.0;-7.3453654e-25;100.00259;-7.345365e-21;0.163498;-0.91339463;0.008329749;0.6517172;0.64338744;0.0;0.0;5418.441;6573.274;-2450.0923;7355.3936;-634.50555;-2165.8555
1971-08-06;14.978841;0.82507324;0.009957631;750.73315;1.2504908;196.7169;0.0;-7.3453654e-25;100.00259;-7.345365e-21;0.002585016;-0.7813005;0.00011920929;0.6315857;0.6314665;0.0;0.0;5429.848;6585.8506;-2590.4216;7052.279;-542.74335;-2252.838
1971-08-07;15.332581;2.8233845;0.010087331;751.9108;1.1225293;65.1787;0.0;-7.3453654e-25;99.99998;-7.345365e-21;0.19275105;-0.67078507;0.009447336;0.62946975;0.62002987;0.0;0.0;4419.6543;5359.1577;-2240.9;7366.4473;-465.97223;-1577.8267
1971-08-08;15.9010515;1.5633749;0.010135651;749.3564;1.1899236;80.11477;0.0;-7.3453654e-25;99.99998;-7.345365e-21;0.004479289;-0.7968433;0.00022351742;0.60912967;0.60889125;0.0;0.0;5243.164;6356.5273;-2597.2922;7149.1475;-553.54;-1849.3077
1971-08-09;15.3220215;3.49882;0.010178884;746.5146;1.418531;79.245735;0.0;-7.3453654e-25;99.99998;-7.345365e-21;0.06354749;-0.6621536;0.003054738;0.60109794;0.5980432;0.0;0.0;4909.433;5950.5337;-2425.6084;7208.546;-459.97665;-1861.6444
1971-08-10;14.9444475;2.086324;0.009927114;746.59576;1.388574;135.99622;0.0;-7.3453654e-25;99.99998;-7.345365e-21;0.027740002;-0.7022656;0.0013560057;0.5888343;0.58750063;0.0;0.0;5415.3467;6562.1094;-2662.0547;6938.1567;-487.84;-2154.3733
1971-08-11;15.304891;0.42396036;0.010169983;748.2468;0.8982869;100.510124;0.0;-7.3453654e-25;99.99998;-7.345365e-21;0.020218154;-0.6358484;0.0007748604;0.57804585;0.577271;0.0;0.0;4675.0845;5663.6606;-2414.0378;7189.5;-441.7028;-1601.9066
1971-08-12;16.595255;1.8271688;0.009914398;748.60223;1.311578;57.871845;0.0;-7.3453654e-25;100.00519;-7.345365e-21;0.014308095;-0.68535376;0.00071525574;0.56800246;0.5672872;0.0;0.0;5057.843;6126.4604;-2496.7012;7303.188;-476.09222;-1807.6178
1971-08-13;17.069;1.8091635;0.009919484;747.82733;1.3599609;90.82314;0.0;-7.3453654e-25;100.00519;-7.345365e-21;0.00085703953;-0.7516453;4.4703484e-05;0.55749714;0.5574599;0.0;0.0;5613.541;6797.921;-2722.8345;7184.6274;-522.1433;-2045.539
1971-08-14;16.149027;1.8302206;0.010063171;748.8206;1.3409728;112.84919;0.0;-7.3453654e-25;99.99998;-7.345365e-21;0.034131814;-0.7030731;0.0014007092;0.5492717;0.547871;0.0;0.0;5611.884;6794.299;-2781.8208;6994.4785;-488.40112;-2156.8032
1971-08-15;15.37617;2.855489;0.009993236;749.91626;0.9033559;80.782585;0.0;-7.3453654e-25;99.99998;-7.345365e-21;0.5990654;-0.8163694;0.029549003;0.568226;0.5386621;0.0;0.0;5062.6455;6127.9585;-2489.7002;7199.4146;-567.10443;-1860.8123
1971-08-16;16.652893;-0.048360188;0.009862264;749.8907;1.1686112;130.91011;0.0;-7.3453654e-25;99.99998;-7.345365e-21;0.0035613775;-0.8918531;0.00013411045;0.5297959;0.5296692;0.0;0.0;5538.5186;6703.222;-2828.833;6954.251;-619.54114;-1857.3188
1971-08-17;16.70337;-2.157369;0.009816487;749.96967;1.2507836;164.92024;0.0;-7.3453654e-25;99.99998;-7.345365e-21;0.0;-0.8157753;0.0;0.5207658;0.5207807;0.0;0.0;6007.161;7269.3516;-3109.9321;6688.8545;-566.6922;-2111.3489
1971-08-18;15.932098;-3.0220134;0.009985606;749.71265;1.3211583;182.95435;0.0;-7.3453654e-25;99.99998;-7.345365e-21;0.0008503933;-0.7703546;4.4703484e-05;0.512138;0.5120933;0.0;0.0;6426.2935;7775.755;-3279.8894;6465.612;-535.14;-2403.4482
1971-08-19;15.82252;-1.598704;0.010253906;749.31244;1.0979356;119.6965;0.0;-7.3453654e-25;99.99998;-7.345365e-21;0.00044107434;-0.64479744;2.9802322e-05;0.50368905;0.50367415;0.0;0.0;5139.3174;6217.758;-2704.8875;6987.19;-447.91888;-1816.5278
1971-08-20;16.029104;-2.152293;0.010044098;750.3989;1.2218592;144.1313;0.0;-7.3453654e-25;99.99998;-7.345365e-21;0.0012844794;-0.7427102;7.4505806e-05;0.4955232;0.49545616;0.0;0.0;6234.0215;7541.258;-3193.1296;6587.931;-515.93555;-2279.3755
1971-08-21;16.862467;-1.0663452;0.009862264;751.2495;1.6640872;181.48322;0.0;-7.3453654e-25;99.99998;-7.345365e-21;0.17807186;-0.6454643;0.008970499;0.49641728;0.48746914;0.0;0.0;5341.162;6460.5356;-2495.947;7289.4756;-448.38223;-2049.5745
1971-08-22;15.481099;-0.0068969727;0.009799957;749.6067;1.6851177;149.19011;0.0;-7.3453654e-25;99.99998;-7.345365e-21;0.8477509;-0.9934669;0.041663647;0.52152574;0.47986954;0.0;0.0;5244.168;6342.4116;-2612.06;6893.3945;-690.1289;-2070.8123
1971-08-23;14.272522;-2.3770447;0.010258992;749.60004;1.240213;144.72078;0.0;-7.3453654e-25;99.99998;-7.345365e-21;0.00041947648;-0.91577506;2.9802322e-05;0.4723817;0.47235936;0.0;0.0;6282.2295;7596.8467;-3246.9514;6225.5596;-636.1578;-2295.6646
1971-08-24;15.039174;-2.237447;0.010009766;752.03687;1.1253792;133.34346;0.0;-7.3453654e-25;99.99998;-7.345365e-21;0.0012934206;-0.8274876;7.4505806e-05;0.46497583;0.46490133;0.0;0.0;6194.005;7489.269;-3263.6484;6354.953;-574.8289;-2133.4412
1971-08-25;16.175406;-3.1306965;0.009881337;752.3201;1.2425305;108.91416;0.0;-7.3453654e-25;99.99998;-7.345365e-21;0.00042910659;-0.7657642;1.4901161e-05;0.45762956;0.45759976;0.0;0.0;6185.1685;7477.6846;-3312.9207;6407.4565;-531.9511;-2064.2844
1971-08-26;16.436401;-3.5340474;0.010083516;750.99023;1.3445517;121.93641;0.0;-7.3453654e-25;99.99998;-7.345365e-21;0.001711408;-0.71904624;8.940697e-05;0.4505515;0.45046955;0.0;0.0;6049.824;7313.156;-3262.3794;6470.8438;-499.49777;-2088.9556
1971-08-27;15.64088;-7.4384255;0.009765625;749.9463;1.4396534;113.068634;0.0;-7.3453654e-25;99.99998;-7.345365e-21;0.00086426723;-0.6787982;4.4703484e-05;0.44356287;0.44353306;0.0;0.0;6183.435;7473.7153;-3376.4932;6234.9565;-471.54;-2173.1033
1971-08-28;16.22236;-4.526235;0.010130565;749.54193;1.2547599;103.11385;0.0;-7.3453654e-25;99.99998;-7.345365e-21;0.0008583069;-0.69506466;4.4703484e-05;0.43678284;0.43675303;0.0;0.0;6091.9033;7362.2554;-3330.6511;6407.511;-482.8389;-2008.6744
1971-08-29;17.059052;-0.8984782;0.010026296;748.9678;1.2689675;96.0405;0.0;-7.3453654e-25;99.99998;-7.345365e-21;0.0;-0.68322384;0.0;0.43010712;0.43010712;0.0;0.0;5956.972;7198.3423;-3172.2039;6667.465;-474.61334;-2007.8044
1971-08-30;15.214061;-4.567322;0.010005951;748.0117;1.401199;174.12712;0.0;-7.3453654e-25;99.99998;-7.345365e-21;0.0017113889;-0.6224569;8.940697e-05;0.42372942;0.42364;0.0;0.0;5939.698;7176.4805;-3243.5784;6330.276;-432.4;-2281.4722
1971-08-31;14.076172;-4.827484;0.009999593;749.14355;1.2920896;155.97462;0.0;-7.3453654e-25;99.99998;-7.345365e-21;0.00086426723;-0.5950891;2.9802322e-05;0.41741133;0.41736662;0.0;0.0;5910.782;7140.8037;-3158.75;6284.1577;-413.3889;-2238.93
1971-09-01;13.9053545;-2.418935;0.009845734;750.91327;1.1545058;160.63057;0.0;-7.3453654e-25;99.99998;-7.345365e-21;0.0;-0.5725389;0.0;0.41127205;0.41125715;0.0;0.0;5867.809;7088.0845;-3127.016;6290.8022;-397.72333;-2264.7622
1971-09-02;14.584035;-1.2346191;0.0100911455;751.53217;1.1537787;131.42517;0.0;-7.3453654e-25;99.99998;-7.345365e-21;0.0004351138;-0.60590076;1.4901161e-05;0.40531158;0.40529668;0.0;0.0;5841.4404;7055.3677;-3132.4846;6408.6323;-420.8989;-2062.169
1971-09-03;15.903279;-4.160624;0.010087331;752.3816;1.2305433;107.29468;0.0;-7.3453654e-25;99.99998;-7.345365e-21;0.0025789796;-0.63354146;0.00012665987;0.39951503;0.39941072;0.0;0.0;5804.8096;7010.2593;-3196.612;6475.223;-440.1;-1926.2056
1971-09-04;16.50347;-7.071157;0.010019938;752.8406;1.3126237;140.22731;0.0;-7.3453654e-25;99.99998;-7.345365e-21;0.0021415518;-0.62774026;0.00010430813;0.39376318;0.39365888;0.0;0.0;5806.5938;7011.553;-3295.339;6372.597;-436.07;-1897.9
1971-09-05;15.653503;-7.2242837;0.009883881;752.38306;1.3608516;102.132965;0.0;-7.3453654e-25;99.99998;-7.345365e-21;0.00042617318;-0.599023;2.2351742e-05;0.3880784;0.3880486;0.0;0.0;5810.9077;7015.8735;-3423.6206;6089.4;-416.12167;-1937.1711
1971-09-06;14.9097185;-8.136485;0.009844462;750.76654;1.2292075;172.07568;0.0;-7.3453654e-25;99.99998;-7.345365e-21;0.0;-0.5762698;0.0;0.3826022;0.38259476;0.0;0.0;5846.035;7057.483;-3430.2927;5956.8047;-400.31555;-1882.66
1971-09-07;14.303966;-3.4989727;0.010328929;750.9119;1.2312764;257.05417;0.0;-7.3453654e-25;99.99998;-7.345365e-21;0.00085234636;-0.5407203;4.4703484e-05;0.3773123;0.37727505;0.0;0.0;5670.178;6844.4263;-3147.3245;6235.6846;-375.62;-2071.3
1971-09-08;14.731832;-2.3443604;0.010348002;752.36725;1.1835815;266.88254;0.0;-7.3453654e-25;99.99998;-7.345365e-21;0.0;-0.5398169;0.0;0.372082;0.372082;0.0;0.0;5639.687;6806.807;-3148.2383;6231.6855;-374.99277;-1979.5623
1971-09-09;16.262054;-3.853892;0.009766896;755.8767;0.87256175;109.484474;0.0;-7.3453654e-25;99.99998;-7.345365e-21;0.0012896799;-0.6106161;5.9604645e-05;0.3670156;0.36694854;0.0;0.0;5517.9087;6659.047;-3146.8625;6535.32;-424.17444;-1629.6111
1971-09-10;17.036459;0.2860209;0.009789784;755.5616;1.3872175;80.846825;0.0;-7.3453654e-25;99.99998;-7.345365e-21;0.41028157;-0.6225556;0.019863248;0.38182735;0.3619641;0.0;0.0;5079.758;6129.454;-2786.4976;6891.991;-432.4689;-1588.5222
1971-09-11;17.068827;1.3263956;0.009924571;754.31866;1.4445248;73.924255;0.0;-7.3453654e-25;99.99998;-7.345365e-21;0.0008642673;-0.6905831;4.4703484e-05;0.35715103;0.35711378;0.0;0.0;5083.4355;6133.1865;-2765.5762;6935.4365;-479.72556;-1664.0322
1971-09-12;15.819977;-0.7504781;0.009976705;752.04486;1.4332905;132.1019;0.0;-7.3453654e-25;99.99998;-7.345365e-21;0.284952;-0.6330442;0.013753772;0.36612153;0.3523603;0.0;0.0;5067.3257;6113.0566;-2858.1548;6633.0566;-439.75555;-1752.4623
1971-09-13;14.3385725;-4.945394;0.0100911455;751.5279;1.2226367;207.26878;0.0;-7.3453654e-25;99.99998;-7.345365e-21;0.0;-0.6451458;0.0;0.3477037;0.3477186;0.0;0.0;5447.713;6571.1333;-3145.2673;6183.089;-448.1611;-1860.6633
1971-09-14;14.216268;-7.2679543;0.010229747;753.3643;1.1449164;127.53836;0.0;-7.3453654e-25;99.99998;-7.345365e-21;0.002145317;-0.5822415;0.00010430813;0.34326315;0.3431514;0.0;0.0;5399.477;6512.1597;-3191.3433;6098.6646;-404.4639;-1764.0278
1971-09-15;13.984538;-8.204102;0.010250092;755.3337;1.2661748;108.01502;0.0;-7.3453654e-25;99.99998;-7.345365e-21;0.0021517272;-0.54086;0.00010430813;0.3387779;0.33868104;0.0;0.0;5381.616;6489.824;-3168.344;6096.5674;-375.71777;-1755.5553
1971-09-16;14.257111;-5.055603;0.009962718;755.5214;1.0235175;58.65202;0.0;-7.3453654e-25;99.99998;-7.345365e-21;0.0012874597;-0.53724277;5.9604645e-05;0.33435225;0.3343001;0.0;0.0;5097.703;6142.1167;-2955.5137;6454.291;-373.20444;-1596.6089
1971-09-17;14.709371;-4.278086;0.009977977;755.7212;1.1142853;57.009014;0.0;-7.3453654e-25;99.99998;-7.345365e-21;0.082971774;-0.5263574;0.003695488;0.3336817;0.33000112;0.0;0.0;4987.545;6004.1597;-2831.6821;6637.149;-365.6422;-1578.6078
1971-09-18;15.049092;-5.372711;0.009971619;756.70526;1.1303076;73.394806;0.0;-7.3453654e-25;99.99998;-7.345365e-21;0.011384487;-0.55621564;0.00055134296;0.32633543;0.325799;0.0;0.0;5043.4395;6066.1772;-2989.704;6483.327;-386.38443;-1529.0466
1971-09-19;14.302846;-5.6356606;0.00995636;756.2309;1.1695999;48.330822;0.0;-7.3453654e-25;99.99998;-7.345365e-21;0.0018179407;-0.5200449;8.940697e-05;0.32177567;0.32168627;0.0;0.0;4961.0146;5961.8423;-2965.4382;6425.8467;-361.25665;-1558.5712
1971-09-20;13.835866;-7.5187287;0.009671529;755.8355;1.2221067;49.499317;0.0;-7.3453654e-25;99.99998;-7.345365e-21;0.00086456444;-0.5003754;2.9802322e-05;0.31769276;0.3176555;0.0;0.0;5073.1313;6091.3076;-3190.39;6067.817;-347.59332;-1581.5067
1971-09-21;13.252838;-15.27114;0.010383606;756.3514;1.063892;80.01481;0.0;-7.3453654e-25;99.99998;-7.345365e-21;0.00086562673;-0.500787;2.9802322e-05;0.31372905;0.31371415;0.0;0.0;5279.567;6333.5957;-3476.258;5627.142;-347.88;-1437.5845
1971-09-22;13.357991;-12.141724;0.009849548;757.1241;1.1237848;90.22759;0.0;-7.3453654e-25;99.99998;-7.345365e-21;0.0008583069;-0.48513526;2.9802322e-05;0.30988455;0.3098324;0.0;0.0;5199.7246;6232.3867;-3294.1611;5824.299;-337.00778;-1503.1455
1971-09-23;13.514821;-7.4878745;0.009979248;757.8841;1.0114814;83.95316;0.0;-7.3453654e-25;99.99998;-7.345365e-21;0.00042649356;-0.4792493;1.4901161e-05;0.30605495;0.30604005;0.0;0.0;4930.2676;5904.3096;-2975.9084;6263.096;-332.9178;-1467.8678
1971-09-24;13.4758;-5.962667;0.0099487305;756.5009;1.2047672;92.472664;0.0;-7.3453654e-25;99.99998;-7.345365e-21;0.0;-0.46150106;0.0;0.30234456;0.30232966;0.0;0.0;4808.8945;5753.917;-2926.1873;6293.6733;-320.59;-1487.3822
1971-09-25;12.8758545;-6.7651367;0.010033925;754.87225;1.30352;94.8751;0.0;-7.3453654e-25;99.99998;-7.345365e-21;0.0;-0.45145118;0.0;0.29867887;0.29869378;0.0;0.0;4845.8145;5793.092;-2936.19;6213.85;-313.6078;-1557.2245
1971-09-26;12.74764;-7.021525;0.010164897;753.48285;1.3225274;123.608345;0.0;-7.3453654e-25;99.99998;-7.345365e-21;0.00085234636;-0.4377626;4.4703484e-05;0.2951771;0.2951324;0.0;0.0;4845.905;5788.169;-2955.3916;6116.6953;-304.1;-1583.8378
1971-09-27;11.957774;-6.663035;0.009988149;752.17145;1.3598537;163.09529;0.0;-7.3453654e-25;99.99998;-7.345365e-21;0.0017046923;-0.41203108;8.940697e-05;0.29173493;0.29166043;0.0;0.0;4915.9116;5866.7188;-2988.5562;5959.153;-286.22446;-1701.0233
1971-09-28;10.741231;-5.919637;0.009944916;750.9715;1.2330831;222.48415;0.0;-7.3453654e-25;99.99998;-7.345365e-21;0.0004351138;-0.38129836;1.4901161e-05;0.28830767;0.28827786;0.0;0.0;4861.351;5796.6;-2946.1956;5840.7476;-264.87555;-1754.9878
1971-09-29;10.013824;-6.9873557;0.009913127;750.2071;1.10462;172.8238;0.0;-7.3453654e-25;99.99998;-7.345365e-21;0.0;-0.39614365;0.0;0.2849698;0.2849698;0.0;0.0;4880.96;5814.9087;-2973.814;5790.2495;-275.18777;-1680.8345
1971-09-30;9.244609;-6.2283325;0.009905498;749.4473;1.2521491;156.6393;0.0;-7.3453654e-25;99.99998;-7.345365e-21;0.0066161156;-0.3667213;0.00022351742;0.28195977;0.28172135;0.0;0.0;4578.652;5449.958;-2719.4443;5973.1846;-254.74777;-1686.9736
1971-10-01;8.881744;-4.9961343;0.009827931;750.82196;1.1345532;133.6544;0.0;-7.3453654e-25;99.99998;-7.345365e-21;0.0004351138;-0.3548637;1.4901161e-05;0.2785623;0.27855486;0.0;0.0;4551.0933;5412.4316;-2703.7534;5942.4185;-246.51222;-1664.5155
1971-10-02;8.727803;-6.7715454;0.009860992;750.52167;1.2678381;155.04012;0.0;-7.3453654e-25;99.99998;-7.345365e-21;0.008162823;-0.35005063;0.00029802322;0.275746;0.27544796;0.0;0.0;4425.99;5259.2183;-2650.919;5955.094;-243.16888;-1614.5956
1971-10-03;6.934662;-3.5489502;0.009338379;751.27435;1.0402261;94.36855;0.0;-7.3453654e-25;99.99998;-7.345365e-21;0.36582026;-0.36864167;0.017225742;0.28967857;0.27246028;0.0;0.0;3655.04;4339.338;-2100.591;6373.0166;-256.0822;-1412.4211
1971-10-04;4.986267;-0.16181438;0.009901683;751.31226;1.0189704;76.189384;0.0;-7.3453654e-25;99.99998;-7.345365e-21;1.7395914;-0.6158622;0.08249283;0.35214424;0.2696514;0.0;0.0;2415.1707;2864.9333;-1375.4584;6817.093;-427.81888;-932.7122
1971-10-05;6.2383933;-0.06850179;0.009854634;750.95905;1.1604775;155.42899;0.0;-7.3453654e-25;99.99998;-7.345365e-21;0.54478645;-0.71174186;0.025391579;0.29224157;0.2668798;0.0;0.0;3932.5315;4660.9067;-2142.7195;6232.2524;-494.42334;-1370.32
1971-10-06;6.436239;-1.3082886;0.009666443;750.44867;1.613895;239.36719;0.0;-7.3453654e-25;99.99998;-7.345365e-21;0.6789446;-0.6800834;0.032037497;0.29614568;0.26412308;0.0;0.0;3749.0415;4439.6826;-1860.0706;6444.079;-472.43112;-1431.0233
1971-10-07;5.357015;3.2940776;0.010243733;749.22046;1.6599265;203.2763;0.0;-7.3453654e-25;99.99998;-7.345365e-21;23.689604;-1.0557547;1.6344339;1.8959641;0.26153028;0.0;0.0;2234.5488;2644.22;-690.19;7488.2676;-733.39667;-1023.6511
1971-10-08;1.0422363;0.3376058;-1.8709093;745.30975;1.3652314;234.66927;19.229574;0.0028519232;123.62107;20.06022;34.724552;-0.8048695;2.798572;3.057644;0.2590716;0.57041645;6.3369946;635.2439;858.5292;-448.06168;7062.515;-558.7511;-437.60223
1971-10-09;1.4081421;-4.827942;-6.4328766;751.67725;1.0295668;107.58982;33.176514;0.0049045086;150.16307;33.284504;0.0019575364;-1.4060457;0.16583502;0.42244792;0.25662035;1.4390088;0.00067800283;3385.5803;5230.9453;-1939.4044;5395.048;-977.7111;-720.8689
1971-10-10;3.5753784;-4.060974;-6.769011;755.5935;1.2143751;36.249165;23.337402;0.0034708183;151.28871;23.35612;0.0008523463;-1.536428;0.16444921;0.41857362;0.25413185;1.4278107;0.0;3779.393;5323.2134;-2292.9934;5221.8936;-1067.72;-591.80444
1971-10-11;5.4263306;-3.6776326;-6.3704896;755.9529;1.2182913;65.84008;14.626465;0.0021646817;151.49184;14.322917;0.0;-1.7212145;0.14072657;0.39243698;0.2516955;1.2259744;0.0;4042.351;5287.6504;-2338.6533;5367.3276;-1195.8112;-514.4633
1971-10-12;6.7564797;-3.0032246;-5.761206;756.3886;1.1641561;53.122112;7.9692383;0.0011734167;151.61554;7.8125;0.00042617318;-1.8997583;0.09533763;0.34461915;0.24926662;0.83805805;0.0;4195.8867;5212.852;-2424.4705;5486.161;-1319.7345;-479.20334
1971-10-13;7.788269;-4.240214;-6.405828;756.3152;1.1622707;116.06;3.9069824;0.0005735159;151.68097;4.0690103;0.0017272205;-2.0281115;0.051155686;0.29805303;0.24689734;0.45546517;0.0;4310.817;5201.207;-2552.044;5405.6304;-1408.9556;-431.62112
1971-10-14;8.206767;-5.5124207;-6.657149;756.82526;1.1036726;118.64416;1.7998861;0.00026373068;151.70897;1.7903646;0.0;-2.002418;0.024363399;0.26895106;0.24457276;0.22189319;0.0;4364.0605;5188.584;-2636.0745;5336.0547;-1391.0823;-446.06555
1971-10-15;7.994283;-5.7253623;-6.6548705;757.1922;1.1409773;79.807495;0.8038737;0.0001176993;151.71873;0.9765625;0.0;-1.9314783;0.010967255;0.25324523;0.24227798;0.10200031;0.0;4365.824;5154.4585;-2629.7727;5327.308;-1341.7689;-437.71667
1971-10-16;7.584951;-5.104055;-5.9808564;756.0279;1.0956613;70.14387;0.34464517;5.054474e-05;151.72523;0.32552084;0.0004351138;-1.8708445;0.004976988;0.24500489;0.24003536;0.04695542;0.0;4297.54;5058.4277;-2514.516;5482.9673;-1299.6267;-468.39
1971-10-17;6.8755393;-3.2311604;-5.189359;754.6663;1.110618;53.48976;0.13631184;1.9987425e-05;151.72655;-7.345365e-21;0.0012879173;-1.7858204;0.002220273;0.2400577;0.23782998;0.020638108;0.0;4193.3306;4928.266;-2381.7988;5655.3467;-1240.5522;-598.9289
1971-10-18;6.932068;-3.0899353;-5.25007;753.80273;1.0752465;64.481514;0.05078125;7.5499215e-06;151.72655;-7.345365e-21;0.0008583069;-1.7092553;0.0008493662;0.23652613;0.23566931;0.007856637;0.0;4126.9277;4846.3867;-2358.4968;5657.53;-1187.3633;-663.24
1971-10-19;6.0451965;-3.275716;-5.914753;753.5156;1.0604808;175.39525;0.018798828;2.9007595e-06;151.72655;-7.345365e-21;0.0017095199;-1.5950538;0.00040233135;0.23394823;0.23355335;0.0028684735;0.0;4056.831;4761.723;-2327.685;5598.6807;-1108.0311;-795.8011
1971-10-20;4.6000466;-4.6230164;-5.78219;752.5454;1.1399434;107.7153;0.007080078;1.2318293e-06;151.72655;-7.345365e-21;0.000822544;-1.4406238;0.00014901161;0.23163855;0.23148209;0.0009927899;0.0;3865.3184;4535.274;-2192.3572;5639.467;-1000.75446;-792.79443
1971-10-21;3.6990967;-2.6738179;-5.6305313;753.71533;1.1811846;57.229206;0.002766927;3.5762787e-07;151.72655;-7.345365e-21;0.19610524;-1.1668904;0.013336539;0.24281442;0.22947788;0.00038184226;0.0;3286.5623;3854.6782;-1926.3633;5808.3267;-810.6;-761.4689
1971-10-22;4.963694;-4.1282654;-6.1292343;751.8315;1.1569276;145.59514;0.0008951823;-7.3453654e-25;151.72655;-7.345365e-21;0.00087022776;-1.3246778;8.940697e-05;0.22757053;0.22750348;0.00016577542;0.0;3964.4023;4648.499;-2276.4368;5492.7466;-920.21;-755.32556
1971-10-23;3.9357808;-3.1481526;-4.1473145;749.8059;1.9143705;201.63615;0.0;-7.3453654e-25;150.17674;-7.345365e-21;0.98269284;-1.0998826;0.06753206;0.29309094;0.22555888;5.9604645e-05;0.0;3552.5657;4164.4565;-1793.1533;5936.115;-764.05225;-942.5967
1971-10-24;2.0792236;-0.1774699;-1.4170393;748.3967;1.6613032;210.53925;1.3259277;0.0002484719;147.60707;1.5869141;7.9639134;-1.2819395;0.5465746;0.7703006;0.22370368;0.008767471;1.4750026;2884.024;3379.7156;-1113.2789;6608.698;-890.58777;-972.13
1971-10-25;1.2620951;-0.028612772;-0.17339198;747.8781;0.9322539;213.95732;31.141764;0.0045808554;143.15785;31.738281;14.073327;-0.90514493;0.96800923;1.1899471;0.2219379;2.5001354;6.0716085;1716.544;2600.6023;-611.9817;6928.9937;-629.50336;-474.15
1971-10-26;1.102712;0.030766806;-1.0661074;748.5495;0.95292693;202.57489;28.109863;0.004151503;150.68651;27.87272;3.4794137;-1.0190178;0.5156547;0.73586404;0.22020936;2.0218306;0.047240406;2311.838;3241.7932;-982.30725;6546.743;-709.5233;-656.7856
1971-10-27;0.33547974;-2.863973;-4.2195916;749.603;1.2333971;225.57104;18.307455;0.002716859;150.98207;18.310547;1.0793716;-1.1351639;0.21400303;0.4325062;0.21849573;1.144927;0.04902482;2405.425;3122.6033;-1289.6194;6106.4224;-793.18225;-713.9211
1971-10-28;-0.10448202;-1.8575338;-2.4583333;751.1976;0.6271042;245.21191;16.040365;0.002418995;150.42381;16.194662;5.0721316;-0.5710218;0.4903823;0.7072091;0.2168268;0.657063;0.7137954;1103.8262;1415.4645;-513.0195;6809.431;-397.49;-287.41
1971-10-29;1.8486938;0.33935547;-1.811484;751.43536;0.6314594;273.05032;13.420817;0.0019960005;150.51366;13.590495;8.699743;-0.843022;1.0616034;1.2768209;0.21521002;1.0169857;0.024974346;1763.4456;2217.3267;-868.9439;6646.7856;-585.3456;-361.2
1971-10-30;2.0068562;-2.783142;-5.9693046;754.2;0.88538235;70.172806;8.908366;0.0013026794;150.56117;9.073894;0.024110079;-1.1647456;0.12362003;0.33721328;0.2135858;0.9352155;0.002907589;2770.571;3397.5388;-1648.8195;5845.898;-809.1544;-529.27
1971-10-31;1.6000977;-4.385264;-7.922277;755.44415;1.0376692;64.16299;4.5658364;0.0006682475;150.61456;4.5166016;0.0005308111;-1.2488058;0.058978796;0.2709329;0.21193922;0.46015903;0.00010803342;3556.225;4256.9844;-2246.505;5207.2656;-867.6711;-528.3311
1971-11-01;2.4452515;-5.30953;-7.709684;753.2803;0.9956908;68.43064;2.3853352;0.00034979978;150.64711;2.3600261;0.0012835999;-1.1942666;0.029161572;0.23950636;0.21034479;0.23047812;0.0;3391.8157;4012.561;-2192.1829;5265.789;-829.7167;-396.40778
1971-11-02;2.5516765;-5.376139;-7.3885612;751.5074;0.9843218;114.71329;1.259847;0.00018449624;150.66534;1.3427734;0.003910064;-1.1080596;0.015720725;0.2245158;0.20878762;0.1243297;0.0;3111.8188;3658.2678;-1874.2267;5575.3926;-769.8456;-418.18555
1971-11-03;2.779765;-4.427938;-7.138887;750.4785;1.0276295;225.51807;0.66308594;9.7195305e-05;150.67543;0.5289714;0.0025182962;-1.159314;0.007815659;0.21507591;0.2072677;0.062344596;0.0;3476.4321;4073.7378;-2101.1084;5356.677;-805.48444;-595.82
1971-11-04;-0.17366536;-1.6528116;-3.9852116;749.3269;1.0303398;229.74107;1.3901367;0.00022800763;150.94301;1.1393229;2.6043057;-0.8111354;0.19574165;0.4015416;0.20580739;0.030636787;0.47235563;2549.2395;2983.57;-1237.9517;6161.2637;-563.4533;-681.06335
1971-11-05;-1.263326;-3.643097;-4.9265265;748.4499;0.89578766;220.25835;6.565918;0.0009833971;144.78416;6.6731772;2.5294275;-1.0957447;0.17105043;0.37546456;0.20440668;0.30839443;1.0087788;2746.656;3305.4055;-1464.0889;5833.2354;-763.24445;-750.63
1971-11-06;-0.19478352;-7.7976584;-7.6191306;749.3554;0.9337118;68.26867;6.2851562;0.0009299119;150.94301;6.1035156;0.0021755695;-1.153009;0.054121017;0.25711954;0.20299852;0.4444942;0.0017434359;3366.0894;4051.2844;-2162.6506;5103.8843;-802.04224;-584.4911
1971-11-07;-0.24531047;-4.4953003;-5.983996;748.5718;1.4991149;28.762964;5.270182;0.00079806644;151.20311;5.0455728;0.29824078;-0.40249342;0.029146671;0.23077428;0.20162761;0.20975992;0.25314093;1491.055;1784.3689;-1118.445;6053.911;-280.52335;-236.11333
1971-11-08;1.4978333;-2.8009033;-4.7088914;749.1087;0.9449288;95.69717;3.8827312;0.00057367486;151.53188;3.6621094;0.004261732;-0.7462576;0.041395426;0.24169683;0.20030141;0.34193695;0.0;2735.3157;3250.78;-1352.794;6092.935;-518.5989;-439.89334
1971-11-09;-0.034037273;-1.5494791;-2.5015297;747.83563;0.7070151;63.871937;3.4848633;0.0005373557;148.01332;3.3772786;5.087271;-0.6165821;0.47422945;0.67320466;0.1989901;0.16013533;0.70121884;1600.6289;1886.2711;-840.4539;6604.898;-428.27777;-410.47778
1971-11-10;-0.5328267;-3.9421997;-6.1386657;749.5483;1.0414325;34.588726;7.411377;0.0010488828;142.88084;7.1614585;1.0661656;-0.91379976;0.12566149;0.323385;0.19771606;0.4888382;0.34227967;2319.4268;2807.9478;-1471.1827;5790.0376;-635.7633;-419.00665
1971-11-11;-0.7394307;-5.684316;-6.587443;749.0882;0.9310372;39.705025;4.903239;0.00072391826;150.34926;4.760742;0.09050528;-0.8661486;0.046744943;0.24318695;0.19644201;0.3178902;0.0022761524;2461.3062;2934.2578;-1469.1417;5811.629;-602.6911;-551.80444
1971-11-12;-0.72802734;-7.936239;-9.419442;749.8581;0.92069864;152.32872;3.1531575;0.0004657507;150.36424;3.3365886;0.00091791153;-0.7971227;0.025376678;0.22056699;0.19519031;0.20745397;5.2154064e-05;3074.3967;3632.0322;-2164.8167;4997.3623;-554.2489;-512.04443
1971-11-13;-0.013539632;-5.9311013;-9.1916895;752.678;0.8984174;248.47968;2.0178223;0.00029774508;150.388;1.7089844;0.0;-0.6620819;0.016584992;0.21055341;0.19396842;0.1367554;0.0;3142.2944;3691.51;-2145.1882;5046.181;-460.29;-503.6611
1971-11-14;0.3817037;-5.3663635;-8.660557;753.9372;0.86384124;263.1835;1.2756348;0.00018807252;150.40265;0.9765625;0.0012881191;-0.699671;0.010699034;0.20346045;0.19276142;0.08779019;0.0;3096.9167;3624.7356;-2076.2644;5156.4834;-486.31445;-503.93555
1971-11-15;0.12164307;-5.156057;-7.6715255;751.16693;0.85934544;229.64973;0.80891925;0.00011964639;150.37042;0.48828125;0.0021744617;-0.6248094;0.0065863132;0.19817054;0.19158423;0.054033473;0.0008866191;2914.21;3402.9812;-1839.8506;5420.241;-434.21222;-505.1078
1971-11-16;-1.9015198;-5.234497;-4.385469;746.7347;0.78413194;211.93451;10.125651;0.001650691;136.59666;11.59668;8.761713;-0.36163628;0.018909574;0.20933151;0.19045174;0.02899766;8.498114;1536.7922;1806.0278;-778.1711;6407.548;-252.18666;-430.65222
1971-11-17;-3.2326965;-3.590739;-1.6567053;742.66016;0.6488113;170.16765;98.24593;0.03338921;123.889626;259.27734;41.948727;-0.10963529;0.027537346;0.2168715;0.18933415;0.0;40.31193;145.85333;580.4611;-79.87;6931.9077;-85.57222;-115.227776
1971-11-18;-3.654602;-4.1520257;-1.6672186;742.6189;0.8106474;205.47858;100.0;0.062443297;145.527;428.42612;11.850971;-0.20672195;0.012353063;0.20059943;0.18825382;0.028256327;11.164904;454.20667;1806.97;-261.07056;6763.0913;-159.82777;-237.0
1971-11-19;-5.9399276;-8.607338;-7.467968;750.47614;0.96983904;97.25051;100.0;0.065043926;155.17902;419.3522;0.008672476;-0.12010895;0.0;0.18715858;0.18715858;0.0;0.008650124;937.78;3408.6145;-1266.8867;5080.9326;-89.166664;-141.18666
1971-11-20;-6.493177;-13.299777;-14.585431;755.0593;1.1983081;44.53426;100.0;0.06504556;158.02277;411.70248;0.0012834126;-0.03057532;0.0;0.1860857;0.1860857;0.0;0.0;1045.475;3696.1577;-1294.5505;4435.6943;-19.305555;46.62
1971-11-21;-5.307677;-15.325049;-15.312809;753.3426;1.021986;133.95222;100.0;0.06505978;160.0973;406.6569;0.0064669065;-0.053103082;0.0;0.18502772;0.18502772;0.0;0.0034682453;1056.33;3649.9866;-1113.2023;4586.089;-36.74222;63.013332
1971-11-22;-2.648814;-4.6792564;-5.784899;751.2264;0.46626675;234.60541;100.0;0.06855583;159.98468;427.08334;14.2567215;-0.028247014;0.015437603;0.19943714;0.18399954;0.0;13.093777;423.6072;1466.9445;99.88111;6880.9346;-20.617777;-43.33889
1971-11-23;-1.8803406;-2.6057332;-1.038236;750.6761;0.7023452;227.58473;100.0;0.08561996;157.30109;544.35223;7.8007917;-0.12008101;0.031888485;0.21487474;0.18297881;0.14318153;6.709389;580.24945;2255.1023;-521.73553;6541.045;-90.91111;-120.81778
1971-11-24;-1.881246;-6.4409356;-3.5221698;752.76263;0.9362097;69.35964;100.0;0.08705481;165.83722;526.2858;0.005656481;-0.13750605;0.0;0.18197298;0.18197298;0.0;0.0056661665;990.38275;3269.1477;-1416.7483;5259.057;-101.96778;-77.64111
1971-11-25;-2.7338154;-8.67136;-9.2717285;752.1301;1.0075189;119.87543;100.0;0.08704722;171.05174;509.68423;0.0021493407;-0.02075918;0.0;0.1809746;0.18098205;0.0;0.0;826.12335;2578.338;-1014.8322;5216.1284;-13.151667;46.733334
1971-11-26;-3.3153484;-9.018779;-9.446923;750.3032;0.9607904;92.054985;100.0;0.087058626;174.81671;498.81998;0.0009447335;-0.038198195;0.0;0.17999113;0.18000603;0.0;9.313226e-05;945.88666;2890.5579;-1094.5884;5149.521;-26.13611;27.342222
1971-11-27;-3.4205322;-5.4213867;-7.9069023;748.74;0.8487478;215.27998;100.0;0.08714092;178.4811;489.13574;0.40219277;-0.008714385;0.0;0.17903745;0.17903745;0.0;0.34837052;921.4728;2751.2012;-592.4778;5911.932;-3.9333334;-15.466666
1971-11-28;-2.1882732;-2.4968033;-2.4897206;748.8506;0.9547796;223.50946;100.0;0.09107319;180.7809;504.31314;7.3773384;-0.07442292;0.015705824;0.1938045;0.17809868;0.055197626;6.6585803;378.93332;1189.7922;-104.40444;6915.306;-57.294445;-100.86222
1971-11-29;-0.88857776;-3.5342102;-2.1053379;751.7749;0.7832691;184.06029;100.0;0.09520034;185.80467;514.20087;0.5211893;-0.11290796;0.016957521;0.19411743;0.17715245;0.18292852;0.46108663;888.44946;2754.3667;-1173.6995;5692.342;-84.08444;-55.09667
1971-11-30;-2.6226094;-5.6903787;-5.9215903;752.17633;1.0375592;62.242447;100.0;0.09519255;191.67348;497.80273;0.07778406;-0.027642585;0.00500679;0.18122792;0.17622113;0.054948032;0.005826354;1045.8038;3046.8132;-1195.4734;5311.0083;-17.536667;-10.134444
1971-12-01;-1.7758179;-3.4016316;-3.44266;750.6128;1.0081425;222.9223;100.0;0.09596896;197.47362;487.54883;4.7765155;-0.05335547;0.16213953;0.3374666;0.17531961;0.19222498;0.93909353;906.6178;2575.0845;-414.47556;6540.178;-38.086666;-53.806667
1971-12-02;-1.8926595;-3.5022686;-1.0782585;750.52856;0.99024343;185.17833;100.0;0.09913087;204.09406;486.73502;2.219829;-0.1693098;0.25951862;0.43395162;0.17441809;1.9633193;1.6799532;756.5511;2146.9368;-1106.0172;5808.9463;-129.28334;-84.816666
1971-12-03;-5.19598;-9.591061;-7.284083;751.3369;1.0909926;143.83691;100.0;0.09857249;208.16893;474.4873;0.0032186508;-0.092116185;0.0;0.17352402;0.17352402;0.0;0.0027678907;1172.9238;3143.561;-1511.8223;4788.9985;-67.683334;-32.13222
1971-12-04;-5.1201477;-9.353011;-9.818538;748.5102;0.8624077;179.59346;100.0;0.098573364;211.0003;468.3838;0.023806095;-0.03498979;0.0;0.17264485;0.1726374;0.0;0.015180558;1194.775;3141.15;-1187.2977;5007.3813;-23.797777;-4.5655556
1971-12-05;-6.3505044;-8.606022;-7.0807457;744.80566;0.8141413;205.29498;100.0;0.098843016;213.07452;464.88443;0.5221305;-0.15607104;0.0;0.17178059;0.17177314;0.0;0.37464872;997.3983;2599.8733;-812.4155;5692.392;-118.97111;-82.40111
1971-12-06;-6.1103516;-6.992981;-5.445568;740.16315;0.8549734;120.51476;100.0;0.11310748;190.60675;596.5169;40.232777;-0.09902008;0.0;0.17094612;0.17093122;0.0;40.199196;285.02277;908.5622;-25.618889;6684.292;-76.95556;-130.58444
1971-12-07;-7.7584763;-9.25764;-5.9182878;736.271;0.822985;146.98071;100.0;0.16479504;152.33917;1077.1078;42.251602;-0.09139627;0.0;0.17009676;0.17009676;0.0;42.23374;121.44334;527.0589;-310.85278;6226.109;-71.46889;-78.617775
1971-12-08;-9.365093;-11.47244;-8.615211;741.1921;0.8723528;179.8741;100.0;0.19523434;149.91371;1297.2006;34.261658;-0.09557046;0.0;0.16928464;0.16928464;0.0;34.25431;423.31778;1836.211;-206.38222;6156.8555;-73.344444;-137.96889
1971-12-09;-9.205018;-10.561547;-8.362152;742.55054;1.093101;172.31537;100.0;0.2452087;152.1455;1609.4156;28.78492;-0.044867396;0.0;0.16847253;0.16847253;0.0;28.772476;390.22778;1714.3711;-633.31165;5665.346;-33.61778;-61.337776
1971-12-10;-8.75773;-16.737885;-13.534465;750.7209;1.0507836;189.85002;100.0;0.25092277;162.66405;1544.9219;0.005275011;-0.04820898;0.0;0.16768277;0.16766787;0.0;0.0048428774;756.8933;3231.7422;-1286.355;4374.212;-34.29889;20.39889
1971-12-11;-4.7616296;-14.21823;-15.036862;753.04913;0.86727303;273.68814;100.0;0.2509437;169.87791;1478.9633;0.0721656;-0.013067387;0.0;0.1668632;0.16687065;0.0;0.06659888;706.01666;2929.2678;-673.5578;5106.919;-7.4722223;74.02
1971-12-12;-4.145355;-6.6286826;-11.10732;747.5569;0.8619704;215.49748;100.0;0.2543664;175.86684;1445.8008;11.477932;0.016157515;0.0;0.16607344;0.16608834;0.0;11.385541;573.31775;2332.561;-93.82222;6254.717;14.721111;13.681111
1971-12-13;-5.953125;-6.953898;-7.451731;741.82574;0.8260438;199.74799;100.0;0.26692083;179.22655;1489.3799;10.303841;-0.016488135;0.0;0.16531348;0.16531348;0.0;10.298878;439.5189;1859.0167;-187.21556;6387.1055;-10.99;-63.06
1971-12-14;-9.015145;-10.226658;-7.2145295;737.46466;1.2085422;195.48997;100.0;0.28864494;178.31248;1617.1469;26.97801;-0.087158754;0.0;0.16453862;0.16455352;0.0;26.966213;182.72112;782.7622;-346.07388;6069.128;-67.90222;-118.37889
1971-12-15;-12.903446;-15.315899;-11.659753;741.05365;0.6778314;142.9373;100.0;0.30132344;181.44432;1662.9639;0.8156717;-0.06956607;0.0;0.16379356;0.16380101;0.0;0.8120351;610.0283;2624.6245;-1128.2123;4682.059;-52.135555;-115.73778
1971-12-16;-16.10666;-20.48189;-17.711184;740.8503;0.8360935;58.894886;100.0;0.30153003;188.25941;1603.0273;0.015044212;-0.017619692;0.0;0.1630485;0.16305596;0.0;0.013150275;717.1117;3006.2932;-1404.1777;3819.091;-11.821111;-45.02667
1971-12-17;-16.653133;-20.524584;-21.570503;741.68414;0.9347852;106.36859;100.0;0.30155432;192.50226;1567.3422;0.007122755;0.0042058527;0.0;0.16231835;0.16231835;0.0;0.0070743263;735.49664;2996.0789;-1075.59;3972.1677;4.7022223;7.2177777
1971-12-18;-15.142177;-20.771566;-21.80619;742.7351;1.0304614;30.812246;100.0;0.30169666;195.73827;1542.1957;0.5374283;-0.0033676624;0.0;0.161618;0.1616031;0.0;0.5344972;675.51166;2679.9644;-503.455;4717.567;-1.1544445;28.48889
1971-12-19;-13.196565;-17.392813;-18.268682;742.1369;1.4067373;21.947836;100.0;0.30282488;197.83234;1531.5756;0.80560344;0.0062286854;0.0;0.16090274;0.16087294;0.0;0.8009374;559.9939;2193.9011;-564.0383;4981.1436;6.2355556;31.767778
1971-12-20;-13.147419;-21.266874;-19.798422;743.6999;1.3944856;11.400783;100.0;0.3030624;201.74835;1503.2145;0.002573197;-0.014434569;0.0;0.16017258;0.16016513;0.0;0.0;827.31;3167.3845;-1312.62;3854.0942;-8.962222;80.706665
1971-12-21;-12.324738;-21.557116;-21.000475;744.3665;0.9646881;40.51643;100.0;0.30307567;205.1826;1478.0273;0.0025795698;-0.0104215;0.0;0.15945733;0.15945733;0.0;0.0;746.22943;2788.101;-973.79834;4202.7393;-6.3722224;67.18889
1971-12-22;-11.110179;-18.719175;-20.89079;744.7336;1.0794896;49.73415;100.0;0.30309317;208.3561;1455.4037;0.0017168085;0.0021196902;0.0;0.15877187;0.15876442;0.0;0.0;816.76;2977.7756;-938.50946;4292.2827;3.43;83.78889
1971-12-23;-10.365223;-16.48984;-20.091387;741.74664;0.76975125;281.2759;100.0;0.30313727;211.49445;1434.1635;0.18559408;0.004714355;0.0;0.15808642;0.15807897;0.0;0.18296763;839.88336;2991.1755;-749.50836;4590.7144;5.3744445;52.756668
1971-12-24;-10.830647;-13.959701;-17.736122;741.8768;0.64632416;202.42163;100.0;0.30356988;214.28253;1417.9281;0.43317676;0.008538365;0.0;0.15740097;0.15740097;0.0;0.42968988;875.7122;3071.7666;-785.61664;4775.921;8.344444;6.016667
1971-12-25;-11.600853;-13.415513;-15.470981;740.7522;0.6284829;204.38527;100.0;0.30954394;207.50453;1491.0889;6.923783;0.008656643;0.0;0.15673041;0.15673041;0.0;6.92036;440.27667;1691.0366;-466.22055;5285.451;7.6355557;-20.805555
1971-12-26;-11.79189;-13.339298;-14.496216;739.52734;0.9147683;176.94731;100.0;0.3138956;206.21808;1521.8506;6.5175323;0.00062026083;0.0;0.15607476;0.15606731;0.0;6.5119786;422.22723;1630.31;-64.93528;5878.6436;1.3355556;-48.4
1971-12-27;-10.361926;-12.789193;-11.876736;740.55585;1.4703212;31.31717;100.0;0.32491162;199.83852;1625.1627;11.466241;-0.011441298;0.0;0.15541911;0.15541166;0.0;11.461951;269.09668;1121.1422;-137.52888;6001.9185;-8.136666;6.328889
1971-12-28;-9.329861;-12.289636;-10.978233;745.00433;1.7931887;27.60161;100.0;0.3330934;201.47784;1654.6224;3.9546938;-0.022524036;0.0;0.15476346;0.15475601;0.0;3.9484613;633.165;2683.0388;-789.2522;5278.6655;-14.7;3.2122223
1971-12-29;-7.7035623;-10.77616;-11.194453;745.19794;1.3013364;26.26403;100.0;0.33558628;207.4186;1619.6696;1.920638;-0.008530915;0.0;0.15410781;0.15410781;0.0;1.9160025;586.515;2447.7134;-649.45166;5461.737;-4.11;-3.3877778
1971-12-30;-8.917545;-12.035709;-12.683456;747.02936;1.1187927;15.511888;100.0;0.33601928;214.14647;1570.8414;0.008821487;-0.0016270205;0.0;0.15346706;0.15346706;0.0;0.0076144934;739.4633;3001.4111;-1023.20776;4801.0254;1.5033333;-11.567778
1971-12-31;-10.585846;-13.468993;-14.440824;749.29755;0.94969153;39.637886;100.0;0.33606163;219.76073;1530.9652;0.023961067;0.0010561198;0.0;0.15282631;0.15283376;0.0;0.021550804;759.98724;3007.99;-1167.305;4480.609;3.192222;-3.8755555
1972-01-01;-13.009563;-16.108435;-16.005493;748.9341;1.125219;30.7901;100.0;0.33610454;224.29718;1499.7559;0.006595254;-0.005075708;0.0;0.15220046;0.15220791;0.0;0.005733222;779.3433;3006.6912;-1092.9586;4447.4487;-1.76;-30.268888
1972-01-02;-14.48702;-18.908804;-18.26043;746.1674;1.0767398;110.22051;100.0;0.33612868;228.00812;1475.4232;0.005322695;-0.009185635;0.0;0.15157461;0.15158206;0.0;0.004030764;836.84;3148.2844;-1220.6816;4081.2961;-5.0555553;-15.256667
1972-01-03;-11.387689;-18.544462;-19.796103;746.49365;0.89125603;105.65967;100.0;0.33615497;230.99965;1456.7057;0.014448166;-0.0072102994;0.0;0.15096366;0.15097111;0.0;0.012300909;875.30444;3212.9146;-1129.005;4118.1504;-3.5166667;53.956665
1972-01-04;-12.083325;-17.878216;-20.088797;749.6775;1.4182868;19.071163;100.0;0.3361846;233.70473;1439.8193;0.0017195934;0.007919036;0.0;0.15035272;0.15036017;0.0;0.0;910.1728;3264.5833;-1162.03;4079.6272;8.218889;88.92
1972-01-05;-9.597024;-18.090319;-19.573626;748.97687;0.9087003;170.84785;100.0;0.33627102;236.23988;1424.4385;0.7640541;-0.009977259;0.0;0.14975667;0.14975667;0.0;0.7558726;924.7289;3239.3157;-838.61664;4543.4414;-5.4744444;59.52222
1972-01-06;-10.246352;-12.824355;-16.494513;744.7585;0.7473752;58.59648;100.0;0.33878255;235.30077;1440.5518;1.872465;0.01623109;0.0;0.14916062;0.14916062;0.0;1.8690453;670.48334;2408.3157;-617.51025;5104.8013;14.046667;-1.7088889
1972-01-07;-12.955841;-16.934437;-17.070902;746.9815;1.1934458;49.394703;100.0;0.33933267;237.9466;1427.1647;0.0059170774;-0.009415671;0.0;0.14856458;0.14857203;0.0;0.005058944;906.025;3218.821;-1171.3772;4280.3257;-4.958889;-12.996667
1972-01-08;-12.158386;-18.407791;-17.819359;748.7066;1.026988;55.73752;100.0;0.3393574;240.9453;1409.3832;0.024783611;-0.0167666;0.0;0.14796853;0.14798343;0.0;0.02221018;919.61835;3191.4578;-1033.7509;4432.4634;-10.523334;17.933332
1972-01-09;-10.559632;-14.804261;-17.381323;749.75824;0.96566224;48.9754;100.0;0.33940533;243.80238;1393.6361;0.016796589;0.007469207;0.0;0.14738739;0.14740229;0.0;0.011727214;939.86334;3190.3057;-1067.3162;4446.5615;7.9333334;23.556667
1972-01-10;-12.342084;-15.326276;-17.386532;748.809;1.1484183;34.01748;100.0;0.339447;246.62335;1377.6041;0.004070997;0.009369105;0.0;0.14683604;0.14683604;0.0;0.0031515956;968.81836;3221.0522;-1104.87;4378.46;9.418889;1.7944444
1972-01-11;-12.479695;-18.319302;-17.163921;745.429;1.4374379;13.679612;100.0;0.33947757;249.36034;1362.3861;0.007584334;-0.018931925;0.0;0.14624;0.1462549;0.0;0.006303191;1032.905;3361.41;-1218.3639;4293.836;-11.984445;17.44
1972-01-12;-8.564094;-18.581274;-17.607405;744.49316;0.80798364;246.53015;100.0;0.33949113;251.9645;1348.226;0.0;-0.026578084;0.0;0.14567375;0.14568865;0.0;0.0;1077.0089;3427.9478;-1227.6389;4253.8745;-17.822222;57.343334
1972-01-13;-9.786845;-13.603864;-16.889894;742.1638;0.6086891;259.28513;100.0;0.3399959;253.4824;1341.8375;2.2898555;0.0076666474;0.0;0.14512241;0.14512241;0.0;2.2868514;911.4489;2843.111;-612.63947;5074.287;7.521111;-0.28
1972-01-14;-10.010522;-11.216869;-12.980165;736.52954;0.8705961;184.12407;100.0;0.35319695;235.1686;1501.0172;20.588928;0.023296103;0.0;0.14457107;0.14457852;0.0;20.585045;222.15889;829.4989;175.96611;6343.22;18.338888;-2.6044445
1972-01-15;-11.211314;-12.991795;-11.078101;739.3076;1.4249841;208.46571;100.0;0.3656926;225.18;1624.7559;4.5053887;-0.042544678;0.0;0.14403462;0.14402717;0.0;4.491761;677.8078;2844.7266;-572.885;5555.21;-31.01;-110.433334
1972-01-16;-10.6573305;-12.470936;-10.881196;740.39496;0.6404706;212.59584;100.0;0.36875772;227.49672;1622.0703;2.9736996;-0.03984943;0.0;0.14348328;0.14349073;0.0;2.9681473;492.10834;2034.6866;-315.19055;5853.46;-29.612223;-100.4
1972-01-17;-9.571258;-10.684093;-9.460729;738.79425;0.97308445;181.92326;100.0;0.3797377;220.62953;1720.2555;14.149976;-0.024775043;0.0;0.14294684;0.14295429;0.0;14.14489;229.94778;973.48114;-57.524723;6277.5337;-18.87111;-83.30111
1972-01-18;-10.347716;-12.03267;-9.487067;742.10626;1.1764799;201.66887;100.0;0.38710776;221.61327;1748.2504;2.9113941;-0.07001497;0.0;0.1424253;0.14241785;0.0;2.9036515;702.2461;2986.531;-743.0861;5443.282;-52.15111;-136.84889
1972-01-19;-14.452727;-20.556234;-13.598267;743.2199;1.3696901;31.282297;100.0;0.38847938;226.9746;1713.2975;0.10152697;-0.064400956;0.0;0.14188886;0.1418814;0.0;0.099461526;906.4606;3770.611;-1932.09;3511.951;-47.15333;-64.78333
1972-01-20;-14.666272;-25.18222;-20.26914;744.3613;1.2655965;28.550966;100.0;0.38847685;231.12465;1682.2103;0.00043511385;-0.033318065;0.0;0.14135242;0.14135242;0.0;0.0;962.24164;3894.0278;-1714.6738;3249.9731;-23.087778;57.63111
1972-01-21;-10.644738;-18.190018;-19.872602;743.2251;0.770955;162.47632;100.0;0.38971332;232.43878;1676.2695;6.185818;-0.011475757;0.0;0.14083087;0.14083087;0.0;6.184019;632.11945;2495.55;42.595276;5639.8467;-7.251111;29.804445
1972-01-22;-9.587078;-10.957232;-13.8561125;736.26984;0.7149376;221.56474;100.0;0.4037259;219.61;1836.9141;11.818009;0.018229708;0.0;0.14032423;0.14031678;0.0;11.804681;344.4989;1465.9133;113.4175;6225.2812;14.944445;-17.901112
1972-01-23;-11.539306;-13.7115555;-12.357452;740.7668;0.76131076;174.84839;100.0;0.40841854;221.53188;1845.4183;0.7224808;-0.024918467;0.0;0.13981014;0.13981014;0.0;0.7210821;800.35443;3368.4543;-1078.8545;4808.819;-16.748888;-111.503334
1972-01-24;-12.764907;-20.62026;-16.970522;741.91504;0.97482425;54.868374;100.0;0.40858832;227.09535;1800.5371;0.0009701317;-0.03910996;0.0;0.13929605;0.1392886;0.0;0.00010803342;963.88275;3950.609;-1687.9806;3559.1455;-27.127777;-9.832222
1972-01-25;-11.995767;-19.806814;-19.468462;741.0532;0.8983929;123.45115;100.0;0.40862536;230.88898;1770.8334;0.34742615;-0.021873042;0.0;0.13878942;0.13878942;0.0;0.34466013;951.6811;3794.5823;-900.525;4423.2856;-14.296667;1.3144444
1972-01-26;-9.743248;-11.889758;-15.097621;739.37054;0.5931866;132.63478;100.0;0.41237402;229.83527;1793.986;6.210831;0.010510907;0.0;0.13828278;0.13829023;0.0;6.208364;493.20166;1965.1311;209.52194;6282.464;9.413333;-38.406666
1972-01-27;-9.094327;-10.369899;-10.971523;739.91644;0.68747884;205.33531;100.0;0.41979408;227.4173;1846.1914;6.8171263;-0.008956529;0.0;0.13779104;0.13779104;0.0;6.8140626;484.86334;1998.86;-91.64111;6210.586;-5.5433335;-81.08444
1972-01-28;-9.69688;-12.510283;-10.5393915;742.4964;0.7543008;110.18752;100.0;0.42285743;231.99281;1825.0326;0.2376219;-0.04790537;0.0;0.1372993;0.1372993;0.0;0.23501739;870.7589;3580.8394;-1272.7252;4704.725;-33.698334;-96.50667
1972-01-29;-13.0902605;-17.885786;-14.409759;743.6181;1.6700975;22.138449;100.0;0.42289463;237.99835;1778.6865;0.013678441;-0.04464574;0.0;0.13680756;0.13680011;0.0;0.0128261745;986.5222;3951.1855;-1553.645;3990.125;-31.248888;-46.81778
1972-01-30;-15.409242;-19.92764;-18.413975;744.9467;1.8151437;25.685402;100.0;0.42291144;242.08527;1748.4945;0.0044047832;-0.013620593;0.0;0.13631582;0.13631582;0.0;0.0025816262;1057.086;4125.5557;-1672.8005;3515.141;-7.8344445;11.704445
1972-01-31;-17.50354;-22.433388;-20.822588;744.0583;1.7809831;26.971869;100.0;0.4229456;245.04066;1727.7018;0.02245307;-0.017938204;0.0;0.13582408;0.13583153;0.0;0.02026558;1087.7633;4140.2046;-1552.3694;3502.1736;-11.455556;-10.603333
1972-02-01;-17.139778;-23.128754;-21.897064;742.7972;1.4100424;35.161484;100.0;0.423013;247.37726;1711.4664;0.19349754;-0.022227876;0.0;0.13536215;0.1353547;0.0;0.1899898;944.66113;3508.9521;-795.79553;4386.5376;-15.094444;-33.747776
1972-02-02;-14.403068;-21.120426;-20.15536;743.5332;1.2165004;37.918175;100.0;0.42322126;249.49152;1697.7946;0.045887094;-0.00093877316;0.0;0.13488531;0.13487786;0.0;0.044599175;1117.4634;4068.531;-1195.1222;4088.7437;0.31666666;-25.715555
1972-02-03;-13.0792265;-21.341528;-20.284248;743.33026;1.2041483;26.320145;100.0;0.42323792;252.07875;1680.2572;0.0;0.0052005053;0.0;0.13442338;0.13441592;0.0;0.0;1100.4911;3912.2722;-1316.8589;3908.1711;4.404444;15.315556
1972-02-04;-11.134319;-20.116175;-19.473179;742.50726;0.79030687;170.37878;100.0;0.423426;254.23663;1666.3004;1.174504;-0.0043697655;0.0;0.13396144;0.13396144;0.0;1.1724383;1113.9395;3865.73;-641.4142;4862.0977;-3.058889;-26.635555
1972-02-05;-12.14098;-13.925002;-15.0658;740.2373;0.82446814;179.1686;100.0;0.43123898;244.06248;1765.8691;10.804057;0.0066272914;0.0;0.1335144;0.13350695;0.0;10.800164;541.38275;2083.6233;-103.43166;5850.7446;5.3355556;-76.57333
1972-02-06;-10.616409;-12.6077;-12.272765;740.9712;0.6660028;105.013794;100.0;0.4399259;236.263;1860.3516;14.43913;-0.018990599;0.0;0.13305992;0.13305992;0.0;14.432747;583.1111;2353.5923;-96.86444;6081.338;-14.715555;-116.564445
1972-02-07;-9.761802;-12.716;-9.999687;739.2578;1.7560393;38.505375;100.0;0.46616718;219.28644;2122.7214;25.498573;-0.13730489;0.0;0.13260543;0.13261288;0.0;25.493023;350.56055;1524.4911;-149.25722;6144.174;-107.82333;-80.655556
1972-02-08;-12.739346;-16.73842;-11.07548;739.6071;2.1169896;31.017433;100.0;0.48241615;216.98598;2224.121;6.9464173;-0.22190623;0.0;0.1321733;0.1321733;0.0;6.940354;519.4144;2254.595;-656.2158;5336.1064;-173.97166;-141.25111
1972-02-09;-13.233516;-18.791697;-14.460014;743.6499;1.4214445;26.234568;100.0;0.48435032;223.6419;2167.6838;0.07916987;-0.029897317;0.0;0.13172626;0.13172626;0.0;0.07831678;1068.1683;4516.515;-1518.5203;4039.4177;-22.063334;-109.76222
1972-02-10;-11.27269;-19.359283;-17.555204;747.0933;1.2562686;27.378563;100.0;0.4843622;229.40916;2112.7522;0.0;0.008165836;0.0;0.13128668;0.13128668;0.0;0.0;1135.015;4668.509;-1568.9658;3772.6936;6.881111;-3.0566666
1972-02-11;-9.863351;-20.974987;-19.662626;749.2326;1.2518138;35.64329;100.0;0.4843777;233.79718;2073.0388;0.001267458;0.009529293;0.0;0.130862;0.13085455;0.0;0.0;1207.9333;4838.2188;-1560.8914;3647.3237;7.9744444;77.18889
1972-02-12;-6.8562546;-20.667643;-19.44445;750.10956;0.99144155;204.23041;100.0;0.48439088;237.62953;2039.7949;0.0017225739;0.0007543713;0.0;0.13042986;0.13042241;0.0;0.0;1203.7023;4698.9355;-1242.9569;4122.017;1.1277778;67.3
1972-02-13;-7.9529853;-19.686745;-17.738182;746.69183;0.71793133;233.44257;100.0;0.48448208;241.53514;2007.2836;0.18463334;-0.006065704;0.0;0.12999773;0.12999773;0.0;0.18249452;869.1717;3313.2678;-728.353;4887.307;-4.4444447;16.55
1972-02-14;-7.7010636;-10.892772;-15.841825;744.61694;0.8411684;187.23494;100.0;0.48467597;245.75487;1973.9584;0.21541008;0.04743971;0.0;0.1295805;0.1295805;0.0;0.21284819;1193.6794;4444.6216;-874.6761;4910.9985;37.552223;-54.40889
1972-02-15;-9.010518;-11.921832;-13.371781;744.2681;1.0071179;69.85513;100.0;0.4848709;250.57843;1936.6862;0.009327061;0.027787872;0.0;0.12914836;0.12914836;0.0;0.0071264803;1255.6888;4580.4097;-1071.6705;4881.904;22.366667;-114.17555
1972-02-16;-7.7056413;-9.860395;-11.600975;742.68353;0.7557114;85.118935;100.0;0.487681;253.46776;1922.7701;14.670452;0.020395033;0.0;0.12873113;0.12873113;0.0;14.54626;1139.5289;4056.4138;-447.4614;5847.8423;16.542778;-132.78
1972-02-17;-5.8332314;-6.941111;-7.703644;741.33405;0.6492826;149.03612;100.0;0.5119113;240.48956;2128.133;12.865696;-0.015901402;0.0;0.1283139;0.12832135;0.0;12.852364;622.86554;2685.6682;-256.6861;6341.1113;-12.11;-128.4289
1972-02-18;-7.1060486;-8.380696;-7.0855775;742.5008;0.5420645;126.237305;100.0;0.521764;243.6839;2141.2761;12.781191;-0.020912848;0.0;0.12791157;0.12791157;0.0;12.7547455;352.03333;1499.7195;-468.3872;5993.2324;-16.318333;-70.16
1972-02-19;-8.82845;-11.059569;-8.444051;743.4379;0.868401;72.15209;100.0;0.5298249;246.6673;2149.699;3.5771625;-0.049402937;0.0;0.12749434;0.12750179;0.0;3.5624356;762.0922;3244.0693;-846.8775;5420.7446;-38.485554;-165.43445
1972-02-20;-10.783444;-15.429561;-11.089321;745.98456;1.4810776;31.167252;100.0;0.5311915;253.27211;2099.3245;0.14578104;-0.08340739;0.0;0.127092;0.12709945;0.0;0.14232472;1068.8767;4462.488;-1396.93;4483.892;-65.05;-153.33444
1972-02-21;-14.076145;-18.44953;-14.130786;748.45184;1.70235;31.63334;100.0;0.5312161;258.8086;2054.2805;0.037032366;-0.03920868;0.0;0.12668967;0.12669712;0.0;0.03618002;1220.4994;4963.1787;-1586.9778;4015.3804;-30.35111;-147.96777
1972-02-22;-15.100476;-21.964363;-17.014936;749.84863;1.991702;25.543867;100.0;0.53120905;262.9066;2021.6471;0.0073378086;-0.036900863;0.0;0.12629479;0.12629479;0.0;0.0058338046;1338.8138;5304.4966;-1784.0039;3542.216;-28.427778;-84.04
1972-02-23;-12.488217;-23.437012;-19.140406;750.28125;1.66397;22.338837;100.0;0.5311927;266.06705;1997.3551;0.0;-0.013586134;0.0;0.12589991;0.12589246;0.0;0.0;1407.7461;5435.191;-1788.2311;3428.2073;-10.074445;2.3566666
1972-02-24;-11.389607;-23.785578;-20.092333;749.00116;1.2366655;34.49787;100.0;0.5311889;268.75034;1977.3763;0.0017282947;-0.008965842;0.0;0.12549758;0.12549758;0.0;0.0;1454.3345;5476.847;-1635.3872;3579.9539;-6.46;0.47
1972-02-25;-11.295853;-22.545477;-19.930962;749.95386;1.1452315;31.53682;100.0;0.5311895;271.2731;1959.1471;0.0004351138;0.00033527613;0.0;0.12511015;0.12511015;0.0;0.0;1497.9506;5505.0356;-1578.4255;3696.9146;0.21555555;-18.645555
1972-02-26;-9.767161;-21.66535;-19.399714;749.61035;1.1875621;56.319195;100.0;0.5311902;273.7809;1941.5283;0.0008735936;-0.00063702464;0.0;0.12472272;0.12472272;0.0;0.0;1550.8828;5565.6167;-1571.4711;3784.0693;-0.55333334;3.681111
1972-02-27;-7.792505;-20.223244;-17.630114;747.3287;0.94586515;143.4923;100.0;0.53118557;276.40918;1923.2584;0.034305453;-0.017274171;0.0;0.12433529;0.12434274;0.0;0.033013523;1379.4395;4837.414;-881.23444;4813.282;-13.592222;-39.49
1972-02-28;-7.492788;-14.796788;-13.579315;744.84955;0.6667389;181.42053;100.0;0.53200483;278.5371;1910.8073;1.3139716;-0.07096492;0.0;0.12394786;0.12396276;0.0;1.3088249;1251.0527;4349.5063;-611.0125;5515.151;-55.875557;-143.99667
1972-02-29;-6.8799133;-9.751842;-10.809062;743.66425;0.7790105;86.16215;100.0;0.5327923;281.62466;1893.3105;0.42366084;-0.028337352;0.0;0.12356043;0.12357533;0.0;0.41855872;1266.1672;4390.8887;-720.7961;5601.5547;-22.375;-171.29944
1972-03-01;-6.6510215;-9.333665;-9.007446;742.4238;0.9597469;75.63811;100.0;0.53299296;286.13345;1864.2172;0.13542771;-0.10084547;0.0;0.1232028;0.1232028;0.0;0.13026968;1248.1072;4259.5386;-927.9103;5452.561;-79.41778;-191.79556
1972-03-02;-7.0985107;-10.635694;-8.563232;743.1045;0.98723364;71.501305;100.0;0.5329729;290.87857;1833.8623;0.14867081;-0.1426749;0.0;0.12281537;0.12282282;0.0;0.1453422;1487.6328;4984.6416;-1106.3942;5265.061;-112.33444;-253.02777
1972-03-03;-5.7087274;-9.136227;-8.628738;745.3255;0.7799649;189.96474;100.0;0.5330303;295.25684;1806.722;0.17431512;-0.10704622;0.0;0.12245774;0.12245774;0.0;0.17048419;1494.9817;4914.182;-1242.9094;5072.65;-84.33222;-201.11
1972-03-04;-4.56193;-6.2231545;-7.842936;741.9065;0.49627766;161.14816;100.0;0.5468697;286.7145;1905.8024;34.917843;0.025007874;0.0;0.12208521;0.12208521;0.0;34.652664;525.2575;1858.0375;-198.75722;6382.0317;19.57;-42.24111
1972-03-05;-4.7039084;-5.7751465;-5.574473;743.5778;0.94826585;211.63799;100.0;0.5696008;273.92807;2081.258;2.2654176;-0.05831197;0.0;0.121727586;0.121720135;0.0;2.2565126;914.28;3937.162;-479.71613;6276.539;-45.58;-223.60333
1972-03-06;-5.5455422;-8.145538;-5.5900116;745.68085;0.68370086;189.31514;100.0;0.5710899;280.7295;2036.0922;1.3267279;-0.1079347;0.0;0.12135506;0.12135506;0.0;1.308363;946.0492;3980.4812;-1008.81836;5517.1655;-84.333336;-200.34222
1972-03-07;-5.741221;-7.3257957;-6.351298;745.5974;0.9422477;120.28531;100.0;0.5717512;286.96158;1993.8965;0.5922109;-0.06720796;0.0;0.12099743;0.12098998;0.0;0.5861335;1082.6272;4449.4844;-625.4711;6017.6323;-52.25778;-248.79333
1972-03-08;-4.9532266;-6.8299356;-5.395935;743.361;0.92385435;68.33575;100.0;0.57293206;292.37827;1960.9375;2.157118;-0.060308725;0.0;0.1206249;0.12063235;0.0;2.0928793;916.80585;3700.778;-674.69275;6037.954;-46.968887;-185.53555
1972-03-09;-5.8987327;-11.097606;-6.1800637;744.4182;1.0983754;33.942184;100.0;0.5741195;297.43393;1931.6813;0.0030053062;-0.12782589;0.0;0.12026727;0.12027472;0.0;0.002976507;1380.6914;5498.9487;-1437.0878;4990.69;-99.62111;-276.99554
1972-03-10;-5.405996;-12.183044;-8.389232;746.0547;0.95509243;105.58136;100.0;0.5740622;302.37076;1899.8617;0.0008523463;-0.03856886;0.0;0.119909644;0.119917095;0.0;0.0;1573.7352;6109.549;-1714.419;4482.2227;-29.272223;-184.82
1972-03-11;-3.878774;-7.5765786;-9.065063;745.6191;0.83647245;231.17036;100.0;0.5740599;306.43033;1874.3082;0.008523464;0.009298325;0.0;0.11956692;0.11956692;0.0;0.007227063;1575.5806;5965.378;-1246.2383;5073.8643;8.066667;-181.52444
1972-03-12;-3.5714824;-5.287903;-6.7296753;744.1209;1.222859;216.22166;100.0;0.5755946;309.23178;1861.1654;7.5194926;-0.09855814;0.0;0.11920929;0.11920929;0.0;7.283151;1268.7385;4714.3076;-504.75;6256.364;-76.94111;-208.5389
1972-03-13;-3.4191387;-4.178308;-4.231851;741.6463;0.7780661;138.73207;100.0;0.5984711;296.03452;2018.9209;33.861435;-0.03087055;0.0;0.11886656;0.11885911;0.0;33.010376;464.49112;1957.0209;-102.918335;6819.35;-24.053333;-120.72889
1972-03-14;-3.390447;-5.7386727;-3.2329624;745.9161;1.0306798;79.44143;100.0;0.6206544;286.8773;2165.324;3.884244;-0.11873618;0.0;0.118523836;0.118516386;0.0;3.6830754;1042.5989;4472.869;-834.6161;6017.5312;-92.575554;-236.37778
1972-03-15;-3.6442363;-7.35552;-4.116343;749.82294;1.936027;32.880535;100.0;0.62120295;294.89517;2108.9275;0.009703635;-0.1259735;0.0;0.11816621;0.11816621;0.0;0.00840798;1455.5615;5955.7744;-1515.787;5143.42;-97.93611;-199.20555
1972-03-16;-3.6195881;-7.947235;-5.5665994;745.85156;2.00147;31.40349;100.0;0.621184;301.55664;2061.8083;0.6571114;-0.12646243;0.0;0.11782348;0.11782348;0.0;0.64557046;1474.4878;5810.5815;-1156.7252;5471.47;-98.32889;-152.85667
1972-03-17;-2.855774;-6.1611123;-4.5478516;741.1765;1.537258;33.811234;100.0;0.6229604;306.4209;2035.0748;1.8238455;-0.20681322;0.0;0.117480755;0.117480755;0.0;1.7825477;1116.993;4370.644;-800.0267;6000.8843;-161.94221;-188.15056
1972-03-18;-3.6606216;-5.028627;-4.5970254;739.2729;0.9646611;141.79448;100.0;0.62458116;311.1403;2008.9111;3.0590563;-0.06997958;0.0;0.11715293;0.11714548;0.0;3.0128136;1012.54083;3852.6963;-558.01447;6256.0845;-54.46;-205.16112
1972-03-19;-6.955335;-10.052339;-4.9641166;740.4007;1.7977642;47.341183;100.0;0.6375704;305.03452;2089.5996;13.901244;-0.28733724;0.0;0.1168102;0.1168102;0.0;13.8969345;640.1272;2704.0786;-914.2839;5586.8467;-225.73666;-153.77222
1972-03-20;-8.408459;-12.287319;-8.312749;743.5313;1.7656556;38.167957;100.0;0.64077127;307.54916;2085.368;0.004917383;-0.07244758;0.0;0.116467476;0.11647493;0.0;0.0048540533;1608.4661;6626.129;-1847.7836;4255.5757;-56.01278;-251.48666
1972-03-21;-7.4883423;-11.179298;-9.385684;739.36444;1.3908745;41.218506;100.0;0.640847;311.58365;2058.2683;0.3529966;-0.040248036;0.0;0.11613965;0.1161471;0.0;0.3170818;1506.6472;6044.97;-1217.575;5051.1167;-30.726667;-247.50111
1972-03-22;-5.7203574;-7.6400604;-8.108823;738.51294;0.87655836;106.40634;100.0;0.64272934;313.52963;2051.0662;2.3480403;-0.033048913;0.0;0.115811825;0.115811825;0.0;2.3280196;928.5283;3715.9656;-572.99414;5925.6343;-25.602222;-157.62555
1972-03-23;-6.3446145;-8.544106;-7.128118;741.6639;1.3985095;220.20808;100.0;0.64417726;316.33463;2037.2314;1.6910732;-0.18649921;0.0;0.115484;0.11549145;0.0;1.6604699;1528.6061;6008.088;-902.0289;5655.9434;-145.97667;-349.43777
1972-03-24;-5.459198;-7.5184455;-6.176089;744.6198;1.000908;212.2885;100.0;0.6454589;319.36752;2022.7051;0.9716931;-0.19148085;0.0;0.11515617;0.11515617;0.0;0.9639114;1475.6672;5748.076;-821.67;5843.2534;-149.7;-353.20334
1972-03-25;-4.2108154;-5.407969;-4.7297654;741.5474;1.1124463;199.91548;100.0;0.6471611;322.43784;2007.9752;3.5725565;-0.11920277;0.0;0.11484325;0.1148358;0.0;3.5301223;1157.1489;4461.795;-513.81;6358.1167;-93.21167;-299.66388
1972-03-26;-6.241276;-7.079127;-4.486032;740.553;1.1544386;199.38261;100.0;0.67063266;305.1605;2195.5974;30.319452;-0.1245942;0.0;0.114515424;0.114515424;0.0;30.29785;523.045;2240.1938;-424.68918;6283.8013;-97.79833;-241.42
1972-03-27;-6.031176;-9.65609;-5.87286;747.2659;0.75897145;149.62569;100.0;0.6805751;302.91342;2248.82;0.124761455;-0.09106472;0.0;0.1141876;0.11419505;0.0;0.12212992;1601.2922;6846.281;-1740.6056;4657.2676;-70.58222;-341.86
1972-03-28;-2.963197;-13.085301;-8.411473;750.559;0.9996937;110.17315;100.0;0.68053627;308.29102;2209.1877;0.0017046923;-0.06000884;0.0;0.11385977;0.113882124;0.0;0.0;1736.7467;7221.6484;-1740.3678;4467.45;-45.86;-192.9286
1972-03-29;-1.1509196;-6.885002;-6.808431;750.3232;0.74967664;268.1979;100.0;0.6822086;312.36426;2185.2214;4.5892177;-0.013686717;0.0;0.11357665;0.11356175;0.0;2.4870186;1357.1278;5510.2583;-628.31775;6103.932;-9.793333;-194.73222
1972-03-30;-1.9208069;-2.6329753;-3.3349812;747.528;0.8230121;129.12569;100.0;0.6953401;310.80566;2237.4675;12.206048;-0.006565824;0.0;0.113248825;0.113241374;0.0;11.101279;881.1739;3711.305;-416.90332;6592.9727;-4.6622224;-192.87778
1972-03-31;-1.5508524;-4.9551697;-2.4286907;749.8597;1.025161;77.09192;100.0;0.6986224;316.4899;2210.1238;0.09175539;-0.09289384;0.0;0.1129359;0.1129359;0.0;0.0050105155;1553.5922;6254.5913;-1264.5767;5640.367;-71.77111;-313.2378
1972-04-01;-1.7165833;-7.5769653;-3.3340046;749.75;1.1002237;54.48331;100.0;0.698566;323.60025;2161.2957;0.0032036447;-0.11172518;0.005632639;0.118255615;0.11262298;0.0700932;7.4505806e-06;1898.5656;6957.9785;-1694.7916;5034.2114;-86.32111;-271.22415
1972-04-02;-1.1669617;-5.2958884;-3.5938618;747.02423;0.9724298;158.67616;100.0;0.6985015;329.83755;2120.8088;0.34578145;-0.09598024;0.02503395;0.137344;0.1123175;0.28680637;0.00017136335;1900.9939;6699.218;-1490.5328;5275.5513;-74.07111;-247.87778
1972-04-03;-2.1251018;-2.6842854;-2.8650577;742.6622;0.9361605;204.31483;100.0;0.7073517;329.7816;2145.63;22.843885;-0.05075056;0.03951788;0.151515;0.11200458;0.05658716;20.393826;810.3189;2883.135;-257.1061;6728.8496;-39.555557;-196.56111
1972-04-04;-1.8417867;-3.3646266;-1.3513044;742.8669;0.8727383;170.47566;100.0;0.7254258;323.833;2243.5303;5.2929363;-0.16011763;0.07766485;0.18936396;0.111699104;0.5800389;4.5194774;1129.7134;4547.254;-736.67834;6335.5366;-125.03555;-289.18555
1972-04-05;-1.2187601;-2.686784;-1.0531718;746.98956;0.97217965;194.9233;100.0;0.72574204;331.38705;2194.173;0.021657346;-0.175816;0.08036196;0.19176304;0.11140108;0.70519376;0.01104176;1928.9384;6525.577;-944.9039;6210.6333;-136.81667;-400.6097
1972-04-06;-0.7172343;-3.4417012;-0.5175781;749.45465;1.125508;138.5227;100.0;0.7245145;340.41733;2131.8767;0.002625584;-0.18716231;0.1603365;0.27143955;0.11109561;1.3300012;0.00047683716;2412.0134;7017.847;-1640.4055;5407.943;-145.55667;-367.51556
1972-04-07;1.3284302;-5.476166;-0.4041036;751.5656;1.0805515;82.139824;100.0;0.7214021;349.4733;2067.8303;0.0;-0.17994829;0.5892217;0.70002675;0.11079013;4.719481;0.0;2831.9128;7419.5874;-1919.1647;5152.082;-136.23555;-249.9589
1972-04-08;2.4548137;-4.4536233;-0.30512747;750.7234;1.0085912;115.823296;100.0;0.71471614;357.57974;2002.0345;0.0017243046;-0.20350796;1.0445863;1.1550635;0.11048466;7.945387;0.0;2797.6877;6796.8765;-1576.1805;5624.855;-153.52112;-209.80779
1972-04-09;1.7052002;-2.9663289;-0.22555415;749.53827;0.8510273;90.46244;100.0;0.70679927;364.8724;1939.9008;3.113091;-0.11251867;1.3887286;1.4989078;0.110179186;7.7300687;0.0;2216.5396;5096.778;-1015.06555;6187.7695;-83.827774;-172.63945
1972-04-10;1.8346151;0.06981405;-0.0040753684;747.69556;0.7754132;83.10912;100.0;0.6981287;370.6543;1885.8236;17.39511;-0.06301515;5.4946394;5.614668;0.1200214;12.709498;0.38422644;1530.1716;3367.1812;-128.48917;7308.662;-46.782223;-140.65
1972-04-11;0.3796285;-0.84125775;-0.012374878;747.0383;0.8535556;133.79114;100.0;0.6849801;373.88867;1834.432;9.318883;-0.16275607;5.9480963;6.0922503;0.14416873;13.278279;0.2490133;1893.5339;4147.7026;-475.86472;6908.3613;-124.291115;-233.95778
1972-04-12;0.6359965;-0.38233438;-0.046658833;748.522;0.90976167;186.66158;100.0;0.67274976;377.7054;1783.1625;2.7711332;-0.20688213;3.8505344;3.9683878;0.117860734;14.476195;0.15760958;2321.976;4990.1733;-586.45917;6803.1323;-158.41;-286.72137
1972-04-13;0.73408;-0.5159912;-0.06820425;750.81024;1.0308007;213.0813;100.0;0.6580112;381.77084;1726.0336;0.117874146;-0.2605291;4.146099;4.2814913;0.13539195;14.915794;0.001128763;2597.0671;5443.6313;-700.06775;6686.2065;-199.96556;-314.0111
1972-04-14;0.7678528;-1.4618937;-0.122330986;751.18646;1.1943171;80.537285;100.0;0.64193815;386.0166;1665.1611;0.0012010336;-0.2587903;4.755445;4.986286;0.23084879;16.596556;0.0007636845;3073.3455;6315.253;-1228.4517;6056.786;-197.12445;-323.27222
1972-04-15;1.7331238;-1.9768372;-0.20092773;751.9221;1.2653273;44.099216;100.0;0.62517786;391.111;1600.7894;0.0012248755;-0.18714276;5.678505;5.862102;0.18360466;17.18343;2.9802322e-05;3510.6084;7106.026;-1552.9253;5725.7407;-139.21;-252.62666
1972-04-16;1.207428;-1.5323588;-0.21236293;751.0688;1.0390828;66.12412;100.0;0.6109287;396.71582;1541.7887;0.2979517;-0.09784475;3.8923323;4.0545015;0.16216934;12.455184;0.0;2737.38;5472.4087;-1208.7123;6024.6943;-71.41556;-178.75555
1972-04-17;2.498891;-1.0290323;-0.17064285;752.06573;1.0843022;104.40882;100.0;0.5947643;401.889;1482.015;0.0053972;-0.14213473;6.9141836;7.5664225;0.6522313;18.415888;0.0;3585.2305;7103.29;-1512.0614;5821.555;-104.01556;-231.29556
1972-04-18;2.6330872;-1.4649149;-0.16962306;751.1745;1.0962118;71.623535;100.0;0.5757428;406.89127;1417.277;0.015312524;-0.14247373;7.2720647;8.209512;0.93743205;19.339304;0.0;3725.0466;7327.973;-1552.2633;5787.7095;-103.704445;-228.07028
1972-04-19;2.6568806;-0.1532491;-0.13102214;750.36017;1.085496;71.27386;100.0;0.55615306;411.4961;1353.5563;0.3288865;-0.29962882;7.211991;8.013948;0.8019507;19.570074;9.313226e-05;3447.662;6744.832;-1041.7217;6363.5693;-213.6939;-211.73222
1972-04-20;1.6393534;-0.004058838;-0.07936605;749.61084;1.022389;90.77743;100.0;0.53919506;415.2666;1300.0895;0.45940578;-0.18242094;5.9926214;6.943479;0.95085055;15.737619;0.022932887;2447.1616;4762.3066;-649.93085;6710.9746;-130.31833;-176.37445
1972-04-21;1.8621012;0.53304034;-0.04950714;748.3188;0.9441967;125.953224;100.0;0.5218354;418.2539;1249.2676;0.5247146;-0.2950309;7.22301;8.120194;0.89719146;18.340572;0.0007227063;2864.9995;5565.543;-628.7172;6843.7153;-215.96278;-218.66888
1972-04-22;1.513092;0.021738688;-0.040479023;747.6421;0.98098236;99.9516;100.0;0.50264674;420.4082;1197.2656;0.49849153;-0.3310917;7.9732237;8.883715;0.9104982;19.71709;0.00093504786;2846.825;5514.2812;-724.4447;6703.001;-244.63167;-224.64667
1972-04-23;-0.23147583;-1.3633423;-0.09941355;746.0569;0.7407965;127.1085;100.0;0.48779753;423.42447;1153.361;2.2711098;-0.36826545;4.868478;5.1309767;0.26249886;11.825614;0.011567026;2442.994;4722.269;-770.8211;6530.0674;-277.94333;-289.07224
1972-04-24;0.58399457;-1.3781433;-0.09682083;746.59155;0.8582897;190.89313;100.0;0.47306907;426.51367;1110.9619;0.06255709;-0.5713915;6.049216;7.1537495;1.1045337;16.464996;0.012509525;3179.6484;6139.667;-963.832;6382.1333;-431.08444;-300.29
1972-04-25;1.3435364;-0.59107465;-0.0926946;748.0634;0.9066269;190.7561;100.0;0.45638558;429.88867;1063.2731;0.2581656;-0.50602573;6.5259337;7.5539947;1.0280683;16.482376;0.00010803342;3240.9028;6249.245;-1010.08;6372.22;-379.85056;-256.78223
1972-04-26;1.9836222;0.5013326;-0.05519867;748.4388;0.83777064;159.74025;100.0;0.4394146;433.03384;1016.23535;0.5777776;-0.32652262;6.4864902;7.2689056;0.7824227;16.905132;0.0006482005;2778.7073;5349.8594;-635.0172;6815.4634;-241.57;-227.68889
1972-04-27;3.069692;1.3683878;-0.03225581;749.2461;0.87404895;251.37;100.0;0.41987684;435.08658;966.4714;1.7555481;-0.29711053;9.029299;9.934425;0.90512633;21.291443;0.0;2994.8228;5759.711;-706.89307;6771.8667;-216.21333;-173.56444
1972-04-28;3.0552979;0.9146118;-0.033533733;751.27216;0.799803;131.03375;100.0;0.39957193;437.1732;915.2832;2.7235448;-0.2046749;8.779168;10.131985;1.3528242;20.109274;0.0;2634.1184;5060.5;-592.05084;6859.1846;-145.90222;-159.45444
1972-04-29;3.336202;1.7335104;-0.013905843;750.9424;0.82363397;95.88025;100.0;0.38295868;439.44077;872.5586;5.65246;-0.0824295;9.134427;10.454252;1.3198256;16.597689;0.0;2103.7805;4035.6929;-392.55444;7059.98;-54.345554;-92.44
1972-04-30;1.9988403;1.595754;0.008883159;748.5092;0.82824296;81.41532;100.0;0.37041894;440.6875;841.38995;49.250843;0.0051120296;29.30273;33.457176;4.154436;11.744161;0.0;945.20886;1810.7178;194.97278;7610.939;7.398889;-51.713333
1972-05-01;2.748769;-1.3753256;-0.08094406;746.7049;0.9671516;178.40724;100.0;0.3502643;441.03842;795.6136;13.831014;-0.600026;19.387156;22.88276;3.4956038;23.6841;0.13624504;3781.9412;7307.2876;-1334.9489;6037.6216;-447.48334;-214.46445
1972-05-02;1.1587118;-0.70237225;-0.09799194;745.9292;1.0257436;197.76445;100.0;0.33316132;444.70963;750.28485;1.4756799;-0.5144952;5.446225;7.6941547;2.2479296;13.910297;0.0017359853;2978.66;5744.098;-678.9436;6760.8037;-388.30777;-277.77335
1972-05-03;1.3954264;-0.04743449;-0.02737554;746.232;0.77727836;195.77583;100.0;0.3165462;446.3828;710.2458;2.3152113;-0.40202588;7.9562664;11.433065;3.4768581;17.479553;0.09953976;2666.5144;5156.612;-619.6547;6812.618;-301.77554;-245.64555
1972-05-04;2.4466145;-0.7159322;-0.08876928;746.472;0.9413707;194.72258;100.0;0.2967073;448.11197;663.3301;0.09736121;-0.63342416;8.804634;12.79588;3.9912388;21.519869;0.0014454126;3809.9316;7363.14;-1175.8989;6249.3;-473.7978;-278.33554
1972-05-05;0.9964803;0.11682129;-0.051848095;742.64276;0.9792557;160.88063;100.0;0.28081772;443.28452;632.6091;23.748327;-0.26149487;10.239899;14.621228;4.381344;14.115788;13.075441;2253.8833;4352.0044;-372.6428;7061.2124;-194.08888;-203.73334
1972-05-06;-0.29075113;-1.1431986;-0.011884053;739.9104;1.3663982;207.51936;100.0;0.28760993;389.58496;737.95575;7.6484838;-0.37559867;3.3989997;8.3268585;4.927859;6.650228;4.1618643;1546.7728;5332.0176;-394.03055;6938.8213;-280.87555;-338.90112
1972-05-07;-0.7433675;-1.6408488;-0.084168755;743.96124;0.8905975;203.83594;100.0;0.2833977;384.6771;737.2233;3.7511885;-0.35804045;3.1528025;8.508608;5.3558125;7.3079915;1.4182962;1880.9761;5861.041;-741.5811;6528.4526;-266.22;-350.84
1972-05-08;-0.4041443;-2.2210693;-0.104333244;744.6873;0.9102643;85.23416;100.0;0.27720034;384.89224;720.4997;6.859475;-0.39802492;3.8732438;9.456754;5.583517;7.5502396;2.3550093;2147.63;6046.191;-865.9425;6424.511;-294.75888;-283.33554
1972-05-09;-0.21487427;-1.3175558;-0.06435776;741.7421;0.73692495;99.79232;100.0;0.2747368;379.81674;723.18524;10.008505;-0.20524114;4.056364;9.714365;5.6579857;6.729718;4.0686464;1492.2839;4249.5864;-549.9228;6724.6987;-150.9311;-199.87
1972-05-10;0.7357381;-0.7526042;-0.09169897;744.24884;0.6861227;97.486946;100.0;0.27097622;372.49902;727.7832;5.0608964;-0.20391308;4.357338;10.145203;5.787864;8.776135;1.3622903;1781.605;5196.1743;-776.4961;6496.2354;-145.62445;-193.44778
1972-05-11;0.9616191;-0.12587483;-0.07367071;746.85565;0.8842681;128.73012;100.0;0.26218617;374.9144;700.39874;4.401016;-0.2700258;6.0685577;12.504398;6.4358263;11.06333;0.1848042;2027.6605;5424.1377;-440.97055;6944.969;-196.71556;-241.0
1972-05-12;1.1745402;0.05586751;-0.013345082;746.36554;0.80531865;141.60487;100.0;0.25108352;376.625;666.9108;13.568053;-0.23393147;7.9909115;14.503494;6.51259;11.5686245;3.2079258;1923.3583;4754.3887;-435.86557;6968.156;-171.05556;-212.49667
1972-05-13;1.7674662;0.7339681;-0.020088196;746.11224;0.88138723;204.34917;100.0;0.2415235;370.4313;652.7913;8.213014;-0.18937513;9.191603;17.646343;8.454741;12.942203;0.0583902;1813.6505;4758.3076;-369.045;7052.621;-135.52112;-186.9589
1972-05-14;2.359843;0.06460571;-0.11557007;748.7246;1.0255405;120.75588;100.0;0.22614317;373.08398;607.2998;1.6333848;-0.34675932;7.2766247;16.21455;8.937933;17.0306;0.0021755695;2955.3445;7203.293;-1073.4917;6296.472;-248.73778;-277.06888
1972-05-15;2.105489;-0.9761861;-0.23354976;749.32837;0.96713465;41.863407;100.0;0.21157901;378.59668;560.18066;2.839884;-0.2025161;6.7465158;16.572014;9.825513;15.366476;0.0;2632.9343;6072.779;-1117.8167;6158.581;-140.69333;-161.36778
1972-05-16;2.124654;0.13711548;-0.2339236;750.5762;0.97586447;138.49216;100.0;0.19707482;385.36426;512.57324;4.376791;-0.31162798;6.8205743;16.796291;9.975709;14.63186;0.006940216;2723.4717;6017.9346;-764.2758;6598.2153;-226.03778;-252.40334
1972-05-17;3.3199463;1.003774;-0.11171087;752.2918;0.8393073;215.14241;100.0;0.18135066;390.21255;465.77963;4.034792;-0.21127425;9.465605;20.46132;10.995724;19.414871;0.047020614;2776.1877;5947.731;-891.31946;6512.1177;-147.8;-173.0689
1972-05-18;4.0339456;1.2485758;-0.1901741;753.6943;0.95532537;149.74411;100.0;0.16129537;394.96777;410.03418;3.6747694;-0.29145366;10.914385;23.673534;12.75915;23.249317;0.0;3339.5928;6983.0156;-1090.7278;6322.0356;-204.73;-160.00555
1972-05-19;3.0198975;1.2377319;-0.2945366;752.97656;0.851;92.720604;99.2255;0.14217937;402.52603;354.69565;6.641099;-0.14756992;8.869216;22.482693;13.613478;17.018084;0.00015646219;2714.4578;5558.42;-785.4011;6583.2266;-99.23;-161.87111
1972-05-20;4.2648416;1.8061422;-0.24308395;752.16254;0.9408839;46.13033;97.369225;0.12548609;409.99088;307.1696;1.9629754;-0.1361128;7.5806975;20.967886;13.387196;17.823895;0.0;2477.8162;4938.3623;-715.9836;6663.8057;-89.026665;-106.708885
1972-05-21;4.1362915;1.3998312;-0.32251105;753.1204;1.0794636;73.38914;95.74381;0.1063511;416.84146;256.55112;3.876853;-0.26474893;9.290978;22.312492;13.021499;19.616936;0.0021234155;2925.3872;5707.7954;-767.78864;6662.891;-181.90555;-166.10445
1972-05-22;5.4551697;1.5273743;-0.3359057;754.2669;0.9984841;69.30364;94.7421;0.08652862;424.93912;204.95605;3.0730307;-0.31325594;9.673595;22.603481;12.929901;19.961294;0.00032037497;3068.8406;5899.751;-765.87085;6706.4385;-215.61333;-161.97667
1972-05-23;6.439636;3.448639;-0.29692712;754.70636;0.942127;48.996857;93.664635;0.065700375;432.4121;152.9948;7.694751;-0.25473908;13.5879965;27.22223;13.634234;21.474518;0.0;2987.6116;5683.18;-684.4631;6846.6636;-169.69888;-143.02333
1972-05-24;7.314982;3.018036;-0.5131963;754.9771;0.9930014;78.73435;86.2911;0.043816846;440.84116;100.30111;3.3423932;-0.410052;11.000082;24.67826;13.678178;22.307377;0.0;3366.4456;6240.601;-854.0256;6694.9023;-279.68555;-147.89333
1972-05-25;7.9859824;3.7144673;-0.38639578;754.6238;0.88545436;120.00354;59.063557;0.02570506;444.67642;58.34961;4.285577;-0.83193;6.675951;21.515846;14.839895;15.264083;0.0;3490.905;5645.291;-862.7839;6864.8257;-574.9767;-194.7411
1972-05-26;7.143209;4.509023;-0.24695206;751.2876;0.96382886;119.57137;34.508545;0.015148282;447.57812;33.97624;14.144796;-1.1007786;7.8660545;22.285402;14.419362;8.989803;0.0;3147.9583;4524.438;-827.4267;7014.875;-761.7778;-266.25888
1972-05-27;7.8044333;4.108236;-0.29192606;749.41943;1.1236558;161.69154;17.46753;0.0075802007;447.57812;16.764322;1.5418916;-2.1006353;2.4055169;14.762446;12.356922;6.517224;0.0;4874.0938;6522.8833;-1428.3855;6727.971;-1458.2744;-768.93665
1972-05-28;7.5879006;1.9881796;-0.2960879;749.47235;1.1769526;211.16724;7.6689453;0.003319661;447.57812;7.3242188;4.9611034;-2.590388;2.1374674;13.287083;11.1496;3.0409732;0.0;5398.1167;6939.2;-1528.81;6768.2246;-1800.1256;-972.25555
1972-05-29;5.6515603;3.187978;-0.066290535;747.2324;0.91437775;161.1953;3.2063801;0.0013948282;447.5817;3.3772786;8.060182;-2.0863433;2.3637488;12.334362;9.970613;1.091171;0.0;4319.7173;5447.9976;-1511.2372;6659.0454;-1449.1956;-957.1322
1972-05-30;7.8648987;3.8914082;0.010197957;750.90814;1.1463645;192.80872;1.4090983;0.0006067355;447.58594;1.5869141;0.3439784;-2.8364043;0.23052096;9.225756;8.995235;0.6298609;0.0;5272.6064;6596.19;-1431.6727;7087.4688;-1970.3556;-1069.1912
1972-05-31;10.722667;3.617564;0.00082143146;754.0847;0.9940998;129.7339;0.4638672;0.00019788742;447.58594;0.40690103;0.0012993813;-3.7832334;0.059381127;8.223995;8.164629;0.24605915;0.0;6475.325;8062.6924;-2199.7373;6526.839;-2628.078;-1105.331
1972-06-01;11.249908;1.124115;-0.06997553;754.53296;1.120303;91.21833;0.15128581;6.496906e-05;447.58594;-7.345365e-21;0.8935845;-3.4649353;0.15565753;7.592082;7.4364543;0.07304177;0.0;5988.7373;7440.089;-2157.02;6480.529;-2406.9844;-860.8111
1972-06-02;10.776418;1.5159098;-0.033447266;753.68695;1.4022561;149.73518;0.05094401;2.2093454e-05;447.58594;-7.345365e-21;0.15265644;-3.588246;0.027015805;6.8286805;6.801657;0.02399087;0.0;6001.047;7444.5913;-2254.7822;6325.97;-2492.641;-933.87665
1972-06-03;10.414561;1.763204;-0.35423788;754.62274;1.0312527;195.5382;0.018066406;7.90755e-06;434.28613;-7.345365e-21;0.07663464;-3.824983;0.012129545;6.259382;6.247245;0.0090152025;0.0;6809.448;8437.654;-2641.1262;5936.8784;-2657.0889;-1086.1677
1972-06-04;10.709371;1.9781393;-0.2453448;754.4583;1.0891107;141.2924;0.0063476562;2.9007595e-06;427.61392;-7.345365e-21;0.001275539;-3.9065266;0.0006854534;5.763471;5.762786;0.003028661;0.0;6867.398;8500.094;-2594.5977;6058.26;-2713.7344;-1041.5377
1972-06-05;10.652181;1.0699158;-0.0005060832;752.793;1.2569345;111.37241;0.0025227864;1.0728836e-06;427.1797;-7.345365e-21;0.18830597;-3.681562;0.022381544;5.361378;5.338997;0.00093504786;0.0;6297.144;7785.91;-2303.7073;6372.9346;-2557.4583;-1019.54
1972-06-06;10.729553;1.0914816;0.0009206136;751.4449;1.2313951;111.55243;0.00048828125;-7.3453654e-25;427.1797;-7.345365e-21;0.15515424;-3.5330858;0.01758337;4.9843493;4.9667583;0.0003017485;0.0;6152.9937;7599.5635;-2272.5264;6380.472;-2454.3167;-1068.8066
1972-06-07;10.91328;2.4420776;-0.011763255;751.1081;1.2838383;119.87675;0.0;-7.3453654e-25;427.1797;-7.345365e-21;0.31510815;-3.4356453;0.03385544;4.6717525;4.637912;9.685755e-05;0.0;6043.687;7456.761;-2110.4504;6632.5044;-2386.629;-1070.1111
1972-06-08;11.074188;0.8569743;-1.5493635;750.2752;1.4547065;156.26566;0.0;-7.3453654e-25;191.17445;-7.345365e-21;0.4891038;-3.7001688;0.050604343;4.3956637;4.3450146;2.9802322e-05;0.0;6639.5645;8183.459;-2350.9656;6390.859;-2570.3833;-1291.7245
1972-06-09;10.24236;3.1305645;-0.09318924;750.7723;0.959949;191.68457;0.0;-7.3453654e-25;106.0462;-7.345365e-21;3.404893;-2.6555321;0.3875345;4.472166;4.0846243;7.4505806e-06;0.0;4870.3394;5996.602;-1720.3502;7013.519;-1844.7089;-974.4633
1972-06-10;8.703857;5.055786;-0.0018895468;751.12573;1.1006874;203.09648;0.0;-7.3453654e-25;100.00747;-7.345365e-21;10.632447;-2.418153;1.3993084;5.2533;3.8539915;0.0;0.0;4567.467;5617.838;-1665.12;6846.519;-1679.81;-1089.73
1972-06-11;7.3060403;5.2198486;0.009895325;750.7597;1.1548953;195.95732;0.0;-7.3453654e-25;99.99998;-7.345365e-21;12.081027;-2.3463516;1.727581;5.3756533;3.6480575;0.0;0.0;4245.6367;5216.39;-1439.0922;6946.419;-1629.9323;-1047.4756
1972-06-12;8.411855;3.3396301;-0.1485583;751.3494;1.1289667;156.86787;0.0;-7.3453654e-25;100.02798;-7.345365e-21;1.4092028;-3.2561626;0.17289817;3.6331713;3.4602807;0.0;0.0;5676.5063;6967.218;-1780.3683;6824.8965;-2261.9478;-1350.2
1972-06-13;9.17866;2.6710613;-0.18042247;752.10394;0.95804596;135.31754;0.0;-7.3453654e-25;100.09503;-7.345365e-21;1.5437225;-3.0432642;0.18163025;3.47054;3.2888875;0.0;0.0;5365.4297;6578.65;-1923.0538;6634.109;-2114.0557;-1117.2633
1972-06-14;9.201558;2.7656353;0.009760539;752.09894;1.0211531;118.57548;0.0;-7.3453654e-25;100.00259;-7.345365e-21;1.7958795;-3.316207;0.22800267;3.3606887;3.1326861;0.0;0.0;5983.317;7328.4746;-2102.925;6512.4624;-2303.659;-1234.4445
1972-06-15;8.473012;4.072164;0.010084788;751.0866;0.9568117;87.27732;0.0;-7.3453654e-25;99.99998;-7.345365e-21;5.5233746;-2.5287979;0.73334575;3.7240238;2.9906778;0.0;0.0;4295.691;5255.798;-1556.995;6928.9775;-1756.6711;-849.2289
1972-06-16;8.896983;5.40744;0.010153453;752.45966;1.362277;42.116516;0.0;-7.3453654e-25;100.00519;-7.345365e-21;4.617868;-2.7798526;0.6036982;3.4648328;2.861157;0.0;0.0;4929.4395;6030.472;-1490.7078;7129.271;-1931.07;-1170.6422
1972-06-17;9.76888;4.9656577;0.0097465515;754.0061;1.241947;53.628155;0.0;-7.3453654e-25;99.99998;-7.345365e-21;3.0162783;-3.2213404;0.41426718;3.1552763;2.741009;0.0;0.0;5474.7124;6696.832;-1901.1028;6763.3145;-2237.7588;-1036.2633
1972-06-18;9.956879;5.1836143;0.009881337;752.2868;1.1427258;72.30663;0.0;-7.3453654e-25;100.03416;-7.345365e-21;5.4428935;-3.2679179;0.7644594;3.3941865;2.6297271;0.0;0.0;5860.819;7168.149;-2032.1956;6706.5454;-2270.1145;-1221.5767
1972-06-19;10.9721985;3.6587322;0.010014852;749.8166;1.2652129;120.04775;0.0;-7.3453654e-25;99.99998;-7.345365e-21;0.22375584;-3.8270056;0.024288893;2.550453;2.5261939;0.0;0.0;5999.737;7337.0933;-2022.3289;6739.9126;-2658.4934;-1044.9078
1972-06-20;11.465556;3.2682698;0.0101076765;748.8596;1.3359966;123.40684;0.0;-7.3453654e-25;99.99998;-7.345365e-21;2.213035;-3.6421912;0.26127696;2.6907623;2.4294705;0.0;0.0;6003.5483;7340.991;-2004.545;6795.541;-2530.109;-1053.5322
1972-06-21;10.160512;1.6982523;0.010083516;747.00226;1.5698944;153.28667;0.0;-7.3453654e-25;99.99998;-7.345365e-21;1.5692383;-4.094111;0.19213557;2.531901;2.3397655;0.0;0.0;6398.485;7822.819;-2105.6821;6601.527;-2844.0422;-1280.5934
1972-06-22;9.212047;2.3255413;0.009689331;749.34467;1.0105625;233.35728;0.0;-7.3453654e-25;99.99998;-7.345365e-21;0.32699183;-2.2973046;0.033050776;2.2893846;2.2563264;0.0;0.0;4085.5378;4994.312;-1587.6;6880.5635;-1595.8622;-860.0511
1972-06-23;10.6223345;4.5524087;0.009911855;749.48126;1.0785928;172.34581;0.0;-7.3453654e-25;100.00259;-7.345365e-21;1.2292862;-3.3015795;0.13312697;2.3112;2.1780877;0.0;0.0;6032.8057;7373.8223;-2007.7877;6817.3438;-2293.4978;-1240.6034
1972-06-24;11.886627;5.0093284;0.009966533;749.4241;0.9458664;68.898796;0.0;-7.3453654e-25;100.00259;-7.345365e-21;0.21487474;-3.1354623;0.020205975;2.1243393;2.1041334;0.0;0.0;5290.0576;6464.9766;-1908.165;7002.293;-2178.101;-829.0922
1972-06-25;12.710835;5.866038;0.009976705;749.42334;1.2025115;69.745995;0.0;-7.3453654e-25;100.00519;-7.345365e-21;0.36048916;-3.4577792;0.033050776;2.067134;2.034083;0.0;0.0;5788.0117;7072.791;-1920.6411;7125.081;-2402.0044;-985.2611
1972-06-26;11.961639;7.1470237;0.009765625;749.0203;1.1670003;65.35296;0.0;-7.3453654e-25;99.99998;-7.345365e-21;7.5059476;-2.8524883;0.89095163;2.8591752;1.9682274;0.0;0.0;5008.6895;6119.6167;-1885.5017;7078.568;-1981.5289;-897.1522
1972-06-27;13.756744;5.067159;0.0099322;749.67334;1.007284;86.199394;0.0;-7.3453654e-25;99.99998;-7.345365e-21;0.050643306;-3.6950614;0.0047013164;1.9108504;1.9061341;0.0;0.0;5703.293;6967.4023;-1798.414;7269.9487;-2566.8367;-903.23114
1972-06-28;14.785787;2.8439941;0.010079701;748.36566;1.3503252;117.78357;0.0;-7.3453654e-25;99.99998;-7.345365e-21;0.0;-4.2845273;0.0;1.8464476;1.8464327;0.0;0.0;6724.488;8213.86;-2338.3533;6822.601;-2976.3179;-1001.18445
1972-06-29;14.925537;1.6442871;0.009999593;747.158;1.2678059;132.25514;0.0;-7.3453654e-25;99.99998;-7.345365e-21;0.014398535;-3.9258971;0.0010579824;1.7905235;1.7894655;0.0;0.0;6471.065;7903.298;-2400.675;6723.2114;-2727.19;-1022.3189
1972-06-30;13.487935;1.2736206;0.009819031;747.3663;1.3254019;157.02107;0.0;-7.3453654e-25;99.99998;-7.345365e-21;0.0022411346;-3.4916158;0.0001937151;1.7355978;1.735419;0.0;0.0;6458.104;7886.553;-2351.1753;6671.7188;-2425.5088;-1417.4089
1972-07-01;13.23938;1.5743612;0.009876251;749.86816;1.1543753;137.27115;0.0;-7.3453654e-25;99.99998;-7.345365e-21;0.017235521;-3.121092;0.0013411045;1.6854852;1.6841366;0.0;0.0;6049.1016;7386.0044;-2397.8225;6601.7944;-2168.1184;-1230.8
1972-07-02;14.463735;1.3683167;0.009938558;749.87067;1.1891057;101.35703;0.0;-7.3453654e-25;99.99998;-7.345365e-21;0.0;-3.549736;0.0;1.6349256;1.6349182;0.0;0.0;6975.734;8516.417;-2772.698;6429.83;-2465.8833;-1290.2578
1972-07-03;15.460582;4.762787;0.01014328;748.53296;1.145607;70.98829;0.0;-7.3453654e-25;99.99998;-7.345365e-21;0.1360476;-3.2381191;0.009864569;1.5975684;1.5876963;0.0;0.0;6633.989;8098.122;-2533.407;6856.7954;-2249.4133;-1307.1555
1972-07-04;15.745006;2.4225261;0.010138194;748.06256;1.1375747;122.71763;0.0;-7.3453654e-25;100.00779;-7.345365e-21;0.04098419;-2.8614216;0.0026375055;1.5454292;1.5427917;0.0;0.0;6076.4995;7416.4546;-2547.153;6797.9546;-1987.7333;-1231.1777
1972-07-05;14.787456;-0.0382487;0.009976705;748.9432;1.41037;170.86082;0.0;-7.3453654e-25;99.99998;-7.345365e-21;0.0004231929;-2.9436564;2.9802322e-05;1.4996827;1.4996603;0.0;0.0;6963.1157;8497.723;-2883.3271;6443.9644;-2044.86;-1674.3267
1972-07-06;13.379944;0.20345052;0.009902954;748.4944;1.1563882;167.40517;0.0;-7.3453654e-25;99.99998;-7.345365e-21;0.0012874597;-2.5435538;8.940697e-05;1.4583468;1.4582574;0.0;0.0;6984.937;8523.277;-2955.9482;6306.2954;-1766.9222;-1949.0
1972-07-07;14.308746;1.0996399;0.009950002;748.0017;1.151495;126.08826;0.0;-7.3453654e-25;99.99998;-7.345365e-21;0.0025834797;-2.4378262;0.00017881393;1.4187098;1.4185458;0.0;0.0;6891.026;8407.575;-2961.7017;6430.9707;-1693.4756;-1832.6145
1972-07-08;14.696391;-0.08480835;0.01022466;748.532;1.2319909;122.5897;0.0;-7.3453654e-25;99.99998;-7.345365e-21;0.038200617;-2.2221441;0.0021457672;1.3826042;1.3804734;0.0;0.0;6747.7676;8231.599;-2956.1194;6458.608;-1543.6489;-1877.9323
1972-07-09;15.7734375;-1.5824381;0.009897868;751.76294;1.1596686;138.85994;0.0;-7.3453654e-25;99.99998;-7.345365e-21;0.00043511385;-2.217332;2.9802322e-05;1.3438314;1.3437941;0.0;0.0;7007.039;8546.905;-3208.7;6328.553;-1540.3066;-1825.9277
1972-07-10;17.698608;-1.3527323;0.009950002;752.69415;1.2081038;118.29975;0.0;-7.3453654e-25;99.99998;-7.345365e-21;0.00042617318;-2.1650856;2.9802322e-05;1.308471;1.3084412;0.0;0.0;7008.964;8548.138;-3215.305;6526.5767;-1504.0122;-1708.0122
1972-07-11;18.553762;-0.81310016;0.0100746155;751.95013;1.1747297;100.03183;0.0;-7.3453654e-25;99.99998;-7.345365e-21;0.0004351138;-2.0539594;2.9802322e-05;1.2743771;1.2743622;0.0;0.0;6969.211;8498.542;-3291.0315;6587.0117;-1426.8167;-1773.9811
1972-07-12;19.18505;-1.868632;0.010135651;751.3179;1.2528542;91.78375;0.0;-7.3453654e-25;99.99998;-7.345365e-21;0.0;-2.0087025;0.0;1.2415648;1.2415797;0.0;0.0;7049.5854;8595.45;-3363.0461;6615.0557;-1395.38;-1673.7711
1972-07-13;19.43332;4.3345237;0.009986877;751.209;1.365038;62.041203;0.0;-7.3453654e-25;99.99998;-7.345365e-21;0.01857411;-1.8352903;0.0010877848;1.2110472;1.2099743;0.0;0.0;6643.1;8098.8354;-2947.359;7208.1064;-1274.9155;-1822.8044
1972-07-14;18.955963;3.271291;0.009900411;751.6967;1.2771853;65.98289;0.0;-7.3453654e-25;99.99998;-7.345365e-21;0.011178851;-1.6724225;0.00067055225;1.1802465;1.1795685;0.0;0.0;6238.0723;7604.083;-2826.5044;7256.9746;-1161.7755;-1769.2644
1972-07-15;18.913229;2.9157817;0.009473165;751.81866;1.3242227;95.33371;0.0;-7.3453654e-25;99.99998;-7.345365e-21;0.0108836815;-1.5926845;0.00055134296;1.1509508;1.1503994;0.0;0.0;6133.708;7475.918;-2796.7534;7276.979;-1106.3844;-1809.24
1972-07-16;17.892517;5.2316384;0.00983429;751.5598;1.1827813;72.72167;0.0;-7.3453654e-25;99.99998;-7.345365e-21;0.033753473;-1.35615;0.0016242266;1.1241138;1.1224896;0.0;0.0;5569.185;6786.351;-2519.9778;7436.2393;-942.0722;-1718.2411
1972-07-17;18.702139;4.4491982;0.009797414;750.669;1.099434;100.65858;0.0;-7.3453654e-25;99.99998;-7.345365e-21;0.0052005053;-1.4480734;0.00023841858;1.0958314;1.095593;0.0;0.0;5909.3965;7199.25;-2766.4297;7275.287;-1005.9289;-1756.3456
1972-07-18;17.987448;3.2544658;0.010073344;750.9371;1.2789319;161.21477;0.0;-7.3453654e-25;99.99998;-7.345365e-21;0.0012881737;-1.5389314;7.4505806e-05;1.0694712;1.0693967;0.0;0.0;6846.9644;8339.559;-3176.5278;6866.9165;-1069.0444;-2223.7834
1972-07-19;18.856201;1.698995;0.010140737;751.81976;1.2021595;171.72754;0.0;-7.3453654e-25;99.99998;-7.345365e-21;0.0017106531;-1.5346938;0.00010430813;1.0441244;1.0440052;0.0;0.0;6962.5254;8478.477;-3408.1138;6677.3877;-1066.1006;-2029.7711
1972-07-20;19.36086;-0.18939209;0.009873708;751.83136;1.2299479;130.00461;0.0;-7.3453654e-25;99.99998;-7.345365e-21;0.00044436622;-1.5128367;2.9802322e-05;1.0194778;1.019448;0.0;0.0;6918.816;8423.327;-3398.1416;6733.279;-1050.9166;-2039.8844
1972-07-21;19.394531;-2.8124084;0.010186513;751.98224;1.2351273;144.93773;0.0;-7.3453654e-25;99.99998;-7.345365e-21;0.0021249626;-1.4646295;0.00011920929;0.9958595;0.99573284;0.0;0.0;6987.6523;8505.237;-3540.4333;6560.379;-1017.43;-2045.4545
1972-07-22;19.048645;-2.053243;0.010152181;751.51636;1.2359469;184.66638;0.0;-7.3453654e-25;99.99998;-7.345365e-21;0.00044107434;-1.3972484;2.9802322e-05;0.972867;0.97284466;0.0;0.0;6953.933;8462.339;-3483.445;6593.907;-970.6211;-2103.561
1972-07-23;19.157492;-2.6301777;0.009904225;752.61084;1.155728;140.7655;0.0;-7.3453654e-25;99.99998;-7.345365e-21;0.0004351138;-1.3826265;2.9802322e-05;0.9507239;0.9506941;0.0;0.0;6953.826;8460.306;-3545.0513;6568.108;-960.4656;-2060.6367
1972-07-24;19.590302;-1.9417623;0.009919484;753.5794;1.1809341;133.62039;0.0;-7.3453654e-25;99.99998;-7.345365e-21;0.00042617318;-1.353737;2.9802322e-05;0.9292811;0.9292662;0.0;0.0;6898.979;8391.69;-3481.7866;6690.1543;-940.39557;-2022.8778
1972-07-25;19.790548;4.724182;0.009694417;753.31415;1.2598797;58.375385;0.0;-7.3453654e-25;99.99998;-7.345365e-21;0.0010430812;-1.2608654;4.4703484e-05;0.9085536;0.9085089;0.0;0.0;6307.4077;7670.4077;-2810.6262;7546.1426;-875.88;-2046.0612
1972-07-26;19.38613;5.826426;0.0097465515;751.05835;1.1851958;80.07067;0.0;-7.3453654e-25;99.99998;-7.345365e-21;0.007969141;-1.0885522;0.00035762787;0.88891387;0.88857114;0.0;0.0;5680.4116;6906.533;-2680.054;7554.7;-756.1811;-1903.7644
1972-07-27;16.584116;8.355123;0.010117848;749.42255;0.85340744;91.007454;0.0;-7.3453654e-25;100.00779;-7.345365e-21;4.7147155;-1.1745132;0.32690167;1.1967123;0.8698255;0.0;0.0;4360.0283;5299.961;-1932.0505;7908.4873;-815.89557;-1519.57
1972-07-28;15.297526;10.349132;0.009947459;749.7681;1.0064601;81.6836;0.0;-7.3453654e-25;100.03416;-7.345365e-21;10.356379;-2.0503738;0.744313;1.5965402;0.8522421;0.0;0.0;4303.9385;5230.479;-1544.2833;7998.886;-1424.3256;-1312.34
1972-07-29;16.197092;6.945526;0.009975433;750.0905;1.0796614;120.51771;0.0;-7.3453654e-25;100.00519;-7.345365e-21;0.35463572;-3.266979;0.021219254;0.85645914;0.8352399;0.0;0.0;5584.9453;6785.825;-2160.189;7298.439;-2269.4612;-1156.0612
1972-07-30;15.53774;2.8186646;0.010032654;748.09863;1.3904047;141.35483;0.0;-7.3453654e-25;99.99998;-7.345365e-21;0.00053142844;-3.4336765;2.9802322e-05;0.81825256;0.81822276;0.0;0.0;6589.2285;8004.066;-2585.7366;6833.566;-2385.2612;-1547.3933
1972-07-31;13.8975115;3.0967102;0.0099817915;746.09863;1.0212786;174.91338;0.0;-7.3453654e-25;99.99998;-7.345365e-21;3.4512937;-2.4074624;0.23472309;1.036495;0.8017868;0.0;0.0;5379.157;6532.803;-2166.771;7128.9297;-1672.3833;-1423.2966
1972-08-01;11.399353;7.212606;0.009849548;747.09644;1.0352906;50.807087;0.0;-7.3453654e-25;100.00519;-7.345365e-21;10.961587;-2.329413;0.8237064;1.6101599;0.7864684;0.0;0.0;4548.959;5523.2134;-1766.1967;7248.688;-1618.1655;-1310.2977
1972-08-02;11.961436;6.060038;0.010007222;749.2264;1.2251822;83.41621;0.0;-7.3453654e-25;100.03937;-7.345365e-21;3.4019203;-3.1172595;0.25902689;1.0307729;0.7717386;0.0;0.0;5247.5005;6370.176;-1887.007;7164.1387;-2165.4568;-1161.6744
1972-08-03;11.439362;6.9797873;0.01024882;751.6679;1.0644139;64.942986;0.0;-7.3453654e-25;99.99998;-7.345365e-21;8.565506;-2.74501;0.70934;1.466766;0.7574111;0.0;0.0;5006.3394;6076.008;-1924.7278;7037.7266;-1906.8678;-1205.7422
1972-08-04;13.551697;5.7654624;0.010182698;753.6944;1.0670558;48.139057;0.0;-7.3453654e-25;99.99998;-7.345365e-21;1.0274142;-3.5836716;0.07973611;0.82318485;0.74344873;0.0;0.0;5889.056;7145.887;-2251.7686;6877.8047;-2489.4578;-971.07556
1972-08-05;15.30421;4.999064;0.00976944;752.9897;1.241475;41.009937;0.0;-7.3453654e-25;99.99998;-7.345365e-21;0.011643767;-3.7983265;0.00071525574;0.730291;0.7295683;0.0;0.0;6422.12;7790.8335;-2439.8057;6844.085;-2638.571;-1069.17
1972-08-06;16.47467;6.00766;0.010008494;753.49493;1.1822202;42.11974;0.0;-7.3453654e-25;100.00259;-7.345365e-21;0.052052736;-3.515333;0.002965331;0.7189214;0.7159412;0.0;0.0;6281.3643;7618.4277;-2401.39;7063.7446;-2441.9844;-1104.4678
1972-08-07;16.494171;6.6417747;0.004210154;754.78436;1.2805475;42.9707;0.0;-7.3453654e-25;100.0156;-7.345365e-21;0.031256676;-3.158968;0.001847744;0.7044971;0.7026568;0.0;0.0;6209.761;7529.842;-2459.7593;7070.05;-2194.43;-1265.211
1972-08-08;17.515848;4.689158;0.008392334;755.41644;1.12279;66.30225;0.0;-7.3453654e-25;100.0156;-7.345365e-21;0.0008642673;-3.024416;5.9604645e-05;0.68971515;0.689663;0.0;0.0;6486.3296;7863.4844;-2703.14;6950.3643;-2100.9622;-1321.7744
1972-08-09;18.438446;1.9405314;0.010187785;754.90967;1.2669021;136.49007;0.0;-7.3453654e-25;99.99998;-7.345365e-21;0.0;-2.7636328;0.0;0.67695975;0.67695975;0.0;0.0;6526.576;7910.426;-2840.216;6898.672;-1919.8044;-1428.3608
1972-08-10;17.737427;-0.994812;0.01008606;753.29834;1.4249846;117.984276;0.0;-7.3453654e-25;99.99998;-7.345365e-21;0.13708472;-2.1818914;0.0075250864;0.6721914;0.6646514;0.0;0.0;6279.535;7609.2783;-2892.3794;6764.6895;-1515.6866;-1674.2034
1972-08-11;16.52004;-1.1039938;0.009829204;752.77606;0.98165935;153.86699;0.0;-7.3453654e-25;99.99998;-7.345365e-21;0.36257803;-1.8439618;0.02066791;0.6734133;0.6527379;0.0;0.0;6193.3965;7503.3726;-2920.4229;6740.3306;-1280.9388;-1666.4122
1972-08-12;15.302226;3.4717305;0.009950002;753.45465;1.1812108;123.63739;0.0;-7.3453654e-25;99.99998;-7.345365e-21;2.378913;-1.6733389;0.15537441;0.7968098;0.64141303;0.0;0.0;5099.7393;6177.126;-2274.1868;7230.521;-1162.4122;-1505.5645
1972-08-13;14.983144;5.203237;0.010180156;751.7647;1.2031847;75.64631;0.0;-7.3453654e-25;99.99998;-7.345365e-21;3.8986354;-2.0889938;0.27793646;0.9085238;0.6305948;0.0;0.0;5173.026;6264.2637;-2223.6897;7176.102;-1451.1544;-1381.5433
1972-08-14;14.155884;4.6063538;0.010088603;751.3674;1.1298761;103.94651;0.0;-7.3453654e-25;99.99998;-7.345365e-21;0.66442215;-1.9639777;0.036910176;0.6570071;0.62007457;0.0;0.0;4853.7373;5876.3857;-2218.2583;6982.1636;-1364.3094;-1267.6433
1972-08-15;15.342235;0.07885742;0.009770711;751.4319;1.4902903;146.01962;0.0;-7.3453654e-25;99.99998;-7.345365e-21;0.22023916;-2.2257967;0.012293458;0.62195957;0.6096512;0.0;0.0;5915.932;7160.83;-2551.9338;6781.4043;-1546.1862;-1614.5522
1972-08-16;15.442424;0.7399699;0.009989421;751.29224;1.0668398;214.18439;0.0;-7.3453654e-25;99.99998;-7.345365e-21;1.3169348;-1.866784;0.083208084;0.6827116;0.5995035;0.0;0.0;5589.6343;6765.182;-2463.98;6875.01;-1296.7933;-1688.0789
1972-08-17;14.522125;1.276174;0.010231018;751.717;1.2701962;149.33624;0.0;-7.3453654e-25;99.99998;-7.345365e-21;0.37056747;-1.921758;0.020563602;0.61017275;0.58960915;0.0;0.0;6025.5283;7291.757;-2598.8843;6736.2;-1334.9811;-1914.8411
1972-08-18;14.299591;0.17952473;0.009869893;751.8428;1.0428699;161.19783;0.0;-7.3453654e-25;99.99998;-7.345365e-21;0.34368038;-1.7215014;0.01886487;0.59872866;0.5798787;0.0;0.0;5730.6953;6933.957;-2657.221;6665.776;-1195.8689;-1750.8656
1972-08-19;14.354604;2.5808716;0.010023753;752.54364;0.9345632;74.4183;0.0;-7.3453654e-25;99.99998;-7.345365e-21;0.13161282;-1.5089736;0.007033348;0.5774498;0.57043135;0.0;0.0;5223.6646;6319.7485;-2418.5103;7001.6064;-1048.2333;-1482.2711
1972-08-20;14.748901;4.891144;0.009911855;753.67413;1.0038353;33.96628;0.0;-7.3453654e-25;99.99998;-7.345365e-21;0.19291341;-1.3675829;0.010058284;0.5712509;0.56117773;0.0;0.0;5186.6807;6274.471;-2339.0562;7208.7124;-950.01447;-1630.2378
1972-08-21;15.680145;4.9773355;0.010031383;752.89923;1.4434904;41.123596;0.0;-7.3453654e-25;100.00519;-7.345365e-21;0.21954179;-1.2969766;0.011712313;0.56385994;0.5521327;0.0;0.0;5581.5444;6751.379;-2550.3765;7088.2056;-900.9667;-1823.8922
1972-08-22;15.828685;4.467275;0.009848277;753.22455;1.1832966;30.769552;0.0;-7.3453654e-25;99.99998;-7.345365e-21;0.18697381;-1.2474023;0.009909272;0.5531609;0.54323673;0.0;0.0;5758.2866;6964.094;-2736.8071;6971.1636;-866.5289;-1832.4734
1972-08-23;16.868326;2.1623433;0.0100911455;754.64496;1.160057;44.394474;0.0;-7.3453654e-25;99.99998;-7.345365e-21;0.00834465;-1.2408262;0.0003427267;0.5348474;0.53450465;0.0;0.0;5766.797;6973.7065;-2842.2053;6964.6064;-861.9606;-1721.9722
1972-08-24;14.925507;2.0407002;0.009942372;755.99896;1.7167176;40.65327;0.0;-7.3453654e-25;100.00259;-7.345365e-21;0.15426968;-0.9559877;0.008106232;0.534147;0.52601844;0.0;0.0;5452.206;6592.528;-2738.6206;6814.1206;-664.0933;-1955.8889
1972-08-25;13.878245;0.021687826;0.010163625;753.8777;1.6536727;40.27425;0.0;-7.3453654e-25;99.99998;-7.345365e-21;0.0012934206;-0.98206663;7.4505806e-05;0.51784515;0.51777065;0.0;0.0;6042.545;7305.3467;-3019.8381;6421.771;-682.20886;-2195.8677
1972-08-26;14.169769;1.2351379;0.010124207;753.19806;1.1895248;56.483265;0.0;-7.3453654e-25;99.99998;-7.345365e-21;0.06715925;-0.7788604;0.003516674;0.5132705;0.5097613;0.0;0.0;4699.287;5680.8784;-2409.1238;7001.0776;-541.0489;-1615.2234
1972-08-27;15.428304;-0.7831116;0.00976944;753.70355;1.1001697;102.62768;0.0;-7.3453654e-25;99.99998;-7.345365e-21;0.008382393;-0.7750895;0.00035762787;0.50240755;0.5020574;0.0;0.0;4564.7896;5517.34;-2461.6204;6980.7324;-538.4289;-1402.7411
1972-08-28;15.351085;-1.2035319;0.009754181;753.8797;1.285705;138.78421;0.0;-7.3453654e-25;99.99998;-7.345365e-21;0.00166893;-0.9127296;7.4505806e-05;0.49448013;0.49440563;0.0;0.0;5847.041;7066.2715;-2995.9119;6579.0713;-634.04224;-1994.2267
1972-08-29;14.528381;-4.320862;0.010009766;751.65765;1.4069802;106.27591;0.0;-7.3453654e-25;99.99998;-7.345365e-21;0.0027567148;-0.8417638;0.00010430813;0.48698485;0.4868731;0.0;0.0;5819.1006;7031.6313;-3146.719;6260.6045;-584.74554;-2004.6722
1972-08-30;13.0234785;-3.5045269;0.010077159;750.6801;1.2638408;150.35007;0.0;-7.3453654e-25;99.99998;-7.345365e-21;0.036257505;-0.78294986;0.00166893;0.4811883;0.47953427;0.0;0.0;5917.935;7150.2866;-3057.0623;6248.1113;-543.8889;-2159.35
1972-08-31;13.173045;-0.97439575;0.009946187;751.56256;1.2856294;214.71959;0.0;-7.3453654e-25;99.99998;-7.345365e-21;0.0015635212;-0.7118359;7.4505806e-05;0.47251582;0.4724264;0.0;0.0;5463.979;6601.0923;-2749.1267;6538.0234;-494.4889;-2119.071
1972-09-01;13.170685;1.7330221;0.00983429;752.7263;1.4246454;214.49316;0.0;-7.3453654e-25;99.99998;-7.345365e-21;0.053673767;-0.6854888;0.0027865171;0.4682839;0.46549737;0.0;0.0;5506.443;6651.632;-2729.3645;6564.838;-476.18668;-2157.0134
1972-09-02;14.083669;-1.1438904;0.010229747;755.205;1.060419;235.27238;0.0;-7.3453654e-25;99.99998;-7.345365e-21;0.00042617318;-0.77290463;2.9802322e-05;0.45870245;0.458695;0.0;0.0;5788.457;6991.379;-3039.2825;6331.4834;-536.91113;-2054.5088
1972-09-03;14.316986;-1.5927734;0.009914398;754.3574;1.1388354;145.36761;0.0;-7.3453654e-25;99.99998;-7.345365e-21;0.18485188;-0.7571783;0.009551644;0.46157837;0.45202672;0.0;0.0;5339.758;6448.706;-2871.9932;6522.0635;-525.9867;-1711.0656
1972-09-04;14.828471;0.86253864;0.009813945;752.28424;1.1954945;106.45272;0.0;-7.3453654e-25;99.99998;-7.345365e-21;0.25518858;-0.77565944;0.012546778;0.4580915;0.44555962;0.0;0.0;5031.4727;6075.624;-2587.8108;6825.553;-538.82556;-1753.0411
1972-09-05;14.221436;0.13838704;0.01010259;752.61725;1.3494664;150.31038;0.0;-7.3453654e-25;99.99998;-7.345365e-21;0.0;-0.7881317;0.0;0.43925643;0.43924153;0.0;0.0;5572.9043;6728.634;-2731.8796;6669.87;-547.4889;-2073.2234
1972-09-06;13.512645;2.2894795;0.010177612;754.13763;0.8445158;145.99554;0.0;-7.3453654e-25;99.99998;-7.345365e-21;0.12779236;-0.6834669;0.005990267;0.4390478;0.43304265;0.0;0.0;4865.358;5873.6025;-2550.038;6802.4526;-474.78223;-1758.3245
1972-09-07;13.26889;-0.72384644;0.009991963;754.2089;1.2014292;125.45992;0.0;-7.3453654e-25;99.99998;-7.345365e-21;0.14227842;-0.6875563;0.006854534;0.433892;0.42704493;0.0;0.0;4897.5;5911.6475;-2670.5369;6533.398;-477.62222;-1752.4336
1972-09-08;13.209941;-2.751109;0.010173798;752.7188;1.2231317;137.65347;0.0;-7.3453654e-25;99.99998;-7.345365e-21;0.024724007;-0.7203054;0.001013279;0.4221499;0.42115152;0.0;0.0;5233.1436;6316.148;-2671.6343;6598.0356;-500.37222;-1827.3339
1972-09-09;8.915568;2.731079;0.009888967;750.25244;0.81027275;135.4168;0.0;-7.3453654e-25;99.99998;-7.345365e-21;6.939733;-1.5803454;0.42434037;0.84002316;0.4156828;0.0;0.0;3159.8672;3813.2788;-1716.5953;6786.5757;-1097.8145;-843.41113
1972-09-10;9.925964;1.0074564;0.010110219;750.8759;1.1612042;168.20564;0.0;-7.3453654e-25;99.99998;-7.345365e-21;0.0;-1.5995502;0.0;0.41031837;0.41031837;0.0;0.0;4871.709;5878.311;-2342.5803;6394.709;-1111.1544;-1447.3323
1972-09-11;11.011241;-0.77473956;0.009750366;751.1268;1.1652728;178.46272;0.0;-7.3453654e-25;99.99998;-7.345365e-21;0.001296984;-1.5527885;7.4505806e-05;0.40492415;0.40486455;0.0;0.0;5275.812;6365.277;-2599.8042;6219.8525;-1078.6711;-1538.6711
1972-09-12;11.58551;0.6314494;0.009771983;750.477;1.2289704;219.3288;0.0;-7.3453654e-25;99.99998;-7.345365e-21;0.0021457653;-1.34659;0.00011920929;0.39960444;0.39950758;0.0;0.0;5148.1445;6210.573;-2515.638;6387.74;-935.43;-1594.9689
1972-09-13;11.29599;2.0033162;0.0099105835;750.2497;1.3138734;232.27745;0.0;-7.3453654e-25;99.99998;-7.345365e-21;0.0044878568;-1.006824;0.000230968;0.39453804;0.39431453;0.0;0.0;4481.452;5405.64;-2176.6702;6664.6113;-699.4067;-1551.0625
1972-09-14;11.857747;1.8803406;0.009976705;752.48047;1.0140052;213.06696;0.0;-7.3453654e-25;99.99998;-7.345365e-21;0.0015795231;-1.0417234;8.940697e-05;0.38930774;0.38920343;0.0;0.0;5060.7515;6103.6973;-2545.0774;6477.414;-723.6511;-1694.7189
1972-09-15;12.657451;-0.21182251;0.010031383;755.1663;1.0874218;175.18828;0.0;-7.3453654e-25;99.99998;-7.345365e-21;0.00062584877;-0.96433425;2.9802322e-05;0.38415194;0.38412958;0.0;0.0;5206.2207;6278.3467;-2800.818;6253.739;-669.89;-1586.3188
1972-09-16;13.62498;-0.4467163;0.009859721;758.0005;1.0755383;68.25405;0.0;-7.3453654e-25;99.99998;-7.345365e-21;0.0008583069;-0.90064853;5.9604645e-05;0.37917495;0.37911534;0.0;0.0;5171.6426;6231.198;-2823.6655;6410.7476;-625.6511;-1460.2422
1972-09-17;14.306743;0.86047363;0.009966533;758.7319;1.1728885;63.613773;0.0;-7.3453654e-25;99.99998;-7.345365e-21;0.0;-0.79637206;0.0;0.37416816;0.37418306;0.0;0.0;5159.2153;6210.7944;-2867.4026;6477.279;-553.2122;-1479.6222
1972-09-18;14.141154;-0.28703818;0.010084788;756.3406;1.1636912;74.73961;0.0;-7.3453654e-25;99.99998;-7.345365e-21;0.0017046923;-0.7020626;8.940697e-05;0.3694296;0.36934018;0.0;0.0;5015.2734;6032.2715;-2815.845;6504.077;-487.69888;-1518.5205
1972-09-19;12.838969;-2.2683818;0.009703319;752.39215;1.1182414;103.16741;0.0;-7.3453654e-25;99.99998;-7.345365e-21;0.048026443;-0.5962988;0.0024288893;0.3670603;0.3646314;0.0;0.0;4648.905;5586.6816;-2697.3523;6455.942;-414.22888;-1487.8944
1972-09-20;12.364624;-2.4376323;0.009878795;752.73584;1.1386608;100.11619;0.0;-7.3453654e-25;99.99998;-7.345365e-21;0.03472108;-0.5855542;0.0014901161;0.36154687;0.3600642;0.0;0.0;4616.326;5542.798;-2634.5083;6468.48;-406.76556;-1496.8245
1972-09-21;12.94279;-2.822937;0.009887695;755.39575;1.154514;177.44005;0.0;-7.3453654e-25;99.99998;-7.345365e-21;0.055563845;-0.5743811;0.0024959445;0.3580898;0.3555715;0.0;0.0;4755.0703;5704.36;-2686.0806;6395.43;-399.00333;-1592.5266
1972-09-22;12.746399;-3.7004597;0.009722392;755.3029;1.0717815;151.11057;0.0;-7.3453654e-25;99.99998;-7.345365e-21;0.0008523463;-0.5042758;4.4703484e-05;0.35126507;0.35121292;0.0;0.0;4257.842;5103.437;-2495.9783;6474.0044;-350.30444;-1376.3633
1972-09-23;12.330373;-4.084656;0.009904225;753.5905;1.3191097;136.835;0.0;-7.3453654e-25;99.99998;-7.345365e-21;0.00071525574;-0.5234536;5.9604645e-05;0.34698844;0.34692883;0.0;0.0;4682.9746;5608.1636;-2548.176;6451.2534;-363.6261;-1682.39
1972-09-24;11.627635;-2.2069294;0.009880066;753.5305;1.4806017;210.45137;0.0;-7.3453654e-25;99.99998;-7.345365e-21;0.48279166;-0.546759;0.023692846;0.36647916;0.3428012;0.0;0.0;3896.2458;4661.9775;-2136.4673;6647.3076;-379.81555;-1463.0514
1972-09-25;11.003133;0.2910258;0.009876251;755.80414;0.9870431;153.60216;0.0;-7.3453654e-25;99.99998;-7.345365e-21;0.0013470644;-0.5619973;7.4505806e-05;0.3388226;0.3387481;0.0;0.0;4558.063;5449.1655;-2585.0366;6269.057;-390.40222;-1578.7655
1972-09-26;11.491994;-0.79105633;0.009953816;755.83325;1.0568544;149.77162;0.0;-7.3453654e-25;99.99998;-7.345365e-21;0.0066637984;-0.5938644;0.00032782555;0.3350079;0.33470243;0.0;0.0;4803.718;5737.809;-2749.4272;6209.6377;-412.53778;-1493.2012
1972-09-27;11.728892;-2.463745;0.009951274;755.15283;1.0546819;92.555336;0.0;-7.3453654e-25;99.99998;-7.345365e-21;0.0025123358;-0.43503848;0.00010430813;0.33085048;0.33076108;0.0;0.0;3609.5444;4307.5864;-2282.965;6541.3135;-302.20612;-989.3467
1972-09-28;12.068166;-3.6032104;0.009873708;753.8953;1.2271961;129.09477;0.0;-7.3453654e-25;99.99998;-7.345365e-21;0.00085372926;-0.542718;4.4703484e-05;0.32693148;0.32689422;0.0;0.0;4788.5776;5709.8047;-2764.8137;6221.1978;-377.00833;-1556.5422
1972-09-29;12.133342;-0.47807822;0.010060628;755.076;1.1221644;210.1579;0.0;-7.3453654e-25;99.99998;-7.345365e-21;0.0012928377;-0.4813727;5.9604645e-05;0.32311678;0.32305717;0.0;0.0;4462.118;5315.9834;-2586.3909;6357.8843;-334.39334;-1468.961
1972-09-30;12.663463;-1.3862814;0.0100746155;756.5031;1.0932282;182.01155;0.0;-7.3453654e-25;99.99998;-7.345365e-21;0.00044107434;-0.5094325;2.9802322e-05;0.31930208;0.31928718;0.0;0.0;4669.763;5558.5547;-2707.379;6298.916;-353.88556;-1463.9545
1972-10-01;12.339081;-2.9609478;0.009853363;757.0007;1.1574799;163.66985;0.0;-7.3453654e-25;99.99998;-7.345365e-21;0.1465857;-0.5085748;0.007286668;0.32286346;0.3155768;0.0;0.0;4479.115;5327.033;-2566.6377;6399.4463;-353.29;-1431.1244
1972-10-02;12.134938;-2.46109;0.010014852;757.31226;1.0917611;126.23618;0.0;-7.3453654e-25;99.99998;-7.345365e-21;0.24605393;-0.5040076;0.011593103;0.32358617;0.3120005;0.0;0.0;3980.8772;4730.3945;-2285.8088;6640.803;-350.11722;-1323.3622
1972-10-03;11.649078;-1.8026733;0.0101916;757.03534;1.1255147;173.01831;0.0;-7.3453654e-25;99.99998;-7.345365e-21;0.02618432;-0.54228586;0.0009685755;0.3094375;0.30848384;0.0;0.0;4477.5;5315.919;-2647.6545;6218.0083;-376.70776;-1456.0466
1972-10-04;11.609904;-3.9101665;0.0099817915;756.4792;1.1471022;179.78786;0.0;-7.3453654e-25;99.99998;-7.345365e-21;0.0;-0.5058907;0.0;0.30499697;0.30499697;0.0;0.0;4355.896;5167.114;-2635.0557;6231.4946;-351.42444;-1308.3689
1972-10-05;10.54007;0.039855957;0.009930928;756.8718;1.0948317;201.5027;0.0;-7.3453654e-25;99.99998;-7.345365e-21;0.6717801;-0.48015267;0.032916665;0.33457577;0.30165166;0.0;0.0;3388.674;4016.3787;-2033.44;6653.2153;-333.54556;-1091.1589
1972-10-06;10.574412;0.95911664;0.009881337;756.9412;1.1959323;208.61467;0.0;-7.3453654e-25;99.99998;-7.345365e-21;1.1641681;-0.55834466;0.06952882;0.36799908;0.29844046;0.0;0.0;3375.7737;3997.6511;-1937.5656;6689.925;-387.86334;-1065.5656
1972-10-07;10.499481;-1.8696289;0.010060628;756.1871;1.0922121;244.02496;0.0;-7.3453654e-25;99.99998;-7.345365e-21;0.036403537;-0.82468706;0.0015646219;0.29677153;0.29521435;0.0;0.0;4359.7725;5158.395;-2479.4434;6229.508;-572.8822;-1362.4467
1972-10-08;9.673787;-1.0317484;0.010181427;755.94507;0.93026066;104.02822;0.0;-7.3453654e-25;99.99998;-7.345365e-21;0.07938743;-0.6616786;0.003606081;0.29563904;0.29200315;0.0;0.0;3966.2283;4688.792;-2194.2676;6491.396;-459.64667;-1229.8055
1972-10-09;7.996755;0.5385437;0.010219574;754.46027;0.9104771;84.91528;0.0;-7.3453654e-25;99.99998;-7.345365e-21;1.8566926;-0.6638439;0.105917454;0.39486587;0.28893352;0.0;0.0;3550.9387;4194.2188;-2225.6387;6204.949;-461.15;-1090.4545
1972-10-10;8.062154;-1.9170634;0.009999593;754.9731;0.9764855;129.27834;0.0;-7.3453654e-25;99.99998;-7.345365e-21;0.00086426723;-0.67459697;4.4703484e-05;0.285998;0.28596073;0.0;0.0;3250.7666;3836.496;-2056.889;6230.3076;-468.62054;-872.6067
1972-10-11;9.470764;-1.4851786;0.009859721;755.8295;1.053804;215.68642;0.0;-7.3453654e-25;99.99998;-7.345365e-21;0.0;-0.7343832;0.0;0.28298795;0.28298795;0.0;0.0;3969.0688;4680.112;-2323.4812;6167.6465;-510.15167;-1123.9366
1972-10-12;9.555034;-2.1656291;0.009830475;755.8798;1.0663391;257.21378;0.0;-7.3453654e-25;99.99998;-7.345365e-21;0.0012934206;-0.6076833;7.4505806e-05;0.28011203;0.28004497;0.0;0.0;3759.54;4429.281;-2297.328;6123.4453;-422.1378;-1098.5945
1972-10-13;10.080495;-2.2755432;0.010079701;756.1995;1.0105752;246.07642;0.0;-7.3453654e-25;99.99998;-7.345365e-21;0.001288433;-0.6020246;5.9604645e-05;0.2772063;0.2771467;0.0;0.0;4049.1907;4766.368;-2423.6128;6089.6924;-418.20612;-1214.4567
1972-10-14;9.854207;-4.1998496;0.009900411;756.04645;1.0498384;196.55766;0.0;-7.3453654e-25;99.99998;-7.345365e-21;0.111373395;-0.5956655;0.005528331;0.2797991;0.27427077;0.0;0.0;4127.3306;4854.287;-2548.6538;5963.5356;-413.78946;-1104.5922
1972-10-15;8.567993;-0.7248332;0.01002121;756.01196;1.054319;127.59781;0.0;-7.3453654e-25;99.99998;-7.345365e-21;0.4065024;-0.48215872;0.02001226;0.29151142;0.2714917;0.0;0.0;3007.6;3534.381;-1896.2672;6516.3784;-334.93945;-853.06665
1972-10-16;8.405365;-1.3572794;0.010096232;754.90765;1.1052346;103.82953;0.0;-7.3453654e-25;99.99998;-7.345365e-21;0.93132854;-0.5876627;0.049203634;0.31802058;0.2688095;0.0;0.0;3280.6428;3854.037;-1965.1089;6402.2773;-408.22943;-959.1544
1972-10-17;7.5919595;-0.96345013;0.010120392;753.2214;1.1510903;108.38227;0.0;-7.3453654e-25;99.99998;-7.345365e-21;0.6089151;-0.54021084;0.029698014;0.29589236;0.26617944;0.0;0.0;2943.9077;3457.61;-1706.7172;6578.594;-375.26666;-919.68445
1972-10-18;6.983917;0.5683492;0.010152181;753.27216;1.0848273;234.69466;0.0;-7.3453654e-25;99.99998;-7.345365e-21;2.2702515;-0.7310715;0.117361546;0.3809929;0.26364625;0.0;0.0;2899.0356;3403.7583;-1661.8328;6511.901;-507.8511;-920.2122
1972-10-19;6.2782288;2.053772;0.009969075;754.00995;0.99676204;207.98096;0.0;-7.3453654e-25;99.99998;-7.345365e-21;4.0840983;-0.80514514;0.25072694;0.5119145;0.2611801;0.0;0.0;2893.185;3395.8022;-1526.0867;6639.8804;-559.3078;-865.97
1972-10-20;4.934713;2.982544;0.010033925;753.13184;0.87378234;224.98376;0.0;-7.3453654e-25;99.99998;-7.345365e-21;14.123821;-1.0836208;0.98240376;1.2412667;0.25884062;0.0;0.0;1323.41;1553.0911;-634.12665;7243.458;-752.75446;-258.39444
1972-10-21;4.6531777;-0.12086996;0.010163625;753.6209;1.1581966;227.73073;0.0;-7.3453654e-25;99.99998;-7.345365e-21;0.08074475;-1.345599;0.005841255;0.26237965;0.2565235;0.0;0.0;3199.9468;3753.3867;-1941.7339;5890.537;-934.74335;-809.6544
1972-10-22;5.581675;-6.72936;0.010209401;755.7205;0.93689996;137.17662;0.0;-7.3453654e-25;99.99998;-7.345365e-21;0.0;-1.4439895;0.0;0.2541244;0.25413185;0.0;0.0;3981.0112;4667.9077;-2539.6194;5204.6255;-1003.0911;-562.31555
1972-10-23;6.7344565;-2.2476196;0.010066986;756.5188;0.96087176;170.14705;0.0;-7.3453654e-25;99.99998;-7.345365e-21;0.0021553668;-1.2607425;0.00011920929;0.25187433;0.25174767;0.0;0.0;3685.9111;4320.6323;-2082.3516;5845.043;-875.79443;-689.4022
1972-10-24;8.420349;-0.47053018;0.009928386;758.1657;0.89126325;232.11864;0.0;-7.3453654e-25;99.99998;-7.345365e-21;0.0008596463;-1.2990553;5.9604645e-05;0.24943054;0.24940073;0.0;0.0;3696.3433;4331.379;-2090.7195;6004.688;-902.41113;-645.54333
1972-10-25;8.603607;-0.8418884;0.01007843;760.3138;0.97515255;110.3959;0.0;-7.3453654e-25;99.99998;-7.345365e-21;0.0;-1.1527147;0.0;0.24709105;0.2470836;0.0;0.0;3251.0334;3808.42;-2027.3484;6072.871;-800.7528;-456.61557
1972-10-26;8.893494;-2.8087666;0.009857178;758.9014;1.2735254;161.8;0.0;-7.3453654e-25;99.99998;-7.345365e-21;0.0;-1.2425799;0.0;0.24479628;0.24480373;0.0;0.0;3409.139;3992.5444;-1978.9022;6128.434;-863.1789;-583.25336
1972-10-27;6.7273254;-1.786204;0.009969075;755.5147;0.70320815;260.86157;0.0;-7.3453654e-25;99.99998;-7.345365e-21;1.7206967;-0.86947906;0.09994209;0.3425479;0.24261326;0.0;0.0;2337.6123;2737.08;-1363.9072;6575.899;-603.9978;-490.05112
1972-10-28;4.264364;0.9036865;0.010219574;752.06195;0.6973004;166.97792;0.052246094;7.708867e-06;101.26072;-7.345365e-21;13.700247;-0.9246543;1.0392815;1.2798309;0.24054945;0.0013671815;0.030778348;1435.7722;1680.7522;-619.69446;7188.582;-642.32556;-358.84668
1972-10-29;1.6339417;0.8229675;-1.3274345;749.81616;0.6476057;179.28557;13.967204;0.0020373662;135.95766;14.322917;13.7094555;-0.8793846;0.99794567;1.2365282;0.23856759;1.0215919;3.2300093;1361.3611;1854.7234;-562.2167;7041.933;-610.3089;-504.17557
1972-10-30;1.2619324;-2.6380513;-5.0314164;751.58374;0.7404596;135.85846;13.0773115;0.001943628;150.38344;13.142903;0.06462932;-1.0031127;0.058978796;0.29556453;0.23657084;0.55610013;0.009588897;2380.1929;3068.6821;-1429.8167;6026.114;-697.04224;-593.36444
1972-10-31;2.6773174;-2.1701252;-6.0616775;753.3286;0.8812832;158.0961;9.729411;0.0014439424;150.50389;9.358724;0.0008523463;-1.0214067;0.04762411;0.2821684;0.23457408;0.48041528;0.0;3154.486;3951.4434;-1966.2461;5566.916;-709.5333;-606.32776
1972-11-01;3.9444683;-2.2951558;-5.8118987;753.12616;0.68528336;132.26424;6.759033;0.0010005236;150.59406;6.591797;0.049501657;-0.94882774;0.044181943;0.27675927;0.23256987;0.41354263;0.0;2816.8645;3448.41;-1708.4406;5866.265;-659.12946;-436.99667
1972-11-02;2.6170857;1.0606384;-0.7966092;749.74054;0.527029;161.63503;4.928711;0.00076631707;150.24379;5.2897134;20.455711;-0.53989327;2.0680203;2.298698;0.23067743;0.3042817;0.8581393;755.9911;912.8922;-177.00111;7427.0146;-374.9289;-214.12222
1972-11-03;-0.273702;-0.60387164;-0.15642166;744.8957;0.84221286;214.24635;78.465416;0.0121838255;141.16827;85.04232;30.415012;-0.18989854;2.5110393;2.7398915;0.22885948;3.5484247;14.975343;434.99722;1491.2533;-52.010555;7286.491;-136.16;-181.41777
1972-11-04;-1.4852701;-2.0503337;-0.33817673;745.98883;0.7432318;138.40352;97.8916;0.026669065;145.62953;178.95508;37.2352;-0.11187978;1.0077953;1.234889;0.2271086;1.7113667;31.597391;315.7611;1184.1133;-158.13055;7021.3145;-85.25222;-113.62778
1972-11-05;-3.0739849;-6.758621;-4.793554;752.0767;0.83546406;133.63783;100.0;0.044106364;152.62791;289.22525;0.47603548;-0.13034791;0.010192394;0.23560226;0.22542477;0.08824468;0.38690865;979.54834;3840.3433;-1514.4911;4997.4946;-94.30334;-79.88111
1972-11-06;-3.9636638;-8.687944;-10.759449;751.9129;1.0667175;154.41351;100.0;0.043978214;155.86131;282.43002;0.0012129544;-0.076251104;0.029712915;0.25352836;0.22382289;0.23778342;0.00036135316;1151.1766;4173.1787;-1276.3105;4809.241;-52.261112;-6.4455557
1972-11-07;-4.1036477;-5.3422036;-5.1888275;748.0236;1.318365;249.60637;100.0;0.04414813;158.50194;278.44238;1.5906036;-0.1345072;0.035136938;0.25743246;0.22230297;0.2768673;1.4979615;792.74445;2778.3157;-423.33276;6278.75;-100.945;-87.15
1972-11-08;-3.4040477;-8.429034;-4.4488907;750.99884;0.7915533;101.91391;100.0;0.045331877;163.21288;278.23892;0.3157258;-0.19193627;0.037521124;0.25838614;0.22084266;0.3050603;0.2972968;1065.0322;3476.1055;-1431.7095;5229.813;-142.7561;-80.49
1972-11-09;-4.0386233;-13.874112;-10.274457;754.0439;1.2834421;25.169413;100.0;0.04489712;166.92967;269.57193;0.0012945284;-0.13794377;0.058591366;0.27799606;0.2194196;0.47376752;0.0;1330.6472;4067.2078;-1479.4438;4655.592;-99.31778;40.61111
1972-11-10;-2.336914;-12.778941;-9.212941;753.7835;1.1898099;53.06467;99.503334;0.04426654;169.55336;261.27115;0.00042617318;-0.14701113;0.08486211;0.3029108;0.21804124;0.6592665;0.0;1374.0394;4030.7134;-1525.0784;4704.108;-106.10389;41.176666
1972-11-11;-3.1781921;-11.187051;-8.7522955;753.5645;1.2712758;24.433401;98.2692;0.04363982;173.08983;252.31934;0.000853899;-0.15739444;0.07145107;0.28815866;0.21669269;0.5439334;0.0;1430.5011;3965.8977;-1575.0139;4700.02;-113.23222;13.474444
1972-11-12;-2.7784626;-10.463955;-8.136879;752.56805;1.0824145;180.55498;97.055664;0.04279101;176.37206;242.5944;0.0008583069;-0.1732232;0.13950467;0.35491586;0.21539629;1.0079983;0.0;1497.7655;3939.64;-1556.6483;4791.362;-125.13556;-11.052222
1972-11-13;-1.8415731;-5.0422363;-5.1171684;750.9246;0.8972037;252.56593;96.09196;0.041477323;179.64581;230.30598;0.20366105;-0.19817147;0.21255016;0.42667985;0.21414459;1.4959537;0.11927262;1415.2833;3544.412;-1150.4362;5534.6235;-146.43889;-60.833332
1972-11-14;-2.0436401;-2.379079;-1.1780103;748.15216;0.8245179;221.48094;98.16528;0.054163575;168.90297;317.26074;35.800434;-0.13496354;0.46744943;0.6803721;0.21292269;1.1270195;32.39534;443.4339;1302.46;-138.89055;6950.743;-102.87889;-146.08556
1972-11-15;-2.5936177;-6.386135;-2.49992;751.159;0.9753217;34.48167;100.0;0.07343093;159.3268;460.24576;0.0913769;-0.17534477;0.006020069;0.21776557;0.21173805;0.049592927;0.08714199;962.475;3586.0144;-1378.7139;5354.012;-129.56778;-107.50222
1972-11-16;-2.9188435;-8.1618185;-7.666407;751.85736;1.2105232;40.601284;100.0;0.07323042;164.916;443.11523;0.0020116568;-0.07665064;0.04018843;0.25075674;0.21058321;0.29310024;0.0015832484;1073.0795;3653.2488;-1262.5566;5110.561;-52.95111;-7.772222
1972-11-17;-1.9849243;-8.023477;-9.872177;750.11597;1.0561386;60.347076;100.0;0.07302781;168.6253;432.29166;0.0008583068;-0.04857313;0.021725893;0.23117661;0.20946562;0.16896985;0.0;1123.6738;3710.6812;-1242.5511;4944.0435;-32.04;35.13
1972-11-18;-2.909434;-8.3330145;-8.88702;751.7776;1.161454;27.398392;100.0;0.07282265;172.3089;421.99707;0.041371584;-0.06053876;0.037238;0.24558604;0.20836294;0.28830767;0.012664124;1066.0972;3430.4844;-1131.3789;5180.152;-41.317223;17.785555
1972-11-19;-3.9600246;-8.739324;-8.489715;751.9101;1.1942331;107.04068;99.9895;0.07251879;175.99608;411.41763;0.0032633543;-0.08120481;0.04644692;0.25372207;0.20729005;0.34992024;0.0015944242;1126.2228;3521.7678;-1196.2017;5135.959;-57.092224;-23.864445
1972-11-20;-3.3251495;-8.465327;-10.3285055;751.1121;1.0750613;107.90406;99.18042;0.0721248;179.00648;402.34375;0.0;-0.057343394;0.05838275;0.26461482;0.20623207;0.42730755;0.0;1199.6566;3627.859;-1385.2245;4744.501;-38.585556;32.253334
1972-11-21;-2.874705;-7.4326262;-10.632808;753.1919;0.9466798;175.89229;97.96753;0.07179352;181.80272;394.0023;0.0;-0.059004873;0.039443374;0.24466217;0.20521879;0.29264763;0.0;1223.9333;3564.7068;-1352.0144;4779.69;-39.625557;21.481112
1972-11-22;-4.2178245;-6.8196716;-9.632736;754.32935;0.99572873;131.54823;97.05973;0.071504116;184.66534;386.5153;0.005486607;-0.062590465;0.045880675;0.2501011;0.20422041;0.32474285;0.0037699938;1181.664;3333.82;-1148.915;5103.4087;-42.795555;-38.787777
1972-11-23;-2.4934185;-7.3415427;-7.692482;755.78174;1.0977906;87.3927;96.30176;0.07104719;187.48273;378.05176;0.002193451;-0.08465443;0.08147955;0.2847314;0.20322949;0.5509984;0.0017769635;1237.5272;3395.639;-1225.88;5219.5513;-58.691113;-14.643333
1972-11-24;0.89223224;-7.041168;-7.250834;755.02606;0.95498633;105.06713;95.59164;0.07047188;190.4199;368.73373;0.0008505553;-0.09025168;0.09214878;0.29441714;0.20227581;0.6058216;0.0;1255.5516;3356.3967;-1225.6655;5279.1865;-62.681667;37.26
1972-11-25;0.15341187;-5.5016685;-4.0190406;752.11456;0.7082836;224.9551;95.126465;0.070492625;193.59503;362.06055;1.6985029;-0.121312216;0.10883808;0.31016767;0.20132959;0.57128817;0.77931213;1087.3495;2838.2734;-801.69;6015.649;-87.69945;-30.471111
1972-11-26;-0.532074;-1.5592041;-0.64104205;750.63544;0.61829275;244.07008;95.18058;0.071917534;198.63084;357.82877;4.2981086;-0.0879392;0.4234165;0.623852;0.20041317;0.63710284;1.4229491;320.31;800.74225;-14.222777;7192.046;-66.473335;-58.718887
1972-11-27;-0.7781169;-0.96640015;-0.016123453;748.6753;1.3517379;212.47528;95.83781;0.07436196;199.29945;365.5599;12.97943;-0.16304292;1.0584146;1.2579411;0.199534;1.6431437;7.1033425;273.68054;689.1078;27.645;7293.351;-125.431114;-141.32222
1972-11-28;-3.6667607;-4.4083047;-0.7340266;744.76514;1.2818147;207.95984;98.766846;0.084400095;190.55922;433.30893;11.790114;-0.2490785;0.038415194;0.23709238;0.19866228;0.031119213;10.885954;519.795;1691.7855;-630.735;6352.2734;-192.19778;-203.13333
1972-11-29;-6.767929;-8.299881;-4.858776;744.5037;0.71626925;107.4219;100.0;0.09418539;179.99281;513.75323;9.571498;-0.16162637;0.0;0.19782782;0.19782037;0.0;9.560921;418.3861;1506.0934;-514.4167;6076.7856;-124.77944;-154.96
1972-11-30;-8.903057;-13.159802;-10.3109665;747.19366;1.2954749;30.436296;100.0;0.09923017;176.25648;555.4199;0.09075403;-0.06822124;0.0;0.19700825;0.19699335;0.0;0.08684397;856.7172;3338.0322;-1439.4734;4552.0405;-48.274445;-24.357779
1972-12-01;-9.701064;-14.636144;-16.475645;749.51263;1.2495233;47.423462;100.0;0.099255644;178.87953;547.2005;0.0012817102;-0.015459023;0.0;0.19617379;0.19618869;0.0;0.0;889.7989;3373.5222;-1163.5078;4341.254;-8.382222;51.233334
1972-12-02;-8.722731;-15.187945;-16.38215;752.5645;1.1929656;37.887634;100.0;0.09927758;180.92967;541.0156;0.002998062;-0.028833747;0.0;0.19541383;0.19540638;0.0;0.0;890.81;3294.8188;-1089.6895;4487.4404;-18.572222;57.273335
1972-12-03;-7.633396;-13.717551;-15.06131;751.4515;1.2114202;26.84475;100.0;0.099292636;183.04913;534.8714;0.00082850456;-0.025792979;0.00071525574;0.19533932;0.19463897;0.005494803;0.00039115548;822.4739;2972.4045;-895.23224;4845.2334;-16.444445;53.237778
1972-12-04;-7.159117;-11.062218;-12.627088;749.79034;1.4286796;24.102423;100.0;0.099329114;185.50487;528.15753;0.051379576;-0.020638108;0.0;0.19389391;0.19388646;0.0;0.048343092;684.2733;2408.9744;-697.9633;5293.0513;-13.016666;36.093334
1972-12-05;-6.311197;-9.36972;-10.079459;748.27655;1.5339669;22.725113;100.0;0.09952418;188.2464;521.64716;0.24240613;-0.047100708;0.0;0.19314885;0.19316375;0.0;0.23433566;773.4728;2673.2512;-798.86664;5426.3477;-33.08;-0.6933333
1972-12-06;-7.9220543;-10.97499;-12.005105;749.5212;1.2106723;26.069902;100.0;0.099639975;191.09406;514.3636;0.0070035458;-0.026493333;0.0;0.1924336;0.1924485;0.0;0.0049322844;890.93335;3008.3655;-1173.836;4743.453;-17.037777;2.9733334
1972-12-07;-9.91072;-13.044946;-12.983951;750.30493;1.210398;33.804047;100.0;0.09965527;193.60512;508.01596;0.0071639298;-0.03718771;0.0;0.19174814;0.19174069;0.0;0.0054612756;933.6128;3077.15;-1129.8456;4731.3936;-25.34111;-33.734444
1972-12-08;-10.100133;-13.761474;-14.212501;749.41455;1.1508198;46.054214;100.0;0.09967216;195.82616;502.11588;0.017979741;-0.028344803;0.0;0.19103289;0.19104779;0.0;0.014975667;968.5256;3122.659;-1063.6034;4692.5225;-18.714445;-19.178888
1972-12-09;-6.743548;-9.877749;-10.406295;750.0839;0.81242687;59.144745;100.0;0.0998319;197.67445;498.6979;0.2699077;-0.049751252;0.0019222498;0.19229949;0.19036233;0.015620142;0.2657771;684.3506;2164.7866;-366.78;5918.7217;-35.91722;-34.976665
1972-12-10;-5.5238;-8.081166;-6.6443367;750.8759;1.1910828;30.497305;100.0;0.10038046;199.86815;495.8903;1.0046959;-0.11291355;0.0;0.18969178;0.18969923;0.0;0.98288804;623.1228;1958.6544;-489.67056;6076.6387;-85.39222;-41.964443
1972-12-11;-5.4340615;-8.3869705;-7.765719;749.5732;1.3918396;26.975296;100.0;0.1009539;202.26463;492.9606;0.5312443;-0.058297068;0.0022947788;0.19134581;0.18904358;0.018619;0.51796806;867.0111;2716.4077;-957.4139;5408.4224;-41.825554;-8.844444
1972-12-12;-5.3728027;-7.5413184;-6.317444;750.2072;0.67453927;44.2462;100.0;0.10399791;199.58495;513.75323;3.7725716;-0.06800145;0.0;0.18839538;0.18839538;0.0;3.7498698;432.38388;1433.5078;-316.47055;6278.6587;-51.35;-45.103333
1972-12-13;-6.251673;-7.9673753;-5.7295966;751.1253;0.786575;153.98415;100.0;0.10607183;199.33397;525.22784;1.8595755;-0.09913929;0.0;0.18775463;0.18776953;0.0;1.8359795;713.7222;2410.5356;-875.94;5696.809;-74.236664;-92.31333
1972-12-14;-10.518646;-15.29485;-11.724027;750.12695;1.1487778;81.26028;100.0;0.10719057;200.19008;528.52374;0.022250414;-0.06871112;0.0;0.18712878;0.18713623;0.0;0.019654632;860.06335;2936.51;-1291.1761;4571.6284;-50.113335;-55.354443
1972-12-15;-10.314366;-15.131764;-15.2925415;748.7798;1.093528;175.02159;100.0;0.10720078;202.263;523.0713;0.0033009637;-0.02713129;0.0;0.18650293;0.18651038;0.0;0.0011473894;894.7778;2988.7112;-1093.3184;4539.2104;-17.883333;5.322222
1972-12-16;-7.076677;-8.890671;-12.504601;745.7693;0.72437733;257.5183;100.0;0.10743042;203.67706;520.1009;0.8434001;-0.00073201954;0.0;0.18590689;0.18590689;0.0;0.83913654;708.115;2318.4077;-396.84;5670.4893;1.3333334;-12.653334
1972-12-17;-10.344974;-16.194687;-12.102985;746.1565;0.94674736;106.75669;100.0;0.108073354;204.61327;521.3216;0.022426248;-0.080158934;0.0;0.18529594;0.18530339;0.0;0.02156943;921.3239;3010.0466;-1388.8887;4442.773;-58.88778;-64.09778
1972-12-18;-9.96843;-15.6560335;-15.265038;744.5899;0.96249825;75.27508;100.0;0.10809708;206.35414;516.56085;0.039565563;-0.039594248;0.0;0.1846999;0.18470734;0.0;0.036090612;970.57056;3107.8655;-1105.5139;4552.8384;-27.493334;8.561111
1972-12-19;-9.588548;-11.127099;-11.904335;745.0534;0.76713324;163.38109;100.0;0.10845482;206.72719;517.3747;0.6549537;-0.023461878;0.0;0.18410385;0.1841113;0.0;0.6529726;704.675;2227.0679;-418.66388;5699.0576;-16.261667;-54.34111
1972-12-20;-8.2314005;-9.671311;-8.294072;746.0389;0.83873206;187.64087;100.0;0.1094741;206.3216;522.583;2.2058666;-0.079046;0.0;0.1835227;0.1835376;0.0;2.198316;685.64276;2160.459;-434.71945;5994.809;-59.47778;-106.837776
1972-12-21;-8.756878;-11.243263;-7.4233336;743.538;0.98216605;67.26334;100.0;0.11469809;196.43195;574.9512;6.429845;-0.16569346;0.0;0.18295646;0.18296391;0.0;6.426647;436.1539;1521.8944;-448.0411;5977.3467;-128.22166;-104.30889
1972-12-22;-13.77624;-18.726604;-13.450851;745.2644;1.4602103;26.728432;100.0;0.11765178;192.98761;601.5625;0.17988682;-0.072920695;0.0;0.18239021;0.18239766;0.0;0.17891824;854.55835;3133.8967;-1562.2539;4060.7869;-53.7;-37.49111
1972-12-23;-17.633158;-21.620552;-19.908237;747.8243;1.7363925;24.386614;100.0;0.117697954;194.74574;596.639;0.043272972;-0.014709309;0.0;0.18182397;0.18183142;0.0;0.040266663;829.5183;2972.9233;-1350.9534;3801.8206;-9.406667;25.946667
1972-12-24;-17.624468;-23.671286;-23.030233;749.67096;1.7959677;15.050935;100.0;0.11772958;195.99347;592.6921;0.005558133;-0.0069802627;0.0;0.18127263;0.18128008;0.0;0.0055618584;910.91;3188.3345;-1286.5311;3662.3313;-3.3211112;77.44
1972-12-25;-14.995162;-21.292465;-23.07699;752.17267;1.4974898;7.8239427;100.0;0.11775168;197.13866;589.31476;0.0012874602;0.0009974465;0.0;0.18073618;0.18072873;0.0;0.0;937.025;3205.24;-1178.1578;3830.288;2.6144445;92.39555
1972-12-26;-15.13028;-21.595985;-22.560852;750.02985;1.2265666;19.2402;100.0;0.11777095;198.32191;585.85614;0.0008547719;-0.008028932;0.0;0.18019974;0.18019229;0.0;0.0;960.5894;3214.8633;-1203.9994;3835.6548;-4.308889;57.912224
1972-12-27;-13.602199;-19.95269;-22.451406;749.85223;0.941154;172.79137;100.0;0.117787994;199.50812;582.4788;0.00042617318;-0.0033108518;0.0;0.1796633;0.17965585;0.0;0.0;986.0467;3228.641;-1200.5061;3851.944;-0.8333333;48.04889
1972-12-28;-13.1421175;-20.667593;-20.46638;749.5439;0.88701063;205.47961;100.0;0.1178056;200.74998;579.1423;0.015115738;-0.01501292;0.0;0.17911196;0.17911941;0.0;0.012438744;725.63446;2327.6133;-734.995;4568.4663;-10.143333;31.303333
1972-12-29;-12.457138;-19.855368;-19.413256;748.33356;0.8182623;290.0637;100.0;0.117848195;202.01918;575.60223;0.33252278;-0.022308901;0.0;0.17859042;0.17859787;0.0;0.33037364;1002.9361;3149.3489;-1007.3161;4322.797;-15.185;9.671111
1972-12-30;-12.393489;-15.568508;-15.6883135;744.8105;0.9541002;49.185745;100.0;0.12617882;174.06769;716.06445;10.1849785;-0.0054268166;0.0;0.17806888;0.17807633;0.0;10.182142;365.3622;1376.46;-535.3439;5187.2666;-3.4233334;2.0433333
1972-12-31;-17.131006;-21.86409;-20.709929;748.87274;1.4475832;17.283981;100.0;0.1287673;170.7044;747.9655;0.003967772;-0.008346513;0.0;0.17756224;0.17756224;0.0;0.002257526;850.95667;3208.4712;-1341.9956;3742.7283;-4.4944444;10.725555
1973-01-01;-17.20336;-22.563225;-24.058626;749.5623;1.7941955;15.828106;100.0;0.12878959;172.65233;739.7461;0.0023461252;0.0068843365;0.0;0.1770407;0.17704815;0.0;0.00062584877;887.4611;3265.0356;-1202.2494;3691.9258;7.0277777;98.634445
1973-01-02;-10.927556;-17.208158;-22.326284;752.4307;1.7606378;10.8631735;100.0;0.1288236;174.31151;732.666;0.00085532654;0.021931715;0.0;0.17653406;0.1765415;0.0;0.0;891.3011;3201.1646;-953.24164;4223.1484;19.023333;159.03555
1973-01-03;-10.405887;-17.317024;-20.825758;754.58154;1.6585246;14.092437;100.0;0.12886743;176.26073;725.42316;0.001727678;0.011073425;0.0;0.17604232;0.17603487;0.0;0.0;935.17334;3281.6711;-1218.5823;4001.5386;10.833333;154.1789
1973-01-04;-12.36646;-20.790512;-21.397558;751.5974;1.634112;10.101124;100.0;0.12889521;178.18748;717.4072;0.0021497672;-0.0065751374;0.0;0.17553568;0.17553568;0.0;0.0;983.7572;3374.8767;-1244.1766;3910.8108;-2.748889;131.86333
1973-01-05;-8.133986;-20.455313;-20.86712;752.2324;1.1172158;173.95697;100.0;0.12891574;180.06476;709.96094;0.0017195934;-0.013800338;0.0;0.17502904;0.17503649;0.0;0.0;1006.54443;3376.6267;-1208.7184;4016.433;-8.326667;127.27778
1973-01-06;-7.8528075;-20.193548;-20.10436;752.51666;0.9571216;192.06178;100.0;0.12892795;181.98956;703.0029;0.001275539;-0.02092123;0.0;0.1745224;0.1745373;0.0;0.0;995.82776;3268.9556;-1060.1912;4256.5293;-13.84;103.80556
1973-01-07;-7.9609413;-18.485777;-18.057379;749.384;0.8227663;127.19129;100.0;0.12893479;184.09764;694.74286;0.00040531147;-0.028442591;0.0;0.17401576;0.17404556;0.0;0.0;1017.555;3269.6267;-984.55054;4538.951;-19.483334;52.88111
1973-01-08;-8.780505;-17.987627;-16.8651;745.8003;0.8048573;140.03786;100.0;0.12893562;186.49477;685.9538;0.00044107437;-0.035479665;0.0;0.17356873;0.17355382;0.0;0.0;1049.1478;3302.24;-1240.8223;4308.0234;-24.623333;26.982222
1973-01-09;-11.728047;-18.419563;-18.61402;743.30963;0.9606941;200.38152;100.0;0.12894242;188.71938;677.7751;0.0004351138;-0.020621344;0.0;0.17306209;0.17307699;0.0;0.0;1101.0083;3395.051;-1351.8611;4004.6057;-13.481112;19.961111
1973-01-10;-13.189606;-17.227587;-19.453884;741.951;0.8977719;269.65277;100.0;0.12895937;190.65038;671.0612;0.0037044287;-0.004136935;0.0;0.17258525;0.1725927;0.0;0.0020042062;1116.9044;3376.0344;-1202.2345;4123.3687;-1.1222222;-5.2422223
1973-01-11;-13.663933;-15.577206;-16.712889;741.5516;0.93181866;185.71625;100.0;0.12913911;192.22557;666.3411;0.43706125;0.0004656613;0.0;0.17212331;0.17212331;0.0;0.4339069;805.51556;2392.2734;-472.94556;5243.6987;1.5322223;-40.84667
1973-01-12;-10.610925;-11.96751;-12.078755;737.05145;1.0593324;215.12816;100.0;0.13917334;178.85773;773.72235;30.80839;-0.020411797;0.0;0.17166138;0.17166138;0.0;30.804955;417.64835;1294.4434;-22.165;6144.2363;-15.351666;-76.62889
1973-01-13;-10.664014;-12.147349;-9.886491;735.72516;1.4571339;203.17247;100.0;0.16786559;154.53773;1082.1533;8.683577;-0.041177496;0.0;0.17118454;0.17119199;0.0;8.668683;516.5344;2232.4478;-591.8128;5617.4863;-30.413334;-97.44222
1973-01-14;-11.435379;-13.012486;-11.601003;736.92596;0.57036334;157.9272;100.0;0.17807217;152.22166;1165.3646;21.160048;-0.023987144;0.0;0.1707375;0.17073005;0.0;21.156542;324.2139;1376.5734;-126.117226;5974.9443;-17.907778;-79.931114
1973-01-15;-10.143342;-12.236385;-9.836629;731.40015;0.85029703;104.58236;100.0;0.20891587;147.89125;1406.8604;32.853073;-0.07521082;0.0;0.17027557;0.17026812;0.0;32.846348;249.45778;1077.7189;-61.942223;6236.414;-58.245556;-92.06333
1973-01-16;-14.4507675;-16.73632;-11.744277;737.0611;1.1650565;190.68654;100.0;0.22965658;151.82452;1512.5732;5.144489;-0.14458597;0.0;0.16981363;0.16981363;0.0;5.139187;546.36053;2368.609;-590.6533;5330.7188;-111.475555;-271.99335
1973-01-17;-16.275248;-20.984873;-16.650116;744.2736;0.7244787;107.23019;100.0;0.23162802;157.48924;1471.11;0.216645;-0.04031975;0.0;0.1693666;0.16935915;0.0;0.21286309;767.7161;3252.639;-1311.5555;4069.8708;-28.84111;-96.134445
1973-01-18;-15.050579;-21.68467;-20.965952;747.1766;0.98603123;59.603077;100.0;0.2317344;162.32582;1427.124;0.20491509;-0.019556843;0.0;0.16890466;0.16890466;0.0;0.20180643;867.26666;3574.199;-867.63556;4353.903;-12.573334;4.0044446
1973-01-19;-11.913704;-18.25329;-20.790411;746.8145;1.0894817;33.29889;100.0;0.231901;166.3841;1393.2699;0.0008488891;-0.004491769;0.0;0.16844273;0.16845018;0.0;0.0;930.265;3739.9656;-1183.9238;3977.9197;-0.70055556;56.621113
1973-01-20;-8.955254;-17.778242;-20.319742;746.61426;0.6509476;249.49211;100.0;0.2319243;170.39061;1360.5957;0.0047744717;-0.021059066;0.0;0.16799569;0.16800314;0.0;0.0039041042;927.14667;3631.2644;-876.9706;4448.964;-13.284445;34.09
1973-01-21;-9.389394;-12.239543;-17.028303;745.8189;0.52807295;225.36572;100.0;0.23365171;173.10936;1348.4293;3.4490824;0.019299798;0.0;0.16756356;0.1675561;0.0;3.4434648;498.27554;1922.7655;39.945;5849.8584;16.047777;-1.2088889
1973-01-22;-9.287351;-10.90295;-13.181091;746.18353;0.8338234;64.38769;100.0;0.23574018;177.2464;1329.7119;0.46271682;0.004602596;0.0;0.16713142;0.16711652;0.0;0.45748055;643.8361;2511.0078;-447.18777;5560.2793;5.7144446;-38.044445
1973-01-23;-9.247234;-11.319528;-12.23576;746.80865;0.6968472;100.013405;100.0;0.23627786;183.52277;1286.9873;0.72010857;-0.013951212;0.0;0.16668439;0.16667694;0.0;0.71305037;678.3489;2595.821;-595.6483;5441.6113;-8.234445;-49.375557
1973-01-24;-9.83345;-13.833838;-12.065112;750.2448;1.0002791;38.306255;100.0;0.23683643;189.60057;1248.8607;0.10680556;-0.052371062;0.0;0.16623735;0.1662299;0.0;0.10540336;974.3811;3669.4534;-1162.7822;4758.888;-36.29;-71.51667
1973-01-25;-10.716258;-18.419249;-14.771153;751.59344;1.3550363;27.904106;100.0;0.23685963;195.09047;1213.501;0.012861727;-0.062512234;0.0;0.16579032;0.16578287;0.0;0.0102669;1059.7894;3888.6833;-1493.7711;4107.511;-44.014446;-0.48777777
1973-01-26;-7.6891365;-20.371687;-17.182518;750.67;0.9083426;173.68477;100.0;0.23694551;199.08266;1189.2496;1.1865374;-0.0575874;0.0;0.16534328;0.16534328;0.0;1.1596494;1111.0906;3978.4167;-1051.0305;4485.9526;-40.265556;49.511112
1973-01-27;-8.463826;-9.984914;-13.470352;743.01337;0.35796225;262.85654;100.0;0.25469097;182.79881;1390.5844;30.588154;0.014092773;0.0;0.16491115;0.16491115;0.0;30.584864;226.88333;931.9778;187.08778;6308.2373;11.2;3.3511112
1973-01-28;-7.2674866;-8.44302;-9.287616;743.3681;1.0406976;216.59816;100.0;0.27102482;176.31866;1537.2314;2.7048469;-0.02528727;0.0;0.16447902;0.16449392;0.0;2.6793032;628.2778;2694.3867;-223.19861;6224.851;-16.857779;-99.12
1973-01-29;-6.960592;-8.402585;-7.9062295;749.0738;0.75342464;209.74019;100.0;0.27262533;186.333;1463.6637;0.33842325;-0.057011843;0.0;0.16406178;0.16405433;0.0;0.33370405;781.9017;3288.6711;-692.4606;5718.3135;-40.10889;-115.32889
1973-01-30;-7.371569;-11.269773;-9.49891;748.34155;0.84696096;143.5972;100.0;0.27274838;195.80077;1392.9037;0.6537497;-0.077631325;0.0;0.16361475;0.1636222;0.0;0.64972043;943.2733;3860.1123;-1078.7977;5041.993;-55.302223;-100.78333
1973-01-31;-7.272013;-8.485692;-9.212509;739.7768;0.55907416;181.84772;100.0;0.28181103;195.59601;1437.2152;15.139256;0.0029783696;0.0;0.16319752;0.16319752;0.0;15.125072;306.5061;1281.9011;-71.02722;6345.988;3.1855555;-35.624443
1973-02-01;-7.759127;-9.052199;-7.7947845;744.8955;0.69321674;215.87683;100.0;0.29348996;194.05922;1511.027;4.693149;-0.07579476;0.0;0.16278028;0.16278028;0.0;4.6870446;715.5672;3054.6633;-484.59833;5982.1357;-55.634445;-153.90666
1973-02-02;-7.6143622;-12.320052;-9.18802;749.10785;0.957339;60.322117;100.0;0.29457745;202.79295;1452.6774;0.008350045;-0.09042397;0.0;0.16234815;0.16234815;0.0;0.005338341;981.7;4097.493;-1385.1888;4688.347;-64.72;-100.496666
1973-02-03;-7.4737763;-16.503056;-12.761608;747.9487;0.9180432;94.08258;100.0;0.29457268;209.69984;1404.1342;0.002581015;-0.07723831;0.0;0.16191602;0.16191602;0.0;0.0;1046.6167;4253.3145;-1389.9595;4390.5312;-54.305557;-14.99
1973-02-04;-8.19662;-13.698649;-14.742172;744.34326;0.6745327;281.15152;100.0;0.29465887;214.62921;1371.9482;1.0637641;-0.032190233;0.0;0.16149879;0.16149133;0.0;1.0633283;980.8333;3880.125;-935.25165;4782.989;-20.907778;-33.444443
1973-02-05;-9.125928;-11.332717;-12.424519;739.1479;0.9749129;257.52988;100.0;0.3010672;211.03773;1424.4385;7.0477366;-0.0011716038;0.0;0.16108155;0.16108155;0.0;7.039156;615.88776;2515.0833;-672.60724;5380.9824;1.4866667;-55.36111
1973-02-06;-10.193219;-19.138342;-16.409151;746.7324;0.9972238;121.80268;100.0;0.30334163;213.81183;1418.2535;0.009084963;-0.054825097;0.0;0.16066432;0.16066432;0.0;0.0056549907;1126.2417;4556.7446;-1669.4369;3683.1265;-37.851112;-7.6833334
1973-02-07;-8.27925;-14.966289;-16.180494;747.83594;0.63395876;240.52675;100.0;0.30410075;216.97003;1400.2279;2.3765683;-0.018842518;0.0;0.16024709;0.16025454;0.0;2.372671;737.6089;2913.9922;-199.13445;5643.0884;-12.0222225;-19.06889
1973-02-08;-7.115673;-8.246432;-11.306473;744.7055;0.6043982;160.43875;100.0;0.3083366;216.77635;1421.1832;2.6174316;-0.0036936253;0.0;0.15985966;0.15984476;0.0;2.6135426;732.07;2952.9666;-281.99832;6026.6636;0.11;-86.51111
1973-02-09;-7.7376404;-12.512401;-10.711192;746.43896;1.0037271;55.630615;100.0;0.30890265;222.4925;1388.1836;0.0114403935;-0.07979851;0.0;0.15944242;0.15942752;0.0;0.009287149;1117.6722;4408.218;-1298.2733;4728.294;-56.024445;-92.094444
1973-02-10;-6.098751;-12.195615;-11.796734;749.3745;0.92978436;121.303535;100.0;0.30891168;227.98273;1354.4922;0.0021487467;-0.059505925;0.0;0.15902519;0.15901029;0.0;0.0;1136.03;4367.418;-1233.1172;4751.706;-40.366665;-31.322222
1973-02-11;-5.5395355;-12.291863;-13.131848;751.0179;0.9572566;72.879875;100.0;0.30893216;232.68097;1327.474;0.0;-0.04544854;0.0;0.15860796;0.15860051;0.0;0.0;1245.956;4671.2275;-1451.255;4366.36;-29.418888;3.47
1973-02-12;-4.959769;-12.076764;-13.381558;750.0512;0.85759026;171.62709;100.0;0.3089566;236.79425;1304.1178;0.0017051834;-0.04568696;0.0;0.15817583;0.15819073;0.0;0.0;1190.7311;4357.7144;-1178.2672;4711.8296;-29.775555;3.8277779
1973-02-13;-4.435631;-12.097236;-12.995727;749.1851;0.7365684;275.62527;100.0;0.30906332;240.64906;1283.8949;1.2909234;-0.061674044;0.0;0.1577735;0.1577735;0.0;1.1711978;1306.7522;4670.0713;-1062.6233;4896.516;-41.88111;-24.777779
1973-02-14;-2.5166523;-4.0577493;-8.144337;747.7231;0.5354522;189.68938;100.0;0.31980494;236.791;1347.819;18.041967;0.020683743;0.0;0.15737116;0.15737861;0.0;16.2191;454.71722;1775.7683;231.62944;6978.3677;17.76111;-23.31
1973-02-15;-2.671814;-3.8847656;-4.4379983;746.9677;0.9879039;127.85108;100.0;0.33513275;235.40656;1424.1943;4.998681;-0.06610341;0.0;0.15698373;0.15697628;0.0;4.432604;945.2328;3984.8022;-900.9097;5850.951;-45.10889;-121.67778
1973-02-16;-3.4977722;-10.227418;-6.322286;748.3989;1.0352726;63.28259;100.0;0.33566496;243.38084;1380.778;0.001847744;-0.16607717;0.0;0.1565516;0.1565665;0.0;0.0018291175;1199.1161;4825.142;-1453.206;4934.7725;-120.69222;-98.77778
1973-02-17;-0.91767377;-10.543063;-8.264407;749.637;0.8920939;163.57611;100.0;0.3356433;249.59242;1345.9066;0.0;-0.11187419;0.0;0.15613437;0.15614927;0.0;0.0;1257.7833;4911.901;-1346.6938;4932.876;-78.55334;-2.5677779
1973-02-18;-0.6489156;-8.011271;-7.8311105;748.8696;0.70714927;190.45282;100.0;0.33604598;254.7503;1320.3939;1.1200011;-0.089588575;0.0;0.15574694;0.15573949;0.0;0.9636618;1019.38055;3869.2556;-720.21387;5801.819;-63.183334;-28.823334
1973-02-19;-1.6430359;-3.5059586;-5.876509;747.7691;1.055359;175.97731;100.0;0.3373823;259.82227;1300.293;0.75971484;-0.041190535;0.0;0.1553297;0.15533715;0.0;0.5585067;1072.2567;4032.4678;-727.485;5982.987;-26.327778;-101.73222
1973-02-20;-2.8001797;-8.846595;-5.747275;747.2454;0.719364;163.80527;100.0;0.33753237;265.7933;1272.2168;0.008574126;-0.16662292;0.0;0.15492737;0.15493482;0.0;0.005491078;1374.505;5013.511;-1493.7522;4995.673;-120.594444;-117.486664
1973-02-21;-3.3775432;-7.453753;-6.832995;739.9514;0.6357527;185.25652;100.0;0.3387532;269.34634;1258.3414;9.609723;-0.113987364;0.0;0.15452504;0.15452504;0.0;9.398908;1313.5261;4656.151;-896.51166;5665.219;-82.07222;-128.51334
1973-02-22;-5.196266;-6.243833;-5.0082207;730.0889;1.0484935;196.4408;100.0;0.36016965;251.63866;1429.6875;18.725744;-0.1274962;0.0;0.15413761;0.15413761;0.0;18.63841;733.60944;3129.1077;-498.2972;6244.8115;-95.54667;-188.98778
1973-02-23;-7.6648026;-9.627243;-6.298696;736.6191;0.9177816;197.15858;100.0;0.37186527;245.65233;1513.8754;4.2296586;-0.15089753;0.0;0.15373528;0.15374273;0.0;4.210137;1030.7156;4399.3213;-1087.3055;5356.749;-112.02944;-209.68944
1973-02-24;-8.3712;-10.944569;-8.278745;743.00287;0.72989243;244.43896;100.0;0.37283432;251.09308;1485.9213;0.18890162;-0.13475028;0.0;0.15333295;0.15334785;0.0;0.18589199;1229.8016;5107.033;-1352.1578;4828.0244;-98.066666;-205.24028
1973-02-25;-7.114614;-8.534059;-9.033753;744.50415;1.0208372;218.7118;100.0;0.37437168;254.85448;1468.9127;4.242069;-0.06659329;0.0;0.15294552;0.15296042;0.0;4.238032;772.49164;3120.6777;-265.38278;6169.4707;-48.56333;-144.28667
1973-02-26;-4.031128;-5.2022705;-5.870168;747.19635;1.0046486;212.62843;100.0;0.3780824;257.10483;1471.11;1.4279962;-0.113607384;0.0;0.15257299;0.15258044;0.0;1.3888552;835.05444;3407.3645;-221.64555;6603.5312;-83.90444;-148.42667
1973-02-27;-3.032135;-6.6781106;-5.235975;747.061;0.8320232;134.67824;100.0;0.3787024;263.4352;1438.5172;0.0147253275;-0.13161078;0.0;0.15220046;0.15217811;0.0;0.014305115;1328.8617;5320.1035;-1531.0562;4994.973;-92.87778;-146.27667
1973-02-28;-2.942281;-7.032664;-6.929895;747.8489;0.9624674;157.20508;100.0;0.37872812;269.13217;1407.9183;0.12820157;-0.10479987;0.0;0.15178323;0.15178323;0.0;0.108897686;1095.6306;4249.575;-897.2428;5603.867;-75.062225;-77.70333
1973-03-01;-2.0132751;-4.754659;-5.732206;746.4819;1.0512367;194.55568;100.0;0.3796729;273.69302;1387.2477;3.7481742;-0.09969249;0.0;0.1513958;0.1513958;0.0;3.35636;1286.58;4883.782;-915.04443;5791.176;-69.867775;-120.47111
1973-03-02;-2.996558;-4.397475;-4.1355987;741.80695;1.0276169;186.08876;100.0;0.39104602;270.03125;1446.8994;14.159054;-0.07360801;0.0;0.15102327;0.15101582;0.0;13.874251;443.2489;1794.4645;-129.67111;6782.274;-55.191113;-66.86667
1973-03-03;-5.188965;-6.0648117;-3.8035305;736.32666;1.0389231;189.74841;100.0;0.4108255;260.71353;1574.4222;26.351059;-0.11328235;0.0;0.15065074;0.15065819;0.0;25.819443;323.89944;1348.345;-361.04694;6399.884;-87.454445;-142.4611
1973-03-04;-9.5896635;-11.506537;-6.496939;742.8584;1.3151332;211.28706;100.0;0.42550996;255.63542;1665.2832;2.3936958;-0.24010055;0.0;0.15029311;0.15027821;0.0;2.3798273;1144.3014;4888.577;-1155.0061;5158.5;-182.04445;-350.62445
1973-03-05;-7.4749312;-13.782185;-8.903939;744.6657;0.81278294;109.08047;100.0;0.4262475;261.1123;1633.4229;0.026899576;-0.1659235;0.0;0.14987588;0.14989823;0.0;0.025186688;1375.0555;5739.5796;-1568.2683;4536.569;-120.40389;-220.59334
1973-03-06;-7.273108;-11.207055;-10.794234;741.9688;0.8055882;82.05341;100.0;0.42642823;265.85287;1604.5736;0.4678607;-0.069794245;0.0;0.14951825;0.14951825;0.0;0.4600957;1097.3633;4467.658;-1031.1339;5057.4917;-48.375;-125.28778
1973-03-07;-7.2997613;-10.017238;-9.824218;742.2526;0.8272738;101.111916;100.0;0.42836592;267.80566;1597.941;10.015994;-0.13580173;0.0;0.14913082;0.14913827;0.0;10.007098;1222.1975;4869.823;-669.9078;5673.1313;-99.763336;-191.54167
1973-03-08;-7.3344116;-11.276027;-8.79029;744.21857;0.93674916;27.552246;100.0;0.44120535;255.83269;1724.1617;3.9548635;-0.12815557;0.0;0.1487732;0.14875829;0.0;3.9510653;1044.9917;4455.077;-1128.74;5128.5234;-93.587776;-142.45444
1973-03-09;-7.578799;-13.689994;-11.488744;750.4642;1.0307378;66.51303;100.0;0.4419172;260.64877;1696.2484;0.0026770257;-0.10035932;0.0;0.14838576;0.14837831;0.0;0.00010430813;1485.1075;6149.1416;-1738.8583;4116.9297;-69.37334;-130.27333
1973-03-10;-4.4175735;-16.358541;-12.829726;751.2871;0.91088945;110.4375;100.0;0.44191644;264.96875;1668.457;0.0021398063;-0.1335321;0.0;0.14799833;0.14799833;0.0;0.0;1516.4926;6111.8955;-1512.6978;4373.2017;-94.13722;-41.35
1973-03-11;-4.9832864;-16.403439;-13.165629;749.34076;0.96692437;137.783;100.0;0.4419006;268.85156;1644.7347;0.0012814999;-0.13329089;0.0;0.1476109;0.14760345;0.0;0.0;1597.3253;6272.053;-1620.0266;4215.009;-94.34556;-59.432777
1973-03-12;-5.1986976;-12.090743;-12.980737;748.2138;0.9032445;183.41223;100.0;0.44190332;272.4541;1622.8842;0.07510781;-0.09822287;0.0;0.14722347;0.14722347;0.0;0.072054565;1616.302;6186.813;-1330.2778;4637.0034;-67.653336;-100.03778
1973-03-13;-3.6608074;-6.269338;-9.768947;747.6699;1.0067071;240.31572;100.0;0.44309822;275.19824;1610.8398;1.3553632;-0.037573278;0.0;0.14685094;0.1468584;0.0;1.3450608;905.55054;3419.0344;-148.33945;6402.9067;-27.612223;-89.688614
1973-03-14;-0.57892865;-6.015859;-6.727955;750.2525;0.7728536;111.364075;100.0;0.44344938;279.9082;1585.2457;0.007215142;-0.13221987;0.0;0.14649332;0.14649332;0.0;0.005438924;1558.3038;5802.5146;-1118.1083;5523.188;-92.001114;-134.33223
1973-03-15;-1.45637;-4.0310974;-4.917211;747.4598;0.7651035;200.563;100.0;0.44482723;284.79428;1562.4186;4.7869425;-0.080539845;0.0;0.14612079;0.14611334;0.0;3.2670126;1187.3783;4307.9575;-577.50055;6246.6797;-56.084446;-106.63695
1973-03-16;-3.2628174;-4.481252;-2.8432057;744.2261;0.9316213;219.12971;100.0;0.4522384;285.0521;1587.2803;4.5493484;-0.23768842;0.0;0.14573336;0.1457408;0.0;4.2846165;1336.9628;5138.3735;-969.0256;5923.9243;-177.88333;-263.9811
1973-03-17;-5.1825356;-6.993561;-3.4991481;742.6611;1.178769;235.12366;100.0;0.4573121;287.0332;1592.4886;14.870397;-0.3619101;0.0;0.14536083;0.14536828;0.0;14.700159;1341.8495;5034.9062;-875.7275;5934.3667;-275.91333;-360.8211
1973-03-18;-6.4169106;-8.83517;-4.894812;744.99634;1.1195811;236.9865;100.0;0.4691589;280.21255;1675.3744;1.3452208;-0.32668933;0.0;0.1449883;0.14499575;0.0;1.3123788;1414.645;5862.6064;-1197.5875;5356.671;-246.86111;-324.40445
1973-03-19;-3.6690953;-7.7068534;-5.531794;750.499;0.76571685;203.47784;100.0;0.46960378;285.69858;1644.9381;0.032395124;-0.20656921;0.0;0.14460087;0.14461577;0.0;0.029545277;1514.8239;6105.859;-1238.353;5381.11;-150.48445;-238.83223
1973-03-20;-3.5449524;-5.343109;-5.5985208;746.20337;0.6787897;200.32355;100.0;0.48023286;282.26724;1700.1547;19.342253;-0.0009881333;0.0;0.14425814;0.14425814;0.0;18.813345;264.31317;1063.1509;-123.81389;6577.401;0.093333334;-23.21889
1973-03-21;-4.6555176;-6.268738;-4.61005;743.0137;0.80554456;193.63667;100.0;0.4927746;278.30338;1770.1416;9.663093;-0.19232184;0.0;0.14391541;0.14390796;0.0;9.310536;1248.9578;5284.9893;-856.9061;5897.4087;-142.41444;-275.98
1973-03-22;-6.661072;-8.374398;-5.042703;740.3909;0.8615362;150.42326;100.0;0.5079723;269.64844;1883.1381;12.322918;-0.23767725;0.0;0.14354289;0.14354289;0.0;12.299389;1061.2217;4551.365;-802.2378;5814.204;-179.81;-309.65555
1973-03-23;-6.9404297;-11.036023;-6.3871117;745.0828;0.88724655;66.21382;100.0;0.51231617;273.30435;1876.0172;0.9634197;-0.25801826;0.0;0.14317036;0.1431778;0.0;0.96068907;1376.6755;5820.775;-1308.5475;5121.9023;-192.53055;-285.07443
1973-03-24;-7.2531905;-11.994433;-8.005404;747.47784;0.95708257;108.376465;100.0;0.5125584;279.22495;1837.1176;0.024485588;-0.23382902;0.0;0.14281273;0.14279783;0.0;0.021450222;1550.2039;6384.4263;-1379.9166;4924.3013;-172.57222;-287.75446
1973-03-25;-6.4112334;-10.034677;-9.375922;747.74567;0.9600875;203.45787;100.0;0.5125869;284.24478;1804.484;0.1452148;-0.14365092;0.0;0.1424402;0.1424402;0.0;0.14146045;1497.6761;6013.5225;-1402.755;4776.0684;-104.079445;-174.22333
1973-03-26;-6.395716;-9.552967;-9.257477;747.5484;1.0480868;90.732796;100.0;0.51262003;288.72754;1776.5707;0.025779009;-0.07476099;0.0;0.14209747;0.14209002;0.0;0.020898879;1577.8511;6175.941;-1287.2141;5005.453;-55.135555;-237.47667
1973-03-27;-4.01947;-8.003438;-8.802888;746.54224;0.8552859;180.8888;100.0;0.51263666;293.05762;1750.3662;0.1381229;-0.0575101;0.0;0.14175475;0.14175475;0.0;0.12359768;1714.9111;6546.2324;-1302.583;5075.3457;-41.204445;-201.44112
1973-03-28;-4.109019;-7.357727;-7.519385;744.7217;1.1086357;173.87567;100.0;0.5137426;296.43686;1733.8461;2.8313458;-0.12883544;0.0;0.14141202;0.14141202;0.0;2.6555135;1745.7444;6579.134;-1340.8491;5154.2812;-97.57445;-231.35
1973-03-29;-4.989044;-10.608276;-7.380407;748.02856;1.5733713;34.325043;100.0;0.5154911;299.09995;1724.528;0.04594326;-0.26275218;0.0;0.1410693;0.1410842;0.0;0.043738633;1778.8367;6738.043;-1558.0497;4829.368;-202.04;-247.39223
1973-03-30;-2.0374553;-10.660163;-7.584768;747.3982;0.85075617;145.39668;100.0;0.5154322;303.28647;1700.8871;0.047677755;-0.09186659;0.0;0.14075637;0.14074892;0.0;0.041730702;1587.2278;5860.7705;-1208.3848;5271.683;-67.59111;-162.88889
1973-03-31;-0.89500934;-7.0151367;-5.587326;742.46356;0.7938207;273.30597;100.0;0.51674396;306.6862;1684.8959;6.2629466;-0.074723735;0.0;0.14039874;0.14040619;0.0;4.980568;1588.2256;5724.3374;-915.265;5838.7153;-54.487778;-163.08778
1973-04-01;-2.340617;-3.7571309;-3.5360057;743.9506;0.8647726;210.6615;100.0;0.5240773;306.292;1712.0361;5.0680223;-0.13594422;0.0;0.14007092;0.14008582;0.0;4.190486;1305.6794;5003.1357;-675.48334;6239.1636;-103.748886;-267.77222
1973-04-02;-2.190694;-2.957713;-1.8560919;745.8823;0.9906382;208.37492;100.0;0.53344315;305.02994;1749.5117;8.69146;-0.15635975;0.011458993;0.15121698;0.13975054;0.05541742;7.3063;1176.3683;4684.3755;-505.9214;6601.511;-120.066666;-319.20444
1973-04-03;-0.8533427;-3.0192974;-0.6968918;745.5767;0.6427483;92.46008;100.0;0.539054;311.47168;1732.5033;11.986181;-0.17757341;0.5056411;0.64505637;0.13941526;0.6250925;2.001185;1384.6627;4698.5557;-790.9683;6361.326;-132.28111;-226.225
1973-04-04;-2.1165466;-2.9217632;-0.13921611;743.33295;0.8553047;212.99774;100.0;0.55251104;314.16406;1758.3414;17.022928;-0.21320674;0.35101175;0.4900843;0.13907999;1.3572779;14.10481;728.62836;2430.4766;-574.6875;6500.174;-163.88445;-221.75444
1973-04-05;-2.03361;-4.649943;-0.38116708;746.4861;0.99234694;181.93974;100.0;0.55842334;317.62534;1759.7656;0.009804964;-0.48196408;0.02028048;0.15902519;0.13872236;0.15288964;0.008508563;2041.169;6762.7783;-1582.2642;5400.9814;-363.50888;-372.14334
1973-04-06;-0.37008667;-5.323832;-0.647803;747.0948;0.9538587;126.4292;100.0;0.55809945;327.03873;1708.2926;0.0038623803;-0.35824254;0.014051795;0.15240908;0.13835728;0.10816939;0.0;2624.9883;7528.2173;-2176.0308;4716.855;-263.20557;-213.23222
1973-04-07;-1.732839;-3.6132507;-0.45302582;743.0391;0.7648069;200.32756;100.0;0.56310457;331.51953;1697.1029;19.688654;-0.35922602;0.058859587;0.19687414;0.13799965;0.17147511;17.127619;1568.9595;4320.1797;-643.1575;6493.135;-274.12668;-297.86557
1973-04-08;-3.6391804;-4.5584106;-0.31987762;740.4429;1.1657497;186.719;100.0;0.59091693;311.431;1896.2809;19.50138;-0.43972766;0.043690205;0.18136203;0.13766438;0.12687966;18.446117;1160.0895;4688.222;-724.53723;6322.7666;-336.84222;-471.58167
1973-04-09;-2.7054443;-5.336721;-0.58214825;747.10406;0.90921736;171.42448;100.0;0.59576195;315.7184;1888.9567;0.062692165;-0.5132761;0.013768673;0.15109777;0.1373142;0.096559525;0.034831464;1996.6372;6757.859;-1460.6167;5528.4956;-388.25888;-400.09113
1973-04-10;-2.2979126;-8.033498;-0.863074;750.25073;1.137973;75.60355;100.0;0.5953688;325.0189;1833.7402;0.0014736207;-0.5480163;0.011056662;0.14801323;0.13695657;0.07908419;0.00013038516;2541.621;7400.082;-1905.9672;4986.329;-412.04;-271.30777
1973-04-11;-1.2583414;-7.3803406;-0.69321185;750.99835;1.1526209;38.997684;100.0;0.59485346;334.78452;1778.6865;0.0022560353;-0.4700711;0.051617622;0.18821657;0.13659894;0.36349148;0.00010803342;2895.605;7587.6;-2023.2833;4916.717;-350.11777;-254.31
1973-04-12;0.7372233;-5.291748;-0.44049072;750.69586;1.0456345;88.87638;100.0;0.5918291;344.4528;1720.1742;0.0017166131;-0.40471646;0.7144809;0.8507073;0.13623387;5.243242;0.0;3159.1545;7675.657;-2050.5884;5007.401;-297.7661;-202.32222
1973-04-13;2.360443;-3.5587642;-0.32834372;751.4401;1.0537239;75.26815;100.0;0.58412427;352.93033;1656.9824;0.0012814989;-0.3254749;1.3649613;1.500845;0.13588369;9.363647;0.0;3276.646;7531.8403;-1860.9734;5303.777;-234.43333;-161.9
1973-04-14;2.8839417;-3.4883423;-0.19056194;749.7273;0.9795235;73.61503;100.0;0.5732325;360.2601;1592.8955;0.0119579;-0.30333364;1.8556863;1.9912422;0.13555586;11.515248;0.0;2848.6284;6283.239;-1074.9395;6237.2876;-218.77556;-139.2911
1973-04-15;2.0341187;-2.284139;-0.100180306;745.2122;0.9849724;121.167885;100.0;0.5583369;365.62173;1528.9307;0.12384526;-0.390918;3.2987297;3.4739077;0.1751855;16.299772;0.0;3126.6167;6680.2026;-1354.9078;5959.0366;-288.16556;-184.67444
1973-04-16;-0.19737752;-1.4226481;-0.15030544;742.33765;0.91231424;166.27617;100.0;0.5465864;371.014;1474.6094;6.1297355;-0.2601007;3.7738383;3.9337277;0.15988201;10.532398;0.60994923;2335.0105;4904.6245;-730.63666;6540.553;-193.23;-240.91556
1973-04-17;-1.4827067;-2.0201416;-0.062440235;743.9353;1.2803905;207.43553;100.0;0.5398293;371.59634;1452.3112;13.935576;-0.5123643;3.1737537;3.3666344;0.19286573;9.19836;9.886652;2224.5566;5001.141;-553.39526;6756.374;-391.67444;-507.23557
1973-04-18;-4.018738;-5.177836;-0.22187679;740.67804;1.2345926;205.70581;100.0;0.5579295;345.80826;1610.9619;17.802784;-0.56131744;0.07621944;0.2117604;0.13555586;0.14710799;16.865398;1273.58;4913.112;-753.8397;6289.636;-430.17667;-527.7
1973-04-19;-2.882548;-6.0397744;-0.6388016;744.56445;0.87279177;215.84303;100.0;0.5635449;343.3369;1641.4795;1.0067999;-0.6273184;0.0;0.1360774;0.13608485;0.0;0.93226135;2043.2178;6928.63;-1375.9489;5596.4824;-475.39557;-437.10666
1973-04-20;-0.506368;-3.5062053;-0.56672925;744.6162;0.70709735;215.36751;100.0;0.5688744;343.65918;1654.3375;9.494501;-0.2737623;0.04015863;0.17683208;0.136666;0.17501414;6.5364985;1438.4373;4845.161;-894.6936;6212.67;-201.42555;-205.75
1973-04-21;0.1623637;-2.2878723;-0.17351913;743.24225;1.1091577;242.6214;100.0;0.57112473;348.9528;1636.9629;3.2494545;-0.42315012;1.1033118;1.2405664;0.1372546;3.9546041;1.1080205;2317.1646;6892.9067;-1116.2886;6129.7495;-314.23;-260.78665
1973-04-22;0.070007324;-1.2186279;-0.07234192;746.30414;0.8403173;139.93901;100.0;0.5657728;352.54166;1605.3467;1.8670871;-0.35773125;2.2503436;2.42877;0.17841905;9.160943;0.33493713;2135.1777;5954.4224;-894.3197;6388.2847;-265.26556;-280.16223
1973-04-23;0.2859904;-1.6325277;-0.09437434;746.4045;0.98501104;140.51512;100.0;0.5560158;357.5892;1555.2164;3.462553;-0.51167977;3.4279525;3.6292076;0.20125508;10.25077;0.06196648;2716.3662;6916.317;-1009.9311;6309.57;-382.5289;-330.27777
1973-04-24;0.059020996;-5.40745;-0.1593043;747.3162;0.96691275;204.72932;100.0;0.54520035;362.5625;1504.3945;0.04223287;-0.8189054;2.708137;2.8896184;0.18148124;10.716393;0.003695488;3237.4888;7719.625;-1634.4406;5549.082;-618.82;-347.47446
1973-04-25;1.7257589;-2.4052022;-0.23431396;746.5962;0.8879606;109.049095;100.0;0.53499484;368.92905;1450.8057;1.5323639;-0.3864728;2.6100874;2.7543008;0.14420599;10.20981;0.00047683716;2955.4128;6698.2817;-1277.7927;5942.349;-282.84555;-186.89778
1973-04-26;2.5501812;-1.6305542;-0.12941742;745.14575;1.0016054;169.80096;100.0;0.5227704;374.41406;1396.8912;0.017726421;-0.40773487;4.4080615;4.8441887;0.4361421;14.855672;0.0003799796;3003.2122;6555.286;-1498.9116;5736.081;-300.23;-148.93222
1973-04-27;1.7551981;-3.057495;-0.24443054;744.77496;1.1912193;208.80415;100.0;0.51071185;380.25977;1343.7906;0.19012988;-0.781361;2.8559268;3.020078;0.16414374;10.25342;0.0;3383.291;7167.1934;-1583.7589;5585.2954;-592.14667;-207.70111
1973-04-28;-0.84211224;-2.2051697;-0.19019063;744.45685;0.98300385;146.53108;100.0;0.5074086;382.6644;1325.3988;7.201308;-0.35607442;1.4015436;1.5629232;0.16137213;3.9864314;4.838716;1936.206;4457.384;-851.73975;6343.323;-270.06778;-285.87332
1973-04-29;-1.152832;-2.5383809;-0.11020788;746.3731;1.00013;111.198494;100.0;0.5028245;384.79297;1307.2916;3.788033;-0.505032;3.6163628;3.8306117;0.21424145;9.07189;0.3550369;2522.7673;6188.6733;-954.2486;6314.5723;-380.7189;-381.09113
1973-04-30;-0.5574341;-2.843567;-0.13403066;747.9058;1.0129726;95.06147;100.0;0.49276018;388.38705;1269.2465;5.150306;-0.55161303;5.498558;6.2581005;0.7595718;11.319753;1.1147261;2802.0244;6554.442;-1121.775;6117.07;-414.9289;-389.52222
1973-05-01;0.8132324;-4.866709;-0.24784343;748.5755;1.1101478;108.41378;100.0;0.48314807;393.21713;1229.4922;0.033285953;-0.6489744;3.057733;3.2544732;0.19674003;9.495899;0.0;3464.6294;8077.009;-1878.4756;5226.3213;-484.89056;-234.03111
1973-05-02;0.54776;-3.1320088;-0.18696594;746.70807;1.1078228;116.52307;100.0;0.4729655;399.27377;1185.5062;2.1299243;-0.58709085;4.0291996;4.466057;0.4368648;10.43741;0.016845763;3124.4077;6961.9824;-1282.0562;5976.5283;-440.62946;-259.16556
1973-05-03;0.68048096;-2.2819111;-0.11469269;745.5954;1.2300371;54.735962;100.0;0.4607639;404.22006;1140.7471;5.8265653;-0.52478725;6.2479677;7.0906134;0.8426383;13.823103;0.29388815;3248.2988;7009.954;-1380.3864;5869.559;-391.46112;-247.43222
1973-05-04;0.50493366;-3.4684856;-0.11054993;747.764;1.1460756;71.52268;100.0;0.44868037;407.2998;1102.3356;2.0834982;-0.5902238;6.0109196;6.7040324;0.6930977;14.458183;0.3390126;3250.8132;7024.8296;-1448.4867;5783.4814;-441.54;-250.80779
1973-05-05;1.2637838;-3.9095051;-0.20051575;750.28033;1.0272992;68.31874;100.0;0.4343724;412.38184;1054.4434;0.1312772;-0.5106246;5.3725243;5.7753325;0.4028082;14.635485;0.00012293458;3523.4973;7414.5312;-1640.5353;5568.7266;-376.7911;-221.63222
1973-05-06;2.2768555;-4.5655518;-0.23011525;752.65924;1.3088977;38.075306;100.0;0.4185134;418.82486;1000.529;0.01142323;-0.5632555;6.059617;6.84914;0.7895157;16.416014;0.0;4016.7795;8280.151;-1882.7367;5353.698;-413.89;-175.83556
1973-05-07;3.014323;-4.8544006;-0.22781499;754.8567;1.5117074;31.097025;100.0;0.4016193;425.6862;944.9056;0.0020563602;-0.6372137;6.11189;6.9939194;0.88204443;16.802385;0.0;4125.2188;8368.469;-1912.6761;5342.4033;-471.32666;-139.82666
1973-05-08;4.992045;-2.2848206;-0.21413295;754.3892;1.5864714;26.775034;100.0;0.38275993;432.64975;886.4339;0.0017166594;-0.43849832;8.110613;8.809031;0.6984174;19.972778;0.0;4207.6187;8430.39;-1858.0516;5488.583;-314.68222;-87.90444
1973-05-09;5.2085776;-0.7225749;-0.13366318;753.54004;1.3676686;92.90339;100.0;0.36193922;438.8877;826.66016;2.0189464;-0.39136317;9.382129;11.158079;1.7759502;20.800915;0.0;3740.8984;7424.8906;-1233.6267;6240.371;-280.7322;-74.80778
1973-05-10;3.4413555;0.37153116;-0.063259125;749.4997;0.966939;125.577675;100.0;0.34528482;442.24023;782.18585;11.708289;-0.08201972;11.197448;13.273284;2.075851;15.098308;0.0;1795.6439;3535.6294;-522.38275;6831.569;-54.803333;-55.22333
1973-05-11;4.943268;1.1719462;-0.11979803;750.3376;1.1179265;152.11766;100.0;0.32533625;446.21548;730.83496;0.5167184;-0.25437027;10.575205;12.882053;2.3068562;23.734444;0.0;3670.4268;7186.2856;-1080.9967;6367.5176;-175.14778;-132.61111
1973-05-12;3.9653015;1.0461121;-0.10076269;751.4668;1.1988246;90.26142;100.0;0.30060375;449.40854;670.08466;3.4928262;-0.2757432;12.3109665;15.959919;3.6489515;24.878166;0.0004209578;3608.8228;7034.947;-995.8872;6474.845;-193.05444;-188.32333
1973-05-13;4.6691794;-1.3973898;-0.17927678;751.6221;1.1293141;99.04065;100.0;0.27716517;450.0;616.862;0.5198717;-0.32394844;9.0769825;11.790782;2.7137847;22.833809;0.0;3795.43;7372.2544;-1414.0386;5971.1743;-228.66945;-107.44
1973-05-14;5.2223206;-1.0977478;-0.22854106;751.27936;1.1547121;83.55406;100.0;0.25372472;450.0;564.86005;0.051140785;-0.38748607;10.261118;13.840646;3.5795422;24.115208;0.0;4079.541;7900.7793;-1465.3016;5929.4756;-275.7378;-123.827774
1973-05-15;6.6511436;-2.1289165;-0.20807648;751.2158;1.1927093;154.14809;100.0;0.22934377;450.0;510.98633;0.19523501;-0.4480146;10.397106;14.492899;4.095778;24.491045;0.0;4230.6035;8174.8;-1412.6842;6033.7686;-321.13443;-101.844444
1973-05-16;3.7364705;0.5658671;-0.097435;747.9588;0.9219942;191.29012;99.84009;0.20860493;450.0;464.39615;13.909459;-0.15791598;12.840957;17.352879;4.511893;20.022366;0.011693686;2630.5234;5070.007;-630.245;6790.563;-108.92555;-109.82445
1973-05-17;1.2734274;-0.6512451;-0.13421504;748.8051;1.0439361;258.96237;98.41593;0.19078565;449.6338;425.0895;5.627265;-0.43018723;9.648845;15.330389;5.6815667;18.462381;0.33950433;2947.7795;5735.7856;-920.8467;6433.3965;-319.30334;-275.72
1973-05-18;1.8218384;-0.26286826;-0.34804535;751.44165;1.1038084;233.37083;96.56803;0.17310448;449.85806;385.53873;5.873812;-0.45800582;9.865046;16.887844;7.022761;18.02871;0.0029467046;3467.5906;6653.11;-1202.5839;6142.5527;-335.1389;-260.90555
1973-05-19;3.6668293;-1.455546;-0.38561377;751.63776;1.091777;162.00249;95.2745;0.15318294;449.97754;341.51205;0.011939171;-0.64310247;8.629709;16.691238;8.061528;20.821135;0.002592802;3932.7134;7462.7944;-1304.9272;6102.471;-467.79944;-276.2189
1973-05-20;3.9081929;-3.5709229;-0.51839703;749.2534;1.643155;218.18237;94.52173;0.13382809;450.0;298.21777;0.56779385;-0.9862911;6.5018535;15.118032;8.616187;17.518278;0.0;3793.065;7146.431;-1433.5734;5873.1777;-738.3111;-112.2
1973-05-21;4.9523215;-3.1141357;-0.6766179;751.2812;1.1399539;164.61327;94.12427;0.113837205;450.0;253.78418;0.0016480684;-0.71040726;9.302713;18.95921;9.656488;21.328337;0.0;4468.843;8377.114;-1774.585;5611.9043;-513.23114;-187.51445
1973-05-22;6.0276284;0.95166016;-0.4555944;752.0672;1.1699638;127.62423;93.00741;0.091963924;450.0;205.48503;5.637171;-0.3978014;12.141511;22.97917;10.837659;21.430294;0.0;3500.765;6530.8833;-1033.2639;6413.669;-277.44888;-160.34555
1973-05-23;7.594696;0.55481976;-0.47355524;750.99457;1.3847189;127.8319;89.02035;0.06882957;450.0;154.1748;0.24611974;-0.6389171;10.528356;23.47219;12.943842;24.192377;0.0;4059.6123;7434.4634;-1264.1873;6272.282;-448.21335;-137.17334
1973-05-24;6.87501;0.9443156;-0.5954755;749.2797;1.1909561;103.12167;84.8204;0.04570206;450.0;102.33561;4.7845693;-0.5949121;12.302496;25.212093;12.909598;21.879557;0.0;3758.4412;6772.83;-1125.4961;6392.371;-414.56;-178.13777
1973-05-25;7.905731;0.3804423;-0.8106041;750.8681;1.1967586;127.59745;58.747967;0.02567192;450.0;57.86133;2.7163684;-1.2317178;8.395463;21.827667;13.432205;18.319704;0.0;4590.479;7396.3765;-1473.6989;6215.4424;-858.8711;-347.95334
1973-05-26;10.145854;0.65008545;-0.770593;751.2888;1.4361206;113.16119;28.285889;0.012290001;450.0;27.913412;1.8492818;-2.2046585;4.389003;16.672178;12.283184;10.497093;0.0;5469.7744;7669.8623;-1697.4044;6354.85;-1534.0884;-489.73
1973-05-27;13.275604;-2.0805562;-0.5219205;750.0088;1.429967;153.00807;11.735596;0.005068183;450.0;11.881511;0.01875162;-3.30202;1.5994459;13.075441;11.475995;5.08878;0.0;6135.4966;8021.7954;-2053.0156;6285.0938;-2295.7239;-515.4044
1973-05-28;11.903453;-2.152293;-0.3902944;748.2678;1.5176419;180.4903;4.3313804;0.0018639961;450.0;4.5166016;0.0040590763;-3.8122675;0.5604625;10.955275;10.394827;2.0283573;0.0;6615.735;8388.332;-2388.8464;6057.5796;-2649.3416;-779.06555
1973-05-29;9.052043;-2.005778;-0.5858485;746.4743;1.6061231;196.93773;1.5786947;0.00068187714;450.0;1.7903646;0.0016997074;-3.6511357;0.16592443;9.47538;9.309441;0.6763004;0.0;6628.473;8306.873;-2536.0088;5785.78;-2536.986;-1106.1923
1973-05-30;6.3223166;-3.111552;-0.8759715;747.14374;1.5446674;198.9375;0.65234375;0.00028395653;450.0;0.9765625;0.59502125;-3.2145214;0.14305115;8.486837;8.343794;0.22720546;0.0;6329.791;7895.8857;-2357.531;5754.1157;-2233.4966;-1501.9545
1973-05-31;7.0126853;-3.3119202;-0.92164487;749.0599;1.4814382;172.90929;0.29174805;0.00012660027;450.0;0.24414062;0.0024676323;-3.375154;0.02284348;7.5417757;7.5189323;0.1087226;0.0;6201.5054;7716.7256;-2305.47;5881.8223;-2344.73;-1143.2322
1973-06-01;8.05547;-2.641327;-0.98491794;750.7021;1.1297094;163.30792;0.12101237;5.221367e-05;438.31543;-7.345365e-21;0.016346574;-3.5523624;0.012174249;6.8314075;6.819226;0.051520765;0.0;6620.8066;8224.511;-2458.815;5849.7954;-2467.7434;-1202.28
1973-06-02;8.222046;-1.919993;-0.6383336;751.99854;1.3006204;181.89302;0.045979816;1.9868216e-05;428.8164;-7.345365e-21;0.29370487;-3.6675186;0.039979815;6.2650294;6.225057;0.020459294;0.0;6680.019;8286.885;-2401.7844;6005.4077;-2547.7166;-1208.7955
1973-06-03;8.094045;-2.6028137;-0.29860687;752.39874;1.63461;135.07832;0.016845703;6.953875e-06;428.22852;-7.345365e-21;0.18357337;-3.69348;0.023275614;5.7408514;5.717583;0.0074096024;0.0;6657.8667;8249.711;-2469.3638;5910.4004;-2565.7456;-1353.2034
1973-06-04;8.025513;-3.1684368;-0.4905815;752.1697;1.3580112;139.8286;0.006591797;2.7815502e-06;428.09375;-7.345365e-21;0.00043213367;-3.4209256;0.00047683716;5.2808075;5.280316;0.002682209;0.0;6383.2383;7900.7725;-2407.98;5942.956;-2376.4055;-1290.169
1973-06-05;6.76239;-0.0790507;-0.28487268;749.611;1.2772571;71.407036;0.002766927;1.3113022e-06;428.09375;-7.345365e-21;0.44352242;-3.050021;0.04823506;4.949361;4.901126;0.0010766089;0.0;5726.3403;7079.93;-1871.4589;6544.3345;-2118.7488;-1249.3534
1973-06-06;7.0708923;1.3293356;-0.032919567;749.40283;1.502563;46.111862;0.0008951823;3.5762787e-07;428.09375;-7.345365e-21;1.7753673;-2.9486148;0.22087991;4.790485;4.56962;0.00040233135;0.0;5525.344;6824.1953;-1912.9917;6560.507;-2048.3044;-1356.4623
1973-06-07;7.103119;1.8130697;-0.05650075;750.1443;1.301648;99.24668;0.0;-7.3453654e-25;428.09375;-7.345365e-21;4.869163;-3.0598733;0.61680377;4.894182;4.2773933;0.00014901161;0.0;5774.9526;7125.2;-1923.6533;6551.3643;-2125.5923;-1349.2711
1973-06-08;6.714142;3.0567424;-1.0848261;748.4543;1.3034005;41.649464;0.0;-7.3453654e-25;284.35513;-7.345365e-21;5.9000044;-2.7966983;0.7369369;4.756093;4.0191636;4.8428774e-05;0.0;5123.099;6314.1865;-1601.8833;6816.6655;-1942.7733;-1280.1833
1973-06-09;8.0728655;2.7107747;-1.2021078;748.5378;1.0531484;81.304245;0.0;-7.3453654e-25;119.588844;-7.345365e-21;2.512896;-3.2541864;0.33947825;4.127994;3.788516;2.6077032e-05;0.0;5720.7456;7043.331;-1915.9506;6652.6934;-2260.5745;-1236.5734
1973-06-10;9.679871;-1.2918192;-0.6477559;748.68896;1.196246;126.54554;0.0;-7.3453654e-25;108.384094;-7.345365e-21;0.054180622;-3.758816;0.0055730343;3.5848916;3.5793333;7.4505806e-06;0.0;6268.1333;7709.43;-2189.5266;6382.2017;-2611.1245;-1172.6755
1973-06-11;11.192943;-1.5368246;0.010135651;748.30566;1.5425868;154.4327;0.0;-7.3453654e-25;99.99998;-7.345365e-21;0.1167655;-3.7286263;0.011771917;3.401205;3.389433;0.0;0.0;6471.972;7951.9146;-2347.4812;6274.7646;-2590.1528;-1165.4711
1973-06-12;9.982432;-1.4332987;0.009906769;747.9356;1.6319407;145.73361;0.0;-7.3453654e-25;99.99998;-7.345365e-21;0.055506825;-3.6681583;0.0047534704;3.2215118;3.2167435;0.0;0.0;6784.9717;8327.779;-2445.04;6147.906;-2548.1477;-1499.8656
1973-06-13;9.082356;0.040924072;0.00999705;749.4106;1.0754808;119.7366;0.0;-7.3453654e-25;99.99998;-7.345365e-21;1.1333257;-3.1269696;0.10436773;3.1643062;3.0599384;0.0;0.0;6326.211;7756.541;-2384.9382;6227.8613;-2172.2021;-1454.29
1973-06-14;10.744487;-0.85880536;0.010032654;748.2424;1.2127417;130.71873;0.0;-7.3453654e-25;99.99998;-7.345365e-21;0.42055622;-3.3655875;0.036776066;2.9531717;2.9163883;0.0;0.0;6341.2734;7766.9165;-2381.7234;6320.751;-2337.9612;-1256.2023
1973-06-15;9.995605;0.7945455;0.009933472;747.5428;1.1302239;146.93517;0.0;-7.3453654e-25;99.99998;-7.345365e-21;0.83672696;-3.0264947;0.07203221;2.8563738;2.7843566;0.0;0.0;6124.164;7493.2275;-2331.821;6369.473;-2102.4045;-1365.7811
1973-06-16;11.442424;0.3344625;0.010262807;747.81085;1.1936868;176.51344;0.0;-7.3453654e-25;99.99998;-7.345365e-21;0.0;-3.31996;0.0;2.662152;2.662152;0.0;0.0;6435.703;7873.3945;-2460.641;6346.3994;-2306.2656;-1299.4867
1973-06-17;11.46815;-0.90393066;0.009689331;747.82324;1.241442;126.23767;0.0;-7.3453654e-25;99.99998;-7.345365e-21;0.00085234636;-3.3641326;7.4505806e-05;2.5483072;2.5482326;0.0;0.0;6960.9946;8514.942;-2777.4084;6053.2285;-2336.95;-1499.6433
1973-06-18;11.803558;-1.7026672;0.010002136;748.5726;1.1448234;153.75954;0.0;-7.3453654e-25;99.99998;-7.345365e-21;0.0012874597;-3.2600212;0.00011920929;2.4422407;2.442129;0.0;0.0;7066.5757;8642.968;-2941.4666;5928.553;-2264.6267;-1476.4523
1973-06-19;13.448619;-0.6027934;0.009989421;750.34625;1.1586145;112.01986;0.0;-7.3453654e-25;99.99998;-7.345365e-21;0.0012772898;-3.235748;0.00010430813;2.343163;2.343066;0.0;0.0;6976.6074;8531.795;-2904.379;6154.925;-2247.7666;-1359.8066
1973-06-20;14.831482;-1.5564169;0.010058085;750.4275;1.2666101;120.90183;0.0;-7.3453654e-25;99.99998;-7.345365e-21;0.00043938457;-3.1922274;2.9802322e-05;2.2503734;2.2503436;0.0;0.0;7032.3037;8598.793;-3029.9934;6145.7256;-2217.5322;-1286.4578
1973-06-21;15.454376;-3.0017598;0.009989421;749.9644;1.3961682;131.65184;0.0;-7.3453654e-25;99.99998;-7.345365e-21;0.0;-3.0196216;0.0;2.16344;2.16344;0.0;0.0;7153.6577;8746.073;-3205.7961;6051.317;-2097.631;-1360.7655
1973-06-22;15.152435;2.6531067;0.0099105835;750.9777;1.3883847;51.878902;0.0;-7.3453654e-25;99.99998;-7.345365e-21;0.0017195934;-2.633037;0.00011920929;2.0820947;2.0819678;0.0;0.0;6839.5527;8360.889;-2928.1294;6475.9297;-1829.0834;-1459.2023
1973-06-23;15.221965;5.530935;0.009989421;750.4917;1.4136256;58.21016;0.0;-7.3453654e-25;100.00259;-7.345365e-21;0.10380149;-2.366728;0.0073611736;2.012804;2.005443;0.0;0.0;6603.144;8070.8613;-2647.3694;6921.3413;-1644.0878;-1758.6389
1973-06-24;14.373546;6.3493752;0.010008494;750.5986;1.2224892;84.769844;0.0;-7.3453654e-25;99.99998;-7.345365e-21;2.5629938;-2.124955;0.22089481;2.1546483;1.9337535;0.0;0.0;5921.292;7236.5234;-2412.8987;7074.683;-1476.135;-1609.3188
1973-06-25;16.09139;1.2723593;0.009963989;751.7097;1.3241798;162.16121;0.0;-7.3453654e-25;99.99998;-7.345365e-21;0.003951787;-2.8713028;0.00023841858;1.866579;1.8663406;0.0;0.0;6556.7876;8012.109;-2580.6606;6902.2534;-1994.5978;-1592.6744
1973-06-26;17.446585;-3.346161;0.010153453;751.9655;1.4083282;188.23645;0.0;-7.3453654e-25;99.99998;-7.345365e-21;0.0008523463;-2.6902444;5.9604645e-05;1.802221;1.8021464;0.0;0.0;7052.7256;8617.119;-3108.6123;6435.9976;-1868.8234;-1628.4678
1973-06-27;17.429749;-6.382426;0.00995636;751.8672;1.2585038;189.87035;0.0;-7.3453654e-25;99.99998;-7.345365e-21;0.00044232217;-2.3610406;2.9802322e-05;1.7414093;1.7413646;0.0;0.0;7130.2783;8710.753;-3373.5144;6181.6113;-1640.1367;-1708.8177
1973-06-28;16.93277;-5.5776978;0.0100364685;750.4153;1.3558621;142.80644;0.0;-7.3453654e-25;99.99998;-7.345365e-21;0.0;-2.0753424;0.0;1.6837865;1.6837865;0.0;0.0;7190.547;8783.229;-3451.9773;6113.3667;-1441.6711;-1855.1833
1973-06-29;16.002268;-5.6203103;0.009905498;748.6413;1.2641715;118.94547;0.0;-7.3453654e-25;99.99998;-7.345365e-21;0.001732098;-1.9115005;0.00011920929;1.6292036;1.6291142;0.0;0.0;7200.449;8794.164;-3496.6138;6065.3823;-1327.8556;-1966.9266
1973-06-30;14.815369;-2.0321858;0.009937286;748.5886;1.5169382;120.64352;0.0;-7.3453654e-25;99.99998;-7.345365e-21;0.0012904402;-1.666231;8.195639e-05;1.5773475;1.5772432;0.0;0.0;6869.432;8388.669;-3183.7422;6327.8413;-1157.475;-2192.3867
1973-07-01;12.553426;-3.31722;0.010042827;748.3305;1.4957294;128.94629;0.0;-7.3453654e-25;99.99998;-7.345365e-21;0.0030027004;-1.5209764;0.00017881393;1.5282929;1.5281067;0.0;0.0;6989.2046;8533.814;-3221.906;6102.842;-1056.5723;-2495.6433
1973-07-02;12.786326;-3.711507;0.010185242;749.3243;1.280264;127.52732;0.0;-7.3453654e-25;99.99998;-7.345365e-21;0.0008642673;-1.5211571;5.9604645e-05;1.4814436;1.4814065;0.0;0.0;7017.9473;8567.885;-3225.3833;6159.0967;-1056.6967;-2379.679
1973-07-03;13.77949;-4.5237527;0.010163625;748.91034;1.2545346;120.71795;0.0;-7.3453654e-25;99.99998;-7.345365e-21;0.0017124276;-1.5356624;0.00010430813;1.436919;1.4368296;0.0;0.0;7080.907;8643.653;-3343.0806;6129.0693;-1066.7733;-2314.3367
1973-07-04;14.760956;-3.430003;0.00993983;749.47504;1.169086;133.1373;0.0;-7.3453654e-25;99.99998;-7.345365e-21;0.0021626612;-1.5414431;0.00014901161;1.3943613;1.394257;0.0;0.0;7058.427;8615.096;-3296.5889;6321.6235;-1070.789;-2206.031
1973-07-05;16.210745;-3.333791;0.009637197;749.3244;1.1636113;126.38584;0.0;-7.3453654e-25;99.99998;-7.345365e-21;0.0013035233;-1.5581939;8.940697e-05;1.3536215;1.3535321;0.0;0.0;7066.1694;8623.471;-3443.4983;6321.704;-1082.4255;-2088.5732
1973-07-06;16.471619;-3.576701;0.009924571;748.3928;1.2933401;108.8667;0.0;-7.3453654e-25;99.99998;-7.345365e-21;0.0008646037;-1.5113;5.9604645e-05;1.3146996;1.31464;0.0;0.0;7074.5435;8632.521;-3398.7302;6395.72;-1049.8511;-2126.3823
1973-07-07;17.320791;3.358429;0.009820302;747.3056;1.2158926;99.1636;0.0;-7.3453654e-25;99.99998;-7.345365e-21;0.0018255414;-1.3054423;0.00010430813;1.277715;1.2776107;0.0;0.0;6054.1206;7386.4233;-2723.9875;7196.992;-906.8478;-1900.1189
1973-07-08;17.19288;3.075755;0.010237376;746.42725;1.4124898;119.62686;0.0;-7.3453654e-25;99.99998;-7.345365e-21;0.0014781952;-1.1559055;8.940697e-05;1.2426078;1.2425482;0.0;0.0;5532.0337;6748.4287;-2596.8481;7231.6445;-802.9689;-1790.2222
1973-07-09;16.714996;2.0228984;0.009812673;746.039;1.2222971;110.825264;0.0;-7.3453654e-25;99.99998;-7.345365e-21;0.016200542;-1.1815913;0.000923872;1.2099892;1.2090802;0.0;0.0;5720.157;6977.14;-2579.8845;7289.7114;-820.8122;-1862.75
1973-07-10;15.632731;2.7994995;0.00976181;746.1904;1.013854;108.9241;0.0;-7.3453654e-25;99.99998;-7.345365e-21;0.110939145;-1.0826867;0.00564754;1.1827797;1.1771321;0.0;0.0;5413.848;6602.721;-2585.5745;7133.6235;-752.1067;-1837.4033
1973-07-11;15.751658;-0.00037638345;0.009937286;746.5295;1.5194577;146.09904;0.0;-7.3453654e-25;99.99998;-7.345365e-21;0.0008583069;-1.2332164;4.4703484e-05;1.1464357;1.1463835;0.0;0.0;6593.843;8040.7417;-3044.385;6686.4067;-856.67444;-2395.8867
1973-07-12;15.350667;-1.3818054;0.0100619;748.1467;1.2268022;150.40758;0.0;-7.3453654e-25;99.99998;-7.345365e-21;0.0004351138;-1.2497976;2.9802322e-05;1.1166185;1.1166036;0.0;0.0;6876.551;8384.433;-3242.5886;6489.938;-868.19446;-2449.2957
1973-07-13;16.098104;-3.7498577;0.009637197;748.70953;1.2307446;178.10999;0.0;-7.3453654e-25;99.99998;-7.345365e-21;0.0008523463;-1.2457259;4.4703484e-05;1.0879934;1.0879487;0.0;0.0;7055.2515;8601.288;-3452.947;6297.9243;-865.36444;-2387.7122
1973-07-14;15.951752;-3.5822651;0.01001358;748.5137;1.2322184;168.24751;0.0;-7.3453654e-25;99.99998;-7.345365e-21;0.00085849495;-1.213978;4.4703484e-05;1.060456;1.0604113;0.0;0.0;7080.2056;8630.604;-3501.8306;6257.8804;-843.31;-2378.8645
1973-07-15;16.444967;-1.910319;0.009878795;747.1811;1.3419933;113.52447;0.0;-7.3453654e-25;99.99998;-7.345365e-21;0.0;-1.2114617;0.0;1.0339171;1.0339096;0.0;0.0;6874.297;8378.45;-3309.8572;6567.33;-841.5622;-2300.369
1973-07-16;16.302896;-0.11112467;0.00975291;746.9406;1.4858686;117.82493;0.0;-7.3453654e-25;99.99998;-7.345365e-21;0.0012934206;-1.1458211;7.4505806e-05;1.0084808;1.0084138;0.0;0.0;6785.536;8268.346;-3171.2646;6696.6943;-795.9644;-2470.0222
1973-07-17;14.926605;3.3516033;0.010077159;748.2046;1.3430992;62.054504;0.0;-7.3453654e-25;99.99998;-7.345365e-21;0.36706626;-1.0887235;0.02001226;1.0040402;0.984028;0.0;0.0;6294.74;7668.5835;-2888.2424;6904.1665;-756.3011;-2320.8523
1973-07-18;15.612183;2.5603435;0.01018397;750.8083;1.6865743;40.714848;0.0;-7.3453654e-25;99.99998;-7.345365e-21;0.0061750407;-1.1781324;0.0003427267;0.9610057;0.96067786;0.0;0.0;6578.669;8012.865;-3033.4087;6752.4365;-818.4089;-2403.9734
1973-07-19;16.382742;0.95185345;0.009824117;749.4566;1.4893055;47.744198;0.0;-7.3453654e-25;99.99998;-7.345365e-21;0.019609002;-1.1282126;0.0011026859;0.9391457;0.938043;0.0;0.0;6664.8496;8116.0635;-3113.2742;6773.968;-783.73114;-2372.588
1973-07-20;17.35431;1.4372253;0.010019938;748.20013;1.1921734;71.62416;0.0;-7.3453654e-25;99.99998;-7.345365e-21;0.01828169;-1.0859631;0.0007748604;0.91695786;0.9161979;0.0;0.0;6221.83;7574.867;-2910.7742;7101.6143;-754.3822;-2108.0754
1973-07-21;18.57479;-1.3029073;0.0102005005;751.06366;1.4457704;123.18899;0.0;-7.3453654e-25;99.99998;-7.345365e-21;0.0;-1.1196471;0.0;0.89511275;0.89511275;0.0;0.0;6700.2183;8155.38;-3234.0503;6862.8564;-777.7811;-2331.5444
1973-07-22;17.969625;-4.133667;0.010154724;752.9224;1.4191418;134.41798;0.0;-7.3453654e-25;99.99998;-7.345365e-21;0.0041268384;-1.0870686;0.0001937151;0.874877;0.87468326;0.0;0.0;6853.4395;8339.977;-3392.6907;6588.263;-755.15;-2396.5544
1973-07-23;18.165588;-4.8185425;0.009950002;752.8934;1.3064932;119.84174;0.0;-7.3453654e-25;99.99998;-7.345365e-21;0.0017225739;-1.0498594;8.940697e-05;0.85511804;0.8550137;0.0;0.0;6487.2793;7892.6104;-3207.5034;6819.69;-729.30334;-2141.0188
1973-07-24;18.938904;-4.3836265;0.010308583;751.7849;1.3157407;122.71734;0.0;-7.3453654e-25;99.99998;-7.345365e-21;0.0017178954;-1.0889825;8.940697e-05;0.83610415;0.83601475;0.0;0.0;6923.628;8421.612;-3496.082;6635.66;-756.48;-2292.0422
1973-07-25;18.862192;-6.148916;0.010068257;749.8999;1.3460069;182.57074;0.0;-7.3453654e-25;99.99998;-7.345365e-21;0.0;-1.0591019;0.0;0.8175969;0.8175969;0.0;0.0;6962.6016;8467.195;-3556.7253;6533.7725;-735.7233;-2282.7512
1973-07-26;20.169546;-3.872701;0.010087331;749.9416;1.1738276;164.37733;0.0;-7.3453654e-25;99.99998;-7.345365e-21;0.001714463;-1.1035177;8.940697e-05;0.79986453;0.79979;0.0;0.0;6831.8604;8306.365;-3484.4126;6840.5137;-766.57666;-2077.2356
1973-07-27;21.26882;-3.4538472;0.009919484;751.83154;1.3720932;128.29388;0.0;-7.3453654e-25;99.99998;-7.345365e-21;0.0004351138;-1.0821987;2.9802322e-05;0.7825494;0.7825345;0.0;0.0;6826.6704;8298.202;-3443.9368;6966.854;-751.76776;-2124.9766
1973-07-28;21.693085;-1.2611898;0.009990692;749.2371;1.6646255;223.73119;0.0;-7.3453654e-25;99.99998;-7.345365e-21;0.00086128706;-1.006905;4.4703484e-05;0.7659495;0.7659048;0.0;0.0;6737.367;8187.8213;-3254.8506;7151.0835;-699.4644;-2369.7888
1973-07-29;19.278818;-2.1914265;0.009686788;748.95416;1.4153551;165.93686;0.0;-7.3453654e-25;99.99998;-7.345365e-21;0.0012952096;-0.9263903;7.4505806e-05;0.74994564;0.74988604;0.0;0.0;6823.185;8290.284;-3439.84;6688.14;-643.5322;-2547.2656
1973-07-30;18.076935;-2.997701;0.010097504;750.0217;1.199761;131.0302;0.0;-7.3453654e-25;99.99998;-7.345365e-21;0.0017220818;-0.9488305;8.940697e-05;0.7344037;0.7343143;0.0;0.0;6888.0967;8367.297;-3635.6477;6394.791;-659.12;-2359.17
1973-07-31;19.151947;-5.178009;0.009802501;750.35376;1.325293;98.44637;0.0;-7.3453654e-25;99.99998;-7.345365e-21;0.0012874597;-0.9754775;7.4505806e-05;0.71926415;0.71921945;0.0;0.0;6897.667;8377.017;-3629.1584;6506.5386;-677.63165;-2177.4333
1973-08-01;20.614798;1.3109436;0.009802501;749.8808;1.4021178;91.762085;0.0;-7.3453654e-25;99.99998;-7.345365e-21;0.00042617318;-0.9107459;2.9802322e-05;0.7046163;0.7045865;0.0;0.0;6139.742;7454.8613;-2973.6711;7359.117;-632.6644;-2058.0344
1973-08-02;20.888916;0.72805786;0.010009766;749.715;1.4882771;119.93939;0.0;-7.3453654e-25;99.99998;-7.345365e-21;0.0025808804;-0.90271795;0.00011920929;0.6905645;0.6904304;0.0;0.0;6322.2456;7674.677;-3157.0127;7162.588;-627.08887;-2219.4812
1973-08-03;20.228617;-2.1431072;0.010052999;750.45355;1.3738176;133.21077;0.0;-7.3453654e-25;99.99998;-7.345365e-21;0.0008631043;-0.8872021;4.4703484e-05;0.67679584;0.67675114;0.0;0.0;6664.2666;8088.1562;-3338.923;6885.6196;-616.31;-2416.91
1973-08-04;20.488382;-2.9469707;0.009905498;750.6665;1.3204716;124.54835;0.0;-7.3453654e-25;99.99998;-7.345365e-21;0.002157688;-0.9187581;0.00011920929;0.6635487;0.6634593;0.0;0.0;6702.6826;8132.969;-3490.889;6783.3257;-638.23114;-2230.8433
1973-08-05;21.339905;-0.7726949;0.009883881;751.9592;1.3925253;95.49761;0.0;-7.3453654e-25;99.99998;-7.345365e-21;0.0025744047;-0.9389054;0.00011920929;0.6506294;0.6505102;0.0;0.0;6484.3145;7866.168;-3271.9746;7189.952;-652.2267;-2045.3667
1973-08-06;21.933462;3.6419983;0.009853363;753.96484;1.3795956;74.838554;0.0;-7.3453654e-25;99.99998;-7.345365e-21;0.0008642673;-0.8622315;4.4703484e-05;0.6379932;0.6379336;0.0;0.0;5791.578;7024.327;-2845.2422;7705.4155;-598.9633;-1910.1145
1973-08-07;21.772451;2.4104512;0.009970347;754.0535;1.5262222;57.90849;0.0;-7.3453654e-25;99.99998;-7.345365e-21;0.00085234636;-0.88287145;4.4703484e-05;0.62581897;0.62577426;0.0;0.0;6134.399;7438.648;-2964.7341;7611.509;-613.3011;-2109.2466
1973-08-08;21.40212;2.3666484;0.009914398;750.894;1.4575793;109.28772;0.0;-7.3453654e-25;99.99998;-7.345365e-21;0.0012972623;-0.78195703;7.4505806e-05;0.61406195;0.61401725;0.0;0.0;5522.5205;6695.0996;-2765.2932;7677.5684;-543.2;-1887.2444
1973-08-09;20.68455;0.9552205;0.0098012285;748.8015;1.5855517;146.8723;0.0;-7.3453654e-25;99.99998;-7.345365e-21;0.006431341;-0.7600682;0.00032782555;0.6030053;0.60267746;0.0;0.0;5667.6855;6869.5024;-2815.5813;7483.491;-527.9939;-2169.5977
1973-08-10;18.76587;-2.123647;0.010112762;749.24146;1.3267142;150.82654;0.0;-7.3453654e-25;99.99998;-7.345365e-21;0.0016950235;-0.79060996;8.940697e-05;0.5916953;0.5916059;0.0;0.0;6541.2153;7926.383;-3369.265;6728.2417;-549.21;-2529.3867
1973-08-11;17.824656;-2.713786;0.009966533;751.118;1.1790086;166.32768;0.0;-7.3453654e-25;99.99998;-7.345365e-21;0.0;-0.7939665;0.0;0.58078766;0.58077276;0.0;0.0;6590.056;7983.8594;-3451.0605;6536.0474;-551.54224;-2401.0378
1973-08-12;18.373932;-5.7356873;0.010121663;751.4869;1.3678365;171.62384;0.0;-7.3453654e-25;99.99998;-7.345365e-21;0.0;-0.79579836;0.0;0.57026744;0.57026744;0.0;0.0;6628.45;8028.555;-3526.1602;6500.7085;-552.81555;-2286.9
1973-08-13;18.416403;-3.2449443;0.009833018;749.9212;1.3429395;83.18547;0.0;-7.3453654e-25;99.99998;-7.345365e-21;0.0016629692;-0.80028176;7.4505806e-05;0.56008995;0.56000054;0.0;0.0;6277.593;7601.8438;-3242.3123;6902.2163;-555.9289;-2131.5645
1973-08-14;18.513123;2.7492065;0.009984334;749.76733;1.4605006;109.05483;0.0;-7.3453654e-25;99.99998;-7.345365e-21;0.0041322336;-0.72777367;0.00016391277;0.5502403;0.55006146;0.0;0.0;5958.295;7213.5996;-3048.576;7005.314;-505.56;-2253.4478
1973-08-15;17.679514;-3.7168782;0.009885152;750.2695;1.2706674;121.12452;0.0;-7.3453654e-25;99.99998;-7.345365e-21;0.00043828852;-0.7737605;2.9802322e-05;0.5403906;0.5403757;0.0;0.0;6504.043;7872.5757;-3547.5325;6417.1245;-537.50555;-2303.8967
1973-08-16;17.490326;-6.39094;0.010147095;750.44336;1.2660156;170.6132;0.0;-7.3453654e-25;99.99998;-7.345365e-21;0.00128184;-0.7531112;7.4505806e-05;0.5310178;0.5309582;0.0;0.0;6608.6367;7998.282;-3662.6843;6204.0405;-523.16113;-2208.0078
1973-08-17;17.767344;-5.796885;0.009977977;750.41284;1.3050892;185.71562;0.0;-7.3453654e-25;99.99998;-7.345365e-21;0.00086426723;-0.7426869;4.4703484e-05;0.52185357;0.52180886;0.0;0.0;6563.55;7942.769;-3590.7395;6314.2046;-515.92;-2217.3833
1973-08-18;18.05364;-6.136017;0.01007843;750.07837;1.3206373;175.3767;0.0;-7.3453654e-25;99.99998;-7.345365e-21;0.0013103909;-0.7447135;5.9604645e-05;0.5129576;0.51289797;0.0;0.0;6478.7607;7839.1943;-3479.2761;6489.239;-517.32666;-2208.6045
1973-08-19;17.49704;-3.1576843;0.0099983215;751.0201;1.3883524;126.91157;0.0;-7.3453654e-25;99.99998;-7.345365e-21;0.0004351138;-0.7162429;1.4901161e-05;0.5042255;0.5042106;0.0;0.0;6339.293;7669.4824;-3311.1758;6618.8066;-497.55112;-2352.0044
1973-08-20;17.679464;-4.817108;0.009897868;752.863;1.1667653;153.32594;0.0;-7.3453654e-25;99.99998;-7.345365e-21;0.00042688203;-0.7144641;1.4901161e-05;0.49577653;0.49576163;0.0;0.0;6422.7007;7769.5166;-3604.43;6277.9844;-496.31445;-2159.8381
1973-08-21;17.859945;-7.463755;0.01007843;753.91876;1.2206851;131.70935;0.0;-7.3453654e-25;99.99998;-7.345365e-21;0.0;-0.7085893;0.0;0.487566;0.4875511;0.0;0.0;6462.424;7816.6436;-3751.931;6082.959;-492.2322;-2044.8112
1973-08-22;18.290457;-8.442637;0.00975291;753.3257;1.2678165;109.107544;0.0;-7.3453654e-25;99.99998;-7.345365e-21;0.0008482858;-0.7264353;2.9802322e-05;0.47957897;0.47955662;0.0;0.0;6410.0044;7752.2856;-3741.3086;6162.935;-504.6311;-1924.4978
1973-08-23;18.25228;-7.6592307;0.010232289;753.13617;1.3134565;123.4505;0.0;-7.3453654e-25;99.99998;-7.345365e-21;0.0;-0.69545394;0.0;0.47174096;0.47175586;0.0;0.0;6315.1187;7636.5674;-3573.8174;6287.67;-483.1089;-2053.5034
1973-08-24;17.227194;-5.739614;0.010066986;751.82623;1.3248245;109.090355;0.0;-7.3453654e-25;99.99998;-7.345365e-21;0.00044107434;-0.6742673;1.4901161e-05;0.46417117;0.46415627;0.0;0.0;6252.01;7559.342;-3429.99;6386.3184;-468.39056;-2135.28
1973-08-25;15.959666;2.0451252;0.010046641;751.91046;1.144997;100.24703;0.0;-7.3453654e-25;99.99998;-7.345365e-21;0.020721555;-0.56630003;0.0009536743;0.45776367;0.45681745;0.0;0.0;5022.064;6071.291;-2556.367;7180.9946;-393.39;-1906.74
1973-08-26;17.212545;0.90126544;0.009899139;751.3321;0.9545595;91.10739;0.0;-7.3453654e-25;99.99998;-7.345365e-21;0.0050136633;-0.5570864;0.00023841858;0.44998527;0.44973195;0.0;0.0;4673.7544;5649.894;-2546.68;7295.0874;-386.99;-1488.5433
1973-08-27;18.081247;-1.3105367;0.009988149;749.92505;1.3926967;122.37881;0.0;-7.3453654e-25;99.99998;-7.345365e-21;0.0012815762;-0.6285086;5.9604645e-05;0.4428476;0.4427731;0.0;0.0;5538.8984;6694.79;-2970.0872;6963.4766;-436.60333;-1947.5989
1973-08-28;16.761332;-2.528361;0.010079701;749.0886;1.5546799;113.75942;0.0;-7.3453654e-25;99.99998;-7.345365e-21;0.0;-0.6356127;0.0;0.43593347;0.43593347;0.0;0.0;6011.0674;7264.4424;-3223.4543;6573.513;-441.54;-2203.3723
1973-08-29;15.800568;1.5780741;0.010082245;750.09186;1.3240165;107.84436;0.0;-7.3453654e-25;99.99998;-7.345365e-21;0.34404397;-0.6805202;0.016719103;0.44596195;0.42925775;0.0;0.0;5765.9116;6967.24;-2944.4443;6787.0347;-472.73444;-2188.4734
1973-08-30;15.91452;-1.121694;0.0100364685;750.74225;1.2906853;175.02205;0.0;-7.3453654e-25;99.99998;-7.345365e-21;0.0021398063;-0.73466355;0.00011920929;0.42283535;0.42273104;0.0;0.0;5888.919;7115.1294;-3137.0283;6517.235;-510.3461;-2173.521
1973-08-31;15.509735;-2.2329407;0.010222117;750.22406;1.4012083;247.2392;0.0;-7.3453654e-25;99.99998;-7.345365e-21;0.00044107434;-0.623201;2.9802322e-05;0.41642785;0.41639805;0.0;0.0;5913.919;7144.6245;-3165.3228;6385.1504;-432.9161;-2223.611
1973-09-01;15.626882;-1.8425802;0.009880066;750.0726;1.1985044;213.41394;0.0;-7.3453654e-25;99.99998;-7.345365e-21;0.00043511385;-0.6102752;2.9802322e-05;0.41022897;0.41019917;0.0;0.0;5900.319;7127.34;-3214.4038;6394.8916;-423.93777;-2099.4343
1973-09-02;15.410289;-1.9218241;0.010223389;749.47235;1.2822236;157.06972;0.0;-7.3453654e-25;99.99998;-7.345365e-21;0.0;-0.5955044;0.0;0.4041493;0.4041493;0.0;0.0;5753.1816;6948.7324;-3087.4297;6557.33;-413.67667;-2067.4644
1973-09-03;15.758789;-1.0638529;0.010014852;750.3422;1.2608588;169.8078;0.0;-7.3453654e-25;99.99998;-7.345365e-21;0.00085532654;-0.5834233;4.4703484e-05;0.39826334;0.39821863;0.0;0.0;5694.439;6876.973;-3042.291;6623.1973;-405.285;-2093.189
1973-09-04;15.395538;-4.5477195;0.009723663;751.0395;1.3648065;194.56169;0.0;-7.3453654e-25;99.99998;-7.345365e-21;0.00042617318;-0.5677836;1.4901161e-05;0.39246678;0.39244443;0.0;0.0;5751.472;6944.972;-3174.2905;6385.6323;-394.42056;-2088.5432
1973-09-05;14.841095;-3.7284343;0.009682973;751.1766;1.3321472;122.54586;0.0;-7.3453654e-25;99.99998;-7.345365e-21;0.00042651163;-0.5340092;1.4901161e-05;0.38684905;0.38683414;0.0;0.0;5352.222;6462.0845;-2932.6777;6574.055;-370.9589;-1946.3534
1973-09-06;14.667175;-1.3124695;0.010168712;753.1893;1.2329477;108.089935;0.0;-7.3453654e-25;99.99998;-7.345365e-21;0.0008523463;-0.49940032;2.9802322e-05;0.38142502;0.38138032;0.0;0.0;4934.0596;5956.5312;-2701.4658;6786.616;-346.91666;-1784.1478
1973-09-07;14.557658;0.13932292;0.010185242;753.2463;1.3038155;145.24303;0.0;-7.3453654e-25;99.99998;-7.345365e-21;0.0;-0.48399156;0.0;0.3760457;0.3760755;0.0;0.0;4975.6416;6005.995;-2725.3025;6687.5806;-336.21222;-1843.2933
1973-09-08;15.08493;-1.4141439;0.010077159;750.9821;1.3514295;142.79909;0.0;-7.3453654e-25;99.99998;-7.345365e-21;0.017763836;-0.5135266;0.0008493662;0.37169456;0.37086755;0.0;0.0;5250.6187;6337.2754;-2819.6848;6667.1357;-356.73;-1932.1022
1973-09-09;12.996348;-1.1737671;0.009984334;750.1863;1.2076176;156.88289;0.0;-7.3453654e-25;99.99998;-7.345365e-21;0.0008642673;-0.458478;4.4703484e-05;0.3658384;0.36580116;0.0;0.0;5173.222;6243.0933;-2655.6868;6636.3574;-318.48944;-2204.9988
1973-09-10;12.881267;-0.89160156;0.009962718;752.9336;1.2583799;156.69783;0.0;-7.3453654e-25;99.99998;-7.345365e-21;0.0013053304;-0.41407627;5.9604645e-05;0.36096573;0.36090612;0.0;0.0;4471.335;5395.2207;-2570.2708;6581.3965;-287.64444;-1686.25
1973-09-11;13.170776;-1.552236;0.009913127;752.9028;1.3626837;239.6051;0.0;-7.3453654e-25;99.99998;-7.345365e-21;0.0;-0.4820032;0.0;0.35607815;0.35607815;0.0;0.0;5434.9526;6557.3413;-2969.5442;6247.921;-334.83112;-2052.71
1973-09-12;13.269704;-1.4753927;0.009904225;752.5954;1.0514157;198.08315;0.0;-7.3453654e-25;99.99998;-7.345365e-21;0.0017093862;-0.48084372;8.940697e-05;0.35139918;0.35133213;0.0;0.0;5333.7524;6434.454;-2963.256;6278.9556;-334.02612;-1960.5867
1973-09-13;14.352692;-7.245768;0.010336558;752.2927;1.2507843;196.79779;0.0;-7.3453654e-25;99.99998;-7.345365e-21;0.00084638596;-0.509223;4.4703484e-05;0.34669042;0.3466606;0.0;0.0;5477.9546;6607.625;-3295.4746;5954.933;-353.74;-1780.8489
1973-09-14;14.047485;-3.2565815;0.009749095;751.72485;1.3834132;198.51656;0.0;-7.3453654e-25;99.99998;-7.345365e-21;0.00086128706;-0.476053;4.4703484e-05;0.34213066;0.34208596;0.0;0.0;5312.29;6407.0435;-2981.0422;6252.3677;-330.69888;-1869.5516
1973-09-15;13.432719;-2.95224;0.009560903;752.1965;1.1475512;170.47534;0.0;-7.3453654e-25;99.99998;-7.345365e-21;0.0017232214;-0.47576708;8.940697e-05;0.33771992;0.3376156;0.0;0.0;5309.0845;6402.394;-3051.8127;6166.083;-330.5;-1877.1777
1973-09-16;12.779368;-6.1002603;0.010231018;751.99835;1.1956767;179.1324;0.0;-7.3453654e-25;99.99998;-7.345365e-21;0.0012929968;-0.47379172;5.9604645e-05;0.33330917;0.33324957;0.0;0.0;5332.3535;6424.706;-3217.2263;5879.7124;-329.12668;-1835.8589
1973-09-17;12.391164;-10.95541;0.00983429;750.2684;1.1678814;216.0108;0.0;-7.3453654e-25;99.99998;-7.345365e-21;0.0012814989;-0.4627621;5.9604645e-05;0.32903254;0.32897294;0.0;0.0;5369.71;6464.181;-3339.0977;5623.3335;-321.465;-1730.919
1973-09-18;11.92155;-7.678304;0.0098012285;750.3038;1.218068;236.07678;0.0;-7.3453654e-25;99.99998;-7.345365e-21;0.00087022776;-0.4407;4.4703484e-05;0.3248453;0.3248006;0.0;0.0;5235.8804;6297.6045;-3084.3862;5869.324;-306.14;-1833.2689
1973-09-19;11.434357;-9.830231;0.009995778;751.0059;1.2397918;163.90257;0.0;-7.3453654e-25;99.99998;-7.345365e-21;0.0;-0.4388336;0.0;0.3207326;0.32072514;0.0;0.0;5231.2793;6286.5923;-3161.79;5735.317;-304.84332;-1790.3022
1973-09-20;11.154948;-7.3230605;0.009881337;751.997;1.1856121;98.45855;0.0;-7.3453654e-25;99.99998;-7.345365e-21;0.00044107434;-0.43404847;2.9802322e-05;0.31673908;0.31672418;0.0;0.0;4914.7305;5900.953;-2895.676;6079.553;-301.52;-1633.9244
1973-09-21;11.080617;-2.8249614;0.010302226;751.01447;1.1953311;100.85291;0.0;-7.3453654e-25;99.99998;-7.345365e-21;0.0012850842;-0.43188408;5.9604645e-05;0.31286478;0.31280518;0.0;0.0;5058.9365;6068.879;-2917.6416;6082.324;-300.01556;-1764.5311
1973-09-22;10.517436;-2.321645;0.009977977;751.5808;1.166448;107.6036;0.0;-7.3453654e-25;99.99998;-7.345365e-21;0.14214805;-0.41265693;0.0064224005;0.31542778;0.30899048;0.0;0.0;4570.7627;5478.476;-2583.7166;6369.468;-286.65945;-1682.0044
1973-09-23;11.239532;-2.9525146;0.010044098;752.9173;1.006986;93.04492;0.0;-7.3453654e-25;99.99998;-7.345365e-21;0.1678586;-0.466316;0.007927418;0.3131926;0.305295;0.0;0.0;4232.9004;5069.203;-2543.2427;6401.9087;-323.93445;-1347.8345
1973-09-24;12.576121;-3.4935505;0.010203044;753.293;1.067615;87.7925;0.0;-7.3453654e-25;99.99998;-7.345365e-21;0.0008664346;-0.51602626;4.4703484e-05;0.301674;0.3016293;0.0;0.0;4658.817;5574.3794;-2742.58;6378.202;-358.46613;-1393.6511
1973-09-25;13.169037;-2.955434;0.009966533;753.93915;1.0827314;74.00502;0.0;-7.3453654e-25;99.99998;-7.345365e-21;0.0021560828;-0.49305522;0.00010430813;0.29811263;0.29800832;0.0;0.0;4817.472;5759.2324;-2805.2122;6402.45;-342.50888;-1487.3234
1973-09-26;12.713307;-0.66226196;0.00989151;754.23785;1.1841116;60.841854;0.0;-7.3453654e-25;99.99998;-7.345365e-21;0.008451937;-0.45079365;0.0004172325;0.29483438;0.29443204;0.0;0.0;4730.4424;5650.324;-2787.3972;6390.925;-313.15;-1534.3044
1973-09-27;12.471477;-2.6822917;0.010135651;753.5031;1.2386276;116.82589;0.0;-7.3453654e-25;99.99998;-7.345365e-21;0.0008583069;-0.43761265;4.4703484e-05;0.29098988;0.29094517;0.0;0.0;4709.3623;5620.189;-2801.2488;6300.548;-303.99554;-1533.3833
1973-09-28;13.015849;-5.659017;0.009577434;754.7979;1.253765;174.95203;0.0;-7.3453654e-25;99.99998;-7.345365e-21;0.0021398063;-0.43224728;0.00010430813;0.2876222;0.2875328;0.0;0.0;4832.146;5761.751;-2932.363;6120.303;-300.26666;-1582.8356
1973-09-29;12.779694;-8.268707;0.010089874;755.57153;1.2055265;238.37965;0.0;-7.3453654e-25;99.99998;-7.345365e-21;0.0008534547;-0.42031145;4.4703484e-05;0.28422475;0.2841875;0.0;0.0;4857.5093;5786.997;-3010.0576;5956.654;-291.97665;-1534.8944
1973-09-30;11.820973;-5.9344788;0.010068257;753.8523;1.1627775;143.92088;0.0;-7.3453654e-25;99.99998;-7.345365e-21;0.000834465;-0.38374776;2.9802322e-05;0.2809614;0.2809167;0.0;0.0;4364.724;5195.416;-2600.65;6344.6787;-266.57666;-1443.9456
1973-10-01;9.345001;-3.4470012;0.009925842;752.7867;0.9299833;113.37887;0.0;-7.3453654e-25;99.99998;-7.345365e-21;0.36758152;-0.31820124;0.017143786;0.2949983;0.27784705;0.0;0.0;2349.0479;2793.7754;-1702.5522;6819.5312;-221.04445;-718.47
1973-10-02;9.172516;-0.9990743;0.009754181;752.00397;1.1979479;73.38055;0.0;-7.3453654e-25;99.99998;-7.345365e-21;1.4538467;-0.5774088;0.07921457;0.3540516;0.27485192;0.0;0.0;3853.1558;4578.6816;-2259.3967;6374.454;-401.10666;-1282.2222
1973-10-03;7.6618347;1.8310953;0.010117848;751.5007;1.0839024;69.25092;0.0;-7.3453654e-25;99.99998;-7.345365e-21;3.8173795;-0.7912535;0.22661686;0.49853325;0.27190894;0.0;0.0;3529.7544;4190.6123;-1934.2422;6519.658;-549.6567;-1206.1256
1973-10-04;8.488994;-1.0090332;0.009867351;752.64154;1.1075848;141.74544;0.0;-7.3453654e-25;99.99998;-7.345365e-21;0.48639178;-1.1667087;0.02297759;0.29200315;0.26902556;0.0;0.0;4185.2065;4964.621;-2253.7278;6177.197;-810.4733;-1275.1433
1973-10-05;9.96169;-1.0384725;0.009920756;757.793;1.108807;181.57843;0.0;-7.3453654e-25;99.99998;-7.345365e-21;0.2712965;-1.0184963;0.012129545;0.2782941;0.26616454;0.0;0.0;3774.5352;4473.8145;-1994.6888;6543.78;-707.51556;-1064.7367
1973-10-06;10.778117;0.95066327;0.010051727;757.1181;1.3743492;168.05347;0.0;-7.3453654e-25;99.99998;-7.345365e-21;0.15477538;-0.9852182;0.0071525574;0.27048588;0.26334822;0.0;0.0;3774.416;4469.8525;-1943.7866;6730.684;-684.39777;-1061.7278
1973-10-07;11.005554;1.3125407;0.010017395;754.4807;1.1203481;215.12944;0.0;-7.3453654e-25;99.99998;-7.345365e-21;0.28919578;-0.9042192;0.013828278;0.27438998;0.2605766;0.0;0.0;3829.021;4530.5386;-2013.4133;6704.2554;-628.1311;-1170.1744
1973-10-08;7.6596375;3.746399;0.009901683;752.52826;0.6431054;199.63458;0.0;-7.3453654e-25;99.99998;-7.345365e-21;9.198562;-1.13629;0.55116415;0.80913305;0.2579689;0.0;0.0;2429.103;2871.807;-1187.4172;7174.051;-789.3422;-692.7256
1973-10-09;8.013356;1.9418741;0.01020813;752.5818;1.2336992;223.3054;0.0;-7.3453654e-25;99.99998;-7.345365e-21;0.5570829;-1.5155077;0.030785799;0.2862215;0.2554357;0.0;0.0;3815.546;4506.749;-2010.4122;6277.953;-1052.7722;-1031.3467
1973-10-10;6.7677407;1.5743002;0.009952545;752.2768;0.93226224;220.30713;0.0;-7.3453654e-25;99.99998;-7.345365e-21;2.1265001;-1.3917516;0.10788441;0.3607869;0.25290996;0.0;0.0;3647.6067;4304.73;-1886.3889;6297.479;-966.80334;-1025.41
1973-10-11;7.6052346;-0.5970764;0.009681702;753.16455;0.9486708;172.55304;0.0;-7.3453654e-25;99.99998;-7.345365e-21;0.0042853053;-1.5506632;0.00020861626;0.25062263;0.25040656;0.0;0.0;4256.9155;5019.497;-2359.1377;5855.7915;-1077.1945;-996.7389
1973-10-12;6.286733;-0.29406738;0.01012675;753.4412;1.1561078;251.59148;0.0;-7.3453654e-25;99.99998;-7.345365e-21;1.879245;-1.3019936;0.10210276;0.35001338;0.24791062;0.0;0.0;3974.8066;4682.908;-2107.3445;6028.073;-904.4522;-1097.6222
1973-10-13;6.325297;-1.6901449;0.009977977;753.5295;1.1084173;261.0924;0.0;-7.3453654e-25;99.99998;-7.345365e-21;0.0022036138;-1.3425946;0.00011920929;0.24560094;0.24548173;0.0;0.0;3949.405;4649.039;-2205.7612;5827.6333;-932.6556;-1034.7267
1973-10-14;7.0030823;-2.1010334;0.010025024;754.56696;0.9574051;196.35475;0.0;-7.3453654e-25;99.99998;-7.345365e-21;0.0025749204;-1.2027453;0.00011920929;0.24318695;0.24306029;0.0;0.0;4026.266;4735.4473;-2257.2634;5896.384;-835.50775;-1028.92
1973-10-15;7.406118;-3.611786;0.009742737;754.0406;1.0362355;93.895935;0.0;-7.3453654e-25;99.99998;-7.345365e-21;0.0;-1.2015178;0.0;0.24065375;0.24065375;0.0;0.0;4236.8413;4978.8022;-2524.395;5637.3193;-834.6556;-928.2789
1973-10-16;7.8851624;-3.694692;0.010068257;753.258;1.1828574;187.99194;0.0;-7.3453654e-25;99.99998;-7.345365e-21;0.0;-1.0848771;0.0;0.23826957;0.23826957;0.0;0.0;4150.8906;4876.29;-2462.4773;5732.079;-753.6278;-988.3578
1973-10-17;7.527456;-3.4381104;0.01007843;753.6633;1.12321;136.12459;0.0;-7.3453654e-25;99.99998;-7.345365e-21;0.00043511385;-0.99135005;1.4901161e-05;0.23595989;0.23593009;0.0;0.0;3939.581;4626.576;-2286.7039;5947.9424;-688.6578;-1002.31775
1973-10-18;9.205322;-3.1343384;0.009920756;755.30865;0.9418393;74.3365;0.0;-7.3453654e-25;99.99998;-7.345365e-21;0.0012844794;-1.0344256;5.9604645e-05;0.23368001;0.23361295;0.0;0.0;4091.2068;4803.157;-2515.8845;5883.276;-718.5811;-771.42334
1973-10-19;9.933441;-3.9462788;0.009838104;754.9292;1.0792879;109.68035;0.0;-7.3453654e-25;99.99998;-7.345365e-21;0.0004351138;-0.95283985;1.4901161e-05;0.23134053;0.23132563;0.0;0.0;4086.8533;4796.5415;-2574.9595;5835.073;-661.9056;-818.6567
1973-10-20;9.006287;-7.0496726;0.009836833;754.08527;1.1210979;180.88689;0.0;-7.3453654e-25;99.99998;-7.345365e-21;0.00085234636;-0.80900264;4.4703484e-05;0.2291128;0.22907555;0.0;0.0;4068.1155;4773.0522;-2624.235;5632.576;-561.9867;-995.8689
1973-10-21;8.138997;-6.0771384;0.010047913;755.1753;1.0538477;223.97331;0.0;-7.3453654e-25;99.99998;-7.345365e-21;0.0008523463;-0.67419374;4.4703484e-05;0.22691488;0.22688508;0.0;0.0;4006.0906;4698.828;-2594.4922;5591.1187;-468.34055;-1039.3245
1973-10-22;7.625946;-6.904846;0.010007222;757.3948;1.0073606;92.62469;0.0;-7.3453654e-25;99.99998;-7.345365e-21;0.00044260896;-0.6445711;1.4901161e-05;0.22473931;0.22472441;0.0;0.0;3965.1833;4649.3857;-2596.8806;5625.548;-447.7622;-897.6078
1973-10-23;7.942444;-9.312378;0.01012675;754.8309;1.0670027;109.43091;0.0;-7.3453654e-25;99.99998;-7.345365e-21;0.0008554426;-0.5814172;4.4703484e-05;0.22262335;0.22257864;0.0;0.0;3968.0862;4651.338;-2732.2283;5444.317;-403.89;-954.9656
1973-10-24;7.09551;-10.611542;0.010340373;751.449;1.0007402;232.8789;0.0;-7.3453654e-25;99.99998;-7.345365e-21;0.0;-0.45603794;0.0;0.22050738;0.22049993;0.0;0.0;3920.5178;4594.182;-2700.7078;5277.463;-316.79556;-956.0733
1973-10-25;7.1644797;-9.297943;0.01018397;753.0113;1.0210875;176.08327;0.0;-7.3453654e-25;99.99998;-7.345365e-21;0.0017254287;-0.4196968;8.940697e-05;0.21854043;0.21845847;0.0;0.0;3702.6267;4337.487;-2353.8044;5740.7734;-291.5489;-862.91
1973-10-26;6.4100747;-8.412883;0.009892781;751.11383;1.435173;213.73564;0.0;-7.3453654e-25;99.99998;-7.345365e-21;0.00086625514;-0.3665751;4.4703484e-05;0.21649897;0.21646172;0.0;0.0;3774.524;4420.3145;-2507.7761;5474.01;-254.64722;-1121.8733
1973-10-27;4.47759;-6.447796;0.010045369;751.40106;0.9625885;159.41124;0.0;-7.3453654e-25;99.99998;-7.345365e-21;0.0012978362;-0.3132317;5.9604645e-05;0.21456182;0.21449476;0.0;0.0;3764.6238;4407.3267;-2515.6943;5307.848;-217.59222;-1111.4222
1973-10-28;4.0076294;-5.0610695;0.010098775;748.31683;1.1408446;228.8006;0.0;1.5894572e-07;99.99998;-7.345365e-21;0.08061528;-0.2696477;0.0032186508;0.21578372;0.21258742;0.0;0.0035129488;3717.0283;4350.2646;-2361.956;5421.5376;-187.31444;-1135.0144
1973-10-29;2.1837666;-4.950535;-1.0487887;745.7841;1.4728932;207.64284;0.02709961;3.139178e-06;102.18423;-7.345365e-21;0.64825535;-0.42414665;0.030457973;0.2412051;0.21074712;0.0009797513;0.0;2867.324;3355.3223;-1856.1355;5783.3555;-294.64667;-1067.0189
1973-10-30;1.5001017;-12.157741;-1.9104309;748.66235;0.8250406;223.69661;0.017659506;2.1855037e-06;106.1074;-7.345365e-21;0.00044107434;-0.28989372;2.9802322e-05;0.20897388;0.20892918;0.0003594905;0.0;3762.7039;4401.3745;-2657.2695;4768.87;-201.38333;-971.79
1973-10-31;1.0298666;-5.7312317;-4.1902604;746.85846;1.0811908;231.0186;2.3931477;0.0003679196;137.87401;2.8076172;3.310922;-0.5739611;0.13911724;0.346303;0.2071783;0.070167705;0.5694442;2632.1523;3143.871;-1510.7222;5871.872;-398.88443;-698.60443
1973-11-01;-0.11086019;-0.29145303;-0.44412485;745.716;1.406352;207.30585;29.628012;0.0045306683;145.14809;30.598959;14.141171;-0.49035996;0.55475533;0.76028705;0.20553172;1.061812;6.3383393;794.5872;1245.0244;-68.65722;7294.277;-341.7378;-340.63443
1973-11-02;-0.557017;-0.8124733;-0.23583603;745.4816;1.4786996;199.46478;46.148113;0.0070433617;150.35187;46.50879;14.167456;-0.5377326;0.85968524;1.0636002;0.20391494;1.0935627;3.4279115;821.50555;1382.4211;-157.33167;7174.926;-378.11667;-397.69556
1973-11-03;-2.2055423;-2.8591397;-1.1710078;744.3994;1.1285142;205.0894;91.66178;0.01688981;149.26854;111.61295;12.707681;-0.23332518;0.16194582;0.36424398;0.20231307;0.5614087;10.928102;633.43445;2191.2266;-544.9667;6540.741;-176.55779;-204.24777
1973-11-04;-6.369859;-8.310173;-4.087719;743.00464;1.2935516;190.62994;99.13729;0.02220408;149.48663;147.78645;7.259375;-0.33886546;0.0045895576;0.2053082;0.20073354;0.04641898;7.1053543;746.57;2524.6367;-591.18945;6110.9346;-261.7789;-253.62666
1973-11-05;-12.277519;-15.364284;-13.648655;744.4572;1.0960273;177.1233;100.0;0.028155088;149.2643;188.3138;1.8048644;-0.15688501;0.0;0.19916892;0.19916892;0.0;1.7991178;983.785;3693.0088;-1235.5344;4564.3677;-120.34278;-188.75667
1973-11-06;-11.099019;-18.42882;-17.007393;751.3598;1.2037705;96.132515;100.0;0.028633079;151.46254;189.00554;0.0011950731;-0.09228848;0.0005066395;0.19812584;0.1976192;0.008029863;0.000346452;1138.6483;4221.1123;-1349.8883;4138.2915;-67.59;-47.47333
1973-11-07;-9.919089;-19.245914;-16.377764;750.67426;1.3585144;51.65791;100.0;0.02853457;152.6214;187.29655;0.0008798096;-0.1073312;0.0065863132;0.20265579;0.19608438;0.0893306;0.0;1179.0917;4239.242;-1420.7911;4128.2607;-78.87778;-2.8533332
1973-11-08;-8.016718;-19.263535;-15.446872;749.8887;1.2802901;89.636536;100.0;0.02841262;154.16078;184.57031;0.0012977498;-0.11892337;0.0044107437;0.1989752;0.19457191;0.06784871;0.0;1208.42;4216.938;-1377.22;4260.3135;-87.56555;12.358889
1973-11-09;-5.0650954;-16.157942;-10.905551;751.08453;1.2255405;58.98003;99.65454;0.028143248;156.31476;180.74544;0.0008583069;-0.15441608;0.021755695;0.21483004;0.19307435;0.28655306;0.0;1210.7084;4085.1377;-1398.2783;4631.598;-114.44778;-7.138889
1973-11-10;-2.334544;-11.88258;-8.520729;752.3152;1.114225;57.293823;98.67765;0.027188301;158.26952;172.52605;0.0021398063;-0.14927424;0.10986626;0.3014505;0.19159168;1.2945049;0.0;1243.8044;3904.12;-1318.6616;5018.4834;-109.41111;-20.054445
1973-11-11;-1.0415446;-10.680232;-7.973994;753.6353;1.0948575;66.65321;97.53052;0.025882363;161.88019;160.48177;0.026847921;-0.14254637;0.10840595;0.29852986;0.19013882;1.2402498;0.023312867;1367.5806;3975.2979;-1274.54;5080.38;-103.56;0.38777778
1973-11-12;0.81825763;-4.151296;-1.8822428;754.12134;0.7930911;149.32803;94.727135;0.023028493;164.87206;140.13672;2.1294355;-0.11674501;0.5057901;0.6944835;0.1887083;3.9224586;0.0012516975;977.085;2636.9233;-604.26556;6437.6;-83.78222;-70.70333
1973-11-13;-1.1891276;-2.1353252;-0.47953543;750.111;0.59776753;183.29724;96.13452;0.024864951;159.43715;155.19206;12.101141;-0.17115287;0.6287992;0.8161217;0.18732995;2.0098984;7.4228683;526.2961;1426.8123;-311.97168;6861.31;-129.36778;-121.43
1973-11-14;-0.6852417;-1.5529175;-0.9319127;750.2659;0.68965286;251.07857;97.28369;0.026557127;158.79652;167.11426;2.0914555;-0.111658126;0.36025047;0.54621696;0.18596649;2.1005273;0.24296343;774.2122;2252.0544;-430.52167;6731.911;-82.28555;-105.70333
1973-11-15;-0.34872437;-1.2608236;-0.39837137;752.0953;0.823942;255.74933;94.363365;0.023898005;165.59308;143.71745;0.7421255;-0.1845546;0.42660534;0.61123073;0.18461794;3.5478287;0.15558302;850.01276;2159.3923;-480.11;6747.1436;-136.49333;-109.98778
1973-11-16;-1.0794271;-3.5754395;-3.8341725;751.0169;0.82004744;207.38136;91.02621;0.020302018;168.03969;120.402016;0.037500903;-0.28976426;0.40066242;0.5839467;0.18328428;3.6134925;0.008240342;1445.1727;3348.14;-1131.1605;5751.839;-214.05333;-181.05333
1973-11-17;-0.4250183;-2.2232666;-3.973714;750.84454;0.8480293;267.93973;87.08366;0.016338507;171.16405;95.25553;0.1961619;-0.20160712;0.4812628;0.6632507;0.18197298;4.0446258;0.03125146;1205.9634;2638.2966;-875.25665;6001.852;-146.90889;-105.57111
1973-11-18;-1.7407633;-4.062815;-3.5538712;748.1608;1.0052606;173.49983;72.57755;0.0127061205;174.77147;72.387695;0.11788607;-0.44355914;0.3979802;0.5787015;0.18068403;3.2977314;0.02508238;1706.2039;3244.3755;-1126.2716;5853.471;-320.88;-261.11667
1973-11-19;-2.6504009;-4.192024;-4.2336707;748.2434;1.196822;220.9377;65.52661;0.011512041;172.68422;65.75521;2.3886085;-0.50437635;0.17407537;0.35348535;0.17942488;1.104243;1.8756614;1472.5834;2509.6177;-984.67444;5925.2466;-367.04443;-348.56332
1973-11-20;-2.4960327;-9.935586;-10.398298;751.19604;0.92918795;101.20165;66.03776;0.011241634;169.12367;65.67383;0.00052452076;-0.49179232;0.14269352;0.3208965;0.17818809;1.1585579;9.313226e-05;2009.8822;3616.4866;-2031.6844;4356.2627;-354.33;-147.22444
1973-11-21;-1.7825228;-11.073101;-10.086749;749.73145;0.7853372;228.60693;56.992756;0.009710749;169.59015;56.599934;0.07980466;-0.4050061;0.19299984;0.36998093;0.17698109;1.5356578;0.016227365;2143.8071;3547.83;-1854.48;4653.4517;-292.60556;-195.76666
1973-11-22;-3.3621318;-5.34458;-2.9343147;744.35986;0.5855047;127.57187;93.23551;0.018867651;138.43129;134.31804;14.144376;-0.1434721;0.012397766;0.18821657;0.17581135;0.07814169;13.869483;416.44666;1358.0422;-246.56111;6654.5522;-112.29889;-159.61111
1973-11-23;-5.993145;-7.4376626;-4.8318543;739.0439;0.83666044;185.44249;100.0;0.049663544;132.68065;370.4834;46.05914;-0.0802055;0.0;0.17468631;0.17468631;0.0;45.919464;113.325;460.42334;-300.08667;6397.0938;-62.808887;-72.58222
1973-11-24;-11.419102;-13.660535;-12.356587;743.9434;0.80597514;222.34558;100.0;0.07012042;141.1035;499.26758;0.8074224;-0.03254041;0.0;0.17356873;0.17358363;0.0;0.80391765;674.9089;2905.9656;-799.0439;5116.9097;-22.804445;-99.653336
1973-11-25;-11.43027;-18.614355;-16.656832;749.92;1.124694;93.744255;100.0;0.07032335;151.77277;463.13477;0.0052630897;-0.04846044;0.0;0.17248094;0.17248094;0.0;0.0044070184;834.19275;3499.1646;-1154.8123;4348.4087;-33.90333;-2.8266666
1973-11-26;-7.8432593;-14.507454;-17.487928;751.2906;1.1396699;62.802563;100.0;0.07034048;153.68553;457.51953;0.0;-0.010645017;0.0;0.17140806;0.17140806;0.0;0.0;847.2817;3458.5923;-961.92834;4558.0596;-4.68;66.51889
1973-11-27;-6.5689673;-12.97919;-17.338264;748.6657;1.1229277;100.539246;100.0;0.07037612;155.67609;451.9857;0.00085532654;-0.0027958304;0.0;0.17035007;0.17035007;0.0;0.0;875.86725;3482.5378;-1189.8439;4299.3535;1.29;92.075554
1973-11-28;-8.153699;-17.167807;-19.72422;747.7137;1.2199849;42.790783;100.0;0.070407666;157.39906;447.26562;0.0008523463;-0.012846664;0.0;0.1693368;0.1693219;0.0;0.0;911.26056;3531.5222;-1195.1505;4078.8103;-6.8333335;116.41111
1973-11-29;-6.7423997;-17.794668;-18.30821;747.2094;0.8814543;193.8255;100.0;0.07042404;159.02309;442.91177;0.0042952113;-0.03593974;0.0;0.16832352;0.16831607;0.0;0.0;908.2839;3432.5166;-1039.6844;4404.427;-24.312222;81.55222
1973-11-30;-7.029907;-11.7739;-16.299646;746.4634;0.6961734;235.75893;100.0;0.07047081;160.79848;438.2731;0.21570374;0.0034216791;0.0;0.16732514;0.16731769;0.0;0.20970032;863.8078;3182.7878;-768.1739;4868.073;5.3377776;20.324444
1973-12-01;-5.1529336;-6.238993;-7.9256454;748.51996;0.68639237;292.4153;100.0;0.07189127;161.04295;446.6146;1.4865875;-0.013638288;0.0;0.16634166;0.16634166;0.0;1.4797077;391.66333;1436.0756;-149.94722;6366.312;-9.303333;-35.002224
1973-12-02;-3.8365479;-5.238767;-5.4383674;748.1071;0.82150966;223.9414;100.0;0.07266545;164.39679;442.30142;0.4899025;-0.045118853;0.0;0.16540289;0.16539544;0.0;0.4845932;588.64667;2135.1255;-656.92053;6002.6934;-32.585556;-50.357777
1973-12-03;-5.6552734;-12.102742;-10.04089;748.16425;1.1458836;105.54654;100.0;0.07275394;168.27147;432.41373;0.004774332;-0.08005742;0.0;0.16444921;0.16444921;0.0;0.002194196;912.35333;3224.7612;-1227.1028;4885.533;-57.85889;-11.578889
1973-12-04;-5.591105;-12.790801;-13.94468;749.4145;1.0331742;190.80492;100.0;0.07276142;170.78676;426.3102;0.0017048332;-0.02492778;0.0;0.16351044;0.16351789;0.0;0.0;948.2978;3276.42;-1206.9089;4576.497;-15.7277775;59.684444
1973-12-05;-6.7379365;-11.1121;-14.9176;748.4526;0.88583475;299.53674;100.0;0.07278991;172.84535;421.4681;0.0036937746;0.0015478581;0.0;0.16260147;0.16260147;0.0;0.0011175871;953.01447;3219.919;-1086.4338;4623.9717;4.085;39.583332
1973-12-06;-7.205587;-8.34285;-9.005961;745.7554;1.1257482;254.06789;100.0;0.07344854;174.21808;421.54947;2.9827595;-0.01586508;0.0;0.1617074;0.16171485;0.0;2.950385;481.2389;1588.4667;-59.11778;6374.932;-11.213889;-47.256668
1973-12-07;-5.064054;-6.23525;-4.835022;744.1838;1.0379957;211.33421;100.0;0.07988771;168.9557;472.1273;6.7023726;-0.08850172;0.0;0.16082823;0.16082823;0.0;6.680094;662.5383;2468.4568;-585.22;6124.0654;-66.19833;-93.246666
1973-12-08;-4.911354;-5.483682;-4.2808495;741.78107;1.1197256;207.84505;100.0;0.09285382;158.55695;583.8623;13.014814;-0.084729865;0.0;0.15997887;0.15996397;0.0;13.0040865;256.69556;1054.29;-28.738333;6794.97;-65.46111;-134.37445
1973-12-09;-6.2939467;-10.595953;-7.7771974;746.6755;0.7913514;190.86122;100.0;0.097247005;161.58006;602.49835;0.25434196;-0.06038416;0.0;0.1590997;0.15910715;0.0;0.2530478;723.80225;2996.381;-1439.5316;4774.089;-43.11222;-38.35
1973-12-10;-9.965198;-21.11363;-18.475977;747.48926;1.1979363;43.045013;100.0;0.097270966;164.90558;590.0879;0.0012912069;-0.030454248;0.0;0.15826523;0.15826523;0.0;0.0;814.1445;3280.341;-1311.6744;3973.1692;-20.62889;95.87111
1973-12-11;-9.264785;-20.342016;-20.112112;745.28156;0.83665323;190.75578;100.0;0.09728205;166.80824;583.374;0.011481104;-0.023225322;0.0;0.15744567;0.15743077;0.0;0.009357929;816.1711;3203.6968;-926.3689;4352.09;-15.451111;68.937775
1973-12-12;-11.66834;-17.687918;-17.616268;744.8477;1.1010878;28.975098;100.0;0.09796671;167.013;586.7513;0.8507222;-0.009888783;0.0;0.1566261;0.1566112;0.0;0.84769356;583.9805;2261.379;-827.7611;4667.789;-5.832222;33.61111
1973-12-13;-13.361717;-21.518173;-20.34147;747.6995;1.2167661;34.600513;100.0;0.09817926;168.43813;583.5368;0.0016003841;-0.012983568;0.0;0.15582144;0.15581399;0.0;0.0003017485;681.50336;2570.071;-792.55835;4482.5757;-8.247778;60.99
1973-12-14;-9.95667;-17.79064;-19.822859;750.9146;1.2504419;128.94756;100.0;0.09819869;170.26788;577.3926;0.0;0.00015553087;0.0;0.15503168;0.15502423;0.0;0.0;874.24;3218.5134;-1102.1017;4174.217;2.3855555;100.10222
1973-12-15;-5.534983;-18.021605;-16.892885;749.5923;0.85860294;208.62816;100.0;0.09821264;172.2669;570.88214;0.0038146963;-0.035732053;0.0;0.15422702;0.15424192;0.0;0.0003017485;838.3472;3013.338;-756.87;4882.427;-24.806667;79.29667
1973-12-16;-4.8013306;-11.70052;-11.823776;745.93634;0.56091154;256.988;100.0;0.098341346;174.79652;563.27313;0.7277361;-0.024662353;0.0;0.15346706;0.15346706;0.0;0.7156059;577.2083;2020.3578;-108.79444;6102.495;-17.226667;4.8
1973-12-17;-5.582957;-6.291261;-5.3879523;738.99506;1.1967455;183.39398;100.0;0.11030909;168.41469;653.6865;28.552866;-0.068822876;0.0;0.1527071;0.152722;0.0;28.514996;201.1811;747.1055;-34.095554;6697.8154;-53.593334;-112.61889
1973-12-18;-11.217004;-13.171504;-9.733958;741.4541;0.8078777;135.0251;100.0;0.12955284;157.24315;824.1374;1.829499;-0.04752539;0.0;0.15196204;0.15196204;0.0;1.8263385;561.6567;2412.44;-1080.0972;4937.319;-35.18667;-85.88556
1973-12-19;-10.937087;-17.761908;-15.5704775;746.3554;1.0551852;61.73528;100.0;0.12991738;161.4544;805.33856;0.003868001;-0.03236346;0.0;0.15121698;0.15121698;0.0;0.0030100346;725.47943;3033.1077;-1186.8105;4350.7583;-22.34;15.125556
1973-12-20;-11.498965;-18.490522;-19.598753;748.2508;1.3984398;6.363012;100.0;0.12993555;164.53612;789.9577;0.0004351138;0.0035464764;0.0;0.15047193;0.15048683;0.0;0.0;781.6939;3181.2412;-1207.17;4023.1404;4.942222;97.18222
1973-12-21;-11.937289;-21.088514;-21.938889;750.17975;1.616118;11.532857;100.0;0.12996213;166.85773;779.1341;0.0025753728;-0.0016968697;0.0;0.14975667;0.14976412;0.0;0.0;812.7744;3223.6533;-1211.0961;3855.2864;0.8466667;154.10445
1973-12-22;-11.51051;-22.017996;-23.166773;751.8742;1.5776271;6.6270905;100.0;0.1299864;168.81996;770.3044;0.0004351138;0.0015683472;0.0;0.14904141;0.14904886;0.0;0.0;842.5789;3258.4011;-1186.7028;3806.9197;3.1677778;176.22
1973-12-23;-10.1481905;-21.779497;-23.028109;753.4273;1.5418754;5.143453;100.0;0.13000882;170.66078;762.3291;0.0008583069;0.0008456409;0.0;0.14835596;0.14834106;0.0;0.0;854.5883;3219.8933;-1116.0856;3924.0256;2.57;184.33333
1973-12-24;-10.056792;-21.485374;-22.465319;753.5334;1.5851722;8.502879;100.0;0.13003135;172.53123;754.27246;0.0012849896;-0.001437962;0.0;0.1476407;0.14764816;0.0;0.0;877.2778;3225.9834;-1152.1683;3933.1755;0.9211111;184.08778
1973-12-25;-8.849884;-21.75973;-21.509462;753.59503;1.3324322;35.552757;100.0;0.13004954;174.44789;746.25653;0.0008475141;-0.012435019;0.0;0.14697015;0.1469627;0.0;0.0;879.7033;3158.5022;-934.8345;4282.343;-7.4688888;146.28555
1973-12-26;-9.550321;-14.878667;-18.356813;753.3914;1.489336;15.155216;100.0;0.13007589;176.6953;737.01984;0.0016277941;0.016616657;0.0;0.1462847;0.1462847;0.0;0.00035390258;844.79834;2962.2834;-753.6989;4769.9487;15.07;84.236664
1973-12-27;-7.305186;-13.138214;-14.437856;753.23846;1.2715956;24.605646;100.0;0.1301142;179.5895;725.46387;0.008121133;-0.00763312;0.0;0.14561415;0.14561415;0.0;0.003926456;709.7461;2434.8655;-476.59833;5441.066;-3.6355555;43.34111
1973-12-28;-5.5377746;-8.31606;-10.667548;749.7915;0.8710074;113.41696;100.0;0.13025014;183.36229;711.01886;0.20158656;0.013895333;0.0;0.1449585;0.14495105;0.0;0.19844249;587.83276;1977.8055;-530.81165;5681.4556;12.33;8.402223
1973-12-29;-8.935622;-13.799445;-11.163632;746.93915;1.5802331;13.746005;100.0;0.13035019;187.58983;695.7601;0.0077665374;-0.06372854;0.0;0.14428794;0.14428794;0.0;0.0060498714;949.99664;3136.3088;-1447.0673;4509.398;-46.354443;9.882222
1973-12-30;-9.7309265;-16.187912;-15.492767;748.273;1.3214558;21.62055;100.0;0.13035361;190.6494;684.5703;0.038418174;-0.01794286;0.0;0.1436472;0.1436323;0.0;0.036269426;890.37;2872.9355;-915.43225;4763.197;-11.548889;35.423332
1973-12-31;-9.2911415;-13.097407;-12.684888;749.16815;1.3216524;28.2417;100.0;0.13086025;192.69789;679.5654;0.85546076;-0.029028393;0.0;0.14299154;0.142999;0.0;0.8533709;634.91223;2032.4512;-624.605;5378.2056;-20.968334;1.36
1974-01-01;-11.221675;-14.536405;-14.4923935;750.04803;1.4577254;19.671934;100.0;0.13127434;195.03839;673.4212;0.0066012144;-0.00433065;0.0;0.1423657;0.14235824;0.0;0.006597489;977.4044;3104.7434;-1407.5328;4247.6616;-0.8411111;11.713333
1974-01-02;-12.542195;-17.55452;-16.985987;749.1136;1.4120668;9.632424;100.0;0.13129973;197.42479;665.3239;0.0049620867;-0.012004748;0.0;0.14173985;0.1417324;0.0;0.004108995;1015.24664;3158.13;-1289.3027;4195.3423;-6.9311113;9.4377775
1974-01-03;-12.0219145;-20.344213;-19.282541;749.3625;1.4077481;13.714807;100.0;0.13131659;199.37335;659.4238;0.0017225739;-0.016067177;0.0;0.141114;0.141114;0.0;0.0;1103.625;3365.16;-1455.2145;3812.0298;-10.037778;86.63778
1974-01-04;-11.614728;-19.812304;-18.621195;749.1368;1.4936466;21.254103;100.0;0.13132565;201.12172;653.88995;0.0026879446;-0.023566186;0.0;0.14048815;0.1404956;0.0;0.0013485551;1006.6;3008.9834;-1046.6589;4403.058;-15.823334;68.827774
1974-01-05;-12.44439;-16.60446;-17.16746;749.7946;1.6350883;21.829355;100.0;0.13134222;203.04555;647.66437;0.0020295382;-0.010427088;0.0;0.1398921;0.1398921;0.0;0.0011660159;1071.1206;3142.5322;-1253.4255;4274.309;-5.7422223;31.042223
1974-01-06;-10.666832;-16.398438;-15.936326;746.6877;1.1765461;28.622894;100.0;0.13216205;203.37563;649.57684;4.948589;-0.03139116;0.0;0.13928115;0.13928115;0.0;4.940923;1051.2805;3025.8777;-605.7389;5197.7744;-21.78;-5.347778
1974-01-07;-7.003708;-8.751278;-9.22874;742.61505;0.7020547;109.501915;100.0;0.1442054;185.12889;777.70996;8.283611;-0.021038577;0.0;0.1386851;0.1386851;0.0;8.28018;373.77057;1441.01;-27.136667;6442.1045;-15.074445;-43.384445
1974-01-08;-7.477936;-8.840775;-7.7393136;745.08466;0.54724133;191.72112;100.0;0.1463722;187.5003;781.33136;0.9623587;-0.063611194;0.0;0.13810396;0.13810396;0.0;0.9505563;528.56335;2028.0688;-503.16724;5923.046;-47.873333;-82.48
1974-01-09;-8.904838;-11.532548;-9.528252;745.6159;0.86622316;52.68475;100.0;0.14688425;191.88116;766.23535;0.21272898;-0.052547082;0.0;0.13752282;0.13752282;0.0;0.20688027;683.07446;2575.0588;-838.6556;5314.817;-38.27778;-90.04444
1974-01-10;-8.762981;-10.627114;-9.703166;747.34814;0.6652603;75.917244;100.0;0.1484781;193.1953;768.26984;2.5289237;-0.040283427;0.0;0.13694167;0.13694167;0.0;2.5224872;473.5772;1769.2311;-266.30167;6052.1953;-29.992222;-72.12889
1974-01-11;-9.319341;-12.017926;-10.61253;749.1541;0.8989176;56.169556;100.0;0.14960973;195.73143;765.1367;0.0798434;-0.0327304;0.0;0.13637543;0.13637543;0.0;0.075984746;743.4483;2784.4944;-997.9178;5026.0767;-22.556667;-70.75667
1974-01-12;-10.18525;-16.02309;-13.485463;748.08344;1.2676115;23.996359;100.0;0.14965482;199.31053;751.2614;0.0104010105;-0.038219616;0.0;0.13580918;0.13580173;0.0;0.010415912;928.19;3391.6577;-1257.5516;4497.721;-26.473333;-25.695555
1974-01-13;-9.822984;-18.35614;-16.055708;743.6555;1.0739347;39.36014;100.0;0.15017843;200.88963;746.62274;4.878509;-0.04054513;0.0;0.13524294;0.13524294;0.0;4.8659964;989.0383;3527.6245;-993.4078;4613.9155;-28.286667;23.025555
1974-01-14;-9.388752;-11.533279;-12.015449;737.0865;0.93452924;52.60057;100.0;0.16714303;173.95473;957.9671;18.400028;-0.008368865;0.0;0.1346916;0.13468415;0.0;18.396564;309.82666;1305.8878;121.065834;6360.1543;-5.521111;-33.43111
1974-01-15;-8.553233;-10.45025;-9.640647;739.21704;0.61169976;93.8379;100.0;0.17892878;167.05629;1071.0043;4.0754676;-0.029245391;0.0;0.13414025;0.1341328;0.0;4.061356;607.7461;2599.3877;-539.1436;5722.927;-20.435556;-86.64889
1974-01-16;-9.555579;-10.895616;-9.812953;742.10565;0.7706072;170.10991;100.0;0.18158495;171.50616;1059.4076;2.2193644;-0.0340119;0.0;0.13360381;0.13360381;0.0;2.1892116;647.89886;2729.0579;-593.99835;5634.776;-24.297777;-108.77333
1974-01-17;-10.223244;-12.65396;-10.377814;739.1401;0.83693355;73.05691;100.0;0.18396278;174.92967;1052.4496;2.3599923;-0.03800541;0.0;0.13306737;0.13305992;0.0;2.35229;611.6567;2525.8157;-655.79724;5489.489;-27.251112;-89.01444
1974-01-18;-11.71757;-16.172386;-13.613663;739.102;1.3091873;17.309925;100.0;0.1848315;179.78676;1029.1748;0.014118516;-0.030988827;0.0;0.13251603;0.13251603;0.0;0.0127367675;890.09;3611.5923;-1473.6925;4154.502;-20.86111;-41.55
1974-01-19;-10.875012;-15.1105385;-17.423733;743.238;0.824882;281.34433;100.0;0.18485546;183.83363;1006.38837;0.04117489;-0.0030016527;0.0;0.13199449;0.13199449;0.0;0.039041042;883.9372;3492.3767;-1049.7925;4387.2344;0.19444445;0.16888888
1974-01-20;-10.748661;-12.159295;-14.890724;739.99097;0.76827127;226.13432;100.0;0.18711193;183.68358;1017.98505;6.69502;0.015006401;0.0;0.13147295;0.13147295;0.0;6.689392;488.30554;1902.3334;57.80472;6058.122;12.7288885;-45.355556
1974-01-21;-9.753761;-11.157327;-10.78368;731.64496;0.67478174;136.79155;100.0;0.20126879;169.6992;1183.7972;16.151539;-0.0205338;0.0;0.1309514;0.13095886;0.0;16.14521;437.8589;1847.2755;-166.87889;6089.0957;-14.703333;-87.96555
1974-01-22;-11.343094;-14.030898;-10.750321;732.4199;0.683328;112.28039;100.0;0.21936949;158.59373;1381.9987;14.738792;-0.082017854;0.0;0.13044477;0.13045222;0.0;14.724769;375.26834;1626.3522;-433.06223;5658.102;-63.11;-85.905556
1974-01-23;-11.938752;-15.254064;-12.062287;738.1364;0.96585184;56.506657;100.0;0.22643435;159.9212;1417.4805;3.9990125;-0.061286613;0.0;0.12993813;0.12994558;0.0;3.9971619;702.2256;3000.7256;-668.63556;5324.54;-44.985554;-107.84111
1974-01-24;-12.17121;-17.25281;-15.066338;739.2893;1.5541059;16.612701;100.0;0.2290719;165.09601;1389.7705;0.06420779;-0.02684258;0.0;0.12943149;0.12943149;0.0;0.06372854;916.93665;3855.3467;-1560.2639;3947.9438;-17.606667;-13.932222
1974-01-25;-10.942172;-20.264854;-19.840523;746.3237;0.86714554;204.607;100.0;0.2290895;170.24347;1347.5342;0.0017046923;-0.028008595;0.0;0.12892485;0.1289323;0.0;0.0;969.4106;3961.5466;-1337.07;3850.51;-18.634445;38.355556
1974-01-26;-11.116429;-18.62528;-21.227112;748.00555;0.8708871;82.42643;100.0;0.22910678;174.07973;1317.749;0.00097155565;-0.0045001507;0.0;0.12844801;0.12843311;0.0;0.00010803342;991.8922;3948.088;-1182.9266;3974.5242;-1.0266666;52.415554
1974-01-27;-12.397587;-19.48133;-21.438423;742.8274;0.8545874;132.3882;100.0;0.22912896;177.55043;1292.0736;0.0021404168;-0.012880191;0.0;0.12794137;0.12794137;0.0;0.0;1016.94946;3944.9412;-1117.9778;4049.5154;-7.388889;15.61
1974-01-28;-13.066463;-17.369286;-21.321993;742.44257;0.8166564;146.97038;100.0;0.22920124;180.78741;1269.3685;0.054711103;0.0026831403;0.0;0.12746453;0.12745708;0.0;0.053420663;1036.9545;3924.8945;-1133.8986;4043.4966;4.4205556;-2.7255557
1974-01-29;-12.945575;-20.412191;-22.074554;744.36273;1.0586504;47.86249;100.0;0.22923203;183.89581;1248.169;0.0004351138;-0.0157319;0.0;0.1269728;0.1269728;0.0;0.0;1103.8855;4078.3777;-1275.2561;3815.4548;-9.41;38.474445
1974-01-30;-12.735191;-20.365255;-22.18709;742.06616;1.1519233;36.743362;100.0;0.22924988;186.78741;1228.8004;0.0014483922;-0.011924654;0.0;0.12649596;0.12649596;0.0;0.00011175871;1128.4689;4074.9321;-1272.1213;3838.1392;-6.477778;61.946667
1974-01-31;-15.3783;-19.556267;-22.030535;740.78265;1.6027392;26.709364;100.0;0.22928353;189.56606;1210.9375;0.015230038;-8.754432e-05;0.0;0.12601912;0.12602657;0.0;0.014320016;1090.095;3845.4482;-1091.9625;4056.6108;2.228889;16.673334
1974-02-01;-15.147784;-20.346163;-21.468964;742.47095;1.36864;23.72101;100.0;0.22931845;192.36034;1193.4408;0.005534271;-0.010444783;0.0;0.12555718;0.12555718;0.0;0.004686415;1210.8905;4174.32;-1365.5581;3785.3416;-5.4644446;-0.43
1974-02-02;-14.136658;-21.57353;-21.934568;744.97845;1.0788959;80.00306;100.0;0.22933511;195.04588;1177.775;0.0;-0.02489239;0.0;0.12508035;0.12508035;0.0;0.0;1260.3534;4246.7534;-1334.1002;3793.7766;-16.406666;3.8822222
1974-02-03;-12.652492;-19.73377;-21.58905;748.5862;1.0840746;50.23202;100.0;0.22935097;197.63441;1162.3129;0.00086128706;-0.013841316;0.0;0.12461841;0.12461841;0.0;0.0;1310.7284;4321.0366;-1337.0605;3849.2969;-7.768889;25.522223
1974-02-04;-11.334264;-19.181862;-20.766787;748.191;1.023305;70.73553;100.0;0.2293719;200.27797;1146.7692;0.0017225739;-0.02026558;0.0;0.124156475;0.124156475;0.0;0.0;1323.6483;4272.1177;-1368.6783;3889.5085;-12.544444;30.324444
1974-02-05;-11.184266;-19.640532;-20.339926;748.5396;1.0034112;68.49863;100.0;0.22938792;202.95863;1131.6324;0.00085905375;-0.027727336;0.0;0.12370944;0.12370199;0.0;0.0;1392.6067;4400.858;-1414.765;3877.9817;-18.09;21.605556
1974-02-06;-9.184064;-19.748968;-19.619902;748.76416;0.9837041;131.07318;100.0;0.22940052;205.66112;1117.2689;0.0004351138;-0.037156045;0.0;0.123262405;0.123247504;0.0;0.0;1450.6711;4491.451;-1386.145;3994.5754;-25.083889;42.983334
1974-02-07;-6.7344856;-21.224987;-16.642553;747.39484;0.64677536;286.2187;100.0;0.22945487;208.56053;1101.8473;0.29885364;-0.076604076;0.0;0.12278557;0.12279302;0.0;0.29584765;1349.0083;4092.7844;-697.62305;5171.9146;-55.396667;-13.324445
1974-02-08;-6.3538003;-11.806759;-13.240513;747.1673;0.8021252;243.24243;100.0;0.2296917;212.17934;1084.1471;0.006377697;-0.05084835;0.0;0.12233853;0.122345984;0.0;0.0063739717;1474.4645;4429.6787;-1466.4747;4464.9873;-34.983334;-30.494444
1974-02-09;-6.0154724;-12.186305;-12.96904;749.9653;1.1346279;61.84488;100.0;0.22970589;216.30956;1063.5986;0.0017166131;-0.04156679;0.0;0.1218915;0.1218915;0.0;0.0004172325;1533.46;4518.385;-1473.4791;4494.0435;-27.267778;-4.8577776
1974-02-10;-3.9909923;-14.20786;-12.65961;749.325;1.1319549;41.280132;100.0;0.22971737;220.3434;1044.1895;0.0017113362;-0.066999346;0.0;0.121444464;0.12143701;0.0;0.0;1607.5444;4647.188;-1609.1089;4370.352;-46.512222;33.49111
1974-02-11;-7.9119554;-12.716807;-12.10735;738.55865;1.2938702;35.596085;100.0;0.23599859;217.59308;1084.1879;16.18829;-0.018981285;0.0;0.12101233;0.12101233;0.0;16.137232;603.62946;1762.3417;-352.04416;5779.957;-13.564445;21.82
1974-02-12;-8.432576;-10.056976;-9.524258;737.18976;0.78013825;112.89187;100.0;0.25445053;201.78612;1259.9691;14.935213;-0.032993034;0.0;0.12061;0.1205802;0.0;14.930073;410.23834;1704.5605;-48.857777;6349.961;-24.564444;-77.99333
1974-02-13;-7.5267615;-9.869105;-8.506124;742.8431;0.6886681;83.91297;100.0;0.262436;200.86815;1308.3903;2.0839453;-0.062935054;0.0;0.120162964;0.12015551;0.0;2.078835;896.7305;3785.6816;-881.9778;5427.3057;-44.87;-136.04333
1974-02-14;-8.184524;-11.051755;-9.1462755;745.503;0.79119736;70.291664;100.0;0.26350215;207.58363;1271.3217;0.08908212;-0.08826051;0.0;0.11973083;0.11973083;0.0;0.08106232;982.9311;4049.1023;-1044.9381;5178.6265;-64.16111;-156.7
1974-02-15;-9.460697;-12.318961;-11.82521;745.1387;0.8659394;91.64142;100.0;0.2635987;213.61195;1235.555;0.12073517;-0.044136308;0.0;0.1192987;0.1192987;0.0;0.11725724;1052.831;4228.7554;-1201.0447;4720.915;-30.014444;-117.70778
1974-02-16;-9.532542;-13.542141;-13.688546;744.48883;0.95343775;79.31978;100.0;0.26367655;218.3294;1208.9844;0.0023305416;-0.037249178;0.0;0.118881464;0.11887401;0.0;0.00064074993;1235.9406;4844.2876;-1403.03;4332.146;-24.150555;-98.657776
1974-02-17;-8.596204;-14.530205;-14.985054;743.4328;1.0062509;66.477684;100.0;0.26369607;222.26527;1187.9476;1.4901161e-05;-0.038965605;0.0;0.11844933;0.11844933;0.0;1.1175871e-05;1292.7034;4940.338;-1423.8184;4239.7173;-25.406666;-37.74861
1974-02-18;-11.934552;-16.546434;-15.873815;744.3818;1.7251893;23.821398;100.0;0.26371136;225.7184;1169.6371;0.00782609;-0.052096322;0.0;0.1180321;0.11803955;0.0;0.0069625676;1327.5605;4950.249;-1473.3273;4107.5396;-35.90167;-53.59778
1974-02-19;-12.029895;-16.804544;-16.729118;746.7608;1.3415084;33.11296;100.0;0.26373434;228.76073;1154.0121;0.040477514;-0.037000515;0.0;0.11762977;0.117622316;0.0;0.03746152;1355.2994;4933.5835;-1367.8894;4171.8027;-24.314444;-75.34556
1974-02-20;-11.238609;-16.33385;-16.958696;749.59955;1.6516571;23.72081;100.0;0.2637916;231.50258;1140.4623;0.013458729;-0.043597072;0.0;0.117212534;0.117212534;0.0;0.01225993;1434.7367;5106.9077;-1582.1794;3924.2861;-29.612223;-30.374166
1974-02-21;-9.376363;-16.509502;-16.433008;745.7491;0.8832617;117.94799;100.0;0.264075;233.7005;1130.5746;0.80578095;-0.043519773;0.0;0.1168102;0.11680275;0.0;0.8017086;1076.8722;3758.7932;-734.25665;5008.9443;-30.035555;-30.215555
1974-02-22;-8.939087;-13.633704;-14.099921;744.57104;0.86627215;69.764145;100.0;0.26467863;235.6673;1123.9014;0.2350816;-0.054990873;0.0;0.11637807;0.11639297;0.0;0.22729486;1365.6333;4728.04;-1034.7356;4884.3755;-38.148888;-112.187775
1974-02-23;-9.207706;-13.088128;-12.421246;746.47516;1.0218272;58.37668;100.0;0.2653607;237.67967;1117.7164;0.48126578;-0.08392893;0.0;0.11599064;0.11599064;0.0;0.47957152;1388.9761;4780.3384;-1214.6888;4805.0757;-60.464443;-133.55
1974-02-24;-7.6846366;-12.888597;-11.286084;747.9883;0.85582477;150.40558;100.0;0.2658781;240.53839;1105.8756;2.8879702;-0.085702166;0.0;0.11558831;0.11558831;0.0;2.863135;1258.6705;4235.2495;-638.61945;5650.033;-61.65889;-123.96222
1974-02-25;-4.44928;-5.3905234;-7.560425;744.13965;0.54623765;238.53835;100.0;0.28088436;228.18;1229.2887;24.110336;0.008694828;0.0;0.115185976;0.11520088;0.0;23.736664;402.67722;1581.8944;56.40389;6727.004;8.054444;-47.00111
1974-02-26;-4.1856484;-6.1703897;-5.709259;744.4597;0.71324235;147.00839;100.0;0.29617497;222.45506;1332.4381;3.2001731;-0.07785857;0.0;0.11481345;0.11481345;0.0;3.052909;1015.7905;4338.436;-1150.66;5399.2935;-54.913334;-145.45
1974-02-27;-5.4061484;-10.779012;-8.861735;744.8757;1.0563604;58.80316;100.0;0.2965764;229.38702;1294.4336;0.004292763;-0.08716248;0.0;0.114411116;0.114411116;0.0;0.003758818;1298.7222;5387.799;-1439.9111;4700.31;-60.74222;-114.11
1974-02-28;-7.725698;-10.660407;-9.169536;740.6911;1.6964617;33.503788;100.0;0.29716396;234.56346;1267.4154;3.072896;-0.08746423;0.0;0.114023685;0.114016235;0.0;3.0347817;1036.3872;4190.1377;-779.705;5565.9976;-63.04;-104.42555
1974-03-01;-6.599569;-9.0252905;-7.90861;740.2534;0.9568269;96.768105;100.0;0.31177998;225.74413;1379.191;21.029371;-0.10718219;0.0;0.113636255;0.113621354;0.0;21.023378;864.41113;3686.3633;-489.59888;6005.5654;-79.56;-161.69667
1974-03-02;-6.073069;-7.5738587;-6.687795;744.6099;0.7728212;112.777626;100.0;0.32683384;219.82713;1487.2233;7.4048667;-0.08393638;0.0;0.113248825;0.113248825;0.0;7.360719;964.11444;4152.2227;-664.945;5917.5317;-60.752224;-196.31
1974-03-03;-6.018789;-8.875702;-6.415426;746.90826;1.4178711;32.523045;100.0;0.32964242;226.58917;1456.2988;2.8463454;-0.17029047;0.0;0.112861395;0.112868845;0.0;2.8392375;1014.29724;4287.1567;-638.3189;5970.02;-126.95556;-172.13
1974-03-04;-5.9875283;-9.361491;-6.3174133;747.8499;1.1999029;38.035603;100.0;0.33261788;232.65916;1431.1523;1.1567622;-0.13136584;0.0;0.112488866;0.112481415;0.0;1.134783;820.675;3436.912;-846.6117;5660.328;-98.39333;-116.22
1974-03-05;-7.604342;-12.058147;-8.284888;749.40216;1.4556664;35.69308;100.0;0.3330953;239.42218;1392.6595;0.0306066;-0.15058368;0.0;0.112101436;0.112101436;0.0;0.028461218;1358.262;5533.945;-1596.935;4590.903;-110.16556;-169.55556
1974-03-06;-8.9129;-16.184462;-11.575378;749.1599;1.5255805;35.468098;100.0;0.33306706;244.72557;1361.9385;0.0020861626;-0.10787696;0.0;0.11172891;0.111721456;0.0;0.0012405217;1488.5677;5909.2793;-1830.0056;4004.6577;-76.653336;-109.48
1974-03-07;-8.367881;-19.26756;-14.12088;749.18;1.3825265;33.92809;100.0;0.33304903;248.61586;1340.2914;0.0;-0.10942295;0.0;0.11134148;0.11134148;0.0;0.0;1545.6483;5979.7393;-1689.7572;4004.325;-77.933334;-64.76556
1974-03-08;-6.418335;-17.96531;-14.4375725;749.63055;1.0610756;60.889313;100.0;0.3330325;251.90428;1322.6725;0.00086562557;-0.103650615;0.0;0.110954046;0.1109615;0.0;0.0;1589.4872;5997.7354;-1417.0161;4394.3555;-73.19444;-59.232224
1974-03-09;-4.2499185;-13.351411;-12.1692505;751.21075;0.8986266;134.48918;100.0;0.33305696;255.28157;1305.2164;0.17315745;-0.10675192;0.0;0.11059642;0.11058897;0.0;0.16710162;1493.6659;5498.0723;-817.14056;5403.717;-75.600555;-93.185555
1974-03-10;-3.1258953;-6.1454163;-8.545993;751.82855;0.8398385;210.34418;100.0;0.3332785;259.27505;1286.0514;0.079363585;-0.07591583;0.0;0.11020899;0.11020899;0.0;0.07593632;1459.7789;5274.1377;-977.43445;5528.542;-52.696667;-142.40555
1974-03-11;-2.2361145;-3.524638;-5.6226807;749.74786;0.71643966;142.33678;100.0;0.33687302;260.61426;1292.8873;4.5725584;0.0014267862;0.0;0.10985136;0.10985136;0.0;4.193775;836.60693;3153.8638;-295.0011;6544.7334;4.998889;-82.23889
1974-03-12;-2.0303242;-4.073171;-3.3444164;749.6565;0.81338567;90.64866;100.0;0.33799195;266.0892;1271.4844;0.70908755;-0.16223826;0.0;0.10947883;0.10948628;0.0;0.6774813;1398.662;5112.72;-695.6872;6281.761;-118.69778;-206.8511
1974-03-13;-0.9420471;-3.0569355;-1.5706533;749.3711;0.66480964;94.8295;100.0;0.33882365;273.2145;1241.8213;0.33103228;-0.16182102;0.004634261;0.11374056;0.10911375;0.064393505;0.19134209;1220.5947;4318.5864;-633.54724;6497.668;-119.51778;-168.40222
1974-03-14;-0.16929118;-1.6800638;-0.7139333;751.2593;0.775929;219.32814;100.0;0.33828318;283.2321;1196.3705;0.06633401;-0.13319775;0.10204315;0.21079928;0.108756125;1.0986421;0.034932047;1636.5231;4922.19;-992.93555;6128.8315;-95.685555;-185.10667
1974-03-15;-0.37393188;-0.80201215;-0.25300726;751.1463;0.7195909;268.08096;100.0;0.33869085;292.9974;1157.3893;17.760584;-0.09136088;1.8252432;1.9336492;0.10840595;1.1320151;1.5454925;647.60803;1738.1072;-4.296111;7280.144;-69.57667;-117.69
1974-03-16;-0.21159871;-0.32421875;0.0055758157;746.8321;0.5969935;190.35242;100.0;0.34217227;293.1455;1165.7308;54.902256;-0.06937608;6.0298147;6.146282;0.11647493;4.6114473;22.033829;500.16278;1310.4183;53.400555;7372.6084;-52.61;-109.72889
1974-03-17;-1.6473185;-2.6295369;-0.13869222;742.86664;0.9191386;141.88074;100.0;0.36931702;269.55957;1369.4254;23.625383;-0.25652164;2.9941945;3.1019747;0.1077801;3.0903034;11.476677;1043.9321;4171.6523;-802.8736;6312.961;-192.14667;-245.97778
1974-03-18;-2.4045818;-5.1582336;-0.6500778;744.8489;0.7618446;103.38552;100.0;0.37144613;275.89615;1347.6156;2.8155327;-0.36349332;0.0027567148;0.1103282;0.10757148;0.02008304;2.496753;1237.2103;4199.086;-968.4522;6017.293;-275.56888;-203.93556
1974-03-19;-1.1817627;-3.2028809;-0.5697174;747.42255;1.4185781;38.53098;100.0;0.3757718;282.98535;1327.067;17.969484;-0.36271477;0.06264448;0.17005205;0.10741502;0.14569797;15.791569;1426.9714;4238.545;-633.97;6521.1587;-274.49777;-184.28027
1974-03-20;-0.39305624;-2.4592083;-0.14329402;750.11005;1.3102952;44.283127;100.0;0.39463055;277.35513;1423.3398;7.568675;-0.27437508;0.5031675;0.61042607;0.10726601;1.4755056;5.2421837;1124.2261;4273.05;-585.2942;6627.1255;-204.45111;-163.22333
1974-03-21;-0.5989787;-2.167694;-0.0817337;750.1421;1.3744341;32.524536;100.0;0.39958608;282.52377;1414.2252;20.685678;-0.15105307;2.2017658;2.30892;0.1071468;2.3192353;9.7428;623.4672;2097.395;-599.74164;6529.0605;-114.73778;-63.267776
1974-03-22;-1.3326212;-4.701477;-0.343544;749.468;1.0950004;52.40108;100.0;0.40497863;287.3506;1410.7666;0.93611777;-0.34649205;0.18441677;0.2914518;0.10705739;0.9666029;0.61138344;1820.4667;6031.912;-1531.5627;5461.906;-255.78944;-211.30222
1974-03-23;-0.57889813;-5.471293;-0.3799642;748.38885;0.93705183;57.227734;100.0;0.4040898;297.58267;1359.2123;0.16516447;-0.42704213;0.15561283;0.26258826;0.106975436;0.8609146;0.16228482;2179.0322;6247.2334;-1306.422;5839.7354;-317.10165;-225.30278
1974-03-24;-0.22324626;-3.993459;-0.2281456;746.24115;0.8076132;65.241585;100.0;0.39984584;306.63638;1305.4606;0.119555;-0.349164;1.3301373;1.4370531;0.10692328;6.932499;0.053260475;2127.666;5555.205;-1134.0203;6061.062;-258.005;-193.3989
1974-03-25;-1.3092651;-2.9062397;-0.22851689;744.9039;0.72253627;60.40315;100.0;0.39808795;312.91733;1272.4203;6.6231194;-0.2741972;0.59369206;0.700593;0.10690838;2.5302377;4.1432643;1312.0566;3344.5671;-626.24335;6548.4746;-207.85278;-182.21777
1974-03-26;-1.8328654;-2.7868245;-0.13163249;743.8575;0.6057643;154.01897;100.0;0.4013076;313.3099;1281.3314;4.165324;-0.3488688;0.6019771;0.70892274;0.10693073;2.7262456;3.4173913;1400.0605;4008.18;-675.8703;6516.202;-265.27444;-296.13556
1974-03-27;-1.7022909;-3.1529262;-0.14983495;744.4983;0.66394144;223.72882;100.0;0.40010646;317.53256;1261.027;2.1155179;-0.45813435;0.7789135;0.88590384;0.10699779;3.5658927;1.4006569;1716.1433;4734.0713;-751.1925;6467.5913;-348.66;-332.0489
1974-03-28;-2.087555;-3.5998688;-0.15860367;745.76807;1.2653013;211.41429;100.0;0.39823952;322.29102;1236.206;3.1895669;-0.67817044;0.600636;0.70774555;0.107117;2.8878748;2.7776995;2206.1772;5775.1284;-912.95;6294.3774;-519.14166;-489.72888
1974-03-29;-1.8135275;-2.5683796;-0.10543314;746.66437;0.6935106;147.74051;100.0;0.4046401;317.82584;1271.7285;15.713746;-0.29470307;0.4736781;0.5810112;0.10732561;1.4849342;13.676569;923.7011;2852.2534;-325.54166;6884.1445;-225.63667;-276.85556
1974-03-30;-0.5659993;-2.6532695;-0.071186066;745.9631;0.8745485;65.942856;100.0;0.4175787;305.152;1367.8793;10.013908;-0.28336048;0.85672736;0.96434355;0.107608736;3.4428127;8.389313;1261.3694;4613.5596;-703.19415;6534.6924;-209.85556;-192.53667
1974-03-31;-2.4941914;-5.4037476;-0.34845734;743.95355;1.6886419;31.328386;100.0;0.4251355;303.069;1402.71;7.4457827;-0.49033576;0.0094771385;0.117480755;0.10800362;0.042892992;7.2235985;894.99835;3248.8994;-897.76056;6086.779;-377.1011;-159.25555
1974-04-01;-2.6537373;-6.2507463;-0.83306503;745.4654;0.99760413;83.00765;100.0;0.4265739;308.99838;1381.6732;0.06478131;-0.6088009;0.0;0.10848045;0.108473;0.0;0.06392598;2207.1238;6852.936;-1437.0947;5538.6665;-460.6139;-408.40527
1974-04-02;-2.3974278;-3.118932;-0.6913872;744.10834;0.9851179;201.91127;100.0;0.43100384;311.74316;1380.9;17.61856;-0.3699055;0.040322542;0.14930964;0.10898709;0.042509288;16.548689;1150.65;3354.8406;-256.8586;6906.39;-283.43668;-355.6825
1974-04-03;-1.6551208;-3.0069377;-0.27070108;744.0024;0.70090866;143.40836;100.0;0.46009848;290.63965;1580.2816;32.534554;-0.34880078;0.17111003;0.28064847;0.10954589;0.2821833;30.008844;1114.4144;4378.1206;-430.9925;6774.999;-263.35556;-306.82556
1974-04-04;-1.7761637;-2.6424358;-0.13675435;741.51447;0.74145705;85.493126;100.0;0.488264;279.66635;1744.0186;26.45019;-0.1949612;0.097841024;0.20800531;0.110164285;0.14840811;24.947815;548.26056;2155.91;-408.61667;6752.5537;-148.9911;-157.39444
1974-04-05;-2.4874878;-3.1879272;-0.2134959;743.91315;0.7478204;214.90538;100.0;0.5065103;277.84702;1824.3408;5.823448;-0.3381176;0.24573505;0.3566146;0.11087209;0.7588006;4.5138597;1238.3772;4674.04;-696.6653;6418.5513;-255.19112;-365.08334
1974-04-06;-2.8784382;-4.264936;-0.3019333;743.7242;1.3480879;210.06856;100.0;0.51098126;285.87143;1788.3707;5.762848;-0.5823392;0.045657158;0.15731156;0.11166185;0.14408305;5.1882415;1743.2006;5917.668;-962.9022;6145.37;-443.66556;-476.43445
1974-04-07;-3.274297;-6.450228;-0.5279376;744.6988;0.9569044;214.20308;100.0;0.51332146;294.24023;1746.0123;0.38360655;-0.74549764;0.012934208;0.12540817;0.112473965;0.06449595;0.36963448;2169.2278;6730.9307;-1418.8247;5573.3965;-568.55;-447.6678
1974-04-08;-2.0308838;-3.3376935;-0.53807324;742.6777;0.7704658;145.53683;100.0;0.5213241;298.26367;1745.5648;27.8408;-0.3468478;0.0885278;0.20182133;0.11329353;0.089440495;25.316442;1363.2528;4032.1772;-536.61975;6610.794;-262.8922;-282.47665
1974-04-09;-2.7866313;-3.473816;-0.13822174;739.31055;0.80252963;182.01534;100.0;0.56248814;280.5189;2002.1566;31.230062;-0.33747685;0.37562847;0.52656233;0.15093386;0.74232185;28.391573;700.4606;2897.7017;-320.97388;6825.112;-258.77277;-334.44
1974-04-10;-3.6846416;-5.5617166;-0.51445895;741.1115;0.66923094;146.54135;100.0;0.57848483;280.52768;2061.6863;10.480726;-0.46333206;0.015750527;0.13104081;0.11528283;0.04942715;10.043293;1373.9484;5179.279;-1000.04114;5993.7354;-351.6539;-389.24777
1974-04-11;-3.8736165;-7.034902;-0.9774437;742.9704;0.8601522;97.85441;100.0;0.5841207;287.54102;2033.2845;0.6241812;-0.6036144;0.0;0.11639297;0.11639297;0.0;0.5797893;1881.7655;6457.0073;-1415.8992;5460.3384;-457.61667;-412.9689
1974-04-12;-3.1431072;-6.3823647;-1.2671179;748.50055;0.81647843;137.8012;100.0;0.58391064;298.18588;1959.8795;0.13365746;-0.6345222;0.0;0.11745095;0.1174584;0.0;0.11118129;2274.7678;6812.892;-1295.0377;5669.8457;-480.54834;-402.1911
1974-04-13;-2.7850647;-3.6719563;-0.99757385;746.4023;0.679512;164.04811;100.0;0.5883568;304.27246;1933.431;8.061638;-0.30072218;0.009655952;0.12814999;0.11848658;0.02438575;7.544924;1036.4355;3057.6372;-496.09723;6610.471;-229.96666;-269.54333
1974-04-14;-0.8934224;-3.2862751;-0.5727641;745.4235;0.94833857;113.161156;100.0;0.59241396;311.38672;1904.0934;1.4982939;-0.3253203;0.13422966;0.25370717;0.11948496;0.71404505;0.96547234;1970.0216;5957.6284;-1257.7345;5813.0913;-238.94221;-243.42444
1974-04-15;0.33251953;-2.6868184;-0.44672903;750.04266;1.0075704;135.5053;100.0;0.59031075;322.00357;1834.9203;0.0230968;-0.34902337;0.73194504;0.8523762;0.120423734;3.9058216;0.0003017485;2833.265;7637.5317;-1919.9127;5106.208;-252.48778;-224.61223
1974-04-16;1.2362772;-1.3204447;-0.22331111;750.4943;0.7663924;202.96858;100.0;0.5860899;331.10254;1771.525;9.728345;-0.23212376;2.9182286;3.0396132;0.12138486;7.8906083;0.6015375;2024.3711;5107.529;-776.73444;6466.6646;-167.64778;-175.46222
1974-04-17;3.2982483;-0.5168559;-0.10014089;750.7981;1.0080373;229.57915;100.0;0.574864;337.94498;1702.5553;0.08262694;-0.35056472;4.3869615;4.5657606;0.17880648;15.896708;0.0;3144.9111;7494.581;-1583.6256;5704.7754;-252.32445;-159.40889
1974-04-18;2.5095215;-1.3726196;-0.13475163;750.11255;0.98104095;136.5183;100.0;0.5610424;344.47232;1630.2897;2.3798187;-0.40387177;4.275158;4.4395924;0.16444176;12.9386;0.02758205;2730.4917;6190.017;-834.8703;6537.38;-295.6;-183.87555
1974-04-19;2.9596558;-2.150706;-0.13210297;746.3746;1.2400662;156.61327;100.0;0.5454734;350.50034;1557.6986;0.04069805;-0.46728736;5.2884817;5.98374;0.6952509;16.914883;0.0;3498.7605;7636.704;-1703.3184;5560.433;-342.26443;-146.31555
1974-04-20;-1.2047119;-4.033671;-0.20579529;743.6011;1.7736491;209.11821;100.0;0.5360009;355.46387;1507.7311;6.090432;-0.9890739;1.8105805;1.9457191;0.13513863;5.9332066;5.167492;3161.1267;6718.8965;-1278.9386;5902.141;-759.6633;-467.19446
1974-04-21;-1.7837423;-4.483435;-0.19002533;745.6421;1.2813598;209.02586;100.0;0.53904384;352.55728;1528.483;5.905652;-0.75561553;0.67332387;0.815019;0.14170259;2.1395645;4.5952907;2277.4866;6463.3984;-1076.8156;6068.277;-576.36554;-396.37888
1974-04-22;1.5302429;-3.3072994;-0.18921788;745.8558;1.1282996;182.53914;100.0;0.5352618;355.6481;1505.6967;0.11359228;-0.4945528;2.500862;2.7024448;0.20159036;9.009979;0.010797754;2884.4639;7898.5537;-1846.2561;5285.785;-363.19;-176.12666
1974-04-23;-0.514801;-2.1066692;-0.21605428;744.9598;1.0666286;177.14734;100.0;0.5329849;359.06967;1483.8867;12.7797575;-0.38046205;2.5905967;2.7484;0.15779585;4.9465523;6.035;1991.1106;5341.302;-813.49915;6393.636;-284.7378;-253.27112
1974-04-24;-1.7838339;-4.2767234;-0.126592;747.59454;1.2003114;171.24902;100.0;0.534805;357.70377;1494.5883;9.018472;-0.6109476;2.1318793;2.3600311;0.22815168;4.889414;6.2029214;2286.9229;6692.5474;-1326.383;5805.416;-462.86;-410.28223
1974-04-25;-0.69683075;-7.218895;-0.3771998;751.4216;0.86274576;95.52985;100.0;0.5352711;360.12857;1486.9791;0.05004704;-0.54459924;0.41094422;0.59200823;0.18104911;1.5129298;0.00070407987;2673.5178;7943.532;-1994.1528;4945.3555;-402.8689;-259.54
1974-04-26;1.6930847;-4.9873962;-0.3009008;749.73486;0.9123526;127.0109;100.0;0.532075;368.0309;1446.5739;2.2763908;-0.4072869;1.5933365;1.7872453;0.19390136;4.9253964;0.00016018748;2665.4504;7091.5073;-1334.7219;5837.1;-295.70334;-174.99222
1974-04-27;2.073944;-2.3608296;-0.06869125;744.7517;1.0506166;226.58507;100.0;0.5233253;373.74448;1400.8383;0.38312674;-0.5236054;4.0990562;4.3485165;0.24943054;13.132375;0.0;2877.953;7068.053;-1296.4647;5995.161;-389.5111;-190.02222
1974-04-28;-0.6988322;-2.9815876;-0.13220215;743.00934;1.2249941;250.94514;100.0;0.5140988;375.86752;1367.7979;10.215923;-0.43865013;5.8326945;7.1045012;1.2718067;9.481408;2.5639012;2379.2634;5753.2363;-1173.7839;6016.426;-329.40445;-273.51443
1974-04-29;-1.0421346;-7.0043945;-0.29114786;744.57135;1.0170792;130.03214;100.0;0.5084199;380.04785;1338.3789;0.092983246;-0.89822614;1.522541;1.773566;0.25103986;4.969116;0.011913478;3302.905;8007.9;-1825.1967;5261.4;-681.0833;-353.50665
1974-04-30;-0.6172078;-3.0885518;-0.19573085;746.0843;0.7874337;179.97644;100.0;0.5035527;386.3978;1303.5074;4.13993;-0.4804898;2.5155993;2.8245597;0.30897558;4.8743486;0.35632402;2193.784;5054.8633;-747.74554;6486.405;-364.03;-280.96777
1974-05-01;1.9656067;-0.8548889;-0.059087116;748.8003;0.9836586;193.326;100.0;0.49153793;390.63834;1259.318;0.27124882;-0.5265782;6.2819424;7.53662;1.2546629;16.995628;0.0011846423;3297.6533;7355.7295;-1049.8011;6370.515;-389.67334;-287.96777
1974-05-02;2.871989;1.1676941;-0.031895954;749.4783;1.071166;260.14694;100.0;0.47297716;393.55533;1202.7588;3.9942143;-0.22757706;8.764431;10.2600155;1.4955924;19.50368;3.3527613e-05;2675.5784;5763.934;-632.1228;6842.2954;-160.70222;-151.70334
1974-05-03;2.2951252;1.5554098;0.0004526774;747.4893;0.7855838;153.07712;100.0;0.4578006;396.09277;1156.2906;15.9109535;-0.036691315;12.746438;14.846831;2.1003857;14.365237;0.0070035458;1445.82;3032.2039;-18.707777;7421.8755;-21.617777;-84.72667
1974-05-04;1.0272318;-0.34721884;-0.013004303;745.4721;1.0074507;151.29585;100.0;0.44178644;397.3646;1112.264;6.9270225;-0.34727716;9.824231;11.366114;1.5418901;17.563358;0.35233423;2602.1873;5445.8184;-647.50446;6769.1978;-257.15277;-236.45111
1974-05-05;0.75578815;-2.8491719;-0.116640724;747.57074;1.1522244;101.91537;100.0;0.4242547;400.33072;1060.669;0.48133135;-0.6983913;6.991193;8.439779;1.4485791;17.543758;0.003080815;3577.7573;7350.4443;-1396.3127;5883.577;-525.4867;-340.38223
1974-05-06;2.9042053;-3.292979;-0.21389134;750.5275;0.9847417;86.90109;100.0;0.40654254;406.09213;1002.4414;0.020980835;-0.44013375;7.147923;8.349434;1.2015178;18.245708;0.0;4052.6584;8200.782;-1809.3824;5472.3867;-317.58112;-183.51
1974-05-07;4.129476;-1.4891154;-0.19251125;752.6547;1.1062554;184.42975;100.0;0.38679788;412.58853;938.8428;0.0031471252;-0.3850907;8.853287;11.236161;2.3828745;20.627913;0.0;4085.3455;8169.4;-1708.3228;5646.0347;-274.75;-151.91777
1974-05-08;4.9132485;-3.0510254;-0.18851726;753.5455;1.1448162;131.3586;100.0;0.36527106;418.87955;873.53516;0.0011324883;-0.4165638;8.633405;11.137351;2.5039463;21.827396;0.0;4095.6384;8115.1665;-1639.9395;5741.54;-297.88;-121.93445
1974-05-09;5.7825623;-4.856791;-0.199529;753.1575;1.097406;83.14893;100.0;0.34284437;425.1403;808.1462;0.0024527311;-0.45368728;9.1664715;11.061415;1.8949435;22.524189;0.0;4109.9023;8085.3843;-1597.664;5797.4307;-326.39334;-102.68445
1974-05-10;5.7053933;-3.8742778;-0.20320384;752.1463;1.2125727;94.80741;100.0;0.32040957;431.69662;744.2627;0.015968084;-0.4607411;9.13994;11.640608;2.5006757;22.27476;0.0;4033.9873;7890.7256;-1476.3875;5942.48;-332.21777;-89.34
1974-05-11;5.7063804;-1.9460043;-0.16828664;752.5098;1.3510028;106.44512;100.0;0.296749;437.79428;679.76886;0.008821487;-0.43136346;10.418132;13.867058;3.4489183;23.928284;0.0;3842.8318;7483.2163;-1201.008;6244.1255;-310.1122;-85.64333
1974-05-12;5.7628274;-0.0210673;-0.17568715;752.5214;1.1625546;136.02586;100.0;0.27287963;442.90884;617.83856;0.42832196;-0.33110195;9.674311;13.932347;4.258029;23.474663;0.0;3607.213;7000.1313;-1182.9539;6238.3857;-236.24777;-90.14
1974-05-13;5.222921;-0.5442505;-0.2727661;752.07697;1.1162633;186.39574;100.0;0.24936354;448.3724;557.5358;0.00044107434;-0.46305543;10.038599;14.1096115;4.070997;23.645506;0.0;4262.171;8249.387;-1739.3286;5610.209;-336.07224;-146.76222
1974-05-14;4.869944;-2.1005046;-0.4309311;751.67334;1.0728164;163.81052;99.309975;0.22673301;449.9554;504.9235;0.0008523463;-0.43222493;9.014294;14.808088;5.793795;22.198477;0.0;4378.8794;8443.214;-1920.9961;5411.4365;-308.8922;-134.71889
1974-05-15;5.390493;-2.369873;-0.36480078;751.44214;1.1609887;183.44786;97.218506;0.20485933;450.0;456.29883;0.07497966;-0.517115;8.25613;14.247879;5.9917493;21.452938;0.0;4241.5137;8068.416;-1545.4872;5877.6426;-370.99;-123.85667
1974-05-16;6.140432;-1.6001587;-0.25181708;751.8589;1.2196975;133.16484;95.45557;0.18128617;450.0;404.05273;0.746572;-0.48571917;10.7702465;19.972176;9.2019;24.054405;0.0;4000.4246;7527.449;-1323.2314;6135.262;-343.3439;-122.12778
1974-05-17;7.4711404;-2.345042;-0.32914352;752.2006;1.2768385;187.37627;94.49674;0.15710366;450.0;350.3418;0.21168366;-0.6142669;9.941011;19.167603;9.22659;24.26294;0.0;4209.833;7870.4946;-1461.9208;5993.9067;-438.13666;-115.674446
1974-05-18;7.7972207;-2.2503865;-0.45140585;750.7212;1.3078579;257.61526;94.04224;0.13296819;450.0;296.9564;0.0008553406;-0.6760359;10.723442;21.726631;11.003181;24.116077;0.0;4491.3706;8369.522;-1711.6259;5721.1587;-482.70334;-118.08
1974-05-19;7.777761;-0.9911194;-0.51094437;749.3667;1.2676476;207.79738;93.85612;0.10890373;450.0;243.36751;0.003996491;-0.68964624;9.591415;22.168085;12.576662;23.826923;0.0;4445.991;8271.887;-1642.8694;5837.0034;-492.96222;-117.96445
1974-05-20;8.227092;-1.2718405;-0.55642194;750.00146;1.3149698;262.8942;93.78329;0.08398048;450.0;187.66277;0.08890033;-0.7289015;10.441571;23.508251;13.066657;24.975609;0.0;4375.5327;8132.7124;-1517.8622;5942.8667;-523.08887;-115.76111
1974-05-21;9.499867;-0.700531;-0.6574618;751.0132;1.2055211;182.1527;93.70239;0.057583254;450.0;129.1097;0.126338;-0.65752214;11.624664;24.296045;12.671351;27.0173;0.0;4345.5083;8060.9824;-1326.9722;6193.2144;-464.87;-121.702225
1974-05-22;10.204762;-1.0186462;-0.83104324;747.95514;1.7155758;202.1941;70.5546;0.032042105;450.0;72.42838;1.6170996;-1.1311061;10.362029;23.89665;13.534636;23.227957;0.0;4720.7856;8042.237;-1520.4539;6158.6865;-800.6989;-120.52778
1974-05-23;8.019704;-1.3873291;-1.2392935;747.9856;1.5389136;218.02507;36.427002;0.01589799;450.0;35.72591;0.004158307;-2.1851594;3.8880706;16.354233;12.466163;11.67946;0.0;5758.263;8349.034;-2057.8394;5746.9146;-1534.5577;-585.3011
1974-05-24;9.496948;-0.569163;-1.0461706;751.0866;1.0057952;200.75154;16.708414;0.0072439513;450.0;16.357422;0.001282674;-2.7744145;2.0450206;13.698533;11.653521;6.585855;0.0;6323.0576;8448.641;-2326.5305;5818.9067;-1928.66;-674.57556
1974-05-25;10.824056;-0.85214233;-0.63477963;752.31647;1.1285354;163.35512;6.6107583;0.0028521616;450.0;6.632487;0.0021427867;-3.478404;0.82579255;11.382669;10.556877;2.9421785;0.0;6630.316;8504.49;-2492.9368;5908.1323;-2416.7622;-685.94336
1974-05-26;11.077972;-1.2938334;-0.26748022;749.68024;1.2217698;113.12972;2.3592122;0.0010141929;450.0;2.2379558;0.011864582;-3.8066077;0.28821826;9.748995;9.460777;1.1368692;0.0;6570.813;8283.186;-2406.2043;6143.0576;-2644.4856;-766.87445
1974-05-27;11.40208;-2.31722;-0.1298027;746.1248;1.541645;150.23834;0.81152344;0.00034920374;450.0;0.61035156;0.6566552;-3.7944298;0.19480288;8.674324;8.479513;0.3810078;0.0;6399.203;8011.78;-2321.6355;6197.662;-2636.078;-922.6667
1974-05-28;8.423442;0.11407471;-0.16391881;746.1667;1.3401033;101.97443;0.2972819;0.00012834866;437.4619;-7.345365e-21;4.8230467;-3.1336713;0.8818805;8.521289;7.639408;0.12659281;0.0;5631.886;7030.2334;-1960.1394;6456.9023;-2176.912;-1103.15
1974-05-29;9.18275;-0.83095294;-0.25658926;748.8118;1.4867092;124.23278;0.11686198;5.062421e-05;428.7816;-7.345365e-21;0.21376014;-3.570959;0.041514635;6.970167;6.92866;0.049527735;0.0;6015.224;7495.58;-2208.2483;6181.747;-2480.65;-1025.8545
1974-05-30;9.828552;-2.2658997;-0.21515019;750.586;1.4630494;127.93954;0.045166016;1.947085e-05;428.11655;-7.345365e-21;0.049740076;-3.7402046;0.010684133;6.3331127;6.3224287;0.019997358;0.0;6421.1704;7990.8813;-2312.9233;6123.3477;-2598.209;-1131.0488
1974-05-31;9.986694;-2.1948547;-0.03542201;751.20386;1.3587893;115.24991;0.016927084;7.0730844e-06;428.09375;-7.345365e-21;0.13374686;-3.7072058;0.017419457;5.8215113;5.8041067;0.0075362623;0.0;6289.53;7817.992;-2209.2466;6303.297;-2575.2766;-1075.6355
1974-06-01;9.022542;1.3492838;0.008800507;749.5594;1.2951859;63.448917;0.005452474;2.2649765e-06;428.09375;-7.345365e-21;4.4947443;-3.2316911;0.66787004;6.027043;5.3591805;0.0027418137;0.0;5780.676;7177.6953;-2060.3462;6490.5723;-2244.9468;-1074.3678
1974-06-02;8.625712;1.573466;0.006652832;748.2764;1.1479623;135.69173;0.0024414062;9.536743e-07;428.09375;-7.345365e-21;1.842122;-2.9044895;0.24947524;5.2253904;4.9759;0.000949949;0.0;5205.674;6456.481;-1870.7705;6602.342;-2017.6522;-1082.2522
1974-06-03;9.612061;1.49469;-0.028710684;749.7422;1.2027997;159.75221;0.0006510417;2.3841858e-07;428.09375;-7.345365e-21;0.51979876;-3.3151228;0.06094575;4.700601;4.639648;0.00039488077;0.0;5783.7217;7166.0376;-2002.0967;6580.852;-2302.9055;-1070.7655
1974-06-04;11.465759;-0.0005086263;-0.004046122;750.9522;1.037908;125.80585;0.0;-7.3453654e-25;428.09375;-7.345365e-21;0.059711933;-3.8784733;0.006198883;4.3469667;4.340768;0.00014528632;0.0;6467.2056;8004.5566;-2382.6428;6337.2744;-2694.2466;-972.9644
1974-06-05;12.332214;-1.8045756;-2.1008034;749.30396;1.2770764;141.36989;0.0;-7.3453654e-25;242.14095;-7.345365e-21;0.0016629696;-4.056575;0.0001937151;4.074216;4.0740223;4.0978193e-05;0.0;6684.5127;8264.842;-2510.2517;6228.3345;-2817.9666;-960.43665
1974-06-06;10.585774;-0.9981079;-1.0650266;748.1181;1.497796;167.50522;0.0;-7.3453654e-25;123.38084;-7.345365e-21;1.1111587;-3.0825436;0.11987984;3.9567947;3.8369298;1.4901161e-05;0.0;5499.312;6792.527;-2068.311;6471.673;-2141.34;-1099.2289
1974-06-07;10.4913025;-0.6494548;-0.0944163;748.39325;1.2364908;125.96224;0.0;-7.3453654e-25;100.97296;-7.345365e-21;0.6936773;-3.3036954;0.06824732;3.6924481;3.6242232;0.0;0.0;5932.0938;7319.02;-2193.6838;6442.7354;-2294.9666;-1120.0133
1974-06-08;10.45519;0.4804484;0.009787242;750.81226;1.3007647;129.86476;0.0;-7.3453654e-25;99.99998;-7.345365e-21;0.14847517;-3.447568;0.013530254;3.4447312;3.4312234;0.0;0.0;6243.7085;7695.5156;-2129.6106;6599.8926;-2394.91;-1303.54
1974-06-09;10.34319;-0.4875183;0.009735107;750.10016;1.4998685;212.23763;0.0;-7.3453654e-25;99.99998;-7.345365e-21;0.08532405;-3.413858;0.00782311;3.263265;3.2554417;0.0;0.0;6207.1143;7642.3335;-2284.7583;6423.6006;-2371.4934;-1294.06
1974-06-10;10.524852;2.2432353;0.009857178;750.4448;1.2275631;89.68899;0.0;-7.3453654e-25;99.99998;-7.345365e-21;0.04130006;-2.8353612;0.0035315752;3.098771;3.0952244;0.0;0.0;5337.561;6564.6724;-2048.965;6696.3267;-1969.6311;-975.2022
1974-06-11;10.488098;1.9790039;0.009902954;748.4419;1.1308985;84.89971;0.0;-7.3453654e-25;99.99998;-7.345365e-21;0.16194156;-3.1571472;0.013440847;2.9619336;2.9485002;0.0;0.0;5903.447;7253.2324;-2101.4116;6772.3906;-2193.1646;-1225.1755
1974-06-12;12.202942;-0.55774945;0.0100034075;747.45575;1.419849;119.71902;0.0;-7.3453654e-25;99.99998;-7.345365e-21;0.0023543835;-3.4572399;0.0001937151;2.8128624;2.8126762;0.0;0.0;6553.9365;8044.1035;-2323.3323;6651.8013;-2401.629;-1441.3733
1974-06-13;14.609273;-1.670929;0.009771983;751.1091;1.4213657;178.79967;0.0;-7.3453654e-25;99.99998;-7.345365e-21;0.0020056963;-3.3923945;0.00016391277;2.6868134;2.6866496;0.0;0.0;6646.547;8149.3364;-2552.6902;6540.5933;-2356.5823;-1268.6611
1974-06-14;14.670024;-1.2787882;0.010185242;752.06757;1.177817;180.79915;0.0;-7.3453654e-25;99.99998;-7.345365e-21;0.6190896;-3.1081746;0.04954636;2.6195197;2.5699809;0.0;0.0;6537.1636;8006.8813;-2599.3218;6539.763;-2159.1455;-1341.9222
1974-06-15;14.801555;-2.3017476;0.0098177595;749.9287;1.2522229;178.5757;0.0;-7.3453654e-25;99.99998;-7.345365e-21;0.0004351138;-3.2233148;2.9802322e-05;2.461642;2.461627;0.0;0.0;6939.189;8490.46;-2846.8193;6330.0967;-2239.129;-1448.3867
1974-06-16;14.277089;-2.0463154;0.010040283;748.6289;1.3261076;184.22107;0.0;-7.3453654e-25;99.99998;-7.345365e-21;0.0040769577;-2.9142256;0.00029802322;2.3606718;2.3603888;0.0;0.0;6867.26;8401.339;-2843.966;6336.2188;-2024.4155;-1581.9989
1974-06-17;15.060974;-0.97839355;0.01001358;751.2111;1.2352389;144.36282;0.0;-7.3453654e-25;99.99998;-7.345365e-21;0.00044107434;-2.7999346;2.9802322e-05;2.2658408;2.265811;0.0;0.0;6936.106;8484.463;-2910.1055;6415.4546;-1945.0222;-1621.9889
1974-06-18;16.045532;-2.4783428;0.010005951;751.8218;1.2357951;111.55254;0.0;-7.3453654e-25;99.99998;-7.345365e-21;0.0008702277;-2.7309992;5.9604645e-05;2.177149;2.1771045;0.0;0.0;6997.507;8558.495;-3044.0989;6432.221;-1897.1355;-1509.8833
1974-06-19;16.33722;-1.8624471;0.010148366;750.7906;1.3124722;116.955864;0.0;-7.3453654e-25;99.99998;-7.345365e-21;0.0021293636;-2.528323;0.00013411045;2.093926;2.0937846;0.0;0.0;6927.564;8471.798;-3012.8767;6593.003;-1756.3411;-1611.2622
1974-06-20;17.255533;-1.7069803;0.009858449;750.8884;1.1251055;160.63983;0.0;-7.3453654e-25;99.99998;-7.345365e-21;0.0011265278;-2.36905;5.9604645e-05;2.0155013;2.0154417;0.0;0.0;6788.5557;8300.75;-3043.6807;6700.83;-1645.7;-1551.9667
1974-06-21;18.17631;-2.7661133;0.009840648;752.88776;1.3802395;179.18964;0.0;-7.3453654e-25;99.99998;-7.345365e-21;0.0;-2.232422;0.0;1.9417107;1.9416958;0.0;0.0;6954.6626;8502.766;-3118.7722;6698.359;-1550.79;-1717.43
1974-06-22;18.86262;-6.230133;0.009873708;752.9043;1.1846309;126.48227;0.0;-7.3453654e-25;99.99998;-7.345365e-21;0.0004351138;-2.1707397;2.9802322e-05;1.8722415;1.8721968;0.0;0.0;7128.4517;8714.136;-3496.3926;6371.9653;-1507.94;-1617.7322
1974-06-23;18.888784;-5.313568;0.010063171;750.4075;1.2373363;106.48464;0.0;-7.3453654e-25;99.99998;-7.345365e-21;0.0;-2.0639887;0.0;1.8064827;1.8064902;0.0;0.0;6993.394;8547.901;-3362.1738;6547.8345;-1433.7844;-1689.2433
1974-06-24;17.07669;-7.6260886;0.010209401;747.9697;1.5781177;137.99536;0.0;-7.3453654e-25;99.99998;-7.345365e-21;0.0;-1.8213782;0.0;1.7444938;1.7445014;0.0;0.0;7134.4478;8719.212;-3497.2256;6167.9434;-1265.25;-2060.169
1974-06-25;16.229614;-4.3030295;0.009894053;747.59784;1.2158138;137.93846;0.0;-7.3453654e-25;99.99998;-7.345365e-21;0.00031292439;-1.6979119;1.4901161e-05;1.6859621;1.6859472;0.0;0.0;6761.3384;8262.111;-3086.8032;6596.779;-1179.4828;-2043.55
1974-06-26;16.482779;-2.2711384;0.009849548;747.14154;1.5459642;167.48318;0.0;-7.3453654e-25;99.99998;-7.345365e-21;0.027367473;-1.6093124;0.0016987324;1.6322285;1.6305298;0.0;0.0;6768.4854;8269.777;-3038.016;6667.3745;-1117.9355;-2251.5657
1974-06-27;15.286102;-2.067871;0.010033925;749.32745;1.6484947;134.74687;0.0;-7.3453654e-25;99.99998;-7.345365e-21;0.39655566;-1.486767;0.024020672;1.6023219;1.5783086;0.0;0.0;6413.676;7835.299;-2829.21;6716.979;-1032.8077;-2270.5244
1974-06-28;14.033589;-4.6854553;0.009966533;751.2121;1.62843;131.74864;0.0;-7.3453654e-25;99.99998;-7.345365e-21;0.0049471855;-1.6140239;0.00029802322;1.5291274;1.528822;0.0;0.0;6971.5796;8515.614;-3175.9106;6296.8047;-1121.2089;-2445.7834
1974-06-29;14.764384;-3.0152996;0.009941101;751.2795;1.2086853;120.56601;0.0;-7.3453654e-25;99.99998;-7.345365e-21;0.00044214717;-1.595376;2.9802322e-05;1.4814436;1.4814138;0.0;0.0;6984.6523;8530.598;-3206.7112;6425.1724;-1108.2556;-2229.5266
1974-06-30;17.59848;-4.79598;0.010009766;751.8072;1.1743339;122.21646;0.0;-7.3453654e-25;99.99998;-7.345365e-21;0.00042617318;-1.6427319;2.9802322e-05;1.4361292;1.4361069;0.0;0.0;7000.6694;8549.083;-3362.9556;6528.491;-1141.1511;-1995.5122
1974-07-01;19.975546;-7.4262595;0.010106404;752.89575;1.1550363;118.8764;0.0;-7.3453654e-25;99.99998;-7.345365e-21;0.0;-1.6377261;0.0;1.3929307;1.3929307;0.0;0.0;7106.77;8677.52;-3447.0713;6646.708;-1137.6733;-1865.0144
1974-07-02;20.260782;-4.852488;0.009811401;751.0983;1.4604312;153.8066;0.0;-7.3453654e-25;99.99998;-7.345365e-21;0.0;-1.5319456;0.0;1.3518333;1.3518184;0.0;0.0;6822.4033;8329.173;-3282.5962;6891.956;-1064.1912;-2007.2433
1974-07-03;18.39379;-5.557505;0.00999705;747.23975;1.4208337;126.72116;0.0;-7.3453654e-25;99.99998;-7.345365e-21;0.0;-1.4472176;0.0;1.3125837;1.3125837;0.0;0.0;7091.656;8656.81;-3535.1616;6435.453;-1005.3345;-2241.5889
1974-07-04;15.656627;-1.6634928;0.009928386;744.6136;1.5939956;125.48681;0.0;-7.3453654e-25;99.99998;-7.345365e-21;0.29832125;-1.2857523;0.017151237;1.2924373;1.2752861;0.0;0.0;6521.8174;7960.059;-2983.7566;6750.827;-893.1689;-2353.8745
1974-07-05;13.430542;5.0397744;0.009952545;747.7075;1.2222699;76.0928;0.0;-7.3453654e-25;99.99998;-7.345365e-21;1.4486909;-1.3491707;0.08511543;1.3254285;1.240313;0.0;0.0;5160.1904;6297.277;-2058.8247;7527.323;-937.2244;-2036.0634
1974-07-06;12.148784;6.7128806;0.010039012;748.8899;1.4575216;67.51869;0.0;-7.3453654e-25;99.99998;-7.345365e-21;14.508277;-1.6707648;1.1217892;2.3291707;1.2073815;0.0;0.0;5376.2974;6560.25;-2035.5623;7324.049;-1160.6233;-2080.1333
1974-07-07;11.644246;4.9773765;0.009820302;749.47516;1.6997528;45.145245;0.0;-7.3453654e-25;99.99998;-7.345365e-21;0.065261126;-3.1024544;0.0040233135;1.1802018;1.1761934;0.0;0.0;5527.0933;6743.033;-2097.01;6914.1577;-2155.1711;-1437.2367
1974-07-08;13.395935;2.331187;0.010045369;750.04425;1.160072;97.21356;0.0;-7.3453654e-25;99.99998;-7.345365e-21;0.14397502;-3.2053003;0.008717179;1.1546612;1.145944;0.0;0.0;6227.043;7596.38;-2449.9717;6699.758;-2226.6155;-1370.3077
1974-07-09;13.822612;1.699412;0.010045369;751.503;0.8843345;103.99395;0.0;-7.3453654e-25;99.99998;-7.345365e-21;0.30207634;-2.9324543;0.01771748;1.1344403;1.1167377;0.0;0.0;6183.086;7541.879;-2551.869;6705.856;-2037.0789;-1367.2367
1974-07-10;15.853658;0.44281006;0.009986877;750.5991;1.1029271;109.89239;0.0;-7.3453654e-25;99.99998;-7.345365e-21;0.0014901161;-2.8943663;7.4505806e-05;1.0885745;1.0885149;0.0;0.0;6420.476;7830.291;-2743.8628;6711.039;-2010.62;-1335.5577
1974-07-11;16.140757;2.5420227;0.009787242;750.2784;1.0841604;94.761024;0.0;-7.3453654e-25;99.99998;-7.345365e-21;0.12156569;-2.3149996;0.0063180923;1.0677576;1.0614246;0.0;0.0;5826.649;7105.08;-2487.1702;7007.033;-1608.1544;-1407.65
1974-07-12;16.198465;3.3682861;0.010149638;749.52856;1.1598264;105.44515;0.0;-7.3453654e-25;99.99998;-7.345365e-21;0.061237812;-2.1250825;0.0027865171;1.0382235;1.035437;0.0;0.0;5990.031;7303.3506;-2636.3127;6999.009;-1476.2234;-1509.1455
1974-07-13;16.65336;5.9368386;0.009774526;750.3199;1.3345947;34.589066;0.0;-7.3453654e-25;99.99998;-7.345365e-21;0.05428791;-1.9188039;0.0030100346;1.0131896;1.0102093;0.0;0.0;6346.891;7737.4634;-2719.8354;7181.9634;-1332.93;-1821.6211
1974-07-14;17.237082;7.1890664;0.009883881;751.9394;1.6766157;36.583668;0.0;-7.3453654e-25;99.99998;-7.345365e-21;1.5086607;-1.7014881;0.096559525;1.0824203;0.9858608;0.0;0.0;6594.1465;8038.1143;-2939.3188;6954.5166;-1181.9678;-2075.0378
1974-07-15;17.54008;5.0727334;0.009763082;751.9265;1.6178799;41.519154;0.0;-7.3453654e-25;99.99998;-7.345365e-21;0.122088194;-1.9706199;0.006765127;0.96926093;0.9625107;0.0;0.0;6577.779;8017.1665;-2950.411;6913.3774;-1368.9244;-1874.43
1974-07-16;16.678904;5.503286;0.0099487305;750.3968;1.4747449;66.48467;0.0;-7.3453654e-25;99.99998;-7.345365e-21;2.4759426;-1.6824342;0.16528368;1.1052787;0.93998015;0.0;0.0;6117.5903;7454.646;-2679.9773;7157.443;-1168.7311;-1922.7245
1974-07-17;14.488403;7.2805886;0.009714763;751.0005;1.345141;120.14912;0.0;-7.3453654e-25;99.99998;-7.345365e-21;7.6406;-1.9236627;0.5517304;1.4705062;0.9187907;0.0;0.0;4882.8145;5948.8013;-2121.8684;7302.161;-1336.3044;-1444.169
1974-07-18;14.337891;5.3366494;0.009977977;750.6931;1.1675142;102.69141;0.0;-7.3453654e-25;100.00259;-7.345365e-21;1.5806203;-2.995639;0.10856986;1.0071695;0.8985847;0.0;0.0;5810.746;7077.617;-2294.8657;7071.3564;-2080.97;-1317.2
1974-07-19;14.001038;3.854004;0.010077159;748.83527;1.272076;78.723305;0.0;-7.3453654e-25;100.00519;-7.345365e-21;0.35862923;-2.8739414;0.019863248;0.89873374;0.87886304;0.0;0.0;5816.4185;7082.7563;-2259.4067;7103.1577;-1996.4312;-1412.7267
1974-07-20;12.976644;5.283976;0.009726207;747.8732;1.285268;70.74483;0.0;-7.3453654e-25;99.99998;-7.345365e-21;2.1637917;-2.3300657;0.14358759;1.003474;0.8598715;0.0;0.0;5472.8994;6663.0864;-2285.7507;6963.354;-1618.6189;-1489.0889
1974-07-21;13.579366;5.3091226;0.010072072;748.91266;0.9510822;75.8429;0.0;-7.3453654e-25;99.99998;-7.345365e-21;2.322483;-2.330846;0.16102195;1.0026693;0.8416921;0.0;0.0;5304.4995;6456.5005;-2231.8298;7052.004;-1619.1611;-1280.68
1974-07-22;17.090433;1.2884012;0.009938558;751.99603;1.0565708;128.72234;0.0;-7.3453654e-25;99.99998;-7.345365e-21;0.0014096495;-2.5166917;7.4505806e-05;0.8241087;0.8240342;0.0;0.0;5395.4;6565.6636;-2275.6719;7185.4995;-1748.2622;-1067.5477
1974-07-23;18.091461;-0.48292032;0.0098775225;754.1221;1.2907785;137.03166;0.0;-7.3453654e-25;99.99998;-7.345365e-21;0.00044107434;-2.7828553;2.9802322e-05;0.80665946;0.8066371;0.0;0.0;6832.67;8312.854;-2931.4807;6773.45;-1933.1578;-1569.4333
1974-07-24;18.893585;1.7774252;0.010250092;753.47;1.39712;115.461876;0.0;-7.3453654e-25;99.99998;-7.345365e-21;0.0;-2.3138635;0.0;0.78961253;0.78961253;0.0;0.0;6473.1704;7873.702;-2791.1353;7126.4756;-1607.3633;-1552.5566
1974-07-25;20.65798;3.4065552;0.010045369;752.02264;1.2285211;104.12614;0.0;-7.3453654e-25;99.99998;-7.345365e-21;0.0008692791;-1.9046534;5.9604645e-05;0.77310205;0.7730648;0.0;0.0;6370.1855;7746.7183;-2768.8142;7504.245;-1323.0989;-1679.961
1974-07-26;20.450815;2.7922974;0.009944916;751.914;1.3102447;93.5563;0.0;-7.3453654e-25;99.99998;-7.345365e-21;0.0004351138;-1.3217218;2.9802322e-05;0.7570982;0.7570833;0.0;0.0;5728.0903;6964.4424;-2708.0254;7481.217;-918.1567;-1679.7167
1974-07-27;20.730185;0.3315023;0.009958903;752.0787;1.447621;150.28453;0.0;-7.3453654e-25;99.99998;-7.345365e-21;0.00085871073;-1.2075603;4.4703484e-05;0.7416904;0.7416457;0.0;0.0;6082.6284;7393.684;-2917.4111;7338.6855;-838.85223;-1919.3245
1974-07-28;19.117126;0.03552246;0.009747823;752.3206;1.5476359;116.91549;0.0;-7.3453654e-25;99.99998;-7.345365e-21;0.0036348556;-1.0497859;0.00017881393;0.72684884;0.72667;0.0;0.0;5970.172;7255.324;-2892.1528;7208.155;-729.2511;-2035.8066
1974-07-29;17.55719;5.4954734;0.010027568;752.94135;1.3867664;52.92726;0.0;-7.3453654e-25;99.99998;-7.345365e-21;0.005508412;-0.9281132;0.00029802322;0.7124841;0.712201;0.0;0.0;5628.1035;6838.367;-2663.4192;7363.1094;-644.72943;-2013.5056
1974-07-30;15.807068;6.4285583;0.010079701;751.7575;1.6020623;38.96623;0.0;-7.3453654e-25;100.00259;-7.345365e-21;1.5579045;-1.0241214;0.09658933;0.79487264;0.6982833;0.0;0.0;5551.7495;6744.0225;-2597.5598;7224.3857;-711.42334;-2086.2056
1974-07-31;16.080383;6.4219055;0.009571075;751.2397;1.615651;41.298824;0.0;-7.3453654e-25;100.00519;-7.345365e-21;0.24574995;-1.4627641;0.0128299;0.69765747;0.684835;0.0;0.0;5935.4766;7208.4487;-2599.2314;7197.808;-1016.13336;-2099.3267
1974-08-01;16.19108;5.1874595;0.010059357;752.5108;1.1788979;52.271404;0.0;-7.3453654e-25;99.99998;-7.345365e-21;0.47404766;-1.3597664;0.024452806;0.69621205;0.67174435;0.0;0.0;5743.678;6974.115;-2638.1687;7184.7524;-944.5845;-1876.5178
1974-08-02;16.994802;4.19223;0.010054271;754.7515;1.3668944;26.250982;0.0;-7.3453654e-25;99.99998;-7.345365e-21;0.30140346;-1.2225648;0.01564622;0.6746799;0.65903366;0.0;0.0;5696.15;6914.9956;-2632.8206;7249.4644;-849.2756;-1935.9244
1974-08-03;18.739492;1.1783142;0.010218303;754.9385;1.429026;35.66229;0.0;-7.3453654e-25;99.99998;-7.345365e-21;0.0030043512;-1.3536047;0.00014901161;0.6467104;0.6465316;0.0;0.0;6666.385;8090.7563;-3234.0818;6889.475;-940.30444;-2081.43
1974-08-04;20.15155;-1.585144;0.00963974;754.33325;1.161471;52.38386;0.0;-7.3453654e-25;99.99998;-7.345365e-21;0.0021472734;-1.1148304;0.00011920929;0.63440204;0.6342828;0.0;0.0;6155.535;7469.113;-3046.7776;7247.4966;-774.43555;-1839.2211
1974-08-05;19.500061;2.1307576;0.009918213;753.1094;1.3181833;54.877125;0.0;-7.3453654e-25;99.99998;-7.345365e-21;0.0034361247;-0.9611808;0.00017881393;0.6226003;0.6224364;0.0;0.0;6000.428;7279.1846;-3053.0112;7173.932;-667.7011;-1949.7966
1974-08-06;19.555307;2.2612915;0.009864807;750.1077;1.3987664;105.91427;0.0;-7.3453654e-25;99.99998;-7.345365e-21;0.0;-0.8829646;0.0;0.6109476;0.6109476;0.0;0.0;5761.953;6988.2866;-2853.1982;7356.2866;-613.36664;-1911.4266
1974-08-07;17.51351;2.5525208;0.009695689;746.9993;1.671559;139.96857;0.0;-7.3453654e-25;99.99998;-7.345365e-21;0.001233816;-0.85559857;5.9604645e-05;0.59986115;0.599809;0.0;0.0;6328.3213;7673.4644;-3105.9807;6903.5205;-594.3555;-2500.75
1974-08-08;15.104604;1.3945007;0.009911855;746.741;1.1535708;125.155;0.0;-7.3453654e-25;99.99998;-7.345365e-21;1.0254575;-0.9415522;0.053048134;0.64212084;0.58906525;0.0;0.0;5763.2646;6986.8735;-2577.1736;7148.447;-654.06555;-2379.3723
1974-08-09;15.08434;3.390391;0.009789784;748.94116;1.217578;114.29467;0.0;-7.3453654e-25;99.99998;-7.345365e-21;0.5617976;-1.218724;0.027477741;0.60632825;0.5788654;0.0;0.0;5334.4087;6465.181;-2529.7522;7103.5776;-846.6067;-1940.7234
1974-08-10;14.780538;-1.6280518;0.00974528;750.1163;1.3977875;127.8343;0.0;-7.3453654e-25;99.99998;-7.345365e-21;0.0030696392;-1.0637622;0.00014901161;0.56889653;0.5687624;0.0;0.0;6202.936;7516.441;-3060.469;6548.073;-738.96;-2292.5955
1974-08-11;15.299947;-5.1663003;0.009905498;750.50543;1.2324024;125.99581;0.0;-7.3453654e-25;99.99998;-7.345365e-21;0.001770258;-0.92467946;7.4505806e-05;0.55888295;0.55883825;0.0;0.0;6187.65;7496.3213;-3174.7441;6478.6772;-642.3444;-2178.7068
1974-08-12;16.480093;-3.7753499;0.0102005005;751.1709;1.1130775;111.756676;0.0;-7.3453654e-25;99.99998;-7.345365e-21;0.0;-0.9213593;0.0;0.5490929;0.5490929;0.0;0.0;6546.0483;7928.742;-3382.8826;6484.8267;-640.0367;-2174.8123
1974-08-13;19.122772;-3.6325073;0.01002121;752.39746;1.2817222;110.66724;0.0;-7.3453654e-25;99.99998;-7.345365e-21;0.0008509927;-0.91478974;4.4703484e-05;0.53960085;0.53957105;0.0;0.0;6553.314;7935.8135;-3421.226;6678.783;-635.4733;-2078.3545
1974-08-14;18.274881;-4.648285;0.009892781;751.3086;1.5237254;160.96585;0.0;-7.3453654e-25;99.99998;-7.345365e-21;0.0;-0.8209199;0.0;0.5303323;0.5303249;0.0;0.0;6593.5454;7982.725;-3536.6265;6392.8457;-570.26556;-2324.2322
1974-08-15;16.414316;-4.4468484;0.0099105835;748.7861;1.2672882;192.31612;0.0;-7.3453654e-25;99.99998;-7.345365e-21;0.00085234636;-0.76456183;5.9604645e-05;0.52142143;0.5213767;0.0;0.0;6624.3794;8018.3594;-3625.365;6074.3345;-531.11444;-2350.6277
1974-08-16;15.208058;-3.543803;0.010243733;747.5926;1.2277206;133.59383;0.0;-7.3453654e-25;99.99998;-7.345365e-21;0.0008644505;-0.7420657;5.9604645e-05;0.51271915;0.51265955;0.0;0.0;6593.9644;7980.576;-3554.2317;6071.238;-515.4889;-2391.1943
1974-08-17;14.51884;-4.586548;0.009913127;748.5446;1.1847782;172.01123;0.0;-7.3453654e-25;99.99998;-7.345365e-21;0.0004351138;-0.7323735;2.9802322e-05;0.5041808;0.5041659;0.0;0.0;6538.169;7912.0767;-3525.929;6042.497;-508.75555;-2372.3877
1974-08-18;14.74881;-4.7177734;0.009896596;750.05206;1.1026648;113.61744;0.0;-7.3453654e-25;99.99998;-7.345365e-21;0.0;-0.73840654;0.0;0.49585104;0.4958585;0.0;0.0;6355.5273;7690.03;-3320.121;6319.753;-512.94666;-2298.3977
1974-08-19;15.237926;-1.2560425;0.009803772;750.8196;1.2569598;117.76205;0.0;-7.3453654e-25;99.99998;-7.345365e-21;0.018054247;-0.677485;0.0006854534;0.48847497;0.4877895;0.0;0.0;5836.188;7060.7266;-3031.21;6606.6816;-470.62555;-2153.071
1974-08-20;14.794362;-1.3901978;0.010229747;750.28516;1.1489271;118.72588;0.0;-7.3453654e-25;99.99998;-7.345365e-21;0.0028192997;-0.6195214;0.00011920929;0.4801005;0.4799962;0.0;0.0;5406.3574;6539.9663;-2847.5667;6719.235;-430.3611;-1989.7356
1974-08-21;14.33371;-1.8359375;0.01012675;751.2646;1.3110049;143.57033;0.0;-7.3453654e-25;99.99998;-7.345365e-21;0.00067353237;-0.6666081;2.9802322e-05;0.4724264;0.47238916;0.0;0.0;6019.0156;7280.2563;-3035.615;6555.9546;-463.0711;-2347.6755
1974-08-22;14.348633;-2.1093953;0.009951274;751.7886;1.1113094;140.94081;0.0;-7.3453654e-25;99.99998;-7.345365e-21;0.00085234636;-0.59079194;4.4703484e-05;0.46503544;0.46498328;0.0;0.0;5326.703;6442.08;-2828.1438;6656.257;-410.40332;-1996.8567
1974-08-23;14.550496;-2.0144756;0.009726207;751.62744;1.3748924;167.35403;0.0;-7.3453654e-25;99.99998;-7.345365e-21;0.0038623812;-0.61119723;0.00014901161;0.4579723;0.45780838;0.0;0.0;5799.2744;7012.8706;-2886.6184;6639.041;-424.5778;-2285.8577
1974-08-24;12.306407;3.6852925;0.010032654;751.7346;0.945045;77.81945;0.0;-7.3453654e-25;99.99998;-7.345365e-21;3.5557282;-0.810124;0.21345913;0.6643981;0.4509315;0.0;0.0;4269.427;5162.2017;-2068.7686;7221.953;-562.76556;-1636.1089
1974-08-25;10.9210005;6.5816245;0.009880066;752.9035;1.1822392;58.33196;0.0;-7.3453654e-25;99.99998;-7.345365e-21;19.23511;-1.5724823;1.3583899;1.8028468;0.44445693;0.0;0.0;4246.015;5133.269;-1765.007;7279.3145;-1092.35;-1578.2489
1974-08-26;11.4366255;5.13798;0.0099105835;752.7534;0.9195232;62.902283;0.0;-7.3453654e-25;99.99998;-7.345365e-21;0.65905154;-2.8738472;0.0385195;0.47670305;0.43818355;0.0;0.0;5099.7383;6164.7974;-2013.7444;6933.3667;-1996.3656;-1177.1189
1974-08-27;12.997406;1.5684611;0.009886424;751.2346;1.2413031;114.3757;0.0;-7.3453654e-25;99.99998;-7.345365e-21;0.002253116;-2.9490507;0.00013411045;0.43207407;0.43192506;0.0;0.0;5375.069;6496.759;-2363.916;6585.7725;-2048.6067;-1037.28
1974-08-28;12.5685425;-0.92042035;0.01015981;749.95123;1.3237048;119.53677;0.0;-7.3453654e-25;99.99998;-7.345365e-21;0.0007390976;-2.8553839;2.9802322e-05;0.42575598;0.42571127;0.0;0.0;5816.823;7029.738;-2614.2493;6311.1;-1983.54;-1263.1089
1974-08-29;11.060974;1.9678141;0.009980519;750.4527;1.0909237;74.86519;0.0;-7.3453654e-25;99.99998;-7.345365e-21;0.0772506;-1.9300888;0.0036209822;0.4233271;0.4197061;0.0;0.0;4500.5386;5438.2847;-2189.1528;6607.354;-1340.7689;-1016.4622
1974-08-30;11.567973;2.5078125;0.0101292925;750.7211;0.8882193;70.20429;0.0;-7.3453654e-25;99.99998;-7.345365e-21;0.37832144;-1.9616057;0.019803643;0.4336834;0.41389465;0.0;0.0;4895.4434;5914.875;-2143.715;6800.74;-1362.6622;-1323.6067
1974-08-31;12.562205;1.1329752;0.009920756;749.4953;1.0044631;110.63889;0.0;-7.3453654e-25;99.99998;-7.345365e-21;0.16757846;-1.8587103;0.008717179;0.41684508;0.4081428;0.0;0.0;5078.914;6135.775;-2406.4717;6602.68;-1291.1844;-1279.4055
1974-09-01;11.524292;0.85872394;0.009951274;747.8569;1.2746245;151.54614;0.0;-7.3453654e-25;99.99998;-7.345365e-21;0.36533475;-1.6433467;0.018253922;0.4207939;0.40253997;0.0;0.0;5041.125;6089.4126;-2419.0425;6479.059;-1141.5767;-1510.4645
1974-09-02;9.5555725;1.0723776;0.01012675;747.5068;1.2091645;191.877;0.0;-7.3453654e-25;99.99998;-7.345365e-21;1.5567839;-1.3468378;0.08112192;0.47832727;0.39720535;0.0;0.0;4549.142;5494.6465;-1962.88;6748.749;-935.60223;-1696.4512
1974-09-03;8.932526;2.7772827;0.010332744;748.68134;1.0001247;146.90096;0.0;-7.3453654e-25;99.99998;-7.345365e-21;2.4100542;-1.6257651;0.12764335;0.5196929;0.3920719;0.0;0.0;4705.0703;5682.161;-1874.8086;6910.589;-1129.3645;-1668.0111
1974-09-04;7.9277344;2.6315613;0.010327657;749.7561;0.9666271;100.015144;0.0;-7.3453654e-25;99.99998;-7.345365e-21;2.9992163;-1.4472623;0.17650425;0.5635619;0.38705766;0.0;0.0;3600.58;4347.68;-1646.2872;6929.411;-1005.36554;-1148.4722
1974-09-05;7.447042;0.8180949;0.009953816;749.9339;1.1997813;117.21857;0.0;-7.3453654e-25;99.99998;-7.345365e-21;1.1465698;-1.7625914;0.06325543;0.4454255;0.38217753;0.0;0.0;4523.9126;5461.8765;-2084.299;6405.6245;-1224.414;-1418.2966
1974-09-06;8.658783;-1.9902853;0.009947459;751.2797;1.1057857;97.07251;0.0;-7.3453654e-25;99.99998;-7.345365e-21;0.002503395;-1.8223692;0.00013411045;0.3773868;0.37724525;0.0;0.0;5216.9043;6297.815;-2309.7214;6320.8203;-1265.9388;-1579.95
1974-09-07;9.627696;2.2592266;0.010211945;751.52765;1.1916289;76.71732;0.0;-7.3453654e-25;99.99998;-7.345365e-21;2.6250868;-1.5493668;0.15841424;0.53080916;0.37239492;0.0;0.0;4297.7915;5187.7817;-1899.032;6846.378;-1076.2922;-1223.5956
1974-09-08;11.710225;-1.5793661;0.009867351;753.80524;1.3175403;120.5313;0.0;-7.3453654e-25;99.99998;-7.345365e-21;0.009822845;-2.0655618;0.000461936;0.36808848;0.36762655;0.0;0.0;5480.547;6614.634;-2591.165;6205.6304;-1434.8767;-1443.5311
1974-09-09;12.542348;-4.513733;0.009531657;755.9722;1.1236097;114.50082;0.0;-7.3453654e-25;99.99998;-7.345365e-21;0.0017046923;-1.8674023;8.940697e-05;0.36296248;0.36285818;0.0;0.0;5626.2144;6789.6855;-2926.826;5932.8354;-1297.2234;-1279.43
1974-09-10;12.390147;-2.9222004;0.009933472;755.07;1.1744856;91.79987;0.0;-7.3453654e-25;99.99998;-7.345365e-21;0.0031113622;-1.666056;0.00014901161;0.35831332;0.3581494;0.0;0.0;5473.6445;6604.7524;-2807.7075;6144.872;-1157.3539;-1302.5466
1974-09-11;11.025289;2.5197856;0.0099817915;752.7517;1.0951556;66.10229;0.0;-7.3453654e-25;99.99998;-7.345365e-21;0.61327815;-1.198248;0.03157556;0.38518012;0.35360456;0.0;0.0;4321.1694;5213.481;-2137.2131;6801.561;-832.3822;-1222.3212
1974-09-12;8.327403;3.4694417;0.0098393755;751.7651;1.177635;60.880966;0.0;-7.3453654e-25;99.99998;-7.345365e-21;7.471666;-1.1375695;0.502035;0.85134804;0.34931302;0.0;0.0;3683.0679;4442.9883;-1793.2847;6818.718;-790.23224;-1311.8367
1974-09-13;8.774658;2.0164082;0.010681152;753.4676;1.074384;99.376564;0.0;-7.3453654e-25;99.99998;-7.345365e-21;0.7202625;-1.9235713;0.04181266;0.38695335;0.3451407;0.0;0.0;4439.569;5354.923;-1837.8375;6810.5645;-1336.2411;-1273.8522
1974-09-14;9.52831;1.726359;0.0106163025;753.9663;1.100273;113.718895;0.0;-7.3453654e-25;99.99998;-7.345365e-21;0.27205646;-1.8148152;0.014290214;0.3552735;0.34096092;0.0;0.0;4757.866;5738.406;-2278.321;6399.87;-1260.6912;-1196.2844
1974-09-15;10.295258;0.019104004;0.010016124;751.44305;1.075789;126.68268;0.0;-7.3453654e-25;99.99998;-7.345365e-21;0.045913458;-1.806993;0.0023841858;0.33918023;0.33681095;0.0;0.0;4922.081;5935.6797;-2432.3223;6340.99;-1255.2578;-1163.3711
1974-09-16;11.659271;-2.6137798;0.010139465;751.2415;1.3142478;142.30217;0.0;-7.3453654e-25;99.99998;-7.345365e-21;0.002765655;-1.5339255;0.00013411045;0.33284724;0.33272058;0.0;0.0;4579.435;5517.724;-2318.877;6396.1953;-1065.5677;-1172.0022
1974-09-17;11.443298;-3.780833;0.009869893;751.63574;1.563063;227.55626;0.0;-7.3453654e-25;99.99998;-7.345365e-21;0.0008583069;-1.442235;4.4703484e-05;0.32876432;0.32871962;0.0;0.0;5118.6445;6161.9917;-2510.1182;6209.1064;-1001.8728;-1527.1644
1974-09-18;10.081828;1.0411682;0.010173798;752.5661;1.2143329;218.33864;0.0;-7.3453654e-25;99.99998;-7.345365e-21;0.49451587;-0.9983368;0.025242567;0.35011768;0.32486022;0.0;0.0;4157.012;5000.0903;-2218.1938;6344.7905;-693.5122;-1336.8066
1974-09-19;10.887288;-3.6389568;0.009789784;750.7234;1.3869005;243.68153;0.0;-7.3453654e-25;99.99998;-7.345365e-21;0.09942055;-1.1940337;0.0044703484;0.32553077;0.32109022;0.0;0.0;4850.0054;5828.384;-2627.538;5979.326;-829.45447;-1467.74
1974-09-20;9.835774;-11.925313;0.010190328;751.34106;1.0882756;237.59332;0.0;-7.3453654e-25;99.99998;-7.345365e-21;0.0012947593;-1.0961136;7.4505806e-05;0.31736493;0.31732023;0.0;0.0;5283.404;6343.669;-3085.6172;5380.9634;-761.43335;-1482.2811
1974-09-21;9.937073;-6.959147;0.010022481;753.35944;1.1169875;164.0316;0.0;-7.3453654e-25;99.99998;-7.345365e-21;0.00087022776;-0.948647;4.4703484e-05;0.31363964;0.31358004;0.0;0.0;5092.3403;6108.9614;-2771.7795;5838.5884;-658.99335;-1534.2056
1974-09-22;9.618999;-2.093984;0.009953816;754.6284;1.1871217;88.361206;0.0;-7.3453654e-25;99.99998;-7.345365e-21;0.6875634;-0.895936;0.033915043;0.343889;0.30997396;0.0;0.0;4567.9614;5475.0864;-2428.104;6283.255;-622.3772;-1382.8334
1974-09-23;8.778026;-1.1578776;0.010187785;755.84845;1.5302256;31.249527;0.0;-7.3453654e-25;99.99998;-7.345365e-21;0.0;-0.85796046;0.0;0.30642748;0.30642003;0.0;0.0;4866.224;5827.5728;-2606.2332;6073.6777;-595.99554;-1670.85
1974-09-24;9.368886;-3.535094;0.009897868;754.5351;1.4693478;37.81348;0.0;-7.3453654e-25;99.99998;-7.345365e-21;0.0017106523;-0.76535904;8.195639e-05;0.3029853;0.30290335;0.0;0.0;5061.8926;6056.6455;-2973.1328;5629.044;-531.67;-1529.48
1974-09-25;9.698802;-4.4217124;0.010389964;752.2405;1.0896461;75.80347;0.0;-7.3453654e-25;99.99998;-7.345365e-21;0.0025652044;-0.7150918;0.00011920929;0.29955804;0.29943138;0.0;0.0;4952.189;5920.2725;-2834.3362;5874.1533;-496.7511;-1468.3667
1974-09-26;10.068767;-6.255758;0.00985082;752.2417;1.1489695;177.81758;0.0;-7.3453654e-25;99.99998;-7.345365e-21;0.0;-0.6435206;0.0;0.29602647;0.29602647;0.0;0.0;4904.992;5858.729;-2792.5747;5934.142;-447.03223;-1571.4833
1974-09-27;10.293284;-5.017344;0.010300954;752.966;1.2408237;190.46486;0.0;-7.3453654e-25;99.99998;-7.345365e-21;0.00043924223;-0.56034696;2.9802322e-05;0.2927184;0.29269606;0.0;0.0;4771.6934;5694.5913;-2681.3403;6027.8257;-389.25446;-1650.88
1974-09-28;10.941681;-0.30919394;0.01010259;753.4815;1.0876592;161.28767;0.0;-7.3453654e-25;99.99998;-7.345365e-21;0.04195273;-0.5609775;0.0016093254;0.29101968;0.2894327;0.0;0.0;4704.832;5609.9824;-2633.0916;6198.53;-389.69168;-1544.6433
1974-09-29;11.5372925;-2.637909;0.010101318;753.12646;1.0866417;114.637146;0.0;-7.3453654e-25;99.99998;-7.345365e-21;0.0025674063;-0.5826112;0.00011920929;0.2863258;0.28619915;0.0;0.0;4817.148;5738.9307;-2888.7761;5974.4033;-404.72055;-1414.7533
1974-09-30;10.509318;-2.0433452;0.010172526;753.5102;1.1456482;59.71492;0.0;-7.3453654e-25;99.99998;-7.345365e-21;0.10667753;-0.5435599;0.005275011;0.28830767;0.2830252;0.0;0.0;4582.527;5454.678;-2688.915;6143.689;-377.59222;-1397.9689
1974-10-01;10.508606;-1.2730306;0.010023753;754.5412;1.1590141;66.88784;0.0;-7.3453654e-25;99.99998;-7.345365e-21;0.012052059;-0.5393354;0.0005811453;0.28049946;0.2799183;0.0;0.0;4516.282;5371.2295;-2612.08;6211.027;-374.65887;-1439.5044
1974-10-02;10.388062;-3.928711;0.009808858;755.291;1.0745745;80.593925;0.0;-7.3453654e-25;99.99998;-7.345365e-21;0.027990341;-0.5430188;0.0011324883;0.27802587;0.27686357;0.0;0.0;4511.176;5360.5273;-2680.0469;6130.941;-377.21667;-1364.2078
1974-10-03;9.8576355;-2.029073;0.010060628;755.6119;1.059415;45.327152;0.0;-7.3453654e-25;99.99998;-7.345365e-21;0.42528075;-0.5371738;0.02090633;0.29477477;0.2738759;0.0;0.0;4225.687;5017.0767;-2453.3762;6312.5684;-373.15668;-1340.5244
1974-10-04;8.402008;-0.22460938;0.01003774;754.2729;0.9536691;67.52833;0.0;-7.3453654e-25;99.99998;-7.345365e-21;2.3907995;-0.6787516;0.14203787;0.41301548;0.27098507;0.0;0.0;3964.0664;4702.4565;-2313.016;6288.4478;-471.50555;-1243.4778
1974-10-05;7.3151345;-0.082204185;0.0100911455;754.58746;1.177637;82.62231;0.0;-7.3453654e-25;99.99998;-7.345365e-21;1.9122869;-1.0364391;0.10819733;0.37638843;0.2681911;0.0;0.0;3776.1702;4475.602;-2048.3733;6396.088;-719.9789;-1121.331
1974-10-06;7.5961404;-2.609141;0.009684245;756.77386;0.9730138;159.4427;0.0;-7.3453654e-25;99.99998;-7.345365e-21;0.22718906;-1.1306862;0.01077354;0.27622283;0.2654493;0.0;0.0;3951.7986;4679.733;-2148.1084;6250.4756;-785.45;-1125.7655
1974-10-07;8.2969055;0.14720662;0.010218303;758.22876;1.1381332;122.907326;0.0;-7.3453654e-25;99.99998;-7.345365e-21;2.0290365;-0.99643224;0.121340156;0.38407743;0.26275218;0.0;0.0;3704.8638;4383.4805;-2064.0986;6371.1133;-692.18835;-965.94775
1974-10-08;7.923065;0.8380432;0.00999705;756.71075;1.0773977;149.11656;0.0;-7.3453654e-25;99.99998;-7.345365e-21;2.5010407;-1.1237236;0.15388429;0.41401386;0.26013702;0.0;0.0;3573.7043;4224.627;-1964.6339;6443.4277;-780.61334;-926.50336
1974-10-09;8.107829;-1.7914124;0.009985606;754.1939;0.978224;116.91028;0.0;-7.3453654e-25;99.99998;-7.345365e-21;0.38024187;-1.2717769;0.018686056;0.27623773;0.25755167;0.0;0.0;3851.7903;4549.609;-2123.3918;6257.8955;-883.4611;-887.18225
1974-10-10;6.385071;0.6288045;0.009671529;754.9971;0.9796639;63.166615;0.0;-7.3453654e-25;99.99998;-7.345365e-21;2.3178756;-1.0319669;0.1373738;0.39237738;0.25501847;0.0;0.0;3333.7278;3934.2395;-1905.3539;6336.3276;-716.87335;-870.88446
1974-10-11;6.0049233;-0.20269775;0.010175069;755.77515;1.0312195;62.82176;0.0;-7.3453654e-25;99.99998;-7.345365e-21;2.5075915;-1.2941715;0.15716255;0.40970743;0.25254488;0.0;0.0;3721.5862;4388.4263;-1945.2178;6269.6177;-899.01886;-1001.57556
1974-10-12;6.929586;-2.6832275;0.009941101;755.7266;1.1885898;43.253647;0.0;-7.3453654e-25;99.99998;-7.345365e-21;0.01744628;-1.3789088;0.0008940697;0.25098026;0.2500862;0.0;0.0;4115.8257;4849.1426;-2376.9568;5786.87;-957.8822;-918.79333
1974-10-13;6.318807;-4.5528054;0.01003774;755.36505;1.2434211;44.302532;0.0;-7.3453654e-25;99.99998;-7.345365e-21;0.0004351138;-1.2172256;2.9802322e-05;0.2476573;0.2476424;0.0;0.0;4177.246;4917.2607;-2505.1345;5574.113;-845.56555;-1001.11444
1974-10-14;6.4153137;-6.262909;0.009906769;756.4886;1.0566028;98.90876;0.0;-7.3453654e-25;99.99998;-7.345365e-21;0.009551644;-1.0878016;0.00047683716;0.24569035;0.24522841;0.0;0.0;3988.4429;4691.0776;-2339.265;5747.8906;-755.6594;-878.8778
1974-10-15;6.0664573;-4.396128;0.01003774;757.6316;0.97896886;97.082436;0.0;-7.3453654e-25;99.99998;-7.345365e-21;0.12620091;-1.0135826;0.0061690807;0.2490282;0.24285913;0.0;0.0;3810.7239;4478.108;-2250.3772;5894.9424;-704.10223;-899.31665
1974-10-16;6.3980613;-2.7581482;0.009927114;756.7466;1.2193052;29.204376;0.0;-7.3453654e-25;99.99998;-7.345365e-21;0.23945868;-0.96835756;0.011771917;0.25230646;0.24053454;0.0;0.0;3924.1216;4609.9355;-2310.2766;5867.2554;-672.68665;-962.0922
1974-10-17;6.2180686;-3.772115;0.009883881;756.57404;1.5671443;27.476273;0.0;-7.3453654e-25;99.99998;-7.345365e-21;0.0012874597;-0.9088702;7.4505806e-05;0.23829937;0.23823231;0.0;0.0;4148.254;4871.6543;-2565.4517;5515.8154;-631.36224;-1098.51
1974-10-18;6.5267844;-8.79073;0.009955089;756.20245;1.0571554;37.33194;0.0;-7.3453654e-25;99.99998;-7.345365e-21;0.0;-0.88023394;0.0;0.23597479;0.23595989;0.0;0.0;4220.9136;4955.4434;-2769.175;5271.4707;-611.4689;-886.69
1974-10-19;7.4084983;-8.555115;0.0099436445;756.30316;1.0143547;180.23785;0.0;-7.3453654e-25;99.99998;-7.345365e-21;0.0004351138;-0.7927325;2.9802322e-05;0.23373961;0.23372471;0.0;0.0;4063.5862;4769.2534;-2541.1584;5586.6846;-550.68555;-858.49445
1974-10-20;7.9884644;-6.0636497;0.01012675;755.6196;1.042024;155.70114;0.0;-7.3453654e-25;99.99998;-7.345365e-21;0.0012814989;-0.71161985;5.9604645e-05;0.23157895;0.23151934;0.0;0.0;4048.2212;4749.7256;-2571.672;5624.6655;-494.3389;-920.66113
1974-10-21;7.863363;-6.162903;0.010108948;756.88654;1.0293775;156.24257;0.0;-7.3453654e-25;99.99998;-7.345365e-21;0.0025749204;-0.6338721;0.00011920929;0.22947788;0.22934377;0.0;0.0;4019.2466;4714.2646;-2617.7473;5547.012;-440.33;-917.45667
1974-10-22;8.260793;-5.375183;0.01007843;758.86456;1.1140035;121.391365;0.0;-7.3453654e-25;99.99998;-7.345365e-21;0.00043767836;-0.5899984;1.4901161e-05;0.2272129;0.2272129;0.0;0.0;3927.8293;4605.5967;-2441.7473;5827.032;-409.85223;-921.13556
1974-10-23;8.604695;-5.442373;0.0099983215;759.2837;1.0788571;56.323345;0.0;-7.3453654e-25;99.99998;-7.345365e-21;0.0017106531;-0.5809199;8.940697e-05;0.22517145;0.22509694;0.0;0.0;3910.9111;4584.3223;-2554.6238;5809.7944;-403.54556;-855.14777
1974-10-24;9.143788;-9.618337;0.009929657;756.67633;1.0530239;155.15155;0.0;-7.3453654e-25;99.99998;-7.345365e-21;0.0008517229;-0.52924085;4.4703484e-05;0.22304058;0.22299588;0.0;0.0;3924.7896;4599.156;-2715.0557;5568.67;-367.64667;-861.16113
1974-10-25;7.6491394;-9.762919;0.009950002;754.3698;1.0990324;170.16452;0.0;-7.3453654e-25;99.99998;-7.345365e-21;0.0;-0.4219031;0.0;0.22095442;0.22096187;0.0;0.0;3889.8577;4556.7944;-2646.6812;5446.6177;-293.0822;-1034.4944
1974-10-26;6.2315164;-7.021006;0.009976705;752.972;1.1275135;247.38191;0.0;-7.3453654e-25;99.99998;-7.345365e-21;0.0004231929;-0.3404552;1.4901161e-05;0.21900237;0.21897256;0.0;0.0;3732.9912;4371.711;-2361.044;5636.573;-236.50278;-1156.3389
1974-10-27;5.676168;-6.347239;0.010056813;751.7744;1.3482662;226.41583;0.0;-7.3453654e-25;99.99998;-7.345365e-21;0.21448913;-0.29543135;0.010579824;0.22763014;0.21705776;0.0;0.0;3301.9604;3865.7234;-2069.2266;5879.539;-205.22667;-1074.3855
1974-10-28;4.0743713;-4.4996543;-0.043871563;751.05426;1.3214833;213.02791;0.013509114;2.3841858e-06;102.71808;-7.345365e-21;2.9132247;-0.51792526;0.16573071;0.38093328;0.21517277;4.0978193e-05;0.007890165;3495.2473;4090.8044;-1720.7378;6228.0493;-359.78555;-1343.8044
1974-10-29;4.0910745;0.7180684;-0.2869072;753.7007;0.850019;219.56017;0.045084637;6.7949295e-06;109.34373;-7.345365e-21;1.8797874;-0.7157056;0.105232;0.31860173;0.21339953;0.002682209;0.0;1907.0316;2232.0278;-1134.8561;6642.69;-497.17334;-505.7811
1974-10-30;6.851786;-2.376231;-0.77596027;754.78485;0.9980125;198.14525;0.028483072;4.0133796e-06;109.34373;-7.345365e-21;0.24825631;-0.80335885;0.012353063;0.22396445;0.21161139;0.002419576;0.0;3334.2466;3900.449;-2077.6138;5933.533;-558.0689;-812.42444
1974-10-31;6.849009;-4.7217307;-1.1133093;755.5457;0.8921099;205.9696;0.016845703;2.304713e-06;109.34373;-7.345365e-21;0.0004351138;-0.71501917;0.00010430813;0.20991266;0.20979345;0.0013168901;0.0;3472.465;4060.5723;-2340.7795;5558.567;-496.7011;-758.6522
1974-11-01;6.376587;-7.132273;-1.1127497;755.9222;0.9372277;176.25493;0.0100911455;1.3510386e-06;109.34373;-7.345365e-21;0.0008553266;-0.6756503;8.940697e-05;0.20809472;0.20799786;0.0007599592;0.0;3408.9177;3984.88;-2306.6777;5539.3936;-469.35333;-535.96
1974-11-02;6.332784;-3.9612324;-0.8997345;753.12616;1.1400038;245.9771;0.005452474;9.536743e-07;109.34373;-7.345365e-21;0.0012943683;-0.58982056;8.940697e-05;0.20635128;0.20623207;0.0005736947;0.0;3272.3188;3823.7888;-2076.4656;5842.7144;-409.72833;-833.8811
1974-11-03;4.013611;-2.0104778;-0.7564926;751.3164;1.5392011;209.39146;0.002766927;3.5762787e-07;109.34373;-7.345365e-21;0.44503212;-0.4886752;0.021219254;0.22575259;0.20453334;0.0002644956;0.0;3091.9116;3612.071;-1866.8994;5868.947;-339.46555;-902.9011
1974-11-04;0.2950541;-2.0212605;-2.7173703;752.99164;1.1745943;220.03938;2.1414387;0.00032468638;135.33656;2.400716;1.6144395;-0.44006017;0.052809715;0.25573373;0.20291656;0.057190657;0.58591366;1591.5972;1895.1589;-991.135;6473.1953;-305.95334;-615.32446
1974-11-05;0.7039795;-7.8919067;-7.505056;755.7884;0.79745;151.84773;3.2185059;0.00047870478;150.07811;3.3365886;0.0040382147;-0.58187824;0.0060796738;0.20737946;0.20129979;0.09056553;0.004030764;3329.4495;3975.2756;-2229.4028;5253.53;-404.4289;-1044.5555
1974-11-06;1.2046713;-11.394196;-9.577218;755.7548;0.85440534;82.863525;2.651123;0.00039501986;150.2246;2.9296875;0.0;-0.44436753;0.005349517;0.20501018;0.19966811;0.078715384;0.0;3244.8372;3856.2356;-2346.6277;5020.0234;-308.8589;-643.26886
1974-11-07;0.49578857;-9.033284;-9.210193;754.5833;1.0101613;42.713314;2.1244304;0.00031602383;150.24281;2.3600261;0.0769496;-0.39434993;0.009089708;0.20715594;0.19806623;0.077005476;0.0;3209.334;3798.2544;-2261.963;5083.817;-274.04388;-709.1567
1974-11-08;1.5316162;-8.394084;-9.34743;754.02734;0.887583;146.5486;1.6508789;0.00024513403;150.26007;1.953125;0.00086426723;-0.35706627;0.004544854;0.20104647;0.19650161;0.06521493;0.0;3360.6768;3962.0266;-2325.004;5026.137;-248.11111;-635.6067
1974-11-09;2.8897603;-8.625529;-8.437168;753.54144;0.8456971;272.57544;1.229899;0.00018231075;150.27667;1.3834635;0.001283528;-0.40530974;0.0042021275;0.19915402;0.19495189;0.060085207;0.0;3297.88;3875.4111;-2234.4673;5220.662;-281.67166;-639.9522
1974-11-10;2.8423054;-5.8108315;-7.9362235;753.58734;1.0454458;245.09175;0.8590495;0.00012699763;150.2871;0.9765625;0.00044107434;-0.31100866;0.0035315752;0.19696355;0.19343197;0.05082041;0.0;3053.6155;3578.3755;-2044.5222;5390.151;-216.10222;-643.18445
1974-11-11;3.196696;-6.818705;-8.548453;754.5899;0.8078058;245.4586;0.5769043;8.519491e-05;150.28905;0.9765625;0.0012954124;-0.34411344;0.0025182962;0.19446015;0.1919344;0.035457313;0.0;3107.5671;3633.77;-2162.5823;5271.6177;-239.08667;-600.19556
1974-11-12;4.2449136;-9.022919;-8.3581705;755.9555;0.7640796;75.90997;0.37272134;5.4915745e-05;150.29457;0.36621094;0.0021357874;-0.38288254;0.0019818544;0.1924187;0.19043684;0.027060509;0.0;3201.8394;3737.9956;-2247.9028;5265.3257;-265.99335;-464.15887
1974-11-13;4.2855124;-10.069163;-7.762094;755.34393;1.0684255;137.38509;0.22884114;3.393491e-05;150.29686;-7.345365e-21;0.0012844794;-0.3754329;0.0012367964;0.19018352;0.18895417;0.016834587;0.0;3067.6938;3577.1868;-2086.0967;5417.782;-260.83777;-574.3289
1974-11-14;2.7229512;-8.981069;-8.858932;753.2935;0.85594755;173.59319;0.14168294;2.1060308e-05;150.29686;-7.345365e-21;0.0017106531;-0.31488204;0.0007748604;0.18827617;0.18750131;0.009991229;0.0;3164.3806;3686.7957;-2248.315;5160.9004;-218.7561;-675.4133
1974-11-15;0.73585004;-8.758769;-9.283134;752.8523;0.80342674;94.61487;0.09057617;1.3550122e-05;150.30238;-7.345365e-21;0.0017195934;-0.25032368;0.0004917383;0.18656254;0.1860708;0.005753711;0.0;3029.2761;3527.3132;-2206.23;5081.76;-173.90111;-634.24664
1974-11-16;-0.15361531;-8.419576;-9.555583;754.7756;1.0153533;57.085766;0.060628254;9.020169e-06;150.32127;-7.345365e-21;0.0009953976;-0.16564038;0.00031292439;0.18501282;0.1846999;0.003715977;0.00013411045;3033.6943;3531.2822;-2182.9973;5029.823;-115.07333;-634.14
1974-11-17;0.6740926;-5.1716614;-7.2765465;756.5127;1.0943865;63.67137;0.03938802;5.841255e-06;150.42186;-7.345365e-21;0.30846298;-0.16358681;0.015377998;0.19873679;0.18336624;0.0027529895;0.0;2606.3083;3033.4434;-1689.9116;5610.54;-113.64111;-473.51666
1974-11-18;-0.16022746;-3.786316;-3.9373577;756.33185;0.64470863;139.82921;14.05428;0.0018948317;131.7425;14.282227;6.7603974;-0.45654458;0.26102364;0.44308603;0.18206984;0.78594685;3.1230748;1330.0033;1744.1;-723.31055;6482.6313;-317.945;-178.82333
1974-11-19;-0.4770101;-2.5251873;-4.355989;753.9462;0.6573716;79.06519;15.760173;0.0023105938;147.78351;15.66569;3.197509;-0.48931968;0.19527972;0.3760755;0.18080324;0.6198827;0.3576316;1488.9323;1887.4388;-995.01556;6204.2163;-340.02832;-243.16888
1974-11-20;-1.8331808;-3.4128113;-4.353293;752.2548;0.8123853;190.80193;24.132486;0.003731529;150.39061;24.576822;4.6430626;-0.5174875;0.13040006;0.30994415;0.17954409;0.52444637;2.9617772;1770.7655;2285.7944;-948.81946;6173.8677;-360.9211;-380.70557
1974-11-21;-2.0772297;-6.73644;-7.9652786;754.614;0.9140518;85.23786;28.524088;0.004269719;151.15102;28.116861;0.003302197;-0.53899086;0.06711483;0.24540722;0.17828494;0.91671383;0.0015720725;2373.26;3293.5278;-1766.485;5204.011;-377.68112;-511.10443
1974-11-22;-0.81655884;-8.3593445;-11.299408;755.30524;0.876389;190.09277;22.569336;0.0033799808;151.37206;21.972656;0.000884527;-0.31534863;0.0616014;0.2386123;0.17703325;0.8212179;0.0;2646.9834;3516.2112;-2188.1277;4671.9927;-220.48445;-337.91556
1974-11-23;-2.5718079;-5.535929;-4.0426445;748.72925;0.5943719;163.1856;52.7758;0.007984519;138.55109;57.86133;13.116526;-0.0897143;0.01861155;0.19441545;0.17581135;0.08900836;12.5725565;656.7222;913.5233;-427.77777;6567.6343;-66.53111;-173.76334
1974-11-24;-2.6230266;-3.4035747;-1.5173187;747.2839;0.7520707;228.23671;100.0;0.01733009;145.0371;119.05924;3.622509;-0.185729;0.00461936;0.17924607;0.17463416;0.05617179;3.3241062;497.79;1676.0634;-195.98445;6880.0654;-146.23222;-210.71556
1974-11-25;-3.9331157;-4.4184165;-2.3296764;746.5869;0.72520876;193.5663;100.0;0.029277325;145.77342;198.81184;24.578203;-0.14737341;0.0026226044;0.17610192;0.17346442;0.0;24.089645;280.59113;961.73334;-165.17111;6794.151;-115.30444;-165.44
1974-11-26;-8.163007;-9.451609;-7.6202416;746.8339;1.1907835;139.18764;100.0;0.045844954;149.03123;307.69858;2.0783691;-0.072350726;0.0;0.17230213;0.17230213;0.0;2.0651221;663.8239;2755.6956;-868.2978;5534.979;-54.92;-139.82
1974-11-27;-10.058571;-18.675055;-16.451288;749.48755;1.3199412;31.783167;100.0;0.046271402;152.67284;303.1006;0.00655949;-0.031150877;0.0;0.17113984;0.17113984;0.0;0.003989786;870.73334;3517.0544;-1170.5316;4366.5425;-21.803333;34.815556
1974-11-28;-6.6725135;-18.090864;-14.006172;748.291;1.1264129;135.87315;100.0;0.046256382;154.24608;300.2523;0.0017179218;-0.06290153;0.0;0.16999245;0.16999245;0.0;0.0;665.8945;2618.6868;-767.155;5078.392;-46.684444;36.274445
1974-11-29;-7.671595;-15.999912;-15.974912;748.1745;1.1937163;43.861313;100.0;0.046244066;155.87596;296.99707;0.0008523463;-0.027142465;0.0;0.16885996;0.16885251;0.0;0.0;882.605;3383.0334;-1106.7766;4502.7974;-18.766666;49.974445
1974-11-30;-7.453506;-12.904956;-14.739316;749.9676;1.2303869;37.823;100.0;0.0462573;157.38605;293.74185;0.0008523463;-0.0047422945;0.0;0.16773492;0.16772747;0.0;0.0;890.83057;3331.1367;-1019.0589;4723.074;-1.4288889;35.34667
1974-12-01;-7.01729;-11.558395;-12.644711;750.17926;1.2404363;35.05798;100.0;0.046278875;159.18422;290.6901;0.0025391579;-0.009484589;0.0;0.16662478;0.16662478;0.0;0.00081956387;880.5906;3213.1033;-1007.91223;4927.089;-4.983333;4.4866667
1974-12-02;-7.11177;-10.498317;-12.136134;751.34814;1.2904346;22.143433;100.0;0.046304386;161.18227;287.59766;0.0023722649;-0.0023581088;0.0;0.1655221;0.16552955;0.0;0.001527369;898.33167;3189.4844;-999.5022;4967.701;0.5;3.0122223
1974-12-03;-7.486593;-12.294438;-11.719261;749.7288;1.141631;111.415016;100.0;0.046321232;163.2643;283.89487;0.0045955176;-0.029833987;0.0;0.16444921;0.16444921;0.0;0.0015869737;925.7733;3201.9988;-1196.6833;4801.5757;-20.788889;-15.785556
1974-12-04;-6.999369;-11.259693;-13.077736;745.20264;0.99184805;94.26248;100.0;0.046628077;164.30304;283.56934;2.1005614;-0.0125374645;0.0;0.16337633;0.16337633;0.0;1.9992143;920.4289;3098.4866;-892.6222;4997.276;-7.9755554;-6.367778
1974-12-05;-5.05542;-6.856069;-5.7014008;738.6706;0.627506;123.82611;100.0;0.052796006;155.26756;338.4603;11.102724;-0.055724755;0.0;0.16233325;0.16233325;0.0;10.936223;545.13947;1970.8767;-334.51166;6330.7563;-42.17;-77.227776
1974-12-06;-7.566172;-8.72651;-7.02499;742.5501;1.024033;195.47758;100.0;0.07538617;147.25323;509.68423;16.55111;-0.052135438;0.0;0.16130507;0.16129762;0.0;16.521912;549.0789;2371.2043;-806.3933;5608.6064;-39.29;-110.44111
1974-12-07;-9.420007;-14.714145;-13.47715;748.6751;0.86025125;190.78972;100.0;0.07841722;153.61424;510.53873;0.6549537;-0.025574118;0.0;0.16027689;0.16027689;0.0;0.6519407;745.66223;3130.2944;-747.74945;5082.9233;-18.05889;-48.206665
1974-12-08;-5.792379;-7.06642;-6.966511;748.1696;0.6653493;232.32005;100.0;0.081151366;153.88605;526.7334;4.404545;-0.015518628;0.0;0.15927851;0.15927106;0.0;4.3500957;314.45776;1286.7433;18.551111;6663.4683;-11.485556;-68.01556
1974-12-09;-4.961863;-5.642475;-4.2956834;746.7717;0.7128226;186.03584;100.0;0.08979281;152.36034;588.0127;10.918602;-0.06700121;0.0;0.15828013;0.15828013;0.0;10.89415;275.59222;1143.4956;-137.42166;6669.8643;-51.906666;-108.48778
1974-12-10;-6.0472717;-8.820201;-7.3971686;748.35004;0.68213296;129.91649;100.0;0.09491833;155.23695;612.264;0.19723079;-0.031798147;0.0;0.15729666;0.15729666;0.0;0.19583106;653.6717;2741.621;-1110.0361;5205.1357;-22.751112;-68.71
1974-12-11;-10.20013;-14.102161;-13.906213;747.64575;1.3188657;15.823283;100.0;0.09496542;159.36586;596.47626;0.008167958;-0.0009229407;0.0;0.15632808;0.15632063;0.0;0.006455928;736.9211;3014.89;-922.73553;4836.9844;1.1077778;-20.411112
1974-12-12;-9.1564;-12.589203;-13.6479225;745.1719;1.5579228;20.09847;100.0;0.09501767;162.45897;585.1237;0.14502124;0.011286698;0.0;0.1553595;0.15535206;0.0;0.14206767;743.6433;2965.5134;-782.075;5088.933;10.627222;7.112222
1974-12-13;-8.275723;-11.240429;-13.729199;747.4383;0.97537774;171.73247;100.0;0.09520793;165.3893;575.80566;0.0503579;0.013486482;0.0;0.15440583;0.15439838;0.0;0.04689768;772.83057;3003.6646;-906.8922;4902.4165;12.266666;-4.997778
1974-12-14;-9.621563;-14.560718;-14.233116;749.57056;1.0350882;89.3999;100.0;0.09529201;168.23305;566.56903;0.024989247;-0.009663403;0.0;0.15345216;0.15345961;0.0;0.024989247;765.7022;2902.8623;-1102.336;4640.072;-5.7444444;-6.417778
1974-12-15;-10.248661;-16.313269;-18.203142;749.15204;1.222671;16.776384;100.0;0.095317006;170.57127;559.0413;0.00011324882;0.011764467;0.0;0.15252829;0.15252829;0.0;0.00010430813;850.4094;3145.9;-1148.0505;4234.462;10.702222;55.90333
1974-12-16;-8.553051;-16.971617;-18.45118;749.7647;1.0812994;162.76503;100.0;0.095341444;172.51723;552.9785;0.0008523463;0.00085681677;0.0;0.15160441;0.15160441;0.0;0.0;863.63;3118.3767;-1071.2755;4337.7285;2.3433332;79.083336
1974-12-17;-9.239502;-13.478044;-18.306793;750.34674;0.95710737;326.18442;100.0;0.09537375;174.41632;547.2412;0.016990304;0.028228387;0.0;0.15069544;0.15069544;0.0;0.015269965;880.165;3104.219;-958.63336;4474.602;23.223333;53.86889
1974-12-18;-8.3719635;-10.627247;-12.5631895;750.9244;0.8309498;251.70412;100.0;0.095625795;176.20766;543.33496;0.28110147;0.0049984083;0.0;0.14978647;0.14980137;0.0;0.27588382;727.7756;2519.6333;-511.5161;5554.4956;5.39;-36.461113
1974-12-19;-7.185753;-8.934494;-9.672019;749.9427;0.79210496;148.2614;100.0;0.09668914;177.11359;546.346;1.1598948;0.0024661422;0.0;0.1489222;0.1489222;0.0;1.12883;636.535;2211.841;-605.3189;5664.4854;3.221111;-40.575554
1974-12-20;-8.39626;-10.696349;-10.482257;750.1814;0.889601;255.98969;100.0;0.09695562;180.22752;538.5335;0.018255413;-0.011316501;0.0;0.14802814;0.14803559;0.0;0.016912818;805.0789;2738.4912;-949.91;5154.6924;-6.9733334;-54.418888
1974-12-21;-8.028033;-8.9253;-8.895492;746.9302;1.0522693;211.90837;100.0;0.10719526;170.33527;630.08624;25.802372;-0.013988465;0.0;0.14716387;0.14717132;0.0;25.783598;341.10223;1197.2478;-5.026111;6433.5913;-10.4777775;-86.08444
1974-12-22;-9.299802;-11.57327;-9.014174;744.816;0.48390213;161.41924;100.0;0.12544692;155.08592;808.43097;6.1971636;-0.03456697;0.0;0.1463145;0.1463145;0.0;6.1682425;349.88333;1488.2389;-555.4339;5697.8896;-26.32;-63.005554
1974-12-23;-12.95946;-18.151342;-15.571159;746.3416;1.033823;92.29305;100.0;0.12900607;155.58397;830.44434;0.0058054924;-0.0133086;0.0;0.14546514;0.14547259;0.0;0.0028014183;722.75446;3044.9634;-1413.3833;4006.0989;-8.868889;-28.807777
1974-12-24;-14.258884;-21.195465;-21.416739;746.49805;1.1151178;48.467907;100.0;0.12901795;158.59666;814.2497;0.0012874602;0.0014239922;0.0;0.14463067;0.14463067;0.0;1.4901161e-05;763.94666;3132.5522;-1161.65;3906.3965;2.3555555;49.09
1974-12-25;-14.606578;-20.568266;-22.60833;744.847;1.0607713;31.985321;100.0;0.12904954;160.77016;803.58887;0.032913685;0.006652437;0.0;0.1437962;0.1437962;0.0;0.028695911;731.20886;2919.6345;-851.3883;4232.797;6.2588887;40.366665
1974-12-26;-16.162636;-20.790495;-23.418602;745.1121;1.2661031;34.091766;100.0;0.12909456;162.78969;793.86395;0.0042640166;0.015713274;0.0;0.14297664;0.14297664;0.0;0.0021122396;796.43665;3099.3823;-1070.4573;3888.7292;13.226666;46.45222
1974-12-27;-13.611415;-18.032629;-22.8604;745.6208;0.92429703;184.79248;100.0;0.12913783;164.68715;785.11554;0.04799068;0.02063904;0.0;0.14217198;0.14217198;0.0;0.04497543;765.92;2907.1433;-731.16833;4375.9697;16.915556;44.72333
1974-12-28;-13.906102;-17.649565;-20.499228;748.1116;1.0000802;100.905914;100.0;0.1292419;166.67055;776.48926;0.052312016;0.017542392;0.0;0.14138222;0.14136732;0.0;0.048428774;735.4422;2727.8667;-705.5867;4611.177;14.631111;10.866667
1974-12-29;-12.426109;-14.6742525;-17.714506;748.74805;0.87201476;214.13423;100.0;0.12994616;168.17772;773.4375;1.421529;0.018954277;0.0;0.14057755;0.14057755;0.0;1.4174209;598.2267;2169.5679;-229.59277;5420.527;15.552222;-13.556666
1974-12-30;-9.748561;-12.378377;-14.107678;749.2578;0.9487745;175.09558;100.0;0.13086025;170.1419;770.1009;0.12580156;0.013758428;0.0;0.1397878;0.13979524;0.0;0.12408197;741.74554;2692.5066;-942.2189;4853.292;12.003333;-19.724445
1974-12-31;-7.327825;-12.732407;-14.529388;748.6902;0.71497935;172.57886;100.0;0.13161154;172.68358;762.20703;2.8342557;-0.0037066638;0.0;0.13901293;0.13901293;0.0;2.8309896;801.7144;2844.9246;-507.95612;5388.6733;-1.1877778;10.863334
1975-01-01;-6.83514;-9.496247;-11.748893;750.82324;0.7666525;95.73647;100.0;0.1339088;173.86359;771.1589;0.09171963;0.009127893;0.0;0.13823807;0.13823807;0.0;0.09085983;780.99664;2857.1455;-1100.025;4869.319;8.787222;-14.912222
1975-01-02;-7.221396;-13.407959;-15.219365;749.6596;0.81483513;248.97673;100.0;0.1339492;177.64874;755.249;0.0024437886;0.0045280904;0.0;0.13747066;0.13747066;0.0;0.0007264316;877.13;3133.17;-1183.8112;4448.7915;5.327778;39.005554
1975-01-03;-7.021932;-9.045563;-12.560214;745.89435;0.37725294;200.318;100.0;0.14078887;171.78773;819.01044;12.056987;0.019754283;0.0;0.1367256;0.1367256;0.0;12.042794;233.20944;873.61664;289.5172;6501.5474;15.606667;5.0633335
1975-01-04;-6.8511453;-7.980597;-8.328219;746.4927;0.9077981;223.25117;100.0;0.14718144;170.14027;865.88544;3.54573;-0.015587546;0.0;0.13598055;0.13598055;0.0;3.5342238;522.78723;2101.0854;-286.7328;6176.6367;-10.9788885;-72.26778
1975-01-05;-8.129104;-9.137424;-7.345198;744.8061;1.5163604;210.95271;100.0;0.15502489;169.62401;913.3301;7.554056;-0.053564087;0.0;0.13524294;0.13523549;0.0;7.548209;495.35;2057.0066;-375.6839;6101.401;-40.943333;-150.78334
1975-01-06;-8.663242;-9.9530945;-7.9592957;746.2176;1.2535394;231.64311;100.0;0.15923877;173.21059;920.166;2.0860925;-0.03803894;0.0;0.13449788;0.13451278;0.0;2.0776987;584.8467;2422.3167;-553.8233;5834.2046;-28.39;-112.34111
1975-01-07;-8.242893;-12.564258;-10.310703;747.8689;0.9054479;67.82101;100.0;0.15994616;179.02277;894.6126;0.010469556;-0.042857602;0.0;0.13378263;0.13378263;0.0;0.009126961;748.86053;3039.8977;-1166.2661;4837.211;-31.43;-73.99555
1975-01-08;-8.40137;-11.53722;-13.907112;746.47296;0.7977354;224.55396;100.0;0.1600004;183.60252;872.1924;0.14096797;0.023528934;0.0;0.13306737;0.13305992;0.0;0.13713911;762.07666;3012.399;-865.28;4917.924;19.735556;-2.2222223
1975-01-09;-9.439902;-11.19995;-12.306413;746.2216;0.71719;293.0992;100.0;0.1604402;186.8701;859.13086;0.5562884;0.0038845465;0.0;0.13235211;0.13235211;0.0;0.55116415;679.1572;2617.6943;-434.23334;5641.4097;4.4444447;-66.23111
1975-01-10;-6.7912955;-7.914599;-9.176677;747.364;0.8499934;227.39471;100.0;0.16107602;190.89354;844.31964;1.0153055;-0.013088807;0.0;0.13165176;0.13164431;0.0;1.010593;537.06555;2035.2866;-193.24722;6232.5547;-9.191112;-66.10445
1975-01-11;-7.033277;-8.58421;-7.4347243;744.42065;0.8166627;178.09822;100.0;0.16696675;189.84178;878.7028;11.146991;-0.042157248;0.0;0.1309514;0.1309514;0.0;11.142172;456.85834;1754.9645;-435.25388;6023.988;-32.07111;-96.26889
1975-01-12;-8.010757;-12.115941;-11.469204;747.91644;0.8830604;126.98568;100.0;0.1729734;188.54002;918.66046;0.0004351138;-0.006036833;0.0;0.13026595;0.13026595;0.0;0.0;845.25055;3454.3923;-1514.3088;4273.43;-2.4255555;-20.762222
1975-01-13;-10.131349;-17.90291;-16.188936;749.2579;1.241388;20.99136;100.0;0.17298913;192.50714;899.6582;0.0;-0.014051795;0.0;0.1295656;0.12957305;0.0;0.0;876.4828;3486.5066;-1410.825;4039.2175;-8.736667;54.581112
1975-01-14;-11.455815;-18.125937;-19.32712;753.539;1.5672425;13.397389;100.0;0.17300923;195.27179;886.8001;0.0008523463;0.010088086;0.0;0.12889504;0.12889504;0.0;0.0;922.9;3576.87;-1355.935;3882.9194;9.671111;100.30111
1975-01-15;-9.877052;-20.661509;-20.594336;752.8825;1.1480641;90.267555;100.0;0.17303436;197.51659;876.87177;0.0008523463;-0.0075772405;0.0;0.12822449;0.12822449;0.0;0.0;946.8061;3578.2988;-1241.2711;3949.3213;-4.0355554;106.57222
1975-01-16;-11.462949;-19.75273;-21.207933;752.0647;1.4242748;18.794193;100.0;0.17304933;199.55011;868.12335;0.002577901;0.004693866;0.0;0.12755394;0.12755394;0.0;0.0025182962;985.4361;3641.8923;-1166.3811;3997.1787;5.321111;95.48
1975-01-17;-12.807996;-17.066849;-18.81016;747.5711;1.9753643;20.433847;100.0;0.17314999;201.54132;860.1888;0.12595952;0.018013641;0.0;0.12689829;0.12689829;0.0;0.12256205;724.74;2613.1033;-595.81836;4932.0317;15.261111;82.99555
1975-01-18;-9.916325;-13.8601885;-15.878844;745.4366;1.7223097;22.468512;100.0;0.17375469;203.29784;855.5908;0.598377;0.007310882;0.0;0.12625754;0.12625009;0.0;0.5928539;850.05725;3038.9888;-923.73834;4786.709;7.3022223;34.15333
1975-01-19;-12.016186;-15.981308;-16.509344;748.65967;1.2694343;22.713669;100.0;0.17388503;205.9212;845.459;0.0062942505;-0.0021774322;0.0;0.12558699;0.12560189;0.0;0.005874783;994.66943;3470.4211;-1135.9689;4420.7686;0.14222223;-35.677776
1975-01-20;-12.353505;-16.527657;-17.126081;749.8693;1.4198503;18.444092;100.0;0.17391022;208.44464;835.2458;0.005588704;0.004135072;0.0;0.12497604;0.12496114;0.0;0.0047311187;1043.9078;3559.6821;-1133.7781;4382.617;5.137778;-7.81
1975-01-21;-11.711151;-16.65028;-16.152336;745.51483;1.0136685;63.336964;100.0;0.17393513;210.93097;825.43945;0.0049829483;-0.014722347;0.0;0.12433529;0.12432784;0.0;0.0032484531;982.58;3279.3333;-1008.0528;4656.406;-9.504444;-46.406666
1975-01-22;-12.013489;-16.17544;-17.2606;744.4642;0.94100285;65.29813;100.0;0.17395525;213.35023;815.9587;0.009524822;0.00040326267;0.0;0.12369454;0.12370199;0.0;0.0077411532;1125.4728;3678.7556;-1331.253;4133.059;2.1133332;-29.466667
1975-01-23;-13.016105;-16.763475;-17.813269;744.02246;1.0036373;42.945034;100.0;0.17398612;215.5003;807.8206;0.0066041946;0.0024177134;0.0;0.12306869;0.12307614;0.0;0.005636364;1126.4684;3603.6045;-1218.1113;4241.4473;3.6044445;-45.496666
1975-01-24;-12.521309;-16.425894;-17.091774;744.0783;1.2523466;19.603231;100.0;0.17402093;217.60023;800.08954;0.016647577;-0.008488074;0.0;0.12245774;0.12246519;0.0;0.0145584345;1173.5884;3681.43;-1230.1466;4319.772;-4.772222;-46.22333
1975-01-25;-12.628297;-18.624952;-17.428503;746.4944;1.1067524;63.360195;100.0;0.17404039;219.68292;792.80597;0.010248884;-0.019488856;0.0;0.121846795;0.121846795;0.0;0.008098781;1226.1339;3765.7244;-1324.2067;4167.569;-13.2;-50.64111
1975-01-26;-10.407208;-17.745005;-17.34791;745.9856;0.8394613;167.03302;100.0;0.17404993;221.67609;786.1735;0.001847744;-0.011220574;0.0;0.12126565;0.1212433;0.0;0.0018589199;1140.1494;3430.6077;-986.6372;4605.11;-7.4155555;-16.145555
1975-01-27;-10.368164;-14.502304;-14.511776;743.41583;0.72644275;107.73813;100.0;0.17409019;223.74672;778.93066;0.17617941;-0.04476402;0.0;0.1206547;0.12064725;0.0;0.17373264;1120.8256;3313.111;-796.2797;5097.046;-33.81222;-78.37556
1975-01-28;-10.552578;-12.366187;-11.511982;744.7122;0.829298;128.6627;100.0;0.17573579;221.73077;792.07355;4.4014544;-0.07355772;0.0;0.120058656;0.120058656;0.0;4.3884964;848.69666;2536.946;-347.79944;5861.7104;-56.827778;-152.72444
1975-01-29;-8.638409;-10.526061;-9.094523;748.00507;0.78302884;221.60974;100.0;0.1807369;211.63246;854.4515;2.316776;-0.0901185;0.0;0.11947751;0.11947006;0.0;2.3036003;967.06946;3322.235;-745.74225;5600.3735;-69.12889;-144.47667
1975-01-30;-8.480897;-14.7537775;-10.741676;751.1401;0.8357337;114.444786;100.0;0.18133402;214.70375;845.54034;0.0018090009;-0.06314926;0.0;0.118881464;0.118881464;0.0;0.0013709068;1156.9939;3936.9006;-1541.1525;4415.3623;-46.22889;-84.29889
1975-01-31;-7.4488373;-15.290131;-13.781194;749.6473;0.8788257;124.93601;100.0;0.18132897;218.03969;832.4382;0.00085422484;-0.026570633;0.0;0.11830032;0.11830032;0.0;0.0;1194.6267;3975.8118;-1376.2264;4391.352;-17.96;-15.835556
1975-02-01;-7.894872;-16.052393;-13.970826;746.19556;0.8955931;91.53208;100.0;0.18139327;220.72362;822.7132;0.7082319;-0.035302714;0.0;0.11770427;0.11771917;0.0;0.70521235;1230.1594;4006.3777;-981.4489;4909.6655;-25.472221;-47.031113
1975-02-02;-7.370321;-9.905427;-10.15916;743.45184;1.0802706;31.257376;100.0;0.18734753;214.07387;874.34894;8.401459;-0.01570303;0.0;0.11715293;0.11715293;0.0;8.394062;491.65668;1779.3694;-133.53334;6244.677;-11.5622225;-37.97333
1975-02-03;-7.672161;-10.662285;-8.732411;744.7149;0.7521363;88.33676;100.0;0.19162779;212.61977;901.97754;0.81430376;-0.0684103;0.0;0.116586685;0.116586685;0.0;0.80949813;892.5856;3391.5667;-804.545;5523.74;-51.01;-127.185555
1975-02-04;-8.01455;-11.042844;-9.523773;745.1838;0.69965416;71.10874;100.0;0.19199462;216.60057;887.3698;0.7641749;-0.055963174;0.0;0.11603534;0.11602789;0.0;0.7561743;1002.36053;3734.1777;-959.0439;5242.231;-41.00722;-125.458885
1975-02-05;-9.452801;-12.567187;-9.960105;741.46576;0.7500169;81.73773;100.0;0.19363868;217.50584;890.5843;1.969415;-0.09416416;0.0;0.1154691;0.1154691;0.0;1.9549727;942.0183;3505.8655;-954.6864;5191.507;-71.367775;-150.52333
1975-02-06;-11.601743;-13.8910055;-11.512055;738.1326;0.8872926;158.03636;100.0;0.1947455;219.14906;889.20087;0.53942204;-0.08440111;0.0;0.114917755;0.114925206;0.0;0.53235143;1035.294;3839.0566;-953.6247;5057.803;-63.934444;-193.41333
1975-02-07;-12.3390465;-14.249782;-11.731575;738.13696;1.3610139;218.19916;100.0;0.19677989;217.44366;905.0293;3.0988543;-0.09203516;0.0;0.11438131;0.11437386;0.0;3.0749514;985.5211;3670.7888;-719.228;5312.0933;-70.388885;-243.09445
1975-02-08;-11.934756;-14.058014;-11.71873;741.25385;1.2343868;217.01259;100.0;0.19909437;215.25453;925.5778;1.5129566;-0.11271611;0.0;0.11384487;0.11383742;0.0;1.508616;917.515;3463.2944;-765.7636;5252.178;-86.65222;-221.73334
1975-02-09;-10.27534;-11.848653;-11.096027;738.0727;1.0367068;188.76837;100.0;0.20674872;205.8268;1003.4587;28.75926;-0.039745122;0.0;0.11330843;0.11330098;0.0;28.756887;519.2033;1974.0194;-50.18889;6195.4263;-30.595556;-156.93222
1975-02-10;-11.931075;-13.925258;-10.178223;732.73566;1.3897718;193.05731;100.0;0.26144814;157.41469;1658.2438;38.863453;-0.115776435;0.0;0.11280179;0.11277944;0.0;38.845234;364.4239;1592.1394;-386.85333;5760.742;-90.22667;-173.61
1975-02-11;-14.964906;-19.051985;-14.35585;739.43036;0.6527836;240.88228;100.0;0.27186462;160.21906;1701.0498;0.71176845;-0.07455796;0.0;0.112235546;0.11226535;0.0;0.70508945;879.5994;3774.8455;-1291.2988;4316.797;-56.41111;-186.15334
1975-02-12;-14.9348955;-19.209885;-19.896437;744.5959;0.8869281;136.9486;100.0;0.2720288;166.70343;1634.9691;0.017392635;-0.0041536987;0.0;0.11174381;0.11174381;0.0;0.01513958;1127.0333;4707.519;-1385.74;3775.1497;-1.2888889;-81.95
1975-02-13;-14.163535;-21.204319;-21.448446;745.6594;1.0558892;56.991974;100.0;0.27205232;171.36554;1590.3727;0.0020593405;-0.012723729;0.0;0.11122227;0.11122227;0.0;0.0007674098;1171.12;4761.0635;-1326.8683;3802.0552;-7.522222;-12.76
1975-02-14;-11.181865;-20.627745;-22.087557;746.80255;0.88567257;56.228546;100.0;0.27207002;175.43488;1553.4261;0.0023107333;-0.015094876;0.0;0.11071563;0.11070818;0.0;0.0010356307;1232.2411;4879.601;-1183.4614;3947.2358;-9.237778;20.401112
1975-02-15;-9.480061;-14.074798;-18.562971;747.7632;0.72334296;258.66776;100.0;0.27220714;179.66795;1517.9037;0.15412867;0.023443252;0.0;0.11020899;0.11020154;0.0;0.14863163;1077.0978;4158.6123;-617.74225;5003.149;19.947779;-59.95222
1975-02-16;-9.337998;-13.201961;-15.045536;750.2763;0.9988146;72.544495;100.0;0.2722962;185.34047;1472.2494;0.0068540173;-0.0030221418;0.0;0.10970235;0.1096949;0.0;0.0064224005;1197.6823;4517.76;-1069.6544;4735.472;0.70444447;-83.81111
1975-02-17;-8.487528;-15.074986;-15.700534;752.7535;1.0304819;119.980286;100.0;0.27232587;191.11913;1427.6123;0.00085532654;-0.01938641;0.0;0.10919571;0.10919571;0.0;0.0;1345.4534;4952.9062;-1434.2655;4202.263;-11.647778;-20.746666
1975-02-18;-6.190403;-14.6671;-15.576312;751.4309;0.9169809;83.74397;100.0;0.27234247;196.31703;1389.9332;0.0;-0.030964613;0.0;0.10868907;0.10868907;0.0;0.0;1375.0178;4941.9043;-1279.7328;4445.844;-20.575556;-15.07
1975-02-19;-6.22518;-10.660736;-13.53791;750.5439;0.7491369;169.34685;100.0;0.2725942;201.45929;1355.5502;0.67564845;-0.003222376;0.0;0.10818243;0.10819733;0.0;0.67093223;1030.4083;3618.9246;-543.9217;5526.622;-0.5822222;-49.578888
1975-02-20;-4.060679;-5.215586;-8.67278;747.78394;0.53798103;205.13318;100.0;0.2802074;202.1764;1385.8643;15.038568;0.0015161932;0.0;0.10770559;0.10771304;0.0;14.989458;537.5139;2048.5266;103.00667;6741.4614;2.45;-61.052223
1975-02-21;-4.0864463;-4.545878;-4.791616;740.6551;0.6623242;154.3759;100.0;0.32470748;190.24706;1702.7181;61.61317;-0.0113938;0.0;0.10724366;0.10724366;0.0;60.70587;156.95444;685.13275;27.443056;6865.5977;-8.6866665;-46.684444
1975-02-22;-4.5787354;-5.251068;-3.877248;745.6657;1.3569249;205.9091;100.0;0.35943043;192.59113;1868.8558;14.163239;-0.12536906;0.0;0.10676682;0.10676682;0.0;14.102429;481.4989;2076.1973;-158.67027;6709.04;-96.99111;-208.99667
1975-02-23;-4.8166504;-5.5130515;-3.6935017;748.2925;0.95627904;208.81976;100.0;0.38140628;200.30531;1902.9135;28.302076;-0.10787789;0.0;0.106304884;0.10629743;0.0;27.973444;520.6139;2244.9756;-329.81696;6525.7246;-83.07889;-200.57666
1975-02-24;-4.0080566;-6.4448447;-4.4314933;748.8654;0.71777076;107.260826;100.0;0.39679122;209.31801;1900.1058;0.9768846;-0.08731149;0.0;0.105813146;0.105820596;0.0;0.97322464;1053.5189;4533.974;-1008.85803;5661.3433;-63.40222;-181.28555
1975-02-25;-4.8209023;-9.025131;-5.9443436;745.9936;0.8817074;144.14513;100.0;0.3968619;222.56117;1786.2142;0.0477463;-0.1261849;0.0;0.10533631;0.10533631;0.0;0.044733286;1193.6194;4950.5894;-1209.5592;5294.7476;-93.33444;-187.40973
1975-02-26;-5.4169006;-6.863088;-6.3803124;744.0435;0.977305;202.02834;100.0;0.40202168;229.30858;1753.9877;8.490742;-0.062486157;0.0;0.10484457;0.10486692;0.0;8.477502;822.25836;3415.9421;-399.77832;6263.2456;-46.27778;-167.02916
1975-02-27;-6.525187;-7.844242;-5.659285;745.2991;1.0306689;206.45544;100.0;0.40844956;235.37238;1736.8164;5.17233;-0.13100821;0.0;0.104397535;0.104404986;0.0;5.1582007;965.7228;4025.956;-777.52386;5826.932;-99.41111;-244.31277
1975-02-28;-6.9086304;-8.917194;-6.5385003;743.6414;0.68487984;173.61342;100.0;0.41255212;241.0895;1710.6119;11.090726;-0.1325123;0.0;0.1039356;0.1039356;0.0;11.084899;1027.4806;4252.0376;-777.62805;5736.0034;-100.28111;-224.97888
1975-03-01;-6.6840796;-8.200208;-6.2852135;739.4931;0.94770664;194.10498;100.0;0.43389165;230.18976;1883.3822;17.197905;-0.11958368;0.0;0.103488564;0.103481114;0.0;17.137695;875.2883;3799.305;-610.1297;5968.3535;-90.746666;-220.24777
1975-03-02;-7.9126625;-9.560199;-6.7539573;740.1451;1.0627059;216.07954;100.0;0.44803283;229.1175;1956.2582;8.58245;-0.14409237;0.0;0.10302663;0.10302663;0.0;8.577861;1038.5117;4504.904;-919.5333;5516.9683;-109.541115;-277.94333
1975-03-03;-8.765843;-11.486169;-8.536162;744.6419;0.85180503;242.82245;100.0;0.45026127;237.0768;1901.8555;0.12604892;-0.106432475;0.0;0.10256469;0.10256469;0.0;0.12437627;1274.2383;5388.3105;-1245.5564;4991.262;-78.58222;-236.955
1975-03-04;-7.7340927;-12.212673;-10.022258;748.78534;0.9683028;80.40548;100.0;0.45028368;244.69301;1842.2852;0.003477931;-0.07870328;0.0;0.10211766;0.10211766;0.0;0.0017657876;1350.2761;5555.6064;-1435.4725;4640.8535;-56.344444;-183.63472
1975-03-05;-5.2174873;-12.517345;-11.739913;750.0048;0.94835305;71.74298;100.0;0.45028493;250.80304;1797.0377;0.00087133836;-0.055871904;0.0;0.10165572;0.10166317;0.0;0.0;1451.1483;5813.933;-1601.3169;4323.314;-38.22333;-84.44666
1975-03-06;-5.978292;-13.931316;-12.59759;748.198;0.90772325;65.64666;100.0;0.45030594;255.84929;1761.3932;0.08191793;-0.062907115;0.0;0.10120869;0.10121614;0.0;0.07592142;1488.71;5814.039;-1329.3278;4619.4927;-43.894444;-106.56333
1975-03-07;-6.308075;-11.420148;-11.440212;748.87036;1.4255902;28.07699;100.0;0.4503766;260.64127;1729.6143;0.0413239;-0.09060465;0.0;0.10076165;0.1007691;0.0;0.037044287;1348.3458;5142.1807;-1250.6061;4841.0967;-66.22444;-103.905556
1975-03-08;-7.1838403;-14.724778;-12.251872;750.5601;1.2981068;18.85108;100.0;0.4503754;265.25034;1699.6664;0.0006943941;-0.07460266;0.0;0.10031462;0.10032207;0.0;0.0002682209;1600.5875;5952.745;-1667.2084;4238.4004;-52.72778;-107.8175
1975-03-09;-4.361196;-16.547472;-12.633227;750.6214;1.0242864;73.13007;100.0;0.45035994;269.32715;1673.584;0.00044107434;-0.02971664;0.0;0.099897385;0.099897385;0.0;0.0;1675.7556;6084.3545;-1578.2139;4378.0654;-22.726667;-72.60667
1975-03-10;-3.371928;-12.434574;-11.46846;750.2703;0.91061544;173.35081;100.0;0.45035598;273.31216;1648.9664;0.043596875;-0.026212074;0.0;0.09948015;0.0994876;0.0;0.033020973;1330.0056;4717.4624;-1115.3698;5055.346;-20.197779;-51.47222
1975-03-11;-3.8693542;-10.230496;-10.577209;749.11127;0.79173;256.99173;100.0;0.4503653;277.40396;1624.8373;0.12485431;-0.048696995;0.0;0.09909272;0.09907782;0.0;0.11783838;1756.0366;6090.168;-1329.1256;4893.3467;-37.762222;-166.1489
1975-03-12;-4.5879617;-6.2747293;-7.641215;747.34155;0.82867426;109.06607;100.0;0.4518713;280.71582;1610.7992;2.7116568;-0.08383207;0.0;0.09867549;0.09867549;0.0;2.5368073;1293.7925;4451.896;-645.5822;5999.8945;-65.65;-216.46973
1975-03-13;-4.93453;-9.970703;-6.443975;747.3641;0.9144464;122.026;100.0;0.4532608;284.9873;1592.041;0.4254187;-0.15176088;0.0;0.09825826;0.09827316;0.0;0.11891127;1623.7844;5706.34;-1440.2106;5090.4546;-118.78667;-272.13834
1975-03-14;-3.3290203;-7.0317955;-7.048655;749.0547;1.2684845;164.54958;100.0;0.45362744;289.55112;1567.3422;2.6859045;-0.074934214;0.0;0.09788573;0.09787828;0.0;2.4810658;1718.4336;5911.721;-1151.1589;5440.6533;-58.52778;-189.29778
1975-03-15;-4.0820503;-6.6736426;-4.7452607;745.9817;1.4009196;165.90736;100.0;0.45933554;289.91568;1584.9609;4.8823533;-0.1726644;0.0;0.0974834;0.0974834;0.0;4.473187;1335.4584;4935.1455;-1076.078;5656.279;-135.23;-289.1839
1975-03-16;-8.097711;-15.58289;-7.7276154;745.2163;1.5331045;32.509182;100.0;0.46104658;293.5433;1571.9401;0.08409885;-0.26443693;0.0;0.097081065;0.09709597;0.0;0.081181526;1599.252;5929.8467;-1877.6244;4227.107;-207.04723;-268.26334
1975-03-17;-6.449248;-16.128328;-10.524541;741.9091;0.9449652;179.97858;100.0;0.46092537;297.10123;1552.3275;0.045540396;-0.08575618;0.0;0.096693635;0.096708536;0.0;0.044655055;1753.2234;6336.5146;-1695.6666;4333.7573;-66.77111;-204.11778
1975-03-18;-5.303159;-8.157481;-8.903424;738.6657;0.8709691;162.64972;100.0;0.4674342;292.00748;1599.6094;11.8556595;-0.0162879;0.0;0.096313655;0.096313655;0.0;11.800487;1077.495;4115.787;-370.2236;6195.2573;-12.459444;-166.96973
1975-03-19;-5.110769;-6.5337386;-6.5313325;744.49023;0.8689776;241.10838;100.0;0.47413436;289.0814;1640.7064;2.3406923;-0.08558016;0.0;0.095933676;0.095933676;0.0;2.2785888;1243.2672;5022.6987;-725.9814;5927.7915;-66.90222;-281.05667
1975-03-20;-4.483907;-6.4403863;-5.443611;747.2392;0.7843711;218.1999;100.0;0.47551668;292.95737;1624.1455;0.70901513;-0.08996576;0.0;0.095546246;0.095553696;0.0;0.6528497;1430.4672;5713.411;-959.4805;5761.0205;-70.23;-299.0147
1975-03-21;-3.702596;-5.46578;-4.40568;749.1794;0.9844155;209.52562;100.0;0.47601727;297.66147;1600.3418;0.6609143;-0.19110925;0.0;0.09518862;0.09518117;0.0;0.6494075;1230.6895;4801.37;-489.85474;6406.1094;-149.93889;-303.55972
1975-03-22;-1.5662537;-3.4193928;-2.8310852;751.5893;0.9137462;221.57751;100.0;0.47647655;302.99185;1573.934;0.18138367;-0.09333156;0.0;0.09480119;0.09480864;0.0;0.12322515;1268.8861;4798.654;-990.70416;5899.447;-72.94666;-210.06223
1975-03-23;-0.44327798;-5.4875283;-2.6410801;752.91876;0.92799425;195.82214;100.0;0.47644532;309.21646;1542.5619;0.0032365315;-0.1161024;0.00059604645;0.095039606;0.09442866;0.011205673;0.0019483268;1830.2278;6476.09;-1525.1716;5342.3154;-88.31778;-235.9175
1975-03-24;-1.7986552;-3.5748901;-2.1925735;746.94305;1.1667488;213.2813;100.0;0.48847422;305.95834;1596.3541;18.996775;-0.07741898;0.0122487545;0.106304884;0.09405613;0.09553321;17.025764;689.3383;2668.89;-346.1814;6673.5713;-60.033333;-156.67639
1975-03-25;-2.3132832;-4.8342285;-1.9461924;748.7403;0.9976721;240.12434;100.0;0.49492788;307.62955;1611.1246;0.0428766;-0.2952311;0.009328127;0.10302663;0.0936985;0.16367622;0.041358173;1707.0405;6219.612;-1439.9355;5434.8335;-229.87555;-340.17612
1975-03-26;-2.5357258;-5.075399;-2.7248993;741.7576;0.77538514;200.46294;100.0;0.49880055;310.2946;1607.7474;14.703838;-0.21507871;0.008262694;0.101581216;0.09331852;0.0;13.440777;1526.8994;5255.258;-966.2472;5926.7046;-167.06056;-267.2978
1975-03-27;-4.519474;-6.133364;-2.3508823;739.2242;1.3917278;207.01855;100.0;0.52058965;293.94565;1770.9961;15.337128;-0.32859388;0.004902482;0.097855926;0.09295344;0.031549484;14.949758;1363.586;5700.883;-884.92303;6017.0615;-255.13333;-463.13666
1975-03-28;-5.9539704;-7.591452;-3.8648236;745.46844;1.081242;197.55809;100.0;0.536102;286.4974;1872.518;11.643404;-0.21774787;0.0;0.092580914;0.092588365;0.0;11.600152;764.03613;3237.1262;-822.1717;5807.257;-168.37611;-248.36778
1975-03-29;-4.620463;-11.185715;-5.6076508;751.4138;1.0423511;77.77427;100.0;0.53920645;290.55698;1858.9681;0.008705258;-0.17746258;0.0;0.09222329;0.092215836;0.0;0.007852912;1673.3583;6902.9224;-1627.0092;4857.42;-136.53334;-354.37195
1975-03-30;-1.9945043;-15.013741;-7.8517404;753.5313;1.0569597;60.066605;100.0;0.53912854;295.92252;1824.7885;0.00085532654;-0.1022201;0.0;0.09185076;0.09185821;0.0;0.0;1807.5989;7231.0806;-1842.9003;4423.5103;-76.91778;-160.28111
1975-03-31;-0.69736737;-11.324777;-8.114059;753.845;1.2779474;28.155548;100.0;0.53907746;300.46255;1796.9971;0.0;-0.077702105;0.0;0.09149313;0.09149313;0.0;0.0;1840.0339;7149.864;-1634.5555;4749.416;-57.67;-127.04195
1975-04-01;0.19517009;-9.509084;-7.42092;754.9003;1.4371802;21.284876;100.0;0.5390375;304.9811;1770.5485;0.0008523463;-0.06326754;0.0;0.0911504;0.09114295;0.0;0.0;1904.1444;7182.5767;-1605.2783;4891.1855;-48.17;-133.27777
1975-04-02;1.8659464;-8.538554;-6.21492;757.1816;1.2235377;18.608065;100.0;0.53885216;309.78027;1742.9606;0.0008559331;-0.08140318;0.018134713;0.10892749;0.090792775;0.29375032;0.0;1948.5266;7107.844;-1461.593;5175.8457;-60.255554;-124.21445
1975-04-03;2.8233337;-6.5258994;-4.6276855;757.82495;1.1571568;33.581802;100.0;0.53831726;315.12012;1712.443;0.0034366823;-0.074132346;0.04710257;0.13755262;0.0904426;0.6805248;0.0;2027.8744;7125.882;-1470.4109;5317.6855;-54.205555;-139.74583
1975-04-04;3.3339844;-5.9108787;-3.337621;758.0068;1.1272296;58.43968;100.0;0.53705156;320.70377;1679.8096;0.0012830605;-0.07958338;0.1437813;0.23387372;0.09009242;1.7103963;0.0;2113.6238;7178.8237;-1517.995;5386.39;-57.993332;-154.5389
1975-04-05;3.3964336;-5.5296426;-2.1736271;758.385;1.1224798;57.092026;100.0;0.53510743;326.51822;1644.816;0.0;-0.09365473;0.19316375;0.28291345;0.08974224;2.0599551;0.0;2193.064;7206.464;-1540.155;5436.983;-68.26889;-160.41333
1975-04-06;2.7544556;-5.788137;-1.1667455;757.27295;1.1593736;42.925556;100.0;0.53286666;333.82617;1602.7832;0.003453485;-0.13136584;0.2785325;0.36793947;0.08939952;2.279777;0.0;2433.8044;7226.283;-1623.873;5444.0234;-97.29;-184.61111
1975-04-07;2.676361;-7.480947;-0.51139194;756.9222;1.1889181;35.630318;100.0;0.5298747;342.9857;1551.2695;0.0012844794;-0.18674694;0.40574372;0.49480796;0.08906424;3.6337824;0.0;2759.1394;7343.3643;-1733.3848;5369.688;-140.18222;-191.35556
1975-04-08;2.644694;-6.8995767;-0.27391306;755.8067;1.307497;31.50342;100.0;0.5223867;351.19272;1493.4489;0.0012814989;-0.22252929;1.164481;1.2532175;0.088736415;10.223463;0.0;2909.3977;7147.8833;-1643.383;5567.074;-167.86333;-189.30833
1975-04-09;2.6659749;-6.570577;-0.29044595;753.2314;1.1783123;66.23937;100.0;0.51206714;358.61166;1433.7565;0.0;-0.34109968;1.2575984;1.3459623;0.08837134;10.333128;0.0;3063.287;7101.0674;-1592.4672;5624.1846;-250.545;-140.23361
1975-04-10;3.2831523;-6.766764;-0.25382996;752.727;1.0764347;70.31344;100.0;0.50021315;365.81088;1373.0469;0.0008583069;-0.31487644;1.7477572;1.8357635;0.08800626;12.646298;0.0;3159.045;7007.856;-1604.5336;5592.819;-228.62445;-133.07889
1975-04-11;3.620229;-4.256785;-0.23734157;754.383;1.031919;86.5625;100.0;0.48662487;372.56543;1311.7676;0.0004351138;-0.28920454;2.1017046;2.189353;0.08765608;14.068324;0.0;3366.015;7224.6685;-1638.7222;5604.545;-207.545;-138.89223
1975-04-12;3.7301128;-2.631307;-0.20878728;754.1015;0.91602856;167.86699;100.0;0.472553;378.94955;1252.2787;0.0017106531;-0.26267675;2.5534332;2.640769;0.087320805;13.806462;0.0;3044.6716;6371.755;-1411.8262;5836.335;-188.65445;-121.08417
1975-04-13;3.7232666;-0.9579366;-0.1731097;751.23016;1.1292871;239.711;100.0;0.45737562;384.98828;1192.9525;1.2396902;-0.37517583;3.2895505;3.3765583;0.08700788;16.138124;0.0;3475.0256;7131.4507;-1406.0911;5900.3335;-275.70557;-160.00333
1975-04-14;0.5250041;-0.17777507;-0.014835358;747.50726;0.9322533;189.92574;100.0;0.44723186;388.37793;1155.192;14.68797;-0.14304835;4.7694297;4.9090385;0.13963133;10.036055;1.3256073;1309.8116;2712.2795;-154.79834;7209.953;-106.29667;-146.05667
1975-04-15;-0.13957722;-2.976888;-0.119208016;747.76874;1.0808576;157.02504;100.0;0.43553603;390.44693;1119.9137;0.33470988;-0.6517982;3.3696146;3.485456;0.11583418;14.092631;0.0044107437;3128.041;6608.4653;-1470.2058;5733.948;-494.3878;-334.86777
1975-04-16;0.528066;-7.630839;-0.33693948;750.3789;1.0690928;67.51201;100.0;0.42374024;396.34213;1073.649;0.0029236078;-0.6924588;2.2228062;2.3148208;0.09201467;10.368843;0.0024959445;3674.8706;7600.64;-1975.1278;5140.31;-520.1544;-305.69778
1975-04-17;2.5343018;-8.028676;-0.31220755;752.5266;1.025384;67.03849;100.0;0.41225794;404.7311;1023.15265;0.014871359;-0.46965852;3.0006318;3.0875206;0.08691102;11.888938;0.0;3829.5945;7789.7983;-1870.0142;5326.185;-343.75555;-161.29472
1975-04-18;4.0033975;-2.8516133;-0.14544041;751.8571;0.88927275;99.43052;100.0;0.3965646;411.22232;968.99414;0.7969588;-0.3495347;5.8575125;6.020755;0.16322732;18.182673;0.0;3399.0566;6822.3022;-1166.5836;6201.7046;-252.09334;-150.61555
1975-04-19;2.1007996;1.2854309;-0.0038248699;747.1302;0.8601918;76.737465;100.0;0.3849105;415.16177;930.82684;18.273582;0.020576641;8.348852;8.913427;0.5645901;8.934502;0.018101186;733.9867;1454.2106;129.83112;7521.2153;18.041111;-31.25
1975-04-20;0.31044516;-0.98463947;-0.010064443;744.846;0.9175764;127.53625;100.0;0.37470457;413.46094;909.79004;10.433594;-0.34226662;6.4021053;7.288575;0.88647753;13.948958;1.8362701;2300.7966;4823.915;-629.98444;6750.447;-256.70557;-238.82556
1975-04-21;-0.48535156;-2.01591;-0.048666637;746.4883;1.0475625;133.00299;100.0;0.36386216;411.73666;887.04425;2.7740896;-0.57382137;3.816113;3.9770603;0.16093999;11.429753;0.7394291;2530.7478;5566.2954;-882.7814;6438.0435;-436.32443;-351.33667
1975-04-22;1.0836893;-3.5931396;-0.11566671;745.4267;1.3134049;59.12241;100.0;0.35186923;415.21713;851.1556;3.257811;-0.76044536;4.5488925;5.0136147;0.46474487;13.047298;0.09448081;3270.2178;7023.0176;-1094.7797;6239.15;-574.2939;-317.28223
1975-04-23;0.28076172;-1.3091431;-0.039187115;744.8257;0.7751481;59.542362;100.0;0.3505379;401.33496;874.71515;14.948398;-0.18876977;4.0651264;4.1983576;0.13323873;6.1798544;7.6507964;1094.4856;3128.5566;-424.2586;6844.6445;-140.84111;-153.31444
1975-04-24;1.5974731;-0.8371582;-0.10904566;748.36426;0.96552604;138.31203;100.0;0.3428173;401.47852;856.5267;0.07351973;-0.30850992;3.6898553;3.8384795;0.14865398;11.298243;0.005416572;2484.0667;6552.75;-988.8136;6314.3755;-221.70667;-219.58778
1975-04-25;1.798879;-0.81256104;-0.13561504;748.1797;1.1191149;105.45657;100.0;0.3293682;405.67612;814.7786;0.044029925;-0.3857212;5.646393;6.447062;0.8006543;14.839579;0.0014640391;2963.8528;7230.082;-1100.4928;6220.185;-279.44223;-274.3589
1975-04-26;2.0718486;0.2641805;-0.0573438;746.80194;1.2039787;119.59536;100.0;0.31505224;410.02603;771.1589;11.731664;-0.3156159;9.785473;10.116726;0.33126026;15.679918;0.20585954;2408.6516;5551.666;-411.50888;7044.6846;-230.64555;-175.42
1975-04-27;1.1498209;0.34493002;-0.00795873;746.82086;0.81480813;194.63564;100.0;0.3003522;410.92026;733.43915;8.3955555;-0.20807517;8.87309;10.192737;1.3196542;13.730712;0.19694865;1951.6516;4387.1455;-417.285;6997.9165;-152.28833;-193.5711
1975-04-28;1.8812561;-1.8964132;-0.13566971;750.148;0.9201887;197.67554;100.0;0.28518674;413.09897;693.15594;0.08383393;-0.6074831;6.235838;6.4551086;0.21927804;16.649984;0.0011958182;3312.162;7181.973;-1359.4319;5936.4097;-454.69446;-278.08444
1975-04-29;3.1459858;-1.2491862;-0.20387395;749.31195;0.88303304;148.28386;100.0;0.26927903;418.9414;645.71124;2.2693856;-0.3951937;6.948486;8.06725;1.1187643;16.074926;0.0060237944;3330.2778;7025.4526;-1174.961;6187.761;-287.32556;-195.62862
1975-04-30;1.4666239;-0.1432902;-0.061578114;747.22614;0.7258019;185.87587;100.0;0.2569948;418.64682;615.88544;9.068574;-0.22572371;8.053467;9.3586445;1.3051853;14.037218;1.6483665;1998.5333;4451.13;-575.2197;6773.8906;-165.02777;-158.34555
1975-05-01;0.027353922;-2.1929626;-0.15026855;749.482;1.0647792;239.24243;100.0;0.24372117;420.23535;582.56024;3.2045424;-0.7085856;6.1643867;6.7301693;0.5657822;13.544966;0.20293146;3246.4294;7053.329;-1238.3787;6052.4043;-536.8678;-380.7022
1975-05-02;1.8059794;-5.019409;-0.31718954;751.3851;0.9402228;121.968994;100.0;0.22935204;425.94888;541.42255;0.101310015;-0.6909659;5.1831007;5.7245493;0.5414337;14.91914;0.010922551;3786.835;8063.454;-1659.4795;5573.671;-515.73334;-299.96335
1975-05-03;2.103068;0.62538654;-0.057573956;750.61224;0.57817763;87.12386;100.0;0.22077036;433.042;511.84082;28.774054;-0.037120655;14.779419;17.312796;2.5333688;8.838728;0.018510967;927.9817;1927.8495;26.159445;7369.569;-25.336111;-54.116665
1975-05-04;4.6679993;0.9692383;-0.13276672;749.80817;1.0319327;114.84556;100.0;0.20272458;434.0726;469.93002;2.8803172;-0.26878342;11.499539;14.03366;2.5341363;23.403051;0.0;3128.3923;6395.936;-1058.4388;6372.9385;-189.21222;-123.65667
1975-05-05;3.2535503;-1.4757792;-0.33943048;747.87866;1.169083;156.76698;100.0;0.18332851;440.28647;418.1722;3.5144627;-0.44975245;7.447064;8.664876;1.2178123;18.229555;0.36862493;3579.5972;7219.566;-1306.0414;6039.0527;-328.29666;-132.20444
1975-05-06;1.0837504;0.30532837;-0.035396576;746.2017;0.6987862;140.27425;99.45785;0.17223382;438.86685;392.7002;13.500032;-0.06807968;8.522883;10.979906;2.4570227;11.199351;1.6850233;1362.9828;2779.3467;-225.88972;7130.1787;-47.094444;-100.51778
1975-05-07;1.178243;0.07375082;-0.10614268;746.75616;0.79302293;88.18045;98.18514;0.16062148;432.93228;371.01236;6.9468646;-0.1429338;8.297801;10.42296;2.1251812;14.19555;0.010989606;1935.1222;4146.053;-644.0147;6706.3687;-99.80444;-154.23
1975-05-08;1.5720825;0.3512675;-0.27155557;748.8406;0.9924106;91.52792;96.60604;0.14648084;438.84018;334.22852;5.349311;-0.29428956;8.167245;11.098682;2.9314458;15.477102;0.00021606684;2612.8955;5391.4243;-708.4;6672.15;-210.32556;-239.97778
1975-05-09;2.9982097;-0.033803303;-0.27931085;749.2161;0.9936769;86.87951;95.32723;0.12854056;445.35776;289.22525;2.7303636;-0.46355557;9.123564;11.895031;2.771467;19.306765;0.0003017485;3461.879;6947.6587;-1196.6392;6232.067;-330.82556;-274.06332
1975-05-10;3.9785156;1.3430685;-0.42033896;748.51373;0.98001814;115.98358;94.55249;0.11069914;448.4567;247.11101;5.165246;-0.30092335;9.113058;12.530342;3.4172833;17.12108;0.0;3081.304;6057.5723;-1068.3456;6324.8135;-208.27722;-179.39111
1975-05-11;3.605194;0.8670247;-0.45850882;747.7404;0.95727855;84.012146;93.68595;0.09373955;448.83072;209.02507;5.061844;-0.24207309;9.216965;13.568476;4.3515043;16.40287;0.0003091991;2587.6807;5016.129;-835.4681;6513.7373;-165.29222;-153.29445
1975-05-12;4.3888245;2.1049805;-0.24176025;746.45355;0.8282607;134.87839;90.596275;0.077004075;448.82877;171.875;12.961942;-0.30443165;12.594119;17.862722;5.268611;17.16857;0.00010803342;2681.5627;5087.9165;-438.56223;7084.559;-209.01222;-181.41
1975-05-13;4.368876;3.208252;-0.29256186;747.8274;0.91918844;220.1757;87.18668;0.058760125;448.82812;131.51042;8.091032;-0.34279191;11.93884;20.361185;8.42233;18.753822;0.0;2669.3206;4926.5146;-606.5161;6882.3027;-234.39111;-221.61778
1975-05-14;5.4709167;2.3364258;-0.2676417;748.8809;0.9401636;205.85522;78.65674;0.039259117;448.82812;88.37891;0.8337647;-0.5944977;8.657127;19.294516;10.637387;19.82357;0.0;3399.4827;6137.569;-806.785;6825.9824;-414.59888;-260.49222
1975-05-15;5.0551248;2.613037;-0.3468399;749.251;0.90802836;160.85869;52.099934;0.022854486;448.82812;51.310223;1.4741449;-1.0411488;5.0903783;16.818985;11.728607;14.244363;0.0;3850.0322;6048.872;-935.1117;6831.1665;-722.01886;-452.38223
1975-05-16;4.848745;1.039154;-0.23573811;748.1174;1.1231474;151.21097;28.051188;0.012286067;448.82812;27.547201;2.6540308;-1.755476;3.4212322;14.511883;11.0906515;8.173127;0.0;4393.5806;6199.058;-1286.1095;6599.421;-1223.4833;-760.3555
1975-05-17;3.496399;2.0450745;-0.43060175;748.71027;0.8856938;182.17024;15.354085;0.0067326627;448.82812;15.258789;9.838575;-1.637416;4.236564;15.009626;10.773047;4.2493453;0.0;3770.1855;5049.0938;-895.9631;6939.5396;-1137.3367;-824.11444
1975-05-18;5.3868003;1.271525;-0.12509918;752.54486;1.0910823;168.0226;7.5065103;0.0032607715;448.82812;7.405599;1.2434363;-2.568433;1.0773093;10.672003;9.594708;2.776023;0.0;5543.0273;7189.1763;-1774.542;6380.1104;-1785.4634;-1283.9
1975-05-19;8.195557;1.0499064;-0.27575302;754.9521;1.1099463;109.886116;3.2093914;0.0013876756;448.82812;3.2145183;0.34389794;-3.0440502;0.4246533;9.280443;8.85579;1.3559498;0.0;5893.4434;7510.7476;-2020.6147;6333.19;-2114.7412;-997.2611
1975-05-20;10.051575;-0.00495402;-0.092030846;754.163;0.9558249;121.24584;1.2267252;0.0005296469;448.82812;1.3834635;1.185372;-3.0946033;0.36355853;8.483201;8.119642;0.54151565;0.0;5674.335;7169.6777;-2147.5022;6335.62;-2149.7834;-823.2278
1975-05-21;10.610768;1.0939127;-0.1404012;753.47833;1.3370136;243.82922;0.45751953;0.00019725163;448.82812;0.44759116;0.8693427;-3.3099167;0.19304454;7.632762;7.439725;0.2119653;0.0;5965.1934;7506.7124;-2125.744;6374.8145;-2299.3389;-1025.2733
1975-05-22;9.032582;1.009786;-0.0118306475;751.90137;1.0104188;168.77028;0.17358398;7.5260796e-05;448.82812;-7.345365e-21;3.6169379;-2.8898008;0.6660968;7.50041;6.834298;0.070013106;0.0;4955.218;6222.03;-1847.0427;6554.0913;-2007.4534;-782.54
1975-05-23;8.047893;0.16784668;-0.41209412;750.51953;1.1995287;198.2906;0.06819662;2.9762587e-05;436.95377;-7.345365e-21;0.9756565;-3.4036767;0.16583502;6.466508;6.300688;0.030171126;0.0;6215.902;7793.8687;-2343.8516;6034.221;-2364.4333;-1200.6633
1975-05-24;8.043019;0.38036093;-0.45650735;751.1987;1.089397;218.08519;0.026529947;1.168251e-05;428.7272;-7.345365e-21;0.6311016;-3.2293675;0.08952618;5.9214535;5.831949;0.011447817;0.0;6029.0967;7550.3267;-2207.5823;6213.4355;-2243.3372;-1133.5612
1975-05-25;8.437703;-0.19795735;-0.1736768;751.89355;1.1572926;195.96715;0.009765625;4.3710074e-06;428.16245;-7.345365e-21;0.7379651;-3.4420211;0.09857118;5.5187645;5.420208;0.004377216;0.0;6258.5903;7828.9688;-2322.3884;6105.84;-2391.0588;-1241.2289
1975-05-26;9.635193;0.3851827;-0.14120865;753.0364;1.229901;204.24397;0.0037434895;1.66893e-06;428.09375;-7.345365e-21;0.042808086;-3.6463776;0.005289912;5.060777;5.0554795;0.0016987324;0.0;6515.786;8141.9854;-2407.1812;6104.3867;-2533.0166;-1173.9388
1975-05-27;9.491069;2.2801616;-0.06882095;753.0577;1.044266;123.70343;0.0011393229;4.7683716e-07;428.09375;-7.345365e-21;3.1653783;-3.0818405;0.47305226;5.2048864;4.731834;0.0005699694;0.0;5901.4873;7366.34;-2270.6917;6276.4746;-2140.8523;-1118.0033
1975-05-28;11.098887;1.3537699;-0.0191981;753.7767;1.2151352;174.5357;0.0;-7.3453654e-25;428.09375;-7.345365e-21;1.0379136;-3.6549456;0.12072921;4.5640764;4.4433174;0.00021234155;0.0;6205.017;7737.0254;-2110.8044;6579.4355;-2538.969;-976.61444
1975-05-29;10.76886;2.093628;-1.5013872;753.60333;0.97199243;175.31953;0.0;-7.3453654e-25;292.37988;-7.345365e-21;4.649639;-3.2227123;0.66167116;4.8471985;4.1855426;5.9604645e-05;0.0;4991.83;6217.4854;-1759.5706;6878.609;-2238.71;-755.39777
1975-05-30;11.678792;1.6439413;-2.4042995;754.4583;1.1262888;114.12739;0.0;-7.3453654e-25;117.19009;-7.345365e-21;0.65668;-3.3804839;0.071540475;4.0246844;3.953144;2.6077032e-05;0.0;5655.211;7036.509;-2191.554;6488.151;-2348.31;-813.9056
1975-05-31;11.329498;-0.6305949;-0.925265;753.87823;1.4972707;114.48099;0.0;-7.3453654e-25;107.540016;-7.345365e-21;0.25026798;-3.8093963;0.02720952;3.768742;3.7415326;7.4505806e-06;0.0;6494.411;8072.29;-2511.4019;6104.665;-2646.2612;-1054.1777
1975-06-01;11.398784;-1.3267212;0.010201772;751.36945;1.1827301;93.62439;0.0;-7.3453654e-25;99.99998;-7.345365e-21;0.0;-3.951229;0.0;3.5478024;3.54781;0.0;0.0;6787.434;8427.531;-2656.0754;6056.2456;-2744.7878;-974.9389
1975-06-02;10.215546;3.286977;0.009975433;750.3974;1.5439402;39.86008;0.0;-7.3453654e-25;99.99998;-7.345365e-21;2.4855137;-3.1036603;0.2912879;3.662601;3.3713207;0.0;0.0;5638.763;6993.8564;-2121.8728;6535.549;-2156.0088;-1056.61
1975-06-03;10.352417;3.995992;0.009562175;750.91724;1.5853118;37.21526;0.0;-7.3453654e-25;99.99998;-7.345365e-21;1.4476091;-3.1953323;0.1655221;3.376156;3.210634;0.0;0.0;5623.309;6967.282;-2025.1544;6668.22;-2219.6912;-1087.9177
1975-06-04;9.672893;3.754781;0.0098775225;749.5898;1.2748014;90.47553;0.0;-7.3453654e-25;100.00259;-7.345365e-21;2.08624;-3.2234724;0.23311377;3.2957792;3.0626802;0.0;0.0;5918.851;7325.824;-2149.8289;6550.479;-2239.2388;-1208.6666
1975-06-05;10.741516;2.5056255;0.009867351;750.5222;1.1862556;133.62689;0.0;-7.3453654e-25;99.99998;-7.345365e-21;0.7391711;-3.3848472;0.06879866;2.9950142;2.9262304;0.0;0.0;6064.2017;7497.8545;-2178.3977;6611.9404;-2351.34;-1180.1256
1975-06-06;12.035522;-0.16594441;0.0102005005;753.68854;1.1696895;111.72613;0.0;-7.3453654e-25;99.99998;-7.345365e-21;0.14885761;-3.5268517;0.013425946;2.812758;2.7993321;0.0;0.0;6272.1216;7746.799;-2415.9805;6380.263;-2449.9878;-1099.9244
1975-06-07;12.99353;-0.7415568;0.009868622;755.23505;1.0503122;138.40858;0.0;-7.3453654e-25;99.99998;-7.345365e-21;0.0008585628;-3.810225;7.4505806e-05;2.680719;2.6806445;0.0;0.0;6926.6987;8546.329;-2772.9087;6155.3335;-2646.8367;-1055.31
1975-06-08;13.616801;0.6585286;0.010047913;754.0389;1.1326354;88.46273;0.0;-7.3453654e-25;99.99998;-7.345365e-21;0.012576579;-3.6139433;0.0010430813;2.570763;2.569735;0.0;0.0;6595.0176;8128.5454;-2573.7493;6474.927;-2510.4866;-1063.0067
1975-06-09;13.513469;-0.04604085;0.009999593;750.65204;1.2995869;104.71563;0.0;-7.3453654e-25;99.99998;-7.345365e-21;0.09378195;-3.1297748;0.007286668;2.4737568;2.466485;0.0;0.0;6001.141;7388.7344;-2474.8662;6492.5244;-2174.149;-1079.6333
1975-06-10;11.405955;-1.5471191;0.010007222;748.2378;1.4003571;141.50677;0.0;-7.3453654e-25;99.99998;-7.345365e-21;0.0012814989;-3.1280537;9.685755e-05;2.3700743;2.36997;0.0;0.0;6948.1035;8545.83;-2857.6555;5999.29;-2172.9556;-1649.4767
1975-06-11;11.169911;0.20326741;0.01001358;748.5893;1.1734059;165.34319;0.0;-7.3453654e-25;99.99998;-7.345365e-21;0.671649;-2.6323051;0.051230192;2.3309736;2.2797437;0.0;0.0;6370.595;7827.2476;-2498.3325;6381.3765;-1828.5756;-1711.5967
1975-06-12;10.169444;0.29510498;0.009886424;748.3997;1.2776737;190.03127;0.0;-7.3453654e-25;99.99998;-7.345365e-21;3.3136647;-2.3952556;0.2924055;2.4882703;2.195865;0.0;0.0;5884.208;7222.0913;-2305.48;6484.46;-1663.9044;-1681.0656
1975-06-13;9.057312;0.32169595;0.00976944;747.01074;1.5173792;147.4665;0.0;-7.3453654e-25;99.99998;-7.345365e-21;1.1546016;-2.8783977;0.086158514;2.203524;2.1173656;0.0;0.0;6563.1704;8047.0923;-2485.5227;6251.7134;-1999.5278;-1895.89
1975-06-14;8.649963;1.5767618;0.0098559065;748.9773;1.040055;188.99486;0.0;-7.3453654e-25;99.99998;-7.345365e-21;0.76770186;-2.3487415;0.056371093;2.1000056;2.0436347;0.0;0.0;5360.1973;6565.3213;-1964.545;6727.958;-1631.5934;-1530.7622
1975-06-15;9.55835;2.7067668;0.010092418;750.8327;1.1237148;123.351265;0.0;-7.3453654e-25;99.99998;-7.345365e-21;1.3127029;-2.3155065;0.10089576;2.075225;1.9743369;0.0;0.0;5379.9546;6582.601;-2046.4928;6725.4067;-1608.5056;-1506.5422
1975-06-16;10.866628;0.71828204;0.010171254;752.4827;1.1087168;101.45578;0.0;-7.3453654e-25;99.99998;-7.345365e-21;0.11199713;-2.8415508;0.007838011;1.9159615;1.9081235;0.0;0.0;6319.7334;7731.4;-2532.0188;6385.4155;-1973.9312;-1503.4434
1975-06-17;11.907471;2.7905884;0.01003011;752.86835;1.1857618;60.208065;0.0;-7.3453654e-25;99.99998;-7.345365e-21;0.037653808;-2.8138757;0.0026226044;1.8473864;1.8447638;0.0;0.0;6501.666;7952.9443;-2527.601;6561.956;-1954.7056;-1553.461
1975-06-18;12.924611;-0.19990031;0.009845734;752.0844;1.3577014;109.686005;0.0;-7.3453654e-25;100.00519;-7.345365e-21;0.013890862;-2.6684124;0.0008791685;1.7854869;1.784578;0.0;0.0;6542.6025;8002.049;-2748.2517;6371.421;-1853.6566;-1620.9623
1975-06-19;14.758759;2.3451843;0.009979248;751.00586;1.173855;70.3045;0.0;-7.3453654e-25;99.99998;-7.345365e-21;0.019997358;-2.6764572;0.0011473894;1.7283261;1.7271862;0.0;0.0;6729.465;8229.546;-2764.6445;6643.7485;-1859.2456;-1484.5677
1975-06-20;16.066568;5.0363975;0.01012675;751.7407;1.304143;51.991165;0.0;-7.3453654e-25;99.99998;-7.345365e-21;0.09872317;-2.2842922;0.006362796;1.6790032;1.672648;0.0;0.0;6254.324;7647.5547;-2589.35;6981.0977;-1586.8223;-1527.8534
1975-06-21;18.095612;3.773468;0.01008606;752.0903;1.2392715;88.43772;0.0;-7.3453654e-25;99.99998;-7.345365e-21;0.0;-2.3157148;0.0;1.6206503;1.6206503;0.0;0.0;6489.4136;7933.9155;-2776.6838;7012.4854;-1608.65;-1503.0889
1975-06-22;17.711172;1.3170471;0.009979248;750.87115;1.4113165;114.75283;0.0;-7.3453654e-25;99.99998;-7.345365e-21;0.0034420118;-2.0909812;0.00022351742;1.5711486;1.57094;0.0;0.0;6675.0146;8159.7725;-2963.7417;6785.4355;-1452.5355;-1830.9667
1975-06-23;15.481242;-0.120920815;0.009771983;748.65137;1.3003082;190.61128;0.0;-7.3453654e-25;99.99998;-7.345365e-21;0.00042935944;-1.847081;2.9802322e-05;1.5236139;1.5235767;0.0;0.0;6993.6367;8548.253;-3203.371;6349.2134;-1283.1056;-2179.8623
1975-06-24;14.154633;-3.45637;0.010051727;747.5817;1.2116708;172.64355;0.0;-7.3453654e-25;99.99998;-7.345365e-21;0.0008523463;-1.7639529;5.9604645e-05;1.4784932;1.4784187;0.0;0.0;7103.166;8680.981;-3389.7305;6054.677;-1225.3611;-2189.0166
1975-06-25;13.59434;-2.752177;0.009966533;748.8399;1.272708;202.53065;0.0;-7.3453654e-25;99.99998;-7.345365e-21;0.0;-1.5869122;0.0;1.4353693;1.4353693;0.0;0.0;6910.106;8443.998;-3110.5527;6280.4805;-1102.3744;-2369.6155
1975-06-26;14.431447;-2.3646748;0.009961446;750.606;1.2245146;151.23293;0.0;-7.3453654e-25;99.99998;-7.345365e-21;0.0004351138;-1.6263853;2.9802322e-05;1.3942271;1.3942049;0.0;0.0;7005.0454;8558.865;-3255.784;6258.2983;-1129.7955;-2248.5488
1975-06-27;16.77897;-0.6194051;0.009896596;751.83295;1.1356469;106.9092;0.0;-7.3453654e-25;99.99998;-7.345365e-21;0.0;-1.7424859;0.0;1.3546646;1.3546497;0.0;0.0;6981.1504;8528.556;-3234.3594;6595.899;-1210.4478;-1888.0377
1975-06-28;18.753845;1.6222128;0.009797414;751.8919;1.2467219;113.722206;0.0;-7.3453654e-25;99.99998;-7.345365e-21;0.0012789788;-1.6686655;7.4505806e-05;1.3167113;1.3166294;0.0;0.0;6788.218;8291.775;-3126.4822;6884.5405;-1159.1655;-1974.4366
1975-06-29;18.404114;-2.2556255;0.009963989;749.9333;1.1525558;115.216286;0.0;-7.3453654e-25;99.99998;-7.345365e-21;0.00044107434;-1.6502924;2.9802322e-05;1.2802482;1.2802333;0.0;0.0;7096.798;8667.602;-3571.6633;6374.03;-1146.4022;-1968.3134
1975-06-30;18.403412;-3.0959473;0.009991963;747.7222;1.1923194;120.374664;0.0;-7.3453654e-25;99.99998;-7.345365e-21;0.001264837;-1.5816967;7.4505806e-05;1.245454;1.245372;0.0;0.0;7118.8;8693.341;-3544.7166;6373.0044;-1098.7522;-1995.0555
1975-07-01;16.29184;-0.27104697;0.010110219;746.5881;1.3345703;186.1302;0.0;-7.3453654e-25;99.99998;-7.345365e-21;0.0008642673;-1.4028996;5.9604645e-05;1.2120605;1.2120157;0.0;0.0;6988.9204;8533.666;-3267.785;6525.0063;-974.5478;-2412.8945
1975-07-02;15.905192;0.56344604;0.010072072;749.7102;1.2101294;166.10286;0.0;-7.3453654e-25;99.99998;-7.345365e-21;0.0;-1.328609;0.0;1.1800826;1.1800752;0.0;0.0;6566.6733;8016.9146;-2986.2578;6796.35;-922.9411;-2261.6768
1975-07-03;17.674805;2.0525615;0.0100619;751.87695;1.1571282;175.72577;0.0;-7.3453654e-25;99.99998;-7.345365e-21;0.0017285328;-1.4279196;8.940697e-05;1.1493862;1.1492968;0.0;0.0;6786.017;8283.787;-3060.5112;6991.5356;-991.92834;-2210.929
1975-07-04;18.33493;2.0618591;0.009886424;750.0787;1.2329749;193.5163;0.0;-7.3453654e-25;99.99998;-7.345365e-21;0.00084024685;-1.4014068;4.4703484e-05;1.1196584;1.1196136;0.0;0.0;6793.354;8291.609;-3175.4973;6910.209;-973.51;-2240.7422
1975-07-05;16.93511;-3.7299297;0.010158539;748.79095;1.1626068;186.04565;0.0;-7.3453654e-25;99.99998;-7.345365e-21;0.0004351138;-1.3202624;2.9802322e-05;1.091212;1.0911748;0.0;0.0;7127.595;8698.478;-3653.3467;6171.3;-917.1422;-2327.0645
1975-07-06;17.434366;-6.1226907;0.009983063;751.8466;1.1356639;94.88269;0.0;-7.3453654e-25;99.99998;-7.345365e-21;0.0004351138;-1.3498012;2.9802322e-05;1.0638535;1.0638163;0.0;0.0;7185.573;8768.089;-3762.4211;6096.947;-937.66223;-2085.9255
1975-07-07;18.698233;-2.9894104;0.009951274;752.86005;1.2237477;135.089;0.0;-7.3453654e-25;99.99998;-7.345365e-21;0.0;-1.3600793;0.0;1.0374188;1.0374262;0.0;0.0;7016.9272;8561.131;-3396.1133;6709.549;-944.80225;-2097.3945
1975-07-08;20.530945;3.346049;0.0100695295;750.73267;1.3844959;102.23446;0.0;-7.3453654e-25;99.99998;-7.345365e-21;0.0017225739;-1.3159289;8.940697e-05;1.0119975;1.011923;0.0;0.0;6730.257;8210.331;-3076.5906;7274.5493;-914.1322;-2179.291
1975-07-09;20.48121;-1.9802246;0.009793599;748.96014;1.2485787;103.71576;0.0;-7.3453654e-25;99.99998;-7.345365e-21;0.0;-1.3229679;0.0;0.98736584;0.98736584;0.0;0.0;7009.2383;8549.546;-3566.0557;6719.952;-919.0222;-2163.5667
1975-07-10;20.024506;-3.3595173;0.01008606;747.9183;1.4115658;136.27362;0.0;-7.3453654e-25;99.99998;-7.345365e-21;0.00086426723;-1.2505614;5.2154064e-05;0.9637922;0.9637475;0.0;0.0;6997.9155;8534.614;-3483.1729;6690.4844;-868.7244;-2246.8423
1975-07-11;19.051931;-3.5500793;0.009994507;749.25006;1.4008006;166.24779;0.0;-7.3453654e-25;99.99998;-7.345365e-21;0.00043120104;-1.180755;2.9802322e-05;0.94106793;0.94102323;0.0;0.0;6982.335;8514.587;-3454.1262;6618.222;-820.23224;-2387.5356
1975-07-12;18.26658;-4.747528;0.009508769;750.72656;1.2820349;131.59142;0.0;-7.3453654e-25;99.99998;-7.345365e-21;0.0;-1.1666193;0.0;0.9190738;0.9190887;0.0;0.0;7042.519;8586.832;-3578.99;6432.68;-810.41113;-2369.041
1975-07-13;18.821432;-2.5152996;0.010008494;751.17914;1.3726369;104.79609;0.0;-7.3453654e-25;99.99998;-7.345365e-21;0.0025847903;-1.1810455;0.00013411045;0.8980036;0.897862;0.0;0.0;6988.37;8519.716;-3473.8193;6656.9756;-820.43335;-2231.469
1975-07-14;19.70928;3.3992107;0.010098775;750.8489;1.4159541;93.25122;0.0;-7.3453654e-25;99.99998;-7.345365e-21;0.0034451468;-1.1667516;0.00017881393;0.8774996;0.87730587;0.0;0.0;6860.0938;8362.293;-3270.6667;7039.811;-810.50336;-2268.311
1975-07-15;20.2228;3.4190063;0.009771983;749.17377;1.3277537;126.74853;0.0;-7.3453654e-25;99.99998;-7.345365e-21;0.00171996;-1.1381507;8.940697e-05;0.8575469;0.8574575;0.0;0.0;6773.0557;8255.117;-3217.5002;7137.4634;-790.63446;-2337.1433
1975-07-16;18.565805;0.90425617;0.010138194;746.5989;1.4020333;126.33627;0.0;-7.3453654e-25;99.99998;-7.345365e-21;0.0004351138;-1.0670424;2.9802322e-05;0.8383393;0.8383095;0.0;0.0;6651.683;8105.303;-3189.5244;7003.181;-741.2389;-2432.5466
1975-07-17;16.193502;4.6482544;0.009806315;747.26434;1.2466501;108.20755;0.0;-7.3453654e-25;99.99998;-7.345365e-21;1.0603368;-1.1307187;0.055506825;0.87571144;0.82019717;0.0;0.0;5545.805;6756.1987;-2466.8433;7406.149;-785.4722;-2116.8032
1975-07-18;15.799286;4.728546;0.009936015;749.35516;1.1927054;58.58139;0.0;-7.3453654e-25;100.00519;-7.345365e-21;0.747025;-1.2367573;0.038549304;0.8414388;0.80288947;0.0;0.0;5591.4233;6810.4263;-2537.8496;7287.0156;-859.13336;-2012.3867
1975-07-19;16.537588;4.5239563;0.009822845;751.1944;1.2509085;49.76157;0.0;-7.3453654e-25;100.00519;-7.345365e-21;0.69867915;-1.370932;0.036001205;0.82218647;0.78618526;0.0;0.0;5632.008;6858.266;-2484.7568;7356.289;-952.34;-1946.2234
1975-07-20;18.091562;2.3596191;0.009737651;751.5596;1.153505;84.0012;0.0;-7.3453654e-25;100.00779;-7.345365e-21;0.02402073;-1.37058;0.0011175871;0.7710159;0.7698834;0.0;0.0;5713.3193;6955.7886;-2595.1362;7402.6895;-952.0967;-1838.5756
1975-07-21;18.553812;-0.16362508;0.010138194;751.05133;1.1095978;100.05187;0.0;-7.3453654e-25;99.99998;-7.345365e-21;0.014365026;-1.1133114;0.0005662441;0.7545948;0.75399876;0.0;0.0;5600.186;6816.481;-2727.952;7302.0225;-773.38;-1737.3456
1975-07-22;19.230865;-0.07409668;0.0096206665;750.52277;1.2326177;123.58779;0.0;-7.3453654e-25;99.99998;-7.345365e-21;0.001597542;-0.98047966;7.4505806e-05;0.73869526;0.73862076;0.0;0.0;5585.221;6796.5596;-2799.0466;7294.9395;-681.1067;-1810.72
1975-07-23;17.665405;-5.1750283;0.010056813;750.67645;1.4499689;159.04694;0.0;-7.3453654e-25;99.99998;-7.345365e-21;0.001721075;-1.0145754;8.940697e-05;0.7236898;0.7236153;0.0;0.0;6926.5854;8427.099;-3510.9004;6449.162;-704.79224;-2559.4033
1975-07-24;17.350912;-3.545227;0.009871165;750.53217;1.3081969;136.22624;0.0;-7.3453654e-25;99.99998;-7.345365e-21;0.0008523463;-0.985967;4.4703484e-05;0.70899725;0.70895255;0.0;0.0;6890.7607;8381.708;-3407.2627;6581.5337;-684.9189;-2400.162
1975-07-25;18.476206;0.5345459;0.009806315;751.98846;1.0457492;97.94158;0.0;-7.3453654e-25;99.99998;-7.345365e-21;0.0003427267;-0.77946854;1.4901161e-05;0.69491565;0.6949082;0.0;0.0;4986.513;6064.036;-2549.9255;7457.4775;-541.4711;-1575.9144
1975-07-26;19.61846;0.36043295;0.010103862;753.2898;0.92510676;87.989586;0.0;-7.3453654e-25;99.99998;-7.345365e-21;5.9604645e-05;-0.7908521;0.0;0.6814748;0.6814748;0.0;0.0;4843.5957;5888.991;-2523.9028;7611.417;-549.3789;-1445.0189
1975-07-27;20.235352;-0.84102374;0.009938558;754.4659;1.1204685;84.76425;0.0;-7.3453654e-25;99.99998;-7.345365e-21;0.0004351138;-0.93123317;2.9802322e-05;0.6683171;0.6682873;0.0;0.0;5870.118;7135.4453;-2911.1355;7411.2856;-646.89667;-1869.6877
1975-07-28;21.37142;-0.9366048;0.009922028;754.67816;1.3283424;139.43964;0.0;-7.3453654e-25;99.99998;-7.345365e-21;0.0;-0.9856727;0.0;0.65532327;0.65532327;0.0;0.0;6432.1763;7816.8745;-3203.2542;7240.717;-684.7133;-2096.9722
1975-07-29;20.404043;-4.1072593;0.01015981;751.81146;1.4723064;170.84142;0.0;-7.3453654e-25;99.99998;-7.345365e-21;0.0008523463;-0.9333361;5.9604645e-05;0.6427765;0.6427318;0.0;0.0;6827.7705;8295.844;-3595.133;6661.6084;-648.3567;-2361.0278
1975-07-30;18.923117;-2.8534443;0.009924571;749.53156;1.2607721;175.37346;0.0;-7.3453654e-25;99.99998;-7.345365e-21;0.00043511385;-0.9107553;2.2351742e-05;0.63051283;0.6304905;0.0;0.0;6769.124;8222.712;-3474.3706;6666.0513;-632.67224;-2343.5923
1975-07-31;18.894236;-4.9601645;0.009737651;749.64014;1.4554197;183.51668;0.0;-7.3453654e-25;99.99998;-7.345365e-21;0.0008553266;-0.88780934;4.4703484e-05;0.6186217;0.618577;0.0;0.0;6824.06;8287.612;-3541.3105;6548.8955;-616.73114;-2456.8823
1975-08-01;18.300364;-3.3461711;0.009979248;750.29004;1.4213616;229.6455;0.0;-7.3453654e-25;99.99998;-7.345365e-21;0.0021594923;-0.8480195;0.00010430813;0.6071478;0.6070435;0.0;0.0;6794.7983;8250.265;-3413.2056;6618.2935;-589.0922;-2514.4543
1975-08-02;18.427399;0.33661905;0.0102005005;751.37354;1.4389173;160.03105;0.0;-7.3453654e-25;99.99998;-7.345365e-21;0.0021379082;-0.84154123;0.00010430813;0.59592724;0.5958155;0.0;0.0;6673.6167;8101.3306;-3312.8723;6767.317;-584.5911;-2542.2043
1975-08-03;19.40911;-6.2631936;0.0095825195;751.805;1.2471578;129.38387;0.0;-7.3453654e-25;99.99998;-7.345365e-21;0.001275539;-0.8788649;5.9604645e-05;0.5849898;0.5849302;0.0;0.0;6907.6426;8383.549;-3889.7034;6195.683;-610.51886;-2144.621
1975-08-04;20.75178;-6.7545066;0.01002121;750.7526;1.4230024;94.50419;0.0;-7.3453654e-25;99.99998;-7.345365e-21;0.0008528233;-0.8833241;5.9604645e-05;0.57438016;0.57435036;0.0;0.0;6844.677;8305.232;-3691.0823;6535.8623;-613.61554;-2066.9543
1975-08-05;22.198996;-3.0158894;0.009936015;750.5389;1.3764104;113.60856;0.0;-7.3453654e-25;99.99998;-7.345365e-21;0.0004431243;-0.88949317;2.9802322e-05;0.56406856;0.5640313;0.0;0.0;6610.3105;8019.067;-3374.2314;7097.254;-617.9011;-2166.7988
1975-08-06;22.222574;-4.036255;0.009955089;751.772;1.384077;171.05287;0.0;-7.3453654e-25;99.99998;-7.345365e-21;0.0012874134;-0.8716248;7.4505806e-05;0.554055;0.5539954;0.0;0.0;6652.366;8068.2773;-3500.3271;6954.0156;-605.4889;-2191.801
1975-08-07;21.743448;-4.3871765;0.010049184;752.6484;1.4027318;162.15182;0.0;-7.3453654e-25;99.99998;-7.345365e-21;0.0;-0.8595735;0.0;0.5442202;0.54421276;0.0;0.0;6628.45;8037.4824;-3456.5432;6972.6265;-597.11664;-2213.2144
1975-08-08;21.344381;-4.0220237;0.009994507;750.6855;1.4145803;155.58809;0.0;-7.3453654e-25;99.99998;-7.345365e-21;0.00044107434;-0.8568131;2.9802322e-05;0.53468347;0.53466856;0.0;0.0;6569.3823;7964.065;-3389.7073;7046.3154;-595.2;-2246.7488
1975-08-09;20.792887;-5.0304055;0.01058197;750.06244;1.4693341;152.3539;0.0;-7.3453654e-25;99.99998;-7.345365e-21;0.0004351138;-0.8194372;2.9802322e-05;0.52541494;0.52537024;0.0;0.0;6600.052;7999.4473;-3466.8145;6844.0723;-569.23553;-2350.5933
1975-08-10;19.79654;-4.784353;0.010494232;749.2141;1.3867699;238.65623;0.0;-7.3453654e-25;99.99998;-7.345365e-21;0.0012942273;-0.778608;5.9604645e-05;0.51642954;0.51635504;0.0;0.0;6668.7734;8081.058;-3616.6328;6531.2744;-540.8722;-2336.1821
1975-08-11;18.200766;-3.941264;0.010403951;748.64355;1.3621454;147.49562;0.0;-7.3453654e-25;99.99998;-7.345365e-21;0.00085423014;-0.7604975;4.4703484e-05;0.50763786;0.50759315;0.0;0.0;6732.0864;8155.9653;-3738.2043;6259.7666;-528.29114;-2329.129
1975-08-12;17.517242;-3.9920247;0.0101292925;747.88574;1.1999253;120.70702;0.0;-7.3453654e-25;99.99998;-7.345365e-21;0.0004351138;-0.7587671;2.9802322e-05;0.4990697;0.49903244;0.0;0.0;6658.311;8064.754;-3663.0222;6279.6743;-527.09;-2279.2534
1975-08-13;17.02886;-0.56154376;0.009962718;747.1557;1.2414047;102.73419;0.0;-7.3453654e-25;99.99998;-7.345365e-21;0.00085532654;-0.71979594;4.4703484e-05;0.49072504;0.49068034;0.0;0.0;6237.4287;7553.193;-3163.4417;6809.635;-500.0178;-2308.469
1975-08-14;18.5973;0.30012003;0.010018666;746.81866;1.2616386;126.25237;0.0;-7.3453654e-25;99.99998;-7.345365e-21;0.0008583069;-0.76524544;4.4703484e-05;0.4825443;0.48250705;0.0;0.0;6441.0195;7798.1133;-3290.925;6862.4165;-531.59;-2295.2666
1975-08-15;17.624277;-2.1622112;0.009975433;745.9357;1.4623904;147.76274;0.0;-7.3453654e-25;99.99998;-7.345365e-21;0.0008702277;-0.7124878;4.4703484e-05;0.47458708;0.47455728;0.0;0.0;6465.5576;7826.007;-3348.5586;6637.112;-494.9411;-2495.0688
1975-08-16;15.286244;-1.3062338;0.010261536;747.698;1.6739293;115.71972;0.0;-7.3453654e-25;99.99998;-7.345365e-21;0.00059604645;-0.653429;2.9802322e-05;0.46688318;0.46684593;0.0;0.0;6274.387;7593.224;-3153.2744;6587.6167;-453.91666;-2599.5366
1975-08-17;13.109355;2.6348774;0.010487874;752.2862;1.8390387;47.839;0.0;-7.3453654e-25;99.99998;-7.345365e-21;0.00014901161;-0.5935561;0.0;0.4594028;0.4594028;0.0;0.0;6114.199;7398.5444;-3004.9387;6597.701;-412.32443;-2717.2278
1975-08-18;13.861409;3.210561;0.01000468;753.3533;1.7388406;46.18994;0.0;-7.3453654e-25;99.99998;-7.345365e-21;0.0017166131;-0.62576497;8.940697e-05;0.45225024;0.45216084;0.0;0.0;6256.739;7570.302;-3171.355;6467.641;-434.69778;-2508.9834
1975-08-19;15.446564;1.590847;0.009913127;752.74664;1.4417281;51.832977;0.0;-7.3453654e-25;99.99998;-7.345365e-21;0.0012862784;-0.66904724;5.9604645e-05;0.44509768;0.44503808;0.0;0.0;6382.831;7722.186;-3376.7476;6393.1436;-464.76443;-2299.1445
1975-08-20;17.27648;1.3570862;0.010203044;752.5455;1.2851921;83.99196;0.0;-7.3453654e-25;99.99998;-7.345365e-21;0.0;-0.7040724;0.0;0.43803453;0.43803453;0.0;0.0;6251.3545;7562.2607;-3216.255;6771.9634;-489.09555;-2188.189
1975-08-21;17.987457;1.3184713;0.0101076765;752.11957;1.3134487;142.02052;0.0;-7.3453654e-25;99.99998;-7.345365e-21;0.0;-0.6572492;0.0;0.4311949;0.43120235;0.0;0.0;5798.858;7014.069;-2888.1914;7122.16;-456.56888;-2175.2444
1975-08-22;17.942322;-1.8758749;0.01000468;750.8911;1.2829151;139.27458;0.0;-7.3453654e-25;99.99998;-7.345365e-21;0.0012754772;-0.6783623;5.9604645e-05;0.4246235;0.42456388;0.0;0.0;6188.6064;7484.4473;-3252.8892;6749.7476;-471.23444;-2302.4744
1975-08-23;17.279215;-6.0503845;0.009792328;750.0507;1.2161566;170.81549;0.0;-7.3453654e-25;99.99998;-7.345365e-21;0.0;-0.66551197;0.0;0.41806698;0.41807443;0.0;0.0;6265.8296;7577.0293;-3486.976;6361.6953;-462.31;-2214.05
1975-08-24;16.45753;-6.8356423;0.009768168;749.33673;1.2052208;112.10547;0.0;-7.3453654e-25;99.99998;-7.345365e-21;0.0;-0.65259916;0.0;0.41173398;0.41173398;0.0;0.0;6274.5767;7586.581;-3462.135;6302.084;-453.33945;-2197.8066
1975-08-25;16.919678;-0.99298096;0.01022466;750.9292;1.0783271;100.22863;0.0;-7.3453654e-25;99.99998;-7.345365e-21;0.0012397766;-0.6018132;5.9604645e-05;0.4056394;0.4055947;0.0;0.0;5445.8423;6583.8193;-2897.9734;6944.261;-418.0589;-1887.7478
1975-08-26;17.565634;-1.478241;0.009909312;753.56036;0.9533403;84.24531;0.0;-7.3453654e-25;99.99998;-7.345365e-21;0.00667572;-0.5552285;0.00029802322;0.39994717;0.3996417;0.0;0.0;4769.2695;5765.2617;-2634.6897;7237.916;-385.69888;-1554.9811
1975-08-27;17.72348;-0.8479614;0.009955089;753.3349;1.1117424;88.34015;0.0;-7.3453654e-25;99.99998;-7.345365e-21;0.0020563593;-0.52166265;8.940697e-05;0.3939718;0.3938973;0.0;0.0;4485.729;5421.8237;-2521.0166;7299.622;-362.38223;-1434.6945
1975-08-28;17.76296;-1.0441895;0.0099817915;752.59595;1.2086538;70.133804;0.0;-7.3453654e-25;99.99998;-7.345365e-21;0.033588387;-0.5495278;0.0016093254;0.38991868;0.388287;0.0;0.0;4653.7017;5624.156;-2439.867;7463.8555;-381.7389;-1621.06
1975-08-29;17.165222;-1.1862894;0.010025024;753.40656;1.2070055;48.963634;0.0;-7.3453654e-25;99.99998;-7.345365e-21;0.053226948;-0.59983134;0.0023245811;0.3850758;0.38275123;0.0;0.0;5338.5156;6451.132;-2876.4517;6984.352;-416.68332;-1876.41
1975-08-30;17.146841;-2.8183594;0.009803772;753.8359;1.1311423;81.65528;0.0;-7.3453654e-25;99.99998;-7.345365e-21;0.043147802;-0.6051976;0.0020861626;0.37939847;0.3773123;0.0;0.0;5166.4316;6242.3945;-2795.6143;7040.521;-420.41;-1787.6766
1975-08-31;18.072489;-4.297882;0.009685516;753.904;1.1426952;170.64726;0.0;-7.3453654e-25;99.99998;-7.345365e-21;0.0012814989;-0.5880352;5.9604645e-05;0.372082;0.37201494;0.0;0.0;5021.455;6066.47;-2799.934;7035.352;-408.4878;-1654.4133
1975-09-01;18.020426;-5.2178245;0.01003774;754.0501;1.3119384;138.03246;0.0;-7.3453654e-25;99.99998;-7.345365e-21;0.0008593648;-0.56351906;4.4703484e-05;0.3668964;0.3668517;0.0;0.0;5208.725;6291.9863;-2853.635;6948.1855;-391.45776;-1782.8112
1975-09-02;18.072062;-6.727783;0.009723663;753.2812;1.0159217;139.33888;0.0;-7.3453654e-25;99.99998;-7.345365e-21;0.023427606;-0.5644178;0.0011026859;0.36288798;0.36179274;0.0;0.0;4895.683;5913.076;-2873.9873;6984.32;-392.08167;-1478.7511
1975-09-03;17.502747;-6.15151;0.010046641;753.51666;1.2335323;127.71496;0.0;-7.3453654e-25;99.99998;-7.345365e-21;0.0030955388;-0.5902648;0.00014901161;0.35697222;0.3568232;0.0;0.0;5307.428;6409.5654;-3014.6318;6812.3145;-410.03778;-1698.1833
1975-09-04;17.85322;-4.8304343;0.010049184;754.4653;1.1844159;141.22334;0.0;-7.3453654e-25;99.99998;-7.345365e-21;0.008058548;-0.56803226;0.00032782555;0.35227835;0.35195053;0.0;0.0;5245.799;6334.3813;-2979.1514;6826.5205;-394.59332;-1733.9978
1975-09-05;18.576864;-4.243734;0.009899139;754.45734;1.2214742;126.0137;0.0;-7.3453654e-25;99.99998;-7.345365e-21;0.00043511385;-0.55556095;1.4901161e-05;0.34721196;0.34719706;0.0;0.0;5261.0356;6352.057;-2918.7122;6911.4634;-385.9289;-1746.2988
1975-09-06;18.169504;-3.6008098;0.00977834;753.1352;1.4742804;214.30177;0.0;-7.3453654e-25;99.99998;-7.345365e-21;0.00042617318;-0.5432498;1.4901161e-05;0.3425479;0.342533;0.0;0.0;5541.2456;6689.6025;-3069.9268;6674.37;-377.37778;-2036.2167
1975-09-07;15.942261;-7.9129357;0.01002121;751.8619;1.4133525;202.19484;0.0;-7.3453654e-25;99.99998;-7.345365e-21;0.0004351138;-0.5180463;1.4901161e-05;0.33800304;0.33798814;0.0;0.0;5710.617;6893.242;-3353.1987;6067.648;-359.8689;-2066.5557
1975-09-08;14.55244;-5.577871;0.0102335615;749.93823;1.2034856;158.54477;0.0;-7.3453654e-25;99.99998;-7.345365e-21;0.0;-0.52679515;0.0;0.3335178;0.3335178;0.0;0.0;5623.471;6787.2163;-3201.797;6239.201;-365.94666;-1952.8545
1975-09-09;13.452922;-4.928304;0.00974528;746.08984;1.4490665;205.2979;0.0;-7.3453654e-25;99.99998;-7.345365e-21;0.0012964283;-0.48287866;5.9604645e-05;0.32924116;0.32916665;0.0;0.0;5555.2686;6704.045;-3094.6572;6206.62;-335.44;-2165.8833
1975-09-10;11.055867;-2.655487;0.010056813;746.08905;1.4136015;148.60258;0.0;-7.3453654e-25;99.99998;-7.345365e-21;0.26348233;-0.49590227;0.011771917;0.33673644;0.32496452;0.0;0.0;5130.331;6190.378;-2809.4238;6249.958;-344.4878;-2126.831
1975-09-11;10.227855;-5.3986917;0.010070801;749.1871;1.3865505;155.04106;0.0;-7.3453654e-25;99.99998;-7.345365e-21;0.00085960043;-0.47038868;4.4703484e-05;0.3209412;0.3208965;0.0;0.0;5442.5903;6566.46;-2978.6162;5921.12;-326.76334;-2283.9956
1975-09-12;11.354014;-7.110769;0.010406494;752.00336;0.96237063;159.59886;0.0;-7.3453654e-25;99.99998;-7.345365e-21;0.0012844794;-0.50188786;5.9604645e-05;0.316903;0.3168434;0.0;0.0;5505.121;6641.1587;-3230.7634;5780.323;-348.64444;-1975.78
1975-09-13;11.621765;-8.950093;0.009414673;752.43243;1.1303879;165.20985;0.0;-7.3453654e-25;99.99998;-7.345365e-21;0.0;-0.47089532;0.0;0.31287968;0.31286478;0.0;0.0;5469.666;6597.635;-3237.605;5706.762;-327.11557;-1914.8025
1975-09-14;12.323517;-9.245839;0.00985082;751.6819;1.2206675;147.53944;0.0;-7.3453654e-25;99.99998;-7.345365e-21;0.00085511676;-0.48269704;4.4703484e-05;0.30902028;0.30896813;0.0;0.0;5416.7534;6532.9985;-3218.528;5840.189;-335.31445;-1796.0
1975-09-15;11.781505;-9.335622;0.010108948;750.4102;1.2863845;122.29011;0.0;-7.3453654e-25;99.99998;-7.345365e-21;0.0012972378;-0.45805517;5.9604645e-05;0.30520558;0.30514598;0.0;0.0;5281.027;6368.4976;-3102.9946;5909.473;-318.19666;-1847.6222
1975-09-16;9.198639;1.8685404;0.010051727;750.7085;1.2697593;59.140274;0.0;-7.3453654e-25;99.99998;-7.345365e-21;2.8616278;-0.5831262;0.16504526;0.46654046;0.3014803;0.0;0.0;4181.54;5037.9517;-2063.3787;6779.198;-405.0778;-1720.96
1975-09-17;10.262685;1.1647848;0.010065715;753.3403;1.4196194;68.965164;0.0;-7.3453654e-25;99.99998;-7.345365e-21;0.42197108;-1.1123177;0.019967556;0.31793118;0.29796362;0.0;0.0;4699.746;5657.2783;-2450.738;6424.1387;-772.6911;-1631.3822
1975-09-18;9.8246355;0.7316386;0.009714763;757.07574;1.2673231;49.082104;0.0;-7.3453654e-25;99.99998;-7.345365e-21;1.080519;-0.95304006;0.05081296;0.3453195;0.294514;0.0;0.0;4080.1973;4907.5537;-2204.096;6503.5234;-662.04553;-1274.6189
1975-09-19;12.091725;-0.9232483;0.009774526;756.5095;1.2747608;101.17257;0.0;-7.3453654e-25;99.99998;-7.345365e-21;0.0017225739;-1.1973745;8.940697e-05;0.2911687;0.29107928;0.0;0.0;5089.999;6116.7866;-2697.5076;6292.433;-831.7756;-1464.8955
1975-09-20;13.553894;-2.0230205;0.010049184;755.89996;1.1667966;165.08965;0.0;-7.3453654e-25;99.99998;-7.345365e-21;0.0017093434;-0.98533183;8.940697e-05;0.28771162;0.2876371;0.0;0.0;4749.9644;5703.2417;-2493.0947;6672.5063;-684.4778;-1345.76
1975-09-21;13.273407;0.49258423;0.009707133;753.24396;1.2345508;153.47055;0.0;-7.3453654e-25;99.99998;-7.345365e-21;1.3388544;-0.94022226;0.06694347;0.35125017;0.28431416;0.0;0.0;4209.927;5050.492;-2226.8953;6828.2144;-653.1411;-1328.9294
1975-09-22;11.379588;-4.887258;0.010251363;752.56476;1.2960954;181.1949;0.0;-7.3453654e-25;99.99998;-7.345365e-21;0.0021436326;-0.91318786;0.00011920929;0.2811849;0.2810657;0.0;0.0;5149.108;6171.7246;-3013.6973;5747.0156;-634.36;-1731.0067
1975-09-23;10.648519;-5.177236;0.010027568;753.90894;1.0616559;157.0218;0.0;-7.3453654e-25;99.99998;-7.345365e-21;0.0;-0.7807007;0.0;0.27783215;0.2778396;0.0;0.0;5000.8667;5988.761;-2866.6575;5933.9233;-542.3261;-1602.6322
1975-09-24;11.198314;-4.601786;0.009974162;753.108;1.1790627;122.22564;0.0;-7.3453654e-25;99.99998;-7.345365e-21;0.4272014;-0.6744545;0.019907951;0.29456615;0.2746433;0.0;0.0;5043.987;6035.1943;-2807.5728;6110.2617;-468.52112;-1546.8522
1975-09-25;10.762797;-1.0369974;0.00999705;750.99;1.3153054;113.023506;0.0;-7.3453654e-25;99.99998;-7.345365e-21;0.5742699;-0.7273527;0.027105212;0.29870868;0.27161092;0.0;0.0;3906.283;4669.8955;-2238.5378;6515.797;-505.2678;-1339.2123
1975-09-26;9.767802;-2.5987446;0.010052999;752.5788;1.1928872;119.99554;0.0;-7.3453654e-25;99.99998;-7.345365e-21;0.00084749906;-0.67501515;4.4703484e-05;0.26863813;0.26860833;0.0;0.0;4813.235;5748.995;-2674.414;6085.3784;-468.9111;-1711.0834
1975-09-27;9.571869;-3.6655376;0.009768168;752.0533;1.068616;105.01908;0.0;-7.3453654e-25;99.99998;-7.345365e-21;0.0058829784;-0.60507655;0.0002682209;0.26589632;0.26562065;0.0;0.0;4894.372;5840.8955;-2855.3193;5904.249;-420.32666;-1622.2678
1975-09-28;7.666494;1.268453;0.009933472;751.82745;1.3734102;41.416214;0.0;-7.3453654e-25;99.99998;-7.345365e-21;2.3631604;-0.63532495;0.12934208;0.39209425;0.26275218;0.0;0.0;3934.6692;4691.5225;-1952.9066;6589.438;-441.34;-1557.0189
1975-09-29;8.269775;1.6520691;0.009895325;752.00586;1.4857584;50.012207;0.0;-7.3453654e-25;99.99998;-7.345365e-21;2.2689998;-0.8956306;0.12308359;0.38309395;0.2600178;0.0;0.0;3526.7827;4201.201;-1641.3134;6969.292;-622.165;-1356.1722
1975-09-30;6.7457986;2.2026165;0.009628296;751.0329;1.3247917;68.34525;0.0;-7.3453654e-25;99.99998;-7.345365e-21;4.7759027;-1.1497922;0.2901554;0.54749846;0.25734305;0.0;0.0;3486.3755;4149.615;-1711.9312;6683.0054;-798.7222;-1285.2433
1975-10-01;6.244761;-0.8300273;0.0095659895;750.54266;1.2307099;108.01666;0.0;-7.3453654e-25;99.99998;-7.345365e-21;0.46075612;-1.4698533;0.022098422;0.27681887;0.2547279;0.0;0.0;3976.815;4729.5;-1921.9122;6381.9287;-1021.05835;-1328.8534
1975-10-02;4.5865073;-0.07091268;0.009080251;749.0926;0.95363957;153.36989;0.0;-7.3453654e-25;99.99998;-7.345365e-21;3.4649074;-1.1292174;0.19221008;0.44438243;0.25218725;0.0;0.0;3291.4814;3911.2053;-1739.9453;6341.9565;-784.42944;-1023.2011
1975-10-03;4.3622947;-2.1865437;0.0096918745;748.9807;1.433365;230.42676;0.0;-7.3453654e-25;99.99998;-7.345365e-21;1.6497254;-1.4555892;0.087827444;0.3375113;0.24971366;0.0;0.0;3729.4053;4427.844;-1768.8408;6251.5693;-1011.14886;-1217.2145
1975-10-04;4.688975;-6.3288574;0.0098775225;748.7199;0.96192294;165.7679;0.0;-7.3453654e-25;99.99998;-7.345365e-21;0.0017163075;-1.533064;8.940697e-05;0.24729967;0.24722517;0.0;0.0;4709.3857;5586.426;-2717.9253;5264.8633;-1064.9689;-1221.4922
1975-10-05;5.8790793;-5.8190207;0.0100911455;750.8393;0.99990195;89.14698;0.0;-7.3453654e-25;99.99998;-7.345365e-21;0.0012874597;-1.3343272;5.9604645e-05;0.24476647;0.24471432;0.0;0.0;4543.682;5385.22;-2571.0183;5491.399;-926.9133;-1090.7311
1975-10-06;6.9308066;-7.4110007;0.010093689;752.2139;0.99446326;156.1609;0.0;-7.3453654e-25;99.99998;-7.345365e-21;0.00042617318;-1.2880136;1.4901161e-05;0.24224818;0.24223328;0.0;0.0;4637.5312;5491.7437;-2751.0122;5355.8066;-894.74;-1101.5978
1975-10-07;6.5887046;-7.258484;0.009941101;751.8392;1.0549343;177.02464;0.0;-7.3453654e-25;99.99998;-7.345365e-21;0.0;-1.0912157;0.0;0.23978949;0.23978949;0.0;0.0;4592.7725;5434.099;-2718.8972;5320.108;-758.0322;-1171.4166
1975-10-08;6.3171387;-5.9024453;0.010234833;749.8252;1.2847342;253.14317;0.0;-7.3453654e-25;99.99998;-7.345365e-21;0.0;-0.9395964;0.0;0.2374053;0.2374202;0.0;0.0;4413.905;5217.9946;-2436.4683;5590.372;-652.70557;-1328.7622
1975-10-09;6.051748;-1.9573975;0.010172526;748.4331;1.3432063;202.24255;0.0;-7.3453654e-25;99.99998;-7.345365e-21;0.1838088;-0.6853826;0.008836389;0.24394691;0.23511797;0.0;0.0;3271.6455;3864.4797;-1696.1158;6347.649;-476.1122;-1121.7278
1975-10-10;6.5637307;-2.2193806;0.010486603;749.87067;1.0078335;145.6223;0.0;-7.3453654e-25;99.99998;-7.345365e-21;0.0004351138;-0.8699363;1.4901161e-05;0.23287535;0.23284554;0.0;0.0;4338.3735;5119.9224;-2551.2634;5630.0127;-604.31555;-1311.9656
1975-10-11;6.7187805;-8.254558;0.009583791;751.42645;1.1012726;105.67516;0.0;-7.3453654e-25;99.99998;-7.345365e-21;0.00086128706;-0.84761155;4.4703484e-05;0.23059547;0.23055077;0.0;0.0;4452.343;5249.9194;-2782.354;5322.073;-588.80664;-1087.7833
1975-10-12;7.1449585;-8.2846985;0.009880066;752.0347;0.9135049;83.13049;0.0;-7.3453654e-25;99.99998;-7.345365e-21;0.0008583069;-0.79803354;4.4703484e-05;0.2283454;0.22830814;0.0;0.0;4364.229;5141.632;-2670.5024;5549.3823;-554.3678;-1020.1289
1975-10-13;5.82546;-6.1371055;0.010060628;747.6452;1.4334445;122.7786;0.0;1.5497208e-06;99.99998;-7.345365e-21;2.7097654;-0.65865743;0.16155839;0.3876388;0.22608787;0.0;0.036776066;4287.3965;5046.7886;-2489.3562;5704.033;-457.5478;-1284.8778
1975-10-14;-1.3658854;-3.7805595;-3.5267994;746.5601;1.3733224;46.315968;69.44547;0.011201183;144.63441;73.12012;21.360195;-0.5841628;0.37287176;0.5969107;0.22403151;0.8850452;16.003765;1521.2639;3568.3394;-1188.4094;5807.713;-411.46335;-340.71335
1975-10-15;-1.4669698;-6.5846;-6.4619;750.4433;1.1127439;100.634094;91.32487;0.0140178995;152.05858;92.20377;0.0036209812;-0.23158732;0.1810193;0.4031062;0.22207946;2.5514326;0.001039356;1514.7189;5034.192;-1367.24;5229.959;-165.77112;-219.76334
1975-10-16;0.9951477;-6.6197915;-6.4161873;754.2856;1.0047044;79.73514;72.106445;0.010865887;152.96515;71.77734;0.0017261573;-0.4803948;0.26072562;0.48086047;0.2201274;3.5220628;0.0;2081.4194;4879.974;-1513.6233;5341.33;-336.26666;-288.66556
1975-10-17;2.1875813;-5.5656943;-6.5416045;756.2232;1.1321169;40.4344;50.58089;0.007635474;153.63605;50.21159;0.0012934206;-0.7277308;0.22821128;0.4463941;0.21819025;2.969794;0.0;2797.3477;4938.8066;-1870.3116;5253.008;-507.22665;-423.65887
1975-10-18;3.1544597;-3.7328594;-6.856369;754.43536;1.3266475;35.53842;33.04411;0.004982392;154.08234;32.674152;0.0008553266;-0.96554685;0.19257516;0.40882826;0.21624565;2.439903;0.0;3304.5378;4921.5107;-2129.3455;5192.0337;-671.2144;-485.97665
1975-10-19;3.877828;-3.9895122;-6.9500375;754.80707;1.2659683;43.416885;19.855957;0.0029888153;154.3561;19.44987;0.0004351138;-1.1519976;0.13801455;0.35235286;0.2143383;1.7219242;0.0;3627.0945;4856.07;-2227.5845;5268.9087;-800.6578;-514.4078
1975-10-20;4.8069763;-4.2078857;-6.4972177;756.1018;1.1420054;49.39807;10.930989;0.0016407171;154.51495;11.067708;0.0;-1.2888247;0.08943677;0.30188262;0.2124384;1.1101439;0.0;3793.585;4764.032;-2256.3113;5411.708;-895.58887;-521.7278
1975-10-21;5.557943;-4.7374167;-6.322726;754.79816;1.0352774;112.30482;5.5629883;0.00083339214;154.60089;5.7373047;0.00044107434;-1.3384008;0.049620867;0.26017427;0.21055341;0.6172769;0.0;3853.166;4670.463;-2238.1694;5513.972;-929.9311;-584.10443
1975-10-22;5.3746543;-5.4640503;-6.211695;754.1496;1.0897528;107.18994;2.7162273;0.0004067421;154.64613;2.726237;0.0017106531;-1.2962148;0.024572015;0.23329258;0.20869821;0.30728057;0.0;3800.8928;4525.9863;-2228.7722;5536.782;-900.57;-627.8589
1975-10-23;5.022278;-5.652242;-6.2710366;756.4392;0.9582763;88.70914;1.3017578;0.00019474824;154.6673;1.3427734;0.0;-1.2311041;0.012218952;0.21910667;0.20688772;0.15494041;0.0;3711.7756;4382.1055;-2169.0273;5600.15;-855.2695;-649.4378
1975-10-24;5.6321616;-6.327494;-6.546018;756.1384;0.9303989;170.35191;0.6089681;9.123484e-05;154.67738;0.48828125;0.00044107434;-1.1539841;0.005632639;0.21073222;0.20508468;0.071948394;0.0;3601.2666;4233.8057;-2222.244;5536.717;-801.6667;-563.6911
1975-10-25;6.8550515;-7.415751;-6.929934;756.4724;0.88725495;281.20767;0.28295898;4.204114e-05;154.67967;-7.345365e-21;0.0025641783;-1.192185;0.0028908253;0.20620227;0.20331144;0.035576522;0.0;3887.1433;4560.217;-2386.1084;5397.8154;-828.19336;-582.41223
1975-10-26;6.3521934;-7.583608;-6.2924104;753.03613;1.2509758;241.40259;0.12646484;1.8954277e-05;154.6852;-7.345365e-21;0.0012993806;-1.1297855;0.0012814999;0.2028346;0.20156801;0.015672296;0.0;3792.8083;4444.511;-2261.406;5515.374;-784.85223;-684.9067
1975-10-27;3.7965393;-4.834452;-6.5560927;751.1508;1.1216033;217.81215;0.05916341;9.099643e-06;154.68748;-7.345365e-21;0.24560988;-0.8521527;0.013649464;0.21351874;0.19988418;0.0063907355;0.0;3368.5427;3944.7788;-2009.7955;5600.2935;-591.9756;-858.30444
1975-10-28;2.8542378;-5.2262473;-7.958715;753.11957;0.95441395;174.0327;0.028727213;4.2915344e-06;154.68748;-7.345365e-21;0.0038683414;-0.8400185;0.00044703484;0.19867718;0.1982227;0.0032130629;0.0;3661.0044;4285.283;-2302.338;5248.031;-583.5394;-864.5211
1975-10-29;2.332072;-6.967997;-8.439654;752.6995;0.9532836;172.0393;0.013916016;2.2649765e-06;154.68748;-7.345365e-21;0.0;-0.7678997;0.00011920929;0.19669533;0.19657612;0.0015031546;0.0;3686.3755;4313.3467;-2372.9756;5111.67;-533.4389;-821.3333
1975-10-30;2.2937317;-7.702942;-8.184086;751.68695;0.99537253;64.496376;0.007486979;1.2318293e-06;154.68748;-7.345365e-21;0.0021492233;-0.72171074;0.00017881393;0.1951307;0.19495934;0.0008177012;0.0;3691.7144;4318.0757;-2358.16;5128.9116;-501.34888;-738.1511
1975-10-31;1.6154276;-5.970408;-8.191605;748.2591;0.9541898;203.6607;0.0034993489;4.3710074e-07;154.68748;-7.345365e-21;0.72959065;-0.6554928;0.03875792;0.23216009;0.19338727;0.00035762787;0.0;3194.1162;3734.8157;-2084.1484;5312.155;-455.3511;-710.07666
1975-11-01;1.50531;-7.9756875;-8.83744;750.9797;0.9499566;147.88951;0.001953125;-7.3453654e-25;154.68748;-7.345365e-21;0.0;-0.6685108;1.4901161e-05;0.19185245;0.19183755;0.0002104789;0.0;3643.5571;4258.9966;-2418.17;4979.98;-464.3928;-717.73334
1975-11-02;1.4609579;-8.170543;-9.020854;753.409;0.85352737;145.36913;0.00081380206;-7.3453654e-25;154.68748;-7.345365e-21;0.0;-0.5872473;0.0;0.19031763;0.19031763;0.00011175871;0.0;3601.5984;4208.6133;-2411.0066;4969.9487;-407.94223;-731.43335
1975-11-03;0.9479268;-8.837693;-8.466736;752.0064;0.94029593;95.39057;0.0;-7.3453654e-25;153.05467;-7.345365e-21;0.0021338456;-0.54404324;0.00010430813;0.18891692;0.18881261;5.9604645e-05;0.0;3362.621;3928.0732;-2188.0671;5211.0386;-377.9289;-700.5922
1975-11-04;0.7858785;-10.834637;-9.065095;750.8555;0.8733602;115.297295;0.0;-7.3453654e-25;151.9326;-7.345365e-21;0.0012844794;-0.51379764;7.4505806e-05;0.187397;0.1873374;2.9802322e-05;0.0;3433.3406;4009.449;-2326.8018;5008.2783;-356.9178;-670.7778
1975-11-05;0.09579977;-11.040639;-9.255389;752.251;0.985087;63.69792;0.0;-7.3453654e-25;151.40623;-7.345365e-21;0.0017079829;-0.39844868;0.00010430813;0.1859814;0.18589199;1.4901161e-05;0.0;3488.3032;4072.4077;-2412.3245;4854.2007;-276.78888;-729.52
1975-11-06;-0.4094747;-9.884143;-11.613487;752.2613;0.9958654;73.91249;0.0;-7.3453654e-25;127.2604;-7.345365e-21;0.0013245945;-0.37572253;7.4505806e-05;0.18455088;0.18447638;1.4901161e-05;3.7252903e-05;3437.6394;4011.8655;-2385.1616;4857.6978;-261.0011;-789.8778
1975-11-07;0.031850178;-10.38738;-11.602863;751.801;0.90909547;167.28325;0.0;-7.3453654e-25;123.97915;-7.345365e-21;0.00086426723;-0.36458856;4.4703484e-05;0.18312037;0.18308312;9.313226e-06;0.0;3391.1633;3956.5366;-2342.5234;4895.0054;-253.26833;-739.38776
1975-11-08;0.14161427;-8.13441;-8.768771;752.55975;0.8052752;90.70107;0.013264974;3.2583873e-06;122.73468;-7.345365e-21;0.17513846;-0.284357;0.0071898103;0.18890947;0.18171966;8.940697e-05;0.036641955;2674.5078;3119.3655;-1717.3917;5578.935;-197.53334;-529.38
1975-11-09;-0.674998;-5.4241433;-7.472693;751.1005;0.95267606;65.79129;0.5135905;6.906191e-05;132.80174;0.61035156;1.1932552;-0.44569;0.06824732;0.24862587;0.18037856;0.014286488;0.03400445;2692.8018;3151.5444;-1716.7123;5641.2896;-309.62668;-651.75336
1975-11-10;-0.8772278;-6.6193643;-7.39549;750.22186;1.0581955;65.552315;0.4284668;6.314119e-05;149.34406;-7.345365e-21;0.0631243;-0.40744618;0.0040978193;0.18315017;0.17905235;0.011973083;0.0008791685;2594.9856;3032.9543;-1562.0183;5705.9355;-283.07224;-664.06335
1975-11-11;-0.97754925;-5.8627114;-7.624691;749.93756;0.82870764;155.1934;0.88826495;0.00014197826;148.09113;0.7324219;1.8633556;-0.51020646;0.08881092;0.26655197;0.17774105;0.009385869;0.3042966;2909.3489;3398.88;-1878.2617;5388.558;-354.4522;-674.11664
1975-11-12;-1.3326925;-7.2268677;-9.594761;751.4766;0.859813;174.42358;2.557373;0.00036438307;143.61977;2.9296875;0.12037754;-0.41376054;0.0068843365;0.18331409;0.17647445;0.04910864;0.058561563;2563.84;3034.9023;-1921.3088;5194.5693;-287.81555;-554.55664
1975-11-13;-1.7680651;-8.973617;-9.792306;752.16547;0.86215144;120.43519;2.272054;0.00034066042;150.7682;2.319336;0.016021673;-0.27519837;0.0036507845;0.17887354;0.17520785;0.04463829;0.0092461705;2801.726;3308.381;-2006.2306;5108.4785;-191.6311;-649.5122
1975-11-14;-2.372055;-8.491633;-8.720048;753.3086;1.1035656;58.3002;2.059489;0.000309666;150.88116;1.953125;0.02389907;-0.2333764;0.0034421682;0.17741323;0.17398596;0.044986606;0.02174452;2676.6094;3154.131;-1802.05;5318.5674;-162.50111;-689.26556
1975-11-15;-1.1406454;-8.270409;-7.7523193;751.48315;0.9815243;164.57555;1.8477377;0.00027795634;150.55272;1.953125;0.05152923;-0.25179237;0.0037550926;0.17648935;0.17274916;0.04802458;0.048268586;2699.1606;3174.3877;-1724.7311;5472.709;-175.30556;-585.6922
1975-11-16;-1.4197083;-6.4258933;-6.6017814;751.9288;1.0760617;226.9422;2.4562988;0.00038119158;149.8675;2.6448567;0.57992864;-0.28059816;0.01578778;0.1873374;0.17155707;0.04575774;0.34794584;2272.4116;2678.3677;-1353.1067;5838.5166;-195.6189;-603.69775
1975-11-17;-1.7517191;-2.380473;-1.4715576;752.4218;1.1136103;207.88219;41.76994;0.0061504045;137.66893;42.7653;8.497635;-0.1604762;0.028014183;0.19839406;0.17037988;0.08396059;7.9518967;628.2611;1020.99445;-221.06667;6972.0566;-117.795555;-282.08334
1975-11-18;-1.2611084;-4.946869;-6.0990624;753.95135;0.8690912;122.781715;53.204998;0.007997791;151.208;53.059895;0.05246769;-0.30817276;0.07811189;0.24731457;0.16921014;1.0696054;0.039555132;1870.8239;3245.119;-1472.395;5485.2476;-220.67223;-347.37
1975-11-19;-0.2079366;-8.848186;-8.936813;755.47455;1.0140625;39.35981;43.62622;0.0065473714;151.65656;43.29427;0.0008523463;-0.24160743;0.12229383;0.29031932;0.16803294;1.633007;0.0;2236.4111;3539.21;-1755.9111;5079.035;-169.12778;-250.81
1975-11-20;1.5365804;-7.357595;-8.397263;755.23114;0.8252185;136.71431;33.060383;0.0049619675;152.0244;33.081055;0.0008523463;-0.28044638;0.11745095;0.28431416;0.16688555;1.5361756;0.0;2403.7266;3476.1077;-1767.4105;5227.704;-195.72;-244.49222
1975-11-21;0.51115924;-6.7621865;-9.952775;754.15875;0.94027877;267.27765;25.269938;0.0038117568;152.29588;25.146484;0.0021479682;-0.35751238;0.067695975;0.23344159;0.16573817;0.876857;0.0;2570.8293;3491.8289;-1988.6844;4924.352;-251.25778;-356.19
1975-11-22;-0.7791036;-3.903941;-2.4721985;754.43195;0.5423133;257.27713;35.330486;0.0055042505;149.4619;36.051434;7.5615735;-0.13839918;0.1373291;0.30197203;0.16464293;0.3656447;5.4516716;967.27;1368.3445;-438.515;6712.763;-100.09;-191.23555
1975-11-23;0.07576498;-0.57632446;-0.18881607;753.9766;0.44280887;158.545;67.74552;0.010281484;148.35805;68.52213;11.501584;-0.25616026;0.47886372;0.64241886;0.1635626;2.0822155;7.019311;1001.43225;1996.03;-374.1722;6962.116;-179.28334;-164.83667
1975-11-24;-1.0487976;-2.8811443;-3.1214752;752.7823;0.7803125;236.05974;97.21639;0.016675154;148.58754;112.54883;1.6013265;-0.15867315;0.1437664;0.30624866;0.16248226;1.5711896;1.0214783;771.6422;2439.88;-650.5922;6259.4155;-118.95;-94.246666
1975-11-25;-1.1842245;-1.9708658;-0.93974304;751.2439;0.92473954;159.99251;94.62028;0.015321772;155.30988;98.836266;2.315867;-0.11815503;0.25473535;0.41615963;0.16141683;1.6772691;0.8676685;527.0161;1512.8789;-195.10167;6964.6646;-88.50222;-92.94334
1975-11-26;-2.4340312;-2.7689617;-0.65069073;747.65924;0.94475;207.585;98.38843;0.026246786;149.26886;173.9502;24.854261;-0.16445202;0.2079159;0.3682822;0.1603812;0.9518787;22.85001;449.53223;1428.7933;-342.49;6766.6934;-126.92667;-179.66888
1975-11-27;-4.7996583;-6.058294;-3.9371898;746.6958;1.0578715;200.10956;100.0;0.039520185;150.5973;261.23047;9.086775;-0.13876987;0.0010430813;0.1603812;0.15933812;0.0;8.906134;624.275;2383.2266;-572.3372;6203.737;-106.164444;-120.916664
1975-11-28;-8.775848;-11.32249;-9.404535;742.16095;0.9978458;123.47863;100.0;0.058833797;138.62335;422.89224;11.535504;-0.058738515;0.0;0.15832484;0.15832484;0.0;11.53107;630.2939;2695.1077;-1020.88776;5170.36;-43.533333;-98.33667
1975-11-29;-9.910169;-15.5811615;-17.176382;748.4707;1.2297833;38.16147;100.0;0.06117038;150.63019;406.6569;0.0054703103;-0.0063963234;0.0;0.15731156;0.15731901;0.0;0.003349036;802.83057;3364.8945;-1001.0467;4478.88;-2.271111;22.913334
1975-11-30;-6.833201;-14.245542;-12.072227;745.9524;0.77605194;214.8346;100.0;0.06127699;152.88832;401.12305;0.47028065;-0.049663708;0.0;0.15631318;0.15632808;0.0;0.46769902;589.6811;2407.0688;-277.95444;5822.937;-36.123333;-24.496666
1975-12-01;-6.9678483;-9.582423;-7.2614455;745.1213;1.1032182;33.560303;100.0;0.064329185;151.40753;424.07227;4.687652;-0.08911919;0.0;0.1553446;0.15533715;0.0;4.6814346;424.7011;1730.7245;-322.865;6179.711;-68.07333;-58.075554
1975-12-02;-8.675949;-11.998787;-8.650628;747.1924;1.7559553;27.530375;100.0;0.06744281;151.46906;445.3125;1.6416907;-0.14578365;0.0;0.15437603;0.15437603;0.0;1.6377642;562.38776;2293.6843;-626.10333;5682.71;-111.96222;-45.601112
1975-12-03;-11.48689;-15.028895;-14.383667;749.1055;1.8931173;24.349726;100.0;0.06817929;153.47426;444.05112;0.11447966;-0.018013641;0.0;0.15342236;0.1534149;0.0;0.11276454;761.2767;3041.09;-1287.4656;4395.0474;-11.876667;31.018888
1975-12-04;-14.304192;-19.277128;-20.428364;749.8791;1.7867104;18.790758;100.0;0.0682259;155.23468;439.20898;0.006404519;0.00518281;0.0;0.15246868;0.15247613;0.0;0.0046901405;833.69946;3242.2043;-1153.96;4041.0166;5.9194446;52.124443
1975-12-05;-13.056617;-19.011047;-20.306404;747.8091;1.3802546;17.210346;100.0;0.06826814;156.5768;435.75034;0.06397491;-0.0045374036;0.0;0.15154481;0.15154481;0.0;0.06268546;827.37;3137.0989;-866.7361;4419.2812;-1.65;43.22222
1975-12-06;-13.454011;-18.169123;-20.35615;746.4631;1.0924718;108.66422;100.0;0.06833327;157.9746;432.45444;0.0021682782;-0.001876615;0.0;0.15063584;0.15062094;0.0;0.0;882.8017;3267.1423;-1255.8894;3931.415;0.45944443;30.117777
1975-12-07;-13.816236;-21.076958;-21.971296;747.98145;1.1617459;67.189674;100.0;0.06835568;159.25941;429.15854;0.003877282;-0.0073816627;0.0;0.14972687;0.14971942;0.0;0.0025965273;906.4861;3275.8523;-1102.6211;3998.1755;-3.8011112;58.77667
1975-12-08;-10.062369;-20.782095;-21.08327;748.5029;0.9916304;253.27441;100.0;0.0683707;160.53319;425.944;0.0037193298;-0.01800619;0.0;0.1488328;0.1488179;0.0;0.0016503036;932.20557;3290.7256;-1095.1172;4087.0967;-11.853333;84.25445
1975-12-09;-8.470656;-12.783631;-13.55285;745.34064;0.73347265;153.19527;100.0;0.070032395;159.28026;438.51724;6.5368114;-0.0006733462;0.0;0.14793873;0.14793873;0.0;6.529033;502.5128;1742.0756;-51.560555;5987.789;0.5466667;0.8755556
1975-12-10;-7.893276;-9.288128;-7.6570306;742.4725;0.55509466;216.62926;100.0;0.09024743;144.83006;619.87305;23.408258;-0.027528964;0.0;0.14705956;0.14706701;0.0;23.400728;226.51334;944.94336;-251.66167;6198.029;-21.05889;-67.50445
1975-12-11;-8.81158;-12.36107;-12.066199;746.6641;0.60661024;184.75659;100.0;0.099600635;152.57387;653.3203;0.22585988;-0.025091693;0.0;0.14619529;0.14620274;0.0;0.22370741;683.55835;2907.6155;-1202.275;4645.423;-17.103333;-48.56111
1975-12-12;-11.366435;-13.405182;-17.610786;748.5799;0.8005378;307.968;100.0;0.0996716;155.67511;640.5029;0.07138252;0.026583672;0.0;0.14534593;0.14535338;0.0;0.066161156;733.00946;3032.709;-773.85;4711.432;22.05889;-5.808889
1975-12-13;-13.63311;-20.91392;-19.31215;749.90753;1.3077024;13.690906;100.0;0.09974889;158.09276;631.34766;0.0096172085;-0.015677884;0.0;0.14451146;0.14450401;0.0;0.007905066;800.3555;3224.9666;-1366.1938;3849.7073;-10.231112;35.36111
1975-12-14;-14.223149;-25.224463;-24.439219;750.5366;1.6743351;7.312464;100.0;0.099763274;159.8203;624.6338;0.0008553266;-0.0069271773;0.0;0.143677;0.143677;0.0;0.0;843.2072;3311.6267;-1259.1141;3599.8123;-3.6433334;166.74333
1975-12-15;-12.015758;-24.502228;-24.387648;748.70734;1.4687675;19.550364;100.0;0.099778414;161.22752;619.1406;0.0017131569;-0.0059809536;0.0;0.14287233;0.14284998;0.0;0.0;824.02;3153.18;-1009.5097;3931.877;-3.0255556;166.35222
1975-12-16;-8.511201;-21.179873;-19.275162;749.0003;1.0016407;19.674688;100.0;0.09979057;162.9557;612.38605;0.029429793;-0.022447668;0.0;0.14203787;0.14204532;0.0;0.02899766;643.2844;2401.0134;-383.01138;5121.178;-15.724444;77.98556
1975-12-17;-7.3581796;-11.692276;-12.592967;748.719;0.64384156;78.11025;100.0;0.100502886;164.75941;609.5378;2.6134193;-0.0047683716;0.0;0.1412332;0.14124066;0.0;2.610743;590.47614;2156.4722;-136.19305;6000.4478;-2.1733334;-19.107779
1975-12-18;-7.603256;-9.793858;-9.08511;748.872;0.84716964;28.94432;100.0;0.10373417;164.76495;629.72003;1.6378279;-0.0077541918;0.0;0.14044344;0.14044344;0.0;1.6364157;477.74554;1807.0656;-815.52386;5430.283;-4.698889;-22.813334
1975-12-19;-8.79318;-15.710075;-14.247973;748.3071;0.86368734;246.7983;100.0;0.10430682;167.92902;621.6634;0.0875649;-0.02203323;0.0;0.13965368;0.13965368;0.0;0.084504485;793.565;2950.4211;-817.49;4943.355;-14.661111;5.918889
1975-12-20;-5.4670105;-7.1332192;-8.5498;748.47736;0.73527145;229.99156;100.0;0.10694329;168.54555;633.667;6.8349776;-0.0027418137;0.0;0.13889372;0.13887882;0.0;6.831948;446.25223;1659.9255;-8.525;6521.2954;-1.0477778;-50.39111
1975-12-21;-5.4138694;-6.205813;-5.0909576;746.5141;1.0245949;190.20692;100.0;0.11973202;163.34113;730.0618;28.390701;-0.0787219;0.0;0.13811886;0.13811886;0.0;28.351397;353.11;1414.6411;-123.66722;6621.5645;-60.705555;-128.31334
1975-12-22;-5.981013;-6.6039186;-4.777958;740.7016;1.1166232;196.34764;100.0;0.17361951;150.18358;1147.7865;54.443485;-0.07359497;0.0;0.1373589;0.13736635;0.0;54.37951;107.83056;469.1122;-72.18222;6661.6855;-57.63;-116.19334
1975-12-23;-13.043687;-15.976895;-10.953139;741.4013;1.1146405;214.18134;100.0;0.19811714;156.16566;1270.5892;0.25883317;-0.04849024;0.0;0.13661385;0.13661385;0.0;0.25828183;715.8372;3098.16;-1629.9967;4127.454;-35.81333;-84.03889
1975-12-24;-12.383929;-21.592743;-19.306276;750.1567;1.1556259;182.16075;100.0;0.19814245;162.1546;1222.7783;0.00085532654;-0.00995025;0.0;0.13588369;0.13587624;0.0;3.7252903e-06;768.0311;3231.2122;-1457.3911;3664.1648;-5.841111;80.12
1975-12-25;-10.181939;-22.698664;-22.420486;751.684;1.4120775;121.57357;100.0;0.19815795;165.66144;1196.6959;0.0012844801;-0.0037439167;0.0;0.13513863;0.13513863;0.0;0.0;789.33;3231.5789;-1103.6788;3940.1953;-1.1922222;171.21666
1975-12-26;-6.1029067;-23.40893;-21.494268;750.0822;0.7732596;338.95102;100.0;0.19816975;168.8203;1174.3164;0.00052452076;-0.012369826;0.0;0.13440847;0.13441592;0.0;8.940697e-05;773.88666;3086.6455;-851.56;4365.075;-8.018888;130.57
1975-12-27;-8.635915;-12.221431;-17.078367;745.4648;0.5634512;218.38263;100.0;0.20925002;161.39223;1294.4742;17.326702;0.02473779;0.0;0.13370812;0.13370067;0.0;17.294891;317.07556;1340.2655;390.23334;6272.298;19.626667;16.135555
1975-12-28;-6.6195273;-7.466006;-10.814877;747.20245;0.83463913;125.67141;100.0;0.21851556;161.40135;1355.5502;3.278494;0.027664006;0.0;0.13299286;0.13300031;0.0;3.2379255;461.79056;1963.9989;-268.76;6009.9004;22.72889;-27.416666
1975-12-29;-7.725244;-10.156368;-9.98758;745.1893;1.5833231;21.196968;100.0;0.22029436;169.78578;1298.7875;3.9924355;-0.0017862767;0.0;0.13229251;0.13229251;0.0;3.89871;615.395;2563.2056;-473.19943;5795.714;0.75555557;-20.87889
1975-12-30;-6.5517235;-10.014609;-8.994372;743.81;1.3505683;26.094734;100.0;0.22464891;177.18;1269.8568;1.4764488;-0.033274293;0.0;0.13157725;0.13159215;0.0;1.4708862;596.7928;2489.4856;-875.50336;5366.8477;-23.461111;-20.874445
1975-12-31;-8.490372;-12.391961;-12.630717;749.99243;1.2632827;18.87713;100.0;0.22499911;184.56508;1220.4183;0.004887581;0.0018440187;0.0;0.1309216;0.1309067;0.0;0.0023022294;763.02167;3095.0422;-1187.1725;4606.5723;3.8522222;15.124444
1976-01-01;-11.276565;-15.5505495;-15.833018;748.4942;1.0535996;33.13547;100.0;0.2250411;189.79784;1187.0117;0.020673871;0.0013653189;0.0;0.13022125;0.13022125;0.0;0.01938641;786.7144;3108.8823;-1225.4083;4282.723;3.1122222;13.045555
1976-01-02;-12.238835;-17.0795;-18.15801;745.7805;1.0406177;78.273476;100.0;0.22507413;193.72035;1163.4521;0.00475645;0.0030379742;0.0;0.1295507;0.1295507;0.0;0.003874302;814.2967;3134.629;-1125.8058;4234.173;4.162778;14.633333
1976-01-03;-10.664594;-14.337494;-17.967993;742.2237;0.8171165;261.9991;100.0;0.22547805;196.47523;1148.4375;1.8326551;0.019148923;0.0;0.12888014;0.1288876;0.0;1.8305109;644.07275;2421.3655;-241.51917;5395.6235;15.811111;4.6144443
1976-01-04;-9.350066;-10.567326;-12.612624;743.36206;1.1459935;218.89546;100.0;0.2301764;194.43748;1183.1055;8.470171;0.015264377;0.0;0.1282394;0.1282394;0.0;8.468401;427.1078;1647.8878;95.86472;6319.3296;12.655556;-38.57
1976-01-05;-7.4220786;-8.191071;-8.671577;742.0087;1.6546615;205.51239;100.0;0.24869132;186.64061;1330.4443;21.646996;0.035993755;0.0;0.12759864;0.12758374;0.0;21.638245;191.96278;811.3578;35.989723;6534.2827;28.042223;-23.154444
1976-01-06;-8.471278;-9.532449;-7.7629433;736.6097;1.0946916;195.16695;100.0;0.28441143;175.05467;1623.0062;35.861465;-0.021651387;0.0;0.12694299;0.12695044;0.0;35.856987;132.87222;580.99554;-184.68556;6244.577;-16.793333;-46.52222
1976-01-07;-9.013665;-11.649544;-9.906574;744.3311;0.7176909;200.42229;100.0;0.29544827;180.66469;1638.794;0.124275684;-0.03175158;0.0;0.12631714;0.1263097;0.0;0.12299046;707.905;3034.8057;-1161.3334;4863.351;-22.374445;-92.81778
1976-01-08;-9.091901;-13.410153;-14.203469;747.56586;0.9110032;54.517334;100.0;0.2954881;189.01105;1565.3483;0.02156198;0.002477318;0.0;0.1256764;0.1256764;0.0;0.019710511;763.60333;3182.9778;-1130.4839;4536.8027;4.0744443;3.8133333
1976-01-09;-11.543164;-15.159291;-16.660234;748.04144;1.4191927;15.827225;100.0;0.29554495;194.90656;1517.7408;0.0087259095;0.016492791;0.0;0.12505054;0.125058;0.0;0.0066310167;802.1761;3260.6768;-1290.1317;4145.0054;14.855556;38.417778
1976-01-10;-10.823345;-20.518618;-19.767187;745.29987;1.1220955;152.01494;100.0;0.29557422;199.30272;1484.1715;0.0008523463;-0.009770505;0.0;0.1244396;0.12443215;0.0;0.0;886.0845;3503.9478;-1345.1344;3832.3481;-5.478889;89.687775
1976-01-11;-9.903937;-20.101038;-21.138708;743.38495;0.85462904;303.70572;100.0;0.29559016;202.76527;1459.025;0.00085532654;-0.006409362;0.0;0.12382865;0.1238212;0.0;0.0;900.5378;3470.67;-1180.195;3961.9758;-3.12;87.49555
1976-01-12;-11.2780905;-16.534613;-21.206232;741.2822;0.712925;295.8922;100.0;0.29562947;205.85219;1437.3779;0.22447811;0.016313046;0.0;0.1232177;0.1232177;0.0;0.22190809;873.8761;3285.0588;-817.4689;4407.29;14.031111;47.36
1976-01-13;-10.639998;-13.98672;-17.888063;740.61273;0.7420954;201.38628;100.0;0.30382752;195.8395;1550.7812;10.094324;0.021621585;0.0;0.122621655;0.122614205;0.0;10.091886;411.15277;1687.4711;-484.15887;5100.3735;17.544445;46.315556
1976-01-14;-10.390233;-13.210719;-17.946928;743.18555;0.95174026;244.04218;100.0;0.30657765;196.61;1560.669;1.622128;0.035494566;0.0;0.12202561;0.12203306;0.0;1.620397;577.07446;2326.8567;-258.3039;5356.001;28.32;20.677778
1976-01-15;-9.390198;-10.803417;-13.489159;745.24677;0.9255082;252.12799;100.0;0.31082872;197.8714;1572.2656;2.9213219;0.012598932;0.0;0.121444464;0.121451914;0.0;2.9165485;568.35614;2319.841;-314.0289;5713.4365;11.192223;-42.40222
1976-01-16;-8.029527;-10.252786;-11.760376;744.7758;0.90200204;240.62708;100.0;0.31421733;202.15363;1553.9144;12.552435;0.006854534;0.0;0.12087822;0.12086332;0.0;12.549199;554.94165;2207.2612;-205.0214;5982.3735;6.6755557;-39.714443
1976-01-17;-6.467397;-7.3448577;-8.236964;742.5828;1.1154095;196.86804;100.0;0.3307165;199.69334;1656.2906;12.035413;0.007212162;0.0;0.120311975;0.120297074;0.0;12.02844;299.46335;1271.5878;30.751667;6582.719;6.2822223;-39.124443
1976-01-18;-6.645294;-7.7330756;-6.5164757;740.93866;0.76004213;218.7893;100.0;0.35034874;197.04457;1776.6927;20.587687;-0.02287142;0.0;0.11971593;0.11972338;0.0;20.571426;534.9828;2327.1367;-426.02805;6168.9717;-15.922222;-97.27111
1976-01-19;-7.643415;-9.046212;-6.9121842;741.43976;1.1082612;199.73888;100.0;0.3622183;202.05727;1794.393;6.0563564;-0.05883351;0.0;0.119149685;0.119157135;0.0;6.048657;612.6461;2631.1777;-537.36554;5938.886;-43.93111;-129.48889
1976-01-20;-8.105507;-14.568695;-9.05182;743.43146;0.6300596;120.56452;100.0;0.3646169;211.60316;1725.5859;0.6117174;-0.082088634;0.0;0.11861324;0.11859089;0.0;0.6087012;867.19556;3659.8223;-1291.7667;4773.901;-60.396667;-91.64445
1976-01-21;-8.117962;-10.759036;-11.192863;741.81323;0.56506795;148.14894;100.0;0.36556175;218.666;1673.584;0.642398;-0.0072922558;0.0;0.1180321;0.1180321;0.0;0.6319657;705.9339;2917.8777;-803.955;5212.802;-3.5266666;-55.935555
1976-01-22;-8.590142;-11.335412;-12.031113;745.0691;0.56478995;194.71175;100.0;0.36586377;225.15656;1626.2207;0.04247129;-0.020198524;0.0;0.117480755;0.117473304;0.0;0.03989041;882.1494;3554.321;-1214.2036;4667.481;-13.003333;-79.386665
1976-01-23;-9.171277;-11.810945;-13.890156;744.51416;0.70681864;284.957;100.0;0.3659712;230.44952;1589.3961;0.56797564;-0.004466623;0.0;0.11692941;0.11692941;0.0;0.5662106;868.5661;3409.922;-698.74475;5148.933;-1.0777777;-59.08889
1976-01-24;-7.548056;-8.987854;-10.7965;743.99225;0.65320575;245.80615;100.0;0.36768815;233.90428;1573.1608;1.991868;-0.019701198;0.0;0.11639297;0.11639297;0.0;1.9842125;573.865;2233.7334;-160.47667;6175.206;-13.755555;-71.42889
1976-01-25;-7.5609183;-10.243838;-10.434795;747.6374;0.8897355;81.6818;100.0;0.36859974;239.1419;1542.8467;0.010020123;-0.011257827;0.0;0.11587143;0.11584908;0.0;0.0061765313;937.9;3610.6345;-1368.6392;4628.454;-5.8577776;-61.69
1976-01-26;-6.766224;-16.785574;-13.645833;748.118;1.1500036;30.175665;100.0;0.3686163;244.09828;1511.1898;0.00044107434;-0.03883429;0.0;0.11533499;0.11532009;0.0;0.0;1045.3406;3923.87;-1514.9233;4159.71;-26.602222;57.15
1976-01-27;-5.82828;-18.129244;-15.223443;748.2761;1.1007805;69.15249;100.0;0.36862108;247.92804;1487.6709;0.0017285328;-0.04172139;0.0;0.11476874;0.114783645;0.0;0.0;1088.64;3988.0012;-1412.9412;4201.579;-28.868889;83.41556
1976-01-28;-5.524517;-16.74869;-15.97556;748.28534;0.82716274;204.43214;100.0;0.3686278;251.25616;1467.8955;0.0008606545;-0.02829358;0.0;0.114262104;0.11425465;0.0;0.0;1116.2544;3992.8188;-1319.1862;4268.835;-18.873333;65.52111
1976-01-29;-6.5911407;-13.564815;-15.552203;743.57355;0.5905083;252.87505;100.0;0.36896074;253.91469;1453.5726;1.4049888;-0.019027852;0.0;0.11374056;0.11374056;0.0;1.3945066;1026.2245;3584.7822;-698.47;5100.1245;-12.334444;-8.2277775
1976-01-30;-7.7599487;-9.089814;-11.859372;741.08014;0.8947632;165.73125;100.0;0.37129048;254.18163;1461.0189;3.2576323;-0.0017713755;0.0;0.11321902;0.113233924;0.0;3.254544;865.57446;3088.2;-387.24;5854.1855;0.71444446;-72.51222
1976-01-31;-7.594442;-8.504162;-8.979817;739.04224;0.7931266;189.18913;100.0;0.3837051;244.61163;1567.5455;16.808466;0.0015646219;0.0;0.112727284;0.112727284;0.0;16.802185;331.99167;1330.5789;-46.79222;6421.533;1.8688889;-55.95111
1976-02-01;-8.600738;-10.294445;-8.345809;741.0154;0.96347827;212.0915;100.0;0.39226103;242.08592;1621.5006;2.2970736;-0.07797778;0.0;0.112220645;0.112220645;0.0;2.290681;825.88666;3458.541;-817.2095;5489.8774;-58.017776;-142.22888
1976-02-02;-9.547301;-14.0442095;-10.2879;744.5928;0.7769987;93.07694;100.0;0.39325044;247.12401;1592.9769;0.041395426;-0.08283928;0.0;0.111714005;0.111721456;0.0;0.038761646;973.6939;3994.4434;-1408.265;4538.71;-60.988888;-130.46445
1976-02-03;-8.012413;-14.334853;-12.871867;744.3265;0.66493756;127.88332;100.0;0.39358404;251.39418;1565.918;2.5822222;-0.043917447;0.0;0.11122227;0.11122227;0.0;2.57596;974.60834;3890.371;-843.4078;5064.084;-30.856667;-61.27667
1976-02-04;-6.9244385;-7.911082;-10.311772;738.3367;0.3724693;171.13689;100.0;0.40905643;237.65135;1718.9535;22.891836;0.016820617;0.0;0.11074543;0.11073053;0.0;22.886805;246.55556;1036.3678;68.915;6437.711;13.503333;-14.638889
1976-02-05;-7.3058677;-8.586894;-8.212291;737.59204;0.9667168;211.18855;100.0;0.42120922;233.48761;1805.7455;2.5157511;-0.042649917;0.0;0.11026859;0.11025369;0.0;2.5084727;680.5417;2914.77;-404.54944;6063.5645;-30.995;-117.87
1976-02-06;-7.4946694;-8.823146;-7.4553223;739.3007;0.95861536;202.1916;100.0;0.42446324;239.14647;1776.3672;2.6639283;-0.05731359;0.0;0.109776855;0.109769404;0.0;2.6497097;707.95276;2990.8223;-515.5306;5961.1167;-42.304443;-137.26111
1976-02-07;-7.374018;-8.909282;-7.199028;740.325;1.2526755;198.83167;100.0;0.43004802;242.58983;1770.5892;22.701231;-0.097687356;0.0;0.10930002;0.10929257;0.0;22.699863;797.405;3294.3445;-483.94278;6029.6523;-73.67111;-180.97112
1976-02-08;-6.380591;-7.5706;-5.959638;739.47;0.9882923;197.98259;100.0;0.48042914;217.77406;2200.236;49.343388;-0.09853765;0.0;0.10882318;0.10882318;0.0;49.192883;451.46667;1967.4111;-163.28084;6510.4976;-75.67555;-166.72667
1976-02-09;-6.8375373;-8.242322;-5.762483;739.60645;0.9884302;187.80882;100.0;0.5244508;209.82225;2496.4192;37.555454;-0.12474321;0.0;0.10834634;0.108361244;0.0;37.530945;446.52222;1949.1239;-246.23027;6391.0864;-96.27111;-177.25667
1976-02-10;-9.59043;-11.697736;-7.0097823;732.77783;1.1689638;194.44768;100.0;0.55596644;209.77147;2650.1465;22.524326;-0.18249638;0.0;0.10788441;0.10789931;0.0;22.497211;537.7183;2356.1882;-570.6445;5835.03;-141.51222;-235.64778
1976-02-11;-13.804287;-16.175783;-10.644097;737.3907;1.2274073;204.41084;100.0;0.5656304;217.81313;2600.3418;2.832812;-0.16115047;0.0;0.10743737;0.10743737;0.0;2.824519;739.12665;3173.2412;-834.1272;5121.798;-124.39222;-296.44446
1976-02-12;-13.821071;-17.400068;-14.005833;741.4075;0.763;114.417015;100.0;0.5670645;226.09894;2511.1492;0.05262494;-0.04893355;0.0;0.10699034;0.106975436;0.0;0.050902367;1090.0183;4581.4604;-1569.5105;4007.906;-35.085556;-175.84666
1976-02-13;-13.935428;-19.23916;-17.904526;743.7934;0.98333836;194.68233;100.0;0.56707317;232.63019;2439.9006;0.0012397759;-0.025374815;0.0;0.10652095;0.10652095;0.0;0.00081956387;1150.3506;4703.943;-1548.3177;3731.5588;-16.824444;-70.21111
1976-02-14;-11.308917;-19.291336;-19.491102;745.23926;0.99746394;100.76803;100.0;0.56708664;237.44887;2390.4216;0.0017127141;-0.027528964;0.0;0.10608137;0.106073916;0.0;0.0;1216.6884;4845.6665;-1321.3733;3956.2292;-18.007778;-6.228889
1976-02-15;-10.463744;-18.211332;-18.697329;744.27484;1.1090065;70.74461;100.0;0.56710285;241.89452;2346.3542;0.0029945523;-0.0242237;0.0;0.10561943;0.10561943;0.0;0.0;1231.7256;4780.8755;-1265.2228;4153.2607;-15.208889;2.1344445
1976-02-16;-12.618182;-17.72412;-18.733131;743.9668;1.624022;27.706894;100.0;0.5671349;246.25714;2304.8096;0.010061264;-0.014320016;0.0;0.105172396;0.10517985;0.0;0.008374453;1275.385;4831.7217;-1506.3881;3818.272;-7.7344446;-7.341111
1976-02-17;-14.116206;-22.061502;-19.905067;743.8938;1.4382224;27.293503;100.0;0.56715566;250.14516;2269.328;0.003239512;-0.018566847;0.0;0.10474026;0.10474026;0.0;0.0014677644;1356.1516;5011.283;-1617.1417;3580.4084;-12.5222225;-29.731112
1976-02-18;-13.950566;-24.087046;-20.840105;744.2574;1.1025051;47.490322;100.0;0.56715804;253.52309;2239.095;0.00085681665;-0.016228296;0.0;0.10431558;0.10431558;0.0;0.0;1411.7489;5092.507;-1603.9983;3542.6145;-11.452222;-29.376667
1976-02-19;-13.670527;-21.731276;-21.002947;746.7053;1.5479836;25.44761;100.0;0.5671615;256.611;2212.1582;0.00043511385;0.0060014427;0.0;0.103890896;0.103883445;0.0;0.0;1446.3556;5096.981;-1560.0122;3619.5176;5.0122223;-7.6844444
1976-02-20;-12.586426;-20.486038;-20.63735;748.846;1.6640387;26.921875;100.0;0.56717414;259.6084;2186.2385;0.0004261732;0.007876195;0.0;0.10347366;0.10347366;0.0;0.0;1502.5422;5175.742;-1600.0422;3627.5325;6.4511113;10.001111
1976-02-21;-11.8480425;-20.846262;-20.2041;748.9383;1.5509802;26.678427;100.0;0.56718415;262.57877;2161.4177;0.0012887861;0.0024475157;0.0;0.10304153;0.10305643;0.0;0.0;1559.294;5252.811;-1632.3737;3636.7222;2.2366667;3.491111
1976-02-22;-10.730916;-21.07791;-19.347166;747.3532;1.2507219;38.51718;100.0;0.56719;265.5703;2137.1257;0.0012860367;0.0031050295;0.0;0.1026541;0.10264665;0.0;0.0;1596.01;5260.261;-1541.8586;3849.6711;2.3688889;-19.545555
1976-02-23;-10.243645;-20.768627;-18.046642;742.743;1.1074928;52.79507;100.0;0.56718975;268.7303;2111.9226;0.0012918236;-0.0060442835;0.0;0.10225177;0.10224432;0.0;0.0;1640.98;5294.048;-1521.9203;3996.7002;-4.801111;-36.915554
1976-02-24;-11.155877;-15.812572;-16.262552;742.8201;1.3817548;42.873096;100.0;0.56771755;271.4629;2092.326;2.1206505;-0.040296465;0.0;0.10184944;0.101841986;0.0;2.1154137;1314.2378;4162.971;-651.23303;5204.07;-31.783333;-93.29
1976-02-25;-10.327838;-14.452443;-12.764115;743.57855;1.5134667;38.52258;100.0;0.5697278;273.25455;2086.8328;1.053685;-0.10116212;0.0;0.101432204;0.101447105;0.0;1.0476;1252.6355;4141.4287;-779.4311;5307.439;-79.636665;-148.70334
1976-02-26;-9.556457;-12.540253;-10.811406;743.6966;0.8773609;92.346;100.0;0.5705305;277.10483;2060.791;0.5708009;-0.12384169;0.0;0.101044774;0.101044774;0.0;0.5673654;1286.865;4252.549;-748.7586;5496.323;-97.51889;-247.08778
1976-02-27;-9.757806;-13.985637;-10.48145;742.01373;0.93286425;78.52518;100.0;0.57073313;281.94107;2026.1637;0.0045463294;-0.10502525;0.0;0.100657344;0.100657344;0.0;0.0036805868;1640.5538;5372.8984;-1797.7358;4226.228;-82.71555;-221.06223
1976-02-28;-10.239453;-14.902351;-12.425216;738.53094;1.0069729;206.66588;100.0;0.5708719;285.8607;1998.0062;2.3206317;-0.11087116;0.0;0.10025501;0.10026246;0.0;2.317369;1709.2411;5478.543;-1393.3395;4543.3086;-87.31333;-189.26778
1976-02-29;-11.4668;-14.2686;-11.172333;734.47943;0.8334184;116.62219;100.0;0.5835487;268.43716;2171.2239;18.365757;-0.08065067;0.0;0.09988248;0.09987503;0.0;18.329964;534.44336;2087.4473;-299.02277;5865.899;-63.497223;-138.58778
1976-03-01;-13.543944;-19.084541;-11.623135;738.0197;0.8205085;62.137577;100.0;0.5943192;258.47623;2300.822;2.3772752;-0.16667321;0.0;0.09949505;0.09949505;0.0;2.3707078;1044.035;4364.292;-1157.3739;4736.633;-131.22166;-299.0489
1976-03-02;-14.249013;-17.337526;-14.320038;742.0461;1.2027553;177.12764;100.0;0.5950722;262.8483;2265.7063;0.98446316;-0.058428384;0.0;0.09910762;0.099122524;0.0;0.9787306;1243.0328;5072.894;-1062.4991;4650.075;-46.05;-267.20776
1976-03-03;-11.564012;-13.778836;-13.325383;744.9672;1.1809107;218.44618;100.0;0.5961512;266.1582;2241.6992;0.8703649;-0.044330955;0.0;0.098735094;0.098742545;0.0;0.8665062;1188.2551;4771.6973;-804.8472;5137.566;-34.956665;-250.94667
1976-03-04;-9.5284815;-12.687449;-12.4083185;745.7885;0.7799995;177.5799;100.0;0.5967342;270.49643;2208.0486;0.121071935;-0.010989606;0.0;0.098377466;0.098370016;0.0;0.118501484;1372.6381;5400.574;-1324.0466;4618.673;-8.733334;-217.41444
1976-03-05;-6.9660087;-15.50655;-12.171486;744.2578;0.78718275;105.72282;100.0;0.5968221;275.38672;2169.0674;0.37843287;-0.03897026;0.0;0.097990036;0.09799749;0.0;0.37394464;1343.4132;5159.2065;-842.8417;5280.6235;-30.69111;-162.84361
1976-03-06;-6.5598044;-11.172973;-10.27552;744.9069;0.88271666;77.618355;100.0;0.5971138;280.35156;2131.8767;0.032700796;-0.02609007;0.0;0.09763241;0.09762496;0.0;0.028453767;1377.0161;5190.731;-1315.0397;4867.691;-20.621666;-174.12029
1976-03-07;-7.0779724;-11.62305;-10.986206;747.4687;1.0016974;65.575096;100.0;0.59723455;285.31348;2094.7673;0.24160065;0.0008260831;0.0;0.09725988;0.09725988;0.0;0.1941137;1507.6136;5547.0757;-1507.5167;4546.7656;0.53833336;-163.15889
1976-03-08;-8.151657;-12.877927;-11.560861;748.30084;1.2074472;48.81776;100.0;0.5973573;289.73276;2063.3953;0.0015676015;-0.005790964;0.0;0.09690225;0.09690225;0.0;0.00027567148;1609.6655;5798.2646;-1624.6198;4362.4;-4.458889;-173.2911
1976-03-09;-8.564411;-13.368679;-11.685894;744.72955;1.3117899;43.43941;100.0;0.5973454;293.79068;2034.9121;0.0033795831;-0.02148375;0.0;0.09652972;0.09654462;0.0;0.0016465783;1457.0211;5131.2266;-1255.8661;4818.9453;-16.965555;-152.28555
1976-03-10;-9.505876;-14.548383;-10.960141;741.2546;1.297294;50.237736;100.0;0.597341;297.69858;2007.7719;0.18520057;-0.10381173;0.0;0.096186996;0.096186996;0.0;0.17925352;1735.5889;5967.1733;-1489.4055;4621.183;-81.74;-252.78444
1976-03-11;-10.674487;-16.59699;-11.805333;739.9175;1.3482804;38.836254;100.0;0.5973384;301.2871;1984.3344;0.016897917;-0.17165951;0.0;0.09582937;0.09583682;0.0;0.015236437;1785.4519;6027.539;-1777.4116;4117.3105;-135.15555;-268.21527
1976-03-12;-9.431867;-14.1445265;-12.436555;738.7568;0.9171004;181.52068;100.0;0.59790903;303.4756;1970.3776;3.4303844;-0.119853765;0.0;0.09547174;0.09547919;0.0;3.4285486;1696.7609;5605.9263;-1034.2778;5061.738;-94.361664;-220.37
1976-03-13;-5.5548196;-7.3602905;-8.737315;736.3789;0.58299315;193.8545;100.0;0.60201293;300.90854;2001.4242;2.6345701;-0.09454414;0.0;0.095143914;0.09512901;0.0;2.6306734;1212.2726;4349.3677;-316.22;6312.8423;-74.45333;-243.32222
1976-03-14;-4.620931;-5.6106668;-6.1257935;739.8613;0.7880151;155.30295;100.0;0.6091078;298.54263;2040.3239;8.48791;-0.032149255;0.0;0.09478629;0.09478629;0.0;8.479118;806.4028;3179.1736;-315.06888;6442.11;-25.37889;-175.81223
1976-03-15;-4.1832376;-5.809591;-4.628855;744.7478;0.82095313;190.23491;100.0;0.61202127;301.9808;2028.1576;0.69961673;-0.11247676;0.0;0.09444356;0.09445101;0.0;0.6900579;1337.5222;5260.3257;-870.95276;5924.706;-88.55334;-305.45557
1976-03-16;-4.391256;-6.0468345;-4.290863;742.7713;0.7959638;104.66825;100.0;0.6132294;307.014;1998.5352;1.5199631;-0.14472845;0.0;0.09410083;0.09410083;0.0;1.4876053;1127.1888;4366.9834;-809.44275;5966.1455;-113.89333;-280.89334
1976-03-17;-4.4113975;-7.0105286;-4.4778085;742.94775;0.83908206;109.3924;100.0;0.6142655;311.9769;1970.4183;1.0812283;-0.17444044;0.0;0.09377301;0.09376556;0.0;0.9561479;1428.2378;5438.283;-1150.4417;5561.947;-137.36444;-318.02444
1976-03-18;-3.977;-7.4122596;-5.783325;744.13116;0.80146724;146.06604;100.0;0.6147461;316.7015;1942.2607;0.0027894974;-0.08211285;0.0;0.09343028;0.09343028;0.0;0.0014938414;1681.9358;6277.918;-1574.2117;4924.433;-64.67778;-244.50555
1976-03-19;-3.922821;-6.9517617;-5.3530784;745.6648;0.74503607;171.19446;100.0;0.6154153;320.52734;1920.5322;3.16298;-0.15230663;0.0;0.093087554;0.093095005;0.0;2.8387606;1629.0347;5911.5923;-989.13525;5785.737;-119.85333;-292.35443
1976-03-20;-3.6755066;-4.36438;-4.1447244;741.9953;0.66147286;119.00042;100.0;0.63924587;304.62564;2096.0286;36.40047;-0.021900982;0.0;0.09277463;0.09276718;0.0;35.890884;305.25476;1286.902;-159.55583;6698.8613;-17.133333;-73.174446
1976-03-21;-3.5302124;-4.6886597;-3.7614238;740.9356;0.78859186;98.32099;100.0;0.6584739;296.82584;2219.7673;5.119154;-0.070139766;0.0;0.092446804;0.092446804;0.0;5.009003;805.2189;3446.3855;-766.88196;6012.2725;-54.872223;-199.4311
1976-03-22;-3.2031963;-5.5938926;-4.4755454;745.54205;0.97011113;105.131874;100.0;0.6599036;303.2972;2178.1006;0.009236836;-0.065675005;0.0;0.09211898;0.09211898;0.0;0.0071004033;1548.675;6360.5977;-1190.4419;5535.229;-50.804443;-301.99
1976-03-23;-1.992279;-7.1717324;-3.899353;745.85236;0.9414696;91.69614;100.0;0.659836;310.194;2129.4353;0.0020235775;-0.11395011;0.0;0.09179115;0.09179115;0.0;0.0007338822;1410.0745;5544.2554;-1027.9377;5808.939;-88.71;-239.43527
1976-03-24;-1.9135742;-7.9217324;-3.8258362;747.1707;1.1089208;40.191185;100.0;0.6596527;316.8483;2084.6355;0.013753771;-0.13950653;0.009194016;0.100657344;0.09147078;0.13936125;0.011377037;1582.3883;5962.2734;-1255.4136;5508.7026;-108.727776;-236.98083
1976-03-25;-2.553833;-7.0386124;-4.1831;749.3968;1.6264367;34.914833;100.0;0.6594004;322.90787;2044.6371;0.04542768;-0.21499209;0.007838011;0.098988414;0.0911504;0.11658482;0.04163012;1650.6472;5980.2;-1448.67;5230.3735;-168.22;-219.92334
1976-03-26;-2.1016033;-9.259563;-5.4049935;750.8387;1.1938753;54.444214;100.0;0.65916705;328.2321;2011.2711;0.0017232096;-0.11561066;0.006109476;0.096946955;0.09083748;0.089483336;0.0;1978.1777;6942.2666;-1914.7847;4595.2515;-89.763336;-229.30472
1976-03-27;-1.5804037;-9.009648;-6.0346885;750.6065;1.0977641;71.86126;100.0;0.65893126;333.0381;1982.2184;0.00086089305;-0.10082964;0.014394522;0.104904175;0.0905171;0.20614266;0.0;2033.4523;6929.036;-1776.583;4741.88;-78.07;-211.34222
1976-03-28;-1.3018698;-9.454122;-6.050863;748.77484;1.0906767;61.176014;100.0;0.6585846;337.65366;1954.6305;0.0013033423;-0.123832375;0.02092123;0.11113286;0.09019673;0.28823316;0.0;2109.3254;6994.335;-1798.5186;4741.721;-96.05111;-209.37
1976-03-29;-0.5151265;-9.158681;-5.882131;749.2963;0.80502623;177.25362;100.0;0.6580114;342.08203;1928.9551;0.001702103;-0.12384076;0.0577569;0.1476407;0.089898705;0.65766644;0.0;2178.05;7045.574;-1697.2622;4877.1865;-95.91111;-217.83
1976-03-30;-1.1300558;-3.6054585;-4.528076;746.82635;0.7384985;251.36328;100.0;0.659615;345.11362;1916.748;5.580634;-0.027544796;0.024229288;0.11381507;0.08957833;0.059902668;2.9342322;821.51;2614.6184;-178.7261;6745.7935;-21.3;-98.333336
1976-03-31;0.17212932;-0.5076396;-0.7484894;745.86237;0.6329232;250.51958;100.0;0.67432576;343.48535;1968.0176;14.6033945;-0.016842037;0.26386976;0.35314262;0.08927286;1.3848729;7.4525995;864.8578;3163.2795;-199.83917;7056.859;-12.693334;-165.3189
1976-04-01;-0.31555176;-1.5772299;-0.16227214;746.86255;0.9331844;146.51994;100.0;0.67343664;350.10352;1929.3619;0.7184219;-0.13239774;0.64621866;0.7352084;0.08896738;5.487956;7.4505806e-06;1599.2822;4915.6226;-901.4631;6326.3667;-100.89222;-253.15555
1976-04-02;-1.4977518;-4.3707986;-0.296285;747.9075;1.1541857;44.996624;100.0;0.6699192;356.94595;1881.7545;0.32994702;-0.30771083;0.26763976;0.35630167;0.08866191;2.372427;0.032044947;1997.6539;5455.62;-1256.1448;5842.6064;-238.23222;-265.78555
1976-04-03;-1.165863;-5.318939;-0.30297852;748.9075;1.1194556;63.809677;100.0;0.66656;363.90268;1836.5479;0.022001969;-0.4771389;0.42903423;0.5173832;0.088356435;3.76413;0.016953796;2410.1934;6035.15;-1382.5164;5701.3564;-370.60333;-324.35223
1976-04-04;-1.533254;-4.3135276;-0.2721049;745.55005;0.9557585;65.29485;100.0;0.6643117;369.75522;1800.0488;6.3994956;-0.44119358;0.46379864;0.5518645;0.08806586;2.6237779;4.125327;2180.2366;5170.301;-989.94446;6175.819;-343.34778;-320.2678
1976-04-05;-2.2609558;-3.5107625;-0.14574687;740.90485;0.6581836;170.36792;100.0;0.6689661;366.77246;1826.7008;5.8382034;-0.3850665;0.41641295;0.5041808;0.08776784;2.9958897;5.030088;1841.6984;5412.1177;-980.3983;6184.785;-299.42;-439.1661
1976-04-06;-2.9779358;-5.440409;-0.29419962;743.90967;0.8824267;148.26778;100.0;0.66984606;369.42416;1816.4469;1.3383955;-0.5212016;0.03862381;0.12610853;0.08747727;0.2945736;1.1619852;2016.1594;5754.068;-1456.8262;5538.2344;-406.11557;-470.85333
1976-04-07;-3.1625264;-6.5140686;-0.56621045;744.6574;0.8018942;144.69331;100.0;0.6697735;375.3418;1787.8011;0.31465292;-0.556184;0.0020712614;0.089257956;0.087186694;0.015888363;0.10626018;2307.4895;6040.7026;-1437.3698;5515.6226;-433.05444;-444.5122
1976-04-08;-2.1091716;-3.9453838;-0.36127982;745.16534;0.85290855;245.66481;100.0;0.6699948;381.8099;1757.8125;1.1618972;-0.48032868;0.03325939;0.120177865;0.08691102;0.265697;0.8124299;2360.2778;5819.4727;-1039.2252;6120.6587;-373.84113;-458.64777
1976-04-09;-2.2299907;-3.4061787;-0.13081105;746.75507;1.0482736;182.46204;100.0;0.6697629;385.736;1738.4033;5.8248816;-0.52060467;0.40125847;0.48789382;0.0866279;3.0236692;5.207643;1875.4105;4484.771;-519.3686;6718.007;-406.54666;-518.12
1976-04-10;-0.42163086;-1.7094116;-0.043767292;746.6584;0.8618274;242.9217;100.0;0.6713937;381.37338;1762.8988;3.8834126;-0.29845908;0.97340345;1.0597557;0.08635223;6.7535357;2.4764538;1763.2333;5233.525;-586.7083;6730.0244;-230.78722;-357.12555
1976-04-11;0.10381063;-1.9223429;-0.09765116;747.419;0.8340772;139.40614;100.0;0.662933;384.67285;1726.4404;0.1680851;-0.27072057;1.4752746;1.5613735;0.08607656;10.324124;0.007841736;2353.8938;6265.4395;-1113.2441;6155.06;-207.50555;-331.11557
1976-04-12;-0.7128398;-1.2323099;-0.0516599;746.5335;0.49362123;227.60582;100.0;0.6615606;385.42905;1717.9362;25.08068;-0.115876086;3.474936;3.5663247;0.09138882;4.779331;5.920291;770.1383;2028.7372;-129.73361;7151.7993;-89.80556;-160.28555
1976-04-13;-1.1204935;-1.2704773;-0.015294393;746.01886;0.75787115;184.67528;100.0;0.6689024;376.81543;1775.8789;25.443884;-0.13846159;2.7354136;2.8621554;0.12674183;3.0592158;12.973599;525.51776;1631.9078;-25.973888;7240.3457;-108.02;-199.8214
1976-04-14;-0.05916341;-4.6979775;-0.12981796;748.3968;0.82846063;271.99716;100.0;0.6709349;374.0358;1796.5088;0.04292196;-0.37461334;0.98635256;1.0717958;0.08544326;5.4789968;0.009484589;2316.6055;7505.6567;-1605.6075;5533.899;-286.9589;-359.41
1976-04-15;0.93929034;-3.093221;-0.23124821;750.3215;0.75611395;248.58333;100.0;0.66686517;379.45963;1759.7656;4.09956;-0.3446769;1.0851771;1.1705011;0.0853315;3.792178;0.88854504;2472.581;6993.705;-1227.8103;6007.2534;-250.94888;-238.99667
1976-04-16;2.1371257;1.0776978;0.0052871704;746.5733;0.6282588;205.3766;100.0;0.661592;383.31216;1728.4342;36.34554;-0.019159168;12.250051;12.932197;0.6821379;9.717855;0.0;905.955;2375.2717;96.17111;7494.3423;-10.161111;-73.85889
1976-04-17;-0.14796956;-0.898112;-0.004058838;743.3406;1.1555451;205.2635;100.0;0.6504181;385.74478;1687.9476;7.466346;-0.4457757;4.349023;4.5497417;0.20072609;11.624299;2.7848892;2323.195;5675.864;-623.52527;6766.099;-336.68;-400.61444
1976-04-18;-1.7441;-3.3874207;-0.07696533;744.30444;0.84749;142.98622;100.0;0.6504161;379.51108;1714.1927;10.50635;-0.51225907;1.43978;1.5523434;0.11256337;5.2394495;9.061344;1884.6528;5592.386;-938.06696;6260.2344;-388.16556;-383.60443
1976-04-19;-2.5736797;-4.9523215;-0.22329204;743.76074;0.6976872;109.06068;100.0;0.65318424;376.5013;1736.4502;2.7510493;-0.5785562;0.4517585;0.5405843;0.08881837;1.5295968;1.786463;2009.9972;6223.5996;-1132.92;5944.6787;-438.2378;-395.97446
1976-04-20;-2.4809875;-3.7969055;-0.21161397;744.5511;0.7926054;161.11067;100.0;0.65546066;377.81772;1735.4736;6.9188414;-0.5136002;0.24832785;0.3386587;0.09031594;0.8372739;5.9332175;1681.7411;4954.69;-672.5125;6511.471;-391.60666;-432.24777
1976-04-21;-2.4208171;-5.3704734;-0.22038777;746.62573;1.0689383;187.25722;100.0;0.65869313;376.63477;1750.8138;0.86419857;-0.7604258;0.41051954;0.50230324;0.09179115;1.8447376;0.69571286;2347.6729;7160.1055;-1442.3628;5603.7583;-578.16;-442.41446
1976-04-22;-1.3060404;-4.7442117;-0.28519312;748.54913;0.9635908;112.39026;100.0;0.6563235;382.22104;1719.1569;0.6482035;-0.66709703;0.5996376;0.6929189;0.09325892;2.699513;0.25455654;2724.1294;7408.8755;-1441.7866;5677.208;-503.50333;-382.02335
1976-04-23;-1.1630554;-3.13089;-0.15583165;748.1442;0.84451675;73.42774;100.0;0.65834075;384.29135;1713.7045;14.520949;-0.2712235;1.5604049;1.655221;0.09480864;4.013728;8.229632;1423.9033;3890.2222;-744.87054;6406.549;-204.07333;-203.46333
1976-04-24;-1.3296305;-3.8119202;-0.15013885;746.7862;0.99544746;121.34128;100.0;0.66070956;381.65005;1733.0729;1.7860492;-0.47293678;1.4318228;1.5284419;0.09661168;5.6506433;0.8742437;2143.7234;6542.2476;-1298.9948;5823.839;-353.55777;-312.39557
1976-04-25;-0.8534648;-4.2844543;-0.28118643;748.4595;1.1022117;145.2848;100.0;0.65571374;386.7806;1697.7946;0.004306192;-0.61423147;1.2041777;1.303032;0.0988394;4.968703;0.0034496188;2880.1978;7819.8237;-1519.5975;5630.9146;-459.21667;-380.3111
1976-04-26;0.22765096;-3.1556904;-0.24036026;751.8072;1.1705958;90.33788;100.0;0.6478229;392.84604;1651.4893;0.0043064347;-0.42469615;2.72125;2.8596072;0.13835728;9.7909975;0.0004917383;3175.9182;7919.1196;-1565.5688;5640.5156;-308.69278;-275.55
1976-04-27;1.8831583;-4.8743796;-0.21173985;752.1916;1.1680329;90.24863;100.0;0.63598704;398.2806;1599.4059;0.0018268824;-0.49099886;3.914088;4.0187984;0.10469556;12.817721;0.0009611249;3474.6028;8139.566;-1719.35;5500.876;-358.43222;-254.18222
1976-04-28;3.2276306;-2.831726;-0.19052379;749.54565;1.0643173;105.30015;100.0;0.6215952;403.51953;1543.0502;0.00042617318;-0.36832505;5.071178;5.4089575;0.33775717;15.356738;0.0;3514.4382;7860.7417;-1555.6317;5757.1313;-262.55334;-159.91888
1976-04-29;1.8016968;-2.294871;-0.15137482;748.3466;1.0531058;101.18929;100.0;0.6074626;408.264;1490.275;0.34505427;-0.25486574;4.28915;4.4291615;0.14001876;13.267867;8.568168e-05;2663.506;5753.016;-1049.12;6248.2046;-181.79666;-131.21222
1976-04-30;1.2890421;-1.5857035;-0.14242299;749.42474;1.2953967;26.452606;100.0;0.59259903;412.51334;1439.0055;0.73899627;-0.38692728;6.142825;7.1219354;0.9791255;16.551655;0.0025108457;3188.0962;6706.548;-1256.4778;6033.3857;-283.50223;-235.21889
1976-05-01;2.2954204;-2.8962708;-0.17991512;751.3924;1.2641736;30.351753;100.0;0.5750949;417.16537;1381.0629;0.0025678237;-0.46794116;7.3213725;8.298323;0.976935;18.306244;0.0004172325;3812.8906;7855.6685;-1507.4497;5805.242;-340.5111;-242.84889
1976-05-02;3.0072224;-3.5149536;-0.18106715;751.71783;1.1399182;53.948177;100.0;0.5564982;422.26465;1320.2311;0.010382088;-0.44340825;7.712573;8.787036;1.0744557;18.561077;0.0;3939.4055;7987.796;-1646.6139;5665.336;-320.6378;-179.47112
1976-05-03;3.3605754;-2.8500366;-0.16274516;750.9199;1.0861094;87.14591;100.0;0.53718686;427.30307;1259.318;0.10790229;-0.40880498;8.211433;9.391069;1.1796057;19.45131;0.0;3923.021;7856.553;-1623.1731;5712.2583;-293.97223;-152.21333
1976-05-04;3.2631836;-1.0359598;-0.14114761;751.09686;1.2118224;92.42523;100.0;0.5172277;432.00357;1199.3815;0.09313226;-0.38366765;8.025259;8.987247;0.96198916;19.96022;0.0;3805.0828;7549.3457;-1496.973;5877.1235;-276.02777;-156.60556
1976-05-05;3.3145752;0.078063965;-0.10248057;750.48413;1.0710899;134.30275;100.0;0.49778447;436.40952;1142.9037;4.303971;-0.28767717;9.361535;10.550782;1.1892617;19.598621;0.0;3260.466;6419.9883;-952.5564;6445.524;-205.46222;-157.21556
1976-05-06;3.153422;-0.2944641;-0.061439514;747.3023;1.2310481;99.37066;100.0;0.47617617;439.9248;1084.432;8.160144;-0.36278552;13.266295;14.846653;1.5803725;23.439688;0.09333342;3807.172;7454.8013;-1140.203;6304.6743;-259.69;-173.47223
1976-05-07;3.4747925;-3.992218;-0.09119034;749.0025;1.1371328;92.042946;100.0;0.45370683;442.2334;1027.9541;0.005095828;-0.6046211;9.885266;11.502847;1.6176105;23.118917;0.0002644956;4262.456;8334.408;-1876.5616;5443.906;-446.16223;-213.41055
1976-05-08;3.5045674;-2.8258667;-0.20258331;747.4517;1.2057935;145.44331;100.0;0.4333943;446.65396;972.0459;0.3554736;-0.5581267;6.88944;7.5338182;0.64437836;18.737011;0.0;4144.644;8068.7354;-1773.965;5536.2554;-411.81332;-155.46666
1976-05-09;2.8076477;-0.9220581;-0.14328511;747.01685;1.0943145;142.62723;100.0;0.41509393;449.61914;923.9909;4.715073;-0.47211534;8.654758;10.442316;1.7875731;17.359715;0.0;3511.3594;6811.5254;-1110.275;6251.94;-350.33;-194.05888
1976-05-10;2.693156;1.6795858;-0.011273702;747.0577;0.6928764;221.59914;100.0;0.398901;450.0;887.0036;5.0412984;-0.10675192;8.587018;10.495633;1.9086152;17.244112;0.0;2087.5273;4035.9644;-266.0411;7210.9087;-73.751114;-131.47667
1976-05-11;2.023885;-0.5124817;-0.04127248;749.01447;1.046258;186.27673;100.0;0.37878945;450.0;842.7327;1.1305213;-0.62568486;9.172037;11.227727;2.0557046;21.585196;0.0015869737;3640.5862;7030.1113;-1123.5786;6316.4097;-469.17;-279.1122
1976-05-12;2.287852;0.34425864;-0.069416046;748.35077;0.9211928;165.24876;100.0;0.3596631;450.0;800.0488;6.8472147;-0.32882857;10.109097;12.263894;2.1548197;17.561104;0.0012628734;2823.3118;5442.959;-564.6811;6891.751;-242.01334;-216.89223
1976-05-13;2.7228394;0.79971313;-0.039740246;749.5742;0.9715809;226.04633;100.0;0.33691335;449.99902;749.7966;5.703548;-0.35414752;14.1446295;18.927336;4.7826915;25.58775;0.016991049;3566.5845;6866.718;-837.1922;6680.472;-256.46445;-224.86223
1976-05-14;3.1655579;-0.5671794;-0.09652964;749.5374;1.1198574;121.864044;100.0;0.31321064;450.0;697.0622;0.4682262;-0.5127769;9.199515;12.941271;3.7417636;23.143175;0.0008121133;3890.8162;7490.2466;-1182.2892;6268.7915;-377.765;-227.85333
1976-05-15;3.3431194;0.23075359;-0.10134634;748.33154;0.8004885;72.26771;100.0;0.2960013;450.0;658.6507;3.1850874;-0.0989791;6.191701;9.498939;3.307238;14.244064;0.0;2080.8354;4002.1912;-675.5428;6662.9775;-67.435555;-69.657776
1976-05-16;3.9542542;2.2711895;-0.059370678;749.40265;0.9664244;174.21184;100.0;0.27613997;450.0;614.624;0.6783992;-0.20957552;10.207161;14.885187;4.6780257;23.797054;0.0;3355.235;6451.1387;-698.5525;6846.5728;-143.98;-168.60445
1976-05-17;4.9872437;1.3768209;-0.09002304;751.82526;1.0657264;83.23658;100.0;0.25038943;450.0;557.77997;0.06307294;-0.3283527;11.960178;17.353981;5.393803;26.586681;0.0013485551;3773.4138;7249.12;-1099.4597;6383.6123;-232.95555;-202.82222
1976-05-18;7.1297507;1.2972616;-0.18758011;752.0997;1.0360194;111.129944;100.0;0.22419655;450.0;499.5931;0.01746416;-0.3125798;11.659399;17.869516;6.210126;26.815481;0.0;4122.7837;7916.042;-1288.6514;6185.8057;-216.82333;-111.793335
1976-05-19;6.269684;3.6757;-0.1673673;749.30096;1.0115359;138.36131;100.0;0.1993583;450.0;444.21387;10.24577;-0.15415438;15.230626;23.737192;8.506566;23.083792;0.0;3259.865;6254.91;-798.9764;6666.9087;-101.132225;-94.636665
1976-05-20;3.9527893;3.40507;0.008563995;744.89056;0.935762;208.99745;98.994225;0.18267758;450.0;406.45346;22.079885;0.038916245;15.167221;28.997839;13.830632;13.772078;0.0;962.99945;1833.41;280.50418;7740.0894;34.47889;-15.014444
1976-05-21;3.7106426;3.0228984;0.0038846333;745.2122;0.7999842;237.38179;97.16162;0.16572666;450.0;369.01855;9.025633;-0.07851049;12.356967;26.701092;14.344133;19.053411;0.0;2063.2861;3899.8594;-123.280556;7398.5723;-48.45;-127.39778
1976-05-22;3.771515;3.014618;0.0014165243;745.9152;0.9120299;164.98476;95.74308;0.14808929;450.0;329.63052;10.11321;-0.07278286;11.057198;28.091251;17.034084;17.00619;0.0;1737.3011;3247.689;-30.498333;7484.231;-44.29222;-92.32222
1976-05-23;4.0513206;3.1092834;-0.023555756;747.4062;1.0020423;261.09653;94.765785;0.12738343;450.0;284.0983;4.582733;-0.2513565;10.427416;30.144066;19.716642;22.632696;0.0;2927.4229;5456.371;-450.45557;7118.927;-172.02;-214.07556
1976-05-24;3.584798;2.4251301;-0.09964752;748.28394;1.0580465;159.6444;94.192955;0.104009785;450.0;232.13704;9.784749;-0.2715904;14.295191;32.605915;18.31071;23.569874;0.0;3188.6323;5929.97;-718.793;6818.8022;-183.92334;-241.32556
1976-05-25;4.5610557;1.7840576;-0.21673584;749.0253;1.1791006;154.86572;93.55762;0.08068895;449.99283;180.29785;1.5518844;-0.49650854;10.291844;25.16657;14.874756;23.71521;0.0004209578;3688.39;6847.344;-950.0247;6596.8687;-351.46667;-247.21666
1976-05-26;5.277944;0.068990074;-0.20347469;748.22217;1.1779879;160.09413;90.093346;0.05736804;449.9922;128.2959;4.267526;-0.77876914;10.749876;25.47857;14.728695;23.103065;0.0;4130.2427;7556.1177;-1147.6083;6458.334;-558.7167;-226.64
1976-05-27;3.3546855;1.6742249;-0.2309901;745.36475;0.8382688;190.46747;78.63737;0.03778835;449.9922;84.67611;9.401917;-0.52431875;10.82991;24.923145;14.093227;18.349804;0.0;3152.6978;5578.069;-765.1589;6765.9023;-365.50388;-284.50888
1976-05-28;4.953837;1.516215;-0.4902382;748.894;1.0559804;204.09038;49.05664;0.021440387;449.9922;48.380535;1.1851072;-1.4075302;6.482735;18.966496;12.483761;15.160113;0.0;4650.088;7118.029;-1275.4266;6510.9233;-985.1811;-627.1578
1976-05-29;5.4038596;1.6194967;-0.8780734;748.90967;1.098982;149.21773;25.163086;0.011008938;449.9922;24.739584;4.206413;-1.7041359;3.708735;15.173033;11.464283;7.5287743;0.0;4725.452;6503.93;-1552.1522;6275.456;-1185.64;-772.5233
1976-05-30;5.8936157;1.5360922;-0.87218475;749.2339;1.3151516;129.53261;12.34375;0.0053733983;449.9922;12.288411;3.4334013;-2.3550978;2.2513123;13.001397;10.750077;4.341185;0.0;5458.0347;7131.2734;-1814.5911;6184.319;-1637.2877;-1017.6178
1976-05-31;7.200155;-0.8809204;-0.77407837;749.37494;1.2197864;106.25472;5.37028;0.0023231108;449.11035;5.5745444;0.014293194;-3.3486524;0.64343214;10.542467;9.899042;2.2290573;0.00020489097;6345.0996;8051.5713;-2123.2644;6081.6245;-2327.2173;-1065.4967
1976-06-01;8.394979;0.20401001;-0.44858932;749.60986;1.1629385;125.20038;2.1166992;0.00091457367;449.0;2.319336;0.062988386;-3.2196586;0.24287403;9.2712345;9.028376;0.90721995;0.0;6202.818;7765.4956;-2124.4116;6231.979;-2236.7612;-1035.3578
1976-06-02;8.359863;0.64423627;-0.1614914;748.0263;1.5095391;237.60564;0.8078613;0.00034880638;449.0;0.9765625;1.6170144;-3.354352;0.36481023;8.5729065;8.208096;0.34828857;0.0;5946.98;7398.8267;-2093.9521;6280.618;-2330.3367;-1128.0723
1976-06-03;9.29305;2.4136658;-0.46173987;750.2259;1.1127483;156.96675;0.30501303;0.00013116996;449.0;0.28483072;0.018107891;-3.5536532;0.03375113;7.5035095;7.4697733;0.14248118;0.0;6684.7686;8292.441;-2561.6755;5912.9277;-2468.6228;-1092.2211
1976-06-04;11.296448;1.4856974;-0.3380076;750.7241;1.1510168;77.889404;0.10359701;4.4306118e-05;442.93198;-7.345365e-21;0.0013438266;-3.956994;0.010848045;6.8305135;6.8196507;0.053033233;0.0;6690.238;8283.955;-2479.2783;6179.777;-2748.7922;-801.57446
1976-06-05;10.950917;2.6157634;-0.1304601;749.4091;1.3699776;35.768;0.032552082;1.3828278e-05;428.56772;-7.345365e-21;0.5874475;-3.5956447;0.08162856;6.335914;6.254286;0.016596168;0.0;6140.6704;7593.318;-2207.0505;6458.5576;-2497.7734;-930.54333
1976-06-06;10.525177;3.5560505;-0.021840414;747.62555;1.1621917;81.766975;0.010823567;4.6888986e-06;428.08627;-7.345365e-21;1.3779104;-3.2847319;0.2014786;5.9660525;5.764574;0.0051930547;0.0;5684.4756;7021.218;-2055.5583;6623.959;-2281.7932;-891.8111
1976-06-07;9.703552;3.491455;0.010234833;748.0494;1.2924675;80.12305;0.0036621094;1.66893e-06;428.04166;-7.345365e-21;0.3702879;-3.1380932;0.04386902;5.382061;5.338192;0.0017173588;0.0;5387.709;6647.38;-2020.0525;6606.154;-2179.9282;-836.7
1976-06-08;11.248677;1.4118754;0.009788513;750.69855;1.1280884;106.2623;0.0009765625;4.3710074e-07;428.03906;-7.345365e-21;0.008958577;-3.845703;0.0011324883;4.964173;4.9630404;0.0006556511;0.0;6394.013;7880.8076;-2233.149;6494.1235;-2671.4812;-1057.4312
1976-06-09;10.710022;1.416453;0.007944743;749.5634;1.5112543;231.95062;0.0;-7.3453654e-25;428.03906;-7.345365e-21;0.5111002;-3.7028966;0.05507469;4.6860876;4.6309977;0.0001937151;0.0;6347.4316;7815.277;-2222.8267;6472.906;-2572.2788;-1161.0178
1976-06-10;5.8458877;3.680063;0.008896537;745.77386;1.1878252;211.387;0.0;-7.345365e-25;428.03906;-7.345365e-21;13.254065;-1.7453153;1.8536896;6.195694;4.3420196;4.0978193e-05;0.0;2763.3855;3398.541;-961.66583;7088.5557;-1212.4122;-672.5611
1976-06-11;7.5457253;2.2428894;-2.2506473;748.2321;1.1604043;237.00383;0.0;-7.3453654e-25;189.66502;-7.345365e-21;1.426065;-3.399399;0.17662346;4.2614937;4.0848703;2.9802322e-05;0.0;6131.1963;7533.148;-1953.6786;6552.917;-2361.45;-1493.6078
1976-06-12;7.928538;0.4006958;-0.6974055;749.95215;1.35122;149.47685;0.0;-7.3453654e-25;107.59894;-7.345365e-21;1.7430718;-3.1950781;0.20082295;4.0534735;3.8526654;7.4505806e-06;0.0;6100.8423;7487.9824;-2251.036;6153.121;-2219.5144;-1493.5767
1976-06-13;9.272105;-0.3234965;0.009825389;751.8101;1.0723896;111.69819;0.0;-7.3453654e-25;99.99998;-7.345365e-21;0.0021517272;-3.9096904;0.00022351742;3.6426039;3.6423728;0.0;0.0;7028.2275;8617.236;-2702.7231;5833.669;-2715.9312;-1208.4255
1976-06-14;11.976593;-0.5951131;0.009869893;750.69977;1.1209601;124.50164;0.0;-7.3453654e-25;99.99998;-7.345365e-21;0.0021406931;-4.088145;0.00022351742;3.450677;3.4504533;0.0;0.0;7008.1724;8583.78;-2730.2742;5991.8076;-2839.899;-932.8722
1976-06-15;14.176869;-0.249705;0.009984334;749.88116;1.4278574;142.56683;0.0;-7.3453654e-25;99.99998;-7.345365e-21;0.14850497;-3.9880779;0.014737248;3.2904296;3.275685;0.0;0.0;6485.2593;7935.0156;-2313.7083;6560.1543;-2770.3855;-914.4378
1976-06-16;13.509857;-0.56693524;0.009780884;750.1374;1.2623678;234.08455;0.0;-7.3453654e-25;99.99998;-7.345365e-21;0.0;-3.9404387;0.0;3.1159222;3.1159446;0.0;0.0;6956.385;8510.42;-2634.4294;6232.423;-2737.291;-1201.1444
1976-06-17;12.510121;0.3808085;0.0096206665;751.7336;1.1988176;163.76411;0.0;-7.3453654e-25;99.99998;-7.345365e-21;0.0017106523;-3.6725085;0.00014901161;2.9693246;2.969183;0.0;0.0;6644.693;8127.96;-2459.939;6424.9946;-2551.169;-1202.77
1976-06-18;12.560985;1.4305521;0.010031383;750.48926;1.0117337;93.47755;0.0;-7.3453654e-25;99.99998;-7.345365e-21;0.1766175;-3.407658;0.014409423;2.8486848;2.8342679;0.0;0.0;6220.1963;7607.651;-2309.1528;6668.81;-2367.186;-1114.7211
1976-06-19;12.678416;2.2215576;0.009852092;749.3555;1.0786588;78.39501;0.0;-7.3453654e-25;99.99998;-7.345365e-21;0.21907985;-3.4391646;0.017568469;2.727121;2.7095528;0.0;0.0;6552.8354;8013.499;-2523.9111;6518.0005;-2389.0732;-1202.1866
1976-06-20;13.992828;2.1193542;0.009887695;750.8679;1.1705321;99.00091;0.0;-7.3453654e-25;99.99998;-7.345365e-21;0.0099228425;-3.2280738;0.0007003546;2.5945008;2.593793;0.0;0.0;6241.883;7632.2847;-2383.4573;6712.0566;-2242.4355;-1173.9567
1976-06-21;14.436473;0.79814655;0.0102717085;752.00323;1.294478;113.20483;0.0;-7.3453654e-25;99.99998;-7.345365e-21;0.0030875206;-3.338185;0.00023841858;2.48608;2.4858265;0.0;0.0;6745.926;8247.52;-2633.885;6521.559;-2318.9268;-1369.5422
1976-06-22;14.22346;-0.7899068;0.009951274;750.8596;1.3653387;126.138855;0.0;-7.3453654e-25;99.99998;-7.345365e-21;0.30472875;-3.1219964;0.022798777;2.4078786;2.3850873;0.0;0.0;6549.682;8006.676;-2583.754;6576.3633;-2168.7466;-1388.2711
1976-06-23;15.401082;-1.191274;0.009909312;748.9492;1.4553367;129.9609;0.0;-7.3453654e-25;99.99998;-7.345365e-21;2.329588;-2.7513075;0.22572279;2.5174618;2.2917538;0.0;0.0;5557.512;6792.9565;-2146.456;6980.388;-1911.2411;-1145.2711
1976-06-24;13.819682;-1.2721964;0.009937286;750.53296;1.4550018;222.07971;0.0;-7.3453654e-25;99.99998;-7.345365e-21;0.0017217399;-3.1266286;0.00011920929;2.2042394;2.2041202;0.0;0.0;6984.7544;8536.287;-2811.0657;6270.83;-2171.9644;-1721.0455
1976-06-25;14.569835;-1.3548889;0.009999593;753.0213;1.1751239;106.51307;0.0;-7.3453654e-25;99.99998;-7.345365e-21;0.0;-3.1198506;0.0;2.121255;2.1212697;0.0;0.0;7092.9907;8667.44;-3071.2034;6150.5312;-2167.2566;-1412.72
1976-06-26;15.737254;1.95342;0.010363261;753.75854;1.2261258;70.68981;0.0;-7.3453654e-25;99.99998;-7.345365e-21;0.0012874597;-2.9475837;8.195639e-05;2.0432324;2.0431504;0.0;0.0;6988.052;8538.075;-2904.0117;6557.7354;-2047.5878;-1435.6056
1976-06-27;17.203512;3.4641418;0.010197957;751.4392;1.3859268;100.637764;0.0;-7.3453654e-25;99.99998;-7.345365e-21;0.0;-2.6994832;0.0;1.9694269;1.9694269;0.0;0.0;6876.8555;8401.13;-2868.1277;6775.6304;-1875.2411;-1545.3467
1976-06-28;16.607391;2.2486064;0.009989421;750.04663;1.3947974;112.61963;0.0;-7.3453654e-25;99.99998;-7.345365e-21;0.0017166131;-2.4110973;0.00011920929;1.8999577;1.8998533;0.0;0.0;6953.146;8493.226;-3018.496;6619.008;-1674.91;-1803.7456
1976-06-29;15.879466;0.68792725;0.009833018;749.271;1.2641591;148.45491;0.0;-7.3453654e-25;99.99998;-7.345365e-21;0.0;-2.186684;0.0;1.8341243;1.8341094;0.0;0.0;7018.3022;8571.725;-3134.7417;6478.7944;-1519.0155;-1934.9711
1976-06-30;16.237122;-0.5753581;0.010264079;749.1076;1.2082554;146.35106;0.0;-7.3453654e-25;99.99998;-7.345365e-21;0.0;-2.0565038;0.0;1.7719418;1.7719418;0.0;0.0;7056.7534;8617.569;-3266.5178;6360.1045;-1428.5845;-1935.3667
1976-07-01;16.1569;-0.52841187;0.010130565;748.48804;1.1985368;102.063934;0.0;-7.3453654e-25;99.99998;-7.345365e-21;0.0008583069;-1.9606147;5.9604645e-05;1.7130673;1.7129928;0.0;0.0;6923.595;8453.821;-3153.1755;6541.4653;-1361.9734;-1907.4523
1976-07-02;16.082916;-0.18502808;0.009918213;746.69635;1.340346;128.50867;0.0;-7.3453654e-25;99.99998;-7.345365e-21;0.0008601328;-1.8357598;5.9604645e-05;1.6571432;1.6570911;0.0;0.0;6978.3027;8519.54;-3154.7456;6539.6357;-1275.2417;-2112.0732
1976-07-03;15.0295515;-2.2282002;0.010154724;745.07513;1.5577526;142.55013;0.0;-7.3453654e-25;99.99998;-7.345365e-21;0.0;-1.6750051;0.0;1.60411;1.6041249;0.0;0.0;7022.3237;8572.135;-3165.195;6401.888;-1163.57;-2390.2112
1976-07-04;12.734263;-0.2731832;0.010060628;746.4404;1.4569073;104.07111;0.0;-7.3453654e-25;99.99998;-7.345365e-21;0.5453378;-1.5233728;0.033959746;1.5882999;1.5543252;0.0;0.0;6181.7607;7544.8276;-2705.3555;6652.537;-1058.2367;-2187.3533
1976-07-05;13.230937;0.04581706;0.010163625;749.7253;1.2243539;102.48654;0.0;-7.3453654e-25;99.99998;-7.345365e-21;0.005361438;-1.68976;0.00028312206;1.5072525;1.5069544;0.0;0.0;6811.626;8312.801;-3062.5627;6411.0767;-1173.82;-2223.169
1976-07-06;14.944356;-1.6842651;0.009986877;750.92303;1.2400101;96.470375;0.0;-7.3453654e-25;99.99998;-7.345365e-21;0.0012308359;-1.6635097;5.9604645e-05;1.4615059;1.4614314;0.0;0.0;6898.0967;8417.257;-3193.155;6434.219;-1155.5845;-2124.8389
1976-07-07;16.01184;-1.6441549;0.009890239;750.1268;1.3686882;110.81329;0.0;-7.3453654e-25;99.99998;-7.345365e-21;0.00042617318;-1.6147494;2.9802322e-05;1.4179349;1.41792;0.0;0.0;6938.6113;8465.575;-3186.66;6566.291;-1121.7134;-2169.4888
1976-07-08;16.677042;-1.2368978;0.009880066;750.77655;1.092836;90.568;0.0;-7.3453654e-25;99.99998;-7.345365e-21;0.01564622;-1.5123636;0.00071525574;1.3771951;1.376465;0.0;0.0;6567.69;8011.932;-3126.1956;6691.536;-1050.5889;-1938.5712
1976-07-09;18.04191;0.14989217;0.009905498;749.5225;1.1593685;106.24253;0.0;-7.3453654e-25;99.99998;-7.345365e-21;5.9604645e-05;-1.5986711;0.0;1.3367683;1.3367683;0.0;0.0;6897.972;8413.813;-3199.9238;6841.914;-1110.5433;-1989.9656
1976-07-10;18.408813;-2.4810078;0.009833018;747.20166;1.3625485;152.15001;0.0;-7.3453654e-25;99.99998;-7.345365e-21;0.0;-1.5129559;0.0;1.2987554;1.2987628;0.0;0.0;6946.862;8472.362;-3333.737;6656.6636;-1051.0011;-2179.48
1976-07-11;16.331146;-4.4264526;0.010068257;746.14496;1.5958432;226.8785;0.0;-7.3453654e-25;99.99998;-7.345365e-21;0.00044107434;-1.3418989;2.9802322e-05;1.262635;1.2625903;0.0;0.0;7063.083;8613.076;-3384.595;6335.03;-932.17224;-2477.0256
1976-07-12;13.9210005;1.1330465;0.009927114;746.8091;1.404039;197.77228;0.0;-7.3453654e-25;99.99998;-7.345365e-21;0.0017106523;-1.1705458;0.00010430813;1.2282431;1.2281537;0.0;0.0;6715.7505;8188.4976;-3013.463;6556.7656;-813.1389;-2642.4512
1976-07-13;14.849823;0.21849568;0.009796143;748.82056;1.2333108;217.27312;0.0;-7.3453654e-25;99.99998;-7.345365e-21;0.0008562856;-1.2561381;4.4703484e-05;1.1951923;1.1951551;0.0;0.0;6950.6694;8473.804;-3265.9272;6398.0776;-872.5967;-2492.7834
1976-07-14;16.290506;-1.6505432;0.010088603;748.6682;1.2465247;147.42494;0.0;-7.3453654e-25;99.99998;-7.345365e-21;0.00043511385;-1.3332944;2.9802322e-05;1.1633635;1.1633486;0.0;0.0;6979.759;8508.146;-3437.3662;6369.634;-926.19556;-2237.9478
1976-07-15;16.483206;-5.385132;0.00997289;748.315;1.2756685;144.98125;0.0;-7.3453654e-25;99.99998;-7.345365e-21;0.0008628788;-1.2902002;5.9604645e-05;1.1328757;1.132831;0.0;0.0;7120.727;8678.845;-3691.6812;6044.4434;-896.2589;-2221.3367
1976-07-16;16.309662;-6.706289;0.009927114;747.76263;1.2399272;130.26222;0.0;-7.3453654e-25;99.99998;-7.345365e-21;0.0;-1.2550484;0.0;1.10358;1.1035874;0.0;0.0;7150.6455;8713.372;-3701.0383;6016.0776;-871.8411;-2222.66
1976-07-17;16.19693;-4.5972085;0.009947459;747.5801;1.1570029;132.57658;0.0;-7.3453654e-25;99.99998;-7.345365e-21;0.00042617318;-1.2327563;2.9802322e-05;1.0754764;1.0754466;0.0;0.0;7017.8433;8549.567;-3454.9568;6342.483;-856.35443;-2300.838
1976-07-18;15.690623;-2.4843547;0.009967804;747.1191;1.284274;129.2364;0.0;-7.3453654e-25;99.99998;-7.345365e-21;0.0034086525;-1.1092947;0.00016391277;1.0486543;1.0484829;0.0;0.0;6513.668;7933.445;-3166.43;6572.67;-770.59;-2293.7756
1976-07-19;14.71046;-2.184428;0.01001358;745.26154;1.4534937;148.59315;0.0;-7.3453654e-25;99.99998;-7.345365e-21;0.00043511385;-1.0843556;2.9802322e-05;1.0226518;1.0226369;0.0;0.0;6896.3867;8397.885;-3248.0337;6413.34;-753.26556;-2606.5923
1976-07-20;12.496684;-4.4845786;0.00974528;744.46625;1.6436943;142.20468;0.0;-7.3453654e-25;99.99998;-7.345365e-21;0.0023363628;-0.91519856;0.00013411045;0.9980649;0.99794567;0.0;0.0;6520.001;7937.642;-3068.6802;6276.588;-635.75836;-2775.3533
1976-07-21;12.35204;-2.024709;0.010026296;748.344;1.0039469;84.99715;0.0;-7.3453654e-25;99.99998;-7.345365e-21;0.00043511385;-0.9535905;2.9802322e-05;0.9742975;0.9742826;0.0;0.0;6107.286;7433.4067;-2903.8306;6567.424;-662.4278;-2257.2966
1976-07-22;15.181488;0.28829956;0.010044098;750.02374;1.0850335;90.40945;0.0;-7.3453654e-25;99.99998;-7.345365e-21;0.0004351138;-1.1023813;2.2351742e-05;0.95129013;0.9512678;0.0;0.0;6755.3545;8220.671;-3164.1309;6656.5063;-765.7867;-2323.5344
1976-07-23;16.729156;-0.7200012;0.009928386;749.58466;1.2327328;107.233376;0.0;-7.3453654e-25;99.99998;-7.345365e-21;0.006337157;-1.099173;0.00031292439;0.9292364;0.9289086;0.0;0.0;6638.2124;8076.2974;-3226.7344;6717.339;-763.5578;-2206.2778
1976-07-24;16.979013;-2.9973247;0.009763082;746.8681;1.5025693;113.960045;0.0;-7.3453654e-25;99.99998;-7.345365e-21;0.0;-1.0860096;0.0;0.9073764;0.9073764;0.0;0.0;6866.896;8352.643;-3382.3865;6520.601;-754.4144;-2399.4111
1976-07-25;17.094086;-3.6305847;0.009627025;747.0532;1.3055617;121.35157;0.0;-7.3453654e-25;99.99998;-7.345365e-21;0.001275539;-1.064578;5.9604645e-05;0.8866489;0.8865893;0.0;0.0;6884.531;8372.24;-3450.1814;6436.3467;-739.5267;-2377.0479
1976-07-26;17.498423;-3.385152;0.009619395;748.6314;1.3447138;223.56927;0.0;-7.3453654e-25;99.99998;-7.345365e-21;0.0;-1.0300819;0.0;0.86659193;0.8665994;0.0;0.0;6908.2896;8399.309;-3484.1782;6399.7354;-715.56335;-2366.3188
1976-07-27;18.411346;-4.009725;0.009694417;748.9897;1.2487144;159.7455;0.0;-7.3453654e-25;99.99998;-7.345365e-21;0.00042617318;-1.0555629;2.2351742e-05;0.8473247;0.8473098;0.0;0.0;6945.496;8442.655;-3653.176;6337.616;-733.2633;-2139.0166
1976-07-28;19.234262;-3.8026123;0.010148366;748.0219;1.2431213;89.00745;0.0;-7.3453654e-25;99.99998;-7.345365e-21;0.0021524038;-1.0889825;0.00011175871;0.8286983;0.82859397;0.0;0.0;6819.709;8287.855;-3477.1006;6681.702;-756.48;-2092.9211
1976-07-29;19.655396;0.88254803;0.010105133;747.9914;1.2335197;109.98956;0.0;-7.3453654e-25;99.99998;-7.345365e-21;0.0012904402;-1.0613017;7.4505806e-05;0.81050396;0.81042945;0.0;0.0;6734.583;8182.592;-3396.995;6838.1855;-737.25;-2188.3423
1976-07-30;20.178436;-3.591756;0.009638469;748.7907;1.2099088;144.56435;0.0;-7.3453654e-25;99.99998;-7.345365e-21;0.0;-1.049297;0.0;0.7929057;0.7929057;0.0;0.0;6839.9365;8308.758;-3596.9272;6631.615;-728.91223;-2068.2112
1976-07-31;20.86962;-1.041799;0.009952545;749.27246;1.2288241;134.97987;0.0;-7.3453654e-25;99.99998;-7.345365e-21;0.0021517272;-1.0384991;0.00011920929;0.7761121;0.7760078;0.0;0.0;6765.863;8216.965;-3507.9878;6831.8384;-721.41;-2076.2822
1976-08-01;21.098795;0.07476807;0.01015981;748.9331;1.2907178;103.28324;0.0;-7.3453654e-25;99.99998;-7.345365e-21;0.0021517272;-1.0366589;0.00011920929;0.7596761;0.75957924;0.0;0.0;6675.2256;8105.0566;-3379.797;7015.323;-720.1322;-2117.199
1976-08-02;20.553976;0.6916199;0.00987498;748.7188;1.4325444;96.26977;0.0;-7.3453654e-25;99.99998;-7.345365e-21;0.0017346501;-1.014743;8.940697e-05;0.74374676;0.7436499;0.0;0.0;6699.2896;8132.452;-3395.8677;6983.4277;-704.9078;-2167.5466
1976-08-03;21.574057;4.534536;0.010152181;750.5393;1.4797465;89.74386;0.0;-7.3453654e-25;99.99998;-7.345365e-21;0.00010430813;-0.96468997;0.0;0.72823465;0.72823465;0.0;0.0;6449.0645;7826.957;-3147.9067;7297.1167;-670.13776;-2164.56
1976-08-04;21.630798;1.5450338;0.009955089;751.73584;1.3927673;138.5476;0.0;-7.3453654e-25;99.99998;-7.345365e-21;0.0;-0.9531528;0.0;0.7133484;0.7133186;0.0;0.0;6333.0244;7684.3677;-3175.8682;7294.4756;-662.12335;-2110.578
1976-08-05;21.458384;1.2139689;0.009944916;752.06134;1.3151592;93.74139;0.0;-7.3453654e-25;99.99998;-7.345365e-21;0.55518746;-1.0560575;0.028282404;0.7272959;0.6990135;0.0;0.0;6152.2427;7463.3438;-3066.0317;7333.0874;-733.6078;-2000.6244
1976-08-06;21.362152;1.5179037;0.0097846985;751.6055;1.390272;89.68731;0.0;-7.3453654e-25;99.99998;-7.345365e-21;0.010553002;-1.0942147;0.00040233135;0.6855875;0.6851852;0.0;0.0;5985.7993;7259.7666;-2972.236;7417.1016;-760.11444;-1865.669
1976-08-07;21.727844;1.4715983;0.01000468;750.5842;1.413937;152.22282;0.0;-7.3453654e-25;99.99998;-7.345365e-21;0.0;-0.9768419;0.0;0.67169964;0.67169964;0.0;0.0;6205.293;7524.275;-3065.6067;7419.448;-678.58;-2074.8289
1976-08-08;21.364645;-1.9318644;0.009885152;751.8887;1.3421141;132.54153;0.0;-7.3453654e-25;99.99998;-7.345365e-21;0.0008523463;-0.93353915;4.4703484e-05;0.6586313;0.6585866;0.0;0.0;6511.31;7893.641;-3344.2695;7076.168;-648.4978;-2212.9033
1976-08-09;20.04836;-8.542877;0.009724935;751.5796;1.3019384;169.6584;0.0;-7.3453654e-25;99.99998;-7.345365e-21;0.0008583224;-0.8829329;5.9604645e-05;0.64590573;0.645861;0.0;0.0;6712.915;8136.2812;-3736.8853;6421.414;-613.3433;-2214.689
1976-08-10;17.968811;-7.7626853;0.009895325;750.7981;1.3025213;152.52188;0.0;-7.3453654e-25;99.99998;-7.345365e-21;0.00043511385;-0.8237325;2.9802322e-05;0.6335676;0.6335527;0.0;0.0;6714.6484;8136.6284;-3691.7212;6227.2363;-572.2189;-2344.041
1976-08-11;16.629883;-4.616587;0.0102005005;750.1604;1.2475034;113.92156;0.0;-7.3453654e-25;99.99998;-7.345365e-21;0.0008583069;-0.8030646;4.4703484e-05;0.62160194;0.62155724;0.0;0.0;6467.9883;7835.761;-3383.1477;6471.2295;-557.8611;-2353.0544
1976-08-12;16.482574;-2.0099792;0.00990804;749.81085;1.3202201;107.028404;0.0;-7.3453654e-25;99.99998;-7.345365e-21;0.0047270632;-0.78484786;0.0001937151;0.61008334;0.6099045;0.0;0.0;6407.985;7761.4556;-3274.8855;6600.57;-545.20776;-2356.0667
1976-08-13;17.61091;1.710795;0.0098559065;749.6132;1.2746736;92.88141;0.0;-7.3453654e-25;99.99998;-7.345365e-21;0.006858603;-0.78363997;0.0002682209;0.59884787;0.59857965;0.0;0.0;6173.681;7476.041;-3088.2583;6932.8228;-544.3689;-2217.8066
1976-08-14;19.223389;2.4101155;0.010154724;750.76434;1.4383475;96.944405;0.0;-7.3453654e-25;99.99998;-7.345365e-21;0.005289912;-0.72187555;0.00020861626;0.5878508;0.58764964;0.0;0.0;5614.8867;6797.8936;-2746.7036;7341.8135;-501.46335;-2021.6544
1976-08-15;19.506723;0.15735881;0.009716034;751.64545;1.3777102;107.899376;0.0;-7.3453654e-25;99.99998;-7.345365e-21;0.0056587397;-0.7359516;0.00020861626;0.5773008;0.57707727;0.0;0.0;5689.5483;6886.6377;-2886.2925;7241.5854;-511.24112;-2021.7411
1976-08-16;19.025553;-2.5780334;0.00963974;751.4078;1.3845209;107.56303;0.0;-7.3453654e-25;99.99998;-7.345365e-21;0.0022768972;-0.7804669;0.00011920929;0.56687;0.56675076;0.0;0.0;6277.1377;7597.015;-3276.4976;6826.6343;-542.1644;-2256.1768
1976-08-17;18.84072;-2.0825603;0.009749095;751.2991;1.4499794;96.83328;0.0;-7.3453654e-25;99.99998;-7.345365e-21;0.010136028;-0.73540306;0.00040233135;0.5570948;0.5567074;0.0;0.0;5903.4087;7143.758;-3113.3071;6905.865;-510.86;-2030.9678
1976-08-18;18.624084;-1.6482443;0.009887695;750.61664;1.4590405;124.60538;0.0;-7.3453654e-25;99.99998;-7.345365e-21;0.0008523463;-0.74041355;4.4703484e-05;0.5469769;0.5469322;0.0;0.0;6113.644;7397.362;-3149.912;6868.0845;-514.3411;-2218.3345
1976-08-19;18.03717;-3.9488728;0.009906769;749.52985;1.3620248;131.54437;0.0;-7.3453654e-25;99.99998;-7.345365e-21;0.0012953497;-0.7355185;7.4505806e-05;0.5374849;0.5374104;0.0;0.0;6241.403;7551.016;-3397.5547;6522.174;-510.94;-2218.6877
1976-08-20;17.146902;-6.9640403;0.009933472;749.21844;1.3105072;146.63939;0.0;-7.3453654e-25;99.99998;-7.345365e-21;0.00257194;-0.71941966;0.00012665987;0.52829087;0.52817166;0.0;0.0;6451.3477;7804.192;-3574.8208;6205.533;-499.75665;-2229.7043
1976-08-21;16.33193;-4.0025535;0.009989421;749.9011;1.3670316;162.41382;0.0;-7.3453654e-25;99.99998;-7.345365e-21;0.0012905285;-0.68021286;6.7055225e-05;0.51926076;0.51920116;0.0;0.0;6322.833;7647.838;-3382.6345;6322.5312;-472.52057;-2332.0732
1976-08-22;15.635081;-2.09375;0.009852092;750.1951;1.2048984;217.72575;0.0;-7.3453654e-25;99.99998;-7.345365e-21;0.0017166131;-0.6618546;8.940697e-05;0.5105585;0.510484;0.0;0.0;6294.1094;7612.1787;-3383.7698;6262.56;-459.7689;-2336.459
1976-08-23;16.013296;-4.5092063;0.009897868;750.3884;1.1286482;130.04524;0.0;-7.3453654e-25;99.99998;-7.345365e-21;0.0;-0.6811675;0.0;0.5019903;0.5019754;0.0;0.0;6339.067;7665.6074;-3641.101;5992.221;-473.18555;-2128.9111
1976-08-24;17.099466;-9.771235;0.010128021;750.9267;1.4016978;83.80028;0.0;-7.3453654e-25;99.99998;-7.345365e-21;0.00042617318;-0.70652926;1.4901161e-05;0.49372017;0.49369037;0.0;0.0;6350.13;7678.025;-3731.7595;5969.1245;-490.80222;-1881.0178
1976-08-25;18.821798;-5.5698547;0.010082245;751.1174;1.4688193;93.99817;0.0;-7.3453654e-25;99.99998;-7.345365e-21;0.00079274166;-0.6827498;2.9802322e-05;0.48565865;0.48562884;0.0;0.0;5745.367;6945.9453;-3022.567;6942.823;-474.28333;-1830.9978
1976-08-26;19.025015;-4.7659097;0.009863536;751.5642;1.3572227;73.11387;0.0;-7.3453654e-25;99.99998;-7.345365e-21;0.0017106523;-0.6988952;8.940697e-05;0.47785044;0.47777593;0.0;0.0;5839.5205;7059.041;-3191.4905;6862.6436;-485.49832;-1870.9423
1976-08-27;18.367655;-5.7518616;0.009878795;751.8799;1.4191297;150.91397;0.0;-7.3453654e-25;99.99998;-7.345365e-21;0.0025868411;-0.674108;0.00011920929;0.47020614;0.47008693;0.0;0.0;5937.7173;7176.8037;-3249.3064;6672.7793;-468.2811;-2002.75
1976-08-28;18.096548;-3.9567566;0.009871165;751.7607;1.442533;169.0958;0.0;-7.3453654e-25;99.99998;-7.345365e-21;0.0017136326;-0.66128373;8.195639e-05;0.46268106;0.46260655;0.0;0.0;5998.458;7249.3022;-3269.8567;6622.612;-459.37222;-2083.0488
1976-08-29;16.892477;-4.7284446;0.009928386;749.8807;1.4155322;147.26889;0.0;-7.3453654e-25;99.99998;-7.345365e-21;0.0021517272;-0.6219167;0.00011920929;0.4554391;0.45531988;0.0;0.0;5988.3594;7236.2256;-3290.9497;6420.218;-432.02444;-2198.6145
1976-08-30;14.791423;-3.3672893;0.01003774;747.4495;1.3872076;144.28381;0.0;-7.3453654e-25;99.99998;-7.345365e-21;0.00085532654;-0.5739406;4.4703484e-05;0.44830143;0.44825673;0.0;0.0;5998.2065;7247.342;-3258.6614;6217.3184;-398.69666;-2307.0789
1976-08-31;13.047546;-3.7605488;0.00999705;747.63336;1.3481946;156.24919;0.0;-7.3453654e-25;99.99998;-7.345365e-21;0.001278152;-0.5465746;5.9604645e-05;0.4414618;0.4414022;0.0;0.0;5909.117;7138.8276;-3203.9119;6113.2114;-379.68777;-2378.1792
1976-09-01;12.9696045;-5.829519;0.009923299;749.7126;1.3154031;157.69814;0.0;-7.3453654e-25;99.99998;-7.345365e-21;0.0008523463;-0.5552787;2.9802322e-05;0.43475628;0.43471158;0.0;0.0;5909.343;7138.2485;-3276.903;5995.7266;-385.73334;-2230.0107
1976-09-02;13.952576;-6.7200723;0.009848277;750.10034;1.165056;128.67953;0.0;-7.3453654e-25;99.99998;-7.345365e-21;0.00085234636;-0.5865153;4.4703484e-05;0.42816997;0.42814016;0.0;0.0;5891.4727;7115.7983;-3307.9434;6079.1255;-407.43222;-1997.9244
1976-09-03;15.903453;-6.1920776;0.009819031;750.3557;1.3041662;108.004974;0.0;-7.3453654e-25;99.99998;-7.345365e-21;0.0017095199;-0.60773456;8.940697e-05;0.42179227;0.42171776;0.0;0.0;5830.004;7040.6895;-3320.403;6258.2837;-422.17334;-1856.64
1976-09-04;16.18044;-7.1701865;0.009848277;750.47186;1.3313084;149.19148;0.0;-7.3453654e-25;99.99998;-7.345365e-21;0.0;-0.59340525;0.0;0.41544437;0.41544437;0.0;0.0;5822.013;7030.2007;-3311.5823;6272.05;-412.21832;-1884.1744
1976-09-05;16.65209;-4.2504883;0.01028188;751.3841;1.1937965;144.62445;0.0;-7.3453654e-25;99.99998;-7.345365e-21;0.0012934033;-0.6058002;5.9604645e-05;0.4093647;0.4093051;0.0;0.0;5670.6987;6846.6533;-3199.9468;6485.202;-420.8289;-1834.0511
1976-09-06;17.107931;-7.115377;0.010365804;752.15704;1.2925954;149.88733;0.0;-7.3453654e-25;99.99998;-7.345365e-21;0.0008583069;-0.5980674;4.4703484e-05;0.40335953;0.40331483;0.0;0.0;5759.6963;6953.2856;-3376.7317;6284.9976;-415.45776;-1753.57
1976-09-07;16.449087;-8.443115;0.010260264;750.88696;1.311293;158.71126;0.0;-7.3453654e-25;99.99998;-7.345365e-21;0.0017115927;-0.57049096;8.940697e-05;0.39754808;0.39747357;0.0;0.0;5721.2607;6906.0537;-3371.695;6180.2256;-396.30222;-1864.4589
1976-09-08;15.167938;-6.3014426;0.010018666;750.1622;1.2436142;192.59749;0.0;-7.3453654e-25;99.99998;-7.345365e-21;0.0012814989;-0.5441671;5.9604645e-05;0.39184093;0.39178133;0.0;0.0;5660.2266;6831.588;-3287.2358;6140.5166;-378.01556;-1922.3066
1976-09-09;13.990234;0.15078735;0.010402679;751.3548;1.1691093;216.01985;0.0;-7.3453654e-25;99.99998;-7.345365e-21;0.0008583069;-0.45845842;4.4703484e-05;0.3863126;0.3862679;0.0;0.0;4873.366;5881.2637;-2607.0166;6738.658;-318.47665;-1828.9222
1976-09-10;13.928528;0.73912555;0.009980519;754.05084;1.1712723;129.79549;0.0;-7.3453654e-25;99.99998;-7.345365e-21;0.0017246248;-0.49206054;8.940697e-05;0.380978;0.38088858;0.0;0.0;5025.132;6063.4604;-2698.405;6701.858;-341.81888;-1910.185
1976-09-11;14.958394;-3.909078;0.0102170305;755.2898;1.1724948;108.16331;0.0;-7.3453654e-25;99.99998;-7.345365e-21;0.0;-0.551112;0.0;0.37558377;0.37558377;0.0;0.0;5430.951;6552.4507;-3134.274;6343.05;-382.8389;-1758.4944
1976-09-12;14.667969;-0.7890828;0.00968043;754.895;1.1615194;74.52179;0.0;-7.3453654e-25;99.99998;-7.345365e-21;0.0;-0.49938822;0.0;0.37039816;0.37039816;0.0;0.0;4927.931;5944.7217;-2769.801;6708.987;-346.90887;-1620.0422
1976-09-13;13.599446;3.1061707;0.010019938;752.90137;1.2505093;87.23798;0.0;-7.3453654e-25;99.99998;-7.345365e-21;0.091738954;-0.445148;0.003874302;0.36931038;0.36542118;0.0;0.0;4170.2305;5030.09;-2231.2756;7111.797;-309.23;-1588.0834
1976-09-14;12.440349;1.5092672;0.010059357;750.3445;0.9903433;94.536835;0.0;-7.3453654e-25;99.99998;-7.345365e-21;0.19958615;-0.4556179;0.009253621;0.36986172;0.3605932;0.0;0.0;3995.5889;4818.9224;-2181.678;7079.4277;-316.50223;-1491.3789
1976-09-15;11.279704;-0.442454;0.009831746;750.3532;1.1784307;131.25917;0.0;-7.3453654e-25;99.99998;-7.345365e-21;0.9269595;-0.60220623;0.0500381;0.40596724;0.35591424;0.0;0.0;4377.845;5279.203;-2338.0898;6674.237;-418.3322;-1791.5814
1976-09-16;11.898621;-1.6846924;0.009927114;751.17474;1.2703055;127.05135;0.0;-7.3453654e-25;99.99998;-7.345365e-21;0.19635856;-0.7468723;0.009164214;0.3604889;0.35130978;0.0;0.0;4772.1787;5749.9956;-2573.3645;6420.074;-518.82776;-1693.6302
1976-09-17;10.860565;-3.2815144;0.0096588135;750.13257;1.1669828;166.1717;0.0;-7.3453654e-25;99.99998;-7.345365e-21;0.50863224;-0.69830287;0.024974346;0.37178397;0.34679472;0.0;0.0;4562.4478;5492.3706;-2567.99;6279.8545;-485.08777;-1623.6855
1976-09-18;11.580342;-3.8572896;0.009835561;749.7005;1.1964606;147.03001;0.0;-7.3453654e-25;99.99998;-7.345365e-21;0.03680885;-0.6823745;0.0016018748;0.3439933;0.34238398;0.0;0.0;4542.5864;5463.737;-2522.2803;6402.6;-474.02222;-1513.25
1976-09-19;10.697408;-2.9032288;0.010238647;749.7715;1.4885238;185.27016;0.0;-7.3453654e-25;99.99998;-7.345365e-21;0.025352951;-0.54472125;0.0012516975;0.33932924;0.33806264;0.0;0.0;4541.1436;5457.237;-2408.7903;6440.624;-378.4;-1736.1511
1976-09-20;9.165039;-0.7832845;0.010169983;750.31055;1.6060091;214.45045;0.0;-7.3453654e-25;99.99998;-7.345365e-21;1.0626316;-0.86131877;0.052943826;0.38684905;0.33390522;0.0;0.0;4537.0913;5447.6294;-2418.6575;6236.1274;-598.3289;-1775.9323
1976-09-21;8.697804;-2.4166362;0.009936015;753.01855;1.2765006;203.49103;0.0;-7.3453654e-25;99.99998;-7.345365e-21;0.0008625472;-0.6250171;4.4703484e-05;0.3298223;0.3297776;0.0;0.0;5059.415;6069.4995;-2686.893;5948.4756;-434.17776;-1910.9867
1976-09-22;7.9503884;-0.93865967;0.010187785;752.0667;1.3159193;212.11214;0.0;-7.3453654e-25;99.99998;-7.345365e-21;0.09171203;-0.42843446;0.0042170286;0.33003092;0.3258139;0.0;0.0;3544.0771;4248.086;-1968.3317;6570.7637;-297.6189;-1528.47
1976-09-23;7.683492;-2.3881123;0.01003774;750.22394;1.3049662;227.25703;0.0;-7.3453654e-25;99.99998;-7.345365e-21;0.0010370954;-0.47231466;4.4703484e-05;0.32196194;0.32191724;0.0;0.0;4794.8354;5742.2;-2560.217;5965.6187;-328.1011;-1946.2633
1976-09-24;7.415985;0.5186157;0.009974162;749.9659;1.266014;244.11633;0.0;-7.3453654e-25;99.99998;-7.345365e-21;1.3338417;-0.61734486;0.06437302;0.3825128;0.3181398;0.0;0.0;3910.4934;4679.1323;-1978.8364;6470.6;-428.84888;-1623.1578
1976-09-25;7.6131797;-1.5826721;0.010108948;751.31464;1.3406358;215.80681;0.0;-7.3453654e-25;99.99998;-7.345365e-21;0.5482733;-0.7593483;0.025942922;0.34038723;0.3144443;0.0;0.0;4572.56;5466.5127;-2404.5156;6122.4565;-527.4939;-1682.211
1976-09-26;8.055664;1.7468973;0.009892781;751.4055;1.1253539;214.71387;0.0;-7.3453654e-25;99.99998;-7.345365e-21;7.2963862;-0.89529157;0.45681;0.7676184;0.31080842;0.0;0.0;3860.1091;4610.839;-1963.9703;6469.1226;-621.9289;-1348.4889
1976-09-27;7.430969;-1.0274048;0.009895325;751.30634;1.2632344;211.21858;0.0;-7.3453654e-25;99.99998;-7.345365e-21;0.05248785;-1.5251348;0.0026226044;0.30991435;0.30729175;0.0;0.0;4477.356;5343.317;-2391.112;5894.4746;-1059.46;-1342.8889
1976-09-28;7.866333;-4.341349;0.009941101;753.3444;0.98307186;150.28394;0.0;-7.3453654e-25;99.99998;-7.345365e-21;0.0012872779;-1.4239186;5.9604645e-05;0.30380487;0.30374527;0.0;0.0;4899.7476;5842.3535;-2776.2405;5513.011;-989.14886;-1228.539
1976-09-29;8.337077;-6.828298;0.009901683;753.5462;1.0595003;102.735756;0.0;-7.3453654e-25;99.99998;-7.345365e-21;0.0030010925;-1.3203435;0.00013411045;0.3003776;0.30022115;0.0;0.0;4863.9565;5794.683;-2845.7483;5482.7534;-917.19775;-1182.0922
1976-09-30;8.9416;-7.234487;0.010014852;752.9834;1.1437238;184.32576;0.0;-7.3453654e-25;99.99998;-7.345365e-21;0.0004351138;-1.2128595;1.4901161e-05;0.29678643;0.29675663;0.0;0.0;4875.669;5803.6416;-2799.9514;5567.7485;-842.5322;-1195.8044
1976-10-01;9.490784;-4.55895;0.010464986;752.597;0.97968036;145.2191;0.0;-7.3453654e-25;99.99998;-7.345365e-21;0.00086210825;-1.1067353;4.4703484e-05;0.29338896;0.29335916;0.0;0.0;4608.407;5480.777;-2559.1558;5987.2256;-768.8122;-1211.0922
1976-10-02;9.268951;-6.5303955;0.009929657;752.87946;1.1901335;175.4627;0.0;-7.3453654e-25;99.99998;-7.345365e-21;0.0008523463;-0.9910753;2.9802322e-05;0.2900362;0.2900064;0.0;0.0;4675.2095;5555.4243;-2707.6365;5800.392;-688.4672;-1303.5155
1976-10-03;8.469096;-6.9043374;0.010120392;751.30096;1.343279;207.8333;0.0;-7.3453654e-25;99.99998;-7.345365e-21;0.0004351138;-0.79066956;2.2351742e-05;0.28675795;0.28674304;0.0;0.0;4536.3022;5385.7334;-2557.069;5871.128;-549.2511;-1439.27
1976-10-04;8.093526;-3.728424;0.010252635;752.46484;1.1950713;143.82332;0.0;-7.3453654e-25;99.99998;-7.345365e-21;0.06994456;-0.61853415;0.0028461218;0.28641522;0.2835691;0.0;0.0;3953.379;4689.6323;-2251.7822;6147.782;-429.67557;-1310.0122
1976-10-05;8.771199;-3.6114604;0.010075887;754.9431;1.0961291;158.14664;0.0;-7.3453654e-25;99.99998;-7.345365e-21;0.0004351138;-0.62042475;1.4901161e-05;0.28046966;0.28043985;0.0;0.0;4572.7476;5419.621;-2674.9988;5821.195;-430.9878;-1453.2123
1976-10-06;9.831676;-7.4887185;0.009844462;755.7869;1.108998;153.52824;0.0;-7.3453654e-25;99.99998;-7.345365e-21;0.0012844794;-0.59920365;5.9604645e-05;0.27741492;0.2773553;0.0;0.0;4592.867;5438.8433;-2861.487;5678.0645;-416.24722;-1262.7855
1976-10-07;9.361267;-8.244171;0.009986877;753.3164;1.1650859;115.004906;0.0;-7.3453654e-25;99.99998;-7.345365e-21;0.00044752154;-0.5455101;2.9802322e-05;0.27433038;0.27430058;0.0;0.0;4557.3037;5392.1177;-2834.284;5740.684;-378.94778;-1259.1611
1976-10-08;8.564891;-6.691101;0.009974162;751.11127;1.1416649;92.76284;0.0;-7.3453654e-25;99.99998;-7.345365e-21;0.0025808804;-0.4307246;0.00011920929;0.27143955;0.27132034;0.0;0.0;3963.3132;4685.23;-2461.5388;6045.4546;-299.21;-1225.1089
1976-10-09;8.053223;-6.4093223;0.010197957;750.44995;1.2084625;110.81891;0.0;-7.3453654e-25;99.99998;-7.345365e-21;0.0004351138;-0.4230002;1.4901161e-05;0.26841462;0.26839972;0.0;0.0;4374.9214;5167.439;-2653.7217;5823.8354;-293.84445;-1427.8844
1976-10-10;8.371968;-6.181671;0.010056813;750.82245;1.1019026;180.50859;0.0;-7.3453654e-25;99.99998;-7.345365e-21;0.0034430933;-0.39570126;0.00016391277;0.2656877;0.2655238;0.0;0.0;4212.972;4971.9355;-2562.2861;5924.473;-274.88;-1368.2123
1976-10-11;8.657451;-5.717163;0.010017395;751.5557;0.99879605;228.2382;0.0;-7.3453654e-25;99.99998;-7.345365e-21;0.25435686;-0.41105038;0.0121593475;0.27486682;0.26272237;0.0;0.0;4066.0261;4794.414;-2538.571;5918.914;-285.54333;-1250.2389
1976-10-12;8.522766;-5.982798;0.010116577;752.4416;0.97055703;256.6781;0.0;-7.3453654e-25;99.99998;-7.345365e-21;0.001552701;-0.41154492;7.4505806e-05;0.2600476;0.2599731;0.0;0.0;4167.6934;4910.1255;-2525.505;5932.431;-285.88666;-1346.5289
1976-10-13;6.000509;-1.3252157;0.010075887;752.7566;0.91717976;259.8078;0.0;-7.3453654e-25;99.99998;-7.345365e-21;4.576564;-0.49664173;0.26616454;0.5235076;0.25734305;0.0;0.0;3244.2388;3819.1062;-1842.6855;6342.6;-345.00055;-1145.7544
1976-10-14;4.13798;2.400777;0.00970459;752.1324;0.88942283;186.35808;0.0;-7.3453654e-25;99.99998;-7.345365e-21;4.4745207;-0.86367875;0.24721026;0.50213933;0.25491416;0.0;0.0;1753.5605;2062.6838;-1213.6239;6560.681;-599.97;-428.5
1976-10-15;5.6880393;3.4019368;0.010303497;750.12177;1.0100192;158.84413;0.0;-7.3453654e-25;99.99998;-7.345365e-21;5.72789;-1.2085252;0.3484413;0.60100853;0.25256723;0.0;0.0;2572.6472;3023.3389;-939.54834;7176.718;-839.5233;-719.14777
1976-10-16;4.735891;4.4514976;0.010077159;748.3079;0.9696309;224.47887;0.0;-7.3453654e-25;99.99998;-7.345365e-21;21.894888;-0.7136492;1.7441064;1.9943714;0.2502799;0.0;0.0;575.85333;676.7539;-86.58305;7859.5356;-495.74777;-312.5478
1976-10-17;5.450277;2.819682;0.010195415;748.53516;1.0326128;181.94667;0.0;-7.3453654e-25;99.99998;-7.345365e-21;0.31312704;-1.4355649;0.02065301;0.26863813;0.24797767;0.0;0.0;3000.8733;3524.2366;-1183.6666;7006.738;-997.2389;-834.69666
1976-10-18;6.2825828;2.4383037;0.010059357;748.6629;0.9647422;233.63106;0.0;-7.3453654e-25;99.99998;-7.345365e-21;0.07130802;-1.6192217;0.0045746565;0.2501905;0.24563074;0.0;0.0;3594.6272;4220.1934;-1634.1984;6640.421;-1124.8188;-862.33887
1976-10-19;5.6286926;1.598765;0.010119121;748.2073;0.80665284;119.43805;0.0;-7.3453654e-25;99.99998;-7.345365e-21;0.01989603;-1.2441016;0.0012889504;0.24460256;0.24332106;0.0;0.0;2995.5754;3515.62;-1617.5089;6509.3555;-864.2367;-766.30554
1976-10-20;5.4270935;2.6777954;0.009899139;748.5379;0.8857513;154.38863;0.0;-7.3453654e-25;99.99998;-7.345365e-21;8.983949;-1.2520039;0.77313185;1.0142177;0.24108589;0.0;0.0;2969.22;3483.8289;-1304.586;6759.249;-869.7256;-778.8322
1976-10-21;3.9594014;2.9171143;0.009873708;749.99005;0.83098954;197.87285;0.0;-7.3453654e-25;99.99998;-7.345365e-21;13.235241;-1.1351528;1.3017952;1.5407652;0.23896992;0.0;0.0;1630.2395;1912.3578;-562.04224;7366.1445;-788.55225;-564.9511
1976-10-22;4.675995;0.6381734;0.0099105835;751.4649;0.71533775;162.99977;0.0;-7.3453654e-25;99.99998;-7.345365e-21;0.012564659;-1.5367157;0.0010281801;0.23788214;0.23685396;0.0;0.0;3185.6416;3735.2566;-1703.3134;6267.2207;-1067.5056;-762.84
1976-10-23;5.275869;0.82855225;0.010152181;751.1011;0.9296774;87.46673;0.0;-7.3453654e-25;99.99998;-7.345365e-21;0.0;-1.4851755;0.0;0.23472309;0.23472309;0.0;0.0;3803.8088;4458.7534;-2323.5342;5566.7935;-1031.7017;-643.6567
1976-10-24;4.3415427;0.5585327;-0.2864634;750.32574;1.1003578;161.46696;0.0014648438;-7.3453654e-25;108.3714;-7.345365e-21;6.593062;-1.4283694;0.6842166;0.91685355;0.23263693;6.3329935e-05;0.00015646219;3117.4478;3653.3254;-1243.9097;6741.515;-992.2411;-756.0356
1976-10-25;3.9110413;1.9874369;-1.462092;747.22565;0.8339998;185.16429;0.00056966144;-7.3453654e-25;136.43097;-7.345365e-21;9.248898;-0.92026126;1.0222197;1.2528896;0.23066998;4.4703484e-05;0.0;1560.0533;1827.8756;-886.1767;6918.519;-639.2744;-355.01
1976-10-26;2.012441;1.6631368;-0.18234761;746.36224;0.8115211;232.97412;0.064453125;1.0808309e-05;151.76398;-7.345365e-21;10.788286;-0.782297;1.3150871;1.5438795;0.22879243;0.0010859221;0.023126602;817.08386;957.2822;-235.56223;7433.858;-543.43445;-401.97
1976-10-27;1.7940573;0.6269633;-0.85716504;748.6714;0.70703965;226.45024;0.111328125;1.6609827e-05;152.39061;-7.345365e-21;3.0140429;-1.1647148;0.33709407;0.56405365;0.22695959;0.00888668;0.0;2349.3018;2752.46;-947.13776;6815.988;-809.08887;-770.81775
1976-10-28;2.247884;0.20984904;-0.25010553;749.0066;1.2108818;241.89351;0.068359375;9.973844e-06;151.71254;-7.345365e-21;1.5181222;-1.1336571;0.1526624;0.37780404;0.225164;0.0061225146;0.00057742;2169.1206;2539.8645;-763.6878;7028.7783;-787.51776;-726.28
1976-10-29;1.3823446;0.37645468;-2.4024441;746.2175;0.9511853;128.44609;0.13053386;2.1298727e-05;151.88768;-7.345365e-21;4.608533;-1.0043662;0.52034855;0.74380636;0.22345036;0.0058617443;0.04195422;1692.1156;1980.6267;-905.15;6713.2437;-697.6922;-554.71
1976-10-30;0.3141378;-4.0085144;-6.570044;750.60516;1.6287216;34.53282;0.27937827;4.1484833e-05;150.02211;-7.345365e-21;0.033307076;-1.341017;0.004082918;0.2258569;0.22178888;0.019330531;0.014550984;2949.8555;3454.47;-1796.285;5617.3755;-931.64557;-719.20776
1976-10-31;0.4792582;-6.8446145;-8.237159;755.158;1.4094847;33.36031;0.21394856;3.1669933e-05;150.80011;-7.345365e-21;0.0028846625;-1.3541365;0.0017881393;0.22190809;0.22011995;0.013034791;0.0015869737;3615.8489;4231.691;-2381.0305;4965.2534;-940.73444;-672.61554
1976-11-01;2.9973145;-8.823314;-9.335342;757.0671;1.0271564;38.374184;0.13387044;2.002716e-05;151.0078;-7.345365e-21;0.0;-1.2082812;0.0014007092;0.21991134;0.21851063;0.011071563;0.0;3702.3906;4330.148;-2553.85;4836.948;-839.36444;-306.71
1976-11-02;5.7119346;-6.6611977;-6.354407;756.3891;1.0283383;61.453003;0.07348633;1.0768573e-05;151.0078;-7.345365e-21;0.0004351138;-1.2631286;0.0009536743;0.21788478;0.2169311;0.007376075;0.0;3468.2312;4054.0166;-2122.6409;5510.933;-877.46;-193.02667
1976-11-03;6.53833;-4.9696326;-7.025541;755.4773;1.0210437;92.24573;0.036702473;5.2452087e-06;151.0078;-7.345365e-21;0.0;-1.3669217;0.00052154064;0.21588802;0.21537393;0.0042058527;0.0;3509.4138;4100.209;-2281.6062;5396.0864;-949.55664;-231.30888
1976-11-04;5.880615;-4.6675515;-8.259973;754.9003;1.1332314;89.69367;0.018310547;2.7020772e-06;151.0078;-7.345365e-21;0.0;-1.2456794;0.000230968;0.21408498;0.21386147;0.0019427389;0.0;3609.953;4216.027;-2553.0945;5025.8315;-865.3333;-180.33
1976-11-05;5.390035;-6.21993;-7.26605;754.23145;1.1150073;42.82437;0.008951823;1.1920929e-06;151.0078;-7.345365e-21;0.0017225739;-1.2813425;0.0002682209;0.21263957;0.21237135;0.0009853393;0.0;3501.9873;4088.51;-2296.5183;5331.217;-890.1067;-186.29889
1976-11-06;4.1942344;-3.9023945;-6.8810577;754.8425;1.2319914;41.109306;0.0037434895;3.973643e-07;151.0078;-7.345365e-21;0.0021524993;-1.2092478;0.00023841858;0.21114945;0.21091104;0.00047311187;0.0;3360.1982;3921.7012;-2162.2322;5436.8613;-840.0244;-320.00665
1976-11-07;3.7625122;-4.7367454;-7.424267;754.3418;1.034705;72.54179;0.001953125;-7.3453654e-25;151.0078;-7.345365e-21;0.00085234636;-1.1697729;0.00010430813;0.20958483;0.20948052;0.00021979213;0.0;3370.0862;3931.8044;-2195.33;5330.2876;-812.60223;-375.25446
1976-11-08;3.2440796;-6.0302124;-8.021348;753.96045;0.990817;79.43455;0.0007324219;-7.3453654e-25;151.0078;-7.345365e-21;0.0017106523;-1.1279434;0.00014901161;0.20822883;0.20807236;0.00010617077;0.0;3376.1956;3937.8289;-2291.756;5166.594;-783.54443;-368.9211
1976-11-09;2.4830525;-4.6844788;-8.863851;754.22437;1.0491931;51.82312;0.0;-7.3453654e-25;129.00812;-7.345365e-21;0.0;-0.9954907;0.0;0.20670891;0.206694;5.2154064e-05;0.0;3255.7583;3796.031;-2137.719;5313.6587;-691.5344;-366.8689
1976-11-10;1.589976;-3.8661091;-8.403333;753.5931;1.2447557;39.57268;0.0;-7.3453654e-25;116.159485;-7.345365e-21;0.0017285338;-0.8391645;0.00014901161;0.20551682;0.2053529;2.2351742e-05;0.0;2849.0571;3320.7334;-1824.4978;5577.5713;-582.94;-410.65555
1976-11-11;1.1680298;-3.7683003;-7.991182;754.41437;1.248443;40.727352;0.0;-7.3453654e-25;112.30923;-7.345365e-21;0.07990003;-0.8378206;0.006839633;0.21088123;0.20404905;1.4901161e-05;7.4505806e-06;2928.4773;3412.3333;-1919.4578;5465.3057;-582.00665;-497.9
1976-11-12;1.1154684;-4.705088;-3.5077095;755.6275;1.0989618;43.724445;0.0;-7.3453654e-25;107.66404;-7.345365e-21;0.0012901783;-0.79707986;0.00010430813;0.20286441;0.20275265;1.1175871e-05;0.0;3048.3044;3550.97;-2027.9811;5303.1577;-553.70557;-455.77112
1976-11-13;0.9843953;-5.5551248;-1.4289894;756.3974;1.1028118;42.145496;0.0;-7.3453654e-25;106.59959;-7.345365e-21;0.0008612871;-0.77269226;6.7055225e-05;0.2015531;0.2014786;3.7252903e-06;0.0;3213.5784;3742.3057;-2254.7844;5035.106;-536.7639;-416.80112
1976-11-14;0.3851522;-6.014496;-1.2066854;755.56805;1.1050931;40.67011;0.0;-7.3453654e-25;105.503235;-7.345365e-21;0.00045001495;-0.69165975;2.9802322e-05;0.2002716;0.20023435;9.313226e-06;1.4901161e-05;3175.1255;3696.3267;-2263.7861;4955.6587;-480.47333;-454.75888
1976-11-15;0.24616496;-8.278992;-1.1384621;754.08;0.9423187;45.598526;0.0;-7.3453654e-25;106.21873;-7.345365e-21;0.0008553266;-0.5695401;7.4505806e-05;0.19909441;0.19901991;3.7252903e-06;0.0;3185.713;3707.6033;-2320.084;4863.1133;-395.6411;-418.32443
1976-11-16;-0.15359497;-10.363403;-1.205761;752.291;0.9265469;44.429073;0.0;-7.3453654e-25;106.21873;-7.345365e-21;0.0012874597;-0.5547013;0.00010430813;0.19791722;0.19782037;3.7252903e-06;0.0;3170.205;3689.41;-2411.5396;4712.1934;-385.33276;-384.09888
1976-11-17;-0.56010944;-10.408784;-1.2437502;752.3034;1.2054089;34.128826;0.0;-7.3453654e-25;106.21873;-7.345365e-21;0.0012983391;-0.43626875;0.00010430813;0.19675493;0.19665062;1.8626451e-06;0.0;3133.14;3646.109;-2420.5854;4653.6343;-303.06168;-437.60223
1976-11-18;-1.2618408;-9.591003;-1.2620074;752.0101;1.2577878;30.988642;0.0;-7.3453654e-25;106.21873;-7.345365e-21;0.0012945284;-0.39303395;0.00010430813;0.19559264;0.19549578;0.0;0.0;3058.3628;3558.912;-2405.9678;4630.1284;-273.02777;-493.23666
1976-11-19;-0.16401164;-11.938872;-1.575442;751.1152;0.9887674;49.061886;0.0;-7.3453654e-25;103.06118;-7.345365e-21;0.00043511385;-0.39569104;2.9802322e-05;0.19440055;0.1943633;0.0;0.0;3054.4712;3554.2578;-2412.01;4651.8604;-274.87445;-384.0189
1976-11-20;1.2009481;-13.175227;-1.5319201;751.7753;0.92161256;128.31438;0.0;-7.3453654e-25;101.8854;-7.345365e-21;0.0008583069;-0.43777937;7.4505806e-05;0.19329786;0.19323826;0.0;0.0;3050.1833;3549.1133;-2357.9644;4763.6064;-304.1111;-286.79443
1976-11-21;1.0284729;-10.242726;-1.5186437;750.58124;0.83677095;166.47966;0.0;-7.3453654e-25;101.466774;-7.345365e-21;0.0017127931;-0.4097065;0.00013411045;0.19226968;0.19212812;0.0;0.0;2965.5496;3450.4856;-2232.1233;4894.7344;-284.6089;-362.83334
1976-11-22;-0.012379964;-10.001586;-1.6542028;748.4012;0.6299433;250.78711;0.0;-7.3453654e-25;100.980774;-7.345365e-21;0.0;-0.37395582;0.0;0.19103289;0.19104034;0.0;0.0;2941.285;3422.0977;-2277.5518;4808.36;-259.77444;-408.42334
1976-11-23;-1.4711914;-6.1969504;-4.4921584;747.83746;0.7800811;188.36299;0.2800293;5.38826e-05;129.78383;0.32552084;0.34907758;-0.17358363;0.0015646219;0.19153953;0.1899749;2.6077032e-05;0.3267415;2038.55;2372.8623;-1335.6827;5776.6865;-120.59;-473.0489
1976-11-24;-1.9100037;-2.5555012;-0.7957484;744.6221;0.697227;153.8085;70.9484;0.015274803;123.59438;113.40332;40.215603;-0.1681121;0.2540499;0.44296682;0.18892437;0.2836045;36.71718;398.89;1245.37;-144.03833;7031.4165;-127.736664;-198.86111
1976-11-25;-2.1994221;-2.5460103;-0.5803426;745.08844;0.99934745;204.03511;100.0;0.043164533;145.72101;295.93912;10.727602;-0.11043623;0.14723837;0.33512712;0.18788874;0.42423233;8.635625;498.56833;1948.9255;-324.28055;6793.971;-86.63333;-186.91777
1976-11-26;-3.1826096;-3.702432;-1.3373184;746.84955;1.2155204;202.96735;100.0;0.05517471;152.1432;361.3688;9.173262;-0.15096366;0.01733005;0.20420551;0.18686056;0.072576106;8.230586;595.5322;2219.9778;-563.94775;6439.6333;-115.996666;-177.56
1976-11-27;-4.7246194;-8.192322;-6.712181;745.5054;0.7549834;136.2495;100.0;0.05885617;155.81573;378.09244;0.11666417;-0.09749364;0.0;0.18584728;0.18583238;0.0;0.11348724;889.77386;3144.9756;-1214.4567;5230.6978;-71.66;-75.55556
1976-11-28;-9.029248;-14.029216;-13.078087;743.5617;1.1269821;90.35677;100.0;0.058865827;158.7018;371.41928;0.015258789;-0.043421984;0.0;0.1848042;0.1848042;0.0;0.0095665455;923.365;3174.33;-1098.0122;4782.176;-30.253334;-20.10111
1976-11-29;-9.636035;-14.527271;-14.338546;746.7412;1.2360142;29.016424;100.0;0.058888953;160.71156;366.7399;0.01898408;-0.034382567;0.0;0.18382072;0.18381327;0.0;0.014714897;940.4572;3160.3245;-993.3494;4794.839;-23.532223;-4.6433334
1976-11-30;-9.886455;-15.787341;-13.851634;747.5676;1.2209344;36.371532;100.0;0.058894236;162.74574;362.18262;0.0036656857;-0.05468726;0.0;0.18280745;0.18280745;0.0;0.0028014183;955.7178;3140.5388;-1178.0656;4634.0923;-38.995556;-1.1144445
1976-12-01;-10.412384;-16.734053;-15.7497;747.8256;1.1952382;45.322826;100.0;0.058893006;164.50746;358.2357;0.006718623;-0.044599175;0.0;0.18185377;0.18183142;0.0;0.0054463744;1017.0922;3266.5222;-1058.9634;4594.9746;-31.395555;-2.8377779
1976-12-02;-7.8261094;-10.718032;-11.825589;744.7854;0.76836085;266.00467;100.0;0.06617606;154.99054;427.2054;18.749947;-0.015920028;0.0;0.1808703;0.1808703;0.0;18.667433;618.4522;2060.311;-438.80112;5636.7754;-10.867778;-31.915556
1976-12-03;-4.471157;-5.145086;-5.671106;748.37085;1.0557503;226.20265;100.0;0.08058878;150.29913;535.7259;7.477775;-0.029020011;0.0;0.17991662;0.17991662;0.0;7.172685;369.25665;1512.5477;4.8766665;6762.0605;-21.343334;-88.35333
1976-12-04;-3.7630413;-4.9790344;-4.0459;751.8008;1.2224525;158.56697;100.0;0.085677065;155.50844;551.9206;0.33661723;-0.059040263;0.0;0.17899275;0.1789704;0.0;0.3312528;615.9978;2517.351;-860.735;5861.911;-42.762222;-66.23556
1976-12-05;-3.9439697;-9.819405;-9.524276;753.75775;1.4505424;12.942206;100.0;0.08573103;160.9912;533.04034;0.0011563301;-0.022362918;0.0;0.17803907;0.17803907;0.0;0.0007264316;840.43555;3199.271;-1202.1439;4975.553;-13.125556;66.83222
1976-12-06;-3.259369;-11.552391;-12.171325;752.5486;1.4623986;11.565433;100.0;0.085762896;164.48988;522.4202;0.0004351138;-0.011888333;0.0;0.1771003;0.17710775;0.0;0.0;829.6161;3076.5667;-939.1767;5059.0166;-5.9944444;110.24
1976-12-07;0.32605997;-10.635152;-8.76715;750.56903;0.89509034;129.87897;100.0;0.08576914;168.16112;510.98633;0.0049948683;-0.061260536;0.0;0.17619133;0.17618388;0.0;0.0;797.36835;2885.5344;-748.50665;5637.399;-43.774445;60.84
1976-12-08;-1.2281901;-7.1178412;-8.723033;749.7537;0.7107344;285.9215;100.0;0.08576075;172.35577;498.57584;0.0004351138;-0.029403716;0.0017434359;0.1770258;0.17528236;0.021073967;0.0;872.16943;3068.3677;-1067.4305;5206.3535;-19.327778;18.013334
1976-12-09;-3.503601;-4.6050315;-6.4746933;745.467;0.8827502;220.41808;100.0;0.08999622;172.95831;519.1243;15.46509;-0.0043343753;0.016361475;0.19074976;0.17439574;0.0;14.260788;301.51166;1054.8722;51.315;6727.0337;-2.807778;-28.7
1976-12-10;-5.9033303;-7.030665;-4.027781;737.81744;0.8231781;218.7523;100.0;0.1189628;157.10643;755.9001;20.645102;-0.127933;0.006303191;0.17982721;0.17350912;0.0;20.132788;461.32944;1997.4222;-692.55835;5990.122;-98.092224;-129.10445
1976-12-11;-8.317845;-10.88786;-10.006631;745.68066;0.8898153;193.79979;100.0;0.123434626;161.2412;767.1712;0.030219555;-0.033887103;0.0;0.17264485;0.1726374;0.0;0.025235116;679.60724;2847.2678;-929.695;5136.3945;-23.792223;-74.26778
1976-12-12;-5.6690574;-9.371453;-11.932598;750.98413;0.8261394;161.88637;100.0;0.12351096;166.12921;744.71027;0.030169783;-0.0018812716;0.0;0.17176569;0.17177314;0.0;0.029318035;715.00165;2914.4778;-1007.355;4944.757;1.47;11.451111
1976-12-13;-4.2494087;-10.509332;-14.449062;754.29694;0.70406574;272.8879;100.0;0.1235526;170.01105;727.6204;0.014546514;0.0075194985;0.0;0.17091632;0.17092377;0.0;0.0031329691;774.18945;3075.07;-817.0294;4952.489;8.265;59.538887
1976-12-14;-1.7817713;-7.4885178;-11.560393;754.1489;0.56409043;267.07535;100.0;0.1235975;173.94887;712.03613;0.0055253506;-0.0057388097;0.0;0.17006695;0.1700744;0.0;0.002220273;718.1;2781.781;-853.4683;5229.922;-1.8033333;42.63889
1976-12-15;-3.7587726;-7.084282;-13.456826;752.7297;0.70249254;302.6258;100.0;0.12364153;177.81151;696.3704;0.0021398063;0.035361387;0.0;0.16923249;0.16923994;0.0;0.0;815.24054;3077.8345;-1122.9789;4686.0254;29.767778;58.857777
1976-12-16;-5.8707757;-9.858494;-13.44167;753.1201;0.9254401;297.47714;100.0;0.12369597;181.138;683.6751;0.010464644;0.011338852;0.0;0.16841292;0.16840547;0.0;0.0066682696;807.45776;2975.04;-743.27167;5175.79;11.494445;26.025555
1976-12-17;-4.539763;-6.4811416;-10.942027;753.2288;0.9697733;63.57443;100.0;0.12377051;184.78156;671.22394;0.027030706;0.040282495;0.0;0.16759336;0.16759336;0.0;0.019516796;605.8128;2179.9023;-663.1161;5489.8594;32.852222;29.538889
1976-12-18;-8.105647;-10.957455;-11.691123;752.9153;1.6568303;18.530481;100.0;0.12382913;188.55467;657.75555;0.011312962;0.0077709556;0.0;0.1667887;0.1667887;0.0;0.009577721;795.4756;2800.3877;-1050.4233;4925.8926;8.795;30.37111
1976-12-19;-9.201644;-12.662225;-12.609879;748.6042;1.7144295;23.001204;100.0;0.12387737;191.76854;646.8099;0.01655817;-0.00070314854;0.0;0.16599894;0.16598403;0.0;0.015206635;817.62445;2815.4167;-926.58386;5016.359;1.9794445;21.602222
1976-12-20;-8.390933;-11.493352;-11.555389;746.68195;1.5815479;26.374908;100.0;0.12393395;194.89777;637.04425;0.049883127;-0.0076927245;0.0;0.16519427;0.16519427;0.0;0.04581362;573.81946;1932.2655;-664.42725;5404.117;-4.3644443;29.93
1976-12-21;-6.9324393;-9.805678;-10.654248;746.7292;1.4465696;28.81376;100.0;0.12444838;197.53937;630.6966;1.2762845;-0.0045923516;0.0;0.16440451;0.16440451;0.0;1.2733526;667.95886;2214.2634;-500.4511;5734.6978;-1.6588889;12.596666
1976-12-22;-7.086821;-10.679607;-9.685945;746.68207;1.1007434;36.06135;100.0;0.12531452;200.14061;626.99384;0.10790229;-0.03406033;0.0;0.16362965;0.16362965;0.0;0.10660663;824.87836;2749.3577;-1019.80664;5149.108;-23.687778;-29.103333
1976-12-23;-7.978022;-10.433873;-10.750497;746.77106;0.82988364;67.94109;100.0;0.12558782;202.84894;619.751;0.30459464;-0.03181584;0.0;0.16285479;0.16286224;0.0;0.29785186;747.0161;2458.5034;-812.7072;5290.7344;-22.682777;-36.616665
1976-12-24;-8.627183;-10.38334;-10.44974;744.8489;0.78113747;133.69043;100.0;0.12586863;205.27928;613.81024;1.0938048;-0.030366704;0.0;0.16209483;0.16209483;0.0;1.091212;742.6028;2391.4543;-568.0283;5634.2056;-21.685;-65.13
1976-12-25;-6.0453477;-7.0827394;-6.969761;742.295;0.6269471;216.04317;100.0;0.13212927;196.95311;669.0267;15.744448;-0.037249178;0.0;0.16134232;0.16134977;0.0;15.735995;370.55612;1279.8256;-34.72222;6595.8413;-28.186666;-72.41778
1976-12-26;-5.525846;-6.2937546;-5.0801644;741.127;0.79836845;210.23589;100.0;0.15388627;174.77635;879.0283;11.611494;-0.05109608;0.0;0.16060472;0.16060472;0.0;11.6037655;403.9211;1730.2167;-264.41278;6469.242;-38.31778;-111.42778
1976-12-27;-5.849261;-7.1645775;-5.68087;744.68365;0.5614996;202.55579;100.0;0.15667693;180.70375;868.2048;0.50117373;-0.06861426;0.0;0.15985966;0.15986711;0.0;0.49430877;515.66833;2161.4;-514.11554;6083.0312;-51.302223;-81.63778
1976-12-28;-5.960711;-7.972361;-6.581772;746.0886;0.60361487;126.72596;100.0;0.15713382;187.37596;839.1927;1.2209505;-0.04185736;0.0;0.1591295;0.1591295;0.0;1.1705197;561.0972;2292.14;-507.53445;6029.102;-30.065;-80.685555
1976-12-29;-4.684076;-7.5748153;-7.0426865;744.76953;0.93810105;31.513557;100.0;0.15898955;191.83527;829.3457;0.7031353;-0.026386231;0.0;0.15839934;0.15839934;0.0;0.67705286;741.55444;3006.5632;-992.3128;5394.711;-17.122223;-38.726665
1976-12-30;-6.855137;-9.9836855;-9.424661;743.6994;1.0331615;32.492077;100.0;0.15952449;196.59308;811.93036;0.55854696;-0.018743798;0.0;0.15768409;0.15767664;0.0;0.53792447;719.0339;2855.9211;-966.9044;5210.779;-11.6044445;-31.04889
1976-12-31;-9.172439;-12.445937;-12.53006;744.86255;1.0616356;30.98881;100.0;0.15968601;200.60382;796.1833;0.02307002;-0.007996336;0.0;0.15695393;0.15695393;0.0;0.020049512;777.0489;3008.6423;-984.8811;4864.8027;-3.578889;-23.064444
1977-01-01;-10.512696;-14.169228;-13.276665;746.46844;1.126022;29.164228;100.0;0.15972519;203.99867;783.77277;0.013592839;-0.020768493;0.0;0.15625358;0.15625358;0.0;0.0131726265;799.9606;3018.2034;-1089.8706;4709.823;-13.526667;-38.196667
1977-01-02;-12.276202;-16.488909;-15.377875;744.3702;1.1981428;23.89289;100.0;0.15975101;206.84535;773.0306;0.021778742;-0.019622035;0.0;0.15555322;0.15555322;0.0;0.016584992;840.92;3098.9656;-989.80664;4638.936;-12.879444;-35.172222
1977-01-03;-11.658593;-14.29364;-14.3277235;742.60614;0.94150263;51.90981;100.0;0.16078115;207.15753;775.7161;4.157901;-0.007897615;0.0;0.15486777;0.15486777;0.0;4.153777;581.92053;2098.7068;-222.33888;5723.979;-4.7011113;-51.915554
1977-01-04;-11.147476;-14.002992;-11.503043;741.7781;1.4217429;42.58636;100.0;0.17668498;185.22198;952.2705;18.88445;-0.0706017;0.0;0.15419722;0.15418977;0.0;18.883087;269.6378;1129.9645;-282.4522;5810.4565;-54.59778;-27.475555
1977-01-05;-12.437022;-15.617778;-12.128585;741.914;1.616016;32.128147;100.0;0.19578476;164.90558;1185.3027;23.989927;-0.112114474;0.0;0.15351176;0.15351921;0.0;23.988134;275.2678;1192.5433;-180.57388;5842.74;-87.20778;-56.426666
1977-01-06;-13.425897;-17.155993;-13.647453;739.8171;1.4930183;33.176037;100.0;0.2129546;153.62758;1385.6201;5.205148;-0.06682146;0.0;0.15284121;0.15284866;0.0;5.1952267;544.8361;2366.1746;-1018.18945;4700.733;-50.61778;-44.505554
1977-01-07;-15.245697;-19.323996;-17.934252;739.356;1.0025057;37.077682;100.0;0.21442635;158.19366;1356.2418;1.1396036;-0.012835488;0.0;0.15217066;0.15218556;0.0;1.1344552;623.7883;2634.6711;-667.61;4791.6445;-8.352222;-46.31333
1977-01-08;-17.021544;-21.691511;-19.90539;740.93744;0.9670444;86.71746;100.0;0.21517341;162.01527;1329.2236;0.051259995;-0.014556572;0.0;0.15154481;0.15152246;0.0;0.051252544;796.16724;3283.9912;-1276.9684;3864.8108;-9.464444;-44.974445
1977-01-09;-15.796742;-21.709717;-23.845018;744.471;0.98091656;108.575035;100.0;0.21519847;165.55304;1300.944;0.0005066395;0.0025182962;0.0;0.15088916;0.15087426;0.0;0.00051036477;849.5833;3413.4077;-1172.5114;3713.327;3.5511112;51.256668
1977-01-10;-12.899171;-20.940588;-24.124704;747.6877;1.0352645;78.80117;100.0;0.21521938;168.4212;1278.5238;0.0017225739;7.0780516e-05;0.0;0.1502335;0.15022606;0.0;0.0;879.63446;3442.9333;-863.6589;4137.8105;1.8122222;84.37889
1977-01-11;-10.617635;-18.114279;-20.924252;746.624;0.9068392;56.331223;100.0;0.21530409;171.51366;1256.3477;0.3118813;-0.0034682453;0.0;0.14957786;0.14959276;0.0;0.30791014;736.5133;2812.5034;-368.83334;5038.718;-1.0;54.18222
1977-01-12;-11.342418;-15.712514;-17.282354;746.5472;1.2933886;21.573858;100.0;0.21624184;174.55434;1239.7461;0.7128686;-0.0033415854;0.0;0.148952;0.148952;0.0;0.70986897;830.7117;3144.1377;-1006.9744;4539.0054;-0.18666667;14.806666
1977-01-13;-13.195607;-20.14223;-19.776426;747.53784;1.3726064;16.045998;100.0;0.21637543;178.50194;1213.1348;0.0022232533;-0.011943281;0.0;0.14831126;0.14831871;0.0;0.0017918646;950.2511;3505.8833;-1224.6045;4012.097;-6.7744446;47.713333
1977-01-14;-10.192231;-20.893263;-20.824257;745.77716;0.83703;211.66228;100.0;0.21638949;181.87238;1190.918;0.0;-0.01833029;0.0;0.14770031;0.14769286;0.0;0.0;987.1761;3557.2834;-1256.5155;3920.248;-11.88;75.251114
1977-01-15;-12.068298;-20.333979;-21.89403;743.6551;0.7973617;185.27612;100.0;0.21640213;184.85316;1171.875;0.0008583069;-0.007390976;0.0;0.14707446;0.14706701;0.0;0.0;1013.5961;3567.1877;-1217.8981;3878.3105;-3.7422223;51.602222
1977-01-16;-12.809318;-17.418074;-20.665245;740.17065;0.81722623;50.79184;100.0;0.21691918;186.8014;1162.2314;1.3386011;0.010065734;0.0;0.14647841;0.14646351;0.0;1.3324953;722.4511;2486.7178;-493.61166;4903.609;8.893333;23.461111
1977-01-17;-14.757892;-17.570436;-18.708048;739.96344;0.9552714;64.07456;100.0;0.21822746;187.77992;1163.1266;0.72257817;-0.00034086406;0.0;0.14585257;0.14586002;0.0;0.7202998;778.5222;2718.571;-776.85834;4668.07;1.3722222;-33.04
1977-01-18;-13.265189;-18.055052;-17.593933;742.2923;0.82770085;195.25505;100.0;0.21862872;190.64972;1147.9492;0.82668394;-0.026009977;0.0;0.14525652;0.14524907;0.0;0.8227974;982.4117;3370.4978;-539.05914;5104.0044;-17.831112;-58.31333
1977-01-19;-9.441205;-10.790282;-13.209148;739.1202;0.47405362;162.63078;100.0;0.23334122;177.0895;1316.9352;34.324722;0.015178695;0.0;0.14466047;0.14466047;0.0;34.320824;186.11333;709.18225;195.89444;6319.4844;11.961111;1.7533333
1977-01-20;-9.807983;-12.707687;-10.597693;738.6336;0.60984665;102.722015;100.0;0.26689807;156.02667;1709.2692;17.334377;-0.026896596;0.0;0.14406443;0.14407188;0.0;17.329674;401.39;1745.4122;-362.93;5837.731;-19.634445;-59.74889
1977-01-21;-10.770023;-13.335338;-12.748643;743.5352;0.86459464;140.43062;100.0;0.27276364;163.17706;1675.4557;0.11590123;-0.021319836;0.0;0.14349818;0.14348328;0.0;0.10947883;722.125;3091.4922;-985.70917;4825.8;-13.9;-68.08667
1977-01-22;-12.546963;-15.0303545;-13.83007;742.2656;0.9460311;137.76863;100.0;0.27286685;171.6953;1592.3666;0.14923811;-0.032351352;0.0;0.14290214;0.14290214;0.0;0.14577061;785.6128;3265.1477;-620.74054;5253.3955;-22.687778;-122.26444
1977-01-23;-13.813092;-20.31843;-15.182691;742.7578;1.1728324;7.530403;100.0;0.27298316;179.05434;1527.059;0.02761252;-0.057667494;0.0;0.14232099;0.14231354;0.0;0.026330352;926.65;3754.4766;-1450.1317;4078.2166;-41.74;-82.753334
1977-01-24;-13.040894;-22.45257;-20.222525;744.087;1.0234966;54.910843;100.0;0.27298388;184.14354;1484.6191;0.0017173789;-0.030369498;0.0;0.14173985;0.14173985;0.0;0.0;992.0883;3915.44;-1367.41;3770.1047;-20.671112;27.23889
1977-01-25;-11.0476;-20.686584;-21.278002;745.2596;0.9387393;72.21891;100.0;0.27299556;187.90038;1454.9154;0.0017285338;-0.0199778;0.0;0.1411736;0.14116615;0.0;0.0;1026.2167;3949.4177;-1129.7047;4045.2852;-12.685555;58.081112
1977-01-26;-8.537907;-15.543462;-18.964758;746.6718;0.7484438;254.81154;100.0;0.27305087;191.67023;1426.5951;0.049996376;-0.008665025;0.0;0.14060736;0.1405999;0.0;0.048730522;982.9533;3688.3;-786.4744;4728.195;-3.941111;19.245556
1977-01-27;-7.3125114;-9.946503;-16.027372;745.9712;0.5851382;167.09222;100.0;0.27412632;195.23924;1404.8258;3.9084349;0.019084662;0.0;0.14004111;0.14004111;0.0;3.9048643;722.615;2656.4822;-52.420555;5882.93;16.51;2.3355556
1977-01-28;-6.8278465;-9.009526;-11.073174;741.38495;0.7171228;117.359535;100.0;0.27745983;198.76202;1398.2748;0.42941827;-0.00932999;0.0;0.13948232;0.13948977;0.0;0.42425096;798.6567;3047.6667;-773.60223;5396.806;-4.2977777;-52.06778
1977-01-29;-8.277023;-9.919335;-10.724923;743.1119;0.838768;110.816895;100.0;0.27776614;205.39223;1354.3295;0.50993806;-0.019959174;0.0;0.13892353;0.13893098;0.0;0.50731003;838.46387;3128.4512;-487.05667;5775.294;-12.463889;-91.94334
1977-01-30;-8.499827;-13.439537;-10.70919;746.866;0.9450876;82.59641;100.0;0.27809486;211.8727;1314.5345;0.0024676323;-0.065407716;0.0;0.13837218;0.13837218;0.0;0.0016093254;1091.9672;4004.7378;-1445.7711;4528.696;-46.497776;-81.405556
1977-01-31;-7.3711586;-14.138187;-13.129837;745.91473;0.9855115;57.552765;100.0;0.27809787;217.24672;1281.9418;0.0008583069;-0.04111044;0.0;0.13782084;0.13782084;0.0;0.0;1090.6217;3905.9;-1166.885;4699.61;-27.987778;-17.081112
1977-02-01;-7.352079;-12.88927;-13.6321335;746.4328;1.0034655;64.29702;100.0;0.2781135;221.84145;1254.9235;0.0008523463;-0.02235733;0.0;0.1372695;0.1372844;0.0;0.0;1184.0233;4142.993;-1407.8889;4371.8013;-13.447778;-7.6844444
1977-02-02;-6.7362313;-14.071125;-14.61792;748.7952;1.0515221;60.751995;100.0;0.2781379;225.86945;1233.0322;0.00042319295;-0.029183924;0.0;0.13674796;0.1367405;0.0;0.0;1236.2211;4228.32;-1366.5239;4363.276;-18.467777;18.984444
1977-02-03;-4.2480316;-13.17249;-13.837104;749.75006;0.9391777;87.21067;100.0;0.2781562;229.63344;1212.8092;0.00086678436;-0.038008206;0.0;0.13619661;0.13619661;0.0;0.0;1205.4689;4032.8445;-1019.12665;4924.927;-25.073334;30.83
1977-02-04;-2.8631897;-10.556712;-11.424815;747.54346;0.6097103;257.12946;100.0;0.2784076;233.49706;1193.3594;1.284051;-0.051844865;0.0;0.13566017;0.13566017;0.0;1.2722313;1255.8228;4109.5454;-696.4928;5590.1245;-35.65333;-25.645555
1977-02-05;-4.0142007;-5.732483;-7.3023095;743.4761;0.55094177;232.13814;100.0;0.28552678;232.24672;1229.0446;12.686297;-0.028996728;0.0;0.13513863;0.13513863;0.0;12.453191;574.675;2015.9767;-159.375;6527.1167;-20.846666;-61.643333
1977-02-06;-5.087301;-6.215444;-5.5988364;739.7275;0.67432;201.80339;100.0;0.29630217;229.41371;1292.0328;7.269788;-0.06540585;0.0;0.13461709;0.13461709;0.0;7.203914;658.6461;2655.0645;-410.59833;6301.55;-48.27889;-121.916664
1977-02-07;-6.5278625;-7.6944366;-5.9347053;739.72943;1.126521;241.31395;100.0;0.302073;231.6074;1304.891;4.5487165;-0.119972974;0.0;0.13411045;0.13411045;0.0;4.545424;646.24;2650.7988;-413.9039;6185.1943;-91.26889;-196.83112
1977-02-08;-6.367563;-7.3053093;-5.6400657;742.8105;0.91888183;164.57445;100.0;0.31817564;224.45116;1414.8763;42.162674;-0.072857365;0.0;0.13360381;0.13359636;0.0;42.14522;337.45944;1407.7411;-176.85945;6489.6655;-55.946667;-122.51889
1977-02-09;-7.1139503;-9.342078;-6.3213325;743.11304;0.6645357;188.60793;100.0;0.35647997;203.05792;1756.1849;9.849883;-0.110756606;0.0;0.13309717;0.13309717;0.0;9.843848;723.6422;3154.7488;-739.6272;5748.0444;-83.3;-154.04333
1977-02-10;-6.564199;-8.051166;-6.834123;746.63116;0.9094617;239.1346;100.0;0.35893285;212.9824;1688.0289;0.77130294;-0.083711;0.0;0.13259053;0.13259053;0.0;0.7682219;905.5417;3849.85;-704.30664;5818.548;-61.13;-163.47333
1977-02-11;-6.8949585;-10.526332;-7.833336;748.70953;0.90774006;144.65091;100.0;0.3593051;222.7246;1615.3564;0.01168847;-0.09453483;0.0;0.13206899;0.13207644;0.0;0.0096187;1017.75055;4220.5;-1300.8127;4953.012;-68.30334;-136.98334
1977-02-12;-5.0970855;-9.164519;-10.429801;749.8423;1.0215789;114.869286;100.0;0.35931838;230.1432;1563.1104;0.0057965517;-0.023543835;0.0;0.13157725;0.1315698;0.0;0.0056922436;1129.7034;4558.661;-1195.6705;4895.0864;-13.215555;-44.837776
1977-02-13;-3.2135315;-9.411416;-10.670238;752.7398;1.0417339;142.19624;100.0;0.35936007;236.30174;1522.3795;0.0;-0.031035393;0.0;0.13107061;0.13106316;0.0;0.0;1195.0522;4699.25;-1314.4584;4767.5176;-18.362223;2.557778
1977-02-14;-0.49113974;-10.664853;-10.9412775;754.24567;0.9461387;189.93001;100.0;0.35938594;241.8675;1487.5895;0.0;-0.05479157;0.0;0.13056397;0.13056397;0.0;0.0;1267.1083;4857.65;-1378.6666;4697.8735;-36.45222;47.61111
1977-02-15;-0.45880127;-12.957767;-11.324314;754.8706;0.8072557;266.42142;100.0;0.35939726;246.91046;1457.316;0.0017166131;-0.07769093;0.0;0.13007224;0.13007224;0.0;0.0;1303.1777;4873.507;-1402.9395;4631.423;-54.057777;41.264446
1977-02-16;-1.3373922;-13.529115;-11.363544;755.059;0.9420462;113.73325;100.0;0.3593942;251.53383;1430.3793;0.0;-0.0803452;0.0;0.1295805;0.1295656;0.0;0.0;1319.3694;4816.0435;-1353.1067;4713.035;-56.133335;28.97889
1977-02-17;-1.0276693;-13.102619;-11.084186;754.43475;1.132167;30.084883;100.0;0.35939327;255.92285;1405.3955;0.0;-0.0822749;0.0;0.12907386;0.12908131;0.0;0.0;1360.4427;4849.686;-1387.9283;4725.7524;-57.426666;52.543335
1977-02-18;-0.46173096;-13.425725;-10.810613;753.16455;0.73460084;266.1348;100.0;0.3593861;260.14062;1383.0973;0.0004351138;-0.09602122;0.0;0.12858212;0.12858212;0.0;0.0;1421.1122;4949.4707;-1302.4286;4859.8423;-68.22111;4.185278
1977-02-19;-1.1275839;-8.777484;-9.923435;752.2337;0.6742957;287.09222;100.0;0.35938534;264.3369;1361.2467;0.0017255007;-0.0572484;0.0;0.12810528;0.12810528;0.0;0.0;1464.78;4989.213;-1418.4614;4811.1235;-38.32;-33.417778
1977-02-20;-3.9283116;-8.459643;-10.337593;749.70404;1.003796;143.68755;100.0;0.35941127;268.37207;1340.6982;0.0;-0.040422194;0.0;0.12761354;0.127621;0.0;0.0;1541.0784;5134.922;-1654.3239;4451.0874;-25.625555;-32.31778
1977-02-21;-5.6459603;-14.043713;-11.177509;750.2146;1.3592075;23.404745;100.0;0.35942328;271.99512;1322.7539;0.0;-0.08433033;0.0;0.1271367;0.1271367;0.0;1.4901161e-05;1616.3495;5271.583;-1837.75;4158.501;-58.824444;-9.948889
1977-02-22;-4.8771577;-16.102922;-12.391094;750.939;1.4156504;21.009897;100.0;0.35941926;275.14258;1307.4137;0.0;-0.09102374;0.0;0.12665987;0.12665987;0.0;0.0;1618.1683;5167.092;-1780.6742;4132.8555;-64.39778;44.422222
1977-02-23;-3.4962604;-14.977718;-12.100674;751.48444;1.1621982;62.40018;100.0;0.35940775;278.0394;1293.7012;0.0008523463;-0.09213202;0.0;0.12618303;0.12618303;0.0;0.0;1690.045;5285.4434;-1575.5311;4479.7974;-65.00445;19.12
1977-02-24;-1.6278483;-12.237496;-10.953491;748.6655;1.0997107;228.97807;100.0;0.35939467;281.01627;1279.8258;0.0012773653;-0.04754588;0.0;0.125736;0.1257211;0.0;0.0;1731.8378;5307.3657;-1597.8267;4589.8193;-34.643333;-8.073334
1977-02-25;-3.3844604;-15.282208;-10.833087;750.1414;1.0734341;142.09766;100.0;0.35937235;284.03223;1266.0319;0.0017136326;-0.07060543;0.0;0.12528896;0.12527406;0.0;0.0;1810.4028;5439.035;-1813.3936;4294.3643;-52.607777;-37.115555
1977-02-26;-1.9014384;-14.5578165;-10.104805;750.9126;0.9086575;157.42273;100.0;0.3593304;286.97656;1253.3365;0.00042617318;-0.07879175;0.0;0.12482703;0.12483448;0.0;0.0;1783.7944;5256.1123;-1541.6328;4699.6323;-59.00778;-30.257778
1977-02-27;-1.3343302;-10.978353;-8.598704;751.00726;0.7382104;271.567;100.0;0.35928985;290.08237;1239.8275;0.0008629125;-0.067470595;0.0;0.12439489;0.12439489;0.0;0.0;1740.1083;5030.082;-1393.1714;5001.234;-50.36;-48.946667
1977-02-28;-1.2098694;-8.027771;-7.231684;746.92993;0.81717134;227.90161;100.0;0.3592297;293.4375;1225.0977;0.0025680366;-0.10733679;0.0;0.12396276;0.12396276;0.0;0.0;1912.29;5424.4795;-1603.4839;4867.7466;-81.73444;-74.154724
1977-03-01;-1.2508749;-5.194631;-5.991938;746.79193;1.2722865;212.2624;100.0;0.35916677;296.97006;1210.6527;0.00043511385;-0.08000806;0.0;0.12353063;0.123523176;0.0;0.0;1944.3373;5414.5723;-1600.9841;4959.7905;-60.634445;-90.07333
1977-03-02;-1.4185079;-5.275927;-4.3118362;745.6541;1.5462294;197.2475;100.0;0.36089686;299.26596;1205.7699;8.505726;-0.23672357;0.0;0.123113394;0.12309104;0.0;7.1452856;1721.8456;4705.424;-1003.3714;5860.3574;-183.69112;-85.81555
1977-03-03;-4.2081323;-5.262503;-2.8204663;742.168;1.022418;206.49982;100.0;0.38478327;279.76303;1374.7559;32.772266;-0.12070127;0.0018030405;0.1244694;0.12267381;0.0;31.025461;341.32388;1352.675;-303.43417;6566.0146;-93.638885;-143.63333
1977-03-04;-8.270291;-10.753163;-4.727619;741.1045;1.5352799;201.17186;100.0;0.41114315;260.04916;1580.4443;17.760134;-0.35080686;0.0;0.122234225;0.122241676;0.0;17.697409;848.11835;3634.073;-802.522;5717.8228;-271.5478;-354.05777
1977-03-05;-9.753498;-12.490925;-7.7316003;747.3765;1.1472055;215.57484;100.0;0.41905662;258.0602;1626.0986;0.8648604;-0.2568029;0.0;0.12180209;0.12180954;0.0;0.8583367;1129.2881;4796.803;-995.2186;5269.709;-196.18;-313.05554
1977-03-06;-7.624971;-9.145771;-8.102952;748.8636;0.9338979;232.6822;100.0;0.42033073;262.30405;1603.8412;2.997181;-0.10122545;0.0;0.12136996;0.12136996;0.0;2.9949956;925.7413;3830.7683;-389.44055;6111.1367;-75.31778;-224.40277
1977-03-07;-6.6694946;-8.071425;-6.434414;748.53125;1.3283497;208.81628;100.0;0.4291214;259.37857;1654.2969;10.635356;-0.13719127;0.0;0.120945275;0.120945275;0.0;10.627977;978.45667;4117.3765;-595.665;5993.741;-103.10333;-269.00665
1977-03-08;-6.8755774;-8.8003;-6.7391167;749.8023;1.0005422;153.8557;100.0;0.43436515;261.3441;1663.7777;1.2034416;-0.15569851;0.0;0.12052059;0.12052059;0.0;1.1970736;1156.4264;4868.3633;-1089.887;5351.0;-116.363335;-253.61194
1977-03-09;-5.4865623;-10.439289;-8.435497;751.9856;1.5068215;37.69045;100.0;0.4349463;266.90234;1630.9814;2.080155;-0.109488145;0.0;0.12008846;0.12008846;0.0;1.806032;1450.9242;5965.2;-1306.5117;4971.5444;-77.5;-139.43083
1977-03-10;-5.276119;-6.658892;-6.7628365;745.24164;1.166821;113.672676;100.0;0.45341495;259.1901;1747.64;29.01169;0.0008363277;0.0;0.119671226;0.119671226;0.0;28.041965;449.63693;1916.1353;-198.21194;6450.5176;1.3433334;-57.05722
1977-03-11;-5.6251793;-6.5747223;-5.5582786;748.83966;1.3017528;212.46222;100.0;0.47107503;254.55792;1851.766;6.256958;-0.13013929;0.0;0.119268894;0.11926144;0.0;6.2379985;968.2178;4171.2324;-600.385;6076.1055;-97.53445;-266.33084
1977-03-12;-4.88664;-8.135541;-5.410933;748.4162;0.7053638;143.68864;100.0;0.47287282;261.81445;1808.309;1.1977583;-0.18275343;0.0;0.11883676;0.11883676;0.0;1.1865199;1321.5366;5569.1494;-942.10223;5715.563;-134.66556;-271.05945
1977-03-13;-4.5200095;-6.2367454;-4.898337;747.22675;0.8713426;182.82219;100.0;0.4798341;263.38022;1822.7539;6.5899677;-0.1599621;0.0;0.11841953;0.11841953;0.0;6.4943285;1188.1317;5035.3022;-739.2464;6029.5713;-118.727776;-242.04778
1977-03-14;-4.3205657;-6.0209756;-4.4253173;750.2858;0.9779759;140.57133;100.0;0.48221323;269.67383;1790.1205;1.1237293;-0.19393861;0.0;0.118002295;0.118002295;0.0;1.1178106;1218.3341;5069.7344;-967.2161;5759.8667;-145.16556;-234.575
1977-03-15;-2.4727528;-9.331391;-5.2351737;751.108;0.92292595;104.585014;100.0;0.48243606;276.96387;1743.8558;0.0052555106;-0.18465519;0.0;0.11757016;0.11757761;0.0;0.0018328428;1533.9545;6169.757;-1516.4728;5062.1494;-133.76111;-181.8211
1977-03-16;-1.0740662;-8.644053;-6.273607;750.7815;0.9603973;75.05042;100.0;0.48239568;283.2347;1705.0781;0.0012883999;-0.14839694;0.0;0.11713803;0.11715293;0.0;0.00043213367;1491.8694;5804.985;-1350.5756;5181.365;-106.47667;-115.79083
1977-03-17;-0.33576456;-2.9512432;-3.1904247;747.6948;1.0696299;59.386547;100.0;0.48921224;289.00684;1693.4408;21.180082;-0.0760667;0.32699108;0.44369698;0.1167357;0.0009369105;4.7839584;1059.7872;4037.637;-290.1789;6742.26;-54.511112;-128.67778
1977-03-18;-2.0123088;-2.7323303;-0.14916229;744.33466;0.7038339;125.163666;100.0;0.51746184;286.6566;1804.3213;35.19991;-0.16666204;1.4920831;1.6084015;0.11634827;1.5545431;22.851318;564.4066;2307.992;-556.88306;6535.007;-127.507774;-168.94667
1977-03-19;-2.7641804;-8.286755;-0.7637634;748.20917;0.60450375;135.28148;100.0;0.52538365;289.77344;1814.8193;4.404952;-0.4856512;0.0;0.115945935;0.115945935;0.0;4.222993;1732.9039;6066.8413;-1536.9728;5369.755;-368.10443;-288.4289
1977-03-20;-3.4416707;-7.6361694;-1.8474528;750.9969;1.0113956;101.3522;100.0;0.52768296;296.2461;1783.4879;0.0051945443;-0.4674485;0.0;0.115543604;0.1155287;0.0;0.002834946;1968.6914;6334.852;-1934.3391;4760.602;-354.9178;-264.63223
1977-03-21;-1.2604269;-9.696971;-3.1059406;751.5271;1.0915858;57.36247;100.0;0.5274814;303.58334;1739.7054;0.0012844794;-0.29472542;0.0;0.11511147;0.11511892;0.0;0.0;2213.1338;6581.5454;-1982.305;4726.0854;-216.3039;-123.80389
1977-03-22;-0.74172974;-7.0818887;-2.8285434;749.76434;1.1963626;41.441257;100.0;0.5273645;310.29916;1701.9857;0.0008553266;-0.24471618;0.0040084124;0.11873245;0.11470914;0.03834814;0.0;2356.6895;6682.8794;-1844.6292;4938.3745;-177.29889;-129.76306
1977-03-23;-1.1184489;-5.503306;-1.7714653;749.4078;0.97986555;72.519554;100.0;0.52717656;317.8893;1661.3363;0.2502799;-0.22468716;0.042796135;0.15710294;0.11431426;0.3835596;0.02650544;2258.9595;6066.7505;-1594.9664;5307.7646;-163.085;-171.46028
1977-03-24;-1.0106405;-4.3716636;-0.76032513;749.7197;0.99027467;197.65259;100.0;0.5264495;327.04395;1612.6302;0.006198883;-0.47526136;0.108748674;0.22266805;0.11391938;0.90704113;0.0056661665;2488.93;6177.3955;-1585.8717;5427.63;-360.1439;-240.59666
1977-03-25;-0.84552;-5.5221863;-0.56012726;746.99677;0.95872205;216.72643;100.0;0.5254045;336.63184;1563.3545;0.16498071;-0.61931086;0.05568564;0.16920269;0.1135245;0.45763516;0.028911978;2829.5288;6607.403;-1839.0386;5110.1895;-473.11945;-285.76584
1977-03-26;-1.048879;-2.7681007;-0.23742802;745.15485;0.79221135;197.42339;100.0;0.5239914;344.14713;1524.8209;2.8881881;-0.44920203;0.6983727;0.81151724;0.11314452;4.271261;0.9579733;2148.06;4954.1816;-690.3214;6567.884;-342.80057;-344.06223
1977-03-27;-1.0422974;-3.1328456;-0.15700023;746.674;0.87467337;182.71004;100.0;0.51717454;349.49966;1482.0557;0.091051936;-0.56790465;1.2395084;1.3522655;0.11276454;8.935772;0.082440674;2696.6511;6059.22;-1445.6989;5699.265;-432.94168;-327.79333
1977-03-28;-1.4733276;-4.693783;-0.2250557;747.13934;0.8821648;109.467804;100.0;0.5144813;352.71127;1458.8623;13.541234;-0.62930024;0.4451722;0.55757165;0.11240691;1.9742138;11.411442;2078.475;4522.7905;-830.9878;6376.508;-483.38;-296.14444
1977-03-29;-1.2699178;-2.5278218;-0.057617188;745.3492;0.6415648;76.79554;100.0;0.52590936;341.90625;1538.7369;13.496712;-0.21771155;1.2930632;1.4051199;0.11205673;3.9395914;7.339712;871.3811;2887.9622;-430.47388;6772.445;-165.35889;-192.88083
1977-03-30;-1.1291403;-3.9046223;-0.20198567;746.1491;1.008011;86.05996;100.0;0.5273417;343.0817;1538.8184;0.6209837;-0.34434533;0.5083531;0.620082;0.111721456;2.8348937;0.025846064;1819.635;5755.172;-1318.2333;5766.122;-256.42334;-225.98694
1977-03-31;-0.642924;-4.331848;-0.3027242;750.1794;1.842179;29.775848;100.0;0.5244482;349.58755;1501.9531;0.2696693;-0.58447945;0.4941672;0.6055683;0.11139363;3.1077192;0.21431223;2261.8972;6322.6704;-1404.8878;5680.7627;-441.81833;-188.41777
1977-04-01;0.46039835;-4.126516;-0.35951486;753.38116;2.2309434;26.555632;100.0;0.5205583;356.95474;1460.3678;0.002509355;-0.5483134;0.6645024;0.77557564;0.111080706;4.104862;0.0012218952;2722.5671;6931.0146;-1836.2705;5190.649;-411.245;-91.46555
1977-04-02;2.1640828;-4.519877;-0.36953607;751.73285;1.9083934;23.407461;100.0;0.5149047;364.81284;1413.3301;0.0017195926;-0.43027663;1.1135787;1.2243688;0.11079013;6.5543094;0.0;3034.8044;7221.4937;-2011.6128;5062.048;-316.12332;-60.18778
1977-04-03;1.7957662;-5.1459756;-0.34022522;749.5337;1.6646485;21.56874;100.0;0.5074255;372.52896;1364.1764;0.0012739456;-0.48699695;1.4000535;1.5105754;0.11052191;7.8377986;0.0;3198.7856;7238.6304;-1930.5375;5186.156;-360.70056;-101.53
1977-04-04;2.9884136;-3.6318767;-0.2487526;747.43134;0.9799168;67.095665;100.0;0.49689355;379.71548;1310.6283;0.033020973;-0.2805451;2.7027726;2.813071;0.110298395;12.225065;0.0;3096.2996;6748.42;-1425.4089;5800.7573;-199.72888;-149.17555
1977-04-05;1.9767761;-1.2608541;-0.16328557;745.5838;1.0314177;73.1605;100.0;0.4839898;385.4668;1257.4463;2.5235593;-0.16844645;3.8840322;4.0287523;0.14472008;12.976844;0.0;2522.4912;5339.7666;-1083.5569;6179.528;-117.76222;-126.850555
1977-04-06;1.7091776;-1.5604349;-0.15807724;743.7159;1.1532959;72.33552;100.0;0.471046;390.62173;1207.7637;1.1273563;-0.21160953;3.8357973;3.997326;0.16151369;13.823044;2.6077032e-05;2533.3572;5244.8784;-999.3064;6269.2656;-150.81444;-122.814445
1977-04-07;2.0777996;0.75931805;-0.092941284;743.2652;1.0479294;176.5614;100.0;0.45581606;395.51465;1154.2562;3.0548394;-0.23776385;5.908504;6.208748;0.30026585;16.409794;0.0016652048;2823.7827;5750.8223;-604.41583;6836.594;-170.57944;-214.44778
1977-04-08;2.009735;-1.4598795;-0.076024376;744.40924;0.97219247;149.04878;100.0;0.43746528;398.27182;1100.0162;0.14635324;-0.457963;5.4183006;5.8148355;0.3965348;18.652298;0.0;3034.0745;6096.6655;-1109.733;6234.9766;-340.9689;-201.03334
1977-04-09;2.1960957;-3.2296956;-0.22264607;747.5322;0.95332855;173.07184;100.0;0.42136356;403.16568;1046.9156;0.057594385;-0.49371833;4.3503046;4.5397577;0.18943846;14.824068;0.0;3698.564;7356.891;-1917.2222;5258.3936;-365.9222;-176.85333
1977-04-10;1.9365336;-3.8147175;-0.27248764;749.6213;1.0337418;162.92067;100.0;0.40745673;410.21158;995.1579;0.03694296;-0.5337261;4.193038;4.3853226;0.19228458;13.080888;0.0;3767.8179;7433.265;-1939.6542;5210.6685;-396.5711;-169.98445
1977-04-11;1.2944742;-1.9719747;-0.20121129;748.045;1.1823853;104.44637;100.0;0.3936378;417.5319;944.458;1.9671196;-0.43516234;5.211562;5.478725;0.26717037;13.889827;0.0013373792;3375.5134;6617.0806;-1318.7833;5966.567;-322.86667;-187.65111
1977-04-12;1.4683838;-1.4369608;-0.11047236;743.1645;0.97889847;136.60573;100.0;0.37769938;423.05045;894.2464;1.9964725;-0.5292315;5.9633703;6.5174847;0.5540997;16.46674;0.00051409006;3274.8428;6388.773;-1067.6866;6280.283;-396.0411;-233.19333
1977-04-13;-0.95829266;-1.4912618;-0.042509716;740.46735;1.3756733;195.91632;100.0;0.37671414;409.90103;917.60254;32.72446;-0.30455178;3.4245253;3.610447;0.18593669;6.0357714;25.305588;1195.4355;2898.5078;-247.45027;7000.674;-233.35777;-310.32333
1977-04-14;-2.253479;-2.8621929;-0.06330236;741.6275;1.2047908;182.42596;100.0;0.41044772;343.68262;1191.8539;24.85636;-0.3417693;0.6953478;0.84245205;0.14711171;1.2672507;22.701834;763.6889;3115.7112;-312.42056;6854.7007;-261.9461;-333.37112
1977-04-15;-3.6355286;-4.7494607;-0.31378302;743.84064;1.1951653;210.10542;100.0;0.42610595;323.50195;1316.4877;11.428004;-0.503771;0.041753054;0.2014488;0.1596883;0.11558086;10.995302;1238.0984;4747.0386;-674.2967;6387.967;-385.10223;-482.27112
1977-04-16;-1.8801981;-5.00119;-0.50546646;749.56415;0.9428788;210.06248;100.0;0.43032575;324.03647;1329.183;0.11847317;-0.60391057;0.020131469;0.19165874;0.17152727;0.09594858;0.10668114;2051.5083;6908.5117;-1366.8774;5660.589;-455.65;-354.5711
1977-04-17;0.30171713;-4.740957;-0.43126932;749.771;0.9906749;75.75155;100.0;0.42909083;332.3418;1292.7653;0.0070810313;-0.46631134;0.49379468;0.6762892;0.18248707;1.9819475;0.0053681433;2669.9556;7743.3867;-1797.0017;5255.1;-342.18723;-271.03445
1977-04-18;0.21538289;-2.7144978;-0.2815679;747.53564;1.2389491;172.00298;100.0;0.42636266;340.58853;1252.5228;11.271174;-0.46219304;3.0511022;3.243804;0.19269437;4.643623;3.6648064;2579.7588;6747.4165;-1128.2966;6095.1284;-344.2811;-229.39333
1977-04-19;-0.73884076;-2.7296345;-0.08604304;746.32544;0.9879362;136.66588;100.0;0.42908752;333.43393;1287.2314;9.601295;-0.32190418;3.2110362;3.4407973;0.22973865;7.441081;5.3432584;1544.3511;4929.92;-817.99335;6372.558;-238.95111;-217.57777
1977-04-20;-1.705007;-4.1850486;-0.2641767;746.0301;1.0570647;108.1851;100.0;0.42646846;337.1582;1265.9912;6.112042;-0.49412715;1.8130839;2.031058;0.21798164;3.464792;3.0215197;2166.58;6202.2666;-1240.0712;5848.46;-370.85223;-334.4853
1977-04-21;-1.1347758;-5.296407;-0.30980682;747.9234;1.0149688;185.58134;100.0;0.42560375;342.53223;1243.8965;0.2149454;-0.6862506;0.5815774;0.81562996;0.23404509;1.9665248;0.07015467;2345.6929;6566.2876;-1223.4619;5868.22;-519.3589;-314.5122
1977-04-22;-0.28090414;-3.033905;-0.15793736;747.0783;0.9015406;214.82666;100.0;0.42462024;346.73926;1224.8535;9.523928;-0.46189502;1.3866425;1.6369075;0.250265;3.5443082;7.429812;1653.5189;4343.3345;-486.4314;6764.5513;-350.25665;-207.76666
1977-04-23;1.8790283;-1.929006;-0.0026868184;741.54205;0.6110228;202.40999;100.0;0.4262854;342.54916;1245.7682;15.144229;-0.1528319;6.336808;6.6362324;0.29941648;5.621953;0.49576163;885.62164;2662.754;-217.45805;7116.858;-111.846664;-66.65667
1977-04-24;-1.5256449;-2.1778972;-0.05354436;736.4788;1.0350572;186.92706;100.0;0.43391907;332.37827;1305.0131;23.803165;-0.2885768;3.4486055;3.8084536;0.3598556;2.5909803;16.722359;927.2233;3367.7466;-460.28696;6747.701;-219.17223;-279.1889
1977-04-25;-1.6043295;-2.5207317;-0.16629155;742.08405;0.98314136;196.85469;100.0;0.43920934;329.69693;1333.0892;5.1294804;-0.34958962;1.1689663;1.5047491;0.33581257;2.5683978;3.2931864;1522.4434;5114.0015;-671.43555;6524.382;-262.17776;-335.4178
1977-04-26;0.16690063;-3.6474712;-0.18990453;747.8999;0.95604044;172.52686;100.0;0.43602872;334.16016;1306.5186;0.048710603;-0.5830815;1.9563586;2.3295581;0.37318468;6.4248815;0.029683113;2336.3684;7048.714;-1346.4294;5780.35;-435.84;-285.75446
1977-04-27;2.6124268;-4.4854836;-0.33629227;749.52875;1.1203187;76.246124;100.0;0.429221;341.79654;1257.6498;0.0023722649;-0.40154904;2.1917224;2.6000738;0.40834397;7.10487;0.0;2967.9229;7986.553;-1756.5806;5391.5522;-288.24554;-155.51889
1977-04-28;3.2969666;-3.5544128;-0.24298096;749.5157;1.2219503;60.303833;100.0;0.4197221;349.83594;1201.945;0.13580918;-0.33758953;3.787756;4.2868853;0.49913675;11.087228;0.0;2914.679;7223.0093;-1381.9044;5852.9805;-239.69221;-130.79
1977-04-29;2.6630046;-0.027770996;-0.15287018;748.5964;1.587;39.8007;100.0;0.4078959;356.60904;1145.5078;3.70875;-0.2082102;5.943835;7.1973505;1.2535155;13.248701;0.0;2437.8193;5683.1777;-906.305;6402.7656;-146.28334;-103.21111
1977-04-30;2.341756;-0.4127299;-0.09743246;747.93536;1.1734558;85.15579;100.0;0.39555693;359.72916;1100.9928;10.902422;-0.31802619;9.47547;10.925979;1.4505088;15.63791;1.4021844;2457.334;5822.9453;-917.57916;6392.4243;-231.98666;-183.56223
1977-05-01;2.3902996;-1.7489828;-0.1906306;750.616;0.98179144;92.709755;100.0;0.38322946;364.47592;1053.1412;0.9791851;-0.28581357;4.3675003;5.111739;0.74423105;12.697436;0.017024577;2406.9773;5440.578;-1049.5311;6178.081;-207.23111;-131.41112
1977-05-02;3.3905334;-2.8453166;-0.24141438;750.3557;1.1213923;78.27779;100.0;0.36854216;371.2871;994.4255;0.00049471844;-0.3857743;6.1820745;7.5562296;1.3741627;16.284443;0.0;3690.815;8046.49;-1696.1936;5572.8735;-275.04224;-156.23111
1977-05-03;3.3617249;-1.7209778;-0.21648788;748.2776;1.0530127;88.056496;100.0;0.35125908;378.36197;930.25714;0.032775946;-0.38308743;6.912142;8.195892;1.2837499;17.739529;0.0;3702.695;7842.153;-1536.8883;5772.573;-274.05;-192.2889
1977-05-04;2.5189006;-0.40610757;-0.1762975;747.3533;1.3107961;104.27737;100.0;0.33343187;385.1582;867.7165;4.8157897;-0.37793723;8.992016;10.686382;1.6943738;17.60931;0.00078603625;3454.7527;7156.6445;-1193.8887;6185.1533;-274.6711;-178.28444
1977-05-05;1.6580302;-0.5215149;-0.12239202;747.2708;0.89448756;151.5619;100.0;0.32161775;389.8955;826.33466;13.967427;-0.12909435;8.986532;11.391849;2.4053156;10.416918;0.013493001;1525.7178;3103.49;-673.8886;6561.815;-93.85;-73.933334
1977-05-06;1.905131;0.6970418;-0.07637914;747.3437;1.0305382;216.62291;100.0;0.30849305;394.5267;783.77277;8.242798;-0.19628182;10.7631235;14.034897;3.271766;19.507729;0.0;2608.0105;5241.6646;-608.7864;6797.452;-139.0539;-173.60556
1977-05-07;2.2605488;-1.2284546;-0.13641231;746.71466;1.1204251;260.6154;100.0;0.2885269;397.6058;727.66113;0.32632947;-0.61448944;8.418888;12.0174885;3.5985782;20.81634;0.00021606684;3648.4944;7266.84;-1329.5858;6004.9854;-459.43277;-243.36444
1977-05-08;2.598399;-0.9420166;-0.28634644;748.73004;1.2486513;229.89018;100.0;0.26990315;403.72037;670.9798;0.61151385;-0.5394826;6.85814;10.25182;3.3936872;17.572641;0.0;3708.0632;7324.6055;-1552.8027;5747.642;-400.89557;-174.41444
1977-05-09;3.027425;-2.596883;-0.33542633;751.68744;1.198713;191.46562;100.0;0.25073478;411.2933;612.06055;0.0058573796;-0.529035;7.992044;11.696786;3.7047415;19.959469;0.0015087426;4064.3823;7977.8213;-1612.3373;5694.8926;-387.49554;-224.6789
1977-05-10;3.467448;-3.078888;-0.42178854;751.7688;1.2054046;151.39693;100.0;0.23030634;419.6315;550.94403;0.026400374;-0.5177306;8.624792;13.678148;5.053356;20.335875;0.0;4305.7373;8407.408;-1954.743;5317.1187;-377.41943;-146.84
1977-05-11;4.1395364;-2.2394207;-0.41937003;750.7891;1.1937379;196.42284;98.68799;0.21065407;428.5433;493.44888;0.3177911;-0.45899582;7.5731573;12.330353;4.7571955;18.637457;0.0;3623.6484;7010.1455;-1353.0297;5976.9136;-333.66556;-108.29889
1977-05-12;6.8801675;-0.9049886;-0.18896993;750.9282;0.6295226;174.28853;96.73242;0.19404905;436.2103;446.167;0.48697293;-0.23214705;6.302342;11.962607;5.660266;15.478935;0.0;2406.1921;4583.569;-522.54474;6925.8623;-162.86444;-42.984444
1977-05-13;8.577667;1.412028;-0.105163574;752.59406;1.2287812;186.69627;95.29354;0.17241187;440.8828;392.53745;0.9188264;-0.40427223;10.971591;18.608437;7.636845;24.567648;0.0;3587.912;6770.7534;-896.6911;6666.398;-284.33777;-68.44889
1977-05-14;8.408244;2.3636982;-0.09108734;751.1524;1.2355887;210.71123;94.3829;0.14771688;443.1566;334.55405;4.035925;-0.36746356;12.037873;21.66839;9.630516;25.177612;0.0;3243.591;6078.576;-769.5344;6821.545;-254.7911;-34.86222
1977-05-15;6.1097107;0.08276367;-0.38141122;750.2303;1.178465;205.30391;93.989174;0.122335516;447.02603;274.90234;0.0116912965;-0.5992865;11.185914;21.266819;10.080889;25.666918;0.0;4332.0044;8090.033;-1605.8744;5878.549;-424.07666;-195.68666
1977-05-16;6.3033752;-2.5489604;-0.93358487;749.15765;1.2356621;137.70703;93.83838;0.09761604;448.78516;218.58723;0.0008523463;-0.6769616;10.128796;23.017035;12.888223;24.194042;0.0;4520.0205;8411.177;-1965.8278;5384.9707;-483.77444;-152.64555
1977-05-17;5.3904724;-0.6083171;-1.0119451;748.667;1.1642284;142.74184;93.53768;0.07411865;449.3877;166.01562;2.4219365;-0.54396504;10.374904;23.347527;12.972623;22.637383;0.0;4005.1921;7429.008;-1426.789;5953.8604;-386.40778;-192.54778
1977-05-18;4.019033;1.1614279;-0.41514078;745.6618;1.1162379;81.04922;90.68937;0.054261167;449.46875;121.45996;13.637665;-0.34542197;13.521984;28.044283;14.522299;17.385683;0.0;2856.646;5241.6187;-792.37665;6677.4844;-240.1789;-159.15555
1977-05-19;1.5694784;-0.6514282;-0.3551979;743.9913;1.5313941;41.936703;85.03125;0.040576577;430.2233;91.51205;8.143976;-0.5611824;7.831201;21.886497;14.055297;13.078037;0.3992282;2358.8467;4313.763;-783.59;6602.278;-406.27444;-179.62222
1977-05-20;3.317973;-2.0634868;-1.2865385;746.66254;1.6225657;41.163315;63.125977;0.027492562;425.40463;62.66276;0.872314;-1.2833523;4.9964485;18.214941;13.2185;13.641883;0.01720339;4125.6978;6816.919;-1401.152;6055.8433;-920.18945;-426.42444
1977-05-21;3.6341248;1.0475057;-1.0980047;749.5122;1.0944419;61.849274;38.678387;0.016871294;425.91406;38.2487;3.915131;-1.2563179;4.0852127;16.515017;12.429804;9.413358;0.0;3702.2788;5445.967;-1128.7833;6519.4717;-875.14166;-481.9822
1977-05-22;5.2378335;0.560262;-0.9062131;750.92474;1.1490477;72.58195;20.560385;0.008875052;425.8981;20.06022;2.548784;-2.0763855;2.892837;14.235154;11.342317;6.969735;0.00020116568;5086.88;6929.844;-1512.6478;6457.7744;-1443.9044;-760.73444
1977-05-23;7.211782;0.93152875;-0.5463867;750.82764;1.1620287;36.836967;9.214111;0.0039562383;425.8981;8.992513;1.4326453;-2.7610493;1.3588965;11.6524105;10.293529;3.647171;4.4703484e-05;5692.872;7396.068;-1810.3645;6428.844;-1918.1823;-851.6089
1977-05-24;8.092346;2.4485676;-0.22997029;749.0096;0.9632761;70.86816;3.7811687;0.0016231934;425.90298;3.9469402;1.8335402;-2.694836;0.79867244;10.103523;9.304866;1.5025213;0.0;5074.052;6447.6543;-1692.8467;6641.6367;-1872.0044;-803.00775
1977-05-25;7.2092185;4.947164;-0.112044014;747.9319;1.0683942;151.31396;1.5698242;0.00067392987;423.66342;1.7089844;13.680393;-2.1447186;3.440425;11.865765;8.425355;0.62674654;0.0;4417.9707;5559.453;-1377.3022;6975.483;-1489.6978;-963.30334
1977-05-26;6.124481;3.9172058;0.009830475;747.47974;1.1899602;138.7799;0.6277669;0.00026901564;422.0104;0.61035156;3.96319;-2.4532685;0.9307265;8.627832;7.6971054;0.2578199;0.0;4656.476;5832.168;-1385.905;6959.4033;-1704.17;-1186.2178
1977-05-27;6.4056396;2.2292888;-0.028066;750.7246;1.338404;139.3682;0.24837239;0.000106334686;422.0078;-7.345365e-21;2.1077156;-3.0425332;0.4299134;7.523924;7.094011;0.10801852;0.0;5677.9136;7093.9233;-1874.3173;6529.1616;-2113.5657;-1314.8066
1977-05-28;7.7872825;1.0267944;-0.15822601;752.3565;1.1947111;76.51387;0.09423828;4.0570896e-05;422.0078;-7.345365e-21;0.15748574;-3.3340268;0.034712255;6.601781;6.5670757;0.041805208;0.0;5723.166;7138.7866;-1996.965;6420.301;-2316.0378;-1023.04553
1977-05-29;10.010488;1.2014872;-0.14679591;751.61475;1.236078;85.65154;0.034179688;1.4662743e-05;422.0078;-7.345365e-21;0.009690385;-3.8682408;0.004798174;6.1012654;6.09646;0.017002225;0.0;6569.301;8183.8223;-2324.7117;6280.2153;-2687.139;-980.9067
1977-05-30;9.392914;2.9931133;0.0079027815;749.905;1.1641665;95.01066;0.011067708;4.609426e-06;422.0078;-7.345365e-21;3.2313375;-3.2759924;0.538066;6.2136054;5.6755466;0.0053048134;0.0;5894.112;7334.2627;-2151.9553;6474.366;-2275.7222;-1077.0566
1977-05-31;9.564952;0.38220215;0.009958903;747.92365;1.3037149;115.97501;0.0037434895;1.66893e-06;422.0078;-7.345365e-21;0.35758615;-3.6756182;0.048935413;5.348146;5.29924;0.001784414;0.0;6055.9814;7527.37;-2101.715;6452.027;-2553.33;-1054.1877
1977-06-01;8.002147;1.0163473;-0.012882233;747.63055;1.1948235;147.87251;0.0012207031;5.165736e-07;422.0078;-7.345365e-21;2.5361667;-2.8807986;0.3657043;5.327731;4.9620123;0.00055879354;0.0;5265.987;6538.209;-1934.7494;6465.6123;-2001.1956;-1150.8478
1977-06-02;8.2195635;-0.3919169;-0.15494283;747.86865;1.2170277;146.81566;0.0;-7.3453654e-25;422.0078;-7.345365e-21;0.5706966;-3.4323223;0.07214397;4.7317147;4.659563;0.00022351742;0.0;6166.612;7648.628;-2259.9531;6131.6313;-2384.32;-1276.1522
1977-06-03;9.0563965;-2.392049;-0.5840848;748.3958;1.2571652;131.90244;0.0;-7.3453654e-25;409.71744;-7.345365e-21;0.037796747;-3.684556;0.0043958426;4.3892713;4.3848753;8.940697e-05;0.0;6556.4194;8123.5312;-2463.9854;5962.6006;-2559.5388;-1229.8722
1977-06-04;9.736897;-1.2709757;-2.7425232;750.8367;1.2969726;142.842;0.0;-7.3453654e-25;200.22331;-7.345365e-21;0.13319433;-3.5742726;0.014737248;4.1505547;4.13581;2.6077032e-05;0.0;6290.8726;7786.312;-2345.045;6181.463;-2482.929;-1121.0544
1977-06-05;11.65271;-2.0787556;-1.3108572;752.2158;1.3234785;136.731;0.0;-7.3453654e-25;106.67153;-7.345365e-21;0.0030516975;-4.0342526;0.00032782555;3.9093642;3.9090514;1.1175871e-05;0.0;6846.519;8465.196;-2581.7705;6080.671;-2802.46;-1021.48114
1977-06-06;13.225535;-0.23582967;0.010025024;752.945;1.2815837;174.399;0.0;-7.3453654e-25;99.99998;-7.345365e-21;0.0016391268;-3.9351246;0.00016391277;3.7018805;3.7017093;0.0;0.0;6702.3105;8278.163;-2366.4414;6468.9565;-2733.6;-1059.99
1977-06-07;13.243022;2.98055;0.009609222;752.0423;1.1260157;106.86413;0.0;-7.3453654e-25;99.99998;-7.345365e-21;2.14915;-3.1788294;0.25743246;3.770575;3.51315;0.0;0.0;5735.327;7076.2856;-2152.2522;6723.75;-2208.2256;-981.55334
1977-06-08;12.376038;-0.19432576;0.009887695;750.1026;1.193796;123.05533;0.0;-7.3453654e-25;99.99998;-7.345365e-21;0.0;-3.9248726;0.0;3.340304;3.340304;0.0;0.0;6965.6167;8585.35;-2765.2605;6037.2954;-2726.479;-1188.75
1977-06-09;12.171336;-1.7797953;0.009773254;750.08026;1.2144678;110.011505;0.0;-7.3453654e-25;99.99998;-7.345365e-21;0.0004284078;-3.8069208;4.4703484e-05;3.1801462;3.180109;0.0;0.0;6971.6934;8583.813;-2781.119;6000.6685;-2644.541;-1203.1923
1977-06-10;12.785024;1.9802042;0.009958903;748.361;1.0339051;74.68349;0.0;-7.3453654e-25;99.99998;-7.345365e-21;1.7030329;-3.1299536;0.16643107;3.1994133;3.0329971;0.0;0.0;5981.6323;7357.029;-2256.955;6702.797;-2174.2756;-1036.5645
1977-06-11;13.372792;-0.2205302;0.009854634;748.4028;1.497447;140.12425;0.0;-7.3453654e-25;99.99998;-7.345365e-21;0.0;-3.780433;0.0;2.8971732;2.8971806;0.0;0.0;6845.2646;8410.564;-2737.6162;6181.39;-2626.141;-1207.5945
1977-06-12;13.24231;-1.0043741;0.009681702;750.18207;1.0775018;140.47227;0.0;-7.3453654e-25;99.99998;-7.345365e-21;0.0008583069;-3.546344;7.4505806e-05;2.7701855;2.770111;0.0;0.0;7028.0;8626.07;-2932.7957;6011.5845;-2463.5278;-1234.55
1977-06-13;13.672618;-1.7779745;0.009923299;749.1934;1.2037681;142.38219;0.0;-7.3453654e-25;99.99998;-7.345365e-21;0.0012950222;-3.4638932;0.00010430813;2.6518404;2.6517363;0.0;0.0;7026.5044;8615.226;-2970.7256;6038.4116;-2406.2512;-1261.2333
1977-06-14;13.068176;-3.4176838;0.009838104;748.3845;1.1836485;178.03217;0.0;-7.3453654e-25;99.99998;-7.345365e-21;0.0;-3.229944;0.0;2.5413184;2.5413184;0.0;0.0;7040.35;8623.21;-2993.6023;5989.9634;-2243.735;-1451.3667
1977-06-15;13.650218;-2.2710266;0.010098775;748.38116;1.1203068;145.75731;0.0;-7.3453654e-25;99.99998;-7.345365e-21;0.0012878908;-3.0925694;0.00010430813;2.4382174;2.438128;0.0;0.0;6982.086;8542.934;-2948.1226;6160.505;-2148.3044;-1443.1912
1977-06-16;14.246684;-1.6233317;0.009974162;748.9448;1.1473016;128.82515;0.0;-7.3453654e-25;99.99998;-7.345365e-21;0.0008583069;-2.907481;5.9604645e-05;2.341494;2.3414419;0.0;0.0;6936.605;8486.207;-2901.2727;6312.099;-2019.73;-1543.8478
1977-06-17;14.243062;-2.18278;0.009977977;749.40546;1.1763191;152.35835;0.0;-7.3453654e-25;99.99998;-7.345365e-21;0.023502111;-2.612234;0.0017285347;2.252549;2.250813;0.0;0.0;6753.0615;8260.5625;-2863.2512;6376.493;-1814.6311;-1681.0078
1977-06-18;13.596538;-2.5047505;0.010131836;747.60626;1.1245763;150.39357;0.0;-7.3453654e-25;99.99998;-7.345365e-21;0.0598073;-2.4245036;0.0043213367;2.170056;2.1657646;0.0;0.0;6855.961;8385.37;-2954.274;6274.567;-1684.2222;-1840.61
1977-06-19;12.990834;-2.245229;0.010389964;747.0546;1.1751812;160.50894;0.0;-7.3453654e-25;99.99998;-7.345365e-21;0.3517121;-2.1454916;0.024303794;2.1104069;2.086103;0.0;0.0;6368.1724;7787.6987;-2715.7915;6485.5767;-1490.4016;-1791.8989
1977-06-20;12.163666;-1.4359232;0.010116577;747.7458;1.3013666;160.02943;0.0;-7.3453654e-25;99.99998;-7.345365e-21;0.14120106;-1.9525671;0.009551644;2.0209699;2.0114036;0.0;0.0;5902.1064;7216.899;-2533.5679;6619.642;-1356.3828;-1715.82
1977-06-21;12.825999;-0.11592611;0.009983063;746.65845;1.4056643;116.769615;0.0;-7.3453654e-25;99.99998;-7.345365e-21;0.21159947;-1.8856442;0.014409423;1.955539;1.9411296;0.0;0.0;6053.431;7400.8667;-2609.4329;6557.379;-1309.8939;-1834.3989
1977-06-22;11.914083;0.34392294;0.009744008;746.6689;1.24084;119.94998;0.0;-7.3453654e-25;99.99998;-7.345365e-21;0.44561923;-1.8894784;0.029459596;1.9041449;1.8746629;0.0;0.0;6270.0767;7664.783;-2642.7466;6584.7954;-1312.5577;-1949.1866
1977-06-23;13.114441;1.1851501;0.010098775;747.6058;1.4179889;106.50762;0.0;-7.3453654e-25;99.99998;-7.345365e-21;0.0;-2.1225252;0.0;1.8114746;1.8114672;0.0;0.0;6892.7485;8424.815;-2859.4873;6526.257;-1474.4484;-2106.1467
1977-06-24;14.686768;2.4425862;0.00999705;748.3698;1.0885814;75.78857;0.0;-7.3453654e-25;99.99998;-7.345365e-21;0.03811717;-1.9504484;0.002413988;1.7536432;1.7512441;0.0;0.0;6583.061;8045.297;-2867.4734;6692.4795;-1354.9111;-1837.8867
1977-06-25;16.46464;-0.12320963;0.009719849;748.53296;1.3565623;138.18602;0.0;-7.3453654e-25;99.99998;-7.345365e-21;0.0004351138;-1.9959435;2.9802322e-05;1.6939491;1.6939342;0.0;0.0;6985.4565;8536.0;-3176.582;6512.2;-1386.5155;-1955.8966
1977-06-26;15.228088;-0.77839154;0.010011037;747.62476;1.4434566;112.548195;0.0;-7.3453654e-25;99.99998;-7.345365e-21;0.0025779;-1.8213615;0.00015646219;1.6395748;1.6394109;0.0;0.0;7137.025;8719.933;-3313.1284;6290.2456;-1265.2389;-2119.0923
1977-06-27;14.5954895;1.16332;0.009953816;746.7303;1.3901647;175.89586;0.0;-7.3453654e-25;99.99998;-7.345365e-21;0.0008523463;-1.6710907;5.9604645e-05;1.5877038;1.5876442;0.0;0.0;6952.948;8493.963;-3044.5066;6560.977;-1160.8511;-2381.7656
1977-06-28;13.904225;-3.0080872;0.009994507;746.7591;1.5175967;185.71167;0.0;-7.3453654e-25;99.99998;-7.345365e-21;0.0004351138;-1.50654;2.9802322e-05;1.5386045;1.5385821;0.0;0.0;7054.057;8616.52;-3210.1938;6181.65;-1046.5433;-2560.5566
1977-06-29;14.587392;-3.4901428;0.009913127;746.8113;1.238381;168.66301;0.0;-7.3453654e-25;99.99998;-7.345365e-21;0.0008463859;-1.5622936;5.9604645e-05;1.4919639;1.4919043;0.0;0.0;7104.2124;8676.672;-3358.1602;6130.6313;-1085.2733;-2286.9722
1977-06-30;13.917562;-3.4347026;0.009958903;746.15643;1.296994;142.88194;0.0;-7.3453654e-25;99.99998;-7.345365e-21;0.0021427858;-1.4840494;0.00011920929;1.447469;1.4473498;0.0;0.0;7086.491;8653.884;-3267.67;6209.219;-1030.92;-2426.9678
1977-07-01;13.29012;-3.3393047;0.0097846985;745.87054;1.4530395;153.35979;0.0;-7.3453654e-25;99.99998;-7.345365e-21;0.042660158;-1.3389941;0.0025480986;1.4075637;1.4050305;0.0;0.0;6786.4297;8286.331;-3085.115;6290.56;-930.1544;-2537.8188
1977-07-02;12.881683;-4.336324;0.0097516375;744.7932;1.4427866;154.52184;0.0;-7.3453654e-25;99.99998;-7.345365e-21;0.00042617318;-1.3866779;2.9802322e-05;1.3646632;1.3646334;0.0;0.0;7057.703;8616.466;-3283.7896;6085.38;-963.2789;-2555.771
1977-07-03;13.790649;-4.4030457;0.009913127;745.217;1.204225;157.64024;0.0;-7.3453654e-25;99.99998;-7.345365e-21;0.0;-1.4033579;0.0;1.3259351;1.3259351;0.0;0.0;7107.0205;8675.597;-3378.7412;6086.4966;-974.86664;-2372.8477
1977-07-04;14.62442;-3.0554402;0.010192871;747.4282;1.2295412;154.78801;0.0;-7.3453654e-25;99.99998;-7.345365e-21;0.0008642673;-1.3935622;5.9604645e-05;1.2888908;1.2888461;0.0;0.0;7078.7163;8639.918;-3369.3762;6204.1245;-968.0611;-2347.42
1977-07-05;15.664124;-5.445811;0.009962718;748.70074;1.1883138;106.13026;0.0;-7.3453654e-25;99.99998;-7.345365e-21;0.0;-1.4549568;0.0;1.2532324;1.2532324;0.0;0.0;7129.747;8701.065;-3525.5583;6193.392;-1010.70886;-2118.5444
1977-07-06;17.473633;3.9360046;0.01001358;748.60034;1.3384787;66.46368;0.0;-7.3453654e-25;99.99998;-7.345365e-21;0.0008787813;-1.367012;4.4703484e-05;1.2191087;1.219064;0.0;0.0;6583.938;8033.8755;-2883.429;7133.081;-949.6189;-2104.12
1977-07-07;19.190256;5.641825;0.010210673;746.9222;1.2252406;73.99101;0.0;-7.3453654e-25;99.99998;-7.345365e-21;0.0022257417;-1.4047306;0.00011920929;1.1863708;1.1862665;0.0;0.0;6547.1772;7988.074;-2911.7134;7342.142;-975.81946;-2025.0022
1977-07-08;19.4134;4.577474;0.009562175;745.8934;1.5054961;104.71973;0.0;-7.3453654e-25;99.99998;-7.345365e-21;0.0019284907;-1.2856247;0.00010430813;1.1549741;1.1548698;0.0;0.0;6216.4717;7583.59;-2853.966;7340.5645;-893.0811;-2007.7517
1977-07-09;17.437887;6.017395;0.009651184;747.0691;1.362127;61.487316;0.0;-7.3453654e-25;99.99998;-7.345365e-21;0.3994614;-1.2203474;0.022038817;1.1470169;1.1249781;0.0;0.0;5965.8174;7276.884;-2645.7483;7429.2056;-847.73444;-2063.5557
1977-07-10;15.199199;8.91331;0.010299683;746.8272;1.3444282;56.503513;0.0;-7.3453654e-25;99.99998;-7.345365e-21;7.7480702;-1.4499482;0.5571246;1.6537607;1.0966212;0.0;0.0;5450.4727;6647.4316;-2283.4456;7473.7544;-1007.23;-2001.9366
1977-07-11;16.150156;3.1838787;0.009955089;745.8128;1.5753225;156.20128;0.0;-7.3453654e-25;100.00259;-7.345365e-21;0.008001157;-3.1896365;0.0003874302;1.0700375;1.0696425;0.0;0.0;6371.4785;7769.5347;-2434.5034;7080.632;-2215.7344;-1655.9645
1977-07-12;16.786245;-1.0883993;0.009883881;748.7029;1.3588883;169.62465;0.0;-7.3453654e-25;99.99998;-7.345365e-21;0.00086128706;-2.8548856;5.2154064e-05;1.043275;1.0432303;0.0;0.0;6990.197;8523.041;-3027.2488;6552.763;-1983.1934;-1738.8767
1977-07-13;17.678701;-3.759837;0.009819031;750.5999;1.2574282;192.90953;0.0;-7.3453654e-25;99.99998;-7.345365e-21;0.00084638584;-2.4706404;4.4703484e-05;1.0177493;1.0176823;0.0;0.0;7056.8955;8603.298;-3305.4226;6400.807;-1716.2711;-1713.8044
1977-07-14;17.898703;-8.282521;0.009824117;749.4361;1.1904594;148.54631;0.0;-7.3453654e-25;99.99998;-7.345365e-21;0.0;-1.9645635;0.0;0.9930581;0.993073;0.0;0.0;7156.301;8723.344;-3670.304;6067.792;-1364.7167;-1835.7866
1977-07-15;17.324503;-2.8460693;0.010232289;748.11304;1.3422523;86.16135;0.0;-7.3453654e-25;99.99998;-7.345365e-21;0.00042617318;-1.5529115;2.2351742e-05;0.96933544;0.96930563;0.0;0.0;7066.5415;8612.654;-3400.4956;6494.1357;-1078.7556;-2021.8822
1977-07-16;16.889273;5.46756;0.0096537275;747.9263;2.1190782;37.766117;0.0;-7.3453654e-25;99.99998;-7.345365e-21;0.0017131033;-1.1820812;0.00010430813;0.94650686;0.94641745;0.0;0.0;6763.0117;8241.03;-3004.9683;6924.356;-821.1522;-2574.4722
1977-07-17;16.74119;3.519643;0.010047913;747.64044;2.1096237;39.95796;0.0;-7.3453654e-25;99.99998;-7.345365e-21;0.0012964483;-1.1244882;7.4505806e-05;0.92445314;0.9243861;0.0;0.0;6748.0117;8220.943;-3066.8845;6846.2104;-781.1445;-2551.6821
1977-07-18;17.650635;4.4926353;0.0097134905;746.81635;1.1890033;95.97387;0.0;-7.3453654e-25;99.99998;-7.345365e-21;0.16177809;-1.102116;0.008583069;0.91175735;0.9031594;0.0;0.0;6215.2505;7570.2;-2858.11;7198.9043;-765.60223;-2135.2234
1977-07-19;18.334677;-1.9327291;0.0099817915;748.0341;1.6104398;136.21175;0.0;-7.3453654e-25;99.99998;-7.345365e-21;0.0051394105;-1.1481782;0.00020861626;0.8829534;0.8827299;0.0;0.0;6434.3936;7835.28;-3098.6516;6864.46;-797.60114;-2322.1177
1977-07-20;17.44509;-6.5157776;0.009797414;750.2219;1.3750647;145.97975;0.0;-7.3453654e-25;99.99998;-7.345365e-21;0.00043511385;-1.1007097;2.9802322e-05;0.86298585;0.86297095;0.0;0.0;7019.1187;8545.459;-3544.296;6296.2515;-764.62665;-2457.7734
1977-07-21;17.643656;-5.467631;0.009991963;750.7128;1.235325;101.73707;0.0;-7.3453654e-25;99.99998;-7.345365e-21;0.001712684;-1.1476204;8.940697e-05;0.84385276;0.84376335;0.0;0.0;7031.9863;8559.21;-3635.0046;6344.4976;-797.2133;-2191.9211
1977-07-22;19.218801;2.6568806;0.0100619;748.9953;1.3991728;94.72285;0.0;-7.3453654e-25;99.99998;-7.345365e-21;0.0036723414;-1.1272281;0.00017881393;0.8252859;0.8251071;0.0;0.0;6789.5703;8262.292;-3212.9624;7034.3745;-783.0478;-2211.6821
1977-07-23;19.101847;5.3621216;0.010175069;748.2126;1.3917731;89.582924;0.0;-7.3453654e-25;99.99998;-7.345365e-21;0.00044107434;-1.0279305;2.9802322e-05;0.8071214;0.80709904;0.0;0.0;6333.535;7705.5923;-2970.6973;7292.4487;-714.0689;-2235.5967
1977-07-24;19.120523;3.1976116;0.009693146;747.48926;1.2549866;102.16038;0.0;-7.3453654e-25;99.99998;-7.345365e-21;0.0012814989;-1.080202;7.4505806e-05;0.78971684;0.7896498;0.0;0.0;6673.989;8118.0293;-3194.1772;7112.4644;-750.3811;-2311.3423
1977-07-25;19.228546;4.66567;0.010008494;747.9191;1.2983645;84.797035;0.0;-7.3453654e-25;100.00519;-7.345365e-21;0.0004351138;-0.9942111;2.9802322e-05;0.772804;0.7727891;0.0;0.0;6211.3887;7553.694;-2859.7612;7436.3013;-690.6445;-2252.3667
1977-07-26;18.344086;2.9583232;0.009820302;747.8281;1.4160146;175.87538;0.0;-7.3453654e-25;99.99998;-7.345365e-21;0.0017225739;-0.9748694;8.940697e-05;0.75656176;0.75648725;0.0;0.0;6584.699;8005.8027;-3215.07;6937.1855;-677.20886;-2490.919
1977-07-27;17.569183;-3.2070618;0.010065715;746.4248;1.3889985;109.52289;0.0;-7.3453654e-25;99.99998;-7.345365e-21;0.0021368132;-0.9884201;0.00011920929;0.74084103;0.7407367;0.0;0.0;6941.1123;8437.297;-3546.76;6486.4277;-686.6222;-2385.27
1977-07-28;16.710917;3.4857686;0.009827931;747.003;1.7159828;50.617798;0.0;-7.3453654e-25;99.99998;-7.345365e-21;0.0012814989;-0.86577797;7.4505806e-05;0.72561204;0.72553754;0.0;0.0;6313.1016;7672.3257;-2962.0593;7043.931;-601.4278;-2476.4722
1977-07-29;16.404266;2.722229;0.009919484;746.3467;1.6144032;44.344112;0.0;-7.3453654e-25;99.99998;-7.345365e-21;0.041383505;-0.85737276;0.0022351742;0.71310997;0.7108748;0.0;0.0;6323.32;7683.05;-2909.2844;7064.557;-595.58777;-2539.6768
1977-07-30;15.435059;3.7795715;0.00997289;745.89044;1.3544177;63.790592;0.0;-7.3453654e-25;99.99998;-7.345365e-21;2.117592;-0.9497665;0.13579428;0.8326173;0.6968379;0.0;0.0;5217.489;6338.031;-2513.0466;7253.364;-659.77;-1945.3689
1977-07-31;16.333862;3.6804912;0.010058085;747.93427;1.4823972;97.839455;0.0;-7.3453654e-25;99.99998;-7.345365e-21;0.6850958;-1.621794;0.036418438;0.7198155;0.68338215;0.0;0.0;5652.455;6864.7124;-2581.5356;7109.579;-1126.6056;-1833.57
1977-08-01;17.104483;0.8763326;0.009900411;749.5679;1.4661409;116.83823;0.0;-7.3453654e-25;99.99998;-7.345365e-21;0.0;-1.5829931;0.0;0.6701648;0.6701648;0.0;0.0;6462.867;7847.102;-3015.547;6787.798;-1099.6522;-2124.8855
1977-08-02;18.09612;0.2513021;0.009969075;750.8501;1.1058103;89.34629;0.0;-7.3453654e-25;99.99998;-7.345365e-21;0.0008583069;-1.3589077;5.9604645e-05;0.657171;0.6571263;0.0;0.0;6661.0894;8086.0835;-3247.5134;6829.5566;-943.9878;-2016.64
1977-08-03;20.225351;0.2513326;0.0098775225;751.6287;1.3195794;93.426544;0.0;-7.3453654e-25;99.99998;-7.345365e-21;0.0;-1.1247787;0.0;0.6444007;0.6444007;0.0;0.0;6678.2983;8105.1475;-3345.8313;6965.63;-781.3467;-2058.619
1977-08-04;20.89974;1.3118387;0.009894053;750.89874;1.3503636;104.51995;0.0;-7.3453654e-25;99.99998;-7.345365e-21;0.03172668;-0.93724763;0.0016093254;0.6337166;0.63212216;0.0;0.0;5953.7334;7224.1934;-2959.1528;7409.4756;-651.07446;-1924.0989
1977-08-05;19.433594;6.2373147;0.010012309;748.7317;1.3773851;77.73753;0.0;-7.3453654e-25;100.00519;-7.345365e-21;0.17860532;-0.8761678;0.007227063;0.6275326;0.62030554;0.0;0.0;5580.0366;6769.2573;-2776.1626;7492.4766;-608.6445;-1867.1133
1977-08-06;17.949646;9.40446;0.010309855;747.6145;1.6266943;44.577682;0.0;-7.3453654e-25;99.99998;-7.345365e-21;3.2480836;-1.0688957;0.20354986;0.8125007;0.60893595;0.0;0.0;5567.7085;6752.87;-2444.6934;7676.3433;-742.5267;-2153.8555
1977-08-07;18.081228;4.979238;0.010173798;749.29755;1.3053476;123.123375;0.0;-7.3453654e-25;100.00259;-7.345365e-21;0.022606844;-1.7898613;0.0009834766;0.5989671;0.5979687;0.0;0.0;5416.3823;6567.939;-2456.0562;7362.844;-1243.3567;-1659.8567
1977-08-08;18.46346;-1.1859537;0.009934743;751.7192;1.2818555;123.72986;0.0;-7.3453654e-25;99.99998;-7.345365e-21;0.0013017152;-1.6026841;7.4505806e-05;0.58726966;0.58719516;0.0;0.0;6143.7554;7448.1426;-2939.6477;6948.432;-1113.331;-1925.0989
1977-08-09;18.831064;-0.762736;0.010093689;751.0258;1.1327857;92.1197;0.0;-7.3453654e-25;99.99998;-7.345365e-21;0.0017169586;-1.2923824;8.940697e-05;0.57670474;0.57661533;0.0;0.0;6230.417;7551.3315;-3073.4744;7028.121;-897.7744;-1868.2278
1977-08-10;20.298422;1.9259949;0.0098559065;750.38446;1.3769852;92.91219;0.0;-7.3453654e-25;99.99998;-7.345365e-21;0.0008642673;-1.0422077;4.4703484e-05;0.5662739;0.5662292;0.0;0.0;6339.792;7682.348;-3119.4553;7148.2;-723.9878;-2123.3633
1977-08-11;19.89033;-2.592682;0.009911855;750.8882;1.3137144;155.33151;0.0;-7.3453654e-25;99.99998;-7.345365e-21;0.0012874507;-0.9285165;7.4505806e-05;0.55620074;0.55612624;0.0;0.0;6610.1772;8008.203;-3494.2844;6680.741;-645.01;-2229.3157
1977-08-12;20.071707;-4.7719827;0.010134379;751.9529;1.2409344;160.751;0.0;-7.3453654e-25;99.99998;-7.345365e-21;0.0030101337;-0.8681966;0.00014901161;0.5464852;0.5463362;0.0;0.0;6641.1777;8044.0293;-3578.3738;6552.049;-603.1067;-2160.6167
1977-08-13;20.325418;-4.2444863;0.009676616;752.79376;1.3596188;251.07654;0.0;-7.3453654e-25;99.99998;-7.345365e-21;0.001733968;-0.84501874;8.940697e-05;0.53688884;0.53682923;0.0;0.0;6538.8057;7918.279;-3399.2004;6805.972;-587.00555;-2161.1455
1977-08-14;19.767273;-1.2981161;0.009525299;753.6133;1.3557711;140.37889;0.0;-7.3453654e-25;99.99998;-7.345365e-21;0.0017137127;-0.81535053;8.940697e-05;0.5276203;0.5275458;0.0;0.0;6465.398;7827.6294;-3268.8018;6963.35;-566.39667;-2328.2856
1977-08-15;19.781433;-1.4196777;0.010161082;752.4986;1.3304772;168.0129;0.0;-7.3453654e-25;99.99998;-7.345365e-21;0.0025781947;-0.819413;0.00011920929;0.5185902;0.518471;0.0;0.0;6391.457;7736.3633;-3298.0845;6941.6416;-569.2189;-2262.4966
1977-08-16;19.01539;-5.392761;0.009750366;748.89355;1.3404742;241.78041;0.0;-7.3453654e-25;99.99998;-7.345365e-21;0.001722281;-0.75386834;8.940697e-05;0.5097687;0.5096793;0.0;0.0;6588.9634;7974.504;-3570.935;6435.1855;-523.6878;-2330.7034
1977-08-17;17.528128;-5.5339966;0.010040283;747.0796;1.4590756;224.05428;0.0;-7.3453654e-25;99.99998;-7.345365e-21;0.0008523463;-0.71921575;4.4703484e-05;0.50120056;0.50115585;0.0;0.0;6449.085;7804.2407;-3398.2378;6476.0415;-499.61557;-2464.591
1977-08-18;16.268005;-5.5300193;0.00975291;747.7658;1.4105563;139.39153;0.0;-7.3453654e-25;99.99998;-7.345365e-21;0.0008605319;-0.70201606;4.4703484e-05;0.4929006;0.4928559;0.0;0.0;6463.92;7821.2705;-3438.1294;6312.8096;-487.6678;-2408.281
1977-08-19;15.006642;-0.7527466;0.010177612;750.144;1.2267936;67.48312;0.0;-7.3453654e-25;99.99998;-7.345365e-21;0.00043511385;-0.69697297;1.4901161e-05;0.48477948;0.48474967;0.0;0.0;6321.616;7648.092;-3287.295;6469.176;-484.16446;-2359.5566
1977-08-20;17.764841;0.6031189;0.009930928;750.7601;1.2803248;98.827515;0.0;-7.3453654e-25;99.99998;-7.345365e-21;0.0008583069;-0.7381411;4.4703484e-05;0.47683716;0.47680736;0.0;0.0;6283.0117;7600.5557;-3289.2468;6703.3457;-512.7622;-2152.1255
1977-08-21;18.588327;-3.1592205;0.0099983215;750.3055;1.3554001;121.177765;0.0;-7.3453654e-25;99.99998;-7.345365e-21;0.0;-0.7233247;0.0;0.46907365;0.46907365;0.0;0.0;6316.65;7640.329;-3371.917;6647.939;-502.4689;-2181.9563
1977-08-22;18.65567;-5.587992;0.009902954;753.4069;1.2515969;106.58428;0.0;-7.3453654e-25;99.99998;-7.345365e-21;0.0012814989;-0.73215365;5.9604645e-05;0.46159327;0.46153367;0.0;0.0;6284.3926;7600.3765;-3456.8271;6572.129;-508.60223;-2086.3345
1977-08-23;19.268066;-7.1077576;0.010136922;755.04535;1.4037372;152.82326;0.0;-7.3453654e-25;99.99998;-7.345365e-21;0.0012934206;-0.7207506;5.9604645e-05;0.454247;0.4541874;0.0;0.0;6294.8945;7612.1655;-3522.7063;6491.1045;-500.68222;-2015.6267
1977-08-24;20.160645;-5.1291146;0.010009766;753.80176;1.3769423;144.49228;0.0;-7.3453654e-25;99.99998;-7.345365e-21;0.0;-0.71038306;0.0;0.44704974;0.44703484;0.0;0.0;6142.564;7427.07;-3282.6182;6853.38;-493.47888;-2041.9355
1977-08-25;19.524973;-8.006389;0.009911855;751.2383;1.3998431;223.53394;0.0;-7.3453654e-25;99.99998;-7.345365e-21;0.00042617318;-0.685513;1.4901161e-05;0.4400909;0.440076;0.0;0.0;6191.154;7484.943;-3528.48;6457.763;-476.2022;-2083.5166
1977-08-26;17.067148;-7.880178;0.010114034;749.2905;1.4534796;175.71071;0.0;-7.3453654e-25;99.99998;-7.345365e-21;0.0017139673;-0.63962865;8.940697e-05;0.43338537;0.43331087;0.0;0.0;6289.347;7602.7583;-3644.4358;6056.634;-444.3289;-2141.7256
1977-08-27;15.736989;-3.2829387;0.009880066;748.8438;1.2508259;158.6944;0.0;-7.3453654e-25;99.99998;-7.345365e-21;0.0;-0.62376446;0.0;0.42670965;0.42670965;0.0;0.0;6131.104;7410.578;-3398.1711;6251.74;-433.3089;-2189.66
1977-08-28;14.385264;-0.4747111;0.009878795;749.01447;1.2682719;85.811134;0.0;-7.3453654e-25;99.99998;-7.345365e-21;0.044373915;-0.59877896;0.0019073486;0.4221648;0.42025745;0.0;0.0;5698.469;6886.558;-2920.7375;6739.9634;-415.9511;-2160.8533
1977-08-29;12.567841;4.216024;0.01027298;750.1057;1.4600629;43.569077;0.0;-7.3453654e-25;99.99998;-7.345365e-21;0.29848516;-0.5302932;0.014290214;0.42839348;0.41408837;0.0;0.0;4792.739;5791.1978;-2421.6404;7000.892;-368.37668;-2098.3179
1977-08-30;14.006572;1.849762;0.009844462;749.1885;1.2919954;113.03793;0.0;-7.3453654e-25;99.99998;-7.345365e-21;0.011120445;-0.62818176;0.0005066395;0.40861964;0.4080981;0.0;0.0;5143.503;6214.63;-2697.5522;6773.824;-436.37778;-1893.0488
1977-08-31;14.101074;-0.81606036;0.009888967;748.4165;1.4976536;152.43562;0.0;-7.3453654e-25;99.99998;-7.345365e-21;0.30825138;-0.6438578;0.014692545;0.4169345;0.40221214;0.0;0.0;5393.7427;6516.009;-2822.7688;6550.46;-447.26666;-2122.2922
1977-09-01;13.410991;-2.4354146;0.010105133;749.91815;1.4300414;144.34361;0.0;-7.3453654e-25;99.99998;-7.345365e-21;0.030237436;-0.6339252;0.0015199184;0.39801002;0.3964603;0.0;0.0;5649.6436;6824.175;-2914.051;6382.738;-440.36667;-2291.78
1977-09-02;12.88149;0.1887614;0.010114034;750.76636;1.3938323;107.484245;0.0;-7.3453654e-25;99.99998;-7.345365e-21;1.6010404;-0.8652899;0.08149445;0.4724115;0.39090216;0.0;0.0;5167.428;6241.134;-2540.817;6714.7837;-601.08777;-1946.3334
1977-09-03;13.123749;2.396637;0.010155995;749.7735;1.4232836;93.53091;0.0;-7.3453654e-25;99.99998;-7.345365e-21;0.19261241;-0.9844638;0.0090152025;0.39452314;0.38550794;0.0;0.0;5015.2354;6056.686;-2527.3452;6769.865;-683.87335;-1766.7633
1977-09-04;13.398875;1.1716614;0.010176341;752.23114;1.3266776;98.37052;0.0;-7.3453654e-25;99.99998;-7.345365e-21;0.0041127205;-0.80846715;0.00016391277;0.38033724;0.38017333;0.0;0.0;4709.662;5686.9136;-2339.5522;7017.081;-561.61554;-1728.9489
1977-09-05;14.595866;-0.19687907;0.00983429;754.1563;1.1875886;89.67551;0.0;-7.3453654e-25;99.99998;-7.345365e-21;0.0024020672;-0.75512564;8.940697e-05;0.37500262;0.37491322;0.0;0.0;5211.95;6292.7246;-2764.2505;6704.392;-524.5611;-1744.6237
1977-09-06;15.695842;-2.3862;0.0100746155;753.68207;1.1441923;93.12789;0.0;-7.3453654e-25;99.99998;-7.345365e-21;0.00023841858;-0.6943876;1.4901161e-05;0.3697276;0.3697127;0.0;0.0;5225.449;6308.278;-2870.7722;6743.0522;-482.36777;-1647.1167
1977-09-07;15.827952;-2.2360332;0.009833018;751.4441;1.4360079;118.79835;0.0;-7.3453654e-25;99.99998;-7.345365e-21;0.001234505;-0.5943812;5.9604645e-05;0.36469102;0.3646314;0.0;0.0;5228.2285;6310.8613;-2875.5667;6690.781;-412.89777;-1778.0355
1977-09-08;14.889211;-1.4414978;0.009797414;750.1871;1.3699764;133.03851;0.0;-7.3453654e-25;99.99998;-7.345365e-21;0.0024467707;-0.5669557;8.940697e-05;0.35977364;0.35966933;0.0;0.0;5476.5776;6609.8623;-3024.9993;6445.18;-393.84445;-2014.2067
1977-09-09;14.806478;-4.2118936;0.009905498;750.48553;1.1731836;130.59325;0.0;-7.3453654e-25;99.99998;-7.345365e-21;0.00044107434;-0.56232697;2.9802322e-05;0.35482645;0.35479665;0.0;0.0;5586.8667;6742.218;-3188.304;6216.1094;-390.63;-1883.4211
1977-09-10;13.712535;0.41445923;0.009819031;750.8089;1.3558208;238.43672;0.0;-7.3453654e-25;99.99998;-7.345365e-21;0.050783157;-0.450531;0.0022798777;0.35238266;0.35008788;0.0;0.0;4815.961;5811.235;-2438.533;6866.3438;-312.97;-1949.1812
1977-09-11;12.476674;0.2629598;0.009695689;751.2754;1.1668526;229.20259;0.0;-7.3453654e-25;99.99998;-7.345365e-21;0.0;-0.4721042;0.0;0.34552813;0.34552813;0.0;0.0;5158.984;6224.342;-2828.3433;6376.7305;-327.95444;-2099.6877
1977-09-12;13.452667;-2.1742554;0.0098775225;752.2895;1.1217942;96.6473;0.0;-7.3453654e-25;99.99998;-7.345365e-21;0.0;-0.53980577;0.0;0.34101307;0.34101307;0.0;0.0;5330.0483;6429.9644;-2964.0107;6385.102;-374.98557;-1825.9745
1977-09-13;14.578868;-2.195638;0.009896596;753.75323;1.2624261;76.73165;0.0;-7.3453654e-25;99.99998;-7.345365e-21;0.0;-0.5284138;0.0;0.33652782;0.33652782;0.0;0.0;5319.9297;6416.975;-2998.895;6397.681;-367.07224;-1796.23
1977-09-14;14.686534;-3.3752034;0.00982666;752.5334;1.2638295;175.93195;0.0;-7.3453654e-25;99.99998;-7.345365e-21;0.0012904402;-0.51795876;5.9604645e-05;0.3322214;0.33215433;0.0;0.0;5313.3496;6408.251;-3020.779;6364.3613;-359.8089;-1835.7522
1977-09-15;13.711945;-3.055003;0.010136922;749.7793;1.2029849;218.5476;0.0;-7.3453654e-25;99.99998;-7.345365e-21;0.0008652766;-0.48498994;4.4703484e-05;0.32791495;0.32788515;0.0;0.0;5293.165;6383.189;-3027.2512;6229.31;-336.90555;-1912.3234
1977-09-16;12.633708;-0.31906128;0.009937286;749.87775;1.1237656;189.40242;0.0;-7.3453654e-25;99.99998;-7.345365e-21;0.23314953;-0.47378427;0.011146069;0.3349185;0.32375753;0.0;0.0;4774.887;5753.1323;-2704.898;6411.1294;-329.12222;-1740.8
1977-09-17;13.074391;-1.7898865;0.010142009;752.40924;1.1355937;217.44661;0.0;-7.3453654e-25;99.99998;-7.345365e-21;0.0008523463;-0.5370686;4.4703484e-05;0.31976402;0.3197193;0.0;0.0;5206.2515;6267.4395;-3011.9297;6128.432;-373.08334;-1804.18
1977-09-18;13.758433;-5.6020813;0.0097516375;753.7407;1.1157418;166.08932;0.0;-7.3453654e-25;99.99998;-7.345365e-21;0.00043511385;-0.5341424;2.9802322e-05;0.3157258;0.3157109;0.0;0.0;5248.8643;6313.219;-3160.6646;6036.441;-371.05057;-1597.5723
1977-09-19;13.448537;-6.5817056;0.009808858;754.03033;1.1757036;97.246666;0.0;-7.3453654e-25;99.99998;-7.345365e-21;0.0;-0.51129514;0.0;0.311777;0.311777;0.0;0.0;5172.134;6215.488;-3084.9922;6138.5273;-355.1789;-1625.61
1977-09-20;13.267192;-4.4930015;0.010135651;754.3459;1.0856863;88.17899;0.0;-7.3453654e-25;99.99998;-7.345365e-21;0.0006109476;-0.48882887;1.4901161e-05;0.3079474;0.3079176;0.0;0.0;5024.699;6033.025;-2972.2644;6276.4233;-339.57333;-1594.5511
1977-09-21;13.78004;-4.4177756;0.010049184;754.3835;1.0561901;95.46815;0.0;-7.3453654e-25;99.99998;-7.345365e-21;0.0008523463;-0.49403495;4.4703484e-05;0.3041774;0.3041327;0.0;0.0;5077.863;6091.592;-3048.042;6244.818;-343.1889;-1549.7311
1977-09-22;14.080882;-4.54363;0.010035197;753.7287;1.1542548;106.10691;0.0;-7.3453654e-25;99.99998;-7.345365e-21;0.0008523463;-0.48067605;4.4703484e-05;0.300467;0.3004223;0.0;0.0;5013.883;6009.616;-2973.703;6317.8535;-333.90887;-1586.1978
1977-09-23;13.259328;-6.8579307;0.0101076765;752.0881;1.3484282;167.54826;0.0;-7.3453654e-25;99.99998;-7.345365e-21;0.0;-0.4447922;0.0;0.29680133;0.29680133;0.0;0.0;5018.3813;6009.7593;-3030.713;6088.58;-308.98334;-1749.05
1977-09-24;12.600108;-5.653483;0.01026535;753.8481;1.2676734;192.95717;0.0;-7.3453654e-25;99.99998;-7.345365e-21;0.0008460778;-0.41622484;4.4703484e-05;0.29331446;0.29326975;0.0;0.0;4983.811;5963.249;-2906.5645;6086.1523;-289.13666;-1751.9288
1977-09-25;12.899658;-5.2246194;0.009873708;753.691;1.6047446;177.12596;0.0;-7.3453654e-25;99.99998;-7.345365e-21;0.0018176516;-0.40411204;8.940697e-05;0.2899021;0.28981268;0.0;0.0;4820.702;5763.0527;-2825.332;6192.3276;-280.72333;-1723.69
1977-09-26;12.233357;-4.866801;0.00993983;754.3006;1.209115;232.9623;0.0;-7.3453654e-25;99.99998;-7.345365e-21;0.0021557198;-0.39995462;0.00010430813;0.28654933;0.28644502;0.0;0.0;4877.2725;5825.67;-2869.7373;6059.5195;-277.83554;-1750.6844
1977-09-27;11.15034;-1.4890951;0.010155995;754.79047;1.5027523;164.66345;0.0;-7.3453654e-25;99.99998;-7.345365e-21;0.10382104;-0.37478283;0.004976988;0.28815866;0.28316677;0.0;0.0;4537.101;5414.688;-2566.819;6261.1987;-260.35;-1747.6133
1977-09-28;12.580292;-1.1545004;0.009827931;755.6631;1.158617;224.63739;0.0;-7.3453654e-25;99.99998;-7.345365e-21;0.082075596;-0.42762607;0.0037550926;0.2837181;0.27994812;0.0;0.0;4676.9087;5576.676;-2624.6067;6333.838;-297.05777;-1683.4323
1977-09-29;13.322103;-2.1984456;0.009980519;754.54443;1.3680226;264.0728;0.0;-7.3453654e-25;99.99998;-7.345365e-21;0.3974925;-0.5151257;0.018961728;0.29574335;0.27678162;0.0;0.0;4579.2725;5455.527;-2642.1243;6333.539;-357.84;-1552.0922
1977-09-30;12.2901;-3.0067852;0.010096232;755.08276;1.216607;249.42604;0.0;-7.3453654e-25;99.99998;-7.345365e-21;0.00044107434;-0.51765704;1.4901161e-05;0.27368963;0.27368218;0.0;0.0;4754.211;5659.0166;-2803.8555;6099.739;-359.59888;-1592.2378
1977-10-01;12.153839;-3.6905212;0.009811401;755.5637;1.203823;205.4605;0.0;-7.3453654e-25;99.99998;-7.345365e-21;0.00042617318;-0.4849192;1.4901161e-05;0.27062;0.2706051;0.0;0.0;4707.074;5598.1226;-2851.188;6088.1157;-336.8578;-1476.9734
1977-10-02;12.472137;-3.3071187;0.009830475;754.7;1.5330029;153.06676;0.0;-7.3453654e-25;99.99998;-7.345365e-21;0.0;-0.4299227;0.0;0.26759505;0.26759505;0.0;0.0;4559.6216;5418.1064;-2642.0852;6310.5557;-298.65332;-1505.8933
1977-10-03;12.215495;-4.831787;0.00968806;754.1429;1.2766918;196.19043;0.0;-7.3453654e-25;99.99998;-7.345365e-21;0.0;-0.39354527;0.0;0.26462972;0.26464462;0.0;0.0;4659.312;5531.7915;-2894.457;5924.9443;-273.38333;-1630.5056
1977-10-04;10.635854;-6.236796;0.009986877;751.35675;1.1905905;245.8761;0.0;-7.3453654e-25;99.99998;-7.345365e-21;0.0;-0.36805123;0.0;0.2617687;0.2617687;0.0;0.0;4696.0454;5570.6177;-3017.2173;5638.1055;-255.67334;-1539.07
1977-10-05;6.8762207;-2.8549907;0.010190328;749.51324;1.3898283;169.3569;0.0;-7.3453654e-25;99.99998;-7.345365e-21;0.28848052;-0.3085332;0.013574958;0.27257204;0.25899708;0.0;0.0;3761.2283;4457.9346;-2349.4675;5875.146;-214.32777;-1537.3066
1977-10-06;6.523458;-4.119934;0.010213216;752.43726;1.148276;81.72872;0.0;-7.3453654e-25;99.99998;-7.345365e-21;0.019985437;-0.3842041;0.0009983778;0.25731325;0.25631487;0.0;0.0;4422.689;5237.3066;-2685.3984;5693.661;-266.89334;-1557.4011
1977-10-07;8.529938;-6.943563;0.010042827;753.52155;1.0368266;74.5411;0.0;-7.3453654e-25;99.99998;-7.345365e-21;0.0008523463;-0.42069796;4.4703484e-05;0.25364757;0.25358796;0.0;0.0;4559.496;5394.715;-2880.185;5652.5693;-292.24445;-1364.2067
1977-10-08;9.102875;-8.974274;0.009901683;752.7825;1.1106367;171.14503;0.0;-7.3453654e-25;99.99998;-7.345365e-21;0.00042617318;-0.39139763;1.4901161e-05;0.25093555;0.25090575;0.0;0.0;4568.644;5400.906;-2982.2688;5531.7295;-271.89056;-1369.2678
1977-10-09;8.361877;-9.724437;0.010101318;751.2795;1.1638544;272.94022;0.0;-7.3453654e-25;99.99998;-7.345365e-21;0.00085532654;-0.34047478;4.4703484e-05;0.24832785;0.2482906;0.0;0.0;4319.6987;5102.2505;-2752.6006;5638.969;-236.51611;-1446.2278
1977-10-10;6.9506125;-8.925853;0.010054271;748.5617;1.3505758;251.16634;0.0;-7.3453654e-25;99.99998;-7.345365e-21;0.4319008;-0.3880393;0.020489097;0.26625395;0.24574995;0.0;0.0;4180.21;4933.2515;-2566.439;5654.1396;-269.55777;-1537.0111
1977-10-11;6.027201;-5.630564;0.009920756;748.66595;1.3475567;220.19518;0.0;-7.3453654e-25;99.99998;-7.345365e-21;0.33860162;-0.36597997;0.014916062;0.25822222;0.24330616;0.0;0.0;3884.2944;4580.0474;-2311.7344;5837.312;-254.23445;-1445.9833
1977-10-12;5.9957376;-1.4869589;0.009899139;752.34406;1.035767;131.66737;0.0;-7.3453654e-25;99.99998;-7.345365e-21;0.9236692;-0.5367286;0.047534704;0.28845668;0.24092197;0.0;0.0;3880.9382;4572.0967;-2312.4639;5854.7246;-372.84778;-1363.6111
1977-10-13;7.3456626;-5.824778;0.010041554;753.25757;1.0788001;96.59567;0.0;-7.3453654e-25;99.99998;-7.345365e-21;0.0012817009;-0.5852692;5.9604645e-05;0.23858249;0.23853779;0.0;0.0;4276.915;5034.451;-2644.736;5635.94;-406.56668;-1242.6522
1977-10-14;7.53303;-4.614309;0.009985606;753.9229;1.1653372;186.205;0.0;-7.3453654e-25;99.99998;-7.345365e-21;0.0017046923;-0.47091955;8.940697e-05;0.23624301;0.2361536;0.0;0.0;4007.9888;4713.907;-2418.6672;5869.263;-327.13223;-1317.1233
1977-10-15;7.695862;-3.5046184;0.01028951;752.3748;1.0518943;141.58342;0.0;-7.3453654e-25;99.99998;-7.345365e-21;0.001715698;-0.44848305;8.940697e-05;0.23390353;0.23382902;0.0;0.0;4163.3604;4892.463;-2522.6868;5827.363;-311.54556;-1308.0544
1977-10-16;5.59493;1.7181906;0.009727478;748.35516;1.1419733;227.85101;0.0;-7.3453654e-25;99.99998;-7.345365e-21;14.918357;-0.63411987;0.96073747;1.1923611;0.2316162;0.0;0.0;2340.5933;2749.821;-1103.0494;6995.899;-440.50223;-883.45776
1977-10-17;3.4782612;2.6604207;0.010068257;744.65436;1.3546418;193.64998;0.84887695;0.00019486745;107.04523;1.0579427;33.304848;-1.1124173;2.7108192;2.9404016;0.22959709;0.036502257;1.8400178;992.95886;1166.4922;-213.51778;7622.5854;-772.7522;-476.71445
1977-10-18;0.53809613;0.07425944;0.0067977905;748.0445;1.1429507;202.68665;62.16919;0.0095283985;147.48631;63.06966;40.572235;-0.39714202;4.0067286;4.2343736;0.22764504;3.48904;11.95661;432.51166;1100.9078;24.962778;7444.7773;-277.865;-242.08223
1977-10-19;0.5592244;-5.214831;-3.1960995;753.10516;0.82091933;178.42316;60.408855;0.009086132;152.02406;60.180664;0.0050365925;-0.85515994;0.30231476;0.52800775;0.22571534;2.071427;0.004902482;2044.82;4091.5222;-1383.3491;5850.739;-601.615;-403.84778
1977-10-20;1.4390234;-3.1533177;-4.4504113;750.8552;0.8702654;176.52315;43.543133;0.0065317154;152.64679;43.375652;1.8580899;-0.86710227;0.6073415;0.8312017;0.2238527;2.887169;0.0;2469.6255;4068.8477;-1417.695;5851.694;-602.87164;-438.0889
1977-10-21;1.6952311;0.15616862;-1.0955887;747.0496;1.0503423;195.88936;31.058187;0.0046215057;151.12172;30.96517;7.3439655;-1.0631196;1.2558103;1.477927;0.22211671;2.6232376;0.48711896;2223.4045;3280.6406;-825.99805;6729.8545;-738.05664;-590.5389
1977-10-22;-3.3655918;-7.456291;-6.0085473;749.4135;1.4518567;83.96177;43.764812;0.0067370734;149.2871;44.596355;6.3280373;-0.8667568;0.15385449;0.37437677;0.22050738;0.5102437;5.5803957;1371.8273;2072.756;-1092.0392;5872.0176;-616.0356;-470.5122
1977-10-23;-2.174464;-11.848666;-11.476979;753.1457;1.48783;30.382326;53.537273;0.008005182;150.54393;53.426105;0.0008702277;-0.83861876;0.17951429;0.39848685;0.21897256;1.1980851;0.0;2742.5967;4863.449;-2202.1284;4317.29;-590.5233;-356.83112
1977-10-24;-0.6672872;-11.44015;-10.528369;751.25226;1.0446526;66.02094;42.614582;0.0063554444;150.9684;42.27702;0.0004351138;-0.92726666;0.26993454;0.48740208;0.21746755;1.8254184;0.0;3003.338;4775.2627;-2190.1572;4592.508;-646.92334;-328.40332
1977-10-25;-0.5824382;-9.753243;-9.853398;747.8897;1.0079631;49.64978;31.47583;0.0046981177;151.30272;31.29069;0.0017217299;-0.98147523;0.22153556;0.4375577;0.21603703;1.5113689;0.0;3246.9956;4687.311;-2260.516;4695.452;-684.35333;-397.9878
1977-10-26;-1.2731171;-8.119995;-7.3319764;746.58954;0.9956719;67.5684;27.241537;0.0041073957;148.7591;27.58789;3.562361;-0.9755082;0.24420023;0.45886636;0.21465868;1.023937;2.4637804;3163.5828;4284.8237;-1827.2028;5267.999;-681.0956;-539.4422
1977-10-27;-1.7693405;-9.929437;-11.120622;750.1805;0.8858113;135.7353;34.196453;0.005024155;148.96156;34.301758;0.00048577783;-1.0191574;0.15030801;0.36364794;0.21334738;1.042217;5.9604645e-05;3134.7456;4602.7124;-2287.4622;4491.643;-712.88556;-480.67557
1977-10-28;-1.0945435;-7.715164;-10.150727;750.4095;0.86650115;137.77379;26.257812;0.0039101043;150.7044;26.489258;0.0004351138;-0.75286996;0.151515;0.36358833;0.21207333;1.0615661;0.0;3078.9712;4247.001;-2136.235;4809.1045;-526.9722;-481.93
1977-10-29;-1.9760437;-8.031006;-9.859412;749.9174;0.8816604;79.72524;20.09855;0.0029997032;150.91241;19.89746;0.00074505806;-0.7459121;0.10505319;0.31590462;0.21085143;0.741072;4.0978193e-05;3055.9421;4025.561;-2086.66;4895.2476;-522.13666;-538.7144
1977-10-30;-1.3423767;-8.863831;-9.832146;750.9356;0.99839264;37.955807;14.897217;0.0022165377;151.07323;14.729817;0.0;-0.84104574;0.11110306;0.3207624;0.20965934;0.78475475;0.0;3412.2217;4347.671;-2273.0083;4782.967;-586.2061;-570.51886
1977-10-31;-0.09524536;-7.3839316;-9.374085;749.91187;0.8585341;153.48692;9.976399;0.0014793476;151.18748;10.213216;0.0008523463;-0.78844744;0.09560585;0.3041029;0.2085045;0.67954326;0.0;3437.63;4247.4688;-2197.229;4962.8433;-548.485;-541.2211
1977-11-01;-0.15350342;-5.7686667;-9.438039;752.43164;0.8978464;242.7701;6.5122886;0.0009681384;151.26495;6.958008;0.0;-0.7707346;0.054091215;0.26148558;0.20737946;0.38835967;0.0;3349.0444;4051.3345;-2151.3733;5020.1045;-536.8372;-606.88776
1977-11-02;0.04402669;-6.218099;-9.315747;754.1534;0.82510185;176.32782;4.311605;0.0006407897;151.31215;4.638672;0.0;-0.785727;0.03799796;0.24428964;0.20627677;0.27526355;0.0;3393.3906;4053.9033;-2220.031;4972.3257;-546.47833;-538.9078
1977-11-03;-0.110972084;-7.9087524;-7.471863;752.4719;0.8437168;92.406425;2.9227703;0.0004336039;150.77211;3.2552083;0.042781234;-0.9122603;0.027537346;0.23272634;0.20518899;0.18740818;0.022063032;3234.8623;3834.3677;-1920.085;5375.0864;-634.4728;-569.9378
1977-11-04;0.12613933;-5.494242;-8.0106735;750.9783;0.8494396;80.19973;1.8213705;0.0002684196;150.84666;1.7089844;0.0004351138;-0.8072974;0.020161271;0.22429228;0.20412356;0.14945492;0.0;3303.1516;3891.9578;-2082.9717;5236.2876;-560.9311;-517.30334
1977-11-05;0.54067993;-6.1496277;-8.339881;750.8992;0.8743288;81.27012;1.044515;0.00015354156;150.86327;0.9765625;0.0;-0.9591328;0.012412667;0.21548569;0.20306557;0.09331107;0.0;3372.0261;3956.3254;-2145.8855;5180.9097;-666.3472;-457.86444
1977-11-06;1.531016;-4.921804;-8.031249;752.1811;0.91495353;165.55278;0.57161456;8.368492e-05;150.86945;0.44759116;0.0017166131;-0.9331461;0.0073313713;0.20936131;0.20201504;0.054670498;0.0;3384.0923;3960.0344;-2127.3132;5245.85;-648.2611;-425.19333
1977-11-07;1.8931681;-3.7481892;-7.6890893;753.3349;0.929941;106.81174;0.30004883;4.3908756e-05;150.87498;-7.345365e-21;0.0;-0.9109732;0.0040084124;0.20498037;0.20098686;0.030944124;0.0;3339.631;3901.75;-2063.67;5354.0376;-632.8333;-403.11334
1977-11-08;1.5360006;-4.0019736;-7.490995;752.34186;0.95984966;99.39863;0.15405273;2.280871e-05;150.87498;-7.345365e-21;0.011518598;-0.9166337;0.0031143427;0.20308793;0.19997358;0.015495345;0.0;3330.5188;3887.2312;-2055.2666;5343.9116;-636.7622;-435.62332
1977-11-09;0.17769368;-5.2697754;-8.1313925;751.6391;0.8070514;54.677174;0.23006184;3.329913e-05;143.6712;-7.345365e-21;1.6749442;-0.95642173;0.16824901;0.36723912;0.19898266;0.029588118;0.045590103;2927.2922;3417.7;-1940.2672;5337.1245;-664.42444;-424.71
1977-11-10;0.7346802;-5.4716086;-9.371636;750.8973;0.86124396;175.59312;0.16560872;2.4398169e-05;150.43358;-7.345365e-21;0.0021487467;-0.7689539;0.0020116568;0.20003319;0.19801408;0.0143852085;0.0;3306.2405;3856.6077;-2254.6812;4993.3047;-534.1878;-442.53888
1977-11-11;-0.65005493;-4.808787;-6.59877;744.41327;1.172251;175.09862;0.75056964;0.00013196468;144.4199;0.8544922;0.8714199;-0.50407463;0.008136034;0.20521879;0.1970753;0.0049099326;0.77450275;2879.0283;3356.409;-1621.465;5614.6445;-350.1889;-621.01447
1977-11-12;-3.1800945;-4.43535;-2.9842427;740.87616;0.98910326;57.863247;78.77189;0.018172622;128.40916;133.13802;29.79595;-0.122439116;0.14019012;0.3363788;0.19616634;0.09265728;28.01303;434.84277;1366.5656;-588.51166;6330.5176;-93.52556;-100.48889
1977-11-13;-4.673922;-8.785483;-8.219823;747.0354;1.0497532;29.353678;100.0;0.029675523;149.4007;199.17805;0.17389059;-0.12587011;0.009208918;0.20447373;0.19526482;0.08348003;0.16325712;784.85724;3085.7878;-1057.7411;5276.445;-93.10555;-54.986668
1977-11-14;-4.8374386;-11.766896;-12.276985;750.8208;1.2937603;60.62203;100.0;0.029554209;154.01007;191.89453;0.0;-0.08876994;0.013560057;0.2079308;0.1943633;0.14020875;0.0;1077.1439;3908.1677;-1309.5133;4636.0054;-62.41;38.774445
1977-11-15;-3.6778972;-10.531629;-11.587581;748.3179;1.1378438;128.13585;100.0;0.02932326;156.08722;188.02898;0.002572956;-0.10262057;0.027492642;0.22095442;0.19346178;0.25760755;0.0;1128.9333;3870.2278;-1343.4545;4662.06;-73.65667;23.338888
1977-11-16;-6.4145904;-12.022494;-11.90638;745.6015;1.2514371;68.11907;100.0;0.029032588;158.08461;183.91927;0.0;-0.103995204;0.029355288;0.2219379;0.1925826;0.27214736;0.0;1167.0056;3799.0022;-1398.8005;4570.578;-75.16778;-0.64444447
1977-11-17;-4.9032807;-11.522176;-10.341736;744.66943;1.1464732;187.08557;99.67993;0.028611979;159.84991;179.48405;0.0017613173;-0.11613406;0.050991774;0.24269521;0.19170344;0.452213;0.0009126961;1227.88;3803.8977;-1284.1995;4808.447;-85.85389;-8.5211115
1977-11-18;-2.1526184;-4.9439797;-5.2475586;746.2114;0.9080005;222.54536;98.64697;0.026820341;161.85902;166.30046;0.042647123;-0.09467453;0.32407045;0.5149245;0.19084662;2.5747995;0.039245933;1055.0878;3049.6677;-951.26166;5725.176;-68.369446;-70.655556
1977-11-19;-3.1350098;-8.150563;-7.130793;749.5413;1.1524507;125.926796;97.41634;0.024492702;163.47655;150.43132;0.0039726496;-0.15838537;0.28426945;0.47427416;0.18999726;2.2082384;0.0031143427;1302.9756;3523.5657;-1324.6378;5210.8213;-115.81722;-47.107777
1977-11-20;-1.5817871;-4.327596;-6.677831;750.80524;1.0328748;155.46425;94.47363;0.021828135;166.36652;131.5918;0.00044703484;-0.097574666;0.39069355;0.5798489;0.18915534;2.9467046;0.00044703484;1340.7728;3379.6711;-1037.2239;5514.939;-68.162224;-56.593334
1977-11-21;-1.6892802;-3.8842366;-5.1234894;750.4493;0.93928856;118.511475;91.26693;0.01875464;168.4619;111.694336;0.009542703;-0.18537976;0.42051077;0.60883164;0.18832088;3.0693264;0.0069625676;1389.3228;3281.9011;-1144.3689;5606.1387;-134.44167;-111.75889
1977-11-22;-1.5638021;-3.6447346;-3.6268158;749.5264;0.8560396;216.14325;87.493324;0.015686989;169.5576;92.89551;0.019139051;-0.27310196;0.41016936;0.5976558;0.18749386;2.9059424;0.009324402;1472.8966;3288.2788;-1026.1439;5869.0366;-202.38889;-166.17555
1977-11-23;-2.0901794;-5.471934;-6.1354675;749.0383;0.8788454;222.9751;76.522865;0.012983322;170.4925;76.21256;0.0014603138;-0.37955308;0.33536553;0.5220771;0.1866892;2.3194757;0.00070780516;1728.4266;3412.0745;-1464.9778;5282.683;-274.65332;-138.89778
1977-11-24;-1.7494202;-7.4011636;-8.498093;750.00275;0.9373419;168.77788;61.78426;0.010503094;171.11456;61.197918;0.0012874597;-0.3810199;0.3633201;0.549227;0.18589944;2.4584365;0.0;1981.1417;3413.189;-1698.6089;4928.9023;-270.02667;-141.16888
1977-11-25;0.02190145;-4.988098;-7.4076614;750.94336;0.95842904;124.76412;46.587566;0.007914026;171.59047;45.979816;0.00042915344;-0.31993723;0.39069355;0.5758107;0.18513203;2.5936625;0.0;2134.5156;3268.6655;-1577.8062;5299.052;-224.9911;-187.13445
1977-11-26;0.7751872;-5.182711;-7.4618263;754.98706;0.9788982;87.85496;33.11841;0.005630692;171.9544;32.999676;0.00043511385;-0.41361338;0.31797588;0.50237775;0.18438697;2.0777638;0.0;2343.7534;3275.3967;-1744.7572;5257.5176;-288.0478;-152.16
1977-11-27;2.5792134;-5.219462;-7.0336328;755.5652;0.96693355;169.66762;22.614746;0.0038445394;172.20734;22.420248;0.0021385448;-0.43340588;0.24570525;0.42936206;0.18365681;1.5893168;0.0;2337.8716;3057.4023;-1665.9634;5449.351;-301.41888;-103.863335
1977-11-28;2.1193135;-5.897013;-8.29952;753.7181;0.75799316;273.25345;15.746745;0.0026890833;172.37758;15.625;0.0004351138;-0.50051695;0.13516843;0.31811;0.182949;0.8741114;0.0;2588.6316;3257.2366;-1969.1172;5098.14;-349.18112;-193.45111
1977-11-29;0.37302652;-5.2525535;-8.106216;750.08905;0.65876657;244.00697;11.657308;0.0019961994;172.4912;11.311849;0.0008583069;-0.39131474;0.08547306;0.26774406;0.182271;0.5540364;0.0;2592.274;3188.7588;-1840.2012;5238.206;-273.7139;-370.99445
1977-11-30;-1.3784281;-4.2685547;-6.1859803;747.1396;0.77927804;241.09291;12.676921;0.0021278064;165.65883;12.451172;1.9375767;-0.3893776;0.13205409;0.31365454;0.18161535;0.26805514;1.0988302;2110.206;2568.831;-1400.7833;5671.14;-272.52335;-421.08
1977-12-01;-1.6357931;-4.881508;-6.796356;748.8362;0.6251861;203.3749;14.909261;0.0023411512;157.92577;14.607747;0.5294889;-0.54723305;0.11493266;0.29592216;0.1809746;0.45388937;0.10353699;2291.771;2865.699;-1542.6278;5526.24;-383.34;-380.02667
1977-12-02;-2.2055562;-5.038218;-7.1332;749.40826;0.70625687;238.3681;13.147136;0.0020556052;156.66437;13.305664;0.25898516;-0.3597401;0.05762279;0.23797154;0.1803562;0.3233254;0.17498434;2069.0127;2558.3044;-1494.9595;5543.549;-252.72;-414.30334
1977-12-03;-3.1015728;-4.3223166;-3.4454803;747.708;0.9132896;203.86263;31.642904;0.0048870645;144.59438;33.487957;10.777728;-0.22989419;0.058829784;0.2385974;0.17976016;0.1129359;10.115534;1106.8162;1400.3188;-495.17612;6595.42;-163.57889;-416.22
1977-12-04;-3.5270386;-4.263733;-1.6692148;743.4959;1.0868698;202.59767;99.721436;0.028624931;123.585915;227.13216;26.977898;-0.16574189;0.09094179;0.27011335;0.17918646;0.10687113;24.58574;402.02277;1598.4022;-241.31612;6756.9067;-130.21945;-203.91333
1977-12-05;-4.8473306;-5.6281495;-2.8277893;741.52094;1.1547421;188.19109;100.0;0.06557337;137.87172;468.13965;45.950542;-0.19379053;0.003606081;0.1822263;0.17861277;0.0;44.997097;323.85666;1384.8744;-182.055;6689.4624;-150.33167;-210.23889
1977-12-06;-5.439546;-6.1301713;-4.605967;745.1059;1.0970904;215.3725;100.0;0.09587518;149.57062;641.4388;7.5092254;-0.06685685;0.0;0.17803907;0.17805398;0.0;7.453777;494.63333;2142.0955;-479.60944;6231.8857;-49.833332;-117.44222
1977-12-07;-7.193846;-11.45074;-9.230125;746.6934;0.7728724;128.53293;100.0;0.0977846;157.04425;623.2503;0.15948111;-0.06075669;0.0;0.17750263;0.17749518;0.0;0.15817583;728.3617;3066.7434;-1435.5834;4650.832;-42.795555;-30.061111
1977-12-08;-12.383926;-20.60964;-20.77866;744.9207;1.0981038;197.35155;100.0;0.09781166;160.13051;611.1247;0.0017076317;-0.014913268;0.0;0.17696619;0.17695129;0.0;0.0;810.6811;3323.7578;-1333.5039;3745.0623;-8.886666;80.835556
1977-12-09;-10.700799;-13.772793;-17.58687;741.12225;0.7616357;150.33382;100.0;0.10450137;151.75226;688.8428;13.820767;0.016230159;0.0;0.17642975;0.17642975;0.0;13.818557;266.6722;1074.5033;244.335;5991.282;12.961667;25.863333
1977-12-10;-8.412328;-10.360645;-12.762917;744.6027;0.8276858;155.55316;100.0;0.111924924;152.09113;736.53156;0.52185655;0.005030073;0.0;0.17592311;0.17590821;0.0;0.5174577;653.6117;2755.9612;-544.49554;5449.539;6.1994443;-22.177778
1977-12-11;-7.0335145;-11.001611;-11.943381;746.4632;0.6856447;241.54535;100.0;0.112276115;156.46515;718.0176;0.028833747;-0.025266781;0.0;0.17538667;0.17539412;0.0;0.027958304;697.63666;2861.52;-945.98114;5017.751;-16.303333;-12.853333
1977-12-12;-9.09293;-12.299199;-14.022056;747.62933;1.3021768;40.529984;100.0;0.11234216;160.41144;700.5615;0.34106568;0.004212372;0.0;0.17488003;0.17488003;0.0;0.3363639;655.17944;2623.4355;-537.91724;5315.5073;5.7344446;5.5522223
1977-12-13;-6.911246;-9.510848;-8.866501;744.7114;1.6193243;32.794907;100.0;0.121956386;158.82225;765.2588;25.80635;-0.0753561;0.0;0.17438829;0.17439574;0.0;25.709919;294.5639;1185.9456;15.14;6497.0854;-57.81111;6.345556
1977-12-14;-5.847341;-7.0703545;-6.3012824;743.11127;0.73625964;136.72536;100.0;0.14155896;154.55272;916.5039;3.0132413;-0.040768646;0.0;0.17389655;0.17391145;0.0;2.9023252;384.5172;1659.8667;-245.19917;6389.311;-29.931667;-67.318886
1977-12-15;-6.2594833;-7.782772;-7.0628676;743.85205;0.6993899;133.20793;100.0;0.14242132;162.79425;876.18;0.31952918;-0.056652352;0.0;0.17341971;0.17341971;0.0;0.3160648;677.7822;2850.44;-592.69556;5879.612;-40.581112;-113.498886
1977-12-16;-6.761641;-8.33681;-6.6342483;744.79785;0.71110886;170.43869;100.0;0.15202677;162.55565;932.9834;23.079678;-0.07377472;0.0;0.17294288;0.17294288;0.0;23.070406;394.3761;1653.2367;-291.0011;6274.5557;-56.038334;-81.26111
1977-12-17;-6.7840905;-7.9091415;-7.190908;749.5979;0.637616;218.24168;100.0;0.16752128;158.75226;1056.3558;2.8101473;-0.018837862;0.0;0.17248094;0.17247349;0.0;2.8001144;414.25223;1779.8689;-400.25555;6078.7783;-12.89;-58.87
1977-12-18;-5.8919816;-11.094025;-8.756949;752.88916;0.7760069;58.665905;100.0;0.16871245;166.9925;1011.8001;0.043720007;-0.05532801;0.0;0.1719892;0.17201155;0.0;0.04028529;697.3111;2931.6133;-975.00336;5224.205;-38.832222;-33.32111
1977-12-19;-6.228209;-9.503124;-11.1027565;750.2273;1.1062621;22.543737;100.0;0.16987638;173.03676;982.50323;1.739943;0.020093285;0.0;0.17155707;0.17154217;0.0;1.6285293;535.81836;2211.669;-781.9483;5255.3843;17.554445;34.195557
1977-12-20;-7.770607;-10.846223;-12.497817;748.0135;1.1319815;19.479132;100.0;0.17055018;178.30011;957.72296;0.008314848;0.0010877848;0.0;0.17109513;0.17108768;0.0;0.00789389;706.2733;2849.9177;-1017.2967;4853.4307;3.8044446;3.5022223
1977-12-21;-8.785836;-11.535451;-13.131919;743.9712;0.88159156;39.186756;100.0;0.17458482;179.19398;973.6735;9.814638;0.009056181;0.0;0.1706481;0.17064065;0.0;9.70107;433.9839;1707.8722;-214.83528;5804.0083;8.448889;1.7544445
1977-12-22;-8.10472;-9.47448;-10.663674;740.5376;0.64780635;115.53187;100.0;0.18138258;178.25194;1017.7002;3.6975772;-0.001385808;0.0;0.17020106;0.17020106;0.0;3.6900601;442.2789;1829.4833;-141.99806;6127.1978;0.5733333;-42.254444
1977-12-23;-7.2166886;-8.4169655;-8.059147;740.4891;0.55547136;116.57751;100.0;0.19425304;172.25844;1126.2207;13.402821;-0.01493562;0.0;0.16976893;0.16976148;0.0;13.397306;277.54666;1193.7544;-111.43889;6378.703;-10.599444;-38.37
1977-12-24;-9.08086;-15.079398;-9.768818;746.42096;0.7034847;66.84022;100.0;0.19901673;176.92055;1126.3834;0.36674142;-0.06923359;0.0;0.1693368;0.16932935;0.0;0.36588684;723.43335;3057.8066;-1477.3861;4476.4966;-49.86222;-47.40222
1977-12-25;-10.978283;-19.515993;-17.605478;748.38007;0.97630554;220.55794;100.0;0.19904797;182.25421;1092.692;0.00044107434;-0.02099201;0.0;0.16888976;0.16888976;0.0;0.0;791.775;3254.4834;-1523.1777;3713.8;-13.581111;68.24
1977-12-26;-11.05063;-19.666937;-21.510103;745.9178;0.92679566;206.8506;100.0;0.19906609;185.36327;1074.585;0.0008523463;-0.00072456896;0.0;0.16847253;0.16847253;0.0;0.0;814.0894;3258.0645;-1309.6934;3723.0818;1.4055556;103.89333
1977-12-27;-11.219014;-20.240828;-23.250465;746.2627;0.9017858;148.29071;100.0;0.19908793;187.75323;1061.2793;0.0008523463;0.0020712614;0.0;0.1680255;0.1680404;0.0;0.0;816.545;3184.0588;-1073.5588;3907.5842;3.291111;108.46
1977-12-28;-10.781245;-19.306692;-22.348627;746.9711;1.0604385;48.920135;100.0;0.19910805;190.01137;1048.9502;0.0008583069;-0.0012377277;0.0;0.16760826;0.16762316;0.0;0.0;820.74664;3120.6746;-853.89667;4299.428;1.0688889;96.90222
1977-12-29;-12.527156;-17.114922;-21.124983;747.49725;1.4774085;8.147443;100.0;0.19914229;192.44301;1036.0107;0.0029982724;0.016452745;0.0;0.16722083;0.16722083;0.0;0.0004172325;844.20056;3133.6045;-985.1272;4241.819;14.944445;92.11222
1977-12-30;-10.437479;-17.77439;-20.859724;746.4544;1.0411135;168.68674;100.0;0.19917957;194.9287;1022.7458;0.0021526203;0.0023860484;0.0;0.1668036;0.16679615;0.0;0.0;879.18945;3184.3223;-1020.445;4212.006;3.9933333;98.501114
1977-12-31;-7.791673;-13.561894;-18.847908;746.9302;0.6157256;285.33554;100.0;0.19944572;197.15265;1012.20703;1.1779249;0.009430572;0.0;0.16638637;0.16638637;0.0;1.1744089;777.1628;2747.6611;-268.27832;5350.91;8.866667;47.282223
1978-01-01;-6.773926;-7.7773385;-12.358972;748.65094;0.88501525;228.958;100.0;0.20215003;197.80238;1022.5423;2.6813478;0.038295984;0.0;0.16599894;0.16598403;0.0;2.6747956;367.83612;1338.1378;99.53889;6364.947;30.46;4.3766665
1978-01-02;-5.0099983;-6.1629243;-8.668483;748.934;0.75112075;200.27533;100.0;0.2067142;198.87303;1039.2252;7.407561;0.015288591;0.0;0.16558915;0.16558915;0.0;7.216819;281.14166;1057.2789;114.92611;6661.968;12.632222;-12.102222
1978-01-03;-3.493459;-4.4969025;-5.2808557;748.0379;0.6720739;116.629875;100.0;0.21736877;198.32094;1093.8721;20.776415;-0.02364628;0.0;0.16520917;0.16519427;0.0;19.724865;370.4;1500.1812;-151.93056;6626.541;-16.747778;-42.20222
1978-01-04;-5.908325;-6.811039;-4.412103;741.68976;1.1686631;167.32997;100.0;0.25688252;185.34373;1384.1146;26.735249;-0.08843467;0.0;0.16480684;0.16479194;0.0;26.348967;508.50833;2219.7688;-576.5122;6119.1533;-66.51778;-133.23889
1978-01-05;-6.8197937;-7.9452453;-6.3607926;747.2092;0.8848631;212.53917;100.0;0.26293632;193.74086;1359.7819;1.50083;-0.06049685;0.0;0.16438961;0.16439706;0.0;1.495786;508.05832;2155.6577;-522.58276;5999.741;-44.88;-97.51556
1978-01-06;-7.357183;-11.659354;-9.08432;748.62335;0.9149444;62.914486;100.0;0.26371518;202.39906;1305.1351;0.004178285;-0.04839152;0.0;0.16400218;0.16399473;0.0;0.0028871;756.9211;3138.1733;-1373.7667;4651.635;-33.733334;-46.572224
1978-01-07;-6.70915;-13.782906;-13.166642;748.1037;0.7856717;192.94832;100.0;0.26372704;208.5755;1265.8285;0.007693894;-0.026768073;0.0;0.16359985;0.1636073;0.0;0.0054985285;790.38776;3191.19;-1233.2816;4494.866;-17.284445;35.645557
1978-01-08;-6.8637176;-9.87764;-12.222217;743.9987;0.63562685;96.252075;100.0;0.27038184;207.36163;1302.7344;17.464935;0.015312806;0.0;0.16322732;0.16321987;0.0;17.06639;301.69168;1209.5255;141.7089;6366.2944;12.640555;6.7422223
1978-01-09;-8.331035;-9.871273;-9.851823;743.532;0.64675504;239.09717;100.0;0.28368244;201.58168;1408.5693;2.4930325;-0.014236197;0.0;0.16283989;0.16283989;0.0;2.482638;564.41113;2406.0466;-455.07278;5798.941;-8.837778;-66.48
1978-01-10;-10.406905;-14.824138;-11.648774;744.9678;1.046863;33.12075;100.0;0.28457573;208.00616;1369.9545;0.0051848204;-0.0635311;0.0;0.16245246;0.16245246;0.0;0.0026226044;778.43;3238.4512;-1326.7056;4490.5474;-45.986668;-81.65667
1978-01-11;-12.165692;-16.619919;-16.169386;746.10596;1.4161686;18.124113;100.0;0.28459;213.00194;1337.2803;0.0032246113;-0.009250827;0.0;0.16206503;0.16207248;0.0;0.002797693;844.85223;3425.9734;-1276.044;4169.4966;-4.118889;27.93
1978-01-12;-12.756396;-19.306759;-17.330002;750.2644;1.1202303;68.865;100.0;0.28461027;216.74281;1314.0463;0.00603795;-0.034106895;0.0;0.1616776;0.16168505;0.0;0.005595386;860.7239;3396.5322;-1157.2628;4279.1807;-23.38889;-4.928889
1978-01-13;-12.554614;-19.492317;-19.146997;751.00836;1.3883553;14.570892;100.0;0.28462484;219.92316;1295.044;0.0008523463;-0.014638528;0.0;0.16129017;0.16131252;0.0;0.0;913.505;3514.0188;-1276.3173;3991.6584;-8.406667;69.11222
1978-01-14;-13.622321;-18.92484;-20.631536;747.5898;1.5740156;14.392582;100.0;0.2846537;222.61977;1279.4596;0.001942647;0.004177913;0.0;0.16093254;0.16093254;0.0;0.00021606684;960.80725;3605.5144;-1413.5444;3709.5266;5.8344445;86.10778
1978-01-15;-12.270607;-21.661682;-22.020346;744.7256;1.0398201;155.06221;100.0;0.28467974;224.91925;1266.3981;0.0017259354;-0.017110258;0.0;0.16056746;0.16056001;0.0;0.0;994.2761;3640.5645;-1280.0667;3776.1843;-10.638889;83.62444
1978-01-16;-10.811923;-18.144402;-20.97514;744.8864;0.70216745;256.41876;100.0;0.28513885;226.06508;1261.027;3.5019846;-0.008757226;0.0;0.16018748;0.16019493;0.0;3.4993515;910.2161;3254.169;-515.6628;4855.031;-4.634444;27.59
1978-01-17;-10.832067;-12.087582;-15.64143;744.09674;1.0276613;203.8503;100.0;0.29735646;207.95148;1428.1412;15.632004;0.021171756;0.0;0.15982985;0.15982985;0.0;15.62927;358.18277;1444.71;224.415;6210.97;17.195555;-19.72889
1978-01-18;-8.156205;-9.1709585;-10.932376;745.9589;1.1594131;207.82805;100.0;0.31162915;199.41632;1561.5641;15.660942;0.00699237;0.0;0.15945733;0.15946478;0.0;15.658319;418.05832;1766.4956;60.234165;6411.08;6.842222;-54.673332
1978-01-19;-5.394043;-6.1070457;-7.240265;746.26117;1.0283715;206.62195;100.0;0.32522193;199.58754;1631.1849;7.485828;-0.0025685877;0.0;0.1590997;0.15910715;0.0;7.314302;317.8139;1358.2411;86.867226;6761.7554;-0.94222224;-53.287777
1978-01-20;-4.696421;-5.2050986;-4.6554666;739.9336;1.1952869;210.8802;100.0;0.35343722;199.65721;1766.0726;54.954807;-0.03258884;0.0;0.15875697;0.15875697;0.0;54.09448;156.3689;673.2411;-19.138056;6798.85;-25.172777;-73.43667
1978-01-21;-5.4341836;-6.2845254;-4.477627;740.77734;1.1475176;223.4651;100.0;0.390159;199.31053;1961.1002;6.423723;-0.099089;0.0;0.15839934;0.1583919;0.0;6.3973217;533.6556;2316.531;-375.49335;6371.818;-74.72889;-152.4611
1978-01-22;-6.308848;-7.610559;-6.2389374;744.6514;0.88273436;221.11562;100.0;0.39289558;212.99022;1848.1445;0.53088665;-0.055674464;0.0;0.15802681;0.15802681;0.0;0.52572787;784.85834;3329.0977;-1091.7833;5315.8823;-39.266666;-103.69444
1978-01-23;-7.17844;-8.431732;-7.848231;743.60767;0.6919615;174.5464;100.0;0.39556214;221.56866;1785.7666;8.375678;-0.037984923;0.0;0.15768409;0.15766919;0.0;8.370847;493.21054;2032.5233;-358.65277;6072.6978;-27.582222;-90.37111
1978-01-24;-6.4821115;-7.953251;-7.1713157;745.47925;0.7243307;251.097;100.0;0.4019213;226.20831;1779.0121;0.5016923;-0.048044138;0.0;0.15732646;0.15731901;0.0;0.49907714;701.3911;2950.21;-636.675;5848.8643;-33.764446;-92.76778
1978-01-25;-8.263352;-12.64067;-8.646338;743.4035;0.8275133;177.33101;100.0;0.40211788;234.99672;1712.972;0.048003033;-0.0990089;0.0;0.15695393;0.15694648;0.0;0.044219196;848.16724;3470.0466;-1155.2905;5014.926;-72.41556;-105.60667
1978-01-26;-8.638244;-12.249603;-11.801827;742.80524;0.80053014;189.03949;100.0;0.4021555;241.50194;1666.7887;0.12771393;-0.030407682;0.0;0.1565814;0.15658885;0.0;0.124339014;910.5939;3628.2588;-1140.2866;4715.262;-19.853333;-48.58
1978-01-27;-7.025097;-8.457416;-10.459782;745.9563;0.780489;251.03271;100.0;0.40323544;245.80272;1641.3574;2.1372044;-0.0087842345;0.0;0.15622377;0.15623868;0.0;2.1336713;584.5111;2283.1533;-144.92195;6228.1816;-4.747778;-61.61222
1978-01-28;-7.030548;-8.397914;-8.723157;747.88055;0.737721;188.8739;100.0;0.40480766;250.4287;1617.8385;0.9955186;-0.04465878;0.0;0.15589595;0.15589595;0.0;0.9875074;821.5517;3200.8267;-701.62164;5643.581;-31.145555;-95.35
1978-01-29;-7.012137;-8.358064;-7.9656944;747.4309;0.8022569;198.36829;100.0;0.4063368;254.96971;1594.7672;1.4085054;-0.056575984;0.0;0.15553832;0.15553087;0.0;1.3947152;800.7756;3094.6978;-729.885;5693.629;-40.595554;-99.26667
1978-01-30;-8.372716;-16.139639;-10.201222;747.8357;0.97902685;141.92873;100.0;0.4069004;260.11002;1565.1855;0.004661095;-0.11359248;0.0;0.1551807;0.1551807;0.0;0.0038184226;1050.1572;3995.71;-1543.6156;4370.4893;-83.05556;-85.223335
1978-01-31;-5.34907;-16.103756;-12.832618;749.2774;0.7061518;247.21211;100.0;0.40688488;264.31445;1540.4867;0.0012993806;-0.06483123;0.0;0.15482306;0.15482306;0.0;0.0;1107.2272;4108.048;-1318.9789;4499.0796;-45.416668;0.027777778
1978-02-01;-4.3789268;-9.280797;-12.745036;751.13324;0.7534651;251.9436;100.0;0.4069064;267.94824;1519.7347;0.00064373005;0.0016931444;0.0;0.15446544;0.15446544;0.0;0.00021606684;1090.5488;3950.891;-1155.3422;4785.686;5.3755555;6.421111
1978-02-02;-3.6399841;-7.567482;-11.599807;746.84344;0.61414826;238.07104;100.0;0.40946162;269.38052;1518.6768;13.880214;-0.004991889;0.0;0.15412271;0.15412271;0.0;13.056378;860.85724;3056.078;-370.205;5889.467;-0.68666667;6.0666666
1978-02-03;-6.837148;-8.545085;-8.182942;743.24585;0.8937902;215.99316;100.0;0.43317124;249.0078;1738.1185;13.9549465;-0.04881993;0.0;0.15377998;0.15377998;0.0;13.83926;710.35724;3061.4934;-454.89722;6008.6724;-34.504444;-109.62556
1978-02-04;-6.256368;-11.350956;-8.623394;750.2598;0.9317663;67.31345;100.0;0.43615735;252.93651;1726.3184;0.007310509;-0.09197369;0.0;0.15342236;0.1534298;0.0;0.005170703;961.03613;4043.9382;-1227.4772;4954.0903;-65.825554;-101.13778
1978-02-05;-4.9294815;-12.467125;-10.9790535;752.5916;1.3094207;25.223824;100.0;0.43616244;258.67154;1687.5406;0.002582775;-0.05649589;0.0;0.15307963;0.15307963;0.0;0.0;1036.2078;4243.1826;-1342.3602;4629.82;-37.965557;24.064444
1978-02-06;-4.4173913;-13.077798;-11.839019;749.9882;0.90105945;117.08878;100.0;0.4362981;263.23242;1658.1217;2.2373378;-0.06500259;0.0;0.1527369;0.152722;0.0;2.0629392;1086.725;4340.2407;-959.30945;5062.91;-44.503334;10.248889
1978-02-07;-4.497457;-5.3137;-8.531006;744.4021;0.5995266;210.1971;100.0;0.4580302;249.29295;1835.4086;24.332418;0.022450462;0.0;0.15237927;0.15239418;0.0;23.975134;284.27112;1226.73;150.25362;6765.3066;18.282223;-20.372223
1978-02-08;-4.851227;-6.6419373;-7.0151267;744.68634;0.6653447;232.0223;100.0;0.4646093;252.37921;1843.3024;0.3441606;-0.0533564;0.0;0.15205145;0.15205145;0.0;0.3152229;881.28;3746.321;-769.7328;5706.4023;-36.325554;-113.50222
1978-02-09;-4.9964294;-7.0379333;-6.776306;744.01025;0.5495763;238.0816;100.0;0.46523085;259.60416;1793.986;1.5257876;-0.06674975;0.0;0.15169382;0.15170872;0.0;1.4606788;912.9378;3781.4844;-781.1761;5747.709;-46.713333;-119.43222
1978-02-10;-6.5121865;-7.987076;-6.4454064;742.4553;0.7691469;159.05655;100.0;0.47458982;258.24316;1837.2803;13.697923;-0.09664707;0.0;0.151366;0.151366;0.0;13.6519375;637.48334;2700.4343;-470.5061;6096.4775;-72.28778;-138.9611
1978-02-11;-6.915334;-9.732102;-7.355709;743.5795;0.6000388;102.38886;100.0;0.4816128;259.319;1859.0494;1.577371;-0.05633477;0.0;0.15103817;0.15103072;0.0;1.5763305;712.4711;3030.9023;-1048.845;5253.363;-39.913334;-89.51222
1978-02-12;-8.51814;-11.80203;-9.922467;748.1145;1.0406159;116.2783;100.0;0.48207483;265.27213;1819.0511;0.008258223;-0.07224083;0.0;0.15069544;0.150688;0.0;0.0065751374;1087.6838;4488.757;-1301.9861;4736.509;-50.406666;-122.93889
1978-02-13;-6.270514;-12.630197;-11.451313;749.7487;1.0376444;92.92456;100.0;0.48208377;270.2422;1785.5631;0.00085532654;-0.05484093;0.0;0.15033782;0.15035272;0.0;0.0;1071.4933;4308.41;-1251.4094;4717.6724;-37.06778;-15.025556
1978-02-14;-2.8918254;-11.493676;-11.540097;751.70044;1.086051;133.3913;100.0;0.48210144;274.60645;1757.1615;0.0021392198;-0.06517861;0.0;0.15000999;0.15000999;0.0;0.0;1204.2833;4713.971;-1138.4684;4933.9233;-43.88;21.692223
1978-02-15;-0.14596558;-8.600037;-10.052022;752.6475;0.8675161;192.82805;100.0;0.48212394;278.97656;1729.4515;0.0004351138;-0.057539903;0.0;0.14966726;0.14965981;0.0;0.0;1207.6067;4608.574;-967.1789;5353.033;-37.705555;17.88
1978-02-16;-1.4102783;-4.8209434;-8.779103;748.5889;0.87622666;226.00116;100.0;0.4825901;283.26205;1704.4271;2.811137;-0.01702644;0.0;0.14932454;0.14932454;0.0;2.6571007;1267.7411;4722.2534;-894.2817;5527.845;-7.362222;-54.09889
1978-02-17;-5.2457376;-6.0441184;-6.279022;741.6387;1.1571485;183.31364;100.0;0.5086903;268.20312;1894.7347;36.817417;-0.036804937;0.0;0.14899671;0.14898926;0.0;36.500645;346.13278;1494.6178;-99.162224;6589.7944;-27.485556;-76.71111
1978-02-18;-5.254995;-6.4300637;-5.4839883;747.7263;1.0480956;221.44164;100.0;0.52436763;264.4668;1984.9039;2.1333663;-0.111628324;0.0;0.14865398;0.14866143;0.0;2.0652487;891.9672;3842.869;-682.38446;5984.4;-82.14445;-171.08556
1978-02-19;-4.7356467;-7.2461;-6.1280303;749.44604;0.7532529;201.15892;100.0;0.5250193;272.08432;1932.0068;0.027656555;-0.09983964;0.0;0.14832616;0.14832616;0.0;0.019669533;1134.8983;4763.094;-1088.7933;5402.4595;-70.76945;-154.48889
1978-02-20;-3.885783;-5.0402527;-5.597758;750.0771;0.9088828;178.66057;100.0;0.5253126;278.94858;1884.9283;1.3916235;-0.07570349;0.0;0.14796853;0.14798343;0.0;1.3498738;976.5789;3987.5862;-442.4222;6348.917;-53.288887;-159.27972
1978-02-21;-3.9335022;-4.405233;-3.499307;744.9116;1.0282532;210.97392;100.0;0.5368063;278.5306;1925.944;20.693556;-0.10786764;0.0;0.1476705;0.14766306;0.0;19.70809;471.20056;1963.6895;-163.49222;6771.669;-82.23222;-185.35777
1978-02-22;-4.854851;-5.6488776;-3.400196;740.42944;0.7283744;194.42924;100.0;0.56919056;261.95117;2170.1252;34.965008;-0.14574267;0.0;0.14734268;0.14734268;0.0;34.576344;509.92557;2215.0134;-315.24832;6544.996;-111.44334;-202.23778
1978-02-23;-6.7463136;-8.269053;-4.6358094;743.9473;1.0168642;143.26453;100.0;0.58599716;261.92252;2239.624;3.556758;-0.21745265;0.0;0.14701486;0.14701486;0.0;3.53498;862.1089;3704.99;-881.88776;5690.871;-165.27;-253.09111
1978-02-24;-7.153824;-10.880947;-7.0360656;746.40607;0.8288047;131.43391;100.0;0.58681554;270.5931;2171.1833;0.025743246;-0.15655905;0.0;0.14667213;0.14668703;0.0;0.025324523;1213.9078;5061.083;-1475.3625;4803.9272;-114.52556;-212.19333
1978-02-25;-6.6249275;-14.766793;-10.554191;748.3316;0.95650697;52.864994;100.0;0.5867934;277.10416;2119.629;0.00042617318;-0.10684691;0.0;0.1463443;0.1463443;0.0;0.0;1339.0638;5431.904;-1692.8567;4216.2026;-75.32222;-80.46111
1978-02-26;-4.7823563;-13.823503;-11.974801;750.12177;0.9041679;163.23952;100.0;0.5867836;281.97037;2082.7637;0.0008702277;-0.09562448;0.0;0.14600158;0.14601648;0.0;0.0;1369.9111;5411.456;-1424.1072;4512.803;-67.02;-41.830833
1978-02-27;-3.1034648;-9.857456;-11.519337;751.4243;0.9238987;170.97319;100.0;0.58679533;286.37338;2050.578;0.0017166131;-0.06048102;0.0;0.14567375;0.14567375;0.0;0.0;1385.1361;5333.435;-1222.6611;4879.985;-39.643333;-26.4975
1978-02-28;-2.5632527;-8.00703;-10.164429;750.17267;0.90306646;100.55843;100.0;0.5868395;290.861;2019.165;0.14751554;-1.1175871e-05;0.0;0.14534593;0.14535338;0.0;0.04735589;1164.0183;4370.665;-950.18225;5332.908;2.3966668;-41.246666
1978-03-01;-2.8140666;-5.621511;-8.79247;750.08276;0.7808865;158.03423;100.0;0.5870117;295.50455;1987.9557;0.01963973;0.0026896596;0.0;0.1450479;0.1450479;0.0;0.014636666;1442.4639;5293.1704;-991.0589;5451.404;4.686111;-130.85333
1978-03-02;-2.8813477;-5.576721;-6.3710938;750.5698;0.7705393;205.35298;100.0;0.58708066;300.64682;1954.2643;0.31177998;-0.056302175;0.0;0.14474988;0.14473498;0.0;0.27792156;1429.7311;5122.3687;-1127.4928;5521.11;-41.09111;-177.02556
1978-03-03;-2.1482441;-5.732839;-6.2633057;750.6486;0.8696947;116.22867;100.0;0.587383;305.71225;1923.0143;0.034924623;-0.020965934;0.0;0.14442205;0.1444295;0.0;0.015098602;1544.6222;5419.1626;-1503.5544;5002.1543;-13.182222;-135.62778
1978-03-04;-1.1330566;-7.026072;-6.6715646;749.7322;0.92860514;110.62555;100.0;0.58740115;310.62207;1892.6188;0.0004351138;-0.04830677;0.0;0.14412403;0.14412403;0.0;0.0;1661.9639;5665.9478;-1493.5405;5024.6323;-34.461666;-108.42889
1978-03-05;-1.1583862;-5.372101;-5.047892;746.6826;0.73656684;166.58788;100.0;0.58803517;315.09863;1867.6758;1.2323022;-0.05367957;0.0;0.14382601;0.14382601;0.0;0.9473674;1289.8925;4323.656;-673.93;6142.24;-39.284443;-124.89
1978-03-06;-2.494334;-5.501343;-3.512024;745.3232;1.044715;26.050095;100.0;0.588991;319.82486;1843.5059;0.6658049;-0.069314614;0.009164214;0.1526773;0.14351308;0.10772236;0.47971308;1034.458;3441.8809;-1007.4083;5775.87;-52.172222;-86.81
1978-03-07;-3.0567932;-8.162761;-4.2522583;748.2869;1.1704472;22.643473;100.0;0.58903337;324.89517;1814.9008;0.012481213;-0.22351928;0.0;0.14320016;0.14320761;0.0;0.010333955;1697.8475;5483.831;-1605.5214;5014.487;-171.99;-204.63667
1978-03-08;-1.1137491;-8.183459;-5.2480035;749.71893;0.88366455;102.56238;100.0;0.5889371;329.42188;1789.9576;0.0036984682;-0.10930654;0.0;0.14291704;0.14291704;0.0;0.0;1784.1631;5603.136;-1545.1481;5060.2046;-81.94611;-127.907776
1978-03-09;-0.47639975;-4.8296204;-4.3409476;750.05365;0.79019874;274.2719;100.0;0.5890176;333.57584;1768.1478;1.0440588;-0.08059479;0.0282228;0.17079711;0.14260411;0.32317638;0.78457594;1777.4325;5443.3276;-1267.0059;5524.108;-59.65333;-144.95
1978-03-10;-1.292511;-3.5148723;-2.8426158;746.7749;0.6792884;227.6369;100.0;0.59110326;336.11133;1760.0098;10.2470045;-0.09528827;0.028595328;0.17090142;0.14230609;0.21117553;9.567089;1148.1411;3490.2944;-550.55554;6475.662;-72.35333;-110.95111
1978-03-11;-1.9539083;-2.3173218;-1.333898;740.5002;0.84751034;181.22456;100.0;0.61454827;320.94986;1912.9232;42.115505;-0.13636984;0.079482794;0.22149086;0.14200062;0.2035629;39.64219;572.668;2269.1963;-156.59416;6993.681;-104.04889;-198.24667
1978-03-12;-4.416219;-5.6022134;-1.228129;737.7281;1.0991699;186.04156;100.0;0.662212;291.80664;2268.1477;29.173431;-0.39298552;0.020772219;0.16248226;0.14168769;0.044099987;28.238598;929.9706;3809.242;-593.29474;6369.0557;-302.68832;-424.74667
1978-03-13;-5.1200867;-6.913381;-2.4330356;738.5704;1.1814085;176.08894;100.0;0.6855364;284.4082;2411.5803;17.529348;-0.3655795;0.0;0.14138222;0.14137477;0.0;17.443634;1070.2859;4496.1074;-753.41614;6088.865;-279.93668;-372.99777
1978-03-14;-5.0777183;-5.922718;-3.5176709;741.95135;0.74938244;185.1523;100.0;0.7115323;277.55533;2563.1511;27.743477;-0.15147962;0.0;0.1410693;0.1410693;0.0;27.734444;406.6993;1748.7367;-322.93555;6489.9546;-116.73333;-178.97778
1978-03-15;-4.319322;-5.7773414;-4.241604;748.8352;0.863851;178.79234;100.0;0.72067636;282.78452;2552.7344;0.2785176;-0.17239712;0.0;0.14075637;0.14075637;0.0;0.2739355;1251.3992;5295.617;-899.8528;5857.5576;-126.435555;-247.00555
1978-03-16;-3.514558;-8.479027;-4.6386933;750.14935;0.94127697;70.14793;100.0;0.7207549;292.2806;2469.6045;0.0058680773;-0.22631511;0.0;0.14042854;0.14042854;0.0;0.004224479;1533.385;6259.991;-1645.3345;4920.3677;-164.94778;-219.16444
1978-03-17;-2.7961628;-10.065206;-7.108767;747.8921;0.83738184;168.46075;100.0;0.7207029;299.65787;2407.7961;0.0004351138;-0.18016808;0.0;0.14010072;0.14010072;0.0;0.0;1602.5725;6321.507;-1653.7241;4676.5913;-129.60333;-140.03111
1978-03-18;-3.6081543;-9.943695;-7.82201;749.2927;0.83451694;79.90989;100.0;0.7208163;305.54785;2361.8572;0.23532027;-0.058520585;0.0;0.1397878;0.1397878;0.0;0.07684529;1505.9364;5777.208;-1461.4417;4884.4077;-42.053333;-158.37222
1978-03-19;-1.9301046;-10.271656;-8.263634;753.70416;1.1190922;23.09152;100.0;0.7208951;310.82455;2322.1028;0.0;-0.06836653;0.0;0.13950467;0.13949722;0.0;0.0;1759.4066;6563.03;-1715.4656;4591.4185;-48.97778;-123.46667
1978-03-20;-0.4545288;-11.797685;-8.547637;751.3223;0.9246082;160.23927;100.0;0.7208724;315.67838;2286.621;0.0;-0.09531714;0.0;0.13920665;0.13920665;0.0;0.0;1843.8323;6691.1177;-1783.8225;4508.7314;-69.77333;-91.251114
1978-03-21;-1.8798422;-8.466228;-8.115642;747.4582;0.92188567;190.7425;100.0;0.72080404;320.29068;2253.703;0.0026524067;-0.1308443;0.0;0.13890862;0.13891608;0.0;0.0017993152;1728.9556;6115.211;-1387.395;5040.082;-98.704445;-159.84334
1978-03-22;-1.8917338;-6.940603;-7.533844;749.7092;0.8336649;255.04802;100.0;0.72068405;324.8164;2222.168;0.00044107434;-0.12793392;0.008702278;0.14732778;0.1386255;0.084679574;0.0;1756.2239;6056.8457;-1381.218;5097.3306;-96.62334;-172.99556
1978-03-23;-0.98083496;-4.6880593;-5.995031;746.24945;0.95902556;159.0038;100.0;0.7206457;329.28842;2191.9758;2.4571002;-0.060866587;0.034987926;0.1733154;0.13833493;0.32952613;1.1995137;1697.8667;5718.5244;-1047.9375;5642.102;-44.13889;-151.94221
1978-03-24;-4.018982;-5.2887673;-3.9245656;740.18695;1.1291734;194.83661;100.0;0.7381204;322.45932;2290.5273;19.946346;-0.13759267;0.015228987;0.15328825;0.13805181;0.10108948;19.20313;924.4694;3810.0457;-584.87836;6255.089;-106.11444;-251.87666
1978-03-25;-3.323578;-4.7529426;-3.578832;747.1912;1.1672788;223.69427;100.0;0.74362755;324.46353;2296.1426;1.0149032;-0.19572489;0.0;0.13776124;0.13776869;0.0;0.94771016;1250.5272;5065.9653;-621.4694;6317.292;-150.88333;-310.60556
1978-03-26;-0.8162842;-7.0682015;-2.8493907;749.5412;0.9758039;73.39652;100.0;0.74387383;330.46484;2255.371;0.013184547;-0.1861006;0.02785027;0.16532838;0.13747811;0.24963543;0.011011958;1691.18;6572.02;-1490.1278;5360.021;-140.80779;-257.7189
1978-03-27;-1.3581442;-6.7593284;-3.4998524;748.04565;0.93637985;148.15675;100.0;0.7458644;334.7054;2231.5266;8.831829;-0.17409585;0.03655255;0.17374754;0.13719499;0.17736107;7.973537;1677.9412;6252.546;-1064.4625;5818.8677;-131.68;-231.66112
1978-03-28;-2.6890461;-6.2454734;-2.9449894;749.61884;0.8929389;153.03224;100.0;0.7520799;335.5498;2246.297;0.17901063;-0.19567367;0.028684735;0.1655966;0.13691187;0.2384074;0.17534941;1702.6694;6679.991;-1718.0638;5021.3735;-149.18;-305.42667
1978-03-29;-0.24520874;-11.096618;-4.713051;748.6848;1.0060605;72.508224;100.0;0.75228244;340.7474;2212.6465;2.6334763;-0.19177142;0.0015944242;0.13822317;0.13662875;0.0;0.833489;1894.5895;7123.4067;-1521.7786;5152.5234;-144.46;-176.14778
1978-03-30;-1.8129069;-3.915507;-2.4226277;744.70044;0.8969372;83.411964;100.0;0.761381;340.28775;2240.6006;17.12263;-0.11761114;0.14062226;0.27698278;0.13634562;0.64111125;14.104634;1313.8761;5125.5835;-732.8825;6325.4033;-88.736664;-249.62889
1978-03-31;-2.9720562;-4.02652;-1.6460851;745.1927;0.8888411;203.11078;100.0;0.7775185;333.58365;2334.8796;6.9599257;-0.20288396;0.026091933;0.16215444;0.13606995;0.17159805;6.67591;1298.505;5249.569;-903.705;6086.6045;-156.28055;-353.47778
1978-04-01;-2.9463196;-5.6640625;-2.0161564;749.2902;0.798311;238.046;100.0;0.77885485;339.03384;2302.5715;0.078845024;-0.3459677;0.0077933073;0.14358759;0.13579428;0.058457255;0.07628277;1843.7661;6660.8345;-1418.7664;5478.74;-267.37668;-376.63583
1978-04-02;-1.6008707;-4.4787393;-1.8980917;749.98663;0.8161395;285.3906;100.0;0.77850217;345.22427;2260.2131;0.007286668;-0.27743167;0.03501773;0.17054379;0.13551861;0.26423484;0.0068582594;2019.4044;6709.865;-1429.3508;5525.896;-213.24;-345.64557
1978-04-03;0.5864258;-4.485138;-1.4654236;747.45483;0.8503401;208.22139;100.0;0.7777195;351.88345;2215.5762;0.016634574;-0.17310306;0.12984872;0.26509166;0.13524294;0.9988379;0.0;2193.805;6634.608;-1465.1925;5524.1567;-130.33888;-231.84889
1978-04-04;0.9737549;-3.112152;-0.7140605;747.666;0.8202548;253.1772;100.0;0.7764794;359.78647;2163.5334;0.029024482;-0.21205935;0.17257035;0.30753016;0.13497472;1.2177564;0.0;2555.0178;6897.437;-1550.0416;5542.2524;-161.12666;-268.91666
1978-04-05;0.7446391;-1.4402466;-0.22245915;745.8089;0.8156373;254.24678;100.0;0.77357084;367.5179;2109.3342;12.099895;-0.20733756;2.2979827;2.4326892;0.1347065;7.3920155;0.44357216;2282.0771;5699.2627;-1100.7792;6116.0757;-158.03555;-244.38667
1978-04-06;-1.4074402;-2.0392048;-0.05872981;745.929;1.0691688;236.75433;100.0;0.7680791;372.36362;2066.2842;4.1533246;-0.49599075;1.7789453;1.9432753;0.16432256;8.751746;1.7577745;2444.5488;5857.9966;-824.4792;6470.8364;-377.81778;-499.19446
1978-04-07;-0.6573588;-1.8753866;-0.06505331;749.60614;1.2578923;234.7296;100.0;0.7609609;375.7816;2028.5238;0.9082079;-0.49620867;1.5808344;1.7150342;0.13420731;8.366816;0.24915114;2197.236;5331.699;-755.2711;6553.3335;-377.46667;-346.3589
1978-04-08;0.54660034;-1.1039022;-0.060612995;749.5612;1.0311373;224.91713;100.0;0.7501252;380.47006;1975.1791;0.4943252;-0.42016712;2.5050938;2.6731343;0.1680404;12.466855;0.0010542572;2605.3667;6000.138;-684.6625;6699.7734;-313.8089;-286.88556
1978-04-09;1.1379598;-1.2027384;-0.065771736;745.88226;0.9618277;256.41043;100.0;0.73658055;384.56445;1918.8232;6.864369;-0.3867382;5.454883;5.608022;0.15313178;14.134778;0.0011958182;2483.9011;5476.684;-1008.57166;6269.993;-288.47055;-205.36555
1978-04-10;0.7052714;-1.0783793;-0.11884817;743.03394;1.2661749;202.29668;100.0;0.7269016;388.39194;1873.8607;9.915459;-0.32390374;3.3707023;3.5503209;0.1796037;9.117492;4.057303;2263.7756;4836.1416;-777.5097;6507.992;-243.35222;-228.87
1978-04-11;-1.5307719;-4.361969;-0.1311086;746.6397;0.712249;228.93806;100.0;0.72189504;388.75357;1859.6191;0.37358105;-0.73996466;1.7871037;1.9218326;0.1347363;7.6162777;0.323534;2783.455;6917.0483;-1310.4545;5884.269;-562.7167;-439.45557
1978-04-12;-2.4704895;-4.5037637;-0.23781459;748.40656;0.80992657;137.69557;100.0;0.71724576;392.07193;1831.7871;2.1478415;-0.6406698;1.0497719;1.1855215;0.13575703;4.2593665;1.5205294;2589.6362;6315.529;-1425.3038;5648.1;-487.99777;-440.95166
1978-04-13;-2.1214397;-8.384162;-0.33087793;748.39874;0.9371155;80.600395;100.0;0.71420926;396.8597;1802.2867;0.0079751015;-0.9391;0.55125356;0.68835914;0.13709813;2.4186559;0.005263835;3093.591;7350.263;-1830.4606;5192.0024;-716.85223;-417.35
1978-04-14;-3.0609639;-7.495589;-0.389609;748.00116;0.8455496;77.47454;100.0;0.71326655;401.61655;1777.9135;3.2050908;-0.72051954;0.40604174;0.54466724;0.13861805;1.4935788;2.3397803;2808.6423;6515.993;-1772.2275;5186.622;-549.0911;-385.7011
1978-04-15;-0.20625687;-5.024864;-0.34406027;750.18475;0.9952257;126.13016;100.0;0.7112662;406.8558;1750.7324;0.0012308359;-0.68540126;0.9383708;1.0786057;0.14022738;4.1517725;0.0008046627;3166.8762;7516.911;-1673.0155;5445.9;-515.63666;-308.11334
1978-04-16;3.706014;-1.5823364;-0.16569519;751.3234;0.83756095;144.56557;100.0;0.7019806;412.7145;1703.5319;0.86135566;-0.31849927;3.6020727;3.794536;0.19247085;13.015493;0.0;3204.7927;7240.083;-1295.85;6006.541;-226.70111;-164.09778
1978-04-17;1.7535502;-0.075795494;-0.03769684;747.3154;0.9905334;224.70625;100.0;0.6915698;416.16733;1663.859;2.4322124;-0.25510973;3.2423882;3.4279823;0.18560886;10.431133;0.7270798;1705.9967;3806.1968;-430.995;6890.2134;-190.71222;-149.89667
1978-04-18;1.0064392;-0.5930786;-0.04415385;745.2774;1.0726916;138.60619;100.0;0.679301;418.7028;1624.7152;2.0289125;-0.51118153;4.8649607;5.573779;0.7088259;13.686991;0.0025629997;2776.8694;6038.421;-863.2881;6504.799;-385.34277;-297.03445
1978-04-19;0.7750346;-4.0394797;-0.113713585;744.32086;1.390718;177.3557;100.0;0.6653252;421.38184;1581.1768;0.0266999;-0.91969126;3.985241;4.2049737;0.21972507;13.193529;0.0044479966;3286.7068;6947.3525;-1481.8539;5753.588;-701.17053;-266.13443
1978-04-20;-0.09750366;-4.189962;-0.25755438;746.59344;1.3276867;228.81233;100.0;0.65551573;426.04526;1540.7715;0.22628903;-0.88816696;2.1127014;2.2768378;0.16411394;7.215021;0.001437962;3351.79;6934.8135;-1628.6873;5458.0723;-678.4622;-305.7789
1978-04-21;0.49198404;-4.4204917;-0.19072469;748.0721;1.1668452;206.78679;100.0;0.6457196;431.1608;1499.8373;0.2854127;-0.9431867;3.4745038;3.696814;0.22229552;10.607246;0.0026971102;3653.4084;7432.096;-1486.395;5751.447;-718.4044;-298.96112
1978-04-22;-0.48343912;-2.1589153;-0.096987404;746.46826;0.81158805;221.65924;100.0;0.6405268;432.12338;1483.0729;13.57399;-0.33248496;3.831625;4.018754;0.18714368;5.671978;5.3195844;1604.8395;3339.3184;-538.88947;6694.532;-253.67166;-215.45222
1978-04-23;0.5830485;-3.1582947;-0.08859762;746.39154;1.31157;210.88873;100.0;0.6359309;429.40396;1482.9102;0.2914399;-0.77059215;3.3186972;3.5885572;0.26986003;9.978982;0.079434365;2768.3745;6847.682;-1258.6531;5980.3633;-584.83;-280.1489
1978-04-24;0.80061847;-1.3523458;-0.09614054;742.205;0.93558526;221.1294;100.0;0.62926763;429.93686;1464.4369;19.59427;-0.35908633;7.000759;8.092999;1.0922402;9.694919;7.2516465;2224.3057;5444.422;-685.332;6644.8887;-266.07278;-199.2439
1978-04-25;-2.35377;-3.0371196;-0.05215454;740.55054;1.4758368;210.0678;100.0;0.6416768;406.37695;1578.8168;15.49606;-0.47874823;0.81312656;1.074642;0.26151538;1.8166434;14.141094;1535.245;5573.4023;-755.7086;6419.553;-363.68555;-506.00778
1978-04-26;-1.1571859;-5.7967224;-0.20076244;746.934;1.1567874;211.47949;100.0;0.6444141;403.5371;1598.8363;0.78479946;-0.773632;0.44696778;0.74256957;0.2956018;1.4984347;0.5040541;2246.1245;7364.049;-1513.4292;5534.791;-585.79333;-341.97556
1978-04-27;0.33842978;-3.2331135;-0.2385114;748.86017;1.2555548;175.1226;100.0;0.64192265;408.56934;1573.4049;0.51681995;-0.57757646;0.9213537;1.2470186;0.32567233;3.301613;0.087525696;2658.5427;7586.499;-1252.1967;5975.82;-430.40222;-242.65111
1978-04-28;1.1243387;-0.77961224;-0.047590893;748.021;1.112497;204.23055;100.0;0.6337636;412.7067;1538.3707;1.9713491;-0.37061796;4.065439;4.4733734;0.40794164;11.596369;0.00064074993;2522.4773;6536.521;-945.645;6388.241;-272.57224;-236.8
1978-04-29;1.7867228;-2.075114;-0.09184901;746.24396;1.3189443;201.38005;100.0;0.62054735;415.625;1495.4834;1.3818681;-0.5814405;5.56387;6.668687;1.1048168;14.027115;0.028761104;2981.328;7192.0146;-1334.4131;5931.812;-433.86667;-208.87666
1978-04-30;0.53397626;-2.151001;-0.18349712;747.3609;1.2050654;175.0136;100.0;0.60875654;420.0612;1451.6602;2.6510007;-0.51953924;4.7014055;5.1983147;0.49690157;10.796271;0.036472455;3039.4995;6949.797;-1347.7286;5863.358;-388.5489;-254.46222
1978-05-01;0.9174703;-4.863678;-0.17885463;750.63336;0.9983766;88.15414;100.0;0.5965656;424.5687;1407.5928;0.37284493;-0.7042103;4.8437567;5.343959;0.5001873;12.953184;0.025719404;3587.8066;7900.505;-1591.7692;5625.198;-527.8122;-330.1111
1978-05-02;1.5765177;-4.5646667;-0.18772252;753.4839;1.0138129;41.939053;100.0;0.583058;429.3063;1360.5957;0.41932166;-0.51762724;5.2731633;5.859762;0.5865991;14.132261;0.0;3484.8933;7442.072;-1654.0873;5571.4653;-382.20334;-200.38
1978-05-03;3.4588726;-3.5970051;-0.20594025;754.3145;1.0563854;151.22295;100.0;0.5672751;434.5371;1308.1461;0.0021506203;-0.44840574;6.617412;7.8781548;1.260735;16.883831;0.0;3887.1956;8101.1978;-1723.6873;5572.418;-324.09113;-151.01445
1978-05-04;5.2816567;-2.450063;-0.15975063;752.58765;1.1318488;215.37761;100.0;0.5483741;439.3724;1250.2848;0.0055021127;-0.43671763;8.444235;9.819195;1.3749526;19.941826;0.0;3987.1062;8157.5024;-1659.4438;5700.9224;-314.065;-118.001114
1978-05-05;5.9385476;-1.550059;-0.11662928;749.64825;1.0158149;138.33705;100.0;0.5278413;443.35025;1192.3014;0.97920305;-0.41499734;8.326552;9.59377;1.2672246;20.681444;0.0;3891.466;7848.7954;-1309.9147;6151.398;-298.39;-124.97222
1978-05-06;3.1194355;0.0886027;-0.03221639;743.81104;1.1012659;72.74958;100.0;0.5078073;445.87076;1140.3402;9.269852;-0.24162886;11.099562;13.053894;1.9543245;19.322355;0.56390464;2929.426;5846.2954;-806.50775;6639.521;-172.75667;-153.41333
1978-05-07;0.72731525;-1.2769064;-0.01304245;742.7405;1.2875482;38.6365;100.0;0.50003916;439.02866;1138.916;8.546084;-0.30051172;4.844129;6.453127;1.6089827;8.952323;4.5057573;1576.9005;3824.4478;-502.1961;6827.9624;-225.79666;-132.1789
1978-05-08;1.8223776;-2.646159;-0.080262505;748.3763;1.2999967;35.379284;100.0;0.48955604;438.8877;1116.2516;0.016003847;-0.51184744;5.142674;7.05418;1.911506;13.77844;0.003889203;2721.0195;6511.61;-1191.0717;6085.359;-380.925;-198.13889
1978-05-09;3.1894836;-1.9544271;-0.18340175;752.5522;1.0135894;153.93095;100.0;0.475332;443.54395;1072.8353;0.00048577783;-0.38021058;5.7794304;8.616701;2.8372705;15.108626;0.0;3567.3384;8097.412;-1642.6239;5613.1777;-271.2811;-188.31111
1978-05-10;5.365143;-2.4209392;-0.15707652;753.8696;1.1139468;182.96498;100.0;0.45814183;448.7894;1021.93195;0.04785657;-0.38857013;7.275343;9.940088;2.6647449;18.492468;0.0;3786.0679;8269.666;-1643.28;5703.2456;-275.49;-121.325554
1978-05-11;5.272776;-3.8352864;-0.1645546;751.7168;1.318369;242.01051;100.0;0.43913403;450.0;976.5625;0.019609928;-0.5223546;7.926002;11.7104645;3.784463;18.99397;0.0;3953.324;8384.906;-1762.3645;5555.359;-380.0489;-93.98556
1978-05-12;5.4739585;-1.6717631;-0.17680867;750.90656;1.1854405;189.96782;100.0;0.41963163;450.0;933.43097;0.00042617318;-0.39970315;8.286506;11.915088;3.6285818;19.940432;0.0;3977.0461;8246.485;-1616.8961;5755.6426;-284.34778;-118.846664
1978-05-13;6.467356;-1.0879822;-0.13489659;751.2524;1.3049874;256.07034;100.0;0.39986202;450.0;889.68915;0.36862493;-0.4204577;7.7118278;12.389034;4.677206;18.862307;0.0;3382.6746;6894.176;-1173.6494;6245.6636;-305.1011;-36.288887
1978-05-14;6.980326;-1.2236532;-0.13185501;752.1338;1.2780141;151.46031;100.0;0.37768805;450.0;840.4541;0.038778782;-0.4511997;10.273054;15.586093;5.313031;24.14268;0.0;3985.1538;8012.392;-1447.535;5968.8047;-324.59113;-83.723335
1978-05-15;8.729451;-1.3935038;-0.1617419;752.03876;0.9257357;197.3691;100.0;0.35411564;450.0;788.0452;0.037828088;-0.3703553;10.259732;17.35115;7.091418;23.517698;0.0;4094.2622;8146.7446;-1459.6816;6008.039;-261.08444;-75.162224
1978-05-16;9.104777;0.26561484;-0.14149475;751.87164;1.0959489;162.4113;100.0;0.32898834;450.0;732.4219;0.95506907;-0.3522057;11.512563;20.34849;8.835941;25.885965;0.0;4061.1006;8015.18;-1337.6244;6121.9995;-247.18445;-65.2
1978-05-17;8.518361;0.17611694;-0.12545013;751.4375;1.247727;237.8327;100.0;0.30318487;450.0;674.88605;0.24753809;-0.3565997;10.370225;20.118744;9.748533;25.273338;0.0;3623.9722;7107.9746;-981.5072;6524.426;-253.72223;-42.126667
1978-05-18;8.939636;-0.32234702;-0.16138458;751.0726;1.2736249;148.96431;100.0;0.2771572;450.0;617.3096;0.13713539;-0.38808584;11.5403385;23.500458;11.960127;26.633415;0.0;4074.7139;7951.629;-1298.5133;6175.905;-274.7989;-46.88889
1978-05-19;8.601654;-0.88808185;-0.18559138;748.4747;1.3680836;237.09595;100.0;0.25140283;450.0;560.0993;0.37745237;-0.41969866;10.603369;23.602724;12.999341;24.924505;0.0;3851.4543;7486.0884;-1220.3972;6230.3154;-301.04666;-18.644444
1978-05-20;8.427521;-3.462199;-0.26979446;745.9141;1.5520686;231.22206;99.610756;0.22624843;450.0;504.02832;0.0037610526;-0.6455993;10.456144;23.970842;13.51469;24.99678;0.0;4211.4775;8158.47;-1561.0222;5856.047;-474.81888;25.904444
1978-05-21;6.431112;-2.0354412;-0.3796234;746.59076;1.4709054;171.33388;97.69645;0.20354696;450.0;453.40982;1.4445215;-0.63893664;9.243369;22.427187;13.183795;20.950333;0.0;3875.8967;7411.333;-1428.395;5920.4146;-470.58777;-39.288887
1978-05-22;5.3067527;-2.1727397;-0.3681577;747.7082;1.363824;100.92689;95.823326;0.18170659;450.0;405.19205;0.30616733;-0.6509209;9.065658;21.206097;12.140446;22.094116;0.0;4233.165;7994.7734;-1487.8739;5915.2666;-471.16223;-132.78555
1978-05-23;6.5121865;-1.8063864;-0.310421;750.3623;1.005068;145.28282;94.77596;0.16053712;450.0;358.11362;1.2129277;-0.48452336;9.097502;22.090391;12.992888;20.522371;0.0;3562.4712;6680.629;-1154.6289;6283.269;-345.14166;-150.83112
1978-05-24;9.233287;-0.89505005;-0.30181122;752.2786;1.122624;222.89374;94.207275;0.13804977;450.0;308.14615;0.0070906854;-0.54720044;9.736479;22.403479;12.6669855;23.380295;0.0;3996.851;7459.8433;-1197.6289;6331.121;-386.13666;-78.62111
1978-05-25;10.077403;-1.7969462;-0.2813314;750.93115;1.3661507;164.39229;93.9161;0.112793885;450.0;251.91243;0.7113069;-0.72819555;11.9635315;24.635136;12.671605;26.176426;0.0;4311.1357;8028.4165;-1385.4083;6153.759;-521.24225;-55.534443
1978-05-26;10.614156;-3.0666912;-0.4556109;750.41974;1.4333655;215.90971;93.802734;0.08658397;450.0;193.76628;0.0024348497;-0.80766153;10.92346;24.449036;13.525598;25.962606;0.0;4395.7847;8175.1206;-1388.4122;6143.771;-580.6778;-26.713333
1978-05-27;8.238606;-0.72243243;-0.57693225;749.749;1.1406342;137.54169;93.76261;0.061840933;450.0;138.75325;4.541237;-0.4994506;12.935899;28.174252;15.238359;23.110907;0.0;3664.4495;6807.425;-1161.6089;6328.9624;-351.19223;-113.55
1978-05-28;8.020061;-1.9742432;-0.9468295;748.2271;1.4652414;154.48412;79.911865;0.038606167;450.0;86.91406;0.6467346;-0.7877732;9.013682;25.778845;16.765162;22.992321;0.0;4285.885;7663.568;-1343.5028;6226.399;-566.87946;-163.55888
1978-05-29;6.5655518;0.02537028;-0.5881093;743.04224;1.01573;256.60367;50.448975;0.022210041;450.0;49.84538;3.143385;-1.0471046;4.9722342;19.675285;14.703043;11.783428;0.0;3466.8872;5305.749;-1051.3127;6617.1255;-729.38336;-292.65
1978-05-30;6.0458374;2.3427532;-0.5097186;743.56696;1.2978457;239.46129;27.625895;0.0120596485;450.0;27.30306;13.462025;-1.8058289;8.732416;22.0391;13.306692;9.012793;0.0;4802.6455;6681.4766;-1287.8389;6645.122;-1257.2078;-721.15
1978-05-31;5.383657;1.2182211;-0.075455986;740.9275;1.63003;177.6939;13.12264;0.005706469;448.39844;12.939453;7.240587;-2.4612956;4.12637;15.4102745;11.283927;4.7628655;0.007839873;5209.354;6809.6523;-1430.8861;6663.444;-1712.0889;-1066.5533
1978-06-01;3.357381;1.7743632;-0.38267136;741.3347;0.70772296;232.09221;6.7391763;0.0029564302;430.78125;6.958008;7.5345263;-1.46823;2.3826659;12.586877;10.204211;1.5609674;0.0;2951.456;3760.24;-1002.8433;6770.1577;-1019.7022;-698.37335
1978-06-02;2.7391155;1.1839701;-0.54952365;746.44;0.8336899;115.35968;4.7920737;0.001851201;387.9564;5.086263;12.977038;-1.918707;3.5844297;12.874514;9.2900915;1.0973811;0.60170144;3958.9312;4983.438;-1111.4484;6788.9746;-1332.8589;-997.57556
1978-06-03;4.4901733;-2.9341838;-2.0140254;749.64624;1.4095398;183.90828;4.2449546;0.0010692676;259.24673;4.231771;0.34489787;-3.2396781;0.41999668;8.961648;8.541651;1.2593493;0.0017173588;6176.7124;7781.1367;-2095.1594;5943.282;-2252.9468;-1467.2222
1978-06-04;6.274414;-4.306997;-2.7601063;751.84357;1.4858088;232.92473;1.3966471;0.00035703182;259.24088;1.3427734;0.001499071;-3.249824;0.097341835;7.97911;7.8817754;0.3901571;0.0;6258.475;7789.669;-2232.61;5806.9907;-2258.5334;-1200.3245
1978-06-05;5.5652466;0.48070273;-1.2023264;750.4846;1.2688028;169.60759;0.4753418;0.00012250741;259.2477;0.40690103;8.836717;-2.4489443;1.910314;9.18445;7.274136;0.13718382;0.0;4837.5415;5992.1;-1514.0416;6622.4155;-1701.2866;-1150.4623
1978-06-06;7.860331;-0.36817423;-1.4410795;751.5677;1.2591316;114.29658;0.14436848;3.651778e-05;256.45572;-7.345365e-21;0.6848466;-3.667824;0.12469292;6.8485737;6.723866;0.05457923;0.0008586794;6489.4814;8019.561;-2183.8232;6191.668;-2547.9343;-1235.99
1978-06-07;10.997131;0.010447185;-1.485452;752.98236;1.1560299;103.67435;0.033772785;8.583069e-06;255.0384;-7.345365e-21;0.0017225739;-4.108522;0.0032484531;6.233573;6.230317;0.013805926;0.0;6911.133;8528.161;-2528.8433;6062.0356;-2854.0557;-906.79
1978-06-08;11.991893;4.022207;-0.46402994;753.37427;1.1387135;74.41352;0.006754557;1.5099844e-06;253.12694;-7.345365e-21;1.0742868;-3.8361325;0.1540035;5.9432836;5.7892723;0.0029467046;0.0;6361.8735;7841.344;-2143.1768;6688.8057;-2664.8333;-817.16113
1978-06-09;13.206899;1.8824463;-0.42483774;750.8482;1.5185467;157.85535;0.0007324219;-7.3453654e-25;252.9453;-7.345365e-21;0.0017140401;-4.418375;0.00032782555;5.394846;5.3945107;0.0005699694;0.0;6898.2417;8493.437;-2521.8179;6263.0063;-3069.2979;-864.93225
1978-06-10;11.904999;-2.7855122;-3.5869637;752.201;1.1836672;200.89337;0.0;-7.3453654e-25;185.77277;-7.345365e-21;0.0004351138;-4.2124968;5.9604645e-05;5.039543;5.0394683;9.685755e-05;0.0;7055.7354;8678.232;-2813.5244;5807.0605;-2926.2822;-1008.16113
1978-06-11;11.994771;0.47844443;-1.401226;754.64276;1.0668005;67.74062;0.0;-7.3453654e-25;128.9889;-7.345365e-21;0.0012964247;-4.113296;0.00016391277;4.72039;4.720248;2.2351742e-05;0.0;6935.9927;8522.027;-2586.6545;6195.154;-2857.37;-924.26666
1978-06-12;12.087108;3.133728;-0.10812124;751.94653;1.2916898;56.029724;0.0;-7.3453654e-25;109.83657;-7.345365e-21;0.31573886;-3.914062;0.03360212;4.46631;4.432708;3.7252903e-06;0.0;6467.2974;7937.803;-2326.5728;6558.682;-2718.9678;-895.44
1978-06-13;12.760692;3.1645916;-0.05788676;753.20514;1.6813072;36.649822;0.0;-7.3453654e-25;100.55369;-7.345365e-21;0.005138226;-4.005564;0.00055134296;4.173711;4.173167;0.0;0.0;6667.6772;8175.278;-2397.9077;6495.778;-2782.5322;-1043.4288
1978-06-14;13.755473;1.944631;0.009882609;751.53326;1.5987121;39.17189;0.0;-7.3453654e-25;99.99998;-7.345365e-21;0.0004302525;-4.069304;4.4703484e-05;3.9372592;3.9372146;0.0;0.0;6882.908;8430.385;-2559.551;6390.711;-2826.8088;-1014.5211
1978-06-15;15.287395;1.4424235;0.009923299;748.6463;1.307602;106.3415;0.0;-7.3453654e-25;99.99998;-7.345365e-21;0.0064730644;-3.9007068;0.00059604645;3.7228763;3.7222803;0.0;0.0;6470.574;7917.0854;-2331.1355;6766.056;-2709.6912;-873.7989
1978-06-16;15.097168;-0.0105896;0.010258992;748.4616;1.2531577;105.22181;0.0;-7.3453654e-25;99.99998;-7.345365e-21;0.110673904;-3.648542;0.009685755;3.5360456;3.5263748;0.0;0.0;6037.7334;7386.4443;-2275.1733;6806.8955;-2534.521;-832.12555
1978-06-17;15.636516;0.48118082;0.010128021;749.7846;1.279724;142.78833;0.0;-7.3453654e-25;99.99998;-7.345365e-21;0.13471738;-3.7435498;0.010102987;3.3572316;3.347151;0.0;0.0;6528.199;7985.447;-2483.8494;6697.7935;-2600.52;-945.0689
1978-06-18;15.094594;2.4009197;0.010009766;750.6655;1.2490712;68.94833;0.0;-7.3453654e-25;99.99998;-7.345365e-21;0.03761053;-3.427103;0.0030249357;3.1853318;3.1823144;0.0;0.0;6256.904;7652.5723;-2355.005;6881.336;-2380.6943;-1017.6655
1978-06-19;13.852183;5.555491;0.009946187;749.19116;1.360959;74.88821;0.0;-7.3453654e-25;100.00519;-7.345365e-21;6.7948008;-3.0918663;0.71305037;3.7440805;3.0310378;0.0;0.0;6090.914;7448.769;-2223.665;7012.9434;-2147.8167;-1260.9489
1978-06-20;13.091176;4.734568;-0.19637172;744.67;1.1258231;120.222565;0.0;-7.3453654e-25;100.059875;-7.345365e-21;4.3358593;-3.065206;0.45228004;3.345579;2.8932989;0.0;0.0;5343.5117;6533.832;-2024.3066;6980.7637;-2129.2957;-1020.1189
1978-06-21;7.787689;1.4798889;-0.2258962;739.62476;1.5906712;126.18105;0.0;-7.3453654e-25;100.09829;-7.345365e-21;9.23045;-2.630433;0.99752843;3.7651956;2.7676597;0.0;0.0;4344.0137;5310.86;-1548.5244;6849.059;-1827.2744;-1148.3645
1978-06-22;8.074951;-1.8244324;0.010155995;742.2317;1.4625558;162.17671;0.0;-7.3453654e-25;99.99998;-7.345365e-21;0.004845857;-3.4037735;0.00044703484;2.651602;2.6511698;0.0;0.0;5819.8667;7114.3013;-2255.0283;6192.6953;-2364.4878;-1163.0989
1978-06-23;10.174815;-2.8491008;0.010157268;743.6337;1.4375516;206.8337;0.0;-7.3453654e-25;99.99998;-7.345365e-21;0.049492717;-3.6761873;0.004068017;2.5453568;2.5413036;0.0;0.0;6606.6724;8075.3013;-2336.6055;6277.976;-2553.7244;-1431.1978
1978-06-24;8.815755;3.4062092;0.009765625;746.21967;1.0696002;117.82499;0.0;-7.3453654e-25;99.99998;-7.345365e-21;5.627236;-2.8846571;0.5578399;2.9980838;2.440259;0.0;0.0;5509.7476;6733.5723;-1918.9978;6729.0635;-2003.8756;-1375.081
1978-06-25;8.077728;2.6633606;0.009950002;747.87006;1.0939788;75.844154;0.0;-7.3453654e-25;100.00259;-7.345365e-21;1.5827336;-2.964275;0.13454258;2.481401;2.3468585;0.0;0.0;5465.547;6678.461;-2007.4055;6594.8193;-2059.1833;-1239.1788
1978-06-26;10.0729475;2.1603088;0.009868622;746.976;1.5291327;44.76375;0.0;-7.3453654e-25;99.99998;-7.345365e-21;0.0024735928;-3.5275016;0.00020861626;2.2585988;2.2583902;0.0;0.0;6559.5117;8014.4233;-2487.51;6217.774;-2450.4377;-1323.5289
1978-06-27;11.060069;1.7451477;0.009802501;747.1675;1.2781391;86.807556;0.0;-7.3453654e-25;99.99998;-7.345365e-21;0.5546745;-3.5106447;0.04439056;2.2190065;2.1746085;0.0;0.0;6446.558;7875.4067;-2449.7515;6392.0234;-2438.7266;-1175.6322
1978-06-28;12.104299;0.123301186;0.0100619;748.3772;1.255776;105.24445;0.0;-7.3453654e-25;99.99998;-7.345365e-21;0.0008076428;-3.54053;5.9604645e-05;2.0958185;2.095759;0.0;0.0;6367.6216;7777.8564;-2275.1267;6677.67;-2459.4878;-1278.7988
1978-06-29;13.913869;-2.2301433;0.009989421;747.3715;1.2235286;171.43367;0.0;-7.3453654e-25;99.99998;-7.345365e-21;0.001720533;-3.611873;0.00013411045;2.021253;2.0211265;0.0;0.0;7034.178;8591.089;-2827.0417;6239.289;-2509.0479;-1298.9288
1978-06-30;13.845815;-5.5797424;0.01008606;745.54736;1.426393;233.89674;0.0;-7.3453654e-25;99.99998;-7.345365e-21;0.00044107434;-3.2921853;2.9802322e-05;1.9506365;1.9505918;0.0;0.0;7191.672;8782.344;-3146.034;5844.6235;-2286.9712;-1479.7278
1978-07-01;11.961487;-3.1782227;0.010022481;746.0666;1.4273204;231.67291;0.0;-7.3453654e-25;99.99998;-7.345365e-21;0.00043511385;-2.7924356;2.9802322e-05;1.8841475;1.8841252;0.0;0.0;7098.3433;8667.256;-2943.8271;5979.096;-1939.8123;-1901.7411
1978-07-02;11.835399;-0.7037862;0.010032654;747.74347;1.0990661;47.41321;0.0;-7.3453654e-25;99.99998;-7.345365e-21;0.00085529924;-2.6877747;5.9604645e-05;1.8213242;1.8212795;0.0;0.0;6639.9224;8106.3877;-2785.129;6342.8066;-1867.1078;-1559.0266
1978-07-03;12.910309;1.2843832;0.010450999;751.1604;1.7192879;38.521847;0.0;-7.3453654e-25;99.99998;-7.345365e-21;0.0004351138;-2.4098046;2.9802322e-05;1.7617196;1.7616973;0.0;0.0;6827.276;8334.141;-2842.6956;6342.7495;-1674.0122;-1885.6755
1978-07-04;14.377655;2.2743633;0.009822845;751.36914;1.5648508;44.11632;0.0;-7.3453654e-25;99.99998;-7.345365e-21;0.00044107434;-2.3717935;2.9802322e-05;1.7051101;1.7050952;0.0;0.0;6922.5474;8449.325;-2902.9622;6510.6865;-1647.6056;-1828.1722
1978-07-05;13.9847;0.9611308;0.010066986;751.38324;1.8436958;38.978313;0.0;-7.3453654e-25;99.99998;-7.345365e-21;0.0024080272;-2.0920782;0.00016391277;1.6514212;1.6512573;0.0;0.0;6634.1343;8096.3047;-2810.73;6595.753;-1453.2977;-1969.9222
1978-07-06;12.890431;0.57456464;0.010042827;752.38184;2.1969492;36.88176;0.0;-7.3453654e-25;99.99998;-7.345365e-21;0.00085709256;-1.8759836;5.9604645e-05;1.6002655;1.6002059;0.0;0.0;6954.064;8485.588;-3027.9382;6255.7124;-1303.1833;-2320.2122
1978-07-07;14.352885;-0.040974934;0.009928386;754.40204;2.1018193;34.9929;0.0;-7.3453654e-25;99.99998;-7.345365e-21;0.0017136326;-1.8717926;0.00011175871;1.5516728;1.5515536;0.0;0.0;7070.956;8627.13;-3207.1375;6160.6123;-1300.2711;-2155.8423
1978-07-08;16.910929;-1.3159384;0.009699504;755.1196;1.3392175;59.306637;0.0;-7.3453654e-25;99.99998;-7.345365e-21;0.00084638596;-1.9904673;5.9604645e-05;1.5050173;1.5049875;0.0;0.0;7126.5312;8693.794;-3386.2546;6277.4746;-1382.711;-1766.4055
1978-07-09;18.229746;-3.0187175;0.009924571;754.462;1.2213894;114.295494;0.0;-7.3453654e-25;99.99998;-7.345365e-21;0.0017257725;-1.9684806;0.00011920929;1.4604777;1.4603883;0.0;0.0;7035.6304;8581.808;-3292.3289;6601.542;-1367.4377;-1749.9667
1978-07-10;18.81193;-1.2186279;0.009708405;753.0064;1.311832;103.86314;0.0;-7.3453654e-25;99.99998;-7.345365e-21;0.0012797164;-1.8637087;8.195639e-05;1.4178008;1.4177263;0.0;0.0;6928.2847;8449.77;-3160.2444;6847.3555;-1294.6555;-1883.8933
1978-07-11;19.904419;1.0124918;0.009836833;751.0071;1.3047503;90.21222;0.0;-7.3453654e-25;99.99998;-7.345365e-21;0.0008527436;-1.8457668;5.9604645e-05;1.3769418;1.3768971;0.0;0.0;6841.2646;8342.562;-3083.2031;7129.769;-1282.1923;-1805.2056
1978-07-12;20.889486;2.1338704;0.010058085;753.2043;1.3132169;88.045555;0.0;-7.3453654e-25;99.99998;-7.345365e-21;0.0;-1.7550011;0.0;1.3377815;1.3377815;0.0;0.0;6642.904;8099.601;-3006.958;7302.6255;-1219.1411;-1799.2311
1978-07-13;19.585653;2.1307373;0.0097846985;754.31177;1.3503433;57.692852;0.0;-7.3453654e-25;99.99998;-7.345365e-21;0.0020593398;-1.618986;0.00011920929;1.3005137;1.3003945;0.0;0.0;6575.7188;8016.7515;-3044.0645;7154.613;-1124.6555;-1937.9778
1978-07-14;19.49714;0.16286214;0.010158539;752.3604;1.4296618;142.66563;0.0;-7.3453654e-25;99.99998;-7.345365e-21;0.00044107434;-1.5887842;2.9802322e-05;1.2646317;1.264602;0.0;0.0;6731.2866;8205.187;-3183.8245;6989.15;-1103.6755;-2001.8767
1978-07-15;20.045767;-3.9792888;0.009983063;752.42523;1.3417948;144.5606;0.0;-7.3453654e-25;99.99998;-7.345365e-21;0.0017164702;-1.6459608;0.00010430813;1.2303591;1.2302548;0.0;0.0;7008.4517;8541.985;-3506.5632;6745.6655;-1143.3939;-1858.9756
1978-07-16;21.160135;-3.01002;0.0100695295;753.59174;1.1565202;91.43874;0.0;-7.3453654e-25;99.99998;-7.345365e-21;0.0008821486;-1.602916;5.9604645e-05;1.1973977;1.1973157;0.0;0.0;6790.465;8274.486;-3320.2305;7082.1;-1113.4922;-1738.1888
1978-07-17;22.147207;-0.74104816;0.009602864;753.32794;1.4108247;144.45656;0.0;-7.3453654e-25;99.99998;-7.345365e-21;0.0012874597;-1.4594421;8.940697e-05;1.1658967;1.1658221;0.0;0.0;6342.9634;7727.309;-3045.9856;7398.984;-1013.82556;-1733.5645
1978-07-18;22.92631;-1.9002991;0.010051727;751.301;1.4057674;186.35283;0.0;-7.3453654e-25;99.99998;-7.345365e-21;0.003015839;-1.4814026;0.00016391277;1.1357814;1.1356175;0.0;0.0;6784.86;8263.891;-3263.5134;7235.6187;-1029.081;-1986.49
1978-07-19;21.005371;-4.7727356;0.010108948;748.71075;1.5740472;136.76482;0.0;-7.3453654e-25;99.99998;-7.345365e-21;0.0008463859;-1.410136;4.4703484e-05;1.1065304;1.1064857;0.0;0.0;7049.094;8583.842;-3607.6711;6668.2476;-979.57446;-2145.9844
1978-07-20;19.344687;0.5399068;0.010011037;748.0217;1.2599524;128.53639;0.0;-7.3453654e-25;99.99998;-7.345365e-21;0.0021517272;-1.3422426;0.00011920929;1.0785311;1.078397;0.0;0.0;6943.3584;8453.235;-3457.9983;6716.7915;-932.41113;-2193.919
1978-07-21;18.852854;-5.113983;0.010039012;749.0336;1.4525396;149.90186;0.0;-7.3453654e-25;99.99998;-7.345365e-21;0.0;-1.2594686;0.0;1.051411;1.051411;0.0;0.0;6997.0195;8516.671;-3526.6855;6496.9565;-874.9106;-2345.6333
1978-07-22;17.940796;-4.699351;0.009710948;749.5196;1.355982;157.31877;0.0;-7.3453654e-25;99.99998;-7.345365e-21;0.0012874597;-1.2045605;6.7055225e-05;1.0255724;1.0254979;0.0;0.0;6957.563;8466.761;-3461.0974;6488.3306;-836.76886;-2373.1467
1978-07-23;17.744192;-3.451477;0.009916942;748.2482;1.2034152;143.77687;0.0;-7.3453654e-25;99.99998;-7.345365e-21;0.0017056755;-1.2124609;0.00010430813;1.000613;1.0005236;0.0;0.0;6897.9404;8392.272;-3416.0627;6598.746;-842.25555;-2299.5056
1978-07-24;18.276876;-4.654785;0.010303497;748.12897;1.2022443;128.95097;0.0;-7.3453654e-25;99.99998;-7.345365e-21;0.0004351138;-1.195494;2.9802322e-05;0.9764582;0.9764284;0.0;0.0;6942.655;8444.812;-3555.98;6449.1787;-830.47;-2251.2844
1978-07-25;18.408102;-5.2817893;0.009904225;749.0026;1.2435997;107.667564;0.0;-7.3453654e-25;99.99998;-7.345365e-21;0.0012864675;-1.1704443;7.4505806e-05;0.9533167;0.9532571;0.0;0.0;6981.9297;8490.688;-3613.8552;6393.473;-813.0689;-2194.2534
1978-07-26;20.736704;2.5377808;0.010042827;750.5095;1.4506005;66.23092;0.0;-7.3453654e-25;99.99998;-7.345365e-21;0.0017073471;-1.136343;0.00010430813;0.93102455;0.93093514;0.0;0.0;6229.765;7574.349;-2930.8245;7422.2134;-789.3789;-1894.6823
1978-07-27;20.749603;4.264282;0.009901683;752.982;1.5398725;51.31306;0.0;-7.3453654e-25;99.99998;-7.345365e-21;0.0008607408;-1.14692;5.9604645e-05;0.90941787;0.90935826;0.0;0.0;6500.441;7901.73;-3098.1729;7333.1665;-796.7267;-2149.391
1978-07-28;20.75119;2.364919;0.010110219;753.2553;1.2287676;60.186813;0.0;-7.3453654e-25;99.99998;-7.345365e-21;0.0;-1.103945;0.0;0.88852644;0.88851154;0.0;0.0;6241.106;7584.8545;-2956.3784;7495.7866;-766.87335;-2015.92
1978-07-29;20.194254;4.137329;0.010075887;752.4693;1.3350812;62.047794;0.0;-7.3453654e-25;99.99998;-7.345365e-21;0.0063478937;-1.034744;0.00035762787;0.8687824;0.8684397;0.0;0.0;5990.425;7278.628;-2851.3167;7548.202;-718.8011;-2058.9966
1978-07-30;19.465372;3.4002075;0.00990804;750.5322;1.2123368;85.28686;0.0;-7.3453654e-25;99.99998;-7.345365e-21;0.031137468;-0.844609;0.0015944242;0.8508563;0.8492917;0.0;0.0;4919.575;5976.1772;-2505.8484;7620.911;-586.7211;-1588.3289
1978-07-31;19.865824;3.4996948;0.010019938;751.08905;1.3447576;112.66412;0.0;-7.3453654e-25;99.99998;-7.345365e-21;0.0021394698;-0.9690309;0.00010430813;0.83099306;0.83088875;0.0;0.0;5841.9346;7094.7866;-2823.215;7407.951;-673.1533;-2026.7533
1978-08-01;18.701315;4.4201965;0.009905498;750.4261;1.3235523;136.84608;0.0;-7.3453654e-25;99.99998;-7.345365e-21;0.0031792214;-0.94791126;0.00013411045;0.81309676;0.81293285;0.0;0.0;6177.9785;7501.063;-2967.0522;7192.137;-658.48224;-2304.4988
1978-08-02;17.825684;0.86279297;0.009876251;750.17505;1.2837193;136.02055;0.0;-7.3453654e-25;99.99998;-7.345365e-21;0.0021338456;-0.97378904;0.00011920929;0.7956326;0.7954985;0.0;0.0;6645.349;8066.858;-3291.7104;6756.249;-676.45776;-2467.6223
1978-08-03;17.335135;-0.8327128;0.0101674395;748.3003;1.3446542;124.07009;0.0;-7.3453654e-25;99.99998;-7.345365e-21;0.0;-0.9523779;0.0;0.7786006;0.7786006;0.0;0.0;6699.45;8130.789;-3303.0657;6657.439;-661.5856;-2505.42
1978-08-04;17.09965;-2.3582256;0.009924571;748.9209;1.2805175;175.1465;0.0;-7.3453654e-25;99.99998;-7.345365e-21;0.0012993806;-0.92628133;5.9604645e-05;0.7623136;0.7622689;0.0;0.0;6743.0513;8181.98;-3417.5603;6484.3984;-643.45667;-2489.881
1978-08-05;15.736725;-2.286153;0.010054271;746.8767;1.3358129;130.59024;0.0;-7.3453654e-25;99.99998;-7.345365e-21;0.0;-0.8832756;0.0;0.74647367;0.74647367;0.0;0.0;6704.2827;8133.092;-3355.0027;6416.2188;-613.5822;-2569.2612
1978-08-06;16.39797;-1.705892;0.009569804;748.5915;1.1852199;136.06723;0.0;-7.3453654e-25;99.99998;-7.345365e-21;0.00085532654;-0.90614146;4.4703484e-05;0.7312;0.7311553;0.0;0.0;6632.1255;8043.7407;-3358.8904;6494.6772;-629.4656;-2395.4834
1978-08-07;15.612254;-3.5157673;0.010089874;748.54443;1.2962779;145.97447;0.0;-7.3453654e-25;99.99998;-7.345365e-21;0.0012814989;-0.8726334;7.4505806e-05;0.716418;0.7163286;0.0;0.0;6698.6587;8122.5396;-3390.774;6371.8633;-606.19;-2518.1377
1978-08-08;15.973155;-0.7038472;0.009913127;750.97845;1.1113997;72.99995;0.0;-7.3453654e-25;99.99998;-7.345365e-21;0.0;-0.8473862;0.0;0.7020235;0.7020086;0.0;0.0;6141.624;7445.4365;-3097.6938;6765.979;-588.65;-2119.8433
1978-08-09;16.46932;3.875285;0.009802501;750.9821;1.9183046;42.672207;0.0;-7.3453654e-25;99.99998;-7.345365e-21;0.0069886446;-0.81618875;0.00037252903;0.68850815;0.6881356;0.0;0.0;6502.3496;7881.1113;-3153.4072;6723.9346;-566.98;-2500.091
1978-08-10;18.520355;3.6167195;0.0103594465;751.5699;1.402085;57.677338;0.0;-7.3453654e-25;99.99998;-7.345365e-21;0.0032984607;-0.9017009;0.00016391277;0.6747842;0.6746203;0.0;0.0;6463.79;7832.6377;-3216.888;6927.6143;-626.3811;-2191.4834
1978-08-11;19.089233;1.9406637;0.009840648;750.16156;1.3038565;100.939995;0.0;-7.3453654e-25;99.99998;-7.345365e-21;0.0008523463;-0.869859;4.4703484e-05;0.66153705;0.66149235;0.0;0.0;6168.063;7472.7627;-3120.0823;7033.109;-604.2633;-2133.1978
1978-08-12;19.15621;-2.2908528;0.009915669;750.17285;1.2382977;92.307076;0.0;-7.3453654e-25;99.99998;-7.345365e-21;0.0012793634;-0.910949;7.4505806e-05;0.64881146;0.64873695;0.0;0.0;6530.609;7910.0605;-3442.4556;6716.2812;-632.80554;-2151.6
1978-08-13;19.754538;-1.9467875;0.009915669;748.63007;1.4809047;147.39787;0.0;-7.3453654e-25;99.99998;-7.345365e-21;0.0012844794;-0.8689277;7.4505806e-05;0.6364435;0.636369;0.0;0.0;6541.9277;7921.9595;-3373.369;6792.189;-603.61554;-2216.359
1978-08-14;20.056314;-1.3346863;0.0095876055;749.57446;1.214984;98.88857;0.0;-7.3453654e-25;99.99998;-7.345365e-21;0.00042617318;-0.8671824;2.9802322e-05;0.62441826;0.62438846;0.0;0.0;6501.342;7871.085;-3355.719;6866.944;-602.4033;-2174.0156
1978-08-15;19.68044;3.7849731;0.009974162;750.6133;1.3316176;111.13026;0.0;-7.3453654e-25;99.99998;-7.345365e-21;0.0015497198;-0.78163576;7.4505806e-05;0.61285496;0.61276555;0.0;0.0;5884.362;7122.474;-2881.9866;7311.35;-542.9756;-2125.4055
1978-08-16;19.747131;2.0444336;0.0097846985;750.6495;1.2569244;137.31297;0.0;-7.3453654e-25;99.99998;-7.345365e-21;0.00079870224;-0.79350173;4.4703484e-05;0.6015301;0.6015077;0.0;0.0;5874.0967;7109.0996;-2907.4734;7340.832;-551.2189;-2046.7089
1978-08-17;18.468414;-1.2073466;0.009854634;749.49976;1.4317112;131.81166;0.0;-7.3453654e-25;100.00519;-7.345365e-21;0.002135841;-0.768261;0.00010430813;0.5906522;0.59055537;0.0;0.0;6126.54;7413.789;-3228.0017;6809.7144;-533.68445;-2322.0044
1978-08-18;15.482158;-6.0593057;0.009629567;748.3467;1.4845585;136.27112;0.0;-7.3453654e-25;99.99998;-7.345365e-21;0.0;-0.70905685;0.0;0.579983;0.57997555;0.0;0.0;6560.805;7938.53;-3595.2944;6007.3545;-492.55777;-2522.7878
1978-08-19;14.448934;-4.800161;0.010128021;747.7994;1.2297462;117.16329;0.0;-7.3453654e-25;99.99998;-7.345365e-21;0.0008553266;-0.7252134;4.4703484e-05;0.5697161;0.56967884;0.0;0.0;6463.822;7820.122;-3448.6172;6143.448;-503.7811;-2368.7021
1978-08-20;14.597554;0.2409261;0.009890239;749.91895;1.2230414;90.43795;0.0;-7.3453654e-25;99.99998;-7.345365e-21;0.00044107434;-0.7114867;2.9802322e-05;0.5596578;0.5596429;0.0;0.0;6254.3027;7565.75;-3183.7668;6497.296;-494.24667;-2363.5833
1978-08-21;15.634572;-1.8562521;0.00970459;751.67505;1.2592875;102.38046;0.0;-7.3453654e-25;99.99998;-7.345365e-21;0.00085532654;-0.72702396;4.4703484e-05;0.54989755;0.54983795;0.0;0.0;6289.588;7607.6016;-3294.8655;6420.3965;-505.03888;-2291.9912
1978-08-22;15.366394;-3.725932;0.009821574;750.80084;1.3504934;125.40521;0.0;-7.3453654e-25;99.99998;-7.345365e-21;0.0004351138;-0.70571154;2.9802322e-05;0.5403459;0.54033846;0.0;0.0;6295.826;7614.18;-3408.8047;6239.741;-490.23444;-2329.8367
1978-08-23;15.792979;-6.251343;0.010206859;750.43066;1.1632944;129.65175;0.0;-7.3453654e-25;99.99998;-7.345365e-21;0.0;-0.7190956;0.0;0.5311072;0.53111464;0.0;0.0;6400.4507;7739.7993;-3649.476;5975.7817;-499.5311;-2051.2534
1978-08-24;15.913676;-4.6225486;0.01003011;750.80255;1.1884065;148.34714;0.0;-7.3453654e-25;99.99998;-7.345365e-21;0.00044107434;-0.69824606;2.9802322e-05;0.5221367;0.5221218;0.0;0.0;6326.937;7649.927;-3545.829;6090.01;-485.0478;-2122.7656
1978-08-25;15.36911;-5.573883;0.009709676;751.1567;1.1393926;129.23894;0.0;-7.3453654e-25;99.99998;-7.345365e-21;0.0;-0.6825868;0.0;0.5133748;0.51338226;0.0;0.0;6233.6504;7536.2886;-3462.6116;6117.425;-474.17;-2164.0688
1978-08-26;14.694794;-6.4573874;0.009960175;750.09625;1.1587023;144.36174;0.0;-7.3453654e-25;99.99998;-7.345365e-21;0.00044107434;-0.66166556;2.9802322e-05;0.50489604;0.50488114;0.0;0.0;6215.789;7513.8066;-3455.0706;6048.989;-459.63666;-2174.0278
1978-08-27;14.633962;-4.2233987;0.010396321;751.08075;1.1434457;99.226616;0.0;-7.3453654e-25;99.99998;-7.345365e-21;0.0021578753;-0.671478;0.00010430813;0.4967004;0.4965961;0.0;0.0;6103.8066;7377.547;-3298.8162;6293.088;-466.45334;-2115.399
1978-08-28;15.735728;-1.8694559;0.00999705;753.2046;1.2398742;61.912613;0.0;-7.3453654e-25;99.99998;-7.345365e-21;0.00086128304;-0.67260677;5.9604645e-05;0.48854947;0.48850477;0.0;0.0;6033.309;7291.4814;-3242.1533;6466.062;-467.2378;-2054.5789
1978-08-29;16.647644;-1.9208069;0.009690602;753.054;1.2280985;100.04322;0.0;-7.3453654e-25;99.99998;-7.345365e-21;0.0012896489;-0.6794287;5.9604645e-05;0.48068166;0.48059225;0.0;0.0;5997.65;7247.5195;-3296.183;6465.621;-471.97665;-1980.5133
1978-08-30;16.558146;-1.0796305;0.009960175;751.7759;1.2775704;107.053;0.0;-7.3453654e-25;99.99998;-7.345365e-21;0.0;-0.6543659;0.0;0.47290325;0.47288835;0.0;0.0;5936.885;7173.2173;-3252.8657;6461.31;-454.56555;-2056.2222
1978-08-31;15.524098;-3.248708;0.010562897;749.24066;1.2926451;116.635826;0.0;-7.3453654e-25;99.99998;-7.345365e-21;0.0008523463;-0.63800997;4.4703484e-05;0.46542287;0.46540797;0.0;0.0;5937.6636;7173.2593;-3248.3462;6377.4487;-443.20444;-2089.1167
1978-09-01;14.941986;-5.036743;0.010052999;749.9185;1.2259902;179.52806;0.0;-7.3453654e-25;99.99998;-7.345365e-21;0.0021418345;-0.6197542;0.00010430813;0.4582107;0.4581064;0.0;0.0;5895.2217;7121.1313;-3277.1167;6259.5713;-430.52335;-2124.78
1978-09-02;15.713521;-4.8136697;0.009906769;750.6547;0.99264866;116.01478;0.0;-7.3453654e-25;99.99998;-7.345365e-21;0.0021557154;-0.6475728;0.00010430813;0.45108795;0.45099854;0.0;0.0;5819.7886;7029.2104;-3217.0085;6437.5444;-449.84668;-1877.34
1978-09-03;16.140137;-5.1643577;0.009733836;750.9808;1.2521868;96.93217;0.0;-7.3453654e-25;99.99998;-7.345365e-21;0.00074505806;-0.6181775;2.9802322e-05;0.4440695;0.4440546;0.0;0.0;5787.714;6989.617;-3277.4658;6329.5684;-429.42667;-1974.4545
1978-09-04;14.987274;-6.383799;0.010316213;750.38184;1.3571134;134.79713;0.0;-7.3453654e-25;99.99998;-7.345365e-21;0.00085532654;-0.57293105;4.4703484e-05;0.43734908;0.43731183;0.0;0.0;5858.95;7074.8237;-3331.4932;6065.519;-397.99667;-2072.0266
1978-09-05;13.141744;-0.4366862;0.00983429;751.2281;1.2080827;176.73271;0.0;-7.3453654e-25;99.99998;-7.345365e-21;0.0008457098;-0.5269721;4.4703484e-05;0.43082237;0.43077767;0.0;0.0;5637.626;6806.807;-2958.0442;6376.318;-366.0711;-2196.2388
1978-09-06;11.920624;2.3181255;0.010155995;751.7363;1.0489657;137.97003;0.0;-7.3453654e-25;99.99998;-7.345365e-21;0.27576983;-0.47937965;0.0130832195;0.4375875;0.42450428;0.0;0.0;4512.2363;5447.2847;-2315.3928;6891.6333;-333.01;-1890.3334
1978-09-07;12.075816;-1.5807596;0.010232289;750.73724;1.1241904;165.71095;0.0;-7.3453654e-25;99.99998;-7.345365e-21;0.10302067;-0.5733874;0.004634261;0.42307377;0.4184246;0.0;0.0;4899.8354;5914.477;-2652.8752;6478.3315;-398.31332;-1898.5311
1978-09-08;13.374725;-2.2324421;0.009651184;752.6299;1.2563311;210.77275;0.0;-7.3453654e-25;99.99998;-7.345365e-21;0.0008612871;-0.5916478;4.4703484e-05;0.41246414;0.41241944;0.0;0.0;5438.8696;6564.396;-2872.913;6372.906;-410.99777;-1992.8817
1978-09-09;14.515178;0.27352905;0.009821574;754.77466;1.3520408;229.29063;0.0;-7.3453654e-25;99.99998;-7.345365e-21;0.0;-0.54714644;0.0;0.40650368;0.40650368;0.0;0.0;5369.625;6480.0903;-2799.0642;6541.8906;-380.08444;-2042.372
1978-09-10;14.925649;-1.4665426;0.010172526;755.15845;1.4623584;209.7118;0.0;-7.3453654e-25;99.99998;-7.345365e-21;0.00042617318;-0.5392795;1.4901161e-05;0.40073693;0.40072203;0.0;0.0;5425.6206;6546.871;-2941.8896;6388.5566;-374.6189;-2000.2622
1978-09-11;15.255157;-3.7537537;0.00999705;755.7469;1.2578224;212.15642;0.0;-7.3453654e-25;99.99998;-7.345365e-21;0.0021517272;-0.53253025;0.00010430813;0.3951788;0.3950745;0.0;0.0;5277.8345;6367.7944;-2915.9211;6428.001;-369.93112;-1839.9567
1978-09-12;14.990132;-3.9644573;0.009922028;755.6823;1.384335;241.26324;0.0;-7.3453654e-25;99.99998;-7.345365e-21;0.00085234636;-0.5218517;4.4703484e-05;0.38957596;0.38954616;0.0;0.0;5396.2617;6509.878;-2993.3738;6317.243;-362.51334;-1954.8989
1978-09-13;14.714396;-6.0990906;0.010047913;755.4548;1.1896145;190.93605;0.0;-7.3453654e-25;99.99998;-7.345365e-21;0.0;-0.5394239;0.0;0.38412213;0.38412958;0.0;0.0;5434.2583;6554.9185;-3239.755;6056.667;-374.7189;-1770.0244
1978-09-14;15.012462;-9.14502;0.010054271;754.51996;1.1650709;90.729774;0.0;-7.3453654e-25;99.99998;-7.345365e-21;0.0021398037;-0.5724933;0.00010430813;0.37890673;0.37880987;0.0;0.0;5415.149;6531.0645;-3293.8;6102.7886;-397.6911;-1492.7034
1978-09-15;15.795705;-7.0157065;0.010119121;755.2559;1.301651;97.679504;0.0;-7.3453654e-25;99.99998;-7.345365e-21;0.00044107434;-0.5578213;2.9802322e-05;0.37363172;0.373587;0.0;0.0;5311.1157;6404.827;-3152.4148;6324.574;-387.5;-1549.8944
1978-09-16;15.775289;-5.8458657;0.0099652605;755.6409;1.2607604;184.34319;0.0;-7.3453654e-25;99.99998;-7.345365e-21;0.0004351138;-0.5329773;1.4901161e-05;0.36850572;0.36848336;0.0;0.0;5290.6274;6374.5376;-3166.815;6243.1934;-370.24112;-1657.4956
1978-09-17;15.552429;-3.8815715;0.009830475;754.9907;1.353187;222.43852;0.0;-7.3453654e-25;99.99998;-7.345365e-21;0.0021398063;-0.48707986;0.00010430813;0.36364794;0.36352873;0.0;0.0;5068.783;6101.9727;-2868.0256;6480.48;-338.3589;-1699.7
1978-09-18;14.4434;0.06797282;0.010387421;753.55084;1.6419587;218.80072;0.0;-7.3453654e-25;99.99998;-7.345365e-21;1.4224976;-0.74536353;0.06869435;0.4274994;0.3588125;0.0;0.0;4416.2554;5311.882;-2350.1328;6782.774;-517.78;-1581.4933
1978-09-19;12.229095;-0.59961957;0.009787242;752.6529;1.1997005;164.12033;0.0;-7.3453654e-25;99.99998;-7.345365e-21;0.00086128706;-0.773482;4.4703484e-05;0.3542453;0.3542006;0.0;0.0;5127.2305;6161.5605;-2918.2659;6061.3804;-537.3122;-1829.0455
1978-09-20;12.880269;-3.906128;0.009859721;754.67334;1.0511398;86.73118;0.0;-7.3453654e-25;99.99998;-7.345365e-21;0.0;-0.7290812;0.0;0.34956634;0.3495738;0.0;0.0;5169.3013;6206.688;-3079.4585;5966.024;-506.46777;-1493.8456
1978-09-21;13.97467;-5.8186035;0.01014328;754.69995;1.1391858;128.19896;0.0;-7.3453654e-25;99.99998;-7.345365e-21;0.0;-0.63447094;0.0;0.3450364;0.3450364;0.0;0.0;5186.2754;6221.6587;-3171.8933;5953.2954;-440.74554;-1463.7533
1978-09-22;14.019612;-3.9417522;0.010121663;752.9854;1.1469052;182.90996;0.0;-7.3453654e-25;99.99998;-7.345365e-21;0.0;-0.5509592;0.0;0.34061074;0.34059584;0.0;0.0;5125.723;6143.701;-3112.1912;6019.823;-382.73334;-1528.0734
1978-09-23;12.663341;-1.3698019;0.010203044;752.0616;1.331587;237.86128;0.0;-7.3453654e-25;99.99998;-7.345365e-21;0.0;-0.46656746;0.0;0.3362596;0.3362745;0.0;0.0;5032.19;6026.362;-3010.127;5984.5566;-324.1089;-1736.5366
1978-09-24;11.34731;-3.4522197;0.010336558;752.70044;1.2053958;242.2588;0.0;-7.3453654e-25;99.99998;-7.345365e-21;0.0;-0.4400434;0.0;0.33205748;0.33204257;0.0;0.0;5059.262;6053.528;-3113.803;5712.079;-305.68332;-1702.9978
1978-09-25;11.136729;-5.066091;0.010026296;754.86285;1.1236066;177.37889;0.0;-7.3453654e-25;99.99998;-7.345365e-21;0.00042617318;-0.43282938;1.4901161e-05;0.32792985;0.32791495;0.0;0.0;5012.012;5991.7876;-3093.7002;5693.06;-300.6722;-1665.4288
1978-09-26;10.591258;-5.5309243;0.009857178;755.94775;1.1413773;81.96179;0.0;-7.3453654e-25;99.99998;-7.345365e-21;0.0;-0.44371003;0.0;0.32386184;0.32386184;0.0;0.0;4961.258;5925.951;-3008.9138;5833.324;-308.23;-1572.1045
1978-09-27;11.32433;-4.0481973;0.00975291;755.4385;1.120909;57.235123;0.0;-7.3453654e-25;99.99998;-7.345365e-21;0.0;-0.45020506;0.0;0.31986833;0.31986833;0.0;0.0;4924.009;5876.3843;-3024.0784;5919.297;-312.74112;-1517.54
1978-09-28;13.145619;-6.520101;0.009546916;754.9204;1.0418532;175.67555;0.0;-7.3453654e-25;99.99998;-7.345365e-21;0.00085944147;-0.462438;4.4703484e-05;0.31597912;0.31593442;0.0;0.0;4890.512;5831.3564;-3077.5461;5922.5054;-321.24;-1372.57
1978-09-29;12.914134;-4.42156;0.009958903;754.17773;1.2319694;259.55466;0.0;-7.3453654e-25;99.99998;-7.345365e-21;0.0;-0.42690152;0.0;0.31210482;0.31210482;0.0;0.0;4818.7734;5740.891;-2889.369;6083.342;-296.5539;-1536.61
1978-09-30;10.546326;-3.1781209;0.009849548;752.54865;1.3754702;200.28423;0.0;-7.3453654e-25;99.99998;-7.345365e-21;0.0017106531;-0.37288013;8.940697e-05;0.30846894;0.30839443;0.0;0.0;4778.651;5688.1694;-2853.3623;5893.782;-259.02777;-1811.1222
1978-10-01;9.886943;-6.374395;0.009859721;753.8835;0.9900374;72.27232;0.0;-7.3453654e-25;99.99998;-7.345365e-21;0.00043204165;-0.4148623;2.9802322e-05;0.30475855;0.3047362;0.0;0.0;4850.648;5768.88;-3146.689;5571.073;-288.1911;-1432.5022
1978-10-02;10.482341;-6.258638;0.010079701;755.5451;1.2612107;41.411007;0.0;-7.3453654e-25;99.99998;-7.345365e-21;0.0;-0.41219127;0.0;0.30112267;0.30113012;0.0;0.0;4823.5957;5731.7485;-3154.5996;5582.3345;-286.33444;-1371.3589
1978-10-03;10.740092;-5.477529;0.009710948;755.9881;1.2944368;42.164833;0.0;-7.3453654e-25;99.99998;-7.345365e-21;0.0004351138;-0.40862802;1.4901161e-05;0.2976358;0.297606;0.0;0.0;4757.7666;5648.666;-3050.0667;5722.2456;-283.86057;-1346.4811
1978-10-04;9.945842;-5.366174;0.00981013;755.72754;1.4230863;40.407825;0.0;-7.3453654e-25;99.99998;-7.345365e-21;0.0;-0.38057846;0.0;0.29416382;0.29414892;0.0;0.0;4645.124;5510.203;-2894.1875;5802.651;-264.375;-1505.48
1978-10-05;10.011749;-2.9394634;0.010148366;756.084;1.2740084;48.54733;0.0;-7.3453654e-25;99.99998;-7.345365e-21;0.0008708628;-0.37395394;4.4703484e-05;0.29082596;0.29078126;0.0;0.0;4589.8936;5440.001;-2829.227;5889.57;-259.77335;-1477.2167
1978-10-06;10.98466;-5.2114463;0.0099817915;755.67456;1.1420093;172.88408;0.0;-7.3453654e-25;99.99998;-7.345365e-21;0.00042617318;-0.39496365;1.4901161e-05;0.2874732;0.2874583;0.0;0.0;4544.326;5381.3833;-2843.0068;5933.407;-274.36777;-1391.65
1978-10-07;10.5584;-7.2993774;0.009983063;756.0752;1.2164084;206.31538;0.0;-7.3453654e-25;99.99998;-7.345365e-21;0.0;-0.36415085;0.0;0.28422475;0.28420985;0.0;0.0;4571.991;5409.5093;-2907.7446;5722.828;-252.96333;-1470.0344
1978-10-08;10.199748;-7.43395;0.009966533;757.5593;1.2333244;267.91876;0.0;-7.3453654e-25;99.99998;-7.345365e-21;0.0025748922;-0.3498234;0.00011920929;0.2811551;0.28104335;0.0;0.0;4509.1094;5330.5415;-2831.284;5736.507;-243.01;-1484.6566
1978-10-09;10.170705;-9.3307905;0.0099983215;758.5346;1.1015649;131.56256;0.0;-7.3453654e-25;99.99998;-7.345365e-21;0.0;-0.37214905;0.0;0.27792156;0.27792156;0.0;0.0;4504.294;5320.2754;-2939.2334;5663.959;-258.52;-1310.0155
1978-10-10;9.768147;-8.199382;0.009963989;759.2163;1.0448619;73.51388;0.0;-7.3453654e-25;99.99998;-7.345365e-21;0.0008548876;-0.3792569;4.4703484e-05;0.27489662;0.27485192;0.0;0.0;4433.1387;5231.7427;-2850.619;5811.731;-263.45776;-1254.6
1978-10-11;10.082652;-6.5378623;0.010026296;757.1955;1.2197863;141.29102;0.0;-7.3453654e-25;99.99998;-7.345365e-21;0.0004351138;-0.36954695;2.9802322e-05;0.27182698;0.27182698;0.0;0.0;4390.2837;5176.746;-2787.5771;5890.872;-256.71222;-1309.22
1978-10-12;9.9835205;-7.784658;0.00995636;754.92206;1.2088505;201.39323;0.0;-7.3453654e-25;99.99998;-7.345365e-21;0.00044107434;-0.34355932;1.4901161e-05;0.26889145;0.26887655;0.0;0.0;4183.2295;4928.3496;-2665.6753;5929.03;-238.65889;-1318.3645
1978-10-13;9.414439;-6.7454834;0.010309855;753.58026;1.2976292;247.16301;0.0;-7.3453654e-25;99.99998;-7.345365e-21;0.0021457663;-0.30907616;0.00010430813;0.26610494;0.26600808;0.0;0.0;4212.473;4958.6333;-2630.5044;5838.427;-214.70555;-1460.94
1978-10-14;7.169983;-2.512441;0.009975433;755.248;1.0279839;82.07304;0.0;-7.3453654e-25;99.99998;-7.345365e-21;1.6867518;-0.42399484;0.100925565;0.36412477;0.26322156;0.0;0.0;3647.213;4289.477;-2255.4966;6083.299;-294.53555;-1239.1633
1978-10-15;7.403951;-4.149353;0.010139465;756.1236;1.1437305;139.13889;0.0;-7.3453654e-25;99.99998;-7.345365e-21;0.5471885;-0.5890224;0.025883317;0.28643012;0.260517;0.0;0.0;3065.6667;3602.5422;-1530.5784;6912.879;-409.17444;-990.12445
1978-10-16;8.084117;-2.005717;0.010177612;754.9353;1.1753316;144.33734;0.0;-7.3453654e-25;99.99998;-7.345365e-21;0.584982;-0.8298596;0.028058887;0.28595328;0.25788695;0.0;0.0;3570.8784;4194.9443;-1966.2544;6471.2446;-576.4756;-1192.8667
1978-10-17;7.836141;-1.7034403;0.010027568;754.771;1.0698581;127.352295;0.0;-7.3453654e-25;99.99998;-7.345365e-21;0.33341646;-0.5746474;0.01578033;0.27108192;0.2553016;0.0;0.0;2999.0671;3522.131;-1882.9277;6389.693;-399.1889;-934.2167
1978-10-18;7.6605225;-2.0953674;0.0100911455;754.7065;1.0400456;139.58522;0.0;-7.3453654e-25;99.99998;-7.345365e-21;0.67106485;-0.6556101;0.03515184;0.28790534;0.25274605;0.0;0.0;3836.9966;4504.685;-2259.337;6046.42;-455.43112;-1199.419
1978-10-19;4.78536;-0.70457965;0.010190328;752.6909;0.95747495;94.880615;0.0;-7.3453654e-25;99.99998;-7.345365e-21;1.6798697;-0.6817412;0.08685887;0.33710897;0.250265;0.0;0.0;2952.605;3465.3733;-1809.4706;6232.73;-473.58334;-889.14667
1978-10-20;3.564911;-0.5679423;-2.725736;750.9231;1.0053256;95.93381;0.00016276042;-7.3453654e-25;107.00584;-7.345365e-21;1.2953788;-0.747906;0.06121397;0.3091097;0.24789572;4.0978193e-05;0.00010803342;2905.4312;3408.6172;-1589.9373;6375.2847;-519.54553;-1031.6367
1978-10-21;4.2937217;-1.6026407;-4.825743;751.80316;0.9439556;183.99384;0.0;-7.3453654e-25;130.16241;-7.345365e-21;1.021567;-0.84999573;0.048935413;0.29449165;0.24555624;2.6077032e-05;0.0;3346.4756;3925.145;-1911.285;6037.1123;-590.4644;-1031.4689
1978-10-22;4.226959;1.3829956;-2.021122;752.643;1.0822737;247.08336;0.0;-7.3453654e-25;149.65167;-7.345365e-21;7.458165;-0.96822906;0.4428029;0.68607926;0.24327636;1.8626451e-05;0.0;2517.5588;2952.1968;-1204.6111;6687.344;-672.5967;-770.88666
1978-10-23;6.1595254;2.0642803;-1.4433874;754.4355;1.2377951;232.52272;0.0;-7.3453654e-25;146.60023;-7.345365e-21;12.053865;-1.4321115;0.8750856;1.1161566;0.24106354;1.8626451e-05;0.0;3398.8071;3984.141;-1500.2855;6626.691;-994.84;-838.0989
1978-10-24;4.670634;1.5001017;-5.027612;756.05426;0.7555582;184.77968;0.0;-7.3453654e-25;123.98794;-7.345365e-21;5.4143887;-1.1110399;0.4222095;0.6611049;0.23891032;7.4505806e-06;0.0;2138.206;2505.6033;-1513.5183;6282.4634;-771.80225;-413.32333
1978-10-25;5.605957;-0.717041;-5.0726066;756.92377;0.93670726;128.14122;0.0;-7.3453654e-25;106.4938;-7.345365e-21;0.001990795;-1.40958;0.00011920929;0.23683906;0.23671985;3.7252903e-06;0.0;3639.4905;4263.243;-1978.27;5951.6055;-979.18835;-674.05444
1978-10-26;6.7841697;-1.2662863;-1.3726374;755.18945;1.1269001;201.5852;0.0;-7.3453654e-25;100.96222;-7.345365e-21;0.06067753;-1.3214201;0.0037550926;0.23829937;0.23452938;0.0;0.0;3236.7004;3790.5122;-1857.7705;6109.919;-917.94666;-604.82666
1978-10-27;4.7129517;0.35396323;0.010008494;750.6902;0.84974164;242.52766;0.0;-7.3453654e-25;99.99998;-7.345365e-21;6.112999;-0.9974446;0.44457614;0.67701936;0.23246557;0.0;0.0;1757.2966;2057.8823;-989.5589;6768.3276;-692.8911;-306.82556
1978-10-28;3.4507244;-1.8125204;0.009873708;751.98;0.866852;154.8596;0.0;-7.3453654e-25;100.00259;-7.345365e-21;0.025968699;-1.3181548;0.0021606684;0.23259223;0.23043156;0.0;0.0;3382.17;3958.3823;-2161.469;5495.089;-915.6789;-761.8778
1978-10-29;2.3521016;-5.7373657;0.009825389;751.27606;0.9638245;104.23392;0.0;-7.3453654e-25;99.99998;-7.345365e-21;0.0;-1.1847503;0.0;0.2283752;0.2283752;0.0;0.0;3697.5034;4326.053;-2485.8206;4970.047;-823.00665;-651.2144
1978-10-30;2.70106;-2.9071553;0.009923299;750.1609;0.79185534;145.48175;0.0;4.3710074e-07;99.99998;-7.345365e-21;0.581342;-0.8071903;0.03555417;0.2619177;0.22637099;0.0;0.010214746;2815.1233;3292.7078;-1739.5161;5778.6934;-560.7289;-478.05554
1978-10-31;0.3713379;-0.9984741;-1.3821983;748.7287;0.9161466;236.0942;17.029867;0.0024727185;132.55109;17.415365;13.157386;-0.96977127;0.7355064;0.9599924;0.22445619;0.48725307;4.344992;2047.0183;2667.1934;-737.565;6720.048;-673.30334;-631.36
1978-11-01;0.1002299;-1.5327187;-0.5325572;750.22516;1.0323617;235.42004;26.40153;0.003926754;149.85707;26.326498;2.3145168;-0.8613579;0.21658838;0.43918192;0.222601;0.6964672;0.1436472;1854.0605;2637.7957;-698.8661;6782.501;-601.52;-632.30444
1978-11-02;-1.2595621;-8.822654;-7.6176305;751.47534;0.9513417;43.26384;24.441162;0.003668189;150.70473;24.576822;0.14290214;-1.1432897;0.044241548;0.26497245;0.2207309;0.43440983;0.103052706;2975.551;4113.0225;-2126.1077;4997.7793;-799.9722;-711.98114
1978-11-03;-0.25917563;-9.858874;-10.297229;750.20746;0.9502372;141.67493;20.52295;0.0030700762;150.9645;20.467123;0.0;-0.84676033;0.064343214;0.28321147;0.21886826;0.6622039;0.0;3154.455;4218.683;-2265.0327;4749.14;-589.99;-437.50888
1978-11-04;-1.9300131;-10.063762;-10.904682;752.0554;1.4144815;25.829905;17.07194;0.0025626023;151.04881;16.764322;0.00795722;-0.850454;0.03385544;0.25090575;0.21703541;0.3491547;0.007081777;3161.1262;4102.2734;-2333.919;4604.691;-595.80664;-584.2856
1978-11-05;-0.20958455;-12.152679;-11.648372;754.05023;1.2024839;39.12126;13.941406;0.002085368;151.15883;13.793945;0.00085234636;-0.60277337;0.050470233;0.2657324;0.21526217;0.516966;0.0;3306.7783;4198.067;-2491.7534;4475.573;-420.03833;-427.00223
1978-11-06;-0.34733072;-12.6552925;-11.551476;752.5306;0.9599557;84.986275;10.775391;0.0016120672;151.25877;10.904948;0.0008523463;-0.6016195;0.040978193;0.25451183;0.21353364;0.4188083;0.0;3335.3167;4141.54;-2456.4277;4550.4404;-419.35223;-429.69
1978-11-07;-0.9984131;-11.795873;-11.176704;748.86456;1.0422591;232.11;8.486653;0.0012731949;151.33983;8.585612;0.0012904402;-0.50258636;0.024825335;0.23666024;0.21182746;0.25223196;0.0;3306.6484;4041.8945;-2399.7568;4601.4062;-351.66666;-564.54224
1978-11-08;-2.32281;-7.4067955;-8.658362;746.14716;0.9129177;212.64644;8.428548;0.0012748638;148.34862;8.748372;0.900352;-0.2791304;0.01937151;0.22956729;0.21018088;0.1305379;0.80023706;2454.8232;2976.2644;-1597.1097;5434.3384;-196.25;-610.69336
1978-11-09;-2.7950184;-7.6244864;-6.8263016;748.4646;0.8805492;120.40805;13.504883;0.0019841988;145.52863;13.793945;1.3221502;-0.51687473;0.05801022;0.26658177;0.20855665;0.25654584;0.8179471;2192.926;2738.5889;-1287.1533;5783.39;-362.77554;-535.05554
1978-11-10;-2.8614361;-7.6529174;-4.1351852;747.91473;1.0726022;63.578266;21.772543;0.0033234358;146.34601;22.176107;3.6206186;-0.48802793;0.025719404;0.23266673;0.20696223;0.20676665;3.5150163;1732.7478;2256.531;-814.46;6320.9824;-345.80222;-547.4533
1978-11-11;-4.7111588;-8.810879;-8.319845;746.5657;1.0832523;47.861423;49.7334;0.0070385933;140.902;49.763996;1.4963388;-0.41396916;0.02154708;0.22694468;0.20539016;0.21252409;1.4720596;1556.7883;2614.6455;-1281.7811;5450.8896;-301.75555;-409.95
1978-11-12;-5.669412;-10.362639;-10.222375;744.68085;0.80186653;126.178154;46.80713;0.00703307;150.43878;46.83431;0.3132701;-0.31972116;0.035740435;0.23959577;0.20384043;0.36955625;0.30707568;2091.0793;3318.4211;-1529.4261;5046.734;-233.80556;-584.23553
1978-11-13;-6.1229095;-9.145118;-7.7393584;745.3836;1.0548192;211.84541;51.42464;0.0077076354;146.7005;52.246094;4.351735;-0.26462135;0.02926588;0.23159385;0.20233542;0.2879333;4.313335;1741.6067;2726.7322;-1064.6938;5631.508;-196.14389;-604.77
1978-11-14;-8.154813;-10.192441;-7.6102867;746.79614;0.98538274;127.091644;98.90536;0.019787708;116.08201;168.33496;16.9697;-0.1515951;0.0;0.20085275;0.2008602;0.0;16.931995;568.75665;2026.8855;-400.34445;6063.76;-119.12;-217.06111
1978-11-15;-9.197154;-12.198525;-9.74247;747.5129;1.4191874;34.845264;100.0;0.035611868;112.33201;315.0228;13.774582;-0.08615758;0.0;0.19939244;0.19939989;0.0;13.768435;508.1728;2114.7466;-363.9389;5889.364;-67.575554;-92.12889
1978-11-16;-8.596011;-12.005347;-11.558159;748.05695;1.3233666;36.628605;100.0;0.047166746;124.37107;380.45248;5.006422;-0.04421547;0.0;0.19794703;0.19795448;0.0;4.998561;696.81335;2985.7422;-872.435;5165.222;-31.602222;-60.88
1978-11-17;-9.259288;-12.974874;-13.693652;748.2037;1.2613562;29.385504;100.0;0.050464272;138.92381;364.2985;3.0698688;-0.031249598;0.0;0.19651651;0.19651651;0.0;3.0475743;781.3933;3297.078;-842.4089;5012.5366;-21.216667;-53.35
1978-11-18;-12.4395075;-15.65036;-14.409678;748.3481;1.1978643;58.28671;100.0;0.0517205;149.79457;345.45898;0.43373558;-0.02895575;0.0;0.1951009;0.19509345;0.0;0.43065473;759.0161;3135.7944;-824.32166;4955.849;-19.693333;-73.634445
1978-11-19;-11.595276;-16.617014;-16.297926;751.1645;1.2979888;36.409924;100.0;0.05191378;151.95343;341.5934;0.0036248358;-0.023538247;0.0;0.1937002;0.1937002;0.0;0.0023432076;910.6028;3658.3623;-1111.1267;4466.995;-14.995556;-18.666666
1978-11-20;-11.614795;-16.494184;-17.997349;751.9766;1.5246636;14.500009;100.0;0.051938415;153.46742;338.62305;0.0040292735;-0.008656643;0.0;0.19232929;0.19232184;0.0;0.000603497;944.36945;3697.3057;-1198.3306;4232.184;-3.4922223;30.436666
1978-11-21;-10.291661;-18.75297;-19.476912;751.343;1.3663955;20.968046;100.0;0.051963568;154.8014;336.0189;0.0017106531;-0.02497714;0.0;0.19097328;0.19096583;0.0;0.0;985.1983;3761.4211;-1247.13;4053.7393;-16.124445;79.97111
1978-11-22;-9.966892;-19.75648;-19.366018;750.9284;1.3326899;31.904242;100.0;0.05197553;156.0602;333.25195;0.0017186012;-0.03351271;0.0;0.18963218;0.18963218;0.0;0.0;998.35114;3718.68;-1246.4839;4069.2715;-22.754444;78.53333
1978-11-23;-10.744728;-19.06108;-18.73294;751.7312;1.4281101;15.985637;100.0;0.051981967;157.32811;330.15952;0.0;-0.03168732;0.0;0.18832088;0.18831342;0.0;0.0;1000.89667;3638.9211;-1191.3595;4191.227;-21.44;66.32111
1978-11-24;-10.765285;-16.880938;-18.247334;751.61035;1.2642951;44.435486;100.0;0.051997464;158.65297;327.7181;0.0;-0.01603365;0.0;0.18700957;0.18701702;0.0;0.0;1020.00446;3622.0466;-1215.3378;4196.8013;-9.484445;40.86889
1978-11-25;-9.423213;-16.4061;-17.31802;754.5418;1.3737564;13.934982;100.0;0.05201475;160.03416;325.1953;0.0008523463;-0.020606443;0.0;0.18572807;0.18573552;0.0;0.0;1031.7045;3580.0854;-1268.2511;4231.35;-12.907778;62.683334
1978-11-26;-7.653675;-18.03586;-17.596497;754.8157;1.2419304;13.890935;100.0;0.05202691;161.41698;322.55045;0.0017209995;-0.0343509;0.0;0.18447638;0.18446892;0.0;0.0;1063.5684;3609.5457;-1312.6039;4157.783;-23.524445;91.44
1978-11-27;-7.064379;-14.861316;-12.094842;751.55835;0.9981379;91.58599;100.0;0.05271681;161.24379;327.06705;1.1658072;-0.061316416;0.0;0.18322468;0.18322468;0.0;1.0925494;767.71;2592.831;-555.36945;5505.012;-44.97889;-25.675556
1978-11-28;-6.425054;-11.941356;-11.996655;752.2849;1.0392183;103.30604;100.0;0.053150654;162.44887;327.39258;0.0029371348;-0.03518164;0.0;0.18200278;0.18200278;0.0;0.00035390258;1024.1289;3412.9756;-1297.4839;4667.3115;-24.193333;-0.8655556
1978-11-29;-5.7569137;-12.177461;-12.323418;749.8362;0.9944528;268.86264;100.0;0.053147357;164.49315;323.40494;0.00011920929;-0.0519827;0.0;0.18078089;0.18078089;0.0;0.00010803342;997.3261;3251.6067;-1155.9523;4819.782;-37.134445;0.08444444
1978-11-30;-6.537379;-13.2790785;-14.129367;748.5833;0.97717613;197.13377;100.0;0.053146284;166.32745;319.9463;0.00475645;-0.036176294;0.0;0.1795888;0.17958134;0.0;0.0038966537;1027.8556;3278.3577;-1135.0372;4661.541;-25.144444;19.376667
1978-12-01;-5.2210183;-6.6749167;-7.5638504;745.154;0.7804994;245.23726;100.0;0.06597964;156.51659;421.38672;31.26848;-0.03485754;0.0;0.1784116;0.17841905;0.0;30.982853;360.0589;1211.83;-4.763889;6522.197;-26.553333;-66.933334
1978-12-02;-5.1234183;-6.375623;-5.503836;744.77545;0.6054036;208.45166;100.0;0.084765434;153.24608;553.5075;0.63360035;-0.0720676;0.0;0.17726421;0.17726421;0.0;0.6110519;602.4372;2570.1123;-599.1272;6024.8613;-53.63111;-104.4
1978-12-03;-6.1319566;-7.1045303;-5.897467;743.6302;0.6547649;137.86984;100.0;0.09264473;153.07289;603.2308;19.918625;-0.035254285;0.0;0.17613173;0.17612427;0.0;19.913256;329.535;1369.1633;-184.36055;6479.562;-26.515556;-84.60333
1978-12-04;-6.268336;-7.2970214;-5.563726;747.72906;0.88142985;215.96083;100.0;0.110532604;151.29198;729.7363;8.4382715;-0.08357875;0.0;0.17499924;0.17499924;0.0;8.43411;404.93668;1746.2578;-211.08223;6458.0244;-64.00667;-138.0089
1978-12-05;-5.8024087;-8.384835;-6.4631767;751.4914;0.662685;147.39723;100.0;0.1137987;157.2044;724.8128;0.55361605;-0.06750226;0.0;0.17389655;0.17389655;0.0;0.5479753;591.52167;2508.0588;-597.0517;5917.0513;-50.171112;-114.42
1978-12-06;-5.4775634;-7.6092935;-8.964043;752.3724;0.7825808;185.48976;100.0;0.11417838;163.29457;699.8291;0.0005662441;-0.0031050295;0.0;0.17279387;0.17279387;0.0;0.00055134296;728.49054;3010.0288;-1073.6428;5107.3765;0.31944445;-44.752224
1978-12-07;-6.2885513;-7.825663;-10.944607;749.0263;0.80297893;310.35355;100.0;0.114421725;167.87856;681.9255;0.31284243;0.02721604;0.0;0.17172098;0.17171353;0.0;0.30713156;519.66223;2093.4355;-691.9722;5412.2476;22.718334;2.4077778
1978-12-08;-5.77462;-7.2442117;-11.012866;748.5859;0.9242334;240.08516;100.0;0.11559693;171.11554;675.2116;4.92503;0.031189062;0.0;0.1706481;0.1706481;0.0;4.6572165;505.7311;1993.3134;-129.28334;6118.4844;25.398333;2.6655555
1978-12-09;-4.6992135;-5.2596946;-5.00577;745.31696;0.5965963;216.48085;100.0;0.13666856;162.47655;838.7858;23.994844;-0.013036653;0.0;0.16960502;0.16960502;0.0;23.39247;158.94556;671.64667;-103.850555;6662.7827;-9.89;-38.794445
1978-12-10;-6.4495454;-7.582353;-6.047619;747.6255;0.8012629;228.38216;100.0;0.14559121;165.86847;878.8249;1.6924441;-0.044338405;0.0;0.16859174;0.16857684;0.0;1.6530082;496.89722;2108.0923;-599.8506;5929.372;-33.056667;-86.90444
1978-12-11;-6.094879;-10.3313675;-8.429494;745.84546;0.85183495;168.95688;100.0;0.14624567;172.9264;846.84247;0.08302331;-0.04082918;0.0;0.16754866;0.16754866;0.0;0.04089251;672.5672;2792.2932;-916.52277;5335.2783;-28.937778;-48.34111
1978-12-12;-6.527714;-8.543384;-8.325196;740.04987;1.1037972;19.02244;100.0;0.1537232;172.70702;887.93945;18.428734;-0.0071534887;0.0;0.16653538;0.16653538;0.0;17.67905;334.33444;1388.8234;-104.64778;6364.271;-4.461111;-13.835556
1978-12-13;-4.8588767;-6.6654816;-6.440779;747.83514;0.70396256;148.01097;100.0;0.1658159;172.39647;962.972;1.1061251;-0.02410449;0.0;0.165537;0.165537;0.0;1.0991096;491.84555;2108.081;-363.69223;6240.661;-16.885555;-57.531113
1978-12-14;-5.3726273;-6.4038277;-5.3282685;748.01416;1.0398396;219.80116;100.0;0.16714533;180.10382;928.9551;2.0477133;-0.05506724;0.0;0.16455352;0.16454607;0.0;2.0426624;410.06555;1712.6378;-282.78445;6429.9424;-41.72778;-80.541115
1978-12-15;-4.601668;-5.148309;-4.6208267;745.3304;1.5044442;213.961;100.0;0.1759526;182.94203;959.3506;22.885141;-0.04303828;0.0;0.16358495;0.1635775;0.0;22.497654;208.55167;866.0356;52.084446;6872.799;-33.264446;-96.53222
1978-12-16;-6.062458;-6.8519325;-3.9710999;742.44214;1.2626971;258.24265;100.0;0.2129165;176.39223;1205.2002;21.87622;-0.093990006;0.0;0.16260147;0.16262382;0.0;21.233809;315.37946;1375.7511;-638.5928;6043.124;-72.638885;-124.97111
1978-12-17;-8.569786;-15.615642;-10.431523;749.2871;0.9131827;131.9812;100.0;0.2168762;184.83168;1175.1709;0.004748289;-0.083786435;0.0;0.16167015;0.16167015;0.0;0.0038854778;724.9144;3061.301;-1348.1461;4508.862;-62.65111;-72.774445
1978-12-18;-5.0893173;-15.325994;-14.189568;748.38727;0.7845002;225.99101;100.0;0.21686983;190.49315;1139.5264;0.0008523463;-0.019127503;0.0;0.16073883;0.16072392;0.0;0.0;719.69946;2956.4912;-932.25775;4817.149;-12.492222;58.65222
1978-12-19;-5.6345315;-11.757804;-14.63298;748.4775;1.0073315;244.74599;100.0;0.21689375;195.15038;1112.3047;0.00085234636;0.01566019;0.0;0.15978515;0.1597926;0.0;0.0;763.1222;3053.8745;-1008.1533;4713.8843;14.222222;71.20111
1978-12-20;-6.499298;-11.281913;-15.470168;749.2243;0.92022604;207.04395;100.0;0.2169395;199.31737;1089.274;5.9604645e-05;0.024974346;0.0;0.15889108;0.15887618;0.0;5.2154064e-05;788.2228;3074.28;-1016.35944;4625.642;21.43111;59.22222
1978-12-21;-5.842865;-9.079356;-15.564049;748.70044;0.6806856;294.98416;100.0;0.21698852;203.09569;1069.2139;0.012978911;0.040185638;0.0;0.15796721;0.15797466;0.0;0.0104010105;787.8222;2995.6033;-768.6811;4935.2065;32.72778;49.262222
1978-12-22;-7.3896737;-9.850566;-13.57587;748.6638;0.8963904;234.42387;100.0;0.21705055;207.083;1049.1943;0.0066787;0.015965663;0.0;0.15707314;0.15707314;0.0;0.005826354;792.4461;2940.7144;-963.1372;4899.17;14.693889;3.481111
1978-12-23;-9.46413;-13.655555;-15.256637;750.05585;1.489687;20.841553;100.0;0.21709184;210.83038;1030.5582;0.009971857;0.012035482;0.0;0.15619397;0.15618652;0.0;0.009488314;875.75336;3181.3088;-1071.8944;4574.688;11.543333;60.795555
1978-12-24;-6.5179496;-15.314963;-14.741519;751.11383;0.9432893;202.04822;100.0;0.21713193;214.24672;1014.3636;0.0027060509;-0.016158447;0.0;0.1552999;0.15530735;0.0;0.0014342368;869.905;3083.2488;-1039.586;4698.265;-10.011111;51.314445
1978-12-25;-4.522476;-10.408256;-13.228473;748.60443;0.37987337;257.52676;100.0;0.22172828;212.35284;1044.108;6.3271103;0.004564412;0.0;0.15445054;0.15444309;0.0;6.049462;546.6494;2071.109;-132.00945;5950.891;4.847778;13.538889
1978-12-26;-4.721157;-5.525017;-8.67049;747.4466;0.6332435;212.17747;100.0;0.22595672;212.8893;1061.4828;5.6662383;0.021651387;0.0;0.15358627;0.15359372;0.0;5.4084735;411.79166;1576.35;45.97222;6636.8545;17.896667;-25.482222
1978-12-27;-4.894053;-5.9646707;-6.046926;747.64545;0.77451605;210.39948;100.0;0.23033512;215.1953;1071.7773;1.0843337;-0.0306461;0.0;0.1527369;0.1527518;0.0;1.0625459;560.9722;2214.7688;-373.62445;6302.6143;-21.914444;-69.15889
1978-12-28;-5.4099526;-6.147583;-5.421509;746.55865;0.9113977;222.02449;100.0;0.2328846;219.69301;1060.791;4.1609855;-0.04444085;0.0;0.15190244;0.15191734;0.0;4.1532516;348.27722;1364.1244;-225.10777;6476.9746;-33.942223;-93.77778
1978-12-29;-5.501661;-8.059634;-6.5874786;747.5877;0.8068352;155.57797;100.0;0.23505068;224.31932;1049.1537;0.37439466;-0.056899153;0.0;0.15108287;0.15109032;0.0;0.37397072;742.97614;2934.2878;-1023.22;5343.1978;-41.405556;-69.96222
1978-12-30;-7.205078;-9.136665;-9.0256605;747.18695;0.85903835;204.57368;100.0;0.23540203;229.277;1027.71;0.03601993;-0.0030901283;0.0;0.15027821;0.15026331;0.0;0.03338605;711.2961;2749.2644;-1035.7944;5106.906;-0.15666667;-41.086666
1978-12-31;-6.7615943;-9.365428;-9.6706085;746.6473;0.79965186;198.41313;100.0;0.23549943;233.61066;1009.0332;0.30529186;-0.01190044;0.0;0.14945865;0.14945865;0.0;0.30273944;685.64886;2582.8655;-568.6544;5694.7705;-7.0561113;-37.215557
1979-01-01;-4.727732;-5.587677;-7.2246704;747.1128;0.82671165;246.67993;100.0;0.23705073;235.97784;1004.8421;2.5927007;0.003742054;0.0;0.14866889;0.14865398;0.0;2.5194027;476.34222;1781.5511;-55.477222;6629.6187;4.1666665;-50.717777
1979-01-02;-4.134562;-4.736399;-4.7444305;749.08844;1.3751928;214.2754;100.0;0.24101949;237.39061;1015.625;4.1519322;-0.04611723;0.0;0.14786422;0.14786422;0.0;3.9808974;374.98334;1436.6256;-99.12334;6751.11;-35.204445;-91.208885
1979-01-03;-3.4697049;-4.105015;-3.8401463;749.63763;1.3205953;206.1757;100.0;0.24434285;240.47816;1016.56085;4.3118534;-0.036505982;0.0;0.14708936;0.14708936;0.0;4.1792283;447.65887;1734.2633;-266.05667;6602.938;-27.272223;-79.64222
1979-01-04;-5.0314903;-5.665171;-3.0439568;743.61426;1.8480297;198.91042;100.0;0.2726264;225.5628;1206.7465;40.223312;-0.13214163;0.0;0.1463294;0.1463145;0.0;38.52389;102.84389;431.01443;-241.93279;6584.8154;-103.68222;-140.21556
1979-01-05;-8.28508;-11.602607;-6.81551;747.0779;0.8371644;202.49886;100.0;0.2887839;223.27179;1295.3287;0.3301382;-0.09168498;0.0;0.14555454;0.14555454;0.0;0.32561645;550.00446;2344.8433;-1175.8911;5039.9424;-69.318886;-83.41111
1979-01-06;-9.49881;-11.24393;-9.691827;744.45636;0.8983538;222.34227;100.0;0.2896451;228.22264;1269.9381;3.3561323;-0.03266707;0.0;0.14479458;0.14480203;0.0;3.3539085;684.20447;2839.5134;-575.7894;5645.6777;-23.344444;-106.113335
1979-01-07;-9.784812;-11.330089;-9.497735;743.84393;0.98957545;184.98564;100.0;0.2936578;228.15819;1287.8824;1.807086;-0.031474978;0.0;0.14404953;0.14404953;0.0;1.8004216;660.0711;2743.771;-814.87665;5362.8145;-22.618889;-96.74555
1979-01-08;-10.546661;-13.210934;-10.670533;744.3992;0.97776824;52.608124;100.0;0.29837275;226.68422;1314.4531;14.501298;-0.041669235;0.0;0.14330447;0.14331192;0.0;14.495775;427.09055;1743.6333;-296.6361;5861.209;-31.343334;-65.57667
1979-01-09;-8.199581;-11.254773;-9.247986;742.83417;2.0791075;27.32096;100.0;0.31518885;214.52245;1468.1803;12.131468;-0.09470619;0.0;0.14257431;0.14258176;0.0;12.12462;361.81946;1554.3478;-269.72446;6080.3276;-73.068886;44.877777
1979-01-10;-9.608859;-13.272301;-9.796521;743.33856;1.7486614;24.581907;100.0;0.3247434;214.87206;1512.2885;2.6911883;-0.07786229;0.0;0.14185905;0.14185905;0.0;2.685584;689.2867;2960.8755;-1197.9989;4839.801;-58.25;-18.764444
1979-01-11;-11.040497;-15.877423;-13.92888;746.1562;1.184714;131.08441;100.0;0.3251054;220.69008;1474.0397;0.0065028663;-0.022206455;0.0;0.14113635;0.1411289;0.0;0.003926456;796.3383;3326.1145;-1267.3739;4359.4004;-14.901111;-42.38778
1979-01-12;-7.725595;-15.290329;-16.220985;748.3588;1.0070901;194.7367;100.0;0.32512572;225.05988;1445.3125;0.0;-0.0046100467;0.0;0.14041364;0.14042109;0.0;0.0;819.76166;3330.7378;-1139.7639;4390.227;-1.0788889;65.59889
1979-01-13;-7.2369666;-15.766586;-17.036402;748.67914;0.9983441;182.74524;100.0;0.32515156;228.75648;1422.1191;0.001078844;-0.0056661665;0.0;0.13971329;0.13971329;0.0;0.00021606684;887.5333;3512.7722;-1124.2028;4369.7324;-1.8694445;75.085556
1979-01-14;-6.2003884;-15.236522;-17.085938;749.44214;0.96615034;235.73364;100.0;0.32517627;232.16405;1401.5299;0.001723879;-0.000718981;0.0;0.13901293;0.13901293;0.0;0.0;912.5333;3520.3223;-1109.145;4409.4756;1.8744445;88.39
1979-01-15;-5.44251;-14.0884695;-16.489271;750.5283;1.0175439;300.84454;100.0;0.3252064;235.4824;1382.1615;0.0004351138;0.0017490238;0.0;0.13832748;0.13832748;0.0;0.0;938.24054;3530.22;-952.4611;4682.8076;3.8866668;86.225555
1979-01-16;-4.88974;-7.583551;-13.090899;750.3579;0.7104228;111.74463;100.0;0.32826114;236.50356;1387.6547;6.0566874;0.033149496;0.0;0.13764203;0.13764948;0.0;5.4020734;333.5472;1252.8889;248.05833;6483.208;26.152222;29.76111
1979-01-17;-2.9237874;-4.4955025;-7.8668494;753.73285;0.656486;52.15031;100.0;0.3331331;238.48045;1397.5424;2.9853165;0.016406178;0.0;0.13698637;0.13697147;0.0;2.2074506;456.85443;1785.0934;50.57389;6730.032;14.123889;-22.86
1979-01-18;-1.9935812;-3.6981812;-4.7459106;755.20953;0.6443864;87.82604;100.0;0.340201;241.11717;1411.2549;7.005739;-0.014565885;0.0;0.13631582;0.13630837;0.0;6.313659;537.4756;2182.7866;-303.45944;6528.32;-9.133333;-53.171112
1979-01-19;-2.5797436;-3.101092;-3.0683086;751.42633;0.39185068;163.10321;100.0;0.3576235;237.7477;1502.9703;23.725653;-0.015087426;0.0;0.13566017;0.13565272;0.0;22.034563;177.31721;750.7256;-20.745832;6943.1807;-11.407778;-37.394444
1979-01-20;-3.8247936;-4.4540153;-2.4674911;749.0476;0.87686133;205.7937;100.0;0.36870635;241.28905;1529.8258;4.1358547;-0.10129064;0.006183982;0.1411885;0.13500452;0.05974993;3.7161782;515.7867;2146.7888;-580.75165;6299.812;-77.316666;-140.09222
1979-01-21;-4.8121247;-5.9032135;-3.581318;745.44464;0.9834724;192.64392;100.0;0.37439868;246.49315;1519.5312;7.6363564;-0.17064437;0.0;0.13434887;0.13435632;0.0;7.623583;429.2439;1750.5422;-209.6961;6633.1113;-132.20667;-179.02556
1979-01-22;-5.4048257;-7.5581055;-4.4186997;743.2302;0.7930398;87.08017;100.0;0.3791099;251.04198;1511.4746;3.3836544;-0.113585964;0.0;0.13369322;0.13371557;0.0;3.3548958;591.4611;2439.271;-675.5881;5988.8267;-86.236664;-101.42
1979-01-23;-7.7576256;-11.124188;-6.404461;743.68195;1.0821375;43.688107;100.0;0.3862894;251.15916;1538.4521;6.0486226;-0.15702379;0.0;0.13306737;0.13307482;0.0;6.0396714;579.8711;2437.6877;-980.605;5363.653;-120.63778;-100.84
1979-01-24;-10.191364;-12.064613;-9.359469;744.9123;0.9697806;218.70583;100.0;0.3879677;255.32552;1520.7113;1.1526257;-0.0687195;0.0;0.13242662;0.13244152;0.0;1.1495464;809.73;3318.459;-732.7317;5453.7383;-51.22333;-165.81444
1979-01-25;-8.371941;-11.346756;-9.847133;750.82697;0.7157424;150.26952;100.0;0.38922688;258.54068;1506.6324;0.3462106;-0.036282465;0.0;0.13180077;0.13180822;0.0;0.3439337;893.66833;3612.74;-1289.5906;4748.86;-25.1;-88.153336
1979-01-26;-8.224994;-16.226177;-13.067945;753.1192;1.2359141;18.539743;100.0;0.38928306;262.66733;1483.2357;0.00049471844;-0.038098544;0.0;0.13118982;0.13118237;0.0;6.7055225e-05;993.3494;3913.05;-1577.9338;4093.2144;-25.953333;18.893333
1979-01-27;-7.5100226;-19.357697;-15.676669;751.361;1.0980724;174.58458;100.0;0.38928774;265.79492;1465.6576;0.00079274166;-0.04475843;0.0;0.13056397;0.13056397;0.0;0.00037252903;1043.2511;4003.1445;-1296.26;4246.1216;-31.267778;59.923332
1979-01-28;-5.9749656;-14.20309;-13.877549;749.47095;0.86265826;231.23064;100.0;0.38934636;268.64453;1450.3988;0.06595254;-0.027838163;0.0;0.12996793;0.12995303;0.0;0.06382167;970.57666;3635.2822;-861.07666;5075.7026;-18.385555;-8.763333
1979-01-29;-6.800466;-11.242621;-13.815412;749.76166;1.0111439;196.67273;100.0;0.3893862;271.68945;1434.2041;0.00029802322;0.005925074;0.0;0.12937188;0.12934953;0.0;0.00029802322;1071.3606;3916.6667;-1222.0706;4579.3525;7.8777776;8.605556
1979-01-30;-4.5208573;-9.40611;-13.492927;749.2073;0.93855244;266.5588;100.0;0.3894328;274.6211;1419.108;0.008815527;0.012764707;0.0;0.12876093;0.12874603;0.0;0.008389354;1098.9061;3923.6716;-984.31775;4940.3203;12.988889;26.233334
1979-01-31;-3.1400452;-7.372355;-11.452891;749.93097;0.7946481;205.7935;100.0;0.38948312;277.7513;1403.2797;0.0018537039;0.0071236864;0.0;0.12816489;0.12815744;0.0;0.00056251884;1056.8794;3690.1277;-900.3553;5259.795;8.807777;0.5188889
1979-02-01;-3.1420186;-3.942149;-8.814616;749.79224;1.0361589;247.34851;100.0;0.38998482;280.9196;1388.8346;2.3882866;0.03429223;0.0;0.12755394;0.12756884;0.0;2.3285375;903.70776;3086.7466;-276.5639;6330.648;29.314444;-53.753334
1979-02-02;-4.6537986;-5.174618;-5.7479196;743.5857;0.93964833;210.84375;100.0;0.42174503;259.53873;1624.1455;49.535534;0.0096187;0.0;0.1269877;0.12699515;0.0;48.70528;116.48167;491.97556;11.003333;6753.4033;7.657778;-13.982223
1979-02-03;-6.5252357;-8.739449;-6.2548637;745.0971;0.6141475;254.69781;100.0;0.44302285;250.41273;1771.3217;0.512892;-0.08661486;0.0;0.12640655;0.12642145;0.0;0.5072579;920.3506;3960.1023;-1020.9078;5404.2485;-63.27;-155.31111
1979-02-04;-6.3394675;-8.475315;-7.5620627;747.19745;0.7091989;178.67293;100.0;0.44354132;257.3623;1725.1383;0.23468137;-0.048999675;0.0;0.1258254;0.1258403;0.0;0.22862852;904.30945;3795.0479;-1088.27;5242.7017;-34.38778;-118.79
1979-02-05;-4.940885;-12.350417;-10.192455;748.7619;0.8390064;151.51538;100.0;0.44360337;263.2539;1686.6455;0.0008553266;-0.05548075;0.0;0.12527406;0.12526661;0.0;0.0;1062.715;4339.7056;-1404.6056;4577.2163;-38.578888;-24.481112
1979-02-06;-4.1044617;-11.01946;-10.513326;746.8437;0.5503383;287.52246;100.0;0.44389236;267.73306;1658.5693;2.5069773;-0.053963624;0.0;0.12470782;0.12470037;0.0;2.4491959;1033.9928;4111.211;-839.4767;5331.44;-37.635555;-55.445557
1979-02-07;-4.702932;-5.9446006;-7.9691467;745.03143;0.5254387;243.34514;100.0;0.45104742;264.8519;1702.0264;12.759847;0.0029299408;0.0;0.124156475;0.124149024;0.0;12.335498;387.05167;1578.1189;79.45722;6726.7466;3.47;-46.763332
1979-02-08;-3.8673198;-4.862986;-5.1846924;741.2032;0.55361724;162.73323;100.0;0.4722948;253.85121;1860.026;14.884013;-0.020384789;0.0;0.12359023;0.12360513;0.0;13.936203;482.2039;2087.7422;-201.74889;6585.291;-13.998333;-81.98889
1979-02-09;-3.3536785;-3.907491;-3.7250164;744.206;0.5289702;186.60896;100.0;0.47917792;258.71094;1853.475;7.4103775;-0.05633291;0.0;0.12306869;0.12306869;0.0;6.9080815;417.08276;1754.9412;-123.59889;6801.0283;-42.680557;-112.17778
1979-02-10;-3.6237488;-5.343516;-3.0705822;743.0529;0.7138079;221.88036;100.0;0.48521176;264.3392;1837.8906;1.4784926;-0.112819485;0.0;0.12251735;0.1225248;0.0;1.4146827;733.5894;3053.3923;-807.8567;6016.7607;-84.36222;-128.72778
1979-02-11;-4.238678;-5.2025247;-4.011927;744.15424;1.1904488;228.99487;100.0;0.48602834;272.61328;1784.79;2.522573;-0.13097934;0.0;0.121980906;0.121988356;0.0;2.341289;858.0172;3434.6467;-417.6678;6443.8887;-99.032776;-211.15555
1979-02-12;-1.9539896;-3.2158406;-3.0486195;749.147;0.7006586;141.56444;100.0;0.48833537;279.42838;1749.8779;0.36336482;-0.06408151;0.0;0.121444464;0.121444464;0.0;0.31807274;962.05225;3817.2356;-985.95056;5875.7773;-45.15222;-121.31778
1979-02-13;0.5641988;-7.6429443;-4.771383;753.1038;0.77406484;231.52336;100.0;0.4883676;286.77213;1705.0781;0.00085532654;-0.102113;0.0;0.12090802;0.12090802;0.0;0.0;1214.3539;4614.55;-1349.3267;5223.569;-73.12945;-31.612223
1979-02-14;0.77434283;-6.287791;-5.471293;750.67523;0.63329285;243.1098;100.0;0.48834315;292.9567;1669.108;0.0012681913;-0.07676147;0.001013279;0.12138486;0.12037158;0.016218051;0.0;1234.18;4527.69;-1358.3539;5177.0073;-53.875557;-44.466667
1979-02-15;-1.6626587;-3.4861553;-5.4478707;747.0109;0.6958003;232.11601;100.0;0.49146605;296.0853;1660.8887;9.939129;-0.040965155;0.0099390745;0.12978911;0.11985004;0.0146161765;8.701101;975.6567;3445.7021;-602.98444;6119.582;-28.442223;-88.82889
1979-02-16;-3.00589;-4.9467874;-4.0726876;748.1924;0.9507132;156.55554;100.0;0.49888003;295.80045;1689.4531;1.0565609;-0.093854964;0.011771917;0.13110042;0.1193285;0.17320365;0.8110665;1004.0317;3923.591;-1116.8966;5585.0835;-68.48222;-138.54333
1979-02-17;-3.152242;-9.992767;-5.5380325;751.77734;1.0838103;99.45658;100.0;0.4990104;301.29688;1659.2611;0.005465746;-0.17573684;0.0;0.11879206;0.11880696;0.0;0.004157424;1246.8939;4677.1533;-1416.5712;5059.921;-130.39444;-119.61667
1979-02-18;-2.3276634;-12.4469;-8.031567;749.8342;0.9457255;50.609997;100.0;0.49896327;305.77475;1634.8063;0.0;-0.1163315;0.0;0.11828542;0.11828542;0.0;0.0;1374.1433;4994.32;-1737.9244;4421.653;-84.013336;-21.116667
1979-02-19;-2.1711705;-8.28262;-8.662579;745.4937;1.0121074;200.24007;100.0;0.49964464;308.7604;1620.4834;4.1191487;-0.08876249;0.0;0.11777878;0.11776388;0.0;3.984548;1353.6956;4792.559;-968.715;5423.6294;-63.806667;-52.504444
1979-02-20;-4.726935;-5.8921227;-6.521136;742.7321;0.9844987;215.03523;100.0;0.5073845;304.57324;1667.9688;5.119744;-0.0796644;0.0;0.11727214;0.11726469;0.0;5.028162;1008.73724;3931.7766;-682.9117;5952.9043;-58.282776;-165.56
1979-02-21;-5.0826874;-6.0974517;-5.7870216;744.8768;0.73788863;231.55139;100.0;0.5105209;305.7018;1672.7295;2.7458017;-0.10183733;0.0;0.1167655;0.11677295;0.0;2.7186127;924.7267;3621.4421;-624.07;6021.223;-76.344444;-190.41556
1979-02-22;-4.5171905;-5.675228;-5.237493;745.208;0.8147137;198.13515;100.0;0.51362354;307.10416;1674.5605;4.901548;-0.113565475;0.0;0.11627376;0.11628121;0.0;4.767295;968.30054;3784.9033;-647.2833;6064.0933;-84.93445;-188.99445
1979-02-23;-4.553393;-6.0544457;-5.1067886;746.1911;0.6365307;206.63097;100.0;0.5180879;306.71094;1691.7725;1.503865;-0.10805018;0.0;0.11578202;0.11578947;0.0;1.4896356;1141.7106;4551.8813;-1058.7206;5555.863;-79.05666;-180.04778
1979-02-24;-5.296898;-7.0955024;-5.3138833;747.1248;0.87185377;239.63672;100.0;0.51864505;310.75455;1671.875;1.3537288;-0.16221963;0.0;0.115305185;0.115290284;0.0;1.3264344;1114.5717;4300.387;-817.3639;5848.192;-121.937775;-205.68556
1979-02-25;-5.426613;-7.0639977;-5.1930184;745.67474;1.2219394;208.15932;100.0;0.52225864;310.45737;1684.1227;3.6981285;-0.19473955;0.0;0.11482835;0.11481345;0.0;3.6780238;1060.3994;4177.08;-776.75665;5884.352;-147.94888;-216.8511
1979-02-26;-5.8290086;-8.258675;-5.5519614;746.2059;1.2501879;214.56212;100.0;0.5236779;312.94727;1675.7812;0.70534945;-0.27192476;0.0;0.11433661;0.11433661;0.0;0.68719316;1168.9928;4532.1396;-990.17;5568.208;-207.82777;-208.87111
1979-02-27;-5.7197533;-8.437913;-6.1862984;745.6318;0.79545164;77.57956;100.0;0.5266263;313.41797;1681.1117;8.866265;-0.13952702;0.0;0.11385977;0.11385977;0.0;8.816115;874.69165;3345.6106;-703.87665;5863.1953;-105.27333;-135.19888
1979-02-28;-6.9129386;-10.291036;-6.489268;745.5899;1.0686849;46.187313;100.0;0.5346866;307.89322;1737.8744;2.5752485;-0.14744791;0.0;0.113382936;0.11339784;0.0;2.5706775;632.73334;2596.0667;-880.4461;5522.085;-112.79889;-105.77278
1979-03-01;-7.655454;-15.426105;-9.009185;750.524;1.1403319;57.142536;100.0;0.5355285;310.7106;1725.2604;0.013137905;-0.14332123;0.0;0.112921;0.11292845;0.0;0.0118725;1386.3878;5586.8784;-1729.9661;4324.209;-105.14555;-173.15555
1979-03-02;-6.5705924;-16.874529;-11.41969;749.814;1.2149919;42.847187;100.0;0.53549564;313.70767;1708.5367;0.0;-0.103031285;0.0;0.11244416;0.11245161;0.0;0.0;1420.2611;5575.6304;-1640.9022;4267.181;-73.861115;-61.45111
1979-03-03;-8.831189;-15.186806;-12.85117;749.4463;1.6404442;25.900427;100.0;0.53547865;316.2145;1694.9463;0.0006139277;-0.08187257;0.0;0.11198223;0.11198968;0.0;0.00011920929;1513.5128;5792.5156;-1839.2045;3889.6316;-58.20111;-65.585556
1979-03-04;-10.287621;-16.004705;-13.665404;750.13226;1.5600042;25.93307;100.0;0.5354672;318.39258;1683.1055;0.013077927;-0.052005053;0.0;0.11153519;0.11154264;0.0;0.009648502;1507.6206;5632.29;-1611.0416;4144.8193;-38.718887;-148.83778
1979-03-05;-8.696717;-18.36573;-14.65902;750.18335;1.0850855;49.616528;100.0;0.53545773;320.36588;1672.4039;0.0012904402;-0.03511831;0.0;0.11110306;0.11110306;0.0;0.0;1621.3552;5909.6343;-1741.9366;3917.5146;-25.426666;-95.28
1979-03-06;-6.5497184;-18.443205;-14.4404335;750.67847;1.0162885;51.71721;100.0;0.53544366;322.21973;1663.1266;0.0012516746;-0.04601665;0.0;0.110685825;0.11066347;0.0;0.00039488077;1631.5458;5808.0522;-1402.711;4421.1978;-33.86222;-73.85333
1979-03-07;-5.175242;-10.833529;-11.829891;746.09955;0.5432415;237.70891;100.0;0.54098207;317.62955;1703.125;11.112392;-0.003999099;0.0;0.11023879;0.11023879;0.0;10.851972;1028.272;3847.1116;-378.63834;5903.317;-2.78;-115.83222
1979-03-08;-4.56132;-6.586721;-8.496259;741.7905;0.77396995;131.34648;100.0;0.54928297;310.71973;1769.2465;2.4981797;-0.018976629;0.0;0.10982156;0.10980666;0.0;2.3785307;1074.6783;4374.293;-745.7767;5758.5864;-13.335556;-165.92444
1979-03-09;-4.7128396;-6.931936;-7.5187583;742.10693;0.84034586;64.903076;100.0;0.5512847;312.5713;1765.0961;2.8751493;-0.033276156;0.0;0.109389424;0.109389424;0.0;2.7249455;992.8761;3989.9875;-553.7228;6009.098;-24.807777;-152.04889
1979-03-10;-4.9984536;-6.6790566;-6.1496367;744.751;0.72464424;160.3628;100.0;0.5568913;311.2015;1790.0797;8.068839;-0.0822451;0.0;0.10897219;0.10897219;0.0;7.9872756;858.95886;3481.5093;-446.50665;6233.82;-63.483334;-178.27667
1979-03-11;-5.231903;-7.596924;-5.7161155;747.4402;0.7399502;202.18425;100.0;0.5607739;311.90787;1799.6012;0.3309548;-0.117247924;0.0;0.10856986;0.10855496;0.0;0.3081113;1243.3108;5094.0757;-1241.8528;5287.628;-90.075554;-246.10667
1979-03-12;-5.160309;-9.115987;-7.0315576;748.77386;0.9721279;103.664246;100.0;0.56086;316.0;1776.7334;0.0042553227;-0.061625615;0.0;0.10815263;0.10813773;0.0;0.0021010637;1476.603;5904.2065;-1412.3672;4983.642;-45.76889;-250.00667
1979-03-13;-3.6732585;-7.042277;-7.119715;747.6158;0.80975205;139.96999;100.0;0.5622074;318.46616;1765.6656;6.6931844;-0.06462447;0.0;0.107720494;0.107727945;0.0;6.1828194;1208.6919;4703.757;-698.3333;5902.3667;-48.883335;-161.66888
1979-03-14;-2.9043682;-5.1427207;-4.892016;745.89044;0.8162999;107.73066;100.0;0.5686243;315.57455;1803.6295;1.1288226;-0.0652615;0.0;0.10731816;0.10731816;0.0;0.85675716;1118.517;4545.9077;-870.7175;5901.808;-49.34;-194.32889
1979-03-15;-2.9500835;-7.853658;-5.3663926;749.36774;1.0262398;86.86273;100.0;0.56885713;319.98697;1779.3375;0.005528331;-0.08426234;0.0;0.10690093;0.10691583;0.0;0.0046640635;1552.2306;6080.4775;-1501.1766;5068.637;-62.94889;-224.13445
1979-03-16;-0.42022705;-8.341359;-6.4540405;752.1584;0.9626029;99.05013;100.0;0.568824;323.9935;1757.3649;0.0;-0.06313436;0.0;0.1065135;0.10650605;0.0;0.0;1682.6766;6379.4634;-1714.2411;4732.852;-46.26278;-127.85333
1979-03-17;-0.35505167;-7.060875;-7.0007424;750.9493;0.97139364;94.49717;100.0;0.5688084;327.5791;1738.1592;0.0017106531;-0.04995428;0.0;0.10609627;0.10610372;0.0;0.0;1749.1683;6436.9287;-1695.6455;4732.2065;-36.002777;-123.835556
1979-03-18;-1.4811503;-3.8522644;-5.805796;748.717;0.7798993;157.15202;100.0;0.57122135;329.2002;1735.9619;7.2395864;-0.019515865;0.0;0.10570884;0.10570884;0.0;6.44356;1253.3339;4474.924;-469.4386;6342.1865;-13.163333;-139.01445
1979-03-19;-1.0935364;-3.2223713;-2.9524689;748.73114;0.79770845;122.62466;100.0;0.5759254;329.45084;1750.651;0.088498;-0.059673563;0.027999282;0.13332069;0.10531396;0.41896477;0.073779374;1401.4003;5283.67;-958.8872;6002.11;-44.023335;-210.06778
1979-03-20;-0.95132446;-3.7733562;-2.5559158;750.80566;0.98322743;82.22957;100.0;0.575539;334.6644;1722.6156;0.00628531;-0.08906983;0.021994114;0.12692809;0.10492653;0.30881727;0.004567206;1709.3203;6136.3076;-1353.4886;5555.6636;-66.58;-259.28555
1979-03-21;-0.6102397;-2.8177083;-2.4935405;751.08954;1.0467085;111.34958;100.0;0.5750208;339.76303;1695.8414;0.12589395;-0.044853427;0.07031858;0.17485023;0.104531646;0.8110311;0.0010579824;1757.1561;5925.0366;-1309.1622;5593.792;-31.914444;-208.40445
1979-03-22;-0.6374003;-2.8937886;-1.6604666;749.4216;0.9797221;94.075134;100.0;0.57405543;345.05728;1667.6432;0.5231309;-0.1552049;0.10147691;0.20562112;0.104144216;1.102768;0.030431896;1927.5322;6077.5723;-1123.5433;5941.783;-118.287224;-271.55
1979-03-23;-0.62009686;-2.3598328;-0.5548375;747.2048;0.85142726;75.25228;100.0;0.57588214;351.1888;1643.392;4.2251525;-0.11250656;0.25720894;0.36096573;0.10377169;1.7590747;1.0796375;1615.0211;4661.785;-1092.4545;6015.263;-85.50222;-217.63667
1979-03-24;-1.786143;-3.4179382;-0.3818563;744.67065;0.9445979;108.064995;100.0;0.57896394;356.1813;1626.8717;14.37141;-0.26672614;0.077694654;0.18107891;0.10338426;0.24439394;12.129407;1641.3722;4307.62;-776.8528;6341.149;-206.69778;-267.0189
1979-03-25;-1.8226217;-2.2247722;-0.09799703;743.14716;1.1493703;207.0194;100.0;0.5953129;344.0446;1732.4219;9.138555;-0.21095388;0.2876222;0.39063394;0.10301173;1.3410784;7.081013;890.1572;3238.7827;-489.86166;6690.892;-161.54778;-275.23557
1979-03-26;-2.4480793;-4.082812;-0.19322586;741.5896;0.8281293;137.06749;100.0;0.5993438;345.0687;1739.2985;4.4811516;-0.41612238;0.07635355;0.17897785;0.1026243;0.50598013;3.8412957;1522.7977;5053.84;-950.9239;6150.0957;-318.55777;-362.24777
1979-03-27;-2.5353496;-3.4625041;-0.37684503;739.3107;0.794808;194.04326;100.0;0.6078318;342.15756;1777.3438;14.508099;-0.27171803;0.006824732;0.1090616;0.10224432;0.0131987035;13.886456;670.10333;2219.4438;-338.12833;6779.9644;-210.69556;-231.66667
1979-03-28;-1.5044861;-3.4557495;-0.31513214;745.32104;0.87388426;229.1884;100.0;0.61460215;341.8278;1800.944;0.5041987;-0.44574028;0.041499734;0.14334917;0.10186434;0.31431204;0.08388981;1762.0488;5852.6855;-968.4511;6210.3066;-339.69333;-337.95557
1979-03-29;-0.068847656;-2.577657;-0.2049001;748.3506;0.94712114;129.10991;100.0;0.61285144;348.83887;1759.725;0.08005198;-0.37790275;0.33842027;0.43989718;0.10146946;3.0713975;0.0031553209;2074.4873;5969.3037;-1126.8325;6074.156;-284.77554;-259.72333
1979-03-30;0.1797994;-2.7389324;-0.18683751;746.95746;0.94313455;83.25409;100.0;0.60680264;355.2064;1711.141;0.04916191;-0.33781677;0.9251237;1.0261983;0.10108203;7.9393873;0.0011697412;2321.584;6032.181;-1333.835;5833.927;-251.66667;-270.50555
1979-03-31;0.82648724;-3.7517803;-0.33724466;747.1856;1.0102538;103.76672;100.0;0.60000455;362.1582;1659.1797;0.015673041;-0.31431857;0.7595122;0.86019933;0.1006946;6.082948;0.0;2887.1833;6973.096;-1869.1364;5216.433;-230.07556;-189.81334
1979-04-01;2.0389812;-4.0227256;-0.31432724;749.21173;0.977619;81.59033;100.0;0.5927474;369.54883;1606.6895;0.0030696383;-0.3152825;1.0346025;1.1349022;0.10030717;7.9925656;0.0;3040.8977;6957.9946;-1799.5586;5333.2275;-229.3339;-156.50555
1979-04-02;3.8229268;-1.49882;-0.19806671;751.46405;0.9131815;104.90503;100.0;0.5816386;376.01987;1549.4791;0.015044641;-0.24502538;1.9353479;2.035275;0.09992719;13.135122;0.0;2969.795;6523.803;-1285.0161;6010.3423;-174.35556;-143.58112
1979-04-03;6.053589;2.5254517;-0.10074234;752.8077;0.97829056;100.34403;100.0;0.5661909;380.99936;1488.4847;0.06996095;-0.1444146;3.2997952;3.3993573;0.09956211;16.71881;0.0;2807.8716;5983.9424;-905.1103;6539.398;-97.00445;-81.381386
1979-04-04;5.17396;1.6368204;-0.02189509;752.95135;1.0308917;177.89278;100.0;0.54787815;384.74414;1426.4323;2.0525665;-0.22948998;5.0558596;5.1822066;0.1263395;18.817991;0.0;2735.5955;5692.3174;-662.2339;6846.8823;-162.69444;-105.09944
1979-04-05;3.08667;1.1247965;-0.01008606;751.44336;1.0012803;256.31686;100.0;0.53168184;387.51205;1373.9014;11.282751;-0.08651428;6.1675606;6.2786636;0.11111796;14.998356;0.0020489097;1796.7728;3670.9705;-404.40582;7009.4946;-58.735554;-74.477776
1979-04-06;2.014211;-3.909729;-0.15404002;752.2534;1.1862704;56.27812;100.0;0.5156564;390.79166;1321.8588;0.015656438;-0.4763864;4.6922116;4.817292;0.1250878;17.636276;0.013098121;3518.3967;7095.8745;-1772.9314;5440.55;-352.05222;-253.47778
1979-04-07;2.5706584;-3.2757366;-0.2604243;752.221;0.96114403;56.94641;100.0;0.5042209;396.67285;1273.0306;1.567173;-0.24047586;2.3165047;2.4155974;0.09908527;8.525401;0.0;2383.1843;4755.3677;-1027.6389;6182.7266;-174.67;-84.03333
1979-04-08;3.0926106;0.63774616;-0.05473582;750.6718;0.9477448;92.84222;100.0;0.49018398;401.4518;1223.0631;3.0783653;-0.17256662;5.9863925;6.2267184;0.24032593;19.63801;5.2154064e-05;2692.9895;5324.2095;-749.35803;6671.027;-120.44666;-138.11223
1979-04-09;1.9309794;0.5260213;-0.0342776;748.67017;0.9550817;145.45293;100.0;0.4755664;404.5729;1177.1647;5.789491;-0.18781424;5.066477;5.2283554;0.16187876;13.922195;0.001475215;1988.5583;3901.7627;-355.81973;7065.797;-137.42778;-114.162224
1979-04-10;0.66556805;0.11702474;-0.0008761088;747.52655;0.8867839;218.16206;100.0;0.46036246;406.306;1134.2773;6.275475;-0.20734128;6.4554214;7.529631;1.0742173;15.315311;0.34215674;1993.6967;3903.7896;-295.1411;7130.455;-153.80112;-225.55779
1979-04-11;-1.1155396;-6.195536;-0.106472015;747.519;0.88104516;162.22853;100.0;0.44899514;408.2269;1101.1963;0.48192865;-0.9710807;2.7321725;2.8383284;0.10615587;9.323306;0.45490265;2981.125;5915.05;-1254.5784;5943.8257;-745.9978;-393.25665
1979-04-12;-0.22679646;-3.6077678;-0.14580409;745.14453;0.8499537;115.722206;100.0;0.44090775;412.45312;1070.1498;6.84987;-0.4854463;3.805168;3.9161146;0.110946596;7.6472425;0.38991868;2461.8062;4939.6973;-989.5389;6220.017;-368.68332;-238.12306
1979-04-13;0.11710612;-1.8185934;-0.022209167;744.0018;0.84430295;118.47259;100.0;0.4335023;412.42935;1051.8799;18.648327;-0.351578;9.655535;10.637522;0.9820014;12.026683;2.3014805;2107.3684;4361.496;-696.58386;6632.0913;-265.37888;-209.24445
1979-04-14;0.35083008;-1.2773947;-0.019985199;744.5359;0.9601266;170.90504;100.0;0.42622694;407.91666;1045.4102;16.045506;-0.319615;9.018048;9.964257;0.9462163;12.467243;6.099157;2094.7327;4701.17;-618.9608;6741.5474;-238.65555;-230.72
1979-04-15;-1.521525;-2.8078816;-0.084440865;747.43726;1.2333101;204.83064;100.0;0.43090117;387.38086;1112.264;11.175084;-0.44599736;1.842171;2.0022244;0.16006082;3.9565098;8.681491;1742.9967;5832.235;-897.3417;6290.569;-336.03778;-366.65668
1979-04-16;-2.1931965;-4.1813455;-0.21195221;748.75287;0.975154;137.95587;100.0;0.43084833;386.4681;1116.1295;1.5094161;-0.4989244;0.66943467;0.8521676;0.18271804;1.9366741;0.84572285;2039.6494;6177.562;-1392.5189;5648.13;-376.41446;-354.04224
1979-04-17;-0.19166057;-5.1911926;-0.31434122;752.40204;0.95430285;150.5376;100.0;0.42800632;392.5394;1092.1224;0.0049650664;-0.5857926;1.0319203;1.2346059;0.2026707;3.678631;0.0027641654;2819.3794;7620.8237;-1695.8859;5387.093;-436.25446;-338.44
1979-04-18;2.1534526;-2.6494954;-0.25801596;749.58624;1.2128376;181.06671;100.0;0.4214513;399.8125;1055.9082;0.064998865;-0.44076517;2.4573207;2.678111;0.22079796;8.414939;4.4703484e-05;3042.215;7559.345;-1698.8983;5448.151;-322.75555;-166.01
1979-04-19;2.083608;-3.5062866;-0.26373038;746.4908;1.4816536;213.66096;100.0;0.41245797;406.6631;1016.1133;0.00042617318;-0.6062072;2.8718114;3.1103344;0.23852289;9.052865;0.0;3348.9272;7826.6196;-1993.4856;5103.67;-453.04443;-143.87445
1979-04-20;1.8488566;-3.6809387;-0.3004354;745.7911;1.39113;218.48883;100.0;0.4036485;414.21875;976.5625;0.08960068;-0.7522637;2.5471;2.8381646;0.29106438;7.986918;0.0;3419.74;7634.5977;-1901.6002;5178.863;-568.17554;-164.19888
1979-04-21;0.6798808;-2.4780273;-0.1906662;744.62384;1.1652232;212.38008;100.0;0.39556432;421.07065;940.91797;11.008188;-0.6357888;5.7989063;6.5185575;0.71965903;8.16498;1.827158;2874.245;6202.922;-948.9606;6319.3755;-482.03888;-237.03
1979-04-22;0.10230509;-0.80217487;-0.012112935;741.64056;1.3173317;236.54936;100.0;0.39856255;398.51987;999.9593;25.633617;-0.12529641;8.866697;10.332733;1.4660432;7.3174405;9.169381;806.4733;2503.04;-64.89083;7250.1787;-92.52778;-117.083336
1979-04-23;-0.21907552;-1.1372274;-0.056655884;747.7275;1.2224482;208.92635;100.0;0.39447188;394.47232;1001.3835;2.5704749;-0.35638362;3.239721;3.6299973;0.39026886;7.868316;0.576498;2140.5745;6393.3193;-885.82666;6403.9893;-263.7628;-339.8211
1979-04-24;0.9905904;-3.1620991;-0.06074397;751.31415;0.8893123;208.89558;100.0;0.38531122;397.35416;971.2321;1.7133057;-0.50259197;3.8947165;4.3453274;0.45060366;10.410864;0.5777851;2704.6782;7237.9033;-1130.3317;6185.1284;-370.95334;-273.03445
1979-04-25;0.18352254;-2.3763225;-0.1112442;749.92377;0.9780972;166.22902;100.0;0.37596476;399.31216;943.3594;1.9685594;-0.45060647;4.2103677;4.7690573;0.5586967;10.05195;0.20338595;2715.9622;6899.7334;-1399.9192;5809.47;-335.61667;-279.2
1979-04-26;0.012329102;-4.6006675;-0.22407532;753.06494;1.0468293;81.485214;100.0;0.36577508;404.24902;906.86035;0.44608116;-0.61955863;3.891468;4.490286;0.59880316;10.594953;0.0042766333;3066.5327;7307.6816;-1506.2134;5655.779;-463.18;-321.66
1979-04-27;-1.370341;-6.5826416;-0.34889984;754.4239;1.8108374;29.069582;100.0;0.3574767;411.80826;869.71027;0.12660027;-0.9124763;1.9465387;2.6240945;0.6775558;5.97911;0.009197742;3433.4233;7783.691;-1979.4403;5054.681;-694.0822;-240.98555
1979-04-28;0.40621948;-8.211751;-0.4217237;754.201;1.8814359;22.952322;100.0;0.35082284;420.56607;836.18164;0.0008523463;-1.0133991;1.9603223;2.7152002;0.7548779;6.2263308;0.0;3845.9138;8388.278;-2398.7075;4604.322;-769.4422;-169.61555
1979-04-29;3.3011677;-10.291432;-0.38645807;752.6381;1.0153723;75.625;100.0;0.34079626;430.36133;794.0267;0.0017182138;-0.4936941;4.2509737;5.3748937;1.1239201;12.296792;0.0;3923.5488;8312.453;-2081.3083;5065.565;-358.6489;-134.78
1979-04-30;4.655172;-2.2663116;-0.2377739;751.3974;1.1146263;222.94234;100.0;0.32447255;438.3939;742.26886;0.0024889887;-0.38572493;7.23391;8.420139;1.1862218;18.787529;0.0;3839.521;7956.0156;-1587.2211;5756.2725;-275.055;-126.51111
1979-05-01;4.6532187;-0.055419922;-0.21523666;749.3596;1.2179383;246.96632;100.0;0.30416444;444.52148;685.8317;0.012423607;-0.30203444;8.268051;10.016352;1.7482862;20.947077;0.0;3831.8845;7804.819;-1580.2883;5785.051;-211.66888;-134.95667
1979-05-02;4.3999023;-2.7953084;-0.26436868;747.77325;1.1242598;256.49377;100.0;0.28383777;449.0726;633.1787;0.0021460755;-0.46417397;8.237452;10.572359;2.3349075;19.803226;0.0;4076.2156;8192.536;-1819.7239;5487.4297;-336.1089;-135.30722
1979-05-03;2.453888;-2.650472;-0.28884506;745.06805;1.2001771;107.1644;100.0;0.26615468;450.0;592.3665;1.3364937;-0.45811293;6.8516436;8.6154785;1.763843;15.555568;0.0;3395.6772;6757.197;-1435.0039;5828.2466;-338.5178;-145.65083
1979-05-04;2.896464;-0.53985596;-0.23854701;746.82715;1.0362376;220.2184;100.0;0.24863076;450.0;553.6296;1.2602329;-0.49604848;8.210153;11.302053;3.091909;19.116323;0.00020116568;3707.429;7314.8545;-1237.1145;6130.7266;-365.40778;-204.79778
1979-05-05;1.9395548;0.43425497;-0.16559856;747.10065;0.7863476;140.18262;100.0;0.2316941;449.9961;515.5029;3.9840488;-0.14526583;7.9200716;11.266529;3.3464656;17.641489;0.004570931;2467.1694;4841.1133;-888.8586;6415.669;-101.03333;-139.69667
1979-05-06;2.3707073;-2.644806;-0.31409582;748.08856;1.1820064;109.33658;100.0;0.21230571;450.0;472.9004;0.111699104;-0.5721683;8.527994;11.756002;3.2280014;20.85923;0.0017024577;3979.4495;7768.4233;-1396.8641;5963.693;-422.4989;-298.98444
1979-05-07;3.432841;-0.7140706;-0.35913214;749.5576;1.2802638;34.971905;99.25895;0.19168007;450.0;426.92056;0.9049177;-0.35799855;9.0317135;13.576746;4.5450253;20.203724;0.0;3719.8816;7219.2524;-1418.2458;5935.739;-256.89557;-154.69888
1979-05-08;4.25;0.37832642;-0.24256389;750.226;1.2949295;44.72121;97.250244;0.17050917;450.0;379.8828;1.5275478;-0.38501805;9.046897;14.170438;5.1235256;21.290794;0.0;3595.3684;6874.1216;-1110.4972;6339.278;-273.5122;-157.29445
1979-05-09;4.4664817;-1.0745646;-0.2741877;751.38983;1.1380283;52.21327;95.614746;0.14883427;450.0;331.62436;0.5380816;-0.4383158;9.197831;15.047014;5.8491826;21.758615;0.0;3618.6094;6835.93;-1221.2611;6209.5474;-311.24335;-182.63333
1979-05-10;4.3838296;-0.09276327;-0.3653666;752.9873;0.994597;96.60657;94.66748;0.12845428;450.0;286.41763;4.6482444;-0.38161594;10.024727;17.377615;7.3529034;19.359983;0.0;3528.726;6620.447;-1208.6439;6220.75;-267.1889;-176.0089
1979-05-11;5.234131;0.03418986;-0.3856125;754.2724;1.0368935;84.4683;94.18571;0.10888851;450.0;243.08269;3.0849576;-0.3908109;9.543509;17.19582;7.6522827;19.51085;0.0;3427.1912;6402.3027;-1282.0458;6136.7734;-273.59445;-143.85222
1979-05-12;6.0777183;0.49898276;-0.49429575;752.99054;1.0152382;72.186134;93.94092;0.08778441;450.0;196.04492;1.9045413;-0.42535737;10.870398;20.690472;9.820096;22.348587;0.0;3764.9517;7020.0186;-1282.662;6188.6567;-295.45612;-159.2411
1979-05-13;7.3851724;1.5621134;-0.35929108;752.39594;0.9669473;177.93568;93.82357;0.065288864;450.0;146.07747;3.077799;-0.41777268;10.848493;22.1996;11.351109;22.439383;0.0;3528.8262;6570.404;-953.5883;6606.819;-290.45334;-135.71333
1979-05-14;6.9132385;1.533081;-0.18302028;750.19196;1.3436462;240.10817;83.28662;0.041818142;450.0;93.99414;0.6071031;-0.7886868;10.480642;22.300243;11.819579;24.38736;0.0;4155.391;7553.546;-1245.738;6384.501;-563.7856;-146.46666
1979-05-15;5.5968223;2.6933289;-0.79423267;747.9737;1.1007439;250.52492;52.54411;0.023017883;450.0;51.635742;2.2600396;-1.1269655;6.132126;18.427013;12.294873;15.108582;0.0;4292.02;6715.7935;-1405.1108;6250.6772;-785.38;-512.9656
1979-05-16;3.6283264;0.96602374;-0.5817299;746.0804;1.050261;240.53236;29.48999;0.012996514;447.79654;29.256186;15.439069;-1.3839881;8.116156;20.809978;12.693837;6.9411697;0.13601035;3812.516;5398.5347;-1135.5416;6551.479;-964.71;-641.05664
1979-05-17;3.7742107;-0.98499554;-0.62458926;746.6407;0.9060398;212.22243;18.266764;0.00774773;418.4821;18.269857;1.4374882;-2.0069582;1.9993037;13.330907;11.331617;4.911743;0.0;4865.279;6583.512;-1635.3556;6202.5854;-1400.0634;-975.66113
1979-05-18;4.6598;0.17575073;-1.000824;751.30963;1.0470136;108.81992;9.516765;0.0040233135;418.48828;9.4401045;4.274085;-2.1821494;1.9751936;12.531921;10.556727;2.9445217;0.0;5033.987;6579.0923;-1718.2611;6242.1133;-1517.5834;-1023.5022
1979-05-19;5.437144;-1.26297;-0.40705362;753.9958;1.1296295;119.26007;4.484131;0.0018890301;418.43066;4.5572915;0.67111254;-2.6553645;0.5655587;10.246486;9.68092;1.5603974;0.00010803342;5144.919;6585.98;-1591.6827;6544.718;-1845.2933;-1059.5934
1979-05-20;7.384094;-0.29621378;-0.17978795;754.23004;1.2617668;89.20692;2.0344238;0.00085707504;418.42188;1.953125;1.3397932;-2.643574;0.45615435;9.286523;8.830383;0.7199049;0.0;4766.7026;6039.176;-1602.7517;6637.3193;-1836.5623;-802.49445
1979-05-21;9.416921;-0.42464194;-0.49592844;751.95807;1.6071585;163.56757;0.8394368;0.00035127005;417.02896;0.9765625;0.27221742;-3.4769437;0.12971461;8.174955;8.045241;0.360135;0.0;5980.754;7536.359;-2173.5015;6221.384;-2415.4778;-938.11444
1979-05-22;8.654775;-0.23635864;-0.5166702;750.914;1.2570826;171.21141;0.31705728;0.00013283889;415.07388;0.24414062;0.7115483;-3.2841237;0.13872981;7.482439;7.3437243;0.13649091;0.0;5966.327;7495.537;-2199.0842;6200.5796;-2281.391;-1028.9539
1979-05-23;8.111348;-1.5638632;-0.3929189;750.7679;1.5073248;120.119354;0.119791664;5.018711e-05;414.85156;-7.345365e-21;0.12033582;-3.582349;0.027701259;6.754711;6.727025;0.049717724;0.0;6378.0483;7998.574;-2360.3447;5977.737;-2488.5854;-1195.9266
1979-05-24;8.694783;-1.7189331;-0.39354196;753.7734;1.1162887;106.46793;0.045003254;1.8835068e-05;414.85156;-7.345365e-21;0.10508597;-3.6222692;0.017821789;6.204307;6.186493;0.02002716;0.0;6538.2524;8188.6987;-2516.2634;5897.6787;-2516.2756;-1109.0967
1979-05-25;9.858653;-2.4824932;-0.29470444;754.8055;0.89881676;112.98814;0.015380859;6.556511e-06;414.85156;-7.345365e-21;0.119586624;-3.7441962;0.016391277;5.729422;5.713031;0.00750646;0.0;6586.546;8239.534;-2571.361;5961.904;-2600.969;-938.87335
1979-05-26;9.678792;0.50822955;-0.108389534;754.0227;1.1387076;96.71692;0.005452474;2.1060307e-06;414.85156;-7.345365e-21;0.29866695;-3.4048371;0.03632903;5.334258;5.297951;0.002577901;0.0;5987.3027;7481.4956;-2221.5613;6375.8716;-2365.2266;-948.2522
1979-05-27;9.418884;3.4324849;-0.005706787;754.2105;1.1791217;74.43456;0.0022786458;8.742015e-07;414.85156;-7.345365e-21;4.3000903;-2.674751;0.6237626;5.558297;4.9345417;0.0008530915;0.0;5070.655;6329.4546;-1958.5;6572.9785;-1858.06;-901.1644
1979-05-28;8.918284;4.425405;0.010023753;752.35443;0.97423595;82.887955;0.00048828125;-7.3453654e-25;414.85156;-7.345365e-21;7.7560186;-2.7703595;1.1348724;5.749941;4.6150537;0.00032782555;0.0;4983.8906;6214.339;-1801.1222;6781.1904;-1924.4761;-899.63446
1979-05-29;8.578725;1.3481547;-0.0048103333;751.71857;1.1818769;106.80978;0.0;-7.3453654e-25;414.85156;-7.345365e-21;1.1296153;-3.441875;0.14485419;4.475102;4.330255;0.00011920929;0.0;5771.4863;7188.832;-1966.586;6548.7275;-2390.9556;-1217.4144
1979-05-30;10.44753;0.38783774;-0.35705057;754.0476;1.1167921;112.98721;0.0;-7.3453654e-25;237.03711;-7.345365e-21;1.4609486;-3.7975936;0.17671287;4.250601;4.073888;4.0978193e-05;0.0;6216.9927;7735.5454;-2126.3206;6562.385;-2638.0623;-877.62665
1979-05-31;8.481496;5.435659;-0.0833168;752.438;1.1377726;58.415844;0.0;-7.3453654e-25;120.631165;-7.345365e-21;11.318584;-2.3723226;1.6884953;5.5342464;3.8457513;1.4901161e-05;0.0;4089.4028;5082.7856;-1341.052;7185.2715;-1647.9745;-904.1889
1979-06-01;9.904816;3.533722;0.009933472;750.7321;1.1179485;116.04971;0.0;-7.3453654e-25;100.78481;-7.345365e-21;0.70441663;-3.304541;0.084236264;3.7252605;3.6410391;0.0;0.0;5296.776;6576.5444;-1735.7539;6892.292;-2295.5544;-1056.1222
1979-06-02;9.695821;0.34140015;0.009661357;749.94434;1.3673195;195.23651;0.0;-7.3453654e-25;99.99998;-7.345365e-21;0.14649375;-3.6684284;0.0166893;3.4705698;3.4538805;0.0;0.0;6288.189;7799.3433;-2289.5754;6231.7;-2548.3345;-1257.47
1979-06-03;8.969432;-0.15082805;0.009797414;749.7233;1.286042;171.72978;0.0;-7.3453654e-25;99.99998;-7.345365e-21;0.9239912;-3.3706129;0.101044774;3.3845603;3.283523;0.0;0.0;6072.7524;7524.4146;-2193.709;6284.688;-2341.4521;-1286.0956
1979-06-04;9.956685;1.2959188;0.010290782;750.4421;1.0951424;171.89568;0.0;-7.3453654e-25;99.99998;-7.345365e-21;1.2130976;-2.8725526;0.13792515;3.2666922;3.1288042;0.0;0.0;5039.3037;6237.0776;-1838.1705;6682.3755;-1995.4678;-942.4
1979-06-05;9.771373;2.9297383;0.010327657;751.4646;1.3320624;247.41393;0.0;-7.3453654e-25;100.00519;-7.345365e-21;4.3197665;-3.101729;0.5348623;3.5220087;2.987139;0.0;0.0;5760.4155;7122.37;-2012.0483;6573.1646;-2154.6677;-1308.7877
1979-06-06;8.963176;2.7050679;-0.3310801;752.2368;1.3815366;202.78346;0.0;-7.3453654e-25;100.05532;-7.345365e-21;5.479121;-3.0505023;0.7338226;3.5911798;2.8573573;0.0;0.0;5702.082;7042.8955;-2075.0698;6391.7563;-2119.0823;-1382.5867
1979-06-07;9.501292;2.915517;-0.19793446;752.1731;1.1714009;179.19928;0.0;-7.3453654e-25;100.094055;-7.345365e-21;4.239309;-3.0867403;0.5786419;3.3159554;2.737321;0.0;0.0;5822.2163;7183.5312;-2152.6772;6397.3623;-2144.2556;-1254.3911
1979-06-08;11.267964;-0.81729126;0.010018666;751.5673;1.4497919;156.10732;0.0;-7.3453654e-25;99.99998;-7.345365e-21;0.049343705;-3.97408;0.00526011;2.630502;2.6252418;0.0;0.0;6405.3115;7894.691;-2350.59;6260.208;-2760.6611;-1015.9867
1979-06-09;10.424336;0.46036783;0.009951274;752.42017;1.3879515;141.5993;0.0;-7.3453654e-25;99.99998;-7.345365e-21;1.407851;-3.4816842;0.15696883;2.6777089;2.52074;0.0;0.0;6213.251;7649.844;-2250.379;6415.398;-2418.609;-1216.6189
1979-06-10;10.493358;2.8488262;0.009849548;755.7221;1.1820604;90.84109;0.0;-7.3453654e-25;99.99998;-7.345365e-21;0.52466077;-3.56647;0.050634146;2.4742632;2.4236367;0.0;0.0;6190.0107;7613.317;-2183.0972;6564.3467;-2477.5066;-1185.7744
1979-06-11;12.031566;1.9071146;0.010083516;754.96857;1.1739594;109.8757;0.0;-7.3453654e-25;99.99998;-7.345365e-21;0.10686308;-3.8217678;0.010102987;2.3424625;2.3323596;0.0;0.0;6483.156;7965.553;-2375.5684;6469.8745;-2654.8555;-1058.1389
1979-06-12;12.115376;1.0751953;0.010331471;750.00195;1.314784;129.64857;0.0;-7.3453654e-25;99.99998;-7.345365e-21;1.7029196;-3.6313274;0.16795099;2.4146886;2.24673;0.0;0.0;6228.9478;7645.309;-2257.5117;6629.427;-2522.5623;-1037.7678
1979-06-13;12.782643;-0.41653442;0.010089874;747.23627;1.5559788;140.03012;0.0;-7.3453654e-25;99.99998;-7.345365e-21;0.5750388;-3.7901943;0.0538826;2.2205858;2.1667032;0.0;0.0;6115.9487;7498.783;-2276.8403;6543.1504;-2632.9211;-1025.5867
1979-06-14;11.654897;-1.3997599;0.010124207;748.84766;1.441144;220.8619;0.0;-7.3453654e-25;99.99998;-7.345365e-21;0.118637085;-3.3853538;0.010102987;2.1012723;2.0911694;0.0;0.0;6474.3276;7929.809;-2416.1929;6300.051;-2351.6921;-1487.7744
1979-06-15;10.709971;1.296875;0.009900411;750.52246;1.3553605;118.33668;0.0;-7.3453654e-25;99.99998;-7.345365e-21;0.49853623;-3.101347;0.041022897;2.0610838;2.020061;0.0;0.0;6029.504;7377.262;-2267.4443;6535.426;-2154.4033;-1293.3645
1979-06-16;9.923625;3.7423198;0.009830475;751.4641;1.2094094;72.47972;0.0;-7.3453654e-25;99.99998;-7.345365e-21;1.5812457;-2.830675;0.14142692;2.094686;1.9532442;0.0;0.0;5445.866;6662.277;-1995.8667;6818.1;-1966.3767;-1222.9011
1979-06-17;10.203969;5.022268;0.010258992;752.75323;1.3090036;55.90501;0.0;-7.3453654e-25;99.99998;-7.345365e-21;3.2820761;-3.0365717;0.32253563;2.212882;1.8903315;0.0;0.0;5883.0903;7196.209;-1915.0089;7026.3833;-2109.4045;-1431.6788
1979-06-18;9.752116;4.9173584;0.009415944;751.5594;1.5153414;40.54315;0.0;-7.3453654e-25;100.00259;-7.345365e-21;2.809316;-2.728043;0.26625395;2.0972192;1.8309504;0.0;0.0;5461.851;6680.1924;-1996.1844;6765.0854;-1895.08;-1365.9266
1979-06-19;9.858948;5.9618936;0.0098724365;749.3921;1.5789576;39.526474;0.0;-7.3453654e-25;99.99998;-7.345365e-21;5.5242777;-2.5616288;0.5488694;2.324134;1.7752796;0.0;0.0;4939.3467;6040.303;-1784.6145;6958.2754;-1779.4778;-1246.0734
1979-06-20;9.447957;5.334452;0.010139465;749.06616;1.2268251;82.77419;0.0;-7.3453654e-25;100.00519;-7.345365e-21;1.8760139;-2.7332306;0.16157329;1.8842518;1.7226785;0.0;0.0;4905.1924;5997.6523;-1714.3127;7002.8677;-1898.6844;-1140.5022
1979-06-21;10.443736;4.491465;0.009999593;749.4192;0.9514093;86.196686;0.0;-7.3453654e-25;99.99998;-7.345365e-21;0.42242408;-2.889579;0.03412366;1.7066002;1.6724616;0.0;0.0;5093.771;6227.4453;-1672.5494;7165.2705;-2007.2944;-1099.3044
1979-06-22;11.341705;5.8165894;0.009807587;748.3361;1.0104867;98.66763;0.0;-7.3453654e-25;99.99998;-7.345365e-21;4.597654;-2.8026896;0.4491806;2.0734966;1.6243011;0.0;0.0;5160.241;6307.987;-1861.4933;7048.6655;-1946.9344;-1006.8589
1979-06-23;12.338348;3.8537395;0.009923299;746.30133;1.3289901;120.85434;0.0;-7.3453654e-25;100.00259;-7.345365e-21;0.521183;-3.5343087;0.041931868;1.6204715;1.5785247;0.0;0.0;5883.649;7191.4;-2020.0527;6920.1206;-2455.1667;-1174.0511
1979-06-24;11.801494;3.0100708;0.010225932;748.8383;1.3847022;169.53331;0.0;-7.3453654e-25;99.99998;-7.345365e-21;0.6982073;-3.3564904;0.054180622;1.5886426;1.5344769;0.0;0.0;6166.805;7536.5957;-2209.2688;6709.3623;-2331.641;-1373.6766
1979-06-25;13.18337;-0.6534729;0.010114034;751.34766;1.3128066;183.20992;0.0;-7.3453654e-25;99.99998;-7.345365e-21;0.0;-3.753746;0.0;1.4919341;1.491949;0.0;0.0;6997.4976;8550.711;-2718.3;6250.2295;-2607.6023;-1371.1888
1979-06-26;13.806407;0.15682983;0.009783427;750.11914;1.3114194;134.5692;0.0;-7.3453654e-25;99.99998;-7.345365e-21;0.0040061227;-3.2385197;0.00029802322;1.4513433;1.4510304;0.0;0.0;6488.1724;7927.3;-2523.8137;6505.032;-2249.6912;-1372.3
1979-06-27;13.259929;3.1589458;0.0099983215;749.1435;1.2471994;90.77289;0.0;-7.3453654e-25;99.99998;-7.345365e-21;0.003042817;-3.0337255;0.00017881393;1.4120191;1.4118403;0.0;0.0;6545.7495;7996.371;-2563.6477;6583.75;-2107.4277;-1470.9078
1979-06-28;14.8559065;3.2432556;0.009920756;749.3745;1.2265099;97.59293;0.0;-7.3453654e-25;100.03416;-7.345365e-21;0.001978874;-3.069654;0.00011920929;1.3742149;1.3740957;3.7252903e-06;0.0;6856.811;8375.5625;-2764.36;6550.9077;-2132.3855;-1511.9656
1979-06-29;15.535431;-0.40646362;0.010150909;749.9046;1.2133185;141.72093;0.0;-7.3453654e-25;99.99998;-7.345365e-21;0.0012874597;-2.9610748;8.940697e-05;1.3377815;1.3376921;0.0;0.0;7031.2456;8587.495;-3039.0056;6330.697;-2056.96;-1553.4512
1979-06-30;16.060354;-2.8697407;0.010173798;750.46405;1.2742655;182.04512;0.0;-7.3453654e-25;99.99998;-7.345365e-21;0.0004351138;-2.7713795;2.9802322e-05;1.3026893;1.3026669;0.0;0.0;7133.7417;8711.583;-3194.0823;6290.5513;-1925.1855;-1492.1178
1979-07-01;16.261017;-0.91852826;0.009876251;748.34595;1.2960863;150.55919;0.0;-7.3453654e-25;99.99998;-7.345365e-21;0.00043296278;-2.4248753;2.9802322e-05;1.2689531;1.2689531;0.0;0.0;7020.1772;8571.795;-3103.7217;6499.52;-1684.48;-1759.8667
1979-07-02;16.076548;0.67507935;0.009700775;747.9416;1.256335;99.94538;0.0;-7.3453654e-25;99.99998;-7.345365e-21;0.0081807375;-2.118433;0.00044703484;1.2369752;1.2365208;0.0;0.0;6741.548;8230.334;-2960.0457;6704.359;-1471.6045;-1789.5289
1979-07-03;16.130594;6.097239;0.009868622;749.4554;1.5956107;57.503414;0.0;-7.3453654e-25;100.00519;-7.345365e-21;0.18131733;-1.6471221;0.011533499;1.2170672;1.2055337;0.0;0.0;5858.0015;7150.892;-2431.1309;7262.722;-1144.2012;-1839.0688
1979-07-04;16.239634;2.9046223;0.010286967;749.53394;1.3410364;114.20893;0.0;-7.3453654e-25;99.99998;-7.345365e-21;0.06952882;-1.7759912;0.003784895;1.1796355;1.175873;0.0;0.0;6195.3525;7561.6567;-2700.8354;6971.2935;-1233.7211;-1914.0333
1979-07-05;15.263417;1.2808634;0.009737651;747.61334;1.0787483;128.97578;0.0;-7.3453654e-25;99.99998;-7.345365e-21;0.068748;-1.6135405;0.004172325;1.1514127;1.1472404;0.0;0.0;5944.316;7254.291;-2604.3254;7015.5186;-1120.8733;-1873.2222
1979-07-06;15.002055;1.0794576;0.009864807;745.37726;1.7495389;156.87836;0.0;-7.3453654e-25;99.99998;-7.345365e-21;0.26263297;-1.5003327;0.015959144;1.1357665;1.1197999;0.0;0.0;6076.505;7414.8535;-2566.0183;6958.767;-1042.23;-2138.5222
1979-07-07;13.598399;-2.3541057;0.010203044;747.29346;1.7235128;179.9029;0.0;-7.3453654e-25;99.99998;-7.345365e-21;0.0;-1.5545748;0.0;1.0932684;1.0932684;0.0;0.0;6909.3306;8429.847;-3069.1206;6300.9434;-1079.9111;-2672.7478
1979-07-08;13.318634;-2.5705464;0.009618123;751.09235;1.3663659;158.26752;0.0;-7.3453654e-25;99.99998;-7.345365e-21;0.0008713145;-1.5367773;5.9604645e-05;1.0675788;1.0675192;0.0;0.0;7019.4663;8563.205;-3196.9448;6195.496;-1067.5477;-2451.0078
1979-07-09;14.7127075;-2.4050395;0.009805043;752.7427;1.1372098;139.51656;0.0;-7.3453654e-25;99.99998;-7.345365e-21;0.0;-1.576228;0.0;1.0425448;1.0425448;0.0;0.0;7101.526;8662.18;-3436.6045;6113.973;-1094.9539;-2201.379
1979-07-10;17.54013;-5.053263;0.009899139;752.9311;1.2193558;92.99173;0.0;-7.3453654e-25;99.99998;-7.345365e-21;0.0;-1.6377568;0.0;1.0183007;1.0183007;0.0;0.0;7142.911;8711.517;-3591.3884;6173.7363;-1137.6945;-1927.7911
1979-07-11;18.026834;-5.467936;0.009637197;751.56616;1.2853442;130.55734;0.0;-7.3453654e-25;99.99998;-7.345365e-21;0.00044107434;-1.5494022;2.9802322e-05;0.99492073;0.994876;0.0;0.0;7199.945;8779.952;-3705.515;6107.7534;-1076.3177;-2000.25
1979-07-12;18.957083;-6.9282737;0.009947459;750.6585;1.2838252;109.632576;0.0;-7.3453654e-25;99.99998;-7.345365e-21;0.0025732596;-1.5530474;0.00013411045;0.9724051;0.9722486;0.0;0.0;7216.3457;8798.804;-3775.2312;6127.412;-1078.85;-1858.56
1979-07-13;18.310465;-2.292043;0.009831746;749.88654;1.5165874;86.06448;0.0;-7.3453654e-25;99.99998;-7.345365e-21;0.00042654396;-1.4880449;2.9802322e-05;0.95033646;0.9503141;0.0;0.0;7104.505;8661.217;-3489.1611;6540.552;-1033.6956;-2027.5934
1979-07-14;18.584787;4.2488;0.010149638;750.042;1.3519744;77.61054;0.0;-7.3453654e-25;99.99998;-7.345365e-21;0.0008474951;-1.3841354;4.4703484e-05;0.9291023;0.9290576;0.0;0.0;6705.3135;8173.605;-3129.5176;6997.2256;-961.5133;-2115.5444
1979-07-15;18.788126;1.1997885;0.009886424;748.8162;1.4909743;123.82275;0.0;-7.3453654e-25;99.99998;-7.345365e-21;0.009864569;-1.3474822;0.00043213367;0.9088814;0.9084493;0.0;0.0;6764.1772;8244.271;-3209.5073;6860.594;-936.0511;-2274.4756
1979-07-16;17.936026;-4.944102;0.0100619;749.8874;1.4788538;126.378174;0.0;-7.3453654e-25;99.99998;-7.345365e-21;0.0012975525;-1.3049841;7.4505806e-05;0.88863075;0.88857114;0.0;0.0;7064.547;8608.458;-3490.3684;6418.582;-906.53;-2361.2222
1979-07-17;17.1863;-4.5497537;0.009951274;750.72003;1.4007916;132.80745;0.0;-7.3453654e-25;99.99998;-7.345365e-21;0.0008523463;-1.2525692;5.9604645e-05;0.86939335;0.86933374;0.0;0.0;7000.585;8528.598;-3420.7678;6444.231;-870.1189;-2412.369
1979-07-18;16.726898;-3.4335225;0.009927114;751.06696;1.2713615;107.300514;0.0;-7.3453654e-25;99.99998;-7.345365e-21;0.00085913495;-1.2560301;4.4703484e-05;0.8506924;0.85065514;0.0;0.0;6955.55;8471.78;-3417.9177;6496.2617;-872.5233;-2325.4
1979-07-19;17.9647;-1.738973;0.009813945;752.79034;1.1268765;97.32562;0.0;-7.3453654e-25;99.99998;-7.345365e-21;0.0012937454;-1.2865942;7.4505806e-05;0.8325577;0.8324906;0.0;0.0;6950.4604;8463.751;-3408.4119;6688.079;-893.75446;-2129.5667
1979-07-20;19.10789;4.6996155;0.009988149;753.7312;1.1880928;70.09329;0.0;-7.3453654e-25;99.99998;-7.345365e-21;0.0012934206;-1.2397244;7.4505806e-05;0.8149147;0.8148402;0.0;0.0;6707.612;8166.2114;-3107.6191;7190.271;-861.19446;-2190.709
1979-07-21;19.490213;3.4216816;0.009885152;752.27094;1.4071894;109.31672;0.0;-7.3453654e-25;99.99998;-7.345365e-21;0.0028235244;-1.1857133;0.00014901161;0.7978976;0.797756;0.0;0.0;6557.164;7981.2466;-3109.5613;7164.4995;-823.67554;-2212.081
1979-07-22;18.611694;0.1270345;0.009882609;751.9421;1.546558;140.98116;0.0;-7.3453654e-25;99.99998;-7.345365e-21;0.00042617318;-1.1405461;2.9802322e-05;0.781253;0.7812381;0.0;0.0;6831.678;8313.477;-3340.3704;6760.149;-792.3;-2448.5344
1979-07-23;18.800314;-3.3431904;0.010344188;751.9653;1.5145669;147.38022;0.0;-7.3453654e-25;99.99998;-7.345365e-21;0.0025628388;-1.0739621;0.00014901161;0.76544285;0.7653013;0.0;0.0;6437.1333;7831.6943;-3190.9155;6846.52;-746.04553;-2202.5244
1979-07-24;18.857584;-3.0173237;0.009904225;750.5474;1.4880239;137.29541;0.0;-7.3453654e-25;99.99998;-7.345365e-21;0.0012847604;-1.0750191;7.4505806e-05;0.74996054;0.7498935;0.0;0.0;6460.5576;7858.4062;-3166.7144;6928.8345;-746.78;-2163.05
1979-07-25;19.01893;-2.4066975;0.009755452;749.8191;1.2652469;178.13469;0.0;-7.3453654e-25;99.99998;-7.345365e-21;0.00084638596;-1.124233;4.4703484e-05;0.73489547;0.7348582;0.0;0.0;6837.8643;8315.417;-3416.601;6753.7666;-780.9667;-2295.7566
1979-07-26;18.57135;-3.794983;0.010153453;749.8465;1.477197;167.61372;0.0;-7.3453654e-25;99.99998;-7.345365e-21;0.0017106531;-1.051032;8.940697e-05;0.72032213;0.7202402;0.0;0.0;6913.125;8405.114;-3456.449;6589.971;-730.1178;-2426.5122
1979-07-27;18.212463;-2.6977642;0.009848277;750.68964;1.1901026;117.80306;0.0;-7.3453654e-25;99.99998;-7.345365e-21;0.0017195934;-1.0520071;8.940697e-05;0.7061511;0.7060543;0.0;0.0;6778.682;8239.797;-3440.8044;6624.33;-730.79443;-2294.861
1979-07-28;17.654327;-2.3790894;0.01002121;749.93475;1.3085606;160.27199;0.0;-7.3453654e-25;99.99998;-7.345365e-21;0.00086128706;-1.0173228;4.4703484e-05;0.69229305;0.69224834;0.0;0.0;6849.484;8323.957;-3433.2344;6575.1436;-706.7;-2428.0322
1979-07-29;17.966116;-2.7380474;0.009871165;749.73553;1.2747146;217.59697;0.0;-7.3453654e-25;99.99998;-7.345365e-21;0.0008702277;-0.9909552;5.9604645e-05;0.6789267;0.678882;0.0;0.0;6872.0767;8349.664;-3494.9436;6503.3687;-688.38446;-2404.3179
1979-07-30;18.007223;-3.519633;0.009976705;748.61505;1.2954067;215.64516;0.0;-7.3453654e-25;99.99998;-7.345365e-21;0.001275539;-0.97354406;5.9604645e-05;0.6659925;0.665918;0.0;0.0;6911.6895;8395.937;-3634.1267;6336.161;-676.2889;-2359.0632
1979-07-31;16.898428;-5.1838174;0.010211945;747.9114;1.5583353;100.99056;0.0;-7.3453654e-25;99.99998;-7.345365e-21;5.9604645e-05;-0.9457227;0.0;0.6533265;0.65333396;0.0;0.0;7021.225;8527.048;-3607.1367;6287.798;-656.9611;-2357.8555
1979-08-01;17.41626;4.9714456;0.009821574;750.0695;1.7706518;52.320538;0.0;-7.3453654e-25;99.99998;-7.345365e-21;0.0036294423;-0.89562124;0.00016391277;0.64124167;0.6410852;0.0;0.0;6551.352;7954.5;-3130.3884;6960.6865;-622.1589;-2522.98
1979-08-02;18.490112;4.49469;0.009990692;751.5384;1.6752745;64.723785;0.0;-7.3453654e-25;99.99998;-7.345365e-21;0.0;-0.9189155;0.0;0.6291568;0.6291717;0.0;0.0;6490.371;7878.8423;-3226.5916;6913.241;-638.33887;-2244.7966
1979-08-03;19.329529;3.466502;0.009805043;752.54425;1.5945834;81.57775;0.0;-7.3453654e-25;99.99998;-7.345365e-21;0.0004351138;-0.89007246;2.9802322e-05;0.6176233;0.617601;0.0;0.0;6127.292;7436.402;-3021.7173;7186.7974;-618.30225;-2116.4822
1979-08-04;19.339743;3.8306072;0.009920756;751.4661;1.4578962;89.11701;0.0;-7.3453654e-25;99.99998;-7.345365e-21;0.0025246406;-0.80529225;0.00011920929;0.60650706;0.6064251;0.0;0.0;5557.635;6743.6035;-2748.3062;7419.543;-559.41;-1929.6912
1979-08-05;17.945526;-2.7244465;0.009775798;748.0947;1.5974989;117.04547;0.0;-7.3453654e-25;99.99998;-7.345365e-21;0.0014483929;-0.85150635;7.4505806e-05;0.5956441;0.5955845;0.0;0.0;6336.4663;7686.7554;-3250.4116;6726.602;-591.5133;-2446.8345
1979-08-06;17.167908;-4.6478477;0.0101623535;747.2896;1.3268186;113.437126;0.0;-7.3453654e-25;99.99998;-7.345365e-21;0.00042617318;-0.8838922;2.9802322e-05;0.5849302;0.5849153;0.0;0.0;6594.575;7998.115;-3369.0273;6579.5654;-614.01;-2312.4246
1979-08-07;17.530344;3.2041626;0.009942372;749.0864;1.458291;71.25454;0.0;-7.3453654e-25;99.99998;-7.345365e-21;0.15494236;-0.7877238;0.007659197;0.5822927;0.5746409;0.0;0.0;5491.3154;6658.6445;-2653.2866;7284.1333;-547.20557;-2029.289
1979-08-08;18.889841;1.3835348;0.010136922;750.00397;1.4249104;106.46216;0.0;-7.3453654e-25;99.99998;-7.345365e-21;0.00011920929;-0.8695591;0.0;0.5646497;0.5646497;0.0;0.0;6079.6733;7370.4023;-2936.205;7185.63;-604.05444;-2193.5034
1979-08-09;18.002005;1.9522299;0.009777069;749.02264;1.4420813;111.33679;0.0;-7.3453654e-25;99.99998;-7.345365e-21;0.34159422;-0.79604614;0.017121434;0.5721152;0.55499375;0.0;0.0;5238.03;6348.5767;-2535.8098;7398.5547;-552.9867;-1938.1711
1979-08-10;17.602509;1.4076538;0.010103862;749.06573;1.3937443;100.07385;0.0;-7.3453654e-25;99.99998;-7.345365e-21;0.0017821789;-0.8789059;7.4505806e-05;0.5456805;0.54559857;0.0;0.0;5845.299;7083.0483;-2906.725;7049.3833;-610.5478;-2141.5066
1979-08-11;18.420034;2.1114502;0.009918213;750.1184;1.3343574;109.58554;0.0;-7.3453654e-25;99.99998;-7.345365e-21;0.005859136;-0.7903967;0.00022351742;0.5366206;0.53638965;0.0;0.0;5511.102;6676.584;-2618.4795;7444.628;-549.0622;-1967.9423
1979-08-12;19.458984;1.1775309;0.010000865;750.5195;1.3136973;99.3532;0.0;-7.3453654e-25;99.99998;-7.345365e-21;0.0009775162;-0.7853098;5.9604645e-05;0.5274415;0.5273968;0.0;0.0;5578.464;6756.6733;-2705.457;7491.5444;-545.5278;-1984.1222
1979-08-13;19.063406;-0.0770874;0.010163625;749.0152;1.4464897;146.86964;0.0;-7.3453654e-25;99.99998;-7.345365e-21;0.00059604645;-0.7753503;2.9802322e-05;0.5186498;0.5186349;0.0;0.0;5772.0024;6989.613;-2925.0044;7206.928;-538.61;-2096.5012
1979-08-14;18.881948;-0.15876262;0.010002136;748.983;1.297181;146.1278;0.0;-7.3453654e-25;99.99998;-7.345365e-21;0.0009536743;-0.7313248;2.9802322e-05;0.51012635;0.51009655;0.0;0.0;5454.561;6603.705;-2672.3816;7471.818;-508.02554;-1948.09
1979-08-15;17.813477;3.6036174;0.009798686;750.0979;1.3935248;124.76049;0.0;-7.3453654e-25;99.99998;-7.345365e-21;0.49322844;-0.80029666;0.024139881;0.526011;0.50186366;0.0;0.0;5424.296;6565.682;-2655.7925;7283.2554;-555.9378;-2138.3367
1979-08-16;18.535257;1.3612875;0.009971619;749.9743;1.2888477;139.99678;0.0;-7.3453654e-25;99.99998;-7.345365e-21;0.0008523463;-0.96533823;4.4703484e-05;0.49382448;0.49376488;0.0;0.0;6414.9883;7763.7256;-3184.875;6877.336;-670.58887;-2274.0732
1979-08-17;16.954203;0.001546224;0.0100619;750.3176;1.4989871;153.21667;0.0;-7.3453654e-25;99.99998;-7.345365e-21;0.00042428583;-0.77683294;2.9802322e-05;0.48580766;0.48579276;0.0;0.0;6293.226;7615.6704;-3183.0073;6692.6865;-539.64;-2506.0457
1979-08-18;15.625569;-1.9204102;0.009759267;751.9497;1.1657083;200.29083;0.0;-7.3453654e-25;99.99998;-7.345365e-21;0.0008523463;-0.7439181;4.4703484e-05;0.47808886;0.47804415;0.0;0.0;6509.012;7875.8687;-3472.6511;6252.8613;-516.7756;-2361.04
1979-08-19;16.858734;2.5565083;0.010066986;753.6223;1.5145015;51.8929;0.0;-7.3453654e-25;99.99998;-7.345365e-21;0.06720424;-0.6735176;0.0024735928;0.47297776;0.47051907;0.0;0.0;5433.1763;6573.275;-2719.6152;7142.128;-467.87;-1929.6353
1979-08-20;17.651163;4.238912;0.009887695;753.02;1.5426906;39.896652;0.0;-7.3453654e-25;99.99998;-7.345365e-21;0.0258903;-0.7146113;0.0013411045;0.4645288;0.4631877;0.0;0.0;5746.1367;6951.339;-2821.109;7189.2095;-496.41556;-2159.5112
1979-08-21;17.744883;2.0183818;0.010114034;753.14355;1.4923912;44.498306;0.0;-7.3453654e-25;100.00259;-7.345365e-21;0.0032365322;-0.75254214;0.00017881393;0.45612454;0.45596063;0.0;0.0;6038.6055;7304.1196;-3074.3293;6938.36;-522.76666;-2191.0532
1979-08-22;18.335388;0.4833374;0.009906769;753.5877;0.97448605;37.90285;0.0;-7.3453654e-25;99.99998;-7.345365e-21;0.15469156;-0.7695612;0.0076293945;0.45651197;0.44886768;0.0;0.0;5695.2314;6888.1113;-2939.7454;7173.973;-534.58887;-1890.6833
1979-08-23;17.19108;2.6606038;0.009976705;753.47754;0.9531142;128.25833;0.0;-7.3453654e-25;100.00519;-7.345365e-21;2.1534054;-0.96355563;0.12433529;0.56646764;0.44213235;0.0;0.0;4404.1016;5325.799;-2229.9111;7584.6235;-669.35;-1423.3033
1979-08-24;17.1858;3.465861;0.009738922;753.00336;1.2758853;112.39703;0.0;-7.3453654e-25;99.99998;-7.345365e-21;0.18627444;-1.3487842;0.009059906;0.44471025;0.43565035;0.0;0.0;5081.902;6144.7065;-2457.9443;7347.318;-936.95557;-1581.9833
1979-08-25;17.374216;-2.6432598;0.009876251;752.90546;1.4846355;155.45433;0.0;-7.3453654e-25;99.99998;-7.345365e-21;0.0018209219;-1.160346;8.940697e-05;0.42927265;0.42916834;0.0;0.0;5979.037;7228.4795;-3072.56;6663.8223;-806.05334;-2030.74
1979-08-26;16.380371;-2.522054;0.009709676;753.3068;1.5106478;153.0848;0.0;-7.3453654e-25;99.99998;-7.345365e-21;0.08468362;-0.809161;0.003993511;0.42685866;0.42286515;0.0;0.0;5471.5728;6614.16;-2792.9775;6810.8887;-562.0978;-2027.9778
1979-08-27;16.499166;-1.2877706;0.009787242;753.79706;1.2040254;96.86379;0.0;-7.3453654e-25;99.99998;-7.345365e-21;0.0008583069;-0.8520894;2.9802322e-05;0.41669607;0.41663647;0.0;0.0;5946.3574;7187.1973;-3132.8127;6669.417;-591.9178;-1968.3678
1979-08-28;16.487833;1.4565939;0.010063171;754.99097;1.0806277;60.212208;0.0;-7.3453654e-25;99.99998;-7.345365e-21;0.12496114;-0.73025936;0.005155802;0.4156977;0.410527;0.0;0.0;5271.164;6370.3984;-2777.7915;7059.9756;-507.28665;-1769.49
1979-08-29;15.671224;2.0871277;0.009881337;755.1014;1.1278113;89.22846;0.0;-7.3453654e-25;99.99998;-7.345365e-21;1.4820933;-0.79718417;0.08802116;0.4926473;0.40464103;0.0;0.0;5227.5605;6317.117;-2694.649;7031.5063;-553.7767;-1840.9233
1979-08-30;16.720499;-2.0967712;0.010077159;754.26776;1.1159852;139.8331;0.0;-7.3453654e-25;99.99998;-7.345365e-21;0.013080238;-1.2348927;0.00059604645;0.39948523;0.39888173;0.0;0.0;5410.7505;6537.479;-2757.766;6859.6577;-857.83887;-1710.2811
1979-08-31;17.162954;-2.1224773;0.00985082;754.4721;1.2181855;133.28314;0.0;-7.3453654e-25;99.99998;-7.345365e-21;0.17495751;-0.9265747;0.008568168;0.4018098;0.39325655;0.0;0.0;5404.9395;6529.794;-2730.3489;6948.8677;-643.66;-1888.4366
1979-09-01;17.010681;-0.47174072;0.010464986;756.48126;1.3349503;118.148254;0.0;-7.3453654e-25;99.99998;-7.345365e-21;0.017523766;-0.8551823;0.00074505806;0.38847327;0.3877282;0.0;0.0;5615.4263;6783.269;-2858.0579;6847.798;-594.06665;-2004.0723
1979-09-02;17.623861;-0.179128;0.009958903;757.75653;1.2041134;130.43892;0.0;-7.3453654e-25;99.99998;-7.345365e-21;0.007886023;-0.75897014;0.00037252903;0.38267672;0.3823042;0.0;0.0;5267.2183;6361.8276;-2756.3828;7134.263;-527.23;-1667.3256
1979-09-03;18.264618;-0.19867961;0.009934743;756.7662;0.940727;84.927864;0.0;-7.3453654e-25;99.99998;-7.345365e-21;0.0021755695;-0.712011;8.940697e-05;0.37705898;0.37696958;0.0;0.0;5269.2876;6363.581;-2916.1243;7072.548;-494.6111;-1579.2411
1979-09-04;18.47698;-3.4416707;0.009682973;753.80225;1.2959127;140.93532;0.0;-7.3453654e-25;99.99998;-7.345365e-21;0.0008642673;-0.6540641;4.4703484e-05;0.37179887;0.37175417;0.0;0.0;5264.5415;6357.007;-2939.8796;6984.2046;-454.35556;-1661.2167
1979-09-05;17.459473;-1.9255472;0.009867351;751.95;1.3962107;177.57631;0.0;-7.3453654e-25;99.99998;-7.345365e-21;0.09858608;-0.60137737;0.004798174;0.37148595;0.36668777;0.0;0.0;5158.702;6228.51;-2828.582;6911.38;-417.75778;-1836.7267
1979-09-06;16.892069;-4.5116477;0.009925842;751.9191;1.4180349;255.66426;0.0;-7.3453654e-25;99.99998;-7.345365e-21;0.0008583069;-0.6243484;2.9802322e-05;0.3617704;0.3617406;0.0;0.0;5677.1567;6853.6562;-3210.7163;6373.129;-433.71335;-2032.2189
1979-09-07;15.406392;-6.3944397;0.010325114;753.3642;1.3491869;193.78943;0.0;-7.3453654e-25;99.99998;-7.345365e-21;0.0;-0.5874829;0.0;0.3568828;0.3568828;0.0;0.0;5681.3506;6857.8984;-3262.8796;6167.062;-408.10443;-2001.1544
1979-09-08;15.792623;-1.8116049;0.009950002;754.69025;1.4367832;235.19978;0.0;-7.3453654e-25;99.99998;-7.345365e-21;0.026295051;-0.5481578;0.0010579824;0.35318732;0.3521219;0.0;0.0;5508.293;6648.2485;-2896.3079;6621.5977;-380.78665;-2008.46
1979-09-09;15.21049;0.64989215;0.009728749;754.4465;1.5009371;231.85077;0.0;-7.3453654e-25;99.99998;-7.345365e-21;0.2832986;-0.62541294;0.013187528;0.3607124;0.34752488;0.0;0.0;5191.2285;6264.7593;-2763.6213;6639.612;-434.45334;-2057.7422
1979-09-10;15.408244;-0.4402771;0.009709676;754.94086;1.298325;246.54845;0.0;-7.3453654e-25;99.99998;-7.345365e-21;0.3962636;-0.6057359;0.01899898;0.3620684;0.34306943;0.0;0.0;4844.358;5845.4604;-2503.6416;6837.5376;-420.78445;-1815.2655
1979-09-11;16.947083;-1.2215677;0.009731293;755.90594;1.319624;263.91922;0.0;-7.3453654e-25;99.99998;-7.345365e-21;0.005055837;-0.6764708;0.00026077032;0.3389269;0.3386736;0.0;0.0;5021.18;6058.1323;-2687.6863;6804.8276;-469.9222;-1712.0
1979-09-12;17.715902;-2.805888;0.0099436445;756.1701;1.1854237;206.18408;0.0;-7.3453654e-25;99.99998;-7.345365e-21;0.0040427214;-0.62184685;0.0001937151;0.33453107;0.3343299;0.0;0.0;4951.0776;5972.8022;-2712.558;6896.527;-431.9761;-1579.5255
1979-09-13;16.750174;-2.9933777;0.010206859;753.77344;1.4781834;143.68173;0.0;-7.3453654e-25;99.99998;-7.345365e-21;0.26128888;-0.5960148;0.012636185;0.3427416;0.33009052;0.0;0.0;4903.799;5914.9966;-2759.5789;6720.048;-414.0311;-1729.9412
1979-09-14;14.261047;-1.2928467;0.010209401;754.2413;1.1218631;82.10119;0.0;-7.3453654e-25;99.99998;-7.345365e-21;0.0;-0.640736;0.0;0.325948;0.3259331;0.0;0.0;5296.439;6387.717;-2960.179;6464.4424;-445.09668;-1785.0189
1979-09-15;15.058543;-2.8488872;0.009820302;754.3936;1.1790826;153.57182;0.0;-7.3453654e-25;99.99998;-7.345365e-21;0.0008523463;-0.5744984;4.4703484e-05;0.32185018;0.32181293;0.0;0.0;5288.661;6377.6953;-3004.0098;6415.8223;-399.08554;-1775.4656
1979-09-16;15.803487;-1.7357076;0.009938558;753.17096;1.5159602;170.24014;0.0;-7.3453654e-25;99.99998;-7.345365e-21;0.8632153;-0.6506592;0.045269728;0.3631115;0.31784177;0.0;0.0;4665.5117;5621.3677;-2503.8052;6855.6816;-451.99;-1650.33
1979-09-17;13.504933;3.3180745;0.01015981;753.8448;1.0083323;216.9421;0.0;-7.3453654e-25;99.99998;-7.345365e-21;2.8883548;-0.834642;0.1488775;0.46297908;0.31410158;0.0;0.0;3932.946;4734.702;-1935.2942;7194.0957;-579.7978;-1435.9845
1979-09-18;13.754079;0.15213013;0.010052999;754.2188;1.4639901;221.72786;0.0;-7.3453654e-25;99.99998;-7.345365e-21;0.01751303;-1.3914872;0.00078976154;0.31122565;0.310421;0.0;0.0;5028.91;6048.6426;-2633.2856;6397.16;-966.6211;-1617.88
1979-09-19;13.106069;-4.7245584;0.010353088;754.1621;1.0904253;205.23738;0.0;-7.3453654e-25;99.99998;-7.345365e-21;0.0008549325;-1.0704957;4.4703484e-05;0.3067404;0.3066957;0.0;0.0;5234.183;6290.086;-2999.294;5982.6543;-743.6389;-1551.3966
1979-09-20;11.305806;-2.643687;0.009913127;754.03735;1.4471866;39.309002;0.0;-7.3453654e-25;99.99998;-7.345365e-21;0.049635768;-0.83913004;0.0022947788;0.3053248;0.30303;0.0;0.0;4731.933;5681.536;-2732.53;6214.301;-582.9155;-1461.4634
1979-09-21;11.581798;-4.1881104;0.009913127;754.29877;1.5506063;40.038315;0.0;-7.3453654e-25;99.99998;-7.345365e-21;0.0004351138;-0.7287022;1.4901161e-05;0.29945374;0.29943883;0.0;0.0;5180.3477;6214.551;-3121.775;5774.727;-506.20557;-1578.4155
1979-09-22;13.017131;-4.218119;0.010114034;754.7238;1.134672;76.45571;0.0;-7.3453654e-25;99.99998;-7.345365e-21;0.0012814989;-0.66813827;5.9604645e-05;0.29593706;0.2958849;0.0;0.0;5079.8047;6088.6475;-2953.7405;6168.7324;-464.13443;-1461.7778
1979-09-23;13.297455;-2.1823833;0.009897868;755.9073;1.205748;77.64096;0.0;-7.3453654e-25;99.99998;-7.345365e-21;0.08794665;-0.5811872;0.00423193;0.2965927;0.29238313;0.0;0.0;4802.898;5751.7676;-2762.7197;6459.858;-403.7311;-1494.0344
1979-09-24;13.077708;-0.07530721;0.009750366;756.1219;1.1884269;59.093258;0.0;-7.3453654e-25;99.99998;-7.345365e-21;0.50712717;-0.5826168;0.023722649;0.31268597;0.28897822;0.0;0.0;4348.7163;5203.38;-2494.4377;6717.93;-404.72556;-1345.9288
1979-09-25;12.016449;0.3072103;0.010205586;755.36444;1.1198789;75.35183;0.0;-7.3453654e-25;99.99998;-7.345365e-21;0.80606645;-0.7118732;0.037267804;0.32299757;0.28571486;0.0;0.0;3965.2866;4740.5767;-2298.3132;6733.439;-494.51443;-1217.5422
1979-09-26;12.205556;-1.8994039;0.01033783;754.83813;1.425089;44.89508;0.0;-7.3453654e-25;99.99998;-7.345365e-21;0.04898644;-0.7701758;0.0021010637;0.28461218;0.28251112;0.0;0.0;4602.702;5497.809;-2605.3213;6405.05;-535.01556;-1464.1244
1979-09-27;10.846578;-4.7730203;0.010064443;755.47687;1.537621;37.95468;0.0;-7.3453654e-25;99.99998;-7.345365e-21;0.08988193;-0.630429;0.0043064356;0.2836287;0.27932227;0.0;0.0;4731.458;5646.6577;-2800.468;6032.4644;-437.93777;-1619.63
1979-09-28;9.919841;-6.036184;0.009899139;754.8403;1.6123742;36.2729;0.0;-7.3453654e-25;99.99998;-7.345365e-21;0.00044431596;-0.54466355;1.4901161e-05;0.27620792;0.27619302;0.0;0.0;4752.9146;5667.35;-2743.0217;6000.4478;-378.36;-1699.7977
1979-09-29;9.89032;-2.5450237;0.010175069;753.6172;1.1381721;63.025555;0.0;-7.3453654e-25;99.99998;-7.345365e-21;0.32175493;-0.5097119;0.014394522;0.2875328;0.27313828;0.0;0.0;4255.6733;5070.0015;-2435.8318;6366.1167;-354.08;-1457.6578
1979-09-30;9.389537;-1.5320129;0.009806315;753.3631;1.0494063;83.519264;0.0;-7.3453654e-25;99.99998;-7.345365e-21;1.0507959;-0.6110873;0.057846308;0.32801926;0.27017295;0.0;0.0;4047.285;4817.594;-2406.039;6317.7354;-424.50223;-1311.6367
1979-10-01;10.337544;-4.1840005;0.009793599;752.8299;1.17371;116.28388;0.0;-7.3453654e-25;99.99998;-7.345365e-21;0.035360456;-0.7211175;0.0015199184;0.26877224;0.26727468;0.0;0.0;4272.154;5080.9033;-2459.9478;6242.6523;-500.93668;-1305.0455
1979-10-02;10.84554;-4.7362976;0.009873708;751.06885;1.3551639;188.2516;0.0;-7.3453654e-25;99.99998;-7.345365e-21;0.58066845;-0.68901664;0.028297305;0.2927035;0.2644062;0.0;0.0;4411.353;5241.891;-2498.7466;6180.171;-478.63666;-1508.5013
1979-10-03;8.6571455;-1.6747233;0.009775798;749.7544;1.1704866;212.36732;0.0;-7.3453654e-25;99.99998;-7.345365e-21;0.77934843;-0.5677631;0.03680587;0.29847026;0.2616644;0.0;0.0;3253.3445;3862.6958;-1783.3572;6709.033;-394.40668;-1175.8367
1979-10-04;6.015991;4.1467285;0.0098724365;748.60767;0.81209904;186.3706;0.0;-7.3453654e-25;99.99998;-7.345365e-21;17.975906;-1.4317595;1.1859834;1.4450848;0.2591163;0.0;0.0;2340.5105;2776.5703;-888.0922;7327.763;-994.5956;-787.8933
1979-10-05;4.9332786;3.5589397;0.01015981;749.83624;1.064567;206.02083;0.0;-7.3453654e-25;99.99998;-7.345365e-21;18.20812;-1.6980301;1.4582574;1.7149597;0.2567172;0.0;0.0;2280.0774;2702.6458;-595.30725;7498.7554;-1179.5645;-815.34
1979-10-06;4.5361533;3.5635986;0.009925842;750.94556;0.8276766;218.06519;0.0;-7.3453654e-25;99.99998;-7.345365e-21;9.794558;-1.090154;0.8971542;1.1515319;0.25437027;0.0;0.0;1313.0841;1555.0662;-579.6336;7380.527;-757.29443;-479.25333
1979-10-07;5.3055015;0.6258138;-3.937524;752.61066;1.0714661;116.871315;0.0033365886;1.5894572e-07;120.080055;-7.345365e-21;0.003117323;-2.0649378;0.00022351742;0.25218725;0.25197864;0.00025331974;0.00062584877;4382.6987;5185.7065;-2180.8228;5906.1846;-1434.4434;-1032.86
1979-10-08;6.9334006;-0.3115336;-5.0502205;755.25287;1.059652;75.81033;0.0023600261;-7.3453654e-25;145.05565;-7.345365e-21;0.0;-2.0174403;1.4901161e-05;0.24953485;0.24951994;0.00016950071;0.0;4476.0615;5291.419;-2420.8584;5707.714;-1401.4489;-778.49335
1979-10-09;8.318207;-1.972992;-4.6806846;756.9748;1.0146905;123.32794;0.0008951823;-7.3453654e-25;150.3828;-7.345365e-21;0.00044107434;-2.0592437;4.4703484e-05;0.24712086;0.2470836;0.00010058284;0.0;4499.4688;5314.458;-2416.3848;5745.9062;-1430.4867;-712.7767
1979-10-10;7.9279785;1.3414713;-1.4353536;756.3681;0.7783227;218.3587;0.0;-7.3453654e-25;150.3828;-7.345365e-21;2.3837209;-1.4425367;0.17297268;0.41773915;0.24476647;5.9604645e-05;0.0;2784.6062;3286.3342;-1368.4053;6808.51;-1002.0822;-500.36557
1979-10-11;9.389079;1.0273438;-2.7820103;754.83203;1.2283299;259.01532;0.0;-7.3453654e-25;148.74281;-7.345365e-21;0.05684793;-2.041314;0.0041127205;0.24661422;0.2425015;3.5390258e-05;0.0;4168.919;4915.725;-2126.5388;6186.5835;-1418.0333;-750.35114
1979-10-12;8.845408;0.5933838;-3.6944249;754.82153;0.974961;219.20709;0.0;-7.3453654e-25;121.96417;-7.345365e-21;0.21508634;-1.6995939;0.014938414;0.25515258;0.24022162;1.1175871e-05;0.0;3833.4316;4516.3105;-1994.9373;6241.262;-1180.6511;-680.66223
1979-10-13;8.2005005;1.6218567;-0.64027405;753.5494;1.009016;195.13037;0.0;-7.3453654e-25;103.793274;-7.345365e-21;4.091814;-1.5505608;0.35226345;0.5902797;0.2380088;3.7252903e-06;0.0;3437.3005;4046.176;-1677.5841;6585.187;-1077.1233;-756.2122
1979-10-14;7.9591675;2.1777546;0.010172526;753.4837;0.87840146;189.617;0.0;-7.3453654e-25;99.99998;-7.345365e-21;1.554066;-1.7621778;0.1333952;0.36926568;0.23588538;0.0;0.0;3701.5684;4353.521;-1927.8794;6234.0923;-1224.1278;-771.9033
1979-10-15;7.791738;-0.4044291;0.009747823;754.3;1.1105;202.32378;0.0;-7.3453654e-25;99.99998;-7.345365e-21;0.35627484;-1.7417381;0.025048852;0.25880337;0.23373961;0.0;0.0;3940.4207;4630.4272;-2160.6611;5925.5654;-1209.9266;-798.1111
1979-10-16;6.0262246;-1.732727;0.010058085;754.7465;1.0658517;173.38365;0.0;-7.3453654e-25;99.99998;-7.345365e-21;0.2619505;-1.5210975;0.018373132;0.25001168;0.231646;0.0;0.0;3809.9966;4475.9062;-2191.6252;5741.814;-1056.6555;-796.0322
1979-10-17;5.534312;-1.6486002;0.010070801;753.6733;1.104575;120.53662;0.0;-7.3453654e-25;99.99998;-7.345365e-21;0.020091193;-1.5326533;0.001385808;0.2309531;0.22957474;0.0;0.0;3868.0166;4542.5254;-2163.486;5801.47;-1064.6833;-768.2844
1979-10-18;5.435791;-0.8289795;0.009849548;752.98553;0.91354203;184.41272;0.0;-7.3453654e-25;99.99998;-7.345365e-21;0.8363396;-1.4320314;0.056415796;0.28395653;0.22754073;0.0;0.0;3701.7278;4345.906;-2070.925;5888.237;-994.7833;-772.2511
1979-10-19;6.2870383;-0.4395752;0.009890239;753.77386;1.0271567;195.21443;0.0;-7.3453654e-25;99.99998;-7.345365e-21;0.00086543785;-1.497021;5.9604645e-05;0.22558868;0.22553653;0.0;0.0;4058.5105;4763.293;-2344.811;5626.6294;-1039.9305;-804.2278
1979-10-20;7.3354287;-0.91011554;0.009995778;756.28046;0.9832317;215.70918;0.0;-7.3453654e-25;99.99998;-7.345365e-21;0.0;-1.4905165;0.0;0.22354722;0.22356212;0.0;0.0;4011.2634;4706.3623;-2366.9255;5649.7275;-1035.4122;-686.24
1979-10-21;7.1851907;-0.13006592;0.010005951;757.25366;0.85990405;174.36812;0.0;-7.3453654e-25;99.99998;-7.345365e-21;4.403741;-1.2307595;0.37053227;0.59217215;0.22161007;0.0;0.0;2991.5027;3508.9568;-1383.9216;6789.84;-854.9678;-484.7622
1979-10-22;5.6778464;5.308268;0.010172526;754.4046;0.8194959;201.35497;0.0;-7.3453654e-25;99.99998;-7.345365e-21;10.821599;-0.6647492;1.0048598;1.2246966;0.21981448;0.0;0.0;610.07;715.5911;-53.994446;7983.149;-461.78;-281.47556
1979-10-23;6.5125327;2.5041707;0.010055542;752.15094;0.86997485;148.64308;0.0;-7.3453654e-25;99.99998;-7.345365e-21;7.820839;-1.7801309;0.80116093;1.0191798;0.21801889;0.0;0.0;3617.4072;4240.358;-1538.7472;6738.1606;-1236.5978;-795.12
1979-10-24;3.391327;2.691681;0.010122935;748.749;1.1626402;204.28261;0.0;-7.3453654e-25;100.00519;-7.345365e-21;17.185282;-1.0427591;2.023518;2.2397935;0.21627545;0.0;0.0;1183.5189;1386.9623;-396.62888;7444.1924;-724.37;-511.5889
1979-10-25;3.7885334;0.71377563;0.009869893;751.8996;1.0909427;212.44054;0.0;-7.3453654e-25;99.99998;-7.345365e-21;0.09015126;-1.3929447;0.008672476;0.2232492;0.21457672;0.0;0.0;2958.186;3465.5188;-1494.6072;6426.7065;-967.6322;-738.69
1979-10-26;2.5147705;1.3246866;0.010011037;749.91034;1.398156;213.61879;0.0;-7.3453654e-25;99.99998;-7.345365e-21;4.451537;-1.1495687;0.46730042;0.680238;0.21293014;0.0;0.0;1774.8522;2078.9612;-450.34222;7331.0;-798.56665;-696.9711
1979-10-27;2.7555034;2.2755764;0.010205586;748.36176;1.2840751;205.2429;0.0;-7.3453654e-25;100.00259;-7.345365e-21;6.770993;-1.0282844;0.7900223;1.0014027;0.21138042;0.0;0.0;1159.6167;1357.86;-160.85722;7612.261;-714.315;-534.9489
1979-10-28;2.5116985;1.8285154;0.01001358;748.3696;1.1979576;209.04619;0.016927084;1.7881393e-06;104.9339;-7.345365e-21;4.9908757;-1.0905629;0.58571994;0.7956177;0.20988286;0.00062584877;0.0036396086;1513.2761;1771.6133;-364.60333;7403.616;-757.57666;-604.4978
1979-10-29;2.7805176;0.42899832;-2.2868283;751.7148;0.8844354;185.94171;0.018717447;2.22524e-06;130.67967;-7.345365e-21;0.6862968;-1.145646;0.070884824;0.27929246;0.20840764;0.001033768;0.0;2330.8027;2727.33;-1182.06;6605.3306;-795.8422;-626.5922
1979-10-30;3.1748352;-1.3751119;-4.9019027;754.2668;1.0291953;90.814445;0.01180013;1.9073486e-06;149.21156;-7.345365e-21;0.003222255;-1.5071156;0.00040233135;0.20736456;0.20694733;0.0007748604;0.00021606684;3525.7373;4124.0957;-2040.1962;5736.5093;-1046.9434;-708.74
1979-10-31;5.6160483;-2.406189;-5.671992;754.8619;0.86771554;64.68914;0.0065104165;1.2715658e-06;150.89842;-7.345365e-21;0.0017137609;-1.4822427;0.00023841858;0.20574778;0.20550936;0.0005736947;0.0;3601.7073;4211.5254;-2127.8477;5684.5537;-1029.6644;-381.00446
1979-11-01;5.875946;-1.5082194;-5.51436;752.3811;0.9288788;262.7073;0.00390625;2.78155e-07;150.89842;-7.345365e-21;0.0017126595;-1.3759425;0.00020116568;0.20431727;0.2041161;0.00035203993;0.0;3239.4382;3786.609;-2016.8944;5766.2544;-955.82166;-450.78223
1979-11-02;2.8274739;0.7793579;-2.2575352;747.48114;0.7579512;233.59041;12.321777;0.0019682646;148.29784;13.142903;33.846077;-0.921634;4.8636646;5.0664544;0.2027899;0.39140695;5.881086;1987.5333;2322.8923;-726.3728;6923.5225;-640.1594;-534.38556
1979-11-03;0.52037555;-0.17269897;-0.79109955;747.2695;0.9581266;214.3831;35.232258;0.005260547;150.67511;35.23763;13.128694;-0.82598627;2.5313048;2.7329178;0.20159781;2.0483732;1.2814775;1532.0122;2301.3132;-612.67944;6862.811;-574.56445;-510.94666
1979-11-04;-0.8727214;-4.145437;-5.691696;750.3201;1.0391142;150.53438;25.30371;0.003779133;151.72948;25.349936;0.0045835967;-0.9853132;0.24311244;0.44371188;0.20059198;1.4111251;0.003106892;2567.2222;3546.578;-1525.6722;5744.008;-687.355;-710.7378
1979-11-05;-0.058858234;-3.26754;-5.7308326;750.15533;0.8880381;107.68274;17.595621;0.0026333332;151.93617;17.333984;0.0013053417;-0.8625155;0.1604408;0.36010146;0.19966811;0.9593833;0.0008419156;2578.6272;3357.771;-1589.195;5723.9424;-599.8356;-554.11444
1979-11-06;1.3728943;-3.8053195;-5.5598717;751.3384;0.8328969;101.55145;11.956055;0.0017860333;152.09601;11.80013;0.0022042631;-1.0829177;0.12776256;0.32654405;0.19878894;0.7798392;7.4505806e-05;3221.9146;4036.7578;-1861.0355;5563.351;-752.7367;-557.51666
1979-11-07;1.9653829;-1.2460734;-3.2614124;749.62177;0.6093617;232.88084;8.112386;0.0012146631;152.08202;8.178711;2.1404872;-0.63244814;0.33070147;0.5286783;0.19797683;0.4976131;0.021718442;1497.0105;1828.8367;-704.56445;6743.8936;-439.55334;-273.52222
1979-11-08;2.2127583;1.7976176;-0.03077062;748.83954;1.1813235;204.18385;5.2014976;0.00077501935;152.15004;5.493164;10.365576;-0.5803611;1.7196238;1.9168705;0.19725412;0.39443;0.0076405704;669.56555;802.5722;-89.69889;7535.9434;-402.87555;-283.64667
1979-11-09;1.6558939;-2.294098;-5.4471765;752.88043;0.95307916;173.91682;3.0720215;0.00045605502;152.1686;3.4993489;0.054755807;-1.2539271;0.055864453;0.25241077;0.19653141;0.27810037;0.0016838312;3120.6206;3695.53;-2053.3694;5496.7153;-871.1511;-600.9767
1979-11-10;1.8960978;-4.604749;-8.554505;756.9035;1.2359266;37.56032;1.7347819;0.00025761127;152.18651;1.7496744;0.0004351138;-1.1088326;0.026524067;0.22235513;0.19583106;0.15600026;0.0;3283.915;3861.4521;-2323.1667;5056.358;-770.26666;-319.15112
1979-11-11;2.185496;-5.115889;-6.546758;756.9366;1.117148;51.153748;1.0074869;0.00015024345;152.19984;0.9765625;0.7365231;-0.8847937;0.10485947;0.30001998;0.19517541;0.08010678;0.0;2767.6428;3240.7878;-1778.586;5626.0933;-614.6533;-235.54666
1979-11-12;4.2444253;-1.9419861;-4.910155;757.03;0.95736605;212.70454;0.5686849;8.3605446e-05;152.20897;0.44759116;0.051140785;-1.106184;0.016137958;0.21067262;0.19455701;0.06193109;0.0;2808.9644;3281.162;-1567.9883;6051.4824;-768.4289;-304.05112
1979-11-13;5.3737893;-0.6302185;-3.4435475;758.1094;0.8742869;276.48874;0.27539062;4.0928524e-05;152.21385;-7.345365e-21;0.18950598;-1.0337383;0.027701259;0.22165477;0.19394606;0.032156706;0.0;2654.6934;3095.662;-1391.9061;6348.042;-718.1055;-341.92334
1979-11-14;4.287323;0.28685507;-3.3331707;756.3553;0.85373354;217.94118;0.13745117;2.0345053e-05;152.21873;-7.345365e-21;1.6802788;-0.8750856;0.2168864;0.41025877;0.19336492;0.013997778;0.0;2263.1194;2636.5078;-1332.8722;6364.6978;-607.8922;-339.68668
1979-11-15;3.603597;-1.0578715;-2.1190212;754.52277;0.7227841;190.25543;0.08341471;1.2516975e-05;151.71483;-7.345365e-21;3.8927674;-0.96635336;0.55892766;0.7517636;0.19281358;0.007111579;0.006854534;2066.3088;2405.679;-1089.3944;6591.2456;-671.2978;-329.58334
1979-11-16;1.2056173;-0.9957072;-3.0738537;753.53534;0.91597885;62.75;21.946695;0.0033049185;144.42055;22.420248;10.192453;-0.8042306;1.16238;1.3546646;0.19227713;1.7393883;4.7201066;1795.215;2467.68;-1053.4022;6374.067;-559.2156;-359.81332
1979-11-17;-0.36523438;-4.248362;-6.7581735;754.50385;1.165576;34.498543;17.511963;0.0025959413;150.7705;17.456055;0.0064029917;-0.91005677;0.17921627;0.3709793;0.19176304;1.0470524;0.004258007;2608.7139;3347.3977;-1783.294;5465.324;-633.7939;-552.1211
1979-11-18;0.14081828;-4.6727395;-8.260219;755.3042;1.053599;82.851494;11.654541;0.0017276207;150.90265;11.80013;0.0001937151;-0.84175354;0.12654066;0.31779706;0.1912564;0.75010026;0.0001899898;2894.3638;3586.389;-2033.7306;5161.1084;-584.8444;-443.16556
1979-11-19;1.2642924;-7.0334167;-9.169369;756.8497;0.97868156;172.69316;7.9187827;0.0011781057;150.99281;7.486979;0.00044107434;-0.78988075;0.07018447;0.26097894;0.19077957;0.4214924;0.0;2952.5027;3578.641;-2187.7527;4978.6895;-549.23444;-247.23555
1979-11-20;2.6073608;-5.0466614;-7.8455787;756.56396;1.1023291;25.674532;5.1958823;0.00076846284;151.05597;4.7200522;0.0004351138;-0.7340871;0.06555021;0.25586784;0.19032508;0.39773434;0.0;2847.49;3401.0679;-2033.6178;5303.79;-509.93112;-137.74667
1979-11-21;2.7723897;-4.93692;-8.025916;755.52246;1.2380611;21.81636;3.1372883;0.00046360493;151.09569;2.766927;0.0004351138;-0.8558668;0.04065782;0.23052096;0.18987805;0.24973787;0.0;2948.4395;3483.7078;-2120.784;5223.9233;-594.54;-139.12111
1979-11-22;3.4921978;-5.462687;-7.686985;754.60986;1.0238875;41.616673;1.8591309;0.00027481714;151.12433;1.4241537;0.00085532654;-0.8477019;0.02451241;0.21395087;0.18943101;0.15195645;0.0;2912.25;3418.4678;-2033.3223;5346.844;-588.8911;-122.27333
1979-11-23;3.9099834;-3.5315654;-6.762333;754.3857;0.9327217;75.47574;1.0853678;0.00016021729;151.13734;0.9765625;0.0008702277;-0.78347695;0.014573336;0.20357966;0.18900633;0.09131618;0.0;2761.5022;3229.0044;-1861.7966;5559.3203;-544.25665;-152.37334
1979-11-24;2.9879048;-3.2602234;-7.172404;755.08154;0.87079144;102.66134;0.65625;9.7354256e-05;151.1455;0.48828125;0.00042741516;-0.66255033;0.00731647;0.19590557;0.18859655;0.04639104;0.0;2527.0845;2948.611;-1878.9933;5453.7256;-460.24722;-159.39667
1979-11-25;1.8778177;-5.829966;-8.94143;756.0965;0.87518126;67.60906;0.410319;6.099542e-05;151.14842;-7.345365e-21;0.00043511385;-0.8183988;0.0047385693;0.19292533;0.18817931;0.03022328;0.0;2878.2495;3354.3389;-2211.7056;5030.688;-568.52386;-249.56
1979-11-26;0.9043274;-7.503611;-9.663368;754.3428;0.8996804;98.054504;0.265625;3.9458275e-05;151.15265;-7.345365e-21;0.0012874597;-0.5931631;0.002592802;0.19037724;0.18779188;0.015869737;0.0;2886.0928;3361.0667;-2200.6755;4948.512;-412.07666;-268.11557
1979-11-27;1.0391235;-6.709778;-8.408771;751.57;0.6680312;234.56647;0.17342122;2.6027361e-05;151.15623;-7.345365e-21;0.0012814989;-0.60205626;0.0019967556;0.18940866;0.18740445;0.012092292;0.0;2768.1423;3222.26;-1946.6189;5270.251;-418.2439;-334.89557
1979-11-28;-1.1561483;-4.433024;-4.40439;744.4455;0.915246;206.6472;21.279459;0.00385499;141.93715;27.913412;19.746264;-0.3021136;0.07376075;0.26080012;0.18704683;0.0060014427;18.805273;1808.64;2106.1755;-916.6239;6295.6636;-211.50778;-398.6911
1979-11-29;-4.411621;-5.000315;-2.7913005;737.1211;0.88520473;209.12538;100.0;0.028369188;125.62693;219.93001;29.63969;-0.17775409;0.010848045;0.1975596;0.18669665;0.00015832484;28.823814;272.19055;1050.0266;-33.185555;6876.8867;-138.18333;-197.68222
1979-11-30;-7.2597327;-8.499351;-5.7073708;737.98126;0.90446645;175.58846;100.0;0.06630925;134.28188;492.75717;16.67889;-0.13084337;0.0;0.18635392;0.18635392;0.0;16.647226;488.99554;2129.01;-615.98834;5960.6187;-99.46445;-157.51
1979-12-01;-8.737296;-9.971168;-9.062797;743.8064;1.2241367;255.04175;100.0;0.07011684;150.32745;466.71548;1.9605072;-0.01130905;0.0;0.1860112;0.18601865;0.0;1.954034;472.4211;2002.0211;-317.04556;6007.4644;-7.022222;-65.78667
1979-12-02;-5.8306174;-6.926435;-7.333449;751.1411;0.9200161;174.416;100.0;0.07170936;153.1992;468.42447;0.40923953;-0.032601878;0.0;0.18566847;0.18567592;0.0;0.40696934;528.4756;2198.0012;-618.365;5830.7134;-22.575556;-62.695557
1979-12-03;-8.111584;-13.852202;-12.413055;752.79755;1.3878561;17.197542;100.0;0.07176634;156.76984;458.21127;0.00447191;-0.06605405;0.0;0.18532574;0.18533319;0.0;0.0027529895;804.45;3257.7312;-1196.7494;4690.2285;-46.806667;2.8588889
1979-12-04;-7.9979978;-14.774974;-17.272902;751.55853;1.3153527;67.51296;100.0;0.07179483;159.01593;451.37534;0.0012844794;-0.00040978193;0.0;0.18498302;0.18499047;0.0;0.0;847.68225;3343.5432;-1146.6923;4333.047;3.1544445;101.74111
1979-12-05;-5.057448;-11.109528;-12.102764;748.1596;0.63841647;217.21199;100.0;0.0738974;158.77113;463.8672;11.309492;-0.018352643;0.0;0.18465519;0.18466264;0.0;11.181701;473.11166;1812.5667;26.651667;6206.5566;-12.150556;25.156666
1979-12-06;-4.2180686;-4.665653;-4.061274;746.3877;0.724672;219.27739;100.0;0.09094413;151.36163;599.40594;10.108339;-0.049332157;0.0;0.18432736;0.18432736;0.0;9.841137;278.08667;1177.5967;-152.27;6690.4194;-37.264446;-95.02333
1979-12-07;-4.109787;-4.6488304;-3.5464146;745.98553;0.4544656;238.67772;100.0;0.10101342;152.95245;659.2204;10.403609;-0.049043447;0.0;0.18399954;0.18400699;0.0;9.889253;296.83334;1249.8112;-257.19666;6595.12;-36.895557;-81.77111
1979-12-08;-6.1600432;-8.705959;-7.937645;747.8017;0.9785486;192.8822;100.0;0.10464907;158.34862;661.8245;0.0054678265;-0.050590374;0.0;0.18367171;0.18367916;0.0;0.0045523047;744.1055;3070.9644;-1258.5316;4954.899;-35.15111;-54.785557
1979-12-09;-7.6272874;-11.946424;-12.736889;749.43365;0.9331817;142.62111;100.0;0.10472051;162.71776;644.0837;0.07156134;-0.010354444;0.0;0.18337369;0.18334389;0.0;0.06553158;640.525;2573.5789;-813.27167;5095.7637;-5.2705555;16.55
1979-12-10;-7.319454;-14.127717;-15.046657;749.1635;0.9643204;45.141506;100.0;0.10477034;166.07811;631.1035;0.0023901463;-0.019507483;0.0;0.18301606;0.18301606;0.0;0.0015124679;793.07776;3103.7278;-1130.2517;4521.025;-11.8133335;49.5
1979-12-11;-8.097777;-13.350983;-17.544786;748.82404;1.0145904;109.51486;100.0;0.10480249;168.71906;621.62274;0.0012755394;0.010270625;0.0;0.18268824;0.18269569;0.0;0.0;834.82056;3185.5732;-1133.1211;4318.308;10.59;75.977776
1979-12-12;-8.811917;-13.157489;-18.558891;747.0523;0.9501536;197.10858;100.0;0.10484493;170.96059;613.8916;0.001724783;0.01681596;0.0;0.18237531;0.18237531;0.0;1.4901161e-05;822.1617;3059.8167;-1050.1989;4338.23;15.342222;74.37666
1979-12-13;-8.508579;-12.31301;-17.781784;745.68195;0.88692856;247.2052;100.0;0.104896106;173.09047;606.28253;0.107842684;0.014679506;0.0;0.18206239;0.18206239;0.0;0.10483712;836.95557;3041.6711;-798.2117;4715.001;13.725555;49.785557
1979-12-14;-6.77815;-8.318988;-11.257026;742.9931;0.7231073;152.82382;100.0;0.10598918;174.12726;608.4798;3.3440797;-0.0010468066;0.0;0.18173456;0.18174946;0.0;3.2573342;555.1494;1990.5734;-263.16333;5969.0767;1.1288888;-26.923334
1979-12-15;-7.218384;-9.650451;-9.623256;741.2686;1.1015927;36.136692;100.0;0.11324072;168.82909;670.1253;5.2791834;-0.014338642;0.0;0.18142164;0.18142909;0.0;5.17562;567.3739;2239.9377;-842.9547;5348.9346;-8.455556;-19.576666
1979-12-16;-8.456612;-10.938571;-13.175586;746.27386;0.96933985;190.03648;100.0;0.1143829;171.71808;666.9922;0.017041607;-0.0029467046;0.0;0.18110871;0.18110871;0.0;0.014774501;765.3506;2960.7488;-821.8139;5028.713;0.6844444;-18.846666
1979-12-17;-7.214255;-10.28548;-12.554596;748.5972;0.95240307;132.04799;100.0;0.114429794;175.2744;653.72723;0.007855892;-0.00618957;0.0;0.18078089;0.18078834;0.0;0.006645918;761.4961;2875.1345;-1015.3078;4906.1377;-1.6166667;8.282222
1979-12-18;-8.888905;-12.854485;-14.742536;747.7729;1.3027275;12.528092;100.0;0.114467345;178.4378;642.45605;0.0036895275;-0.0002104789;0.0;0.18046796;0.18047541;0.0;0.0019818544;789.81665;2906.9888;-1002.76;4711.2266;2.8777778;27.934444
1979-12-19;-7.817444;-11.541111;-13.869327;743.535;1.1864866;18.288073;100.0;0.11499727;180.638;636.9629;2.0941706;0.0049639493;0.0;0.18016994;0.18015504;0.0;2.084885;585.825;2107.2644;-330.34888;5626.9653;5.7222223;37.36889
1979-12-20;-6.453215;-9.669357;-10.093261;744.20776;1.2390839;20.955359;100.0;0.11680806;182.08885;641.8457;0.17306355;-0.025608577;0.0;0.17984211;0.17984957;0.0;0.16919896;712.22;2608.6177;-847.11945;5344.2046;-16.51;-4.1255555
1979-12-21;-8.779513;-11.937713;-12.188733;750.5079;1.6180822;18.740778;100.0;0.11688169;185.79848;629.9235;0.004659677;-0.012138858;0.0;0.17952919;0.17952919;0.0;0.0020824373;844.6383;3020.54;-1334.0006;4534.6377;-5.772222;30.545555
1979-12-22;-12.4965315;-18.10462;-17.436943;751.1047;1.7056988;10.689321;100.0;0.11691479;188.41534;621.2972;0.0037014484;-0.010348856;0.0;0.17923117;0.17921627;0.0;0.0024065375;889.8189;3106.5867;-1398.5222;3980.1223;-5.1894445;63.814445
1979-12-23;-10.674599;-23.759306;-21.63401;747.0322;0.95129013;258.08984;100.0;0.11693287;190.13995;615.76337;0.0017136326;-0.020200387;0.0;0.17890334;0.17891079;0.0;0.0;953.24554;3253.1655;-1372.5839;3679.0247;-13.422222;111.82
1979-12-24;-10.873864;-19.852255;-21.419573;743.63403;0.7116615;286.79135;100.0;0.11694797;191.54132;611.2874;0.04940331;-0.010157935;0.0;0.17860532;0.17860532;0.0;0.047259033;942.0356;3144.4734;-982.0978;4205.5454;-5.8233333;63.13
1979-12-25;-10.692112;-12.500199;-15.7263565;741.6628;0.6319977;196.21098;100.0;0.12191407;180.25877;675.74054;15.145647;0.008913688;0.0;0.1782924;0.1783073;0.0;15.141782;458.46555;1569.8223;111.68389;6010.543;7.7855554;-24.56
1979-12-26;-7.3546066;-8.3219185;-9.352088;741.21;0.6197588;119.99417;100.0;0.14160335;154.17738;916.58527;14.6838665;-0.0020060688;0.0;0.17799437;0.17800182;0.0;14.672682;376.30112;1590.2789;-44.375;6384.217;-0.09555556;-52.085556
1979-12-27;-7.2664247;-8.083985;-7.0196786;742.38916;0.76317024;173.90645;100.0;0.16627045;151.513;1093.6279;29.215326;-0.019708648;0.0;0.1777038;0.1777038;0.0;29.210896;174.26334;750.5256;-134.99278;6417.2617;-14.873333;-55.646667
1979-12-28;-10.714203;-15.210114;-10.078064;742.4885;0.73289734;110.2695;100.0;0.17876036;156.62758;1141.276;3.8175316;-0.10001566;0.0;0.17739832;0.17739087;0.0;3.8136692;717.2278;3082.4023;-911.5528;5127.313;-74.39;-128.99556
1979-12-29;-12.287595;-14.524312;-12.40755;741.4759;0.9677372;157.65605;100.0;0.19394524;151.96678;1274.9023;11.380921;-0.028084032;0.0;0.1770854;0.1770854;0.0;11.377491;635.3111;2755.7366;-1042.9739;4802.84;-19.245556;-70.931114
1979-12-30;-15.593339;-19.208273;-18.125273;743.16675;1.0343744;97.4018;100.0;0.1952014;158.02081;1236.206;0.025689602;-0.02040714;0.0;0.17678738;0.17677993;0.0;0.024300069;749.60333;3164.08;-1178.2977;4108.537;-13.637777;-34.844444
1979-12-31;-12.985532;-15.455342;-18.056082;745.9487;0.8882697;165.36482;100.0;0.19677337;159.9466;1230.4281;1.8758677;0.018747523;0.0;0.17648935;0.1764819;0.0;1.8719137;462.3272;1915.2522;-373.47168;5194.203;15.671111;5.551111
1980-01-01;-11.390353;-18.040852;-18.552256;746.67096;1.0298795;110.80256;100.0;0.19719625;163.95018;1203.8574;0.0033318996;-0.013710931;0.0;0.17617643;0.17618388;0.0;0.0028945506;787.19775;3183.0823;-1020.3483;4356.6396;-7.9016666;50.93222
1980-01-02;-8.10885;-11.898856;-17.840078;746.1631;0.51871306;228.15971;100.0;0.19743796;167.93456;1176.2695;1.245194;0.017475337;0.0;0.1758933;0.1758784;0.0;1.24266;632.93054;2488.828;-260.8439;5381.5234;15.007222;27.216667
1980-01-03;-8.128438;-9.446861;-12.897838;747.9941;0.8221089;109.545494;100.0;0.19940531;171.48566;1163.6556;0.9330028;0.014842488;0.0;0.17558038;0.17558038;0.0;0.9315647;551.6939;2164.8145;-420.57333;5633.2266;13.383889;-19.307777
1980-01-04;-7.966868;-9.655389;-11.503573;748.13306;0.79675984;193.59535;100.0;0.19967484;177.6139;1125.2848;0.13612735;-0.000545755;0.0;0.17526746;0.17528236;0.0;0.13051555;670.85443;2572.7866;-326.87054;5880.2656;1.9822222;-42.6
1980-01-05;-7.439691;-8.64689;-8.492797;742.4881;0.6795787;205.15004;100.0;0.20358963;181.41534;1120.4834;13.180783;0.00046286732;0.0;0.17498434;0.17498434;0.0;13.173588;296.37277;1129.6311;-79.95611;6398.828;1.2166667;-33.531113
1980-01-06;-8.8080635;-11.088153;-8.0278635;738.1096;0.55881315;184.94551;100.0;0.22485435;168.68748;1331.2582;13.156033;-0.0654459;0.0;0.17468631;0.17468631;0.0;13.150811;399.99667;1721.14;-402.67776;5979.574;-49.45778;-94.0
1980-01-07;-9.714341;-11.206825;-9.314365;745.49115;0.6381156;250.63641;100.0;0.22850609;175.33429;1304.8096;0.97422093;-0.038135797;0.0;0.17438829;0.17438829;0.0;0.9690225;596.7106;2522.2634;-618.7095;5611.4946;-27.103333;-101.94778
1980-01-08;-11.169717;-13.553596;-11.125584;747.19464;0.8938132;152.80261;100.0;0.22910905;182.94073;1253.8656;0.11327863;-0.042551197;0.0;0.17407537;0.17409027;0.0;0.11070073;666.00336;2748.6646;-1019.3839;4916.7144;-30.293333;-86.42
1980-01-09;-10.549343;-15.417718;-14.215694;748.1031;0.96666765;102.721535;100.0;0.2291317;188.97328;1213.7451;0.004901448;-0.033369288;0.0;0.17379224;0.17379224;0.0;0.0036209822;784.36554;3150.65;-1008.19946;4712.8037;-22.708889;-27.013334
1980-01-10;-8.774192;-12.850766;-15.653201;747.1343;0.65198654;252.73909;100.0;0.2291708;193.70506;1184.1227;0.07644892;0.0024940819;0.0;0.17347932;0.17348677;0.0;0.07225573;721.1222;2820.8945;-879.52057;4747.3477;4.2422223;15.885555
1980-01-11;-8.793735;-10.19938;-13.922009;744.6797;0.6605065;196.2238;100.0;0.22998948;197.12367;1166.7887;3.518495;0.005751848;0.0;0.1731813;0.17318875;0.0;3.5130308;662.4217;2533.1611;-202.36945;5816.832;6.4733334;-44.416668
1980-01-12;-8.002335;-8.979992;-9.988361;741.8238;0.767567;210.87982;100.0;0.23759663;193.5768;1226.766;6.818232;-0.013906509;0.0;0.17288327;0.17289072;0.0;6.8159776;416.47;1683.01;-78.30055;6294.342;-9.425555;-71.91778
1980-01-13;-10.2764435;-11.820469;-9.6033745;741.5452;0.79875857;174.31895;100.0;0.24098949;197.17609;1223.0225;1.1749744;-0.060688704;0.0;0.17258525;0.17258525;0.0;1.1676252;721.5906;2936.0588;-812.4717;5353.339;-44.39111;-133.63667
1980-01-14;-12.57188;-17.005976;-12.535249;742.61255;0.93279976;54.48132;100.0;0.24145754;202.68163;1192.3014;0.17672777;-0.07522758;0.0;0.17228723;0.17229468;0.0;0.17119944;797.92725;3179.2578;-1154.5839;4606.847;-55.556667;-125.64667
1980-01-15;-13.063048;-16.562647;-14.226878;742.2857;1.1690543;44.846325;100.0;0.2422101;205.63734;1177.7344;1.9731998;-0.0474127;0.0;0.1719892;0.1719892;0.0;1.9689351;666.99335;2608.95;-580.80585;5228.8013;-34.68889;-66.704445
1980-01-16;-12.589764;-17.244751;-15.017772;742.7387;1.6011297;21.402946;100.0;0.24424691;206.05109;1185.9537;0.49974176;-0.03678631;0.0;0.17170608;0.17169118;0.0;0.49798563;915.725;3577.9844;-1446.3517;4115.183;-25.295555;-13.182222
1980-01-17;-10.984169;-18.383429;-18.471764;744.03033;0.908704;170.1112;100.0;0.24430843;209.44171;1167.0736;0.021995086;-0.022133812;0.0;0.17140806;0.17139316;0.0;0.019423664;950.60724;3614.4866;-1055.8434;4304.696;-14.173333;38.354443
1980-01-18;-10.715743;-13.694572;-15.828667;743.0739;0.7290798;190.25139;100.0;0.2448945;211.75453;1156.6569;0.9168267;0.00094342977;0.0;0.17111003;0.17110258;0.0;0.91162324;716.42334;2676.3933;-426.01443;5385.8047;2.7377777;-53.86111
1980-01-19;-11.880698;-14.016446;-14.335281;745.7612;0.82160324;65.44763;100.0;0.24540043;214.7324;1143.4326;0.15330829;-0.01609698;0.0;0.17081201;0.17080456;0.0;0.15072525;843.3811;3105.5244;-864.48944;4928.682;-9.806666;-70.72444
1980-01-20;-12.900281;-15.533374;-14.726093;745.0429;0.94249535;129.9551;100.0;0.24546862;218.4098;1124.8779;0.024452806;-0.02772361;0.0;0.17051399;0.17050654;0.0;0.02316758;880.3539;3169.4712;-927.4595;4814.556;-18.744444;-80.60667
1980-01-21;-11.545142;-14.252004;-14.615752;744.59033;0.8998949;119.72699;100.0;0.24551316;221.91827;1106.9742;0.022685528;-0.017525628;0.0;0.17021596;0.17020851;0.0;0.020623207;947.1322;3331.2356;-935.8122;4834.7856;-10.4777775;-56.47111
1980-01-22;-10.753497;-13.722095;-14.334567;742.83765;0.98652357;51.202923;100.0;0.24555619;225.3382;1090.21;0.025138259;-0.013738871;0.0;0.16990304;0.16991049;0.0;0.021219254;951.4056;3274.0645;-939.7428;4869.497;-7.53;-48.916668
1980-01-23;-10.880688;-14.136037;-14.260258;740.76715;1.4357656;27.943481;100.0;0.24565022;228.61488;1074.8698;0.12200475;-0.035615638;0.0;0.16960502;0.16961992;0.0;0.11313334;955.6561;3224.4155;-1081.865;4694.081;-24.666666;-18.63889
1980-01-24;-11.888255;-15.098064;-15.083481;740.1507;0.8948853;135.5295;100.0;0.24602227;230.83592;1065.4703;1.935789;-0.027207658;0.0;0.1693219;0.1693219;0.0;1.9292384;1050.6128;3469.86;-849.6422;4906.4814;-18.036667;-64.325554
1980-01-25;-12.150768;-14.174302;-13.190987;742.7547;0.87517935;248.68214;100.0;0.24841101;228.04945;1089.4775;0.87328243;-0.06829761;0.0;0.16902387;0.16902387;0.0;0.86966527;987.64777;3398.06;-948.72833;4952.5835;-50.394444;-126.003334
1980-01-26;-11.816501;-17.323135;-14.39511;745.2941;0.8112019;200.79108;100.0;0.24870288;230.64581;1078.6539;0.031194089;-0.06400049;0.0;0.16871095;0.1687184;0.0;0.029064715;1136.7833;3851.2678;-1234.2728;4476.204;-45.642223;-80.90111
1980-01-27;-7.9320183;-10.092594;-12.25554;746.26807;0.7749877;207.08;100.0;0.2496409;232.38214;1073.8119;3.4651608;-0.020640902;0.0;0.16842782;0.16842782;0.0;3.4620986;691.62555;2309.0066;-0.7322222;6282.8413;-14.108889;-66.69
1980-01-28;-7.210121;-8.196232;-8.426873;741.40894;1.5061935;205.92773;100.0;0.2619237;222.18878;1176.066;23.571417;-0.018024817;0.0;0.1681447;0.16813725;0.0;23.556587;271.2628;1050.9722;73.39056;6610.2144;-13.476666;-63.45111
1980-01-29;-10.3526;-12.017037;-8.049236;736.77765;1.4661614;199.28145;100.0;0.2888296;203.7119;1416.097;14.542818;-0.15120022;0.0;0.16784668;0.16784668;0.0;14.531128;632.72614;2742.7922;-668.42444;5635.013;-115.587776;-245.76334
1980-01-30;-14.285519;-17.054024;-11.896199;741.73883;0.7548674;144.96309;100.0;0.29311785;206.09569;1423.3398;0.738201;-0.12549758;0.0;0.16754866;0.16754866;0.0;0.7338785;759.92;3234.4778;-942.3061;4893.444;-95.09778;-205.45334
1980-01-31;-14.24307;-20.32626;-15.3296385;747.1806;1.3900728;22.689865;100.0;0.29342207;210.94594;1392.0492;0.013574665;-0.062907115;0.0;0.16725063;0.16725808;0.0;0.011850148;992.7817;4115.0356;-1565.4506;3897.5376;-45.024445;-81.47444
1980-02-01;-10.188943;-20.329012;-18.61675;748.7068;1.3313986;24.732203;100.0;0.29342508;214.7643;1366.6992;0.0004351138;-0.042339787;0.0;0.16695261;0.16695261;0.0;0.0;1047.0411;4224.927;-1337.9338;3985.6345;-28.31;82.02111
1980-02-02;-9.930833;-19.434618;-19.143906;748.47394;1.5603222;16.20858;100.0;0.2934425;217.96417;1346.8832;0.00085234636;-0.03532134;0.0;0.16665459;0.16665459;0.0;0.0;1085.3411;4266.947;-1289.3883;4045.9177;-22.84;102.992226
1980-02-03;-8.59443;-18.452438;-19.110098;746.8299;1.1413846;95.4609;100.0;0.29346395;220.99315;1328.6539;0.0;-0.031787902;0.0;0.16635656;0.16634911;0.0;0.0;1126.2339;4316.697;-1298.4623;4050.665;-20.204445;88.40889
1980-02-04;-8.627156;-17.546648;-18.917036;744.34247;0.82469887;223.8493;100.0;0.29348174;223.93683;1311.4828;0.0008523463;-0.031260774;0.0;0.16605854;0.16605109;0.0;0.0;1140.5789;4264.9077;-1240.6267;4134.2495;-20.22;31.494444
1980-02-05;-10.021976;-16.807674;-18.957819;743.1169;0.99454695;86.54667;100.0;0.29350483;226.777;1295.4102;0.0008496713;-0.018503517;0.0;0.16576052;0.16575307;0.0;0.0;1091.6095;3983.5833;-1204.4833;4171.226;-10.747778;29.086666
1980-02-06;-9.675262;-16.505865;-18.050499;744.27203;0.87842935;74.3784;100.0;0.29359162;229.458;1280.5176;0.44257462;-0.032924116;0.0;0.1654625;0.16545504;0.0;0.4395619;1149.7433;4098.751;-798.7106;4781.746;-21.68111;-16.097778
1980-02-07;-8.455852;-9.816673;-13.268582;745.9739;0.5638084;137.60509;100.0;0.29600832;229.06444;1292.684;3.04548;0.0073313713;0.0;0.16516447;0.16517192;0.0;3.0405893;589.2211;2134.0;1.2094444;6208.921;7.331111;-51.743332
1980-02-08;-8.651387;-10.444957;-10.7081175;747.9289;0.9529546;81.27407;100.0;0.29720154;232.3089;1280.599;0.13794899;-0.05390495;0.0;0.16486645;0.16488135;0.0;0.13246387;901.9739;3277.4268;-717.9828;5471.473;-38.393333;-104.67555
1980-02-09;-7.0435753;-10.587689;-9.828868;745.3823;1.1827084;32.110935;100.0;0.29726863;237.31573;1253.7028;0.15575588;-0.072716735;0.0;0.16458333;0.16457587;0.0;0.15277416;1091.8722;3886.709;-869.2839;5415.8276;-51.087776;-91.54222
1980-02-10;-5.505011;-8.259507;-8.375369;742.0185;0.926644;61.787704;100.0;0.29901657;240.57648;1242.8385;4.9934955;-0.080842525;0.0;0.1642704;0.16427785;0.0;4.9870834;905.88446;3189.6245;-482.255;6048.4634;-58.86889;-77.34333
1980-02-11;-5.636139;-9.054165;-7.2134743;740.6423;1.4947518;28.671751;100.0;0.30263305;242.54686;1249.0234;0.15688837;-0.12662727;0.0;0.16397238;0.16397238;0.0;0.15164167;1072.3162;4015.831;-1086.7139;5346.2334;-92.797775;-76.53333
1980-02-12;-5.563759;-9.834332;-9.026532;743.9742;0.8759108;162.90353;100.0;0.3026662;247.85577;1222.168;0.015711784;-0.07048808;0.0;0.16365945;0.1636669;0.0;0.014416873;1261.5122;4601.941;-1408.2261;4737.833;-48.19889;-75.60667
1980-02-13;-5.692037;-7.2033067;-8.144042;746.4778;0.70307606;240.92155;100.0;0.30317023;251.84828;1204.6713;0.96156836;-0.09625405;0.0;0.16336143;0.16336888;0.0;0.9574406;846.9672;3041.685;-445.98193;6076.2144;-71.454445;-120.10445
1980-02-14;-6.000895;-8.372467;-7.189219;743.4019;0.7358768;79.114624;100.0;0.3079307;250.73793;1226.4811;16.047258;-0.10179635;0.0;0.16307831;0.16307086;0.0;16.038618;795.45667;2850.869;-478.0061;6084.2;-75.884445;-100.27556
1980-02-15;-5.6386514;-6.6355386;-5.7980247;741.9263;0.7832379;145.73741;100.0;0.33442593;228.70116;1460.3271;21.296537;-0.05132705;0.0;0.16278028;0.16278028;0.0;21.287449;306.0428;1320.96;-45.701668;6677.121;-38.925556;-88.68889
1980-02-16;-5.563436;-6.6624756;-4.876943;744.5305;0.90278363;173.18922;100.0;0.3445773;229.57973;1501.9938;3.6427183;-0.1399042;0.0;0.16249716;0.16248971;0.0;3.59156;697.70667;2992.465;-466.2014;6265.166;-105.21889;-187.23
1980-02-17;-5.6637573;-6.903492;-5.2435303;741.41797;0.74699515;110.91763;100.0;0.34998134;233.98338;1495.0358;10.910442;-0.120537356;0.0;0.16219914;0.16219169;0.0;10.90451;659.635;2779.6733;-386.2961;6315.6978;-90.575554;-164.10889
1980-02-18;-6.2516785;-7.107239;-5.024606;740.3824;0.9282124;194.3913;100.0;0.36198607;232.92152;1554.3213;6.981286;-0.12716092;0.0;0.16190112;0.16190112;0.0;6.974958;619.1589;2659.1194;-490.17084;6177.354;-96.136665;-204.81334
1980-02-19;-7.6415305;-9.199029;-6.210499;744.3828;0.8333318;250.85103;100.0;0.36465716;239.35219;1524.6176;1.3450742;-0.1657065;0.0;0.1616031;0.1616031;0.0;1.3364627;885.76447;3727.1333;-691.5333;5836.3833;-124.706665;-232.12334
1980-02-20;-8.653805;-11.591483;-7.737709;744.706;0.84007263;72.52945;100.0;0.36519456;246.11034;1484.9854;0.06972551;-0.18373597;0.0;0.16129017;0.16129762;0.0;0.06717071;1142.7922;4698.968;-1146.3369;5112.926;-136.55278;-275.44888
1980-02-21;-8.985236;-11.797623;-9.566844;747.3206;0.91918993;147.13516;100.0;0.36528298;251.70766;1452.1484;0.08768141;-0.1048604;0.0;0.16099215;0.16099215;0.0;0.08310005;1219.4216;4898.453;-1204.5605;4937.9404;-75.24;-171.41888
1980-02-22;-8.2645445;-10.10402;-9.246533;746.96625;0.6743892;132.73259;100.0;0.36726782;254.27309;1443.8883;5.3493195;-0.071231276;0.0;0.16069412;0.16068667;0.0;5.3417087;793.0211;3101.9182;-399.815;5990.438;-51.915554;-138.52777
1980-02-23;-7.6575456;-9.318654;-7.8551736;745.6224;1.08543;157.69608;100.0;0.37166902;254.2298;1462.8906;1.4569104;-0.13027154;0.0;0.1603961;0.1603961;0.0;1.4535561;1029.8206;4168.3735;-885.61664;5511.3916;-96.19111;-178.80556
1980-02-24;-8.576832;-11.73191;-8.716081;741.75946;1.8298606;31.272821;100.0;0.3721036;259.2194;1436.4014;0.05220213;-0.12695976;0.0;0.16008317;0.16009063;0.0;0.04699081;1240.6422;4918.914;-1241.3583;5013.0225;-91.57222;-110.87556
1980-02-25;-8.586946;-12.951772;-9.482598;737.0884;1.332809;43.56891;100.0;0.37228045;263.68002;1412.3535;0.48217475;-0.2076067;0.0;0.15977025;0.15978515;0.0;0.4791692;1118.8489;4329.0386;-930.6825;5279.8823;-156.19;-166.69
1980-02-26;-8.304378;-10.530899;-9.233884;742.7237;0.8421502;129.19432;100.0;0.37334648;266.2334;1402.5472;1.7775774;-0.14428422;0.0;0.15948713;0.15947968;0.0;1.7477088;1036.7084;3956.2827;-651.2817;5675.8413;-108.10333;-200.80667
1980-02-27;-6.036045;-7.9111505;-7.382065;744.5376;0.7540067;107.45239;100.0;0.37661538;265.87466;1416.2191;5.0999045;-0.13330671;0.0;0.159204;0.15918165;0.0;5.0937943;840.8589;3248.8823;-263.6336;6381.17;-99.77167;-163.01
1980-02-28;-4.981537;-6.663269;-5.609568;740.961;0.72823054;127.66079;100.0;0.3812249;266.10385;1432.7393;3.0762076;-0.12214482;0.0;0.15890598;0.15889108;0.0;3.0684173;699.91833;2786.3877;-299.11612;6456.1133;-91.65;-136.08333
1980-02-29;-5.5152793;-7.334829;-5.1614914;739.3476;0.5995557;144.30853;100.0;0.3829937;270.14713;1418.2943;1.8838584;-0.21753368;0.0;0.15859306;0.15859306;0.0;1.8790588;1065.9706;4216.32;-851.1111;5789.1777;-163.6789;-222.03778
1980-03-01;-6.8058677;-8.364556;-6.046398;734.9116;0.8785419;149.82738;100.0;0.3876404;268.97754;1441.04;5.0351167;-0.14387071;0.0;0.15829504;0.15828758;0.0;5.0243287;1031.57;4156.739;-859.1383;5674.049;-107.064445;-221.26
1980-03-02;-8.035821;-9.417801;-6.5481353;732.1533;0.7893837;166.73694;100.0;0.39730108;262.32358;1513.0209;15.11997;-0.13754609;0.0;0.15799701;0.15799701;0.0;15.106298;594.0195;2454.4434;-480.8511;6030.1216;-104.90111;-196.87445
1980-03-03;-9.136799;-10.764885;-7.77772;738.21387;0.69068044;198.44537;100.0;0.4071444;255.30011;1595.0521;3.9375424;-0.11402182;0.0;0.15771389;0.15770644;0.0;3.9273202;723.5953;3061.821;-651.06586;5682.56;-85.82445;-202.97888
1980-03-04;-7.6956162;-9.488753;-8.226765;747.68774;0.939424;238.58644;100.0;0.4088392;259.3773;1577.3926;0.23437738;-0.10787789;0.0;0.15740097;0.15740097;0.0;0.22836775;1295.8108;5399.2134;-1032.2328;5334.0156;-76.65222;-227.4136
1980-03-05;-7.0501046;-8.691297;-7.6301703;745.93;1.217594;223.64598;100.0;0.40952644;264.25586;1550.3744;1.6816522;-0.12569875;0.0;0.15710294;0.15709549;0.0;1.6751215;1161.4779;4722.2144;-728.19275;5765.88;-91.89167;-210.63445
1980-03-06;-7.430374;-8.462985;-6.636213;743.906;1.2854403;168.10115;100.0;0.41728464;262.0228;1591.6748;10.347682;-0.13552326;0.0;0.15679002;0.15680492;0.0;10.343216;558.7695;2313.7341;-227.75389;6355.23;-103.702774;-235.28111
1980-03-07;-6.785473;-12.466748;-7.7553215;746.58624;0.8653536;102.206116;100.0;0.42118016;264.2233;1595.2555;0.02448331;-0.15835372;0.0;0.1565069;0.15649945;0.0;0.021915883;1440.2091;5977.3335;-1532.15;4700.358;-113.884445;-206.27888
1980-03-08;-4.954806;-8.50566;-7.6004853;744.06683;0.6479643;226.33812;100.0;0.4222503;268.66504;1572.1842;2.3531945;-0.1135394;0.0;0.15619397;0.15619397;0.0;2.3461356;881.0944;3568.1072;-358.53387;6237.704;-83.94222;-160.69778
1980-03-09;-3.448171;-5.9661765;-6.247345;745.52216;0.8325093;171.70422;100.0;0.42353487;273.2412;1550.9847;0.043436438;-0.113932416;0.0;0.15589595;0.1558885;0.0;0.041294843;1399.6128;5611.8306;-1331.2622;5206.811;-79.18445;-177.64
1980-03-10;-2.867442;-7.1366477;-7.4041038;746.6242;0.81010866;170.2961;100.0;0.42354918;278.58267;1521.6064;0.008928775;-0.11302158;0.0;0.15556812;0.15557557;0.0;0.006303191;1475.4366;5765.1323;-1359.2106;5045.3145;-78.1;-131.92778
1980-03-11;-2.6413372;-5.7261963;-6.8061523;744.52655;0.78020626;111.389336;100.0;0.42678067;280.65234;1519.816;12.457252;-0.11184998;0.0;0.1552701;0.15526265;0.0;11.681926;1473.268;5616.79;-931.3383;5692.09;-77.73778;-156.41667
1980-03-12;-4.097921;-5.264862;-4.1355844;741.15216;1.0587838;175.31248;100.0;0.45756587;262.39746;1740.8854;31.598612;-0.124599785;0.0;0.15497208;0.15495718;0.0;30.359581;716.8685;3095.835;-449.49;6401.4814;-93.14778;-170.40222
1980-03-13;-5.248983;-7.455363;-4.7366333;744.563;1.066639;238.97571;100.0;0.47124675;260.56216;1810.791;1.4616907;-0.2623666;0.0;0.15464425;0.1546517;0.0;1.4346242;1252.3728;5320.1367;-1082.0756;5529.5;-196.49667;-251.39778
1980-03-14;-4.4200134;-7.5087585;-5.465739;746.8599;0.8280506;118.4288;100.0;0.4715779;268.23502;1760.4574;0.19201636;-0.25396422;0.0;0.15434623;0.15434623;0.0;0.19010156;1242.7714;5107.2954;-934.0772;5694.9688;-189.64444;-217.2111
1980-03-15;-4.7743125;-5.9689536;-5.7954483;743.2605;0.74309427;60.593414;100.0;0.4807413;267.6631;1795.1254;18.157274;-0.023309141;0.0;0.1540482;0.1540482;0.0;18.034473;400.23666;1667.7208;-244.91055;6431.059;-16.708889;-52.47333
1980-03-16;-4.7214255;-7.640162;-5.354561;745.0612;0.9133739;92.07837;100.0;0.49076512;266.88248;1840.8203;0.7464975;-0.2289135;0.0;0.15375018;0.15375018;0.0;0.7414483;1275.2897;5422.6143;-1166.0386;5420.9487;-169.51111;-220.46666
1980-03-17;-4.228517;-7.111857;-6.5404625;743.5379;0.7245693;153.71373;100.0;0.49196556;272.78775;1803.4261;10.1229725;-0.15101396;0.0;0.15343726;0.15343726;0.0;9.991296;1373.7103;5654.1035;-1087.262;5419.8877;-108.318886;-193.60889
1980-03-18;-5.0110373;-5.899414;-5.690165;737.00433;0.78668934;198.73615;100.0;0.51524776;259.29297;1985.6771;22.262806;-0.03686361;0.0;0.15313923;0.15313923;0.0;22.24794;441.44528;1888.2875;-194.76;6522.5327;-26.714445;-93.12111
1980-03-19;-5.737844;-7.286911;-5.1715393;736.8843;1.0877919;213.81592;100.0;0.52611506;260.92416;2018.2291;3.14188;-0.20248443;0.0;0.15284121;0.15284121;0.0;3.1292775;1252.595;5378.867;-847.7478;5847.3965;-150.23;-280.83527
1980-03-20;-6.344864;-9.450654;-5.731733;741.46515;0.8727751;172.12885;100.0;0.5276445;268.5856;1966.7562;0.25489926;-0.3264863;0.0;0.15252829;0.15252829;0.0;0.2483353;1344.2197;5650.668;-1215.5042;5270.649;-246.26445;-301.25778
1980-03-21;-4.0875945;-6.2348404;-6.2061195;745.1379;0.7744422;86.57578;100.0;0.5306287;273.35513;1941.8945;4.146862;-0.13198331;0.0;0.15221536;0.15222281;0.0;4.1100755;1179.8861;4925.7485;-633.4661;6065.3145;-95.19;-200.12445
1980-03-22;-2.7325642;-5.5971627;-5.6018577;749.95197;0.94986326;122.01748;100.0;0.53190273;279.77505;1902.5472;0.003969669;-0.1402013;0.0;0.15190244;0.15190244;0.0;0.0013969839;1569.4989;6409.2207;-1511.7822;5041.776;-97.655556;-196.36111
1980-03-23;-1.2120972;-5.95933;-6.520803;750.5271;1.017315;91.25674;100.0;0.53191173;286.20703;1860.2295;0.00042617318;-0.13163127;0.0;0.15158951;0.15158206;0.0;0.0;1647.76;6524.3945;-1480.725;5028.6587;-90.435555;-132.23778
1980-03-24;0.74386597;-6.6452637;-5.7240396;751.4045;0.7944565;156.7862;100.0;0.5323923;291.97656;1824.4222;4.2270265;-0.18369406;0.0;0.15124679;0.15125424;0.0;1.0914654;1720.8933;6633.338;-1053.2661;5672.089;-129.6;-122.664444
1980-03-25;-0.50309247;-0.67407227;-0.78748065;747.7708;0.40983418;221.66795;100.0;0.5519186;293.97168;1876.8717;29.543478;-0.05643256;0.73485076;0.8857846;0.15094876;0.28810465;14.779501;438.1739;1710.9739;90.19028;7347.298;-41.765556;-119.71
1980-03-26;1.0890402;0.11299642;-0.051556904;749.135;0.9492097;154.91443;100.0;0.5555354;300.70605;1850.057;0.1482617;-0.15010126;1.2606382;1.411289;0.15065074;8.561259;0.00018253922;1582.3083;5377.074;-726.6494;6580.406;-104.494446;-196.21889
1980-03-27;1.2088623;-4.663564;-0.15843837;751.491;1.1436841;69.55931;100.0;0.5506589;309.9287;1778.6865;1.0790527;-0.3515389;0.5251765;0.67551434;0.15032291;2.9617696;0.3565848;1706.7644;4987.943;-777.9739;6476.961;-261.34332;-170.48
1980-03-28;0.4960734;-0.022491455;0.006585439;746.71;0.7013276;173.41743;100.0;0.556691;310.5752;1792.399;42.331055;-0.04120916;8.390247;8.64555;0.25529414;4.4374356;9.314418;442.55057;1530.8722;63.434166;7390.9233;-29.826666;-76.77889
1980-03-29;-0.31255087;-3.450175;-0.11601639;746.58105;0.7353577;210.23494;100.0;0.5518239;316.83887;1743.2455;0.35078228;-0.45522022;1.386106;1.5359521;0.14983118;6.417841;0.1575537;2061.139;6147.38;-1268.1006;5893.378;-341.1122;-273.07666
1980-03-30;-1.4685568;-2.9408467;-0.21993892;747.3024;0.9564891;214.50658;100.0;0.5505752;322.19693;1708.8623;8.658071;-0.46687013;0.59975684;0.7494837;0.14972687;2.3185499;7.277563;1809.7655;4985.324;-727.66583;6488.7827;-354.7028;-344.62222
1980-03-31;-1.1776123;-3.3526103;-0.1986262;750.5713;0.8874633;226.36952;100.0;0.55214506;324.72397;1701.7822;0.045651197;-0.5206987;0.88328123;1.0329634;0.14968216;4.304323;0.03322959;1969.7106;5928.924;-1208.4867;5882.062;-392.9411;-311.4878
1980-04-01;0.26423135;-4.6607666;-0.34138235;752.98615;1.0658299;85.17343;100.0;0.5479168;332.93393;1647.5016;1.0226965;-0.42959487;1.0608137;1.2105405;0.14969707;4.054822;0.0025629997;2501.455;6715.961;-1385.8595;5754.201;-316.4811;-271.9289
1980-04-02;1.3606873;-1.0844523;-0.10336176;747.25934;0.8112135;76.80461;100.0;0.54527456;340.81445;1601.1556;44.525345;-0.06907992;15.366271;17.813564;2.4472623;4.5398326;0.010840595;789.72943;1957.2494;-61.390556;7229.9595;-49.898888;-45.622223
1980-04-03;0.18400066;-0.5083313;-0.006933848;741.4821;0.63500357;149.23325;100.0;0.5385322;344.29654;1564.7787;16.663446;-0.1866389;7.3764176;8.256912;0.88048726;10.218728;3.5128965;1528.5533;3643.6628;-345.22388;7025.9946;-138.05779;-199.61223
1980-04-04;-0.11123657;-0.7449951;-0.04439799;745.13873;0.7416575;213.77155;100.0;0.5337381;344.90137;1548.4619;3.4992397;-0.25931373;2.937466;3.154248;0.21678954;8.558128;1.6467012;1698.7722;4571.0996;-544.7464;6784.4297;-192.86111;-263.93445
1980-04-05;0.4484965;-1.2151489;-0.12111155;750.3543;0.9020124;200.18396;100.0;0.52347976;349.46255;1499.5117;0.054724827;-0.38966537;3.6857872;3.8760006;0.19022822;11.800692;0.0033900142;2503.185;6226.459;-1104.008;6169.989;-288.79556;-255.62889
1980-04-06;1.6261292;-2.7956238;-0.21881358;752.1788;1.0505469;72.34311;100.0;0.5117981;355.09506;1442.7897;0.0019550323;-0.36400372;4.0974765;4.276529;0.1790449;11.783387;0.00109151;3056.6511;7150.7876;-1685.3173;5529.419;-263.3872;-196.78334
1980-04-07;2.9483135;-6.289805;-0.28022385;751.0556;1.1094394;62.761215;100.0;0.50047225;362.11816;1383.7484;0.0008642673;-0.38592333;3.852591;4.0815773;0.2289936;11.15122;0.0;3266.7922;7299.685;-1630.0492;5575.872;-278.23;-129.99
1980-04-08;2.7269287;-2.9113972;-0.15062459;749.05414;0.86564046;208.57677;100.0;0.4875965;368.6149;1324.1781;1.7213464;-0.3429344;5.3712873;6.2122493;0.8409694;13.614479;0.0;3090.9666;6672.499;-1219.9344;6088.338;-248.85777;-162.55333
1980-04-09;2.7880657;0.5589803;-0.07759348;751.46875;0.81845975;165.81592;100.0;0.47033456;372.95737;1262.6953;0.16807914;-0.25507993;7.506788;8.410335;0.9035617;20.642546;0.0;3154.9111;6626.135;-1237.422;6122.758;-181.01889;-198.78223
1980-04-10;3.7290447;0.5759379;-0.12121328;749.95013;0.92343396;156.7361;100.0;0.45330748;378.07617;1200.4801;9.038612;-0.21403655;9.869218;10.8966675;1.02745;15.748395;0.0;3007.604;6190.094;-881.418;6549.792;-149.84889;-135.36667
1980-04-11;0.87209064;0.41704306;0.0042622886;744.63495;0.6099662;205.56941;100.0;0.44221774;381.4694;1159.9528;25.687307;-0.04666671;14.77322;16.621082;1.8478706;8.440602;0.0;795.2878;1606.3273;65.62444;7417.458;-33.711113;-70.20028
1980-04-12;0.43715414;-2.05661;-0.09712855;744.59064;1.092806;217.29582;100.0;0.427614;383.47656;1116.4957;0.70241815;-0.6632386;6.9340467;8.022428;1.0883808;16.959503;0.00062584877;3088.5383;6181.443;-1253.7036;6000.151;-503.6361;-317.22446
1980-04-13;-2.031016;-3.750539;-0.21799977;743.10504;0.75300676;177.9372;100.0;0.42132232;382.92188;1100.3418;10.057747;-0.6327601;2.2672117;2.9070973;0.63990057;5.500205;7.61766;2422.0388;4956.811;-789.30054;6424.3154;-484.2489;-414.34888
1980-04-14;-2.350291;-5.16922;-0.1637853;743.6338;1.0032772;223.54103;100.0;0.42143035;379.87988;1110.026;0.7265508;-0.8717496;1.0053442;1.7371327;0.7317886;3.2639244;0.4950501;2552.3245;6761.468;-1269.8667;5884.7676;-666.70447;-465.25446
1980-04-15;-4.349711;-5.827555;-0.41205087;739.5315;0.9372094;161.62846;100.0;0.42900848;367.1455;1167.5211;20.748178;-0.5204361;0.028982759;0.83748996;0.8085072;0.033698976;20.043459;1221.5333;3470.984;-740.1711;6267.0083;-401.62112;-427.65555
1980-04-16;-6.9716477;-8.725844;-1.1177546;740.1992;1.2952287;230.46014;100.0;0.4435308;343.6393;1290.1205;6.92676;-0.7105284;0.0;0.8739978;0.8739978;0.0;6.879434;1563.1461;5589.7495;-1016.69165;5779.932;-546.5489;-736.6222
1980-04-17;-7.7552733;-11.70525;-3.3807003;746.08813;1.1074086;251.9752;100.0;0.44655505;340.1107;1313.8428;0.05422643;-0.754999;0.0;0.9290278;0.9290278;0.0;0.050716102;2219.7744;7617.4883;-1785.6202;4754.017;-576.5267;-666.99664
1980-04-18;-4.9422607;-8.347557;-5.2063103;747.22125;1.0985243;137.38724;100.0;0.44632873;342.55045;1303.5074;0.25005043;-0.41018334;0.0;0.97474456;0.9747222;0.0;0.24070218;1983.16;6637.3926;-1413.0934;5191.3936;-306.8589;-289.94778
1980-04-19;-3.5034802;-9.310857;-4.9624963;749.5342;0.979821;146.09633;100.0;0.44624603;344.83984;1294.4742;0.0022530549;-0.44172817;0.0;1.0122359;1.0122433;0.0;0.0005438924;2437.3738;8020.6953;-1881.5956;4730.6084;-325.87778;-247.99889
1980-04-20;1.1980795;-5.5222907;-3.410286;752.5052;0.80616397;166.59042;100.0;0.4464899;347.62173;1284.9528;0.49266517;-0.27865452;0.0;1.0426491;1.0426491;0.0;0.08561835;2162.9395;6951.0186;-1213.6139;5695.7656;-198.30112;-143.11555
1980-04-21;4.8790793;-0.4313253;-0.75238544;753.2094;0.5765133;190.27577;100.0;0.44840276;354.9772;1264.4857;7.929283;-0.1853276;1.2355298;2.3025422;1.0670125;1.2667291;0.0;1941.9083;5771.155;-574.8753;6771.2773;-127.89555;-123.422226
1980-04-22;3.661204;0.52772015;-0.059523266;748.668;0.97572255;160.73898;100.0;0.4399208;361.0778;1219.8893;3.4192653;-0.20400807;5.14704;6.3482375;1.20119;15.505951;0.0;2353.1938;6260.715;-942.6703;6405.27;-140.61778;-138.31334
1980-04-23;2.012492;-0.52977496;-0.15537135;748.1447;1.010436;130.59596;100.0;0.42629638;365.4873;1167.9688;0.1348257;-0.25773978;4.344061;5.747467;1.4033914;13.24524;0.0030249357;2650.9246;6508.0884;-1218.6464;6053.4556;-181.8511;-183.19778
1980-04-24;2.4533691;-0.727061;-0.21185939;748.44434;1.1147249;115.42224;100.0;0.4130008;371.57095;1113.2812;0.06725192;-0.38889423;4.900515;6.2127857;1.3122708;13.715152;0.0021532178;3279.5571;7602.6885;-1270.887;6014.079;-280.76556;-244.12778
1980-04-25;2.2857666;0.3243103;-0.07178625;745.35223;0.9427667;121.09252;100.0;0.3965317;376.4935;1055.0537;6.3942966;-0.28652045;8.250296;10.54722;2.2969172;17.723284;0.64117086;2970.0005;6591.6426;-817.06805;6619.677;-204.27444;-207.87555
1980-04-26;-1.3853964;-1.9877014;-0.038856506;744.0075;1.1377165;223.23462;100.0;0.3869691;374.57455;1033.732;6.3975334;-0.5155876;4.390746;5.8710427;1.4803038;10.011487;3.8733034;2361.696;5674.8403;-728.69275;6581.563;-391.71613;-512.84
1980-04-27;-2.3912761;-3.9812927;-0.15522258;745.4572;0.9760525;203.26874;100.0;0.3825632;372.77344;1026.9775;6.3368454;-0.6687138;2.7748644;4.4854283;1.7105863;6.5384917;4.560284;2574.6167;6404.142;-1162.0864;5992.7065;-509.2311;-501.46445
1980-04-28;-1.0282797;-3.289378;-0.1940829;744.9322;1.1943034;110.272194;100.0;0.37960514;374.15268;1015.86914;0.93767345;-0.6822609;1.6198903;3.5232604;1.9033849;4.689798;0.07068366;2546.1746;6832.239;-988.7211;6240.9976;-516.88776;-401.2322
1980-04-29;0.36147055;-0.98320514;-0.03214137;741.6477;1.079758;64.86055;100.0;0.3849381;361.69595;1062.8662;36.111282;-0.19977055;7.60895;10.044784;2.4358182;5.5623837;18.795021;1074.0094;3538.6428;-272.77777;7042.1167;-147.27444;-134.10889
1980-04-30;0.61138916;0.35838827;-0.00027974448;746.35034;1.0127169;174.72304;100.0;0.3888104;346.86362;1121.8262;8.649052;-0.103426166;6.22952;9.475738;3.246218;8.753591;1.0566785;1148.711;4016.7573;-138.87805;7239.688;-71.34167;-206.92111
1980-05-01;0.36766562;-0.8380534;-0.03596751;749.0322;1.1403085;183.98389;100.0;0.3797854;350.46518;1085.1644;3.9030194;-0.35810655;4.7299714;7.8791676;3.1491816;9.835951;0.017799437;2151.815;6441.9404;-700.5622;6646.9966;-263.17667;-311.26
1980-05-02;2.2816162;-0.14859009;-0.044848125;749.7912;0.96658397;157.70927;100.0;0.368392;354.5941;1040.568;7.5142174;-0.32670796;7.388368;10.922074;3.5337062;12.50875;0.009354204;2512.0483;6729.741;-889.1311;6472.512;-235.22112;-246.27667
1980-05-03;2.922414;0.6178182;-0.03208415;747.2862;0.7340358;250.31274;100.0;0.35755733;358.31055;999.06415;11.898056;-0.10647066;9.407461;15.747338;6.339885;11.114038;0.0;1517.5706;3737.5488;-488.0497;6853.323;-73.415;-74.433334
1980-05-04;2.830017;-0.94663495;-0.0950292;747.71686;1.0249076;173.5732;100.0;0.3424231;361.68945;948.40497;0.13399124;-0.35907143;6.781295;12.477636;5.6963415;19.097063;0.0;3122.4067;7251.5176;-1280.0392;6055.133;-257.63443;-198.76
1980-05-05;1.735433;-1.1733704;-0.21104304;748.78436;1.0839864;102.3688;100.0;0.32714573;367.6442;891.27606;1.1038423;-0.26565045;5.5131617;12.009203;6.496064;13.688445;0.0;3041.2617;6765.0713;-1321.2333;5964.398;-188.02667;-184.91333
1980-05-06;2.3858032;-0.83573407;-0.20970154;749.67163;1.1291826;177.9464;100.0;0.3112389;374.47852;832.7637;0.6001234;-0.4421491;6.8753214;13.749182;6.873846;17.507076;0.0010933727;3626.4343;7797.7188;-1370.8744;5953.187;-321.08334;-269.28888
1980-05-07;3.8145955;0.12023926;-0.15738042;749.0669;1.2226529;136.78914;100.0;0.2922763;380.19498;770.5892;0.49727562;-0.32540038;7.795207;15.791252;7.9960375;19.334354;0.00020861626;3251.215;6813.121;-1109.1833;6281.6523;-232.13222;-161.83444
1980-05-08;3.5506897;0.91933185;-0.11816915;747.342;0.8545731;110.86624;100.0;0.27879003;386.21518;722.9411;14.873672;-0.06481819;9.966001;18.7971;8.831091;11.516061;0.0;1750.8212;3595.3367;-343.50418;7042.1406;-42.61111;-63.86111
1980-05-09;2.246938;1.2634277;-0.018974304;745.48224;0.933989;159.25491;100.0;0.26334012;388.68164;678.4261;10.588467;-0.06841309;11.447489;24.23957;12.7920885;16.940538;0.00628829;2015.86;4075.861;-401.33667;7026.6123;-43.853333;-135.16333
1980-05-10;2.8941243;0.5488383;-0.108289085;748.71344;1.0833362;161.13997;100.0;0.24372952;391.5687;623.90137;2.3396344;-0.3664866;9.024329;22.972137;13.947807;21.838032;0.00031292439;3357.01;6713.069;-1014.1506;6399.8135;-265.87222;-222.78667
1980-05-11;3.997528;0.687856;-0.16695659;749.8052;1.2106135;164.87053;100.0;0.2222302;396.19824;562.5407;1.1377513;-0.35947;8.822799;23.230568;14.407776;21.442167;0.0014491379;3336.0579;6610.226;-979.1525;6450.0522;-259.36557;-155.02777
1980-05-12;5.5028176;0.3761902;-0.20333989;750.0047;1.1620525;146.43333;100.0;0.19919603;401.66504;497.72134;0.0026226044;-0.35316312;9.7327385;24.376034;14.64329;24.198004;0.0013187528;3669.1873;7217.6323;-1055.1547;6399.559;-250.14444;-146.95222
1980-05-13;7.1967063;2.1240337;-0.13864262;747.1697;1.521635;121.862785;100.0;0.17400141;407.98013;428.8737;11.756414;-0.37329644;16.536354;30.587614;14.051258;26.257019;0.0;3701.463;7240.7334;-811.7147;6758.798;-265.02222;-13.637777
1980-05-14;4.542053;0.44119263;-0.14715831;746.6215;1.3212439;197.67432;99.920006;0.15258257;412.2041;372.02963;2.5071144;-0.3479421;8.534163;22.952795;14.418661;18.607258;0.0;2648.4055;5157.3887;-869.0528;6505.6597;-256.31223;-51.657776
1980-05-15;3.5117695;1.1310629;-0.39943695;752.7752;1.0580121;137.5518;98.33268;0.13415861;418.83658;321.8994;4.263955;-0.2228152;8.992493;23.990913;14.998421;18.357262;0.0;3018.4895;5811.31;-1159.4714;6170.7856;-156.56334;-144.60889
1980-05-16;7.258433;-0.34136963;-0.50571316;755.7517;1.2977237;48.41979;96.18506;0.11245426;428.13443;264.3229;0.0025765283;-0.48930943;10.051712;24.610266;14.558538;24.34766;0.0;4254.628;8077.4824;-1507.2828;5943.1123;-345.66333;-109.29889
1980-05-17;9.381348;0.37076822;-0.44692612;751.507;0.84360456;72.767494;94.802734;0.0868152;437.19662;199.7884;0.24932663;-0.45597553;10.951892;24.929882;13.977997;25.983456;0.0;4121.4434;7746.5977;-1262.7472;6242.9683;-316.31888;-121.73111
1980-05-18;9.328715;3.9105122;-0.47611237;750.00397;0.99845964;163.32555;90.66593;0.06137522;445.79102;138.5905;3.0005882;-0.3792662;12.044117;26.266634;14.222487;24.461468;0.0;3718.3027;6868.4033;-1122.4362;6426.0967;-256.5778;-109.72667
1980-05-19;9.069061;-1.1048279;-1.04746;752.1633;1.4032925;187.55489;75.72705;0.03746879;447.38574;84.55404;0.020563602;-1.0246913;10.085911;25.01288;14.92694;23.485296;0.0;4665.8887;8235.885;-1669.2222;5909.52;-726.4644;-123.952225
1980-05-20;9.7977295;-0.4478251;-0.9734904;754.0003;1.3874446;151.60176;43.08537;0.018726468;447.39062;42.3584;0.050097704;-1.9253827;4.8923345;21.346554;16.454227;15.192456;0.0;5384.529;8076.656;-1725.6622;6170.6743;-1343.8223;-329.78778
1980-05-21;11.791799;1.0235392;-0.45775858;753.63385;1.2350596;130.333;18.452963;0.007967234;447.39062;17.862955;0.022500753;-2.751952;2.4124532;15.966743;13.55429;7.816177;0.0;5821.3066;7863.2217;-1842.9142;6452.1787;-1912.4878;-445.4989
1980-05-22;9.783345;3.517863;-0.02434667;750.92505;1.1867639;205.63472;7.827311;0.0034090679;447.39062;7.5683594;2.1803975;-1.9196206;1.1650026;12.542129;11.377111;2.6116967;0.0;3909.9604;5048.695;-1372.7589;6828.73;-1333.5011;-557.8467
1980-05-23;8.086731;1.0292053;-0.5417023;749.0625;1.3584119;184.71458;3.476237;0.0015033484;447.39062;3.5807292;6.1657906;-3.054144;2.1909177;12.021959;9.831056;1.4387332;0.0;5647.174;7169.8687;-2010.6509;6244.529;-2122.1045;-1086.1045
1980-05-24;6.70756;-1.9920349;-1.0086454;750.2746;1.3160026;99.948494;1.4220377;0.00061523914;447.39062;1.6682943;0.011849403;-3.3897514;0.14221668;8.829474;8.687273;0.5762391;0.0;6594.808;8303.687;-2575.115;5629.778;-2355.15;-1128.7012
1980-05-25;9.084503;-0.6804301;-0.6618805;752.8754;1.2244657;82.143715;0.5572917;0.00024028619;447.39062;0.48828125;0.0004468174;-3.6361272;0.054508448;7.829249;7.774733;0.24620444;0.0;6637.525;8320.709;-2533.5483;5835.899;-2525.9634;-988.0489
1980-05-26;11.050618;0.1529541;-0.3127912;754.1782;1.2141508;200.77003;0.19669597;8.455912e-05;447.39062;-7.345365e-21;0.0021509978;-3.898455;0.020250678;7.0419607;7.0217104;0.097770244;0.0;6730.221;8416.18;-2510.5588;6072.539;-2708.139;-871.63776
1980-05-27;10.925557;-2.1227722;-0.13587444;753.3188;1.1786196;153.64961;0.063964844;2.7656555e-05;447.39062;-7.345365e-21;0.0030624443;-3.9300258;0.006377697;6.3966513;6.3902736;0.031605363;0.0;6557.183;8186.9146;-2584.9238;5976.181;-2730.0645;-847.1689
1980-05-28;9.990153;-3.0106914;-0.3846105;751.1618;1.4422067;119.130775;0.021728516;9.497006e-06;437.16763;-7.345365e-21;0.06284118;-3.9091296;0.00962615;5.86462;5.855009;0.010479242;0.0;6663.3296;8309.234;-2503.6316;5989.4355;-2715.5479;-1069.0411
1980-05-29;10.12502;0.3671163;-0.20275497;751.31586;1.1556226;95.990234;0.0075683594;3.2981236e-06;427.3317;-7.345365e-21;0.7133919;-3.496632;0.09275973;5.489841;5.3970737;0.0037066638;0.0;6262.957;7801.2256;-2272.345;6337.445;-2428.9944;-1088.9355
1980-05-30;10.552327;1.0207418;-0.036907196;752.01074;1.1742343;98.723946;0.002766927;1.2715658e-06;426.6836;-7.345365e-21;0.049612828;-3.59933;0.005558133;5.0066414;5.001083;0.0012591481;0.0;6116.414;7610.3843;-2159.9692;6544.4844;-2500.3345;-965.8778
1980-05-31;11.281342;2.932027;0.009819031;753.545;1.1946696;38.990482;0.0007324219;3.1789145e-07;426.64062;-7.345365e-21;0.82877874;-3.6692863;0.09635091;4.7509375;4.654601;0.0004172325;0.0;6292.86;7821.683;-2276.745;6522.2812;-2548.9307;-1003.94
1980-06-01;13.318471;0.87443036;-0.19838841;753.7365;1.0682074;75.82001;0.0;-7.3453654e-25;411.12143;-7.345365e-21;0.0008523463;-3.992091;0.00010430813;4.349023;4.348919;0.00012665987;0.0;6656.8906;8265.448;-2481.3967;6418.35;-2773.1733;-866.6544
1980-06-02;14.669728;0.93652344;-1.4056383;754.6574;1.2108392;145.05763;0.0;-7.3453654e-25;188.80824;-7.345365e-21;0.44396818;-3.7632174;0.043436885;4.1208267;4.077375;3.3527613e-05;0.0;6149.2856;7627.073;-2344.7017;6664.921;-2614.1821;-723.6567
1980-06-03;15.230031;-1.664917;-0.9106229;753.6331;1.1597916;173.14801;0.0;-7.3453654e-25;104.82485;-7.345365e-21;0.00085234636;-4.0565825;8.940697e-05;3.8347542;3.8346796;7.4505806e-06;0.0;6751.635;8365.4375;-2642.601;6375.6294;-2817.9727;-811.85443
1980-06-04;13.739339;-1.2622579;0.009637197;751.17365;1.4721524;228.8218;0.0;-7.3453654e-25;99.99998;-7.345365e-21;0.0;-3.701184;0.0;3.6162286;3.6162212;0.0;0.0;6868.9556;8501.874;-2742.604;6159.649;-2571.09;-1260.16
1980-06-05;12.01413;-1.8790588;0.010022481;750.55225;1.7604793;176.32256;0.0;-7.3453654e-25;99.99998;-7.345365e-21;0.27873063;-3.1881669;0.024050474;3.443584;3.4195333;0.0;0.0;6344.794;7844.811;-2399.9282;6354.5244;-2214.7134;-1463.4388
1980-06-06;12.409587;-1.1097311;0.010025024;750.39355;1.4719144;225.99603;0.0;-7.3453654e-25;99.99998;-7.345365e-21;0.68795085;-3.1258483;0.058844686;3.3002198;3.24139;0.0;0.0;6630.8457;8189.919;-2526.1345;6306.94;-2171.422;-1564.0089
1980-06-07;12.228078;-2.69635;0.009933472;749.3753;1.2586371;213.89545;0.0;-7.3453654e-25;99.99998;-7.345365e-21;0.0008583069;-3.280201;6.7055225e-05;3.0785055;3.078431;0.0;0.0;6968.1216;8597.452;-2906.1094;5942.261;-2278.6467;-1553.0555
1980-06-08;11.294393;-3.0439656;0.010367076;749.6358;1.3167593;181.08673;0.0;-7.3453654e-25;99.99998;-7.345365e-21;0.0;-3.089618;0.0;2.9287636;2.9287786;0.0;0.0;7020.251;8652.69;-3006.9;5792.439;-2146.2544;-1549.6755
1980-06-09;12.05719;-3.6691387;0.010187785;751.56537;1.2246486;188.4923;0.0;-7.3453654e-25;99.99998;-7.345365e-21;0.0;-2.991883;0.0;2.7911663;2.7911663;0.0;0.0;7056.652;8688.457;-3069.2234;5802.952;-2078.361;-1545.31
1980-06-10;11.949382;-0.75319415;0.010083516;752.86035;1.3327042;107.2275;0.0;-7.3453654e-25;99.99998;-7.345365e-21;0.0004351138;-2.780605;2.9802322e-05;2.6642382;2.6642232;0.0;0.0;6844.6216;8418.545;-2787.2043;6220.3955;-1931.5934;-1666.3966
1980-06-11;12.952423;-0.014851888;0.01003011;753.3716;1.3813792;51.147045;0.0;-7.3453654e-25;99.99998;-7.345365e-21;0.00044107434;-2.7434695;2.9802322e-05;2.5467277;2.5466828;0.0;0.0;6897.5254;8474.78;-2872.9917;6280.245;-1905.7966;-1644.8789
1980-06-12;14.819835;1.2354635;0.009970347;751.4378;1.2118889;81.62055;0.0;-7.3453654e-25;99.99998;-7.345365e-21;0.06673932;-2.6397686;0.004798174;2.442211;2.4374127;0.0;0.0;6682.8496;8202.417;-2741.6477;6627.211;-1833.76;-1535.7622
1980-06-13;15.426045;0.9680379;0.009901683;750.4368;1.2877611;110.6067;0.0;-7.3453654e-25;99.99998;-7.345365e-21;0.40184855;-2.497309;0.027999282;2.3638458;2.3358464;0.0;0.0;6621.6816;8118.812;-2758.179;6737.988;-1734.7972;-1598.6788
1980-06-14;15.208873;0.41688028;0.009863536;750.0459;1.2771436;119.19974;0.0;-7.3453654e-25;99.99998;-7.345365e-21;0.03323419;-2.3848712;0.0019818544;2.2432208;2.2412314;0.0;0.0;6668.9023;8168.211;-2856.0017;6588.8076;-1656.69;-1746.0522
1980-06-15;14.919057;-2.3658447;0.009868622;748.5364;1.532185;149.22493;0.0;-7.3453654e-25;99.99998;-7.345365e-21;0.015351175;-2.1334496;0.00093877316;2.1537542;2.152808;0.0;0.0;6566.4316;8034.3555;-2717.054;6698.069;-1482.0366;-1878.6788
1980-06-16;10.328583;2.5379333;0.010403951;744.96564;1.1470596;79.40097;0.0;-7.3453654e-25;99.99998;-7.345365e-21;4.96099;-2.0287335;0.39203465;2.4640262;2.0719914;0.0;0.0;4373.1313;5349.8545;-1840.2778;7015.4033;-1409.2944;-1289.1111
1980-06-17;10.153107;1.9052938;0.010176341;745.55225;1.2262785;100.45224;0.0;-7.3453654e-25;99.99998;-7.345365e-21;1.081878;-2.3645358;0.072181225;2.0688772;1.996696;0.0;0.0;5604.343;6855.22;-2128.1394;6801.171;-1642.5645;-1649.5756
1980-06-18;11.648213;0.22384644;0.01003774;747.8077;1.4422921;139.53104;0.0;-7.3453654e-25;99.99998;-7.345365e-21;0.30091703;-2.561041;0.01975894;1.9450337;1.9252672;0.0;0.0;6212.9775;7598.8936;-2336.5723;6658.0776;-1779.07;-1829.8911
1980-06-19;13.439301;-2.8654785;0.010120392;748.28253;1.4640495;166.43893;0.0;-7.3453654e-25;99.99998;-7.345365e-21;0.0008583069;-2.588342;5.9604645e-05;1.8572956;1.857236;0.0;0.0;6813.6167;8332.502;-2776.1672;6370.682;-1798.0344;-1864.8145
1980-06-20;13.257823;-2.5942383;0.010292053;749.19867;1.4553748;182.37622;0.0;-7.3453654e-25;99.99998;-7.345365e-21;0.0008523463;-2.2694395;5.9604645e-05;1.7929077;1.7928555;0.0;0.0;6982.9556;8538.502;-2945.5283;6228.489;-1576.5044;-2138.4368
1980-06-21;12.60204;-0.26767984;0.009860992;749.4859;1.6088815;230.51149;0.0;-7.3453654e-25;99.99998;-7.345365e-21;1.6313493;-1.8937588;0.11575222;1.8483102;1.732558;0.0;0.0;6363.5215;7780.0845;-2657.9817;6418.6523;-1315.5311;-2144.3567
1980-06-22;13.459096;-0.41138712;0.010068257;750.021;1.1528729;85.92948;0.0;-7.3453654e-25;99.99998;-7.345365e-21;0.0021461847;-2.3566437;0.00013411045;1.6756803;1.6755462;0.0;0.0;6462.169;7899.5366;-2702.463;6629.428;-1637.0823;-1663.45
1980-06-23;14.317424;2.544637;0.009812673;752.41675;1.8184919;41.86025;0.0;-7.3453654e-25;99.99998;-7.345365e-21;0.00085532654;-2.054397;5.9604645e-05;1.6210675;1.6210153;0.0;0.0;6844.86;8366.384;-2900.0317;6542.926;-1427.1211;-2062.47
1980-06-24;14.793132;1.7408854;0.01024882;752.3887;1.9855585;42.243073;0.0;-7.3453654e-25;99.99998;-7.345365e-21;0.0;-1.8570162;0.0;1.5691966;1.5691966;0.0;0.0;6930.918;8470.479;-3074.3105;6437.372;-1290.0078;-2126.0056
1980-06-25;15.610657;2.8886108;0.009816487;750.57465;1.7278384;45.08135;0.0;-7.3453654e-25;99.99998;-7.345365e-21;0.005930662;-1.6944726;0.00032782555;1.5202612;1.5199258;0.0;0.0;6661.8496;8140.579;-2924.0989;6744.188;-1177.0934;-2053.5945
1980-06-26;15.430226;5.708313;0.010052999;749.5057;1.4308943;88.85022;0.0;-7.3453654e-25;99.99998;-7.345365e-21;3.9927661;-1.66481;0.3091246;1.7823577;1.4732033;0.0;0.0;6078.21;7426.5513;-2532.0088;7199.0522;-1156.4878;-1927.2877
1980-06-27;15.357646;6.466624;0.009914398;749.88495;1.5112973;41.733383;0.0;-7.3453654e-25;99.99998;-7.345365e-21;0.3787458;-2.456325;0.022739172;1.451999;1.4292672;0.0;0.0;5933.6035;7248.829;-2329.8955;7190.7065;-1706.3278;-1621.6067
1980-06-28;16.988342;3.8917744;0.0097796125;750.5184;1.1391045;74.50276;0.0;-7.3453654e-25;99.99998;-7.345365e-21;0.029075146;-2.5656688;0.0018030405;1.3889521;1.3871342;0.0;0.0;6597.806;8059.241;-2731.4866;7004.9824;-1782.2855;-1630.2567
1980-06-29;18.493723;1.0107626;0.010017395;750.73566;0.99799347;92.848114;0.0;-7.3453654e-25;99.99998;-7.345365e-21;0.0015795231;-2.3491402;8.940697e-05;1.346603;1.3465136;0.0;0.0;6670.902;8147.453;-2904.0195;7078.6357;-1631.8689;-1567.57
1980-06-30;18.51185;0.007181803;0.009740193;750.22174;1.3972093;111.99579;0.0;-7.3453654e-25;99.99998;-7.345365e-21;0.00043511385;-1.8769652;2.9802322e-05;1.3076961;1.3076663;0.0;0.0;6743.257;8234.702;-3062.5945;6943.5244;-1303.8656;-1866.1823
1980-07-01;17.678955;1.8740946;0.009661357;749.5965;1.4255153;94.816315;0.0;-7.3453654e-25;99.99998;-7.345365e-21;0.0020742416;-1.5174365;0.00010430813;1.2707114;1.270622;0.0;0.0;6444.6963;7869.14;-3005.55;6936.8623;-1054.1122;-2011.3245
1980-07-02;17.315643;-2.3139446;0.009924571;748.563;1.4556317;153.3047;0.0;-7.3453654e-25;99.99998;-7.345365e-21;0.0021360966;-1.4889445;0.00011920929;1.2352914;1.2351573;0.0;0.0;7056.164;8614.55;-3369.1838;6526.688;-1034.32;-2283.9644
1980-07-03;17.30018;-4.028788;0.010153453;748.68524;1.3813186;121.39151;0.0;-7.3453654e-25;99.99998;-7.345365e-21;0.0008583069;-1.4320538;5.9604645e-05;1.2012124;1.2011677;0.0;0.0;7035.5166;8588.295;-3369.729;6548.049;-994.8;-2244.9368
1980-07-04;18.158762;0.33423868;0.009854634;750.1806;1.2542148;85.602196;0.0;-7.3453654e-25;99.99998;-7.345365e-21;0.0008583069;-1.4045517;4.4703484e-05;1.1685789;1.1685417;0.0;0.0;6877.662;8394.518;-3226.4595;6839.3296;-975.69556;-2177.1655
1980-07-05;18.985647;-1.8349915;0.009911855;750.34937;1.3045243;177.34705;0.0;-7.3453654e-25;99.99998;-7.345365e-21;0.00042709592;-1.3873782;2.2351742e-05;1.1372715;1.1372417;0.0;0.0;7049.3887;8603.019;-3467.544;6621.3257;-963.76556;-2208.2944
1980-07-06;19.380503;-3.7420654;0.009732564;749.7947;1.2423841;139.7952;0.0;-7.3453654e-25;99.99998;-7.345365e-21;0.0;-1.3567302;0.0;1.1072904;1.1072829;0.0;0.0;7126.883;8696.494;-3629.094;6457.2583;-942.4756;-2129.2422
1980-07-07;19.51583;-1.0956014;0.010019938;750.11835;1.3503032;99.63888;0.0;-7.3453654e-25;99.99998;-7.345365e-21;0.0012846021;-1.3167831;7.4505806e-05;1.0785908;1.0785162;0.0;0.0;6878.8857;8392.68;-3298.3584;6884.3457;-914.7256;-2137.8645
1980-07-08;19.684805;4.034912;0.009976705;749.39813;1.4290681;123.5572;0.0;-7.3453654e-25;99.99998;-7.345365e-21;0.0004351138;-1.2035631;2.9802322e-05;1.0509491;1.0509044;0.0;0.0;6377.564;7780.08;-2973.8381;7263.223;-836.07556;-2121.79
1980-07-09;19.582407;2.3555908;0.0100746155;748.767;1.4610952;98.7926;0.0;-7.3453654e-25;99.99998;-7.345365e-21;0.018786924;-1.0331478;0.0009983778;1.0256767;1.0246783;0.0;0.0;5533.6035;6749.568;-2633.1873;7504.336;-717.69336;-1770.5834
1980-07-10;17.86257;6.196218;0.0096537275;750.92804;2.0469425;54.281635;0.0;-7.3453654e-25;100.00259;-7.345365e-21;0.88621974;-1.1740495;0.050768256;1.0504723;0.99968165;0.0;0.0;6107.7305;7448.9746;-2658.4133;7355.66;-815.5733;-2351.5122
1980-07-11;18.244425;5.222921;0.009916942;753.1255;1.7173635;60.824207;0.0;-7.3453654e-25;99.99998;-7.345365e-21;0.72576404;-1.4234185;0.039815903;1.0154992;0.97566843;0.0;0.0;5872.1274;7160.758;-2641.1636;7337.0713;-988.8011;-1964.8966
1980-07-12;18.588938;5.626841;0.010214488;752.7753;1.5702904;60.463116;0.0;-7.3453654e-25;100.00259;-7.345365e-21;2.7873478;-1.6858112;0.18790364;1.1404306;0.9525344;0.0;0.0;6029.695;7351.8433;-2679.955;7339.941;-1171.0756;-1875.0433
1980-07-13;19.6238;4.086731;0.009900411;752.28156;1.2808567;44.83107;0.0;-7.3453654e-25;99.99998;-7.345365e-21;0.009071827;-2.3053029;0.000461936;0.9306967;0.930205;0.0;0.0;6177.549;7531.2534;-2678.0542;7374.585;-1601.4166;-1525.6967
1980-07-14;20.35907;1.6373901;0.009676616;752.47534;1.4946814;46.987232;0.0;-7.3453654e-25;100.00519;-7.345365e-21;0.0012844794;-1.9141268;6.7055225e-05;0.908494;0.9084195;0.0;0.0;6603.713;8049.8687;-2983.1116;7243.4673;-1329.6788;-1836.2333
1980-07-15;21.12909;4.068319;0.009991963;752.4058;1.0370551;78.52249;0.0;-7.3453654e-25;99.99998;-7.345365e-21;0.0037640329;-1.3651457;0.0001937151;0.88760257;0.88739395;0.0;0.0;5796.6055;7065.0796;-2561.1628;7860.561;-948.3211;-1697.7256
1980-07-16;21.49;-0.3922628;0.010527293;752.1843;1.4575349;102.48408;0.0;-7.3453654e-25;99.99998;-7.345365e-21;0.00043511385;-1.161891;2.9802322e-05;0.8672476;0.8672327;0.0;0.0;5857.9126;7138.0635;-2866.4993;7534.5996;-807.12665;-1792.3689
1980-07-17;21.183329;-0.3687744;0.009900411;753.3592;1.4628595;102.22379;0.0;-7.3453654e-25;99.99998;-7.345365e-21;0.0029991115;-1.1355858;0.00014901161;0.847891;0.8477196;0.0;0.0;6324.9043;7705.421;-3162.4963;7216.9434;-788.85333;-2019.8389
1980-07-18;20.668009;0.6266276;0.010101318;753.261;1.4041518;101.82422;0.0;-7.3453654e-25;99.99998;-7.345365e-21;0.0004231929;-1.1270288;2.9802322e-05;0.8287728;0.8287579;0.0;0.0;6682.1016;8138.8027;-3302.1323;7067.753;-782.91;-2226.369
1980-07-19;20.567566;-1.8444926;0.009999593;751.45294;1.2901986;145.42041;0.0;-7.3453654e-25;99.99998;-7.345365e-21;0.00085234636;-1.098223;5.9604645e-05;0.81044436;0.81038475;0.0;0.0;6728.2227;8193.101;-3346.61;7000.708;-762.89886;-2237.6655
1980-07-20;20.675476;-5.7883096;0.009737651;751.99347;1.4608663;182.8329;0.0;-7.3453654e-25;99.99998;-7.345365e-21;0.0;-1.0694935;0.0;0.79265237;0.79265237;0.0;0.0;6874.42;8369.259;-3473.1777;6832.0576;-742.9422;-2343.1123
1980-07-21;20.963827;-4.044149;0.010285695;752.6636;1.3220826;130.57674;0.0;-7.3453654e-25;99.99998;-7.345365e-21;0.0017195934;-1.0796059;8.195639e-05;0.77557564;0.77548623;0.0;0.0;6687.5923;8140.0728;-3354.0361;7103.282;-749.9667;-2091.061
1980-07-22;20.377615;2.5430298;0.010042827;751.34406;1.3607155;74.00117;0.0;-7.3453654e-25;99.99998;-7.345365e-21;0.019413926;-0.9311689;0.0008791685;0.7598549;0.7589683;0.0;0.0;5884.297;7160.676;-2920.3064;7451.218;-646.85223;-1956.19
1980-07-23;20.094543;4.433075;0.010210673;750.8482;1.3377155;77.970665;0.0;-7.3453654e-25;99.99998;-7.345365e-21;0.019184364;-0.9159083;0.000834465;0.74389577;0.7430613;0.0;0.0;5832.8584;7096.5376;-2846.3723;7503.6475;-636.2511;-2035.1156
1980-07-24;20.553202;3.3818867;0.009819031;751.0408;1.3844948;101.08853;0.0;-7.3453654e-25;99.99998;-7.345365e-21;0.050761044;-0.9586457;0.0025629997;0.7301867;0.7276386;0.0;0.0;5955.6646;7244.283;-2821.3345;7580.6523;-665.9389;-2073.449
1980-07-25;19.826925;3.957723;0.0100746155;751.17303;1.3458276;111.335304;0.0;-7.3453654e-25;99.99998;-7.345365e-21;0.04082918;-0.9022318;0.0020116568;0.714764;0.71273744;0.0;0.0;5870.6196;7139.2773;-2789.9055;7536.3213;-626.7511;-2150.5532
1980-07-26;20.40329;3.7913208;0.009885152;751.0928;1.2878703;98.78891;0.0;-7.3453654e-25;99.99998;-7.345365e-21;0.010778171;-0.8415319;0.0005364418;0.69886446;0.6983429;0.0;0.0;5463.757;6642.9985;-2546.3323;7836.6045;-584.5845;-1937.4323
1980-07-27;20.876495;1.4983724;0.009663899;750.059;1.4042659;116.87942;0.0;-7.3453654e-25;99.99998;-7.345365e-21;0.00011920929;-0.9139264;0.0;0.68438053;0.6843582;0.0;0.0;6129.419;7450.618;-3062.7544;7337.2324;-634.87335;-2156.2666
1980-07-28;19.772928;-2.6997883;0.0099817915;748.69525;1.4354705;180.04584;0.0;-7.3453654e-25;99.99998;-7.345365e-21;0.00085119973;-0.92725825;4.4703484e-05;0.67074597;0.67071617;0.0;0.0;6772.1216;8229.984;-3533.1506;6715.4277;-644.13666;-2424.6467
1980-07-29;19.087973;-3.367625;0.010229747;748.8582;1.2799182;172.00737;0.0;-7.3453654e-25;99.99998;-7.345365e-21;0.0;-0.92250293;0.0;0.65743923;0.65743923;0.0;0.0;6853.005;8326.493;-3598.1016;6573.247;-640.8311;-2366.439
1980-07-30;18.597971;-3.8966777;0.009896596;749.2762;1.3649106;222.67131;0.0;-7.3453654e-25;99.99998;-7.345365e-21;0.0017046923;-0.8671805;8.940697e-05;0.64468384;0.64459443;0.0;0.0;6882.8066;8360.8545;-3597.1104;6466.418;-602.4011;-2446.0334
1980-07-31;17.740702;-2.1105957;0.009479523;748.2364;1.3008738;133.87834;0.0;-7.3453654e-25;99.99998;-7.345365e-21;0.0;-0.854671;0.0;0.63212216;0.63212216;0.0;0.0;6662.144;8090.8984;-3367.899;6680.007;-593.7122;-2478.03
1980-08-01;17.009695;0.008097331;0.01008606;748.5808;1.3674617;117.11001;0.0;-7.3453654e-25;99.99998;-7.345365e-21;0.0014990568;-0.8087335;5.9604645e-05;0.620082;0.6200075;0.0;0.0;6359.6377;7721.7476;-3074.1748;6943.6924;-561.8;-2470.9512
1980-08-02;16.931662;3.487671;0.009798686;749.9003;1.3670897;128.63411;0.0;-7.3453654e-25;99.99998;-7.345365e-21;0.075387955;-0.7027853;0.0031590462;0.61158836;0.6084293;0.0;0.0;5478.4395;6650.3877;-2756.5823;7112.578;-488.2011;-2119.1255
1980-08-03;17.55365;1.5238851;0.009979248;750.4214;1.2483345;104.5523;0.0;-7.3453654e-25;99.99998;-7.345365e-21;0.0;-0.8385461;0.0;0.59713423;0.59713423;0.0;0.0;6391.8525;7757.463;-3103.2334;6984.177;-582.5111;-2368.8132
1980-08-04;18.742828;1.9690247;0.010084788;750.7278;1.3995506;116.62594;0.0;-7.3453654e-25;99.99998;-7.345365e-21;0.0021631022;-0.82814324;0.00010430813;0.5861223;0.58601797;0.0;0.0;6514.274;7904.3203;-3232.0747;6900.858;-575.2833;-2430.8955
1980-08-05;18.006907;-2.899648;0.009946187;750.614;1.4538463;150.8034;0.0;-7.3453654e-25;99.99998;-7.345365e-21;0.0004351138;-0.8110404;2.9802322e-05;0.5752593;0.5752444;0.0;0.0;6738.444;8174.5156;-3481.0244;6533.1177;-563.4022;-2515.6667
1980-08-06;16.803314;-1.1413778;0.010311127;750.14233;1.389185;107.33488;0.0;-7.3453654e-25;99.99998;-7.345365e-21;0.0037968156;-0.7695127;0.0001937151;0.5649775;0.5647987;0.0;0.0;6416.2246;7781.739;-3138.6262;6845.2705;-534.55444;-2457.5188
1980-08-07;16.797699;3.0194805;0.009918213;749.322;1.4675732;55.76888;0.0;-7.3453654e-25;99.99998;-7.345365e-21;0.0017206548;-0.7455442;8.940697e-05;0.55477023;0.5546659;0.0;0.0;6284.633;7620.6523;-3038.4836;6972.7144;-517.9033;-2486.2412
1980-08-08;17.740417;1.401591;0.009858449;748.43146;1.2467664;82.606834;0.0;-7.3453654e-25;99.99998;-7.345365e-21;0.0036597252;-0.7174965;0.0001937151;0.54501;0.54483116;0.0;0.0;5715.7144;6929.251;-2815.1304;7252.7524;-498.4211;-2110.7866
1980-08-09;16.451712;3.5255535;0.010033925;749.46533;1.4210534;53.395187;0.0;-7.3453654e-25;99.99998;-7.345365e-21;0.6634291;-0.77268666;0.03246218;0.56786835;0.5354136;0.0;0.0;5311.798;6438.2383;-2579.8223;7300.8135;-536.76;-2046.5544
1980-08-10;16.01826;3.2285564;0.00982666;749.1961;1.2614526;92.97378;0.0;-7.3453654e-25;99.99998;-7.345365e-21;0.31318352;-0.9209383;0.015370548;0.5416572;0.52630156;0.0;0.0;5397.125;6540.4614;-2569.428;7247.1665;-639.74554;-2083.06
1980-08-11;16.204752;2.44281;0.010295868;749.417;1.1673907;119.52416;0.0;-7.3453654e-25;99.99998;-7.345365e-21;0.15419722;-0.89096653;0.00756979;0.5249381;0.5173832;0.0;0.0;5423.273;6570.6665;-2671.0562;7169.9155;-618.92444;-1938.2478
1980-08-12;16.625244;2.553955;0.010242462;750.8758;1.1917257;117.03134;0.0;-7.3453654e-25;99.99998;-7.345365e-21;0.3029306;-0.88429546;0.014841557;0.5235523;0.5087182;0.0;0.0;5297.0737;6415.9995;-2558.1692;7323.19;-614.29114;-1919.5767
1980-08-13;17.107798;-0.6758321;0.0098559065;751.07904;1.440704;154.24805;0.0;-7.3453654e-25;99.99998;-7.345365e-21;0.036391616;-0.8499157;0.0015646219;0.5018562;0.50029904;0.0;0.0;5588.7295;6767.685;-2893.5684;6901.1865;-590.4078;-2067.8145
1980-08-14;16.477854;-2.720998;0.009983063;751.11237;1.4213017;124.022896;0.0;-7.3453654e-25;99.99998;-7.345365e-21;0.0012814989;-0.806924;5.9604645e-05;0.49203634;0.49199164;0.0;0.0;6459.6143;7820.561;-3273.4966;6539.956;-560.54333;-2388.3489
1980-08-15;17.375275;1.4950052;0.009768168;751.3818;1.2688094;101.37301;0.0;-7.3453654e-25;99.99998;-7.345365e-21;0.004464388;-0.7092729;0.00016391277;0.48404932;0.4838854;0.0;0.0;5664.896;6856.7104;-2848.1162;7103.2217;-492.7089;-2014.0011
1980-08-16;18.465677;3.0270996;0.010125478;751.05396;1.1552323;109.11963;0.0;-7.3453654e-25;99.99998;-7.345365e-21;0.005930662;-0.65821314;0.00020861626;0.4762113;0.4760176;0.0;0.0;5152.9727;6236.4126;-2702.9783;7318.25;-457.2389;-1710.2522
1980-08-17;19.502512;1.3363138;0.009896596;750.2024;1.138107;111.5472;0.0;-7.3453654e-25;99.99998;-7.345365e-21;0.0015997037;-0.7581655;7.4505806e-05;0.4683733;0.4682988;0.0;0.0;5874.8613;7109.3584;-2938.9827;7343.2773;-526.67334;-1993.3978
1980-08-18;19.368856;0.12583415;0.009969075;748.8459;1.4257704;179.80193;0.0;-7.3453654e-25;99.99998;-7.345365e-21;0.0017136326;-0.71682966;8.940697e-05;0.4608035;0.46072155;0.0;0.0;6052.029;7322.74;-3145.7673;7011.101;-497.95776;-2195.3555
1980-08-19;18.1586;-1.6542053;0.01010259;748.72974;1.6185137;237.65303;0.0;-7.3453654e-25;99.99998;-7.345365e-21;0.0012809287;-0.6854832;5.9604645e-05;0.45344234;0.45338273;0.0;0.0;6329.899;7658.218;-3291.9695;6683.868;-476.18222;-2390.912
1980-08-20;15.831116;0.56917316;0.010307312;749.40283;1.5464811;223.35664;0.0;-7.3453654e-25;99.99998;-7.345365e-21;0.0004351138;-0.60359573;2.9802322e-05;0.44625998;0.44625998;0.0;0.0;6145.0557;7433.6943;-3059.461;6668.4136;-419.2978;-2615.5022
1980-08-21;16.51005;1.5649414;0.010026296;751.2769;1.1759326;135.95229;0.0;-7.3453654e-25;99.99998;-7.345365e-21;0.0012904402;-0.65879154;5.9604645e-05;0.43934584;0.43927878;0.0;0.0;6027.285;7290.3877;-3074.6135;6822.573;-457.64;-2225.879
1980-08-22;17.206522;1.3616434;0.009888967;751.1827;1.1880293;171.2567;0.0;-7.3453654e-25;99.99998;-7.345365e-21;0.0012753835;-0.6788466;5.9604645e-05;0.4324913;0.43243915;0.0;0.0;6110.273;7389.7734;-3159.0818;6789.2593;-471.57224;-2277.12
1980-08-23;17.738525;-1.452891;0.009878795;751.1699;1.2546935;171.31624;0.0;-7.3453654e-25;99.99998;-7.345365e-21;0.0017195934;-0.67608804;8.940697e-05;0.42583048;0.42574108;0.0;0.0;6230.1323;7533.8335;-3386.1047;6545.437;-469.65555;-2193.629
1980-08-24;17.993204;1.1048075;0.009672801;751.2968;1.3865714;72.50815;0.0;-7.3453654e-25;99.99998;-7.345365e-21;0.00044107434;-0.65400827;2.9802322e-05;0.41922927;0.41922927;0.0;0.0;5876.671;7105.5254;-3003.909;6995.8022;-454.31888;-2073.0955
1980-08-25;19.056894;3.2901;0.009899139;751.4727;1.3682595;160.7794;0.0;-7.3453654e-25;99.99998;-7.345365e-21;0.0012918053;-0.6669276;5.9604645e-05;0.41291118;0.41285157;0.0;0.0;5863.59;7088.9297;-3056.0083;7035.099;-463.29224;-2127.6155
1980-08-26;18.457926;-1.0194906;0.010083516;751.1589;1.364339;100.84653;0.0;-7.3453654e-25;100.00259;-7.345365e-21;0.00043511385;-0.66392493;1.4901161e-05;0.4066378;0.40661544;0.0;0.0;5892.3306;7122.687;-3131.339;6905.668;-461.20776;-2054.41
1980-08-27;17.94992;2.3735554;0.009958903;751.42816;1.3884073;88.655426;0.0;-7.3453654e-25;100.00519;-7.345365e-21;0.0009718801;-0.6355401;4.4703484e-05;0.40058792;0.4005283;0.0;0.0;5806.183;7017.63;-3021.35;6997.1855;-441.4889;-2122.5134
1980-08-28;17.69816;1.8537191;0.010056813;750.2548;1.4020281;115.46812;0.0;-7.3453654e-25;99.99998;-7.345365e-21;0.017419457;-0.6234311;0.00059604645;0.3951937;0.39459765;0.0;0.0;5740.039;6936.9663;-2978.3706;6984.8945;-433.07666;-2146.9956
1980-08-29;16.047018;2.817505;0.009967804;751.49725;1.3694315;76.05512;0.0;-7.3453654e-25;99.99998;-7.345365e-21;0.10716343;-0.59588253;0.0048577785;0.39371848;0.3888458;0.0;0.0;5349.6367;6464.315;-2844.379;6993.0967;-413.94;-1976.6078
1980-08-30;16.211426;2.131256;0.01001358;753.7382;1.422424;78.91737;0.0;-7.3453654e-25;99.99998;-7.345365e-21;0.0084022125;-0.6355774;0.00032782555;0.3835559;0.38322806;0.0;0.0;5712.8223;6902.52;-3007.191;6787.6235;-441.51443;-2133.6633
1980-08-31;17.617807;-2.1972656;0.00995636;754.31836;1.3116055;138.10783;0.0;-7.3453654e-25;99.99998;-7.345365e-21;0.0008583069;-0.6297901;2.9802322e-05;0.37774444;0.37771463;0.0;0.0;5844.047;7060.1665;-3163.283;6679.421;-437.49445;-2063.0854
1980-09-01;17.680735;-6.562856;0.010075887;754.11786;1.4714087;112.63975;0.0;-7.3453654e-25;99.99998;-7.345365e-21;0.0;-0.5938765;0.0;0.37235022;0.37235022;0.0;0.0;5844.3203;7059.6206;-3298.6523;6452.1953;-412.54666;-2108.0034
1980-09-02;16.749949;-7.3171487;0.01003011;753.3601;1.2017255;120.620094;0.0;-7.3453654e-25;99.99998;-7.345365e-21;0.0017225739;-0.6160168;8.940697e-05;0.3671646;0.36709756;0.0;0.0;5926.2983;7157.876;-3443.3093;6299.717;-427.92557;-1844.211
1980-09-03;16.720652;-6.1512046;0.009853363;752.31525;1.2601852;145.51558;0.0;-7.3453654e-25;99.99998;-7.345365e-21;0.0012844794;-0.5844096;5.9604645e-05;0.3620088;0.3619492;0.0;0.0;5863.4146;7081.0596;-3399.4722;6296.218;-405.97;-1973.4066
1980-09-04;16.547434;-4.510193;0.0098724365;752.4282;1.1891823;166.4335;0.0;-7.3453654e-25;99.99998;-7.345365e-21;0.0008814116;-0.57343954;4.4703484e-05;0.35697222;0.3569275;0.0;0.0;5834.5444;7045.3657;-3443.9612;6188.11;-398.34888;-1909.6744
1980-09-05;16.315125;-4.1362;0.009827931;752.7281;1.2917777;142.8701;0.0;-7.3453654e-25;99.99998;-7.345365e-21;0.0;-0.5626362;0.0;0.35202503;0.35201013;0.0;0.0;5751.5723;6944.3315;-3258.4648;6369.9683;-390.84445;-1891.6056
1980-09-06;15.041524;0.37954712;0.009991963;750.5371;1.6835123;199.84904;0.0;-7.3453654e-25;99.99998;-7.345365e-21;0.00044107434;-0.44427997;1.4901161e-05;0.34728646;0.34728646;0.0;0.0;5149.9;6217.146;-2730.8042;6712.0156;-308.62668;-2180.7566
1980-09-07;13.365814;0.7350566;0.010115306;751.7168;1.0716764;117.61102;0.0;-7.3453654e-25;99.99998;-7.345365e-21;0.0004351138;-0.50292724;1.4901161e-05;0.3426671;0.3426671;0.0;0.0;5556.0273;6706.6562;-3061.3623;6349.011;-349.36777;-2060.58
1980-09-08;13.316895;2.4641724;0.009985606;753.9062;1.2611822;62.770435;0.0;-7.3453654e-25;99.99998;-7.345365e-21;0.004693866;-0.4313225;0.00017881393;0.33834577;0.3381446;0.0;0.0;4612.5283;5566.7593;-2413.9932;6973.1567;-299.62445;-1855.73
1980-09-09;13.362752;0.3921;0.0101916;753.1574;1.3209566;56.41448;0.0;-7.3453654e-25;99.99998;-7.345365e-21;0.00086426723;-0.4973067;4.4703484e-05;0.3337562;0.33371896;0.0;0.0;5421.945;6543.2314;-2983.4917;6417.6504;-345.46222;-2025.4711
1980-09-10;14.6762085;-2.1267803;0.009702046;752.5241;1.2345215;164.57057;0.0;-7.3453654e-25;99.99998;-7.345365e-21;0.00086784904;-0.51637554;2.9802322e-05;0.32937527;0.329338;0.0;0.0;5479.949;6612.4;-3171.0935;6252.21;-358.70776;-1894.78
1980-09-11;14.738078;-5.7171326;0.010084788;754.0461;1.260639;219.86086;0.0;-7.3453654e-25;99.99998;-7.345365e-21;0.0017136326;-0.4978329;8.940697e-05;0.32514334;0.32505393;0.0;0.0;5545.6934;6690.94;-3306.41;5997.208;-345.8278;-1867.8522
1980-09-12;14.313538;-4.243459;0.0099983215;754.43335;1.2596301;195.14069;0.0;-7.3453654e-25;99.99998;-7.345365e-21;0.0;-0.48798883;0.0;0.3208667;0.3208667;0.0;0.0;5452.953;6578.267;-3188.746;6103.9556;-338.99;-1873.1433
1980-09-13;14.057597;-4.7945557;0.010083516;750.88556;1.2574955;151.62679;0.0;-7.3453654e-25;99.99998;-7.345365e-21;0.0012778509;-0.48064625;5.9604645e-05;0.3168434;0.3167838;0.0;0.0;5422.039;6540.182;-3186.326;6082.1724;-333.88943;-1836.5011
1980-09-14;13.324727;-3.2960308;0.010033925;749.5095;1.2591895;115.29887;0.0;-7.3453654e-25;99.99998;-7.345365e-21;0.0;-0.46928412;0.0;0.31277537;0.31276792;0.0;0.0;5304.5767;6397.6846;-3007.487;6263.5864;-325.99667;-1895.3188
1980-09-15;12.738495;-2.8245342;0.010147095;749.59564;1.2479187;169.92897;0.0;-7.3453654e-25;99.99998;-7.345365e-21;0.0006645918;-0.45039505;1.4901161e-05;0.30888617;0.30885637;0.0;0.0;5180.59;6247.4146;-2991.6238;6206.702;-312.87555;-1885.8722
1980-09-16;11.989705;-1.9913737;0.010056813;750.79156;1.4190658;241.96669;0.0;-7.3453654e-25;99.99998;-7.345365e-21;0.0008523463;-0.42153522;4.4703484e-05;0.30508637;0.30504167;0.0;0.0;5196.866;6261.612;-2916.8477;6158.0254;-292.82666;-1997.5511
1980-09-17;11.19342;-0.13572185;0.00993983;751.08453;1.622871;213.7694;0.0;-7.3453654e-25;99.99998;-7.345365e-21;0.00042617318;-0.37883875;1.4901161e-05;0.301376;0.30134618;0.0;0.0;5005.915;6026.289;-2726.5542;6234.6987;-263.16666;-2093.8
1980-09-18;9.245158;-0.889211;0.010026296;749.3226;1.8566666;176.46404;0.0;-7.3453654e-25;99.99998;-7.345365e-21;0.1726836;-0.32338315;0.0076144934;0.3054142;0.2977997;0.0;0.0;4214.4824;5069.1978;-2309.7727;6313.1855;-224.64444;-1951.3125
1980-09-19;8.853923;-4.6021323;0.010023753;748.5864;1.2226881;159.38617;0.0;-7.3453654e-25;99.99998;-7.345365e-21;0.0008523463;-0.431329;4.4703484e-05;0.29434264;0.29430538;0.0;0.0;5102.2534;6131.48;-2924.5432;5810.4453;-299.63;-1983.8088
1980-09-20;7.1539307;-7.4421387;-0.071492516;746.5583;1.5144354;186.23375;0.0009765625;1.1920929e-07;100.01919;-7.345365e-21;3.8087165;-0.4564142;0.22810698;0.51894784;0.2908483;0.0;0.001180917;4971.1187;5968.789;-2617.403;5947.793;-317.055;-2147.4822
1980-09-21;3.7533062;-1.2834677;-0.69682693;747.41437;1.1122698;102.36959;0.008056641;9.536743e-07;102.47817;-7.345365e-21;5.071795;-1.1814759;0.29672682;0.58430433;0.28758496;0.00055134296;0.0;3695.185;4433.044;-1979.2325;6146.6885;-820.73114;-1323.2683
1980-09-22;5.843435;-3.9241333;-0.6138509;752.23334;1.1394839;39.952354;0.0034993489;3.5762787e-07;107.51691;-7.345365e-21;0.029358268;-1.5276409;0.001475215;0.28589368;0.28441846;0.00034458935;0.0;4391.421;5263.4746;-2171.9612;6067.1543;-1061.2023;-1430.0067
1980-09-23;9.24467;-2.4932556;-0.8401871;752.668;1.0815185;184.282;0.0010579427;-7.3453654e-25;109.367165;-7.345365e-21;0.0012969986;-1.4627026;7.4505806e-05;0.28127432;0.28120726;0.0001899898;0.0;5044.085;6040.6333;-2789.6484;5666.368;-1016.0911;-1268.0355
1980-09-24;9.338104;-4.4928994;-0.8635585;752.524;1.204348;186.44666;0.0;-7.3453654e-25;109.367165;-7.345365e-21;0.0017046923;-1.305962;8.940697e-05;0.27810037;0.27801096;7.8231096e-05;0.0;5071.3013;6067.9443;-2850.47;5576.384;-907.20886;-1353.2911
1980-09-25;10.364482;-3.8295085;-0.5730235;755.4841;1.0949336;121.06708;0.0;-7.3453654e-25;109.367165;-7.345365e-21;0.16773045;-1.2063589;0.007912517;0.28279424;0.27488172;3.5390258e-05;0.0;4610.0034;5511.1743;-2449.3308;6154.8955;-838.01776;-1244.54
1980-09-26;11.077759;-4.726776;-0.46325937;754.6613;1.3907427;102.568665;0.0;-7.3453654e-25;107.406555;-7.345365e-21;0.041925907;-1.0894816;0.0015199184;0.273332;0.27182698;1.1175871e-05;0.0;4439.1953;5302.3945;-2393.9998;6247.0557;-756.82776;-1303.0233
1980-09-27;10.046947;-4.5216775;-0.63156635;753.7666;1.2658452;164.65396;0.0;-7.3453654e-25;103.580055;-7.345365e-21;0.0;-0.9577861;0.0;0.26881695;0.2688095;3.7252903e-06;0.0;4882.414;5826.749;-2749.7444;5852.3027;-665.3422;-1512.8267
1980-09-28;9.732411;-2.3486023;-0.266421;754.65546;1.1096262;227.16447;0.0;-7.3453654e-25;100.44497;-7.345365e-21;0.0025958933;-0.800265;0.00011920929;0.26595592;0.26583672;0.0;0.0;4842.5234;5774.1636;-2804.3906;5770.208;-555.9178;-1509.04
1980-09-29;9.09196;-2.8081768;0.010050456;753.759;1.2564591;178.6842;0.0;-7.3453654e-25;99.99998;-7.345365e-21;0.00087768846;-0.6595617;4.4703484e-05;0.2629608;0.262931;0.0;0.0;4788.218;5704.4766;-2776.4133;5742.6416;-458.17612;-1603.8289
1980-09-30;8.992055;-1.6406046;0.0098012285;751.3222;1.4106245;236.21037;0.0;-7.3453654e-25;99.99998;-7.345365e-21;0.022143126;-0.5437573;0.0010877848;0.26118755;0.26008487;0.0;0.0;4683.2485;5574.6235;-2654.9111;5844.112;-377.73;-1647.9689
1980-10-01;8.338898;-0.84229535;0.009975433;749.4851;1.7787706;215.66931;0.0;-7.3453654e-25;99.99998;-7.345365e-21;0.97509325;-0.63957644;0.04567206;0.30303;0.25735795;0.0;0.0;4396.552;5228.8584;-2394.2664;5991.3643;-444.29333;-1688.8645
1980-10-02;8.45815;-2.067098;0.010050456;750.15875;1.2798134;217.07643;0.0;-7.3453654e-25;99.99998;-7.345365e-21;0.0036597252;-0.62517077;0.00017881393;0.25483966;0.2546683;0.0;0.0;4653.7246;5529.936;-2529.8674;5944.8657;-434.28555;-1638.8245
1980-10-03;7.5550537;-2.0787659;0.010116577;749.21906;2.104869;200.36482;0.0;-7.3453654e-25;99.99998;-7.345365e-21;0.40879846;-0.49463287;0.019341707;0.27135015;0.2520159;0.0;0.0;4131.097;4904.742;-2153.5288;6228.649;-343.605;-1703.2
1980-10-04;5.105377;-1.8941752;0.010103862;749.3747;1.5882978;207.1775;0.0;-7.3453654e-25;99.99998;-7.345365e-21;0.122740865;-0.5774861;0.005722046;0.2551824;0.24944544;0.0;0.0;4115.3003;4881.7573;-2234.5557;6020.6855;-401.16055;-1868.6555
1980-10-05;4.848755;-3.7742512;0.009983063;750.98413;1.1357204;202.0215;0.0;-7.3453654e-25;99.99998;-7.345365e-21;0.0;-0.46433228;0.0;0.24691224;0.24691224;0.0;0.0;4545.653;5387.5977;-2692.4905;5369.7275;-322.55554;-1642.8011
1980-10-06;6.3889565;-5.460836;0.010213216;753.7587;1.0830685;147.87439;0.0;-7.3453654e-25;99.99998;-7.345365e-21;0.0;-0.47592074;0.0;0.24439394;0.24439394;0.0;0.0;4596.8384;5443.565;-2838.8635;5328.0435;-330.60666;-1423.2478
1980-10-07;7.5327454;-8.742554;0.010232289;754.89624;1.1022536;134.77751;0.0;-7.3453654e-25;99.99998;-7.345365e-21;0.00085967913;-0.4792437;4.4703484e-05;0.24193525;0.24189055;0.0;0.0;4617.9175;5463.8345;-2947.6553;5315.757;-332.91556;-1258.0011
1980-10-08;7.645508;-9.092468;0.010142009;754.7928;1.2015598;91.03359;0.0;-7.3453654e-25;99.99998;-7.345365e-21;0.0008523463;-0.44858456;4.4703484e-05;0.23944676;0.23942441;0.0;0.0;4561.5195;5392.47;-2896.0823;5431.0605;-311.61667;-1229.0355
1980-10-09;9.021535;-8.095653;0.0098775225;755.6814;1.115589;83.92833;0.0;-7.3453654e-25;99.99998;-7.345365e-21;0.0017106531;-0.44962204;8.940697e-05;0.23704767;0.23697317;0.0;0.0;4459.4297;5267.2866;-2800.361;5723.4907;-312.33667;-1193.8645
1980-10-10;10.0910845;-6.3961587;0.010068257;752.9409;1.1168619;145.9633;0.0;-7.3453654e-25;99.99998;-7.345365e-21;0.00042617318;-0.42490846;1.4901161e-05;0.23457408;0.23455918;0.0;0.0;4420.8506;5217.2393;-2795.7695;5827.7544;-295.1711;-1207.9833
1980-10-11;8.022359;-4.319204;0.009618123;748.2812;1.1118141;169.45946;0.0;-7.3453654e-25;99.99998;-7.345365e-21;0.6937355;-0.49347803;0.033065677;0.26530027;0.23222715;0.0;0.0;4081.7444;4812.721;-2474.195;5925.4067;-342.80334;-1304.1367
1980-10-12;5.491628;0.5861003;0.0105832415;748.8747;1.0060728;182.0158;0.0;-7.3453654e-25;99.99998;-7.345365e-21;8.350427;-0.6669089;0.50880015;0.7388145;0.23003668;0.0;0.0;2918.5266;3438.3127;-1735.0;6354.9624;-463.2789;-1000.4733
1980-10-13;4.722687;1.642629;0.00974528;750.0107;1.0346801;196.27875;0.0;-7.3453654e-25;99.99998;-7.345365e-21;9.258921;-1.2536767;0.61513484;0.843063;0.22792816;0.0;0.0;3260.4194;3837.8467;-1592.3978;6472.5884;-870.88776;-966.26556
1980-10-14;5.4800415;-1.0663248;0.009838104;750.9043;1.0303894;172.2522;0.0;-7.3453654e-25;99.99998;-7.345365e-21;0.124663115;-1.5093172;0.006303191;0.23216009;0.22584945;0.0;0.0;3345.9722;3935.213;-1765.5494;6239.7544;-1048.4722;-813.9011
1980-10-15;7.1641235;-4.337046;0.010231018;752.4348;1.015614;225.88617;0.0;-7.3453654e-25;99.99998;-7.345365e-21;0.0049616457;-1.6461769;0.00023841858;0.22396445;0.22372603;0.0;0.0;4177.6123;4909.224;-2327.505;5763.2275;-1143.5444;-758.8122
1980-10-16;6.932556;-3.8454285;0.009848277;752.70917;1.2118629;186.90959;0.0;-7.3453654e-25;99.99998;-7.345365e-21;0.040909648;-1.4633536;0.0017285347;0.2233684;0.22162497;0.0;0.0;4062.8545;4772.8213;-2368.4705;5670.923;-1016.54333;-863.3333
1980-10-17;6.622976;-4.2856956;0.0100695295;752.6285;1.0630777;181.25977;0.0;-7.3453654e-25;99.99998;-7.345365e-21;0.0004351138;-1.3244851;2.9802322e-05;0.21958351;0.21956861;0.0;0.0;4162.431;4888.2896;-2498.035;5479.5127;-920.07556;-854.30664
1980-10-18;6.273783;-5.249868;0.009853363;752.4478;1.0759917;268.8818;0.0;-7.3453654e-25;99.99998;-7.345365e-21;0.0012874597;-1.1847131;7.4505806e-05;0.21758676;0.21752715;0.0;0.0;4123.0244;4840.5166;-2493.8289;5393.347;-822.98114;-935.25
1980-10-19;5.8365073;-5.7486267;0.009882609;751.78754;1.1471777;114.09658;0.0;-7.3453654e-25;99.99998;-7.345365e-21;0.0008523463;-1.0869364;4.4703484e-05;0.2155751;0.21553785;0.0;0.0;4035.1177;4735.831;-2413.979;5472.426;-755.0589;-896.45886
1980-10-20;2.9367676;-3.785675;0.010025024;751.2443;1.605352;33.079685;0.0;-7.3453654e-25;99.99998;-7.345365e-21;0.14957786;-0.86233205;0.00756979;0.22116303;0.21359324;0.0;0.0;3638.088;4268.235;-2241.0933;5486.6177;-599.0333;-1010.29
1980-10-21;5.115641;-6.6959634;0.010039012;752.16986;1.1485386;80.773865;0.0;-7.3453654e-25;99.99998;-7.345365e-21;0.00086128706;-0.95919895;4.4703484e-05;0.2117008;0.21166354;0.0;0.0;4036.3118;4734.2427;-2526.0579;5314.37;-666.3233;-877.49664
1980-10-22;6.1598105;-6.8313394;0.010192871;753.42694;1.0639089;137.72522;0.0;-7.3453654e-25;99.99998;-7.345365e-21;0.0;-0.8834582;0.0;0.20976365;0.20974874;0.0;0.0;4023.3032;4717.532;-2576.71;5280.6367;-613.70886;-777.5267
1980-10-23;6.9082437;-6.2970986;0.010189056;754.20953;1.026295;148.45532;0.0;-7.3453654e-25;99.99998;-7.345365e-21;0.0;-0.8546775;0.0;0.2078712;0.20786375;0.0;0.0;3911.9272;4585.527;-2283.185;5696.4346;-593.7156;-766.1314
1980-10-24;6.292389;-5.2695312;0.010009766;750.59686;1.0001222;168.50662;0.0;-7.3453654e-25;99.99998;-7.345365e-21;0.35761595;-0.5828673;0.01770258;0.22375584;0.20605326;0.0;0.0;2311.6438;2708.859;-1466.1561;6468.1235;-404.8989;-597.56335
1980-10-25;3.2091064;-3.6888123;-3.8260891;748.44855;0.69240016;167.5592;0.012776692;1.5894572e-06;134.1546;-7.345365e-21;0.674773;-0.5925689;0.032901764;0.23722649;0.20433217;0.0007264316;0.0028982759;2338.8945;2740.4343;-1569.1311;6102.316;-411.6378;-682.48444
1980-10-26;2.643402;-1.7011312;-4.197416;749.89996;0.98113424;143.2566;0.012207031;1.9073486e-06;150.14288;-7.345365e-21;1.1087537;-0.6006006;0.054746866;0.25737286;0.20261854;0.00059977174;0.0;2890.0427;3384.791;-1647.7361;6119.251;-417.21777;-848.31
1980-10-27;1.2756857;-2.457072;-6.7094398;750.6812;0.93970746;86.11899;0.008626302;1.2715658e-06;150.53448;-7.345365e-21;2.0694435;-0.6528981;0.12283027;0.32375753;0.20094216;0.00046379864;5.401671e-05;2606.905;3052.149;-1769.6833;5747.3623;-453.54666;-653.66223
1980-10-28;3.0595295;-3.274699;-5.0333824;750.52155;1.261419;160.7658;0.006591797;9.536743e-07;150.66405;-7.345365e-21;0.33011585;-0.7948773;0.016503036;0.21578372;0.19927323;0.0004004687;0.0;3534.0083;4136.302;-1926.4883;5808.988;-552.17554;-820.4089
1980-10-29;0.24329631;-7.872223;-7.9400964;748.8206;1.4637145;98.73797;5.9339194;0.00086005527;138.37074;6.3069663;2.0588875;-0.81372356;0.055849552;0.25349855;0.19764155;0.12873858;1.2024827;2798.5295;3438.0073;-1988.3447;5289.424;-568.3089;-734.23553
1980-10-30;3.8480225;-7.7459617;-7.6158485;752.97064;0.98128814;73.34662;5.632975;0.0008261204;149.74022;5.4117837;0.0008583069;-0.6696545;0.02464652;0.2206713;0.19601732;0.35518223;0.0;3480.5432;4215.027;-2198.8828;5336.3306;-465.51;-542.9389
1980-10-31;2.631358;-4.353292;-2.6924095;750.41437;0.85062045;230.71364;5.642904;0.0009189844;147.7477;5.5745444;4.504162;-0.469042;0.1141727;0.30861795;0.1944378;0.18978864;2.5418103;1520.0828;1818.1522;-773.2833;6753.758;-325.99112;-285.69666
1980-11-01;0.37579346;-0.9359334;-1.1525917;750.1409;0.96932715;150.50792;27.559244;0.003976345;144.41925;27.75065;2.8911796;-0.5873665;0.14840811;0.3413409;0.19294024;1.0618045;1.4005377;1159.8528;1652.9833;-545.885;6856.9507;-410.26556;-357.44333
1980-11-02;1.2635294;-2.6761272;-6.632643;755.33344;0.978292;79.45294;19.597494;0.0028906662;150.48273;19.57194;0.0013127874;-0.7149009;0.101193786;0.292629;0.19142032;1.3934821;1.4901161e-05;2876.1921;3805.021;-1841.3517;5523.7466;-496.7811;-649.0611
1980-11-03;2.3353374;-5.0771585;-8.00201;756.53156;1.0177785;67.437065;12.241455;0.0018068949;150.64288;12.125651;0.0008534739;-0.7625595;0.06581843;0.25570393;0.1899004;0.89677423;0.0;3245.745;4081.1968;-2213.3838;5168.8613;-529.8945;-457.74
1980-11-04;2.5666301;-5.138804;-7.7699356;755.6736;1.0845666;46.310226;7.4344077;0.0010957321;150.74184;7.446289;0.0004351138;-0.79050845;0.044196844;0.23257732;0.18837303;0.6001666;0.0;3340.4912;4071.4067;-2249.5278;5205.7505;-549.23444;-439.71777
1980-11-05;3.1992695;-6.2557273;-8.183975;754.2271;0.9805086;100.56698;4.4047036;0.0006496906;150.79945;4.638672;0.0;-0.8006245;0.025957823;0.21281838;0.18687546;0.35265833;0.0;3406.4321;4074.5833;-2309.0916;5124.5527;-556.2744;-462.54443
1980-11-06;2.9805095;-2.877777;-4.1105537;752.08545;0.7485474;262.19864;2.70695;0.00040368238;150.45702;2.766927;1.8771619;-0.5614925;0.124782324;0.31019747;0.1854077;0.2062954;0.094637275;2531.811;2996.3188;-1318.6912;6255.97;-390.11612;-456.63443
1980-11-07;3.268697;0.8370056;-0.7682584;751.91425;0.74457544;182.77217;2.054362;0.00030044714;150.32225;2.2786458;0.21936;-0.7160846;0.026375055;0.2103746;0.18399209;0.19798614;0.0;2097.0327;2473.271;-941.87335;6889.06;-497.43112;-526.82666
1980-11-08;2.7736104;1.9768473;0.009989421;749.86597;1.0655435;217.60829;1.0884603;0.00015926361;150.57745;1.1393229;22.91971;-0.6919689;1.8718169;2.054453;0.18262863;0.11475943;0.007145107;1249.1827;1465.1389;-265.77167;7517.1665;-480.65;-529.76886
1980-11-09;1.4385376;0.9628906;-0.44722113;745.0928;1.1828333;216.05046;1.3749186;0.00023738544;148.2324;1.5869141;12.486791;-0.8663479;1.0802076;1.2615099;0.18130988;0.049056485;1.068063;1180.5667;1380.2256;-382.75555;7230.508;-601.7878;-482.13
1980-11-10;0.15364583;-3.3188171;-5.499733;749.0595;0.85280395;206.94946;6.5759277;0.0009425084;147.0628;6.0628257;0.19149482;-1.0809991;0.056102872;0.23608655;0.17998368;0.4093647;0.053647906;2831.0532;3406.6921;-1791.9889;5620.6157;-752.5811;-722.99445
1980-11-11;1.0347494;-3.7857258;-5.230414;752.8935;0.9177492;232.63094;4.261312;0.0006319682;150.46288;3.9469402;0.67424774;-0.91487354;0.07625669;0.25491416;0.17865002;0.27461535;0.04785508;2900.1062;3448.1633;-1601.4728;5821.4824;-636.4289;-546.8011
1980-11-12;2.2322185;1.894694;-0.010705312;754.7639;0.69584423;220.6902;3.2307942;0.00047918162;150.76625;3.2145183;18.082327;-0.3806688;2.0890534;2.2664368;0.17737597;0.21674857;0.01611188;489.91556;579.8778;-36.795555;7556.4478;-264.30777;-193.0089
1980-11-13;4.165171;1.8231506;-2.8511212;755.2601;0.86249536;150.4509;1.6541342;0.00024044514;150.71873;1.3834635;0.7825315;-0.9431876;0.1218766;0.29800832;0.17613173;0.20743534;0.0;2074.7317;2433.7878;-1125.6644;6681.243;-655.1411;-427.05
1980-11-14;3.2248943;-0.21993001;-4.4611487;752.90967;0.8881281;184.49559;0.804362;0.000117619835;150.64223;0.9765625;0.005516409;-1.039463;0.011399388;0.18627942;0.17487258;0.08630194;0.00052154064;2817.9272;3292.3823;-1592.2689;6061.5396;-722.0978;-484.30334
1980-11-15;2.6168213;-2.1397297;-3.6443088;748.5125;0.8551419;99.09011;0.40437827;5.9286755e-05;150.60023;0.28483072;0.3698623;-1.1961907;0.038653612;0.21229684;0.17364323;0.042006373;9.685755e-05;2947.3188;3436.0732;-1684.0105;6007.426;-830.9978;-588.4022
1980-11-16;1.5406393;-0.33169556;-1.5654742;747.4545;0.82839537;154.25879;0.24690755;3.6597252e-05;150.53448;-7.345365e-21;3.3902395;-1.0756459;0.33970177;0.5121678;0.17246604;0.023307279;0.0047385693;2334.2373;2719.6433;-989.0722;6649.009;-747.2256;-589.7211
1980-11-17;0.63930255;0.24837239;-0.34126154;748.7841;0.5838491;198.02522;2.8871257;0.00046376386;149.97394;3.0110676;5.176306;-0.7539103;0.4825592;0.65392256;0.17134845;0.16284548;0.84609914;1180.5194;1389.2289;-380.14972;7169.0757;-523.7144;-476.5478
1980-11-18;0.6473999;-0.8158366;-1.0317103;750.51215;0.6415252;150.95168;3.7851562;0.00056620437;151.4098;3.7434895;1.9277513;-0.82085466;0.21532178;0.38556755;0.17026067;0.25311112;0.059176236;1699.2433;2011.2456;-768.41614;6785.9766;-570.5511;-510.68445
1980-11-19;-0.5736796;-1.5731405;-3.6054726;747.82965;0.8349202;58.062557;13.2347;0.0019672315;143.1621;13.549805;5.1582456;-0.62325037;0.36397576;0.53317845;0.16919523;0.68445504;2.4873278;1380.1083;1733.5612;-991.86835;6294.3823;-433.06;-339.0822
1980-11-20;0.06092326;-2.3306682;-4.6713014;747.4255;0.8672176;171.80003;12.865234;0.0019064347;150.81573;12.6953125;0.0068694353;-0.8584615;0.10679662;0.27494133;0.16815215;0.80388415;0.001475215;2725.8079;3390.2722;-1551.8461;5779.007;-596.9611;-511.94446
1980-11-21;-1.4421692;-3.1222942;-1.76304;743.6894;0.9166538;169.01694;35.106445;0.0077844462;143.40623;54.280598;32.431152;-0.6710254;0.1347661;0.30188262;0.16711652;0.37057513;30.875319;1759.9839;2150.95;-774.25775;6570.6665;-469.87555;-543.7011
1980-11-22;-9.259042;-11.761822;-9.678187;744.2273;1.1203378;132.28308;100.0;0.037895482;131.29588;288.85904;5.7026534;-0.08193962;0.0;0.16611814;0.16613305;0.0;5.6457705;656.1028;2763.3623;-1064.7472;5120.75;-60.820557;-86.02111
1980-11-23;-11.118501;-15.979317;-15.867081;748.55566;1.3947352;19.46898;100.0;0.039144833;147.50063;265.82846;0.0045359135;-0.03572367;0.0;0.16516447;0.16516447;0.0;0.0041127205;855.1961;3507.7634;-1094.5144;4516.114;-23.304445;7.117778
1980-11-24;-9.743725;-15.3328905;-15.91642;746.54315;1.1663321;88.614296;100.0;0.039162476;151.54262;258.13803;0.0023334927;-0.044774264;0.0;0.1642406;0.16423315;0.0;0.0006183982;888.23224;3548.3044;-1048.8783;4562.1416;-30.262222;5.826667
1980-11-25;-7.364783;-13.255363;-15.0697565;749.8969;1.2808858;67.3553;100.0;0.039178293;152.94823;256.10352;0.0012850071;-0.034853816;0.0;0.16331673;0.16331673;0.0;0.0;902.81335;3514.37;-1112.3173;4568.8535;-22.44111;50.67
1980-11-26;-3.7421062;-11.363083;-12.860288;752.34644;1.2389389;39.664326;100.0;0.039198916;154.67738;253.41797;0.0017225739;-0.04675612;0.0;0.16242266;0.1624152;0.0;0.0;918.2178;3478.422;-1151.595;4742.5864;-31.053888;78.975555
1980-11-27;-1.9660034;-9.804012;-7.4695287;751.0954;0.95169854;50.307537;100.0;0.039236624;157.08136;249.67448;0.98124146;-0.08187909;0.0034421682;0.16497076;0.16153604;0.038851053;0.826098;689.68445;2531.9812;-486.2639;5983.0493;-59.424446;16.74
1980-11-28;-3.1991577;-4.950897;-4.3215117;750.32104;0.8811286;60.280285;100.0;0.042998355;157.20929;273.15268;3.5270274;-0.034717843;0.006452203;0.16713142;0.16067922;0.065948814;3.31996;528.50555;1943.8822;-778.7539;5931.8877;-24.311666;-31.881111
1980-11-29;-3.4499245;-8.604184;-8.630227;751.8259;1.1692368;91.42118;100.0;0.043560665;159.99608;272.82715;0.0024616718;-0.06065704;0.021830201;0.18167496;0.15982985;0.19615516;0.0011697412;956.0311;3304.9934;-1211.3123;5086.713;-41.706665;22.868889
1980-11-30;-4.304545;-9.878567;-12.602338;751.1624;1.2199844;66.35168;100.0;0.043438595;162.23402;268.75815;0.002992153;-0.03387686;0.008493662;0.16751885;0.15900284;0.0943467;0.0;1004.25165;3373.5188;-1351.04;4548.472;-21.895555;68.80666
1980-12-01;-6.5250754;-15.301636;-15.897227;752.1172;1.4135739;23.17718;100.0;0.043397028;163.98207;265.50293;0.0004351138;-0.037858263;0.003427267;0.161618;0.15819073;0.038027763;0.0;1048.67;3433.3877;-1460.5878;4125.325;-25.257778;121.111115
1980-12-02;-5.217499;-16.801817;-15.847833;750.7087;1.2675525;119.18578;100.0;0.043334085;165.42609;262.53256;0.0004351138;-0.0673607;0.0069886446;0.16435981;0.15739352;0.07719919;0.0;1029.9462;3291.8389;-1343.0555;4272.9487;-48.105556;124.77111
1980-12-03;-3.8486736;-14.574964;-13.984551;752.1326;1.0372874;158.5641;100.0;0.04322827;166.8867;259.84702;0.0017166131;-0.072174706;0.009298325;0.16589463;0.15660375;0.101771206;0.0;989.04834;3088.27;-1137.7483;4668.533;-51.985554;86.72667
1980-12-04;-0.8100484;-9.636796;-9.226621;753.46606;0.77178526;250.43213;100.0;0.04301663;168.65167;255.98145;0.019242467;-0.06867759;0.027261674;0.18310547;0.1558438;0.26210397;0.0;836.0272;2550.8955;-681.30835;5598.352;-49.947777;46.91
1980-12-05;-0.09627279;-3.9292095;-2.7692769;751.17084;0.7842539;234.72688;100.0;0.042459488;174.18846;244.99512;0.06585419;-0.14679693;0.08483231;0.2399087;0.15507638;0.7400029;0.028550625;779.29333;2294.331;-774.0511;6124.0938;-110.39889;-26.943333
1980-12-06;-1.2579346;-7.8235373;-3.2567418;748.30054;0.6008398;216.59517;100.0;0.041900355;178.22362;236.00261;0.48077404;-0.2518557;0.09046495;0.24479628;0.15433133;0.6891526;0.24274737;681.4656;1903.49;-755.0489;6068.062;-193.78667;-38.79
1980-12-07;-4.1841226;-6.547068;-7.960874;748.7951;0.8437708;173.59808;99.83887;0.04148678;180.93227;230.38737;0.021323562;-0.093841925;0.029414892;0.18300116;0.15359372;0.27747452;0.019609928;1096.3094;2913.2012;-1361.4194;4930.0156;-69.63556;-22.868889
1980-12-08;-6.6524863;-10.246295;-8.973887;748.5053;1.1911482;88.52331;99.14176;0.04115705;183.72328;225.01628;0.006073713;-0.105628744;0.03527105;0.18814206;0.15287101;0.3088154;0.00391528;1197.2161;3065.209;-1529.2739;4680.1567;-77.43;-28.688889
1980-12-09;-6.909485;-13.40466;-13.393555;745.7818;1.108054;94.917625;98.26156;0.040838003;185.55206;221.1914;0.0012934206;-0.082082115;0.031128526;0.18328428;0.15215576;0.2711825;0.0;1307.6572;3227.6355;-1567.4211;4260.692;-59.842777;46.224445
1980-12-10;-6.0920625;-8.718503;-9.106089;741.01154;0.8641396;128.56691;97.64193;0.04067433;186.45863;219.19759;0.5066931;-0.16537867;0.017538667;0.16899407;0.1514554;0.15336275;0.49931556;1129.6855;2725.1667;-846.4644;5452.399;-127.06111;-79.34889
1980-12-11;-5.6660767;-8.863912;-5.429138;736.3198;0.8158265;51.12215;97.87362;0.041710854;182.17023;229.0039;2.2916913;-0.25656354;0.0028461218;0.15363097;0.15076995;0.027351081;2.285108;908.52167;2270.0078;-713.2967;5923.75;-197.96333;-113.818886
1980-12-12;-6.8348174;-7.9707923;-5.6980567;742.5683;0.918032;190.5539;99.91227;0.047496717;162.64093;290.3646;5.9739947;-0.15704054;0.0;0.1500845;0.15009195;0.0;5.9318805;608.24225;1893.1145;-432.75888;6186.8403;-121.24555;-174.97112
1980-12-13;-7.676117;-8.882691;-6.641745;746.9781;0.7707265;155.8662;100.0;0.052008945;154.1966;336.46646;4.1569023;-0.14674291;0.0;0.14942884;0.1494363;0.0;4.1011496;482.28278;1638.1888;-305.99945;6222.721;-113.46445;-179.19556
1980-12-14;-7.2173667;-8.318439;-6.470262;744.8335;0.6855175;121.13331;100.0;0.062604904;148.21385;419.63705;17.983913;-0.06681401;0.0;0.148803;0.1487881;0.0;17.974321;246.64389;941.2733;-117.96833;6463.0864;-51.57611;-92.43445
1980-12-15;-9.542915;-11.111397;-9.638877;745.79535;0.7411675;104.34289;100.0;0.07627416;149.94041;507.69043;4.917997;-0.027535483;0.0;0.14813244;0.14814734;0.0;4.89112;587.23334;2483.5122;-822.95276;5329.1567;-19.243334;-83.94778
1980-12-16;-11.674072;-17.067802;-14.7004385;748.4056;1.2881926;27.131483;100.0;0.0773226;153.45604;503.78418;0.018668175;-0.04668627;0.0;0.1474917;0.1475066;0.0;0.01782924;747.48944;3093.4922;-963.6006;4715.967;-33.275555;-32.225555
1980-12-17;-8.704066;-11.620177;-13.417485;749.4963;1.7088761;20.828466;100.0;0.07743601;155.97198;496.7041;0.18012524;0.008523464;0.0;0.14689565;0.1468733;0.0;0.17230585;625.2783;2524.8623;-689.8011;5226.6357;9.157778;43.664444
1980-12-18;-7.880751;-11.201538;-13.72831;747.04694;1.5413266;17.71456;100.0;0.077597775;158.75096;488.72885;0.012787159;0.009716488;0.0;0.14624;0.1462549;0.0;0.011079013;762.4611;2994.1267;-1070.285;4729.705;10.703333;52.09778
1980-12-19;-10.636565;-14.893135;-16.5563;749.7778;1.3794161;31.194098;100.0;0.07763604;161.11424;481.56738;0.0036537647;0.0022482127;0.0;0.14564395;0.1456365;0.0;0.0023692846;795.68225;3044.0432;-1069.4122;4473.9893;4.466111;35.92889
1980-12-20;-7.0086055;-16.28458;-15.901546;752.7192;1.4004298;78.079346;100.0;0.07766589;163.1253;476.03354;0.0;-0.016304664;0.0;0.1450181;0.145033;0.0;0.0;694.8567;2592.1545;-541.3483;5181.911;-10.193889;94.11667
1980-12-21;-1.320109;-14.822783;-9.410363;751.4217;0.7845164;211.37537;100.0;0.07764677;166.14711;467.73276;0.013566016;-0.095250085;0.0;0.14443696;0.14443696;0.0;0.011578202;814.82556;2966.2234;-832.76166;5462.2544;-69.95111;32.965557
1980-12-22;-3.4806213;-11.536163;-11.016429;749.16797;0.89953274;156.87917;100.0;0.07764447;169.35805;458.53677;0.00011920929;-0.032528304;0.0;0.14382601;0.14384091;0.0;0.00010803342;844.8139;3002.5022;-1056.5934;5004.242;-21.65;35.335556
1980-12-23;-4.0297446;-10.663844;-11.799495;749.11334;0.8698158;260.42496;100.0;0.077661194;172.15883;450.84634;0.0008523463;-0.026028603;0.0;0.14324486;0.14325976;0.0;0.0;851.26447;2956.2534;-993.38275;5019.3535;-16.75;36.42
1980-12-24;-3.8220417;-7.441498;-11.088527;750.5655;0.8082629;206.98216;100.0;0.077688254;174.888;444.1732;0.0014603138;0.005181879;0.0;0.14267862;0.14267117;0.0;0.0014081597;849.46;2884.699;-912.4978;5181.8047;7.022222;17.008888
1980-12-25;-4.6262107;-5.6011558;-7.2239203;748.90106;0.9114267;230.52788;100.0;0.07773241;178.27211;436.23862;0.02579938;-0.00087171793;0.0;0.14211237;0.14210492;0.0;0.00882335;604.10114;2005.4144;-480.3339;6051.555;1.5922222;-35.384445
1980-12-26;-3.5613606;-7.2206154;-6.7607665;750.1995;1.029852;52.621784;100.0;0.07775243;182.28807;426.7578;0.006735325;-0.06037671;0.0;0.14154613;0.14153868;0.0;0.006735325;898.71277;2902.75;-989.7539;5490.981;-43.126667;-50.02667
1980-12-27;-2.3386943;-3.351949;-1.7777506;745.552;0.80472666;163.825;100.0;0.094372906;176.2744;533.3659;45.972218;-0.11822395;0.2341047;0.37509203;0.14098734;0.15218556;39.59908;124.64;427.75555;95.29889;7126.3457;-92.63722;-105.73889
1980-12-28;-4.524774;-5.332611;-1.0739517;744.8779;1.2600816;198.79436;100.0;0.12501438;166.01332;753.1331;3.8444264;-0.21721795;0.0;0.140436;0.140436;0.0;3.7563257;634.6828;2469.2244;-841.35333;6015.87;-167.19112;-206.54
1980-12-29;-8.157912;-10.481594;-6.28375;745.8454;0.82980853;111.10547;100.0;0.12612069;174.04913;724.69073;0.41434792;-0.16510579;0.0;0.1398921;0.1398921;0.0;0.41053444;669.0378;2324.57;-968.2228;5405.2144;-126.545;-146.87889
1980-12-30;-8.722908;-11.638588;-9.591289;744.3504;0.75781536;42.63294;100.0;0.12754302;177.29198;717.97687;4.7876635;-0.03272202;0.0;0.13935566;0.13935566;0.0;4.784416;678.0333;2324.2734;-675.9017;5560.6333;-23.055555;-59.26889
1980-12-31;-10.615964;-15.378403;-12.274005;745.43524;1.3221372;19.98531;100.0;0.13202624;175.12823;753.41797;0.6217897;-0.04277192;0.0;0.13881922;0.13881922;0.0;0.6192103;839.02277;3124.9568;-1425.9956;4369.1885;-29.936666;-19.347778
1981-01-01;-12.684743;-19.415873;-18.54101;745.80975;1.0494211;84.174736;100.0;0.13209236;178.20213;740.5599;0.0017106523;-0.015249476;0.0;0.13829023;0.13829023;0.0;0.0;897.14;3257.44;-1339.405;3940.46;-9.293333;41.337776
1981-01-02;-11.608811;-17.724213;-20.073038;741.23566;0.8228941;185.82483;100.0;0.13212378;180.36229;732.0964;0.12174845;6.146729e-05;0.0;0.13777614;0.13777614;0.0;0.12047589;858.7511;3046.1768;-968.7061;4315.5146;2.0144444;42.594444
1981-01-03;-11.717765;-14.514766;-18.269257;739.45557;0.77439857;206.38298;100.0;0.13236606;181.93422;727.0508;0.2796948;0.0146739185;0.0;0.1372546;0.1372546;0.0;0.27370453;747.06836;2600.4712;-552.13336;4983.835;12.778889;9.015555
1981-01-04;-9.710068;-11.014687;-12.937733;741.27167;0.67922544;230.32448;100.0;0.13816161;174.85773;788.8591;11.805114;0.010693446;0.0;0.13676286;0.13676286;0.0;11.802085;344.53;1224.9388;90.555;6221.8887;8.912222;-24.491112
1981-01-05;-6.3409753;-7.431366;-8.812512;746.6788;0.787618;229.79639;100.0;0.14518392;170.67674;850.8708;1.0716796;-0.02146326;0.0;0.13628602;0.13625622;0.0;1.0638833;553.4;2214.9556;-446.95056;5942.1953;-14.518888;-54.793335
1981-01-06;-6.975;-8.228063;-8.600681;747.53564;0.9973007;254.98338;100.0;0.14597805;176.13539;828.9795;1.3255954;-0.010596588;0.0;0.13577938;0.13576448;0.0;1.321733;624.45886;2443.6045;-427.31778;5964.2;-6.0255556;-59.86111
1981-01-07;-5.7233377;-6.4577355;-5.9959207;747.7905;1.2898593;195.1427;100.0;0.15136385;178.29979;847.3714;10.090709;-0.036270358;0.0;0.13527274;0.13528019;0.0;10.068051;316.5011;1256.4767;-89.70167;6602.95;-27.320555;-82.10889
1981-01-08;-5.185763;-8.467954;-6.8603783;752.1962;0.71892244;118.65948;100.0;0.157674;180.76268;872.84344;0.25311112;-0.04811678;0.0;0.134781;0.13478845;0.0;0.25182217;770.9717;3177.2312;-1362.4388;4942.8057;-33.284443;-49.785557
1981-01-09;-8.076091;-17.802156;-14.391995;751.2579;1.0190555;131.56456;100.0;0.15770316;185.95311;848.34796;0.000962615;-0.039516017;0.0;0.13428926;0.13430417;0.0;0.00010803342;870.7178;3494.7266;-1462.6489;4094.1714;-26.864445;56.684444
1981-01-10;-5.956412;-9.328958;-12.294347;744.8304;0.91586906;175.88605;100.0;0.16827993;181.18129;926.26953;30.365736;0.024534762;0.0;0.13382733;0.13382733;0.0;28.601397;284.30777;1144.6267;290.70444;6551.562;19.43111;24.415556
1981-01-11;-7.9176803;-11.16315;-9.356542;741.0613;0.6686787;223.77696;100.0;0.18934464;173.46906;1092.8141;0.70133805;-0.068956986;0.0;0.13335049;0.13335794;0.0;0.6989464;759.7844;3261.6934;-987.8411;5164.0107;-49.84;-92.62889
1981-01-12;-11.022446;-15.277946;-12.600193;743.7446;0.90522355;69.875694;100.0;0.18946409;179.8662;1054.484;0.013399124;-0.052815303;0.0;0.13285875;0.1328811;0.0;0.011686236;735.76276;3073.0256;-1124.5322;4680.058;-38.066666;-82.46445
1981-01-13;-12.445521;-16.900122;-16.995623;748.1172;1.0646073;56.147427;100.0;0.1894774;184.3473;1028.768;0.001424551;-0.008573756;0.0;0.13241172;0.13241917;0.0;0.00057742;844.77167;3438.8289;-1314.07;4069.5417;-3.98;-4.928889
1981-01-14;-12.099711;-19.938858;-20.128607;749.1831;1.1597751;47.01674;100.0;0.18950069;187.47914;1011.35254;0.0005543231;-0.013040379;0.0;0.13196468;0.13194978;0.0;0.00013411045;906.9672;3593.0889;-1252.0266;3920.7246;-7.346667;65.87334
1981-01-15;-8.200437;-19.701284;-19.179193;747.55;0.80389315;218.13377;100.0;0.18952341;190.17479;997.27374;0.14986694;-0.024239533;0.0;0.13150275;0.13150275;0.0;0.14737248;712.4805;2748.3777;-440.88333;5069.6953;-16.51;63.545555
1981-01-16;-7.6692605;-9.887726;-14.281484;745.1406;0.5162632;233.99849;100.0;0.19656093;184.44984;1064.0055;16.296675;0.02448447;0.0;0.13105571;0.13105571;0.0;16.284262;298.32166;1176.2578;210.15167;6288.8413;19.461111;10.081111
1981-01-17;-6.132589;-6.9737344;-9.411925;743.7873;0.7206206;179.8866;100.0;0.2178481;173.05434;1255.249;29.33287;0.010933727;0.0;0.13060868;0.13061613;0.0;29.326244;314.87277;1336.78;106.34055;6588.141;9.4788885;-32.61889
1981-01-18;-6.094991;-6.8776755;-6.660402;742.1326;0.6656886;204.8784;100.0;0.2653035;159.54393;1659.7086;33.6247;-0.0013913959;0.0;0.13017654;0.13017654;0.0;33.613823;226.34944;1001.1633;-152.48944;6448.9624;-0.41555557;-26.177778
1981-01-19;-6.2767425;-9.308697;-8.076076;746.9405;0.69770783;117.96832;100.0;0.27325368;171.06573;1601.359;0.095917694;-0.05294755;0.0;0.12974441;0.12973696;0.0;0.09420514;802.81946;3433.3179;-1281.6461;4914.594;-36.955555;-74.26111
1981-01-20;-7.413607;-13.561837;-13.511731;745.4536;0.7195992;149.7381;100.0;0.27328244;180.73045;1514.2008;0.04404874;-0.027053058;0.0;0.12929738;0.12929738;0.0;0.042755157;890.4083;3704.041;-1290.9639;4394.5015;-17.294445;-3.6766667
1981-01-21;-7.4739876;-10.685066;-12.503159;743.9356;0.78808904;123.146385;100.0;0.2772119;185.24965;1496.7041;6.9581747;-0.0016670674;0.0;0.12886524;0.12886524;0.0;6.9445667;548.81165;2260.9856;-172.50722;5993.4707;0.8055556;-26.612223
1981-01-22;-7.832381;-14.404294;-12.870766;748.8752;1.256261;21.503952;100.0;0.2803657;191.01886;1469.808;0.0032186508;-0.03749132;0.0;0.12843311;0.12843311;0.0;0.0015795231;883.2011;3637.4146;-1268.3273;4518.2246;-24.884445;7.071111
1981-01-23;-6.4750724;-17.005827;-14.924599;747.05316;0.80318594;85.65796;100.0;0.28058973;196.87172;1426.3102;1.4192641;-0.04631281;0.0;0.12800097;0.12800097;0.0;1.2865775;957.7011;3841.38;-945.3961;4777.5522;-31.854445;39.595554
1981-01-24;-7.0523553;-9.429082;-12.683095;741.6193;0.65807235;80.75489;100.0;0.28235924;200.93163;1406.5348;0.9149313;0.0013913959;0.0;0.12758374;0.12757629;0.0;0.90611726;844.2661;3348.9622;-620.24664;5428.3413;4.111111;-46.92
1981-01-25;-8.809798;-10.270234;-11.497838;741.27277;0.8234393;150.69661;100.0;0.28307092;206.67023;1371.2972;0.3952668;-0.0055991113;0.0;0.12716651;0.12715906;0.0;0.3881082;807.9267;3152.0156;-638.7672;5478.128;-1.5555556;-77.861115
1981-01-26;-8.914494;-10.507943;-10.005965;742.5134;0.7186332;122.805824;100.0;0.2835195;212.74608;1334.1879;0.29371977;-0.041466206;0.0;0.12674928;0.12674183;0.0;0.28472394;841.60333;3217.0178;-706.4378;5537.8823;-28.933332;-113.71445
1981-01-27;-10.449031;-14.068001;-11.245019;744.3743;0.96736693;84.034706;100.0;0.28363702;218.82909;1297.5668;0.024586916;-0.06898679;0.0;0.12633204;0.12633204;0.0;0.023305416;880.5978;3288.08;-1209.9661;4717.8223;-50.247776;-103.58222
1981-01-28;-9.657708;-15.44846;-14.195254;749.71094;1.0375965;61.13535;100.0;0.28365257;223.59015;1269.694;0.0013947486;-0.033240765;0.0;0.12591481;0.12592226;0.0;0.00010430813;1074.4172;3918.6833;-1437.1481;4217.3706;-21.75;-13.968889
1981-01-29;-9.028314;-17.49957;-15.897312;750.98895;1.2207466;25.38256;100.0;0.28366745;227.31248;1249.1862;0.0017166131;-0.040618703;0.0;0.12552738;0.12549758;0.0;0.0;1145.3867;4081.6646;-1411.7075;4154.682;-27.27;37.183334
1981-01-30;-7.5885544;-19.12692;-16.340765;747.18353;0.8671434;58.943905;100.0;0.28370342;230.50551;1231.608;0.4341066;-0.056141056;0.0;0.12511015;0.1251027;0.0;0.4066825;1182.4484;4116.35;-1040.0028;4607.8745;-39.284443;18.864445
1981-01-31;-9.398204;-11.392732;-13.172447;741.36444;0.73772174;164.7387;100.0;0.29053017;223.59113;1298.3398;9.087195;0.0035576522;0.0;0.12469292;0.12470782;0.0;9.076249;595.9022;2287.5532;-257.32224;5834.3726;4.351111;-50.163334
1981-02-01;-9.86114;-11.460144;-10.951225;741.2905;1.0774823;224.64264;100.0;0.29507017;221.83885;1330.2408;3.4770348;-0.047150068;0.0;0.12430549;0.12430549;0.0;3.4740343;812.7233;3185.229;-371.98557;5872.6426;-33.981667;-145.98
1981-02-02;-9.451106;-11.523067;-9.670097;742.57306;0.7831988;253.11852;100.0;0.29872045;222.55824;1343.1803;1.3174593;-0.06735884;0.0;0.12391806;0.123910606;0.0;1.3092607;974.3555;3885.359;-958.45056;5250.933;-48.43111;-143.56
1981-02-03;-8.207549;-13.143889;-11.095985;745.5171;0.8385985;170.22444;100.0;0.29907906;227.82648;1314.0463;0.015836954;-0.067118555;0.0;0.12353063;0.123515725;0.0;0.011540949;1062.5405;4141.651;-1351.5845;4600.9634;-47.1;-79.72222
1981-02-04;-8.564502;-11.869407;-13.511623;745.96674;0.82252127;186.34863;100.0;0.29911277;232.38441;1288.0453;0.040948164;-0.010158867;0.0;0.123113394;0.123128295;0.0;0.036261976;1097.5972;4172.222;-1185.6575;4587.7812;-4.2555556;-51.444443
1981-02-05;-9.182645;-11.63729;-12.120917;745.14984;0.76041865;117.72434;100.0;0.29944682;236.02602;1269.6533;1.3020515;-0.039403327;0.0;0.122740865;0.122740865;0.0;1.2966692;940.88;3494.1077;-551.81335;5584.508;-27.2;-110.72667
1981-02-06;-8.0157175;-10.338314;-11.007564;747.1147;0.9369337;62.696606;100.0;0.30057696;238.83429;1259.4808;0.053828955;-0.02115313;0.0;0.12233853;0.122353435;0.0;0.05254522;1063.4338;3939.64;-1141.7195;4923.3906;-12.286667;-71.10667
1981-02-07;-7.855494;-10.25243;-10.590728;748.2212;0.8556543;156.32088;100.0;0.3007524;243.06378;1238.2812;0.82202554;-0.044449233;0.0;0.121980906;0.121973455;0.0;0.81620365;1081.7106;3911.0466;-688.5383;5560.1943;-30.331112;-107.496666
1981-02-08;-5.060061;-6.6919312;-7.5400414;743.0651;0.5305678;123.850334;100.0;0.31073532;237.85968;1304.3213;33.563644;-0.045755878;0.0;0.121593475;0.121593475;0.0;32.701225;670.705;2460.7988;-168.98944;6485.4023;-33.03;-87.17889
1981-02-09;-7.31722;-8.522572;-6.3880553;742.60297;1.3631886;206.99059;100.0;0.33932516;219.72655;1545.3287;4.578901;-0.088645145;0.0;0.12122095;0.1212284;0.0;4.564356;827.47723;3580.7588;-763.8961;5746.1797;-65.274445;-184.02112
1981-02-10;-6.7287903;-8.643921;-7.0952415;745.56525;0.79021597;238.80202;100.0;0.34115925;227.23729;1503.3365;0.11562109;-0.08490123;0.0;0.12084842;0.12084842;0.0;0.1129061;1034.19;4378.6187;-983.9139;5433.412;-60.59;-164.65889
1981-02-11;-6.326346;-14.776799;-9.3462515;745.37177;1.0859345;120.35928;100.0;0.3411971;234.51952;1456.3395;0.0052518398;-0.12832135;0.0;0.12047589;0.12046844;0.0;0.0014677644;1129.9584;4655.073;-1543.3088;4504.0737;-92.888885;-70.16
1981-02-12;-5.844606;-15.935016;-12.325688;746.5317;1.0137037;50.761246;100.0;0.3411834;239.87108;1423.9095;0.001275539;-0.081855804;0.0;0.12010336;0.12008846;0.0;0.0;1183.8262;4749.3555;-1509.1906;4308.2744;-57.396667;0.13444445
1981-02-13;-5.376999;-14.438823;-13.521138;747.02155;0.87303716;167.98561;100.0;0.34118688;244.09373;1398.9258;0.0029146671;-0.063675456;0.0;0.11971593;0.11971593;0.0;0.0012218952;1210.2755;4730.5767;-1234.5361;4583.7886;-43.646667;-4.3355556
1981-02-14;-5.246836;-9.267549;-12.395606;746.34735;0.77984804;125.907234;100.0;0.34128025;247.98077;1377.2379;0.47798347;-0.022128224;0.0;0.1193434;0.11935085;0.0;0.46456233;1189.15;4533.013;-814.89;5289.94;-12.327778;-54.386665
1981-02-15;-4.6486816;-5.877848;-8.561707;744.2299;0.65229934;216.62476;100.0;0.3426412;251.14581;1364.8275;2.9016569;-0.062253326;0.0;0.11898577;0.11898577;0.0;2.772853;784.70447;2948.091;-61.65111;6575.2886;-45.19889;-115.15111
1981-02-16;-4.1514993;-4.6606956;-5.3196244;741.2385;0.7955456;147.10472;100.0;0.36175254;241.38019;1495.931;42.359936;-0.006597489;0.0;0.118643045;0.118643045;0.0;42.112103;235.76334;961.9011;74.118614;6912.2056;-4.4644446;-47.984444
1981-02-17;-5.2344856;-6.3394914;-4.354669;743.86115;0.95328665;196.6165;100.0;0.39428222;227.71515;1732.2998;8.780848;-0.123733655;0.0;0.11828542;0.11828542;0.0;8.58219;886.93945;3850.709;-738.55334;6001.109;-91.882225;-201.67778
1981-02-18;-5.904785;-8.760704;-5.547901;747.40283;0.59735805;226.70555;100.0;0.39839986;235.86717;1691.7318;0.5195701;-0.15630573;0.0;0.11792779;0.11792034;0.0;0.51528215;1058.1444;4489.8154;-1044.0941;5475.1934;-115.61667;-205.12111
1981-02-19;-4.6855674;-5.8418174;-5.8722534;746.54175;0.7869392;240.7168;100.0;0.40550962;239.2005;1695.5566;9.597731;-0.058796257;0.0;0.11757016;0.11757016;0.0;9.56148;510.87555;2158.6523;-221.07861;6475.2812;-43.630554;-114.513336
1981-02-20;-3.9192607;-4.6223855;-4.4156165;744.8611;0.5490315;90.6558;100.0;0.4184502;239.73045;1744.873;15.323396;-0.04349742;0.0;0.117227435;0.117227435;0.0;14.539369;519.47723;2222.2073;-337.20972;6480.306;-31.51;-112.38028
1981-02-21;-5.479838;-7.026085;-5.00057;745.2058;0.84447956;241.68996;100.0;0.42667845;244.0205;1750.3662;2.421942;-0.1184782;0.0;0.11688471;0.11687726;0.0;2.4152546;983.36334;4166.596;-920.25055;5689.566;-87.10445;-184.13889
1981-02-22;-6.522898;-10.500028;-6.358393;747.46436;0.93715554;41.351086;100.0;0.42762542;252.00584;1698.649;0.6948054;-0.15456602;0.0;0.11652708;0.11652708;0.0;0.6587431;1077.5906;4438.1904;-1283.3597;5109.7534;-113.95;-177.11
1981-02-23;-7.172663;-11.767428;-8.829463;747.4773;1.20882;46.903988;100.0;0.42777768;258.6836;1655.3955;0.006506232;-0.10004453;0.0;0.11616945;0.1161769;0.0;0.003926456;1265.3944;5092.7354;-1490.8286;4649.293;-70.86889;-144.96889
1981-02-24;-7.7903495;-11.216347;-10.074504;740.97687;1.1533421;40.19357;100.0;0.42866495;263.15854;1629.6387;2.1931858;-0.0448199;0.0;0.115826726;0.11583418;0.0;2.1872072;697.7011;2740.7683;-421.80972;5851.9136;-31.696667;-50.706112
1981-02-25;-6.0479226;-8.279958;-7.7673774;740.9719;0.9175913;138.49129;100.0;0.43092832;266.24283;1619.1406;3.460139;-0.11536386;0.0;0.115484;0.11549145;0.0;3.457561;989.45667;3892.7317;-400.00665;6205.379;-85.10445;-162.87
1981-02-26;-5.752978;-6.9002075;-5.8819046;743.60065;0.93145484;199.57106;100.0;0.43682757;266.06772;1642.334;4.538661;-0.12937002;0.0;0.11515617;0.11515617;0.0;4.529357;831.1539;3388.7817;-416.80472;6273.477;-97.15889;-198.55112
1981-02-27;-5.779854;-7.282663;-5.239975;747.19073;0.8240967;120.4239;100.0;0.43863234;271.0713;1619.7103;0.66399574;-0.19198284;0.0;0.11482835;0.11481345;0.0;0.65535676;1067.3861;4294.167;-739.0906;5939.676;-144.49445;-248.87334
1981-02-28;-6.0939918;-10.992236;-5.944042;744.55396;0.9021394;72.246605;100.0;0.4387901;277.16177;1584.5133;0.1283288;-0.23682043;0.0;0.11447072;0.11447817;0.0;0.12745336;1291.6578;5073.0938;-1187.1047;5310.365;-177.21;-235.75667
1981-03-01;-6.542145;-8.994222;-6.7245545;740.6006;0.86656624;66.461975;100.0;0.44257602;278.15952;1590.5762;8.120537;-0.13614911;0.0;0.114142895;0.114135444;0.0;8.10355;771.0856;3058.5872;-551.3411;5987.402;-102.755554;-151.43777
1981-03-02;-7.197052;-9.384628;-6.818957;739.7747;0.7180026;96.20396;100.0;0.45205477;271.76987;1661.9059;13.579398;-0.13113487;0.0;0.11381507;0.11381507;0.0;13.570886;945.86334;3882.3945;-693.32275;5812.1772;-98.022224;-220.78555
1981-03-03;-7.186232;-8.7906685;-6.82239;742.1071;0.78321034;217.26636;100.0;0.46331653;264.07944;1754.9642;4.393704;-0.10615587;0.0;0.11348724;0.11347979;0.0;4.391082;843.7528;3597.1682;-524.4586;6007.8335;-79.0;-219.90445
1981-03-04;-6.618693;-8.500966;-6.337475;749.7681;0.95038384;236.08351;100.0;0.46592525;268.1569;1738.8916;0.6588191;-0.18669292;0.0;0.11315942;0.11315197;0.0;0.6482005;1128.7966;4730.2466;-890.9486;5654.237;-139.7;-235.31111
1981-03-05;-4.86285;-10.831689;-7.333196;752.01807;1.0733428;131.47374;100.0;0.46601832;274.33398;1699.8698;0.003451109;-0.16843992;0.0;0.11283159;0.11281669;0.0;0.0025965273;1401.6259;5717.1987;-1449.3925;4887.481;-122.08889;-175.40111
1981-03-06;-2.0425212;-8.584546;-8.152356;751.5517;0.86449724;167.67836;100.0;0.46601093;279.65298;1667.6432;0.0021517272;-0.10633096;0.0;0.112473965;0.112481415;0.0;0.0;1427.0667;5669.496;-1210.6122;5181.7983;-73.52111;-94.15222
1981-03-07;-2.6753132;-7.60084;-7.4430947;752.1595;0.8650121;119.507355;100.0;0.46606246;284.64682;1638.4277;0.18708706;-0.11636689;0.0;0.11214614;0.11214614;0.0;0.10874495;1446.4392;5601.947;-1276.7402;5191.367;-81.76778;-129.00555
1981-03-08;-3.035736;-9.099579;-7.843178;753.2504;0.99171686;72.08764;100.0;0.4661897;289.32388;1612.3453;0.0;-0.12041256;0.0;0.11181831;0.11180341;0.0;0.0;1563.6272;5913.058;-1601.1539;4721.3057;-84.24778;-109.636665
1981-03-09;-1.7376823;-11.190299;-8.897846;751.9073;1.0396588;95.6239;100.0;0.4661827;293.50034;1589.3148;0.0;-0.13068132;0.0;0.11149049;0.11147559;0.0;0.0;1666.3134;6149.6064;-1772.1337;4437.578;-91.61889;-44.554443
1981-03-10;-1.6109785;-13.228531;-9.691997;749.1486;1.0682021;78.9046;100.0;0.46616626;297.15396;1569.7836;0.0004261732;-0.1519192;0.0;0.11114776;0.11114776;0.0;0.0;1730.61;6236.012;-1761.2694;4405.579;-108.068886;-24.780834
1981-03-11;-1.7468466;-6.9638824;-8.499803;743.39716;0.7857949;209.8621;100.0;0.46648932;300.2985;1554.1586;2.0025141;-0.08698739;0.0;0.110819936;0.110812485;0.0;1.6957893;1571.3582;5528.8657;-755.80725;5814.7847;-59.283333;-105.702225
1981-03-12;-1.3279623;-2.3069458;-3.9659832;739.1675;1.1055316;197.90015;100.0;0.46905208;302.54526;1550.9033;4.6845613;-0.070293434;0.0;0.11049211;0.11049211;0.0;3.9583073;1263.4745;4502.098;-336.00333;6736.72;-47.996666;-164.67223
1981-03-13;-2.599355;-2.9792988;-1.5858536;738.7614;1.3859677;214.02858;100.0;0.48450163;297.39908;1628.3773;17.829094;-0.22775215;0.025168061;0.13536215;0.11018664;0.021200627;15.955299;620.129;2439.888;-134.26056;6971.7646;-175.63445;-293.325
1981-03-14;-2.62206;-3.0255737;-1.1653036;741.77045;1.1043895;207.22687;100.0;0.50022703;293.4375;1704.1422;19.605324;-0.24558045;0.0513494;0.16123056;0.10988116;0.14326349;17.709509;656.478;2453.1948;-152.24278;6980.197;-189.41888;-301.35333
1981-03-15;-2.4441223;-2.9854228;-0.9206899;743.309;0.86454654;215.30324;100.0;0.5232654;284.62695;1837.8092;18.1869;-0.18639117;0.043407083;0.15299022;0.10958314;0.18561259;16.617254;807.3903;3215.4543;-478.5178;6625.8867;-141.60611;-246.6489
1981-03-16;-2.4059448;-4.5566688;-1.0961342;747.3838;0.7470882;201.84734;100.0;0.53078896;288.85156;1839.9658;0.6895244;-0.29809213;0.010207295;0.11947751;0.109270215;0.09194948;0.65890324;1656.9231;5822.335;-1355.1978;5567.1377;-223.3689;-250.32445
1981-03-17;-2.2195537;-4.3466287;-0.99651843;746.6802;0.84328455;201.05463;100.0;0.53067625;298.79492;1778.361;0.07491112;-0.42007583;0.014081597;0.12302399;0.10894984;0.1265239;0.07252395;1798.292;5387.8506;-1105.9109;5928.615;-319.61166;-289.41
1981-03-18;-0.9173787;-2.6806335;-0.54249066;746.7053;0.8603842;159.76613;100.0;0.53045744;309.01465;1719.0756;0.4379928;-0.24444982;0.08301437;0.19164383;0.108622015;0.7239915;0.40832534;1998.3177;5426.8857;-1148.2241;5988.242;-180.75555;-234.49889
1981-03-19;0.24745686;-6.1224976;-0.35796103;748.5893;1.0551556;104.07467;100.0;0.5275888;319.22006;1654.8258;0.0052541494;-0.39966124;0.5404055;0.64870715;0.10830164;4.576009;0.0039562583;2508.4846;6255.7183;-1627.0636;5423.866;-298.37888;-226.99028
1981-03-20;1.0414938;-3.4361877;-0.25571442;745.30536;0.9718544;218.49152;100.0;0.52496356;326.48828;1608.1543;20.86144;-0.3378028;1.9506663;2.058655;0.107988715;4.6711826;10.2447195;2133.6692;5002.1196;-818.2856;6431.1455;-253.66;-178.36223
1981-03-21;-2.7184346;-4.6202188;-0.14980316;741.7144;1.0074519;205.60951;100.0;0.5358481;320.0231;1674.8047;5.158192;-0.5244967;0.0718236;0.17949939;0.10767579;0.41872448;4.6623015;1633.5466;5655.3135;-1173.2689;5868.5557;-400.27554;-382.43362
1981-03-22;-2.0296428;-4.4115295;-0.3086548;743.7719;0.8133371;186.43097;100.0;0.53630346;326.34375;1645.0195;0.1285404;-0.5459618;0.027105212;0.13448298;0.10737777;0.19202195;0.12118369;1904.5455;5691.968;-1230.6897;5851.2446;-415.78888;-344.045
1981-03-23;-2.0051167;-5.2476807;-0.33737183;744.7906;0.8624211;79.21784;100.0;0.5359438;334.4707;1603.7598;1.5047491;-0.5676672;0.047698617;0.15477836;0.107072294;0.2527479;1.2800918;2013.2256;5388.437;-1010.6086;6066.6987;-432.73;-305.71667
1981-03-24;-1.4578857;-2.7172139;-0.12721252;744.06915;0.74865985;190.67686;100.0;0.54278636;332.85385;1630.6967;10.246048;-0.35334563;0.43322146;0.5400181;0.10679662;1.9945949;8.342162;1343.5405;4298.5186;-639.745;6572.4194;-268.20776;-282.50333
1981-03-25;-1.9080912;-4.9812927;-0.23049164;746.7719;0.946433;150.55342;100.0;0.54256904;337.0127;1611.6129;0.047802925;-0.55573696;0.3887415;0.495255;0.1065135;2.6918797;0.046759844;2155.7466;6288.235;-1546.0975;5491.4116;-421.7072;-345.96112
1981-03-26;-1.880249;-3.8266296;-0.47610983;741.73785;1.0159475;58.727146;100.0;0.55064803;334.77896;1643.1885;21.770397;-0.29038265;0.041142106;0.14740229;0.10625273;0.086046755;18.844418;824.9155;2716.985;-521.95667;6578.1265;-222.57;-157.32973
1981-03-27;-2.3794353;-3.661204;-0.35986328;739.62665;0.8153613;112.1724;100.0;0.56639266;327.52798;1730.2246;5.938643;-0.30258113;0.067308545;0.1733154;0.10601431;0.2972372;4.573729;1223.539;4433.316;-864.9572;6187.5967;-228.2;-273.38306
1981-03-28;-1.8874512;-3.569163;-0.32332483;742.8169;0.7685519;179.57292;100.0;0.5679572;333.8646;1702.6367;0.27695298;-0.44696218;0.06020069;0.16596913;0.10577589;0.384897;0.17935783;1782.4989;5598.028;-995.1397;6149.8384;-338.1389;-330.35
1981-03-29;-1.2164917;-2.286438;-0.16387685;747.3994;0.8495774;227.55573;100.0;0.5666334;341.06284;1662.6791;1.2187362;-0.37320423;0.3761649;0.48170984;0.105544925;2.3225658;0.8138418;1560.9817;4332.135;-526.66364;6719.65;-283.68723;-308.5
1981-03-30;-2.3713481;-2.877065;-0.08498637;744.645;1.032464;180.93585;100.0;0.57164437;338.9756;1685.1807;19.730795;-0.35849586;0.6301701;0.7354915;0.10534376;2.6905015;17.767769;1218.2067;3431.354;-558.0978;6629.773;-275.24167;-374.74112
1981-03-31;-5.1799903;-7.741506;-0.5991923;740.1284;1.1009372;154.20647;100.0;0.5826207;331.06543;1760.2946;4.120524;-0.7302491;0.0;0.10514259;0.105150044;0.0;4.002303;1860.3162;6440.2017;-1388.225;5498.0215;-559.70056;-543.14667
1981-04-01;-8.729599;-12.708005;-2.4515545;738.46387;1.534798;52.65912;100.0;0.5884264;327.5931;1796.1426;4.262495;-0.7921318;0.0;0.10497868;0.10497868;0.0;4.229821;1381.2295;4732.1973;-1280.5339;5234.074;-612.69;-583.61
1981-04-02;-7.2249885;-11.058834;-5.6187096;744.72217;1.0439321;133.14516;100.0;0.58878976;330.57877;1781.9418;0.046527386;-0.55165404;0.0;0.10481477;0.10481477;0.0;0.03924966;2149.6106;7012.6567;-1655.6355;4839.609;-419.69666;-443.63333
1981-04-03;-3.5366516;-8.288396;-5.384084;746.4012;0.8238316;148.27493;100.0;0.58871406;333.958;1763.6719;0.49581227;-0.30645168;0.0;0.104665756;0.104650855;0.0;0.47774985;2215.5754;7082.3584;-1446.9967;5276.8643;-224.91667;-215.22223
1981-04-04;-2.9644775;-8.741943;-4.4397864;744.7978;0.8027087;168.30144;100.0;0.5888974;337.25815;1746.6227;0.031179855;-0.4201997;0.0;0.10450184;0.10450184;0.0;0.01790002;2236.9944;7093.9624;-1757.2189;4889.481;-313.87778;-227.71222
1981-04-05;-4.58798;-6.2294526;-4.221929;738.5159;0.8506704;165.85472;100.0;0.5969599;332.75815;1792.5211;18.320278;-0.21458603;0.0;0.10436773;0.10436028;0.0;17.589197;1097.9094;3662.3171;-593.88525;6211.6226;-162.74889;-255.55779
1981-04-06;-4.7195535;-6.380259;-3.874747;742.94434;0.99025923;197.61586;100.0;0.6077149;325.32877;1868.9371;1.3151765;-0.3440678;0.0;0.10421872;0.10423362;0.0;1.303494;1409.8044;5700.0674;-740.9928;6099.083;-259.07224;-367.31277
1981-04-07;-3.8979988;-6.940164;-3.5958874;742.74316;0.6102563;121.51922;100.0;0.6103578;327.0309;1865.9261;9.099493;-0.27710944;0.0;0.10411441;0.10409951;0.0;8.951727;848.6728;3338.5544;-463.68723;6413.7046;-210.23555;-168.70944
1981-04-08;-4.204468;-5.2968726;-3.2919643;741.77466;0.9091976;169.89552;100.0;0.62649345;314.88672;1988.851;13.293564;-0.20318013;0.0;0.1039654;0.1039803;0.0;12.951132;907.0722;3840.1523;-524.09973;6363.6587;-152.83278;-264.64
1981-04-09;-4.0169587;-7.1637726;-3.6007931;747.3108;0.92745405;144.23653;100.0;0.63126284;316.3317;1997.4365;0.3163453;-0.38545763;0.0;0.10386109;0.10385364;0.0;0.30855462;1610.7839;6660.4272;-1402.032;5303.351;-288.31555;-316.1389
1981-04-10;-3.1256955;-7.6282043;-5.1298804;748.66797;1.0739051;78.36011;100.0;0.63124347;321.64127;1964.681;0.027048588;-0.2648337;0.0;0.10371208;0.10371953;0.0;0.019554049;1801.8011;7163.8027;-1585.2156;4961.395;-191.63889;-220.7
1981-04-11;-1.8457133;-4.50411;-4.710209;744.88055;1.2856406;31.80765;100.0;0.63178885;326.3688;1938.0289;2.169691;-0.14431494;0.0053048134;0.10886788;0.10358542;0.0;1.1366159;1474.039;5671.4185;-776.14886;6055.3384;-100.835556;-141.77888
1981-04-12;-1.3527628;-2.4451191;-1.9782104;745.4722;0.7728304;169.55879;100.0;0.63632613;329.99966;1930.2572;6.6035566;-0.17851219;0.13391674;0.2373606;0.10345876;0.5956255;3.5932622;1369.4856;5188.15;-643.9311;6459.3013;-129.73778;-237.14333
1981-04-13;-1.662323;-4.6506753;-0.91055554;748.20605;0.8452077;175.04822;100.0;0.63836414;335.7588;1904.1748;0.16669929;-0.46077743;0.17730892;0.28063357;0.10332465;1.1043344;0.0596568;2012.0573;6578.135;-1379.1034;5627.5176;-345.86667;-321.6311
1981-04-14;-0.738149;-4.266327;-0.7889264;749.08936;0.90063363;119.6473;100.0;0.63728946;344.01627;1855.3873;0.028535724;-0.4206607;0.14430285;0.24750829;0.10320544;0.867445;0.0;2613.2644;7433.8384;-1525.2859;5516.769;-310.86444;-288.81332
1981-04-15;-1.7463175;-2.9156392;-0.45837912;745.30835;0.8417635;133.34691;100.0;0.6408562;348.7041;1838.8672;9.877775;-0.22834632;0.059977174;0.16309321;0.10313094;0.15016645;8.655251;1080.1267;2876.5173;-595.4072;6494.7;-173.78722;-177.43666
1981-04-16;0.26940918;-1.2972616;-0.17899068;741.5745;0.8548154;79.488976;100.0;0.65019095;346.73666;1876.3834;11.958057;-0.14927891;1.0228008;1.125887;0.10309368;3.3813174;5.6774354;1064.7006;3616.2717;-448.41028;6773.902;-108.74555;-157.15889
1981-04-17;-0.08722941;-0.8073934;-0.03001658;742.9219;0.8534302;88.669525;100.0;0.65408355;348.04004;1880.5338;16.29684;-0.08581765;2.3630114;2.4938583;0.1308173;5.311873;5.6923256;871.99664;2886.2695;-342.1378;6896.5054;-61.803333;-136.1811
1981-04-18;0.60457355;-1.9471741;-0.117956795;751.61664;1.1467198;90.21053;100.0;0.648771;352.54752;1842.4072;0.26081502;-0.41198546;1.6809404;1.8143058;0.13337284;8.810321;0.0028014183;2506.8972;7370.593;-1284.5745;5948.2793;-302.5411;-313.66333
1981-04-19;3.1769512;-2.2551982;-0.200339;754.84863;0.9933137;112.45746;100.0;0.63997597;358.94434;1785.3597;0.002562463;-0.33967942;1.7371029;1.8410683;0.1039803;8.934386;0.0;2849.5784;7528.88;-1604.0531;5624.519;-243.33;-165.23334
1981-04-20;4.0473022;-1.4491373;-0.17621994;754.61786;1.0829738;131.29341;100.0;0.6279654;365.09473;1722.29;0.0014874206;-0.39826706;3.1608045;3.2874942;0.12669712;13.936743;0.00063329935;3067.4568;7493.398;-1314.435;5970.8467;-287.61334;-163.60222
1981-04-21;4.105896;-1.3798014;-0.16529973;752.0671;1.1238655;129.76624;100.0;0.6128412;370.72852;1655.1514;0.016096052;-0.3828695;4.315406;4.4674277;0.152044;15.673112;0.00021606684;3148.9312;7269.4834;-1325.975;5993.2256;-275.87332;-158.23111
1981-04-22;4.039408;-0.34298706;-0.1890564;750.99585;1.0139378;88.67908;100.0;0.59889114;376.61752;1592.2445;2.604276;-0.21912158;4.7178864;4.8650503;0.14718622;12.706946;0.0;2757.5344;6099.907;-1211.2711;6052.9346;-153.53944;-106.458885
1981-04-23;3.4698486;0.72510785;-0.14791615;751.72723;1.0421413;96.827965;100.0;0.58476657;382.14844;1531.9418;0.9228289;-0.16949326;4.273444;4.480809;0.20738691;14.884732;0.00055879354;2850.0645;6106.049;-1156.4736;6158.66;-115.65444;-119.291115
1981-04-24;4.1494346;-0.11622111;-0.09164683;751.8671;1.0452522;144.44804;100.0;0.5676552;386.74545;1469.6451;0.9308659;-0.3475407;5.3503513;5.8854523;0.53510815;18.939182;0.001784414;3157.3;6595.944;-909.01416;6535.7476;-250.72778;-197.05333
1981-04-25;5.3914285;1.4960327;-0.071884155;747.71625;1.0617665;187.5822;100.0;0.5468707;390.86035;1400.9196;0.28401613;-0.33119413;7.835612;8.589745;0.75413287;22.796951;0.0;3764.729;7716.879;-1316.705;6147.362;-235.50667;-147.38333
1981-04-26;2.984721;0.40716553;-0.07359441;747.1015;1.1523713;113.3602;100.0;0.5247388;394.1517;1332.9672;0.38568974;-0.3638696;7.457286;8.672118;1.2148321;21.588842;0.0004246831;3360.821;6788.1367;-981.4031;6476.8066;-263.75888;-189.85777
1981-04-27;2.0195515;0.14158122;-0.0874354;746.9846;1.1855968;93.61509;100.0;0.50478846;397.77866;1270.7113;4.7411203;-0.32911634;8.8037405;10.185421;1.3816729;18.755213;0.0008419156;3107.213;6205.802;-835.17554;6598.51;-240.01944;-222.47667
1981-04-28;0.80185956;-1.0276489;-0.055407207;742.9561;0.92529315;126.311424;100.0;0.48953485;400.9567;1221.9645;5.7911153;-0.26588514;6.89961;7.9708247;1.0712073;13.004022;1.4901161e-05;2082.4966;4122.673;-677.1939;6653.9688;-198.52556;-161.11555
1981-04-29;0.99886066;-0.74712116;-0.068408966;740.68207;0.9392571;157.0564;100.0;0.47490725;404.67545;1174.8861;4.308194;-0.45833644;7.07525;8.0621395;0.9868741;16.07728;0.99723786;3070.422;6037.2544;-737.1775;6680.427;-342.68167;-283.79666
1981-04-30;-1.1309103;-1.5061646;-0.023216248;733.7753;0.6789779;138.211;100.0;0.4691514;397.16113;1180.2572;18.90567;-0.21088682;4.5563726;4.9274263;0.37104636;7.447526;13.0091715;1176.9523;2576.4434;-292.2925;6989.6265;-160.53444;-223.9289
1981-05-01;-2.785838;-3.6211243;-0.11666361;737.4919;0.93233603;196.95154;100.0;0.48423564;368.3662;1313.1918;13.672472;-0.41148996;0.30216575;0.59725344;0.2950877;0.5201138;12.282766;1128.5155;4022.8994;-550.9853;6588.996;-314.15887;-387.49777
1981-05-02;-1.4505819;-3.268814;-0.1526006;747.4826;0.9836814;205.94482;100.0;0.4883877;365.06152;1338.3383;2.0756633;-0.5562473;0.916034;1.2518018;0.33576787;2.4504774;0.7371828;1951.4578;6468.4272;-1003.67834;6155.198;-419.545;-376.56
1981-05-03;-0.48631796;-3.6408794;-0.14827473;748.6254;1.0962619;175.7668;100.0;0.48541617;370.0524;1312.5;0.63739717;-0.50800854;1.1799484;1.5508235;0.37086755;3.8397164;0.12328476;1990.9022;5770.3833;-955.2125;6256.419;-381.96555;-244.86778
1981-05-04;0.18028767;-1.9533488;-0.088974;746.9583;1.016369;175.95058;100.0;0.47933534;374.9912;1279.0934;0.75513124;-0.48704073;2.2298992;2.632171;0.40228665;7.3423123;0.0051371753;2100.6868;5505.291;-614.3578;6692.579;-366.64612;-258.66666
1981-05-05;2.2974346;0.02448527;-0.01781845;745.36383;0.8955498;132.92072;100.0;0.4655477;378.30112;1231.9742;6.073707;-0.33355132;8.326992;9.204313;0.8773282;17.458696;0.0;2802.141;6811.3154;-933.2414;6511.1743;-239.78111;-225.58333
1981-05-06;3.4906719;0.7610372;-0.07758585;746.46014;0.9231091;173.5185;100.0;0.44870576;382.48795;1174.4791;0.15821457;-0.30808243;6.429419;7.612467;1.1830256;17.364838;0.00010803342;3371.2273;7752.4277;-1121.1589;6305.2607;-217.12889;-202.19221
1981-05-07;3.3761902;-0.74710083;-0.06738663;747.98975;1.0846832;221.86127;100.0;0.4284629;385.57846;1112.5082;0.037515163;-0.4705088;8.493796;10.044932;1.5511439;21.023378;0.0;3442.189;7586.493;-1376.8378;5993.476;-343.63666;-200.76555
1981-05-08;3.957713;-2.9259236;-0.18350983;748.2473;1.3326601;97.977135;100.0;0.40996793;390.45932;1051.5543;0.056585696;-0.46531203;7.1382074;8.380607;1.2423843;17.938574;0.0;3626.0278;7744.5894;-1459.6797;5888.471;-337.1011;-129.15334
1981-05-09;2.934428;-1.4270834;-0.124791466;745.75934;1.1044024;61.41425;100.0;0.39408365;396.09732;996.05304;8.107945;-0.26780927;7.933423;9.135067;1.201652;14.367096;0.55520236;2730.8416;5694.8604;-908.8197;6468.6357;-191.81223;-92.65222
1981-05-10;1.4530945;-0.41927084;-0.063593544;748.9913;0.84588194;186.26509;100.0;0.38019934;398.11685;955.9733;1.7473397;-0.28259307;6.971702;9.232863;2.2611692;16.364552;0.0;2259.3079;4736.519;-693.3661;6624.033;-207.64667;-164.13777
1981-05-11;1.0687256;-1.6148376;-0.15913773;748.4178;1.1333157;178.01587;100.0;0.36429617;402.53677;906.49414;0.4731834;-0.6032651;5.742252;7.316828;1.5745685;15.654728;0.004835427;3458.109;7118.9224;-1192.9283;6132.026;-451.8911;-290.12668
1981-05-12;1.2655233;-0.9194336;-0.09056854;746.51605;1.3646082;222.21826;100.0;0.3473177;407.1429;854.5329;2.954319;-0.6856099;7.909894;10.548934;2.6390479;16.89972;0.00047311187;3405.6523;6900.9487;-996.2905;6423.9756;-517.42554;-290.85333
1981-05-13;2.8018696;0.17381795;-0.10706965;748.01685;1.2366802;201.03569;100.0;0.3282331;411.83496;798.70605;0.79799557;-0.5190838;8.523345;10.915979;2.3926423;20.427216;0.0007972121;3654.6873;7316.4365;-1053.1444;6365.182;-383.47943;-241.3189
1981-05-14;3.9122722;2.8943176;-0.019737244;748.7717;1.2078668;251.72429;100.0;0.305721;414.97818;738.5661;11.850044;-0.1222929;15.301392;20.0883;4.7869086;23.648836;0.0;2949.0283;5845.47;-537.11475;7013.6284;-78.695;-134.55779
1981-05-15;2.1969197;1.272817;-0.009123485;745.0357;1.0854695;211.14424;100.0;0.2846377;415.97885;685.50616;13.626007;-0.12083631;14.061838;19.300014;5.238183;20.334925;1.5604422;2463.2495;4846.073;-495.4325;6986.683;-81.73556;-149.95111
1981-05-16;0.44640097;-1.9879761;-0.09889221;742.1277;0.8897726;166.2126;100.0;0.26941812;413.95834;651.48926;7.6699343;-0.5533732;7.62634;11.666298;4.039951;15.170131;2.530355;3212.9;6780.6646;-1226.0328;6087.41;-414.7211;-268.31778
1981-05-17;1.2592773;-1.8827413;-0.14879863;746.118;0.90095705;115.390236;100.0;0.25827658;408.40756;632.6904;4.4207397;-0.5126577;6.938398;11.260986;4.322581;14.194344;0.09350106;2880.9556;6705.099;-1122.1777;6158.078;-381.44;-252.41667
1981-05-18;4.0243936;-1.0118307;-0.297863;750.7295;1.0826987;108.23246;99.65804;0.24265595;414.5244;586.18164;0.5451968;-0.3962703;7.167384;12.670755;5.5033937;16.758263;0.0;3481.0156;7743.451;-1541.5144;5753.766;-284.72665;-155.63333
1981-05-19;5.7412415;-0.64872235;-0.3241628;750.83936;1.1155785;108.61316;97.694664;0.22434227;421.76465;532.43;0.7886529;-0.41159803;7.7612696;13.326899;5.5656285;19.299612;0.0;3660.9644;7769.182;-1435.5172;5944.3887;-290.71777;-129.30112
1981-05-20;6.281372;-1.2118937;-0.31736884;751.8527;1.2739514;156.75447;95.737305;0.20488083;429.06705;477.8646;0.8364618;-0.58210456;8.157462;15.050277;6.892815;19.20052;0.0;3782.7012;7725.601;-1433.9795;5973.2646;-419.11667;-106.77111
1981-05-21;7.0450644;0.5859578;-0.1543401;752.80756;1.0902907;116.77429;94.697754;0.1865778;436.03677;427.6937;5.742848;-0.34995937;9.206653;16.535477;7.3288455;17.292711;0.0;2685.0322;5351.899;-520.0278;7000.296;-245.75;-47.77889
1981-05-22;5.130066;3.0570476;-0.038382214;751.10785;1.0581225;236.47913;94.16268;0.16624732;439.57422;378.09244;10.807338;-0.28200263;15.806898;27.401283;11.594385;22.77752;0.0;3235.0771;6324.7266;-798.6572;6752.339;-190.41556;-178.67223
1981-05-23;5.10494;-0.31853232;-0.24314499;751.9942;1.1900516;253.03253;93.9043;0.14263304;441.3379;322.95737;0.010097027;-0.70844406;10.088295;22.049517;11.961214;23.981024;0.0;3981.2527;7686.9365;-1423.7839;6048.324;-511.92944;-202.31444
1981-05-24;4.2602334;-0.7601929;-0.60135144;751.2684;1.3973145;121.12155;93.80859;0.12281827;446.2054;274.6582;3.6761165;-0.67730343;8.927643;22.380054;13.452426;17.960768;0.0;3811.35;7292.6064;-1582.3506;5748.691;-494.84723;-194.94444
1981-05-25;6.4287925;-2.5605366;-0.67574435;751.189;1.1869804;96.34963;93.76896;0.10170571;447.3685;226.88802;0.0009536743;-0.6689504;9.641558;23.087278;13.44572;23.086895;0.0009685755;4393.6255;8350.4375;-1663.8228;5726.4277;-474.03168;-169.41222
1981-05-26;8.465485;-1.9745178;-0.3872579;750.5666;1.1237317;90.010956;91.864586;0.079028726;447.35938;176.47298;1.820052;-0.5902313;9.572;22.918373;13.346367;22.035793;0.0;3737.2527;7021.8013;-1014.98553;6536.561;-416.24335;-107.797775
1981-05-27;6.2792764;0.8814799;-0.41131845;748.76996;1.7187864;160.29659;87.88119;0.056654017;447.35938;126.87174;0.7614194;-0.7925322;9.62922;22.824675;13.195456;22.680048;0.0;3928.2683;7218.257;-1323.8245;6192.8574;-568.6411;-109.83
1981-05-28;5.1300864;-0.6775411;-1.19377;750.92426;1.2560397;178.23665;76.13867;0.036702115;447.35938;82.35677;1.0761476;-0.9933645;7.2173924;20.145119;12.927733;17.929089;0.0;4033.5366;7139.467;-1435.8011;5990.6177;-717.9072;-283.78445
1981-05-29;7.7660728;0.46533203;-1.0483907;752.80426;1.0984179;85.85111;46.935547;0.020524263;447.35938;46.26465;0.17730892;-1.4390517;5.1461163;17.172783;12.026675;14.29522;0.0;4758.527;7267.4834;-1560.8339;6216.8823;-1002.20886;-350.50223
1981-05-30;9.718699;1.7119344;-0.5458514;753.07056;1.1585892;82.955696;22.29484;0.009674072;447.35938;21.647135;0.5692005;-2.3312829;3.0161142;14.332086;11.315971;8.608066;0.0;5573.4785;7598.4043;-1768.9216;6392.03;-1619.4233;-568.9022
1981-05-31;10.075897;1.4602356;-0.20828502;753.20575;1.0975589;100.773125;9.133789;0.0039465427;447.35938;9.033203;1.0183036;-2.9864442;1.4004111;11.814565;10.414168;3.9252863;0.0;6004.269;7738.452;-2085.1655;6322.832;-2074.6711;-752.87445
1981-06-01;11.403605;1.208486;-0.1277949;753.186;1.226472;118.74308;3.4148762;0.0014702877;447.35938;3.4179688;0.20713508;-3.4378524;0.46794862;9.9413395;9.473391;1.5911907;0.0;6063.713;7630.5522;-2151.2366;6404.0654;-2388.2388;-723.3111
1981-06-02;13.482849;-0.79246014;-0.122618355;750.55493;1.5126094;117.40073;1.1677246;0.00050048035;434.8278;1.3427734;0.57735807;-3.987563;0.24408102;8.820981;8.576907;0.59875476;0.0;6440.9062;8025.21;-2211.3772;6474.094;-2770.2156;-778.4056
1981-06-03;13.025696;-1.8556213;-0.08194224;747.0889;1.8654385;204.21034;0.38069662;0.0001635154;428.38086;0.36621094;0.07532745;-3.9475644;0.051781535;7.8215003;7.7697186;0.18083677;0.0;6188.9385;7679.5444;-2260.3284;6345.056;-2742.351;-733.3489
1981-06-04;8.189128;-1.5082194;-0.19224167;744.64594;1.8332329;201.12367;0.1373698;5.920728e-05;428.09375;-7.345365e-21;3.1558065;-3.3560908;0.506565;7.5735;7.066928;0.058617443;0.0;6273.05;7768.379;-2277.9617;6057.8115;-2331.4277;-1494.8678
1981-06-05;5.5589805;-0.6573079;-0.3621343;745.7434;1.2933692;159.51607;0.055582684;2.3881594e-05;428.09375;-7.345365e-21;0.6261319;-3.2078354;0.090271235;6.552398;6.4621344;0.02143532;0.0;6262.673;7744.8623;-2222.7563;6018.4443;-2228.3977;-1552.6244
1981-06-06;5.1757812;0.21321614;-0.15050125;749.7366;1.0934855;57.999237;0.02360026;1.001358e-05;428.09375;-7.345365e-21;2.53202;-2.9295218;0.37758052;6.3173175;5.9397445;0.0092200935;0.0;5539.082;6841.8564;-1987.5339;6268.6855;-2035.0433;-1269.7755
1981-06-07;5.798777;1.3881735;-0.26863226;751.86945;1.174306;73.09503;0.010579427;4.251798e-06;428.09375;-7.345365e-21;3.5020442;-2.9062033;0.52055717;6.0095043;5.4889545;0.003900379;0.0;5424.3867;6692.818;-1952.3245;6346.2383;-2018.8434;-1186.1167
1981-06-08;7.0429587;1.2760721;-0.22117615;752.4512;1.3726112;40.875637;0.0043945312;1.7881393e-06;428.09375;-7.345365e-21;2.4489264;-3.3044853;0.36893785;5.4651203;5.096197;0.0016465783;0.0;5894.7207;7265.4155;-2085.2644;6285.257;-2295.5166;-1177.9222
1981-06-09;8.946666;0.633667;-0.12257131;754.6082;1.6496811;38.835194;0.0013020834;5.165736e-07;428.09375;-7.345365e-21;0.1559739;-3.8271286;0.01938641;4.7691464;4.7497377;0.00067055225;0.0;6649.9985;8187.742;-2433.006;6040.3936;-2658.5789;-1180.1422
1981-06-10;10.281697;1.5362753;-0.039852142;754.5522;1.4226211;43.203033;0.0;-7.3453654e-25;428.09375;-7.345365e-21;0.048696995;-3.7843742;0.005811453;4.4483542;4.442543;0.00024586916;0.0;6519.4756;8018.621;-2336.9592;6301.491;-2628.879;-1079.7977
1981-06-11;10.503754;4.1380715;-0.6410243;752.52325;1.2753379;67.77926;0.0;-7.3453654e-25;322.6582;-7.345365e-21;2.5503695;-3.216657;0.33195317;4.5020285;4.170075;7.4505806e-05;0.0;5601.383;6882.1157;-1901.945;6831.384;-2234.5044;-1003.84
1981-06-12;9.573924;5.455404;-1.8261579;751.20807;1.1071278;58.18532;0.0;-7.3453654e-25;110.182594;-7.345365e-21;5.8784366;-2.9029343;0.7880777;4.7167244;3.9286315;2.9802322e-05;0.0;5293.1724;6496.608;-1893.6675;6816.1074;-2016.5712;-1036.5178
1981-06-13;10.236928;3.154256;-0.19693756;750.6538;1.1704198;110.86242;0.0;-7.3453654e-25;101.76105;-7.345365e-21;2.4998384;-3.4078677;0.35102665;4.0628614;3.711842;3.7252903e-06;0.0;5503.5483;6747.7046;-1785.4233;6927.1187;-2367.3323;-1058.32
1981-06-14;10.73585;0.92392987;0.010055542;748.3837;1.3310112;122.5545;0.0;-7.3453654e-25;99.99998;-7.345365e-21;0.7138014;-3.687367;0.07595122;3.5908818;3.514923;0.0;0.0;5944.8;7281.3667;-2165.8467;6502.068;-2561.4912;-933.95447
1981-06-15;9.786946;0.5680644;0.0099817915;745.31537;1.752417;161.22078;0.0;-7.3453654e-25;99.99998;-7.345365e-21;1.1230558;-3.401924;0.1180619;3.4543276;3.3362732;0.0;0.0;6007.558;7350.5044;-2127.2073;6477.231;-2363.2021;-1237.5734
1981-06-16;8.836578;1.0265707;0.010105133;745.73773;1.3610506;193.25307;0.0;-7.3453654e-25;99.99998;-7.345365e-21;1.8413067;-3.3397348;0.20101666;3.374517;3.1735003;0.0;0.0;5954.0044;7284.21;-2005.7711;6627.2886;-2320.0034;-1308.18
1981-06-17;7.571106;1.6957397;0.009529114;746.7087;1.0253695;116.091125;0.0;-7.3453654e-25;100.00259;-7.345365e-21;4.791292;-2.952205;0.6121397;3.6379695;3.0258298;0.0;0.0;5034.8037;6158.5913;-1836.2883;6582.081;-2050.7979;-1169.35
1981-06-18;9.841492;2.80601;0.009950002;748.7723;1.2326444;40.19978;0.0;-7.3453654e-25;99.99998;-7.345365e-21;0.40094554;-3.3366811;0.040397048;2.9301345;2.889745;0.0;0.0;5844.651;7148.359;-2081.065;6582.3457;-2317.881;-1018.1411
1981-06-19;12.914531;4.7496033;0.010022481;751.8488;1.3158549;48.98285;0.0;-7.3453654e-25;99.99998;-7.345365e-21;0.0017398661;-3.674063;0.00016391277;2.7631521;2.7629957;0.0;0.0;6188.8545;7568.3965;-2197.379;6730.9814;-2552.25;-931.07776
1981-06-20;14.053497;5.4443665;0.009900411;751.3862;1.4137877;46.80659;0.0;-7.3453654e-25;100.00519;-7.345365e-21;0.016152859;-3.9174893;0.0014901161;2.6465952;2.64509;0.0;0.0;6544.382;8002.177;-2292.8206;6794.1743;-2721.3489;-1000.66
1981-06-21;14.985057;6.360494;0.010234833;748.93866;1.3483983;54.805023;0.0;-7.3453654e-25;100.00519;-7.345365e-21;0.019133091;-3.6254358;0.0015497208;2.5370865;2.5355368;0.0;0.0;6071.787;7423.3677;-2133.3835;7076.7935;-2518.47;-899.9022
1981-06-22;15.45869;5.213694;0.010227203;748.0463;1.2826163;117.70032;0.0;-7.3453654e-25;99.99998;-7.345365e-21;1.3426691;-3.474732;0.12229383;2.5561004;2.4338067;0.0;0.0;5874.469;7181.2656;-2113.7668;7115.184;-2413.78;-915.3467
1981-06-23;15.9296875;1.8116455;0.009953816;749.7073;1.4706836;122.959015;0.0;-7.3453654e-25;99.99998;-7.345365e-21;0.023279037;-3.7907288;0.0016242266;2.3405552;2.338916;0.0;0.0;6271.2163;7665.203;-2367.9697;6819.852;-2633.2922;-924.37445
1981-06-24;14.78889;1.5307719;0.009770711;749.64374;1.2714232;96.158226;0.0;-7.3453654e-25;99.99998;-7.345365e-21;0.0;-3.8057678;0.0;2.24939;2.249405;0.0;0.0;7000.6113;8555.529;-2708.6702;6527.621;-2643.74;-1186.6611
1981-06-25;12.643605;6.7431335;0.009820302;750.2163;1.4263552;36.71018;0.0;-7.3453654e-25;100.00779;-7.345365e-21;6.703207;-2.9236014;0.662297;2.8280468;2.1657422;0.0;0.0;5769.227;7049.8564;-2060.0671;7106.0254;-2030.9288;-1319.0566
1981-06-26;12.621246;5.100759;0.009915669;750.5728;1.7773641;38.118587;0.0;-7.3453654e-25;99.99998;-7.345365e-21;0.06260872;-3.4611495;0.0048726797;2.0929873;2.0881147;0.0;0.0;6065.4824;7410.8945;-2195.4912;6818.6733;-2404.345;-1279.0477
1981-06-27;13.403636;3.746928;0.0098775225;750.1538;1.6065055;44.404938;0.0;-7.3453654e-25;99.99998;-7.345365e-21;0.0020664947;-3.56232;0.00017881393;2.0146072;2.0144582;0.0;0.0;6717.783;8206.845;-2440.0422;6694.319;-2474.6255;-1414.52
1981-06-28;12.622539;6.531626;-0.0096918745;749.636;1.3157718;75.22878;0.0;-7.3453654e-25;100.017235;-7.345365e-21;8.703136;-2.7374587;0.8700043;2.8152466;1.9452572;0.0;0.0;5560.8823;6792.595;-2050.05;7075.7754;-1901.6211;-1309.8833
1981-06-29;13.933929;4.6145325;-0.016203562;750.07404;1.3680086;92.2228;0.0;-7.3453654e-25;100.02472;-7.345365e-21;1.8079579;-3.5682023;0.1707673;2.0514278;1.8806607;0.0;0.0;5817.333;7104.8257;-2056.0383;7023.8857;-2478.7122;-1025.7189
1981-06-30;14.560486;1.9492289;0.009984334;747.79816;1.5059252;127.38746;0.0;-7.3453654e-25;100.0104;-7.345365e-21;1.0550797;-3.761161;0.09229779;1.9116402;1.8193424;0.0;0.0;6219.763;7595.4854;-2183.0469;6931.8345;-2612.7534;-1166.0823
1981-07-01;14.033641;0.27408853;0.0099983215;746.2204;1.532729;124.78604;0.0;-7.3453654e-25;99.99998;-7.345365e-21;0.6212354;-3.7496016;0.04990399;1.8107891;1.7609;0.0;0.0;6849.995;8363.942;-2559.216;6529.197;-2604.7222;-1392.1433
1981-07-02;14.340637;1.484548;0.010111491;746.7292;1.3252218;121.93067;0.0;-7.3453654e-25;99.99998;-7.345365e-21;0.008243321;-3.6275647;0.00059604645;1.7057955;1.7051995;0.0;0.0;6810.602;8314.6875;-2553.9468;6639.864;-2519.95;-1368.6344
1981-07-03;14.459432;2.5265503;0.009887695;747.53107;1.228902;95.2974;0.0;-7.3453654e-25;99.99998;-7.345365e-21;0.099527836;-3.2137084;0.0068843365;1.6590357;1.6521587;0.0;0.0;6459.719;7885.2935;-2511.5383;6773.2563;-2232.4556;-1317.2123
1981-07-04;13.580261;3.8887837;0.00984319;747.81305;1.189217;95.5538;0.0;-7.3453654e-25;99.99998;-7.345365e-21;0.35888553;-2.568459;0.023886561;1.6259849;1.6020983;0.0;0.0;5619.487;6858.78;-2305.469;6905.2837;-1784.2234;-1286.1333
1981-07-05;13.721028;3.1563923;0.009815216;747.7449;1.327892;97.03781;0.0;-7.3453654e-25;100.00519;-7.345365e-21;1.7445982;-2.62653;0.13786554;1.6925931;1.5547276;0.0;0.0;6027.3306;7355.662;-2303.4478;6990.1733;-1824.5634;-1552.5444
1981-07-06;15.0008545;4.9589744;0.010092418;748.3167;1.3398696;76.49074;0.0;-7.3453654e-25;100.03416;-7.345365e-21;0.10200739;-2.7811546;0.0065416098;1.5159845;1.5094131;0.0;0.0;6168.5684;7527.148;-2400.466;7024.2266;-1931.9756;-1350.8522
1981-07-07;16.332031;2.839101;0.010266622;749.0747;1.3014522;101.994804;0.0;-7.3453654e-25;99.99998;-7.345365e-21;0.00500679;-2.724465;0.00031292439;1.4660805;1.4657676;0.0;0.0;6310.7383;7699.5127;-2487.6091;7102.7812;-1892.5956;-1519.8789
1981-07-08;16.957489;-0.023417154;0.009700775;749.15985;1.4244834;161.52432;0.0;-7.3453654e-25;99.99998;-7.345365e-21;0.0;-2.5697556;0.0;1.423806;1.4238133;0.0;0.0;6990.0874;8527.31;-3066.706;6548.221;-1785.1244;-1767.5612
1981-07-09;17.3845;-2.3175862;0.010019938;748.6109;1.1872623;126.64921;0.0;-7.3453654e-25;99.99998;-7.345365e-21;0.0012814989;-2.2712984;8.940697e-05;1.3837516;1.3836548;0.0;0.0;7169.871;8745.549;-3479.046;6150.7734;-1577.7944;-1697.581
1981-07-10;16.843689;-3.3997905;0.009995778;748.01764;1.3380376;112.24366;0.0;-7.3453654e-25;99.99998;-7.345365e-21;0.0017166131;-1.9980493;0.00010430813;1.3453364;1.3452246;0.0;0.0;7203.149;8785.005;-3547.0662;6071.1733;-1387.9784;-1860.4423
1981-07-11;16.74347;-2.3109233;0.0099487305;747.9863;1.2711135;138.82573;0.0;-7.3453654e-25;99.99998;-7.345365e-21;0.0017195934;-1.8341839;0.00010430813;1.3085008;1.3083965;0.0;0.0;7125.433;8689.102;-3483.4739;6188.13;-1274.1466;-1957.3722
1981-07-12;17.714365;-1.7366943;0.010148366;749.3471;1.2557561;102.92742;0.0;-7.3453654e-25;99.99998;-7.345365e-21;0.0012814989;-1.812729;8.940697e-05;1.2730658;1.2729913;0.0;0.0;7107.751;8666.418;-3441.2622;6409.257;-1259.2422;-1859.4445
1981-07-13;18.689077;0.7631938;0.010108948;750.7756;1.3263804;105.35437;0.0;-7.3453654e-25;99.99998;-7.345365e-21;0.00043511385;-1.7575045;2.9802322e-05;1.238957;1.2389348;0.0;0.0;6968.488;8495.493;-3300.4355;6723.0845;-1220.88;-1905.0734
1981-07-14;20.447205;5.4939065;0.009946187;750.7514;1.4400921;86.27662;0.0;-7.3453654e-25;99.99998;-7.345365e-21;0.0;-1.6936623;0.0;1.2061894;1.206182;0.0;0.0;6751.009;8229.325;-3053.8845;7214.4854;-1176.5311;-1834.7156
1981-07-15;21.510489;5.8690796;0.009969075;749.27203;1.4607977;98.54214;0.0;-7.3453654e-25;99.99998;-7.345365e-21;0.0021556434;-1.6060137;0.00011920929;1.174882;1.1747628;0.0;0.0;6411.812;7814.819;-2910.1267;7485.01;-1115.6444;-1782.5089
1981-07-16;21.875814;5.897512;0.009896596;748.26324;1.4009023;108.51834;0.0;-7.3453654e-25;99.99998;-7.345365e-21;0.00085234636;-1.5250072;5.9604645e-05;1.1446774;1.1446327;0.0;0.0;6239.444;7603.0234;-2782.0122;7658.238;-1059.3711;-1818.6755
1981-07-17;21.265554;2.6021423;0.009888967;748.3282;1.5343509;125.65716;0.0;-7.3453654e-25;100.00259;-7.345365e-21;0.0012934206;-1.5524086;7.4505806e-05;1.1156797;1.1155977;0.0;0.0;6787.624;8269.146;-3119.9238;7270.479;-1078.4055;-2180.0222
1981-07-18;19.64089;1.5046285;0.009914398;747.9189;1.4965979;104.24582;0.0;-7.3453654e-25;99.99998;-7.345365e-21;0.00042617318;-1.4866014;2.9802322e-05;1.0876209;1.087591;0.0;0.0;6913.121;8420.123;-3265.9177;6986.1895;-1032.6923;-2182.1555
1981-07-19;16.863321;8.537038;0.010177612;748.1036;1.7687515;40.134853;0.0;-7.3453654e-25;100.00779;-7.345365e-21;0.25172532;-1.0795314;0.013425946;1.0744631;1.0610372;0.0;0.0;5359.1475;6525.761;-2337.8489;7598.3613;-749.9144;-2062.9456
1981-07-20;17.133474;5.2245483;0.009822845;748.8481;1.5450788;51.5977;0.0;-7.3453654e-25;99.99998;-7.345365e-21;0.0030378797;-1.2426702;0.00017881393;1.0357797;1.0356083;0.0;0.0;6066.926;7386.3423;-2641.2896;7342.2812;-863.2411;-2195.209
1981-07-21;17.404581;3.851532;0.009895325;750.51117;1.3147998;54.44017;0.0;-7.3453654e-25;99.99998;-7.345365e-21;0.019810004;-1.1602305;0.0011175871;1.0120869;1.0109544;0.0;0.0;5655.001;6883.3027;-2696.6145;7308.276;-805.9733;-1869.9889
1981-07-22;17.297586;1.5457255;0.0097796125;751.84644;1.573486;45.083622;0.0;-7.3453654e-25;99.99998;-7.345365e-21;0.0008553266;-1.2823548;4.4703484e-05;0.987187;0.9871349;0.0;0.0;6805.333;8281.572;-3270.8933;6721.1772;-890.81;-2341.5422
1981-07-23;17.388266;-0.6531169;0.00969696;752.6477;1.7674274;42.61743;0.0;-7.3453654e-25;99.99998;-7.345365e-21;0.0017155862;-1.2430549;8.940697e-05;0.9640753;0.96397847;0.0;0.0;6880.5913;8371.234;-3337.8362;6619.448;-863.51;-2375.2478
1981-07-24;17.598297;0.7562358;0.010008494;753.17975;1.7713474;44.264923;0.0;-7.3453654e-25;99.99998;-7.345365e-21;0.0017265511;-1.1865152;0.00010430813;0.9417534;0.941664;0.0;0.0;6645.218;8083.146;-3143.7715;6848.9023;-824.23334;-2307.4343
1981-07-25;18.065176;1.5912985;0.009759267;753.00806;1.6968323;45.303955;0.0;-7.3453654e-25;99.99998;-7.345365e-21;0.0017053117;-1.0490566;8.940697e-05;0.9203553;0.9202659;0.0;0.0;5792.957;7045.0273;-2495.3545;7567.6377;-728.7439;-2101.9377
1981-07-26;17.614594;-0.48736572;0.009904225;752.8501;1.7288641;40.12823;0.0;-7.3453654e-25;99.99998;-7.345365e-21;0.00043511385;-1.1539459;2.9802322e-05;0.899598;0.8995831;0.0;0.0;6719.068;8169.296;-3229.6006;6834.6865;-801.6078;-2475.3477
1981-07-27;18.679138;0.5123088;0.010060628;753.1406;1.380561;79.39786;0.0;-7.3453654e-25;99.99998;-7.345365e-21;0.0017166131;-1.1586379;0.00010430813;0.87955594;0.8794591;0.0;0.0;6534.8823;7943.5557;-3105.1992;7044.2188;-804.86664;-2183.5889
1981-07-28;20.194193;-0.4507955;0.009756724;754.333;1.1880382;106.7665;0.0;-7.3453654e-25;99.99998;-7.345365e-21;0.0008523463;-1.0823104;4.4703484e-05;0.8601397;0.8600727;0.0;0.0;5732.222;6966.3193;-2808.6355;7473.26;-751.8456;-1738.4967
1981-07-29;20.109924;1.1669413;0.009976705;755.1297;1.0851095;83.49879;0.0;-7.3453654e-25;99.99998;-7.345365e-21;0.002820549;-0.9627044;0.00011920929;0.841707;0.84158033;0.0;0.0;5105.4385;6203.1143;-2631.4563;7589.4556;-668.7589;-1469.9144
1981-07-30;20.232798;1.612142;0.010121663;754.2996;1.1556044;65.03773;0.0;-7.3453654e-25;99.99998;-7.345365e-21;0.0012915488;-1.0688715;7.4505806e-05;0.8236766;0.8236319;0.0;0.0;5832.0444;7084.4995;-2886.0583;7443.6104;-742.5089;-1805.9222
1981-07-31;20.058594;1.0050863;0.009897868;751.98334;1.0445048;76.53725;0.0;-7.3453654e-25;99.99998;-7.345365e-21;0.0008523463;-0.985859;4.4703484e-05;0.8062422;0.8061826;0.0;0.0;5445.2856;6613.158;-2701.1184;7600.779;-684.8433;-1690.2533
1981-08-01;20.209839;0.02681478;0.009742737;751.61224;1.1519845;80.16712;0.0;-7.3453654e-25;99.99998;-7.345365e-21;0.0004351138;-0.99475867;2.9802322e-05;0.789389;0.7893592;0.0;0.0;5588.3315;6785.3457;-2831.4978;7447.6104;-691.0267;-1709.3966
1981-08-02;20.006094;2.9460347;0.009747823;753.2464;1.0889707;73.147896;0.0;-7.3453654e-25;99.99998;-7.345365e-21;0.030475855;-0.94199926;0.0016093254;0.77468157;0.7730499;0.0;0.0;5402.318;6558.19;-2637.3784;7658.0054;-654.37555;-1738.4467
1981-08-03;19.378897;2.5886738;0.009929657;754.2591;1.1490546;82.123985;0.0;-7.3453654e-25;100.00519;-7.345365e-21;0.014784932;-0.9271968;0.0007748604;0.758037;0.75726956;0.0;0.0;5460.1826;6626.851;-2671.179;7562.5757;-644.0922;-1873.1411
1981-08-04;18.857147;0.63515216;0.009882609;753.0192;1.100585;103.034676;0.0;-7.3453654e-25;99.99998;-7.345365e-21;0.006431341;-0.9827707;0.00032782555;0.74225664;0.74192137;0.0;0.0;5969.5024;7243.44;-2976.1616;7232.5796;-682.69775;-1998.9312
1981-08-05;17.295359;3.5133057;0.009838104;749.50665;1.5210695;130.56142;0.0;-7.3453654e-25;99.99998;-7.345365e-21;2.9338539;-1.1065136;0.19058585;0.9177327;0.7271543;0.0;0.0;5688.38;6900.7007;-2676.294;7214.795;-768.6589;-2156.2788
1981-08-06;16.83898;0.88190717;0.009994507;748.10724;1.6365594;149.42593;0.0;-7.3453654e-25;99.99998;-7.345365e-21;0.0151600465;-1.910788;0.00062584877;0.7135272;0.71293116;0.0;0.0;6508.9746;7894.344;-2984.1667;6717.1284;-1327.3611;-2180.23
1981-08-07;16.58027;-2.5313313;0.009920756;750.26166;1.5376724;183.0746;0.0;-7.3453654e-25;99.99998;-7.345365e-21;0.003489852;-1.4297385;0.00014901161;0.6991774;0.6990284;0.0;0.0;6626.8975;8035.6494;-3204.244;6421.1987;-993.1911;-2313.5977
1981-08-08;16.68331;-0.016601562;0.009802501;750.82416;1.4213586;186.98071;0.0;-7.3453654e-25;99.99998;-7.345365e-21;0.12252033;-1.0752846;0.005930662;0.6915629;0.68564713;0.0;0.0;5643.173;6841.2837;-2723.024;6913.5835;-746.9644;-2043.4244
1981-08-09;16.292246;-3.0243835;0.009849548;750.21313;1.3752794;144.31744;0.0;-7.3453654e-25;99.99998;-7.345365e-21;0.0017136326;-1.08111;8.940697e-05;0.6726533;0.6725639;0.0;0.0;6692.556;8111.5054;-3375.6394;6327.9424;-751.0111;-2353.2932
1981-08-10;15.03008;-0.14652507;0.01001358;749.5826;1.3264203;102.919044;0.0;-7.3453654e-25;99.99998;-7.345365e-21;0.00095963466;-0.92034787;4.4703484e-05;0.6598234;0.65977126;0.0;0.0;6248.8237;7571.9287;-2954.1797;6779.542;-639.3345;-2410.1355
1981-08-11;15.115662;2.5545146;0.0102933245;749.17993;1.1688408;81.27126;0.0;-7.3453654e-25;99.99998;-7.345365e-21;0.041396707;-0.78332794;0.001616776;0.6490648;0.64745545;0.0;0.0;5620.6685;6809.243;-2851.794;6826.8535;-544.1511;-2008.2356
1981-08-12;15.236867;3.2851765;0.010028839;748.57886;1.0459715;95.18011;0.0;-7.3453654e-25;99.99998;-7.345365e-21;0.2900362;-0.8082623;0.014334917;0.64995885;0.6356165;0.0;0.0;5447.1304;6597.805;-2705.2307;6995.528;-561.4722;-1978.8
1981-08-13;15.6883745;1.4448853;0.0100034075;748.3559;1.1851271;99.95432;0.0;-7.3453654e-25;99.99998;-7.345365e-21;0.046238303;-0.9041652;0.0017434359;0.62581897;0.62407553;0.0;0.0;5756.734;6971.145;-2876.712;6898.2773;-628.0933;-2003.4789
1981-08-14;16.347494;0.44248453;0.00968043;749.4397;1.3397994;104.75497;0.0;-7.3453654e-25;99.99998;-7.345365e-21;0.00084692007;-0.90776753;4.4703484e-05;0.61273575;0.6126985;0.0;0.0;6244.9707;7560.68;-3038.956;6876.1934;-630.5967;-2259.7622
1981-08-15;17.174002;2.4249268;0.0096537275;750.0823;1.267533;89.00486;0.0;-7.3453654e-25;99.99998;-7.345365e-21;0.0008046627;-0.8728616;2.9802322e-05;0.6016046;0.6015599;0.0;0.0;6241.648;7554.9097;-3079.1968;6915.33;-606.3467;-2221.8704
1981-08-16;17.936167;3.4143474;0.010110219;750.2155;1.3953768;108.559425;0.0;-7.3453654e-25;99.99998;-7.345365e-21;0.02809763;-0.7995255;0.0010728836;0.5918443;0.59078634;0.0;0.0;5841.6255;7069.9614;-3007.3828;6937.1235;-555.4056;-2067.0366
1981-08-17;17.842407;-2.7210083;0.009984334;751.0914;1.3661551;109.36615;0.0;-7.3453654e-25;99.99998;-7.345365e-21;0.00056028366;-0.8730087;2.9802322e-05;0.5803257;0.58028847;0.0;0.0;6445.7627;7800.1367;-3358.1653;6628.5215;-606.45;-2192.0867
1981-08-18;18.433207;-4.0486755;0.010035197;751.53314;1.3451471;126.53855;0.0;-7.3453654e-25;99.99998;-7.345365e-21;0.00043511385;-0.85032636;2.2351742e-05;0.5700737;0.5700588;0.0;0.0;6491.7886;7854.8784;-3521.8691;6446.5684;-590.6922;-2105.05
1981-08-19;18.01655;-3.5998333;0.010005951;749.7618;1.2928895;118.59143;0.0;-7.3453654e-25;99.99998;-7.345365e-21;0.0;-0.82719976;0.0;0.56007504;0.56008995;0.0;0.0;6392.601;7733.9395;-3402.4695;6554.521;-574.6278;-2173.6646
1981-08-20;17.134542;0.00575765;0.010089874;750.73364;1.2406274;94.7541;0.0;-7.3453654e-25;99.99998;-7.345365e-21;0.0025800564;-0.7934198;0.00011920929;0.5505085;0.5503744;0.0;0.0;6228.59;7534.6245;-3217.5442;6717.132;-551.16223;-2171.1277
1981-08-21;18.441284;2.8568523;0.0101076765;752.26776;1.3057468;93.27024;0.0;-7.3453654e-25;99.99998;-7.345365e-21;0.0;-0.80407596;0.0;0.54091215;0.54091215;0.0;0.0;6207.85;7508.7207;-3199.3333;6875.5894;-558.56445;-2134.5479
1981-08-22;18.766562;1.3556315;0.0097516375;750.866;1.2576238;105.27484;0.0;-7.3453654e-25;99.99998;-7.345365e-21;0.0012934206;-0.80499613;7.4505806e-05;0.53173304;0.5316809;0.0;0.0;6167.88;7459.453;-3251.8467;6857.703;-559.2033;-2071.9321
1981-08-23;18.363699;3.1462097;0.010092418;748.49927;1.3481132;103.77479;0.0;-7.3453654e-25;100.00259;-7.345365e-21;0.0049471855;-0.71763897;0.00017881393;0.52292645;0.5227402;0.0;0.0;5599.5796;6771.3213;-2851.1687;7157.0034;-498.52;-1972.84
1981-08-24;16.92221;2.9519145;0.00993983;749.26953;1.411931;113.47387;0.0;-7.3453654e-25;99.99998;-7.345365e-21;0.04517436;-0.658527;0.0019520521;0.5160868;0.51413476;0.0;0.0;5349.5684;6467.8926;-2821.6287;7000.9966;-457.45667;-1989.6566
1981-08-25;16.343801;3.1098938;0.009824117;751.908;1.2501119;93.12942;0.0;-7.3453654e-25;99.99998;-7.345365e-21;0.006148219;-0.7068841;0.00027567148;0.5059838;0.5057156;0.0;0.0;5581.325;6747.508;-2735.173;7143.6074;-491.0489;-2103.8655
1981-08-26;17.493338;2.1516316;0.009852092;752.3337;1.1634858;105.40219;0.0;-7.3453654e-25;99.99998;-7.345365e-21;0.0010669231;-0.6974619;4.4703484e-05;0.49751997;0.49746782;0.0;0.0;5454.5454;6593.576;-2773.2673;7188.3613;-484.50333;-1932.711
1981-08-27;17.113525;-0.5338338;0.010070801;751.98895;1.4106231;130.68028;0.0;-7.3453654e-25;100.00519;-7.345365e-21;0.0012904402;-0.67551994;5.9604645e-05;0.48951805;0.4894659;0.0;0.0;5746.6943;6945.8555;-3034.4937;6774.6357;-469.2611;-2159.0933
1981-08-28;16.010773;-3.9934285;0.009923299;750.28735;1.4053177;198.7793;0.0;-7.3453654e-25;99.99998;-7.345365e-21;0.0;-0.63567513;0.0;0.48169494;0.48169494;0.0;0.0;6001.3564;7252.8823;-3245.2998;6326.7534;-441.5822;-2338.4067
1981-08-29;15.11555;-6.5960793;0.010374705;749.9199;1.2405676;122.27072;0.0;-7.3453654e-25;99.99998;-7.345365e-21;0.0;-0.65367293;0.0;0.47411025;0.47411025;0.0;0.0;6160.9067;7444.812;-3571.9033;5892.0273;-454.08444;-2064.891
1981-08-30;15.453644;-7.037893;0.009986877;750.60126;1.2621638;102.03777;0.0;-7.3453654e-25;99.99998;-7.345365e-21;0.0;-0.6596409;0.0;0.46670437;0.46670437;0.0;0.0;6158.6133;7441.144;-3678.5464;5800.8613;-458.2311;-1931.8256
1981-08-31;15.695241;-10.551796;0.010278066;752.1977;1.3539983;83.53087;0.0;-7.3453654e-25;99.99998;-7.345365e-21;0.0004351138;-0.66392404;2.9802322e-05;0.4595071;0.4594922;0.0;0.0;6124.8833;7399.425;-3638.354;5851.22;-461.20667;-1843.56
1981-09-01;16.806479;0.9048462;0.009857178;754.59564;1.4544388;82.622246;0.0;-7.3453654e-25;99.99998;-7.345365e-21;0.0017735965;-0.6140545;8.940697e-05;0.45253336;0.45242906;0.0;0.0;5428.6904;6557.5566;-2853.2456;6871.609;-426.56332;-1821.4944
1981-09-02;17.53003;2.6036377;0.009942372;756.32227;1.3815393;79.83533;0.0;-7.3453654e-25;99.99998;-7.345365e-21;0.0014543533;-0.63001925;5.9604645e-05;0.44563413;0.44554472;0.0;0.0;5369.2393;6485.0293;-2807.0105;7056.084;-437.65222;-1832.7489
1981-09-03;17.701944;1.8367208;0.009791057;755.3403;1.2325548;56.145832;0.0;-7.3453654e-25;99.99998;-7.345365e-21;0.031161308;-0.6481465;0.0015199184;0.4403293;0.4388243;0.0;0.0;5322.7183;6428.1226;-2867.5364;7061.61;-450.24554;-1726.1923
1981-09-04;15.970479;-0.00047810873;0.00965627;754.2701;1.7413301;38.505035;0.0;-7.3453654e-25;99.99998;-7.345365e-21;0.0025629979;-0.60958976;0.00011920929;0.432387;0.43225288;0.0;0.0;5722.983;6910.6313;-3166.4343;6477.1055;-423.46112;-2087.1255
1981-09-05;16.446045;-2.5350647;0.01000468;754.33417;1.2677504;71.24795;0.0;-7.3453654e-25;99.99998;-7.345365e-21;0.0008626454;-0.6322553;4.4703484e-05;0.4258752;0.42583048;0.0;0.0;5695.805;6877.0054;-3172.4014;6518.1167;-439.20667;-1885.1089
1981-09-06;17.269247;-4.138387;0.009719849;755.72217;1.4201185;189.2769;0.0;-7.3453654e-25;99.99998;-7.345365e-21;0.0029887087;-0.61639774;0.00013411045;0.4196912;0.4195571;0.0;0.0;5541.2207;6689.5513;-3057.4412;6664.277;-428.1911;-1875.7134
1981-09-07;17.075165;-3.791036;0.010121663;756.1472;1.3847226;143.45653;0.0;-7.3453654e-25;99.99998;-7.345365e-21;0.0012782102;-0.6119395;5.9604645e-05;0.41349232;0.41344017;0.0;0.0;5591.2046;6749.0166;-3089.6665;6633.6143;-425.09445;-1903.9445
1981-09-08;16.637552;-5.4008384;0.009812673;755.3174;1.3081971;88.74409;0.0;-7.3453654e-25;99.99998;-7.345365e-21;0.0012844794;-0.6275987;5.9604645e-05;0.40748715;0.407435;0.0;0.0;5588.045;6744.3804;-3211.7852;6504.7954;-435.97168;-1767.7933
1981-09-09;16.293558;-5.6017356;0.009999593;754.5871;1.4173332;133.28899;0.0;-7.3453654e-25;99.99998;-7.345365e-21;0.002140313;-0.5919179;0.00010430813;0.4016906;0.4015863;0.0;0.0;5544.314;6690.8257;-3192.1626;6409.574;-411.18555;-1852.5233
1981-09-10;16.170248;-6.0776467;0.009977977;753.7303;1.3430377;144.50185;0.0;-7.3453654e-25;99.99998;-7.345365e-21;0.0025629979;-0.52548945;0.00011920929;0.39604306;0.39590895;0.0;0.0;4878.6924;5886.846;-2810.0818;6688.128;-365.04;-1602.56
1981-09-11;14.171082;-2.5710754;0.010300954;751.3867;1.4346932;178.51945;0.0;-7.3453654e-25;99.99998;-7.345365e-21;1.2759807;-0.59235936;0.06707013;0.45756996;0.39049238;0.0;0.0;4180.7114;5044.325;-2266.5244;6932.8257;-411.49167;-1617.6755
1981-09-12;12.981334;-1.5246176;0.009993236;751.16864;1.2113228;233.69305;0.0;-7.3453654e-25;99.99998;-7.345365e-21;0.0008572136;-0.9120088;4.4703484e-05;0.38525462;0.38520992;0.0;0.0;5436.797;6558.781;-3033.067;6069.86;-633.54224;-1874.1478
1981-09-13;12.594808;-0.5258586;0.010138194;753.2954;1.4345993;200.33595;0.0;-7.3453654e-25;99.99998;-7.345365e-21;0.0008529682;-0.69632006;2.9802322e-05;0.3800094;0.3799647;0.0;0.0;5343.148;6445.0337;-2907.7537;6169.8228;-483.71;-1931.0856
1981-09-14;11.9574995;1.4710184;0.010245006;752.709;1.2510519;197.58888;0.0;-7.3453654e-25;99.99998;-7.345365e-21;0.63872606;-0.6703744;0.03054738;0.4055202;0.37497282;0.0;0.0;4084.0195;4925.701;-2279.975;6589.6787;-465.68668;-1508.6711
1981-09-15;11.767334;-3.2129211;0.009709676;753.35547;1.1328622;164.99074;0.0;-7.3453654e-25;99.99998;-7.345365e-21;0.0008463859;-0.7127514;2.9802322e-05;0.37005544;0.3700331;0.0;0.0;5307.362;6400.3105;-3060.177;5911.562;-495.12445;-1783.36
1981-09-16;12.31311;-1.6592407;0.009808858;753.0694;1.3080819;230.7315;0.0;-7.3453654e-25;99.99998;-7.345365e-21;0.91771483;-0.71009344;0.048279762;0.41344762;0.36515296;0.0;0.0;5115.5063;6163.6074;-2855.8955;6083.7666;-493.27777;-1673.3345
1981-09-17;12.946208;-1.5988363;0.009712219;751.85614;1.520346;184.75462;0.0;-7.3453654e-25;99.99998;-7.345365e-21;0.0;-0.78839993;0.0;0.36039948;0.36040694;0.0;0.0;5109.9834;6151.5474;-2787.2476;6219.3057;-547.67554;-1789.0677
1981-09-18;11.466777;-1.9360453;0.010042827;752.5568;1.3741845;238.94081;0.0;-7.3453654e-25;99.99998;-7.345365e-21;0.00085234636;-0.6407872;2.9802322e-05;0.35578012;0.35572052;0.0;0.0;5201.1;6255.783;-2899.1433;5982.471;-445.13333;-1857.6178
1981-09-19;11.299794;-2.0741985;0.010213216;752.41364;1.3317863;253.58647;0.0;-7.3453654e-25;99.99998;-7.345365e-21;0.00044108107;-0.5496759;1.4901161e-05;0.35119057;0.35116076;0.0;0.0;5100.68;6129.6562;-2884.9905;5961.84;-381.84113;-1893.1263
1981-09-20;12.091838;-6.995341;0.010077159;753.29315;1.1639475;172.76262;0.0;-7.3453654e-25;99.99998;-7.345365e-21;0.00085234636;-0.56643784;2.9802322e-05;0.34669042;0.3466606;0.0;0.0;5220.677;6268.392;-3174.3696;5738.2417;-393.48666;-1606.0612
1981-09-21;11.307037;-7.8623657;0.009930928;753.4173;1.2894694;139.6749;0.0;-7.3453654e-25;99.99998;-7.345365e-21;0.0008523463;-0.5144384;4.4703484e-05;0.34224987;0.34223497;0.0;0.0;5131.911;6156.449;-3045.822;5851.6304;-357.36334;-1692.0823
1981-09-22;10.364014;-4.7866616;0.009740193;754.57935;1.4444256;43.46198;0.0;-7.3453654e-25;99.99998;-7.345365e-21;0.0;-0.4729647;0.0;0.33791363;0.33791363;0.0;0.0;4947.3965;5929.9688;-2873.8745;6044.6646;-328.55444;-1690.5377
1981-09-23;10.049327;-1.5933329;0.009936015;755.113;1.8826956;32.51695;0.0;-7.3453654e-25;99.99998;-7.345365e-21;0.0017237216;-0.41240638;8.195639e-05;0.333786;0.3337115;0.0;0.0;4950.0376;5927.9194;-2904.056;5854.1133;-286.48557;-1819.13
1981-09-24;11.628113;-4.618408;0.010147095;753.3592;1.3048458;54.73866;0.0;-7.3453654e-25;99.99998;-7.345365e-21;0.00085532654;-0.47585368;4.4703484e-05;0.3296137;0.32957643;0.0;0.0;5029.882;6018.3525;-3068.811;5862.3555;-330.56;-1526.2556
1981-09-25;12.210876;-7.837677;0.009867351;754.59686;1.2152023;95.38744;0.0;-7.3453654e-25;99.99998;-7.345365e-21;0.0;-0.48243815;0.0;0.32548606;0.32548606;0.0;0.0;5009.13;5988.3364;-3147.801;5805.5356;-335.13388;-1481.2456
1981-09-26;12.465749;-11.102864;0.009852092;756.9048;1.2349802;81.918915;0.0;-7.3453654e-25;99.99998;-7.345365e-21;0.00042114517;-0.48459882;1.4901161e-05;0.32150745;0.3214851;0.0;0.0;5028.5317;6006.3213;-3197.9407;5766.2676;-336.635;-1366.3589
1981-09-27;13.025543;-8.132457;0.010185242;757.2171;1.2467644;75.248276;0.0;-7.3453654e-25;99.99998;-7.345365e-21;0.0;-0.46373904;0.0;0.31757355;0.31755865;0.0;0.0;4721.309;5634.503;-2795.4211;6317.9644;-322.14444;-1386.8778
1981-09-28;12.361705;-6.183767;0.010114034;754.2759;1.2336129;81.393776;0.0;-7.3453654e-25;99.99998;-7.345365e-21;0.032669306;-0.41987002;0.0015348196;0.31527877;0.3137365;0.0;0.0;4348.3887;5184.979;-2614.793;6379.9395;-291.67;-1413.26
1981-09-29;11.464824;-5.3459167;0.010100047;751.64374;1.2187239;70.38836;0.0;-7.3453654e-25;99.99998;-7.345365e-21;0.27307868;-0.4740134;0.013187528;0.3232062;0.31001866;0.0;0.0;4298.49;5121.043;-2583.9717;6366.4126;-329.2811;-1381.8678
1981-09-30;9.219666;1.1696981;0.010111491;753.96515;1.1668936;73.42785;0.0;-7.3453654e-25;99.99998;-7.345365e-21;3.6942368;-0.62475073;0.22259355;0.5290359;0.30642748;0.0;0.0;3882.9893;4622.031;-2253.1096;6444.516;-433.99335;-1322.1844
1981-10-01;9.994995;0.4851583;0.010073344;755.8615;1.0348415;62.175182;0.0;-7.3453654e-25;99.99998;-7.345365e-21;0.4751357;-1.1673496;0.02272427;0.32570958;0.30296296;0.0;0.0;3993.4187;4749.439;-2259.508;6384.021;-810.9189;-994.32556
1981-10-02;11.263692;-1.7277832;0.0098012285;754.6081;0.98618984;83.29619;0.0;-7.3453654e-25;99.99998;-7.345365e-21;0.018382072;-1.1480973;0.00090897083;0.3003925;0.299491;0.0;0.0;4527.1953;5379.5723;-2518.94;6275.079;-797.545;-1155.3077
1981-10-03;11.458781;-3.7289734;0.00997289;754.06006;1.1915057;132.40454;0.0;-7.3453654e-25;99.99998;-7.345365e-21;0.0012881074;-1.0113027;5.9604645e-05;0.29608607;0.29602647;0.0;0.0;4603.062;5464.977;-2645.4395;6136.1953;-702.51886;-1245.2289
1981-10-04;11.691661;-4.212738;0.009971619;754.107;1.1598207;133.46745;0.0;-7.3453654e-25;99.99998;-7.345365e-21;0.00042617318;-0.84847957;2.2351742e-05;0.2926588;0.2926439;0.0;0.0;4541.856;5387.7344;-2650.3347;6132.5244;-589.41113;-1254.2789
1981-10-05;11.23759;-3.7664692;0.009899139;752.46075;1.1851013;116.99061;0.0;-7.3453654e-25;99.99998;-7.345365e-21;0.021667855;-0.64616835;0.0010356307;0.29037893;0.28933585;0.0;0.0;4244.9897;5031.211;-2507.925;6185.9067;-448.87112;-1364.9122
1981-10-06;9.158061;-2.8346355;0.009960175;751.34467;1.304865;83.31217;0.0;-7.3453654e-25;99.99998;-7.345365e-21;0.6122291;-0.6336402;0.029489398;0.3156364;0.28613955;0.0;0.0;3817.5288;4520.598;-2231.7344;6338.8745;-440.16888;-1194.5133
1981-10-07;5.5908;1.7729696;0.010176341;750.7216;1.0313123;81.49657;0.0;-7.3453654e-25;99.99998;-7.345365e-21;8.153742;-1.1202517;0.49693882;0.7800609;0.28312206;0.0;0.0;3037.1814;3593.3513;-1507.5194;6772.989;-778.20166;-1077.85
1981-10-08;6.013031;-0.25879923;0.009719849;751.3724;1.0893604;93.7753;0.0;-7.3453654e-25;99.99998;-7.345365e-21;0.76504946;-1.3710866;0.038079917;0.3182739;0.28017908;0.0;0.0;3577.336;4228.8867;-1785.8175;6415.042;-952.44775;-1081.2811
1981-10-09;6.8669333;-0.7268677;0.010142009;752.9798;0.96230817;112.017365;0.0;-7.3453654e-25;99.99998;-7.345365e-21;0.7474005;-1.2141392;0.036776066;0.31402707;0.2772659;0.0;0.0;3605.215;4258.1973;-1970.4822;6247.1064;-843.42334;-936.6556
1981-10-10;6.2560935;-0.3040161;0.010012309;752.52277;1.0691353;120.40954;0.0;-7.3453654e-25;99.99998;-7.345365e-21;0.8497536;-1.0901419;0.045016408;0.3194213;0.27440488;0.0;0.0;3357.8022;3962.7766;-1884.29;6266.5366;-757.2856;-886.88446
1981-10-11;5.6197305;0.50324506;0.010073344;750.2009;0.9056525;103.44166;0.0;-7.3453654e-25;99.99998;-7.345365e-21;5.3925242;-1.0527335;0.34134835;0.61298907;0.27162582;0.0;0.0;3246.3545;3827.9155;-1588.6978;6570.027;-731.2989;-935.6667
1981-10-12;5.299978;1.9234823;0.009899139;749.9837;0.97594255;196.97144;0.0;-7.3453654e-25;99.99998;-7.345365e-21;7.093343;-1.6681095;0.45371056;0.7226765;0.2689734;0.0;0.0;3044.0005;3586.445;-1239.2161;6887.7915;-1158.78;-902.06665
1981-10-13;4.5648193;2.5431926;0.010044098;752.44403;0.871784;260.68472;0.0;-7.3453654e-25;99.99998;-7.345365e-21;3.7873685;-1.2977589;0.24984777;0.5162507;0.2663955;0.0;0.0;2872.8333;3381.7905;-1489.6228;6420.9023;-901.51;-775.8411
1981-10-14;5.808136;0.92423505;0.010027568;753.64166;0.99048066;258.7937;0.0;-7.3453654e-25;99.99998;-7.345365e-21;0.001552701;-1.4813579;8.940697e-05;0.26389956;0.2638176;0.0;0.0;3242.02;3813.172;-1514.1644;6588.047;-1029.0511;-865.0944
1981-10-15;5.1756287;2.096222;0.010236104;751.0366;1.3938508;237.77216;0.0;-7.3453654e-25;99.99998;-7.345365e-21;11.406124;-1.2755804;0.8984208;1.159668;0.26124716;0.0;0.0;2761.601;3245.445;-1032.6862;7027.0454;-886.10333;-861.87555
1981-10-16;4.5490623;-3.8876953;0.009971619;751.44305;0.9250714;152.99481;0.0;-7.3453654e-25;99.99998;-7.345365e-21;0.4642526;-1.8605292;0.029832125;0.288561;0.25874376;0.0;0.0;3979.4407;4674.832;-2300.8762;5629.496;-1292.4478;-893.12555
1981-10-17;5.3733315;-4.4979653;0.010144551;753.0018;1.042914;80.49618;0.0;-7.3453654e-25;99.99998;-7.345365e-21;0.0008523463;-1.698087;5.9604645e-05;0.25625527;0.25621057;0.0;0.0;4186.094;4916.0957;-2456.0562;5436.197;-1179.6045;-627.76556
1981-10-18;5.111277;-2.1054382;0.010082245;752.72046;1.1382571;81.35844;0.0;-7.3453654e-25;99.99998;-7.345365e-21;0.07992983;-1.3754945;0.0048577785;0.25859475;0.25371462;0.0;0.0;3525.3384;4138.7725;-1946.4358;5987.0493;-955.51;-709.24664
1981-10-19;5.3154297;-2.5308533;0.009830475;753.61066;1.0078;171.50215;0.0;-7.3453654e-25;99.99998;-7.345365e-21;0.0008583069;-1.4571753;5.9604645e-05;0.2513528;0.25128573;0.0;0.0;4055.2478;4759.1743;-2320.0317;5552.4644;-1012.2511;-867.49445
1981-10-20;5.2608643;-2.1257527;0.009994507;754.11993;1.0401624;192.01204;0.0;-7.3453654e-25;99.99998;-7.345365e-21;0.00085523806;-1.2964792;5.2154064e-05;0.2489388;0.2488792;0.0;0.0;3878.835;4550.9917;-2221.8445;5649.1533;-900.6211;-837.0489
1981-10-21;5.2720947;-2.2523193;0.010238647;755.95636;1.0142812;72.25175;0.0;-7.3453654e-25;99.99998;-7.345365e-21;0.0012824975;-1.2564659;7.4505806e-05;0.24659932;0.24652481;0.0;0.0;3702.2817;4342.344;-2135.345;5791.1606;-872.82446;-710.7622
1981-10-22;5.9031167;-1.6137085;0.009885152;756.4528;1.0307599;63.83119;0.0;-7.3453654e-25;99.99998;-7.345365e-21;0.0008583069;-1.2702439;5.9604645e-05;0.24424493;0.24418533;0.0;0.0;3916.8494;4592.709;-2296.4456;5681.368;-882.39557;-713.54553
1981-10-23;6.450714;-1.938446;0.010112762;755.53156;0.99693966;80.835915;0.0;-7.3453654e-25;99.99998;-7.345365e-21;0.011580719;-1.2322683;0.000692904;0.242576;0.24189055;0.0;0.0;3831.7327;4491.5376;-2254.5605;5761.3047;-856.01556;-695.75665
1981-10-24;6.450704;-2.6646118;0.010136922;756.332;0.96504265;190.76117;0.0;-7.3453654e-25;99.99998;-7.345365e-21;0.101312995;-1.0658512;0.005811453;0.24545193;0.23964047;0.0;0.0;3292.844;3858.7512;-1915.7605;6104.9355;-740.41223;-669.74664
1981-10-25;5.704325;-1.756134;0.009953816;758.0433;1.0274545;174.0479;0.0;-7.3453654e-25;99.99998;-7.345365e-21;0.6778887;-1.1002812;0.03966689;0.2770871;0.23742765;0.0;0.0;3477.016;4073.1882;-1952.1355;6066.489;-764.33;-801.26776
1981-10-26;6.604065;-2.0732524;0.009961446;759.0713;0.92321515;99.35626;0.0;-7.3453654e-25;99.99998;-7.345365e-21;0.050860643;-1.009888;0.0024288893;0.23768842;0.23525953;0.0;0.0;3126.4038;3661.3933;-1914.5278;6097.944;-701.5356;-619.57446
1981-10-27;5.6475015;-1.6849976;0.010059357;758.32587;1.1175705;63.8057;0.0;-7.3453654e-25;99.99998;-7.345365e-21;0.92561245;-1.0454804;0.05890429;0.29203296;0.23312867;0.0;0.0;3301.3367;3864.9233;-1973.1923;6035.74;-726.26;-636.47
1981-10-28;4.3690796;-0.79713947;0.010047913;758.11774;1.2582264;36.877277;0.0;-7.3453654e-25;99.99998;-7.345365e-21;0.22943914;-0.9749467;0.012695789;0.2437383;0.2310425;0.0;0.0;3288.6755;3848.9512;-1886.5806;6063.8564;-677.2622;-880.23114
1981-10-29;3.9543254;-2.34434;0.009897868;756.5236;1.0946351;45.556225;0.0;-7.3453654e-25;99.99998;-7.345365e-21;0.112849474;-0.88896227;0.006362796;0.23534894;0.2289787;0.0;0.0;3292.6829;3852.4368;-1941.4484;5901.704;-617.5322;-846.29
1981-10-30;4.006002;-4.3149414;0.009994507;754.7456;1.053658;81.027016;0.0;-7.3453654e-25;99.99998;-7.345365e-21;0.5296171;-0.9272704;0.029809773;0.2567619;0.22695214;0.0;0.0;3400.2256;3977.0144;-2048.8594;5733.3823;-644.14386;-753.5944
1981-10-31;3.8047078;-4.072357;0.010025024;753.01324;0.96203905;176.67906;0.0;-7.3453654e-25;99.99998;-7.345365e-21;1.3655752;-0.74533373;0.07657707;0.3015697;0.22500008;0.0;0.0;2463.6968;2880.9412;-1554.7211;6103.4585;-517.7589;-486.92776
1981-11-01;3.8456829;-2.6800842;0.010070801;751.5427;1.1368338;208.38847;0.0;-7.3453654e-25;99.99998;-7.345365e-21;1.8686961;-1.1581554;0.110358;0.3334731;0.22310764;0.0;0.0;3009.3794;3517.7866;-1664.4489;6087.967;-804.5322;-735.01447
1981-11-02;1.9043478;-0.97783405;-1.4491081;750.63666;0.95849437;227.64915;1.3618978;0.0001980861;109.73696;1.5869141;10.634291;-0.75723135;0.7569492;0.9782165;0.22126734;0.0007394701;0.56160986;2193.209;2563.2534;-1212.9811;6320.016;-525.98724;-567.0833
1981-11-03;1.0230103;-2.2220562;-4.177597;747.5795;1.4039236;167.69766;4.7517905;0.00065612793;141.59178;4.964193;0.7795721;-1.1005951;0.061303377;0.28076768;0.21945685;0.16549602;0.005081296;2793.4211;3382.5022;-1395.3112;6149.4106;-764.70447;-768.5978
1981-11-04;0.018351236;-0.44266763;-0.31167603;742.9079;1.3371801;198.51135;19.336588;0.0034845273;145.05077;23.27474;27.501524;-0.9650821;0.7779449;0.995636;0.21769106;0.36485678;17.899282;1409.2866;1735.6156;-250.55444;7241.671;-672.6433;-646.6422
1981-11-05;-4.776203;-6.066507;-1.8029976;739.83246;1.2173022;248.35487;99.980064;0.051567357;140.1891;360.5143;41.720444;-0.3001811;0.31232834;0.52832067;0.21599233;0.02584979;37.942513;603.125;2559.1467;-633.5356;6253.011;-232.43889;-273.90778
1981-11-06;-7.85467;-14.131935;-11.501404;749.17554;1.1229066;97.040504;100.0;0.060416263;152.61195;395.62988;0.009017317;-0.074272044;0.0;0.2142787;0.2142787;0.0;0.004734844;1055.4822;4183.317;-1451.2078;4482.258;-52.674446;-77.58222
1981-11-07;-4.982914;-15.597516;-14.643313;751.47687;1.2302718;47.26729;100.0;0.060415786;154.86359;390.05533;0.0012907294;-0.06858632;0.0;0.21260977;0.21260977;0.0;0.0;1096.0394;4223.8657;-1224.5956;4528.7637;-47.74222;64.384445
1981-11-08;-3.1598065;-14.20034;-13.417768;751.6525;1.1713678;57.880413;100.0;0.06041475;157.11066;384.60287;0.0017149987;-0.07431395;0.0;0.21094084;0.21095574;0.0;0.0;1080.5577;4061.3545;-1218.7084;4647.902;-52.343334;66.20778
1981-11-09;-2.6624553;-13.612485;-11.776749;749.3923;1.0504872;79.25591;100.0;0.060402513;159.55988;378.98764;0.0008583069;-0.089842826;0.0;0.20931661;0.20933151;0.0;0.0;1088.5712;3980.9888;-1138.2866;4893.822;-64.382225;32.905556
1981-11-10;-1.7346497;-6.993038;-8.327389;748.47345;0.93558884;220.28621;100.0;0.060332816;162.37987;372.02963;0.15497804;-0.045783818;0.012427568;0.22014976;0.20772219;0.14567748;0.1488179;1032.8978;3665.9666;-781.83057;5609.988;-31.142221;-16.606667
1981-11-11;-1.0851542;-1.5876503;-1.3108305;747.77545;0.9741786;200.2035;100.0;0.06528302;166.39452;390.90982;13.773399;-0.07068366;0.04801154;0.2541691;0.20615757;0.18953346;12.103457;344.16165;1202.8323;-52.77;7092.0347;-54.35889;-89.12
1981-11-12;-1.1740316;-1.4463297;-0.108979546;745.0745;1.3222406;190.5815;100.0;0.08880409;161.75877;546.0612;29.77707;-0.14348887;0.64888597;0.8535385;0.2046451;0.6636269;23.070429;291.9939;1156.8711;-44.950554;7176.0107;-111.545555;-151.97112
1981-11-13;-5.0022874;-5.9189224;-0.99842197;745.57104;1.3413152;226.43626;100.0;0.10832846;164.27765;658.6507;9.078648;-0.28640032;0.016480684;0.21961331;0.20313263;0.0;8.670233;751.6278;2948.7588;-1011.38446;5813.3384;-221.2089;-290.13443
1981-11-14;-7.3711953;-10.641765;-7.499594;750.0761;0.9751002;65.36705;100.0;0.109710254;171.07062;641.8864;0.018143363;-0.13000426;0.0;0.20164251;0.20164251;0.0;0.017292798;1071.4395;3752.9246;-1544.1466;4681.8774;-96.70778;-132.4911
1981-11-15;-6.4936566;-16.490366;-12.508107;752.74335;1.0789161;68.90031;100.0;0.10968971;175.15428;626.3428;0.0008523463;-0.07147901;0.0;0.2001822;0.20017475;0.0;0.0;1110.4761;3802.5066;-1166.7639;4772.568;-50.83889;23.525555
1981-11-16;-2.4220784;-10.7238245;-11.305833;752.69257;0.87617654;219.61946;100.0;0.10968673;178.72328;614.4206;0.0024894872;-0.03932882;0.0;0.19873679;0.19872934;0.0;0.0;1071.6222;3589.4656;-1171.5094;4913.6587;-26.226667;37.441113
1981-11-17;-3.2966664;-7.4073906;-11.596541;749.9008;0.95421106;184.24538;100.0;0.109723724;182.29425;602.2542;0.0010728835;-0.002603978;0.0;0.19732118;0.19730628;0.0;0.00021234155;1125.2317;3686.5945;-1314.8077;4697.7153;2.1916666;25.673334
1981-11-18;-4.118744;-8.585907;-11.04321;747.3691;0.74611044;143.49344;100.0;0.10979601;185.59015;591.75616;0.3981704;-0.0382727;0.0;0.19590557;0.19591302;0.0;0.38480014;1109.4495;3558.7378;-869.7822;5279.6416;-25.447222;-18.83
1981-11-19;-2.9792278;-3.6447551;-4.9124503;746.92596;0.5077403;191.79588;100.0;0.117388606;182.59015;641.154;17.253262;-0.026382506;0.017032027;0.21158159;0.19454211;0.009892508;16.127083;572.04553;2011.9412;-211.66777;6643.759;-18.677221;-76.98333
1981-11-20;-4.29186;-5.852722;-3.8960598;745.58124;0.7241687;146.96605;100.0;0.12805517;180.08266;712.1582;0.8701384;-0.10936707;0.0014454126;0.19463897;0.193201;0.008763745;0.7249303;764.35443;3045.8223;-956.51886;5720.952;-81.26111;-116.94889
1981-11-21;-7.663981;-8.889442;-7.031044;743.02655;0.95332265;72.02363;100.0;0.13822801;177.52016;778.1169;19.011919;-0.038376078;0.0;0.19188225;0.1918748;0.0;18.935;352.37445;1395.8011;-565.8333;5857.8784;-28.842222;-61.017776
1981-11-22;-10.093175;-12.954803;-10.994603;746.2221;0.8992352;93.90009;100.0;0.1476105;175.27113;843.18036;0.30847788;-0.03671553;0.0;0.19057095;0.1905784;0.0;0.3033355;780.6433;3308.2878;-1147.8933;4774.171;-25.3;-83.746666
1981-11-23;-9.586975;-14.357646;-13.933412;748.6714;1.1860846;72.58304;100.0;0.14767313;179.56085;823.36426;0.004518032;-0.018383376;0.0;0.18928945;0.1892969;0.0;0.003658235;808.35724;3330.0422;-1062.7883;4690.8022;-11.106667;-12.877778
1981-11-24;-6.510161;-13.392184;-15.399465;752.13306;1.2612375;13.366929;100.0;0.14770524;183.09242;807.37305;0.0021338456;-0.0015981495;0.0;0.18802285;0.18802285;0.0;0.0;882.4217;3538.5034;-1067.3606;4593.3687;2.038889;76.367775
1981-11-25;-4.1322455;-12.538732;-14.69976;752.52734;1.1942514;15.128845;100.0;0.14774215;186.41925;793.0501;0.0;-0.003525056;0.0;0.18678606;0.1867786;0.0;0.0;896.82;3504.2756;-1031.7722;4736.984;0.72333336;99.38556
1981-11-26;-3.168227;-13.708749;-14.1917715;750.80853;0.878388;32.09493;100.0;0.14777136;189.78839;779.7038;0.014820695;-0.021144748;0.0;0.18554926;0.18554926;0.0;0.0022165477;913.22614;3479.2056;-973.0028;4829.07;-13.034445;76.55556
1981-11-27;-4.559877;-7.3227525;-9.5915985;749.3879;0.4699036;157.21016;100.0;0.15026855;191.05011;786.86523;4.0685835;0.0021820888;0.0;0.18435717;0.18434972;0.0;3.8751998;462.89667;1761.4745;128.565;6637.2554;3.2166667;-30.35
1981-11-28;-3.6429036;-5.8327384;-5.746779;749.50244;0.83734894;121.01935;100.0;0.15302603;194.08397;789.7949;1.1178553;-0.045029446;0.0;0.18316507;0.18315017;0.0;1.0245814;727.1728;2806.199;-778.2189;5816.972;-31.595556;-68.38778
1981-11-29;-3.9420369;-5.323213;-5.07193;745.10187;0.68910074;114.39221;100.0;0.16715777;187.73534;889.0381;15.754059;-0.03555976;0.0;0.18198788;0.18198788;0.0;14.723391;319.62723;1345.8145;-224.2911;6520.5073;-26.46611;-46.36222
1981-11-30;-3.9998615;-6.480015;-6.067846;752.0408;0.8545955;163.28435;100.0;0.17084844;193.0716;886.5967;0.11254226;-0.030803494;0.0;0.18082559;0.18083304;0.0;0.075344;774.4067;3176.6956;-1254.75;5144.154;-20.251112;-41.81
1981-12-01;-5.215257;-13.635053;-11.266201;753.19336;1.0391645;112.18455;100.0;0.17088027;198.67445;861.69434;0.0017035455;-0.0337027;0.0;0.179708;0.17968565;0.0;0.0;830.7156;3302.5623;-1325.9255;4568.4106;-22.491112;49.154446
1981-12-02;-5.0379424;-13.580944;-13.526715;750.12134;0.8005968;242.50938;100.0;0.17090364;202.48175;845.0114;0.02872926;-0.017337501;0.0;0.17857552;0.17856061;0.0;0.021908432;826.0183;3198.0222;-1015.16943;4800.8833;-10.567778;45.828888
1981-12-03;-7.1255736;-12.151024;-14.547837;749.21313;1.1141453;35.579235;100.0;0.17095287;205.77472;832.19403;0.001723055;0.011073425;0.0;0.17747283;0.17745048;0.0;0.0;879.3611;3323.5579;-1296.3883;4350.5645;11.275556;56.46
1981-12-04;-7.12405;-13.58728;-15.603401;747.8614;0.9611643;142.9434;100.0;0.17098646;208.6162;820.88214;0.0;-0.003984198;0.0;0.17637014;0.17637014;0.0;0.0;830.4372;3062.8455;-1048.06;4591.6797;-0.5;54.38778
1981-12-05;-6.3835654;-11.775107;-15.751984;749.30176;0.84419847;125.77877;100.0;0.17102261;211.22523;810.7503;0.03245473;0.0100256875;0.0;0.17526746;0.17529726;0.0;0.03245473;900.3172;3242.2979;-869.83887;4816.3047;10.141111;49.247776
1981-12-06;-5.02239;-7.997538;-11.452504;747.7138;0.59234685;242.13527;100.0;0.17199576;212.92479;808.7158;1.9701197;0.011855736;0.0;0.17422438;0.17423183;0.0;1.9581504;310.56332;1094.2522;182.56833;6499.8955;9.77;14.824445
1981-12-07;-3.847463;-5.0927734;-6.78067;750.0588;0.70274705;214.15721;100.0;0.17337775;215.55565;805.542;1.1964307;-0.027491711;0.0;0.1731962;0.1731962;0.0;1.1378415;708.6;2535.0022;-446.13666;6183.465;-18.721111;-58.107777
1981-12-08;-3.669576;-4.563843;-4.8556213;750.5459;0.87551254;218.3512;100.0;0.1752749;218.80922;802.2461;1.0972681;-0.049071386;0.0;0.17215312;0.17215312;0.0;1.0291673;570.42725;2062.26;-583.56445;6141.3467;-36.203335;-50.504444
1981-12-09;-5.3403115;-8.126324;-6.774019;749.33026;0.9492906;139.83661;100.0;0.17550333;223.8766;785.4004;0.0057101245;-0.063935295;0.0;0.17113984;0.17113239;0.0;0.0035092235;825.88776;2921.7932;-1133.7461;5223.7446;-46.6;-58.3
1981-12-10;-6.628998;-8.675026;-8.41846;749.4785;0.9313305;183.76123;100.0;0.1755445;227.95766;771.3216;0.04725073;-0.018804334;0.0;0.17012656;0.17012656;0.0;0.046148896;830.7083;2868.2979;-1011.5294;5266.1333;-11.806666;-46.487778
1981-12-11;-7.2808228;-10.26242;-10.153398;751.9236;1.0950043;50.79286;100.0;0.17557514;231.4264;759.7656;0.0034749508;-0.01567509;0.0;0.16912818;0.16913563;0.0;0.0021904707;886.94556;2995.1133;-1221.8378;4831.888;-9.364445;-21.096666
1981-12-12;-6.1472344;-14.024914;-11.5052805;753.1695;0.96726394;213.91925;100.0;0.17559;234.3294;750.2034;0.0012695789;-0.034393743;0.0;0.1681447;0.16815215;0.0;0.0008381903;822.6494;2718.9644;-1025.5773;4981.3633;-23.887777;35.564445
1981-12-13;-3.0316772;-10.544362;-10.541448;752.42;0.5924075;286.25726;100.0;0.17594981;236.5244;744.751;1.307562;-0.024327077;0.0;0.16717613;0.16718358;0.0;1.244314;839.07056;2712.8022;-450.87167;5851.621;-16.502222;16.797777
1981-12-14;-3.0411274;-3.7303772;-5.7243705;749.0817;0.9313968;245.11134;100.0;0.17755155;237.98988;746.98895;1.2812912;0.0066794455;0.0;0.16623735;0.16623735;0.0;1.0969453;584.3739;1922.3511;-279.64944;6495.392;6.711111;-23.96889
1981-12-15;-2.7370198;-3.3933716;-3.2194316;747.632;1.1928657;218.75249;100.0;0.17923601;241.0003;744.71027;1.8703729;-0.06515626;0.0;0.16528368;0.16529113;0.0;1.7684326;456.9061;1511.71;-276.58612;6671.845;-49.746666;-56.102222
1981-12-16;-2.6386108;-3.4289856;-2.3168945;747.3433;1.4043747;202.91414;100.0;0.18133497;243.91827;744.222;4.204582;-0.112403184;0.0;0.16437471;0.16435981;0.0;3.9993563;408.84668;1353.5466;-260.55777;6745.354;-86.84778;-78.12556
1981-12-17;-3.1080017;-3.7568157;-1.9107971;747.0991;0.9353319;220.14687;100.0;0.19185436;235.8395;813.3545;12.13257;-0.120916404;0.022940338;0.18638372;0.16345084;0.080257654;10.647945;395.17557;1510.5144;-256.38666;6743.5776;-93.33722;-130.36223
1981-12-18;-3.5358684;-3.851855;-1.5360998;744.3657;1.5218897;209.26318;100.0;0.20619436;229.11684;899.7803;17.095133;-0.19480196;0.018075109;0.18061697;0.16254932;0.025356188;16.07275;261.72055;960.06;-117.37444;6900.3213;-152.21167;-230.42334
1981-12-19;-5.4489875;-8.3913;-4.66066;747.9317;0.71100026;191.31958;100.0;0.21429098;228.95734;937.6628;0.21383166;-0.08624513;0.0;0.1616478;0.1616478;0.0;0.20617992;793.75;2962.2957;-1561.2239;4801.227;-63.69;-70.333336
1981-12-20;-4.468229;-13.206235;-9.754708;749.239;0.89498067;73.10189;100.0;0.21429606;233.77342;918.00946;0.0025689597;-0.047991052;0.0;0.16076863;0.16075373;0.0;0.0;845.55725;3069.8345;-1306.0538;4714.062;-33.842224;31.997778
1981-12-21;-3.284078;-11.126092;-11.0298605;750.2153;0.71888345;177.68074;100.0;0.21431978;237.291;904.25616;0.29395223;-0.017346814;0.0;0.15987456;0.15987456;0.0;0.25722757;746.79114;2647.091;-925.9928;5123.178;-10.933333;46.564445
1981-12-22;-5.499807;-7.0656433;-9.418922;749.7874;0.7334058;252.5144;100.0;0.22098272;231.80043;953.4505;9.529213;0.025967136;0.0;0.15901029;0.15901774;0.0;9.391624;214.52556;824.9767;2.3994443;6417.452;20.62111;4.0555553
1981-12-23;-5.2372093;-9.845071;-8.889442;752.0583;0.84416866;200.01237;100.0;0.22419126;232.11488;967.1224;0.13774633;-0.035682693;0.0;0.15816092;0.15816838;0.0;0.13403967;679.005;2657.0012;-714.5356;5549.98;-24.97889;-19.824444
1981-12-24;-2.5504558;-4.544777;-6.734951;750.18475;0.50840765;109.16998;100.0;0.22476108;236.12433;952.7588;1.6463876;0.0005029142;0.0;0.15731156;0.15732646;0.0;1.426153;461.95667;1767.54;-112.53333;6599.4365;2.0277777;-22.813334
1981-12-25;-3.1342876;-4.0106597;-4.2018676;744.90283;0.88054824;32.95654;100.0;0.24046867;227.78969;1055.0131;18.89673;-0.0036414713;0.0;0.156492;0.156492;0.0;17.555166;236.85667;1011.2989;-347.34;6437.5234;-1.9755555;-15.916667
1981-12-26;-3.8429768;-5.086426;-4.6719666;747.18866;0.7287372;101.753426;100.0;0.24538668;231.03351;1064.2904;0.28418303;-0.031167641;0.0;0.15567243;0.15567988;0.0;0.2617091;436.05444;1790.5233;-391.69;6339.9565;-22.403334;-53.48
1981-12-27;-4.19634;-5.8355308;-4.746155;748.03204;0.68630385;132.52257;100.0;0.24555139;237.60675;1035.1969;0.42688847;-0.05584769;0.0;0.15485287;0.15485287;0.0;0.38974732;617.54834;2459.5566;-596.94556;6093.789;-40.756668;-93.47
1981-12-28;-4.3729553;-4.878937;-4.0995483;743.95776;0.7368929;186.52763;100.0;0.2576139;231.80531;1111.3688;24.98138;-0.045660883;0.0;0.1540631;0.15405566;0.0;24.642733;269.41;1067.6244;-125.61889;6728.358;-34.832222;-88.04444
1981-12-29;-5.967346;-9.913463;-6.208426;746.41095;0.8601989;86.86611;100.0;0.2710682;226.36293;1199.4222;0.06771684;-0.06566476;0.0;0.15325844;0.15325844;0.0;0.06686896;697.31445;2965.0178;-1326.3683;4956.1733;-47.627777;-63.81333
1981-12-30;-7.6781716;-10.545642;-9.410506;746.3667;1.2156434;17.125082;100.0;0.2710823;232.35155;1168.3756;0.010961294;-0.015299767;0.0;0.15246868;0.15246123;0.0;0.009227544;674.6606;2797.0854;-994.0222;5111.6465;-9.146667;-36.57111
1981-12-31;-8.865982;-11.134889;-10.783933;745.1115;0.89291745;80.86353;100.0;0.27128288;236.71352;1147.3795;0.65417886;-0.014270656;0.0;0.15169382;0.15168637;0.0;0.65122545;591.9711;2379.8367;-634.135;5476.7554;-9.16;-57.714443
1982-01-01;-8.546424;-12.800195;-12.42434;746.81256;1.0283017;62.28996;100.0;0.2717743;240.03221;1133.3822;0.003535577;-0.007315539;0.0;0.15091896;0.15091151;0.0;8.568168e-05;811.8639;3204.729;-1374.005;4365.6196;-2.8488889;14.736667
1982-01-02;-6.4367356;-12.315654;-14.114827;748.8962;1.1041464;46.98419;100.0;0.27180603;243.28514;1118.5709;0.0025671388;0.0048261136;0.0;0.150159;0.15015155;0.0;0.0;822.3272;3161.4377;-1080.8911;4662.908;6.4511113;62.674446
1982-01-03;-4.6044617;-11.547187;-14.524266;747.40717;0.82447714;174.22583;100.0;0.2718443;246.20148;1105.3873;0.0;0.0063041225;0.0;0.14939904;0.14939904;0.0;0.0;853.54724;3201.0854;-1101.27;4623.1235;7.331111;74.39333
1982-01-04;-5.425242;-11.099387;-14.569997;747.03564;0.8611943;95.74582;100.0;0.2718794;248.9466;1093.0582;0.00086426723;0.0153351575;0.0;0.14865398;0.14865398;0.0;0.0;864.4339;3165.2344;-977.79193;4778.4478;14.161111;55.65
1982-01-05;-5.9319663;-10.4633255;-12.580438;745.3818;0.92538095;41.708862;100.0;0.27538237;247.51398;1111.7758;11.073801;0.008793548;0.0;0.14792383;0.14793128;0.0;10.92013;435.61612;1580.2422;17.120277;6194.499;7.7544446;25.575556
1982-01-06;-5.4910483;-6.9832597;-9.371837;744.337;0.8633798;146.74306;100.0;0.28599694;239.04034;1197.1436;2.4949343;0.023880042;0.0;0.14719367;0.14720112;0.0;2.3008213;571.7228;2345.2322;-629.0989;5672.6606;20.477777;-18.251112
1982-01-07;-5.679474;-6.456594;-8.37122;746.29297;0.9510986;255.26726;100.0;0.2870606;242.99281;1182.373;1.6462356;0.017767772;0.0;0.14647841;0.14648587;0.0;1.6408265;419.44446;1682.7589;-72.18278;6452.8574;15.008889;-32.65889
1982-01-08;-5.3522315;-5.846457;-5.923477;742.00885;1.6563646;202.76894;100.0;0.29830202;238.10219;1250.1627;34.094196;-0.024480745;0.0;0.14577806;0.14577806;0.0;34.06784;265.1361;1076.2822;44.703335;6784.7266;-18.532223;-108.026665
1982-01-09;-7.1514487;-7.9801292;-5.6024475;739.31036;1.5809828;209.38768;100.0;0.3410454;213.43585;1596.1508;18.24552;-0.0697393;0.0;0.14508516;0.1450777;0.0;18.236458;344.85556;1508.2733;-472.74112;6098.1235;-53.577778;-134.31555
1982-01-10;-9.499184;-13.936684;-9.194844;744.4947;0.6568556;283.67386;100.0;0.3447113;220.78773;1563.1918;0.055151314;-0.07912889;0.0;0.14437735;0.14437735;0.0;0.052146614;748.1639;3190.2556;-1329.456;4657.8853;-58.693333;-112.08444
1982-01-11;-8.40517;-16.077616;-13.87617;746.1399;0.91385025;175.19756;100.0;0.3447094;226.89842;1520.6299;0.00045001495;-0.027492642;0.0;0.143677;0.14368445;0.0;1.4901161e-05;826.0122;3423.5889;-1335.4194;4278.2266;-18.492222;10.897778
1982-01-12;-8.160068;-13.767105;-15.569827;747.9202;1.0970216;46.35388;100.0;0.3447343;231.26854;1491.6178;0.0012934206;0.0059427693;0.0;0.14300644;0.142999;0.0;0.0;839.00775;3385.36;-1079.2517;4529.0557;7.2266665;46.72
1982-01-13;-7.7181077;-12.075264;-15.714809;745.69;0.9016464;111.83035;100.0;0.34477338;235.16078;1467.2037;0.003451109;0.014819205;0.0;0.14232099;0.14232099;0.0;0.0008866191;853.5961;3355.1667;-1026.1028;4602.3813;14.004444;35.267776
1982-01-14;-8.71396;-10.012065;-14.135919;743.6518;0.65488124;98.976234;100.0;0.34773102;235.25714;1477.2135;10.38279;0.02321601;0.0;0.14165044;0.14165789;0.0;10.374952;493.395;1892.2944;9.119445;6051.709;19.053333;-18.19
1982-01-15;-10.039168;-13.23273;-10.9850235;743.608;1.7984363;34.65006;100.0;0.3658979;221.53285;1649.943;14.235109;-0.0997344;0.0;0.14099479;0.14099479;0.0;14.228604;452.06223;1946.5;-384.71;5784.3745;-76.6;-26.72889
1982-01-16;-11.57938;-17.3116;-13.207963;743.3505;1.5489384;17.218044;100.0;0.3704486;224.00063;1655.2734;0.026899576;-0.043893233;0.0;0.14033914;0.14033914;0.0;0.02604723;855.4667;3611.4321;-1524.9661;4113.076;-30.914444;-6.96
1982-01-17;-11.413465;-20.412832;-16.894548;742.9524;1.3146183;92.35847;100.0;0.37045375;228.78026;1620.524;0.0;-0.032002106;0.0;0.13968349;0.13969094;0.0;0.0;889.3289;3653.0754;-1461.8323;3900.1863;-21.792223;54.36222
1982-01-18;-12.719733;-20.487299;-19.985949;747.41144;1.4950366;18.128199;100.0;0.37046942;232.25389;1596.1914;0.0008583069;-0.009102747;0.0;0.13904274;0.13904274;0.0;0.0;943.35443;3774.179;-1566.7295;3528.1733;-4.5044446;100.81333
1982-01-19;-15.04647;-22.30581;-21.98143;746.80804;1.545225;18.448767;100.0;0.37048873;234.93878;1578.0844;0.00091195095;-0.007752329;0.0;0.13840199;0.13840944;0.0;6.7055225e-05;963.7611;3758.99;-1359.7256;3649.8748;-3.7455556;80.39889
1982-01-20;-15.498276;-21.13253;-22.72595;747.9378;1.5365976;18.617535;100.0;0.37051305;237.27667;1562.5406;0.0008612871;0.0037644058;0.0;0.13777614;0.13776869;0.0;0.0;991.3539;3769.3079;-1333.3273;3652.3691;5.0066667;76.06778
1982-01-21;-14.902671;-22.403482;-23.091705;747.8711;1.3001595;19.114176;100.0;0.37053716;239.42902;1548.0957;0.0012814997;-0.0067977235;0.0;0.13715029;0.13715029;0.0;1.4901161e-05;1018.0861;3778.9534;-1075.2356;3952.8071;-3.1944444;64.76778
1982-01-22;-11.288945;-22.473494;-21.174353;746.13354;0.86434335;103.74099;100.0;0.37054828;241.69398;1533.7728;0.0033432872;-0.025134534;0.0;0.13652444;0.13653934;0.0;0.00033900142;1004.23834;3638.26;-1085.5244;4142.662;-17.134445;47.67889
1982-01-23;-11.836361;-18.44107;-20.836296;745.842;0.97724605;75.31653;100.0;0.3705646;244.08495;1518.8802;0.00085234636;-0.00058300793;0.0;0.13592839;0.13592094;0.0;0.0;1077.4811;3811.0557;-1244.4453;3956.2798;1.8266667;41.275555
1982-01-24;-11.864629;-18.73905;-20.807928;746.26416;1.1074892;35.55875;100.0;0.37059224;246.42804;1504.7201;0.0017176108;-0.0027334318;0.0;0.13531744;0.13531744;0.0;0.0;1129.1923;3903.929;-1318.0511;3873.2988;0.3511111;57.90111
1982-01-25;-9.118148;-17.352324;-19.66639;746.46027;0.88938826;129.33832;100.0;0.37062797;248.75812;1490.8447;0.05825162;-0.0079758465;0.0;0.1347214;0.1347214;0.0;0.05618483;1113.6866;3764.9543;-923.7833;4498.2554;-3.73;50.604443
1982-01-26;-7.721514;-9.613281;-15.156983;745.64575;0.5361671;186.81854;100.0;0.37220478;249.55174;1491.7399;2.8650541;0.026917085;0.0;0.13412535;0.13412535;0.0;2.8625057;514.61224;1740.3822;215.21333;6325.2476;21.71;-6.2466664
1982-01-27;-6.646997;-8.277996;-10.75681;746.1199;0.7073605;114.65936;100.0;0.37406376;251.41795;1488.566;2.521865;-0.023102388;0.0;0.1335442;0.13353676;0.0;2.5155396;861.295;2996.2344;-450.3111;5876.8105;-15.417778;-74.931114
1982-01-28;-6.9144974;-8.742957;-8.981252;739.0337;0.80668527;19.244093;100.0;0.38988706;240.41339;1619.9951;17.478664;-0.0011157244;0.0;0.13296306;0.13295561;0.0;17.474241;294.7911;1226.9066;-338.36835;6018.2275;0.05;-17.167778
1982-01-29;-8.051861;-10.241726;-10.301229;743.5721;0.76994306;154.08307;100.0;0.3951669;242.12791;1633.7076;0.35306197;-0.020962209;0.0;0.13238192;0.13238192;0.0;0.35042688;893.5944;3715.129;-914.065;5172.349;-12.904445;-80.71222
1982-01-30;-7.390423;-8.75729;-9.482522;744.4529;0.56869626;179.17735;100.0;0.3959228;247.11359;1603.2715;1.8488714;-0.02470985;0.0;0.13180077;0.13180077;0.0;1.8429682;754.4461;3055.7722;-496.93277;5836.0176;-16.515556;-109.92889
1982-01-31;-7.2248054;-8.310581;-7.913035;737.9732;0.58105093;206.34605;100.0;0.40142503;246.83495;1626.18;6.417516;-0.053923577;0.0;0.13123453;0.13124198;0.0;6.408401;607.22614;2496.4246;-375.51834;6096.0957;-39.984444;-135.33888
1982-02-01;-6.9852166;-8.4154825;-7.144535;739.3261;0.8281204;184.54372;100.0;0.407797;246.90819;1650.8789;11.973152;-0.09274669;0.0;0.13068318;0.13067573;0.0;11.963412;630.8456;2584.4722;-325.62888;6226.6733;-69.91;-140.10445
1982-02-02;-6.935614;-8.136363;-6.2663207;742.04706;1.0998342;187.23003;100.0;0.42235422;240.89906;1751.058;21.29588;-0.1319591;0.0;0.13011694;0.13011694;0.0;21.278112;528.5983;2241.7822;-161.40111;6475.1177;-101.36667;-210.40666
1982-02-03;-7.237242;-8.159023;-5.973591;737.8547;1.0784359;188.03911;100.0;0.47537318;215.23305;2205.241;62.32274;-0.07149018;0.0;0.1295805;0.12957305;0.0;62.30903;132.2889;569.0811;-105.05444;6491.62;-55.873333;-108.746666
1982-02-04;-13.0645075;-15.458783;-9.214269;735.10736;1.1509322;175.19757;100.0;0.5069789;211.6621;2397.99;5.5469193;-0.19380637;0.0;0.12902915;0.12902915;0.0;5.5395365;709.4267;3077.2166;-1072.8411;4936.4565;-149.80667;-300.28
1982-02-05;-15.579826;-20.899755;-14.505742;738.2963;0.85093075;149.31317;100.0;0.50861335;220.06215;2314.1682;0.042411685;-0.0882484;0.0;0.12847781;0.12848526;0.0;0.03851205;971.4061;4119.0845;-1365.6317;4166.2754;-65.547775;-197.69333
1982-02-06;-16.358412;-19.617737;-17.65933;743.57324;1.0239536;86.47601;100.0;0.5086675;226.28937;2249.8372;0.05388558;-0.026633963;0.0;0.12794137;0.12794137;0.0;0.050500035;1055.6794;4351.1143;-1425.8672;3891.9182;-18.016666;-118.41556
1982-02-07;-15.292622;-22.921972;-20.744709;744.0696;1.0523769;52.715435;100.0;0.5086901;230.87628;2205.2815;0.0034443557;-0.02792757;0.0;0.12740493;0.12741238;0.0;0.0;1151.365;4620.931;-1636.0061;3398.1917;-18.586666;-10.543333
1982-02-08;-13.719417;-24.500204;-22.67261;742.5198;1.0949506;52.743656;100.0;0.50870097;234.39711;2172.0378;0.0012844794;-0.030449592;0.0;0.12688339;0.12688339;0.0;0.0;1193.4261;4666.6924;-1495.4442;3467.3394;-20.551111;35.333332
1982-02-09;-12.605542;-24.385473;-22.6352;743.5185;1.0076231;57.861385;100.0;0.5087079;237.51495;2143.3105;0.0008557434;-0.036452897;0.0;0.12634695;0.1263544;0.0;0.0;1205.9489;4597.589;-1223.8295;3856.8706;-25.012222;27.817778
1982-02-10;-11.523538;-20.932709;-21.46958;746.7393;1.0357776;64.97317;100.0;0.5087155;240.69627;2115.153;0.00086426723;-0.026665628;0.0;0.1258254;0.1258254;0.0;0.0;1243.2161;4624.5854;-1258.3706;3936.0737;-17.392221;29.251112
1982-02-11;-12.409131;-17.564356;-20.297314;746.4664;1.2887805;31.822351;100.0;0.5087397;244.02016;2086.67;0.007998943;-0.0046677887;0.0;0.12531877;0.12531132;0.0;0.006157905;1189.5455;4327.176;-1028.6583;4310.8374;-0.6888889;0.75555557
1982-02-12;-13.440502;-19.327263;-18.20951;742.9041;1.1311296;52.32754;100.0;0.5087722;247.67218;2056.3152;0.011265278;-0.03663078;0.0;0.124797225;0.124797225;0.0;0.010468066;1262.5133;4484.6133;-1173.2328;4320.6216;-24.971111;-74.59333
1982-02-13;-12.739713;-16.270144;-16.838408;737.7544;1.1026304;38.53833;100.0;0.5090812;251.2412;2028.0355;0.5329072;-0.031549484;0.0;0.124290586;0.124290586;0.0;0.5276464;1044.2994;3643.8267;-850.6628;4820.4146;-21.72889;-77.12111
1982-02-14;-12.29617;-14.532664;-15.424302;737.6157;0.95424396;99.90638;100.0;0.510706;253.03807;2018.3105;5.1157374;-0.037873164;0.0;0.12379885;0.1237914;0.0;5.108293;900.9972;3137.6594;-343.19638;5536.5454;-27.704445;-109.21778
1982-02-15;-14.175254;-16.706163;-13.496266;738.7828;1.052692;130.06993;100.0;0.5225971;239.41405;2182.2917;8.101768;-0.093919225;0.0;0.12329221;0.12329221;0.0;8.095141;989.1222;4033.629;-988.85223;4818.3677;-70.831665;-233.39667
1982-02-16;-16.09884;-21.872816;-16.049116;740.855;1.1436833;35.761555;100.0;0.52384955;243.20766;2156.4534;0.07312894;-0.08267071;0.0;0.12278557;0.12279302;0.0;0.07105991;1179.5094;4707.5723;-1479.6428;3982.38;-60.821667;-191.85777
1982-02-17;-15.636562;-21.49883;-18.508455;742.3287;0.9381492;87.10297;100.0;0.5238813;247.48859;2118.9778;0.035921417;-0.04300382;0.0;0.12229383;0.12230128;0.0;0.030849129;1238.5516;4821.221;-1383.615;3919.945;-30.167223;-124.99
1982-02-18;-15.016625;-21.024923;-19.24174;743.4665;0.97810596;89.445496;100.0;0.5239108;251.09894;2088.6638;0.006341934;-0.010620803;0.0;0.12181699;0.12181699;0.0;0.0054836273;1307.8472;4966.4976;-1462.7567;3806.9575;-7.0816665;-109.67333
1982-02-19;-11.53371;-19.124483;-19.419996;745.2778;0.862716;63.853504;100.0;0.5239263;254.39809;2061.2793;0.026065111;-0.0035893172;0.0;0.12135506;0.121347606;0.0;0.025197864;1373.2567;5088.1655;-1186.2544;4193.0947;-1.4211111;-53.487778
1982-02-20;-9.423766;-15.6388855;-16.385283;743.97485;0.7840193;58.712177;100.0;0.5242223;257.6901;2035.9293;0.66958666;-0.006167218;0.0;0.12086332;0.12087822;0.0;0.6662011;966.0405;3498.5466;-493.01556;5338.8564;-3.67;-54.24222
1982-02-21;-9.478723;-12.417278;-13.651864;741.98364;0.8500734;125.08988;100.0;0.524748;261.5524;2008.2601;0.20018518;-0.020137057;0.0;0.12040138;0.12040883;0.0;0.19381195;1260.1938;4512.999;-972.43945;4991.6934;-14.27;-143.04195
1982-02-22;-9.68345;-13.060158;-12.732194;744.3475;0.9469245;71.5615;100.0;0.5248417;266.25162;1973.348;0.010463715;-0.03901031;0.0;0.11993945;0.11993945;0.0;0.008739531;1392.8822;4888.57;-1306.2189;4620.823;-29.005556;-171.32
1982-02-23;-8.805732;-14.189683;-12.779491;742.47577;0.9091885;101.68924;100.0;0.52482843;270.79428;1940.1855;0.03684461;-0.078892335;0.0;0.11948496;0.11948496;0.0;0.034239143;1251.0789;4294.6367;-1117.6766;4842.9478;-60.373333;-119.98389
1982-02-24;-9.698108;-14.125123;-13.161916;742.6014;1.0467536;67.26783;100.0;0.5248224;274.9977;1910.4004;0.060230494;-0.04667323;0.0;0.119030476;0.119030476;0.0;0.054337084;1502.586;5050.682;-1452.2494;4420.6426;-34.98;-127.51667
1982-02-25;-9.722454;-14.3609085;-12.888408;744.2029;1.0423151;57.631176;100.0;0.5248478;278.93262;1883.3008;0.007102183;-0.03813766;0.0;0.11857599;0.11857599;0.0;0.0058189034;1596.1978;5252.418;-1558.7622;4342.0156;-27.936666;-162.28334
1982-02-26;-7.570685;-15.687131;-13.729148;744.7053;1.0194436;78.420006;100.0;0.5248411;282.60352;1858.9274;0.0019496802;-0.029902905;0.0;0.118121505;0.118128955;0.0;0.0;1724.5972;5554.017;-1811.7328;3973.2637;-21.426666;-65.78445
1982-02-27;-5.0108438;-14.467786;-12.991405;746.84015;1.0205564;65.53367;100.0;0.5248346;286.04166;1836.2631;0.0004351138;-0.017983839;0.0;0.11768937;0.11768937;0.0;0.0;1719.6666;5423.138;-1405.8184;4638.8716;-13.387777;-59.944443
1982-02-28;-3.3339233;-10.027721;-10.195793;747.2268;0.7992039;126.295494;100.0;0.5256467;289.10123;1818.4408;8.79839;-0.015785918;0.0;0.11725724;0.117242336;0.0;8.348324;1465.0211;4524.2827;-719.3189;5702.069;-11.665556;-76.77889
1982-03-01;-4.5135703;-5.2239075;-6.5683694;741.3716;0.6812;222.03679;100.0;0.55594385;266.53354;2082.967;28.523172;0.014001504;0.0;0.1168102;0.1168102;0.0;28.211664;393.37946;1685.5139;-110.02;6596.73;11.527223;-66.96111
1982-03-02;-5.582245;-6.868612;-5.9396057;739.4489;0.7857222;222.79742;100.0;0.56582576;267.89648;2114.5833;1.3077676;-0.07880386;0.0;0.11637807;0.11637807;0.0;1.3018475;1062.6805;4545.524;-803.83057;5795.009;-60.18889;-239.86667
1982-03-03;-6.258677;-7.870098;-5.8353524;744.78107;0.81343675;254.8253;100.0;0.56650394;275.58823;2057.8613;0.47090858;-0.13077167;0.0;0.11596084;0.115953386;0.0;0.4650876;1078.5422;4499.2837;-797.3375;5809.88;-101.01444;-270.6089
1982-03-04;-6.284851;-9.363461;-6.811068;750.209;1.0080556;93.65974;100.0;0.56664604;282.67807;2006.5511;0.006994605;-0.0732746;0.0;0.1155138;0.11552125;0.0;0.0026971102;1366.4161;5559.23;-1549.105;4792.3594;-55.08889;-232.24333
1982-03-05;-5.08963;-12.275008;-9.361032;749.7342;1.0619669;52.5591;100.0;0.5666351;288.306;1967.1631;0.0013935099;-0.033704564;0.0;0.11509657;0.11509657;0.0;0.00010803342;1485.705;5888.37;-1762.8698;4299.9062;-23.75;-112.18139
1982-03-06;-5.2554603;-12.096883;-10.607316;745.7951;1.5320212;26.929754;100.0;0.56663287;292.76724;1936.849;0.0;-0.030009076;0.0;0.11467934;0.114671886;0.0;7.4505806e-06;1497.64;5786.171;-1553.8358;4520.834;-21.032223;-84.97361
1982-03-07;-5.364187;-13.524666;-11.038445;745.53204;1.0221771;57.467113;100.0;0.5666376;296.74252;1911.0514;0.0007629394;-0.0333786;0.0;0.1142472;0.11425465;0.0;0.00033900142;1565.7289;5899.646;-1679.1211;4330.577;-23.375555;-112.31555
1982-03-08;-5.8123374;-12.436259;-11.736318;746.08075;0.78362584;218.16136;100.0;0.5666375;300.30045;1888.7533;0.056773424;-0.034326687;0.0;0.11382997;0.11383742;0.0;0.055860728;1633.6855;6005.073;-1551.7927;4431.2646;-24.418888;-158.63889
1982-03-09;-6.120157;-7.4720817;-10.0449705;741.885;0.7248377;185.32228;100.0;0.57821697;292.91928;1972.0052;27.124813;0.028332695;0.0;0.11342764;0.11342764;0.0;27.091785;581.5464;2219.0159;27.26389;6495.3555;22.856667;-74.89445
1982-03-10;-7.793236;-9.310982;-7.9255586;739.747;1.2429326;221.47815;100.0;0.6091196;266.53027;2283.5286;16.363768;-0.04496891;0.0;0.11302531;0.11302531;0.0;16.34615;963.9067;4192.402;-694.2772;5753.7954;-34.002777;-209.81444
1982-03-11;-11.62009;-14.273808;-9.004483;738.5508;1.3915333;192.50647;100.0;0.61574596;268.00552;2298.8281;4.802297;-0.20513219;0.0;0.11262298;0.11262298;0.0;4.7744026;1145.52;4892.329;-1109.03;5008.283;-159.68445;-389.2978
1982-03-12;-10.928734;-18.052261;-11.759154;743.5087;0.96710676;83.4611;100.0;0.6178227;272.194;2272.176;0.01834333;-0.0781687;0.0;0.112220645;0.112213194;0.0;0.017482787;1502.2167;6307.7544;-1797.5525;4002.3594;-59.012222;-260.47446
1982-03-13;-8.036864;-19.321396;-13.937817;743.97455;0.9927607;69.07409;100.0;0.617792;276.99252;2232.381;0.002576826;-0.039284118;0.0;0.11181831;0.11181831;0.0;0.0;1555.7655;6357.3403;-1488.3184;4269.722;-29.98;-159.99445
1982-03-14;-6.682653;-17.68477;-13.533395;746.43896;1.0775411;81.14483;100.0;0.61776555;281.27377;2198.527;0.00043826265;-0.03745407;0.0;0.11143088;0.11142343;0.0;0.0;1595.265;6349.0977;-1532.0275;4308.8306;-28.486666;-139.18666
1982-03-15;-4.5349503;-13.955925;-13.026753;750.3884;1.0029029;78.87111;100.0;0.61775464;285.42935;2166.0564;0.0004351138;-0.010354444;0.0;0.11102855;0.111036;0.0;0.0;1627.1433;6311.697;-1386.8456;4574.081;-7.213333;-120.134445
1982-03-16;-3.216441;-13.793324;-10.663663;748.57007;0.84393406;163.73315;100.0;0.6177251;289.84732;2133.3008;0.0017344946;-0.07240567;0.0;0.11065602;0.11064857;0.0;0.0004582107;1421.4863;5375.653;-909.1506;5435.9526;-55.947224;-145.40778
1982-03-17;-3.213857;-10.15271;-9.085285;745.4964;0.73200893;239.2882;100.0;0.61803657;294.41537;2100.8708;2.662566;-0.057991594;0.0;0.11026859;0.11026859;0.0;2.3140013;1629.5472;6012.2847;-960.88947;5509.358;-44.58;-195.51389
1982-03-18;-4.8946633;-6.4079895;-6.1217856;739.14594;0.9024846;216.35994;100.0;0.6279894;291.4821;2154.5818;12.88261;-0.068610534;0.0;0.109896064;0.10988116;0.0;12.48968;1220.9203;4858.451;-686.76056;6023.2627;-53.287777;-272.8439
1982-03-19;-6.9447937;-8.886597;-5.967041;740.2275;1.0738574;165.54253;100.0;0.63638854;291.51953;2184.4482;4.746611;-0.15929994;0.0;0.109523535;0.10950863;0.0;4.7280083;1342.8497;5554.1445;-1022.98334;5524.2876;-124.251114;-366.59668
1982-03-20;-6.707357;-9.067662;-6.621924;744.4717;0.8684272;162.82634;100.0;0.63868445;295.98828;2160.197;0.4456669;-0.12982917;0.0;0.1091212;0.109128654;0.0;0.44089183;1446.873;5945.6694;-1088.4595;5425.28;-99.58889;-313.47888
1982-03-21;-4.715841;-8.811717;-6.07723;746.2509;0.7966864;215.1476;100.0;0.6389393;301.6416;2120.3613;0.037243914;-0.14175195;0.0;0.108748674;0.108748674;0.0;0.03210455;1404.4078;5635.062;-1148.1934;5447.6646;-108.58111;-266.35223
1982-03-22;-3.8230388;-7.225138;-6.361389;745.65985;0.78371024;151.89507;100.0;0.64008564;306.37045;2090.2507;4.921885;-0.08926354;0.0;0.108376145;0.108376145;0.0;4.465364;1439.2278;5640.481;-1093.586;5472.3257;-67.66111;-226.65666
1982-03-23;-3.132304;-4.9379272;-5.102951;743.93823;0.99166393;238.49547;100.0;0.64599663;306.93848;2106.1604;2.7922125;-0.09750761;0.0;0.10800362;0.10800362;0.0;2.3558364;1369.865;5541.85;-872.4069;5882.2114;-74.185555;-257.58112
1982-03-24;-4.3595276;-5.376953;-3.8981068;737.2918;0.8865843;210.36827;100.0;0.6673598;296.72266;2247.3145;34.157887;-0.103707425;0.0;0.10763109;0.10763109;0.0;32.410282;592.5478;2540.1855;-312.11557;6550.109;-80.566666;-195.49777
1982-03-25;-5.724199;-7.512957;-4.040619;736.31226;1.0465771;162.6411;100.0;0.69208837;286.74283;2413.2893;18.203289;-0.21573156;0.0;0.10727346;0.10727346;0.0;18.125195;860.31836;3724.4417;-579.78864;6173.4517;-168.26111;-302.26556
1982-03-26;-8.498665;-11.665185;-5.6609025;738.7886;1.0631937;109.20444;100.0;0.7018897;287.66147;2441.8132;4.4409523;-0.33874065;0.0;0.10691583;0.10691583;0.0;4.4066386;1004.70886;4281.737;-769.7181;5732.488;-264.7378;-399.84555
1982-03-27;-9.570521;-15.446191;-7.8383865;739.82806;0.9738639;71.90035;100.0;0.7039116;292.7858;2406.6975;0.11755643;-0.27195644;0.0;0.1065582;0.10655075;0.0;0.11404231;1501.2789;6289.995;-1508.2897;4677.656;-211.12778;-392.48694
1982-03-28;-9.441685;-17.715353;-10.218286;743.0871;1.2885638;26.543497;100.0;0.70379704;298.3291;2361.2468;0.00860095;-0.12274645;0.0;0.106200576;0.106193125;0.0;0.0077411532;1744.169;7113.743;-1780.0078;4222.1987;-94.55;-329.2689
1982-03-29;-4.9821143;-15.721878;-11.413972;748.8281;1.0463318;71.32668;100.0;0.7037471;302.7666;2326.1719;0.0008583069;-0.036865473;0.0;0.10584295;0.10584295;0.0;0.0;1803.1683;7163.667;-1661.8881;4371.0234;-27.765556;-182.10222
1982-03-30;-3.3413696;-9.692388;-10.804653;752.199;1.0781921;173.1361;100.0;0.70374435;306.90494;2295.044;0.001275539;0.004769303;0.0;0.10548532;0.10549277;0.0;0.0;1852.735;7175.376;-1618.2103;4535.939;4.7466664;-174.00972
1982-03-31;-1.9906107;-5.7864075;-9.565045;752.8195;0.9690845;238.62592;100.0;0.7037814;311.0983;2264.1602;0.0012946512;0.039409846;0.0;0.105172396;0.105150044;0.0;1.4901161e-05;1858.6583;7020.5615;-1398.461;4958.4067;31.881111;-188.44112
1982-04-01;-0.6849467;-4.2030845;-6.8835044;749.82294;1.0646596;248.13908;100.0;0.70385283;315.71582;2231.3232;0.4135847;0.003118068;0.0;0.10481477;0.10480732;0.0;0.41149557;1792.5756;6601.1396;-1040.0636;5635.089;3.4366667;-193.79
1982-04-02;-0.40623984;-3.3301086;-4.048433;749.43097;0.81097347;146.38647;100.0;0.70448047;320.9248;2197.3877;0.23197158;-0.011997297;0.0;0.10445714;0.10446459;0.0;0.19362196;1292.5477;4667.402;-798.01666;6114.5957;-8.5633335;-155.00555
1982-04-03;0.73149616;-7.01223;-3.8061726;752.6975;1.0898726;76.04951;100.0;0.7045138;327.14322;2156.0872;0.0008523463;-0.10009855;0.0;0.10411441;0.10411441;0.0;0.0;2142.2043;7419.297;-1925.8966;4765.355;-73.90889;-183.45444
1982-04-04;3.9333394;-9.802928;-2.7364247;753.5162;0.9201658;70.758;100.0;0.70402557;333.2767;2115.6414;0.00085532654;-0.16236119;0.07246435;0.17623603;0.103764236;0.81038475;0.0;1971.5405;6572.0513;-1264.2622;5724.391;-122.59556;-145.57666
1982-04-05;0.25603232;-2.7258708;-0.87942;748.03326;0.8426176;246.49556;100.0;0.70919037;339.4401;2091.2273;22.31414;-0.09172596;0.9251088;1.0285527;0.10342896;1.1860486;7.2329717;973.5011;2974.2327;-115.485275;7094.058;-70.45;-188.49777
1982-04-06;-0.27220663;-3.1335042;-0.13414256;747.87286;0.7442155;168.9067;100.0;0.7138193;342.59473;2086.8733;0.034976006;-0.24596974;0.7106662;0.8137524;0.103101134;5.9486737;0.0022128224;2149.1155;6841.21;-1454.4297;5701.1562;-188.04333;-345.97333
1982-04-07;-0.3540039;-3.0131428;-0.22904968;747.30096;0.916763;69.82198;100.0;0.71235913;348.01498;2047.7295;18.324184;-0.23930427;0.84862113;0.95137954;0.10275841;2.6308763;13.114777;1912.1478;5376.9985;-858.505;6366.299;-183.64667;-262.78555
1982-04-08;-2.2512512;-3.4700725;-0.08205414;743.895;1.058136;199.28021;100.0;0.74916524;325.50586;2299.7234;26.608545;-0.3394503;0.2888143;0.3912449;0.10243058;1.4859438;25.321878;1474.5006;6087.036;-905.5319;6254.242;-262.79;-474.06668
1982-04-09;-1.7427673;-2.6740391;-0.21436818;749.25006;1.1166538;217.7519;100.0;0.7529672;330.8395;2278.5645;1.6922735;-0.27709454;0.054463744;0.1565814;0.10210276;0.30711478;1.2699515;1182.5762;4039.88;-555.27386;6611.642;-215.19667;-334.00665
1982-04-10;0.6454671;-7.2884927;-0.22792561;751.30853;1.0945926;64.88076;100.0;0.75049275;339.27377;2214.803;0.012007356;-0.32121688;0.63438714;0.73616207;0.10178983;4.7352424;0.003170222;2472.8584;7290.418;-1625.3556;5491.588;-245.18056;-335.30444
1982-04-11;2.8712566;-6.589681;-0.3069191;750.9349;1.0092899;73.8328;100.0;0.7442388;347.61392;2143.7175;0.0;-0.21321046;1.0527074;1.1541694;0.10146946;7.398799;0.0;2819.1216;7453.1323;-1740.4253;5412.901;-159.755;-222.78
1982-04-12;2.173767;-4.0102744;-0.2952919;749.90497;1.1070831;140.76031;100.0;0.7354431;355.569;2070.9229;0.00042617318;-0.31843317;1.4808178;1.581952;0.10113418;9.6025915;0.0;3031.8494;7415.473;-1716.8027;5429.324;-229.62778;-173.50333
1982-04-13;1.8453369;-4.6668496;-0.30236307;751.6508;1.1482146;87.9227;100.0;0.72501796;363.03027;1999.6338;0.0025639166;-0.32889658;1.9731671;2.0739584;0.100806355;10.925729;0.0;3274.485;7562.4365;-1847.5706;5296.6665;-236.195;-165.84445
1982-04-14;3.037608;-3.868459;-0.24455388;753.2413;1.3071305;39.315647;100.0;0.7129421;370.1556;1928.1412;0.54486096;-0.33844823;2.9335022;3.0339956;0.10050088;12.9322;0.0;3405.831;7536.508;-1485.9636;5800.3745;-242.67166;-137.88889
1982-04-15;2.8972676;0.3688151;-0.06375631;751.9109;1.0053703;51.505817;100.0;0.70047545;375.63345;1866.7399;1.9298285;-0.09419024;3.2836199;3.4148693;0.13126433;13.573389;0.0;1937.8917;4145.338;-578.9694;6810.3047;-63.81222;-82.88333
1982-04-16;1.823883;0.07899984;-0.05854543;749.56964;1.0184733;66.152855;100.0;0.683506;379.78842;1801.5137;0.16831668;-0.22425875;5.438775;5.5775642;0.13877451;19.2164;0.007249415;2791.79;5832.4062;-696.4131;6738.99;-159.535;-208.04222
1982-04-17;2.5871277;0.052296955;-0.11545563;747.44635;1.0445437;85.43694;100.0;0.664161;383.97983;1731.9336;0.036525995;-0.3401758;6.0239735;6.2970667;0.27309358;19.622885;0.030782074;3414.9155;7012.8784;-1222.6392;6142.3296;-246.31444;-250.83223
1982-04-18;2.719035;1.4442444;-0.08332952;745.3269;0.84671026;192.7489;100.0;0.6464741;388.58755;1665.5273;3.228056;-0.16184524;4.897073;5.0700455;0.17298758;16.161829;0.0;2632.4678;5322.83;-594.39667;6849.6733;-112.42555;-152.07333
1982-04-19;1.2105713;0.3441162;-0.021345774;745.45294;1.0108827;256.84467;100.0;0.6303819;391.9935;1609.7006;2.4703772;-0.25486016;5.2877517;6.012723;0.7249862;16.567148;0.00074505806;2366.4844;4728.82;-518.2161;6903.6455;-188.19667;-208.78444
1982-04-20;1.6557922;-1.7589926;-0.11314392;747.95844;1.0960643;73.34778;100.0;0.61163145;395.29166;1548.8688;0.0059187403;-0.5112281;6.8569927;7.401064;0.5440563;20.180433;0.0046417117;3745.9167;7421.8213;-1544.7258;5759.7256;-378.31;-280.64444
1982-04-21;2.7511394;-3.6429749;-0.22303645;749.2;1.1367534;116.71741;100.0;0.5931371;400.09537;1484.4156;0.0021457672;-0.5340977;6.3852816;7.001653;0.6163642;17.519522;0.0021457672;3982.219;7841.175;-1766.1069;5490.3276;-393.12555;-236.99222
1982-04-22;3.788615;-1.3840332;-0.21144612;750.4453;1.0521352;128.3751;100.0;0.5757881;405.819;1420.695;0.13372727;-0.347225;6.286159;6.7163258;0.43015927;16.87545;0.0;3468.4656;6789.0244;-1353.7789;5937.229;-250.92389;-116.59556
1982-04-23;2.7500916;0.9265747;-0.08035914;749.4599;0.7535879;219.27232;100.0;0.5627487;410.60254;1371.7855;16.507418;-0.067766756;10.276914;11.160657;0.8837506;12.188971;0.0;1666.7594;3245.31;-175.61583;7205.5146;-45.545555;-80.8275
1982-04-24;3.540863;-1.8641561;-0.07299677;750.2614;0.98508114;267.23206;100.0;0.54400235;413.00488;1318.8883;0.0076174727;-0.58888644;8.645296;10.225952;1.5806482;22.351875;0.0;3672.7566;7128.707;-1441.0159;5927.0376;-438.05554;-192.49806
1982-04-25;3.8369548;-2.4753215;-0.19573212;751.7236;1.0664628;112.53968;100.0;0.52440387;417.58334;1257.7719;0.00042617318;-0.41202548;7.3610396;7.6096354;0.24858862;18.614445;0.0;3761.111;7281.2676;-1509.7261;5799.916;-298.44556;-140.29
1982-04-26;2.7782695;0.054311115;-0.108078;746.9151;0.9194336;154.18047;100.0;0.50936747;422.9004;1206.014;19.88024;-0.16925111;13.249278;14.954731;1.7054453;12.972988;0.0;2215.3894;4276.682;-393.04834;7013.427;-120.543335;-79.564445
1982-04-27;1.3973795;0.92611694;0.009002686;742.6963;0.5737641;228.83781;100.0;0.4987634;424.3021;1176.2289;22.510767;-0.00028405339;12.684136;14.996857;2.3127346;7.942926;1.3130977;625.52057;1205.6067;122.281944;7492.3535;1.6222222;-30.632223
1982-04-28;1.6619974;-0.46646118;-0.037195843;746.9104;0.8517352;240.96454;100.0;0.48505342;424.08755;1145.1823;0.85698664;-0.49568713;7.088721;7.617459;0.5287379;18.609911;0.005736947;3045.4883;6243.099;-960.6586;6437.121;-370.59668;-227.69333
1982-04-29;1.8992106;-0.75461835;-0.08666102;750.98175;1.0123149;169.93716;100.0;0.47008702;426.68066;1102.9053;0.20462722;-0.35018754;5.0172954;5.5012555;0.48396736;13.532773;0.00027567148;2295.57;4635.189;-725.88416;6614.2266;-261.06332;-157.5
1982-04-30;3.8843994;1.2302856;-0.109633125;753.71045;1.2633849;248.4544;100.0;0.45418334;430.667;1056.2338;0.13170242;-0.21220185;7.420018;8.993342;1.5733316;17.932848;0.0;2831.189;5653.189;-795.97723;6605.007;-148.95111;-77.54444
1982-05-01;3.2128093;1.9159342;-0.028862;752.3906;0.72729796;249.2055;100.0;0.44001797;433.75357;1015.4622;14.331712;-0.015761703;10.240987;11.313722;1.072742;12.269005;0.0;1504.7944;2976.3433;-429.505;6952.5405;-6.5972223;-43.94889
1982-05-02;4.0020347;-0.6379903;-0.1125234;750.2671;1.1080213;148.31621;100.0;0.42139244;436.54947;966.7969;0.0058113527;-0.44613704;10.094359;12.361929;2.2675543;23.652636;0.0;3940.8005;7747.168;-1585.4603;5739.5522;-323.6122;-156.24222
1982-05-03;3.7675579;-2.841634;-0.22894287;750.4168;1.1789986;125.95919;100.0;0.40183488;442.35645;909.7087;0.015676022;-0.5427599;5.7759285;6.909907;1.133971;17.476309;0.0;4116.297;8047.3755;-1932.1439;5314.2446;-399.08112;-110.437775
1982-05-04;2.970754;-0.3092855;-0.15648143;750.0215;1.0166112;114.217834;100.0;0.38515642;448.3392;860.2702;3.2916605;-0.33050403;7.5406733;9.764462;2.223797;16.02595;0.0;3244.5073;6312.5757;-1079.405;6293.48;-240.61333;-147.71777
1982-05-05;4.374471;0.36099243;-0.08237457;750.6579;1.0617927;134.1305;100.0;0.36477605;449.9977;811.6455;1.2105584;-0.33278203;10.67853;13.337761;2.6592314;24.333914;0.0;3748.666;7273.156;-1385.8097;6023.576;-237.4911;-146.23222
1982-05-06;2.537791;1.50531;-0.11643219;750.57587;1.1498896;119.15162;100.0;0.34692517;450.0;771.4844;9.3338785;-0.04691817;9.287849;11.798859;2.5110245;16.655016;0.0;2047.5006;3959.631;-483.21085;6868.203;-26.963333;-97.86889
1982-05-07;1.3427734;-0.2357076;-0.12164434;750.59674;0.94846225;120.04938;100.0;0.33256945;450.0;739.99023;6.0657263;-0.13537146;7.4923635;10.3831;2.890751;14.473538;0.0006183982;2060.5605;3976.07;-663.7453;6657.7646;-95.827774;-125.72222
1982-05-08;3.4761353;-0.4092102;-0.17105865;752.8161;1.2157199;46.791763;100.0;0.31413448;450.0;698.9746;3.882665;-0.42552686;11.16845;16.500994;5.3325443;21.822401;0.00041350722;3688.6006;7112.0146;-1100.6353;6305.084;-309.42444;-237.76334
1982-05-09;5.4242454;1.1784159;-0.10901896;754.7647;1.6822172;45.245407;100.0;0.29110205;450.0;648.0306;0.9347796;-0.34742802;9.5511675;14.888793;5.337641;23.126926;0.0;3481.9534;6707.468;-928.52026;6572.441;-249.31444;-86.132225
1982-05-10;7.384501;2.1504009;-0.086858116;756.60785;1.7949014;41.26412;100.0;0.26567093;450.0;591.75616;0.022798777;-0.30380487;10.950938;18.064932;7.113993;26.70578;0.0;3841.0745;7390.0312;-1125.4388;6424.048;-211.7911;-49.4
1982-05-11;6.8129067;3.3373718;-0.10328547;756.8299;1.6094493;41.37389;100.0;0.24391322;450.0;542.8467;0.44401288;-0.058257952;7.2604713;14.703378;7.442914;18.540155;0.0;2334.4634;4490.6167;-537.11;6901.547;-32.90889;17.711111
1982-05-12;10.393372;1.4150594;-0.059196472;757.1386;1.0338812;84.8712;100.0;0.21921964;450.0;488.28125;0.00635993;-0.30758697;13.40501;24.711609;11.306583;28.902653;0.0;3726.215;7156.6724;-830.2528;6777.0806;-213.64667;-48.56111
1982-05-13;9.037831;3.51002;-0.07948685;754.52716;0.94381565;133.82758;100.0;0.19417894;450.0;432.33237;3.2749236;-0.12840144;9.163827;20.369053;11.205241;22.209301;0.0;2742.7678;5265.714;-583.6517;6919.391;-85.28111;-13.868889
1982-05-14;6.296804;5.1015015;-0.004351298;749.7436;0.9215422;191.45026;100.0;0.1731772;450.0;385.78287;17.057766;-0.027148053;19.705593;35.316586;15.610978;22.1167;0.0;2339.284;4485.436;-220.69945;7320.6187;-8.836111;-83.886665
1982-05-15;5.6158957;4.02063;-0.014976501;749.79755;1.056465;241.91008;99.82577;0.1483634;450.0;331.09537;6.223911;-0.15166122;13.314038;30.127466;16.813396;25.465477;0.0;2968.689;5692.0566;-437.09833;7137.12;-100.695;-117.25445
1982-05-16;7.021891;3.1943054;-0.12934367;753.40765;1.1774544;170.70174;97.72363;0.12041298;450.0;269.04297;0.48779845;-0.33404493;12.401059;29.316933;16.915873;29.794146;0.0;3763.804;7140.2744;-859.865;6717.27;-230.78334;-128.27556
1982-05-17;8.938731;3.2312317;-0.25718817;754.0664;1.093335;207.3029;95.627846;0.09440378;450.0;210.77473;0.53188205;-0.32205507;10.393493;26.317537;15.924051;24.656296;0.0;3573.6338;6702.7656;-929.4422;6623.6226;-220.48;-79.98889
1982-05-18;9.379069;3.112264;-0.17467117;752.46405;1.0988957;180.25676;92.40625;0.06823802;450.0;152.75066;2.0566704;-0.502076;12.793049;28.312296;15.519254;27.732723;0.0;3929.8823;7286.0723;-937.0872;6715.069;-348.8889;-122.28667
1982-05-19;7.68749;4.192118;-0.25068665;751.49274;1.0286481;191.5092;86.677086;0.045468967;450.0;102.09147;7.7246866;-0.3476292;11.901811;28.334915;16.433105;20.882814;0.0;2915.7805;5287.3657;-724.2181;6840.4355;-234.73;-103.06111
1982-05-20;6.734965;0.29681396;-1.0532455;751.2;1.4795805;237.3694;59.270428;0.025906047;450.0;58.55306;0.0007003546;-1.4336947;6.4715743;24.016247;17.544672;18.19938;0.0;5075.227;8175.352;-1834.417;5808.432;-1012.31445;-404.69556
1982-05-21;7.1378784;0.9312541;-1.5370941;750.71313;1.1703688;167.27252;30.293295;0.013246973;450.0;29.866537;0.023180246;-1.8668752;2.9420555;17.194063;14.252007;9.198498;0.0;5316.204;7541.027;-1994.3297;5803.1704;-1300.7944;-575.20886
1982-05-22;6.453695;-0.4635315;-1.4030787;749.61554;1.3219237;127.75179;14.90389;0.0064920983;450.0;14.526367;1.0905565;-2.5693233;1.7149001;13.641223;11.926323;5.0899796;0.0;6144.13;8172.7866;-2271.232;5689.5957;-1790.64;-955.3689
1982-05-23;4.3234863;0.10155233;-1.2574705;747.1472;1.2322233;127.06638;7.128988;0.0031157732;450.0;6.8766274;4.6414957;-2.2116182;1.6738474;11.943192;10.269337;2.191905;0.0;5182.6494;6679.973;-1867.7961;6047.371;-1538.2478;-1104.3445
1982-05-24;4.99704;0.9861043;-0.48598608;748.9431;1.021242;64.05093;3.4288738;0.0014914671;450.0;3.6214192;1.7975599;-2.4872525;0.6840378;9.71818;9.034149;1.2395456;0.0;5103.0674;6474.5;-1650.6202;6486.1797;-1727.9767;-1087.5544
1982-05-25;6.753855;0.6272888;-0.2509308;751.71185;1.1118281;114.5581;1.5321451;0.00066490966;449.7334;1.7089844;1.2063324;-2.63582;0.34582615;8.419052;8.073233;0.58342516;9.872019e-05;5037.278;6338.1123;-1659.0867;6586.8027;-1831.0967;-1024.1344
1982-05-26;7.7876487;1.2396647;-0.19221878;752.5044;1.1957937;137.96802;0.64746094;0.00027982393;449.6953;0.61035156;1.8642843;-2.936653;0.37620962;7.669315;7.2931128;0.27050078;0.0;5651.042;7079.032;-1972.2136;6404.936;-2040.0433;-1079.1478
1982-05-27;8.058299;4.0258994;-0.03472519;751.51544;1.1293784;68.335754;0.25504556;0.00011006991;449.6953;-7.345365e-21;5.0997925;-2.7613518;0.9473711;7.593408;6.646037;0.11181831;0.0;5301.5576;6623.97;-1779.172;6692.5874;-1918.2045;-1038.3778
1982-05-28;8.755595;4.4799805;0.008963267;753.2342;1.1970158;67.15868;0.090901695;3.9219856e-05;449.6953;-7.345365e-21;1.6580157;-2.9692929;0.26023388;6.3607244;6.100476;0.042788684;0.0;5040.9346;6287.499;-1616.79;6962.819;-2062.6633;-960.93225
1982-05-29;10.290477;2.967926;0.01000468;753.59467;1.1774056;59.293507;0.03125;1.3391177e-05;449.6953;-7.345365e-21;0.41252375;-3.8157423;0.06121397;5.6935844;5.6323557;0.016376376;0.0;6131.858;7638.566;-2001.1453;6678.148;-2650.6677;-967.9289
1982-05-30;12.063446;1.1878967;-0.12958527;752.58;1.3098228;104.651115;0.009847005;4.4107437e-06;437.26627;-7.345365e-21;1.5987098;-3.6392846;0.25063753;5.4772196;5.2265673;0.004913658;0.0;6123.822;7619.968;-2310.4917;6369.2847;-2528.09;-863.11444
1982-05-31;10.069966;0.28545126;-0.021812439;749.0271;1.6729501;156.08409;0.0036621094;1.6291937e-06;428.52866;-7.345365e-21;3.5620928;-3.2326438;0.5374104;5.4110885;4.873663;0.0014975667;0.0;5321.0293;6613.7065;-1965.5028;6525.2607;-2245.611;-822.6522
1982-06-01;6.223165;0.86917114;-0.19747543;749.6551;1.397874;176.49815;0.001953125;5.5631e-07;428.0026;-7.345365e-21;2.065128;-2.982052;0.3052503;4.8691483;4.563898;0.00052526593;0.0;5524.079;6858.9224;-2079.2866;6137.972;-2071.5322;-1390.6956
1982-06-02;8.248057;1.3914694;-0.34566498;751.4021;1.063204;114.635956;0.00040690103;-7.3453654e-25;428.0;-7.345365e-21;0.7609248;-3.37754;0.10171533;4.3892264;4.287511;0.00025704503;0.0;6445.96;7995.0835;-2424.8406;6026.503;-2346.2644;-1253.3867
1982-06-03;9.155731;3.447937;0.008565267;751.9974;1.1288447;120.620415;0.0;-7.3453654e-25;428.0;-7.345365e-21;3.286922;-3.0887332;0.4785061;4.518509;4.0400105;9.685755e-05;0.0;5838.844;7234.331;-2081.3271;6496.9043;-2145.639;-1213.1122
1982-06-04;9.219981;3.006541;-2.6091793;751.978;1.1357044;153.39783;0.0;-7.3453654e-25;199.16762;-7.345365e-21;5.2135167;-2.8920472;0.78365207;4.6021643;3.8184972;2.9802322e-05;0.0;5345.4927;6616.053;-2004.305;6502.798;-2009.0089;-1097.1167
1982-06-05;9.542877;-1.719696;-1.1598104;752.7391;1.4488854;163.36974;0.0;-7.3453654e-25;107.75681;-7.345365e-21;0.0572145;-3.9591324;0.006020069;3.6233962;3.617361;1.1175871e-05;0.0;6647.7896;8219.422;-2517.225;5939.2;-2750.2766;-1170.6823
1982-06-06;9.910706;-0.9234111;0.010227203;753.46783;1.1136732;107.84983;0.0;-7.3453654e-25;99.99998;-7.345365e-21;0.38168937;-3.7950017;0.04184246;3.4752488;3.4334064;0.0;0.0;6607.3105;8160.812;-2411.725;6172.456;-2636.2612;-1123.6411
1982-06-07;13.140361;0.23603313;0.010068257;751.62775;1.2944723;166.50404;0.0;-7.3453654e-25;99.99998;-7.345365e-21;0.8302681;-4.051795;0.10237098;3.3681095;3.2657533;0.0;0.0;6182.233;7627.721;-2146.42;6644.042;-2814.6467;-784.1511
1982-06-08;12.2195635;-0.31297812;0.009866078;753.2376;1.231605;165.59541;0.0;-7.3453654e-25;99.99998;-7.345365e-21;0.0021823454;-3.9830859;0.00023841858;3.111571;3.1113625;0.0;0.0;6931.0957;8542.808;-2754.3362;5962.221;-2766.9167;-1147.0311
1982-06-09;12.510783;-1.0408936;0.009805043;753.3003;1.2014029;137.69505;0.0;-7.3453654e-25;99.99998;-7.345365e-21;0.0004351138;-4.028544;2.9802322e-05;2.9689968;2.9689522;0.0;0.0;7019.4473;8642.639;-2909.35;5854.499;-2798.4956;-923.7122
1982-06-10;12.648865;0.97004193;0.009808858;752.6108;1.2369294;117.11462;0.0;-7.3453654e-25;99.99998;-7.345365e-21;1.1596441;-3.4846683;0.10852516;2.9464066;2.8378816;0.0;0.0;6310.9917;7762.1777;-2375.5867;6492.0977;-2420.6821;-1033.0067
1982-06-11;13.200337;0.5084839;0.010019938;750.2815;1.4756104;120.44302;0.0;-7.3453654e-25;99.99998;-7.345365e-21;0.0012814989;-3.9382513;0.00011920929;2.716556;2.7164369;0.0;0.0;6906.7573;8486.111;-2609.2666;6317.052;-2735.7722;-1177.2689
1982-06-12;12.766896;0.752594;0.009955089;750.7288;1.0951442;92.733734;0.0;-7.3453654e-25;99.99998;-7.345365e-21;0.037896633;-3.6451378;0.0031590462;2.606094;2.6029348;0.0;0.0;6630.5835;8138.2153;-2556.5105;6420.01;-2532.1555;-1109.2544
1982-06-13;12.528209;4.4402976;0.009857178;749.81396;1.3552338;51.33812;0.0;-7.3453654e-25;99.99998;-7.345365e-21;1.1755238;-3.1577497;0.10961294;2.6071966;2.4975836;0.0;0.0;6046.9136;7413.94;-2235.696;6758.886;-2193.5823;-1226.5333
1982-06-14;11.215709;4.7356668;-0.0016059875;747.9082;1.1977991;87.93986;0.0;-7.3453654e-25;100.01495;-7.345365e-21;2.435726;-2.8471937;0.21752715;2.6177764;2.4002717;0.0;0.0;5562.955;6813.6055;-2149.3022;6734.6924;-1977.8511;-1201.4767
1982-06-15;12.982056;2.5958354;0.010065715;749.9736;1.1607721;112.999596;0.0;-7.3453654e-25;99.99998;-7.345365e-21;0.0;-3.7084017;0.0;2.3087263;2.3087263;0.0;0.0;6678.237;8171.14;-2357.8264;6727.9893;-2576.1033;-1268.7655
1982-06-16;15.37619;0.81611127;0.0101623535;750.9483;1.1591948;102.52964;0.0;-7.3453654e-25;99.99998;-7.345365e-21;0.0008583069;-3.6632307;7.4505806e-05;2.2217631;2.2217035;0.0;0.0;6938.957;8489.072;-2817.6665;6390.9824;-2544.7234;-1160.42
1982-06-17;14.725525;-2.9865112;0.009630839;748.98;1.5004724;169.41927;0.0;-7.3453654e-25;99.99998;-7.345365e-21;0.0;-3.4401677;0.0;2.139777;2.139762;0.0;0.0;7079.3477;8659.704;-3092.498;6006.9644;-2389.77;-1303.8911
1982-06-18;13.912903;-2.841573;0.009864807;748.2569;1.2076159;172.27376;0.0;-7.3453654e-25;99.99998;-7.345365e-21;0.0008523463;-3.1256816;5.9604645e-05;2.0626783;2.062604;0.0;0.0;7075.488;8653.853;-3129.164;5950.224;-2171.3071;-1407.8545
1982-06-19;14.447703;-0.79293823;0.010540009;749.53326;1.1904713;117.20507;0.0;-7.3453654e-25;99.99998;-7.345365e-21;0.0;-2.8605797;0.0;1.9898117;1.9898117;0.0;0.0;6945.8823;8494.235;-3045.95;6165.743;-1987.15;-1478.6511
1982-06-20;14.882731;-0.5016683;0.009822845;751.4555;1.2891167;97.91016;0.0;-7.3453654e-25;99.99998;-7.345365e-21;0.0;-2.7097723;0.0;1.9209683;1.9209683;0.0;0.0;7013.9546;8576.361;-3130.6963;6169.658;-1882.3889;-1583.7333
1982-06-21;14.488403;-1.6465353;0.010152181;751.0032;1.2978935;123.50796;0.0;-7.3453654e-25;99.99998;-7.345365e-21;0.00042617318;-2.4534333;2.9802322e-05;1.8557757;1.8557459;0.0;0.0;7028.7744;8593.357;-3102.1428;6224.559;-1704.3177;-1781.2866
1982-06-22;14.131938;-0.94732666;0.010114034;750.34076;1.4307041;130.03252;0.0;-7.3453654e-25;99.99998;-7.345365e-21;0.00074505806;-2.189109;4.4703484e-05;1.7940402;1.7939955;0.0;0.0;6919.6953;8458.897;-2950.2505;6422.807;-1520.7012;-2004.8733
1982-06-23;13.270864;0.2101949;0.010367076;748.94574;1.5953145;159.12096;0.0;-7.3453654e-25;99.99998;-7.345365e-21;0.03787875;-1.9086618;0.0023841858;1.737982;1.7356128;0.0;0.0;6548.35;8003.824;-2769.1567;6572.037;-1325.8844;-2096.8755
1982-06-24;11.512227;1.5708618;0.010009766;749.2459;1.6582154;34.550312;0.0;-7.3453654e-25;99.99998;-7.345365e-21;1.564095;-2.2246437;0.11074543;1.7916262;1.6808808;0.0;0.0;6336.5444;7743.8047;-2663.6255;6463.0225;-1545.3855;-1971.7755
1982-06-25;14.0095625;2.051463;0.010349274;749.2615;1.1599123;92.597725;0.0;-7.3453654e-25;99.99998;-7.345365e-21;0.0077873464;-2.2448058;0.0005066395;1.6290396;1.6285181;0.0;0.0;6853.2026;8374.426;-2949.4922;6470.93;-1559.3922;-1828.6045
1982-06-26;13.937236;-0.02927653;0.009557088;747.32495;1.4652314;118.81144;0.0;-7.3453654e-25;99.99998;-7.345365e-21;0.650841;-1.9721966;0.04169345;1.6201138;1.5784278;0.0;0.0;6591.7607;8053.8335;-2699.4873;6753.8096;-1370.02;-2073.6233
1982-06-27;11.355397;2.8876545;0.009833018;747.2382;1.6032494;108.1218;0.0;-7.3453654e-25;99.99998;-7.345365e-21;3.0568302;-1.7516389;0.2322495;1.763761;1.5315413;0.0;0.0;5707.427;6972.3613;-2373.8113;6752.2256;-1216.8055;-2074.051
1982-06-28;12.5191145;3.4537556;0.0007286072;748.68994;1.1741956;100.65307;0.0;-7.3453654e-25;100.00779;-7.345365e-21;1.2671189;-2.3661013;0.094756484;1.5818775;1.4871359;0.0;0.0;6101.6543;7452.9453;-2523.1687;6664.017;-1643.6511;-1644.2311
1982-06-29;15.447144;4.5331626;0.0046056113;751.55756;1.1905034;108.09692;0.0;-7.3453654e-25;100.00747;-7.345365e-21;0.0073850243;-2.6535244;0.000461936;1.4445931;1.4441311;0.0;0.0;6653.105;8125.6787;-2662.4373;6851.9233;-1843.3145;-1605.2678
1982-06-30;15.644856;3.4766033;0.009993236;751.4683;1.2533172;102.44696;0.0;-7.3453654e-25;99.99998;-7.345365e-21;0.020334125;-2.3197885;0.0012591481;1.4039725;1.4027133;0.0;0.0;6195.3774;7565.5913;-2596.9932;7045.8013;-1611.4789;-1553.7422
1982-07-01;14.542389;2.1241558;0.010051727;749.77045;1.2614585;102.49033;0.0;-7.3453654e-25;99.99998;-7.345365e-21;0.27206838;-1.8836837;0.016644597;1.3799667;1.3633146;0.0;0.0;5905.5903;7210.8354;-2472.2524;7109.5405;-1308.5322;-1776.3323
1982-07-02;15.251607;-1.1386923;0.009966533;748.2576;1.441907;136.10979;0.0;-7.3453654e-25;99.99998;-7.345365e-21;0.018107891;-1.8582568;0.00090897083;1.3264865;1.3255626;0.0;0.0;6639.553;8105.9424;-2974.845;6573.509;-1290.8689;-2064.9534
1982-07-03;15.479014;-2.881307;0.010190328;747.98395;1.3156053;136.20296;0.0;-7.3453654e-25;99.99998;-7.345365e-21;0.0008523463;-1.6774609;5.9604645e-05;1.2892783;1.2892485;0.0;0.0;6946.9307;8480.194;-3284.5518;6266.5146;-1165.2766;-2155.2266
1982-07-04;14.271739;-3.0539753;0.009925842;749.3252;1.6127405;155.67184;0.0;-7.3453654e-25;99.99998;-7.345365e-21;0.016614795;-1.4453604;0.0009685755;1.2554675;1.2544916;0.0;0.0;6777.225;8271.984;-3089.6028;6356.215;-1004.04443;-2388.1477
1982-07-05;11.602386;-1.9504191;0.009925842;748.5142;1.9122877;186.79987;0.0;-7.3453654e-25;99.99998;-7.345365e-21;1.8152515;-1.3456513;0.11342764;1.3352633;1.2218282;0.0;0.0;6003.3896;7326.669;-2635.5737;6414.1865;-934.7789;-2465.9634
1982-07-06;11.549083;-2.1882122;0.010393779;748.3237;1.1961869;144.96022;0.0;-7.3453654e-25;99.99998;-7.345365e-21;0.0008343825;-1.767939;5.9604645e-05;1.1906326;1.190573;0.0;0.0;6764.25;8253.985;-2996.1953;6180.8267;-1228.1278;-2270.7688
1982-07-07;13.4722595;-1.027771;0.009953816;751.27094;1.2031581;122.68459;0.0;-7.3453654e-25;99.99998;-7.345365e-21;0.0;-1.6618017;0.0;1.1599809;1.1599809;0.0;0.0;6941.089;8468.646;-3134.169;6278.743;-1154.3978;-2280.26
1982-07-08;15.351807;-3.2208965;0.009581248;752.24115;1.2548822;150.59439;0.0;-7.3453654e-25;99.99998;-7.345365e-21;0.0012800137;-1.5787687;8.940697e-05;1.1304915;1.130417;0.0;0.0;7046.356;8595.977;-3394.466;6180.9688;-1096.7189;-2146.6956
1982-07-09;16.529287;-2.9622498;0.010089874;751.2532;1.2381848;182.06929;0.0;-7.3453654e-25;99.99998;-7.345365e-21;0.00042617318;-1.4874153;2.2351742e-05;1.101926;1.1018962;0.0;0.0;6909.141;8427.539;-3335.425;6424.161;-1033.2578;-2020.5728
1982-07-10;16.663126;-2.9487407;0.009648641;751.2443;1.4728793;157.95427;0.0;-7.3453654e-25;99.99998;-7.345365e-21;0.0017173798;-1.3597383;0.00010430813;1.0745674;1.0744705;0.0;0.0;6967.352;8497.432;-3304.4504;6458.614;-944.56445;-2319.4766
1982-07-11;17.1379;-2.2515259;0.009905498;752.159;1.2715703;120.809044;0.0;-7.3453654e-25;99.99998;-7.345365e-21;0.0030027658;-1.3701301;0.00017881393;1.0482073;1.0480285;0.0;0.0;7033.0107;8576.407;-3510.3945;6354.908;-951.7844;-2124.7266
1982-07-12;18.477112;-3.6088054;0.010219574;751.32306;1.4128073;101.30715;0.0;-7.3453654e-25;99.99998;-7.345365e-21;0.0012947376;-1.386322;6.7055225e-05;1.0226071;1.0225326;0.0;0.0;7025.85;8566.515;-3486.9595;6530.6846;-963.0322;-2029.1178
1982-07-13;19.330332;0.19566853;0.009985606;749.87494;1.5240978;113.089264;0.0;-7.3453654e-25;99.99998;-7.345365e-21;0.00037252903;-1.2678485;1.4901161e-05;0.99797547;0.99796057;0.0;0.0;6612.1284;8061.0127;-3186.66;6899.5312;-880.73224;-2113.5645
1982-07-14;17.690866;-4.1827903;0.010220845;749.02026;1.4939485;139.48544;0.0;-7.3453654e-25;99.99998;-7.345365e-21;0.0008562123;-1.2310929;4.4703484e-05;0.97438693;0.9743497;0.0;0.0;7060.695;8606.819;-3588.0854;6288.778;-855.2;-2336.389
1982-07-15;16.452097;-4.8656616;0.009901683;748.93634;1.2703007;176.84206;0.0;-7.3453654e-25;99.99998;-7.345365e-21;0.0017225739;-1.1924524;0.00010430813;0.95164776;0.95155835;0.0;0.0;7099.117;8652.538;-3674.4712;6095.884;-828.3567;-2298.5967
1982-07-16;16.110117;-0.6701152;0.009600322;749.888;1.2607342;163.3491;0.0;-7.3453654e-25;99.99998;-7.345365e-21;0.00044107434;-1.1288748;2.9802322e-05;0.92957914;0.9295568;0.0;0.0;6937.0728;8453.168;-3372.323;6419.7437;-784.1911;-2409.4756
1982-07-17;17.080435;-1.3086752;0.009787242;750.05646;1.3010105;155.72203;0.0;-7.3453654e-25;99.99998;-7.345365e-21;0.0017106531;-1.1534412;8.940697e-05;0.9083748;0.9082854;0.0;0.0;6951.027;8468.249;-3454.08;6444.758;-801.25665;-2348.1577
1982-07-18;17.82425;-6.8174133;0.00984319;751.03375;1.3259313;160.81537;0.0;-7.3453654e-25;99.99998;-7.345365e-21;0.002136767;-1.1687987;0.00011920929;0.8878708;0.8877516;0.0;0.0;7087.7017;8632.84;-3722.9482;6189.214;-811.92554;-2161.54
1982-07-19;18.841837;-6.9054666;0.010087331;753.01935;1.2673529;80.4139;0.0;-7.3453654e-25;99.99998;-7.345365e-21;0.00043511385;-1.2078788;2.9802322e-05;0.86790323;0.86787343;0.0;0.0;7011.6743;8538.316;-3646.9834;6459.5024;-839.0733;-2013.4133
1982-07-20;20.42156;2.348338;0.009902954;752.99176;1.4178861;80.395096;0.0;-7.3453654e-25;99.99998;-7.345365e-21;0.0017119601;-1.1044853;8.940697e-05;0.84874034;0.84865093;0.0;0.0;6327.0483;7702.8823;-2986.581;7334.5415;-767.25;-1977.1256
1982-07-21;20.679556;2.57961;0.010033925;750.0779;1.4149352;112.621185;0.0;-7.3453654e-25;99.99998;-7.345365e-21;0.00044107434;-1.1184318;2.9802322e-05;0.8300692;0.83004683;0.0;0.0;6500.5557;7912.351;-3111.0242;7267.642;-776.9378;-2156.5945
1982-07-22;19.486664;0.14809163;0.010068257;747.90985;1.5555507;133.91098;0.0;-7.3453654e-25;99.99998;-7.345365e-21;0.00044107434;-1.0800687;2.9802322e-05;0.8120835;0.81206113;0.0;0.0;6781.046;8251.884;-3287.687;6935.789;-750.28723;-2420.1455
1982-07-23;17.18276;-1.0817871;0.009695689;749.3201;1.6101494;172.33179;0.0;-7.3453654e-25;99.99998;-7.345365e-21;0.001731003;-0.97025186;8.940697e-05;0.79482794;0.7947162;0.0;0.0;6802.0493;8275.647;-3270.89;6645.209;-674.0022;-2692.0833
1982-07-24;16.254038;-1.3822632;0.009941101;750.2946;1.4262228;186.48303;0.0;-7.3453654e-25;99.99998;-7.345365e-21;0.0;-0.95298886;0.0;0.7779598;0.7779524;0.0;0.0;6823.3174;8299.694;-3310.508;6523.774;-662.01;-2643.98
1982-07-25;15.82431;-1.5147806;0.009816487;748.0567;1.3471991;126.30494;0.0;-7.3453654e-25;99.99998;-7.345365e-21;0.0017249385;-0.89355934;8.940697e-05;0.7618964;0.76179206;0.0;0.0;6254.921;7606.5557;-3004.4602;6814.9146;-620.7267;-2335.1655
1982-07-26;15.524597;1.3542887;0.010000865;746.96094;1.1889057;139.26462;0.0;-7.3453654e-25;99.99998;-7.345365e-21;0.14391541;-0.82146657;0.007376075;0.75367093;0.74630976;0.0;0.0;5551.557;6749.66;-2639.4922;7117.0366;-570.645;-2138.5679
1982-07-27;15.59962;1.3202311;0.01014328;747.7053;1.4591032;140.80217;0.0;-7.3453654e-25;99.99998;-7.345365e-21;0.11239946;-0.81672615;0.005722046;0.73717535;0.73144585;0.0;0.0;5595.667;6801.8345;-2716.3423;6940.9556;-567.35333;-2178.4067
1982-07-28;15.7118025;0.2178243;0.009951274;747.283;1.3999038;198.04254;0.0;-7.3453654e-25;99.99998;-7.345365e-21;0.0;-0.823712;0.0;0.7170141;0.7170141;0.0;0.0;5678.2676;6900.7354;-2782.1487;6866.3535;-572.20667;-2142.4268
1982-07-29;14.782369;-1.7157797;0.0102335615;745.771;1.4692894;149.48755;0.0;-7.3453654e-25;99.99998;-7.345365e-21;0.0012993806;-0.88872945;5.9604645e-05;0.7029772;0.7029176;0.0;0.0;6631.1084;8056.855;-3103.4495;6592.398;-617.37;-2632.9355
1982-07-30;13.323232;1.2908427;0.0098559065;745.12946;1.2925062;185.00952;0.0;-7.3453654e-25;99.99998;-7.345365e-21;0.45298377;-0.80208945;0.022441149;0.71179867;0.6893724;0.0;0.0;5662.0005;6877.858;-2439.666;7077.334;-557.18555;-2521.74
1982-07-31;12.332295;1.7626444;0.009947459;744.0922;1.4291754;210.87831;0.0;-7.3453654e-25;99.99998;-7.345365e-21;1.153934;-1.01222;0.058874488;0.7353276;0.67646056;0.0;0.0;5648.112;6859.4526;-2499.4487;6818.3135;-703.1556;-2494.051
1982-08-01;12.633392;-0.8283386;0.010302226;745.9766;1.3269773;128.07701;0.0;-7.3453654e-25;99.99998;-7.345365e-21;0.0020861626;-1.1424646;0.00010430813;0.66395104;0.66383183;0.0;0.0;6298.2637;7647.1226;-2960.021;6358.947;-793.6322;-2456.7466
1982-08-02;14.198293;-2.4142864;0.00975291;748.2933;1.3227017;114.599304;0.0;-7.3453654e-25;99.99998;-7.345365e-21;0.0;-1.1106004;0.0;0.65132976;0.65132976;0.0;0.0;6788.354;8240.546;-3313.8293;6253.9043;-771.49664;-2374.7856
1982-08-03;15.744029;-2.1127422;0.010050456;748.8611;1.3472791;121.432365;0.0;-7.3453654e-25;99.99998;-7.345365e-21;0.00041723246;-0.98829716;2.9802322e-05;0.639081;0.6390512;0.0;0.0;6735.3384;8174.3794;-3342.6787;6387.041;-686.5378;-2390.4211
1982-08-04;15.8142395;-0.8292338;0.010065715;749.01294;1.2911786;184.07306;0.0;-7.3453654e-25;99.99998;-7.345365e-21;0.0008583069;-0.888342;4.4703484e-05;0.627175;0.6271228;0.0;0.0;6692.318;8120.419;-3277.5532;6475.527;-617.10223;-2462.39
1982-08-05;15.980693;-0.45507812;0.009876251;748.626;1.3727636;110.07006;0.0;-7.3453654e-25;99.99998;-7.345365e-21;0.0;-0.88197553;0.0;0.61550736;0.61552227;0.0;0.0;6646.8496;8063.328;-3234.1326;6622.918;-612.67944;-2452.412
1982-08-06;17.03836;0.7401428;0.009960175;747.54346;1.3860598;117.34765;0.0;-7.3453654e-25;99.99998;-7.345365e-21;0.0012876071;-0.86737424;7.4505806e-05;0.6042719;0.6042123;0.0;0.0;6584.145;7985.5693;-3260.0195;6653.2686;-602.5356;-2401.4368
1982-08-07;15.910777;-0.9396464;0.009864807;746.851;1.4310654;132.86726;0.0;-7.3453654e-25;99.99998;-7.345365e-21;0.0;-0.81703067;0.0;0.593245;0.5932301;0.0;0.0;6608.497;8013.273;-3238.8855;6566.6025;-567.56335;-2550.8
1982-08-08;16.036703;-0.28841147;0.010392507;747.8711;1.4388275;130.12277;0.0;-7.3453654e-25;99.99998;-7.345365e-21;0.0004351138;-0.8177534;2.9802322e-05;0.5825758;0.5825609;0.0;0.0;6557.6333;7949.769;-3179.0244;6676.743;-568.06555;-2521.2566
1982-08-09;15.93217;3.064748;0.009902954;749.49164;1.3870416;90.859825;0.0;-7.3453654e-25;99.99998;-7.345365e-21;0.000923872;-0.7215049;2.9802322e-05;0.5722791;0.5722493;0.0;0.0;5550.6772;6727.23;-2607.19;7279.9824;-501.20557;-2108.9045
1982-08-10;16.042776;4.715393;0.010079701;751.17847;1.5028456;59.284687;0.0;-7.3453654e-25;99.99998;-7.345365e-21;0.00053048134;-0.74313396;2.9802322e-05;0.5622804;0.56225806;0.0;0.0;5938.779;7196.428;-2827.9011;7092.4155;-516.23;-2308.5066
1982-08-11;16.805471;2.9005432;0.009798686;751.39984;1.3152407;73.87118;0.0;-7.3453654e-25;99.99998;-7.345365e-21;0.00043511385;-0.744991;2.9802322e-05;0.55250525;0.55249035;0.0;0.0;5756.7437;6974.36;-2841.2366;7107.1455;-517.52;-2090.7334
1982-08-12;17.302958;1.9897766;0.009928386;748.7039;1.4991068;117.82516;0.0;-7.3453654e-25;99.99998;-7.345365e-21;0.0008702277;-0.79869103;5.9604645e-05;0.5429983;0.54294616;0.0;0.0;6351.9404;7693.6455;-3129.78;6875.972;-554.82446;-2360.4644
1982-08-13;15.47292;4.375519;0.010092418;749.2625;1.1994742;47.139256;0.0;-7.3453654e-25;99.99998;-7.345365e-21;0.7070124;-0.8536046;0.03454089;0.5683005;0.5337596;0.0;0.0;5494.842;6653.9224;-2670.0088;7139.512;-592.9711;-2072.6577
1982-08-14;16.53367;1.9360148;0.009975433;751.5667;1.5192738;52.261093;0.0;-7.3453654e-25;99.99998;-7.345365e-21;0.0008523463;-0.9726025;4.4703484e-05;0.5248636;0.5248338;0.0;0.0;6032.0884;7303.0757;-2955.0105;6902.8965;-675.63556;-2139.7688
1982-08-15;16.123993;4.5250754;0.009880066;751.501;1.5345913;54.85336;0.0;-7.3453654e-25;99.99998;-7.345365e-21;0.21276474;-0.81042945;0.010222197;0.5262941;0.51607937;0.0;0.0;5867.566;7102.257;-2878.69;6962.269;-562.98;-2194.7043
1982-08-16;15.419881;4.511576;0.0099105835;750.695;1.6083874;43.40625;0.0;-7.3453654e-25;99.99998;-7.345365e-21;0.23424946;-0.7725274;0.011265278;0.51891804;0.5076602;0.0;0.0;5368.2173;6497.2793;-2619.0225;7071.047;-536.64886;-2075.2834
1982-08-17;16.70292;3.3170269;0.009798686;749.8066;1.0176774;152.0317;0.0;-7.3453654e-25;99.99998;-7.345365e-21;0.0802964;-0.7040789;0.0038444996;0.5033612;0.49950927;0.0;0.0;4621.838;5593.215;-2312.2786;7401.7954;-489.1;-1605.4645
1982-08-18;16.778097;-1.1139832;0.010108948;750.5173;1.350182;137.14091;0.0;-7.3453654e-25;99.99998;-7.345365e-21;0.00042617318;-0.8585788;2.9802322e-05;0.4915148;0.491485;0.0;0.0;6282.0405;7601.0566;-3166.685;6698.3623;-596.4267;-2283.72
1982-08-19;16.741486;-2.4829;0.010125478;751.6821;1.2670362;103.05048;0.0;-7.3453654e-25;99.99998;-7.345365e-21;0.00042915344;-0.802258;2.9802322e-05;0.48352778;0.48349798;0.0;0.0;6292.0;7612.276;-3257.1094;6614.41;-557.30225;-2223.7522
1982-08-20;17.894064;-2.0022786;0.009775798;751.4138;1.2844063;112.85462;0.0;-7.3453654e-25;99.99998;-7.345365e-21;0.0;-0.7741041;0.0;0.47570467;0.47570467;0.0;0.0;6252.4937;7563.6123;-3335.418;6586.3257;-537.74445;-2135.9434
1982-08-21;17.47998;-3.8334656;0.009900411;750.06024;1.3032087;133.15671;0.0;-7.3453654e-25;99.99998;-7.345365e-21;0.0008421759;-0.73323214;4.4703484e-05;0.46819448;0.46811998;0.0;0.0;6336.9507;7664.8813;-3415.4192;6437.3623;-509.3511;-2138.419
1982-08-22;16.25947;1.749349;0.0101292925;749.80804;1.1343561;80.466156;0.0;-7.3453654e-25;99.99998;-7.345365e-21;0.04453957;-0.6931331;0.0018328428;0.46257675;0.46075135;0.0;0.0;5650.5483;6833.553;-2822.865;7101.447;-481.49667;-2040.1733
1982-08-23;14.96819;5.7088113;0.01003011;749.89307;1.155979;68.49578;0.0;-7.3453654e-25;99.99998;-7.345365e-21;1.7282147;-0.91293824;0.08954108;0.54322183;0.45368075;0.0;0.0;4825.7017;5835.672;-2320.078;7340.928;-634.1889;-1795.1466
1982-08-24;16.347778;2.705434;0.009750366;749.63214;1.2337261;66.76916;0.0;-7.3453654e-25;100.00259;-7.345365e-21;0.009447336;-1.2816806;0.00047683716;0.44728816;0.44680387;0.0;0.0;5619.245;6794.4346;-2750.1775;6967.4507;-890.3411;-1816.8855
1982-08-25;16.90679;0.11566162;0.010220845;749.4939;1.5485646;129.47832;0.0;-7.3453654e-25;99.99998;-7.345365e-21;0.00085532654;-0.94620514;4.4703484e-05;0.4400313;0.4399866;0.0;0.0;5723.672;6919.766;-2843.2231;6859.1924;-657.2967;-2053.2932
1982-08-26;16.046936;-1.5397644;0.0100911455;751.4568;1.2052094;169.26906;0.0;-7.3453654e-25;99.99998;-7.345365e-21;0.0008668501;-0.7907432;4.4703484e-05;0.43340027;0.43335557;0.0;0.0;6052.2314;7316.0405;-3118.7388;6553.8657;-549.30334;-2241.19
1982-08-27;16.368805;-4.0289817;0.009933472;753.0617;1.2317716;119.832695;0.0;-7.3453654e-25;99.99998;-7.345365e-21;0.00086131075;-0.7443521;4.4703484e-05;0.42685866;0.42682886;0.0;0.0;6091.298;7362.4453;-3379.8484;6312.9194;-517.07666;-2041.8744
1982-08-28;16.656036;-7.118357;0.009838104;752.24835;1.33568;99.21395;0.0;-7.3453654e-25;99.99998;-7.345365e-21;0.0004272054;-0.6929003;1.4901161e-05;0.42048097;0.42047352;0.0;0.0;6126.3896;7403.9443;-3527.8213;6111.8623;-481.33554;-1978.9244
1982-08-29;16.300821;-8.965607;0.010205586;750.97186;1.354772;110.89097;0.0;-7.3453654e-25;99.99998;-7.345365e-21;0.00086426723;-0.6661601;4.4703484e-05;0.4143119;0.41425973;0.0;0.0;6127.0396;7403.818;-3564.911;6017.757;-462.75888;-1934.2444
1982-08-30;15.762614;-5.63149;0.009925842;750.8877;1.3145428;108.75826;0.0;-7.3453654e-25;99.99998;-7.345365e-21;0.003772974;-0.64346844;0.00014901161;0.40832162;0.4081875;0.0;0.0;5910.1943;7140.9316;-3227.896;6402.283;-446.99667;-2030.7567
1982-08-31;15.561259;-2.7938945;0.009867351;752.01196;1.0954002;106.36679;0.0;-7.3453654e-25;99.99998;-7.345365e-21;0.03901422;-0.5975645;0.0019073486;0.4041642;0.40227175;0.0;0.0;5377.0244;6496.035;-2892.7236;6744.306;-415.1078;-1854.7295
1982-09-01;15.104136;-1.0576376;0.0100695295;754.17487;1.213964;101.79835;0.0;-7.3453654e-25;99.99998;-7.345365e-21;0.11983514;-0.5899956;0.0054240227;0.40195882;0.3965348;0.0;0.0;5107.6846;6169.885;-2734.7124;6856.586;-409.85;-1829.3744
1982-09-02;14.852631;0.44577026;0.010052999;754.45776;0.9919506;118.100975;0.0;-7.3453654e-25;99.99998;-7.345365e-21;0.055351853;-0.6121518;0.0025182962;0.39346516;0.39094687;0.0;0.0;4930.7144;5955.3174;-2582.5698;7060.7007;-425.24112;-1700.8145
1982-09-03;14.666249;1.6879578;0.010197957;753.59735;1.0246016;93.82013;0.0;-7.3453654e-25;99.99998;-7.345365e-21;0.1457721;-0.56247413;0.006824732;0.39234757;0.3855303;0.0;0.0;4549.637;5494.382;-2548.0027;6990.8223;-390.7311;-1561.7189
1982-09-04;14.420238;0.087117516;0.010154724;753.57916;1.209245;112.3089;0.0;-7.3453654e-25;99.99998;-7.345365e-21;0.5264878;-0.73723125;0.02630055;0.40650368;0.38021803;0.0;0.0;5305.847;6406.895;-2693.2634;6862.7026;-512.13;-1945.5089
1982-09-05;14.470021;1.2803243;0.0100619;755.37915;1.0802294;101.6203;0.0;-7.3453654e-25;99.99998;-7.345365e-21;2.5081277;-0.9919647;0.14944375;0.5244911;0.37505478;0.0;0.0;4725.4966;5705.4775;-2495.36;6912.1167;-689.0845;-1497.0311
1982-09-06;14.892497;0.5448405;0.010309855;755.89703;1.3018205;120.05152;0.0;-7.3453654e-25;99.99998;-7.345365e-21;0.6213784;-1.2395363;0.029854476;0.39993227;0.3700778;0.0;0.0;4574.399;5522.4814;-2263.6047;6999.426;-861.06555;-1454.0033
1982-09-07;15.6562805;-2.7677205;0.009862264;755.50397;1.3962864;139.26442;0.0;-7.3453654e-25;99.99998;-7.345365e-21;0.00085234636;-1.2863408;4.4703484e-05;0.36519766;0.36515296;0.0;0.0;5468.085;6600.4785;-2745.4495;6616.166;-893.5789;-1731.961
1982-09-08;15.11671;-5.166626;0.009888967;755.21313;1.420761;143.25859;0.0;-7.3453654e-25;99.99998;-7.345365e-21;0.0012934206;-1.0443125;5.9604645e-05;0.36031008;0.36025047;0.0;0.0;5554.622;6704.1157;-3035.9116;6279.189;-725.4489;-1775.67
1982-09-09;13.951141;-1.9940287;0.0099487305;754.9272;1.3543891;199.39081;0.0;-7.3453654e-25;99.99998;-7.345365e-21;0.06606579;-0.72955155;0.0031888485;0.35867095;0.3554821;0.0;0.0;4942.808;5965.0015;-2624.2646;6586.864;-506.79443;-1771.4312
1982-09-10;13.683848;-4.783274;0.010059357;753.29816;1.210574;179.53642;0.0;-7.3453654e-25;99.99998;-7.345365e-21;0.00042694903;-0.71333444;1.4901161e-05;0.35081804;0.35080314;0.0;0.0;5508.92;6647.374;-3067.7969;6159.3525;-495.53;-1870.2944
1982-09-11;12.925629;-3.507182;0.009858449;751.9285;1.2458166;109.05554;0.0;-7.3453654e-25;99.99998;-7.345365e-21;0.0040858975;-0.6245207;0.00020861626;0.3464073;0.34619868;0.0;0.0;5273.043;6361.9346;-2859.2737;6409.911;-433.83444;-1848.4534
1982-09-12;12.369121;-1.2254639;0.010033925;750.81464;1.2185335;116.43514;0.0;-7.3453654e-25;99.99998;-7.345365e-21;0.5357325;-0.6440766;0.025957823;0.36767125;0.34172833;0.0;0.0;5016.058;6051.0474;-2745.6917;6431.7866;-447.4178;-1783.3545
1982-09-13;11.427429;-1.6037802;0.010152181;749.5825;1.4202033;127.42689;0.0;-7.3453654e-25;99.99998;-7.345365e-21;0.12747645;-0.64598954;0.0060498714;0.34341216;0.3373772;0.0;0.0;5014.481;6048.4;-2627.696;6429.208;-448.74667;-1980.7811
1982-09-14;11.06721;-1.7102457;0.009841919;750.855;1.3185099;166.99701;0.0;-7.3453654e-25;99.99998;-7.345365e-21;0.62085986;-0.6678179;0.030636787;0.36379695;0.33316016;0.0;0.0;4778.4316;5762.985;-2579.6821;6334.642;-463.9111;-1798.3367
1982-09-15;11.398102;-3.7958782;0.009857178;752.29144;1.1998657;143.60948;0.0;-7.3453654e-25;99.99998;-7.345365e-21;0.017899275;-0.69608444;0.0008493662;0.3298819;0.32903254;0.0;0.0;5032.1943;6068.3896;-2689.6003;6283.7437;-483.54666;-1835.4856
1982-09-16;11.69693;-3.3535564;0.009933472;753.0735;1.0929648;135.98494;0.0;-7.3453654e-25;99.99998;-7.345365e-21;0.0405401;-0.614766;0.001847744;0.32679737;0.32493472;0.0;0.0;4841.447;5833.331;-2626.659;6407.6045;-427.05667;-1705.78
1982-09-17;11.754802;-1.4336039;0.009928386;753.41943;1.0274674;156.50642;0.0;-7.3453654e-25;99.99998;-7.345365e-21;0.49151188;-0.6419243;0.023558736;0.34452975;0.32094866;0.0;0.0;4681.4043;5635.59;-2547.649;6491.5957;-445.92444;-1631.4523
1982-09-18;12.516561;-3.9947815;0.010080974;753.74774;1.2492958;132.31369;0.0;-7.3453654e-25;99.99998;-7.345365e-21;0.0017200464;-0.69336313;8.195639e-05;0.31710416;0.3170222;0.0;0.0;5144.5405;6187.71;-2914.4395;6163.4087;-481.65555;-1678.8767
1982-09-19;12.702159;-6.359497;0.010122935;755.05963;1.2218351;102.7015;0.0;-7.3453654e-25;99.99998;-7.345365e-21;0.0;-0.61982965;0.0;0.3131181;0.31312555;0.0;0.0;5164.311;6206.0723;-3057.1426;6034.303;-430.57556;-1587.3678
1982-09-20;12.499278;-3.2577617;0.010270436;755.23584;1.1464286;87.79728;0.0;-7.3453654e-25;99.99998;-7.345365e-21;0.0014126298;-0.54477996;5.9604645e-05;0.3093481;0.3093034;0.0;0.0;4979.3564;5978.4653;-2878.1506;6258.319;-378.44055;-1579.6178
1982-09-21;12.880534;-3.041148;0.009788513;754.89453;1.2465856;125.01292;0.0;-7.3453654e-25;99.99998;-7.345365e-21;0.0008404248;-0.5039983;2.9802322e-05;0.305593;0.3055632;0.0;0.0;5031.8555;6036.338;-2878.57;6243.9644;-350.1111;-1705.6711
1982-09-22;12.46815;-3.862437;0.010206859;752.3848;1.4929376;165.76558;0.0;-7.3453654e-25;99.99998;-7.345365e-21;0.0017225739;-0.44991168;8.940697e-05;0.30198693;0.30191243;0.0;0.0;4979.574;5968.495;-2838.1287;6167.195;-312.53888;-1853.3445
1982-09-23;10.282878;-3.2118328;0.010035197;749.2503;1.3799281;194.08986;0.0;-7.3453654e-25;99.99998;-7.345365e-21;0.17601252;-0.43519402;0.0064373016;0.30481815;0.29839575;0.0;0.0;4790.688;5737.1265;-2652.6023;6113.992;-302.31332;-1934.1711
1982-09-24;10.06012;-1.7084656;0.009993236;752.4563;1.0533293;148.3728;0.0;-7.3453654e-25;99.99998;-7.345365e-21;0.0008684189;-0.4236363;4.4703484e-05;0.2949834;0.29494613;0.0;0.0;4641.568;5553.7324;-2640.1235;6217.2373;-294.28555;-1660.0433
1982-09-25;10.44344;-0.9814351;0.010012309;755.25104;1.0525326;152.44781;0.0;-7.3453654e-25;99.99998;-7.345365e-21;0.07997751;-0.41920227;0.0038146973;0.29535592;0.29154867;0.0;0.0;4534.7617;5421.177;-2558.9246;6321.5566;-291.20557;-1665.9845
1982-09-26;10.369945;-2.8439026;0.010106404;754.3299;1.135489;132.21515;0.0;-7.3453654e-25;99.99998;-7.345365e-21;0.05041361;-0.44172165;0.0023245811;0.29055774;0.28821826;0.0;0.0;4567.0415;5455.0537;-2616.6416;6234.073;-306.85;-1635.3123
1982-09-27;9.78773;-2.7474773;0.00987498;752.7675;1.0466701;133.9433;0.0;-7.3453654e-25;99.99998;-7.345365e-21;0.51209855;-0.51732457;0.023923814;0.30890107;0.2849698;0.0;0.0;4205.7705;5019.226;-2385.7554;6395.2544;-359.3689;-1457.7089
1982-09-28;9.398967;-1.1120402;0.010025024;753.1309;1.0972112;212.16315;0.0;-7.3453654e-25;99.99998;-7.345365e-21;0.24712086;-0.5216496;0.011250377;0.29307604;0.28182566;0.0;0.0;4239.481;5055.101;-2366.79;6371.3564;-362.37332;-1540.2822
1982-09-29;9.922272;-1.8087565;0.010093689;754.0706;1.1958163;212.22963;0.0;-7.3453654e-25;99.99998;-7.345365e-21;0.67380965;-0.6020693;0.034108758;0.31282008;0.27871877;0.0;0.0;4455.4985;5308.1006;-2449.479;6256.8467;-418.2372;-1618.6322
1982-09-30;7.0907493;1.7506307;0.009813945;750.33;0.99273795;131.26025;0.0;-7.3453654e-25;99.99998;-7.345365e-21;6.9270134;-0.84307885;0.41262805;0.68838894;0.275746;0.0;0.0;3259.373;3879.8293;-1469.2328;6958.7085;-585.6589;-1285.9022
1982-10-01;7.347341;2.9146118;0.009950002;748.3591;0.9998253;160.75679;0.0;-7.3453654e-25;99.99998;-7.345365e-21;0.8621514;-1.3117716;0.041246414;0.31414628;0.27290732;0.0;0.0;3737.284;4444.72;-1864.0728;6575.0757;-911.24335;-1109.4756
1982-10-02;5.194977;3.5993855;0.010035197;749.4506;1.0663286;196.8542;0.0;-7.3453654e-25;99.99998;-7.345365e-21;11.745676;-1.5149937;0.749439;1.0196269;0.2701804;0.0;0.0;2629.4854;3124.7493;-848.20557;7353.9243;-1052.4155;-1042.5712
1982-10-03;5.863271;0.30548096;0.010128021;752.6622;0.8668794;172.10486;0.0;-7.3453654e-25;99.99998;-7.345365e-21;0.02776032;-1.8585585;0.0015497208;0.26901066;0.2674833;0.0;0.0;4133.1587;4906.9165;-2104.2158;6086.0776;-1291.0795;-1183.0155
1982-10-04;5.6809897;-0.47584024;0.009824117;751.309;1.3425843;240.51994;0.0;-7.3453654e-25;99.99998;-7.345365e-21;0.3406912;-1.6605827;0.017672777;0.2824068;0.26472658;0.0;0.0;4509.2197;5349.0347;-2252.8772;5841.91;-1153.5511;-1147.1444
1982-10-05;5.656901;3.661499;0.01012675;748.11084;1.0802177;216.21765;0.0;-7.3453654e-25;99.99998;-7.345365e-21;11.18961;-1.454873;0.8032918;1.0654032;0.26211143;0.0;0.0;2938.7358;3483.2246;-998.8508;7214.005;-1010.6522;-978.4022
1982-10-06;4.8867087;4.096761;0.010110219;749.1116;0.92339826;188.32964;0.0;-7.3453654e-25;99.99998;-7.345365e-21;11.170864;-1.0931343;0.88852644;1.1481792;0.25966763;0.0;0.0;1282.1244;1518.4556;-363.7025;7646.3315;-759.36444;-486.93445
1982-10-07;3.9020996;3.1592205;0.009881337;749.2951;0.8710714;140.6187;0.0077311196;2.3841858e-06;101.102844;-7.345365e-21;10.837121;-1.1608014;0.94789267;1.2052059;0.2573058;0.00022910535;0.031273812;1315.8917;1556.7842;-357.4236;7561.901;-806.37;-509.2978
1982-10-08;1.9715372;-1.1717123;-2.0588913;747.74176;1.2612926;51.213276;9.473633;0.0014576912;141.75226;10.0911455;7.1424246;-1.5058444;0.4941374;0.7491112;0.25497377;0.5267933;2.1656044;2470.959;3202.4453;-1175.9545;6489.628;-1046.35;-718.05664
1982-10-09;2.85731;-1.698761;-4.063553;748.5496;0.9111743;129.20454;9.013265;0.0013417006;151.4033;9.236653;0.40376264;-1.4204317;0.09031594;0.34292042;0.25259703;0.55736864;0.00039488077;3312.5984;4178.0547;-1611.6;6121.451;-986.8611;-810.75336
1982-10-10;4.6334534;0.5299072;-2.995805;751.5417;1.0504578;140.34413;5.7289224;0.0008484125;151.49706;5.4117837;0.0618986;-1.5557296;0.053957105;0.3041774;0.25021285;0.4645735;0.0;3754.2695;4609.9565;-1907.0072;6049.8403;-1080.6389;-795.4767
1982-10-11;5.206411;-0.23605347;-4.8496194;753.48505;0.99903864;109.18753;3.2342937;0.00047691664;151.55597;2.8483074;0.0;-1.7292835;0.033646822;0.28149784;0.24785846;0.31937844;0.0;4130.5547;4974.6035;-2267.8706;5693.9634;-1201.2311;-732.5356
1982-10-12;6.247864;1.0969543;-3.8354123;753.8714;1.0002712;94.79437;1.5880533;0.00023269653;151.58722;1.3834635;0.39287508;-1.6414597;0.049740076;0.2952814;0.24552643;0.1961831;0.0;3899.75;4640.362;-2049.2017;6017.3076;-1140.21;-739.2522
1982-10-13;5.921183;1.5627747;-3.882159;754.09467;0.98096675;173.0418;0.7101237;0.00010406971;151.5996;0.5289714;0.3627032;-1.5467461;0.035621226;0.27889013;0.2432689;0.09110011;0.0;3764.0623;4449.7837;-2019.1516;6023.7046;-1074.4423;-782.6222
1982-10-14;5.4623923;0.62180585;-2.8948848;755.48553;1.0169904;153.07848;0.30395508;4.4345856e-05;150.97655;-7.345365e-21;0.17923415;-1.6501807;0.017531216;0.25856495;0.24103373;0.04445389;0.0017210841;3720.9434;4383.915;-1732.3502;6380.912;-1146.335;-893.76886
1982-10-15;6.334198;-0.13997395;-3.8789291;755.2734;1.0303255;89.01719;0.11783854;1.7126402e-05;150.85936;-7.345365e-21;0.14681965;-1.6987548;0.011987984;0.25081635;0.23882836;0.01790002;0.0;3908.3584;4595.9556;-2066.0457;6051.9165;-1180.0656;-677.95886
1982-10-16;6.3493752;-1.5732828;-4.6063094;753.67633;1.0552508;141.45752;0.044433594;6.2386193e-06;150.85936;-7.345365e-21;0.061938167;-1.6406999;0.0051259995;0.24175644;0.23665279;0.006582588;0.0;3834.1084;4505.2783;-2124.7983;5913.2725;-1139.74;-716.14
1982-10-17;5.5894876;0.06124878;-4.1022325;751.41595;1.0185826;173.46161;0.016927084;2.5431316e-06;150.85936;-7.345365e-21;0.017637014;-1.2848712;0.0014454126;0.23597479;0.23452938;0.0024326146;0.0;3379.8184;3969.65;-1814.5494;6154.851;-892.5589;-717.02
1982-10-18;6.3102417;2.239095;-0.743412;749.9471;1.1554605;230.73473;0.0063476562;1.2318293e-06;150.85936;-7.345365e-21;0.19345582;-1.3103038;0.013276935;0.24574995;0.23245811;0.0010281801;0.0;3456.7695;4058.5632;-1553.485;6643.5024;-910.2244;-874.7156
1982-10-19;4.5737405;3.8598328;0.010205586;749.84186;1.0334328;202.9101;0.0026041667;2.78155e-07;150.85936;-7.345365e-21;9.679705;-1.0583066;0.84629655;1.0767877;0.23049116;0.0003501773;0.0;1510.9639;1773.6722;-353.1564;7652.312;-735.1711;-589.2767
1982-10-20;3.4676106;0.70847577;-1.1878535;747.179;1.0528723;210.39781;0.00081380206;-7.3453654e-25;150.85936;-7.345365e-21;1.1233717;-1.5304768;0.083222985;0.3118217;0.22859126;0.00012665987;0.0;3095.3477;3631.869;-1313.5961;6645.532;-1063.1716;-913.7156
1982-10-21;2.6676636;-1.6591492;-3.4927456;748.3969;0.8767454;97.110504;0.0;-7.3453654e-25;149.2705;-7.345365e-21;0.12505555;-1.2254063;0.0090152025;0.23568422;0.22666901;4.8428774e-05;0.0;2861.025;3355.5173;-1686.1494;6121.717;-851.25;-754.39667
1982-10-22;3.221527;-3.1235554;-7.0972314;751.5784;1.0267926;76.02618;0.0;-7.3453654e-25;131.57973;-7.345365e-21;0.0004351138;-1.4729397;2.9802322e-05;0.22478402;0.22475421;2.4214387e-05;0.0;3898.12;4570.5474;-2293.495;5429.262;-1023.2022;-811.66223
1982-10-23;4.575653;-4.251007;-7.581112;753.36475;1.0359615;70.48635;0.0;-7.3453654e-25;108.713196;-7.345365e-21;0.00085532654;-1.4525354;5.9604645e-05;0.22289157;0.22283942;4.656613e-06;0.0;3912.8855;4586.6177;-2274.4604;5507.9146;-1009.0278;-568.6322
1982-10-24;4.2660522;-0.59020996;-2.042094;755.2791;1.4823507;37.432262;0.0;-7.3453654e-25;103.528625;-7.345365e-21;0.05375147;-0.9570736;0.0033974648;0.22435188;0.22098422;1.8626451e-06;0.0;2617.4673;3067.078;-1559.5723;6193.796;-664.8467;-494.89557
1982-10-25;4.764231;0.028381348;-0.15260188;755.1028;1.4431666;47.002365;0.0;-7.3453654e-25;100.088196;-7.345365e-21;0.04144013;-1.1265222;0.002503395;0.22166967;0.21916628;0.0;0.0;3054.1733;3577.7878;-1716.0616;6140.7627;-782.5578;-661.6878
1982-10-26;2.9396057;-1.0240784;-0.0323054;752.49097;1.1271206;73.70484;0.0;-7.3453654e-25;100.008766;-7.345365e-21;1.5104294;-1.0896298;0.11719763;0.33457577;0.21738559;0.0;0.0;3029.0967;3547.371;-1718.9917;6009.918;-756.93;-665.06665
1982-10-27;1.8741251;0.02718099;0.009994507;751.14874;1.0091099;47.9398;0.0;-7.3453654e-25;99.99998;-7.345365e-21;3.2103002;-1.066423;0.27017295;0.48582256;0.21565706;0.0;0.0;2774.0928;3247.3223;-1456.2789;6244.681;-740.8078;-716.3589
1982-10-28;1.433136;-1.3311462;-3.9284337;750.68036;0.9388123;66.374916;0.0023600261;-7.3453654e-25;119.72361;-7.345365e-21;0.695768;-1.1486597;0.0474751;0.26144087;0.21396577;0.0001322478;0.00042840838;2722.774;3186.48;-1373.7017;6300.759;-797.93555;-763.12335
1982-10-29;1.6848348;0.25280762;-2.206417;751.5965;0.9046772;105.44694;0.04720052;6.0399375e-06;126.6673;-7.345365e-21;4.2094054;-0.95936006;0.35822392;0.57052076;0.2123043;0.0031590462;0.009398907;2428.6145;2842.4978;-1065.2167;6656.2676;-666.4328;-693.42224
1982-10-30;0.42371622;-1.4645895;-2.096775;751.08636;0.8800406;54.645752;6.659261;0.0010876259;139.46254;7.2428384;7.76006;-0.829516;0.36393106;0.5746484;0.21070987;0.006787479;3.4944563;1488.8728;1744.0834;-810.7811;6650.3433;-576.11664;-429.72446
1982-10-31;-0.2763977;-6.867472;-7.0283866;749.9854;0.9409349;54.526745;23.57479;0.0034821827;149.03578;23.72233;0.12834668;-1.0637985;0.0744611;0.2835691;0.209108;0.69883835;0.10273978;2858.1123;3954.9756;-1979.1111;5236.688;-740.3367;-563.63556
1982-11-01;-1.8554382;-9.031901;-10.1893015;751.24493;1.4057655;32.50049;20.084555;0.0030141275;150.75877;20.304361;0.00088810915;-0.937664;0.028342009;0.23587048;0.20749867;0.27406216;2.6077032e-05;3145.6729;4201.456;-2248.304;4704.3213;-655.9694;-639.12335
1982-11-02;-0.41440836;-8.326793;-9.90833;751.4461;0.95310396;80.30291;16.732422;0.0024986267;150.92413;17.171225;0.0010788435;-0.81504786;0.06493181;0.2708584;0.2059266;0.62402713;0.0;3219.9805;4191.769;-2241.936;4830.1733;-566.95557;-475.93555
1982-11-03;0.05029297;-7.890049;-9.277409;752.59235;0.90911907;65.82795;12.756022;0.0019027392;151.0602;13.224284;0.002135117;-0.82274526;0.058978796;0.26336312;0.20437688;0.56710094;0.0;3264.0361;4126.2124;-2201.795;4959.528;-572.3478;-458.7811
1982-11-04;1.8758545;-5.6359963;-8.014603;752.87775;0.8882932;175.57465;8.879395;0.0013178587;151.16176;9.277344;0.00044107434;-0.8674469;0.06058812;0.26345253;0.20284206;0.58411807;0.0;3247.9167;3999.3245;-2059.5283;5265.339;-602.81775;-405.92334
1982-11-05;1.8656311;-4.0891013;-8.562722;750.22296;0.8367042;269.83142;5.7694497;0.0008563201;151.23436;5.9814453;0.00043315065;-0.8455664;0.039577484;0.24092197;0.20132959;0.38297847;0.0;3266.4678;3940.9521;-2159.119;5150.849;-587.64777;-505.63333
1982-11-06;0.168101;-4.807373;-9.852271;746.21356;0.7843185;248.20158;3.9742024;0.0005933841;151.27895;4.272461;0.0004351138;-0.73799306;0.019043684;0.21889806;0.19986182;0.18515065;0.0;3222.266;3842.9912;-2228.525;4951.697;-513.3433;-567.4178
1982-11-07;-2.2200623;-5.717865;-5.790258;743.7131;1.201774;212.15044;15.895427;0.002419114;142.38051;17.578125;8.917911;-0.57289565;0.01810491;0.21654367;0.19843131;0.08169189;8.728139;2675.0383;3172.81;-1249.5056;5953.9077;-398.9178;-760.44
1982-11-08;-3.3077366;-3.8745193;-2.0381534;741.5727;0.6853094;158.87567;94.99878;0.014480432;129.38475;109.65983;10.82164;-0.1753783;0.011131167;0.20815432;0.1970455;0.03749132;10.351703;454.26666;1489.9578;-244.90056;6736.4155;-135.0411;-196.96222
1982-11-09;-4.9834685;-7.5603333;-4.383596;743.4423;1.7556185;42.87776;100.0;0.03155307;141.68422;219.80794;18.007893;-0.26935524;0.00044703484;0.19614398;0.19568205;0.0;17.829723;379.29944;1544.081;-291.66388;6474.7334;-209.43556;-74.62778
1982-11-10;-6.4066315;-9.533707;-6.9423904;746.1324;1.9429183;32.639038;100.0;0.044201374;149.6891;294.23013;7.1257167;-0.16592257;0.0;0.19434094;0.19434094;0.0;7.099181;771.4217;3285.4634;-817.5833;5667.8496;-125.454445;-57.002224
1982-11-11;-7.146361;-9.923016;-8.801586;749.92145;1.2704889;35.063076;100.0;0.047493894;151.16112;313.84277;1.6668797;-0.07493887;0.0;0.19301474;0.19301474;0.0;1.6617403;642.07947;2680.7612;-680.055;5636.5635;-55.32;-75.45778
1982-11-12;-9.632885;-13.033603;-12.998996;749.346;1.3952996;27.381096;100.0;0.048268635;152.55727;316.6097;0.030297041;-0.039731152;0.0;0.19168854;0.19171089;0.0;0.02938509;891.91614;3642.5122;-1126.2339;4741.372;-26.921112;-60.27778
1982-11-13;-10.856171;-15.414355;-15.04684;748.51337;1.519073;15.891355;100.0;0.04828592;154.29979;313.3138;0.0050902367;-0.035529956;0.0;0.19040704;0.19040704;0.0;0.00423193;943.49945;3745.3867;-1074.2206;4626.8457;-23.644444;-33.074444
1982-11-14;-9.061904;-15.114768;-15.716979;748.38776;1.2541479;60.828114;100.0;0.04830122;155.91469;310.0586;0.0012844794;-0.038994476;0.0;0.18914044;0.18914044;0.0;0.0;996.9483;3856.439;-1189.2467;4451.524;-25.926111;14.764444
1982-11-15;-9.034749;-16.595747;-17.329247;748.4245;1.2970607;55.024517;100.0;0.04831763;157.39484;306.72202;0.0012848249;-0.037056394;0.0;0.18788874;0.18788129;0.0;0.0;1037.7567;3915.6943;-1309.1788;4171.4976;-24.612223;55.666668
1982-11-16;-7.8757324;-17.502981;-17.452864;750.72784;1.3387269;38.536457;100.0;0.048328478;158.73273;304.48404;0.0017174243;-0.045260414;0.0;0.18662214;0.18665195;0.0;0.0;1056.1294;3888.5334;-1259.7395;4224.8423;-30.925556;85.62334
1982-11-17;-4.8052306;-15.206521;-13.314824;753.3173;1.2022374;76.00317;100.0;0.048325103;160.32909;301.59506;0.0017143356;-0.07843133;0.0;0.18541515;0.18541515;0.0;0.0;995.0822;3575.0588;-1025.3406;4875.3276;-56.17278;58.025555
1982-11-18;-1.623352;-11.441751;-10.353756;756.47144;1.0544097;170.60463;100.0;0.04830758;162.67706;297.3226;0.0004351138;-0.08412078;0.0;0.18420815;0.18420815;0.0;0.0;1036.2628;3623.2788;-1121.206;5046.503;-60.323334;40.99
1982-11-19;-0.27038574;-8.960678;-8.694089;756.75385;1.1423684;57.36456;100.0;0.048136473;165.19366;291.78873;0.0008621398;-0.07020403;0.02643466;0.20945072;0.18300116;0.28328598;0.0;1054.6244;3581.5144;-1060.8694;5269.6636;-49.392223;52.101112
1982-11-20;0.059987385;-11.289124;-7.3565774;752.46844;0.8573187;138.88176;100.0;0.04773732;168.0576;284.5459;0.1492083;-0.12178812;0.039845705;0.22166967;0.18183142;0.42351335;0.023502856;1040.3445;3408.34;-1299.435;5090.859;-89.37778;29.901112
1982-11-21;-3.4774578;-11.412567;-9.477763;748.36334;0.8496478;117.1437;100.0;0.047608774;170.88441;279.1748;0.0018179417;-0.111840665;0.004515052;0.18519163;0.18066913;0.059984624;0.00138022;1004.38446;3125.7278;-1118.1622;5112.8965;-82.93;-7.252222
1982-11-22;-4.19517;-8.191936;-6.925135;747.4371;0.7736714;105.979805;100.0;0.047817826;173.11913;276.52994;1.1216849;-0.12167357;0.005155802;0.18468499;0.17952919;0.052295625;0.9688176;879.0628;2676.55;-589.5947;5943.7246;-92.149445;-46.24111
1982-11-23;-4.3182473;-5.9902854;-3.9459572;747.416;0.9902689;99.26883;100.0;0.051391166;170.20148;301.71713;6.587434;-0.16770884;0.004634261;0.18304586;0.1784116;0.016450882;6.1937013;650.6339;2098.5632;-708.94275;6041.662;-129.00389;-115.566666
1982-11-24;-5.7623496;-8.531834;-6.7988753;744.3387;1.9050598;32.173584;100.0;0.05805282;163.38539;354.81772;6.6153307;-0.13969931;0.0;0.17730892;0.17730892;0.0;6.553676;779.68054;2766.311;-769.17725;5733.9243;-106.37778;-23.955555
1982-11-25;-8.168712;-11.0578375;-8.988835;743.7429;1.2676967;29.606333;100.0;0.065751754;156.50975;420.04395;4.1044474;-0.095567666;0.0;0.17622113;0.17622113;0.0;4.0904136;553.29834;2172.8845;-792.6989;5460.0273;-72.634445;-57.61778
1982-11-26;-10.125179;-13.856929;-13.285454;745.7564;1.192513;33.09688;100.0;0.06737765;156.91176;429.44336;1.9306719;-0.025529414;0.0;0.17514825;0.17514825;0.0;1.9261465;791.37836;3082.2234;-700.05054;5181.96;-17.135;-47.171112
1982-11-27;-9.139939;-11.449391;-9.71645;746.93085;0.85811996;54.17209;100.0;0.0717121;152.45409;470.13345;5.454621;-0.06077718;0.0;0.17409027;0.17409027;0.0;5.445626;499.3139;1967.1755;-511.24;5731.7734;-45.667778;-77.65889
1982-11-28;-12.348251;-15.751254;-14.001813;747.8249;1.1030124;52.602158;100.0;0.07465657;153.03905;488.56607;0.022441149;-0.03632065;0.0;0.17304718;0.17304718;0.0;0.018600374;751.1261;3005.5557;-1021.75165;4717.952;-25.671667;-85.12111
1982-11-29;-14.7536545;-18.642591;-18.255943;749.0644;1.5598553;15.586431;100.0;0.07468542;155.25323;481.68945;0.0106818555;-0.0053681433;0.0;0.172019;0.172019;0.0;0.008963048;828.9028;3229.3833;-1195.2045;4179.152;-1.8488889;-3.4088888
1982-11-30;-16.355982;-22.711166;-22.943396;748.25653;1.4907966;16.4922;100.0;0.074711286;156.76918;477.25424;0.00302318;-0.0042831525;0.0;0.17099082;0.17100573;0.0;0.0017434359;903.89;3432.9956;-1219.1978;3771.2295;-1.1566666;74.14222
1982-12-01;-15.069976;-21.816324;-23.645645;746.29376;1.3759602;21.305662;100.0;0.07473385;157.99933;473.30728;0.0017285346;-0.0018849969;0.0;0.17000735;0.1699999;0.0;0.0;922.44446;3417.2744;-1179.4344;3778.2124;0.55222225;82.74555
1982-12-02;-15.031596;-20.926771;-22.923904;744.49664;1.2315234;83.31896;100.0;0.07475805;159.21613;469.5231;0.0048577785;-0.0022454187;0.0;0.16900897;0.16900897;0.0;0.0031366944;909.83777;3290.1978;-1049.2659;3992.6572;0.21555555;53.102222
1982-12-03;-12.711601;-15.477959;-18.120914;743.0283;1.3807095;253.69374;100.0;0.07512772;160.04164;469.36035;1.3170844;0.013161451;0.0;0.1680404;0.16803294;0.0;1.310274;877.39166;3099.5178;-500.61444;5071.6045;11.935555;2.8466666
1982-12-04;-10.915337;-12.69349;-10.736075;744.3083;1.134937;197.44267;100.0;0.07837856;155.68292;502.80762;5.494505;-0.08732267;0.0;0.16707182;0.16706437;0.0;5.4890738;492.59946;1772.3633;-255.65056;5923.336;-67.31778;-140.28
1982-12-05;-8.751598;-10.831607;-8.950588;745.45807;1.1286646;55.8904;100.0;0.08947202;150.27374;593.4245;15.1272;-0.056358054;0.0;0.1661256;0.1661256;0.0;15.121329;235.24834;929.6778;-125.71167;6231.781;-43.624443;-21.088888
1982-12-06;-10.12585;-13.221341;-11.278259;743.701;1.6993322;25.348602;100.0;0.09927225;151.65167;654.45966;3.470993;-0.045734458;0.0;0.16519427;0.16518682;0.0;3.465198;376.71832;1591.9944;-949.1739;4998.6973;-34.63778;30.382223
1982-12-07;-13.235013;-16.966234;-18.063044;745.8414;1.4184188;17.303047;100.0;0.100456394;154.03871;652.5879;0.014042853;0.004917383;0.0;0.1642704;0.1642555;0.0;0.011473894;739.08887;3046.949;-1115.5283;4247.1426;5.7933335;10.615556
1982-12-08;-14.31562;-20.374111;-22.278658;745.99066;1.2601434;28.099558;100.0;0.10048612;156.1673;643.8802;0.0029372587;0.0041825697;0.0;0.16334653;0.16333908;0.0;0.0016503036;814.6578;3268.8445;-1144.6211;3886.8481;5.081111;70.53222
1982-12-09;-12.31734;-20.041319;-22.742247;749.5395;1.502679;14.393439;100.0;0.100513615;157.888;636.55597;0.0;0.006472692;0.0;0.16242266;0.16243756;0.0;0.0;826.7144;3232.0288;-1043.147;4017.4329;6.9094443;133.50333
1982-12-10;-10.7425;-18.20531;-21.564417;750.6301;1.269252;63.225372;100.0;0.100542106;159.66371;629.8828;0.0017136326;0.009367242;0.0;0.16153604;0.16153604;0.0;0.0;836.91;3190.0012;-1002.29944;4172.304;9.190556;117.03667
1982-12-11;-9.023796;-17.551577;-20.738441;747.13885;1.041011;55.94459;100.0;0.10057195;161.56769;622.8841;0.0008523463;0.003889203;0.0;0.16063452;0.16065687;0.0;0.0;835.7961;3108.0632;-1053.0967;4173.3135;4.945;111.83222
1982-12-12;-9.083252;-18.748178;-20.221869;747.4174;0.8233407;206.72984;100.0;0.10059432;163.50323;615.5192;0.000848759;-0.008631498;0.0;0.15977025;0.1597777;0.0;0.0;849.0811;3083.1177;-899.26917;4392.302;-4.7411113;76.16
1982-12-13;-8.5924;-17.947466;-16.320213;746.63654;0.803382;180.19975;100.0;0.10061848;165.78546;606.85223;0.02824068;-0.030523166;0.0;0.15890598;0.15890598;0.0;0.025756657;796.3689;2824.9111;-818.66113;4851.868;-21.33;19.262222
1982-12-14;-10.253814;-17.191381;-17.238792;746.99506;1.4596171;12.223542;100.0;0.100636564;168.26137;598.14453;0.0021457663;-0.008366071;0.0;0.15805662;0.15804917;0.0;0.0;888.385;3080.6833;-1097.169;4409.8413;-4.0833335;71.36667
1982-12-15;-8.542463;-14.926834;-16.923376;748.8091;1.0889897;203.3614;100.0;0.10066378;170.59601;590.2913;0.0017046923;0.002627261;0.0;0.15717745;0.1571998;0.0;0.0;888.2083;3011.3833;-1026.3572;4542.1064;4.3;66.98778
1982-12-16;-7.655941;-13.484115;-16.245382;747.07007;0.99227875;91.22646;100.0;0.100691356;172.9977;582.4382;0.0004351138;0.005875714;0.0;0.15634298;0.15636533;0.0;0.0;768.5822;2549.9578;-916.4861;4712.26;6.3566666;66.17333
1982-12-17;-8.230245;-13.578641;-16.127533;749.1071;1.1636482;30.177645;100.0;0.100720085;175.40167;574.6257;0.00085138145;0.0060293823;0.0;0.15553832;0.15553087;0.0;0.0;937.22833;3042.4578;-1113.8733;4504.8613;6.9555554;58.217777
1982-12-18;-8.266247;-14.05323;-15.931668;751.76605;1.5106493;11.052722;100.0;0.10075454;177.75194;567.26074;0.0;0.008890405;0.0;0.15470386;0.1547113;0.0;0.0;963.295;3062.1821;-1149.6733;4495.791;9.291111;92.17111
1982-12-19;-7.2655244;-14.126666;-15.376548;751.90936;1.5150857;11.086396;100.0;0.10078744;180.12367;560.0586;0.0014901152;0.0021932647;0.0;0.1538992;0.1538992;0.0;0.0;986.345;3071.4055;-1186.5828;4509.0303;4.268889;102.03445
1982-12-20;-5.8693085;-14.99499;-15.400512;749.7769;1.1737541;114.73626;100.0;0.10081478;182.48695;553.0192;0.0012892442;-0.010575168;0.0;0.15309453;0.15309453;0.0;0.0;1014.1983;3094.9834;-1247.2278;4429.1807;-5.6822224;94.19889
1982-12-21;-6.222233;-15.45048;-15.78054;748.4466;1.0894232;29.820795;100.0;0.10083226;184.7311;546.3867;0.0012814989;-0.013751909;0.0;0.15230477;0.15230477;0.0;0.0;1029.5684;3080.2588;-1243.4745;4399.8276;-8.1877775;82.65889
1982-12-22;-8.024047;-15.239296;-14.930285;747.5241;1.3430792;14.2759285;100.0;0.10085376;186.90004;540.20184;0.022729611;-0.018992461;0.0;0.151515;0.151515;0.0;0.019721687;1011.80835;2968.8032;-976.0278;4813.9805;-12.282778;49.63778
1982-12-23;-8.223624;-12.562619;-13.060425;749.00806;1.0701163;33.749702;100.0;0.100884356;189.35902;533.44727;0.0015050173;-0.012096949;0.0;0.15072525;0.15074015;0.0;0.0013336539;1008.50055;2905.2234;-1101.0789;4802.6367;-7.0372224;5.178889
1982-12-24;-10.138431;-13.363523;-13.327048;748.1264;1.1474655;31.868095;100.0;0.10090176;191.86717;526.44855;0.003189599;-0.010291114;0.0;0.14996529;0.14997274;0.0;0.00062584877;1030.2195;2913.5034;-1225.2728;4624.4873;-5.7094445;-20.176666
1982-12-25;-10.872803;-14.599625;-15.094258;747.32715;1.1492676;71.47019;100.0;0.1009262;194.08983;520.42645;0.0036835663;-0.0026253983;0.0;0.14922023;0.14921278;0.0;0.0011101365;1078.8861;2995.4534;-1343.6239;4323.533;0.16111112;7.71
1982-12-26;-7.6715736;-13.240909;-14.517049;748.3794;0.825028;206.60884;100.0;0.100955166;196.05792;515.2588;0.12038946;-0.01773797;0.0;0.14846027;0.14846027;0.0;0.117361546;1090.8528;2974.6133;-850.87805;5002.899;-11.472222;12.542222
1982-12-27;-5.803884;-6.769033;-7.6621284;746.5744;0.93013304;176.7555;100.0;0.10589091;188.54848;561.03516;7.2075067;-0.004916452;0.0;0.14773011;0.14772266;0.0;7.199947;304.55;952.11224;-10.35;6571.9717;-3.5116668;-41.917778
1982-12-28;-6.2408853;-7.5796294;-6.0663147;744.5445;0.72467524;208.96165;100.0;0.109108485;187.94432;580.64777;1.4076769;-0.09380095;0.0;0.14699996;0.14698505;0.0;1.4017746;698.98114;2342.351;-539.4678;6066.8013;-71.227776;-111.56778
1982-12-29;-7.1594186;-9.110211;-7.071592;744.35236;0.62605876;146.68034;100.0;0.11012939;190.74022;577.6774;0.38461983;-0.0921879;0.0;0.1462698;0.1462549;0.0;0.38399547;767.4939;2596.1277;-894.42694;5508.791;-69.577774;-97.35555
1982-12-30;-7.3570123;-8.985112;-8.348905;745.3465;0.71350473;287.58237;100.0;0.11040393;193.99738;569.37665;0.18690825;-0.041753985;0.0;0.14552474;0.14553219;0.0;0.18347055;817.91;2725.7656;-784.20166;5577.532;-30.095556;-67.44778
1982-12-31;-9.06742;-10.649522;-8.80688;742.2593;1.0088503;231.48143;100.0;0.112195574;193.97264;576.5788;13.8179245;-0.065231696;0.0;0.14482439;0.14482439;0.0;13.8112755;841.41833;2757.629;-724.4828;5584.528;-48.893333;-107.87334
1983-01-01;-8.881611;-10.263373;-7.8607726;737.6795;1.0739648;195.68596;100.0;0.14755864;155.70995;944.458;36.720573;-0.09218883;0.0;0.14412403;0.14412403;0.0;36.715782;199.25333;859.1633;-89.66389;6355.3354;-71.94111;-131.34111
1983-01-02;-12.376737;-14.753894;-10.124755;739.6639;1.2015347;206.45073;100.0;0.17413206;150.33104;1156.6569;13.727021;-0.13952795;0.0;0.14343858;0.14343858;0.0;13.7174425;336.10056;1459.77;-359.85388;5770.0903;-108.653336;-199.26
1983-01-03;-15.466012;-18.569473;-15.07237;744.4764;0.8667051;146.7021;100.0;0.1789227;155.10838;1154.6224;0.2436986;-0.031072646;0.0;0.14273822;0.14273822;0.0;0.24244934;732.3661;3125.2366;-1458.0344;3999.5737;-22.355556;-95.81778
1983-01-04;-17.386728;-24.868057;-23.06201;743.9976;0.98777777;75.64021;100.0;0.17901833;158.99315;1125.8951;0.9384334;-0.011038035;0.0;0.14205277;0.14206022;0.0;0.9354539;803.8961;3336.429;-1181.4338;3681.0686;-7.058889;24.875555
1983-01-05;-15.163123;-17.491074;-19.856918;741.80365;0.56037545;157.89043;100.0;0.1857384;151.91664;1220.9473;8.149167;0.011875294;0.0;0.14138222;0.14139712;0.0;8.144029;332.07388;1389.88;81.458336;5627.298;9.637777;-16.656666
1983-01-06;-16.12824;-21.183126;-19.474045;747.08966;1.032732;60.47971;100.0;0.18864858;153.32452;1231.2826;0.04056096;-0.015688129;0.0;0.14072657;0.14072657;0.0;0.039704144;754.24664;3127.4233;-1192.6372;4023.4595;-10.546667;-38.427776
1983-01-07;-16.338472;-23.499395;-23.454927;751.1409;1.5367757;15.959493;100.0;0.18866496;156.89386;1203.125;0.0;-0.002330169;0.0;0.14005601;0.14007092;0.0;0.0;830.7033;3351.172;-1195.4105;3722.4392;-0.053333335;90.09333
1983-01-08;-13.234532;-21.337326;-22.416166;750.1092;1.5264705;15.884353;100.0;0.18884139;159.72719;1182.7393;0.86865306;-0.010015443;0.0;0.13941526;0.13940781;0.0;0.85725635;837.99054;3293.7;-476.52112;4780.628;-5.8188887;78.76889
1983-01-09;-10.115994;-13.520244;-15.889625;746.25885;0.9370753;26.854258;100.0;0.19183755;160.8548;1192.9525;2.4909854;0.004689209;0.0;0.13875961;0.13875961;0.0;2.488274;541.1361;2141.7744;-203.96;5685.3555;5.1566668;-16.075556
1983-01-10;-11.280708;-13.826512;-15.959781;749.2544;0.94387937;49.77774;100.0;0.19245021;165.82518;1161.4176;0.020460794;0.008415431;0.0;0.13810396;0.13812631;0.0;0.0179708;801.7672;3115.629;-1005.98334;4572.4727;8.58;-25.992222
1983-01-11;-11.839938;-15.230916;-17.334099;749.77496;0.86494684;140.20822;100.0;0.19249456;170.49542;1130.1676;0.00166893;0.00616163;0.0;0.13747811;0.13747811;0.0;0.0016763806;850.1211;3221.4978;-1078.414;4391.2275;6.8766665;-5.903333
1983-01-12;-10.356313;-13.4198675;-17.651892;747.63153;0.5160855;223.30858;100.0;0.19321096;173.59698;1113.1998;2.3226385;0.009883195;0.0;0.13685226;0.13685226;0.0;2.318848;672.2095;2486.531;-371.68277;5260.7324;8.925555;0.26444444
1983-01-13;-12.032666;-17.91019;-15.668376;748.11554;1.4189129;25.807535;100.0;0.19564264;174.38344;1122.6807;0.7808149;-0.031078234;0.0;0.13621151;0.13622642;0.0;0.7795319;865.44275;3278.7979;-1323.4878;4242.224;-21.543333;9.655556
1983-01-14;-11.194352;-19.254576;-19.549873;745.3088;1.2689791;24.166443;100.0;0.19618118;177.54848;1105.1432;2.6013823;-0.012339093;0.0;0.13563037;0.13560802;0.0;2.59725;961.3283;3552.6133;-899.0517;4439.033;-7.3233333;65.55444
1983-01-15;-10.442165;-12.097396;-14.20311;740.5275;0.8135658;158.46394;100.0;0.20057125;175.93488;1140.0146;2.6717126;0.007249415;0.0;0.13500452;0.13499707;0.0;2.6662388;620.80835;2394.9912;-119.367775;5946.5933;7.1433334;-63.55111
1983-01-16;-10.396725;-12.825085;-12.694623;744.85693;0.6596591;301.6471;100.0;0.20153789;180.4645;1117.9606;0.3387928;-0.016305596;0.0;0.13440847;0.13438612;0.0;0.33414364;778.895;2968.2344;-857.21277;5039.007;-10.609445;-80.91111
1983-01-17;-9.1181345;-10.358327;-11.236412;743.80084;0.78483987;223.0174;100.0;0.20522618;181.34764;1130.6559;9.228254;0.0013550743;0.0;0.13379753;0.13379753;0.0;9.225212;341.06168;1304.72;76.76556;6361.5454;1.6866666;-55.56111
1983-01-18;-8.005712;-9.469676;-8.482197;741.0647;0.6762643;162.01334;100.0;0.22482853;170.52863;1315.7959;22.23428;-0.02066791;0.0;0.13320148;0.13320148;0.0;22.226908;327.82443;1396.82;-152.15;6294.6533;-15.226666;-70.50889
1983-01-19;-7.843998;-10.644938;-9.889481;742.472;0.7878111;162.62077;100.0;0.23481123;172.56964;1363.3219;0.24557902;-0.024767593;0.0;0.13262033;0.13261288;0.0;0.24472177;785.8889;3362.75;-1041.8116;5035.3154;-16.186666;-68.51889
1983-01-20;-8.784556;-14.075307;-12.630406;746.2566;0.8802511;219.79195;100.0;0.23486507;180.458;1303.182;0.033050776;-0.03447011;0.0;0.13202429;0.13202429;0.0;0.033017248;826.615;3441.23;-1136.2239;4690.73;-23.542223;-33.04222
1983-01-21;-7.0391617;-12.23806;-13.2781105;749.39606;0.69756967;205.51775;100.0;0.23503041;186.44464;1262.5326;0.5713284;-0.018578023;0.0;0.13142824;0.13143569;0.0;0.56895983;781.2528;3157.5933;-421.75333;5594.6724;-11.741111;-21.108889
1983-01-22;-6.366258;-8.231742;-10.532939;749.14404;0.5966178;278.0406;100.0;0.23567843;192.62694;1225.2197;0.16732848;-0.0019147992;0.0;0.130862;0.130862;0.0;0.16470253;791.7695;3145.78;-1051.2461;5053.685;1.2866666;-47.06889
1983-01-23;-9.127163;-12.005319;-12.50494;739.72925;0.4667773;105.16061;100.0;0.24585874;186.71288;1316.6097;26.710176;0.00861194;0.0;0.13029575;0.13029575;0.0;26.706684;271.5311;1078.3911;-88.18166;5964.317;7.1105556;-2.6166666
1983-01-24;-10.319165;-13.133045;-11.039647;735.5671;0.81160814;264.6935;100.0;0.26473585;174.76756;1515.7877;6.0943723;-0.030503608;0.0;0.12972951;0.12972951;0.0;6.0882645;580.4106;2495.881;-540.66614;5577.7056;-21.912222;-102.14111
1983-01-25;-13.914922;-18.80623;-13.406007;739.5933;1.1760912;31.123743;100.0;0.2707876;176.55629;1534.9935;2.8863013;-0.09567104;0.0;0.12916327;0.12917817;0.0;2.8824508;579.2833;2485.338;-1078.9745;4610.317;-73.07333;-90.97444
1983-01-26;-16.984398;-25.474405;-20.74003;745.2012;1.5301367;18.859297;100.0;0.27162257;181.28253;1499.9594;0.0012849944;-0.028309412;0.0;0.12862682;0.12861937;0.0;0.0;969.385;4034.5457;-1721.3267;3218.3794;-19.705555;8.96
1983-01-27;-14.478328;-26.432444;-23.29194;743.51337;0.9717197;115.41022;100.0;0.2716236;184.67738;1472.2086;0.0004351138;-0.02698414;0.0;0.12806058;0.12806058;0.0;0.0;894.11;3622.2156;-917.75665;4124.939;-18.687222;35.773335
1983-01-28;-13.840855;-24.027739;-23.357687;743.33624;0.8547251;162.05296;100.0;0.27162847;187.81866;1447.7539;0.0025581084;-0.020501204;0.0;0.12752414;0.12752414;0.0;0.0;1020.4094;4026.6677;-1273.6466;3672.0076;-13.623889;34.127777
1983-01-29;-12.926383;-20.983503;-23.297546;743.43146;0.7606216;308.89908;100.0;0.27164197;190.73143;1425.9033;0.0066637993;-0.00783056;0.0;0.1269877;0.1269877;0.0;0.005211681;966.9167;3719.771;-902.86945;4164.949;-4.197222;26.343334
1983-01-30;-12.77139;-17.489395;-21.818937;744.42816;0.9717563;77.9685;100.0;0.27167097;193.78546;1403.6459;0.00031292439;0.009501353;0.0;0.12645125;0.12645125;0.0;0.00031292439;1024.2694;3844.061;-1055.8195;4115.91;9.443334;16.837778
1983-01-31;-11.754295;-16.844536;-20.726562;745.816;1.0340657;49.911495;100.0;0.27170524;197.02147;1380.7373;0.0034749508;0.0011799857;0.0;0.12592971;0.12592226;0.0;0.002618879;1093.1967;4004.2266;-1052.725;4228.8755;3.5872223;19.936111
1983-02-01;-9.134331;-14.499104;-19.562292;747.3352;1.0405265;85.89097;100.0;0.27174196;200.4378;1357.3812;0.00011920929;0.014428049;0.0;0.12540817;0.12539327;0.0;0.00010803342;1130.3016;4043.36;-1179.3517;4191.107;13.744445;56.822224
1983-02-02;-9.76091;-15.553243;-18.966373;747.77515;1.150377;44.841152;100.0;0.27178124;203.94627;1334.3506;0.00020861626;0.0012051314;0.0;0.12487173;0.12487173;0.0;0.00020489097;1192.0283;4166.7534;-1279.0225;4117.0874;4.01;49.135555
1983-02-03;-8.282346;-15.203888;-17.653917;747.2906;0.9416898;102.73768;100.0;0.27201915;207.26495;1313.8428;0.84888506;-0.016275793;0.0;0.12435019;0.12435764;0.0;0.8483864;1117.7178;3818.9756;-689.57025;4990.1577;-9.708889;12.775556
1983-02-04;-8.370448;-10.335083;-13.2067;746.45166;0.678211;257.3949;100.0;0.27299023;210.65167;1297.4039;0.6533265;-0.0056028366;0.0;0.12382865;0.12382865;0.0;0.64996254;1081.7966;3703.4834;-589.7561;5501.085;-1.6455555;-89.63778
1983-02-05;-7.908934;-9.12744;-9.986384;746.2317;0.7646475;218.46733;100.0;0.27598393;212.99347;1296.224;5.919552;-0.037663616;0.0;0.12335181;0.12333691;0.0;5.9149413;584.2756;2013.33;-126.35028;6269.4478;-28.206112;-101.50389
1983-02-06;-7.2576003;-8.763711;-8.108275;744.9287;0.52388513;186.96956;100.0;0.2807096;215.00877;1306.1117;5.215308;-0.071279705;0.0;0.12283027;0.12283027;0.0;5.2094383;829.9217;3084.8677;-569.6728;5872.751;-52.93111;-135.24445
1983-02-07;-6.3133407;-8.110505;-7.4221673;746.4238;0.7144304;117.39542;100.0;0.2854472;216.67902;1319.2139;0.5667003;-0.066665;0.0;0.12232363;0.12232363;0.0;0.56251884;906.2822;3552.4;-871.2547;5564.283;-48.27889;-115.92555
1983-02-08;-7.628792;-12.027511;-9.224186;748.47705;1.3301872;26.418413;100.0;0.2854971;223.68748;1277.9948;0.006362815;-0.07478893;0.0;0.12181699;0.12182444;0.0;0.0046379864;1130.3306;4322.541;-1541.1278;4548.9546;-53.423332;-90.25889
1983-02-09;-9.827782;-16.21278;-13.380207;748.07153;1.4835216;21.68978;100.0;0.28550494;228.74901;1249.0641;0.0015974045;-0.046269037;0.0;0.121325254;0.121317804;0.0;0.0003017485;1233.5111;4599.749;-1753.5355;3899.92;-31.223888;-1.8844445
1983-02-10;-9.498228;-19.045252;-16.11052;749.1059;1.1988789;43.63412;100.0;0.28551713;232.33006;1230.306;0.0008523463;-0.047902577;0.0;0.120818615;0.120818615;0.0;0.0;1279.5416;4657.6123;-1627.055;3868.1113;-32.751667;19.481112
1983-02-11;-9.282558;-20.525501;-17.602438;750.5988;1.2935328;23.741827;100.0;0.2855235;235.22719;1215.21;0.0017265456;-0.047106296;0.0;0.12032688;0.12032688;0.0;0.0;1334.6627;4744.7812;-1599.3633;3815.8022;-32.254444;55.03
1983-02-12;-8.551099;-18.326887;-17.88733;749.60944;1.535986;13.097043;100.0;0.28553763;237.81996;1201.9857;0.0004351138;-0.033196993;0.0;0.11983514;0.11984259;0.0;0.0;1370.419;4760.8564;-1505.2731;3961.4927;-21.428888;90.16333
1983-02-13;-5.2197647;-18.770971;-16.587053;746.0935;0.9977114;66.940056;100.0;0.285549;240.41534;1189.1683;0.00192523;-0.058365986;0.0;0.1193583;0.1193583;0.0;0.0014528632;1316.2661;4469.9634;-969.57056;4778.2554;-40.942223;44.91
1983-02-14;-6.1607757;-10.44112;-12.2914915;742.1214;0.50718683;243.34831;100.0;0.28761205;240.91307;1194.1324;4.1863656;-0.01077354;0.0;0.118881464;0.118881464;0.0;4.181258;738.1311;2516.4678;-3.3472223;6313.856;-6.7566667;-74.38778
1983-02-15;-6.884997;-8.485657;-9.048612;742.8857;0.68085885;131.09947;100.0;0.28992674;242.34569;1197.4283;0.39670765;-0.07161591;0.0;0.11840463;0.11841208;0.0;0.3937781;1100.2211;3920.3955;-847.7778;5530.0234;-52.30111;-142.74222
1983-02-16;-8.208767;-10.616126;-8.858246;740.48267;0.8872578;84.74628;100.0;0.29031968;246.51527;1178.5074;1.5144644;-0.14306977;0.0;0.11794269;0.11794269;0.0;1.5105233;1105.3606;3867.49;-790.8639;5537.1953;-108.316666;-190.5689
1983-02-17;-7.078295;-8.485276;-7.579493;735.1081;0.73270494;139.37509;100.0;0.29788747;240.60382;1236.9791;12.546074;-0.07309113;0.0;0.117480755;0.117480755;0.0;12.540321;576.8811;2197.706;-212.66112;6355.968;-55.328888;-128.87666
1983-02-18;-8.107033;-9.8354845;-6.8827286;736.7161;0.93216085;181.20131;100.0;0.3129916;227.08624;1375.8138;23.26402;-0.18750131;0.0;0.11703372;0.11701882;0.0;23.260147;709.4911;2939.9033;-333.34445;6208.101;-144.255;-262.1122
1983-02-19;-9.745406;-11.686254;-7.7782693;737.5791;1.1314986;188.9826;100.0;0.34725836;198.07191;1750.8545;27.102072;-0.14585443;0.0;0.11655688;0.116571784;0.0;27.097683;539.20276;2350.0322;-482.15778;5878.1924;-112.685555;-210.32417
1983-02-20;-11.245403;-14.0079565;-9.45459;739.83966;0.70370793;193.76923;100.0;0.37055907;186.32811;1985.555;31.125526;-0.158865;0.0;0.11612475;0.1161173;0.0;31.119648;533.6433;2309.2988;-291.2;5955.7646;-123.02611;-245.68445
1983-02-21;-13.944058;-17.015306;-11.412812;737.96655;1.3108965;220.02765;100.0;0.396091;175.10707;2264.038;10.129193;-0.1548594;0.0;0.115677714;0.115670264;0.0;10.124549;870.1506;3772.7334;-899.2453;5056.7266;-118.943886;-296.52335
1983-02-22;-15.246251;-19.269573;-15.572928;745.41626;0.86916304;191.7559;100.0;0.40071177;182.3268;2202.718;0.06554127;-0.061623752;0.0;0.11524558;0.11523068;0.0;0.06426126;1211.3027;5170.97;-1590.5455;3869.412;-44.33889;-199.035
1983-02-23;-12.12167;-20.975435;-19.112724;747.48706;0.8660443;61.44641;100.0;0.4007162;189.54327;2117.635;0.0;-0.046699308;0.0;0.114798546;0.114783645;0.0;0.0;1235.8439;5130.4277;-1373.086;3911.6133;-32.273335;-52.875557
1983-02-24;-10.317334;-17.229595;-18.384008;745.17633;0.6616495;220.93852;100.0;0.40096688;195.21417;2056.966;1.2693954;-0.035809353;0.0;0.11432171;0.11433661;0.0;1.26471;1194.2933;4822.742;-650.82166;4949.2344;-24.041111;-87.07889
1983-02-25;-9.945075;-11.587875;-13.354566;743.41376;0.6436768;143.04863;100.0;0.41037825;194.4212;2110.9211;14.936495;0.010798685;0.0;0.113904476;0.11391193;0.0;14.929447;419.21;1727.6217;39.801666;6168.036;9.353333;-52.133335
1983-02-26;-11.11578;-13.277763;-11.503883;741.5949;0.6523943;181.612;100.0;0.4199541;197.39972;2130.4524;4.734099;-0.071497634;0.0;0.11348724;0.11347979;0.0;4.7213955;959.2339;4059.7112;-843.525;5207.519;-52.655556;-203.63333
1983-02-27;-12.339238;-15.381706;-12.969022;740.52167;0.7290704;222.4775;100.0;0.42230973;204.94464;2064.4531;0.23529091;-0.088229775;0.0;0.11304021;0.11304766;0.0;0.22970513;1176.8756;4905.1846;-1259.3567;4543.273;-64.772224;-214.04778
1983-02-28;-12.1717415;-14.570396;-15.323138;743.5164;0.91348195;244.34984;100.0;0.42241964;212.21971;1993.3268;0.2438128;-0.023255125;0.0;0.11262298;0.11262298;0.0;0.23857877;1302.1483;5292.859;-1163.12;4503.642;-14.241111;-160.99667
1983-03-01;-11.500249;-13.57914;-13.820859;746.1379;0.92040783;254.87749;100.0;0.4229065;218.22914;1940.5924;0.5010677;-0.038487837;0.0;0.112205744;0.11219829;0.0;0.49255043;1077.8939;4277.0146;-671.13666;5284.122;-26.97;-172.48222
1983-03-02;-9.558461;-11.817904;-11.358041;746.63965;0.8439681;150.27806;100.0;0.42334887;224.95995;1884.4401;1.0569966;-0.08252449;0.0;0.11177361;0.11177361;0.0;1.0465645;1244.4105;4831.1597;-622.3;5610.829;-60.015556;-224.00194
1983-03-03;-6.983134;-8.092529;-8.286647;745.0667;1.0644773;193.75458;100.0;0.4296749;228.07582;1884.1146;12.49178;-0.064844266;0.0;0.11135638;0.11135638;0.0;12.459468;652.41943;2578.7527;-86.852776;6480.2466;-48.816666;-168.19444
1983-03-04;-5.953837;-7.2824807;-5.9767556;738.4338;1.3737851;187.6018;100.0;0.45028427;225.66339;1993.3268;30.288548;-0.16167574;0.0;0.110954046;0.110946596;0.0;30.262545;674.66705;2862.532;-202.77611;6513.65;-123.82;-222.72
1983-03-05;-6.5933876;-7.4852676;-5.6083503;733.7358;0.76537776;182.34747;100.0;0.49577639;212.04555;2334.798;42.532894;-0.07753912;0.0;0.110536814;0.110544264;0.0;42.526825;276.32642;1199.9889;-131.33;6537.017;-60.02111;-129.61444
1983-03-06;-8.410831;-9.952786;-6.515508;736.65186;0.73414415;224.02661;100.0;0.5193938;214.59242;2422.8923;10.8878355;-0.14911033;0.0;0.11014938;0.11014193;0.0;10.881968;700.015;3034.8967;-596.73224;5882.1406;-114.215;-238.4911
1983-03-07;-9.444931;-11.323917;-7.924311;742.6547;1.0596054;221.7661;100.0;0.5239239;225.55792;2326.538;1.553464;-0.16687252;0.0;0.10973215;0.10973215;0.0;1.5521795;1127.5392;4808.8096;-845.76;5508.149;-126.03445;-323.13443
1983-03-08;-9.052728;-10.887504;-8.472385;743.6731;1.2405262;213.00269;100.0;0.52557075;235.27113;2236.5315;1.8232167;-0.16993192;0.0;0.10931492;0.10932982;0.0;1.8194392;1028.5669;4291.785;-618.19275;5740.6904;-128.99889;-298.13666
1983-03-09;-8.857778;-10.338692;-8.203799;743.8179;1.1287445;233.91573;100.0;0.52819556;242.98273;2175.7;2.789259;-0.15100557;0.0;0.10892749;0.10892749;0.0;2.7838573;888.099;3660.7537;-550.2722;5834.556;-115.19889;-285.2378
1983-03-10;-8.036881;-9.714093;-7.912956;746.68945;0.9376655;227.32306;100.0;0.5295285;250.99379;2111.8572;0.7602602;-0.14911778;0.0;0.10852516;0.10852516;0.0;0.7507056;1185.5312;4814.2266;-701.02;5765.56;-111.98556;-297.96445
1983-03-11;-5.9544578;-8.077148;-7.1835227;747.2548;0.933774;219.28706;100.0;0.5299433;259.20932;2046.3461;0.014811754;-0.11370797;0.0;0.108122826;0.108122826;0.0;0.012658536;1429.7314;5684.906;-1210.4333;5260.7;-82.04611;-232.29889
1983-03-12;-5.6583047;-8.0348625;-8.05661;746.0411;0.8931863;223.07404;100.0;0.52994627;266.78223;1988.1592;0.069612265;-0.08946285;0.0;0.10770559;0.107720494;0.0;0.06755069;1548.5275;6001.169;-1351.47;4973.1416;-62.95111;-193.345
1983-03-13;-4.7499695;-6.539856;-6.868235;748.30566;0.8174996;192.77429;100.0;0.53187525;272.15787;1955.0781;3.2052612;-0.15227124;0.0;0.107333064;0.10732561;0.0;3.1721294;1146.665;4422.916;-682.93665;5932.7065;-114.37889;-200.11
1983-03-14;-3.3212993;-7.5558877;-5.627472;748.66;0.8633471;69.300606;100.0;0.5331348;278.31314;1916.9922;0.09917468;-0.1625605;0.0;0.10693073;0.10693073;0.0;0.09506941;1412.58;5424.04;-1038.905;5658.9043;-118.975555;-185.80667
1983-03-15;-3.593811;-6.5908303;-4.7449546;744.6943;1.4466599;44.146534;100.0;0.5355364;283.6084;1888.9974;4.736343;-0.28798264;0.0;0.1065284;0.1065284;0.0;4.6091266;1080.7053;4160.1216;-483.63;6368.898;-220.11444;-176.26666
1983-03-16;-4.144877;-7.3389077;-4.126719;743.7436;1.4552358;41.660816;100.0;0.53968626;287.66992;1877.0345;3.01345;-0.31676328;0.0;0.10614097;0.10614097;0.0;2.990689;851.39307;3352.1516;-480.66473;6345.1226;-244.07445;-159.9589
1983-03-17;-4.425242;-8.149597;-4.44751;747.0323;0.9874222;58.570515;100.0;0.54099995;293.37305;1845.3369;0.3026838;-0.29035097;0.0;0.10575354;0.10575354;0.0;0.29876828;1201.1542;4664.4775;-1040.2994;5648.487;-220.8811;-224.7889
1983-03-18;-5.1083884;-8.739746;-5.834208;749.9062;0.8840976;121.06548;100.0;0.54093826;299.1439;1809.4889;0.025749207;-0.24544448;0.0;0.10536611;0.10536611;0.0;0.021651387;1509.2578;5716.29;-1336.3206;5167.7144;-184.50667;-255.83888
1983-03-19;-4.1898293;-6.849304;-6.7721763;750.30804;0.9297915;93.66641;100.0;0.540881;304.01205;1780.192;0.036460612;-0.12923963;0.0;0.10497868;0.10497123;0.0;0.030562282;1514.3347;5598.542;-1275.3136;5196.2695;-94.577774;-175.29778
1983-03-20;-2.4742634;-8.384715;-5.6593323;748.24457;0.7976466;120.14811;100.0;0.5414402;308.10385;1757.4056;3.8477135;-0.17136708;0.0;0.10457635;0.1045838;0.0;3.4149587;1726.1703;6227.191;-1107.4517;5641.1724;-124.13;-211.69888
1983-03-21;-3.617279;-4.7438254;-4.155955;742.48535;0.7687685;202.6805;100.0;0.55302554;302.59668;1826.4974;13.072063;-0.07895194;0.0;0.10420382;0.10421127;0.0;12.516491;701.0589;2799.4558;-369.47943;6482.319;-59.171112;-148.01666
1983-03-22;-4.0541787;-5.859894;-4.0189767;742.26855;0.88206273;235.71997;100.0;0.5584799;304.05435;1837.9313;0.92929816;-0.22806227;0.0;0.10384619;0.10383874;0.0;0.91766566;1317.9528;5331.921;-959.0714;5800.9077;-172.01555;-276.09332
1983-03-23;-4.6558228;-6.9843545;-4.1973877;744.6635;0.99763626;83.265236;100.0;0.5587538;309.57553;1806.3558;0.13978449;-0.2747737;0.0;0.10347366;0.10345876;0.0;0.0564754;1442.5255;5624.1216;-1140.7117;5576.4243;-207.42223;-298.52335
1983-03-24;-3.3687642;-7.916321;-4.840739;748.57916;1.0322961;75.5483;100.0;0.558667;314.80698;1776.001;0.0075047812;-0.23559108;0.0;0.10305643;0.10308623;0.0;0.0053420663;1710.4028;6443.771;-1438.618;5224.218;-174.45111;-270.71112
1983-03-25;-1.245402;-8.562134;-5.502289;752.16376;1.0243206;69.965416;100.0;0.55859673;319.61166;1749.1862;0.0017046927;-0.09877421;0.0011324883;0.10383129;0.102713704;0.016331673;0.0;1831.6934;6675.0044;-1659.5098;4899.9434;-73.577774;-191.50223
1983-03-26;-0.6130473;-7.8848977;-5.6741486;752.0822;0.92163223;144.6504;100.0;0.5583967;324.12695;1724.528;0.00084773294;-0.09410456;0.020250678;0.122606754;0.10236353;0.28629974;0.0;1920.3339;6772.843;-1719.8258;4835.734;-69.76222;-182.45111
1983-03-27;0.13254802;-7.1255393;-5.564524;752.2275;0.8850315;172.50478;100.0;0.55804163;328.5192;1701.2125;0.0008702837;-0.10600872;0.023141503;0.12515485;0.1020208;0.31084195;0.0;1951.2311;6662.0366;-1549.6222;5062.3228;-79.25445;-185.31667
1983-03-28;0.64591473;-5.7120767;-4.5646415;751.7286;1.0558449;90.603966;100.0;0.55752033;333.10776;1676.8799;0.0025689588;-0.097827055;0.051379204;0.15304983;0.10167062;0.6169528;0.0;1990.9434;6593.8745;-1380.2872;5401.541;-72.44;-179.39778
1983-03-29;0.6154887;-4.3781943;-2.7442372;749.611;1.0789098;64.071175;100.0;0.55641145;337.69888;1651.5707;1.2673029;-0.09543169;0.17479062;0.27611852;0.101320446;1.7709844;0.6165728;1947.8173;6284.6465;-1144.9972;5879.102;-70.34333;-205.52722
1983-03-30;-3.4036152;-9.522817;-2.4526608;747.7453;2.017689;34.90941;100.0;0.55668026;341.19565;1635.7828;0.3314599;-0.66915435;0.023812056;0.124782324;0.10098517;0.24635345;0.32638758;2186.3223;6836.865;-1885.0144;4879.4985;-521.73553;-275.74722
1983-03-31;-4.0004373;-11.241902;-4.732886;747.8457;2.0843837;25.493185;100.0;0.55598927;345.09146;1615.3971;0.00044107434;-0.65383965;0.0;0.10064244;0.10064244;0.0;1.4901161e-05;2365.0566;7082.1987;-2037.0925;4475.7676;-509.7311;-257.79807
1983-04-01;-0.51816815;-8.752339;-5.0495605;748.36053;1.0390968;86.0365;100.0;0.5556056;348.8278;1597.9818;0.00085844647;-0.15106611;0.016406178;0.1167357;0.100299716;0.1680702;0.0;2438.7344;7144.9062;-1980.9238;4647.2515;-113.26111;-180.85333
1983-04-02;-0.040334065;-4.9916077;-3.9414368;745.7264;0.844846;236.79826;100.0;0.5552538;352.8434;1579.7119;0.5139769;-0.1764251;0.04592538;0.14589727;0.09997934;0.44343993;0.4717484;2350.1;6742.9775;-1414.1733;5464.257;-133.91945;-193.93
1983-04-03;-0.94400024;-2.3526409;-1.7738838;744.86346;0.84784716;163.42885;100.0;0.5546401;356.59506;1562.2965;0.14718175;-0.1319358;0.1718849;0.27152896;0.099644065;1.5286263;0.03867969;1940.2395;5547.8896;-1047.3687;6013.297;-100.12889;-265.33
1983-04-04;-1.6761984;-3.4669292;-0.7088051;745.72516;1.0149282;104.70696;100.0;0.5529633;363.348;1528.89;0.010490417;-0.318774;0.2078414;0.30715764;0.09931624;1.5672296;0.0059381127;2358.6995;6129.2993;-1167.598;5947.072;-246.26611;-401.58667
1983-04-05;-0.7716777;-3.2449749;-0.3504181;747.68896;1.0074557;108.24145;100.0;0.548904;371.0563;1485.9619;0.0087812;-0.3695935;0.7392466;0.838235;0.098988414;6.0059223;0.0046230853;2842.14;6865.259;-1522.0472;5628.433;-278.92557;-363.4425
1983-04-06;0.47843423;-5.369629;-0.29296365;748.6992;0.96252346;85.8059;100.0;0.5416501;378.05893;1439.1276;0.0027391945;-0.5078856;0.9727031;1.0713339;0.098630786;7.671468;0.001873821;3046.9233;6970.4644;-1553.5669;5621.4966;-382.34723;-320.91638
1983-04-07;1.2540588;-3.1052551;-0.1733195;748.12225;0.8903835;171.6059;100.0;0.5324639;384.36426;1391.3574;1.859495;-0.42136943;1.4765114;1.5747845;0.09828061;9.884741;0.0;2831.9155;6220.8896;-1113.5255;6168.1367;-315.81332;-204.55
1983-04-08;1.5038248;-0.1582133;-0.044686634;748.11163;0.68594605;114.78653;100.0;0.5222922;387.45508;1353.6377;5.7803926;-0.19306317;2.615735;2.7179866;0.10223687;13.284367;0.77444315;2077.0662;4578.142;-720.7986;6618.9307;-141.44221;-172.08667
1983-04-09;0.56466675;-2.6278484;-0.14815266;747.30194;1.107563;78.962776;100.0;0.50951475;390.9066;1309.1227;0.9258588;-0.49890858;2.4693682;2.567008;0.09763986;13.302203;0.0020377338;2911.3284;6239.89;-1443.8647;5761.0615;-375.29944;-222.83778
1983-04-10;-0.01453654;-5.4088645;-0.32108435;746.2889;1.0287548;102.37518;100.0;0.4994209;396.93784;1263.7533;0.044836923;-0.68162197;1.4038235;1.5012026;0.09737164;7.80943;0.0;3490.9912;7301.904;-2031.7352;5042.688;-515.50555;-224.71666
1983-04-11;-1.0853577;-4.1843057;-0.2918167;746.30225;1.0966804;78.74836;100.0;0.4906086;404.17188;1219.2789;0.9811133;-0.55832696;2.1937416;2.291098;0.09735674;9.052146;0.0018626451;3255.0544;6678.5615;-1557.1814;5572.238;-421.16165;-277.50665
1983-04-12;-0.99612427;-3.733429;-0.23061371;747.3669;1.0533916;69.785194;100.0;0.48099133;410.27115;1177.2461;0.9062767;-0.5454328;1.9322783;2.02927;0.09699911;9.413973;0.025831163;2881.7334;5825.3145;-1260.4227;5918.061;-413.13443;-334.8
1983-04-13;0.058583576;-7.308136;-0.2688357;750.6307;1.2789203;28.770775;100.0;0.47063708;416.10806;1135.5795;0.0031844066;-0.81434846;2.1692514;2.2978485;0.12861937;10.570329;0.000115484;3747.5322;7493.9097;-2025.4395;5070.329;-617.5894;-245.33
1983-04-14;1.6773275;-6.385193;-0.3011093;751.9253;0.97160125;156.05247;100.0;0.45851064;422.6354;1088.9893;0.00010430813;-0.50304925;3.3075066;3.437966;0.13046712;12.777548;0.0;3828.6733;7585.4795;-1920.295;5240.3735;-370.85443;-178.33888
1983-04-15;2.7070923;-2.378062;-0.20935185;750.91156;1.0367426;206.17464;100.0;0.44382632;428.36362;1039.3881;0.053671002;-0.4035104;4.307479;4.4554324;0.14794618;15.461378;0.0;3557.9604;6998.695;-1569.7675;5673.2476;-295.5478;-150.76778
1983-04-16;1.640035;-2.7068176;-0.19255956;749.0813;1.151495;134.35782;100.0;0.42818472;433.06998;991.4958;0.3634274;-0.63676107;4.525438;4.7018824;0.1764372;15.153285;0.0025257468;3615.3806;7072.1177;-1517.0059;5709.999;-478.26443;-227.17555
1983-04-17;1.6108602;-2.1702168;-0.13498943;744.9605;1.2511808;202.69096;100.0;0.41620433;437.41275;953.20636;6.969619;-0.54193383;3.4909844;3.635794;0.14480948;11.623133;1.3769902;2440.9128;4749.434;-904.1717;6327.358;-412.1389;-138.88445
1983-04-18;-1.2554423;-2.8613079;-0.15205383;745.29364;0.96401864;214.6703;100.0;0.4135708;431.64517;959.06573;5.274636;-0.36610663;2.061926;2.1778345;0.11590123;7.094659;2.801154;2107.0955;5023.0957;-1135.118;5961.583;-276.12445;-288.4411
1983-04-19;-3.194682;-4.614553;-0.22036235;749.5632;0.9437415;146.49571;100.0;0.41164097;431.19727;955.363;6.553948;-0.60182625;0.91049075;1.0133088;0.10279566;2.7500353;4.6393576;2358.0344;5614.13;-1134.9122;5978.8823;-460.3622;-522.1
1983-04-20;-3.3865051;-5.1059265;-0.22879791;749.8088;0.9398334;111.91617;100.0;0.4159309;419.14877;993.2048;4.188107;-0.51661676;0.43667853;0.5418658;0.1051873;1.3291985;3.0797906;1973.9972;5624.026;-1096.6566;5968.533;-393.01666;-464.68668
1983-04-21;-2.7423503;-7.373545;-0.3050232;749.2863;0.9419348;90.94779;100.0;0.41593477;422.62338;985.6364;0.4638195;-0.8459222;0.045225024;0.15293062;0.107720494;0.19681081;0.4433617;2014.18;5374.652;-943.4731;6114.56;-648.56555;-403.83777
1983-04-22;-0.4957479;-4.6053567;-0.18548839;748.017;0.9036141;65.06281;100.0;0.41470668;426.71777;972.65625;7.6042657;-0.60170704;0.927791;1.0381341;0.11033565;3.6065392;6.707143;2414.3928;6030.8574;-1041.9116;6186.977;-454.59888;-250.11
1983-04-23;-1.4677633;-2.0786743;-0.051329296;742.6169;0.7521009;139.80008;100.0;0.4403173;376.69434;1168.986;34.714973;-0.15688315;0.9302497;1.1046231;0.17435849;1.3259575;31.029902;535.54724;2149.879;-341.5864;6839.5034;-119.342224;-147.29778
1983-04-24;-0.28982544;-3.1186016;-0.14189275;746.4251;0.89437205;149.88086;100.0;0.44940105;360.77734;1247.8027;0.2850408;-0.41897222;1.0705888;1.1872351;0.11665374;4.249163;0.0622496;1858.9845;6625.7456;-1179.6511;5980.3657;-308.80276;-274.60333
1983-04-25;-0.3050537;-2.0482178;-0.23647182;747.97974;0.9685318;196.72041;100.0;0.44589972;367.21777;1216.6748;4.897612;-0.26206487;2.049193;2.1694899;0.120297074;4.0280633;0.0041909516;2032.4055;6132.188;-899.57947;6308.27;-188.9939;-246.36555
1983-04-26;0.31950888;-0.7550049;-0.06549708;750.02997;1.0620642;176.33356;100.0;0.43749037;372.27896;1177.7344;5.7773366;-0.26243925;5.1029625;5.479753;0.37679076;11.627529;0.024739653;2043.5316;5482.9624;-643.275;6670.9717;-191.185;-258.59778
1983-04-27;-0.3986613;-2.0701497;-0.11795044;750.405;0.90933657;54.34439;100.0;0.42916775;376.16928;1142.8223;10.488587;-0.2415739;5.946785;6.665617;0.71882457;7.666584;0.16747043;1747.8817;4345.0005;-873.13416;6311.7256;-179.18;-197.82666
1983-04-28;1.021047;-0.8878581;-0.16647594;752.57715;1.0318624;74.10929;100.0;0.4197559;381.15234;1103.5156;3.7308693;-0.21206029;6.2052307;6.7752304;0.5699992;12.872405;0.016290694;2687.8157;6298.9673;-1245.4053;5968.74;-148.66556;-193.95334
1983-04-29;3.2602742;-3.6108806;-0.19978078;754.6635;1.0293761;83.8182;100.0;0.40555516;387.05533;1050.3336;0.12652874;-0.43460542;5.2521677;5.966112;0.7139519;15.395332;0.00033527613;3417.9683;7640.03;-1450.225;5825.0166;-314.7022;-237.01778
1983-04-30;4.3150024;-2.2105815;-0.19892375;751.6616;1.144495;121.784454;100.0;0.38929713;393.39713;992.3909;0.060141087;-0.37199074;6.119013;6.625414;0.5063936;16.622513;0.0;3429.6123;7404.078;-1479.4545;5813.137;-265.65167;-121.744446
1983-05-01;3.4448445;0.7048645;-0.16196696;747.68085;1.0146403;146.3077;100.0;0.3744558;399.7565;939.1683;2.4756877;-0.13893563;6.0649366;6.8142414;0.74931234;13.403955;0.0;2622.12;5512.177;-1004.2725;6310.1787;-93.70111;-99.31111
1983-05-02;3.4847004;0.64503986;-0.120788574;747.7273;0.96671796;129.93803;100.0;0.3582827;404.6732;887.8581;3.246355;-0.25530905;8.56319;9.728729;1.1655464;17.753445;0.00033155084;2832.4888;5836.221;-843.4328;6532.1367;-182.27667;-164.44221
1983-05-03;4.4821777;2.648692;-0.039287567;746.7158;1.3339452;248.08264;100.0;0.34010398;408.39096;835.083;2.636969;-0.16899687;8.166284;8.761734;0.59544295;18.22481;0.0;2366.5088;4796.661;-364.6464;7141.324;-117.82889;-49.613335
1983-05-04;4.470571;3.1610615;-0.027524313;745.04926;1.3487569;227.67314;100.0;0.31980965;410.40918;781.6569;15.774418;-0.08572638;16.526297;19.022465;2.496183;22.541084;0.0;2675.4778;5354.8335;-617.7881;6858.099;-51.810555;-88.03445
1983-05-05;4.3475747;1.393046;-0.07455063;748.0595;1.3006086;244.3221;100.0;0.29895437;412.83984;726.64386;4.004759;-0.45729336;10.407225;12.225732;1.8185079;21.80026;0.0;3132.6782;6210.8613;-960.17303;6457.6626;-338.87167;-80.09556
1983-05-06;5.0092874;-1.3708496;-0.19313939;749.845;1.1643447;234.66339;100.0;0.27851367;417.56577;669.5964;0.034961104;-0.6227689;7.555127;8.464932;0.90981275;20.360365;0.0;3942.2083;7761.41;-1593.7003;5765.777;-462.5289;-110.89667
1983-05-07;4.3346457;-2.8845623;-0.19233577;749.05597;1.0257316;102.562386;100.0;0.26306322;424.57974;622.1517;7.434213;-0.2564788;6.24454;7.195383;0.950858;11.679608;0.0;2298.1284;4497.7754;-769.9131;6577.6685;-185.82556;-22.114445
1983-05-08;4.0085855;2.1475322;-0.047528584;747.27167;1.5537033;181.296;100.0;0.24522023;429.5306;573.68976;14.149363;-0.13420266;18.27824;22.956848;4.678607;23.271463;0.0;3137.4106;6111.6465;-742.99054;6734.774;-88.27167;-108.53778
1983-05-09;3.9299927;-2.194397;-0.165994;750.4004;1.3928227;188.77446;100.0;0.22204833;431.2705;517.5781;0.16671419;-0.7825913;8.286342;10.620445;2.3340955;22.239674;0.0;3605.1;6998.7954;-1357.3325;5991.7524;-589.75775;-106.414444
1983-05-10;5.1950784;-2.5068157;-0.4408938;749.56024;1.012683;163.16222;100.0;0.20221893;438.26334;463.7858;0.00043511385;-0.49659982;7.3069334;9.512991;2.2060723;19.23801;0.0;3840.6416;7434.108;-1450.1172;5874.3906;-362.84888;-112.58222
1983-05-11;4.499044;0.31434122;-0.23544312;747.9378;1.1304692;234.28777;98.71964;0.18307507;445.15854;412.8418;3.4104407;-0.297579;9.025753;12.756318;3.7305653;18.131975;0.0;3010.3445;5785.317;-984.2661;6399.1846;-214.32;-95.98556
1983-05-12;4.3110757;1.442922;-0.19250362;746.9909;1.2035131;125.03311;96.62907;0.16188312;449.3314;361.40952;4.641807;-0.3525354;12.04738;16.039879;3.992498;23.017626;0.0;3554.0845;6737.517;-933.2219;6549.542;-246.85777;-154.79222
1983-05-13;5.5594583;1.2916769;-0.22975414;745.77106;1.2826592;98.71111;95.182945;0.13842066;450.0;308.63443;0.7562876;-0.4228158;9.686366;13.924435;4.2380767;23.887772;0.0003091991;3511.226;6601.5977;-967.4056;6519.1167;-297.33554;-133.79778
1983-05-14;6.258779;2.2015483;-0.23148982;748.8838;1.2337747;107.710365;94.417076;0.116405405;450.0;259.60287;3.4897149;-0.39160624;9.637162;15.249118;5.6119485;20.538483;0.0;3157.859;5901.7876;-734.81415;6775.6167;-276.12778;-107.71778
1983-05-15;8.193807;4.2668357;-0.010185242;752.01337;0.8726375;81.405556;94.057945;0.09831361;450.0;219.27898;12.607426;-0.14743489;12.17933;18.896997;6.717682;18.90336;0.0;1979.9005;3686.7844;-91.9925;7490.5054;-96.25667;-30.84
1983-05-16;8.125722;5.1020913;0.0086301165;753.46857;0.7843573;86.605385;92.72079;0.08039097;450.0;179.32129;21.595825;-0.11117943;16.83277;26.515543;9.682775;17.861351;0.0;1758.6873;3260.9167;-11.919444;7572.401;-69.842224;-22.464445
1983-05-17;7.91686;4.1734414;-0.27350488;753.8342;0.9995454;96.22532;88.875404;0.061052006;450.0;136.67805;6.141052;-0.2739057;12.032763;27.99414;15.961364;19.636303;0.0;2536.99;4619.239;-666.2119;6851.7334;-183.37;-72.39778
1983-05-18;9.214508;1.7098185;-0.44100952;754.0412;1.258221;89.53735;77.545166;0.03915723;450.0;88.17545;0.38562715;-0.70466006;9.416834;26.16103;16.744188;23.06046;0.0;3995.1128;7076.3364;-996.87946;6669.386;-489.93332;-149.39667
1983-05-19;9.0130415;5.0315247;-0.035792034;752.66846;1.1478837;101.02063;45.946857;0.020001888;450.0;44.962566;3.3654752;-1.3605254;7.2150974;21.964745;14.749646;16.364223;0.0;4366.1406;6620.332;-904.19446;7149.9565;-942.0933;-395.08667
1983-05-20;9.64915;3.6592712;-0.11578623;749.69574;1.2024808;111.91443;20.15039;0.008733709;450.0;19.81608;2.2332191;-2.251626;3.3853502;15.807197;12.421846;8.021269;0.0;5396.671;7349.1987;-1774.0997;6472.8477;-1563.4595;-726.31915
1983-05-21;9.947194;-0.25089517;-0.21923573;750.4621;1.2330937;99.796486;8.21167;0.0035492976;450.0;8.056641;0.23234497;-3.1445167;1.0614246;12.067154;11.00573;3.496047;0.0;5928.3335;7686.2544;-2021.7883;6343.6265;-2184.9023;-741.6278
1983-05-22;10.293396;0.5273641;-0.029148102;752.9244;1.1096942;103.60043;3.119873;0.0013436079;450.0;3.092448;1.3198584;-3.2368526;0.62307715;10.386571;9.7634945;1.4407263;0.0;5858.592;7440.5244;-1862.0577;6698.1763;-2248.7278;-898.97
1983-05-23;8.707875;3.7616882;-0.009621938;751.28534;1.2614514;84.66832;1.1058756;0.00047783056;450.0;1.3427734;6.2602153;-2.6717744;1.463443;10.178104;8.714661;0.4689172;0.0;4983.8213;6273.5933;-1822.0303;6591.5864;-1855.9689;-1011.82776
1983-05-24;7.6345825;1.7714945;-0.10927836;749.78973;1.0515065;129.66908;0.44628906;0.00019288063;450.0;0.44759116;2.7838647;-2.9711761;0.5989969;8.45009;7.851109;0.18856302;0.0;5588.5483;7009.86;-2004.5272;6395.245;-2063.9912;-1085.2222
1983-05-25;7.846334;3.506602;-0.052928925;750.17065;1.0226421;138.14922;0.1752116;7.589658e-05;450.0;-7.345365e-21;4.6621113;-2.6760204;0.9455085;8.082673;7.13715;0.07368997;0.0;5164.021;6463.6636;-1871.695;6554.9434;-1858.9366;-1034.7544
1983-05-26;8.548828;4.1250205;-0.11437988;751.9641;1.0191365;101.842804;0.067871094;2.9563904e-05;433.98047;-7.345365e-21;2.472061;-2.672879;0.4531741;6.993026;6.539889;0.029623508;0.0;5192.342;6489.6436;-1921.7411;6553.202;-1856.7561;-1016.9489
1983-05-27;9.665619;1.1621908;-0.09340414;752.3003;1.1912519;116.81489;0.025065104;1.0967255e-05;428.49088;-7.345365e-21;0.0;-3.7936325;0.002592802;6.032467;6.029874;0.01225993;0.0;6561.84;8191.4165;-2453.8694;6086.4155;-2635.3123;-1103.9388
1983-05-28;7.5564675;1.4259237;-0.18722916;749.81647;1.2300936;95.14222;0.008951823;4.092852e-06;428.09375;-7.345365e-21;4.3722715;-2.7237144;0.72807074;6.318018;5.5899544;0.0037290156;0.0;5470.4717;6821.601;-2100.3743;6238.812;-1892.0745;-1271.4523
1983-05-29;8.399648;0.3327128;-0.20679347;746.789;1.254302;104.924164;0.0037434895;1.66893e-06;428.09375;-7.345365e-21;0.23187995;-3.6505022;0.032290816;5.238414;5.206123;0.0016205013;0.0;6160.32;7673.2524;-2300.0498;6163.691;-2535.8833;-952.3678
1983-05-30;8.932729;1.9659933;-0.036744434;749.2605;1.2221014;113.16387;0.0010579427;4.7683716e-07;428.09375;-7.345365e-21;0.627625;-3.5437775;0.081166625;4.946947;4.865773;0.0006146729;0.0;6234.892;7757.9487;-2058.3647;6511.493;-2461.7444;-1245.7522
1983-05-31;10.021861;2.1962483;0.010111491;752.5691;1.4024616;137.89752;0.0;-7.3453654e-25;428.09375;-7.345365e-21;0.17542541;-3.4492939;0.020608306;4.5841484;4.563533;0.00019744039;0.0;5894.512;7326.778;-2092.1304;6516.351;-2396.11;-1092.8389
1983-06-01;10.819234;-0.614034;-2.8509457;754.427;1.4903027;142.76245;0.0;-7.3453654e-25;282.33627;-7.345365e-21;0.00044107434;-3.9724298;5.9604645e-05;4.292041;4.2919965;6.3329935e-05;0.0;6662.134;8272.096;-2473.544;6133.902;-2759.5144;-1116.4122
1983-06-02;11.511088;-0.9371338;-2.6727448;753.1443;1.1199837;89.60398;0.0;-7.3453654e-25;116.668274;-7.345365e-21;0.03429651;-3.917546;0.0037550926;4.050076;4.046321;2.6077032e-05;0.0;6559.2637;8135.68;-2441.5854;6283.395;-2721.3877;-908.74335
1983-06-03;11.457408;1.762858;-0.046082813;751.9263;1.0957767;102.99753;0.0;-7.3453654e-25;101.64679;-7.345365e-21;1.3513088;-3.207054;0.16763806;3.9925277;3.8248599;3.7252903e-06;0.0;5510.8535;6828.067;-1978.5723;6802.5474;-2227.8333;-927.6389
1983-06-04;12.29774;1.8833618;-0.09439977;753.46844;1.4210902;120.688255;0.0;-7.3453654e-25;100.05076;-7.345365e-21;0.41207075;-3.4002056;0.04249811;3.6667733;3.6242976;0.0;0.0;5869.2744;7264.4946;-2203.584;6560.658;-2362.01;-1045.7378
1983-06-05;12.189484;2.0077312;-0.00945282;754.58057;1.2763335;149.70338;0.0;-7.3453654e-25;100.00974;-7.345365e-21;0.62454045;-3.2646666;0.059872866;3.5007148;3.4408495;0.0;0.0;5505.318;6806.8335;-1947.1409;6860.0693;-2267.8545;-815.5278
1983-06-06;12.279602;1.6924032;0.009644826;751.00146;1.6107364;215.96375;0.0;-7.3453654e-25;100.00519;-7.345365e-21;0.3864572;-3.8817916;0.041246414;3.3139884;3.2727346;0.0;0.0;6511.8135;8042.891;-2391.2644;6431.2026;-2696.5522;-1175.8656
1983-06-07;10.6258545;-0.8015137;0.010080974;749.8326;1.3130201;198.14128;0.0;-7.3453654e-25;99.99998;-7.345365e-21;0.0;-3.5156906;0.0;3.1173825;3.1173825;0.0;0.0;6856.3726;8459.58;-2761.7375;5872.399;-2442.2334;-1477.3545
1983-06-08;9.9218445;-0.21152751;0.0100695295;750.8055;1.2531646;131.93169;0.0;-7.3453654e-25;99.99998;-7.345365e-21;0.0026047227;-3.1462517;0.00022351742;2.9744804;2.974242;0.0;0.0;6327.7056;7798.9834;-2475.2966;6167.8135;-2185.5955;-1395.4645
1983-06-09;10.605449;0.69259644;0.0099983215;750.61334;1.1603583;117.067726;0.0;-7.3453654e-25;99.99998;-7.345365e-21;0.0017106531;-3.207989;0.00014156103;2.8419719;2.8418303;0.0;0.0;6620.1094;8150.88;-2578.0645;6189.9355;-2228.4822;-1449.4078
1983-06-10;10.766734;1.7917175;0.009900411;750.1414;1.3133041;130.8594;0.0;-7.3453654e-25;99.99998;-7.345365e-21;0.354949;-2.8676465;0.028803945;2.7479827;2.7191863;0.0;0.0;6207.1426;7634.4756;-2298.19;6532.979;-1992.0583;-1511.4144
1983-06-11;11.389394;-0.44940186;0.010119121;749.5347;1.5575069;141.5296;0.0;-7.3453654e-25;99.99998;-7.345365e-21;0.08702509;-3.0915234;0.0069737434;2.6120992;2.6051328;0.0;0.0;6608.4756;8119.57;-2554.3855;6300.5684;-2147.5789;-1576.3522
1983-06-12;10.064799;0.6456909;0.009941101;748.6074;1.0729853;133.41959;0.0;-7.3453654e-25;99.99998;-7.345365e-21;1.1355015;-2.5513265;0.09834021;2.5973618;2.4990215;0.0;0.0;5546.5913;6807.76;-2242.9407;6570.5557;-1772.3212;-1373.4689
1983-06-13;11.037129;0.3674113;0.010133107;752.2695;1.2923945;193.00124;0.0;-7.3453654e-25;99.99998;-7.345365e-21;0.0;-2.9885843;0.0;2.3999662;2.3999512;0.0;0.0;6824.777;8367.8545;-2744.7178;6118.5967;-2076.07;-1665.1378
1983-06-14;12.514537;-0.18774414;0.00972112;754.6328;1.1893381;160.16127;0.0;-7.3453654e-25;99.99998;-7.345365e-21;0.0012934206;-2.9760842;9.685755e-05;2.3065062;2.3064165;0.0;0.0;6926.83;8484.187;-2934.9978;6049.658;-2067.3855;-1522.5677
1983-06-15;14.384511;0.06865438;0.010154724;754.7563;1.1940359;148.34517;0.0;-7.3453654e-25;99.99998;-7.345365e-21;0.00044107434;-2.9799175;2.9802322e-05;2.2183955;2.2183805;0.0;0.0;6938.3794;8489.484;-3007.3032;6170.266;-2070.0488;-1357.0377
1983-06-16;15.606567;0.23817952;0.010138194;754.4344;1.1757897;128.26486;0.0;-7.3453654e-25;99.99998;-7.345365e-21;0.00085611216;-2.8682444;5.9604645e-05;2.1354854;2.1354258;0.0;0.0;6943.237;8494.328;-3048.185;6293.44;-1992.4745;-1367.3989
1983-06-17;15.899872;-1.2842712;0.009977977;753.30634;1.4227611;148.78117;0.0;-7.3453654e-25;99.99998;-7.345365e-21;0.0012993806;-2.6883316;8.940697e-05;2.057314;2.0572395;0.0;0.0;6946.812;8497.603;-3097.5742;6336.115;-1867.4956;-1480.2067
1983-06-18;15.387248;-2.470164;0.010181427;752.1757;1.2483779;137.1975;0.0;-7.3453654e-25;99.99998;-7.345365e-21;0.0012844794;-2.4378383;8.940697e-05;1.9834936;1.9834042;0.0;0.0;7000.21;8561.795;-3246.9307;6182.243;-1693.4856;-1626.0734
1983-06-19;15.169993;-4.426371;0.009738922;750.5506;1.2703097;129.0393;0.0;-7.3453654e-25;99.99998;-7.345365e-21;0.00043511385;-2.2087953;2.9802322e-05;1.9137114;1.9136816;0.0;0.0;7054.0107;8626.498;-3380.861;5997.912;-1534.3767;-1764.8345
1983-06-20;14.665965;-3.3867085;0.009824117;750.5359;1.2244587;191.13373;0.0;-7.3453654e-25;99.99998;-7.345365e-21;0.00085854245;-2.004047;5.9604645e-05;1.8479079;1.8478558;0.0;0.0;6907.271;8445.951;-3252.601;6119.4688;-1392.1444;-1848.2256
1983-06-21;13.891866;-2.388621;0.009894053;749.67847;1.4106674;174.38232;0.0;-7.3453654e-25;99.99998;-7.345365e-21;0.0008523463;-1.8467661;5.9604645e-05;1.7856956;1.7856286;0.0;0.0;6960.5864;8510.045;-3176.4495;6172.7656;-1282.8867;-2149.6055
1983-06-22;12.225026;-0.8341878;0.009969075;747.9614;1.5038189;143.69469;0.0;-7.3453654e-25;99.99998;-7.345365e-21;0.11934638;-1.5272964;0.007763505;1.7347336;1.726985;0.0;0.0;6429.3403;7859.461;-2772.1277;6434.519;-1060.961;-2318.641
1983-06-23;12.292134;0.10496012;0.009848277;749.99054;1.3690845;145.69106;0.0;-7.3453654e-25;99.99998;-7.345365e-21;0.00044107434;-1.6730167;2.9802322e-05;1.6714633;1.6714334;0.0;0.0;6849.9795;8372.586;-3012.4517;6285.488;-1162.1888;-2349.8445
1983-06-24;13.13683;0.19874065;0.009892781;750.31226;1.24142;131.38835;0.0;-7.3453654e-25;99.99998;-7.345365e-21;0.018119812;-1.6230326;0.0011771917;1.6196668;1.6184971;0.0;0.0;6639.003;8113.669;-2924.213;6465.249;-1127.4678;-2167.2788
1983-06-25;13.733459;-0.14338176;0.009990692;749.07666;1.3552632;151.12529;0.0;-7.3453654e-25;99.99998;-7.345365e-21;0.04657507;-1.5992848;0.0030100346;1.5711486;1.5681237;0.0;0.0;6745.3623;8242.526;-3005.6086;6441.1826;-1110.97;-2256.4766
1983-06-26;12.762736;0.0033772786;0.010040283;748.73114;1.3285533;188.84935;0.0;-7.3453654e-25;99.99998;-7.345365e-21;0.002579315;-1.3899478;0.00014901161;1.5205592;1.5203953;0.0;0.0;6427.149;7852.676;-2834.1206;6453.9956;-965.55;-2372.939
1983-06-27;12.682729;0.38815308;0.01035436;748.0262;1.3663468;121.69811;0.0;-7.3453654e-25;99.99998;-7.345365e-21;0.0008612871;-1.4487077;5.9604645e-05;1.4750063;1.4749691;0.0;0.0;6613.403;8079.11;-2902.9258;6469.8433;-1006.3689;-2371.1367
1983-06-28;11.41512;0.8149719;0.010059357;747.86554;1.2704198;105.686066;0.0;-7.3453654e-25;99.99998;-7.345365e-21;0.66798925;-1.3366798;0.039622188;1.4715791;1.4319494;0.0;0.0;5959.91;7279.81;-2573.2605;6671.8013;-928.5467;-2212.6145
1983-06-29;12.371724;1.5766703;0.009994507;749.9533;1.2060368;99.19198;0.0;-7.3453654e-25;99.99998;-7.345365e-21;0.23265491;-1.533892;0.013753772;1.4047772;1.3910234;0.0;0.0;6261.4556;7647.191;-2638.465;6751.169;-1065.5433;-2162.2356
1983-06-30;14.143666;1.9877523;0.0100695295;753.1455;1.0404842;84.756935;0.0;-7.3453654e-25;99.99998;-7.345365e-21;0.00044107434;-1.6696724;2.9802322e-05;1.3514459;1.3514235;0.0;0.0;6702.161;8184.513;-2995.8784;6627.5513;-1159.8656;-2072.5388
1983-07-01;16.16625;2.0895588;0.009774526;753.8995;1.2044637;78.38058;0.0;-7.3453654e-25;99.99998;-7.345365e-21;0.0017106531;-1.608437;0.00010430813;1.3133585;1.3132542;0.0;0.0;6827.9688;8337.096;-3103.8494;6715.539;-1117.3289;-2055.291
1983-07-02;17.255148;1.3634542;0.009821574;751.2718;1.2683535;93.79691;0.0;-7.3453654e-25;99.99998;-7.345365e-21;0.001013279;-1.5434176;5.9604645e-05;1.2767017;1.276657;0.0;0.0;6731.6357;8218.388;-3139.9443;6804.718;-1072.16;-2006.4667
1983-07-03;17.2111;-0.56919354;0.009873708;749.21313;1.340166;140.31404;0.0;-7.3453654e-25;99.99998;-7.345365e-21;0.0008476066;-1.4855638;5.9604645e-05;1.2415946;1.2415498;0.0;0.0;6935.761;8466.479;-3371.6895;6520.1387;-1031.9711;-2187.4622
1983-07-04;18.075317;-2.9312031;0.010241191;749.8086;1.1504374;157.75954;0.0;-7.3453654e-25;99.99998;-7.345365e-21;0.0008702277;-1.4871275;4.4703484e-05;1.2079775;1.2079403;0.0;0.0;7112.5337;8681.191;-3701.7375;6188.569;-1033.0566;-1933.8567
1983-07-05;16.878489;-2.8300068;0.010032654;749.6672;1.3994681;180.95851;0.0;-7.3453654e-25;99.99998;-7.345365e-21;0.0;-1.3443567;0.0;1.175791;1.1758059;0.0;0.0;7089.5903;8652.104;-3615.7;6139.149;-933.88;-2231.6655
1983-07-06;15.419261;-2.0360413;0.010210673;749.1435;1.2293121;170.8927;0.0;-7.3453654e-25;99.99998;-7.345365e-21;0.0025668533;-1.2719389;0.00013411045;1.1451542;1.1450126;0.0;0.0;7074.754;8632.875;-3509.6033;6150.817;-883.5733;-2352.5144
1983-07-07;14.519185;0.49994913;0.009928386;749.427;1.2138296;125.11236;0.0;-7.3453654e-25;99.99998;-7.345365e-21;0.14610887;-1.1238307;0.008270144;1.1238903;1.1156201;0.0;0.0;6254.2705;7630.5723;-2877.8105;6738.53;-780.6889;-2258.0623
1983-07-08;15.550029;0.96617633;0.009775798;750.61206;1.2270409;139.78;0.0;-7.3453654e-25;99.99998;-7.345365e-21;0.028979778;-1.1526672;0.0013113022;1.0888726;1.0875463;0.0;0.0;6046.207;7375.7944;-2818.2996;6872.8643;-800.72;-2122.959
1983-07-09;16.46222;-1.058909;0.010304769;752.4651;1.3549117;174.51172;0.0;-7.3453654e-25;99.99998;-7.345365e-21;0.00043511385;-1.2652352;2.9802322e-05;1.0603964;1.0603815;0.0;0.0;6893.54;8408.441;-3250.8516;6569.9834;-878.9167;-2383.6223
1983-07-10;17.682861;-1.0101827;0.010332744;754.5432;1.3067087;161.0068;0.0;-7.3453654e-25;99.99998;-7.345365e-21;0.0017230759;-1.2902617;0.00010430813;1.0341406;1.0340288;0.0;0.0;6911.555;8429.385;-3309.2043;6695.9795;-896.3011;-2168.53
1983-07-11;18.788279;-2.3469646;0.010140737;754.83545;1.2602302;96.27945;0.0;-7.3453654e-25;99.99998;-7.345365e-21;0.00086487416;-1.3029687;5.2154064e-05;1.0086447;1.0085851;0.0;0.0;6915.894;8433.559;-3444.1863;6684.9814;-905.1289;-2103.5645
1983-07-12;19.219055;-2.4971821;0.010052999;753.28174;1.417491;94.53177;0.0;-7.3453654e-25;99.99998;-7.345365e-21;0.0012882019;-1.275545;7.4505806e-05;0.9841472;0.9840727;0.0;0.0;6914.6978;8430.97;-3451.205;6725.9434;-886.0789;-2114.07
1983-07-13;19.427652;-2.8519185;0.010155995;751.4112;1.3378782;129.22156;0.0;-7.3453654e-25;99.99998;-7.345365e-21;0.00086426723;-1.2459531;5.9604645e-05;0.96049905;0.9604469;0.0;0.0;6937.4927;8457.676;-3481.8367;6707.189;-865.52167;-2172.8455
1983-07-14;18.803122;-2.7084553;0.009718577;751.0584;1.2621223;122.89294;0.0;-7.3453654e-25;99.99998;-7.345365e-21;0.0012877426;-1.1990666;5.9604645e-05;0.9377897;0.9377152;0.0;0.0;7018.528;8555.418;-3654.3384;6454.1235;-832.9533;-2162.37
1983-07-15;20.17637;-3.0612183;0.009916942;751.9209;1.384375;96.22173;0.0;-7.3453654e-25;99.99998;-7.345365e-21;0.0008523463;-1.1953487;4.4703484e-05;0.91585517;0.91582537;0.0;0.0;7016.817;8552.222;-3682.8232;6534.654;-830.3689;-2011.8534
1983-07-16;21.869873;-2.9866638;0.009894053;752.6829;1.4195127;152.99129;0.0;-7.3453654e-25;99.99998;-7.345365e-21;0.0012715108;-1.2118183;5.9604645e-05;0.8947849;0.8947179;0.0;0.0;6897.0107;8404.276;-3450.8198;7003.9565;-841.81;-2010.7522
1983-07-17;22.034882;-0.47683716;0.009958903;752.8829;1.4371768;129.35272;0.0;-7.3453654e-25;99.99998;-7.345365e-21;0.001731676;-1.2030284;8.940697e-05;0.87437034;0.8742809;0.0;0.0;6778.697;8258.253;-3328.619;7234.3735;-835.70447;-2073.179
1983-07-18;21.830362;-2.2545674;0.00969696;752.3244;1.3611928;143.2028;0.0;-7.3453654e-25;99.99998;-7.345365e-21;0.00042617318;-1.1581742;2.9802322e-05;0.854522;0.8544922;0.0;0.0;6851.4297;8344.974;-3461.7114;7016.6724;-804.54443;-2203.4478
1983-07-19;19.456553;-4.3637595;0.009765625;749.67926;1.3883824;237.40178;0.0;-7.3453654e-25;99.99998;-7.345365e-21;0.0;-1.025524;0.0;0.8355081;0.8354932;0.0;0.0;6929.6704;8438.479;-3578.0637;6543.8267;-712.39777;-2439.5234
1983-07-20;17.451792;-1.5668234;0.009920756;747.52106;1.270312;138.50005;0.0;-7.3453654e-25;99.99998;-7.345365e-21;0.0017339716;-1.0005106;8.940697e-05;0.8171946;0.8171052;0.0;0.0;6795.917;8273.653;-3303.554;6725.0645;-695.0211;-2503.939
1983-07-21;15.547008;0.6385905;0.00995636;746.82513;1.3880138;133.78755;0.0;-7.3453654e-25;99.99998;-7.345365e-21;0.043559074;-0.8508768;0.0023841858;0.8018315;0.7994473;0.0;0.0;6320.5327;7693.217;-2971.9077;6830.0776;-591.07556;-2625.4844
1983-07-22;16.212555;-0.07675171;0.009976705;747.9492;1.314586;133.18333;0.0;-7.3453654e-25;99.99998;-7.345365e-21;0.00044107434;-0.93127227;2.9802322e-05;0.7824302;0.7824153;0.0;0.0;6505.126;7916.2134;-3081.7034;6810.824;-646.92334;-2488.9534
1983-07-23;16.324636;-0.30205283;0.009897868;749.4297;1.3245009;133.6376;0.0;-7.3453654e-25;99.99998;-7.345365e-21;0.0012814989;-0.8879118;7.4505806e-05;0.7659793;0.7659197;0.0;0.0;6585.061;8011.633;-3149.5;6705.136;-616.80225;-2638.9023
1983-07-24;16.66749;-0.99973553;0.010112762;748.9907;1.22523;118.82856;0.0;-7.3453654e-25;99.99998;-7.345365e-21;0.0;-0.9566266;0.0;0.74987113;0.74987113;0.0;0.0;6855.2344;8338.466;-3401.7656;6548.473;-664.5367;-2444.679
1983-07-25;17.706717;2.1247253;0.009924571;748.0378;1.3257192;94.22489;0.0;-7.3453654e-25;99.99998;-7.345365e-21;0.0;-0.9481106;0.0;0.7342696;0.7342696;0.0;0.0;6617.7847;8047.731;-3173.1716;6928.9478;-658.6211;-2364.7466
1983-07-26;17.191507;0.79678345;0.010154724;745.749;1.4699626;145.42668;0.0;-7.3453654e-25;99.99998;-7.345365e-21;0.001888121;-0.89178795;8.940697e-05;0.71927905;0.71917474;0.0;0.0;6632.3076;8063.5225;-3212.3193;6779.8345;-619.49554;-2614.38
1983-07-27;15.721252;-2.7056477;0.009867351;744.8347;1.5485462;178.53175;0.0;-7.3453654e-25;99.99998;-7.345365e-21;0.0017106531;-0.8358676;8.940697e-05;0.7047504;0.704661;0.0;0.0;6798.562;8264.042;-3353.9802;6393.4976;-580.65;-2727.7766
1983-07-28;13.599446;-2.9084473;0.009895325;745.58246;1.6950874;219.96306;0.0;-7.3453654e-25;99.99998;-7.345365e-21;0.0017132824;-0.7513147;8.940697e-05;0.69078803;0.6906986;0.0;0.0;6763.2305;8219.281;-3276.5173;6217.77;-521.9128;-2932.281
1983-07-29;13.108012;-3.6114502;0.009805043;747.5405;1.287779;195.5025;0.0;-7.3453654e-25;99.99998;-7.345365e-21;0.00129625;-0.783137;7.4505806e-05;0.677228;0.67715347;0.0;0.0;6757.6865;8210.692;-3331.2605;6161.08;-544.01886;-2757.0884
1983-07-30;13.789571;-1.901713;0.009947459;750.7373;1.3360866;159.82515;0.0;-7.3453654e-25;99.99998;-7.345365e-21;0.0017046923;-0.7805303;8.940697e-05;0.66411495;0.66401064;0.0;0.0;6680.707;8115.3516;-3228.2417;6337.77;-542.20886;-2702.4146
1983-07-31;16.565023;-3.3046162;0.010077159;752.52814;1.2670166;84.73344;0.0;-7.3453654e-25;99.99998;-7.345365e-21;0.0008594999;-0.8996837;4.4703484e-05;0.65121055;0.65115094;0.0;0.0;6766.7285;8217.998;-3441.1128;6462.8135;-624.98;-2256.8367
1983-08-01;19.29184;4.512329;0.009783427;751.5742;1.3817945;84.1274;0.0;-7.3453654e-25;99.99998;-7.345365e-21;0.00011920929;-0.8992013;0.0;0.63857436;0.63857436;0.0;0.0;6452.3794;7834.403;-2930.5762;7357.4453;-624.64557;-2277.351
1983-08-02;19.76893;3.082428;0.009863536;749.67285;1.3674887;109.06913;0.0;-7.3453654e-25;99.99998;-7.345365e-21;0.002147749;-0.90293217;0.00010430813;0.6264448;0.6263256;0.0;0.0;6535.761;7933.9043;-3264.1646;7044.406;-627.2367;-2355.5112
1983-08-03;18.385956;-1.4976095;0.00970459;748.1799;1.3550929;115.04452;0.0;-7.3453654e-25;99.99998;-7.345365e-21;0.0012844794;-0.8750018;7.4505806e-05;0.6145239;0.6144643;0.0;0.0;6707.206;8140.217;-3499.5122;6589.5234;-607.8345;-2336.9844
1983-08-04;17.033731;1.0409851;0.009797414;747.1058;1.4693457;115.89224;0.0;-7.3453654e-25;99.99998;-7.345365e-21;0.030091405;-0.8056993;0.0012367964;0.604257;0.6030202;0.0;0.0;6229.789;7558.863;-3011.6233;6981.213;-559.69336;-2374.7922
1983-08-05;17.011993;2.7894695;0.009991963;748.1077;1.3270564;99.7542;0.0;-7.3453654e-25;99.99998;-7.345365e-21;0.0021515542;-0.8000331;0.00011920929;0.59202313;0.5919039;0.0;0.0;6181.915;7499.323;-2871.0732;7225.004;-555.75665;-2429.4944
1983-08-06;17.57608;1.8211161;0.009824117;748.92535;1.2805405;107.81537;0.0;-7.3453654e-25;99.99998;-7.345365e-21;0.00087022776;-0.789091;5.9604645e-05;0.5811453;0.5811006;0.0;0.0;6124.0176;7427.516;-3046.5908;7025.0146;-548.1556;-2249.959
1983-08-07;17.643148;2.1397603;0.0096918745;751.0237;1.3512259;152.54854;0.0;-7.3453654e-25;99.99998;-7.345365e-21;0.0025182944;-0.7485133;0.00011920929;0.5707592;0.57063997;0.0;0.0;5995.7354;7270.258;-3014.8303;6969.012;-519.9667;-2277.72
1983-08-08;17.296143;-3.4003906;0.01012675;751.9056;1.3532497;113.62711;0.0;-7.3453654e-25;99.99998;-7.345365e-21;0.0;-0.79398507;0.0;0.5604476;0.5604476;0.0;0.0;6666.993;8082.346;-3551.5698;6362.471;-551.55554;-2425.8755
1983-08-09;17.770926;-3.577647;0.009887695;751.0284;1.2980329;85.956055;0.0;-7.3453654e-25;99.99998;-7.345365e-21;0.0012844794;-0.8215066;7.4505806e-05;0.5505532;0.5505085;0.0;0.0;6644.7676;8053.6855;-3500.9126;6499.8833;-570.67224;-2163.869
1983-08-10;19.549368;3.2753398;0.009808858;749.1477;1.3155257;119.023506;0.0;-7.3453654e-25;99.99998;-7.345365e-21;0.00084638095;-0.8176928;4.4703484e-05;0.54080784;0.5407706;0.0;0.0;6492.0376;7866.842;-3337.4656;6880.4946;-568.0244;-2233.8
1983-08-11;20.356354;-3.9408367;0.009881337;748.6238;1.2226593;219.5128;0.0;-7.3453654e-25;99.99998;-7.345365e-21;0.002157688;-0.78626347;0.00011920929;0.5314648;0.5313605;0.0;0.0;6342.161;7683.5215;-3398.179;6814.23;-546.1911;-2040.4266
1983-08-12;19.931488;-4.0224915;0.009694417;750.5275;1.2328787;204.85907;0.0;-7.3453654e-25;99.99998;-7.345365e-21;0.0012814989;-0.7761754;5.9604645e-05;0.5223155;0.5222559;0.0;0.0;6347.186;7687.9707;-3369.9705;6808.6064;-539.18335;-2162.4277
1983-08-13;18.69221;-4.2411804;0.010088603;751.08185;1.3061398;241.36707;0.0;-7.3453654e-25;99.99998;-7.345365e-21;0.00086447544;-0.75396615;2.9802322e-05;0.5134046;0.5133748;0.0;0.0;6508.7363;7881.8535;-3584.8306;6427.9683;-523.75446;-2232.8745
1983-08-14;17.786264;-4.3760986;0.009984334;751.03314;1.2550684;170.70787;0.0;-7.3453654e-25;99.99998;-7.345365e-21;0.00085829356;-0.74418074;4.4703484e-05;0.50476193;0.5047023;0.0;0.0;6575.5645;7961.0073;-3743.837;6154.3057;-516.95776;-2198.331
1983-08-15;17.385132;-5.2240195;0.010041554;751.38354;1.2844834;103.450226;0.0;-7.3453654e-25;99.99998;-7.345365e-21;0.00044107434;-0.7358175;2.9802322e-05;0.49629807;0.49626827;0.0;0.0;6635.598;8031.908;-3810.9072;6036.959;-511.14777;-2090.14
1983-08-16;18.635782;-4.266703;0.009922028;752.0401;1.3027446;84.67458;0.0;-7.3453654e-25;99.99998;-7.345365e-21;0.0008523463;-0.7702522;4.4703484e-05;0.48805773;0.48802048;0.0;0.0;6506.386;7874.515;-3635.488;6415.4688;-535.0689;-1969.6589
1983-08-17;19.768667;4.356649;0.009929657;753.09064;1.3761592;84.217636;0.0;-7.3453654e-25;99.99998;-7.345365e-21;0.0;-0.75151396;0.0;0.4799664;0.4799515;0.0;0.0;6196.5576;7498.6504;-3188.4438;7073.6597;-522.05225;-2037.2644
1983-08-18;20.289724;1.0552572;0.00977834;752.8012;1.3520937;164.632;0.0;-7.3453654e-25;99.99998;-7.345365e-21;0.00087146036;-0.7561967;4.4703484e-05;0.4720986;0.4720688;0.0;0.0;6251.7783;7564.5576;-3362.079;6909.263;-525.30444;-2084.7166
1983-08-19;19.685007;-2.480957;0.0101674395;751.6001;1.386861;112.17147;0.0;-7.3453654e-25;99.99998;-7.345365e-21;0.0008523463;-0.72814894;4.4703484e-05;0.4644543;0.46441704;0.0;0.0;6328.352;7656.2915;-3446.2766;6702.867;-505.8211;-2144.531
1983-08-20;17.777578;-1.9782715;0.00976181;749.273;1.321407;176.5998;0.0;-7.3453654e-25;99.99998;-7.345365e-21;0.001296;-0.68631023;5.9604645e-05;0.45704842;0.45698136;0.0;0.0;6303.8213;7625.6934;-3439.2234;6509.906;-476.7561;-2292.4778
1983-08-21;16.914001;-2.4264019;0.009789784;748.6052;1.2368137;166.14015;0.0;-7.3453654e-25;99.99998;-7.345365e-21;0.00087022776;-0.6713504;4.4703484e-05;0.44977665;0.44973195;0.0;0.0;6362.793;7696.1313;-3579.048;6225.4062;-466.36444;-2203.3345
1983-08-22;16.087454;-4.1782227;0.009890239;748.78534;1.2844191;137.9059;0.0;-7.3453654e-25;99.99998;-7.345365e-21;0.0012934206;-0.6499458;5.9604645e-05;0.4427433;0.4426837;0.0;0.0;6347.0444;7676.158;-3583.563;6110.0537;-451.49554;-2226.5933
1983-08-23;15.605957;-2.3531494;0.01025645;749.354;1.1880997;115.56113;0.0;-7.3453654e-25;99.99998;-7.345365e-21;0.00086283433;-0.64057297;2.9802322e-05;0.43582916;0.43578446;0.0;0.0;6231.2;7535.026;-3379.0042;6291.656;-444.98557;-2261.186
1983-08-24;13.922109;-1.0091553;0.009831746;748.6757;1.3221463;127.95969;0.0;-7.3453654e-25;99.99998;-7.345365e-21;0.00091791153;-0.5715117;2.9802322e-05;0.42912364;0.42909384;0.0;0.0;5865.3975;7091.714;-2933.1045;6607.1973;-397.0111;-2446.89
1983-08-25;12.585815;-0.8682658;0.010303497;747.894;1.4848204;126.15759;0.0;-7.3453654e-25;99.99998;-7.345365e-21;0.23014545;-0.572538;0.010117888;0.43284893;0.42271614;0.0;0.0;5181.037;6263.472;-2569.3506;6756.708;-397.72333;-2238.2068
1983-08-26;12.983134;1.1672262;0.010180156;748.634;1.1453949;112.65035;0.0;-7.3453654e-25;99.99998;-7.345365e-21;0.0012844794;-0.5573016;5.9604645e-05;0.41654706;0.4164949;0.0;0.0;5180.405;6261.8774;-2627.66;6808.007;-387.1389;-2098.2334
1983-08-27;13.071716;-0.3720398;0.010070801;747.34985;1.2144214;153.54697;0.0;-7.3453654e-25;99.99998;-7.345365e-21;0.0;-0.5819276;0.0;0.41033328;0.41034818;0.0;0.0;5754.3687;6954.9546;-2989.972;6434.7705;-404.24667;-2312.19
1983-08-28;12.223297;-5.252472;0.0099652605;746.15594;1.3883508;235.95233;0.0;-7.3453654e-25;99.99998;-7.345365e-21;0.0053346157;-0.5120821;0.00025331974;0.40459633;0.4043579;0.0;0.0;5800.4863;7010.132;-3023.1567;6168.5283;-355.72665;-2402.4722
1983-08-29;8.86734;3.1302898;0.009927114;749.34564;1.0170411;100.85721;0.0;-7.3453654e-25;99.99998;-7.345365e-21;6.99307;-1.1581537;0.4092455;0.80806017;0.39881468;0.0;0.0;3565.6423;4308.7295;-1827.5995;6853.98;-804.5311;-1351.2988
1983-08-30;10.095561;2.5230815;0.009811401;750.8701;1.1562288;72.06519;0.0;-7.3453654e-25;99.99998;-7.345365e-21;0.33620596;-1.642284;0.015765429;0.4092753;0.39349496;0.0;0.0;4500.7134;5437.886;-2034.4558;6798.344;-1140.84;-1381.1533
1983-08-31;12.063548;2.525116;0.010128021;752.3704;1.1666484;85.01234;0.0;-7.3453654e-25;99.99998;-7.345365e-21;0.0026113656;-1.7115352;0.00013411045;0.38817525;0.38804114;0.0;0.0;5240.3457;6330.746;-2308.7385;6825.6665;-1188.9467;-1616.9497
1983-09-01;13.546529;2.9754333;0.01010259;754.1113;1.1086783;60.779358;0.0;-7.3453654e-25;99.99998;-7.345365e-21;0.0045031304;-1.6325889;0.00016391277;0.38276613;0.38259476;0.0;0.0;5586.0107;6747.6665;-2678.7043;6615.5977;-1134.105;-1571.4333
1983-09-02;14.698029;1.3888448;0.009864807;752.4841;1.1282066;66.316376;0.0;-7.3453654e-25;99.99998;-7.345365e-21;0.0012397766;-1.4155228;5.9604645e-05;0.3772676;0.3772229;0.0;0.0;5487.1655;6627.5273;-2719.0125;6698.3877;-983.3161;-1519.2805
1983-09-03;14.984416;0.6283366;0.010111491;751.04486;1.1179725;108.98368;0.0;-7.3453654e-25;99.99998;-7.345365e-21;0.04426539;-1.0799766;0.0019967556;0.37400424;0.37200004;0.0;0.0;5106.6963;6167.1313;-2670.6282;6789.45;-750.2233;-1542.0433
1983-09-04;14.065155;1.0572001;0.009961446;750.06256;1.3012593;168.51566;0.0;-7.3453654e-25;99.99998;-7.345365e-21;0.0004351138;-0.862401;1.4901161e-05;0.3669113;0.3668815;0.0;0.0;5605.2847;6768.371;-2915.7039;6460.7266;-599.0822;-2013.8256
1983-09-05;14.197093;-0.767863;0.00990804;750.4434;1.1725179;191.30652;0.0;-7.3453654e-25;99.99998;-7.345365e-21;0.0017078765;-0.73636883;8.940697e-05;0.3619492;0.36186725;0.0;0.0;5713.1377;6897.9;-3097.0083;6285.7446;-511.5311;-1939.4734
1983-09-06;14.153676;-0.827301;0.010278066;750.1372;1.1801188;151.89168;0.0;-7.3453654e-25;99.99998;-7.345365e-21;0.0008642673;-0.6605471;4.4703484e-05;0.35697222;0.3569275;0.0;0.0;5647.2163;6817.479;-3091.421;6337.344;-458.86;-1932.11
1983-09-07;14.942403;-0.369812;0.010142009;749.05927;1.191296;137.63536;0.0;-7.3453654e-25;99.99998;-7.345365e-21;0.0029563904;-0.60469097;0.00014901161;0.35226345;0.352107;0.0;0.0;5297.2466;6394.271;-2843.9624;6662.703;-420.05777;-1778.96
1983-09-08;13.966919;0.67870075;0.010059357;749.6333;1.2263974;135.22968;0.0;-7.3453654e-25;99.99998;-7.345365e-21;0.0017073562;-0.52473974;8.940697e-05;0.34749508;0.34743547;0.0;0.0;5267.7207;6357.825;-2740.798;6664.798;-364.52;-2100.3433
1983-09-09;14.4166765;1.234375;0.010101318;750.384;1.2024125;122.706215;0.0;-7.3453654e-25;99.99998;-7.345365e-21;0.0017172579;-0.56173;8.940697e-05;0.34290552;0.34282357;0.0;0.0;5390.1323;6504.7944;-2983.5884;6471.365;-390.215;-1908.6145
1983-09-10;13.468231;-0.5177104;0.010025024;749.51447;1.4103931;92.440956;0.0;-7.3453654e-25;99.99998;-7.345365e-21;0.0008583069;-0.5412297;2.9802322e-05;0.33834577;0.33830106;0.0;0.0;5465.6743;6595.1006;-3046.1208;6290.9087;-375.97446;-1914.6622
1983-09-11;13.399159;3.2748005;0.009990692;750.1121;1.3969761;43.184387;0.0;-7.3453654e-25;99.99998;-7.345365e-21;0.00091493124;-0.4953295;4.4703484e-05;0.33396482;0.33390522;0.0;0.0;5136.3433;6196.8916;-2757.6396;6605.989;-344.0889;-1927.0222
1983-09-12;13.890187;0.14724731;0.009936015;750.12134;1.1601812;121.67974;0.0;-7.3453654e-25;99.99998;-7.345365e-21;0.027482742;-0.5184822;0.001385808;0.3309846;0.32959878;0.0;0.0;5118.3574;6174.667;-2821.451;6582.51;-360.1722;-1763.8611
1983-09-13;11.791707;1.0540262;0.009951274;750.2947;1.1450628;88.18402;0.0;-7.3453654e-25;99.99998;-7.345365e-21;2.1204681;-0.67859423;0.1180917;0.44354796;0.32545626;0.0;0.0;4299.9023;5186.6196;-2361.1858;6768.4243;-471.39667;-1556.6289
1983-09-14;11.412465;2.40153;0.009847005;751.59595;1.4508615;93.56359;0.0;-7.3453654e-25;99.99998;-7.345365e-21;0.658192;-1.0649134;0.031277537;0.3527701;0.32147765;0.0;0.0;4401.9907;5308.7896;-2174.0657;6880.6846;-739.76;-1431.2711
1983-09-15;11.190043;1.7364706;0.009892781;751.73566;1.4016758;51.26599;0.0;-7.3453654e-25;99.99998;-7.345365e-21;0.02670288;-1.0042992;0.0012516975;0.31876564;0.31752884;0.0;0.0;5025.242;6060.075;-2596.857;6486.4727;-697.6533;-1800.1187
1983-09-16;11.487335;-1.6626791;0.01003774;750.3733;1.0455167;76.814415;0.0;-7.3453654e-25;99.99998;-7.345365e-21;0.011685064;-0.8526165;0.0005811453;0.31419098;0.3136024;0.0;0.0;4991.211;6013.836;-2727.195;6322.525;-592.2833;-1613.6677
1983-09-17;12.48997;-1.7514648;0.010105133;751.38116;1.0621322;171.73476;0.0;-7.3453654e-25;99.99998;-7.345365e-21;0.34027237;-0.74304736;0.01630187;0.3260374;0.30975044;0.0;0.0;4877.096;5871.183;-2677.7205;6429.6987;-516.17053;-1629.5677
1983-09-18;12.739919;-3.3625183;0.009970347;751.85034;1.2807121;168.31526;0.0;-7.3453654e-25;99.99998;-7.345365e-21;0.02527237;-0.71786714;0.0011920929;0.30717254;0.30599535;0.0;0.0;4916.5757;5913.504;-2696.3677;6426.0444;-498.6789;-1588.1111
1983-09-19;13.060089;-2.588094;0.009922028;752.19574;1.1471704;263.0764;0.0;-7.3453654e-25;99.99998;-7.345365e-21;0.7682286;-0.66077524;0.04066527;0.34298003;0.30231476;0.0;0.0;4265.8145;5126.258;-2339.8933;6743.4653;-459.0178;-1483.3633
1983-09-20;13.11378;-3.8972778;0.010100047;751.43536;1.5260836;267.56943;0.0;-7.3453654e-25;99.99998;-7.345365e-21;0.0012925739;-0.67893416;5.9604645e-05;0.2988279;0.29876828;0.0;0.0;4515.5396;5421.7095;-2544.8179;6396.5864;-471.63333;-1555.3534
1983-09-21;12.692494;-2.9465942;0.0102005005;751.9588;1.288792;262.6918;0.0;-7.3453654e-25;99.99998;-7.345365e-21;0.0012833644;-0.63265675;5.9604645e-05;0.2953112;0.2952367;0.0;0.0;5031.1865;6035.6323;-2874.084;6115.3823;-439.48557;-1682.9978
1983-09-22;12.344472;-3.5401409;0.00985082;752.5771;1.2209927;202.90364;0.0;-7.3453654e-25;99.99998;-7.345365e-21;0.0017106531;-0.5606078;8.940697e-05;0.29182434;0.29174238;0.0;0.0;5067.126;6073.464;-3038.447;5904.6455;-389.43668;-1646.0856
1983-09-23;11.7718;-4.869741;0.009820302;751.4981;1.1867878;184.07323;0.0;-7.3453654e-25;99.99998;-7.345365e-21;0.0025749195;-0.51003695;0.00011920929;0.28845668;0.28833747;0.0;0.0;5110.4346;6120.0557;-3186.1868;5695.0034;-354.30667;-1565.0233
1983-09-24;10.338857;-2.1642659;0.010169983;750.03876;1.328741;234.91608;0.0;-7.3453654e-25;99.99998;-7.345365e-21;0.048863888;-0.42989385;0.0020861626;0.28708577;0.2849847;0.0;0.0;4969.062;5945.601;-2810.6143;5974.777;-298.63333;-1799.8212
1983-09-25;7.9147034;1.2787882;0.009803772;750.1292;1.6481758;216.88109;0.0;-7.3453654e-25;99.99998;-7.345365e-21;0.98480284;-0.62473303;0.046491623;0.3283471;0.28185546;0.0;0.0;3578.3271;4277.927;-1935.9819;6511.3145;-433.9811;-1539.6956
1983-09-26;9.575429;-0.6631673;0.009933472;752.62573;1.076311;169.16173;0.0;-7.3453654e-25;99.99998;-7.345365e-21;0.0016391277;-0.5976223;7.4505806e-05;0.27881563;0.27874112;0.0;0.0;4909.7056;5864.3945;-2904.08;5771.322;-415.14777;-1614.0677
1983-09-27;9.295461;-2.7719014;0.010012309;753.15704;1.1769501;66.64442;0.0;-7.3453654e-25;99.99998;-7.345365e-21;0.0025689597;-0.5554911;0.00011920929;0.2757311;0.27559698;0.0;0.0;4864.405;5805.249;-2885.8494;5827.3667;-385.8811;-1542.9
1983-09-28;9.556935;-4.5111794;0.009906769;752.5336;1.11908;70.95745;0.0;-7.3453654e-25;99.99998;-7.345365e-21;0.00044107434;-0.5090516;2.9802322e-05;0.27251244;0.27249753;0.0;0.0;4869.762;5806.6294;-2935.7402;5798.2305;-353.62112;-1531.9711
1983-09-29;10.178935;-5.9328003;0.010100047;751.7044;1.1641818;89.97938;0.0;-7.3453654e-25;99.99998;-7.345365e-21;0.00044107434;-0.47067925;1.4901161e-05;0.2694726;0.2694577;0.0;0.0;4833.1377;5757.977;-2998.44;5735.1807;-326.96555;-1526.5555
1983-09-30;10.064799;-8.37796;0.010063171;752.8125;1.0729733;91.4622;0.0;-7.3453654e-25;99.99998;-7.345365e-21;0.0023603435;-0.44634658;0.00011920929;0.26658177;0.26646256;0.0;0.0;4815.392;5731.8765;-3025.6777;5666.8955;-310.0611;-1472.98
1983-10-01;9.7369795;-8.972046;0.009577434;752.77155;1.2250737;205.15407;0.0;-7.3453654e-25;99.99998;-7.345365e-21;0.0008523463;-0.39532036;4.4703484e-05;0.26357174;0.26352704;0.0;0.0;4805.8467;5715.5933;-2983.0955;5601.27;-274.61667;-1597.4523
1983-10-02;9.696553;-6.3527527;0.009698232;750.22504;1.5215751;116.38773;0.0;-7.3453654e-25;99.99998;-7.345365e-21;0.008722152;-0.34973863;0.00043213367;0.26112795;0.26069582;0.0;0.0;4231.078;5027.708;-2484.9792;6106.5522;-242.95111;-1524.5333
1983-10-03;8.01297;-4.342794;0.010274251;749.0511;1.6349853;153.45569;0.0;-7.3453654e-25;99.99998;-7.345365e-21;0.06349683;-0.34014508;0.0030696392;0.26099384;0.2579242;0.0;0.0;4637.7124;5506.1597;-2575.7686;5963.4937;-236.2889;-1795.4623
1983-10-04;4.4277244;-1.3661093;0.010125478;747.3521;1.5069984;186.41418;0.0;-7.3453654e-25;99.99998;-7.345365e-21;3.766683;-1.2444444;0.18921494;0.44459105;0.2553463;0.0;0.0;3142.7507;3728.166;-1783.3025;6127.738;-864.4739;-1125.5078
1983-10-05;3.5262249;-5.9587097;0.010164897;748.7954;0.9950859;161.64925;0.0;3.973643e-08;99.99998;-7.345365e-21;0.38933754;-0.69503856;0.01861155;0.27143955;0.252828;0.0;0.0009164214;3747.728;4441.876;-2057.298;5933.451;-482.8211;-1359.831
1983-10-06;2.2340496;-4.6141257;-5.5666375;751.65314;1.4956894;23.390533;2.4802246;0.0003693501;144.09796;2.4820964;1.1963665;-0.92505014;0.04966557;0.29999018;0.2503246;0.11751801;0.37498772;3834.5425;4636.8335;-2245.153;5559.3022;-642.8444;-1366.0511
1983-10-07;5.488108;-5.913147;-6.7985497;754.86993;1.1902509;54.01051;1.8058268;0.00026683012;150.66534;1.953125;0.0012934206;-0.8666944;0.008285046;0.25609136;0.24779141;0.12635067;0.0;4469.8716;5357.98;-2663.4453;5354.814;-602.13556;-1123.7977
1983-10-08;7.5372415;-7.493937;-6.425756;754.3311;1.1470212;63.275604;1.0449219;0.00015294552;150.67967;1.2207031;0.0;-0.9045191;0.0067278743;0.25197864;0.24526566;0.102903694;0.0;4524.372;5387.519;-2797.7573;5430.249;-628.4133;-966.94556
1983-10-09;8.312978;-8.957316;-7.229014;754.2736;1.1060075;183.03908;0.5378418;7.83205e-05;150.68748;0.44759116;0.003000543;-0.8042613;0.0038444996;0.24658442;0.24275482;0.056562945;0.0;4545.916;5388.598;-2944.8062;5253.8105;-558.7378;-1018.45776
1983-10-10;8.8632;-9.581085;-7.331032;753.6175;1.093062;246.4152;0.26497397;3.8464863e-05;150.69366;-7.345365e-21;0.0017225739;-0.7045269;0.002041459;0.24233758;0.24030358;0.029915944;0.0;4532.065;5357.543;-2958.9133;5235.332;-489.43555;-1039.4044
1983-10-11;6.9553323;-6.0861;-6.2527833;752.25586;1.1929969;192.92998;0.12386068;1.8040339e-05;150.6953;-7.345365e-21;0.0;-0.5536694;0.0009834766;0.23889542;0.23791194;0.014942139;0.0;4395.5073;5186.907;-2681.3228;5473.5576;-384.62668;-1294.73
1983-10-12;7.3963623;-6.396993;-6.472449;753.37836;1.0675589;66.101036;0.05452474;8.185704e-06;150.6953;-7.345365e-21;0.0;-0.555383;0.00047683716;0.23600459;0.23554265;0.007255003;0.0;4415.213;5203.3994;-2878.5889;5353.307;-385.80777;-1036.4678
1983-10-13;7.1448874;-7.9734597;-6.62043;749.49146;1.2096134;162.96869;0.022542318;3.2981236e-06;150.6953;-7.345365e-21;0.0017285338;-0.4722234;0.00028312206;0.2335012;0.23321807;0.0030212104;0.0;4396.5225;5175.9424;-2822.889;5332.1245;-328.0411;-1213.2067
1983-10-14;6.2465515;-4.1475425;-5.743126;749.0786;1.0516597;182.28465;0.009033203;1.3113022e-06;150.6953;-7.345365e-21;0.0004351138;-0.3603585;0.00010430813;0.2310574;0.2309531;0.0013075769;0.0;4152.778;4884.481;-2458.8489;5676.711;-250.33;-1448.3767
1983-10-15;5.529663;-3.6471558;-3.0205028;751.0005;1.2470568;83.898766;0.0034993489;6.357829e-07;150.77245;-7.345365e-21;3.173411;-0.47876966;0.1822859;0.41103363;0.22874773;0.0005364418;0.0055506825;3952.44;4644.747;-2110.6855;6121.255;-332.58554;-1296.1978
1983-10-16;2.7820637;1.0198975;-0.58096313;750.1467;1.2333966;49.058197;0.20735677;6.818771e-05;151.48305;0.32552084;14.284062;-1.1866019;0.8495748;1.0762662;0.22668391;0.0030379742;0.91023374;1555.2639;1827.1788;-671.7178;7065.513;-824.28613;-487.43112
1983-10-17;1.2985941;-1.2470703;-3.8693504;749.7429;1.114362;28.0643;15.549561;0.0022885005;145.458;15.380859;5.9177217;-1.0797875;0.37281215;0.59756637;0.22475421;1.6128272;1.9575208;2328.1782;3058.8228;-1366.3464;6149.98;-750.3589;-573.76
1983-10-18;2.4590862;-2.8868;-6.191694;751.80524;1.1247019;25.190765;9.076416;0.0013230642;150.88605;8.544922;0.004099451;-1.3271365;0.0885874;0.31134486;0.22275746;1.1093653;0.0015348196;3771.2556;4660.37;-2054.425;5627.5957;-922.1767;-795.6633
1983-10-19;3.27477;-3.3758748;-6.4560256;753.35834;1.1842768;38.79192;4.084961;0.0005954504;150.94203;4.0283203;0.00085234636;-1.3544523;0.039935112;0.260666;0.22073835;0.50133836;0.0;3924.6816;4709.82;-2262.912;5475.5933;-941.04553;-727.9189
1983-10-20;3.337677;-4.7351685;-7.0984063;753.3254;1.1601533;30.895731;1.8368326;0.0002681017;150.97557;1.7089844;0.00086426723;-1.3310956;0.017553568;0.23630261;0.2187416;0.22186898;0.0;3993.9534;4731.1445;-2389.3645;5319.629;-924.8078;-731.1411
1983-10-21;4.5798745;-4.9873657;-7.56818;753.06885;1.0197655;176.95299;0.82438153;0.00012024244;150.98956;0.9765625;0.0004351138;-1.2721764;0.008016825;0.22478402;0.21676719;0.10220893;0.0;4020.535;4735.4067;-2469.615;5244.202;-883.7822;-666.04443
1983-10-22;4.8792114;-5.318746;-7.5483246;752.7798;0.99677485;170.44455;0.3647461;5.320708e-05;150.99217;0.24414062;0.0;-1.2073722;0.003516674;0.21834671;0.21483004;0.04543923;0.0;4015.0818;4716.2744;-2491.391;5216.6035;-838.74554;-668.8889
1983-10-23;4.973867;-5.5937095;-6.4117813;753.6482;0.9849424;86.35522;0.15527344;2.237161e-05;150.99933;-7.345365e-21;0.037008524;-1.1669788;0.0036656857;0.21660328;0.21291524;0.02155453;0.0;3768.521;4420.682;-2208.3923;5577.342;-810.67224;-702.2278
1983-10-24;3.8536987;-5.289327;-7.0085716;752.8106;1.1646148;96.35639;0.06518555;9.377797e-06;150.99998;-7.345365e-21;0.00085234636;-1.0558572;0.00067055225;0.2117008;0.2110377;0.008203089;0.0;3834.0366;4494.1177;-2285.1533;5407.3677;-733.48114;-858.0244
1983-10-25;3.713684;-4.4314475;-6.826046;753.63385;1.12156;189.46907;0.028971354;4.2915344e-06;150.99998;-7.345365e-21;0.00128382;-0.93050486;0.00032782555;0.20954013;0.2091974;0.003458932;0.0;3712.9873;4350.182;-2217.321;5447.481;-646.39667;-840.2856
1983-10-26;4.348938;-3.4576213;-6.1963615;752.9143;0.94298106;175.19527;0.012613933;1.66893e-06;150.99998;-7.345365e-21;0.00044107434;-0.8434551;0.00014901161;0.20754337;0.20739436;0.0016130507;0.0;3568.935;4179.8135;-2111.7156;5603.1934;-585.9211;-741.7756
1983-10-27;4.0832314;-2.6329753;-3.744503;754.9297;0.78817725;232.99176;0.005859375;4.7683716e-07;150.99998;-7.345365e-21;2.7401507;-0.9363704;0.15302002;0.35868585;0.20565838;0.000692904;0.0;2572.5906;3012.2466;-1285.6433;6416.771;-650.4656;-517.31775
1983-10-28;3.5065205;-1.248586;-3.6975758;757.3604;0.9764943;108.951256;0.0026041667;-7.3453654e-25;150.99998;-7.345365e-21;2.5735645;-0.8541774;0.15103817;0.35506487;0.2039969;0.00029616058;0.0;2187.395;2560.2766;-1267.5972;6339.533;-593.3678;-446.8211
1983-10-29;4.408844;-0.89556885;-3.1961658;755.3638;1.1450487;178.44177;0.00081380206;-7.3453654e-25;150.99998;-7.345365e-21;1.9397438;-1.0767877;0.11989474;0.3222525;0.20235777;0.0001899898;0.0;3006.7996;3518.0532;-1531.5422;6276.05;-748.0089;-660.61554
1983-10-30;4.3878884;-0.032521565;-2.7625465;752.38574;0.8796952;166.36311;0.0;-7.3453654e-25;149.67609;-7.345365e-21;9.236604;-0.9194687;0.7099211;0.91063976;0.20071864;7.4505806e-05;0.0;2279.2078;2665.919;-1182.9956;6578.121;-638.7244;-466.99335
1983-10-31;1.2743937;0.6502075;-0.6629651;752.6457;0.8178037;229.00648;1.5257162;0.000234286;146.2643;1.6682943;9.111792;-0.8095317;0.7325709;0.9317398;0.19915402;0.1601763;0.4138127;1235.7517;1457.4711;-425.80112;7166.6265;-562.3233;-470.5311
1983-11-01;2.2556152;-2.5573223;-5.056848;757.4212;0.97416973;207.00763;1.2233073;0.00017770131;150.28644;1.3427734;0.01564622;-1.2469292;0.014439225;0.21202862;0.19759685;0.14916807;0.009093434;3094.4922;3637.1345;-1780.1511;5857.508;-866.3761;-772.44
1983-11-02;3.3497925;-4.8223777;-7.16316;757.9672;1.0908742;111.03788;0.54939777;7.947286e-05;150.30206;0.40690103;0.0017225739;-1.2112362;0.0065267086;0.20250678;0.19598752;0.06945059;0.0;3453.8906;4045.9978;-2179.1611;5424.88;-841.44165;-430.55444
1983-11-03;3.45224;-5.298279;-8.0372095;755.5889;1.0884383;80.02517;0.24088542;3.5007793e-05;150.30467;-7.345365e-21;0.002145969;-1.1523627;0.0028163195;0.19721687;0.194408;0.029608607;0.0;3569.3328;4174.081;-2419.351;5141.4688;-800.52;-388.59222
1983-11-04;3.7975667;-5.373881;-7.072193;755.637;1.2584997;33.292526;0.10823568;1.5974045e-05;150.30467;-7.345365e-21;0.0012880892;-1.107403;0.0012218952;0.19407272;0.19284338;0.012917444;0.0;3461.3188;4044.121;-2207.979;5376.757;-769.285;-324.93445
1983-11-05;4.442678;-6.3602195;-7.708463;754.78174;1.0081215;165.78947;0.05045573;7.2320304e-06;150.30467;-7.345365e-21;0.0004351138;-1.0563089;0.00052154064;0.19182265;0.1913011;0.005694106;0.0;3239.3784;3782.64;-2165.34;5364.6465;-733.7878;-392.17
1983-11-06;3.6036377;-5.612488;-4.8652;753.96094;0.8611643;229.83311;0.025960287;3.6160152e-06;150.30467;-7.345365e-21;0.47121385;-0.7116124;0.030398369;0.22020936;0.18981099;0.0022798777;0.0;2353.86;2747.5422;-1376.7123;6176.019;-494.33554;-292.86334
1983-11-07;2.7863057;-4.6461587;-2.6778781;753.57196;0.99358445;91.014305;0.013671875;1.7086664e-06;150.30467;-7.345365e-21;0.7872641;-1.0445611;0.050127506;0.23846328;0.18835068;0.0014305115;0.0;2681.4678;3128.841;-1406.525;6289.57;-725.62335;-583.4644
1983-11-08;0.4026896;-1.0835978;-1.5337156;752.8077;0.7915965;60.931637;1.0865885;0.00017050903;140.02863;0.9765625;11.775961;-0.6900262;0.9929538;1.1799037;0.18695742;0.020531937;0.4088953;1034.3939;1208.3077;-545.75555;6873.64;-479.31555;-283.37
1983-11-09;1.8570557;-2.097463;-4.861318;752.6796;0.88774294;171.56828;2.086914;0.0003020366;149.35414;1.8310547;0.042045116;-0.9807441;0.0230968;0.20867586;0.18558651;0.20191446;0.0;2524.8484;2969.3623;-1514.5906;6006.552;-681.4378;-529.31775
1983-11-10;1.2024027;-2.8798015;-7.5435624;749.89825;0.8834052;257.72183;1.0957845;0.00016057491;150.69073;0.9765625;0.0024856713;-0.93881416;0.010371208;0.19456446;0.1842007;0.10325946;0.0;3113.1284;3645.04;-2021.6405;5373.5713;-652.3478;-619.1922
1983-11-11;-0.0012410482;-1.8708801;-2.5619838;747.35504;1.0931078;245.02388;2.3857422;0.00039307275;150.95082;2.5634766;5.045357;-0.8635074;0.3542751;0.53712726;0.1828447;0.05086325;0.8560903;2447.2917;2860.7068;-892.0528;6571.8135;-600.08;-670.24
1983-11-12;-0.1376648;-0.5333659;-0.3206431;744.1003;0.8387522;202.1357;29.580404;0.004353205;137.15395;30.680338;16.514267;-0.5183779;0.8933693;1.0749251;0.1815483;1.2975894;8.508481;850.38446;1178.1078;-210.19167;7174.238;-361.58835;-307.81668
1983-11-13;-1.2569071;-1.4369608;-0.2532018;744.7608;1.0142928;211.69902;89.22095;0.01854682;147.00453;123.25033;20.745342;-0.17745328;0.40127337;0.58156997;0.1802966;1.0415092;17.637781;400.5122;1232.9467;-171.34222;7050.0737;-133.23666;-176.91112
1983-11-14;-1.6830343;-2.5817769;-0.5776647;748.2317;1.0661162;208.91316;99.99943;0.027893743;153.59569;181.11165;5.1776147;-0.21664798;0.093236566;0.27227402;0.17903745;0.2705492;4.244395;821.7472;2816.5222;-631.3189;6490.5117;-165.45277;-163.78444
1983-11-15;-2.2885768;-3.0862515;-0.89570236;748.0022;0.8860295;213.32758;99.992676;0.0313524;158.14256;197.91667;4.0887475;-0.21541584;0.11147559;0.28927624;0.17780066;0.56280565;3.2800362;769.7772;2451.2356;-512.2244;6575.4453;-165.23;-185.70111
1983-11-16;-2.4151714;-3.6268616;-1.0903358;750.05493;1.3761686;213.85101;99.89974;0.03358678;162.8919;205.97331;2.8139682;-0.30091125;0.017389655;0.19398332;0.17658621;0.13769418;2.5341585;874.9961;2619.1255;-616.005;6439.194;-231.80444;-169.80444
1983-11-17;-1.2297567;-1.6219991;-0.47949728;749.9272;1.567698;207.51277;100.0;0.044989467;160.89288;277.66928;17.415735;-0.1840163;0.25953352;0.4349351;0.17540157;0.26139244;14.284335;326.13278;1128.29;10.965;7213.556;-143.06223;-158.64667
1983-11-18;-0.4108378;-0.8152466;-0.02407074;749.7912;1.3477565;210.06825;100.0;0.052794695;162.59047;324.54428;6.072584;-0.13897103;0.5800873;0.7543266;0.17424673;1.9228402;2.855938;506.89722;1751.4689;-165.66167;7103.197;-106.40667;-130.65666
1983-11-19;-0.00045776367;-0.85286456;-0.05687968;751.445;1.1813473;233.61174;100.0;0.052069385;167.02309;311.48276;7.410941;-0.15189779;1.0780618;1.251176;0.17311424;3.49107;2.0989776;654.27057;2014.6555;-268.58334;7016.073;-115.22889;-91.51889
1983-11-20;-0.012552897;-1.300059;-0.4678421;753.01215;0.7870441;252.7238;99.37289;0.04999709;175.2744;285.6852;2.4263115;-0.1229411;0.5763024;0.7483065;0.17199665;3.1165051;0.04310161;1065.8134;2969.3066;-800.83887;6317.684;-89.92333;-92.28222
1983-11-21;-0.19220988;-0.79874676;-0.07842382;750.88385;0.71306616;229.72847;98.68571;0.050087374;179.3662;277.181;23.813263;-0.096777454;2.1959395;2.3668556;0.17091632;5.0792284;13.391003;652.5517;1642.9767;-173.55;7120.1743;-71.50889;-93.674446
1983-11-22;-1.1847534;-1.9402975;-0.3936386;749.8243;1.1275171;221.54164;100.0;0.06458068;165.22882;388.9567;6.3209653;-0.112833455;0.1693815;0.33926964;0.16989559;0.58559704;4.8875065;725.27386;2662.5579;-684.6128;6429.9775;-84.05666;-98.74
1983-11-23;-0.8265788;-1.7320353;-0.32099405;751.7188;1.3273898;212.69618;100.0;0.06681403;173.43748;383.78906;4.4804068;-0.22256374;0.21646917;0.38540363;0.16894192;0.37451088;2.7053504;677.4044;2146.1555;-331.74554;6874.292;-170.59445;-117.914444
1983-11-24;-0.4414266;-0.75536984;0.00033315024;752.70416;1.05377;204.2762;100.0;0.06864277;178.6393;382.56836;7.845655;-0.12510735;1.1381954;1.3062507;0.1680553;2.3959875;2.7720742;379.21777;1140.2578;-20.799444;7260.6953;-96.505554;-114.07445
1983-11-25;-1.272138;-2.4174907;-0.29946646;752.7639;1.1985718;119.78073;99.93229;0.06897644;181.50128;377.76694;5.5842366;-0.13140403;0.9473115;1.1145175;0.16721338;2.6764722;2.2177734;406.44724;1170.6333;-395.68054;6764.5293;-101.52111;-35.893333
1983-11-26;-3.0511703;-6.265249;-2.8129375;752.8931;1.247453;58.89795;99.60693;0.06886625;185.88019;367.9606;0.37772137;-0.3027711;0.011667609;0.17809868;0.16643107;0.084426254;0.22609532;846.69946;2363.7666;-795.26556;6010.208;-232.82556;-104.28778
1983-11-27;-1.9309679;-2.7851117;-1.6946234;751.27124;0.5417992;228.0075;99.61157;0.07191777;188.7949;377.4414;6.7471256;-0.074483454;0.08222461;0.24792552;0.16570836;0.25944412;5.0706453;414.25833;1158.29;-276.0889;6739.1167;-56.793335;-79.52889
1983-11-28;-0.9843547;-1.7759285;-0.24523926;751.7478;0.49303326;195.37422;99.96151;0.076978445;191.06898;399.33267;11.529255;-0.15571249;1.1500344;1.3150722;0.16503036;1.4718659;4.7875605;591.2289;1723.3134;-209.08888;7026.183;-119.285;-126.57889
1983-11-29;-0.9416504;-1.0691528;-0.030924479;751.163;0.58734137;230.10535;99.41235;0.07854041;193.22687;402.9541;5.904737;-0.10552164;1.2912303;1.455605;0.16437471;2.6337729;0.78327954;392.18;1149.6877;-71.69639;7194.1255;-80.95333;-127.82
1983-11-30;-0.63723755;-1.8259786;-0.4723409;751.93066;0.60174376;279.6335;98.21216;0.076646805;199.20766;380.85938;0.12396574;-0.15530922;0.36739558;0.5311817;0.16379356;2.1416097;0.10754913;888.6655;2343.119;-706.1264;6422.8276;-115.76889;-100.594444
1983-12-01;-2.5349224;-4.238973;-1.7543589;751.90717;0.97451204;242.2252;97.19376;0.07524487;206.87726;359.09018;0.18336773;-0.22453628;0.12093037;0.28416514;0.16324967;0.72424114;0.093623996;1253.3395;3040.9844;-1230.2386;5642.75;-168.69333;-158.02
1983-12-02;-3.2940776;-4.9928994;-2.3404846;752.44293;0.9182909;88.0347;97.38859;0.07754958;206.82452;368.36752;3.1919003;-0.12514088;0.06543845;0.22818148;0.16274303;0.35408512;2.604343;849.93945;2221.9;-956.6361;5889.57;-92.32111;-81.21445
1983-12-03;-3.8772075;-7.62087;-5.1523614;754.7866;1.1574999;36.906025;96.83968;0.07776916;210.90819;362.54883;0.0043243165;-0.13452396;0.025466084;0.18775463;0.1622811;0.16506761;0.003889203;1255.5712;3110.6367;-1517.5239;5029.2437;-98.2;-62.345554
1983-12-04;-5.322581;-8.42632;-6.7634606;753.5983;1.1007051;95.47324;96.16781;0.07762214;214.3141;355.7129;0.0036120415;-0.10475796;0.013142824;0.17498434;0.16184896;0.090010464;0.0019706786;1320.1267;3159.4177;-1440.0562;5000.222;-75.50166;-38.40222
1983-12-05;-5.5625815;-9.596863;-7.463051;753.8697;1.1214429;68.885056;95.69027;0.07754024;216.88995;350.66733;0.018149614;-0.1173364;0.008650124;0.17008185;0.16143173;0.05973503;0.018144026;1335.7361;3115.0334;-1538.7655;4825.026;-85.56333;-37.017776
1983-12-06;-4.389811;-9.177899;-7.199917;753.9043;0.9417158;184.365;95.28516;0.07746223;219.29652;346.2321;0.04869399;-0.10259822;0.009067357;0.17009676;0.16103685;0.061091036;0.025369227;1292.9956;2950.7378;-1181.8022;5280.44;-74.562225;-24.651112
1983-12-07;-2.7616374;-3.6780803;-3.8743718;751.3272;0.6734962;174.95775;97.06771;0.08521199;208.32062;401.48926;18.67807;-0.056761317;0.076681376;0.2373457;0.16066432;0.035732985;16.515806;419.8439;1034.0444;-177.63667;6678.6235;-42.8;-52.173332
1983-12-08;-2.1944275;-2.4758098;-0.43024698;749.2293;0.7349761;211.21819;99.99609;0.10230442;195.28969;515.7878;16.63347;-0.15659538;0.32506883;0.48539042;0.16031414;0.38103387;13.161839;354.54443;1231.1578;-186.61055;6954.0444;-121.17889;-167.89
1983-12-09;-2.6409404;-4.239044;-1.8142446;748.9318;0.5495606;216.06648;100.0;0.11027912;194.60448;560.9538;0.093227625;-0.12448896;0.0052154064;0.16520917;0.15997887;0.032112002;0.09007752;861.8722;2955.3467;-1203.0717;5604.609;-91.99778;-94.30778
1983-12-10;-4.848165;-6.6989846;-4.749115;748.4963;0.719773;242.21117;100.0;0.11222974;197.7057;561.1572;3.8457303;-0.12730715;0.011235476;0.17090142;0.15966594;0.03415346;3.6519728;651.4017;2129.8423;-612.60724;6070.6313;-96.57611;-110.45333
1983-12-11;-4.2880554;-5.092997;-4.569824;744.6794;0.75682306;206.31586;100.0;0.1157529;198.66339;576.13116;3.1262636;-0.047830865;0.024363399;0.18374622;0.15936792;0.08250773;2.7906299;541.4644;1884.7778;-546.00775;6166.162;-35.08;-77.25
1983-12-12;-7.135549;-10.456102;-7.8541627;746.249;1.0402393;85.0947;100.0;0.116911255;202.15233;572.2249;0.006729364;-0.11632126;0.0;0.1590848;0.15909225;0.0;0.0053606927;831.1389;2917.4478;-1230.8528;5000.1733;-86.45;-101.13556
1983-12-13;-9.767357;-12.862142;-12.039794;744.12695;1.1129693;122.07966;100.0;0.11690179;205.14093;564.0869;0.07244265;-0.037140213;0.0036805868;0.16251206;0.15882403;0.023536384;0.058095902;870.2178;2983.662;-1081.0583;4837.718;-25.56;-17.043333
1983-12-14;-10.377489;-13.836388;-13.085504;746.2463;1.1089529;49.512524;100.0;0.11715293;206.51918;561.07587;0.3535241;-0.028484501;0.0020861626;0.16064942;0.1585707;0.0136345625;0.34780428;763.0389;2575.63;-1039.2203;4803.32;-19.43111;2.0066667
1983-12-15;-11.095593;-16.82354;-15.898483;747.9536;1.2020377;31.119207;100.0;0.117307104;208.17316;557.1289;0.006324053;-0.03507547;0.0;0.15830994;0.15831739;0.0;0.004597008;890.69336;2940.9778;-1306.5339;4208.815;-24.10111;27.891111
1983-12-16;-10.878433;-14.422557;-15.326732;745.8552;1.2718012;25.548782;100.0;0.117766224;208.44139;558.26825;0.7366716;-0.00755582;0.0;0.15808642;0.15808642;0.0;0.7339679;509.83112;1667.2;-513.0267;5237.254;-4.611111;32.474445
1983-12-17;-10.920276;-15.1741;-15.064944;747.44037;1.4456859;22.892593;100.0;0.11806512;209.53676;556.6406;0.008010864;-0.035916455;0.0;0.1578629;0.15785545;0.0;0.0066682696;908.4072;2928.0366;-1199.0361;4449.066;-24.688334;17.59
1983-12-18;-10.890132;-15.083157;-16.67552;747.72845;1.441319;23.260897;100.0;0.11808141;211.23695;552.81573;0.017726421;-0.01326669;0.0;0.15762448;0.15762448;0.0;0.015962869;945.19336;2985.061;-1221.35;4292.4897;-8.137222;45.144444
1983-12-19;-11.768458;-15.764253;-16.79783;747.9204;1.4021467;20.069002;100.0;0.11811594;212.74054;548.9095;0.016838312;-0.024076551;0.0;0.15741587;0.15740097;0.0;0.01340732;937.11224;2898.4133;-1187.3206;4329.5986;-16.525555;21.913334
1983-12-20;-12.651357;-17.719809;-17.931719;747.5433;1.2762523;15.253737;100.0;0.11812528;214.22328;545.00323;0.0024825335;-0.023832545;0.0;0.15717745;0.1571849;0.0;0.0016130507;999.23834;3026.8633;-1276.9344;4120.6157;-16.252777;22.69
1983-12-21;-12.323009;-18.317701;-18.593029;747.3977;1.2499722;23.88781;100.0;0.11813029;215.60284;541.4632;0.0007748604;-0.02456829;0.0;0.15698373;0.15696883;0.0;0.0007264316;1037.2972;3078.541;-1317.0566;4030.1238;-16.954445;40.135555
1983-12-22;-10.874893;-19.427599;-18.302382;748.2412;1.1852012;61.061554;100.0;0.11811638;216.91371;538.08594;0.0008614378;-0.038007274;0.0030845404;0.15984476;0.15676022;0.021755695;0.0;1058.3422;3079.4712;-1244.6716;4165.189;-27.131111;62.953335
1983-12-23;-9.419956;-18.300798;-17.176521;749.7343;1.1095682;74.40262;100.0;0.1180919;218.39809;534.62726;0.0;-0.04308857;0.0016093254;0.15816092;0.1565516;0.0113938;0.0;1080.4722;3082.83;-1235.2261;4287.5146;-30.915556;59.784443
1983-12-24;-7.1784453;-15.147428;-15.313321;750.1062;0.9935579;134.02489;100.0;0.11804223;219.9658;530.7617;0.00042617318;-0.0379486;0.00821799;0.16456842;0.15633553;0.057976693;0.0;974.3272;2726.9778;-1028.6206;4705.5806;-27.237778;56.74889
1983-12-25;-6.6306458;-15.669617;-14.122998;750.10236;0.9566045;61.35826;100.0;0.11796089;221.65038;526.08234;0.00085532654;-0.050401315;0.010959804;0.16710162;0.15613437;0.076863915;0.0;1007.2522;2767.7068;-1173.8127;4619.311;-36.581112;48.844444
1983-12-26;-8.044131;-18.172747;-13.1640005;746.16327;1.0260532;139.45882;100.0;0.11789417;223.38475;521.64716;0.030308962;-0.07328577;0.0046640635;0.16060472;0.1559332;0.032594427;0.029485673;830.8017;2245.5112;-952.64777;4957.927;-54.64111;30.368889
1983-12-27;-8.965606;-16.358116;-14.313577;744.60504;1.0997866;173.54332;100.0;0.11782682;225.0537;517.1712;0.0008523463;-0.05953107;0.010192394;0.16592443;0.15573204;0.07081963;0.0;1148.2572;3046.2822;-1347.7433;4392.334;-43.442223;28.902222
1983-12-28;-7.3594766;-11.0740595;-12.911308;747.31976;0.87012976;282.51575;99.99447;0.117806874;226.71971;513.1429;0.13614297;-0.030184165;0.0054836273;0.16102195;0.15553087;0.037850812;0.13313442;1090.245;2843.4922;-906.7894;5077.709;-21.646667;-1.8488889
1983-12-29;-6.526001;-10.008751;-9.975651;746.5862;0.8707214;309.93808;99.744385;0.11784792;228.33624;509.64355;0.040267766;-0.078688376;0.011757016;0.16710162;0.15533715;0.08093752;0.03694743;1124.8739;2902.0479;-1275.2828;4904.74;-58.036667;-15.997778
1983-12-30;-6.637629;-8.458007;-9.657371;745.5871;0.8962579;251.64777;99.37622;0.11781827;230.14777;505.00488;0.11270046;-0.0575725;0.009611249;0.16474724;0.15513599;0.065540895;0.10806322;1059.6472;2684.0056;-844.39276;5462.2007;-42.314445;-44.285557
1983-12-31;-7.950849;-14.470837;-10.270347;747.5862;1.057777;175.77246;99.07633;0.117773734;232.15297;500.04068;0.0077068806;-0.14427863;0.004693866;0.15963614;0.15494227;0.031979755;0.007275492;1248.9355;3115.6733;-1655.0605;4372.3887;-108.577774;-61.183334
1984-01-01;-6.995459;-13.485463;-13.175381;745.17316;0.7791917;269.0444;98.725586;0.11770737;233.7324;496.41928;0.21289289;-0.08010678;0.005841255;0.16060472;0.15474856;0.03969483;0.21032989;1281.2322;3133.5078;-1307.9994;4578.15;-59.56333;7.312222
1984-01-02;-8.627;-12.710353;-12.318547;746.18097;0.99840546;188.25824;98.585045;0.117860556;234.25551;495.36133;0.02954422;-0.07054489;0.0059232116;0.1604855;0.1545623;0.04013069;0.02739951;1274.0717;3098.1677;-1453.0022;4479.184;-52.192223;-24.99
1984-01-03;-7.2283363;-13.743126;-12.548795;750.5217;1.2267958;81.311455;97.954506;0.11774842;235.84047;491.61783;0.00085234636;-0.027069822;0.020727515;0.17510355;0.15436858;0.1392737;0.0;1341.2667;3197.1545;-1468.0377;4486.333;-18.885555;20.197779
1984-01-04;-4.386431;-14.30012;-11.299336;753.0512;1.0169839;115.5431;97.04061;0.117593884;237.4837;487.3047;0.0017136326;-0.047323294;0.02387166;0.17806888;0.15418977;0.15791133;0.0;1363.4078;3179.9578;-1391.6367;4710.706;-34.28389;26.684444
1984-01-05;-5.6954193;-12.950951;-11.676614;750.9319;0.8601236;232.06606;96.38126;0.117447816;239.18651;482.91016;0.0;-0.09488687;0.009447336;0.16345084;0.15401095;0.061739236;0.0;1402.0172;3205.7678;-1618.0725;4383.974;-72.125;-3.5911112
1984-01-06;-7.9166493;-14.573914;-12.649772;751.41693;1.0402293;56.75343;96.05713;0.11735896;240.6953;479.28873;0.0027165087;-0.06186124;0.0058561563;0.15968084;0.15382469;0.038070604;0.0014342368;1400.8767;3151.0366;-1442.0956;4500.149;-46.003887;-50.43778
1984-01-07;-4.1884766;-12.8205595;-9.424615;749.21124;0.729889;249.30971;95.81234;0.11739075;241.8128;476.60318;1.6170472;-0.10786578;0.0068098307;0.1604706;0.15365332;0.03838539;1.5585608;1024.6627;2272.6455;-608.96387;5805.755;-82.60778;-9.158889
1984-01-08;-4.526581;-5.4739785;-4.851743;745.3068;0.95457333;216.98743;98.566895;0.12259225;227.83656;525.1465;5.02442;-0.0895625;0.0002682209;0.15375018;0.15348196;0.0;4.97514;503.45667;1378.6233;-177.71805;6645.9033;-69.155;-113.07111
1984-01-09;-6.3051553;-8.091359;-4.962629;746.03595;0.8894563;155.60094;99.219154;0.12513347;226.64452;541.5446;0.58709383;-0.22010598;0.00013411045;0.15345216;0.15331805;0.00083073974;0.58049333;819.0917;2455.85;-903.5933;5726.9062;-168.97778;-153.93445
1984-01-10;-9.187607;-14.510789;-10.4657545;748.40326;1.1498034;56.60962;99.08041;0.12510745;229.1712;535.3597;0.0061452384;-0.11845771;0.0023543835;0.15549362;0.15313923;0.015571713;0.004440546;1109.1317;3258.0378;-1462.0612;4529.8203;-88.725555;-113.01556
1984-01-11;-8.288116;-15.357755;-13.885774;748.5176;0.95888907;165.61641;98.75806;0.12505312;230.99086;530.96515;0.0008523463;-0.041120686;0.0056922436;0.15866756;0.15297532;0.037629157;0.0;985.4033;2826.641;-1286.9194;4467.475;-30.047777;11.777778
1984-01-12;-8.886737;-14.56261;-14.67921;746.9135;0.94139975;67.652824;98.443275;0.12501264;232.50063;527.2217;0.0004351138;-0.037161633;0.0035092235;0.15631318;0.15281141;0.023145229;0.0;1183.7045;3321.3877;-1344.7927;4387.1445;-26.884445;-18.717777
1984-01-13;-8.504319;-11.1228485;-12.928845;745.122;0.7836066;69.4158;98.62582;0.12624161;230.33722;535.7259;7.2694;0.005441718;0.003427267;0.15608966;0.15265495;0.022243708;7.259451;921.2411;2536.1333;-561.68835;5481.7983;4.192222;-46.67
1984-01-14;-6.3764434;-7.5309944;-7.706659;743.07587;0.6559525;241.44197;100.0;0.13476086;209.03188;631.9173;2.126789;-0.05179085;0.0006556511;0.15313923;0.15249848;0.0043343753;2.1212623;539.2478;1933.4277;-267.28387;6267.3574;-39.294445;-88.29444
1984-01-15;-5.6101546;-6.5972543;-6.0401893;744.8066;0.6276992;183.88416;100.0;0.13713689;209.6559;643.7581;3.2500572;-0.041916035;0.0;0.15233457;0.15234202;0.0;3.22029;451.3039;1637.9122;-355.7678;6287.527;-31.804445;-79.28
1984-01-16;-7.863897;-11.331799;-8.276187;743.3615;0.9739861;53.514507;100.0;0.13879943;211.07909;648.3154;0.10954102;-0.07413514;0.0;0.15217066;0.15217811;0.0;0.10826811;892.1594;3268.2566;-1265.1816;4937.5547;-53.74;-86.24111
1984-01-17;-8.496755;-14.644032;-12.709503;744.2127;0.99080986;151.60301;100.0;0.13879895;214.20148;638.63116;0.0020593405;-0.037521124;0.0;0.15202165;0.15200675;0.0;0.0016391277;980.4644;3500.1821;-1329.0067;4482.257;-26.492222;-27.954445
1984-01-18;-8.483989;-13.824758;-14.646939;743.81525;1.0404724;34.13728;100.0;0.13880105;216.48729;632.487;0.00084638596;-0.008876435;0.0010430813;0.15288591;0.15184283;0.007022172;7.4505806e-06;956.91833;3331.2466;-1063.4639;4672.06;-4.9155555;4.5933332
1984-01-19;-9.286018;-13.75628;-13.978043;745.2054;1.2509329;12.120319;100.0;0.13880904;218.68422;626.2614;0.0025957823;-0.023367815;0.0;0.15169382;0.15168637;0.0;0.002168119;1024.5244;3482.619;-1183.4636;4605.8105;-15.825556;-24.644444
1984-01-20;-8.5182085;-14.481868;-15.307957;747.69244;1.0786903;56.361145;100.0;0.13879526;220.70929;620.4834;0.0021403348;-0.022137538;0.0059977174;0.15752017;0.15152991;0.040635467;0.0;1104.6744;3667.8188;-1351.2578;4285.3877;-14.901111;20.102222
1984-01-21;-9.092949;-15.547302;-16.14311;746.94525;1.0516353;48.306396;100.0;0.13877289;222.53253;615.35645;0.00044107434;0.004308298;0.002682209;0.1540482;0.151366;0.018199906;0.0;1145.5466;3718.2244;-1405.802;4159.7;3.1588888;6.498889
1984-01-22;-9.745603;-15.766648;-16.889856;745.84674;1.1291538;56.85577;100.0;0.13876732;224.32323;610.5957;0.0012836308;0.0064400956;0.0009834766;0.15218556;0.15120953;0.0066310167;0.0;1173.4227;3723.7856;-1381.4467;4135.2305;4.8522224;11.1877775
1984-01-23;-10.379363;-17.00796;-16.87661;746.54425;1.1364737;49.380093;100.0;0.1387635;226.06151;606.2012;0.00085944595;-0.0041788444;0.00023841858;0.15130639;0.15106052;0.001585111;0.0;1216.285;3778.4011;-1355.5125;4175.0137;-3.4844444;-3.6277778
1984-01-24;-8.121094;-14.937955;-16.069675;746.62885;0.95058006;80.23773;100.0;0.13872671;227.68065;601.5625;0.0012884839;-0.0047627836;0.007517636;0.15842915;0.15091151;0.050533563;0.0;1231.914;3747.38;-1301.419;4330.1216;-3.9477777;-2.36
1984-01-25;-7.8452516;-12.098198;-13.39232;746.6397;0.7354253;158.73128;100.0;0.13892686;228.76398;599.24316;0.8216381;-0.017384067;0.0075548887;0.15830994;0.15075505;0.049388036;0.80658495;1033.0972;3077.881;-689.8872;5318.8755;-13.8;-54.783333
1984-01-26;-6.7001595;-8.783314;-9.517505;747.25494;0.63879377;119.12423;100.0;0.13991337;228.20929;604.4515;2.9617488;-0.06022211;0.0014454126;0.15205145;0.15059859;0.009704381;2.9266624;934.9028;2821.0933;-610.7772;5719.8594;-47.512222;-110.03778
1984-01-27;-7.422915;-8.92291;-7.5805283;741.2698;0.69953614;128.29424;100.0;0.16327555;192.55336;839.7217;34.399952;-0.023290515;0.0;0.15044212;0.15044957;0.0;34.381123;173.27834;691.6411;-121.329445;6375.481;-18.334444;-30.133333
1984-01-28;-8.295746;-10.830292;-8.343974;743.19574;0.7058141;83.64853;100.0;0.1790518;180.65297;984.0495;1.5265375;-0.028094277;0.0;0.15029311;0.15029311;0.0;1.5235171;632.1644;2710.1755;-826.56805;5468.6235;-22.146667;-117.62889
1984-01-29;-11.82071;-16.064665;-12.693955;743.63354;1.594535;26.975946;100.0;0.17951794;186.1787;957.6009;0.07538579;-0.051733106;0.0;0.1501292;0.1501292;0.0;0.07189438;886.6678;3708.088;-1349.4978;4387.21;-37.65889;-64.12
1984-01-30;-14.931035;-19.763777;-16.683207;744.85675;1.6478118;22.437164;100.0;0.17957504;189.95375;938.5579;0.04914701;-0.03453903;0.0;0.14996529;0.14996529;0.0;0.046972185;951.7117;3875.0823;-1346.4406;4082.6526;-24.633333;-53.064445
1984-01-31;-14.151936;-20.914238;-19.966192;744.1499;1.0324724;66.32915;100.0;0.1795948;192.71222;924.88605;0.0012904402;-0.007981434;0.0;0.14980137;0.14980137;0.0;0.0;1044.2927;4141.1787;-1354.6333;3825.2925;-4.4566665;-20.688889
1984-02-01;-12.8552065;-18.648155;-20.82282;744.91406;1.0179455;54.59076;100.0;0.17961502;194.9684;914.34735;0.0018358224;0.026562251;0.0;0.14963746;0.14964491;0.0;0.00010430813;1058.1156;4087.24;-1144.669;4064.7166;20.763334;-14.482223
1984-02-02;-10.424137;-15.257119;-18.970469;746.5384;0.9158537;63.745438;100.0;0.17965758;197.2246;904.05273;0.035840273;0.031557865;0.0;0.14948845;0.149481;0.0;0.032827258;989.5461;3725.5366;-702.5394;4802.726;24.63;-26.967777
1984-02-03;-6.4766526;-9.369287;-14.075389;747.3531;0.69317;190.75824;100.0;0.18020912;199.23695;897.78644;1.2662575;0.037495047;0.0;0.14933944;0.14932454;0.0;1.2518578;843.22833;3126.2666;-306.4;5763.374;29.301111;-53.988888
1984-02-04;-5.5336556;-7.499841;-9.955986;745.6624;0.7708957;131.83243;100.0;0.18323274;199.78188;910.15625;2.5786161;0.02605468;0.0;0.14917552;0.14917552;0.0;2.5514886;666.4595;2520.7588;-489.17056;5854.1465;20.347778;-52.083332
1984-02-05;-7.628792;-12.830039;-10.6901865;747.0363;1.038282;43.457214;100.0;0.18400331;203.89809;896.1589;0.014603137;-0.057216734;0.0;0.14898181;0.14899671;0.0;0.012084842;1120.8273;4186.5557;-1317.7078;4720.8022;-40.93667;-98.06333
1984-02-06;-7.38919;-17.74631;-13.188407;745.8072;0.9003045;173.28499;100.0;0.18399341;207.78937;879.06903;0.002386403;-0.06526336;0.0;0.1488179;0.14882535;0.0;0.0015199184;1197.2012;4354.8267;-1193.0527;4667.078;-47.143333;-40.02111
1984-02-07;-6.4263535;-9.5392885;-10.610236;738.2041;0.58174425;162.43295;100.0;0.19529276;197.34242;981.6081;27.180273;0.014916062;0.0;0.14865398;0.14865398;0.0;27.173866;233.24945;894.52167;190.84389;6560.052;11.832222;-4.516667
1984-02-08;-5.9091697;-6.6754556;-6.912689;738.2676;1.1999613;205.78014;100.0;0.22056465;182.19496;1203.2064;12.12362;-0.040076673;0.0;0.14850497;0.14849007;0.0;12.116764;511.00555;2208.7844;-80.251114;6591.8;-29.84;-143.9911
1984-02-09;-4.6634955;-5.282393;-4.8565826;745.72723;1.2846433;211.67255;100.0;0.23192275;186.21027;1238.8102;13.753891;-0.080533326;0.0;0.14832616;0.14832616;0.0;13.55204;370.1378;1578.5889;38.485;6875.5327;-61.90167;-157.67223
1984-02-10;-2.6035054;-3.340627;-3.02328;749.90356;0.9428191;231.02557;100.0;0.24034226;194.44627;1232.8287;1.9067973;-0.088855624;0.0;0.14814734;0.14814734;0.0;1.7811693;716.43335;3034.0388;-507.92056;6447.4824;-65.46667;-130.82222
1984-02-11;-2.843015;-11.947453;-5.5863824;748.7991;0.8964305;193.38367;100.0;0.24069679;205.37856;1168.8232;0.0022947788;-0.17772895;0.0;0.14796853;0.14796108;0.0;0.0022873282;1123.8633;4549.3936;-1624.5216;4747.96;-130.87555;-89.753334
1984-02-12;-2.4044113;-11.67983;-7.94348;746.999;0.6241676;222.43512;100.0;0.24160182;211.93358;1135.4166;7.582611;-0.093531795;0.0;0.14778972;0.14776736;0.0;7.257685;822.31445;3219.1467;-406.4547;6115.867;-68.28889;-41.90222
1984-02-13;-5.1354165;-6.0083313;-5.0381966;742.03876;0.89439726;205.56966;100.0;0.26913273;199.67088;1341.0238;30.446075;-0.03841333;0.012502074;0.16009808;0.147596;0.0;29.009045;288.86057;1231.7722;-175.00833;6574.1846;-29.092222;-82.33
1984-02-14;-5.7887826;-7.7809563;-5.600394;747.3975;0.7319761;168.90355;100.0;0.28133953;204.32875;1375.8138;0.31769276;-0.12508035;0.0;0.14741719;0.14741719;0.0;0.31425804;982.2789;4172.0146;-1011.43445;5522.1865;-91.93889;-178.0089
1984-02-15;-7.7771316;-12.250094;-8.582245;747.81744;1.1734089;39.44957;100.0;0.28137508;213.18324;1318.3594;0.010767163;-0.09912532;0.0;0.14722347;0.14722347;0.0;0.009447336;1141.565;4710.4927;-1515.0797;4599.765;-71.172775;-133.70334
1984-02-16;-9.405734;-13.74644;-10.950558;745.70465;1.0187583;70.63196;100.0;0.2814711;219.23924;1282.0231;0.4573252;-0.09817351;0.0;0.14704466;0.14703721;0.0;0.45524165;1107.285;4441.213;-877.68445;5241.685;-71.23222;-169.54333
1984-02-17;-9.983581;-15.658656;-11.417867;748.022;1.1063901;33.61838;100.0;0.2818415;224.1393;1255.6967;0.03786385;-0.101088546;0.0;0.14683604;0.1468435;0.0;0.03696233;1177.5117;4630.6724;-1420.6141;4503.622;-73.278336;-139.29445
1984-02-18;-10.902308;-15.96943;-14.379725;751.3293;1.72814;26.157187;100.0;0.28183714;228.45343;1231.5674;0.0054508448;-0.05819369;0.0;0.14664233;0.14664978;0.0;0.005017966;1290.6672;4939.99;-1652.1631;3970.2554;-40.15333;-46.795555
1984-02-19;-10.659215;-18.437616;-17.265776;750.1775;1.6250429;23.689774;100.0;0.2818502;231.69757;1214.274;0.0017247958;-0.048303045;0.0;0.14644861;0.14646351;0.0;0.0;1387.0795;5177.935;-1806.0198;3561.6135;-32.412777;31.585556
1984-02-20;-9.182735;-21.39211;-18.748362;748.78876;1.0668358;53.335644;100.0;0.2818599;234.2936;1201.0092;0.0012981091;-0.045163557;0.0;0.1462698;0.1462698;0.0;0.0;1432.6483;5221.866;-1581.9417;3759.149;-31.454445;15.713333
1984-02-21;-9.194031;-17.838404;-18.081842;749.15936;1.0183038;69.36994;100.0;0.28186548;236.73077;1188.9648;0.0;0.016126782;0.0;0.14609098;0.14609098;0.0;0.0;1432.245;5096.846;-1351.6531;4159.9307;12.586667;-40.194443
1984-02-22;-9.228675;-15.200778;-16.338326;749.31177;1.1431135;36.7322;100.0;0.28189293;239.30695;1176.1881;0.07010582;0.009105541;0.0;0.14591217;0.14591962;0.0;0.06838143;1257.7078;4377.4126;-798.79193;4998.5684;7.026111;-75.0
1984-02-23;-8.342266;-13.986317;-13.927993;749.7724;1.033396;50.857544;100.0;0.28196284;242.28676;1161.7838;0.0063240523;0.005032867;0.0;0.14574826;0.14574826;0.0;0.00461936;1524.9388;5200.197;-1452.537;4404.449;3.8255556;-126.19
1984-02-24;-8.964091;-17.010656;-13.981416;749.99365;1.0816909;41.48929;100.0;0.28195962;245.44496;1147.3389;0.002810359;-0.018564053;0.0;0.14556944;0.1455769;0.0;0.0010952353;1595.5784;5316.4424;-1667.3944;4120.5996;-14.594444;-115.297775
1984-02-25;-8.85501;-18.997225;-15.22715;747.90717;1.138704;52.60858;100.0;0.28194347;248.28546;1133.9111;0.001889467;-0.016842969;0.0;0.14540553;0.14539808;0.0;0.00012293458;1662.0416;5419.125;-1728.522;3933.9524;-13.301666;-58.305557
1984-02-26;-9.318776;-13.685691;-13.873652;746.88446;1.1451772;55.48599;100.0;0.28197196;250.91014;1121.9482;0.43286237;-0.040092506;0.0;0.14521182;0.14522672;0.0;0.42705983;1583.6873;5062.2085;-1141.425;4827.6445;-31.524445;-171.91333
1984-02-27;-9.21514;-12.709537;-12.5887375;745.76514;0.8669026;83.18029;100.0;0.28444007;248.79523;1140.5844;3.6643088;-0.05362928;0.0;0.1450479;0.1450479;0.0;3.6412663;1352.1011;4486.9717;-966.275;5081.6943;-42.274445;-172.39
1984-02-28;-8.920642;-12.7780485;-11.778333;746.8797;0.80888456;197.50215;100.0;0.2861203;248.8841;1148.1527;0.034841895;-0.050019473;0.0;0.14485419;0.14486909;0.0;0.034362078;1597.0211;5434.3584;-1615.5786;4348.2314;-39.384445;-195.69333
1984-02-29;-7.3178887;-9.5260515;-11.219039;747.4346;1.0052217;226.15352;100.0;0.28642014;251.67348;1136.027;1.0099337;-0.055857003;0.0;0.14470518;0.14469773;0.0;1.0059104;1254.6655;4189.1743;-686.0783;5571.491;-44.11;-176.1011
1984-03-01;-5.976532;-9.216392;-8.951176;748.9383;0.8588627;244.70076;100.0;0.28729275;254.05956;1128.8656;1.3802217;-0.10116864;0.0;0.14451146;0.14451891;0.0;1.372736;1298.0712;4327.7007;-641.4078;5839.8843;-79.655556;-180.1
1984-03-02;-4.0331726;-5.107081;-5.868673;750.13043;0.9949834;236.06743;100.0;0.2914919;253.48305;1147.6237;3.805813;-0.0710357;0.0;0.14433265;0.1443401;0.0;3.7779882;830.0183;2991.2083;-396.98444;6366.7295;-55.852222;-172.76666
1984-03-03;-1.8190002;-7.339803;-4.7318726;751.7986;0.766509;239.89507;100.0;0.2923058;258.34146;1130.4525;0.0052779904;-0.051851384;0.0;0.14416873;0.14416128;0.0;0.003553927;1451.4861;5156.55;-1106.8939;5641.649;-40.802223;-206.22888
1984-03-04;-1.89328;-3.9783428;-3.565379;751.67847;0.7219327;141.91463;100.0;0.30426493;253.94106;1195.4346;17.903751;-0.034487806;0.01232326;0.15629828;0.14398247;0.0013671815;16.621862;538.1055;2161.5469;-274.16223;6660.583;-27.17;-104.10083
1984-03-05;-0.28243002;-3.0148823;-3.1450374;751.15643;0.9054279;104.8938;100.0;0.31008062;256.37436;1209.7168;0.032246113;-0.010247342;0.032812357;0.17660856;0.1437962;0.24477579;0.029284507;1304.6995;5220.1577;-1257.0353;5567.931;-5.4677777;-169.83694
1984-03-06;-0.90459186;-4.405983;-4.2687325;749.0911;0.93497485;144.21538;100.0;0.3099099;263.5726;1176.9205;0.0025272365;-0.0245478;0.020623207;0.1642257;0.14360994;0.15037507;0.00037252903;1446.4576;5517.489;-1449.0372;5188.5923;-16.518888;-166.9439
1984-03-07;-1.3145752;-3.192271;-3.8557994;746.5783;0.67368656;207.15166;100.0;0.31625214;265.46127;1190.5924;20.427847;-0.034174882;0.059068203;0.20247698;0.14342368;0.088566914;16.889933;850.36523;3136.3677;-444.15305;6424.492;-25.557777;-109.507774
1984-03-08;-2.4001262;-3.6596375;-1.3672943;745.0795;0.92110246;229.1566;100.0;0.3426722;253.42934;1351.6846;17.65492;-0.16216934;0.12224913;0.2654791;0.14322251;0.3933478;14.683623;886.2892;3722.9636;-682.62836;6333.547;-121.905556;-207.50444
1984-03-09;-0.9954529;-5.4843445;-1.168396;750.82;1.0920044;62.54726;100.0;0.3479999;261.49088;1333.0485;1.1428744;-0.30502024;0.014126301;0.15714765;0.14302135;0.04303828;0.005401671;1546.8353;5382.6343;-1049.0897;5990.8335;-228.07333;-259.52444
1984-03-10;1.2145691;-2.6321106;-0.46836853;748.68164;0.70242757;164.3319;100.0;0.35052094;273.35287;1283.1217;13.325298;-0.13304129;1.1110604;1.253888;0.14282763;1.3041086;3.3789687;1177.6724;3492.138;-542.36224;6662.959;-97.53445;-101.34
1984-03-11;-1.9306335;-2.8414814;-0.09063212;741.13574;0.66011065;146.0926;100.0;0.3558536;275.77896;1288.4115;19.908634;-0.20556152;2.0119846;2.1663904;0.15438348;5.4416394;12.444686;917.93555;2797.1284;-444.01;6751.1177;-156.56223;-231.63445
1984-03-12;-5.59376;-7.685537;-1.0500818;738.84283;0.8889393;210.83557;100.0;0.3697556;262.2119;1406.4127;9.120974;-0.4736874;0.0;0.14264882;0.14264882;0.0;9.1173315;1070.4308;4046.6895;-862.7411;5976.249;-364.90222;-446.0289
1984-03-13;-6.326754;-8.185973;-2.8361423;737.46466;0.8366358;147.36113;100.0;0.3738958;265.08887;1407.0231;4.8541307;-0.45333523;0.0;0.14267862;0.14267862;0.0;4.841283;1365.6328;4747.6323;-1073.0211;5663.96;-347.93668;-442.20557
1984-03-14;-7.3692017;-9.247487;-5.350937;735.1525;0.64100355;130.53569;100.0;0.37898484;263.92188;1432.0883;3.7855668;-0.2685478;0.0;0.14273822;0.14274567;0.0;3.7807226;1179.6036;4409.4966;-962.3211;5576.156;-204.21666;-320.39667
1984-03-15;-7.1157584;-9.501685;-6.4084716;736.4283;0.85366774;107.31507;100.0;0.38144636;266.0664;1430.1351;1.337587;-0.24124421;0.0;0.14281273;0.14282018;0.0;1.3320148;1357.435;5155.4453;-1290.9281;5149.229;-181.34555;-292.8211
1984-03-16;-7.7710786;-10.452447;-8.419955;741.42426;1.0054674;147.01013;100.0;0.38179728;270.527;1407.9996;0.44307113;-0.20410493;0.0;0.14290214;0.14289469;0.0;0.43881685;1629.8569;6084.633;-1242.2883;5062.832;-150.83888;-257.03555
1984-03-17;-5.7912865;-7.426191;-6.868717;743.6387;0.9578131;200.50142;100.0;0.38431314;271.82944;1409.3424;6.863486;-0.21916814;0.0;0.14299154;0.14299154;0.0;6.855782;1202.8572;4457.7036;-420.55527;6278.5938;-165.32445;-264.62445
1984-03-18;-4.530253;-5.8503213;-5.014694;739.8696;0.8755924;161.05971;100.0;0.39104724;269.47818;1447.3063;3.2123358;-0.1535248;0.0;0.14306605;0.14306605;0.0;3.1962283;946.25946;3796.654;-505.78806;6285.7266;-114.89333;-190.2111
1984-03-19;-4.973246;-6.0911;-4.268439;742.98846;0.83963156;161.9807;100.0;0.39553007;271.1559;1454.5084;7.0111;-0.21237227;0.0;0.14315546;0.14315546;0.0;6.895073;1119.9181;4491.1216;-737.81445;6045.681;-159.76778;-297.33112
1984-03-20;-4.735331;-7.5520043;-4.7534766;746.5982;0.9424613;165.62631;100.0;0.39947844;272.67642;1462.5244;0.12715942;-0.27590805;0.0;0.14322996;0.14322996;0.0;0.12246519;1460.6436;5925.9688;-1389.7498;5217.689;-205.68556;-246.04222
1984-03-21;-4.800363;-14.021953;-7.1412506;749.39185;0.97252387;79.5395;100.0;0.39939845;278.1237;1433.1869;0.0045189993;-0.22905879;0.0;0.14328957;0.14328957;0.0;0.0015161932;1703.0189;6694.475;-1746.0122;4575.175;-166.0389;-198.61139
1984-03-22;-2.6399434;-14.591442;-8.890235;749.14984;1.0469776;58.359753;100.0;0.3993454;282.36816;1411.9873;0.0008523463;-0.08791871;0.0;0.14334917;0.14336407;0.0;0.0;1780.6666;6824.253;-1761.4025;4469.145;-65.02889;-145.01111
1984-03-23;-2.3536072;-9.18116;-8.697774;746.1214;1.0176396;141.26338;100.0;0.39954102;285.89322;1394.694;2.5679164;-0.06184727;0.0;0.14345348;0.14344603;0.0;2.2890158;1704.7744;6373.572;-1122.365;5331.79;-45.09778;-159.45
1984-03-24;-2.9904683;-3.5231526;-5.2312875;740.74164;0.6858031;200.54814;100.0;0.41805694;273.6722;1522.5016;22.551062;0.006213784;0.0;0.14352798;0.14352798;0.0;21.205715;492.96;2071.2173;-88.03472;6789.4766;5.5833335;-85.45778
1984-03-25;-2.8263347;-3.9670308;-3.234497;740.7578;1.0927945;154.54608;100.0;0.42687285;273.91177;1556.9662;1.6632587;-0.14824234;0.009834766;0.15345216;0.14360249;0.0527706;1.3375208;1247.9933;5202.823;-673.0994;6302.8267;-113.888885;-311.28778
1984-03-26;-3.4591777;-6.3558755;-3.1479492;740.247;0.9252181;154.6007;100.0;0.4272702;281.17807;1518.9209;0.10487735;-0.36176386;0.006571412;0.1502186;0.14365464;0.042783096;0.10059029;1528.3005;6097.4023;-1090.7833;5733.8945;-271.9211;-320.61307
1984-03-27;-2.7400208;-4.032013;-3.1061058;747.4294;0.9940359;227.43707;100.0;0.42802975;287.3148;1489.4613;1.5138179;-0.24198276;0.014767051;0.15844405;0.14368445;0.08628331;1.2702793;1374.58;5260.474;-786.6903;6173.674;-181.10056;-270.9211
1984-03-28;-1.8371378;-4.9035745;-2.5808907;752.0788;0.88978916;119.42678;100.0;0.42825142;293.78482;1458.374;0.0069476347;-0.26367325;0.06942451;0.21313131;0.1437068;0.43209082;0.0056773424;1764.7833;6527.6562;-1494.7386;5367.189;-193.43889;-248.89223
1984-03-29;-1.5897318;-6.9681497;-3.9108646;750.7076;1.0936621;84.62336;100.0;0.4278345;300.24252;1426.7172;0.0038146954;-0.25199538;0.04582107;0.18955767;0.1437217;0.27060324;0.0;2014.9534;7003.553;-1800.5209;4861.6953;-183.19112;-180.08223
1984-03-30;-0.97991943;-7.5491767;-4.484037;748.86346;1.0848247;79.53833;100.0;0.42726335;306.056;1399.1293;0.00044107434;-0.13050064;0.12555718;0.2693236;0.1437664;0.7112026;0.0;2094.6672;7062.1113;-1791.3625;4871.241;-97.844444;-216.62889
1984-03-31;-0.32680258;-6.6633377;-4.675962;748.1469;0.9595297;90.58535;100.0;0.42640078;311.4209;1373.942;0.021576881;-0.13832375;0.16088784;0.30472875;0.14384836;0.8574612;0.0;2155.8162;7070.885;-1809.4797;4846.5996;-104.00889;-205.90834
1984-04-01;-0.6684062;-4.169596;-4.202667;749.41876;1.0015966;152.72249;100.0;0.42554712;316.53745;1350.8707;0.37754774;-0.1351228;0.20983815;0.35384297;0.14399737;0.9178966;0.028677285;2114.2422;6760.5044;-1435.1381;5354.492;-101.97889;-206.15666
1984-04-02;-1.0964254;-1.9125468;-1.9825948;748.2827;0.96935797;145.13435;100.0;0.43133798;315.01498;1375.2848;9.5146;-0.033479184;0.28944016;0.4336983;0.14425814;1.0176748;5.892694;1107.7367;3907.1306;-416.68527;6690.049;-24.175556;-181.02556
1984-04-03;-0.82792157;-6.6972404;-0.8430926;749.41455;1.093545;72.72772;100.0;0.4325887;321.05142;1354.4515;0.0025233084;-0.36164093;0.3091991;0.45393407;0.14473498;1.4101267;0.00081956387;2404.7905;7378.9526;-2027.8292;4896.8423;-266.40887;-232.68445
1984-04-04;0.5483195;-5.9579263;-0.86080426;748.82574;0.99325174;79.47614;100.0;0.43127236;330.03125;1313.7207;0.0;-0.32119638;0.26071072;0.40611625;0.14539808;1.0693259;0.0;2623.7183;7144.683;-1848.2755;5121.0317;-234.38777;-193.36333
1984-04-05;1.3228964;-3.0668437;-0.40257263;748.40326;0.8864705;118.09592;100.0;0.4283718;339.50455;1268.3512;0.10423362;-0.24156272;0.86931884;1.0402352;0.17090142;4.6975985;0.001989305;2324.0945;5810.8457;-1365.978;5792.5444;-175.24556;-157.9611
1984-04-06;1.8257446;-3.6411235;-0.32639313;749.6595;1.0444164;116.88723;100.0;0.42137143;348.1901;1216.8375;0.28433204;-0.31348503;1.6643405;1.8265098;0.16217679;8.657239;0.0;3004.0083;7051.101;-1723.2483;5429.932;-227.50333;-165.79445
1984-04-07;2.6578064;-2.2282512;-0.25300217;748.67285;1.190018;232.01637;100.0;0.4106842;355.74838;1161.0107;0.47247112;-0.33485237;2.451241;2.6670694;0.21582097;11.730921;0.0;2938.8433;6581.36;-1457.5264;5756.532;-245.80444;-138.33778
1984-04-08;2.5614624;-2.0088704;-0.19275284;744.91766;0.8638129;214.4801;100.0;0.4001427;363.05273;1108.5205;8.651057;-0.24669059;4.084766;4.2788086;0.19405037;9.562077;0.5287416;2417.659;5226.3716;-895.88055;6384.9043;-179.98;-107.01556
1984-04-09;-0.56606036;-2.5242717;-0.061358135;742.17316;1.2104299;226.61546;100.0;0.39504775;358.4899;1105.957;10.016769;-0.5464889;4.2315426;4.486412;0.2548769;10.757167;4.7717767;2394.675;6012.1177;-981.81055;6311.0347;-414.60666;-309.56
1984-04-10;-2.089864;-4.2383423;-0.20581563;743.7093;1.0958291;228.06691;100.0;0.39282444;356.37045;1105.3467;7.9339175;-0.65850466;1.4154166;1.5860498;0.1706332;4.062146;5.7716184;2323.23;6126.8564;-1103.9175;6056.0757;-503.07;-414.4689
1984-04-11;-2.347768;-4.1344094;-0.2824389;744.18976;0.823031;199.80609;100.0;0.39527917;354.7145;1117.3502;3.137955;-0.5024746;0.44871867;0.6273985;0.17866492;1.3408605;1.6123261;1949.8761;5759.59;-1096.7755;6006.3374;-381.65778;-369.87888
1984-04-12;-0.80526733;-3.4306843;-0.1821696;747.6577;0.91765594;165.64006;100.0;0.39246228;360.17642;1092.9769;1.3429254;-0.6339308;1.4605671;1.6471297;0.18657744;5.2125173;0.09968504;2539.4834;6849.54;-1093.0875;6151.9355;-480.79224;-356.44556
1984-04-13;-0.10066732;-3.6062725;-0.16709518;751.2957;0.95929384;186.04834;100.0;0.3852488;365.2526;1058.3496;0.3739357;-0.6750282;2.0379424;2.2799075;0.24196506;8.218998;0.06297231;2844.399;7077.0815;-1432.3175;5784.677;-511.9689;-352.20334
1984-04-14;1.4406229;-1.6493326;-0.20475896;751.4866;0.77146894;215.04277;100.0;0.37755087;371.52213;1020.01953;6.3790145;-0.2787197;3.6751926;3.8830042;0.2077967;9.051276;0.050053;2358.4377;5534.8057;-1006.8186;6201.8423;-205.18333;-184.97333
1984-04-15;2.8440247;0.35153198;-0.021790823;747.3195;0.78550285;171.72614;100.0;0.36637053;376.24283;977.7832;9.773416;-0.20011234;7.378727;8.318842;0.9401217;16.184698;0.022672117;2463.4045;5524.9463;-769.9633;6643.088;-142.6189;-171.87334
1984-04-16;-0.33040366;-1.0200704;-0.044010162;740.8614;0.9949004;141.5438;100.0;0.3558925;376.5778;947.7539;24.97197;-0.16886368;11.411458;12.878969;1.4675035;10.085192;2.9662178;1292.2139;2816.0928;-285.805;7025.259;-127.085556;-200.52222
1984-04-17;-1.5440775;-2.364085;-0.1352946;743.24286;0.8557896;156.12947;100.0;0.35856542;362.3646;988.0371;9.037142;-0.29831007;1.0579675;1.3850927;0.32711774;2.8845258;7.573258;1293.9567;3889.4;-513.8025;6705.367;-226.17778;-285.1011
1984-04-18;0.19384766;-2.4761963;-0.20540111;748.82745;1.0979842;142.00691;100.0;0.35432664;363.68423;974.2839;0.018741095;-0.44087693;2.6304274;3.0357838;0.4053712;8.498989;0.008683652;2627.571;7280.096;-1404.9489;5774.3643;-326.35;-335.54443
1984-04-19;2.1577454;-0.8944702;-0.28110376;749.56476;1.1981294;202.45195;100.0;0.34460962;369.82455;932.04755;0.15217513;-0.3564097;3.4843907;3.9532332;0.46885014;10.731355;0.0;2932.0693;7418.8276;-1440.5828;5785.811;-259.39334;-216.47333
1984-04-20;2.2999775;-0.023427328;-0.11402639;747.4515;1.1755838;218.7508;100.0;0.33417162;376.1146;888.5905;2.6226997;-0.26307815;4.814446;5.391717;0.577271;12.650639;0.014849007;2287.5928;5423.019;-726.9692;6641.421;-192.25333;-148.59555
1984-04-21;0.78187054;-0.7809245;-0.077625275;746.0994;1.0930351;258.35733;99.61776;0.32116035;380.11328;845.54034;4.476124;-0.4003495;6.746389;8.343503;1.5971214;13.141841;0.021774322;2523.2139;5698.322;-763.9275;6625.604;-299.7089;-240.13
1984-04-22;-0.47099814;-1.8929545;-0.08443451;746.4587;1.0345894;133.77196;98.51514;0.31199428;378.6976;821.9401;10.7805;-0.39277226;5.998835;7.1542263;1.1553988;11.429012;2.7092547;2165.7134;5007.2534;-674.39417;6630.1943;-294.2322;-280.50888
1984-04-23;0.3344625;-3.57135;-0.1012764;744.5134;0.7279413;170.15446;98.93319;0.3115866;355.22983;863.28125;8.952409;-0.47232395;3.3109188;4.120335;0.8094236;8.678321;6.5761914;2221.109;6706.598;-1049.383;6200.222;-349.5178;-273.39
1984-04-24;-2.269806;-3.594818;-0.2544352;742.86475;0.8585035;214.35506;99.91219;0.31786057;331.49155;935.8317;15.216324;-0.42381883;2.1491349;3.0869393;0.9378046;4.163094;11.557564;1741.905;6041.426;-888.98553;6236.5576;-318.9822;-417.94223
1984-04-25;-3.088745;-4.942983;-0.4519755;744.32635;0.891077;238.95892;99.93408;0.32067677;329.18228;950.236;3.1525373;-0.61812156;0.22003055;1.1939108;0.9739101;0.52804124;2.061747;2066.6445;6653.3804;-1147.8005;5929.3184;-470.42667;-505.4589
1984-04-26;-2.8562317;-4.4405265;-0.40807214;745.6406;1.3009684;199.44348;99.181725;0.3227239;332.29947;945.55664;6.143141;-0.6651208;0.78231096;1.7827749;1.0004864;1.3695694;3.945075;2256.179;6585.331;-999.8367;6131.7983;-506.12778;-553.2244
1984-04-27;-1.8808492;-3.7325947;-0.46811676;747.2888;1.2373297;223.8988;98.39282;0.32490456;332.6735;949.3408;4.3115406;-0.58595836;0.9415895;1.9553155;1.013726;2.445586;2.5737658;2183.838;6422.0522;-1317.9423;5738.154;-442.5178;-424.49445
1984-04-28;0.3042501;-3.6827495;-0.576149;747.1287;1.208519;218.84438;96.97697;0.3234395;336.20377;933.7158;2.375576;-0.60124326;1.7107874;2.7287602;1.0179877;5.2179694;0.68373233;2724.04;7523.4272;-1619.5538;5487.0913;-445.09332;-248.80444
1984-04-29;1.1506552;-5.8513694;-0.69043607;745.00226;1.4501284;226.5711;95.328285;0.3180344;343.92514;896.60645;0.04001856;-0.83325154;1.5375614;2.5546253;1.0170639;5.359296;0.002067536;3289.4333;8132.1436;-1967.8552;5107.249;-619.1178;-211.95
1984-04-30;-2.2706707;-4.4020996;-0.5264142;743.36273;1.5154005;235.42033;95.82748;0.319633;342.81967;900.6755;13.789299;-0.6573256;1.2932867;2.3070126;1.013726;2.2076817;9.980727;2338.9578;5838.3345;-1090.3645;6010.97;-496.14557;-485.63443
1984-05-01;-2.210907;-11.653889;-1.0846266;746.56616;1.0605613;193.91774;96.663246;0.32367805;340.34995;919.5964;0.023463713;-0.9431448;0.035464764;1.0457337;1.0102689;0.17860904;0.0060535967;2769.16;8028.8657;-2095.7166;4740.324;-709.48;-349.18777
1984-05-02;0.17980702;-6.054521;-0.8993276;747.7968;1.0166129;147.93604;95.3313;0.3228234;349.47168;892.04913;0.5300343;-0.5905982;0.21611899;1.2230277;1.0069087;0.82952154;0.0015944242;3142.8506;8074.2134;-1758.622;5328.3813;-433.1189;-296.78223
1984-05-03;0.94569904;-0.79482013;-0.160333;746.07184;0.9755177;105.203575;94.4576;0.31759524;356.86197;858.5612;6.8140326;-0.26978737;5.4218917;6.426349;1.0044575;9.717517;0.023931265;1978.2139;4673.5835;-541.48553;6822.6177;-191.51666;-208.57666
1984-05-04;0.9832255;-0.4411621;-0.07392883;744.5232;1.07125;45.51289;94.07528;0.30810714;360.42154;824.1374;6.5271583;-0.2725767;4.922524;6.205529;1.2829974;9.715188;0.14043972;1704.5289;3815.78;-417.98694;6963.255;-196.21889;-162.94556
1984-05-05;0.2099406;-1.6265665;-0.07425817;741.98895;0.9966442;52.35024;94.823;0.30371734;356.45834;819.6208;13.376076;-0.4168805;4.566103;5.6047144;1.0386109;7.797178;7.304817;1730.045;4132.1167;-544.06445;6779.0933;-308.3622;-218.58556
1984-05-06;0.26830038;-0.9784241;-0.15969722;745.3061;0.885201;123.87693;95.64038;0.30165434;347.56607;836.3037;4.700786;-0.40068662;4.157811;5.448401;1.2905822;8.551922;1.1666529;2030.3844;5613.109;-740.95166;6572.421;-291.85223;-316.67334
1984-05-07;1.4110922;-3.6982117;-0.47430292;746.7874;1.065547;116.23318;94.50529;0.29250947;351.86557;800.6592;0.011342764;-0.67042464;3.3552275;4.53119;1.1759624;10.028314;0.008761883;3265.1907;8150.789;-1682.7783;5541.6055;-486.945;-376.9878
1984-05-08;2.6477356;-2.958313;-0.5243861;747.69977;1.1689296;82.8007;93.96549;0.28222632;359.12695;756.4697;1.4060404;-0.50096864;4.3785124;5.890459;1.5119463;10.387241;0.0;3203.8271;7420.319;-1435.8717;5832.0967;-354.67;-217.97112
1984-05-09;3.1861572;-1.4452108;-0.329319;747.0424;1.0521276;90.84693;93.80575;0.27028617;365.30664;712.2803;1.4394969;-0.39472803;5.213201;6.674707;1.4615133;13.432522;0.0;2823.3032;6200.7275;-1127.2881;6251.844;-277.07443;-185.73889
1984-05-10;2.897105;-0.5580953;-0.2924932;746.90405;1.1307186;82.92249;93.75952;0.25617006;370.9043;664.83563;3.5023777;-0.40462333;6.6566467;8.901924;2.2452846;14.475565;0.005017966;2980.7627;6303.6978;-1044.3711;6332.86;-284.9039;-225.88777
1984-05-11;2.8105571;0.5814412;-0.27353922;750.1779;0.9592149;54.36676;93.748375;0.2413946;374.91763;620.0765;5.461686;-0.29293168;8.952409;10.796696;1.844272;17.811724;0.0;2921.1023;5995.21;-1036.4595;6335.047;-200.68222;-228.54222
1984-05-12;6.211477;-1.1128744;-0.31122336;753.1328;1.1949823;65.91089;93.74292;0.22289638;379.5332;565.87726;0.0033766027;-0.4989365;8.01789;10.508031;2.490148;19.431118;0.0;3468.4512;6962.3345;-1153.4109;6322.8677;-350.76056;-159.16777
1984-05-13;6.468221;-2.952657;-0.5014127;751.9102;1.249333;47.756638;93.74219;0.20363235;386.10806;508.50424;0.00044107434;-0.6570779;7.8234673;11.233866;3.4103916;19.415367;0.0;4166.311;8217.345;-1758.3088;5661.763;-468.71667;-162.65111
1984-05-14;5.287252;-0.29993692;-0.4578247;748.7671;1.0341144;100.76064;93.74219;0.18601096;393.6185;455.2002;2.7865767;-0.36895368;7.3080735;10.737226;3.4291596;16.51461;0.0;3118.7979;6062.3975;-1120.902;6294.87;-257.44333;-139.91
1984-05-15;3.8691914;0.9190674;-0.35840353;747.3067;1.2478333;107.80332;93.74219;0.16702147;399.8545;402.38443;4.4055047;-0.39719975;10.635391;15.76963;5.1342473;20.017054;0.00014156103;3243.7212;6243.202;-908.38696;6552.632;-276.94446;-207.74777
1984-05-16;3.8285115;1.1657614;-0.358181;749.6745;1.2683969;36.521793;93.74219;0.14923239;406.36816;353.88184;1.671806;-0.26472658;7.101908;12.343064;5.2411633;16.479828;5.2154064e-05;2817.4438;5380.1016;-868.6067;6552.368;-180.825;-168.82556
1984-05-17;5.644216;0.65737915;-0.27976227;753.38605;1.5298195;37.52994;91.114586;0.13036382;410.05014;304.97232;0.40194392;-0.5319137;8.4836035;15.707254;7.223658;20.538233;0.0;3511.4106;6601.372;-1156.8778;6325.303;-375.63666;-159.03111
1984-05-18;7.795624;1.2818094;-0.25842667;752.2693;1.0269173;141.30858;87.04679;0.10987791;416.5189;252.11589;0.7896304;-0.5691331;8.479908;16.327827;7.8479276;20.408892;0.0;3604.9229;6621.7153;-817.0978;6767.963;-396.15887;-171.16333
1984-05-19;5.362844;2.7289429;-0.17298381;746.2181;0.91480774;146.28163;84.49105;0.08984884;420.15918;203.97949;7.5849743;-0.43316746;12.846425;22.749975;9.903535;19.338549;0.0;2960.5867;5361.38;-821.54;6720.4556;-298.47;-230.57222
1984-05-20;3.4807332;1.8926086;-0.18347423;746.1829;1.208885;47.975727;83.154625;0.07261149;425.70084;162.47559;8.220064;-0.4932666;10.45689;23.39965;12.942761;18.296457;0.0;3039.1873;5467.82;-730.64166;6808.557;-340.11777;-265.34
1984-05-21;4.7612305;-0.3181356;-0.4824842;749.53345;1.2415303;52.6394;82.33472;0.054309648;427.0768;121.785484;1.2739599;-0.8190051;7.831633;22.480309;14.648676;19.111671;9.685755e-05;3709.3218;6626.0835;-1182.5364;6343.447;-582.17554;-319.2378
1984-05-22;5.3502502;0.977061;-0.99979144;750.48267;1.0682074;103.53158;72.04614;0.035119653;428.70084;79.14225;1.8602539;-0.7870356;8.363232;22.302612;13.939373;19.00986;0.0;3940.5962;6849.218;-1274.0364;6284.223;-549.55334;-319.32666
1984-05-23;5.367401;0.9597473;-0.9483579;749.75244;0.99908113;69.49591;45.135986;0.019796291;429.52475;44.718426;6.5038314;-1.2601409;6.5663457;18.504068;11.937722;12.284711;0.00010803342;4036.995;6124.7275;-1248.39;6466.172;-875.5211;-431.76334
1984-05-24;6.6546836;2.063263;-1.1195768;749.231;1.0394566;124.51361;24.83545;0.010880907;428.36914;24.576822;3.7299135;-1.5282966;4.088372;15.194774;11.106387;7.0490837;0.0;4306.6465;5967.824;-1520.2145;6359.0854;-1061.5044;-516.85443
1984-05-25;8.285858;1.578949;-0.648454;749.5779;1.3170333;257.35516;12.329915;0.005352815;426.64127;12.084961;3.3193648;-2.5238144;2.3129435;12.526899;10.213956;4.666947;0.0;5529.0024;7260.3354;-1755.5989;6382.8564;-1754.8728;-908.54443
1984-05-26;9.663391;-3.3072102;-0.8878301;749.27374;1.6444663;249.44685;5.1655273;0.0022354524;426.4375;4.964193;0.0078856945;-3.6099925;0.59354305;9.89604;9.302497;2.101697;0.0;6590.1406;8400.247;-2412.8445;5795.743;-2510.7961;-964.58887
1984-05-27;7.4281516;-4.4548135;-0.68320084;746.7128;1.8246523;203.20894;2.147461;0.0009326537;426.4375;2.2379558;0.25578424;-3.5784748;0.24095923;8.686214;8.445263;0.7968098;0.0;6715.4624;8452.226;-2438.4556;5750.2656;-2487.571;-1198.4512
1984-05-28;5.161947;-2.2298176;-0.6513354;743.7876;1.2263932;187.80878;0.95825195;0.00041707358;426.4375;1.3020834;0.6103005;-3.0753593;0.1720041;7.8428535;7.670842;0.33574924;0.0;6194.457;7752.4893;-2220.91;5902.41;-2136.8477;-1435.6823
1984-05-29;3.9486797;-0.5606181;-0.68078613;744.05664;1.2099149;141.62141;0.4400228;0.00019156933;426.4375;0.44759116;1.526996;-2.6775746;0.27278066;7.2653146;6.9925337;0.14938042;0.0;5537.0723;6908.6133;-1959.5283;6123.7705;-1860.1611;-1373.3989
1984-05-30;5.1701255;0.86383057;-0.31968942;746.46783;1.139897;145.16765;0.20467122;8.9009605e-05;426.4375;-7.345365e-21;4.3887076;-2.479421;0.78973174;7.195875;6.406151;0.07257983;0.0;4881.2896;6078.013;-1727.9222;6439.899;-1722.3844;-1067.4489
1984-05-31;5.9060364;2.29539;-0.09777832;749.1367;1.0441147;100.60616;0.09138998;3.9776165e-05;426.4375;-7.345365e-21;5.566412;-2.398258;0.9929836;6.893754;5.9007854;0.03419444;0.0;4488.0596;5579.98;-1507.3306;6741.703;-1665.9889;-956.79224
1984-06-01;6.7786965;2.3826396;-0.2155164;750.0402;1.0731578;93.083496;0.040445965;1.7404556e-05;426.4375;-7.345365e-21;6.5035996;-2.4678018;1.234889;6.6997557;5.464882;0.0155083835;0.0;4721.528;5863.1387;-1813.6589;6492.208;-1714.2977;-868.61444
1984-06-02;9.605693;1.3511251;-0.17817688;748.9045;1.1099409;106.3131;0.016682943;6.914139e-06;426.4375;-7.345365e-21;0.092077255;-3.5623229;0.014737248;5.100459;5.0857215;0.0077858567;0.0;6172.067;7655.799;-2120.1584;6455.222;-2474.6267;-942.3089
1984-06-03;11.936574;-0.4749756;-0.001780192;748.8142;1.3635198;103.442314;0.0057779946;2.503395e-06;426.4375;-7.345365e-21;0.45384765;-3.9545557;0.06082654;4.8141775;4.7533216;0.0027529895;0.0;6324.8857;7836.81;-2194.8855;6473.5317;-2747.0989;-878.7022
1984-06-04;12.542023;-1.2393698;-0.29904556;750.4964;1.3018218;194.23409;0.0026041667;1.1920929e-06;399.3138;-7.345365e-21;0.0004351138;-4.2266984;0.00020861626;4.4593215;4.4591055;0.0009164214;0.0;6876.45;8511.192;-2573.1028;6118.78;-2936.1467;-967.92224
1984-06-05;11.066437;0.5737712;-0.21249898;752.34296;1.1885604;115.146515;0.00056966144;1.9868214e-07;385.71713;-7.345365e-21;0.00085636927;-3.968006;0.00014901161;4.195988;4.1958466;0.00028312206;0.0;6791.829;8397.5625;-2486.6746;6204.892;-2756.4412;-1089.6855
1984-06-06;10.214559;3.9941204;0.0100034075;750.86444;1.1979991;61.635654;0.0;-7.3453654e-25;384.84375;-7.345365e-21;4.145248;-3.2734797;0.60485303;4.5644493;3.9595814;8.195639e-05;0.0;5752.241;7104.588;-2138.8577;6580.7783;-2273.9766;-955.61664
1984-06-07;11.220784;3.2191975;-1.1615372;749.9139;1.4783927;41.690594;0.0;-7.3453654e-25;176.50648;-7.345365e-21;0.061470274;-3.947938;0.007107854;3.753513;3.7463903;2.6077032e-05;0.0;6575.9077;8113.473;-2289.2266;6463.027;-2742.5;-1094.9845
1984-06-08;12.024892;4.317179;-0.4422442;749.61444;1.1128756;53.019455;0.0;-7.3453654e-25;105.102516;-7.345365e-21;0.18712878;-3.679406;0.020071864;3.5717487;3.5516918;7.4505806e-06;0.0;6122.715;7546.3276;-2085.6333;6840.4395;-2555.9612;-972.2733
1984-06-09;13.896504;2.6456196;0.010088603;750.1001;1.1515243;157.50847;0.0;-7.3453654e-25;99.99998;-7.345365e-21;0.0018366382;-4.088616;0.00017881393;3.373772;3.373623;0.0;0.0;6652.031;8190.2;-2402.7622;6592.7734;-2840.2256;-938.6767
1984-06-10;14.769633;-1.5583801;0.009929657;750.86835;1.3730093;185.30696;0.0;-7.3453654e-25;99.99998;-7.345365e-21;0.0017175107;-4.247295;0.00016391277;3.2099037;3.2097325;0.0;0.0;6939.9326;8535.808;-2751.02;6167.5234;-2950.4543;-931.2867
1984-06-11;13.230754;-0.511617;0.009830475;749.59106;1.3885013;168.72205;0.0;-7.3453654e-25;99.99998;-7.345365e-21;0.0;-3.8931994;0.0;3.058836;3.0588434;0.0;0.0;6973.8345;8568.526;-2735.2656;6149.809;-2704.4756;-1124.76
1984-06-12;11.613698;4.083944;0.009869893;750.10077;1.5572494;53.95879;0.0;-7.3453654e-25;99.99998;-7.345365e-21;0.0004351138;-3.3750794;4.4703484e-05;2.9199271;2.9198825;0.0;0.0;6649.7856;8161.629;-2579.5593;6316.0674;-2344.5544;-1370.7367
1984-06-13;13.830373;2.1190796;0.009900411;749.7024;1.225201;77.68738;0.0;-7.3453654e-25;99.99998;-7.345365e-21;0.0012099743;-3.6348095;0.00010430813;2.7911663;2.7910619;0.0;0.0;6983.9062;8563.014;-2837.0566;6171.6265;-2524.9812;-1170.0344
1984-06-14;14.704875;-0.6517334;0.010363261;748.5777;1.3697768;138.35506;0.0;-7.3453654e-25;99.99998;-7.345365e-21;0.0021497053;-3.605039;0.00017881393;2.671212;2.6710258;0.0;0.0;7029.676;8610.15;-3021.162;6021.3813;-2504.3;-1163.8622
1984-06-15;12.681346;2.6373188;0.010309855;748.81323;1.3969516;68.48118;0.0;-7.3453654e-25;99.99998;-7.345365e-21;0.0012826521;-3.241649;0.00011920929;2.5593638;2.5592446;0.0;0.0;6996.174;8560.066;-2939.3994;6104.7656;-2251.8655;-1360.3689
1984-06-16;13.959096;4.056722;-0.04158783;748.2864;1.3620844;64.67825;0.0;-7.3453654e-25;100.01333;-7.345365e-21;0.0008417949;-3.1605456;7.4505806e-05;2.454996;2.4549217;0.0;0.0;6964.6733;8520.538;-2938.4734;6243.1797;-2195.5266;-1347.919
1984-06-17;16.358114;0.7495015;-0.031710308;748.3741;1.3062162;95.6012;0.0;-7.3453654e-25;100.01398;-7.345365e-21;0.0008523463;-3.2614841;5.9604645e-05;2.357185;2.35714;0.0;0.0;7052.501;8626.885;-3046.0745;6304.5034;-2265.6433;-1187.3378
1984-06-18;16.689585;3.0757039;0.009999593;748.28595;1.4565396;98.672554;0.0;-7.3453654e-25;99.99998;-7.345365e-21;0.0;-2.976573;0.0;2.2653341;2.2653193;0.0;0.0;6856.6934;8386.269;-2810.8218;6691.5366;-2067.7256;-1431.4166
1984-06-19;15.922241;3.0114238;0.0099817915;745.3806;1.4808768;102.39542;0.0;-7.3453654e-25;99.99998;-7.345365e-21;0.0029325483;-2.6468914;0.00017881393;2.1793246;2.179131;0.0;0.0;6722.786;8221.393;-2795.3516;6699.8555;-1838.7067;-1623.7067
1984-06-20;13.25529;-0.5903422;0.010124207;742.7305;1.8379517;155.50421;0.0;-7.3453654e-25;99.99998;-7.345365e-21;0.0018060207;-2.260642;0.00011920929;2.0984113;2.0982697;0.0;0.0;6825.225;8345.589;-2940.2922;6289.217;-1570.3922;-2115.2588
1984-06-21;11.780365;-4.4888206;0.0105781555;744.4629;1.3956075;171.34505;0.0;-7.3453654e-25;99.99998;-7.345365e-21;0.0008527497;-2.0335093;5.9604645e-05;2.0224452;2.0223782;0.0;0.0;6978.735;8532.224;-3053.4038;6003.1533;-1412.6111;-2301.2822
1984-06-22;11.063202;-4.624949;0.010083516;747.19354;1.4297018;119.27282;0.0;-7.3453654e-25;99.99998;-7.345365e-21;0.0008470188;-1.9584941;5.9604645e-05;1.9509196;1.95086;0.0;0.0;7031.886;8595.993;-3117.338;5942.439;-1360.5011;-2315.729
1984-06-23;11.059215;0.18427531;0.010112762;750.1097;0.99410146;77.793335;0.0;-7.3453654e-25;99.99998;-7.345365e-21;0.35935938;-1.7803777;0.023707747;1.9072741;1.8835738;0.0;0.0;6286.796;7684.1665;-2705.7705;6455.6235;-1236.7689;-1952.5878
1984-06-24;13.38383;0.95655316;0.010080974;750.6762;1.1004835;69.53099;0.0;-7.3453654e-25;99.99998;-7.345365e-21;0.029706955;-2.033474;0.0019222498;1.8217415;1.8198266;0.0;0.0;6610.628;8079.013;-2836.8716;6576.39;-1412.5856;-1872.5756
1984-06-25;14.74233;1.301351;0.009986877;749.76416;1.2662047;72.58517;0.0;-7.3453654e-25;99.99998;-7.345365e-21;0.01744926;-1.9360092;0.00090897083;1.7600805;1.7591715;0.0;0.0;6641.3804;8115.5244;-2925.2043;6610.825;-1344.8811;-1851.0111
1984-06-26;16.636017;1.5394694;0.010000865;750.105;1.3836042;109.01929;0.0;-7.3453654e-25;99.99998;-7.345365e-21;0.0;-1.922328;0.0;1.701504;1.701504;0.0;0.0;6661.451;8139.009;-2937.8528;6801.1743;-1335.3778;-1846.4756
1984-06-27;17.736624;3.8044536;0.009947459;751.04395;1.3750728;81.067375;0.0;-7.3453654e-25;99.99998;-7.345365e-21;0.001424551;-1.8502567;8.940697e-05;1.6467124;1.6466379;0.0;0.0;6567.865;8023.6724;-2821.025;7099.5957;-1285.3123;-1842.5978
1984-06-28;19.189575;3.2436829;0.0100695295;751.77814;1.4324571;92.197876;0.0;-7.3453654e-25;99.99998;-7.345365e-21;0.0;-1.8181149;0.0;1.594454;1.5944614;0.0;0.0;6507.1846;7948.52;-2884.9194;7172.0244;-1262.9845;-1759.7078
1984-06-29;19.186808;4.421346;0.010045369;751.40375;1.3742207;89.054955;0.0;-7.3453654e-25;100.00519;-7.345365e-21;0.0017762184;-1.6228389;0.00010430813;1.5450418;1.5449226;0.0;0.0;6109.975;7462.359;-2770.307;7264.2095;-1127.3323;-1722.2789
1984-06-30;19.113333;2.819041;0.009942372;751.1087;1.388515;119.79917;0.0;-7.3453654e-25;99.99998;-7.345365e-21;0.0008518555;-1.5546345;4.4703484e-05;1.4979988;1.4979541;0.0;0.0;5939.16;7252.7812;-2733.8884;7287.3813;-1079.9523;-1640.9545
1984-07-01;18.761007;3.2048137;0.010153453;750.4854;1.3331596;108.33605;0.0;-7.3453654e-25;99.99998;-7.345365e-21;0.0025480986;-1.473207;0.00011920929;1.4533997;1.4532655;0.0;0.0;5778.668;7055.792;-2671.593;7336.684;-1023.38776;-1641.1644
1984-07-02;18.353424;3.8690796;0.010035197;750.4567;1.4524808;76.991135;0.0;-7.3453654e-25;100.00259;-7.345365e-21;0.0068604946;-1.4261706;0.0003427267;1.4110655;1.4107153;0.0;0.0;5837.54;7126.892;-2672.5244;7338.5884;-990.7133;-1732.3289
1984-07-03;17.575531;6.799469;0.010158539;750.73004;1.7106434;59.64317;0.0;-7.3453654e-25;99.99998;-7.345365e-21;0.3244739;-1.4220476;0.019013882;1.3890266;1.3700128;0.0;0.0;6236.476;7612.906;-2645.8596;7356.7134;-987.8489;-2203.359
1984-07-04;18.083517;4.0773826;0.010163625;750.2614;1.4151082;94.181335;0.0;-7.3453654e-25;99.99998;-7.345365e-21;0.013047456;-1.627367;0.0007301569;1.331687;1.3309568;0.0;0.0;6453.6025;7876.983;-2865.7253;7178.5527;-1130.4767;-2048.7544
1984-07-05;18.743164;3.6191711;0.010157268;750.66766;1.4000487;84.26804;0.0;-7.3453654e-25;99.99998;-7.345365e-21;0.014448166;-1.4092866;0.00074505806;1.2944341;1.2936666;0.0;0.0;5888.915;7186.791;-2657.1936;7417.94;-978.98444;-1781.2733
1984-07-06;19.58139;3.3086548;0.010229747;750.9634;1.3422228;89.87777;0.0;-7.3453654e-25;100.03416;-7.345365e-21;0.0016272068;-1.3401564;7.4505806e-05;1.2582093;1.2581275;0.0;0.0;5735.892;6999.128;-2669.1768;7477.0776;-930.9622;-1689.39
1984-07-07;20.363028;1.7130737;0.00995636;750.58624;1.412414;83.073395;0.0;-7.3453654e-25;99.99998;-7.345365e-21;0.0017356861;-1.4937884;8.940697e-05;1.2239814;1.223892;0.0;0.0;6550.0044;7991.5127;-3067.7178;7227.61;-1037.6844;-1949.3955
1984-07-08;20.237497;2.2058716;0.009744008;749.18756;1.3787838;87.57795;0.0;-7.3453654e-25;99.99998;-7.345365e-21;0.0017307275;-1.3893023;0.00010430813;1.1910498;1.1909455;0.0;0.0;6315.589;7704.487;-2989.8865;7284.959;-965.10223;-1892.2933
1984-07-09;20.323618;2.9367573;0.009980519;749.7283;1.3059798;93.4812;0.0;-7.3453654e-25;100.00519;-7.345365e-21;0.0;-1.3550036;0.0;1.15937;1.1593848;0.0;0.0;6264.1025;7640.614;-2903.9934;7422.2744;-941.2756;-1939.2755
1984-07-10;20.7051;2.412801;0.009918213;750.40704;1.3305247;124.28302;0.0;-7.3453654e-25;99.99998;-7.345365e-21;0.0025737844;-1.2240075;0.00013411045;1.1293888;1.1292398;0.0;0.0;5676.114;6922.59;-2627.3293;7687.2153;-850.2767;-1721.5712
1984-07-11;20.864695;0.7520752;0.009600322;749.8672;1.4282812;108.54993;0.0;-7.3453654e-25;99.99998;-7.345365e-21;0.0;-1.3120472;0.0;1.1003017;1.1002868;0.0;0.0;6245.074;7615.6157;-2956.2622;7433.6924;-911.43555;-2000.0144
1984-07-12;20.052084;-0.89020795;0.010047913;749.43066;1.4332942;111.262535;0.0;-7.3453654e-25;99.99998;-7.345365e-21;0.0012814989;-1.2865243;7.4505806e-05;1.0724068;1.0723323;0.0;0.0;6620.5957;8072.3564;-3229.2554;7021.939;-893.70447;-2165.5632
1984-07-13;18.12264;-0.47799683;0.010158539;749.2056;1.5233808;109.18802;0.0;-7.3453654e-25;99.99998;-7.345365e-21;0.0014185905;-1.1848099;7.4505806e-05;1.0455102;1.0454506;0.0;0.0;6655.247;8113.5225;-3175.1545;6865.6167;-823.0478;-2431.6978
1984-07-14;17.112589;-2.7481587;0.009904225;749.0793;1.443453;172.83887;0.0;-7.3453654e-25;99.99998;-7.345365e-21;0.0009983777;-1.1392571;4.4703484e-05;1.0196567;1.0196044;0.0;0.0;6707.33;8175.9546;-3309.1162;6580.6123;-791.4033;-2449.0867
1984-07-15;16.554697;-6.3607383;0.009988149;747.82007;1.2582698;160.27832;0.0;-7.3453654e-25;99.99998;-7.345365e-21;0.0;-1.1760285;0.0;0.9947121;0.99471956;0.0;0.0;6955.8535;8477.906;-3546.2222;6330.1616;-816.94775;-2246.0544
1984-07-16;17.762756;-1.174469;0.010304769;747.84546;1.3920379;91.05906;0.0;-7.3453654e-25;99.99998;-7.345365e-21;0.0068813562;-1.09067;0.00031292439;0.9711236;0.97081065;0.0;0.0;6272.5923;7643.511;-3075.5107;6928.6133;-757.6522;-2052.328
1984-07-17;17.483255;5.3508606;0.009962718;749.9609;1.4159666;53.438217;0.0;-7.3453654e-25;99.99998;-7.345365e-21;0.40867925;-1.0338556;0.021770597;0.96975267;0.9479895;0.0;0.0;5711.1724;6957.84;-2620.6216;7377.0195;-718.185;-2053.1733
1984-07-18;18.151825;2.6471965;0.009953816;751.08417;1.3653665;91.58459;0.0;-7.3453654e-25;99.99998;-7.345365e-21;0.0050902367;-1.1633708;0.00020861626;0.9262711;0.92606246;0.0;0.0;6073.195;7397.211;-2895.2256;7160.19;-808.1556;-2041.3944
1984-07-19;17.857798;2.1243694;0.009849548;750.01074;1.2250372;53.058243;0.0;-7.3453654e-25;99.99998;-7.345365e-21;0.057345647;-1.0210005;0.002875924;0.90768933;0.9048134;0.0;0.0;5683.3906;6920.9556;-2774.4585;7242.36;-709.25555;-1898.7922
1984-07-20;19.176218;0.72806805;0.010121663;749.5795;1.9154452;51.511242;0.0;-7.3453654e-25;99.99998;-7.345365e-21;0.0034987924;-1.0495968;0.00016391277;0.8845031;0.8843392;0.0;0.0;6091.0312;7415.6304;-2874.7734;7241.42;-729.12;-2072.9045
1984-07-21;19.473755;-0.37260947;0.009899139;751.1851;1.74123;50.75867;0.0;-7.3453654e-25;99.99998;-7.345365e-21;0.0017106531;-1.0734909;8.940697e-05;0.8645952;0.86449087;0.0;0.0;6324.1543;7697.7754;-3016.8474;7184.618;-745.7183;-2210.7
1984-07-22;19.913675;0.7243347;0.0101674395;752.6943;1.267513;47.89638;0.0;-7.3453654e-25;99.99998;-7.345365e-21;0.033726867;-0.9716637;0.0017881393;0.8471012;0.8453354;0.0;0.0;5527.1426;6726.1787;-2654.3057;7598.1523;-674.98224;-1781.6633
1984-07-23;20.226257;0.5425212;0.0100911455;751.95483;1.0371281;84.247375;0.0;-7.3453654e-25;99.99998;-7.345365e-21;0.050626777;-0.99452585;0.0026673079;0.82957745;0.82692504;0.0;0.0;5500.83;6692.57;-2570.5598;7769.979;-690.86334;-1801.8345
1984-07-24;19.747498;0.065226234;0.009986877;749.55225;1.5285193;134.10158;0.0;-7.3453654e-25;99.99998;-7.345365e-21;0.006499931;-0.93944556;0.0002682209;0.8094311;0.8091703;0.0;0.0;5701.524;6935.114;-2853.1467;7298.458;-652.60223;-1977.8889
1984-07-25;17.771881;-0.37235513;0.009634654;748.3477;1.6095667;141.26772;0.0;-7.3453654e-25;99.99998;-7.345365e-21;0.00050197216;-0.9672521;2.9802322e-05;0.7919073;0.7919073;0.0;0.0;6712.1123;8162.5034;-3191.2456;6824.1636;-671.9178;-2701.8245
1984-07-26;16.263184;-0.26514688;0.0102005005;749.52783;1.4653536;162.6896;0.0;-7.3453654e-25;99.99998;-7.345365e-21;0.49962103;-0.96459687;0.026151538;0.80144405;0.7752776;0.0;0.0;6144.5435;7470.796;-2882.9558;6852.9224;-670.0733;-2495.0356
1984-07-27;16.570353;-3.981496;0.009830475;749.6254;1.1772755;120.32169;0.0;-7.3453654e-25;99.99998;-7.345365e-21;0.00086045364;-1.1320077;4.4703484e-05;0.75918436;0.75913966;0.0;0.0;6845.786;8321.384;-3434.9521;6396.758;-786.3678;-2411.3967
1984-07-28;16.750143;-5.5274863;0.010215759;748.3942;1.3610591;149.98628;0.0;-7.3453654e-25;99.99998;-7.345365e-21;0.00044107434;-1.0151099;2.9802322e-05;0.7433891;0.7433742;0.0;0.0;6901.8477;8387.639;-3554.7612;6286.042;-705.1633;-2394.8289
1984-07-29;17.225504;-7.079824;0.009963989;748.8017;1.2581363;119.99707;0.0;-7.3453654e-25;99.99998;-7.345365e-21;0.0017345856;-0.98223615;8.940697e-05;0.72818995;0.72810054;0.0;0.0;6888.395;8369.498;-3649.4983;6243.7954;-682.32666;-2300.7922
1984-07-30;17.529196;-9.744568;0.010218303;749.29144;1.3314322;146.13994;0.0;-7.3453654e-25;99.99998;-7.345365e-21;0.0008583069;-0.9379052;4.4703484e-05;0.7133782;0.7133335;0.0;0.0;6974.5166;8472.232;-3777.7654;6064.7446;-651.5322;-2276.1868
1984-07-31;18.234436;-7.371775;0.010075887;750.4628;1.2828707;153.84135;0.0;-7.3453654e-25;99.99998;-7.345365e-21;0.0;-0.9071864;0.0;0.6990731;0.6990582;0.0;0.0;6803.3867;8262.526;-3548.9167;6384.5757;-630.1922;-2311.8577
1984-08-01;17.399017;-7.185842;0.009799957;749.6816;1.3813552;169.54085;0.0;-7.3453654e-25;99.99998;-7.345365e-21;0.0021473207;-0.88717043;0.00011920929;0.6853342;0.68522245;0.0;0.0;6811.1074;8270.043;-3649.703;6208.63;-616.2867;-2359.0745
1984-08-02;15.967468;-5.6004333;0.00968043;748.7449;1.3705944;120.50527;0.0;-7.3453654e-25;99.99998;-7.345365e-21;0.0017166131;-0.86673534;8.195639e-05;0.67187846;0.67178905;0.0;0.0;6908.3926;8386.209;-3641.2517;6128.3633;-602.0922;-2401.86
1984-08-03;15.776723;1.4981079;0.009524028;749.8247;1.3268461;67.289696;0.0;-7.3453654e-25;99.99998;-7.345365e-21;0.0012844794;-0.7883627;7.4505806e-05;0.65883994;0.65878034;0.0;0.0;6088.0225;7388.5195;-2902.1108;6953.8213;-547.64886;-2333.9644
1984-08-04;17.370584;2.4644268;0.009999593;749.42596;1.3411322;93.43716;0.0;-7.3453654e-25;99.99998;-7.345365e-21;0.0025710843;-0.85422117;0.00012665987;0.64624846;0.64611435;0.0;0.0;6383.148;7745.2227;-3109.2722;6921.541;-593.39777;-2313.3188
1984-08-05;17.14321;1.393219;0.010092418;748.00806;1.4239873;114.36932;0.0;-7.3453654e-25;99.99998;-7.345365e-21;0.00091519434;-0.7946193;4.4703484e-05;0.6338656;0.6338209;0.0;0.0;6159.26;7471.927;-3063.4927;6871.6167;-551.99554;-2354.2012
1984-08-06;16.154928;-4.2928367;0.009794871;747.53394;1.4101915;141.59598;0.0;-7.3453654e-25;99.99998;-7.345365e-21;0.0004351138;-0.8126981;2.9802322e-05;0.62192976;0.62189996;0.0;0.0;6663.574;8081.8545;-3450.953;6340.47;-564.55334;-2513.2932
1984-08-07;15.067332;-5.630188;0.0097846985;748.2749;1.4290066;169.91408;0.0;-7.3453654e-25;99.99998;-7.345365e-21;0.0;-0.7680459;0.0;0.61033666;0.61033666;0.0;0.0;6724.0674;8153.5015;-3491.3247;6139.1055;-533.5356;-2583.1833
1984-08-08;14.347728;-4.546509;0.010044098;748.18353;1.2707027;138.26773;0.0;-7.3453654e-25;99.99998;-7.345365e-21;0.0;-0.7569436;0.0;0.5991459;0.5991459;0.0;0.0;6683.382;8102.367;-3424.3262;6185.258;-525.8239;-2551.7656
1984-08-09;15.371287;-2.2646282;0.01007843;749.5349;1.1950583;98.19689;0.0;-7.3453654e-25;99.99998;-7.345365e-21;0.0;-0.78149325;0.0;0.58822334;0.58822334;0.0;0.0;6334.222;7677.224;-3135.5972;6664.566;-542.87665;-2339.7122
1984-08-10;16.222433;-0.46514893;0.009988149;748.9199;1.3339013;97.74384;0.0;-7.3453654e-25;99.99998;-7.345365e-21;0.017613173;-0.75276566;0.0006854534;0.57831407;0.5776137;0.0;0.0;6096.529;7387.545;-3084.9084;6764.4883;-522.9211;-2201.85
1984-08-11;14.468547;5.491394;0.010017395;748.836;1.7649428;48.9632;0.0;-7.3453654e-25;99.99998;-7.345365e-21;0.59170353;-0.7635299;0.02861023;0.59607625;0.567466;0.0;0.0;5716.743;6925.368;-2586.6892;7120.3457;-530.39886;-2387.3254
1984-08-12;15.151622;3.684306;0.009600322;749.0393;1.3572664;52.046158;0.0;-7.3453654e-25;99.99998;-7.345365e-21;0.14810264;-0.8714832;0.0074505806;0.56508183;0.55763125;0.0;0.0;5709.778;6915.8994;-2717.4998;7069.371;-605.39;-2220.92
1984-08-13;16.317902;0.54944867;0.0101076765;748.7288;1.2483344;142.40762;0.0;-7.3453654e-25;99.99998;-7.345365e-21;0.0030100346;-0.92470646;0.00013411045;0.5480498;0.5479157;0.0;0.0;6229.6406;7543.8296;-3088.825;6741.944;-642.36334;-2273.3433
1984-08-14;16.66921;-4.4206543;0.010039012;747.74664;1.5095695;162.32283;0.0;-7.3453654e-25;99.99998;-7.345365e-21;0.0008523463;-0.8000238;4.4703484e-05;0.53849816;0.53845346;0.0;0.0;6531.3213;7907.4565;-3368.9558;6384.0854;-555.75;-2438.601
1984-08-15;15.087779;-2.931142;0.00974528;747.3625;1.3486875;207.35767;0.0;-7.3453654e-25;99.99998;-7.345365e-21;0.00086128706;-0.71822757;4.4703484e-05;0.52930415;0.52925944;0.0;0.0;6439.6294;7794.7534;-3270.8403;6349.4824;-498.9289;-2546.369
1984-08-16;15.30306;-2.5758057;0.0099487305;748.8597;1.1981401;121.404976;0.0;-7.3453654e-25;99.99998;-7.345365e-21;0.00042617318;-0.7323399;2.9802322e-05;0.52030385;0.52028894;0.0;0.0;6457.0376;7814.826;-3361.5254;6322.0366;-508.7322;-2385.031
1984-08-17;15.815074;-3.6526387;0.009900411;749.08246;1.2563213;114.02634;0.0;-7.3453654e-25;99.99998;-7.345365e-21;0.0008523463;-0.7350231;4.4703484e-05;0.51157176;0.51152706;0.0;0.0;6445.2393;7799.53;-3423.8066;6282.5566;-510.5961;-2316.9478
1984-08-18;16.325022;-6.752401;0.009938558;748.9749;1.2094549;107.32809;0.0;-7.3453654e-25;99.99998;-7.345365e-21;0.00086426723;-0.7356275;4.4703484e-05;0.5030334;0.5029887;0.0;0.0;6563.1045;7941.251;-3735.5532;5955.2354;-511.01556;-2133.5479
1984-08-19;17.46404;-2.4062805;0.01007843;750.40186;1.4111481;82.80341;0.0;-7.3453654e-25;99.99998;-7.345365e-21;0.00044107434;-0.74740124;2.9802322e-05;0.49468875;0.49465895;0.0;0.0;6380.5283;7719.4146;-3374.0344;6519.0386;-519.19446;-2062.5188
1984-08-20;19.423258;3.5156758;0.01007843;750.6501;1.4109017;92.31125;0.0;-7.3453654e-25;99.99998;-7.345365e-21;0.0;-0.75619483;0.0;0.486508;0.486508;0.0;0.0;6167.5127;7460.8145;-3113.2708;7051.2275;-525.30334;-2083.9268
1984-08-21;20.13505;1.9213156;0.010130565;750.03174;1.3629156;111.45742;0.0;-7.3453654e-25;99.99998;-7.345365e-21;0.0017107995;-0.7531643;8.940697e-05;0.4786253;0.4785508;0.0;0.0;6136.459;7422.3345;-3153.8992;7081.6455;-523.19775;-2101.31
1984-08-22;19.54194;-1.5361532;0.009798686;749.58417;1.3981318;142.02296;0.0;-7.3453654e-25;99.99998;-7.345365e-21;0.00043495191;-0.7174909;2.9802322e-05;0.4708469;0.470832;0.0;0.0;6224.653;7528.0845;-3373.28;6706.298;-498.41666;-2136.8667
1984-08-23;18.313437;-5.75767;0.010297139;749.70404;1.3657845;171.6959;0.0;-7.3453654e-25;99.99998;-7.345365e-21;0.0;-0.6906651;0.0;0.4633367;0.4633367;0.0;0.0;6217.797;7518.95;-3468.6272;6418.8223;-479.78223;-2155.8245
1984-08-24;17.156748;-8.605469;0.009979248;749.7032;1.2570045;128.68837;0.0;-7.3453654e-25;99.99998;-7.345365e-21;0.0008612871;-0.6701173;4.4703484e-05;0.45606494;0.45603514;0.0;0.0;6339.4194;7665.1094;-3698.4387;6000.043;-465.50778;-2098.69
1984-08-25;15.577606;-8.57489;0.0103263855;748.05634;1.326781;159.30806;0.0;-7.3453654e-25;99.99998;-7.345365e-21;0.0;-0.63893664;0.0;0.44892728;0.44892728;0.0;0.0;6251.9775;7558.49;-3567.7402;5973.281;-443.84778;-2187.78
1984-08-26;15.059316;-8.91154;0.009970347;747.5241;1.3462634;204.2544;0.0;-7.3453654e-25;99.99998;-7.345365e-21;0.0;-0.60851127;0.0;0.44199824;0.44199824;0.0;0.0;6181.1787;7471.988;-3439.085;6019.048;-422.71222;-2222.6677
1984-08-27;15.176544;-5.7261453;0.009936015;748.69574;1.4043884;187.68254;0.0;-7.3453654e-25;99.99998;-7.345365e-21;0.0;-0.6090058;0.0;0.43526292;0.43526292;0.0;0.0;6086.4854;7356.6475;-3349.566;6165.015;-423.05667;-2189.81
1984-08-28;15.340861;-3.5722046;0.009897868;749.9602;1.3192621;185.33391;0.0;-7.3453654e-25;99.99998;-7.345365e-21;0.0008583069;-0.60842836;4.4703484e-05;0.4287064;0.4286617;0.0;0.0;6050.6343;7312.4473;-3329.6528;6204.5845;-422.65445;-2130.1956
1984-08-29;14.409068;-4.472351;0.010068257;749.9616;1.3433048;114.858086;0.0;-7.3453654e-25;99.99998;-7.345365e-21;0.0;-0.5968455;0.0;0.4222393;0.4222393;0.0;0.0;6010.7563;7263.332;-3292.0764;6179.141;-414.6089;-2202.5823
1984-08-30;13.658336;0.17665608;0.009597778;749.4112;1.3218542;112.21134;0.0;-7.3453654e-25;99.99998;-7.345365e-21;0.00042617318;-0.53048694;1.4901161e-05;0.41601062;0.41598082;0.0;0.0;5324.578;6433.0864;-2715.0369;6733.562;-368.5122;-2128.7957
1984-08-31;13.363423;-0.1985728;0.009869893;748.4555;1.2969934;109.31701;0.0;-7.3453654e-25;99.99998;-7.345365e-21;0.00085234636;-0.5606823;4.4703484e-05;0.40993094;0.40987134;0.0;0.0;5724.053;6915.1157;-3010.6091;6410.5967;-389.4878;-2237.422
1984-09-01;14.241608;-1.6421102;0.0100746155;749.0396;1.3379766;120.036736;0.0;-7.3453654e-25;99.99998;-7.345365e-21;0.00044107434;-0.57428515;1.4901161e-05;0.40391088;0.40388107;0.0;0.0;5855.4614;7073.141;-3260.8218;6168.6772;-398.93668;-2116.1233
1984-09-02;14.934987;-5.488627;0.010058085;750.846;1.2688383;95.980354;0.0;-7.3453654e-25;99.99998;-7.345365e-21;0.0;-0.60361063;0.0;0.39801002;0.39802492;0.0;0.0;5918.9883;7149.0107;-3419.9797;6078.291;-419.3089;-1875.5309
1984-09-03;16.703867;-6.4698386;0.009963989;751.7177;1.3500758;91.01136;0.0;-7.3453654e-25;99.99998;-7.345365e-21;0.0008583069;-0.61782825;4.4703484e-05;0.39231777;0.39228797;0.0;0.0;5897.428;7122.1196;-3515.4639;6105.4927;-429.18445;-1739.1167
1984-09-04;15.758138;0.75602216;0.009766896;752.35406;1.4506189;63.618053;0.0;-7.3453654e-25;99.99998;-7.345365e-21;0.0012648243;-0.5800165;5.9604645e-05;0.38671494;0.38667023;0.0;0.0;5701.844;6885.0684;-3103.8484;6552.292;-402.9178;-1895.9913
1984-09-05;15.593556;1.4218546;0.009887695;752.093;1.370995;92.66381;0.0;-7.3453654e-25;99.99998;-7.345365e-21;0.0004172325;-0.5737748;1.4901161e-05;0.3812015;0.3811866;0.0;0.0;5596.4365;6757.004;-3042.4963;6598.529;-398.5822;-1986.7633
1984-09-06;15.042378;-0.63254803;0.010367076;751.0811;1.2653314;115.3167;0.0;-7.3453654e-25;99.99998;-7.345365e-21;0.0004351138;-0.55884385;1.4901161e-05;0.375852;0.3758222;0.0;0.0;5588.187;6746.185;-3030.85;6548.783;-388.21;-2023.5778
1984-09-07;14.921855;-2.5615742;0.009764354;749.3167;1.3024765;129.2985;0.0;-7.3453654e-25;99.99998;-7.345365e-21;0.0012844794;-0.55378675;5.9604645e-05;0.37063658;0.37058443;0.0;0.0;5538.927;6685.915;-3052.8643;6487.104;-384.69666;-1999.8256
1984-09-08;13.04008;-3.8178813;0.009871165;747.3167;1.5355943;114.50443;0.0;-7.3453654e-25;99.99998;-7.345365e-21;0.012710142;-0.48601255;0.0004917383;0.36597252;0.36549568;0.0;0.0;5206.5356;6283.8765;-2824.9834;6460.036;-337.61667;-2040.2178
1984-09-09;11.407277;-0.5480652;0.009941101;748.69696;1.1787592;94.220665;0.0;-7.3453654e-25;99.99998;-7.345365e-21;0.732252;-0.66604465;0.034749508;0.3953874;0.3606528;0.0;0.0;4650.0146;5611.5654;-2460.689;6641.394;-462.6789;-1817.7123
1984-09-10;12.476135;-2.662913;0.009901683;752.1189;1.2096237;137.51039;0.0;-7.3453654e-25;99.99998;-7.345365e-21;0.0016008407;-0.68010855;5.9604645e-05;0.35594404;0.35585463;0.0;0.0;5385.2935;6498.1284;-2908.4524;6278.276;-472.44888;-1963.9667
1984-09-11;13.471171;-4.9796753;0.009885152;754.2483;1.3014349;166.31381;0.0;-7.3453654e-25;99.99998;-7.345365e-21;0.00044107434;-0.6060172;2.9802322e-05;0.35116076;0.35111606;0.0;0.0;5477.9316;6609.155;-3110.2612;6106.5776;-420.98;-1868.2444
1984-09-12;13.571797;-5.501638;0.00987498;754.9783;1.1552787;125.83862;0.0;-7.3453654e-25;99.99998;-7.345365e-21;0.0017203883;-0.54105836;8.940697e-05;0.3465712;0.3464818;0.0;0.0;4957.6313;5980.702;-2845.9402;6413.8833;-375.85666;-1611.7925
1984-09-13;13.981517;-6.6801147;0.009871165;753.5886;1.2452477;125.89758;0.0;-7.3453654e-25;99.99998;-7.345365e-21;0.0012844794;-0.54213405;5.9604645e-05;0.34199655;0.34193695;0.0;0.0;5401.2256;6515.0522;-3241.2197;6031.297;-376.60223;-1740.0044
1984-09-14;13.134969;-10.76299;0.009754181;751.55;1.3205794;92.89303;0.0;-7.3453654e-25;99.99998;-7.345365e-21;0.0021457663;-0.51025206;0.00010430813;0.3375858;0.3374815;0.0;0.0;5474.572;6602.7207;-3470.7266;5613.8535;-354.45557;-1697.5211
1984-09-15;12.597443;-9.50883;0.010096232;752.09564;1.2015364;128.50676;0.0;-7.3453654e-25;99.99998;-7.345365e-21;0.0012639975;-0.4960643;5.9604645e-05;0.33318996;0.33313036;0.0;0.0;5366.4565;6471.5444;-3250.421;5813.517;-344.59888;-1676.0455
1984-09-16;13.247162;-7.5690713;0.010211945;754.4096;1.1973473;151.14941;0.0;-7.3453654e-25;99.99998;-7.345365e-21;0.0012814989;-0.4938105;5.9604645e-05;0.32891333;0.32886863;0.0;0.0;5281.537;6363.6025;-3119.2;6059.372;-343.03333;-1678.1156
1984-09-17;13.106425;-5.1542053;0.01031367;754.41846;1.2664855;112.604004;0.0;-7.3453654e-25;99.99998;-7.345365e-21;0.0011205673;-0.47791284;5.9604645e-05;0.3247261;0.3246814;0.0;0.0;4993.524;6011.278;-2871.5903;6364.8013;-331.99;-1645.7123
1984-09-18;13.16864;-3.3899434;0.010072072;752.52637;1.1886055;101.58603;0.0;-7.3453654e-25;99.99998;-7.345365e-21;0.0012844801;-0.4583234;4.4703484e-05;0.3206432;0.32059848;0.0;0.0;4950.189;5953.9146;-2878.3042;6314.6562;-318.38223;-1691.0555
1984-09-19;12.866139;-6.147227;0.009880066;751.37213;1.3067201;128.34953;0.0;-7.3453654e-25;99.99998;-7.345365e-21;0.00044107434;-0.4685912;1.4901161e-05;0.31661987;0.31659007;0.0;0.0;5192.786;6240.262;-3115.6238;6023.4;-325.51443;-1723.0688
1984-09-20;12.305196;-5.841858;0.009829204;752.0179;1.4007068;97.21899;0.0;-7.3453654e-25;99.99998;-7.345365e-21;0.00042764744;-0.4419023;1.4901161e-05;0.31270087;0.31268597;0.0;0.0;4980.4907;5979.975;-2955.1606;6106.4653;-306.97446;-1662.1934
1984-09-21;12.494853;-3.1007588;0.010002136;754.90436;1.0052713;95.85221;0.0;-7.3453654e-25;99.99998;-7.345365e-21;0.11314452;-0.4656911;0.005155802;0.31402707;0.30885637;0.0;0.0;4640.114;5566.421;-2731.014;6427.1855;-323.5;-1465.7866
1984-09-22;13.353709;-2.815623;0.010314941;756.18097;1.216952;140.2914;0.0;-7.3453654e-25;99.99998;-7.345365e-21;0.0005394219;-0.48266166;1.4901161e-05;0.30513108;0.30510128;0.0;0.0;4923.2715;5900.9956;-2882.9985;6300.9023;-335.28778;-1594.0734
1984-09-23;13.640157;-5.8957925;0.009775798;755.2413;1.258046;123.85122;0.0;-7.3453654e-25;99.99998;-7.345365e-21;0.0017225739;-0.48293546;8.940697e-05;0.3014803;0.3014058;0.0;0.0;4956.016;5935.0835;-2953.1973;6266.3433;-335.48;-1563.0266
1984-09-24;13.397786;-5.843811;0.009848277;754.24097;1.1743006;121.82357;0.0;-7.3453654e-25;99.99998;-7.345365e-21;0.13563037;-0.46188384;0.0063851476;0.3041923;0.29779226;0.0;0.0;4455.8516;5331.4976;-2709.3694;6456.0674;-320.85556;-1330.2511
1984-09-25;13.118388;-3.7442932;0.010039012;754.86945;1.3013412;51.598736;0.0;-7.3453654e-25;99.99998;-7.345365e-21;0.2600491;-0.50136447;0.011712313;0.30601025;0.29427558;0.0;0.0;4549.579;5438.919;-2676.6897;6499.013;-348.2811;-1430.4711
1984-09-26;13.289185;-2.9163716;0.010152181;755.81;0.98757046;64.56031;0.0;-7.3453654e-25;99.99998;-7.345365e-21;0.049183965;-0.5399734;0.0021904707;0.29301643;0.29084086;0.0;0.0;4401.974;5257.9434;-2661.185;6508.2866;-375.1011;-1277.9589
1984-09-27;12.795227;-3.5952148;0.010149638;754.3672;0.89567184;127.45489;0.0;-7.3453654e-25;99.99998;-7.345365e-21;0.1534926;-0.51485;0.007286668;0.29472262;0.28743595;0.0;0.0;4469.2505;5333.6987;-2616.6455;6548.6504;-357.65;-1413.3434
1984-09-28;12.250905;-5.3698425;0.009792328;754.08405;1.2529483;151.16206;0.0;-7.3453654e-25;99.99998;-7.345365e-21;0.0944227;-0.47293866;0.0043585896;0.28848648;0.2841279;0.0;0.0;4302.5796;5130.312;-2632.922;6300.974;-328.535;-1460.63
1984-09-29;11.861369;-7.4557495;0.010060628;754.9861;1.1794997;123.23112;0.0;-7.3453654e-25;99.99998;-7.345365e-21;0.00086426723;-0.49015135;4.4703484e-05;0.2809465;0.2808869;0.0;0.0;4798.3813;5716.5977;-2959.0088;5944.5806;-340.49222;-1484.1823
1984-09-30;11.720245;-7.4029746;0.009970347;755.4023;1.2451123;84.47506;0.0;-7.3453654e-25;99.99998;-7.345365e-21;0.0012934206;-0.45185256;5.9604645e-05;0.27772784;0.27768314;0.0;0.0;4621.067;5500.5815;-2858.6172;6065.62;-313.8872;-1430.7678
1984-10-01;11.315002;-6.6634216;0.0099436445;754.84644;1.32573;80.263725;0.0;-7.3453654e-25;99.99998;-7.345365e-21;0.005552253;-0.40398723;0.00023841858;0.2747774;0.2745539;0.0;0.0;4316.9263;5134.0835;-2687.3616;6180.37;-280.6361;-1360.8033
1984-10-02;10.713695;-4.8563943;0.009873708;754.853;1.2254671;86.54189;0.0;-7.3453654e-25;99.99998;-7.345365e-21;0.08485019;-0.39094222;0.0039190054;0.27541816;0.27148426;0.0;0.0;4214.754;5008.3335;-2607.2588;6193.1597;-271.57388;-1373.5133
1984-10-03;10.853038;-7.537374;0.010049184;755.47626;1.0844777;128.64809;0.0;-7.3453654e-25;99.99998;-7.345365e-21;0.021631336;-0.4284419;0.0009536743;0.2694428;0.26848912;0.0;0.0;4392.782;5215.343;-2757.6384;6092.22;-297.62445;-1304.1389
1984-10-04;10.329265;-6.800171;0.010092418;755.0911;1.1487685;133.59625;0.0;-7.3453654e-25;99.99998;-7.345365e-21;0.22941828;-0.3908826;0.0108629465;0.27644634;0.26556104;0.0;0.0;3764.916;4466.041;-2365.8977;6312.162;-271.53333;-1214.5322
1984-10-05;11.28301;-4.4070435;0.009849548;754.69635;1.2308549;209.13579;0.0;-7.3453654e-25;99.99998;-7.345365e-21;0.034326315;-0.4435647;0.0015199184;0.2642125;0.26270747;0.0;0.0;4414.4834;5232.1;-2617.664;6186.6187;-308.13;-1441.5477
1984-10-06;10.947581;-3.1474712;0.009994507;753.9273;1.2345704;283.44028;0.0;-7.3453654e-25;99.99998;-7.345365e-21;0.23610294;-0.40764177;0.011116266;0.27100742;0.25989115;0.0;0.0;3936.9924;4662.1113;-2341.71;6393.2344;-283.17444;-1326.9667
1984-10-07;10.076161;-4.084788;0.010464986;754.1469;1.1181089;47.393612;0.0;-7.3453654e-25;99.99998;-7.345365e-21;0.0013622694;-0.481721;5.9604645e-05;0.25717914;0.2571121;0.0;0.0;4402.1763;5208.5674;-2712.695;6093.3296;-334.63443;-1333.4
1984-10-08;8.348369;-4.4599204;0.009638469;756.552;1.7777172;33.146847;0.0;-7.3453654e-25;99.99998;-7.345365e-21;0.00047981727;-0.36765727;1.4901161e-05;0.25440753;0.25437772;0.0;0.0;4423.6416;5229.4346;-2880.069;5557.5034;-255.3989;-1571.6945
1984-10-09;10.177571;-12.05189;0.009901683;757.2496;1.1726886;104.021706;0.0;-7.3453654e-25;99.99998;-7.345365e-21;0.00042617318;-0.4115589;1.4901161e-05;0.2517104;0.25168806;0.0;0.0;4557.6196;5383.2524;-3115.1333;5414.599;-285.89557;-1146.8955
1984-10-10;10.019989;-10.062622;0.010035197;758.0034;1.0864087;166.69629;0.0;-7.3453654e-25;99.99998;-7.345365e-21;0.0017106531;-0.38412586;8.940697e-05;0.24911761;0.2490431;0.0;0.0;4437.549;5236.9595;-2897.5496;5685.048;-266.8389;-1260.5377
1984-10-11;9.351227;-9.471893;0.009807587;755.65063;1.1558583;155.87544;0.0;-7.3453654e-25;99.99998;-7.345365e-21;0.0;-0.34982526;0.0;0.2464503;0.2464503;0.0;0.0;4404.7905;5193.829;-2873.7888;5624.6157;-243.01111;-1369.1078
1984-10-12;8.26474;-9.449371;0.00963974;754.3142;1.1121293;136.49074;0.0;-7.3453654e-25;99.99998;-7.345365e-21;0.00085514726;-0.33305213;4.4703484e-05;0.24394691;0.24391711;0.0;0.0;4343.9683;5117.7344;-2801.4028;5628.07;-231.36;-1392.7422
1984-10-13;8.369945;-6.8516946;0.009913127;755.25806;1.160065;189.85034;0.0;-7.3453654e-25;99.99998;-7.345365e-21;0.0025740264;-0.32185203;0.00011920929;0.24153292;0.24141371;0.0;0.0;4213.3394;4959.6255;-2667.8843;5780.1284;-223.58;-1381.8022
1984-10-14;8.337749;-5.7513633;0.010134379;752.4018;1.361755;243.42519;0.0;-7.3453654e-25;99.99998;-7.345365e-21;0.25613618;-0.32878014;0.012174249;0.25117397;0.23899972;0.0;0.0;3906.639;4594.7505;-2421.814;5936.161;-228.39223;-1332.9434
1984-10-15;7.5983887;-6.0764565;0.009986877;750.1535;1.4605212;214.42067;0.0;-7.3453654e-25;99.99998;-7.345365e-21;0.24950312;-0.3517177;0.011816621;0.24846196;0.23664534;0.0;0.0;3902.0378;4585.3594;-2388.3572;5842.7705;-244.32611;-1433.3511
1984-10-16;4.661072;-2.5912883;0.009990692;747.75433;1.6061081;218.88965;0.0;-7.3453654e-25;99.99998;-7.345365e-21;4.1149616;-0.6112736;0.22415817;0.45853853;0.23438781;0.0;0.0;3586.2656;4213.0254;-1881.3145;6123.1787;-424.6311;-1458.4956
1984-10-17;2.3196309;1.3326212;0.010133107;743.9404;1.4070681;202.70166;0.54695636;0.00018382072;108.70864;0.8951823;20.691175;-1.5856531;1.1986643;1.4309585;0.2322793;0.019025058;2.5898554;2336.6333;2744.8223;-549.4044;7294.258;-1101.5122;-1044.5311
1984-10-18;-1.5668539;-2.199876;-0.6623166;740.4819;1.024922;215.04073;88.46924;0.01778551;141.833;121.41927;36.995377;-0.15223213;1.2730211;1.5032887;0.23026764;2.2761152;24.06232;346.37167;1377.5911;-317.33276;6866.21;-112.46333;-152.59445
1984-10-19;-7.5770164;-10.274479;-8.0707445;743.3349;0.90301704;132.17113;100.0;0.03342517;139.78156;238.15918;11.418814;-0.1427345;0.0045001507;0.23278594;0.22827834;0.030424446;11.179291;701.85443;2884.5457;-988.2133;5335.8;-108.846664;-152.73
1984-10-20;-6.535949;-14.73556;-13.012108;754.0251;1.2098001;78.91683;100.0;0.037321728;150.15623;249.1862;0.0019088289;-0.11492334;0.0038146973;0.23010373;0.22629648;0.0485871;0.0006183982;1218.4817;4954.209;-1293.0562;4574.2217;-82.17778;-57.62
1984-10-21;-3.8782609;-13.884885;-11.255923;756.4056;1.4685997;26.738592;100.0;0.037038166;153.54945;241.45508;0.0017195934;-0.13678521;0.034168363;0.25850534;0.22433698;0.39449894;0.0;1273.6694;4990.238;-1417.0039;4630.0483;-98.15222;16.801111
1984-10-22;-2.761383;-12.701688;-9.910769;753.8636;1.2912687;39.78153;100.0;0.03647256;155.71124;234.65984;0.00042617318;-0.13657473;0.05466491;0.2770573;0.22239238;0.6233305;0.0;1324.6705;4928.2046;-1462.4987;4684.5396;-98.05;1.5733334
1984-10-23;-1.3257751;-12.166134;-8.232467;753.10785;1.1313084;51.691196;99.90104;0.03559037;158.21092;225.66731;0.0004351138;-0.15390478;0.093758106;0.3142655;0.22049993;1.0090321;0.0;1395.37;4854.156;-1541.6722;4754.8765;-111.47;-11.328889
1984-10-24;0.56358844;-9.990977;-7.2093406;753.30426;1.1147114;54.62404;98.55151;0.033804417;160.57191;211.22234;0.0008523463;-0.1699198;0.21965802;0.43828785;0.21862239;2.2586417;0.0;1498.375;4757.128;-1515.0778;4937.24;-122.00056;-8.403334
1984-10-25;1.0650431;-7.797333;-6.6631927;752.7727;1.0514649;70.28973;95.65983;0.030808926;162.68292;190.42969;0.0017035154;-0.18828082;0.3466159;0.5633831;0.2167821;3.4183283;0.0;1621.98;4662.5366;-1503.985;5042.338;-133.82388;-36.017776
1984-10-26;1.2625732;-7.9917808;-7.035066;753.2393;1.0415764;75.42135;91.254555;0.027216157;164.5309;166.21907;0.00044107434;-0.2622679;0.3798604;0.59482455;0.2149716;3.6270096;0.0;1777.7028;4599.3877;-1585.6272;4979.4097;-186.16112;-44.603333
1984-10-27;2.43278;-6.5087075;-6.250341;754.21576;1.0284065;75.245094;87.426025;0.022759518;166.09926;137.98015;0.0;-0.28957987;0.53583086;0.74902177;0.21318346;4.926432;0.0;1855.2961;4432.952;-1424.9573;5301.4043;-204.81667;-59.855556
1984-10-28;2.627472;-2.910838;-2.319683;754.61237;1.0235021;82.14471;85.02197;0.017460942;167.63637;104.81771;2.279979;-0.27523842;0.88997185;1.1014044;0.21143258;6.5742917;0.0;1483.3867;3327.4834;-783.0306;6288.101;-193.68889;-92.73556
1984-10-29;1.550944;-1.1908365;-0.24263127;753.205;0.8131545;166.40689;72.194176;0.012548645;171.81964;73.282875;8.044958;-0.29403532;1.5252382;1.7350018;0.20976365;4.468385;0.098813325;840.79443;1662.5823;-373.52277;6961.4453;-206.13667;-113.888885
1984-10-30;0.92937213;-1.0156759;-0.4609413;749.5369;0.7610528;206.53313;53.85734;0.00922672;172.2337;53.792316;4.993075;-0.582316;1.03724;1.2453794;0.20815432;3.2536592;0.40508807;1138.065;1838.4678;-530.94165;6844.53;-407.74;-236.46
1984-10-31;1.0720724;-2.7756245;-2.1540935;749.71185;0.9525602;74.89159;35.985107;0.00611341;172.16112;36.010742;0.9964262;-0.944172;0.5657822;0.772357;0.2065748;3.366001;0.09365752;2409.2766;3468.841;-1134.8094;6318.829;-662.3089;-557.2756
1984-11-01;-0.028971354;-0.61243695;-0.10263697;750.8037;0.9768207;64.855934;81.47388;0.013023694;152.59828;84.3099;24.715233;-0.13952516;2.4235396;2.6286318;0.20508468;2.6456006;11.263214;326.69943;952.1511;-103.61083;7179.871;-100.21222;-95.70556
1984-11-02;1.3588969;1.1309916;0.009985606;752.3326;0.58541983;119.54952;75.23104;0.011460145;154.98566;74.70703;12.90836;-0.15513226;3.5594926;3.7632437;0.20374358;4.8834066;0.047184527;403.7261;900.9878;73.873886;7494.1226;-105.96889;-114.59556
1984-11-03;2.2441204;1.3674825;0.009901683;753.5406;0.6222905;125.039825;47.62801;0.0072726407;155.94691;47.32259;7.2056084;-0.58945084;1.8950329;2.0976515;0.20263344;3.821956;0.0063702464;1214.0061;1965.1256;-310.81;7258.7734;-408.82666;-264.80444
1984-11-04;1.7129008;0.607076;-0.91209155;751.4394;0.6210531;180.45923;26.35726;0.004028956;156.52895;25.960287;3.4186244;-0.8536708;0.9615943;1.1633188;0.2017282;2.4187844;0.04425645;1694.5494;2309.3977;-658.885;6946.7954;-592.6789;-479.61444
1984-11-05;0.21797688;-2.3223267;-4.515948;751.2214;0.9161573;118.22642;15.913981;0.0024458964;156.78741;15.74707;0.5928874;-1.0077506;0.29814243;0.4990697;0.2009198;1.2384821;0.0010207295;2453.4722;3124.5156;-1486.1777;5931.5093;-701.3433;-631.29553
1984-11-06;0.28003946;-3.3443298;-7.248121;752.8274;0.91158086;76.67394;9.61971;0.0014775991;156.91762;9.684245;0.7207632;-1.0365443;0.23247302;0.4326403;0.2001822;0.8083787;0.0;3019.3838;3710.2412;-1954.6478;5371.9844;-720.19556;-511.55222
1984-11-07;0.6456604;-4.086619;-6.1645293;752.4016;0.89654344;76.332535;5.7312827;0.00088147324;156.9951;6.0221353;0.1765728;-0.981695;0.10074675;0.3002286;0.1994893;0.46499446;0.0;2919.524;3508.7212;-1787.3127;5609.6626;-682.13336;-468.50333
1984-11-08;0.14983113;-4.812439;-6.200376;751.6171;0.9571473;78.088295;3.560791;0.00054935616;157.041;3.7027996;0.3400594;-1.046475;0.08274615;0.28158724;0.1988411;0.2544187;0.00014901161;2786.9783;3308.088;-1757.5795;5610.3843;-727.44;-507.35666
1984-11-09;-0.12550862;-5.336548;-6.8372474;749.4362;0.8632253;154.6851;2.2699382;0.00035059452;156.86131;2.3600261;0.075891614;-1.0050013;0.033572316;0.23179501;0.19821525;0.16294234;0.014707446;3073.0662;3622.5178;-1879.33;5446.6865;-698.48;-524.0122
1984-11-10;-0.5148112;-3.8051147;-6.3712373;749.2835;0.6915119;209.76772;1.7059733;0.00025701523;151.40297;1.953125;0.48951793;-0.8161757;0.06723404;0.26485324;0.1976192;0.096425414;0.042505562;2480.3132;2914.46;-1523.04;5773.1035;-567.3478;-524.75446
1984-11-11;-1.7457682;-3.0704143;-3.3141453;745.76654;0.7304576;119.56458;6.70459;0.0010282198;144.70245;7.1614585;2.438703;-0.49760845;0.13785064;0.3349185;0.1970753;0.1467485;1.4327503;1365.836;1634.0255;-711.0833;6528.715;-346.5839;-411.05777
1984-11-12;-2.1822307;-3.4502563;-2.200957;743.295;1.3048835;223.67096;31.86084;0.005063256;142.95538;35.84798;14.733287;-0.72778016;0.13186038;0.3284067;0.19655377;0.28781033;13.706174;1979.2428;2471.86;-795.07947;6463.699;-509.6489;-645.66113
1984-11-13;-6.409237;-8.204048;-6.064298;743.8948;1.0344763;208.82927;100.0;0.015863657;136.41144;116.94336;1.2123232;-0.26666373;0.0;0.19602478;0.19603968;0.0;1.1183395;881.85333;3114.1755;-757.4472;5797.2466;-203.51555;-168.11333
1984-11-14;-8.166757;-12.935561;-9.659097;744.5855;1.0033191;58.52873;99.93937;0.016093293;150.68227;107.055664;0.012528896;-0.25757495;0.027358532;0.22289157;0.19553304;0.18061325;0.010382384;1007.5478;3447.5854;-1202.325;4951.5938;-195.05945;-111.666664
1984-11-15;-6.9429193;-10.124745;-8.271117;745.7359;0.99037147;77.975624;99.599525;0.015741268;153.49054;102.98666;0.19387081;-0.31341052;0.04184991;0.23688376;0.19503385;0.28400868;0.18853694;816.02167;2624.4534;-766.60944;5528.2676;-240.01778;-128.15334
1984-11-16;-6.306404;-8.555659;-6.1872315;746.53766;0.89399594;156.9448;97.24528;0.01511991;154.78285;97.61556;0.17819107;-0.33394992;0.09872019;0.29326975;0.19456446;0.6414652;0.16810745;940.98834;2750.3223;-633.3617;5834.062;-254.07666;-163.1011
1984-11-17;-3.5333557;-4.573191;-2.145213;745.0739;0.5442936;111.26202;98.69808;0.01870664;150.0244;123.49447;11.44203;-0.19823201;0.12008846;0.31419098;0.19410253;0.663653;10.877099;573.3983;1631.3356;-362.99722;6595.51;-151.8;-153.10445
1984-11-18;-2.8249714;-3.6046345;-1.6331202;746.3001;0.7134772;181.63734;100.0;0.025202354;151.0348;166.91081;0.8484423;-0.15415065;0.19562244;0.38927794;0.19365549;1.2035892;0.71225315;608.32556;2059.7322;-449.99612;6561.617;-117.10889;-143.84555
1984-11-19;-3.5054626;-4.868347;-2.4958725;749.81476;0.87193793;238.01521;100.0;0.024638018;154.70473;159.66797;0.03598832;-0.23803395;0.08942187;0.28261542;0.193201;0.6005429;0.02201274;979.19165;2950.8477;-848.7156;6063.1523;-180.90555;-162.69333
1984-11-20;-4.412974;-7.0798035;-6.735171;752.13666;1.168737;112.118004;100.0;0.023125252;157.79425;146.93196;0.0053846515;-0.15786849;0.3052652;0.4980266;0.19276142;1.9502975;0.0015310943;1198.4294;3388.6711;-1318.7489;5212.3076;-116.524445;-71.51111
1984-11-21;-3.482076;-8.7167635;-9.144795;751.6568;1.125636;86.38733;99.49325;0.020728111;159.19691;130.90007;0.0;-0.12719539;0.41291118;0.60524046;0.19232184;2.5956388;0.0;1316.8706;3537.5789;-1355.7572;4899.4424;-91.68;20.916666
1984-11-22;-2.361684;-5.596812;-6.0479927;749.8762;0.840689;261.11124;97.84293;0.01793448;160.30304;112.54883;0.2291441;-0.19725971;0.45832992;0.65021217;0.1918897;2.7980096;0.22187084;1335.9828;3382.12;-1097.0895;5425.758;-146.61667;-55.206665
1984-11-23;-1.4367676;-2.3928936;-1.1247164;749.72626;0.69134456;226.77875;96.63314;0.016767183;160.50453;104.73633;2.809167;-0.2007205;0.56403875;0.7555336;0.19147992;2.4316869;1.3526454;913.0989;2269.1445;-626.04553;6484.7905;-150.73222;-117.113335
1984-11-24;-1.8963217;-2.6449993;-1.39888;747.9685;0.50235206;105.56912;98.90707;0.022157589;151.11781;145.50781;9.218323;-0.1051249;0.28386712;0.4749596;0.19110739;0.87798387;7.851921;384.0661;1181.4678;-333.6722;6697.05;-80.26556;-77.57889
1984-11-25;-1.8080038;-2.4493408;-1.4182383;749.00165;1.161997;216.80656;98.90885;0.023217797;152.42967;152.46582;2.5858974;-0.1583565;0.5027056;0.69344044;0.19073486;1.7208457;1.0842011;716.825;2095.4512;-412.88556;6667.829;-119.685;-133.79666
1984-11-26;-2.229594;-4.4568686;-5.143576;754.6672;1.0439156;133.3341;98.18555;0.022967577;156.48045;147.13542;0.6606485;-0.15766919;0.3360957;0.5264878;0.19038469;1.9011722;0.55190176;1077.805;2949.659;-1282.7084;5436.2524;-115.73111;-53.476665
1984-11-27;-2.723521;-8.518586;-10.08341;754.5974;1.0790131;163.56581;97.07446;0.02096049;158.92609;132.08008;0.0021487467;-0.13395771;0.37448108;0.5645156;0.19004196;2.1216013;0.0;1281.4388;3313.3955;-1418.785;4760.3037;-96.170555;36.504444
1984-11-28;-1.8791809;-8.02534;-8.577221;750.72406;0.90803057;279.0544;94.86035;0.018762192;160.03026;117.22819;0.031492397;-0.23555663;0.37245452;0.5621761;0.18972158;2.0792968;0.02913922;1327.7594;3233.9268;-1219.4072;5088.376;-173.655;13.2722225
1984-11-29;-2.4233463;-3.795222;-1.7145424;745.9897;0.75113577;166.21542;94.47982;0.018776497;158.73468;117.63509;3.707427;-0.22164918;0.23388863;0.4233271;0.18943101;1.181215;3.28229;762.305;1832.0823;-466.3922;6547.177;-167.90111;-158.60777
1984-11-30;-5.135943;-8.119184;-7.2866645;749.5964;1.480063;34.053185;97.35856;0.021664938;154.07777;139.97395;1.8001444;-0.28527343;0.00037252903;0.18952787;0.18917024;0.0;1.7652177;533.1533;1477.6866;-754.39667;5746.0146;-219.46445;-23.646667
1984-12-01;-7.6717134;-11.466744;-10.6312;749.77386;1.159101;47.915894;97.45231;0.021857223;154.84406;140.86914;0.013235211;-0.20547584;0.035330653;0.22426248;0.18891692;0.20141155;0.012375414;1200.2789;3240.8333;-1402.5278;4655.5195;-154.36444;-80.244446
1984-12-02;-7.8399773;-10.360741;-9.564868;745.7703;0.97155374;81.49227;97.24308;0.02164344;156.75226;137.77669;0.1455456;-0.237016;0.0113248825;0.20000339;0.18868595;0.07364154;0.14119968;945.5478;2450.0112;-827.9372;5360.1045;-182.33667;-136.15334
1984-12-03;-7.2038193;-9.338673;-7.029087;743.8277;0.91547304;140.08434;97.19393;0.021776915;156.55174;138.38704;1.3805985;-0.27607197;0.024825335;0.21329522;0.18846989;0.14482811;1.3593659;939.61;2370.3389;-753.325;5641.448;-213.04889;-163.89111
1984-12-04;-8.87922;-11.289506;-8.872256;745.5344;0.8726087;177.47304;97.80737;0.023252806;150.53188;154.41895;1.1908591;-0.29238778;0.00047683716;0.18873811;0.18826127;0.0030137599;1.1695772;985.3417;2608.0889;-822.69556;5458.721;-225.47;-203.4589
1984-12-05;-10.160374;-13.576045;-8.97808;745.3982;1.4158067;37.6517;98.35205;0.024570784;149.56476;163.85905;3.507589;-0.31158793;0.0;0.18808246;0.18806756;0.0;3.5037026;825.0344;2211.3645;-564.6506;5707.3633;-242.01445;-195.52667
1984-12-06;-10.73159;-13.993772;-11.62751;742.8056;1.4792954;26.895447;99.990395;0.03132069;141.5921;219.80794;5.583186;-0.18276647;0.0;0.18787384;0.18788874;0.0;5.5786448;661.01447;2256.8188;-844.4083;5204.3765;-141.3;-91.77556
1984-12-07;-14.178304;-19.299719;-19.12883;744.59125;1.2588531;70.45144;100.0;0.03277266;149.99086;218.66862;0.004082918;-0.04000403;0.0;0.18770993;0.18770993;0.0;0.0040903687;931.2761;3206.9756;-1213.956;4094.73;-28.694445;-9.2277775
1984-12-08;-13.222023;-19.382101;-19.692633;745.5716;1.2081459;61.114853;100.0;0.03276487;151.44041;216.47136;0.0008523463;-0.040587038;0.0;0.18754601;0.18755347;0.0;0.0;970.58887;3265.08;-1249.0161;4012.436;-29.28;21.991112
1984-12-09;-12.687324;-17.224693;-17.379333;743.7964;1.1885797;48.60071;100.0;0.032765467;152.33656;215.37273;0.03965795;-0.049578957;0.0;0.18738955;0.18738955;0.0;0.03235042;902.2794;2967.2244;-953.84;4510.544;-36.622223;-24.825556
1984-12-10;-12.98261;-16.745926;-15.220032;744.41364;1.3516067;25.62883;100.0;0.032754224;153.31508;214.1927;0.011780858;-0.090627;0.0;0.18723309;0.18722564;0.0;0.011354685;904.8272;2915.4922;-1160.9684;4525.13;-68.382225;-67.47667
1984-12-11;-15.297604;-18.957943;-19.127207;745.68774;1.2085141;186.56628;100.0;0.032717228;154.235;212.03613;0.005468726;-0.02034381;0.0015497208;0.1886189;0.18708408;0.012721866;0.0046119094;999.9328;3150.3367;-1218.39;4089.716;-16.151112;-41.102222
1984-12-12;-13.30069;-18.584696;-17.80594;746.1235;1.0707763;202.94984;100.0;0.032685798;155.17186;210.48991;0.01668632;-0.038543716;0.00067055225;0.18762052;0.18694997;0.0054985285;0.01540035;1018.02167;3139.3467;-1242.8456;4187.658;-30.493334;-45.49111
1984-12-13;-8.267341;-10.188348;-8.906865;741.6875;0.86707497;183.92494;100.0;0.035979867;148.72362;240.03093;13.177061;-0.09325333;0.0;0.18683076;0.18681586;0.0;13.175159;331.69666;1052.8411;97.34;6430.4165;-73.47;-123.54667
1984-12-14;-9.469697;-11.000721;-8.542607;742.1431;0.86800426;205.87408;100.0;0.06444601;130.61327;490.80405;17.256964;-0.06282702;0.0;0.18668175;0.18668175;0.0;17.252602;575.60114;2494.2068;-709.4667;5593.59;-47.475555;-129.98334
1984-12-15;-12.580592;-17.522966;-16.174767;749.4543;1.1746744;43.483707;100.0;0.06718191;148.39452;453.81674;0.015586615;-0.02999045;0.0;0.18654764;0.18654764;0.0;0.015586615;697.925;2948.9822;-1115.0333;4415.131;-21.581112;-49.674446
1984-12-16;-11.204562;-19.013458;-20.013826;750.608;1.2816982;16.628923;100.0;0.06719589;152.47621;440.63315;0.0004351138;-0.0017825514;0.0;0.18641353;0.18641353;0.0;0.0;735.52;3023.6511;-876.8889;4409.64;0.31333333;78.79
1984-12-17;-10.588353;-17.133661;-17.660936;751.08453;1.2368416;24.098648;100.0;0.06721119;154.20116;435.8317;0.00067949295;-0.011380762;0.0;0.18627942;0.18627942;0.0;0.00024214387;733.89886;2939.162;-928.6506;4560.808;-6.8094444;40.20222
1984-12-18;-14.959221;-19.391453;-20.64539;753.56226;1.694111;15.593923;100.0;0.067236185;155.78807;431.47787;0.0045895576;0.013498589;0.0;0.1861453;0.1861453;0.0;0.0037290156;809.0589;3153.73;-1152.3661;4032.7473;12.17;71.52111
1984-12-19;-14.157433;-19.33727;-19.884466;751.4937;1.5733815;19.223883;100.0;0.067276;157.10545;428.0599;0.024411082;0.00668969;0.0;0.1860261;0.18601865;0.0;0.022694468;740.415;2811.8433;-650.11725;4701.431;6.6316667;46.046665
1984-12-20;-12.25307;-16.080667;-17.359694;748.9986;1.5778728;26.437407;100.0;0.06732146;158.78937;423.78745;0.017512953;0.0075194985;0.0;0.18590689;0.18589199;0.0;0.014532357;817.92444;3038.58;-1021.8678;4459.677;7.538889;29.356667
1984-12-21;-12.791531;-16.936419;-17.592787;747.7233;1.3859552;25.867884;100.0;0.067362346;160.4518;420.04395;0.013594871;-0.0032298267;0.0;0.18578768;0.18575788;0.0;0.009290874;839.8883;3046.609;-1007.93335;4455.5254;-0.7683333;9.5
1984-12-22;-10.87955;-16.80279;-15.909664;747.52637;1.0027922;70.97028;100.0;0.067405544;162.11327;416.34116;0.06611049;-0.018913299;0.0;0.18562376;0.18563867;0.0;0.06321445;832.36224;2949.889;-841.41223;4830.312;-12.724444;-16.592222
1984-12-23;-7.897532;-14.292122;-14.785527;748.95135;0.9643021;94.47629;100.0;0.06749836;163.91925;412.23145;0.40670633;-0.016951934;0.0;0.18550456;0.18550456;0.0;0.3874898;824.62;2855.86;-753.6556;5009.3555;-11.165556;18.946667
1984-12-24;-5.967997;-7.0319877;-7.5398726;746.4033;0.5589699;159.51784;100.0;0.07837951;153.0244;510.7015;15.347739;0.0014025718;0.0;0.18537045;0.18538535;0.0;15.240118;223.94112;892.86664;47.146667;6606.755;1.5844444;-28.493334
1984-12-25;-4.7594185;-6.374766;-6.4000306;747.97174;0.71116847;65.97902;100.0;0.083479844;155.05922;538.6963;0.16097678;-0.038774684;0.0;0.18525124;0.18525124;0.0;0.14764443;587.8489;2393.7256;-776.67834;5728.758;-27.813334;-70.21778
1984-12-26;-7.1212373;-9.096444;-10.174941;747.55853;0.91568965;52.751324;100.0;0.08358017;159.5449;524.292;0.04609227;-0.0027520582;0.0;0.18513203;0.18512458;0.0;0.045202672;660.0022;2605.2322;-954.06335;5168.3643;-0.054444443;-36.424446
1984-12-27;-9.733707;-13.381915;-13.469354;747.35376;1.3069924;19.863369;100.0;0.08362845;162.69073;514.2415;0.023403764;-0.011649914;0.0;0.18499047;0.18499047;0.0;0.020347536;757.63;2914.9934;-837.9678;5016.173;-6.6455555;-21.68
1984-12-28;-11.195401;-15.1858635;-15.684196;746.967;1.5481677;18.735888;100.0;0.08366159;165.25487;506.34766;0.0063759843;6.3329935e-05;0.0;0.18487126;0.1848638;0.0;0.004656613;826.5722;3098.5823;-1228.6967;4366.113;2.1588888;18.285555
1984-12-29;-13.565572;-18.071535;-19.325603;747.7173;1.5745641;14.566982;100.0;0.083693705;167.16795;500.65103;0.0027298927;0.010240823;0.0;0.1847297;0.18473715;0.0;0.0027269125;869.5;3179.3667;-1171.2755;4129.1094;9.785556;57.502224
1984-12-30;-13.146619;-19.388903;-20.928963;745.8567;1.1385764;63.606323;100.0;0.08372275;168.7158;496.2565;0.003427267;0.00062957406;0.0;0.18461049;0.18461049;0.0;0.0012777746;899.8345;3215.9812;-1136.8794;4041.8079;2.191111;52.47
1984-12-31;-11.552007;-17.232231;-20.832209;744.08734;0.8877515;166.35297;100.0;0.08374783;170.13995;492.35025;0.0030363346;0.0097397715;0.0;0.18447638;0.18448383;0.0;0.0018402934;935.2833;3262.87;-1010.885;4206.3926;8.971111;46.43667
1985-01-01;-9.212765;-11.992545;-14.4127245;741.06396;0.45169982;198.73302;100.0;0.08533573;168.30174;506.5104;3.5109222;0.0026747584;0.0;0.18435717;0.18435717;0.0;3.5045073;551.0461;1898.9489;-174.60834;5757.7524;2.911111;-25.487778
1985-01-02;-7.0590186;-8.903259;-8.614993;737.8428;0.6792292;134.39001;100.0;0.08785617;166.2018;528.72723;0.8346498;-0.030281022;0.0;0.18422306;0.1842305;0.0;0.82819164;669.9211;2425.7043;-508.62332;5883.118;-21.613333;-64.736664
1985-01-03;-8.725741;-10.240793;-9.127946;744.52466;0.7720783;149.09988;100.0;0.08845087;169.28416;522.5423;0.25030214;-0.04213862;0.0;0.18408895;0.1840964;0.0;0.24839863;632.2233;2254.979;-874.6861;5350.1787;-31.31889;-74.89222
1985-01-04;-9.849858;-15.0206175;-13.7252;747.82477;1.0966774;164.69203;100.0;0.08850948;172.28741;514.2822;0.0065028667;-0.040939078;0.0;0.18395483;0.18396229;0.0;0.005636364;901.3711;3148.7856;-1175.6056;4606.0723;-29.456667;-40.09778
1985-01-05;-10.437008;-15.725558;-17.23841;747.2493;1.1488199;176.68842;100.0;0.08852935;174.50389;507.60904;0.0025659793;0.00026263297;0.0;0.18383563;0.18382818;0.0;0.0008493662;955.19165;3262.8755;-1243.2994;4228.8975;2.268889;29.551111
1985-01-06;-10.38944;-16.584318;-18.466032;748.31396;1.3263594;20.84121;100.0;0.08855518;176.29034;502.60416;0.0008531594;0.006097369;0.0;0.18370152;0.18369406;0.0;0.0;999.5956;3340.2434;-1211.6945;4192.297;6.672222;69.45778
1985-01-07;-8.96547;-17.215979;-18.037294;746.7344;0.9847617;185.10474;100.0;0.088579535;178.01952;497.9248;0.00085532654;-0.0094482675;0.0;0.1835674;0.18355995;0.0;0.0;1022.7167;3343.46;-1162.1034;4290.4277;-5.2444444;51.415554
1985-01-08;-8.160089;-15.530006;-16.39114;746.622;0.9809284;191.76869;100.0;0.08859094;179.86424;492.79785;0.00081956387;-0.012333505;0.0;0.1834333;0.1834184;0.0;0.00081956387;1030.1011;3297.28;-1141.275;4474.7666;-7.4227777;32.22333
1985-01-09;-8.706009;-13.881862;-15.164212;747.1797;1.0030081;144.40807;100.0;0.088611364;181.85382;487.50815;0.0021517272;-0.0062054023;0.0;0.18329918;0.18328428;0.0;0.0;1011.77277;3171.5378;-959.2403;4796.241;-2.6644444;14.238889
1985-01-10;-5.3935037;-7.3960876;-9.748561;745.39594;0.84590864;248.20227;100.0;0.09030012;181.94594;495.52408;6.8392158;0.007934868;0.0;0.18315762;0.18315017;0.0;6.834984;549.92944;1693.6855;-110.88528;6280.8345;7.0088887;-21.767778
1985-01-11;-4.3378296;-5.0131593;-4.2636247;745.61053;1.1628735;212.61267;100.0;0.09812442;176.70929;554.60614;6.256685;-0.079012476;0.0;0.18301606;0.18302351;0.0;6.180912;340.63443;1239.3134;-76.28111;6768.132;-61.11222;-112.48444
1985-01-12;-4.9344673;-5.491468;-3.7459984;746.5672;1.3915702;205.46521;100.0;0.106722035;174.74315;609.61914;8.375033;-0.1259353;0.0;0.18288195;0.1828894;0.0;8.271397;442.665;1759.5544;-212.71945;6627.871;-97.38556;-210.69778
1985-01-13;-4.276362;-5.019366;-3.7291248;749.79584;0.857616;222.45818;100.0;0.11368648;174.99965;649.3327;5.101457;-0.08745026;0.0;0.18274784;0.18274784;0.0;4.8819966;312.10556;1269.3467;-123.95722;6745.302;-67.592224;-112.18667
1985-01-14;-3.693962;-6.519474;-4.455233;750.40265;0.6250602;174.07843;100.0;0.11646024;179.44725;648.51886;4.6830583;-0.0823047;0.0;0.18259883;0.18260628;0.0;4.65361;645.38;2601.7266;-647.8345;6064.214;-60.16111;-76.44556
1985-01-15;-4.3693643;-5.7082367;-3.7893028;743.8652;0.77986234;245.40749;100.0;0.13233213;172.2412;765.7471;25.802416;-0.07965043;0.0;0.18246472;0.18246472;0.0;24.972572;398.4061;1673.0555;-388.5172;6431.426;-60.11111;-112.702225
1985-01-16;-7.690914;-9.538177;-6.7577415;742.9831;0.94885224;169.4735;100.0;0.1481582;167.86327;883.42285;2.7204454;-0.0706017;0.0;0.1823157;0.1823157;0.0;2.7126744;623.35724;2677.641;-726.5975;5694.385;-51.88889;-103.74
1985-01-17;-11.692258;-17.698553;-12.296124;744.29614;1.2235291;39.78569;100.0;0.15067975;171.27635;880.249;0.8334547;-0.071428716;0.0;0.1821518;0.1821667;0.0;0.83077323;862.13055;3630.7278;-1758.8922;3896.0789;-51.133335;-47.54111
1985-01-18;-9.752831;-14.7196045;-15.100148;742.6329;0.6394952;258.21863;100.0;0.15736318;166.56964;944.53937;12.869815;0.000259839;0.0;0.18201768;0.18201768;0.0;12.865901;325.41388;1344.5266;141.71666;6068.218;0.9411111;9.455556
1985-01-19;-7.6828537;-10.462611;-12.587079;744.8244;0.78556305;194.9074;100.0;0.16371386;163.90656;999.6745;0.046658516;-0.0136028975;0.0;0.18188357;0.18186867;0.0;0.04528463;791.51166;3342.6477;-1036.1509;4863.468;-6.7366667;-39.945557
1985-01-20;-7.95719;-11.518758;-15.168732;745.9795;0.83670765;211.50378;100.0;0.16376619;168.89906;970.74384;0.031986833;0.0038873404;0.0;0.18171966;0.18171966;0.0;0.029273331;817.9022;3357.8245;-929.0808;4757.1313;6.28;12.291111
1985-01-21;-7.985494;-9.128224;-12.013467;742.8274;0.7609651;248.94286;100.0;0.16633224;170.90233;973.18524;5.454093;0.017974526;0.0;0.18157065;0.18157065;0.0;5.4482446;415.77777;1676.56;213.10445;6510.817;15.333333;-35.755554
1985-01-22;-6.87521;-8.126107;-8.385177;744.9996;0.645915;128.60533;100.0;0.17043285;173.96971;980.6722;1.5240222;-0.038789585;0.0;0.18142164;0.18142164;0.0;1.5140958;753.44275;3081.0745;-603.2733;5804.2837;-26.311111;-102.43667
1985-01-23;-8.3989105;-12.296666;-9.636173;749.6441;1.0445963;26.892752;100.0;0.1709979;180.58331;948.2015;0.014805221;-0.06920099;0.0;0.18125772;0.18125772;0.0;0.012218952;870.9411;3490.0166;-1215.2617;4883.973;-48.73;-80.825554
1985-01-24;-9.048861;-17.586472;-14.737606;751.0601;1.1744817;61.22096;100.0;0.17100775;185.5514;922.2005;0.0032544131;-0.053662807;0.0;0.18107891;0.18109381;0.0;0.00023469329;1002.8728;3909.8933;-1445.6838;4133.608;-36.634445;26.545555
1985-01-25;-5.0869164;-16.451456;-15.779239;749.4634;0.942425;119.02539;100.0;0.17101908;189.11684;904.8665;0.0017121211;-0.04935451;0.0;0.1809299;0.1809299;0.0;0.0;1010.74554;3842.0789;-1048.0006;4639.3906;-33.329445;71.20778
1985-01-26;-5.1363854;-13.649419;-14.792964;748.56665;1.0335447;100.80587;100.0;0.17103414;192.63539;888.916;0.0012844794;-0.03566034;0.0;0.18076599;0.18075854;0.0;0.0;1003.1494;3720.4568;-971.02167;4826.5015;-23.010555;45.673332
1985-01-27;-3.8103867;-11.750393;-12.728641;749.9528;0.98864776;35.373837;100.0;0.1710573;196.37953;872.31445;0.0021531933;-0.039396808;0.0;0.18060207;0.18060207;0.0;0.0;908.3239;3290.609;-614.055;5487.604;-26.02;34.953335
1985-01-28;-2.7558696;-13.590225;-10.44796;747.9575;0.775768;150.57256;100.0;0.17105658;200.78612;853.1087;0.0019270692;-0.093948096;0.0;0.18043816;0.18042326;0.0;0.00021606684;1005.9328;3556.9412;-883.91943;5324.763;-66.96445;1.7233334
1985-01-29;-3.299052;-4.89571;-7.593048;745.2681;0.53427005;161.81715;100.0;0.17311954;203.87335;849.8128;3.3341222;0.0028517097;0.0;0.18025935;0.18025935;0.0;2.9915273;545.12836;1948.3066;-41.16111;6621.5566;4.398889;-37.252224
1985-01-30;-4.4577737;-6.030833;-5.0396743;745.1529;0.54420835;111.01086;100.0;0.17457755;208.84698;836.9548;0.47385693;-0.12140721;0.0;0.18009543;0.18009543;0.0;0.45216084;867.38;3110.371;-711.7111;5996.8667;-89.855;-117.92889
1985-01-31;-4.9467063;-6.069383;-4.743631;742.64374;0.6023264;177.78192;100.0;0.17893799;209.32745;854.0039;11.238548;-0.12403913;0.0;0.17991662;0.17992407;0.0;11.08576;684.2289;2474.891;-382.95444;6401.47;-93.48222;-144.84778
1985-02-01;-4.872294;-7.141683;-5.0628357;738.5906;0.49148035;228.75679;100.0;0.18708587;205.94008;909.5052;0.89258254;-0.12521073;0.0;0.17975271;0.17975271;0.0;0.8843727;832.42944;3353.4343;-943.8494;5639.8843;-92.04222;-122.01889
1985-02-02;-6.574473;-7.603241;-6.242743;737.9323;1.1147808;206.50616;100.0;0.1927468;206.07811;933.95996;16.530579;-0.12834835;0.0;0.1795888;0.1795739;0.0;16.4904;574.20447;2276.0244;-220.90445;6424.4727;-97.48333;-194.0
1985-02-03;-8.27888;-9.640487;-6.6196456;737.5512;1.1268009;200.99512;100.0;0.22217377;178.91437;1238.5254;28.435722;-0.15269034;0.0;0.17939508;0.17940998;0.0;28.426636;506.24722;2204.7166;-281.63666;6237.697;-117.14389;-229.86833
1985-02-04;-7.7547455;-8.98922;-6.6319084;736.1352;1.30577;207.49388;100.0;0.26200545;164.24574;1588.7045;45.88165;-0.1370171;0.0;0.17923117;0.17923862;0.0;45.862606;486.84723;2129.9512;-205.70778;6359.769;-104.96611;-221.41222
1985-02-05;-10.300491;-11.915793;-7.8751054;730.2751;1.6519909;206.98994;100.0;0.3069624;158.7425;1930.2164;34.45985;-0.14899206;0.0;0.17906725;0.1790747;0.0;34.43817;227.87944;996.32556;-320.11444;6033.8276;-116.22945;-209.91333
1985-02-06;-16.492882;-19.002127;-13.581529;735.78766;1.2756761;213.27441;100.0;0.32068765;165.65395;1938.4359;2.5946617;-0.09744149;0.0;0.17890334;0.17890334;0.0;2.59088;790.8261;3406.0466;-920.86053;4768.6743;-73.65;-248.90334
1985-02-07;-13.861394;-16.384119;-15.75492;742.6951;0.897046;252.42061;100.0;0.32212508;172.87856;1865.9261;0.20222515;-0.038437545;0.0;0.17873943;0.17873198;0.0;0.19964576;942.4389;3965.8254;-1095.3162;4489.994;-26.476667;-138.29
1985-02-08;-11.851013;-13.879628;-16.372604;742.3234;1.0759077;194.19482;100.0;0.32498232;177.9391;1826.0498;9.055379;0.005632639;0.0;0.17857552;0.17856061;0.0;9.052687;713.2622;2918.111;-223.73944;5559.912;6.483333;-58.72111
1985-02-09;-10.119105;-11.613364;-11.867209;740.7022;1.5807424;217.03676;100.0;0.3347917;180.0742;1861.0433;4.606534;-0.028917566;0.0;0.1783818;0.17838925;0.0;4.581023;747.8578;3174.439;-527.7928;5600.592;-19.567778;-89.39445
1985-02-10;-8.529513;-9.939496;-10.774509;746.3777;0.84041214;204.31337;100.0;0.33684507;188.94627;1785.5631;0.6811025;-0.021182;0.0;0.17821789;0.17821044;0.0;0.6758534;654.995;2725.24;-412.55667;5808.7295;-13.664444;-90.46
1985-02-11;-6.2928367;-9.172954;-9.855781;748.71466;0.9213757;87.609375;100.0;0.33714458;198.94073;1697.3877;0.015669975;-0.041725114;0.0;0.17803907;0.17801672;0.0;0.013042241;1018.1717;4133.899;-1106.915;5063.956;-26.656666;-75.545555
1985-02-12;-5.398926;-8.848636;-11.633948;748.96967;0.9829232;162.1618;100.0;0.33719018;207.45473;1627.3193;0.0019252293;-0.023994595;0.0;0.17783046;0.17783046;0.0;0.00021606684;1174.3817;4642.9565;-1381.4305;4566.593;-12.617778;-20.936666
1985-02-13;-4.1842155;-11.75444;-12.609486;747.3418;0.8537667;151.5023;100.0;0.33722612;214.28416;1575.4395;0.000997173;-0.064279884;0.0;0.17763674;0.17762929;0.0;0.00014156103;1224.1555;4717.489;-1276.4205;4650.372;-43.00778;6.43
1985-02-14;-3.895068;-8.956292;-11.696225;744.83636;0.5866907;173.36877;100.0;0.3378305;220.14679;1535.6445;3.1717153;-0.034803525;0.0;0.17744303;0.17743558;0.0;2.8110595;1155.8323;4345.5034;-740.44275;5421.2466;-21.438889;-50.45889
1985-02-15;-5.6087136;-6.6148896;-8.119248;738.1477;0.78952044;179.08058;100.0;0.35250023;217.45245;1619.1;22.959852;0.0053606927;0.0;0.17723441;0.17724931;0.0;22.713196;382.12445;1563.3356;-88.57056;6477.955;5.5544443;-39.378887
1985-02-16;-6.69694;-8.3602705;-7.0963974;737.1457;0.86837894;231.46693;100.0;0.3648442;218.10284;1675.4965;1.2281537;-0.12297183;0.0;0.1770556;0.17706305;0.0;1.2243129;928.8422;3962.56;-680.32;5811.317;-90.274445;-167.50778
1985-02-17;-8.274774;-9.749711;-7.1217065;736.0645;1.3820672;201.11116;100.0;0.37254357;221.33168;1682.1289;18.423592;-0.15842728;0.0;0.17687678;0.17686933;0.0;18.386196;737.3861;3090.6323;-482.06445;6015.0093;-120.03;-252.22556
1985-02-18;-10.010884;-11.943188;-8.54668;741.85474;1.243406;209.54486;100.0;0.38477042;220.19366;1749.5117;1.7796719;-0.11047162;0.0;0.17668307;0.17667562;0.0;1.7749965;985.7761;4236.0796;-1011.29;5215.8535;-81.14111;-208.70555
1985-02-19;-8.668622;-9.971269;-8.931878;742.4145;1.660946;204.74403;100.0;0.39401343;220.65623;1783.61;21.511692;-0.049823895;0.0;0.17647445;0.1764819;0.0;21.504927;375.78;1588.2245;-81.02722;6310.0146;-37.854443;-109.42778
1985-02-20;-7.5612655;-8.651509;-7.2508903;735.78125;1.3940831;200.65186;100.0;0.4292073;209.04555;2048.9094;37.926926;-0.07258542;0.0;0.17629564;0.17630309;0.0;37.921074;441.9161;1919.4872;-219.05083;6334.6943;-54.877777;-156.94444
1985-02-21;-13.433995;-15.921516;-9.514707;732.8633;1.7585235;201.66138;100.0;0.45373854;205.91273;2204.4678;7.9940977;-0.2242513;0.0;0.17610192;0.17610937;0.0;7.986963;782.0133;3398.2595;-953.7175;5084.8936;-172.46222;-363.87
1985-02-22;-18.936678;-22.14553;-15.052388;737.60547;0.9811249;183.66737;100.0;0.45598876;213.3255;2139.6077;0.43840706;-0.14612265;0.0;0.17590821;0.17591566;0.0;0.43336302;1190.4377;5050.46;-1394.5216;4074.3232;-110.63;-400.56332
1985-02-23;-20.237215;-28.695196;-19.955065;741.9404;0.9576967;59.46323;100.0;0.45624292;218.48566;2089.803;0.014578538;-0.08474477;0.0;0.1757145;0.1757145;0.0;0.012863427;1315.0477;5439.031;-1771.5444;3254.1384;-61.76889;-251.73334
1985-02-24;-13.595677;-22.626488;-20.66436;741.6003;0.88776094;60.845806;100.0;0.45720944;221.19073;2066.569;5.2469196;-0.06718002;0.0;0.17550588;0.17550588;0.0;5.2438564;1118.51;4501.0513;-348.72333;5125.703;-47.461113;-88.53
1985-02-25;-9.683015;-11.660842;-14.352025;734.9642;0.5283122;121.37635;100.0;0.46943697;213.67218;2194.4172;17.477804;-0.008284114;0.0;0.17529726;0.17531216;0.0;17.467886;617.38275;2579.9;51.079445;6164.3564;-4.1766667;-70.98
1985-02-26;-10.690202;-13.224533;-11.375445;732.1936;0.76698023;161.44653;100.0;0.4870582;207.43324;2347.2087;12.87843;-0.074027106;0.0;0.17511845;0.17511845;0.0;12.873218;683.68835;2947.0457;-392.63138;5759.533;-54.789444;-137.82666
1985-02-27;-13.9440775;-16.960024;-11.715335;737.22296;0.99464124;195.61018;100.0;0.49641338;209.11293;2375.8545;4.1302023;-0.183722;0.0;0.17490983;0.17490983;0.0;4.1269436;1052.9338;4522.9814;-967.8428;4951.6797;-139.16444;-320.04443
1985-02-28;-16.33433;-18.710028;-13.76897;741.7515;1.047949;194.54341;100.0;0.5006174;212.96092;2351.7659;4.619107;-0.13755076;0.0;0.17471611;0.17470866;0.0;4.612401;963.3444;4074.0095;-787.7733;4973.6064;-104.52111;-376.25778
1985-03-01;-17.943819;-20.929924;-15.871379;742.37994;0.96802217;183.10669;100.0;0.5032142;217.15721;2319.2952;0.94368196;-0.12146868;0.0;0.1744926;0.1745075;0.0;0.93621016;1159.8123;4840.286;-1188.0594;4330.947;-91.367775;-331.03555
1985-03-02;-18.537514;-25.430399;-19.202614;743.67114;1.2573106;38.616253;100.0;0.503493;222.6214;2263.2244;0.011771917;-0.066082925;0.0;0.17428398;0.17429888;0.0;0.010468066;1426.5906;5811.0874;-1785.5148;3361.6963;-47.713333;-215.94
1985-03-03;-16.617195;-25.817884;-22.286463;744.3536;1.7261358;24.75022;100.0;0.50348693;226.80922;2221.2322;0.0017105549;-0.05241111;0.0;0.17409027;0.17408282;0.0;0.0;1500.5488;5948.25;-1807.6927;3149.5586;-36.863335;-48.671112
1985-03-04;-14.97679;-25.697718;-23.499746;748.5325;1.5088944;28.94635;100.0;0.50348884;230.17348;2188.7207;0.00086722424;0.0038444996;0.0;0.17389655;0.17388165;0.0;0.0;1558.66;6022.3657;-1740.2678;3193.26;2.9722223;-35.56222
1985-03-05;-12.549077;-25.435896;-23.243843;751.1132;1.5279247;24.134186;100.0;0.50349206;233.27179;2159.7493;0.0004351138;0.0018682331;0.0;0.17368793;0.17368793;0.0;0.0;1604.0667;6045.0176;-1583.0377;3470.3972;1.4188889;13.164444
1985-03-06;-11.655248;-25.018225;-21.902483;747.1397;1.2272353;59.7606;100.0;0.5034924;236.49281;2130.4932;0.0018131431;-0.0033937395;0.0;0.17349422;0.17350167;0.0;3.3527613e-05;1662.5305;6116.1216;-1627.7772;3544.8894;-2.721111;-14.5633335
1985-03-07;-14.511246;-19.57099;-21.149086;743.5127;1.6113834;29.852808;100.0;0.503511;239.82225;2101.115;0.041655336;0.016314909;0.0;0.1733005;0.1733005;0.0;0.0340268;1676.3767;6029.598;-1560.6302;3668.3625;12.683333;-105.458885
1985-03-08;-14.589966;-21.049273;-20.354647;746.4905;1.1456269;50.784283;100.0;0.5035637;243.17674;2072.1843;0.020873547;-0.00213366;0.0;0.17310679;0.17311424;0.0;0.017486513;1680.6603;5905.3477;-1584.0925;3687.8645;-1.7311112;-164.98334
1985-03-09;-14.432292;-21.958097;-20.097155;749.58545;1.0748926;58.142788;100.0;0.5035705;246.54393;2044.108;0.0026047227;0.0003874302;0.0;0.17291307;0.17292053;0.0;3.3527613e-05;1813.3517;6228.297;-1755.473;3523.153;0.2611111;-154.8689
1985-03-10;-12.31882;-20.369377;-19.58122;750.75146;1.4026152;32.948765;100.0;0.50357336;249.85023;2017.0084;0.0008463859;0.0023320317;0.0;0.17270446;0.17271936;0.0;0.0;1868.4381;6274.322;-1760.1011;3604.075;1.7244444;-99.95333
1985-03-11;-9.444657;-21.31044;-18.289568;749.3574;1.1723629;47.243923;100.0;0.50357074;253.25063;1990.1937;0.0004351138;-0.0123903155;0.0;0.17252564;0.1725182;0.0;0.0;1889.955;6210.23;-1651.8058;3887.6797;-9.784445;-77.873886
1985-03-12;-7.146885;-20.986158;-16.539766;748.622;0.9004512;194.36847;100.0;0.50354475;256.9414;1961.3851;0.0004276632;-0.03765337;0.0;0.17232448;0.17232448;0.0;0.0;1968.8552;6332.412;-1703.9819;3997.225;-29.633333;-103.34
1985-03-13;-7.187322;-16.550459;-15.210953;748.3769;1.0769538;94.71572;100.0;0.50350887;260.8978;1931.6406;0.0004261732;-0.032122247;0.0;0.17213821;0.17212331;0.0;0.0;2026.6958;6384.303;-1807.4055;3988.7446;-25.357779;-116.44111
1985-03-14;-6.2096405;-16.228897;-14.429573;748.9288;1.1666218;50.585938;100.0;0.5034946;264.9564;1902.4252;0.001291066;-0.0068005174;0.0;0.1719296;0.1719296;0.0;0.0;2113.546;6523.84;-1941.4294;3907.3284;-5.421111;-94.60445
1985-03-15;-4.3326735;-14.984165;-12.689366;750.1473;1.0544487;109.056435;100.0;0.50344497;269.17285;1872.2738;0.0004351138;-0.0828933;0.0;0.17173588;0.17172843;0.0;0.0;2100.8694;6355.222;-1651.56;4455.787;-65.28667;-116.03778
1985-03-16;-2.1093853;-10.417338;-10.086109;751.8703;0.975102;143.97589;100.0;0.5034082;273.88574;1840.0879;0.0017166131;-0.0028628856;0.0;0.17152727;0.17152727;0.0;0.0;2007.8097;5955.391;-1363.1311;4998.6807;-2.307778;-108.244446
1985-03-17;-1.6570028;-6.1507363;-5.8041587;747.72296;0.86468476;156.65651;100.0;0.50645924;277.7399;1823.6898;11.361504;-0.05103182;0.0;0.17131865;0.1713261;0.0;10.200612;1364.7872;3990.5254;-385.03168;6476.2646;-40.17611;-87.55
1985-03-18;-0.22785442;-3.272807;-1.9164988;746.6106;0.72643256;151.0949;100.0;0.5158524;279.9564;1845.4183;1.1481864;-0.053096563;0.00166893;0.17279387;0.17112494;0.01580827;0.90396404;1415.7067;5178.3745;-834.0875;6259.109;-41.775555;-223.60222
1985-03-19;-0.74491376;-1.5066223;-0.73675793;742.70746;0.58665115;136.82735;100.0;0.5265238;286.03384;1840.983;21.428595;-0.04399009;0.29727817;0.46819448;0.17092377;0.237016;13.151079;617.3972;2188.1565;-142.75917;7066.411;-34.616665;-134.06555
1985-03-20;-1.1454468;-2.7909443;-0.06773504;743.2544;1.2977487;193.41386;100.0;0.5364678;291.4974;1840.6982;12.831984;-0.35812333;0.48315525;0.65389276;0.1707226;3.057152;11.892803;1741.6102;5881.2495;-946.35333;6293.095;-281.94666;-420.4822
1985-03-21;-2.204956;-3.2968547;-0.17734528;743.7036;1.1352458;220.03566;100.0;0.5505497;290.52896;1896.3623;4.9536524;-0.29795802;0.23791194;0.40842593;0.17051399;1.0257587;3.6515706;1377.3138;5133.726;-891.19806;6244.688;-234.59166;-414.19666
1985-03-22;-2.2342224;-6.5573425;-0.52452594;746.11646;0.71742606;127.47694;100.0;0.55079013;300.3727;1835.8969;0.0094771385;-0.31009224;0.00962615;0.17994642;0.17031282;0.06870553;0.009458512;2093.2056;6575.938;-1899.9194;5025.54;-244.12334;-353.50888
1985-03-23;-1.2419434;-6.597758;-0.72126263;739.7773;0.79026216;168.08426;100.0;0.5562049;305.89487;1817.0573;22.067606;-0.35528278;0.028967857;0.19910932;0.1701191;0.0;20.895332;1665.1923;4631.885;-799.6175;6298.3765;-279.71222;-279.30554
1985-03-24;-3.3187969;-4.0307617;-0.58033246;738.4621;1.4240321;209.12782;100.0;0.5757773;299.55698;1922.8109;4.965252;-0.38626975;0.006556511;0.17648935;0.16992539;0.03952533;4.859336;1260.2617;4740.561;-593.97974;6503.661;-304.11667;-571.9778
1985-03-25;-2.5154316;-3.7645874;-0.6187846;744.4925;0.8561532;199.18364;100.0;0.57779837;307.07748;1882.8939;2.573165;-0.3377907;0.016987324;0.18672645;0.16973168;0.11702627;2.384901;1459.725;4696.5107;-650.3406;6502.4653;-265.94446;-430.3511
1985-03-26;-2.3148396;-4.2619224;-0.42933655;745.5601;0.82655835;210.24797;100.0;0.5792785;314.92807;1841.268;0.16641779;-0.38164482;0.039190054;0.20873547;0.16954541;0.2718158;0.14612451;2116.2422;6291.805;-1210.9839;5912.542;-298.99777;-452.17444
1985-03-27;-2.3072917;-4.023478;-0.29764304;745.0041;0.87291116;200.12737;100.0;0.5782933;324.0664;1786.1328;0.16530156;-0.41781738;0.19106269;0.3604293;0.16935915;1.2064502;0.0831373;2208.2273;5891.8467;-1177.3364;5965.745;-327.44556;-462.66446
1985-03-28;-0.7812297;-5.3872275;-0.19565327;745.87396;0.7645708;104.24338;100.0;0.57586807;332.05014;1735.0668;5.1289287;-0.43654814;0.7864237;0.95558167;0.16917288;4.1931124;3.047947;2181.8372;5388.4775;-982.2305;6215.247;-340.65;-331.21112
1985-03-29;-0.51276654;-1.6402588;-0.044512432;744.89526;0.99081904;70.36039;100.0;0.580227;332.32358;1746.2158;12.658457;-0.11317525;2.0986125;2.2676065;0.16898662;3.289368;2.9797294;677.0822;2014.206;-409.89;6799.421;-86.16778;-83.66556
1985-03-30;1.8542277;-2.6588745;-0.1705869;748.763;1.1249954;49.278522;100.0;0.5745568;338.3418;1700.1139;0.012931202;-0.334844;1.6915798;1.8603802;0.16880035;8.793106;0.0027045608;2564.3823;6877.9263;-1478.039;5736.0435;-243.10889;-202.40056
1985-03-31;1.8043925;-2.7151592;-0.26861572;747.6711;0.98857427;79.91664;100.0;0.5661398;345.47623;1640.2588;0.00086103723;-0.2805516;1.6787499;1.8473864;0.16863644;8.207194;0.0;2698.4434;6666.6426;-1583.3119;5586.2344;-200.83778;-163.49445
1985-04-01;0.39264932;-1.2969869;-0.16454189;745.81085;0.7297645;150.86035;100.0;0.560676;352.42838;1592.041;9.79659;-0.15286449;2.7918072;2.9603987;0.16859919;4.035123;0.25111437;1295.2383;3013.5273;-282.90582;6996.926;-112.96889;-130.77333
1985-04-02;-0.6656494;-0.78337604;0.000260671;743.25494;0.68121475;158.44392;100.0;0.56282574;350.96973;1603.0273;22.477633;-0.10589417;3.6929994;3.9056687;0.21266937;3.466651;10.010522;487.46832;1341.6228;-43.435;7243.73;-80.98778;-135.58112
1985-04-03;-1.1740723;-2.4786682;-0.06517156;743.30786;0.9181278;190.14726;100.0;0.5631755;350.21777;1608.724;4.1719675;-0.39084256;1.9366294;2.1062195;0.16960502;6.513767;2.2475197;1629.65;4701.394;-676.81805;6558.344;-295.19666;-283.92
1985-04-04;-1.8016052;-3.4706726;-0.16950352;746.37067;0.9652564;165.6072;100.0;0.5606917;353.33658;1587.6058;0.49172342;-0.56231207;0.75268745;0.9238422;0.17115474;3.0674002;0.28470904;2022.6578;5660.762;-991.8078;6166.742;-427.21335;-380.16666
1985-04-05;-1.6991373;-6.608297;-0.24590428;746.97955;1.0162538;82.5397;100.0;0.55697525;359.389;1550.6592;0.0043621366;-0.72043765;0.8790344;1.0522157;0.1731813;3.6930516;0.0035464764;2560.726;6556.935;-1534.098;5526.6343;-547.05225;-336.56332
1985-04-06;-1.4416809;-5.391266;-0.35085168;746.12524;0.9908881;93.9931;100.0;0.5531263;366.34213;1511.3525;0.080645084;-0.6085541;0.81402063;0.9894967;0.17549843;3.410358;0.00024586916;2699.8928;6444.405;-1670.3456;5345.5977;-459.8161;-256.95444
1985-04-07;-0.28105673;-5.331492;-0.35839844;747.4533;0.97377396;148.88098;100.0;0.5480264;373.8434;1467.2445;0.041165948;-0.584105;1.5002936;1.6783774;0.17808378;6.0448647;0.0;3151.5527;7148.0435;-1854.7703;5226.165;-437.2989;-213.29778
1985-04-08;0.6337382;-2.9550984;-0.2285525;746.8355;1.1181997;157.2619;100.0;0.5400362;381.05338;1418.6198;0.237294;-0.5265456;2.547577;2.7530937;0.20551682;8.979503;0.0;3223.2517;7036.604;-1342.9427;5903.238;-392.8089;-216.82445
1985-04-09;-0.6139221;-1.8847555;-0.051597595;745.6504;0.9978027;239.57469;100.0;0.53027225;384.19922;1381.1849;4.912525;-0.5689543;4.155159;4.357785;0.20263344;10.762555;2.0735674;2521.8132;5442.8813;-777.35803;6568.007;-433.34;-393.22888
1985-04-10;-0.8616028;-2.5277607;-0.11360677;747.2068;0.9766775;217.21796;100.0;0.52168995;386.31543;1351.6031;2.589674;-0.42083395;3.47127;3.7264376;0.25516003;9.4001255;0.46125054;2267.5322;5157.5005;-963.4989;6264.95;-317.42557;-295.04333
1985-04-11;2.2036335;-2.2866313;-0.21785991;750.7116;1.1927582;194.79662;100.0;0.5106918;391.3434;1306.193;0.022894144;-0.44969097;4.4377594;4.800141;0.36238134;12.659423;0.0;3339.6138;7381.7554;-1649.6233;5575.655;-328.7;-176.91444
1985-04-12;2.6665955;0.6694234;-0.1236941;749.4218;1.4654312;177.38605;100.0;0.49631974;397.09048;1251.1393;1.7646893;-0.29560363;5.597144;5.9675875;0.37044287;15.611033;2.9802322e-05;3195.75;6840.0396;-993.23944;6430.8936;-211.85;-146.05556
1985-04-13;3.8395588;1.567159;-0.044172924;748.45013;1.127819;240.29541;100.0;0.47567222;400.00522;1190.5924;0.5904317;-0.30774438;8.635357;10.297462;1.6620904;22.258821;0.00017508864;3205.229;6690.719;-1021.2086;6409.5757;-220.77112;-152.20111
1985-04-14;2.7793274;-1.9183859;-0.12543488;745.3415;1.5279773;202.35591;100.0;0.45705172;403.3278;1134.4401;3.271411;-0.63357127;7.684663;8.593977;0.909321;16.895678;0.001013279;3431.9543;7032.5513;-1490.2386;5813.7256;-474.91666;-127.16556
1985-04-15;-0.18911743;-5.464803;-0.27054214;746.71075;1.1386561;160.64966;100.0;0.44439387;409.17123;1087.1989;0.053554773;-0.7811897;3.4537764;3.791839;0.33804774;9.878915;0.0013262033;3620.4282;7309.8726;-1897.3447;5169.6367;-592.0211;-278.25888
1985-04-16;2.1433613;-5.5294166;-0.28998312;752.593;1.3137776;38.229557;100.0;0.43217263;416.67416;1038.7369;0.0;-0.46044403;5.2818356;6.148517;0.8666739;13.603475;0.0;3888.725;7764.197;-2047.1547;5101.1904;-335.75333;-145.54222
1985-04-17;3.526357;-4.5376587;-0.24568684;753.48145;1.4627085;31.077576;100.0;0.41695413;424.1237;984.61914;0.0017208768;-0.46705455;6.2408895;6.7518053;0.51092356;16.014362;0.0;3918.9734;7755.3633;-1927.532;5284.565;-340.50888;-110.681114
1985-04-18;4.223877;-3.4942143;-0.22622935;751.31647;1.168941;104.79096;100.0;0.3995757;431.29688;928.304;0.0017136281;-0.41161662;7.510245;8.91313;1.4028996;18.072098;0.0;3926.419;7715.926;-1717.4667;5562.0757;-296.6311;-113.704445
1985-04-19;5.1822715;-1.7256674;-0.19764455;748.74066;1.1214927;153.15385;100.0;0.37989888;437.92807;868.9372;0.0012934206;-0.34556165;8.745536;10.025531;1.2800024;20.376104;0.0;3926.4805;7674.0864;-1675.2117;5646.622;-245.42778;-97.47111
1985-04-20;4.3715615;0.049418133;-0.13726044;747.4172;1.2241367;101.0769;100.0;0.36133966;443.93848;815.18555;5.621194;-0.32461435;8.697346;9.9705305;1.2731776;16.930069;0.0;3020.7422;5877.412;-967.03613;6443.1777;-234.9761;-59.905556
1985-04-21;3.466156;0.97129315;-0.03188197;749.46387;0.8092819;113.31485;100.0;0.34802437;447.39453;778.52374;16.688843;-0.08487608;11.153519;13.029486;1.8759668;13.955857;0.0;1762.586;3414.9084;-446.05862;6905.7017;-57.90222;-62.533333
1985-04-22;1.666453;0.65700275;-0.003358205;746.9683;1.0324647;64.41978;100.0;0.33738872;447.86264;753.4993;29.684095;-0.073504634;17.364592;21.284803;3.9202049;11.603326;2.7718954;1376.0361;2666.1494;-201.81305;7174.3857;-51.63222;-66.248886
1985-04-23;1.8877869;-2.076233;-0.08573151;744.64655;1.1009169;121.38867;100.0;0.32587504;438.8102;743.3675;1.4839262;-0.4574731;6.889224;8.958608;2.0693989;16.209967;0.00039488077;2829.81;6448.848;-1172.5662;6128.582;-338.53223;-195.13667
1985-04-24;-0.005340576;-1.0686239;-0.13956451;743.7791;0.90601254;236.98358;100.0;0.31630158;442.1494;715.9017;5.46038;-0.2004765;4.16033;6.4599514;2.2996142;7.751115;0.72593987;1693.66;3747.9683;-361.44693;6943.2153;-149.30556;-227.94444
1985-04-25;0.930186;-0.8616638;-0.029050192;746.72363;0.99291563;193.85988;100.0;0.3048177;443.22495;688.3952;9.664603;-0.42722467;9.040266;12.563914;3.523633;15.214637;1.6404166;2681.6223;5858.8706;-778.68054;6620.9233;-318.5428;-252.94
1985-04-26;2.1841023;-1.9719137;-0.10806402;746.5109;1.3212427;94.7875;100.0;0.2907925;440.33237;661.41766;2.5187879;-0.47134608;7.316634;10.846794;3.5301595;16.704287;0.0007264316;3073.4639;7003.9526;-1387.9283;5901.977;-348.25333;-164.17334
1985-04-27;1.5227356;-0.6551005;-0.20354335;746.0479;0.8061989;156.76942;100.0;0.27728602;445.95215;622.68066;3.1202078;-0.20691845;5.5724087;9.657041;4.084632;12.305956;0.00074878335;2573.3694;5640.904;-994.7878;6300.8887;-146.49556;-172.93
1985-04-28;1.835846;0.38308716;-0.06739807;746.51776;1.0383861;244.77437;100.0;0.26351538;449.57162;586.6292;8.014185;-0.2569938;8.903161;14.183417;5.2802787;15.28814;0.006839633;2334.666;4961.162;-370.58862;7065.702;-187.37833;-168.93889
1985-04-29;2.2036438;0.80928546;-0.06530126;747.3222;1.0576451;240.8792;100.0;0.24598117;450.0;547.404;4.900455;-0.25626364;9.944461;16.704515;6.760053;18.501326;0.0011175871;2751.109;5712.88;-885.72614;6512.9775;-185.44888;-189.31778
1985-04-30;4.0862527;1.3881327;-0.12036642;749.0;1.2418877;174.7773;100.0;0.22681446;450.0;505.08627;1.4368623;-0.34852886;8.615941;15.843495;7.2275476;20.024418;0.0019408762;3189.1272;6509.5605;-750.4261;6738.121;-251.35;-168.67
1985-05-01;5.4926963;1.5767924;-0.111200966;746.48926;1.1709238;237.98126;100.0;0.20305574;450.0;452.47397;0.4675895;-0.32400712;11.255778;20.851225;9.595461;25.737242;0.0;3543.8423;7134.008;-1137.9956;6344.08;-229.35445;-117.94222
1985-05-02;4.563843;-1.2009989;-0.3418325;744.16644;1.3322905;187.56177;100.0;0.18241596;450.0;406.00586;2.5684536;-0.5978309;8.194298;18.196285;10.001972;18.380035;0.0;3583.611;7137.055;-1486.603;5810.5366;-446.24222;-89.473335
1985-05-03;0.3996277;-1.1882731;-0.2641487;743.99054;1.0055895;220.15117;100.0;0.17271821;435.08105;397.05405;11.995101;-0.31022543;7.474661;18.256516;10.781862;11.856325;3.976617;2524.291;5906.1885;-928.97723;6353.906;-228.09222;-259.25223
1985-05-04;2.1239014;-2.8758137;-0.37182108;746.87067;1.2208762;162.7246;100.0;0.16000967;437.21255;367.14682;0.47644377;-0.5585058;5.503684;15.978694;10.475002;14.739983;0.0012554228;3139.5127;7198.1924;-1481.385;5745.3545;-414.97223;-205.09555
1985-05-05;4.2259316;-2.707906;-0.6682269;748.47345;1.1089821;141.39653;99.6442;0.14440612;445.48764;324.86978;0.61148906;-0.38710052;6.43225;17.195017;10.762781;16.258505;0.0;3531.659;7774.6924;-1620.2487;5617.011;-279.1078;-152.77222
1985-05-06;3.95164;-0.32125854;-0.49385452;750.49243;1.0131067;105.29641;98.00049;0.12849896;449.4401;286.5397;5.6931553;-0.21180883;7.896006;18.519835;10.62382;14.966812;0.0;2780.5457;5876.9194;-1151.5511;6157.04;-146.14223;-117.42111
1985-05-07;5.131073;-1.0060221;-0.51936084;751.99835;1.0959979;104.6178;96.289635;0.11099744;449.84766;247.76204;0.5497664;-0.42403305;8.2654505;19.209385;10.943927;19.702576;1.4901161e-05;3534.1716;7205.0522;-1263.4216;6125.914;-298.90277;-136.47
1985-05-08;6.311503;0.3255717;-0.4377772;753.2022;1.0524331;51.69287;95.10742;0.09144628;449.8672;204.22363;2.3263693;-0.33627543;8.945584;19.863605;10.918021;19.177046;0.0;3228.9822;6421.0854;-1063.8861;6381.9805;-233.12222;-106.30334
1985-05-09;5.8204346;2.014272;-0.4161148;752.9942;1.245727;69.81896;94.41984;0.070713125;449.8672;158.12175;4.6363773;-0.33148098;12.063339;23.830906;11.767567;21.174166;0.0;3181.1868;6209.2812;-853.3053;6602.9062;-226.16;-146.08556
1985-05-10;6.8595786;1.9078674;-0.6118291;752.42084;1.0685242;109.22244;92.07788;0.049427707;449.8672;110.92123;3.788889;-0.35071653;10.043174;22.671164;12.627989;21.245773;0.0;3275.93;6283.818;-1077.4238;6391.763;-240.46722;-123.912224
1985-05-11;8.017487;2.4706013;-0.7416598;754.715;1.0460471;65.96134;67.91276;0.029967666;449.8672;67.4235;5.1402125;-0.612176;10.529295;23.50688;12.977585;17.789192;0.0;3618.6077;6244.3843;-1109.4711;6537.3057;-422.71555;-195.3511
1985-05-12;9.672923;1.0886332;-0.58309937;755.7326;1.1385578;76.25884;36.02702;0.015691796;449.8672;35.40039;0.33119917;-1.8916558;4.2217226;16.610325;12.388609;12.485772;0.0;5127.922;7514.56;-1607.11;6393.02;-1314.6;-333.42334
1985-05-13;9.067485;2.2646587;-0.38485846;754.1057;1.2038679;61.390797;16.305176;0.007080833;449.8672;16.072592;2.557847;-2.2506602;2.628252;14.295056;11.666797;6.157067;0.0;5171.387;6962.489;-1663.8964;6533.453;-1563.27;-593.6522
1985-05-14;8.469106;3.946645;-0.19009018;750.6414;0.95591384;128.21225;7.067627;0.0030659437;449.8672;7.080078;9.877006;-2.1291533;3.917739;14.597863;10.680132;2.7495959;0.0;4547.9995;5906.5654;-1435.2217;6906.169;-1478.7217;-676.60443
1985-05-15;8.500224;2.8020427;-0.0741806;749.5019;1.167121;133.1064;2.9099934;0.0012583733;449.8672;3.0517578;0.7765591;-2.934345;0.50807;10.241196;9.733141;1.2255125;0.0;5524.058;7060.039;-1908.2983;6465.7344;-2038.461;-1044.6677
1985-05-16;7.142751;2.8688762;-0.19283931;749.8532;1.1239041;143.91174;1.219808;0.00053060055;449.8672;1.3427734;4.3403807;-2.1681786;1.0961592;9.967983;8.871801;0.44177845;0.0;4427.396;5617.3843;-1603.0461;6641.6655;-1506.1411;-861.7711
1985-05-17;7.083944;3.3338826;-0.010522206;750.45953;1.1163397;105.44815;0.5121257;0.00022117297;449.8672;0.44759116;3.350207;-2.7088869;0.7417053;8.832216;8.090511;0.22245571;0.0;5254.0415;6640.8066;-1711.09;6712.464;-1881.7628;-1231.5867
1985-05-18;8.2561035;4.0042214;-0.049475353;751.68744;1.0531297;140.93593;0.19824219;8.543333e-05;449.8672;-7.345365e-21;0.875327;-2.960827;0.16510487;7.5653048;7.400207;0.08987263;0.0;5451.152;6874.6587;-1741.7195;6749.1733;-2056.7778;-1114.57
1985-05-19;8.245992;4.086548;-0.03952535;751.0308;1.2250097;198.11157;0.07242838;3.1153362e-05;449.8672;-7.345365e-21;1.9045323;-2.9196143;0.33153594;7.1275086;6.79598;0.032417476;0.0;5647.4507;7111.52;-2065.6438;6388.642;-2028.1589;-1217.8522
1985-05-20;8.375793;0.30640665;-0.12312063;748.6968;1.3371505;221.29076;0.028157553;1.2437503e-05;449.8672;-7.345365e-21;0.6512657;-3.1570456;0.09918958;6.3672214;6.268039;0.011526048;0.0;5615.9126;7063.0146;-1970.9072;6364.6387;-2193.1;-1161.0078
1985-05-21;6.9801126;2.2826233;-0.18861134;747.0149;1.0792872;206.27132;0.01163737;5.1657357e-06;436.53027;-7.345365e-21;4.2859974;-2.5306456;0.74099004;6.5458717;5.804904;0.0045523047;0.0;5170.666;6495.488;-1887.4806;6438.472;-1757.9545;-1229.0366
1985-05-22;7.2394004;1.0213013;-0.06685511;748.9908;1.1810173;121.17874;0.0052083335;1.8278757e-06;428.681;-7.345365e-21;1.8717945;-2.8877313;0.31414628;5.7126284;5.3984823;0.001899898;0.0;5205.6143;6532.309;-1796.7872;6552.042;-2006.0111;-1190.2877
1985-05-23;9.765045;-0.26741537;-0.22326915;752.9422;1.1049167;158.7313;0.0023600261;5.9604645e-07;428.09375;-7.345365e-21;0.020313263;-3.6784205;0.0028461218;5.0399156;5.037077;0.00083073974;0.0;6375.6743;7992.2734;-2377.3533;6127.9976;-2555.2756;-997.60114
1985-05-24;10.020131;0.7121175;-0.08136495;752.69366;1.1775727;112.33057;0.00048828125;-7.3453654e-25;428.09897;-7.345365e-21;0.39446354;-3.5775192;0.048279762;4.763007;4.7147274;0.0003017485;0.0;6087.517;7622.844;-2220.2366;6388.2207;-2485.1843;-917.7278
1985-05-25;10.411153;2.8694458;-0.017086029;750.6997;1.1316483;85.91143;0.0;-7.3453654e-25;428.09375;-7.345365e-21;2.0170248;-3.2215602;0.28669834;4.7144294;4.4277387;0.00010430813;0.0;5688.291;7115.2754;-2146.5317;6546.7993;-2237.9111;-858.98444
1985-05-26;10.124745;0.1638794;-2.3688495;747.88257;1.3968862;108.51055;0.0;-7.3453654e-25;211.28612;-7.345365e-21;1.5102506;-3.226935;0.21132082;4.3823123;4.1709843;2.9802322e-05;0.0;5524.36;6903.0723;-2131.725;6400.2812;-2241.645;-932.29553
1985-05-27;8.908193;1.100057;-1.3247389;749.7163;1.2160832;143.3188;0.0;-7.3453654e-25;108.51593;-7.345365e-21;0.7228792;-3.3069077;0.08159876;4.0206013;3.9390178;1.1175871e-05;0.0;5797.8535;7236.852;-2080.9927;6476.4688;-2297.199;-1105.6934
1985-05-28;10.057118;0.60528564;-0.05411784;751.53955;1.3143213;107.91601;0.0;-7.3453654e-25;100.28384;-7.345365e-21;0.047773123;-3.856741;0.0051036477;3.732726;3.7276223;0.0;0.0;6443.253;8034.17;-2216.838;6447.579;-2679.149;-1174.7367
1985-05-29;12.430797;0.25188193;0.009929657;752.03394;1.2315613;98.78409;0.0;-7.3453654e-25;99.99998;-7.345365e-21;1.8643796;-3.6273868;0.2233535;3.7582219;3.5348682;0.0;0.0;6272.963;7813.4653;-2344.0044;6484.8936;-2519.8245;-912.86
1985-05-30;12.8472595;0.35681152;0.009569804;750.32983;1.5001483;135.30298;0.0;-7.3453654e-25;99.99998;-7.345365e-21;2.4320364;-3.7957962;0.31699985;3.6764443;3.359437;0.0;0.0;6027.2363;7499.451;-2233.805;6566.4453;-2636.8132;-858.27
1985-05-31;11.424947;-1.0432638;0.009803772;750.73224;1.1955074;203.15161;0.0;-7.3453654e-25;99.99998;-7.345365e-21;0.00044107434;-3.8561625;5.9604645e-05;3.1978786;3.197834;0.0;0.0;6857.012;8522.967;-2762.21;5922.677;-2678.7478;-1176.3622
1985-06-01;11.335338;-1.0624796;0.010066986;750.607;1.2429508;168.36456;0.0;-7.3453654e-25;99.99998;-7.345365e-21;0.0008702277;-3.7501297;8.940697e-05;3.0487478;3.0486584;0.0;0.0;6872.24;8532.872;-2783.294;5917.069;-2605.09;-1146.7322
1985-06-02;10.344818;-1.2217611;0.009906769;749.24634;1.1178921;192.93037;0.0;-7.3453654e-25;99.99998;-7.345365e-21;0.00086683163;-3.4753606;7.4505806e-05;2.9110312;2.9109569;0.0;0.0;6865.91;8516.014;-2772.6455;5888.021;-2414.2178;-1411.2322
1985-06-03;11.407928;-0.82352704;0.009657542;749.3763;1.1735266;152.52953;0.0;-7.3453654e-25;99.99998;-7.345365e-21;0.0;-3.506055;0.0;2.7833283;2.7833433;0.0;0.0;6870.7163;8513.003;-2738.26;6052.099;-2435.54;-1293.8223
1985-06-04;12.8550415;-2.1467793;0.010177612;750.6653;1.2019943;167.79097;0.0;-7.3453654e-25;99.99998;-7.345365e-21;0.0012844794;-3.5378635;0.00010430813;2.6646404;2.6645212;0.0;0.0;6752.6855;8357.931;-2673.2678;6253.8276;-2457.6355;-1168.3256
1985-06-05;13.719533;-0.15145874;0.0095494585;751.66693;1.3181628;119.83747;0.0;-7.3453654e-25;99.99998;-7.345365e-21;0.47263503;-3.128876;0.03787875;2.5919528;2.5540664;0.0;0.0;6177.7847;7638.3135;-2383.0073;6626.102;-2173.5256;-1198.18
1985-06-06;15.064514;-0.7585246;0.009813945;750.05524;1.778926;156.98073;0.0;-7.3453654e-25;99.99998;-7.345365e-21;0.16386786;-3.3052852;0.012725592;2.4639368;2.4512262;0.0;0.0;6449.398;7965.7676;-2544.8762;6551.1655;-2296.0723;-1192.3656
1985-06-07;12.124573;-0.46055093;0.010203044;748.816;1.4701651;191.56953;0.0;-7.3453654e-25;99.99998;-7.345365e-21;0.0012874597;-2.8929374;0.00010430813;2.3548603;2.3547559;0.0;0.0;6893.693;8505.619;-2818.4478;6093.4194;-2009.6267;-1809.7711
1985-06-08;10.134532;-0.10668945;0.010173798;748.822;1.3123316;144.47272;0.0;-7.3453654e-25;99.99998;-7.345365e-21;0.97303987;-2.3267632;0.072300434;2.337575;2.2652597;0.0;0.0;5927.0513;7305.26;-2348.7422;6451.3755;-1616.325;-1753.2067
1985-06-09;9.735677;2.150299;0.009773254;751.48145;1.1525543;75.97315;0.0;-7.3453654e-25;99.99998;-7.345365e-21;1.2918353;-2.4049942;0.10111928;2.282858;2.1817536;0.0;0.0;5703.503;7022.202;-2216.8;6649.612;-1670.669;-1510.76
1985-06-10;11.0711565;2.301839;0.009871165;751.7888;1.2640215;32.19824;0.0;-7.3453654e-25;99.99998;-7.345365e-21;0.20942986;-2.5210176;0.015243888;2.1182299;2.1029935;0.0;0.0;5862.9663;7211.1157;-2278.506;6683.171;-1751.2667;-1497.9645
1985-06-11;12.52715;-0.93273926;0.0099652605;750.15326;1.462122;40.060097;0.0;-7.3453654e-25;99.99998;-7.345365e-21;0.0007003546;-2.852954;4.4703484e-05;2.0281374;2.0280852;0.0;0.0;6893.9155;8470.33;-2871.986;6206.059;-1981.8522;-1643.2988
1985-06-12;14.707438;-0.9827779;0.009808858;749.40375;1.0623792;145.39241;0.0;-7.3453654e-25;99.99998;-7.345365e-21;0.004971027;-2.6890597;0.0003427267;1.9571781;1.9568503;0.0;0.0;6597.057;8097.07;-2763.583;6522.488;-1868.0011;-1462.2644
1985-06-13;14.494975;-1.7546896;0.009923299;749.1834;1.4814867;143.93175;0.0;-7.3453654e-25;99.99998;-7.345365e-21;0.326854;-2.3864825;0.022560358;1.9122064;1.889646;0.0;0.0;6681.3755;8192.017;-2852.2544;6427.8877;-1657.8088;-1773.7178
1985-06-14;13.480052;0.05178833;0.0099487305;750.20703;1.2332377;113.41013;0.0;-7.3453654e-25;99.99998;-7.345365e-21;0.21405189;-2.2159014;0.014513731;1.8407255;1.8262118;0.0;0.0;6321.479;7742.6245;-2700.2366;6610.6313;-1539.3134;-1674.9711
1985-06-15;14.145813;0.83510333;0.010154724;750.4888;1.235324;96.3691;0.0;-7.3453654e-25;99.99998;-7.345365e-21;0.011861324;-2.2536693;0.00071525574;1.7666817;1.7659515;0.0;0.0;6603.641;8079.8545;-2834.295;6595.9355;-1565.5494;-1746.6433
1985-06-16;14.50238;0.35465494;0.009923299;749.5655;1.3040084;102.15256;0.0;-7.3453654e-25;99.99998;-7.345365e-21;0.24083555;-2.0867028;0.015810132;1.724422;1.708597;0.0;0.0;6601.6387;8076.31;-2893.5488;6598.9043;-1449.5634;-1803.039
1985-06-17;15.541493;-1.8566793;0.010327657;748.45917;1.319607;120.110016;0.0;-7.3453654e-25;99.99998;-7.345365e-21;0.0005066395;-2.0402615;2.9802322e-05;1.654163;1.6541332;0.0;0.0;6697.195;8192.203;-3053.5063;6453.8735;-1417.3022;-1825.6422
1985-06-18;15.280304;-3.9904277;0.009880066;747.0638;1.3957466;131.30489;0.0;-7.3453654e-25;99.99998;-7.345365e-21;0.019031763;-1.8557142;0.0009685755;1.6032606;1.6022921;0.0;0.0;6854.6016;8383.653;-3092.4136;6396.3193;-1289.1034;-2046.1156
1985-06-19;14.917653;-4.295807;0.0099105835;746.4861;1.6382049;171.59181;0.0;-7.3453654e-25;99.99998;-7.345365e-21;0.0004351138;-1.7042859;2.9802322e-05;1.552999;1.5529916;0.0;0.0;6941.2505;8488.595;-3108.7976;6337.4116;-1183.9111;-2332.5789
1985-06-20;14.161163;-3.7581685;0.009977977;745.88153;1.4137903;225.91103;0.0;-7.3453654e-25;99.99998;-7.345365e-21;0.008910894;-1.5791738;0.00055134296;1.5066266;1.5060753;0.0;0.0;6860.563;8388.86;-3112.6272;6259.8926;-1097.0;-2365.8032
1985-06-21;13.018992;-4.9511313;0.009951274;748.5391;1.2667375;183.1424;0.0;-7.3453654e-25;99.99998;-7.345365e-21;0.001287488;-1.5336536;8.940697e-05;1.4614612;1.4613793;0.0;0.0;7008.0835;8568.112;-3275.551;6023.387;-1065.3789;-2400.65
1985-06-22;14.641785;-3.7309978;0.00997289;750.25006;1.2729856;124.46179;0.0;-7.3453654e-25;99.99998;-7.345365e-21;0.0;-1.6062763;0.0;1.4185905;1.4185905;0.0;0.0;6992.9844;8548.537;-3297.1584;6203.493;-1115.8267;-2131.0156
1985-06-23;15.687714;-2.897644;0.009950002;749.6352;1.1814173;135.1364;0.0;-7.3453654e-25;99.99998;-7.345365e-21;0.0017151696;-1.5929229;0.00010430813;1.3777316;1.3776197;0.0;0.0;7083.7344;8658.368;-3422.5012;6199.714;-1106.5511;-2078.121
1985-06-24;16.300833;-3.5851238;0.009863536;749.2474;1.3154987;139.25623;0.0;-7.3453654e-25;99.99998;-7.345365e-21;0.0008602252;-1.5919228;5.9604645e-05;1.3384223;1.3383701;0.0;0.0;7083.1504;8656.503;-3407.0244;6320.776;-1105.8556;-2092.4944
1985-06-25;17.658163;-2.94693;0.010144551;750.63226;1.2559072;189.23573;0.0;-7.3453654e-25;99.99998;-7.345365e-21;0.0008463859;-1.577639;5.9604645e-05;1.3008118;1.300782;0.0;0.0;7066.747;8635.364;-3454.5112;6393.952;-1095.9333;-2038.6311
1985-06-26;17.895468;-5.779368;0.010084788;751.1774;1.3923273;222.70824;0.0;-7.3453654e-25;99.99998;-7.345365e-21;0.0017138955;-1.4915131;0.00010430813;1.2649745;1.2648702;0.0;0.0;7172.995;8764.075;-3688.0144;6080.7207;-1036.1045;-2102.9255
1985-06-27;17.507242;-6.720835;0.0096537275;749.73364;1.4241797;134.46056;0.0;-7.3453654e-25;99.99998;-7.345365e-21;0.0012934506;-1.4750772;7.4505806e-05;1.2305528;1.2304783;0.0;0.0;7210.326;8808.543;-3730.1216;6025.0723;-1024.6866;-2038.1122
1985-06-28;16.04252;0.42244467;0.0099983215;749.93335;1.3639442;71.20269;0.0;-7.3453654e-25;99.99998;-7.345365e-21;0.0017002403;-1.3779216;8.940697e-05;1.1975467;1.1974424;0.0;0.0;7009.237;8561.68;-3310.5417;6500.892;-957.19556;-2250.4277
1985-06-29;16.877848;0.98706055;0.009638469;749.5142;1.321252;110.245766;0.0;-7.3453654e-25;99.99998;-7.345365e-21;0.0004351138;-1.375027;2.9802322e-05;1.165688;1.1656582;0.0;0.0;6983.458;8529.175;-3338.4578;6555.4087;-955.18555;-2267.3489
1985-06-30;16.54302;-1.0277811;0.009831746;748.0041;1.3615894;113.02911;0.0;-7.3453654e-25;99.99998;-7.345365e-21;0.00042617318;-1.3458114;2.9802322e-05;1.1351556;1.1351258;0.0;0.0;6927.589;8459.765;-3283.5222;6612.4634;-934.89;-2307.5156
1985-07-01;16.44332;0.48639932;0.009890239;748.0288;1.305693;108.90299;0.0;-7.3453654e-25;99.99998;-7.345365e-21;0.001275539;-1.2507867;8.940697e-05;1.1059344;1.1058599;0.0;0.0;6732.673;8220.721;-3133.7979;6711.1777;-868.88;-2382.909
1985-07-02;15.098134;-2.318288;0.009660085;749.1682;1.4787946;140.21965;0.0;-7.3453654e-25;99.99998;-7.345365e-21;0.0012774017;-1.1840687;7.4505806e-05;1.0778904;1.0778234;0.0;0.0;7007.2837;8554.869;-3304.0457;6375.509;-822.5322;-2646.4023
1985-07-03;15.632487;-4.1113586;0.009836833;751.56354;1.2008139;132.60518;0.0;-7.3453654e-25;99.99998;-7.345365e-21;0.0017106531;-1.2469385;0.00010430813;1.0509491;1.0508448;0.0;0.0;7082.046;8645.088;-3558.7239;6184.7524;-866.20667;-2352.7844
1985-07-04;16.58431;-6.343496;0.0101674395;750.38745;1.3616341;145.68047;0.0;-7.3453654e-25;99.99998;-7.345365e-21;0.0012997207;-1.2386981;5.9604645e-05;1.0249317;1.0248423;0.0;0.0;7129.88;8702.341;-3664.4678;6082.809;-860.48224;-2276.689
1985-07-05;16.490875;-8.092601;0.009947459;749.9126;1.3773537;134.15282;0.0;-7.3453654e-25;99.99998;-7.345365e-21;0.0008523463;-1.1743549;5.9604645e-05;0.9999275;0.99990517;0.0;0.0;7246.0723;8843.064;-3833.34;5835.7383;-815.7856;-2306.0645
1985-07-06;16.83129;-6.2989097;0.010055542;750.2688;1.2965103;132.52986;0.0;-7.3453654e-25;99.99998;-7.345365e-21;0.0025629979;-1.1959057;0.00013411045;0.97602606;0.97587705;0.0;0.0;7227.492;8819.252;-3841.8853;5942.578;-830.75555;-2173.22
1985-07-07;17.309793;-5.8605447;0.0098012285;749.482;1.2884957;101.078064;0.0;-7.3453654e-25;99.99998;-7.345365e-21;0.00043511385;-1.2017899;2.9802322e-05;0.95269084;0.95267594;0.0;0.0;7241.4746;8835.167;-3893.6094;5973.301;-834.8433;-2106.4612
1985-07-08;18.578043;-6.4503684;0.009662628;748.84644;1.3192263;93.33981;0.0;-7.3453654e-25;99.99998;-7.345365e-21;0.0008642673;-1.2145658;4.4703484e-05;0.9303242;0.9302795;0.0;0.0;7226.793;8816.076;-3928.7505;6051.999;-843.7178;-2014.7778
1985-07-09;18.448599;-6.090973;0.00990804;748.363;1.4458109;109.968445;0.0;-7.3453654e-25;99.99998;-7.345365e-21;0.0012844794;-1.1552386;7.4505806e-05;0.9087175;0.90865046;0.0;0.0;7102.762;8663.629;-3683.1333;6291.1123;-802.50665;-2234.8733
1985-07-10;17.354279;-6.4204;0.010210673;748.48004;1.3545173;109.10377;0.0;-7.3453654e-25;99.99998;-7.345365e-21;0.0008622419;-1.1233417;4.4703484e-05;0.8878261;0.8877814;0.0;0.0;7180.095;8756.829;-3808.0618;6085.4956;-780.3478;-2265.9922
1985-07-11;17.480967;3.127004;0.009971619;750.15753;1.3911265;80.25811;0.0;-7.3453654e-25;99.99998;-7.345365e-21;0.00086652883;-1.059589;4.4703484e-05;0.867635;0.86759776;0.0;0.0;6710.614;8183.2153;-3120.7847;6935.8613;-736.0611;-2331.9568
1985-07-12;18.899689;3.0068157;0.009976705;750.5961;1.3794779;96.328224;0.0;-7.3453654e-25;99.99998;-7.345365e-21;0.0017046923;-1.0815021;8.940697e-05;0.8481741;0.8480847;0.0;0.0;6718.8267;8192.208;-3211.154;6972.5596;-751.2833;-2328.9534
1985-07-13;19.843994;-2.7827556;0.0097300215;750.28784;1.524581;109.81788;0.0;-7.3453654e-25;99.99998;-7.345365e-21;0.00044107434;-1.0954347;2.9802322e-05;0.8292496;0.8292347;0.0;0.0;6909.2153;8423.21;-3381.1838;6851.379;-760.9611;-2322.5122
1985-07-14;20.145102;-2.5160115;0.010059357;749.7139;1.3843497;123.69528;0.0;-7.3453654e-25;99.99998;-7.345365e-21;0.00044107434;-1.1037234;2.9802322e-05;0.8110404;0.8110255;0.0;0.0;6865.7065;8369.094;-3376.6567;6953.2446;-766.72;-2246.2822
1985-07-15;19.78067;5.2390137;0.010063171;751.3279;1.3324739;88.240456;0.0;-7.3453654e-25;99.99998;-7.345365e-21;0.006052851;-1.0114434;0.00031292439;0.79369545;0.7934049;0.0;0.0;6295.4443;7673.041;-2942.5664;7413.7593;-702.61554;-2190.01
1985-07-16;20.163239;6.3212485;0.00959905;751.50287;1.4023415;99.57284;0.0;-7.3453654e-25;99.99998;-7.345365e-21;0.0022801105;-0.99192744;0.00011920929;0.7764846;0.7763654;0.0;0.0;6286.641;7660.5396;-2977.9634;7418.349;-689.0589;-2186.8733
1985-07-17;19.553955;7.252085;0.0102005005;749.93866;1.4676;103.61609;0.0;-7.3453654e-25;99.99998;-7.345365e-21;0.0016601643;-0.95014274;7.4505806e-05;0.759989;0.7599145;0.0;0.0;6263.7505;7630.9067;-2936.064;7394.7656;-660.0322;-2305.7856
1985-07-18;19.116476;5.2487693;0.009564717;747.4949;1.4735352;129.19785;0.0;-7.3453654e-25;99.99998;-7.345365e-21;0.0008633439;-0.95926225;4.4703484e-05;0.744015;0.7439852;0.0;0.0;6583.7793;8018.9775;-3152.3271;7099.5913;-666.36664;-2488.3079
1985-07-19;18.571838;0.48694864;0.00999705;745.9179;1.3376532;207.41484;0.0;-7.3453654e-25;99.99998;-7.345365e-21;0.00042617318;-0.9617256;2.9802322e-05;0.7285774;0.7285476;0.0;0.0;6862.485;8356.613;-3410.9504;6722.61;-668.0789;-2541.0657
1985-07-20;16.615906;-2.2107036;0.00978597;747.49725;1.270781;191.69878;0.0;-7.3453654e-25;99.99998;-7.345365e-21;0.0012814989;-0.9164717;5.9604645e-05;0.7136762;0.7136166;0.0;0.0;6967.043;8482.071;-3507.3406;6415.1387;-636.6422;-2639.9622
1985-07-21;16.234018;-0.03986613;0.009700775;749.71;1.2430321;120.03776;0.0;-7.3453654e-25;99.99998;-7.345365e-21;0.0012918818;-0.8853162;7.4505806e-05;0.6992072;0.6991476;0.0;0.0;6577.536;8005.9756;-3129.9038;6828.0557;-614.99945;-2522.9956
1985-07-22;15.984181;4.0515847;0.010115306;750.3244;1.1135815;60.354767;0.0;-7.3453654e-25;99.99998;-7.345365e-21;0.27881563;-0.79419464;0.0133141875;0.69864094;0.68532676;0.0;0.0;5465.065;6650.508;-2635.6821;7245.6577;-551.7;-2046.9
1985-07-23;16.252075;2.962026;0.009989421;750.2915;1.097442;68.243126;0.0;-7.3453654e-25;99.99998;-7.345365e-21;0.22046363;-0.90772563;0.010967255;0.6830394;0.6720722;0.0;0.0;5618.5054;6835.8027;-2649.2585;7232.2354;-630.56665;-2110.0388
1985-07-24;17.230276;1.1847839;0.010023753;749.6745;1.4538159;137.66216;0.0;-7.3453654e-25;99.99998;-7.345365e-21;0.00044107434;-0.9460058;2.9802322e-05;0.65909326;0.65907836;0.0;0.0;6424.218;7814.162;-3092.4875;6858.332;-657.1589;-2443.4033
1985-07-25;16.825846;-1.331899;0.010042827;748.63257;1.4155293;139.09862;0.0;-7.3453654e-25;99.99998;-7.345365e-21;0.00042425614;-0.9024329;2.2351742e-05;0.64635277;0.64632297;0.0;0.0;6809.9365;8281.496;-3295.7944;6615.6636;-626.8911;-2650.9956
1985-07-26;15.954915;-2.2323914;0.0100034075;746.3745;1.4562131;119.95581;0.0;-7.3453654e-25;99.99998;-7.345365e-21;0.0039545284;-0.8710567;0.00016391277;0.6340742;0.63391775;0.0;0.0;6803.4043;8271.616;-3362.8562;6497.1924;-605.0944;-2620.591
1985-07-27;14.685689;-2.51651;0.009825389;746.8471;1.6018152;127.21285;0.0;-7.3453654e-25;99.99998;-7.345365e-21;0.0004172325;-0.80764943;2.9802322e-05;0.62192976;0.62191486;0.0;0.0;6816.3867;8285.566;-3349.9004;6356.8794;-561.0478;-2784.831
1985-07-28;14.509746;-2.0338135;0.009905498;749.4505;1.3362008;105.51055;0.0;-7.3453654e-25;99.99998;-7.345365e-21;0.010803342;-0.773916;0.00040233135;0.6107092;0.61030686;0.0;0.0;6431.1387;7815.3267;-3208.5632;6483.74;-537.61334;-2459.5566
1985-07-29;15.503072;0.10813395;0.010096232;750.4136;1.3433489;101.0922;0.0;-7.3453654e-25;99.99998;-7.345365e-21;0.0043135015;-0.828417;0.00020861626;0.5992055;0.5989969;0.0;0.0;6751.6104;8203.255;-3328.6772;6524.5513;-575.4744;-2544.6167
1985-07-30;16.492636;-0.6331889;0.010002136;748.9423;1.1808652;86.910095;0.0;-7.3453654e-25;99.99998;-7.345365e-21;0.014702547;-0.8290168;0.0007003546;0.5886406;0.5879402;0.0;0.0;6443.5483;7827.2295;-3186.8774;6795.668;-575.89;-2293.4177
1985-07-31;16.578094;3.1661072;0.0096918745;750.12036;1.6791626;46.594723;0.0;-7.3453654e-25;99.99998;-7.345365e-21;0.0048239846;-0.7894635;0.00023841858;0.5774647;0.5772263;0.0;0.0;6499.653;7893.7227;-3123.3118;6848.9946;-548.4133;-2550.4888
1985-08-01;17.529043;4.3831077;0.009780884;750.9329;1.6158981;50.087143;0.0;-7.3453654e-25;99.99998;-7.345365e-21;0.0053197145;-0.7997863;0.00025331974;0.5670637;0.56681037;0.0;0.0;6441.6763;7821.4927;-3075.084;7008.2275;-555.5856;-2428.6755
1985-08-02;18.09966;5.1518044;0.009885152;751.9743;1.3269581;69.60925;0.0;-7.3453654e-25;99.99998;-7.345365e-21;0.1538478;-0.8159783;0.0065863132;0.5632937;0.5566925;0.0;0.0;5816.6245;7061.1895;-2758.561;7449.156;-566.8333;-2134.1333
1985-08-03;17.935913;5.303202;0.00990804;751.2928;1.370073;45.79658;0.0;-7.3453654e-25;99.99998;-7.345365e-21;0.22912621;-0.79486144;0.011354685;0.5583167;0.5469695;0.0;0.0;5516.6265;6695.367;-2678.4922;7406.9956;-552.1644;-2047.9445
1985-08-04;17.843302;4.6803384;0.0073750815;749.6174;1.2769417;81.4716;0.0;-7.3453654e-25;100.00779;-7.345365e-21;0.043070316;-0.8278973;0.0020861626;0.53957105;0.5374849;0.0;0.0;5669.618;6879.505;-2721.8481;7332.3135;-575.11224;-2119.4912
1985-08-05;17.948648;-1.3873495;0.0097516375;750.711;1.5070243;137.68929;0.0;-7.3453654e-25;99.99998;-7.345365e-21;0.00042617318;-0.7849466;2.2351742e-05;0.52827597;0.52826107;0.0;0.0;5995.9395;7273.782;-3097.8667;6870.2344;-545.2761;-2191.2644
1985-08-06;18.239197;-4.0450644;0.009768168;750.5596;1.3220131;122.15976;0.0;-7.3453654e-25;99.99998;-7.345365e-21;0.005255498;-0.80265665;0.0002682209;0.5194992;0.51924586;0.0;0.0;6404.382;7767.633;-3206.5996;6837.859;-557.57776;-2328.9734
1985-08-07;17.247976;-0.82714844;0.010097504;749.0703;1.5286226;89.72971;0.0;-7.3453654e-25;99.99998;-7.345365e-21;0.37656724;-0.78091395;0.01861155;0.52917004;0.5105436;0.0;0.0;5258.3633;6376.1816;-2704.6272;7159.3047;-542.4756;-1857.5477
1985-08-08;17.316284;3.1380513;0.010088603;749.12964;1.6159886;53.831497;0.0;-7.3453654e-25;99.99998;-7.345365e-21;0.10996545;-0.8299537;0.005364418;0.50744414;0.5020797;0.0;0.0;5851.1816;7093.58;-2832.5278;7121.068;-576.54224;-2180.8745
1985-08-09;17.664398;2.6372883;0.009887695;751.66815;1.4657207;44.96693;0.0;-7.3453654e-25;99.99998;-7.345365e-21;0.6756723;-0.92712605;0.03582239;0.52955747;0.49375743;0.0;0.0;5986.223;7255.653;-2936.0532;7072.541;-644.04333;-2131.4722
1985-08-10;18.296408;2.83018;0.009958903;753.63477;1.3868979;42.347103;0.0;-7.3453654e-25;99.99998;-7.345365e-21;0.018958354;-1.0809283;0.00093877316;0.48655272;0.48561394;0.0;0.0;5904.865;7155.42;-2924.5894;7148.546;-750.88556;-1919.3767
1985-08-11;16.773825;-0.5877482;0.010128021;754.11743;1.9482816;41.749813;0.0;-7.3453654e-25;100.00259;-7.345365e-21;0.0008583069;-0.8444395;4.4703484e-05;0.47770143;0.47765672;0.0;0.0;6405.0576;7759.85;-3253.464;6618.7476;-586.60443;-2472.7456
1985-08-12;16.668985;-4.3835654;0.009957631;753.9799;1.6042733;46.027065;0.0;-7.3453654e-25;99.99998;-7.345365e-21;0.0021484084;-0.78658575;0.00010430813;0.46999753;0.46989322;0.0;0.0;6608.366;8004.3374;-3549.776;6296.572;-546.4144;-2319.5322
1985-08-13;17.332682;-3.9404705;0.009783427;754.8992;1.2728904;64.823105;0.0;-7.3453654e-25;99.99998;-7.345365e-21;0.0021377327;-0.76523054;0.00010430813;0.46238303;0.46229362;0.0;0.0;6372.0713;7716.4805;-3343.5156;6641.007;-531.58;-2186.6777
1985-08-14;17.631369;-2.6700642;0.00990804;754.6716;1.0315999;106.79419;0.0;-7.3453654e-25;99.99998;-7.345365e-21;0.04082322;-0.7208642;0.0019967556;0.4568994;0.45488775;0.0;0.0;5860.121;7094.858;-3030.3564;7018.2275;-500.7611;-2017.9978
1985-08-15;17.486979;-1.0010885;0.010046641;752.50104;1.27245;102.03599;0.0;-7.3453654e-25;99.99998;-7.345365e-21;0.16176833;-0.72154963;0.007867813;0.4556179;0.4477352;0.0;0.0;5600.465;6778.945;-2889.8188;7091.602;-501.23666;-1997.64
1985-08-16;17.137747;1.515798;0.010052999;751.26056;1.4888877;93.92043;0.0;-7.3453654e-25;99.99998;-7.345365e-21;0.024721026;-0.7309187;0.001206994;0.44195354;0.44074655;0.0;0.0;5903.2993;7144.6367;-3007.0552;6903.38;-507.74554;-2205.5356
1985-08-17;16.69047;4.108317;0.010079701;752.2902;1.3251766;92.74584;0.0;-7.3453654e-25;99.99998;-7.345365e-21;0.65053403;-0.8291509;0.031769276;0.4657358;0.43395162;0.0;0.0;5752.774;6961.484;-2835.5396;7070.59;-575.98444;-2105.6477
1985-08-18;17.026358;2.590088;0.009670258;753.6785;1.2011168;54.857777;0.0;-7.3453654e-25;99.99998;-7.345365e-21;0.005107782;-0.9878427;0.00023841858;0.42752922;0.4272908;0.0;0.0;6192.941;7493.327;-3163.1802;6847.599;-686.2211;-2107.791
1985-08-19;18.42814;0.5218506;0.010068257;752.64746;1.0211494;97.357056;0.0;-7.3453654e-25;99.99998;-7.345365e-21;0.015595555;-0.7625706;0.00074505806;0.42146444;0.4207343;0.0;0.0;5517.7495;6675.7266;-2870.738;7198.36;-529.73224;-1803.8167
1985-08-20;18.055481;-0.4058431;0.009913127;751.4516;1.3856469;138.18602;0.0;-7.3453654e-25;99.99998;-7.345365e-21;0.033029914;-0.67963356;0.0015646219;0.4159659;0.4144013;0.0;0.0;5575.6387;6744.916;-2921.4634;7062.2954;-472.11835;-2024.6411
1985-08-21;17.61435;-2.7009888;0.010108948;751.4869;1.4567255;141.27925;0.0;-7.3453654e-25;99.99998;-7.345365e-21;0.0012988421;-0.68951863;5.9604645e-05;0.408262;0.4082024;0.0;0.0;6304.6816;7625.8516;-3350.1838;6532.7534;-478.9861;-2353.561
1985-08-22;17.210663;-2.8948364;0.009888967;751.59155;1.5588593;153.47511;0.0;-7.3453654e-25;99.99998;-7.345365e-21;0.0008548284;-0.654662;4.4703484e-05;0.40216744;0.40213764;0.0;0.0;6248.2407;7556.6963;-3307.6138;6508.297;-454.77112;-2324.111
1985-08-23;16.580475;-2.4172466;0.010246277;752.26935;1.3381081;114.03833;0.0;-7.3453654e-25;99.99998;-7.345365e-21;0.0;-0.6567147;0.0;0.39619207;0.39617717;0.0;0.0;6223.3027;7525.5913;-3311.2617;6517.048;-456.19666;-2261.9045
1985-08-24;16.087576;2.4407349;0.009686788;753.31226;1.6104447;48.256275;0.0;-7.3453654e-25;99.99998;-7.345365e-21;0.0021388396;-0.6140191;0.00010430813;0.39047003;0.39036572;0.0;0.0;5901.14;7135.1533;-2992.06;6845.8467;-426.53888;-2246.4966
1985-08-25;15.830525;4.3632812;0.00989151;753.0969;1.8360782;41.81124;0.0;-7.3453654e-25;99.99998;-7.345365e-21;0.013434887;-0.5878024;0.0006854534;0.38538873;0.38470328;0.0;0.0;5938.8525;7179.85;-3014.9167;6747.327;-408.32666;-2389.5579
1985-08-26;16.156332;1.5808716;0.010115306;750.5308;1.3386151;55.490345;0.0;-7.3453654e-25;99.99998;-7.345365e-21;0.0;-0.635203;0.0;0.37916005;0.37916005;0.0;0.0;6034.856;7295.122;-3228.6914;6595.5776;-441.25446;-2167.1323
1985-08-27;15.387024;0.38842773;0.009867351;748.6167;1.068943;99.2217;0.0;-7.3453654e-25;99.99998;-7.345365e-21;0.09313226;-0.5615335;0.0044703484;0.37825108;0.37378073;0.0;0.0;5039.469;6091.0195;-2719.6155;6970.01;-390.0778;-1825.7944
1985-08-28;15.795695;1.7736105;0.010131836;750.3313;1.0179442;91.259605;0.0;-7.3453654e-25;99.99998;-7.345365e-21;0.014576316;-0.6009117;0.0006482005;0.36919117;0.36855042;0.0;0.0;5218.6494;6306.9585;-2836.6533;6911.254;-417.43222;-1788.8744
1985-08-29;16.912699;-0.43891397;0.009819031;752.3;1.1062196;102.23997;0.0;-7.3453654e-25;99.99998;-7.345365e-21;0.003910255;-0.54650754;0.00016391277;0.36361814;0.36346912;0.0;0.0;4787.9043;5785.758;-2620.9634;7150.3433;-379.64;-1604.4767
1985-08-30;17.333893;-0.02746582;0.010035197;754.42694;1.2013975;89.04829;0.0;-7.3453654e-25;99.99998;-7.345365e-21;0.0028942204;-0.5593747;0.00011175871;0.35859644;0.35847723;0.0;0.0;5049.996;6101.569;-2769.7244;7065.204;-388.5789;-1681.53
1985-08-31;18.010416;-0.40892538;0.009904225;753.34296;1.3103973;139.29753;0.0;-7.3453654e-25;99.99998;-7.345365e-21;0.0013102189;-0.6233212;5.9604645e-05;0.35360456;0.35354495;0.0;0.0;5809.738;7018.7065;-3162.6763;6758.6274;-433.0;-2020.9689
1985-09-01;16.891348;-1.687439;0.010005951;750.45386;1.4750586;210.60747;0.0;-7.3453654e-25;99.99998;-7.345365e-21;0.0030001546;-0.5621705;0.00013411045;0.34885108;0.34871697;0.0;0.0;5845.206;7060.7754;-3234.1528;6443.1445;-390.52112;-2199.1921
1985-09-02;15.23111;-5.0134683;0.00972112;751.6546;1.236066;143.79982;0.0;-7.3453654e-25;99.99998;-7.345365e-21;0.0025758236;-0.55970436;0.00011920929;0.34411252;0.3440082;0.0;0.0;5972.638;7213.851;-3563.2524;5903.73;-388.80777;-2028.8066
1985-09-03;15.292033;-3.7914937;0.0102170305;753.3884;1.1811268;92.49413;0.0;-7.3453654e-25;99.99998;-7.345365e-21;0.0008665032;-0.57992524;2.9802322e-05;0.33938885;0.33937395;0.0;0.0;5823.952;7033.3706;-3290.7637;6296.8257;-402.85556;-1922.4623
1985-09-04;15.531708;-2.1381428;0.009859721;752.18964;1.2734275;173.57214;0.0;-7.3453654e-25;99.99998;-7.345365e-21;0.0004351138;-0.5564764;2.9802322e-05;0.3348589;0.3348291;0.0;0.0;5739.6357;6930.7285;-3248.2378;6337.7;-386.56555;-2001.59
1985-09-05;14.948395;-3.5081787;0.009980519;750.0676;1.2273341;178.91338;0.0;-7.3453654e-25;99.99998;-7.345365e-21;0.0004351138;-0.5430561;2.9802322e-05;0.33038855;0.33038855;0.0;0.0;5727.2744;6914.9844;-3208.2166;6312.338;-377.24222;-2018.5266
1985-09-06;14.411987;-4.1239724;0.009963989;748.5606;1.1824808;183.43547;0.0;-7.3453654e-25;99.99998;-7.345365e-21;0.00043511385;-0.51965564;1.4901161e-05;0.3260821;0.3260672;0.0;0.0;5680.166;6857.286;-3175.935;6264.007;-360.9878;-2099.9534
1985-09-07;13.773763;-1.8756104;0.009833018;749.9338;1.1888143;172.36852;0.0;-7.3453654e-25;99.99998;-7.345365e-21;1.4000833;-0.80476886;0.06854534;0.39047003;0.3219098;0.0;0.0;5268.8145;6359.9185;-2845.9336;6425.6523;-559.0467;-1871.7234
1985-09-08;14.370067;-1.4109293;0.010028839;751.8191;1.1572349;115.55838;0.0;-7.3453654e-25;99.99998;-7.345365e-21;0.0012814989;-0.9346194;5.9604645e-05;0.31790137;0.31784177;0.0;0.0;5597.8857;6756.323;-3170.0063;6169.573;-649.2489;-1764.1355
1985-09-09;14.320546;-4.2006736;0.0101916;751.6738;1.290985;113.12643;0.0;-7.3453654e-25;99.99998;-7.345365e-21;0.0;-0.74689555;0.0;0.31378865;0.31378865;0.0;0.0;5627.8745;6791.697;-3300.7144;6005.3047;-518.8433;-1765.5422
1985-09-10;14.319774;-5.746989;0.010000865;752.6816;1.213118;105.64077;0.0;-7.3453654e-25;99.99998;-7.345365e-21;0.00086426723;-0.6506741;2.9802322e-05;0.30985475;0.30981004;0.0;0.0;5602.3223;6760.062;-3342.8909;6033.4287;-452.0011;-1621.34
1985-09-11;15.028523;-6.462992;0.009805043;752.27203;1.2337312;98.37946;0.0;-7.3453654e-25;99.99998;-7.345365e-21;0.0;-0.5713198;0.0;0.30590594;0.30590594;0.0;0.0;5514.2446;6652.9844;-3273.5012;6125.0015;-396.87778;-1747.9044
1985-09-12;13.644246;-3.5993958;0.010064443;749.48895;1.488668;161.61044;0.0;-7.3453654e-25;99.99998;-7.345365e-21;0.0025715008;-0.47486648;0.00012665987;0.30224025;0.30210614;0.0;0.0;5371.883;6480.458;-2957.0356;6278.2275;-329.87445;-2066.591
1985-09-13;11.9705;1.5835266;0.010097504;749.9865;1.2351111;206.87738;0.0;-7.3453654e-25;99.99998;-7.345365e-21;1.6367623;-0.72738713;0.077456236;0.3760159;0.29855967;0.0;0.0;4163.2583;5021.8433;-2201.6174;6668.4976;-505.2911;-1631.8339
1985-09-14;11.731862;-0.58741254;0.009859721;749.5694;1.1508437;254.0979;0.0;-7.3453654e-25;99.99998;-7.345365e-21;0.0012877744;-0.8235108;5.9604645e-05;0.2951175;0.2950579;0.0;0.0;5302.685;6395.447;-2871.5608;6132.18;-572.06555;-1897.2078
1985-09-15;11.118154;-0.4302063;0.010080974;750.42554;1.132928;120.83419;0.0;-7.3453654e-25;99.99998;-7.345365e-21;0.0;-0.65917426;0.0;0.29152632;0.29152632;0.0;0.0;4895.326;5903.4243;-2686.4634;6307.6587;-457.90668;-1729.6989
1985-09-16;11.569936;0.085988365;0.010410309;753.30273;1.0967456;91.862335;0.0;-7.3453654e-25;99.99998;-7.345365e-21;0.00010430813;-0.59855634;0.0;0.28806925;0.28806925;0.0;0.0;4996.8965;6020.4434;-2741.7192;6361.5454;-415.7972;-1742.9778
1985-09-17;12.62738;1.5934143;0.009993236;754.3088;1.2429835;84.96555;0.0;-7.3453654e-25;99.99998;-7.345365e-21;0.003060698;-0.5505467;0.00013411045;0.284791;0.28464198;0.0;0.0;5133.279;6179.485;-2819.9014;6388.512;-382.44666;-1800.7311
1985-09-18;12.954987;0.23258464;0.0100619;751.7066;1.2084578;102.0264;0.0;-7.3453654e-25;99.99998;-7.345365e-21;0.0017225739;-0.5098618;8.195639e-05;0.28136373;0.28127432;0.0;0.0;5172.168;6220.969;-2960.9653;6251.226;-354.1839;-1747.5677
1985-09-19;11.460022;-1.2493387;0.009577434;750.24274;1.2580875;97.67346;0.0;-7.3453654e-25;99.99998;-7.345365e-21;0.58305264;-0.5581137;0.029608607;0.30761957;0.27801096;0.0;0.0;4758.6196;5718.493;-2659.8364;6408.782;-387.7022;-1748.1855
1985-09-20;10.491608;-3.1401978;0.010075887;750.9104;1.1245661;80.838135;0.0;-7.3453654e-25;99.99998;-7.345365e-21;0.017776497;-0.59409535;0.0008791685;0.27570128;0.27483702;0.0;0.0;5065.0376;6081.5166;-2971.1064;5942.0225;-412.69888;-1740.9856
1985-09-21;10.443665;-3.509013;0.010261536;753.3559;1.1311908;61.35776;0.0;-7.3453654e-25;99.99998;-7.345365e-21;0.0017195934;-0.5303621;8.940697e-05;0.27176738;0.27167797;0.0;0.0;4973.547;5966.511;-2887.6475;6051.9277;-368.425;-1711.5956
1985-09-22;11.818044;-6.6328125;0.0099487305;756.9138;1.1658658;83.1788;0.0;-7.3453654e-25;99.99998;-7.345365e-21;0.0017268949;-0.5097808;8.940697e-05;0.26865304;0.26857853;0.0;0.0;5095.3066;6107.227;-3108.6855;5878.183;-354.12778;-1601.61
1985-09-23;11.932648;-7.296346;0.009977977;755.18524;1.2039329;95.99003;0.0;-7.3453654e-25;99.99998;-7.345365e-21;0.0021330307;-0.47639105;0.00010430813;0.2656281;0.2655089;0.0;0.0;5120.557;6132.1567;-3163.6316;5824.0557;-330.93332;-1546.0555
1985-09-24;12.178609;-5.6699624;0.010223389;752.0864;1.1095906;113.36732;0.0;-7.3453654e-25;99.99998;-7.345365e-21;0.0021506594;-0.45652315;0.00010430813;0.26261806;0.26251376;0.0;0.0;4998.3115;5980.5776;-3003.637;6056.3027;-317.13;-1574.9467
1985-09-25;11.4600115;-5.0231423;0.010223389;751.74786;1.2639124;185.78456;0.0;-7.3453654e-25;99.99998;-7.345365e-21;0.00044107434;-0.39737856;1.4901161e-05;0.25960803;0.25959313;0.0;0.0;4817.134;5758.8047;-2825.7498;6106.084;-276.04556;-1747.8955
1985-09-26;9.966319;-2.530304;0.009885152;752.8299;1.2230002;221.64915;0.0;-7.3453654e-25;99.99998;-7.345365e-21;0.0013947487;-0.33598953;5.9604645e-05;0.2568215;0.2567619;0.0;0.0;4544.1133;5427.779;-2602.039;6125.868;-233.40056;-1835.331
1985-09-27;9.82014;-0.15058391;0.009852092;753.60345;1.1166145;159.35974;0.0;-7.3453654e-25;99.99998;-7.345365e-21;0.27813664;-0.40906015;0.012725592;0.2667308;0.2540052;0.0;0.0;4591.54;5479.605;-2616.075;6163.1333;-284.16;-1707.2489
1985-09-28;10.947246;-0.7333069;0.009878795;753.2647;1.3731321;171.69896;0.0;-7.3453654e-25;99.99998;-7.345365e-21;0.13389015;-0.431383;0.0063180923;0.25761127;0.25129318;0.0;0.0;4448.43;5304.3047;-2546.6716;6247.063;-299.6678;-1580.7222
1985-09-29;11.048543;-0.052449543;0.010059357;751.8725;1.836671;222.11168;0.0;-7.3453654e-25;99.99998;-7.345365e-21;1.994729;-0.67343;0.09936094;0.34801662;0.24865568;0.0;0.0;4412.403;5256.749;-2298.5283;6424.542;-467.80945;-1650.2078
1985-09-30;8.685435;-1.5401001;0.01007843;752.9522;1.4208603;223.8361;0.0;-7.3453654e-25;99.99998;-7.345365e-21;0.0;-0.82906336;0.0;0.24610758;0.24610758;0.0;0.0;4754.3936;5659.2944;-2749.9478;5749.533;-575.92334;-1703.961
1985-10-01;8.596232;-1.9034119;0.010035197;753.8215;1.2121137;230.78069;0.0;-7.3453654e-25;99.99998;-7.345365e-21;0.06389618;-0.629412;0.0030100346;0.24655461;0.24353713;0.0;0.0;4658.518;5540.4146;-2668.1294;5796.9595;-437.2311;-1646.8145
1985-10-02;7.0253396;-2.5093281;0.010065715;754.0535;1.2040204;85.626076;0.0;-7.3453654e-25;99.99998;-7.345365e-21;0.9336204;-0.6694803;0.04568696;0.28672814;0.24104118;0.0;0.0;4249.97;5050.11;-2447.5667;5967.334;-465.06668;-1476.8678
1985-10-03;6.902456;-4.6028457;0.009929657;753.09564;1.1728016;50.243755;0.0;-7.3453654e-25;99.99998;-7.345365e-21;0.001302782;-0.7172907;5.9604645e-05;0.238657;0.2385974;0.0;0.0;4687.0845;5564.758;-2812.928;5562.582;-498.2789;-1487.6089
1985-10-04;7.5269165;-5.904429;0.010350545;752.5774;1.1428455;71.08361;0.0;-7.3453654e-25;99.99998;-7.345365e-21;0.00043511385;-0.6239172;1.4901161e-05;0.2361536;0.2361387;0.0;0.0;4580.674;5433.7935;-2782.5432;5643.6416;-433.41446;-1416.3556
1985-10-05;7.350586;-4.3626404;0.0101292925;753.6142;1.1837047;57.84959;0.0;-7.3453654e-25;99.99998;-7.345365e-21;0.05336404;-0.52369386;0.0022649765;0.23600459;0.23373961;0.0;0.0;4380.4136;5191.7876;-2598.415;5850.8477;-363.79224;-1439.5856
1985-10-06;7.8762918;-2.3587444;0.009913127;756.41675;1.0616686;52.70917;0.0;-7.3453654e-25;99.99998;-7.345365e-21;0.0;-0.47755802;0.0;0.23138523;0.23138523;0.0;0.0;4344.9043;5145.186;-2626.7317;5885.349;-331.74335;-1390.1758
1985-10-07;8.954926;-2.949941;0.010075887;755.0987;1.0642133;72.26084;0.0;-7.3453654e-25;99.99998;-7.345365e-21;0.0008463859;-0.46370924;4.4703484e-05;0.22910535;0.22906065;0.0;0.0;4459.086;5275.915;-2712.0383;5912.931;-322.12332;-1330.0111
1985-10-08;9.426747;-5.1512756;0.009740193;751.9444;1.079344;178.00954;0.0;-7.3453654e-25;99.99998;-7.345365e-21;0.0008523463;-0.42212754;4.4703484e-05;0.22679567;0.22675097;0.0;0.0;4463.3945;5276.4976;-2763.095;5858.9355;-293.23666;-1377.0555
1985-10-09;8.070027;-2.7916768;0.0102335615;750.41595;1.1798466;259.02353;0.0;-7.3453654e-25;99.99998;-7.345365e-21;0.72531205;-0.4249029;0.03400445;0.25852025;0.2245307;0.0;0.0;3666.7498;4331.0977;-2143.2434;6340.2456;-295.16556;-1282.4166
1985-10-10;5.2136025;-0.6145732;0.009852092;747.0218;0.9095693;209.74396;0.0;-7.3453654e-25;99.99998;-7.345365e-21;4.1486864;-0.6945413;0.24215877;0.4645884;0.22242963;0.0;0.0;3635.7644;4290.83;-1978.8223;6225.203;-482.475;-1419.7789
1985-10-11;2.86143;1.0992025;0.010180156;748.6329;0.8561217;86.6965;0.0;-7.3453654e-25;99.99998;-7.345365e-21;5.703151;-0.9010965;0.3311783;0.5516112;0.22043288;0.0;0.0;2557.7222;3015.871;-1317.1233;6615.5977;-625.9611;-998.5356
1985-10-12;2.6040447;0.65512085;-0.3483925;749.6058;0.8137274;170.93102;0.008707683;1.0728836e-06;100.230774;-7.345365e-21;6.029623;-1.2479285;0.37269294;0.59118867;0.21849573;0.0;0.0027045608;2980.4128;3511.054;-1353.3806;6535.3457;-866.8945;-1052.9711
1985-10-13;2.8309429;1.0903931;-0.37792078;752.3156;0.96392417;243.85004;0.018229166;2.1855037e-06;103.68064;-7.345365e-21;7.974777;-1.4913874;0.5231947;0.73982775;0.21661818;0.0011343509;0.0;2915.6333;3432.7705;-1243.8622;6593.48;-1036.0155;-907.4733
1985-10-14;3.9637654;-1.50707;-4.6730285;754.4798;1.1021324;202.76717;0.022379557;2.9404957e-06;114.57355;-7.345365e-21;0.029355288;-1.5956686;0.0016838312;0.21642447;0.21472573;0.0018402934;0.0028423965;3619.42;4257.7417;-1842.7833;6064.283;-1108.4589;-1006.6
1985-10-15;5.02358;-1.8234558;-6.0074058;753.4476;0.9436652;107.33755;0.014078776;2.22524e-06;133.05858;-7.345365e-21;1.2440251;-1.4166282;0.07107854;0.28389692;0.21281093;0.0011324883;0.0;3733.7305;4388.08;-2110.334;5814.263;-984.0845;-768.83777
1985-10-16;5.618815;-2.3834941;-5.7348733;751.6843;1.1742374;170.82393;0.007486979;1.1920929e-06;149.4378;-7.345365e-21;0.0012957753;-1.3616011;0.00011175871;0.21103024;0.21091849;0.00067055225;0.0;3729.0789;4381.0376;-2155.1348;5749.59;-945.8589;-788.2011
1985-10-17;5.200022;-1.8267517;-6.088154;749.98883;1.1191393;246.38402;0.0036621094;3.973643e-07;151.03123;-7.345365e-21;0.0021487474;-1.2651403;0.00014901161;0.2091825;0.20904094;0.00038929284;0.0;3943.9727;4631.88;-2250.3528;5612.592;-878.85114;-933.98224
1985-10-18;4.6392007;-1.0304056;-5.4404984;749.2825;1.1118951;241.85588;0.001953125;-7.3453654e-25;151.03123;-7.345365e-21;0.014039281;-1.1504405;0.0008046627;0.20799041;0.2071932;0.000230968;0.0;3756.22;4410.0273;-2044.2594;5814.6787;-799.17334;-969.98553
1985-10-19;5.145752;0.21560669;-2.9153976;749.1704;1.0796252;136.67201;0.00081380206;-7.3453654e-25;151.03123;-7.345365e-21;8.99862;-1.1767056;0.65499544;0.86039305;0.2053976;0.00013411045;0.0;3395.0928;3984.7522;-1622.1766;6370.926;-817.4178;-775.72
1985-10-20;1.9244791;0.80253094;-2.6558788;750.4284;1.1257734;188.8844;0.16373698;2.7020773e-05;155.31085;-7.345365e-21;3.2592015;-1.27998;0.20299852;0.40668994;0.20369142;0.015374273;0.05365908;2541.7888;2985.5178;-1273.8728;6426.2256;-889.14777;-860.8922
1985-10-21;2.9477234;-2.27417;-4.8591294;753.2194;1.0074924;100.5166;0.17789714;2.7179718e-05;157.54686;-7.345365e-21;0.16406178;-1.3404601;0.011384487;0.21338463;0.20200014;0.018509105;0.0;3774.0;4431.1313;-2018.8422;5740.4355;-931.1778;-811.99664
1985-10-22;2.0973613;-5.1591697;-4.8586946;753.09125;0.7795436;77.839966;0.09407552;1.43448515e-05;157.54686;-7.345365e-21;0.018025935;-1.1389023;0.0015646219;0.20186603;0.20029396;0.009125099;0.0;2848.7822;3342.04;-1756.1716;5936.2256;-791.16223;-700.5733
1985-10-23;2.2429402;-5.161692;-7.953705;751.50415;0.96895176;172.75848;0.052083332;8.106232e-06;157.54686;-7.345365e-21;0.0017275352;-1.1849431;0.00051409006;0.19912422;0.19861013;0.0051148236;0.0;3931.2544;4609.46;-2443.5833;5098.8555;-823.1461;-809.1911
1985-10-24;2.369629;-3.715739;-8.034339;750.18805;0.98219085;208.13477;0.027669271;4.3312707e-06;157.54686;-7.345365e-21;0.0012827513;-1.0130117;0.00029802322;0.19724667;0.19694865;0.0027325004;0.0;3887.6938;4556.3267;-2376.475;5138.224;-703.71;-818.105
1985-10-25;2.2733154;-4.756775;-5.299708;751.2952;0.5554852;149.31819;0.06518555;9.258588e-06;139.09373;-7.345365e-21;0.25441647;-0.63418317;0.013574958;0.20892918;0.19535422;0.0059660524;0.011235476;2206.2327;2585.541;-1387.3778;6116.2217;-440.55222;-434.16446
1985-10-26;2.418996;-4.2113853;-5.186138;751.19684;1.2473027;227.00887;0.04012044;6.159147e-06;150.31183;-7.345365e-21;0.1811117;-0.8633761;0.010788441;0.20457804;0.1937747;0.0036563724;0.0;3193.8184;3741.0723;-1711.3591;5879.5728;-599.77167;-808.5722
1985-10-27;-0.39115396;-1.0774332;-1.7482592;748.1531;0.9014552;201.5685;20.918701;0.0032527049;142.18878;21.769205;17.384932;-0.4778607;0.86793303;1.0602027;0.19226968;0.5737841;6.8007073;764.20056;972.4889;-317.0764;6988.931;-333.19278;-303.67444
1985-10-28;-1.3044535;-6.08666;-7.204609;749.29346;0.86429805;228.6985;34.739178;0.005168557;151.05629;34.46452;0.008952496;-0.94299763;0.15890598;0.34970045;0.19078702;1.7749723;0.0059381127;2869.9717;4231.8843;-1866.4534;5240.892;-660.2789;-668.44556
1985-10-29;-2.0025737;-6.3468843;-9.165027;749.00836;1.0267662;280.43195;25.39038;0.003796975;151.3307;25.187174;0.00053048134;-0.78843904;0.09184331;0.2811402;0.18928945;1.01915;0.00010430813;3109.5884;4262.48;-2048.3633;4957.0957;-553.57446;-665.5256
1985-10-30;-1.019544;-6.1755753;-9.93371;750.26196;1.0193268;164.98424;18.552979;0.0027700264;151.53546;18.473307;0.0008523463;-0.74406064;0.08799136;0.2758205;0.18782169;0.967538;0.0;3365.26;4394.467;-2335.1733;4719.899;-519.0789;-585.2622
1985-10-31;0.5953166;-7.463867;-9.21927;753.8157;0.9843518;54.758102;12.3532715;0.001836737;151.67967;12.166341;0.0017136326;-0.77676773;0.08150935;0.26787817;0.18636882;0.8883551;0.0;3461.1062;4342.6157;-2300.7083;4894.5015;-539.9878;-482.72665
1985-11-01;0.42988077;-3.1864216;-4.675669;752.9094;0.69727707;297.52176;8.8898115;0.0013348659;151.2617;8.626302;2.96473;-0.4132511;0.24561584;0.43061376;0.18498302;0.37310088;0.05304441;1335.5706;1638.2145;-795.1961;6397.4165;-287.08112;-137.51778
1985-11-02;0.90581256;-2.2506802;-5.9726906;751.7436;0.8637538;131.6976;6.0813804;0.00089577836;151.12498;6.0221353;0.021353364;-0.792061;0.0545159;0.238128;0.18361211;0.5614441;0.00015646219;2300.9612;2777.7244;-1389.4542;6009.379;-550.1911;-468.84113
1985-11-03;1.9476217;-3.831726;-7.2192254;752.9387;0.9232001;167.27315;3.352702;0.0004936059;151.17023;3.6621094;0.000854273;-0.90590584;0.030070543;0.21229684;0.1822263;0.31786972;0.0;3461.8816;4114.8965;-2121.531;5336.7534;-629.31445;-479.78445
1985-11-04;2.1786296;-3.2508545;-6.6409683;754.0911;1.047592;176.99052;1.7775879;0.00026106834;151.19594;1.7903646;0.014445269;-0.93459153;0.01770258;0.19854307;0.18083304;0.17992593;0.0;3202.5884;3773.85;-1922.4573;5582.0713;-649.31555;-530.7844
1985-11-05;2.1514995;-3.4810383;-7.1228433;753.4747;0.8849768;106.5431;0.9091797;0.0001333952;151.20897;0.9765625;0.0004351138;-0.934883;0.009030104;0.18849969;0.17947704;0.09676628;0.0;3338.2756;3914.8923;-2041.29;5462.84;-649.45447;-536.4289
1985-11-06;1.6874593;-3.6717427;-6.967064;750.85596;0.93033624;186.40907;0.4754232;7.029375e-05;151.21808;0.40690103;0.0059604645;-0.74160194;0.004351139;0.18247962;0.17813593;0.04279241;0.0;2749.2505;3215.9456;-1766.1967;5658.3667;-515.19556;-454.02554
1985-11-07;1.1437683;-1.6254171;-5.527579;749.7376;0.9246283;285.97028;0.26228842;3.874302e-05;151.21645;-7.345365e-21;3.300209;-0.808266;0.26475638;0.441581;0.17683208;0.024430454;9.685755e-05;2799.0706;3269.8455;-1564.0394;5878.0737;-561.49;-522.26447
1985-11-08;1.771047;-2.0934753;-5.530665;752.35645;0.98865557;171.1627;0.13875325;2.0225843e-05;150.57648;-7.345365e-21;0.0010323343;-0.893916;0.0014901161;0.1770407;0.17553568;0.01521036;0.00016391277;2612.004;3048.56;-1471.581;6018.981;-620.98;-563.56335
1985-11-09;3.3395283;-2.184499;-4.449856;751.344;0.7731288;153.31238;0.06998698;1.0172526e-05;150.5703;-7.345365e-21;0.06395062;-0.76367986;0.004976988;0.17924607;0.17426908;0.0070612878;0.0;2773.5566;3235.061;-1518.1161;6079.0522;-530.50555;-384.3911
1985-11-10;2.0843098;-0.43857828;-3.122607;748.5914;0.6997741;100.847115;12.953369;0.001913627;144.43324;13.224284;4.944867;-0.7382221;0.33581257;0.50884485;0.17303973;1.2089293;2.0512714;1807.4227;2276.0854;-946.32056;6548.692;-512.86334;-338.8278
1985-11-11;1.7981058;0.18366496;-0.8667119;747.8704;0.9290257;51.13872;9.032552;0.0013395945;150.48566;9.318034;2.908163;-0.5841702;0.275746;0.44758618;0.17184019;0.55167824;0.000230968;1227.0278;1495.0934;-570.4756;6974.79;-405.7628;-244.36333
1985-11-12;0.71918744;-0.34859213;-1.1744245;750.53906;0.9152513;38.308212;8.958984;0.001353542;150.49867;8.951823;7.5284243;-0.64425075;0.70497394;0.87566674;0.17068535;0.4953239;0.28800592;1082.8478;1318.6967;-555.2844;6883.9023;-447.39;-255.35667
1985-11-13;1.2907308;-3.3275452;-4.9868875;754.2077;1.4645492;24.167315;6.5189614;0.000956734;150.6048;6.4697266;0.0055521727;-1.121223;0.06315112;0.23266673;0.16950816;0.58463585;0.00093877316;2693.0327;3234.8245;-1561.7716;5912.0957;-779.7889;-569.93335
1985-11-14;2.187093;-5.256643;-7.694098;755.38776;1.0876058;22.714432;3.5703125;0.0005236864;150.65492;3.2145183;0.0008523463;-0.9553628;0.035703182;0.2040267;0.16830862;0.33262745;0.0;3102.5222;3671.8188;-2123.046;5276.101;-663.73114;-314.06332
1985-11-15;2.7475178;-6.144043;-8.4458685;753.9536;0.9860513;62.473648;1.951416;0.0002865394;150.68324;1.3834635;0.0021524148;-0.90994686;0.019222498;0.18635392;0.16714633;0.17890707;0.0;3159.1033;3708.811;-2258.2178;5113.5156;-632.16;-242.8
1985-11-16;2.484853;-6.047526;-8.856078;753.4539;0.95749265;107.367775;1.1019694;0.00016228358;150.69496;0.9765625;0.0;-0.77521056;0.009536743;0.17553568;0.16598403;0.09018183;0.0;2968.351;3471.0923;-2181.7134;5098.0977;-538.55664;-272.45
1985-11-17;1.7270304;-7.458689;-9.696495;754.8093;0.85785645;131.6865;0.6516113;9.584427e-05;150.70311;0.40690103;0.0034350378;-0.72770566;0.0056922436;0.17057359;0.16486645;0.051680952;0.0;3079.9495;3594.06;-2308.2317;4912.7754;-505.54443;-312.92557
1985-11-18;1.7404073;-8.516398;-9.602402;754.80646;0.92031676;105.11506;0.38989258;5.7697296e-05;150.71027;-7.345365e-21;0.0004351138;-0.5838657;0.0031888485;0.16695261;0.16377121;0.030118972;0.0;3127.68;3645.4167;-2329.195;4881.958;-405.61557;-273.4289
1985-11-19;0.40157065;-6.901947;-7.000814;752.9431;0.888933;53.227215;0.24430339;3.6478043e-05;150.71092;-7.345365e-21;0.0008136034;-0.43841636;0.0017285347;0.16443431;0.16270578;0.01610443;6.7055225e-05;2221.95;2587.7378;-1449.6742;5773.009;-304.57556;-289.24554
1985-11-20;0.6863505;-4.689779;-6.1576715;751.56934;0.8006139;156.13908;0.15633138;2.3404757e-05;150.56866;-7.345365e-21;0.0022650666;-0.6081946;0.0013262033;0.162974;0.1616478;0.011634082;0.00055134296;2850.9856;3319.1978;-1706.9578;5617.1313;-422.51556;-492.66556
1985-11-21;1.1844381;-3.9142952;-7.9155784;751.1995;0.76683193;258.9832;0.095703125;1.4225642e-05;150.62498;-7.345365e-21;0.00044107434;-0.57123506;0.0007748604;0.16137958;0.16060472;0.0072792172;0.0;2806.0034;3266.07;-1903.6755;5364.2944;-396.83167;-429.7622
1985-11-22;0.9031308;-2.6146977;-7.753371;751.28687;0.77123946;178.63988;0.059244793;8.980433e-06;150.79393;-7.345365e-21;0.100666285;-0.4547965;0.007882714;0.16744435;0.15956908;0.0043958426;0.00032037497;2561.689;2981.1467;-1802.7522;5444.609;-315.93668;-368.99335
1985-11-23;0.36907324;-3.8567467;-7.9000525;751.44916;0.7745822;76.18862;0.036458332;5.761782e-06;150.95311;-7.345365e-21;0.00042617318;-0.508124;0.00031292439;0.15887618;0.15856326;0.0027418137;0.0;2698.255;3139.6233;-1886.875;5340.9824;-352.97778;-365.19
1985-11-24;0.24810791;-3.4281528;-7.8165474;751.63525;0.7479846;87.52332;0.14794922;2.0980835e-05;139.52863;-7.345365e-21;0.361678;-0.51072705;0.02566725;0.18322468;0.15755743;0.013191253;0.02797693;2447.1533;2848.8367;-1703.1372;5512.445;-354.7972;-351.3622
1985-11-25;0.8041992;-1.9393921;-3.2813923;750.9472;0.86501235;144.47862;0.4601237;0.00016168754;147.84633;0.7324219;8.75829;-0.3794152;0.6207973;0.7773936;0.1565814;0.00750646;2.3959427;2344.28;2728.16;-1100.1428;6331.1064;-263.6011;-388.96222
1985-11-26;-0.57543945;-0.94245404;-0.3117218;747.20905;0.7823579;232.34007;76.77499;0.010477781;132.6139;78.49121;16.410378;-0.13960898;1.0342002;1.1898428;0.15563518;2.322156;8.964028;405.9839;1129.1111;-58.093887;7218.8457;-101.47889;-128.71333
1985-11-27;-1.2067972;-2.7693684;-3.7398071;751.56793;0.7312675;233.48259;65.40177;0.009811719;151.35252;65.26693;0.011864305;-0.4187804;0.18572807;0.34041703;0.15468895;1.5798099;0.009663403;1474.8073;2853.9722;-1003.04834;6019.645;-296.0;-253.17778
1985-11-28;-2.0640564;-4.2573853;-5.427836;751.5774;0.98414403;157.68929;54.494793;0.008236249;152.33656;54.23991;0.0048224768;-0.4131403;0.18021464;0.33397973;0.15375763;1.5113764;0.0039488077;1782.3689;3060.6177;-1275.4078;5669.4478;-290.23666;-301.62112
1985-11-29;-1.4701334;-3.2477214;-4.0480247;751.24603;0.8157597;255.31483;44.511475;0.0067450604;152.89223;44.514973;0.026226044;-0.4245676;0.17207861;0.32490492;0.15283376;1.4244765;0.01290068;1897.4711;2969.6611;-1113.21;5987.307;-298.7611;-346.28445
1985-11-30;-1.0267944;-3.1857808;-4.9015107;749.3035;0.71648955;237.27162;36.871418;0.0056478977;151.6712;37.231445;2.0796607;-0.48029608;0.14300644;0.29490888;0.15192479;1.1407025;1.9835793;1965.6228;2855.8845;-1308.677;5802.023;-337.8989;-355.8578
1985-12-01;-3.951233;-4.754617;-3.237498;744.99756;0.59633356;166.97353;91.12028;0.017853657;129.54588;134.96907;18.983246;-0.16758871;0.049322844;0.20037591;0.15104562;0.13665855;17.871685;481.30945;1607.4489;-419.025;6462.689;-129.52556;-187.15
1985-12-02;-7.2983017;-8.617429;-6.550512;742.75854;1.036739;180.84853;100.0;0.029177865;138.33429;209.83887;14.011371;-0.14282577;0.0;0.1502037;0.1502037;0.0;13.991885;639.24164;2417.4377;-453.25723;6076.6924;-109.39555;-176.31334
1985-12-03;-10.628955;-12.276786;-9.84154;740.0551;0.84007764;123.21267;100.0;0.049347878;118.798485;414.5101;9.74725;-0.06951392;0.0;0.14935434;0.14936179;0.0;9.743147;502.34778;2159.8923;-587.06775;5619.5713;-52.47778;-127.47111
1985-12-04;-13.046908;-17.922737;-17.42835;745.0192;1.0214218;204.39667;100.0;0.051255148;135.77472;379.67935;0.045539014;-0.028635375;0.0;0.14853477;0.14853477;0.0;0.042960048;777.6667;3267.078;-1084.76;4362.459;-19.402222;-38.743332
1985-12-05;-10.35831;-16.32892;-18.861652;746.7449;1.204822;249.33855;100.0;0.051326156;149.12498;344.76724;0.002902746;-0.00580959;0.0;0.14770031;0.14773011;0.0;0.0020340085;807.9128;3301.2788;-1036.17;4334.6226;-1.5611111;65.522224
1985-12-06;-6.689367;-11.45739;-15.34582;749.0334;1.3241308;105.23828;100.0;0.051361162;152.46873;336.66992;0.0008702277;0.007674098;0.0;0.14692545;0.14694035;0.0;0.0;797.74225;3175.0933;-906.38165;4803.472;9.295555;71.23222
1985-12-07;-6.860291;-11.3738985;-14.146991;752.2031;1.2924345;46.963276;100.0;0.05140559;154.34406;332.76367;0.0004351138;-0.0019995496;0.0;0.14615059;0.14615059;0.0;0.0;825.19446;3200.5479;-1019.1161;4770.4785;1.976111;46.925556
1985-12-08;-7.5997925;-13.336427;-14.292356;754.8958;1.4805304;12.221691;100.0;0.051436584;156.21124;329.14224;0.0;-0.019282103;0.0;0.14537573;0.14537573;0.0;0.0;846.24835;3198.51;-1065.5562;4712.803;-11.172222;66.52333
1985-12-09;-6.5391083;-13.240729;-15.929118;755.0947;1.4826771;8.421615;100.0;0.051469803;157.93944;325.84634;0.0004351138;-0.00010523945;0.0;0.14461577;0.14461577;0.0;0.0;887.4711;3271.1567;-1265.5717;4340.211;3.3016667;124.68667
1985-12-10;-6.052214;-16.67651;-17.058817;752.9119;1.1977465;162.46407;100.0;0.051497143;159.42088;323.07944;0.0012904402;-0.02523791;0.0;0.14387071;0.14387071;0.0;0.0;859.0711;3091.571;-1075.2778;4445.0405;-16.482222;116.76444
1985-12-11;-5.2879333;-16.342262;-12.954707;749.7702;0.92807174;314.1177;100.0;0.051487405;161.13019;319.70215;0.003150105;-0.08010585;0.0;0.14314055;0.14314055;0.0;0.0022947788;803.7833;2825.9856;-878.1539;5065.3364;-58.546112;27.133333
1985-12-12;-7.4706726;-12.309529;-13.821879;748.1075;1.0587142;82.42426;100.0;0.05151288;162.9225;316.32486;0.11099279;-0.019613653;0.0;0.1424104;0.1424104;0.0;0.107396394;861.2106;2960.8923;-1020.54224;4796.684;-12.262222;14.965555
1985-12-13;-8.305032;-11.169538;-12.815869;750.0516;1.1243819;34.801388;100.0;0.051632922;164.4684;314.1276;0.037044287;-0.014571473;0.0;0.14171004;0.14169514;0.0;0.033199787;784.1583;2648.7266;-767.6411;5164.8013;-8.658889;-8.001111
1985-12-14;-8.308421;-11.614104;-10.461494;750.50903;1.2311299;28.923956;100.0;0.051659226;166.53839;310.3434;0.011906027;-0.053569674;0.0;0.14099479;0.14099479;0.0;0.009763986;864.7661;2855.7212;-967.1528;5166.258;-38.46;-58.802223
1985-12-15;-9.225484;-13.46771;-12.658912;746.6805;0.98896915;167.15508;100.0;0.05166213;168.44855;306.7627;0.09933114;-0.048097223;0.0;0.14029443;0.14030933;0.0;0.0962764;927.94946;2997.4822;-1040.1572;4863.906;-34.15889;-35.083332
1985-12-16;-6.7840066;-8.139961;-7.360719;742.3682;0.83903915;243.36632;100.0;0.053094745;166.4378;318.19662;5.127944;-0.0641346;0.0;0.13963878;0.13962388;0.0;5.1211267;461.90445;1489.7289;-145.70334;6385.0435;-48.996666;-84.77889
1985-12-17;-6.753451;-7.6122956;-5.549578;740.17206;0.9664538;210.77307;100.0;0.06604997;150.06671;437.5;20.023705;-0.09750761;0.0;0.13896823;0.13896078;0.0;20.018234;391.04834;1513.6378;-263.21167;6384.102;-75.03111;-162.01
1985-12-18;-5.153923;-6.152124;-5.0586267;736.1137;0.64691216;222.72615;100.0;0.08311971;147.7936;561.56415;10.085952;-0.04742667;0.0;0.13831258;0.13831258;0.0;10.059714;341.71722;1452.9534;-114.39;6647.3354;-35.55111;-83.39778
1985-12-19;-8.529506;-10.19059;-6.9106827;734.23535;1.1646303;209.44666;100.0;0.09311211;150.5882;617.47235;7.3545303;-0.07036608;0.0;0.13765693;0.13765693;0.0;7.3449464;584.0783;2494.2322;-854.3322;5548.65;-52.615;-113.49778
1985-12-20;-11.623173;-17.67486;-14.468941;741.6772;0.8490884;76.36326;100.0;0.09697286;152.62498;635.49805;0.07656541;-0.04306622;0.0;0.13701618;0.13701618;0.0;0.072702765;738.9972;3119.2344;-1407.45;4180.3643;-30.597778;-32.148888
1985-12-21;-11.428304;-18.779108;-21.44992;747.1526;0.9068892;140.06252;100.0;0.09699599;154.9746;626.0173;0.009214878;0.002142042;0.0;0.13637543;0.13638288;0.0;0.0053420663;747.55334;3070.6555;-882.73584;4261.2134;3.43;66.64555
1985-12-22;-10.273826;-15.883175;-18.611298;748.8882;0.97674626;74.85365;100.0;0.097025834;157.07582;618.12335;0.011736155;0.0047767535;0.0;0.13574958;0.13575703;0.0;0.009600073;661.0022;2645.0122;-688.80444;4759.2046;5.518889;41.72222
1985-12-23;-10.51423;-13.89034;-16.516495;748.01294;0.9406307;34.169975;100.0;0.09740317;158.93878;612.6709;2.0726562;0.009568408;0.0;0.13513863;0.13513863;0.0;2.0628424;634.405;2477.3223;-502.71277;5168.662;9.202778;18.292223
1985-12-24;-8.639729;-10.183301;-10.845047;746.6762;0.7594164;112.40981;100.0;0.09968686;158.56053;629.1911;0.6137518;-0.004936941;0.0;0.13452768;0.13452768;0.0;0.5858019;547.18555;2148.6377;-283.70056;5962.02;-2.0833333;-54.315556
1985-12-25;-9.3330345;-11.891635;-10.878043;747.4191;0.9595451;53.586582;100.0;0.099945344;162.72621;614.86816;0.03746714;-0.032946467;0.0;0.13393164;0.13393164;0.0;0.036522746;689.8711;2641.0244;-979.83887;5055.5996;-22.842222;-64.344444
1985-12-26;-10.810421;-14.386401;-13.954555;745.438;1.0609357;33.117893;100.0;0.09998679;166.1725;602.2949;0.031911574;-0.014262274;0.0;0.13333559;0.13332814;0.0;0.02849102;706.50775;2644.9512;-840.6711;4965.9287;-8.661111;-24.584444
1985-12-27;-13.019814;-15.9967985;-16.044683;744.2803;1.0427428;208.89851;100.0;0.10002991;168.91762;592.6921;0.11819005;-0.0068983063;0.0;0.13273954;0.132747;0.0;0.11475384;746.9706;2721.5522;-850.8883;4746.791;-3.3677778;-33.23
1985-12-28;-9.851867;-11.452558;-12.232647;744.6429;0.7877192;239.9728;100.0;0.102342926;167.00616;611.69434;8.151415;-0.002459623;0.0;0.1321733;0.13216585;0.0;8.14952;522.2489;1878.4445;-103.61278;6061.4717;-0.61833334;-49.465557
1985-12-29;-8.349219;-11.980682;-9.652186;747.0464;1.0047632;71.87525;100.0;0.113709606;154.5296;735.35156;5.275339;-0.04729908;0.0;0.13159215;0.1315996;0.0;5.2727423;527.3661;2177.6367;-931.9006;5228.37;-34.045;-34.212223
1985-12-30;-11.733288;-19.808365;-17.690361;750.95703;1.2707247;59.770573;100.0;0.11447692;157.81444;726.0335;0.0036507836;-0.022904016;0.0;0.13102591;0.13102591;0.0;0.0023581088;794.2106;3186.6267;-1237.61;4116.934;-15.115556;55.91111
1985-12-31;-7.8748665;-16.79547;-18.307749;750.4698;0.99780744;117.72797;100.0;0.11449095;160.49054;714.0706;0.0008702277;-0.009883195;0.0;0.13047457;0.13046712;0.0;0.0;786.4339;3075.5388;-825.2856;4657.865;-5.1294446;81.44222
1986-01-01;-5.837715;-11.652779;-17.067648;751.08374;0.8044278;193.27293;100.0;0.11452476;163.29555;702.2705;0.00097155565;0.016578473;0.0;0.12989342;0.12991577;0.0;0.00010430813;829.4078;3162.8533;-883.94275;4684.9854;15.131111;74.21667
1986-01-02;-3.7917278;-11.243077;-13.714722;751.20807;0.7073805;315.4616;100.0;0.11459597;166.46417;688.92413;0.18555905;-0.013389625;0.0;0.12935698;0.12936443;0.0;0.18003583;826.0306;3072.0356;-610.41113;5355.1;-7.582778;38.864445
1986-01-03;-3.754649;-9.306061;-10.159882;748.1818;0.52860737;208.91905;100.0;0.11526859;170.04327;677.85645;1.9651607;-0.022731721;0.0;0.12882054;0.12882054;0.0;1.8797815;653.1028;2376.328;-477.00943;5792.2393;-15.343333;8.866667
1986-01-04;-6.35096;-10.150954;-10.145991;750.7342;1.0878245;33.108795;100.0;0.116752505;173.30272;674.19434;0.0041127205;-0.022617169;0.0;0.1282841;0.12827665;0.0;0.004120171;839.3555;3082.4277;-1264.25;4812.731;-14.116667;-12.744445
1986-01-05;-6.304628;-13.007865;-14.44881;751.0493;1.1049354;167.49303;100.0;0.1167833;176.97264;660.11554;0.0008553266;-0.0019473955;0.0;0.12774765;0.12774765;0.0;0.0;917.9939;3291.8623;-1264.085;4438.135;1.58;72.793335
1986-01-06;-5.5536194;-12.644612;-15.746722;748.84467;0.7399242;274.97394;100.0;0.1168141;179.77113;650.0651;0.0061899424;-0.0005476177;0.0;0.12722611;0.12721866;0.0;0.0;942.9117;3303.3223;-1024.2039;4645.932;2.1294444;55.704445
1986-01-07;-6.225292;-8.734775;-12.014606;747.698;0.57094204;139.42216;100.0;0.11772168;181.61586;648.2341;2.0497766;0.010401942;0.0;0.12670457;0.12669712;0.0;2.0310283;548.3528;1884.0934;-91.882774;6110.0776;9.463333;-4.7166667
1986-01-08;-4.2454123;-5.3742576;-6.258199;747.1965;0.5192491;241.73596;100.0;0.119197845;184.38702;647.0947;0.83106756;-0.044817105;0.0;0.12621284;0.12619048;0.0;0.8002743;731.6339;2567.7488;-586.9472;6043.5435;-32.15222;-74.37666
1986-01-09;-6.2684007;-7.152883;-5.939401;747.8076;1.0908847;145.33098;100.0;0.12856011;178.69789;718.66864;9.479464;-0.04004687;0.0;0.1256764;0.12568384;0.0;9.38183;529.9028;2119.4556;-645.46277;5933.3535;-29.392221;-95.075554
1986-01-10;-8.795945;-14.4885;-11.382449;749.69684;0.9072979;183.34297;100.0;0.12995382;182.55434;712.6058;0.004404501;-0.068427995;0.0;0.12516975;0.1251772;0.0;0.0018849969;817.0139;3204.7378;-1242.4388;4653.561;-49.956665;-60.306667
1986-01-11;-8.190181;-10.549198;-12.572883;744.6709;0.6322598;276.71738;100.0;0.13489564;178.59601;754.3538;12.538955;0.01792144;0.0;0.124678016;0.124678016;0.0;12.525238;371.61835;1439.1122;-73.93222;6005.7827;14.853333;-9.76
1986-01-12;-6.469284;-7.5634804;-8.331313;740.14557;0.77888584;237.10626;100.0;0.14472628;170.5309;848.7956;3.6535513;-0.013146549;0.0;0.12420118;0.12419373;0.0;3.6399217;503.20776;2094.0977;-165.62389;6352.6113;-8.235556;-73.05334
1986-01-13;-6.298075;-7.2189345;-6.1562386;744.7859;1.3690935;208.53435;100.0;0.14864282;174.51527;851.888;6.959933;-0.062244944;0.0;0.12370944;0.12370199;0.0;6.9307237;527.0294;2177.2988;-282.73666;6356.665;-46.504444;-129.65
1986-01-14;-5.412955;-6.086969;-5.012671;743.6948;1.2942365;202.10162;100.0;0.16977839;168.39842;1003.94696;35.436203;-0.08016452;0.0;0.1232326;0.1232177;0.0;35.429928;325.57056;1402.65;-55.625;6713.849;-61.56333;-147.13556
1986-01-15;-6.0225525;-6.646763;-4.9103646;740.892;1.0508881;204.34961;100.0;0.20585234;162.29652;1266.7236;17.813955;-0.06378442;0.0;0.122755766;0.122748315;0.0;17.803606;243.49333;1060.9545;-218.75278;6495.253;-49.236668;-119.21667
1986-01-16;-6.704725;-7.8822327;-6.6133285;745.0205;0.94958514;225.7489;100.0;0.21105933;172.27504;1226.8473;1.7781519;-0.056738034;0.0;0.12226403;0.12227148;0.0;1.7717146;574.2917;2448.551;-474.97055;6032.608;-41.75778;-112.206665
1986-01-17;-5.0285034;-6.232493;-5.8868523;745.9712;0.70009667;228.82921;100.0;0.21256924;181.92152;1170.0033;0.9006913;-0.054417178;0.0;0.12180209;0.12180209;0.0;0.8951053;570.30725;2378.62;-449.3872;6187.9297;-39.773335;-83.97889
1986-01-18;-6.0164895;-6.9084053;-5.593994;744.7089;1.511002;206.6325;100.0;0.21578877;189.50194;1138.3463;7.720488;-0.10305829;0.0;0.121340156;0.121340156;0.0;7.712044;502.07388;2066.1655;-190.20944;6508.4644;-78.72444;-175.06
1986-01-19;-7.4515495;-8.399356;-5.761251;735.57806;1.0030425;192.16742;100.0;0.24700363;179.2783;1374.7152;35.71575;-0.08293614;0.0;0.12089312;0.12087822;0.0;35.706882;174.54167;759.6878;-248.03722;6335.5723;-64.596664;-115.93667
1986-01-20;-10.647935;-13.680294;-8.576205;738.8427;0.6719711;106.03986;100.0;0.2601643;181.2682;1436.4014;3.2533357;-0.15115924;0.0;0.120431185;0.120423734;0.0;3.240388;604.70886;2602.111;-781.7161;5428.279;-115.56333;-165.84334
1986-01-21;-10.499015;-13.437341;-12.379943;744.0825;0.74514914;200.5498;100.0;0.2614995;187.99054;1392.5375;0.2639532;-0.033760443;0.0;0.11995435;0.11996925;0.0;0.25565922;787.13556;3310.111;-997.2917;4849.7134;-23.231112;-74.793335
1986-01-22;-11.799064;-14.594058;-13.294707;745.0306;1.0261935;59.810455;100.0;0.26394936;191.4518;1378.9469;4.3080387;-0.000230968;0.0;0.119537115;0.119529665;0.0;4.3054743;435.245;1800.5834;-703.4561;5158.898;0.9577778;-20.962223
1986-01-23;-12.023223;-22.582848;-17.722076;750.0446;1.430707;16.115015;100.0;0.2660408;194.4889;1369.1406;0.001270057;-0.045211986;0.0;0.11907518;0.11907518;0.0;0.0;960.87335;3932.8645;-1636.7816;3596.3716;-31.677778;58.737778
1986-01-24;-10.70144;-22.268568;-20.808582;749.96515;1.2142795;143.79753;100.0;0.26604697;198.09862;1344.1162;0.000443011;-0.022566877;0.0;0.118628144;0.118643045;0.0;0.0;999.56;3984.3354;-1369.9578;3754.4758;-14.512222;106.723335
1986-01-25;-8.3792715;-23.456594;-21.07193;749.8851;0.99972224;201.3741;100.0;0.26605546;201.14516;1323.4457;0.0021427858;-0.02923794;0.0;0.11821091;0.11819601;0.0;0.0;921.1617;3579.8845;-1081.6344;4128.073;-20.023333;115.76667
1986-01-26;-8.278569;-20.801834;-20.78813;749.5366;1.2750387;32.868496;100.0;0.26606596;204.11781;1304.1178;0.00085551204;-0.022662804;0.0;0.11776388;0.11776388;0.0;0.0;1056.9972;4003.9277;-1195.8589;4040.6165;-14.453333;129.53444
1986-01-27;-7.5722213;-18.358953;-19.757593;750.07697;1.4216398;13.085851;100.0;0.26608646;207.12889;1285.6039;0.00042915702;-0.011527911;0.0;0.11733174;0.11733174;0.0;0.0;1065.0978;3936.771;-1159.4283;4200.096;-5.7633333;139.96889
1986-01-28;-8.148922;-17.923063;-18.9922;750.21906;1.4227629;16.411829;100.0;0.2661117;210.26527;1266.805;0.0008523463;-0.016257167;0.0;0.11691451;0.11690706;0.0;0.0;1123.515;4054.8188;-1276.9512;4114.18;-9.176666;119.16
1986-01-29;-7.3412642;-18.938086;-18.105936;748.99347;1.0272788;72.2843;100.0;0.26612866;213.42316;1248.169;0.004529953;-0.038653612;0.0;0.11649728;0.11648238;0.0;0.00410527;1088.9305;3838.3567;-882.63556;4680.9624;-26.465555;66.36667
1986-01-30;-7.48504;-11.767934;-14.676774;746.2251;0.8442294;191.76323;100.0;0.26628983;216.94041;1228.5563;0.1963079;-0.0010672957;0.0;0.116065145;0.116065145;0.0;0.1925528;993.1117;3429.8132;-756.1778;5152.0117;2.1388888;-25.83
1986-01-31;-9.441643;-11.184583;-12.795987;744.0732;0.9207816;94.335976;100.0;0.2665125;221.01366;1207.194;0.32367635;-0.008082017;0.0;0.11563301;0.11564791;0.0;0.31933188;997.8233;3378.3577;-625.01166;5457.1597;-3.4033334;-86.117775
1986-02-01;-9.368809;-11.873715;-11.213519;742.58307;0.86922073;84.839485;100.0;0.26682186;225.402;1185.0586;0.19579443;-0.045084395;0.0;0.11523068;0.11523068;0.0;0.18998235;1118.955;3738.531;-1115.2977;4966.3677;-31.277779;-100.58222
1986-02-02;-9.732414;-11.670695;-11.181838;743.20624;0.85302615;229.459;100.0;0.2671474;229.4723;1165.0391;0.7005397;-0.06784685;0.0;0.11482835;0.11482835;0.0;0.69617105;1084.0989;3565.735;-784.7472;5382.5273;-49.747776;-118.65667
1986-02-03;-7.8284545;-8.876645;-9.621453;742.4446;1.0484884;215.0945;100.0;0.27182162;228.21254;1189.6158;14.952707;-0.011250377;0.0;0.11442602;0.114418566;0.0;14.947761;532.0428;1776.6078;-158.96028;6226.426;-7.835;-77.01111
1986-02-04;-7.2097726;-8.128194;-7.3163857;740.9544;1.0439934;206.39;100.0;0.3006175;206.9785;1449.5443;25.904184;-0.031067058;0.0;0.114023685;0.114023685;0.0;25.900885;338.0111;1452.9355;-133.81139;6418.833;-23.236666;-99.56
1986-02-05;-5.784878;-7.575888;-6.1226554;740.1279;0.7614603;128.92473;100.0;0.31843677;202.91014;1566.4062;33.13909;-0.10338053;0.0;0.113636255;0.113628805;0.0;33.090004;576.2039;2473.9033;-215.73666;6481.9194;-77.776665;-120.318886
1986-02-06;-6.3952203;-7.5635223;-5.402292;738.095;1.130323;200.90675;100.0;0.36553445;188.92738;1933.5123;23.283396;-0.12440607;0.0;0.113233924;0.113233924;0.0;23.238213;624.685;2727.5112;-406.27194;6269.6055;-94.51889;-201.77
1986-02-07;-7.081608;-8.948703;-6.659929;744.3786;0.7319351;163.23103;100.0;0.3715396;201.5703;1847.2494;0.116083026;-0.075392425;0.0;0.11284649;0.11283904;0.0;0.113509595;991.21387;4241.651;-1133.585;5258.5034;-53.726665;-155.75223
1986-02-08;-8.153787;-12.038157;-9.712913;744.6055;0.92887634;69.060875;100.0;0.37157926;212.53905;1750.6918;0.035607815;-0.082194805;0.0;0.11244416;0.11244416;0.0;0.033967197;1062.7461;4423.4297;-1438.5286;4576.342;-58.952778;-124.27111
1986-02-09;-6.9277253;-10.658764;-10.989433;741.6058;0.7758615;61.50818;100.0;0.37538627;217.4033;1726.0336;12.807131;-0.020929612;0.0;0.11204183;0.11205673;0.0;12.791194;612.5122;2491.449;-214.87694;6041.7085;-13.872222;-38.66111
1986-02-10;-5.9525695;-7.49386;-7.8768106;743.8487;0.78545636;184.54665;100.0;0.38508093;218.98761;1760.7422;0.90105915;-0.029915944;0.0;0.1116693;0.1116693;0.0;0.89376044;846.82666;3588.7983;-529.7117;5997.81;-19.385555;-122.94666
1986-02-11;-6.241018;-7.834913;-7.1821694;746.1119;0.6210882;180.8373;100.0;0.38623857;227.7516;1697.5912;1.5545875;-0.062147155;0.0;0.11129677;0.11128932;0.0;1.5515238;605.3361;2501.0144;-360.83527;6173.392;-46.143333;-114.06
1986-02-12;-7.0463967;-9.56517;-7.0479407;746.3399;0.8433228;64.36056;100.0;0.3870666;236.208;1640.5436;0.02219975;-0.113395974;0.0;0.11090934;0.11090934;0.0;0.018775463;999.28613;4056.449;-1213.52;5140.2607;-83.39445;-173.35333
1986-02-13;-8.182529;-12.117008;-9.694001;745.00275;0.8860893;94.07668;100.0;0.38705316;243.3867;1591.6342;0.006487965;-0.07925928;0.0;0.11052191;0.11052936;0.0;0.0039041042;1098.8767;4346.964;-1301.0975;4782.3403;-56.63;-147.13777
1986-02-14;-7.231196;-13.296062;-11.722866;741.2288;0.86582774;123.42154;100.0;0.38721645;248.56703;1558.5123;0.9877682;-0.06351527;0.0;0.11014938;0.11014938;0.0;0.981871;1110.5823;4278.858;-955.06555;5069.9272;-44.552223;-70.37444
1986-02-15;-6.914276;-9.2886915;-9.474656;739.1973;0.79674983;61.031193;100.0;0.39010546;250.56737;1557.373;3.3984458;-0.04987698;0.0;0.10976195;0.109776855;0.0;3.3936353;609.475;2374.3333;-252.2089;6164.912;-36.58889;-78.95333
1986-02-16;-7.32452;-9.75576;-8.237522;742.6032;0.6956493;135.47842;100.0;0.3932493;252.81573;1556.2338;2.084273;-0.12202654;0.0;0.109404325;0.109411776;0.0;2.0753145;796.68335;3135.87;-587.22614;5811.484;-91.814445;-139.72112
1986-02-17;-8.40855;-10.603772;-8.6116;743.7869;0.8585944;87.16293;100.0;0.3938247;257.87338;1528.361;0.109279156;-0.10012649;0.0;0.1090467;0.1090467;0.0;0.10615587;1059.4216;4101.851;-942.7178;5352.585;-73.774445;-169.19667
1986-02-18;-8.168729;-12.960355;-9.466216;746.05566;1.0064664;56.86615;100.0;0.39387265;263.0166;1498.291;0.03064764;-0.08813478;0.0;0.10867417;0.10868162;0.0;0.028073788;1189.4595;4494.852;-1491.9456;4610.0054;-63.22889;-126.75667
1986-02-19;-5.9697013;-17.145739;-12.397724;748.6518;1.0478654;66.98695;100.0;0.39386395;267.1647;1475.057;0.0;-0.09593554;0.0;0.10831654;0.10830909;0.0;0.0;1393.9;5134.84;-1646.2295;4164.4277;-68.23111;-2.1088889
1986-02-20;-4.1418967;-12.579075;-12.488266;748.17377;0.85637784;158.35066;100.0;0.3938565;270.64224;1456.3395;0.0;-0.060563907;0.0;0.10794401;0.10794401;0.0;0.0;1383.3145;4976.5977;-1407.0466;4547.258;-41.39111;-17.26
1986-02-21;-4.508901;-8.895999;-11.958081;749.81635;0.89550215;101.80908;100.0;0.39388087;274.02896;1438.4766;0.0010251999;-0.023748726;0.0;0.107586384;0.107586384;0.0;0.00016763806;1429.9889;5025.454;-1305.4286;4755.378;-13.147778;-44.81889
1986-02-22;-4.6940713;-9.322883;-11.023814;751.148;0.99056906;136.92606;100.0;0.3939159;277.47623;1420.7764;0.00031292439;-0.04545506;0.0;0.107213855;0.107228756;0.0;0.0003017485;1463.5739;5027.7354;-1310.4467;4845.761;-29.15;-58.65333
1986-02-23;-3.6908162;-10.679912;-10.426677;749.2828;0.9174983;101.75779;100.0;0.39392972;280.97525;1403.1168;0.0012874597;-0.07964298;0.0;0.10687113;0.10686368;0.0;0.0;1530.9489;5143.4507;-1429.2444;4745.5684;-55.61889;-48.16722
1986-02-24;-2.6957092;-9.680115;-8.759735;745.05206;0.7013019;114.1268;100.0;0.39478981;283.55728;1391.6422;8.802936;-0.10739546;0.0;0.1064986;0.10650605;0.0;8.688704;1410.3567;4636.699;-689.5222;5886.676;-77.23333;-85.896385
1986-02-25;-4.1248984;-5.3849893;-5.8894753;743.1141;0.6726532;120.722435;100.0;0.41607687;265.47656;1565.8773;12.563241;-0.019698404;0.0;0.10615587;0.10616332;0.0;12.127772;437.00665;1849.5695;-375.18;6292.2505;-13.665556;-54.922222
1986-02-26;-3.6007893;-4.9755425;-5.236651;746.8711;0.89405656;287.95724;100.0;0.4181856;270.18198;1549.357;0.11874221;-0.094693154;0.0;0.105813146;0.105820596;0.0;0.096939504;999.05835;4134.807;-559.9572;6234.0376;-68.28889;-164.12111
1986-02-27;-3.3095741;-4.7275977;-4.3810883;747.3484;0.8779641;196.0743;100.0;0.41820762;276.72885;1512.5732;0.016710669;-0.12575927;0.0;0.10547042;0.10547042;0.0;0.011309981;1226.2611;4916.0386;-923.4678;5854.7515;-91.24778;-212.65555
1986-02-28;-3.7877388;-4.5598755;-3.7696724;745.7282;0.884289;234.78741;100.0;0.42220747;279.41504;1510.1725;14.909887;-0.10433886;0.0;0.10512769;0.10512769;0.0;14.24117;558.85443;2163.7434;-204.6189;6710.689;-79.47667;-153.7875
1986-03-01;-4.635981;-5.213558;-3.1420288;744.1042;1.0217053;208.92934;100.0;0.4486649;263.71973;1700.5615;21.492212;-0.13096166;0.0;0.10479987;0.10479987;0.0;20.809143;469.48056;2015.8345;-380.36612;6481.068;-100.674446;-198.4311
1986-03-02;-6.441214;-10.983852;-5.9164734;747.0596;0.80551726;115.61295;100.0;0.4553208;266.99316;1707.6416;0.14378025;-0.15885755;0.0;0.10445714;0.10446459;0.0;0.14077872;1243.6927;5206.074;-1767.7794;4489.2954;-116.96;-184.8661
1986-03-03;-5.530018;-12.15522;-8.519608;748.44794;0.88958114;204.54839;100.0;0.4553286;272.88086;1670.5322;0.14508717;-0.15429407;0.0;0.104129314;0.10411441;0.0;0.14223531;1284.6211;5200.866;-1173.4467;5114.4966;-112.76222;-144.15138
1986-03-04;-4.18337;-8.526786;-8.899735;749.0503;0.85752493;153.54185;100.0;0.45540217;277.79916;1641.2354;0.029742718;-0.06730668;0.0;0.10377169;0.10377914;0.0;0.029690564;1411.6117;5577.6406;-1310.7361;4951.1377;-45.422222;-135.18
1986-03-05;-3.4697978;-4.889994;-7.168541;746.8235;0.5608581;99.53027;100.0;0.46319535;276.03027;1677.6123;14.814913;0.0022901222;0.0;0.10344386;0.10345131;0.0;13.758333;555.33636;2238.6597;-83.27861;6615.605;3.8;-59.3875
1986-03-06;-2.8612263;-4.5738525;-4.6868796;745.11865;0.763937;61.777653;100.0;0.4733372;274.71713;1724.6094;4.1945877;-0.06395858;0.0;0.103116035;0.10313094;0.0;3.8565657;824.8945;3454.9053;-556.0686;6273.316;-45.475;-122.23
1986-03-07;-2.96758;-5.866699;-4.092331;745.84717;1.5345362;31.571749;100.0;0.4764034;279.82812;1704.3864;1.9843835;-0.23755617;0.0;0.10280311;0.10279566;0.0;1.9289143;1046.3116;4282.06;-682.8283;6154.5967;-179.31334;-137.45667
1986-03-08;-1.9628397;-5.136017;-3.8305714;745.6687;1.6019999;27.899881;100.0;0.4772587;286.32617;1668.986;0.9544641;-0.1712544;0.0;0.102475286;0.102467835;0.0;0.9168461;875.1889;3449.174;-686.9586;6146.609;-128.905;-66.74555
1986-03-09;-1.645986;-4.7987266;-3.374242;744.56537;0.7663006;128.21498;100.0;0.4776285;292.86557;1633.1787;0.524801;-0.15083048;0.0028461218;0.10499358;0.10214001;0.04030764;0.51576644;1256.6117;4745.839;-691.5333;6243.358;-109.92111;-170.02112
1986-03-10;-1.8967896;-4.4946694;-2.367396;744.7558;0.69147724;158.60927;100.0;0.47844413;298.70963;1604.2074;0.62179345;-0.17366093;0.029161572;0.1309663;0.101812184;0.39263815;0.5164221;1285.8345;4759.735;-1096.0466;5823.8774;-127.92333;-172.74777
1986-03-11;-3.22464;-7.11146;-3.2842052;746.4065;1.0430579;44.4673;100.0;0.47826985;305.02344;1570.8414;0.083732605;-0.28301495;0.007122755;0.108629465;0.10148436;0.09324029;0.06243959;1409.7689;4881.044;-1298.0739;5418.5713;-213.33667;-183.4075
1986-03-12;-3.8963928;-8.313415;-4.592407;745.27045;0.8690595;142.89656;100.0;0.478099;310.43066;1543.0908;0.034367036;-0.27233547;0.0;0.10114908;0.10115653;0.0;0.028703362;1804.3787;6073.3477;-1593.6895;5014.7715;-203.34666;-240.15666
1986-03-13;-4.090688;-8.969254;-5.435003;744.2149;0.78820676;97.88828;100.0;0.47794366;315.06543;1520.1823;0.078284755;-0.33790433;0.0;0.10085106;0.10082126;0.0;0.07647276;1661.2611;5448.1777;-1454.3384;5091.343;-256.65112;-201.30333
1986-03-14;-5.0521646;-9.299367;-5.8030906;744.99976;1.0591105;70.53293;100.0;0.47783145;318.9899;1501.4648;0.15435815;-0.39995277;0.0;0.10050833;0.10050833;0.0;0.14084578;1606.5289;5174.01;-1238.2128;5341.581;-305.62778;-245.22139
1986-03-15;-5.952667;-10.167374;-6.4789186;742.8997;1.5717396;42.734253;100.0;0.47766933;322.47104;1484.7819;0.46747327;-0.42216295;0.0;0.10019541;0.10018796;0.0;0.46360865;1848.1927;5818.351;-1255.9725;5281.8477;-322.61;-257.185
1986-03-16;-6.401976;-11.284728;-6.4087653;747.06714;1.5107207;41.754963;100.0;0.4784807;323.96582;1480.6722;0.8111477;-0.5125236;0.0;0.09985268;0.09986758;0.0;0.80717355;1723.4033;5520.86;-1374.1378;5085.941;-394.5611;-318.90887
1986-03-17;-6.520851;-11.238257;-7.708448;746.00854;0.97693515;84.600624;100.0;0.4783107;326.7565;1467.0817;0.009742379;-0.32912287;0.0;0.09955466;0.09954721;0.0;0.0067427754;1968.027;6170.8066;-1633.4434;4698.8115;-249.765;-274.06528
1986-03-18;-5.8542175;-9.623642;-7.9341736;743.26196;0.9003799;125.683685;100.0;0.47827318;329.22916;1455.9733;0.41395766;-0.24077761;0.0;0.09924173;0.09924173;0.0;0.40502474;1775.575;5459.5576;-1426.5864;4950.2446;-186.68;-242.32278
1986-03-19;-6.297746;-9.19164;-7.5493913;742.20807;0.93729544;168.78862;100.0;0.47874197;330.97983;1449.6664;1.1398896;-0.2824515;0.0;0.09895861;0.09895116;0.0;1.1303127;1758.2617;5375.477;-996.7586;5530.3022;-219.54;-300.01306
1986-03-20;-5.8715844;-9.391797;-6.4318924;742.1043;0.89744145;196.67012;100.0;0.4796102;332.00293;1447.5098;2.5133371;-0.33881795;0.0;0.09866059;0.09866059;0.0;2.5047958;1965.458;6105.8945;-1436.9634;5116.0645;-263.5;-332.20444
1986-03-21;-6.55056;-13.766871;-6.980076;745.1425;1.1927727;36.66664;100.0;0.48318818;326.13477;1484.8633;1.2510053;-0.4117545;0.0;0.098377466;0.098377466;0.0;1.2390763;1862.245;6339.6045;-1684.115;4670.2524;-320.43332;-319.83
1986-03-22;-5.444571;-10.973183;-8.461582;746.86017;0.98484135;109.606995;100.0;0.48304877;328.6185;1473.3073;0.0;-0.19203126;0.0;0.09807944;0.09808689;0.0;0.0;1930.7389;6410.7124;-1704.0936;4569.996;-147.73445;-219.71
1986-03-23;-4.258036;-8.250328;-7.5491395;745.29425;0.729821;99.328705;100.0;0.48307005;330.91635;1463.3789;0.5939453;-0.14879741;0.0;0.09781122;0.09780377;0.0;0.58310103;1648.2372;5374.1274;-940.7733;5616.1294;-114.14778;-203.0386
1986-03-24;-2.5686035;-4.331755;-4.811094;742.7724;0.70189553;213.31422;100.0;0.48534405;330.2461;1472.941;2.1964788;-0.09119697;0.0;0.0975281;0.09752065;0.0;2.0857341;1418.2339;4782.776;-637.7217;6274.9854;-69.223335;-199.62889
1986-03-25;-3.380778;-5.7170815;-3.2472432;743.29205;0.8609805;98.03293;100.0;0.4869481;332.23013;1469.5638;2.0501614;-0.2515521;0.0;0.09724498;0.09724498;0.0;1.9417256;1579.61;5307.3203;-1118.6061;5747.8257;-194.93889;-319.5289
1986-03-26;-1.2090048;-8.106671;-3.8685608;749.6797;0.9444688;58.281826;100.0;0.48764458;335.47787;1458.2926;0.0013307399;-0.12677349;0.017940998;0.114902854;0.096961856;0.23537874;5.2154064e-05;2038.9028;6812.1895;-1799.8708;4874.241;-95.02889;-221.20222
1986-03-27;0.17826335;-7.690806;-3.872874;753.8437;1.0581505;65.12849;100.0;0.4872537;339.8685;1439.1276;0.0025783102;-0.1243623;0.03182888;0.12847781;0.096678734;0.39604306;0.0;2118.922;6861.875;-1708.7725;5045.4355;-92.725555;-189.19112
1986-03-28;0.8003235;-6.6849465;-3.3485947;753.3138;1.0507016;62.73543;100.0;0.48636198;344.17188;1419.7998;0.00044107434;-0.11521671;0.121727586;0.2181232;0.09640306;1.2342483;0.0;2174.338;6849.311;-1662.8;5177.95;-85.30444;-187.13889
1986-03-29;0.57524616;-5.9075418;-2.6015575;750.8907;1.0693578;69.1968;100.0;0.4849607;348.41406;1399.5768;0.0004351138;-0.12568104;0.15115738;0.24728477;0.09612739;1.4242046;0.0;2220.4207;6814.273;-1672.3264;5195.173;-93.25667;-194.05556
1986-03-30;0.2754008;-5.0303445;-1.5824076;747.761;0.9506665;75.28417;100.0;0.48460636;352.9935;1380.0049;10.010141;-0.19242334;0.23891032;0.3347546;0.09585172;1.4710314;6.2148347;2220.4443;6406.943;-1072.0461;6029.957;-145.66222;-244.30779
1986-03-31;-1.1875407;-1.9354553;-0.21662521;743.7185;0.7591777;75.37547;100.0;0.5089397;334.37338;1527.71;20.103695;-0.108143315;0.34293532;0.43854117;0.09559095;1.2214482;15.680354;686.06946;2704.1294;-429.52112;6753.3706;-83.53222;-167.50223
1986-04-01;-0.75968426;-3.3138123;-0.24516551;746.465;1.077793;72.56337;100.0;0.5106215;338.4629;1516.5609;0.0063538547;-0.3039688;0.3055781;0.40088594;0.09530038;2.5291443;0.002540648;1884.1539;6155.465;-1253.4725;5832.778;-225.50667;-293.86444
1986-04-02;0.38630167;-3.5635273;-0.2563591;746.0997;1.1974871;56.141148;100.0;0.507251;346.1224;1472.6156;1.9550507;-0.2852967;0.5982369;0.6932467;0.09500235;4.404489;0.021334738;2283.3262;6486.724;-1293.2014;5867.0757;-208.17;-208.46
1986-04-03;-0.41861978;-3.0850525;-0.1340955;746.1027;0.96564204;91.35544;100.0;0.5072162;347.62793;1464.7217;4.8592486;-0.30029657;0.9429455;1.0376573;0.09471178;6.928306;3.6909506;1937.6256;5732.9746;-1269.9547;5850.027;-222.62222;-214.73111
1986-04-04;0.5072632;-4.025879;-0.26991144;751.7854;1.1701713;57.018387;100.0;0.5014884;353.4528;1424.9674;0.03402233;-0.40860566;0.77569485;0.8701086;0.09442121;5.6571403;0.008255243;2456.649;6521.488;-1356.9597;5831.223;-303.93945;-230.49777
1986-04-05;0.5508525;-2.7154236;-0.24213918;752.39703;1.1560019;44.07877;100.0;0.49436796;360.2396;1378.1738;1.0298669;-0.328823;1.3611019;1.4552474;0.094138086;8.300338;0.056892633;2590.0088;6367.9946;-1292.7594;5892.2495;-241.87889;-216.17334
1986-04-06;0.008707683;-2.3404846;-0.21762721;751.3592;1.0820707;86.18522;100.0;0.48506537;366.5332;1328.8574;2.3515403;-0.34083426;1.965031;2.0589232;0.093869865;9.832244;0.008352101;2559.8662;5936.9663;-1275.8273;5901.318;-252.41888;-237.18
1986-04-07;1.0917358;-3.6641133;-0.27669272;750.3593;1.3653551;36.073162;100.0;0.474691;373.10352;1277.5472;0.0016828455;-0.4388243;2.030954;2.1245778;0.093623996;10.81614;0.0;3190.1016;7083.2495;-1592.8188;5577.3013;-324.02112;-199.23889
1986-04-08;1.8065796;-1.7655233;-0.18547821;747.5049;1.2222046;43.85176;100.0;0.46433818;379.78677;1227.5391;4.337102;-0.20387396;2.626568;2.7199686;0.09341538;9.856478;0.031050295;2433.811;5229.8403;-972.7219;6280.2275;-145.68;-121.82111
1986-04-09;1.2401022;-1.0468241;-0.036368053;745.12476;1.2101852;46.808;100.0;0.45436144;383.21582;1189.7379;6.245196;-0.31988323;4.320845;4.4347343;0.113889575;13.062686;0.13205782;2028.2322;4329.165;-611.93195;6737.7124;-240.0;-158.41444
1986-04-10;1.9147644;0.15157063;-0.034432728;744.65814;0.80421966;151.66658;100.0;0.4411321;386.4069;1145.6299;5.551803;-0.19640289;5.037636;5.1621795;0.124551356;14.94655;0.012483448;2176.2722;4534.6323;-466.6686;6934.9;-141.68666;-156.48555
1986-04-11;3.158142;0.32428995;-0.02182261;747.0855;0.9294097;248.16496;100.0;0.42277443;388.98242;1091.0645;0.17466247;-0.39721096;5.917497;6.380871;0.46337396;21.017406;0.0;3335.9316;6825.886;-980.6472;6508.5024;-290.85443;-179.41222
1986-04-12;1.5554098;-0.78275555;-0.053568523;749.7061;0.95311093;215.0133;100.0;0.40356493;391.63022;1034.3018;0.5170554;-0.5981978;5.1345153;5.459219;0.32470375;18.192976;0.0;3240.3894;6534.388;-1047.108;6345.701;-450.5778;-268.76556
1986-04-13;1.3661804;-1.4932352;-0.13287735;750.4394;1.0855578;193.99663;100.0;0.38637248;395.3213;981.0791;0.3643185;-0.58521146;5.237326;5.763471;0.52615255;16.704876;0.0007636845;3489.2578;6959.7124;-1307.4014;6009.8867;-438.79333;-261.08334
1986-04-14;2.276123;-0.12843831;-0.09051641;750.84;1.313753;163.46527;100.0;0.36954406;400.2272;926.96124;7.369789;-0.46780333;7.6188145;8.192703;0.5738884;16.930063;0.00022724271;3219.6006;6366.7554;-805.6617;6647.306;-348.17;-215.63667
1986-04-15;2.4947612;1.9164938;0.009722392;750.03174;1.1457535;212.91539;100.0;0.35305116;402.74088;879.5166;23.329954;-0.054534525;14.116794;16.421436;2.3046434;15.400432;0.0013932586;1588.1956;3112.794;-51.22278;7408.709;-35.421112;-88.708885
1986-04-16;1.6523743;1.1589864;0.0020929973;748.562;0.7247072;239.31158;100.0;0.338022;403.01138;841.75616;11.408239;-0.046871603;9.59669;10.726184;1.1294782;14.113199;1.0509081;1380.1228;2694.2273;26.953888;7461.0767;-30.85111;-106.28778
1986-04-17;1.3846842;-0.9070943;-0.041179657;747.9287;0.9076273;171.32863;100.0;0.32251468;402.9694;803.54816;1.0082991;-0.5403068;7.561117;8.208454;0.64735115;18.099304;0.00010430813;3057.73;6247.68;-889.67444;6525.6777;-405.6611;-249.09555
1986-04-18;0.4033915;-2.3267212;-0.12501653;748.3038;0.9202507;95.971306;100.0;0.30580398;406.07065;756.30695;2.2698092;-0.5210582;6.862521;7.4964166;0.6338954;15.86001;0.0012591481;3162.1194;6371.888;-1199.1622;6111.51;-390.37222;-275.5889
1986-04-19;1.7225443;-2.9393616;-0.2183253;749.53546;1.267511;41.73906;100.0;0.28978762;410.94043;708.3333;0.02282123;-0.59296936;6.208375;6.75194;0.543572;16.20888;0.0014156103;3434.3945;6849.4194;-1386.392;5896.0703;-443.3111;-212.27888
1986-04-20;3.3878071;-4.8190713;-0.32890192;750.8039;1.1373187;71.12783;100.0;0.27296272;417.95996;656.00586;0.0007480382;-0.46251342;6.5521297;6.8957953;0.34366548;17.167252;0.00032037497;3912.7527;7733.7217;-1825.0128;5394.8477;-336.90445;-180.89444
1986-04-21;5.058441;-1.0635477;-0.26986694;750.2519;1.0884396;136.9619;100.0;0.25532344;426.07846;601.7659;0.00043511385;-0.28065032;6.9774537;7.5556936;0.57822466;17.756674;0.0;3332.5144;6543.175;-1151.9647;6223.8047;-198.80112;-94.17333
1986-04-22;4.784098;0.29258218;-0.16449101;750.1518;0.90167886;107.24871;100.0;0.23831423;431.53418;553.9958;0.90205705;-0.15843195;6.023288;6.502822;0.47953427;15.408017;0.0;2152.3071;4203.838;-641.24084;6689.121;-110.84889;-40.075554
1986-04-23;4.00297;0.40638223;-0.22710927;750.29755;1.2306516;182.1458;100.0;0.22091353;436.95346;507.52768;3.5515504;-0.39535946;9.0423;9.941697;0.89939684;19.565418;0.0;3397.8167;6610.086;-1273.0444;6091.2554;-290.17334;-122.40222
1986-04-24;4.2186685;-1.801351;-0.3927892;749.7744;1.2649751;101.65344;100.0;0.20169885;443.70605;456.09537;0.0012820147;-0.50484854;7.7108145;9.265259;1.5544444;19.10083;0.0;3890.5278;7544.079;-1822.7461;5416.1343;-371.28778;-110.793335
1986-04-25;5.109121;-1.0159708;-0.44105402;749.6887;1.2606999;56.83406;100.0;0.18221736;448.99057;406.6976;0.4036289;-0.33069587;8.200526;9.002179;0.80165267;19.553001;0.0;3754.5793;7262.1265;-1348.2642;6006.8955;-234.86;-97.71555
1986-04-26;3.6589763;0.9493001;-0.18622462;749.5953;1.4354205;44.561954;100.0;0.16361646;450.0;364.3392;2.0215054;-0.16977079;8.3144455;10.1209135;1.8064752;17.051497;0.0;2502.8416;4832.1055;-778.26697;6585.067;-119.344444;-86.007774
1986-04-27;4.6541543;2.2376606;-0.0833346;748.9964;1.1245825;63.960144;99.99674;0.14501683;450.0;323.1608;11.002639;-0.13401079;12.509823;14.02253;1.5127137;20.112389;0.0;2521.7556;4861.6963;-324.45584;7193.1646;-90.11;-113.52889
1986-04-28;4.3901367;1.7021993;-0.07462692;748.1579;1.1765515;57.090454;98.39347;0.122828804;450.0;273.96646;7.2999177;-0.21051708;12.491211;15.832737;3.3415258;22.662683;0.0;2867.081;5481.058;-620.5775;6876.798;-145.57611;-145.44221
1986-04-29;3.978902;1.8112589;-0.19605382;747.52515;0.92345995;64.77501;96.47323;0.10288731;450.0;229.37012;7.2872043;-0.17805956;10.251507;13.500393;3.2489152;18.38285;0.0;2592.385;4897.8145;-743.0133;6689.6133;-120.683334;-137.24333
1986-04-30;3.3922527;2.1855266;-0.33691788;746.96954;0.91496044;156.74036;95.31543;0.08519427;450.0;189.90071;6.4797697;-0.17081574;10.228098;13.51729;3.289208;17.445295;0.00027939677;2582.9006;4844.9883;-639.595;6765.2354;-113.95778;-158.88222
1986-05-01;4.3621216;1.7082113;-0.42073694;747.2341;1.1241006;213.39276;92.86393;0.06480893;450.0;145.01953;3.38372;-0.41834825;11.813119;16.556858;4.7437325;22.748255;0.0;3540.1594;6584.968;-1135.5786;6343.149;-294.57666;-212.80112
1986-05-02;2.1486614;0.7792867;-0.6263707;743.62665;0.8558344;155.28212;89.84049;0.050525308;449.7207;112.6709;7.482667;-0.16162917;6.5860896;11.380285;4.794188;10.63272;0.009544194;1538.6494;2815.6262;-418.9289;6849.16;-110.721664;-99.71333
1986-05-03;0.1821289;-0.1391805;-0.29961905;740.1469;0.8387892;130.17995;93.74902;0.048064392;360.667;130.12695;15.1174755;-0.08664653;5.330682;10.939717;5.6090355;6.501004;6.0909877;850.11224;2054.5518;-197.85;7091.089;-60.146667;-111.03222
1986-05-04;0.7977193;-0.1738383;-0.4925283;740.9719;0.9807992;212.05652;91.91471;0.040361803;341.0941;114.70541;5.592481;-0.3251247;6.2250195;13.083607;6.858602;10.973952;0.13754144;2144.3394;4896.8257;-635.1983;6701.4146;-230.00555;-260.60666
1986-05-05;0.3577169;-0.16064453;-0.0909729;744.85815;0.9490111;211.03522;87.4296;0.031972926;338.19955;90.61686;9.241923;-0.36384445;5.7049694;12.847826;7.142864;8.620747;1.4299191;1581.8589;3382.8477;-256.8289;7143.697;-262.09222;-280.11557
1986-05-06;0.9278259;-0.37671915;-0.27756372;749.19745;1.0234622;185.08037;69.02897;0.023652831;333.8688;68.44076;5.2811804;-0.83227086;5.2590666;12.579113;7.3200464;9.237759;0.013420358;2824.7166;5387.55;-699.1825;6774.4624;-596.43335;-512.2222
1986-05-07;3.219757;0.95047;-0.060647327;750.54926;1.1161813;216.90935;42.544025;0.014738361;338.02408;42.073566;12.206132;-1.2801923;7.626906;15.282512;7.655598;8.56686;0.028263777;3510.5806;5504.6924;-793.2095;6948.4355;-895.19775;-569.11664
1986-05-08;5.7335715;2.1848552;-0.28913245;749.78467;1.212793;157.40376;23.355307;0.008072774;337.24252;22.90853;9.848528;-1.7014835;5.612999;13.988033;8.375049;5.7840643;0.0;4088.8484;5707.669;-1330.8134;6597.11;-1182.5;-622.14
1986-05-09;5.244944;3.029897;-0.21755219;748.2293;1.0419104;153.17027;11.695638;0.0040599504;335.31772;11.75944;13.26689;-1.6499348;5.6863728;14.231563;8.545168;3.133554;0.33246353;3607.7117;4770.9966;-967.0;7048.598;-1145.4556;-740.7844
1986-05-10;2.778595;1.5840149;-0.32037863;745.7693;1.0132505;231.54546;6.968994;0.0020518303;289.14517;6.713867;10.320887;-1.928647;4.017502;12.537375;8.519873;1.7902106;0.010974705;4033.8777;5222.3633;-1111.2123;6837.5254;-1339.8223;-1171.1511
1986-05-11;2.89091;-2.9436748;-1.7654215;745.57526;1.2356355;184.31633;3.1395671;0.000928839;288.72397;2.9296875;0.39383233;-2.6989896;0.3272742;8.745745;8.418463;0.7542707;0.0012293458;5506.434;7013.819;-1980.792;5947.4277;-1876.86;-1450.9756
1986-05-12;2.4309185;-1.0548096;-2.7806995;745.44977;0.9274914;157.86736;4.91569;0.0008279085;179.54034;5.167643;8.744794;-1.9144034;2.1596253;10.361642;8.201972;1.3052821;1.2726896;4225.779;5493.3354;-1483.0616;6294.23;-1331.3289;-1051.1589
1986-05-13;2.0234478;0.37928262;-1.8139788;745.5291;0.9645727;155.11855;2.8963215;0.00042680898;152.84242;2.9296875;11.2036705;-1.9225664;3.014326;10.890945;7.876605;0.47206134;0.13927743;3789.321;4831.628;-1086.1575;6709.608;-1335.5522;-1024.1511
1986-05-14;3.1869202;-2.1138103;-2.9058228;748.0642;1.0197825;263.97028;1.1264648;0.00016450882;155.90363;1.0986328;2.1783857;-2.78622;0.5313903;8.042976;7.5115786;0.26186183;0.003427267;5710.3115;7242.9775;-1921.9323;6100.98;-1935.9589;-1547.0889
1986-05-15;1.7918396;-0.26419067;-2.1993828;747.98193;0.8675976;136.61443;1.433024;0.00022161007;145.00746;1.5869141;8.292645;-1.9481871;1.8673986;9.004161;7.136777;0.3065765;0.64175576;3920.4978;4990.959;-1208.113;6643.2046;-1353.5934;-1206.0167
1986-05-16;1.9365743;-1.541392;-3.2620609;748.8243;1.1580616;163.69699;1.9007162;0.0002395312;139.78773;1.7903646;3.4326744;-2.7074385;0.8357689;7.597044;6.7612677;0.3985688;0.027421862;5560.443;7074.9688;-1854.669;6091.87;-1881.3855;-1568.0789
1986-05-17;2.8945007;-1.3653971;-4.24077;752.10565;1.0800977;118.73687;0.40893555;5.7458878e-05;150.99803;0.32552084;1.0431546;-2.78466;0.20641088;6.605178;6.3987675;0.097721815;0.00070407987;5773.739;7295.901;-2045.505;5945.183;-1934.539;-1541.6677
1986-05-18;5.3082376;-2.7322795;-5.0532517;753.60547;1.1097465;135.69484;0.07495117;1.0530154e-05;151.24217;-7.345365e-21;0.0012814989;-3.3105164;0.0048726797;6.055236;6.050356;0.019934028;0.0;6565.7334;8277.15;-2566.7078;5541.141;-2299.7222;-1268.62
1986-05-19;8.237732;-1.652181;-4.299483;754.66315;1.0880741;89.01914;0.011067708;1.2715658e-06;151.24217;-7.345365e-21;0.12026727;-3.4634173;0.01873076;5.734384;5.7156606;0.0031553209;0.0;6461.2695;8134.5366;-2543.666;5776.239;-2405.9211;-950.43555
1986-05-20;9.447764;-0.074269615;-2.8683307;754.7421;1.2320088;102.282104;0.0011393229;-7.3453654e-25;151.24217;-7.345365e-21;0.54219663;-3.0973516;0.07595122;5.4751635;5.3991976;0.0003799796;0.0;5537.3525;6963.507;-2071.3794;6351.0522;-2151.6267;-814.7978
1986-05-21;9.295787;3.3782043;-0.52853775;751.75555;1.1077379;164.31984;0.0;-7.3453654e-25;123.20343;-7.345365e-21;13.182904;-3.2158642;2.3916216;7.4961185;5.1045046;5.5879354e-05;0.0;5587.5215;7019.4087;-1678.2944;6887.3135;-2233.9534;-1071.7556
1986-05-22;4.720164;3.1513062;-0.22349675;748.831;1.0976462;221.84229;0.0;-7.3453654e-25;103.41925;-7.345365e-21;16.46305;-2.1937342;3.8748085;8.7101755;4.835382;3.7252903e-06;0.0;3757.0396;4714.1187;-1261.7222;6870.5034;-1523.9133;-1102.1511
1986-05-23;5.096995;0.45022583;-0.039534252;751.0015;1.2983437;148.53226;0.0;-7.3453654e-25;100.42544;-7.345365e-21;0.7849932;-2.6453445;0.12890995;4.729614;4.6007113;0.0;0.0;4995.92;6262.3843;-1769.708;6398.512;-1837.6322;-1278.27
1986-05-24;5.99646;-0.67667645;0.009674072;749.2685;1.1381978;82.43673;0.0;-7.3453654e-25;99.99998;-7.345365e-21;2.1497905;-2.3613591;0.37422776;4.7671347;4.3929143;0.0;0.0;4516.755;5655.651;-1920.9711;6184.7544;-1640.3578;-829.4178
1986-05-25;6.6118674;-0.50879925;0.009980519;749.9414;1.6222461;181.59981;0.0;-7.3453654e-25;99.99998;-7.345365e-21;0.036472365;-3.3265352;0.005468726;4.206553;4.201084;0.0;0.0;6255.4775;7824.892;-2235.2417;6020.2456;-2310.8323;-1402.7
1986-05-26;6.843557;-1.8747457;0.009854634;750.9189;1.3063211;188.44548;0.0;-7.3453654e-25;99.99998;-7.345365e-21;0.05210936;-3.4989603;0.0071302056;4.0276947;4.020564;0.0;0.0;6578.6313;8220.384;-2518.7378;5730.029;-2430.6123;-1394.9734
1986-05-27;7.8320413;-1.4802958;0.009887695;750.82764;1.2447221;117.33602;0.0;-7.3453654e-25;99.99998;-7.345365e-21;0.07860469;-3.6199522;0.009685755;3.8599968;3.8503036;0.0;0.0;6619.039;8262.083;-2569.3596;5793.452;-2514.66;-1178.9589
1986-05-28;8.709025;-0.3276876;0.009886424;751.5427;1.2690866;105.60383;0.0;-7.3453654e-25;99.99998;-7.345365e-21;0.05601903;-3.6677382;0.006906688;3.6961584;3.6892369;0.0;0.0;6366.069;7937.988;-2312.5571;6173.0005;-2547.8555;-1084.6378
1986-05-29;9.831645;3.3468628;0.009833018;749.83405;1.2796553;40.31688;0.0;-7.3453654e-25;99.99998;-7.345365e-21;3.332004;-2.9346495;0.45533478;3.9933772;3.5380497;0.0;0.0;5261.292;6553.222;-1892.5577;6720.9746;-2038.6034;-876.2989
1986-05-30;8.831177;2.389679;0.009835561;748.8716;1.4685593;134.56268;0.0;-7.3453654e-25;99.99998;-7.345365e-21;0.3267169;-3.262177;0.036418438;3.4323633;3.3959672;0.0;0.0;5582.609;6946.2153;-1845.8661;6693.062;-2266.1255;-1236.7611
1986-05-31;7.8980308;0.3664856;0.009567261;749.88715;1.1672773;171.49608;0.0;-7.3453654e-25;99.99998;-7.345365e-21;0.19627213;-3.3153305;0.021874905;3.2829642;3.2610745;0.0;0.0;6335.5967;7874.8613;-2303.9353;6154.9463;-2303.0488;-1503.8889
1986-06-01;7.754181;3.4792175;-0.018194834;751.61774;0.9916684;160.41664;0.0;-7.3453654e-25;100.00942;-7.345365e-21;2.1124613;-2.5672;0.25208294;3.3862739;3.134191;0.0;0.0;5163.258;6410.6587;-1836.1472;6656.574;-1783.3489;-1264.9489
1986-06-02;9.125244;2.5958252;0.008758545;753.969;1.1553353;112.77188;0.0;-7.3453654e-25;100.00519;-7.345365e-21;0.39461255;-3.3819265;0.04182756;3.0562134;3.014371;0.0;0.0;5950.7373;7380.8135;-1974.836;6685.567;-2349.3123;-1278.2844
1986-06-03;9.792725;3.5372822;0.009742737;753.5557;1.013883;72.416725;0.0;-7.3453654e-25;100.00519;-7.345365e-21;5.4017496;-3.0809119;0.73580444;3.6362112;2.9004142;0.0;0.0;5638.551;6986.0654;-2142.5386;6548.214;-2140.2078;-1021.44775
1986-06-04;10.835765;3.6789753;0.010050456;750.5468;0.9623428;79.38744;0.0;-7.3453654e-25;99.99998;-7.345365e-21;2.6132197;-3.4713037;0.34035742;3.1332672;2.7929096;0.0;0.0;6048.7793;7486.581;-2252.3452;6546.761;-2411.3977;-972.01776
1986-06-05;11.710713;1.8920898;0.01007843;748.7452;1.3662429;122.113014;0.0;-7.3453654e-25;99.99998;-7.345365e-21;1.5378177;-3.4641867;0.17127395;2.8625727;2.6913137;0.0;0.0;5901.155;7296.2046;-2189.955;6581.609;-2406.4556;-991.31775
1986-06-06;10.930644;0.27546182;0.009999593;749.3513;1.2883543;166.46683;0.0;-7.3453654e-25;99.99998;-7.345365e-21;0.00085234636;-3.9045923;8.940697e-05;2.594769;2.5946796;0.0;0.0;6794.3555;8391.84;-2573.995;6138.7974;-2712.39;-1239.8911
1986-06-07;9.65685;2.8134663;0.009777069;749.83356;1.0214407;115.0984;0.0;-7.3453654e-25;99.99998;-7.345365e-21;4.33436;-3.04278;0.48679113;2.9901414;2.5033653;0.0;0.0;5267.278;6498.668;-1837.5664;6878.82;-2113.7166;-1013.64777
1986-06-08;9.351268;4.2426963;0.009887695;750.1352;1.0723468;74.18033;0.0;-7.3453654e-25;100.00779;-7.345365e-21;4.9493294;-2.9079876;0.5944818;3.0126424;2.4181604;0.0;0.0;4886.412;6022.4365;-1665.2089;7002.8936;-2020.0823;-966.9656
1986-06-09;10.057506;4.1984963;0.010112762;750.90186;1.0479172;97.48499;0.0;-7.3453654e-25;99.99998;-7.345365e-21;1.7667115;-3.061967;0.19307435;2.5306344;2.3375602;0.0;0.0;5171.445;6367.089;-1868.5355;6831.1826;-2127.0461;-896.36
1986-06-10;8.918782;3.8182576;0.0096588135;749.9592;1.2279549;123.32245;0.0;-7.3453654e-25;100.00519;-7.345365e-21;3.2856166;-2.8437674;0.38015842;2.641499;2.261348;0.0;0.0;5119.7153;6297.068;-1833.6816;6804.195;-1975.47;-1187.5789
1986-06-11;11.092204;2.7968953;0.010306041;748.4926;1.2001008;134.21687;0.0;-7.3453654e-25;99.99998;-7.345365e-21;0.11164844;-3.7207716;0.010564923;2.1988006;2.188243;0.0;0.0;6487.6333;7971.0864;-2213.228;6581.75;-2584.6968;-1215.1511
1986-06-12;11.053945;0.7845764;0.010276794;745.71027;1.6589991;143.55869;0.0;-7.3453654e-25;99.99998;-7.345365e-21;0.6800771;-3.5674758;0.06441772;2.1827817;2.1183715;0.0;0.0;6202.0225;7612.2554;-2370.327;6316.033;-2478.206;-1277.9377
1986-06-13;8.867473;1.81781;-0.020973206;747.1179;1.2092241;136.059;0.0;-7.3453654e-25;100.009094;-7.345365e-21;0.52562356;-3.1447728;0.04659593;2.0985305;2.0519495;0.0;0.0;6262.4727;7678.452;-2301.1843;6338.8223;-2184.5688;-1538.9456
1986-06-14;9.271393;2.7818806;0.0021324158;749.4431;0.987716;83.54332;0.0;-7.3453654e-25;100.00486;-7.345365e-21;1.1257052;-2.8758674;0.09790063;2.087146;1.989238;0.0;0.0;5514.555;6754.2324;-2015.6489;6693.453;-1997.77;-1214.4656
1986-06-15;10.734416;4.062856;0.009703319;749.0977;1.0747613;65.426575;0.0;-7.3453654e-25;100.00259;-7.345365e-21;0.59414846;-3.0405986;0.050127506;1.9795597;1.9294248;0.0;0.0;5770.0728;7059.8433;-2096.2378;6763.3315;-2112.2021;-1166.4323
1986-06-16;11.0833235;4.56368;0.010252635;746.28937;1.1418103;81.631905;0.0;-7.3453654e-25;100.03416;-7.345365e-21;1.9774586;-2.8456504;0.19228458;2.0646305;1.8723383;0.0;0.0;5296.128;6479.278;-1916.2345;6967.2656;-1976.7789;-1088.8966
1986-06-17;10.467174;3.764801;0.009733836;745.0327;1.074235;112.13639;0.0;-7.3453654e-25;100.03416;-7.345365e-21;2.3577428;-2.7387087;0.23241341;2.050668;1.8182471;0.0;0.0;5182.053;6338.739;-1687.3539;7169.3936;-1902.49;-1311.4956
1986-06-18;9.795512;4.6624045;0.009930928;745.6601;1.0742984;156.23492;0.0;-7.3453654e-25;99.99998;-7.345365e-21;2.039343;-2.7082953;0.16784668;1.934737;1.7668903;0.0;0.0;5205.1475;6366.2324;-1753.7284;7044.797;-1881.3628;-1377.6289
1986-06-19;9.602905;4.83136;0.010022481;745.84814;1.2154977;96.28042;0.0;-7.3453654e-25;99.99998;-7.345365e-21;6.145912;-2.6823506;0.64331293;2.3611486;1.7178506;0.0;0.0;5008.1523;6124.3745;-1714.9478;7070.0576;-1863.34;-1246.1267
1986-06-20;9.12913;5.2506714;0.009958903;745.47217;1.069427;96.159294;0.0;-7.3453654e-25;100.00519;-7.345365e-21;8.365688;-2.8657522;0.93117356;2.602294;1.6711205;0.0;0.0;4940.5557;6040.6;-1591.2911;7122.2;-1990.7433;-1227.3867
1986-06-21;8.139668;1.1769816;0.009624481;744.38794;1.3047482;92.98611;0.0;-7.3453654e-25;99.99998;-7.345365e-21;0.59583783;-3.3295527;0.051543117;1.677975;1.626432;0.0;0.0;5411.3926;6615.3076;-1894.0239;6691.0356;-2312.93;-1214.0189
1986-06-22;9.664744;1.4924825;0.010007222;747.8952;1.171188;99.74181;0.0;-7.3453654e-25;99.99998;-7.345365e-21;0.0017106531;-3.8518422;0.00014901161;1.5830398;1.5829057;0.0;0.0;6857.092;8382.378;-2484.9382;6263.582;-2675.7466;-1385.3878
1986-06-23;12.785686;2.7956238;-0.0027885437;748.79376;1.1563061;87.24703;0.0;-7.3453654e-25;100.00454;-7.345365e-21;0.0012814989;-3.8863196;0.00010430813;1.5406609;1.540549;0.0;0.0;6984.767;8537.377;-2690.2305;6284.734;-2699.6968;-1156.4467
1986-06-24;13.4600115;1.7144674;0.0022481282;747.57587;1.2060875;104.02866;0.0;-7.3453654e-25;100.00486;-7.345365e-21;0.00087022776;-3.85567;5.9604645e-05;1.4997721;1.4997125;0.0;0.0;7020.9565;8580.499;-2754.7517;6323.1733;-2678.4055;-1164.2511
1986-06-25;13.560974;5.9049172;0.010082245;748.6268;1.4923593;44.907703;0.0;-7.3453654e-25;100.00259;-7.345365e-21;0.3929755;-3.0044634;0.02938509;1.490131;1.460731;0.0;0.0;5973.3823;7299.3833;-2278.1133;6857.851;-2087.101;-1207.5333
1986-06-26;15.054321;5.0212708;0.009994507;747.15625;1.3014581;106.934135;0.0;-7.3453654e-25;99.99998;-7.345365e-21;0.012591481;-3.2303464;0.00090897083;1.4242232;1.4233142;0.0;0.0;6328.182;7731.7754;-2345.119;6930.209;-2244.0144;-1320.3611
1986-06-27;14.859691;-0.73408;0.010051727;746.8459;1.3455857;126.615234;0.0;-7.3453654e-25;99.99998;-7.345365e-21;0.001275539;-3.2887888;8.940697e-05;1.3870001;1.3869107;0.0;0.0;7011.017;8564.998;-2874.1277;6352.2456;-2284.6123;-1545.3177
1986-06-28;14.568339;-1.5299581;0.010060628;747.4515;1.2520527;160.93156;0.0;-7.3453654e-25;99.99998;-7.345365e-21;0.0;-3.0230992;0.0;1.3517588;1.3517663;0.0;0.0;7082.7686;8651.595;-3060.4521;6170.69;-2100.047;-1584.6411
1986-06-29;14.290935;-0.7810567;0.010229747;747.6384;1.2151461;154.1696;0.0;-7.3453654e-25;99.99998;-7.345365e-21;0.002136556;-2.7432535;0.00014901161;1.3180226;1.3178661;0.0;0.0;7158.2544;8742.666;-3263.8367;5995.3857;-1905.6466;-1632.9122
1986-06-30;14.939128;-0.48908487;0.009737651;749.04755;1.2117581;95.54644;0.0;-7.3453654e-25;99.99998;-7.345365e-21;0.0;-2.5974176;0.0;1.2851357;1.2851357;0.0;0.0;7183.7715;8772.694;-3305.82;6108.239;-1804.34;-1566.8656
1986-07-01;15.621409;5.6814065;0.009867351;750.4522;1.448557;52.970646;0.0;-7.3453654e-25;99.99998;-7.345365e-21;0.0017106531;-2.2404063;0.00011920929;1.2536198;1.2535081;0.0;0.0;6901.39;8426.543;-2916.4822;6718.669;-1556.3356;-1862.9878
1986-07-02;16.655874;7.8201394;0.009197235;751.9956;1.3824419;52.905468;0.0;-7.3453654e-25;100.00519;-7.345365e-21;0.00086426735;-2.129728;5.9604645e-05;1.2229979;1.2229383;0.0;0.0;6749.387;8240.062;-2824.6494;6999.7314;-1479.4512;-1869.34
1986-07-03;18.182596;6.1957603;0.009937286;753.56006;1.2859231;80.5512;0.0;-7.3453654e-25;99.99998;-7.345365e-21;0.00085532654;-2.124453;5.9604645e-05;1.1933446;1.193285;0.0;0.0;6840.281;8349.985;-2988.635;6982.1978;-1475.7866;-1805.4911
1986-07-04;19.351654;3.1775513;0.010058085;753.816;1.3021222;112.52772;0.0;-7.3453654e-25;99.99998;-7.345365e-21;0.00044107434;-2.08826;2.9802322e-05;1.1645705;1.1645406;0.0;0.0;6927.2153;8455.026;-3127.7664;6952.421;-1450.6444;-1787.1877
1986-07-05;20.407562;1.4161173;0.01008606;753.5632;1.3689038;131.59781;0.0;-7.3453654e-25;99.99998;-7.345365e-21;0.0012844794;-1.9587669;8.940697e-05;1.136899;1.1368245;0.0;0.0;6678.6494;8150.54;-3039.081;7127.3755;-1360.69;-1690.5433
1986-07-06;20.740122;2.9982402;0.009708405;753.03705;1.2662815;120.10415;0.0;-7.3453654e-25;99.99998;-7.345365e-21;0.014662743;-1.8635522;0.00074505806;1.1108071;1.1100471;0.0;0.0;6554.385;7997.852;-3027.3372;7219.1636;-1294.5488;-1694.1178
1986-07-07;20.811096;3.0318196;0.010138194;751.5049;1.2720125;114.209114;0.0;-7.3453654e-25;100.00259;-7.345365e-21;0.0021338456;-1.7879996;0.00013411045;1.0842979;1.0841638;0.0;0.0;6450.661;7870.322;-2918.4368;7393.9233;-1242.0634;-1714.4467
1986-07-08;21.227243;1.0016276;0.009613037;751.40155;1.4201475;129.12302;0.0;-7.3453654e-25;99.99998;-7.345365e-21;0.0008523463;-1.695428;5.9604645e-05;1.0591894;1.0591373;0.0;0.0;6436.4204;7851.8726;-3015.6655;7267.8623;-1177.7567;-1789.5978
1986-07-09;20.480692;-2.9641926;0.010142009;751.71875;1.5040873;141.89159;0.0;-7.3453654e-25;99.99998;-7.345365e-21;0.0008583069;-1.6855001;5.9604645e-05;1.0349452;1.0348856;0.0;0.0;6947.721;8474.569;-3344.5557;6830.9814;-1170.86;-2079.9355
1986-07-10;19.595755;-3.2408245;0.009672801;751.1331;1.3457007;114.90851;0.0;-7.3453654e-25;99.99998;-7.345365e-21;0.0;-1.6531311;0.0;1.0112971;1.011312;0.0;0.0;7024.18;8566.728;-3416.645;6743.064;-1148.3756;-2002.8589
1986-07-11;20.254599;-0.16992188;0.009719849;750.90137;1.398633;112.18588;0.0;-7.3453654e-25;99.99998;-7.345365e-21;0.001728571;-1.5534759;0.00010430813;0.98860264;0.9884834;0.0;0.0;6645.445;8103.681;-3206.0505;7044.5166;-1079.1478;-1911.8077
1986-07-12;19.88978;4.1085916;0.010047913;751.6504;1.4256234;84.21361;0.0;-7.3453654e-25;99.99998;-7.345365e-21;0.0031381843;-1.4290922;0.00014901161;0.9665787;0.96642226;0.0;0.0;6276.497;7652.915;-2897.4307;7354.3945;-992.74335;-1933.1056
1986-07-13;20.241983;3.6258342;0.009995778;752.0305;1.4087554;101.78788;0.0;-7.3453654e-25;99.99998;-7.345365e-21;0.00042617318;-1.3570199;2.9802322e-05;0.94518065;0.94515085;0.0;0.0;6112.714;7452.2046;-2901.2878;7349.922;-942.6767;-1869.2744
1986-07-14;19.39448;4.3020225;0.009684245;752.9135;1.4318719;59.234264;0.0;-7.3453654e-25;99.99998;-7.345365e-21;0.048935413;-1.1436986;0.0026971102;0.9274781;0.9247586;0.0;0.0;5152.0757;6280.141;-2452.2017;7652.885;-794.4889;-1592.62
1986-07-15;19.914835;4.315023;0.01003011;753.93335;1.2752199;79.28363;0.0;-7.3453654e-25;99.99998;-7.345365e-21;0.0012159348;-1.3117455;5.9604645e-05;0.9050369;0.9049624;0.0;0.0;6038.181;7359.4565;-2871.0505;7384.226;-911.2256;-1819.331
1986-07-16;20.119507;2.4813335;0.009905498;753.97656;1.3259734;105.37097;0.0;-7.3453654e-25;99.99998;-7.345365e-21;0.0018140418;-1.2881644;0.00010430813;0.885725;0.8856207;0.0;0.0;6042.5225;7363.0806;-2847.0872;7431.797;-894.8456;-1897.3467
1986-07-17;19.736298;0.10306803;0.009947459;752.04266;1.4494911;115.01969;0.0;-7.3453654e-25;99.99998;-7.345365e-21;0.0008523463;-1.263367;5.9604645e-05;0.86693466;0.86687505;0.0;0.0;6263.573;7630.6855;-3083.5642;7123.3887;-877.6189;-2011.4856
1986-07-18;18.554209;1.4053955;0.009925842;750.46893;1.4540488;116.11197;0.0;-7.3453654e-25;100.00519;-7.345365e-21;0.00089606363;-1.2209601;5.9604645e-05;0.84868073;0.84865093;0.0;0.0;6411.1133;7808.6216;-3023.1375;7125.934;-848.16;-2182.621
1986-07-19;18.855307;-0.3240153;0.010205586;748.9739;1.4669741;154.41754;0.0;-7.3453654e-25;99.99998;-7.345365e-21;0.0008553266;-1.2232065;4.4703484e-05;0.83097816;0.83093345;0.0;0.0;6514.9233;7933.386;-3168.279;6989.189;-849.72;-2214.0977
1986-07-20;18.528635;1.5961405;0.009930928;749.2661;1.2176012;95.211815;0.0;-7.3453654e-25;99.99998;-7.345365e-21;0.0;-1.1900607;0.0;0.8137524;0.8137524;0.0;0.0;6303.7256;7674.382;-3030.436;7177.8975;-826.6961;-2016.0677
1986-07-21;17.460815;5.863383;0.010011037;751.27075;1.3577281;52.50439;0.0;-7.3453654e-25;99.99998;-7.345365e-21;0.038215518;-0.983946;0.0020712614;0.7993132;0.7972419;0.0;0.0;5607.0864;6824.958;-2676.736;7370.9126;-683.51447;-2007.7589
1986-07-22;18.312012;5.855265;0.009845734;751.3438;1.2127404;78.15426;0.0;-7.3453654e-25;100.00259;-7.345365e-21;0.002413988;-1.1077951;0.00013411045;0.7813275;0.7811934;0.0;0.0;6103.2383;7427.0933;-2839.7373;7346.03;-769.5478;-2111.5278
1986-07-23;19.055634;1.3709717;0.009867351;749.343;1.3029083;142.54913;0.0;-7.3453654e-25;99.99998;-7.345365e-21;0.0017179264;-1.1756699;0.00010430813;0.76554716;0.76544285;0.0;0.0;6681.6704;8129.157;-3226.4666;6988.48;-816.6989;-2335.7834
1986-07-24;17.411825;0.7245992;0.010117848;748.06915;1.6140038;111.95777;0.0;-7.3453654e-25;99.99998;-7.345365e-21;0.0012954215;-1.0440806;7.4505806e-05;0.75027347;0.7501915;0.0;0.0;6421.162;7810.416;-2953.0217;7092.1196;-725.2883;-2451.429
1986-07-25;14.147949;6.129883;0.010046641;748.7613;1.2520268;85.22884;0.0;-7.3453654e-25;99.99998;-7.345365e-21;1.0297447;-0.9832978;0.05403161;0.78976154;0.73572993;0.0;0.0;5147.632;6259.941;-2232.1292;7462.583;-683.0639;-2211.1333
1986-07-26;15.09491;1.1387634;0.010012309;749.94293;1.473755;130.272;0.0;-7.3453654e-25;99.99998;-7.345365e-21;0.37106872;-1.3108468;0.019490719;0.74131787;0.72184205;0.0;0.0;6262.508;7614.0483;-2828.066;6866.856;-910.60223;-2431.6367
1986-07-27;16.08013;0.23490398;0.010027568;752.24835;1.3030262;116.10264;0.0;-7.3453654e-25;99.99998;-7.345365e-21;0.20648506;-1.3543441;0.01077354;0.7188171;0.7080287;0.0;0.0;6598.019;8020.1973;-3053.2239;6785.874;-940.81775;-2299.2766
1986-07-28;16.953653;2.2722065;0.009952545;752.1984;1.1659977;93.98468;0.0;-7.3453654e-25;99.99998;-7.345365e-21;0.02480149;-1.1760592;0.0012814999;0.6958246;0.6945506;0.0;0.0;5993.044;7283.1704;-2889.8855;7052.8027;-816.9689;-1971.9967
1986-07-29;18.28888;1.0726827;0.010163625;749.7075;1.3019823;132.13426;0.0;-7.3453654e-25;99.99998;-7.345365e-21;0.00043511385;-1.1397321;2.9802322e-05;0.6814152;0.6813854;0.0;0.0;6666.535;8099.9033;-3282.589;6757.3013;-791.73444;-2288.8066
1986-07-30;17.976755;-2.5919087;0.00995636;751.2014;1.3363944;173.10002;0.0;-7.3453654e-25;99.99998;-7.345365e-21;0.0;-0.98227525;0.0;0.66863;0.66863;0.0;0.0;6782.8223;8239.394;-3352.2947;6556.8857;-682.35333;-2507.381
1986-07-31;19.145477;-0.99556476;0.009991963;755.2121;1.2398528;121.33849;0.0;-7.3453654e-25;99.99998;-7.345365e-21;0.00085532654;-1.0487679;4.4703484e-05;0.65620244;0.65615773;0.0;0.0;6593.33;8007.422;-3240.371;6901.763;-728.54443;-2200.561
1986-08-01;20.36555;-0.96088666;0.009950002;755.4964;1.3226515;134.36002;0.0;-7.3453654e-25;99.99998;-7.345365e-21;0.0004351138;-1.0446757;2.9802322e-05;0.6440282;0.6439984;0.0;0.0;6440.974;7820.6064;-3222.7407;7091.851;-725.7011;-2081.3777
1986-08-02;19.936483;-2.2828064;0.0100034075;752.97235;1.4672794;109.10737;0.0;-7.3453654e-25;99.99998;-7.345365e-21;0.0012777137;-1.0218369;5.9604645e-05;0.63225627;0.6321743;0.0;0.0;6737.086;8178.314;-3503.735;6726.2954;-709.8367;-2218.1912
1986-08-03;18.375875;5.458181;0.010135651;752.1154;1.5628738;62.520527;0.0;-7.3453654e-25;99.99998;-7.345365e-21;0.0029467447;-0.94015527;0.00013411045;0.6207824;0.62063336;0.0;0.0;6432.1777;7806.433;-3150.647;7029.2007;-653.0944;-2276.2612
1986-08-04;17.781647;6.290171;0.0100695295;751.4698;1.6786431;48.768253;0.0;-7.3453654e-25;99.99998;-7.345365e-21;0.0008523463;-0.9049177;4.4703484e-05;0.6094575;0.6094128;0.0;0.0;6406.9717;7774.2334;-3074.2585;7076.082;-628.61664;-2390.3955
1986-08-05;16.667612;4.826467;0.01026535;750.04083;1.8922668;38.856243;0.0;-7.3453654e-25;99.99998;-7.345365e-21;0.0017285328;-0.83107316;8.940697e-05;0.59863925;0.59854984;0.0;0.0;6366.4863;7723.4126;-3094.8533;6850.7188;-577.3189;-2593.2856
1986-08-06;17.978373;1.4328715;0.010169983;748.83075;1.2196876;94.932365;0.0;-7.3453654e-25;100.00519;-7.345365e-21;0.0008583069;-0.92210436;5.9604645e-05;0.5879998;0.5879402;0.0;0.0;6436.1543;7806.2246;-3221.5415;6899.1235;-640.55554;-2196.5632
1986-08-07;18.291147;2.2214458;0.009919484;751.32904;1.2293816;94.34656;0.0;-7.3453654e-25;99.99998;-7.345365e-21;0.2670037;-0.89047664;0.013664365;0.5913079;0.5776584;0.0;0.0;5786.0073;7016.0977;-2848.299;7252.945;-618.5856;-2023.7067
1986-08-08;18.622915;2.889557;0.010403951;753.0784;1.3514425;109.30778;0.0;-7.3453654e-25;99.99998;-7.345365e-21;0.00095963466;-0.9534154;4.4703484e-05;0.56771934;0.56767464;0.0;0.0;6005.3403;7280.3545;-3005.8972;7124.6313;-662.30664;-2097.6423
1986-08-09;19.077942;2.8371685;0.010073344;752.9243;1.3314849;96.16364;0.0;-7.3453654e-25;99.99998;-7.345365e-21;0.0017225739;-0.93109906;8.940697e-05;0.557974;0.5578771;0.0;0.0;6277.5474;7608.552;-3123.3555;7103.1377;-646.80334;-2171.2266
1986-08-10;19.099762;3.6276042;0.009749095;751.93085;1.2761174;88.72134;0.0;-7.3453654e-25;99.99998;-7.345365e-21;0.49869716;-0.90459085;0.025719404;0.57411194;0.54839253;0.0;0.0;5646.2485;6841.88;-2826.2905;7325.63;-628.39;-1900.169
1986-08-11;19.718851;1.6186422;0.009916942;752.087;1.4069148;99.33747;0.0;-7.3453654e-25;99.99998;-7.345365e-21;0.0008642673;-1.1079834;4.4703484e-05;0.5391836;0.5391389;0.0;0.0;6360.87;7706.1934;-3223.058;6996.432;-769.6789;-2113.0322
1986-08-12;19.464966;-0.36986288;0.009811401;752.3;1.3173558;109.32493;0.0;-7.3453654e-25;99.99998;-7.345365e-21;0.0;-0.9614807;0.0;0.5300343;0.53002685;0.0;0.0;6348.061;7688.9087;-3188.2683;7082.238;-667.9089;-2139.4866
1986-08-13;19.111328;0.34148154;0.010269165;752.02203;1.3310224;122.44218;0.0;-7.3453654e-25;99.99998;-7.345365e-21;0.0008593319;-0.812564;4.4703484e-05;0.5212277;0.52117556;0.0;0.0;5795.5366;7018.1226;-3009.1633;7142.05;-564.4611;-1997.7356
1986-08-14;17.843933;-4.3893533;0.00987498;750.14813;1.4452443;160.63377;0.0;-7.3453654e-25;99.99998;-7.345365e-21;0.00086682994;-0.8203238;5.9604645e-05;0.51262975;0.51258504;0.0;0.0;6554.009;7934.8315;-3526.0579;6453.9746;-569.85114;-2383.6145
1986-08-15;16.739523;-4.0988564;0.009830475;750.36176;1.2036084;146.45552;0.0;-7.3453654e-25;99.99998;-7.345365e-21;0.00043511385;-0.7906109;2.9802322e-05;0.5042255;0.5041808;0.0;0.0;6564.7153;7946.0757;-3530.693;6312.58;-549.2111;-2344.2612
1986-08-16;16.597595;-2.0449219;0.009902954;753.06256;1.2334225;123.48849;0.0;-7.3453654e-25;99.99998;-7.345365e-21;0.0;-0.7884754;0.0;0.49597025;0.4959628;0.0;0.0;6460.124;7818.5376;-3399.0935;6484.4717;-547.7278;-2308.9568
1986-08-17;17.464346;-2.4358723;0.009667714;754.0293;1.2079753;99.01832;0.0;-7.3453654e-25;99.99998;-7.345365e-21;0.0;-0.7991064;0.0;0.48793852;0.48793852;0.0;0.0;6378.435;7718.7646;-3356.839;6631.14;-555.11334;-2160.0222
1986-08-18;17.659119;-1.1202494;0.009754181;753.95386;1.2698916;108.76477;0.0;-7.3453654e-25;99.99998;-7.345365e-21;0.0030069905;-0.69959646;0.00014901161;0.48030913;0.48016012;0.0;0.0;5608.8276;6786.6167;-2949.0117;6958.334;-485.98666;-1995.2844
1986-08-19;17.668488;-1.9729208;0.009867351;754.20654;1.4966373;169.28288;0.0;-7.3453654e-25;99.99998;-7.345365e-21;0.02849102;-0.6976929;0.0014156103;0.47406554;0.47264993;0.0;0.0;5977.2334;7231.499;-3154.13;6706.412;-484.66446;-2264.02
1986-08-20;16.258383;-8.551544;0.009844462;753.50977;1.1682352;100.8615;0.0;-7.3453654e-25;99.99998;-7.345365e-21;0.0012874597;-0.7775193;5.9604645e-05;0.46530366;0.4652515;0.0;0.0;6491.303;7852.499;-3682.1006;6074.67;-540.11664;-2090.1367
1986-08-21;16.465841;-0.11242676;0.010046641;751.69;1.1429911;54.164577;0.0;-7.3453654e-25;99.99998;-7.345365e-21;0.18102527;-0.74452627;0.009030104;0.4670173;0.45799464;0.0;0.0;5863.5757;7092.2666;-2944.9373;6950.157;-517.19775;-2106.1768
1986-08-22;16.548248;-0.8810425;0.00999705;749.84674;1.2477208;93.11707;0.0;-7.3453654e-25;99.99998;-7.345365e-21;0.02684905;-0.72441715;0.0011622906;0.45216084;0.45099854;0.0;0.0;5364.444;6487.826;-2890.5725;6888.6074;-503.22888;-1839.7444
1986-08-23;16.429556;0.31316122;0.009880066;752.19415;1.2939047;99.70487;0.0;-7.3453654e-25;99.99998;-7.345365e-21;0.17729932;-0.73179233;0.0085532665;0.45275688;0.4441887;0.0;0.0;5528.739;6685.7544;-2875.7036;6944.665;-508.3511;-1985.9177
1986-08-24;15.8871765;2.5349934;0.010181427;754.6154;0.9356757;48.11949;0.0;-7.3453654e-25;99.99998;-7.345365e-21;0.115342766;-0.7689493;0.0045895576;0.44210255;0.4375279;0.0;0.0;5482.263;6628.755;-2850.6987;7000.528;-534.1633;-1877.5233
1986-08-25;16.964895;2.4210613;0.009806315;754.22485;1.1277976;54.343067;0.0;-7.3453654e-25;99.99998;-7.345365e-21;0.002193945;-0.77717006;9.685755e-05;0.4310459;0.43095648;0.0;0.0;5921.7534;7159.2646;-3040.408;6930.8535;-539.87445;-2070.3245
1986-08-26;16.525381;0.5858256;0.009885152;752.5132;1.0986017;91.77239;0.0;-7.3453654e-25;99.99998;-7.345365e-21;0.08176728;-0.70054644;0.0039339066;0.4284531;0.42451173;0.0;0.0;5543.0693;6700.6973;-2878.0793;7007.7676;-486.64667;-1972.4822
1986-08-27;15.197388;3.3261616;0.009970347;752.6845;1.26258;47.630314;0.0;-7.3453654e-25;99.99998;-7.345365e-21;0.39905414;-0.717802;0.018417835;0.43672323;0.41831285;0.0;0.0;5031.749;6081.8755;-2616.412;7127.621;-498.63333;-1884.9756
1986-08-28;15.850291;5.309153;0.009735107;753.4123;1.2096769;47.934834;0.0;-7.3453654e-25;99.99998;-7.345365e-21;0.13967156;-0.77950025;0.006824732;0.41911006;0.41229278;0.0;0.0;5480.492;6623.4106;-2771.9597;7009.1543;-541.49335;-1962.7556
1986-08-29;15.947215;4.155233;0.009585063;754.62164;1.1193714;75.025764;0.0;-7.3453654e-25;100.00259;-7.345365e-21;1.20309;-0.8806772;0.066533685;0.47287345;0.40636957;0.0;0.0;5091.6284;6152.8857;-2654.6355;7086.451;-611.7789;-1707.2458
1986-08-30;16.14273;2.2899578;0.009864807;754.97363;1.2905568;34.007397;0.0;-7.3453654e-25;100.00259;-7.345365e-21;0.04880445;-1.1604745;0.002399087;0.402987;0.40058792;0.0;0.0;5577.6396;6739.2056;-2829.7432;6885.4146;-806.1433;-1803.9845
1986-08-31;15.981018;2.634196;0.009873708;754.54034;0.99740857;66.021545;0.0;-7.3453654e-25;99.99998;-7.345365e-21;1.2477338;-0.98600334;0.072576106;0.46747923;0.39490312;0.0;0.0;5117.5615;6182.7134;-2699.0576;7000.5854;-684.94336;-1598.0011
1986-09-01;15.9731245;0.7556254;0.009782155;755.37305;1.1694578;46.976334;0.0;-7.3453654e-25;99.99998;-7.345365e-21;0.00048577783;-1.2180339;1.4901161e-05;0.38941205;0.3893897;0.0;0.0;5390.4473;6511.638;-2853.962;6780.081;-846.1278;-1610.7811
1986-09-02;16.22407;-1.9527283;0.009946187;755.897;1.187405;101.86785;0.0;-7.3453654e-25;99.99998;-7.345365e-21;0.001275539;-0.9661354;5.9604645e-05;0.38400292;0.38392842;0.0;0.0;5702.65;6887.8;-3086.137;6584.8057;-671.1422;-1783.1333
1986-09-03;16.18928;-2.5414836;0.009618123;755.5136;1.2129475;156.30219;0.0;-7.3453654e-25;99.99998;-7.345365e-21;0.001552701;-0.78159755;7.4505806e-05;0.3786534;0.37858635;0.0;0.0;5690.13;6871.82;-3107.8228;6574.6177;-542.9489;-1866.5834
1986-09-04;15.692454;-2.411214;0.009864807;754.45233;1.0768428;108.82965;0.0;-7.3453654e-25;99.99998;-7.345365e-21;0.0021765872;-0.645617;0.00010430813;0.3734827;0.3733784;0.0;0.0;5034.049;6078.749;-2892.2764;6738.8613;-448.4889;-1606.6189
1986-09-05;15.766896;-5.9451904;0.010011037;752.46246;1.2574583;115.135315;0.0;-7.3453654e-25;99.99998;-7.345365e-21;0.0004351138;-0.65916216;1.4901161e-05;0.3682971;0.3682822;0.0;0.0;5673.945;6850.64;-3276.3625;6332.301;-457.89667;-1800.3145
1986-09-06;14.914235;-2.5864766;0.009966533;753.0308;1.2088641;125.31811;0.0;-7.3453654e-25;99.99998;-7.345365e-21;0.02426207;-0.56874937;0.0011995435;0.3644973;0.3633052;0.0;0.0;5095.807;6151.916;-2818.3765;6701.436;-395.09222;-1786.2134
1986-09-07;15.414723;-0.54523724;0.009909312;756.264;1.1675626;88.599495;0.0;-7.3453654e-25;99.99998;-7.345365e-21;0.07236004;-0.6127972;0.0035464764;0.3620088;0.35845488;0.0;0.0;5084.6865;6137.7656;-2796.9456;6826.63;-425.6889;-1684.5333
1986-09-08;15.858154;1.3418783;0.009269714;756.6616;1.1922258;32.464596;0.0;-7.3453654e-25;99.99998;-7.345365e-21;0.09828772;-0.61259043;0.0047385693;0.35846233;0.35370886;0.0;0.0;4789.1343;5780.283;-2653.3342;7007.7007;-425.54666;-1536.6078
1986-09-09;16.177511;0.20097859;0.01031367;754.854;1.0097593;63.511105;0.0;-7.3453654e-25;99.99998;-7.345365e-21;0.039863586;-0.60436314;0.0019147992;0.35098195;0.34906715;0.0;0.0;4997.4634;6030.9873;-2777.327;6921.6045;-419.83112;-1617.9323
1986-09-10;15.951436;-2.7738037;0.009977977;754.5041;1.3432859;149.23616;0.0;-7.3453654e-25;99.99998;-7.345365e-21;0.0008583069;-0.6219559;4.4703484e-05;0.34451485;0.34447014;0.0;0.0;5427.5073;6549.104;-3104.196;6531.2456;-432.05222;-1810.0522
1986-09-11;15.379364;-4.0224;0.009824117;755.1162;1.3031696;102.57195;0.0;-7.3453654e-25;99.99998;-7.345365e-21;0.0008463859;-0.5891137;4.4703484e-05;0.3400147;0.33997;0.0;0.0;5453.338;6579.4873;-3142.728;6417.0977;-409.23666;-1786.9645
1986-09-12;15.587738;-2.5957031;0.010140737;756.4727;1.157316;77.00253;0.0;-7.3453654e-25;99.99998;-7.345365e-21;0.00044107434;-0.5824566;2.9802322e-05;0.33557415;0.33555925;0.0;0.0;5402.378;6517.2417;-3136.536;6470.4956;-404.61334;-1710.6823
1986-09-13;15.88028;-4.0536094;0.0100034075;755.8658;1.1038347;77.72745;0.0;-7.3453654e-25;99.99998;-7.345365e-21;0.0017256443;-0.57669544;8.195639e-05;0.33129752;0.331223;0.0;0.0;5403.699;6518.062;-3214.292;6384.669;-400.6111;-1636.27
1986-09-14;15.549092;-4.3793945;0.010163625;753.00995;1.2270967;143.41725;0.0;-7.3453654e-25;99.99998;-7.345365e-21;0.0;-0.5482659;0.0;0.32697618;0.32698363;0.0;0.0;5339.5186;6439.866;-3186.6748;6321.3047;-380.8611;-1733.41
1986-09-15;13.997365;-4.352661;0.0101916;752.5137;1.3923591;166.59227;0.0;-7.3453654e-25;99.99998;-7.345365e-21;0.0012904402;-0.48447308;5.9604645e-05;0.32292306;0.32286346;0.0;0.0;5154.501;6216.0195;-3005.1677;6272.247;-336.5472;-1840.6544
1986-09-16;12.5476885;-0.3205363;0.0102933245;754.77057;1.145718;111.98644;0.0;-7.3453654e-25;99.99998;-7.345365e-21;0.4569888;-0.47620386;0.02169609;0.34061074;0.31891465;0.0;0.0;4097.2896;4936.694;-2252.603;6929.8584;-330.80222;-1464.2655
1986-09-17;13.480662;0.9425354;0.009857178;756.4795;0.9288621;93.58606;0.0;-7.3453654e-25;99.99998;-7.345365e-21;0.0005990266;-0.66301876;1.4901161e-05;0.31505525;0.3150329;0.0;0.0;4940.999;5948.0884;-2760.2656;6610.2275;-460.57666;-1646.5566
1986-09-18;14.328694;0.14456177;0.009895325;756.3745;1.0485724;99.73611;0.0;-7.3453654e-25;99.99998;-7.345365e-21;0.00044107434;-0.5888035;1.4901161e-05;0.31116605;0.31115115;0.0;0.0;4968.825;5976.3936;-2819.9834;6621.162;-409.02222;-1594.52
1986-09-19;14.373424;-1.0050455;0.00993983;754.6912;1.1857239;183.81352;0.0;-7.3453654e-25;99.99998;-7.345365e-21;0.015851783;-0.5260203;0.0005662441;0.3079027;0.3073439;0.0;0.0;4949.386;5947.7915;-2847.2556;6517.851;-365.40887;-1691.8077
1986-09-20;13.727031;-3.94339;0.010012309;753.4926;1.3075815;153.51068;0.0;-7.3453654e-25;99.99998;-7.345365e-21;0.00086157554;-0.4810151;2.9802322e-05;0.30368567;0.30364096;0.0;0.0;5029.1733;6038.4346;-2931.3206;6265.851;-334.14444;-1774.7311
1986-09-21;13.802724;-3.437032;0.009918213;755.5593;1.2610627;183.90637;0.0;-7.3453654e-25;99.99998;-7.345365e-21;0.038671494;-0.44433588;0.0018328428;0.30186772;0.30003488;0.0;0.0;4784.7974;5740.1797;-2699.914;6449.009;-308.66556;-1761.9956
1986-09-22;15.151927;-5.9684143;0.009754181;757.05084;1.3397517;225.67247;0.0;-7.3453654e-25;99.99998;-7.345365e-21;0.0008723196;-0.4741149;2.9802322e-05;0.2965331;0.2964884;0.0;0.0;4892.138;5863.7285;-2775.6997;6459.4556;-329.35165;-1689.69
1986-09-23;13.948425;-1.9441324;0.009821574;757.7098;1.2407289;240.38576;0.0;-7.3453654e-25;99.99998;-7.345365e-21;0.25277087;-0.46470016;0.012174249;0.3052354;0.29304624;0.0;0.0;4467.9775;5350.7324;-2433.9458;6703.1387;-322.81223;-1706.7855
1986-09-24;13.474385;-2.345398;0.009975433;755.20605;1.3696332;250.69511;0.0;-7.3453654e-25;99.99998;-7.345365e-21;0.0025749204;-0.5005067;0.00011920929;0.28976798;0.28965622;0.0;0.0;4866.496;5822.8677;-2774.298;6308.418;-347.68445;-1787.3077
1986-09-25;12.319499;-2.5616963;0.00978597;753.8311;1.425363;267.73648;0.0;-7.3453654e-25;99.99998;-7.345365e-21;0.0012904402;-0.4495345;5.9604645e-05;0.28638542;0.28633326;0.0;0.0;4854.2334;5803.16;-2771.8281;6216.001;-312.27667;-1831.6934
1986-09-26;11.218689;0.16484578;0.00983429;754.27954;1.0777737;207.91838;0.0;-7.3453654e-25;99.99998;-7.345365e-21;0.225689;-0.3727358;0.010788441;0.2939105;0.2831295;0.0;0.0;3620.675;4324.721;-2238.79;6583.174;-258.92667;-1216.9456
1986-09-27;11.542552;1.727356;0.010245006;755.55817;1.2850429;132.65489;0.0;-7.3453654e-25;99.99998;-7.345365e-21;2.5087447;-0.6066579;0.14647841;0.42647123;0.28000027;0.0;0.0;4226.7686;5044.3545;-2299.7803;6624.024;-421.42444;-1501.5945
1986-09-28;11.503154;0.53189087;0.009873708;755.2378;1.202711;141.83417;0.0;-7.3453654e-25;99.99998;-7.345365e-21;0.0;-1.0464936;0.0;0.27689338;0.27690828;0.0;0.0;4773.9946;5692.428;-2595.0745;6270.7466;-726.96387;-1501.0211
1986-09-29;10.187592;0.095458984;0.009901683;753.29706;1.2743665;120.62888;0.0;-7.3453654e-25;99.99998;-7.345365e-21;0.09533167;-0.8194614;0.0041127205;0.27796626;0.273861;0.0;0.0;4417.1245;5262.229;-2403.0088;6383.149;-569.25336;-1514.9
1986-09-30;9.208577;0.040964764;0.010105133;750.285;1.3535775;153.00034;0.0;-7.3453654e-25;99.99998;-7.345365e-21;0.81147254;-0.722683;0.043720007;0.31463802;0.2709031;0.0;0.0;4072.1362;4846.6367;-2166.4634;6489.11;-502.02335;-1560.0533
1986-10-01;7.6418357;1.179779;0.009852092;746.5468;0.80062586;185.17079;0.0;-7.3453654e-25;99.99998;-7.345365e-21;3.716722;-0.7480774;0.20502508;0.47311187;0.2681017;0.0;0.0;3079.3794;3662.268;-1723.8177;6732.5557;-519.6655;-1021.7844
1986-10-02;7.024882;2.268158;0.01003011;749.99506;1.2265865;160.88466;0.0;-7.3453654e-25;99.99998;-7.345365e-21;6.1276135;-1.3001198;0.37693977;0.64229965;0.26537478;0.0;0.0;3998.4202;4751.29;-1859.2439;6591.6323;-903.15;-1432.5789
1986-10-03;6.1533813;2.4174397;0.009963989;752.2962;0.9974611;168.17961;0.0;-7.3453654e-25;99.99998;-7.345365e-21;10.206745;-1.3764017;0.6981939;0.9609461;0.26275218;0.0;0.0;3055.5327;3628.141;-1592.4589;6602.1;-956.1411;-847.6789
1986-10-04;4.7816772;2.0389404;0.009742737;751.7791;1.091587;237.6819;0.0;-7.3453654e-25;99.99998;-7.345365e-21;6.251836;-1.5655597;0.43673813;0.696972;0.26022643;0.0;0.0;3312.827;3929.9026;-1515.8234;6530.9946;-1087.5416;-1007.7778
1986-10-05;6.6536865;1.7111206;0.009847005;752.56964;0.9685433;241.27922;0.0;-7.3453654e-25;99.99998;-7.345365e-21;0.0012828978;-1.8212981;7.4505806e-05;0.2577603;0.25769323;0.0;0.0;3872.0352;4589.289;-1881.0947;6387.4487;-1265.195;-984.12
1986-10-06;6.503713;0.8203532;0.009724935;752.00946;1.313383;230.48424;0.0;-7.3453654e-25;99.99998;-7.345365e-21;0.038674474;-1.7353389;0.0022351742;0.25737286;0.25513023;0.0;0.0;4183.9004;4954.597;-2002.8903;6206.9424;-1205.4822;-1137.1978
1986-10-07;6.7451577;1.9801432;0.010041554;753.1728;0.8019364;196.8997;0.0;-7.3453654e-25;99.99998;-7.345365e-21;1.1149178;-1.5196111;0.062569976;0.31520426;0.2526194;0.0;0.0;3845.449;4549.824;-1897.065;6341.121;-1055.6244;-1002.5389
1986-10-08;6.697042;1.3884989;0.009928386;752.45856;1.134545;227.27214;0.0;-7.3453654e-25;99.99998;-7.345365e-21;0.718385;-1.5005562;0.040113926;0.29030442;0.2501905;0.0;0.0;3785.2266;4474.8257;-2024.9388;6093.7666;-1042.3867;-995.33887
1986-10-09;6.3850303;2.663025;0.010158539;752.2454;0.86771154;177.45769;0.0;-7.3453654e-25;99.99998;-7.345365e-21;3.3411174;-1.3022814;0.20904839;0.4568845;0.24783611;0.0;0.0;3157.4714;3729.6108;-1407.2311;6754.1655;-904.6511;-867.3567
1986-10-10;6.5885925;4.1240845;0.009862264;752.33136;0.85204965;164.84613;0.0;-7.3453654e-25;99.99998;-7.345365e-21;4.1058807;-1.457788;0.31012297;0.5556643;0.24555624;0.0;0.0;3007.129;3549.0432;-1443.5511;6778.372;-1012.6778;-792.35223
1986-10-11;6.0649514;0.36280313;0.010084788;751.6962;1.2131846;218.66948;0.0;-7.3453654e-25;99.99998;-7.345365e-21;0.30459166;-1.539072;0.017523766;0.26078522;0.2432689;0.0;0.0;3619.6567;4267.977;-1885.6764;6250.82;-1069.1422;-872.4889
1986-10-12;5.6116843;0.21614583;0.010063171;753.1123;0.96790075;178.23358;0.0;-7.3453654e-25;99.99998;-7.345365e-21;1.0965168;-1.5263008;0.06479025;0.30580163;0.24098903;0.0;0.0;3746.6567;4413.8477;-1929.4264;6145.54;-1060.2711;-949.42444
1986-10-13;5.8546753;-0.9724121;0.010190328;753.8747;0.9499476;252.64154;0.0;-7.3453654e-25;99.99998;-7.345365e-21;0.3049463;-1.537757;0.018179417;0.25691092;0.2387315;0.0;0.0;4149.5127;4884.539;-2149.9443;5916.749;-1068.2289;-988.6411
1986-10-14;6.3546042;1.5020752;0.01000468;755.91705;1.13429;59.591614;0.0;-7.3453654e-25;99.99998;-7.345365e-21;4.5038366;-1.4926605;0.3374666;0.57400763;0.23654103;0.0;0.0;3094.7727;3639.5906;-1636.4545;6445.4106;-1036.9011;-619.86224
1986-10-15;6.6545615;-0.49526978;0.0100695295;757.6259;1.0785328;75.14115;0.0;-7.3453654e-25;99.99998;-7.345365e-21;0.001731264;-1.7154887;0.00010430813;0.23446977;0.23435801;0.0;0.0;3997.6177;4697.2188;-1996.7583;6192.1743;-1191.6923;-908.9489
1986-10-16;7.5060325;-1.4379578;0.010097504;757.15186;1.0730186;86.299934;0.0;-7.3453654e-25;99.99998;-7.345365e-21;0.00043511385;-1.6206931;2.9802322e-05;0.2322048;0.23216754;0.0;0.0;4179.388;4909.743;-2466.3816;5670.048;-1125.8422;-677.0267
1986-10-17;7.5782876;-2.4136963;0.009975433;754.61554;0.9670932;79.13018;0.0;-7.3453654e-25;99.99998;-7.345365e-21;0.0012934206;-1.5259031;7.4505806e-05;0.23007393;0.23001432;0.0;0.0;4081.8;4793.606;-2216.7668;5962.1685;-1059.9944;-747.1089
1986-10-18;8.135498;-0.8388774;0.009963989;752.5184;0.89680696;157.92232;0.0;-7.3453654e-25;99.99998;-7.345365e-21;0.71311617;-1.362659;0.040888786;0.26878715;0.22789836;0.0;0.0;3616.3816;4245.7637;-1885.9875;6386.833;-946.595;-743.9644
1986-10-19;7.2837014;-0.29971313;0.01007843;753.8525;1.1293207;246.33556;0.0;-7.3453654e-25;99.99998;-7.345365e-21;0.83735883;-1.3927612;0.04836917;0.27424097;0.22586435;0.0;0.0;3536.2217;4150.259;-1892.7766;6265.9365;-967.50446;-886.9067
1986-10-20;6.422506;1.5061239;0.009947459;755.28217;0.9113907;228.34949;0.0;-7.3453654e-25;99.99998;-7.345365e-21;0.5059123;-1.1282647;0.027701259;0.2515614;0.22386014;0.0;0.0;3452.3345;4050.4944;-1784.2045;6369.8135;-783.76776;-943.9656
1986-10-21;6.000509;2.3933918;0.010063171;755.14825;0.92889017;215.32735;0.0;-7.3453654e-25;99.99998;-7.345365e-21;4.8570633;-1.1523161;0.34062564;0.56253374;0.22191554;0.0;0.0;3123.4478;3663.6956;-1569.4656;6526.03;-800.4756;-811.67
1986-10-22;4.9889526;3.9142964;0.010083516;752.05023;0.8832789;170.17265;0.0;-7.3453654e-25;99.99998;-7.345365e-21;32.64271;-0.812686;3.1954198;3.4154952;0.22009015;0.0;0.0;811.7622;951.9733;-242.11;7666.5435;-564.5467;-223.86667
1986-10-23;2.8025105;2.326762;0.010005951;749.5076;0.82468146;202.02348;0.0;-7.3453654e-25;99.99998;-7.345365e-21;17.365152;-0.88789964;2.1724105;2.390757;0.21835417;0.0;0.0;1029.4355;1207.0778;-463.55222;7301.48;-616.79443;-416.75888
1986-10-24;3.277832;-0.9060872;-4.5017967;752.0652;0.9362537;83.91247;0.0053710938;8.34465e-07;130.1419;-7.345365e-21;0.0018179417;-1.637484;0.00013411045;0.21672249;0.21658838;0.00027567148;0.00083073974;3537.8018;4145.8433;-1890.3661;5943.13;-1137.5067;-819.0711
1986-10-25;4.7799783;0.019144693;-5.901942;753.9275;1.0039665;81.68225;0.0041503906;9.536743e-07;149.5934;-7.345365e-21;0.0;-1.5201541;2.9802322e-05;0.21487474;0.21483004;0.00021606684;0.0;3804.7961;4457.261;-2245.5383;5606.3154;-1056.0;-580.8122
1986-10-26;5.250824;0.5312703;-5.0878243;755.39746;1.0686378;82.427284;0.0026041667;2.3841858e-07;151.15623;-7.345365e-21;0.0004231929;-1.5680035;5.9604645e-05;0.21320581;0.21314621;0.00017881393;0.0;3747.419;4388.6235;-2163.4683;5758.1235;-1089.2395;-561.4278
1986-10-27;5.6345215;-0.309906;-4.898997;755.915;1.0257372;64.59699;0.001953125;-7.3453654e-25;151.15623;-7.345365e-21;0.0008571602;-1.5883185;0.00010430813;0.21158159;0.21149218;0.000121071935;0.0;3681.8606;4310.487;-2152.1516;5800.0605;-1103.3517;-520.49554
1986-10-28;5.5861306;-1.1593832;-5.371241;755.2463;1.0257992;57.339096;0.0007324219;-7.3453654e-25;151.15623;-7.345365e-21;0.0;-1.5785564;1.4901161e-05;0.20988286;0.20986795;7.0780516e-05;0.0;3676.7266;4303.15;-2220.7256;5679.8433;-1096.57;-497.67334
1986-10-29;4.8839517;-1.1991984;-5.378998;754.0916;0.9946833;83.13512;0.0;-7.3453654e-25;151.15623;-7.345365e-21;0.0008583069;-1.5136627;8.940697e-05;0.20837784;0.20828843;3.9115548e-05;0.0;3643.7905;4263.1587;-2148.5261;5697.5234;-1051.49;-589.51556
1986-10-30;4.6054177;-0.6244914;-4.978522;754.0146;0.92132133;195.69464;0.0;-7.3453654e-25;149.53416;-7.345365e-21;0.25437772;-1.2467355;0.02129376;0.22804737;0.20676106;2.2351742e-05;0.0;3087.9329;3611.8523;-1847.595;5959.731;-866.06555;-541.9011
1986-10-31;4.0989175;1.2863668;-3.629364;753.5898;0.8267336;177.58238;0.0;-7.3453654e-25;144.56573;-7.345365e-21;2.0231395;-0.9800401;0.2052784;0.4105717;0.20528585;1.1175871e-05;0.0;2584.6306;3022.2334;-1488.5056;6288.5312;-680.8011;-499.90778
1986-11-01;3.9753215;1.7969055;-3.5630646;751.95264;0.6854093;196.5045;0.0;-7.3453654e-25;117.892555;-7.345365e-21;4.91181;-1.1237981;0.5016178;0.7055104;0.20387769;3.7252903e-06;0.0;2503.7222;2926.6646;-1372.4534;6372.3813;-780.665;-498.80554
1986-11-02;2.0117595;1.2198282;-1.0126547;748.9782;0.6297069;171.93904;3.5166829;0.0005598863;130.56737;3.8655598;20.124271;-0.59945977;2.4466515;2.649188;0.20252913;0.10151975;1.291927;728.2822;852.64886;-328.95557;7215.477;-416.39334;-257.4989
1986-11-03;2.361735;0.80737305;-0.79390335;748.024;0.673825;140.3909;7.140381;0.0010658106;150.51268;7.5683594;6.776909;-0.9827111;0.9584874;1.1597127;0.20122528;0.35477057;0.02444908;1950.5723;2392.4866;-886.91614;6804.646;-682.54553;-496.23557
1986-11-04;1.3529663;-0.19021606;-2.5615208;748.5849;0.86834437;103.7824;5.155436;0.0007624626;150.73436;5.6152344;2.7736173;-1.1076713;0.4042536;0.6041974;0.19994378;0.3519617;0.00082701445;2393.1917;2887.4023;-1189.7805;6451.775;-769.385;-661.7989
1986-11-05;0.92215985;-1.6924337;-2.9474068;751.2708;0.928211;154.44472;3.3279622;0.00049165887;150.65265;3.6214192;0.2982303;-1.150377;0.0667423;0.2654642;0.19872189;0.23107603;0.0012256205;2608.31;3108.0288;-1193.3073;6418.1113;-799.20447;-725.11444
1986-11-06;0.6460673;-0.75928754;-0.77869797;748.1232;1.1227814;245.04924;2.7308757;0.00044353804;148.92284;2.9703777;3.685509;-0.8572098;0.33003092;0.5275905;0.1975596;0.1262743;1.0600388;1728.2966;2042.6844;-689.7839;6918.0835;-595.69055;-646.5911
1986-11-07;-1.6736857;-1.9714966;-0.36208853;742.1624;0.9113205;199.16406;70.8798;0.018004498;138.98143;125.48828;36.863678;-0.30426773;0.6532073;0.8496791;0.19647926;0.9589363;32.67153;415.69888;933.3433;-179.59445;7035.1787;-220.16667;-232.45
1986-11-08;-1.6423746;-2.6465454;-0.5491765;741.1784;0.98251396;180.27696;100.0;0.03968628;150.43456;261.84082;19.616116;-0.24587941;0.17979741;0.37524104;0.19542873;0.25260264;17.842249;699.9744;2578.3157;-361.1514;6814.291;-187.53667;-187.03
1986-11-09;-3.8201904;-4.836151;-0.7049573;741.5271;0.9991358;154.50484;100.0;0.078160085;149.00487;518.71747;38.815693;-0.23579317;0.055789948;0.2502203;0.1944527;0.023968518;36.76764;291.5778;1214.3445;-397.79443;6567.011;-183.48222;-177.1
1986-11-10;-5.3803506;-6.4405427;-3.123347;742.50433;0.74991816;159.58205;100.0;0.103444256;151.02113;682.5358;17.350023;-0.17398596;0.0;0.19349158;0.19350648;0.0;17.332132;382.6678;1594.7478;-352.8889;6460.2383;-134.37277;-174.96333
1986-11-11;-6.9677253;-8.699524;-6.7055373;748.9589;0.83967376;89.46842;100.0;0.10996386;155.95995;705.6071;0.38651526;-0.105340034;0.0;0.19259751;0.19259006;0.0;0.3780946;704.7989;2947.5044;-1020.1117;5371.1143;-77.89445;-102.78889
1986-11-12;-9.031966;-12.534812;-11.235564;750.6956;1.5832119;22.157303;100.0;0.1100775;161.32582;682.8206;0.029820204;-0.05520694;0.0;0.19170344;0.19169599;0.0;0.027190894;870.025;3541.4756;-1037.03;4973.656;-37.795555;-52.443333
1986-11-13;-8.813232;-14.488027;-13.72892;750.7425;1.5485888;11.453544;100.0;0.11010631;165.2757;666.1784;0.004017353;-0.04187599;0.0;0.19085407;0.19082427;0.0;0.0035837293;966.87335;3827.8945;-1166.1511;4627.9277;-27.323334;-0.28111112
1986-11-14;-6.0998764;-13.5366335;-15.099246;751.882;1.2288897;85.79926;100.0;0.11013186;168.52179;653.4831;0.0004351138;-0.029493123;0.0;0.1899898;0.1899898;0.0;0.0;1022.3111;3945.449;-1249.836;4437.426;-17.71889;71.52
1986-11-15;-5.9799943;-14.327172;-15.474341;753.8921;1.3311783;25.673248;100.0;0.11016095;171.4544;642.49677;0.0;-0.035339966;0.0;0.18915534;0.18916279;0.0;0.0;1036.5806;3902.4456;-1177.1742;4509.024;-22.28;88.57333
1986-11-16;-6.0075555;-13.070114;-15.0659685;751.9327;1.3078004;26.94342;100.0;0.110189795;174.3395;632.16144;1.4901161e-05;-0.022486784;0.0;0.18836558;0.18836558;0.0;1.4901161e-05;1035.1995;3804.4233;-1221.2894;4486.6626;-12.666667;86.505554
1986-11-17;-7.805977;-10.515115;-12.34835;747.9029;1.1970156;15.752912;100.0;0.11082864;176.72394;627.0345;1.3546348;0.0065518543;0.0;0.18759072;0.18759072;0.0;1.3411529;499.31168;1801.7256;-283.28723;5831.7466;6.7855554;14.282222
1986-11-18;-6.717459;-9.595703;-10.457366;748.0577;1.3136227;27.727758;100.0;0.1116339;179.72719;621.09375;0.12098849;-0.03939122;0.0;0.18683076;0.18683076;0.0;0.11959672;894.14886;3219.3577;-937.0339;5200.2744;-26.214445;-26.407778
1986-11-19;-6.5358634;-9.283269;-9.849846;749.46356;0.9579196;56.090958;100.0;0.11180393;183.4199;610.1074;0.19004941;-0.03441237;0.0;0.1860857;0.18607825;0.0;0.14822558;915.61334;3226.6746;-858.2239;5371.7275;-22.651112;-49.65111
1986-11-20;-7.188215;-9.46037;-9.768731;751.25055;1.0308954;58.251038;100.0;0.11195036;187.24835;598.14453;0.003568638;-0.037360936;0.0;0.18534064;0.18534064;0.0;0.0022873282;965.26166;3330.1868;-1217.4595;4924.3115;-24.687778;-61.315556
1986-11-21;-9.011116;-13.317506;-13.46235;750.3533;1.3279072;25.511988;100.0;0.111976705;190.4033;588.2161;0.0045180316;-0.022162683;0.0;0.18461049;0.18461049;0.0;0.003233552;1021.3444;3444.4377;-1215.0956;4573.76;-13.087778;8.11
1986-11-22;-8.992141;-13.216164;-12.868626;748.878;1.370154;23.696693;100.0;0.11200929;193.10512;580.6071;0.01180172;-0.03964547;0.0;0.18388033;0.18389523;0.0;0.010944903;1024.3273;3386.04;-1247.8;4641.015;-26.443333;-13.515555
1986-11-23;-9.941058;-16.514708;-15.342755;747.4419;1.2009623;37.71403;100.0;0.11202836;195.51495;573.4863;0.003749432;-0.037823804;0.0;0.18319488;0.18319488;0.0;0.00075250864;1090.3445;3525.3145;-1343.8839;4284.3364;-25.292223;19.0
1986-11-24;-8.649035;-16.712467;-16.144651;748.0621;1.1563486;44.32446;100.0;0.11204159;197.57909;567.4642;0.0008583069;-0.03544707;0.0;0.18250942;0.18250942;0.0;0.0;1121.3439;3547.8655;-1337.0278;4247.299;-23.590555;55.766666
1986-11-25;-8.409549;-15.08686;-15.721602;748.5178;1.1063639;57.43474;100.0;0.11205459;199.56834;561.84894;0.0;-0.029947609;0.0;0.18182397;0.18183142;0.0;0.0;1115.4734;3456.53;-1241.3389;4411.448;-19.545;40.794445
1986-11-26;-8.342069;-12.463771;-14.724167;747.3032;0.8842971;123.006714;100.0;0.1120764;201.62074;556.19305;0.025840102;-0.019317493;0.0;0.18116087;0.18116087;0.0;0.023290515;1090.5455;3315.0;-1111.6267;4643.9717;-11.665556;6.4066668
1986-11-27;-6.8976912;-8.753311;-10.487536;748.25934;0.73797137;201.56738;100.0;0.112776674;202.60023;556.51855;1.9882079;-0.044818036;0.0;0.18049777;0.18050522;0.0;1.9722432;864.4728;2595.1;-553.07;5724.878;-32.15889;-41.963333
1986-11-28;-5.4831214;-6.7365212;-6.6516457;748.0108;0.76644677;185.75792;100.0;0.11669544;198.08168;588.7451;5.206999;-0.07188227;0.0;0.17987192;0.17986447;0.0;5.177293;551.4144;1777.14;-275.60278;6340.217;-54.29778;-62.814445
1986-11-29;-3.1316402;-4.4180603;-3.4940262;742.54565;0.8922794;44.69981;100.0;0.12437896;193.50975;641.5202;12.134528;-0.08023437;0.0;0.17923117;0.17923117;0.0;11.753432;360.42;1331.6923;-168.6311;6751.4546;-61.103333;-47.34667
1986-11-30;-5.010681;-6.0114646;-3.3861096;740.5612;0.8601875;142.15163;100.0;0.13921373;185.60838;748.6165;13.22031;-0.13194047;0.0;0.17862022;0.17860532;0.0;13.198569;258.29834;1062.0144;-264.81332;6574.7456;-102.28445;-127.64111
1986-12-01;-8.926984;-11.602862;-7.1374145;740.27563;0.6733019;119.16388;100.0;0.14610441;185.1598;789.0218;3.018546;-0.10066107;0.0;0.17797947;0.17798692;0.0;3.0126312;689.55945;2878.321;-881.05334;5442.3257;-75.02167;-135.74889
1986-12-02;-10.431255;-13.000256;-9.783563;742.0242;0.665684;56.93942;100.0;0.15181975;178.54945;849.1211;5.0758214;-0.051370822;0.0;0.17736852;0.17736852;0.0;5.049754;676.5311;2837.0266;-865.4622;5252.1055;-37.16;-113.316666
1986-12-03;-12.443446;-14.658081;-13.35772;746.2796;0.8692422;235.06488;100.0;0.1539594;179.3203;859.0495;0.26401877;-0.01946278;0.0;0.17675757;0.17676502;0.0;0.26185066;753.04114;3111.909;-1023.44946;4719.6055;-12.513333;-78.65889
1986-12-04;-14.000098;-20.235147;-16.035149;747.6668;1.2408639;50.35057;100.0;0.15419511;182.44366;845.62177;0.050383806;-0.052042305;0.0;0.17617643;0.17616898;0.0;0.049956143;795.64777;3206.169;-1260.6578;4214.916;-37.61222;-42.646667
1986-12-05;-9.530796;-15.941325;-18.233698;748.7159;1.6119591;5.067079;100.0;0.15421636;185.27081;832.88574;0.0008583069;0.006666407;0.0;0.17558038;0.17557293;0.0;0.0;823.1633;3230.7778;-960.4539;4485.7383;8.043889;109.342224
1986-12-06;-5.3555527;-11.721176;-16.473967;752.74414;1.741715;14.399308;100.0;0.15426822;188.0996;820.8008;0.0012719211;0.031901523;0.0;0.17498434;0.17498434;0.0;0.0;844.49;3231.361;-1003.9664;4635.5166;27.802221;164.72667
1986-12-07;-5.4343314;-12.15535;-15.580836;753.8741;1.511962;7.844522;100.0;0.15432775;191.16078;808.10547;0.0008583069;0.012593344;0.0;0.17440319;0.17441064;0.0;0.0;869.755;3246.629;-1085.4066;4591.902;12.981112;130.37445
1986-12-08;-4.8510017;-13.260536;-15.531525;750.55096;1.0220156;143.73082;100.0;0.15436764;194.20538;795.6136;0.0012911232;-0.004859641;0.0;0.17383695;0.17383695;0.0;0.0;892.66724;3252.4966;-1060.8811;4599.386;-0.69666666;94.57889
1986-12-09;-7.285187;-12.304606;-14.6968355;749.18146;1.4522847;25.630121;100.0;0.1544013;197.22948;783.61005;0.0064803655;0.009891577;0.0;0.1732707;0.17326325;0.0;0.0023245811;854.24335;3041.3167;-1019.5883;4740.8545;10.510555;73.35445
1986-12-10;-11.654534;-15.479729;-15.477338;750.3398;1.9714932;23.053963;100.0;0.15445817;200.17023;772.4202;0.019872189;-0.0030770898;0.0;0.17270446;0.17269701;0.0;0.01642853;878.49225;3058.2788;-1345.7361;4227.1924;0.33666667;70.92555
1986-12-11;-13.52041;-19.713257;-18.510832;749.05804;1.8579928;17.139553;100.0;0.15448987;202.55109;763.3464;0.004518032;-0.013483688;0.0;0.17213821;0.17214566;0.0;0.0036507845;925.31055;3148.959;-1352.795;3955.4983;-7.942222;64.242226
1986-12-12;-11.647807;-21.994614;-20.690039;747.41425;1.2250072;108.42184;100.0;0.15450637;204.43195;756.30695;0.0;-0.015810132;0.0;0.17160177;0.17159432;0.0;0.0;983.14667;3272.321;-1390.6783;3751.4692;-9.835556;103.30556
1986-12-13;-12.22057;-23.000626;-22.105639;744.7083;0.9920569;180.51245;100.0;0.15451808;206.02992;750.4476;0.0008523463;-0.0140359625;0.0;0.17103553;0.17105043;0.0;0.0;963.08777;3137.851;-1295.1206;3749.4985;-8.868889;86.41556
1986-12-14;-12.899635;-22.095896;-22.406076;747.35693;0.98987526;193.42235;100.0;0.15453167;207.49217;745.0358;0.0017046927;-0.011688098;0.0;0.17052889;0.17051399;0.0;0.0;1008.8422;3216.8167;-1249.6372;3802.8777;-6.998889;76.083336
1986-12-15;-12.05997;-19.301565;-21.6145;747.1695;0.9520955;200.18054;100.0;0.15454693;208.95311;739.9089;5.9604645e-05;-0.0039450824;0.0;0.16999245;0.16997755;0.0;5.2154064e-05;1002.8489;3131.8232;-1124.3127;4039.8755;-1.0566666;63.827778
1986-12-16;-13.471378;-18.953272;-20.352392;747.9328;1.1613007;93.190636;100.0;0.15457375;210.51593;734.5784;0.008449595;-0.003028661;0.0;0.169456;0.169456;0.0;0.0068098307;998.7528;3056.9067;-1151.2655;4101.9644;-0.36888888;26.094444
1986-12-17;-10.189904;-19.66861;-19.8861;748.2723;1.073828;68.09438;100.0;0.15459256;212.1253;729.0446;0.0012874597;-0.016474165;0.0;0.16893446;0.16893446;0.0;0.0;1056.8228;3171.7156;-1027.1086;4323.1133;-10.434444;76.68222
1986-12-18;-7.6578064;-14.231698;-15.161964;746.3626;0.5856332;191.36273;100.0;0.15525837;212.89711;729.20734;1.6126364;-0.0195764;0.0;0.16841292;0.16841292;0.0;1.6084462;816.95166;2408.3667;-442.0111;5467.992;-13.294444;11.993333
1986-12-19;-8.606465;-10.126163;-11.222365;743.91284;0.63497126;162.85136;100.0;0.15662448;212.89842;736.0433;1.0586537;-0.018741935;0.0;0.16789138;0.16790628;0.0;1.0551586;684.77277;2093.3354;-441.94943;5756.5054;-12.953333;-51.784443
1986-12-20;-7.6217704;-9.010726;-8.517532;741.5816;1.1014606;157.11586;100.0;0.15793653;213.97101;738.0778;2.6081533;-0.038034283;0.0;0.16739964;0.1673922;0.0;2.5972054;832.61444;2570.32;-506.905;5941.4473;-27.309444;-81.251114
1986-12-21;-6.5144906;-7.124533;-6.206997;744.06104;1.6626905;198.59889;100.0;0.18398698;192.61293;956.4616;52.633633;-0.03775023;0.0;0.166893;0.16688555;0.0;52.625015;112.35667;444.02222;44.893612;6687.391;-29.467777;-96.494446
1986-12-22;-6.9733977;-7.7864075;-5.9646087;748.45557;1.0415695;211.4535;100.0;0.22054084;175.1494;1258.9926;9.757628;-0.06943382;0.0;0.16638637;0.16639382;0.0;9.752482;349.8761;1521.5133;-240.49445;6375.838;-52.988888;-141.78778
1986-12-23;-6.244671;-7.3916802;-6.881855;751.62427;0.5935132;265.07175;100.0;0.22384429;183.88377;1219.2383;0.39780933;-0.02504047;0.0;0.16589463;0.16589463;0.0;0.3946945;492.9639;2093.2334;-519.7586;5952.221;-17.292223;-67.48444
1986-12-24;-5.0795083;-6.731364;-7.4454093;751.3249;0.7535357;172.0733;100.0;0.22412376;192.89354;1163.5336;0.023800135;-0.0077914447;0.0;0.16540289;0.16540289;0.0;0.022094697;621.3822;2578.05;-879.7661;5472.4556;-3.0833333;-33.412224
1986-12-25;-5.539907;-8.902725;-8.920383;750.3212;0.8160937;176.03697;100.0;0.22580712;198.98827;1134.0739;9.525361;-0.031657517;0.0;0.16489625;0.1649037;0.0;8.9413595;738.5133;2983.3867;-572.80225;5764.8364;-21.09111;-24.69
1986-12-26;-4.734815;-5.4351325;-5.3634934;743.40546;0.95514256;203.24988;100.0;0.24776797;193.26463;1279.2562;23.208817;-0.019785017;0.0;0.16441941;0.16441941;0.0;22.538603;312.99777;1342.1777;-130.21945;6645.07;-14.102222;-63.668888
1986-12-27;-7.1840873;-8.222684;-5.6263404;738.0677;1.1519798;203.37578;100.0;0.273041;186.59862;1461.1002;19.883753;-0.091349706;0.0;0.16394258;0.16392767;0.0;19.869287;446.8928;1952.4722;-428.8589;6168.59;-69.55;-157.41112
1986-12-28;-7.7182198;-8.913491;-6.8641305;745.83325;1.2723757;207.17513;100.0;0.2828442;191.38898;1479.7363;3.7166476;-0.071018934;0.0;0.16346574;0.16345084;0.0;3.6659017;518.3322;2226.7412;-447.3289;6033.754;-53.44889;-122.37111
1986-12-29;-7.51872;-9.028861;-7.198755;744.7295;1.2987424;196.76411;100.0;0.28587985;199.73534;1432.4951;3.8858392;-0.04162267;0.0;0.162974;0.162974;0.0;3.8785563;672.07947;2834.5955;-671.2464;5774.039;-29.417778;-81.40889
1986-12-30;-9.033597;-10.298053;-7.7134194;739.58887;0.8575575;204.89052;100.0;0.30308437;195.0882;1552.1647;18.66632;-0.061913393;0.0;0.16249716;0.16250461;0.0;18.649738;299.1189;1300.8556;-452.0814;5908.719;-47.41611;-88.931114
1986-12-31;-9.2923;-10.74041;-9.569978;746.303;0.7886042;253.89009;100.0;0.308504;200.4632;1541.0563;0.6643176;-0.02941396;0.0;0.16203523;0.16203523;0.0;0.66012144;578.31;2460.7366;-723.60834;5445.763;-20.587778;-76.297775
1987-01-01;-8.511519;-10.761807;-11.321892;746.4597;0.6619355;245.71437;100.0;0.30901134;207.69203;1489.0137;1.7358661;-0.012227334;0.0;0.16157329;0.16157329;0.0;1.7324276;673.3983;2791.1445;-763.73224;5229.6504;-7.001111;-43.392223
1987-01-02;-7.7892456;-8.718108;-9.382646;741.56665;0.9668484;209.29486;100.0;0.31838417;206.4007;1541.3412;14.269514;0.0019427389;0.0;0.16111135;0.1611039;0.0;14.263593;302.57224;1262.0645;9.897778;6442.6963;2.3477778;-53.616665
1987-01-03;-6.409546;-7.554344;-7.983744;744.6143;0.776275;230.26152;100.0;0.32591942;209.77928;1555.6234;0.92051923;-0.020445324;0.0;0.16064942;0.16064942;0.0;0.9155497;568.4217;2410.0623;-556.97723;5847.4287;-13.364445;-56.88889
1987-01-04;-6.4667573;-8.106757;-8.70908;746.3379;0.5985893;278.95126;100.0;0.32628453;218.2119;1497.1517;0.17446578;-0.014995225;0.0;0.16018748;0.16019493;0.0;0.17003343;656.02277;2708.0112;-871.2169;5348.0444;-8.965555;-50.398888
1987-01-05;-7.1040573;-8.058642;-8.383367;744.3698;0.80478853;235.72162;100.0;0.33030835;221.81183;1488.973;8.924383;0.0053336844;0.0;0.15974045;0.15974045;0.0;8.919127;254.80278;1033.9822;27.435;6528.8794;4.7811112;-34.69
1987-01-06;-6.9940696;-8.175818;-6.7477546;739.33307;0.60968226;200.44165;100.0;0.34521434;217.3369;1586.8326;15.34766;-0.055724755;0.0;0.15929341;0.15930086;0.0;15.342939;353.75388;1511.6311;-247.58528;6311.033;-42.06778;-82.78889
1987-01-07;-7.6766243;-8.580279;-6.6155944;744.91797;1.4785684;210.14537;100.0;0.3545595;218.94562;1620.0765;5.8594947;-0.07746462;0.0;0.15884638;0.15885383;0.0;5.848892;504.92722;2157.18;-331.10278;6210.2744;-58.732224;-176.8811
1987-01-08;-6.347361;-7.300883;-5.952845;748.48584;1.4251466;204.5401;100.0;0.36076763;224.0182;1611.4908;5.2642126;-0.11185929;0.0;0.15839934;0.1584068;0.0;5.260751;385.12723;1625.6233;-54.9;6623.189;-85.83444;-165.03
1987-01-09;-6.0197372;-7.1739426;-5.39607;745.9526;1.4708484;205.70808;100.0;0.3646095;231.13995;1578.776;2.7727067;-0.0891909;0.0;0.15795231;0.15795976;0.0;2.7617364;538.5845;2259.6746;-460.45667;6185.384;-67.094444;-107.59556
1987-01-10;-7.514006;-8.556488;-5.953585;742.4062;1.1589762;193.50987;100.0;0.37514332;231.56215;1619.1406;13.547605;-0.112487;0.0;0.15752017;0.15752763;0.0;13.528615;230.55112;973.3289;-274.6961;6284.431;-87.46445;-147.24
1987-01-11;-8.247925;-14.320705;-8.81255;750.7009;0.9337127;42.887554;100.0;0.37995708;235.9619;1611.7758;0.019863248;-0.11277199;0.0;0.15708804;0.15709549;0.0;0.016443431;764.37665;3225.0688;-1313.1572;4710.6978;-83.87334;-105.25
1987-01-12;-5.4908524;-16.611801;-12.733033;753.37994;0.8482594;268.5739;100.0;0.37994254;241.79002;1572.1436;0.0012928051;-0.049106777;0.0;0.156641;0.15664846;0.0;0.0;840.42834;3450.9656;-1409.9294;4312.3896;-34.166668;58.265556
1987-01-13;-6.6644692;-19.422117;-14.613037;751.471;0.95245546;171.91954;100.0;0.37993848;246.0921;1544.5963;0.0012907153;-0.05704537;0.0;0.15620887;0.15620887;0.0;0.0;827.4644;3312.1768;-1126.0033;4537.83;-40.54889;62.194443
1987-01-14;-7.020823;-15.112793;-15.298625;752.65186;1.2132847;45.667904;100.0;0.37994766;249.76593;1521.8506;0.0008523463;-0.013171695;0.0;0.15577674;0.15577674;0.0;0.0;847.3444;3301.8477;-1021.385;4652.2285;-6.9544444;76.97444
1987-01-15;-4.8622947;-12.20614;-14.77901;753.45044;1.2550782;54.76895;100.0;0.37998056;253.27667;1500.8545;0.0017106531;0.005228445;0.0;0.1553446;0.1553446;0.0;0.0;909.0417;3454.2021;-1103.8889;4639.2686;7.3344445;102.73111
1987-01-16;-3.425354;-13.340434;-14.805225;755.0037;1.2433763;58.405685;100.0;0.38002193;256.70117;1480.9164;0.0004351138;-0.0058021396;0.0;0.15492737;0.15491992;0.0;0.0;974.6639;3613.422;-1252.8417;4448.9634;-1.0338889;128.05556
1987-01-17;-3.1523132;-14.782712;-14.795005;756.14844;1.256906;47.435993;100.0;0.38005087;259.9453;1462.6465;0.0017200228;-0.017461367;0.0;0.15449524;0.15449524;0.0;0.0;1001.4189;3624.5732;-1199.8356;4532.747;-9.995;127.69889
1987-01-18;-2.8166301;-14.447026;-14.478396;755.1155;1.2166001;46.13733;100.0;0.38007545;263.1058;1445.3939;0.0;-0.015713274;0.0;0.154078;0.15407056;0.0;0.0;1004.00446;3549.9368;-1248.8737;4503.1807;-8.747778;131.32333
1987-01-19;-2.572221;-16.164787;-14.574059;754.63336;0.93307215;319.4568;100.0;0.38009182;266.1517;1428.8737;0.00085646287;-0.036240555;0.0;0.15366077;0.15364587;0.0;0.0;1064.52;3678.8254;-1276.77;4456.1846;-24.52;114.687775
1987-01-20;-3.187968;-14.773987;-13.770184;754.8743;1.060258;70.64223;100.0;0.38009918;269.13022;1413.1674;0.0008680237;-0.034682453;0.0;0.15322864;0.15322864;0.0;0.0;977.5922;3303.3933;-970.5269;4939.9556;-23.328888;88.274445
1987-01-21;-2.9598897;-13.569604;-12.419393;752.4387;0.808808;195.79553;100.0;0.38011125;272.26367;1397.0133;0.0005364418;-0.043014996;0.0;0.15282631;0.15281141;0.0;0.0005289912;1012.11835;3347.2312;-875.55945;5191.52;-29.302221;47.645557
1987-01-22;-3.5448062;-14.107315;-10.757792;747.37396;0.575442;263.64737;100.0;0.3801624;275.60156;1380.2084;0.1568973;-0.07483456;0.0;0.15240908;0.15239418;0.0;0.12232363;994.31445;3216.3132;-801.21387;5430.0576;-53.914444;-11.35
1987-01-23;-6.059835;-10.455892;-10.175911;742.7842;0.7857407;200.7592;100.0;0.381965;276.51465;1380.0455;10.912898;-0.058921054;0.0;0.15197694;0.1519844;0.0;10.883752;1024.8278;3252.3877;-736.0639;5521.867;-42.371113;-52.366665
1987-01-24;-8.176656;-9.364842;-8.187425;742.2536;1.289299;199.44923;100.0;0.39982298;257.0446;1553.4261;14.556688;-0.05508121;0.0;0.15157461;0.15157461;0.0;14.535527;584.3433;2413.5;-341.42667;6110.817;-40.84111;-138.40222
1987-01-25;-8.4169655;-9.742065;-7.4227448;743.6865;1.2390194;200.93158;100.0;0.4146671;246.333;1681.6813;14.53256;-0.10325201;0.0;0.15117228;0.15117228;0.0;14.529891;441.5111;1890.1267;-272.81445;6200.406;-79.18445;-182.40778
1987-01-26;-8.396623;-10.268845;-7.5016847;742.46747;0.8057773;185.44792;100.0;0.43836796;229.15721;1910.4818;28.217077;-0.079948455;0.0;0.15078485;0.1507774;0.0;28.212301;284.495;1221.7578;-248.53055;6220.188;-61.683334;-104.54222
1987-01-27;-9.561858;-11.47895;-9.047939;746.2137;1.1192338;221.14386;100.0;0.4514074;227.50812;1986.9385;1.1102736;-0.0458844;0.0;0.15038252;0.15037507;0.0;1.1042879;813.505;3501.571;-818.83167;5371.432;-32.263332;-125.51667
1987-01-28;-8.304423;-9.529384;-8.667073;749.9219;1.0400547;210.48018;100.0;0.45402786;234.00975;1941.691;3.9239526;-0.052480027;0.0;0.14996529;0.14998019;0.0;3.9208384;539.19446;2263.8867;-219.39555;6206.5605;-38.961113;-132.9911
1987-01-29;-6.1792297;-7.0325217;-6.706543;748.8264;1.5008148;212.94533;100.0;0.4594712;239.04066;1923.2584;6.055623;-0.060865656;0.0;0.14957786;0.1495853;0.0;6.050609;502.62;2108.581;-102.71222;6554.65;-45.405556;-143.15445
1987-01-30;-3.1683857;-3.8431804;-5.0575356;751.8295;0.88900065;230.14284;100.0;0.46300602;246.7682;1878.4994;1.7453134;-0.013358891;0.0;0.14920533;0.14919043;0.0;1.7228574;486.57666;2018.33;-297.13223;6486.1367;-8.202222;-60.286667
1987-01-31;-2.0944316;-3.8420918;-4.512568;753.53937;0.7948959;251.32008;100.0;0.4647117;255.67871;1819.7021;0.3480795;-0.035541132;0.0;0.148803;0.14881045;0.0;0.34010038;612.93164;2501.3823;-815.7794;5861.8516;-24.456667;-40.512222
1987-02-01;-1.1981506;-6.346659;-7.011851;754.7546;0.83427405;237.15092;100.0;0.46479967;263.77963;1763.5092;0.0004351138;-0.034812838;0.0;0.14838576;0.14841557;0.0;0.0;1015.6872;4053.7988;-1403.7539;4888.947;-21.425556;-4.752222
1987-02-02;-0.1198527;-5.543345;-7.787913;753.7593;0.6403139;233.67049;100.0;0.46485588;270.03354;1722.9004;0.19945502;-0.029174611;0.0;0.14799833;0.14800578;0.0;0.0;988.4017;3845.3894;-747.85223;5718.6636;-17.413334;-15.833333
1987-02-03;-0.60472614;-2.9242249;-4.7580466;748.5571;0.81293994;196.76692;100.0;0.46921083;274.01855;1711.3037;17.378632;-0.053456053;0.0;0.1476109;0.1476109;0.0;15.311468;971.75555;3680.5156;-489.72723;6421.782;-36.15111;-67.68445
1987-02-04;-3.2953186;-4.157267;-2.832784;744.20026;0.55795765;189.5882;100.0;0.4863077;271.0358;1795.817;4.1105475;-0.08282438;0.0;0.14722347;0.14721602;0.0;3.8188026;667.7083;2791.7932;-596.8394;6306.129;-60.935555;-118.64667
1987-02-05;-4.8913574;-6.0557046;-3.4703724;745.14777;0.595799;152.29457;100.0;0.49488184;272.0612;1818.5629;13.640108;-0.1262743;0.0;0.14683604;0.1468435;0.0;13.627168;432.00665;1809.2844;-463.66583;6315.4116;-96.827774;-121.49333
1987-02-06;-5.7198167;-7.272718;-4.5823493;749.728;0.77049637;102.25427;100.0;0.50368524;272.26953;1851.3184;3.2939792;-0.14775433;0.0;0.14646351;0.14646351;0.0;3.2753496;668.3461;2805.5188;-746.1492;5869.2056;-111.78445;-145.82889
1987-02-07;-5.5910287;-10.477239;-6.2478004;748.5705;0.7168923;166.22249;100.0;0.504353;278.7858;1810.669;0.72699785;-0.15084445;0.0;0.14606118;0.14606863;0.0;0.72527677;966.5722;3936.3777;-977.9744;5466.737;-111.62111;-150.69221
1987-02-08;-5.6391907;-7.272451;-6.035464;741.37836;0.6844359;221.8;100.0;0.51538986;274.22885;1877.2787;22.356678;-0.0122170895;0.0;0.14568865;0.1456961;0.0;22.14929;282.33057;1170.039;-224.65944;6441.0527;-8.59;-53.691113
1987-02-09;-6.556478;-8.5129175;-6.3152795;740.8916;0.87197703;230.46187;100.0;0.5291069;267.7256;1977.7832;1.9720078;-0.10088645;0.0;0.14531612;0.14531612;0.0;1.9639395;854.4028;3659.07;-716.47833;5796.812;-74.17;-153.19556
1987-02-10;-8.333535;-10.686141;-7.080622;739.99713;0.966934;173.099;100.0;0.5412651;263.53873;2053.0193;16.399488;-0.090187415;0.0;0.1449287;0.1449436;0.0;16.374506;400.9161;1725.6805;-867.0489;5437.447;-69.007774;-108.82667
1987-02-11;-8.789944;-16.061682;-11.684284;748.17523;1.0026206;77.37571;100.0;0.5467295;265.17807;2063.6394;0.0;-0.079223886;0.0;0.14457107;0.14456362;0.0;0.0;1093.5884;4642.672;-1634.2089;4097.656;-56.01;-62.43889
1987-02-12;-6.3431525;-15.186222;-13.50536;750.57324;1.0181991;58.54838;100.0;0.5467305;269.97525;2026.7334;0.0;-0.059894286;0.0;0.14418364;0.14418364;0.0;0.0;1092.6995;4513.126;-1242.5397;4546.51;-40.81889;8.856667
1987-02-13;-6.395935;-16.383698;-14.171119;750.1523;1.1016608;43.485027;100.0;0.5467396;274.14713;1995.5648;0.002997581;-0.06779935;0.0;0.14382601;0.14380366;0.0;0.0;1190.42;4787.4287;-1462.6478;4226.1973;-46.61889;24.763334
1987-02-14;-5.6960855;-15.243573;-14.522916;749.80054;1.0661597;60.654877;100.0;0.5467535;277.8773;1969.2383;0.0017136326;-0.05689077;0.0;0.14342368;0.14342368;0.0;0.0;1191.9373;4670.4146;-1202.9761;4559.9805;-38.287777;23.447779
1987-02-15;-3.2265728;-12.556892;-12.684685;747.97656;0.9239792;96.14752;100.0;0.5468342;281.62076;1943.5221;0.1080662;-0.062344596;0.0;0.14305115;0.14305115;0.0;0.060230494;1108.3395;4236.277;-845.99915;5235.4854;-42.68667;7.865556
1987-02-16;-3.1300762;-7.243174;-10.348744;745.7029;0.69883156;73.72097;100.0;0.547928;285.03223;1922.3633;8.458389;-0.009916723;0.0;0.14267862;0.14267862;0.0;7.8520327;881.48114;3291.3228;-358.06528;6045.197;-3.79;-23.651112
1987-02-17;-4.1593323;-6.3093567;-7.412333;743.3934;0.6885552;261.233;100.0;0.5587601;280.83365;1990.8447;1.4827609;-0.064689666;0.0;0.14230609;0.14232099;0.0;1.3679378;962.50336;3957.109;-651.0311;5893.3823;-44.75111;-119.82
1987-02-18;-4.7661843;-6.196096;-6.334381;743.7496;0.7771786;215.76208;100.0;0.559322;286.65005;1953.3285;0.5600503;-0.114614144;0.0;0.14194846;0.14194101;0.0;0.5532168;961.6633;3865.0732;-660.1239;5971.652;-84.208885;-147.21194
1987-02-19;-5.530314;-6.9783936;-5.7199707;743.91547;0.72264713;147.10388;100.0;0.56498504;287.63672;1964.1927;11.652286;-0.08748192;0.0;0.14157593;0.14157593;0.0;11.608567;688.5211;2790.2422;-453.87695;6210.7334;-65.08111;-174.6014
1987-02-20;-5.1260376;-7.8576865;-6.295143;746.5823;0.73558855;76.88559;100.0;0.5720291;287.46582;1991.7399;1.3007994;-0.07367693;0.0;0.1412183;0.14121085;0.0;1.2772157;962.13666;4013.0432;-1092.8789;5354.0522;-51.774445;-120.69972
1987-02-21;-5.7168784;-11.960053;-7.778488;750.9612;0.96464163;47.89339;100.0;0.57282203;292.57324;1959.7168;0.16795962;-0.11482462;0.0;0.14084578;0.14084578;0.0;0.16657636;1193.0067;4873.918;-1486.9105;4738.691;-81.53778;-114.53445
1987-02-22;-3.7096074;-14.806874;-10.315249;752.0223;1.069268;78.729645;100.0;0.5728254;297.1439;1929.4434;0.0008583069;-0.115213916;0.0;0.14047325;0.14047325;0.0;0.0;1318.6967;5239.3433;-1658.7114;4314.6304;-81.61056;11.579445
1987-02-23;-2.987203;-14.410553;-11.224701;749.94684;0.8092361;185.85565;100.0;0.57281286;300.88315;1905.3549;0.0008523463;-0.10266062;0.0;0.14010072;0.14010072;0.0;0.0;1330.845;5153.7456;-1405.3212;4609.5073;-72.415;-6.128611
1987-02-24;-3.581004;-10.939879;-10.859512;749.4411;0.65479696;272.9258;100.0;0.5728752;304.26855;1883.7891;0.69449544;-0.08113496;0.0;0.13972819;0.13973564;0.0;0.66524744;1269.7139;4790.3154;-877.26556;5331.069;-56.65222;-67.67167
1987-02-25;-4.6434836;-5.4386926;-8.320827;744.4079;0.5929133;231.04234;100.0;0.59339154;290.50977;2041.9108;34.515663;0.024898909;0.0;0.13940036;0.13938546;0.0;34.229195;207.03;848.07166;45.38889;6589.108;19.744444;-2.4294446
1987-02-26;-6.107656;-7.5406456;-6.7134666;744.087;0.84121746;197.37386;100.0;0.6098144;283.152;2153.4832;11.161017;-0.08855481;0.0;0.13902783;0.13904274;0.0;11.073388;951.3506;4071.5728;-590.4214;6014.191;-63.584446;-175.80667
1987-02-27;-6.814425;-8.158111;-6.0686455;742.3344;1.0340544;203.75807;100.0;0.63489074;265.85352;2386.6375;19.727642;-0.11627562;0.0;0.13870001;0.1386851;0.0;19.684444;713.7772;3107.7634;-457.085;6152.011;-87.24111;-198.15723
1987-02-28;-7.19399;-8.345973;-5.9018707;741.24634;1.1781052;205.25359;100.0;0.6509778;264.11948;2463.5823;23.335981;-0.15833788;0.0;0.13834238;0.13834238;0.0;23.32668;543.8489;2328.3455;-236.44139;6393.4834;-121.60667;-256.57584
1987-03-01;-6.525748;-9.847144;-6.382566;743.7111;0.88862294;208.84798;100.0;0.6651229;264.08658;2522.0134;1.094331;-0.16111694;0.0;0.13798475;0.13798475;0.0;1.0811388;1218.7012;5250.746;-1185.4645;5252.6187;-117.933334;-224.98056
1987-03-02;-5.9903464;-7.8352714;-7.11483;744.2485;0.8880268;175.50386;100.0;0.6680252;271.24478;2464.7217;4.5482306;-0.05863048;0.0;0.13762712;0.13763458;0.0;4.519429;711.2167;2988.8118;-409.91055;6148.703;-42.601112;-118.09333
1987-03-03;-5.977987;-8.929074;-6.6043763;743.94586;0.9235137;112.21673;100.0;0.67039967;278.47754;2409.912;0.036883354;-0.15676394;0.0;0.1372844;0.1372844;0.0;0.034686178;1192.2123;4961.9917;-1240.3273;5183.257;-114.736664;-193.40111
1987-03-04;-5.0646987;-11.258198;-8.466722;742.3427;0.8822866;154.88913;100.0;0.6703846;285.79068;2347.697;0.0031054015;-0.12028217;0.0;0.13692677;0.13692677;0.0;0.0005364418;1381.2738;5606.021;-1468.0906;4738.927;-84.596664;-137.65111
1987-03-05;-4.5418344;-5.928061;-7.8454704;743.1551;0.838495;191.76996;100.0;0.6747339;288.95834;2333.8623;18.433502;-0.01633633;0.0;0.13658404;0.1365766;0.0;17.92001;621.46;2466.0579;0.44444445;6642.3823;-10.23;-96.49111
1987-03-06;-5.140209;-6.4970474;-5.1014;742.84503;1.1905978;186.40326;100.0;0.71439725;270.42285;2638.7126;31.817574;-0.16559288;0.0;0.13624132;0.13624132;0.0;31.670675;860.3336;3754.9539;-423.54333;6358.63;-124.51778;-223.41055
1987-03-07;-5.3976645;-7.731214;-4.989567;746.3117;0.8630833;184.23302;100.0;0.7285674;272.74448;2674.235;3.1867802;-0.19684061;0.0;0.13589859;0.13588369;0.0;3.1800382;1243.1783;5363.241;-964.32666;5708.388;-145.15445;-254.42334
1987-03-08;-4.234632;-5.2085786;-4.5530915;743.08514;0.702138;155.35617;100.0;0.73638123;278.74838;2642.0085;16.020721;-0.08314289;0.0;0.13554096;0.13554841;0.0;15.61569;693.14886;2947.8108;-424.06888;6366.3584;-61.194443;-154.25667
1987-03-09;-5.9434586;-7.4404907;-4.7816544;742.5732;0.8843184;153.4397;100.0;0.7571404;275.06705;2753.3367;11.511097;-0.19846857;0.0;0.13519824;0.13520569;0.0;11.46631;1057.0299;4581.562;-1026.4956;5571.2734;-148.88;-265.83667
1987-03-10;-6.4035034;-7.627434;-5.889849;741.7232;0.9771948;150.43028;100.0;0.76829976;278.52017;2757.9346;22.227407;-0.08963421;0.0;0.13485551;0.13487041;0.0;22.218094;457.29507;1919.0122;-248.09334;6389.558;-67.99;-133.85777
1987-03-11;-7.6293244;-10.509575;-6.311741;741.96295;1.1623474;207.50488;100.0;0.7815302;280.56577;2788.8184;1.0827392;-0.2784524;0.0;0.13452768;0.13452768;0.0;1.0653734;1269.2036;5448.211;-1047.3772;5419.238;-209.77444;-290.09
1987-03-12;-8.566159;-12.93864;-8.021356;740.32837;1.028962;146.86836;100.0;0.7825287;288.24252;2717.4885;0.33937693;-0.19389391;0.0;0.13418496;0.1341775;0.0;0.33567846;1452.4297;6095.8936;-1758.7988;4373.697;-142.94;-250.6036
1987-03-13;-9.037983;-12.625008;-9.898627;733.26685;0.6894393;102.960724;100.0;0.7893295;288.6273;2733.4392;16.050205;-0.06354693;0.0;0.13384223;0.13384223;0.0;16.045887;622.04193;2589.6836;-435.07193;5799.51;-47.083332;-110.18305
1987-03-14;-11.434798;-14.441762;-9.980538;733.715;0.8167937;207.82703;100.0;0.8026261;281.36133;2853.4749;4.895431;-0.19837171;0.0;0.1335144;0.1335144;0.0;4.891131;1211.8247;5196.509;-1059.9989;5031.553;-149.47333;-323.75943
1987-03-15;-11.020596;-13.867809;-10.708076;738.4572;0.8399492;153.591;100.0;0.80532557;285.17612;2824.178;6.9203496;-0.18822682;0.0;0.13317168;0.13317913;0.0;6.9159718;1210.8162;5069.208;-649.0764;5518.5166;-141.80667;-335.775
1987-03-16;-9.393852;-12.795905;-9.78695;739.1258;0.929719;231.13902;100.0;0.81175166;284.64355;2853.7598;0.9022206;-0.18661377;0.0;0.13285875;0.13284385;0.0;0.8979403;1259.0873;5312.392;-1165.6561;4984.1636;-139.31111;-254.46584
1987-03-17;-9.089492;-12.375041;-10.673453;738.28595;0.8130713;221.4724;100.0;0.8174593;286.25552;2855.3467;11.307823;-0.07270463;0.0;0.13251603;0.13251603;0.0;11.302221;764.0847;3179.2505;-373.0789;5816.9985;-54.08278;-159.99
1987-03-18;-7.2564926;-8.604191;-8.509257;739.1436;1.3024212;197.44397;100.0;0.82586956;286.8571;2880.3303;6.2936373;-0.11049397;0.0;0.1321882;0.1321882;0.0;6.286457;1192.919;5045.333;-570.03613;5926.1367;-80.335;-254.28694
1987-03-19;-8.741008;-10.244316;-7.3982368;734.5153;1.2277509;167.74901;100.0;0.85036975;278.71255;3049.1536;25.653812;-0.17459318;0.0;0.13186038;0.13186783;0.0;25.644056;801.02905;3484.9807;-605.07697;5834.382;-132.95778;-276.82278
1987-03-20;-9.650651;-13.561386;-8.876297;741.9233;1.0326557;76.61321;100.0;0.8564103;283.9707;3019.043;0.025574092;-0.2028402;0.0;0.13154745;0.13153255;0.0;0.023499131;1509.3408;6444.2974;-1537.7714;4586.628;-149.85777;-341.33084
1987-03-21;-7.312449;-15.348075;-11.47199;746.2863;1.0799104;53.086536;100.0;0.8563817;290.92676;2946.0042;0.0017166131;-0.12441445;0.0;0.13118982;0.13118982;0.0;0.0;1645.425;6828.1445;-1792.8508;4083.016;-87.15278;-153.28778
1987-03-22;-6.116117;-14.426166;-12.315557;748.582;1.2083567;39.689182;100.0;0.8563803;296.44824;2890.9912;0.00042617318;-0.118564814;0.0;0.1308471;0.1308471;0.0;0.0;1688.3378;6820.1987;-1637.9961;4282.2666;-82.28222;-105.39306
1987-03-23;-4.5473723;-13.887052;-12.033814;749.7417;1.206171;32.764797;100.0;0.85638505;301.46777;2842.6514;0.0017196062;-0.047780573;0.0;0.13050437;0.13051927;0.0;0.0;1747.4323;6876.6367;-1504.3175;4528.451;-33.434444;-121.5875
1987-03-24;-3.1938477;-12.558574;-10.186569;747.0786;0.9530384;218.563;100.0;0.85636926;306.56314;2795.2473;0.24845003;-0.107094646;0.0;0.13020635;0.13020635;0.0;0.24330616;1680.3733;6447.814;-1104.4708;5235.8745;-80.06111;-169.35388
1987-03-25;-3.8368123;-4.893209;-7.289782;742.3145;0.8097331;174.85194;100.0;0.8612358;309.26108;2784.5051;13.039685;-0.020179898;0.0;0.12990832;0.12990087;0.0;13.022564;838.1239;3208.5693;-101.38695;6670.9624;-14.481112;-150.55556
1987-03-26;-4.6489053;-5.4355164;-5.225103;739.5688;0.7953219;191.29382;100.0;0.8787566;304.4476;2886.4746;11.4552355;-0.04544854;0.0;0.1295954;0.12960285;0.0;11.447891;770.0578;3293.055;-468.125;6284.5977;-34.327778;-180.80194
1987-03-27;-5.17749;-7.8557944;-5.0420837;741.7198;0.77982444;123.380165;100.0;0.88325477;309.55728;2855.2654;1.903616;-0.22934377;0.0;0.12928247;0.12927502;0.0;1.8932968;1411.2544;5945.2715;-1286.5372;5323.042;-169.97888;-273.3536
1987-03-28;-5.9892883;-8.580067;-6.496086;743.3748;0.9959984;137.23949;100.0;0.8840642;316.0524;2799.3164;0.14797913;-0.20732823;0.0;0.12893975;0.1289472;0.0;0.14115497;1479.2361;6106.862;-1097.2308;5400.4946;-152.80888;-258.55112
1987-03-29;-4.764374;-8.300812;-5.7922416;744.80176;0.92602915;89.954414;100.0;0.8840566;322.2754;2745.3206;0.040635467;-0.27692133;0.0;0.12861192;0.12861192;0.0;0.03727898;1492.1505;5995.8584;-1123.9039;5507.4976;-206.9;-269.45557
1987-03-30;-3.8021443;-10.251809;-6.770799;745.8941;0.91827416;81.538284;100.0;0.8839755;327.97525;2696.8994;0.0018626451;-0.114375725;0.0;0.1282841;0.12829155;0.0;0.00013411045;1773.0056;6949.635;-1718.0917;4675.1133;-85.384445;-239.25111
1987-03-31;-3.800649;-7.676333;-7.2836776;747.31696;0.9810095;104.19644;100.0;0.88421106;332.73633;2659.0984;0.7866204;-0.13572536;0.0;0.12798607;0.12799352;0.0;0.61612576;1616.5483;6189.5083;-1256.7733;5209.799;-103.42;-216.88
1987-04-01;-3.2134197;-7.850759;-6.4364243;748.9175;0.908375;110.54363;100.0;0.88461035;337.20312;2625.1628;0.0019967547;-0.10140054;0.0;0.12768805;0.1276806;0.0;0.00028312206;1818.1256;6842.614;-1512.5461;5035.214;-75.10222;-248.02556
1987-04-02;-0.3919169;-4.094696;-5.1638083;748.8647;0.6634082;223.56898;100.0;0.88553953;341.46744;2594.2383;4.0822043;-0.038621947;0.0;0.12739003;0.12739003;0.0;2.8925576;1500.9144;5503.2183;-699.8247;6134.791;-26.702223;-163.09555
1987-04-03;-1.2448832;-1.9381918;-1.5920309;743.2194;0.6363376;185.10112;100.0;0.8944753;344.14096;2599.528;14.303136;-0.064658;0.031091273;0.15819073;0.127092;0.0719782;9.042673;1101.2145;4077.3406;-416.10583;6752.2847;-48.50722;-234.65222
1987-04-04;-3.9458313;-5.348104;-0.809789;739.6428;0.8896095;169.55624;100.0;0.90562916;344.83823;2627.5635;5.1636696;-0.49643964;0.012308359;0.13905764;0.12677908;0.116966665;4.9904213;1458.32;5256.439;-911.3411;6101.6543;-381.10556;-483.8236
1987-04-05;-3.9415894;-7.02714;-1.1577047;743.618;0.8116267;88.81937;100.0;0.9082834;349.3558;2601.5217;1.7103493;-0.64495486;0.0;0.12645125;0.12645125;0.0;1.6711913;1805.8439;5805.132;-1050.5222;5933.4624;-495.3561;-447.61557
1987-04-06;-3.8616333;-7.8146462;-1.3374342;747.98804;0.9164333;115.01533;100.0;0.908645;355.5791;2557.1697;0.14713705;-0.6635636;0.0;0.12610853;0.12612343;0.0;0.13507158;2115.9382;6112.5347;-1448.715;5416.88;-509.12332;-425.8289
1987-04-07;-2.1569798;-5.7395835;-1.5959969;749.8953;0.93988824;178.7729;100.0;0.90829426;362.12695;2510.0505;0.0006214243;-0.4896745;0.0;0.1257956;0.1257807;0.0;0.00019744039;2744.5134;7329.5903;-1946.8909;4898.6143;-370.67557;-314.5111
1987-04-08;-0.9333089;-4.4444985;-0.9029744;749.96924;0.99112105;141.46484;100.0;0.9078285;369.5065;2458.781;0.0025510788;-0.45943445;0.028401613;0.15386939;0.12545288;0.30530244;0.0;2685.1895;6664.125;-1673.7208;5299.8096;-347.1678;-260.59
1987-04-09;-0.43856812;-5.777059;-0.41289774;750.3559;1.025295;124.89213;100.0;0.90608144;377.44662;2402.547;0.31346083;-0.6137593;0.3257692;0.45087934;0.12511015;2.682481;0.002913177;2991.889;6985.715;-1632.5686;5488.802;-465.95667;-246.42111
1987-04-10;-0.25287881;-5.3164573;-0.23965962;750.4426;1.0604964;104.1762;100.0;0.8994307;384.14615;2343.221;0.010303637;-0.5752873;1.1935234;1.3183057;0.12476742;9.19617;0.0;3072.4583;6853.7866;-1729.6594;5387.8643;-435.07224;-237.93
1987-04-11;0.27581787;-3.8869221;-0.30688986;749.3518;0.94003206;171.05165;100.0;0.8904788;390.38052;2282.959;0.003974631;-0.5254755;1.2036264;1.328066;0.12443215;8.442924;0.0;3264.8584;7037.7217;-1712.5511;5396.38;-395.19333;-239.33556
1987-04-12;-1.0719808;-1.7265421;-0.14220683;747.7448;0.80744547;248.24013;100.0;0.8914638;391.31543;2277.547;22.563908;-0.20301528;1.7620474;1.8861741;0.12413412;2.5303345;11.442065;983.9411;2260.6555;-152.34473;7073.124;-155.48778;-221.72556
1987-04-13;-0.9936218;-1.2417297;-0.004099528;746.8318;0.56289977;229.61737;100.0;0.91409993;375.18945;2434.5295;41.93017;-0.114812516;3.6114602;3.758922;0.14745444;1.3036262;22.810326;251.09445;963.5911;15.044444;7274.769;-88.94222;-123.58111
1987-04-14;-0.033599854;-5.911672;-0.126002;748.01544;0.78013396;192.24062;100.0;0.91791886;374.71484;2451.3347;0.045734644;-0.45133474;0.86574256;0.9893626;0.12362003;4.557336;0.0060535967;1878.7961;6413.406;-1374.9005;5727.7246;-334.2139;-244.87778
1987-04-15;-0.5816447;-5.2463784;-0.361262;747.68774;1.0571781;155.25432;100.0;0.9151408;380.88443;2404.2156;0.00074505806;-0.53078496;0.22414327;0.34755468;0.12342632;1.2255814;0.00074505806;2582.1206;7542.951;-1799.7402;5188.8735;-395.65167;-269.0789
1987-04-16;1.0722351;-5.4112954;-0.3157018;750.1032;0.84612435;86.12325;100.0;0.9125745;387.71225;2355.4688;2.4564505;-0.47459638;0.81041455;0.9336993;0.12327731;3.770884;0.00010803342;2958.541;7775.0884;-1752.2847;5354.649;-350.62112;-227.47778
1987-04-17;-0.10245768;-0.9978841;-0.021402994;747.3055;0.7444119;254.28755;100.0;0.9121418;391.13736;2332.723;14.953131;-0.096987;3.6114306;3.763944;0.15252084;6.4506454;3.01715;881.6111;2404.7756;-165.76694;7140.6313;-71.64111;-140.75778
1987-04-18;-0.9741211;-5.8849792;-0.09045664;745.99457;0.720874;196.52539;100.0;0.9068544;394.50943;2299.5605;2.9889226;-0.71556306;1.2535155;1.3767481;0.1232326;5.900983;2.7463548;2083.9338;5257.38;-815.035;6414.128;-546.05;-301.2
1987-04-19;-2.9184062;-4.2161293;-0.1411031;741.61053;1.6064568;212.46193;100.0;0.91427976;387.78745;2356.7708;11.2780905;-0.6919019;0.2104491;0.3338158;0.12336671;0.7070862;10.318291;2027.2284;6511.0513;-966.47473;6177.684;-528.6433;-599.22614
1987-04-20;-4.1469016;-8.633717;-0.45351028;745.2292;1.5915241;173.08592;100.0;0.91925;386.76498;2377.4414;1.032725;-1.0192133;0.004544854;0.12817979;0.123649836;0.024028122;0.9778291;2202.4155;7115.192;-1604.0339;5256.7983;-783.1189;-585.68445
1987-04-21;-2.815918;-8.041924;-0.98074216;751.29346;0.9952436;86.8125;100.0;0.9187217;391.6722;2347.0867;0.0034570685;-0.76405704;0.0;0.12400746;0.124022365;0.0;0.002168119;2810.1882;7931.26;-1992.3853;4877.5454;-578.6655;-412.96222
1987-04-22;0.41904703;-5.4191513;-0.79720813;753.5882;0.99877167;144.65117;100.0;0.91834337;398.23892;2307.495;0.00085582165;-0.42884517;0.033915043;0.15833974;0.124424696;0.19186921;0.0;3196.463;8198.086;-2250.3013;4709.8906;-312.41888;-197.82222
1987-04-23;1.5925293;-4.683604;-0.39245096;751.231;1.0948087;195.0078;100.0;0.91554666;405.26236;2260.62;0.0008523463;-0.59013534;0.98504126;1.109913;0.12487173;4.965309;0.0;3308.3293;7914.189;-1966.6967;5127.173;-438.73834;-167.45222
1987-04-24;3.020111;-3.7925823;-0.23280208;748.9573;1.15478;179.94946;100.0;0.90678567;411.10776;2207.2754;0.7258973;-0.6072503;2.3935585;2.546817;0.15325844;11.038339;0.0;3430.3606;7792.158;-1667.0078;5522.0767;-451.77;-154.73
1987-04-25;1.5094706;-2.726003;-0.12350845;743.4419;1.5991598;180.43292;100.0;0.89604664;415.1237;2159.668;6.619447;-0.5426081;4.360035;4.4995694;0.13954192;12.935761;2.2533312;2821.065;6165.8022;-1226.2997;6060.7363;-408.71445;-124.706665
1987-04-26;-0.8673503;-5.5842896;-0.22822571;746.269;1.366954;165.57681;100.0;0.8895478;417.76172;2130.4524;0.16176105;-0.982265;1.2159199;1.3433993;0.12746453;5.013503;0.09794161;3032.746;7089.879;-1683.4573;5339.6265;-751.49335;-339.34222
1987-04-27;-0.49697876;-6.0020547;-0.3166097;748.88153;1.1002584;124.822845;100.0;0.8836958;422.89908;2090.9424;0.091532096;-0.88525844;1.3973415;1.5266389;0.12930483;5.6035333;0.0;3556.5488;7952.8477;-2045.4545;4976.1636;-672.5389;-311.73444
1987-04-28;1.0830587;-5.790995;-0.29003397;751.98145;1.0519153;92.818634;100.0;0.8755792;428.35645;2045.5322;0.0008583069;-0.71180797;2.57124;2.7384014;0.16716868;9.273287;0.0;3810.2756;8227.531;-2118.726;4976.974;-533.80664;-211.52
1987-04-29;2.98172;-4.886953;-0.2321523;753.89404;1.1893121;73.51124;100.0;0.86255664;433.47427;1991.6586;0.008901954;-0.4589604;4.6300144;5.3005514;0.6705299;15.279621;0.0;3819.1838;8029.359;-1810.735;5420.9893;-332.65833;-143.33722
1987-04-30;5.447876;-4.681183;-0.17854564;753.9717;1.308587;42.36197;100.0;0.844866;438.0013;1930.7047;0.0008580338;-0.4524039;6.860018;7.454321;0.594303;19.005026;0.0;3973.2078;8183.73;-1722.3694;5610.246;-326.0111;-84.62556
1987-05-01;7.816915;-4.6493735;-0.1535619;751.35474;1.1876379;111.27887;100.0;0.82410365;441.89453;1866.8213;0.0012838537;-0.46389458;7.883355;8.991107;1.1077449;21.422695;0.0;3950.8293;8010.5815;-1607.8119;5773.6904;-334.7378;-42.895557
1987-05-02;5.272654;-5.265269;-0.17842484;750.16693;1.0286736;218.31593;100.0;0.8047816;445.6097;1807.4951;0.0012863184;-0.7221308;6.881073;7.934198;1.0531173;17.3877;0.0;4146.2065;8303.276;-1959.3641;5306.693;-539.74054;-122.59556
1987-05-03;4.3146873;-3.3848267;-0.20920055;751.2283;0.96799666;263.9824;100.0;0.78748304;449.1605;1754.2318;0.0017166131;-0.5829362;6.2572956;6.8399906;0.58268756;17.027433;0.0;4161.787;8255.1875;-1962.1461;5284.8843;-430.93332;-147.89722
1987-05-04;4.266256;-2.9024456;-0.19311397;752.3039;1.0889009;167.90796;100.0;0.76922196;450.0;1710.0424;0.0030100346;-0.48595482;7.5219274;8.45933;0.93740225;18.825632;0.0;4075.0173;8022.8833;-1739.5841;5556.824;-353.97;-142.42223
1987-05-05;3.662923;-2.9452107;-0.1618449;751.19586;1.1221099;99.33723;100.0;0.7501147;450.0;1667.684;0.21218869;-0.39705262;7.545397;8.71621;1.1707991;18.877644;0.0;3693.1929;7229.3623;-1531.6019;5803.8267;-287.23334;-125.19111
1987-05-06;3.702586;-2.4712422;-0.16793442;751.2016;1.1584133;88.25232;100.0;0.72973657;450.0;1622.8027;0.016087294;-0.41276124;9.082005;10.373012;1.2910142;21.242943;0.0;4074.054;7938.66;-1625.0673;5733.023;-296.40222;-154.16777
1987-05-07;5.419515;-1.6765848;-0.14540355;751.30255;1.2155547;115.26977;100.0;0.7079382;450.0;1574.3408;0.00042617318;-0.38742182;9.247795;10.770038;1.5222504;22.14478;0.0;3962.675;7693.183;-1430.9523;5985.246;-276.6789;-102.26889
1987-05-08;8.641652;-0.5918884;-0.11035284;751.28314;1.1806073;136.14954;100.0;0.68313074;450.0;1519.2871;0.0027094148;-0.36229938;11.636824;13.133571;1.4967322;26.248041;0.0;4063.5955;7866.987;-1299.0442;6169.2173;-255.2;-43.345554
1987-05-09;9.199463;-0.04871623;-0.066168465;750.54266;1.4176122;241.02466;100.0;0.65681356;450.0;1460.7748;0.9585552;-0.4396904;11.432364;13.593838;2.1614804;25.846373;0.0;3875.4111;7484.7935;-996.11914;6546.398;-316.86444;16.04889
1987-05-10;6.1503296;1.6051737;-0.015881857;750.6218;0.9625931;202.00385;100.0;0.63612074;450.0;1414.1846;5.536437;-0.110825524;7.9428854;8.817405;0.87450445;17.656448;0.0;2103.0073;4050.4111;-471.96222;6979.7466;-75.67;-4.0288887
1987-05-11;3.665212;0.79748535;-0.03954315;751.81616;1.3207104;133.49661;100.0;0.6170338;450.0;1372.111;7.594764;-0.26372728;11.657342;13.696655;2.039328;20.981848;0.0;2794.7588;5380.8335;-909.43195;6489.4;-189.94112;-44.968887
1987-05-12;4.1140037;-1.9368387;-0.12395477;752.92426;1.4538846;142.81288;100.0;0.5965988;450.0;1326.9043;0.016846573;-0.6115511;8.334101;10.396809;2.0627007;21.892902;0.0005066395;3949.1868;7596.951;-1596.9283;5714.4087;-454.3878;-98.882225
1987-05-13;6.402456;-3.2481792;-0.17182668;754.6386;1.1150962;140.04066;100.0;0.575597;450.0;1280.3141;0.0017166131;-0.43785387;8.649007;10.621205;1.9721985;20.911608;0.0;4080.284;7843.191;-1611.6198;5750.2476;-314.83112;-84.066666
1987-05-14;6.7303977;-1.8061014;-0.13289261;753.7319;1.0966187;94.953316;100.0;0.5574525;450.0;1239.7867;0.106234424;-0.2215635;6.4659863;9.207308;2.7413368;16.166578;0.0;2470.085;4742.4453;-716.61334;6627.6543;-157.24333;5.6033335
1987-05-15;7.2750244;-2.4051006;-0.115259804;753.2698;1.4323703;193.02895;100.0;0.5355436;450.0;1191.1215;0.36926433;-0.55930114;10.772735;13.895959;3.1232238;25.250927;0.0;4125.359;7920.4634;-1519.4312;5891.1904;-409.3611;-41.04889
1987-05-16;7.9848123;-3.0241902;-0.15967433;754.68823;1.1664661;134.65395;100.0;0.5116862;450.0;1138.0209;0.00044107434;-0.44333375;9.848356;13.518423;3.6700964;23.522894;0.0;4362.166;8371.971;-1700.6812;5724.5254;-317.53055;-65.662224
1987-05-17;9.984395;-0.83362836;-0.09184774;754.8354;1.1605647;185.83221;100.0;0.48743758;450.0;1084.2285;0.012630224;-0.33235458;10.465696;15.268162;4.802458;23.981169;0.0;3686.314;7072.1343;-987.5936;6516.7725;-234.88222;0.46333334
1987-05-18;8.785014;1.9102173;-0.03892644;753.7612;1.0918723;82.91137;100.0;0.4617467;450.0;1027.2217;1.6729778;-0.20884164;12.382843;18.487402;6.104559;25.976181;0.0;3317.4055;6363.4624;-737.0389;6801.694;-142.31555;-27.631111
1987-05-19;7.584493;2.972107;-0.040527344;752.8859;1.0841429;76.03315;100.0;0.4358469;450.0;969.4417;3.0488627;-0.15752017;12.1940975;20.624086;8.429982;25.009085;0.0;3053.1262;5854.6177;-712.8914;6807.3076;-104.155;-54.243332
1987-05-20;8.888184;2.2259216;-0.07683436;751.39325;1.1763769;123.084076;100.0;0.41139552;450.0;915.16113;2.282146;-0.24650711;12.16799;22.52008;10.35209;25.624104;0.0;3514.7473;6739.541;-886.49084;6617.9946;-169.67444;-31.003334
1987-05-21;10.080627;1.5631002;-0.055419922;748.6734;1.4155091;116.75232;100.0;0.38412833;450.0;854.8584;0.5436152;-0.35804603;12.980342;26.920616;13.940275;28.092783;0.0;3698.1667;7090.3843;-908.3528;6674.3623;-254.13945;28.767778
1987-05-22;9.186015;2.0655415;-0.072460175;747.8943;1.6005402;195.41545;100.0;0.3560008;450.0;792.7246;0.043141842;-0.3946079;11.430949;27.158468;15.727528;28.357431;0.0;4108.0186;7874.5435;-1155.8378;6397.564;-280.8989;3.4533334
1987-05-23;8.219319;-4.115204;-0.14004898;747.624;1.7166129;213.283;100.0;0.32868218;450.0;731.486;0.057725478;-0.84004927;10.665953;26.373745;15.707798;25.747679;0.0;4265.63;8177.102;-1673.5259;5734.5547;-628.13947;69.99111
1987-05-24;7.0236;-6.0322266;-0.27754974;748.2627;1.5968026;180.61493;100.0;0.3068585;450.0;682.4951;0.00086426723;-0.9517651;7.4131193;20.999714;13.586603;19.329704;0.0;4300.6333;8242.34;-1798.593;5534.319;-717.0339;45.078888
1987-05-25;6.880829;-4.252665;-0.2688141;750.1763;1.3305411;189.84007;100.0;0.2868043;450.0;638.30566;0.13196468;-0.7927688;7.122457;20.206839;13.084367;19.631256;0.0;4136.2876;7928.392;-1682.8595;5667.2046;-593.11554;-0.4722222
1987-05-26;6.8622437;-3.022583;-0.2513555;750.55927;1.3594608;175.34503;100.0;0.2642804;450.0;588.501;0.00043511385;-0.5964693;9.670034;22.345901;12.675874;23.848314;0.0;4405.152;8442.607;-1678.9131;5699.8;-437.26556;-62.78
1987-05-27;7.7317405;-1.7353516;-0.2444051;751.8303;1.1851224;201.25911;100.0;0.23950414;450.0;533.1624;0.001274665;-0.5057808;10.271296;22.480831;12.209535;25.046051;0.0;4386.309;8406.522;-1559.608;5859.043;-366.06445;-85.73333
1987-05-28;9.408681;-0.122538246;-0.17245357;751.385;1.139687;151.51994;100.0;0.21501534;450.0;478.6377;0.3995477;-0.31124616;9.287938;21.032572;11.744634;23.371346;0.0;3424.203;6560.872;-891.25055;6600.5513;-219.95667;-11.458889
1987-05-29;8.017181;2.3934224;-0.0884819;749.3392;1.2204938;193.32196;100.0;0.18854594;450.0;420.53223;2.3724854;-0.28371996;12.829542;26.220947;13.391383;29.373243;0.0;3641.2595;6976.803;-812.3908;6753.1445;-196.195;-73.80334
1987-05-30;9.536977;-0.48494467;-0.211586;749.7471;1.1980975;132.60904;100.0;0.16063912;450.0;358.1543;0.0056922436;-0.41052234;11.591889;26.21822;14.626317;27.1778;0.0;4079.59;7819.102;-1293.8972;6193.8296;-291.82556;-35.58889
1987-05-31;10.957438;-0.62108356;-0.2802086;751.9436;1.1661648;178.15083;99.12858;0.1321214;450.0;295.00327;0.0018195951;-0.45169982;12.510523;29.168398;16.657873;29.638052;0.0;4384.6367;8385.0;-1329.1838;6202.9844;-320.2378;-35.09889
1987-06-01;12.167287;0.17051189;-0.24597423;752.0037;1.4150327;197.42102;96.71509;0.103024565;450.0;230.18391;0.004720688;-0.48549473;12.1670065;28.590918;16.423882;28.649158;0.0;4087.4116;7705.892;-969.51886;6640.3643;-341.86;19.94111
1987-06-02;10.213684;-1.038798;-0.3825582;750.39496;1.8411441;212.16698;94.93823;0.07365823;450.0;164.83562;0.0051498413;-0.8163154;12.21399;27.554482;15.340492;28.784014;0.0;4391.4863;8198.244;-1411.0627;6163.621;-591.54224;25.126667
1987-06-03;9.225352;-0.2936503;-1.103213;750.94904;1.3986845;231.23409;87.96484;0.046451967;450.0;104.410805;0.00085995375;-0.7824544;11.037916;25.11105;14.073118;26.37104;0.0;4623.8315;8520.679;-1653.5328;5850.9966;-558.5989;-60.956665
1987-06-04;8.988423;-1.3295695;-1.1048876;749.67755;1.4169384;238.29773;55.909588;0.024398884;450.0;55.29785;0.00043511385;-1.7355857;6.6519976;19.72714;13.0751505;18.085762;0.0;5261.6157;8240.819;-1744.242;5996.2446;-1221.0978;-255.65222
1987-06-05;10.908691;-2.6823323;-0.93924075;751.4239;1.0604776;105.392784;25.765787;0.01117448;450.0;25.105795;0.0017211087;-2.679645;3.4305453;15.727818;12.297273;10.04225;0.0;6240.759;8559.24;-2153.2422;5945.0923;-1864.87;-485.78
1987-06-06;13.040446;-3.263438;-0.6907895;752.8038;1.1564142;100.7276;10.153401;0.0043754578;450.0;9.928386;0.00084638596;-3.623083;1.400575;12.639523;11.23897;4.632611;0.0;6741.805;8661.389;-2517.6973;5879.4854;-2517.969;-493.23666
1987-06-07;13.391622;-2.7208965;-0.4702085;751.10516;1.2328494;138.93674;3.5696614;0.0015334288;450.0;3.458659;0.0030040736;-4.1113777;0.4657507;10.58121;10.115467;1.7430074;0.0;6929.6973;8667.43;-2628.3018;5931.738;-2856.4756;-563.7822
1987-06-08;13.317566;-2.304118;-0.22659047;748.72015;1.2038056;113.74267;1.174235;0.0005033414;450.0;1.3020834;0.0;-4.318923;0.14260411;9.202107;9.059511;0.59744346;0.0;6950.444;8604.646;-2587.6191;6062.757;-3000.3354;-669.4978
1987-06-09;12.344502;-3.564687;-0.10431417;747.86523;1.4348254;137.43565;0.379069;0.00016283989;450.0;0.28483072;0.0021428887;-4.3121314;0.040590763;8.172065;8.1314745;0.1858212;0.0;6949.1216;8568.131;-2575.8906;6001.082;-2995.6245;-930.5133
1987-06-10;12.132558;-2.681244;-0.1988271;748.8032;1.2642447;118.069725;0.12670898;5.43197e-05;450.0;-7.345365e-21;0.00044107434;-4.244561;0.012665987;7.3506236;7.3379574;0.06323308;0.0;6941.315;8541.5;-2626.0989;5984.0557;-2948.578;-872.3089
1987-06-11;11.791484;-2.3064778;-0.06894938;749.2392;1.2834973;111.74784;0.041178387;1.7523766e-05;450.0;-7.345365e-21;0.0012934206;-4.2427487;0.004053116;6.6673903;6.663337;0.020954758;0.0;6942.3267;8531.079;-2573.7056;6057.3545;-2947.301;-957.9011
1987-06-12;12.436503;0.85698444;-0.007170359;747.85236;1.3788921;90.67338;0.013264974;5.6823096e-06;450.0;-7.345365e-21;0.014071388;-4.0685563;0.0028312206;6.0913563;6.088525;0.006970018;0.0;6664.769;8180.581;-2358.5977;6385.922;-2826.291;-939.8422
1987-06-13;11.976166;2.6920574;-0.060934704;747.58844;1.3774151;65.34362;0.0038248699;1.5497208e-06;433.9821;-7.345365e-21;1.012841;-3.7271864;0.13172626;5.728036;5.5963173;0.0020936131;0.0;6108.3755;7489.5435;-2190.1245;6553.7754;-2589.1523;-919.37555
1987-06-14;12.646037;0.8710734;-0.018372854;749.1823;1.1637763;93.1399;0.0008951823;3.5762787e-07;428.36914;-7.345365e-21;0.16385317;-3.6599505;0.017911196;5.190134;5.172238;0.0006519258;0.0;5980.892;7325.441;-2150.659;6643.488;-2542.4456;-852.9044
1987-06-15;12.450826;1.707784;0.009796143;749.8735;1.1880754;81.35018;0.0;-7.3453654e-25;428.09375;-7.345365e-21;0.07212162;-3.594637;0.006854534;4.8090515;4.80219;0.00021234155;0.0;5993.0596;7332.683;-2180.7637;6680.7046;-2497.0745;-864.3811
1987-06-16;13.279307;2.45106;-0.56844205;751.4722;1.4863132;155.40904;0.0;-7.3453654e-25;253.69304;-7.345365e-21;3.005433;-3.4891303;0.3604889;4.8381987;4.4776874;6.3329935e-05;0.0;6035.065;7383.258;-2114.8262;6814.626;-2423.7822;-975.6544
1987-06-17;13.7456665;2.4269104;-0.095264435;750.9599;1.3843204;71.740906;0.0;-7.3453654e-25;129.04164;-7.345365e-21;2.6417263;-3.1712642;0.30946732;4.5019536;4.1924863;1.8626451e-05;0.0;5159.1606;6310.8433;-1883.2267;7073.401;-2202.9712;-663.1078
1987-06-18;12.101848;1.6101379;-0.016527811;749.3924;1.1101907;99.31375;0.0;-7.3453654e-25;101.318016;-7.345365e-21;2.1825612;-2.9377024;0.25999546;4.1995945;3.9396212;3.7252903e-06;0.0;5120.2607;6262.5044;-2017.4089;6747.727;-2040.7245;-909.73334
1987-06-19;12.315887;1.4534506;0.009710948;750.6096;1.3238719;144.69058;0.0;-7.3453654e-25;99.99998;-7.345365e-21;1.4664347;-3.585642;0.14936924;3.8617997;3.712438;0.0;0.0;6045.308;7392.8887;-2066.2744;6800.5063;-2490.8254;-1120.7966
1987-06-20;13.4262085;-1.4212748;0.010106404;751.9444;1.290812;126.66708;0.0;-7.3453654e-25;99.99998;-7.345365e-21;0.0;-4.152324;0.0;3.5063624;3.5063698;0.0;0.0;6983.2007;8538.793;-2654.9187;6237.223;-2884.4822;-1081.6478
1987-06-21;13.744344;-0.8895772;0.010121663;751.82306;1.3324858;111.957184;0.0;-7.3453654e-25;99.99998;-7.345365e-21;0.007301569;-3.8640685;0.00062584877;3.319487;3.318876;0.0;0.0;6819.2646;8337.231;-2599.1672;6369.0776;-2684.2412;-1097.8667
1987-06-22;15.780823;3.6878967;0.009719849;753.1079;1.2287325;54.176758;0.0;-7.3453654e-25;99.99998;-7.345365e-21;0.00042617318;-3.8661044;2.9802322e-05;3.1480193;3.147997;0.0;0.0;6881.5435;8412.321;-2568.605;6701.339;-2685.6538;-1033.98
1987-06-23;17.048706;1.0197042;0.010098775;752.65405;1.3559017;95.71955;0.0;-7.3453654e-25;99.99998;-7.345365e-21;0.019669533;-3.7381341;0.0013709068;2.9929578;2.991587;0.0;0.0;6655.9277;8135.4634;-2584.9734;6732.0205;-2596.7573;-1001.07666
1987-06-24;17.40212;-2.5875854;0.0100364685;752.4587;1.3162278;102.60508;0.0;-7.3453654e-25;99.99998;-7.345365e-21;0.0;-3.6930218;0.0;2.8481185;2.8481035;0.0;0.0;7082.0186;8655.129;-2973.0073;6370.181;-2565.419;-1083.5433
1987-06-25;17.005411;-4.373098;0.009984334;752.9925;1.2871455;164.19127;0.0;-7.3453654e-25;99.99998;-7.345365e-21;0.0017225739;-3.4036794;0.00012665987;2.71596;2.7158334;0.0;0.0;7105.8457;8683.119;-3085.1943;6246.5483;-2364.4233;-1240.9545
1987-06-26;16.546915;-4.5184226;0.009838104;753.6618;1.3132433;157.60716;0.0;-7.3453654e-25;99.99998;-7.345365e-21;0.00085532654;-3.106596;5.9604645e-05;2.593711;2.593644;0.0;0.0;7128.1445;8709.275;-3171.0906;6186.016;-2158.0488;-1351.8611
1987-06-27;16.532318;-1.5959473;0.010171254;754.1264;1.2089349;110.01838;0.0;-7.3453654e-25;99.99998;-7.345365e-21;0.12564139;-2.6977174;0.008970499;2.4895668;2.4806113;0.0;0.0;6298.0957;7694.122;-2667.0334;6835.642;-1874.0139;-1217.44
1987-06-28;17.527822;-1.0515137;0.009718577;754.9228;1.4694811;136.1271;0.0;-7.3453654e-25;99.99998;-7.345365e-21;0.026148938;-2.6463344;0.001847744;2.3774652;2.37561;0.0;0.0;6885.4795;8410.575;-2941.3545;6649.358;-1838.3212;-1618.7256
1987-06-29;16.981567;-3.683492;0.009863536;753.97894;1.3358979;134.11737;0.0;-7.3453654e-25;99.99998;-7.345365e-21;0.00086449133;-2.4501336;5.9604645e-05;2.2776723;2.27762;0.0;0.0;7078.011;8644.653;-3160.3022;6428.42;-1702.0261;-1779.9388
1987-06-30;15.978394;1.3088074;0.010149638;752.5816;1.2025723;77.45908;0.0;-7.3453654e-25;99.99998;-7.345365e-21;0.0074179387;-2.1891146;0.0004172325;2.1865516;2.186127;0.0;0.0;6540.1987;7986.6733;-2801.7583;6885.0454;-1520.7045;-1687.1034
1987-07-01;16.099478;3.757436;0.009759267;750.8655;1.2250412;81.843216;0.0;-7.3453654e-25;99.99998;-7.345365e-21;0.04416704;-2.0450299;0.0028312206;2.103448;2.1006317;0.0;0.0;6449.434;7874.88;-2753.4504;7027.1055;-1420.6145;-1759.6111
1987-07-02;15.592255;5.3825173;0.009993236;748.3034;1.1686187;73.45001;0.0;-7.3453654e-25;99.99998;-7.345365e-21;1.7406046;-1.7589694;0.13495982;2.1561236;2.021171;0.0;0.0;5258.546;6419.8057;-2338.6936;7238.101;-1221.8978;-1396.6478
1987-07-03;15.012146;5.672953;0.010303497;746.9788;1.1612223;79.9318;0.0;-7.3453654e-25;99.99998;-7.345365e-21;2.283448;-2.1280396;0.18635392;2.133906;1.947552;0.0;0.0;5475.3877;6683.7847;-2296.4773;7180.56;-1478.2778;-1436.0756
1987-07-04;16.755768;1.399353;0.0099817915;749.48676;1.2962692;156.57143;0.0;-7.3453654e-25;99.99998;-7.345365e-21;0.0008583069;-2.8694804;5.9604645e-05;1.8777549;1.8776953;0.0;0.0;6926.596;8454.258;-2944.3716;6601.6733;-1993.331;-1629.6022
1987-07-05;16.346985;-0.8085734;0.009757996;749.5103;1.5255965;164.73694;0.0;-7.3453654e-25;99.99998;-7.345365e-21;0.0;-2.4249823;0.0;1.811266;1.8112586;0.0;0.0;7027.9683;8576.891;-3067.4307;6471.617;-1684.5544;-1919.8855
1987-07-06;15.184448;0.7057597;0.010047913;748.9324;1.439157;227.52898;0.0;-7.3453654e-25;99.99998;-7.345365e-21;0.0012851187;-1.9716071;8.940697e-05;1.7487407;1.7486811;0.0;0.0;6984.5913;8522.862;-3045.9866;6463.0034;-1369.61;-2236.2756
1987-07-07;14.113312;1.5387878;0.009928386;748.49384;1.5552856;207.25072;0.0;-7.3453654e-25;99.99998;-7.345365e-21;0.0012874597;-1.671547;8.940697e-05;1.689747;1.6896651;0.0;0.0;6742.6567;8226.6;-2899.6682;6576.777;-1161.1677;-2369.32
1987-07-08;13.759349;0.22492473;0.010059357;748.95337;1.4548987;250.05121;0.0;-7.3453654e-25;99.99998;-7.345365e-21;0.0004231929;-1.4988631;2.9802322e-05;1.6340315;1.6340091;0.0;0.0;6588.349;8037.271;-2876.3271;6536.3477;-1041.21;-2418.9812
1987-07-09;13.844838;0.22069295;0.0096206665;750.30176;1.4544626;192.48053;0.0;-7.3453654e-25;99.99998;-7.345365e-21;0.0;-1.4798818;0.0;1.5812814;1.5812814;0.0;0.0;6838.0566;8340.799;-2982.865;6493.2285;-1028.0244;-2493.1567
1987-07-10;15.013275;1.6205851;0.009918213;753.01105;1.1283642;99.298676;0.0;-7.3453654e-25;99.99998;-7.345365e-21;0.0008627946;-1.578696;5.9604645e-05;1.5310645;1.5310123;0.0;0.0;6886.53;8398.815;-3100.029;6622.58;-1096.6677;-2186.328
1987-07-11;17.348349;2.4036152;0.010049184;753.44257;1.1457869;58.678574;0.0;-7.3453654e-25;100.00519;-7.345365e-21;0.0017106531;-1.6351323;0.00010430813;1.4830828;1.482986;0.0;0.0;6912.7847;8429.773;-3188.797;6806.69;-1135.8722;-2004.6122
1987-07-12;18.107645;1.082489;0.010171254;752.84845;1.3038322;58.526714;0.0;-7.3453654e-25;99.99998;-7.345365e-21;0.0025629988;-1.568636;0.00014901161;1.4373958;1.4372542;0.0;0.0;6806.9453;8299.639;-3124.4683;6938.0977;-1089.6788;-2064.6223
1987-07-13;18.730234;3.5203857;0.010080974;752.0638;1.3412676;115.992096;0.0;-7.3453654e-25;99.99998;-7.345365e-21;0.0;-1.3776785;0.0;1.3938844;1.3938844;0.0;0.0;6070.3813;7400.5527;-2805.9539;7235.7373;-957.0267;-1886.0588
1987-07-14;19.020193;0.34163412;0.010211945;751.83417;1.3219856;104.06962;0.0;-7.3453654e-25;99.99998;-7.345365e-21;0.00086128706;-1.5212148;5.9604645e-05;1.3526529;1.3525933;0.0;0.0;6940.782;8460.618;-3363.1;6750.921;-1056.7367;-2103.79
1987-07-15;19.402151;-0.63063556;0.0101623535;751.35394;1.4087602;161.8286;0.0;-7.3453654e-25;99.99998;-7.345365e-21;0.0017341527;-1.4525335;0.00010430813;1.3131797;1.3131052;0.0;0.0;6945.4546;8465.194;-3353.963;6727.3477;-1009.0267;-2138.9011
1987-07-16;19.005777;-4.352234;0.009733836;750.6989;1.2706951;157.78685;0.0;-7.3453654e-25;99.99998;-7.345365e-21;0.00043511385;-1.4140037;2.9802322e-05;1.27545;1.2754351;0.0;0.0;7080.3096;8627.662;-3636.3423;6372.549;-982.2611;-2115.5945
1987-07-17;18.317139;-3.9438374;0.010299683;751.11865;1.2476758;127.75744;0.0;-7.3453654e-25;99.99998;-7.345365e-21;0.0;-1.3669348;0.0;1.2394339;1.2394339;0.0;0.0;7039.8774;8576.473;-3595.5532;6375.151;-949.5639;-2124.45
1987-07-18;18.363718;-2.6876526;0.009933472;752.13434;1.2067083;144.00098;0.0;-7.3453654e-25;99.99998;-7.345365e-21;0.0012851187;-1.3415571;7.4505806e-05;1.2050569;1.2049973;0.0;0.0;7020.235;8550.632;-3589.0027;6421.1406;-931.93555;-2102.2122
1987-07-19;18.478638;-2.1380718;0.009789784;751.4069;1.2563229;155.6974;0.0;-7.3453654e-25;99.99998;-7.345365e-21;0.0008583069;-1.3056118;4.4703484e-05;1.1720806;1.1720359;0.0;0.0;7005.4385;8530.702;-3574.3452;6454.317;-906.9656;-2125.078
1987-07-20;17.975107;-2.8170166;0.009919484;749.6082;1.3070966;103.83366;0.0;-7.3453654e-25;99.99998;-7.345365e-21;0.0;-1.2794733;0.0;1.1404455;1.1404529;0.0;0.0;6943.5024;8453.344;-3434.1528;6602.3784;-888.80664;-2198.061
1987-07-21;17.337576;4.5229187;0.009710948;750.93823;1.041816;56.823917;0.0;-7.3453654e-25;99.99998;-7.345365e-21;0.29218197;-1.1123204;0.015750527;1.1261702;1.1104271;0.0;0.0;5788.626;7045.7812;-2649.0664;7381.021;-772.6922;-1961.5
1987-07-22;18.114828;4.3469033;0.009854634;752.46533;0.9960823;82.622894;0.0;-7.3453654e-25;99.99998;-7.345365e-21;0.016915798;-1.0907408;0.00074505806;1.0826588;1.0819063;0.0;0.0;5366.224;6530.243;-2535.5742;7526.2466;-757.7011;-1704.2145
1987-07-23;18.559652;3.7590027;0.0096753435;753.0771;1.0835763;95.78174;0.0;-7.3453654e-25;99.99998;-7.345365e-21;0.009477982;-1.1301041;0.00044703484;1.054883;1.0544211;0.0;0.0;5837.0146;7101.5757;-2809.9353;7348.7725;-785.04553;-1839.4489
1987-07-24;18.28837;5.437083;0.010007222;753.4357;1.2016143;99.2121;0.0;-7.3453654e-25;99.99998;-7.345365e-21;0.22147319;-1.1337492;0.011920929;1.0399222;1.0279715;0.0;0.0;5918.283;7198.8716;-2791.8157;7354.261;-787.57666;-1969.7877
1987-07-25;17.350515;7.2099404;0.00981013;752.488;1.3194581;68.35557;0.0;-7.3453654e-25;100.00259;-7.345365e-21;0.5625844;-1.2002661;0.029474497;1.0320395;1.002565;0.0;0.0;5821.9956;7080.15;-2626.6152;7491.0376;-833.7844;-2021.1222
1987-07-26;15.613586;8.253235;0.0099322;751.4118;1.3567291;84.32221;0.0;-7.3453654e-25;99.99998;-7.345365e-21;7.3263493;-1.3679434;0.49941242;1.4778972;0.97845495;0.0;0.0;5248.0547;6380.91;-2293.0208;7446.908;-950.26556;-1947.6111
1987-07-27;15.100932;2.9410808;0.009991963;750.86554;1.9900374;40.167492;0.0;-7.3453654e-25;99.99998;-7.345365e-21;0.0;-3.0043776;0.0;0.95552206;0.95552206;0.0;0.0;6601.3022;8024.3184;-2741.862;6671.648;-2087.041;-1809.8556
1987-07-28;15.020355;0.2748413;0.0098393755;750.71515;1.7485453;36.591354;0.0;-7.3453654e-25;99.99998;-7.345365e-21;0.0008708522;-2.528662;4.4703484e-05;0.9330958;0.93304366;0.0;0.0;6846.1284;8320.014;-3048.7053;6388.3716;-1756.5767;-1918.4922
1987-07-29;16.64737;2.9761555;0.01018397;752.11346;1.026026;89.11618;0.0;-7.3453654e-25;99.99998;-7.345365e-21;0.29369295;-2.1333954;0.015586615;0.92691183;0.91131777;0.0;0.0;6237.0674;7578.133;-2661.672;7062.521;-1481.9989;-1685.5878
1987-07-30;17.043457;4.7168984;0.009918213;753.23535;0.93911487;155.63159;0.0;-7.3453654e-25;99.99998;-7.345365e-21;0.90217113;-1.722116;0.05438924;0.94497204;0.8905381;0.0;0.0;5439.096;6607.137;-2436.2783;7377.1743;-1196.2966;-1506.6589
1987-07-31;16.129477;4.5717773;0.00976181;752.784;1.1032339;82.89398;0.0;-7.3453654e-25;99.99998;-7.345365e-21;2.0087235;-1.6972181;0.12922287;1.0000169;0.87083876;0.0;0.0;5247.2866;6372.6455;-2421.6077;7239.753;-1179.0022;-1486.5522
1987-08-01;16.392813;4.2030234;0.010536194;751.5871;0.97962326;107.08084;0.0;-7.3453654e-25;100.00519;-7.345365e-21;0.090945534;-1.8994417;0.003606081;0.85535645;0.8517802;0.0;0.0;5554.5156;6744.1963;-2497.5728;7215.701;-1319.4789;-1505.8011
1987-08-02;16.76352;3.8930054;0.009881337;751.76855;1.1727839;157.11732;0.0;-7.3453654e-25;99.99998;-7.345365e-21;0.120157;-1.6123616;0.006020069;0.8391738;0.8331612;0.0;0.0;5865.2285;7120.015;-2702.4917;7111.57;-1120.0533;-1720.6711
1987-08-03;18.181234;2.0073345;0.01012675;752.8653;1.4231406;130.19638;0.0;-7.3453654e-25;99.99998;-7.345365e-21;0.0;-1.41575;0.0;0.8150637;0.81507117;0.0;0.0;6132.8154;7443.1357;-2831.352;7170.6943;-983.4744;-1900.9889
1987-08-04;18.197306;1.3308004;0.010056813;754.7873;1.3976804;118.87125;0.0;-7.3453654e-25;99.99998;-7.345365e-21;0.002464652;-1.102183;0.00011920929;0.79765916;0.7975474;0.0;0.0;5814.9688;7055.874;-2743.1055;7263.5376;-765.6511;-1950.4355
1987-08-05;17.493551;2.4328918;0.010348002;755.0144;1.2837223;115.52587;0.0;-7.3453654e-25;99.99998;-7.345365e-21;0.46541423;-1.1136606;0.024080276;0.8049011;0.78082085;0.0;0.0;5345.3296;6484.458;-2686.4727;7167.4946;-773.6222;-1712.2089
1987-08-06;18.711496;0.4105021;0.0098724365;754.913;0.96139294;93.931435;0.0;-7.3453654e-25;99.99998;-7.345365e-21;0.008022785;-1.170368;0.00040233135;0.7648468;0.7644594;0.0;0.0;6231.3535;7557.595;-3090.9014;7091.051;-813.0161;-1830.3744
1987-08-07;19.232199;1.2944641;0.010304769;757.07983;0.8876996;101.84448;0.0;-7.3453654e-25;99.99998;-7.345365e-21;0.0035017729;-0.97796136;0.00018626451;0.74867904;0.7485002;0.0;0.0;5560.8857;6743.1265;-2790.2173;7447.6016;-679.3578;-1656.9989
1987-08-08;18.114676;1.0998331;0.009859721;756.8733;1.7591065;35.3464;0.0;-7.3453654e-25;99.99998;-7.345365e-21;0.002159335;-0.935683;0.00011920929;0.73319674;0.7330924;0.0;0.0;6324.258;7667.075;-3047.5205;7016.7124;-649.9878;-2394.8323
1987-08-09;18.594687;2.1206563;0.009838104;753.3521;1.1907703;74.669716;0.0;-7.3453654e-25;99.99998;-7.345365e-21;0.065508485;-0.9351187;0.003516674;0.72166324;0.71813166;0.0;0.0;6010.9634;7285.758;-2957.4878;7198.7656;-649.5956;-2016.76
1987-08-10;19.390167;0.03623454;0.010203044;751.93695;1.1407598;108.186676;0.0;-7.3453654e-25;99.99998;-7.345365e-21;0.00086426735;-0.9309063;2.9802322e-05;0.70369244;0.70367754;0.0;0.0;5885.1113;7131.34;-2968.2803;7200.512;-646.66943;-1969.8323
1987-08-11;19.700388;-0.7345988;0.009773254;752.02875;1.4196004;130.99278;0.0;-7.3453654e-25;99.99998;-7.345365e-21;0.1654625;-0.89058465;0.008374453;0.6980896;0.68973005;0.0;0.0;5968.8955;7231.3506;-2914.9978;7200.0776;-618.66;-2136.7378
1987-08-12;18.778921;-1.8895468;0.009967804;751.50323;1.3359356;165.2689;0.0;-7.3453654e-25;99.99998;-7.345365e-21;0.0;-0.94882023;0.0;0.6762147;0.67619234;0.0;0.0;6546.5596;7929.3975;-3356.0789;6678.838;-659.11444;-2353.7556
1987-08-13;17.72525;-3.296346;0.009938558;750.9178;1.2848605;196.99165;0.0;-7.3453654e-25;99.99998;-7.345365e-21;0.00044502024;-0.8879714;2.9802322e-05;0.66301227;0.66299736;0.0;0.0;6586.597;7976.1387;-3526.0056;6375.453;-616.8439;-2256.1821
1987-08-14;17.648172;-2.8665264;0.00995636;750.28314;1.3252925;205.79346;0.0;-7.3453654e-25;99.99998;-7.345365e-21;0.0;-0.8445056;0.0;0.65021217;0.65021217;0.0;0.0;6601.556;7992.505;-3457.2444;6437.6743;-586.65;-2259.74
1987-08-15;16.661692;-0.49916586;0.009876251;749.2854;1.3888963;246.36992;0.0;-7.3453654e-25;99.99998;-7.345365e-21;0.0012874244;-0.76263773;5.9604645e-05;0.6379187;0.637874;0.0;0.0;6468.3677;7829.497;-3235.4854;6564.1343;-529.7778;-2551.662
1987-08-16;15.529988;-0.043100994;0.010285695;750.08905;1.341582;180.70007;0.0;-7.3453654e-25;99.99998;-7.345365e-21;0.0004351138;-0.74134207;2.9802322e-05;0.6259084;0.6258935;0.0;0.0;6262.9346;7579.8467;-3121.0317;6583.4307;-514.98553;-2497.6533
1987-08-17;15.142456;-1.3858134;0.010098775;749.5854;1.3868259;211.94934;0.0;-7.3453654e-25;99.99998;-7.345365e-21;0.0004351138;-0.73667616;2.9802322e-05;0.6143153;0.61427057;0.0;0.0;6402.4785;7747.8833;-3184.3616;6476.996;-511.74445;-2533.6167
1987-08-18;14.57135;-0.08437093;0.010026296;748.126;1.5917071;202.47516;0.0;-7.3453654e-25;99.99998;-7.345365e-21;0.05632639;-0.63570774;0.0023841858;0.6054938;0.6031096;0.0;0.0;5894.849;7132.6357;-2884.9468;6613.703;-441.60443;-2542.2556
1987-08-19;14.728169;-1.7379456;0.010258992;749.55444;1.2113737;103.70658;0.0;-7.3453654e-25;99.99998;-7.345365e-21;0.0008702277;-0.7649325;4.4703484e-05;0.59226155;0.59223175;0.0;0.0;6418.9395;7765.9155;-3387.0955;6219.9624;-531.37335;-2305.0012
1987-08-20;15.644795;-0.5935974;0.010007222;749.7701;1.2317011;91.26211;0.0;-7.3453654e-25;99.99998;-7.345365e-21;0.0;-0.7638857;0.0;0.5815327;0.58154017;0.0;0.0;6337.305;7666.2266;-3349.2883;6355.5913;-530.64557;-2209.0972
1987-08-21;16.33547;-1.1475424;0.009930928;749.14923;1.2676427;141.62529;0.0;-7.3453654e-25;99.99998;-7.345365e-21;0.0;-0.76268244;0.0;0.5711317;0.5711317;0.0;0.0;6342.8677;7672.004;-3470.89;6281.6787;-529.81;-2123.49
1987-08-22;15.685059;-2.8812053;0.010410309;749.91113;1.2521113;176.22096;0.0;-7.3453654e-25;99.99998;-7.345365e-21;0.00044107434;-0.7347092;2.9802322e-05;0.5610585;0.5610436;0.0;0.0;6298.535;7617.404;-3436.4377;6224.009;-510.37668;-2176.771
1987-08-23;15.401306;-4.4927063;0.010176341;750.27637;1.2430971;181.4508;0.0;-7.3453654e-25;99.99998;-7.345365e-21;0.00044107434;-0.7097237;2.9802322e-05;0.55128336;0.55126846;0.0;0.0;6357.405;7687.7754;-3559.8208;6018.201;-493.02112;-2165.46
1987-08-24;15.038777;-2.5001934;0.010105133;748.5761;1.1859344;184.62962;0.0;-7.3453654e-25;99.99998;-7.345365e-21;0.00044107434;-0.6890893;2.9802322e-05;0.5417764;0.5417615;0.0;0.0;6344.093;7670.7734;-3559.9084;5982.141;-478.68668;-2149.5623
1987-08-25;13.711548;-1.3488973;0.009868622;747.4678;1.273115;124.637566;0.0;-7.3453654e-25;99.99998;-7.345365e-21;0.001706505;-0.64752996;8.940697e-05;0.5326122;0.5325377;0.0;0.0;6217.084;7516.2827;-3331.4114;6107.277;-449.81778;-2335.7778
1987-08-26;12.28008;-2.403422;0.009925842;747.79785;1.321263;112.0194;0.0;-7.3453654e-25;99.99998;-7.345365e-21;0.0;-0.6144186;0.0;0.5235821;0.5235821;0.0;0.0;5974.3467;7221.638;-3111.2363;6208.6245;-426.81555;-2377.7544
1987-08-27;10.573131;3.882721;0.010044098;749.5214;1.6539379;43.078876;0.0;-7.3453654e-25;99.99998;-7.345365e-21;1.6611218;-0.90815127;0.081166625;0.5963743;0.51520765;0.0;0.0;4440.1636;5366.3555;-1827.6472;7234.5776;-630.86224;-1972.3722
1987-08-28;11.299794;3.0815938;0.0099817915;750.0263;1.5511442;43.79626;0.0;-7.3453654e-25;99.99998;-7.345365e-21;0.02592802;-0.8287337;0.0013262033;0.5084723;0.5071312;0.0;0.0;4809.6455;5812.058;-2213.818;6980.547;-575.69336;-2036.3181
1987-08-29;11.857117;1.3032227;0.009722392;749.47784;1.0836124;80.852;0.0;-7.3453654e-25;99.99998;-7.345365e-21;0.23838282;-0.8103419;0.011846423;0.5109012;0.4990548;0.0;0.0;5161.495;6237.0874;-2610.357;6613.5913;-562.9178;-1907.1934
1987-08-30;13.6770735;-0.18237305;0.010018666;750.1453;1.1349293;86.25863;0.0;-7.3453654e-25;99.99998;-7.345365e-21;0.0008583069;-0.9131599;4.4703484e-05;0.49111247;0.49107522;0.0;0.0;5962.2314;7203.8667;-3090.4514;6347.1733;-634.3411;-1961.6022
1987-08-31;13.981262;-1.4171957;0.010073344;751.31976;1.0582908;97.2908;0.0;-7.3453654e-25;99.99998;-7.345365e-21;0.0015199184;-0.74825436;8.940697e-05;0.48327446;0.4832074;0.0;0.0;5492.989;6636.175;-2883.8323;6612.743;-519.7878;-1886.9055
1987-09-01;14.17688;-1.3130289;0.010066986;751.5256;1.2847039;152.66837;0.0;-7.3453654e-25;99.99998;-7.345365e-21;0.0021010637;-0.67308176;0.00010430813;0.47565997;0.47555566;0.0;0.0;5721.7876;6911.6416;-2947.5398;6538.5874;-467.56778;-2117.8506
1987-09-02;14.390717;-0.8542684;0.009983063;751.9073;1.24885;127.09284;0.0;-7.3453654e-25;99.99998;-7.345365e-21;0.0;-0.6250264;0.0;0.46810508;0.46810508;0.0;0.0;5369.539;6485.249;-2826.2769;6676.867;-434.18555;-1931.6978
1987-09-03;14.284058;-1.9430338;0.010063171;752.0249;1.1674913;108.443726;0.0;-7.3453654e-25;99.99998;-7.345365e-21;0.00043511385;-0.643881;1.4901161e-05;0.4608482;0.4608184;0.0;0.0;5828.588;7038.8574;-3169.3997;6333.824;-447.28333;-2057.131
1987-09-04;14.179463;-3.7710469;0.009647369;751.84375;1.3835101;131.19327;0.0;-7.3453654e-25;99.99998;-7.345365e-21;0.0025749204;-0.60352963;0.00011920929;0.45384467;0.453718;0.0;0.0;5799.5645;7002.9795;-3128.8157;6276.6953;-419.25168;-2101.3345
1987-09-05;14.409576;-1.3444824;0.010117848;750.3941;1.6515102;137.129;0.0;-7.3453654e-25;99.99998;-7.345365e-21;0.28392673;-0.54659694;0.01296401;0.45984983;0.44688582;0.0;0.0;4724.713;5704.5977;-2443.4463;6894.2896;-379.7028;-1794.8933
1987-09-06;13.580658;1.854126;0.009938558;751.86865;1.1867113;156.5822;0.0;-7.3453654e-25;99.99998;-7.345365e-21;0.0008364475;-0.6165849;4.4703484e-05;0.4403144;0.4402697;0.0;0.0;5481.6567;6617.6294;-2823.8237;6508.001;-428.32056;-2151.4722
1987-09-07;13.505321;1.1027527;0.010201772;754.20953;1.1273583;99.81943;0.0;-7.3453654e-25;99.99998;-7.345365e-21;0.0;-0.6285124;0.0;0.4337132;0.43370575;0.0;0.0;5556.4478;6706.957;-2933.2441;6495.758;-436.60666;-1985.7078
1987-09-08;14.977712;1.6681213;0.009902954;753.92096;1.1369504;89.88206;0.0;-7.3453654e-25;99.99998;-7.345365e-21;0.0021258793;-0.6340556;0.00010430813;0.4273653;0.4272461;0.0;0.0;5547.4155;6695.4136;-3011.8489;6574.39;-440.45667;-1824.7544
1987-09-09;15.651367;0.5891622;0.010070801;753.1673;1.1808844;89.80637;0.0;-7.3453654e-25;99.99998;-7.345365e-21;0.0;-0.62086993;0.0;0.420928;0.420928;0.0;0.0;5541.2974;6687.2227;-3123.389;6484.7812;-431.2978;-1776.032
1987-09-10;15.249095;1.2677612;0.009906769;751.4292;1.1920941;167.4546;0.0;-7.3453654e-25;99.99998;-7.345365e-21;0.0;-0.5747229;0.0;0.41475892;0.41475892;0.0;0.0;5371.454;6481.441;-2997.5603;6521.279;-399.24112;-1840.1877
1987-09-11;13.504944;-1.0059103;0.010046641;750.2469;1.3308308;103.05066;0.0;-7.3453654e-25;99.99998;-7.345365e-21;0.0;-0.54554737;0.0;0.40876865;0.40876865;0.0;0.0;5491.058;6624.9043;-3041.4275;6308.365;-378.97333;-1993.5895
1987-09-12;12.674886;1.5737406;0.009616852;750.67645;1.1382669;129.83244;0.0;-7.3453654e-25;99.99998;-7.345365e-21;0.04438049;-0.5034245;0.0021755695;0.40511787;0.40296465;0.0;0.0;5048.0127;6089.575;-2662.4417;6614.1343;-349.71222;-1963.49
1987-09-13;11.351593;0.35832724;0.010163625;752.0446;1.2027353;97.775024;0.0;-7.3453654e-25;99.99998;-7.345365e-21;0.5821526;-0.5932934;0.028327107;0.42572618;0.39739907;0.0;0.0;4283.1646;5166.3184;-2389.5273;6626.947;-412.1422;-1595.2933
1987-09-14;11.367167;-0.64904785;0.010163625;754.0715;0.9279604;85.08441;0.0;-7.3453654e-25;99.99998;-7.345365e-21;0.0041961824;-0.6400906;0.00016391277;0.39210916;0.39196014;0.0;0.0;4724.0903;5697.539;-2516.5059;6640.531;-444.65;-1674.5767
1987-09-15;12.830556;0.14152019;0.010128021;754.1429;1.0742227;85.475006;0.0;-7.3453654e-25;99.99998;-7.345365e-21;0.0;-0.6146347;0.0;0.38653612;0.38653612;0.0;0.0;5226.4355;6302.734;-2885.403;6390.6167;-426.96613;-1730.1472
1987-09-16;13.147899;-1.3398336;0.009886424;751.90967;1.1843793;85.157906;0.0;-7.3453654e-25;99.99998;-7.345365e-21;0.0008702277;-0.5694199;2.9802322e-05;0.3812611;0.3812164;0.0;0.0;5176.874;6237.5;-2926.8489;6367.705;-395.55667;-1738.83
1987-09-17;12.24646;-1.5195109;0.0105069475;751.2005;1.0541415;168.11096;0.0;-7.3453654e-25;99.99998;-7.345365e-21;0.5273521;-0.5785786;0.025704503;0.4017949;0.37606806;0.0;0.0;4665.4463;5616.3765;-2573.7375;6514.3423;-401.92;-1697.5956
1987-09-18;11.9426775;-1.7847697;0.00995636;750.77264;1.4428582;212.83412;0.0;-7.3453654e-25;99.99998;-7.345365e-21;0.012743473;-0.57703817;0.0005364418;0.37163496;0.37109107;0.0;0.0;4962.8345;5969.004;-2692.2195;6269.91;-400.84888;-1926.3622
1987-09-19;10.601949;-1.2218018;0.010082245;751.71;1.3387293;94.25455;0.0;-7.3453654e-25;99.99998;-7.345365e-21;0.0;-0.5521364;0.0;0.36619604;0.36618114;0.0;0.0;5120.614;6153.547;-2903.7786;6046.371;-383.55112;-1846.8898
1987-09-20;10.868713;-1.9035645;0.010152181;752.8991;1.2120534;97.04995;0.0;-7.3453654e-25;99.99998;-7.345365e-21;0.0008463859;-0.50861764;4.4703484e-05;0.36141276;0.36136806;0.0;0.0;5096.0273;6118.6543;-2919.8582;6006.9624;-353.32;-1789.1967
1987-09-21;11.326935;-1.8682251;0.009902954;752.4472;1.1781241;176.81696;0.0;-7.3453654e-25;99.99998;-7.345365e-21;0.0017251159;-0.47606045;8.940697e-05;0.3567338;0.3566593;0.0;0.0;5092.704;6109.419;-2937.9658;5987.3154;-330.70334;-1803.9489
1987-09-22;10.67162;-3.2475994;0.009913127;750.7924;1.2642597;156.16537;0.0;-7.3453654e-25;99.99998;-7.345365e-21;0.0;-0.43891278;0.0;0.35205483;0.35205483;0.0;0.0;5009.734;6004.673;-2828.6533;6000.7334;-304.89777;-1882.9556
1987-09-23;8.665263;-2.828064;0.010135651;751.7771;1.2277851;66.50663;0.0;-7.3453654e-25;99.99998;-7.345365e-21;0.03193915;-0.38525555;0.0015571713;0.349164;0.3475994;0.0;0.0;4457.0854;5337.602;-2563.2983;6153.8296;-267.62445;-1721.0311
1987-09-24;10.053599;-3.1211548;0.010236104;753.857;1.1508138;145.3656;0.0;-7.3453654e-25;99.99998;-7.345365e-21;0.0035323019;-0.44144875;0.00016391277;0.34341216;0.34321845;0.0;0.0;4920.808;5887.8584;-2759.323;6057.2646;-306.66;-1760.7478
1987-09-25;11.386434;-1.9848328;0.0099817915;755.9719;1.130995;98.03293;0.0;-7.3453654e-25;99.99998;-7.345365e-21;0.03751691;-0.44108367;0.001758337;0.34067035;0.338912;0.0;0.0;4500.9287;5380.7705;-2561.5833;6406.241;-306.40668;-1507.0322
1987-09-26;11.207377;-2.6166687;0.00977834;755.18774;1.5514393;113.38687;0.0;-7.3453654e-25;99.99998;-7.345365e-21;0.27600825;-0.44553354;0.012874603;0.34756958;0.33470243;0.0;0.0;4522.199;5401.511;-2488.0583;6460.613;-309.49777;-1638.6378
1987-09-27;9.752513;-1.9999593;0.010047913;752.69257;1.2182809;149.8455;0.0;-7.3453654e-25;99.99998;-7.345365e-21;0.35431963;-0.5478896;0.01706183;0.3476739;0.33062696;0.0;0.0;3962.3816;4728.8057;-2352.21;6431.579;-380.6011;-1348.47
1987-09-28;9.413707;-0.06574503;0.010028839;752.3133;1.0680181;38.11359;0.0;-7.3453654e-25;99.99998;-7.345365e-21;0.6302297;-0.59015304;0.030592084;0.35725534;0.32663345;0.0;0.0;4476.222;5337.391;-2479.0784;6319.289;-409.96;-1540.1611
1987-09-29;10.813985;-1.376058;0.010148366;753.8814;0.8521332;83.4317;0.0;-7.3453654e-25;99.99998;-7.345365e-21;0.0042610937;-0.6830348;0.00020861626;0.32289326;0.3226921;0.0;0.0;4180.086;4980.0474;-2395.315;6484.7173;-474.48166;-1238.28
1987-09-30;11.088094;-1.5471497;0.010008494;755.6179;1.0965507;170.42091;0.0;-7.3453654e-25;99.99998;-7.345365e-21;0.055658817;-0.5631596;0.002413988;0.32123923;0.31882524;0.0;0.0;4263.595;5075.02;-2419.9976;6446.061;-391.20834;-1430.7844
1987-10-01;11.463074;-2.007904;0.010032654;757.2646;1.1297382;153.86653;0.0;-7.3453654e-25;99.99998;-7.345365e-21;0.0021547985;-0.55424124;0.00010430813;0.31511486;0.315018;0.0;0.0;4697.7173;5587.0083;-2754.9727;6162.835;-385.0122;-1458.95
1987-10-02;12.096466;-2.3074036;0.009825389;755.6238;1.2329885;187.04485;0.0;-7.3453654e-25;99.99998;-7.345365e-21;0.0017200583;-0.49717724;8.940697e-05;0.31132996;0.31125546;0.0;0.0;4647.1553;5522.1187;-2739.097;6188.4624;-345.37112;-1486.0
1987-10-03;11.004354;-2.1267395;0.01010259;750.00757;1.5301951;228.81136;0.0;-7.3453654e-25;99.99998;-7.345365e-21;0.55651367;-0.41872823;0.028118491;0.33570826;0.30758977;0.0;0.0;4603.0723;5465.03;-2523.1;6289.5;-290.87668;-1689.7766
1987-10-04;6.6912436;-0.13579305;0.010044098;746.895;1.45761;181.25438;0.0;-7.3453654e-25;99.99998;-7.345365e-21;1.7656416;-1.0275562;0.089392066;0.39356947;0.3041774;0.0;0.0;3253.0032;3858.2622;-1751.7805;6516.257;-713.8089;-1213.4423
1987-10-05;3.6107075;-0.065104164;-0.019704184;748.79614;1.1479368;84.580284;0.19132487;3.202756e-05;115.952126;0.16276042;11.461961;-0.87658596;0.72309375;1.0240078;0.30089915;0.0041853637;0.101320446;2834.7043;3359.5127;-1252.3467;6841.8833;-608.93225;-1287.7345
1987-10-06;3.36498;1.0225729;-0.2853686;750.0879;1.0195688;88.300835;0.47477213;7.033348e-05;150.45604;0.24414062;7.845343;-1.44321;0.53444505;0.83222985;0.29776245;0.044565648;0.00024586916;2529.8691;3003.9739;-922.57556;7054.8535;-1002.5211;-954.7878
1987-10-07;4.076223;-1.3207499;-3.3046238;752.1967;0.982589;96.15887;0.25309244;3.7829082e-05;151.85936;-7.345365e-21;0.08484125;-1.6162525;0.006362796;0.30100346;0.29464066;0.025831163;0.0;3742.746;4433.6094;-1879.29;6131.608;-1122.7644;-1062.6455
1987-10-08;2.2391255;-1.0972086;-4.2663536;751.2941;0.9664412;58.832886;0.13557942;2.0384789e-05;151.85968;-7.345365e-21;5.708863;-1.3219333;0.4028082;0.6943643;0.29155612;0.012608245;7.4505806e-06;3188.3826;3771.3508;-1750.7145;6041.7363;-918.3;-914.2022
1987-10-09;2.6476238;-3.4368286;-4.7082686;753.251;1.2690493;46.604992;0.0785319;1.1603038e-05;150.66795;-7.345365e-21;0.0043527326;-1.7169286;0.00086426735;0.28938055;0.28853118;0.0086426735;0.001244247;3994.2358;4719.499;-1976.3959;5877.2646;-1192.7034;-1113.7189
1987-10-10;2.334259;-4.740336;-7.357549;753.49805;1.9185852;33.048527;0.042073566;6.198883e-06;151.13702;-7.345365e-21;0.0008523463;-1.5170286;0.00032782555;0.28584898;0.2854988;0.003952533;0.00043213367;4377.66;5167.242;-2519.3284;5148.48;-1053.8434;-1133.2811
1987-10-11;2.484975;-6.511902;-8.626651;751.635;1.8451148;32.474606;0.02327474;3.5365422e-06;151.1328;-7.345365e-21;0.0008523463;-1.4437605;0.00022351742;0.28273463;0.28251112;0.0020489097;0.0;4509.356;5317.719;-2770.7468;4817.183;-1002.94;-955.5589
1987-10-12;2.7105713;-5.452891;-7.6586776;750.6365;1.331369;48.5981;0.012207031;1.748403e-06;151.1328;-7.345365e-21;0.0008523463;-1.2290292;0.00013411045;0.2797246;0.2795756;0.0012423843;0.0;4323.651;5094.1187;-2519.0386;5109.6924;-853.76776;-930.33887
1987-10-13;4.0853066;-3.9237263;-6.0902405;752.1255;0.984844;166.49995;0.0057779946;9.536743e-07;151.1328;-7.345365e-21;0.004157424;-1.1348138;0.00029802322;0.2770126;0.2767071;0.0007748604;0.0;3837.5144;4517.329;-2079.5542;5712.493;-788.31775;-881.8611
1987-10-14;5.3353677;-2.9451904;-5.234736;755.81525;1.0315512;162.52045;0.0026041667;2.3841858e-07;151.1328;-7.345365e-21;0.0009685755;-1.1698865;8.195639e-05;0.27395785;0.27388334;0.00037066638;0.0;3910.8506;4599.7466;-2096.1174;5839.7354;-812.68164;-837.04114
1987-10-15;5.5031533;-2.366618;-4.7652717;757.14386;1.0157448;64.54016;0.0007324219;-7.3453654e-25;151.1328;-7.345365e-21;0.024948243;-1.1398131;0.0013485551;0.27243793;0.27108938;0.00015087426;0.0;3741.479;4396.74;-2071.3345;5961.0146;-791.79;-776.0922
1987-10-16;5.4981484;-0.88345337;-6.2069945;757.0972;1.3567001;42.918934;0.0;-7.3453654e-25;128.3994;-7.345365e-21;0.00044107434;-1.1121892;2.9802322e-05;0.268355;0.2683252;5.401671e-05;0.0;4134.4634;4856.7637;-2342.696;5684.4;-772.60223;-981.5256
1987-10-17;5.9291587;-1.0454916;-3.0278118;755.85626;1.1655946;65.2002;0.0;-7.3453654e-25;111.23142;-7.345365e-21;0.023663044;-1.0394874;0.0011771917;0.2667904;0.2656132;1.6763806e-05;0.0;4075.8179;4786.3965;-2202.2314;5876.849;-722.0972;-950.80664
1987-10-18;4.4196267;1.7697449;-0.07873281;753.72797;0.71930766;71.57087;0.33951822;4.2637188e-05;121.86163;0.24414062;15.602047;-1.0895803;1.1286438;1.3917387;0.26308745;0.029196963;0.06946921;1408.8356;1659.9639;-453.46112;7395.5874;-756.88666;-313.39777
1987-10-19;5.48879;3.0020142;0.009797414;751.47076;0.71055096;72.16904;0.2113444;2.9524168e-05;146.52472;-7.345365e-21;10.608872;-1.0392675;0.8906573;1.151368;0.26070327;0.0187587;0.0;1517.29;1783.4144;-580.05664;7426.4443;-721.93555;-305.71222
1987-10-20;4.5846963;2.5857441;-0.66309863;750.91656;0.7816747;62.29536;0.10172526;1.4901161e-05;151.66405;-7.345365e-21;3.2015295;-1.0611229;0.25053322;0.50885975;0.25834143;0.010052696;0.0;1884.7905;2212.4045;-871.23584;7098.5967;-737.12054;-460.28445
1987-10-21;3.4048462;-0.20621745;-0.7329152;749.5568;0.9031851;64.25862;0.056233723;8.34465e-06;151.66405;-7.345365e-21;0.61130524;-1.2461878;0.04452467;0.30052662;0.2559796;0.0051110983;0.0;2480.4534;2910.0322;-1078.4542;6822.34;-865.6872;-706.2967
1987-10-22;3.9398906;-0.6060384;-2.3383446;748.86993;0.8502498;92.18342;0.03116862;5.0465264e-06;151.62758;-7.345365e-21;1.1234053;-1.2286948;0.08407235;0.33770502;0.2536252;0.0030696392;0.007867813;2954.5923;3464.8022;-1538.8395;6370.8735;-853.5344;-677.7367
1987-10-23;1.4204813;0.5591634;-0.67732495;748.8321;0.89960885;34.732967;11.5407715;0.0018541416;147.8893;12.084961;18.767118;-0.6015468;1.5656203;1.8169582;0.25136024;0.26929379;3.414452;779.88055;942.5733;-460.7025;7040.0273;-417.6111;-274.43555
1987-10-24;2.2395935;0.83306885;-1.2902908;751.14496;0.7301449;93.0135;16.39795;0.0024137497;150.77406;16.357422;3.7498772;-1.08427;0.51534176;0.764519;0.24918467;1.436647;0.0;2286.6716;2946.2566;-953.60114;6694.49;-752.86334;-567.89886
1987-10-25;2.108083;0.11247762;-1.0562744;749.7835;0.81259257;86.41631;9.174805;0.0013575951;150.92967;9.155273;4.2564273;-1.1312534;0.5338341;0.78085065;0.24701655;0.8658189;0.084955245;2458.0173;3023.6921;-1044.85;6697.871;-786.05;-684.98114
1987-10-26;0.03145345;-3.4539287;-2.2013485;749.7302;1.4194275;46.276577;12.408203;0.0019141436;150.49315;12.491862;1.8980086;-0.851158;0.08799136;0.33289194;0.24490058;0.44374353;1.5304759;1482.4438;1851.6812;-813.67944;6599.4985;-593.85834;-487.1078
1987-10-27;-0.70533246;-4.803182;-2.2271423;750.2656;1.1468438;68.104195;19.718912;0.0029800732;149.6087;19.978842;1.7135352;-0.8878196;0.11895597;0.3618002;0.24282932;0.80977196;1.4496558;1919.5133;2534.7434;-829.39166;6582.8154;-622.7039;-671.7611
1987-10-28;-0.70844525;-3.06958;-4.0421195;750.77783;0.9235506;94.537605;22.049887;0.0033305485;150.61327;21.809896;2.098608;-0.534324;0.18703938;0.42784214;0.24081767;0.67904407;0.9342618;1212.9506;1618.2267;-901.1556;6312.729;-373.4111;-357.16333
1987-10-29;-1.638265;-2.5766094;-1.8311411;748.9196;0.827331;78.49435;60.584393;0.009739439;144.72101;65.389;19.798388;-0.41225737;0.43085217;0.6697476;0.23888052;1.1245962;16.266163;1043.91;1656.1389;-473.87222;6697.7534;-288.96667;-272.17776
1987-10-30;-2.6791077;-3.9957225;-1.0578041;747.86896;0.81961864;122.02167;99.97689;0.034197092;146.53546;230.59082;18.596077;-0.20842068;0.13810396;0.37506223;0.23698062;0.32913685;16.549267;728.24835;2931.4956;-724.23834;6287.849;-158.03223;-154.29889
1987-10-31;-4.912534;-6.7773986;-4.0802917;750.6309;0.9342174;114.679726;100.0;0.037691236;152.83038;246.58203;0.50405264;-0.22885856;0.011056662;0.24616718;0.23511052;0.09517372;0.39954484;1002.26886;3580.58;-934.7756;5791.215;-172.97;-171.94333
1987-11-01;-2.7223408;-7.4627404;-4.6260147;751.2099;0.85094196;196.22191;100.0;0.037411094;158.5348;236.32812;0.048245493;-0.19612071;0.07528067;0.30855834;0.23327768;0.6339103;0.040866435;1078.7439;3555.8057;-1003.6494;5706.803;-145.48111;-87.53445
1987-11-02;-0.38578287;-2.0736287;-2.479594;748.0274;0.6621865;201.43452;100.0;0.037163693;163.93976;225.99284;17.752533;-0.09757187;1.9840598;2.215594;0.23151189;2.973238;5.629264;783.7228;2438.2412;-191.86945;6835.318;-72.13611;-98.31111
1987-11-03;-2.5164387;-3.2824352;-0.46203995;746.6282;1.2850643;208.48155;100.0;0.044944208;160.63441;278.68652;4.331866;-0.27044398;0.078246;0.3080368;0.2297908;0.25642848;3.7824512;964.71277;3310.0923;-818.7633;6260.6655;-206.46222;-238.92334
1987-11-04;-2.5853908;-4.9131675;-2.7861798;750.01855;0.8574466;252.8206;100.0;0.04605754;166.41957;276.7334;0.2919227;-0.2938453;0.018298626;0.2464354;0.22813678;0.15124679;0.23365393;1108.2916;3444.9568;-1104.8672;5729.1284;-223.73445;-139.9289
1987-11-05;-2.285492;-4.7281775;-3.3280003;750.39307;1.0132691;182.70709;99.50464;0.045298934;173.28578;260.78287;1.2941211;-0.17164367;0.17382205;0.4003644;0.22654235;1.2686327;1.0471232;1231.4634;3569.2021;-962.325;5858.323;-126.75;-93.653336
1987-11-06;-0.67784625;-2.8974102;-0.835378;745.4462;0.9313767;200.61566;99.27344;0.048227906;175.61261;271.93198;14.939189;-0.24994463;0.25305152;0.47805905;0.22501498;0.9614844;13.475451;672.6017;1926.2556;-338.07388;6810.2856;-190.96445;-76.026665
1987-11-07;-2.9833984;-3.8803432;-0.6478119;744.44257;1.0284942;157.00357;100.0;0.06850934;165.25844;411.74316;10.280043;-0.2053231;0.10384619;0.3274083;0.22353232;0.24507195;9.3300085;818.04944;3159.5522;-987.60443;6000.721;-155.52888;-176.98
1987-11-08;-5.811352;-8.32058;-6.9132905;750.0859;1.0597683;92.91669;100.0;0.07067422;169.24217;416.5039;0.006568432;-0.13480708;0.00782311;0.22992492;0.22210181;0.063816085;0.003941357;1095.9856;3824.5288;-1300.2167;5061.427;-99.06778;-140.03223
1987-11-09;-6.650068;-9.745626;-9.9355135;749.61206;1.1589533;100.15992;100.0;0.07058418;172.49086;407.67416;0.0037133694;-0.0737682;0.011578202;0.2323091;0.220716;0.096341595;0.0028647482;1174.6855;3981.6833;-1379.6317;4768.691;-51.256668;-58.68778
1987-11-10;-6.7006187;-15.328715;-13.105754;749.44507;1.0896157;92.889854;100.0;0.07047534;174.96613;401.12305;0.0033855438;-0.09394158;0.013574958;0.23294985;0.21936744;0.11382252;0.002078712;1234.7117;4076.379;-1453.2272;4397.9463;-66.56333;9.82
1987-11-11;-3.3839734;-13.114647;-12.752818;749.50464;1.1044863;110.33646;100.0;0.07033626;177.15785;395.75195;0.0004351138;-0.07777102;0.017821789;0.23588538;0.21805614;0.14907308;0.0;1248.2017;4024.8254;-1249.664;4699.2534;-54.304443;46.255554
1987-11-12;-1.3237101;-12.975095;-9.308887;751.45337;1.0121063;104.050934;100.0;0.07010615;179.8102;388.42773;0.0;-0.12366567;0.02977252;0.24655461;0.21676719;0.2451241;0.0;1134.0488;3570.6968;-1146.8439;5140.7085;-89.24611;43.334446
1987-11-13;0.31061807;-11.214976;-8.512563;752.5915;0.92424774;217.47914;99.068115;0.06969309;182.77211;379.35385;0.0008523463;-0.13948046;0.061929226;0.27742982;0.2155155;0.47361106;0.0;1266.15;3851.391;-1354.2661;4982.239;-100.238335;44.578888
1987-11-14;-2.0507;-7.185646;-5.80403;753.086;1.179951;178.00307;97.54126;0.06951034;186.47784;370.76822;0.41611493;-0.09983219;0.07210672;0.28640032;0.21428615;0.5274806;0.022727996;1103.5767;3212.1;-1035.545;5569.3564;-69.837776;-29.006666
1987-11-15;-3.8945415;-8.516072;-6.413091;756.84125;1.5865229;14.757241;96.37321;0.06913368;190.63768;360.43295;0.0025212765;-0.12198463;0.05248189;0.2655685;0.2130866;0.38228184;0.0016540289;1352.3472;3717.4612;-1520.0094;4953.1846;-85.61667;-13.396667
1987-11-16;-2.9964702;-10.963449;-9.217149;758.0522;1.5740033;9.619531;95.58887;0.06874442;193.56151;352.49838;0.0;-0.118262134;0.054761767;0.26667118;0.21191686;0.38979575;0.0;1464.4711;3863.2212;-1713.4478;4515.923;-82.70111;62.516666
1987-11-17;-1.4665018;-13.499301;-10.082442;755.5162;1.2920169;56.818645;95.03214;0.06833875;195.69594;346.15073;0.00042617318;-0.114369206;0.057563186;0.2683103;0.21076947;0.4013367;0.0;1476.1528;3802.09;-1581.7278;4614.275;-80.780556;70.94
1987-11-18;0.9379985;-12.369698;-8.315787;753.9897;0.92244047;310.29514;94.631836;0.067896046;197.8828;340.3727;0.0017097272;-0.14148466;0.06094575;0.27057528;0.20963699;0.41461363;0.0;1368.92;3454.4956;-1368.7089;5009.234;-102.33;45.314445
1987-11-19;-0.63397217;-9.556122;-6.8112183;753.9914;0.8695643;297.958;94.346924;0.06740729;200.43683;332.96713;0.0;-0.15107356;0.07040799;0.27894974;0.2085343;0.46695396;0.0;1427.9789;3522.4656;-1434.0405;5060.222;-109.48;-9.065556
1987-11-20;-1.0086263;-7.882955;-5.7293496;750.7373;0.9378517;252.3546;94.1569;0.06699196;203.3408;325.76498;0.9213567;-0.19041821;0.05763769;0.26509166;0.20745397;0.3674291;0.52822006;1440.8267;3448.3032;-1239.5884;5360.32;-141.14111;-16.55
1987-11-21;-0.59536743;-2.5054219;-1.1028544;750.479;0.818881;217.86278;94.645836;0.06896349;203.20018;332.84506;6.3015547;-0.19699149;0.2463758;0.45277178;0.20639598;1.498364;4.9231796;1073.105;2633.9778;-699.5011;6424.7144;-146.16112;-78.71667
1987-11-22;-0.7686157;-2.2870991;-1.0586447;753.71265;0.6615569;213.5273;95.543945;0.07169453;202.71742;348.06314;1.4317237;-0.12334995;0.4785061;0.6838739;0.20536035;3.167212;0.35381317;808.4167;2159.1223;-808.6633;6238.379;-89.791115;-81.05556
1987-11-23;-1.2264608;-5.2306824;-2.8901775;755.7254;0.98511034;275.38684;94.98389;0.06985573;207.84178;329.63052;0.0045776363;-0.1565544;0.1803264;0.38465858;0.20433962;1.1996739;0.0033006072;1251.8883;3149.8577;-1234.555;5593.5405;-113.33111;-85.82111
1987-11-24;-1.8182577;-9.128998;-4.8992105;754.8567;1.0854965;45.441986;94.58846;0.069040574;212.75812;317.54556;0.002141609;-0.14947169;0.07598102;0.27930737;0.20334125;0.4569888;0.0;1463.2023;3510.9888;-1718.4639;4856.755;-106.57445;0.18
1987-11-25;-3.541036;-6.2764893;-4.5675354;752.851;1.5248652;22.27387;94.33163;0.06829405;216.60023;307.86133;0.01322031;-0.18535182;0.13498962;0.3373325;0.20235032;0.8856244;0.010814518;1292.5472;3004.219;-1192.5627;5484.8467;-138.06334;-63.897778
1987-11-26;-2.4832153;-5.796997;-4.9089203;753.55585;1.520079;19.15912;94.17562;0.06760653;220.82582;298.29916;0.0038325784;-0.18153153;0.05891919;0.2603233;0.2014041;0.34353882;0.0016801059;1440.3905;3238.4521;-1661.4272;4921.5854;-134.99777;-30.64889
1987-11-27;-4.330597;-7.836487;-7.3079376;752.81903;1.3922578;20.642;94.07438;0.067191206;223.9671;291.5039;0.0006854534;-0.16572607;0.053167343;0.25361776;0.20046532;0.3082566;0.00067427754;1508.0673;3306.7957;-1785.2356;4561.5156;-123.80222;-28.277779
1987-11-28;-4.794764;-8.746228;-9.644694;754.05;1.5510397;23.598633;94.004555;0.066859804;225.56444;287.96387;0.0015795231;-0.15505776;0.031501055;0.2310574;0.19955263;0.18293783;0.00071525574;1518.8739;3265.8179;-1757.0303;4405.7627;-117.21445;-3.0144444
1987-11-29;-4.318184;-11.30946;-11.70194;756.674;1.7781143;20.591564;93.960205;0.06664141;226.77406;285.03418;0.0008881092;-0.12424588;0.01733005;0.21599233;0.19866228;0.101298094;2.6077032e-05;1615.1111;3423.7588;-1990.3572;3969.9797;-94.44;70.88111
1987-11-30;-3.43727;-15.344672;-12.749504;758.2955;1.7222406;17.349487;93.16715;0.06638352;227.8141;282.18588;0.0;-0.11202879;0.039950013;0.23774803;0.19779056;0.23256242;0.0;1653.3783;3443.2478;-2025.664;3868.7373;-83.905556;113.39555
1987-12-01;-4.152828;-17.341192;-13.093572;757.66327;1.2467465;49.43024;91.67456;0.06605828;228.78156;279.78516;0.00085234636;-0.083871186;0.054091215;0.25102496;0.1969412;0.3122501;0.0;1685.8894;3436.3933;-1990.0105;3897.6777;-61.50778;66.35222
1987-12-02;-3.6793213;-17.623652;-12.653039;756.34576;1.076255;265.9602;90.090576;0.06571599;229.72687;277.1403;0.0;-0.08115359;0.052571297;0.24868548;0.19610673;0.30034035;0.0;1702.4127;3394.629;-1876.1422;4081.6177;-59.84889;42.135555
1987-12-03;-3.1292114;-14.463229;-8.700179;752.9787;0.76812893;306.36325;89.184326;0.06582371;230.44334;276.00098;0.7600099;-0.1678653;0.028252602;0.22353232;0.19528717;0.11945143;0.20666048;1121.956;2200.7166;-1037.9684;5338.1523;-127.318886;5.8522224
1987-12-04;-2.653473;-5.7791543;-4.26473;751.2642;0.588492;190.10704;90.4209;0.06777012;225.73695;287.55698;7.880345;-0.13069436;0.05224347;0.24671853;0.19447505;0.15559793;6.980132;883.8233;1724.8066;-484.77112;6338.385;-98.78222;-64.30666
1987-12-05;-2.8728027;-3.3376465;-0.99592084;747.9204;0.47625914;113.49652;99.51571;0.097958446;179.94171;529.94794;45.68512;-0.1331307;0.06940961;0.2631098;0.1937002;0.0;43.406334;154.22722;618.74335;-125.95556;6947.294;-104.225555;-124.55111
1987-12-06;-5.582644;-7.449408;-2.7844288;743.5137;0.52107733;164.41502;100.0;0.12621665;165.30402;755.4118;8.072037;-0.17737411;0.00016391277;0.19307435;0.19291788;0.0;7.7691674;620.00555;2453.0889;-828.63947;5910.3867;-136.83112;-156.02333
1987-12-07;-6.8580337;-7.8849144;-5.934877;747.41943;0.8652778;227.24217;100.0;0.13072701;169.05695;766.0726;2.5141716;-0.061662868;0.0;0.19216537;0.19215792;0.0;2.5082417;539.08777;2116.6445;-502.55276;6079.128;-46.796665;-114.45
1987-12-08;-7.180546;-9.362114;-7.925429;749.39166;0.741417;211.3303;100.0;0.13195229;174.39874;749.5524;0.15497208;-0.033513643;0.0;0.19139051;0.19140542;0.0;0.15218928;692.8322;2695.9578;-1047.7722;5232.66;-24.022223;-82.486664
1987-12-09;-8.5039;-12.284219;-13.172264;750.02716;1.0200387;113.536224;100.0;0.1320064;178.95409;730.3874;0.00049471844;0.00926666;0.0;0.19067526;0.19066781;0.0;5.9604645e-05;830.75446;3150.2966;-1191.5178;4571.375;9.156667;2.0066667
1987-12-10;-5.145437;-8.716693;-11.951608;750.0618;0.6343133;261.4855;100.0;0.13223517;182.27765;717.97687;1.2624949;0.007368624;0.0;0.1899451;0.1899451;0.0;1.2166761;677.79944;2506.0845;-322.9761;5835.1465;7.2055554;-14.136666
1987-12-11;-3.6077678;-4.0268044;-5.568029;748.4466;0.59195167;201.94975;100.0;0.15643863;171.50323;902.4658;55.23561;-0.004143454;0.05608797;0.24533272;0.18922985;0.0;52.4349;136.34111;549.5611;192.40111;7002.557;-3.2116666;-27.875555
1987-12-12;-3.415385;-3.790039;-2.2731884;746.4311;0.952188;202.4471;100.0;0.20489661;163.39484;1247.1924;22.50165;-0.12597628;0.041127205;0.2296716;0.18852949;0.0;20.83282;246.93;1057.3088;-25.296667;6983.043;-98.191666;-169.13445
1987-12-13;-3.4063187;-3.9198277;-1.9516983;745.43506;0.8150642;218.96637;100.0;0.21746142;175.66339;1234.8226;6.353813;-0.14740229;0.010713935;0.19855797;0.18784404;0.006251037;5.837731;311.19388;1291.5656;-142.77112;6866.471;-114.00889;-164.43777
1987-12-14;-4.7257156;-5.7272606;-3.7654545;749.67456;0.63691306;214.1289;100.0;0.22068119;188.23598;1169.7998;0.6389171;-0.08438248;0.0;0.18715858;0.18715858;0.0;0.6000921;650.6633;2540.4355;-961.11725;5687.541;-62.404446;-92.314445
1987-12-15;-6.5832686;-10.660821;-7.741175;752.57544;0.9589908;84.0954;100.0;0.22078216;197.6087;1114.0137;0.0048190355;-0.08208584;0.0;0.18648803;0.18648058;0.0;0.00352785;783.46387;2957.6855;-1214.4678;5001.8096;-60.18889;-75.79
1987-12-16;-4.4780083;-11.590426;-10.963025;753.512;0.80250007;188.55006;100.0;0.22078387;203.82745;1079.6305;0.0004351138;-0.027429312;0.0;0.18581748;0.18582493;0.0;0.0;785.86053;2897.0522;-1052.745;4953.458;-17.848888;32.093334
1987-12-17;-3.6961162;-6.112681;-9.418834;752.1447;0.48005924;228.1652;100.0;0.22529621;205.52342;1089.8844;17.74495;0.012146309;0.0;0.18516183;0.18517673;0.0;16.601965;376.58777;1371.8744;140.56277;6639.238;10.622222;0.28666666
1987-12-18;-2.145813;-2.6973774;-4.1047363;750.5022;0.42763254;80.73109;100.0;0.24926944;198.09438;1252.1566;23.333014;0.00038556755;0.06043911;0.24497509;0.18453598;0.0;21.03313;209.06667;885.0311;43.40333;6989.5547;1.0166667;-21.02111
1987-12-19;-2.4885864;-3.0289612;-1.8249664;749.1245;0.46941254;112.00347;100.0;0.27483964;198.20148;1380.778;27.945143;-0.069977716;0.08422136;0.2681613;0.18391758;0.04210137;25.739513;250.88222;1066.2411;-139.73723;6914.2935;-53.68222;-83.51
1987-12-20;-4.2678123;-5.1366677;-2.0687664;746.52936;0.6091635;193.74579;100.0;0.30038536;199.15948;1504.476;12.958545;-0.19231625;0.0;0.18331409;0.18330663;0.0;12.656071;422.14334;1750.6333;-329.74222;6604.892;-148.37555;-194.65778
1987-12-21;-4.2227073;-4.825892;-2.8746235;749.72626;1.0253204;206.54692;100.0;0.30821142;208.8893;1472.7377;8.49207;-0.1412388;0.0;0.18271804;0.18270314;0.0;8.033663;283.02335;1139.8345;-100.13944;6812.7666;-109.458885;-161.01222
1987-12-22;-3.9922588;-4.7536316;-2.682953;748.18384;0.80858517;144.30038;100.0;0.3227829;213.041;1509.4808;23.399637;-0.14790148;0.0;0.18212199;0.18212199;0.0;22.896626;412.22223;1712.53;-227.285;6708.1123;-113.49778;-164.32777
1987-12-23;-5.631846;-6.769047;-3.5447998;740.9741;0.677006;159.6012;100.0;0.36055827;202.96385;1770.4264;29.870718;-0.13241358;0.0;0.18154085;0.1815483;0.0;29.415775;230.87445;1004.76556;-365.94168;6377.7646;-102.79444;-109.87111
1987-12-24;-6.513382;-7.3916116;-4.9751053;742.6091;1.0385064;198.53668;100.0;0.3750424;208.59015;1792.4398;25.536522;-0.12875907;0.0;0.1809895;0.1809895;0.0;25.507942;355.80057;1511.1956;-183.82;6507.467;-99.36667;-188.43889
1987-12-25;-8.137551;-9.316184;-6.295816;745.31805;1.3443084;206.48106;100.0;0.40415022;204.04002;1978.1494;10.872049;-0.09910017;0.0;0.18042326;0.18043071;0.0;10.862925;532.24664;2317.9077;-550.7122;5933.6743;-75.39667;-169.54333
1987-12-26;-8.617408;-9.973212;-7.697891;748.1048;0.7751605;157.78703;100.0;0.41063663;212.27472;1933.7565;2.6433513;-0.056969002;0.0;0.17988682;0.17987937;0.0;2.6381352;541.4106;2322.0544;-778.7161;5542.1504;-42.01889;-100.884445
1987-12-27;-9.832619;-13.044797;-10.158074;748.4931;0.5384925;81.30221;100.0;0.4120104;220.9619;1864.0137;0.39414167;-0.03328733;0.0;0.17933547;0.17933547;0.0;0.3902763;571.9167;2404.709;-899.18835;5140.952;-23.51111;-59.918888
1987-12-28;-11.638516;-14.095567;-12.208674;745.7674;0.8013961;151.65694;100.0;0.4125315;227.63441;1811.1572;0.8137435;-0.031977892;0.0;0.17880648;0.17880648;0.0;0.8077398;615.72723;2525.6746;-655.9744;5268.0566;-22.391111;-76.592224
1987-12-29;-11.63276;-13.46573;-12.507256;744.868;0.8811858;241.65788;100.0;0.41342807;232.55531;1776.3672;1.1111498;-0.013437122;0.0;0.17827749;0.17827004;0.0;1.1077113;637.6533;2559.9734;-663.96277;5265.5195;-8.505555;-66.32
1987-12-30;-13.690407;-16.810822;-13.394447;742.4895;0.7660215;151.54848;100.0;0.4152124;235.50323;1761.3119;1.4360994;-0.028569251;0.0;0.17774105;0.1777485;0.0;1.4188812;626.8728;2493.5823;-1258.6995;4401.683;-20.27;-68.78889
1987-12-31;-11.311073;-18.074745;-17.157986;743.9282;0.7108806;206.14024;100.0;0.41575208;239.14581;1737.2233;0.17806888;-0.026354566;0.0;0.17723441;0.17722696;0.0;0.17635524;786.10333;3064.7556;-969.36554;4457.7725;-17.741112;3.6411111
1988-01-01;-11.651916;-14.998778;-16.366898;746.147;0.7764792;144.96959;100.0;0.41671672;241.05272;1727.2949;0.81499815;0.0024782494;0.0;0.17671287;0.17671287;0.0;0.81444156;713.9989;2753.9268;-1018.2794;4537.8887;3.8344445;-6.851111
1988-01-02;-10.56802;-18.002684;-18.469004;751.9927;1.2785382;109.99683;100.0;0.41687605;244.32713;1704.6713;0.0012934243;-0.006622635;0.0;0.17619133;0.17620623;0.0;0.0;874.1289;3285.831;-1173.7067;4150.908;-2.5122223;87.748886
1988-01-03;-6.99919;-18.135094;-17.763767;752.83765;1.0215789;255.69359;100.0;0.4168953;247.53905;1682.8207;0.0013005848;-0.017117709;0.0;0.17569959;0.17569214;0.0;0.0;853.2039;3130.8833;-967.56946;4536.1704;-10.621111;97.96667
1988-01-04;-6.451842;-18.912163;-16.137825;752.23584;0.91104984;236.16766;100.0;0.4169105;250.88637;1660.726;0.07033001;-0.02754666;0.0;0.17519295;0.17519295;0.0;0.067695975;658.1778;2358.149;-334.1861;5465.771;-19.484444;65.14
1988-01-05;-5.9430556;-8.657374;-11.692534;748.66925;0.5395774;117.301735;100.0;0.4225013;249.43617;1690.5924;12.464362;0.012819655;0.0;0.17470121;0.17470121;0.0;12.458442;322.36777;1191.4567;314.33945;6703.8823;10.734445;-3.788889
1988-01-06;-4.743815;-5.6827292;-8.19434;747.31415;0.57498646;93.45739;100.0;0.43554306;243.75941;1784.4645;7.847357;0.011864118;0.0;0.17422438;0.17420948;0.0;7.807225;393.3278;1637.7678;-206.80333;6305.548;10.628889;-28.45
1988-01-07;-6.015489;-9.554803;-8.562607;749.5291;1.4287443;21.420416;100.0;0.4381133;249.41632;1756.0629;0.067058206;-0.023108907;0.0;0.17371774;0.17371774;0.0;0.067055225;742.49554;3066.0244;-1302.7811;4842.436;-14.102222;8.476666
1988-01-08;-8.270024;-14.09409;-12.108514;752.58374;1.5151801;9.99345;100.0;0.4381477;255.22754;1716.2272;0.0012814999;-0.023180619;0.0;0.173226;0.17321855;0.0;0.0;838.49554;3365.0544;-1405.2006;4368.2637;-13.986111;62.557777
1988-01-09;-8.089793;-14.75499;-13.832566;754.3206;1.5760521;8.047791;100.0;0.4381726;259.56216;1687.1338;0.0;-0.015363097;0.0;0.17271936;0.17273426;0.0;0.0;861.9289;3370.3577;-1210.3256;4522.2466;-8.106667;86.49555
1988-01-10;-6.814837;-14.178268;-14.358665;753.8813;1.4591436;7.656717;100.0;0.43820283;263.3252;1663.4115;0.00085234636;-0.010948628;0.0;0.17225742;0.17225742;0.0;0.0;876.6578;3342.6323;-1134.8772;4604.534;-4.86;95.22111
1988-01-11;-5.863566;-15.828704;-14.79576;750.8309;0.969429;43.402355;100.0;0.43823197;266.79233;1642.0898;0.04502535;-0.023469329;0.0;0.17178059;0.17175823;0.0;0.040888786;873.3539;3250.0222;-1140.49;4531.53;-14.828889;78.0
1988-01-12;-7.7777305;-10.377468;-13.161495;745.71014;0.6188316;129.1294;100.0;0.45292792;252.62727;1789.266;27.080328;0.018943101;0.0;0.17128885;0.17128885;0.0;27.001314;251.5561;1033.9656;135.28389;6265.1206;15.182222;9.811111
1988-01-13;-7.2333984;-8.465588;-10.240064;746.5354;0.7229709;248.63562;100.0;0.46660098;243.7057;1914.0219;3.131628;0.002188608;0.0;0.17082691;0.17081946;0.0;3.127873;476.15555;2036.331;-112.36056;6238.7666;3.5611112;-47.385555
1988-01-14;-7.2431793;-8.312496;-8.132735;747.69214;0.787189;199.58543;100.0;0.4709959;247.2158;1904.6631;2.9012709;-0.02719462;0.0;0.17035007;0.17035753;0.0;2.8867462;508.5472;2151.2688;-344.77722;6120.223;-19.085556;-72.67111
1988-01-15;-7.019239;-8.855732;-7.677873;745.48553;0.7167907;65.796974;100.0;0.4747374;251.80467;1883.5449;9.66987;-0.047247857;0.0;0.16990304;0.16988814;0.0;9.664356;519.2361;2148.199;-321.13;6168.049;-34.107777;-76.10111
1988-01-16;-6.60842;-8.319957;-6.511734;744.7234;0.80652356;72.96572;100.0;0.49294576;245.02602;2008.7076;17.56351;-0.06383564;0.0;0.1694262;0.1694262;0.0;17.554783;287.91165;1242.3867;-205.74667;6389.2734;-48.65222;-54.32111
1988-01-17;-8.618926;-11.3957205;-7.530379;746.5927;1.2473754;41.154377;100.0;0.50434464;245.4199;2053.8738;6.833428;-0.09239651;0.0;0.16896427;0.16897172;0.0;6.8259315;569.92944;2449.5266;-768.57056;5558.453;-69.05556;-77.92
1988-01-18;-8.641088;-11.691372;-8.561305;744.5733;1.629456;24.083258;100.0;0.511223;248.42738;2056.966;5.326606;-0.11482462;0.0;0.16850233;0.16850978;0.0;5.321268;413.3561;1777.0355;-500.4161;5808.0645;-87.861115;-30.593334
1988-01-19;-9.623913;-13.804657;-11.277572;748.29785;0.9764959;49.24747;100.0;0.51299924;254.36522;2016.7643;0.011097643;-0.036782585;0.0;0.1680404;0.16804785;0.0;0.008087605;864.6372;3614.8088;-1552.8606;4216.513;-24.52111;-46.232224
1988-01-20;-9.581223;-13.961577;-14.444687;747.92487;0.68981403;176.37791;100.0;0.5130416;259.4414;1976.9287;0.2624338;-0.018317252;0.0;0.16757846;0.16759336;0.0;0.25949627;823.3356;3351.9;-993.48224;4668.6113;-11.173333;-22.076666
1988-01-21;-10.34032;-11.931714;-12.824982;742.54956;0.597125;276.52768;100.0;0.5149087;261.2207;1969.6859;3.1593215;-0.011054799;0.0;0.16713142;0.16713142;0.0;3.1590536;624.00055;2496.679;-249.77;5846.162;-6.498889;-81.37778
1988-01-22;-11.151298;-12.884231;-11.545863;742.19037;0.7229073;194.70174;100.0;0.5168754;263.7946;1959.1471;0.5719751;-0.035520643;0.0;0.16668439;0.16668439;0.0;0.5669743;810.0689;3234.9478;-806.16833;5222.005;-24.769444;-108.38111
1988-01-23;-10.51806;-12.358929;-11.518075;743.7783;0.56762576;220.88152;100.0;0.5183874;266.65298;1942.4235;4.894054;-0.04090462;0.0;0.16623735;0.16623735;0.0;4.889395;733.00336;2860.5056;-452.65054;5669.2554;-29.355556;-120.30111
1988-01-24;-7.874105;-8.848044;-9.036513;743.54047;0.5913713;184.47455;100.0;0.538813;247.166;2176.2695;23.752361;-0.0050682575;0.0;0.16582012;0.16579777;0.0;23.743681;262.5711;1130.1122;62.640556;6530.5938;-3.1655555;-53.053333
1988-01-25;-6.667928;-7.496244;-6.9088645;742.4568;0.89646626;199.23369;100.0;0.5559275;242.52309;2289.0217;20.109997;-0.05755201;0.0;0.16535819;0.16535819;0.0;20.102188;418.58835;1801.7;-71.03889;6560.4243;-43.10889;-135.36223
1988-01-26;-6.48467;-7.5757575;-6.231725;742.78265;0.6034632;215.59496;100.0;0.57058626;243.6953;2342.2444;3.7829063;-0.057844445;0.0;0.16492605;0.16492605;0.0;3.7731268;690.55054;2981.2957;-602.80225;5953.108;-41.426666;-125.21111
1988-01-27;-6.525065;-7.6843467;-6.1436462;744.76074;1.244525;213.71721;100.0;0.5728609;253.25551;2262.492;4.060492;-0.105382875;0.0;0.16447902;0.16447902;0.0;4.0551834;604.3444;2550.7734;-340.985;6286.5845;-79.31555;-156.7911
1988-01-28;-6.9536347;-7.9682517;-5.8563485;742.31934;0.9298108;217.47533;100.0;0.5812424;257.6328;2255.4119;8.464327;-0.08061528;0.0;0.16404688;0.16403943;0.0;8.456174;357.84;1524.6555;-336.02554;6265.5977;-61.70111;-121.005554
1988-01-29;-10.174443;-12.28966;-7.9098663;743.4192;0.9311289;201.67688;100.0;0.5845486;264.46777;2210.8562;0.7980515;-0.13253093;0.0;0.16359985;0.1636073;0.0;0.7915124;824.1178;3459.7866;-1005.9483;5206.4976;-99.56778;-203.05444
1988-01-30;-8.638581;-10.244918;-8.910924;745.3444;1.4269809;218.76959;100.0;0.58624285;269.90073;2171.5496;3.3277621;-0.07241964;0.0;0.16316772;0.16316772;0.0;3.3230112;695.52167;2852.881;-461.60223;5868.823;-53.715557;-130.42555
1988-01-31;-6.756449;-7.6148276;-7.325367;744.0703;1.422698;215.13832;100.0;0.59385663;270.56607;2192.0574;17.198572;-0.043998472;0.0;0.16273558;0.16273558;0.0;17.194447;373.27554;1540.6222;6.4866667;6611.235;-33.16;-118.48
1988-02-01;-5.9930115;-6.908468;-5.9329324;736.2509;1.0550193;174.0544;100.0;0.6410761;249.99184;2558.0647;58.415615;-0.020518899;0.0;0.16231835;0.16231835;0.0;58.40148;111.46;484.93222;-25.901112;6650.9746;-15.896667;-43.61
1988-02-02;-6.85553;-8.889923;-6.121348;737.4368;0.53474456;139.48882;100.0;0.6773494;242.61229;2790.7307;16.216219;-0.0839401;0.0;0.16191602;0.16189367;0.0;16.211815;352.9289;1534.789;-304.00055;6267.0376;-64.16889;-77.12222
1988-02-03;-6.611088;-7.9161325;-6.4203377;744.1021;0.77101666;189.04543;100.0;0.6845732;251.75453;2721.5576;1.6347424;-0.06779004;0.0;0.16146898;0.16147643;0.0;1.6312971;807.2144;3463.8032;-744.5528;5760.1646;-48.43889;-134.37889
1988-02-04;-7.5386558;-8.7954035;-6.4796205;746.99316;0.84094507;210.7364;100.0;0.68774366;261.30338;2633.2195;3.0132115;-0.09882264;0.0;0.16103685;0.1610443;0.0;3.0056796;785.38446;3312.2566;-632.44946;5901.72;-73.37666;-184.08778
1988-02-05;-8.777514;-15.087554;-8.017185;750.726;0.81132346;96.35917;100.0;0.68871015;270.58887;2546.6309;0.007528066;-0.17031468;0.0;0.16060472;0.16060472;0.0;0.005811453;999.18335;4125.9487;-1490.0961;4631.2656;-126.924446;-185.79222
1988-02-06;-8.397777;-18.340452;-12.806104;752.1683;1.2971338;19.179478;100.0;0.6886778;277.27377;2484.5784;0.00086564466;-0.08082576;0.0;0.16017258;0.16017258;0.0;0.0;1115.0573;4480.426;-1647.4617;3994.5134;-57.014446;8.14
1988-02-07;-6.560814;-15.732099;-12.197425;749.3426;0.95525366;25.52215;100.0;0.68886644;282.1556;2441.7317;0.9799071;-0.07083174;0.0;0.15974045;0.15974045;0.0;0.95974654;709.3994;2780.8623;-249.59222;5947.8438;-51.20889;-5.3922224
1988-02-08;-7.2380676;-9.925769;-9.729497;745.55963;0.7764334;53.212036;100.0;0.69135934;285.44595;2422.0378;2.1647573;-0.03487058;0.0;0.15932322;0.15932322;0.0;2.159912;603.1272;2371.2588;-538.9131;5772.984;-24.472221;-58.79889
1988-02-09;-8.787674;-13.163329;-10.700474;744.9016;1.2315478;22.252205;100.0;0.69199586;290.5586;2382.487;0.008040667;-0.06588362;0.0;0.15890598;0.15889853;0.0;0.007607043;1105.1267;4270.68;-1351.363;4629.512;-45.61;-86.46889
1988-02-10;-8.014018;-13.106864;-12.447431;745.78436;1.0167382;77.2392;100.0;0.6920106;295.22495;2344.279;0.0008580289;-0.0438923;0.0;0.15847385;0.15847385;0.0;0.0;1218.4661;4588.344;-1571.4667;4219.275;-28.659445;-33.61222
1988-02-11;-7.602268;-14.970123;-13.899605;746.21857;1.0668193;50.977646;100.0;0.692029;299.06738;2314.616;0.0;-0.050097704;0.0;0.15805662;0.15805662;0.0;0.0;1276.1555;4690.622;-1588.5623;4100.5625;-33.45778;-0.9388889
1988-02-12;-7.289921;-16.94901;-14.824215;746.105;1.0879455;44.836384;100.0;0.69204026;302.38184;2289.5508;0.00087022776;-0.06399769;0.0;0.15762448;0.15763193;0.0;0.0;1328.1733;4767.1787;-1596.69;4041.9705;-43.923332;22.397778
1988-02-13;-7.8777947;-16.789581;-15.022175;746.324;1.241378;26.13321;100.0;0.6920479;305.38248;2266.8865;0.0012937908;-0.018968247;0.0;0.15722215;0.1572147;0.0;0.0;1212.4861;4252.3813;-1225.7966;4520.17;-12.676666;8.726666
1988-02-14;-8.409532;-15.984281;-14.634685;747.55176;1.2497581;25.092003;100.0;0.6920569;308.33823;2245.2393;0.0004351138;0.001561828;0.0;0.15680492;0.15681982;0.0;0.0;1397.5823;4790.471;-1572.6472;4128.3164;1.8916667;-33.877777
1988-02-15;-7.9504013;-18.126345;-14.859029;747.5478;1.051935;49.3508;100.0;0.69206005;311.15332;2224.7722;0.0012904404;-0.015106052;0.0;0.15641749;0.15641749;0.0;0.0;1450.2794;4862.0376;-1520.5522;4187.9966;-11.112223;-32.832222
1988-02-16;-8.461909;-13.627694;-13.489556;742.00757;1.230779;30.44361;100.0;0.693206;312.79556;2215.7795;5.0688086;0.004567206;0.0;0.15604496;0.15603006;0.0;5.0505695;980.1361;3224.1055;-462.1739;5631.7017;3.56;-42.25
1988-02-17;-7.7071013;-10.569976;-10.4412775;739.5713;0.99859506;45.436268;100.0;0.69954795;309.33463;2261.1897;3.529787;-0.0102594495;0.0;0.15565753;0.15563518;0.0;3.5275147;912.0311;3372.2434;-636.47614;5660.1523;-8.142222;-120.80666
1988-02-18;-8.04424;-10.585171;-10.015893;743.29224;0.79207826;167.76671;100.0;0.70119095;311.79263;2249.593;0.35132766;-0.03325194;0.0;0.1552701;0.15524775;0.0;0.34412742;1041.2755;3886.3328;-956.1278;5211.219;-25.596666;-145.7589
1988-02-19;-8.15863;-9.773593;-9.239661;747.99896;0.72863007;236.38646;100.0;0.70170903;315.0934;2227.3357;1.2831688;-0.07219985;0.0;0.15485287;0.15486032;0.0;1.2792423;954.93445;3497.0967;-440.42722;5970.1406;-56.36;-200.13
1988-02-20;-6.105662;-7.650106;-7.1418166;750.97046;0.5987707;213.54732;100.0;0.70332414;317.29297;2217.041;1.2180746;-0.08508749;0.0;0.15448034;0.15447289;0.0;1.2087748;997.7317;3666.494;-494.735;6144.5073;-66.34556;-200.37555
1988-02-21;-5.6271462;-7.932322;-6.115377;749.3626;0.73550606;154.66524;100.0;0.7040197;321.27866;2192.1794;1.196149;-0.117143616;0.0;0.15409291;0.15408546;0.0;1.1911578;1233.9177;4480.0312;-759.2803;5907.258;-91.327774;-240.8
1988-02-22;-4.1818748;-5.8553367;-4.7935615;746.9003;0.81658417;179.49933;100.0;0.7059927;324.181;2178.3855;2.780571;-0.13233908;0.0;0.15370548;0.15370548;0.0;2.6513636;1072.8767;3927.6746;-556.70557;6278.371;-103.41556;-211.55112
1988-02-23;-4.8919168;-5.801286;-4.1183715;741.5484;0.7476966;159.6923;100.0;0.72157305;315.9105;2281.2908;28.730185;-0.06682053;0.0;0.15331805;0.1533255;0.0;28.528898;367.22723;1488.6256;-294.5;6510.7573;-52.13;-120.725555
1988-02-24;-8.110347;-10.081428;-5.3600044;741.93066;1.0278727;195.68428;100.0;0.74489355;301.34668;2469.93;19.671867;-0.21535158;0.0;0.15294552;0.15293807;0.0;19.616276;542.58777;2326.781;-481.3639;6061.7227;-168.37889;-266.71555
1988-02-25;-10.169862;-13.4511385;-8.140813;746.5848;0.96819323;146.80646;100.0;0.75639296;297.09048;2547.2004;0.27279854;-0.12935139;0.0;0.15255809;0.15255809;0.0;0.26790053;1139.68;4896.6377;-1637.8694;4410.941;-100.60222;-262.3989
1988-02-26;-8.024109;-18.24259;-12.037384;749.8547;1.0056474;76.34139;100.0;0.75639844;302.20932;2503.8655;0.0008523463;-0.035972334;0.0;0.15217066;0.15218556;0.0;0.0;1329.395;5557.142;-1868.8761;3835.2617;-27.257778;-85.75445
1988-02-27;-5.161226;-16.95147;-12.971562;749.676;0.7564536;266.10126;100.0;0.7563831;306.10938;2471.761;0.052708387;-0.023335218;0.0;0.15181303;0.15180558;0.0;0.049710274;1294.4944;5263.9043;-1026.9338;4940.23;-18.141111;-96.80334
1988-02-28;-4.46521;-6.210673;-10.242381;746.37134;0.76752836;229.67607;100.0;0.75886106;308.24155;2460.49;11.436582;0.050753355;0.0;0.1514405;0.15143305;0.0;11.383273;571.6578;2274.6155;77.035835;6570.708;39.734444;-44.073334
1988-02-29;-3.960561;-4.453837;-6.5648093;741.0544;0.97456676;200.80351;100.0;0.79768723;289.0586;2753.9062;54.510254;0.036220998;0.0;0.15106797;0.15106797;0.0;53.067604;304.87723;1315.0522;110.51722;6887.1133;28.356667;-38.557777
1988-03-01;-5.1393127;-6.441484;-4.674372;741.56396;1.2255172;210.33955;100.0;0.8266414;284.54263;2907.3894;2.8150976;-0.105390325;0.0;0.15068054;0.15069544;0.0;2.7332344;1087.7339;4680.074;-814.6972;5900.8687;-82.06333;-271.68222
1988-03-02;-4.902405;-5.8021646;-4.7364197;740.9404;1.066048;214.28792;100.0;0.83296126;290.9912;2860.6365;22.483248;-0.0904724;0.0;0.15032291;0.15033036;0.0;22.10179;592.4461;2476.8416;-230.72667;6560.9233;-70.85111;-198.52777
1988-03-03;-5.0863442;-6.036921;-3.7873344;738.5835;1.4467945;193.90096;100.0;0.87357503;281.10742;3106.2012;22.78598;-0.11158362;0.0;0.14996529;0.14995784;0.0;22.226736;1041.3774;4539.678;-906.75665;5833.3745;-87.05778;-302.35333
1988-03-04;-8.438998;-10.553692;-5.7491417;734.3098;1.0197966;168.71393;100.0;0.8932974;279.68393;3191.162;28.861477;-0.16952679;0.0;0.14959276;0.14959276;0.0;28.850313;400.1814;1734.0411;-552.6717;5935.4443;-133.20555;-224.57222
1988-03-05;-8.934204;-11.993748;-7.9429893;741.6221;0.7573378;213.93828;100.0;0.9055626;281.889;3215.088;0.9009987;-0.09804033;0.0;0.14922023;0.14922768;0.0;0.8920319;1211.9116;5212.4463;-999.38165;5313.134;-76.30556;-288.25333
1988-03-06;-7.6064186;-13.221845;-9.611183;745.5583;0.8129867;131.09604;100.0;0.90607095;290.08594;3125.529;0.0016093254;-0.036632642;0.0;0.1488626;0.1488626;0.0;0.0016093254;1433.6017;6006.3545;-1819.8867;4145.529;-27.824444;-201.29666
1988-03-07;-6.2779746;-12.7110405;-10.895374;744.989;0.78728336;70.37032;100.0;0.9061497;296.6071;3056.722;0.27799606;-0.027952716;0.0;0.14849007;0.14849752;0.0;0.2719313;1172.5178;4781.711;-917.5403;5223.6157;-21.14889;-143.94556
1988-03-08;-3.8239338;-5.9872193;-8.160218;740.5808;0.6653708;112.944435;100.0;0.9101124;301.00586;3023.1934;11.178848;0.026483089;0.0;0.14813244;0.1481399;0.0;10.961704;713.3968;2858.708;-71.50833;6607.5234;21.220556;-85.842224
1988-03-09;-4.321635;-5.265381;-5.263041;741.325;1.3982669;209.9944;100.0;0.92007285;303.68423;3030.965;5.376065;-0.07249229;0.0;0.14777482;0.14778227;0.0;5.253654;995.75525;4182.1685;-412.1464;6421.858;-56.447777;-253.69556
1988-03-10;-4.444326;-5.3710227;-4.1172485;744.3483;1.2747016;203.23547;100.0;0.92960906;306.96518;3029.0527;7.804973;-0.0961544;0.0;0.14740229;0.14742464;0.0;7.7709928;1054.8389;4499.015;-600.6019;6247.6177;-74.852776;-299.52222
1988-03-11;-4.711426;-5.9268594;-3.6766357;744.1359;1.2335526;197.72919;100.0;0.9391777;310.01138;3026.9368;27.85092;-0.18085353;0.0;0.14707446;0.14705956;0.0;27.659557;1100.7974;4600.374;-597.4339;6267.161;-141.51334;-364.12668
1988-03-12;-5.537323;-7.0829062;-4.084028;745.83234;1.3206528;207.91908;100.0;0.9630292;304.1494;3168.213;2.6683838;-0.16291626;0.0;0.14671683;0.14670938;0.0;2.6522949;1204.252;5208.6475;-985.2722;5727.817;-127.25389;-332.38333
1988-03-13;-5.431427;-7.7805686;-4.8424582;744.2744;0.7393959;178.53137;100.0;0.9644627;312.31055;3089.6404;3.1136541;-0.12525916;0.0;0.1463592;0.14635175;0.0;3.10117;1379.657;5798.2554;-1116.2855;5533.153;-97.382225;-316.87555
1988-03-14;-4.785736;-7.4083114;-5.0916038;747.50775;0.7228968;241.8075;100.0;0.9687969;316.39975;3063.5986;1.339999;-0.09241328;0.0;0.14598668;0.14600158;0.0;1.3360828;1382.1992;5798.553;-1105.2258;5558.467;-71.54889;-272.66556
1988-03-15;-5.0750833;-7.2846246;-5.296631;750.394;0.8758915;231.02623;100.0;0.9688184;323.65268;2995.1172;0.09691119;-0.12602285;0.0;0.14565885;0.1456514;0.0;0.09210408;1419.4097;5789.733;-1133.8837;5488.6846;-98.04056;-303.90668
1988-03-16;-4.1805215;-7.7043357;-5.5682983;751.8438;0.978826;103.89865;100.0;0.9688137;330.1185;2936.4421;0.0036984675;-0.06901473;0.0;0.14530122;0.14530122;0.0;0.0024028122;1554.5331;6182.7114;-1504.5808;5056.721;-52.994446;-276.69556
1988-03-17;-2.6785076;-10.450753;-6.9383035;751.4802;0.8261594;134.67722;100.0;0.96877927;335.65494;2887.614;0.00215383;-0.059730373;0.0;0.1449585;0.14495105;0.0;0.0;1669.1466;6468.926;-1596.5331;4808.8867;-45.47778;-201.45111
1988-03-18;-1.2830709;-9.6814165;-6.6883545;748.16364;0.64634067;177.21185;100.0;0.9687581;340.49478;2846.1506;0.26985407;-0.072878785;0.0;0.14460087;0.14460087;0.0;0.26482716;1645.747;6214.561;-1093.6855;5541.645;-55.809444;-203.81111
1988-03-19;-1.6003824;-4.7514954;-4.2000527;745.63324;0.8555036;199.77834;100.0;0.9700649;344.77963;2814.494;4.3700995;-0.107987784;0.0;0.14425814;0.14426559;0.0;4.012659;1235.3928;4609.208;-608.8922;6320.175;-83.882225;-183.78444
1988-03-20;-3.4767761;-5.066671;-3.3396404;740.9783;0.7083311;153.92476;100.0;0.98786354;339.77377;2905.721;27.919075;-0.050839037;0.0;0.14391541;0.14392287;0.0;26.747755;432.74445;1716.4933;-501.09445;6313.2935;-39.766666;-79.07445
1988-03-21;-3.7580974;-4.7735457;-3.3810933;742.8091;0.9403761;193.17462;100.0;1.0044938;335.8815;2992.2688;4.277962;-0.11883769;0.0;0.14358759;0.14358014;0.0;4.201494;1140.9739;4830.1;-701.2342;6209.958;-92.541115;-318.82
1988-03-22;-3.290202;-6.787964;-3.2335675;745.758;0.795863;71.95291;100.0;1.0056864;341.96616;2943.3186;0.14515035;-0.21562539;0.0;0.14322996;0.14324486;0.0;0.1361072;1269.5612;5149.8833;-863.12085;6008.9224;-168.42223;-316.93555
1988-03-23;-3.6536357;-7.453837;-3.5584767;746.86957;0.84909075;59.22119;100.0;1.006327;347.78842;2895.9148;1.119405;-0.20126253;0.0;0.14290214;0.14290214;0.0;0.947319;1340.1128;5234.668;-1188.7167;5571.2285;-157.05112;-273.27335
1988-03-24;-2.553548;-7.059143;-4.8155823;749.7786;0.87889487;81.18414;100.0;1.0066777;353.0602;2853.5156;0.4749149;-0.0768248;0.0;0.14255941;0.14256686;0.0;0.40863827;1749.1083;6600.5933;-1563.1128;5028.9277;-58.796665;-267.08554
1988-03-25;-0.34396362;-4.319712;-4.5061493;750.38165;0.81418866;187.34956;100.0;1.0070022;357.8789;2816.6912;0.014781952;-0.06769225;0.022858381;0.16507506;0.14222413;0.2097413;0.004902482;1776.7905;6495.915;-1307.0703;5465.5376;-48.114445;-211.78778
1988-03-26;-3.1153362;-4.3163657;-4.0390983;742.6525;0.7098821;218.57018;100.0;1.015643;356.96548;2845.988;18.463482;-0.043381006;0.0029206276;0.14480948;0.1418814;0.0;17.766766;483.06055;1816.3778;-395.2378;6395.9023;-33.104443;-66.38778
1988-03-27;-3.807495;-5.039541;-3.522456;742.80084;1.0317966;201.5819;100.0;1.0263313;354.4961;2898.4783;1.8644512;-0.1888033;0.0;0.14154613;0.14154613;0.0;1.8275082;1278.2905;5223.055;-705.61444;6203.739;-145.24222;-347.6378
1988-03-28;-3.33195;-4.5226746;-2.8443298;748.0275;0.8896373;234.4637;100.0;1.0281203;358.83237;2868.7336;2.0753324;-0.20156614;0.0040382147;0.14524162;0.14121085;0.017866492;1.8594339;1377.15;5420.064;-837.8933;6116.4155;-155.04889;-353.59113
1988-03-29;-2.0236409;-5.226176;-2.7107952;749.83234;0.72525066;254.79427;100.0;1.0288339;363.73892;2832.2754;0.18266141;-0.22923574;0.024035573;0.16491115;0.14086813;0.21282583;0.17213076;1609.6794;6143.6035;-1250.6666;5621.197;-175.44333;-312.26556
1988-03-30;-2.3995159;-3.9603474;-2.6648457;747.9549;0.8364027;233.62163;100.0;1.0376916;362.52148;2864.339;14.208111;-0.11445861;0.03184378;0.17237663;0.1405254;0.13894774;12.51978;1019.18445;4017.4983;-552.55;6396.3564;-87.12778;-215.62111
1988-03-31;-4.9671936;-6.990336;-2.7874756;746.94037;0.99537444;274.44092;100.0;1.0452857;363.05307;2882.6904;4.7635436;-0.30116084;0.0;0.14020503;0.14019758;0.0;4.6982765;1355.4739;5440.2427;-1364.8062;5346.426;-233.39333;-381.74112
1988-04-01;-4.403422;-11.625458;-5.3126526;750.2153;0.9553682;122.20727;100.0;1.0474629;366.05893;2865.7227;0.00192523;-0.21393411;0.0;0.1398623;0.13985485;0.0;1.4901161e-05;1767.8217;6982.135;-1870.3948;4532.2817;-162.40555;-269.64667
1988-04-02;-2.3055012;-10.924942;-6.6530557;752.7939;0.9962497;67.38898;100.0;1.0473653;369.8356;2836.1409;0.0;-0.12475066;0.0;0.13951957;0.13951957;0.0;0.0;1932.4316;7356.3135;-1878.772;4505.116;-91.99555;-212.15334
1988-04-03;-0.28475952;-12.093471;-7.170685;752.5529;0.9732709;152.42682;100.0;1.0473056;373.30664;2810.14;0.00084638596;-0.14172775;0.0;0.13917685;0.13917685;0.0;0.0;2031.3683;7480.822;-1921.1936;4456.7183;-104.76667;-145.82666
1988-04-04;-2.365102;-9.144267;-7.177948;749.71124;1.0875992;177.26659;100.0;1.0475016;376.60385;2786.7024;0.54678935;-0.15956536;0.0;0.13884902;0.13884902;0.0;0.12589246;1805.205;6439.797;-1512.1622;4919.766;-120.62111;-179.62889
1988-04-05;-2.3307393;-7.395681;-6.0046744;751.19556;1.0423074;63.928646;100.0;1.0475543;379.96777;2762.8987;0.032946467;-0.17906167;0.026509166;0.16503036;0.1385063;0.22399798;0.02669543;1804.1355;6250.7983;-1199.2587;5491.536;-135.42444;-228.6789
1988-04-06;-1.7274271;-7.046763;-5.067866;750.77734;0.88320565;158.35704;100.0;1.0471777;383.61133;2736.2468;0.0017728591;-0.17891079;0.04017353;0.178352;0.13817847;0.32533333;0.00090152025;2076.8606;6993.2437;-1473.58;5229.1646;-134.49222;-268.96222
1988-04-07;-1.2431335;-4.290151;-3.7964222;750.7092;1.1454812;124.92627;100.0;1.0483848;386.7858;2717.4072;4.805893;-0.08385815;0.15071034;0.288561;0.13784319;0.6337557;2.33151;1679.29;5496.241;-1152.4216;5656.257;-61.793335;-183.75778
1988-04-08;-0.18949382;-5.897654;-3.2062123;755.19775;1.2427008;46.02165;100.0;1.0500511;389.75034;2702.3518;0.0037491317;-0.14304556;0.16203523;0.29954314;0.13752282;1.0912902;0.00032782555;2171.979;7312.6035;-1819.7186;4951.385;-105.683334;-234.99777
1988-04-09;2.091441;-7.588014;-3.35406;754.2264;1.148297;44.963306;100.0;1.0488424;393.5332;2673.991;0.00087022776;-0.15820749;0.19726157;0.33447146;0.13718754;1.1995882;0.0;2230.6055;7312.1436;-1656.0762;5173.33;-116.835556;-169.89223
1988-04-10;1.3868103;-8.053955;-2.4238484;752.1409;1.0292195;105.99328;100.0;1.0470835;397.2526;2645.3044;0.00042617318;-0.2393797;0.34190714;0.4787892;0.13687462;1.9317902;0.0;2204.94;7045.7505;-1584.4316;5343.8823;-180.49222;-182.31667
1988-04-11;1.7151388;-4.8943887;-1.6838785;752.7194;0.93088144;154.38994;100.0;1.0456563;401.39194;2614.8682;3.0010374;-0.15724637;0.41240454;0.5489886;0.1365915;1.7551035;0.00052154064;2247.9072;6761.165;-1152.3878;5938.973;-116.412224;-208.39223
1988-04-12;0.42658487;-0.19969685;-0.11260986;752.16046;0.5731954;102.30618;100.0;1.0515641;406.38574;2596.1506;17.316072;-0.030050054;2.3557992;2.5790036;0.22318959;3.71518;1.0912194;462.28278;1277.9706;132.97166;7445.721;-22.81;-66.683334
1988-04-13;2.0656025;-0.3209432;0.003584544;752.727;0.89121246;63.51263;100.0;1.0428394;409.84375;2552.8157;14.010015;-0.087447464;4.527092;4.749045;0.2219528;12.639724;0.8022003;1749.0784;4472.072;-378.56805;7054.2183;-64.05055;-181.63889
1988-04-14;0.02190145;-0.44821167;0.0058314004;746.65155;0.7279282;140.04268;100.0;1.0370778;412.30533;2522.7458;50.817776;-0.061947852;19.92023;22.257746;2.3375154;3.9385426;0.5677119;362.29944;886.45667;105.09055;7418.073;-48.32611;-68.67778
1988-04-15;0.4068807;-2.6590679;-0.09514745;748.1997;0.9605753;156.19423;100.0;1.0276417;415.0485;2483.4797;0.1083539;-0.39980376;3.6761613;3.8428903;0.1667291;13.649278;0.032797456;2671.686;6317.09;-1295.5586;5939.532;-307.85223;-345.92
1988-04-16;0.6840617;-4.3013306;-0.23768234;749.3233;1.0350872;79.86089;100.0;1.0172988;419.4554;2432.3323;1.0742038;-0.30091405;2.2434444;2.3920984;0.14865398;8.468259;1.4901161e-05;2740.203;6177.9854;-1218.1342;5977.5654;-229.27777;-227.65111
1988-04-17;1.1801758;-0.092803955;-0.024454752;748.87256;0.818548;107.11643;100.0;1.011788;423.37857;2395.7112;25.403608;-0.034599565;8.775547;9.664774;0.8892268;7.5213647;0.33943728;863.6633;1872.1956;-38.8825;7309.1157;-25.602222;-51.712223
1988-04-18;1.9714355;-4.622528;-0.078629814;750.04126;0.8460377;127.5962;100.0;0.9983857;425.70248;2351.2776;0.04081726;-0.49912745;5.452633;6.359801;0.90716034;17.279926;0.0008121133;3430.825;7353.1606;-1621.617;5675.074;-383.90054;-324.25888
1988-04-19;2.3741863;-4.236796;-0.18994777;747.6826;1.0543611;97.79206;100.0;0.98406076;429.45737;2296.9158;0.027775764;-0.4046941;4.494458;4.6766996;0.18223375;13.040636;0.0;3435.4966;7180.4395;-1429.4847;5872.7354;-310.0772;-245.4589
1988-04-20;1.7275289;-1.4291788;-0.09038925;747.0257;1.0736349;117.28753;100.0;0.96831924;432.9186;2241.4958;4.817772;-0.27783123;7.403344;8.439392;1.0360479;16.768284;0.21298602;3080.4343;6317.079;-994.66473;6397.668;-211.29277;-247.64
1988-04-21;1.3127238;-1.3826904;-0.024515787;748.4788;1.1286811;149.18335;100.0;0.95199805;435.15005;2191.7725;3.825858;-0.6816322;7.1919413;8.269101;1.0771677;17.378792;0.5732551;3207.7578;6543.0005;-784.94165;6665.8267;-515.0661;-230.34
1988-04-22;1.4779459;-1.7719523;-0.0512708;746.2993;1.0543121;158.64035;100.0;0.9358294;436.8314;2146.0369;0.76425374;-0.47510025;6.4491777;7.447153;0.99797547;15.8626175;0.03886223;2736.6194;5655.0806;-1033.4852;6276.574;-356.21335;-175.37778
1988-04-23;0.8353068;-4.1773376;-0.15561931;746.625;0.8965562;196.95343;100.0;0.9214991;439.20963;2101.1963;0.007871977;-0.85092896;5.070664;5.4048896;0.33423305;13.911736;0.005453825;3698.175;7533.2656;-1654.8425;5569.9395;-645.48444;-321.54224
1988-04-24;1.1313986;-4.4037476;-0.18941498;747.49725;1.0749545;85.04932;100.0;0.9097809;442.63086;2057.6172;4.5170574;-0.5964302;4.409969;4.8306136;0.42065978;9.974241;0.2532881;3243.274;6521.726;-1338.965;5902.95;-447.84113;-173.21666
1988-04-25;3.329417;-0.7432149;-0.06366094;747.8811;1.2755979;27.370016;100.0;0.89529246;445.1172;2013.3871;1.1333942;-0.28064382;8.853406;10.355443;1.5020444;19.279156;0.0;3091.4116;6224.286;-1124.9547;6269.1636;-200.65056;-126.705
1988-04-26;4.047567;-0.5545247;-0.08197403;749.0175;1.0294863;51.84853;100.0;0.8758028;447.3314;1959.4727;0.07708669;-0.25399682;7.8433156;8.774429;0.93114376;19.81885;7.4505806e-06;2955.5396;5889.9146;-848.6253;6567.283;-179.40723;-125.755554
1988-04-27;3.5277812;1.2045797;-0.06299591;749.8139;0.8928779;100.45324;100.0;0.85865784;449.52213;1911.0514;0.81929564;-0.1385808;6.33125;7.644236;1.3130009;15.497696;8.940697e-05;2500.6777;4943.5547;-720.5603;6708.9556;-95.59722;-100.31555
1988-04-28;2.5506084;0.9484965;-0.024261475;748.85425;0.81645805;184.66467;100.0;0.8424284;450.0;1872.8434;5.5649953;-0.2092123;8.656725;10.447756;1.7910228;16.358212;0.0014416873;2381.5417;4673.6177;-429.36444;7023.328;-151.66333;-185.60333
1988-04-29;2.6183777;1.1913248;-0.007859548;746.742;0.74101573;195.10057;100.0;0.8241412;450.0;1832.5195;5.921572;-0.15232712;9.998843;11.442319;1.4434755;19.02628;0.0;2497.4421;4876.55;-570.9192;6885.171;-106.32889;-152.12778
1988-04-30;2.0742493;0.58259076;-0.008703868;744.7793;1.4072305;181.3043;100.0;0.80524915;450.0;1790.5273;13.253319;-0.34155977;13.734728;16.400724;2.6659818;20.33592;0.020831823;2905.3254;5649.23;-485.66306;7019.291;-251.74445;-190.82777
1988-05-01;0.8209941;0.05038452;0.007797241;744.25665;1.3280854;214.19069;100.0;0.79372215;444.47983;1785.6852;18.867958;-0.30556136;10.527924;15.120253;4.592322;11.839054;5.1982255;1864.0972;4692.3076;-312.77667;7102.865;-227.85333;-249.31334
1988-05-02;0.83358765;0.08005778;0.003056844;748.79486;0.97100097;190.1231;100.0;0.7828543;442.62598;1768.6768;19.405573;-0.26528352;11.058331;14.282688;3.224358;14.304001;6.25395;2185.2256;5217.128;-484.8286;6941.997;-194.38777;-261.84778
1988-05-03;1.4523824;-0.3866984;-0.029982248;750.9617;0.7865791;132.9118;100.0;0.77490044;437.29297;1772.583;5.385542;-0.3264714;7.0044994;10.5057955;3.5012887;12.25809;0.014655292;2385.6545;6724.858;-870.3775;6498.023;-236.50111;-248.57
1988-05-04;1.908783;-1.7286377;-0.08567301;752.9712;0.97740215;91.930626;100.0;0.7620883;439.56088;1734.2123;2.4047196;-0.37186593;5.6262465;8.735239;3.1089857;13.552691;3.3527613e-05;2872.7566;7354.241;-1356.4397;5927.09;-268.12668;-237.0689
1988-05-05;2.6660664;-2.189494;-0.1386884;753.53046;1.3022555;36.85408;100.0;0.7491069;442.67676;1692.627;1.728046;-0.3824802;5.541831;9.264708;3.722854;13.018344;0.0;2870.5667;6854.38;-1286.7306;5984.517;-277.24222;-164.74556
1988-05-06;4.714335;-2.7383728;-0.1800855;752.74365;0.91987824;158.58127;100.0;0.7356078;446.79947;1647.3795;0.20775393;-0.37119073;5.3608866;9.235531;3.8746297;14.040437;0.0;3356.0867;7617.109;-1534.5773;5721.547;-264.8878;-140.89
1988-05-07;5.0299277;0.16027832;-0.11854807;751.8186;1.3254989;244.97752;100.0;0.7195025;449.62436;1601.1963;0.55867434;-0.3863033;6.9699736;11.885002;4.915014;17.252106;0.0;3267.0916;7132.2534;-1246.0006;6144.579;-279.23666;-83.76444
1988-05-08;5.8415427;0.7669983;-0.11136627;750.90985;1.4389528;212.815;100.0;0.70061237;450.0;1557.7799;1.3033485;-0.46715233;8.1290455;13.841778;5.7127476;19.676651;0.0;3518.9712;7460.8843;-1352.0167;6015.965;-341.28223;-43.735554
1988-05-09;4.4088745;-0.41758218;-0.0941391;748.21906;1.9514837;224.41866;100.0;0.6828372;450.0;1518.1478;2.8799415;-0.75901395;7.429078;13.367027;5.937934;17.63213;0.0;3451.4856;7153.669;-1272.7836;6102.348;-572.95447;-8.135555
1988-05-10;4.032705;-1.2573446;-0.14174525;750.23486;1.0519774;196.30516;100.0;0.6649237;450.0;1478.1901;0.0035911798;-0.5249325;7.7807903;15.232027;7.451244;18.36044;0.00032037497;3670.52;7478.8022;-1592.1906;5709.6924;-386.01;-126.568886
1988-05-11;4.6508484;-0.23239136;-0.17406845;749.5298;1.3912381;210.74199;100.0;0.6464825;450.0;1437.3373;2.0547092;-0.52672064;8.30026;16.099989;7.7997;18.261656;0.0;3818.284;7676.9277;-1605.7694;5722.079;-388.3289;-70.37
1988-05-12;4.9923806;-0.20225017;-0.14912796;750.04974;1.0908906;261.75375;100.0;0.626265;450.0;1392.5781;0.7523775;-0.44516566;9.26879;18.489033;9.220272;21.075054;0.00010430813;3846.6868;7653.642;-1367.9255;5995.4766;-322.14;-138.66444
1988-05-13;6.267853;0.7298787;-0.1301244;750.94916;1.333084;254.1623;100.0;0.60519093;450.0;1345.6217;0.70244485;-0.42125303;9.194001;20.097286;10.903299;21.05927;0.0;3798.149;7495.2866;-1359.6394;6060.945;-304.4861;-47.092224
1988-05-14;6.930013;1.5002441;-0.09888458;752.4212;1.2361674;138.44681;100.0;0.58278185;450.0;1296.3461;0.7869601;-0.27144608;9.207949;21.754936;12.546987;22.752094;0.0;3534.824;6931.6;-1178.7839;6244.7686;-189.06721;-57.02222
1988-05-15;7.6901145;0.8182678;-0.10359573;754.45215;1.1675147;115.527306;100.0;0.5586738;450.0;1243.0013;0.36548972;-0.282689;10.9142065;23.23538;12.321189;25.014948;0.0;3826.9927;7468.24;-1227.1544;6225.9663;-195.28223;-60.61778
1988-05-16;9.599426;-2.7058308;-0.10492452;756.29865;1.2170914;89.53064;100.0;0.5328096;450.0;1185.3842;0.008898973;-0.398173;11.774927;24.785816;13.010904;26.640232;0.0;4166.5864;8098.512;-1339.6914;6144.4873;-281.84113;-27.766666
1988-05-17;11.373454;-0.5503438;-0.07950338;755.0757;1.0171758;64.94309;100.0;0.505111;450.0;1124.0234;0.27722418;-0.35005435;12.54648;27.489334;14.942855;28.203074;0.0;4115.449;7974.6055;-1112.6727;6449.62;-245.00667;-11.126667
1988-05-18;11.110413;-0.2780355;-0.0455424;752.0554;1.2425033;145.38252;100.0;0.47636935;450.0;1060.0992;0.4040297;-0.3787568;12.203037;28.799995;16.596966;28.403748;0.0;3873.7517;7488.854;-975.4228;6613.9956;-269.04333;15.095555
1988-05-19;9.511342;0.29563394;-0.07752609;751.0865;1.261806;225.6568;100.0;0.44866624;450.0;998.291;0.020501018;-0.37046522;11.578724;28.07641;16.497686;27.089405;0.0;3905.7273;7536.8745;-1258.6716;6236.932;-263.0611;-7.838889
1988-05-20;8.34259;0.46531168;-0.12018204;751.66;1.455267;237.4275;100.0;0.4231199;450.0;941.1621;0.47475594;-0.44537896;10.741607;25.431871;14.69028;25.192854;0.0;3872.1467;7459.6123;-1232.7977;6216.22;-321.675;6.707778
1988-05-21;8.938446;0.91118366;-0.11476135;751.5329;1.2690275;108.79059;100.0;0.39775768;450.0;885.0505;2.7013004;-0.32034516;11.901662;26.535526;14.633872;25.055517;0.0;3864.1667;7437.6787;-1169.9972;6304.965;-224.66;-23.632223
1988-05-22;7.9974465;2.0567424;-0.09189733;750.98505;1.2208124;226.45076;100.0;0.3718462;450.0;827.7995;0.44771433;-0.28760824;11.467561;25.627241;14.159664;26.457302;0.0;3798.7744;7304.349;-1074.3016;6427.7124;-199.54611;-58.275555
1988-05-23;8.151845;0.26016235;-0.13326518;750.1836;1.4237491;203.59637;100.0;0.34539375;450.0;768.9616;0.083075605;-0.4821038;10.902569;23.867086;12.964509;26.403732;0.0;3983.811;7655.0073;-1275.7977;6180.39;-349.335;-13.35
1988-05-24;7.126648;-1.2157898;-0.17146301;748.7324;1.4459162;191.37584;100.0;0.32076895;450.0;714.2741;0.65499544;-0.58029497;10.370046;23.216932;12.84688;23.347788;0.0;4018.574;7715.0923;-1323.0961;6101.66;-427.2211;-28.45
1988-05-25;5.704651;-3.1327617;-0.19788997;750.36957;1.4150585;194.22308;100.0;0.2991904;450.0;665.89355;0.28603858;-0.7609455;8.159772;20.530909;12.37113;19.929073;0.0;3737.7944;7173.8013;-1394.7372;5940.057;-571.8444;-51.48
1988-05-26;8.747467;0.4416809;-0.20508449;752.3386;0.993871;131.941;99.843834;0.2760912;450.0;614.5833;0.828743;-0.35996735;11.284799;24.065733;12.78092;25.0839;0.0;4053.285;7776.168;-1108.8545;6382.601;-253.33444;-88.297775
1988-05-27;9.407817;1.1693115;-0.10040029;749.29425;1.7558695;158.84505;97.9257;0.24960776;450.0;555.9489;0.5760177;-0.49155858;11.523932;25.913387;14.389456;27.148333;0.0;3597.244;6829.6934;-1016.18445;6544.2637;-354.91333;94.753334
1988-05-28;6.1350403;1.2377726;-0.14790599;749.5374;1.5750551;215.67046;95.89999;0.2271765;450.0;505.77798;0.33806822;-0.50890815;7.259369;21.762566;14.503196;19.623705;0.0;3231.0295;6066.319;-814.2033;6665.165;-371.45334;-34.296665
1988-05-29;6.257721;3.001241;-0.07000097;750.98566;1.0550922;219.63318;94.81136;0.20462258;450.0;455.52573;2.3590624;-0.35348907;10.888487;25.565624;14.677152;23.898312;0.0;3329.986;6212.189;-794.85;6753.222;-245.94;-149.50223
1988-05-30;7.3664756;1.5823364;-0.18461354;751.66016;1.1322986;136.70192;94.201416;0.17989762;450.0;400.67545;0.61042607;-0.44559503;11.116251;25.466993;14.350742;25.786013;0.0;3724.1223;6922.438;-940.31;6609.3213;-308.9389;-150.72333
1988-05-31;8.998016;1.2195231;-0.27107492;751.4375;1.1017145;102.18594;93.21997;0.15551679;450.0;346.6797;0.66187215;-0.47380477;10.2375;23.375973;13.138495;23.607067;0.0;3875.5989;7189.4224;-1201.5839;6328.1846;-329.73334;-97.312225
1988-06-01;8.645375;0.20390828;-0.2835579;749.6906;1.7701931;136.33533;89.15836;0.13105655;450.0;292.31772;1.5466809;-0.798516;11.5552845;25.494545;13.939277;24.675257;0.0;4078.6655;7433.7676;-1187.7983;6399.255;-569.85;-16.865555
1988-06-02;9.233917;-0.013041179;-0.44447455;750.4017;1.2179184;198.01166;85.3348;0.107141055;450.0;239.37988;0.0008630075;-0.8364283;9.955436;22.02481;12.06936;23.614407;0.0;4487.0576;8043.3765;-1438.0183;6118.274;-589.6522;-166.41667
1988-06-03;10.654541;0.5522664;-0.44227472;752.72266;1.2113197;168.45294;83.194336;0.082809806;450.0;185.38411;0.0008563601;-0.91866964;11.480719;26.530207;15.0494795;24.74115;0.0;4754.041;8444.941;-1517.3038;6123.7095;-642.43335;-169.97223
1988-06-04;12.583862;-1.2993876;-0.44115195;753.35864;1.216341;114.55532;82.11011;0.057895064;450.0;129.84212;0.19400716;-1.0145512;10.460228;26.375696;15.915461;24.53111;0.0;4463.1206;7889.533;-1291.9525;6416.6577;-711.75;-84.30666
1988-06-05;13.213695;-2.7785034;-0.51705045;752.57983;1.2770734;123.90127;68.847084;0.033828855;450.0;76.00912;0.015350637;-1.1771805;9.323507;24.819105;15.495591;22.933487;0.0;4424.342;7557.8833;-1203.6283;6600.952;-824.8411;-81.655556
1988-06-06;14.106526;-2.9544575;-0.69385403;751.5322;1.1500913;129.70775;36.41382;0.015776634;450.0;35.88867;0.0008583069;-2.4825447;5.3060203;18.288404;12.982368;14.579349;0.0;6022.616;8682.086;-2017.4839;6091.8457;-1729.2988;-240.61333
1988-06-07;14.9123125;-2.2498271;-0.49063873;752.94415;1.3203765;97.486046;14.222575;0.0061258078;450.0;13.956706;0.0;-3.4936295;2.034247;13.412655;11.378423;6.5734496;0.0;6553.4165;8568.062;-2225.3433;6229.007;-2428.2212;-326.03555
1988-06-08;15.766459;0.9228719;-0.056919098;753.1093;1.3832445;92.517845;4.7965493;0.0020528238;450.0;4.3945312;0.0;-4.0298214;0.6995797;10.847449;10.147862;2.5310628;0.0;6444.62;8098.223;-2154.7256;6600.799;-2799.5557;-402.69888
1988-06-09;15.220398;-0.8791402;-0.08894857;751.7531;1.4799649;113.31519;1.4664713;0.0006281535;433.97818;1.4241537;0.40522218;-3.9707599;0.2552867;9.276986;9.021655;0.7598735;0.0;6098.917;7553.5933;-2165.6233;6607.3945;-2758.5144;-468.70776
1988-06-10;14.334869;-2.0452473;-0.025657654;751.2609;1.4656438;117.64023;0.46923828;0.00020094712;428.36002;0.44759116;0.05465746;-4.2189574;0.062048435;8.11714;8.055031;0.2441071;0.0;6328.95;7798.932;-2118.54;6655.91;-2930.841;-628.1511
1988-06-11;14.0772505;-0.21838379;0.009822845;751.9886;1.5148288;134.87907;0.1426595;6.0915947e-05;428.09375;-7.345365e-21;0.5863011;-3.9885006;0.099778175;7.342249;7.242456;0.07633865;0.0;6106.5146;7507.2065;-2024.3539;6786.03;-2770.7034;-722.63666
1988-06-12;15.992554;-0.2717692;0.009909312;755.26764;1.5396684;137.40053;0.04191081;1.7841658e-05;428.09375;-7.345365e-21;0.44187307;-4.420729;0.061377883;6.6230893;6.5617113;0.023640692;0.0;6405.2646;7863.03;-2144.3071;6807.5156;-3070.939;-587.0578
1988-06-13;17.423056;-2.9928894;0.010009766;753.20013;1.6100025;129.09923;0.011555989;4.6888986e-06;428.09375;-7.345365e-21;1.8937349;-3.996143;0.2745092;6.2626896;5.988166;0.006303191;0.0;5807.6895;7121.2056;-2044.83;6915.2676;-2775.9888;-458.18777
1988-06-14;14.318685;-1.6302185;-0.11857859;749.9536;1.9436703;201.4904;0.0034179688;1.3907751e-06;398.17935;-7.345365e-21;0.044554472;-4.23103;0.005632639;5.505472;5.49984;0.0018067658;0.0;6471.0073;7926.011;-2284.9827;6518.167;-2939.1555;-882.5333
1988-06-15;10.804169;1.3581848;-0.07096354;747.58594;1.6128227;216.70021;0.0010579427;4.3710074e-07;385.4733;-7.345365e-21;1.1040957;-3.2990296;0.12330711;5.204022;5.0807076;0.0005066395;0.0;5919.1133;7242.4136;-2038.4338;6586.1426;-2291.7256;-1327.7689
1988-06-16;9.541026;2.6037395;0.008546193;746.8267;1.2822282;216.5636;0.0;-7.3453654e-25;384.84375;-7.345365e-21;6.7508755;-3.0762572;0.9319037;5.6507883;4.71887;0.00017136335;0.0;5485.1313;6710.411;-1871.5222;6697.153;-2136.9739;-1208.1522
1988-06-17;8.727885;1.8053284;-1.4208578;747.9589;1.0977043;251.48494;0.0;-7.3453654e-25;279.06674;-7.345365e-21;0.45201212;-3.3665447;0.047564507;4.450619;4.4030547;5.5879354e-05;0.0;5844.3345;7148.992;-2028.8739;6537.851;-2338.6267;-1218.7222
1988-06-18;9.988139;0.40160117;-1.7017988;750.5881;1.4322367;208.91412;0.0;-7.3453654e-25;116.13572;-7.345365e-21;0.6559852;-3.4012535;0.0693202;4.193127;4.1237993;2.6077032e-05;0.0;5908.3267;7226.4087;-1993.4022;6619.063;-2362.7378;-1184.25
1988-06-19;8.984599;2.736786;-0.36900964;749.28546;1.0451299;122.68821;0.0;-7.3453654e-25;106.449196;-7.345365e-21;4.887241;-2.846798;0.6187707;4.4950247;3.8762615;3.7252903e-06;0.0;5065.7725;6195.007;-1719.6189;6846.5713;-1977.5767;-1186.3645
1988-06-20;10.40031;1.7565206;0.009853363;749.5105;1.2118967;170.93004;0.0;-7.3453654e-25;99.99998;-7.345365e-21;0.45654178;-3.4715338;0.046417117;3.7020147;3.6556125;0.0;0.0;5816.3228;7111.823;-1975.635;6648.622;-2411.5588;-1113.3944
1988-06-21;11.225108;-0.63965863;0.0100695295;750.05536;1.5934614;212.93207;0.0;-7.3453654e-25;99.99998;-7.345365e-21;0.26530647;-3.9908328;0.02606213;3.481522;3.4554527;0.0;0.0;6815.1733;8332.299;-2270.0972;6452.751;-2772.2979;-1332.8389
1988-06-22;10.456828;0.9031677;0.009738922;747.9666;1.4825902;169.04619;0.0;-7.3453654e-25;99.99998;-7.345365e-21;6.7112174;-3.1569936;0.7908493;4.066825;3.275983;0.0;0.0;5127.9673;6268.512;-1963.6539;6582.829;-2193.0579;-867.16223
1988-06-23;8.285573;0.6812032;0.010079701;746.08154;1.3219709;183.41527;0.0;-7.3453654e-25;99.99998;-7.345365e-21;2.9366612;-3.192392;0.31521916;3.4289062;3.113687;0.0;0.0;5998.4263;7331.839;-2065.1567;6440.3364;-2217.649;-1556.9856
1988-06-24;6.676483;2.1027424;0.009976705;745.86676;1.0431019;181.13896;0.0;-7.3453654e-25;99.99998;-7.345365e-21;2.5228581;-2.7317972;0.25433302;3.2204092;2.9660912;0.0;0.0;5361.7153;6552.7847;-1950.8656;6426.7344;-1897.6877;-1405.9266
1988-06-25;7.2148232;3.5112712;0.009914398;748.9024;1.1211243;172.05688;0.0;-7.3453654e-25;99.99998;-7.345365e-21;4.1080294;-2.7855058;0.45147538;3.2829642;2.8314738;0.0;0.0;5110.5317;6244.87;-1589.9623;6857.6343;-1934.9967;-1367.9144
1988-06-26;9.694682;3.4360352;0.009958903;751.7566;1.1014484;84.13439;0.0;-7.3453654e-25;99.99998;-7.345365e-21;1.8611133;-3.3187885;0.21755695;2.924651;2.7070866;0.0;0.0;5584.6724;6823.3013;-1897.6328;6770.81;-2305.4521;-1001.7989
1988-06-27;11.148265;4.2743835;0.009929657;751.71967;1.2889438;41.447586;0.0;-7.3453654e-25;99.99998;-7.345365e-21;0.103380054;-3.481906;0.0099390745;2.6013255;2.591394;0.0;0.0;5927.9507;7241.83;-2082.2317;6745.4707;-2418.7634;-1004.39777
1988-06-28;11.651235;4.9632163;0.009709676;749.5042;1.284463;45.410557;0.0;-7.3453654e-25;99.99998;-7.345365e-21;2.4987192;-3.4282672;0.2593398;2.7433782;2.484046;0.0;0.0;5995.0073;7322.8477;-2063.8706;6854.4453;-2381.5034;-1094.4266
1988-06-29;11.079071;6.644094;-0.19219334;748.07513;1.1669469;49.51569;0.0;-7.3453654e-25;100.099915;-7.345365e-21;6.2841473;-2.9060292;0.7240176;3.1092763;2.3852513;0.0;0.0;5255.289;6418.4624;-1784.3556;7092.662;-2018.7211;-1129.2433
1988-06-30;10.587026;5.8970947;0.009830475;745.98114;1.2448084;65.15719;0.0;-7.3453654e-25;99.99998;-7.345365e-21;5.795392;-3.2284074;0.6788522;2.9726028;2.2937655;0.0;0.0;5310.7324;6485.2725;-1654.8656;7202.539;-2242.6667;-1119.7922
1988-07-01;9.635193;5.6887207;0.009613037;746.8645;1.2680169;86.124504;0.0;-7.3453654e-25;100.00259;-7.345365e-21;6.479004;-2.750893;0.7560253;2.965197;2.2091641;0.0;0.0;4540.1826;5543.5957;-1477.7517;7193.059;-1910.9534;-965.7589
1988-07-02;12.159404;3.0475056;0.010116577;749.9068;1.5206136;107.15067;0.0;-7.3453654e-25;99.99998;-7.345365e-21;0.13941824;-3.9347773;0.013306737;2.1427722;2.1294653;0.0;0.0;6043.733;7378.5547;-1959.0089;6887.671;-2733.359;-1085.8522
1988-07-03;14.049225;0.84684247;0.009890239;751.63776;1.128821;100.70361;0.0;-7.3453654e-25;99.99998;-7.345365e-21;0.0012814989;-4.3506026;0.00011920929;2.0535886;2.0534694;0.0;0.0;6933.68;8463.953;-2504.5754;6517.8623;-3022.2178;-939.20776
1988-07-04;14.812633;6.0899453;0.009718577;751.03156;1.339321;42.136784;0.0;-7.3453654e-25;99.99998;-7.345365e-21;0.46359897;-3.7491097;0.04120171;2.0231307;1.9819587;0.0;0.0;6306.124;7696.911;-2182.335;7022.6216;-2604.3823;-963.92444
1988-07-05;15.108592;7.228068;0.007432302;750.5905;1.8926239;39.675137;0.0;-7.3453654e-25;100.06834;-7.345365e-21;0.3972323;-3.630882;0.033840537;1.9488037;1.9149482;0.0;0.0;6158.1377;7515.3613;-2105.1108;7125.028;-2522.2534;-1083.8378
1988-07-06;14.764069;6.811615;-0.026035309;750.39874;2.0462077;39.22664;0.0;-7.3453654e-25;100.1061;-7.345365e-21;0.9045452;-3.6430583;0.08276105;1.934424;1.8516779;0.0;0.0;6246.8633;7622.7;-2064.4478;7178.6543;-2530.7122;-1236.4255
1988-07-07;14.049785;6.757955;0.010166168;749.21857;1.8356224;37.87589;0.0;-7.3453654e-25;100.00259;-7.345365e-21;0.1347512;-3.2524066;0.009953976;1.8019229;1.7919614;0.0;0.0;5897.4443;7195.311;-2085.3406;7087.21;-2259.3389;-1254.04
1988-07-08;14.63383;5.659556;0.009871165;747.64746;1.4650441;38.605297;0.0;-7.3453654e-25;99.99998;-7.345365e-21;0.28675193;-3.2730196;0.022113323;1.7574728;1.7353445;0.0;0.0;6108.5034;7451.947;-2202.2952;7039.9043;-2273.6577;-1241.7256
1988-07-09;15.013794;5.7378335;0.010012309;748.8931;1.2702733;50.069874;0.0;-7.3453654e-25;99.99998;-7.345365e-21;0.36732554;-3.234855;0.027120113;1.708597;1.6814917;0.0;0.0;6140.274;7489.7524;-2172.4126;7206.799;-2247.146;-1225.8689
1988-07-10;15.544922;6.095001;0.009864807;749.9908;1.1691238;97.45175;0.0;-7.3453654e-25;99.99998;-7.345365e-21;0.68578124;-2.9368792;0.050008297;1.6804785;1.630485;0.0;0.0;5794.935;7067.487;-2100.6914;7314.3267;-2040.1511;-1216.4811
1988-07-11;16.966583;2.3817546;0.010138194;751.31366;1.6225039;137.6072;0.0;-7.3453654e-25;99.99998;-7.345365e-21;0.15518053;-3.0730143;0.011146069;1.593113;1.5819669;0.0;0.0;5989.019;7303.3213;-2313.054;7086.2;-2134.7212;-1286.5056
1988-07-12;18.352346;-2.4877727;0.010367076;753.4235;1.2797416;122.063354;0.0;-7.3453654e-25;99.99998;-7.345365e-21;0.00087581;-3.2598078;5.9604645e-05;1.5353858;1.5353262;0.0;0.0;6889.327;8400.107;-2792.764;6712.1025;-2264.4812;-1357.2855
1988-07-13;18.533081;-4.1765747;0.010063171;753.4434;1.2695884;115.29081;0.0;-7.3453654e-25;99.99998;-7.345365e-21;0.0008567327;-3.0499399;5.9604645e-05;1.4907122;1.4906675;0.0;0.0;7076.69;8627.433;-3139.1506;6453.6953;-2118.6921;-1372.1466
1988-07-14;18.957712;-3.2748616;0.009915669;751.0953;1.2795053;91.42869;0.0;-7.3453654e-25;99.99998;-7.345365e-21;0.0004351138;-2.8486307;2.9802322e-05;1.447916;1.4478936;0.0;0.0;7043.5215;8585.828;-3189.422;6587.972;-1978.85;-1304.7045
1988-07-15;18.600311;4.776998;0.009929657;748.38165;1.5452641;91.4866;0.0;-7.3453654e-25;99.99998;-7.345365e-21;0.004269843;-2.3845005;0.0002682209;1.407206;1.4069229;0.0;0.0;6794.01;8280.478;-2843.6262;7128.5605;-1656.4333;-1650.01
1988-07-16;18.142405;6.605835;0.010023753;749.0567;1.1991154;61.242977;0.0;-7.3453654e-25;99.99998;-7.345365e-21;0.10693073;-2.0823572;0.0067949295;1.3745129;1.367718;0.0;0.0;6574.9077;8011.682;-2846.728;7143.898;-1446.5444;-1765.2289
1988-07-17;18.65091;4.4244485;0.010448456;748.3465;1.2319763;102.84275;0.0;-7.3453654e-25;100.00519;-7.345365e-21;0.005924701;-1.9632336;0.00037252903;1.3305843;1.3302118;0.0;0.0;6230.0776;7589.8975;-2706.5906;7291.4404;-1363.7927;-1676.0289
1988-07-18;18.36444;4.790629;0.010026296;748.51385;1.0638014;75.291954;0.0;-7.3453654e-25;100.00259;-7.345365e-21;0.04518628;-1.7590793;0.0026524067;1.2970567;1.2944192;0.0;0.0;5914.433;7203.704;-2660.3694;7333.183;-1221.9734;-1587.1956
1988-07-19;19.052835;5.3551025;0.010075887;749.656;1.230247;84.67654;0.0;-7.3453654e-25;100.00259;-7.345365e-21;0.018876791;-1.740965;0.00093877316;1.2610257;1.2600869;0.0;0.0;6127.4893;7461.5474;-2665.46;7419.5977;-1209.39;-1713.7589
1988-07-20;18.504923;5.1681314;0.009838104;750.4129;1.4814364;110.842064;0.0;-7.3453654e-25;99.99998;-7.345365e-21;0.06522238;-1.4758017;0.0036209822;1.2309253;1.2273043;0.0;0.0;5446.503;6630.809;-2525.5396;7420.5923;-1025.19;-1614.1045
1988-07-21;17.279287;8.327678;0.009643555;750.22437;1.2948226;58.515316;0.0;-7.3453654e-25;99.99998;-7.345365e-21;0.14078617;-1.3468899;0.0076144934;1.2037158;1.1961013;0.0;0.0;5158.5195;6278.703;-2312.3267;7547.8555;-935.6389;-1562.5634
1988-07-22;18.256348;6.9189453;0.009821574;750.58154;1.399989;78.62098;0.0;-7.3453654e-25;99.99998;-7.345365e-21;0.012099743;-1.4744196;0.0007301569;1.1667311;1.1660159;0.0;0.0;5769.9443;7021.582;-2518.6519;7468.47;-1024.2289;-1802.9155
1988-07-23;18.518515;6.741852;0.009885152;751.92456;1.3135399;45.031208;0.0;-7.3453654e-25;99.99998;-7.345365e-21;0.016272068;-1.3765786;0.0009834766;1.1379421;1.1369437;0.0;0.0;5374.078;6538.545;-2388.5144;7652.8364;-956.2633;-1612.6244
1988-07-24;18.660227;7.088379;0.010117848;750.4333;1.0066196;88.66333;0.0;-7.3453654e-25;100.00519;-7.345365e-21;0.100456595;-1.294652;0.005930662;1.1150241;1.1090934;0.0;0.0;5220.2812;6349.851;-2301.2896;7750.378;-899.35114;-1573.7367
1988-07-25;17.671164;4.8103843;0.009994507;748.23975;1.8056494;111.28312;0.0;-7.3453654e-25;99.99998;-7.345365e-21;0.59197545;-1.5159938;0.03477931;1.1171997;1.0824054;0.0;0.0;5899.624;7174.3496;-2596.68;7365.582;-1053.1111;-1963.4111
1988-07-26;14.953766;4.04068;0.010429382;750.4238;2.1562374;35.15022;0.0;-7.3453654e-25;99.99998;-7.345365e-21;0.041270256;-1.3992032;0.0023692846;1.0589957;1.0566264;0.0;0.0;6286.041;7642.601;-2812.5378;6848.0044;-971.98;-2385.5
1988-07-27;15.618886;2.3977764;0.010035197;751.87396;1.8053597;40.57803;0.0;-7.3453654e-25;99.99998;-7.345365e-21;0.0008395723;-1.4007231;5.9604645e-05;1.0316372;1.0315925;0.0;0.0;6786.2524;8249.067;-3194.1035;6504.231;-973.0367;-2344.9456
1988-07-28;17.322449;-0.58082074;0.009638469;749.39264;1.2584754;81.81079;0.0;-7.3453654e-25;99.99998;-7.345365e-21;0.0012814989;-1.4406313;8.940697e-05;1.0073781;1.0072738;0.0;0.0;6740.915;8192.183;-3253.9536;6648.8555;-1000.75836;-2061.929
1988-07-29;18.045034;-1.8962809;0.010064443;751.0734;1.3964385;120.02549;0.0;-7.3453654e-25;99.99998;-7.345365e-21;0.0;-1.3484833;0.0;0.98378956;0.98378956;0.0;0.0;6701.3633;8142.224;-3163.0825;6786.805;-936.7461;-2192.6755
1988-07-30;19.97994;0.6391907;0.009913127;754.9502;1.3069171;158.92957;0.0;-7.3453654e-25;99.99998;-7.345365e-21;0.0020006155;-1.351906;0.00010430813;0.9612441;0.96113235;0.0;0.0;6538.814;7942.921;-2994.2688;7214.8657;-939.12335;-2095.2278
1988-07-31;20.807669;-0.6665446;0.009757996;754.67255;1.3146197;165.85864;0.0;-7.3453654e-25;99.99998;-7.345365e-21;0.00085234636;-1.3641696;5.9604645e-05;0.9392798;0.9392351;0.0;0.0;6749.4395;8196.959;-3321.4932;6973.455;-947.6433;-2016.1733
1988-08-01;19.42334;-1.2550253;0.009901683;750.82275;1.3375787;121.040405;0.0;-7.3453654e-25;99.99998;-7.345365e-21;0.0008642673;-1.2530591;4.4703484e-05;0.91816485;0.9181127;0.0;0.0;6743.8276;8188.332;-3360.75;6769.47;-870.45886;-2177.1777
1988-08-02;18.071981;4.648173;0.00974528;748.37256;1.3522602;77.42104;0.0;-7.3453654e-25;99.99998;-7.345365e-21;0.0009834766;-1.0433402;2.9802322e-05;0.89782476;0.8977875;0.0;0.0;5575.582;6768.4243;-2514.158;7549.4595;-724.7733;-1974.9423
1988-08-03;16.505758;3.3085835;0.010014852;748.1053;1.2638273;90.691956;0.0;-7.3453654e-25;99.99998;-7.345365e-21;0.17269969;-0.9192629;0.008493662;0.8869022;0.87840855;0.0;0.0;5107.057;6198.3535;-2427.6614;7426.642;-638.5811;-1836.1444
1988-08-04;13.305847;8.359467;0.0098177595;749.74854;1.2273101;72.40778;0.0;-7.3453654e-25;100.00779;-7.345365e-21;16.163265;-1.6200161;1.1815727;2.0418315;0.86025894;0.0;0.0;4510.532;5472.826;-1714.955;7699.108;-1125.3722;-1735.2611
1988-08-05;13.1354265;6.525126;0.009942372;752.7236;2.0132556;40.721653;0.0;-7.3453654e-25;99.99998;-7.345365e-21;0.13895246;-3.1143436;0.008240342;0.85121393;0.8429587;0.0;0.0;5269.202;6391.9165;-1937.4867;7212.489;-2163.4307;-1378.919
1988-08-06;14.4758;6.232727;-0.13930385;752.0705;1.6318618;43.13151;0.0;-7.3453654e-25;100.09634;-7.345365e-21;0.0017046923;-3.2077208;0.00010430813;0.82589686;0.8258;0.0;0.0;6333.4385;7681.434;-2498.5166;6773.059;-2228.2979;-1454.11
1988-08-07;16.192373;5.573252;0.009933472;751.24634;1.1898476;71.55808;0.0;-7.3453654e-25;99.99998;-7.345365e-21;0.0012867113;-3.0894587;7.4505806e-05;0.80895424;0.80887973;0.0;0.0;6447.134;7817.605;-2648.0784;6850.1045;-2146.1445;-1358.0878
1988-08-08;16.78653;6.9165854;0.009799957;752.26434;1.1164343;75.40483;0.0;-7.3453654e-25;99.99998;-7.345365e-21;0.30747354;-2.3289397;0.017017126;0.8095801;0.79256296;0.0;0.0;5368.8423;6508.7256;-2158.2915;7426.4116;-1617.8356;-1243.8267
1988-08-09;17.175608;8.114716;0.010155995;752.25635;1.1757953;80.53242;0.0;-7.3453654e-25;100.03416;-7.345365e-21;0.31383634;-2.1732411;0.016570091;0.7934272;0.77685714;0.0;0.0;5219.1294;6325.82;-2158.9937;7545.2085;-1509.6788;-1277.61
1988-08-10;17.136911;6.0907693;0.0045255027;751.5406;1.307192;92.644646;0.0;-7.3453654e-25;100.01007;-7.345365e-21;0.00218153;-2.1944485;0.00011920929;0.76164305;0.76152384;0.0;0.0;5895.6313;7144.0376;-2475.694;7322.6045;-1524.41;-1615.1378
1988-08-11;18.391998;3.1057434;0.010065715;750.39746;1.2481402;103.96448;0.0;-7.3453654e-25;100.00779;-7.345365e-21;0.006827711;-1.864126;0.00029802322;0.7467866;0.7464811;0.0;0.0;6101.796;7392.2505;-2830.3872;6999.6245;-1294.9456;-1700.1311
1988-08-12;18.258493;1.3335367;0.010308583;751.3465;1.4371749;111.95123;0.0;-7.3453654e-25;99.99998;-7.345365e-21;0.0013291836;-1.556905;5.9604645e-05;0.73191524;0.73185563;0.0;0.0;6390.657;7740.4614;-2994.3022;6926.782;-1081.5289;-1889.6278
1988-08-13;17.331442;8.23998;0.009962718;753.482;1.5138907;57.323032;0.0;-7.3453654e-25;99.99998;-7.345365e-21;0.3954798;-1.117751;0.021457672;0.739187;0.71774423;0.0;0.0;5519.141;6683.424;-2446.9563;7465.851;-776.4656;-1973.3478
1988-08-14;18.025839;6.3950095;0.009789784;752.7447;1.4883896;58.653103;0.0;-7.3453654e-25;99.99998;-7.345365e-21;0.017500235;-1.2565134;0.00086426735;0.70494413;0.70406497;0.0;0.0;5891.0767;7132.437;-2734.2515;7242.759;-872.8567;-1946.1755
1988-08-15;17.175741;6.114563;0.009841919;750.8742;1.1883043;84.96117;0.0;-7.3453654e-25;99.99998;-7.345365e-21;0.16298294;-0.93122387;0.008329749;0.6991923;0.69086254;0.0;0.0;4819.4663;5833.796;-2368.6458;7433.299;-646.8889;-1587.5044
1988-08-16;16.009329;6.651428;0.009559631;750.45355;1.119374;80.26893;0.0;-7.3453654e-25;99.99998;-7.345365e-21;0.5348183;-0.9044651;0.027373433;0.7055998;0.67821145;0.0;0.0;4430.44;5362.114;-1998.1725;7773.1943;-628.30225;-1571.7722
1988-08-17;14.943227;7.6428733;0.009929657;751.38696;1.1213003;77.38798;0.0;-7.3453654e-25;99.99998;-7.345365e-21;0.16513985;-0.86406994;0.008240342;0.67435205;0.6661117;0.0;0.0;4065.3545;4919.709;-1969.0581;7619.5435;-600.2411;-1438.6222
1988-08-18;14.534413;4.6897583;0.009880066;750.3206;1.2939595;128.4093;0.0;-7.3453654e-25;99.99998;-7.345365e-21;0.04906634;-0.8202605;0.0024735928;0.6567985;0.6543249;0.0;0.0;4308.719;5213.4795;-1999.4319;7456.2124;-569.8078;-1718.7977
1988-08-19;14.773265;2.9412842;0.010054271;751.39386;1.0135707;193.08705;0.0;-7.3453654e-25;100.00519;-7.345365e-21;0.47530532;-0.9913398;0.02527237;0.66803396;0.6427467;0.0;0.0;5658.6226;6846.0366;-2699.604;6883.798;-688.65;-2039.7267
1988-08-20;15.998179;3.6022747;0.0101458235;753.67535;1.2121636;92.30643;0.0;-7.3453654e-25;99.99998;-7.345365e-21;0.0017046923;-1.159614;8.940697e-05;0.6313622;0.6312877;0.0;0.0;5807.214;7024.7534;-2764.0947;7001.0674;-805.54443;-1886.9589
1988-08-21;17.028788;5.769989;0.009947459;754.9839;1.333123;46.331924;0.0;-7.3453654e-25;100.00259;-7.345365e-21;0.003432905;-1.064131;0.00017881393;0.6201565;0.6199926;0.0;0.0;6197.273;7495.859;-3060.3213;6851.4487;-739.2167;-2021.3622
1988-08-22;18.163767;2.6894226;0.009812673;752.639;1.1533111;76.33253;0.0;-7.3453654e-25;99.99998;-7.345365e-21;0.0008583068;-1.0303538;5.9604645e-05;0.60898066;0.60893595;0.0;0.0;6190.0366;7486.276;-3157.333;6868.7847;-715.7522;-1912.0758
1988-08-23;17.426157;3.9073894;0.009833018;750.74316;1.1537436;104.63671;0.0;-7.3453654e-25;99.99998;-7.345365e-21;0.2420811;-0.8620536;0.012606382;0.610888;0.5982965;0.0;0.0;5235.6377;6331.3296;-2592.6868;7310.8877;-598.84;-1750.0411
1988-08-24;15.848663;7.337158;0.010128021;750.21387;0.975687;75.42501;0.0;-7.3453654e-25;99.99998;-7.345365e-21;0.6067455;-0.84902066;0.033646822;0.62176585;0.58811903;0.0;0.0;4538.5444;5487.73;-2239.8264;7544.547;-589.7867;-1575.5845
1988-08-25;16.333405;5.130483;-0.0046157837;751.196;1.0121917;93.935646;0.0;-7.3453654e-25;100.03351;-7.345365e-21;0.08053149;-0.96711516;0.0041127205;0.5823374;0.57822466;0.0;0.0;5105.208;6172.031;-2392.3804;7489.254;-671.82275;-1765.7833
1988-08-26;17.99408;2.5595093;-0.030417124;752.3016;1.2889163;185.62541;0.0;-7.3453654e-25;100.10349;-7.345365e-21;0.0013864583;-0.97347796;7.4505806e-05;0.5684942;0.5684197;0.0;0.0;5813.59;7027.543;-2944.758;6971.13;-676.24335;-1951.1788
1988-08-27;17.251923;-3.3892415;0.009961446;751.7149;1.1848286;167.99171;0.0;-7.3453654e-25;99.99998;-7.345365e-21;0.00086552056;-0.9121299;4.4703484e-05;0.55888295;0.55885315;0.0;0.0;6129.4834;7408.602;-3400.7852;6352.0396;-633.62555;-1961.8334
1988-08-28;15.517812;-2.2431233;0.009759267;749.5215;1.2078794;206.86005;0.0;-7.3453654e-25;99.99998;-7.345365e-21;0.00043511385;-0.79668313;2.9802322e-05;0.5495548;0.5495399;0.0;0.0;5949.6;7190.3374;-3121.5188;6457.8657;-553.4289;-2158.1223
1988-08-29;11.367371;1.6270447;0.010261536;746.98724;1.6446414;163.38857;0.0;-7.3453654e-25;99.99998;-7.345365e-21;3.1992376;-0.7250458;0.20158291;0.74222684;0.54064393;0.0;0.0;5226.2134;6315.4854;-2563.6692;6553.356;-503.66446;-2352.3833
1988-08-30;10.602905;1.5622457;0.010634105;748.6213;1.1671176;104.61335;0.0;-7.3453654e-25;99.99998;-7.345365e-21;0.0010371208;-1.4936607;5.2154064e-05;0.53216517;0.53213537;0.0;0.0;5114.0684;6179.005;-2306.7844;6702.372;-1037.5967;-1788.6511
1988-08-31;11.589437;-1.4230957;0.010059357;750.79596;1.1234602;121.50417;0.0;-7.3453654e-25;99.99998;-7.345365e-21;0.0004351138;-1.254078;2.9802322e-05;0.523746;0.52372366;0.0;0.0;5261.4946;6356.3213;-2594.9114;6467.703;-871.1655;-1808.4634
1988-09-01;11.498932;-2.3696594;0.009572347;750.8526;1.2605501;114.20783;0.0;-7.3453654e-25;99.99998;-7.345365e-21;0.005751848;-1.0456033;0.00022351742;0.5157292;0.5155206;0.0;0.0;5371.724;6488.743;-2744.345;6307.3833;-726.3456;-1871.5623
1988-09-02;11.422791;-3.20107;0.010154724;750.36115;1.2537136;113.70469;0.0;-7.3453654e-25;99.99998;-7.345365e-21;0.054353476;-0.91117436;0.0025182962;0.51000714;0.50748885;0.0;0.0;5439.7163;6570.059;-2772.242;6310.1313;-632.9633;-1962.3789
1988-09-03;11.819844;-2.978719;0.009928386;750.4948;1.1378438;178.61598;0.0;-7.3453654e-25;99.99998;-7.345365e-21;0.036627054;-0.78873706;0.0015795231;0.50124526;0.49966574;0.0;0.0;5392.2153;6511.906;-2817.822;6265.01;-547.9089;-1938.2522
1988-09-04;12.47816;-2.839101;0.010072072;750.6372;1.4961185;207.8893;0.0;-7.3453654e-25;99.99998;-7.345365e-21;0.53169286;-0.7997695;0.02670288;0.518769;0.49205124;0.0;0.0;5325.213;6430.2837;-2574.824;6599.5654;-555.5733;-1958.4211
1988-09-05;11.678386;-0.5979411;0.009942372;751.51904;1.3318144;192.68188;0.0;-7.3453654e-25;99.99998;-7.345365e-21;0.0;-0.7779412;0.0;0.48464537;0.48466027;0.0;0.0;5332.5117;6438.3115;-2774.7356;6309.4243;-540.41;-2074.5078
1988-09-06;12.296326;-1.1985474;0.009422302;753.06464;1.0248251;166.69704;0.0;-7.3453654e-25;99.99998;-7.345365e-21;0.0008523463;-0.7739151;5.9604645e-05;0.4774034;0.4773587;0.0;0.0;5637.941;6806.3013;-3022.3855;6146.028;-537.61224;-1931.5292
1988-09-07;14.164409;-1.16863;0.010205586;753.2222;1.0591058;190.60669;0.0;-7.3453654e-25;99.99998;-7.345365e-21;0.014184778;-0.7171957;0.0007301569;0.4709065;0.47017634;0.0;0.0;5484.407;6620.189;-2920.8965;6375.5034;-498.21112;-1802.0233
1988-09-08;14.920918;-2.0371296;0.009947459;751.9641;1.6134104;155.33104;0.0;-7.3453654e-25;99.99998;-7.345365e-21;0.001275539;-0.68966484;5.9604645e-05;0.4632473;0.4631877;0.0;0.0;5475.666;6608.8354;-2951.8535;6395.0806;-479.08667;-1896.5255
1988-09-09;13.684072;-2.301646;0.010172526;753.1552;1.298679;244.0201;0.0;-7.3453654e-25;99.99998;-7.345365e-21;0.00042944145;-0.628599;2.9802322e-05;0.45637786;0.45636296;0.0;0.0;5569.251;6720.9927;-3108.8188;6062.938;-436.66666;-1956.0555
1988-09-10;13.9591875;-3.2004395;0.009780884;753.89984;1.0917634;182.57812;0.0;-7.3453654e-25;99.99998;-7.345365e-21;0.0;-0.64181536;0.0;0.44968724;0.44968724;0.0;0.0;5582.997;6736.7524;-3268.3672;5934.7935;-445.84888;-1759.6766
1988-09-11;13.209717;-4.084666;0.010130565;751.075;1.216152;156.78294;0.0;-7.3453654e-25;99.99998;-7.345365e-21;0.00044107434;-0.61406475;2.9802322e-05;0.44319034;0.44316053;0.0;0.0;5511.079;6649.1636;-3201.087;5940.4185;-426.57;-1787.9567
1988-09-12;10.536591;-4.397888;0.009958903;750.62054;1.2789462;190.90211;0.0;-7.3453654e-25;99.99998;-7.345365e-21;0.00043009812;-0.5354099;2.9802322e-05;0.43685734;0.43682754;0.0;0.0;5470.638;6599.414;-3051.035;5845.985;-371.93222;-2115.5732
1988-09-13;11.18042;-2.0829875;0.009813945;754.72723;1.124523;79.035416;0.0;-7.3453654e-25;99.99998;-7.345365e-21;0.0004351138;-0.56715494;2.2351742e-05;0.43065846;0.43064356;0.0;0.0;5427.9155;6547.122;-3086.6453;5923.953;-393.98334;-1820.8245
1988-09-14;13.352437;-3.2389019;0.010299683;756.7869;1.155645;106.96223;0.0;-7.3453654e-25;99.99998;-7.345365e-21;0.0;-0.5870983;0.0;0.42456388;0.42456388;0.0;0.0;5307.2144;6400.903;-2993.8718;6180.4644;-407.83777;-1670.4556
1988-09-15;14.71285;-2.4769695;0.009824117;757.32715;1.1253752;87.7481;0.0;-7.3453654e-25;99.99998;-7.345365e-21;0.00042617318;-0.62128156;2.9802322e-05;0.41860342;0.41858852;0.0;0.0;5251.28;6332.68;-3027.03;6339.3984;-431.5822;-1522.5167
1988-09-16;14.687897;-0.6804097;0.0097516375;753.1882;1.2543229;80.92169;0.0;-7.3453654e-25;99.99998;-7.345365e-21;0.0;-0.6020106;0.0;0.41273236;0.41273236;0.0;0.0;5183.621;6245.629;-2935.1438;6462.72;-418.19666;-1583.9556
1988-09-17;12.219014;3.949585;0.00977834;751.2046;1.1672243;39.559467;0.0;-7.3453654e-25;99.99998;-7.345365e-21;1.4498699;-0.59607065;0.079751015;0.48685074;0.40711462;0.0;0.0;3964.2068;4772.253;-2156.8103;6959.1587;-414.07;-1396.4377
1988-09-18;13.607422;2.3579204;0.009955089;753.97217;0.9754695;58.74342;0.0;-7.3453654e-25;99.99998;-7.345365e-21;0.00042617318;-1.0274612;2.9802322e-05;0.4016608;0.4016459;0.0;0.0;4958.1016;5963.539;-2602.103;6685.49;-713.74445;-1424.8156
1988-09-19;14.991008;1.7848307;0.010058085;755.8608;1.0308199;117.32281;0.0;-7.3453654e-25;99.99998;-7.345365e-21;0.0012870387;-0.84959996;5.9604645e-05;0.39622188;0.39616227;0.0;0.0;4992.5083;5999.6567;-2725.8057;6691.751;-590.18835;-1453.0122
1988-09-20;14.078959;0.47601318;0.009707133;754.76495;1.3267437;99.70218;0.0;-7.3453654e-25;99.99998;-7.345365e-21;0.0;-0.7049572;0.0;0.39082766;0.39081275;0.0;0.0;5037.276;6048.1685;-2845.9937;6472.544;-489.71;-1589.5789
1988-09-21;13.372081;-0.08251953;0.009860992;755.5745;1.2036899;68.45986;0.0;-7.3453654e-25;99.99998;-7.345365e-21;0.0021517272;-0.612501;0.00010430813;0.38568676;0.3855899;0.0;0.0;5039.765;6045.915;-2926.0688;6277.7944;-425.4822;-1590.8822
1988-09-22;14.095906;0.49656168;0.009727478;753.04346;1.1267496;86.44266;0.0;-7.3453654e-25;99.99998;-7.345365e-21;0.0;-0.6017424;0.0;0.38045645;0.38047135;0.0;0.0;4964.115;5949.9814;-2851.7195;6471.3335;-418.01;-1495.8022
1988-09-23;14.045695;0.23292033;0.009576161;752.2392;1.2403127;84.58015;0.0;-7.3453654e-25;99.99998;-7.345365e-21;0.00085234636;-0.5683638;4.4703484e-05;0.37547946;0.37544966;0.0;0.0;4866.6567;5828.088;-2764.4358;6568.7266;-394.82333;-1497.302
1988-09-24;11.261098;3.7525737;0.010140737;753.7146;1.2050883;72.6224;0.0;-7.3453654e-25;99.99998;-7.345365e-21;0.883466;-0.5471958;0.04503131;0.4156828;0.37065148;0.0;0.0;3769.754;4510.3203;-2015.6228;6997.8105;-380.12;-1540.3378
1988-09-25;10.873138;0.39998373;0.010150909;755.0253;1.042511;126.39446;0.0;-7.3453654e-25;99.99998;-7.345365e-21;0.60911703;-0.7108636;0.029414892;0.39546192;0.36603212;0.0;0.0;4431.0312;5297.269;-2377.9993;6496.4077;-493.81332;-1574.8378
1988-09-26;10.85199;-1.0759684;0.009592692;753.2835;1.1985813;163.72911;0.0;-7.3453654e-25;99.99998;-7.345365e-21;0.46479702;-0.75691754;0.022768974;0.38428605;0.36150962;0.0;0.0;4579.7837;5470.325;-2533.5437;6241.919;-525.80444;-1685.28
1988-09-27;9.864268;-2.6471355;0.00997289;752.79517;1.0530928;102.84374;0.0;-7.3453654e-25;99.99998;-7.345365e-21;0.0;-0.746347;0.0;0.35700202;0.35701692;0.0;0.0;4765.427;5687.1587;-2773.919;5950.7812;-518.4611;-1516.3044
1988-09-28;9.3584795;-0.84814453;0.00975291;754.40924;1.1150218;92.29651;0.0;-7.3453654e-25;99.99998;-7.345365e-21;0.0035196543;-0.6131269;0.00013411045;0.3527105;0.35258383;0.0;0.0;4465.826;5324.783;-2536.1682;6180.661;-425.91888;-1505.3411
1988-09-29;9.968801;-0.61778766;0.00990804;755.0472;1.0831407;76.169334;0.0;-7.3453654e-25;99.99998;-7.345365e-21;0.0008817891;-0.5913349;4.4703484e-05;0.34829974;0.34824014;0.0;0.0;4715.101;5617.23;-2684.9094;6120.7046;-410.78055;-1534.5011
1988-09-30;10.279256;0.17694092;0.010040283;755.4583;1.0635314;59.653896;0.0;-7.3453654e-25;99.99998;-7.345365e-21;0.022798777;-0.48837066;0.0011324883;0.3451109;0.34398586;0.0;0.0;4176.8066;4971.683;-2476.335;6323.36;-339.255;-1335.9266
1988-10-01;9.227783;0.48602295;0.01008606;755.3068;1.5944065;38.378513;0.0;-7.3453654e-25;99.99998;-7.345365e-21;0.00044107434;-0.44116193;2.9802322e-05;0.33986568;0.33985823;0.0;0.0;4429.853;5268.473;-2617.6938;6039.932;-306.46;-1576.37
1988-10-02;9.653687;-0.29762778;0.009906769;753.79877;1.2763485;74.880135;0.0;-7.3453654e-25;99.99998;-7.345365e-21;0.0020891428;-0.44384414;8.940697e-05;0.33588707;0.33579767;0.0;0.0;4354.4316;5174.0923;-2421.1216;6309.7593;-308.32556;-1558.5089
1988-10-03;9.645721;-2.0351868;0.009813945;755.53125;1.1373721;116.867195;0.0;-7.3453654e-25;99.99998;-7.345365e-21;1.0207794;-0.5387813;0.04939735;0.3812611;0.33187866;0.0;0.0;3425.3953;4067.0527;-1828.5228;6839.447;-374.27335;-1155.1333
1988-10-04;8.456166;1.0595297;0.009807587;754.37115;1.0783802;199.11511;0.0;-7.3453654e-25;99.99998;-7.345365e-21;7.4000883;-1.3531595;0.46366453;0.7918328;0.32816827;0.0;0.0;3389.2966;4020.5134;-1864.9155;6473.671;-939.99554;-1009.50555
1988-10-05;8.239888;-1.1917826;0.0101292925;754.4732;0.9619493;259.31128;0.0;-7.3453654e-25;99.99998;-7.345365e-21;0.00044107434;-1.3802965;2.9802322e-05;0.3244877;0.32447278;0.0;0.0;4568.197;5414.302;-2601.4277;5708.8765;-958.8478;-1186.2822
1988-10-06;7.9217935;-2.4358013;0.0099817915;753.87054;0.9776547;170.65733;0.0;-7.3453654e-25;99.99998;-7.345365e-21;0.0004351138;-1.2313817;2.9802322e-05;0.3207624;0.3207475;0.0;0.0;4557.762;5397.292;-2690.5627;5578.27;-855.4;-1140.3223
1988-10-07;8.020009;-2.4972126;0.009979248;752.35675;0.96707886;179.4231;0.0;-7.3453654e-25;99.99998;-7.345365e-21;0.0008583069;-1.1295146;5.9604645e-05;0.3171265;0.31708926;0.0;0.0;4526.2617;5355.402;-2654.7627;5633.306;-784.63666;-1153.7034
1988-10-08;8.046733;-1.3425293;0.010149638;752.03644;0.99020916;99.969215;0.0;-7.3453654e-25;99.99998;-7.345365e-21;0.0008523463;-1.044022;4.4703484e-05;0.31355023;0.31350553;0.0;0.0;4436.6533;5244.9087;-2543.4055;5817.5044;-725.2478;-1137.89
1988-10-09;7.9526367;-1.3572184;0.009773254;752.30615;1.0388733;152.70961;0.0;-7.3453654e-25;99.99998;-7.345365e-21;0.0008636651;-0.934544;4.4703484e-05;0.31001866;0.3099814;0.0;0.0;4357.5254;5146.91;-2544.6216;5815.8433;-649.19666;-1250.7522
1988-10-10;7.513153;-3.9535115;0.010046641;753.2813;0.91006637;135.5812;0.0;-7.3453654e-25;99.99998;-7.345365e-21;0.008809566;-0.8552959;0.00043213367;0.30696392;0.3065318;0.0;0.0;4421.5674;5218.1025;-2657.7715;5617.7646;-594.14557;-1214.5588
1988-10-11;6.8229575;1.3033854;0.010114034;753.26263;0.7867567;161.1339;0.0;-7.3453654e-25;99.99998;-7.345365e-21;6.821349;-0.84783506;0.4259944;0.7292628;0.30326098;0.0;0.0;2843.5022;3352.985;-1372.9628;6849.4854;-588.9622;-874.2167
1988-10-12;6.6660867;1.910726;0.010040283;752.20337;0.872796;179.45302;0.0;-7.3453654e-25;99.99998;-7.345365e-21;3.0323148;-1.4226884;0.19170344;0.49184263;0.3001243;0.0;0.0;3337.375;3932.1316;-1799.3822;6339.6846;-988.29333;-873.4756
1988-10-13;5.5391135;-1.7491964;0.010106404;751.9478;1.1795137;152.90381;0.0;-7.3453654e-25;99.99998;-7.345365e-21;0.7184744;-1.4160405;0.04056096;0.3375709;0.29700994;0.0;0.0;4130.0635;4861.685;-2316.179;5652.0933;-983.67554;-1116.1633
1988-10-14;4.4153037;-2.5570374;0.009999593;752.763;0.9960453;100.23742;0.0;-7.3453654e-25;99.99998;-7.345365e-21;0.00042617318;-1.1399845;2.9802322e-05;0.2939254;0.2939105;0.0;0.0;3941.5557;4635.89;-2344.321;5515.858;-791.9089;-1013.7033
1988-10-15;3.7640686;-1.8232218;0.0073801675;753.0798;1.0277852;78.82754;0.0076497397;2.503395e-06;100.18976;-7.345365e-21;6.7997155;-1.2053568;0.4453808;0.7362813;0.29090047;0.0;0.041551888;3607.162;4238.5967;-1719.0762;6171.2456;-837.32166;-903.99335
1988-10-16;4.5034585;-0.757487;-0.6032359;755.8846;1.1547166;76.30201;0.25211588;3.3974648e-05;107.63247;-7.345365e-21;0.01514256;-1.524291;0.0020712614;0.2900213;0.2879426;0.0171531;0.0;3910.2444;4599.3823;-2066.7761;5911.0967;-1058.87;-981.79333
1988-10-17;4.6700134;1.1441447;-0.2765592;755.62115;0.8822922;71.40548;0.1402181;2.0623207e-05;109.40981;-7.345365e-21;1.5470476;-1.0716459;0.088095665;0.37313998;0.28505176;0.011736527;0.0;2832.6233;3328.6768;-1407.5928;6578.967;-744.4267;-711.4189
1988-10-18;5.99943;2.5840557;-0.2230161;756.16724;0.89685637;96.469086;0.076416016;1.1285146e-05;109.41404;-7.345365e-21;3.4837425;-1.0697265;0.23312867;0.51540136;0.28228015;0.008029863;0.0;2448.8245;2876.169;-1175.1222;6861.5854;-743.0944;-552.3489
1988-10-19;5.2611694;3.7943115;-0.006416321;752.5184;0.7633729;215.55937;0.04402669;6.3975654e-06;109.41404;-7.345365e-21;36.238953;-0.92203265;3.3732204;3.6528707;0.2796352;0.0048950315;0.0;1104.4055;1296.8267;-345.44724;7588.9746;-640.4978;-250.51
1988-10-20;3.5684917;1.526713;-0.02547582;750.8164;1.4578791;216.12648;0.020507812;2.861023e-06;109.41404;-7.345365e-21;2.4122834;-1.4306577;0.20509958;0.48212707;0.27703494;0.0023115426;0.0;2539.9778;2980.5679;-917.4328;7022.0835;-993.8289;-830.0611
1988-10-21;1.9979858;1.4952698;-1.4528427;751.7144;1.1124887;176.86775;0.01928711;2.7020772e-06;114.58364;-7.345365e-21;4.5410495;-1.1652578;0.42530894;0.69980323;0.27448684;0.001527369;0.0019297004;1930.3273;2264.96;-815.715;6911.6733;-809.4633;-683.8789
1988-10-22;1.3980408;-4.3586936;-7.100324;754.5105;0.8965691;84.54919;0.026855469;3.3775966e-06;132.20473;-7.345365e-21;0.002771616;-1.6435255;0.0002682209;0.2722144;0.2719462;0.0013634562;0.0015571713;3877.9944;4547.519;-2258.0894;5363.3022;-1141.7034;-980.4533
1988-10-23;3.4438274;-3.6882122;-7.2186904;755.4747;0.88863057;152.81396;0.017659506;2.3444493e-06;148.32648;-7.345365e-21;0.0021665911;-1.3765162;0.00029802322;0.26969612;0.2693981;0.0010021031;0.0;3696.18;4333.1436;-2214.8767;5405.987;-956.22;-579.9089
1988-10-24;4.78007;-0.9781291;-5.597525;755.6311;0.8792262;97.745056;0.0113932295;1.4305115e-06;151.3203;-7.345365e-21;0.060099363;-1.3898201;0.004529953;0.27143955;0.2668947;0.00091828406;0.0;3726.0105;4366.5347;-2016.6167;5760.559;-965.4611;-647.5733
1988-10-25;5.3119407;1.0896505;-2.8084362;753.7542;1.0123338;251.89192;0.0072428384;9.536743e-07;151.3203;-7.345365e-21;3.6848247;-1.3236748;0.3732443;0.6377101;0.2644658;0.000603497;0.0;3242.1177;3798.3057;-1615.185;6303.2866;-919.5122;-630.17334
1988-10-26;5.577606;1.1906229;-1.8637213;753.29816;1.0609318;251.87999;0.004638672;5.165736e-07;151.3203;-7.345365e-21;7.2157025;-1.5494953;0.795573;1.0576844;0.26211143;0.00037811697;0.0;3307.629;3873.7056;-1506.61;6475.511;-1076.3822;-587.74554
1988-10-27;5.5726523;2.8447978;-2.1710002;755.61847;0.6586689;253.16841;0.0025227864;7.947286e-08;151.3203;-7.345365e-21;12.514228;-0.87524855;1.5447736;1.8046498;0.25987625;0.00018067658;0.0;1488.1761;1742.5756;-1020.9828;6784.7163;-608.00555;-232.73111
1988-10-28;6.6162515;-0.4962972;-3.4390259;758.2121;0.8657191;145.30347;0.0010579427;-7.3453654e-25;149.31085;-7.345365e-21;0.28941035;-1.3354086;0.02837181;0.2860427;0.25767088;0.00013038516;0.0;2878.6978;3369.3545;-1602.7628;6315.8223;-927.6644;-358.99667
1988-10-29;6.825155;-1.4483337;-3.2427597;753.347;1.2388631;139.86586;0.0;-7.3453654e-25;148.18195;-7.345365e-21;0.7755995;-1.6904249;0.076681376;0.33216178;0.25547296;6.7055225e-05;0.0;3516.4883;4114.3076;-1872.3295;6122.1055;-1174.2822;-448.95
1988-10-30;1.2671915;0.34075928;-0.46339798;747.366;0.8157076;217.18604;3.0415852;0.00049551326;147.25714;3.2958984;10.23263;-1.0523759;1.1225119;1.3759136;0.2534017;0.046161935;1.1701696;1552.0333;1820.8088;-501.84222;7144.9644;-731.1289;-629.55225
1988-10-31;0.8629964;-3.1600952;-6.0631585;750.8484;0.8765152;170.50621;5.535319;0.0008128484;150.66762;5.533854;0.0027314308;-1.3183719;0.07094443;0.32235682;0.25140494;0.50158054;0.0010021031;3157.4917;3802.9756;-1858.8177;5641.157;-916.51276;-809.6889
1988-11-01;1.6238403;-2.0407207;-7.809086;753.5164;0.8961466;238.97803;3.0664062;0.0004506906;150.70473;2.8076172;0.0021457663;-1.1181216;0.03771484;0.28714538;0.24943799;0.27198717;0.0;3494.0562;4150.021;-2234.4978;5198.1934;-776.88275;-598.5833
1988-11-02;1.9902242;-0.81695557;-4.9513016;754.4411;0.8644832;214.67787;1.7888184;0.00026377043;150.72948;1.5055338;0.3194085;-0.7094685;0.049978495;0.29751658;0.24756789;0.13780966;0.0;2184.9805;2576.8877;-1257.0289;6210.161;-492.8889;-388.12112
1988-11-03;2.6587932;-2.1389668;-4.2512665;753.1118;1.3466955;235.54742;1.0298666;0.00015143554;150.73175;0.9765625;1.0486305;-1.1412147;0.11309981;0.35884976;0.24572015;0.09376183;0.0032708049;2844.9116;3340.3066;-1554.4277;6025.57;-792.9644;-535.4289
1988-11-04;1.9800211;-1.2880045;-6.620632;754.8745;0.896039;175.9709;0.57543945;8.436044e-05;151.0309;0.44759116;0.11231899;-1.2160764;0.018760562;0.26270747;0.24393946;0.06029196;0.0;3188.3972;3733.6223;-2027.4039;5475.061;-844.79553;-647.6567
1988-11-05;1.2009481;-10.088928;-9.667258;756.5759;0.90107083;78.20249;0.3177897;4.684925e-05;150.86456;-7.345365e-21;0.00016391277;-1.0664817;0.003233552;0.24540722;0.24218857;0.025086105;0.00017508864;3142.0261;3673.6445;-2287.7422;4953.333;-740.86664;-369.8989
1988-11-06;1.3688151;-4.5417047;-3.928233;757.2359;0.5124682;292.66785;5.9552407;0.00091234845;145.57843;6.4697266;5.808124;-0.48668498;0.4939586;0.73447824;0.24051219;0.34394488;1.6265512;1400.3434;1696.2944;-782.6517;6491.2256;-338.35443;-163.99667
1988-11-07;2.659322;0.6846517;-1.2691523;753.40753;0.92778295;209.08887;8.03947;0.0011909008;150.12628;8.260091;10.820657;-0.9030216;1.5083104;1.7472357;0.23891032;0.77064896;0.0;2145.1729;2604.2534;-919.81946;6693.4834;-627.09;-373.33334
1988-11-08;-0.47354126;-0.81901044;-0.71529645;749.6551;0.9530323;228.90355;23.816568;0.0037756364;149.57387;24.414062;17.466963;-0.41557288;1.8306673;2.068028;0.23735315;0.3219843;5.6118593;492.1111;610.9611;-252.34666;7101.573;-289.36667;-259.50223
1988-11-09;-3.2650452;-7.617677;-9.1224985;749.3586;0.9952355;269.75717;38.44157;0.0057546697;150.89027;37.88249;0.0023841858;-0.9099068;0.13913214;0.37500262;0.23587048;0.8701179;0.0023804605;2623.24;3915.1467;-1925.6483;4883.459;-642.7361;-536.6178
1988-11-10;-3.179779;-5.8522706;-8.436764;747.46136;0.7284712;193.37144;38.324707;0.0058046975;150.72914;38.12663;1.5684068;-0.39769337;0.11181831;0.346303;0.23446232;0.5959943;1.3819225;1713.3239;2511.9666;-1253.5577;5533.09;-283.01556;-344.29
1988-11-11;-5.4912057;-6.548613;-4.4065614;746.0261;1.035645;214.21461;64.898766;0.010655482;142.92674;74.50358;14.774221;-0.319412;0.05725026;0.29042363;0.23315847;0.2599973;14.420971;1176.1283;1813.97;-555.2989;6362.082;-230.73445;-482.59113
1988-11-12;-8.531106;-10.80684;-9.0729065;746.59015;1.1482733;198.89241;100.0;0.02119553;136.39809;155.51758;1.4731348;-0.21907501;0.0;0.23190677;0.23190677;0.0;1.4595017;857.2744;3205.5344;-709.6461;5552.7866;-166.63889;-155.05556
1988-11-13;-12.265472;-14.614377;-12.105435;744.2404;1.0194184;190.24414;100.0;0.025757313;132.85643;193.31868;6.592557;-0.13051927;0.0;0.23069978;0.23070723;0.0;6.5854826;619.47833;2394.0479;-710.7572;5292.1655;-99.77111;-202.49889
1988-11-14;-17.623432;-22.551302;-22.427393;748.2459;1.2253268;84.49502;100.0;0.028456727;135.87953;210.24577;0.01399219;-0.051662326;0.0;0.22953749;0.22955239;0.0;0.013552606;1003.6289;3930.9622;-1309.3611;3725.388;-36.34667;-66.76889
1988-11-15;-11.555656;-20.39589;-18.965279;751.3508;1.1863136;126.97488;100.0;0.028444529;147.80011;192.91179;0.0012949049;-0.09354111;0.0;0.2284199;0.22841245;0.0;0.0;1011.3483;3862.7734;-1135.3406;4200.689;-67.07;1.4055556
1988-11-16;-6.715018;-19.425354;-16.675522;751.604;0.9946874;306.47333;100.0;0.02841731;151.83722;186.97102;0.0;-0.120719895;0.0;0.22731721;0.22730976;0.0;0.0;1039.6128;3872.631;-1222.706;4298.74;-87.524445;38.86222
1988-11-17;-4.9051514;-15.286468;-12.921562;750.1103;0.937778;248.08492;100.0;0.028372684;153.32062;185.13997;0.0024600495;-0.12909807;0.0;0.22621453;0.22622198;0.0;0.00032037497;1026.1211;3713.0134;-1163.9817;4725.21;-93.80222;-3.1733334
1988-11-18;-3.4391327;-8.226775;-7.946181;747.68524;0.657458;195.16089;100.0;0.028247157;156.74965;180.46062;0.19197166;-0.14336593;0.035256147;0.2604127;0.225164;0.28090551;0.15465543;809.2561;2784.9578;-768.25836;5621.5483;-107.01556;-58.577778
1988-11-19;-4.172136;-6.1878395;-5.526478;743.6646;0.876508;153.52928;100.0;0.031617522;154.67088;203.36914;15.418381;-0.20927377;0.009536743;0.23368001;0.22414327;0.04063174;15.111591;409.0778;1319.7655;-206.7411;6385.976;-162.43;-124.111115
1988-11-20;-6.2325096;-7.916799;-9.246957;748.69;0.85423106;154.00822;100.0;0.04384613;149.6966;293.53842;0.42384863;-0.059574842;0.0;0.22312999;0.22315979;0.0;0.42041764;804.52277;3200.9512;-1187.3038;5045.4194;-41.593334;-66.35445
1988-11-21;-8.453484;-12.999688;-16.716444;751.3702;1.2177984;68.944176;100.0;0.04391424;153.31932;286.78384;0.0017106531;-0.023663044;0.0;0.22217631;0.22216141;0.0;0.0;928.9439;3576.99;-1185.6716;4361.439;-13.943334;51.433334
1988-11-22;-9.143829;-16.21785;-17.128906;752.8582;1.4902244;19.207365;100.0;0.043936413;154.65265;284.30176;0.0008702277;-0.044249;0.0;0.22119284;0.22120774;0.0;0.0;969.5517;3641.8433;-1170.8188;4349.484;-29.38;76.568886
1988-11-23;-7.871343;-14.763177;-16.606499;752.31805;1.4944024;11.860191;100.0;0.04395775;156.02765;281.6976;0.0;-0.034099445;0.0;0.22025406;0.22025406;0.0;0.0;993.56445;3642.3567;-1300.88;4254.7847;-21.606667;97.08222
1988-11-24;-7.0174003;-17.187658;-17.80245;750.70795;1.1977997;46.695194;100.0;0.04397261;157.32875;279.41895;0.0;-0.055167824;0.0;0.21931529;0.21932274;0.0;0.0;1011.98724;3613.0854;-1292.9867;4154.849;-38.093334;103.78667
1988-11-25;-6.613739;-15.394303;-16.113058;752.89215;1.1901371;49.31915;100.0;0.043975193;158.62108;277.34375;0.0008642673;-0.056838617;0.0;0.21839142;0.21840632;0.0;0.0;1008.6339;3518.7957;-1171.8027;4444.994;-39.336666;70.83889
1988-11-26;-5.29467;-13.811599;-13.592255;752.805;1.0229228;132.61148;100.0;0.043974716;160.22166;274.69888;0.0008586716;-0.058342703;0.0;0.21751225;0.2175048;0.0;0.0;846.93835;2882.06;-954.07556;4903.3433;-41.22889;58.70889
1988-11-27;-3.716695;-10.310482;-7.661284;749.5884;0.64439064;258.04367;100.0;0.044045288;162.3955;271.32162;0.7879466;-0.13262592;0.0;0.21661818;0.21661818;0.0;0.77461827;603.0894;1999.4889;-350.31277;6110.0024;-100.386665;-29.667778
1988-11-28;-4.3273926;-5.426844;-4.4507422;745.8599;0.7398185;231.6336;100.0;0.050275564;153.60707;326.37534;6.827783;-0.1035193;0.0;0.21575391;0.21574646;0.0;6.697692;639.86334;2366.9644;-502.3289;6264.89;-77.524445;-104.42778
1988-11-29;-6.2289224;-7.9219832;-6.4286995;748.0983;0.6862383;221.9555;100.0;0.05192721;154.92674;335.44922;0.544101;-0.11879578;0.0;0.21488965;0.21488965;0.0;0.5155504;813.79114;2962.4712;-729.43164;5801.067;-88.431114;-147.71777
1988-11-30;-5.895365;-7.3043556;-6.03031;746.55835;0.8948257;249.13692;100.0;0.052989323;156.138;339.39615;2.331413;-0.11379272;0.0;0.21404028;0.21405518;0.0;2.3197384;613.2194;2196.3132;-444.09555;6162.702;-86.07445;-93.388885
1988-12-01;-4.345835;-5.4626145;-3.8057415;749.8716;0.9860783;222.36986;100.0;0.05587991;155.78188;359.04947;2.2167683;-0.14882162;0.0;0.21320581;0.21322072;0.0;2.123736;578.0222;2128.95;-384.51443;6455.3022;-113.26778;-117.92667
1988-12-02;-4.0665283;-5.5837555;-5.425752;753.676;0.73111725;223.16931;100.0;0.057115752;158.62823;360.6771;0.18246399;-0.06052293;0.0;0.21238625;0.21238625;0.0;0.16662851;667.6178;2443.8022;-764.37054;5850.197;-43.63889;-63.923332
1988-12-03;-3.8137715;-5.0971985;-5.6472626;754.4848;0.9171359;190.23676;100.0;0.05711909;162.50389;352.09146;0.008556247;-0.047048554;0.008046627;0.21962821;0.21157414;0.08851662;0.0060126185;767.0783;2719.0679;-690.91943;5937.491;-32.66111;-75.615555
1988-12-04;-3.1309001;-4.243052;-4.17954;753.79126;0.86202604;178.7996;100.0;0.056988675;167.13214;342.04102;0.06170951;-0.04551187;0.027611852;0.23838878;0.21077693;0.25441125;0.054381788;755.7156;2574.581;-799.9928;5959.1387;-31.65;-65.045555
1988-12-05;-2.6643372;-4.810221;-4.8146873;753.25824;0.8665629;189.81615;100.0;0.056707025;171.67284;331.4209;0.0043958426;-0.052928925;0.0378415;0.24782121;0.20997971;0.33162534;0.0044070184;787.68335;2537.71;-922.91223;5743.359;-37.05;-45.90889
1988-12-06;-1.3570963;-3.4882812;-3.8041332;749.9218;0.59679407;212.60553;100.0;0.058014948;174.97035;331.8278;6.266153;-0.061036088;0.06316602;0.27236342;0.2091974;0.36181694;4.644044;736.1961;2261.3;-508.33334;6327.0376;-44.218887;-34.955555
1988-12-07;-2.4952495;-4.6042886;-2.5559578;750.826;0.8569758;149.42014;100.0;0.062382262;178.04588;351.88803;0.21764636;-0.06279629;0.03862381;0.2470538;0.20842254;0.3213063;0.15063584;700.5783;2145.98;-1135.6605;5664.394;-45.373333;-32.9
1988-12-08;-3.1657703;-11.901386;-8.964455;752.9592;1.4106191;13.080911;100.0;0.062154572;182.78546;341.06445;0.0017214061;-0.0718981;0.027805567;0.23545325;0.20764768;0.22898614;0.0;1034.4233;2992.479;-1203.3245;5056.359;-51.083332;71.92667
1988-12-09;0.19378662;-12.091927;-7.0271516;752.8076;0.8920152;203.86975;100.0;0.061884124;185.8421;333.98438;0.0008523463;-0.08943118;0.028461218;0.23534894;0.20688772;0.24665147;0.0;818.39777;2316.9055;-1001.2228;5470.585;-65.81333;60.77111
1988-12-10;-1.8675436;-8.181641;-9.383029;752.4747;0.8340319;284.25394;100.0;0.061700583;188.91144;327.84018;0.00086047035;-0.049965456;0.010848045;0.21699071;0.20614266;0.1016669;0.0;1040.4489;2853.0967;-1191.7988;5037.5576;-35.31111;50.486668
1988-12-11;-2.9705913;-4.0882263;-5.325897;750.6888;0.8021004;226.00275;100.0;0.06668349;184.41112;361.32812;17.821472;-0.02797693;0.019684434;0.22511184;0.20540506;0.040929765;17.110086;451.97168;1252.2245;-163.07777;6565.5366;-20.955555;-35.96
1988-12-12;-3.414154;-4.0746765;-2.399339;747.71045;0.9970241;207.21642;100.0;0.08783802;166.28058;527.70996;8.505183;-0.13181195;0.0010430813;0.20572543;0.20468235;0.0;8.226868;501.26666;2057.8455;-394.07556;6552.872;-100.35222;-139.58888
1988-12-13;-3.6518555;-4.6067643;-3.0483143;750.5368;0.91322285;204.32713;100.0;0.090805374;170.42381;533.6914;2.3289936;-0.106051564;0.0;0.2039671;0.2039671;0.0;2.1977537;536.41614;2102.4666;-430.87054;6463.2305;-79.905556;-95.30778
1988-12-14;-3.8169963;-4.4694314;-2.8012798;747.0246;0.8316836;191.3881;100.0;0.09664384;171.96906;561.52344;11.215207;-0.11094194;0.0030696392;0.20632148;0.20325184;0.0;10.662604;416.16888;1624.6333;-287.78946;6640.703;-84.76444;-128.92
1988-12-15;-4.714208;-5.62344;-3.9424782;746.2339;0.66698647;195.96587;100.0;0.10682893;168.51854;634.31805;3.273058;-0.083096325;0.0;0.20255148;0.20255148;0.0;3.242582;500.5311;2073.3767;-518.1872;6252.739;-62.236668;-93.51667
1988-12-16;-6.9052124;-10.012756;-7.912954;747.4024;0.9385171;39.683502;100.0;0.107676305;173.75226;620.0358;2.2999346;-0.06827712;0.0;0.20185113;0.20184368;0.0;2.197586;723.7189;2911.0977;-1048.5623;5197.957;-49.32;-72.43445
1988-12-17;-6.1281943;-8.503635;-8.487728;742.4427;0.7628794;159.34656;100.0;0.121635795;161.46059;751.3835;14.363643;-0.034134835;0.0;0.20115077;0.20115077;0.0;14.328361;550.95447;2360.5356;-288.74057;6160.9565;-23.541111;-56.81111
1988-12-18;-6.2289505;-7.11461;-6.3018265;742.74335;0.98024875;206.60735;100.0;0.12851965;162.42577;790.20184;9.651023;-0.027669594;0.0;0.20048022;0.20047277;0.0;9.6003895;463.88666;1961.3033;-372.08612;6230.6406;-19.485556;-75.35778
1988-12-19;-8.531628;-10.320865;-7.7320747;740.59985;0.61078745;193.31978;100.0;0.14826941;152.78741;968.0583;15.435116;-0.063152984;0.0;0.19979477;0.19980222;0.0;15.430197;415.1911;1805.9277;-605.94446;5730.651;-47.483334;-73.89111
1988-12-20;-11.041339;-13.157323;-11.198541;745.24164;0.81370497;208.27974;100.0;0.15261114;157.74901;968.4245;0.15592575;-0.031726435;0.0;0.19913912;0.19913167;0.0;0.15422702;657.35223;2795.5166;-1120.3434;4798.2744;-21.73889;-72.87222
1988-12-21;-13.065869;-17.601248;-16.923664;751.7275;1.2709794;29.216806;100.0;0.15265019;162.74445;938.1917;0.003892183;-0.009940937;0.0;0.19846857;0.19846857;0.0;0.0030361116;740.66943;3063.3833;-1276.8589;4109.7485;-5.3144445;4.0555553
1988-12-22;-11.779103;-18.62228;-20.151388;749.14923;1.1133305;144.72552;100.0;0.15267296;165.99022;920.4915;0.0030047868;-0.004950911;0.0;0.19781291;0.19781291;0.0;0.0;756.43164;3047.2944;-1001.1078;4230.8726;-1.5566666;70.02333
1988-12-23;-12.671084;-17.414167;-20.831558;749.0059;1.271072;15.31359;100.0;0.15270694;168.7298;905.63965;0.0047385693;0.010602176;0.0;0.19714236;0.19715726;0.0;0.003181398;785.01666;3080.3877;-1024.5216;4168.915;10.24;56.824444
1988-12-24;-10.449423;-18.44016;-21.750755;749.09204;1.2242762;70.43284;100.0;0.15273912;171.2018;892.78156;0.00043511385;0.005096197;0.0;0.19651651;0.19651651;0.0;0.0;838.585;3208.351;-991.53613;4147.0854;6.051111;121.742226
1988-12-25;-7.9595056;-11.868126;-16.657997;738.71844;0.77987725;170.18967;100.0;0.16396363;162.91144;1006.67316;28.02272;0.017809682;0.0;0.19589067;0.19588321;0.0;28.017138;185.96834;717.79553;527.485;6468.2993;13.928889;37.743332
1988-12-26;-7.2223954;-8.160699;-9.694423;732.4832;0.7898204;185.69762;100.0;0.19176514;150.77342;1267.7816;29.378284;0.0049583614;0.0;0.19526482;0.19525737;0.0;29.368237;334.07834;1444.56;81.61611;6535.621;5.08;-45.648888
1988-12-27;-11.0612955;-13.649506;-9.687988;731.8986;0.9973464;142.03151;100.0;0.21986811;151.39061;1451.3754;11.187998;-0.08984469;0.0;0.19463897;0.19463152;0.0;11.1453085;399.435;1741.4323;-564.95526;5593.1367;-69.04444;-117.46111
1988-12-28;-14.205094;-17.979853;-14.620685;744.6904;0.715626;151.31126;100.0;0.22469132;156.33397;1438.68;0.2506256;-0.034810975;0.0;0.19401312;0.19401312;0.0;0.24499744;742.62946;3174.7256;-1308.3156;4224.1143;-24.557777;-73.723335
1988-12-29;-14.172421;-19.391718;-18.836205;749.32135;0.89984465;145.38211;100.0;0.22474885;162.15297;1387.5732;0.009614229;-0.015836209;0.0;0.19338727;0.19339472;0.0;0.0087581575;748.8506;3113.2256;-1095.6237;4184.7646;-9.951111;-3.1188889
1988-12-30;-12.59286;-16.071083;-20.4375;748.4191;0.8069553;303.37933;100.0;0.22479725;166.48827;1351.4404;0.138551;0.011299737;0.0;0.19277632;0.19278377;0.0;0.1330562;755.4178;3054.669;-689.3458;4589.9316;10.511111;21.39889
1988-12-31;-11.509763;-15.1900835;-18.269802;746.6284;0.71562004;244.8792;100.0;0.22512245;170.50648;1321.6959;0.15789568;0.0023515895;0.0;0.19217283;0.19217283;0.0;0.15371293;773.26056;3058.2244;-977.5197;4462.5938;3.9633334;7.5344443
1989-01-01;-12.527207;-14.691888;-18.786379;743.9316;0.684694;278.25925;100.0;0.22524817;174.70702;1290.568;0.25749207;0.0190828;0.0;0.19156933;0.19156933;0.0;0.25540218;687.77167;2654.2932;-539.1506;4930.4565;16.086666;-14.505555
1989-01-02;-12.016334;-13.693375;-15.666179;741.5688;0.5308827;242.85114;100.0;0.22673452;177.06117;1280.6396;3.574431;-0.0020917505;0.0;0.19097328;0.19098073;0.0;3.5692565;557.8028;2125.179;-175.60417;5668.4917;-0.27555555;-56.75778
1989-01-03;-12.957306;-15.865293;-13.577831;741.42804;0.7538523;107.082115;100.0;0.23363976;171.68031;1360.1481;5.6170673;-0.03279932;0.0;0.19037724;0.19038469;0.0;5.600054;492.26556;1991.4111;-660.1075;5205.387;-24.063889;-64.21222
1989-01-04;-14.962787;-22.32461;-18.936354;745.0695;1.1668938;206.0816;100.0;0.23519962;175.06215;1344.808;0.001427741;-0.027859583;0.0;0.18978119;0.18979609;0.0;0.00056251884;834.41943;3321.5278;-1489.2637;3638.4795;-19.113333;5.807778
1989-01-05;-11.6499605;-18.793394;-21.419931;745.5591;1.2613028;206.90105;100.0;0.2352149;178.79295;1316.9352;0.0;0.003970228;0.0;0.18921494;0.18920004;0.0;0.0;854.7794;3315.8467;-1124.3983;4015.138;5.351111;100.42667
1989-01-06;-12.939621;-20.274534;-22.672953;745.2185;1.1603695;46.025406;100.0;0.23524193;181.99672;1293.6605;0.00042319295;-0.0012759119;0.0;0.1886189;0.18862635;0.0;0.0;904.01056;3420.0833;-1255.9761;3741.655;1.148889;90.827774
1989-01-07;-12.930959;-21.058006;-23.928347;744.24396;0.9652953;274.93707;100.0;0.23526478;184.75714;1274.6176;0.0012682676;-0.0009695068;0.0;0.18803775;0.1880452;0.0;0.0;930.82776;3436.369;-1231.6267;3685.1272;1.1661111;99.12334
1989-01-08;-13.598222;-20.92254;-24.205992;742.1359;0.9408193;112.44708;100.0;0.2352856;187.26039;1257.4463;0.0012904406;0.0016083941;0.0;0.18747151;0.18747151;0.0;0.0;901.00055;3247.65;-1062.8147;3884.8284;2.961111;82.21667
1989-01-09;-13.060135;-19.684729;-23.576805;746.4094;0.982883;93.43113;100.0;0.23530865;189.73305;1240.8041;0.0004351138;0.0028051436;0.0;0.18689036;0.18690526;0.0;0.0;948.3811;3339.7678;-976.8356;4058.8108;4.0633335;75.062225
1989-01-10;-12.039371;-18.09049;-21.493322;746.82306;0.92307764;172.84554;100.0;0.23539639;192.28937;1224.7721;0.33040643;0.0024465844;0.0;0.18633902;0.18633157;0.0;0.32485276;851.34;2932.1277;-630.99225;4664.0923;3.5872223;48.19
1989-01-11;-12.043223;-15.178787;-18.371244;744.06903;1.6779515;16.99621;100.0;0.23674567;193.78351;1222.168;1.6801983;0.03129989;0.0;0.18578768;0.18578023;0.0;1.6755015;539.4039;1868.2933;-596.79944;4940.039;25.368889;87.01
1989-01-12;-10.789929;-15.043922;-18.373274;745.03546;0.86274594;124.35415;100.0;0.23747198;196.60316;1208.6588;0.6923318;-0.0040167943;0.0;0.18522143;0.18522143;0.0;0.6910339;1006.1544;3459.1567;-949.1878;4495.0923;-0.41111112;10.5633335
1989-01-13;-11.975677;-15.790927;-15.531138;744.77496;0.9895227;87.76653;100.0;0.24282281;191.24542;1269.3278;6.146687;-0.018240884;0.0;0.18467009;0.18467009;0.0;6.139036;528.7767;1968.8;-463.4939;5344.3877;-12.657222;-15.903334
1989-01-14;-13.439109;-19.636932;-18.272425;747.3891;1.5065032;15.319618;100.0;0.24472912;192.9391;1269.6127;0.005158782;-0.016149133;0.0;0.18411875;0.1841113;0.0;0.0042915344;965.0356;3609.9067;-1565.206;3674.5208;-9.707778;40.672222
1989-01-15;-11.475213;-22.006624;-21.094584;747.1804;0.9677215;223.89832;100.0;0.24474227;196.23729;1248.6572;0.0;-0.025358051;0.0;0.1835674;0.18355995;0.0;0.0;1001.1861;3653.73;-1380.9689;3720.8477;-16.8;79.935555
1989-01-16;-12.750545;-20.457243;-22.106827;743.20917;0.7445114;218.04028;100.0;0.24475487;198.96288;1231.5674;0.0067675766;-0.010544434;0.0;0.18301606;0.18301606;0.0;0.00461936;959.0222;3418.5923;-1109.2;3989.3308;-5.8944445;43.20778
1989-01-17;-13.713085;-19.306091;-21.537817;743.1912;0.99259067;231.71382;100.0;0.24482417;201.48305;1216.3086;0.051158667;-0.008350238;0.0;0.18247962;0.18247217;0.0;0.048220158;1023.3811;3567.7566;-1149.5405;4021.4094;-4.07;27.557777
1989-01-18;-10.065498;-17.030516;-21.09604;749.3098;1.0345374;109.76324;100.0;0.24486156;204.06639;1200.9684;0.0;-0.0033620745;0.0;0.18192828;0.18192083;0.0;0.0;1064.3022;3628.412;-999.9572;4277.84;0.15888889;75.043335
1989-01-19;-8.593432;-14.1699295;-19.005823;747.67334;0.6555411;246.33147;100.0;0.24489169;206.9186;1184.4889;0.008639692;-0.0040698797;0.0;0.18139184;0.18139184;0.0;0.0060647726;1084.2911;3615.8145;-973.0967;4482.5225;-0.4377778;25.151112
1989-01-20;-9.99203;-11.340003;-15.535756;744.7541;0.68808585;167.2206;100.0;0.24607666;208.291;1181.2744;4.7815824;0.013882294;0.0;0.18086284;0.18086284;0.0;4.7794285;593.0611;1969.3156;-16.917223;5944.0044;11.935555;-31.566668
1989-01-21;-9.85178;-13.319504;-12.291431;748.4565;1.467378;32.51948;100.0;0.25337112;202.53448;1251.7496;2.9406428;-0.051604584;0.0;0.18031895;0.18033385;0.0;2.9359422;825.1372;3140.2312;-841.06055;5184.4033;-36.645557;-46.033333
1989-01-22;-11.5781355;-15.022897;-13.850877;748.6391;1.8244289;21.856995;100.0;0.2537534;207.28807;1225.7487;0.08660555;-0.023880973;0.0;0.17979741;0.17979741;0.0;0.08444488;970.80554;3599.6768;-1122.0286;4637.56;-14.912222;-15.588889
1989-01-23;-8.817047;-12.666739;-13.340679;747.0372;1.3308238;19.059408;100.0;0.2545555;211.0016;1208.0892;0.6421983;-0.02411846;0.0;0.17926097;0.17926097;0.0;0.6409213;971.16724;3568.9521;-1075.7123;4816.899;-14.836667;-19.36
1989-01-24;-10.504533;-14.228465;-15.147057;748.05054;0.99804115;49.82318;100.0;0.25464574;215.1878;1184.4076;0.0031672854;-0.017258339;0.0;0.17872453;0.17873943;0.0;0.0006891787;1054.8472;3781.1555;-1340.885;4272.1597;-9.6877775;-27.553333
1989-01-25;-11.160182;-13.952699;-16.672926;745.90845;0.95954376;246.73347;100.0;0.25474632;218.5348;1166.9922;0.26405248;0.0011175871;0.0;0.17820299;0.17821044;0.0;0.2610758;1059.775;3715.1023;-1113.9272;4445.023;3.6666667;-17.353333
1989-01-26;-13.112334;-20.238031;-17.109915;747.54297;1.0609907;26.591059;100.0;0.2550021;221.19594;1154.2155;0.03957672;-0.04579127;0.0;0.17771125;0.17769635;0.0;0.037431717;1146.8839;3954.8044;-1552.1069;3858.195;-31.751112;-18.982222
1989-01-27;-13.480724;-21.119705;-19.74307;747.72577;1.3367014;24.636526;100.0;0.25501528;223.83331;1140.5029;0.00095963466;-0.030845404;0.0;0.1771748;0.1771748;0.0;5.2154064e-05;1218.05;4106.568;-1580.7783;3617.6748;-20.415556;45.144444
1989-01-28;-15.056863;-19.050888;-20.331139;747.91504;1.8414775;21.456816;100.0;0.25504467;226.04816;1129.3539;0.024469744;-0.0075455755;0.0;0.17663836;0.17666072;0.0;0.020548701;1160.6938;3828.9612;-1265.8434;3989.681;-3.21;25.484444
1989-01-29;-15.208476;-19.465944;-20.262411;748.76056;1.608613;19.469652;100.0;0.2550855;228.17577;1118.9779;0.0045180316;-0.014528632;0.0;0.17616153;0.17614663;0.0;0.0040978193;1242.4395;4012.7322;-1401.7772;3845.081;-8.335556;-0.87666667
1989-01-30;-14.640523;-22.55384;-20.847334;749.3467;1.2490693;14.227099;100.0;0.25510275;230.22426;1108.8867;0.0011324883;-0.032546;0.0;0.17563999;0.17564744;0.0;0.00070780516;1325.4556;4190.9624;-1465.97;3719.6326;-21.97;8.528889
1989-01-31;-11.76588;-21.748789;-20.23937;746.1499;0.86087394;177.94841;100.0;0.2551094;232.21156;1099.3652;0.002143239;-0.04037004;0.0;0.17513335;0.17513335;0.0;0.0;1334.0734;4132.4067;-1304.2556;4016.4175;-27.736666;5.2955556
1989-02-01;-12.496155;-17.222872;-18.723618;741.4158;0.75243694;177.49895;100.0;0.25568032;232.87465;1098.6328;1.6796142;-0.005185604;0.0;0.17464161;0.17463416;0.0;1.6718321;929.11554;2836.5667;-526.3714;5059.844;-3.452222;-42.18111
1989-02-02;-14.7143545;-21.82731;-17.755621;746.69867;1.6425886;24.201788;100.0;0.25678185;232.4098;1105.9164;0.016912818;-0.083187595;0.0;0.17414987;0.17414987;0.0;0.01649186;1363.6923;4266.549;-1753.4628;3593.7217;-64.09;-44.211113
1989-02-03;-12.938998;-22.14868;-19.737381;751.36774;1.4480762;16.951696;100.0;0.25675324;234.61293;1095.1334;0.00085532654;-0.016905367;0.0;0.17367303;0.17366558;0.0;0.0;1415.5616;4339.2827;-1550.7219;3731.3657;-11.776667;15.84
1989-02-04;-11.462016;-19.702217;-18.933983;751.94165;1.3475744;14.409978;100.0;0.25675902;236.69139;1085.4899;0.0;-0.0058505684;0.0;0.1731813;0.1731813;0.0;0.0;1446.6161;4347.247;-1402.9231;4048.415;-2.9822223;22.65889
1989-02-05;-10.387123;-18.40038;-18.07268;752.2603;1.6493983;15.2119665;100.0;0.2567724;238.8841;1076.0092;0.0;0.005118549;0.0;0.17270446;0.17270446;0.0;0.0;1506.6478;4440.3755;-1644.6311;3828.98;4.4677777;52.77111
1989-02-06;-9.888185;-19.99049;-18.189161;751.28516;1.2322088;59.259113;100.0;0.256781;241.05824;1066.3656;0.00044107434;0.0012246892;0.0;0.17222762;0.17222762;0.0;0.0;1573.7056;4550.3667;-1703.9514;3743.6057;1.4683334;35.775555
1989-02-07;-10.027503;-20.611502;-18.222662;751.4214;1.0587064;83.63282;100.0;0.25678614;243.166;1057.0068;0.0;-0.0052740797;0.0;0.17176569;0.17175823;0.0;0.0;1627.7078;4618.963;-1785.2158;3643.083;-3.626111;9.435555
1989-02-08;-11.06927;-21.447153;-18.460045;752.46704;1.1825582;23.379782;100.0;0.25678673;245.18097;1048.1771;0.00042617318;-0.0064261258;0.0;0.17128885;0.17128885;0.0;0.0;1673.3678;4661.915;-1790.5183;3630.1013;-4.517778;5.615556
1989-02-09;-10.071576;-20.935152;-18.23465;749.6877;1.0208315;181.28224;100.0;0.2567856;247.13963;1039.7543;0.00087022776;-0.011527911;0.0;0.17081201;0.17081946;0.0;0.0;1707.9338;4672.791;-1736.5975;3737.579;-8.517777;-2.8777778
1989-02-10;-8.766416;-18.6286;-16.866106;745.36163;0.6330715;272.83783;100.0;0.25678083;249.10707;1031.3314;0.0852257;-0.049224123;0.0;0.17036498;0.17036498;0.0;0.08007884;1510.5834;4061.6484;-1055.6934;4707.344;-38.22333;-40.52778
1989-02-11;-9.67394;-13.739334;-13.738551;743.4727;0.92737645;73.55886;100.0;0.25740185;250.0371;1029.3783;4.3875036;-0.09795837;0.0;0.16988814;0.16988814;0.0;4.384041;1342.6805;3567.071;-681.7917;5391.927;-76.736664;-121.30778
1989-02-12;-10.3631315;-13.53823;-11.034902;742.0257;1.3587543;44.10521;100.0;0.27223444;226.42804;1200.4801;14.661346;-0.09490829;0.0;0.1694411;0.16943365;0.0;14.65236;641.5856;2479.7334;-433.3039;5743.541;-74.38556;-113.71111
1989-02-13;-11.19236;-14.916701;-11.064364;740.3393;1.2211177;40.186695;100.0;0.2797886;219.39484;1275.1465;4.581854;-0.1442982;0.0;0.16897917;0.16897917;0.0;4.5791755;816.4767;3312.3093;-630.2061;5473.6;-113.11889;-201.80779
1989-02-14;-12.960034;-15.464948;-12.708794;743.8724;0.7744605;121.76724;100.0;0.28179052;221.07484;1275.9196;0.32117313;-0.03593974;0.0;0.16851723;0.16852468;0.0;0.3143996;1054.3162;4233.426;-1096.9664;4737.237;-27.831112;-209.54445
1989-02-15;-12.220501;-17.659071;-13.902827;747.6917;1.0048494;69.7011;100.0;0.28193775;225.11913;1253.2552;0.030237436;-0.033224;0.0;0.1680702;0.1680702;0.0;0.028524548;1223.1761;4800.379;-1443.0172;4260.438;-25.587778;-197.5
1989-02-16;-9.308656;-18.752344;-16.244207;749.40936;0.998177;141.49294;100.0;0.2819374;228.70897;1233.9274;0.0012873197;-0.0065146014;0.0;0.16762316;0.16762316;0.0;0.0;1308.2383;5004.838;-1532.3295;3988.9675;-4.4677777;-28.326666
1989-02-17;-8.6857195;-17.808123;-16.774416;749.008;0.8780272;183.93068;100.0;0.28194198;231.8014;1217.4072;0.0;-0.0006649643;0.0;0.16717613;0.16717613;0.0;0.0;1326.7683;4951.5474;-1448.0125;4088.0378;0.08555555;-35.88
1989-02-18;-9.822064;-14.264455;-16.410229;745.8555;0.65463334;146.15678;100.0;0.28274527;233.49803;1211.4258;1.976651;0.024976209;0.0;0.1667291;0.1667291;0.0;1.9744225;853.1711;3119.8906;-577.675;5172.574;19.827778;-26.71
1989-02-19;-12.025016;-14.28176;-14.301014;746.7828;1.0355096;95.29733;100.0;0.2839727;234.76886;1210.8561;0.039744377;0.0045308843;0.0;0.16628206;0.16628206;0.0;0.036641955;1244.9011;4573.9385;-929.9617;4936.0913;4.0444446;-188.6811
1989-02-20;-9.787894;-12.064443;-12.34924;750.6699;0.8344801;136.64357;100.0;0.28447112;237.7682;1197.1842;1.1238472;-0.016444363;0.0;0.16584992;0.16584247;0.0;1.1208392;1127.94;4041.9895;-626.52;5514.099;-12.462222;-182.85
1989-02-21;-6.449908;-9.97623;-10.922123;749.5717;0.8640508;104.599266;100.0;0.2851274;241.05695;1184.0006;0.0033190527;0.0065267086;0.0;0.16540289;0.16540289;0.0;0.0016093254;1447.0505;5177.8496;-1583.3011;4481.4556;5.7377777;-122.94889
1989-02-22;-6.5155067;-14.851724;-12.2914915;744.72437;0.86270285;196.77795;100.0;0.2851335;244.94432;1165.2832;0.0017166131;-0.018697232;0.0;0.16497076;0.1649633;0.0;0.0;1487.4261;5202.0146;-1516.1339;4423.114;-13.836667;-83.75889
1989-02-23;-6.259455;-9.917225;-11.631019;744.7527;0.83465594;218.20198;100.0;0.2854959;247.97687;1151.8961;1.5820265;0.014143065;0.0;0.16452372;0.16452372;0.0;1.5777276;1255.4194;4296.5864;-806.7178;5394.2437;11.541111;-116.94889
1989-02-24;-7.4978576;-15.461514;-10.5339155;750.7622;0.9158745;51.16248;100.0;0.28684425;249.79066;1149.2106;0.06284714;-0.04070252;0.0;0.16412139;0.16409904;0.0;0.061154366;1561.6755;5414.257;-1812.9758;4211.6777;-31.136667;-157.03444
1989-02-25;-6.4723077;-18.847437;-12.8555975;753.57587;1.0662401;191.46796;100.0;0.28682017;253.22003;1133.3822;0.0030039619;-0.04155934;0.0;0.16367435;0.16367435;0.0;0.0;1627.9083;5517.8735;-1785.0433;4055.7869;-31.725555;-43.425556
1989-02-26;-5.1052947;-20.229063;-13.020871;750.3286;0.8884955;273.22183;100.0;0.28678057;256.20084;1119.9545;0.0;-0.06420538;0.0;0.16324222;0.16324222;0.0;0.0;1622.5645;5380.121;-1476.6842;4474.6953;-49.56333;-64.20333
1989-02-27;-3.9688518;-16.098541;-11.808501;750.5174;0.71073264;263.72012;100.0;0.28672138;259.1914;1106.893;0.0019907951;-0.06900169;0.0;0.16281009;0.16281009;0.0;0.0014193356;1535.725;4981.0967;-1189.5109;4980.927;-53.354443;-95.295555
1989-02-28;-1.9538879;-7.1920877;-9.735728;752.145;0.67703515;216.69945;100.0;0.2867155;262.48926;1093.5059;0.002476573;0.032001175;0.0;0.16239285;0.16239285;0.0;0.0007599592;1685.57;5357.1304;-1362.152;4957.7646;25.921112;-102.73889
1989-03-01;-2.209483;-5.433014;-7.3687034;749.01855;0.64269775;188.49428;100.0;0.2894862;263.10352;1099.6094;11.7886095;0.0016605482;0.0;0.16196072;0.16196817;0.0;10.775838;1606.9161;4999.9824;-845.3336;5802.0347;2.145;-128.72667
1989-03-02;-1.3356425;-4.2186265;-4.1251464;749.1843;0.78102547;104.825264;100.0;0.2988164;257.91113;1160.0342;0.14690578;-0.00984408;0.0;0.16154349;0.16155094;0.0;0.13048574;1340.8105;5121.1685;-1287.2578;5472.4834;-6.7733335;-176.46445
1989-03-03;-1.3697205;-5.131321;-4.955973;749.4705;0.84802526;132.39117;100.0;0.2988334;264.00717;1133.667;0.0029262847;-0.012677163;0.0;0.16112626;0.1611337;0.0;0.001642853;1434.8739;5261.91;-1317.4261;5318.2695;-8.887777;-186.08333
1989-03-04;-0.93152875;-5.6398416;-4.9802246;748.44196;0.7143987;184.62498;100.0;0.2995089;269.09506;1114.8682;2.6150458;-0.035284087;0.0;0.16070902;0.16070902;0.0;1.85843;1459.4436;5159.7485;-1096.8169;5636.608;-26.653334;-168.29
1989-03-05;-1.124003;-4.862783;-4.177429;749.2654;0.9853514;59.45305;100.0;0.30132952;273.3763;1104.777;0.009468197;-0.017184764;0.019520521;0.17981231;0.16029924;0.21261722;0.00731647;1459.6714;5153.6406;-1380.2483;5311.473;-12.413333;-166.45334
1989-03-06;-0.5135396;-6.7685266;-5.033727;750.7332;1.0118481;74.81901;100.0;0.30116284;279.2054;1082.0312;0.0017225739;-0.036641955;0.010624528;0.17049909;0.15988946;0.11290982;0.0;1704.7175;5794.5044;-1697.9089;4879.5938;-27.47889;-137.57556
1989-03-07;0.83361816;-9.382538;-5.148257;750.664;0.8251939;172.85387;100.0;0.30112898;284.6686;1062.3373;0.6095718;-0.11146441;0.01733005;0.17680228;0.15946478;0.18030778;0.027541071;1661.4828;5472.305;-1162.892;5546.852;-83.07111;-107.37556
1989-03-08;0.23638916;-3.2443135;-2.1522624;749.8274;0.59119123;197.01247;100.0;0.30293167;289.33398;1052.1647;3.20824;-0.06252248;0.19836426;0.35740435;0.159055;1.3671722;0.7275492;1180.8077;3861.1062;-520.16583;6615.1377;-46.331112;-140.76778
1989-03-09;-0.565684;-2.6140544;-0.82250977;747.94165;0.7917443;180.09612;100.0;0.3023473;297.27505;1022.5423;0.20189881;-0.069463626;0.23449957;0.39313734;0.15863776;1.7572604;7.4505806e-06;1661.9769;4763.0186;-1286.9858;5729.9326;-51.017776;-185.92778
1989-03-10;-0.69484454;-3.1625366;-0.6382573;743.83795;1.5912681;31.96665;100.0;0.30174673;306.3229;989.5833;2.9750764;-0.3476832;0.08881092;0.24703145;0.15822798;0.61198324;2.4872682;1669.4653;4343.6504;-643.18555;6537.9644;-270.02777;-202.71
1989-03-11;-1.6255087;-5.363729;-0.2808609;747.1028;1.0895987;57.838837;100.0;0.303516;311.59702;977.98663;0.35024667;-0.49766806;0.072568655;0.23043156;0.15782565;0.5304199;0.3367886;1625.3978;4336.4062;-1009.81445;6105.0312;-388.02335;-254.65555
1989-03-12;-2.5463054;-5.1234536;-0.37507883;749.7292;0.9084392;82.049545;100.0;0.3019509;319.80112;948.0794;0.005582541;-0.4521543;0.26127696;0.41869283;0.15741587;1.9402895;0.004719943;2071.0225;5110.2295;-1337.1989;5676.1187;-351.74777;-377.9222
1989-03-13;-1.636383;-7.5268044;-0.52699786;745.91254;0.9198547;66.24388;100.0;0.3011633;328.14584;920.8171;2.2521405;-0.50570816;0.032946467;0.1899451;0.15701354;0.20713732;1.9225944;2172.0288;5056.6133;-1361.5939;5676.7446;-393.21;-202.72223
1989-03-14;-3.4349263;-4.900869;-0.5621694;739.96826;0.9037853;114.876625;100.0;0.32103658;302.5537;1062.5406;33.226124;-0.31967834;0.0094771385;0.16610324;0.15661865;0.007286668;32.49315;592.9753;2247.0881;-427.40805;6605.4443;-250.14055;-274.91446
1989-03-15;-3.6093953;-6.3428345;-1.2031441;741.31635;0.76473594;141.5418;100.0;0.3385004;282.20605;1201.3346;3.7460804;-0.3458541;0.0;0.15622377;0.15623122;0.0;3.6823788;1429.5897;5358.961;-1400.1039;5450.4243;-268.19556;-368.62112
1989-03-16;-3.818512;-5.9045777;-2.7563782;744.31134;0.80592936;210.41399;100.0;0.33913037;287.36978;1182.5765;0.15869737;-0.22996497;0.0;0.15583634;0.15583634;0.0;0.124100596;1582.708;5286.0957;-1239.6958;5549.5728;-177.01445;-279.57
1989-03-17;-3.2323914;-6.309204;-2.501372;746.9875;0.8730257;73.563255;100.0;0.3390173;292.94858;1160.0342;0.06299615;-0.2941601;0.0;0.15544891;0.15544891;0.0;0.023387372;1767.2153;5618.009;-1298.2694;5571.789;-226.94278;-342.9511
1989-03-18;-3.189972;-6.929474;-2.7394257;747.55084;1.1998159;31.441065;100.0;0.33911273;298.6914;1138.3057;0.5208659;-0.2770005;0.00017881393;0.1552403;0.15506148;0.0014938414;0.05824864;1950.4255;5829.44;-1528.8055;5250.4873;-212.88667;-250.74333
1989-03-19;-1.5103658;-7.590912;-2.0198467;748.10956;1.1678982;33.71579;100.0;0.33898795;304.90884;1115.275;0.012904406;-0.31834188;0.03053248;0.18522143;0.1546815;0.24249218;0.0033937395;2213.5203;6253.1245;-1660.9856;5234.0347;-244.795;-251.79445
1989-03-20;-1.8159891;-7.3504233;-1.7773933;748.0274;0.9030368;81.34605;100.0;0.33857453;312.01724;1089.4775;0.002592802;-0.27051753;0.02540648;0.179708;0.15429407;0.19628741;0.0004954636;2406.7166;6366.895;-1843.9597;4982.3843;-204.8211;-225.66112
1989-03-21;-2.134552;-5.1154685;-1.0220667;747.31177;0.83626264;59.86952;100.0;0.3396728;318.7246;1069.9056;2.145387;-0.28908813;0.054866076;0.20873547;0.15389174;0.3729183;1.2654923;1885.3728;4875.7163;-1316.6256;5642.76;-217.26111;-212.29
1989-03-22;-2.4348652;-6.4555154;-0.77367145;749.76605;0.9958155;72.84045;100.0;0.33941802;327.9541;1039.6729;0.006920099;-0.59251857;0.08250773;0.23598969;0.15347451;0.57522583;0.0016354024;2625.3667;6354.84;-1717.8811;5211.9644;-451.62668;-354.0172
1989-03-23;-0.9643046;-6.605765;-0.59405774;750.4949;1.0021802;84.135155;100.0;0.33785307;338.9147;1001.2614;0.008622772;-0.44986606;0.28052926;0.433594;0.15305728;2.0033176;0.0;2906.8867;6662.809;-1995.3364;4958.0044;-337.35165;-192.76222
1989-03-24;-0.04019165;-4.8608193;-0.44151816;750.1385;1.0058824;80.41127;100.0;0.33375886;349.62207;959.06573;0.0017225739;-0.42454806;0.79348683;0.9461194;0.15264004;5.5012407;0.0;3038.6433;6684.537;-1978.2933;5029.044;-316.90668;-180.93
1989-03-25;0.5648804;-3.28714;-0.29180908;749.02386;0.8778763;204.88435;100.0;0.32766786;358.87924;916.9922;0.39080083;-0.5097324;0.9521097;1.1043549;0.15224516;6.1707606;0.003106892;2663.1394;5678.5815;-1201.525;6028.042;-385.95944;-185.76111
1989-03-26;-0.74592084;-1.9297079;-0.11111069;745.92847;0.6447516;222.27252;100.0;0.32245764;361.60645;894.4499;9.579691;-0.3604293;1.83478;2.0127745;0.17799437;7.875079;5.3960347;2029.8944;4347.258;-667.2572;6595.9126;-273.59555;-288.47446
1989-03-27;-1.924642;-2.9395344;-0.0971578;742.2006;1.1696364;205.24854;100.0;0.32223776;354.25327;912.27216;4.8659325;-0.4772786;0.9987056;1.1502802;0.15156716;4.6263485;3.5056024;1870.7539;4978.6445;-851.87836;6356.167;-364.29443;-400.5178
1989-03-28;-3.9057617;-5.10045;-0.3096962;738.21796;1.2292428;199.24866;100.0;0.32671598;345.43848;947.2249;11.06903;-0.515569;0.05596876;0.20730495;0.15132129;0.24273619;10.576047;1463.1161;4385.259;-881.12195;6160.5254;-396.2789;-466.44446
1989-03-29;-8.771142;-11.625096;-1.5570679;735.76263;1.0041106;198.38103;100.0;0.33723524;321.4922;1049.8047;9.917873;-0.7185582;0.0;0.15112758;0.15113503;0.0;9.908207;1274.8911;4276.8096;-1145.6812;5476.0474;-556.69446;-688.9078
1989-03-30;-8.715409;-16.284315;-6.013157;743.09125;0.98199695;283.9951;100.0;0.34159335;311.36685;1098.9584;0.020706654;-0.57430196;0.0;0.15096366;0.15097857;0.0;0.019416213;1982.0255;7075.891;-1947.1664;4295.2466;-436.54;-366.14444
1989-03-31;-5.8194404;-7.635536;-6.942247;748.40924;1.3168523;245.36975;100.0;0.34286717;311.62305;1101.4404;4.032886;-0.198015;0.0;0.15085936;0.15084445;0.0;3.87498;1098.7339;3866.4373;-361.825;6285.0864;-149.8511;-248.63445
1989-04-01;-1.8197836;-3.0647583;-3.4980927;751.8969;1.0730118;220.25908;100.0;0.3474845;308.93555;1125.7731;3.7249923;-0.21910109;0.0;0.15074015;0.15074015;0.0;2.434604;1450.9161;5396.025;-509.7322;6550.812;-160.68;-235.85222
1989-04-02;-0.4047648;-2.5127869;-1.3909403;753.7578;1.0027664;122.063255;100.0;0.34926835;313.7357;1115.5599;0.63562274;-0.2603885;0.049352646;0.19997358;0.15061349;0.21587871;0.0014491379;1807.0555;6505.208;-1115.0906;5987.089;-187.34555;-240.72556
1989-04-03;-0.4052124;-4.552073;-0.7979838;752.5981;1.1157881;78.67156;100.0;0.3488524;322.48047;1084.432;0.075390935;-0.39118528;0.16213953;0.31261146;0.15048683;0.9120926;0.0014603138;2280.7305;6935.75;-1452.7728;5604.39;-287.65668;-277.93112
1989-04-04;0.31576538;-5.374186;-0.45863852;753.64215;1.130607;40.9826;100.0;0.34693453;332.33203;1046.3461;0.15451506;-0.2978854;0.51034987;0.6607324;0.15037507;2.8861203;0.0;2118.2656;5729.076;-1338.5316;5765.062;-216.46222;-135.29666
1989-04-05;0.5994771;-5.8983765;-0.3937429;753.26825;1.1521412;89.571724;100.0;0.34225217;342.11948;1002.6042;0.016534328;-0.3957376;1.0771602;1.2274683;0.15030801;6.0807467;0.0;2885.4927;7172.6006;-1809.8706;5274.9517;-288.56445;-162.85
1989-04-06;2.1445618;-7.6219583;-0.35644022;751.841;1.0583872;149.59367;100.0;0.3346527;351.3265;955.1595;0.003910064;-0.42398646;1.6062707;1.7627776;0.15648454;8.526765;0.0;3103.01;7255.176;-1836.6292;5297.891;-309.17334;-138.71666
1989-04-07;3.3062847;-6.048116;-0.3036995;753.31006;1.0386201;118.21058;100.0;0.32449257;360.11035;903.7679;0.031357422;-0.3469251;2.252072;2.4245977;0.17252564;11.056699;0.0;3001.6294;6705.1;-1441.1989;5778.3115;-249.93556;-111.681114
1989-04-08;2.4537861;-1.1964417;-0.20319875;755.3604;1.0344716;153.30408;100.0;0.3115556;367.6273;850.2197;1.2616694;-0.24337694;4.015297;4.226029;0.21073222;13.784915;0.0;2960.525;6387.0234;-1217.8663;6067.1665;-172.55222;-149.13889
1989-04-09;1.4628296;-0.77023315;-0.15363693;755.83765;1.1524891;108.874275;100.0;0.29638728;373.24088;796.7529;2.3503675;-0.33170357;5.06866;5.6117625;0.5430952;15.8409195;0.00461936;2958.8506;6218.195;-1044.4608;6299.439;-241.94221;-210.69112
1989-04-10;1.8294882;-1.3936462;-0.19582622;755.62823;1.1664997;106.78634;100.0;0.28122702;378.7601;744.91376;1.222074;-0.33134407;4.460737;4.694268;0.2335459;15.008938;0.0;2800.805;5764.2495;-1085.8217;6207.5757;-242.68666;-161.17667
1989-04-11;2.3813374;-2.534729;-0.22925441;754.42847;1.0617956;115.02912;100.0;0.2647808;384.85156;690.389;0.020495359;-0.35220477;5.244464;5.4715576;0.22710115;17.259882;0.0;3342.4067;6773.5273;-1409.1461;5903.067;-254.39;-144.77
1989-04-12;1.4334005;-2.3307087;-0.27174506;750.6862;1.1527119;91.58845;100.0;0.24872811;392.41666;636.55597;5.9985547;-0.39314198;6.7467837;6.9901943;0.24340302;15.207466;0.0;3335.7827;6678.328;-1386.4478;5887.8057;-287.29666;-150.64778
1989-04-13;1.4525961;-1.8854777;-0.2521769;748.3442;1.0876187;197.6074;100.0;0.23380665;399.52408;588.0127;1.414299;-0.6022975;5.823143;6.6649914;0.8418411;15.026007;2.9802322e-05;3295.9011;6534.903;-1319.2136;5922.802;-453.89334;-218.41112
1989-04-14;2.428426;-0.10959879;-0.3114128;750.096;1.0201491;236.38191;100.0;0.21850002;407.03906;539.4694;0.32043755;-0.28874633;5.2065105;5.5877714;0.3812611;15.6626625;0.00092200935;3074.2417;6052.552;-1287.6425;5977.0146;-209.2889;-131.14111
1989-04-15;3.2650654;-1.0451559;-0.3759397;752.04767;1.1651483;260.2669;100.0;0.20041215;414.82748;485.92123;0.0006556511;-0.45848638;7.201701;8.494318;1.292631;19.358768;0.0006631017;3794.939;7427.7866;-1668.6986;5619.2534;-336.12332;-154.30112
1989-04-16;5.3638406;-1.084849;-0.57505924;753.7136;1.0462214;132.22182;99.90804;0.18121295;424.11166;430.21646;0.0;-0.31701195;7.9209657;9.160712;1.2397468;19.115154;0.0;3799.6228;7402.026;-1751.1217;5487.94;-224.7411;-89.047775
1989-04-17;3.7431538;-0.4562378;-0.45922598;750.6717;1.2628852;205.77977;98.39738;0.16375315;433.49448;380.12695;3.8140252;-0.3831759;7.915661;8.850113;0.9344518;15.694384;0.0;3023.5627;5826.403;-1184.97;6113.7554;-280.57443;-54.546665
1989-04-18;2.6974385;-4.1330056;-0.52776337;751.29144;1.3315505;122.72054;96.54663;0.14697123;441.13052;335.00162;0.42417186;-0.7725926;6.681189;7.369533;0.68835914;17.277773;0.0019334257;3844.8354;7317.0796;-1625.3911;5645.55;-575.4411;-193.5689
1989-04-19;5.4378867;-7.280355;-0.808595;754.0486;0.8856849;104.34067;95.30005;0.12798934;447.55502;287.55698;0.0008548289;-0.4798528;8.213602;9.299636;1.0860264;19.981882;0.0;4136.144;7799.404;-1939.1287;5311.5454;-341.44;-129.78334
1989-04-20;7.113861;-3.6609905;-0.7906189;755.23737;1.1051772;71.45708;94.534996;0.106758036;449.69922;238.56609;0.0012814989;-0.47811028;9.631604;11.011973;1.3803691;21.851316;0.0;4143.056;7759.924;-1766.8239;5577.699;-338.73444;-115.244446
1989-04-21;6.6045737;-2.0740864;-0.8042259;754.48535;1.0182703;96.39994;93.66846;0.08493503;449.83594;189.86003;1.3020337;-0.37337002;10.123446;11.673384;1.5499443;21.20566;0.0;3697.7622;6894.351;-1451.1555;5937.41;-262.5889;-155.30779
1989-04-22;6.487905;-4.7607017;-1.1618589;752.5701;1.0302678;81.682846;90.17179;0.06383964;449.83594;142.86296;0.21682978;-0.42260903;9.315446;10.93848;1.6230345;20.803827;0.0;3923.8555;7182.3057;-1564.297;5802.0347;-301.00333;-209.01778
1989-04-23;5.732239;-0.71778363;-1.1099777;751.3763;1.0430974;63.573822;83.46078;0.043032486;449.83594;96.55762;3.9482565;-0.35644323;10.659501;12.265057;1.6055479;20.256184;0.0;3501.6206;6286.1846;-1196.8042;6240.816;-249.15;-234.10222
1989-04-24;4.144297;-0.06437174;-1.118899;751.27155;1.0619612;78.83393;60.45882;0.026646575;449.83594;60.058594;7.49796;-0.72562325;8.407846;9.489417;1.0815561;13.427332;0.0;3387.6611;5464.9805;-1139.1655;6385.7847;-504.8922;-280.05222
1989-04-25;5.297892;1.0434265;-0.9182892;752.2122;0.9754648;105.25602;37.15788;0.016362706;449.83594;36.865234;6.3906193;-1.103025;6.2118173;7.458389;1.2465641;8.607882;0.0;3616.4495;5209.458;-1174.4517;6517.4087;-765.77;-336.6
1989-04-26;5.7947593;2.4010723;-0.68628436;752.84125;0.9125747;82.55055;22.02124;0.009679;449.83594;21.728516;8.593932;-1.3264455;5.4899006;6.913275;1.4233813;5.5414977;0.0;3761.881;5070.279;-1331.3992;6494.447;-920.55334;-466.14334
1989-04-27;6.4068704;1.9689026;-0.6199443;754.1248;1.0270636;106.82424;11.878499;0.005181273;449.83594;11.80013;0.9882413;-2.0804796;1.5435219;3.161654;1.618132;3.9394014;0.0;4709.6694;6087.1772;-1489.0278;6564.4346;-1445.3167;-785.73444
1989-04-28;8.003032;-0.3224894;-0.5432129;752.80804;1.1665989;193.71704;5.400065;0.0023410718;449.83594;5.2897134;0.12099892;-3.053994;0.6541908;2.4412796;1.7870889;2.128709;0.0;5947.8037;7498.4443;-2127.3503;6111.8516;-2122.1755;-865.1667
1989-04-29;7.424276;2.60731;-0.29279456;752.1508;1.0272382;144.61607;2.3063152;0.0010021925;449.83594;2.400716;9.226447;-2.164675;3.15021;5.0636826;1.913473;0.85424256;0.0;4662.566;5815.3755;-1642.705;6662.1655;-1503.6655;-861.74554
1989-04-30;6.598043;3.1481526;-0.02610906;753.41644;1.034969;64.02555;1.0032552;0.00043602785;449.83594;1.2613932;8.33703;-2.171794;2.2831037;4.289374;2.00627;0.36756694;0.0;4128.8955;5129.1724;-1445.23;6825.5566;-1508.6333;-820.0111
1989-05-01;5.912638;2.6427104;-0.13533275;753.7903;1.0291679;63.011272;0.4568685;0.00019876163;449.83594;0.40690103;9.929257;-2.342443;3.0897408;5.1684084;2.0786524;0.17024204;0.0;4523.7993;5615.7305;-1619.6298;6616.811;-1627.1978;-972.87
1989-05-02;7.695984;1.4642233;-0.18468857;753.4607;0.9170744;154.32004;0.19563802;8.447965e-05;449.83594;-7.345365e-21;4.3145595;-2.946521;1.1199341;3.2592416;2.1393075;0.08470565;0.0;5478.3315;6803.7217;-1780.0917;6630.03;-2046.8556;-1060.5322
1989-05-03;8.2908125;0.18911743;-0.11837641;753.20264;1.3278466;187.50963;0.07535807;3.3020973e-05;449.83594;-7.345365e-21;1.0102838;-2.9860466;0.21538138;2.4038105;2.1884294;0.030852854;0.0;5472.238;6802.5815;-2042.6394;6305.231;-2074.3188;-1121.0233
1989-05-04;7.2535806;1.5876364;-0.2055893;753.42816;0.765718;189.96808;0.033772785;1.4742215e-05;437.39615;-7.345365e-21;3.8309991;-1.7687092;0.8313209;3.0537844;2.222456;0.010672957;0.0;3462.4722;4309.456;-1366.4603;6817.746;-1228.6633;-622.99054
1989-05-05;8.451111;1.0862325;-0.21615982;751.56;1.4397563;239.49756;0.015136719;6.4373016e-06;428.79004;-7.345365e-21;2.5071354;-3.1718583;0.5074516;2.747014;2.2395551;0.006597489;0.0;5837.0044;7274.993;-2011.4619;6387.5996;-2203.389;-1122.4933
1989-05-06;4.1919456;3.5679321;0.0072898865;747.52655;1.2937065;202.03477;0.007405599;3.4570694e-06;425.36295;-7.345365e-21;32.19244;-0.95412135;9.952166;12.797176;2.8450117;0.0015944242;0.0020656735;993.465;1239.1788;-117.93305;7766.539;-662.79553;-391.9111
1989-05-07;1.879303;-0.57752484;-2.7910626;747.36957;1.2777997;212.6013;1.9192709;0.0002644857;149.3242;1.7496744;5.6735454;-2.2499487;1.4973283;3.8139076;2.3165793;0.5418956;0.70899725;4611.1123;5827.0723;-1549.8822;6305.4385;-1563.7722;-1530.2955
1989-05-08;3.1736348;-2.9940999;-5.015779;751.7692;1.3666867;236.35497;0.62679034;8.9128815e-05;150.75648;0.36621094;0.0443995;-2.6022475;0.043839216;2.4479628;2.4041085;0.11878461;1.4901161e-05;5285.25;6632.5845;-2022.1533;5862.9507;-1808.0612;-1367.8656
1989-05-09;3.736684;-0.72232056;-4.1343155;752.092;1.1620865;241.71349;0.16398112;2.3086866e-05;150.85936;-7.345365e-21;4.529191;-2.4020922;1.0293424;3.5004616;2.4711192;0.034544617;0.0;5499.3223;6897.9067;-1943.9869;6027.208;-1668.7067;-1474.4133
1989-05-10;4.6889954;-1.1390482;-5.196102;750.2005;1.237208;230.09578;0.037841797;5.0465264e-06;150.85936;-7.345365e-21;1.4091283;-2.816191;0.26106834;2.771318;2.5102422;0.00878796;0.0;5892.6284;7397.968;-2314.214;5711.2866;-1956.3188;-1510.2056
1989-05-11;4.310496;-3.98526;-5.4871087;749.5948;1.2101933;170.60582;0.008382161;7.947286e-07;150.85936;-7.345365e-21;0.40489733;-2.922984;0.070139766;2.593443;2.523303;0.0016875565;0.0;6216.925;7815.2876;-2441.6377;5537.0635;-2030.5022;-1470.3245
1989-05-12;4.0868125;-3.0444539;-3.88885;751.9583;1.2379886;115.7076;0.0013834635;-7.3453654e-25;150.85936;-7.345365e-21;1.5484245;-3.081632;0.2782941;2.8007774;2.5224833;0.00043213367;0.0;6169.348;7766.421;-2296.8547;5799.329;-2140.7078;-1342.3134
1989-05-13;3.8117676;-2.8108723;-3.7026367;754.6175;1.136967;129.08136;0.0012207031;1.1920929e-07;133.32289;-7.345365e-21;0.7813215;-3.2206206;0.12078881;2.6379228;2.517149;0.0005699694;0.00040978193;5916.9233;7458.989;-2081.302;6068.906;-2237.2578;-1353.8911
1989-05-14;4.8476562;-0.6850688;-4.4644074;755.1052;1.1327823;71.53186;0.00040690103;-7.3453654e-25;129.70897;-7.345365e-21;3.050238;-2.7318056;0.55567175;3.0635743;2.5079026;0.00015646219;0.00010430813;5559.05;7018.0347;-2168.285;6008.796;-1897.6956;-1248.23
1989-05-15;7.032776;-1.1549886;-2.1769397;755.07837;1.03135;123.69045;0.0;-7.3453654e-25;108.57517;-7.345365e-21;0.043118;-3.3703783;0.00628829;2.5007129;2.4944246;1.4901161e-05;0.0;6116.04;7732.461;-2359.4312;6003.4673;-2341.2888;-1003.1644
1989-05-16;7.9863687;0.26105753;-0.15825653;753.72736;1.0445215;135.15915;0.0;-7.3453654e-25;100.85773;-7.345365e-21;1.3664514;-3.245484;0.2219975;2.6986747;2.4766848;0.0;0.0;5857.316;7397.3477;-2218.8972;6252.8877;-2254.53;-950.9155
1989-05-17;7.2357383;1.340505;0.009883881;751.29803;1.2356266;95.85508;0.0;-7.3453654e-25;99.99998;-7.345365e-21;3.5571456;-2.8163624;0.5912483;3.047496;2.4562478;0.0;0.0;5337.427;6733.519;-2043.8806;6348.9795;-1956.4333;-1083.2667
1989-05-18;6.779989;1.7630514;-0.07663218;752.46906;1.3048223;90.72164;0.0;-7.3453654e-25;100.017555;-7.345365e-21;2.7712226;-2.945222;0.4246086;2.857834;2.433218;0.0;0.0;5683.646;7163.2446;-2074.2256;6301.185;-2045.9467;-1333.4556
1989-05-19;8.085429;-0.76118976;-0.05090332;754.48236;1.1487861;91.63342;0.0;-7.3453654e-25;100.01333;-7.345365e-21;0.97800195;-3.3865814;0.1309663;2.5381148;2.4071336;0.0;0.0;6138.895;7728.379;-2417.7256;6011.203;-2352.5457;-1038.5056
1989-05-20;7.6816406;1.3125509;0.010150909;755.10864;1.1937631;72.02203;0.0;-7.3453654e-25;99.99998;-7.345365e-21;2.0917654;-3.1456184;0.3142804;2.6925504;2.3782775;0.0;0.0;5894.8467;7412.8364;-2315.667;6128.757;-2185.1567;-1116.2589
1989-05-21;8.350494;1.5242208;0.009983063;754.8928;1.1574086;83.8608;0.0;-7.3453654e-25;99.99998;-7.345365e-21;0.43061376;-3.4554043;0.053554773;2.4006963;2.3471565;0.0;0.0;6362.884;7993.1323;-2470.8867;6047.262;-2400.3545;-1128.7056
1989-05-22;10.463318;-0.62419635;0.009732564;753.9634;1.1401985;89.42328;0.0;-7.3453654e-25;99.99998;-7.345365e-21;0.02501607;-3.7378492;0.0029951334;2.316609;2.3136065;0.0;0.0;6431.4907;8070.8013;-2444.1895;6189.0815;-2596.5588;-986.74225
1989-05-23;11.556335;0.16164143;0.009936015;753.57446;1.2115906;105.59967;0.0;-7.3453654e-25;99.99998;-7.345365e-21;1.1388302;-3.3232327;0.13451278;2.412945;2.2784324;0.0;0.0;5915.576;7415.3833;-2304.1;6389.176;-2308.5388;-950.38776
1989-05-24;12.957092;-1.6647745;0.010017395;754.2664;1.5533538;161.1541;0.0;-7.3453654e-25;99.99998;-7.345365e-21;0.21288766;-3.7163599;0.023439527;2.2652893;2.2418647;0.0;0.0;6125.3027;7670.2;-2350.4229;6338.8306;-2581.631;-855.60333
1989-05-25;11.708557;-1.5069987;0.010148366;754.72144;1.1421272;214.30675;0.0;-7.3453654e-25;99.99998;-7.345365e-21;0.0012881038;-3.628021;0.00013411045;2.2037477;2.203621;0.0;0.0;6660.844;8331.966;-2602.3088;6082.1377;-2520.2656;-1209.3922
1989-05-26;11.608246;0.5201416;0.009794871;752.6382;1.4015788;179.08348;0.0;-7.3453654e-25;99.99998;-7.345365e-21;3.033522;-3.1347518;0.36098063;2.5257916;2.164811;0.0;0.0;5858.812;7320.871;-2285.4468;6386.8887;-2177.609;-1124.6655
1989-05-27;9.781911;0.32726035;0.010046641;752.1816;1.2430819;218.4312;0.0;-7.3453654e-25;99.99998;-7.345365e-21;0.0008525426;-3.4330058;8.940697e-05;2.1254869;2.1253898;0.0;0.0;6798.2715;8485.834;-2723.2495;5845.19;-2384.7957;-1484.1812
1989-05-28;9.9869795;-0.16734822;0.009738922;753.5042;1.0918155;191.37132;0.0;-7.3453654e-25;99.99998;-7.345365e-21;0.029295683;-3.2836907;0.0028908253;2.0878017;2.084896;0.0;0.0;6584.4243;8210.156;-2607.8289;6011.682;-2281.07;-1407.3055
1989-05-29;10.701274;1.7324015;0.010064443;754.23615;1.0516709;139.33058;0.0;-7.3453654e-25;100.00259;-7.345365e-21;1.8635217;-2.977211;0.2130568;2.257347;2.044283;0.0;0.0;6154.7817;7666.2188;-2336.5742;6409.0376;-2068.169;-1351.1522
1989-05-30;11.629262;-0.68930054;0.010142009;751.3162;1.7673236;205.60002;0.0;-7.3453654e-25;99.99998;-7.345365e-21;0.4413426;-3.3470616;0.04196167;2.0455866;2.0036325;0.0;0.0;6229.5176;7751.202;-2387.7527;6359.345;-2325.0923;-1334.8611
1989-05-31;9.149963;-4.6287637;0.009976705;750.60223;1.1776557;239.01067;0.0;-7.3453654e-25;99.99998;-7.345365e-21;0.0916183;-3.170656;0.00834465;1.9709617;1.9626095;0.0;0.0;6786.11;8434.789;-2804.871;5709.6367;-2202.5488;-1608.0333
1989-06-01;9.182963;-2.948283;0.009634654;752.0285;1.1980852;132.45148;0.0;-7.3453654e-25;99.99998;-7.345365e-21;0.04439354;-3.079947;0.0039339066;1.9255579;1.9215792;0.0;0.0;6826.2324;8475.742;-2804.709;5786.8394;-2139.5366;-1637.3589
1989-06-02;10.399719;-2.3611042;0.010149638;752.27704;1.0576407;179.5562;0.0;-7.3453654e-25;99.99998;-7.345365e-21;0.0008523463;-3.0832534;7.4505806e-05;1.8807054;1.8806309;0.0;0.0;6776.984;8405.724;-2745.4226;5995.8677;-2141.8323;-1520.7556
1989-06-03;11.355743;-1.7968649;0.010097504;753.6001;1.3519;191.85918;0.0;-7.3453654e-25;99.99998;-7.345365e-21;0.021094084;-2.9630709;0.0017285347;1.8416047;1.8398986;0.0;0.0;6724.705;8332.11;-2664.945;6142.1953;-2058.3455;-1636.2966
1989-06-04;12.056671;-1.5846964;0.0099322;753.66675;1.27879;126.3724;0.0;-7.3453654e-25;99.99998;-7.345365e-21;0.055521727;-2.899166;0.0045597553;1.8041283;1.7995834;0.0;0.0;6481.9907;8022.987;-2507.131;6432.5645;-2013.9534;-1572.7089
1989-06-05;12.370036;-1.1202189;0.009969075;752.9594;1.2176913;106.29015;0.0;-7.3453654e-25;99.99998;-7.345365e-21;0.0008583069;-2.9810677;7.4505806e-05;1.7596185;1.759544;0.0;0.0;6939.625;8580.288;-2882.494;6168.682;-2070.8477;-1539.2234
1989-06-06;11.593648;4.452047;0.010119121;753.59576;1.2563901;48.966022;0.0;-7.3453654e-25;99.99998;-7.345365e-21;4.5274377;-2.343977;0.45125186;2.1716805;1.7204359;0.0;0.0;5773.7095;7131.197;-2298.7112;6736.7095;-1628.2822;-1512.8744
1989-06-07;13.45287;4.3420815;0.009902954;752.4129;1.065077;88.4983;0.0;-7.3453654e-25;99.99998;-7.345365e-21;1.9498318;-2.8031468;0.18912554;1.8717647;1.6826317;0.0;0.0;5688.6904;7018.709;-2282.2043;6765.194;-1947.2522;-1092.7456
1989-06-08;13.749756;1.7200724;0.0098775225;749.2552;1.3041834;163.38014;0.0;-7.3453654e-25;99.99998;-7.345365e-21;2.1277514;-3.0876436;0.20371377;1.8491298;1.6454309;0.0;0.0;6309.653;7776.824;-2478.9255;6561.701;-2144.8823;-1435.211
1989-06-09;11.400645;-3.3137615;0.010079701;746.6529;1.3040729;136.27695;0.0;-7.3453654e-25;99.99998;-7.345365e-21;0.0;-3.3021393;0.0;1.6085804;1.6085877;0.0;0.0;7031.555;8657.532;-2911.9773;5921.709;-2293.8855;-1611.3989
1989-06-10;9.997478;-0.9241435;0.010080974;746.59955;1.0578423;200.4226;0.0;-7.3453654e-25;99.99998;-7.345365e-21;0.58734417;-2.3933406;0.044241548;1.6169846;1.572743;0.0;0.0;5636.3296;6932.2534;-2246.709;6518.469;-1662.5734;-1607.9989
1989-06-11;9.082845;-0.77086383;0.009892781;748.22455;1.123521;122.78485;0.0;-7.3453654e-25;99.99998;-7.345365e-21;1.1574328;-2.3428147;0.08749962;1.6255677;1.5380607;0.0;0.0;5559.545;6830.8423;-2157.6362;6570.3433;-1627.4745;-1571.1578
1989-06-12;9.095042;0.07689413;0.010267894;751.992;1.1871248;121.6857;0.0;-7.3453654e-25;99.99998;-7.345365e-21;0.31786934;-2.4905438;0.023171306;1.527369;1.5041828;0.0;0.0;6217.485;7631.2;-2500.85;6242.141;-1730.0978;-1832.5455
1989-06-13;11.205627;-1.7138367;0.009793599;754.0672;1.0450364;170.05513;0.0;-7.3453654e-25;99.99998;-7.345365e-21;0.0;-2.7862601;0.0;1.4705658;1.4705732;0.0;0.0;6966.599;8541.77;-2941.2727;5982.2944;-1935.5222;-1734.8833
1989-06-14;12.303996;-1.6697286;0.010011037;753.43066;1.119027;135.23766;0.0;-7.3453654e-25;99.99998;-7.345365e-21;0.0017195934;-2.6568687;0.00011920929;1.4375597;1.437433;0.0;0.0;7009.1177;8584.97;-3023.9834;6028.9424;-1845.6389;-1751.95
1989-06-15;13.471974;-1.6532999;0.009705861;751.7168;1.0695633;102.72296;0.0;-7.3453654e-25;99.99998;-7.345365e-21;0.0008583069;-2.5741682;5.9604645e-05;1.4050305;1.4049709;0.0;0.0;7068.632;8648.817;-3189.9612;6009.1196;-1788.1888;-1682.0834
1989-06-16;12.610127;-2.6607769;0.010060628;749.06274;1.2256894;130.48344;0.0;-7.3453654e-25;99.99998;-7.345365e-21;0.0004351138;-2.2208412;2.9802322e-05;1.3733357;1.3733059;0.0;0.0;7085.688;8668.598;-3261.0234;5861.2896;-1542.745;-1989.3289
1989-06-17;12.456563;-1.9186401;0.010186513;750.3943;1.1341728;101.404785;0.0;-7.3453654e-25;99.99998;-7.345365e-21;0.0008523463;-2.067579;5.9604645e-05;1.3425052;1.3424456;0.0;0.0;6903.4517;8444.483;-3119.0693;6072.8013;-1436.2778;-1950.6011
1989-06-18;13.720886;-1.5432739;0.009679158;752.45135;1.0305407;162.48494;0.0;-7.3453654e-25;99.99998;-7.345365e-21;0.00043511385;-2.032509;2.9802322e-05;1.3123155;1.3122857;0.0;0.0;6996.78;8557.56;-3140.4773;6238.6216;-1411.9166;-1977.5922
1989-06-19;15.06955;-2.2142131;0.010060628;753.4321;1.0848867;132.1089;0.0;-7.3453654e-25;99.99998;-7.345365e-21;0.00043511385;-1.9915617;2.9802322e-05;1.2828261;1.2828038;0.0;0.0;7124.902;8713.186;-3414.2656;6060.5244;-1383.4722;-1872.1389
1989-06-20;15.710368;-1.3552958;0.009878795;751.7128;1.1220707;135.92458;0.0;-7.3453654e-25;99.99998;-7.345365e-21;0.0012889968;-1.931428;8.940697e-05;1.2541413;1.2540519;0.0;0.0;7080.349;8657.573;-3340.1455;6259.445;-1341.6989;-1873.6311
1989-06-21;15.5841875;0.72248334;0.010098775;750.8745;1.2962587;106.01656;0.0;-7.3453654e-25;99.99998;-7.345365e-21;0.0012516975;-1.8170141;8.940697e-05;1.2260973;1.2260153;0.0;0.0;6863.707;8391.493;-3089.756;6583.7935;-1262.2189;-2037.4078
1989-06-22;15.283813;-0.7275899;0.009844462;751.37897;1.4079653;168.92441;0.0;-7.3453654e-25;99.99998;-7.345365e-21;0.0012814989;-1.7415211;8.940697e-05;1.1987835;1.198709;0.0;0.0;6963.356;8512.298;-3153.9133;6458.0444;-1209.7755;-2229.9233
1989-06-23;13.671051;-0.7985433;0.010106404;751.41046;1.4508108;238.11324;0.0;-7.3453654e-25;99.99998;-7.345365e-21;0.0;-1.4735758;0.0;1.1722893;1.1722968;0.0;0.0;6780.2573;8287.413;-3015.0532;6372.2188;-1023.6433;-2524.5466
1989-06-24;13.689178;-2.5480244;0.009702046;752.154;1.3804251;193.0093;0.0;-7.3453654e-25;99.99998;-7.345365e-21;0.00042662487;-1.539426;2.9802322e-05;1.146704;1.146689;0.0;0.0;7000.144;8555.082;-3185.4783;6216.6562;-1069.3878;-2438.1633
1989-06-25;14.860515;-2.469106;0.00982666;754.03815;1.208634;202.77759;0.0;-7.3453654e-25;99.99998;-7.345365e-21;0.0021409832;-1.6004993;0.00012665987;1.1217892;1.1216476;0.0;0.0;7022.6064;8581.423;-3261.6416;6287.859;-1111.8145;-2251.0188
1989-06-26;16.275167;-3.9764404;0.009927114;755.075;1.1702267;130.68681;0.0;-7.3453654e-25;99.99998;-7.345365e-21;0.0;-1.6571535;0.0;1.0972023;1.0972023;0.0;0.0;7076.3457;8645.975;-3392.6733;6312.162;-1151.169;-2043.53
1989-06-27;17.403168;-2.1516316;0.009892781;754.5447;1.2297097;145.66922;0.0;-7.3453654e-25;99.99998;-7.345365e-21;0.0012938544;-1.6484624;8.940697e-05;1.07342;1.0733604;0.0;0.0;7022.825;8579.471;-3340.495;6515.9595;-1145.1311;-2049.05
1989-06-28;18.113699;-3.555837;0.010055542;752.83765;1.135439;101.52366;0.0;-7.3453654e-25;99.99998;-7.345365e-21;0.00086426723;-1.6479744;5.2154064e-05;1.0501891;1.0501295;0.0;0.0;7104.266;8677.83;-3537.0444;6382.9946;-1144.7933;-1984.1078
1989-06-29;17.817902;-3.4585469;0.009901683;751.3176;1.2297579;102.949196;0.0;-7.3453654e-25;99.99998;-7.345365e-21;0.00043511385;-1.590305;2.9802322e-05;1.0275692;1.0275543;0.0;0.0;7187.162;8777.955;-3663.8027;6228.421;-1104.7322;-1985.8077
1989-06-30;17.855316;-2.4526265;0.0096753435;750.6887;1.2325128;113.94366;0.0;-7.3453654e-25;99.99998;-7.345365e-21;0.0021392088;-1.5529394;0.00011920929;1.005739;1.0056198;0.0;0.0;7184.686;8773.801;-3692.9873;6221.928;-1078.7755;-1992.0033
1989-07-01;17.93101;-1.7288208;0.009803772;751.02466;1.1911998;101.42938;0.0;-7.3453654e-25;99.99998;-7.345365e-21;0.0008702277;-1.5132203;5.9604645e-05;0.9842813;0.98424405;0.0;0.0;7128.565;8704.121;-3559.07;6393.149;-1051.1844;-2048.4888
1989-07-02;18.752981;-0.21547444;0.010023753;751.5428;1.2584673;107.34391;0.0;-7.3453654e-25;99.99998;-7.345365e-21;0.001285077;-1.5143725;8.940697e-05;0.9634793;0.9634048;0.0;0.0;7023.077;8574.212;-3432.89;6659.44;-1051.9845;-2054.1855
1989-07-03;19.167603;0.6578267;0.009927114;753.0183;1.2454349;133.48921;0.0;-7.3453654e-25;99.99998;-7.345365e-21;0.00042617318;-1.4707763;2.9802322e-05;0.9431094;0.9430796;0.0;0.0;6910.41;8435.51;-3315.4438;6843.1865;-1021.7;-2104.6167
1989-07-04;19.384338;-0.3940226;0.009844462;751.868;1.2326622;128.80118;0.0;-7.3453654e-25;99.99998;-7.345365e-21;0.003444414;-1.457287;0.0001937151;0.92351437;0.92332065;0.0;0.0;6927.134;8454.834;-3323.3066;6883.24;-1012.32776;-2107.7021
1989-07-05;18.596628;-0.7482808;0.009768168;748.53925;1.5383239;150.45006;0.0;-7.3453654e-25;99.99998;-7.345365e-21;0.00087022776;-1.3737622;4.4703484e-05;0.90417266;0.90412796;0.0;0.0;7027.8413;8576.673;-3377.0527;6739.1724;-954.30664;-2322.7134
1989-07-06;16.145193;1.8241068;0.009925842;748.67206;1.4880756;199.96602;0.0;-7.3453654e-25;99.99998;-7.345365e-21;0.7016659;-1.327049;0.04018843;0.92598796;0.8857846;0.0;0.0;6350.7983;7749.4365;-2858.8367;6865.1455;-921.8567;-2407.25
1989-07-07;15.832082;-0.04038493;0.009957631;750.47485;1.3588024;192.3987;0.0;-7.3453654e-25;99.99998;-7.345365e-21;0.0008642673;-1.3629208;4.4703484e-05;0.86800754;0.8679554;0.0;0.0;6937.207;8463.944;-3157.3633;6599.9272;-946.7756;-2592.21
1989-07-08;16.64034;-0.9904378;0.009929657;753.0796;1.4937032;147.71947;0.0;-7.3453654e-25;99.99998;-7.345365e-21;0.00085532654;-1.2411038;4.4703484e-05;0.8505583;0.8504987;0.0;0.0;6707.3076;8182.36;-3112.1577;6685.588;-862.1533;-2454.78
1989-07-09;17.07197;-3.0835876;0.009727478;754.9593;1.154559;128.84132;0.0;-7.3453654e-25;99.99998;-7.345365e-21;0.00085627264;-1.2801234;5.9604645e-05;0.83348155;0.83345175;0.0;0.0;7054.0127;8604.221;-3468.8743;6429.933;-889.2589;-2367.321
1989-07-10;17.713196;-1.1650391;0.010140737;754.2321;1.2450494;112.93629;0.0;-7.3453654e-25;99.99998;-7.345365e-21;0.0030050168;-1.2759212;0.00016391277;0.81695616;0.8167848;0.0;0.0;7015.811;8556.376;-3432.2725;6572.956;-886.34;-2288.5566
1989-07-11;18.621328;-1.2201132;0.009760539;753.59717;1.2506478;103.831764;0.0;-7.3453654e-25;99.99998;-7.345365e-21;0.00043530922;-1.263149;2.9802322e-05;0.8005649;0.80054253;0.0;0.0;7018.8477;8559.092;-3574.66;6495.7153;-877.4678;-2220.8088
1989-07-12;18.61912;-4.938436;0.00981013;752.8174;1.2301537;131.58073;0.0;-7.3453654e-25;99.99998;-7.345365e-21;0.0017046923;-1.2318138;8.940697e-05;0.78487396;0.78478456;0.0;0.0;7164.392;8735.449;-3805.2642;6198.9814;-855.7011;-2147.0754
1989-07-13;18.675537;-5.1251426;0.010051727;751.7348;1.2276822;92.93064;0.0;-7.3453654e-25;99.99998;-7.345365e-21;0.001713457;-1.229424;8.940697e-05;0.76954067;0.76946616;0.0;0.0;7136.422;8700.208;-3795.9695;6242.332;-854.04;-2120.4233
1989-07-14;19.185486;3.2276814;0.009825389;751.9362;1.1585045;78.15974;0.0;-7.3453654e-25;99.99998;-7.345365e-21;0.0037491317;-1.1880752;0.0001937151;0.7546842;0.7544905;0.0;0.0;6669.95;8130.442;-3133.9966;7151.1978;-825.31555;-2126.8188
1989-07-15;20.155985;4.484385;0.009857178;752.3869;1.1835304;85.26575;0.0;-7.3453654e-25;99.99998;-7.345365e-21;0.0008548715;-1.1552768;4.4703484e-05;0.73993206;0.73988736;0.0;0.0;6395.169;7794.54;-3004.1125;7400.3945;-802.5322;-2106.6912
1989-07-16;19.85318;3.00826;0.009815216;750.4959;1.2623233;111.61807;0.0;-7.3453654e-25;99.99998;-7.345365e-21;0.0008731331;-1.0115998;4.4703484e-05;0.72586536;0.72582066;0.0;0.0;5718.3545;6968.0845;-2808.2588;7440.6475;-702.7244;-1901.8145
1989-07-17;19.076498;3.3248088;0.010164897;750.06085;1.1213948;121.11657;0.0;-7.3453654e-25;99.99998;-7.345365e-21;0.05927145;-0.9526089;0.0031292439;0.71540475;0.7122755;0.0;0.0;5570.2344;6785.911;-2789.6267;7304.7476;-661.74554;-1912.8156
1989-07-18;19.22528;-1.2340393;0.010052999;751.9588;1.2446754;190.19823;0.0;-7.3453654e-25;99.99998;-7.345365e-21;0.0004351138;-1.1444614;2.9802322e-05;0.6990135;0.6989762;0.0;0.0;6934.1577;8445.751;-3379.48;6835.8223;-795.02;-2371.4712
1989-07-19;19.551931;2.7957256;0.009899139;754.30536;1.2611383;105.40829;0.0;-7.3453654e-25;99.99998;-7.345365e-21;0.0;-1.0875092;0.0;0.68590045;0.68588555;0.0;0.0;6504.8228;7921.0186;-3105.0127;7214.7334;-755.45557;-2185.4443
1989-07-20;21.38268;5.073171;0.009882609;754.1656;1.3139926;103.92002;0.0;-7.3453654e-25;99.99998;-7.345365e-21;0.0;-1.1317246;0.0;0.67311525;0.67311525;0.0;0.0;6643.648;8088.3364;-3143.9373;7411.0776;-786.1711;-2218.859
1989-07-21;22.059488;5.692627;0.010064443;753.5595;1.4193372;99.24607;0.0;-7.3453654e-25;100.00259;-7.345365e-21;0.0012829778;-1.0636114;7.4505806e-05;0.6607771;0.6607026;0.0;0.0;6268.237;7629.5054;-2959.4556;7639.549;-738.8555;-2085.4678
1989-07-22;21.964407;5.5628357;0.009724935;753.55023;1.3940363;101.1753;0.0;-7.3453654e-25;99.99998;-7.345365e-21;0.0013506806;-0.9991899;5.9604645e-05;0.64873695;0.64866245;0.0;0.0;5911.8027;7194.1426;-2821.66;7752.5527;-694.10333;-2000.1378
1989-07-23;21.124289;3.8162434;0.010111491;753.3107;1.3580714;84.991066;0.0;-7.3453654e-25;99.99998;-7.345365e-21;0.0025612144;-1.0270904;0.00014901161;0.63708425;0.63693523;0.0;0.0;6236.698;7587.8115;-3029.0098;7473.4087;-713.48553;-2167.8345
1989-07-24;20.541452;3.437266;0.010005951;752.6726;1.3586253;70.82644;0.0;-7.3453654e-25;100.00519;-7.345365e-21;0.0008544498;-0.9972509;4.4703484e-05;0.62552094;0.62546134;0.0;0.0;6164.824;7498.721;-3051.472;7387.812;-692.75665;-2099.03
1989-07-25;20.050924;3.830658;0.009950002;752.54913;1.4203364;70.49719;0.0;-7.3453654e-25;100.00519;-7.345365e-21;0.0015706937;-1.006592;7.4505806e-05;0.6143451;0.61427057;0.0;0.0;6463.072;7859.765;-3150.3853;7260.2812;-699.24554;-2292.0388
1989-07-26;18.77128;3.4675293;0.010108948;750.9524;1.3422637;86.32279;0.0;-7.3453654e-25;99.99998;-7.345365e-21;0.057673454;-0.8722972;0.0028908253;0.60629845;0.6034151;0.0;0.0;5768.4854;7013.5337;-2804.6755;7397.705;-605.95667;-2165.659
1989-07-27;18.619467;0.5418498;0.010082245;751.3479;1.3318614;99.03125;0.0;-7.3453654e-25;100.00259;-7.345365e-21;0.016814243;-0.9036474;0.0007748604;0.59372187;0.592947;0.0;0.0;6004.355;7298.563;-2996.4004;7132.9434;-627.73334;-2234.8245
1989-07-28;19.193115;-0.21492513;0.009976705;754.1604;1.3309642;94.45045;0.0;-7.3453654e-25;99.99998;-7.345365e-21;0.0025629988;-0.9054793;0.00014901161;0.5828142;0.582695;0.0;0.0;6038.94;7338.9487;-3026.0608;7149.9863;-629.00665;-2068.7556
1989-07-29;20.498962;0.9842021;0.010084788;754.6272;1.237811;76.00694;0.0;-7.3453654e-25;99.99998;-7.345365e-21;0.0017058938;-0.919519;8.940697e-05;0.57277083;0.5726963;0.0;0.0;5876.311;7139.7065;-2891.37;7493.661;-638.7589;-1938.6978
1989-07-30;20.941477;2.0188496;0.009572347;752.38965;1.2795532;79.89826;0.0;-7.3453654e-25;99.99998;-7.345365e-21;0.0008583069;-0.9049028;5.9604645e-05;0.56296587;0.56292117;0.0;0.0;5821.642;7071.8345;-2880.7488;7555.988;-628.6055;-1989.0834
1989-07-31;20.057077;0.08042399;0.010066986;748.9175;1.2818071;132.67192;0.0;-7.3453654e-25;99.99998;-7.345365e-21;0.0017211278;-0.9344528;8.940697e-05;0.553444;0.5533695;0.0;0.0;6467.497;7854.515;-3213.3474;7144.372;-649.13336;-2341.7834
1989-08-01;18.041117;-0.19308472;0.009980519;747.1177;1.2749041;147.05437;0.0;-7.3453654e-25;99.99998;-7.345365e-21;0.0;-0.8790996;0.0;0.5439967;0.5439967;0.0;0.0;6652.8613;8077.89;-3277.4114;6857.8525;-610.6811;-2584.7666
1989-08-02;17.294687;1.5309347;0.010154724;748.97125;1.1171616;135.18413;0.0;-7.3453654e-25;99.99998;-7.345365e-21;0.013127923;-0.82304794;0.0006854534;0.53557754;0.5348921;0.0;0.0;6115.7417;7424.1343;-2900.586;7198.452;-571.74445;-2426.0244
1989-08-03;17.617523;1.0282491;0.009999593;751.9168;1.1379516;156.36275;0.0;-7.3453654e-25;99.99998;-7.345365e-21;0.09329915;-0.83107966;0.004336238;0.53039193;0.5260706;0.0;0.0;5982.4795;7260.6665;-2988.066;7059.4155;-577.3233;-2282.4812
1989-08-04;17.477417;-2.2881367;0.009859721;752.51605;1.3021556;168.0511;0.0;-7.3453654e-25;99.99998;-7.345365e-21;0.0008662281;-0.8782819;4.4703484e-05;0.5174726;0.5174279;0.0;0.0;6717.1743;8150.5244;-3427.1228;6572.2554;-610.11334;-2520.5422
1989-08-05;17.524343;-5.846344;0.009951274;751.73926;1.2626733;99.99818;0.0;-7.3453654e-25;99.99998;-7.345365e-21;0.00042617318;-0.8737054;2.9802322e-05;0.50896406;0.50893426;0.0;0.0;6677.9883;8101.1343;-3594.596;6385.5176;-606.93335;-2313.0732
1989-08-06;18.599335;2.4086406;0.010007222;752.3537;1.3046906;80.86585;0.0;-7.3453654e-25;99.99998;-7.345365e-21;0.00047981727;-0.85932016;2.9802322e-05;0.5006641;0.5006343;0.0;0.0;6411.9287;7776.6772;-3105.189;7098.2056;-596.9411;-2289.9343
1989-08-07;20.072937;4.01238;0.009741466;753.509;1.3219999;105.03571;0.0;-7.3453654e-25;99.99998;-7.345365e-21;0.031729616;-0.82721376;0.0011920929;0.49373507;0.49254298;0.0;0.0;6043.278;7327.926;-2956.0862;7316.4517;-574.63776;-2204.5977
1989-08-08;18.79548;-0.29567465;0.009936015;753.37915;1.4333843;172.6731;0.0;-7.3453654e-25;99.99998;-7.345365e-21;0.0;-0.8248361;0.0;0.48467517;0.48467517;0.0;0.0;6567.4307;7961.7554;-3389.899;6726.553;-572.9867;-2475.4756
1989-08-09;18.041534;-2.362793;0.00995636;753.0955;1.3622156;201.96118;0.0;-7.3453654e-25;99.99998;-7.345365e-21;0.00042319295;-0.7980708;2.9802322e-05;0.47701597;0.47699362;0.0;0.0;6559.882;7950.8726;-3440.9944;6546.7524;-554.3933;-2366.8567
1989-08-10;17.339233;-2.5814717;0.009905498;752.1855;1.2270731;142.16896;0.0;-7.3453654e-25;99.99998;-7.345365e-21;0.0;-0.79010147;0.0;0.4695058;0.4694909;0.0;0.0;6539.414;7924.311;-3390.3452;6569.3047;-548.8567;-2434.521
1989-08-11;17.461203;-0.35513306;0.00968043;751.50555;1.1201016;88.95785;0.0;-7.3453654e-25;99.99998;-7.345365e-21;0.16241445;-0.79088193;0.007882714;0.47008693;0.46220422;0.0;0.0;5682.5957;6884.289;-2925.2866;7048.926;-549.39886;-1975.7678
1989-08-12;17.631826;1.87441;0.009914398;751.2857;1.2068175;116.937035;0.0;-7.3453654e-25;99.99998;-7.345365e-21;0.36123395;-0.82900655;0.017851591;0.47296286;0.45512617;0.0;0.0;5774.847;6994.516;-2983.8384;6959.3354;-575.88336;-2060.3467
1989-08-13;18.06485;0.3792216;0.009760539;751.8326;1.26059;100.16451;0.0;-7.3453654e-25;99.99998;-7.345365e-21;0.000989437;-0.9417776;5.9604645e-05;0.44822693;0.44816732;0.0;0.0;6277.61;7601.8555;-3189.7803;6843.9766;-654.2211;-2189.1777
1989-08-14;18.423899;-2.5012615;0.010182698;752.8295;1.3321904;123.81965;0.0;-7.3453654e-25;99.99998;-7.345365e-21;0.0021486667;-0.84296334;0.00011920929;0.441432;0.4413128;0.0;0.0;6469.4805;7832.5024;-3411.8162;6633.3154;-585.5789;-2287.5457
1989-08-15;18.236908;-3.9400127;0.009794871;752.8995;1.163888;149.72981;0.0;-7.3453654e-25;99.99998;-7.345365e-21;0.0004351138;-0.789769;2.9802322e-05;0.43463707;0.43462217;0.0;0.0;6589.21;7975.7725;-3589.466;6398.6763;-548.62665;-2194.6423
1989-08-16;17.80776;-0.70388794;0.009717305;753.0699;1.303889;107.65739;0.0;-7.3453654e-25;99.99998;-7.345365e-21;0.2351284;-0.80792236;0.011622906;0.43970346;0.42808056;0.0;0.0;6293.93;7617.3066;-3293.5793;6709.4585;-561.2367;-2211.9167
1989-08-17;16.263163;6.0950522;0.009983063;752.7832;1.2714084;88.02246;0.0;-7.3453654e-25;99.99998;-7.345365e-21;1.9227415;-0.9521814;0.10985136;0.5316287;0.42179227;0.0;0.0;5471.4976;6621.053;-2672.8926;7194.521;-661.4489;-2002.6355
1989-08-18;13.650604;8.11205;0.010177612;753.57574;1.5263602;39.4919;0.0;-7.3453654e-25;99.99998;-7.345365e-21;6.4089184;-1.4565308;0.39473176;0.81059337;0.4158616;0.0;0.0;4690.334;5674.976;-1934.8561;7498.8857;-1011.80334;-1878.0044
1989-08-19;14.6318865;7.3037415;0.010187785;754.53937;1.3384924;59.873096;0.0;-7.3453654e-25;99.99998;-7.345365e-21;3.1635773;-2.3809857;0.1963675;0.60644746;0.41009486;0.0;0.0;5272.8496;6379.356;-2057.7612;7427.9165;-1653.9922;-1584.1644
1989-08-20;16.068787;3.303426;0.010309855;754.0132;1.1946799;89.45884;0.0;-7.3453654e-25;99.99998;-7.345365e-21;0.013241172;-2.7664993;0.00062584877;0.40493906;0.4043132;0.0;0.0;5937.465;7182.5645;-2637.1995;6845.2065;-1921.7955;-1317.919
1989-08-21;16.881662;1.5783895;0.010075887;753.16974;1.245951;109.36039;0.0;-7.3453654e-25;99.99998;-7.345365e-21;0.0017201855;-2.3083444;8.940697e-05;0.39865077;0.39857626;0.0;0.0;5805.7026;7022.285;-2610.9153;6989.509;-1603.53;-1442.5189
1989-08-22;16.644064;2.1933289;0.009882609;752.2735;1.4434503;126.11658;0.0;-7.3453654e-25;99.99998;-7.345365e-21;0.015306472;-1.7032101;0.0005811453;0.39359927;0.39301813;0.0;0.0;5066.217;6127.1436;-2470.8506;7023.956;-1183.1633;-1367.3
1989-08-23;15.837422;1.8944397;0.010258992;751.40826;1.3347077;109.51611;0.0;-7.3453654e-25;99.99998;-7.345365e-21;0.00020861626;-1.6218209;0.0;0.3875792;0.3875494;0.0;0.0;5910.1953;7146.9194;-2781.2385;6850.875;-1126.6256;-1813.6178
1989-08-24;16.654867;2.3589375;0.010068257;751.2399;1.1212543;102.08718;0.0;-7.3453654e-25;99.99998;-7.345365e-21;0.0018179417;-1.2784991;7.4505806e-05;0.38221478;0.38212538;0.0;0.0;5750.0376;6952.355;-2855.4065;6920.079;-888.13;-1765.09
1989-08-25;18.14038;1.0155741;0.010026296;753.0679;1.1443471;161.83842;0.0;-7.3453654e-25;99.99998;-7.345365e-21;0.0017166131;-1.0514538;8.940697e-05;0.37686527;0.37680566;0.0;0.0;6077.0654;7346.9956;-3143.0864;6772.5913;-730.41;-1947.1045
1989-08-26;18.49585;-2.936381;0.01003774;754.7073;1.1702018;160.40962;0.0;-7.3453654e-25;99.99998;-7.345365e-21;0.0017155716;-0.85061604;8.940697e-05;0.37164986;0.37156045;0.0;0.0;6143.1187;7425.965;-3357.972;6531.9976;-590.89557;-1993.1823
1989-08-27;18.069845;-2.7379863;0.009892781;753.41473;1.0718443;140.92119;0.0;-7.3453654e-25;99.99998;-7.345365e-21;0.0;-0.7768161;0.0;0.36644936;0.3664419;0.0;0.0;6113.286;7389.04;-3367.7178;6542.0522;-539.6289;-1935.0377
1989-08-28;18.040537;-3.9100037;0.0101674395;752.2382;1.1780984;164.4174;0.0;-7.3453654e-25;99.99998;-7.345365e-21;0.0004351138;-0.72814894;2.9802322e-05;0.36147237;0.36142766;0.0;0.0;6102.0576;7374.544;-3494.4915;6381.8657;-505.8211;-1964.0577
1989-08-29;17.2034;-7.607666;0.009958903;751.77313;1.2465785;155.07013;0.0;-7.3453654e-25;99.99998;-7.345365e-21;0.0;-0.68609786;0.0;0.35655499;0.35655499;0.0;0.0;6161.8174;7445.8755;-3669.8386;6020.0645;-476.61;-1939.1211
1989-08-30;17.025726;-7.6489463;0.010077159;752.5578;1.1616532;170.55147;0.0;-7.3453654e-25;99.99998;-7.345365e-21;0.0;-0.6688181;0.0;0.3517717;0.3517717;0.0;0.0;6107.753;7379.674;-3662.2432;5976.7783;-464.60556;-1882.6823
1989-08-31;17.335236;-8.263356;0.009924571;754.0889;1.106578;185.5106;0.0;-7.3453654e-25;99.99998;-7.345365e-21;0.0008553266;-0.6619114;4.4703484e-05;0.34713745;0.34709275;0.0;0.0;6069.06;7332.0483;-3606.2532;6061.797;-459.80777;-1804.4155
1989-09-01;17.204885;-4.468394;0.009916942;753.46515;1.1298823;193.39795;0.0;-7.3453654e-25;99.99998;-7.345365e-21;0.0008612871;-0.6371867;4.4703484e-05;0.342533;0.3425032;0.0;0.0;5947.549;7184.4;-3410.0168;6291.8833;-442.63223;-1929.9689
1989-09-02;16.681234;-6.4006653;0.010031383;753.7778;1.2321428;125.70093;0.0;-7.3453654e-25;99.99998;-7.345365e-21;0.00086426723;-0.6170543;2.9802322e-05;0.33804774;0.33801794;0.0;0.0;5927.2456;7159.013;-3496.5457;6106.921;-428.64777;-1917.76
1989-09-03;16.79006;-5.6542664;0.010009766;753.8431;1.1321427;151.88963;0.0;-7.3453654e-25;99.99998;-7.345365e-21;0.00043511385;-0.62111205;2.9802322e-05;0.333637;0.33361465;0.0;0.0;5928.999;7160.2583;-3555.3416;6077.1606;-431.46555;-1791.1041
1989-09-04;16.509726;-4.937378;0.009969075;753.4881;1.1556991;161.31789;0.0;-7.3453654e-25;99.99998;-7.345365e-21;0.0021338456;-0.6098617;0.00010430813;0.32940507;0.32930076;0.0;0.0;5881.3394;7101.8457;-3456.515;6184.148;-423.65112;-1801.4556
1989-09-05;16.559671;-3.1892292;0.0100364685;753.1962;1.1174425;144.13371;0.0;-7.3453654e-25;99.99998;-7.345365e-21;0.00042848842;-0.609491;1.4901161e-05;0.32508373;0.32506883;0.0;0.0;5689.2295;6869.036;-3209.655;6508.759;-423.39334;-1882.3778
1989-09-06;16.573273;-5.5566506;0.0100034075;752.3295;1.098304;151.8625;0.0;-7.3453654e-25;99.99998;-7.345365e-21;0.0;-0.5943328;0.0;0.3209114;0.32091886;0.0;0.0;5771.039;6966.953;-3436.6812;6197.2646;-412.86334;-1823.108
1989-09-07;16.592743;-4.446737;0.009942372;752.445;1.0925535;201.00446;0.0;-7.3453654e-25;99.99998;-7.345365e-21;0.0008583069;-0.5695168;4.4703484e-05;0.3168881;0.3168583;0.0;0.0;5689.1274;6867.3096;-3247.7883;6361.3535;-395.62445;-1857.14
1989-09-08;16.325705;-1.6207784;0.009808858;751.5088;1.6000108;147.65294;0.0;-7.3453654e-25;99.99998;-7.345365e-21;0.051945448;-0.52695537;0.0024735928;0.31539798;0.31291693;0.0;0.0;5108.3564;6165.5312;-2815.296;6740.78;-366.05777;-1858.4445
1989-09-09;14.346608;1.1371969;0.010112762;752.5003;1.250879;224.57237;0.0;-7.3453654e-25;99.99998;-7.345365e-21;0.0;-0.5033258;0.0;0.30905008;0.30905753;0.0;0.0;5445.544;6571.699;-2980.7524;6431.4136;-349.64334;-2114.8333
1989-09-10;13.182485;0.65889484;0.009540558;752.97235;1.1460834;180.7157;0.0;-7.3453654e-25;99.99998;-7.345365e-21;0.0;-0.47723764;0.0;0.305295;0.305295;0.0;0.0;5362.098;6470.2026;-2941.2559;6345.649;-331.52;-2114.292
1989-09-11;13.246287;-1.836965;0.009990692;751.4827;1.0805917;154.77882;0.0;-7.3453654e-25;99.99998;-7.345365e-21;0.0008523463;-0.5040653;2.9802322e-05;0.3015995;0.30157715;0.0;0.0;5321.42;6420.3096;-2955.9468;6367.5513;-350.15668;-1957.7311
1989-09-12;12.535411;0.34524536;0.009994507;749.82;1.1583787;143.25258;0.0;-7.3453654e-25;99.99998;-7.345365e-21;0.013697147;-0.3918782;0.0006854534;0.29867887;0.29799342;0.0;0.0;4287.996;5172.93;-2406.2527;6751.798;-272.22556;-1651.6989
1989-09-13;11.521454;-1.4763387;0.0097300215;748.6058;1.3232282;158.32262;0.0;-7.3453654e-25;99.99998;-7.345365e-21;0.0;-0.3893003;0.0;0.29453635;0.29452145;0.0;0.0;4612.846;5563.9995;-2625.6494;6355.838;-270.43445;-1885.6466
1989-09-14;10.317403;-2.5495708;0.009835561;749.4468;1.3683635;154.5045;0.0;-7.3453654e-25;99.99998;-7.345365e-21;0.07703304;-0.3451016;0.0037103891;0.29486418;0.29116124;0.0;0.0;4157.999;5014.846;-2273.5789;6534.7114;-239.73;-1760.6444
1989-09-15;9.678508;-2.3797913;0.009995778;751.80493;1.1539613;131.82338;0.0;-7.3453654e-25;99.99998;-7.345365e-21;0.079932384;-0.40253437;0.0034794211;0.2913624;0.28787553;0.0;0.0;4323.917;5214.0356;-2435.6438;6353.1934;-279.62778;-1827.2755
1989-09-16;10.488353;-5.0090537;0.010307312;752.9611;1.0729038;170.77467;0.0;-7.3453654e-25;99.99998;-7.345365e-21;0.00085234636;-0.47381315;4.4703484e-05;0.28462708;0.28458983;0.0;0.0;5294.0254;6378.543;-3026.567;5840.2744;-329.1422;-1897.5155
1989-09-17;9.094798;-0.32529703;0.009944916;752.1092;1.2485225;264.47983;0.0;-7.3453654e-25;99.99998;-7.345365e-21;4.0346622;-0.6577149;0.24688244;0.52830577;0.28140843;0.0;0.0;4081.7805;4913.9224;-2263.0823;6327.309;-456.89334;-1601.4911
1989-09-18;6.688843;0.8371887;0.009755452;750.23846;1.3798827;131.2349;0.0;-7.3453654e-25;99.99998;-7.345365e-21;6.8039894;-1.1759046;0.41379035;0.69221854;0.2784133;0.0;0.0;3967.6511;4772.3438;-1899.5139;6453.0684;-816.86224;-1507.6533
1989-09-19;8.17395;0.14879353;0.010070801;753.4135;1.6552048;39.44009;0.0;-7.3453654e-25;99.99998;-7.345365e-21;0.0014420802;-1.9187666;5.9604645e-05;0.27552247;0.27544796;0.0;0.0;4986.362;5991.882;-2447.8547;6038.286;-1332.9033;-1417.2966
1989-09-20;8.883942;-0.69365436;0.009994507;753.6192;1.286904;43.68196;0.0;-7.3453654e-25;99.99998;-7.345365e-21;0.0008523463;-1.6409755;2.9802322e-05;0.27245283;0.27243793;0.0;0.0;5043.4756;6055.5366;-2647.4712;5855.457;-1139.9312;-1337.33
1989-09-21;8.501018;-0.5996602;0.010005951;754.3671;1.4345202;43.399567;0.0;-7.3453654e-25;99.99998;-7.345365e-21;0.0017112143;-1.4572637;8.195639e-05;0.2695322;0.26945025;0.0;0.0;5013.6304;6014.528;-2722.1694;5801.622;-1012.31335;-1375.7866
1989-09-22;7.400411;-0.69573975;0.009918213;755.8045;1.9897418;35.87151;0.0;-7.3453654e-25;99.99998;-7.345365e-21;0.0022798767;-1.2352132;0.00010430813;0.26664138;0.26652962;0.0;0.0;5008.579;6003.146;-2757.0376;5615.3306;-858.0611;-1608.9933
1989-09-23;8.441325;-1.8590597;0.010058085;756.63666;1.226589;60.753067;0.0;-7.3453654e-25;99.99998;-7.345365e-21;0.0012803293;-1.1923499;5.9604645e-05;0.26373565;0.2636686;0.0;0.0;5105.4653;6114.07;-2897.2656;5575.3467;-828.2844;-1359.1578
1989-09-24;10.420502;-2.80955;0.0099817915;756.9053;1.0412354;91.01087;0.0;-7.3453654e-25;99.99998;-7.345365e-21;0.0016989134;-1.1418425;8.940697e-05;0.26088953;0.26081502;0.0;0.0;5015.394;6001.0146;-2801.3867;5881.1743;-793.2;-1324.6733
1989-09-25;10.515248;-3.0954692;0.010178884;753.9467;1.0320603;106.249275;0.0;-7.3453654e-25;99.99998;-7.345365e-21;0.001704686;-0.99023616;8.940697e-05;0.2580881;0.2579987;0.0;0.0;4990.3857;5965.911;-2808.6514;5938.757;-687.8839;-1405.9244
1989-09-26;10.340749;-4.798716;0.010028839;752.0599;1.1671958;170.03203;0.0;-7.3453654e-25;99.99998;-7.345365e-21;0.0017100137;-0.8080555;8.940697e-05;0.2553016;0.2552271;0.0;0.0;4915.717;5871.57;-2821.714;5865.2104;-561.3289;-1551.7789
1989-09-27;9.564382;-3.7817993;0.009876251;752.43036;1.0561651;182.2827;0.0;-7.3453654e-25;99.99998;-7.345365e-21;0.0008553266;-0.64524543;4.4703484e-05;0.25257468;0.25252998;0.0;0.0;4869.6987;5811.588;-2761.711;5868.4854;-448.23;-1665.3889
1989-09-28;8.926483;-0.6295268;0.009773254;753.63654;0.9555871;110.1193;0.0;-7.3453654e-25;99.99998;-7.345365e-21;0.8729136;-0.6556064;0.041678548;0.29158592;0.24992228;0.0;0.0;4457.1665;5314.7056;-2484.5125;6156.6343;-455.42776;-1516.5433
1989-09-29;9.219696;-0.053466797;0.009993236;754.42194;1.0952398;176.04242;0.0;-7.3453654e-25;99.99998;-7.345365e-21;0.0;-0.6851144;0.0;0.24735928;0.24735183;0.0;0.0;4643.2505;5531.762;-2615.6912;6024.6045;-475.92557;-1582.9911
1989-09-30;9.266876;-0.50822955;0.009686788;753.7602;1.0365465;144.13206;0.0;-7.3453654e-25;99.99998;-7.345365e-21;0.0012992305;-0.5905936;5.9604645e-05;0.24487078;0.24481118;0.0;0.0;4717.08;5614.8643;-2625.4167;6024.475;-410.26556;-1615.9344
1989-10-01;8.516205;0.19392903;0.010019938;750.32227;1.4964534;223.60297;0.0;-7.3453654e-25;99.99998;-7.345365e-21;0.09548068;-0.4216926;0.004515052;0.24685264;0.24233758;0.0;0.0;3887.786;4623.789;-1999.9719;6584.2827;-292.93555;-1570.8378
1989-10-02;7.3840127;4.5715537;0.009927114;749.0244;1.9858941;208.64021;0.0;-7.3453654e-25;99.99998;-7.345365e-21;17.6143;-1.4561322;1.1311173;1.371175;0.2400428;0.0;0.0;3013.555;3580.9634;-989.5461;7429.2285;-1011.5267;-1187.5377
1989-10-03;6.0510254;4.480825;0.009986877;752.6011;1.3944278;214.5212;0.0;-7.3453654e-25;99.99998;-7.345365e-21;9.651751;-1.5172092;0.6980747;0.93594193;0.23786724;0.0;0.0;2505.3914;2974.8755;-916.31946;7280.3335;-1053.9545;-862.1558
1989-10-04;8.718872;1.0128378;0.010031383;755.25507;1.500744;248.83992;0.0;-7.3453654e-25;99.99998;-7.345365e-21;0.26814672;-2.1622107;0.016137958;0.25179982;0.23566186;0.0;0.0;4257.055;5049.8823;-1957.4395;6398.879;-1502.0155;-978.5289
1989-10-05;9.647807;1.5025635;0.010000865;754.9057;1.0643091;224.67213;0.0;-7.3453654e-25;99.99998;-7.345365e-21;2.799493;-1.7751809;0.18640608;0.41984022;0.23344159;0.0;0.0;3992.832;4732.35;-1832.5328;6558.4688;-1233.1589;-860.7367
1989-10-06;9.631825;1.4628296;0.010075887;751.664;1.882854;171.51357;0.0;-7.3453654e-25;99.99998;-7.345365e-21;0.34584403;-2.105005;0.020354986;0.251621;0.23126602;0.0;0.0;4188.4556;4959.9443;-2135.0833;6255.21;-1462.2766;-784.95447
1989-10-07;7.7576294;-1.2976379;0.009920756;752.1949;1.3621873;221.6566;0.0;-7.3453654e-25;99.99998;-7.345365e-21;0.0012814989;-1.7200801;7.4505806e-05;0.22917986;0.22910535;0.0;0.0;4285.856;5071.0024;-2387.3455;5732.636;-1194.8822;-1058.1455
1989-10-08;8.0365095;-3.3570251;0.0099817915;755.00555;0.92661905;249.41875;0.0;-7.3453654e-25;99.99998;-7.345365e-21;0.0;-1.7086267;0.0;0.22694468;0.22694468;0.0;0.0;4543.7954;5371.5386;-2666.16;5431.311;-1186.9255;-865.7233
1989-10-09;7.655894;-4.7066445;0.0098724365;755.71094;1.0680709;134.43843;0.0;-7.3453654e-25;99.99998;-7.345365e-21;0.0012993806;-1.6454123;7.4505806e-05;0.22488832;0.22481382;0.0;0.0;4542.922;5365.9;-2708.641;5379.697;-1143.0133;-838.2022
1989-10-10;7.9335327;-3.2293804;0.0098393755;755.5591;1.1381572;65.35546;0.0;-7.3453654e-25;99.99998;-7.345365e-21;0.0012874597;-1.581965;7.4505806e-05;0.22278726;0.2227053;0.0;0.0;4446.7476;5247.7974;-2570.7979;5643.0347;-1098.9388;-748.2989
1989-10-11;9.098297;-2.531606;0.010017395;753.7434;1.0689865;76.53038;0.0;-7.3453654e-25;99.99998;-7.345365e-21;0.0012756163;-1.504574;7.4505806e-05;0.2206862;0.22061169;0.0;0.0;4400.6333;5188.9365;-2568.3516;5732.019;-1045.1783;-796.41
1989-10-12;8.961833;-5.3573403;0.010035197;750.9458;1.0133734;188.95384;0.0;-7.3453654e-25;99.99998;-7.345365e-21;0.0004351138;-1.3754544;2.9802322e-05;0.21858513;0.21857023;0.0;0.0;4434.658;5224.601;-2739.4138;5458.3066;-955.48224;-860.00446
1989-10-13;6.593119;-2.955495;0.009974162;750.3642;1.19598;190.0395;0.0;-7.3453654e-25;99.99998;-7.345365e-21;0.0004399567;-1.0545673;2.9802322e-05;0.21660328;0.21657348;0.0;0.0;4220.5293;4968.137;-2447.2117;5619.819;-732.5722;-1195.6111
1989-10-14;5.080963;-3.0536907;0.010040283;751.6351;0.9538708;118.33102;0.0;-7.3453654e-25;99.99998;-7.345365e-21;0.0008529568;-0.9434316;4.4703484e-05;0.21468103;0.21462142;0.0;0.0;3940.7317;4634.8696;-2286.9553;5719.8936;-655.37054;-1152.9756
1989-10-15;3.8422546;-1.0694174;0.010033925;751.79443;1.0046978;92.66332;0.0;-7.3453654e-25;99.99998;-7.345365e-21;1.1969886;-0.8281842;0.06198883;0.2747476;0.21275133;0.0;0.0;3287.0718;3862.4934;-1850.8134;6026.153;-575.3122;-1034.9111
1989-10-16;4.6546426;-3.3705342;-4.61009;751.3035;0.8919018;165.91025;0.0035807292;2.78155e-07;126.01626;-7.345365e-21;0.0074649216;-1.027342;0.0003799796;0.21128356;0.21091104;0.00021792948;0.0006183982;4029.8032;4734.109;-2203.672;5832.7324;-713.66;-1261.8822
1989-10-17;6.2217917;-4.9470925;-6.3016534;752.2979;1.0202979;127.02195;0.0025227864;-7.3453654e-25;148.28514;-7.345365e-21;0.0004351138;-0.9333333;2.9802322e-05;0.2090931;0.20904839;0.00013411045;0.0;4167.3975;4894.2354;-2486.4412;5504.567;-648.3555;-960.7756
1989-10-18;7.25531;-2.1315002;-4.186709;750.7658;1.4233394;159.3898;0.001953125;-7.3453654e-25;150.9453;-7.345365e-21;1.9672985;-0.994578;0.11315942;0.32038987;0.20723045;0.0001322478;0.0;3629.831;4261.629;-1981.5895;6105.5713;-690.9;-974.4644
1989-10-19;6.350067;-1.7627869;-3.0983975;751.11786;1.1934224;189.68823;0.00056966144;-7.3453654e-25;150.9453;-7.345365e-21;0.37996173;-0.9893123;0.019326806;0.22479892;0.20546466;6.146729e-05;0.0;3802.6023;4463.0522;-1978.2406;6118.238;-687.24225;-1077.6978
1989-10-20;4.7512717;2.7663372;-0.74553424;750.7591;0.7778952;138.70937;0.0;-7.3453654e-25;150.9453;-7.345365e-21;14.578581;-0.9629894;1.0569394;1.2607425;0.20379573;3.9115548e-05;0.0;1852.9956;2174.3066;-824.06;7143.5376;-668.95667;-474.69556
1989-10-21;2.0145466;0.2802938;-3.078143;751.1772;0.7290078;163.7764;0.61865234;0.00010450681;155.00975;0.61035156;5.745846;-1.2940838;0.42939186;0.6316006;0.20219386;0.03984943;0.2031438;2219.6;2612.338;-1149.165;6585.211;-898.9689;-745.4756
1989-10-22;1.7532145;-2.84315;-4.511476;753.88007;0.9315173;78.07563;0.76920575;0.00011853377;158.34796;0.9765625;0.07758897;-1.2501012;0.011496246;0.21207333;0.20057708;0.07183105;7.4505806e-06;3157.2588;3718.6055;-1678.5533;6023.28;-868.44;-801.92554
1989-10-23;1.8971761;-2.9168193;-3.4229355;753.6497;1.471402;44.491947;0.43408203;6.667773e-05;157.97784;0.36621094;0.019344691;-1.2387596;0.004604459;0.20354986;0.1989454;0.040618703;0.0012293458;3140.9016;3690.409;-1598.7356;6124.5083;-860.57556;-883.11444
1989-10-24;2.3681133;-2.7964962;-5.129556;753.7342;1.3920108;48.24495;0.2417806;3.707409e-05;157.71613;-7.345365e-21;0.11129975;-1.2279153;0.0091046095;0.20644069;0.19733608;0.024158508;0.0004172325;3451.1338;4049.2644;-1993.2095;5702.9526;-853.0233;-889.8611
1989-10-25;3.575755;-5.3343606;-5.7351623;753.5996;0.9948313;149.7924;0.12638347;1.9272169e-05;157.70116;-7.345365e-21;0.019460917;-1.2950348;0.0022500753;0.19797683;0.1957342;0.013707206;0.0;3815.7556;4472.927;-2198.49;5521.9688;-899.62555;-736.13446
1989-10-26;2.4806721;-4.469574;-6.732399;755.1909;0.9903111;57.142338;0.061116535;9.497006e-06;157.70311;-7.345365e-21;0.0004351138;-1.2392905;0.0006556511;0.19480288;0.19413978;0.0074710697;0.0;3877.838;4542.59;-2305.815;5399.011;-860.89667;-770.31
1989-10-27;1.6729635;-0.6676534;-3.1963794;756.12524;0.9415519;117.07288;0.031982422;4.927317e-06;157.66144;-7.345365e-21;7.458168;-0.8561555;0.57449937;0.7671416;0.19262731;0.0028368086;4.0978193e-05;1954.125;2288.0955;-1000.3961;6570.689;-594.7411;-416.15112
1989-10-28;3.2217102;0.97177124;-3.515971;754.116;0.9907529;149.14203;0.020589193;2.9404957e-06;157.20311;-7.345365e-21;1.9325236;-1.3066046;0.1628995;0.3540814;0.191167;0.0030584633;0.0;3088.6973;3615.0388;-1526.1361;6278.799;-907.6544;-753.2233
1989-10-29;3.4583538;1.0393575;-1.6785456;752.0376;0.9326723;61.951324;0.011962891;1.8278757e-06;151.49965;-7.345365e-21;3.0677497;-1.2184372;0.23162365;0.42133033;0.18970668;0.0017788261;0.008266419;3035.4827;3551.371;-1286.9983;6632.5444;-846.4072;-775.1422
1989-10-30;1.9123942;1.0734354;-0.03471756;747.0847;0.7160992;112.645355;3.0287273;0.00048009554;147.75291;3.1738281;11.707616;-1.0117507;0.98994374;1.1782422;0.18829852;0.16700849;1.0599122;1539.5411;1812.2733;-490.00388;7213.9165;-702.7317;-555.4978
1989-10-31;1.5562235;0.792216;-1.1092898;750.35284;0.68091935;111.80772;4.358724;0.0006355445;150.36163;4.1910806;3.2609553;-0.99961275;0.33187866;0.5188137;0.18693507;0.4618522;0.0;1902.5511;2270.6023;-752.6739;6953.569;-694.27167;-662.8122
1989-11-01;0.46704102;-2.2434795;-4.197718;752.5252;0.9053212;116.72296;2.299886;0.00033708414;150.41566;1.7903646;1.0289878;-1.1898875;0.10454655;0.2901107;0.18556416;0.22124872;0.0007636845;2653.4673;3133.5945;-1494.5945;6069.3613;-826.7411;-705.16223
1989-11-02;0.40716553;-2.9158733;-5.9647446;753.24286;0.96193105;84.27637;1.1910807;0.00017440319;150.95409;0.9765625;0.13975278;-1.0809935;0.024676323;0.20888448;0.1842007;0.12874044;0.0007785857;2929.27;3441.19;-1640.3595;5861.7935;-751.0256;-783.8478
1989-11-03;1.5995585;-3.2263386;-7.6212006;753.96405;0.90880394;93.87585;0.58894855;8.658568e-05;151.23143;0.36621094;0.0021460983;-1.1055144;0.007122755;0.18996;0.18283725;0.064836815;0.0;3411.445;3995.44;-2156.9827;5330.82;-767.9911;-581.7111
1989-11-04;2.9069417;-3.8832195;-7.544834;752.8936;0.9006433;88.24265;0.28442383;4.1604042e-05;151.23988;-7.345365e-21;0.00044107434;-1.1166315;0.0034570694;0.18495321;0.18148124;0.03222935;0.0;3478.3616;4066.9744;-2241.2056;5287.5205;-775.6989;-454.34888
1989-11-05;2.8482463;-2.5608826;-7.7761955;751.8386;0.90660095;128.08427;0.13500977;1.9907951e-05;151.24217;-7.345365e-21;0.0012869895;-1.0391455;0.0017285347;0.18188357;0.18014759;0.015545636;0.0;3466.4329;4049.0933;-2272.5977;5241.987;-721.86444;-507.14334
1989-11-06;2.0242615;-3.0685627;-7.4331093;750.4798;0.9240265;67.234436;0.06542969;1.001358e-05;151.24217;-7.345365e-21;0.00086474157;-0.9590844;0.00078976154;0.1796484;0.17884374;0.0069737434;0.0;3303.2078;3856.1345;-2154.7917;5320.9004;-666.24664;-428.8
1989-11-07;0.4711202;-3.702769;-6.212198;751.7391;1.0884893;40.166107;0.036783855;5.841255e-06;150.43358;-7.345365e-21;0.0069551063;-0.70011896;0.00062584877;0.17818809;0.17756969;0.0028125942;0.0020638108;2393.8806;2793.0845;-1538.9473;5828.0146;-486.35333;-439.34
1989-11-08;0.34884644;-1.8219808;-4.7621255;753.2085;1.0075161;54.293854;0.13639323;2.0742416e-05;142.19334;-7.345365e-21;1.0428737;-0.6365776;0.07173419;0.24808943;0.17634779;0.01158379;0.027276576;2120.4106;2474.081;-1217.6222;6171.8384;-442.21613;-405.1611
1989-11-09;1.0195312;-2.015971;-3.9733875;753.2497;0.81197876;141.39244;0.11767578;1.7325083e-05;151.15623;-7.345365e-21;0.30238092;-0.7938901;0.022903085;0.19803643;0.17513335;0.010522082;0.0007674098;2363.3206;2756.6855;-1190.215;6303.2656;-551.4978;-562.2722
1989-11-10;1.8297628;-2.9005024;-2.8861187;751.54;0.6464247;147.75458;1.7178549;0.00032663345;147.23436;2.0751953;4.671459;-0.9730682;0.19770116;0.37162006;0.1739189;0.0062920153;2.2656116;2887.172;3366.1177;-1442.2128;6213.922;-675.9583;-649.5978
1989-11-11;-0.21842448;-0.6685079;-0.13126247;747.85425;0.6628801;36.463406;65.744545;0.009637038;141.09145;66.975914;20.13889;-0.19985624;1.2777001;1.4504492;0.17276406;1.8257387;9.661575;358.665;810.36334;-74.18222;7233.0454;-141.85;-134.46777
1989-11-12;-0.47499594;-2.1224873;-2.8565433;749.4748;0.65416104;198.9594;63.93278;0.009533326;150.9098;63.802082;0.6586313;-0.5146619;0.3709048;0.5425364;0.17163157;2.68274;0.039182603;1379.2195;2623.9468;-814.55945;6344.8916;-364.24277;-271.3278
1989-11-13;-2.2768352;-5.573456;-6.43771;750.34564;0.902241;95.560425;49.533855;0.007420222;151.3893;49.235027;0.006386637;-0.6239247;0.21182;0.382334;0.17049909;1.771247;0.005092472;2034.0945;3347.859;-1472.5745;5514.4976;-441.5639;-454.09888
1989-11-14;-1.7053833;-3.720937;-3.9449272;747.67926;0.5819745;107.551056;53.324707;0.008053422;147.28416;54.32129;10.67508;-0.35643393;0.4749596;0.644356;0.1693964;1.1571516;7.073127;1381.3545;2086.0188;-765.87836;6281.5176;-250.54556;-231.82556
1989-11-15;-2.331136;-3.2388203;-1.5823771;746.0418;0.66545296;251.00041;91.11849;0.013492982;148.2451;91.34928;2.3364513;-0.3150422;0.25071204;0.41902065;0.16832352;1.3070982;1.3502203;1081.3667;2882.28;-754.0161;6299.0923;-231.59833;-215.00778
1989-11-16;-2.814494;-3.544464;-1.4716696;746.85956;0.8337887;229.88335;94.25952;0.014743607;150.22687;97.65625;5.214458;-0.27634576;0.21317601;0.38044155;0.16727298;1.2613311;4.465111;813.69446;2254.9;-446.72665;6594.779;-207.72667;-232.66333
1989-11-17;-2.7048748;-3.3744812;-1.1591339;748.7255;1.5158205;204.45015;98.247154;0.019590974;152.18878;127.80762;5.7265043;-0.2745418;0.027865171;0.19411743;0.16625226;0.108229;5.147025;718.44446;2178.1833;-462.90887;6598.942;-210.31667;-222.36223
1989-11-18;-3.440197;-3.761298;-1.6339861;746.64935;1.4037181;207.02869;99.90536;0.03982401;149.32909;262.61392;27.512968;-0.15284307;0.017374754;0.18262863;0.16526133;0.0;26.479326;173.79944;675.89667;-81.331665;6917.6357;-119.422226;-170.85445
1989-11-19;-5.377421;-6.3873763;-4.1567664;745.1411;1.5366894;210.58736;100.0;0.05225988;151.30858;344.8893;4.1179833;-0.13513398;0.0;0.1642853;0.1642853;0.0;3.9485097;683.51166;2676.3777;-612.5928;6133.3867;-102.367775;-160.3989
1989-11-20;-9.669575;-13.242516;-12.458721;746.81104;0.8501365;141.9369;100.0;0.054584026;152.07127;359.2936;0.1578629;-0.07739663;0.0;0.16331673;0.16333163;0.0;0.15786663;914.2178;3586.2566;-1499.7544;4347.648;-55.717777;-80.30222
1989-11-21;-13.175057;-20.651812;-22.185043;748.6919;1.2306783;42.953854;100.0;0.05460294;153.51561;356.0791;0.00091195095;-0.026782975;0.0;0.16239285;0.16239285;0.0;5.2154064e-05;986.5722;3770.629;-1348.49;3691.3613;-17.365555;66.096664
1989-11-22;-10.066178;-20.343441;-19.947123;750.5015;1.0619859;135.01521;100.0;0.054614305;154.61977;353.39355;0.014207378;-0.047152862;0.0;0.16147643;0.16147643;0.0;0.012502074;953.43;3554.6912;-867.4689;4453.201;-32.75778;55.815556
1989-11-23;-5.5491486;-9.883659;-12.456763;750.84106;0.8988218;225.117;100.0;0.054655988;156.43195;349.28384;0.021979213;-0.021464191;0.0;0.16057491;0.16057491;0.0;0.019405037;889.41833;3238.061;-979.0461;4994.047;-12.956667;-11.731112
1989-11-24;-5.762146;-6.976542;-7.787449;748.345;1.0819812;262.0975;100.0;0.055276792;158.47948;348.59213;1.8173099;-0.018537045;0.0;0.15971065;0.1597032;0.0;1.7265902;569.01886;2018.9944;-138.02777;6377.2344;-12.454445;-55.695557
1989-11-25;-1.5850118;-2.110606;-1.1426188;750.59393;0.72539395;207.0492;100.0;0.05775829;163.04132;354.65494;2.3982704;-0.10733958;0.011578202;0.17040968;0.15883893;0.1215674;2.2629015;450.21667;1594.17;-190.38222;6947.118;-81.791664;-104.05889
1989-11-26;-0.9324239;-1.117279;-0.3013331;751.0848;1.2227219;210.32112;100.0;0.06492543;166.78416;388.1429;14.788389;-0.11252519;0.68849325;0.84650517;0.15799701;0.28542057;8.4065275;214.21;724.55554;42.489445;7273.4976;-87.64056;-114.16556
1989-11-27;-0.41577148;-0.5718791;-0.0049845376;749.09186;1.6273316;211.21344;100.0;0.076643385;168.58234;453.40982;19.866247;-0.11067465;1.1311545;1.288332;0.15717745;1.2379997;12.3777685;211.74889;782.94556;48.201668;7317.959;-86.138885;-111.32889
1989-11-28;0.8171285;0.30877686;-0.036087036;751.4629;1.3448768;215.70302;100.0;0.07674018;174.48077;441.04004;3.9970427;-0.05285628;1.2025684;1.3589263;0.15636533;4.358269;0.040952116;711.89056;2288.3445;-283.4511;7022.979;-37.23111;-53.211113
1989-11-29;0.69815063;0.5321045;0.009918213;749.75684;1.2437735;207.68178;100.0;0.081809916;176.4889;462.76855;51.894043;0.021656975;10.882653;11.0652895;0.18263608;3.9681308;9.450815;175.52722;614.3211;137.56;7456.776;17.631111;-8.565556
1989-11-30;-2.0339634;-2.3445358;-0.07010015;745.77374;0.76593584;205.80418;100.0;0.10089914;168.78969;594.6452;62.097267;-0.18215552;5.640239;6.019339;0.37910044;0.6490126;38.059372;180.12167;700.6711;-77.001114;7108.339;-142.14555;-168.43
1989-12-01;-4.979342;-5.883661;-1.0084139;745.80884;0.9356906;209.72914;100.0;0.12745745;162.55238;782.959;10.641903;-0.23460947;0.0034421682;0.15838444;0.15494227;0.0;10.089811;436.34167;1728.53;-690.2061;6164.9565;-181.51555;-208.4
1989-12-02;-7.818395;-9.564107;-5.439472;746.32794;0.66340744;181.65631;100.0;0.13117142;169.69952;773.0306;1.1817455;-0.15125796;0.0;0.15483797;0.15483797;0.0;1.1596904;763.1678;2747.5066;-978.89276;5504.1616;-114.473335;-141.77333
1989-12-03;-10.606677;-13.972426;-9.747547;745.6578;0.7482235;73.76203;100.0;0.13203366;174.47198;756.67316;0.2932489;-0.116332434;0.0;0.15476346;0.15477836;0.0;0.28758496;701.7217;2519.828;-961.3839;5123.0205;-87.723335;-114.01778
1989-12-04;-10.188282;-13.028046;-12.025941;741.5674;1.3155819;20.51846;100.0;0.13574593;172.36066;785.7666;5.2074046;-0.032017007;0.0;0.15474856;0.15474856;0.0;5.2039995;422.69833;1585.4355;-624.47;5361.4795;-23.322222;-5.977778
1989-12-05;-11.044324;-15.607848;-15.673668;744.47125;1.0450248;109.186714;100.0;0.1374095;173.96613;789.5101;0.005826354;-0.020137057;0.0;0.15473366;0.15473366;0.0;0.0045597553;841.255;3149.9521;-1249.405;4283.1387;-12.342222;-4.386667
1989-12-06;-10.340491;-13.997527;-17.546011;744.1785;0.81371754;277.34573;100.0;0.13751964;176.72296;777.4251;0.38369298;0.010809861;0.0;0.15473366;0.15473366;0.0;0.37757307;787.20166;2874.53;-668.875;4886.7;10.435555;17.84111
1989-12-07;-11.180989;-13.4194565;-14.868985;745.0711;0.7804994;189.37378;100.0;0.1380763;178.58983;772.2575;0.56538403;-0.0076983124;0.0;0.15474856;0.15475601;0.0;0.56162107;776.0856;2795.8655;-730.88275;5037.177;-3.6088889;-30.766666
1989-12-08;-9.601567;-10.989505;-12.514133;744.6509;0.81038195;242.41748;100.0;0.13892078;180.37889;769.3278;0.911358;-0.00838656;0.0;0.15477836;0.15477091;0.0;0.9066835;624.8528;2231.32;-478.23666;5561.8276;-4.561111;-44.531113
1989-12-09;-7.879598;-9.040161;-9.864494;746.4515;0.79564244;201.44391;100.0;0.14210796;180.47133;785.84796;6.449628;0.0009033829;0.0;0.15482306;0.15480816;0.0;6.442383;381.19333;1365.5089;-42.544445;6322.112;1.8188889;-33.955555
1989-12-10;-4.005422;-4.5026145;-5.2693114;746.95685;1.1555588;214.46227;100.0;0.15540536;176.26366;878.8249;17.412905;-0.0034440309;0.0;0.15485287;0.15484542;0.0;17.137571;251.72667;1023.9711;64.920555;6899.4297;-1.6033334;-42.761112
1989-12-11;-3.6300151;-4.0592017;-3.129485;745.6426;1.0351605;209.97404;100.0;0.17326708;176.66078;977.98663;18.62438;-0.06714277;0.0;0.15489757;0.15489757;0.0;18.254265;273.6728;1154.7855;-145.60889;6779.0273;-51.04;-101.933334
1989-12-12;-3.5839512;-4.2673783;-2.6803055;744.0246;0.42553577;156.49583;100.0;0.19493532;175.63768;1106.0791;26.39385;-0.079723075;0.0002682209;0.1552105;0.15494227;0.0;24.986141;329.1961;1408.4122;-245.265;6691.008;-60.45222;-92.89445
1989-12-13;-4.499161;-5.083322;-2.9516716;744.9468;0.7550435;224.1784;100.0;0.21366203;179.26137;1193.6035;3.414899;-0.0878647;0.0;0.15500188;0.15498698;0.0;3.1516924;484.6661;2071.89;-605.4178;6206.803;-66.02889;-120.59111
1989-12-14;-8.177071;-10.14899;-7.030069;746.4375;0.86766976;47.699097;100.0;0.21441035;190.17967;1128.7842;0.031179188;-0.08172076;0.0;0.15503168;0.15503168;0.0;0.028584152;694.4439;2857.189;-1426.8083;4751.7188;-60.13778;-104.62111
1989-12-15;-11.557828;-17.981392;-14.402698;745.9616;1.2851976;14.360078;100.0;0.21441059;196.34438;1092.6107;0.0010719984;-0.04081987;0.0;0.15509129;0.15507638;0.0;0.00021420419;807.51166;3236.87;-1455.5078;4058.2354;-28.202223;25.603333
1989-12-16;-11.428683;-18.168821;-17.659506;746.3908;1.095455;175.26892;100.0;0.21442437;200.05434;1072.3877;0.0004351138;-0.015892088;0.0;0.15513599;0.15512854;0.0;0.0;805.9022;3142.7034;-1288.0594;4044.7625;-9.428889;51.094444
1989-12-17;-9.034782;-16.96789;-18.671568;748.8068;1.2108978;74.33851;100.0;0.214444;202.99672;1057.2103;0.0;-0.007096678;0.0;0.1551807;0.15518814;0.0;0.0;780.8661;2969.3945;-840.2867;4594.2485;-2.8122222;91.475555
1989-12-18;-6.3328347;-11.998349;-16.73559;752.5305;1.3164054;4.2468987;100.0;0.21448214;206.02733;1041.9108;0.001275539;0.02381578;0.0;0.1552403;0.1552403;0.0;0.0;820.87836;3046.2356;-850.1561;4805.431;21.19111;113.83889
1989-12-19;-5.6947327;-11.346028;-15.602395;751.80396;1.3964247;49.150406;100.0;0.2145356;209.34991;1025.7162;0.0017183247;0.020987354;0.0;0.1552999;0.15529245;0.0;0.0;850.535;3082.0667;-1035.3138;4660.3154;19.255556;120.66556
1989-12-20;-7.727234;-13.410965;-16.052862;751.14404;1.6294336;6.8287406;100.0;0.21458948;212.6201;1010.17255;0.0;0.012530014;0.0;0.1553595;0.15535206;0.0;0.0;888.8028;3146.0923;-1238.3088;4333.503;12.913333;125.842224
1989-12-21;-7.1064353;-14.423218;-16.140245;749.72894;1.4116722;9.029504;100.0;0.21462627;215.64223;996.2158;0.0;0.0019967556;0.0;0.15540421;0.15540421;0.0;0.0;894.5222;3094.4712;-1129.9011;4487.7046;4.4555554;121.54889
1989-12-22;-7.4805665;-14.033595;-16.150337;748.7336;1.3210781;5.4683266;100.0;0.21466267;218.54002;983.07294;0.00044107434;0.00029429793;0.0;0.15547872;0.15547127;0.0;0.0;881.12665;2979.449;-1026.66;4610.4224;3.1755555;97.57333
1989-12-23;-5.6441445;-12.581706;-15.262143;748.73486;1.2403994;60.669937;100.0;0.21469533;221.43748;970.2962;0.0;0.0011101365;0.0;0.15552342;0.15552342;0.0;0.0;926.7905;3066.6377;-1006.47723;4744.9033;4.01;97.17889
1989-12-24;-3.4280498;-10.783797;-14.298415;748.60724;1.0711476;64.05792;100.0;0.21473455;224.45409;957.4382;0.0004276632;0.0052005053;0.0;0.15558302;0.15558302;0.0;0.0;960.1628;3109.709;-1089.586;4732.491;7.088889;102.17333
1989-12-25;-4.008352;-11.277881;-13.995387;749.10724;0.8276041;297.5369;100.0;0.21476908;227.50519;944.5801;0.0;-0.006068498;0.0;0.15562773;0.15563518;0.0;0.0;975.83887;3094.9055;-1171.1827;4636.82;-1.5655556;76.026665
1989-12-26;-5.5823593;-11.455201;-13.904891;748.7696;0.8961957;188.74013;100.0;0.21480072;230.4352;933.0241;0.0013709068;-0.00490807;0.0;0.15568733;0.15568733;0.0;0.00051409006;942.47833;2928.1023;-958.24164;4918.573;-0.87666667;50.238888
1989-12-27;-6.7798057;-13.614213;-13.250946;748.7684;1.0663854;32.679245;100.0;0.21482258;233.416;921.5088;0.00085591426;-0.028884038;0.0;0.15574694;0.15573949;0.0;0.0;993.6178;3026.831;-1229.9684;4614.3394;-18.766666;46.185555
1989-12-28;-6.7737427;-14.930919;-14.080461;749.55804;1.0251812;146.44768;100.0;0.2148366;236.19398;910.52246;0.0017195934;-0.034943223;0.0;0.15579164;0.15579164;0.0;0.0;1043.3689;3114.73;-1189.4388;4592.8735;-23.368334;51.52111
1989-12-29;-5.7072244;-10.330668;-12.374013;749.03296;0.7325677;270.32822;100.0;0.21487117;238.90233;900.1465;0.06533883;-0.019278377;0.0;0.15583634;0.15583634;0.0;0.05926937;965.22723;2825.2322;-594.74805;5550.9443;-11.8527775;2.8911111
1989-12-30;-6.633558;-9.396829;-9.9504595;746.9637;0.75552875;211.74615;100.0;0.21493714;242.0628;888.7126;0.039830804;-0.040084124;0.0;0.15588105;0.1558885;0.0;0.034198165;839.685;2419.1843;-836.33636;5400.852;-28.197779;-30.986666
1989-12-31;-6.486776;-7.9893594;-8.661682;743.76294;0.5407591;229.85573;100.0;0.2167695;242.20277;894.49054;8.169683;-0.038012862;0.0;0.15592575;0.15592575;0.0;8.149616;693.36945;1976.7689;-342.44888;6151.24;-27.703333;-55.39111
1990-01-01;-6.425822;-8.026774;-7.180168;741.54224;0.8215241;27.849844;100.0;0.23573029;217.53969;1081.9906;16.79951;-0.015664846;0.0;0.15595555;0.15597045;0.0;16.791544;247.08556;1004.01556;-341.5136;6148.25;-11.2711115;-19.55889
1990-01-02;-7.651764;-9.587856;-8.854877;744.1408;0.71168524;115.21392;100.0;0.2414072;217.48045;1111.084;1.1001855;-0.038184226;0.0;0.15601516;0.15601516;0.0;1.0915511;648.57947;2680.9023;-653.795;5576.7725;-26.283333;-80.55
1990-01-03;-6.933136;-8.124932;-7.7254395;741.6113;0.7623468;206.5012;100.0;0.24397032;219.6839;1111.0026;3.8059533;-0.052366406;0.0;0.15605986;0.15605986;0.0;3.802769;466.47333;1902.9833;-233.41667;6282.7134;-38.595554;-79.293335
1990-01-04;-5.5469184;-6.4150023;-6.2636056;740.39496;0.67956656;196.42503;100.0;0.25045404;218.11131;1148.234;4.959164;-0.0360813;0.0;0.15610456;0.15608966;0.0;4.9577875;403.4828;1676.6411;-175.01416;6487.6216;-26.108889;-68.04667
1990-01-05;-6.4889207;-7.4971414;-5.5761147;742.23846;0.9702196;198.6722;100.0;0.25845948;217.4212;1187.0524;19.163816;-0.07905532;0.0;0.15613437;0.15613437;0.0;19.146204;381.9539;1573.3478;-363.33612;6278.3623;-60.046665;-117.10667
1990-01-06;-9.557294;-10.747758;-7.499111;745.2869;1.1567827;143.10002;100.0;0.2750981;207.53319;1325.7242;5.134389;-0.07542595;0.0;0.15616417;0.15616417;0.0;5.1277356;579.04443;2501.4888;-868.76776;5400.419;-56.3;-157.37334
1990-01-07;-12.194734;-16.23121;-12.269848;746.0466;1.026372;41.654392;100.0;0.2762014;213.3242;1295.6543;0.01361072;-0.06409362;0.0;0.15619397;0.15619397;0.0;0.012680888;765.57166;3226.0322;-1525.8195;4138.383;-46.643333;-90.75445
1990-01-08;-14.493358;-21.409332;-18.426622;745.6282;1.3333508;23.174765;100.0;0.27620733;217.3919;1271.3217;0.0008702277;-0.028867275;0.0;0.15622377;0.15622377;0.0;1.4901161e-05;850.13336;3480.7456;-1594.956;3548.7605;-19.246666;43.195557
1990-01-09;-16.569983;-22.306662;-22.024338;744.99066;1.5165;20.080439;100.0;0.27622303;219.99022;1256.1849;0.0021405094;-0.010169111;0.0;0.15625358;0.15625358;0.0;0.0;864.7572;3448.6345;-1407.13;3537.2178;-5.491667;54.344444
1990-01-10;-17.105904;-23.20439;-23.547575;744.61725;1.050089;45.659943;100.0;0.27624416;222.01659;1244.7916;0.0135958195;-0.011958182;0.0;0.15628338;0.15627593;0.0;0.010684133;879.8461;3414.7144;-1059.5266;3894.7861;-7.056667;24.64
1990-01-11;-15.943199;-22.231207;-23.83037;747.99445;1.1179229;61.124268;100.0;0.27627108;223.88507;1234.5377;0.0008523463;-0.0057788566;0.0;0.15628338;0.15629828;0.0;0.0;922.0311;3490.5923;-1277.4016;3607.3928;-2.317222;56.154446
1990-01-12;-13.943927;-22.12293;-24.095922;749.5554;1.1113403;140.42392;100.0;0.2762904;225.6559;1225.057;0.00044107434;-0.009872951;0.0;0.15631318;0.15632808;0.0;0.0;952.55225;3519.2512;-1106.5167;3842.2944;-5.2433333;89.615555
1990-01-13;-10.353614;-19.943422;-22.887526;748.023;1.1785938;134.50508;100.0;0.27631032;227.46547;1215.4541;0.0004351138;-0.0070668757;0.0;0.15634298;0.15634298;0.0;0.0;980.6667;3536.9133;-1005.43445;4106.4395;-2.9077778;120.727776
1990-01-14;-9.853912;-16.904018;-21.008001;745.7066;1.2679437;15.612194;100.0;0.27633896;229.48761;1204.956;0.0008553266;0.0037550926;0.0;0.15635788;0.15636533;0.0;0.0;1005.1828;3541.7822;-1046.6067;4224.2686;5.7344446;110.96667
1990-01-15;-10.464959;-16.127352;-19.985312;743.22577;0.9750013;75.78412;100.0;0.27637437;231.70343;1193.807;0.0013828278;-0.0011902303;0.0;0.15637279;0.15638024;0.0;0.00010803342;1011.2278;3483.5166;-1132.0361;4174.1494;1.9111111;59.856667
1990-01-16;-11.897281;-16.458475;-19.559053;742.822;0.90152615;127.63394;100.0;0.2764127;233.94139;1182.5358;0.096501805;-0.0029020011;0.0;0.15640259;0.15640259;0.0;0.09139627;990.87054;3342.4878;-1011.39166;4326.5283;0.3;23.982222
1990-01-17;-10.990188;-12.671636;-16.506203;740.11255;0.83405256;251.97682;100.0;0.27745798;234.06346;1185.4248;2.5903463;-0.002861023;0.0;0.15641749;0.15641004;0.0;2.5820248;710.45166;2373.8977;-206.41667;5654.1323;-0.5377778;-33.125557
1990-01-18;-11.770007;-17.981478;-15.987336;743.50836;1.1925186;52.892445;100.0;0.27917835;233.36327;1197.3877;0.012267729;-0.04256144;0.0;0.15643239;0.15641749;0.0;0.0059120357;1049.825;3604.5356;-1482.4928;4010.3826;-29.081112;-4.232222
1990-01-19;-9.153616;-16.998686;-17.144773;750.4117;0.9434064;194.47829;100.0;0.27919564;236.1712;1183.0648;0.0012777521;-0.031966716;0.0;0.15642494;0.15642494;0.0;0.0;1087.9989;3653.56;-1078.2422;4470.779;-20.802221;39.606667
1990-01-20;-7.987493;-15.901576;-15.15768;749.91644;0.57448494;289.44833;100.0;0.27939287;238.68097;1171.224;0.698328;-0.051423907;0.0;0.15643239;0.15642494;0.0;0.6939508;993.6139;3263.5066;-727.2772;5133.7876;-36.157776;-19.375555
1990-01-21;-8.821403;-13.44566;-13.901834;746.9307;0.7385625;59.844143;100.0;0.2800945;240.52374;1165.2426;1.2161762;-0.03844686;0.0;0.15641749;0.15642494;0.0;1.2123734;1066.0244;3489.6367;-838.98334;5050.4478;-25.952223;-42.377777
1990-01-22;-8.8732195;-10.557143;-11.068418;741.0078;0.600364;91.371605;100.0;0.28782955;231.16014;1243.5303;13.075325;-0.0066617504;0.0;0.15643239;0.15643239;0.0;13.06019;379.17166;1389.8356;-69.63611;6214.762;-4.12;-40.265556
1990-01-23;-10.884318;-12.5737295;-10.0346;739.03534;0.7903215;162.32588;100.0;0.30081013;216.83592;1386.3932;8.788472;-0.0731498;0.0;0.15643239;0.15643239;0.0;8.755416;475.31168;1961.9233;-584.3972;5574.7554;-55.31222;-131.96222
1990-01-24;-13.824559;-18.33818;-13.461964;743.4131;1.2378156;20.37008;100.0;0.30411676;218.4121;1393.514;0.43206215;-0.074921176;0.0;0.15643239;0.15642494;0.0;0.41357055;834.9217;3443.3345;-1295.2988;4359.558;-54.42889;-98.047775
1990-01-25;-13.803683;-19.231443;-16.852066;749.71533;1.1413071;57.094723;100.0;0.30429587;222.41469;1369.0186;0.0047534704;-0.03800541;0.0;0.15641749;0.15642494;0.0;0.0047534704;945.56555;3799.571;-1353.7792;4035.1519;-25.802221;-58.375557
1990-01-26;-11.356083;-21.175968;-19.801546;751.6573;1.2132835;34.9797;100.0;0.3043089;225.53741;1350.3011;0.00043511385;-0.03349781;0.0;0.15641749;0.15641004;0.0;0.0;1046.1466;4096.14;-1463.0344;3694.6155;-22.076666;78.43445
1990-01-27;-9.917327;-20.685776;-19.090826;748.1058;1.0522794;44.511505;100.0;0.30446613;228.02635;1335.9781;0.65665245;-0.037414953;0.0;0.15640259;0.15639514;0.0;0.63636154;809.0039;3087.879;-431.65973;5116.3345;-25.817778;51.35889
1990-01-28;-8.439086;-12.721324;-14.41235;744.4217;0.9188679;33.71146;100.0;0.30596104;229.34047;1334.7168;1.5352784;-0.011090189;0.0;0.15638769;0.15638769;0.0;1.5310421;638.70447;2432.55;-215.86945;5818.155;-5.9722223;-19.316668
1990-01-29;-10.022213;-18.105654;-14.191133;747.90015;1.2763563;67.165855;100.0;0.30659488;232.74803;1317.9932;0.0009238719;-0.066647306;0.0;0.15637279;0.15637279;0.0;5.9604645e-05;1084.9734;4064.6167;-1646.5361;3967.915;-46.553333;-1.2011111
1990-01-30;-10.036759;-19.679585;-17.26536;748.9111;1.0698059;81.41359;100.0;0.30659688;236.0869;1299.3164;0.0;-0.056620687;0.0;0.15634298;0.15634298;0.0;0.0;1133.1189;4142.7466;-1382.52;4037.3455;-39.114445;31.77111
1990-01-31;-6.852945;-17.056377;-16.248384;748.61456;0.9076616;48.974426;100.0;0.3066008;239.0309;1283.8949;0.0039849244;-0.05246885;0.0;0.15632808;0.15632808;0.0;0.0026598573;966.9089;3451.9956;-841.82025;4888.676;-36.045555;36.762222
1990-02-01;-7.0690827;-15.601701;-15.475121;745.2867;1.0234975;36.16262;100.0;0.30680117;241.8714;1269.2465;1.627167;-0.052938238;0.0;0.15629828;0.15629828;0.0;1.6238205;1153.9734;4026.4722;-843.26556;4951.6567;-36.014446;23.012222
1990-02-02;-6.8155518;-9.326457;-11.244075;741.99634;1.0742247;43.975475;100.0;0.31154263;239.81248;1299.1537;4.578018;-0.02140738;0.0;0.15626848;0.15627593;0.0;4.573282;533.20166;1979.0355;-44.488888;6309.803;-14.335556;-26.915556
1990-02-03;-7.3456473;-9.244888;-8.93494;744.96674;0.7624964;120.89701;100.0;0.3142616;241.80792;1300.1302;2.3801267;-0.062534586;0.0;0.15625358;0.15624613;0.0;2.375655;847.2639;3194.9343;-522.3325;5884.5654;-44.826668;-113.77111
1990-02-04;-8.134822;-12.380718;-8.883065;747.1224;1.1291105;36.864857;100.0;0.31578457;245.16307;1289.0625;0.08248091;-0.122431666;0.0;0.15622377;0.15621632;0.0;0.079426914;1028.8561;3885.6628;-1471.9297;4654.8784;-89.2;-81.64
1990-02-05;-11.471157;-16.913048;-13.26584;743.45123;1.3696427;25.17257;100.0;0.31577727;249.4098;1266.9678;0.0024020672;-0.06939657;0.0;0.15616417;0.15617162;0.0;0.00067800283;1172.06;4322.079;-1668.8181;3969.6667;-48.315556;-56.63889
1990-02-06;-12.328907;-16.58881;-15.682721;744.84595;1.2462482;28.794146;100.0;0.31578764;252.43651;1251.6683;0.0048671025;-0.039605424;0.0;0.15613437;0.15614182;0.0;0.0026710331;1222.6823;4407.338;-1374.4473;4189.7935;-25.966667;-50.52111
1990-02-07;-11.53114;-16.524778;-15.409123;748.3489;1.251356;31.728088;100.0;0.31581149;255.11229;1239.0951;0.01090765;-0.0533564;0.0;0.15608966;0.15609711;0.0;0.009182841;1244.1194;4381.891;-1274.503;4398.5024;-36.238888;-61.414444
1990-02-08;-10.066966;-16.802752;-14.808988;748.6402;1.1424774;37.9417;100.0;0.3158386;257.73242;1226.4404;0.15718937;-0.08044019;0.0;0.15604496;0.15605241;0.0;0.15455857;1269.4517;4371.134;-967.4378;4872.783;-56.58889;-67.72444
1990-02-09;-8.625713;-13.840042;-13.040696;743.0674;0.9791541;72.56598;100.0;0.31603578;260.26465;1215.0879;0.054183602;-0.061955303;0.0;0.15600026;0.1560077;0.0;0.053752214;1267.8495;4285.988;-1218.7524;4728.319;-42.665554;-60.70111
1990-02-10;-9.035829;-13.022697;-12.567643;737.7781;0.9242525;127.64147;100.0;0.31606472;263.22427;1201.416;0.048208237;-0.06808806;0.0;0.15595555;0.15595555;0.0;0.042345375;1264.6794;4189.723;-1026.8036;5012.349;-47.247776;-96.23222
1990-02-11;-8.82198;-10.703099;-11.905374;743.55365;0.80030984;193.9325;100.0;0.31618023;266.06967;1189.1683;0.33461452;-0.051605515;0.0;0.15592575;0.15589595;0.0;0.33109263;1303.1888;4226.1978;-1083.6492;4970.831;-35.30722;-105.98111
1990-02-12;-7.650103;-9.791012;-10.20275;746.1723;0.67035955;242.95616;100.0;0.31690302;267.66666;1184.2448;1.9982839;-0.12147892;0.0;0.15586615;0.15585124;0.0;1.9931793;1213.9517;3905.0933;-710.7822;5608.7993;-89.99555;-139.52333
1990-02-13;-6.68838;-7.6885467;-7.856093;745.28864;0.7240252;212.51762;100.0;0.32496855;257.97397;1258.5043;10.258931;-0.061126426;0.0;0.15580654;0.15580654;0.0;10.2530155;642.80664;2381.3145;-203.90639;6373.2646;-45.034443;-128.52333
1990-02-14;-5.9292107;-6.68557;-6.1801515;741.5433;0.8858022;174.7708;100.0;0.33807394;247.01234;1366.9434;16.149256;-0.06526243;0.0;0.15576184;0.15576184;0.0;16.146145;395.50333;1630.6272;-46.758057;6652.3496;-49.22278;-130.62889
1990-02-15;-5.133606;-5.9936624;-5.026133;736.5407;0.81333476;171.72339;100.0;0.3543185;238.0475;1487.7523;11.198777;-0.0619255;0.0;0.15571713;0.15571713;0.0;11.193223;449.05222;1933.7955;-254.08055;6502.1816;-45.896667;-100.08111
1990-02-16;-4.0593567;-5.143046;-4.438456;742.3484;1.2713171;206.58397;100.0;0.35868225;243.23598;1475.7487;2.8221369;-0.11304673;0.0;0.15565753;0.15566498;0.0;2.8164685;783.89276;3317.4622;-480.83777;6332.7725;-83.22444;-143.83223
1990-02-17;-3.7953694;-4.3635764;-3.5448506;743.2434;1.2605106;203.14502;100.0;0.3671943;245.3408;1495.3613;14.622241;-0.11484511;0.0;0.15560538;0.15560538;0.0;14.39051;402.76;1695.9772;-55.53528;6881.8843;-87.68278;-163.52888
1990-02-18;-4.618113;-5.155786;-3.2353146;737.69403;1.0651444;164.06403;100.0;0.40196213;230.4951;1738.566;67.67705;-0.1376113;0.0;0.15555322;0.15556067;0.0;66.95474;246.79778;1050.9523;-30.204445;6856.239;-106.85167;-182.16112
1990-02-19;-7.3973694;-9.042926;-4.470375;736.54755;0.95615834;187.66821;100.0;0.46899185;211.36684;2218.8313;20.285738;-0.2636509;0.0;0.15549362;0.15550107;0.0;20.27677;810.67554;3530.33;-891.51056;5677.3394;-201.35889;-310.43777
1990-02-20;-9.287143;-11.724696;-8.767602;742.6064;0.8945487;80.568436;100.0;0.4723865;223.36359;2118.2861;0.14691891;-0.113093294;0.0;0.15544891;0.15542656;0.0;0.13973191;1039.8794;4416.7144;-1305.4711;4807.499;-81.94334;-171.91888
1990-02-21;-10.192234;-14.52138;-11.156479;743.69403;1.2384964;41.606853;100.0;0.47246897;232.32777;2036.1328;0.067040324;-0.109883025;0.0;0.1553595;0.1553595;0.0;0.06097555;1158.4761;4786.09;-1190.5022;4791.9717;-78.53445;-157.38222
1990-02-22;-10.388434;-15.679915;-13.133113;745.90405;1.623578;25.518518;100.0;0.47249827;239.19855;1977.1729;0.0024181104;-0.08463953;0.0;0.155285;0.15527755;0.0;0.001128763;1246.6194;5012.938;-1568.055;4166.832;-59.047222;-70.59333
1990-02-23;-7.8565583;-15.543689;-14.833207;742.5085;1.014108;101.58073;100.0;0.47250652;244.56898;1934.0006;0.0016176293;-0.076357275;0.0;0.1551956;0.15520304;0.0;0.0011920929;1361.9094;5331.259;-1461.445;4212.7827;-52.116665;-31.243334
1990-02-24;-10.103466;-15.884984;-15.320767;740.72314;0.98609304;78.21418;100.0;0.4725268;249.19496;1898.0713;0.029951334;-0.06764382;0.0;0.15512109;0.15512109;0.0;0.02764538;1357.4717;5185.7534;-1393.9556;4257.501;-46.18667;-83.153336
1990-02-25;-8.684524;-15.42224;-15.440178;744.7601;1.0743778;79.85778;100.0;0.47255933;253.42381;1866.4551;0.0008620647;-0.0682883;0.0;0.15504658;0.15503913;0.0;0.0;1426.5222;5313.9546;-1407.1211;4266.537;-46.197777;-45.502224
1990-02-26;-6.3688865;-13.699681;-14.850093;747.5613;1.0584598;69.07258;100.0;0.472579;257.51953;1836.8326;0.0;-0.06869063;0.0;0.15494227;0.15494972;0.0;0.0;1498.4211;5449.032;-1441.078;4329.098;-45.663334;-10.346666
1990-02-27;-5.234758;-12.537286;-14.214638;745.93365;0.8741444;183.07806;100.0;0.47259855;261.59927;1808.3903;0.017881393;-0.07864367;0.0;0.15486777;0.15486777;0.0;0.016912818;1557.5472;5532.26;-1441.5255;4382.3306;-53.482224;-22.723333
1990-02-28;-6.0431314;-7.468161;-11.27485;744.82855;1.0112008;226.68123;100.0;0.47442862;264.29654;1796.1832;4.638781;-0.017072074;0.0;0.15479326;0.15478581;0.0;4.6259985;893.2033;3155.035;-54.331112;6384.359;-9.943334;-101.263336
1990-03-01;-4.7140503;-6.5065613;-7.46477;745.4053;1.1318073;175.21649;100.0;0.48153135;264.3994;1821.7367;8.538857;-0.093854964;0.0;0.15470386;0.15470386;0.0;8.356444;1121.2433;4338.926;-679.23114;5908.6;-67.03667;-155.84889
1990-03-02;-4.190918;-6.544768;-6.2874756;746.60565;0.7172844;147.21278;100.0;0.49388266;260.54556;1896.4437;8.412156;-0.10668766;0.0;0.15461445;0.15461445;0.0;8.251041;880.9072;3707.6545;-884.3175;5664.5977;-77.51111;-138.23111
1990-03-03;-2.1865132;-8.606171;-7.9978333;750.85126;1.0394987;68.77503;100.0;0.4954865;266.52017;1861.4095;0.0015014693;-0.124107115;0.0;0.15451014;0.15451014;0.0;0.00063702464;1377.6289;5659.5522;-1474.0233;4815.968;-85.42778;-59.75889
1990-03-04;-1.175588;-6.2831726;-8.632298;748.075;0.9712079;250.82123;100.0;0.49555576;272.49838;1820.7194;0.5662739;-0.08567795;0.0;0.15440583;0.15439838;0.0;0.553403;1420.5803;5684.4907;-1053.6122;5333.8193;-57.13111;-60.836666
1990-03-05;-2.804301;-3.478471;-5.2227616;745.50995;1.0281347;202.13786;100.0;0.50379294;273.86523;1838.4196;21.981497;-0.026717782;0.0;0.15431643;0.15430897;0.0;20.364656;539.9;2184.4866;-38.39611;6881.537;-18.077778;-75.242226
1990-03-06;-3.1890564;-4.6331887;-2.8159535;745.43195;0.8054309;156.86153;100.0;0.5403336;258.4629;2088.7043;25.639038;-0.12891367;0.003606081;0.1578182;0.15422702;0.0;24.019093;545.5511;2392.2952;-366.34555;6589.0254;-97.30334;-129.08
1990-03-07;-3.051941;-4.3214135;-2.873394;746.009;0.55008906;155.8302;100.0;0.553522;263.29395;2103.9226;9.327662;-0.10135211;0.016108155;0.17023087;0.15413761;0.04080683;8.159716;603.7636;2573.448;-578.12;6281.981;-75.433334;-120.10222
1990-03-08;-3.3208542;-4.9855475;-3.288802;749.59674;0.92728996;180.57019;100.0;0.5576196;272.17578;2051.5544;0.7308245;-0.23793057;0.005751848;0.15980005;0.1540333;0.0470113;0.588201;1267.3597;5213.6494;-1027.6895;5778.918;-176.31223;-213.10667
1990-03-09;-3.3406715;-10.427021;-5.0697;755.1098;1.0014383;48.39018;100.0;0.5577974;280.97916;1987.793;0.0019717664;-0.22871979;0.0;0.1538992;0.15390664;0.0;0.0006854534;1525.8837;6011.3223;-1817.6611;4619.906;-165.59889;-153.60889
1990-03-10;-1.1157888;-13.577744;-7.744825;752.41113;0.8708913;148.00232;100.0;0.557766;287.56674;1941.7318;0.40723383;-0.21250546;0.0;0.15377998;0.15377253;0.0;0.36306307;1638.8083;6235.597;-1618.7894;4655.2915;-152.68222;-48.06333
1990-03-11;-2.6336467;-4.4399414;-6.209615;746.19165;0.64239043;153.74753;100.0;0.5610585;290.59277;1932.6986;3.5429;-0.07007085;0.0;0.15366077;0.15366077;0.0;3.2844207;900.6055;3479.3967;-302.2139;6479.7876;-49.63778;-128.71
1990-03-12;-2.6480815;-4.373427;-4.5161567;749.4113;0.8331452;86.565926;100.0;0.56188095;296.61002;1897.2168;0.33080208;-0.1522135;0.018760562;0.17231703;0.15354902;0.16222522;0.18921122;1273.3867;4767.599;-1036.76;5714.762;-110.24333;-161.68445
1990-03-13;-1.971171;-7.576548;-4.274363;748.77124;0.9725428;95.51715;100.0;0.5617685;303.1914;1856.1605;0.20866394;-0.26500598;0.024586916;0.17800927;0.15342236;0.21416694;0.13497844;1606.1163;5792.3135;-1071.5956;5732.3105;-193.77112;-203.92667
1990-03-14;-2.0431721;-4.7888694;-3.331112;747.0418;0.9196591;213.11584;100.0;0.5647983;307.05826;1842.1631;5.721039;-0.1760628;0.02759695;0.1809001;0.15330315;0.21502748;5.1172748;1056.2225;3844.67;-658.0978;6268.53;-130.52888;-138.77
1990-03-15;-3.8357518;-5.5905495;-3.23223;748.6074;0.89383906;246.21684;100.0;0.5675143;310.98438;1828.4098;1.2990168;-0.3479663;0.01886487;0.1720488;0.15317649;0.15068054;1.2020543;1474.5597;5434.879;-1051.57;5771.3755;-262.17667;-293.88556
1990-03-16;-9.515408;-13.717778;-5.1838937;748.88257;2.1517026;53.54897;100.0;0.5692662;313.9082;1816.3656;2.290711;-0.6582439;0.0;0.15304983;0.15304983;0.0;2.2844932;1007.28864;3696.46;-906.0367;5482.7144;-511.03888;-482.60223
1990-03-17;-12.903388;-18.088503;-9.424755;749.37823;2.599957;31.485174;100.0;0.5699242;316.09604;1806.0709;0.16289021;-0.4980359;0.0;0.15294552;0.15293807;0.0;0.15806407;1704.6289;6263.0757;-1865.2378;4040.9216;-382.47446;-346.42667
1990-03-18;-8.106845;-16.84726;-11.987088;748.1614;1.706906;18.98517;100.0;0.5697567;318.8278;1789.5914;0.0;-0.23848005;0.0;0.1527965;0.15280396;0.0;0.0;1849.1006;6622.3457;-1784.37;4118.629;-174.85889;-100.11278
1990-03-19;-5.4157767;-11.9104805;-11.154119;748.8692;1.6099535;22.646729;100.0;0.56969666;321.38638;1775.5127;0.014099479;-0.097010285;0.0;0.1526773;0.1526922;0.0;0.011362135;1766.4086;6183.87;-1538.9703;4599.9697;-71.95778;-91.632225
1990-03-20;-6.198944;-13.364976;-11.064363;751.6931;1.8202032;23.608118;100.0;0.5696085;323.97983;1760.6608;0.00028312206;-0.18394366;0.0;0.15258789;0.15258044;0.0;0.00027567148;1949.7605;6675.3794;-1811.735;4237.699;-140.10556;-138.60777
1990-03-21;-2.4110615;-12.45285;-10.442111;751.65985;1.1943547;39.512695;100.0;0.56953645;326.5127;1746.7448;0.0017106531;-0.08452218;0.0;0.15248358;0.15247613;0.0;0.0;2005.0333;6712.1133;-1731.5867;4483.3804;-61.14;-88.255554
1990-03-22;-1.8661804;-12.857015;-9.496223;749.72534;1.0522876;59.105076;100.0;0.5695051;329.1787;1732.7067;0.0;-0.11429191;0.0;0.15237927;0.15236437;0.0;0.0;2083.3623;6823.4814;-1805.81;4478.5273;-83.93;-104.05444
1990-03-23;-1.5693054;-8.978133;-7.9196143;748.4915;0.79091996;127.0053;100.0;0.56977344;331.77213;1719.6451;2.575788;-0.12544635;0.0;0.15226007;0.15226007;0.0;2.429202;2036.3817;6519.0415;-1175.0486;5415.8584;-93.01889;-171.16556
1990-03-24;-2.6386821;-4.5099893;-5.0070496;745.1028;0.8828469;104.1189;100.0;0.57521254;330.12662;1744.8324;7.2488384;-0.09239279;0.0192374;0.17139316;0.1521483;0.13112463;6.3658805;1322.56;4570.579;-774.41;6042.7847;-69.39111;-171.66556
1990-03-25;-1.9633179;-6.183126;-3.7078857;748.7666;1.1422013;41.715805;100.0;0.5809691;328.82617;1770.3043;1.5183419;-0.17514732;0.03223121;0.18428266;0.15203655;0.26113912;1.2465901;1548.5167;5776.862;-1305.5789;5479.6133;-132.59889;-209.79556
1990-03-26;-1.8781027;-8.26154;-4.4984436;749.41754;1.3064249;35.355556;100.0;0.58092487;333.49448;1746.3379;0.008291006;-0.15643704;0.01463294;0.16656518;0.15192479;0.11601485;0.00014901161;1901.6411;6811.624;-1754.5372;4848.771;-116.672226;-199.22556
1990-03-27;-1.7345377;-7.202932;-4.6162667;749.4024;1.0084904;50.464962;100.0;0.5808788;338.05338;1723.4701;0.44306517;-0.121720135;0.03170967;0.1835227;0.15181303;0.2312474;0.010762364;1872.8066;6466.789;-1487.1962;5206.37;-89.636665;-213.77667
1990-03-28;-1.8365275;-6.057139;-4.0452523;749.7178;0.973466;88.87805;100.0;0.58111316;342.5729;1702.1891;0.8691316;-0.11908263;0.062674284;0.214383;0.15170127;0.427939;0.092580914;1859.0656;6221.872;-1471.5236;5267.487;-87.87;-214.3511
1990-03-29;-1.8256735;-4.128357;-2.9008968;748.4077;0.945502;99.1094;100.0;0.583212;346.0078;1691.9352;5.96984;-0.110045075;0.18124282;0.33283234;0.15158951;0.77366644;2.8705075;1836.145;5995.7085;-1312.0372;5557.1787;-81.346664;-229.12889
1990-03-30;-1.4826864;-3.0515442;-1.471152;747.6621;0.9033362;111.538246;100.0;0.5884509;349.17285;1692.5863;6.507248;-0.109396875;0.26369095;0.41516125;0.1514852;0.85789895;1.6293973;1597.68;5217.628;-972.92694;6033.009;-81.94722;-233.35333
1990-03-31;-1.6681112;-3.691864;-0.372921;745.3684;0.88461345;173.85582;100.0;0.59259945;353.57748;1682.902;7.3803935;-0.41242504;0.29352307;0.44490397;0.15137345;1.2088176;5.1536636;1952.4573;5840.177;-1192.4791;5931.4585;-312.28555;-287.62555
1990-04-01;-2.6546528;-3.3029988;-0.43070984;737.6047;0.9707957;169.80931;100.0;0.61196697;339.0381;1807.902;39.92124;-0.23471656;0.081047416;0.2323389;0.15129149;0.042429194;37.718536;395.33554;1412.4312;-202.9761;6881.289;-182.39612;-216.00223
1990-04-02;-2.9435222;-4.293508;-0.48232523;739.30035;1.0822898;104.74276;100.0;0.6588981;306.87955;2148.6816;32.656273;-0.32594615;0.06477535;0.21602213;0.15123934;0.13946742;31.512444;776.3467;3210.301;-586.69165;6469.62;-250.0061;-263.64444
1990-04-03;-4.620178;-6.513662;-1.1757812;744.92334;0.97734493;132.66795;100.0;0.6803756;300.28677;2269.9788;11.508897;-0.3877077;0.0;0.15121698;0.15121698;0.0;11.275433;1048.2039;4153.8574;-955.82806;5893.9683;-296.8689;-314.44223
1990-04-04;-4.426046;-5.5850425;-1.861257;746.9885;0.9234769;195.28004;100.0;0.68676883;304.4603;2260.376;3.349024;-0.43117628;0.0;0.15123188;0.15121698;0.0;3.266804;1523.2073;5519.044;-910.6397;6045.7847;-328.08444;-478.30777
1990-04-05;-3.4540913;-5.436025;-2.1140125;745.4807;0.82605505;263.16287;100.0;0.68876535;311.37988;2216.1865;2.5384457;-0.45349634;0.0;0.15120208;0.15121698;0.0;2.4723039;1836.0228;6200.28;-1124.2692;5821.649;-343.09555;-380.2678
1990-04-06;-2.8329468;-4.7118225;-1.734136;744.165;0.8099833;155.5367;100.0;0.69051933;318.41177;2172.9736;1.5080869;-0.4479084;0.0061392784;0.15734136;0.15120953;0.03224425;1.0131896;1920.8295;6317.1533;-1077.4758;5940.6626;-337.8511;-386.30667
1990-04-07;-2.7631123;-4.9673715;-1.2069002;746.73315;0.84997505;88.00829;100.0;0.69239265;325.94077;2128.4587;3.1155496;-0.41040033;0.055626035;0.20682812;0.15120208;0.26409888;2.0723417;1983.2012;5937.864;-1374.5244;5593.4434;-308.86057;-305.10333
1990-04-08;-2.1211345;-3.7289937;-0.68625385;748.42804;0.88695663;134.77806;100.0;0.6950655;334.09048;2084.1064;3.7118406;-0.43326524;0.12272596;0.27392805;0.15120208;0.49171224;1.4333799;2189.3022;6181.021;-1061.6417;6081.2295;-326.40723;-374.51
1990-04-09;-1.205424;-3.047699;-0.21400578;744.9622;0.9658158;128.17142;100.0;0.6945338;342.17905;2033.2438;4.773751;-0.53906906;1.2748688;1.4260709;0.15120953;4.5189896;1.2010038;2497.7517;6635.825;-1016.4928;6230.899;-407.4;-395.5889
1990-04-10;-0.25629678;-2.6018982;-0.11390432;745.1265;0.95012075;89.834206;100.0;0.6880023;348.62045;1976.7252;3.0369492;-0.48607495;2.0746589;2.2774935;0.2028346;8.903396;0.13479218;2527.031;6442.9775;-1150.8864;6111.4624;-364.62054;-293.8211
1990-04-11;1.1153361;-1.6612753;-0.12263489;747.61523;1.2160935;156.9427;100.0;0.6786263;354.82812;1915.2426;6.971137;-0.50481033;2.5975108;2.7789922;0.18148124;10.382578;3.458092;2758.4744;6595.741;-973.0894;6361.7256;-377.03555;-259.24112
1990-04-12;-0.17768352;-0.35621133;0.004559835;745.99994;0.88505554;197.65501;100.0;0.6906028;345.75488;1997.111;39.211975;-0.09253807;5.292967;5.5501313;0.25716424;3.0439644;18.86417;415.33444;1557.2034;44.805557;7355.599;-69.97667;-127.66556
1990-04-13;0.22710164;-0.8424886;-0.0238355;745.9734;1.3736811;201.03801;100.0;0.69005245;347.12045;1990.5599;6.1160326;-0.32967144;3.5305023;3.7470162;0.21650642;7.384986;0.022616237;1773.4617;5848.577;-750.91864;6557.493;-244.14;-263.03778
1990-04-14;-0.07636515;-2.9724426;-0.077879585;745.76385;1.3107287;156.71088;100.0;0.68362904;352.9857;1939.0463;1.0170192;-0.63081735;1.6373843;1.7977357;0.16035885;6.7065434;0.06882846;2484.6873;7107.5596;-1117.9033;6165.0903;-474.07443;-298.12833
1990-04-15;-0.7902934;-2.5873718;-0.07192612;742.20386;0.9044192;153.44122;100.0;0.6800001;355.73502;1912.9232;9.069907;-0.5238168;3.0431895;3.277719;0.23454428;7.1545916;3.9948263;2322.0266;6469.0815;-1079.1783;6172.5054;-394.7378;-339.85333
1990-04-16;-0.87630206;-1.9075317;-0.090480804;743.4302;0.70918375;152.27098;100.0;0.6756134;358.69205;1884.847;7.2195888;-0.3625434;3.1342208;3.3255072;0.1912862;7.785283;3.6155024;2054.5266;5653.3184;-763.2008;6516.9277;-270.6911;-337.82556
1990-04-17;-0.573822;-3.6318054;-0.1471494;747.0363;1.0346013;245.69398;100.0;0.67147684;361.32358;1860.1481;0.3992695;-0.6442256;1.5791953;1.7570853;0.17790496;5.8815775;0.17653778;2307.4644;6432.6074;-1099.9747;6088.049;-487.22665;-286.83334
1990-04-18;-1.2704264;-2.4007568;-0.16506322;747.68463;1.1829599;226.33089;100.0;0.6668237;365.68066;1824.5443;8.504629;-0.47143456;3.48939;3.7359;0.24650246;6.695241;3.6780686;2280.2795;5899.6445;-876.9817;6355.4043;-355.9111;-393.21555
1990-04-19;0.18618774;-3.0727844;-0.16684596;749.108;1.0463164;187.12947;100.0;0.6622848;369.09506;1796.0205;0.6297678;-0.6570425;2.0985456;2.2951663;0.19662082;6.8710895;0.036980957;2634.6838;7051.1494;-1350.3214;5846.981;-495.19556;-275.84
1990-04-20;1.7940369;-3.496165;-0.20096588;750.0403;1.0239574;168.69313;100.0;0.6537701;375.14517;1744.2627;2.6799588;-0.4681833;3.3423603;3.5909562;0.24859607;9.737126;0.00032037497;3084.0044;7612.4795;-1464.8167;5743.339;-342.14444;-210.15222
1990-04-21;0.5796916;-0.37223306;-0.010344188;745.3394;1.2761039;215.20076;100.0;0.64424473;379.97754;1696.6146;8.893965;-0.29424113;6.9300084;8.207292;1.2772828;11.749432;0.41978434;1932.915;4493.5815;-487.30167;6905.1445;-220.08;-217.17111
1990-04-22;0.02645874;-3.3132122;-0.12275187;747.99225;0.9187197;120.31339;100.0;0.63215655;383.0918;1651.3672;4.001774;-0.47622156;6.0353203;7.095292;1.0599718;13.1860485;0.062398612;2819.8684;6400.8135;-1485.7772;5704.4155;-355.90054;-252.23778
1990-04-23;1.7901611;-5.0759583;-0.28997803;752.2656;1.0195249;93.50387;100.0;0.6202925;388.79037;1596.8424;5.9604645e-05;-0.471632;3.959626;4.263729;0.3041029;11.848186;0.0;3665.3594;8007.8936;-1933.5006;5221.16;-344.60333;-183.62445
1990-04-24;3.1200562;-3.4977417;-0.22688675;753.586;1.1153318;106.498146;100.0;0.6062947;395.111;1535.9701;0.00043511385;-0.39528218;5.821839;6.207347;0.38550794;15.254005;0.0;3772.5706;8002.495;-1770.963;5481.015;-283.93555;-144.75278
1990-04-25;4.255076;-0.6517537;-0.1563619;753.50006;1.0937027;103.70597;100.0;0.5890383;400.51596;1472.4121;0.023424625;-0.2908576;7.0437193;7.5860023;0.5422756;18.200058;0.0;3415.3079;7083.417;-1343.7386;6009.9766;-204.83223;-127.384445
1990-04-26;5.573191;-0.6297302;-0.117188774;752.788;1.0969865;218.38039;100.0;0.56901777;405.17807;1406.2094;0.015068054;-0.3292281;8.350417;9.342864;0.9924546;21.098528;0.0;3646.7;7432.775;-1253.03;6189.459;-232.52222;-114.295555
1990-04-27;6.4483643;0.37449136;-0.10876465;751.60345;1.1219739;258.55435;100.0;0.5469814;409.27637;1338.0533;0.1183033;-0.3505172;9.620831;11.3683195;1.7475039;22.324469;0.0;3604.621;7249.1655;-1260.7278;6179.19;-249.83444;-77.5
1990-04-28;4.695099;1.4939169;-0.07197825;746.9336;1.0040834;205.23174;100.0;0.5275462;412.9554;1278.6459;21.695955;-0.2185367;15.62585;17.94061;2.3147612;18.051113;2.4963691;2811.4543;5591.995;-583.0536;6870.97;-154.40334;-97.753334
1990-04-29;0.056935627;-0.30295816;0.00035349527;744.0566;0.84786457;221.37724;100.0;0.5220081;402.06348;1298.1771;25.685137;-0.14196616;11.671602;14.70381;3.0321927;8.542049;7.048741;1012.08386;2845.5906;-25.733889;7337.3755;-105.07889;-189.37111
1990-04-30;1.2166138;-2.51946;-0.10429128;748.1248;0.9917907;173.38966;100.0;0.5133521;401.14453;1281.0059;0.05968809;-0.48566702;4.1761847;5.86924;1.6930625;12.36267;0.01796335;2799.3867;7531.1436;-1419.34;5810.036;-357.2189;-278.71222
1990-05-01;1.9196676;-2.3518982;-0.17423122;746.5997;0.96707827;134.3567;100.0;0.50415796;406.20737;1242.5944;5.3995314;-0.34427458;4.220396;6.032683;1.8122866;7.596709;0.0;2173.166;5382.9087;-628.095;6661.064;-251.9311;-136.92444
1990-05-02;-0.61831665;-4.9876;-0.10303243;743.5852;1.7750316;219.1538;100.0;0.493304;409.61783;1205.892;2.2848933;-0.99649656;5.120888;7.505208;2.3843198;11.562738;0.009354204;3125.561;7286.033;-1534.2988;5631.566;-762.6433;-384.31555
1990-05-03;-0.95411175;-8.273692;-0.37333044;747.3637;1.0355071;246.00879;100.0;0.48650232;415.19272;1173.2992;0.0022565965;-1.0509472;1.1731088;3.2639503;2.090849;3.8330145;0.00010803342;3719.3245;8294.1045;-2174.8462;4821.1943;-801.0944;-361.88333
1990-05-04;0.82820636;-6.3936257;-0.32520294;747.70795;1.0337117;164.70897;100.0;0.47917345;423.16666;1134.3588;0.0;-0.76547545;2.8422327;5.097881;2.2556484;9.140145;0.0;3912.635;8430.48;-2192.7507;4872.7095;-575.07666;-237.42
1990-05-05;1.4744059;-5.676422;-0.26927948;746.59906;1.0806357;148.30272;100.0;0.46834385;430.8522;1089.3961;0.53053766;-0.73529685;3.8398578;6.1965437;2.3566782;11.358187;0.0;3843.9534;8068.71;-1842.3597;5317.2065;-550.8555;-200.19221
1990-05-06;-0.1281128;-6.031484;-0.23784001;746.5823;1.5233277;232.68352;100.0;0.45749202;437.3151;1048.1364;0.055918097;-1.201571;3.045395;5.4673853;2.42199;9.1095085;0.0;3848.047;7915.5356;-1935.8798;5153.273;-920.67444;-333.2789
1990-05-07;1.0484213;-5.7501526;-0.2822075;749.42065;0.8663377;109.83587;100.0;0.4466672;443.8037;1008.2601;0.0;-0.782514;4.1730776;6.7866592;2.6135817;11.389449;0.0;4172.581;8451.506;-1930.0361;5249.73;-588.18;-268.65668
1990-05-08;2.734609;-3.957082;-0.16529591;750.133;1.2457391;127.80819;100.0;0.43119776;448.8558;961.8327;0.21746388;-0.76690316;7.211268;10.917843;3.7065892;17.044209;0.0;4083.1316;8170.3857;-1891.96;5376.42;-575.76886;-184.23555
1990-05-09;3.9769084;-3.010254;-0.19625346;749.8902;1.1539799;101.0073;100.0;0.41277245;450.0;918.2536;0.0026464458;-0.5074395;7.622242;10.798007;3.1757429;19.176546;0.0;4104.3066;8135.809;-1740.7614;5601.2056;-369.65;-143.71
1990-05-10;5.00118;-0.63809204;-0.109353386;748.09814;1.0948446;151.70525;100.0;0.39404142;450.0;876.6683;3.077343;-0.31370297;8.641608;13.063788;4.42218;18.769447;0.0;3103.9443;6106.4023;-813.4647;6626.47;-224.73445;-81.93445
1990-05-11;3.2323914;2.1955364;-0.022745768;744.8543;1.0899307;131.096;100.0;0.37747642;450.0;839.6403;16.92732;0.009037554;14.618799;21.699295;7.0804954;15.956867;0.0;1664.0734;3250.0134;-296.6825;7122.109;14.527223;-50.39111
1990-05-12;1.9222006;0.35812378;-0.065966286;742.8111;1.0032431;183.20418;100.0;0.35854408;449.99838;797.64813;2.4879277;-0.299152;8.766442;16.066492;7.300034;20.543196;0.025831163;2982.3223;5815.507;-723.73444;6696.9146;-217.39667;-223.32666
1990-05-13;1.4606527;0.7524312;-0.093743645;743.47003;0.8912549;132.74477;100.0;0.34163216;450.0;759.8877;6.988078;-0.09774044;8.308381;17.125965;8.817569;14.8196;0.0034235418;2129.3455;4138.142;-547.55945;6813.8926;-67.043335;-156.2111
1990-05-14;2.3846233;0.572876;-0.101072945;748.5787;1.0745326;118.70724;100.0;0.32316852;450.0;718.9534;5.1158876;-0.28110576;10.734841;21.339148;10.604329;21.2766;0.0015236437;3131.0945;6067.6387;-784.9889;6630.7896;-202.05888;-223.02888
1990-05-15;3.5897827;-0.52089435;-0.13329823;752.3176;1.0768183;89.27344;100.0;0.30106676;450.0;670.00323;1.8240601;-0.3392324;10.289759;22.126123;11.836365;23.016848;0.00015646219;3484.3123;6735.3545;-1009.6506;6414.515;-242.59222;-171.96556
1990-05-16;6.242086;0.9141744;-0.13637288;752.3687;1.3737849;52.68686;99.500084;0.27545103;450.0;613.44403;0.012391806;-0.33883286;11.43749;23.710056;12.272567;27.44482;0.0;4099.5913;7907.0366;-1183.4377;6354.5225;-236.59222;-128.68666
1990-05-17;8.811931;0.04402669;-0.14109802;750.39307;1.8800958;140.4991;97.302734;0.24874918;450.0;554.1585;0.050991774;-0.49131924;11.202767;26.56582;15.363052;26.03326;0.0;4046.3562;7696.3877;-1230.62;6295.5415;-349.9511;32.711113
1990-05-18;8.424072;0.18394978;-0.17106883;752.01074;1.4291242;220.52596;95.37069;0.22274502;450.0;496.2565;0.08242726;-0.6251521;9.943694;27.34065;17.396986;25.618385;0.0;4201.3237;7894.874;-1408.6989;6087.5454;-450.45;-70.07222
1990-05-19;7.8226013;-0.07506307;-0.30379614;751.92535;1.1390791;250.84491;94.42074;0.19789203;450.0;440.7145;0.0008523463;-0.57495946;10.331928;26.054441;15.722498;24.688072;0.0;4452.984;8318.166;-1658.5167;5785.438;-407.04666;-152.79556
1990-05-20;8.12559;-2.1144207;-0.3863678;751.0229;1.2849599;168.83008;94.00619;0.17405216;450.0;387.61392;0.020974874;-0.6752582;9.670004;24.071932;14.401928;23.236845;0.0;4498.863;8378.71;-1749.0527;5715.206;-481.51666;-110.64555
1990-05-21;8.777944;-2.7075603;-0.36503983;750.74243;1.1387206;105.05288;93.843834;0.15101464;450.0;336.66992;0.04501939;-0.57921183;9.361744;22.719055;13.3573265;22.735708;0.0;3969.334;7380.0225;-1280.2567;6194.4243;-409.3089;-93.757774
1990-05-22;9.141582;-1.4732462;-0.34113693;751.17755;1.3205143;118.39951;93.778725;0.12592988;450.0;281.25;0.023978949;-0.6495006;10.702714;24.12194;13.419226;26.124903;0.0;4420.9565;8216.425;-1465.3417;6061.1978;-458.15778;-95.92889
1990-05-23;8.809357;-1.5009562;-0.33777747;752.11304;1.3845907;104.71253;93.753746;0.09973669;450.0;222.98177;0.05889237;-0.6680442;11.108547;23.922607;12.81406;25.840998;0.0;4311.347;8009.0;-1272.5623;6298.9043;-473.33667;-105.26667
1990-05-24;10.441467;0.39582315;-0.27976227;750.62213;1.1026598;92.35003;90.791504;0.07492868;450.0;167.68391;1.3539549;-0.5644979;10.366425;22.618443;12.252003;24.179209;0.0;3767.1646;6921.499;-991.5;6627.947;-394.16833;-64.71555
1990-05-25;7.7556663;4.3486123;-0.27370706;749.3369;1.1677903;97.63238;86.45166;0.050900977;450.0;114.13574;8.819837;-0.4608594;15.157536;30.593529;15.4359865;23.235544;0.0;3449.216;6221.8877;-777.24445;6831.746;-313.69666;-179.49889
1990-05-26;7.128713;3.598653;-0.55776596;751.3039;1.2858343;27.859701;66.13053;0.029992143;450.0;67.4235;3.7486434;-0.744639;8.64853;24.696768;16.048252;19.309084;0.0;3781.031;6317.6343;-1045.1045;6646.358;-512.6644;-300.27554
1990-05-27;9.565541;0.22277832;-0.7649854;753.33936;1.095663;63.694683;33.980225;0.014758031;450.0;33.487957;0.019693375;-2.1864474;4.4425726;18.002987;13.560414;12.771368;0.0;5754.2124;8269.135;-1923.6866;6113.653;-1521.2089;-422.83777
1990-05-28;10.081116;1.2766724;-0.35351562;753.1321;1.101633;90.62604;14.012126;0.006055832;450.0;13.671875;0.52957237;-2.793977;1.9712224;13.982937;12.0117;5.987991;0.0;5888.3735;7767.3066;-2014.8894;6314.9365;-1941.1711;-577.9689
1990-05-29;11.325226;2.2067668;-0.14081573;753.5117;0.99317366;78.234665;5.156006;0.002213041;450.0;4.8828125;0.9999573;-3.4746752;0.93236566;11.501998;10.569617;2.5734007;0.0;6144.4316;7812.1787;-2066.9602;6574.3076;-2413.7988;-623.0578
1990-05-30;12.439911;3.6899006;-0.036889393;753.8498;1.1051875;72.099205;1.6257324;0.0006949504;434.8558;1.7903646;0.41731596;-3.8365722;0.29182434;9.624243;9.332403;0.8804537;0.0;6300.8115;7890.1943;-2139.1245;6675.7427;-2665.1177;-669.20776
1990-05-31;13.718181;1.1207682;-0.014328003;753.5599;1.1708608;64.71435;0.4715983;0.00020122528;428.42056;0.44759116;0.0;-4.1779747;0.058859587;8.35976;8.300871;0.26042014;0.0;6505.4097;8100.66;-2293.1746;6560.205;-2902.3167;-669.2122
1990-06-01;14.931804;-0.4008077;0.010075887;752.5406;1.131569;100.01214;0.1340332;5.710125e-05;428.09375;-7.345365e-21;0.00086426735;-4.3312554;0.015631318;7.4601173;7.444486;0.07517263;0.0;6613.416;8215.71;-2409.9766;6487.519;-3008.7866;-617.9144
1990-06-02;16.06318;-2.4149475;0.009925842;751.38824;1.447453;135.18816;0.037679035;1.613299e-05;428.09375;-7.345365e-21;0.0008523463;-4.5351777;0.0041276217;6.7347584;6.7306085;0.021189451;0.0;6768.4907;8396.374;-2465.8665;6412.8745;-3150.4434;-614.7367
1990-06-03;13.640147;-0.0792745;0.0041135154;751.0251;1.7115579;186.52614;0.010579427;4.7286353e-06;428.09375;-7.345365e-21;0.08081496;-3.9995053;0.010997057;6.142631;6.131634;0.00571087;0.0;6330.62;7844.0757;-2330.5977;6448.4033;-2778.3254;-902.4789
1990-06-04;12.994517;-1.4039001;-0.18148549;753.66595;0.9865141;247.2522;0.0036621094;1.66893e-06;428.09375;-7.345365e-21;0.0;-4.127525;0.00029802322;5.6235495;5.623251;0.0017397106;0.0;7053.194;8730.015;-2968.3389;5721.2983;-2867.2556;-884.73334
1990-06-05;11.312856;-3.5413616;-0.23824184;752.6683;1.4690647;204.52827;0.0009765625;3.973643e-07;428.09375;-7.345365e-21;0.0;-3.9630792;7.4505806e-05;5.1866918;5.1866174;0.00051409006;0.0;6985.5146;8637.052;-2808.6345;5760.223;-2753.02;-1140.8011
1990-06-06;11.555664;-0.4037374;-0.3618965;752.1307;1.0868837;97.506294;0.0;-7.3453654e-25;413.78906;-7.345365e-21;0.00085234636;-3.8749688;0.00011920929;4.808098;4.8079786;0.00017881393;0.0;6873.4004;8489.482;-2587.2078;6182.4434;-2691.81;-1072.81
1990-06-07;13.566152;1.3385824;-1.2590841;752.9848;1.0625155;96.39947;0.0;-7.3453654e-25;234.17383;-7.345365e-21;0.0;-3.9071422;0.0;4.4763384;4.476346;4.8428774e-05;0.0;6625.718;8174.9478;-2422.9878;6577.971;-2714.1611;-906.5967
1990-06-08;13.976013;3.8527324;-0.6332957;753.26605;1.0997666;73.58602;0.0;-7.3453654e-25;106.68097;-7.345365e-21;1.1768727;-3.8683312;0.12901425;4.3127537;4.183769;1.4901161e-05;0.0;6557.469;8082.26;-2347.5732;6797.72;-2687.2012;-951.85333
1990-06-09;15.025818;3.2961628;0.009927114;751.9632;1.2869285;96.85578;0.0;-7.3453654e-25;99.99998;-7.345365e-21;0.011712313;-3.7835743;0.0008791685;3.9252043;3.924325;0.0;0.0;6194.625;7626.95;-2213.531;6959.0234;-2628.3232;-880.0289
1990-06-10;16.12449;1.548289;0.009923299;751.98615;1.2279514;126.49923;0.0;-7.3453654e-25;99.99998;-7.345365e-21;0.063169;-3.7898962;0.0054836273;3.697619;3.6921353;0.0;0.0;6527.931;8028.9966;-2433.4023;6817.27;-2632.7144;-952.59
1990-06-11;16.457468;-1.02241;0.009816487;751.8239;1.1817079;127.74972;0.0;-7.3453654e-25;99.99998;-7.345365e-21;0.0008583069;-3.7883427;7.4505806e-05;3.4827442;3.4826696;0.0;0.0;6810.355;8367.623;-2687.4727;6578.5454;-2631.6345;-1074.18
1990-06-12;15.628245;-4.222239;0.010014852;749.4653;1.2408516;168.4895;0.0;-7.3453654e-25;99.99998;-7.345365e-21;0.0008523463;-3.5775752;7.4505806e-05;3.2931118;3.2930374;0.0;0.0;7042.811;8644.231;-2974.4;6187.6357;-2485.2212;-1221.4366
1990-06-13;15.060588;-0.8062744;0.010073344;747.84595;1.1567055;147.17157;0.0;-7.3453654e-25;99.99998;-7.345365e-21;0.01180172;-3.1947148;0.000923872;3.1217039;3.1207874;0.0;0.0;6660.634;8166.6123;-2563.7942;6700.6387;-2219.2622;-1363.0289
1990-06-14;14.237976;-0.48693848;0.010286967;746.8623;1.4054986;143.23537;0.0;-7.3453654e-25;99.99998;-7.345365e-21;0.53526163;-2.561221;0.041037798;3.0056536;2.9646158;0.0;0.0;5810.1304;7116.3965;-2268.4482;6889.082;-1779.1945;-1460.8789
1990-06-15;11.921926;-1.3700867;0.010124207;745.4637;2.0473309;173.06047;0.0;-7.3453654e-25;99.99998;-7.345365e-21;0.54937094;-2.3870077;0.04081428;2.8634815;2.8226674;0.0;0.0;6006.151;7348.803;-2386.057;6532.222;-1658.1733;-1800.4878
1990-06-16;10.644165;-1.3730469;0.00972112;747.2515;1.7174631;208.06055;0.0;-7.3453654e-25;99.99998;-7.345365e-21;1.6220212;-2.4477727;0.133425;2.8256774;2.6922748;0.0;0.0;6696.5776;8192.599;-2641.6338;6216.93;-1700.3855;-2183.078
1990-06-17;9.141927;-2.0762227;0.009840648;749.02277;1.4887471;172.06013;0.0;-7.3453654e-25;99.99998;-7.345365e-21;2.7892828;-2.3653228;0.23239851;2.805084;2.572708;0.0;0.0;6193.2593;7575.779;-2404.3738;6290.7266;-1643.1111;-2027.7234
1990-06-18;10.193736;-0.30751547;0.00995636;748.6396;1.888841;163.97556;0.0;-7.3453654e-25;99.99998;-7.345365e-21;1.0277569;-2.0420403;0.07387996;2.5372207;2.4633482;0.0;0.0;4690.8896;5737.211;-2020.8811;6545.7046;-1418.5377;-1218.7711
1990-06-19;9.899516;-1.1749471;0.009937286;748.7243;1.4753646;190.09814;0.0;-7.3453654e-25;99.99998;-7.345365e-21;0.0008677314;-2.5742445;5.9604645e-05;2.3611188;2.3610368;0.0;0.0;6515.4;7967.8076;-2584.5706;6147.162;-1788.2422;-1924.1923
1990-06-20;10.054779;-1.5040894;0.0096537275;748.5341;1.0658363;130.75485;0.0;-7.3453654e-25;99.99998;-7.345365e-21;0.72121406;-2.4892726;0.050902367;2.3160279;2.265133;0.0;0.0;6675.708;8162.7676;-2698.716;6128.5894;-1729.2145;-1948.4756
1990-06-21;11.064219;-2.53184;0.010068257;749.59644;1.3285539;116.12839;0.0;-7.3453654e-25;99.99998;-7.345365e-21;0.006077512;-2.6539416;0.0004172325;2.1759272;2.17551;0.0;0.0;6783.3296;8293.249;-2795.4106;6137.11;-1843.6045;-1800.4623
1990-06-22;12.345754;0.042978924;0.009719849;751.2095;1.1211482;88.06109;0.0;-7.3453654e-25;99.99998;-7.345365e-21;0.009804964;-2.556352;0.0005662441;2.0917952;2.0912364;0.0;0.0;6656.7583;8137.391;-2721.1538;6449.8965;-1775.8134;-1664.45
1990-06-23;14.9435625;2.4294536;0.009756724;751.18634;1.2214148;48.330627;0.0;-7.3453654e-25;99.99998;-7.345365e-21;0.0107001895;-2.500832;0.00071525574;2.0127892;2.0120292;0.0;0.0;6846.9746;8368.97;-2855.419;6613.7515;-1737.2444;-1655.4478
1990-06-24;16.444693;1.5725708;0.0099436445;749.0817;1.3408507;93.29716;0.0;-7.3453654e-25;99.99998;-7.345365e-21;0.22979975;-2.3339987;0.015199184;1.9526482;1.937449;0.0;0.0;6930.0195;8469.357;-3002.5989;6640.5283;-1621.35;-1732.0878
1990-06-25;16.421041;2.839986;0.010234833;747.32916;1.1936114;91.91741;0.0;-7.3453654e-25;99.99998;-7.345365e-21;0.0066399574;-2.084475;0.0004172325;1.8677711;1.8673539;0.0;0.0;6536.499;7987.3545;-2791.3254;6883.3477;-1448.0144;-1778.7178
1990-06-26;16.44869;-0.77317303;0.009859721;745.429;1.8124365;163.83984;0.0;-7.3453654e-25;99.99998;-7.345365e-21;0.0008583069;-1.9576252;5.9604645e-05;1.8013418;1.8012896;0.0;0.0;6962.387;8506.72;-3094.453;6558.7715;-1359.8972;-2111.6467
1990-06-27;14.313252;-5.7637024;0.009994507;745.6841;1.5023293;209.41176;0.0;-7.3453654e-25;99.99998;-7.345365e-21;0.0012814989;-1.6950332;8.940697e-05;1.7390847;1.7390251;0.0;0.0;7089.3813;8660.764;-3285.3855;6084.5366;-1177.4833;-2433.1033
1990-06-28;14.222829;-6.334768;0.0100911455;748.17505;1.2759241;186.40556;0.0;-7.3453654e-25;99.99998;-7.345365e-21;0.0017166131;-1.6497896;0.00010430813;1.680404;1.6802996;0.0;0.0;7178.9307;8769.038;-3475.996;5882.2207;-1146.0533;-2234.3267
1990-06-29;14.505341;-4.112783;0.009886424;749.0866;1.3172315;99.65713;0.0;-7.3453654e-25;99.99998;-7.345365e-21;0.0;-1.6676476;0.0;1.6246289;1.6246289;0.0;0.0;7148.6733;8730.931;-3437.3628;6058.1787;-1158.4589;-2090.0144
1990-06-30;14.825287;2.0577698;0.009953816;749.6916;1.390989;79.192696;0.0;-7.3453654e-25;99.99998;-7.345365e-21;0.016003847;-1.5230887;0.00074505806;1.5726388;1.5718863;0.0;0.0;6755.176;8249.257;-3041.0806;6589.5435;-1058.039;-2183.2744
1990-07-01;14.53419;2.362569;0.010012309;747.57806;1.4185232;68.528076;0.0;-7.3453654e-25;99.99998;-7.345365e-21;0.96992415;-1.3824291;0.059336424;1.5817136;1.5223771;0.0;0.0;5516.4316;6735.7954;-2425.6895;7074.4067;-960.32776;-1759.2345
1990-07-02;13.960582;0.6021932;0.009970347;747.1751;1.2283506;105.22146;0.0;-7.3453654e-25;99.99998;-7.345365e-21;0.08139014;-1.6408777;0.003889203;1.4796555;1.4757588;0.0;0.0;6172.5645;7535.739;-2780.0835;6683.1685;-1139.8622;-2032.8633
1990-07-03;13.122975;3.6406758;0.009867351;748.45233;1.0041041;57.235733;0.0;-7.3453654e-25;99.99998;-7.345365e-21;1.2920082;-1.489168;0.076025724;1.5075803;1.4315397;0.0;0.0;5444.4277;6645.926;-2284.889;7132.041;-1034.4745;-1799.4578
1990-07-04;14.17392;3.5137737;0.010019938;748.1214;1.4788499;37.091274;0.0;-7.3453654e-25;99.99998;-7.345365e-21;0.35671592;-1.655586;0.021338463;1.410991;1.3896376;0.0;0.0;5880.2354;7177.269;-2458.2256;7059.8965;-1150.08;-1903.6133
1990-07-05;13.786652;2.5058186;0.0102882385;747.75854;1.8574457;41.53867;0.0;-7.3453654e-25;99.99998;-7.345365e-21;0.020925315;-1.6158167;0.0012814999;1.350537;1.3492554;0.0;0.0;6629.521;8090.676;-2864.8262;6621.122;-1122.4534;-2367.9434
1990-07-06;14.877696;0.8340759;0.009938558;748.6943;1.4473538;48.774837;0.0;-7.3453654e-25;99.99998;-7.345365e-21;0.0134586925;-1.5648687;0.00078976154;1.3112426;1.3104528;0.0;0.0;6845.295;8352.911;-3113.054;6517.7935;-1087.0623;-2202.331
1990-07-07;16.012094;2.604777;0.010266622;750.6806;1.0040408;97.47979;0.0;-7.3453654e-25;99.99998;-7.345365e-21;0.24305582;-1.4415532;0.014126301;1.2874603;1.2733191;0.0;0.0;6342.8457;7738.8022;-2898.33;6924.1143;-1001.39886;-1966.2367
1990-07-08;17.25644;1.3479208;0.010042827;752.6426;1.0697997;67.7604;0.0;-7.3453654e-25;99.99998;-7.345365e-21;0.02577567;-1.5452076;0.0015497208;1.2393296;1.2377948;0.0;0.0;6440.229;7856.6084;-2924.7568;7074.874;-1073.4044;-1920.4711
1990-07-09;18.297293;1.3237;0.0100034075;752.1895;1.3269807;78.90403;0.0;-7.3453654e-25;99.99998;-7.345365e-21;0.0073432922;-1.429325;0.00032782555;1.2040436;1.2037009;0.0;0.0;6528.515;7963.2476;-3054.831;6995.602;-992.9044;-1978.53
1990-07-10;18.907043;0.9387309;0.009498596;750.55664;1.4253525;113.81344;0.0;-7.3453654e-25;100.00259;-7.345365e-21;0.0004351138;-1.2034048;2.9802322e-05;1.1712909;1.1712685;0.0;0.0;5572.1826;6795.891;-2680.4155;7330.4478;-835.9644;-1637.0122
1990-07-11;18.799469;2.9445088;0.010056813;750.3631;1.3701688;94.40851;0.0;-7.3453654e-25;99.99998;-7.345365e-21;0.0021448932;-1.2561669;0.00011920929;1.1403561;1.1402295;0.0;0.0;6124.0527;7467.8154;-2821.0662;7324.285;-872.61664;-1944.4222
1990-07-12;18.178324;4.203949;0.009882609;749.95355;1.5133487;44.33179;0.0;-7.3453654e-25;99.99998;-7.345365e-21;0.001727366;-1.2459308;9.685755e-05;1.1103898;1.1103004;0.0;0.0;6496.5728;7921.3413;-2972.2888;7150.5044;-865.50665;-2251.2556
1990-07-13;19.566721;2.7917175;0.009913127;748.43555;1.085539;99.252754;0.0;-7.3453654e-25;100.00519;-7.345365e-21;0.0012914252;-1.1287276;7.4505806e-05;1.0817051;1.0816306;0.0;0.0;5623.1255;6855.312;-2533.371;7649.671;-784.08887;-1780.2378
1990-07-14;18.763926;4.072001;0.009857178;750.2967;1.4027792;138.71553;0.0;-7.3453654e-25;99.99998;-7.345365e-21;0.23774455;-0.9430554;0.012740493;1.0673702;1.0546446;0.0;0.0;4870.05;5936.5376;-2178.1958;7787.501;-655.1089;-1781.3855
1990-07-15;18.686218;3.2168884;0.009914398;753.4797;1.4735214;141.594;0.0;-7.3453654e-25;100.00519;-7.345365e-21;0.0008523463;-1.2232885;4.4703484e-05;1.0285825;1.0285228;0.0;0.0;6382.4946;7779.088;-2862.2734;7246.8955;-849.7778;-2351.5867
1990-07-16;19.611807;0.8784892;0.009920756;753.43066;1.3162291;108.23057;0.0;-7.3453654e-25;99.99998;-7.345365e-21;0.0029879075;-1.3129096;0.00016391277;1.0031164;1.0029674;0.0;0.0;6894.0977;8400.771;-3266.666;7016.7534;-912.0344;-2171.0044
1990-07-17;20.814789;6.551687;0.009944916;752.01764;1.5012842;90.720245;0.0;-7.3453654e-25;99.99998;-7.345365e-21;0.23957491;-1.1892011;0.012785196;0.99119544;0.97844005;0.0;0.0;5950.796;7249.713;-2654.3057;7770.229;-826.0989;-1932.8567
1990-07-18;20.520935;6.2136436;0.010014852;751.17633;1.3680595;91.752106;0.0;-7.3453654e-25;99.99998;-7.345365e-21;0.68023205;-1.3113357;0.036746264;0.9918511;0.9551048;0.0;0.0;5858.8765;7136.1187;-2728.8328;7565.0454;-910.9422;-1870.9567
1990-07-19;20.83027;5.4124756;0.010144551;751.64575;1.2722471;83.51678;0.0;-7.3453654e-25;99.99998;-7.345365e-21;0.0018656247;-1.3752123;8.940697e-05;0.9326935;0.9325892;0.0;0.0;5934.981;7227.1416;-2702.968;7690.5933;-955.31335;-1780.61
1990-07-20;21.055166;5.275299;0.010050456;751.7336;1.2850388;62.674923;0.0;-7.3453654e-25;99.99998;-7.345365e-21;0.0;-1.0863469;0.0;0.9108633;0.9108633;0.0;0.0;5375.3184;6544.292;-2565.7388;7833.7095;-754.64886;-1660.6833
1990-07-21;21.052307;2.7244465;0.009663899;750.7283;1.2347633;128.68227;0.0;-7.3453654e-25;99.99998;-7.345365e-21;0.0;-0.95906204;0.0;0.89007616;0.89007616;0.0;0.0;5129.5166;6243.6265;-2558.0889;7714.4487;-666.2289;-1585.8077
1990-07-22;20.567892;-0.18269856;0.0096918745;750.2878;1.44238;159.6159;0.0;-7.3453654e-25;99.99998;-7.345365e-21;0.0;-1.1234488;0.0;0.8698702;0.8698702;0.0;0.0;6725.9893;8184.8555;-3278.9478;7054.1157;-780.42224;-2361.3489
1990-07-23;19.121328;-3.041504;0.00999705;751.29535;1.2528929;229.36522;0.0;-7.3453654e-25;99.99998;-7.345365e-21;0.0012814989;-1.0606395;7.4505806e-05;0.85026026;0.8502081;0.0;0.0;6997.971;8514.048;-3567.794;6540.1655;-736.79114;-2428.2766
1990-07-24;19.420776;0.72803754;0.010005951;752.28925;1.2876408;124.28553;0.0;-7.3453654e-25;99.99998;-7.345365e-21;0.0;-1.0849628;0.0;0.83112717;0.83114207;0.0;0.0;6779.723;8246.657;-3289.7356;6997.8066;-753.6878;-2275.9333
1990-07-25;20.119781;1.7990723;0.010318756;751.8869;1.3263549;94.829445;0.0;-7.3453654e-25;100.00259;-7.345365e-21;0.0028163195;-1.0449914;0.00010430813;0.81281364;0.81270933;0.0;0.0;6511.1685;7918.174;-3216.8904;7128.17;-725.9211;-2182.4978
1990-07-26;20.146576;1.1901449;0.009668986;750.42596;1.3625606;177.2953;0.0;-7.3453654e-25;99.99998;-7.345365e-21;0.02117455;-0.9659529;0.0008046627;0.7957965;0.79497695;0.0;0.0;6166.083;7496.7993;-3084.938;7161.0;-671.01447;-2154.0823
1990-07-27;19.59028;-3.795105;0.010064443;749.07635;1.3999103;237.48651;0.0;-7.3453654e-25;99.99998;-7.345365e-21;0.0;-0.9804331;0.0;0.77793;0.77793;0.0;0.0;6877.981;8360.569;-3543.298;6592.291;-681.07446;-2398.3955
1990-07-28;18.82308;-2.962443;0.00982666;748.84344;1.1286602;146.73856;0.0;-7.3453654e-25;99.99998;-7.345365e-21;0.0012798373;-0.99245274;5.9604645e-05;0.76141953;0.761345;0.0;0.0;6926.0073;8417.074;-3594.5942;6521.201;-689.42334;-2333.0178
1990-07-29;18.223776;-1.0019836;0.009974162;748.0742;1.3486198;212.45796;0.0;-7.3453654e-25;99.99998;-7.345365e-21;0.0;-0.94814783;0.0;0.7452816;0.7452816;0.0;0.0;6821.2363;8287.864;-3427.3286;6650.3335;-658.64667;-2493.7822
1990-07-30;17.34443;-3.4421692;0.009507497;748.58716;1.4719182;122.35593;0.0;-7.3453654e-25;99.99998;-7.345365e-21;0.00011920929;-0.9137634;0.0;0.72976947;0.72975457;0.0;0.0;6912.951;8397.425;-3485.3528;6478.1226;-634.7611;-2492.76
1990-07-31;15.806376;4.8570657;0.010279338;750.437;1.582996;55.6106;0.0;-7.3453654e-25;99.99998;-7.345365e-21;0.07878671;-0.7600235;0.003695488;0.7185936;0.714913;0.0;0.0;5709.2056;6933.42;-2714.3777;7167.1255;-527.9633;-2348.4521
1990-08-01;16.282022;4.327484;0.009775798;751.12445;1.765267;42.203007;0.0;-7.3453654e-25;99.99998;-7.345365e-21;0.0010430813;-0.83243847;5.9604645e-05;0.700593;0.7005483;0.0;0.0;6291.3384;7639.146;-3043.8232;6851.6387;-578.26666;-2431.3157
1990-08-02;17.357199;2.680888;0.009975433;752.06964;1.3571192;72.043526;0.0;-7.3453654e-25;99.99998;-7.345365e-21;0.0;-0.87963414;0.0;0.6864965;0.6865114;0.0;0.0;6494.6885;7884.141;-3221.5334;6811.6763;-611.05225;-2328.0156
1990-08-03;18.555094;0.028066;0.009947459;752.76715;1.3733791;157.28279;0.0;-7.3453654e-25;99.99998;-7.345365e-21;0.00085478916;-0.8960366;4.4703484e-05;0.67287683;0.67283213;0.0;0.0;6652.5522;8073.907;-3298.7778;6809.449;-622.44666;-2437.5144
1990-08-04;18.527323;-3.4055989;0.010070801;753.2356;1.2355045;114.205864;0.0;-7.3453654e-25;99.99998;-7.345365e-21;0.0;-0.88407284;0.0;0.659585;0.6595701;0.0;0.0;6760.5137;8203.154;-3537.754;6506.283;-614.13666;-2383.0977
1990-08-05;18.34787;-4.101217;0.009868622;752.0639;1.1671191;105.236725;0.0;-7.3453654e-25;99.99998;-7.345365e-21;0.001284885;-0.8847844;7.4505806e-05;0.6467849;0.6467253;0.0;0.0;6809.9487;8261.277;-3679.8838;6331.0435;-614.63;-2252.1956
1990-08-06;17.432455;-4.989054;0.009766896;749.2508;1.4345185;190.03802;0.0;-7.3453654e-25;99.99998;-7.345365e-21;0.00086724997;-0.83403105;4.4703484e-05;0.63432753;0.6342828;0.0;0.0;6816.345;8267.174;-3659.3928;6241.8813;-579.37335;-2407.3254
1990-08-07;15.606984;-5.9004416;0.010022481;748.3714;1.2674037;172.24132;0.0;-7.3453654e-25;99.99998;-7.345365e-21;0.0008523463;-0.7771682;4.4703484e-05;0.6223023;0.6222576;0.0;0.0;6845.404;8300.631;-3685.9504;5997.558;-539.87335;-2490.449
1990-08-08;15.241608;-1.3915405;0.009963989;748.3415;1.288096;110.21052;0.0;-7.3453654e-25;99.99998;-7.345365e-21;0.0004351138;-0.77936983;2.9802322e-05;0.61059;0.6105751;0.0;0.0;6563.249;7956.5234;-3251.5117;6535.4033;-541.4022;-2521.189
1990-08-09;15.36443;0.07963053;0.010106404;748.81616;1.3243304;119.9685;0.0;-7.3453654e-25;99.99998;-7.345365e-21;0.026840659;-0.7325672;0.0011399388;0.6003827;0.5992502;0.0;0.0;6183.984;7495.0996;-3111.2573;6623.738;-508.89;-2430.1833
1990-08-10;15.37914;-2.81191;0.0097846985;750.3684;1.2143301;135.1165;0.0;-7.3453654e-25;99.99998;-7.345365e-21;0.0;-0.7817484;0.0;0.58823824;0.58823824;0.0;0.0;6624.1807;8026.9087;-3369.4946;6400.718;-543.05554;-2468.0688
1990-08-11;16.36679;-2.8340352;0.009666443;751.72723;1.2734499;154.40976;0.0;-7.3453654e-25;99.99998;-7.345365e-21;0.0;-0.77786577;0.0;0.5774945;0.5774945;0.0;0.0;6510.8203;7887.799;-3396.05;6439.164;-540.3578;-2349.2122
1990-08-12;17.206411;-4.430471;0.009820302;751.92413;1.2565144;117.63175;0.0;-7.3453654e-25;99.99998;-7.345365e-21;0.0017101702;-0.7959381;8.940697e-05;0.5671382;0.5670637;0.0;0.0;6636.991;8038.902;-3587.561;6304.4443;-552.91223;-2241.04
1990-08-13;18.329773;-5.1704917;0.009967804;750.8977;1.329477;114.16156;0.0;-7.3453654e-25;99.99998;-7.345365e-21;0.0008583069;-0.8133762;4.4703484e-05;0.5569458;0.5569011;0.0;0.0;6655.4126;8059.422;-3693.4543;6290.68;-565.0256;-2073.5679
1990-08-14;18.968872;0.3193461;0.009963989;749.7593;1.3371161;100.731514;0.0;-7.3453654e-25;99.99998;-7.345365e-21;0.0012874597;-0.7939264;7.4505806e-05;0.54708123;0.5470067;0.0;0.0;6513.416;7885.7354;-3430.8413;6650.851;-551.51447;-2152.7488
1990-08-15;18.338522;-2.6842346;0.010055542;750.10834;1.3060712;161.05554;0.0;-7.3453654e-25;99.99998;-7.345365e-21;0.00043511385;-0.7706592;2.9802322e-05;0.5373955;0.5373806;0.0;0.0;6534.536;7909.5405;-3513.9006;6483.8276;-535.35114;-2270.5579
1990-08-16;17.501587;-2.7408142;0.009994507;752.41406;1.265385;156.71075;0.0;-7.3453654e-25;99.99998;-7.345365e-21;0.00086146453;-0.7504132;5.9604645e-05;0.52806735;0.52802265;0.0;0.0;6491.6816;7856.738;-3434.754;6499.473;-521.2867;-2303.7244
1990-08-17;17.875296;-2.8922424;0.01018397;752.0771;1.2862071;111.582664;0.0;-7.3453654e-25;99.99998;-7.345365e-21;0.001714774;-0.766607;8.940697e-05;0.51897764;0.51890314;0.0;0.0;6512.937;7881.4976;-3528.1338;6474.689;-532.5367;-2147.3
1990-08-18;18.764242;0.3644816;0.01003774;750.10455;1.3370911;105.72201;0.0;-7.3453654e-25;99.99998;-7.345365e-21;0.0017046923;-0.74937195;8.940697e-05;0.51012635;0.51002204;0.0;0.0;6353.626;7687.802;-3342.228;6718.175;-520.56335;-2204.06
1990-08-19;17.476522;-3.732188;0.009890239;748.60455;1.449561;129.0681;0.0;-7.3453654e-25;99.99998;-7.345365e-21;0.003418064;-0.6962698;0.00017881393;0.5015731;0.5014241;0.0;0.0;6428.15;7777.03;-3475.3333;6389.4365;-483.67557;-2339.2578
1990-08-20;15.907471;-1.6780396;0.010098775;750.2176;1.2128059;105.26058;0.0;-7.3453654e-25;99.99998;-7.345365e-21;0.0;-0.69873405;0.0;0.49304962;0.49304962;0.0;0.0;6256.672;7568.5654;-3240.338;6587.7056;-485.3878;-2314.92
1990-08-21;16.237436;0.021982828;0.009744008;751.4527;1.2359543;96.059074;0.0;-7.3453654e-25;99.99998;-7.345365e-21;0.0008583069;-0.6996952;2.9802322e-05;0.4848838;0.48485398;0.0;0.0;6218.145;7521.102;-3204.6956;6689.505;-486.05554;-2277.609
1990-08-22;16.818634;1.3738403;0.010000865;751.2867;1.3295118;167.57526;0.0;-7.3453654e-25;99.99998;-7.345365e-21;0.003799796;-0.61077064;0.00013411045;0.47706068;0.47694147;0.0;0.0;5529.364;6687.1763;-2919.9956;6858.5938;-424.28223;-2076.4534
1990-08-23;15.679799;-4.4070334;0.010045369;751.73755;1.2987664;179.3954;0.0;-7.3453654e-25;99.99998;-7.345365e-21;0.0008583069;-0.64888597;2.9802322e-05;0.46929717;0.46925247;0.0;0.0;6291.615;7608.214;-3411.954;6241.987;-450.75888;-2353.8555
1990-08-24;15.749623;-4.158203;0.009686788;751.47876;1.0526937;159.08247;0.0;-7.3453654e-25;99.99998;-7.345365e-21;0.0;-0.6542467;0.0;0.46175718;0.46172738;0.0;0.0;6268.6123;7579.496;-3428.8345;6239.673;-454.4822;-2208.8333
1990-08-25;15.952037;-4.2180786;0.009950002;749.6005;1.1955775;116.08496;0.0;-7.3453654e-25;99.99998;-7.345365e-21;0.0;-0.6579086;0.0;0.454396;0.454396;0.0;0.0;6231.578;7533.8066;-3445.9578;6262.811;-457.02777;-2136.1729
1990-08-26;15.724874;0.43369547;0.010222117;749.38324;1.2966686;103.35273;0.0;-7.3453654e-25;99.99998;-7.345365e-21;0.0;-0.61399305;0.0;0.44725835;0.44725835;0.0;0.0;5776.234;6982.1377;-2965.537;6744.202;-426.52222;-2203.61
1990-08-27;14.296173;2.2029724;0.0098775225;750.178;1.1696224;101.197;0.0;-7.3453654e-25;99.99998;-7.345365e-21;0.23324788;-0.6022109;0.010937452;0.45128167;0.4403442;0.0;0.0;5320.4717;6430.6084;-2714.0894;6839.669;-418.33554;-2083.2356
1990-08-28;15.059723;3.1740315;0.009923299;752.47284;0.9053645;76.041374;0.0;-7.3453654e-25;99.99998;-7.345365e-21;0.3679953;-0.67900306;0.017806888;0.45147538;0.4336536;0.0;0.0;5045.815;6098.0356;-2540.3728;7155.3823;-471.68112;-1799.9978
1990-08-29;15.46347;4.27064;0.009894053;753.30695;1.0670717;72.87503;0.0;-7.3453654e-25;99.99998;-7.345365e-21;1.2918949;-0.9415895;0.06659329;0.49373507;0.42711198;0.0;0.0;5331.4194;6442.5293;-2637.3364;7073.878;-654.0911;-1879.5566
1990-08-30;16.005432;3.506724;0.010046641;751.13007;1.1612104;96.01471;0.0;-7.3453654e-25;99.99998;-7.345365e-21;0.0004351138;-1.0961927;1.4901161e-05;0.4207641;0.4207343;0.0;0.0;5141.755;6212.442;-2630.6047;6995.8237;-761.4889;-1637.6244
1990-08-31;15.67807;-1.3073221;0.009878795;749.57495;1.3725742;176.42686;0.0;-7.3453654e-25;99.99998;-7.345365e-21;0.0008553266;-0.8928347;4.4703484e-05;0.4145056;0.4144758;0.0;0.0;5890.811;7116.646;-3106.2925;6468.8975;-620.2222;-2112.2056
1990-09-01;14.589763;-3.599406;0.009671529;750.3215;1.3439766;206.13281;0.0;-7.3453654e-25;99.99998;-7.345365e-21;0.0;-0.68856406;0.0;0.40835142;0.40834397;0.0;0.0;5881.8887;7105.088;-3102.607;6322.0977;-478.32224;-2238.2012
1990-09-02;14.136739;0.37661743;0.00987498;751.8055;1.1438595;100.632225;0.0;-7.3453654e-25;99.99998;-7.345365e-21;0.00044107434;-0.6158985;1.4901161e-05;0.40239096;0.40237606;0.0;0.0;5384.3477;6503.1494;-2832.1914;6680.18;-427.84445;-1969.0411
1990-09-03;14.405934;-1.5105463;0.009768168;750.23395;1.2083524;181.31001;0.0;-7.3453654e-25;99.99998;-7.345365e-21;0.0025883745;-0.60266817;0.00011920929;0.3966689;0.3965348;0.0;0.0;5724.331;6912.984;-3110.0564;6389.106;-418.65332;-2108.6912
1990-09-04;14.610077;-6.412435;0.009975433;749.42926;1.1823539;184.0086;0.0;-7.3453654e-25;99.99998;-7.345365e-21;0.0008583069;-0.5869642;2.9802322e-05;0.39084256;0.3908053;0.0;0.0;5866.7017;7084.17;-3413.9348;5984.1245;-407.74445;-2010.8088
1990-09-05;14.2500305;-6.1713867;0.009977977;749.5961;1.1834056;238.72656;0.0;-7.3453654e-25;99.99998;-7.345365e-21;0.0017195934;-0.5466612;8.195639e-05;0.38532913;0.38524717;0.0;0.0;5800.3203;7003.197;-3291.94;6004.9805;-379.74667;-2050.1821
1990-09-06;13.870402;-4.027405;0.009991963;750.6074;1.1579236;151.60521;0.0;-7.3453654e-25;99.99998;-7.345365e-21;0.0;-0.54305047;0.0;0.3798008;0.37980825;0.0;0.0;5725.164;6911.582;-3229.2505;6104.8936;-377.2389;-2038.7866
1990-09-07;13.80663;-3.7317505;0.009868622;752.07983;1.1821522;173.19543;0.0;-7.3453654e-25;99.99998;-7.345365e-21;0.0004351138;-0.53592026;2.9802322e-05;0.37449598;0.37448853;0.0;0.0;5718.769;6903.0635;-3314.6394;5984.654;-372.28555;-1969.4445
1990-09-08;13.917287;-7.36498;0.009923299;753.9209;1.2406255;127.72512;0.0;-7.3453654e-25;99.99998;-7.345365e-21;0.0004351138;-0.53945;1.4901161e-05;0.36932528;0.36929548;0.0;0.0;5725.9795;6910.9453;-3372.4517;5912.8745;-374.7389;-1863.3955
1990-09-09;14.279877;-6.670339;0.0099652605;752.0057;1.219021;104.31858;0.0;-7.3453654e-25;99.99998;-7.345365e-21;0.0012934206;-0.54775363;5.9604645e-05;0.3642589;0.36419928;0.0;0.0;5609.3604;6769.3574;-3298.6233;6064.735;-380.50555;-1812.2633
1990-09-10;13.714915;-6.025238;0.009858449;750.0376;1.2359331;177.26208;0.0;-7.3453654e-25;99.99998;-7.345365e-21;0.00044107434;-0.52317977;1.4901161e-05;0.3592372;0.3592223;0.0;0.0;5571.3813;6722.681;-3175.4524;6136.094;-363.43555;-1905.6411
1990-09-11;13.635162;-4.8874;0.010304769;751.12604;1.3138713;181.29604;0.0;-7.3453654e-25;99.99998;-7.345365e-21;0.00086177455;-0.49672183;4.4703484e-05;0.35440922;0.35437942;0.0;0.0;5462.105;6590.0806;-3090.559;6172.441;-345.05667;-1977.4133
1990-09-12;14.003947;-1.3445944;0.009887695;751.3283;1.430703;161.75702;0.0;-7.3453654e-25;99.99998;-7.345365e-21;0.0;-0.4715575;0.0;0.34964085;0.3496334;0.0;0.0;5101.5605;6154.386;-2745.3328;6554.0635;-327.57443;-1864.586
1990-09-13;14.026204;-1.7561035;0.009714763;750.7979;1.4549103;225.19556;0.0;-7.3453654e-25;99.99998;-7.345365e-21;0.00043511385;-0.4677493;1.4901161e-05;0.3450513;0.3450364;0.0;0.0;5358.7373;6463.832;-3012.68;6229.426;-324.93;-2022.8114
1990-09-14;12.322337;-0.41145834;0.009424846;751.21954;1.2540838;255.39238;0.0;-7.3453654e-25;99.99998;-7.345365e-21;0.00043511385;-0.43477678;1.4901161e-05;0.34055114;0.34052134;0.0;0.0;5268.694;6354.4746;-2923.28;6143.545;-302.02554;-2058.57
1990-09-15;13.496033;-1.8585001;0.00983429;752.30756;1.0756677;232.20361;0.0;-7.3453654e-25;99.99998;-7.345365e-21;0.0017214197;-0.47587603;8.940697e-05;0.3362;0.3361106;0.0;0.0;5372.675;6479.0903;-3237.9814;5902.78;-330.57556;-1758.71
1990-09-16;13.454051;-6.964254;0.009806315;753.5088;1.1423583;156.66843;0.0;-7.3453654e-25;99.99998;-7.345365e-21;0.0017106531;-0.47893262;8.940697e-05;0.33184886;0.33177435;0.0;0.0;5405.4463;6512.8784;-3378.943;5689.606;-332.69888;-1675.9033
1990-09-17;13.284017;-11.034932;0.009780884;751.9265;1.1926781;176.79024;0.0;-7.3453654e-25;99.99998;-7.345365e-21;0.0012901418;-0.47586858;5.9604645e-05;0.32760203;0.32752752;0.0;0.0;5415.214;6518.9565;-3463.8186;5553.438;-330.5711;-1620.4255
1990-09-18;12.821625;-9.838745;0.0099817915;750.01733;1.1751044;200.33623;0.0;-7.3453654e-25;99.99998;-7.345365e-21;0.0016919094;-0.46513975;8.940697e-05;0.3234744;0.32339245;0.0;0.0;5325.447;6405.3345;-3314.6223;5689.6943;-323.11667;-1626.4734
1990-09-19;12.072469;-7.3641562;0.009867351;749.36176;1.1477158;179.42522;0.0;-7.3453654e-25;99.99998;-7.345365e-21;0.0004351138;-0.4501529;1.4901161e-05;0.31933188;0.31932443;0.0;0.0;5253.4717;6313.234;-3219.9907;5745.21;-312.70667;-1715.2444
1990-09-20;12.049703;-7.426371;0.009808858;749.87646;1.3654194;252.25146;0.0;-7.3453654e-25;99.99998;-7.345365e-21;0.00085649476;-0.43328106;2.9802322e-05;0.31539798;0.31535327;0.0;0.0;5225.362;6274.0234;-3211.5432;5706.7773;-300.98666;-1697.4155
1990-09-21;11.948273;-5.4079285;0.010177612;752.11993;1.1148438;180.15822;0.0;-7.3453654e-25;99.99998;-7.345365e-21;0.0012940018;-0.4421454;5.9604645e-05;0.31150877;0.31145662;0.0;0.0;5171.906;6204.4355;-3165.08;5793.3726;-307.1439;-1638.8726
1990-09-22;12.032939;-6.2041526;0.010012309;753.9678;1.2577696;150.20686;0.0;-7.3453654e-25;99.99998;-7.345365e-21;0.0012785048;-0.4499387;5.9604645e-05;0.30769408;0.30763447;0.0;0.0;5132.408;6151.702;-3129.9038;5880.9966;-312.55777;-1589.1509
1990-09-23;12.131694;-6.86144;0.010014852;755.30444;1.1197734;70.90165;0.0;-7.3453654e-25;99.99998;-7.345365e-21;0.0;-0.46610087;0.0;0.30386448;0.30386448;0.0;0.0;5093.5054;6099.7583;-3109.8335;5987.4097;-323.78445;-1504.6978
1990-09-24;13.259664;-5.2523293;0.010077159;754.33527;1.18005;71.6083;0.0;-7.3453654e-25;99.99998;-7.345365e-21;0.00043511385;-0.46387875;1.4901161e-05;0.3001839;0.300169;0.0;0.0;4993.944;5975.3438;-3016.7922;6166.3154;-322.24112;-1505.8445
1990-09-25;13.506744;-5.7327576;0.010017395;753.4454;1.2002493;167.26433;0.0;-7.3453654e-25;99.99998;-7.345365e-21;0.0004351138;-0.44719875;1.4901161e-05;0.2965629;0.2965331;0.0;0.0;4992.2246;5968.1045;-3089.284;6018.3813;-310.65332;-1569.4523
1990-09-26;12.427297;-7.095703;0.009859721;753.8663;1.1173822;164.67595;0.0;-7.3453654e-25;99.99998;-7.345365e-21;0.00087022776;-0.427464;2.9802322e-05;0.29304624;0.29299408;0.0;0.0;4990.9644;5961.4634;-3073.164;5914.3047;-296.94556;-1569.9545
1990-09-27;12.474843;-5.5118003;0.009835561;754.8287;1.1364402;128.54161;0.0;-7.3453654e-25;99.99998;-7.345365e-21;0.0004351138;-0.43418723;1.4901161e-05;0.28954446;0.28952956;0.0;0.0;4898.2695;5845.6655;-2976.0662;6081.8813;-301.615;-1523.5386
1990-09-28;12.592529;-4.9417825;0.01007843;753.9053;1.1213076;173.46361;0.0;-7.3453654e-25;99.99998;-7.345365e-21;0.0017043122;-0.4222216;8.940697e-05;0.2862066;0.28612465;0.0;0.0;4898.6865;5841.1304;-2995.984;6041.5366;-293.3039;-1527.1533
1990-09-29;12.117615;-6.8759665;0.010031383;752.50836;1.17814;145.44362;0.0;-7.3453654e-25;99.99998;-7.345365e-21;0.0;-0.41073188;0.0;0.28279424;0.28279424;0.0;0.0;4849.1177;5777.024;-2960.3887;5998.326;-285.3211;-1585.4722
1990-09-30;9.593445;-2.9845073;0.010093689;749.8013;1.4120568;168.06425;0.0;-7.3453654e-25;99.99998;-7.345365e-21;4.0931582;-0.51758534;0.23838878;0.51796436;0.2795756;0.0;0.0;4455.949;5304.082;-2320.541;6473.757;-359.54944;-1809.65
1990-10-01;7.0032754;0.2139384;0.010163625;749.8179;0.9248182;149.46399;0.0;-7.3453654e-25;99.99998;-7.345365e-21;0.07786155;-1.0260512;0.0034421682;0.27996302;0.27652085;0.0;0.0;3520.0437;4186.281;-1851.3611;6585.3804;-712.76276;-1257.3661
1990-10-02;9.061401;0.7174072;0.010209401;751.5903;0.99155736;112.48965;0.0;-7.3453654e-25;99.99998;-7.345365e-21;0.0008523463;-0.96069646;4.4703484e-05;0.27354062;0.27348846;0.0;0.0;4567.457;5427.461;-2557.3127;6044.0356;-667.36334;-1411.8567
1990-10-03;9.001262;-2.0494587;0.009951274;751.44635;1.0363866;185.724;0.0;-7.3453654e-25;99.99998;-7.345365e-21;0.0008583069;-0.87502784;4.4703484e-05;0.27051568;0.27047098;0.0;0.0;4590.483;5450.102;-2640.5046;5916.628;-607.85223;-1429.7811
1990-10-04;8.583516;-2.2155354;0.010294597;752.41144;1.0835334;168.58076;0.0;-7.3453654e-25;99.99998;-7.345365e-21;0.5030513;-0.77302194;0.024616718;0.29215217;0.26752055;0.0;0.0;4409.837;5231.073;-2528.8818;5972.0005;-536.99225;-1420.7922
1990-10-05;8.111836;-0.86879474;0.009922028;755.2415;0.9554823;110.51992;0.0;-7.3453654e-25;99.99998;-7.345365e-21;0.2845391;-0.6812178;0.012487173;0.2771616;0.26467443;0.0;0.0;3713.8628;4401.702;-2137.0793;6341.725;-473.2189;-1187.0155
1990-10-06;8.89973;-1.7607422;0.009852092;755.9555;1.1112355;166.59138;0.0;-7.3453654e-25;99.99998;-7.345365e-21;0.0008523463;-0.71999615;2.9802322e-05;0.261873;0.26185066;0.0;0.0;4449.616;5269.152;-2573.8496;5992.11;-500.15778;-1393.4111
1990-10-07;8.876515;-3.324768;0.009927114;755.18286;1.1758577;129.64581;0.0;-7.3453654e-25;99.99998;-7.345365e-21;0.091585755;-0.62854403;0.0043064356;0.26334822;0.2590418;0.0;0.0;4249.711;5028.183;-2562.056;6003.5547;-436.62888;-1258.0155
1990-10-08;9.117991;-3.457011;0.010225932;756.2143;1.0636883;70.074196;0.0;-7.3453654e-25;99.99998;-7.345365e-21;0.0017202374;-0.58039653;8.195639e-05;0.25635958;0.25627762;0.0;0.0;4269.586;5047.34;-2542.6917;6079.8955;-403.18222;-1292.0533
1990-10-09;9.578389;-4.9613953;0.010177612;754.9981;1.0353088;86.04929;0.0;-7.3453654e-25;99.99998;-7.345365e-21;0.0017429984;-0.54373217;8.940697e-05;0.25361776;0.25354326;0.0;0.0;4436.2095;5239.8833;-2741.5034;5930.1235;-377.71335;-1264.1644
1990-10-10;9.55367;-5.8694253;0.010150909;753.24274;1.0324049;88.74526;0.0;-7.3453654e-25;99.99998;-7.345365e-21;0.0019434202;-0.46747923;8.940697e-05;0.25093555;0.25086105;0.0;0.0;4288.328;5060.855;-2636.7522;6000.8657;-324.74222;-1334.6333
1990-10-11;9.365601;-7.91332;0.010096232;753.7425;1.0340276;150.28206;0.0;-7.3453654e-25;99.99998;-7.345365e-21;0.0034418819;-0.41688606;0.00016391277;0.24838746;0.248231;0.0;0.0;4420.2056;5212.0195;-2854.0923;5661.2266;-289.59668;-1370.1755
1990-10-12;8.641866;-6.9388328;0.009684245;753.7021;1.0411425;110.9905;0.0;-7.3453654e-25;99.99998;-7.345365e-21;0.033724308;-0.36026537;0.0016540289;0.24731457;0.245668;0.0;0.0;4003.8171;4717.1196;-2424.9333;6063.635;-250.26445;-1335.2167
1990-10-13;6.6818542;-4.4957275;0.009848277;751.0176;1.2574823;126.92902;0.0;-7.3453654e-25;99.99998;-7.345365e-21;0.30252635;-0.40981826;0.013805926;0.25698543;0.24317205;0.0;0.0;3790.3184;4461.761;-2322.9973;6029.4487;-284.68777;-1317.7644
1990-10-14;4.1250405;-1.9171448;-0.5522143;749.43427;1.4708105;88.534386;0.9338379;0.00021322568;106.272766;1.3020834;9.981757;-0.7758066;0.46558678;0.70640445;0.24080276;1.1175871e-05;2.0582135;3043.1338;3579.071;-1622.6466;6459.6255;-538.8578;-1128.2966
1990-10-15;2.6440837;-2.5812252;-4.9346147;756.52704;1.4953924;41.138103;25.514322;0.0037715037;146.25584;25.756836;2.4574296;-0.89268106;0.10444224;0.34296513;0.23853779;1.253156;1.9994527;2813.925;4154.5327;-1774.0712;5751.47;-620.87946;-801.37335
1990-10-16;4.3161216;-4.6210365;-6.6806946;756.685;1.1351364;68.27191;19.116537;0.0028400023;150.91078;18.798828;0.00085734273;-1.0181963;0.072561204;0.30883402;0.23625791;1.0632594;0.0;3709.1477;5033.2896;-2364.5027;5275.3276;-707.81775;-760.4911
1990-10-17;5.004354;-4.6127625;-6.3197074;754.69574;1.0886937;62.269978;12.571452;0.0018608967;151.0807;12.125651;0.0;-1.1150111;0.062868;0.29683113;0.23397803;0.9166226;0.0;3858.7822;4956.0874;-2370.5195;5425.7476;-774.99664;-711.3
1990-10-18;5.2823486;-4.222351;-6.4228196;756.9925;1.2274338;46.159374;7.5558267;0.0011156002;151.19464;7.446289;0.0012904402;-1.1474202;0.04377961;0.27550757;0.23172796;0.63638204;0.0;3984.5818;4922.737;-2482.2012;5366.0864;-797.30664;-743.5856
1990-10-19;7.4171042;-5.646942;-3.7059238;756.5969;0.97597283;147.64743;4.099121;0.0006021261;151.26007;4.0283203;0.22421882;-1.1360906;0.040322542;0.26983023;0.22950768;0.43410063;0.0;3562.98;4295.1934;-1922.2417;6166.8677;-789.4722;-674.13
1990-10-20;6.6916404;-1.2638855;-1.3519922;754.4387;0.98204565;200.1992;2.0498047;0.00030064583;151.30109;1.8717448;0.95656514;-1.1192384;0.06328523;0.29063225;0.22735447;0.23927726;0.0;3464.855;4116.936;-1747.8273;6452.677;-777.55;-906.3922
1990-10-21;6.582438;0.89038086;-2.6075668;754.72504;0.84845454;188.31526;0.9569499;0.00013963382;151.32323;1.2207031;0.93078315;-1.2158304;0.055119395;0.28039515;0.2252683;0.12817048;0.0;3352.2722;3953.6055;-1822.6078;6325.4307;-844.57947;-890.30664
1990-10-22;6.962748;-0.7444051;-4.0896096;754.916;0.97364736;207.54878;0.39860025;5.8015186e-05;151.33234;0.32552084;0.13208985;-1.0681376;0.010296702;0.2334714;0.2232045;0.055160373;0.0;3483.265;4093.4912;-2015.0527;6081.829;-741.9978;-800.5589
1990-10-23;5.892334;1.6992391;-1.8818932;753.0358;0.98071307;249.15295;0.16967773;2.4875006e-05;151.33592;-7.345365e-21;3.4247696;-0.82680213;0.20244718;0.4236549;0.22119284;0.02114661;0.0;2774.666;3255.66;-1463.34;6573.1465;-574.35;-785.42554
1990-10-24;5.1638184;3.0900676;-0.7243411;751.1175;0.93288094;217.89728;0.0797526;1.2040138e-05;151.33592;-7.345365e-21;10.47908;-1.0726703;0.7274747;0.9467602;0.21928549;0.0097882;0.0;2421.7583;2839.2334;-1094.5527;6906.686;-745.1445;-668.0956
1990-10-25;3.280833;2.5725605;-0.31939825;748.42426;1.1020522;218.74792;0.037923176;5.841255e-06;151.33592;-7.345365e-21;12.596032;-0.97419506;0.99496543;1.2124181;0.2174452;0.0043436885;0.0;1232.6156;1444.5289;-369.7361;7468.6816;-676.73724;-529.4133
1990-10-26;2.669871;-0.783844;-2.369667;748.8296;1.0392352;218.45264;0.018391928;2.6623409e-06;151.33592;-7.345365e-21;0.1333952;-1.144031;0.008672476;0.22427738;0.2156198;0.0019483268;0.0;2487.845;2913.8345;-1279.8278;6507.0356;-794.7222;-742.85333
1990-10-27;3.0911663;-1.884847;-5.691053;749.45;0.70894814;175.73146;0.008951823;1.3113022e-06;151.33592;-7.345365e-21;0.024926467;-1.2277775;0.0017136335;0.21547079;0.21375716;0.0010747463;0.0;3394.9294;3974.7388;-2093.4077;5639.1313;-852.89667;-832.2233
1990-10-28;2.3009236;-4.598226;-6.6607475;748.63556;0.85722476;151.12349;0.0037434895;4.3710074e-07;151.33592;-7.345365e-21;0.002145045;-1.1432292;0.00016391277;0.21207333;0.21190941;0.00043213367;0.0;3409.1416;3990.02;-2058.3218;5528.2114;-794.1644;-746.3289
1990-10-29;2.2904766;-2.112203;-4.6784606;751.92645;0.91275626;241.62506;0.001953125;-7.3453654e-25;151.33592;-7.345365e-21;0.42836368;-0.8587604;0.026911497;0.23701787;0.21012127;0.00019744039;0.0;2647.375;3097.6067;-1387.1683;6203.991;-596.55334;-639.0511
1990-10-30;3.2380474;0.75375366;-1.1368433;753.691;1.2087821;231.56627;0.00081380206;-7.3453654e-25;151.33592;-7.345365e-21;2.2501895;-0.8652024;0.16485155;0.37321448;0.20836294;0.00012852252;0.0;2419.6516;2830.2556;-1007.37836;6833.4067;-601.0267;-726.0589
1990-10-31;4.4142556;2.4007366;0.00990804;751.48413;1.1382374;217.5688;0.0;-7.3453654e-25;149.26625;-7.345365e-21;3.579101;-1.152629;0.264436;0.4711002;0.20667166;5.9604645e-05;0.0;2029.7922;2373.37;-622.14777;7338.743;-800.69336;-609.76886
1990-11-01;6.1575828;0.97216797;-4.276966;749.9051;0.9329552;180.71649;0.0;-7.3453654e-25;128.86;-7.345365e-21;0.0013325377;-1.4201608;8.940697e-05;0.20505488;0.20496547;2.2351742e-05;0.0;3359.9473;3927.4468;-1972.7689;6055.5244;-986.5389;-602.0122
1990-11-02;6.749532;-0.87476605;-6.7063584;751.2885;0.95086795;98.52628;0.0;-7.3453654e-25;109.684875;-7.345365e-21;0.0017046923;-1.2970474;0.00011920929;0.20334125;0.20323694;3.7252903e-06;0.0;3502.39;4092.6777;-2167.3389;5755.6855;-901.01556;-487.08
1990-11-03;7.4856057;1.8126017;-1.6694819;753.9324;0.90664166;192.10541;0.0;-7.3453654e-25;101.139626;-7.345365e-21;0.0008523463;-1.1444241;5.9604645e-05;0.20158291;0.20153075;1.8626451e-06;0.0;3432.156;4009.351;-2212.975;5719.3354;-794.99335;-486.75333
1990-11-04;6.4443054;0.34757486;-0.018825531;755.0546;0.88778925;160.57759;0.0;-7.3453654e-25;100.009094;-7.345365e-21;0.00085234636;-0.8947086;5.9604645e-05;0.19992888;0.19988418;0.0;0.0;2454.395;2866.199;-1432.2894;6486.573;-621.5244;-386.08444
1990-11-05;6.763733;-1.8757528;0.009995778;754.5425;0.9861533;104.13263;0.0;-7.3453654e-25;99.99998;-7.345365e-21;0.0004351138;-1.2104995;2.9802322e-05;0.19827485;0.1982376;0.0;0.0;3396.7327;3965.4766;-2195.8362;5732.1387;-840.8945;-493.12888
1990-11-06;5.719218;-2.4810588;0.010000865;753.00336;0.97457415;158.7396;0.0;-7.3453654e-25;99.99998;-7.345365e-21;0.0025629988;-1.0630767;0.00014901161;0.19675493;0.19660592;0.0;0.0;3216.7422;3754.1843;-2108.0334;5706.7227;-738.48444;-495.97446
1990-11-07;4.6522927;-1.6304525;0.010070801;751.103;1.3413367;159.76196;0.0;-7.3453654e-25;99.99998;-7.345365e-21;1.2461768;-0.95160675;0.08195639;0.27698278;0.19501895;0.0;0.0;2973.246;3469.0667;-1597.6211;6243.6055;-661.0489;-585.63776
1990-11-08;2.5431213;2.0983684;0.008675893;748.32324;0.9656098;211.43372;0.060302734;8.980433e-06;127.62693;-7.345365e-21;12.786562;-0.81407464;1.078546;1.2720674;0.19352138;0.0047329813;0.015497208;1139.82;1330.7278;-357.77612;7352.4478;-565.50665;-427.86557
1990-11-09;1.8511658;1.6335653;0.010092418;746.3342;1.187887;193.12743;3.6760254;0.00067500275;146.24965;4.0283203;28.434074;-0.6011855;2.7311893;2.92328;0.19210577;0.10539591;3.12569;495.5189;578.9611;-54.793888;7556.9395;-417.55667;-319.92
1990-11-10;0.5270894;-2.8389587;-2.5008595;748.1396;1.1840924;200.54948;18.374512;0.0027926366;151.16176;18.636068;1.289939;-1.0814108;0.09544194;0.2861172;0.19066781;0.53198075;0.8826293;2386.8306;3147.8845;-1179.5211;6288.23;-755.10333;-692.0089
1990-11-11;-1.4583639;-1.8659668;-0.80712384;746.845;1.1436886;201.43452;49.291992;0.0077088675;148.77342;50.45573;16.53027;-0.5299002;0.88465214;1.0739118;0.18927455;0.6757695;9.432525;837.91;1226.1344;-353.15555;6908.371;-371.44;-376.76666
1990-11-12;-5.152986;-7.1111045;-4.4459596;747.1851;0.91387486;259.6814;86.85718;0.013136228;150.18813;87.19889;2.2188754;-0.50515866;0.008240342;0.19615889;0.18793344;0.05946681;2.1086633;1166.1877;3003.9766;-828.71387;5921.08;-371.84332;-326.06668
1990-11-13;-7.1951537;-12.62867;-11.394679;752.8916;1.0397896;82.30805;93.38428;0.014270385;153.06183;93.30241;0.0021606684;-0.25756285;0.022739172;0.20934641;0.18659979;0.18971972;0.002168119;1289.3944;3869.9944;-1623.7644;4407.556;-188.83778;-118.935555
1990-11-14;-4.6599274;-14.565188;-12.608978;755.11993;1.17263;136.41185;86.97827;0.01344351;154.96906;86.995445;0.0008523463;-0.30018204;0.13749301;0.32280385;0.18531084;1.0683854;0.0;1519.8156;3967.59;-1711.3711;4267.1133;-214.92111;-29.777779
1990-11-15;-2.1753705;-14.300891;-10.682208;754.3315;1.0319239;221.63072;77.44987;0.011999607;155.64354;76.9043;0.0008523463;-0.38267857;0.20353496;0.3875792;0.18404424;1.5684273;0.0;1725.14;3853.8345;-1657.045;4623.124;-271.69223;-55.88
1990-11-16;-1.0183843;-8.356833;-8.75264;755.4702;1.0589883;73.772575;63.257977;0.009792169;156.28514;62.86621;0.0008523463;-0.36439115;0.33590198;0.5187392;0.1828149;2.550874;0.0;1940.26;3664.4277;-1573.2045;5083.2515;-254.27444;-143.54222
1990-11-17;-0.4549713;-8.385478;-9.382332;754.62274;1.0664049;70.77677;48.842854;0.0075873137;156.7975;48.909504;0.001292844;-0.45613292;0.26494265;0.4465729;0.18161535;1.9876845;0.0;2269.4084;3703.45;-1854.7678;4890.012;-317.77112;-151.3
1990-11-18;0.22466023;-9.652682;-9.4374;751.1412;0.9460642;220.50037;37.43164;0.005826672;157.17934;37.434895;0.0004351138;-0.56228507;0.2142638;0.39473176;0.18046051;1.596991;0.0;2452.969;3628.359;-1908.4283;4932.7812;-392.39557;-164.41444
1990-11-19;-0.036824543;-4.6690574;-9.319012;749.2619;0.9462388;236.70717;28.293375;0.0044103065;157.47264;28.279623;0.0021457663;-0.48780257;0.1732707;0.35259128;0.17933547;1.2897383;0.0;2592.7444;3577.2622;-1993.8756;4929.721;-339.64612;-260.40778
1990-11-20;1.0558878;-4.766439;-8.044391;750.9948;0.74574584;195.46367;20.784586;0.0032395124;157.70082;20.629883;0.009807944;-0.46490785;0.14623255;0.32447278;0.17824769;1.083877;0.0;2408.5134;3157.6733;-1692.58;5383.5312;-323.95334;-240.18222
1990-11-21;1.8217773;-4.9952292;-7.523458;754.1982;0.8618373;194.70856;14.496175;0.002255718;157.87238;14.160156;0.00085234636;-0.54341555;0.12278557;0.29996037;0.17718226;0.9130221;0.0;2631.7778;3315.7688;-1775.6433;5398.297;-377.72665;-259.5122
1990-11-22;1.2176514;-5.199941;-7.5448174;758.217;0.99998826;83.11719;9.585449;0.0014899174;157.99054;9.643555;0.0012844794;-0.631351;0.091031194;0.26716292;0.17613918;0.6792564;0.0;2759.205;3377.6746;-1905.1788;5337.9097;-438.57556;-224.65778
1990-11-23;1.9421692;-5.9488015;-8.647309;757.9233;0.9754676;72.715195;6.2910156;0.0009798208;158.0628;6.5104165;0.0004351138;-0.653062;0.054463744;0.22959709;0.17511845;0.4097186;0.0;2861.5017;3438.3157;-2135.8284;5080.35;-453.7811;-187.19778
1990-11-24;1.4187113;-6.9171906;-9.082363;755.7988;0.90411335;289.84137;4.251465;0.0006635189;158.11163;4.679362;0.00085995696;-0.6543733;0.033780932;0.207901;0.17412752;0.25573373;0.0;2830.4756;3363.1133;-2111.797;5058.5894;-454.84668;-240.07
1990-11-25;0.048431396;-6.282776;-8.042729;753.1961;0.775652;248.63539;3.0358887;0.00047556558;158.14256;3.3365886;0.0008523463;-0.37768203;0.018715858;0.19188225;0.17315894;0.14238432;0.0;2095.0684;2472.6567;-1570.0072;5557.628;-262.76056;-288.77222
1990-11-26;0.38124594;-5.5854087;-5.8424277;751.30695;0.7087874;155.87025;2.2451985;0.00035484633;157.21124;2.400716;0.4239589;-0.42876416;0.043809414;0.21603703;0.17222762;0.112023205;0.103503466;2234.5205;2626.7134;-1358.2766;5878.8057;-298.1;-315.44666
1990-11-27;-0.86088055;-3.1405334;-4.8641257;751.9128;0.7608344;64.880646;11.975017;0.0016753674;136.3828;12.084961;3.0409336;-0.4980527;0.1835525;0.35488605;0.17131865;0.57696176;1.8379241;1545.5394;1941.8323;-1007.9728;6161.263;-346.6911;-229.01555
1990-11-28;-1.297933;-4.267588;-8.667245;753.1199;0.93801135;174.88618;9.606934;0.0014153322;150.07191;9.887695;0.0016123056;-0.5332399;0.07145107;0.24189055;0.17042458;0.5521811;0.0007599592;2436.86;2975.219;-1745.0172;5337.0522;-370.82;-453.35223
1990-11-29;-0.36679077;-4.605123;-10.375737;752.4836;0.8702027;133.3526;6.6895347;0.0009921392;150.46645;6.958008;0.0;-0.34547225;0.044330955;0.21387637;0.16954541;0.3432557;0.0;2661.4844;3199.6812;-2181.4114;4861.64;-240.09666;-301.5411
1990-11-30;-0.31478882;-4.523702;-8.991646;751.7153;0.81082505;198.49536;4.9361978;0.0007344087;150.51886;5.2490234;0.0008523463;-0.20010583;0.025957823;0.19465387;0.1686886;0.20066649;0.0;1990.5967;2370.44;-1733.5372;5322.2646;-139.20555;-223.7411
1990-12-01;0.74990845;-7.2382417;-9.000058;752.6834;0.92235047;180.85884;3.5843098;0.0005309582;150.5602;3.7027996;0.0021517272;-0.43454766;0.026404858;0.19426644;0.16785413;0.20365417;0.0;2680.9978;3171.172;-2001.5673;5149.6343;-302.13666;-257.46777
1990-12-02;1.6329651;-4.2323203;-7.439949;752.3531;0.8809545;206.98155;2.3462727;0.00034614405;150.59015;2.3600261;0.0042911367;-0.44158846;0.022262335;0.18927455;0.16701221;0.17067045;0.0;2529.97;2974.2888;-1745.295;5510.317;-306.76556;-220.41556
1990-12-03;0.975179;-1.8928427;-4.289243;752.126;0.612405;203.25826;1.5732422;0.00023416679;150.61163;1.5055338;2.694753;-0.39288867;0.28845668;0.45464933;0.1662001;0.082336366;0.0;1623.3267;1901.2078;-901.9778;6368.0337;-272.92557;-177.93333
1990-12-04;-0.32007852;-0.5718689;-0.12530263;750.77246;0.713593;202.35744;51.78947;0.0079984665;140.7464;53.75163;28.273758;-0.16380847;1.9867644;2.1521747;0.16540289;0.36553666;13.855182;327.40332;473.38556;24.03;7322.0635;-117.59778;-103.592224
1990-12-05;-0.07639567;-0.97979736;-0.37159476;751.097;1.0120062;179.52997;91.21045;0.015519301;149.26593;102.90527;15.678719;-0.21428615;0.8453131;1.0099411;0.16463548;1.6835034;10.727949;795.79333;1986.1956;-471.63834;6746.819;-155.54778;-98.092224
1990-12-06;-0.6427409;-0.94258624;-0.09136454;751.5967;1.0057038;212.22652;100.0;0.027214408;151.22264;179.48405;13.537469;-0.115267;1.5102476;1.6741306;0.16389042;1.5137047;5.3221283;261.08;939.41113;11.762777;7276.662;-89.111115;-114.60333
1990-12-07;-2.4995117;-7.45167;-5.271007;753.4986;1.0503013;192.69801;99.96549;0.027819633;155.36229;179.11784;0.0046551228;-0.16406365;0.03311038;0.1963079;0.16319007;0.22810511;0.0029951334;1000.0183;3138.0234;-1482.1934;5098.7524;-121.914444;-49.86
1990-12-08;-3.844981;-7.7871346;-9.236162;750.2054;1.0327176;229.77635;99.39274;0.027396044;158.20343;173.33984;0.00059902656;-0.061217695;0.07750094;0.2400428;0.16253442;0.5252678;0.00016018748;1031.5117;3045.7834;-1148.6428;5046.1587;-42.63778;11.118889
1990-12-09;-3.2804058;-4.9583945;-3.8669612;746.9726;0.79006356;260.65784;98.52197;0.026640415;160.19691;166.5039;0.43284562;-0.17448701;0.14447421;0.30639768;0.16193092;0.9314679;0.37498027;918.1039;2550.689;-775.93225;5996.801;-131.52112;-80.31555
1990-12-10;-4.2912393;-7.526619;-5.1755805;747.3823;0.9389065;35.60715;98.03776;0.026376447;163.29652;161.53972;0.019049685;-0.29163808;0.012993813;0.17434359;0.16134232;0.10302104;0.0151619315;972.4867;2603.3188;-947.2756;5724.511;-222.41333;-125.64222
1990-12-11;-6.193672;-10.769052;-9.178117;749.47284;1.099146;48.889664;97.60018;0.025977531;166.32484;155.88379;0.009824287;-0.22501591;0.05105138;0.21183491;0.16078353;0.34231132;0.008549541;1197.2927;3059.2388;-1435.0922;4790.3477;-169.64223;-62.343334
1990-12-12;-6.0467834;-10.644877;-12.003804;751.7265;1.1100217;200.19362;97.117836;0.02523009;167.63312;150.02441;0.0;-0.1327917;0.12893975;0.28920174;0.16024709;0.85077435;0.0;1291.4989;3177.18;-1538.17;4432.7954;-99.35222;12.018888
1990-12-13;-2.6883137;-9.044024;-7.801127;751.97003;0.91831857;294.60257;96.57251;0.023813805;168.82323;140.78777;0.051811337;-0.11861883;0.25547296;0.41520596;0.15974045;1.6548038;8.940697e-05;966.0856;2288.189;-903.4678;5520.5913;-91.797226;-3.4433334
1990-12-14;-1.5958964;-3.0694275;-1.8466898;750.26105;0.769769;201.5227;96.6062;0.024181208;167.7171;143.55469;2.498567;-0.076342374;0.3351122;0.49437582;0.15924871;1.689896;1.7026402;388.77554;952.31555;-145.435;6873.452;-57.86222;-65.98444
1990-12-15;-4.1319885;-6.381083;-6.916155;749.76324;1.1010292;111.63309;95.999756;0.022787333;170.08788;133.66699;0.00693798;-0.19581616;0.2476275;0.40641427;0.15877932;1.570832;0.003941357;1199.4661;2811.2466;-1369.2245;5152.9487;-146.9139;-91.02
1990-12-16;-4.699514;-8.64349;-11.242478;748.8886;1.0150508;194.18376;94.12882;0.020915627;171.27113;121.50065;0.0025713854;-0.11704862;0.29610097;0.4544258;0.15832484;1.8628352;0.0;1337.4011;3003.5044;-1525.5945;4558.7007;-89.88333;-8.595555
1990-12-17;-4.95046;-7.090875;-7.1084228;747.08514;0.97557276;244.15834;92.68262;0.01973641;171.1787;114.17643;1.0984272;-0.26596057;0.12993813;0.28783083;0.1578927;0.8086972;1.0516868;1218.4956;2632.9155;-862.8089;5574.5024;-207.82222;-171.83
1990-12-18;-6.695109;-11.0548525;-9.244799;746.18823;0.86952513;236.73405;93.25236;0.020073095;168.64906;118.4082;0.01962781;-0.2868157;0.0007227063;0.15820563;0.15747547;0.0067166984;0.018741935;1303.75;2913.77;-1490.7239;4798.549;-224.59;-184.84889
1990-12-19;-7.0678954;-13.321629;-12.808064;746.1531;0.8415465;218.91554;92.75887;0.019668778;171.68651;113.81022;0.009849668;-0.22580288;0.043958426;0.20104647;0.15708059;0.27928874;0.0089854;1405.5333;3060.889;-1461.6167;4417.8525;-177.24667;-82.793335
1990-12-20;-5.75038;-8.601865;-8.071353;745.60516;0.6438561;276.0734;92.29452;0.019152045;173.28807;109.57845;0.12027621;-0.22694004;0.055134296;0.21183491;0.15670061;0.34657493;0.11549145;995.4778;2115.67;-952.9622;5382.81;-178.3689;-165.90445
1990-12-21;-6.0603967;-8.915375;-7.4949074;744.5289;0.71492267;209.27734;92.204506;0.018672347;171.75453;107.666016;0.4533887;-0.27949083;0.10046363;0.2567917;0.15632808;0.6343219;0.45021996;1312.5272;2757.7456;-1124.8328;5302.444;-219.72;-213.67334
1990-12-22;-7.9526253;-9.702747;-8.699863;743.68555;0.7735899;196.74605;94.27499;0.019900003;163.80077;120.36133;2.4440587;-0.23416057;0.00059604645;0.1565665;0.15597045;0.0039245933;2.4334936;946.0906;2074.0688;-951.6222;5347.1636;-184.14111;-257.24445
1990-12-23;-10.461551;-12.668354;-9.952016;743.9849;0.8447811;208.14899;96.741615;0.02194345;152.09276;143.35124;3.352195;-0.1982972;5.2154064e-05;0.15565753;0.15562028;0.0;3.3278875;890.5833;2172.8223;-577.3433;5567.709;-156.05779;-262.34668
1990-12-24;-9.134021;-11.080876;-8.617257;739.22217;0.94651866;61.92651;99.86255;0.03385341;121.727516;274.94302;18.02481;-0.07936731;0.0;0.155285;0.15527755;0.0;18.022717;287.78223;1012.06;-243.30722;6102.269;-62.52;-89.55111
1990-12-25;-13.350488;-17.626709;-15.358857;741.30365;1.7493687;29.924942;100.0;0.044208843;126.91046;348.95834;1.3699114;-0.09956956;0.0;0.15494227;0.15494972;0.0;1.3660378;629.4583;2543.9878;-1014.9289;4664.99;-78.58444;-38.245556
1990-12-26;-18.122671;-23.35684;-23.338333;743.3768;1.5110558;19.123377;100.0;0.04440419;141.59503;313.96484;0.016081333;0.0121621415;0.0;0.15464425;0.1546219;0.0;0.013440847;803.5511;3160.449;-1128.0845;3845.0974;9.362223;9.493333
1990-12-27;-16.58947;-22.196085;-24.08251;749.06635;1.746262;13.340733;100.0;0.04442553;150.36195;295.45084;0.0035494566;0.02021715;0.0;0.15431643;0.15430897;0.0;0.0031292439;817.1789;3133.0112;-1067.485;3847.0627;15.626667;69.47
1990-12-28;-11.947816;-19.92714;-19.732168;752.6076;1.4807016;13.771413;100.0;0.04444003;151.53514;293.09082;0.0021517272;0.008329749;0.0;0.1540035;0.1540035;0.0;0.0;863.2917;3227.9812;-892.42053;4411.673;6.388889;59.31
1990-12-29;-6.675409;-18.336988;-12.466289;751.3841;1.105618;70.7921;100.0;0.04441269;153.1966;289.71353;0.001264295;-0.058028847;0.0;0.15370548;0.15370548;0.0;0.0;741.6567;2706.5967;-886.69775;5105.8076;-45.72111;-13.413333
1990-12-30;-8.30108;-15.394875;-16.0073;749.6533;1.2293261;42.013935;100.0;0.04438893;154.83461;286.33627;0.0;0.010628253;0.0;0.15342236;0.15340745;0.0;0.0;893.20447;3170.34;-1116.6655;4502.5776;8.017777;35.762222
1990-12-31;-8.961425;-15.150967;-15.914452;749.5557;1.2557741;39.16307;100.0;0.04439835;156.26105;284.01694;0.0004351138;0.0069737434;0.0;0.15310943;0.15311688;0.0;0.0;911.2683;3159.0088;-1114.4906;4518.577;5.134444;18.68
1991-01-01;-6.959503;-12.090503;-12.682831;748.99634;1.0336895;56.210052;100.0;0.044402957;157.84796;281.12793;0.017639995;0.0015860423;0.0;0.15282631;0.15282631;0.0;0.014845282;772.45056;2616.0457;-700.67444;5261.3057;1.0255556;-8.33
1991-01-02;-5.886261;-7.8158402;-6.554212;744.9489;0.88298386;163.20349;100.0;0.045153577;158.88441;283.97623;1.2209415;-0.06642006;0.0;0.15255809;0.15254319;0.0;1.1658258;535.7111;1793.7578;-494.305;6073.23;-52.41111;-82.59333
1991-01-03;-7.6760354;-9.682226;-8.826546;743.529;0.895448;243.34605;100.0;0.045657277;160.76073;283.93555;0.8397311;-0.014524907;0.0;0.15227497;0.15226752;0.0;0.8379407;859.5405;2790.3677;-797.2178;5498.6772;-11.542222;-81.94444
1991-01-04;-5.4588714;-6.508325;-5.080532;743.559;0.6545127;265.0051;100.0;0.04774336;157.44237;303.4668;1.3660878;-0.060860068;0.0;0.15199184;0.15199184;0.0;1.3597273;677.88947;2270.1545;-527.1528;6194.6577;-47.918888;-136.07445
1991-01-05;-7.6925635;-13.363319;-10.755196;746.65594;1.0877707;146.42809;100.0;0.048110247;159.57616;301.92056;0.028432706;-0.03237836;0.0;0.15172362;0.15172362;0.0;0.02625212;960.33057;3159.619;-1364.1906;4704.66;-25.645555;-57.84889
1991-01-06;-6.898127;-14.228489;-14.50383;749.44794;1.13162;82.817215;100.0;0.048087757;161.40883;298.33984;0.0;-0.010671094;0.0015050173;0.15296042;0.1514554;0.0148154795;0.0;1021.475;3277.1523;-1174.3839;4589.9507;-8.654445;18.506666
1991-01-07;-5.2609115;-12.327456;-12.311145;749.67926;0.85060483;153.88155;100.0;0.04806435;163.30272;294.7998;0.00085795426;-0.021361746;0.0;0.15118718;0.15119463;0.0;0.0;904.9461;2835.591;-957.285;5033.4653;-17.002222;-5.9966664
1991-01-08;-7.150354;-13.152756;-12.918757;748.9814;0.94436294;133.66133;100.0;0.048033595;165.3496;290.85287;0.0004351138;-0.03525801;0.0;0.15091896;0.15093386;0.0;0.0;1031.2161;3157.3567;-1282.4445;4613.6216;-27.97889;-33.593334
1991-01-09;-11.602529;-16.747704;-16.078613;748.58154;1.225891;33.18428;100.0;0.04800884;166.91893;288.16733;0.002002716;-0.015866011;0.0;0.15066564;0.15067309;0.0;0.0007264316;1102.1761;3300.8667;-1271.3833;4342.003;-12.741111;-29.955555
1991-01-10;-11.947108;-16.098524;-15.770213;749.4214;1.3847114;25.855331;100.0;0.04799378;168.31898;286.01074;0.0029444695;-0.01533702;0.0;0.15041232;0.15041977;0.0;0.0020936131;1131.8439;3321.301;-1293.2544;4352.1777;-12.356667;-25.943333
1991-01-11;-12.703885;-16.848019;-15.941669;749.5198;1.4260159;22.659958;100.0;0.047975063;169.69269;283.2438;0.0045739342;-0.02601184;0.0;0.150159;0.15016645;0.0;0.0037066638;1154.335;3322.6812;-1265.6611;4363.6113;-20.717777;-49.175556
1991-01-12;-11.38103;-18.565275;-16.006773;751.1162;1.2304691;62.383274;100.0;0.047944944;171.06996;280.72104;0.003182888;-0.043329783;0.0;0.14990568;0.14991313;0.0;0.002734363;1216.2922;3432.1377;-1379.1888;4240.684;-34.229443;-29.586666
1991-01-13;-8.769078;-17.634687;-14.905915;750.4578;1.2506676;37.850468;100.0;0.04787147;172.56508;278.19824;0.0017370194;-0.04245341;0.006005168;0.15567243;0.14966726;0.058621168;0.0;1259.2644;3484.3955;-1372.7533;4366.562;-33.601112;3.5677779
1991-01-14;-9.850539;-15.818255;-13.574952;745.08984;1.5496721;15.987248;100.0;0.047780234;174.27472;274.86166;0.0019758935;-0.082673505;0.0;0.14941394;0.14941394;0.0;0.0005848706;1039.3633;2829.0044;-1181.005;4683.221;-65.26222;-6.2822223
1991-01-15;-9.151457;-15.081655;-15.1512575;746.09686;1.048536;177.44508;100.0;0.047674853;175.81215;271.8099;0.0;-0.07045921;0.005379319;0.15455484;0.14917552;0.052083284;0.0;1331.3289;3546.6345;-1507.9889;4190.187;-55.70222;-18.562222
1991-01-16;-8.654178;-10.744648;-12.632179;745.1235;0.8023487;244.09447;100.0;0.047740698;176.55336;271.19955;0.6765872;-0.10663364;0.0006109476;0.14954805;0.1489371;0.005846843;0.66928566;1092.5477;2863.5889;-741.49945;5248.529;-84.18;-109.708885
1991-01-17;-7.758209;-8.885849;-6.994995;744.5117;0.6784815;222.31633;100.0;0.057677668;157.16827;368.53027;22.933435;-0.07555634;0.0;0.14869869;0.14869869;0.0;22.93057;400.99277;1205.7678;-243.0711;6270.959;-59.54;-130.94888
1991-01-18;-6.6777015;-7.865934;-6.277971;746.2094;0.5361648;208.32343;100.0;0.080580555;147.0641;545.36945;17.185816;-0.048793852;0.0;0.14846027;0.14846027;0.0;17.17879;339.875;1430.9978;-140.7261;6482.391;-38.43;-112.82889
1991-01-19;-5.979655;-9.672294;-7.6910377;747.6533;0.6814027;66.603065;100.0;0.08926221;153.75389;581.0547;0.08401275;-0.015375204;0.0;0.14822185;0.14822185;0.0;0.08401275;728.6278;3103.9355;-1103.2256;5229.74;-12.216111;-101.44778
1991-01-20;-9.018261;-14.8450575;-13.863139;748.0451;0.8846874;89.09729;100.0;0.08969108;157.04652;570.7601;2.388056;0.0044386834;0.0;0.14799833;0.14798343;0.0;2.3282692;870.3711;3603.48;-703.5233;5145.9043;3.443889;-63.345554
1991-01-21;-6.0588317;-7.3429894;-7.511187;745.75806;0.74940944;161.22969;100.0;0.0947868;155.59862;608.0322;7.711905;-0.0006472692;0.0;0.14775991;0.14775246;0.0;7.684648;591.33386;2437.0967;-260.22723;6313.838;-0.63555557;-108.202225
1991-01-22;-6.7300963;-7.8566246;-5.9754524;744.37933;0.8034846;193.5013;100.0;0.10797894;151.05238;712.321;19.318182;-0.049015507;0.0;0.1475215;0.1475215;0.0;19.313433;517.6628;2184.9377;-349.96777;6287.075;-38.574444;-164.49333
1991-01-23;-9.424519;-10.802005;-7.3430276;741.53876;1.0248891;149.8842;100.0;0.12480954;151.30077;824.1374;7.5259843;-0.10666717;0.0;0.14731288;0.14729053;0.0;7.517852;440.7389;1903.6677;-460.2622;5948.3564;-83.97222;-213.30444
1991-01-24;-14.301814;-18.397745;-14.599342;739.29346;0.97740704;116.0239;100.0;0.12698548;155.97589;814.9821;0.024503196;-0.039381906;0.0;0.14705956;0.14705956;0.0;0.022867694;872.7239;3689.1423;-1426.4772;4103.792;-31.081112;-176.41333
1991-01-25;-16.18933;-20.623503;-20.385735;737.33545;0.9926551;74.53916;100.0;0.12701781;159.10707;798.8281;0.025320053;0.014072284;0.0;0.14683604;0.14683604;0.0;0.02156198;906.25336;3723.439;-1258.2056;3895.881;10.975555;-65.24778
1991-01-26;-16.324427;-23.568716;-24.47229;738.4695;1.0475926;148.22955;100.0;0.12704217;161.20702;788.6149;0.00097155565;0.01825951;0.0;0.14661252;0.14661252;0.0;0.00011175871;992.9422;3979.3833;-1264.4312;3589.5103;14.247778;9.512222
1991-01-27;-13.673081;-22.011612;-24.472918;743.9947;0.8599315;232.34236;100.0;0.12705989;162.96124;779.9072;0.0020944434;0.016171485;0.0;0.1463592;0.14638156;0.0;0.00036507845;1012.2156;3948.4922;-1078.4122;3863.0476;12.608889;21.263334
1991-01-28;-12.000244;-18.961761;-23.481607;747.76935;1.0007906;180.82349;100.0;0.12708421;164.76463;771.3623;0.0012819164;0.031253323;0.0;0.14615059;0.14615804;0.0;0.0;1058.7628;4026.9434;-1030.0555;4023.5496;24.362223;48.56
1991-01-29;-9.914119;-18.160957;-20.063818;743.7405;0.6728201;174.54906;100.0;0.12713178;166.84698;762.4512;0.14784336;0.013239682;0.0;0.14594197;0.14593452;0.0;0.14474243;967.6872;3590.9111;-784.0628;4623.916;10.337778;-0.15444444
1991-01-30;-10.206383;-12.394723;-15.804074;740.74677;0.637464;218.40173;100.0;0.12853722;166.82518;770.01953;3.5589168;0.019479543;0.0;0.14570355;0.14571846;0.0;3.5566165;683.0133;2510.7878;-127.15;5739.0757;15.2288885;-68.89
1991-01-31;-7.43462;-8.343427;-9.437278;739.5606;0.7556298;196.18561;100.0;0.14721672;152.6852;960.16437;30.904377;0.016098842;0.0;0.14549494;0.14549494;0.0;30.899845;302.93054;1259.9767;45.648335;6506.193;12.626667;-52.963333
1991-02-01;-9.361137;-10.720837;-8.82827;743.3952;0.99233633;229.91425;100.0;0.17029667;152.16307;1118.9779;7.1984825;-0.0033872202;0.0;0.14527142;0.14527887;0.0;7.1920977;710.0739;3079.1812;-770.24445;5490.7065;-2.7066667;-140.05112
1991-02-02;-9.731336;-11.595112;-10.005174;745.75397;0.723541;87.50329;100.0;0.17286396;159.3216;1085.5306;2.618912;-0.025425106;0.0;0.1450628;0.14505535;0.0;2.6141853;611.6017;2576.2666;-526.43835;5700.456;-20.044445;-135.47778
1991-02-03;-8.742691;-10.661316;-9.813034;740.2561;0.7390926;103.35913;100.0;0.17761584;163.06151;1087.3209;12.902077;0.0006156042;0.0;0.14483929;0.14483184;0.0;12.894683;573.6078;2394.1033;-348.58112;5949.359;0.41666666;-98.37334
1991-02-04;-12.857892;-15.031682;-10.799619;739.4292;1.0420073;210.94629;100.0;0.19447322;153.51788;1265.9098;6.392965;-0.10376796;0.0;0.14461577;0.14462322;0.0;6.3831134;619.4067;2662.0588;-763.1939;5252.481;-81.71;-235.97778
1991-02-05;-14.805896;-20.379898;-16.158201;744.48944;1.0832871;48.42;100.0;0.19606955;159.0716;1234.1309;0.030183086;-0.026694499;0.0;0.14440715;0.14440715;0.0;0.026274472;1022.64;4313.4556;-1474.8484;3944.6025;-21.066668;-170.40334
1991-02-06;-14.100535;-19.876768;-20.371473;743.99445;1.4941164;24.882904;100.0;0.1960872;163.48663;1200.5209;0.0046253204;0.022809021;0.0;0.14418364;0.14419109;0.0;0.0037550926;1078.5394;4423.461;-1340.9745;3848.0295;17.94;-9.6866665
1991-02-07;-15.843704;-21.073366;-22.614813;740.2771;1.4140186;25.024439;100.0;0.19611557;166.83363;1176.7985;0.0047681695;0.026398338;0.0;0.14397502;0.14398247;0.0;0.0025108457;1088.3839;4355.6636;-1383.4473;3611.0266;20.599445;-8.342222
1991-02-08;-16.1951;-23.28156;-24.51584;739.3733;1.1099545;54.81064;100.0;0.19614275;169.55531;1157.5114;0.0041902065;0.015926547;0.0;0.1437664;0.14375895;0.0;0.0024810433;1177.6494;4586.129;-1350.9177;3519.3552;12.521667;-14.883333
1991-02-09;-14.956223;-21.748169;-23.554121;742.3308;0.89296156;114.21967;100.0;0.19619007;172.04848;1141.276;0.032904744;0.016383827;0.0;0.14354289;0.14355034;0.0;0.030755997;1196.3373;4547.09;-1199.8658;3837.843;12.846666;-47.06111
1991-02-10;-13.333943;-21.273947;-24.202545;744.7805;0.9472563;153.56038;100.0;0.19621365;174.54327;1125.4883;0.0004351138;0.02215337;0.0;0.14334917;0.14333427;0.0;0.0;1279.0089;4737.602;-1340.8972;3606.0688;17.291111;12.044444
1991-02-11;-13.369248;-22.550497;-22.773218;744.4594;1.1340574;37.01105;100.0;0.19623339;177.04262;1109.5377;0.019267201;0.008531846;0.0;0.14312565;0.14312565;0.0;0.017389655;1264.8334;4579.7876;-1181.206;3957.7312;6.557778;-5.1566668
1991-02-12;-13.498642;-21.036568;-21.782043;745.73834;1.1031972;37.626728;100.0;0.1962622;179.73598;1092.9362;0.0044401158;0.015480444;0.0;0.14291704;0.14291704;0.0;0.0018700957;1321.5233;4669.7847;-1287.355;3893.434;12.046667;-36.28
1991-02-13;-10.834325;-19.091654;-20.679607;748.09247;1.1049161;48.222366;100.0;0.1962806;182.54913;1076.3754;0.0021398063;0.02104789;0.0;0.14270842;0.14270097;0.0;0.0;1384.419;4781.5176;-1274.8062;4037.9187;16.42;-0.8244445
1991-02-14;-8.161847;-17.844355;-18.795841;750.5479;1.0773956;64.13911;100.0;0.19630058;185.64972;1058.5938;0.0004351138;0.015927479;0.0;0.1425147;0.1424849;0.0;0.0;1402.5383;4736.584;-1348.6228;4126.711;12.388889;17.873333
1991-02-15;-6.296453;-18.751059;-16.93986;752.55;0.8398208;181.10573;100.0;0.19630587;189.06476;1039.6322;0.002142262;-0.009488314;0.0;0.14227629;0.14227629;0.0;0.0;1419.8334;4691.432;-1093.0322;4625.459;-7.4955554;-23.662222
1991-02-16;-7.1538086;-12.7154875;-13.847516;748.4255;0.8744914;231.19527;100.0;0.19960542;189.60902;1051.4323;16.36203;-0.014333054;0.0;0.14208257;0.14207512;0.0;16.359373;786.76776;2551.8633;-174.19112;5926.782;-11.413333;-28.443333
1991-02-17;-6.8283286;-7.822347;-8.656052;745.50244;1.1194342;212.39899;100.0;0.222542;175.763;1266.3168;10.276871;0.004887581;0.0;0.14187396;0.1418665;0.0;10.26991;662.51447;2828.7078;-203.9589;6320.7715;3.691111;-146.43777
1991-02-18;-5.2659097;-6.755347;-6.721115;747.70245;0.78487843;235.5467;100.0;0.22516425;183.97491;1226.766;0.30875206;-0.02344884;0.0;0.14166534;0.14166534;0.0;0.30466542;985.7194;4118.3867;-734.9133;5838.8994;-18.497778;-190.46445
1991-02-19;-5.947408;-7.8410134;-6.6944375;744.68976;0.78869194;97.957466;100.0;0.22529292;193.33852;1167.5211;0.60989857;-0.034611672;0.0;0.14145672;0.14145672;0.0;0.6001704;1102.7988;4491.0312;-848.1689;5692.3755;-27.257778;-227.30779
1991-02-20;-5.3193765;-6.4388633;-5.6265473;741.4568;0.74838334;123.47616;100.0;0.22850995;199.14223;1148.6816;3.7908494;-0.05332753;0.0;0.1412481;0.1412481;0.0;3.7870333;897.5628;3661.8533;-596.55334;6110.824;-41.986668;-212.94667
1991-02-21;-6.917904;-9.426202;-6.4963775;744.3361;1.0545925;62.131546;100.0;0.23061176;205.94041;1121.2158;2.2192895;-0.067688525;0.0;0.14103949;0.14104694;0.0;2.1941774;980.2172;3955.6929;-1045.43;5438.352;-53.325554;-212.99777
1991-02-22;-8.017936;-13.946784;-10.415122;749.82965;1.5734104;23.75354;100.0;0.23182137;211.56671;1097.0865;0.003566372;-0.020334497;0.0;0.14083833;0.14083833;0.0;0.0018514693;1299.4327;5170.782;-1761.55;4149.16;-16.067778;-125.263336
1991-02-23;-5.1000113;-18.142694;-13.124255;749.71387;1.0412922;58.899628;100.0;0.23180532;216.12498;1073.8119;0.0129669905;-0.023419037;0.0;0.14062226;0.14063716;0.0;8.195639e-05;1207.8883;4680.5405;-1270.4064;4600.301;-18.43111;-9.32
1991-02-24;-4.086582;-14.760368;-12.183597;749.96466;0.94852924;62.714382;100.0;0.23179738;220.22101;1053.7516;0.0012814999;-0.010650605;0.0;0.14042854;0.14042854;0.0;0.001270324;1274.2234;4814.8477;-1170.7764;4897.4355;-8.442223;-58.005554
1991-02-25;-2.827727;-8.743588;-10.5149145;749.7066;0.8748276;81.224045;100.0;0.23593028;221.48207;1062.9883;24.45957;0.01911167;0.0;0.14021993;0.14022738;0.0;22.521473;1318.265;4865.3706;-638.43915;5750.62;14.954445;-81.632225
1991-02-26;-3.5034485;-4.3039145;-4.6044655;744.123;0.6992027;179.37665;100.0;0.2717037;204.791;1326.2533;16.835869;-0.009035692;0.017985702;0.15801191;0.14001876;0.037226826;14.930219;507.0772;2201.5706;-398.6561;6395.2417;-7.1766667;-106.38
1991-02-27;-4.9209085;-6.592653;-4.6453705;743.2407;0.8749022;247.8163;100.0;0.27604178;213.15656;1297.7295;0.985343;-0.119159;0.0;0.13982505;0.13982505;0.0;0.912115;1057.9323;4408.076;-740.6861;6003.9834;-93.79833;-252.96584
1991-02-28;-5.5082498;-7.457363;-5.3333297;744.1301;0.8216552;213.05766;100.0;0.27628016;222.2503;1245.524;0.025898218;-0.110037625;0.0;0.13960898;0.13961643;0.0;0.022459775;1236.8062;4960.6763;-1110.8853;5472.3657;-86.655556;-290.6489
1991-03-01;-6.048116;-9.112689;-7.1568413;744.8996;0.9994003;107.032745;100.0;0.27621496;229.69269;1204.4678;0.0039677187;-0.05943887;0.0;0.13941526;0.13941526;0.0;0.0022351742;1357.1206;5289.0913;-1457.135;4889.0054;-46.856667;-242.20778
1991-03-02;-5.778979;-9.080779;-8.992896;745.23236;0.9162965;110.72735;100.0;0.27620277;235.4378;1174.9268;0.036612153;-0.015560538;0.0;0.13922155;0.1392141;0.0;0.03578514;1262.3345;4791.4146;-1203.99;5043.5293;-12.356667;-150.49
1991-03-03;-6.102346;-8.380931;-8.435218;746.6209;0.91998315;148.88036;100.0;0.27645394;240.31964;1151.6927;0.5721093;-0.036261976;0.0;0.13901293;0.13901293;0.0;0.55570155;1374.3917;5097.0146;-959.945;5477.74;-28.528889;-224.70555
1991-03-04;-5.3698883;-7.3631096;-6.7738914;745.54877;1.0022998;132.04039;100.0;0.27835417;243.51561;1143.514;8.244636;-0.11591241;0.0;0.13880432;0.13881177;0.0;8.138746;1249.8285;4556.4414;-562.8711;6130.008;-91.26;-243.04
1991-03-05;-3.7817585;-4.691732;-4.404757;738.48334;0.8364115;128.56288;100.0;0.30164704;229.29784;1314.209;39.99798;-0.025318936;0.0;0.1386106;0.1386106;0.0;39.541096;432.8094;1780.3789;-181.6525;6694.2754;-19.953333;-87.04972
1991-03-06;-2.8353271;-4.1999855;-3.0535328;733.4558;0.7558411;100.950676;100.0;0.3309901;219.55467;1508.2601;14.346004;-0.057842582;0.0;0.13840199;0.13840944;0.0;13.976146;741.7233;3205.2961;-381.53946;6612.9033;-45.418335;-174.43445
1991-03-07;-5.8299484;-6.866286;-3.2598674;740.61554;1.3489977;203.09923;100.0;0.34535578;223.25389;1548.7467;5.804679;-0.24705939;0.0;0.13820827;0.13821572;0.0;5.793981;810.39276;3440.2595;-542.7183;6251.7427;-194.51445;-407.85666
1991-03-08;-6.491529;-7.9069657;-4.7891145;744.22516;0.97544575;169.95296;100.0;0.34956038;230.43715;1517.3746;8.825163;-0.22420287;0.0;0.13801455;0.13801455;0.0;8.817718;908.615;3744.5928;-394.86444;6333.2554;-176.51778;-389.07193
1991-03-09;-7.2279053;-8.764755;-5.1861267;736.8033;0.9653182;160.29567;100.0;0.3733417;221.32713;1684.3262;32.60534;-0.1626825;0.0;0.13782084;0.13782084;0.0;32.54004;529.5729;2282.8489;-410.6378;6228.7124;-128.08333;-254.89667
1991-03-10;-9.657856;-16.42076;-9.312637;743.648;1.1512383;41.62959;100.0;0.38899302;219.62823;1773.5189;0.04044175;-0.09591691;0.0;0.13762712;0.13761967;0.0;0.03874302;1402.5719;6044.6743;-1879.3572;4075.0103;-75.50222;-269.57028
1991-03-11;-6.7245064;-16.040918;-12.561265;746.5389;1.0334288;63.700275;100.0;0.3889558;226.75323;1717.0004;0.008392334;-0.013962388;0.0;0.13741851;0.13742596;0.0;0.006686896;1455.7395;6098.1157;-1244.7533;4692.94;-11.003333;-164.54723
1991-03-12;-4.082966;-9.511532;-10.193677;746.7639;0.7008694;117.52241;100.0;0.39028206;232.36261;1680.5013;4.3986764;0.0010691583;0.0;0.1372248;0.1372248;0.0;4.0935016;1193.9647;4865.6987;-567.81836;5836.828;0.8016667;-150.22333
1991-03-13;-3.264384;-4.3660684;-6.03536;743.2366;0.6560386;216.34618;100.0;0.40198752;232.86652;1726.4404;11.205132;-0.0053923577;0.0;0.13703108;0.13703108;0.0;10.491342;878.6486;3720.4685;-328.665;6455.98;-4.3033333;-178.77444
1991-03-14;-3.477539;-4.8507485;-4.0085654;744.0203;0.7544057;210.49286;100.0;0.40610084;241.26332;1685.8724;1.7550915;-0.1189895;0.0;0.13683736;0.13682991;0.0;1.7021968;1132.4089;4675.565;-607.8211;6279.906;-93.64555;-278.3322
1991-03-15;-4.3620605;-6.7983575;-3.9172795;745.0933;0.9157178;124.805244;100.0;0.4073166;250.83495;1626.18;0.9131193;-0.1555048;0.0;0.13662875;0.1366362;0.0;0.81523883;1256.8086;4998.906;-1234.4703;5468.253;-122.47222;-307.62888
1991-03-16;-3.2515156;-9.42714;-6.5426345;748.6218;0.94139785;101.93286;100.0;0.40771043;258.67578;1578.2877;0.0015497198;-0.052675605;0.0;0.13643503;0.13643503;0.0;0.0002644956;1630.3606;6287.7407;-1698.6172;4687.84;-41.544445;-222.0711
1991-03-17;-1.133606;-6.5323434;-6.8659263;749.2739;0.7598466;252.23167;100.0;0.40788305;265.0244;1541.1377;0.5504888;-0.018158928;0.0;0.13624132;0.13624877;0.0;0.28802827;1160.3188;4335.803;-642.0039;5967.533;-14.336667;-110.024445
1991-03-18;-0.36342368;-1.4845276;-3.021469;749.3663;0.5502919;212.88776;100.0;0.40923992;271.74673;1508.4229;2.561617;0.020259991;0.02887845;0.16491115;0.1360476;0.17551333;1.0497458;872.67194;3187.2197;-142.97667;6985.4766;15.943334;-129.20389
1991-03-19;-1.1239725;-1.9317322;-1.0068258;748.9949;0.75171465;120.66836;100.0;0.4128376;279.25034;1480.835;4.00168;-0.05065091;0.08890033;0.22476912;0.13585389;0.59862435;2.714131;796.98303;2657.471;-581.7967;6507.292;-39.603333;-137.08806
1991-03-20;-1.0935568;-3.1646526;-0.712527;749.5345;1.0168577;74.02575;100.0;0.41348028;289.486;1431.1523;0.04757558;-0.13364014;0.11186302;0.24750829;0.13566017;0.8569062;0.032424927;1780.8909;5240.685;-1080.8345;5978.3735;-103.90278;-280.3886
1991-03-21;0.18243408;-3.5966187;-0.43604025;748.0738;0.8798298;150.68631;100.0;0.41115937;300.51758;1370.7275;0.0011354685;-0.15174411;0.5043;0.63976645;0.135459;3.5303812;0.000692904;2315.6055;6096.2637;-1514.3086;5571.26;-117.72444;-293.02
1991-03-22;0.33224487;-2.6899006;-0.27039337;745.9129;0.68214154;66.857124;100.0;0.41038552;309.30502;1328.2471;14.40537;-0.15601608;1.7834306;1.9187033;0.13526529;3.691558;4.0170736;1523.495;3845.0984;-543.1414;6688.223;-121.886665;-186.23
1991-03-23;0.38691202;-0.16431682;0.0063692727;742.05695;1.0091302;34.548656;100.0;0.41337714;310.0143;1332.8451;60.14765;-0.023055822;13.9536705;14.715865;0.76220185;3.9489121;14.75256;368.08;978.3261;29.964445;7346.819;-17.967777;-38.81222
1991-03-24;-0.3352356;-2.3025105;-0.11034393;745.52875;1.3566976;40.04215;100.0;0.42092887;305.76334;1378.3773;0.45233965;-0.17307046;0.96157193;1.0966212;0.13504922;4.2864923;0.03366545;1227.2045;4203.1396;-894.99414;6272.7456;-127.505;-136.1314
1991-03-25;-0.5055745;-3.9671428;-0.27513376;748.3527;1.779668;29.095236;100.0;0.41744947;313.7438;1332.1533;0.0269413;-0.44616872;0.61154366;0.7466972;0.13516843;2.8634017;0.02154708;1975.3817;5806.6567;-1242.06;5859.0713;-337.56055;-183.92084
1991-03-26;0.048482258;-5.960327;-0.3874817;747.61304;1.4114138;20.47159;100.0;0.41350248;322.6146;1283.2845;0.0026625367;-0.31925365;0.9790808;1.1145025;0.1354143;4.533591;8.568168e-05;2552.3506;6730.5215;-1919.5111;5054.4165;-235.16667;-172.80888
1991-03-27;1.3361715;-8.120734;-0.51920825;748.143;1.1045336;70.74651;100.0;0.4096063;332.27637;1234.5377;0.0021511095;-0.2998188;0.6981492;0.8339286;0.13579428;3.2108426;0.0;2872.3772;7011.165;-2115.3328;4839.484;-218.73222;-146.57472
1991-03-28;2.3182983;-4.878985;-0.4158465;750.6055;1.0563155;79.27229;100.0;0.40453276;342.111;1184.082;0.0;-0.2577342;1.4519542;1.5882701;0.13631582;6.4991713;0.0;3011.0044;6944.896;-1992.3262;5084.7354;-185.51111;-137.08
1991-03-29;2.088847;-5.8888955;-0.3537407;752.6899;1.0426172;70.577034;100.0;0.39670038;351.04785;1131.7139;0.0008523463;-0.35987422;2.3015141;2.4385154;0.13702363;8.668005;0.0;3044.3594;6729.1855;-1782.3195;5347.824;-260.81668;-122.97889
1991-03-30;2.1656902;-3.214925;-0.29413858;750.73883;1.0356048;99.14095;100.0;0.38671193;359.2809;1078.0844;0.34296513;-0.32694358;2.914384;3.0788035;0.16440451;10.72276;0.0;3079.5632;6591.8857;-1601.2472;5595.6367;-236.175;-137.33
1991-03-31;0.87335205;-2.3264363;-0.25932184;747.519;1.0049504;110.63418;100.0;0.37585485;366.55307;1026.8148;0.14888048;-0.3240183;3.2764673;3.416121;0.13967603;10.621984;0.00014901161;2757.4038;5756.158;-1408.5203;5745.858;-238.1189;-153.74583
1991-04-01;1.4839376;-1.473348;-0.27872977;748.70123;1.0023961;85.77325;100.0;0.36487225;373.89908;977.33563;0.0036239624;-0.4107682;3.4063458;3.5831332;0.17677993;11.109874;0.0015087426;3103.844;6360.281;-1442.747;5774.283;-303.80112;-218.21417
1991-04-02;2.145518;-0.58599854;-0.18193309;749.1843;0.8689008;174.23204;100.0;0.3525217;380.5;927.85645;0.12970567;-0.32867026;4.3542385;4.550844;0.19662827;12.897245;0.0048726797;2771.1516;5597.1685;-989.6614;6323.642;-241.53778;-174.70555
1991-04-03;0.6696574;-0.5310974;-0.06985346;745.84937;0.73120123;208.12889;100.0;0.34640184;382.5078;905.31415;26.11325;-0.07751305;7.1033983;7.335916;0.23251772;5.9209895;7.796254;979.45886;1963.6572;-229.7439;7047.461;-57.81111;-76.70333
1991-04-04;-0.78293866;-1.9456482;-0.037757874;741.56586;1.0298086;210.54845;100.0;0.3563284;353.14224;1008.58563;14.387899;-0.26088768;3.4004748;3.831774;0.43129176;5.5319295;9.036295;1401.8;4833.226;-672.3406;6584.2563;-192.85889;-240.49
1991-04-05;-1.7085775;-3.3364055;-0.1399358;743.75165;1.1497802;151.29816;100.0;0.35485902;352.6289;1007.4463;2.0786226;-0.5576173;1.278013;1.4586896;0.18067658;3.283631;0.73216486;1975.8317;6040.2217;-1032.0333;6126.933;-422.65332;-380.19888
1991-04-06;-1.032074;-4.590088;-0.253863;745.45197;1.0602765;130.38911;100.0;0.3513287;357.90073;982.91016;0.11965655;-0.63125604;1.1323541;1.3298094;0.19744039;3.8346257;0.0072680414;2332.361;6378.669;-1429.3062;5640.2188;-477.45557;-286.75446
1991-04-07;0.11327108;-3.8482056;-0.37848154;749.33014;1.1050588;92.808876;100.0;0.34650075;365.64615;949.0153;0.00086426735;-0.46652928;1.545608;1.758799;0.21319091;5.314596;0.00043585896;2868.405;7190.1504;-1768.492;5303.4146;-344.66;-259.34332
1991-04-08;2.5408528;-4.5573425;-0.30425897;747.95996;0.87485623;125.21476;100.0;0.33982956;374.82065;908.40656;3.4128428;-0.39779955;2.8993487;3.1278133;0.2284944;7.8782253;0.4623048;3123.9805;7349.7656;-1555.3066;5663.831;-287.80777;-148.49333
1991-04-09;-0.581075;-1.1671346;-0.033754986;742.0783;0.920019;185.8944;100.0;0.34190163;360.2897;948.5677;21.23724;-0.17320085;6.362453;6.9156885;0.55324286;7.7416654;9.652599;1120.9177;3476.75;-237.89417;7061.1157;-127.708885;-223.5389
1991-04-10;-2.6293743;-3.5947368;-0.17424393;743.107;0.91856384;215.4795;100.0;0.34498116;351.8278;980.79425;8.338347;-0.3930265;0.5401969;0.8172989;0.27710944;1.1031814;7.066712;1510.7733;4785.3555;-919.5906;6174.344;-298.21555;-362.7311
1991-04-11;-2.4888203;-3.7967732;-0.23900223;744.1724;0.69909054;191.45294;100.0;0.35024202;347.70053;1007.4056;7.7927885;-0.3873743;0.14486909;0.4517287;0.3068596;0.30736253;6.6203475;1431.3611;4508.0537;-859.2711;6247.009;-294.18;-326.08112
1991-04-12;-2.363678;-4.243225;-0.23150127;745.2998;0.8617304;235.8534;100.0;0.35635415;341.33365;1044.6371;5.5358515;-0.5546361;0.5702749;0.90409815;0.3338307;1.1188574;3.86668;1867.4166;5978.891;-956.4339;6155.678;-420.15778;-405.8589
1991-04-13;-1.5524597;-5.7340493;-0.2673823;749.55347;0.9464628;158.05733;100.0;0.35638908;344.99512;1034.5865;0.12624264;-0.7343609;0.597544;0.9558946;0.35835057;2.2302866;0.005841255;2409.3071;7155.6177;-1477.1378;5575.958;-556.1089;-370.64667
1991-04-14;-0.59920245;-4.939097;-0.37395605;751.385;0.9565292;113.71725;100.0;0.35337755;352.9401;1002.9297;0.033926964;-0.54681116;0.85136294;1.2322664;0.38088858;3.234513;0.0;2614.5627;6953.25;-1631.7239;5420.2456;-408.63055;-255.38777
1991-04-15;0.5658264;-3.1842346;-0.28582892;750.4285;0.91485196;129.43822;100.0;0.34883022;361.87338;965.73895;4.1315556;-0.37350413;2.0325928;2.4345815;0.40198117;5.4335074;0.6841272;2550.3994;6272.0693;-1300.4105;5859.2246;-274.3989;-185.50111
1991-04-16;0.7554118;-0.6990967;-0.021551767;746.6226;0.83189416;150.32948;100.0;0.3530489;354.96646;994.9544;15.385556;-0.10926463;3.6484451;4.1419864;0.49354136;5.539045;7.368412;930.1372;2802.3328;-229.87833;7064.5146;-79.88333;-113.30556
1991-04-17;1.0221252;0.15112305;0.008950551;746.91534;0.82823724;219.09206;100.0;0.34782997;350.96127;991.862;29.329538;-0.18887314;12.519702;14.478043;1.9583404;11.513442;6.637629;1598.6244;4565.7847;-199.8075;7224.9146;-135.94444;-213.34555
1991-04-18;-0.03036499;-3.7416382;-0.13091278;750.2487;1.3071313;177.03981;100.0;0.34931853;335.90396;1040.9342;3.8104386;-0.55745244;2.6948004;3.2825618;0.58775395;6.3272195;2.3762808;1994.6472;6824.17;-1331.0144;5786.0835;-417.25333;-260.84888
1991-04-19;1.6637675;-4.469635;-0.45105872;754.0004;1.1085527;100.31192;100.0;0.34545085;343.17578;1008.7077;0.0;-0.33223444;0.82179904;1.4573038;0.6355196;2.6752577;0.0;2719.4255;7977.219;-1981.3108;5009.6904;-235.93333;-175.8211
1991-04-20;3.6557007;-3.6248372;-0.33474985;753.5816;1.1096731;153.31065;100.0;0.34018436;352.79263;966.3493;0.0017037609;-0.36119485;2.2424607;2.9517412;0.7092804;7.389255;0.0;2986.3706;7869.488;-1681.1683;5500.7544;-257.22333;-141.17223
1991-04-21;3.9838154;-0.9930013;-0.22700374;751.809;1.388668;180.7503;100.0;0.32896104;360.60254;914.8763;0.0044882298;-0.34463406;4.754886;5.6503415;0.8954704;13.586465;0.0;3129.5317;7635.5723;-1559.1478;5682.84;-245.71556;-118.03111
1991-04-22;2.73349;-1.5185242;-0.28383002;751.77435;1.1517962;163.31241;100.0;0.31554973;368.05273;860.02606;0.0022161684;-0.37655234;5.159646;6.0261936;0.8665621;13.30464;0.0006109476;3376.3179;7782.8955;-1667.015;5540.9663;-270.05;-192.44556
1991-04-23;3.9792278;-2.1947834;-0.27430597;752.6496;1.1324079;79.42553;100.0;0.30130598;376.0703;803.7923;0.0016940758;-0.3701048;5.75836;6.7287087;0.9703338;14.866162;0.0;3574.4578;7898.708;-1640.3308;5630.786;-264.03333;-139.27
1991-04-24;4.3641458;-0.8883565;-0.20760472;750.81445;1.1265634;176.70964;100.0;0.2850491;382.79916;747.5179;2.7668178;-0.2859868;8.431614;10.601968;2.1703541;18.154509;0.0;2997.7017;6411.8745;-1169.0864;6169.8257;-202.44112;-93.223335
1991-04-25;6.2881775;-1.3592325;-0.26685843;750.6394;1.0930196;218.96161;100.0;0.2673668;389.85254;688.5173;0.30999184;-0.35810286;7.6333804;9.172246;1.5388727;17.86049;0.0;3349.96;6992.3823;-1353.9;5990.1035;-256.19724;-74.17
1991-04-26;4.470164;-4.357371;-0.3698667;751.6936;1.4288745;229.90785;100.0;0.25031045;397.93002;631.71387;0.05214572;-0.7246733;5.902186;7.6494813;1.7473102;15.946001;0.0;3771.641;7726.9604;-1873.3177;5316.1313;-541.9289;-45.43667
1991-04-27;3.58609;-4.6053367;-0.47847876;752.90967;1.2201725;101.00718;100.0;0.23419194;407.42383;577.7995;0.0;-0.44575706;6.1168075;8.600995;2.4841876;16.170734;0.0;3900.0745;7874.26;-1879.7792;5327.53;-323.6078;-121.505554
1991-04-28;5.2436523;-3.497701;-0.40889612;753.4233;1.3553351;38.426216;100.0;0.21584392;417.10156;520.22296;0.020951033;-0.40691346;8.192137;10.7456;2.553463;19.55003;0.0;3920.4329;7825.7656;-1664.6533;5656.04;-291.31055;-100.10333
1991-04-29;7.57193;-0.3687439;-0.35592398;752.83234;1.2310544;67.03692;100.0;0.19465554;426.07162;459.02505;0.00044107434;-0.33174083;9.329378;13.187424;3.8580372;22.06222;0.0;3907.2595;7730.1377;-1498.8556;5893.8354;-232.81111;-73.886665
1991-04-30;7.6461587;0.93388873;-0.30133948;751.8178;1.1445955;202.98174;99.473145;0.17536227;433.99936;405.8024;0.08403659;-0.20098872;6.837085;10.390252;3.5531745;17.657623;0.0;2650.155;5199.231;-820.4225;6577.0283;-139.86278;-0.046666667
1991-05-01;5.5059714;3.805664;-0.11226908;749.3768;1.0116634;190.09291;97.846596;0.15913673;439.70767;363.4847;4.9913855;-0.017117709;8.27828;12.7300625;4.4517813;16.070534;0.0;1697.0662;3279.1956;37.265;7522.21;-3.5344443;-31.98889
1991-05-02;4.369059;-0.04055786;-0.29824066;747.4509;1.3351446;167.80283;96.16244;0.13885443;441.47134;316.04004;6.034732;-0.6615538;12.050986;17.645718;5.594745;21.581873;0.0;3490.1416;6655.7188;-1313.573;6069.088;-489.18668;-135.66444
1991-05-03;3.7721863;-1.8023173;-0.7367528;748.9422;1.0951389;84.95446;95.0424;0.11871465;447.10678;266.68295;0.43350458;-0.5004667;8.279383;15.636206;7.3568225;19.366142;0.0;3927.547;7420.3584;-1637.6564;5673.749;-358.54224;-185.84445
1991-05-04;2.7987263;-1.4069418;-0.6921056;750.96027;1.105761;49.632538;94.43156;0.1001511;449.83755;223.2259;5.0854087;-0.44490024;9.416863;18.288507;8.87163;17.983433;5.5879354e-06;3516.3384;6603.7324;-1393.6661;5934.973;-319.41223;-203.59334
1991-05-05;4.244242;-5.348287;-0.9541308;751.0695;1.4873705;47.900837;94.09945;0.08131377;450.0;181.59993;0.06273389;-0.7980801;7.63008;16.609951;8.979887;19.318867;6.7055225e-05;3883.8232;7259.6387;-1406.2245;5931.254;-591.85114;-228.03555
1991-05-06;7.022461;-3.1490872;-1.2061857;749.8295;1.0142056;146.67729;91.47648;0.05818041;450.0;130.57454;0.06462932;-0.34480914;11.332907;23.430855;12.0979395;24.663898;0.0;4188.8296;7741.254;-1508.8811;5936.4185;-248.43556;-268.88443
1991-05-07;6.4613853;0.37555948;-1.2421201;749.7827;1.3232566;115.4571;74.889244;0.035544794;450.0;79.7526;3.9603472;-0.5806666;10.083943;22.623972;12.540043;20.522856;0.0;4016.8945;7036.1133;-1367.7592;6149.3545;-410.17667;-280.75446
1991-05-08;7.450775;1.8644205;-0.90876263;751.96063;1.1397544;175.60909;43.86043;0.019167623;450.0;43.29427;2.684641;-1.3782922;5.7697;17.93757;12.167827;13.659913;0.0;4788.2456;7200.7812;-1387.5941;6438.4956;-958.19;-463.45444
1991-05-09;7.0655212;2.6216736;-0.7021179;749.6023;1.4617338;233.57178;21.625488;0.0094304485;450.0;21.321615;7.062572;-1.8821126;4.8152504;16.206026;11.390745;7.2094536;0.0;4960.7847;6774.8145;-1613.9597;6365.0703;-1308.655;-697.06335
1991-05-10;5.104177;0.3056437;-1.1195755;748.1304;1.3100051;95.7223;10.325032;0.0044992366;450.0;10.050456;1.977527;-2.296445;1.530394;12.14388;10.613501;3.518615;0.0;5119.3506;6682.3936;-1729.0767;6221.173;-1595.8683;-981.8422
1991-05-11;4.905935;-1.1285197;-1.3251241;748.86566;1.1797225;103.59214;4.9228516;0.0021457672;450.0;5.004883;0.90077317;-2.5636358;0.6329566;10.422066;9.789102;1.6548373;0.0;5821.67;7457.2607;-2209.8374;5792.183;-1781.7267;-1086.1555
1991-05-12;6.29717;-0.7021179;-0.8238538;748.59235;1.2265598;191.27672;2.2965496;0.000999848;450.0;2.6855469;3.0008256;-2.6576836;0.8556545;9.774566;8.918911;0.80547106;0.0;5553.3066;7051.83;-1967.4294;6148.141;-1846.5723;-1066.8933
1991-05-13;7.4520774;0.30647787;-0.5303345;748.9109;1.240411;251.36855;1.0294596;0.00044715405;450.0;1.2613932;0.7204354;-2.7401094;0.21758676;8.330107;8.11252;0.386782;0.0;5379.6934;6807.8276;-1914.4913;6301.11;-1903.5645;-991.70886
1991-05-14;6.2309775;2.1975605;-0.094688416;747.9632;1.2429509;204.27612;0.4542643;0.00019745032;450.0;0.40690103;10.112929;-2.2394798;2.433136;9.837538;7.404424;0.16333163;0.0;4652.6157;5883.2153;-1625.5383;6584.4585;-1555.7034;-1050.3177
1991-05-15;6.7646995;2.7163086;0.00997289;747.9658;1.533346;164.2169;0.20629883;8.952618e-05;450.0;-7.345365e-21;3.1831055;-2.3316164;0.62061846;7.422581;6.8019705;0.07871166;0.0;4325.705;5472.77;-1258.125;7054.8735;-1619.6956;-916.9778
1991-05-16;5.3608193;4.772074;0.00984319;744.1442;1.2519227;206.15562;0.100748695;4.4465065e-05;450.0;-7.345365e-21;33.52514;-0.6728042;10.34382;17.75536;7.4115396;0.0224635;0.0;840.64886;1060.9845;-147.46556;7816.6084;-467.3611;-226.50778
1991-05-17;5.040853;0.76188153;0.0006243388;746.7116;1.4783225;224.16032;0.052246094;2.2451082e-05;450.0;-7.345365e-21;1.7577208;-2.703297;0.34168363;6.327182;5.985513;0.018589199;0.0;5128.98;6472.223;-1551.3384;6631.5576;-1877.9111;-1442.2311
1991-05-18;5.8024597;-0.4601237;-0.5684331;748.9307;1.0762299;160.1328;0.022786459;9.934108e-06;433.96387;-7.345365e-21;0.98569995;-2.9883263;0.16741455;5.8674517;5.700052;0.009004027;0.0;5893.6636;7428.23;-2211.9678;6010.4243;-2075.8955;-1350.2045
1991-05-19;5.7898765;-0.9655965;-0.7327957;749.771;1.0134724;106.51639;0.010172526;4.3710074e-06;428.6439;-7.345365e-21;3.5666406;-2.885813;0.68597496;6.1107726;5.42479;0.0037811697;0.0;5652.965;7116.5913;-2180.2588;6036.677;-2004.6788;-1126.2478
1991-05-20;7.473633;-0.6422933;-0.4796575;751.0056;1.1207057;166.45627;0.0044759116;1.7881393e-06;428.09634;-7.345365e-21;0.33737487;-3.0656672;0.051632524;5.211994;5.160354;0.0016503036;0.0;5620.1934;7067.7505;-2122.7952;6153.1636;-2129.6167;-1023.65
1991-05-21;5.449076;-1.5037842;-0.5010872;745.9653;1.7989019;230.8748;0.052815754;2.4914742e-05;393.00162;0.12207031;7.3083577;-2.8045309;1.2182742;6.127715;4.9094257;0.0006593764;0.40562078;5640.331;7085.4775;-2055.2595;6085.7866;-1948.2156;-1446.4634
1991-05-22;1.9357809;0.25682577;-1.6942888;743.434;0.92790216;254.43303;3.0631511;0.0004178683;143.9798;2.8483074;7.6214848;-2.0267553;1.4937073;6.1689467;4.6752396;0.66777694;0.19500777;4019.9;5116.79;-1216.23;6690.812;-1408.2189;-1348.31
1991-05-23;1.2571005;-0.2640381;-3.0056458;744.59033;1.329679;133.96765;0.92944336;0.00015087922;147.79913;0.7324219;7.6390057;-2.175212;1.3502389;5.808979;4.4587555;0.15717745;0.4841946;4451.5615;5597.991;-1369.7158;6488.0864;-1511.1589;-1514.7411
1991-05-24;4.4267173;-3.7987976;-4.939752;750.07745;1.0626885;58.12318;2.6694336;0.00034081936;139.20702;2.319336;0.039354734;-3.2598143;0.14133751;4.3994484;4.2581186;0.62431026;0.019781291;6185.5317;7834.9043;-2311.0027;5732.358;-2265.5134;-1226.6666
1991-05-25;8.01297;-0.29292807;-2.2128346;751.9577;1.0197985;165.08171;0.38256836;5.3048134e-05;150.81378;-7.345365e-21;0.007396936;-3.5529678;0.022679567;4.09396;4.0712876;0.10592118;0.0;6591.528;8257.98;-2321.9875;6126.797;-2468.149;-1180.9567
1991-05-26;8.549031;-0.28128052;-3.5097096;749.748;1.2202445;138.60085;0.055826824;7.6293945e-06;150.8203;-7.345365e-21;0.8203566;-3.2680948;0.118136406;4.015774;3.8976371;0.014532357;0.0;6012.8364;7514.8945;-2326.1897;6080.956;-2270.2378;-1136.2
1991-05-27;7.913442;-1.1832886;-3.9296455;746.7236;1.3604497;170.8086;0.008707683;1.0728836e-06;150.8203;-7.345365e-21;1.1117488;-3.429655;0.15477091;3.8897097;3.7349315;0.0024177134;0.0;6352.484;7929.6313;-2425.7573;5914.9834;-2382.469;-1306.1256
1991-05-28;6.6463623;-2.364278;-6.585177;746.31805;1.3120244;172.33557;0.0008951823;-7.3453654e-25;131.78285;-7.345365e-21;0.0;-3.5282168;5.9604645e-05;3.581375;3.5813303;0.0003799796;0.0;6795.0244;8472.815;-2709.123;5483.188;-2450.9355;-1514.5978
1991-05-29;6.441101;-2.7468262;-2.84632;746.7874;1.6218222;161.99078;0.0;-7.3453654e-25;111.80955;-7.345365e-21;0.00044204996;-3.5223217;5.9604645e-05;3.4357905;3.4357457;6.7055225e-05;0.0;6836.9355;8516.018;-2687.1675;5537.8843;-2446.84;-1336.6344
1991-05-30;4.92573;-2.7909648;-0.8697853;748.425;1.8182403;216.27266;0.0;-7.3453654e-25;107.39939;-7.345365e-21;0.34387708;-2.6061013;0.039458275;3.338635;3.2991767;7.4505806e-06;0.0;5256.666;6540.5312;-2014.885;5968.3374;-1810.3722;-1452.6578
1991-05-31;5.826986;-3.5155334;-0.39943567;750.00854;1.5227026;231.87207;0.0;-7.3453654e-25;101.57257;-7.345365e-21;0.021204352;-2.9028625;0.0022947788;3.1727405;3.1704454;0.0;0.0;5937.742;7380.2866;-2252.936;5813.0166;-2016.5222;-1409.3367
1991-06-01;8.078613;-3.6878662;0.010228475;750.93726;1.3208481;223.85881;0.0;-7.3453654e-25;99.99998;-7.345365e-21;0.0;-3.4636557;0.0;3.047824;3.047824;0.0;0.0;6829.5146;8479.823;-2579.0923;5723.04;-2406.0854;-1415.38
1991-06-02;8.485972;-2.90742;0.009835561;749.9363;1.3839493;178.06981;0.0;-7.3453654e-25;99.99998;-7.345365e-21;0.5119741;-3.2168999;0.051900744;2.983615;2.9317214;0.0;0.0;6428.71;7973.797;-2437.0933;5927.9585;-2234.6746;-1415.3044
1991-06-03;9.052063;-0.7869873;0.009820302;749.9404;1.2099081;86.14887;0.0;-7.3453654e-25;99.99998;-7.345365e-21;0.077688694;-3.4547336;0.007480383;2.829045;2.8215349;0.0;0.0;6610.463;8190.47;-2535.169;6030.161;-2399.8867;-1207.8156
1991-06-04;9.735748;0.12952678;0.010119121;748.5947;1.3326408;100.73862;0.0;-7.3453654e-25;99.99998;-7.345365e-21;0.0866652;-3.3420007;0.008136034;2.7250648;2.716899;0.0;0.0;6462.9775;7999.3066;-2448.209;6177.1245;-2321.5767;-1283.6444
1991-06-05;9.81958;-0.38865152;0.009768168;748.361;1.3520766;127.007835;0.0;-7.3453654e-25;99.99998;-7.345365e-21;0.067994;-3.275687;0.0059455633;2.623722;2.6177838;0.0;0.0;6307.5093;7798.6133;-2282.0684;6383.2593;-2275.5112;-1367.68
1991-06-06;10.381531;-0.59173584;0.00949351;747.81976;1.5908875;179.49243;0.0;-7.3453654e-25;99.99998;-7.345365e-21;0.13846159;-3.1253471;0.0123381615;2.5361776;2.5238395;0.0;0.0;6468.1606;7988.999;-2409.6882;6254.5347;-2171.0745;-1564.9689
1991-06-07;8.807739;-0.052856445;0.010060628;748.04913;1.2538434;122.459694;0.0;-7.3453654e-25;99.99998;-7.345365e-21;2.9585361;-2.6622283;0.3080368;2.743423;2.4353936;0.0;0.0;5863.1665;7234.008;-2234.3472;6356.935;-1849.3611;-1527.1677
1991-06-08;10.718689;-0.020406088;0.009873708;749.81976;1.1825541;151.89503;0.0;-7.3453654e-25;99.99998;-7.345365e-21;0.0009536743;-3.4510548;7.4505806e-05;2.3513584;2.3512914;0.0;0.0;6817.92;8403.27;-2617.48;6141.2246;-2397.3333;-1380.7045
1991-06-09;12.968872;0.4091797;0.009911855;749.65186;1.0889846;185.11568;0.0;-7.3453654e-25;99.99998;-7.345365e-21;0.0008591494;-3.4622922;7.4505806e-05;2.2704601;2.2703857;0.0;0.0;6914.0874;8512.902;-2729.5027;6232.8154;-2405.14;-1247.1034
1991-06-10;13.176961;-0.40574136;0.009961446;746.611;1.5661845;198.5061;0.0;-7.3453654e-25;99.99998;-7.345365e-21;0.0;-3.3123977;0.0;2.193317;2.193317;0.0;0.0;6925.2466;8517.736;-2782.7256;6200.6606;-2301.0122;-1420.6211
1991-06-11;10.377574;-1.8571268;0.010068257;744.2739;1.1586291;156.11604;0.0;-7.3453654e-25;99.99998;-7.345365e-21;0.0;-2.7954774;0.0;2.120167;2.1201744;0.0;0.0;6733.8794;8273.668;-2688.4705;6126.751;-1941.9244;-1827.4089
1991-06-12;9.818746;0.73531085;0.010058085;746.07306;0.9687379;95.70405;0.0;-7.3453654e-25;99.99998;-7.345365e-21;0.6238964;-2.27643;0.04696846;2.098322;2.0513682;0.0;0.0;5482.242;6728.738;-2034.4584;6806.9287;-1581.36;-1486.3389
1991-06-13;10.493764;2.3600872;0.009857178;749.2381;1.0866529;102.92802;0.0;-7.3453654e-25;99.99998;-7.345365e-21;1.0720832;-2.2180042;0.0795424;2.0660162;1.9864812;0.0;0.0;5479.895;6718.7935;-2185.8845;6701.68;-1540.7744;-1489.2789
1991-06-14;11.66745;1.0150858;0.0099983215;751.22656;1.1953746;120.24317;0.0;-7.3453654e-25;99.99998;-7.345365e-21;0.34081936;-2.701603;0.024825335;1.9490421;1.9242018;0.0;0.0;6372.4365;7805.0513;-2482.2866;6545.4097;-1876.7134;-1594.4889
1991-06-15;12.233754;2.8481953;0.00997289;752.4253;1.1025063;89.369385;0.0;-7.3453654e-25;99.99998;-7.345365e-21;2.5771961;-2.4056396;0.2103597;2.0750017;1.8646493;0.0;0.0;5728.124;7008.662;-2210.584;6918.483;-1671.1178;-1362.3844
1991-06-16;12.498047;5.544393;0.010052999;752.93384;1.1897079;82.65827;0.0;-7.3453654e-25;100.00259;-7.345365e-21;0.7079363;-2.6209393;0.049099326;1.8574595;1.8083751;0.0;0.0;5694.707;6966.6143;-2115.828;7055.364;-1820.6788;-1380.3267
1991-06-17;12.838654;5.921;0.009714763;754.4826;1.3368107;37.780308;0.0;-7.3453654e-25;99.99998;-7.345365e-21;0.31283498;-2.523738;0.022053719;1.776427;1.7543659;0.0;0.0;5651.6313;6913.0444;-2037.075;7199.9287;-1753.1566;-1458.18
1991-06-18;14.44458;5.5481668;0.0102170305;752.96185;1.650907;38.09724;0.0;-7.3453654e-25;99.99998;-7.345365e-21;0.0004351138;-2.8022118;2.9802322e-05;1.7021894;1.7021447;0.0;0.0;6795.864;8311.861;-2729.2212;6633.2666;-1946.6022;-1662.5566
1991-06-19;14.530284;4.2122293;-0.0029614766;750.90314;1.6003839;41.056946;0.0;-7.3453654e-25;100.00974;-7.345365e-21;0.0008583069;-2.5772574;5.9604645e-05;1.6518235;1.6517863;0.0;0.0;6866.188;8396.796;-2837.7961;6563.9795;-1790.3345;-1761.3778
1991-06-20;15.50291;5.194224;0.010009766;749.8389;1.0487455;86.82894;0.0;-7.3453654e-25;99.99998;-7.345365e-21;0.06407499;-2.3348854;0.0043436885;1.60788;1.6035438;0.0;0.0;6471.9194;7913.62;-2653.3079;6953.3833;-1621.9667;-1622.3478
1991-06-21;16.051657;2.4609478;0.009625752;751.11914;1.2553943;112.842415;0.0;-7.3453654e-25;99.99998;-7.345365e-21;0.21107677;-2.1580198;0.013917685;1.5713274;1.5574098;0.0;0.0;6246.507;7636.951;-2673.226;6965.682;-1499.1045;-1636.97
1991-06-22;16.430796;0.1002299;0.010101318;753.54535;1.516888;108.73278;0.0;-7.3453654e-25;99.99998;-7.345365e-21;0.003880262;-1.9378252;0.00023841858;1.5136003;1.5133321;0.0;0.0;5951.5366;7275.311;-2683.5667;6864.0083;-1346.1433;-1531.3678
1991-06-23;16.257895;1.3703918;0.009847005;754.11847;1.4632548;98.7176;0.0;-7.3453654e-25;99.99998;-7.345365e-21;0.00085234636;-1.9795765;5.9604645e-05;1.4709979;1.4709458;0.0;0.0;6707.7607;8198.79;-2973.301;6713.632;-1375.1455;-1881.2322
1991-06-24;16.759695;3.558543;0.010222117;753.53107;1.3721792;84.30069;0.0;-7.3453654e-25;99.99998;-7.345365e-21;0.78493357;-1.9667745;0.05041063;1.4804751;1.430057;0.0;0.0;6557.731;8014.379;-2900.284;6935.4834;-1366.2522;-1736.6788
1991-06-25;17.54664;2.787384;0.009920756;750.6943;1.4037701;80.88642;0.0;-7.3453654e-25;100.00519;-7.345365e-21;0.017404556;-2.1339319;0.0010728836;1.3919473;1.3908893;0.0;0.0;6506.132;7950.291;-2885.4805;6973.2656;-1482.3711;-1639.9412
1991-06-26;16.3119;0.9867554;0.009890239;747.7348;1.5520104;125.27831;0.0;-7.3453654e-25;99.99998;-7.345365e-21;0.4965365;-1.7709816;0.031009316;1.3844371;1.3534427;0.0;0.0;6440.4956;7869.079;-2898.4543;6730.449;-1230.2422;-2056.4155
1991-06-27;15.084656;-1.4206543;0.0102170305;747.7078;1.38195;185.88245;0.0;-7.3453654e-25;99.99998;-7.345365e-21;0.00044107434;-1.783587;2.9802322e-05;1.317516;1.3174713;0.0;0.0;6981.7144;8529.245;-3136.96;6422.012;-1238.9983;-2310.3633
1991-06-28;14.760304;-1.4790548;0.009961446;749.8408;1.1627622;160.44814;0.0;-7.3453654e-25;99.99998;-7.345365e-21;0.018046552;-1.6138833;0.0010281801;1.283735;1.2827069;0.0;0.0;6825.7534;8337.628;-3084.953;6482.8276;-1121.1111;-2272.9412
1991-06-29;15.853648;-1.5642496;0.009990692;751.98944;1.305041;104.164;0.0;-7.3453654e-25;99.99998;-7.345365e-21;0.0008523463;-1.6415855;5.9604645e-05;1.2492687;1.2492166;0.0;0.0;7004.0;8554.23;-3205.0283;6532.176;-1140.3545;-2192.6467
1991-06-30;17.589172;1.4401957;0.009938558;751.4707;1.354386;93.498055;0.0;-7.3453654e-25;99.99998;-7.345365e-21;0.0004351138;-1.6221712;2.9802322e-05;1.2168884;1.2168586;0.0;0.0;6887.6475;8411.049;-3123.9177;6836.9556;-1126.8678;-2066.6233
1991-07-01;16.576141;-0.6496379;0.009986877;750.638;1.5348291;119.12771;0.0;-7.3453654e-25;99.99998;-7.345365e-21;0.012511015;-1.4287727;0.0006556511;1.1864305;1.1857972;0.0;0.0;6601.947;8061.0645;-3054.67;6747.208;-992.5211;-2266.1611
1991-07-02;16.158957;-2.452779;0.0099817915;751.6682;1.3944129;111.96655;0.0;-7.3453654e-25;99.99998;-7.345365e-21;0.0017166131;-1.3188217;0.00010430813;1.1561811;1.1560917;0.0;0.0;6201.19;7570.769;-2909.1238;6809.5254;-916.1411;-2033.5945
1991-07-03;16.443024;1.9547602;0.010096232;752.32733;1.0785029;83.60299;0.0;-7.3453654e-25;99.99998;-7.345365e-21;0.09281587;-1.3731494;0.0051259995;1.1326373;1.1275113;0.0;0.0;6145.5234;7501.7524;-2740.3044;7182.6045;-953.8811;-1966.4288
1991-07-04;17.150778;3.6578877;0.010096232;752.04565;1.057598;81.48117;0.0;-7.3453654e-25;99.99998;-7.345365e-21;0.038327537;-1.347498;0.0018775463;1.1018217;1.099959;0.0;0.0;5899.1597;7200.202;-2682.8306;7317.931;-936.0622;-1830.1633
1991-07-05;19.087332;-0.02428182;0.010073344;751.21967;1.2921966;133.01788;0.0;-7.3453654e-25;100.00259;-7.345365e-21;0.0;-1.4998075;0.0;1.0732114;1.0732263;0.0;0.0;6906.4443;8428.563;-3320.8772;6794.6;-1041.8667;-2105.4612
1991-07-06;18.34491;-3.6164246;0.010103862;749.9099;1.4413562;186.59479;0.0;-7.3453654e-25;99.99998;-7.345365e-21;0.0034344895;-1.396005;0.0001937151;1.0475218;1.0473356;0.0;0.0;7119.452;8687.419;-3640.1145;6306.552;-969.75775;-2189.2744
1991-07-07;15.450612;-3.3359783;0.0098559065;747.9426;1.480209;220.77791;0.0;-7.3453654e-25;99.99998;-7.345365e-21;0.0008583069;-1.190124;5.9604645e-05;1.0225773;1.0225177;0.0;0.0;7083.286;8642.184;-3436.5867;6175.9478;-826.74;-2641.361
1991-07-08;15.415822;0.47568765;0.009662628;747.7331;1.1586697;160.79713;0.0;-7.3453654e-25;99.99998;-7.345365e-21;0.0025834688;-1.234509;0.00014901161;0.9987056;0.9985566;0.0;0.0;6914.5117;8435.17;-3206.875;6585.4385;-857.5722;-2448.0366
1991-07-09;15.521088;0.8682149;0.009866078;748.02423;1.3154277;138.60747;0.0;-7.3453654e-25;99.99998;-7.345365e-21;0.0008583069;-1.1972831;4.4703484e-05;0.9754002;0.9753555;0.0;0.0;7002.926;8541.795;-3232.4644;6565.8804;-831.7133;-2598.64
1991-07-10;15.935638;2.1601868;0.009707133;749.8792;1.3349285;116.263985;0.0;-7.3453654e-25;99.99998;-7.345365e-21;0.0008583069;-1.1925958;4.4703484e-05;0.95298886;0.9529218;0.0;0.0;6797.852;8290.605;-3098.6455;6805.5635;-828.45667;-2469.3223
1991-07-11;16.151377;4.9349465;0.009925842;751.56757;1.3697284;71.49036;0.0;-7.3453654e-25;99.99998;-7.345365e-21;0.0;-1.122836;0.0;0.9312928;0.9313002;0.0;0.0;6483.59;7906.109;-2963.1584;6983.3423;-779.99554;-2353.5632
1991-07-12;16.7293;4.6229043;0.009806315;750.34064;1.2231594;78.97129;0.0;-7.3453654e-25;99.99998;-7.345365e-21;0.025212765;-1.0888706;0.0014007092;0.91186166;0.91046095;0.0;0.0;6171.0073;7524.1387;-2868.949;7117.3667;-756.4022;-2156.5933
1991-07-13;17.077515;0.6309001;0.010008494;746.4602;1.5222028;111.328;0.0;-7.3453654e-25;99.99998;-7.345365e-21;0.0025510788;-1.1419272;0.00011920929;0.8904338;0.8903146;0.0;0.0;6613.669;8062.862;-3039.8545;6954.4126;-793.2589;-2390.8245
1991-07-14;16.318268;3.1512654;0.009962718;746.169;1.1758653;94.862274;0.0;-7.3453654e-25;99.99998;-7.345365e-21;0.5757451;-1.1558999;0.031411648;0.9022653;0.8708611;0.0;0.0;6357.4614;7749.5444;-2950.4946;6972.5347;-802.9644;-2318.8079
1991-07-15;16.394339;0.21776326;0.009838104;745.76904;1.2957014;117.510216;0.0;-7.3453654e-25;99.99998;-7.345365e-21;0.00011920929;-1.3033515;0.0;0.8520931;0.85208565;0.0;0.0;6604.0522;8049.1123;-3163.6016;6703.298;-905.395;-2275.5266
1991-07-16;16.178427;-0.33278403;0.010041554;748.3973;1.121563;97.09216;0.0;-7.3453654e-25;99.99998;-7.345365e-21;0.009611249;-1.1120495;0.0003874302;0.8342564;0.83386153;0.0;0.0;6203.22;7558.8657;-2911.3494;6993.9087;-772.50336;-2152.24
1991-07-17;16.407928;2.5197346;0.010098775;749.8386;0.92182094;94.45517;0.0;-7.3453654e-25;99.99998;-7.345365e-21;0.13361035;-1.0325983;0.0070929527;0.82343817;0.8163303;0.0;0.0;5885.1006;7169.656;-2830.4617;7112.7046;-717.3111;-2001.2034
1991-07-18;17.513021;3.0523987;0.010093689;749.05884;1.2629436;63.783833;0.0;-7.3453654e-25;99.99998;-7.345365e-21;0.009685754;-1.1416283;0.00040978193;0.799641;0.7992238;0.0;0.0;6523.484;7945.594;-3100.06;6990.2046;-793.0511;-2227.7957
1991-07-19;17.539846;3.5008748;0.010299683;749.44586;1.4770879;140.62038;0.0;-7.3453654e-25;99.99998;-7.345365e-21;0.067934394;-1.0246913;0.0033304095;0.78596175;0.7826239;0.0;0.0;6341.241;7721.85;-2996.4841;7005.6646;-711.8189;-2365.34
1991-07-20;17.859781;3.3200176;0.01000468;751.7471;1.0454963;85.18933;0.0;-7.3453654e-25;99.99998;-7.345365e-21;0.0025689588;-1.0760539;0.00013411045;0.76663494;0.76651573;0.0;0.0;6279.801;7645.287;-2944.1924;7214.4707;-747.4978;-2131.6133
1991-07-21;19.481333;3.4793804;0.01003774;751.61896;1.3640981;69.09485;0.0;-7.3453654e-25;99.99998;-7.345365e-21;0.0010728836;-1.1151657;4.4703484e-05;0.7508099;0.7507801;0.0;0.0;6722.7056;8182.771;-3205.396;7120.87;-774.6678;-2243.8977
1991-07-22;19.149445;3.8521729;0.010219574;748.7836;1.4449191;100.38433;0.0;-7.3453654e-25;99.99998;-7.345365e-21;0.0037163496;-1.0314369;0.00016391277;0.7356703;0.7355213;0.0;0.0;6470.894;7874.4917;-2991.204;7302.529;-716.50446;-2332.0466
1991-07-23;18.116903;5.5611267;0.010027568;748.3371;0.9847067;54.55072;0.0;-7.3453654e-25;100.00259;-7.345365e-21;0.2824406;-0.93339944;0.014409423;0.7353127;0.7209033;0.0;0.0;5493.604;6683.75;-2572.6216;7615.987;-648.4022;-1963.9022
1991-07-24;18.413717;5.8501077;0.009916942;749.4592;1.1047946;98.1698;0.0;-7.3453654e-25;100.00519;-7.345365e-21;0.016560495;-1.0783393;0.0006854534;0.7073879;0.7067174;0.0;0.0;5974.4795;7267.1895;-2833.323;7423.9834;-749.0867;-2072.8745
1991-07-25;19.273611;1.9988302;0.009971619;750.47095;1.3897505;107.52188;0.0;-7.3453654e-25;99.99998;-7.345365e-21;0.002566604;-1.0395907;0.00014901161;0.6929934;0.6928593;0.0;0.0;6421.7544;7809.519;-3099.0273;7166.3228;-722.17;-2205.7522
1991-07-26;17.799753;4.9729614;0.009866078;749.02045;1.5394493;65.99308;0.0;-7.3453654e-25;99.99998;-7.345365e-21;0.2850741;-0.8659689;0.014320016;0.6938875;0.67956746;0.0;0.0;5447.682;6623.4546;-2547.631;7466.072;-601.56;-2139.6746
1991-07-27;17.388092;4.1201477;0.009993236;748.0644;1.296035;115.14938;0.0;-7.3453654e-25;99.99998;-7.345365e-21;0.016957521;-0.97324324;0.0007748604;0.6674826;0.66670775;0.0;0.0;6069.501;7377.812;-2894.7798;7115.6436;-676.0789;-2289.4866
1991-07-28;17.935892;2.1074016;0.009890239;749.36743;0.8479882;82.45686;0.0;-7.3453654e-25;99.99998;-7.345365e-21;0.01998621;-0.8745026;0.00081956387;0.65498054;0.654161;0.0;0.0;5325.481;6472.045;-2604.9775;7480.275;-607.4878;-1758.1711
1991-07-29;19.501364;3.2890117;0.009813945;750.56055;1.1827435;71.94042;0.0;-7.3453654e-25;99.99998;-7.345365e-21;0.0029742718;-0.88748336;0.00011920929;0.64212084;0.6419867;0.0;0.0;5573.523;6771.834;-2778.9238;7458.1587;-616.50446;-1808.0122
1991-07-30;21.542093;3.7188416;0.0098559065;751.05585;1.4479376;92.51172;0.0;-7.3453654e-25;99.99998;-7.345365e-21;0.0008523463;-1.0191779;4.4703484e-05;0.6300509;0.6300062;0.0;0.0;6510.5454;7908.602;-3155.9995;7366.749;-707.9889;-2115.5723
1991-07-31;22.469687;4.480703;0.010349274;750.84796;1.392898;94.81726;0.0;-7.3453654e-25;99.99998;-7.345365e-21;0.0017297571;-0.9502163;8.940697e-05;0.6183982;0.6183088;0.0;0.0;5986.805;7270.7886;-2918.8098;7682.9746;-660.0833;-1927.7689
1991-08-01;22.123678;4.686971;0.009958903;750.24164;1.3621315;127.93655;0.0;-7.3453654e-25;99.99998;-7.345365e-21;0.0016540289;-0.95409155;7.4505806e-05;0.6070137;0.6069541;0.0;0.0;6133.5547;7447.3525;-3051.175;7557.176;-662.7756;-2029.8545
1991-08-02;21.674215;4.266001;0.009869893;750.6347;1.1904786;91.36474;0.0;-7.3453654e-25;99.99998;-7.345365e-21;0.20217344;-0.9686761;0.009074807;0.60500205;0.59592724;0.0;0.0;5849.0156;7100.223;-2831.2122;7730.9106;-672.9067;-1934.57
1991-08-03;21.842041;3.6285706;0.01002121;752.0732;1.1787843;99.85781;0.0;-7.3453654e-25;99.99998;-7.345365e-21;0.0047372747;-0.9249095;0.00017881393;0.5854517;0.585258;0.0;0.0;5759.319;6989.808;-2893.6292;7661.729;-642.50336;-1878.3234
1991-08-04;22.219076;3.4590251;0.009946187;751.3005;1.2560731;142.25139;0.0;-7.3453654e-25;100.03937;-7.345365e-21;0.0;-0.9122975;0.0;0.5748421;0.5748421;3.7252903e-06;0.0;5875.047;7128.6274;-2963.5608;7638.0864;-633.74335;-1924.4033
1991-08-05;21.81133;3.8717651;0.009969075;749.4744;1.3900121;163.092;0.0;-7.3453654e-25;100.00519;-7.345365e-21;0.0017130169;-0.86660314;8.195639e-05;0.5647987;0.5647093;0.0;0.0;5995.4565;7273.1494;-3048.234;7459.82;-602.0011;-2033.7911
1991-08-06;20.12382;1.9206848;0.00985082;749.5866;1.2892174;216.7823;0.0;-7.3453654e-25;99.99998;-7.345365e-21;0.0016920695;-0.8596126;8.940697e-05;0.55491924;0.55482984;0.0;0.0;6583.1226;7984.3364;-3330.7642;6976.7256;-597.1445;-2461.3354
1991-08-07;19.230722;2.6199138;0.00985082;751.8008;1.1404804;178.70927;0.0;-7.3453654e-25;100.00779;-7.345365e-21;0.0017166131;-0.8581365;8.940697e-05;0.5452037;0.5451217;0.0;0.0;6486.149;7865.01;-3234.0122;7023.8037;-596.1189;-2410.399
1991-08-08;19.81366;1.031962;0.01002121;753.15063;1.159475;124.662025;0.0;-7.3453654e-25;99.99998;-7.345365e-21;0.0012828623;-0.8807611;7.4505806e-05;0.53569674;0.5356297;0.0;0.0;6599.817;8001.025;-3398.1257;6922.0415;-611.8356;-2292.4812
1991-08-09;20.938904;0.7915344;0.0099322;752.7959;1.2278636;169.77623;0.0;-7.3453654e-25;99.99998;-7.345365e-21;0.00042126805;-0.8686669;2.9802322e-05;0.5264133;0.5263984;0.0;0.0;6502.575;7881.354;-3325.7856;7071.682;-603.43335;-2219.939
1991-08-10;19.418295;-0.57127887;0.009724935;750.1064;1.3798329;264.80682;0.0;-7.3453654e-25;99.99998;-7.345365e-21;0.0025741137;-0.8175261;0.00011920929;0.51754713;0.5174279;0.0;0.0;6558.803;7947.7456;-3346.0605;6896.9224;-567.9078;-2437.2578
1991-08-11;17.363565;-0.11968994;0.009974162;747.74664;1.4212605;135.5909;0.0;-7.3453654e-25;99.99998;-7.345365e-21;0.00085926976;-0.77514535;4.4703484e-05;0.50874054;0.5087033;0.0;0.0;6552.704;7938.437;-3330.331;6708.8047;-538.4667;-2600.189
1991-08-12;14.447276;4.686432;0.009915669;748.8149;1.0781575;38.91317;0.0;-7.3453654e-25;99.99998;-7.345365e-21;1.9250214;-0.9090314;0.09812415;0.59854984;0.50041825;0.0;0.0;4759.866;5765.3564;-2300.7405;7357.1113;-631.4733;-1840.3767
1991-08-13;15.605357;5.560262;0.009927114;751.45184;1.3178602;39.84329;0.0;-7.3453654e-25;99.99998;-7.345365e-21;0.22500753;-1.2959093;0.011175871;0.50365925;0.49246848;0.0;0.0;5482.645;6639.5796;-2568.8774;7134.9346;-900.2256;-1946.2911
1991-08-14;17.29661;3.922475;0.010275523;751.1265;1.2621789;49.90123;0.0;-7.3453654e-25;99.99998;-7.345365e-21;0.0008523463;-1.2571411;4.4703484e-05;0.48454106;0.4845038;0.0;0.0;6385.367;7730.742;-3093.6362;6881.4165;-873.29333;-2111.879
1991-08-15;18.402527;3.7539265;0.009724935;750.425;1.3899798;108.51879;0.0;-7.3453654e-25;100.00519;-7.345365e-21;0.00079274166;-0.91407543;2.9802322e-05;0.47668815;0.47665834;0.0;0.0;5755.4424;6966.415;-2854.2114;7187.646;-634.9778;-1971.0566
1991-08-16;18.17626;4.976837;0.010009766;750.2625;1.2361069;177.6789;0.0;-7.3453654e-25;100.00519;-7.345365e-21;0.00023841858;-0.73464215;0.0;0.46908855;0.46907365;0.0;0.0;5301.6436;6416.421;-2649.3914;7370.43;-510.33112;-1958.9423
1991-08-17;17.309317;2.6792705;0.009885152;750.35114;1.2736169;232.78656;0.0;-7.3453654e-25;99.99998;-7.345365e-21;0.0012998444;-0.76668525;5.9604645e-05;0.46169758;0.46165287;0.0;0.0;6320.459;7648.485;-3164.1338;6823.5854;-532.5911;-2486.4866
1991-08-18;17.053762;2.092326;0.010144551;749.8785;1.23965;112.8132;0.0;-7.3453654e-25;99.99998;-7.345365e-21;0.0008583069;-0.7511899;2.9802322e-05;0.454396;0.4543513;0.0;0.0;6250.9307;7563.4185;-3170.2363;6811.0723;-521.82666;-2283.2156
1991-08-19;17.20637;5.43396;0.009771983;750.6812;1.2220118;99.43972;0.0;-7.3453654e-25;99.99998;-7.345365e-21;0.0;-0.64907223;0.0;0.44725835;0.44725835;0.0;0.0;5367.5273;6493.91;-2670.6975;7300.689;-450.8889;-2055.66
1991-08-20;17.034698;3.8864338;0.009950002;750.7825;1.2326807;110.94865;0.0;-7.3453654e-25;99.99998;-7.345365e-21;0.0017091634;-0.6776899;8.940697e-05;0.44047832;0.44037402;0.0;0.0;5716.364;6915.053;-2882.8164;7081.7554;-470.7689;-2163.0134
1991-08-21;17.82195;4.8192544;0.009813945;750.991;1.3037915;87.36533;0.0;-7.3453654e-25;100.00519;-7.345365e-21;0.00042617318;-0.69365466;1.4901161e-05;0.4336387;0.4336089;0.0;0.0;5772.7793;6982.4976;-2861.0476;7202.63;-481.8589;-2154.1843
1991-08-22;18.36201;5.648163;0.009825389;752.24945;1.2473328;138.92516;0.0;-7.3453654e-25;100.00259;-7.345365e-21;0.00044107434;-0.7125866;1.4901161e-05;0.42700768;0.42697042;0.0;0.0;6022.001;7283.029;-3002.635;7121.983;-495.0111;-2275.0166
1991-08-23;18.604502;2.0701191;0.009957631;752.3151;1.2871689;181.6333;0.0;-7.3453654e-25;99.99998;-7.345365e-21;0.0008523463;-0.7101223;4.4703484e-05;0.42051077;0.42048097;0.0;0.0;6155.51;7443.6006;-3268.765;6797.5156;-493.2978;-2207.64
1991-08-24;18.297974;-0.47524008;0.010065715;750.37524;1.1535448;154.45673;0.0;-7.3453654e-25;99.99998;-7.345365e-21;0.00043511385;-0.7067481;1.4901161e-05;0.41417778;0.41415542;0.0;0.0;6233.833;7537.431;-3459.5088;6539.72;-490.95444;-2086.4067
1991-08-25;16.900492;0.06302897;0.009858449;748.61066;1.2631232;122.76587;0.0;-7.3453654e-25;99.99998;-7.345365e-21;0.00042617318;-0.6666258;1.4901161e-05;0.4080087;0.4079789;0.0;0.0;6113.64;7391.1777;-3300.9006;6564.215;-463.0822;-2256.967
1991-08-26;15.305806;-0.72178143;0.009976705;750.58307;1.231234;100.42828;0.0;-7.3453654e-25;99.99998;-7.345365e-21;0.0;-0.6415639;0.0;0.40195882;0.40195882;0.0;0.0;6079.634;7348.9478;-3254.8784;6462.3135;-445.67334;-2296.9456
1991-08-27;15.643971;2.8385518;0.00968043;751.5911;1.1881719;81.45769;0.0;-7.3453654e-25;99.99998;-7.345365e-21;0.0012099743;-0.6296616;5.9604645e-05;0.39613247;0.39607286;0.0;0.0;5855.7573;7077.6133;-3006.3855;6784.8813;-437.40445;-2203.3923
1991-08-28;16.283203;1.2369589;0.010203044;750.18317;1.252273;114.62271;0.0;-7.3453654e-25;99.99998;-7.345365e-21;0.0;-0.63112193;0.0;0.39032102;0.39032102;0.0;0.0;5937.7227;7175.9272;-3167.542;6617.9976;-438.42;-2220.8032
1991-08-29;15.481506;-2.6143086;0.010070801;749.5173;1.1424047;247.53624;0.0;-7.3453654e-25;99.99998;-7.345365e-21;0.0012903465;-0.6078892;5.9604645e-05;0.38477778;0.38472563;0.0;0.0;6067.833;7332.323;-3400.7498;6225.3867;-422.28;-2182.8777
1991-08-30;15.772797;-2.5768433;0.01009496;751.23615;1.1933867;102.21151;0.0;-7.3453654e-25;99.99998;-7.345365e-21;0.0008553266;-0.6159842;4.4703484e-05;0.37929416;0.37926435;0.0;0.0;6056.735;7318.045;-3536.7031;6088.05;-427.90445;-2025.6855
1991-08-31;15.701172;-5.9812827;0.010153453;752.40894;1.1858246;161.63983;0.0;-7.3453654e-25;99.99998;-7.345365e-21;0.0;-0.60720927;0.0;0.37392974;0.37392974;0.0;0.0;6110.7217;7382.3833;-3709.5425;5812.0054;-421.80667;-1914.3123
1991-09-01;16.244415;-7.226471;0.01012675;753.6282;1.2139925;207.221;0.0;-7.3453654e-25;99.99998;-7.345365e-21;0.0012814989;-0.60619974;5.9604645e-05;0.36878884;0.36872923;0.0;0.0;6090.594;7357.1924;-3661.9783;5895.325;-421.10666;-1827.81
1991-09-02;15.884532;-0.48397827;0.0098393755;752.8132;1.4502562;157.64838;0.0;-7.3453654e-25;99.99998;-7.345365e-21;0.00128384;-0.5640667;5.9604645e-05;0.36369264;0.36363304;0.0;0.0;5751.2344;6946.4385;-3075.068;6533.128;-391.8389;-2126.0967
1991-09-03;15.236226;0.033050537;0.009923299;750.2158;1.0993146;137.23764;0.0;-7.3453654e-25;99.99998;-7.345365e-21;0.0012821611;-0.56667626;5.9604645e-05;0.35871565;0.3586486;0.0;0.0;5841.1724;7054.204;-3342.6294;6196.6655;-393.65112;-2050.4744
1991-09-04;14.345876;-2.9511414;0.009887695;751.7908;1.2076663;105.35891;0.0;-7.3453654e-25;99.99998;-7.345365e-21;0.0021427867;-0.55735934;0.00010430813;0.35387278;0.35377592;0.0;0.0;5895.3784;7118.6294;-3444.1921;5967.4604;-387.18;-2029.9797
1991-09-05;14.744243;-3.7604573;0.009821574;754.4842;1.2157428;96.90409;0.0;-7.3453654e-25;99.99998;-7.345365e-21;0.0;-0.56143475;0.0;0.349015;0.34900755;0.0;0.0;5824.095;7031.859;-3461.0752;5959.166;-390.0111;-1891.1855
1991-09-06;14.945506;-5.100718;0.009621938;752.91455;1.2312034;176.96326;0.0;-7.3453654e-25;99.99998;-7.345365e-21;0.0;-0.5505681;0.0;0.34433603;0.34435093;0.0;0.0;5849.4185;7061.6035;-3554.9211;5828.9277;-382.46112;-1823.9922
1991-09-07;13.676636;-2.5248413;0.009868622;750.7046;1.1514825;235.93752;0.0;-7.3453654e-25;99.99998;-7.345365e-21;0.00042617318;-0.514647;1.4901161e-05;0.33982098;0.33980608;0.0;0.0;5723.323;6908.576;-3364.135;5910.2285;-357.50888;-1979.2567
1991-09-08;12.767589;-1.8639017;0.010236104;750.4709;1.2199236;197.67992;0.0;-7.3453654e-25;99.99998;-7.345365e-21;0.0;-0.49234182;0.0;0.33536553;0.33537298;0.0;0.0;5650.6064;6819.9873;-3242.6707;5967.205;-342.01334;-2032.5934
1991-09-09;13.741821;-1.2714945;0.009930928;753.57074;1.1744405;100.24709;0.0;-7.3453654e-25;99.99998;-7.345365e-21;0.0;-0.52281654;0.0;0.3310293;0.33102185;0.0;0.0;5615.0874;6776.2866;-3236.1987;6122.26;-363.18445;-1853.5028
1991-09-10;14.330322;-1.5632833;0.009938558;754.32904;1.2084188;78.17498;0.0;-7.3453654e-25;99.99998;-7.345365e-21;0.0;-0.536087;0.0;0.32675266;0.32673776;0.0;0.0;5580.0415;6733.086;-3248.4873;6200.99;-372.40222;-1783.4978
1991-09-11;14.321706;0.08363851;0.010056813;753.61523;1.2620053;92.72788;0.0;-7.3453654e-25;99.99998;-7.345365e-21;0.0012925474;-0.51320904;5.9604645e-05;0.32259524;0.32254308;0.0;0.0;5454.725;6581.1772;-3141.7869;6271.832;-356.50888;-1846.1877
1991-09-12;14.080159;-0.90339154;0.009941101;753.511;1.2359637;146.97017;0.0;-7.3453654e-25;99.99998;-7.345365e-21;0.0008523463;-0.49519074;4.4703484e-05;0.31848252;0.3184378;0.0;0.0;5412.378;6529.2944;-3095.9736;6257.451;-343.99222;-1910.85
1991-09-13;12.880504;-1.1652527;0.009894053;754.2784;1.1554232;153.83815;0.0;-7.3453654e-25;99.99998;-7.345365e-21;0.00043511385;-0.4689768;1.4901161e-05;0.3144741;0.3144294;0.0;0.0;5388.51;6499.7476;-3054.3613;6178.7573;-325.78333;-1974.3162
1991-09-14;13.107239;-1.749939;0.010028839;755.81134;1.13759;91.37155;0.0;-7.3453654e-25;99.99998;-7.345365e-21;0.0;-0.48755202;0.0;0.3105253;0.31051785;0.0;0.0;5202.0903;6274.035;-2942.5698;6368.796;-338.68668;-1825.7533
1991-09-15;13.113312;1.5347595;0.009853363;756.49384;1.1114326;57.136898;0.0;-7.3453654e-25;99.99998;-7.345365e-21;0.5322695;-0.53919667;0.026032329;0.33271313;0.30667335;0.0;0.0;4875.3813;5879.326;-2645.557;6706.8022;-374.5611;-1713.07
1991-09-16;13.019989;2.7992961;0.009878795;755.79254;1.0275244;71.15474;0.0;-7.3453654e-25;99.99998;-7.345365e-21;0.9432685;-0.7407647;0.051274896;0.3542304;0.30294806;0.0;0.0;4514.5654;5439.441;-2502.7607;6769.345;-514.585;-1454.48
1991-09-17;14.509735;-0.54833984;0.009849548;755.3803;1.1215211;101.19636;0.0;-7.3453654e-25;99.99998;-7.345365e-21;0.0005394219;-0.8935518;1.4901161e-05;0.29931962;0.29929727;0.0;0.0;4978.3706;5993.0757;-2727.844;6602.237;-620.7222;-1504.6533
1991-09-18;14.710419;-2.7530823;0.00987498;752.249;1.4830858;171.35085;0.0;-7.3453654e-25;99.99998;-7.345365e-21;0.0;-0.6707963;0.0;0.29568374;0.2956912;0.0;0.0;5011.864;6028.1694;-2841.2463;6418.3535;-465.98;-1731.6777
1991-09-19;12.354817;0.39570108;0.010150909;749.4965;1.1945097;217.69301;0.0;-7.3453654e-25;99.99998;-7.345365e-21;0.19190013;-0.52854514;0.009149313;0.30133128;0.29218942;0.0;0.0;4886.5376;5872.3623;-2791.354;6244.746;-367.16333;-1786.67
1991-09-20;10.4847;-0.35510254;0.009873708;749.86566;1.4806886;239.3142;0.0;-7.3453654e-25;99.99998;-7.345365e-21;0.007286668;-0.499906;0.0003427267;0.28914213;0.2887845;0.0;0.0;5048.7573;6062.0005;-2744.06;6127.441;-347.2689;-1997.5945
1991-09-21;9.407593;-0.09981283;0.010002136;751.2171;1.3267521;199.7794;0.0;-7.3453654e-25;99.99998;-7.345365e-21;0.01193881;-0.39027816;0.0005662441;0.2860576;0.2854839;0.0;0.0;4401.099;5279.942;-2518.0085;6201.803;-271.11334;-1848.4
1991-09-22;9.54952;-0.09927368;0.009925842;752.56573;1.093851;183.706;0.0;-7.3453654e-25;99.99998;-7.345365e-21;0.0017129186;-0.43103564;8.940697e-05;0.2823174;0.28223544;0.0;0.0;4997.032;5989.4507;-2855.485;5908.8013;-299.42557;-1879.6411
1991-09-23;10.10555;-3.1677551;0.009961446;752.84;1.0493268;204.0207;0.0;-7.3453654e-25;99.99998;-7.345365e-21;0.0017225739;-0.4374804;8.940697e-05;0.27909875;0.27900934;0.0;0.0;5026.209;6019.183;-2997.5396;5780.297;-303.90332;-1771.2234
1991-09-24;10.320668;-6.6230874;0.009984334;753.36395;1.1024586;113.18396;0.0;-7.3453654e-25;99.99998;-7.345365e-21;0.0004351138;-0.445853;1.4901161e-05;0.2758503;0.2758205;0.0;0.0;5061.2954;6055.9424;-3107.712;5688.5127;-309.7189;-1633.7744
1991-09-25;10.307912;-5.854757;0.009979248;753.8072;1.068421;88.591034;0.0;-7.3453654e-25;99.99998;-7.345365e-21;0.0;-0.44414866;0.0;0.27269125;0.27269125;0.0;0.0;4960.04;5929.64;-2995.371;5891.688;-308.535;-1577.039
1991-09-26;10.222595;-6.9151;0.009933472;754.7542;1.3697786;40.865936;0.0;-7.3453654e-25;99.99998;-7.345365e-21;0.0004351138;-0.4216302;1.4901161e-05;0.2696365;0.26961416;0.0;0.0;4968.3335;5934.4307;-3086.0808;5737.033;-292.8922;-1611.3456
1991-09-27;10.360332;-5.0775247;0.01000468;754.0532;1.330141;44.69399;0.0;-7.3453654e-25;99.99998;-7.345365e-21;0.00042617318;-0.40907228;1.4901161e-05;0.26661158;0.26660413;0.0;0.0;4920.4316;5872.122;-3057.0068;5756.2886;-284.1678;-1578.8289
1991-09-28;10.289825;-7.110911;0.009946187;753.5054;1.1677105;102.41694;0.0;-7.3453654e-25;99.99998;-7.345365e-21;0.0012981737;-0.40646082;5.9604645e-05;0.26369095;0.26363134;0.0;0.0;4845.039;5777.1665;-2962.6045;5832.132;-282.35443;-1582.7542
1991-09-29;9.934682;-6.707072;0.010189056;754.58575;1.053462;87.07302;0.0;-7.3453654e-25;99.99998;-7.345365e-21;0.0025736946;-0.40756258;0.00011920929;0.26084483;0.26072562;0.0;0.0;4854.508;5783.3677;-2957.9246;5861.69;-283.12112;-1567.66
1991-09-30;9.045644;-2.6040852;0.009974162;754.8907;1.1519898;51.6598;0.0;-7.3453654e-25;99.99998;-7.345365e-21;0.9703934;-0.50706697;0.04824996;0.30615926;0.25790185;0.0;0.0;4231.827;5037.241;-2486.1958;6235.126;-352.24222;-1443.2
1991-10-01;8.534271;-0.9002991;0.009695689;754.709;1.248859;66.538185;0.0;-7.3453654e-25;99.99998;-7.345365e-21;0.68606436;-0.6709583;0.032171607;0.2873689;0.25518984;0.0;0.0;4233.885;5035.376;-2391.579;6236.0645;-466.09222;-1447.8177
1991-10-02;7.4710083;-3.2672932;0.009911855;753.5928;1.3346146;40.712994;0.0;-7.3453654e-25;99.99998;-7.345365e-21;0.03992021;-0.54370147;0.0018626451;0.25439262;0.25254488;0.0;0.0;3686.7412;4380.9834;-2193.3044;6245.1533;-377.6911;-1332.8767
1991-10-03;6.071228;0.02468872;0.0098775225;751.81244;0.7741222;174.75331;0.0;-7.3453654e-25;99.99998;-7.345365e-21;3.8490841;-0.53256565;0.23192912;0.48191845;0.24998188;0.0;0.0;3302.026;3920.3984;-1947.287;6384.0757;-369.95557;-1151.6067
1991-10-04;5.598877;2.1991475;0.009847005;751.8265;0.8569742;147.61205;0.0;-7.3453654e-25;99.99998;-7.345365e-21;3.664136;-1.0973252;0.21959841;0.4671216;0.24750829;0.0;0.0;3309.2666;3925.6782;-1681.8289;6560.5728;-762.2756;-1151.6956
1991-10-05;7.220398;1.1662394;0.009953816;753.7615;1.0041242;97.28945;0.0;-7.3453654e-25;99.99998;-7.345365e-21;0.2901852;-1.2993869;0.014051795;0.2591014;0.2450645;0.0;0.0;4068.306;4821.9185;-2190.899;6135.1533;-902.6411;-1042.7012
1991-10-06;8.712463;0.113983154;0.010049184;755.0954;1.090238;84.6294;0.0;-7.3453654e-25;99.99998;-7.345365e-21;0.0039445194;-1.2768451;0.00014901161;0.24273992;0.2425909;0.0;0.0;4169.613;4937.621;-2259.4666;6198.656;-886.98114;-1044.8756
1991-10-07;9.013103;-2.2604268;0.009920756;754.62787;1.0148875;166.43262;0.0;-7.3453654e-25;99.99998;-7.345365e-21;0.005825833;-1.1846274;0.00028312206;0.24041533;0.24013966;0.0;0.0;4241.2803;5018.2725;-2370.194;6068.713;-822.92;-1068.0911
1991-10-08;8.740865;-1.4127706;0.0098393755;754.36163;0.9942995;189.78839;0.0;-7.3453654e-25;99.99998;-7.345365e-21;0.123582385;-1.0521803;0.005275011;0.24299324;0.23773313;0.0;0.0;4065.1914;4805.7007;-2272.8032;6174.2354;-730.9144;-1119.6744
1991-10-09;7.0240273;0.12501018;0.010136922;753.2569;1.0110339;108.09489;0.0;-7.3453654e-25;99.99998;-7.345365e-21;1.4182508;-0.94190055;0.077694654;0.3130883;0.2354011;0.0;0.0;3828.8845;4522.5615;-2066.0989;6248.528;-654.3078;-1221.5477
1991-10-10;7.01239;-1.4606018;0.010052999;751.7881;1.20255;105.76417;0.0;-7.3453654e-25;99.99998;-7.345365e-21;0.20891428;-0.9829905;0.009685755;0.24281442;0.23313612;0.0;0.0;3895.4773;4597.1133;-2175.0283;6070.1187;-682.85114;-1261.2966
1991-10-11;6.5803123;-2.6540222;0.010163625;753.3748;1.0384218;108.7723;0.0;-7.3453654e-25;99.99998;-7.345365e-21;0.0;-0.88556856;0.0;0.23086369;0.23087859;0.0;0.0;4294.4785;5063.697;-2521.3066;5658.415;-615.17444;-1303.6133
1991-10-12;8.041463;-3.4320476;0.0100746155;756.15704;1.0480975;94.417145;0.0;-7.3453654e-25;99.99998;-7.345365e-21;0.00086182513;-0.8888859;4.4703484e-05;0.22865832;0.22862852;0.0;0.0;4262.5444;5021.832;-2449.2693;5883.1387;-617.4789;-1101.9144
1991-10-13;8.801656;0.10240682;0.009933472;756.0437;0.9981341;78.78187;0.0;-7.3453654e-25;99.99998;-7.345365e-21;0.35412908;-0.78790355;0.016763806;0.24318695;0.22642314;0.0;0.0;3652.3354;4299.338;-1837.0636;6742.144;-547.33;-1037.8889
1991-10-14;6.0113015;3.6410625;0.009847005;751.9236;0.731569;92.88436;0.0;-7.3453654e-25;99.99998;-7.345365e-21;6.3416085;-0.8690851;0.35253167;0.57691336;0.22439659;0.0;0.0;1371.7161;1613.2839;-911.3678;7120.61;-603.7244;-294.78333
1991-10-15;5.9713645;2.673991;0.009930928;751.24884;1.2850908;35.117477;0.0;-7.3453654e-25;99.99998;-7.345365e-21;0.97858906;-1.1602687;0.047788024;0.27023256;0.22243708;0.0;0.0;2915.159;3425.2627;-1231.3083;7013.2783;-806.0;-933.35
1991-10-16;6.179148;-0.21726482;0.010119121;754.0555;1.0543333;40.674118;0.0;-7.3453654e-25;99.99998;-7.345365e-21;0.039219856;-0.9051999;0.001937151;0.22237003;0.22044033;0.0;0.0;2767.6055;3251.314;-1670.6472;6448.3193;-628.8122;-788.48444
1991-10-17;6.157318;-0.35353598;0.009999593;754.71234;0.8411204;170.04288;0.0;-7.3453654e-25;99.99998;-7.345365e-21;0.1941561;-1.0120813;0.009395182;0.22783875;0.21842867;0.0;0.0;3747.3955;4400.965;-2139.6567;6001.0654;-703.0589;-940.2156
1991-10-18;5.733683;1.9756876;0.009773254;753.93805;0.9597284;244.1428;0.0;-7.3453654e-25;99.99998;-7.345365e-21;1.1863793;-0.9044353;0.057324767;0.27379394;0.21647662;0.0;0.0;3107.7122;3648.6294;-1618.2561;6485.6606;-628.2811;-918.73334
1991-10-19;5.0298667;2.2656555;0.010152181;755.1194;0.8619712;125.74722;0.0;-7.3453654e-25;99.99998;-7.345365e-21;2.4972646;-0.9207418;0.15029311;0.36488473;0.21459162;0.0;0.0;2749.966;3227.6755;-1444.6942;6658.8506;-639.6089;-903.6
1991-10-20;4.815613;-0.33454385;-2.4516232;756.092;0.9233062;63.908276;0.001546224;-7.3453654e-25;107.94464;-7.345365e-21;1.5229821;-1.1553261;0.08612871;0.2988279;0.21269917;8.940697e-05;0.00019744039;3465.5005;4066.03;-1692.9192;6410.82;-802.56665;-1047.1522
1991-10-21;4.552877;-0.22386678;-3.9766338;755.3886;0.7545848;62.416424;0.00056966144;-7.3453654e-25;132.38539;-7.345365e-21;1.3141811;-1.0893401;0.07015467;0.2810061;0.21085143;4.656613e-05;0.0;2952.544;3462.9321;-1697.36;6282.2417;-756.7278;-744.3311
1991-10-22;4.857137;-0.050425213;-4.4326873;754.01825;0.8785847;150.26476;0.0;-7.3453654e-25;149.9378;-7.345365e-21;0.13291;-0.8933339;0.006571412;0.21559;0.20903349;2.7939677e-05;0.0;2838.2805;3328.0188;-1666.8027;6289.0728;-620.5689;-727.29553
1991-10-23;6.0304565;0.21706136;-5.1893845;753.3664;1.032386;149.6408;0.0;-7.3453654e-25;144.75519;-7.345365e-21;0.0;-1.0411627;0.0;0.20720065;0.20720065;1.4901161e-05;0.0;3861.078;4525.9146;-2326.9194;5713.4907;-723.2611;-839.8883
1991-10-24;6.082947;0.9156901;-6.1453958;752.32764;1.0212659;197.03218;0.0;-7.3453654e-25;121.30304;-7.345365e-21;0.0012844801;-0.92575604;7.4505806e-05;0.20544231;0.2053827;7.4505806e-06;0.0;3815.297;4470.851;-2379.0933;5640.5347;-643.0911;-906.3311
1991-10-25;4.0910745;-0.888326;-2.315314;750.8245;1.2032632;210.54118;0.0;-7.3453654e-25;104.87791;-7.345365e-21;0.10088086;-0.6562844;0.004887581;0.20852685;0.20362437;3.7252903e-06;0.0;2566.8005;3007.139;-1362.1222;6534.3354;-455.8989;-838.98224
1991-10-26;4.3896585;1.61793;-0.2299474;752.6997;1.2018946;205.9041;0.0;-7.3453654e-25;100.1979;-7.345365e-21;9.200549;-0.86821985;0.6008446;0.80280006;0.20194054;0.0;0.0;2428.1873;2844.1367;-1175.5978;6745.931;-603.12335;-754.80664
1991-10-27;4.9896035;1.2678629;0.010017395;754.85205;1.0249532;219.85262;0.0;-7.3453654e-25;99.99998;-7.345365e-21;2.1656752;-1.1424552;0.15297532;0.35330653;0.20030886;0.0;0.0;2756.8162;3227.7666;-1656.1478;6208.845;-793.62555;-661.12445
1991-10-28;4.7417197;-2.5816956;0.009909312;754.4914;0.9604123;171.3598;0.0;-7.3453654e-25;99.99998;-7.345365e-21;0.0;-1.2129154;0.0;0.19863248;0.19866228;0.0;0.0;3680.71;4307.7466;-2382.2173;5352.5776;-842.5722;-738.65
1991-10-29;3.9918315;-7.369802;0.010016124;752.5056;0.9700478;155.19112;0.0;-7.3453654e-25;99.99998;-7.345365e-21;0.0;-1.1209958;0.0;0.19699335;0.1969859;0.0;0.0;3759.456;4398.562;-2598.7522;4958.98;-778.7178;-536.13556
1991-10-30;3.4640095;-6.716451;0.009794871;751.499;1.0602413;202.42424;0.0;-7.3453654e-25;99.99998;-7.345365e-21;0.0;-0.9505786;0.0;0.19533932;0.19534677;0.0;0.0;3557.4282;4160.88;-2135.6304;5438.934;-660.3356;-625.56445
1991-10-31;3.0552979;-1.7316691;0.010195415;752.1358;1.0681764;224.19391;0.0;-7.3453654e-25;99.99998;-7.345365e-21;0.16936064;-0.7375777;0.008910894;0.2026856;0.1937598;0.0;0.0;2646.8523;3094.919;-1491.8114;6180.774;-512.3711;-744.19775
1991-11-01;2.55601;0.01615397;0.009979248;751.52045;1.397385;217.02325;0.0;-7.3453654e-25;99.99998;-7.345365e-21;1.6572922;-0.96360874;0.08794665;0.28018653;0.19223243;0.0;0.0;2771.37;3239.609;-1165.9656;6597.1245;-669.38666;-889.42554
1991-11-02;0.9175517;0.11975098;-1.2721277;750.39435;0.6944957;142.32379;0.07657877;8.940697e-06;102.07355;-7.345365e-21;4.1418076;-0.7448951;0.25384128;0.44459105;0.19076467;9.313226e-05;0.017289072;1267.8794;1481.8123;-659.3861;6899.068;-517.4522;-428.06332
1991-11-03;1.6768188;0.6795247;-0.94608563;748.601;0.40806758;159.62035;0.8137207;0.00012461345;130.11;0.7324219;23.22704;-0.46947226;1.9616783;2.1510422;0.1893565;0.030174851;0.25868416;673.4611;788.6789;-285.88278;7241.4194;-326.1122;-233.36667
1991-11-04;0.73398846;0.5375061;0.005405426;746.3374;0.41395175;96.61268;35.806805;0.0054293475;144.74933;36.621094;23.254429;-0.3761612;1.7509013;1.9388795;0.1879707;1.3685693;8.022003;479.05777;811.1689;-84.422775;7378.7188;-261.26;-247.86778
1991-11-05;1.0094095;-0.16414769;-0.3765869;748.85767;0.8115268;191.27312;37.68758;0.00563848;151.76984;37.475586;3.0247781;-0.8631572;0.5122945;0.69887936;0.18658489;1.976572;0.036537647;1794.9528;2763.3022;-667.9117;6851.209;-600.6878;-502.08112
1991-11-06;-0.258433;-3.2724292;-4.750904;750.33746;0.7539287;150.28073;27.366943;0.0041039786;152.10707;27.09961;0.34000382;-0.8952785;0.19928813;0.38450956;0.18521398;1.3719816;0.008247793;2090.2817;2923.8;-1372.2689;5948.501;-624.48553;-527.2833
1991-11-07;-0.20031483;-6.2955246;-9.116399;752.1236;0.94272923;56.861263;19.929932;0.0029950142;152.3382;19.978842;0.0008583069;-0.9020157;0.120311975;0.3041625;0.18385053;0.9737499;0.0;3021.1306;3990.8623;-2186.6616;4928.3955;-627.1178;-408.6678
1991-11-08;0.022735596;-6.8496804;-9.581691;751.3238;0.9945507;55.069714;14.46167;0.0021752913;152.49574;14.526367;0.0004351138;-0.8829478;0.087961555;0.27047098;0.18250942;0.71622616;0.0;3119.1816;3962.9133;-2275.0183;4844.9634;-613.88336;-378.63
1991-11-09;1.5621237;-6.23304;-9.123591;750.89746;0.9668471;102.24172;10.201172;0.0015321573;152.6087;10.294597;0.0008553266;-0.8628415;0.07170439;0.2529025;0.18119067;0.5878471;0.0;3138.3655;3877.541;-2229.6738;4980.7544;-599.75665;-288.7511
1991-11-10;1.4684042;-5.9992776;-6.862329;751.1215;0.82305264;213.0421;6.8834634;0.0010328293;152.68813;6.9986978;0.09117648;-0.8704681;0.060722232;0.24063885;0.17991662;0.44126248;0.0005029142;3048.8728;3690.5688;-1859.3417;5474.5024;-604.95667;-352.47223
1991-11-11;0.6266988;-4.9089456;-7.7102485;753.58734;0.83973026;42.026394;4.4643555;0.00066844624;152.74184;4.638672;0.12150926;-0.84908867;0.04887581;0.22754073;0.17866492;0.3196504;0.0;2783.5994;3322.311;-1936.9016;5369.7847;-589.8367;-371.94223
1991-11-12;1.1114401;-4.9966736;-7.8748565;753.9929;0.8685603;67.98696;2.8592937;0.0004288753;152.777;2.766927;0.0;-0.7859608;0.023022294;0.20045042;0.17743558;0.19351393;0.0;2996.9233;3542.669;-2044.7039;5256.3843;-546.0122;-339.68222
1991-11-13;-0.006825765;-5.8295693;-8.938301;752.53;0.8500766;160.1334;1.8711752;0.00028101602;152.79913;1.953125;0.0012816134;-0.8433461;0.013798475;0.19003451;0.17623603;0.11638366;0.0;3100.2888;3643.9468;-2172.5054;5052.8535;-586.1067;-508.79224
1991-11-14;-1.136556;-6.5341697;-9.276048;753.20685;0.7927517;109.0471;1.2650553;0.0001903375;152.8141;1.3020834;0.00042617318;-0.6284248;0.008434057;0.1834929;0.17506629;0.07183105;0.0;2898.8245;3395.4312;-2059.69;5092.806;-436.71445;-477.27777
1991-11-15;-1.4885559;-7.2630715;-9.245599;753.4075;0.97870064;35.732014;0.8748372;0.00013180573;152.72426;0.9765625;0.00218451;-0.54491496;0.0059083104;0.17984211;0.1739338;0.050174072;0.0010579824;2735.7683;3196.8845;-1937.4922;5185.8525;-378.66556;-511.45
1991-11-16;0.14897664;-7.6918235;-9.46289;752.4257;0.8002617;103.23263;0.60131836;9.000301e-05;152.70831;0.9358724;0.00043511385;-0.45834947;0.0040978193;0.17690659;0.17283112;0.03492087;0.0;3134.2983;3657.6677;-2252.6438;4902.864;-318.45334;-414.55222
1991-11-17;-0.3671061;-5.895437;-9.32278;750.91656;0.76673037;287.56494;0.41544595;6.246567e-05;152.26366;0.28483072;0.033813715;-0.47156122;0.0047534704;0.17648935;0.17174333;0.023031607;0.00892207;2784.787;3246.86;-2002.575;5126.6445;-327.65445;-482.1111
1991-11-18;-0.25682577;-2.174703;-4.979603;751.8701;0.72034734;225.77014;0.7060547;9.846687e-05;137.06248;0.9358724;0.8403659;-0.38747117;0.065773726;0.23645163;0.1706779;0.042330474;0.08681789;1888.95;2206.05;-1008.8211;6258.6323;-269.25665;-343.93332
1991-11-19;-0.21734619;-3.807953;-4.959582;751.5437;0.9469419;249.30016;0.7149251;0.000108003616;145.93456;0.9765625;0.13972819;-0.74639916;0.0051259995;0.17474592;0.16962364;0.041473657;0.13399869;2569.3867;2998.51;-1341.0033;5989.7627;-518.6789;-589.6511
1991-11-20;0.08654785;-3.0099487;-6.797403;751.09784;0.7658003;158.79884;4.8264976;0.00063586235;130.28156;5.2490234;0.87365806;-0.5218992;0.05413592;0.22269785;0.16856939;0.3729798;0.7084869;1922.2894;2299.979;-1365.2872;5880.815;-363.15222;-338.18445
1991-11-21;-0.2584432;-5.1690063;-9.463351;751.7276;0.94104475;65.031944;3.1374512;0.00044826666;147.735;3.458659;0.0012934207;-0.48782676;0.025853515;0.19338727;0.16754866;0.22906065;0.0;2906.7505;3431.1055;-2144.756;4995.523;-338.87332;-379.35666
1991-11-22;-0.67141724;-6.908319;-9.919772;752.9847;1.0436183;37.04549;1.9138184;0.0002844731;151.26918;2.2379558;0.0009782679;-0.40973908;0.014021993;0.18055737;0.16654283;0.124022365;0.00010803342;2799.9988;3285.578;-2166.554;4912.0225;-284.75778;-409.22223
1991-11-23;-0.79607135;-10.618987;-11.502576;753.57764;0.99468535;56.90089;1.2848307;0.00019148986;151.2783;1.3427734;0.0004351138;-0.39111543;0.008240342;0.17379224;0.16555935;0.072710216;0.0;2942.0488;3442.1267;-2475.5793;4552.0166;-271.81;-292.53555
1991-11-24;0.120025635;-10.335368;-9.899247;754.999;0.9688194;43.142838;0.8736165;0.00013025601;151.28676;0.9765625;0.0011175871;-0.37502033;0.006020069;0.1706034;0.16459078;0.05305186;0.0;2892.7278;3378.0044;-2192.3428;4916.8276;-260.60834;-317.03445
1991-11-25;-0.4742228;-9.473846;-9.969403;753.40985;0.8982695;88.793365;0.5850423;8.7062515e-05;151.29425;0.9765625;0.0025702848;-0.4101265;0.0041127205;0.16775727;0.16362965;0.035051256;0.0;2854.3354;3328.6855;-2259.2673;4840.9185;-284.9711;-350.2611
1991-11-26;-0.75874835;-9.430688;-11.030263;752.98096;0.9156262;88.118034;0.40559897;6.043911e-05;151.29686;0.28483072;0.0004351138;-0.30867195;0.00230968;0.16498566;0.16269088;0.020176172;0.0;2871.416;3345.7922;-2405.9355;4622.998;-214.49222;-360.15445
1991-11-27;0.3192037;-9.204305;-10.074441;753.15826;0.68260694;178.3012;0.28271484;4.208088e-05;151.3014;-7.345365e-21;0.002575208;-0.3560614;0.0020563602;0.16383082;0.16177446;0.016607344;0.0;2754.8623;3208.1233;-2153.7124;4945.546;-247.38556;-346.46
1991-11-28;-0.22987874;-10.415029;-9.830119;750.4344;0.6212559;214.75043;0.20149739;2.9881796e-05;151.30467;-7.345365e-21;0.0;-0.38689095;0.0008940697;0.1617521;0.16085804;0.00808388;0.0;2710.611;3155.449;-2060.99;5021.507;-268.82666;-450.1389
1991-11-29;-1.0356852;-4.918284;-4.3519187;749.0156;0.7202258;136.70331;22.646729;0.0033119123;131.57616;23.51888;9.214448;-0.24645123;0.2092421;0.36920607;0.15996397;0.13981946;6.575074;1246.8667;1513.5978;-756.5983;6325.8022;-172.40889;-203.66333
1991-11-30;-2.1415608;-3.076355;-0.8905945;745.1135;0.5410506;147.21027;92.43009;0.022655288;139.0462;159.13899;27.153954;-0.13299659;0.07285178;0.23195148;0.15909225;0.081159174;25.503065;268.35333;918.1989;-222.64778;6880.3223;-104.047775;-99.97444
1991-12-01;-4.3700867;-4.959778;-3.1529362;741.8885;0.6581164;224.53564;100.0;0.03666802;150.04588;243.89648;5.373408;-0.088165514;0.0030472875;0.16127527;0.15823543;0.006765127;5.077485;552.25836;2058.2378;-547.3994;6294.7124;-69.13;-159.41777
1991-12-02;-5.7607627;-6.6564317;-4.9996505;742.6167;0.49453914;202.84045;100.0;0.04289325;149.97491;284.9528;7.899898;-0.08933339;0.0;0.15738606;0.15737116;0.0;7.8840775;486.02722;1838.7489;-402.00833;6304.9146;-69.575554;-137.83
1991-12-03;-5.9353433;-7.1326346;-5.2111535;741.8033;0.5288441;154.66463;100.0;0.05306347;148.34764;355.7129;17.10862;-0.07790048;0.0;0.1565367;0.15652925;0.0;17.08882;396.92667;1576.0989;-265.45;6434.5254;-59.356667;-105.344444
1991-12-04;-7.3627105;-8.911705;-6.653421;738.2131;0.61747366;136.09923;100.0;0.0846738;137.63246;611.4909;29.785603;-0.087060034;0.0;0.15570223;0.15570223;0.0;29.771708;339.20557;1481.2167;-287.6728;6236.222;-66.89667;-102.022224
1991-12-05;-9.818837;-11.789027;-10.64775;743.92865;0.86827064;241.33794;100.0;0.098837696;148.7617;665.6087;1.4140248;-0.04247576;0.0;0.15486777;0.15487522;0.0;1.408413;625.5289;2698.6921;-1151.9878;4840.8022;-30.665556;-74.26444
1991-12-06;-12.674048;-18.532415;-18.937538;747.98315;1.1801449;29.773798;100.0;0.09898917;153.99574;642.82227;0.0066936016;-0.004391186;0.0;0.1540482;0.15405566;0.0;0.0062584877;763.6111;3206.5532;-1202.135;4058.8188;-1.1555556;40.214443
1991-12-07;-8.462838;-15.801143;-16.766249;748.7432;0.67389727;86.61797;100.0;0.09950618;155.66664;638.79395;2.56072;-0.018365681;0.0;0.15324354;0.15325099;0.0;2.5489442;594.57;2428.2034;13.744445;5815.197;-12.261111;11.553333
1991-12-08;-3.580022;-4.767807;-6.8641663;747.35986;0.54837877;154.55602;100.0;0.106808506;153.79784;692.1794;17.014023;-0.002514571;0.0022351742;0.15468895;0.15245378;0.0;15.629061;439.96277;1809.2789;-81.435;6579.503;-0.29666665;-37.73
1991-12-09;-4.2951865;-5.267039;-2.6313083;741.61615;0.9110885;153.05281;100.0;0.13602333;153.01332;886.23047;23.325909;-0.1443699;0.017106533;0.16877055;0.15166402;0.002104789;21.777681;299.63;1290.1766;-265.05722;6640.7783;-111.98;-143.4
1991-12-10;-6.304962;-7.325325;-4.817169;747.2141;1.1237954;208.02856;100.0;0.1465838;159.30206;920.73566;5.1554894;-0.14069676;0.0;0.15090406;0.15089661;0.0;5.1457806;392.55;1616.4467;-249.16;6443.959;-108.746666;-176.56223
1991-12-11;-5.781511;-6.9099984;-5.225376;747.2278;0.60706455;196.79884;100.0;0.15175498;165.33234;917.2363;10.177625;-0.07538311;0.0;0.1501143;0.1501292;0.0;10.170128;377.95612;1555.5956;-202.76889;6508.11;-57.45778;-100.14778
1991-12-12;-4.888626;-5.679583;-4.554873;741.72144;0.54754466;167.20589;100.0;0.16889346;163.17445;1034.0983;13.191501;-0.041336752;0.0;0.14936924;0.14937669;0.0;13.089623;305.94278;1320.2822;-237.15778;6535.094;-31.042223;-65.67333
1991-12-13;-7.368519;-8.527137;-6.4929757;744.6482;0.69252753;114.5741;100.0;0.17851424;166.2389;1073.8119;6.7136464;-0.039309263;0.0;0.14862418;0.14862418;0.0;6.706186;556.24554;2388.5845;-823.82;5597.74;-28.422222;-96.80778
1991-12-14;-8.589448;-11.032486;-9.437827;744.91437;0.66369385;112.21517;100.0;0.18217726;171.48402;1063.3951;1.515317;-0.031087548;0.0;0.14789402;0.14788657;0.0;1.5075877;583.4378;2472.35;-896.5139;5223.061;-21.766666;-69.18889
1991-12-15;-9.858331;-11.456294;-11.945495;744.7271;0.8713904;269.34705;100.0;0.1827265;177.42152;1030.8431;0.8596033;0.0004125759;0.0;0.14714897;0.14715642;0.0;0.85324794;638.7839;2635.4377;-701.7072;5285.0923;2.172778;-48.31111
1991-12-16;-11.724872;-18.042818;-14.716759;748.0835;1.1587931;65.5035;100.0;0.18361215;181.4059;1012.8581;0.12319088;-0.029001385;0.0;0.14643371;0.14643371;0.0;0.12233108;769.2022;3109.131;-1535.835;3967.4785;-19.926666;17.168888
1991-12-17;-12.568421;-20.485365;-19.432379;750.304;1.541207;19.594675;100.0;0.18363023;184.88051;993.8151;0.0;-0.00623893;0.0;0.14571846;0.14571846;0.0;0.0;794.895;3128.719;-1210.1478;4019.9895;-2.613889;107.208885
1991-12-18;-10.862304;-19.684355;-20.614634;747.6306;1.5047898;7.659948;100.0;0.1836534;187.5807;979.65497;0.0;0.00596419;0.0;0.14501065;0.1450181;0.0;0.0;816.57947;3133.9756;-1157.1283;4034.4429;6.5466666;141.48778
1991-12-19;-9.958224;-21.30806;-21.124886;744.2148;1.2132105;93.78596;100.0;0.18367624;190.01659;967.32587;0.0008642673;-0.005156733;0.0;0.14431775;0.14431775;0.0;0.0;827.7894;3098.7734;-965.67725;4235.4224;-2.18;124.27333
1991-12-20;-10.147919;-20.987827;-20.298424;743.19916;0.92016345;198.47774;100.0;0.18368809;192.46776;955.28156;0.0017136326;-0.0110100955;0.0;0.1436323;0.1436323;0.0;0.0;820.6617;2998.6821;-1093.0511;4148.4194;-6.7433333;85.113335
1991-12-21;-11.521716;-21.648657;-21.326456;742.8447;1.1280286;52.81838;100.0;0.18370195;194.77765;944.0918;0.0017175823;-0.009074807;0.0;0.14294684;0.14295429;0.0;0.0;862.8639;3078.541;-1083.3334;4071.8506;-5.2355556;91.617775
1991-12-22;-12.001472;-19.79326;-21.202711;744.5366;1.3143097;33.13271;100.0;0.18372019;196.94627;933.8379;0.0008583069;0.0033387914;0.0;0.14227629;0.14228374;0.0;0.0;883.16113;3078.95;-1060.0355;4134.1113;4.3955555;103.82889
1991-12-23;-9.266094;-17.230656;-20.471544;749.25165;1.1911165;73.493095;100.0;0.18374729;199.13441;923.74677;0.00085532654;0.011314638;0.0;0.14162064;0.14162064;0.0;0.0;890.8472;3036.172;-1025.4695;4257.6323;10.482778;118.431114
1991-12-24;-7.6409087;-17.33602;-18.246866;747.48236;1.0093225;150.373;100.0;0.1837753;201.50356;913.1673;0.03183484;-0.0069169328;0.0;0.14093518;0.14095753;0.0;0.030703843;807.3333;2691.9133;-526.08887;5079.011;-3.5566666;78.78889
1991-12-25;-8.373443;-11.357362;-14.103349;740.86664;0.68573123;113.121544;100.0;0.18685038;199.80531;935.2214;3.59357;0.015276484;0.0;0.14030933;0.14030933;0.0;3.5876968;479.85944;1687.4889;-455.03946;5477.6313;12.961111;7.2055554
1991-12-26;-11.47855;-14.108808;-14.974514;744.67145;0.9880244;103.08108;100.0;0.18759541;202.30174;927.9785;0.006783008;0.0033648685;0.0;0.13965368;0.13966858;0.0;0.00507012;824.5789;2861.5557;-988.7244;4688.84;4.6255555;-20.942223
1991-12-27;-10.147023;-11.981442;-13.726876;741.792;0.71248573;220.46501;100.0;0.18963115;202.16078;936.40137;12.035644;0.0064224005;0.0;0.13902783;0.13902783;0.0;12.030498;578.8406;1967.5167;-82.09278;5981.43;6.2177777;-30.146667
1991-12-28;-7.6937394;-8.671411;-9.29341;742.8423;0.8090349;198.26735;100.0;0.20708835;182.32745;1135.2133;7.2335033;-0.0010272488;0.0;0.13840199;0.13840944;0.0;7.225007;341.36777;1427.6755;-96.525;6341.122;0.13111112;-60.283333
1991-12-29;-8.000903;-9.78235;-9.407677;748.7913;0.5473634;222.93945;100.0;0.20902757;188.13768;1112.8336;0.11145409;-0.019455329;0.0;0.13777614;0.13777614;0.0;0.10371953;632.19165;2600.611;-865.69;5291.9194;-12.828889;-70.88556
1991-12-30;-9.509754;-11.905067;-12.651946;746.3115;0.8958679;53.965256;100.0;0.20908372;194.15721;1078.2877;0.003033039;0.0014230609;0.0;0.13716519;0.13715774;0.0;0.0021718442;735.86334;2955.5923;-1157.0656;4612.646;3.4255555;-18.423334
1991-12-31;-10.722547;-12.411872;-12.946159;736.76715;0.61786026;94.877235;100.0;0.2121346;193.4391;1096.2728;6.32388;0.009045936;0.0;0.13655424;0.13655424;0.0;6.316654;310.2361;1235.2556;-6.961111;6058.9663;7.6222224;-22.187778
1992-01-01;-10.217473;-11.671532;-10.444153;736.7979;0.77909446;166.39845;100.0;0.2310173;175.23956;1320.4752;45.146976;-0.04607998;0.0;0.1359582;0.13595074;0.0;45.14017;262.625;1087.9889;19.137222;6293.0107;-35.55;-99.666664
1992-01-02;-9.467689;-10.9262705;-9.177653;734.8818;0.77767223;95.62194;100.0;0.29320917;148.2184;1973.6735;41.133812;-0.033768825;0.0;0.13536215;0.13536215;0.0;41.12922;135.37056;589.80225;-49.55;6291.2856;-26.22889;-52.395557
1992-01-03;-12.403678;-14.044868;-10.057289;741.334;0.8752144;148.44121;100.0;0.31310594;157.80695;1986.2875;7.211879;-0.102411956;0.0;0.1347661;0.13477355;0.0;7.204309;369.09;1603.7222;-458.52444;5666.089;-79.23444;-207.39223
1992-01-04;-13.033275;-18.903986;-14.523303;751.1208;1.1450611;51.130634;100.0;0.31458607;168.46906;1870.2799;0.0320673;-0.05984679;0.0;0.13419986;0.13418496;0.0;0.032071024;731.7695;3094.3167;-1142.0695;4451.821;-44.412224;-92.25
1992-01-05;-9.955457;-15.753239;-17.826805;751.73724;1.2382102;110.43164;100.0;0.31460378;175.87238;1790.4867;0.0017106531;0.013101846;0.0;0.13360381;0.13360381;0.0;0.0;785.11224;3230.7366;-1162.6405;4229.1724;12.402223;84.44444
1992-01-06;-9.852286;-14.198686;-19.21722;747.07855;0.68424433;309.40268;100.0;0.31464973;181.59633;1734.0902;0.018545223;0.017037615;0.0;0.13303757;0.13303757;0.0;0.014293939;707.37445;2834.1333;-928.44415;4402.9766;14.681111;48.766666
1992-01-07;-13.1773405;-15.418813;-19.590385;745.2989;0.8864982;163.70541;100.0;0.31482664;186.45245;1689.6566;0.2513379;0.025281683;0.0;0.13245642;0.13246387;0.0;0.2469942;581.7589;2274.4956;-652.82166;4694.2505;20.537777;21.981112
1992-01-08;-15.344325;-21.4966;-19.81196;748.7233;1.4432725;8.154954;100.0;0.314976;191.06898;1650.0244;0.011971033;-0.0110678375;0.0;0.13190508;0.13190508;0.0;0.0098235905;848.7106;3241.2822;-1209.9861;4007.5728;-6.611111;17.935556
1992-01-09;-11.44539;-20.626165;-21.43;751.2564;1.1616812;28.075777;100.0;0.31499395;195.0703;1615.7227;0.0;-0.0034496188;0.0;0.13133883;0.13134629;0.0;0.0;883.475;3291.1877;-1107.0934;4038.0168;-0.7366667;96.36222
1992-01-10;-9.440646;-20.501337;-21.400406;750.8613;0.99334234;254.70753;100.0;0.31501284;198.69855;1586.6293;0.0;-0.003894791;0.0;0.13077259;0.1308024;0.0;0.0;918.8728;3342.2766;-1071.2045;4112.3247;-1.1633333;109.96889
1992-01-11;-10.110077;-20.471687;-20.98615;748.40826;1.0363913;185.63356;100.0;0.3150305;202.23729;1558.6752;0.019545512;-0.009078532;0.0;0.13025105;0.1302436;0.0;0.015690923;959.3222;3407.3323;-996.49335;4233.0103;-5.1077776;89.78
1992-01-12;-10.878208;-18.948761;-19.956179;746.6396;1.1163015;59.349255;100.0;0.31506288;205.83363;1531.901;0.0017298816;-0.006620772;0.0;0.1296997;0.1296997;0.0;0.0;971.5511;3373.5356;-1178.8861;4106.9194;-2.97;73.33
1992-01-13;-10.870701;-17.56021;-20.337923;743.2593;0.70949143;275.4627;100.0;0.31509256;209.32875;1506.6324;0.11575222;-0.00093504786;0.0;0.12917072;0.12916327;0.0;0.115755945;1007.5011;3420.641;-1141.9714;4088.2092;1.0955555;45.67889
1992-01-14;-11.562416;-13.195136;-17.27082;743.3527;0.7753363;250.76018;100.0;0.316643;210.55988;1504.1504;3.0178688;0.021006912;0.0;0.12862682;0.12864172;0.0;3.0135884;527.1272;1791.3289;74.44889;5908.2866;17.077223;-22.78111
1992-01-15;-9.287608;-10.545444;-12.427379;741.76636;0.5168795;220.39648;100.0;0.3231411;207.31183;1557.8613;9.31533;0.0050188974;0.0;0.12810528;0.12812018;0.0;9.306017;427.61334;1572.4878;54.600555;6268.7935;4.8244443;-45.324444
1992-01-16;-9.492354;-10.974793;-9.909606;739.5339;0.95742375;214.32939;100.0;0.32922733;208.45473;1580.9326;1.8709421;-0.04450977;0.0;0.12759864;0.1275912;0.0;1.8603243;607.18;2405.8577;-552.1519;5690.882;-32.852222;-94.456665
1992-01-17;-12.222871;-14.310449;-11.341443;741.3979;0.8651514;144.93367;100.0;0.32988158;215.2783;1533.8949;0.17613173;-0.0723321;0.0;0.1270771;0.1270771;0.0;0.17520785;735.4839;2864.3445;-753.3575;5243.943;-54.511112;-169.69778
1992-01-18;-12.270039;-14.25113;-11.883216;741.99854;1.2742304;217.6277;100.0;0.33073565;220.07323;1503.0111;4.062638;-0.05618483;0.0;0.12656301;0.12656301;0.0;4.0549636;827.655;3158.3455;-690.0861;5322.3936;-41.82;-132.14223
1992-01-19;-9.069238;-10.14468;-10.118196;743.0341;1.3903588;211.60146;100.0;0.3450971;209.30043;1646.7692;15.062054;-0.007033348;0.0;0.12605637;0.12605637;0.0;15.056454;342.78168;1437.4811;14.823334;6367.37;-4.7683334;-84.42778
1992-01-20;-7.255011;-8.083931;-7.930523;744.0115;0.8978987;192.05562;100.0;0.3634733;205.14159;1770.3857;21.403807;0.0014947727;0.0;0.12555718;0.12555718;0.0;21.398232;210.43056;897.5611;-23.030834;6494.7134;1.5444444;-41.856667
1992-01-21;-7.2708306;-9.16665;-8.359413;745.32074;0.638069;79.90516;100.0;0.37258804;210.50453;1772.7865;0.23391843;-0.031873584;0.0;0.12506545;0.12506545;0.0;0.22992119;774.28723;3312.0278;-998.8406;5241.9766;-21.537222;-94.09889
1992-01-22;-9.761607;-12.395339;-10.466029;745.0384;0.9595972;55.9989;100.0;0.37321004;218.82875;1707.1533;1.6968429;-0.029862858;0.0;0.12455881;0.12455881;0.0;1.6485788;749.8555;3126.3467;-1082.025;4939.108;-20.413889;-82.433334
1992-01-23;-12.857158;-20.260973;-14.876073;742.37274;1.0500251;125.18622;100.0;0.37432957;224.152;1671.6715;0.00088512886;-0.045878813;0.0;0.12406707;0.12406707;0.0;1.4901161e-05;885.60944;3621.14;-1634.2578;3785.7278;-32.581112;-41.146667
1992-01-24;-17.385695;-23.808416;-19.497736;742.61835;1.669794;19.66774;100.0;0.37434003;228.22035;1641.276;0.05813241;-0.041646883;0.0;0.12357533;0.12357533;0.0;0.055465847;904.66223;3604.6746;-1508.9664;3592.1008;-30.190556;-6.1822224
1992-01-25;-16.670092;-25.014215;-22.037455;742.5513;1.2127491;23.348154;100.0;0.37439466;231.00128;1622.111;0.051934976;-0.022781081;0.0;0.12309849;0.12309849;0.0;0.04480034;853.5672;3312.5522;-1114.315;3924.7139;-15.73;6.187778
1992-01-26;-18.014296;-23.52655;-23.21298;743.76294;1.3864285;23.805855;100.0;0.37443456;233.41112;1605.6315;0.0063329935;-0.0050133094;0.0;0.122621655;0.122621655;0.0;0.0038295984;1012.3517;3839.219;-1408.8094;3486.8977;-2.0538888;7.06
1992-01-27;-17.947351;-24.480501;-24.15661;745.84674;1.6788245;15.074928;100.0;0.37445763;235.5537;1591.1459;0.0039488077;-0.007875264;0.0;0.12214482;0.12214482;0.0;0.0039488077;1050.375;3884.371;-1251.3806;3645.2607;-4.113333;37.43
1992-01-28;-12.67961;-21.37528;-23.501566;746.201;1.189674;26.832685;100.0;0.37447652;237.62694;1577.3112;0.0;-0.00553485;0.0;0.12166798;0.12167543;0.0;0.0;1097.5344;3962.2578;-1185.6022;3838.064;-2.028889;83.88333
1992-01-29;-10.818551;-21.328556;-22.248526;742.0061;0.733798;177.4363;100.0;0.37449518;239.81573;1562.8662;0.0060695894;-0.016996637;0.0;0.121206045;0.121206045;0.0;0.0034794211;1112.5305;3923.561;-1054.0845;4116.7573;-10.793333;46.50778
1992-01-30;-13.066863;-16.323662;-19.661722;733.6272;0.68663526;184.66002;100.0;0.3759263;239.59764;1569.2953;2.506578;0.021790154;0.0;0.12074411;0.12075156;0.0;2.4949684;730.5911;2565.8267;-370.39722;5122.6436;17.431667;-41.564445
1992-01-31;-11.71711;-13.517883;-16.070309;737.71735;0.7708597;188.4704;100.0;0.38038924;235.19496;1615.4785;12.911379;0.0039227307;0.0;0.120297074;0.120304525;0.0;12.902412;606.3922;2185.0288;23.212223;5936.49;3.4833333;-66.34778
1992-02-01;-10.835288;-12.321269;-12.370069;738.17426;0.89356875;175.1643;100.0;0.41248247;203.54816;2025.2279;31.717821;0.016096048;0.0;0.11985004;0.11985004;0.0;31.708803;185.23833;797.01886;-49.49278;6069.8794;12.802222;-11.638889
1992-02-02;-12.884097;-15.56947;-12.865106;741.919;1.1153413;186.47852;100.0;0.4243059;202.66144;2097.453;0.5940646;-0.04929304;0.0;0.119403005;0.119403005;0.0;0.5914979;869.16113;3731.3523;-1115.7728;4669.1035;-35.638332;-129.47556
1992-02-03;-12.469554;-14.882083;-13.923565;741.9091;0.728801;127.99185;100.0;0.42672315;207.97362;2053.5076;4.7464995;-0.030428171;0.0;0.11895597;0.11895597;0.0;4.743658;568.26447;2381.3645;-217.59166;5728.507;-22.329445;-93.23889
1992-02-04;-9.319125;-10.845993;-11.063533;737.1529;0.7092593;85.164375;100.0;0.43588546;208.40785;2091.3494;13.958767;-0.012209639;0.0;0.118508935;0.118516386;0.0;13.951406;511.47278;2152.2388;-214.59612;6035.303;-7.887778;-78.60555
1992-02-05;-9.918857;-11.505573;-9.76497;739.24634;1.0390387;168.8709;100.0;0.44969046;208.14223;2161.4177;10.194958;-0.06540399;0.0;0.11808425;0.11808425;0.0;10.192842;457.34055;1958.8339;-190.1925;6100.8403;-49.855;-140.28223
1992-02-06;-9.1433;-10.543843;-8.695786;740.5445;1.1202043;178.60973;100.0;0.47481966;202.7184;2337.972;45.02687;-0.087222084;0.0;0.11765212;0.11765212;0.0;45.017265;312.975;1352.8077;7.3669443;6425.8823;-67.62222;-167.01555
1992-02-07;-10.256324;-12.085988;-8.57698;735.6848;1.177072;192.62598;100.0;0.52287596;191.42511;2730.5095;29.334023;-0.12789387;0.0;0.117227435;0.117219985;0.0;29.316698;315.4111;1380.8733;-310.02167;6011.921;-99.44889;-179.09445
1992-02-08;-15.441463;-18.06053;-12.418021;737.284;1.1717602;195.36957;100.0;0.5330903;200.42348;2664.1438;2.2113042;-0.11966564;0.0;0.1167953;0.1167953;0.0;2.2041388;917.7822;3942.6245;-1101.3561;4661.16;-91.27;-272.50223
1992-02-09;-16.075935;-21.71668;-15.744668;738.72723;0.9806204;63.060757;100.0;0.534301;209.0143;2559.611;0.4210651;-0.07081218;0.0;0.11637807;0.11636317;0.0;0.41645393;1016.3578;4270.1323;-1077.0828;4453.608;-52.36111;-204.11111
1992-02-10;-12.854121;-17.291512;-15.022365;737.30884;1.7028313;25.507704;100.0;0.5381631;213.39223;2523.3967;4.858707;-0.06902777;0.0;0.115945935;0.115945935;0.0;4.854571;564.7978;2365.4412;-379.21;5453.9146;-52.22389;-25.58
1992-02-11;-12.764835;-18.940279;-16.461687;741.3587;0.8862172;183.63196;100.0;0.5396553;220.01593;2455.3223;0.06194711;-0.042825006;0.0;0.1155287;0.1155287;0.0;0.060655177;1121.3861;4596.6733;-1541.27;3859.1758;-29.784445;-75.26778
1992-02-12;-13.097312;-16.530115;-17.760515;743.96313;0.8673566;149.15395;100.0;0.5398218;225.89061;2391.8865;0.47113;-0.016134232;0.0;0.11511147;0.11511147;0.0;0.46770275;1121.105;4481.08;-1015.59;4459.541;-9.56;-82.82889
1992-02-13;-12.341918;-14.445188;-15.383861;744.9266;0.7838873;219.6452;100.0;0.5408955;230.4785;2348.9177;0.8545846;-0.015261583;0.0;0.11469424;0.11469424;0.0;0.85195154;983.35;3872.6223;-544.50946;5310.7246;-9.201111;-134.16556
1992-02-14;-11.673667;-13.662011;-13.119344;744.85333;0.94645166;261.62643;100.0;0.5417598;236.37042;2294.2302;1.1073053;-0.057844445;0.0;0.114277005;0.114277005;0.0;1.1021867;969.47;3751.0457;-591.8433;5433.0913;-42.375557;-173.8175
1992-02-15;-10.104062;-17.061495;-12.772397;748.6526;1.0221483;52.74809;100.0;0.5423374;242.92577;2234.8633;0.027781725;-0.09424426;0.0;0.11385977;0.11386722;0.0;0.026494265;1231.7866;4691.175;-1420.4961;4401.965;-68.763336;-130.53
1992-02-16;-6.5960503;-17.472153;-14.527326;748.4209;0.9556454;53.72319;100.0;0.54233116;248.89354;2180.8674;0.0012958653;-0.061716884;0.0;0.11345744;0.11344254;0.0;0.0;1284.7533;4774.5405;-1382.7522;4328.584;-43.09111;3.9377778
1992-02-17;-6.2550597;-17.99397;-14.064559;744.3045;0.9074405;156.81258;100.0;0.54232293;254.21547;2135.498;0.0;-0.045903027;0.0;0.11305511;0.11304766;0.0;0.0;1288.0339;4673.7954;-1327.0958;4494.403;-33.49111;-20.912222
1992-02-18;-7.1418595;-16.249907;-14.35703;744.36774;0.77110964;295.51886;100.0;0.5423122;259.20053;2094.035;0.0035703178;-0.02682209;0.0;0.11265278;0.11265278;0.0;0.0014305115;1377.1923;4880.2305;-1414.2775;4342.9033;-19.21889;-56.974445
1992-02-19;-7.9044595;-10.440144;-12.846766;743.72876;0.87811136;197.08032;100.0;0.54442966;262.02377;2078.3284;6.210673;0.018028542;0.0;0.11226535;0.11226535;0.0;6.203789;559.68;1963.4116;74.43445;6286.579;14.433333;-43.816666
1992-02-20;-7.311068;-8.226987;-8.976054;738.51117;0.9052143;206.00874;100.0;0.5642491;252.1927;2234.4563;32.990658;0.0005736947;0.0;0.11189282;0.11188537;0.0;32.980644;453.37277;1860.5638;-16.498888;6496.4634;0.98888886;-97.65222
1992-02-21;-10.60862;-12.645695;-8.665577;739.6318;1.311807;204.20985;100.0;0.5837361;246.52211;2370.28;1.9593371;-0.121930614;0.0;0.11149049;0.11150539;0.0;1.9426979;1039.5989;4486.0938;-1138.2191;5033.8203;-94.54222;-279.4289
1992-02-22;-9.816026;-11.567356;-10.058239;740.04034;0.5182357;190.93205;100.0;0.599399;239.89581;2495.2393;44.158226;-0.032724813;0.0;0.11113286;0.11112541;0.0;44.15146;468.90945;1995.9266;-191.30112;6068.4565;-25.216667;-118.06555
1992-02-23;-6.7910156;-8.23149;-7.9010315;737.66864;0.5450421;184.3321;100.0;0.66605806;210.66112;3155.6396;57.875095;-0.0014314428;0.0;0.11076033;0.11075288;0.0;57.825848;226.67334;991.65;-27.99611;6517.472;-0.5977778;-36.63
1992-02-24;-7.766426;-10.476199;-7.227572;735.19867;0.8581965;132.10112;100.0;0.69937164;216.57191;3233.2356;15.957895;-0.07238984;0.0;0.1103729;0.1103729;0.0;15.888542;506.78278;2205.639;-549.3528;5914.527;-54.814445;-97.80444
1992-02-25;-11.558049;-13.988018;-9.931499;738.4156;0.7007827;113.757545;100.0;0.7086293;228.22621;3109.09;3.6640763;-0.12654997;0.0;0.11000037;0.11000037;0.0;3.654018;931.45667;3993.6138;-1084.8572;4930.102;-95.82889;-250.16556
1992-02-26;-11.644131;-15.262199;-12.584672;742.68384;0.9077325;49.601788;100.0;0.7106808;238.10023;2987.793;1.7505348;-0.049527735;0.0;0.10961294;0.10961294;0.0;1.7461777;864.30664;3633.976;-957.3189;4907.1567;-35.59;-127.66
1992-02-27;-11.993106;-15.123403;-13.730742;743.6329;0.8926046;111.88873;100.0;0.7117327;246.03351;2895.1416;0.8175999;-0.019131228;0.0;0.10924041;0.10924041;0.0;0.8108206;1182.0527;4872.92;-1136.2428;4631.096;-13.617778;-175.03334
1992-02-28;-13.500533;-19.589582;-13.770355;742.1374;0.88274455;40.089775;100.0;0.7149876;249.54816;2866.0889;3.1551368;-0.10710396;0.0;0.108882785;0.108882785;0.0;3.1516478;965.00555;3978.2017;-1152.3778;4579.2505;-82.93222;-193.94667
1992-02-29;-14.298781;-20.378828;-16.83718;743.99414;0.97332144;89.03031;100.0;0.7156612;255.06738;2808.0647;0.0037465116;-0.015677884;0.0;0.10852516;0.10852516;0.0;0.0003091991;1350.5728;5428.0146;-1569.7966;3830.477;-11.831111;-173.58112
1992-03-01;-13.302577;-19.170195;-17.990896;745.72296;1.0092937;69.982;100.0;0.7156663;260.04623;2753.9062;0.0017119665;0.00391528;0.0;0.10816753;0.10816753;0.0;3.7252903e-06;1431.2039;5605.1567;-1547.9806;3826.1057;3.5811112;-135.57
1992-03-02;-11.647011;-19.562162;-18.21878;747.0664;1.0290767;61.701843;100.0;0.7156765;264.4541;2707.6824;0.0008523463;0.0007972121;0.0;0.1078248;0.1078248;0.0;0.0;1474.7972;5631.5405;-1453.1683;3973.496;1.1733333;-100.58667
1992-03-03;-10.103478;-17.85452;-17.511017;748.29095;1.0389742;51.390034;100.0;0.7156872;268.70248;2665.324;0.0;0.0069160014;0.0;0.10745227;0.107474625;0.0;0.0;1517.2927;5652.259;-1403.211;4137.012;5.9955554;-91.12222
1992-03-04;-8.914753;-16.293064;-16.383944;745.6877;0.83296394;147.94635;100.0;0.7157035;273.01465;2623.2502;0.07129719;0.0057127327;0.0;0.10713935;0.107117;0.0;0.070851296;1565.8647;5694.177;-1281.5061;4392.1743;4.5033336;-121.46333
1992-03-05;-9.951879;-12.7584;-13.672889;742.2366;0.79225904;242.56007;100.0;0.7170711;276.31314;2596.1914;2.5802882;-0.04017353;0.0;0.10678172;0.10677427;0.0;2.5734231;1055.1819;3811.0002;-321.06;5792.4727;-31.67;-204.95334
1992-03-06;-10.9194975;-13.224385;-11.193737;741.9664;0.8031377;235.24213;100.0;0.7190552;279.9398;2570.1904;1.4792979;-0.09467639;0.0;0.106438994;0.106431544;0.0;1.4760792;1292.7228;4731.58;-947.6161;5177.3047;-74.53889;-291.38223
1992-03-07;-12.378746;-16.231335;-11.528243;744.2625;0.9085176;173.91333;100.0;0.7198518;284.6732;2530.5583;0.25277734;-0.13635494;0.0;0.10609627;0.10609627;0.0;0.25137886;1474.8341;5378.2153;-1468.7391;4469.323;-107.36222;-325.54224
1992-03-08;-12.929642;-19.452578;-13.821288;745.89716;1.0463133;64.851814;100.0;0.7199226;289.2539;2490.3157;0.27818978;-0.09060837;0.0;0.10576844;0.10576099;0.0;0.27543306;1617.4764;5786.223;-1508.5527;4216.573;-71.327774;-238.21861
1992-03-09;-12.657662;-17.582361;-13.216117;744.2895;1.6756214;30.16388;100.0;0.72095567;291.69077;2472.697;1.20082;-0.22863224;0.0;0.10544062;0.105425715;0.0;1.195658;1326.5586;4752.589;-1055.8239;4838.499;-180.03;-291.56778
1992-03-10;-12.421489;-18.090406;-14.115659;745.7012;1.0849088;69.81364;100.0;0.72154206;294.71225;2448.9746;2.0591536;-0.075977296;0.0;0.10509789;0.10509789;0.0;2.0485892;1664.6808;5851.8306;-1342.0947;4469.444;-59.814445;-231.23666
1992-03-11;-12.134937;-20.335106;-13.963326;749.20953;1.5555948;20.75761;100.0;0.72330195;295.49805;2449.178;0.07169247;-0.13627298;0.0;0.104770064;0.104770064;0.0;0.069111586;1722.4628;6181.687;-1856.5814;3819.6047;-107.27889;-222.01111
1992-03-12;-7.4918694;-19.778574;-14.744808;751.6236;1.0309926;95.53357;100.0;0.72323465;299.08008;2419.3523;0.00085234636;-0.026529655;0.0;0.10444224;0.10444224;0.0;0.0;1805.4722;6328.4395;-1590.7836;4177.0356;-20.87111;-121.15889
1992-03-13;-5.2104797;-19.095453;-12.583121;748.1812;0.78711027;239.6723;100.0;0.7233121;302.61523;2391.8865;0.22298694;-0.09613577;0.0;0.104129314;0.10411441;0.0;0.19495189;1723.3978;5922.24;-1259.7766;4859.0024;-75.672775;-158.44888
1992-03-14;-5.292053;-10.330573;-10.284081;745.66254;0.6595165;213.02516;100.0;0.72365505;306.35483;2363.2;1.934275;-0.103334896;0.0;0.10380149;0.10379404;0.0;1.7382652;1552.8317;5236.3765;-669.1228;5782.231;-81.376114;-217.32333
1992-03-15;-4.9203796;-6.9039054;-7.5183616;743.2097;0.86541176;157.4439;100.0;0.7308075;304.57846;2399.9023;5.0890326;-0.024352223;0.0;0.10347366;0.10347366;0.0;5.0563664;1342.3253;5118.896;-1098.5505;5417.0757;-19.243334;-222.1
1992-03-16;-5.1946616;-7.222313;-7.3214316;746.7871;0.9063135;118.721924;100.0;0.7317288;309.45605;2366.2517;0.214234;-0.08023158;0.0;0.10314584;0.10316074;0.0;0.2079606;1418.6187;5319.7676;-1097.4808;5371.919;-63.236668;-238.80112
1992-03-17;-5.113851;-12.052552;-7.6128235;746.25287;1.1310371;58.602283;100.0;0.7317198;314.64615;2327.0264;0.0058352947;-0.08525327;0.0;0.102847815;0.102840364;0.0;0.0053979456;1739.0414;6371.431;-1699.3717;4661.8467;-67.12055;-265.9761
1992-03-18;-4.574711;-12.776801;-9.030701;746.36646;1.0324405;83.271484;100.0;0.7316707;319.14224;2294.2708;0.0008583069;-0.042430125;0.0;0.10253489;0.10252744;0.0;0.0;1824.1597;6526.1567;-1835.6705;4363.789;-33.39;-186.53111
1992-03-19;-3.4380798;-12.124175;-9.3098345;748.06573;1.0471721;63.520046;100.0;0.73163337;323.08203;2265.8284;0.0012631072;-0.030823052;0.0;0.102221966;0.102221966;0.0;0.0;1871.5161;6541.763;-1724.3131;4541.2676;-24.297222;-164.05112
1992-03-20;-3.2447002;-10.023883;-8.827876;747.00244;1.1102366;51.612568;100.0;0.73161864;326.84375;2239.5427;0.0034451468;-0.005291775;0.0;0.10192394;0.10190904;0.0;1.4901161e-05;1878.12;6419.0605;-1586.1492;4754.53;-4.27;-172.00444
1992-03-21;-3.5667622;-6.913442;-7.405079;742.48016;0.89526945;100.78019;100.0;0.7324459;329.91928;2220.5403;4.206148;-0.113832764;0.0;0.10159612;0.10160357;0.0;3.9568617;1596.2805;5339.7095;-813.56445;5855.529;-89.67722;-192.12167
1992-03-22;-5.733795;-6.9858093;-5.3643775;738.3851;1.0427166;198.14966;100.0;0.74135303;325.35645;2278.117;9.733558;-0.15052688;0.0;0.101298094;0.10129064;0.0;9.684183;1169.7289;4463.468;-681.0425;6050.87;-118.498886;-350.74554
1992-03-23;-7.5826516;-9.945163;-5.993441;737.90875;0.64617145;167.70995;100.0;0.7480343;323.5078;2312.6628;5.184062;-0.19262451;0.0;0.10100007;0.10099262;0.0;5.175084;1009.73724;4034.285;-701.34973;5848.651;-151.65167;-316.19333
1992-03-24;-6.763804;-10.709216;-6.643982;744.0134;0.7141916;201.95995;100.0;0.7511241;324.87143;2313.3953;0.42909682;-0.12881681;0.0;0.10070205;0.1006946;0.0;0.42469054;1385.1616;5608.186;-1430.72;4960.2266;-101.44;-288.81668
1992-03-25;-6.0958595;-13.476117;-8.960704;746.2233;1.0603151;86.70978;100.0;0.7512271;328.87857;2285.6038;0.00085234636;-0.045698136;0.0;0.10038912;0.10038912;0.0;0.0;1779.7189;7023.7124;-1966.4314;4122.566;-35.97;-227.56084
1992-03-26;-5.340757;-14.9198885;-10.003612;746.5197;0.99859065;69.61448;100.0;0.75118417;332.29004;2261.3118;0.002575208;-0.043267384;0.0;0.1000911;0.1000911;0.0;0.0;1773.7478;6822.54;-1711.6489;4415.247;-34.045555;-212.51
1992-03-27;-4.5244727;-12.807202;-10.265747;748.02313;0.95938176;136.45738;100.0;0.75115174;335.39062;2240.682;0.001692858;-0.029132701;0.0;0.09980798;0.09980053;0.0;0.0;1873.95;7031.9224;-1725.0562;4420.099;-22.945555;-202.6489
1992-03-28;-2.6543987;-9.840129;-9.49297;746.4326;0.84131485;242.82532;100.0;0.7511837;338.34995;2221.5168;0.1869291;-0.049879774;0.0;0.099509954;0.099509954;0.0;0.17011166;1685.3066;6167.7017;-1161.6398;5223.335;-39.31333;-185.80055
1992-03-29;-1.7738749;-7.5670676;-7.277064;743.6097;1.015553;236.08528;100.0;0.75125885;341.53482;2200.9277;0.13971329;-0.0860095;0.0;0.09921193;0.09921193;0.0;0.11061132;1803.7067;6467.5176;-1063.7483;5589.42;-67.73778;-205.58528
1992-03-30;-2.6436055;-5.149526;-5.0670877;739.28986;0.88805825;195.85461;100.0;0.75177574;344.9222;2180.542;1.457411;-0.10512397;0.0;0.09891391;0.09892881;0.0;1.1986643;1616.9833;5704.9976;-1045.03;5716.191;-82.736664;-261.45056
1992-03-31;-3.402425;-4.999054;-4.2831674;740.19476;1.0532099;191.63087;100.0;0.7549092;345.97623;2182.7393;3.3061953;-0.14193729;0.0;0.09864569;0.09863824;0.0;3.2408686;1632.3622;5886.582;-1082.9852;5734.8364;-111.845;-337.58667
1992-04-01;-4.0093994;-5.279602;-3.4281158;743.38184;0.95393866;155.35976;100.0;0.7591627;346.8086;2189.616;5.6263866;-0.19492954;0.0;0.098347664;0.098355114;0.0;5.498968;1304.0723;4764.2886;-694.2278;6216.5454;-153.44667;-369.90332
1992-04-02;-3.369527;-7.2482452;-3.315633;746.2217;0.877677;77.24981;100.0;0.7619907;349.3265;2182.9426;0.68470836;-0.18034038;0.0;0.09804964;0.09807199;0.0;0.28064102;1770.0339;6608.61;-1580.0786;5168.5957;-141.96777;-367.0122
1992-04-03;-1.8838501;-8.732414;-4.836324;747.5427;0.90865105;180.05586;100.0;0.76216346;353.59018;2156.9824;0.0008554248;-0.11477526;0.0;0.09778142;0.09778887;0.0;0.0;1970.1973;7091.9844;-1904.0623;4631.9526;-90.35445;-251.54639
1992-04-04;-2.335907;-8.030548;-5.118744;746.0129;0.9207454;169.46265;100.0;0.76254606;356.9811;2137.329;3.276199;-0.13425946;0.0;0.0975132;0.0975132;0.0;3.1073074;1988.7611;6913.4077;-1433.2903;5238.0234;-105.685555;-266.74
1992-04-05;-3.9803975;-6.1507773;-4.6072693;743.84735;0.969865;107.50354;100.0;0.76599866;357.13965;2146.9727;1.9860446;-0.18614717;0.0;0.097215176;0.09723753;0.0;1.8924177;1545.7927;5534.666;-1049.8737;5678.955;-145.74667;-344.53555
1992-04-06;-3.156484;-8.900432;-4.767756;746.8455;1.4622887;27.260437;100.0;0.7670521;359.77344;2134.8877;0.17732382;-0.29998457;0.0037103891;0.100657344;0.096946955;0.049998984;0.11456013;1899.2772;6759.6626;-1658.0767;4957.3066;-234.87445;-289.68777
1992-04-07;-0.53220624;-9.021861;-5.2991333;749.7595;1.0455505;45.837097;100.0;0.7668047;363.5189;2112.508;0.0012942764;-0.07859059;0.019326806;0.11599064;0.09667128;0.25414675;0.0;2156.9695;7440.0527;-1849.5717;4732.3745;-60.351112;-231.66112
1992-04-08;-0.05947876;-6.551809;-4.919337;750.3115;0.9991524;95.019264;100.0;0.76656723;367.306;2090.861;0.15830994;-0.07215142;0.018626451;0.115036964;0.09639561;0.23260713;0.07012114;1645.0411;5501.6357;-1248.4578;5450.211;-55.63222;-139.39778
1992-04-09;0.78815717;-6.972748;-4.0017624;748.1077;1.0006053;128.68335;100.0;0.7656894;371.02637;2068.5222;0.0017216798;-0.119159;0.14734268;0.24347007;0.09612739;1.4539137;0.0;2148.4543;7012.2256;-1527.6589;5287.492;-92.013336;-213.6311
1992-04-10;0.5834859;-4.4904075;-3.1468608;747.60767;1.0999768;92.82865;100.0;0.76417667;374.7295;2044.8812;0.37792623;-0.07965136;0.19781291;0.29367208;0.09585172;1.7293878;0.0;2236.4573;7120.0186;-1569.3066;5327.2495;-60.927776;-225.58556
1992-04-11;1.737966;-2.4618022;-2.1767604;750.4587;1.0244503;178.55907;100.0;0.76226205;378.667;2019.4906;0.0017285338;-0.045830384;0.286296;0.38188696;0.0955835;2.2405944;0.0;2354.0527;7316.3413;-1671.4094;5265.473;-34.197777;-227.61778
1992-04-12;2.2132263;-0.86311847;-0.9844373;749.4494;1.3477153;219.48576;100.0;0.761113;384.30664;1987.142;14.271778;-0.085419044;1.5905797;1.6911626;0.10059774;2.4910047;0.9930283;2377.8945;6808.6772;-988.15137;6240.2173;-65.365555;-227.29556
1992-04-13;0.12640381;-0.061228435;-0.00289917;745.6091;0.79236954;204.96436;100.0;0.7763509;376.16992;2066.7317;32.472313;-0.01480151;2.8629303;2.957985;0.09505451;4.314162;17.13428;570.61444;2165.435;-65.43694;7258.3047;-11.276667;-138.36778
1992-04-14;-0.66586304;-3.6323345;-0.09593328;743.99677;0.80398625;212.2862;100.0;0.7752417;376.88834;2061.7676;1.6617775;-0.2860967;1.0295361;1.1243373;0.09480864;5.522814;0.4770346;1952.4928;6331.0083;-1198.3062;5979.3843;-223.31555;-374.55554
1992-04-15;-1.1720377;-3.4069316;-0.24542236;746.2619;1.0996898;176.43958;100.0;0.7718134;382.1328;2024.4955;1.2052774;-0.38864464;0.59334934;0.687927;0.09457022;2.9830058;0.003989786;2288.7566;6532.3496;-1137.8347;6014.839;-304.12888;-406.75446
1992-04-16;-0.29593912;-4.2340393;-0.18247986;747.3559;0.9884259;165.97777;100.0;0.7667615;387.6569;1982.4625;0.066652894;-0.48158503;1.055181;1.1495352;0.09435415;6.2849445;0.00016018748;2706.5422;7001.1157;-1463.7506;5706.79;-377.00223;-379.2
1992-04-17;-0.8696391;-4.4247947;-0.20262401;743.48755;0.95623904;81.47502;100.0;0.7609232;392.80698;1941.04;2.8627067;-0.40173066;1.2677014;1.3618618;0.09416044;5.853869;0.74987113;2385.9167;5760.0034;-1102.7683;6068.758;-314.40887;-334.28333
1992-04-18;-1.3236185;-6.164663;-0.20920818;744.9373;1.5766331;32.60643;100.0;0.7574466;395.7103;1917.399;1.0208488;-0.8131992;0.7469505;0.84094703;0.093989074;4.2550673;0.9666718;2447.4268;6007.454;-1327.0728;5760.9307;-633.9733;-384.96555
1992-04-19;1.2856445;-6.817108;-0.34244537;750.0281;0.80631846;146.94615;100.0;0.7518165;401.28516;1877.1158;0.001406669;-0.3986228;1.2513846;1.345247;0.093862414;6.431855;0.00010803342;3412.4382;7916.005;-2007.3497;5104.4834;-305.1078;-312.59113
1992-04-20;3.6773376;-0.44665527;-0.15779495;750.8461;0.9894789;244.28001;100.0;0.7407629;406.97232;1823.8119;0.57816505;-0.13148785;3.5963356;3.692776;0.096440315;14.121998;0.0;3084.5862;6847.167;-1156.6533;6214.4653;-95.87666;-210.18333
1992-04-21;0.18697102;-0.99400836;-0.024711609;748.1638;0.9766272;201.03851;100.0;0.7322522;407.1976;1799.9268;17.28862;-0.24613273;3.6452637;3.7897527;0.14448911;10.093998;9.029619;1735.0233;4037.0056;-407.13333;6961.312;-190.06111;-244.96222
1992-04-22;-0.909729;-4.323883;-0.10560099;745.2757;1.3519411;213.39764;100.0;0.7313698;402.39453;1820.8008;0.29250532;-0.6839521;1.1227727;1.2216792;0.09890646;5.024731;0.0404045;2334.1973;6776.8145;-1193.8284;5976.7847;-531.37;-385.0822
1992-04-23;0.3962809;-4.8517585;-0.2525215;746.0931;0.96466094;84.205925;100.0;0.72537446;406.81802;1786.0922;0.026452541;-0.35698527;1.43525;1.5295148;0.094264746;6.5816493;0.0;3060.906;8017.047;-2101.1843;4965.721;-272.24554;-317.67444
1992-04-24;0.48725381;-7.41099;-0.38386282;745.6268;0.9885276;83.154594;100.0;0.7197835;412.7106;1747.233;0.0017031949;-0.41707233;0.9705126;1.0651946;0.09471178;4.468236;0.0;3373.311;8193.98;-2231.0217;4799.73;-318.58334;-299.26443
1992-04-25;0.72440594;-5.5050254;-0.30091095;747.57666;1.0715688;118.31341;100.0;0.7130904;418.9645;1705.1188;0.062138934;-0.4979102;1.8326864;1.9494295;0.1167506;7.7963305;0.0;3430.1406;7881.059;-1938.5397;5157.371;-383.0128;-299.85
1992-04-26;0.10559082;-3.4385478;-0.22732036;748.0545;1.1381278;128.61256;100.0;0.70460826;424.32227;1663.4115;1.1809468;-0.4126504;2.4075806;2.5037825;0.0962019;8.151082;0.0;2850.3032;6284.017;-1290.9105;5897.9834;-317.99335;-289.69446
1992-04-27;1.0476176;-3.1114604;-0.16760509;746.6418;1.0359025;169.69655;100.0;0.69359034;429.083;1619.222;0.84388256;-0.40913;3.6303103;3.7952065;0.16489625;12.892645;0.00010803342;3466.5527;7406.969;-1477.0823;5782.375;-313.49554;-291.59778
1992-04-28;2.2909648;-1.1662699;-0.09046173;747.6897;1.0161164;262.5217;100.0;0.6785255;432.37012;1571.818;0.52273273;-0.35905278;5.5588036;5.7216587;0.16283989;16.482405;0.0;2853.8555;5945.613;-978.4989;6360.3213;-275.76443;-242.12666
1992-04-29;2.0458272;-0.8097534;-0.146993;747.3509;1.0114484;202.93956;100.0;0.66275805;435.9567;1522.6237;3.8015873;-0.25652164;6.8699417;7.43784;0.5679056;15.300408;0.0;3220.3584;6590.503;-1304.2972;5996.121;-194.76889;-248.07777
1992-04-30;1.0447286;-0.9558614;-0.098246254;747.98755;1.1123726;200.09497;100.0;0.64787316;439.28354;1476.6031;7.429928;-0.27296227;7.7632217;8.128151;0.36491454;15.263226;0.2023466;3166.8145;6392.455;-1178.8589;6186.9863;-208.2889;-268.08667
1992-05-01;0.6449178;-0.8913371;-0.071564995;748.1147;1.1259542;61.50288;100.0;0.63373035;440.6696;1439.1683;13.173165;-0.13872981;9.624243;11.24987;1.6256273;15.1036825;3.070861;2598.83;5237.579;-962.4803;6363.419;-103.89445;-210.79778
1992-05-02;-0.24243164;-3.6970825;-0.12097931;749.0175;1.5437202;42.972485;100.0;0.6260256;439.3763;1425.7406;5.607992;-0.4914049;4.0656624;4.197538;0.13188273;8.359919;2.1234825;2627.3433;6026.7065;-1162.0858;6047.541;-380.28387;-286.99362
1992-05-03;-0.45055136;-1.8132426;-0.09059397;745.7343;1.0438608;49.55;100.0;0.6225236;438.38736;1420.4508;14.37037;-0.15293714;6.011069;6.737441;0.7263869;6.1960073;4.370846;1577.6873;3768.9766;-669.04364;6579.194;-117.07333;-186.05779
1992-05-04;0.046244305;-3.981018;-0.10839844;745.8212;1.1257031;47.046772;100.0;0.61779535;436.61166;1416.1783;0.41017234;-0.35581738;3.1992495;3.3707767;0.17152727;9.244065;0.16253442;2419.2512;6392.443;-1253.0961;5948.3354;-272.45334;-293.51443
1992-05-05;1.4387003;-4.7681885;-0.18997574;747.96484;1.3240042;50.0264;100.0;0.60866386;441.06738;1381.307;1.5538335;-0.30979887;3.5369844;3.7316232;0.19463152;9.305145;0.015117228;3162.4983;7720.6484;-1569.3739;5643.261;-234.01778;-276.7811
1992-05-06;2.2024944;-2.4867146;-0.08733368;747.0012;1.379313;35.59455;100.0;0.5986184;444.54233;1347.6969;0.6373435;-0.20768493;5.1052866;5.9381127;0.8328259;13.267935;0.0017955899;2387.381;5506.8613;-1135.7487;6128.588;-156.61778;-160.30444
1992-05-07;3.4788005;-0.17873128;-0.116518654;747.5892;0.9689675;155.02716;100.0;0.58495975;448.06607;1306.6813;2.3691387;-0.18914789;6.4289865;7.0433764;0.6143823;14.390215;0.0;3022.45;6683.9155;-1042.4475;6341.306;-136.19112;-200.59889
1992-05-08;3.7673442;1.6575623;-0.012385051;744.14386;0.6133401;138.17772;100.0;0.5726041;449.91797;1272.9899;14.578784;-0.039283186;9.865954;10.736018;0.87007135;11.817537;0.005759299;1280.0466;2734.7878;-162.6225;7214.694;-24.330555;-41.954445
1992-05-09;2.3106792;1.689382;0.007258097;742.2802;0.8495701;181.96092;100.0;0.55930144;450.0;1243.8151;15.642613;-0.036577694;13.941415;16.123177;2.1817684;15.153512;0.0;1625.485;3388.2932;-105.80666;7348.859;-21.13611;-113.388885
1992-05-10;2.201762;1.6953024;-0.006453196;745.5562;0.83640474;157.94801;100.0;0.543992;450.0;1209.8795;7.090388;-0.048449263;9.298027;10.877848;1.5798137;15.366961;0.0001527369;1654.5656;3387.7156;-143.58167;7298.406;-30.315556;-122.88
1992-05-11;1.9240011;0.7433675;-0.016155243;747.12836;1.0543153;68.173;100.0;0.5277185;449.99512;1173.7467;10.040506;-0.15554485;11.011645;12.475133;1.4634953;16.997614;0.02344139;2383.0945;4813.892;-651.56085;6775.2065;-109.4;-154.4589
1992-05-12;2.2969868;-0.481486;-0.048136394;747.9595;1.3179512;33.382008;100.0;0.51264143;449.67612;1140.8285;4.8935056;-0.3815815;9.182215;11.182994;2.000764;18.55497;0.23466349;3013.9556;6236.831;-1068.1539;6302.1597;-281.07224;-196.18445
1992-05-13;3.4568176;0.62176514;-0.08559672;751.73773;1.0062149;61.15056;100.0;0.4943199;449.9857;1099.4467;4.9563885;-0.1995787;9.833545;11.52131;1.68778;18.27117;0.0;2859.7195;5818.279;-959.0064;6430.9224;-138.70222;-142.95444
1992-05-14;3.5344136;0.13659668;-0.122252144;753.62054;1.0777721;67.54583;100.0;0.476809;450.0;1060.2213;5.0224214;-0.2676379;9.104401;11.844844;2.7404354;17.415009;0.0002682209;3018.9512;6062.593;-1037.8156;6322.391;-190.43556;-161.34666
1992-05-15;3.4422913;0.99586993;-0.08539581;751.4751;0.9703975;166.73177;100.0;0.459318;450.0;1021.403;5.336425;-0.20097941;9.007186;10.935604;1.9284189;17.403595;5.2154064e-05;2877.7095;5720.2134;-776.69446;6636.6;-140.07666;-129.25
1992-05-16;3.9894512;1.6923116;-0.012213389;749.05963;1.4097394;181.16536;100.0;0.44141197;450.0;981.85223;6.5452466;-0.13688952;10.475964;13.565808;3.0898452;20.42967;0.0;2505.9543;4938.6826;-547.6828;6931.5757;-92.69945;-34.59611
1992-05-17;4.381266;2.36498;-0.04912694;747.71674;1.0602077;152.5793;100.0;0.42264292;450.0;940.0635;7.725826;-0.045118853;11.058524;15.569896;4.511364;18.90904;0.0068210065;2067.2134;4046.7017;-575.01526;6801.401;-24.412222;-62.393333
1992-05-18;3.30955;0.8629659;-0.118320465;746.9873;1.4583831;197.9644;100.0;0.40566242;450.0;902.01825;7.7927947;-0.31088477;9.892628;15.099615;5.2069945;18.793602;0.0;2945.3022;5740.6733;-1013.67444;6306.738;-226.815;-85.41
1992-05-19;3.0493367;-1.7783203;-0.1650594;748.17456;1.3009983;226.96753;100.0;0.3878471;450.0;862.42676;0.1772672;-0.8311821;7.0674715;11.937976;4.870519;18.09128;0.0;4012.412;7797.277;-1680.0566;5581.383;-627.2122;-175.56
1992-05-20;3.5984395;-0.18725586;-0.17980957;748.42816;1.1760889;190.195;100.0;0.36970913;450.0;822.18427;0.43932316;-0.5050767;7.4194965;13.094902;5.6754127;17.906357;0.0;3853.95;7467.356;-1376.1383;6009.0327;-373.40445;-159.10889
1992-05-21;2.2124329;-0.9979553;-0.1378212;748.3962;1.2417275;157.06104;100.0;0.3509736;450.0;780.63965;3.7395806;-0.5427413;9.118095;16.137392;7.019304;18.295343;0.0;3444.754;6658.5854;-1380.6572;5923.8477;-406.53223;-188.72667
1992-05-22;3.8049724;-2.4185894;-0.17468517;749.0175;0.98232937;109.897026;100.0;0.3318803;450.0;738.32196;0.75541735;-0.6371308;8.871138;16.578241;7.7070894;20.13259;0.00047311187;4124.2134;7959.3433;-1345.3334;6084.082;-472.16;-244.92223
1992-05-23;3.597707;0.929362;-0.05872345;748.74414;0.77270675;109.13352;100.0;0.31241953;450.0;694.9463;11.782259;-0.14484581;14.532253;24.891779;10.359518;18.879477;0.0;2749.9072;5298.6387;-701.7392;6743.6055;-99.00222;-133.07556
1992-05-24;4.3939614;-1.7086182;-0.10254542;751.1209;1.1981801;116.14481;100.0;0.29041612;450.0;646.3623;0.6509453;-0.55481493;9.48152;21.283955;11.802427;23.755058;0.0;3662.9023;7048.271;-1119.0697;6312.324;-410.20667;-141.57777
1992-05-25;5.7424417;-1.1329142;-0.1117541;752.5398;0.8964445;143.64214;100.0;0.2685109;450.0;597.49347;2.1830258;-0.36222672;9.649187;21.60684;11.957653;20.825815;0.0;3461.6184;6654.0366;-893.87665;6602.3823;-261.12167;-118.26
1992-05-26;6.5999756;1.2451578;-0.060075123;752.3911;0.99612886;106.800934;100.0;0.24500243;450.0;545.41016;0.9049028;-0.25384688;11.126012;24.572014;13.446018;25.545559;0.0;3382.6477;6498.8354;-910.32697;6593.4424;-176.46889;-108.045555
1992-05-27;9.511455;2.438975;-0.13633983;753.9711;1.0366043;78.63707;100.0;0.21839587;450.0;486.49088;0.01729489;-0.25356188;12.116432;25.821209;13.704777;27.850979;0.0;3773.8162;7245.791;-936.9067;6609.66;-171.85333;-51.426666
1992-05-28;10.813365;2.8264465;-0.15197754;754.41766;1.0853242;172.60338;100.0;0.18984143;450.0;423.33984;0.16416578;-0.2847463;13.149559;28.680086;15.530541;29.164518;0.0;4011.8306;7699.5513;-1052.4573;6516.527;-194.83;-36.61778
1992-05-29;11.185048;2.5618083;-0.109324135;755.3743;0.9874498;163.23145;99.26416;0.16173966;450.0;360.75845;3.5853982;-0.2405597;13.647079;31.348944;17.701857;26.851482;0.0;3497.2556;6700.061;-698.87665;6904.8887;-164.33333;-13.361111
1992-05-30;10.117696;1.1507162;-0.13416798;753.77026;1.0549972;151.98134;97.09945;0.13586557;450.0;303.26334;0.7628083;-0.33808872;10.767042;27.244568;16.477533;25.542498;0.0;3358.0718;6348.918;-862.01276;6687.2344;-236.90445;-20.01111
1992-05-31;8.424581;2.7088928;-0.29712296;750.3975;1.1505276;129.73659;95.33578;0.11034211;450.0;246.41927;4.4507356;-0.36929363;12.975574;28.954283;15.978702;25.434181;0.0;3843.2444;7195.912;-1125.1578;6392.039;-255.11223;-106.087776
1992-06-01;8.354299;0.65772504;-0.4322764;749.2944;1.5025153;191.95842;94.40747;0.08491997;450.0;189.73796;0.48611462;-0.6021075;11.161849;25.786505;14.624662;25.609474;0.0;4140.4326;7708.9634;-1274.8589;6231.451;-428.4511;-58.315556
1992-06-02;5.8099465;1.9433594;-0.2938334;748.4747;1.3355416;234.44519;93.16634;0.061759233;450.0;138.06152;9.255284;-0.3625024;12.575298;26.728064;14.152781;21.05233;0.0;3179.9277;5900.3267;-633.48975;6912.4478;-258.8111;-170.88222
1992-06-03;5.9652915;0.58655804;-0.6196645;748.05194;1.3776594;198.66766;79.211266;0.038811803;450.0;87.48373;0.3113525;-0.8878447;10.06937;23.952843;13.883464;23.480482;0.0;4134.2876;7338.1035;-1214.1945;6362.439;-633.9167;-213.46556
1992-06-04;6.786957;-0.32120767;-1.2714653;748.4184;1.1973269;175.98415;47.891766;0.020959616;450.0;47.32259;1.0106742;-1.5761694;5.3010435;17.47419;12.173131;14.07354;0.0;5213.973;7903.201;-1782.9867;5919.93;-1106.4944;-511.7989
1992-06-05;7.855703;2.0555522;-0.80815125;749.0638;1.2012235;217.37779;24.221762;0.010570685;450.0;23.80371;8.342833;-1.8226374;5.8984904;17.482132;11.583656;7.8707113;0.0;5068.333;6927.1636;-1511.392;6445.8467;-1268.8511;-708.89667
1992-06-06;8.5598955;2.9540405;-0.3623301;750.38104;1.2482675;157.0917;11.24821;0.004881263;450.0;10.864258;2.1801095;-2.4785438;1.9267052;12.826577;10.899872;4.327867;0.0;5694.3984;7354.1143;-1850.445;6369.7046;-1722.1844;-931.3222
1992-06-07;8.495503;0.19255574;-0.3171285;749.80914;1.4516002;106.772156;4.6203613;0.001997749;450.0;4.5166016;0.14147162;-3.2575457;0.5827844;10.648936;10.066167;1.9429996;0.0;5928.674;7448.5024;-1963.1661;6347.885;-2263.6777;-926.0111
1992-06-08;8.976532;-0.13302612;-0.22269948;748.8475;1.2174636;107.65216;1.7607422;0.00075821084;450.0;1.7903646;0.053459965;-3.6426847;0.21936;9.400845;9.1814995;0.8242205;0.0;6243.489;7747.5654;-2042.5455;6401.473;-2530.5479;-983.5511
1992-06-09;9.293457;0.8531596;-0.21947479;750.061;1.1499116;142.34395;0.65283203;0.0002824863;450.0;0.56966144;0.55393577;-3.094878;0.14844537;8.491575;8.343116;0.2755709;0.0;5673.4927;7003.4087;-2090.5552;6330.4966;-2149.9504;-867.7767
1992-06-10;10.32664;1.7149353;-0.100980125;752.60345;1.1834913;140.31114;0.25268555;0.000108758606;450.0;-7.345365e-21;3.0436249;-3.2058797;0.57405233;8.164748;7.5906963;0.11439249;0.0;5801.5;7142.5376;-2041.0634;6467.0347;-2227.0317;-990.9144
1992-06-11;10.345856;0.5880229;-0.047620136;753.6899;1.4817818;124.83408;0.09399414;4.041195e-05;450.0;-7.345365e-21;0.15230477;-3.422334;0.029981136;6.9597664;6.9297924;0.041350722;0.0;5670.2217;6969.4453;-1949.7944;6543.18;-2377.3967;-884.91
1992-06-12;11.7265625;1.1264852;-0.2129898;752.78735;1.1255916;88.39004;0.033284504;1.4384587e-05;440.97983;-7.345365e-21;0.013092463;-4.025041;0.0051110983;6.3564777;6.3513665;0.017419457;0.0;6672.2007;8190.3857;-2384.6255;6343.5454;-2796.0632;-799.5733
1992-06-13;11.316701;2.8377583;-0.054008484;750.84796;1.2129658;70.92108;0.010660808;4.609426e-06;428.69498;-7.345365e-21;0.4379183;-3.5352101;0.0564456;5.90308;5.846642;0.0051781535;0.0;5777.0083;7083.451;-2034.4839;6681.7256;-2455.7932;-795.1878
1992-06-14;11.187612;3.8108623;-0.018076578;748.1586;1.2288005;76.54337;0.0034179688;1.5497208e-06;428.1315;-7.345365e-21;0.35315752;-3.5601501;0.038564205;5.445674;5.4071097;0.0017173588;0.0;5881.3154;7203.6577;-1998.1422;6760.553;-2473.1167;-930.8489
1992-06-15;10.536407;1.8988444;0.009941101;747.2299;1.4133202;122.131775;0.0008951823;3.5762787e-07;428.09375;-7.345365e-21;1.7399877;-3.6563249;0.2180934;5.24047;5.0223694;0.0005327165;0.0;6124.311;7493.4077;-2102.054;6561.868;-2539.9277;-1097.7844
1992-06-16;9.67805;3.2621765;0.010139465;745.72235;1.1381497;114.91894;0.0;-7.3453654e-25;428.09634;-7.345365e-21;5.7490406;-2.6081;0.77504665;5.4628105;4.6877713;0.00014901161;0.0;4216.3813;5158.2656;-1574.5828;6863.8765;-1811.76;-632.53
1992-06-17;7.043579;2.1826477;-0.014813741;745.7851;1.2480391;197.5142;0.0;-7.3453654e-25;428.09375;-7.345365e-21;5.1549673;-2.6720595;0.71026385;5.103007;4.3927355;5.9604645e-05;0.0;5097.0557;6235.007;-1851.7955;6437.3516;-1856.1912;-1294.8278
1992-06-18;6.255056;3.6368408;-1.0952212;746.90326;1.0447632;226.6073;0.0;-7.3453654e-25;189.08168;-7.345365e-21;13.950425;-2.0265932;2.534464;6.6658854;4.1314363;2.2351742e-05;0.0;3701.3945;4527.261;-1255.685;6926.831;-1407.8066;-871.4778
1992-06-19;7.814016;2.081014;-0.3650589;748.7564;1.2434412;147.41997;0.0;-7.3453654e-25;108.94334;-7.345365e-21;0.29437542;-3.3172612;0.037640333;3.935188;3.8975625;7.4505806e-06;0.0;5451.468;6666.8276;-1622.7339;6833.933;-2304.391;-1241.0555
1992-06-20;8.309326;4.1299233;-0.082286835;748.1232;0.994183;129.71498;0.0;-7.3453654e-25;100.07062;-7.345365e-21;2.9238572;-2.8056884;0.41495264;4.102096;3.6871433;0.0;0.0;5420.233;6627.5835;-1932.5967;6587.7676;-1949.0189;-1172.8456
1992-06-21;9.597809;2.335307;0.009750366;746.75726;1.2110683;161.39856;0.0;-7.3453654e-25;99.99998;-7.345365e-21;0.7712543;-3.7172847;0.09277463;3.5905242;3.4977422;0.0;0.0;6287.674;7687.2554;-2051.774;6574.109;-2582.2734;-1267.0044
1992-06-22;10.926198;0.7461548;0.010042827;747.94464;1.2814207;128.85837;0.0;-7.3453654e-25;99.99998;-7.345365e-21;0.20483136;-3.9313865;0.023454428;3.348112;3.3246577;0.0;0.0;6525.444;7977.0347;-2340.4077;6329.7734;-2731.0034;-1069.5745
1992-06-23;12.170329;-0.66045123;0.009873708;748.4272;1.2872591;110.593414;0.0;-7.3453654e-25;99.99998;-7.345365e-21;0.041467726;-4.062425;0.0043064356;3.1703563;3.166057;0.0;0.0;6615.9194;8086.5547;-2436.9795;6295.4307;-2822.0322;-954.8489
1992-06-24;12.5512495;-0.31911215;0.009724935;748.13965;1.3841858;108.40795;0.0;-7.3453654e-25;99.99998;-7.345365e-21;0.009763241;-4.2122154;0.001013279;3.0211062;3.020093;0.0;0.0;6844.828;8365.24;-2521.0728;6297.2266;-2926.0854;-952.0256
1992-06-25;10.957703;5.3480935;0.009904225;748.3587;1.119646;63.166367;0.0;-7.3453654e-25;99.99998;-7.345365e-21;0.7459402;-3.0575497;0.078231096;2.9646158;2.8863623;0.0;0.0;5337.573;6522.2056;-1794.7811;7049.5864;-2123.9778;-1019.36444
1992-06-26;12.242401;3.126648;0.009993236;747.7813;1.174802;134.45036;0.0;-7.3453654e-25;99.99998;-7.345365e-21;0.42849183;-3.5387464;0.04002452;2.8032362;2.7631893;0.0;0.0;6067.1235;7412.8467;-2144.4817;6775.08;-2458.2478;-1019.94666
1992-06-27;13.3879595;1.7241821;0.01015981;746.96783;1.2397702;132.9767;0.0;-7.3453654e-25;99.99998;-7.345365e-21;0.37518144;-3.485769;0.0346601;2.6830733;2.6484132;0.0;0.0;6008.279;7340.0576;-2120.547;6845.9146;-2421.4468;-1075.1156
1992-06-28;13.897014;1.0825297;0.0099436445;748.1751;1.1596922;124.35061;0.0;-7.3453654e-25;99.99998;-7.345365e-21;0.0;-3.8829362;0.0;2.540946;2.5409534;0.0;0.0;6885.614;8410.704;-2632.0784;6387.4287;-2697.3467;-1178.9944
1992-06-29;14.432506;-0.904185;0.009868622;749.4136;1.0794686;178.58716;0.0;-7.3453654e-25;99.99998;-7.345365e-21;0.0008583069;-3.82402;7.4505806e-05;2.4402142;2.4401398;0.0;0.0;7061.751;8624.788;-2926.3606;6085.947;-2656.419;-1096.4789
1992-06-30;14.588511;-0.015838623;0.010008494;750.08185;1.2245197;128.91917;0.0;-7.3453654e-25;99.99998;-7.345365e-21;0.0008595167;-3.5980716;7.4505806e-05;2.3458004;2.345726;0.0;0.0;7097.5;8667.347;-3024.785;6025.1543;-2499.46;-1161.2944
1992-07-01;15.758972;0.08632406;0.009941101;750.64874;1.1845179;89.325584;0.0;-7.3453654e-25;99.99998;-7.345365e-21;0.0025689597;-3.5802145;0.0001937151;2.257213;2.2570043;0.0;0.0;7039.6665;8595.581;-3006.2446;6197.74;-2487.0566;-1067.8055
1992-07-02;15.797902;-0.45030722;0.010105133;749.77985;1.3810806;125.793785;0.0;-7.3453654e-25;99.99998;-7.345365e-21;0.0;-3.3702328;0.0;2.1735282;2.1735356;0.0;0.0;7094.7407;8661.723;-3080.7742;6147.741;-2341.189;-1233.9778
1992-07-03;16.2176;0.852417;0.010068257;750.3925;1.1719475;103.73818;0.0;-7.3453654e-25;99.99998;-7.345365e-21;0.0;-3.1804833;0.0;2.0948946;2.0948946;0.0;0.0;7071.739;8632.535;-3073.4248;6271.9863;-2209.3755;-1241.28
1992-07-04;17.04481;-0.03225708;0.009936015;749.44293;1.2074723;163.68907;0.0;-7.3453654e-25;99.99998;-7.345365e-21;0.0;-2.9969635;0.0;2.0205975;2.0205975;0.0;0.0;7019.507;8567.648;-3122.4717;6322.8076;-2081.891;-1347.95
1992-07-05;15.786794;-1.6046346;0.010080974;751.4991;1.2785966;170.55415;0.0;-7.3453654e-25;99.99998;-7.345365e-21;0.0008583069;-2.6776223;5.9604645e-05;1.9504577;1.9503981;0.0;0.0;7043.3047;8595.595;-3209.7834;6167.088;-1860.0544;-1584.8578
1992-07-06;15.81544;-3.165863;0.009953816;753.7417;1.3423381;166.16847;0.0;-7.3453654e-25;99.99998;-7.345365e-21;0.0004351138;-2.5141175;2.9802322e-05;1.8839836;1.8839538;0.0;0.0;7104.8516;8669.588;-3332.436;6081.249;-1746.4734;-1580.8844
1992-07-07;14.927867;3.4747417;0.010205586;753.128;1.8136431;37.361683;0.0;-7.3453654e-25;99.99998;-7.345365e-21;0.0;-2.1610837;0.0;1.8210411;1.8210411;0.0;0.0;6827.5176;8330.079;-2862.7756;6653.4355;-1501.2322;-1955.2966
1992-07-08;16.962168;3.1122234;0.009962718;750.376;1.3468232;65.34237;0.0;-7.3453654e-25;99.99998;-7.345365e-21;0.0;-2.215065;0.0;1.7612576;1.7612576;0.0;0.0;6952.9185;8481.999;-3173.8066;6521.743;-1538.7311;-1691.46
1992-07-09;17.01998;1.1045227;0.009802501;747.2055;1.3769027;129.35002;0.0;-7.3453654e-25;100.00519;-7.345365e-21;0.034719706;-1.8911269;0.0022649765;1.7068386;1.7045885;0.0;0.0;6247.261;7620.122;-2766.4177;6886.7;-1313.7034;-1728.6411
1992-07-10;15.059235;-2.2518818;0.010303497;745.6409;1.902727;162.912;0.0;-7.3453654e-25;99.99998;-7.345365e-21;0.027734041;-1.681583;0.0018924475;1.6529858;1.6510785;0.0;0.0;6443.6963;7858.741;-2845.7634;6573.54;-1168.14;-2204.7434
1992-07-11;11.897664;-0.75809735;0.009925842;748.6968;1.3816532;100.15894;0.0;-7.3453654e-25;99.99998;-7.345365e-21;0.0;-1.6834531;0.0;1.6001612;1.6001687;0.0;0.0;6933.684;8455.022;-3145.149;6143.6235;-1169.4377;-2413.371
1992-07-12;12.716298;0.05400594;0.010075887;750.86395;1.2715802;88.6644;0.0;-7.3453654e-25;99.99998;-7.345365e-21;0.0012881455;-1.6684402;8.940697e-05;1.5516132;1.5515387;0.0;0.0;6882.426;8391.583;-3131.3638;6241.195;-1159.01;-2199.6355
1992-07-13;14.325023;0.37680054;0.009774526;751.3621;1.2116319;91.811066;0.0;-7.3453654e-25;99.99998;-7.345365e-21;0.00087022776;-1.6942769;5.9604645e-05;1.5051067;1.5050471;0.0;0.0;6844.345;8344.128;-3105.5986;6462.9917;-1176.9578;-2096.78
1992-07-14;15.75056;1.329661;0.00983429;751.3464;1.229045;89.79931;0.0;-7.3453654e-25;99.99998;-7.345365e-21;0.0012820192;-1.6749073;8.940697e-05;1.4606714;1.4605969;0.0;0.0;6794.4893;8282.306;-3124.332;6587.13;-1163.5022;-2019.1322
1992-07-15;17.063955;-0.086893715;0.009930928;751.3166;1.2309014;135.12993;0.0;-7.3453654e-25;99.99998;-7.345365e-21;0.0;-1.6723983;0.0;1.4180541;1.4180615;0.0;0.0;6868.8394;8371.861;-3259.3481;6540.359;-1161.76;-2008.8534
1992-07-16;17.77707;-2.1618145;0.010242462;752.1245;1.3688645;190.02356;0.0;-7.3453654e-25;99.99998;-7.345365e-21;0.0017166131;-1.5939353;0.00010430813;1.3775975;1.3774858;0.0;0.0;6931.3677;8446.21;-3290.0088;6506.4653;-1107.2544;-2040.1711
1992-07-17;16.525705;-2.275299;0.010025024;750.2316;1.3639742;178.92668;0.0;-7.3453654e-25;99.99998;-7.345365e-21;0.0;-1.4789468;0.0;1.3387203;1.3387352;0.0;0.0;6868.8823;8368.1875;-3263.7957;6452.491;-1027.3744;-2304.15
1992-07-18;15.697347;-1.2731222;0.010035197;747.8472;1.2669762;101.279144;0.0;-7.3453654e-25;99.99998;-7.345365e-21;0.0;-1.487948;0.0;1.3015866;1.3015866;0.0;0.0;6942.5317;8455.968;-3311.912;6429.2534;-1033.6278;-2125.2322
1992-07-19;16.058004;3.5164082;0.010056813;746.3127;1.2512789;77.397514;0.0;-7.3453654e-25;99.99998;-7.345365e-21;0.007286668;-1.3949647;0.00040978193;1.2664199;1.26601;0.0;0.0;6655.39;8104.3633;-3014.5847;6835.838;-969.0344;-2213.2034
1992-07-20;14.971985;1.9294332;0.009979248;747.00604;1.6197996;158.48701;0.0;-7.3453654e-25;100.00259;-7.345365e-21;0.02614115;-1.1926591;0.001385808;1.2335181;1.2321398;0.0;0.0;6200.9146;7549.2256;-2885.8389;6714.9136;-828.5011;-2329.8655
1992-07-21;14.655049;-3.9290364;0.009916942;749.5976;1.2433816;135.00954;0.0;-7.3453654e-25;99.99998;-7.345365e-21;0.0008583069;-1.2901044;5.9604645e-05;1.1997521;1.1997074;0.0;0.0;6899.265;8397.703;-3318.3123;6221.3076;-896.19336;-2410.7678
1992-07-22;15.154866;-2.2247822;0.010115306;750.2842;1.4294173;148.92174;0.0;-7.3453654e-25;99.99998;-7.345365e-21;0.0008523463;-1.2423303;4.4703484e-05;1.1685491;1.1684968;0.0;0.0;6793.238;8266.798;-3186.41;6397.303;-863.00555;-2450.2021
1992-07-23;15.611775;-2.676524;0.009849548;748.69867;1.1647714;103.54907;0.0;-7.3453654e-25;99.99998;-7.345365e-21;0.0012870668;-1.2971703;6.7055225e-05;1.1385828;1.1385083;0.0;0.0;6967.8496;8477.405;-3595.4617;6061.4976;-901.10223;-2145.45
1992-07-24;16.441721;-4.507192;0.010040283;748.1496;1.2836921;147.55716;0.0;-7.3453654e-25;99.99998;-7.345365e-21;0.0004435435;-1.2968508;2.9802322e-05;1.1096746;1.1096373;0.0;0.0;7009.106;8525.668;-3669.952;6031.125;-900.88;-2042.6344
1992-07-25;16.683563;-4.3176475;0.009774526;748.21;1.3026389;109.325935;0.0;-7.3453654e-25;99.99998;-7.345365e-21;0.0004351138;-1.2636539;2.9802322e-05;1.0819137;1.0818988;0.0;0.0;7024.705;8542.753;-3752.6333;5980.634;-877.8189;-2034.5566
1992-07-26;16.775696;-6.173411;0.009882609;747.6193;1.313053;95.24326;0.0;-7.3453654e-25;99.99998;-7.345365e-21;0.0;-1.2406446;0.0;1.0552108;1.0552108;0.0;0.0;6996.194;8506.136;-3671.09;6083.4116;-861.83386;-2031.4333
1992-07-27;17.672028;3.7900798;0.010144551;748.45013;1.4280739;79.09345;0.0;-7.3453654e-25;99.99998;-7.345365e-21;0.0048362925;-1.127663;0.00020861626;1.0297596;1.0295286;0.0;0.0;6209.9043;7548.4717;-2843.2388;7131.824;-783.35;-2043.3256
1992-07-28;18.226532;5.947805;0.010168712;750.3069;1.3706306;85.11078;0.0;-7.3453654e-25;99.99998;-7.345365e-21;0.01900059;-1.1003222;0.0009834766;1.0058284;1.00483;0.0;0.0;6005.1377;7297.936;-2751.0825;7320.0034;-764.3578;-2035.1444
1992-07-29;19.222025;6.060547;0.009792328;750.7424;1.3448396;105.76255;0.0;-7.3453654e-25;99.99998;-7.345365e-21;0.0032424927;-1.0801293;0.00014901161;0.98121166;0.9810701;0.0;0.0;5900.957;7169.609;-2753.0925;7366.224;-750.33;-1975.3878
1992-07-30;18.849222;4.7859397;0.010284424;749.65283;1.3879728;155.94804;0.0;-7.3453654e-25;99.99998;-7.345365e-21;0.0008583576;-1.1377968;4.4703484e-05;0.95815957;0.95811486;0.0;0.0;6562.0557;7971.1377;-3055.551;7076.5347;-790.39;-2331.2756
1992-07-31;17.005697;2.3699646;0.009860992;747.3488;1.3303303;128.5584;0.0;-7.3453654e-25;99.99998;-7.345365e-21;0.0014245507;-1.0752957;7.4505806e-05;0.93600154;0.93591213;0.0;0.0;6606.39;8023.219;-3159.651;6776.1445;-746.9722;-2434.2522
1992-08-01;15.270009;3.8313293;0.010121663;748.1389;1.1743398;106.97558;0.0;-7.3453654e-25;99.99998;-7.345365e-21;0.15946643;-0.8870494;0.008381903;0.92315674;0.9147674;0.0;0.0;5336.7773;6479.82;-2416.515;7349.741;-616.20447;-2029.7444
1992-08-02;14.953624;4.558441;0.009815216;749.71747;1.1856364;88.87739;0.0;-7.3453654e-25;99.99998;-7.345365e-21;0.074505806;-0.88710433;0.003412366;0.8980334;0.894621;0.0;0.0;5182.7173;6291.222;-2540.9368;7126.55;-616.24225;-1872.5444
1992-08-03;16.327524;4.87203;0.009827931;751.1614;1.3570346;67.761734;0.0;-7.3453654e-25;99.99998;-7.345365e-21;0.00086426735;-1.0183119;4.4703484e-05;0.8750111;0.8749664;0.0;0.0;6067.974;7364.414;-2849.7024;7039.9746;-707.38666;-2131.8445
1992-08-04;17.450327;6.2957664;0.010087331;753.2796;1.4155682;65.14553;0.0;-7.3453654e-25;100.00259;-7.345365e-21;0.0008523463;-1.0001659;4.4703484e-05;0.8558035;0.8557737;0.0;0.0;6097.1987;7398.33;-2846.9778;7157.6865;-694.7811;-2137.5732
1992-08-05;18.243195;4.9560547;0.009794871;752.5002;1.3108045;95.76452;0.0;-7.3453654e-25;99.99998;-7.345365e-21;0.001275539;-1.0486133;7.4505806e-05;0.83720684;0.8371398;0.0;0.0;6314.0957;7659.7715;-2960.8333;7173.8154;-728.43665;-2174.1755
1992-08-06;17.622955;6.2744956;0.009886424;750.3621;1.2700318;83.48118;0.0;-7.3453654e-25;100.00519;-7.345365e-21;0.036522746;-0.7807212;0.0018328428;0.8211732;0.81932545;0.0;0.0;4775.4595;5792.0347;-2282.8042;7669.13;-542.3411;-1673.0422
1992-08-07;16.586761;6.545054;0.009677887;751.4866;1.2459999;63.00474;0.0;-7.3453654e-25;99.99998;-7.345365e-21;0.2535075;-0.84236825;0.013485551;0.8158237;0.8023232;0.0;0.0;4989.9204;6050.7183;-2266.3179;7647.057;-585.1655;-1887.9388
1992-08-08;16.51242;3.7809346;0.0098775225;751.74414;1.3602034;113.861;0.0;-7.3453654e-25;99.99998;-7.345365e-21;0.00043511385;-0.90108716;2.9802322e-05;0.78588724;0.78588724;0.0;0.0;5218.7515;6326.7056;-2565.758;7222.6387;-625.95557;-1862.7966
1992-08-09;15.338765;0.884552;0.009802501;750.2051;1.4567996;123.08389;0.0;-7.3453654e-25;99.99998;-7.345365e-21;0.00085234636;-0.93810356;4.4703484e-05;0.7698387;0.769794;0.0;0.0;6269.3774;7598.6597;-3068.7083;6655.8413;-651.67;-2397.5156
1992-08-10;12.917989;3.6857197;0.010051727;749.46515;1.2747418;64.374;0.0;-7.3453654e-25;100.00259;-7.345365e-21;1.1700124;-0.9472426;0.060647726;0.815019;0.7543564;0.0;0.0;5315.072;6440.5405;-2426.4363;7065.609;-658.01776;-2067.6655
1992-08-11;12.2525835;3.596812;0.00999705;752.8879;1.8754243;37.742615;0.0;-7.3453654e-25;99.99998;-7.345365e-21;0.29081106;-1.0957699;0.01449883;0.7541776;0.73967874;0.0;0.0;5530.7646;6700.439;-2561.6023;6748.6855;-761.195;-2269.4734
1992-08-12;13.480957;0.4985962;0.01001358;754.3091;1.8444139;35.98534;0.0;-7.3453654e-25;99.99998;-7.345365e-21;0.0;-1.113439;0.0;0.7252097;0.7252097;0.0;0.0;6485.813;7855.834;-3208.6162;6187.489;-773.4689;-2308.209
1992-08-13;14.542847;0.50038654;0.009947459;753.6404;1.5160879;43.82484;0.0;-7.3453654e-25;99.99998;-7.345365e-21;0.00085234636;-1.0118997;4.4703484e-05;0.7110387;0.710994;0.0;0.0;6465.2427;7829.182;-3259.72;6315.306;-702.93335;-2212.209
1992-08-14;15.756764;1.0973511;0.009876251;753.2761;1.2305338;79.27904;0.0;-7.3453654e-25;99.99998;-7.345365e-21;0.2863884;-1.0006316;0.014960766;0.7121265;0.6971508;0.0;0.0;6252.93;7570.329;-3046.8179;6723.4004;-695.10443;-2103.149
1992-08-15;16.8909;-0.17582195;0.009878795;754.524;1.0270305;101.165344;0.0;-7.3453654e-25;99.99998;-7.345365e-21;0.041958198;-1.0397881;0.0021606684;0.68590045;0.68371;0.0;0.0;5895.934;7136.601;-2984.6338;6910.731;-722.30554;-1806.3867
1992-08-16;17.332998;1.1987711;0.009953816;754.37555;1.1787561;119.86355;0.0;-7.3453654e-25;99.99998;-7.345365e-21;0.65277815;-0.960229;0.03388524;0.7046461;0.6707907;0.0;0.0;5413.004;6551.25;-2768.5618;7028.0073;-667.04;-1747.9789
1992-08-17;16.562643;-1.3789469;0.010096232;751.0524;1.3908372;104.23032;0.0;-7.3453654e-25;99.99998;-7.345365e-21;0.00042617318;-1.1496991;2.9802322e-05;0.6582886;0.6582588;0.0;0.0;6400.7095;7745.6826;-3246.7966;6531.317;-798.6578;-2107.3823
1992-08-18;16.26239;2.799113;0.009871165;748.3494;1.191913;103.43308;0.0;-7.3453654e-25;99.99998;-7.345365e-21;0.05340576;-0.8970201;0.0026971102;0.64869225;0.64599514;0.0;0.0;5665.3506;6854.992;-2824.9534;6989.689;-623.1289;-1909.5056
1992-08-19;15.252411;4.6378784;0.009924571;749.8379;1.6641194;38.55966;0.0;-7.3453654e-25;100.00259;-7.345365e-21;0.17616153;-0.8139741;0.009000301;0.6431341;0.63415617;0.0;0.0;5801.1807;7018.524;-2822.0828;6859.5854;-565.44055;-2239.8477
1992-08-20;17.108927;3.3226929;0.010080974;752.02277;1.1661569;88.57675;0.0;-7.3453654e-25;99.99998;-7.345365e-21;0.00071525574;-0.9365883;4.4703484e-05;0.6226301;0.6225854;0.0;0.0;5988.757;7244.628;-2979.0605;6924.5854;-650.61664;-1974.3345
1992-08-21;17.478678;0.60231525;0.010032654;751.9524;1.3159446;179.39551;0.0;-7.3453654e-25;99.99998;-7.345365e-21;0.0012825321;-0.8620583;7.4505806e-05;0.61134994;0.61129034;0.0;0.0;6172.879;7466.4277;-3156.222;6745.077;-598.8428;-2145.9478
1992-08-22;17.32666;-0.3393148;0.010218303;752.3823;1.2011067;194.97046;0.0;-7.3453654e-25;99.99998;-7.345365e-21;0.0;-0.828593;0.0;0.6002933;0.6002933;0.0;0.0;6148.1797;7435.6743;-3168.141;6725.1846;-575.5956;-2101.8044
1992-08-23;17.641;-2.267619;0.009754181;752.64886;1.256477;171.37627;0.0;-7.3453654e-25;99.99998;-7.345365e-21;0.0008523463;-0.76984614;4.4703484e-05;0.58966875;0.58963895;0.0;0.0;5749.507;6952.7324;-3028.532;6816.0244;-534.7867;-1949.9055
1992-08-24;15.814382;-3.051656;0.009915669;751.68085;1.4999576;211.91426;0.0;-7.3453654e-25;99.99998;-7.345365e-21;0.0;-0.69277734;0.0;0.57937205;0.57937205;0.0;0.0;6093.2817;7367.504;-3165.197;6417.2266;-481.2489;-2415.4834
1992-08-25;14.374725;-0.17586263;0.0101292925;751.5183;1.1134639;185.56287;0.0;-7.3453654e-25;99.99998;-7.345365e-21;0.0017100765;-0.704864;8.940697e-05;0.5694479;0.5693659;0.0;0.0;5971.5283;7219.4614;-3061.574;6515.8687;-489.64557;-2210.5989
1992-08-26;14.905934;0.85621136;0.009929657;751.7051;1.0459352;95.485664;0.0;-7.3453654e-25;99.99998;-7.345365e-21;0.089466;-0.71150064;0.004529953;0.56412816;0.5595982;0.0;0.0;5516.4883;6668.4473;-2859.7273;6800.0566;-494.25665;-1940.3955
1992-08-27;14.706899;3.4243164;0.0099436445;751.0698;1.5691203;47.00966;0.0;-7.3453654e-25;99.99998;-7.345365e-21;0.71427226;-0.8138493;0.037640333;0.587821;0.5501807;0.0;0.0;5730.6333;6926.4585;-2840.274;6739.691;-565.35333;-2143.912
1992-08-28;12.448934;4.6774087;0.009806315;750.5869;1.7261177;35.488964;0.0;-7.3453654e-25;100.00259;-7.345365e-21;2.230972;-0.9358711;0.13689697;0.67810714;0.5412251;0.0;0.0;4561.5635;5512.777;-2178.1357;7024.6255;-650.1178;-1859.1544
1992-08-29;12.66747;2.0472515;0.009950002;752.57916;2.0005386;32.46641;0.0;-7.3453654e-25;99.99998;-7.345365e-21;0.00042617318;-1.3455245;2.9802322e-05;0.5325228;0.5325079;0.0;0.0;5826.7456;7040.9873;-2817.924;6340.757;-934.6911;-2067.7756
1992-08-30;13.193939;1.7287191;0.00985082;753.9265;1.8283242;37.60924;0.0;-7.3453654e-25;100.00519;-7.345365e-21;0.0021338456;-1.1264756;0.00011920929;0.52395463;0.5238503;0.0;0.0;5815.306;7026.3276;-2924.611;6309.0723;-782.5244;-1999.1478
1992-08-31;14.680348;1.2456869;0.0098012285;755.09;1.3774091;48.47507;0.0;-7.3453654e-25;100.00259;-7.345365e-21;0.0008523463;-1.0294318;4.4703484e-05;0.51540136;0.51537156;0.0;0.0;5876.7876;7099.745;-3191.812;6232.1313;-715.1111;-1760.8622
1992-09-01;15.559499;-3.499939;0.01025645;755.6521;1.1657888;86.89501;0.0;-7.3453654e-25;99.99998;-7.345365e-21;0.0;-0.8998318;0.0;0.5070269;0.5070269;0.0;0.0;5872.183;7093.36;-3255.383;6261.5933;-625.0833;-1696.0022
1992-09-02;15.548207;-2.9829712;0.010083516;756.28815;1.2402719;91.10147;0.0;-7.3453654e-25;99.99998;-7.345365e-21;0.0008583069;-0.7850695;4.4703484e-05;0.49893558;0.49889833;0.0;0.0;5774.0674;6974.0015;-3149.4592;6452.4487;-545.36224;-1807.4778
1992-09-03;15.688283;-1.3874308;0.009944916;755.7935;1.3680438;48.179935;0.0;-7.3453654e-25;99.99998;-7.345365e-21;0.00085234636;-0.69127977;4.4703484e-05;0.49102306;0.49099326;0.0;0.0;5315.4634;6419.293;-2882.1438;6750.4355;-480.2089;-1704.8756
1992-09-04;13.810985;-0.7298177;0.009867351;754.3462;1.8165545;36.194878;0.0;-7.3453654e-25;99.99998;-7.345365e-21;0.0;-0.603782;0.0;0.48333406;0.48334152;0.0;0.0;5514.08;6658.407;-2944.7336;6429.0757;-419.42776;-2119.5632
1992-09-05;13.896962;-0.36590576;0.010052999;752.3588;1.3252679;46.515934;0.0;-7.3453654e-25;99.99998;-7.345365e-21;0.0008583069;-0.627581;4.4703484e-05;0.4759282;0.47586858;0.0;0.0;5619.0254;6784.286;-3095.6875;6316.5444;-435.96;-1924.7911
1992-09-06;14.623973;-1.4756876;0.0099322;751.8764;1.034685;129.88037;0.0;-7.3453654e-25;99.99998;-7.345365e-21;0.005680322;-0.6445218;0.00028312206;0.46882033;0.4685372;0.0;0.0;5439.009;6566.1973;-2925.228;6593.521;-447.72778;-1815.5934
1992-09-07;15.0599165;-2.765025;0.010269165;752.7637;1.1839541;115.81356;0.0;-7.3453654e-25;99.99998;-7.345365e-21;0.0013446333;-0.6402321;7.4505806e-05;0.46145916;0.46138465;0.0;0.0;5470.5234;6603.407;-3039.5833;6490.741;-444.7489;-1806.2833
1992-09-08;15.255483;-2.9561157;0.009693146;752.4141;1.2885109;109.55743;0.0;-7.3453654e-25;99.99998;-7.345365e-21;0.004708767;-0.5783513;0.00022351742;0.45466423;0.4544258;0.0;0.0;4950.8564;5975.4043;-2710.2842;6779.354;-401.76166;-1641.0233
1992-09-09;14.370412;0.28397623;0.010214488;752.46295;1.4373606;92.61901;0.0;-7.3453654e-25;99.99998;-7.345365e-21;0.38414;-0.61292297;0.018879771;0.46664476;0.4477501;0.0;0.0;4728.919;5706.7544;-2570.3748;6781.7617;-425.77777;-1682.9545
1992-09-10;14.186412;0.3621521;0.0099105835;753.39105;1.4375533;68.13641;0.0;-7.3453654e-25;99.99998;-7.345365e-21;0.008609891;-0.6754529;0.0003874302;0.4416108;0.44120848;0.0;0.0;5170.8345;6239.4136;-2842.9604;6515.082;-469.21445;-1749.1011
1992-09-11;13.963643;-3.5312908;0.010008494;752.1705;1.3705958;100.44477;0.0;-7.3453654e-25;99.99998;-7.345365e-21;0.29020905;-0.639122;0.014171004;0.44894218;0.43478608;0.0;0.0;5071.2524;6118.5015;-2788.792;6467.041;-443.97665;-1724.6422
1992-09-12;12.121246;-1.755422;0.009928386;750.52765;1.2407495;104.630424;0.0;-7.3453654e-25;99.99998;-7.345365e-21;0.3094852;-0.6657382;0.01475215;0.44333935;0.4285872;0.0;0.0;4512.8623;5444.1694;-2328.4456;6816.2866;-462.46667;-1718.78
1992-09-13;12.267772;-0.9454244;0.009840648;750.3847;1.3775716;104.194;0.0;-7.3453654e-25;99.99998;-7.345365e-21;0.074350834;-0.6288653;0.0036209822;0.4261732;0.42256713;0.0;0.0;4682.1987;5647.75;-2541.9604;6540.1055;-436.85223;-1714.4489
1992-09-14;12.338318;-3.637431;0.009994507;752.85345;1.409788;112.69134;0.0;-7.3453654e-25;99.99998;-7.345365e-21;5.9604645e-05;-0.6397711;0.0;0.41663647;0.41662902;0.0;0.0;5175.539;6242.0483;-2843.4863;6264.5;-444.42776;-1827.2322
1992-09-15;11.5355835;-1.8122965;0.009896596;754.34467;1.3174195;112.97031;0.0;-7.3453654e-25;99.99998;-7.345365e-21;0.0055164094;-0.53141826;0.00023841858;0.41106343;0.4108101;0.0;0.0;4795.547;5783.1104;-2580.928;6455.6123;-369.15887;-1789.1011
1992-09-16;12.056102;-3.5504353;0.010206859;752.3135;1.3806357;168.13588;0.0;-7.3453654e-25;99.99998;-7.345365e-21;0.001275539;-0.5370695;5.9604645e-05;0.40519238;0.40513277;0.0;0.0;5082.039;6123.195;-2841.3352;6200.088;-373.08444;-1873.5544
1992-09-17;11.012919;-5.5039573;0.010072072;749.79376;1.1389842;261.02966;0.0;-7.3453654e-25;99.99998;-7.345365e-21;0.00042617318;-0.49722567;2.2351742e-05;0.39960444;0.39958954;0.0;0.0;5183.307;6239.8076;-2964.8494;5907.2856;-345.40668;-1872.99
1992-09-18;11.074646;-3.827647;0.009780884;750.71515;1.1384758;118.32697;0.0;-7.3453654e-25;99.99998;-7.345365e-21;0.01129806;-0.4915651;0.00040978193;0.39456785;0.3941506;0.0;0.0;5046.1763;6069.415;-2890.49;6027.981;-341.47388;-1784.9867
1992-09-19;11.260203;-6.0187583;0.009896596;751.5971;1.1446751;162.98631;0.0;-7.3453654e-25;99.99998;-7.345365e-21;0.00085320807;-0.48941934;4.4703484e-05;0.3888756;0.38883835;0.0;0.0;5164.6006;6206.4565;-3097.389;5761.79;-339.98334;-1726.9634
1992-09-20;10.010956;-5.8934326;0.010042827;752.5035;1.2119358;169.08984;0.0;-7.3453654e-25;99.99998;-7.345365e-21;0.00044107434;-0.45735762;1.4901161e-05;0.3836751;0.38365275;0.0;0.0;5106.8267;6131.704;-3044.9119;5687.4688;-317.71112;-1801.1244
1992-09-21;9.294841;-4.9886985;0.010070801;753.1309;1.2513897;146.4648;0.0;-7.3453654e-25;99.99998;-7.345365e-21;0.0;-0.43411368;0.0;0.3786087;0.3785938;0.0;0.0;4995.404;5992.693;-2889.5222;5786.076;-301.56445;-1813.0144
1992-09-22;9.662007;-4.8545737;0.01008606;753.0757;1.177151;122.30057;0.0;-7.3453654e-25;99.99998;-7.345365e-21;0.0012768332;-0.4330501;5.9604645e-05;0.37372112;0.37366152;0.0;0.0;4808.1577;5763.0254;-2741.8433;5996.709;-300.82556;-1723.7023
1992-09-23;9.311401;-4.7531533;0.009918213;751.9853;1.2583394;178.65466;0.0;-7.3453654e-25;99.99998;-7.345365e-21;0.0004351138;-0.42321718;1.4901161e-05;0.36884844;0.3688261;0.0;0.0;4945.1465;5922.0957;-2865.062;5806.154;-293.99445;-1835.7067
1992-09-24;8.577596;-3.9966838;0.009930928;749.52167;1.3077037;152.80818;0.0;-7.3453654e-25;99.99998;-7.345365e-21;0.6455481;-0.4990138;0.031858683;0.39599836;0.36415458;0.0;0.0;4534.8037;5426.1;-2463.0989;6090.7886;-346.6489;-1738.2056
1992-09-25;6.3282166;-2.7504883;0.010279338;749.59064;1.906951;214.41742;0.0;-7.3453654e-25;99.99998;-7.345365e-21;0.047403574;-0.39485282;0.0023394823;0.3620088;0.35967678;0.0;0.0;4088.5518;4887.809;-2282.7185;5958.55;-274.2911;-1867.1823
1992-09-26;5.8081565;-2.4878235;0.009986877;751.60406;1.2322994;178.4037;0.0;-7.3453654e-25;99.99998;-7.345365e-21;0.15497804;-0.4191566;0.0075399876;0.36284328;0.3553033;0.0;0.0;4156.8643;4965.243;-2094.9836;6272.074;-291.17444;-1742.9022
1992-09-27;3.651357;-0.026407877;0.010325114;750.1924;1.457759;175.39307;0.0;-7.3453654e-25;99.99998;-7.345365e-21;11.107081;-1.4464464;0.6864071;1.0375977;0.35117567;0.0;0.0;3069.0864;3662.977;-1527.0316;6373.0913;-1004.7989;-1105.0878
1992-09-28;4.4923806;-4.950897;-5.0059114;752.7917;1.2468315;77.007195;0.0016276041;-7.3453654e-25;119.53286;-7.345365e-21;0.0010959217;-1.6682754;5.9604645e-05;0.34713745;0.34709275;8.381903e-05;0.00022724271;4760.6865;5676.4663;-2527.4714;5489.277;-1158.8955;-1309.0122
1992-09-29;4.930298;-4.29067;-6.6804237;753.6939;1.1804842;68.220695;0.0006510417;-7.3453654e-25;143.6201;-7.345365e-21;0.00087153463;-1.4408305;4.4703484e-05;0.34299493;0.34293532;5.9604645e-05;0.0;4856.316;5785.3765;-2686.1233;5322.081;-1000.89667;-1206.9412
1992-09-30;5.79126;-3.6543071;-6.220033;753.4217;1.210333;51.245605;0.0;-7.3453654e-25;150.39061;-7.345365e-21;0.0030052753;-1.3315846;0.00014901161;0.33900142;0.3388524;4.0978193e-05;0.0;4781.444;5691.419;-2695.7344;5370.6636;-925.00665;-1151.0734
1992-10-01;7.464437;-6.0049133;-6.315956;752.12787;1.1078027;90.1726;0.0;-7.3453654e-25;150.39061;-7.345365e-21;0.0;-1.2997733;0.0;0.3348291;0.3348291;2.6077032e-05;0.0;4770.1978;5673.2056;-2761.7878;5397.8354;-902.91;-1015.88336
1992-10-02;7.8560996;-6.9644065;-7.7103705;752.3409;1.0484661;105.17093;0.0;-7.3453654e-25;125.69985;-7.345365e-21;0.0;-1.1980021;0.0;0.33086538;0.33085793;1.1175871e-05;0.0;4763.129;5659.9155;-2816.5466;5390.959;-832.2117;-1013.9633
1992-10-03;8.489644;-5.450114;-2.6277618;754.24066;1.1554321;161.37682;0.0;-7.3453654e-25;103.58722;-7.345365e-21;0.0017112716;-1.103892;8.195639e-05;0.3270656;0.32697618;3.7252903e-06;0.0;4653.7017;5525.1445;-2747.4321;5528.33;-766.8372;-1109.2456
1992-10-04;8.447581;-6.309397;0.00990804;754.6059;1.234781;169.28603;0.0;-7.3453654e-25;99.99998;-7.345365e-21;0.0008527424;-1.0235393;4.4703484e-05;0.3231913;0.32314658;0.0;0.0;4615.192;5474.711;-2730.5823;5558.251;-711.01886;-1135.1067
1992-10-05;8.125305;-6.3954163;0.010060628;752.2286;1.1367794;118.84271;0.0;-7.3453654e-25;99.99998;-7.345365e-21;0.0012971641;-0.9534173;7.4505806e-05;0.3194511;0.3193915;0.0;0.0;4560.0884;5404.6934;-2689.304;5688.5454;-662.30664;-1083.0167
1992-10-06;7.8731284;-2.6153564;0.009976705;751.21954;1.0519316;75.85238;0.0;-7.3453654e-25;99.99998;-7.345365e-21;0.03668666;-0.74109435;0.0016987324;0.31742454;0.31573325;0.0;0.0;3785.635;4482.9463;-2098.1006;6365.0024;-514.81335;-1071.3722
1992-10-07;5.526642;-3.940328;0.009862264;751.58673;1.6012769;27.680422;0.0;-7.3453654e-25;99.99998;-7.345365e-21;0.0017881393;-0.62668884;8.940697e-05;0.31226873;0.31217188;0.0;0.0;4229.245;5003.839;-2521.9956;5661.852;-435.34;-1505.8478
1992-10-08;7.90682;-7.456411;0.009899139;751.0876;1.0585963;180.78496;0.0;-7.3453654e-25;99.99998;-7.345365e-21;0.00085532654;-0.63722765;4.4703484e-05;0.30870736;0.30866265;0.0;0.0;4462.513;5275.4556;-2719.3762;5539.3545;-442.66;-1039.8511
1992-10-09;7.7652283;-2.755371;0.0100746155;751.35986;1.3073573;227.54065;0.0;-7.3453654e-25;99.99998;-7.345365e-21;0.28471947;-0.47961622;0.014051795;0.31925738;0.30521303;0.0;0.0;4132.33;4880.898;-2233.2888;6077.1123;-333.17334;-1451.9489
1992-10-10;6.6336465;-2.7006733;0.009808858;750.37286;1.5684615;212.50299;0.0;-7.3453654e-25;99.99998;-7.345365e-21;0.34869015;-0.6827088;0.017121434;0.31900406;0.30189008;0.0;0.0;4145.2607;4892.0806;-2392.7644;5782.7944;-474.25555;-1506.4567
1992-10-11;6.447561;-6.1592917;0.010147095;751.2429;1.0531104;97.310455;0.0;-7.3453654e-25;99.99998;-7.345365e-21;0.0;-0.5357275;0.0;0.29858947;0.29860437;0.0;0.0;4362.3047;5143.7637;-2758.5518;5357.7153;-372.15222;-1243.6989
1992-10-12;7.41509;-6.912008;0.0100911455;753.1867;0.98939276;85.5902;0.0;-7.3453654e-25;99.99998;-7.345365e-21;0.0008523463;-0.52890277;4.4703484e-05;0.29537082;0.295341;0.0;0.0;4270.608;5031.3506;-2625.2312;5619.2876;-367.41055;-1038.0577
1992-10-13;8.452992;-3.3954875;0.009646098;753.14825;1.1395235;161.77585;0.0;-7.3453654e-25;99.99998;-7.345365e-21;0.0014007092;-0.47921482;7.4505806e-05;0.29219687;0.2921149;0.0;0.0;4151.5024;4886.86;-2486.4773;5903.2;-332.89444;-1204.0767
1992-10-14;7.616099;-3.7029521;0.010158539;752.3951;1.2175679;162.76518;0.0;-7.3453654e-25;99.99998;-7.345365e-21;0.00086426735;-0.40395373;4.4703484e-05;0.28902292;0.28897822;0.0;0.0;3840.6782;4517.093;-2307.0608;5991.067;-280.61334;-1236.9878
1992-10-15;5.953257;-2.2230835;0.009995778;751.9913;1.1450182;103.879456;0.0;-7.3453654e-25;99.99998;-7.345365e-21;0.6326854;-0.5030539;0.030860305;0.3168285;0.28595328;0.0;0.0;3486.5095;4096.621;-1963.3652;6254.8735;-349.45557;-1211.3334
1992-10-16;6.801239;-2.430074;0.01018397;752.55414;1.0795118;55.001156;0.0;-7.3453654e-25;99.99998;-7.345365e-21;0.0008523463;-0.5026357;4.4703484e-05;0.28300285;0.28295815;0.0;0.0;3967.76;4661.0234;-2295.3374;6077.536;-349.16446;-1251.2123
1992-10-17;7.4775596;-3.8976135;0.010040283;752.9921;1.1126066;36.022686;0.0;-7.3453654e-25;99.99998;-7.345365e-21;0.1086086;-0.47736707;0.005349517;0.28531253;0.27996302;0.0;0.0;3902.1812;4582.7173;-2460.0261;5915.9146;-331.61;-1099.0344
1992-10-18;7.6821494;-5.1747947;0.010060628;754.09174;1.0743412;73.85682;0.0;-7.3453654e-25;99.99998;-7.345365e-21;0.0;-0.48864818;0.0;0.2770275;0.27702004;0.0;0.0;4007.5754;4704.9873;-2545.64;5814.8716;-339.44778;-1056.1311
1992-10-19;8.296041;-4.0349936;0.0099652605;754.0376;1.022251;140.67574;0.0;-7.3453654e-25;99.99998;-7.345365e-21;0.21083653;-0.4542051;0.010386109;0.28450787;0.2741292;0.0;0.0;3728.7788;4376.3257;-2360.3013;6053.879;-315.52112;-974.26447
1992-10-20;9.119945;-3.013092;0.009947459;755.1585;0.9425252;179.33075;0.0;-7.3453654e-25;99.99998;-7.345365e-21;0.11404157;-0.44411606;0.0055730343;0.27689338;0.27130544;0.0;0.0;3589.6694;4211.755;-2054.0437;6466.419;-308.5122;-1002.9522
1992-10-21;8.467031;-3.085266;0.009980519;754.1081;0.9427145;243.14854;0.0;-7.3453654e-25;99.99998;-7.345365e-21;0.22131205;-0.40641427;0.01077354;0.27932227;0.26854873;0.0;0.0;3506.4038;4112.6562;-2212.8743;6154.209;-282.32224;-1165.5967
1992-10-22;7.544576;-4.1307883;0.009960175;753.1485;1.1019217;235.16968;0.0;-7.3453654e-25;99.99998;-7.345365e-21;0.08884072;-0.4049409;0.0042915344;0.27015805;0.26586652;0.0;0.0;3610.1172;4233.0513;-2341.6895;5839.366;-281.2989;-1125.5244
1992-10-23;7.108805;-4.3117166;0.009985606;753.3437;1.1515199;253.72307;0.0;-7.3453654e-25;99.99998;-7.345365e-21;0.0034544745;-0.38281175;0.00017881393;0.26336312;0.2632141;0.0;0.0;3795.1807;4448.689;-2502.6045;5610.6787;-265.92667;-1106.6156
1992-10-24;6.2529197;-2.6230977;0.010022481;753.258;1.2346091;244.92218;0.0;-7.3453654e-25;99.99998;-7.345365e-21;0.0017166138;-0.33470428;8.940697e-05;0.2606809;0.2606064;0.0;0.0;3791.936;4443.485;-2471.2927;5552.8643;-232.50778;-1092.2567
1992-10-25;5.2842712;-1.4298096;0.010009766;752.5944;1.428196;229.02016;0.0;-7.3453654e-25;99.99998;-7.345365e-21;0.070247054;-0.27745032;0.0034719706;0.26156008;0.2580732;0.0;0.0;3493.5017;4092.5378;-2230.7395;5709.7666;-192.73555;-1163.1156
1992-10-26;3.9802856;-3.3865662;0.0099817915;750.76465;1.349772;179.20892;0.0;-7.3453654e-25;99.99998;-7.345365e-21;0.012385845;-0.26627815;0.00059604645;0.25621057;0.25561452;0.0;0.0;3549.3855;4156.7954;-2377.6172;5380.3467;-184.97444;-1260.84
1992-10-27;3.3802898;-5.1176453;0.009955089;752.3587;0.9973173;248.19008;0.0;-7.3453654e-25;99.99998;-7.345365e-21;0.00085234636;-0.2610218;4.4703484e-05;0.25321543;0.25318563;0.0;0.0;3731.0833;4368.08;-2568.0588;5081.7954;-181.32333;-992.20776
1992-10-28;3.0865479;-5.18808;0.010077159;753.20996;1.0398349;171.56096;0.0;-7.3453654e-25;99.99998;-7.345365e-21;0.001294914;-0.21504238;7.4505806e-05;0.25086105;0.25080144;0.0;0.0;3228.7578;3778.9634;-2142.8127;5485.23;-149.38333;-886.58
1992-10-29;3.8981018;-6.1156516;0.009888967;755.36743;1.0112125;82.34123;0.0;-7.3453654e-25;99.99998;-7.345365e-21;0.00085542677;-0.273915;4.4703484e-05;0.24849176;0.24844706;0.0;0.0;3599.074;4210.898;-2421.1929;5321.971;-190.28;-861.2711
1992-10-30;3.6436055;-10.396118;0.009977977;755.1163;1.0651689;83.31374;0.0;-7.3453654e-25;99.99998;-7.345365e-21;0.00043511385;-0.27359277;1.4901161e-05;0.24613738;0.24612248;0.0;0.0;3660.5984;4281.5376;-2586.8616;5070.724;-190.05556;-809.0811
1992-10-31;3.0637105;-9.486552;0.009979248;754.7761;0.96783453;48.843582;0.0;-7.3453654e-25;99.99998;-7.345365e-21;0.00085234636;-0.26658177;4.4703484e-05;0.2438724;0.2438277;0.0;0.0;3545.5854;4145.7334;-2401.871;5317.8354;-185.18445;-783.7256
1992-11-01;3.732127;-7.203593;0.010002136;754.48016;0.8875696;89.84519;0.0;-7.3453654e-25;99.99998;-7.345365e-21;0.01706183;-0.24538301;0.0007003546;0.24227798;0.24157763;0.0;0.0;3116.5989;3643.0767;-2076.0117;5695.4424;-170.4589;-689.86664
1992-11-02;4.0553184;-5.8152566;0.009925842;755.09357;0.96190876;90.48981;0.0;-7.3453654e-25;99.99998;-7.345365e-21;0.003117323;-0.25879776;0.00014901161;0.23950636;0.23935735;0.0;0.0;3312.35;3870.62;-2177.025;5619.6235;-179.77888;-783.22
1992-11-03;3.6229045;-6.6918845;0.00976181;756.4875;0.9803271;73.65499;0.0;-7.3453654e-25;99.99998;-7.345365e-21;0.0;-0.2512401;0.0;0.23718178;0.23717433;0.0;0.0;3376.7412;3944.3445;-2290.545;5453.0054;-174.52777;-785.41223
1992-11-04;3.778005;-7.84374;0.010182698;756.96826;0.88687325;65.97694;0.0;-7.3453654e-25;99.99998;-7.345365e-21;0.0017106531;-0.25440937;8.940697e-05;0.23511052;0.23502856;0.0;0.0;3362.6577;3926.9456;-2338.8484;5404.08;-176.73;-720.2978
1992-11-05;4.564575;-7.6374307;0.010393779;754.9747;0.8848942;191.41296;0.0;-7.3453654e-25;99.99998;-7.345365e-21;0.0052452087;-0.21580793;0.0002682209;0.23318827;0.23292005;0.0;0.0;2883.8354;3366.8088;-1916.9811;5828.189;-149.91444;-608.68665
1992-11-06;1.2514445;-2.8072205;-0.3294042;748.5203;1.1226193;208.93819;9.75472;0.0016550621;121.57843;11.108398;16.072184;-0.4190337;0.48820674;0.71913004;0.23091584;0.012557954;8.026741;1746.9767;2041.3611;-752.74554;6760.806;-292.40332;-687.73224
1992-11-07;-1.3421898;-1.5453848;-0.1563263;744.07513;0.8595426;198.26091;97.10498;0.0370696;142.80727;251.01726;48.63486;-0.10518078;0.6212294;0.85026026;0.22901595;0.9906087;40.553997;173.62222;721.94446;-78.51778;7131.4033;-81.80167;-114.74555
1992-11-08;-3.0403378;-8.740106;-4.901728;748.7612;0.9162426;59.13956;100.0;0.049866717;155.18456;321.73666;0.033187866;-0.18027239;0.0;0.2271533;0.22713095;0.0;0.032626092;1104.4338;3954.0012;-1600.915;4947.4956;-136.33223;-117.27333
1992-11-09;-3.1675491;-10.118202;-12.311264;751.57623;0.93910784;202.69972;100.0;0.049798924;158.40785;314.45312;0.0;-0.04214607;0.004000962;0.22926182;0.2252683;0.06267987;0.0;1191.1666;3995.8066;-1370.4417;4577.5957;-29.206667;18.705555
1992-11-10;-3.1582794;-4.337827;-5.844158;750.44916;0.7492196;260.62436;100.0;0.051437378;160.07648;319.98697;10.591945;-0.053767115;0.033833086;0.25728345;0.22345036;0.14817715;9.277146;685.2905;2239.838;-197.59111;6488.102;-40.43;-67.92
1992-11-11;-0.89524335;-1.1343079;-0.09207153;749.0639;0.3497344;112.58982;100.0;0.079583764;151.05956;522.2168;45.680073;-0.07681735;0.99131465;1.2129843;0.22167712;0.9578932;33.62259;193.49722;778.05;3.0013888;7250.1123;-59.77111;-87.50222
1992-11-12;-0.1504008;-0.7897847;-0.018114725;751.7966;0.60760355;223.11505;100.0;0.09454986;156.81737;604.08527;2.6803315;-0.08405279;0.39556623;0.61550736;0.21992624;2.3794994;0.42299926;460.68332;1696.8733;-165.65666;7116.942;-63.702778;-86.14778
1992-11-13;-1.0421549;-3.1169026;-0.6228116;753.3133;0.80101615;138.35698;100.0;0.09293357;167.61163;555.29785;0.047826767;-0.16656704;0.14716387;0.36537647;0.21819025;1.5517045;0.043690205;1022.0628;3162.2178;-1162.3077;5797.2744;-125.76111;-119.13111
1992-11-14;-1.0959473;-4.657491;-2.593047;752.6545;0.8429521;163.34679;100.0;0.092120565;176.93358;520.6706;0.004386902;-0.07696729;0.01886487;0.23533404;0.21646917;0.19356608;0.0009536743;1212.169;3444.82;-1369.3016;5382.079;-54.955;-59.217777
1992-11-15;-0.9884135;-2.2879944;-2.386032;749.84766;1.1321958;209.45357;100.0;0.09214183;185.95604;495.27994;1.3878673;-0.03483612;0.037893653;0.2526939;0.21479279;0.21773763;0.010497868;917.5417;2456.1323;-571.3461;6423.492;-24.346666;-32.316666
1992-11-16;-0.01942571;-0.7760137;-0.42464194;751.77515;1.1343378;133.11871;100.0;0.08970078;196.28969;456.8685;2.356538;-0.05299691;0.7879436;1.0010749;0.21313876;5.7437124;0.049930066;923.24664;2285.8455;-685.0089;6472.03;-38.185555;-73.06555
1992-11-17;-2.1480446;-8.357085;-2.634219;755.3806;1.4613887;17.230762;100.0;0.08643369;202.24413;426.55435;0.00064074993;-0.24493039;0.19703805;0.40854514;0.21151453;1.880847;0.0006482005;1520.2911;3591.841;-1634.3384;5118.233;-185.54222;-79.39222
1992-11-18;-0.85580444;-10.3982115;-4.3434653;756.06244;1.3130364;40.37402;100.0;0.0847708;207.92088;406.53482;0.0004351138;-0.11920277;0.14574826;0.355646;0.20989776;1.36083;0.0;1590.2822;3641.5945;-1718.6838;4875.7974;-86.82445;36.104443
1992-11-19;0.5336711;-10.424371;-4.0220475;754.8533;1.192712;146.34612;100.0;0.08320717;212.54686;389.97397;0.0008583069;-0.13236143;0.177145;0.38546324;0.20831078;1.6328208;0.0;1642.9122;3662.9612;-1612.7084;5079.441;-97.36;35.135555
1992-11-20;2.3631794;-9.754313;-2.9685771;752.478;0.6980278;289.7413;100.0;0.081171356;218.0169;371.13443;0.0;-0.17097406;0.23637712;0.44314563;0.20676106;2.1411664;0.0;1378.3867;2998.3433;-1495.7816;5293.7812;-128.35;32.15222
1992-11-21;-1.3136088;-6.7094703;-3.0020092;746.60834;0.59599847;207.26234;100.0;0.08678337;212.65916;404.45963;18.951014;-0.22165291;0.05669892;0.2619475;0.2052486;0.18211454;17.102514;759.1411;1703.62;-393.79834;6478.766;-171.80667;-78.263336
1992-11-22;-4.6394753;-5.451945;-1.0711645;740.7249;1.1736416;193.42865;100.0;0.12371191;173.18585;708.374;45.859028;-0.31792;0.054880977;0.25866926;0.20378083;0.0;43.63758;319.19223;1288.5477;-232.43611;6736.86;-248.32666;-310.44446
1992-11-23;-7.7948303;-8.839942;-4.462831;744.02045;1.6203103;194.69496;100.0;0.15107863;165.65688;909.0576;8.83401;-0.19377656;0.0;0.20234287;0.20233542;0.0;8.822672;470.43167;1948.46;-551.0978;6007.271;-150.22888;-264.44556
1992-11-24;-7.765105;-8.723598;-6.806192;738.2662;0.97011656;133.14906;100.0;0.194652;151.01268;1281.2094;79.26298;-0.045406632;0.0;0.20092726;0.20092726;0.0;79.25352;100.757225;434.1489;-66.01889;6472.9243;-35.502224;-78.132225
1992-11-25;-12.158132;-14.230405;-9.960907;739.60565;0.9690065;221.89372;100.0;0.23850489;154.65038;1543.9453;2.7838826;-0.10122545;0.0;0.19955635;0.19954145;0.0;2.7673097;545.03;2364.6633;-888.61053;5129.961;-77.22667;-160.41667
1992-11-26;-13.059619;-17.4218;-14.72567;745.21454;1.075565;64.13647;100.0;0.23922575;163.3561;1465.4541;0.021467995;-0.047593378;0.0;0.19815564;0.19816309;0.0;0.020612031;786.1039;3325.8545;-1248.615;4323.9365;-34.44889;-96.956665
1992-11-27;-10.352597;-18.59979;-18.451233;745.10114;0.88405347;73.56704;100.0;0.23923843;169.18813;1414.3473;0.003003177;-0.019537285;0.0;0.19681454;0.19681454;0.0;0.0;813.9606;3352.0244;-1086.0562;4260.646;-12.47;44.746666
1992-11-28;-9.569881;-15.813724;-18.936644;745.68726;0.6386053;294.1888;100.0;0.23933113;173.73207;1377.7262;0.362034;-0.0028908253;0.0;0.19550323;0.19548833;0.0;0.3527403;771.43054;3090.659;-675.7683;4751.11;-0.16555555;23.754444
1992-11-29;-8.62324;-10.496873;-14.513165;747.9846;0.45284078;205.00732;100.0;0.24164736;176.27179;1369.9545;4.50176;0.0069802627;0.0;0.19419193;0.19419193;0.0;4.4945183;537.56775;2132.8389;26.945555;6079.292;6.9133334;-32.90111
1992-11-30;-7.7247834;-10.73925;-11.762783;749.65924;0.75248456;140.23938;100.0;0.24478352;180.30922;1358.195;0.39957762;-0.009793788;0.0;0.19289553;0.19290298;0.0;0.3970042;734.13776;2943.7666;-892.4739;5108.1865;-4.938889;-39.012222
1992-12-01;-6.1263504;-13.850217;-13.293003;750.03125;0.66937923;75.52668;100.0;0.24485648;187.04393;1309.4889;0.027537586;-0.027135015;0.0;0.19162893;0.19163638;0.0;0.025387853;820.8461;3207.7588;-924.50946;4913.76;-18.020555;16.037777
1992-12-02;-6.3061013;-11.300448;-13.010913;748.1738;1.3500787;26.74498;100.0;0.24570481;192.45929;1276.2451;3.8518608;0.0048540533;0.0;0.19039214;0.19038469;0.0;3.5901666;836.0994;3189.929;-771.9767;5194.0957;6.582222;42.003334
1992-12-03;-6.2179847;-9.262328;-10.323425;744.3078;1.4755983;23.552109;100.0;0.24947898;196.83495;1267.8223;0.8353144;-0.003065914;0.0;0.18917024;0.18916279;0.0;0.8327216;492.2611;1934.6122;-555.88776;5677.156;-0.48444444;26.583334
1992-12-04;-9.029536;-11.952606;-11.3195;746.3591;1.248316;21.773657;100.0;0.24972415;203.33852;1228.597;0.0060498714;-0.021754764;0.0;0.18796325;0.1879558;0.0;0.006046146;778.9711;2985.2278;-1119.1089;4828.749;-14.061111;-38.99222
1992-12-05;-10.450738;-14.724856;-14.556091;746.2019;1.1518039;32.351093;100.0;0.24974859;208.40297;1198.4863;0.0020440342;-0.004561618;0.0;0.18675625;0.1867637;0.0;0.00033527613;851.7839;3183.2932;-1287.3328;4325.0903;-0.85555553;15.718889
1992-12-06;-10.898242;-14.778557;-16.344973;746.24835;0.9688754;119.361855;100.0;0.24979492;212.21547;1176.7985;0.18309951;0.0032950193;0.0;0.18557906;0.18559396;0.0;0.17961487;836.88165;3056.5623;-886.8889;4686.0293;4.6355557;-0.26333332
1992-12-07;-8.087256;-9.655141;-13.514352;746.03314;0.63847375;287.64816;100.0;0.25038874;215.19594;1163.5742;0.6839216;0.016791746;0.0;0.18444657;0.18444657;0.0;0.67579;613.87946;2204.6045;-208.81111;5872.459;14.424444;-19.13889
1992-12-08;-6.21411;-8.6781225;-10.450031;746.3427;0.75991726;164.85126;100.0;0.2510972;219.0921;1146.3217;0.36001503;0.00454206;0.0;0.18331409;0.18331409;0.0;0.35657734;621.87836;2212.699;-634.4706;5592.2485;5.543889;-15.047778
1992-12-09;-7.443422;-11.374497;-11.776656;748.3762;1.2290002;10.6272;100.0;0.25122675;223.86522;1122.5586;0.0010696367;-0.0025704503;0.0;0.1821965;0.18218905;0.0;0.00021606684;879.35;3064.2488;-1274.9623;4613.7427;1.1233333;20.706667
1992-12-10;-5.9586296;-13.005256;-13.358536;750.7277;1.0524863;56.914387;100.0;0.2512566;227.85284;1102.9459;0.0004351138;-0.008765608;0.0;0.18109381;0.18108636;0.0;0.0;917.915;3127.4033;-1173.2306;4635.1724;-3.9377778;59.77222
1992-12-11;-4.2802835;-13.067746;-13.414929;750.8259;0.6666649;323.49646;100.0;0.2512751;231.41176;1085.8154;0.0004351138;-0.012954697;0.0;0.17999113;0.17999113;0.0;0.0;808.29834;2692.891;-940.57776;4933.5083;-7.6994443;53.23
1992-12-12;-5.4400024;-10.805396;-12.528844;747.36304;0.36136928;243.18597;100.0;0.25155997;234.39516;1072.6318;2.4894028;-0.012129545;0.0;0.17891824;0.17891824;0.0;2.48456;751.0628;2449.5588;-396.75388;5709.8433;-7.461111;-6.79
1992-12-13;-5.939341;-7.262268;-8.569377;742.8447;0.5346083;197.13739;100.0;0.26821813;217.2044;1231.6488;30.635983;-0.004925765;0.0;0.17787516;0.17786771;0.0;30.43022;392.70834;1548.5344;46.885555;6611.213;-2.4933333;-47.215557
1992-12-14;-4.787313;-5.6470885;-5.5291877;742.69;0.69374126;206.4785;100.0;0.2923828;204.4225;1428.7924;15.957717;-0.003485009;0.0;0.17683208;0.17682463;0.0;15.222393;251.02222;1078.4155;-98.795;6645.1167;-1.92;-42.167778
1992-12-15;-4.311788;-5.6329155;-3.759875;742.157;0.6197773;137.91756;100.0;0.32275784;198.59698;1620.3613;48.580975;-0.085589476;0.015437603;0.1912415;0.1758039;0.0;45.959354;284.31833;1226.3022;-114.80389;6745.0864;-66.045555;-99.706665
1992-12-16;-4.845449;-5.791565;-3.5989876;744.7076;0.50930345;101.958496;100.0;0.3676509;193.67934;1896.4437;34.786903;-0.058569014;0.0;0.17480552;0.17479807;0.0;34.659782;187.73555;812.9378;-268.10056;6531.126;-45.364445;-58.654446
1992-12-17;-7.449941;-9.643485;-5.8302665;745.0809;0.6520187;199.84654;100.0;0.39074335;199.91078;1958.0485;4.244977;-0.08376129;0.0;0.17380714;0.1737997;0.0;4.2277684;489.58777;2109.4146;-766.715;5680.4966;-63.497776;-97.54667
1992-12-18;-9.619832;-11.330413;-8.49056;746.1511;0.62471706;201.86232;100.0;0.3922602;211.6201;1856.3639;0.36684573;-0.06991904;0.0;0.17282367;0.17281622;0.0;0.35858154;568.3411;2389.0679;-788.0333;5408.58;-52.524445;-108.888885
1992-12-19;-11.935826;-14.827407;-11.499386;743.4235;0.8820772;70.34934;100.0;0.39246634;220.31964;1783.1217;0.035643578;-0.053402968;0.0;0.17184019;0.17183274;0.0;0.03478676;695.27386;2849.1123;-1281.7633;4520.4297;-39.474445;-105.55444
1992-12-20;-12.899869;-16.8823;-16.283352;742.7304;0.961857;95.60159;100.0;0.3924773;226.15492;1736.6129;0.0021648584;0.0004004687;0.0;0.17087162;0.17087162;0.0;0.00045448542;770.3322;3073.371;-1401.4689;3962.7803;2.1766667;8.871111
1992-12-21;-13.770085;-18.62819;-19.121859;742.53046;1.0995955;25.937784;100.0;0.39250124;230.14484;1706.5836;0.00017881393;0.002107583;0.0;0.16993284;0.16991794;0.0;0.00018626451;784.6411;3052.2644;-1246.7295;3958.0256;3.4177778;35.607777
1992-12-22;-11.747516;-16.318546;-19.033655;743.14923;0.733527;182.11546;100.0;0.39259443;233.34047;1683.1055;0.2493292;0.00226032;0.0;0.16899407;0.16898662;0.0;0.24552643;758.1939;2878.0977;-513.7328;4965.0674;3.3833334;12.651111
1992-12-23;-10.935838;-12.667499;-15.232452;744.0442;0.71053845;210.64195;100.0;0.39392677;234.90297;1676.7578;3.7227333;-0.0033602118;0.0;0.1680553;0.16806275;0.0;3.7184954;593.3239;2226.4055;-149.39555;5769.683;-1.1977777;-48.407776
1992-12-24;-9.32742;-10.373368;-11.871627;743.1879;0.64734286;142.65456;100.0;0.4171805;213.9173;1948.1201;48.31876;0.011894852;0.0;0.16716123;0.16716123;0.0;48.31547;149.45277;622.9144;175.58223;6398.5283;9.441112;-5.7944446
1992-12-25;-8.798606;-9.83071;-9.266126;742.4559;0.947722;151.97241;100.0;0.46521616;192.833;2410.1562;25.861536;-0.0046677887;0.0;0.16626716;0.1662597;0.0;25.850367;181.32556;789.6789;-91.75667;6265.9087;-3.19;-39.447777
1992-12-26;-14.576716;-17.348333;-12.040581;742.80865;0.8834548;136.85388;100.0;0.4749291;201.02113;2366.2922;0.71481466;-0.06398838;0.0;0.16537309;0.16538054;0.0;0.70848316;684.5389;2942.9568;-1516.5283;4156.7275;-47.895557;-116.82667
1992-12-27;-19.057182;-24.495157;-18.748083;740.7676;0.8575425;93.53481;100.0;0.47514412;208.66827;2278.9307;0.34056604;-0.037459657;0.0;0.16449392;0.16449392;0.0;0.33456087;671.85944;2808.3188;-1128.2045;4066.0508;-27.684444;-96.78111
1992-12-28;-16.51507;-24.40101;-22.266687;745.3044;0.8891495;138.70042;100.0;0.47535542;213.28253;2230.0618;0.0008523463;-0.011816621;0.0;0.16362965;0.16362965;0.0;0.0;788.055;3213.06;-1386.9089;3500.7537;-7.551111;36.962223
1992-12-29;-13.73529;-21.432219;-23.430138;744.919;0.80789113;193.96722;100.0;0.47536767;217.01137;2192.0166;0.0011818958;0.002052635;0.0;0.16278028;0.16277283;0.0;0.00032037497;715.35834;2842.9055;-847.0872;4159.6465;2.8722222;64.117775
1992-12-30;-13.81741;-20.153597;-22.895056;743.16534;0.6647677;289.30295;100.0;0.4754059;220.57518;2156.4534;0.051024556;0.0011622906;0.0;0.16193092;0.16192347;0.0;0.045442954;789.0122;3052.9622;-952.7242;4067.7544;2.2566667;44.394444
1992-12-31;-15.897498;-19.085848;-21.957657;745.64325;0.9466644;238.04126;100.0;0.4755008;224.05663;2123.6165;0.05477965;0.011757016;0.0;0.16108155;0.16109645;0.0;0.047937036;755.0222;2855.35;-757.3233;4410.3857;10.341111;10.666667
1993-01-01;-14.315262;-20.110132;-21.401878;746.9926;1.0747272;41.6438;100.0;0.47554132;227.72069;2089.8845;0.001180172;0.004544854;0.0;0.16026199;0.16026944;0.0;0.00032037497;850.4017;3137.291;-1073.4238;4065.817;5.088889;57.006668
1993-01-02;-11.843019;-19.196527;-21.13814;747.97784;1.0509924;43.403202;100.0;0.47558042;231.26073;2057.902;0.06841421;-0.00019185245;0.0;0.15944242;0.15944988;0.0;0.064991415;877.5517;3161.0134;-879.58887;4347.6577;1.5633334;64.58222
1993-01-03;-10.843236;-16.827482;-18.76694;746.81323;1.1001455;19.01312;100.0;0.4757079;234.92088;2026.123;0.23324788;-0.0052470714;0.0;0.15863776;0.15864521;0.0;0.22981316;866.6728;3054.7778;-597.7975;4960.1123;-2.0755556;33.483334
1993-01-04;-10.969623;-14.471959;-16.456667;745.0961;0.98912865;44.385757;100.0;0.4759377;239.12433;1992.1875;0.0576177;0.0064102933;0.0;0.1578331;0.1578331;0.0;0.054258853;781.02057;2706.6812;-744.1594;4900.811;6.826667;2.6044445
1993-01-05;-10.320937;-12.624045;-14.558085;745.7563;0.8666198;66.69047;100.0;0.477322;242.43097;1969.3604;4.430595;0.0025909394;0.0;0.15704334;0.15705079;0.0;4.427582;654.2244;2233.7;-262.24445;5703.964;3.4;-29.716667
1993-01-06;-8.534401;-11.099514;-11.089074;749.95605;1.2870444;36.31012;100.0;0.4832753;242.56378;1992.7572;7.572307;-0.034119003;0.0;0.15628338;0.15626848;0.0;7.568762;424.57166;1580.5566;-28.770555;6274.3467;-25.401112;-18.272223
1993-01-07;-6.682978;-8.508167;-8.110653;741.2593;1.2564822;34.50307;100.0;0.50796235;233.79132;2168.7012;44.299145;-0.043430366;0.0;0.15549362;0.15550852;0.0;44.00426;210.07611;896.2778;110.556114;6679.6475;-33.40889;-21.135555
1993-01-08;-7.105367;-8.956857;-6.779718;735.94354;0.92504525;216.29701;100.0;0.5401744;226.37791;2386.678;12.527072;-0.044839457;0.0;0.15474856;0.15474111;0.0;12.510519;385.2561;1677.1145;-399.3878;6111.7754;-33.657776;-78.937775
1993-01-09;-8.931106;-10.256362;-7.8788314;740.0774;0.8599711;209.96034;100.0;0.5476132;233.62596;2346.8018;2.1179636;-0.060546212;0.0;0.1539886;0.1539886;0.0;2.1042302;520.8411;2235.1655;-549.5183;5802.481;-45.521667;-116.751114
1993-01-10;-9.410362;-11.528137;-9.062305;743.45123;0.6453803;95.140526;100.0;0.54906446;242.6393;2264.9333;1.4903903;-0.05304627;0.0;0.15321374;0.15324354;0.0;1.4826581;607.48444;2546.0679;-684.68054;5536.9023;-39.06889;-103.77889
1993-01-11;-9.158492;-11.978892;-9.169655;744.4519;1.0421493;55.551163;100.0;0.5515756;249.00648;2216.7969;1.8876646;-0.049814582;0.0;0.15249848;0.15249103;0.0;1.8836632;669.6889;2778.3567;-776.2561;5459.35;-35.914444;-87.136665
1993-01-12;-10.7227125;-14.44362;-11.28297;745.9218;1.5340708;23.12858;100.0;0.55220073;255.98633;2158.7727;0.026370708;-0.04854519;0.0;0.15175343;0.15176088;0.0;0.02508238;809.6389;3283.7744;-1341.7386;4504.451;-34.917778;-49.122223
1993-01-13;-11.147021;-17.472498;-14.732338;747.6665;1.4182073;13.247879;100.0;0.5522165;261.38867;2113.8103;0.0011503696;-0.020652078;0.0;0.15102327;0.15102327;0.0;0.0007264316;879.9667;3473.2856;-1461.9434;4054.8264;-12.997222;26.184444
1993-01-14;-10.18909;-18.923311;-16.06299;748.09454;1.6397995;13.575292;100.0;0.5522308;265.52603;2080.9734;0.0042170286;-0.024078414;0.0;0.15030801;0.15030801;0.0;0.0036805868;905.4039;3485.6646;-1318.3181;4206.512;-15.643333;85.68222
1993-01-15;-9.33093;-19.69812;-18.22159;746.7067;0.93459433;111.56949;100.0;0.552247;268.96646;2054.1992;0.0004351138;-0.023982488;0.0;0.14959276;0.14959276;0.0;0.0;955.63165;3586.291;-1423.2986;3856.238;-15.831667;69.21555
1993-01-16;-12.67997;-19.731337;-17.947336;742.1545;1.2000915;60.46942;100.0;0.554862;267.20605;2076.0906;3.6459713;-0.010106713;0.0;0.1488924;0.1488924;0.0;3.6400483;543.7883;2086.1345;-760.5672;4705.4;-6.5522223;43.7
1993-01-17;-12.551948;-21.156336;-19.804117;744.6514;0.921609;150.9979;100.0;0.5559107;268.41928;2071.6145;0.0025749204;-0.021889806;0.0;0.14819205;0.1481995;0.0;0.0;953.81775;3592.4343;-1341.1589;3824.7908;-14.52;32.011112
1993-01-18;-11.543809;-18.5982;-20.153976;745.1045;0.9842653;126.195915;100.0;0.5559261;271.05338;2052.124;0.0018119811;1.8626451e-05;0.0;0.1475066;0.14751405;0.0;8.195639e-05;978.31335;3596.2344;-1218.0656;4009.0762;2.2522223;52.628887
1993-01-19;-13.088527;-19.832739;-20.097054;748.83453;1.6744186;13.750329;100.0;0.5559588;273.57617;2033.4066;0.004935264;-0.0048521906;0.0;0.14682114;0.14682859;0.0;0.004056841;1014.64886;3642.73;-1240.2333;4003.8027;-1.1744444;78.80222
1993-01-20;-10.273298;-19.412292;-19.829706;748.1462;1.1042343;33.866436;100.0;0.55598086;276.04428;2015.3809;0.00128579;-0.0133458525;0.0;0.14615059;0.14615059;0.0;0.0;1059.0695;3714.4468;-1230.4617;4057.7173;-7.731111;80.49
1993-01-21;-9.541741;-18.669981;-19.355318;746.2492;0.8260815;53.67461;100.0;0.5559986;278.51205;1997.5586;0.0;-0.014945865;0.0;0.14548004;0.14548749;0.0;0.0;1088.985;3733.6023;-1240.9283;4086.4846;-9.072222;57.93889
1993-01-22;-11.531342;-18.10465;-18.999159;746.0261;0.91425467;62.73694;100.0;0.55601895;280.9603;1980.2246;0.019982457;0.006472692;0.0;0.14482439;0.14483184;0.0;0.01552701;1111.9489;3728.5388;-1234.0839;4131.025;6.0111113;4.208889
1993-01-23;-10.926735;-17.269096;-18.357183;747.42706;0.99344087;149.87376;100.0;0.5560564;283.39844;1963.2975;0.0040422846;0.007284805;0.0;0.14418364;0.14417619;0.0;0.0023171306;1128.3955;3703.9734;-1140.081;4312.4116;6.7966666;7.55
1993-01-24;-9.6307745;-13.261673;-16.758959;744.7268;0.8045506;212.38866;100.0;0.5568451;284.9388;1954.5898;2.2491276;0.028109178;0.0;0.14354289;0.14354289;0.0;2.241753;855.1228;2750.0767;-512.32166;5244.41;22.46;-14.733334
1993-01-25;-8.844807;-11.766663;-14.192889;746.2946;0.6731717;269.24228;100.0;0.5584238;285.83627;1954.834;0.09004474;0.007399358;0.0;0.14290214;0.14290959;0.0;0.08454546;1018.35724;3400.21;-917.1556;4937.4976;6.6966667;-56.54
1993-01-26;-6.5781555;-8.088409;-12.512509;749.98285;0.6998692;254.24072;100.0;0.55910474;288.55533;1938.151;1.4814615;0.03875699;0.0;0.14227629;0.14228374;0.0;1.476366;609.6339;2008.1022;-116.71;6088.959;30.71889;-12.334444
1993-01-27;-6.155935;-6.976664;-9.112976;749.5594;1.0569445;209.56862;100.0;0.5629014;289.19336;1945.8008;8.954853;0.0221245;0.0;0.14168024;0.14167279;0.0;8.925698;386.43054;1310.85;48.883335;6578.8477;17.51;-31.886667
1993-01-28;-5.950907;-6.6084647;-6.6876817;743.4443;1.4062489;202.15442;100.0;0.57610565;283.27734;2032.3893;12.86982;-0.009516254;0.0;0.14105439;0.14105439;0.0;12.862067;418.19778;1691.8167;-103.54833;6573.513;-6.7988887;-106.596664
1993-01-29;-7.654486;-8.72961;-6.19346;743.79425;1.4776808;212.53438;100.0;0.5895732;278.60645;2115.8447;8.3055105;-0.10184385;0.0;0.14044344;0.140436;0.0;8.296922;617.4583;2627.6423;-603.92444;5927.4287;-77.42667;-194.39778
1993-01-30;-8.95251;-16.76771;-9.068329;745.13995;0.6216964;198.16626;100.0;0.5918874;283.2793;2090.8203;0.019568205;-0.11515804;0.0;0.1398325;0.13982505;0.0;0.017933547;947.8444;3961.5579;-1593.1417;4354.6445;-85.22222;-122.255554
1993-01-31;-9.529185;-16.59085;-12.56245;742.2339;0.58674145;183.489;100.0;0.5927344;286.4349;2068.807;4.8838735;-0.058351085;0.0;0.13920665;0.13920665;0.0;4.879504;949.55225;3859.5334;-888.8639;4984.6094;-42.04111;-84.90444
1993-02-01;-8.753383;-9.870854;-10.4099455;740.5313;0.6477104;109.68799;100.0;0.6163862;263.78384;2334.1877;44.38931;0.009846874;0.0;0.1386106;0.1386106;0.0;44.38355;179.36833;766.7511;105.15722;6445.1045;7.963333;-18.135555
1993-02-02;-8.202113;-10.251167;-8.936592;739.3294;1.0038308;45.63177;100.0;0.64732283;245.3893;2638.7532;9.542043;-0.00086426735;0.0;0.13801455;0.13802946;0.0;9.535127;265.63443;1158.9144;-356.26334;5971.6465;-0.011111111;-5.2444444
1993-02-03;-8.19497;-10.593698;-9.195872;738.3398;0.78194594;55.007446;100.0;0.6567505;249.0882;2637.492;7.5762806;-0.038683414;0.0;0.13744831;0.13744086;0.0;7.5720997;695.73553;3003.87;-628.6114;5651.4478;-27.106667;-109.69444
1993-02-04;-10.179718;-14.495009;-11.060482;742.0725;0.998574;41.30187;100.0;0.6597585;255.98112;2579.9153;0.17951727;-0.05379878;0.0;0.13685226;0.13685226;0.0;0.17610565;905.7083;3826.3057;-1360.6503;4510.459;-37.98722;-98.23
1993-02-05;-10.655633;-16.935854;-13.765385;745.5593;1.4797817;18.96368;100.0;0.65983677;262.64322;2514.323;0.009527729;-0.046120025;0.0;0.13627112;0.13627112;0.0;0.0069588423;1047.0083;4305.3413;-1455.7014;4194.007;-31.684444;-39.595554
1993-02-06;-9.807052;-15.63013;-15.830239;745.1553;0.84222716;207.97002;100.0;0.65987104;267.68295;2466.5935;0.18237233;-0.0261534;0.0;0.13568997;0.13568997;0.0;0.17937273;1110.7883;4447.831;-1308.2958;4217.0938;-16.838888;-29.82
1993-02-07;-10.730788;-12.150317;-14.168349;746.0259;1.1906539;229.11028;100.0;0.6627669;269.05826;2462.4836;10.424087;0.018959865;0.0;0.13512373;0.13512373;0.0;10.420505;610.325;2410.4077;-36.403057;6016.6978;15.316667;-82.81555
1993-02-08;-8.782898;-9.88907;-10.592996;747.06757;1.0557545;174.53188;100.0;0.68131495;259.52408;2624.4304;13.963397;-0.003758818;0.0;0.13457239;0.13457239;0.0;13.957758;388.77612;1660.6989;-20.245556;6327.66;-2.66;-87.10778
1993-02-09;-8.42867;-12.013776;-10.027096;749.03345;1.2965611;36.137012;100.0;0.6859305;264.20084;2599.0398;0.1350224;-0.04144665;0.0;0.13402104;0.13402104;0.0;0.13111159;971.30835;4106.8687;-1117.9928;4971.579;-28.7;-89.40889
1993-02-10;-8.997444;-14.159781;-10.607711;746.3894;1.1641328;36.861805;100.0;0.6869853;270.6022;2540.039;4.497224;-0.06243959;0.0;0.1334548;0.1334697;0.0;4.466664;1013.4661;4170.9556;-758.52527;5417.7954;-47.18833;-161.59
1993-02-11;-9.877809;-12.112401;-9.673404;742.66437;0.810512;167.2617;100.0;0.69675016;268.52115;2595.459;7.364938;-0.06303936;0.0;0.13291836;0.13292581;0.0;7.354714;858.41614;3641.62;-700.4711;5532.3477;-47.506668;-182.54556
1993-02-12;-10.021424;-11.630698;-9.682994;743.14166;0.88795805;151.37329;100.0;0.7016509;270.74966;2592.2444;6.3817677;-0.07261429;0.0;0.13238192;0.13238192;0.0;6.3760877;587.50555;2463.8193;-349.45667;5917.487;-55.04;-157.80888
1993-02-13;-9.318868;-11.334338;-8.843539;744.93896;0.9798129;162.41899;100.0;0.7070777;273.0166;2591.0237;5.4202676;-0.13541523;0.0;0.13184547;0.13184547;0.0;5.4175706;772.5111;3223.1206;-389.16165;5988.3926;-103.08444;-215.42139
1993-02-14;-9.226372;-10.3512335;-8.205788;740.3394;1.0239283;170.60835;100.0;0.7255063;265.14584;2734.2937;24.59418;-0.047000125;0.0;0.13130903;0.13131648;0.0;24.589405;268.63666;1143.7661;-234.81389;6166.2173;-36.205555;-111.22
1993-02-15;-15.016835;-17.743177;-11.142598;740.6983;1.0980768;135.39087;100.0;0.7365498;264.7936;2783.9355;1.4465898;-0.14662278;0.0;0.1308024;0.13079494;0.0;1.4436543;864.5244;3703.1982;-1397.108;4341.9033;-112.594444;-319.44223
1993-02-16;-14.853414;-21.566229;-16.030132;744.5913;0.89474887;77.50611;100.0;0.73697644;270.20605;2729.5735;0.0008523463;-0.02942793;0.0;0.13028085;0.1302734;0.0;0.0;1192.1566;4985.9233;-1763.3156;3557.7117;-21.634445;-149.75778
1993-02-17;-13.844989;-21.417435;-18.721577;744.33374;0.98724365;79.98284;100.0;0.7369736;274.34048;2688.0696;0.0004351138;-0.0007953495;0.0;0.12977421;0.12976676;0.0;0.0;1239.34;5041.398;-1588.9791;3633.4844;-0.11888889;-74.49695
1993-02-18;-11.525447;-20.110464;-19.419725;744.6782;0.7784322;246.98114;100.0;0.7369833;277.7601;2654.8665;0.009772499;0.0037942082;0.0;0.12928247;0.12925267;0.0;0.008821487;1272.3;5040.49;-1335.4647;3952.9722;3.5033333;-54.647778
1993-02-19;-9.296153;-12.074262;-16.838928;745.5722;0.73388535;105.62855;100.0;0.7376657;280.47168;2631.3884;1.4094859;0.041648746;0.0;0.12876093;0.12876093;0.0;1.4023781;931.48834;3618.2957;-253.675;5605.4644;32.967777;-73.009445
1993-02-20;-7.4863014;-8.841853;-12.48231;741.56793;0.6537126;164.16902;100.0;0.74937445;275.44043;2719.6453;17.595201;0.038458034;0.0;0.1282692;0.12826174;0.0;17.570295;444.61667;1828.2056;74.562775;6323.971;30.293333;-30.768888
1993-02-21;-7.6790032;-9.424943;-10.046417;742.9302;0.8078541;166.75743;100.0;0.7566908;277.02213;2734.2122;0.26074648;0.004051253;0.0;0.12777746;0.12777;0.0;0.25387108;1105.2988;4647.727;-891.69666;5349.239;3.8033333;-184.97112
1993-02-22;-8.888523;-13.374984;-10.458138;745.01953;1.0578054;86.0626;100.0;0.7567156;283.90103;2667.8467;0.003683567;-0.032873824;0.0;0.12728572;0.12729317;0.0;0.0032633543;1247.2772;5102.7183;-1463.6278;4552.12;-25.075556;-191.7889
1993-02-23;-7.5876174;-14.73105;-12.62983;747.0684;0.96585256;116.03573;100.0;0.75671214;289.48306;2616.1296;0.001275539;-0.008286908;0.0;0.12679398;0.12680143;0.0;0.0;1336.595;5324.7573;-1626.8545;4151.43;-5.727778;-91.26611
1993-02-24;-6.532009;-14.625107;-13.626157;749.59546;1.0942727;71.39511;100.0;0.7567193;294.02637;2575.6836;0.00085442304;0.0022873282;0.0;0.12633204;0.1263246;0.0;0.0;1389.0411;5393.399;-1511.0316;4268.7773;2.5666666;-41.003334
1993-02-25;-5.553776;-12.587636;-12.296205;749.3411;0.99141574;64.97701;100.0;0.7568624;298.264;2539.3066;0.34965873;-0.015150756;0.0;0.1258552;0.12584776;0.0;0.33827126;1131.1106;4283.8047;-800.2867;5340.8154;-11.222777;-69.25667
1993-02-26;-3.8891094;-8.979716;-11.0230665;749.9034;0.84944606;141.72198;100.0;0.75709105;302.71973;2503.0925;0.032904744;0.02672989;0.0;0.12537837;0.12537837;0.0;0.032044947;1423.6061;5284.7383;-1167.0717;5008.575;21.811111;-97.27111
1993-02-27;-2.621704;-4.5151367;-8.061368;747.5879;0.7969716;212.16437;100.0;0.7596588;306.20898;2482.666;3.9079762;0.015383586;0.0;0.124916434;0.12490898;0.0;3.4608543;1121.1328;4201.5566;-318.8689;6381.217;12.671111;-160.05444
1993-02-28;-3.9422913;-6.0387917;-5.6772094;745.98193;0.811709;196.4493;100.0;0.7611554;311.59927;2445.1091;0.039229605;-0.06854907;0.0;0.1244545;0.12444705;0.0;0.03273785;1363.0662;5096.513;-1176.6989;5455.8945;-53.06889;-207.7286
1993-03-01;-5.592485;-7.8887267;-6.3754067;746.26904;1.0128038;81.75948;100.0;0.76109105;317.47656;2399.4548;0.005203485;-0.08266233;0.0;0.12399256;0.12398511;0.0;0.0039190054;1434.2106;5219.1143;-1524.9689;4921.9077;-64.244446;-228.17444
1993-03-02;-4.5343194;-12.017707;-8.413577;745.8084;0.76608396;153.2619;100.0;0.76113623;322.2064;2363.9324;0.26896596;-0.052772462;0.0;0.12353063;0.12353063;0.0;0.2653189;1578.4261;5612.4873;-1551.555;4701.1924;-40.487778;-151.35
1993-03-03;-5.1604004;-7.584596;-7.6499534;740.9094;0.7647168;184.58;100.0;0.76719856;320.80078;2391.9678;7.8226357;-0.0058598816;0.0;0.12306869;0.12307614;0.0;7.541973;734.51056;2834.3855;-598.94275;5882.177;-4.28;-96.69111
1993-03-04;-6.114502;-9.8245;-8.138977;743.24884;0.8650412;119.60969;100.0;0.76918584;323.64096;2378.418;0.010243058;-0.03422983;0.0;0.12263656;0.122629106;0.0;0.008948147;1469.2386;5631.229;-1638.3267;4581.5703;-25.96889;-204.83362
1993-03-05;-6.3762;-8.983536;-8.569855;738.365;0.78226155;176.54747;100.0;0.77958375;316.3047;2463.786;16.196394;0.009065494;0.0;0.12218207;0.12218207;0.0;16.131916;640.0378;2686.8381;-378.40833;6033.4854;7.436111;-96.26444
1993-03-06;-6.872579;-9.550465;-7.7282104;742.01373;1.0386525;178.02983;100.0;0.78582406;314.98438;2496.8262;0.69085956;-0.08798484;0.0;0.12174249;0.12174994;0.0;0.6632693;1275.8525;5317.0557;-1093.3445;5297.906;-68.35389;-257.74112
1993-03-07;-5.1400757;-6.443194;-6.9644876;739.272;0.65419674;140.04785;100.0;0.79930544;309.78482;2577.9216;36.881634;0.010863878;0.0;0.12129545;0.12131035;0.0;35.972614;443.63416;1829.2491;-52.171665;6625.032;8.765555;-67.63
1993-03-08;-6.3838706;-8.52834;-5.951102;739.6496;1.0649294;207.99782;100.0;0.8261538;297.1146;2781.9011;7.111758;-0.0948403;0.0;0.12084842;0.12087822;0.0;7.071767;1161.8973;5032.041;-982.25;5565.4453;-73.757225;-262.53168
1993-03-09;-7.5213723;-9.909145;-6.6139884;741.58344;1.0236348;227.65092;100.0;0.83914393;293.5521;2859.66;9.26134;-0.13142265;0.0;0.120431185;0.120446086;0.0;9.255935;1121.7944;4861.0244;-889.44;5583.7446;-102.66111;-292.27222
1993-03-10;-7.7188926;-9.031453;-7.0110283;740.6914;0.73645496;204.19917;100.0;0.8459573;295.99283;2859.375;8.259117;-0.080870464;0.0;0.12001395;0.12001395;0.0;8.25385;725.18585;3088.0662;-620.47;5842.332;-63.27;-211.95667
1993-03-11;-8.362712;-10.619704;-7.568236;740.9056;0.77080196;208.17468;100.0;0.8499672;300.44238;2831.6243;1.5818616;-0.12174994;0.0;0.11959672;0.11958927;0.0;1.5736371;1219.9895;5141.3594;-931.2814;5464.481;-95.02;-311.15887
1993-03-12;-8.66154;-12.363481;-8.310192;742.22876;0.9582491;180.39363;100.0;0.8506567;306.4707;2778.1982;0.054734945;-0.102840364;0.0;0.11917949;0.11917204;0.0;0.049628317;1390.5283;5734.798;-1523.1962;4683.4346;-80.02333;-286.60666
1993-03-13;-9.143261;-14.850888;-11.157184;745.6677;0.99007124;80.46366;100.0;0.850636;311.7181;2730.835;0.0017106531;-0.033048913;0.0;0.11874735;0.118754804;0.0;0.0;1573.1978;6319.433;-1883.4628;3948.9846;-25.07;-218.47778
1993-03-14;-9.701412;-15.313252;-12.563666;745.5417;1.029354;67.5492;100.0;0.85062027;315.79623;2695.5974;0.015319793;-0.04181452;0.0;0.11833012;0.11833757;0.0;0.011879951;1469.485;5750.904;-1495.4664;4364.9307;-32.033333;-204.3511
1993-03-15;-10.123513;-16.584185;-13.318727;746.0787;1.2382916;38.31717;100.0;0.8506079;319.3688;2664.8762;0.0018209219;-0.024253502;0.0;0.11792779;0.11792779;0.0;0.00090524554;1677.5542;6404.0405;-1724.7517;4053.589;-18.102222;-209.79666
1993-03-16;-9.124454;-13.7896805;-13.365682;746.5967;1.505073;36.345745;100.0;0.8506872;322.53452;2639.1602;0.3324628;-0.035220757;0.0;0.11751056;0.11751801;0.0;0.32985955;1639.7877;6111.0444;-1329.328;4597.292;-27.826666;-196.08112
1993-03-17;-7.433838;-13.505474;-12.163106;746.2573;1.1002651;67.819885;100.0;0.8515113;324.8444;2622.7214;0.62836707;-0.037059188;0.0;0.11712313;0.11711568;0.0;0.62578917;1638.8883;6061.991;-1272.73;4782.431;-29.208889;-203.39444
1993-03-18;-6.6487327;-9.692978;-10.511178;742.34955;0.91988426;64.90069;100.0;0.8622153;319.70117;2694.987;26.542484;0.020531006;0.0;0.116705894;0.116713345;0.0;26.102629;548.8481;2102.4395;-179.94055;6158.8545;16.127222;-39.04889
1993-03-19;-6.419983;-7.616562;-7.9790955;743.3127;1.3207124;202.64594;100.0;0.88165385;309.58008;2849.406;5.739349;-0.009620562;0.0;0.116318464;0.11631474;0.0;5.7226644;1090.4362;4691.609;-516.6742;6039.5522;-7.6833334;-262.59
1993-03-20;-6.0504355;-7.815399;-6.3598;744.66693;1.5467987;207.0611;100.0;0.885763;313.05176;2831.5022;3.8921685;-0.15885103;0.0;0.115931034;0.11592358;0.0;3.8851647;1240.4144;5240.6377;-546.465;6138.471;-124.73556;-348.59723
1993-03-21;-7.37088;-9.103684;-6.078241;739.58734;1.0955977;236.33543;100.0;0.896817;311.74088;2877.116;13.359367;-0.123881735;0.0;0.115543604;0.11553615;0.0;13.315186;616.6689;2629.8784;-746.64526;5737.2095;-97.16333;-219.0214
1993-03-22;-8.950654;-17.40814;-9.286652;745.4827;1.2059306;182.41064;100.0;0.901381;314.67026;2866.9841;0.02489388;-0.14244112;0.0;0.11514127;0.11514127;0.0;0.020481646;1591.9116;6729.2686;-1885.1931;4076.2573;-110.937225;-277.69556
1993-03-23;-6.058821;-16.43192;-11.229997;750.0622;1.0265187;69.99341;100.0;0.90131235;319.33887;2824.5442;0.0017136326;-0.031961128;0.0;0.11475384;0.11475384;0.0;0.0;1671.9745;6874.9385;-1697.6831;4267.4917;-25.152222;-195.63333
1993-03-24;-4.1269937;-15.734731;-11.321895;749.23346;1.0552305;66.00781;100.0;0.9012844;323.40723;2789.0217;0.00085532654;-0.028816052;0.0;0.11438131;0.11437386;0.0;0.0;1717.775;6878.2134;-1560.5814;4511.49;-22.687778;-155.78223
1993-03-25;-2.9838765;-13.5498;-10.598409;748.5342;1.1069659;60.41508;100.0;0.9012618;327.36816;2754.9236;0.0012934206;-0.019120984;0.0;0.11399388;0.11400133;0.0;0.0;1762.3955;6876.81;-1520.782;4672.37;-15.078889;-150.24445
1993-03-26;-2.09315;-12.47391;-9.785075;750.11035;1.0775971;63.865967;100.0;0.9012448;331.35416;2722.3308;0.00042617318;-0.021803193;0.0;0.113621354;0.113621354;0.0;0.0;1832.7267;6973.148;-1600.295;4663.9365;-17.188334;-153.725
1993-03-27;-0.59364825;-12.065257;-8.97115;752.5955;1.0851364;73.38376;100.0;0.9012196;335.36328;2689.6973;0.0012799018;-0.030436553;0.0;0.113248825;0.113241374;0.0;0.0;1887.2167;7005.8276;-1637.5033;4719.96;-23.99;-138.40111
1993-03-28;0.22665405;-12.036855;-8.325002;752.57477;1.0184027;139.91273;100.0;0.9011805;339.37827;2657.5928;0.00042617318;-0.05109422;0.0;0.112876296;0.112876296;0.0;0.0;1964.6683;7121.2207;-1762.0867;4634.0093;-40.232777;-135.31111
1993-03-29;0.49860635;-10.094513;-7.6927896;752.83374;1.0575312;136.12248;100.0;0.9011319;343.3314;2626.6682;0.0012782348;-0.044928864;0.0;0.11251867;0.11250377;0.0;0.0;2005.8567;7101.2617;-1642.7614;4834.0605;-35.418888;-152.6489
1993-03-30;0.87891644;-8.0616255;-6.218394;754.75073;1.0915343;109.60314;100.0;0.90109235;347.42905;2595.5403;0.0004351138;-0.042852014;0.0;0.11213869;0.11213869;0.0;0.0;2033.8295;7034.227;-1548.907;5070.041;-33.782223;-172.25555
1993-03-31;2.0827534;-7.7032876;-4.8120728;753.9309;1.0574329;63.807053;100.0;0.90105295;351.97104;2562.2966;0.0012844794;-0.0384273;0.0;0.11178851;0.11177361;0.0;0.0;2121.5933;7105.7896;-1676.4066;5063.7534;-30.291111;-161.23
1993-04-01;0.08513387;-4.459666;-2.9240062;749.83057;0.9989975;89.46963;100.0;0.9032643;356.06186;2538.2488;12.781727;-0.08622371;0.02105534;0.13247132;0.11141598;0.0;9.465542;1530.285;4936.7607;-627.7842;6424.579;-66.861664;-162.45555
1993-04-02;-0.71884155;-1.5258383;-0.81439716;747.5971;0.7895434;220.29167;100.0;0.919596;351.58008;2617.7979;7.018283;-0.09456929;0.13041496;0.24145842;0.111058354;0.9854734;5.362876;1028.7772;3815.5461;-301.97305;6937.8354;-73.675;-231.95111
1993-04-03;-1.2006022;-2.8119404;-0.3233172;749.6868;0.963562;136.9298;100.0;0.92013985;358.66763;2568.6443;0.8334696;-0.23977645;0.2001375;0.31083822;0.110693276;1.6073734;0.12489408;1760.7816;5494.421;-1040.7925;6111.3833;-187.40388;-338.71222
1993-04-04;-1.6213785;-5.9046226;-0.35391745;749.9693;1.0912269;80.88658;100.0;0.9184707;366.24316;2510.661;0.0073343506;-0.4175622;0.20876527;0.31910837;0.1103431;1.7648861;0.0051781535;2574.4016;7095.336;-1874.4094;5116.467;-326.78;-412.07278
1993-04-05;-0.16996257;-9.340526;-0.50629807;750.00995;0.92254424;128.36757;100.0;0.91700906;373.95084;2454.7932;0.0012874597;-0.31400564;0.066801906;0.17678738;0.10998547;0.56268644;0.0;2974.4312;7499.004;-2277.1375;4636.146;-244.95;-278.71445
1993-04-06;0.037821453;-6.258311;-0.3335851;748.8217;0.8307877;142.79982;100.0;0.9151759;380.6354;2406.6975;1.4072299;-0.30465984;0.5610585;0.67070127;0.10963529;4.6265664;0.86695325;2437.2961;5957.828;-1351.5603;5773.8887;-238.08888;-291.27554
1993-04-07;-0.76279706;-2.4842122;-0.19795735;745.03613;0.72095627;93.87029;100.0;0.9231171;379.35287;2432.658;21.610514;-0.20484067;0.43696165;0.54624677;0.10929257;0.63360107;15.643101;886.3661;2860.5632;-280.43945;6950.669;-160.60889;-201.81444
1993-04-08;-1.33962;-2.4777935;-0.048745472;743.9107;1.0555497;180.3311;100.0;0.9393201;370.319;2536.5803;13.548573;-0.23977831;0.5981922;0.7071495;0.10894984;2.9789062;11.415359;1191.8184;4565.749;-610.45197;6616.713;-187.7;-328.65723
1993-04-09;-2.1859844;-2.838979;-0.1915919;747.2502;0.9328158;213.60466;100.0;0.947118;369.0996;2566.325;11.763972;-0.2757432;0.053182244;0.16181171;0.108614564;0.17055869;10.76549;986.32;3434.6821;-457.67084;6713.0513;-216.33778;-367.21222
1993-04-10;-0.5961812;-1.5269979;-0.07103475;746.67285;0.82512754;179.2937;100.0;0.95132214;370.6732;2567.871;16.232172;-0.19494072;1.970537;2.0788312;0.10828674;4.5323668;5.6986103;1226.5144;4067.3416;-236.41278;7084.133;-152.37778;-319.4511
1993-04-11;-2.4317322;-3.0524395;-0.08404032;743.1701;0.9824912;220.70854;100.0;0.96891373;360.31836;2688.5173;20.517939;-0.23913103;0.75660646;0.88232756;0.1257211;1.9892566;16.94034;1037.6555;4151.7485;-665.1414;6469.04;-187.36;-379.22
1993-04-12;-2.7255757;-4.920095;-0.36012015;745.3452;0.85877514;193.29633;100.0;0.97166204;364.26724;2670.0847;0.21247864;-0.4397398;0.0127106905;0.12046099;0.1077503;0.07528812;0.18241629;1756.5333;5824.439;-1100.095;5945.5034;-344.63;-448.81223
1993-04-13;-1.8820597;-5.5299783;-0.36549377;746.5551;0.9596831;276.14847;100.0;0.97112197;371.25;2618.2048;0.016707182;-0.5777143;0.033155084;0.14069676;0.10753423;0.1983922;0.010851771;2462.0327;7076.356;-1458.9417;5628.8574;-448.46335;-463.74
1993-04-14;-0.86002606;-1.9791361;-0.23718262;748.41376;0.95177835;234.75275;100.0;0.9693775;378.23047;2565.1855;0.56802034;-0.19787624;0.527747;0.6350726;0.10732561;3.3604298;0.04448369;1600.6816;4168.2686;-649.35724;6544.189;-152.50778;-254.15445
1993-04-15;1.5917358;-0.22762044;-0.090919495;751.7439;0.9450756;227.78058;100.0;0.96084094;384.31607;2502.6448;0.37712422;-0.17979927;2.1043868;2.211526;0.1071319;12.37379;0.0013262033;2556.1577;6183.307;-680.8567;6704.745;-135.83;-311.0822
1993-04-16;3.727956;2.8790386;0.0024757385;753.9533;0.94462657;135.57448;100.0;0.9429657;388.87598;2427.3274;0.21565259;0.01084432;5.356044;5.540624;0.18457323;21.248068;0.0;2734.2012;6261.5337;-506.46085;7018.344;14.363334;-254.90778
1993-04-17;4.3125305;-0.10143026;-0.05999629;754.24664;0.9632595;220.21089;100.0;0.9208929;392.62988;2347.9004;0.020444393;-0.15415624;6.418526;6.6991897;0.28067827;21.941654;0.0;3354.76;7373.653;-1308.4097;6110.3413;-112.66778;-261.5122
1993-04-18;5.940084;-0.7079671;-0.15804672;753.28394;0.9529187;198.9425;100.0;0.9024162;397.40268;2272.9084;0.0031173222;-0.15912858;5.379409;5.5511;0.17170608;17.47996;0.0;3500.7878;7461.725;-1471.039;5895.262;-116.14;-187.13445
1993-04-19;4.324331;0.8012288;-0.07908376;749.53815;1.2381865;237.20561;100.0;0.8852466;402.12207;2203.3284;16.947556;-0.15749037;9.849116;10.137052;0.2879277;16.536333;1.2761467;2835.6145;5899.3735;-737.9986;6732.8833;-116.837776;-136.85445
1993-04-20;-0.89560956;-1.2197876;-0.04800288;743.9377;0.90018755;182.1027;100.0;0.8984949;385.7936;2326.945;32.88145;-0.06280467;3.2066703;3.3453405;0.1386702;2.4986565;23.168974;539.1561;2108.8145;-401.6611;6792.763;-48.226665;-122.9
1993-04-21;-1.1245117;-4.214681;-0.18096669;745.2505;1.4347304;176.14465;100.0;0.9011453;386.42447;2333.6995;1.1478662;-0.4947856;0.56505203;0.68154186;0.11649728;2.2529588;0.78022665;2191.0784;7216.8296;-1227.7775;5910.9126;-381.72333;-392.31888
1993-04-22;-2.367967;-3.3082225;-0.18411255;743.91815;1.4125282;165.98283;100.0;0.90660256;386.24707;2347.453;12.424916;-0.27048773;0.8330941;0.9531975;0.12010336;1.1994355;9.050533;1197.6289;3955.1128;-802.6689;6287.194;-209.92334;-337.91556
1993-04-23;-1.510877;-9.32195;-0.52826947;747.4695;1.1627083;79.02317;100.0;0.9095356;389.10806;2339.0706;0.00016391277;-0.4520379;0.016137958;0.1397878;0.123642385;0.07341057;0.0001527369;2670.771;8290.281;-2365.6758;4479.739;-346.49112;-349.54443
1993-04-24;0.4545034;-8.294209;-0.57638675;748.17017;1.0427487;72.37327;100.0;0.90913963;395.78677;2298.991;0.0;-0.2917759;0.049099326;0.17625093;0.12714416;0.23680553;0.0;2989.764;8198.169;-2190.8013;4789.5874;-219.78778;-273.9889
1993-04-25;0.15586345;-3.1827087;-0.25366974;744.1607;1.1805395;47.681866;100.0;0.9076872;402.19824;2258.138;6.7130504;-0.31789392;1.9235015;2.054021;0.13051927;3.1870267;1.3387203;2035.9039;5125.001;-844.3481;6367.2656;-233.38;-139.13889
1993-04-26;-0.046010334;-1.5825399;-0.056861877;742.2617;0.9013044;100.847374;100.0;0.90427226;404.6556;2235.8806;6.75838;-0.35918504;3.1643062;3.3168197;0.15251338;8.741572;2.0910203;2097.8623;5453.816;-835.5186;6440.1646;-268.3322;-270.61334
1993-04-27;0.19934082;-0.4227295;-0.013786316;744.37036;0.6365196;129.48846;100.0;0.8989754;405.83658;2215.9016;8.172629;-0.20656362;4.125096;4.427046;0.30194968;9.137507;2.5301034;1438.6895;3790.6533;-235.61084;7134.0645;-153.17166;-222.72833
1993-04-28;-0.5982463;-2.1277874;-0.028438568;745.6604;0.7860319;85.66327;100.0;0.8919242;407.43686;2190.0227;7.143715;-0.34581125;3.8369894;4.0367694;0.19977987;8.222677;2.2015498;1665.6833;4221.245;-570.6286;6723.9224;-260.46335;-233.94778
1993-04-29;-0.22210693;-1.9168701;-0.06914393;745.1077;0.7698724;160.6908;100.0;0.88464755;409.5791;2161.5398;2.8378546;-0.49689972;4.1958094;4.4190435;0.22324175;9.468757;0.119205564;2450.3245;6238.7114;-789.0039;6536.7466;-372.95056;-345.48444
1993-04-30;0.8117879;-0.9242452;-0.026025137;746.9448;0.8979326;189.34206;100.0;0.87276393;412.72104;2115.9668;3.7275553;-0.42616668;6.0455503;6.397307;0.3517866;13.271238;0.0059232116;2512.9382;6002.3115;-646.5622;6769.4;-317.50333;-268.7511
1993-05-01;1.1207479;-1.6287943;-0.033275604;747.32574;1.0386672;97.17344;100.0;0.8603981;415.82193;2070.5974;9.457231;-0.37444475;7.22377;8.004845;0.7810667;11.890702;0.013619661;2128.6633;4830.5376;-560.29834;6786.739;-279.83444;-217.19221
1993-05-02;1.1195679;0.016255697;0.008996327;744.2969;0.63001126;122.0015;100.0;0.8521436;417.83365;2040.0797;24.726307;-0.06337371;12.933239;15.033603;2.100371;8.152299;1.6361401;923.2894;2025.4623;-33.99139;7337.2563;-46.00889;-83.94
1993-05-03;-0.33476767;-0.8682963;-0.012271881;746.85223;0.82261246;172.1203;100.0;0.8442409;418.56152;2017.8223;6.406701;-0.23881438;6.0037374;6.97197;0.9682253;9.725694;1.1018887;1568.5333;3598.2505;-407.85944;6928.771;-179.71222;-243.53444
1993-05-04;0.032674152;-2.8783875;-0.10966873;747.3863;1.1294497;117.39037;100.0;0.8335983;420.9619;1981.3639;0.76195896;-0.67057645;4.5906157;5.022213;0.43159723;12.573875;0.0114142895;3103.1145;7067.0796;-1380.0422;5856.33;-505.855;-318.5611
1993-05-05;-0.35035196;-2.9087727;-0.15431976;746.124;1.172355;42.893253;100.0;0.82603407;424.5944;1945.8414;10.6107025;-0.41827;4.0179343;4.5243354;0.50640106;5.5463314;2.5286078;1903.9055;4208.4106;-618.67474;6627.25;-316.8089;-210.01889
1993-05-06;0.5885722;-1.3038737;-0.0047047934;743.42725;0.93100625;113.97288;100.0;0.8257553;419.19498;1970.0521;9.608552;-0.4204577;5.895093;7.1932526;1.298152;10.376465;3.5176053;2272.3977;6546.615;-788.0222;6583.9385;-310.68445;-272.84778
1993-05-07;1.7955424;-0.6925557;-0.020865122;747.57416;0.8946326;103.201866;100.0;0.8137242;421.0316;1933.5531;2.7900486;-0.34145918;6.337553;7.666126;1.3285726;14.506318;0.003054738;2577.5767;6730.6987;-986.92444;6379.3955;-247.21445;-235.85222
1993-05-08;1.8794861;-3.073883;-0.10987345;751.58673;1.2003763;46.834614;100.0;0.7998602;423.92838;1887.8174;0.15258789;-0.42775646;5.5370626;6.6279173;1.0908544;14.611483;2.6077032e-05;2793.0684;6771.4473;-1187.9347;6072.092;-312.82333;-192.85556
1993-05-09;3.5354004;-2.0299683;-0.15970485;752.29926;1.0139599;128.00569;100.0;0.7857346;428.06738;1836.7513;0.39138198;-0.37502682;5.5639296;6.6561995;1.0922849;14.655598;0.0;3438.6028;7887.569;-1333.718;6024.3496;-267.6078;-188.08556
1993-05-10;4.36616;0.6763916;-0.026598612;750.7902;0.8511522;172.09546;100.0;0.7675474;431.2067;1781.3721;0.7745862;-0.27190056;8.169397;10.582298;2.4128704;19.910831;0.0;2921.2021;6431.1636;-628.88947;6877.75;-191.40889;-158.69778
1993-05-11;4.4522705;1.7470804;-0.011577606;748.97833;0.89374036;115.56202;100.0;0.74670535;433.23047;1724.8942;3.5580099;-0.21987595;9.849161;12.266427;2.4172664;21.643724;0.0;2943.611;6277.7354;-738.4636;6755.9023;-152.55112;-148.63
1993-05-12;2.7393596;1.1670126;0.004207611;745.57324;0.93542725;90.24625;100.0;0.72910815;435.10092;1676.4323;28.508886;-0.104397535;20.227343;26.231453;6.0041175;16.577631;0.27101114;1959.8267;4079.5288;-278.91833;7184.5366;-70.27556;-107.91
1993-05-13;1.375885;0.96276855;-0.0054715476;746.4331;0.84336895;187.50768;100.0;0.715857;435.72623;1643.5547;12.3757305;-0.05368516;10.65892;14.280617;3.62169;13.358585;0.6120466;1464.85;3110.3977;-130.15889;7285.104;-35.511112;-129.19221
1993-05-14;2.7450867;0.72733563;-0.0008049011;750.38007;1.3121724;232.01924;100.0;0.6991911;437.3369;1599.65;5.103886;-0.3852807;9.2968645;12.419224;3.1223595;19.471352;0.0;2742.3816;5703.461;-478.40363;7026.109;-284.71667;-152.16777
1993-05-15;4.410421;3.9940796;0.009955089;750.7451;1.0537934;224.67567;100.0;0.67925286;438.875;1548.584;7.805437;0.01555495;12.460873;17.180279;4.7194138;20.61389;0.0;1878.6172;3831.9712;91.23556;7624.6064;21.086666;-88.26
1993-05-16;5.5630393;3.5310059;-0.0076815286;749.44415;1.1002022;206.68962;100.0;0.6563699;440.1172;1492.2281;3.259346;-0.11484325;10.933921;16.380669;5.446747;22.87465;0.0;2490.4622;5016.3423;-372.77472;7137.7163;-73.96111;-67.41889
1993-05-17;6.488159;2.6198628;-0.028141022;748.468;1.5464147;240.67426;100.0;0.63134843;441.84244;1430.2979;0.9520352;-0.4546931;12.651578;21.074564;8.422978;28.026308;0.0;3848.7983;7670.028;-973.93835;6608.1484;-328.99667;-29.09111
1993-05-18;6.7822776;2.0227356;-0.046374004;752.0054;1.2207645;248.01402;100.0;0.60343444;443.80664;1360.8805;1.1285663;-0.42944402;12.05656;21.178722;9.122192;27.721405;0.0;3931.9177;7768.737;-1138.2078;6395.63;-308.74;-93.76667
1993-05-19;5.075989;2.8082173;-0.055850983;751.1123;0.5606692;244.52135;100.0;0.5868004;446.71094;1314.0055;17.422081;-0.010772608;11.556059;21.425173;9.869136;11.117779;0.0;1355.0555;2657.3423;-166.12944;7205.7754;-3.363889;-15.736667
1993-05-20;6.0265603;2.8297222;-0.04442215;750.2924;1.0692132;237.11763;100.0;0.5656936;448.47623;1262.6953;0.7484585;-0.28144476;12.680665;25.320976;12.640327;27.705528;0.0;3715.6707;7256.5723;-1138.9003;6356.9424;-196.00667;-126.91889
1993-05-21;5.8893027;0.16093953;-0.10940043;750.7322;1.2456087;155.46025;100.0;0.5406169;449.62598;1203.2471;0.4414618;-0.44951215;10.709599;24.22227;13.5126705;24.264492;0.000923872;3983.38;7746.953;-1219.2517;6235.2773;-324.05334;-126.45778
1993-05-22;5.982361;1.7777506;-0.09468206;749.89813;1.1020766;197.23712;100.0;0.5201022;449.9645;1156.7789;3.3361464;-0.15286542;8.804575;22.729248;13.924681;18.920254;0.0;2687.088;5210.6133;-775.56;6626.0435;-104.38;-41.906666
1993-05-23;6.234324;0.3958435;-0.094548546;750.08307;1.3099364;205.81635;100.0;0.4981023;450.0;1108.0322;0.8385807;-0.44975895;10.971501;25.051876;14.080368;24.177204;0.0;3835.479;7417.479;-1252.4216;6187.2476;-327.20612;-75.848335
1993-05-24;6.1911926;0.7109477;-0.114997864;751.0274;1.0615476;179.25111;100.0;0.4741296;450.0;1054.6061;1.1374992;-0.30551666;10.601669;24.587362;13.985701;23.817942;0.0;3797.5522;7330.2456;-1255.7389;6156.2183;-215.46333;-117.94
1993-05-25;6.7672935;0.35188803;-0.10796865;751.4858;1.2368802;172.56116;100.0;0.45045114;450.0;1001.99384;0.100371145;-0.40104055;10.342568;23.784191;13.441622;23.602125;0.0;3860.314;7440.3867;-1140.5322;6316.019;-287.64557;-68.40444
1993-05-26;6.2997437;4.637085;-0.01063029;750.6316;1.106024;208.7086;100.0;0.4275025;450.0;950.92773;27.225002;0.0075362623;27.489857;44.022903;16.533047;24.015009;0.0;2439.9395;4693.6143;-85.375;7487.4756;18.55889;-61.40222
1993-05-27;7.9934387;2.3035686;-0.048735302;752.86505;1.1162169;233.83592;100.0;0.39768314;450.0;885.2539;0.037070353;-0.35379454;13.643786;31.431929;17.788141;31.887062;0.0;4098.401;7880.6445;-1167.7258;6385.141;-247.92555;-84.13333
1993-05-28;7.5400796;-1.6203817;-0.15349452;752.67413;1.216314;108.362495;100.0;0.37130794;450.0;826.4567;0.5428672;-0.42438692;10.892108;27.816742;16.924643;24.240416;0.0;4169.1465;8011.5376;-1523.8156;5892.8354;-303.61334;-64.494446
1993-05-29;9.659332;-1.4440918;-0.14358139;752.767;1.1613504;78.70492;100.0;0.34584442;450.0;769.7347;0.23973584;-0.3636554;11.263474;26.90293;15.6394615;26.434292;0.0;4135.922;7943.202;-1285.0836;6200.6577;-255.54666;-40.865555
1993-05-30;10.777252;1.7575684;-0.0725886;750.7552;1.0332674;76.590195;100.0;0.3183986;450.0;708.6589;0.37160218;-0.29212052;11.902958;27.520582;15.617631;27.779009;0.0;3880.8762;7448.561;-849.54803;6748.021;-201.59111;-40.85889
1993-05-31;9.532796;2.710022;-0.046162922;747.30884;0.9158766;96.712616;100.0;0.29057488;450.0;646.64716;2.9356182;-0.1898883;12.155474;26.983871;14.828391;26.583214;0.0;3107.2827;5961.9834;-634.02386;6918.6157;-128.84111;-30.848888
1993-06-01;7.4887595;4.6555786;-0.10368601;749.2671;1.0953823;133.3512;99.97892;0.26448667;450.0;588.62305;2.388829;-0.111952424;12.458965;26.50991;14.050945;26.744104;0.0;3367.7866;6459.803;-705.2058;6834.9243;-67.03;-79.55778
1993-06-02;7.448456;1.3365173;-0.088705696;747.81573;1.413249;152.02702;98.10978;0.23698545;450.0;527.83203;1.2330413;-0.34089947;12.759582;28.977766;16.218178;27.805294;0.0;3628.186;6896.6587;-785.1228;6795.132;-237.34445;-55.574444
1993-06-03;5.7355447;1.2113749;-0.14737828;744.22687;1.1523325;140.89256;95.96273;0.21353102;450.0;475.3418;2.6967053;-0.39006025;8.862585;25.600433;16.737848;20.934074;0.0;3422.5178;6422.628;-1036.3223;6413.42;-278.01556;-131.78555
1993-06-04;5.938629;3.2041423;-0.12724431;747.2112;1.0814375;149.27458;94.8549;0.19171655;450.0;427.04263;1.9059637;-0.3008861;9.777456;25.930792;16.153336;23.171167;0.0;3402.666;6350.0234;-893.80334;6623.15;-205.53778;-149.73222
1993-06-05;6.688253;2.657613;-0.14905293;749.1985;1.130937;143.04454;94.2181;0.16684496;450.0;371.90756;1.8192232;-0.41570514;11.795818;26.756645;14.960811;25.78653;0.0;3806.225;7076.818;-969.9767;6594.101;-286.7022;-179.3211
1993-06-06;8.316539;0.85465497;-0.26841864;748.10834;1.6780943;166.22086;93.92489;0.1416686;450.0;315.8773;0.25947392;-0.68702364;10.612965;24.815828;14.20287;25.05338;0.0;4177.8267;7752.6855;-1336.9153;6182.6646;-492.08444;-20.653334
1993-06-07;9.147105;0.39616904;-0.27713904;747.49854;1.0107749;200.22581;93.81071;0.118445516;450.0;264.11948;0.5763024;-0.4593041;9.18819;21.917953;12.729756;22.426266;0.0;3435.51;6365.708;-957.1494;6562.313;-321.26556;-86.996666
1993-06-08;9.366211;0.66678876;-0.3587214;748.3362;1.080558;216.67555;93.05469;0.09633998;450.0;214.92513;1.397565;-0.43406337;9.801999;22.917673;13.115682;22.042892;0.0;3517.379;6517.242;-1066.9922;6425.149;-302.30334;-93.998886
1993-06-09;8.356313;0.07965088;-0.46212006;750.4453;1.4228911;197.03636;89.124596;0.0724926;450.0;162.31282;1.476876;-0.7964866;10.904551;23.330017;12.425475;24.568592;0.0;4178.161;7610.3843;-1222.5956;6334.161;-570.0367;-130.91444
1993-06-10;9.250783;0.13943481;-0.79519653;751.466;1.203485;136.46202;84.27401;0.046978515;450.0;105.55013;0.013571048;-0.8564014;11.706069;25.738522;14.032438;25.721092;0.0;4698.625;8410.888;-1551.4994;6008.6562;-600.45667;-174.92667
1993-06-11;9.775615;1.1830648;-0.7743632;751.7308;1.1301497;93.62977;56.411377;0.024583856;450.0;55.41992;0.03860593;-1.3106726;7.1095524;22.4393;15.329763;19.21235;0.0;4893.515;7740.201;-1431.8905;6392.141;-911.7939;-297.72223
1993-06-12;11.04835;4.7010703;-0.354894;750.8466;1.0829239;95.15405;25.249594;0.010933399;450.0;24.820963;0.9751368;-2.2089686;3.590107;17.084435;13.494328;10.310329;0.0;5558.4893;7592.2153;-1599.9456;6649.565;-1533.0511;-552.3778
1993-06-13;11.835612;2.4573772;-0.15303294;749.99054;1.0786971;94.681145;9.806071;0.004226724;450.0;9.643555;2.459371;-3.059337;1.9675642;13.708651;11.741087;4.465781;0.0;5920.7646;7559.9077;-1895.1627;6612.9834;-2125.2178;-621.8689
1993-06-14;12.961741;3.2672424;-0.026676178;750.1363;1.2489095;106.91396;3.377116;0.0014457306;450.0;3.458659;0.026249886;-3.8241398;0.48609078;10.735809;10.249719;1.77975;0.0;6496.1377;8065.8257;-2111.484;6628.1343;-2656.4888;-728.12445
1993-06-15;13.165416;3.4777424;-0.051728565;748.968;0.955029;94.77295;1.0368652;0.00044445196;439.21548;1.3020834;0.1796484;-3.557913;0.15735626;9.189248;9.031877;0.5312674;0.0;5829.586;7162.738;-1916.9895;6886.6104;-2471.5479;-703.63666
1993-06-16;13.042531;-0.8294983;-0.08823267;748.9104;1.6144795;234.42456;0.32104492;0.00013784568;428.58887;0.32552084;0.009858608;-4.388636;0.03811717;8.071974;8.033856;0.16729534;0.0;6791.86;8319.611;-2509.76;6169.705;-3048.7078;-828.84
1993-06-17;12.540436;-1.3350321;-0.27672195;749.6154;1.71596;175.82306;0.10335287;4.4306118e-05;428.09375;-7.345365e-21;0.0;-4.347473;0.010550022;7.2211924;7.2106123;0.052969903;0.0;6924.399;8473.676;-2500.9744;6130.067;-3020.071;-860.99335
1993-06-18;11.076518;-0.69329834;-0.039934795;748.72144;1.6474329;212.69121;0.033040363;1.4146169e-05;428.09375;-7.345365e-21;0.46138206;-3.9035044;0.0642091;6.592661;6.5284595;0.01584366;0.0;6631.7783;8112.2646;-2360.469;6193.0938;-2711.6477;-1191.7023
1993-06-19;10.06842;0.67581177;-0.07762655;748.80646;1.2449538;203.89024;0.010823567;4.887581e-06;428.09375;-7.345365e-21;0.80729395;-3.4805908;0.10082126;6.058693;5.9578567;0.0054985285;0.0;6309.509;7716.2935;-2141.2634;6434.3867;-2417.851;-1306.8422
1993-06-20;9.2052;-0.9911194;0.0046374;748.8027;1.4125353;161.48946;0.0039876304;1.7881393e-06;428.09375;-7.345365e-21;1.2113452;-3.3676271;0.1476407;5.6225357;5.4749103;0.0017173588;0.0;5964.6323;7293.283;-2067.1384;6430.463;-2339.379;-1276.0989
1993-06-21;8.249013;1.297994;-0.004597982;752.4378;1.4504129;31.246986;0.0013834635;5.5631e-07;428.09375;-7.345365e-21;0.4042685;-3.289489;0.045746565;5.106539;5.060792;0.0006519258;0.0;5905.5405;7219.931;-2120.5962;6408.545;-2285.0989;-1211.2733
1993-06-22;12.488037;1.6174215;-0.10827637;756.1106;1.6889957;38.51071;0.0;-7.3453654e-25;428.09375;-7.345365e-21;0.0;-4.092032;5.9604645e-05;4.6995583;4.6995134;0.00025704503;0.0;7054.3066;8623.518;-2739.6667;5989.7734;-2842.5977;-945.7122
1993-06-23;15.109833;0.4433085;-2.0044773;753.94196;1.3424982;83.20014;0.0;-7.3453654e-25;267.54102;-7.345365e-21;0.00044109463;-4.3003874;5.9604645e-05;4.381448;4.3813887;7.0780516e-05;0.0;7087.405;8662.848;-2742.1677;6224.98;-2987.3354;-721.4889
1993-06-24;15.367513;0.714091;-2.0514743;751.144;1.334102;83.45484;0.0;-7.3453654e-25;108.48435;-7.345365e-21;0.0020105017;-4.2184496;0.0001937151;4.1001587;4.09998;2.2351742e-05;0.0;6971.1084;8519.579;-2623.9812;6455.633;-2930.4167;-811.35223
1993-06-25;15.919373;3.4677327;-0.48895645;749.7763;1.2034005;52.779648;0.0;-7.3453654e-25;100.63833;-7.345365e-21;0.010984545;-3.975004;0.001013279;3.85046;3.8494468;0.0;0.0;6759.2266;8259.596;-2415.2666;6816.37;-2761.3032;-958.13446
1993-06-26;15.917623;3.045512;0.009900411;749.1491;1.2224289;92.17249;0.0;-7.3453654e-25;99.99998;-7.345365e-21;0.17645955;-3.7662172;0.015407801;3.6405027;3.6251097;0.0;0.0;6434.185;7861.3613;-2319.541;6967.261;-2616.2656;-973.43445
1993-06-27;16.656485;-0.45825195;0.010318756;749.73975;1.6413058;175.77464;0.0;-7.3453654e-25;99.99998;-7.345365e-21;0.0;-3.879701;0.0;3.4229755;3.4229755;0.0;0.0;6920.73;8454.727;-2620.3645;6637.1724;-2695.0989;-1151.3077
1993-06-28;15.918762;-3.186147;0.009841919;751.4216;1.6181746;249.62373;0.0;-7.3453654e-25;99.99998;-7.345365e-21;0.0008522948;-3.519237;7.4505806e-05;3.2398849;3.2398252;0.0;0.0;7082.8057;8651.638;-2914.195;6235.8467;-2444.6978;-1381.8989
1993-06-29;16.392975;-2.6352642;0.010050456;752.44305;1.2332846;106.64184;0.0;-7.3453654e-25;99.99998;-7.345365e-21;0.0;-3.4449809;0.0;3.072977;3.0729918;0.0;0.0;7149.5635;8732.041;-3135.2273;6109.2583;-2393.1145;-1152.5488
1993-06-30;16.796082;-3.2888691;0.010154724;750.4664;1.3666896;165.56401;0.0;-7.3453654e-25;99.99998;-7.345365e-21;0.0012814989;-3.2666483;0.00010430813;2.9205084;2.920404;0.0;0.0;7182.015;8770.531;-3231.6294;6074.2314;-2269.2322;-1212.3678
1993-07-01;16.015451;-2.326894;0.009938558;748.7735;1.3525592;177.33055;0.0;-7.3453654e-25;99.99998;-7.345365e-21;0.0017154826;-2.923007;0.00011920929;2.7805567;2.780415;0.0;0.0;7081.3135;8646.467;-3080.4055;6247.9546;-2030.5155;-1475.2478
1993-07-02;15.789378;-1.4764099;0.010190328;748.0761;1.3282586;201.56342;0.0;-7.3453654e-25;99.99998;-7.345365e-21;0.0;-2.6633563;0.0;2.6514828;2.6514828;0.0;0.0;7046.0757;8602.295;-3059.5479;6324.4805;-1850.1444;-1696.8422
1993-07-03;14.748566;-2.0065715;0.0098012285;748.9545;1.5064739;112.35929;0.0;-7.3453654e-25;99.99998;-7.345365e-21;0.00043511385;-2.4620686;2.9802322e-05;2.5323927;2.532363;0.0;0.0;7018.132;8567.043;-3046.3733;6327.251;-1710.3167;-1822.03
1993-07-04;14.4010725;2.3758037;0.009727478;750.3008;1.2087846;82.93293;0.0;-7.3453654e-25;99.99998;-7.345365e-21;0.34366846;-2.2399797;0.024095178;2.4462342;2.4221613;0.0;0.0;6697.086;8173.98;-2781.9905;6722.985;-1556.039;-1837.6711
1993-07-05;14.553375;0.9921468;0.010111491;749.1074;1.1043948;86.41732;0.0;-7.3453654e-25;99.99998;-7.345365e-21;0.05184114;-2.2250164;0.0035315752;2.323523;2.3199842;0.0;0.0;6716.366;8196.537;-2919.0356;6588.307;-1545.6444;-1804.0278
1993-07-06;14.770122;0.8890584;0.009913127;748.66986;1.3671085;98.85345;0.0;-7.3453654e-25;99.99998;-7.345365e-21;0.3281355;-2.0160973;0.022158027;2.24711;2.224937;0.0;0.0;6446.056;7865.701;-2771.1528;6714.0244;-1400.5155;-1872.9833
1993-07-07;15.26295;0.77682495;0.010243733;749.7614;1.2857214;134.0017;0.0;-7.3453654e-25;99.99998;-7.345365e-21;0.17483532;-2.0126832;0.011712313;2.1481216;2.1364167;0.0;0.0;6589.9;8040.0913;-2848.9087;6687.2783;-1398.1444;-1940.8256
1993-07-08;15.358815;-1.8183289;0.009719849;749.9817;1.3606677;118.90478;0.0;-7.3453654e-25;99.99998;-7.345365e-21;0.002138496;-2.0636022;0.00013411045;2.0535588;2.0534098;0.0;0.0;6945.5674;8472.98;-3118.39;6451.539;-1433.5155;-1950.8622
1993-07-09;16.978037;0.6256816;0.010040283;749.60065;1.0685947;89.49503;0.0;-7.3453654e-25;99.99998;-7.345365e-21;0.0017167149;-1.9298513;0.00011920929;1.9755661;1.9754767;0.0;0.0;6416.19;7826.16;-2862.7063;6938.4995;-1340.6045;-1644.961
1993-07-10;17.143402;2.6769001;0.009867351;747.6375;1.5233498;100.631676;0.0;-7.3453654e-25;99.99998;-7.345365e-21;0.013524294;-1.7534177;0.00067055225;1.9031465;1.9024684;0.0;0.0;6511.47;7941.328;-2909.162;6887.1577;-1218.0411;-1897.1034
1993-07-11;15.786794;3.248169;0.009647369;745.86566;1.6686198;114.82833;0.0;-7.3453654e-25;99.99998;-7.345365e-21;0.015288591;-1.5604999;0.0007599592;1.8347353;1.8339827;0.0;0.0;6320.6313;7707.49;-2741.3545;6951.0884;-1084.0278;-2133.9155
1993-07-12;12.084351;6.19634;0.010111491;747.53876;1.2746509;94.48599;0.0;-7.3453654e-25;99.99998;-7.345365e-21;7.471666;-1.5082779;0.56935847;2.339974;1.7706454;0.0;0.0;4652.8433;5673.1035;-1840.9706;7416.9653;-1047.75;-1726.3177
1993-07-13;13.530742;5.6283774;0.009938558;749.33936;1.0870675;49.305023;0.0;-7.3453654e-25;99.99998;-7.345365e-21;0.09225768;-2.7848296;0.0054836273;1.7170906;1.711607;0.0;0.0;5667.2944;6908.989;-2089.9482;7189.635;-1934.5289;-1387.4933
1993-07-14;16.463379;3.4139912;0.0102170305;748.99054;1.1113025;75.57359;0.0;-7.3453654e-25;99.99998;-7.345365e-21;0.0008583068;-3.0347323;5.9604645e-05;1.6546547;1.65461;0.0;0.0;6876.1694;8381.902;-2845.3914;6721.8506;-2108.1277;-1465.9066
1993-07-15;18.430948;2.9798992;0.010134379;750.2295;1.3256766;95.19149;0.0;-7.3453654e-25;100.00259;-7.345365e-21;0.0;-2.8358464;0.0;1.6001761;1.6001761;0.0;0.0;6815.213;8306.474;-2815.0996;7008.0312;-1969.9678;-1443.9111
1993-07-16;20.04421;5.7904663;0.009991963;751.88947;1.418584;81.41019;0.0;-7.3453654e-25;99.99998;-7.345365e-21;0.00042617318;-2.3408253;2.9802322e-05;1.5485287;1.5485138;0.0;0.0;6547.6143;7978.5337;-2727.7961;7355.791;-1626.0934;-1574.1056
1993-07-17;20.869364;6.53774;0.009376526;752.09937;1.4149979;77.00358;0.0;-7.3453654e-25;99.99998;-7.345365e-21;0.00047981733;-1.9497788;2.9802322e-05;1.4995188;1.499489;0.0;0.0;6354.517;7741.5054;-2759.594;7503.7554;-1354.4456;-1632.3378
1993-07-18;20.231934;5.3303733;0.009863536;751.9026;1.4206733;68.49032;0.0;-7.3453654e-25;100.00519;-7.345365e-21;0.00042617318;-1.7333412;2.9802322e-05;1.4528185;1.4527962;0.0;0.0;6626.3745;8070.9487;-2952.395;7339.43;-1204.0945;-1930.1934
1993-07-19;19.944815;4.3028665;0.010040283;751.84125;1.3740708;55.045605;0.0;-7.3453654e-25;99.99998;-7.345365e-21;0.0004351138;-1.4668219;2.9802322e-05;1.4084727;1.4084429;0.0;0.0;6005.3477;7312.9473;-2625.7239;7644.8535;-1018.9533;-1794.7234
1993-07-20;19.339508;4.716105;0.009744008;753.47015;1.2739657;34.614414;0.0;-7.3453654e-25;100.00519;-7.345365e-21;0.064218044;-1.2076404;0.0037550926;1.37043;1.36666;0.0;0.0;5028.489;6122.01;-2234.043;7907.727;-838.9067;-1594.0333
1993-07-21;20.141397;2.6088562;0.009988149;753.968;1.0792072;53.171127;0.0;-7.3453654e-25;99.99998;-7.345365e-21;0.000923872;-1.3760058;5.9604645e-05;1.3269186;1.3268739;0.0;0.0;5621.125;6842.088;-2506.7695;7806.4355;-955.86554;-1641.9911
1993-07-22;19.577118;4.488607;0.009862264;753.6064;1.1972948;31.321432;0.0;-7.3453654e-25;99.99998;-7.345365e-21;0.02578795;-1.1725948;0.0014007092;1.2903512;1.2889504;0.0;0.0;5182.7466;6306.977;-2211.522;8045.939;-814.5622;-1676.6133
1993-07-23;20.00296;2.8036194;0.009976705;751.4405;1.1793767;56.251278;0.0;-7.3453654e-25;99.99998;-7.345365e-21;0.0012814989;-1.3750149;7.4505806e-05;1.2526661;1.252599;0.0;0.0;6247.7715;7601.5166;-2947.9067;7404.796;-955.17725;-1969.0856
1993-07-24;19.918732;-0.9642436;0.009970347;749.6723;1.477754;120.35901;0.0;-7.3453654e-25;99.99998;-7.345365e-21;0.0012892942;-1.3158042;7.4505806e-05;1.2176931;1.2176186;0.0;0.0;6511.118;7919.9434;-3116.2092;7075.567;-914.04443;-2130.4712
1993-07-25;18.901083;-2.6811829;0.009813945;751.541;1.4715323;132.95914;0.0;-7.3453654e-25;99.99998;-7.345365e-21;0.0008564027;-1.2473166;4.4703484e-05;1.1842847;1.1842251;0.0;0.0;6755.92;8215.819;-3276.1306;6758.4355;-866.4689;-2407.4534
1993-07-26;17.687744;-2.113454;0.010046641;753.6442;1.2299103;121.65128;0.0;-7.3453654e-25;99.99998;-7.345365e-21;0.0004351138;-1.2344933;2.9802322e-05;1.1522323;1.15221;0.0;0.0;6831.9624;8306.495;-3307.5703;6682.438;-857.5611;-2287.399
1993-07-27;18.855825;2.6298726;0.009799957;754.4926;1.1721089;79.46024;0.0;-7.3453654e-25;99.99998;-7.345365e-21;0.0033050776;-1.2551686;0.00014901161;1.1215955;1.1214465;0.0;0.0;6564.208;7979.1533;-3116.4014;7121.319;-871.92444;-2067.5588
1993-07-28;18.970499;4.462301;0.009984334;753.45557;1.1869811;80.879005;0.0;-7.3453654e-25;100.00519;-7.345365e-21;0.27251244;-1.1552535;0.014871359;1.1069775;1.0920614;0.0;0.0;5988.1235;7277.2754;-2851.8967;7324.452;-802.51556;-1955.9177
1993-07-29;19.179007;0.77494305;0.00976181;752.9423;1.4226184;120.21951;0.0;-7.3453654e-25;100.00259;-7.345365e-21;0.0017195934;-1.2625493;0.00010430813;1.0640919;1.0640025;0.0;0.0;6394.339;7769.26;-3065.5488;7078.3374;-877.0511;-2146.9856
1993-07-30;19.293863;-1.5056458;0.00989151;752.5506;1.111133;133.66014;0.0;-7.3453654e-25;99.99998;-7.345365e-21;0.002080202;-1.1402583;8.940697e-05;1.0371804;1.0370761;0.0;0.0;5946.7056;7223.6865;-2982.405;7211.912;-792.0989;-1748.7289
1993-07-31;17.040567;6.765818;0.010280609;751.3818;1.358212;46.14505;0.0;-7.3453654e-25;99.99998;-7.345365e-21;2.1609843;-1.1768062;0.13557076;1.1470616;1.0114759;0.0;0.0;5526.8047;6712.113;-2576.1084;7370.394;-817.4878;-1935.4011
1993-08-01;17.563833;6.110636;0.010042827;751.6604;1.4334393;53.195965;0.0;-7.3453654e-25;99.99998;-7.345365e-21;0.5613357;-1.7689447;0.03068149;1.0177493;0.98707527;0.0;0.0;5761.582;6995.7705;-2592.2034;7318.43;-1228.8267;-1697.0211
1993-08-02;18.05549;4.940348;0.01008606;752.8731;1.6303867;50.129948;0.0;-7.3453654e-25;99.99998;-7.345365e-21;0.059574842;-1.5862249;0.0029802322;0.9664446;0.9634569;0.0;0.0;5971.0513;7248.56;-2643.2932;7343.128;-1101.8978;-1926.3188
1993-08-03;17.791697;4.0358276;0.010092418;752.32196;1.5686922;53.49203;0.0;-7.3453654e-25;99.99998;-7.345365e-21;0.5040318;-1.342766;0.02668798;0.9673089;0.9406358;0.0;0.0;5899.9644;7160.6587;-2649.5063;7345.343;-932.7756;-2015.581
1993-08-04;16.5843;4.3142295;0.010005951;751.8794;1.3625814;59.19933;0.0;-7.3453654e-25;100.00259;-7.345365e-21;1.6813159;-1.4220979;0.109538436;1.0282546;0.9187311;0.0;0.0;5803.61;7042.174;-2640.95;7246.6523;-987.88336;-1938.6833
1993-08-05;17.259735;2.882497;0.0099652605;751.6036;1.415957;99.03409;0.0;-7.3453654e-25;99.99998;-7.345365e-21;0.0126212835;-1.7399136;0.0005364418;0.8981973;0.89764595;0.0;0.0;6023.992;7307.8896;-2797.2183;7040.6104;-1208.66;-1822.2733
1993-08-06;16.643606;1.9060568;0.009993236;752.3896;1.1273104;111.53207;0.0;-7.3453654e-25;99.99998;-7.345365e-21;0.03437102;-1.31125;0.0018030405;0.8790642;0.87726116;0.0;0.0;5761.9185;6988.3926;-2794.4766;7016.71;-910.8811;-1819.1533
1993-08-07;17.410461;-0.24150594;0.009984334;752.574;1.4562392;148.68062;0.0;-7.3453654e-25;100.00259;-7.345365e-21;0.035995245;-1.0675304;0.0018328428;0.859499;0.85768104;0.0;0.0;5696.3237;6907.2476;-2765.5542;7027.274;-741.57776;-2013.2544
1993-08-08;16.425354;-2.509257;0.009853363;752.3759;1.471486;171.65947;0.0;-7.3453654e-25;99.99998;-7.345365e-21;0.00042617318;-0.98076093;2.9802322e-05;0.83880126;0.8387789;0.0;0.0;6631.0015;8038.859;-3245.3352;6431.192;-681.3011;-2511.7722
1993-08-09;16.992502;-1.0057577;0.010166168;751.16974;1.3211117;200.90674;0.0;-7.3453654e-25;99.99998;-7.345365e-21;0.17365813;-0.9387899;0.008970499;0.82954764;0.82056224;0.0;0.0;5782.995;7009.1636;-2863.341;6871.3315;-652.14667;-2014.81
1993-08-10;15.962789;-0.8388977;0.0100364685;749.42065;1.3676895;136.77448;0.0;-7.3453654e-25;99.99998;-7.345365e-21;0.0;-0.94726497;0.0;0.80290437;0.80291927;0.0;0.0;6261.3423;7587.2456;-2982.535;6769.492;-658.0344;-2368.781
1993-08-11;15.79005;-0.7353923;0.0097134905;749.1345;1.3219398;180.52248;0.0;-7.3453654e-25;99.99998;-7.345365e-21;0.0004351138;-0.82306564;2.9802322e-05;0.78590214;0.78587234;0.0;0.0;5661.564;6858.858;-2809.9287;6868.3774;-571.75665;-2121.42
1993-08-12;15.015666;-1.0939535;0.01001358;748.9956;1.256683;248.00853;0.0;-7.3453654e-25;99.99998;-7.345365e-21;0.0;-0.8531027;0.0;0.76942146;0.76942146;0.0;0.0;6471.437;7838.421;-3182.565;6464.641;-592.62335;-2504.7412
1993-08-13;16.331308;-1.2442627;0.010196686;749.1463;1.1873578;146.83769;0.0;-7.3453654e-25;99.99998;-7.345365e-21;0.0;-0.8907532;0.0;0.7534027;0.75339526;0.0;0.0;6556.5215;7939.723;-3418.2761;6341.019;-618.7772;-2245.8767
1993-08-14;16.064768;-1.8420817;0.00981013;750.5848;1.343442;120.23688;0.0;-7.3453654e-25;99.99998;-7.345365e-21;0.0008523463;-0.85903144;4.4703484e-05;0.7379353;0.73788315;0.0;0.0;6556.5;7937.912;-3408.3093;6302.3623;-596.74;-2310.36
1993-08-15;16.377045;0.43877158;0.009994507;752.87335;1.0603613;80.94685;0.0;-7.3453654e-25;99.99998;-7.345365e-21;0.0004351138;-0.8661039;2.9802322e-05;0.7228553;0.7228404;0.0;0.0;6080.706;7360.222;-3012.1255;6888.34;-601.6533;-2046.7456
1993-08-16;17.57421;3.564677;0.0097300215;752.1624;1.2421961;81.067085;0.0;-7.3453654e-25;99.99998;-7.345365e-21;0.0;-0.81154144;0.0;0.7082522;0.7082671;0.0;0.0;5737.8066;6944.342;-2802.9011;7191.66;-563.7511;-2003.5466
1993-08-17;17.494284;4.3701377;0.009742737;751.575;1.340222;95.893;0.0;-7.3453654e-25;99.99998;-7.345365e-21;0.0017264502;-0.74838287;8.940697e-05;0.6943047;0.6942302;0.0;0.0;5365.944;6493.6084;-2641.9844;7285.1406;-519.8778;-1939.7589
1993-08-18;16.815256;2.7758992;0.0100364685;753.15845;1.2817326;184.67183;0.0;-7.3453654e-25;99.99998;-7.345365e-21;0.0;-0.7491261;0.0;0.68068504;0.68069994;0.0;0.0;5652.504;6839.4434;-2867.2122;6961.9272;-520.3922;-2105.2078
1993-08-19;16.303354;0.532491;0.009946187;753.0329;1.2344228;194.39952;0.0;-7.3453654e-25;99.99998;-7.345365e-21;0.0012874597;-0.7943772;7.4505806e-05;0.667572;0.66750497;0.0;0.0;6291.9136;7612.2505;-3163.3972;6644.9287;-551.82776;-2321.3523
1993-08-20;15.810425;-0.82108563;0.009770711;751.52686;1.2661636;160.70518;0.0;-7.3453654e-25;99.99998;-7.345365e-21;0.0;-0.77911186;0.0;0.6546676;0.6546676;0.0;0.0;6281.2974;7598.4043;-3184.7827;6573.0815;-541.2233;-2363.7512
1993-08-21;15.703868;0.48694864;0.010171254;750.58246;1.2069608;117.32004;0.0;-7.3453654e-25;99.99998;-7.345365e-21;0.0;-0.755026;0.0;0.64222515;0.64222515;0.0;0.0;5951.827;7199.061;-2989.237;6783.62;-524.49225;-2170.9377
1993-08-22;15.204631;1.8624369;0.010041554;750.6106;1.383245;100.62408;0.0;-7.3453654e-25;99.99998;-7.345365e-21;0.17088652;-0.7445617;0.007674098;0.6379336;0.6302744;0.0;0.0;5517.701;6673.0186;-2706.8533;7013.061;-517.2211;-2095.8044
1993-08-23;15.221843;3.96638;0.009894053;752.60455;1.1953725;60.484528;0.0;-7.3453654e-25;99.99998;-7.345365e-21;0.085669756;-0.76674855;0.0045597553;0.62321126;0.61864406;0.0;0.0;5770.149;6977.5806;-2806.8384;6981.7104;-532.63556;-2190.6912
1993-08-24;15.9062395;1.2008566;0.009864807;753.27466;1.5806913;42.63223;0.0;-7.3453654e-25;99.99998;-7.345365e-21;0.0;-0.7959623;0.0;0.6072968;0.6072968;0.0;0.0;6156.9844;7444.5254;-3272.9011;6457.7354;-552.9278;-2145.301
1993-08-25;16.741404;2.4243267;0.009857178;751.51483;1.4667025;76.038376;0.0;-7.3453654e-25;99.99998;-7.345365e-21;0.0;-0.749182;0.0;0.59625506;0.59625506;0.0;0.0;5827.848;7045.7104;-2936.174;6889.7007;-520.43225;-2038.8822
1993-08-26;16.130514;-0.56327313;0.01009496;751.58514;1.546786;185.38719;0.0;-7.3453654e-25;100.00519;-7.345365e-21;0.09291768;-0.6846022;0.0046640635;0.590235;0.58557093;0.0;0.0;5687.483;6875.1494;-2785.121;6954.718;-475.5711;-2236.6812
1993-08-27;15.237773;0.023783365;0.009848277;751.9065;1.3993883;126.45672;0.0;-7.3453654e-25;99.99998;-7.345365e-21;0.75707984;-0.79360324;0.037401915;0.61279535;0.57536364;0.0;0.0;4897.759;5919.915;-2485.662;7069.7656;-551.2889;-1805.1912
1993-08-28;15.011708;1.0447286;0.009993236;752.8808;1.3083538;69.03726;0.0;-7.3453654e-25;99.99998;-7.345365e-21;2.042827;-1.2086378;0.12777746;0.69339573;0.5656108;0.0;0.0;4903.848;5926.3594;-2471.7312;6965.9966;-839.6;-1576.4423
1993-08-29;16.393148;2.3311665;0.010022481;754.20123;0.8840454;85.631195;0.0;-7.3453654e-25;99.99998;-7.345365e-21;0.0008553266;-1.5171151;4.4703484e-05;0.5559623;0.5559176;0.0;0.0;5690.9995;6876.938;-2762.5994;6978.1636;-1053.8889;-1548.44
1993-08-30;17.883566;-0.17921956;0.010072072;754.8223;1.2769902;82.9676;0.0;-7.3453654e-25;99.99998;-7.345365e-21;0.0;-1.1951271;0.0;0.5463362;0.5463213;0.0;0.0;5855.6665;7075.0923;-3066.9734;6761.1265;-830.215;-1697.6866
1993-08-31;18.207468;-0.76100665;0.009958903;753.5796;1.3706766;169.43025;0.0;-7.3453654e-25;99.99998;-7.345365e-21;0.0017225739;-0.8415896;8.195639e-05;0.53712726;0.53705275;0.0;0.0;5247.2314;6339.1064;-2773.7678;6991.021;-584.62335;-1676.5211
1993-09-01;16.569458;-1.5586039;0.010070801;752.1887;1.3771172;222.97461;0.0;-7.3453654e-25;99.99998;-7.345365e-21;0.00042617318;-0.75401735;2.9802322e-05;0.52808225;0.52806735;0.0;0.0;5819.535;7029.7646;-3149.9568;6482.11;-523.7905;-2062.139
1993-09-02;15.132457;-2.6569927;0.009941101;751.34503;1.3297387;189.9845;0.0;-7.3453654e-25;99.99998;-7.345365e-21;0.0008523463;-0.692578;4.4703484e-05;0.51933527;0.51929057;0.0;0.0;5857.09;7074.271;-3308.1782;6173.95;-481.1111;-2013.8123
1993-09-03;14.400299;-6.3462625;0.010007222;750.2844;1.2399529;246.41093;0.0;-7.3453654e-25;99.99998;-7.345365e-21;0.00042617318;-0.63922256;2.9802322e-05;0.5107969;0.51077455;0.0;0.0;5956.2495;7193.1865;-3495.1013;5777.8516;-444.04666;-2000.0555
1993-09-04;14.4835615;-4.8229065;0.010308583;751.3008;1.1706386;199.40703;0.0;-7.3453654e-25;99.99998;-7.345365e-21;0.0008744004;-0.64104426;4.4703484e-05;0.50252676;0.50249696;0.0;0.0;5876.7666;7096.336;-3441.6226;5889.47;-445.3111;-1874.0011
1993-09-05;14.741557;-4.3441873;0.00993983;751.90314;1.1604083;88.755005;0.0;-7.3453654e-25;99.99998;-7.345365e-21;0.0025743875;-0.6498592;0.00011920929;0.49452484;0.49439073;0.0;0.0;5807.1157;7011.3774;-3414.2642;5995.08;-451.43668;-1760.8123
1993-09-06;14.704783;-3.1232605;0.009858449;752.2068;1.1838719;161.85065;0.0;-7.3453654e-25;99.99998;-7.345365e-21;0.00086128706;-0.63099337;4.4703484e-05;0.48655272;0.48650056;0.0;0.0;5725.2656;6911.701;-3308.8826;6105.1313;-438.33;-1825.5989
1993-09-07;14.509532;-1.9834799;0.00987498;750.39307;1.2347924;125.73669;0.0;-7.3453654e-25;99.99998;-7.345365e-21;0.0;-0.60565585;0.0;0.478819;0.478819;0.0;0.0;5713.6255;6896.868;-3279.1025;6116.588;-420.72888;-1825.9978
1993-09-08;13.65388;-1.2187907;0.0102005005;750.6005;1.2275203;81.62164;0.0;-7.3453654e-25;99.99998;-7.345365e-21;0.00083959854;-0.57824886;4.4703484e-05;0.47136843;0.47133863;0.0;0.0;5590.24;6746.852;-3128.2537;6213.648;-401.69;-1985.3778
1993-09-09;12.968364;-1.499349;0.010142009;751.1276;1.2242857;105.32938;0.0;-7.3453654e-25;99.99998;-7.345365e-21;0.00085234636;-0.56012535;4.4703484e-05;0.46408176;0.46403706;0.0;0.0;5475.4624;6607.667;-2984.272;6312.311;-389.1011;-1987.7977
1993-09-10;13.374898;1.2331238;0.009962718;752.26733;1.0679816;91.686584;0.0;-7.3453654e-25;99.99998;-7.345365e-21;0.0;-0.56542456;0.0;0.4569441;0.45693666;0.0;0.0;5324.2993;6424.5366;-2850.4463;6556.797;-392.7811;-1863.9756
1993-09-11;14.754669;-0.8220215;0.009866078;753.49243;1.1322933;98.72489;0.0;-7.3453654e-25;99.99998;-7.345365e-21;0.0012937671;-0.5892608;5.9604645e-05;0.45004487;0.44997782;0.0;0.0;5398.308;6513.115;-3041.2393;6441.4956;-409.34;-1774.4355
1993-09-12;14.331227;-1.8341268;0.009836833;751.6895;1.2042506;177.82475;0.0;-7.3453654e-25;99.99998;-7.345365e-21;0.00084830663;-0.5586492;4.4703484e-05;0.44324994;0.44319034;0.0;0.0;5393.122;6506.0576;-3024.3987;6361.07;-388.07556;-1853.9089
1993-09-13;13.826253;-3.5568645;0.010227203;751.228;1.280084;219.87634;0.0;-7.3453654e-25;99.99998;-7.345365e-21;0.0;-0.5444121;0.0;0.43660402;0.43660402;0.0;0.0;5331.495;6430.954;-3019.0762;6287.404;-378.18445;-1877.789
1993-09-14;13.432587;-2.483022;0.01044337;752.10126;1.2568524;113.941414;0.0;-7.3453654e-25;99.99998;-7.345365e-21;0.0044703484;-0.5111098;0.00020861626;0.43039024;0.43018162;0.0;0.0;4954.954;5976.0454;-2837.998;6423.129;-355.05112;-1672.1466
1993-09-15;14.016704;-2.760671;0.010164897;755.2946;1.0973511;70.73063;0.0;-7.3453654e-25;99.99998;-7.345365e-21;0.0008523463;-0.5656714;4.4703484e-05;0.42393804;0.42390823;0.0;0.0;5297.1885;6388.0557;-3123.7222;6248.2476;-392.95334;-1590.4323
1993-09-16;14.934102;-4.786133;0.010431926;755.1716;1.2239213;105.05285;0.0;-7.3453654e-25;99.99998;-7.345365e-21;0.0008523463;-0.55867434;4.4703484e-05;0.41778386;0.4177466;0.0;0.0;5324.4473;6415.3115;-3300.8818;6025.047;-388.09222;-1548.6766
1993-09-17;14.203969;-6.003418;0.009986877;754.28864;1.1879177;148.89677;0.0;-7.3453654e-25;99.99998;-7.345365e-21;0.0;-0.5402155;0.0;0.4117489;0.4117489;0.0;0.0;5317.0415;6400.814;-3265.8477;5985.2554;-375.27;-1542.3839
1993-09-18;14.223755;-5.381073;0.010098775;754.69025;1.212632;158.32776;0.0;-7.3453654e-25;99.99998;-7.345365e-21;0.0012993806;-0.5310141;5.9604645e-05;0.40593743;0.40587783;0.0;0.0;5079.8677;6109.949;-3010.716;6308.783;-368.87778;-1530.9323
1993-09-19;14.506256;-3.9592083;0.009747823;755.13885;1.4319639;164.09828;0.0;-7.3453654e-25;99.99998;-7.345365e-21;0.005489588;-0.47957152;0.0002682209;0.4004538;0.40018559;0.0;0.0;4831.384;5806.042;-2758.4314;6496.4126;-333.1422;-1654.3334
1993-09-20;14.223206;-2.8039958;0.00970459;753.70917;1.3621689;144.72968;0.0;-7.3453654e-25;99.99998;-7.345365e-21;0.07607937;-0.4651714;0.0036805868;0.39833784;0.39465725;0.0;0.0;4642.7886;5574.447;-2558.7593;6671.371;-323.1389;-1662.3167
1993-09-21;13.6528425;-2.2071636;0.009830475;751.1313;1.4125367;188.23926;0.0;-7.3453654e-25;99.99998;-7.345365e-21;0.00044014826;-0.4754532;1.4901161e-05;0.38927794;0.38926303;0.0;0.0;4946.061;5933.5283;-2726.3809;6402.392;-330.28223;-1880.0917
1993-09-22;11.231395;-1.764445;0.009971619;751.8401;1.6148747;123.16317;0.0;-7.3453654e-25;99.99998;-7.345365e-21;0.39209723;-0.5479511;0.01911819;0.40315092;0.38402528;0.0;0.0;4850.346;5813.414;-2562.758;6370.727;-380.64334;-1980.4111
1993-09-23;10.61086;-0.7128194;0.01012675;751.63525;1.7352518;154.82909;0.0;-7.3453654e-25;99.99998;-7.345365e-21;1.0055101;-0.7134788;0.050514936;0.42945147;0.37896633;0.0;0.0;4737.95;5673.902;-2589.865;6190.5044;-495.63;-1744.6923
1993-09-24;9.941528;-1.4206644;0.010040283;751.03864;1.0297996;179.51851;0.0;-7.3453654e-25;99.99998;-7.345365e-21;0.0;-0.7014107;0.0;0.37398934;0.3739968;0.0;0.0;4936.443;5906.52;-2791.7021;6011.7046;-487.24667;-1704.8434
1993-09-25;10.89387;-0.58970135;0.009966533;751.20703;1.0830189;139.6312;0.0;-7.3453654e-25;99.99998;-7.345365e-21;0.0017702577;-0.5955342;8.940697e-05;0.36914647;0.3690794;0.0;0.0;4651.549;5560.876;-2566.577;6302.7246;-413.69778;-1539.6633
1993-09-26;11.017598;-0.4774475;0.010110219;751.8455;1.0373747;99.86085;0.0;-7.3453654e-25;99.99998;-7.345365e-21;0.08788109;-0.5653873;0.00423193;0.3684759;0.3642738;0.0;0.0;4553.951;5439.427;-2629.836;6332.799;-392.75555;-1511.96
1993-09-27;11.265849;-1.9928881;0.010124207;752.289;1.0195972;78.31394;0.0;-7.3453654e-25;99.99998;-7.345365e-21;0.00044107434;-0.55386496;1.4901161e-05;0.35956502;0.35955012;0.0;0.0;4708.6797;5619.4043;-2737.2173;6246.2544;-384.75168;-1498.0856
1993-09-28;11.098369;-3.017606;0.009522756;750.48956;1.2140622;178.41962;0.0;-7.3453654e-25;99.99998;-7.345365e-21;0.0004351138;-0.48897043;1.4901161e-05;0.35491586;0.35490096;0.0;0.0;4824.2866;5752.3643;-2873.0872;6003.6733;-339.6711;-1647.1744
1993-09-29;10.506154;-4.4448037;0.009490967;749.93097;1.152165;211.03755;0.0;-7.3453654e-25;99.99998;-7.345365e-21;0.0012814989;-0.44295007;5.9604645e-05;0.3504455;0.35037845;0.0;0.0;4789.8403;5706.4077;-2896.4407;5850.968;-307.7022;-1630.6067
1993-09-30;10.379547;-2.3235676;0.010045369;752.6065;1.316811;177.24251;0.0;-7.3453654e-25;99.99998;-7.345365e-21;0.0;-0.40680823;0.0;0.34597516;0.34597516;0.0;0.0;4718.57;5616.6567;-2792.681;5922.5527;-282.59668;-1645.0189
1993-10-01;10.363647;-1.2423197;0.010045369;752.50726;1.4705081;227.96204;0.0;-7.3453654e-25;99.99998;-7.345365e-21;1.1527289;-0.5286513;0.06465614;0.40636957;0.34171343;0.0;0.0;4474.049;5321.026;-2539.6277;6078.6846;-367.23557;-1649.6411
1993-10-02;9.718262;-2.7834167;0.009811401;751.68024;1.1502835;249.31099;0.0;-7.3453654e-25;99.99998;-7.345365e-21;0.0017136326;-0.63965374;8.195639e-05;0.3376305;0.3375411;0.0;0.0;4657.505;5534.42;-2776.3389;5779.0117;-444.34668;-1550.6777
1993-10-03;8.275899;-3.018748;0.009777069;751.2797;1.1940346;181.55211;0.0;-7.3453654e-25;99.99998;-7.345365e-21;0.0021419828;-0.5207323;0.00010430813;0.3335476;0.33344328;0.0;0.0;4531.399;5379.9043;-2685.8142;5750.48;-361.73444;-1580.7045
1993-10-04;7.7959085;-2.1406758;0.010075887;753.2027;1.0666206;85.56501;0.0;-7.3453654e-25;99.99998;-7.345365e-21;0.0;-0.49778727;0.0;0.32943487;0.32943487;0.0;0.0;4385.1807;5201.599;-2587.9006;5942.0605;-345.79556;-1447.88
1993-10-05;7.828176;-1.6240133;0.009825389;753.6241;1.1228;70.98785;0.0;-7.3453654e-25;99.99998;-7.345365e-21;0.0008523463;-0.4627239;4.4703484e-05;0.32551587;0.32548606;0.0;0.0;4546.7725;5388.7905;-2712.646;5832.265;-321.44;-1509.9678
1993-10-06;6.6171365;-1.8805033;0.010210673;753.7471;1.4354744;48.590008;0.0;-7.3453654e-25;99.99998;-7.345365e-21;0.021154705;-0.36933273;0.0010728836;0.32269955;0.32162666;0.0;0.0;4082.0415;4833.8535;-2365.021;6058.146;-256.56332;-1553.6078
1993-10-07;5.681549;-9.095744;0.009794871;754.34863;1.5323563;42.41545;0.0;-7.3453654e-25;99.99998;-7.345365e-21;0.0004351138;-0.39404258;1.4901161e-05;0.31790137;0.31787157;0.0;0.0;4563.3364;5399.2866;-2980.7454;5230.891;-273.72778;-1570.0789
1993-10-08;5.668579;-7.5347695;0.009929657;754.44244;1.2197629;59.581234;0.0;-7.3453654e-25;99.99998;-7.345365e-21;0.0008523463;-0.36070403;4.4703484e-05;0.3142208;0.31418353;0.0;0.0;4533.7134;5359.57;-2841.0784;5336.2476;-250.56944;-1429.669
1993-10-09;6.520742;-7.4487815;0.009792328;754.91455;1.1404119;180.31529;0.0;-7.3453654e-25;99.99998;-7.345365e-21;0.0008523463;-0.3587473;4.4703484e-05;0.3105998;0.3105551;0.0;0.0;4380.9873;5174.629;-2686.8057;5577.5205;-249.2089;-1495.2267
1993-10-10;6.1203003;-5.9458313;0.009808858;754.2908;1.1082997;241.41565;0.0;-7.3453654e-25;99.99998;-7.345365e-21;0.27182698;-0.37604198;0.01296401;0.31997263;0.30702353;0.0;0.0;4241.517;5005.615;-2503.52;5766.224;-261.22388;-1488.0623
1993-10-11;6.089966;-3.7401836;0.010027568;754.2535;1.1399926;136.41785;0.0;-7.3453654e-25;99.99998;-7.345365e-21;0.9139985;-0.62622315;0.043794513;0.34740567;0.3036186;0.0;0.0;3678.3262;4337.208;-2202.9866;5990.3813;-435.01666;-1167.7178
1993-10-12;6.971812;-2.4181316;0.009822845;755.2644;1.0689689;129.34076;0.0;-7.3453654e-25;99.99998;-7.345365e-21;0.017225742;-0.47589278;0.0008046627;0.30103326;0.3002584;0.0;0.0;3957.38;4662.3228;-2370.7334;5929.3467;-330.58667;-1234.3
1993-10-13;6.598236;-2.300893;0.009958903;756.04486;1.0357221;63.893696;0.0;-7.3453654e-25;99.99998;-7.345365e-21;0.2826021;-0.47412235;0.012807548;0.30975044;0.2969429;0.0;0.0;3694.004;4348.3203;-2226.969;6119.333;-329.3572;-1154.5575
1993-10-14;6.525645;-5.911692;0.010238647;756.9375;1.4124142;31.419754;0.0;-7.3453654e-25;99.99998;-7.345365e-21;0.0008711955;-0.526892;4.4703484e-05;0.2937019;0.29366463;0.0;0.0;4289.794;5045.329;-2784.1123;5459.7515;-366.01443;-1257.7234
1993-10-15;7.102946;-7.2357483;0.009941101;756.9932;1.3777776;33.657898;0.0;-7.3453654e-25;99.99998;-7.345365e-21;0.0;-0.46105683;0.0;0.29040873;0.29042363;0.0;0.0;4273.508;5021.885;-2830.3406;5409.191;-320.28055;-1117.1067
1993-10-16;7.450348;-8.544891;0.009782155;758.17645;1.1250603;68.09524;0.0;-7.3453654e-25;99.99998;-7.345365e-21;0.0008523463;-0.42880142;4.4703484e-05;0.2872795;0.28723478;0.0;0.0;4216.706;4953.5874;-2731.7134;5543.615;-297.87445;-1067.2089
1993-10-17;7.670461;-7.6653037;0.010225932;759.6756;1.066624;73.66728;0.0;-7.3453654e-25;99.99998;-7.345365e-21;0.0;-0.4164744;0.0;0.2840981;0.2840981;0.0;0.0;4083.865;4796.042;-2616.525;5771.41;-289.3111;-1105.6633
1993-10-18;7.255361;-6.7982483;0.0100619;759.1145;1.1734406;49.87567;0.0;-7.3453654e-25;99.99998;-7.345365e-21;0.0;-0.38207603;0.0;0.2810061;0.28101355;0.0;0.0;4027.855;4728.8315;-2637.9727;5723.4424;-265.41556;-1135.2356
1993-10-19;6.670176;-7.396108;0.009764354;757.93646;1.4793272;32.77924;0.0;-7.3453654e-25;99.99998;-7.345365e-21;0.0004351138;-0.3476767;2.2351742e-05;0.27802587;0.2780035;0.0;0.0;4099.9443;4811.9126;-2759.31;5461.57;-241.52;-1184.0723
1993-10-20;6.860952;-5.504496;0.010096232;756.93823;1.1721739;67.687164;0.0;-7.3453654e-25;99.99998;-7.345365e-21;0.0035285947;-0.3248118;0.00014156103;0.27519464;0.27506053;0.0;0.0;3974.5227;4663.2275;-2596.8567;5623.9033;-225.63556;-1107.5967
1993-10-21;6.8080344;-7.1213074;0.009986877;756.6508;1.1354958;111.38403;0.0;-7.3453654e-25;99.99998;-7.345365e-21;0.0;-0.32732636;0.0;0.2721548;0.2721548;0.0;0.0;3966.6472;4652.53;-2603.6877;5621.048;-227.38333;-1170.2733
1993-10-22;6.5378213;-8.197124;0.010276794;757.70746;0.9716556;76.71876;0.0;-7.3453654e-25;99.99998;-7.345365e-21;0.0004351138;-0.3005499;1.4901161e-05;0.2693534;0.26933104;0.0;0.0;3620.5356;4245.2744;-2411.3127;5778.7856;-208.78223;-963.51556
1993-10-23;6.3447366;-4.3134055;0.010058085;756.0036;1.0623041;64.657005;0.0;-7.3453654e-25;99.99998;-7.345365e-21;0.011688251;-0.28689858;0.00048428774;0.2670437;0.26655942;0.0;0.0;3446.9578;4040.4922;-2206.1584;6034.508;-199.29889;-1036.5333
1993-10-24;6.48879;-5.8537292;0.009936015;754.63104;1.0465518;50.455105;0.0;-7.3453654e-25;99.99998;-7.345365e-21;0.0031143427;-0.30772388;0.00012665987;0.26395917;0.26383996;0.0;0.0;3670.5771;4301.419;-2434.8806;5811.567;-213.765;-1053.6045
1993-10-25;5.046285;-2.8898926;0.009892781;754.56885;1.0379349;57.208874;0.0;-7.3453654e-25;99.99998;-7.345365e-21;2.362229;-0.46929902;0.13817847;0.39936602;0.2611801;0.0;0.0;3340.93;3913.81;-2104.0955;5982.0156;-326.0061;-1024.1711
1993-10-26;5.1152344;-2.1508484;0.010065715;753.57074;1.1326272;245.62553;0.0;-7.3453654e-25;99.99998;-7.345365e-21;0.25020838;-0.5749948;0.01218915;0.2708435;0.25862455;0.0;0.0;3092.1023;3621.2166;-1894.7012;6096.094;-399.43;-940.5933
1993-10-27;4.2642922;-0.11306763;0.010016124;752.403;1.160004;246.84961;0.0;-7.3453654e-25;99.99998;-7.345365e-21;6.5160356;-0.6943578;0.39093196;0.6470829;0.2561584;0.0;0.0;2872.9644;3363.5967;-1430.18;6494.5244;-482.34778;-979.06775
1993-10-28;2.6427815;2.290202;-0.33055368;748.4936;0.8198506;158.01717;0.22013347;2.4994215e-05;107.55239;-7.345365e-21;12.774647;-0.69098824;0.90397894;1.1577904;0.25382638;0.012699515;0.041276217;712.6639;836.33;-290.66278;7436.5635;-479.99167;-354.7089
1993-10-29;2.051056;-2.1218364;-5.948593;751.856;1.0012536;162.90565;0.18237305;2.3206076e-05;133.38312;-7.345365e-21;0.013366279;-1.1983123;0.0013262033;0.2528429;0.2515167;0.008121133;0.0;3128.4172;3664.7212;-1902.6923;5746.7;-832.43665;-867.92334
1993-10-30;1.9253947;-1.7405396;-4.6743035;752.8999;0.950046;227.30396;0.13053386;2.3404757e-05;148.98827;0.040690105;0.38732454;-1.0604439;0.016212463;0.26538968;0.24916977;0.0060498714;0.100672245;3339.669;3909.156;-1761.2411;5919.7153;-736.6589;-941.43225
1993-10-31;0.8258464;0.59752274;-0.4469172;750.84204;0.5432925;175.33788;30.916992;0.0045613446;139.4951;31.6569;16.579151;-0.32679176;0.91837347;1.1653155;0.24694204;1.3652202;6.424431;408.7361;630.2;-48.365;7375.242;-226.86;-209.84778
1993-11-01;2.2044601;1.3233274;0.0070699058;749.0134;0.6276243;139.20436;28.127523;0.004182259;151.52733;28.076172;8.630532;-0.67753905;0.9300262;1.1748374;0.24481118;1.8822663;0.01835823;1112.9427;1592.8756;-275.27;7336.815;-470.1389;-338.52
1993-11-02;1.1005554;0.8016434;0.009994507;749.6558;0.94870967;171.23296;23.654297;0.0035471518;150.59894;23.19336;12.671789;-0.74616724;1.3190955;1.5618056;0.24271756;1.6647186;1.3150126;976.3289;1343.4512;-135.40555;7419.03;-518.0911;-439.54224
1993-11-03;-0.005686442;-3.6985283;-5.5244536;752.11444;0.9329075;141.86386;16.115316;0.0023860137;150.76268;16.113281;0.39416552;-1.1153519;0.1526326;0.39325655;0.2406165;1.0119714;0.012584031;2602.6138;3336.5767;-1604.7994;5784.818;-777.82166;-726.28
1993-11-04;0.009307861;-5.886255;-8.782482;752.79254;0.9248429;64.65972;10.61613;0.0015721321;150.88377;10.782878;0.0012904406;-1.0208217;0.08225441;0.3207624;0.23850799;0.7094536;0.0;3267.1338;4052.9443;-2241.3022;5005.0234;-709.47;-541.35443
1993-11-05;1.1780916;-5.885367;-8.071015;751.8851;0.9337128;64.3259;7.0365396;0.0010449886;150.96547;7.080078;0.0004351138;-0.74891466;0.04696846;0.2834201;0.23645163;0.4081428;0.0;2627.6821;3188.3423;-1963.0078;5294.782;-520.39;-263.29333
1993-11-06;0.71724445;-7.466478;-8.848985;750.08124;0.9833556;77.106674;4.6045737;0.0006811221;151.02277;4.638672;0.0;-1.0117171;0.038303435;0.27273595;0.23443252;0.3351513;0.0;3358.355;4015.8;-2283.5745;5007.007;-703.0133;-417.16888
1993-11-07;2.0793865;-4.2351785;-7.192819;751.5655;1.0288895;114.04127;2.7290852;0.0004020532;151.0589;2.726237;0.0;-0.941908;0.027626753;0.26008487;0.23244321;0.24409406;0.0;3158.8027;3737.54;-1965.3878;5482.55;-654.3478;-376.39334
1993-11-08;3.340454;-0.7522888;-5.7581115;751.1624;0.993963;139.11418;1.4467773;0.00021203358;151.08038;1.3834635;0.0014007092;-0.99293983;0.017672777;0.24814904;0.23049116;0.15678443;0.0;3204.3406;3764.7478;-1853.9133;5759.673;-689.725;-430.4289
1993-11-09;3.0678813;1.3463339;-1.2207184;747.96466;1.1171058;247.30788;0.724528;0.000106136;151.09373;0.9765625;6.8019924;-0.8780723;0.71296096;0.9415597;0.22859126;0.080047175;0.0;2263.1982;2648.2444;-839.07;6916.576;-609.93555;-522.3933
1993-11-10;-0.19363403;-0.44826254;-0.11242294;741.58307;1.037433;205.99554;32.586914;0.006314238;142.27863;43.13151;39.784336;-0.60518926;1.9320399;2.1588504;0.22680312;0.28379077;23.81949;622.6028;752.04114;-58.837223;7358.122;-423.84668;-372.56668
1993-11-11;-1.8304342;-2.1466572;-0.26205444;740.09174;0.8798952;179.26299;100.0;0.043271262;141.5309;299.96744;33.670536;-0.12693182;0.27289987;0.497967;0.22506714;0.5374029;30.875565;317.43277;1300.1622;-214.86778;6945.669;-97.97667;-141.74
1993-11-12;-4.5865417;-5.6858788;-1.697286;741.69586;1.0795652;190.9391;100.0;0.06698966;150.56964;442.70834;16.750652;-0.23591146;0.012993813;0.23639202;0.22338331;0.032726675;16.11814;535.01776;2102.311;-606.365;6280.683;-182.0711;-195.80667
1993-11-13;-11.007785;-13.990169;-9.918775;740.9239;1.2275144;150.47676;100.0;0.07648623;151.32355;505.04556;1.7151415;-0.16126223;0.0;0.22172928;0.22174418;0.0;1.7067864;843.2206;3365.369;-1269.86;4782.283;-122.29222;-159.34334
1993-11-14;-12.643176;-19.4354;-19.03776;746.00885;1.1530386;56.783733;100.0;0.07704993;152.4518;505.6559;0.0063300133;-0.033647753;0.0;0.22014976;0.22014976;0.0;0.0028982759;996.4633;3903.5178;-1191.2533;4104.363;-22.428888;-7.7644444
1993-11-15;-8.7212515;-13.158971;-13.122696;744.0363;0.8102064;56.87172;100.0;0.078695975;152.14452;516.805;3.9026737;-0.028150156;0.0;0.21861494;0.21862239;0.0;3.8963408;615.6628;2362.0823;-225.00389;5827.218;-19.323334;-38.73
1993-11-16;-8.287049;-12.169365;-12.912814;747.1423;1.1585332;41.052773;100.0;0.08099425;152.64516;531.00586;0.0076144934;-0.033276156;0.0;0.21712482;0.21712482;0.0;0.0076256692;947.125;3699.1921;-1362.6566;4451.256;-21.289444;-24.714445
1993-11-17;-6.2929015;-13.74462;-15.903938;748.4675;0.9804749;192.47713;100.0;0.08101896;155.34015;521.7692;0.0012869632;-0.03190618;0.0;0.2156645;0.2156645;0.0;0.0;985.26166;3746.58;-1065.375;4587.1304;-20.22889;54.43222
1993-11-18;-4.4020386;-10.512935;-11.283;748.4626;0.54338616;267.126;100.0;0.082056604;157.37987;521.24023;1.8702227;-0.028132461;0.0;0.2142489;0.2142489;0.0;1.7292128;562.4711;2100.1145;-296.73056;5902.3022;-19.426666;-0.10222222
1993-11-19;-4.20064;-8.3041;-9.793213;750.46967;0.83192223;143.57799;100.0;0.082930885;160.56703;516.72363;0.01603961;-0.030015595;0.0;0.21286309;0.21286309;0.0;0.014692545;904.6372;3362.9712;-1094.8134;5083.4023;-19.09111;-11.444445
1993-11-20;-6.4303;-13.403226;-12.355464;752.991;1.2657329;32.794235;100.0;0.082951985;164.03612;505.7373;0.0018954277;-0.051112846;0.0;0.21149218;0.21150708;0.0;0.0010430813;998.6761;3625.3079;-1180.4133;4735.993;-34.634445;26.902222
1993-11-21;-4.6423554;-14.078496;-11.795951;754.1462;1.3253897;23.386023;100.0;0.082954645;167.06639;496.50064;0.0004351138;-0.06339885;0.0;0.21016598;0.21016598;0.0;0.0;874.86725;3104.2844;-1010.7389;5031.021;-44.533333;65.75667
1993-11-22;-5.1003013;-14.593997;-13.11972;752.62225;1.371028;19.572634;100.0;0.082956314;169.96776;488.19986;0.00086128706;-0.054899603;0.0;0.20885468;0.20885468;0.0;0.0;1035.8123;3585.7478;-1251.6244;4615.882;-37.74222;83.833336
1993-11-23;-2.8611538;-9.788715;-8.895858;749.88745;0.7365541;185.29138;100.0;0.084249936;172.03676;489.21713;5.509394;-0.05046744;0.002413988;0.21000206;0.20758808;0.0;3.8921013;665.08;2255.67;-157.155;6309.5757;-36.3;21.316668
1993-11-24;-1.4093857;-2.8697674;-0.5008189;748.6606;0.5461968;180.2582;100.0;0.09878381;173.50356;566.89453;25.568607;-0.11903979;0.44474006;0.65107644;0.20634383;0.2895016;18.657751;356.12112;1296.8055;-296.6711;6842.806;-91.58222;-73.043335
1993-11-25;-2.3838665;-4.2270455;-0.75247574;750.14105;0.7692721;124.08866;100.0;0.11805717;170.95636;690.3076;6.6568017;-0.15189871;0.013113022;0.2182424;0.20512193;0.07686764;5.962763;605.3811;2343.9443;-833.4155;6109.3687;-115.26111;-91.11889
1993-11-26;-2.5986404;-3.9278004;-1.512221;749.5464;0.64062405;116.52957;100.0;0.12094641;179.77635;673.70605;2.8998373;-0.14931244;0.0068172812;0.21073222;0.20392239;0.033069402;2.286613;636.8983;2160.1921;-596.1678;6386.43;-113.56389;-99.84889
1993-11-27;-4.1010947;-5.186297;-2.2948482;745.347;0.98371625;122.80535;100.0;0.12784843;183.30858;696.2077;20.714193;-0.20037405;0.012144446;0.21490455;0.2027452;0.0;19.83879;713.20886;2226.4468;-626.4017;6273.5566;-153.86278;-156.8811
1993-11-28;-10.30589;-12.786811;-7.544622;743.2741;1.116796;131.22905;100.0;0.1454715;174.99022;831.99054;3.0462697;-0.1330981;0.0;0.20158291;0.20159036;0.0;3.0406826;716.2789;2959.281;-1484.2844;4622.419;-100.833336;-130.63222
1993-11-29;-11.820256;-16.798193;-15.083416;749.6451;1.1998627;33.174732;100.0;0.14589886;179.22296;814.9821;0.0050511053;-0.02732221;0.0;0.20048022;0.20046532;0.0;0.0033415854;810.38336;3269.8345;-1285.7894;4255.091;-18.04889;-23.437778
1993-11-30;-9.08145;-17.893179;-17.305084;749.55023;0.8646082;190.17102;100.0;0.14591663;182.22198;801.59503;0.0012218952;-0.013194047;0.0;0.19937754;0.19935519;0.0;0.0012218952;662.0417;2604.7922;-550.9328;5030.513;-8.087222;46.636665
1993-12-01;-4.8147483;-9.281275;-11.431801;748.0478;0.42620406;274.27036;100.0;0.14660616;184.85968;793.66046;1.4199904;-0.0013643876;0.0;0.19827485;0.19827485;0.0;1.4066994;527.76;2032.3955;15.092222;6329.987;0.8811111;-22.026667
1993-12-02;-3.3645833;-4.994934;-6.7875366;747.7165;0.6234884;150.9448;100.0;0.14823861;188.55402;786.9466;0.76815784;-0.019119121;0.0;0.19720197;0.19720942;0.0;0.7666573;640.26166;2461.2622;-612.9178;5963.362;-11.636111;-42.036667
1993-12-03;-5.8879447;-9.20518;-9.578349;747.16504;0.9831379;45.023426;100.0;0.14834245;193.96645;765.8284;0.005006789;-0.018205494;0.0;0.19615889;0.19614398;0.0;0.0032410026;840.8872;3158.4766;-1159.7805;4925.677;-10.448889;-12.484445
1993-12-04;-7.521909;-10.985989;-11.351596;744.48047;0.8982;209.95409;100.0;0.14837165;198.14093;749.34894;0.0092715025;-0.021848828;0.0;0.1951158;0.1951158;0.0;0.008840114;813.8555;2979.8755;-1145.4889;4818.3857;-13.591111;-15.926666
1993-12-05;-8.37481;-11.9329;-13.5578375;745.8708;1.0553571;118.50653;100.0;0.14842443;201.4658;737.5081;0.04827082;0.0075027347;0.0;0.19410253;0.19409508;0.0;0.04306063;744.5089;2660.0344;-1066.0745;4722.39;8.083333;28.17
1993-12-06;-7.809145;-16.451796;-15.481137;750.34186;1.0294708;183.89726;100.0;0.14847255;204.19366;727.8239;0.0026077032;-0.02906099;0.0;0.19308925;0.19308925;0.0;0.0017508864;923.60834;3224.1245;-1169.6578;4447.9956;-19.078888;57.056667
1993-12-07;-4.4541373;-10.99334;-12.504651;749.6299;0.79394007;89.565056;100.0;0.15171953;203.57062;743.8558;14.384061;-0.018339604;0.0;0.19212067;0.19211322;0.0;13.590369;628.9722;2151.4133;-33.676666;6181.941;-12.031111;23.643333
1993-12-08;-4.6706414;-6.9509597;-7.048382;748.27606;1.0213966;28.805588;100.0;0.16897452;192.64418;877.31934;5.2539053;-0.026930124;0.0;0.1911521;0.19114465;0.0;5.110163;399.91388;1684.2722;-514.6778;5990.94;-18.92;-13.033334
1993-12-09;-6.4066887;-8.045289;-7.893738;749.1707;0.78054756;171.48773;100.0;0.17001879;197.83202;860.0667;1.1432081;-0.04149601;0.0;0.19019842;0.19018352;0.0;1.1386163;601.5089;2441.8132;-382.50168;6073.52;-29.664444;-92.545555
1993-12-10;-4.737386;-5.8554854;-5.926449;749.9646;0.69591206;225.0276;100.0;0.17158926;202.10707;849.9756;0.6402284;-0.03151223;0.0;0.18924475;0.18924475;0.0;0.613831;521.9561;2097.09;-506.9572;6124.011;-21.984444;-57.06333
1993-12-11;-7.0753846;-8.925517;-7.2071495;749.9598;1.027182;86.029686;100.0;0.17175527;207.89354;827.02637;0.103142485;-0.054607168;0.0;0.18830597;0.18831342;0.0;0.09126216;671.8356;2627.689;-862.3822;5526.5186;-39.467777;-85.566666
1993-12-12;-6.7343507;-16.120327;-11.095989;750.71014;1.1353217;89.91442;100.0;0.1717873;212.44562;809.1634;0.0045776363;-0.08209143;0.0;0.187397;0.187397;0.0;0.002849847;832.2267;3178.7578;-1454.9366;4399.445;-60.124443;16.372223
1993-12-13;-4.731186;-16.717615;-14.086358;747.8296;0.6342843;185.73555;100.0;0.17204134;215.10414;799.7233;1.6634971;-0.035472214;0.0;0.18648803;0.18648803;0.0;1.654163;815.9805;3039.9966;-610.7733;5263.3354;-24.945555;52.366665
1993-12-14;-3.872893;-5.394821;-7.785311;749.03314;0.86055654;34.176292;100.0;0.18354125;206.84471;885.86426;18.216785;0.018958002;0.0;0.18560886;0.18560141;0.0;16.703382;236.20667;941.1633;11.42;6633.2266;15.27;12.115556
1993-12-15;-3.555013;-6.4624085;-7.2943854;750.9897;1.2248334;18.392427;100.0;0.19232984;206.39223;933.43097;0.005418062;-0.002240762;0.0;0.1847446;0.1847297;0.0;0.0036135316;678.7711;2820.4812;-1090.0645;5233.6377;1.9177778;15.24
1993-12-16;-5.3203964;-10.86668;-10.435139;752.39996;1.3231027;9.499232;100.0;0.19236696;211.68227;910.4411;0.00322341;-0.014638528;0.0;0.18385053;0.18385798;0.0;0.0006444752;758.8406;3046.0767;-1191.0261;4805.3687;-7.6716666;47.765556
1993-12-17;-1.816213;-12.422497;-11.310909;752.52423;0.9402049;167.83733;100.0;0.19242847;215.74933;893.14777;0.10818243;-0.032002106;0.0;0.18298626;0.18299371;0.0;0.0;719.8289;2816.081;-751.3161;5345.4873;-21.55889;79.40444
1993-12-18;-2.9260051;-10.821357;-12.105446;751.95;0.731353;305.73697;100.0;0.19251116;219.5589;877.72626;0.0017213342;-0.0057090074;0.0;0.1821518;0.18214434;0.0;0.0;800.83777;3055.4468;-1319.9656;4519.979;-1.6211112;71.16111
1993-12-19;-5.5351944;-12.748329;-14.833388;751.58057;0.96147233;245.41307;100.0;0.19254462;222.61229;866.4958;0.0012844794;0.004624948;0.0;0.18130988;0.18130988;0.0;0.0;841.0511;3129.4377;-1328.0355;4276.914;6.1044445;93.37444
1993-12-20;-6.555031;-16.977505;-16.915922;751.5627;1.1880422;96.74384;100.0;0.19257398;225.0257;857.137;0.0;-0.008021481;0.0;0.18048286;0.18048286;0.0;0.0;871.5467;3168.8345;-1213.1884;4244.449;-3.741111;126.708885
1993-12-21;-3.710551;-15.332809;-14.350365;751.1585;0.72580314;270.72952;100.0;0.19265544;227.34145;848.6328;0.13700128;-0.029312447;0.0;0.1796782;0.17967075;0.0;0.03734976;701.96387;2492.0754;-286.27222;5730.798;-20.445555;56.25778
1993-12-22;-3.4190648;-5.1138725;-9.025977;751.50464;0.82489246;330.4095;100.0;0.19290431;230.5716;837.76855;0.35748482;0.024085864;0.0;0.17885864;0.17887354;0.0;0.019714236;547.2539;1897.8911;-204.85611;6313.2188;20.593334;-4.152222
1993-12-23;-2.9120991;-4.391337;-6.6384215;751.2248;0.89739984;241.51135;100.0;0.19321017;234.8587;823.68976;0.076040626;0.0025909394;0.0;0.17806888;0.17807633;0.0;0.044688582;792.3772;2689.729;-829.22943;5710.279;5.2433333;-21.528889
1993-12-24;-3.8461711;-6.3419495;-7.0058846;751.43774;1.003138;171.02132;100.0;0.19326119;239.18065;809.1634;0.019186735;-0.022822991;0.0;0.17726421;0.17728657;0.0;0.013034791;843.32666;2797.2278;-1006.57446;5433.1924;-14.212222;-17.304445
1993-12-25;-4.1246743;-5.870687;-7.544739;753.31085;0.89175135;212.10197;100.0;0.19329758;243.03871;796.7122;0.0023245811;-0.010672957;0.0;0.17648935;0.17650425;0.0;0.0023320317;877.5983;2844.3057;-792.75775;5652.4404;-5.0244446;-30.882223
1993-12-26;-2.5649517;-6.000173;-5.868571;756.1103;0.9093949;163.00743;100.0;0.19330697;246.94984;784.0983;0.03607571;-0.059971586;0.0;0.1757294;0.17572194;0.0;0.032726675;844.7244;2677.6433;-628.68164;6059.97;-43.163334;-53.024445
1993-12-27;-2.2167969;-6.0641885;-4.7781067;752.6021;0.7379777;184.16435;100.0;0.1948481;249.70929;781.2907;3.479737;-0.038586557;0.0;0.17496943;0.17496943;0.0;3.2049866;551.5267;1716.2211;-665.24335;6022.0913;-27.925556;3.3844445
1993-12-28;-3.8812664;-5.177002;-5.2381897;750.0645;0.96404964;176.00935;100.0;0.19680834;251.97752;782.8369;0.019931793;-0.02921652;0.0;0.17420948;0.17420948;0.0;0.013601035;783.85724;2585.58;-798.3861;5844.709;-19.737778;-57.883335
1993-12-29;-3.2408752;-7.15328;-5.931768;750.8201;0.93213606;79.96423;100.0;0.19681346;255.94727;770.6706;0.00359416;-0.058384612;0.0;0.17346442;0.17346442;0.0;0.0023245811;820.85114;2644.5732;-1086.8733;5414.824;-41.987778;-24.97
1993-12-30;-3.380066;-7.247888;-8.137792;751.8455;0.9358873;139.14153;100.0;0.1968313;259.2269;760.7422;0.006697446;-0.013224781;0.0;0.17271936;0.17271936;0.0;0.004120171;965.0561;3041.3179;-1236.3839;5010.572;-6.8555555;21.174444
1993-12-31;-3.5876567;-7.761963;-7.4865875;752.148;0.85025525;89.99561;100.0;0.19697249;261.93262;753.1331;1.3813078;-0.048216432;0.0;0.1719892;0.1719892;0.0;1.2112707;886.08386;2735.9233;-684.9683;5832.6313;-33.86222;-16.712223
1994-01-01;-1.3075052;-2.9440613;-4.127706;749.3962;0.49412844;87.37585;100.0;0.20115356;259.51465;775.8382;7.90664;-0.008416362;0.011116266;0.18239021;0.1712665;0.0;6.658342;429.12445;1399.5956;-104.113335;6831.06;-4.996111;-17.937778
1994-01-02;-1.1813049;-1.5532837;-1.1315218;744.937;0.56134635;173.52797;100.0;0.2228384;243.27406;916.5039;28.609476;-0.02982188;0.09343028;0.26398897;0.17055869;0.11091307;23.852192;122.388885;490.96667;13.967778;7170.019;-23.04;-41.47222
1994-01-03;-2.6063335;-3.6505024;-0.9420726;746.37933;0.5412611;194.4392;100.0;0.2345738;241.4964;973.9583;0.45776367;-0.17641577;0.007353723;0.17721951;0.16985834;0.06579235;0.41663274;702.07666;2472.2744;-828.52277;6140.42;-134.62555;-127.575554
1994-01-04;-4.1479797;-4.994007;-2.1800473;743.9743;0.81516045;103.59165;100.0;0.2377135;245.35121;970.3776;4.5774727;-0.13656634;0.0;0.16915798;0.16915798;0.0;4.270114;632.70557;2093.0234;-815.76166;5997.358;-104.67333;-124.39333
1994-01-05;-4.644371;-6.334366;-4.002468;745.45807;0.7647597;169.15724;100.0;0.23942785;249.6432;961.1003;0.3022969;-0.15540513;0.0;0.16845763;0.16845763;0.0;0.23534521;816.5611;2665.2534;-856.4106;5841.0547;-118.11444;-130.80888
1994-01-06;-6.3727264;-11.411988;-6.5745544;748.58746;1.0353987;61.868134;100.0;0.23946567;254.51788;942.7083;0.005459785;-0.13492629;0.0;0.16775727;0.16777217;0.0;0.0028833747;948.7917;3034.561;-1449.9795;4805.5776;-101.543335;-90.092224
1994-01-07;-6.664341;-16.352585;-9.848685;750.8491;1.3049301;18.070108;100.0;0.23942327;258.06607;929.5247;0.00086128706;-0.08063018;0.0;0.16708672;0.16708672;0.0;0.0;993.6445;3110.2322;-1495.4639;4537.62;-58.49222;39.515556
1994-01-08;-7.986239;-16.549648;-12.756879;752.3337;1.6781012;15.175279;100.0;0.23941214;260.7357;919.4743;0.00043885922;-0.04455261;0.0;0.16641617;0.16640872;0.0;0.0;1103.0677;3382.26;-1631.8345;4118.086;-30.79889;88.702225
1994-01-09;-6.6697364;-16.650003;-14.077;753.73364;1.6636132;15.3184;100.0;0.23941572;262.88867;912.06866;0.0017166131;-0.041255727;0.0;0.16574562;0.16573817;0.0;0.0;1117.4711;3358.7578;-1422.8284;4326.4263;-28.374445;113.458885
1994-01-10;-6.5944304;-16.823576;-14.60479;752.1213;1.1991636;35.70319;100.0;0.23942323;264.8558;905.63965;0.0;-0.034579076;0.0;0.16507506;0.16508251;0.0;0.0;1162.0033;3425.3179;-1473.2444;4222.7344;-23.332777;87.52
1994-01-11;-5.480806;-18.231527;-14.751416;748.94037;0.930569;192.23834;100.0;0.23942594;266.6898;899.2513;0.0023782253;-0.041769817;0.0;0.16441941;0.16442686;0.0;0.00032410026;1006.3439;2909.1155;-961.8972;4842.7534;-29.735;75.65889
1994-01-12;-5.5486045;-15.08316;-12.768552;749.0778;0.95056146;171.94128;100.0;0.23941858;268.66568;892.3747;0.0022798777;-0.05099736;0.0;0.16377866;0.16377866;0.0;0.0022873282;1145.425;3251.5188;-1221.8464;4746.701;-36.09611;32.90222
1994-01-13;-6.438389;-13.488278;-12.887935;751.3521;1.222233;21.98732;100.0;0.23942852;270.7067;885.49805;0.0013411036;-0.027647242;0.0;0.16313791;0.16313791;0.0;5.2154064e-05;1222.6644;3407.1912;-1358.0044;4552.956;-17.777779;48.35889
1994-01-14;-3.3652737;-14.406146;-12.567707;749.85284;1.0249134;116.92655;100.0;0.23951475;272.62402;879.39453;0.82809013;-0.04803203;0.0;0.16249716;0.16249716;0.0;0.5037859;1274.7184;3488.949;-1273.5786;4690.46;-33.60889;72.22667
1994-01-15;-4.7863975;-7.0315146;-9.288089;742.92084;0.45563975;78.25469;100.0;0.25557542;249.58952;1024.292;31.970222;0.0106059015;0.0;0.16187131;0.16187876;0.0;31.07726;313.74112;1162.8922;157.88306;6689.9746;8.944445;-7.311111
1994-01-16;-4.9990845;-5.8832703;-6.5649467;739.78986;0.6461709;199.60986;100.0;0.27756515;225.38441;1232.1777;5.4006805;-0.023627654;0.0;0.16126037;0.16126037;0.0;5.383931;598.20776;2569.31;-437.1311;6173.3276;-15.69;-77.30889
1994-01-17;-5.8294983;-7.389141;-6.707911;748.87006;0.8442381;175.88623;100.0;0.27911505;230.77277;1211.0596;0.346323;-0.030860305;0.0;0.16064942;0.16064197;0.0;0.34190714;645.4961;2709.6777;-947.75555;5470.562;-20.957777;-69.59778
1994-01-18;-7.1944237;-14.221576;-10.555661;753.6577;1.2675339;14.831979;100.0;0.279196;236.29979;1182.902;0.0008523463;-0.05360134;0.0;0.16002357;0.16002357;0.0;0.0;890.76666;3633.551;-1476.5344;4403.1357;-36.921112;24.43111
1994-01-19;-5.869204;-14.572548;-12.831498;750.722;0.87833184;185.59271;100.0;0.27920458;240.2975;1163.208;0.0;-0.04014373;0.0;0.15941262;0.15941262;0.0;0.0;916.1667;3639.5945;-1223.7533;4589.7476;-26.893333;39.046665
1994-01-20;-6.512835;-10.115844;-13.183388;744.68195;0.72966427;263.91574;100.0;0.27942184;243.42479;1148.7631;0.79402477;0.01134444;0.0;0.15881658;0.15881658;0.0;0.7895417;744.72833;2887.3733;-570.93445;5411.5522;11.195556;-13.821111
1994-01-21;-7.2255974;-11.5363;-11.86056;745.6945;0.7797832;137.56514;100.0;0.2801899;245.85707;1140.5844;0.41851646;-0.03283471;0.0;0.15822053;0.15821308;0.0;0.41517615;912.0861;3489.3354;-952.8431;5026.701;-21.747778;-46.523335
1994-01-22;-6.65719;-7.8109818;-10.286241;742.4802;0.6907914;183.04173;100.0;0.28369868;244.48012;1160.0748;6.4627557;0.0020517036;0.0;0.15762448;0.15763193;0.0;6.4567623;470.06668;1796.6978;-107.07333;6265.833;2.9494445;-46.585556
1994-01-23;-7.2927933;-10.674262;-9.847499;743.3239;1.4629782;26.938414;100.0;0.28711745;244.13573;1177.2054;0.028775848;-0.037579797;0.0;0.15704334;0.15704334;0.0;0.026576221;903.5356;3570.74;-1341.1862;4714.1045;-24.981112;-22.816668
1994-01-24;-8.222668;-15.377559;-13.298171;743.94403;1.0165266;134.4257;100.0;0.28714177;247.92577;1159.1797;0.0;-0.03963057;0.0;0.15646219;0.15646219;0.0;0.0;1010.7461;3885.7979;-1568.7933;4085.0752;-26.423334;16.79
1994-01-25;-9.542241;-16.172415;-15.664882;741.5368;0.9195469;135.7975;100.0;0.287155;250.75616;1145.7926;0.0017268731;-0.026654452;0.0;0.15588105;0.15588105;0.0;0.0;1035.3239;3881.8022;-1381.3794;4148.4604;-17.095556;-0.5911111
1994-01-26;-10.494466;-12.862233;-15.982521;742.5594;0.87552476;268.3879;100.0;0.2872213;253.09569;1135.3353;0.13128519;0.010326505;0.0;0.1552999;0.1553148;0.0;0.1282841;855.73834;3133.1577;-757.855;4920.517;10.217778;-27.668888
1994-01-27;-9.492401;-13.411517;-14.506015;748.8099;1.0224782;110.70519;100.0;0.2873999;255.24542;1126.831;0.06707013;-0.015340745;0.0;0.15473366;0.15474856;0.0;0.060781837;982.5367;3526.8132;-1026.6489;4773.344;-8.537778;-31.381111
1994-01-28;-7.547291;-12.556293;-14.289891;749.5967;0.7022572;181.07806;100.0;0.28747416;257.73926;1115.8854;0.4248023;-0.020666048;0.0;0.15416741;0.15419722;0.0;0.41872263;1026.0255;3595.61;-853.4778;4980.193;-12.61;-28.645555
1994-01-29;-7.02181;-8.362427;-11.859008;744.321;0.38953233;207.33545;100.0;0.30328885;234.80695;1293.0094;27.757215;0.016232952;0.0;0.15364587;0.15363097;0.0;27.753223;199.85;787.7111;196.61111;6447.238;12.786667;4.7766666
1994-01-30;-4.914795;-5.818888;-7.979075;745.66284;0.95165163;209.40639;100.0;0.3172753;222.86163;1425.0488;1.7561594;-0.007898547;0.0;0.15309453;0.15308708;0.0;1.7298982;537.61224;2287.4233;-56.470554;6577.9077;-3.8211112;-69.05222
1994-01-31;-4.020864;-5.2295327;-5.526774;740.9899;0.94326085;175.97209;100.0;0.3238419;226.37367;1428.5889;24.693653;-0.05763769;0.0;0.15252829;0.15254319;0.0;23.818419;722.74;3008.77;-382.5311;6371.9126;-40.941113;-106.437775
1994-02-01;-7.545614;-8.962494;-5.528496;738.5315;1.514016;209.08203;100.0;0.34557846;220.85707;1565.7145;5.2565484;-0.17113239;0.0;0.15200675;0.1519993;0.0;5.229566;736.075;3174.7988;-667.8089;5869.3438;-130.48666;-248.34555
1994-02-02;-10.961208;-13.394366;-8.970188;742.0827;1.0532204;213.93597;100.0;0.35004303;225.35121;1554.4027;1.9315839;-0.10920316;0.0;0.1514554;0.15144795;0.0;1.9230618;889.8361;3788.5933;-1313.3656;4720.5024;-81.664444;-155.98
1994-02-03;-12.157242;-18.703392;-12.721616;745.3454;0.7717373;108.28369;100.0;0.35092425;229.88182;1527.8727;0.09275705;-0.07934123;0.0;0.15091896;0.15091151;0.0;0.091038644;1016.7978;4226.987;-1549.6812;4125.3174;-57.435555;-126.26444
1994-02-04;-8.823026;-20.143503;-16.32903;745.74243;0.80537814;178.658;100.0;0.35091946;234.2145;1499.0641;0.0004351138;-0.060465187;0.0;0.15036762;0.15037507;0.0;0.0;1083.7095;4384.277;-1489.4055;3951.3389;-42.31;10.451111
1994-02-05;-9.245982;-18.83719;-17.992086;743.4856;1.0055994;85.99903;100.0;0.35092333;237.56866;1478.1494;0.0012939689;-0.0373628;0.0;0.14984608;0.14984608;0.0;0.0;1116.4523;4400.4087;-1338.5044;4040.371;-24.961111;23.06
1994-02-06;-8.835411;-16.937363;-17.898819;746.23926;1.1423312;175.47887;100.0;0.35094237;240.59015;1460.0424;0.00086763664;-0.02843421;0.0;0.14932454;0.14931709;0.0;0.0;1140.5723;4381.8223;-1209.4972;4267.3228;-17.795555;37.453335
1994-02-07;-7.236571;-15.352042;-17.648636;747.2027;0.9407304;126.27686;100.0;0.35097048;243.55824;1442.2607;0.0025957823;-0.023874454;0.0;0.1487881;0.14879555;0.0;0.0013411045;1197.6389;4488.6177;-1226.1873;4264.6;-14.18;45.497776
1994-02-08;-7.641195;-10.211183;-14.449437;741.55475;0.7721301;228.59645;100.0;0.35504875;242.05206;1466.5934;7.559127;0.029847957;0.0;0.14828146;0.14828146;0.0;7.5561705;529.9072;2006.2844;115.183334;6221.9033;24.346111;-17.56
1994-02-09;-6.697071;-7.898313;-10.040639;742.4871;0.74502987;217.64856;100.0;0.35938516;242.138;1485.4736;1.4550524;-0.030517578;0.0;0.14777482;0.14777482;0.0;1.4486425;811.8811;3207.1245;-312.2972;6098.4;-20.472778;-113.077774
1994-02-10;-8.299661;-9.9561615;-8.918953;744.1882;0.83861667;120.197075;100.0;0.3603269;246.99347;1460.2457;0.30810535;-0.07155817;0.0;0.14726818;0.14726073;0.0;0.305973;934.82275;3644.46;-833.6289;5454.528;-51.791668;-146.53444
1994-02-11;-7.151014;-9.781998;-8.17796;739.5491;0.59587705;199.78151;100.0;0.36656678;245.64711;1491.6586;12.228963;-0.060491264;0.0;0.14676154;0.14676154;0.0;12.221336;535.0972;2099.0066;-267.63666;6215.338;-45.15222;-95.44556
1994-02-12;-6.21817;-7.4137177;-7.013517;738.65356;1.0142823;226.74959;100.0;0.3740243;244.64679;1529.9479;3.2727242;-0.07668603;0.0;0.1462698;0.1462698;0.0;3.265336;619.9672;2553.101;-209.51334;6405.7056;-57.203888;-143.98445
1994-02-13;-6.486674;-7.4144325;-5.8134766;739.2608;1.0557536;210.05522;100.0;0.3857497;241.25714;1597.6156;16.42183;-0.09567849;0.0;0.14577806;0.14577061;0.0;16.41424;489.8261;2074.6367;-245.42612;6411.6533;-72.79667;-174.92334
1994-02-14;-6.7194657;-7.846897;-5.9273353;741.90436;0.96291775;212.62578;100.0;0.39489833;241.41534;1636.9222;3.8155794;-0.09117648;0.0;0.14528632;0.14527887;0.0;3.812421;827.94055;3531.0977;-683.6039;5898.6973;-67.06555;-184.65445
1994-02-15;-6.522142;-8.09809;-6.1766295;743.8381;0.88588804;195.05894;100.0;0.3976611;246.985;1610.7992;3.8393712;-0.14872196;0.0;0.14477968;0.14477968;0.0;3.830731;865.2833;3626.0244;-538.67944;6051.7354;-111.75667;-203.74222
1994-02-16;-6.4152436;-8.377117;-5.88827;742.82904;0.740489;143.64832;100.0;0.40829062;245.138;1664.6729;14.428693;-0.09844266;0.0;0.14428794;0.1442954;0.0;14.41529;592.4217;2502.6833;-569.38165;6002.6562;-74.25056;-149.82
1994-02-17;-7.944673;-11.569778;-7.9466004;746.86163;1.4917032;35.55788;100.0;0.41520965;247.31541;1680.3793;0.42197704;-0.10623224;0.0;0.1437962;0.1438111;0.0;0.41654706;1022.50775;4352.2275;-1406.6611;4788.6655;-77.24555;-97.80222
1994-02-18;-8.183761;-13.435581;-11.135986;751.6545;1.6447042;25.140524;100.0;0.41531003;253.29198;1641.2354;0.006905198;-0.06945804;0.0;0.14331937;0.14331937;0.0;0.0051893294;1204.9784;4978.1323;-1609.6973;4263.38;-47.743332;-54.537777
1994-02-19;-8.012925;-17.347376;-13.873549;751.82025;1.5153316;17.667738;100.0;0.41531968;257.73306;1612.4268;0.0;-0.07837638;0.0;0.14281273;0.14282763;0.0;0.0;1297.5577;5217.1406;-1775.935;3851.0046;-54.22889;23.36111
1994-02-20;-5.420443;-22.000738;-15.965386;750.1392;0.9977889;210.82611;100.0;0.41531658;261.15982;1591.3086;0.0008523463;-0.091299415;0.0;0.14233589;0.14234334;0.0;0.0;1345.3683;5269.771;-1608.6938;3920.826;-64.545555;59.795555
1994-02-21;-4.729954;-23.585657;-16.032469;746.1547;0.7404235;217.4945;100.0;0.41529766;264.15756;1573.2828;0.0133451875;-0.10353699;0.0;0.14185905;0.1418516;0.0;0.010855496;1373.9388;5246.9604;-1164.1139;4508.6777;-74.21667;12.174444
1994-02-22;-6.873739;-14.861928;-13.038711;741.55023;0.7493332;187.51503;100.0;0.41547897;267.18945;1556.3965;0.1901096;-0.07750653;0.0;0.14138222;0.14138222;0.0;0.187587;1207.025;4514.427;-814.92474;5267.9287;-54.857777;-111.67333
1994-02-23;-7.4991965;-10.976338;-11.983785;741.9951;0.8958783;74.44812;100.0;0.41552997;270.83398;1535.5631;0.055980682;-0.059716403;0.0;0.14090538;0.14090538;0.0;0.053048134;1170.7522;4273.7417;-1018.3933;5037.8667;-41.827778;-90.43667
1994-02-24;-7.15801;-10.000501;-11.511566;745.38165;0.81050307;185.38408;100.0;0.41558573;274.49902;1515.0553;0.040763617;-0.05320646;0.0;0.14042854;0.14044344;0.0;0.036798418;1331.9911;4753.126;-1154.4338;4915.64;-36.176666;-114.73333
1994-02-25;-6.850554;-8.316897;-9.597356;748.0511;0.89765835;209.76678;100.0;0.41593254;277.91602;1497.3551;1.2874305;-0.09566452;0.0;0.13997406;0.13997406;0.0;1.2795105;1165.0967;4074.9712;-510.25778;5942.1177;-70.365555;-166.82889
1994-02-26;-4.864939;-5.583697;-6.688009;747.8024;1.0456271;211.15837;100.0;0.42222384;275.5078;1532.0231;10.653993;-0.052055344;0.0;0.13951957;0.13951957;0.0;10.501791;561.2328;2086.6206;25.845;6793.3984;-38.78;-128.88222
1994-02-27;-2.8684895;-5.3783264;-4.5179124;745.8775;0.98115796;137.35445;100.0;0.42982468;274.6227;1566.2842;2.4780314;-0.14745444;0.0;0.13907254;0.13907254;0.0;2.2824965;957.5933;3852.8433;-722.1211;6064.6245;-109.53445;-148.81667
1994-02-28;-3.4582417;-6.3542304;-4.63347;746.18;1.2807829;38.058903;100.0;0.4338392;277.95605;1562.0524;3.7056952;-0.14408864;0.0;0.1386106;0.1386106;0.0;3.1921415;922.7239;3727.656;-859.1261;5823.251;-106.715;-110.486664
1994-03-01;-2.1744792;-7.6981063;-5.8164444;750.62445;1.1032603;59.623844;100.0;0.43459824;283.39584;1535.2377;0.0026106834;-0.11254102;0.0;0.13813376;0.13814121;0.0;0.0013262033;1422.1444;5542.3765;-1644.6666;4806.566;-78.492226;-100.02889
1994-03-02;-2.1378376;-10.409696;-7.7268677;750.7298;1.1195346;72.526985;100.0;0.43458924;288.21387;1509.318;0.0008583068;-0.12956187;0.0;0.13767183;0.13767183;0.0;0.0;1490.1956;5627.9585;-1625.5662;4668.359;-91.837776;-34.944443
1994-03-03;-2.5698955;-9.858357;-8.40565;749.60944;0.9055335;167.67935;100.0;0.43457463;292.27475;1488.5254;0.013178587;-0.12588128;0.0;0.13720989;0.13721734;0.0;0.01116842;1497.545;5508.2676;-1354.8239;4966.769;-89.291115;-73.52889
1994-03-04;-3.0171406;-5.2046814;-6.78891;748.73456;0.65721923;263.28247;100.0;0.43468037;296.1748;1469.1569;0.25612712;-0.15049614;0.0;0.13676286;0.1367554;0.0;0.23889542;1245.1178;4466.9336;-627.68805;6058.2793;-111.33444;-153.63222
1994-03-05;-2.6070964;-4.750254;-5.1490273;747.6704;0.708358;163.9367;100.0;0.43611374;299.04752;1459.8389;2.1193922;-0.16296563;0.0;0.13631582;0.13630837;0.0;1.9998066;1111.412;3990.559;-891.11584;5836.458;-121.64833;-130.79556
1994-03-06;-3.3180237;-5.535868;-5.1165223;740.5572;0.7050372;175.123;100.0;0.44498622;295.38867;1505.7373;25.034204;-0.063794665;0.0;0.13586879;0.13587624;0.0;23.565248;551.1064;1965.1975;-380.86417;6336.3833;-47.704445;-54.065556
1994-03-07;-5.3647866;-6.5655923;-4.6544013;737.5224;1.1127336;180.10286;100.0;0.46957222;275.5602;1704.834;12.034571;-0.1377631;0.0;0.13545156;0.13545156;0.0;12.011301;639.293;2727.6853;-387.15887;6348.433;-104.861115;-201.62666
1994-03-08;-6.5711746;-7.815899;-4.917501;741.5755;1.5745944;205.8758;100.0;0.47888198;274.3151;1747.4772;6.1527295;-0.17953384;0.0;0.13501942;0.13501942;0.0;6.120332;1112.4872;4728.411;-981.5883;5631.2554;-134.88;-301.82224
1994-03-09;-6.0488534;-9.936957;-5.8800454;743.02155;0.7000839;111.397316;100.0;0.48153284;278.48697;1731.2418;1.8028915;-0.2369117;0.0;0.13457239;0.13457984;0.0;1.7888546;1254.0002;5217.378;-834.95886;5778.944;-176.98222;-265.03888
1994-03-10;-3.78361;-6.8814774;-5.588102;743.83154;0.94910556;66.94654;100.0;0.48436284;281.98535;1719.3604;3.3838093;-0.09224005;0.0;0.13414025;0.1341477;0.0;3.2067225;905.56;3740.2424;-858.2683;5754.383;-67.03778;-107.82111
1994-03-11;-3.5514324;-6.878469;-5.4982505;739.18304;1.1109855;52.661182;100.0;0.48986527;283.7142;1727.4576;7.4570327;-0.13590045;0.0;0.13372302;0.13371557;0.0;6.9129653;1152.5303;4772.51;-794.4744;5881.4624;-98.79889;-156.3811
1994-03-12;-4.5529685;-5.624115;-4.494522;736.648;0.9082422;153.84146;100.0;0.50263196;279.19888;1799.764;11.552769;-0.14563091;0.0;0.13330579;0.13329089;0.0;11.527956;655.29803;2783.059;-296.065;6521.3213;-110.62666;-187.91333
1994-03-13;-4.8989463;-6.2091165;-4.0235;742.19775;0.8450294;173.59729;100.0;0.5136717;276.64194;1855.3467;17.804459;-0.19306317;0.0;0.13287365;0.1328811;0.0;17.762371;858.57526;3626.1494;-466.5311;6365.43;-146.32889;-257.46667
1994-03-14;-5.8201194;-7.516764;-4.663755;742.10693;0.68656;201.67763;100.0;0.5373994;262.46713;2046.9156;15.007883;-0.18236879;0.0;0.13247132;0.13246387;0.0;14.998854;853.86945;3706.9624;-761.20776;5872.173;-138.07;-220.28555
1994-03-15;-6.00354;-7.268908;-5.179277;742.5766;1.0921012;232.41896;100.0;0.5432963;267.0394;2036.2955;5.1027784;-0.2005659;0.0;0.13203919;0.13204664;0.0;5.0653925;1063.8384;4517.294;-593.4167;6133.24;-151.18777;-311.66888
1994-03-16;-4.9974365;-9.710639;-5.6840005;747.17163;0.7272424;237.1595;100.0;0.5463376;273.22202;2001.9938;0.1748085;-0.18841028;0.0;0.13162196;0.1316145;0.0;0.17437711;1488.1609;6246.644;-1611.2167;4837.8687;-136.50333;-227.11555
1994-03-17;-3.8387146;-7.3704925;-7.5010896;749.8879;0.9093458;253.13219;100.0;0.54637134;279.96094;1953.4506;0.2647221;-0.11008885;0.0;0.13118982;0.13118982;0.0;0.25134906;1490.1609;6084.01;-1018.04694;5471.033;-77.0;-181.17667
1994-03-18;-2.4905396;-4.6536865;-5.1556497;751.64813;0.91207427;224.20258;100.0;0.546611;286.39062;1910.6445;0.017136335;-0.13089553;0.0;0.13077259;0.13075769;0.0;0.015038997;1473.3861;5867.799;-1176.3966;5550.36;-92.19;-199.32445
1994-03-19;-2.19281;-5.439901;-4.6146493;749.3857;0.8697824;159.62627;100.0;0.54667115;293.06607;1867.2689;0.29560924;-0.15974417;0.0;0.13034046;0.13034046;0.0;0.25698915;1459.4495;5611.032;-1014.9669;5759.9155;-114.635;-170.65222
1994-03-20;-1.6440226;-5.29895;-3.711797;747.5545;0.8291319;182.90356;100.0;0.5473631;299.44922;1829.834;0.95165074;-0.20648725;0.0;0.12990832;0.12991577;0.0;0.5096346;1378.155;5110.654;-927.13086;5897.758;-152.50555;-172.6
1994-03-21;-1.9629313;-3.3993633;-2.6474457;745.1589;0.8330908;104.057045;100.0;0.54965883;304.94434;1804.484;2.333972;-0.12128055;0.010624528;0.14013052;0.12950599;0.11765212;1.7328113;1032.7034;3787.0088;-779.8492;6137.53;-88.96555;-154.80779
1994-03-22;-1.7253927;-5.8369956;-2.5461934;747.4104;1.0348029;56.73158;100.0;0.5498508;311.59018;1767.3746;0.0078856945;-0.28064382;0.024929643;0.1540184;0.12908876;0.26867166;0.0061765313;1709.0117;5887.7554;-1288.7247;5585.787;-207.62222;-222.03444
1994-03-23;-1.9524637;-4.8170776;-2.6851742;746.62964;0.94483894;114.258446;100.0;0.5498521;317.79654;1732.9102;1.7254531;-0.2558846;0.016987324;0.14565885;0.12867898;0.16992353;1.5539229;1705.9366;5481.981;-1177.5627;5659.779;-190.67555;-201.11333
1994-03-24;-2.9008992;-5.4977927;-2.2429707;747.3884;0.8724348;147.70512;100.0;0.5511684;322.22885;1713.8265;0.53690284;-0.41701084;0.027537346;0.15580654;0.12826174;0.26521832;0.2625957;1802.6472;5752.109;-1349.7911;5515.5635;-316.81888;-285.61777
1994-03-25;-2.5701904;-5.5680847;-2.2324665;747.6411;0.9525394;125.533905;100.0;0.5508299;328.07617;1682.6986;0.01244545;-0.35442784;0.03685057;0.16470253;0.12784451;0.35069698;0.007778406;2055.15;6190.0547;-1516.905;5343.4688;-266.37555;-275.63223
1994-03-26;-1.286499;-6.960317;-2.162618;748.76904;0.9373811;79.35084;100.0;0.55013245;334.05826;1651.0824;0.0021616716;-0.29399246;0.080257654;0.20769238;0.12742728;0.732474;0.0;2391.0818;6771.0684;-1884.242;4943.0435;-216.43445;-190.64444
1994-03-27;-0.2568461;-6.429728;-1.6634979;749.97437;0.9550095;137.09712;100.0;0.5491848;340.54102;1617.2689;0.0008523463;-0.30058438;0.10290742;0.22989511;0.12701005;0.8966588;0.0;2594.1067;6911.0903;-1955.2095;4918.0415;-220.52444;-176.36333
1994-03-28;0.76015216;-3.3458354;-0.83961487;750.7419;0.86533237;197.69481;100.0;0.54799294;348.60318;1576.9857;2.9802322e-05;-0.27259812;0.14925003;0.2758354;0.12659281;1.2286491;3.3527613e-05;2718.1055;6762.4614;-1722.3464;5307.439;-198.83;-191.90666
1994-03-29;0.030019125;-2.266917;-0.24599202;750.0071;0.96013284;200.42798;100.0;0.54457337;356.98178;1530.07;1.5322874;-0.4779622;0.7829964;0.90917945;0.12616813;5.1833315;0.00067427754;2470.5022;5778.892;-912.83386;6338.794;-362.16446;-262.08444
1994-03-30;0.3189392;-1.1626282;-0.0058135986;749.0791;0.990931;182.0791;100.0;0.5360903;361.5791;1486.6129;14.631803;-0.40569717;3.36352;3.4981966;0.13468415;11.81573;1.7885976;2020.4105;4522.2573;-420.25082;6965.223;-308.03888;-240.11444
1994-03-31;1.290741;-0.5968526;-0.009806315;749.861;0.66623086;151.19814;100.0;0.5269376;362.3688;1457.8043;15.093882;-0.1786463;5.37692;5.5080357;0.13112277;11.67145;0.5861707;1610.4517;3829.703;-374.65668;7009.1523;-130.87222;-151.18777
1994-04-01;-0.75806683;-1.0951334;-0.004536947;741.1606;0.92597204;88.94834;100.0;0.5351239;349.9541;1528.89;58.1793;-0.13037398;8.25724;8.727566;0.47032535;3.0696728;26.623323;421.05667;1450.7622;-9.982778;7270.312;-100.02778;-148.09445
1994-04-02;-2.738149;-3.5221863;-0.11853155;741.7527;1.1522056;147.14037;100.0;0.55766606;329.25162;1694.458;10.318303;-0.42107517;0.10710955;0.23256242;0.12546033;0.35730004;9.830356;944.3272;3708.591;-465.36667;6648.552;-322.3511;-394.12888
1994-04-03;-1.5484823;-4.269918;-0.2914721;746.362;1.0138192;85.327965;100.0;0.557946;334.7946;1669.3522;0.009918627;-0.44034886;0.40236115;0.52821636;0.1258552;1.9716992;0.00731647;2073.3616;6727.5444;-1510.7361;5512.8477;-327.71335;-346.9211
1994-04-04;0.36821494;-9.115245;-0.46932602;752.0489;1.0976985;45.05763;100.0;0.55616677;343.19595;1623.2096;0.00085234636;-0.39299485;0.28039515;0.4066825;0.12628734;1.3933499;0.0;2578.1467;7292.5386;-1925.7269;5036.9844;-284.965;-166.06223
1994-04-05;2.1333516;-5.8445334;-0.3911349;754.02423;1.2501198;40.03552;100.0;0.5526815;351.90073;1573.4049;0.0017257298;-0.36659837;1.0595918;1.1863708;0.12677908;5.1956177;0.0;2865.5867;7358.6655;-1982.5636;5070.958;-264.36667;-126.74333
1994-04-06;3.2083843;-3.4744568;-0.34821066;752.64624;1.0996792;92.52198;100.0;0.5459374;360.00815;1519.0836;0.0017216107;-0.32236427;1.7044842;1.8318295;0.12734532;7.8611298;0.0;3079.7112;7373.468;-1881.5331;5251.589;-230.04556;-123.19444
1994-04-07;4.383921;-1.5154114;-0.22637813;751.42017;0.95425814;157.02908;100.0;0.53537136;367.3828;1459.7982;2.5418155;-0.30324608;3.7046373;3.8863869;0.18174201;12.569379;0.0;3185.455;7241.779;-1414.9789;5848.39;-214.9611;-129.08
1994-04-08;2.441325;-0.35245767;-0.09194183;748.8597;1.0624584;161.03676;100.0;0.52199924;372.88184;1402.181;1.8655757;-0.2959138;4.9182177;5.3726435;0.45443326;16.295008;0.0;2664.912;5824.2974;-1142.5847;6135.3433;-215.00223;-140.50333
1994-04-09;1.7923075;-1.6900533;-0.19543712;747.65594;1.2248424;154.7455;100.0;0.5081136;377.63867;1347.941;0.5967796;-0.43793488;4.071474;4.3175516;0.24607778;13.427729;0.0;3111.0562;6603.686;-1668.0181;5515.5874;-325.17557;-145.36778
1994-04-10;1.0350443;-5.6043296;-0.34190878;750.1601;1.1314336;120.389885;100.0;0.49689436;383.9619;1296.5088;0.0029206267;-0.64303446;2.8189719;2.9561222;0.13715774;9.75235;0.0016316772;3612.754;7496.465;-2063.6665;5024.882;-480.95776;-221.74777
1994-04-11;1.2746481;-7.0046997;-0.36252466;752.289;1.1624755;89.97483;100.0;0.48663542;391.69727;1244.7103;0.0017294188;-0.54274684;3.3232121;3.4995823;0.17637014;10.240357;0.0;3748.2295;7643.2573;-2129.648;4982.9136;-401.12445;-153.65666
1994-04-12;1.632843;-5.786316;-0.28074518;751.39386;1.2836827;27.476267;100.0;0.47415164;399.22037;1189.9008;0.001982561;-0.4915744;4.671544;4.8231335;0.15158951;13.617113;0.0;3753.534;7550.8027;-1894.8419;5277.053;-361.09;-151.95111
1994-04-13;1.8618673;-5.170878;-0.24009323;750.9274;1.3136791;31.844812;100.0;0.45957386;405.97852;1134.3994;0.00040233135;-0.53320825;5.3394136;6.0272813;0.68787485;14.798719;0.0;3736.1956;7436.707;-1780.7003;5424.48;-394.32;-155.92
1994-04-14;3.6822205;-3.5376484;-0.2230072;752.7634;1.0502802;107.009026;100.0;0.44303825;412.52213;1076.5381;0.0;-0.36161578;6.2691717;6.935969;0.66679716;17.41641;0.0;3850.1711;7601.0366;-1799.1075;5450.189;-258.74554;-133.93
1994-04-15;3.936137;-3.5806377;-0.20961507;753.87006;1.125038;120.46879;100.0;0.42508018;418.88574;1017.1712;0.029879808;-0.4017446;7.18379;8.335084;1.1512861;18.026712;0.0;3880.7021;7612.301;-1814.1986;5444.761;-290.19556;-121.13333
1994-04-16;3.9648945;-4.819336;-0.21941249;753.0168;0.9655888;186.1461;100.0;0.40753528;425.50034;960.00165;0.009334086;-0.51380974;6.4993052;7.339537;0.8402318;16.92449;0.0;3937.1262;7684.4385;-1815.7483;5427.941;-377.80777;-124.03889
1994-04-17;1.9601237;-1.2618917;-0.16839345;751.77765;0.9567845;175.95796;100.0;0.39228654;431.63867;911.01074;9.724075;-0.3097821;10.429502;10.886341;0.4568249;14.477376;0.00062584877;2866.7122;5570.6367;-1085.3197;6203.8477;-228.28555;-178.90222
1994-04-18;2.4576619;-1.9500732;-0.16952896;751.83575;1.163245;154.71498;100.0;0.37475482;436.71744;860.51434;0.04247129;-0.46518725;8.440107;9.955302;1.5151948;19.926044;0.0010542572;3853.1484;7468.876;-1491.9214;5826.697;-341.00555;-243.16888
1994-04-19;3.911143;-2.3923035;-0.19895808;752.06134;1.1405668;126.37353;100.0;0.35443375;441.7168;804.2806;0.0065009925;-0.3880393;8.529216;9.554759;1.0255277;20.44496;0.0;3918.7322;7577.1055;-1614.0056;5707.4956;-279.06223;-136.75444
1994-04-20;5.653849;-3.4151;-0.19585164;753.0406;1.1119031;161.28127;100.0;0.3335463;446.86978;747.762;0.0029474495;-0.38185716;8.564919;9.9379425;1.3730154;20.92852;0.0;3777.5322;7289.8145;-1419.6803;5972.133;-273.4689;-83.001114
1994-04-21;6.218384;-0.41923013;-0.13306554;752.10736;1.1729451;215.9071;100.0;0.31176245;449.66666;694.2952;0.60483074;-0.35515612;9.230434;10.169998;0.9395778;22.00098;0.0;3693.17;7116.417;-1182.7739;6296.1377;-254.46222;-73.55889
1994-04-22;6.832784;-0.03427124;-0.09420141;749.8079;1.2476404;163.0999;100.0;0.28845218;450.0;641.9678;1.5443206;-0.39114895;10.409609;12.59084;2.1812246;24.093155;0.0;3614.7378;6955.915;-1067.6683;6425.5967;-282.80667;-60.531113
1994-04-23;6.3677063;3.1356506;-0.09707133;748.8052;1.136372;241.70398;100.0;0.26472273;450.0;589.1927;2.3552775;-0.20059757;11.062964;13.2263155;2.1633358;24.593714;0.0;3184.7756;6123.0923;-924.8125;6522.2188;-138.33778;-67.30889
1994-04-24;4.762095;3.3200378;-0.089401245;748.55646;0.9475902;214.59593;100.0;0.24425244;450.0;543.45703;7.485199;-0.06886199;10.491818;12.735605;2.2437425;19.729298;0.0;2603.955;5002.363;-571.86694;6889.662;-41.02778;-101.43889
1994-04-25;4.12735;-0.3737081;-0.14468002;747.81055;1.3410697;188.71942;100.0;0.22183292;450.0;494.1813;0.66111386;-0.5745906;9.421065;11.476994;2.0559282;23.448103;0.0;3571.9084;6858.4424;-1269.336;6115.867;-428.0;-107.80889
1994-04-26;3.6671448;-1.220286;-0.30884552;746.8111;1.100032;177.4785;100.0;0.20175274;450.0;449.3815;1.9053146;-0.44440293;8.060336;10.563344;2.5030077;18.968363;0.0;3615.311;6938.9316;-1315.5719;6031.4517;-325.89557;-135.40889
1994-04-27;2.263031;0.29364014;-0.26844025;748.0547;1.1650106;177.02818;100.0;0.1831855;450.0;407.9183;3.6556423;-0.34411997;8.867219;12.61577;3.748551;18.706661;0.00055879354;3230.105;6195.4937;-1246.517;6079.177;-253.52777;-179.85889
1994-04-28;1.3568319;-1.9939169;-0.30582938;751.66473;1.167564;76.634026;99.9672;0.16774213;449.98047;373.25034;4.2987046;-0.34199655;6.2300262;9.896099;3.666073;12.953512;0.008508563;2448.8179;4697.001;-830.1161;6479.527;-253.22223;-135.95667
1994-04-29;3.6147664;1.891276;-0.12025452;750.4023;1.3118228;104.43194;98.73153;0.15343308;449.9935;341.7562;41.356228;-0.113960356;27.346045;37.2864;9.940356;19.136875;1.4901161e-05;2121.9934;4050.359;-159.95972;7294.167;-75.55111;-68.681114
1994-04-30;2.659851;2.4263203;0.009824117;743.3806;1.2187334;191.7179;96.855064;0.13649364;450.0;303.95508;26.357714;-0.0069998205;19.826889;35.06547;15.238598;14.28448;9.313226e-05;1111.02;2090.6084;242.4786;7707.1104;1.1033334;-64.05556
1994-05-01;2.1374817;0.46609497;-0.010537465;744.3247;1.260089;214.44508;95.58585;0.11805781;449.66113;263.42773;7.4767737;-0.4883837;11.211112;24.317383;13.106264;19.847046;0.2120398;2866.245;5374.73;-519.8625;6985.203;-359.7789;-242.93777
1994-05-02;1.0666708;-0.6201884;-0.16217677;744.3511;1.1347027;250.18292;94.79427;0.10009269;447.8099;223.75488;7.7680826;-0.6710738;10.275454;22.366642;12.091189;17.702068;0.23627281;3280.4106;6188.6064;-892.36334;6504.59;-499.96667;-352.10333
1994-05-03;1.1643881;-0.458313;-0.12455622;745.78937;1.2978996;214.47107;94.36792;0.08432174;446.67578;188.3138;7.1277013;-0.6320467;8.761048;21.461695;12.700624;14.4360695;0.03425777;2928.6882;5557.4463;-735.3428;6700.9688;-471.28;-319.44223
1994-05-04;1.5878296;0.8861796;-0.048625946;743.7597;0.66147983;161.60219;95.43408;0.08025328;370.87076;211.18164;24.811018;-0.121071935;9.078815;21.656364;12.577526;8.208074;8.045193;1101.5889;2933.4138;-218.06361;7138.739;-82.74333;-129.22
1994-05-05;1.2838236;0.93791705;-0.03553136;744.3359;0.9160404;216.10823;94.96061;0.07233926;353.67383;198.77116;12.061167;-0.120585784;9.243772;22.55693;13.313159;11.156615;0.4291609;1231.5505;3030.9229;-38.792778;7382.9004;-80.03555;-167.19888
1994-05-06;1.19104;-0.14746094;-0.3662567;746.4788;0.9133475;192.059;94.26953;0.06066823;357.04947;165.07976;6.940365;-0.29890612;7.8759937;21.568983;13.693005;12.753289;0.00071153045;2436.2773;5679.5435;-886.01416;6459.338;-209.10945;-281.48334
1994-05-07;2.9901123;-1.7485352;-1.427784;750.5983;1.2136464;166.9098;92.78906;0.04550306;363.12305;122.029625;0.00011920929;-0.6410014;6.0835032;18.72021;12.636721;16.690418;0.0;3365.2488;7400.092;-1428.7502;5850.9287;-461.14557;-262.16446
1994-05-08;4.1295776;-1.9545187;-2.1743634;751.80365;1.2919257;175.68568;75.76139;0.029309193;364.5524;78.36914;0.7638484;-0.84247625;5.9454145;18.716782;12.771368;15.0877905;0.0;3822.2378;7477.4233;-1477.8917;5816.191;-607.8555;-356.28665
1994-05-09;5.306183;-1.3671976;-1.4635048;749.3936;1.4894558;183.07298;48.630127;0.01815776;368.34863;48.177082;1.2065053;-1.5646796;3.6160498;14.984936;11.368886;9.841059;0.0;4213.8354;6743.145;-1562.8434;5988.2827;-1109.4467;-461.41333
1994-05-10;6.3707175;-0.41137695;-2.247575;749.3283;1.1336763;173.14673;26.135172;0.009701848;369.2106;25.634766;0.09341836;-2.079392;2.3213773;12.88575;10.564349;7.2684326;0.0;5623.568;7983.968;-2168.1494;5612.8794;-1448.16;-731.50665
1994-05-11;6.3683877;0.7833455;-1.7301865;750.3984;1.2307564;167.5584;12.436116;0.0046078763;369.23892;11.962891;1.802206;-2.209467;1.4666468;11.193365;9.726733;3.6743543;0.0;5379.626;7148.97;-1942.8778;6024.044;-1535.8456;-920.37555
1994-05-12;5.4227195;1.3605753;-0.8030472;747.2202;1.3844551;188.57161;5.8044434;0.002152602;369.25;5.6152344;13.045901;-2.0599477;4.773095;13.692513;8.919411;1.691997;0.0;4792.3457;6186.323;-1557.0773;6500.2734;-1431.7689;-1034.9011
1994-05-13;3.7128499;-0.42861938;-1.1566912;746.488;1.1204916;207.13428;2.7283528;0.0010104576;369.25327;2.8076172;1.3949871;-2.7596717;0.49385428;8.702591;8.2087145;0.8169972;0.0;5486.5537;6993.6934;-1930.3319;6051.2085;-1918.0022;-1344.0612
1994-05-14;3.864624;-0.13209026;-0.8986435;750.76337;1.2644933;208.93275;1.2769369;0.0004718701;366.3392;1.3834635;1.8381864;-2.378189;0.42364;8.018881;7.5952487;0.36896393;0.0013262033;4907.3228;6226.2593;-1620.1539;6379.38;-1652.4066;-1316.7156
1994-05-15;3.1549683;0.94315594;-1.3365988;751.1843;0.936336;166.09796;0.66097003;0.00024612746;366.41406;0.9765625;11.839258;-1.9419035;2.5683494;9.614438;7.0460887;0.15376508;0.0;3732.0994;4729.7573;-1439.3408;6333.8145;-1348.9889;-839.8333
1994-05-16;3.3151753;-3.0090942;-1.7568626;749.71893;1.3607093;115.49912;0.33398438;0.00012203058;363.38736;0.28483072;1.3268936;-2.8015952;0.25737286;6.818742;6.561369;0.10191649;0.0007338822;5796.028;7329.7817;-2022.7234;5948.0156;-1946.3223;-1464.2533
1994-05-17;5.8019814;-2.4025776;-1.7776451;753.5869;1.0459076;108.42648;0.14176433;5.1458675e-05;361.9606;-7.345365e-21;0.0012874597;-3.204167;0.012010336;6.144345;6.1323347;0.05139783;0.0;6323.126;7981.782;-2465.0261;5695.3057;-2225.851;-1066.89
1994-05-18;7.574188;-2.416565;-1.086862;754.26117;0.9602056;67.98671;0.05110677;1.8556913e-05;360.4398;-7.345365e-21;0.049564242;-3.5159216;0.01168251;5.7540236;5.7423263;0.020910054;0.0;6524.918;8224.737;-2523.8489;5824.1064;-2442.3977;-962.2978
1994-05-19;7.8551126;-1.1051229;-0.65749615;753.29913;1.145884;49.28069;0.017171225;6.278356e-06;360.21875;-7.345365e-21;0.6027043;-3.5335197;0.0853613;5.4712296;5.385868;0.007137656;0.0;6234.7817;7849.4155;-2317.457;6094.3867;-2454.62;-991.3111
1994-05-20;8.5894165;0.3533834;-0.36500296;753.96893;1.1578932;111.63517;0.0061035156;2.026558e-06;360.21875;-7.345365e-21;0.21792054;-3.4648366;0.02901256;5.089417;5.0603895;0.0023692846;0.0;5997.604;7542.24;-2233.7554;6237.6313;-2406.9067;-908.45
1994-05-21;8.942119;2.2522278;-0.10298284;755.05176;1.032097;106.14138;0.0024414062;4.7683716e-07;360.21875;-7.345365e-21;3.1193018;-3.2078056;0.4926622;5.256057;4.763387;0.0007972121;0.0;5616.6284;7055.492;-2096.186;6476.078;-2228.3555;-862.66223
1994-05-22;11.168263;1.0358175;-0.10044098;755.0098;1.0729206;117.96441;0.00040690103;-7.3453654e-25;360.21875;-7.345365e-21;1.4930248;-3.6485167;0.22092462;4.7131777;4.492275;0.0002644956;0.0;5948.6396;7464.797;-2139.4773;6552.1357;-2534.5022;-759.57446
1994-05-23;10.771942;3.2521973;-1.4521688;753.13043;1.0660704;104.65567;0.0;-7.3453654e-25;266.64584;-7.345365e-21;2.0508647;-3.304989;0.29841065;4.5429616;4.244551;7.0780516e-05;0.0;5672.2295;7110.3154;-2144.1907;6562.1577;-2295.8655;-830.10443
1994-05-24;11.192128;4.24234;-2.2352054;752.4563;1.0680507;87.29891;0.0;-7.3453654e-25;120.89646;-7.345365e-21;1.4445105;-3.4114552;0.19055605;4.2090416;4.018478;2.2351742e-05;0.0;5758.372;7210.661;-2100.706;6660.932;-2369.8232;-833.30444
1994-05-25;11.553558;2.991872;-0.4487928;752.3318;1.107526;96.87585;0.0;-7.3453654e-25;102.235985;-7.345365e-21;1.5490055;-3.4645238;0.21004677;4.021123;3.8110762;0.0;0.0;5617.816;7027.1978;-1950.9728;6843.146;-2406.69;-874.83
1994-05-26;12.460765;1.3459167;0.010093689;752.0479;1.1946782;107.03589;0.0;-7.3453654e-25;99.99998;-7.345365e-21;1.074323;-3.6740088;0.12870133;3.7492065;3.6205053;0.0;0.0;6072.395;7587.741;-2259.659;6554.613;-2552.2112;-858.3111
1994-05-27;11.43163;2.6783855;0.0102717085;751.1241;1.1320727;118.703316;0.0;-7.3453654e-25;100.00519;-7.345365e-21;2.8487444;-3.1542442;0.3529191;3.7986338;3.4457073;0.0;0.0;5437.8433;6787.8013;-2019.2611;6770.3877;-2191.1477;-878.0022
1994-05-28;11.471293;3.0541382;0.010080974;750.45746;1.2323761;100.78478;0.0;-7.3453654e-25;99.99998;-7.345365e-21;1.228112;-3.4276545;0.14199317;3.4270139;3.2850356;0.0;0.0;5764.726;7187.979;-2119.4167;6661.8457;-2381.078;-932.87445
1994-05-29;11.7388;4.2616477;0.009895325;751.85565;1.080089;92.9168;0.0;-7.3453654e-25;99.99998;-7.345365e-21;2.7437055;-3.1917653;0.32763183;3.4639983;3.1363666;0.0;0.0;5553.9653;6917.6055;-2071.5742;6778.4604;-2217.2134;-909.8433
1994-05-30;13.364879;0.9341634;-0.18660991;753.299;1.3052661;107.001526;0.0;-7.3453654e-25;100.09503;-7.345365e-21;0.0045597553;-4.039431;0.000461936;2.9985757;2.9981062;0.0;0.0;6352.25;7903.892;-2345.5376;6580.738;-2806.0583;-803.1511
1994-05-31;13.657023;1.723938;0.009670258;751.3172;1.2191399;82.99079;0.0;-7.3453654e-25;99.99998;-7.345365e-21;0.5546063;-3.8218424;0.05224347;2.92103;2.868794;0.0;0.0;6261.742;7783.0234;-2322.1855;6700.9146;-2654.9067;-835.1511
1994-06-01;14.492208;0.10696411;0.009676616;747.8073;1.5834227;144.16914;0.0;-7.3453654e-25;99.99998;-7.345365e-21;0.120830536;-3.7886853;0.010877848;2.7594714;2.7485862;0.0;0.0;6279.2783;7796.527;-2380.0818;6564.1265;-2631.8733;-960.3711
1994-06-02;12.470754;-0.7409363;0.009840648;746.9092;1.6035255;209.0341;0.0;-7.3453654e-25;99.99998;-7.345365e-21;0.017488051;-3.4873216;0.0014603138;2.6377738;2.6363134;0.0;0.0;6543.489;8116.073;-2417.2227;6394.773;-2422.5256;-1483.7556
1994-06-03;10.076579;-0.9686076;0.010260264;745.97504;1.4257689;188.06807;0.0;-7.3453654e-25;99.99998;-7.345365e-21;0.4094422;-2.8450265;0.03415346;2.566129;2.5319605;0.0;0.0;5791.4155;7175.7056;-2244.064;6401.1978;-1976.3445;-1446.0712
1994-06-04;7.8194985;2.5043743;0.010480245;746.92645;1.0606836;69.9703;0.0;-7.3453654e-25;99.99998;-7.345365e-21;1.9311485;-2.3671296;0.18008053;2.6153178;2.4352372;0.0;0.0;5082.31;6290.31;-1919.6439;6657.6904;-1644.3656;-1404.4155
1994-06-05;8.217814;3.515208;0.010150909;748.5071;1.0073913;119.30932;0.0;-7.3453654e-25;100.00259;-7.345365e-21;5.707705;-2.5669484;0.60877204;2.9537678;2.3449733;0.0;0.0;5481.678;6777.49;-2111.6978;6511.102;-1783.1733;-1390.3911
1994-06-06;11.964355;0.64907837;0.009819031;750.2901;1.041479;154.28233;0.0;-7.3453654e-25;99.99998;-7.345365e-21;0.016728044;-3.7588756;0.0014007092;2.260834;2.2594185;0.0;0.0;6708.8823;8286.281;-2548.295;6334.92;-2611.1655;-1100.2145
1994-06-07;13.616475;1.9822286;0.0099817915;752.2317;1.0429178;108.81003;0.0;-7.3453654e-25;99.99998;-7.345365e-21;0.024476647;-3.654846;0.001758337;2.1795182;2.1777601;0.0;0.0;6514.825;8038.0933;-2446.7595;6650.953;-2538.9;-1021.14777
1994-06-08;14.963674;0.26313272;0.00970459;752.34106;1.2462713;82.27068;0.0;-7.3453654e-25;99.99998;-7.345365e-21;0.0;-3.684912;0.0;2.100557;2.100542;0.0;0.0;6563.249;8089.39;-2552.5728;6661.3467;-2559.7856;-995.54333
1994-06-09;15.83904;0.43954468;0.010002136;752.0035;1.3144381;109.72305;0.0;-7.3453654e-25;99.99998;-7.345365e-21;0.043213367;-3.422102;0.0030994415;2.0305367;2.0274446;0.0;0.0;6539.8916;8052.1646;-2631.67;6650.649;-2377.219;-1111.039
1994-06-10;15.871266;-1.892629;0.009206136;751.7669;1.295483;129.22096;0.0;-7.3453654e-25;99.99998;-7.345365e-21;0.001720644;-3.3485982;0.00011920929;1.9582957;1.9581765;0.0;0.0;7050.637;8671.953;-3162.3762;6100.508;-2326.16;-1230.7722
1994-06-11;15.348897;-3.7419434;0.010215759;750.01483;1.3372821;156.0937;0.0;-7.3453654e-25;99.99998;-7.345365e-21;0.0;-3.043104;0.0;1.8924773;1.8924699;0.0;0.0;7152.761;8788.36;-3275.5833;5945.9756;-2113.9434;-1345.8733
1994-06-12;14.591685;0.11980184;0.01003774;749.6241;1.2506796;101.99821;0.0;-7.3453654e-25;99.99998;-7.345365e-21;0.0013411045;-2.5908835;7.4505806e-05;1.8302798;1.830183;0.0;0.0;6401.614;7857.1167;-2713.4822;6635.4263;-1799.8011;-1424.8811
1994-06-13;13.95106;5.117411;0.009868622;749.749;1.0879838;83.09164;0.0;-7.3453654e-25;99.99998;-7.345365e-21;2.3355782;-2.1115263;0.19530952;1.966849;1.7715544;0.0;0.0;5634.4766;6908.3013;-2398.702;6931.0645;-1466.8066;-1411.59
1994-06-14;15.34846;1.9720255;0.0100911455;748.7673;1.2573704;101.1527;0.0;-7.3453654e-25;99.99998;-7.345365e-21;0.0021543992;-2.8337212;0.00014901161;1.7160773;1.7159283;0.0;0.0;6624.239;8113.4834;-2735.323;6662.779;-1968.4911;-1530.7256
1994-06-15;15.38383;-0.96779376;0.01028951;747.8079;1.419021;163.63165;0.0;-7.3453654e-25;99.99998;-7.345365e-21;0.023251018;-2.5977921;0.0015646219;1.6639531;1.6623735;0.0;0.0;6786.459;8303.545;-2864.1516;6560.371;-1804.5989;-1727.2089
1994-06-16;14.381195;-3.5732524;0.009546916;747.518;2.0628068;219.86078;0.0;-7.3453654e-25;99.99998;-7.345365e-21;0.0004351138;-2.1963232;2.9802322e-05;1.6114414;1.611419;0.0;0.0;6908.7134;8452.107;-3015.4578;6282.4746;-1525.7123;-2125.24
1994-06-17;12.589996;-3.500356;0.0094045;748.3655;1.1404269;226.37238;0.0;-7.3453654e-25;99.99998;-7.345365e-21;0.00085234636;-1.9343383;5.9604645e-05;1.5629679;1.5629083;0.0;0.0;7040.7114;8612.468;-3198.578;6005.9424;-1343.7189;-2221.561
1994-06-18;12.547374;-1.6029968;0.009771983;749.3958;1.360809;200.67957;0.0;-7.3453654e-25;99.99998;-7.345365e-21;0.0008668763;-1.7669071;5.9604645e-05;1.5167296;1.51667;0.0;0.0;6758.447;8266.06;-2986.5657;6284.2354;-1227.4122;-2212.33
1994-06-19;13.177185;-1.1027832;0.010341644;748.9123;1.2605822;143.39534;0.0;-7.3453654e-25;99.99998;-7.345365e-21;0.013038516;-1.7262148;0.00082701445;1.4732927;1.4724658;0.0;0.0;6778.653;8289.683;-3015.6882;6357.776;-1199.1433;-2226.3667
1994-06-20;13.7786455;-1.8186544;0.009920756;749.06226;1.2268165;103.634636;0.0;-7.3453654e-25;99.99998;-7.345365e-21;0.00042617318;-1.7600917;2.9802322e-05;1.4300793;1.430057;0.0;0.0;6969.624;8522.064;-3159.39;6332.5713;-1222.6766;-2128.1777
1994-06-21;15.292125;1.0029501;0.009811401;748.7697;1.2504026;110.85618;0.0;-7.3453654e-25;99.99998;-7.345365e-21;0.019377679;-1.6658921;0.001206994;1.3906211;1.3894215;0.0;0.0;6633.8726;8110.63;-2954.9429;6709.8633;-1157.2389;-2020.6056
1994-06-22;14.945038;0.8845723;0.009927114;747.2397;1.3876061;111.50339;0.0;-7.3453654e-25;99.99998;-7.345365e-21;0.35979748;-1.5666839;0.021994114;1.3726503;1.3506637;0.0;0.0;6259.557;7651.8057;-2759.6372;6907.925;-1088.3234;-1973.0366
1994-06-23;12.497294;6.1575723;0.009694417;748.4572;1.49053;41.926838;0.0;-7.3453654e-25;99.99998;-7.345365e-21;4.477933;-1.5172455;0.34572184;1.6598254;1.3140962;0.0;0.0;5568.3413;6806.047;-2372.6045;7004.354;-1053.9811;-2017.1823
1994-06-24;13.308797;3.7419841;0.009670258;747.78656;1.2498333;109.2608;0.0;-7.3453654e-25;99.99998;-7.345365e-21;0.67742896;-2.4467688;0.042289495;1.321733;1.2794435;0.0;0.0;6028.632;7367.731;-2381.0867;6904.588;-1699.6888;-1755.6788
1994-06-25;13.4158325;0.43640137;0.010032654;746.3577;1.6089352;125.53361;0.0;-7.3453654e-25;99.99998;-7.345365e-21;0.028282406;-2.3000782;0.001475215;1.247406;1.2459308;0.0;0.0;6065.62;7411.9453;-2471.095;6783.1494;-1597.7877;-1781.4967
1994-06-26;12.734497;3.3498333;0.009915669;746.6608;1.4312009;121.73022;0.0;-7.3453654e-25;99.99998;-7.345365e-21;3.3207567;-1.9977279;0.22609532;1.4401823;1.2141019;0.0;0.0;5390.2544;6585.75;-2096.8079;7105.2954;-1387.7544;-1672.8378
1994-06-27;8.8750305;5.2589517;0.010348002;744.7158;1.5264412;64.53114;0.0;-7.3453654e-25;99.99998;-7.345365e-21;22.13202;-2.3275297;1.8860698;3.0706227;1.1845529;0.0;0.0;4456.7783;5444.059;-1375.3639;7420.2676;-1616.8567;-1634.7456
1994-06-28;7.0628357;1.8397115;0.009569804;745.7277;2.0854235;38.242794;0.0;-7.3453654e-25;100.00519;-7.345365e-21;0.7745445;-3.084168;0.055238605;1.2117922;1.1565685;0.0;0.0;5308.7856;6484.1255;-1639.4778;6890.84;-2142.469;-1699.8522
1994-06-29;8.5937395;0.9232076;0.009873708;747.1119;1.4431642;32.880238;0.0;-7.3453654e-25;100.00519;-7.345365e-21;0.35881165;-2.9594972;0.02552569;1.1547804;1.1292547;0.0;0.0;5530.278;6753.9453;-2163.8433;6429.0815;-2055.8655;-1377.2678
1994-06-30;11.866069;1.9530233;0.009744008;748.52295;1.0936366;92.28893;0.0;-7.3453654e-25;99.99998;-7.345365e-21;0.0017136326;-3.4578795;0.00011175871;1.1026263;1.1025071;0.0;0.0;6336.479;7737.938;-2296.8472;6672.059;-2402.0745;-1213.6956
1994-07-01;13.646423;4.418528;0.009674072;750.26263;1.2439016;50.94985;0.0;-7.3453654e-25;99.99998;-7.345365e-21;0.00085242087;-3.576435;5.9604645e-05;1.0764152;1.0763556;0.0;0.0;6860.128;8376.401;-2620.9512;6597.27;-2484.4312;-1348.5022
1994-07-02;15.550476;4.8150024;0.0072148643;750.3711;1.3602024;50.78415;0.0;-7.3453654e-25;100.00259;-7.345365e-21;0.0;-3.422741;0.0;1.050964;1.050964;0.0;0.0;6897.964;8421.516;-2744.7217;6646.501;-2377.6633;-1320.5667
1994-07-03;17.89797;-0.30619302;0.0057347617;749.49097;1.3404813;100.21036;0.0;-7.3453654e-25;100.00519;-7.345365e-21;0.00085234636;-3.3651674;5.9604645e-05;1.026392;1.0263398;0.0;0.0;7061.185;8619.6455;-3029.162;6499.729;-2337.669;-1287.1812
1994-07-04;17.943094;-4.0847983;0.01018397;747.7176;1.487408;129.49272;0.0;-7.3453654e-25;99.99998;-7.345365e-21;0.0008702277;-2.9493682;5.9604645e-05;1.0025948;1.0025501;0.0;0.0;7094.7314;8659.466;-3124.641;6436.4097;-2048.8267;-1540.0778
1994-07-05;16.627329;-2.3459065;0.009702046;747.658;1.4253483;115.901;0.0;-7.3453654e-25;99.99998;-7.345365e-21;0.0008612871;-2.4475324;5.9604645e-05;0.97960234;0.97954273;0.0;0.0;7032.658;8582.558;-3134.7043;6455.295;-1700.2189;-1807.4055
1994-07-06;16.597635;-1.2042236;0.009999593;747.87933;1.3837267;122.52295;0.0;-7.3453654e-25;99.99998;-7.345365e-21;0.002987722;-2.0731418;0.00017881393;0.9574592;0.95728785;0.0;0.0;6891.25;8408.856;-3026.0718;6683.2847;-1440.1422;-1982.7333
1994-07-07;16.581635;-3.1824238;0.009858449;747.1697;1.4028627;123.23538;0.0;-7.3453654e-25;99.99998;-7.345365e-21;0.0;-1.8276106;0.0;0.9357333;0.93574077;0.0;0.0;7029.84;8576.896;-3284.534;6444.2163;-1269.58;-2107.0
1994-07-08;16.316507;-0.6484782;0.010101318;747.2692;1.1808387;98.18271;0.0;-7.3453654e-25;99.99998;-7.345365e-21;0.0;-1.6098982;0.0;0.9149313;0.9149164;0.0;0.0;6567.3105;8011.4277;-3028.1528;6782.7134;-1118.3422;-1953.4456
1994-07-09;16.34133;4.5651855;0.01010259;749.37256;1.379311;46.010223;0.0;-7.3453654e-25;99.99998;-7.345365e-21;0.36637485;-1.3660249;0.020742416;0.91570616;0.8949712;0.0;0.0;6037.0674;7363.7637;-2733.3198;7085.829;-948.93225;-1952.419
1994-07-10;17.285868;3.3201497;0.009962718;750.00385;1.5377134;45.550564;0.0;-7.3453654e-25;99.99998;-7.345365e-21;0.0;-1.608571;0.0;0.87566674;0.87566674;0.0;0.0;6602.1523;8052.1167;-3017.2844;6896.4365;-1117.4211;-2037.5211
1994-07-11;18.490967;2.4247742;0.009901683;749.38214;1.2049116;73.16537;0.0;-7.3453654e-25;99.99998;-7.345365e-21;0.0008583069;-1.4741235;5.9604645e-05;0.8569062;0.8568466;0.0;0.0;6191.592;7550.4004;-2784.8794;7299.533;-1024.0233;-1848.5911
1994-07-12;18.907806;5.3348083;0.009977977;749.72363;1.411932;48.69218;0.0;-7.3453654e-25;100.00779;-7.345365e-21;0.0008583069;-1.3090521;5.9604645e-05;0.83872676;0.83868206;0.0;0.0;5878.317;7167.402;-2669.6611;7473.6387;-909.35333;-1820.7034
1994-07-13;19.112722;7.272166;0.009815216;750.39325;1.6263046;45.567944;0.0;-7.3453654e-25;99.99998;-7.345365e-21;0.0012998453;-1.3187714;8.940697e-05;0.8211136;0.821054;0.0;0.0;6330.4604;7717.8145;-2771.933;7454.02;-916.1067;-2164.891
1994-07-14;19.864859;5.5028176;0.0099105835;748.5222;1.0871395;103.75766;0.0;-7.3453654e-25;99.99998;-7.345365e-21;0.004529953;-1.1097984;0.0002682209;0.8043647;0.80409646;0.0;0.0;4973.1123;6062.035;-2282.383;7910.3804;-770.94;-1463.6156
1994-07-15;20.066813;4.9052124;0.010243733;746.8531;1.4084781;135.55959;0.0;-7.3453654e-25;99.99998;-7.345365e-21;0.00044107434;-1.2016948;2.9802322e-05;0.7877648;0.787735;0.0;0.0;5748.47;7006.3633;-2681.6746;7554.508;-834.7778;-1888.5355
1994-07-16;17.903646;3.4721782;0.009270986;747.2063;1.426586;157.81021;0.0;-7.3453654e-25;99.99998;-7.345365e-21;0.0008523463;-1.240205;5.2154064e-05;0.77171624;0.7716641;0.0;0.0;6827.9785;8320.192;-3144.5977;6934.3965;-861.5289;-2579.5745
1994-07-17;18.737467;0.561615;0.010055542;747.90607;1.155837;200.31322;0.0;-7.3453654e-25;99.99998;-7.345365e-21;0.0;-1.2664785;0.0;0.7559955;0.7559806;0.0;0.0;6995.6274;8522.592;-3437.2527;6660.7544;-879.7794;-2295.7366
1994-07-18;18.101248;2.2814636;0.010045369;747.47565;1.4027424;163.57588;0.0;-7.3453654e-25;99.99998;-7.345365e-21;0.0012934206;-1.1879029;7.4505806e-05;0.74082613;0.7407516;0.0;0.0;6849.451;8342.609;-3204.0688;6881.9834;-825.19666;-2484.7522
1994-07-19;16.568075;2.4885051;0.009887695;747.32007;1.2855839;144.68175;0.0;-7.3453654e-25;99.99998;-7.345365e-21;0.0012772726;-1.1014166;7.4505806e-05;0.726074;0.7259995;0.0;0.0;6837.9756;8326.822;-3239.1638;6700.3013;-765.1178;-2617.7478
1994-07-20;15.678182;0.20762126;0.009805043;747.13556;1.2498931;168.8769;0.0;-7.3453654e-25;99.99998;-7.345365e-21;0.0042937426;-1.0662377;0.00022351742;0.7119477;0.71172416;0.0;0.0;6954.888;8467.293;-3378.578;6429.5645;-740.6811;-2607.8467
1994-07-21;16.893494;1.8768005;0.00972112;747.72656;1.1852554;62.99185;0.0;-7.3453654e-25;99.99998;-7.345365e-21;0.0008702277;-1.0396894;4.4703484e-05;0.6979257;0.697881;0.0;0.0;6167.217;7506.569;-2917.9988;7074.325;-722.2378;-2142.5945
1994-07-22;17.938202;4.626414;0.009847005;748.906;1.5577278;48.923077;0.0;-7.3453654e-25;99.99998;-7.345365e-21;0.0012814989;-1.0563359;7.4505806e-05;0.68449974;0.6844327;0.0;0.0;6577.5283;8004.359;-3018.2434;7112.8833;-733.8011;-2397.4343
1994-07-23;18.966492;3.4286602;0.010139465;749.1679;1.1831089;74.163765;0.0;-7.3453654e-25;99.99998;-7.345365e-21;0.0017364573;-1.0251161;8.940697e-05;0.6714165;0.6713271;0.0;0.0;6027.8115;7333.8267;-2811.3477;7434.1133;-712.11444;-2057.0522
1994-07-24;19.65264;2.0015666;0.009755452;748.83307;1.2705398;119.179924;0.0;-7.3453654e-25;100.00519;-7.345365e-21;0.0008523463;-1.0783672;4.4703484e-05;0.6586313;0.6585866;0.0;0.0;6456.7407;7853.7905;-3098.4219;7203.239;-749.1055;-2257.1245
1994-07-25;18.609762;1.113678;0.010172526;748.6431;1.4346004;126.20559;0.0;-7.3453654e-25;99.99998;-7.345365e-21;0.0;-1.053039;0.0;0.64612925;0.6461367;0.0;0.0;6764.96;8226.826;-3258.4785;6936.348;-731.5111;-2491.5288
1994-07-26;18.380747;3.3309937;0.0098559065;748.8523;1.329723;101.470795;0.0;-7.3453654e-25;99.99998;-7.345365e-21;0.0008523463;-1.0066665;4.4703484e-05;0.6340742;0.6340444;0.0;0.0;6450.77;7842.866;-3074.2876;7134.261;-699.2967;-2309.2634
1994-07-27;18.259104;6.7627463;0.009930928;747.9046;1.381569;92.412834;0.0;-7.3453654e-25;100.00259;-7.345365e-21;0.000923872;-0.8290652;2.9802322e-05;0.6224364;0.6223917;0.0;0.0;5408.907;6574.7974;-2593.5818;7509.6045;-575.92444;-1992.7622
1994-07-28;19.023865;5.605082;0.009627025;748.6531;1.2607034;78.496185;0.0;-7.3453654e-25;100.00519;-7.345365e-21;0.0008583069;-1.0099001;4.4703484e-05;0.6111115;0.6110668;0.0;0.0;6481.4795;7876.845;-3093.092;7228.507;-701.54333;-2264.7344
1994-07-29;19.853598;5.3062844;0.009869893;747.93585;1.2827433;169.20471;0.0;-7.3453654e-25;99.99998;-7.345365e-21;0.0;-0.99245644;0.0;0.59989095;0.59989095;0.0;0.0;6505.5854;7904.394;-3112.0552;7243.4585;-689.4267;-2343.0945
1994-07-30;18.83195;3.4232686;0.009649913;746.33575;1.3167335;156.51973;0.0;-7.3453654e-25;99.99998;-7.345365e-21;0.0008534589;-0.95926785;4.4703484e-05;0.5890727;0.5890429;0.0;0.0;6689.6807;8126.1963;-3268.1755;6967.805;-666.3711;-2512.4822
1994-07-31;18.354767;1.1057333;0.009708405;745.9421;1.2848594;122.75709;0.0;-7.3453654e-25;99.99998;-7.345365e-21;0.0012814989;-0.94645286;7.4505806e-05;0.5785376;0.578478;0.0;0.0;6733.4062;8177.4956;-3367.561;6778.13;-657.4689;-2448.2156
1994-08-01;16.986288;0.13806152;0.0100364685;745.90704;1.4055015;189.85046;0.0;-7.3453654e-25;99.99998;-7.345365e-21;0.0017106531;-0.8542314;8.940697e-05;0.5683452;0.5682558;0.0;0.0;6753.15;8199.7;-3379.9612;6549.1133;-593.4067;-2670.59
1994-08-02;15.988933;-1.0634562;0.01026535;746.35004;1.1901318;125.506004;0.0;-7.3453654e-25;99.99998;-7.345365e-21;0.0008549127;-0.8522533;4.4703484e-05;0.5583763;0.55833906;0.0;0.0;6844.4688;8308.721;-3616.835;6194.91;-592.0317;-2513.1345
1994-08-03;16.533274;-1.3561503;0.009886424;747.3955;1.2105411;106.88843;0.0;-7.3453654e-25;99.99998;-7.345365e-21;0.0012934224;-0.8762144;7.4505806e-05;0.54872036;0.54864585;0.0;0.0;6748.846;8190.7734;-3495.35;6394.324;-608.6778;-2365.5566
1994-08-04;17.4581;1.5616862;0.00989151;748.18146;1.2867403;103.86249;0.0;-7.3453654e-25;99.99998;-7.345365e-21;0.0008702277;-0.87626094;5.9604645e-05;0.5391836;0.5391687;0.0;0.0;6631.289;8046.312;-3316.4854;6723.21;-608.70886;-2384.0544
1994-08-05;17.773977;2.492096;0.0100911455;749.0756;1.2826394;100.74833;0.0;-7.3453654e-25;99.99998;-7.345365e-21;0.00085234636;-0.8714851;4.4703484e-05;0.5299151;0.52989274;0.0;0.0;6593.3877;7998.5493;-3265.4443;6844.613;-605.3911;-2388.0945
1994-08-06;18.050516;5.0356445;0.010163625;750.05963;1.3535103;93.19274;0.0;-7.3453654e-25;99.99998;-7.345365e-21;0.00085234636;-0.8427128;5.9604645e-05;0.5209148;0.5208552;0.0;0.0;6399.1343;7761.1255;-3012.7422;7168.15;-585.4044;-2426.2434
1994-08-07;18.042856;6.646759;0.010105133;751.17365;1.2908405;103.64953;0.0;-7.3453654e-25;99.99998;-7.345365e-21;0.0021517272;-0.73822963;0.00010430813;0.5122274;0.5121231;0.0;0.0;5585.754;6773.145;-2703.9434;7404.551;-512.8233;-2136.7043
1994-08-08;18.13388;3.8156433;-0.00070317584;751.7986;1.2832987;118.3479;0.0;-7.3453654e-25;100.06769;-7.345365e-21;0.0;-0.8327402;0.0;0.50362945;0.50362945;0.0;0.0;6414.3345;7776.1465;-3138.958;7026.9146;-578.4767;-2440.2278
1994-08-09;17.710653;2.1762187;0.010023753;749.7045;1.283089;108.97467;0.0;-7.3453654e-25;100.00259;-7.345365e-21;0.0004351138;-0.8139945;2.9802322e-05;0.4952848;0.49526244;0.0;0.0;6454.1743;7822.6655;-3266.7363;6803.2393;-565.45447;-2435.9233
1994-08-10;17.123352;-0.8482463;0.009980519;747.12573;1.3024553;127.712395;0.0;-7.3453654e-25;99.99998;-7.345365e-21;0.00044107434;-0.7940941;2.9802322e-05;0.48714876;0.48713386;0.0;0.0;6583.792;7977.9863;-3403.9456;6556.6733;-551.63;-2444.1333
1994-08-11;16.491821;0.29378256;0.009890239;748.1506;1.2864598;102.075745;0.0;-7.3453654e-25;99.99998;-7.345365e-21;0.0006943941;-0.7789973;2.9802322e-05;0.47923625;0.47920644;0.0;0.0;6472.407;7841.0713;-3215.2139;6750.6934;-541.1433;-2445.639
1994-08-12;16.931976;3.54187;0.0097796125;750.70465;1.1943597;93.7616;0.0;-7.3453654e-25;99.99998;-7.345365e-21;0.72024167;-0.91671383;0.03632903;0.5078316;0.47150254;0.0;0.0;6221.5693;7535.5923;-3020.62;6986.46;-636.81;-2314.9534
1994-08-13;17.857391;3.3784993;0.009808858;751.53613;1.1567343;73.512856;0.0;-7.3453654e-25;100.00519;-7.345365e-21;0.25051236;-1.1091456;0.012397766;0.47641993;0.46400726;0.0;0.0;6212.2485;7522.754;-3040.0833;7049.8306;-770.4867;-2102.9534
1994-08-14;18.653025;2.422353;0.010222117;752.93555;1.5036889;44.09491;0.0;-7.3453654e-25;100.00519;-7.345365e-21;0.0012814989;-0.9890515;5.9604645e-05;0.4567206;0.45665354;0.0;0.0;6125.1533;7415.814;-3020.762;7110.682;-687.0611;-2145.61
1994-08-15;19.449625;3.03479;0.009780884;753.6237;1.3449764;63.92645;0.0;-7.3453654e-25;99.99998;-7.345365e-21;0.0;-0.8677337;0.0;0.44944882;0.44946373;0.0;0.0;6182.874;7483.9717;-3047.1536;7240.5166;-602.7867;-2142.8245
1994-08-16;19.264374;2.520579;0.009736379;751.45575;1.1654211;129.1641;0.0;-7.3453654e-25;99.99998;-7.345365e-21;0.089502335;-0.75582415;0.0043958426;0.44687092;0.44246018;0.0;0.0;5634.765;6819.657;-2881.1577;7309.7847;-525.0467;-1994.1011
1994-08-17;18.795807;-2.4065247;0.0099105835;749.85406;1.4766082;145.84581;0.0;-7.3453654e-25;99.99998;-7.345365e-21;0.001292904;-0.7376019;5.9604645e-05;0.43573976;0.43569505;0.0;0.0;5824.5083;7048.4263;-3062.3093;6937.859;-512.38666;-2162.9956
1994-08-18;18.571207;-3.9758708;0.009927114;748.6492;1.4570571;188.3322;0.0;-7.3453654e-25;99.99998;-7.345365e-21;0.00044107434;-0.6894683;2.9802322e-05;0.42912364;0.42910874;0.0;0.0;6231.8604;7540.4136;-3224.431;6681.5996;-478.95056;-2414.7488
1994-08-19;16.734934;-3.3010457;0.010088603;749.4292;1.2845764;149.53015;0.0;-7.3453654e-25;99.99998;-7.345365e-21;0.0021517272;-0.7194746;0.00010430813;0.42271614;0.42261183;0.0;0.0;6434.9907;7785.1523;-3446.8413;6399.1562;-499.79556;-2349.43
1994-08-20;16.66925;-5.2306113;0.010103862;749.81366;1.2708353;122.0261;0.0;-7.3453654e-25;99.99998;-7.345365e-21;0.00042089773;-0.70956165;1.4901161e-05;0.41627884;0.41626394;0.0;0.0;6462.9272;7818.1084;-3557.8577;6262.947;-492.90887;-2231.1956
1994-08-21;17.681192;-0.10620117;0.00976944;750.642;1.1817547;83.03426;0.0;-7.3453654e-25;99.99998;-7.345365e-21;0.0;-0.72814524;0.0;0.41002035;0.41002035;0.0;0.0;6171.8906;7465.2056;-3180.7039;6870.059;-505.81778;-2112.46
1994-08-22;18.689514;3.478831;0.009975433;751.4253;1.262873;89.17237;0.0;-7.3453654e-25;99.99998;-7.345365e-21;0.08137822;-0.72990173;0.003963709;0.40784478;0.40390342;0.0;0.0;6075.2056;7347.3984;-3127.9792;7024.4746;-507.03888;-2136.3223
1994-08-23;17.506327;2.5454407;0.009991963;750.46075;1.0981439;105.11719;0.0;-7.3453654e-25;99.99998;-7.345365e-21;0.2697885;-0.70875233;0.012993813;0.41097403;0.3979802;0.0;0.0;5532.271;6689.9863;-2886.7964;7062.231;-492.34668;-2037.2789
1994-08-24;16.174032;-2.4859822;0.009789784;749.31537;1.3682016;126.27932;0.0;-7.3453654e-25;99.99998;-7.345365e-21;0.00011920929;-0.775326;0.0;0.39222836;0.39222836;0.0;0.0;6130.065;7411.8604;-3276.4512;6470.445;-538.5922;-2319.0178
1994-08-25;15.511525;-4.929606;0.0100746155;749.3035;1.2460555;120.77759;0.0;-7.3453654e-25;99.99998;-7.345365e-21;0.0008523463;-0.6924048;4.4703484e-05;0.38661063;0.38656592;0.0;0.0;6219.2837;7518.8203;-3352.143;6332.484;-480.99;-2250.2424
1994-08-26;16.016378;-5.4624634;0.009830475;749.3173;1.190885;106.90415;0.0;-7.3453654e-25;99.99998;-7.345365e-21;0.00043511385;-0.67733324;2.9802322e-05;0.3810525;0.3810376;0.0;0.0;6175.7817;7465.4004;-3404.516;6353.7627;-470.52112;-2124.57
1994-08-27;16.94457;-2.3640544;0.010063171;749.1733;1.2600781;167.5236;0.0;-7.3453654e-25;99.99998;-7.345365e-21;0.0038618245;-0.64692926;0.00017881393;0.37579238;0.37559867;0.0;0.0;5923.8096;7159.926;-3202.8218;6608.0;-449.4;-2103.5178
1994-08-28;16.214172;-2.824361;0.010023753;749.2351;1.2179576;226.67285;0.0;-7.3453654e-25;99.99998;-7.345365e-21;0.00042617318;-0.61343795;1.4901161e-05;0.37035346;0.37032366;0.0;0.0;6069.1416;7334.7905;-3317.3916;6363.286;-426.13556;-2208.9011
1994-08-29;15.492493;-2.0130005;0.009895325;749.2885;1.278059;256.36462;0.0;-7.3453654e-25;99.99998;-7.345365e-21;0.0025882418;-0.5958304;0.00011920929;0.36531687;0.36518276;0.0;0.0;6004.6655;7256.008;-3273.482;6350.5205;-413.90445;-2237.3533
1994-08-30;15.15804;-1.3491312;0.010180156;748.99146;1.2747352;111.88898;0.0;-7.3453654e-25;99.99998;-7.345365e-21;0.0012993732;-0.5978737;5.9604645e-05;0.36020577;0.3601387;0.0;0.0;5969.2905;7212.36;-3272.1477;6344.221;-415.32333;-2147.4233
1994-08-31;15.166585;2.0337932;0.009774526;750.15625;1.2637225;60.796886;0.0;-7.3453654e-25;99.99998;-7.345365e-21;0.00085234636;-0.55562145;4.4703484e-05;0.35525858;0.35522133;0.0;0.0;5410.652;6536.533;-2859.9473;6805.371;-385.97223;-1982.5533
1994-09-01;15.766582;4.1004333;0.0096588135;750.5004;1.4227581;52.432404;0.0;-7.3453654e-25;99.99998;-7.345365e-21;0.008569016;-0.5668979;0.00040233135;0.35080314;0.3504157;0.0;0.0;5560.09;6716.323;-2982.4502;6734.4746;-393.80444;-2002.5533
1994-09-02;15.589131;4.0127053;0.009634654;750.35944;1.4694806;48.02258;0.0;-7.3453654e-25;99.99998;-7.345365e-21;0.0028043985;-0.56035817;0.00011920929;0.34581125;0.34569204;0.0;0.0;5460.3433;6595.094;-2904.7827;6805.3203;-389.26334;-1996.5289
1994-09-03;13.695119;4.7475076;0.010080974;750.9204;1.7106603;45.854904;0.0;-7.3453654e-25;99.99998;-7.345365e-21;1.2534957;-0.6598244;0.067055225;0.4082322;0.341177;0.0;0.0;4722.0723;5702.8384;-2364.7102;7024.114;-458.3578;-1931.9155
1994-09-04;11.799602;6.2035728;0.009866078;751.73895;1.4305152;41.95823;0.0;-7.3453654e-25;99.99998;-7.345365e-21;10.492012;-1.0453798;0.661999;0.99891424;0.33690035;0.0;0.0;4167.2505;5031.9604;-2032.9917;7095.4746;-726.19;-1618.0778
1994-09-05;11.359395;4.0607705;0.009882609;752.1629;1.9454046;41.936085;0.0;-7.3453654e-25;99.99998;-7.345365e-21;0.032776594;-2.4249554;0.0017285347;0.33447146;0.33274293;0.0;0.0;5124.7563;6187.395;-2271.7852;6626.926;-1684.5366;-1417.4133
1994-09-06;11.606567;4.1039023;0.010002136;751.4401;1.7075967;43.063877;0.0;-7.3453654e-25;99.99998;-7.345365e-21;0.0077188006;-2.0528064;0.0004172325;0.32898784;0.3285855;0.0;0.0;5414.145;6535.992;-2508.3992;6424.818;-1426.0167;-1546.3722
1994-09-07;12.057841;3.27359;0.010007222;749.81757;1.2150629;116.16604;0.0;-7.3453654e-25;99.99998;-7.345365e-21;0.21661632;-1.67601;0.010460615;0.3349781;0.3245026;0.0;0.0;4624.5894;5582.3296;-2209.526;6786.06;-1164.2689;-1251.0667
1994-09-08;9.231954;4.878408;0.009918213;751.1062;1.2444371;68.76774;0.0;-7.3453654e-25;99.99998;-7.345365e-21;6.062234;-1.7290897;0.3490746;0.6697774;0.32069534;0.0;0.0;3557.341;4293.257;-1500.7136;7148.141;-1201.1411;-1078.3889
1994-09-09;10.657115;4.200999;0.009882609;754.3029;1.7646198;37.55103;0.0;-7.3453654e-25;99.99998;-7.345365e-21;0.014448166;-1.8338822;0.00059604645;0.31757355;0.31697005;0.0;0.0;4389.322;5296.87;-1995.4789;6796.5435;-1273.9366;-1302.46
1994-09-10;12.687663;2.023875;0.009941101;754.28687;1.2421726;71.17658;0.0;-7.3453654e-25;99.99998;-7.345365e-21;0.0017286921;-2.0275395;8.940697e-05;0.3132224;0.3131479;0.0;0.0;5423.983;6544.8745;-2637.649;6336.218;-1408.4645;-1277.7766
1994-09-11;14.064656;-0.76368207;0.0044136047;754.761;1.2975571;121.36978;0.0;-7.3453654e-25;100.00486;-7.345365e-21;0.0017225739;-1.8562748;8.940697e-05;0.3094077;0.3093183;0.0;0.0;5316.422;6414.3027;-2604.7644;6475.439;-1289.4922;-1295.3323
1994-09-12;14.250112;-1.517456;0.010011037;755.9499;1.4060693;125.687004;0.0;-7.3453654e-25;99.99998;-7.345365e-21;0.0012876071;-1.6446133;5.9604645e-05;0.30562282;0.3055632;0.0;0.0;5285.8135;6376.626;-2652.7979;6482.4985;-1142.4578;-1399.7811
1994-09-13;12.764445;1.0431925;0.009885152;756.20013;1.3593017;41.71851;0.0;-7.3453654e-25;99.99998;-7.345365e-21;0.1805974;-1.2437477;0.008672476;0.3105849;0.30191243;0.0;0.0;4637.6357;5593.9473;-2443.1858;6626.1255;-863.99;-1278.2478
1994-09-14;12.171783;2.207957;0.009849548;756.102;1.7236336;35.272526;0.0;-7.3453654e-25;99.99998;-7.345365e-21;0.0021457663;-1.1252695;0.00010430813;0.29844046;0.2983436;0.0;0.0;5267.306;6352.7583;-2810.161;6218.352;-781.68665;-1677.9478
1994-09-15;12.5434065;-0.765035;0.009540558;755.34576;1.410986;41.17937;0.0;-7.3453654e-25;99.99998;-7.345365e-21;0.00043511385;-1.0008142;1.4901161e-05;0.29481947;0.29479712;0.0;0.0;5344.475;6445.0713;-3112.0125;5932.6206;-695.23224;-1508.2234
1994-09-16;12.779592;-5.3163247;0.00990804;755.45087;1.2165238;79.20044;0.0;-7.3453654e-25;99.99998;-7.345365e-21;0.0;-0.8585509;0.0;0.2913028;0.29129535;0.0;0.0;5276.5244;6357.597;-3060.8467;6027.98;-596.4067;-1466.7089
1994-09-17;13.477692;-4.145243;0.010019938;756.90576;0.9845037;67.29212;0.0;-7.3453654e-25;99.99998;-7.345365e-21;0.020357966;-0.73732805;0.0010281801;0.2888888;0.28785318;0.0;0.0;4974.4077;5988.334;-2845.0996;6440.17;-512.19775;-1393.3589
1994-09-18;13.479797;-3.3502605;0.0099817915;756.8433;1.1570352;34.07264;0.0;-7.3453654e-25;99.99998;-7.345365e-21;0.01950562;-0.63538086;0.00093877316;0.28541684;0.28447807;0.0;0.0;4899.102;5892.58;-2805.4702;6481.4995;-441.37778;-1499.9711
1994-09-19;12.685262;-2.1971233;0.010084788;755.4932;1.5664023;36.35706;0.0;-7.3453654e-25;99.99998;-7.345365e-21;0.07846561;-0.5393941;0.003784895;0.2849698;0.2811998;0.0;0.0;4601.203;5529.424;-2614.9978;6509.835;-374.7;-1613.3334
1994-09-20;11.224467;-4.7771707;0.009899139;754.45605;1.6275822;34.479504;0.0;-7.3453654e-25;99.99998;-7.345365e-21;0.0;-0.5305987;0.0;0.27799606;0.27799606;0.0;0.0;5136.4473;6167.2554;-3022.955;5926.3755;-368.5889;-1816.6444
1994-09-21;11.512675;-5.4396873;0.009929657;755.6425;1.1703843;62.17714;0.0;-7.3453654e-25;99.99998;-7.345365e-21;0.06756269;-0.5002283;0.0031590462;0.27798116;0.27483702;0.0;0.0;4625.1616;5548.5566;-2724.025;6262.656;-347.49167;-1470.7567
1994-09-22;11.492981;-3.987671;0.010243733;757.64386;1.1373022;50.72674;0.0;-7.3453654e-25;99.99998;-7.345365e-21;0.12969673;-0.53178054;0.0061243773;0.27789176;0.27174503;0.0;0.0;4711.3604;5647.0527;-2705.046;6348.251;-369.41;-1568.3622
1994-09-23;11.472341;-5.504181;0.0099436445;758.46674;1.1272913;87.21026;0.0;-7.3453654e-25;99.99998;-7.345365e-21;0.05130768;-0.5107373;0.0024586916;0.27117133;0.2687201;0.0;0.0;4518.749;5411.49;-2734.5637;6228.451;-354.79224;-1434.3
1994-09-24;11.280568;-5.2330728;0.010050456;758.21234;1.0721706;133.88939;0.0;-7.3453654e-25;99.99998;-7.345365e-21;0.12820655;-0.49601868;0.006005168;0.27176738;0.26575476;0.0;0.0;4515.0396;5402.3877;-2652.7603;6265.609;-344.56778;-1494.8145
1994-09-25;10.106934;-0.15231323;0.00977834;756.7824;1.1537646;134.16936;0.0;-7.3453654e-25;99.99998;-7.345365e-21;1.0448083;-0.5542403;0.056438148;0.31930208;0.26285648;0.0;0.0;4217.2637;5041.71;-2302.3318;6590.8457;-385.0122;-1537.3077
1994-09-26;9.6788435;1.2564697;0.010144551;754.6604;1.0877535;139.93442;0.0;-7.3453654e-25;99.99998;-7.345365e-21;2.0718856;-0.88351965;0.12092292;0.3809929;0.26005507;0.0;0.0;4345.5376;5190.509;-2359.9917;6444.896;-613.7522;-1419.64
1994-09-27;9.794861;0.104766846;0.009849548;753.60815;0.963733;165.57092;0.0;-7.3453654e-25;99.99998;-7.345365e-21;0.32227096;-0.9678584;0.01513958;0.27246773;0.2573207;0.0;0.0;3930.9314;4691.2866;-2025.2322;6703.4155;-672.33887;-1205.6833
1994-09-28;8.452179;2.4418132;0.010027568;753.86884;0.7547245;195.67708;0.0;-7.3453654e-25;99.99998;-7.345365e-21;1.0760514;-0.7800646;0.051558018;0.30624866;0.25469065;0.0;0.0;3152.9277;3759.4873;-1736.45;6830.2754;-541.88556;-1130.0555
1994-09-29;8.7916975;1.2175802;0.010181427;755.07623;0.9224039;119.34496;0.0;-7.3453654e-25;99.99998;-7.345365e-21;0.21463633;-0.9380039;0.010281801;0.26237965;0.25211275;0.0;0.0;3771.0276;4492.5815;-1965.9639;6660.2876;-651.6;-1210.6578
1994-09-30;9.45811;1.6657206;0.009805043;755.448;0.956502;150.80981;0.0;-7.3453654e-25;99.99998;-7.345365e-21;0.41753054;-0.8480661;0.019803643;0.2693385;0.24953485;0.0;0.0;4018.6355;4783.5312;-2141.229;6541.849;-589.12335;-1259.27
1994-10-01;7.164541;2.9962566;0.009869893;753.3073;0.8848074;115.75358;0.0;-7.3453654e-25;99.99998;-7.345365e-21;6.485975;-0.7588612;0.39640814;0.64347684;0.24707615;0.0;0.0;2607.1726;3100.7566;-1477.9922;6876.549;-527.1556;-862.7222
1994-10-02;5.5761313;1.525472;0.009928386;752.811;1.0177274;74.52383;0.0;-7.3453654e-25;99.99998;-7.345365e-21;4.80099;-1.4672409;0.3052801;0.54995716;0.24469197;0.0;0.0;3603.906;4282.405;-1757.2339;6532.8228;-1019.24225;-1113.9523
1994-10-03;7.3010964;0.070241295;0.009911855;754.184;0.9735177;54.29037;0.0;-7.3453654e-25;99.99998;-7.345365e-21;0.003216969;-1.5614526;0.00015646219;0.2424568;0.24230033;0.0;0.0;3818.7642;4533.7627;-1962.0339;6365.13;-1084.6888;-883.23444
1994-10-04;8.299571;-0.47155762;0.009989421;754.785;0.96584123;78.14284;0.0;-7.3453654e-25;99.99998;-7.345365e-21;0.00044107434;-1.5736288;2.9802322e-05;0.2399087;0.2398938;0.0;0.0;4310.321;5113.1577;-2284.8193;6123.489;-1093.1478;-987.5845
1994-10-05;8.82845;-0.5954183;0.010007222;754.69116;0.9709571;73.203224;0.0;-7.3453654e-25;99.99998;-7.345365e-21;0.020235777;-1.5217671;0.001013279;0.23850799;0.2374947;0.0;0.0;4411.3257;5228.42;-2352.6912;6144.6216;-1057.1211;-986.68054
1994-10-06;8.397023;-1.1807963;0.0100746155;754.4738;1.2068394;33.517162;0.0;-7.3453654e-25;99.99998;-7.345365e-21;0.19705594;-1.3732258;0.009670854;0.24481118;0.23512542;0.0;0.0;4300.4263;5092.609;-2381.7473;6053.601;-953.93445;-1049.5978
1994-10-07;7.935618;-0.59713745;0.009961446;756.0213;1.3427224;34.31177;0.0;-7.3453654e-25;99.99998;-7.345365e-21;0.23514163;-1.1754009;0.011190772;0.24402142;0.23283064;0.0;0.0;4140.781;4899.289;-2352.5188;6000.468;-816.51166;-1084.62
1994-10-08;7.25119;-1.6677856;0.010014852;757.08966;1.4767265;35.50093;0.0;-7.3453654e-25;99.99998;-7.345365e-21;0.0004278641;-1.0992;1.4901161e-05;0.23059547;0.23055822;0.0;0.0;4441.1895;5250.208;-2619.676;5644.824;-763.5772;-1223.5033
1994-10-09;7.0837708;-3.313741;0.009782155;757.66156;1.2565058;39.156322;0.0;-7.3453654e-25;99.99998;-7.345365e-21;0.0017262009;-1.0402659;8.940697e-05;0.228405;0.22831559;0.0;0.0;4473.185;5283.5327;-2717.7;5533.148;-722.63776;-1145.0411
1994-10-10;6.8652444;-5.572408;0.010049184;758.41473;1.1036382;45.339222;0.0;-7.3453654e-25;99.99998;-7.345365e-21;0.002155024;-0.97943;0.00010430813;0.22619963;0.22610277;0.0;0.0;4421.352;5217.872;-2748.2378;5504.1387;-680.3772;-1077.6511
1994-10-11;7.2824807;-7.1018167;0.009976705;758.94;1.0790316;35.107895;0.0;-7.3453654e-25;99.99998;-7.345365e-21;0.00043511385;-0.8800626;1.4901161e-05;0.22393465;0.2239123;0.0;0.0;4474.758;5276.372;-2830.7656;5419.701;-611.35;-988.87335
1994-10-12;8.176392;-7.2361856;0.010068257;756.7348;0.94835377;55.03389;0.0;-7.3453654e-25;99.99998;-7.345365e-21;0.0;-0.7991502;0.0;0.22174418;0.22175163;0.0;0.0;4388.2666;5169.977;-2681.2983;5699.136;-555.1433;-1038.1111
1994-10-13;7.8161416;-2.410024;0.010166168;753.76544;0.97977704;178.98174;0.0;-7.3453654e-25;99.99998;-7.345365e-21;0.25265515;-0.5383361;0.011757016;0.23142993;0.21966547;0.0;0.0;3103.6077;3653.4878;-1765.6333;6622.8545;-373.96335;-942.27
1994-10-14;6.6586404;3.6693318;0.009813945;752.3379;0.8953037;217.93268;0.0;-7.3453654e-25;99.99998;-7.345365e-21;5.0624313;-0.7011872;0.29964;0.5173534;0.21771342;0.0;0.0;2524.0112;2968.8489;-1160.4222;7127.6743;-487.09113;-911.4167
1994-10-15;5.9978843;3.9442036;0.010220845;751.8476;0.85523003;152.13829;0.0;-7.3453654e-25;99.99998;-7.345365e-21;6.27259;-1.126023;0.3889799;0.60483813;0.21584332;0.0;0.0;2722.8494;3199.5256;-1292.294;6932.919;-782.21;-864.83887
1994-10-16;5.9319763;0.77601117;0.010166168;750.6508;0.98434776;97.83475;0.0;-7.3453654e-25;99.99998;-7.345365e-21;5.9604645e-05;-1.3745027;0.0;0.21398067;0.21395832;0.0;0.0;3809.13;4474.6377;-2065.9033;6098.791;-954.82166;-1100.64
1994-10-17;5.4006653;-0.2921753;0.009989421;751.09174;0.9677475;141.42307;0.0;-7.3453654e-25;99.99998;-7.345365e-21;0.7618346;-1.206451;0.038444996;0.25048852;0.21203607;0.0;0.0;3786.7256;4447.191;-1953.7189;6153.1304;-838.0811;-993.12
1994-10-18;4.4995728;3.5140278;0.009807587;751.80597;1.2005128;199.92206;0.0;-7.3453654e-25;99.99998;-7.345365e-21;7.29146;-1.3812482;0.4465133;0.6567687;0.21024793;0.0;0.0;2262.7896;2657.0356;-573.54724;7472.34;-959.50665;-848.19
1994-10-19;3.981842;2.7073467;0.009950002;753.3235;1.0310814;215.62244;0.0;-7.3453654e-25;99.99998;-7.345365e-21;4.2921033;-1.1789361;0.27679652;0.48533082;0.20854175;0.0;0.0;2104.3362;2469.975;-850.0978;7120.7554;-818.9683;-718.19336
1994-10-20;4.352427;-0.7165324;0.010097504;754.8829;0.9063048;106.81997;0.0;-7.3453654e-25;99.99998;-7.345365e-21;0.0025735607;-1.5193876;0.00014901161;0.20692497;0.20678341;0.0;0.0;3741.5754;4389.961;-2050.9705;5897.094;-1055.4678;-1022.5845
1994-10-21;5.0184836;-2.1134846;0.010055542;754.0449;0.94700307;244.16846;0.0;-7.3453654e-25;99.99998;-7.345365e-21;0.0;-1.2743529;0.0;0.20499527;0.20499527;0.0;0.0;3648.6655;4279.6646;-2041.3567;5826.704;-885.25;-782.0356
1994-10-22;5.5078635;-0.09400431;0.009857178;755.14496;0.9459161;143.62823;0.0;-7.3453654e-25;99.99998;-7.345365e-21;0.15937686;-1.1415817;0.008836389;0.21208823;0.20325929;0.0;0.0;3473.0889;4072.49;-1979.5433;5977.14;-793.01886;-798.69556
1994-10-23;5.562571;1.7553202;0.010178884;757.0756;0.9979837;133.86009;0.0;-7.3453654e-25;99.99998;-7.345365e-21;0.7644892;-1.0846052;0.041991472;0.24352968;0.20154566;0.0;0.0;3118.4412;3655.4111;-1628.7661;6412.7817;-753.44;-718.2722
1994-10-24;7.645569;3.6691387;0.009897868;756.94507;0.77196175;131.708;0.0;-7.3453654e-25;99.99998;-7.345365e-21;2.2461267;-1.1098571;0.15152991;0.35139918;0.19986928;0.0;0.0;3189.004;3736.7932;-1591.7123;6668.8945;-770.98114;-648.4644
1994-10-25;6.7609153;4.3224792;0.009933472;754.8969;1.003993;272.04977;0.0;-7.3453654e-25;100.00259;-7.345365e-21;0.8371204;-1.0229517;0.04618615;0.24442375;0.1982376;0.0;0.0;2644.4412;3097.922;-1352.3894;6823.2456;-710.61;-693.56
1994-10-26;4.7058716;1.7289835;0.010012309;753.9329;1.1093355;186.69495;0.0;-7.3453654e-25;99.99998;-7.345365e-21;0.94652176;-1.0781465;0.052422285;0.24908781;0.19663572;0.0;0.0;2891.891;3386.7678;-1591.5616;6413.6533;-748.95276;-809.92554
1994-10-27;4.3163657;1.7250366;0.009854634;753.8732;1.0449047;127.55087;0.0;-7.3453654e-25;99.99998;-7.345365e-21;1.0661334;-1.0715127;0.059083104;0.2541393;0.1950562;0.0;0.0;2823.713;3305.939;-1389.6923;6595.8354;-744.3444;-828.1533
1994-10-28;4.026133;-1.0622355;0.010075887;753.49146;0.9634053;80.16315;0.0;-7.3453654e-25;99.99998;-7.345365e-21;0.02169609;-1.1395365;0.001206994;0.19468367;0.19348413;0.0;0.0;3224.186;3773.4421;-1769.2372;6173.448;-791.5978;-924.18
1994-10-29;3.667155;-1.5463562;0.010105133;753.55804;0.9841437;72.38318;0.0;-7.3453654e-25;99.99998;-7.345365e-21;0.10018945;-0.9093145;0.0052303076;0.19714236;0.19191206;0.0;0.0;2852.52;3337.1868;-1679.9161;6124.6035;-631.67;-691.8356
1994-10-30;2.9436035;0.5079854;0.010023753;752.1568;0.94626063;160.47629;0.0;-7.3453654e-25;99.99998;-7.345365e-21;3.0575335;-0.9567691;0.19694865;0.38734078;0.19039214;0.0;0.0;2553.7766;2986.9255;-1046.2781;6829.0254;-664.6361;-831.9411
1994-10-31;3.8760273;1.093689;0.010148366;753.4819;0.8725486;227.80261;0.0;-7.3453654e-25;99.99998;-7.345365e-21;1.1631012;-1.0223063;0.06493926;0.25387108;0.18893182;0.0;0.0;2381.2412;2784.369;-1044.8778;6878.5767;-710.16113;-700.64
1994-11-01;4.3956094;-0.071624756;0.01008606;756.21173;0.88062686;154.93372;0.0;-7.3453654e-25;99.99998;-7.345365e-21;0.0654161;-1.1419514;0.0036507845;0.19109249;0.18744916;0.0;0.0;3320.7112;3881.6511;-1999.8794;5947.692;-793.2756;-827.7478
1994-11-02;4.185547;-2.0953674;0.010128021;756.6115;0.9297555;82.22825;0.0;-7.3453654e-25;99.99998;-7.345365e-21;0.0;-0.99013466;0.0;0.18596649;0.18595904;0.0;0.0;3489.125;4077.172;-2209.6255;5549.133;-687.8139;-667.9033
1994-11-03;4.5505066;-2.809367;0.010114034;754.2713;0.8845753;164.74013;0.0;-7.3453654e-25;99.99998;-7.345365e-21;0.0012154187;-0.9513236;7.4505806e-05;0.18455088;0.18448383;0.0;0.0;3438.0684;4016.3032;-2111.8057;5655.439;-660.8528;-673.0022
1994-11-04;2.8502705;-2.5169983;-0.018909454;749.721;0.8600567;99.325836;0.13305664;4.152457e-05;105.18618;0.16276042;4.05384;-0.79460627;0.23663044;0.4196763;0.18304586;0.00031292439;0.55263937;2607.7605;3045.3923;-1426.8428;6288.4766;-551.9878;-602.36334
1994-11-05;1.0149435;0.32211304;-0.0084279375;745.7356;0.7110558;129.24501;22.756918;0.0034798384;143.96124;23.4375;13.852345;-0.6193025;0.724718;0.90643764;0.18171966;0.81534123;5.1013083;832.6544;1200.1489;-292.9228;7204.025;-430.09723;-303.3989
1994-11-06;-0.84295654;-1.52764;-0.37454733;743.8565;1.1169103;94.69836;61.90877;0.01529479;145.73402;102.70182;43.123707;-0.5414551;0.5219132;0.70235133;0.18043071;1.3194717;37.59746;843.88;1334.5044;-274.425;7049.2246;-386.65;-338.23666
1994-11-07;-4.411329;-5.692576;-2.3128128;743.84393;1.1948208;130.02666;100.0;0.058406394;144.15753;400.9603;24.878714;-0.22823177;0.006534159;0.18568337;0.17915666;0.0028442591;23.952284;398.24777;1694.8145;-295.8589;6601.2876;-177.58223;-189.21222
1994-11-08;-7.8639336;-9.540599;-6.7840447;746.597;0.93608046;142.85258;100.0;0.07069882;151.25584;467.1224;2.7289243;-0.10971539;0.0;0.17789006;0.17789006;0.0;2.718281;755.07947;3125.5933;-982.67944;5434.849;-82.70778;-149.31223
1994-11-09;-8.168709;-13.99559;-12.647995;751.36237;1.2567717;45.064987;100.0;0.071547545;154.48143;463.54166;0.0033676624;-0.054134056;0.0;0.17662346;0.17663091;0.0;0.0033676624;994.41;4021.8655;-1274.6528;4594.57;-37.845;-47.08889
1994-11-10;-4.776245;-13.928428;-15.23291;752.04803;1.019318;94.96271;100.0;0.071562886;156.9645;456.09537;0.0004351138;-0.03172923;0.0;0.17538667;0.17539412;0.0;0.0;1003.3628;3953.8667;-1156.0767;4536.333;-20.582222;61.40111
1994-11-11;-3.762685;-13.661616;-13.256938;751.716;1.103989;61.11854;100.0;0.071571074;159.42055;449.09668;0.0025749207;-0.057543628;0.0;0.17416477;0.17415732;0.0;0.0;1023.1872;3930.05;-1009.8417;4903.4556;-40.003334;40.262222
1994-11-12;-2.5064697;-7.846639;-10.677423;749.9966;1.0518585;64.322395;100.0;0.071591735;162.41307;441.08072;0.000861198;-0.017891638;0.0;0.17295778;0.17295778;0.0;0.0;1032.1394;3866.9133;-1136.2372;4988.13;-9.431111;16.653334
1994-11-13;-2.2045796;-5.9221497;-10.034878;749.0051;0.96522546;59.540726;100.0;0.07162559;165.6953;432.41373;0.0017046927;-0.0027474016;0.0008493662;0.17261505;0.17176569;0.012051314;0.0;1035.0444;3768.37;-1169.25;5003.5884;2.0155556;13.713333
1994-11-14;-4.0901694;-7.016459;-7.083107;746.9536;0.82611036;84.60167;100.0;0.072805405;168.22198;432.5765;3.6391973;-0.070659444;0.0067055225;0.17729402;0.1705885;0.023771077;3.0916295;917.12836;3241.5122;-574.4117;5970.763;-51.09;-67.81778
1994-11-15;-1.7506613;-3.4759624;-2.671959;747.94434;0.80434614;70.58838;100.0;0.07518152;172.36229;437.21518;0.16116309;-0.055233017;0.01347065;0.18289685;0.16943365;0.18103234;0.03869459;657.11444;2365.9355;-774.1811;6096.222;-40.264446;-63.18778
1994-11-16;-2.4827983;-4.3133445;-2.9355862;746.03516;1.0201153;51.200405;100.0;0.07543548;179.59438;420.53223;1.9441098;-0.037688762;0.03503263;0.20332634;0.16830117;0.32394007;0.6495938;620.38;2038.7489;-594.28613;6227.6636;-26.958889;-47.885555
1994-11-17;-0.8946533;-1.8054403;-0.5722224;743.4709;0.7997903;154.38722;100.0;0.079835616;186.5973;428.42612;3.6984205;-0.08909963;0.102587044;0.26977062;0.16718358;0.35169348;1.7032511;573.43665;1806.9055;-285.20612;6900.8867;-67.76722;-87.475555
1994-11-18;-0.9932251;-1.7566324;-0.1964302;749.4422;0.8807412;222.50323;100.0;0.0793399;194.51788;408.61002;1.2924701;-0.16952492;0.28902292;0.45511127;0.16608834;2.4086685;0.5263723;772.2522;2167.67;-523.4611;6669.561;-130.22;-117.15
1994-11-19;-1.091329;-1.6146952;-0.30904642;751.10724;0.6882677;246.51848;100.0;0.07859608;201.56346;390.58432;1.6403884;-0.11350494;0.15851855;0.323534;0.16500056;0.92976916;0.79229844;483.41556;1252.1355;-201.3039;6995.883;-87.72444;-93.17778
1994-11-20;-1.2313334;-3.0734355;-0.3792076;749.8286;0.6684223;152.5461;100.0;0.07826626;206.26723;379.5166;5.302697;-0.17024669;0.3926307;0.5565733;0.16393512;2.8627627;3.3190622;862.9839;2175.2166;-750.5289;6336.941;-130.4911;-104.543335
1994-11-21;-0.8574524;-2.2243245;-0.6170146;748.9255;0.7479698;168.5742;100.0;0.08009406;209.79816;382.32422;6.361425;-0.0818586;0.59325993;0.7561445;0.1628846;2.374012;1.7520934;906.8161;2410.7222;-711.8472;6404.799;-60.975555;-79.73222
1994-11-22;-0.8534851;-2.3876445;-0.31321207;747.54645;0.8063257;189.84045;100.0;0.07949134;215.83461;367.79785;9.479883;-0.21891761;0.5645007;0.7263273;0.16183406;3.1072385;6.2078013;926.3361;2347.2888;-509.7489;6656.09;-167.61667;-110.69334
1994-11-23;-1.4674886;-2.1163635;-0.20733643;743.80035;0.5923027;223.13873;100.0;0.0892119;203.01332;439.00552;7.7388525;-0.11861045;0.46475232;0.62556565;0.16081333;2.095256;5.2773952;658.0911;2195.37;-488.33945;6685.0273;-90.056114;-129.79556
1994-11-24;-2.3529994;-2.8761356;-0.6101125;747.73883;0.7191548;132.11761;100.0;0.09440482;201.10448;468.3431;8.003238;-0.13797358;0.030875206;0.19070506;0.15981495;0.114325434;7.1867704;436.3639;1416.4388;-465.8;6595.75;-106.52556;-127.62556
1994-11-25;-2.822403;-4.4350076;-1.8648669;743.70624;0.71412754;174.7381;100.0;0.09853367;203.02245;485.35156;0.85023344;-0.1488002;0.014215708;0.17306209;0.15883148;0.10935217;0.47706813;832.1089;2648.9521;-1000.0783;5831.999;-112.227776;-98.39111
1994-11-26;-4.1517234;-4.755117;-2.7191265;742.43896;1.6787568;208.91039;100.0;0.10220341;204.07452;499.5524;8.503276;-0.16712862;0.002682209;0.16054511;0.15787035;0.0;8.097138;760.06055;2395.2344;-585.0528;6305.5205;-128.36444;-203.54222
1994-11-27;-5.079918;-5.642184;-3.196827;742.7864;1.1769849;192.51147;100.0;0.12868392;179.76105;713.9079;47.32548;-0.17349702;0.0;0.15692413;0.15693158;0.0;46.59561;265.25333;1085.5067;-62.043335;6803.259;-135.11111;-227.14111
1994-11-28;-5.3357215;-6.086924;-3.6946754;744.1025;1.1010635;205.31389;100.0;0.18211906;155.16371;1169.7592;31.06078;-0.13347343;0.0;0.15600026;0.1560077;0.0;30.512459;364.12332;1581.36;-259.2739;6542.5347;-102.88;-175.56778
1994-11-29;-6.650678;-8.269082;-5.8137054;745.5871;1.0799901;237.4544;100.0;0.19061406;165.10089;1156.8197;1.029564;-0.10133162;0.0;0.15510619;0.15509874;0.0;1.0243878;579.1528;2455.719;-865.9511;5605.473;-76.30111;-93.26444
1994-11-30;-6.8439775;-7.8693643;-7.5369835;741.47174;0.7164374;218.20476;100.0;0.20077737;167.48175;1196.9401;18.109043;0.000808388;0.0;0.15419722;0.15421212;0.0;18.104397;271.87555;1142.1666;-86.73556;6432.924;1.3794445;-38.078888
1994-12-01;-7.0889244;-8.161944;-6.5581207;743.7832;1.2972089;197.63368;100.0;0.21086586;172.25941;1224.9349;4.7341485;-0.055888668;0.0;0.15333295;0.15333295;0.0;4.729539;611.105;2611.5989;-602.1639;5904.9937;-40.842224;-109.48111
1994-12-02;-6.868749;-7.727011;-6.5233665;741.5642;1.2421894;166.89983;100.0;0.24072869;166.37335;1440.4297;53.91898;-0.044844113;0.0;0.15246868;0.15247613;0.0;53.911263;162.97444;698.6889;-3.1744444;6601.1045;-34.75;-87.90667
1994-12-03;-9.344275;-11.2806015;-7.423509;734.304;0.7622735;183.70598;100.0;0.295056;157.66078;1868.9779;27.324013;-0.107008964;0.0;0.15163422;0.15163422;0.0;27.304373;270.3578;1186.2655;-567.8483;5770.594;-82.94778;-104.98333
1994-12-04;-13.6912985;-15.92063;-11.32738;733.0056;1.1192223;199.53601;100.0;0.30536267;163.98761;1861.5316;10.236758;-0.12832788;0.0;0.15079975;0.15079975;0.0;10.228999;493.7311;2117.7478;-417.085;5597.201;-99.17111;-246.37555
1994-12-05;-18.093836;-21.422844;-14.917514;739.9532;0.9287264;212.17659;100.0;0.31412616;164.85968;1906.2094;4.0151057;-0.085920095;0.0;0.14999509;0.14998019;0.0;4.009966;558.8433;2403.1455;-988.4722;4559.6924;-66.07111;-204.1489
1994-12-06;-19.66276;-26.590948;-21.751612;747.81537;1.2174081;73.35665;100.0;0.31545624;170.0602;1856.893;0.0063747168;-0.02849102;0.0;0.14917552;0.14918298;0.0;0.005081296;792.2806;3318.3254;-1414.6339;3492.6484;-20.442223;-20.666666
1994-12-07;-15.554193;-23.144241;-24.260971;750.09015;1.339521;11.708378;100.0;0.31546736;174.26561;1811.4014;0.0;0.0003511086;0.0;0.14838576;0.14838576;0.0;0.0;805.18945;3282.2766;-1034.755;3873.9333;1.9922222;98.85889
1994-12-08;-12.35009;-21.78641;-24.012497;748.73486;0.97840595;148.07648;100.0;0.31549516;178.03058;1773.2748;0.06635785;-0.0011501834;0.0;0.1476109;0.14760345;0.0;0.065498054;830.69666;3298.341;-850.83386;4129.0845;0.7677778;96.27889
1994-12-09;-12.429494;-17.460896;-21.600039;748.24603;0.8282147;99.617836;100.0;0.31559464;182.03546;1735.2295;0.016744105;0.011228025;0.0;0.14682114;0.14682859;0.0;0.013735145;800.42725;3099.2334;-880.7022;4310.8213;10.29;45.97889
1994-12-10;-13.607685;-18.435812;-21.236479;748.48175;1.1404767;41.099533;100.0;0.31563392;186.31866;1695.5973;0.008484243;0.011345372;0.0;0.14607608;0.14607608;0.0;0.007621944;821.66943;3104.2466;-978.325;4204.8564;10.494445;57.49889
1994-12-11;-10.832157;-17.093857;-20.980352;747.36646;0.7550757;164.27873;100.0;0.31566343;190.47264;1658.8541;0.00067353237;0.006943941;0.0;0.14531612;0.14533103;0.0;0.00024586916;826.0356;3046.2278;-934.6433;4280.069;7.0077777;61.353333
1994-12-12;-11.634757;-13.559193;-18.368208;745.13257;0.6170745;222.57013;100.0;0.31666076;193.53839;1637.0035;2.056563;0.022839755;0.0;0.14460087;0.14459342;0.0;2.0531006;489.87;1777.24;-56.1;5597.25;18.442223;0.29333332
1994-12-13;-9.98467;-11.563323;-14.455539;745.2238;0.7745549;252.13739;100.0;0.31801173;197.56573;1611.4908;0.5390346;0.0099390745;0.0;0.14387071;0.14386326;0.0;0.535585;711.9155;2600.1843;-459.65445;5450.149;9.396667;-31.673334
1994-12-14;-8.232513;-9.3185625;-11.557452;748.0938;0.7417744;233.9467;100.0;0.31930092;203.2184;1573.0387;1.3011796;0.013927929;0.0;0.14314055;0.143148;0.0;1.296442;438.12555;1588.1022;-181.70612;6018.077;11.755555;-28.25
1994-12-15;-6.1690726;-9.294599;-10.41293;748.8306;0.7368026;183.63295;100.0;0.3198646;210.49477;1521.5658;0.051915646;-0.003967434;0.0;0.1424402;0.1424402;0.0;0.051047653;814.29333;2929.359;-1074.2805;5023.0977;-0.3;-3.228889
1994-12-16;-7.663395;-9.4833;-12.038128;747.53345;0.7796772;163.39941;100.0;0.31991395;217.1546;1474.9349;0.028803945;0.0133458525;0.0;0.14173985;0.14173985;0.0;0.023175031;788.70447;2771.9878;-892.57947;5054.078;12.527778;-13.662222
1994-12-17;-7.2918725;-8.470043;-10.25726;744.395;0.96695966;244.48698;100.0;0.3219979;221.4645;1453.5726;9.545106;0.0210125;0.0;0.14105439;0.14105439;0.0;9.525348;455.09833;1581.5067;-51.15167;6324.903;17.21889;-17.36111
1994-12-18;-6.7104344;-7.678406;-7.1723633;744.9572;1.1080009;201.73666;100.0;0.33648297;218.12498;1542.3319;9.505203;-0.026915222;0.0;0.14036894;0.14037639;0.0;9.492766;440.44388;1815.1766;-239.13445;6328.664;-19.382778;-81.14445
1994-12-19;-6.9947357;-8.517568;-6.6212363;743.1104;0.56458116;129.52797;100.0;0.35021698;215.71385;1621.7448;26.726532;-0.03016647;0.0;0.13971329;0.13970584;0.0;26.721977;229.45111;951.44336;-278.155;6268.78;-22.983334;-39.45889
1994-12-20;-10.630578;-12.767906;-8.76741;745.14923;0.7682201;235.65675;100.0;0.36943245;209.46124;1765.1367;2.8771937;-0.06598979;0.0;0.13902783;0.13904274;0.0;2.8703027;534.7589;2310.3433;-823.87164;5323.9966;-49.69278;-108.66556
1994-12-21;-12.742091;-17.619553;-12.535239;750.73755;1.0299911;43.18266;100.0;0.37046537;216.82777;1710.2865;0.016510487;-0.067997724;0.0;0.13837218;0.13837963;0.0;0.01565367;700.9439;2954.088;-1417.7872;4233.7275;-50.67889;-105.48444
1994-12-22;-11.288585;-19.968103;-17.487204;750.4587;1.3248333;25.799278;100.0;0.37046722;222.06053;1669.6371;0.0008523463;-0.016150996;0.0;0.13773143;0.13773143;0.0;0.0;773.8078;3173.9211;-1326.04;3978.581;-10.077778;83.912224
1994-12-23;-9.119336;-17.114222;-17.397738;750.0508;1.092;105.0693;100.0;0.37072277;225.79718;1643.1478;0.30821562;-0.0091623515;0.0;0.13709068;0.13709068;0.0;0.30439347;688.2228;2757.01;-720.47;4833.9604;-4.941111;52.168888
1994-12-24;-12.324356;-15.75164;-16.983934;750.31683;1.4604813;11.586604;100.0;0.37081838;229.74315;1615.3564;0.0041413396;0.012316741;0.0;0.13644993;0.13645738;0.0;0.002425164;756.2183;2950.7056;-968.2978;4551.2617;11.692223;24.477777
1994-12-25;-13.510952;-17.850077;-18.281761;750.34296;1.5859146;12.504304;100.0;0.37085426;233.42674;1589.7623;0.0004351138;0.0126268715;0.0;0.13580918;0.13582408;0.0;7.4505806e-06;830.2489;3161.0867;-1295.6655;4008.389;11.91;69.37444
1994-12-26;-10.380315;-18.971197;-19.529118;749.7637;1.3543863;6.963745;100.0;0.37088522;236.54066;1569.0104;0.00085234636;0.00025425106;0.0;0.13521314;0.13521314;0.0;0.0;863.6117;3206.1023;-1130.0161;4143.0054;2.2233334;121.83889
1994-12-27;-6.651676;-19.256521;-17.595106;750.3086;0.8555739;242.75255;100.0;0.37098774;239.53871;1549.8453;0.20839252;-0.013187528;0.0;0.13460219;0.13460219;0.0;0.19615516;565.4106;2047.0856;-445.7261;5184.981;-9.055;94.33889
1994-12-28;-5.9368286;-16.782124;-15.250275;750.2156;0.5711798;198.48303;100.0;0.37147692;242.56476;1532.1859;1.4756774;-0.02463907;0.0;0.13399124;0.13400614;0.0;1.4141426;583.6078;2070.5266;-177.56833;5747.9824;-17.471111;39.086666
1994-12-29;-5.062256;-6.856655;-10.893105;749.1066;0.68502307;36.17025;100.0;0.37369034;244.8216;1526.9775;3.3079088;0.021634623;0.0;0.133425;0.1334101;0.0;3.2750256;414.5111;1491.8445;23.852777;6390.3477;17.731112;7.7244444
1994-12-30;-5.385176;-6.426309;-7.7300315;748.0302;0.60267514;102.3678;100.0;0.38119605;244.2591;1560.669;8.3048935;0.0034403056;0.0;0.13282895;0.1328215;0.0;8.196518;347.5711;1351.6566;-123.615;6447.9546;3.6755555;-28.632223
1994-12-31;-6.77593;-7.897288;-6.7596765;746.79834;0.7204401;166.27003;100.0;0.3854597;247.57127;1558.1055;2.0695806;-0.036409125;0.0;0.1322478;0.13224036;0.0;2.06073;454.81445;1814.6278;-374.71167;6162.1377;-26.822222;-69.88778
1995-01-01;-5.933085;-6.985353;-6.1360397;747.6154;1.1375855;214.23033;100.0;0.38799596;252.17445;1539.5508;2.4099529;-0.06055087;0.0;0.13166666;0.13166666;0.0;2.4065115;450.44556;1790.2222;-246.57167;6395.799;-45.714443;-89.23
1995-01-02;-3.652832;-4.816549;-4.928324;750.38104;0.6725037;137.13838;100.0;0.38993368;257.6735;1514.5264;0.85870326;-0.008335337;0.0;0.13110042;0.13109297;0.0;0.8491501;411.52112;1624.27;-451.30276;6278.5;-4.841111;-32.851112
1995-01-03;-2.5651348;-7.3499246;-6.086492;749.8569;1.2114865;35.589603;100.0;0.3901405;264.39062;1476.8473;0.0032037497;-0.0408981;0.0;0.13051927;0.13052672;0.0;0.0014901161;781.81;3029.3567;-1173.1888;5249.6577;-27.952223;0.19222222
1995-01-04;-0.7869161;-9.675456;-8.101491;750.71735;0.85454756;213.12956;100.0;0.39015886;269.84082;1446.6959;0.0;-0.03422983;0.0;0.12996793;0.12996048;0.0;0.0;840.9094;3177.1267;-1174.5183;5072.702;-22.756666;50.67889
1995-01-05;-2.7352295;-8.176564;-9.023702;751.8994;0.78124326;171.79742;100.0;0.3901881;274.3607;1423.2178;0.02579689;-0.0041322783;0.0;0.12940168;0.12940168;0.0;0.0039190054;837.775;3091.0532;-1055.3878;5148.882;-0.1;17.343334
1995-01-06;-3.7529805;-7.635366;-9.672597;754.35065;1.0456655;25.49367;100.0;0.39024863;278.3854;1402.7506;0.0050040116;0.015717931;0.0;0.12883544;0.12885779;0.0;0.0015720725;912.35834;3289.2778;-1266.8184;4831.303;15.305555;38.065556
1995-01-07;-4.9362082;-13.07;-10.405609;753.1319;0.9735229;139.03143;100.0;0.39028713;281.96484;1385.0098;0.19620359;-0.04187133;0.0;0.1283139;0.12830645;0.0;0.14317036;852.745;3003.2378;-1172.7117;4878.8;-29.067778;30.187778
1995-01-08;-3.7368672;-6.5646577;-9.130547;750.16846;0.48354742;207.82123;100.0;0.39323017;281.91245;1394.8568;2.8767138;0.011859462;0.0;0.12776256;0.12777;0.0;2.6996062;416.76;1497.7278;98.82333;6651.431;10.411111;-10.747778
1995-01-09;-4.433851;-7.5362115;-7.645742;748.2239;0.8179376;72.38993;100.0;0.39429498;284.87173;1385.2133;0.012193263;-0.024797395;0.0;0.12724102;0.12724102;0.0;0.011742115;853.49335;3083.8845;-1262.9211;5030.29;-15.821111;-33.455555
1995-01-10;-5.9566092;-7.288484;-8.692559;744.24976;0.88047856;231.54216;100.0;0.3974723;284.5996;1395.9147;9.445739;0.018345192;0.0;0.12670457;0.12671202;0.0;9.285837;497.69333;1789.6555;-227.43333;6195.7227;15.556666;-24.306667
1995-01-11;-6.559336;-7.7853813;-7.1465096;742.82764;1.0347226;219.0388;100.0;0.40535972;278.85025;1453.776;2.869282;-0.027256086;0.0;0.12618303;0.12619793;0.0;2.8564334;686.12836;2721.7578;-657.5611;5805.477;-18.637777;-83.57222
1995-01-12;-6.907261;-8.226528;-7.254832;744.60077;0.83591294;244.4767;100.0;0.40715858;281.30728;1448.3643;0.36967397;-0.038113445;0.0;0.1256764;0.1256764;0.0;0.36401302;612.58887;2421.3855;-811.345;5572.086;-27.353333;-69.48222
1995-01-13;-7.060459;-10.989755;-8.813544;748.46234;1.029447;146.82523;100.0;0.40724167;285.40073;1427.7344;0.0047862525;-0.049050897;0.0;0.12515485;0.12516975;0.0;0.0026412308;828.425;3198.321;-1199.3292;4941.6865;-34.77;-65.248886
1995-01-14;-6.025556;-11.947396;-10.933604;750.63525;1.0993868;45.31793;100.0;0.40725884;288.81314;1410.5631;0.0004351138;-0.018417835;0.0;0.124663115;0.124655664;0.0;0.0;920.9228;3468.47;-1385.305;4535.834;-10.627778;25.963333
1995-01-15;-3.6687672;-12.107647;-11.808636;750.2354;0.8316927;149.65437;100.0;0.40730837;291.6442;1396.9727;0.2729833;-0.03105402;0.0;0.124156475;0.124156475;0.0;0.25118142;933.50055;3431.709;-930.58057;5071.839;-20.501112;37.71
1995-01-16;-6.550194;-9.944613;-10.131433;743.2549;0.46485665;190.49434;100.0;0.4148916;283.0231;1464.9252;21.457005;-0.0033238903;0.0;0.12366474;0.123657286;0.0;21.428078;382.24112;1400.3822;-178.21445;6160.687;-1.7422222;-10.461111
1995-01-17;-8.56313;-10.008756;-8.802081;743.8134;1.0088121;185.36194;100.0;0.43114957;263.05957;1639.0381;4.15782;-0.057479367;0.0;0.123173;0.123173;0.0;4.1492395;584.9011;2480.2112;-382.05167;5980.9976;-42.69889;-114.80778
1995-01-18;-8.369771;-10.247501;-8.12227;747.0891;0.76704997;196.49182;100.0;0.43774185;259.8431;1683.309;10.096115;-0.04427787;0.0;0.12269616;0.12268871;0.0;10.088455;428.01056;1801.6244;-368.3939;6031.0645;-33.18778;-105.78667
1995-01-19;-9.55898;-11.840619;-8.994554;748.1789;0.89479655;220.09602;100.0;0.4486126;250.98988;1787.3129;5.7129173;-0.045049004;0.0;0.12220442;0.12220442;0.0;5.7077703;667.5417;2863.9355;-792.43555;5402.1177;-32.636665;-102.83
1995-01-20;-11.248754;-13.213738;-10.219997;747.12054;0.8096455;153.72905;100.0;0.45078698;254.25519;1774.4141;0.9037465;-0.06736815;0.0;0.121727586;0.121727586;0.0;0.88984895;717.245;3013.1978;-874.2961;5181.4854;-50.036667;-135.22556
1995-01-21;-11.85101;-15.923789;-12.434115;745.11847;0.8752671;60.632706;100.0;0.45118105;258.93198;1743.7744;0.018715858;-0.049438328;0.0;0.12125075;0.12125075;0.0;0.017508864;869.57666;3568.7957;-1395.169;4327.953;-35.47333;-102.865555
1995-01-22;-11.544116;-16.334116;-15.565837;746.5904;0.86027336;104.485016;100.0;0.45124868;262.74966;1718.6279;0.06464124;-0.015595928;0.0;0.12078881;0.12078881;0.0;0.064611435;932.0272;3727.0022;-1479.4244;3970.1677;-9.411111;-29.6
1995-01-23;-11.148884;-18.04849;-17.84303;747.1297;0.8876063;119.61747;100.0;0.45127425;265.73502;1699.2188;0.0008523463;-0.018240884;0.0;0.120311975;0.120319426;0.0;0.0;932.3589;3625.6577;-1296.0255;4043.361;-11.438889;14.892222
1995-01-24;-9.586648;-17.834654;-18.28626;747.2273;1.0684457;60.116085;100.0;0.45129094;268.32388;1682.7799;0.0012814989;-0.015510246;0.0;0.11986494;0.11985749;0.0;0.0;1005.93054;3813.8477;-1143.6589;4265.319;-8.97;52.283333
1995-01-25;-8.070309;-14.467834;-17.4901;745.93353;0.82690376;293.95163;100.0;0.4513192;270.8776;1666.9515;0.026285648;-0.006629154;0.0;0.119403005;0.119403005;0.0;0.02290681;1032.9672;3821.5823;-1078.3889;4439.993;-2.26;33.613335
1995-01-26;-8.636067;-10.079663;-14.879804;748.1831;0.6978391;167.06793;100.0;0.45174694;273.09537;1655.192;0.70478916;0.022726133;0.0;0.11895597;0.11895597;0.0;0.70052594;621.25055;2253.9;-37.99889;5990.1187;18.993334;-22.295555
1995-01-27;-7.2202606;-14.409366;-12.57685;750.30884;1.0690874;53.318165;100.0;0.45211145;276.10254;1638.9974;0.004673004;-0.04904531;0.0;0.118508935;0.118501484;0.0;0.0037960708;1070.3428;3826.7212;-1257.9606;4663.3745;-33.665554;-0.22
1995-01-28;-5.144114;-13.70218;-13.39121;749.3652;0.8249292;195.38383;100.0;0.4521251;279.48697;1618.9371;0.0004351138;-0.03412366;0.0;0.118047;0.11805445;0.0;0.0;1146.5089;4003.4233;-1385.0109;4408.5605;-22.443333;26.423334
1995-01-29;-6.7074523;-9.672151;-12.815173;748.96686;0.6625721;135.28925;100.0;0.4540576;280.5687;1618.6523;3.743726;0.009195879;0.0;0.117614865;0.117614865;0.0;3.7118866;791.60944;2738.6423;-360.53195;5752.3457;9.205556;-27.443333
1995-01-30;-4.1830955;-5.8481445;-9.304957;750.28033;0.5580368;286.91275;100.0;0.4560095;282.3278;1616.1703;0.12359023;-0.017460436;0.0;0.11718273;0.11717528;0.0;0.118326396;911.33167;3279.3767;-504.70612;5953.04;-10.101666;-68.931114
1995-01-31;-3.59315;-5.430613;-7.0165505;750.1426;0.6851259;153.06474;100.0;0.45650327;286.41992;1595.0521;0.9601116;-0.05821418;0.0;0.1167357;0.11674315;0.0;0.8872822;831.8361;2947.5034;-486.83554;6160.1924;-42.054443;-75.90444
1995-02-01;-3.510844;-5.4412627;-5.8084693;751.55255;0.7576213;120.33645;100.0;0.45709327;290.8877;1572.4283;0.081676245;-0.053592026;0.0;0.11628866;0.11630356;0.0;0.07713586;942.8345;3307.6755;-837.6161;5781.3657;-37.807777;-64.155556
1995-02-02;-4.0536904;-6.5824533;-5.8554244;749.2771;0.655079;106.62978;100.0;0.4571148;295.76236;1546.875;0.03399962;-0.07379055;0.0;0.11588633;0.11587888;0.0;0.030402094;954.2228;3272.9055;-951.98224;5622.1543;-53.304443;-83.48778
1995-02-03;-4.4608245;-5.676501;-5.4822235;746.0112;0.7993892;197.96626;100.0;0.4642763;293.11685;1582.2754;23.759163;-0.09620935;0.0;0.1154542;0.11544675;0.0;22.96882;756.91614;2568.3132;-330.5839;6435.8613;-72.72222;-138.30333
1995-02-04;-4.5053506;-6.909743;-4.4912057;741.451;0.9911878;143.56334;100.0;0.48277143;280.96646;1719.5231;1.6372442;-0.103630126;0.0;0.11500716;0.115029514;0.0;1.553338;881.3028;3723.0378;-906.5011;5757.755;-75.92;-141.72
1995-02-05;-5.120051;-6.5094934;-4.936802;737.345;1.2141219;115.797966;100.0;0.49565247;276.1901;1793.0094;19.743872;-0.06011501;0.0;0.11461973;0.11461228;0.0;19.596294;327.71832;1394.9044;-256.59222;6483.926;-45.52;-59.697777
1995-02-06;-7.2755113;-8.966256;-5.9707184;742.88715;0.78601503;194.91054;100.0;0.50384253;276.28516;1825.1953;1.017192;-0.13028458;0.0;0.1142025;0.1142025;0.0;1.0138378;797.19775;3379.2144;-794.2411;5696.8047;-98.02889;-180.13333
1995-02-07;-6.804934;-8.293918;-6.178159;742.20087;0.77814317;95.19416;100.0;0.5079239;278.45508;1822.8353;14.36761;-0.093869865;0.0;0.11378527;0.11379272;0.0;14.354385;529.2572;2195.7478;-338.9822;6261.9624;-71.25889;-127.42111
1995-02-08;-8.479594;-10.219089;-6.4590034;739.6396;0.96756107;197.5129;100.0;0.5303042;261.45053;2026.4893;15.145916;-0.16520452;0.0;0.113382936;0.113390386;0.0;15.132975;704.42725;3053.2922;-629.5514;5845.7954;-126.418335;-249.98
1995-02-09;-8.399728;-10.457488;-7.827587;744.0015;0.7981567;289.89713;100.0;0.5357902;263.3434;2036.499;0.23837388;-0.091630965;0.0;0.112980604;0.112980604;0.0;0.23153797;992.94275;4237.55;-1089.782;5200.2666;-66.49111;-170.03555
1995-02-10;-7.8352876;-10.581901;-9.2509985;747.2888;0.99211764;254.32727;100.0;0.5358564;269.98926;1986.4095;0.039970875;-0.055560842;0.0;0.11257827;0.11257082;0.0;0.03739074;1049.705;4361.871;-1202.0795;4935.4346;-38.23111;-111.26889
1995-02-11;-7.3617325;-12.4306;-10.387154;748.7781;1.1077361;57.51695;100.0;0.53586835;275.53287;1946.3705;0.0057697296;-0.07225759;0.0;0.11216104;0.11216849;0.0;0.002346933;1088.9967;4402.729;-1261.4467;4793.14;-50.837776;-80.454445
1995-02-12;-6.4830475;-12.006942;-11.601176;750.7325;1.4292064;22.066368;100.0;0.53588957;280.23276;1913.6963;0.0008583069;-0.03232062;0.0;0.11175871;0.11177361;0.0;0.0;1175.8883;4630.1064;-1429.6411;4500.813;-19.735556;-4.751111
1995-02-13;-6.8088403;-13.866753;-12.738194;750.70135;1.4343947;20.849245;100.0;0.535918;284.26987;1886.6781;0.0008583069;-0.04697591;0.0;0.11137128;0.11137128;0.0;0.0;1250.2339;4799.1924;-1590.2228;4207.9966;-30.795555;22.4
1995-02-14;-6.396605;-15.645572;-13.404414;747.33234;1.081644;44.29939;100.0;0.53595227;287.73926;1863.8102;0.3012551;-0.06560236;0.0;0.11096895;0.1109764;0.0;0.299111;1165.9889;4366.156;-999.2819;4901.641;-45.86889;-1.4155556
1995-02-15;-5.2350364;-8.058312;-10.257962;743.98724;1.1000595;30.024271;100.0;0.53858;288.8812;1864.7867;3.624189;-0.013411045;0.0;0.11058152;0.11058897;0.0;3.5848954;724.8322;2751.3;-153.83778;6307.0903;-7.5077777;-44.593334
1995-02-16;-4.4594626;-5.8590317;-7.291382;746.2419;0.63308144;82.68815;100.0;0.54312754;289.68686;1875.5289;4.432544;-0.03556162;0.0;0.11020899;0.11020899;0.0;4.3268986;714.55444;2800.9534;-295.7072;6353.2476;-24.766666;-95.80334
1995-02-17;-4.659607;-7.2364388;-6.0817466;748.60297;0.7583074;74.075874;100.0;0.54496837;293.6875;1857.0963;0.41584373;-0.107292086;0.0;0.10982156;0.10982901;0.0;0.41007623;984.05945;3836.9033;-967.35114;5592.242;-78.723335;-133.87334
1995-02-18;-5.8375955;-9.737969;-7.0551047;747.7321;0.98236465;57.272816;100.0;0.5450663;298.84634;1825.2767;0.007626124;-0.11985656;0.0;0.10943413;0.10944158;0.0;0.005479902;1226.8334;4674.817;-1306.3517;5074.182;-86.92889;-164.33112
1995-02-19;-6.2677712;-11.739349;-8.902608;748.65704;0.9723471;52.64993;100.0;0.5450567;303.20767;1798.4213;0.0015258783;-0.0781659;0.0;0.1090616;0.10905415;0.0;0.00024214387;1323.925;4919.3076;-1546.2894;4596.1045;-54.356667;-103.52889
1995-02-20;-3.5559185;-11.400912;-9.975739;749.23944;0.9184627;100.06597;100.0;0.5450589;306.8314;1777.7914;0.0008583069;-0.078597106;0.0;0.10867417;0.10867417;0.0;0.0;1386.3828;5024.931;-1382.8356;4768.661;-54.69;-34.905556
1995-02-21;-2.868103;-9.509155;-9.288707;748.16376;0.74848413;70.95729;100.0;0.5450621;310.2513;1758.1381;0.0017106531;-0.06552879;0.0;0.10829419;0.10829419;0.0;0.0;1243.7067;4404.8945;-1128.7683;5179.3877;-45.298332;-43.287777
1995-02-22;-4.5264587;-11.3793745;-9.111621;744.81537;0.77319336;92.83149;100.0;0.5450756;313.6237;1739.1357;0.04580617;-0.08391403;0.0;0.10791421;0.10792911;0.0;0.044938177;1106.4373;3828.2788;-1139.3306;5128.6357;-60.464443;-47.316666
1995-02-23;-6.5520225;-12.43235;-9.434617;743.94824;1.4206241;19.887392;100.0;0.5450398;316.8021;1721.3135;0.0071048737;-0.17770472;0.0;0.10755658;0.10755658;0.0;0.00622496;1409.0634;4774.792;-1436.8177;4752.3477;-132.40167;-82.07333
1995-02-24;-6.102534;-15.247586;-10.6774025;747.32544;1.1125668;61.93305;100.0;0.5449901;319.67773;1705.4037;0.0;-0.103594735;0.0;0.10718405;0.10718405;0.0;0.0;1613.5516;5347.3755;-1884.2794;4100.9473;-73.67111;-46.47333
1995-02-25;-6.1269736;-18.492687;-12.291869;747.8709;1.1225158;51.89445;100.0;0.5449735;322.13217;1692.2201;0.0;-0.10647625;0.0;0.106826425;0.10681152;0.0;0.0;1703.8005;5526.7954;-1984.7278;3837.1719;-76.007774;-8.326667
1995-02-26;-5.3507156;-20.106594;-12.920199;746.07587;1.0242308;130.04878;100.0;0.544942;324.28418;1681.1117;0.0008523463;-0.12182817;0.0;0.106438994;0.106446445;0.0;0.0;1721.0272;5466.0977;-1804.7711;4064.619;-88.164444;-5.152222
1995-02-27;-5.699229;-17.487413;-12.50501;747.8503;1.1333672;56.488636;100.0;0.54491156;326.35385;1670.695;0.00086050003;-0.056145713;0.0;0.10609627;0.10608882;0.0;0.0;1764.2911;5489.653;-1649.4739;4358.063;-41.212776;-34.976665
1995-02-28;-4.3285522;-14.711606;-11.52578;749.3566;1.1534029;54.08305;100.0;0.54489577;328.49414;1660.0342;0.0012932633;-0.04641339;0.0;0.10575354;0.10574609;0.0;0.0;1824.7728;5564.634;-1681.72;4429.1533;-33.531113;-34.65222
1995-03-01;-2.887024;-12.233387;-9.821683;747.6591;1.0403937;97.47962;100.0;0.54486185;330.78677;1648.4375;0.001344084;-0.08322671;0.0;0.105410814;0.10540336;0.0;5.9604645e-05;1483.6494;4437.6274;-1053.9022;5317.8936;-62.876667;-27.82
1995-03-02;-3.4520366;-10.685677;-8.397236;752.05176;1.0237848;51.232635;100.0;0.5448293;333.34277;1635.5795;0.0;-0.052592717;0.0;0.10506809;0.10506809;0.0;0.0;1911.5516;5605.3257;-1716.706;4615.386;-38.213333;-90.48111
1995-03-03;-2.944102;-13.005677;-7.881073;753.5022;1.0333055;71.69036;100.0;0.5447913;335.97754;1622.4365;0.00085234636;-0.09954721;0.0;0.10472536;0.10473281;0.0;0.0;1980.3872;5697.7915;-1845.3083;4502.0557;-74.90111;-65.67667
1995-03-04;-2.471466;-14.155678;-7.665161;752.3217;1.0496001;77.753654;100.0;0.5447189;338.58008;1609.4564;0.0025656144;-0.122684054;0.0;0.104397535;0.104390085;0.0;0.0;2050.65;5791.177;-1938.831;4413.2544;-93.01667;-53.883335
1995-03-05;-2.5884502;-12.912431;-7.432068;751.2763;1.0696236;50.23393;100.0;0.54464495;341.12207;1597.3715;0.0;-0.10746531;0.0;0.10406971;0.10406226;0.0;0.0;2110.2131;5851.491;-1934.7816;4462.031;-81.01;-58.924446
1995-03-06;-2.6993306;-11.010356;-6.490702;748.3128;0.9803253;72.297295;100.0;0.544564;343.68164;1585.5713;0.00016391277;-0.13333932;0.0;0.103741884;0.10373443;0.0;0.00012293458;2050.97;5585.3545;-1592.4475;4954.0024;-101.49;-92.585556
1995-03-07;-2.6019185;-7.1952515;-4.8595023;747.7408;0.75427204;182.77293;100.0;0.54457915;346.2627;1573.3236;1.4558971;-0.14978927;0.0;0.10341406;0.10340661;0.0;1.3511405;1858.7509;4972.336;-1191.3961;5538.3857;-115.09556;-153.61223
1995-03-08;-3.21639;-4.978292;-3.2934875;749.51807;0.9521282;195.75694;100.0;0.5504065;341.34927;1612.3861;3.8468719;-0.2646558;0.0;0.10307133;0.10306388;0.0;3.5964026;1476.55;4742.8477;-1050.7916;5799.799;-200.76555;-221.93222
1995-03-09;-2.6841125;-5.9670815;-3.1050415;749.3005;0.82901174;163.3498;100.0;0.5506022;344.73535;1598.3887;0.08839369;-0.29283947;0.0;0.102728605;0.102721155;0.0;0.0767;1728.9336;5400.29;-1140.4883;5737.2466;-220.76222;-221.18
1995-03-10;-2.6499226;-5.3747687;-2.637231;748.5764;0.85830474;123.320076;100.0;0.5505076;348.67838;1580.2408;0.03211166;-0.2984181;0.0;0.10238588;0.10237843;0.0;0.027053058;1777.012;5379.412;-1627.9344;5164.724;-225.50333;-208.95111
1995-03-11;-2.809255;-7.177572;-3.533615;748.23145;0.7760753;94.02935;100.0;0.5510561;351.6019;1568.2373;3.5528302;-0.28503034;0.0;0.10202825;0.1020357;0.0;3.1495616;1834.5006;5300.062;-1250.6923;5523.0356;-214.755;-157.96333
1995-03-12;-2.9400532;-3.6259663;-2.188717;744.4936;0.5919204;154.34087;100.0;0.5783488;324.13086;1783.5693;40.561596;-0.12589899;0.04300475;0.14470518;0.101707876;0.093299896;38.07003;509.7697;2112.3223;-205.59862;6829.5396;-96.422226;-170.56555
1995-03-13;-3.3083801;-6.509918;-2.4000766;744.93195;0.93532276;151.18227;100.0;0.6021872;307.67676;1960.5713;6.6098394;-0.24697185;0.012844801;0.1142323;0.10138005;0.10082126;6.344423;1363.815;5737.689;-1639.3353;5076.22;-183.76222;-237.74333
1995-03-14;-3.3588054;-7.7162576;-5.3947678;745.2308;0.89389414;80.42619;100.0;0.60266024;313.1393;1929.0771;0.0;-0.16117561;0.0;0.101044774;0.101044774;0.0;0.0;1583.7552;6125.4673;-1632.5009;4819.783;-116.30778;-194.60527
1995-03-15;-2.245636;-4.6162314;-5.2660775;744.01416;0.687295;216.41579;100.0;0.6040113;316.99478;1909.2611;3.0480623;-0.103045255;0.0;0.10071695;0.10071695;0.0;2.8222575;968.9525;3647.1328;-439.2475;6357.2837;-76.28445;-161.85333
1995-03-16;-2.5796916;-3.2166748;-3.4513614;740.5539;0.6423935;190.15651;100.0;0.61743516;311.95932;1980.3467;27.861595;-0.06268546;0.025644898;0.12604892;0.100404024;0.0;25.400259;565.98694;2202.033;-178.7736;6794.467;-46.863335;-120.51111
1995-03-17;-2.9761353;-3.9065654;-2.0193837;741.3339;0.9406585;192.45317;100.0;0.6398656;301.9518;2123.0876;4.7615857;-0.25216863;0.017538667;0.11762977;0.1000911;0.14055893;4.478812;1106.4991;4678.972;-624.3986;6406.31;-190.8511;-319.1678
1995-03-18;-1.9874471;-3.7981465;-1.6813965;745.07196;0.72810036;208.9884;100.0;0.64045614;309.72885;2072.7131;0.4893333;-0.2501402;0.01771003;0.11746585;0.099763274;0.17624535;0.42236224;1375.7397;5277.7;-825.39557;6239.3354;-187.22888;-257.35223
1995-03-19;-3.3319905;-4.2476096;-1.4912771;744.7316;0.80903894;149.66014;100.0;0.64462876;313.8226;2057.2917;5.6944966;-0.31596422;0.008240342;0.10769814;0.09945035;0.054195523;5.4224095;940.1075;3256.4832;-443.3136;6608.2954;-243.49556;-325.02667
1995-03-20;-2.272176;-8.38152;-1.4758492;748.1963;0.9964463;30.665817;100.0;0.646185;320.45215;2020.6705;0.011265277;-0.43058676;0.02194941;0.121071935;0.099129975;0.2106782;0.008691102;1895.238;6002.33;-1474.9573;5420.3755;-325.6011;-327.80222
1995-03-21;-0.8128459;-8.706707;-2.1338246;749.9443;1.0863167;77.395424;100.0;0.6459106;327.9567;1973.6328;0.0004351138;-0.29930845;0.0;0.0988096;0.0987947;0.0;0.0;2324.7068;6717.633;-2165.3755;4566.927;-220.84;-144.88777
1995-03-22;-0.24182129;-9.596309;-2.4383762;749.43115;1.0695295;93.59677;100.0;0.64573056;334.5316;1934.3262;0.0;-0.30202046;0.009149313;0.107616186;0.09846687;0.087229535;0.0;2521.2056;6851.766;-2327.4028;4369.643;-222.99333;-119.91556
1995-03-23;-0.49368286;-11.653567;-2.659856;748.75146;0.9780736;92.289246;100.0;0.64548415;340.52344;1899.9838;0.0012874602;-0.34167057;0.009536743;0.10767579;0.09813905;0.09030476;0.0;2681.3132;6954.425;-2400.881;4270.7485;-253.85388;-124.35
1995-03-24;-0.6029053;-7.9250197;-2.0810177;746.5113;0.92177886;134.17218;100.0;0.6462583;345.58334;1873.2096;11.379465;-0.36395714;0.035062432;0.13287365;0.09781122;0.19389018;10.214903;2675.9944;6678.566;-1547.6766;5400.967;-271.96;-189.13889
1995-03-25;-4.6126304;-5.6508865;-0.963768;739.85986;1.4505659;197.6164;100.0;0.67224884;327.35806;2054.24;23.671825;-0.479009;0.035643578;0.13314188;0.0974983;0.13103522;22.78354;1331.9473;5235.9443;-806.73193;6170.714;-368.5761;-586.3922
1995-03-26;-8.6064005;-10.055459;-2.9955623;739.9883;1.2969239;226.56233;100.0;0.6848993;320.08203;2143.3513;3.186226;-0.44858363;0.0;0.09718537;0.097192824;0.0;3.1815395;1381.1788;5359.0073;-1232.6034;5325.6523;-345.815;-644.79333
1995-03-27;-6.609304;-9.643064;-5.433459;745.2944;1.0205405;231.42772;100.0;0.6857276;324.30728;2118.327;0.007230043;-0.34806317;0.0;0.09688735;0.0968948;0.0;0.006377697;1742.0616;6643.1484;-1599.69;4868.458;-263.3289;-386.04333
1995-03-28;-4.4302573;-8.727946;-7.2455444;747.1726;0.95259863;187.0401;100.0;0.68562573;328.58267;2090.047;0.0008523463;-0.17153192;0.0;0.09658933;0.09658188;0.0;0.0;1884.5311;7009.705;-1829.7025;4501.894;-123.65611;-199.94833
1995-03-29;-3.8157246;-6.8721924;-7.4555764;745.8235;0.89854056;191.21895;100.0;0.6855964;332.264;2066.6096;0.09280443;-0.15614182;0.0;0.0962615;0.0962764;0.0;0.08883327;1883.0083;6834.864;-1282.1681;5235.8423;-112.34778;-212.66112
1995-03-30;-2.9332173;-5.644175;-5.2884574;746.7727;0.93896693;226.76332;100.0;0.685983;335.7357;2046.224;0.52313805;-0.2427008;0.0;0.09597838;0.09597838;0.0;0.47241896;1509.0756;5387.185;-1056.4619;5665.2534;-181.81277;-210.92334
1995-03-31;-1.1227112;-5.909719;-4.901113;750.5828;0.91495466;158.91853;100.0;0.68604594;339.8828;2021.8099;0.001268536;-0.17277524;0.0;0.095665455;0.095680356;0.0;0.0;1990.3872;6906.335;-1581.6733;5073.5312;-123.217224;-168.15
1995-04-01;0.9074605;-3.8218486;-3.873932;750.1766;0.78553396;210.33717;100.0;0.6860004;344.53677;1995.0358;0.0017225739;-0.15801284;0.005453825;0.10085106;0.09536743;0.050360337;0.0;1989.1222;6663.3423;-1381.213;5449.086;-111.40667;-155.68556
1995-04-02;1.6368103;-2.2810009;-2.2253087;746.083;0.8148687;141.96819;100.0;0.6865929;349.7998;1967.1631;3.9848862;-0.14952198;0.1154542;0.2105236;0.09506941;0.6233826;0.0;1495.1583;4825.3096;-643.3889;6437.8267;-108.00166;-107.41556
1995-04-03;-0.8049927;-2.3256328;-0.3335495;744.24896;1.1431173;169.90453;100.0;0.70644933;345.8457;2043.335;45.97561;-0.18335971;0.24978817;0.34457445;0.09478629;0.6024167;39.36981;407.155;1257.7927;-126.33444;7077.199;-142.32666;-124.46778
1995-04-04;-3.4276326;-5.1414986;-0.2942098;745.6553;0.85809225;147.26491;100.0;0.7380726;328.35025;2250.4883;11.855625;-0.4658075;0.049829483;0.14433265;0.094510615;0.24239719;11.129677;1301.9456;5077.6064;-924.2267;6127.529;-357.15222;-412.89444
1995-04-05;-4.805471;-7.520284;-0.97666425;747.6074;0.97775507;187.87543;100.0;0.7461527;326.93295;2286.1736;1.4061958;-0.5826885;0.0;0.09423494;0.09422749;0.0;1.3959222;1788.8694;6422.7563;-1623.1222;5175.89;-446.78833;-473.47888
1995-04-06;-2.7735188;-7.949745;-1.9482054;750.43524;1.1383938;73.86054;100.0;0.7460955;334.00977;2237.7117;0.0;-0.378591;0.0;0.09393692;0.09392202;0.0;0.0;2335.3523;7398.682;-2014.5673;4728.13;-281.7089;-251.22556
1995-04-07;-1.3466797;-10.345824;-2.2601395;749.53046;0.9782168;90.82654;100.0;0.74587566;340.67642;2193.2373;0.0008583069;-0.43571556;0.0;0.0936389;0.0936389;0.0;0.0;2612.3184;7610.493;-2109.1858;4673.342;-325.12888;-196.58112
1995-04-08;-0.22416179;-3.6812336;-1.3945566;747.3247;0.96896076;130.86415;100.0;0.7462666;348.0332;2148.3967;1.5437479;-0.27620047;0.04428625;0.13765693;0.09334087;0.25070086;0.00045448542;2474.6794;6743.906;-1414.7089;5635.6523;-203.5389;-215.2089
1995-04-09;0.14904785;-2.8137004;-0.26306152;747.1237;1.0612148;108.39794;100.0;0.7451474;355.80664;2097.4934;5.8962703;-0.42353198;0.7876456;0.88071823;0.0930652;4.5741873;2.7921684;2425.625;6083.175;-1072.7698;6227.5054;-318.73666;-216.16888
1995-04-10;0.33973184;-1.3963217;-0.028442383;745.8636;0.8996529;143.7954;100.0;0.7427706;359.17773;2070.9636;17.600273;-0.28256887;3.0772388;3.192395;0.11515617;9.262454;2.2813044;1701.0695;4553.757;-501.00055;6804.4614;-211.40222;-189.1811
1995-04-11;-0.45519003;-0.8758952;-0.0038808186;746.7156;0.54020065;168.33153;100.0;0.745131;356.76562;2090.0066;23.064157;-0.13127364;2.9330552;3.0768216;0.14374405;5.0454845;9.836025;696.4617;2257.3022;-45.458057;7264.5537;-99.005554;-167.06778
1995-04-12;0.17092896;-4.602926;-0.12288666;750.4026;0.8287819;104.433044;100.0;0.74183494;359.86328;2064.5344;0.020831823;-0.53215307;1.1191517;1.2115687;0.09242445;6.4232163;0.019878149;2409.1355;7185.0283;-1567.4772;5579.761;-398.43445;-290.91333
1995-04-13;0.07961019;-3.714203;-0.24338277;749.9988;1.0216765;68.171684;100.0;0.7388511;365.44565;2024.1699;8.936304;-0.37661195;1.5312731;1.6236156;0.09234995;2.8521678;2.9858277;2079.601;5573.9863;-885.02057;6319.737;-280.4711;-193.39444
1995-04-14;1.739502;0.5725301;-0.0031954448;747.75934;0.87384397;173.76031;100.0;0.73184186;369.45898;1983.7646;3.2618105;-0.13859756;3.3674688;3.4736693;0.10620803;12.838043;0.0;1797.711;4848.5415;-414.49918;7009.1787;-96.40222;-170.52667
1995-04-15;1.100647;-1.4899698;-0.08012644;746.8994;0.98156947;128.63506;100.0;0.7186057;373.58072;1926.3102;0.09113252;-0.46885386;3.1424463;3.3094287;0.16699731;13.5643635;0.0006109476;2909.0977;7214.3955;-1417.8219;5870.037;-348.17557;-264.02667
1995-04-16;-0.16558838;-3.5991516;-0.22946675;746.07544;1.1284143;110.16001;100.0;0.70775557;378.89844;1870.524;0.17176867;-0.6516017;1.9922256;2.132967;0.14072657;9.294981;0.003643334;3046.5183;7110.7554;-1412.9133;5753.6504;-491.78555;-321.2811
1995-04-17;0.7886861;-3.5610454;-0.22999573;745.665;1.0308793;166.73373;100.0;0.6981123;384.87662;1816.2028;0.1902765;-0.5471334;2.0942688;2.1887422;0.09448081;9.442474;7.0780516e-05;2838.547;6333.095;-1259.3728;5923.872;-410.31888;-209.3
1995-04-18;0.96506757;-1.2159424;-0.10361227;743.89606;1.0363197;183.06648;100.0;0.68889046;388.71518;1773.4781;24.214674;-0.46764687;7.164702;7.651791;0.4870966;10.637619;6.8201942;2474.1223;5335.9487;-593.8289;6776.852;-351.73166;-187.04889
1995-04-19;-0.96203613;-1.6267191;-0.047486622;742.2588;1.2335311;198.9065;100.0;0.6903498;380.80307;1813.5986;20.643627;-0.25182778;5.4216237;6.2399807;0.8183494;6.4711385;6.968249;1188.11;3729.1711;-425.6089;6820.3223;-189.46777;-243.95
1995-04-20;-1.1267496;-4.5384216;-0.14638901;746.3543;1.1525723;186.95876;100.0;0.6894038;381.13867;1810.4655;3.568089;-0.7832367;1.0367036;1.1431277;0.106431544;3.4282281;2.5021992;2329.7944;6914.5356;-1186.6313;5985.3022;-595.32;-342.8611
1995-04-21;0.085632324;-5.12145;-0.22432964;747.02295;0.8857746;96.81037;100.0;0.6859428;384.30014;1786.9873;0.03706813;-0.5433187;1.5082657;1.618877;0.11061132;5.939137;0.006828457;2720.9128;7671.258;-1767.581;5298.9287;-403.26334;-270.61777
1995-04-22;0.9738057;-5.2919617;-0.32156244;746.5061;1.1169165;84.00608;100.0;0.6802016;390.39746;1744.4254;0.09557605;-0.46348387;1.4490932;1.5639216;0.11484325;5.5384674;2.9802322e-05;2966.8267;7606.0957;-1772.0339;5334.1367;-339.47446;-189.85
1995-04-23;0.8825887;-2.5696514;-0.14816792;746.187;1.2708701;32.771183;100.0;0.6734588;396.03842;1702.2705;3.4887443;-0.47390535;3.1797142;3.351748;0.172019;10.12098;0.17473102;2548.7817;6129.099;-949.37946;6328.311;-354.16333;-218.49222
1995-04-24;1.2088318;-2.6458232;-0.0434138;745.9534;1.2800261;35.681396;100.0;0.66262233;399.6455;1659.9121;0.99110603;-0.6085197;3.8841367;4.440859;0.5567223;12.628932;0.06680563;2464.2988;5635.8315;-801.9722;6553.7275;-460.4589;-202.07333
1995-04-25;0.8923747;-1.9177347;-0.10894903;746.5192;0.9236811;83.8679;100.0;0.6496411;403.0944;1613.566;3.6074698;-0.42341834;6.1020703;6.442055;0.33997;13.623767;0.056702644;2830.4512;6232.69;-1147.1936;6113.9917;-314.25778;-231.8989
1995-04-26;1.0784811;-0.8936157;-0.1032308;747.78174;1.0465006;157.66066;100.0;0.63581353;407.26627;1563.0697;3.4712849;-0.33886823;6.780803;7.784486;1.0036975;14.183097;0.00051409006;2819.1084;6021.045;-916.6347;6456.4297;-249.10889;-216.63333
1995-04-27;1.3423563;-1.213562;-0.086893715;748.8728;1.171054;163.43657;100.0;0.6194347;411.14877;1508.667;2.0448208;-0.51397926;7.713452;8.051038;0.3375858;17.44574;0.00237301;3385.5688;7055.5654;-1083.2267;6289.392;-382.16388;-298.61
1995-04-28;1.8134867;-0.01268514;-0.052132923;750.6989;1.180013;117.11685;100.0;0.6004881;414.4772;1450.8057;3.2495737;-0.36011076;9.179488;10.723919;1.5444309;19.333004;0.00094622374;3163.4583;6473.5835;-791.9886;6660.007;-263.00223;-259.22
1995-04-29;2.2018635;-0.06378174;-0.06919607;749.49677;1.2906891;191.5791;100.0;0.58188516;417.06705;1396.8912;3.439623;-0.30453876;8.653268;10.015607;1.3623462;19.199661;0.00021606684;2829.8877;5703.3555;-988.8947;6340.8257;-222.71666;-135.41112
1995-04-30;3.0858765;-2.0651753;-0.13170624;749.46173;1.1950577;157.03004;100.0;0.5621775;420.36426;1338.9893;0.003606081;-0.6047096;8.303865;9.693742;1.3898611;20.224329;0.000923872;3918.1794;7817.026;-1530.4525;5810.5977;-449.14;-193.1811
1995-05-01;4.1324363;-0.30266318;-0.124607086;747.90424;1.0285863;153.9681;100.0;0.5430783;425.208;1278.89;7.5368223;-0.40479377;10.250479;11.351257;1.1007786;18.965366;0.0;3684.3462;7287.451;-1131.4722;6301.309;-293.75665;-150.05888
1995-05-02;3.922994;3.3521016;0.009937286;746.2447;1.0550445;219.85663;100.0;0.5238387;427.87534;1225.8301;19.325167;-0.013024546;17.065643;20.417511;3.3518598;19.621178;0.0;1961.4839;3846.5134;-86.13639;7426.2886;-0.58111113;-88.21222
1995-05-03;3.7578735;-0.48979697;-0.045628864;751.1052;1.1498413;256.0071;100.0;0.50067455;429.36426;1168.0094;0.23305714;-0.5785199;9.50861;11.516839;2.008222;24.438877;0.0003017485;3889.5122;7599.7246;-1298.1317;6127.8765;-429.52832;-208.14223
1995-05-04;3.397044;1.1016337;-0.04134369;748.4822;0.89863974;226.02678;100.0;0.47948322;432.65723;1109.8226;27.514297;-0.20889658;22.4019;25.817484;3.4155548;22.182312;0.0;3105.3433;6040.5327;-678.98944;6799.11;-146.00555;-153.57777
1995-05-05;3.576538;-0.5940857;-0.05895233;746.7124;1.030866;242.95085;100.0;0.45577514;434.24316;1051.1881;0.14108717;-0.61718;10.617643;14.644727;4.027061;24.300388;0.0;3768.115;7307.49;-1310.0105;6102.419;-460.5178;-195.45778
1995-05-06;2.1522725;-1.764679;-0.1490326;746.25006;1.093881;233.52263;100.0;0.4380571;438.57162;1000.3662;4.495734;-0.6964654;6.7388716;9.29758;2.5587156;14.14666;0.25803968;3426.885;6628.851;-1326.9384;5961.419;-527.26556;-170.80888
1995-05-07;-1.2932739;-2.728536;-0.13319397;747.5048;1.1342717;228.48027;100.0;0.42814708;437.52832;979.4515;7.5654564;-0.527923;5.7481823;8.149624;2.4014564;11.379674;2.1927283;2743.5854;5704.1;-1144.1361;6064.245;-400.97723;-400.86667
1995-05-08;-1.4244791;-2.196228;-0.15940349;748.88916;1.0020857;266.90067;100.0;0.42123747;438.4899;961.91406;4.459944;-0.4781522;3.8041472;6.315976;2.5118365;7.64966;1.0162964;2664.9856;5969.58;-959.94666;6288.201;-361.7611;-446.81
1995-05-09;1.7660013;-1.0394083;-0.08425903;748.8626;1.1264169;204.33636;100.0;0.40992546;441.6644;929.8096;2.8314292;-0.5440861;6.4991417;10.246515;3.7473366;14.149126;0.0015385449;2967.9778;6559.021;-1048.6544;6289.32;-407.52777;-226.26666
1995-05-10;2.906016;0.09498087;-0.10293833;748.7561;1.0592159;89.64688;100.0;0.3923534;444.92123;883.5042;2.33984;-0.33800304;8.364707;11.456818;3.0920804;19.199419;0.00041350722;3336.19;7141.221;-1279.6906;6060.7476;-241.84056;-199.88667
1995-05-11;3.687144;-0.7137248;-0.17070644;749.6201;1.0627707;73.63399;100.0;0.37443903;448.9746;835.083;2.058506;-0.28717145;8.42157;12.640103;4.2185264;17.435253;0.0;3338.544;6973.3213;-1380.4994;5944.38;-202.44444;-135.3511
1995-05-12;3.9506226;-0.16168213;-0.15775935;752.521;1.0588521;95.059685;100.0;0.35722837;450.0;794.637;4.0332675;-0.20188652;8.533925;12.793541;4.259631;16.990606;0.0;3158.216;6470.37;-1280.1906;6072.12;-138.95334;-109.26889
1995-05-13;3.8475037;0.33788046;-0.118447624;753.22;1.3620356;25.522863;100.0;0.3383018;450.0;752.68555;1.3200283;-0.30677766;9.089708;14.688045;5.5983515;20.20431;0.00017881393;3226.8362;6515.2153;-963.39166;6461.69;-218.88445;-166.66112
1995-05-14;5.8894653;-0.80704755;-0.11377589;752.2823;1.299483;30.597616;100.0;0.31551504;450.0;702.47394;0.3023982;-0.39732084;10.401428;17.23203;6.8306103;24.595596;0.00025704503;3799.2356;7583.9487;-1127.1605;6335.249;-283.43;-153.26111
1995-05-15;7.235779;1.5441691;-0.13934834;751.2216;0.9195592;79.200035;100.0;0.29181418;450.0;649.6582;6.141305;-0.20124018;13.618469;21.855265;8.236795;22.684465;0.0;3389.1272;6705.209;-1068.2472;6359.293;-135.96;-81.27
1995-05-16;8.455495;-0.40381876;-0.17175674;751.46484;1.3051254;115.432045;100.0;0.26698706;450.0;594.6452;0.035494566;-0.38969702;11.451706;23.64263;12.190938;26.759132;0.0;4060.1677;7979.324;-1331.5383;6132.6455;-275.5189;-50.424446
1995-05-17;9.249471;-1.9588013;-0.19591396;752.5695;1.2926108;98.64749;99.85425;0.24133265;450.0;537.5163;0.5185921;-0.4003849;10.285661;24.151102;13.865456;24.751804;0.0;3809.8184;7445.1465;-1160.1086;6310.766;-285.62112;-17.423334
1995-05-18;10.170217;0.78355914;-0.1470197;753.28613;1.2458391;79.13169;97.931725;0.21589093;450.0;480.91635;2.024762;-0.34964645;11.130184;24.665117;13.534948;25.176693;0.0;3646.2144;7028.648;-984.7525;6545.259;-244.73222;-15.396667
1995-05-19;10.188334;1.8475546;-0.09485626;753.6402;1.282498;70.89211;95.765785;0.19064327;450.0;424.7233;2.3183763;-0.34488177;11.70297;25.807411;14.104425;24.713665;0.0;3533.2144;6708.394;-928.4978;6652.0933;-238.60667;-29.094444
1995-05-20;10.327413;1.0195109;-0.13130315;753.61743;1.1166304;110.40671;94.607994;0.16620195;450.0;370.32065;0.79770386;-0.41569397;10.678098;23.629904;12.951806;24.508915;0.0;3535.2944;6650.9136;-1044.8955;6499.391;-289.03555;-27.252222
1995-05-21;10.823944;-1.1071981;-0.2516276;755.3181;1.2114254;129.9626;94.07748;0.14088392;450.0;314.1683;0.0017106531;-0.6210748;12.028217;27.728647;15.700438;26.899122;0.0;4506.815;8435.555;-1492.2478;6065.4653;-436.9511;-64.82445
1995-05-22;12.358418;-1.321462;-0.22613652;756.13306;1.2132381;38.201492;93.849525;0.113009416;450.0;252.40071;0.003834446;-0.6116349;11.652872;29.05479;17.401903;28.074268;0.0;4280.437;7986.835;-1170.1311;6475.7554;-428.77;-38.511112
1995-05-23;11.575114;0.77592975;-0.2625656;755.29126;1.6697432;41.120724;92.6674;0.08436509;450.0;188.68001;0.0017106531;-0.6392216;12.274445;28.548717;16.274273;28.858845;0.0;4376.027;8139.3525;-1245.0839;6403.6045;-446.67334;-36.47111
1995-05-24;12.915538;1.0167643;-0.25997415;753.93536;1.1973623;104.80065;88.2474;0.056619685;450.0;127.075195;0.75193644;-0.672997;11.646912;27.224182;15.577271;26.466213;0.0;4102.957;7476.1167;-1047.8306;6649.451;-468.13443;-38.85
1995-05-25;11.423279;3.5025227;-0.31932703;753.4219;1.2408624;85.466805;69.28507;0.032595556;450.0;73.48633;3.9640665;-0.76270753;10.725871;24.941086;14.215216;21.76012;0.0;3931.0571;6761.991;-1121.6609;6648.42;-528.4678;-85.21333
1995-05-26;10.835338;5.7474465;-0.08681361;754.40894;1.2050916;67.64238;36.304768;0.015768806;450.0;35.48177;5.038607;-1.6139802;7.694423;20.970911;13.276503;13.67813;0.0;4607.867;6705.6035;-1190.7103;6955.0093;-1118.2622;-392.5778
1995-05-27;11.212952;3.1299336;-0.0085322065;753.70953;1.2186471;135.18686;16.352865;0.007107655;450.0;16.113281;0.3155321;-2.155032;1.9884408;13.664082;11.675655;6.0252028;0.0;4401.2334;5853.5244;-1410.9752;6870.2544;-1496.87;-388.23444
1995-05-28;9.398274;5.8315735;0.010116577;753.34595;1.0119687;68.83234;7.0472817;0.0030566454;450.0;6.917318;11.230806;-1.7830971;6.092474;16.769112;10.676644;2.7552843;0.0;3660.2922;4693.7324;-993.26807;7394.684;-1238.0488;-581.04443
1995-05-29;8.70638;4.1595154;0.009705861;752.29767;1.1219692;43.725475;3.0826824;0.0013420979;450.0;3.2145183;5.3214817;-1.9016834;1.557827;11.248499;9.690672;1.0680034;0.0;3305.195;4167.1924;-1075.5092;7233.1636;-1320.8966;-459.63666
1995-05-30;7.6593423;3.889323;0.010101318;752.29034;1.0713475;45.64372;1.4422201;0.0006291072;450.0;1.5055338;5.113855;-1.7765882;1.3553574;10.164857;8.809514;0.47020242;0.0;2978.9634;3726.5767;-993.00336;7249.9136;-1234.0762;-502.54443
1995-05-31;8.178925;4.32251;-0.08496984;752.48535;1.011148;94.06582;0.66341144;0.00028808913;436.58887;0.9765625;8.554342;-2.2480292;2.8329043;10.8874;8.054495;0.254035;0.0;4252.168;5298.9043;-1588.2352;6771.168;-1561.59;-707.43225
1995-06-01;8.858348;4.0923767;-0.024288177;752.101;1.0033457;85.73119;0.27929688;0.000120957695;428.6312;0.20345052;4.385048;-2.6529095;0.9998828;8.412942;7.413059;0.11930242;0.0;4721.925;5869.191;-1636.0167;6855.4316;-1842.8767;-788.3489
1995-06-02;9.064586;4.962982;0.00983429;750.9392;1.2162061;56.167404;0.10546875;4.5379e-05;428.09634;-7.345365e-21;9.457952;-2.7771685;2.130702;8.988321;6.857611;0.05011633;0.0;5090.3643;6316.3223;-1600.1812;7020.636;-1929.2;-987.4889
1995-06-03;8.129842;4.7079163;0.009936015;749.5444;1.0348475;69.79551;0.038085938;1.6331673e-05;428.09375;-7.345365e-21;3.3178449;-2.5376287;0.6752312;7.0521536;6.3769145;0.01604855;0.0;4353.3384;5394.5845;-1495.5734;6991.3228;-1762.8044;-871.08
1995-06-04;8.292378;5.006134;0.010009766;749.56305;0.9275237;92.81403;0.015055339;6.3578286e-06;428.09375;-7.345365e-21;7.9358397;-2.4662466;1.997292;7.9577265;5.9604273;0.006303191;0.0;4362.511;5399.542;-1461.5961;7013.943;-1713.2178;-868.1889
1995-06-05;8.606984;5.421061;0.010097504;749.6838;0.8889659;83.99883;0.0059407554;2.6623409e-06;428.09375;-7.345365e-21;8.237659;-2.1674893;2.4748592;8.073598;5.598754;0.0024065375;0.0;3956.1133;4891.122;-1407.2206;7064.4487;-1505.6812;-762.6811
1995-06-06;9.318767;5.6111145;0.009829204;749.43243;1.1163564;105.41486;0.002766927;1.2715658e-06;428.09375;-7.345365e-21;2.9308228;-2.7417307;0.53697824;5.821109;5.284116;0.0010877848;0.0;5202.7974;6425.989;-1834.6217;6776.476;-1904.5889;-1083.03
1995-06-07;8.333496;5.2880044;0.010018666;750.1594;1.1679357;109.6397;0.00081380206;3.1789145e-07;428.09375;-7.345365e-21;1.8167973;-3.1291041;0.3081113;5.310684;5.0025806;0.00039860606;0.0;5627.73;6943.541;-1804.8489;6821.01;-2173.6843;-1306.0856
1995-06-08;10.313507;0.6560364;-0.2680079;751.08246;1.3453525;191.74757;0.0;-7.3453654e-25;403.31284;-7.345365e-21;0.017380713;-4.150497;0.0025480986;4.745886;4.743315;0.00013411045;0.0;6515.1973;8030.176;-2178.12;6463.642;-2883.2134;-1138.5978
1995-06-09;12.036702;0.20855713;-1.5992953;750.74;1.4019042;190.209;0.0;-7.3453654e-25;222.71191;-7.345365e-21;0.15669763;-3.7996583;0.020951033;4.5232477;4.502304;3.7252903e-05;0.0;5955.5293;7332.669;-2018.395;6645.148;-2639.4956;-972.42
1995-06-10;11.033711;0.08933512;-1.0752577;749.16974;1.3682314;185.05473;0.0;-7.3453654e-25;106.776024;-7.345365e-21;0.00043511385;-4.0733924;5.9604645e-05;4.278034;4.277974;1.1175871e-05;0.0;6741.1094;8291.245;-2405.0793;6218.2666;-2829.65;-1219.8567
1995-06-11;9.810333;2.1557312;-0.0036824543;749.48236;1.2545248;127.34936;0.0;-7.3453654e-25;100.00454;-7.345365e-21;0.48832893;-3.6178715;0.059753656;4.128724;4.0689855;0.0;0.0;6400.0522;7863.4956;-2283.0122;6385.473;-2513.2144;-1269.7478
1995-06-12;10.367828;3.2924602;0.00329717;750.1324;1.1915497;108.27224;0.0;-7.3453654e-25;100.00747;-7.345365e-21;0.74903965;-3.5976098;0.08738041;3.9620101;3.8746448;0.0;0.0;6285.1274;7714.1377;-2085.3044;6698.2446;-2499.139;-1213.6888
1995-06-13;10.536275;4.069711;0.010232677;749.5506;1.2505428;61.877098;0.0;-7.345365e-25;99.99999;-7.345365e-21;2.5828183;-3.3160374;0.34552813;4.0392876;3.6937594;0.0;0.0;5602.422;6869.109;-2093.9312;6670.9272;-2303.541;-1025.539
1995-06-14;11.386769;1.5159302;0.009896596;749.163;1.0930041;84.97715;0.0;-7.3453654e-25;99.99998;-7.345365e-21;0.12311773;-3.9823725;0.013411045;3.5382211;3.52481;0.0;0.0;6510.54;7974.263;-2383.2205;6413.3735;-2766.4211;-996.4078
1995-06-15;10.721089;4.435323;0.010019938;749.1494;1.1848336;67.508675;0.0;-7.3453654e-25;100.03416;-7.345365e-21;5.0229635;-3.262261;0.66173077;4.028976;3.3672154;0.0;0.0;5708.7305;6984.9146;-2019.5117;6813.6167;-2266.1843;-1081.9856
1995-06-16;10.882263;5.420614;0.009923299;749.9055;1.2849593;58.05279;0.0;-7.3453654e-25;100.00519;-7.345365e-21;0.94395334;-3.593348;0.100553036;3.3214986;3.2209606;0.0;0.0;5841.668;7146.6523;-1974.9956;6902.867;-2496.1782;-1031.0422
1995-06-17;11.259816;5.6111856;0.009774526;750.07;1.1579965;67.94318;0.0;-7.3453654e-25;99.99998;-7.345365e-21;1.6411841;-3.4858594;0.1835525;3.2677352;3.0841975;0.0;0.0;5711.8545;6986.8823;-1879.0189;7053.398;-2421.51;-1030.9589
1995-06-18;12.6528015;5.189321;0.009700775;750.62036;1.180319;82.96595;0.0;-7.3453654e-25;99.99998;-7.345365e-21;0.30787587;-3.7113986;0.03027916;2.986461;2.956152;0.0;0.0;5844.7773;7148.5713;-1940.3517;7082.2246;-2578.1843;-929.0622
1995-06-19;14.60551;2.9086711;0.010097504;751.8352;1.1096185;112.3151;0.0;-7.3453654e-25;99.99998;-7.345365e-21;0.35971403;-3.923677;0.034213066;2.8697252;2.835527;0.0;0.0;6280.975;7681.0776;-2281.2522;6847.487;-2725.6477;-846.0811
1995-06-20;16.375793;1.8953348;0.00990804;751.80817;1.1656674;124.883484;0.0;-7.3453654e-25;99.99998;-7.345365e-21;0.0;-4.2652917;0.0;2.721727;2.721727;0.0;0.0;6876.606;8408.422;-2540.4373;6687.7744;-2962.9543;-929.57776
1995-06-21;14.979065;0.5683899;0.010028839;747.32715;1.5202278;190.9988;0.0;-7.3453654e-25;99.99998;-7.345365e-21;0.0025793843;-3.8919795;0.00022351742;2.6147962;2.6145651;0.0;0.0;6894.6846;8429.49;-2607.3267;6507.042;-2703.629;-1269.2411
1995-06-22;11.124431;3.5636902;0.009927114;747.6861;0.8879444;98.59229;0.0;-7.3453654e-25;99.99998;-7.345365e-21;1.6322421;-2.5732052;0.15878677;2.67376;2.5149732;0.0;0.0;4866.648;5949.1123;-1877.6344;6993.7583;-1787.5189;-1077.15
1995-06-23;13.411122;4.11911;0.009737651;750.8542;1.1149338;108.36869;0.0;-7.3453654e-25;99.99998;-7.345365e-21;0.061416626;-3.283834;0.005081296;2.4265945;2.421528;0.0;0.0;6216.225;7597.9146;-2258.8623;6860.1724;-2281.17;-1228.83
1995-06-24;13.529277;4.836222;0.010063171;750.2788;0.9655729;81.71522;0.0;-7.3453654e-25;100.00259;-7.345365e-21;2.0310912;-3.2377467;0.20107627;2.5336742;2.3326054;0.0;0.0;6224.4946;7607.1133;-2365.6316;6851.1064;-2249.1555;-1223.3878
1995-06-25;12.601379;5.5228577;-0.010334015;750.45557;1.3050071;63.710968;0.0;-7.3453654e-25;100.020164;-7.345365e-21;1.36936;-2.8102174;0.120297074;2.3696423;2.2493453;0.0;0.0;5359.8623;6549.548;-2092.341;6987.121;-1952.1644;-1059.28
1995-06-26;12.586812;4.7446694;0.009927114;750.69025;1.2597021;71.42427;0.0;-7.3453654e-25;100.0104;-7.345365e-21;0.16358495;-3.0980828;0.012144446;2.1829903;2.1708534;0.0;0.0;5764.9;7043.5376;-2094.893;7069.3584;-2152.1345;-1213.2378
1995-06-27;13.426575;5.0152993;0.009958903;749.2685;1.1388155;89.975075;0.0;-7.3453654e-25;100.00519;-7.345365e-21;1.2831063;-2.9663882;0.10767579;2.2039413;2.0962358;0.0;0.0;5897.0254;7204.1265;-2267.9695;6927.9097;-2060.65;-1235.3055
1995-06-28;15.276998;0.28125;0.010124207;746.16156;1.8074797;157.69592;0.0;-7.3453654e-25;99.99998;-7.345365e-21;0.02014041;-3.282223;0.0014826655;2.0268857;2.0253956;0.0;0.0;6406.958;7826.122;-2460.3784;6752.0415;-2280.051;-1323.0189
1995-06-29;13.446727;-1.6647543;0.009937286;744.8083;1.6623898;212.0956;0.0;-7.3453654e-25;99.99998;-7.345365e-21;0.20078123;-2.9592998;0.014603138;1.9724965;1.9579008;0.0;0.0;6844.8774;8359.926;-2697.8633;6421.976;-2055.7266;-1909.5656
1995-06-30;12.052338;-0.25620523;0.0100619;747.49994;1.1507168;150.82672;0.0;-7.3453654e-25;99.99998;-7.345365e-21;0.08355081;-2.4433424;0.0059753656;1.8999726;1.8940121;0.0;0.0;6215.9385;7590.81;-2477.5322;6598.0513;-1697.3088;-1761.5089
1995-07-01;11.986012;1.6718445;0.010120392;745.9966;1.2624903;138.55579;0.0;-7.3453654e-25;99.99998;-7.345365e-21;0.42042553;-2.350349;0.02926588;1.8627644;1.8334836;0.0;0.0;6325.5767;7723.62;-2543.455;6618.249;-1632.7078;-1845.4667
1995-07-02;12.33783;-0.08515421;0.010276794;745.6989;1.3488325;138.0724;0.0;-7.3453654e-25;99.99998;-7.345365e-21;0.41523302;-2.2791688;0.02887845;1.8048584;1.7759651;0.0;0.0;6463.2017;7890.589;-2728.274;6403.396;-1583.2633;-1905.211
1995-07-03;14.928172;-1.7502848;0.010096232;749.642;1.1814222;135.5347;0.0;-7.3453654e-25;99.99998;-7.345365e-21;0.007128715;-2.5186846;0.0004917383;1.721248;1.7207563;0.0;0.0;6852.93;8365.441;-2859.4583;6546.5;-1749.6455;-1710.4911
1995-07-04;15.340495;-1.2313639;0.009732564;750.0015;1.5257841;112.960396;0.0;-7.3453654e-25;99.99998;-7.345365e-21;0.5602537;-2.1492262;0.037536025;1.7056465;1.6681254;0.0;0.0;6654.431;8122.0366;-2816.3533;6618.808;-1492.9956;-1959.9734
1995-07-05;13.179474;5.9306846;0.010046641;747.8123;1.3842086;60.07271;0.0;-7.3453654e-25;99.99998;-7.345365e-21;6.688682;-2.1066983;0.5634278;2.1818578;1.6184002;0.0;0.0;6104.3184;7449.6133;-2428.3203;6957.176;-1463.4534;-1897.4412
1995-07-06;14.356486;5.5855203;0.010298411;747.63525;1.3008219;102.72806;0.0;-7.3453654e-25;100.00259;-7.345365e-21;0.1486957;-3.1247475;0.009834766;1.5811324;1.5712976;0.0;0.0;6139.713;7491.751;-2247.9429;7102.4775;-2170.6567;-1393.7955
1995-07-07;15.295654;4.419525;0.009825389;748.68353;1.4913462;107.716805;0.0;-7.3453654e-25;99.99998;-7.345365e-21;0.8668909;-2.8230948;0.056788325;1.5827268;1.5259459;0.0;0.0;6159.958;7515.5244;-2411.2996;7011.75;-1961.1089;-1499.3367
1995-07-08;15.791484;1.4623108;0.009962718;749.00555;1.4250126;115.85797;0.0;-7.3453654e-25;99.99998;-7.345365e-21;0.005823374;-2.907644;0.00035762787;1.4828146;1.4824643;0.0;0.0;6417.086;7828.279;-2496.5652;6950.51;-2019.8434;-1598.25
1995-07-09;15.851624;-2.7937927;0.010087331;747.6988;1.2876818;120.895546;0.0;-7.3453654e-25;99.99998;-7.345365e-21;0.0012814989;-2.7068238;8.940697e-05;1.4405698;1.4404953;0.0;0.0;7036.03;8582.232;-3108.0234;6336.148;-1880.3411;-1752.84
1995-07-10;15.65688;-4.294922;0.010046641;745.73956;1.3803892;141.3598;0.0;-7.3453654e-25;99.99998;-7.345365e-21;0.0012910796;-2.3172917;8.940697e-05;1.400277;1.4001951;0.0;0.0;7116.2207;8678.948;-3201.732;6278.8374;-1609.7456;-1910.6
1995-07-11;15.12912;-0.22623698;0.009920756;746.17975;1.1104478;180.25774;0.0;-7.3453654e-25;99.99998;-7.345365e-21;0.0021602465;-1.9294657;0.00013411045;1.3617128;1.3615787;0.0;0.0;7001.765;8538.217;-3137.3132;6426.7554;-1340.3356;-2171.0156
1995-07-12;15.476766;-0.21958415;0.009944916;747.30756;1.2288786;179.8355;0.0;-7.3453654e-25;99.99998;-7.345365e-21;0.0;-1.762636;0.0;1.3245046;1.3245195;0.0;0.0;7021.7544;8561.564;-3251.8828;6363.497;-1224.4434;-2164.3179
1995-07-13;15.408681;-0.47098795;0.010068257;748.0925;1.1891965;145.07573;0.0;-7.3453654e-25;99.99998;-7.345365e-21;0.00044107434;-1.6400675;2.9802322e-05;1.2889802;1.288943;0.0;0.0;7051.4146;8596.635;-3336.7166;6311.6143;-1139.3011;-2188.0144
1995-07-14;17.196402;2.4548645;0.010052999;748.4952;1.247111;98.34327;0.0;-7.3453654e-25;99.99998;-7.345365e-21;0.00085830933;-1.6473336;5.9604645e-05;1.2547374;1.2546778;0.0;0.0;6867.1226;8370.844;-3075.4534;6853.5;-1144.3478;-2056.7444
1995-07-15;18.072886;0.8077901;0.009757996;747.1718;1.2988532;113.13358;0.0;-7.3453654e-25;99.99998;-7.345365e-21;0.0012796127;-1.595267;8.940697e-05;1.2217462;1.2216717;0.0;0.0;6936.7114;8454.554;-3319.7205;6651.702;-1108.1788;-2140.8333
1995-07-16;17.710785;-0.96895343;0.009904225;745.6337;1.2172666;105.38132;0.0;-7.3453654e-25;99.99998;-7.345365e-21;0.0012814989;-1.564756;7.4505806e-05;1.1900663;1.1899769;0.0;0.0;7076.5874;8623.133;-3482.7722;6460.1313;-1086.9845;-2017.7866
1995-07-17;18.620209;5.077128;0.009967804;746.34796;1.2990292;89.33795;0.0;-7.3453654e-25;99.99998;-7.345365e-21;0.0;-1.4340411;0.0;1.159519;1.159519;0.0;0.0;6448.8804;7856.3794;-2858.69;7282.053;-996.1811;-2039.7877
1995-07-18;18.705078;4.221985;0.009749095;747.2026;1.3615389;107.94183;0.0;-7.3453654e-25;99.99998;-7.345365e-21;0.00043511385;-1.4539082;2.9802322e-05;1.1301786;1.1301488;0.0;0.0;6739.4883;8208.685;-3083.053;7077.761;-1009.98224;-2227.9255
1995-07-19;18.841349;5.69045;0.009919484;747.8389;1.292885;91.31382;0.0;-7.3453654e-25;100.00519;-7.345365e-21;0.0020861626;-1.4232062;8.940697e-05;1.1019111;1.1018366;0.0;0.0;6767.598;8241.062;-3069.3923;7144.8813;-988.6533;-2187.6777
1995-07-20;19.901651;7.9866233;0.010108948;746.97394;1.3210862;75.15961;0.0;-7.3453654e-25;100.03416;-7.345365e-21;0.0021308651;-1.3550324;0.00010430813;1.0746717;1.0745674;0.0;0.0;6397.4673;7788.613;-2878.0564;7467.432;-941.29553;-2062.63
1995-07-21;20.61141;6.735728;0.010087331;746.6336;1.4022392;94.898224;0.0;-7.3453654e-25;99.99998;-7.345365e-21;0.0012997179;-1.3235472;7.4505806e-05;1.0484159;1.0483563;0.0;0.0;6264.8984;7625.5195;-2931.4585;7446.1655;-919.42334;-1954.3756
1995-07-22;20.76406;6.295522;0.009878795;747.4824;1.4356118;73.04965;0.0;-7.3453654e-25;100.00259;-7.345365e-21;0.0013452802;-1.2919233;5.9604645e-05;1.0232031;1.0231286;0.0;0.0;6213.065;7560.808;-2891.9;7505.904;-897.45667;-1939.8
1995-07-23;19.966553;8.167125;0.009863536;748.6617;1.3138314;91.204124;0.0;-7.3453654e-25;99.99998;-7.345365e-21;0.09070413;-1.2168559;0.004634261;1.0035038;0.99886954;0.0;0.0;6017.7007;7321.493;-2619.8691;7749.102;-845.30945;-2141.4443
1995-07-24;18.55773;4.9713645;0.010023753;748.6923;1.3527876;161.40749;0.0;-7.3453654e-25;99.99998;-7.345365e-21;0.0010669231;-1.234754;5.9604645e-05;0.9754896;0.97543;0.0;0.0;6538.068;7952.686;-3082.1318;7086.72;-857.74225;-2421.68
1995-07-25;17.99473;-0.47032675;0.00995636;748.72345;1.1887798;183.57526;0.0;-7.3453654e-25;99.99998;-7.345365e-21;0.0;-1.2327191;0.0;0.95278025;0.95278025;0.0;0.0;6984.1333;8493.384;-3624.9321;6391.678;-856.3289;-2280.07
1995-07-26;17.80781;-1.0066732;0.010087331;748.61743;1.2675785;114.94974;0.0;-7.3453654e-25;99.99998;-7.345365e-21;0.0017074035;-1.1963221;0.00010430813;0.93102455;0.93093514;0.0;0.0;6959.6733;8461.764;-3574.3022;6417.92;-831.04443;-2244.1633
1995-07-27;17.378143;-0.68343097;0.010096232;748.15594;1.2561932;106.30646;0.0;-7.3453654e-25;99.99998;-7.345365e-21;0.0012993806;-1.1594557;5.9604645e-05;0.9098649;0.9097904;0.0;0.0;6856.7495;8334.7295;-3458.3855;6516.222;-805.43445;-2332.5422
1995-07-28;17.164896;0.0483195;0.009950002;749.0651;1.2284985;141.61504;0.0;-7.3453654e-25;99.99998;-7.345365e-21;0.0012874597;-1.1058916;5.9604645e-05;0.8894205;0.8893758;0.0;0.0;6797.3477;8260.63;-3269.7622;6693.6465;-768.22614;-2429.3354
1995-07-29;17.181772;0.6512451;0.01020813;749.2678;1.2701317;216.4035;0.0;-7.3453654e-25;99.99998;-7.345365e-21;0.0004270794;-1.0543605;2.9802322e-05;0.8697063;0.8696765;0.0;0.0;6717.3438;8161.6724;-3234.3254;6716.8535;-732.43;-2501.3245
1995-07-30;17.231363;-0.9771016;0.01015981;749.2199;1.2352291;104.210175;0.0;-7.3453654e-25;99.99998;-7.345365e-21;0.0;-1.0850523;0.0;0.8506477;0.85065514;0.0;0.0;6883.05;8361.127;-3572.3208;6371.38;-753.75;-2310.4543
1995-07-31;18.220175;-0.6208191;0.009853363;750.282;1.2525873;91.638336;0.0;-7.3453654e-25;99.99998;-7.345365e-21;0.0;-1.1124882;0.0;0.83220005;0.8321926;0.0;0.0;6786.8115;8242.368;-3464.423;6611.9844;-772.8089;-2172.3467
1995-08-01;19.23533;1.3895874;0.009936015;751.0801;1.2913557;109.07449;0.0;-7.3453654e-25;99.99998;-7.345365e-21;0.0;-1.0993257;0.0;0.81428885;0.81428885;0.0;0.0;6657.624;8083.654;-3343.8252;6876.8926;-763.6655;-2122.1123
1995-08-02;19.272268;1.0666708;0.010028839;749.8552;1.3466129;141.88356;0.0;-7.3453654e-25;99.99998;-7.345365e-21;0.0;-1.0722167;0.0;0.7969439;0.7969439;0.0;0.0;6693.653;8125.602;-3407.326;6795.049;-744.8333;-2236.65
1995-08-03;18.682556;-2.3059185;0.0098559065;748.37915;1.2576278;98.41065;0.0;-7.3453654e-25;99.99998;-7.345365e-21;0.0004351138;-1.054274;2.9802322e-05;0.7802099;0.78018755;0.0;0.0;6846.3955;8309.18;-3701.0298;6388.981;-732.3689;-2148.1868
1995-08-04;19.040182;-4.634247;0.0102551775;749.3633;1.3105153;125.89068;0.0;-7.3453654e-25;99.99998;-7.345365e-21;0.0017205821;-1.0382607;8.940697e-05;0.76408684;0.76399744;0.0;0.0;6867.104;8332.449;-3765.819;6302.637;-721.24554;-2087.4912
1995-08-05;19.375326;-4.1629944;0.009862264;750.5562;1.2536495;113.69949;0.0;-7.3453654e-25;99.99998;-7.345365e-21;0.0017082284;-1.0103341;8.940697e-05;0.7484257;0.7483512;0.0;0.0;6864.2007;8327.108;-3763.461;6331.036;-701.8456;-2071.8767
1995-08-06;19.18924;-2.4567566;0.010161082;750.0236;1.2259967;177.83923;0.0;-7.3453654e-25;99.99998;-7.345365e-21;0.00085532654;-0.98914653;4.4703484e-05;0.73324144;0.73319674;0.0;0.0;6799.1187;8246.315;-3679.1172;6412.1924;-687.1278;-2117.469
1995-08-07;18.397543;-0.8206787;0.010032654;749.4311;1.2653588;155.57133;0.0;-7.3453654e-25;99.99998;-7.345365e-21;0.0004351138;-0.9421315;2.9802322e-05;0.7184893;0.7184744;0.0;0.0;6745.459;8179.4287;-3544.4731;6494.5415;-654.4667;-2267.2988
1995-08-08;18.11094;-0.3983256;0.010142009;748.48456;1.2791384;101.04867;0.0;-7.3453654e-25;99.99998;-7.345365e-21;0.0021398063;-0.9545106;0.00011920929;0.7042587;0.7041693;0.0;0.0;6647.4004;8058.7026;-3407.2312;6680.7153;-663.06665;-2227.7134
1995-08-09;18.66156;4.306956;0.009885152;749.5147;1.3564073;83.264;0.0;-7.3453654e-25;99.99998;-7.345365e-21;0.00035762787;-0.92423147;1.4901161e-05;0.6902218;0.6902367;0.0;0.0;6447.3423;7814.406;-3132.2517;7070.1567;-642.0322;-2302.1821
1995-08-10;19.462484;4.634857;0.010047913;751.541;1.4222536;84.21812;0.0;-7.3453654e-25;99.99998;-7.345365e-21;0.0004351138;-0.9172577;2.9802322e-05;0.67672133;0.67670643;0.0;0.0;6311.488;7648.0967;-3084.9072;7181.774;-637.1889;-2234.2866
1995-08-11;18.875946;1.2726847;0.010232289;751.62836;1.4544911;160.4994;0.0;-7.3453654e-25;99.99998;-7.345365e-21;0.0012814989;-0.8826107;7.4505806e-05;0.6636679;0.6636083;0.0;0.0;6435.137;7796.158;-3273.5266;6851.121;-613.1189;-2395.6577
1995-08-12;17.334604;-1.4411926;0.009970347;751.7259;1.3596364;241.32707;0.0;-7.3453654e-25;99.99998;-7.345365e-21;0.0012814989;-0.8081198;5.9604645e-05;0.65106153;0.65100193;0.0;0.0;6590.427;7982.583;-3368.8875;6498.665;-561.37445;-2506.429
1995-08-13;17.73345;-1.2122091;0.010164897;751.89166;1.329996;148.24861;0.0;-7.3453654e-25;99.99998;-7.345365e-21;0.0038564203;-0.8455273;0.00020861626;0.638932;0.6387532;0.0;0.0;6539.4365;7919.0405;-3404.938;6545.4766;-587.36;-2313.5
1995-08-14;17.80593;-1.0557455;0.010112762;750.55054;1.2537895;89.215034;0.0;-7.3453654e-25;99.99998;-7.345365e-21;0.0;-0.8755624;0.0;0.62677264;0.62678754;0.0;0.0;6512.3066;7884.38;-3419.4011;6618.3594;-608.2244;-2191.2144
1995-08-15;18.544962;1.4508667;0.010147095;749.1857;1.3581332;91.60984;0.0;-7.3453654e-25;99.99998;-7.345365e-21;0.00044107434;-0.85383284;2.9802322e-05;0.61514974;0.61513484;0.0;0.0;6449.9463;7807.1465;-3353.2388;6727.5015;-593.1289;-2213.081
1995-08-16;17.790781;-2.909729;0.010039012;749.5862;1.3208854;184.91309;0.0;-7.3453654e-25;100.00519;-7.345365e-21;0.00043511385;-0.83027035;2.9802322e-05;0.60385466;0.60383976;0.0;0.0;6564.1846;7944.422;-3555.1082;6408.737;-576.7622;-2262.5457
1995-08-17;17.574972;-2.6723125;0.010318756;751.09235;1.2201062;201.30495;0.0;-7.3453654e-25;99.99998;-7.345365e-21;0.0012899664;-0.81683326;7.4505806e-05;0.5929619;0.5929023;0.0;0.0;6556.6123;7934.385;-3569.4927;6365.738;-567.4267;-2161.4421
1995-08-18;18.128733;-2.267863;0.009976705;751.7241;1.2259048;181.35492;0.0;-7.3453654e-25;99.99998;-7.345365e-21;0.0;-0.8161608;0.0;0.5822629;0.582248;0.0;0.0;6525.981;7896.365;-3570.131;6424.912;-566.96;-2126.1433
1995-08-19;17.812235;-0.55060834;0.009994507;752.24054;1.2571083;110.71103;0.0;-7.3453654e-25;99.99998;-7.345365e-21;0.00042617318;-0.79748964;2.9802322e-05;0.57190657;0.57189167;0.0;0.0;6420.4604;7767.7183;-3412.7256;6590.9966;-553.99;-2183.669
1995-08-20;17.156576;1.0901794;0.009819031;751.9097;1.2952472;159.06264;0.0;-7.3453654e-25;99.99998;-7.345365e-21;0.001291086;-0.7568961;7.4505806e-05;0.5618781;0.5618185;0.0;0.0;6205.836;7507.0806;-3282.4226;6621.6743;-525.79114;-2253.4534
1995-08-21;16.448547;-3.0837097;0.009900411;749.99347;1.1723578;177.66026;0.0;-7.3453654e-25;99.99998;-7.345365e-21;0.0;-0.75145066;0.0;0.5520284;0.5520284;0.0;0.0;6339.3677;7667.7856;-3428.3643;6378.279;-522.0089;-2231.2
1995-08-22;15.935018;-0.046407063;0.0096918745;748.47943;1.2747091;180.55486;0.0;-7.3453654e-25;99.99998;-7.345365e-21;0.0025599275;-0.69979113;0.00011920929;0.5426407;0.5425289;0.0;0.0;6239.6357;7546.287;-3233.4653;6509.222;-486.12112;-2358.5322
1995-08-23;15.382091;1.4783834;0.010073344;749.56915;1.173129;144.53189;0.0;-7.3453654e-25;99.99998;-7.345365e-21;0.0;-0.6822758;0.0;0.53331256;0.53331256;0.0;0.0;6106.048;7383.805;-3158.0527;6540.742;-473.95444;-2352.6455
1995-08-24;15.618236;0.08224487;0.009816487;752.2518;1.2160815;177.14519;0.0;-7.3453654e-25;99.99998;-7.345365e-21;0.0012814989;-0.6963778;5.9604645e-05;0.52437186;0.52432716;0.0;0.0;6172.4473;7462.9443;-3226.1155;6477.884;-483.75;-2309.2888
1995-08-25;16.123281;-0.85246783;0.010031383;752.6409;1.1999881;170.86617;0.0;-7.3453654e-25;99.99998;-7.345365e-21;0.0;-0.69809145;0.0;0.5155802;0.5155653;0.0;0.0;6233.2305;7535.779;-3407.0571;6314.0254;-484.94;-2167.611
1995-08-26;16.215057;0.04827881;0.01008606;751.2012;1.1366905;85.11979;0.0;-7.3453654e-25;99.99998;-7.345365e-21;0.0008583069;-0.72311795;4.4703484e-05;0.5070567;0.50701946;0.0;0.0;6065.2554;7331.8394;-3188.9673;6656.901;-502.32556;-2065.32
1995-08-27;17.53414;0.6517029;0.009983063;750.23553;1.233838;86.248566;0.0;-7.3453654e-25;99.99998;-7.345365e-21;0.0004351138;-0.73062813;2.9802322e-05;0.49866736;0.49863756;0.0;0.0;6021.051;7277.5317;-3213.095;6752.7266;-507.54333;-2016.7744
1995-08-28;18.611298;-0.30142212;0.009882609;750.7642;1.3085912;108.17509;0.0;-7.3453654e-25;99.99998;-7.345365e-21;0.0;-0.7197168;0.0;0.49048662;0.49049407;0.0;0.0;6031.436;7289.21;-3330.4578;6643.0615;-499.96335;-1976.6244
1995-08-29;17.507315;-1.2484131;0.010018666;750.3098;1.3392805;131.43747;0.0;-7.3453654e-25;99.99998;-7.345365e-21;0.0;-0.68229806;0.0;0.482589;0.482589;0.0;0.0;6024.7095;7280.213;-3361.0269;6475.7085;-473.97;-2044.6755
1995-08-30;16.642029;-1.0102743;0.010073344;750.2425;1.217857;113.1809;0.0;-7.3453654e-25;99.99998;-7.345365e-21;0.0;-0.6691795;0.0;0.4748702;0.4749;0.0;0.0;6017.9546;7271.1636;-3382.9014;6373.061;-464.85556;-2013.9856
1995-08-31;17.448456;-0.912852;0.010214488;751.5898;1.2732278;83.1507;0.0;-7.3453654e-25;99.99998;-7.345365e-21;0.0008612373;-0.69169885;4.4703484e-05;0.46740472;0.46736002;0.0;0.0;5936.7554;7172.2;-3268.2427;6622.1523;-480.5;-1879.6333
1995-09-01;17.971395;4.2395935;0.010236104;752.948;1.4526726;51.642002;0.0;-7.3453654e-25;99.99998;-7.345365e-21;0.0012962646;-0.6628437;5.9604645e-05;0.46008825;0.46001375;0.0;0.0;5795.072;7000.194;-3120.319;6845.089;-460.45557;-1959.74
1995-09-02;18.360056;0.6859309;0.009941101;752.0739;1.3754478;146.53813;0.0;-7.3453654e-25;99.99998;-7.345365e-21;0.0;-0.66264623;0.0;0.4528463;0.4528463;0.0;0.0;5709.3916;6895.89;-3136.3848;6783.54;-460.31778;-1898.0856
1995-09-03;17.194153;0.06676229;0.010045369;750.73413;1.3149616;114.0346;0.0;-7.3453654e-25;99.99998;-7.345365e-21;0.0;-0.6274842;0.0;0.44587255;0.44587255;0.0;0.0;5768.2476;6966.0996;-3131.922;6673.4507;-435.89334;-2103.9277
1995-09-04;15.181071;-1.5101827;0.010130565;748.65704;1.2051979;218.5733;0.0;-7.3453654e-25;99.99998;-7.345365e-21;0.0017121247;-0.5849265;8.940697e-05;0.43918192;0.43910742;0.0;0.0;5789.6235;6991.1206;-3209.7039;6339.5093;-406.3289;-2164.3767
1995-09-05;13.291992;-0.48921713;0.01024882;749.46405;1.0718302;162.76149;0.0;-7.3453654e-25;99.99998;-7.345365e-21;0.001717719;-0.53696895;8.940697e-05;0.4326403;0.432536;0.0;0.0;5668.848;6844.484;-3112.98;6244.828;-373.01334;-2226.0662
1995-09-06;14.301595;-0.3711141;0.0098775225;752.0372;1.1829244;96.2642;0.0;-7.3453654e-25;99.99998;-7.345365e-21;0.0008523463;-0.58440864;4.4703484e-05;0.4261583;0.42612106;0.0;0.0;5553.3594;6704.2104;-2960.2695;6573.6665;-405.9689;-1986.8545
1995-09-07;15.480336;-2.3951313;0.0100619;752.5811;1.1951243;140.57689;0.0;-7.3453654e-25;99.99998;-7.345365e-21;0.0012874597;-0.5980134;5.9604645e-05;0.41985512;0.4198104;0.0;0.0;5601.0405;6760.949;-3168.8994;6421.365;-415.42;-1909.8022
1995-09-08;14.859059;-1.3009542;0.010261536;751.12646;1.3765197;168.08647;0.0;-7.3453654e-25;99.99998;-7.345365e-21;0.0;-0.5562762;0.0;0.41368604;0.41367114;0.0;0.0;5565.635;6717.4243;-2986.4497;6530.265;-386.42557;-1999.7755
1995-09-09;12.53597;0.39750162;0.009918213;750.4495;1.1609555;139.26714;0.0;-7.3453654e-25;99.99998;-7.345365e-21;0.07915497;-0.48496854;0.0036656857;0.41140616;0.40774792;0.0;0.0;5246.3457;6331.3276;-2832.9978;6433.711;-336.8922;-2204.2122
1995-09-10;12.9765215;-0.87161255;0.009927114;752.0657;1.1173687;145.61116;0.0;-7.3453654e-25;99.99998;-7.345365e-21;0.0;-0.561798;0.0;0.40194392;0.40195882;0.0;0.0;5462.291;6591.0444;-2956.3555;6373.519;-390.2622;-2016.0634
1995-09-11;14.363484;-0.24581909;0.010105133;754.4358;1.1065043;141.57106;0.0;-7.3453654e-25;99.99998;-7.345365e-21;0.0;-0.56154096;0.0;0.39625168;0.39623678;0.0;0.0;5448.31;6573.44;-3083.8713;6347.012;-390.08334;-1864.1931
1995-09-12;15.190033;-2.1406963;0.00995636;756.5307;1.1890115;121.25138;0.0;-7.3453654e-25;99.99998;-7.345365e-21;0.0008643466;-0.57337433;4.4703484e-05;0.39067864;0.39064884;0.0;0.0;5501.352;6636.646;-3246.2578;6240.4487;-398.30334;-1687.5255
1995-09-13;15.687846;-4.661194;0.009797414;757.1172;1.1056986;96.14689;0.0;-7.3453654e-25;99.99998;-7.345365e-21;0.0;-0.5829576;0.0;0.3851652;0.3851503;0.0;0.0;5313.2295;6408.9062;-3129.6028;6456.5356;-404.96222;-1554.89
1995-09-14;15.394206;-4.154785;0.009824117;754.9653;1.1971322;216.40898;0.0;-7.3453654e-25;99.99998;-7.345365e-21;0.08742102;-0.53070116;0.0038295984;0.3836751;0.3798306;0.0;0.0;4804.725;5794.8584;-2779.0674;6702.5654;-368.6611;-1566.5266
1995-09-15;14.4756975;-6.72994;0.009974162;753.58295;1.3000158;222.06792;0.0;-7.3453654e-25;99.99998;-7.345365e-21;0.0012834043;-0.5370695;5.9604645e-05;0.3747195;0.374645;0.0;0.0;5348.1685;6449.517;-3251.0703;6013.1133;-373.08334;-1828.01
1995-09-16;13.622304;-6.017334;0.009869893;752.54346;1.2185835;141.42989;0.0;-7.3453654e-25;99.99998;-7.345365e-21;0.0008702277;-0.51197225;2.9802322e-05;0.3696084;0.36957115;0.0;0.0;5327.824;6419.3926;-3146.3916;6041.2534;-355.65112;-1779.8234
1995-09-17;13.150035;-2.8255615;0.0100695295;751.0991;1.1571356;152.77077;0.0;-7.3453654e-25;99.99998;-7.345365e-21;0.027954578;-0.48128515;0.0014305115;0.36603212;0.3646016;0.0;0.0;5034.605;6060.8423;-2829.4822;6389.583;-334.33334;-1765.8177
1995-09-18;11.533528;0.7232361;0.010097504;749.7092;1.4674622;172.70186;0.0;-7.3453654e-25;99.99998;-7.345365e-21;2.5741906;-0.58918446;0.14472008;0.5045682;0.3598407;0.0;0.0;4490.5933;5401.243;-2251.3655;6847.0635;-409.28778;-1827.2633
1995-09-19;7.453003;3.788442;0.009923299;746.25214;0.9820129;238.71844;0.0;-7.3453654e-25;99.99998;-7.345365e-21;7.5496225;-1.3438649;0.45147538;0.8068532;0.3553927;0.0;0.0;3822.3955;4593.5405;-1857.3162;6665.7285;-933.5378;-1477.7245
1995-09-20;4.55541;1.5102844;0.009933472;746.8483;1.0509284;163.3538;0.0;-7.3453654e-25;99.99998;-7.345365e-21;8.814538;-1.7287303;0.57043135;0.9216666;0.35122037;0.0;0.0;3316.8506;3982.2778;-1645.5203;6425.458;-1200.8911;-1069.8075
1995-09-21;6.8732605;-1.5094045;0.009991963;752.86774;0.88758683;81.91141;0.0;-7.3453654e-25;99.99998;-7.345365e-21;0.0008523463;-2.1858606;5.9604645e-05;0.34707785;0.34701824;0.0;0.0;5082.56;6097.151;-2575.879;5742.0757;-1518.4445;-1206.8867
1995-09-22;9.720245;0.2917595;0.010019938;752.6165;1.0253377;105.48176;0.0;-7.3453654e-25;99.99998;-7.345365e-21;0.0017166131;-2.055604;8.940697e-05;0.3428161;0.3427267;0.0;0.0;5080.7275;6089.757;-2640.5378;5854.7124;-1427.96;-1007.93555
1995-09-23;10.275197;0.3093567;0.009782155;749.8226;1.1110562;148.49927;0.0;-7.3453654e-25;99.99998;-7.345365e-21;0.00085234636;-1.9193478;4.4703484e-05;0.33852458;0.33849478;0.0;0.0;4978.84;5962.4487;-2587.2644;5966.767;-1333.3077;-1102.5878
1995-09-24;9.274098;-2.2484539;0.009930928;750.6355;1.1930248;180.46545;0.0;-7.3453654e-25;99.99998;-7.345365e-21;0.0;-1.7230679;0.0;0.33435225;0.3343448;0.0;0.0;4928.899;5897.528;-2539.404;5937.3975;-1196.9578;-1257.9078
1995-09-25;8.099091;1.0190531;0.010147095;750.1995;1.3359808;230.93195;0.0;-7.3453654e-25;99.99998;-7.345365e-21;0.7673651;-1.1336952;0.038057566;0.3684461;0.3303811;0.0;0.0;3766.9712;4503.459;-1868.4678;6506.6777;-787.54;-1255.3389
1995-09-26;7.7713523;-0.87716675;0.009894053;751.6873;1.0510416;58.1302;0.0;-7.3453654e-25;99.99998;-7.345365e-21;0.00091195095;-1.5425775;4.4703484e-05;0.32651424;0.32648444;0.0;0.0;4790.8354;5722.2153;-2468.054;6031.4795;-1071.5767;-1349.1589
1995-09-27;8.622447;-0.05311076;0.009853363;752.2846;1.0786794;82.76023;0.0;-7.3453654e-25;99.99998;-7.345365e-21;0.0008475153;-1.3040221;5.9604645e-05;0.32261014;0.3225729;0.0;0.0;4807.089;5736.7026;-2551.4578;5952.5957;-905.8611;-1335.7594
1995-09-28;8.96053;-0.6408488;0.010197957;750.2166;1.1503321;155.3698;0.0;-7.3453654e-25;99.99998;-7.345365e-21;0.33115745;-1.184972;0.016331673;0.3350973;0.31875074;0.0;0.0;4698.243;5602.0996;-2452.8;6096.0635;-823.16113;-1403.2256
1995-09-29;7.1638694;-0.117899574;0.010169983;749.8086;0.7953046;134.76595;0.0;-7.3453654e-25;99.99998;-7.345365e-21;2.9426725;-1.3804362;0.17385185;0.4889816;0.31512976;0.0;0.0;3404.5193;4055.8523;-1725.255;6579.9395;-958.9422;-966.18225
1995-09-30;8.958191;1.219869;0.009841919;751.9737;1.1616915;204.67152;0.0;-7.3453654e-25;99.99998;-7.345365e-21;0.17027855;-1.2193005;0.0085532665;0.32010674;0.31156093;0.0;0.0;4327.195;5150.777;-2273.7534;6190.0366;-847.00775;-1196.2622
1995-10-01;9.684337;1.4966227;0.009971619;755.0322;0.9898312;118.42779;0.0;-7.3453654e-25;99.99998;-7.345365e-21;0.28470755;-1.200485;0.013828278;0.32183528;0.308007;0.0;0.0;4333.561;5153.972;-2364.0083;6204.507;-833.93665;-1090.7689
1995-10-02;9.44872;1.6432291;0.010257721;754.0141;1.4920955;146.86766;0.0;-7.3453654e-25;99.99998;-7.345365e-21;5.615371;-1.3103094;0.3556311;0.66012144;0.30450523;0.0;0.0;4184.03;4971.862;-1766.5823;6898.6343;-910.2278;-1263.3323
1995-10-03;5.542267;1.8315939;0.010136922;748.6558;1.6756216;186.41144;0.0;-7.3453654e-25;99.99998;-7.345365e-21;9.676516;-1.5889453;0.6889254;0.99018216;0.30124933;0.0;0.0;2475.3489;2939.0823;-1254.2186;6825.9434;-1103.7866;-763.9311
1995-10-04;3.8404846;-2.70047;0.009918213;750.18774;0.98442936;160.1425;0.0;-7.3453654e-25;99.99998;-7.345365e-21;0.6182492;-1.5109721;0.0359267;0.33403933;0.29809028;0.0;0.0;3583.664;4251.1245;-2027.9517;5841.1826;-1049.6217;-989.61
1995-10-05;4.5694275;-3.8067627;0.009900411;751.41534;1.0668972;117.41825;0.0;-7.3453654e-25;99.99998;-7.345365e-21;0.00044107434;-1.6256199;2.9802322e-05;0.29492378;0.29489398;0.0;0.0;4588.8447;5438.701;-2505.8362;5396.221;-1129.2633;-1104.4366
1995-10-06;5.695791;-2.7671916;0.009735107;751.5254;1.033177;107.6236;0.0;-7.3453654e-25;99.99998;-7.345365e-21;0.0004351138;-1.5743487;2.9802322e-05;0.29173493;0.29170513;0.0;0.0;4536.717;5372.379;-2420.2544;5595.8857;-1093.6466;-1000.86664
1995-10-07;5.3898926;-3.551534;0.00993983;750.79736;1.1642674;105.020424;0.0;-7.3453654e-25;99.99998;-7.345365e-21;0.5264431;-1.5182942;0.030055642;0.31864643;0.28858334;0.0;0.0;4413.318;5221.724;-2441.3328;5555.419;-1054.7089;-1068.23
1995-10-08;5.014852;-7.196991;0.01037852;751.4265;1.0581222;102.87469;0.0;-7.3453654e-25;99.99998;-7.345365e-21;0.0004445559;-1.4709588;2.9802322e-05;0.28553605;0.28550625;0.0;0.0;4572.2725;5405.189;-2639.3506;5249.052;-1021.82666;-1039.4412
1995-10-09;5.841787;-6.4589133;0.010203044;752.3565;1.0754137;163.89948;0.0;-7.3453654e-25;99.99998;-7.345365e-21;0.00085234636;-1.3580788;4.4703484e-05;0.28252602;0.2824813;0.0;0.0;4431.2856;5234.013;-2438.422;5518.544;-943.41223;-1038.0466
1995-10-10;6.841624;-4.727651;0.010055542;750.5767;1.1851484;255.23224;0.0;-7.3453654e-25;99.99998;-7.345365e-21;0.0008583069;-1.2523253;4.4703484e-05;0.27954578;0.27950108;0.0;0.0;4370.44;5157.7637;-2414.7073;5632.3574;-869.9489;-1099.5823
1995-10-11;5.264669;-5.282888;0.010000865;748.00885;1.3381686;198.56004;0.0;-7.3453654e-25;99.99998;-7.345365e-21;0.0012904406;-1.059847;7.4505806e-05;0.27665496;0.2765879;0.0;0.0;4205.4883;4958.8433;-2346.0657;5583.758;-736.24;-1197.2944
1995-10-12;2.3932903;-2.976817;-0.6474368;748.9444;1.5159386;31.678823;0.16829427;2.5987625e-05;107.41013;-7.345365e-21;1.5683919;-1.1443124;0.080779195;0.35458803;0.27380884;0.0121649355;0.041358173;3607.9182;4255.789;-2022.8994;5704.332;-794.93445;-1096.831
1995-10-13;3.441925;-4.853668;-1.1941477;752.12384;1.5386682;32.647083;0.15657552;2.348423e-05;109.474915;-7.345365e-21;0.0012993806;-0.99737847;0.00071525574;0.27176738;0.27105212;0.00921078;0.0;4322.843;5092.8545;-2539.805;5233.077;-692.86554;-1107.1777
1995-10-14;5.0929666;-5.618693;-1.1912155;751.4235;1.0907983;56.514263;0.1011556;1.5219052e-05;109.47654;-7.345365e-21;0.0;-0.99503624;0.00055134296;0.26883185;0.2682805;0.007616356;0.0;4325.311;5089.795;-2566.1873;5315.3267;-691.2267;-952.9867
1995-10-15;5.481008;-5.583374;-1.1219254;749.35004;1.0724233;164.72505;0.05916341;8.742015e-06;109.47654;-7.345365e-21;0.0;-0.9480119;0.00037252903;0.26594102;0.26556104;0.0052358955;0.0;4281.84;5033.175;-2524.6584;5418.547;-658.5589;-961.8889
1995-10-16;5.2555337;-4.447408;-1.03007;750.75494;1.0837644;105.82372;0.032226562;4.808108e-06;109.47654;-7.345365e-21;0.0;-0.8599125;0.00022351742;0.2631098;0.2628863;0.0031460077;0.0;4206.826;4942.7676;-2451.8828;5510.004;-597.35443;-1011.76
1995-10-17;3.884145;-2.8596394;-0.93433636;754.7343;1.2870518;47.758404;0.016438803;2.5431316e-06;109.47654;-7.345365e-21;0.09676814;-0.7311385;0.0052303076;0.2655089;0.26027858;0.0018011779;0.0;3716.4016;4364.4624;-2146.7488;5768.827;-507.89777;-1102.8989
1995-10-18;4.0777793;-4.4067283;-1.0217997;754.4175;1.0518125;49.202057;0.008382161;1.2715658e-06;109.47654;-7.345365e-21;0.11844933;-0.7490534;0.0062286854;0.26394427;0.25772303;0.00087171793;0.0;3937.2466;4622.5854;-2360.4573;5545.483;-520.3433;-989.5244
1995-10-19;4.3403726;-5.1580405;-1.0182304;752.59894;0.9641573;80.372154;0.004638672;9.536743e-07;109.47654;-7.345365e-21;0.5350739;-0.74759126;0.027790666;0.28298795;0.25520474;0.000461936;0.0;3842.3423;4509.668;-2300.3633;5611.323;-519.32666;-933.0622
1995-10-20;4.2213845;-5.852834;-0.85143405;749.55444;0.8727233;120.0283;0.0025227864;2.3841858e-07;109.47654;-7.345365e-21;0.50759536;-0.713991;0.025808811;0.2785772;0.2527535;0.000230968;0.0;3440.3638;4036.6423;-1954.0239;5935.2095;-495.98557;-914.98553
1995-10-21;4.249369;-4.278286;-0.9481354;749.79425;1.0065958;142.20229;0.0008951823;-7.3453654e-25;109.47654;-7.345365e-21;0.011473894;-0.69577897;0.0005066395;0.25084615;0.2503395;0.00012665987;0.0;3691.979;4330.4976;-2215.4321;5700.5444;-483.33444;-1046.7356
1995-10-22;5.364858;-5.5325623;-1.1462988;750.82715;0.94534874;135.48344;0.0;-7.3453654e-25;109.47654;-7.345365e-21;0.0;-0.68177843;0.0;0.24794042;0.24793297;5.9604645e-05;0.0;3990.0396;4678.54;-2467.2344;5440.0596;-473.6089;-945.4011
1995-10-23;4.2366233;-5.362325;-1.1184248;751.9077;1.0051445;115.79077;0.0;-7.3453654e-25;109.47654;-7.345365e-21;0.0014007092;-0.51095986;7.4505806e-05;0.24566054;0.24559349;2.6077032e-05;0.0;3523.6821;4130.6265;-2148.266;5638.45;-354.94666;-1039.4689
1995-10-24;2.9041138;-5.7051597;-1.2029457;755.45557;1.0653514;85.15766;0.0;-7.3453654e-25;107.60968;-7.345365e-21;0.0017736629;-0.46810693;8.940697e-05;0.24339557;0.24330616;1.3038516e-05;0.0;3336.8406;3909.929;-2108.4092;5610.5347;-325.17834;-929.50336
1995-10-25;3.9291484;-3.9558716;-4.2422843;757.86743;1.0266564;75.69204;0.0016276041;-7.3453654e-25;119.724915;-7.345365e-21;0.00078976154;-0.53694564;2.9802322e-05;0.24107099;0.24104118;0.000117346644;0.00029057264;3516.8232;4119.6206;-1903.2625;6066.4688;-372.99777;-1098.9277
1995-10-26;5.558065;-3.882548;-6.015156;757.9346;1.0350788;50.915894;0.0010579427;-7.3453654e-25;140.43553;-7.345365e-21;0.0021487467;-0.5526673;0.00011920929;0.23889542;0.23879111;7.636845e-05;0.0;3731.8562;4370.3706;-2301.9697;5727.876;-383.92;-839.52
1995-10-27;6.5706277;-3.714925;-5.467163;757.48346;1.031475;71.13879;0.0;-7.3453654e-25;150.72655;-7.345365e-21;0.0008523463;-0.53114164;4.4703484e-05;0.23658574;0.23655593;5.2154064e-05;0.0;3729.3157;4366.027;-2336.845;5746.817;-368.96667;-808.0467
1995-10-28;6.4965415;-2.53833;-3.2554348;755.5451;1.0911981;141.21916;0.0;-7.3453654e-25;145.56834;-7.345365e-21;0.97160935;-0.48853084;0.05222857;0.28659403;0.23435801;2.9802322e-05;0.0;3345.8171;3915.9756;-1927.5422;6279.967;-339.36557;-812.9311
1995-10-29;3.0504353;1.2616984;-1.9997686;754.75006;0.86931944;211.35396;0.0;-7.3453654e-25;141.93944;-7.345365e-21;7.699877;-0.8198209;0.4813373;0.7136762;0.2323389;1.1175871e-05;0.0;1405.6906;1644.8933;-896.80664;6745.972;-569.5011;-267.1122
1995-10-30;1.7302246;-0.37394205;-2.1300366;752.63165;0.97570914;275.58902;0.035563152;5.761782e-06;142.58136;-7.345365e-21;9.811225;-1.2578415;0.67962706;0.9100288;0.2304092;1.1175871e-05;0.023450702;2318.7866;2712.6777;-1082.4589;6580.473;-873.7789;-630.8933
1995-10-31;1.9551086;-6.945536;-7.7491164;751.53595;0.9907537;118.37015;0.18098958;2.360344e-05;137.17934;-7.345365e-21;0.006750226;-1.3651056;0.0011473894;0.22958219;0.2284348;0.012530014;0.004686415;3512.331;4111.2275;-2234.1228;5302.3223;-948.3122;-806.44336
1995-11-01;2.8294678;-11.209361;-8.66887;750.8603;0.95987004;142.17207;0.1081543;1.5497208e-05;149.84569;-7.345365e-21;0.0012900054;-1.0251869;0.00055134296;0.22698939;0.2264455;0.0059232116;0.0;3445.0505;4029.391;-2308.0977;5098.007;-712.17554;-460.49554
1995-11-02;1.5285441;-2.0595195;-2.4781406;748.86786;0.64554805;122.85154;0.67195636;0.00017587344;148.05304;0.8951823;23.5928;-0.33482724;1.8822253;2.1067858;0.2245605;0.013254583;1.976125;832.69165;973.6322;-324.9511;7111.521;-232.61;-161.43777
1995-11-03;1.5326233;0.67045087;-0.5557454;749.7978;1.0346972;213.03937;23.833658;0.0034517844;144.5143;23.925781;11.37259;-0.7623043;1.2137145;1.4364719;0.22275746;1.762772;1.4910772;1610.0989;2227.9634;-528.5967;7024.9946;-529.9489;-458.12445
1995-11-04;1.6289062;-1.4644674;-4.4196906;751.89233;0.90231156;210.25822;15.25822;0.0022535324;151.09991;14.933269;0.0057704747;-1.0453807;0.14232844;0.36326796;0.22094697;1.229018;0.00013411045;2700.3533;3454.3267;-1550.8256;6002.97;-727.24;-664.44556
1995-11-05;1.8601786;-3.7385356;-7.383209;751.56757;1.0268304;132.38396;9.084147;0.0013430516;151.22719;8.870442;0.004157533;-1.0959301;0.08521974;0.30434132;0.21912158;0.7374715;0.0;3216.5396;3957.7766;-2052.0808;5371.798;-761.36;-429.44223
1995-11-06;2.1265564;-4.170339;-7.1253853;750.4821;0.9673881;72.26149;5.263021;0.0007770856;151.30043;5.086263;0.0021538844;-1.1141244;0.05237758;0.26969612;0.21732599;0.45730174;0.0;3304.8606;3970.5845;-2080.9932;5396.411;-773.9878;-436.6089
1995-11-07;1.7752177;-2.7031047;-5.866674;747.01685;1.2218496;142.18217;2.9969075;0.00044298172;151.34308;2.8076172;0.39491057;-1.009563;0.061005354;0.27656555;0.2155602;0.25960618;0.0;3185.756;3776.6255;-1834.7106;5663.1694;-701.38446;-536.98224
1995-11-08;-1.3616232;-1.7339325;-0.71955615;746.33374;1.2846525;193.25061;52.339844;0.008285125;146.78676;54.19922;19.836147;-0.28396958;0.7184893;0.93239546;0.21390617;0.11202134;13.204284;302.50555;505.67;-163.33083;7027.1187;-201.8;-176.67223
1995-11-09;-2.1320088;-3.1408997;-1.3966522;749.78595;0.969732;231.06856;86.19613;0.013084571;151.94496;85.89681;1.130867;-0.42037666;0.20225346;0.4145503;0.21229684;1.239676;0.46237558;1110.0;2861.3967;-638.25836;6474.5767;-308.6711;-263.3
1995-11-10;-2.9271545;-3.6738002;-1.8353691;746.03955;1.1654328;206.37477;89.49219;0.01690344;148.00975;112.42676;23.648777;-0.40705782;0.37245452;0.58317184;0.21071732;1.7168634;21.522366;1052.2444;2437.43;-494.44666;6566.171;-299.64777;-326.12
1995-11-11;-8.855729;-11.209401;-9.633052;744.8105;1.384154;147.96703;100.0;0.037941337;147.0602;257.77182;4.4599085;-0.13689977;0.001385808;0.2105385;0.2091676;0.0;4.351061;856.3933;3459.5657;-1332.5361;4838.5835;-102.64445;-141.13777
1995-11-12;-10.8038435;-19.790619;-19.401388;748.0012;1.1793854;118.12979;100.0;0.038891952;151.4951;256.83594;0.0017046923;-0.06699562;0.0;0.20766258;0.20765513;0.0;0.0;1016.7167;4038.0256;-1306.6056;3974.4229;-46.895557;37.585556
1995-11-13;-8.104264;-15.761968;-18.06854;747.0832;1.1384414;210.09027;100.0;0.038891155;152.58624;254.67937;0.00044107437;-0.058196485;0.0;0.20615757;0.20617247;0.0;0.0;1029.5272;3979.38;-1218.0823;4200.818;-40.405556;41.316666
1995-11-14;-6.695063;-13.698089;-15.316743;751.597;1.1998233;65.763664;100.0;0.038871843;153.91566;252.72624;0.0008523463;-0.06492715;0.0030696392;0.20778179;0.2047196;0.03553927;0.0;1034.0505;3889.7244;-1193.5266;4480.2007;-44.981667;34.352222
1995-11-15;-4.0941834;-12.8351755;-13.272311;755.11206;1.2682415;45.165447;100.0;0.03878975;155.62108;249.43034;0.0012814989;-0.08180458;0.009819865;0.2131015;0.20328909;0.1135245;0.0;1056.7522;3860.2068;-1253.4272;4618.111;-57.302223;72.202225
1995-11-16;-3.0385284;-14.402278;-13.310182;753.8121;1.272278;35.236126;100.0;0.038619637;157.43617;245.5241;0.0013008357;-0.093383715;0.019475818;0.22137165;0.20189583;0.2008155;0.0;1090.1962;3865.2144;-1337.75;4520.8604;-66.19222;98.95778
1995-11-17;-1.5862833;-14.65691;-10.639436;753.3337;1.1844267;88.70938;100.0;0.038353086;159.53156;240.68196;0.011348724;-0.14172308;0.024333596;0.22484362;0.20051748;0.25685877;0.0;1054.0873;3632.129;-1008.1878;5134.6665;-103.37889;69.22444
1995-11-18;0.1272049;-6.571995;-5.401098;752.72095;0.9363992;209.84987;99.502846;0.03761037;163.36522;230.63152;0.0008523463;-0.08735806;0.12224913;0.32143295;0.19917637;1.072891;0.0;988.3128;3285.84;-1034.9327;5591.493;-61.565556;-5.81
1995-11-19;-1.313914;-3.667328;-5.939718;750.5178;0.99350995;283.25522;98.045815;0.03592662;166.73827;216.14583;0.06750226;-0.09951182;0.2619028;0.45976043;0.19785762;2.1278076;0.0;1036.5906;3130.2068;-1062.4183;5523.267;-70.89889;-30.655556
1995-11-20;-2.0162048;-5.272695;-6.545466;751.3094;0.939611;234.07678;96.69491;0.03443539;171.26398;201.45671;0.0033415817;-0.13028644;0.12126565;0.31781197;0.19656867;0.9852387;0.001206994;1241.0712;3467.4866;-1278.8767;5245.0493;-93.59778;-42.07
1995-11-21;-0.2822164;-4.2712097;-5.841212;751.52496;0.8064699;187.78894;95.78174;0.032841723;175.31573;187.13379;0.074237585;-0.114741735;0.25722384;0.45251846;0.19530952;2.033269;0.0;1325.3262;3496.0022;-1167.6622;5457.8877;-81.15667;-34.56778
1995-11-22;0.6046448;-4.1601257;-5.4272103;748.83295;0.7479372;206.52362;94.68685;0.030393004;177.92088;170.89844;0.0027328725;-0.2027899;0.34457445;0.5386323;0.19406527;2.6722085;0.0001527369;1341.8088;3361.7444;-1295.4967;5383.629;-149.25223;-46.266666
1995-11-23;-2.2924805;-5.1291327;-3.3991;743.9285;1.3001386;191.54219;95.32365;0.03405269;171.88214;197.67253;20.680069;-0.36242604;0.25080144;0.44365227;0.19285828;0.7856525;18.869759;977.9278;2331.159;-599.52167;6222.9243;-276.34668;-173.17667
1995-11-24;-9.571926;-12.281188;-8.549843;743.11945;0.9632644;186.1827;100.0;0.05139677;148.02863;344.40103;6.2696066;-0.14685653;0.0;0.19167364;0.19168109;0.0;6.256245;725.375;2870.0679;-756.2572;5503.553;-111.73556;-151.10333
1995-11-25;-12.377332;-14.874428;-12.06117;742.56146;0.8643601;186.602;100.0;0.06233899;130.97198;473.47006;8.329379;-0.06877817;0.0;0.19054115;0.1905337;0.0;8.319933;628.9828;2648.9622;-859.30054;5103.6074;-50.982224;-113.13778
1995-11-26;-12.802844;-18.811491;-18.587091;746.8957;1.2683253;62.628307;100.0;0.063946724;145.4658;439.41245;0.007390976;-0.03299769;0.0;0.18942356;0.18941611;0.0;0.0073872507;847.2989;3487.7834;-1112.8273;4247.409;-22.051111;28.4
1995-11-27;-9.904156;-16.67714;-19.215227;749.5184;1.2586954;29.873938;100.0;0.06396862;151.21124;422.7295;0.0012887749;-0.020689331;0.0;0.18832088;0.18832088;0.0;0.0;873.4155;3500.6177;-1104.9055;4233.635;-12.377778;75.96111
1995-11-28;-10.444355;-18.14297;-19.970602;748.8371;1.1902566;37.945454;100.0;0.063990235;152.92088;418.45703;0.0004351138;-0.02552569;0.0;0.18724799;0.18724054;0.0;0.0;898.32947;3511.1611;-1164.3005;4097.2017;-16.26111;79.87
1995-11-29;-11.369084;-19.388136;-20.828568;748.84064;1.2091459;51.216236;100.0;0.064004935;154.31964;415.07974;0.0;-0.026331283;0.0;0.18619001;0.18618256;0.0;0.0;913.26166;3477.831;-1152.6967;4036.7769;-17.15;75.73778
1995-11-30;-10.016933;-18.790955;-18.082582;749.86005;1.0343467;123.36089;100.0;0.064011216;155.80206;410.88867;0.0011503696;-0.04020706;0.0;0.18514693;0.18515438;0.0;0.0007264316;731.7822;2719.1423;-764.45557;4730.067;-28.135555;42.556667
1995-12-01;-9.340547;-14.891521;-16.761793;750.2386;1.073957;70.2048;100.0;0.064018846;157.56671;406.12793;0.0;-0.02329424;0.0;0.18413365;0.1841411;0.0;0.0;908.81836;3295.7278;-1058.8167;4502.5283;-14.676666;26.20111
1995-12-02;-10.8239565;-13.89743;-16.99131;749.0273;1.165346;67.88946;100.0;0.06404594;159.34796;402.181;0.0025629997;-0.0037634745;0.0;0.18315017;0.18314272;0.0;0.002514571;924.8483;3280.9666;-1170.0427;4352.0635;0.10888889;19.407778
1995-12-03;-11.254716;-17.133566;-19.758093;746.78375;1.2309872;32.761395;100.0;0.064073086;160.8828;398.31543;0.0;-0.013235956;0.0;0.1821667;0.18215925;0.0;0.0;986.3139;3416.5444;-1267.405;3993.8428;-7.251111;72.09778
1995-12-04;-11.231456;-19.351583;-20.737288;745.14545;1.2392704;44.24591;100.0;0.064092316;162.17934;395.10092;0.0;-0.02217479;0.0;0.18119812;0.18119812;0.0;0.0;1002.4372;3394.5632;-1287.2328;3893.8967;-14.262222;85.57111
1995-12-05;-8.30146;-18.95683;-15.166125;746.05786;0.95488924;130.85107;100.0;0.06409458;163.67934;391.35742;0.01345657;-0.053119846;0.0;0.18025935;0.1802519;0.0;0.012487173;654.72833;2169.73;-485.96945;5328.191;-38.725555;31.624445
1995-12-06;-8.977562;-15.56574;-14.505211;747.4272;1.0895501;73.19961;100.0;0.06409061;165.74901;386.9222;0.0;-0.044864602;0.0;0.17932057;0.17932057;0.0;0.0;988.79834;3206.89;-1249.245;4478.083;-31.185556;15.077778
1995-12-07;-9.890949;-14.852867;-16.36749;747.94;1.1204151;68.84844;100.0;0.06410074;167.53937;382.56836;0.0012771379;-0.023145229;0.0;0.1783967;0.1783967;0.0;0.0;992.13;3149.8945;-1224.331;4349.1143;-14.918889;31.057777
1995-12-08;-9.297322;-13.469327;-13.966446;748.36816;1.1285509;43.423794;100.0;0.06411461;169.29588;378.33658;0.022906065;-0.032549724;0.0;0.17750263;0.17750263;0.0;0.020183623;885.3839;2760.4888;-783.1589;5088.188;-22.453333;-6.5733333
1995-12-09;-8.623942;-11.944976;-10.867612;749.78046;1.2876476;34.442837;100.0;0.06414016;171.48956;373.94205;0.06586313;-0.09197183;0.0;0.17660856;0.17660856;0.0;0.06202981;913.3494;2789.9634;-965.87665;5149.358;-68.41111;-46.97778
1995-12-10;-9.264956;-12.283675;-12.975385;749.7707;1.3109376;33.985023;100.0;0.06419579;173.4951;369.87305;0.03797614;-0.03631506;0.0;0.1757443;0.1757294;0.0;0.034742057;1007.4839;3021.4443;-1237.6461;4638.205;-25.223333;-7.0
1995-12-11;-9.494518;-12.069123;-12.506228;747.02124;1.4995555;28.872269;100.0;0.06422297;175.42152;365.64127;0.039297342;-0.050147064;0.0;0.17485023;0.17486513;0.0;0.031594187;993.66113;2924.2556;-1026.3717;4942.79;-35.866665;-26.775555
1995-12-12;-7.921219;-10.547824;-9.5995865;745.17584;1.3640299;29.908783;100.0;0.06531557;175.4658;371.54135;2.8163075;-0.112080015;0.0;0.17401576;0.17400831;0.0;2.8098748;595.95776;1748.2333;-326.61166;5989.3667;-86.03111;-31.21889
1995-12-13;-7.355404;-9.357717;-7.47723;747.0718;0.8107257;60.152027;100.0;0.06988243;168.47621;413.08594;5.496919;-0.10184478;0.0;0.1731664;0.1731813;0.0;5.4931936;586.0011;1921.5823;-504.99222;5945.5244;-77.47667;-92.05889
1995-12-14;-9.31049;-11.009872;-9.503951;748.22046;0.8705368;124.87454;100.0;0.07297238;165.19073;440.75522;0.39653778;-0.04686229;0.0;0.17234683;0.17235428;0.0;0.3857836;708.66223;2479.9023;-763.4483;5457.406;-33.942223;-78.115555
1995-12-15;-12.682706;-16.337168;-14.955916;744.9715;1.1314025;68.69822;100.0;0.07310462;167.6061;435.38412;0.010544062;-0.044881366;0.0;0.17152727;0.17153472;0.0;0.009257346;887.36945;3046.4333;-1395.4917;4209.095;-32.321667;-60.045555
1995-12-16;-14.562116;-17.427116;-18.318293;744.5283;0.9697764;174.11479;100.0;0.07319156;168.9557;432.04752;0.2688259;-0.001963228;0.0;0.1707375;0.17073005;0.0;0.26239827;753.0461;2531.0156;-582.8567;4892.749;0.003888889;-18.934444
1995-12-17;-13.3101015;-15.607372;-14.270709;745.7092;0.9079945;81.49998;100.0;0.07359111;169.16307;434.00064;0.24532078;-0.031120144;0.0;0.16994774;0.16994774;0.0;0.23883209;816.1767;2709.3179;-959.83;4810.9043;-22.118889;-85.02111
1995-12-18;-15.407224;-19.02571;-18.445116;748.1694;1.1552187;43.851963;100.0;0.07366657;170.71971;430.62338;0.008356571;-0.01801271;0.0;0.16917288;0.16915798;0.0;0.0074766576;939.76447;3059.8645;-1326.1244;4000.441;-11.905556;-42.15889
1995-12-19;-15.500348;-23.410385;-23.857271;749.6135;1.3302615;33.564438;100.0;0.07368306;171.92543;427.57162;0.0008583069;-0.008904375;0.0;0.16838312;0.16839057;0.0;0.0;1026.285;3272.0134;-1519.7089;3354.2544;-4.942222;98.63
1995-12-20;-11.764638;-25.192657;-24.836243;749.12823;1.2109014;109.53897;100.0;0.073693596;172.82452;425.29297;0.00086430734;-0.0047450885;0.0;0.16762316;0.16763061;0.0;0.0;1049.6294;3277.7344;-1259.6884;3612.7202;-2.6855555;141.63667
1995-12-21;-8.307933;-23.10144;-19.319647;748.10474;0.8527038;265.32358;100.0;0.0736928;173.95245;422.60742;0.05132258;-0.03550388;0.0;0.16688555;0.16688555;0.0;0.047449023;965.5089;2954.9055;-894.7772;4501.487;-26.187222;75.81111
1995-12-22;-8.004628;-10.321802;-10.233912;747.70844;0.6828454;252.61456;100.0;0.07595575;169.13963;447.26562;3.308469;-0.019500032;0.0;0.16613305;0.16614795;0.0;3.3028946;364.09;1160.9144;44.91111;6390.189;-14.866667;-55.102222
1995-12-23;-8.146516;-12.279994;-10.141631;750.57587;0.97789675;178.12798;100.0;0.07721742;169.56117;454.63052;0.1284957;-0.03822893;0.0;0.16540289;0.16540289;0.0;0.1263544;847.5072;2754.7644;-1349.3806;4733.207;-27.442223;-30.636667
1995-12-24;-9.872693;-19.277803;-17.623972;747.9891;1.2565176;90.60821;100.0;0.07723292;171.76366;448.40494;0.0;-0.020967796;0.0;0.16468763;0.16468763;0.0;0.0;1002.41113;3190.1467;-1347.2583;4084.3374;-14.164444;76.04222
1995-12-25;-7.5295615;-18.808418;-17.870825;746.4685;1.0910462;62.032486;100.0;0.07723693;173.38441;444.25455;0.0;-0.019725412;0.0;0.16395748;0.16397238;0.0;0.0;1011.3028;3152.6133;-1122.2709;4363.0146;-13.593333;84.435555
1995-12-26;-6.6783957;-14.93261;-15.004382;748.0771;1.0216631;66.13797;100.0;0.0772382;175.22198;439.4938;0.0017225742;-0.023158267;0.0;0.16325712;0.16324967;0.0;0.0;997.6644;3047.6777;-1028.4739;4734.43;-16.141111;36.168888
1995-12-27;-6.1538696;-9.643778;-12.825409;750.1728;1.115467;59.970642;100.0;0.07725795;177.42381;434.36685;0.0007838011;0.018525869;0.0;0.16254932;0.16254932;0.0;0.00035762787;1015.5783;3041.4146;-1110.5823;4837.7944;16.166666;24.963333
1995-12-28;-5.916687;-9.069812;-11.263888;750.9344;1.0996838;71.46703;100.0;0.077292524;179.9186;428.9144;0.0017225742;0.004428439;0.0;0.16185641;0.16185641;0.0;0.00086799264;1021.37665;2996.3745;-1065.5128;5030.278;5.5866666;3.8422222
1995-12-29;-6.114573;-9.616719;-10.413288;751.54346;1.1582886;59.883663;100.0;0.077322006;182.65688;422.52603;0.009030104;-0.013781711;0.0;0.16117096;0.16116351;0.0;0.0081807375;1027.7539;2951.3745;-1140.7894;5007.1646;-8.235556;-10.434444
1995-12-30;-4.133036;-10.459106;-11.246299;750.4511;0.999034;162.48396;100.0;0.07733921;185.34796;416.34116;0.001295949;-0.023749657;0.0;0.1604855;0.1604855;0.0;0.0;1116.3489;3139.5688;-1358.775;4693.9624;-15.867778;40.744446
1995-12-31;-6.2022805;-10.443641;-12.825233;749.33936;0.8968024;240.80165;100.0;0.0773499;187.66307;411.25488;0.0012949785;-0.012582168;0.0;0.15980005;0.15981495;0.0;0.0;1040.6322;2867.0977;-1162.14;4752.79;-7.9333334;19.293333
1996-01-01;-6.719584;-10.903229;-12.398786;750.05493;0.9495449;109.99763;100.0;0.07735884;189.78839;406.6569;0.0;-0.016440637;0.0;0.1591444;0.1591444;0.0;0.0;1150.7444;3111.89;-1300.9963;4657.367;-10.826667;1.8255556
1996-01-02;-5.2645874;-8.166106;-9.905024;750.3066;0.638606;112.67526;100.0;0.07777369;191.23566;405.3955;2.5915651;-0.01869537;0.0;0.15848875;0.15848875;0.0;2.4594812;944.5367;2505.2378;-565.5267;5748.8667;-13.185555;-17.756666
1996-01-03;-2.8784382;-3.3609111;-2.6999817;746.98517;0.4581809;92.49863;100.0;0.08923972;179.21776;495.32065;29.156332;-0.07066131;0.0102594495;0.1681149;0.15784055;0.0057499856;28.249554;275.235;896.16223;-69.19556;6926.086;-54.93222;-91.05222
1996-01-04;-3.0304463;-3.5782878;-1.6767069;743.6712;0.62334937;154.93262;100.0;0.1228768;158.00258;773.72235;21.309336;-0.13892166;0.023692846;0.1809001;0.15720725;0.015826896;19.919262;397.445;1677.4534;-217.21556;6823.24;-106.91556;-160.78667
1996-01-05;-4.1425476;-5.533993;-2.9713123;742.4505;0.7858954;128.05669;100.0;0.13517801;162.97816;829.63055;2.9498029;-0.124691054;0.00011920929;0.15668571;0.15655905;0.0;2.8126612;641.95447;2491.6045;-841.32947;5933.012;-94.10778;-108.04667
1996-01-06;-5.4939475;-7.2149506;-5.864357;741.2054;0.7168202;162.50609;100.0;0.14452763;163.91176;879.4759;13.763263;-0.045315363;0.0;0.15592575;0.15592575;0.0;13.690952;536.3661;2189.801;-495.11;6110.967;-32.956665;-75.70778
1996-01-07;-7.3807473;-8.948146;-6.617842;744.24713;0.49425414;239.48401;100.0;0.16790418;154.0768;1086.9547;22.987087;-0.041224062;0.0;0.1553148;0.1553148;0.0;22.97428;236.1189;1021.3422;-419.64166;6056.201;-31.481112;-57.47111
1996-01-08;-8.955086;-13.514163;-10.8084345;748.39874;0.9621846;59.45923;100.0;0.17488158;158.7425;1102.8646;0.015321373;-0.05479157;0.0;0.15468895;0.15468895;0.0;0.01232326;719.5278;3066.9888;-1112.4316;4835.1187;-39.34778;-74.64445
1996-01-09;-9.440387;-12.389092;-12.164397;749.53955;1.2749047;30.177475;100.0;0.17568485;164.7923;1066.4877;1.7504334;-0.007940456;0.0;0.154078;0.154078;0.0;1.7461628;527.4661;2200.4521;-384.3389;5691.418;-4.111111;-24.302221
1996-01-10;-10.441455;-14.210865;-13.160205;748.5341;1.6010122;30.841278;100.0;0.17675574;170.24086;1039.0625;0.08273125;-0.016710721;0.0;0.15346706;0.15346706;0.0;0.07843971;796.1383;3257.4146;-1178.7966;4598.9766;-10.005555;-0.57555556
1996-01-11;-11.272655;-14.906281;-14.9670725;745.0249;1.7834462;25.921982;100.0;0.17687865;175.01105;1011.39325;0.34237206;-0.002820976;0.0;0.15287101;0.15286356;0.0;0.33477694;791.3233;3153.591;-786.5956;4951.0884;0.47777778;15.642222
1996-01-12;-10.305725;-13.652726;-12.872318;742.24274;1.9252759;27.380228;100.0;0.17885077;177.97523;1004.9642;2.3050637;-0.04467368;0.0;0.15227497;0.15226752;0.0;2.3012831;533.48834;2116.9878;-452.31778;5585.7383;-32.92;19.096666
1996-01-13;-11.817863;-16.520325;-15.45457;746.0464;1.5330987;23.278704;100.0;0.1795748;182.13637;986.69434;0.007376075;-0.013524666;0.0;0.15169382;0.15167892;0.0;0.006519258;894.2539;3478.3823;-1492.9406;3992.94;-7.618889;12.42
1996-01-14;-13.084569;-18.713064;-18.260477;746.23975;1.4651111;20.188736;100.0;0.1795967;185.555;968.13965;0.0032714533;-0.012231059;0.0;0.15109777;0.15109777;0.0;0.001989305;828.21387;3138.4822;-981.035;4440.0083;-6.95;21.823334
1996-01-15;-11.830049;-18.516958;-19.503849;744.253;1.4590763;20.39061;100.0;0.17962079;188.4684;953.04364;0.0004351138;-0.006164424;0.0;0.15051663;0.15051663;0.0;0.0;978.20056;3619.0579;-1299.4695;3951.8948;-2.0922222;69.664444
1996-01-16;-11.9947;-19.592964;-19.835684;742.0115;1.2338805;21.836395;100.0;0.17964117;191.04979;940.6738;0.0012849787;-0.014130957;0.0;0.14995039;0.14994293;0.0;0.0;911.27167;3291.2;-1031.0717;4285.794;-8.466666;51.36111
1996-01-17;-12.250458;-19.393053;-19.750814;740.0574;1.2141306;21.623896;100.0;0.17965774;193.56151;928.8737;0.0008553266;-0.016244128;0.0;0.14936924;0.14937669;0.0;0.0;1008.5261;3556.9167;-1133.8717;4175.1064;-9.816667;43.664444
1996-01-18;-11.296566;-16.509714;-19.080153;739.89813;1.0279602;48.963863;100.0;0.17977901;195.83363;918.33496;0.99626184;-0.0027287751;0.0;0.1488328;0.14881045;0.0;0.99118054;1019.69055;3515.0166;-780.6461;4680.507;0.34777778;12.085556
1996-01-19;-10.118957;-11.957673;-14.602107;740.75775;0.73337513;105.88049;100.0;0.18362375;191.7516;956.9092;4.1118026;0.007169321;0.0;0.14826655;0.14826655;0.0;4.1078925;544.13556;1985.9255;-209.94833;5749.761;6.811111;-32.56222
1996-01-20;-10.672222;-12.916344;-13.200024;744.44745;0.7398254;162.25214;100.0;0.18526042;193.13539;960.2051;0.1378099;-0.02639927;0.0;0.14771521;0.14770776;0.0;0.13515353;873.9739;3193.9834;-1100.1877;4750.4844;-17.704445;-74.846664
1996-01-21;-13.3183975;-16.579128;-16.172722;742.60065;0.95203924;98.07929;100.0;0.18529296;196.85902;941.73175;0.012904406;-0.019276515;0.0;0.14716387;0.14715642;0.0;0.008665025;1007.47;3597.0344;-1256.905;4267.0283;-12.24;-69.57667
1996-01-22;-11.835513;-13.819362;-15.755322;741.8348;0.65883857;124.33731;100.0;0.18762231;195.35805;959.2285;6.748006;0.0033769757;0.0;0.14661252;0.14661998;0.0;6.743301;635.95447;2259.4377;-118.16889;5743.6826;4.0944443;-45.89111
1996-01-23;-8.793426;-10.307327;-11.429764;745.02734;0.55423254;149.59084;100.0;0.19433601;186.52765;1041.8701;2.2705674;-0.01773145;0.0;0.14607608;0.14608353;0.0;2.2643619;677.38;2655.5745;-406.48944;5793.7705;-11.450556;-74.90222
1996-01-24;-8.730386;-10.253048;-10.357713;748.22833;0.7027765;82.644066;100.0;0.19563694;190.61847;1026.652;1.9964043;-0.02059713;0.0;0.14555454;0.14555454;0.0;1.9927174;611.99335;2352.2556;-388.71777;5854.4766;-14.018888;-74.263336
1996-01-25;-7.354483;-9.463158;-9.377986;751.75824;0.8693556;66.49911;100.0;0.19724886;194.86;1013.26495;0.33357757;-0.031799078;0.0;0.1450181;0.14502555;0.0;0.33057854;874.0561;3366.7722;-1139.9061;5045.8823;-20.983334;-77.51778
1996-01-26;-8.869644;-14.609776;-13.302943;751.93585;1.1650567;24.39665;100.0;0.19731228;199.91632;987.79297;0.0024676318;-0.028189272;0.0;0.14448166;0.14448911;0.0;0.00031292439;1017.7672;3825.1245;-1361.8162;4378.1533;-17.784445;-9.166667
1996-01-27;-6.104758;-16.367332;-14.43047;749.9228;0.84097916;117.82244;100.0;0.19732626;203.75844;968.99414;0.00062882894;-0.052668154;0.0;0.14396012;0.14396012;0.0;0.00019744039;1040.7372;3817.5112;-975.05;4836.629;-36.404446;27.842222
1996-01-28;-6.3367157;-12.64703;-12.481194;747.42303;0.50321907;149.84677;100.0;0.19993694;204.97784;974.73145;6.2560587;-0.03085658;0.0;0.14343858;0.14343858;0.0;6.2299;786.4061;2874.6033;-478.32;5606.1255;-21.284445;-41.536667
1996-01-29;-5.940703;-6.9079947;-8.80889;745.1036;0.56711954;141.59395;100.0;0.2091192;199.01202;1049.3978;10.327081;0.00048428774;0.0;0.14293194;0.14293194;0.0;10.318149;424.77832;1692.3323;3.922778;6551.9067;1.8611112;-57.11222
1996-01-30;-6.3557;-7.8173842;-8.359936;747.55133;0.7758476;116.97613;100.0;0.21454549;200.38898;1071.818;0.06242898;-0.026982278;0.0;0.1424253;0.1424253;0.0;0.059835613;829.94;3411.6167;-930.8661;5360.1567;-17.11111;-86.86667
1996-01-31;-6.3422303;-11.558983;-9.259877;747.7592;0.7833001;156.67152;100.0;0.21457128;206.67577;1038.859;0.029504605;-0.07702783;0.0;0.14190376;0.14191121;0.0;0.026926398;970.9889;3882.4966;-1070.995;5124.4326;-54.836666;-80.844444
1996-02-01;-6.391825;-8.044251;-8.916469;740.1453;0.746134;226.49709;100.0;0.22588532;200.78285;1123.169;20.518616;0.008693896;0.0;0.14141202;0.14141202;0.0;20.500362;259.17667;1071.1411;31.827223;6482.4165;7.4466667;-29.054445
1996-02-02;-8.971766;-12.121773;-8.124054;740.60065;1.4161307;52.23888;100.0;0.23665357;197.8828;1196.6959;2.3548067;-0.21158531;0.0;0.14092028;0.14092028;0.0;2.349362;520.89056;2225.338;-659.92444;5668.4653;-163.2111;-105.56
1996-02-03;-11.442935;-20.335688;-13.828339;744.23517;1.5518662;21.559046;100.0;0.23747838;203.3037;1168.8232;0.0036209812;-0.075701624;0.0;0.14042854;0.14042109;0.0;0.0006183982;1059.9355;4406.569;-1876.1372;3611.6223;-53.755554;-4.7844443
1996-02-04;-12.26957;-22.035746;-18.466648;741.97736;1.2161735;37.948254;100.0;0.23747616;206.98077;1147.583;0.0017163784;-0.046472996;0.0;0.1399219;0.1399219;0.0;0.0;1053.8328;4264.999;-1413.6627;3872.1858;-32.00111;23.71889
1996-02-05;-11.535642;-22.376215;-20.452417;739.83466;1.0131667;145.26035;100.0;0.23748493;209.74477;1132.4463;0.0008523463;-0.040929765;0.0;0.13944507;0.13943762;0.0;0.0;1143.7245;4509.4067;-1503.0662;3628.9202;-27.8;46.90111
1996-02-06;-9.468624;-13.836696;-19.363789;742.90985;0.7045877;284.39288;100.0;0.23784418;211.72914;1123.3724;1.139754;0.0158716;0.0;0.13895333;0.13895333;0.0;1.1342205;819.795;3150.0845;-237.76833;5351.59;14.18;-1.6244445
1996-02-07;-6.133948;-7.3743644;-12.960392;745.9543;0.4743425;229.24109;100.0;0.24101599;211.02113;1142.1305;3.473568;0.024141744;0.0;0.13846159;0.13849139;0.0;3.468886;448.50223;1738.7023;248.70277;6540.5767;19.891111;-17.523333
1996-02-08;-2.3961284;-6.177297;-7.657921;747.96136;0.6863379;146.84084;100.0;0.2448179;214.07875;1142.1305;17.038082;-0.05993992;0.0;0.13801455;0.1380071;0.0;14.241039;1037.9373;4014.1667;-460.8622;6179.343;-40.575554;-71.96555
1996-02-09;-3.606547;-4.3766274;-3.1079876;741.10864;1.2569336;212.11101;100.0;0.2857753;204.11781;1397.8678;24.846643;-0.10259077;0.019043684;0.1565814;0.13752282;0.034509227;22.874609;756.1739;3285.0679;-722.7817;6132.7524;-75.97111;-148.95667
1996-02-10;-5.672933;-7.732351;-5.2717834;740.87036;0.7356979;169.9677;100.0;0.2898078;213.90297;1357.2998;0.41285613;-0.14279597;0.0;0.13704598;0.13705343;0.0;0.40622056;903.5195;3732.7422;-1105.7783;5391.2554;-106.71555;-161.34778
1996-02-11;-7.260086;-8.720459;-7.8630166;743.67303;0.8711421;101.54595;100.0;0.2900468;221.9212;1308.7972;0.23497641;-0.0771014;0.0;0.13656914;0.13658404;0.0;0.22190809;906.7572;3644.3032;-724.3811;5658.8364;-55.68778;-158.51666
1996-02-12;-7.2584243;-10.532136;-8.210701;747.94653;0.94420505;59.440334;100.0;0.29015657;228.68456;1270.5078;0.017210841;-0.11891127;0.0;0.13612211;0.13611466;0.0;0.014640391;1059.5189;4170.062;-1235.3517;5016.7256;-87.337776;-174.13667
1996-02-13;-6.2311044;-11.427049;-11.023484;748.5384;0.92252797;52.380615;100.0;0.29015958;234.11456;1241.2109;0.00052452076;-0.050127506;0.0;0.13564527;0.13564527;0.0;0.00010803342;1167.0072;4466.269;-1358.8972;4628.191;-33.434444;-49.453335
1996-02-14;-5.0093575;-13.792775;-12.118754;745.60944;0.80636984;159.89543;100.0;0.29018417;238.45702;1218.3838;0.16792119;-0.07811934;0.0;0.13518333;0.13517588;0.0;0.14068186;1243.3633;4642.5566;-1235.77;4722.03;-54.864445;-25.461111
1996-02-15;-6.1862907;-14.630436;-11.865356;744.1949;0.8915513;49.98476;100.0;0.29034266;242.31215;1199.585;0.005751848;-0.08278154;0.0;0.1347363;0.13471395;0.0;0.005736947;1274.2961;4657.992;-1415.25;4552.1543;-58.324444;-33.45222
1996-02-16;-6.2396684;-14.468834;-12.993548;743.4678;0.89819723;181.83687;100.0;0.29034162;245.97296;1181.7627;0.0008553266;-0.070175156;0.0;0.13424456;0.13425946;0.0;0.0;1353.9889;4831.5767;-1451.8672;4404.6304;-48.61;-27.483334
1996-02-17;-6.5983825;-11.134585;-12.742593;744.43915;0.8423831;182.55507;100.0;0.2903863;249.28058;1166.2598;0.101962686;-0.044589862;0.0;0.13379753;0.13380498;0.0;0.089298934;1287.155;4486.9556;-1037.7994;4970.177;-29.95;-69.21028
1996-02-18;-6.0310616;-9.008952;-10.3009615;746.408;0.87623495;61.668457;100.0;0.29059696;252.57094;1152.059;0.27146935;-0.061873347;0.0;0.1333654;0.13335049;0.0;0.23787469;1178.1294;4031.0344;-767.605;5589.331;-43.366665;-97.513336
1996-02-19;-4.7615967;-7.197477;-8.958627;748.04474;0.8365002;77.03978;100.0;0.29135;255.73015;1139.8926;3.6885023;-0.035493635;0.0;0.13291836;0.1329109;0.0;3.3756793;1147.1139;3867.8245;-807.03;5590.8887;-23.356667;-69.01556
1996-02-20;-3.6346638;-7.706144;-7.223118;748.229;0.91384745;77.56249;100.0;0.29523444;255.40984;1157.5928;0.29711208;-0.089040026;0.0;0.13247132;0.13246387;0.0;0.25924295;1309.0294;4699.042;-1234.9473;5225.9087;-62.511112;-103.35555
1996-02-21;-3.335439;-7.40587;-6.9841995;747.4668;1.6158506;25.103582;100.0;0.2952293;260.167;1136.5967;0.042572618;-0.17855875;0.0;0.13201684;0.13201684;0.0;0.03792718;1261.5355;4417.8433;-1109.4689;5424.0713;-132.74777;-62.22222
1996-02-22;-3.7519913;-11.0756445;-8.443011;749.77295;1.3763399;21.362371;100.0;0.2951977;264.5026;1117.6758;0.0012814989;-0.11897832;0.0;0.13157725;0.1315698;0.0;0.0;1530.8112;5221.4194;-1873.8706;4299.2876;-84.87111;-24.176666
1996-02-23;-3.9488475;-16.657616;-10.984489;749.90704;1.104201;67.289116;100.0;0.29517624;267.91763;1103.068;0.0017300872;-0.12133457;0.0;0.13113022;0.13112277;0.0;0.0;1618.6317;5394.9263;-1919.4478;4024.4158;-86.68445;19.362223
1996-02-24;-1.5175375;-15.003516;-10.612657;749.6228;0.82583827;202.36205;100.0;0.29514182;270.8434;1090.9017;0.0022768974;-0.128299;0.0;0.13066828;0.13068318;0.0;0.0;1360.0266;4433.765;-1058.7036;5216.901;-93.08667;-1.1355555
1996-02-25;-2.8212178;-13.703842;-9.933213;746.3386;0.6316559;281.78033;100.0;0.29512307;273.82715;1079.3457;0.29845834;-0.14073588;0.0;0.13023615;0.1302436;0.0;0.21344051;1663.0873;5311.374;-1415.4845;4827.4263;-102.32667;-63.84778
1996-02-26;-4.4173584;-8.298949;-8.678405;744.05273;0.78877;125.05319;100.0;0.2973603;273.11914;1089.5996;1.9663213;-0.11421554;0.0;0.12980402;0.12980402;0.0;1.874037;1490.3683;4958.003;-1281.73;5068.149;-82.78555;-122.51222
1996-02-27;-5.423075;-7.955565;-7.9942193;743.82733;0.90008307;103.55967;100.0;0.2984927;274.8099;1087.0768;3.2820702;-0.16635843;0.0;0.12937188;0.12938678;0.0;3.187079;1345.2328;4445.234;-882.63;5605.5166;-125.04444;-174.04333
1996-02-28;-8.206227;-10.68823;-7.671827;741.7695;0.7908762;202.14093;100.0;0.31224284;254.1035;1228.2715;12.634886;-0.1386758;0.0;0.12895465;0.12896955;0.0;12.611989;920.1506;3770.791;-912.17334;5437.0386;-104.19222;-182.9936
1996-02-29;-9.112479;-12.851135;-9.648673;743.69977;0.8762525;93.561584;100.0;0.31443536;254.95375;1235.1481;0.005954504;-0.12694672;0.0;0.12853742;0.12853742;0.0;0.0046677887;1321.8611;5320.7363;-1470.3811;4607.6924;-92.63;-227.44444
1996-03-01;-6.724993;-8.905341;-10.071304;740.82513;0.586064;226.02412;100.0;0.31907296;252.7347;1261.8408;13.9135275;-0.048769638;0.0;0.12813509;0.12812763;0.0;13.905637;789.49835;3134.7305;-183.23723;6199.4;-34.93889;-122.37666
1996-03-02;-5.5307617;-6.4741592;-6.8385644;738.72894;1.1166562;184.55934;100.0;0.34390536;228.88475;1500.4069;17.75688;-0.061465427;0.0;0.12771785;0.12771785;0.0;17.737888;900.18445;3904.45;-384.8989;6288.209;-43.59778;-193.46222
1996-03-03;-6.511645;-9.8462515;-6.6241593;741.3452;0.80512816;197.33836;100.0;0.34828496;233.60023;1492.7572;0.08061826;-0.19099563;0.0;0.12730062;0.12730062;0.0;0.07933006;1250.4786;5314.9565;-1452.2905;4903.2334;-141.99777;-227.78
1996-03-04;-8.080429;-11.553508;-11.024985;743.2087;0.97642916;252.98897;100.0;0.34826615;240.06898;1452.2299;0.008302927;-0.06968714;0.0;0.12688339;0.12689084;0.0;0.006593764;1412.8508;5845.775;-1606.5712;4282.5615;-47.466667;-142.10889
1996-03-05;-7.7573256;-9.778953;-10.511959;745.71967;0.9258948;169.63324;100.0;0.34837246;244.97948;1423.1771;0.20343107;-0.061977655;0.0;0.12648106;0.1264736;0.0;0.20036474;1279.2339;5152.557;-741.5636;5558.7954;-42.206665;-191.26222
1996-03-06;-4.2517524;-8.8155985;-8.259786;744.2336;0.84568477;141.93985;100.0;0.34880745;249.89777;1397.2574;0.55395365;-0.09707175;0.0;0.12606382;0.12606382;0.0;0.5003773;1375.2742;5426.013;-993.4167;5472.2524;-67.687775;-161.55
1996-03-07;-3.9610088;-6.0436096;-6.4226785;737.91534;1.1041796;75.157814;100.0;0.356275;250.29718;1422.1191;17.35503;-0.07323921;0.0;0.12566149;0.12566894;0.0;16.695198;684.89984;2719.7375;-226.24167;6496.8833;-53.935555;-79.93889
1996-03-08;-4.6822915;-7.1454673;-5.1123786;742.2371;0.66605765;139.9715;100.0;0.3669486;249.01495;1475.0977;0.31933486;-0.17241575;0.0;0.12525916;0.12526661;0.0;0.3116615;1167.6644;4916.5483;-922.79694;5762.724;-127.422226;-212.12889
1996-03-09;-4.8769326;-6.201925;-5.181174;744.31757;0.829082;143.02011;100.0;0.36714187;256.15884;1434.6924;0.4388094;-0.13883412;0.0;0.12487173;0.12485683;0.0;0.42877346;1174.5673;4811.269;-723.98944;6005.8066;-102.075554;-238.22667
1996-03-10;-4.353058;-6.9918923;-4.73638;744.1706;0.7199857;89.70709;100.0;0.36758757;262.56412;1401.0824;1.7129779;-0.22599846;0.0;0.1244545;0.1244545;0.0;1.6544014;1299.8336;5185.7876;-1098.8267;5565.318;-169.14555;-244.20334
1996-03-11;-3.4612122;-6.0544815;-4.873098;744.72046;0.7983937;109.85718;100.0;0.36928836;266.8981;1384.9691;0.48436224;-0.21976791;0.0;0.12405217;0.12405217;0.0;0.44538453;1263.5941;4987.8555;-907.89777;5839.2563;-164.46556;-210.05333
1996-03-12;-2.3653133;-6.0147347;-4.9332542;743.62354;1.151627;35.77254;100.0;0.36949396;272.7028;1356.4453;0.3012538;-0.13435352;0.0;0.12366474;0.123657286;0.0;0.2826415;1160.6708;4445.982;-852.4128;5875.5522;-97.35389;-116.79639
1996-03-13;-1.6440328;-6.5305495;-4.420549;743.6695;1.0073795;60.15158;100.0;0.36963356;278.59897;1328.2064;0.04928656;-0.15286821;0.0;0.123262405;0.123254955;0.0;0.0032931566;1485.2406;5513.753;-1287.3323;5415.3276;-109.36;-152.325
1996-03-14;-2.6986797;-7.933666;-5.0198083;746.6338;1.0686152;44.744278;100.0;0.36961558;284.27896;1301.8392;0.004830581;-0.17754081;0.0;0.12284517;0.12285262;0.0;0.0018328428;1608.1989;5751.331;-1470.9878;5113.7266;-128.57333;-170.8364
1996-03-15;-3.2277324;-8.938263;-5.9575577;746.9556;1.1175133;44.86932;100.0;0.36954537;289.26465;1279.5817;0.0053608837;-0.22045523;0.0;0.12245774;0.12245029;0.0;0.0015497208;1779.4125;6151.7646;-1640.3939;4848.783;-161.94945;-177.59862
1996-03-16;-3.4317627;-6.8954377;-5.9596863;745.4548;0.8750453;64.57466;100.0;0.36999163;293.375;1263.2242;1.7935927;-0.16476494;0.0;0.12204051;0.12205541;0.0;1.2847781;1657.9961;5576.3623;-1069.2833;5563.8564;-120.21667;-176.04028
1996-03-17;-3.3372192;-5.8840637;-4.1445107;741.44196;0.80675584;145.22398;100.0;0.37264276;294.71353;1266.4388;3.8238645;-0.3006868;0.0015497208;0.1232177;0.12166798;0.018786639;3.7737563;1278.698;4379.368;-597.3508;6311.8076;-229.25333;-230.82556
1996-03-18;-3.594574;-4.488739;-3.3567302;737.97003;0.72857255;112.795105;100.0;0.3889022;281.45572;1382.2021;24.58862;-0.071526505;0.0;0.12129545;0.1213029;0.0;24.277332;384.5136;1518.8789;-389.44638;6474.563;-54.756668;-84.10222
1996-03-19;-4.779236;-7.003713;-4.1842117;741.52246;0.94589543;112.21056;100.0;0.4006903;275.4398;1457.316;0.96319616;-0.25110692;0.0;0.120937824;0.12093037;0.0;0.95102936;1291.8364;5404.5693;-1037.3422;5659.0757;-188.77333;-277.34222
1996-03-20;-4.721985;-8.231076;-5.0802665;742.7447;0.96369696;79.65395;100.0;0.40083602;281.1543;1428.4261;0.046666704;-0.23561251;0.0;0.120550394;0.12054294;0.0;0.042054802;1448.8419;5836.9956;-1201.0616;5425.323;-175.225;-253.64444
1996-03-21;-4.7540183;-6.2058816;-5.2682304;743.82855;0.87277395;107.682594;100.0;0.40384123;283.34213;1426.8799;5.102402;-0.14991313;0.0;0.120162964;0.120170414;0.0;4.95382;1028.2456;4100.7183;-612.01447;6105.3154;-112.32;-212.54445
1996-03-22;-3.527354;-6.430959;-4.5181785;743.35864;0.97055155;74.859764;100.0;0.40619865;286.68393;1419.7184;0.6637871;-0.21967384;0.0;0.119790435;0.119790435;0.0;0.45657903;1485.9994;5877.964;-1182.8025;5546.6743;-162.65723;-251.91306
1996-03-23;-3.3946228;-5.2078147;-4.7985177;743.3584;0.85573345;155.6329;100.0;0.4080138;290.66275;1406.0873;3.4983933;-0.18108077;0.0;0.119417906;0.119417906;0.0;3.044337;1353.6194;5223.76;-821.6567;5939.4424;-134.64444;-225.9589
1996-03-24;-3.2916667;-5.565674;-3.5259857;742.7256;0.7624926;146.96611;100.0;0.41230455;291.5179;1415.7308;11.224135;-0.31095558;0.009670854;0.12871623;0.119037926;0.081392005;11.018042;1391.1483;5299.826;-734.1003;6209.9517;-235.00444;-276.8689
1996-03-25;-5.529999;-6.883077;-3.6724918;739.6931;0.89942175;192.69666;100.0;0.42651185;281.72006;1515.7064;8.63824;-0.2568178;0.0;0.11865795;0.11867285;0.0;8.568544;1154.8167;4799.552;-933.43335;5797.9233;-195.07333;-327.99445
1996-03-26;-6.347941;-7.7402244;-4.921036;741.0887;0.97893286;191.81763;100.0;0.4315265;282.6683;1529.2562;2.9159188;-0.24531223;0.0;0.11831522;0.11830777;0.0;2.8952508;1313.3027;5381.895;-965.36554;5656.4546;-185.50555;-367.5778
1996-03-27;-5.704376;-7.288067;-5.144751;743.5571;0.9084851;144.4207;100.0;0.436213;282.86295;1543.9453;6.376356;-0.22534654;0.0;0.11794269;0.11795014;0.0;6.331399;1229.2228;5005.2065;-842.63275;5833.4824;-170.15445;-327.36444
1996-03-28;-4.134369;-6.9410605;-5.722944;747.60394;1.0180588;146.38184;100.0;0.4390734;285.32358;1541.8701;0.25217235;-0.13696775;0.0;0.11758506;0.117599964;0.0;0.23470819;1518.7184;6177.515;-1095.1616;5517.3374;-104.11222;-262.34668
1996-03-29;-1.7429606;-2.828888;-3.7895966;749.9997;0.8560431;259.32858;100.0;0.439401;290.72592;1514.3229;0.30817986;-0.035986304;0.0;0.11725724;0.11725724;0.0;0.27706474;1175.4089;4611.7993;-559.2117;6421.36;-25.671112;-203.36
1996-03-30;-1.6523336;-2.4670613;-1.677185;748.75055;0.8157165;185.1978;100.0;0.4427942;296.59473;1495.4834;8.913666;-0.10221265;0.03401935;0.15093386;0.11690706;0.17283112;4.9028172;1041.8177;3895.4568;-482.46222;6631.293;-74.024445;-194.4311
1996-03-31;-0.65043133;-1.4195963;-0.4422811;747.36884;0.46795055;134.01259;100.0;0.45875606;294.79297;1557.5765;17.202396;-0.089560635;0.13256073;0.24914742;0.116571784;0.59138423;13.274156;633.37445;2364.9307;-217.28;7003.4204;-67.077774;-126.55222
1996-04-01;-0.14789836;-3.641988;-0.25176874;747.7647;0.97358054;81.159355;100.0;0.46213338;300.58008;1541.0156;0.0012695789;-0.25614443;0.44113398;0.55733323;0.116206706;3.7623513;0.00040605664;2035.4211;6720.9243;-1697.0945;5355.703;-186.57556;-243.39111
1996-04-02;-0.09730021;-6.205831;-0.52753955;747.5633;1.0029285;80.92739;100.0;0.46042565;310.31216;1486.6537;2.1848903;-0.37505105;0.026613474;0.1424551;0.11583418;0.22980571;1.213286;2422.3071;6932.7144;-1600.6294;5450.808;-277.54;-210.06111
1996-04-03;-1.1354879;-4.508962;-0.21650696;749.073;1.7698579;33.97542;100.0;0.46542057;313.39648;1487.0199;4.2790055;-0.591821;0.30903518;0.42450428;0.11546165;2.479773;3.8746371;1721.2073;5372.737;-1008.5961;6123.222;-453.4689;-221.62445
1996-04-04;-2.4768474;-10.4290495;-0.6668663;750.6348;1.8711675;31.834595;100.0;0.4641628;320.7295;1449.5443;0.00097155565;-0.9636134;0.0;0.11509657;0.11509657;0.0;0.00011920929;2653.2588;7310.4893;-2076.967;4754.074;-740.9422;-269.02444
1996-04-05;-2.5033875;-8.839001;-1.0741272;748.8642;1.6036903;33.873425;100.0;0.46345618;328.777;1411.7025;0.0;-0.80243313;0.0;0.11472404;0.11473149;0.0;0.0;2921.4712;7367.7656;-2129.3218;4684.039;-614.99664;-323.3322
1996-04-06;-0.21180217;-5.4945984;-0.72962064;747.59955;0.8649754;161.70415;100.0;0.46332502;338.27798;1371.7448;0.6677633;-0.46807063;0.025585294;0.1399666;0.11436641;0.22291765;0.07404387;2483.2722;5882.1787;-1289.0013;5770.8433;-354.07666;-224.55444
1996-04-07;1.2670593;-1.0109762;-0.119449615;748.1475;1.0931925;228.54102;100.0;0.45821205;346.69467;1323.8119;4.5891285;-0.37952977;1.8530935;1.9671172;0.114016235;11.027308;0.03387034;2395.6633;5417.9937;-611.2967;6741.2866;-285.7489;-207.39778
1996-04-08;0.45276895;-0.2572123;0.00031661987;747.64404;0.63359433;144.34285;100.0;0.45062873;348.0394;1295.8578;24.582624;-0.1044292;4.5755057;4.7050714;0.1295507;9.294324;5.308755;1172.41;2665.0532;-176.74667;7187.1094;-76.47;-124.31555
1996-04-09;0.026652018;-1.8926697;-0.08977636;744.53534;1.0361413;210.68138;100.0;0.44291344;347.90005;1275.35;2.969078;-0.42863098;2.8954446;3.0108094;0.11536479;11.612404;0.038973987;2404.2761;6206.423;-1023.26196;6248.739;-319.89056;-248.6011
1996-04-10;-1.2355957;-1.6911825;-0.12943776;743.9942;1.207374;221.51543;100.0;0.43608978;351.55307;1241.7806;5.5997996;-0.40620565;1.7620921;1.8787384;0.11665374;6.292984;2.5117471;2042.4506;5035.3604;-582.57697;6711.9478;-308.47665;-438.38333
1996-04-11;-0.94367474;-2.9437153;-0.09554672;745.5289;0.9084925;167.81355;100.0;0.43155932;353.78223;1221.3135;1.9260943;-0.54500157;1.2790561;1.3920963;0.11304766;6.2000566;1.3701842;1869.2239;4705.546;-722.695;6500.754;-416.02222;-292.89667
1996-04-12;-0.5703532;-1.07901;-0.08073934;740.3518;0.57868165;162.15503;100.0;0.44995221;333.2643;1349.4467;60.26433;-0.073180534;4.5463443;4.7515335;0.20518154;0.6528627;40.811867;380.46667;1279.8878;-121.13944;7119.3364;-55.738888;-78.41556
1996-04-13;-1.928182;-2.8543599;-0.07356008;741.4917;1.2181841;197.86598;100.0;0.47384325;311.9388;1519.8975;8.420812;-0.39364678;0.9715855;1.088813;0.117219985;2.6035886;6.093204;1435.4556;5482.0566;-805.0975;6374.1597;-296.71832;-378.57224
1996-04-14;-2.576945;-4.53598;-0.2954178;745.9616;1.0697718;146.18565;100.0;0.4770155;314.9453;1516.1133;2.6468847;-0.45189077;0.39294362;0.506565;0.1136139;1.3178811;1.3855435;1854.2861;6292.7085;-1494.5706;5470.6865;-339.68445;-365.59668
1996-04-15;-1.8588867;-6.437968;-0.6598587;748.2295;1.0949976;160.87775;100.0;0.47663072;323.19595;1476.359;0.006854534;-0.68589395;0.0072717667;0.12142956;0.11416525;0.03475696;0.0031478703;2564.2444;7529.184;-1731.8066;5187.912;-517.08777;-354.39334
1996-04-16;-0.19112141;-4.6740317;-0.5166855;749.27655;1.043459;167.33293;100.0;0.4752945;332.8994;1429.6875;0.0020295382;-0.5467348;0.41498244;0.5297512;0.114776194;2.0523872;0.00078976154;2840.655;7491.747;-1722.968;5329.456;-407.06833;-269.03888
1996-04-17;1.8493551;-3.2697346;-0.28378424;747.4804;0.9282673;111.03892;100.0;0.46981487;342.06543;1375.4883;0.147897;-0.3342675;1.6937703;1.8091947;0.115424395;7.9654307;0.0;2602.311;6358.199;-1160.1;6033.3555;-241.7911;-157.28334
1996-04-18;-0.9634908;-1.5698751;-0.08321762;742.7326;1.0239574;203.99321;100.0;0.48473844;330.57095;1465.5355;32.609108;-0.09733811;1.0416061;1.2131035;0.17148256;0.8315891;26.371616;357.0772;1257.9072;-188.93889;6998.4404;-74.63111;-117.67667
1996-04-19;-1.1002401;-3.7647502;-0.13624318;745.78375;1.0965568;194.23485;100.0;0.49248338;327.39682;1505.6559;1.5537918;-0.61388874;0.70361793;0.8211136;0.117495656;2.9043891;1.018934;2043.9889;6983.0337;-1081.3595;6093.87;-462.075;-341.94556
1996-04-20;0.6407674;-2.501353;-0.17794292;748.2595;0.94405454;158.04013;100.0;0.48817334;332.93228;1467.8955;0.5173385;-0.41462108;1.6529411;1.7718375;0.11887401;6.813537;0.040521845;2347.3105;7036.948;-1355.7267;5835.9316;-304.58112;-247.52556
1996-04-21;0.51930743;-0.889384;-0.09609095;746.3845;0.8917039;114.791664;100.0;0.4839468;339.34732;1427.3682;22.073921;-0.12619235;7.429764;7.666752;0.23698062;7.61313;2.6193895;1213.045;3243.996;-261.55804;7061.095;-90.77889;-119.07111
1996-04-22;-0.1832072;-5.0097556;-0.16742325;747.7298;1.1088942;182.8185;100.0;0.47995377;340.97623;1409.017;1.0694861;-0.77418333;1.8438101;1.9778609;0.1340434;6.984778;0.836052;2648.3806;7338.6777;-1646.2689;5426.271;-586.36664;-309.8889
1996-04-23;0.12261963;-5.5638733;-0.40471268;747.94025;0.924227;125.569855;100.0;0.4750643;348.28384;1365.682;0.07727742;-0.61366147;0.8713156;1.000315;0.1290068;3.3698938;0.00391528;3134.2634;7943.6455;-1927.6302;5126.4277;-458.14;-242.07333
1996-04-24;-0.53808594;-4.0236;-0.26814905;746.14105;1.1734159;149.72256;100.0;0.47011408;355.93262;1321.8588;6.1838923;-0.6215852;2.9138327;3.0474365;0.13359636;6.612353;2.1780505;2941.4321;6976.9824;-1456.1869;5666.1055;-468.70776;-277.72556
1996-04-25;-2.515859;-3.3865662;-0.18414561;746.7859;1.1539408;160.59305;100.0;0.47069725;355.04102;1326.294;4.8251004;-0.56147856;1.1170357;1.2558103;0.13877451;3.4363792;3.649231;2219.7021;6009.2593;-1001.3078;6155.2275;-427.37723;-532.42554
1996-04-26;-1.6181234;-5.5842185;-0.22406006;750.77423;0.9870905;38.289204;100.0;0.46711946;359.23276;1301.5543;1.1158764;-0.71697587;1.827918;1.9728839;0.1449734;5.676765;0.06861985;2646.14;6964.0957;-1332.3008;5816.761;-542.6561;-409.62445
1996-04-27;0.4822693;-6.4814553;-0.29701868;752.24396;1.3267714;28.20397;100.0;0.4601804;365.9121;1259.318;0.028017163;-0.71343595;2.1359324;2.318993;0.18307567;7.5809135;0.011123717;3229.8267;7890.811;-1779.6475;5332.5693;-534.8089;-236.59445
1996-04-28;2.4041035;-3.8224995;-0.27934393;751.9424;1.0762433;147.60367;100.0;0.44983187;373.37466;1206.6244;0.024974346;-0.4054066;3.9021075;4.063815;0.1616925;12.019116;0.0;3508.186;8096.195;-1812.6594;5373.8457;-291.52335;-177.16333
1996-04-29;4.246511;-1.5856832;-0.20576859;752.00226;0.94334024;192.47893;100.0;0.43587267;380.44662;1147.8678;0.016498566;-0.3668992;5.4671316;5.9806404;0.5135238;15.208758;0.0;3591.44;7942.818;-1550.2089;5762.84;-261.6722;-170.67111
1996-04-30;4.9570413;-0.43762207;-0.1461258;750.36334;1.2203195;186.09023;100.0;0.4176968;385.77377;1084.7574;0.11153221;-0.3996324;6.875977;7.5840354;0.7080585;19.624416;0.0;3589.5234;7685.782;-1519.2537;5830.927;-287.86777;-112.64333
1996-05-01;4.901316;-2.2333272;-0.20785522;750.47;1.0654238;105.65812;100.0;0.39901376;391.82162;1020.42645;0.00064074993;-0.380354;7.498741;8.822664;1.323916;18.456392;0.0;3985.4094;8326.516;-1801.1912;5511.237;-270.11444;-127.66111
1996-05-02;6.4368186;0.39893594;-0.169885;751.3637;1.1780827;215.93098;100.0;0.37874436;398.1328;953.40985;0.3620684;-0.33047235;8.54969;9.456083;0.9063855;21.299385;0.0;3868.9138;7930.421;-1462.9994;5955.0005;-231.99222;-93.59778
1996-05-03;6.727987;1.7668356;-0.11837133;752.71826;0.9722869;199.26027;100.0;0.35687354;403.4603;886.71875;1.1182338;-0.25369412;9.386957;10.001749;0.61479956;21.647778;0.0;3424.004;6914.113;-1021.8097;6428.096;-175.8811;-99.47111
1996-05-04;5.825704;-0.36455283;-0.09093984;752.7131;0.9598029;157.69643;100.0;0.33490565;407.1123;824.8291;1.6987264;-0.27743912;10.18387;11.784762;1.6009138;23.49053;0.0;3367.2888;6722.4473;-1138.9397;6311.7793;-194.21222;-110.935555
1996-05-05;4.607493;-3.2906086;-0.20069249;751.28204;1.2597938;81.35149;100.0;0.31260204;412.39975;760.49805;0.018729696;-0.45694226;8.682534;9.421095;0.7385686;22.259192;0.0;4099.8228;8114.3013;-1626.5311;5760.971;-329.2022;-118.73889
1996-05-06;4.5247397;-3.578593;-0.23173268;751.5966;1.134919;70.55319;100.0;0.29057106;419.21875;695.638;0.014036894;-0.41291302;9.133935;10.85639;1.722455;21.818415;0.0;4101.815;8061.973;-1591.8439;5794.416;-295.35556;-150.97444
1996-05-07;4.545359;-1.1595968;-0.21029408;752.0947;1.1883525;49.282063;100.0;0.2677877;426.17676;631.1442;0.14340878;-0.33256412;10.108709;11.893958;1.7852485;23.050077;0.0;3880.165;7585.4365;-1315.0583;6080.27;-234.08888;-154.35889
1996-05-08;4.7598877;-1.6382853;-0.22314326;750.54584;1.153637;79.179756;100.0;0.24493694;432.777;568.5628;0.3152132;-0.3392212;9.876787;11.782318;1.9055233;22.631075;0.00010430813;3758.0444;7315.1953;-1297.1289;6124.6235;-240.08333;-112.725555
1996-05-09;5.7210593;0.3527527;-0.21263759;750.3167;1.1556535;64.86677;100.0;0.22095399;438.639;506.30698;0.8160353;-0.34882128;11.405245;13.743654;2.3384168;24.889688;0.000603497;3777.2412;7328.9043;-1066.882;6411.2134;-247.14333;-169.55888
1996-05-10;6.0024924;1.3946024;-0.18742625;749.8743;1.1550585;57.180004;99.573;0.20048137;443.9922;452.88086;4.9700127;-0.12569875;8.758023;10.891631;2.1336005;17.89311;0.0;2426.7322;4691.2295;-627.3883;6772.597;-83.583336;-15.326667
1996-05-11;5.136495;1.2182007;-0.098049164;750.1458;1.1443709;88.29812;97.71793;0.17989683;448.09537;402.70996;3.9022446;-0.26434007;11.2961235;14.456257;3.1601489;22.199873;0.0;3102.9895;5929.183;-761.5072;6740.5386;-183.36;-103.132225
1996-05-12;5.2390847;1.9122111;-0.09670893;751.0259;0.8840839;62.933887;96.04606;0.16073756;449.84048;357.95084;3.4535768;-0.16503873;8.481518;12.052238;3.5707057;18.563166;0.0;2452.9695;4634.2476;-633.7789;6816.6123;-110.36667;-71.596664
1996-05-13;6.647827;3.0044148;-0.15854008;751.389;1.0876352;100.86303;94.896484;0.13815725;450.0;308.26822;1.9396633;-0.31205547;11.953563;16.560316;4.6067533;25.221512;0.0;3517.335;6596.926;-849.73944;6703.0737;-211.54;-150.66777
1996-05-14;7.4330955;3.276062;-0.23167165;750.66766;1.2853414;184.076;94.21688;0.11300198;450.0;252.31934;1.5951514;-0.3966689;11.803448;16.9345;5.131051;25.570122;0.0;3780.9116;7056.8467;-1032.3262;6518.991;-273.43332;-131.63889
1996-05-15;7.5879517;-0.06618246;-0.3461202;749.69354;1.3137292;176.94714;93.923584;0.08809841;450.0;196.73665;0.96407235;-0.63226277;11.16933;16.37514;5.2058024;24.067684;0.0;3830.3994;7130.5713;-1068.4775;6450.714;-452.09888;-83.55889
1996-05-16;8.167358;-0.04341634;-0.5566635;749.5803;1.6945032;229.93318;91.2579;0.06341255;450.0;141.96777;0.08125305;-0.89456886;10.778591;18.610254;7.8316555;24.783428;0.0;4205.2544;7760.211;-1349.6494;6170.3726;-650.5789;-26.202223
1996-05-17;7.9130044;1.0326843;-1.0816244;753.41974;1.2644247;214.22002;79.623375;0.039959233;450.0;89.96582;1.8055975;-0.9306986;10.19828;19.693493;9.4952135;22.01581;0.0;4309.673;7694.176;-1424.8547;6077.2266;-668.4078;-149.6311
1996-05-18;8.2448225;2.7764893;-0.6061948;753.4279;1.1296506;166.64897;49.832928;0.021774491;450.0;49.072266;2.0558476;-1.3894998;6.736502;16.512663;9.77616;16.577028;0.0;4648.8906;7175.629;-1335.8441;6496.2437;-965.25336;-384.77444
1996-05-19;7.3463845;2.5511882;-0.5868594;750.208;0.9556324;144.63179;24.545492;0.010735591;450.0;24.210611;5.341673;-1.5417635;4.755333;14.397592;9.642259;7.553302;0.0;4448.291;6169.7056;-1432.2528;6513.9844;-1070.5255;-584.54553
1996-05-20;6.1987305;3.28597;-0.19375356;748.7607;1.0748043;69.834885;12.650472;0.0055278144;450.0;12.288411;9.701938;-1.750432;4.3969007;13.767778;9.370878;3.993433;0.0;3989.601;5272.1045;-1282.4456;6754.35;-1215.1844;-647.50555
1996-05-21;7.908712;1.611379;-0.17762502;751.69305;1.2800188;34.705994;6.0260415;0.0026154518;450.0;5.900065;0.8302182;-2.6384127;0.9113699;9.928375;9.017006;2.3078284;0.0;5127.5933;6590.0513;-1761.5967;6497.3965;-1832.8778;-794.1533
1996-05-22;10.65446;2.7860718;-0.24577077;753.33563;0.9759538;94.61234;2.3894856;0.0010271469;450.0;2.726237;0.007843971;-3.368836;0.32024086;8.862525;8.542292;1.152642;0.0;6079.5435;7699.8687;-2099.7056;6494.371;-2340.1956;-744.9267
1996-05-23;11.42043;4.1152954;0.009919484;751.98016;1.1265825;182.30977;0.80777997;0.0003472964;450.0;1.1800131;0.19446597;-3.1789308;0.1295358;8.1167965;7.987253;0.38439035;0.0;5590.245;7028.9585;-1981.4591;6662.439;-2208.2778;-816.4067
1996-05-24;11.750499;1.9608053;0.008350372;749.1228;1.4797589;251.85689;0.27986655;0.000120162964;450.0;0.20345052;0.1714766;-3.5056565;0.057131052;7.4727087;7.415578;0.13324991;0.0;5746.6646;7203.6216;-1973.5409;6610.674;-2435.3157;-887.81335
1996-05-25;10.503428;-0.12502034;-0.28658423;749.4588;1.3739648;182.05206;0.09676107;4.164378e-05;437.44174;-7.345365e-21;0.0015974045;-3.8140352;0.009864569;6.875992;6.866127;0.04632771;0.0;6638.246;8306.796;-2517.8223;5992.614;-2649.5088;-1131.5911
1996-05-26;10.567952;0.36082968;-0.30596796;752.28973;1.1304156;170.10918;0.033772785;1.4503797e-05;428.5931;-7.345365e-21;0.0017168822;-3.7958872;0.0033825636;6.3614697;6.358087;0.01635775;0.0;6550.217;8185.901;-2454.8433;6108.0127;-2636.879;-996.37665
1996-05-27;11.871643;1.3433329;-0.085250854;751.3884;1.2199541;118.48803;0.011474609;4.808108e-06;428.09375;-7.345365e-21;1.9984126;-3.4772093;0.32499433;6.224394;5.8993845;0.0055469573;0.0;6132.7334;7655.2812;-2212.2544;6452.4146;-2415.5017;-981.76666
1996-05-28;11.333913;-1.6786906;-0.05595525;748.0278;1.4782915;172.40302;0.0037434895;1.66893e-06;428.09375;-7.345365e-21;0.042446293;-3.916028;0.005617738;5.4939985;5.488381;0.0016950071;0.0;6509.724;8117.2676;-2515.7068;6030.319;-2720.3354;-1053.7933
1996-05-29;10.467082;-0.9447632;-0.19171269;748.51685;1.1280473;193.97401;0.0010579427;4.3710074e-07;428.09375;-7.345365e-21;0.001275539;-3.7897472;0.00025331974;5.1199493;5.119704;0.00062957406;0.0;6829.388;8506.646;-2655.68;5913.49;-2632.611;-1163.6733
1996-05-30;10.5589905;-0.5614421;-0.047505695;749.9407;1.4619952;182.64886;0.0;-7.3453654e-25;428.09375;-7.345365e-21;2.2633672;-3.1369588;0.28263032;5.07395;4.7913117;0.0001937151;0.0;6051.42;7529.548;-2257.2605;6269.951;-2179.141;-1306.46
1996-05-31;9.764628;1.8133341;-0.36157355;750.87573;1.3730882;214.89546;0.0;-7.3453654e-25;318.05893;-7.345365e-21;4.800561;-3.1965096;0.64344704;5.1413627;4.497908;7.0780516e-05;0.0;5853.0015;7274.93;-1867.9517;6730.146;-2220.5088;-1322.0945
1996-06-01;9.507649;0.92332965;-3.3096745;748.1721;1.4045953;201.45473;0.0;-7.3453654e-25;118.3906;-7.345365e-21;1.9616783;-3.2348428;0.23923814;4.4741926;4.2349696;2.9802322e-05;0.0;5730.9316;7115.75;-2212.1782;6273.279;-2247.1377;-1189.46
1996-06-02;9.844157;0.06818644;-1.5455004;748.18115;1.5829698;223.33539;0.0;-7.3453654e-25;108.775696;-7.345365e-21;0.0025110298;-3.5635214;0.0002682209;3.9968789;3.9965959;7.4505806e-06;0.0;6357.8154;7885.6523;-2253.4878;6269.1377;-2475.46;-1298.5033
1996-06-03;10.160298;2.0310059;0.010098775;749.4629;1.1698133;165.0937;0.0;-7.3453654e-25;99.99998;-7.345365e-21;1.5789248;-3.0366461;0.17802417;3.9580612;3.7800298;0.0;0.0;5640.9272;6989.0522;-2013.395;6619.7188;-2109.4568;-1122.5623
1996-06-04;10.209493;0.15004475;0.009780884;747.3999;1.8109862;168.49974;0.0;-7.3453654e-25;99.99998;-7.345365e-21;0.030686839;-3.7255716;0.003144145;3.5862029;3.5830588;0.0;0.0;6616.5176;8189.351;-2373.5244;6267.7314;-2588.031;-1427.5044
1996-06-05;8.9496355;-3.5140278;0.010136922;747.4926;1.3505524;191.32182;0.0;-7.3453654e-25;99.99998;-7.345365e-21;0.0008702539;-3.5765097;8.940697e-05;3.4021735;3.402114;0.0;0.0;6937.767;8577.989;-2768.689;5695.5146;-2484.4812;-1543.4512
1996-06-06;8.598317;-2.7591248;0.009775798;747.8421;1.1373295;134.6587;0.0;-7.3453654e-25;99.99998;-7.345365e-21;0.1368165;-3.1800568;0.01257658;3.2488704;3.2363086;0.0;0.0;6502.71;8031.539;-2500.459;5995.9434;-2209.0789;-1510.9478
1996-06-07;9.696736;-2.4113262;0.01012675;750.32806;1.3168322;135.22945;0.0;-7.3453654e-25;99.99998;-7.345365e-21;0.0;-3.3353894;0.0;3.0837357;3.0837357;0.0;0.0;6815.142;8408.668;-2650.4016;5957.818;-2316.9834;-1516.669
1996-06-08;10.731537;-1.0690817;0.009849548;749.9317;1.552924;142.54219;0.0;-7.3453654e-25;99.99998;-7.345365e-21;0.0672698;-3.178507;0.0056624413;2.948314;2.942659;0.0;0.0;6630.3193;8172.128;-2490.8577;6211.3926;-2208.0034;-1572.4344
1996-06-09;10.721985;0.87058514;0.009913127;748.7996;1.1079277;85.84946;0.0;-7.3453654e-25;99.99998;-7.345365e-21;1.3923049;-3.1171207;0.13822317;2.9502213;2.8119981;0.0;0.0;6499.1797;8001.981;-2502.0134;6337.91;-2165.36;-1373.6956
1996-06-10;10.291087;-0.70842487;0.010000865;748.74066;1.4770943;98.80557;0.0;-7.3453654e-25;99.99998;-7.345365e-21;0.67990124;-2.992928;0.053942204;2.7451963;2.6912465;0.0;0.0;6318.822;7771.723;-2529.4067;6214.549;-2079.0867;-1472.2289
1996-06-11;8.913371;1.2461243;0.010280609;751.59564;1.8018199;45.19631;0.0;-7.3453654e-25;99.99998;-7.345365e-21;1.2185037;-2.4927948;0.09597838;2.675891;2.5799274;0.0;0.0;5823.474;7154.967;-2216.37;6424.192;-1731.6622;-1656.8944
1996-06-12;10.956523;1.1266785;0.0099487305;752.166;1.6682702;39.181522;0.0;-7.3453654e-25;99.99998;-7.345365e-21;0.0;-3.1000004;0.0;2.4755597;2.4755597;0.0;0.0;6928.8745;8504.3955;-2798.4983;6040.4224;-2153.4666;-1587.1533
1996-06-13;11.874766;0.59309894;0.009797414;750.86523;1.2616025;80.45212;0.0;-7.3453654e-25;99.99998;-7.345365e-21;0.0035703182;-3.0049086;0.00023841858;2.3772418;2.376996;0.0;0.0;6615.945;8111.829;-2665.7634;6313.594;-2087.409;-1410.8378
1996-06-14;12.323181;-1.0628662;0.009747823;750.9246;1.2454897;112.43579;0.0;-7.3453654e-25;99.99998;-7.345365e-21;0.003600637;-2.9997454;0.00023841858;2.2847056;2.2844448;0.0;0.0;6697.2656;8202.928;-2660.6145;6435.8726;-2083.8223;-1502.6967
1996-06-15;13.43517;1.2925516;0.010073344;751.0411;1.0912277;92.2958;0.0;-7.3453654e-25;99.99998;-7.345365e-21;0.36773086;-2.6516597;0.026345253;2.224028;2.1976902;0.0;0.0;6220.2095;7610.6367;-2583.4912;6630.0693;-1842.02;-1314.3489
1996-06-16;14.191173;3.5142415;0.010231018;751.4712;1.1344494;77.69401;0.0;-7.3453654e-25;99.99998;-7.345365e-21;0.07894635;-2.5817604;0.005185604;2.1214485;2.1162853;0.0;0.0;6191.1562;7574.1436;-2520.5771;6840.532;-1793.4623;-1366.4578
1996-06-17;15.750732;1.6355591;0.009966533;749.7276;1.4015932;100.30424;0.0;-7.3453654e-25;99.99998;-7.345365e-21;0.3811717;-2.3919492;0.02668798;2.0664036;2.0397007;0.0;0.0;6290.9067;7695.2065;-2627.7961;6800.162;-1661.6078;-1511.7078
1996-06-18;15.848633;-0.9935913;0.009765625;747.1265;1.4672413;142.74947;0.0;-7.3453654e-25;99.99998;-7.345365e-21;0.0012814989;-2.4950075;8.940697e-05;1.9673407;1.9672215;0.0;0.0;6966.023;8519.978;-3013.649;6427.36;-1733.1989;-1809.5734
1996-06-19;13.993123;1.2449545;0.009933472;747.34766;1.1889548;126.10055;0.0;-7.3453654e-25;99.99998;-7.345365e-21;0.55095553;-2.1060352;0.037014484;1.9357204;1.8987134;0.0;0.0;6607.204;8080.042;-2767.9456;6611.2583;-1462.9933;-1948.7311
1996-06-20;13.088542;0.564799;0.009880066;747.977;1.785951;162.8362;0.0;-7.3453654e-25;99.99998;-7.345365e-21;0.021475554;-2.1130574;0.0012218952;1.8353611;1.8341392;0.0;0.0;6856.9434;8384.32;-2901.5632;6416.056;-1467.87;-2201.6055
1996-06-21;11.776042;-2.9400532;0.009894053;748.8128;1.4938155;191.22444;0.0;-7.3453654e-25;99.99998;-7.345365e-21;0.0023424625;-1.7622467;0.00014901161;1.7731786;1.7730296;0.0;0.0;6689.6904;8178.8555;-2952.9895;6133.9307;-1224.1733;-2325.2222
1996-06-22;12.055736;-2.732005;0.009952545;748.9432;1.4215661;117.0734;0.0;-7.3453654e-25;99.99998;-7.345365e-21;0.0008523463;-1.8289871;5.9604645e-05;1.7151237;1.715064;0.0;0.0;7027.293;8590.412;-3104.1016;6133.8354;-1270.5355;-2272.869
1996-06-23;12.90739;1.6325175;0.009911855;749.2705;1.1534127;64.41456;0.0;-7.3453654e-25;99.99998;-7.345365e-21;0.23305108;-1.7057518;0.014722347;1.6746819;1.6599447;0.0;0.0;6622.658;8094.609;-2848.3022;6569.44;-1184.9288;-2110.9421
1996-06-24;14.117534;2.4338276;0.009815216;751.0144;1.4780868;39.162563;0.0;-7.3453654e-25;99.99998;-7.345365e-21;0.47044656;-1.7313398;0.029683113;1.6374439;1.6077459;0.0;0.0;6455.8564;7889.901;-2781.8254;6717.6045;-1202.7045;-2002.0867
1996-06-25;12.873138;3.354543;0.009873708;751.7012;2.0975378;43.65122;0.0;-7.3453654e-25;99.99998;-7.345365e-21;0.03951788;-1.5595331;0.002503395;1.5608668;1.5583634;0.0;0.0;6138.922;7501.447;-2552.3884;6796.6284;-1083.3545;-2238.3389
1996-06-26;12.32132;0.3044637;0.010023753;751.65985;2.386199;43.236904;0.0;-7.3453654e-25;100.00259;-7.345365e-21;0.0008523463;-1.557963;5.9604645e-05;1.5113652;1.5113056;0.0;0.0;6789.924;8296.011;-2927.3794;6354.2686;-1082.2644;-2526.4011
1996-06-27;13.345103;-1.163859;0.009942372;752.47943;1.9327625;38.23817;0.0;-7.3453654e-25;99.99998;-7.345365e-21;0.0012874597;-1.5793667;8.940697e-05;1.4663041;1.4662371;0.0;0.0;7003.8145;8556.261;-3137.07;6237.2046;-1097.1333;-2420.8123
1996-06-28;16.592428;-2.0634868;0.009974162;752.02563;1.0750152;88.59442;0.0;-7.3453654e-25;99.99998;-7.345365e-21;0.0012874597;-1.7355736;7.4505806e-05;1.4230013;1.4229045;0.0;0.0;7074.1704;8641.088;-3306.7544;6452.428;-1205.6455;-1936.6222
1996-06-29;17.416819;-3.5063984;0.010232289;751.6829;1.3901359;180.69124;0.0;-7.3453654e-25;99.99998;-7.345365e-21;0.00085234636;-1.6312767;5.9604645e-05;1.381427;1.3813674;0.0;0.0;7044.2285;8603.398;-3347.2021;6457.3335;-1133.1934;-2144.6655
1996-06-30;16.70115;-6.8809714;0.010163625;751.8337;1.3049966;113.90234;0.0;-7.3453654e-25;99.99998;-7.345365e-21;0.0;-1.5566368;0.0;1.3417751;1.3417751;0.0;0.0;7215.1245;8810.975;-3672.5867;6007.007;-1081.3434;-2115.5144
1996-07-01;16.776865;-3.7046406;0.00995636;750.80194;1.2927125;95.479164;0.0;-7.3453654e-25;99.99998;-7.345365e-21;0.0025668668;-1.5365444;0.00014901161;1.3039708;1.3038367;0.0;0.0;7138.0605;8715.7;-3564.6646;6199.095;-1067.3867;-2059.6277
1996-07-02;17.330933;-1.5817057;0.009844462;752.1872;1.3552321;87.989815;0.0;-7.3453654e-25;99.99998;-7.345365e-21;0.00086564856;-1.5105903;5.9604645e-05;1.2675226;1.267463;0.0;0.0;6979.493;8520.967;-3271.6892;6640.3423;-1049.3556;-2056.4612
1996-07-03;18.5737;3.3746235;0.009642283;756.07745;1.4408406;67.92722;0.0;-7.3453654e-25;99.99998;-7.345365e-21;0.004142523;-1.3721045;0.0001937151;1.2328923;1.2327135;0.0;0.0;6352.4907;7754.533;-2871.2878;7197.605;-953.1556;-1985.8589
1996-07-04;18.976694;3.777486;0.009966533;754.87885;1.0276903;68.04124;0.0;-7.3453654e-25;99.99998;-7.345365e-21;0.008827217;-1.2873374;0.0004172325;1.1999905;1.1995807;0.0;0.0;5744.2065;7011.1055;-2597.8997;7560.5806;-894.27;-1717.9933
1996-07-05;18.112122;4.731486;0.010245006;750.34595;1.2794923;76.93281;0.0;-7.3453654e-25;99.99998;-7.345365e-21;0.31375885;-1.2871995;0.016704202;1.1846721;1.167953;0.0;0.0;5785.2954;7060.24;-2677.3796;7437.195;-894.17554;-1802.6844
1996-07-06;15.433868;8.545044;0.009916942;746.58185;1.3867893;79.296844;0.0;-7.3453654e-25;99.99998;-7.345365e-21;12.510145;-1.4000405;0.9599626;2.097994;1.1380166;0.0;0.0;5093.6953;6215.4565;-2162.2612;7554.4634;-972.5622;-1794.2833
1996-07-07;15.06366;6.973643;0.010068257;746.95776;1.3949852;86.44898;0.0;-7.3453654e-25;99.99998;-7.345365e-21;0.20824671;-3.153734;0.012069941;1.1219382;1.1098683;0.0;0.0;5203.786;6349.013;-1962.0111;7387.3833;-2190.7944;-1066.4255
1996-07-08;14.2534895;8.2465315;0.0099817915;750.87054;1.3975644;51.864483;0.0;-7.3453654e-25;100.00779;-7.345365e-21;4.9459577;-2.459634;0.38337708;1.4664233;1.0830313;0.0;0.0;4800.085;5855.7754;-1976.2872;7256.7725;-1708.6267;-1102.6022
1996-07-09;15.984609;6.096232;0.010114034;752.7884;1.4761671;79.53045;0.0;-7.3453654e-25;99.99998;-7.345365e-21;0.4094426;-3.575137;0.024542212;1.0816455;1.0571033;0.0;0.0;6231.16;7600.6323;-2237.1316;7210.2144;-2483.5288;-1215.4578
1996-07-10;15.955037;5.0928445;0.010002136;752.01514;1.3295897;65.47758;0.0;-7.3453654e-25;99.99998;-7.345365e-21;0.24062395;-3.1461027;0.012978911;1.0447502;1.0317564;0.0;0.0;5849.5015;7134.12;-2297.7822;7180.8545;-2185.4922;-1108.2833
1996-07-11;15.979054;5.0091248;0.010140737;751.1038;0.9678102;71.519325;0.0;-7.3453654e-25;99.99998;-7.345365e-21;0.19456574;-2.5898442;0.010371208;1.0178387;1.0075122;0.0;0.0;5472.404;6673.329;-2299.451;7218.0146;-1799.0778;-1075.1089
1996-07-12;16.342255;6.5487976;0.010134379;751.54395;1.6131064;41.511868;0.0;-7.3453654e-25;100.00259;-7.345365e-21;0.32245517;-2.4468694;0.018417835;1.0024905;0.9840429;0.0;0.0;5921.6094;7220.307;-2351.4695;7271.9526;-1699.7589;-1538.2966
1996-07-13;17.19993;4.060272;0.009830475;752.6983;1.780232;43.11412;0.0;-7.3453654e-25;99.99998;-7.345365e-21;0.008190577;-2.454198;0.00047683716;0.96164644;0.9611845;0.0;0.0;6608.2466;8056.3975;-2697.774;7038.3193;-1704.85;-1830.3445
1996-07-14;17.06546;-0.50742596;0.009909312;752.99005;1.856051;36.31542;0.0;-7.3453654e-25;99.99998;-7.345365e-21;0.0;-2.0929267;0.0;0.93893707;0.93893707;0.0;0.0;6983.5894;8512.868;-3224.074;6521.6343;-1453.8878;-2012.3055
1996-07-15;16.305481;-1.6449381;0.009604136;751.7385;1.8623066;36.224228;0.0;-7.3453654e-25;99.99998;-7.345365e-21;0.002136283;-1.6282592;0.00011920929;0.917539;0.9174347;0.0;0.0;7031.5645;8570.211;-3367.449;6326.6885;-1131.0978;-2230.2068
1996-07-16;17.226746;-2.2035522;0.009833018;750.4961;1.376582;60.537403;0.0;-7.3453654e-25;99.99998;-7.345365e-21;0.0004351138;-1.4575785;2.9802322e-05;0.8966476;0.89661777;0.0;0.0;6931.8047;8446.764;-3379.7354;6516.727;-1012.5311;-2081.6545
1996-07-17;18.789267;-2.2784526;0.0098775225;750.88306;1.4086329;109.31549;0.0;-7.3453654e-25;99.99998;-7.345365e-21;0.0008583069;-1.3446659;4.4703484e-05;0.8765012;0.8764565;0.0;0.0;6794.523;8277.545;-3196.0642;6888.948;-934.0956;-2160.54
1996-07-18;19.764883;-1.8187662;0.010045369;752.3763;1.4657322;137.64946;0.0;-7.3453654e-25;99.99998;-7.345365e-21;0.0;-1.1796094;0.0;0.8570552;0.8570552;0.0;0.0;6215.238;7570.184;-2887.771;7223.8867;-819.43445;-2048.6968
1996-07-19;19.118265;1.2656555;0.010032654;752.4389;1.2937055;141.95547;0.0;-7.3453654e-25;99.99998;-7.345365e-21;0.002777576;-1.169566;0.00014901161;0.83845854;0.838317;0.0;0.0;6430.3013;7830.3135;-3065.672;7100.426;-812.45886;-2178.061
1996-07-20;18.956015;-0.6791484;0.009569804;751.93585;1.4198256;100.02476;0.0;-7.3453654e-25;99.99998;-7.345365e-21;0.0008565738;-1.2224876;4.4703484e-05;0.8201003;0.8200556;0.0;0.0;6866.1123;8359.132;-3463.771;6695.487;-849.2211;-2219.39
1996-07-21;20.015991;1.9612223;0.010239919;752.5701;1.4508094;98.863434;0.0;-7.3453654e-25;99.99998;-7.345365e-21;0.001708976;-1.1711028;8.940697e-05;0.80245733;0.8023679;0.0;0.0;6623.102;8061.45;-3186.641;7076.4604;-813.5256;-2067.2312
1996-07-22;20.32138;1.285787;0.009747823;752.16675;1.4689226;102.111824;0.0;-7.3453654e-25;99.99998;-7.345365e-21;0.0;-1.1644326;0.0;0.7852316;0.7852316;0.0;0.0;6758.5854;8224.543;-3226.9636;7105.3887;-808.89276;-2306.7078
1996-07-23;20.00474;-1.6374817;0.009953816;751.17584;1.4470474;133.7491;0.0;-7.3453654e-25;99.99998;-7.345365e-21;0.0;-1.1451207;0.0;0.7686019;0.7686019;0.0;0.0;6863.832;8350.718;-3386.1216;6909.5864;-795.4778;-2280.1177
1996-07-24;20.668365;-2.1166992;0.01003774;750.8558;1.498979;131.24092;0.0;-7.3453654e-25;99.99998;-7.345365e-21;0.0012934206;-1.1324939;7.4505806e-05;0.75262785;0.75255334;0.0;0.0;6689.3823;8136.6616;-3332.9993;7064.779;-786.70557;-2096.8044
1996-07-25;20.495718;1.8261007;0.0097134905;751.1196;1.391332;104.74322;0.0;-7.3453654e-25;99.99998;-7.345365e-21;0.004354517;-1.0068268;0.00022351742;0.73726475;0.73704123;0.0;0.0;5929.983;7211.451;-2853.4993;7526.2466;-699.4089;-1979.6433
1996-07-26;20.799814;2.0914714;0.0101076765;751.8328;1.2377912;111.152885;0.0;-7.3453654e-25;100.00519;-7.345365e-21;0.0013411045;-1.0576248;5.9604645e-05;0.72205067;0.72199106;0.0;0.0;6237.0527;7583.1313;-3074.192;7390.5757;-734.69775;-2004.0477
1996-07-27;20.439789;0.5848897;0.010080974;751.4663;1.4744978;104.72492;0.0;-7.3453654e-25;99.99998;-7.345365e-21;0.0023841849;-0.9962991;0.00011920929;0.70749223;0.7073879;0.0;0.0;6269.7993;7621.2275;-3140.2458;7198.42;-692.0956;-2139.3254
1996-07-28;20.35499;1.9343668;0.009671529;749.4961;1.5468165;100.71188;0.0;-7.3453654e-25;99.99998;-7.345365e-21;0.0008046627;-1.0248497;2.9802322e-05;0.693202;0.693202;0.0;0.0;6583.8105;8001.164;-3197.5613;7181.458;-711.9289;-2294.611
1996-07-29;18.912424;6.1763306;0.009849548;749.1018;1.5940299;76.921936;0.0;-7.3453654e-25;99.99998;-7.345365e-21;0.19272317;-0.9106826;0.009804964;0.6892979;0.67949295;0.0;0.0;5957.436;7238.278;-2826.7415;7382.0635;-632.6211;-2226.919
1996-07-30;19.175364;3.9996135;0.009894053;750.6958;1.4969579;97.03068;0.0;-7.3453654e-25;99.99998;-7.345365e-21;0.0026415244;-1.0140464;0.00011920929;0.6663501;0.6662458;0.0;0.0;6506.375;7903.5093;-3164.1711;7043.2856;-704.42444;-2374.9312
1996-07-31;18.920532;-2.0475159;0.010220845;751.6895;1.4330066;102.366356;0.0;-7.3453654e-25;99.99998;-7.345365e-21;0.0;-0.9777155;0.0;0.6532669;0.65328926;0.0;0.0;6745.5454;8192.202;-3535.7761;6579.296;-679.18665;-2375.2178
1996-08-01;18.665213;-5.900411;0.009829204;752.4301;1.3418132;86.61194;0.0;-7.3453654e-25;99.99998;-7.345365e-21;0.0;-0.9586457;0.0;0.6407052;0.6407127;0.0;0.0;6725.1924;8165.685;-3516.6316;6571.937;-665.94;-2204.6445
1996-08-02;20.760843;2.9891155;0.009690602;752.1826;1.4282781;63.120808;0.0;-7.3453654e-25;99.99998;-7.345365e-21;0.0017225739;-0.92474556;8.940697e-05;0.6285906;0.6285012;0.0;0.0;6285.7017;7630.376;-2979.934;7433.3433;-642.39;-2120.1821
1996-08-03;20.80366;-0.04953003;0.009930928;750.40656;1.5769658;60.999653;0.0;-7.3453654e-25;99.99998;-7.345365e-21;0.0;-0.94564724;0.0;0.61662495;0.61662495;0.0;0.0;6538.771;7935.8813;-3294.2961;7123.153;-656.91;-2254.6567
1996-08-04;20.480936;-0.56340533;0.009613037;749.57196;1.4487749;102.60735;0.0;-7.3453654e-25;99.99998;-7.345365e-21;0.0008702277;-0.91345423;5.9604645e-05;0.60510635;0.60506165;0.0;0.0;6546.286;7943.2046;-3279.5134;7062.488;-634.54553;-2294.1477
1996-08-05;18.987192;-1.1644694;0.010142009;750.77704;1.4735721;166.55626;0.0;-7.3453654e-25;99.99998;-7.345365e-21;0.0;-0.8697901;0.0;0.5938709;0.5938411;0.0;0.0;6620.007;8030.802;-3373.3757;6810.972;-604.2144;-2497.969
1996-08-06;18.300852;-3.0407917;0.009944916;750.39355;1.2060293;136.19344;0.0;-7.3453654e-25;99.99998;-7.345365e-21;0.0017195934;-0.869073;8.940697e-05;0.58305264;0.5829632;0.0;0.0;6727.485;8159.4194;-3544.0925;6561.426;-603.7167;-2302.6777
1996-08-07;18.299805;-0.6348877;0.009684245;748.1556;1.3043094;157.66185;0.0;-7.3453654e-25;99.99998;-7.345365e-21;0.0005394219;-0.83104056;2.9802322e-05;0.5723983;0.57237595;0.0;0.0;6425.743;7791.6963;-3263.668;6844.5576;-577.2961;-2360.9343
1996-08-08;17.273111;-1.0774943;0.009840648;748.0474;1.2358476;151.04591;0.0;-7.3453654e-25;99.99998;-7.345365e-21;0.26563793;-0.82661027;0.013113022;0.5752593;0.56213886;0.0;0.0;6269.2153;7600.145;-3092.148;6868.3105;-574.2183;-2409.4077
1996-08-09;17.096771;-1.1060791;0.009979248;749.23615;1.4108263;130.59532;0.0;-7.3453654e-25;99.99998;-7.345365e-21;0.0004351138;-0.88285655;2.9802322e-05;0.55223703;0.55222213;0.0;0.0;6497.7456;7875.476;-3212.1453;6724.1445;-613.29114;-2509.6167
1996-08-10;17.469564;-1.897695;0.009821574;750.4838;1.3791118;181.4973;0.0;-7.3453654e-25;99.99998;-7.345365e-21;0.0004414664;-0.8125389;2.9802322e-05;0.5425513;0.5425364;0.0;0.0;6547.192;7933.7183;-3309.2622;6628.4146;-564.44446;-2463.6055
1996-08-11;17.848806;-3.6638794;0.010186513;752.643;1.2385653;149.92615;0.0;-7.3453654e-25;99.99998;-7.345365e-21;0.0;-0.81659853;0.0;0.53308904;0.53308904;0.0;0.0;6626.471;8027.9775;-3538.8865;6452.8545;-567.2633;-2283.8845
1996-08-12;18.1267;-3.5439758;0.009901683;753.5896;1.2451864;96.192696;0.0;-7.3453654e-25;99.99998;-7.345365e-21;0.00044107434;-0.8241385;2.9802322e-05;0.5238652;0.5238578;0.0;0.0;6594.9297;7987.971;-3512.7808;6568.98;-572.5022;-2174.699
1996-08-13;19.208506;0.8201904;0.00983429;751.65314;1.3896551;90.7876;0.0;-7.3453654e-25;99.99998;-7.345365e-21;0.00085812283;-0.8165128;4.4703484e-05;0.5148798;0.51485;0.0;0.0;6444.6704;7804.2305;-3297.5005;6928.543;-567.2033;-2212.1067
1996-08-14;19.401306;4.8514404;0.010111491;749.98065;1.4760495;73.37536;0.0;-7.3453654e-25;99.99998;-7.345365e-21;0.00042617318;-0.79219604;1.4901161e-05;0.50607324;0.50604343;0.0;0.0;6336.661;7671.7544;-3198.8613;7084.0396;-550.3122;-2225.3623
1996-08-15;18.72467;4.666758;0.010120392;750.343;1.5351616;83.188774;0.0;-7.3453654e-25;99.99998;-7.345365e-21;0.0017046923;-0.75793827;8.940697e-05;0.49757957;0.49747527;0.0;0.0;6240.977;7554.2495;-3108.5725;7094.5347;-526.51447;-2330.4963
1996-08-16;18.00527;3.6140645;0.009885152;750.53296;1.188204;105.04972;0.0;-7.3453654e-25;99.99998;-7.345365e-21;0.008368492;-0.68062174;0.0003874302;0.48959255;0.48922002;0.0;0.0;5626.7974;6810.029;-2853.0881;7230.105;-472.80554;-2102.6223
1996-08-17;18.34603;0.49160767;0.010084788;751.2332;1.118836;114.58563;0.0;-7.3453654e-25;99.99998;-7.345365e-21;0.00085234636;-0.7370282;4.4703484e-05;0.4812032;0.4811585;0.0;0.0;5940.8804;7189.2954;-3017.103;7123.5073;-511.9889;-2184.9912
1996-08-18;18.01655;-2.1161702;0.00987498;751.27686;1.2885281;176.59837;0.0;-7.3453654e-25;99.99998;-7.345365e-21;0.0008536471;-0.7340573;4.4703484e-05;0.4733503;0.47330558;0.0;0.0;6398.523;7742.057;-3400.3503;6619.99;-509.92444;-2338.438
1996-08-19;17.542776;-3.1501262;0.010164897;751.01373;1.3246641;225.75435;0.0;-7.3453654e-25;99.99998;-7.345365e-21;0.0;-0.69738555;0.0;0.4656464;0.4656464;0.0;0.0;6379.5522;7718.2754;-3382.0112;6525.553;-484.4511;-2357.5479
1996-08-20;17.990265;0.56340533;0.009849548;750.9927;1.2773458;118.53898;0.0;-7.3453654e-25;99.99998;-7.345365e-21;0.114277005;-0.69275683;0.0051259995;0.4633516;0.4582256;0.0;0.0;5776.703;6988.049;-2883.6516;7111.4355;-481.23444;-2113.3633
1996-08-21;17.714304;-1.146993;0.009738922;750.4272;1.500364;192.71635;0.0;-7.3453654e-25;99.99998;-7.345365e-21;0.002559449;-0.6857943;0.00011920929;0.45114756;0.4510209;0.0;0.0;6242.207;7550.3076;-3250.9084;6618.871;-476.3989;-2476.2578
1996-08-22;15.32076;-0.90946454;0.010194142;751.1533;1.3395839;189.39055;0.0;-7.3453654e-25;99.99998;-7.345365e-21;0.0;-0.64463544;0.0;0.4439801;0.44398755;0.0;0.0;6258.1797;7568.735;-3340.8403;6306.1333;-447.80667;-2436.6023
1996-08-23;15.108185;-1.5590414;0.009942372;751.42725;1.0922507;139.51465;0.0;-7.3453654e-25;99.99998;-7.345365e-21;0.0004351138;-0.6555319;1.4901161e-05;0.43711066;0.43709576;0.0;0.0;6217.84;7519.027;-3301.8325;6384.7505;-455.37668;-2273.111
1996-08-24;16.53418;0.2878418;0.010047913;751.0274;1.1617308;162.3101;0.0;-7.3453654e-25;99.99998;-7.345365e-21;0.0013023282;-0.6709937;5.9604645e-05;0.43040514;0.43034554;0.0;0.0;6136.5166;7419.7856;-3262.9573;6580.4004;-466.11667;-2189.5566
1996-08-25;16.671265;-2.015086;0.009919484;751.1372;1.225254;193.17851;0.0;-7.3453654e-25;99.99998;-7.345365e-21;0.00042617318;-0.6508511;1.4901161e-05;0.42378902;0.42375922;0.0;0.0;6201.597;7497.5693;-3488.8887;6259.1646;-452.12555;-2166.5356
1996-08-26;15.722412;-5.39564;0.009835561;751.7385;1.2966374;183.3918;0.0;-7.3453654e-25;99.99998;-7.345365e-21;0.00043511385;-0.62284523;2.9802322e-05;0.41738153;0.41736662;0.0;0.0;6220.8066;7519.9116;-3507.3;6082.778;-432.67;-2201.93
1996-08-27;15.299602;-5.336924;0.010054271;752.8011;1.3139077;160.88051;0.0;-7.3453654e-25;99.99998;-7.345365e-21;0.0008583069;-0.6085839;2.9802322e-05;0.41115284;0.41112304;0.0;0.0;6159.1177;7444.4385;-3443.23;6086.251;-422.76334;-2185.939
1996-08-28;15.29541;-1.2031759;0.009928386;753.89594;1.4680411;118.0711;0.0;-7.3453654e-25;99.99998;-7.345365e-21;0.77676946;-0.6989073;0.03746152;0.4425645;0.40508807;0.0;0.0;5278.555;6379.2734;-2698.7043;6863.8228;-485.50665;-1925.5078
1996-08-29;15.854492;3.5499065;0.009967804;754.7144;1.5074223;69.98627;0.0;-7.3453654e-25;99.99998;-7.345365e-21;0.043177605;-0.8582361;0.001758337;0.40099025;0.3992319;0.0;0.0;5271.96;6370.5254;-2664.304;7022.751;-596.1878;-1830.9434
1996-08-30;15.834503;1.8328552;0.010236104;754.4438;1.332272;106.37972;0.0;-7.3453654e-25;99.99998;-7.345365e-21;0.43012798;-0.79165214;0.01975894;0.413239;0.39348006;0.0;0.0;5474.475;6614.4995;-2791.6;6900.846;-549.93445;-1965.6766
1996-08-31;15.369812;0.39893594;0.009858449;753.7105;1.3617939;104.56168;0.0;-7.3453654e-25;99.99998;-7.345365e-21;0.44576824;-0.7726513;0.021025538;0.40894747;0.38792193;0.0;0.0;4986.4146;6024.085;-2694.2612;6787.261;-536.73553;-1767.8323
1996-09-01;15.50179;-5.711212;0.009951274;753.4453;1.3966626;129.43779;0.0;-7.3453654e-25;99.99998;-7.345365e-21;0.0004351138;-0.8376073;2.9802322e-05;0.382483;0.3824681;0.0;0.0;5900.8354;7127.9595;-3218.2512;6279.0186;-581.8578;-2024.9878
1996-09-02;16.139688;-4.2447815;0.00997289;753.4628;1.1748583;130.44023;0.0;-7.3453654e-25;99.99998;-7.345365e-21;0.09385839;-0.72566605;0.004336238;0.38139522;0.37704408;0.0;0.0;5665.925;6843.3643;-2979.3147;6658.052;-504.09555;-1861.1056
1996-09-03;15.470418;-0.48986816;0.01018397;751.35614;1.4900832;116.88184;0.0;-7.3453654e-25;99.99998;-7.345365e-21;0.69009066;-0.692104;0.03156066;0.40341914;0.37185848;0.0;0.0;4785.1953;5778.94;-2516.22;6954.5767;-480.7811;-1797.7422
1996-09-04;14.0731;-1.4042562;0.009929657;749.9283;1.4044527;173.29128;0.0;-7.3453654e-25;99.99998;-7.345365e-21;0.009408957;-0.751907;0.0004172325;0.36728382;0.3668219;0.0;0.0;5525.254;6671.8677;-2889.5793;6476.9087;-522.32446;-2102.3777
1996-09-05;13.005818;0.14139812;0.010148366;750.69635;1.2323474;231.04579;0.0;-7.3453654e-25;99.99998;-7.345365e-21;1.1795253;-0.77274257;0.06225705;0.42413175;0.3618747;0.0;0.0;5120.497;6182.309;-2618.2957;6594.641;-536.7989;-2007.72
1996-09-06;13.565785;0.81362915;0.009902954;752.0674;1.2626408;198.09576;0.0;-7.3453654e-25;99.99998;-7.345365e-21;0.60008764;-0.9905435;0.030383468;0.3874451;0.35706162;0.0;0.0;5314.6167;6415.9795;-2678.1292;6564.048;-688.0978;-1889.5623
1996-09-07;13.514363;0.11344401;0.010066986;749.2656;2.1393292;180.58394;0.0;-7.3453654e-25;99.99998;-7.345365e-21;0.08412975;-0.8636387;0.004142523;0.35651028;0.35236776;0.0;0.0;4947.094;5971.634;-2390.0305;6824.586;-599.9411;-1927.73
1996-09-08;10.437032;0.11275228;0.010075887;747.38916;1.6647972;221.37402;0.0;-7.3453654e-25;99.99998;-7.345365e-21;0.2219677;-0.7047001;0.009685755;0.35747886;0.3477931;0.0;0.0;5205.073;6282.2593;-2739.5466;6161.911;-489.53223;-2173.5344
1996-09-09;10.275401;1.3248495;0.009955089;749.46954;1.6855763;224.14465;0.0;-7.3453654e-25;99.99998;-7.345365e-21;0.0033915043;-0.49734116;0.00016391277;0.34354627;0.34338236;0.0;0.0;4277.967;5162.8916;-2238.0789;6545.182;-345.48557;-1773.6934
1996-09-10;11.527934;1.004425;0.010157268;751.5022;1.178298;228.67023;0.0;-7.3453654e-25;99.99998;-7.345365e-21;0.0;-0.5950257;0.0;0.33903122;0.33901632;0.0;0.0;5270.896;6360.263;-2835.2341;6176.148;-413.34445;-2000.4456
1996-09-11;13.091472;-4.45814;0.009925842;751.6506;1.2082037;138.66463;0.0;-7.3453654e-25;99.99998;-7.345365e-21;0.0;-0.6167311;0.0;0.33465028;0.33465028;0.0;0.0;5541.5137;6685.9062;-3217.083;5877.7544;-428.42334;-1790.1812
1996-09-12;13.01887;-4.4893594;0.010131836;752.1658;1.3927231;166.9772;0.0;-7.3453654e-25;99.99998;-7.345365e-21;0.0;-0.5572513;0.0;0.33035874;0.33035874;0.0;0.0;5427.204;6547.204;-3076.7778;6049.61;-387.10443;-1847.5536
1996-09-13;13.242462;-3.5647583;0.009878795;753.33746;1.1313595;98.173584;0.0;-7.3453654e-25;99.99998;-7.345365e-21;0.0;-0.55385566;0.0;0.3261268;0.3261268;0.0;0.0;5394.1743;6506.565;-3086.3562;6154.2656;-384.74554;-1745.9205
1996-09-14;14.720418;-2.4511006;0.010063171;752.54144;1.1475568;95.93314;0.0;-7.3453654e-25;99.99998;-7.345365e-21;0.001731546;-0.5594827;8.940697e-05;0.3220439;0.3219545;0.0;0.0;5316.276;6411.838;-3046.4912;6382.649;-388.65332;-1612.1056
1996-09-15;15.125102;-2.0853271;0.010214488;750.50726;1.2836306;193.31018;0.0;-7.3453654e-25;99.99998;-7.345365e-21;0.0;-0.52308106;0.0;0.31787157;0.31788647;0.0;0.0;5221.3203;6296.564;-2990.4885;6421.047;-363.36777;-1736.06
1996-09-16;13.736359;-0.74361163;0.010119121;750.99554;1.3295323;175.08076;0.0;-7.3453654e-25;99.99998;-7.345365e-21;0.0008556233;-0.47552025;4.4703484e-05;0.31396747;0.31392276;0.0;0.0;5241.838;6315.7974;-3105.2783;6080.668;-330.3278;-1842.5823
1996-09-17;12.047383;-3.5066326;0.009633382;751.501;1.3270506;258.06134;0.0;-7.3453654e-25;99.99998;-7.345365e-21;0.0;-0.43980497;0.0;0.31004846;0.31004846;0.0;0.0;5263.258;6336.075;-3129.1772;5801.9243;-305.5178;-1915.8367
1996-09-18;10.921997;-4.8289185;0.010055542;749.8316;1.3286508;194.1862;0.0;-7.3453654e-25;99.99998;-7.345365e-21;0.0;-0.42534247;0.0;0.30627847;0.30628592;0.0;0.0;5194.0166;6247.2637;-3014.1182;5845.1357;-295.4711;-1926.9366
1996-09-19;10.675191;-5.1772866;0.009905498;748.4943;1.2756859;175.96497;0.0;-7.3453654e-25;99.99998;-7.345365e-21;0.0;-0.4303986;0.0;0.30259788;0.30258298;0.0;0.0;5133.33;6168.8765;-2987.585;5895.33;-298.98334;-1862.0577
1996-09-20;9.224071;-6.562673;0.010218303;746.7251;1.2944274;171.22978;0.0;-7.3453654e-25;99.99998;-7.345365e-21;0.0008523463;-0.40218794;2.9802322e-05;0.2990365;0.29896945;0.0;0.0;5057.165;6072.015;-2879.0046;5862.621;-279.38666;-1976.8667
1996-09-21;7.0882263;0.22417195;0.009690602;744.34125;1.2069722;166.19461;0.0;-7.3453654e-25;99.99998;-7.345365e-21;7.937521;-0.6667422;0.48229098;0.7778257;0.29554963;0.0;0.0;3599.8406;4318.725;-1653.5442;6812.386;-463.16333;-1600.7733
1996-09-22;7.881124;2.0207012;0.009833018;746.6902;1.0347067;109.16367;0.0;-7.3453654e-25;99.99998;-7.345365e-21;0.17386675;-1.358984;0.008165836;0.3004372;0.29228628;0.0;0.0;3432.9414;4114.533;-1433.9778;7103.3613;-944.04114;-1161.9133
1996-09-23;8.655467;1.8664347;0.009836833;751.0588;0.9220686;115.51754;0.0;-7.3453654e-25;99.99998;-7.345365e-21;0.87559223;-1.3362272;0.04211068;0.3311634;0.28908253;0.0;0.0;3716.3567;4450.485;-1798.4231;6796.681;-928.2328;-1216.6022
1996-09-24;10.847636;0.7526143;0.00995636;753.9771;1.0110323;182.852;0.0;-7.3453654e-25;99.99998;-7.345365e-21;0.0;-1.4789217;0.0;0.28583407;0.28583407;0.0;0.0;4892.23;5853.65;-2555.943;6158.029;-1027.3567;-1211.78
1996-09-25;12.483287;0.7890422;0.009797414;756.46246;1.2027407;184.01366;0.0;-7.3453654e-25;99.99998;-7.345365e-21;0.00043511385;-1.3984144;2.9802322e-05;0.28258562;0.28257072;0.0;0.0;4772.4478;5705.392;-2438.9233;6424.7085;-971.43225;-1256.6078
1996-09-26;12.391561;0.58225507;0.009966533;755.9494;1.2127115;113.867744;0.0;-7.3453654e-25;99.99998;-7.345365e-21;0.6523311;-1.1937246;0.034332275;0.31371415;0.27938187;0.0;0.0;4475.4995;5345.701;-2339.5276;6484.1367;-829.2411;-1275.1833
1996-09-27;12.353394;-1.4631552;0.00983429;754.2251;1.1669921;183.41045;0.0;-7.3453654e-25;99.99998;-7.345365e-21;0.0012680748;-1.1892878;5.9604645e-05;0.27632713;0.27625263;0.0;0.0;4629.0005;5524.3564;-2556.6255;6267.1436;-826.16;-1235.0233
1996-09-28;12.134471;-1.2020162;0.009864807;752.5291;1.388707;184.65346;0.0;-7.3453654e-25;99.99998;-7.345365e-21;0.0008642673;-1.0427479;4.4703484e-05;0.2731979;0.2731681;0.0;0.0;4795.5674;5718.172;-2692.8638;6119.926;-724.36224;-1345.4856
1996-09-29;10.91805;-4.0582175;0.010103862;751.69867;1.4079136;186.60863;0.0;-7.3453654e-25;99.99998;-7.345365e-21;0.0008523463;-0.81794333;4.4703484e-05;0.27018785;0.27014315;0.0;0.0;4768.1255;5680.5347;-2821.8767;5782.44;-568.19775;-1576.05
1996-09-30;10.09198;-6.6502585;0.01002121;754.27496;1.1134299;114.10575;0.0;-7.3453654e-25;99.99998;-7.345365e-21;0.00085865514;-0.76162446;4.4703484e-05;0.26720762;0.26717782;0.0;0.0;4871.579;5798.776;-3013.6167;5599.8477;-529.07556;-1265.3234
1996-10-01;10.492157;-3.5871785;0.01007843;757.91034;1.1272447;81.371864;0.0;-7.3453654e-25;99.99998;-7.345365e-21;0.00085234636;-0.673173;4.4703484e-05;0.264287;0.2642423;0.0;0.0;4647.6377;5527.2646;-2693.9355;6130.1987;-467.6311;-1343.0566
1996-10-02;11.247029;-1.9064331;0.010012309;757.626;1.1251281;80.785645;0.0;-7.3453654e-25;99.99998;-7.345365e-21;0.0;-0.5824026;0.0;0.26133657;0.26133657;0.0;0.0;4648.0044;5523.074;-2771.148;6112.3433;-404.57666;-1367.1056
1996-10-03;11.346832;-3.9326274;0.010083516;754.3115;1.3968793;153.49594;0.0;-7.3453654e-25;99.99998;-7.345365e-21;0.0008583069;-0.4825266;4.4703484e-05;0.25853515;0.25850534;0.0;0.0;4336.1826;5148.148;-2624.9727;6180.1943;-335.19556;-1360.3112
1996-10-04;9.866466;-3.2458599;0.009732564;751.3636;1.0816742;87.772675;0.0;-7.3453654e-25;99.99998;-7.345365e-21;0.0017225739;-0.45719558;8.940697e-05;0.25582314;0.25571883;0.0;0.0;4581.2295;5434.367;-2765.7615;5995.9707;-317.59888;-1473.1167
1996-10-05;9.556976;-3.2558796;0.00951767;749.6428;1.2006234;130.27565;0.0;-7.3453654e-25;99.99998;-7.345365e-21;0.0;-0.41252747;0.0;0.2529919;0.25300682;0.0;0.0;4533.336;5372.973;-2726.9023;5958.648;-286.56946;-1550.4388
1996-10-06;8.901256;-2.8953247;0.009920756;750.9446;1.1050745;96.917015;0.0;-7.3453654e-25;99.99998;-7.345365e-21;0.00043511385;-0.39103907;1.4901161e-05;0.2503544;0.2503395;0.0;0.0;4430.266;5246.2856;-2712.4468;5921.2476;-271.6422;-1478.5411
1996-10-07;8.921977;-4.2756042;0.009747823;751.0224;1.0667464;98.78855;0.0;-7.3453654e-25;99.99998;-7.345365e-21;0.00044107434;-0.38939622;1.4901161e-05;0.2477467;0.2477169;0.0;0.0;4500.6416;5325.0757;-2802.219;5798.208;-270.5011;-1457.94
1996-10-08;8.498901;-8.065552;0.009986877;751.26587;1.0683657;176.14293;0.0;-7.3453654e-25;99.99998;-7.345365e-21;0.0012741048;-0.37057233;5.9604645e-05;0.24521351;0.2451539;0.0;0.0;4472.0063;5286.6704;-2867.9727;5609.7715;-257.4239;-1457.05
1996-10-09;7.2238464;-4.341746;0.010027568;751.9241;1.0576323;121.239105;0.0;-7.3453654e-25;99.99998;-7.345365e-21;0.67989653;-0.41156915;0.035516918;0.27817488;0.24265051;0.0;0.0;3981.2402;4702.52;-2393.4434;5975.427;-285.90332;-1421.3177
1996-10-10;6.956675;-4.079763;0.009824117;751.9685;1.1065658;198.01808;0.0;-7.3453654e-25;99.99998;-7.345365e-21;0.022643805;-0.46386385;0.0010877848;0.2413094;0.24022162;0.0;0.0;4174.4795;4926.487;-2555.5461;5744.984;-322.23056;-1432.8395
1996-10-11;5.6541443;-0.23445638;0.010106404;751.2534;1.1029557;171.4999;0.0;-7.3453654e-25;99.99998;-7.345365e-21;3.1011283;-0.5242657;0.16716123;0.40504336;0.23788959;0.0;0.0;3393.5532;4001.6006;-1787.4478;6396.148;-364.19;-1264.0278
1996-10-12;5.5953164;1.6027628;0.010087331;751.4361;0.8086609;203.49522;0.0;-7.3453654e-25;99.99998;-7.345365e-21;4.200235;-1.0826364;0.22912025;0.46482682;0.23571402;0.0;0.0;2197.705;2589.3667;-1269.417;6714.3477;-752.0711;-611.42444
1996-10-13;5.5138144;-0.96035767;0.010089874;750.37085;1.1958939;233.3702;0.0;-7.3453654e-25;99.99998;-7.345365e-21;2.9612064;-1.1015068;0.18179417;0.41535497;0.2335459;0.0;0.0;3653.5706;4300.8687;-1842.8184;6176.5146;-765.18;-1165.1622
1996-10-14;2.8658447;1.0408325;-2.2400818;749.87225;0.8371968;177.76604;0.0234375;2.7020772e-06;111.57778;-7.345365e-21;4.675957;-1.2768433;0.28075278;0.5121827;0.23142993;0.0013839453;0.0;2839.735;3340.7488;-1225.0344;6659.476;-886.98;-990.95557
1996-10-15;1.8152364;-0.16522217;-2.344818;749.79346;0.9395175;79.618484;0.016764322;2.7020772e-06;138.74738;-7.345365e-21;3.085335;-1.2075994;0.18653274;0.4158914;0.22936612;0.00081025064;0.00507012;2838.0718;3335.3733;-1365.1455;6456.9346;-838.8778;-998.56445
1996-10-16;2.3070068;-2.7337544;-4.0273414;752.2955;1.1028646;45.430904;0.03540039;5.6823096e-06;148.9391;-7.345365e-21;0.7985234;-1.3450663;0.042930245;0.27024746;0.22732466;0.0027865171;0.00020116568;3113.3345;3657.946;-1622.5906;6157.7666;-934.37335;-936.3922
1996-10-17;3.127879;-4.037008;-6.3422713;754.2007;0.94779164;92.41746;0.020507812;3.417333e-06;150.28905;-7.345365e-21;0.035119057;-1.1697915;0.0019818544;0.22724271;0.2252534;0.0017881393;0.0;3530.119;4146.152;-2059.21;5694.992;-812.61664;-769.19775
1996-10-18;3.6768494;-5.793691;-7.0770516;756.446;0.99844575;48.108456;0.012207031;2.1457672e-06;150.28905;-7.345365e-21;0.0017195934;-1.2829089;0.00017881393;0.2233684;0.22318959;0.0011026859;0.0;4060.986;4767.9487;-2417.6116;5365.2646;-891.19556;-786.7633
1996-10-19;5.553843;-5.406189;-6.626555;755.5943;0.99155474;77.881325;0.0063476562;1.1920929e-06;150.28905;-7.345365e-21;0.0;-1.2341496;4.4703484e-05;0.22117794;0.22111833;0.0006482005;0.0;4065.476;4771.608;-2410.6172;5446.751;-857.3222;-708.6289
1996-10-20;6.898275;-5.717926;-6.6650825;755.0701;1.0157944;140.00996;0.0028483074;2.3841858e-07;150.28905;-7.345365e-21;0.0008583069;-1.1939741;7.4505806e-05;0.21916628;0.21908432;0.00035576522;0.0;4005.4067;4699.561;-2456.685;5459.395;-829.4144;-711.4744
1996-10-21;6.8924356;-6.5947776;-6.3411202;754.61017;0.95995975;156.11041;0.0008951823;-7.3453654e-25;150.28905;-7.345365e-21;0.0021276155;-1.1007544;0.00011920929;0.21719933;0.21709502;0.00016763806;0.0;3953.5356;4637.209;-2389.1316;5531.206;-764.6578;-698.36
1996-10-22;4.6910605;-5.2321067;-2.7217305;752.5329;1.072204;205.38368;0.06567383;1.1523564e-05;151.60219;-7.345365e-21;5.10484;-1.1405051;0.32536685;0.54048;0.21512806;8.568168e-05;0.030457973;3391.65;3977.1768;-1574.4689;6390.9307;-792.27;-895.63776
1996-10-23;3.7689922;-1.9538981;-3.2903633;751.8261;1.1540806;215.91216;0.15787761;2.3643175e-05;152.6826;-7.345365e-21;0.38426518;-1.1962699;0.021219254;0.23445487;0.21324307;0.018302351;0.0;3273.1711;3840.0657;-1753.2506;6103.729;-831.0356;-916.5489
1996-10-24;4.424459;-1.034902;-3.7247505;752.7225;1.055305;229.47658;0.075032555;1.1364619e-05;152.68748;-7.345365e-21;4.905367;-1.134092;0.34072995;0.5521178;0.21140277;0.009275973;0.0;3744.805;4389.9224;-1902.305;6003.6343;-787.82556;-922.3689
1996-10-25;3.9741108;2.232188;-1.9757334;750.9998;1.0005718;203.92064;0.04191081;6.278356e-06;152.68748;-7.345365e-21;7.7256846;-1.0344144;0.55140257;0.7610321;0.20963699;0.0046230853;0.0;1934.5677;2266.7988;-1086.7478;6693.65;-718.5711;-479.64777
1996-10-26;1.5426941;0.42834473;-1.6785113;746.3798;1.4111046;202.43663;3.03833;0.00059314567;149.73695;3.6621094;15.342355;-1.2345016;0.90403855;1.112014;0.2079606;0.004472211;3.8740933;1932.6733;2264.0579;-669.7528;6906.23;-857.98;-665.06335
1996-10-27;-1.822347;-5.0826516;-4.4189544;745.94556;1.2946459;198.91063;28.451742;0.004203359;147.96873;28.564453;1.1870816;-1.0588243;0.073581934;0.2798736;0.20629168;0.5352143;0.78992176;2460.936;3409.531;-1350.8739;5855.3237;-749.1922;-835.00446
1996-10-28;-1.2748007;-6.9822083;-8.619363;748.924;0.88294584;89.212715;23.546875;0.0034902494;150.26788;23.60026;0.00053048134;-0.9059934;0.09959936;0.3042072;0.20460784;1.0679364;0.00010803342;2932.075;3939.9146;-1981.0105;5089.512;-635.9189;-643.23224
1996-10-29;-0.38568115;-4.309774;-3.2452698;747.5959;0.8667851;60.628277;24.731852;0.003928701;147.9723;25.919596;13.57523;-0.6433464;0.6160587;0.8190274;0.20296127;0.85198134;6.4275784;1899.8917;2454.3333;-949.6761;6313.2275;-448.605;-390.62222
1996-10-30;-1.8810629;-3.5044441;-1.1786715;748.4724;0.8649733;178.65019;97.65568;0.02033174;143.46156;139.68913;12.64121;-0.1517674;0.1912415;0.3926158;0.20138174;0.9597689;10.990184;602.4461;2194.369;-506.27335;6554.863;-115.583336;-142.54556
1996-10-31;-1.6948751;-9.067815;-6.558155;752.2558;1.1547608;58.4904;98.501305;0.021410266;153.06737;140.05534;0.0028908253;-0.1774663;0.19457936;0.39438903;0.19980222;1.92306;0.0028908253;1322.2339;4351.2476;-1433.475;5140.114;-128.0089;-75.89222
1996-11-01;-0.5322469;-9.0980835;-7.6098213;750.04474;1.0918905;144.72987;95.24764;0.019127766;156.51593;122.76205;0.0008523463;-0.21744892;0.25629997;0.45453012;0.19823015;2.4585817;0.0;1436.4978;4241.6177;-1244.7483;5212.9834;-156.04333;-41.556667
1996-11-02;0.19441731;-8.704539;-6.843714;749.6154;0.94458777;152.71361;91.49634;0.015860518;158.72719;100.260414;0.0008583069;-0.25071388;0.3912449;0.5879402;0.19668788;3.6092253;0.0;1395.9545;3718.5989;-1238.4828;5385.6343;-180.40111;-60.45111
1996-11-03;-0.30239868;-8.526988;-8.540711;750.9343;0.9911668;89.037056;76.95809;0.012180488;159.59796;76.70084;0.0;-0.36230683;0.4029125;0.5981028;0.19517541;3.5730526;0.0;1911.9623;4217.459;-1634.669;4929.0435;-256.06332;-107.18445
1996-11-04;0.34655762;-6.958964;-9.528552;752.0386;1.0667009;70.587906;56.894207;0.009017825;160.20668;56.722004;0.0;-0.55290943;0.33657253;0.5302429;0.1936853;2.889814;0.0;2387.9805;4207.926;-1941.6389;4744.991;-385.6489;-155.77888
1996-11-05;1.8349711;-8.734355;-5.639866;751.4051;0.8678388;91.27929;40.984295;0.006511291;160.63898;40.527344;0.1938194;-0.6970074;0.27740002;0.4696101;0.19221753;2.2647138;0.04165247;2579.6155;3956.7422;-1501.5739;5599.1543;-486.71777;-202.90222
1996-11-06;-0.6028239;-1.9315491;-1.8242416;748.80023;0.85727286;53.1335;53.085693;0.0081169205;151.27733;53.426105;9.355408;-0.33575112;0.8523017;1.0431111;0.19080937;2.4142118;3.7528985;779.9028;1413.1211;-397.4689;6827.7783;-235.77333;-159.05112
1996-11-07;-1.5731201;-3.0321858;-4.0380836;749.7788;1.0008619;34.870533;43.001465;0.006436825;151.51854;42.64323;3.2167943;-0.6954856;0.61170757;0.80114603;0.18944591;2.3235288;0.22402778;1990.315;3101.4155;-1097.9539;6054.7754;-484.1389;-413.04
1996-11-08;-1.1620077;-4.9761863;-6.3585753;752.5993;0.907118;71.97771;31.44751;0.0046869516;151.34633;31.575521;0.06198883;-0.7680496;0.23645163;0.42454898;0.18809736;1.735609;0.002078712;2120.8694;3028.5266;-1338.0133;5769.741;-536.4733;-447.0411
1996-11-09;-0.40337119;-6.4853005;-8.826432;753.477;0.8698788;106.2241;22.006836;0.0032887857;151.60805;22.013346;0.00085990917;-0.77326965;0.15445054;0.3412217;0.1867786;1.1612289;0.0;2855.5496;3798.1233;-2012.0233;5055.2;-538.49445;-378.90445
1996-11-10;-0.47387695;-5.7853494;-9.3872175;753.1585;1.0510374;81.79833;15.468262;0.0023134153;151.78319;15.54362;0.0008523463;-0.711577;0.110924244;0.2964139;0.1854971;0.83835053;0.0;3035.6394;3863.5432;-2186.0818;4906.1777;-495.53;-411.2622
1996-11-11;-2.0800068;-12.913892;-11.673352;754.8322;1.5815624;18.977211;12.011638;0.0018141667;151.89842;12.410481;0.00020861626;-0.74918383;0.029698014;0.21398067;0.18426031;0.2267249;0.00020116568;3170.922;3937.159;-2523.7957;4359.172;-525.32776;-505.19556
1996-11-12;-0.38956705;-14.530437;-10.718417;754.2622;1.3193132;33.580936;9.470052;0.0014206171;151.98338;9.358724;0.00085234636;-0.5396744;0.058934093;0.24199486;0.18306822;0.45235083;0.0;3114.371;3813.3767;-2314.67;4718.224;-376.57224;-380.06223
1996-11-13;-0.71379596;-11.012443;-10.269642;752.178;1.3282698;33.042973;6.810221;0.0010214249;152.05663;6.591797;0.0017046923;-0.5573463;0.044375658;0.22628903;0.18191338;0.34281984;0.0;3067.9978;3699.1;-2291.4805;4777.85;-388.33112;-411.07
1996-11-14;-0.9281311;-10.459687;-10.35257;753.51465;1.0660833;53.737705;4.811686;0.00072113675;152.10675;5.167643;0.0004351138;-0.540399;0.033318996;0.21409988;0.18078834;0.25981665;0.0;3130.4717;3732.6912;-2323.1045;4761.993;-376.05777;-450.2322
1996-11-15;-1.1096293;-9.781395;-10.71077;757.142;0.9905074;60.672253;3.3516438;0.0005024274;152.14125;3.6621094;0.0;-0.5727578;0.023514032;0.20317733;0.1796782;0.18492341;0.0;3158.0144;3735.5112;-2386.7905;4682.237;-398.27;-425.35333
1996-11-16;-1.7525126;-9.624658;-10.911538;757.84015;0.991947;55.31383;2.335612;0.00035027662;152.1673;2.3600261;0.0004351138;-0.48241857;0.015974045;0.19454956;0.17858297;0.12606196;0.0;3123.9207;3675.8523;-2402.4988;4649.2905;-335.42557;-470.91446
1996-11-17;-1.8989156;-10.281772;-12.41566;757.1866;1.4697062;30.305695;1.7028809;0.00025626025;152.18456;1.953125;0.00086808606;-0.40380841;0.008702278;0.18623471;0.17753243;0.06842613;0.0;3172.0562;3720.2734;-2704.8157;4245.2954;-280.9211;-479.3889
1996-11-18;-0.027394613;-11.431633;-8.573436;757.2309;1.2645028;27.988403;1.2617188;0.00018910567;152.19269;1.3427734;0.005739927;-0.33059624;0.008299947;0.1847744;0.17648935;0.061757863;0.0;2722.016;3185.9321;-1901.1317;5240.461;-229.87778;-338.88556
1996-11-19;1.7194519;-10.037887;-5.9540267;756.24536;0.9152491;98.56476;2.3609211;0.00035341582;147.58038;2.2786458;0.42701364;-0.7794043;0.029563904;0.20503998;0.17546862;0.2296865;0.41020662;2488.1655;2935.5732;-1479.0289;5860.831;-541.84;-247.80112
1996-11-20;1.5952352;-4.2400994;-6.2171745;754.3752;0.84004253;139.5402;1.7044271;0.00025105476;150.88344;1.4648438;0.021049848;-0.5888939;0.019453466;0.19389391;0.1744479;0.14466792;0.0;2824.5022;3312.0432;-1674.545;5675.2744;-409.13333;-343.2211
1996-11-21;1.4214172;-1.1907959;-3.612709;752.9724;0.78931564;208.1781;1.0053711;0.00014881293;150.8014;0.9765625;0.03747642;-0.39041227;0.011831522;0.18526614;0.17344952;0.077702105;0.007968396;1738.9617;2032.5677;-882.5528;6556.222;-271.2028;-248.80667
1996-11-22;1.3007711;0.16483562;-0.64537686;751.5056;0.7279486;265.15482;0.6975911;0.00010303656;150.58852;0.9765625;1.1800408;-0.47940388;0.10688603;0.27936697;0.17247349;0.050669536;0.00010803342;1342.0562;1566.2045;-397.87112;7151.1294;-333.03778;-298.78888
1996-11-23;0.7049764;-1.2736918;-3.235072;753.7085;0.772486;101.64899;0.44010416;6.481012e-05;150.72523;0.36621094;0.1270175;-0.67396647;0.014707446;0.18623471;0.17151237;0.032978132;0.0024847686;1865.8522;2174.8188;-1002.2939;6472.9067;-468.2211;-487.65222
1996-11-24;0.7770589;-3.2782795;-7.3820443;753.7336;0.85135275;82.39893;0.26578775;3.8981438e-05;150.82323;-7.345365e-21;0.018250942;-0.7038191;0.004157424;0.17470121;0.17055124;0.022038817;0.0;2544.0117;2962.96;-1844.0405;5466.0234;-488.92776;-373.81778
1996-11-25;0.19802856;-3.8913677;-8.744087;751.4046;0.82969993;193.17888;0.15559895;2.292792e-05;150.82811;-7.345365e-21;0.0;-0.6292472;0.0014305115;0.17103553;0.16959757;0.012177974;0.0;2782.8271;3239.2678;-2042.3739;5173.5864;-437.13165;-437.92
1996-11-26;0.42425537;-4.641459;-10.171097;751.21454;0.7768517;192.78888;0.0953776;1.390775e-05;150.82811;-7.345365e-21;0.0004351138;-0.46207848;0.00086426735;0.16954541;0.1686737;0.0069476664;0.0;2852.2688;3319.2412;-2261.629;4854.533;-320.99445;-362.90445
1996-11-27;0.17895508;-6.550364;-10.223926;751.73395;0.78819084;91.17629;0.061360676;9.020169e-06;150.82811;-7.345365e-21;0.0;-0.37463662;0.000461936;0.16823411;0.16777962;0.0038966537;0.0;2832.906;3296.101;-2249.68;4844.3315;-260.25278;-334.4289
1996-11-28;0.14560954;-7.4545493;-9.978719;749.9301;0.8479254;122.61987;0.03930664;5.801519e-06;150.82811;-7.345365e-21;0.0;-0.3706282;0.00032782555;0.16722083;0.166893;0.0028163195;0.0;2795.8105;3252.5044;-2187.0583;4923.64;-257.46555;-326.4
1996-11-29;-0.55442303;-6.4965515;-9.186745;750.58307;0.90724427;65.667854;0.024495443;3.5762787e-06;150.82811;-7.345365e-21;0.0;-0.34922177;0.00020861626;0.16622245;0.16602129;0.0017601997;0.0;2705.8345;3147.4856;-2037.5128;5096.7744;-242.59334;-370.25333
1996-11-30;-0.37328085;-5.997274;-9.206299;752.19653;0.9161728;63.896687;0.014892578;2.22524e-06;150.82811;-7.345365e-21;0.0004351138;-0.3373362;0.00016391277;0.16531348;0.16516447;0.0011045486;0.0;2710.4233;3152.581;-2072.7722;5058.674;-234.33778;-361.20334
1996-12-01;0.4861145;-6.6201477;-7.555018;752.63153;0.7340419;163.65791;0.009521484;1.3510386e-06;150.82811;-7.345365e-21;0.001705801;-0.20550564;0.0001937151;0.16452372;0.16432256;0.00045634806;0.0;1765.6417;2053.5588;-1461.2872;5669.325;-142.75778;-166.42
1996-12-02;0.3471476;-9.721039;-10.140148;752.6147;0.8342386;173.37892;0.0066731772;9.536743e-07;150.82811;-7.345365e-21;0.0012814989;-0.45782143;0.00016391277;0.16362965;0.16348064;0.00039488077;0.0;2693.5977;3132.6267;-2171.1233;4902.0884;-318.03445;-300.21667
1996-12-03;1.1103007;-9.583934;-9.72353;753.42487;0.82051635;76.95311;0.0047200522;9.536743e-07;150.82811;-7.345365e-21;0.0004351138;-0.2592085;7.4505806e-05;0.16272068;0.16265363;0.00029057264;0.0;2270.35;2640.2756;-1955.1267;5130.2446;-180.06444;-157.02444
1996-12-04;0.2796936;-8.020905;-4.3121133;753.6101;0.74177855;134.77379;6.0458984;0.000933965;142.06671;6.713867;4.8981757;-0.30257738;0.084489584;0.2463311;0.16184896;0.00013969839;3.8267448;1666.6145;1938.39;-878.6389;6358.226;-210.58888;-208.16444
1996-12-05;0.14684041;-0.723938;-0.46058145;751.33417;0.59046096;89.37326;32.586914;0.004647573;141.291;32.877605;10.267154;-0.34028107;0.94124675;1.1022985;0.16105175;1.1248459;2.48266;946.8861;1324.1589;-265.71613;7070.3755;-237.36223;-154.44667
1996-12-06;-2.5722046;-3.6986694;-1.8916003;750.68604;0.82176095;78.46907;86.73657;0.016774535;144.21742;113.81022;18.33281;-0.13491325;0.18046796;0.34074485;0.16026944;0.48604792;16.497885;401.25278;1274.5934;-447.535;6564.7256;-102.136665;-83.60555
1996-12-07;-2.090617;-3.1157227;-1.109993;752.36035;0.73397654;80.643005;100.0;0.030842343;149.97394;203.1657;19.749672;-0.12836419;0.28415024;0.44363737;0.15948713;0.67168844;16.878664;364.05444;1401.53;-139.86389;6946.303;-98.70556;-108.88556
1996-12-08;-1.996755;-2.5101216;-0.3608729;752.71027;0.57148856;101.16836;100.0;0.054911297;151.3076;360.27017;18.18161;-0.12724288;0.063836575;0.22256374;0.15872717;0.082658604;16.607046;324.115;1305.6766;-335.77444;6788.0522;-98.06555;-110.63333
1996-12-09;-2.915334;-3.719228;-1.1452866;749.6963;0.73742604;80.60281;100.0;0.06994609;151.61293;458.21127;24.351229;-0.13739988;0.035092235;0.19305944;0.15796721;0.025235116;22.754692;369.41724;1360.7944;-360.7861;6657.676;-106.111115;-118.20111
1996-12-10;-3.5453289;-4.9075522;-2.0901146;747.44806;0.6671016;77.55553;100.0;0.0947001;151.54555;622.68066;14.613658;-0.13902318;0.012300909;0.16953051;0.15722215;0.0034868717;13.823777;334.95334;1327.8356;-503.13223;6396.581;-107.325554;-99.39111
1996-12-11;-4.8268433;-5.9854836;-4.739634;749.5139;0.62039083;238.46443;100.0;0.10039306;156.97166;640.4622;0.50280696;-0.08421298;0.0;0.156492;0.156492;0.0;0.4629679;530.25;2036.6022;-466.58612;6251.9683;-63.24111;-83.14
1996-12-12;-6.311493;-7.616178;-6.671355;748.79376;0.79443604;90.59963;100.0;0.10084323;163.09601;618.7744;0.42132437;-0.03237091;0.0;0.15577674;0.15577674;0.0;0.41665882;510.14835;1907.6566;-605.49225;5889.561;-23.041111;-52.06333
1996-12-13;-5.5514426;-6.9889336;-6.044342;746.78546;0.6661494;92.12741;100.0;0.108003534;162.36293;663.41144;22.653923;-0.04001707;0.0;0.15506148;0.15506893;0.0;22.522371;444.30057;1657.0878;-208.63278;6459.1777;-29.598888;-53.24889
1996-12-14;-4.760672;-5.478246;-4.346058;746.1263;0.76966363;225.03296;100.0;0.12543805;156.72589;801.0661;1.8356769;-0.057555735;0.0;0.15437603;0.15436858;0.0;1.7822311;504.09055;2151.4934;-405.71054;6375.621;-42.356667;-103.477776
1996-12-15;-7.10606;-10.439949;-8.137524;747.8264;0.94506246;143.46368;100.0;0.12595928;164.63214;765.7878;0.013995171;-0.08589774;0.0;0.15369058;0.15367568;0.0;0.010944903;688.8011;2856.8745;-1173.5967;5003.074;-63.67;-100.736664
1996-12-16;-6.974997;-10.156815;-10.6785345;746.023;0.7809014;207.71082;100.0;0.12677558;168.87074;750.56964;3.2566147;-0.011648051;0.0;0.15300512;0.15300512;0.0;3.2504573;511.62167;2066.1267;-186.09723;6071.601;-7.1244445;-24.848888
1996-12-17;-5.9481483;-7.2238793;-7.5593095;749.0823;0.7452478;173.04616;100.0;0.12964618;171.72557;755.6966;0.36314428;-0.03536232;0.0;0.15233457;0.15233457;0.0;0.35823137;572.5072;2319.0532;-622.1139;5817.4326;-24.59111;-64.35889
1996-12-18;-7.970993;-13.005132;-11.699798;750.39056;1.0908844;29.368063;100.0;0.12971075;176.98305;733.4798;0.0051778685;-0.04031975;0.0;0.15166402;0.15167147;0.0;0.00346452;774.38666;3057.3955;-1346.0967;4508.873;-28.095556;-6.2177777
1996-12-19;-7.8748207;-15.867203;-16.803055;749.80865;0.94191265;285.24957;100.0;0.12973087;180.2848;719.8079;0.00042617318;-0.008401461;0.0;0.15102327;0.15101582;0.0;0.0;758.4217;2918.149;-1137.2861;4333.3525;-4.0266666;75.664444
1996-12-20;-7.2521987;-16.711885;-18.07373;749.6025;0.95450574;188.38635;100.0;0.12975068;182.7503;710.2458;0.0012778537;-0.009793788;0.0;0.15036762;0.15037507;0.0;0.0;824.0011;3092.4612;-968.235;4481.045;-5.078889;86.89222
1996-12-21;-6.910759;-11.004204;-16.450178;749.0677;0.880548;198.12416;100.0;0.12978768;185.22394;701.0091;0.00962913;0.027536415;0.0;0.14975667;0.14974177;0.0;0.0074878335;814.9006;2985.33;-807.7561;4831.757;23.48;54.764446
1996-12-22;-7.106598;-8.796219;-11.866048;747.01337;0.795937;260.0773;100.0;0.1299057;188.17479;690.7552;0.41573557;0.008430332;0.0;0.14911592;0.14912337;0.0;0.4100576;654.7022;2339.67;-258.35333;5964.959;8.71;-26.407778
1996-12-23;-5.212565;-6.260508;-7.248619;748.0435;0.76792115;253.26237;100.0;0.13065429;191.58266;682.04755;1.2295798;-0.02323091;0.0;0.14851242;0.14850497;0.0;1.1809468;574.37445;2029.3955;-288.48557;6299.28;-15.994445;-53.135555
1996-12-24;-4.0827026;-4.681742;-4.619531;748.81903;1.2161773;228.2946;100.0;0.13380349;193.56508;691.1621;3.8980694;-0.026550144;0.0;0.14790893;0.14790148;0.0;3.7579389;365.0161;1322.9255;-130.44333;6699.4756;-19.693333;-65.30666
1996-12-25;-2.6373699;-2.9631958;-2.3810654;748.27783;1.1742183;216.79625;100.0;0.13954139;195.86522;711.9954;8.129786;-0.084327534;0.0;0.14729798;0.14730543;0.0;7.4419155;281.91388;1066.2034;-18.743889;7017.8887;-65.07667;-116.76889
1996-12-26;-1.8399963;-2.1160786;-1.3649088;748.49976;1.4508847;208.62018;100.0;0.14606066;199.76039;731.4453;4.8363805;-0.104496256;0.0077188015;0.15443563;0.14671683;0.06348267;4.579123;308.17722;1065.0667;-67.40722;7060.14;-80.912224;-122.36
1996-12-27;-1.8287684;-2.3015049;-1.0965576;749.78204;1.2823575;207.46082;100.0;0.1508354;205.8574;733.4798;2.5626004;-0.12796;0.014185905;0.16030669;0.14612824;0.13385713;2.0985007;674.77167;2219.7178;-512.9106;6578.666;-97.53222;-129.1489
1996-12-28;-1.1099548;-1.2712631;-0.4971415;750.6539;0.88004994;181.74011;100.0;0.15731311;212.1393;739.2578;26.331444;-0.06510224;0.13097376;0.27653575;0.14554709;0.22985227;22.308268;296.30167;868.8011;-44.267776;7162.07;-50.226112;-86.02556
1996-12-29;-3.623914;-4.0377183;-0.3547783;745.2327;1.1400311;192.48177;100.0;0.2101456;187.04718;1119.1;42.681038;-0.25499985;0.014871359;0.15985966;0.14498085;0.0;41.906483;179.72556;756.8211;-180.35388;6846.961;-199.61223;-246.52888
1996-12-30;-3.8679352;-4.766107;-1.202507;750.29224;1.1081766;234.12123;100.0;0.22353537;194.55206;1150.7975;1.6749573;-0.254523;0.0;0.14442205;0.1444146;0.0;1.5849769;628.44666;2272.7578;-636.3761;6291.939;-196.55222;-219.28334
1996-12-31;-5.8187575;-8.393012;-4.270157;750.6639;0.9334279;78.94153;100.0;0.2237422;206.00519;1087.2803;0.0132134;-0.17742532;0.0;0.14384091;0.14384836;0.0;0.009775162;906.64886;2922.86;-1399.0795;5091.0576;-134.98555;-170.47223
1997-01-01;-9.18422;-13.518417;-9.826896;748.73535;1.0698155;37.40571;100.0;0.22370104;212.96906;1050.6998;0.002802808;-0.05560741;0.0;0.14327466;0.14327466;0.0;0.00064074993;981.33887;3094.33;-1468.3328;4524.6743;-39.852222;-37.9
1997-01-02;-9.350312;-14.432561;-12.517671;749.18365;1.1736132;36.194157;100.0;0.2237062;217.55727;1028.8086;0.0033563755;-0.034132972;0.0;0.14272332;0.14273077;0.0;0.0016465783;1014.73553;3135.1921;-1294.79;4555.4463;-23.321112;-15.071111
1997-01-03;-7.5456033;-14.265675;-13.951118;747.3469;0.9189926;127.72961;100.0;0.22371936;221.23338;1011.5153;0.0007480382;-0.024804845;0.0;0.14218688;0.14218688;0.0;0.000230968;1051.06;3183.2;-1209.5044;4578.9453;-16.093334;30.791111
1997-01-04;-7.934189;-10.722983;-13.057389;746.91626;0.84725857;135.73145;100.0;0.22382331;224.51723;996.98895;0.1490791;0.0039776787;0.0;0.14165044;0.14165789;0.0;0.14008582;833.73553;2484.3066;-583.63055;5450.2275;5.12;-8.264444
1997-01-05;-7.2067466;-11.09039;-11.405597;749.0726;0.9224165;198.27844;100.0;0.22391124;228.17088;981.36395;0.007161498;-0.026745722;0.0;0.14112145;0.14112145;0.0;0.0050105155;1043.9366;3055.1821;-1148.4338;4923.7344;-17.496666;-18.074444
1997-01-06;-5.703064;-7.885193;-11.979802;749.38837;0.6848461;298.52136;100.0;0.2239809;231.74477;966.8376;0.39547682;0.016726553;0.0;0.1405999;0.1405999;0.0;0.39254874;1035.9055;2974.2666;-1071.6528;4931.6685;15.494445;-0.8155556
1997-01-07;-4.744985;-8.124949;-10.862473;749.7828;0.6566782;213.25783;100.0;0.2250474;233.63214;963.3789;0.62247217;-0.011054799;0.0;0.14007092;0.14007092;0.0;0.60875714;1031.0823;3017.5144;-935.41113;5249.918;-5.5633335;-8.177778
1997-01-08;-3.924647;-5.3171654;-7.9679666;750.03204;0.46787906;211.67143;100.0;0.22805794;233.45995;976.48114;4.5925145;-0.006834045;0.0;0.13956428;0.13956428;0.0;4.3893123;500.0539;1566.9667;84.42389;6780.156;-3.8694444;-30.971111
1997-01-09;-3.7867126;-4.3525596;-4.583364;747.9157;0.8257058;188.74156;100.0;0.23673761;229.45604;1029.6224;20.782799;-0.046895817;0.0;0.13905764;0.13906509;0.0;20.110115;352.91666;1222.1411;-26.415556;6865.88;-35.54111;-79.91556
1997-01-10;-5.8056946;-6.9368896;-4.6212463;748.3178;0.8726168;152.37386;100.0;0.25754797;215.90688;1193.0746;5.021815;-0.07628091;0.0;0.1385659;0.13855845;0.0;5.0109215;613.0467;2597.0532;-767.5294;5860.057;-56.54111;-114.82333
1997-01-11;-6.4091697;-10.852;-7.4867287;750.94604;1.0654535;61.82021;100.0;0.2580665;223.07616;1158.2438;0.0077307224;-0.095088035;0.0;0.13807416;0.13805181;0.0;0.004313886;789.695;3246.7722;-1284.919;4919.8735;-70.09778;-92.66778
1997-01-12;-6.816635;-15.310153;-11.956242;751.41156;1.1065704;27.043915;100.0;0.25806674;228.28221;1131.4697;0.0004351138;-0.045192428;0.0;0.13755262;0.13755262;0.0;0.0;864.3017;3460.621;-1432.75;4348.688;-30.982222;42.16
1997-01-13;-6.73025;-15.324379;-14.161339;751.13257;1.1174661;48.8205;100.0;0.25807786;231.96385;1113.566;0.0004351138;-0.024909154;0.0;0.13706088;0.13706088;0.0;0.0;772.3661;3015.2778;-991.6778;4753.1255;-16.146667;59.462223
1997-01-14;-5.4759192;-9.842469;-13.344304;749.0249;0.85319513;145.8694;100.0;0.25818327;235.22491;1098.226;0.25155345;0.008834526;0.0;0.13658404;0.1365766;0.0;0.23087487;761.2389;2893.1746;-672.71277;5300.7534;9.587778;28.806667
1997-01-15;-5.6696777;-7.612162;-11.454265;739.84796;0.7471896;41.984688;100.0;0.26213;234.2871;1117.6351;13.448603;0.01928769;0.0;0.1361072;0.1360923;0.0;13.364259;508.1072;1898.8167;-116.10028;6141.5366;16.407778;0.70444447
1997-01-16;-5.8291116;-6.9406257;-8.093452;736.8965;0.69582015;87.04056;100.0;0.28007305;220.36522;1270.0602;11.237126;-0.0037290156;0.0;0.13563037;0.13563037;0.0;11.235669;318.45056;1361.8289;-39.96417;6507.776;-1.7727778;-36.95889
1997-01-17;-7.0708833;-10.023514;-8.237199;740.9034;0.77874905;81.96268;100.0;0.2842953;223.30011;1274.4547;0.15726678;-0.041387975;0.0;0.13515353;0.13516098;0.0;0.155624;713.8983;3010.12;-1236.3911;4945.682;-28.495556;-62.04222
1997-01-18;-8.9423485;-17.424898;-13.619952;747.4241;1.1136404;44.131954;100.0;0.28431976;228.54555;1244.8324;0.0008583069;-0.046776608;0.0;0.1346767;0.13468415;0.0;0.0;912.3233;3739.7366;-1612.4695;3947.706;-32.11;38.302223
1997-01-19;-9.135075;-18.299622;-16.943293;749.6164;1.1265353;54.453045;100.0;0.28433147;231.96873;1226.2369;0.003003346;-0.025233254;0.0;0.13421476;0.13421476;0.0;0.0;951.76666;3798.8655;-1525.7628;3835.6594;-16.074444;80.47667
1997-01-20;-10.284881;-20.860722;-19.39662;747.61163;1.153216;25.337648;100.0;0.284349;234.57811;1212.6465;0.0017089951;-0.025318936;0.0;0.13375282;0.13376027;0.0;0.0;987.68835;3841.76;-1468.1417;3727.575;-16.462778;89.37222
1997-01-21;-11.994582;-22.03669;-21.108675;744.53534;1.1786042;50.3549;100.0;0.28436372;236.71059;1201.7008;0.0004351138;-0.022025779;0.0;0.13329089;0.13329834;0.0;0.0;1026.9266;3895.1533;-1351.9055;3745.3525;-14.1877775;79.91
1997-01-22;-10.9025755;-20.476942;-19.635927;745.0457;1.0538992;36.964386;100.0;0.28442785;238.6139;1192.4235;0.17927603;-0.027637929;0.0;0.13285875;0.13284385;0.0;0.175789;795.45276;2945.3723;-476.77972;5013.5327;-18.911112;37.254444
1997-01-23;-10.31572;-14.7491255;-17.695112;749.0713;1.5091871;24.952154;100.0;0.28462234;240.62465;1183.3903;0.02983223;0.00773184;0.0;0.13239682;0.13239682;0.0;0.025168061;1028.0433;3734.0034;-1230.6;4249.7144;8.931111;46.00111
1997-01-24;-11.760829;-17.596111;-18.12983;748.1108;1.5100889;15.566495;100.0;0.28466418;243.00096;1171.875;0.0015621567;-0.011488795;0.0;0.13196468;0.13195723;0.0;0.00071153045;1088.4939;3856.8066;-1319.0897;4086.919;-5.59;43.064445
1997-01-25;-9.676881;-19.404123;-18.512527;742.59467;1.0314453;183.4282;100.0;0.28468534;245.22557;1161.4584;0.0030040736;-0.032126904;0.0;0.13148785;0.13151765;0.0;0.0;1144.53;3962.9644;-1269.1559;4131.768;-21.368889;58.305557
1997-01-26;-9.704875;-14.39453;-16.841684;738.42096;1.0209198;242.84607;100.0;0.28622496;244.91957;1168.2535;5.9901505;0.009132549;0.0;0.13107061;0.13107806;0.0;5.9827304;879.7561;2982.0222;-341.45444;5461.44;8.857778;-22.816668
1997-01-27;-11.921917;-14.812149;-13.535709;739.09155;1.1164142;170.0531;100.0;0.29290882;235.71092;1242.7979;2.6687086;-0.044178218;0.0;0.13063848;0.13063848;0.0;2.6626513;886.7244;3391.5723;-710.3728;5219.367;-31.901112;-94.68445
1997-01-28;-15.625297;-22.661741;-14.705945;742.2996;1.0800059;151.50299;100.0;0.29442108;235.70409;1249.6744;0.46016574;-0.10832213;0.0;0.1302138;0.1302138;0.0;0.45378134;999.82;3813.2822;-1612.5945;3893.6086;-81.42333;-128.3189
1997-01-29;-12.794701;-23.880753;-19.339113;741.2173;0.8935904;214.1516;100.0;0.29445556;238.30858;1236.6537;0.00043511385;-0.047831796;0.0;0.12978911;0.12978166;0.0;0.0;1131.395;4208.9355;-1625.4895;3521.1519;-33.69889;18.287777
1997-01-30;-14.752004;-18.525505;-20.195078;738.6924;0.71364874;241.73161;100.0;0.29512155;238.56313;1236.857;2.9955387;-0.009707175;0.0;0.12935698;0.12936443;0.0;2.9907675;1062.664;3857.81;-730.1633;4630.931;-5.4744444;-81.80666
1997-01-31;-15.278537;-19.645134;-17.675127;738.1023;0.72259265;65.81323;100.0;0.3007162;225.69366;1331.7871;3.8868725;-0.016251579;0.0;0.12893975;0.1289472;0.0;3.8832798;636.23834;2484.4033;-887.49225;4582.471;-11.388889;-56.303333
1997-02-01;-13.853499;-22.329842;-20.43832;744.72894;0.88805056;303.1938;100.0;0.30176938;225.8727;1336.9955;0.0017046923;-0.0088158995;0.0;0.12853742;0.12853742;0.0;0.0;1109.5978;4254.8936;-1475.9277;3637.5452;-5.73;-21.71
1997-02-02;-13.04633;-23.799118;-21.99534;742.6601;0.6934552;298.45804;100.0;0.30177534;228.22719;1323.2422;0.00044107434;-0.010713935;0.0;0.12812018;0.12813509;0.0;0.0;1156.1522;4324.8564;-1391.6989;3647.1956;-7.2022223;-11.056666
1997-02-03;-12.647283;-17.914589;-20.602339;740.9361;0.5881646;223.03355;100.0;0.3073932;218.90135;1403.6051;17.110104;0.017873943;0.0;0.12773275;0.12773275;0.0;17.10613;533.2794;1977.7644;90.35111;5595.5454;14.255555;-15.754444
1997-02-04;-12.122869;-13.89349;-14.89391;737.95844;0.8993179;162.00584;100.0;0.33059064;188.62953;1748.9014;19.881367;0.01029484;0.0;0.12734532;0.12733042;0.0;19.872091;397.6711;1709.9778;-35.037777;5911.3066;8.377778;-52.20111
1997-02-05;-16.93331;-20.587187;-15.264234;738.29974;0.9315579;183.74109;100.0;0.34479427;178.23859;1935.4248;4.266809;-0.07564016;0.0;0.12694299;0.12693554;0.0;4.2615795;844.8017;3648.1267;-1219.8611;4321.746;-58.677776;-228.51666
1997-02-06;-17.619347;-22.903214;-21.230421;745.48627;1.0535399;80.55394;100.0;0.3455156;183.62172;1883.5043;0.0007480382;-0.0009778887;0.0;0.12655556;0.12654811;0.0;0.00029802322;1072.7356;4509.061;-1568.0756;3411.8406;0.23111111;-71.62778
1997-02-07;-14.555115;-24.79899;-23.919287;748.5351;1.1611923;47.81491;100.0;0.34552714;187.71156;1842.6107;0.00042617318;-0.0047683716;0.0;0.12616813;0.12616813;0.0;0.0;1120.3245;4582.579;-1304.3839;3612.9973;-2.4416666;39.99
1997-02-08;-13.278728;-23.588541;-23.488642;747.2671;1.3814348;22.798416;100.0;0.34553745;191.34633;1807.4137;0.002141178;-0.003060326;0.0;0.1257807;0.1257807;0.0;0.0;1154.3123;4598.683;-1250.5984;3764.436;-1.05;62.393333
1997-02-09;-13.730969;-21.453493;-23.24145;745.1782;1.1631525;49.182846;100.0;0.3455576;194.95116;1774.3734;0.0;0.0074207783;0.0;0.12537837;0.12539327;0.0;0.0;1206.5494;4684.8145;-1340.7628;3667.692;7.092222;28.042223
1997-02-10;-13.806605;-23.265396;-23.05394;743.0869;1.2540605;26.988916;100.0;0.345574;198.4264;1743.6523;0.0012727914;0.0037932768;0.0;0.12502074;0.12501329;0.0;0.0;1205.4739;4563.17;-1252.1777;3808.8394;3.5094445;29.022223
1997-02-11;-13.470727;-21.970505;-22.685247;745.2531;1.1978343;31.765776;100.0;0.3455894;201.86327;1714.3148;0.002142031;0.012340955;0.0;0.12463331;0.12463331;0.0;0.0;1296.9022;4791.899;-1404.6967;3651.0415;10.072222;17.144444
1997-02-12;-11.648796;-22.534456;-21.128366;746.80536;1.0357071;63.42412;100.0;0.34560385;205.3701;1685.4655;0.0070992936;-0.0050477684;0.0;0.12426078;0.12426078;0.0;0.005390495;1280.4005;4620.6133;-1154.4467;4128.6006;-3.4577777;-13.268888
1997-02-13;-10.642067;-19.543531;-20.484938;746.9395;1.0166025;78.28968;100.0;0.3456148;209.07225;1655.6803;0.0017129423;0.008588657;0.0;0.123888254;0.123895705;0.0;0.0;1381.3911;4868.8735;-1439.9606;3822.728;7.2022223;4.398889
1997-02-14;-10.55735;-19.294508;-20.03966;746.78094;1.0103251;94.88403;100.0;0.34562954;212.72101;1627.1158;0.0008646061;0.0073295087;0.0;0.12353063;0.123523176;0.0;0.0;1421.5289;4897.484;-1395.7075;3928.8193;6.2466664;-7.481111
1997-02-15;-8.280529;-13.408233;-18.086262;747.7158;0.9323296;177.54353;100.0;0.34571382;216.46254;1599.4059;0.30548224;0.035189092;0.0;0.1231581;0.1231581;0.0;0.30332804;1389.68;4681.542;-1038.4427;4585.01;27.97889;-30.957777
1997-02-16;-5.441111;-9.289304;-14.691806;750.9052;0.9442239;98.13798;100.0;0.3460913;220.72394;1570.516;0.08596778;0.059015118;0.0;0.12278557;0.12280047;0.0;0.08426607;1442.8606;4799.484;-1219.7589;4682.902;46.666668;-28.582222
1997-02-17;-4.2921014;-10.846805;-13.17775;750.26685;0.9444165;137.54134;100.0;0.34614637;225.94496;1534.2203;0.001739717;0.019486994;0.0;0.12242794;0.12244284;0.0;0.0;1523.4778;4959.543;-1410.5878;4562.575;15.89;-22.27
1997-02-18;-4.2817864;-10.880418;-12.058941;746.4802;0.7760043;149.4687;100.0;0.34616578;231.32094;1498.942;0.0;0.003742054;0.0;0.12207031;0.12208521;0.0;0.0;1533.8761;4888.968;-1392.0538;4686.0005;3.5744445;-59.7
1997-02-19;-5.493622;-8.973827;-10.938642;745.2703;0.82502764;261.6594;100.0;0.34617248;236.71742;1464.7217;0.08453727;-0.038549304;0.0;0.121727586;0.121727586;0.0;0.08073449;1499.8839;4679.937;-1003.7664;5248.5054;-29.817778;-121.82
1997-02-20;-5.642802;-7.757871;-8.012057;746.0369;0.87868446;168.33875;100.0;0.3462899;242.55695;1429.9316;0.16155839;-0.11606887;0.0;0.12136996;0.12136996;0.0;0.15578046;1404.5773;4316.646;-945.3933;5586.036;-90.72667;-192.96777
1997-02-21;-6.152649;-8.671153;-6.906286;742.5381;1.0297732;67.54466;100.0;0.35097587;244.99901;1432.0475;15.6332855;-0.13988279;0.0;0.12102723;0.12102723;0.0;15.255392;836.63055;2571.5088;-434.60333;6190.6543;-109.67555;-133.15111
1997-02-22;-7.1533737;-8.943424;-6.405876;740.11176;0.8493817;214.09425;100.0;0.36957106;235.31671;1570.4346;13.975823;-0.09986758;0.0;0.1206696;0.120677054;0.0;13.925672;709.20557;2944.8823;-578.5183;5959.3955;-77.388885;-183.63222
1997-02-23;-7.34215;-9.262048;-6.8522124;740.5691;0.83694196;155.52165;100.0;0.378446;234.62367;1613.1185;10.956705;-0.11849031;0.0;0.12032688;0.12032688;0.0;10.940812;1014.2;4269.009;-621.2672;5919.451;-91.335556;-254.41112
1997-02-24;-9.17558;-10.996097;-7.4308968;743.011;0.9186687;130.80368;100.0;0.40475583;219.55597;1842.57;20.988195;-0.12935884;0.0;0.11996925;0.11998415;0.0;20.984306;703.4694;3065.785;-876.05835;5429.1157;-100.64667;-220.31111
1997-02-25;-9.53955;-14.34574;-10.544872;746.28564;1.1049595;56.845642;100.0;0.41031727;223.84308;1834.8795;4.3595734;-0.05941838;0.0;0.119656324;0.11963397;0.0;4.354812;1155.0222;4919.055;-971.0089;5132.497;-44.357777;-196.87666
1997-02-26;-8.174984;-11.878427;-9.485;741.34735;1.3093051;37.70168;100.0;0.4200872;224.47719;1872.4772;7.0242586;-0.107489526;0.0;0.1192987;0.1192987;0.0;7.008046;867.78613;3735.9216;-789.3225;5466.803;-82.93667;-149.67667
1997-02-27;-9.710008;-12.329968;-10.8908615;743.0196;0.93476206;159.11656;100.0;0.4223839;230.638;1833.6996;1.104939;-0.040086918;0.0;0.11895597;0.11895597;0.0;1.1007227;1079.3356;4528.1177;-956.175;5127.177;-29.752222;-195.83
1997-02-28;-8.326519;-11.309556;-10.759312;747.94995;1.0914043;92.836395;100.0;0.42304504;237.0921;1786.499;0.042948127;-0.016816892;0.0;0.11861324;0.118628144;0.0;0.03835559;1280.265;5259.402;-1178.0114;4929.526;-11.044444;-179.21445
1997-03-01;-6.0905213;-9.459674;-10.339966;749.4494;1.0174084;142.7617;100.0;0.423084;243.5628;1739.3799;0.016602874;0.0075194985;0.0;0.11830032;0.11830032;0.0;0.009417534;1144.9617;4581.641;-832.975;5420.6616;6.538889;-129.50111
1997-03-02;-5.3727393;-11.318802;-9.203442;748.389;1.0351427;56.560078;100.0;0.42309454;250.06508;1694.0918;0.00256598;-0.026416034;0.0;0.11795759;0.11795759;0.0;0.0021457672;1281.6555;4991.37;-1207.3236;5066.202;-19.895555;-151.90388
1997-03-03;-4.410675;-8.137795;-8.413654;744.8986;0.5949562;81.89643;100.0;0.4251584;254.48143;1670.6543;9.02611;-0.0111227855;0.0;0.11762977;0.11762977;0.0;8.987847;807.39667;3085.5522;-274.70694;6290.1587;-8.283334;-96.10445
1997-03-04;-3.651849;-5.554685;-5.4249587;743.8918;0.6676438;129.07507;100.0;0.43551302;252.8841;1723.7142;3.1156988;-0.09200536;0.0;0.11731684;0.11730939;0.0;3.0722096;888.23724;3685.6448;-390.7964;6420.4546;-70.35555;-172.81223
1997-03-05;-4.9589844;-6.401436;-4.414894;741.4107;1.2148978;217.81554;100.0;0.43748417;259.75162;1685.0992;5.893749;-0.18411316;0.0;0.116974115;0.116974115;0.0;5.880043;1032.8325;4198.936;-573.98444;6241.7427;-142.81223;-299.27945
1997-03-06;-7.552283;-8.792683;-5.2165008;735.0979;1.4468688;203.37073;100.0;0.45595348;251.59503;1810.3027;21.318916;-0.17316267;0.0;0.11666119;0.11666119;0.0;21.303654;479.91953;2071.0642;-415.46;6173.649;-135.55333;-255.84473
1997-03-07;-12.141105;-16.089529;-8.41892;736.4152;1.1538926;151.48982;100.0;0.46551093;250.29002;1860.8805;2.6962638;-0.2482105;0.0;0.11634827;0.116340816;0.0;2.6771278;1232.3552;5283.6787;-1459.7397;4607.811;-193.37778;-424.06332
1997-03-08;-12.626919;-19.657858;-13.580762;744.25885;0.9179432;90.92463;100.0;0.46644023;254.4811;1834.3099;0.00042617318;-0.05286932;0.0;0.11602044;0.11602044;0.0;0.0;1479.6317;6185.4067;-1911.1302;3632.0667;-39.853333;-236.0411
1997-03-09;-10.572479;-20.05662;-15.879088;744.66327;0.909187;68.76721;100.0;0.4664162;258.52573;1805.4199;0.0;-0.02544932;0.0;0.11570752;0.11570752;0.0;0.0;1499.5725;6103.8564;-1618.9708;3914.6877;-19.137777;-167.01666
1997-03-10;-9.346764;-17.5627;-16.574572;748.4084;1.030145;59.008743;100.0;0.46641418;261.9567;1781.6569;0.0008554493;0.0018682331;0.0;0.11539459;0.11538714;0.0;0.0;1547.098;6133.1567;-1546.5039;4006.9038;2.2377777;-121.64889
1997-03-11;-7.7692895;-16.518522;-16.238214;751.38837;1.332346;33.608692;100.0;0.46642873;265.20053;1760.0504;0.00085532654;0.0020433217;0.0;0.11508167;0.11508167;0.0;0.0;1620.0133;6258.886;-1472.7428;4174.639;2.45;-75.994446
1997-03-12;-5.949988;-12.223477;-13.489249;748.04156;1.1217257;38.87483;100.0;0.46657464;268.57553;1738.4033;0.46435297;0.0037774444;0.0;0.11476874;0.11476874;0.0;0.46008453;1292.89;4879.4077;-626.44055;5527.6855;3.6444445;-104.69
1997-03-13;-5.4437866;-10.345543;-10.314201;744.8414;1.1713475;40.077953;100.0;0.4669893;272.55923;1715.1285;0.11262298;-0.0526011;0.0;0.11447072;0.11446327;0.0;0.10963902;1447.8761;5371.282;-1105.1333;5189.169;-40.535557;-173.04
1997-03-14;-6.1995697;-11.344681;-9.551418;743.6109;1.1628553;48.09978;100.0;0.4669758;277.2643;1685.8317;0.004547834;-0.06507151;0.0;0.114142895;0.114157796;0.0;0.004131347;1679.5792;6082.3257;-1464.8441;4798.832;-50.095554;-229.87555
1997-03-15;-6.2492166;-13.041046;-10.280964;741.19916;0.9755805;77.688194;100.0;0.46692002;281.66275;1658.9762;0.0034293344;-0.07871352;0.0;0.11384487;0.11385977;0.0;0.0;1771.5853;6262.7056;-1668.5875;4455.911;-60.86111;-198.77
1997-03-16;-6.4070334;-10.992026;-10.262829;739.9151;0.8608813;135.58873;100.0;0.46703526;285.49057;1637.085;0.42800903;-0.09522028;0.0;0.11354685;0.11354685;0.0;0.38888678;1466.7842;5075.289;-1171.7859;5042.723;-74.257774;-181.34
1997-03-17;-6.885366;-8.486741;-8.860913;738.9854;1.116888;182.29071;100.0;0.46815637;288.24673;1624.7152;3.6835399;-0.08859113;0.0;0.113263726;0.113248825;0.0;3.6761947;1433.1742;4927.037;-605.5475;5920.6416;-69.15667;-274.99554
1997-03-18;-6.6423545;-7.907519;-6.6444526;738.5518;1.1991811;204.18733;100.0;0.47905335;280.26627;1707.4789;15.05184;-0.09869225;0.0;0.1129657;0.11295825;0.0;15.018158;974.56915;3820.7183;-479.5225;6157.8535;-77.113335;-275.2211
1997-03-19;-9.19434;-10.89148;-6.803515;734.3475;1.3402585;190.94556;100.0;0.5188183;247.6826;2091.1458;40.6773;-0.17033704;0.0;0.11266768;0.11266023;0.0;40.644928;520.83813;2285.3994;-517.2169;5909.44;-133.82222;-260.77554
1997-03-20;-8.89211;-12.377454;-9.40714;743.38306;0.8771091;165.17961;100.0;0.53075016;246.53514;2155.5583;0.13554096;-0.050568953;0.0;0.11236966;0.112362206;0.0;0.1321882;1520.7875;6531.6865;-1676.1786;4386.083;-38.93;-311.91943
1997-03-21;-5.908787;-12.6409445;-10.916699;745.11597;0.90586525;88.77715;100.0;0.5307625;253.71645;2094.279;0.049304962;-0.0326382;0.0;0.11207163;0.112079084;0.0;0.04845485;1378.5627;5760.553;-1087.3955;5059.2944;-24.731112;-187.1014
1997-03-22;-4.883087;-8.391002;-8.779866;741.50806;0.9431448;177.26454;100.0;0.5333859;259.04492;2060.0178;7.2011414;-0.048929825;0.0;0.11177361;0.11178851;0.0;7.0904603;1148.3456;4683.3877;-417.64777;6139.224;-37.81222;-191.06667
1997-03-23;-5.8675094;-7.330911;-6.157663;738.86163;1.4124104;201.04744;100.0;0.5432446;260.54004;2085.6934;9.20664;-0.09572506;0.0;0.11149049;0.11149794;0.0;9.17241;1115.5878;4706.541;-646.7161;6021.062;-74.52055;-275.37555
1997-03-24;-5.9930177;-7.699379;-5.4714675;738.3006;1.1639706;193.88966;100.0;0.5533418;261.73438;2114.9495;10.106626;-0.17118081;0.0;0.111207366;0.111207366;0.0;10.09766;1070.9445;4552.173;-517.51;6204.0845;-134.02667;-342.88333
1997-03-25;-6.9762435;-9.333015;-5.459028;736.13727;1.071738;168.10439;100.0;0.5603999;265.66016;2110.555;6.3716445;-0.18719304;0.0;0.110924244;0.110924244;0.0;6.3353105;1444.5028;6102.154;-1114.34;5487.8525;-146.30888;-397.46222
1997-03-26;-9.592467;-11.531199;-7.0622253;739.262;1.2164732;192.02802;100.0;0.5682256;266.09375;2136.4338;5.6408644;-0.21927617;0.0;0.11064112;0.11064112;0.0;5.6331606;1231.17;5236.0366;-848.83136;5536.886;-171.855;-485.7689
1997-03-27;-7.9919167;-9.936008;-7.4463196;742.02325;1.2093799;190.9973;100.0;0.57272136;269.12173;2128.0518;9.779332;-0.19351113;0.0;0.110358;0.110358;0.0;9.772166;1087.3878;4543.596;-388.79388;6141.7817;-151.63667;-393.20557
1997-03-28;-6.3274345;-8.057387;-6.2008247;735.82965;0.6610153;165.50615;100.0;0.5984416;255.84863;2336.6292;27.469988;-0.073906966;0.0;0.11008978;0.11007488;0.0;27.439243;555.8578;2406.666;-353.38196;6260.5635;-57.833332;-172.65889
1997-03-29;-4.204745;-8.94188;-6.103466;738.1704;0.8442264;73.300896;100.0;0.6094812;258.75586;2358.5613;0.934422;-0.0783978;0.0;0.10980666;0.109799206;0.0;0.9306222;1469.1222;6318.3467;-1371.9911;5175.8823;-60.395557;-280.74667
1997-03-30;-2.3384514;-8.743072;-7.9624085;746.1421;1.0760461;85.69085;100.0;0.60957116;267.78775;2278.8086;0.0030040736;-0.011277385;0.0;0.109523535;0.109523535;0.0;0.0;1730.0494;7230.0034;-1770.3787;4502.0205;-7.638889;-194.30222
1997-03-31;-1.4613647;-10.346283;-8.465721;748.5529;1.0752091;107.87838;100.0;0.60956115;275.12305;2217.9363;0.0;-0.045599416;0.0;0.10924041;0.10924786;0.0;0.0;1760.1962;7159.878;-1573.4355;4772.6;-34.43111;-172.92111
1997-04-01;-0.13638306;-8.705688;-7.1780815;750.4217;0.9882806;155.18265;100.0;0.60958654;281.8903;2165.0798;0.214535;-0.055344775;0.0;0.10898709;0.10897219;0.0;0.1501292;1656.8223;6559.313;-1001.655;5656.8496;-42.031113;-178.01889
1997-04-02;0.2505188;-4.155182;-4.5779977;748.4599;0.9328931;100.94812;100.0;0.60973495;289.38736;2109.5784;0.016116392;-0.009385869;0.0;0.10868907;0.10869652;0.0;0.0010281801;1460.2655;5613.509;-942.3433;5872.8506;-6.306667;-182.69221
1997-04-03;-0.069163;-1.7193197;-2.1132915;744.9343;0.7837283;175.40692;100.0;0.6124485;297.91504;2058.1462;9.102988;-0.016687438;0.07380545;0.1822263;0.10842085;0.04394166;3.1375847;1313.7872;4816.5283;-460.9247;6657.6445;-12.174444;-210.15222
1997-04-04;-0.6766052;-2.8983562;-0.26349893;741.81006;0.76729876;179.42534;100.0;0.61783266;306.6836;2016.5609;5.9138684;-0.23108348;0.24302304;0.35117567;0.10815263;1.7965436;4.973512;1860.3656;6083.589;-947.4131;6300.0806;-180.33444;-349.68195
1997-04-05;-3.9465027;-5.2215066;-0.34907785;738.3615;1.4448253;217.09784;100.0;0.6304521;304.86133;2067.7083;11.31621;-0.5152626;0.01116097;0.11904538;0.10788441;0.08293614;11.077717;1498.6984;5472.2437;-820.63776;6234.9624;-404.52112;-647.1767
1997-04-06;-4.0062866;-5.0531006;-0.85625076;741.6689;1.1816143;203.01714;100.0;0.6453274;300.60678;2146.1182;15.3911705;-0.32375938;0.0;0.107616186;0.107616186;0.0;15.102144;1232.9089;4769.54;-792.76526;6208.352;-253.88889;-482.76166
1997-04-07;-4.874064;-6.0471063;-1.4719887;740.4021;1.1254305;195.55402;100.0;0.66997784;291.5039;2296.59;29.232069;-0.28350765;0.0;0.107347965;0.107355416;0.0;28.664455;466.85443;1883.0083;-426.24057;6461.1934;-222.21445;-283.6889
1997-04-08;-5.047526;-7.1923523;-2.8172047;741.3343;1.4557036;193.05379;100.0;0.6828287;292.53842;2334.2693;14.341481;-0.46608877;0.0;0.107079744;0.107087195;0.0;14.161542;1602.2544;6243.1367;-813.23834;6058.5557;-363.03665;-557.70667
1997-04-09;-7.331604;-8.999928;-3.902261;735.9514;1.7109965;201.99104;100.0;0.7124023;281.97037;2524.943;22.98507;-0.3432911;0.0;0.10681152;0.106826425;0.0;22.921585;1077.0017;4654.097;-739.29724;5925.257;-269.35556;-545.9178
1997-04-10;-10.047444;-12.052518;-6.495787;736.9351;0.96348953;191.96858;100.0;0.72502303;280.53418;2585.1238;8.52624;-0.2518734;0.0;0.106573105;0.1065582;0.0;8.504666;1184.7678;5089.9087;-933.50085;5450.207;-197.44;-521.7242
1997-04-11;-9.530098;-12.656028;-8.10487;742.5324;1.0815532;199.18175;100.0;0.7293528;284.1429;2568.8884;1.9902885;-0.18294528;0.0;0.106304884;0.106304884;0.0;1.9853041;1648.9761;6992.313;-1244.1389;5058.5347;-142.76555;-451.91
1997-04-12;-7.534603;-10.65842;-8.416134;747.457;0.98066735;176.79887;100.0;0.7302932;290.06216;2519.9788;0.15176035;-0.15077181;0.0;0.10603666;0.106051564;0.0;0.14964491;1746.3411;7245.8594;-1527.3806;4751.9966;-117.41778;-401.08554
1997-04-13;-3.7354763;-10.895892;-9.611878;750.41095;1.082684;78.04528;100.0;0.7302757;296.0371;2468.7908;0.0;-0.027066097;0.0;0.10578334;0.105790794;0.0;0.0;1975.2661;7980.2676;-1827.3661;4340.727;-19.746666;-222.33223
1997-04-14;-1.0407816;-5.441971;-7.3669257;749.3903;0.6770224;203.8372;100.0;0.73305327;300.61557;2439.738;6.0503364;0.02827309;0.0;0.10553002;0.105537474;0.0;3.8050041;1176.82;4695.0596;-376.65417;6335.59;23.137777;-145.34889
1997-04-15;0.34228516;-2.7669373;-3.023875;745.84235;1.3288807;225.08632;100.0;0.7381868;306.11783;2413.7776;2.5058687;-0.060865656;0.0;0.105291605;0.105284154;0.0;1.0211394;1641.8127;6570.99;-781.39056;6275.3887;-46.15111;-230.52
1997-04-16;-1.0134684;-3.836717;-1.1086401;746.6778;0.94366413;212.83705;100.0;0.7391401;315.6605;2344.5637;1.1765361;-0.21471642;0.07176399;0.17680228;0.105030835;0.6129369;0.420101;1940.8145;6772.5005;-1245.3472;5814.121;-167.23334;-372.22665
1997-04-17;-1.5068156;-3.3437958;-0.5761719;747.0893;1.1069807;157.62053;100.0;0.7420931;324.4069;2289.917;3.1852026;-0.20896085;0.15772879;0.26251376;0.104777515;1.1830218;1.501359;1933.7245;6064.6704;-1234.7406;5806.4546;-162.98889;-351.49445
1997-04-18;-1.0004171;-4.6085815;-0.41476312;746.5915;1.1101902;159.81818;100.0;0.74100256;334.47037;2217.8955;0.13259053;-0.3984738;0.21998584;0.3245324;0.104531646;1.7487388;0.08036941;2767.5688;7651.9277;-1609.5928;5495.0996;-311.4811;-427.89
1997-04-19;-1.7534384;-3.6491902;-0.24910863;747.1193;1.3002585;155.01768;100.0;0.73811626;342.86166;2154.663;0.5058706;-0.60053074;0.49787015;0.6021559;0.10428578;3.7496574;0.28612837;2620.271;6698.8413;-1320.6052;5841.193;-467.7028;-518.5195
1997-04-20;-0.4708252;-7.8887534;-0.31351218;749.0088;0.99000186;151.43875;100.0;0.7329491;350.72232;2091.919;0.0027418137;-0.6356034;0.75115263;0.85517764;0.10403246;5.606968;0.0027380884;3163.3823;7583.2017;-1814.9697;5280.29;-492.99222;-392.53555
1997-04-21;1.1367594;-7.0942993;-0.30272928;749.6833;1.0240786;106.908394;100.0;0.7249126;358.50943;2024.0885;0.007843971;-0.45077783;1.3379455;1.4417171;0.10377169;9.278297;0.0;3288.4705;7479.88;-1726.7661;5438.436;-347.08667;-285.96667
1997-04-22;2.7269695;-5.222697;-0.26156363;752.6624;1.1211063;92.24761;100.0;0.71215296;365.7809;1948.9746;0.00084638596;-0.19352697;2.7299376;2.8334708;0.10352582;14.907878;0.0;3618.0117;7914.9404;-1800.0845;5450.0596;-143.39111;-227.49306
1997-04-23;5.065908;-5.4518332;-0.23059718;753.8779;1.1354293;78.120834;100.0;0.69615287;372.5446;1870.931;0.0012814989;-0.19602291;3.4862309;3.5895257;0.10329485;16.615946;0.0;3664.551;7781.3257;-1671.5233;5641.5557;-144.85;-168.91222
1997-04-24;6.16333;-3.7897441;-0.16926575;754.01105;1.148289;59.593372;100.0;0.67797136;378.51334;1793.335;0.0;-0.16816519;5.5859385;5.6916027;0.105671585;18.67903;0.0;3338.0195;6927.995;-1318.6075;6073.7334;-123.78;-106.172226
1997-04-25;6.721466;-5.0717874;-0.1583163;752.7131;1.1393076;66.679924;100.0;0.65811676;383.86197;1716.5121;0.0025753044;-0.21837652;6.7966433;7.005066;0.20841509;20.495754;0.0;3637.9912;7419.9077;-1420.0922;5997.836;-162.42111;-122.632225
1997-04-26;6.4019876;-2.6496582;-0.13510895;751.0742;1.0784937;109.38668;100.0;0.6361665;388.9528;1637.6139;0.0035107136;-0.17343742;8.057535;8.53306;0.47554076;22.785652;0.0;3849.1816;7743.967;-1293.6226;6162.9976;-126.63556;-194.45222
1997-04-27;4.373403;0.48815918;-0.062006634;747.85223;0.652555;246.12883;100.0;0.6170162;393.2998;1570.516;16.46768;-0.034121796;10.233715;10.446593;0.21286309;16.902193;0.49753487;2469.8071;4912.052;-541.41364;6909.5044;-21.731112;-148.43666
1997-04-28;0.29889932;-1.2469584;-0.08273443;745.031;1.0575109;227.6299;100.0;0.60012954;395.7399;1517.7816;2.2405863;-0.39457902;6.4940157;7.319674;0.8256659;17.246529;0.003963709;3025.297;6120.528;-1130.3914;6165.7856;-304.84888;-411.3889
1997-04-29;-0.4285482;-3.349538;-0.20310211;746.60126;1.0458207;191.83052;100.0;0.58629787;399.99023;1466.919;0.08613169;-0.7081656;3.688246;3.800422;0.11219084;11.913858;0.012546778;3492.9944;6990.6235;-1390.2572;5856.4824;-549.8611;-438.30222
1997-04-30;-0.35769653;-4.2926025;-0.22076671;747.32806;1.1584233;158.58257;100.0;0.5742104;405.26694;1418.0502;0.07272065;-0.82499534;3.5695136;3.6835968;0.11409074;11.2257595;0.002630055;3510.1782;6960.8794;-1373.0359;5827.0312;-637.87665;-435.81778
1997-05-01;-0.9463399;-2.4449768;-0.1755689;747.6529;0.9483877;165.8557;100.0;0.56503594;410.56284;1377.1973;4.535237;-0.442693;3.641069;3.7617683;0.12071431;7.4299426;0.18118694;2323.5066;4586.575;-751.8728;6499.52;-336.50888;-284.97
1997-05-02;0.51033527;-3.3393147;-0.122291565;748.41876;1.2653677;163.01122;100.0;0.5533275;414.7119;1335.5713;0.076302886;-0.8966569;5.282268;5.9236584;0.6414056;14.065377;0.0007711351;3487.889;6881.431;-1332.0619;5936.1;-683.69446;-329.08444
1997-05-03;1.1750895;-0.9715678;-0.120962776;744.696;1.2408985;217.26756;100.0;0.54115564;419.08463;1292.2363;6.4070225;-0.38228557;5.8257284;6.4227877;0.5970448;12.297794;0.034563243;2387.3638;4676.108;-770.62805;6531.1743;-287.18668;-118.08222
1997-05-04;-0.38372803;-2.7047932;-0.06341934;741.66144;1.0698646;265.02176;100.0;0.52936226;421.6338;1256.3477;3.8037002;-0.80695003;6.62899;7.49144;0.8624494;13.870984;0.7973201;3352.6616;6714.4805;-1174.6973;6155.207;-615.80554;-403.13333
1997-05-05;0.5503642;-4.300659;-0.1361618;746.677;0.9766385;109.53308;100.0;0.514593;424.389;1213.623;0.20058751;-0.77672863;6.075397;6.7195597;0.64415485;15.550006;0.0010989606;3796.2417;7656.579;-1752.618;5490.2754;-586.79;-306.96555
1997-05-06;2.6608784;-4.4046326;-0.23478062;752.95026;1.0593482;121.82587;100.0;0.49823284;429.9707;1160.2377;0.0008493163;-0.50766397;6.6363215;7.000193;0.36387146;17.13659;0.0;4212.1665;8400.853;-1972.088;5266.4043;-370.18777;-175.82333
1997-05-07;4.2061768;-4.4324036;-0.20321019;753.7129;1.1629285;84.3913;100.0;0.4792048;436.20215;1100.057;0.0012218952;-0.45258832;8.724943;9.669214;0.9442717;19.990005;0.0;4193.5806;8291.506;-1849.664;5468.9775;-325.72833;-128.36778
1997-05-08;4.9396157;-4.407959;-0.17317836;754.13007;1.1512003;51.831593;100.0;0.45893967;442.27182;1039.4287;0.23274857;-0.4393263;9.1102495;10.278448;1.1681988;20.211666;0.0;3876.6733;7613.129;-1418.0958;5977.989;-316.67557;-106.37111
1997-05-09;5.5627036;-1.6681925;-0.12846883;754.2575;1.1614224;69.16465;100.0;0.43748376;447.35416;979.28876;1.7345846;-0.33599323;10.240912;11.403143;1.1622384;21.608486;0.0;3733.7817;7292.3257;-1340.5233;6084.701;-238.13;-88.95333
1997-05-10;4.625234;0.09604899;-0.11670812;753.3127;1.2211099;68.56125;100.0;0.41589782;449.73178;925.9033;5.2974076;-0.2411902;12.912258;14.9903;2.0780265;21.424297;0.0;3476.641;6762.55;-1179.1816;6246.729;-167.09889;-96.08
1997-05-11;5.414042;-2.1473591;-0.13467789;754.8569;1.6937013;30.311775;100.0;0.3928152;450.0;874.2676;0.0008523463;-0.50635076;10.420457;12.062311;1.6418397;24.397697;0.0;4138.4756;8024.91;-1476.0592;5932.898;-367.21555;-97.86444
1997-05-12;8.552663;-3.2642822;-0.16439565;755.5623;1.1189815;56.666897;100.0;0.36819056;450.0;819.2546;0.0032793686;-0.4031351;10.880381;11.842474;0.9620786;24.850052;0.0;4228.1763;8178.0654;-1514.0569;5918.676;-285.77667;-59.61889
1997-05-13;8.883016;-3.2206218;-0.16017024;754.88104;1.1915342;141.16644;100.0;0.3429301;450.0;763.1429;0.0034868717;-0.42311382;11.666104;13.84224;2.1761284;25.24046;0.0;4172.3735;8053.4653;-1433.2861;6013.4326;-301.88556;-39.052223
1997-05-14;7.5623374;0.6534627;-0.14713669;753.341;1.199201;95.19311;100.0;0.31893864;450.0;709.8796;4.4190884;-0.25701708;12.795642;15.175939;2.3802817;22.494953;0.0;3488.1833;6722.906;-1127.8972;6305.243;-179.07666;-47.79111
1997-05-15;7.614858;2.4609883;-0.13614528;754.0921;1.1794523;89.86847;100.0;0.29500306;450.0;656.53485;3.3356283;-0.2244357;13.129607;17.032593;3.9029791;25.157354;0.0;3666.7256;7058.62;-1019.60614;6464.0933;-151.51889;-74.17111
1997-05-16;8.784637;1.9146729;-0.08778127;753.51886;1.1174845;104.58149;100.0;0.26945487;450.0;599.73145;2.4578333;-0.2673846;12.454212;15.6161785;3.1619668;25.670383;0.0;3626.99;6975.013;-868.7264;6672.437;-185.16888;-55.461113
1997-05-17;6.71462;3.3110046;-0.057477314;750.43134;0.8830152;96.61056;100.0;0.24614052;450.0;547.6888;5.896239;-0.074934214;11.514686;14.850706;3.3360124;20.712181;0.0;2430.101;4669.8154;-511.88834;6956.88;-45.72;-46.33
1997-05-18;5.268331;3.4328816;-0.07500839;748.7601;0.97149867;110.35708;100.0;0.22526415;450.0;501.34277;8.227274;-0.08988008;14.460489;20.51188;6.0513988;21.43652;0.0;2753.6162;5287.1377;-535.9836;6953.622;-55.18667;-97.361115
1997-05-19;5.5475564;3.9470623;-0.08893967;748.51935;1.0716293;145.9266;100.0;0.20279233;450.0;451.70084;3.2245457;-0.062871724;10.489106;16.669512;6.180398;23.455177;0.0;2794.1267;5362.2466;-655.4025;6836.9946;-33.896667;-98.63111
1997-05-20;5.8280945;2.301839;-0.17982101;749.5611;1.2784437;81.714516;100.0;0.17839889;450.0;397.74576;4.474828;-0.23966935;13.973594;22.369877;8.396283;25.495403;0.0;3557.784;6827.3936;-901.38025;6591.7256;-164.06555;-126.17889
1997-05-21;6.6111145;2.0474243;-0.16075389;747.9881;1.3847734;83.49253;100.0;0.15462773;450.0;344.6045;4.5794935;-0.24341978;11.533678;20.688354;9.154662;23.24139;0.0;3209.6833;6157.249;-740.63086;6753.4033;-169.09889;-58.99
1997-05-22;5.5742188;3.4064434;-0.06639862;748.33295;0.9403515;124.281;99.93539;0.13222031;450.0;295.04395;10.865646;-0.10624807;17.084703;29.77705;12.692325;23.138445;0.0;2791.9966;5352.492;-570.2825;6938.747;-67.58;-111.888885
1997-05-23;5.4963784;3.3758647;-0.16925049;750.91846;1.0056003;131.59604;98.2063;0.10870528;450.0;242.87923;6.992656;-0.16659126;13.141259;27.881369;14.740109;24.15602;0.0;3026.5962;5752.3213;-663.3394;6845.5776;-109.03111;-129.78111
1997-05-24;6.354309;3.1968384;-0.32969156;750.6783;0.96746206;139.79326;96.10555;0.08557669;450.0;191.32487;3.5224109;-0.22629929;11.622683;25.973722;14.35104;22.58733;0.0;3201.0432;6015.298;-831.44775;6649.9243;-151.27222;-119.708885
1997-05-25;7.381144;0.5435588;-0.29991022;751.76154;1.280953;143.15465;94.29053;0.06133632;450.0;137.3698;1.0175232;-0.52409244;11.755332;25.286928;13.531581;25.697165;0.0;3819.995;7125.8623;-902.26666;6695.771;-369.51;-116.62666
1997-05-26;8.789195;-1.4725851;-0.8987808;751.1706;1.5125421;161.38966;77.10311;0.03680857;450.0;82.80436;0.46297908;-0.9291554;10.152966;23.551523;13.398588;23.101244;0.0;4318.4927;7618.3057;-1400.5544;6149.6167;-667.9561;-112.34889
1997-05-27;10.231374;-0.37952676;-1.2622744;751.2581;1.2663926;223.1286;42.439697;0.018465757;450.0;41.463215;0.0;-1.9469774;5.3316803;17.908335;12.576654;15.097841;0.0;5716.324;8496.434;-1923.7003;5950.2246;-1359.2866;-356.69
1997-05-28;10.243561;1.0688578;-0.6870804;752.2658;1.2311298;129.20018;19.623617;0.008563717;450.0;19.16504;2.182603;-1.8413141;2.6868582;14.543682;11.856839;6.3942595;0.0;4685.144;6320.001;-1513.5555;6527.17;-1280.1389;-421.78333
1997-05-29;12.2257185;-1.4978739;-0.48683167;753.15283;1.3367459;137.9816;8.761149;0.003781994;450.0;8.748372;0.088357925;-3.3657067;1.1677593;12.049616;10.881842;3.8417802;0.0;6134.6016;7903.601;-2071.9126;6308.4307;-2339.1821;-589.6889
1997-05-30;11.862966;-1.8088583;-0.41787848;751.4244;1.164598;102.00244;3.3280437;0.0014365515;450.0;3.4993489;0.2005279;-3.3234413;0.423342;10.266095;9.842769;1.4612451;0.0;5913.8813;7454.2954;-2066.3933;6402.539;-2309.01;-582.2133
1997-05-31;11.267894;0.7909851;-0.011725108;749.69806;1.2926917;104.077065;1.2283529;0.00052984554;450.0;1.3427734;2.2865682;-3.0978248;0.591293;9.458124;8.866832;0.5439036;0.0;5507.719;6878.2344;-1983.4467;6556.142;-2152.0823;-780.92444
1997-06-01;10.493205;-0.30451456;-0.22446823;750.3991;1.3678275;159.07056;0.46321616;0.00019951661;450.0;0.40690103;0.0039875507;-3.7731583;0.048734248;8.052081;8.003354;0.21297485;0.0;6461.122;8036.301;-2362.6777;6119.198;-2621.1934;-991.25775
1997-06-02;9.2291565;-0.07389323;-0.43409982;749.81537;1.3026003;170.65405;0.1673177;7.1922936e-05;450.0;-7.345365e-21;0.0008553266;-3.7727263;0.01629442;7.271238;7.2549434;0.07793307;0.0;6896.318;8559.144;-2617.897;5811.9854;-2620.8267;-1206.3467
1997-06-03;9.243846;0.28767905;-0.25569788;749.9158;1.2052385;101.89304;0.059488934;2.5550524e-05;450.0;-7.345365e-21;0.0015601516;-3.7134504;0.005632639;6.617978;6.6123457;0.028088689;0.0;6628.4326;8214.594;-2353.1453;6147.8994;-2579.6155;-1171.6522
1997-06-04;10.046437;-0.12597656;-0.08706665;750.69257;1.2361879;148.8632;0.020507812;8.622806e-06;450.0;-7.345365e-21;0.026934657;-3.821347;0.0052154064;6.0656366;6.060399;0.009845942;0.0;6626.6416;8202.483;-2441.6423;6112.121;-2654.5657;-1099.6711
1997-06-05;9.400136;-0.094573975;-0.18902333;750.6401;1.3449632;105.51547;0.006917318;2.9404957e-06;440.98373;-7.345365e-21;1.1619061;-3.5877395;0.13973564;5.724221;5.5844707;0.0033043325;0.0;6290.6846;7778.121;-2119.7925;6441.156;-2492.2856;-1154.831
1997-06-06;9.290039;0.85646564;-0.10639445;748.9236;1.3693236;108.09244;0.0026041667;1.1920929e-06;428.875;-7.345365e-21;2.359867;-3.5223906;0.31283498;5.486101;5.1732736;0.00109151;0.0;5801.136;7165.1133;-1975.2089;6575.9287;-2446.8877;-1098.7278
1997-06-07;11.040242;-0.29083252;-0.1463267;751.6203;1.1446573;136.94115;0.0006510417;2.78155e-07;428.21744;-7.345365e-21;0.00042617318;-3.8851948;0.00011920929;4.81236;4.812248;0.00040233135;0.0;6653.6357;8209.457;-2497.6829;6121.5547;-2698.9155;-1034.0723
1997-06-08;11.597096;0.6488342;-0.030141195;753.07623;1.3053144;182.15863;0.0;-7.3453654e-25;428.09375;-7.345365e-21;2.4401503;-3.6668348;0.325948;4.819125;4.4931917;0.00013411045;0.0;6330.777;7802.9;-2272.291;6439.008;-2547.2278;-1060.9567
1997-06-09;10.61441;3.632182;-0.8343468;751.9207;1.1126323;191.10597;0.0;-7.3453654e-25;242.36035;-7.345365e-21;6.6255717;-3.0232732;0.91838837;5.130336;4.2119546;3.7252903e-05;0.0;5709.1646;7029.297;-2025.4227;6646.148;-2100.1667;-1168.2944
1997-06-10;14.295634;0.8698425;-0.714592;750.63934;1.3849578;119.59607;0.0;-7.3453654e-25;116.009094;-7.345365e-21;0.76981485;-3.9650397;0.08560717;4.0472;3.961593;1.4901161e-05;0.0;6289.157;7735.4287;-2206.8267;6644.0454;-2754.381;-840.5944
1997-06-11;14.324738;0.64782715;-0.06885401;749.92426;1.2975702;151.25989;0.0;-7.3453654e-25;100.120094;-7.345365e-21;2.5931718;-3.59903;0.31366944;4.0496736;3.7360117;0.0;0.0;5768.0864;7087.18;-2102.6377;6747.891;-2500.1267;-763.26886
1997-06-12;11.453705;0.908844;0.01014328;749.353;1.4125428;203.06706;0.0;-7.3453654e-25;99.99998;-7.345365e-21;0.0012904402;-3.973119;0.00011920929;3.5327077;3.5325885;0.0;0.0;6870.811;8433.143;-2518.9697;6189.7134;-2759.9934;-1327.6344
1997-06-13;10.498067;1.1855265;0.00997289;750.3496;1.1774349;161.1535;0.0;-7.3453654e-25;99.99998;-7.345365e-21;0.34462777;-3.443256;0.03270805;3.3804774;3.3477693;0.0;0.0;6566.0894;8050.709;-2454.936;6204.21;-2391.9155;-1456.7145
1997-06-14;11.273061;0.21307373;0.010177612;751.38934;1.208755;186.84424;0.0;-7.3453654e-25;99.99998;-7.345365e-21;0.0076144934;-3.636902;0.0007003546;3.180176;3.1794906;0.0;0.0;6721.956;8233.242;-2523.4375;6212.318;-2526.4355;-1298.5278
1997-06-15;12.367015;1.0082906;0.0099652605;750.9541;1.2806133;139.60297;0.0;-7.3453654e-25;99.99998;-7.345365e-21;0.701651;-3.4943242;0.06096065;3.086269;3.025286;0.0;0.0;6415.9077;7850.208;-2277.7444;6627.797;-2427.391;-1196.5433
1997-06-16;12.434204;0.95684814;0.009993236;749.28613;1.3783234;125.23826;0.0;-7.3453654e-25;99.99998;-7.345365e-21;2.6825995;-3.5537853;0.2721101;3.156796;2.8846934;0.0;0.0;6090.787;7451.4443;-2231.4421;6625.45;-2468.696;-1164.5989
1997-06-17;12.13029;0.81741333;0.0099652605;749.7111;1.3623284;120.43542;0.0;-7.3453654e-25;99.99998;-7.345365e-21;0.38511455;-3.3948748;0.032439828;2.7874112;2.7549565;0.0;0.0;6282.019;7684.279;-2282.4492;6619.7734;-2358.3066;-1218.8289
1997-06-18;11.11321;5.0915017;0.00983429;750.6116;1.2040354;76.38217;0.0;-7.3453654e-25;100.00519;-7.345365e-21;1.3493004;-2.830795;0.108227134;2.7437806;2.6355386;0.0;0.0;5522.384;6754.222;-1929.2589;7014.468;-1966.4589;-1269.5155
1997-06-19;11.535289;5.5944924;0.010128021;750.2466;0.96930546;94.677;0.0;-7.3453654e-25;100.00519;-7.345365e-21;3.2565057;-2.976101;0.3286004;2.853781;2.5251956;0.0;0.0;5637.136;6893.7446;-1995.3173;7005.6406;-2067.399;-1222.9211
1997-06-20;14.266795;3.4804382;0.010025024;749.7452;1.033841;83.14446;0.0;-7.3453654e-25;99.99998;-7.345365e-21;0.04336238;-3.5108728;0.0035017729;2.4255662;2.4220645;0.0;0.0;6120.529;7483.927;-2146.5034;7002.762;-2438.8867;-1016.8678
1997-06-21;15.345744;2.3624065;0.010031383;750.404;1.3181773;97.141685;0.0;-7.3453654e-25;99.99998;-7.345365e-21;0.0017204739;-3.642397;0.00013411045;2.325192;2.3250654;0.0;0.0;6396.273;7820.0312;-2396.822;6878.305;-2530.2517;-1009.23444
1997-06-22;15.179057;1.5511881;0.009822845;749.02655;1.3976053;119.187065;0.0;-7.3453654e-25;99.99998;-7.345365e-21;0.03926456;-3.3168607;0.002734363;2.2370517;2.2343025;0.0;0.0;6401.9116;7825.9043;-2481.2703;6779.347;-2304.1128;-1211.0889
1997-06-23;15.074504;0.5361023;0.009793599;746.9191;1.475223;125.147;0.0;-7.3453654e-25;99.99998;-7.345365e-21;0.032567978;-2.9481742;0.0020712614;2.151534;2.1494627;0.0;0.0;6084.4194;7436.8657;-2496.5142;6722.628;-2047.9978;-1178.59
1997-06-24;14.760274;1.1318258;0.009890239;744.8244;1.5197144;117.03187;0.0;-7.3453654e-25;99.99998;-7.345365e-21;0.02796698;-2.7317946;0.0018775463;2.0718277;2.0699427;0.0;0.0;6302.7607;7702.5713;-2626.666;6601.0317;-1897.6866;-1420.9377
1997-06-25;14.611531;-1.7973734;0.00993983;746.2158;1.4485569;134.85262;0.0;-7.3453654e-25;99.99998;-7.345365e-21;0.0035703182;-2.5313125;0.00025331974;1.9953251;1.9950867;0.0;0.0;6110.5454;7466.8364;-2481.2212;6768.0337;-1758.419;-1456.0934
1997-06-26;15.355571;-2.3127747;0.009896596;747.7764;1.4340433;118.48905;0.0;-7.3453654e-25;99.99998;-7.345365e-21;0.03605485;-2.482552;0.0024437904;1.9269586;1.924485;0.0;0.0;6459.1143;7891.8677;-2682.7905;6706.467;-1724.5455;-1613.3245
1997-06-27;15.493611;-2.8463032;0.009947459;749.4614;1.3571926;121.55685;0.0;-7.3453654e-25;99.99998;-7.345365e-21;0.0;-2.4063241;0.0;1.8575788;1.8575714;0.0;0.0;6768.4844;8268.715;-2921.994;6563.7524;-1671.5934;-1691.8378
1997-06-28;15.445119;3.3868103;0.010026296;748.71967;1.3096685;49.340954;0.0;-7.3453654e-25;99.99998;-7.345365e-21;1.3276337;-2.012739;0.10919571;1.9038469;1.7946512;0.0;0.0;5921.261;7232.8345;-2619.7295;6890.98;-1398.1823;-1457.7744
1997-06-29;15.456279;6.1275535;0.00999705;746.3234;1.3612801;74.01723;0.0;-7.3453654e-25;99.99998;-7.345365e-21;1.4000072;-2.262476;0.10660291;1.8420517;1.7354712;0.0;0.0;6206.234;7579.9067;-2589.004;6962.4033;-1571.6666;-1635.0645
1997-06-30;15.461202;2.2346394;0.00959142;745.9414;1.3402519;118.45443;0.0;-7.3453654e-25;99.99998;-7.345365e-21;0.034213066;-2.4061408;0.0021457672;1.681447;1.6792939;0.0;0.0;6338.11;7739.9033;-2646.5322;6837.8765;-1671.4656;-1681.9133
1997-07-01;14.547821;0.4530538;0.0100695295;746.72284;1.3714556;128.30954;0.0;-7.3453654e-25;99.99998;-7.345365e-21;0.07009506;-2.1408443;0.0045597553;1.6303062;1.6257316;0.0;0.0;6589.205;8045.521;-2784.0671;6681.79;-1487.1733;-1966.9722
1997-07-02;13.935475;4.189209;0.009989421;747.45013;1.0223092;62.802654;0.0;-7.3453654e-25;99.99998;-7.345365e-21;0.55891716;-1.7319881;0.033959746;1.6091913;1.5752242;0.0;0.0;5623.2334;6865.0024;-2402.3567;7078.0137;-1203.1555;-1630.5211
1997-07-03;15.569183;4.2996216;0.010088603;748.15875;1.3225552;51.655445;0.0;-7.3453654e-25;100.00259;-7.345365e-21;0.15822053;-1.9247178;0.009730458;1.5370548;1.5273243;0.0;0.0;6224.1475;7597.851;-2570.436;7094.7046;-1337.0377;-1817.1122
1997-07-04;14.301585;8.015045;0.009988149;748.5866;1.3999332;53.481064;0.0;-7.3453654e-25;100.00519;-7.345365e-21;8.484542;-1.631599;0.6956458;2.177447;1.4817939;0.0;0.0;5374.2705;6559.6978;-2187.5288;7312.3066;-1133.4166;-1747.711
1997-07-05;13.03774;7.6705422;0.0102005005;747.5003;1.3772427;67.954956;0.0;-7.3453654e-25;99.99998;-7.345365e-21;3.3725233;-2.7591698;0.25819987;1.6976297;1.4394298;0.0;0.0;4967.635;6062.45;-1742.3356;7461.609;-1916.7034;-1263.88
1997-07-06;12.172333;7.892283;0.010298411;747.4868;1.2342104;79.691826;0.0;-7.3453654e-25;100.00519;-7.345365e-21;7.116604;-2.7052016;0.58573484;1.9851029;1.3993607;0.0;0.0;4800.1567;5857.074;-1493.33;7659.6074;-1879.2134;-1309.1578
1997-07-07;13.708516;6.3036094;0.009531657;749.43085;1.1466651;92.72784;0.0;-7.3453654e-25;99.99998;-7.345365e-21;0.22082329;-3.1995754;0.014960766;1.376003;1.3610647;0.0;0.0;5349.073;6526.1187;-1800.0033;7362.4824;-2222.639;-1086.6533
1997-07-08;15.826335;5.2272034;0.010077159;750.4777;1.1162375;88.92545;0.0;-7.3453654e-25;99.99998;-7.345365e-21;0.00086426723;-3.6210065;5.9604645e-05;1.3237894;1.3237298;0.0;0.0;6481.344;7906.6533;-2433.3289;6975.3613;-2515.3923;-1143.9445
1997-07-09;17.885803;3.4711506;0.010051727;749.9488;1.1735929;118.18051;0.0;-7.3453654e-25;99.99998;-7.345365e-21;0.0;-3.6351345;0.0;1.2875199;1.2874901;0.0;0.0;6938.892;8463.799;-2770.7883;6792.6636;-2525.2078;-1220.0
1997-07-10;17.942984;-1.6384786;0.010220845;748.1695;1.359439;131.79958;0.0;-7.3453654e-25;99.99998;-7.345365e-21;0.0;-3.2634661;0.0;1.252681;1.252681;0.0;0.0;7070.2266;8622.866;-3123.0044;6409.437;-2267.0222;-1416.6344
1997-07-11;16.714773;-1.4365743;0.010047913;746.7522;1.3362898;129.59364;0.0;-7.3453654e-25;99.99998;-7.345365e-21;0.0;-2.8046024;0.0;1.2193024;1.2193024;0.0;0.0;7117.8564;8679.866;-3188.1372;6357.723;-1948.2644;-1528.4756
1997-07-12;17.018808;5.154907;0.010084788;747.7059;1.1875191;83.747505;0.0;-7.3453654e-25;99.99998;-7.345365e-21;0.00042844674;-2.258541;2.9802322e-05;1.18725;1.1872202;0.0;0.0;6661.658;8122.3843;-2763.5288;7046.5566;-1568.9333;-1803.0834
1997-07-13;17.160583;1.4963379;0.010089874;747.29517;1.3909601;125.06919;0.0;-7.3453654e-25;100.00259;-7.345365e-21;0.0008583069;-1.9244813;5.2154064e-05;1.1564046;1.1563525;0.0;0.0;6852.3823;8353.854;-3062.6387;6730.1343;-1336.8733;-2116.9978
1997-07-14;16.20758;-1.5139059;0.009911855;748.9133;1.4192643;184.55083;0.0;-7.3453654e-25;99.99998;-7.345365e-21;0.00042617318;-1.6360805;2.9802322e-05;1.1267662;1.1267438;0.0;0.0;6998.3887;8530.865;-3261.905;6414.7134;-1136.5311;-2283.8223
1997-07-15;15.216553;-0.52715045;0.0099487305;747.51044;1.3904175;175.55463;0.0;-7.3453654e-25;99.99998;-7.345365e-21;0.00086426723;-1.4407495;4.4703484e-05;1.0983944;1.0983422;0.0;0.0;6902.289;8412.637;-3200.695;6417.398;-1000.8411;-2373.69
1997-07-16;15.196838;-2.637441;0.010111491;745.90985;1.3554298;165.55298;0.0;-7.3453654e-25;99.99998;-7.345365e-21;0.0004351138;-1.3959082;2.9802322e-05;1.0710657;1.0710508;0.0;0.0;6982.9263;8509.009;-3345.7112;6275.509;-969.6911;-2397.8545
1997-07-17;14.8810625;-3.6425374;0.009829204;747.39667;1.3358588;159.82376;0.0;-7.3453654e-25;99.99998;-7.345365e-21;0.00042617318;-1.3172003;2.9802322e-05;1.0447949;1.04478;0.0;0.0;7058.526;8599.226;-3441.946;6109.155;-915.01447;-2411.0012
1997-07-18;14.877899;-1.3960165;0.009852092;750.3631;1.3573495;108.13822;0.0;-7.3453654e-25;99.99998;-7.345365e-21;0.0004351138;-1.3068076;2.9802322e-05;1.0194927;1.019463;0.0;0.0;7008.3975;8536.211;-3294.3845;6378.365;-907.79553;-2362.64
1997-07-19;16.595734;4.1531067;0.010377248;752.17944;1.4466529;46.551556;0.0;-7.3453654e-25;99.99998;-7.345365e-21;0.00043511385;-1.2895353;2.9802322e-05;0.99503994;0.99501014;0.0;0.0;6845.973;8336.514;-3163.4106;6745.4277;-895.7978;-2284.8044
1997-07-20;18.188131;5.173065;0.009807587;750.9744;1.3214442;51.986164;0.0;-7.3453654e-25;100.0104;-7.345365e-21;0.00044107434;-1.3229969;2.9802322e-05;0.9714067;0.97136945;0.0;0.0;6761.859;8232.272;-3132.9978;6988.5913;-919.04224;-2136.3057
1997-07-21;18.969553;3.9362895;0.009892781;750.5496;1.2288929;79.28315;0.0;-7.3453654e-25;100.00519;-7.345365e-21;0.0020742416;-1.3109678;8.940697e-05;0.9486228;0.94852597;0.0;0.0;6611.747;8047.738;-3079.344;7146.59;-910.68555;-2101.2122
1997-07-22;19.07251;2.0888875;0.009660085;749.8894;1.393685;124.54843;0.0;-7.3453654e-25;99.99998;-7.345365e-21;0.000500679;-1.2004114;2.9802322e-05;0.9265691;0.9265393;0.0;0.0;6420.8306;7813.547;-3086.5261;7009.7534;-833.88666;-2190.879
1997-07-23;17.570984;-3.375295;0.009970347;748.6973;1.4494802;164.24466;0.0;-7.3453654e-25;99.99998;-7.345365e-21;0.0;-1.1890345;0.0;0.90539455;0.9053871;0.0;0.0;6937.862;8440.889;-3405.3806;6505.5674;-825.98334;-2441.9856
1997-07-24;16.67272;-4.1474915;0.009581248;748.6142;1.3293527;153.26674;0.0;-7.3453654e-25;99.99998;-7.345365e-21;0.0;-1.1342522;0.0;0.88496506;0.88497996;0.0;0.0;6929.9927;8429.4375;-3419.2366;6393.1177;-787.9278;-2475.2366
1997-07-25;15.764211;-3.2580872;0.00968043;749.93414;1.458115;165.08443;0.0;-7.3453654e-25;99.99998;-7.345365e-21;0.0042883055;-1.0555294;0.00022351742;0.86553395;0.86531043;0.0;0.0;6852.476;8333.298;-3276.7917;6429.902;-733.2411;-2602.179
1997-07-26;16.19577;-2.881134;0.009958903;751.3768;1.1643792;178.02367;0.0;-7.3453654e-25;99.99998;-7.345365e-21;0.0017166131;-1.092432;8.940697e-05;0.84637105;0.8462891;0.0;0.0;6859.7554;8340.279;-3363.5083;6455.2656;-758.87665;-2414.5977
1997-07-27;17.969513;-2.8992107;0.010400136;750.94965;1.1773006;101.24911;0.0;-7.3453654e-25;99.99998;-7.345365e-21;0.0;-1.1540046;0.0;0.8278191;0.8278191;0.0;0.0;6901.4526;8389.099;-3519.285;6505.6597;-801.64886;-2113.301
1997-07-28;19.433472;-1.3147278;0.009971619;750.9533;1.2785505;110.29608;0.0;-7.3453654e-25;99.99998;-7.345365e-21;0.0;-1.1496414;0.0;0.8099079;0.8099377;0.0;0.0;6894.0166;8378.18;-3594.5962;6558.303;-798.6178;-2075.2134
1997-07-29;19.09253;-1.9745585;0.009989421;750.06744;1.2603583;107.24912;0.0;-7.3453654e-25;99.99998;-7.345365e-21;0.0017106531;-1.0983907;8.940697e-05;0.7927418;0.79266727;0.0;0.0;6956.1294;8451.799;-3667.1472;6436.649;-763.01556;-2122.02
1997-07-30;19.174143;0.8887634;0.0100746155;748.7172;1.2429672;102.49717;0.0;-7.3453654e-25;99.99998;-7.345365e-21;0.002148763;-1.1009071;0.00011920929;0.7759929;0.77588856;0.0;0.0;6709.8794;8150.7188;-3317.196;6910.872;-764.7633;-2153.8354
1997-07-31;19.271433;6.8661094;0.010270436;749.086;1.2542645;92.82726;0.0;-7.3453654e-25;99.99998;-7.345365e-21;0.00010430813;-0.995459;0.0;0.7596314;0.7596314;0.0;0.0;6185.6094;7512.176;-2838.492;7449.7;-691.5122;-2199.2322
1997-08-01;19.231619;3.5463257;0.009847005;749.5369;1.3156902;156.5206;0.0;-7.3453654e-25;99.99998;-7.345365e-21;0.0004351138;-1.0247957;2.9802322e-05;0.74389577;0.7438734;0.0;0.0;6523.937;7921.3564;-3198.9302;7054.93;-711.8922;-2299.6646
1997-08-02;18.460144;1.1740519;0.010060628;750.1843;1.2298205;175.74083;0.0;-7.3453654e-25;99.99998;-7.345365e-21;0.0;-0.9999275;0.0;0.728637;0.728637;0.0;0.0;6779.1187;8229.381;-3493.21;6630.053;-694.61664;-2305.351
1997-08-03;18.954355;1.9745077;0.01003011;750.10126;1.2037042;141.42867;0.0;-7.3453654e-25;99.99998;-7.345365e-21;0.0;-1.013509;0.0;0.7138401;0.7138401;0.0;0.0;6669.7134;8094.7607;-3277.0989;6968.1865;-704.0511;-2234.4255
1997-08-04;19.265299;2.993388;0.00985082;748.71893;1.2228777;176.25954;0.0;-7.3453654e-25;99.99998;-7.345365e-21;0.0;-0.9893263;0.0;0.6994903;0.6994903;0.0;0.0;6636.2944;8052.346;-3225.3018;7075.5063;-687.2522;-2332.68
1997-08-05;18.641886;3.892812;0.010214488;747.6783;1.2750242;159.26717;0.0;-7.3453654e-25;99.99998;-7.345365e-21;0.00042617318;-0.9313105;2.9802322e-05;0.6856024;0.6855875;0.0;0.0;6584.0244;7987.19;-3256.0566;6925.777;-646.95;-2412.6445
1997-08-06;17.115509;2.812154;0.009766896;748.30365;1.2866863;117.715294;0.0;-7.3453654e-25;99.99998;-7.345365e-21;0.0012814999;-0.8916007;4.4703484e-05;0.6721765;0.6721318;0.0;0.0;6508.733;7893.9507;-3208.7866;6821.787;-619.36554;-2485.11
1997-08-07;16.949106;4.076304;0.009881337;749.7939;1.203609;86.64361;0.0;-7.3453654e-25;99.99998;-7.345365e-21;0.0067398977;-0.8430723;0.00029802322;0.659436;0.65912306;0.0;0.0;6074.954;7366.138;-2830.1567;7212.0874;-585.6544;-2331.0854
1997-08-08;18.142141;5.143748;0.010134379;750.92584;1.3658425;99.67758;0.0;-7.3453654e-25;99.99998;-7.345365e-21;0.004827976;-0.85823053;0.00017881393;0.6466806;0.6465018;0.0;0.0;6193.247;7508.1084;-2968.561;7151.241;-596.18335;-2320.5266
1997-08-09;17.920898;2.5897014;0.0101916;751.7553;1.3902909;146.4374;0.0;-7.3453654e-25;99.99998;-7.345365e-21;0.0;-0.86287594;0.0;0.6341934;0.6342083;0.0;0.0;6498.1323;7875.9775;-3237.5447;6818.672;-599.41113;-2443.7612
1997-08-10;17.576904;0.23269653;0.010158539;753.2613;1.3696932;173.72508;0.0;-7.3453654e-25;99.99998;-7.345365e-21;0.0;-0.8460414;0.0;0.6222874;0.62229484;0.0;0.0;6555.7974;7944.099;-3350.748;6626.737;-587.7167;-2392.6855
1997-08-11;17.409597;-1.967275;0.010056813;753.94556;1.2225578;231.74599;0.0;-7.3453654e-25;99.99998;-7.345365e-21;0.0;-0.83720684;0.0;0.610739;0.610739;0.0;0.0;6603.9316;8000.7134;-3479.4802;6433.42;-581.58;-2337.02
1997-08-12;16.44456;0.17870076;0.010077159;751.73486;1.4239818;148.36452;0.0;-7.3453654e-25;99.99998;-7.345365e-21;0.0025837016;-0.77897125;0.00011920929;0.59966743;0.59954077;0.0;0.0;6516.468;7892.9966;-3277.07;6545.5054;-541.12555;-2503.6345
1997-08-13;17.27597;1.2174276;0.009848277;749.74225;1.1761259;153.17833;0.0;-7.3453654e-25;99.99998;-7.345365e-21;0.0;-0.8076141;0.0;0.5886555;0.5886629;0.0;0.0;6563.1294;7947.7344;-3510.594;6396.1074;-561.0222;-2251.6943
1997-08-14;15.551433;1.3706461;0.0099105835;748.47076;1.4721886;188.70161;0.0;-7.3453654e-25;99.99998;-7.345365e-21;0.00044107434;-0.7394506;2.9802322e-05;0.57813525;0.57812035;0.0;0.0;6558.322;7940.166;-3416.8938;6296.217;-513.67224;-2489.77
1997-08-15;16.33551;1.3990479;0.010068257;751.6535;1.1438036;102.92605;0.0;-7.3453654e-25;99.99998;-7.345365e-21;0.00084855524;-0.79048705;4.4703484e-05;0.56788325;0.56783855;0.0;0.0;6508.352;7877.9;-3396.3672;6470.352;-549.12555;-2248.94
1997-08-16;17.579956;-0.35561118;0.00984319;752.80884;1.1680332;119.05056;0.0;-7.3453654e-25;99.99998;-7.345365e-21;0.0012934206;-0.8001998;5.9604645e-05;0.5578697;0.55779517;0.0;0.0;6514.0146;7883.769;-3534.0762;6402.3735;-555.87335;-2165.0188
1997-08-17;17.681814;-1.0969747;0.009974162;752.09686;1.2476099;122.070496;0.0;-7.3453654e-25;99.99998;-7.345365e-21;0.0017195934;-0.77429974;8.940697e-05;0.5481541;0.5480647;0.0;0.0;6498.7183;7864.346;-3557.7327;6342.8257;-537.88;-2158.4133
1997-08-18;17.353678;-2.9109395;0.009979248;750.77026;1.2265162;104.26002;0.0;-7.3453654e-25;99.99998;-7.345365e-21;0.0008523463;-0.7713735;4.4703484e-05;0.5386323;0.538595;0.0;0.0;6536.059;7908.563;-3685.726;6171.3545;-535.8478;-2102.4578
1997-08-19;16.393503;-3.0882976;0.00990804;749.5977;1.2342786;138.53526;0.0;-7.3453654e-25;99.99998;-7.345365e-21;0.002571791;-0.7407619;0.00011920929;0.52951276;0.5293861;0.0;0.0;6464.671;7821.1865;-3594.84;6165.021;-514.5822;-2188.141
1997-08-20;15.310079;-1.4434305;0.009952545;750.98785;1.1722449;122.52874;0.0;-7.3453654e-25;99.99998;-7.345365e-21;0.0012435907;-0.7061493;5.9604645e-05;0.52046776;0.52042305;0.0;0.0;6232.767;7539.5654;-3298.5168;6375.63;-490.53888;-2284.8867
1997-08-21;15.108226;-0.9149577;0.009750366;752.17206;1.1986578;99.93527;0.0;-7.3453654e-25;99.99998;-7.345365e-21;0.00085685967;-0.69640946;4.4703484e-05;0.5117208;0.511691;0.0;0.0;6164.4614;7456.1084;-3236.3325;6441.8735;-483.77222;-2269.5256
1997-08-22;15.317861;-0.5449626;0.00981013;751.25214;1.2613168;97.52079;0.0;-7.3453654e-25;99.99998;-7.345365e-21;0.0;-0.69341713;0.0;0.5031526;0.50317496;0.0;0.0;6197.6143;7495.383;-3271.6223;6405.7656;-481.69333;-2275.1345
1997-08-23;15.613729;1.3400065;0.009702046;751.61035;1.2609016;92.19042;0.0;-7.3453654e-25;99.99998;-7.345365e-21;0.0012938189;-0.689391;7.4505806e-05;0.49492717;0.494875;0.0;0.0;6057.517;7325.04;-3087.7327;6666.122;-478.89777;-2198.639
1997-08-24;16.98292;5.150065;0.009732564;753.1474;1.3167208;55.05791;0.0;-7.3453654e-25;99.99998;-7.345365e-21;0.0008668686;-0.7082783;4.4703484e-05;0.48680604;0.48676133;0.0;0.0;6042.267;7305.7837;-3046.4895;6913.19;-492.0178;-2145.7156
1997-08-25;18.62388;4.4327188;0.009914398;752.1788;1.3535775;82.24431;0.0;-7.3453654e-25;100.00259;-7.345365e-21;0.00047683716;-0.721395;1.4901161e-05;0.47884881;0.4788339;0.0;0.0;6015.2876;7272.3057;-3116.9905;6932.1646;-501.13;-2061.6545
1997-08-26;18.16268;1.0499166;0.010096232;751.05023;1.2963316;114.39558;0.0;-7.3453654e-25;99.99998;-7.345365e-21;0.0012814989;-0.7012654;5.9604645e-05;0.47117472;0.4711151;0.0;0.0;6101.906;7376.1284;-3334.8804;6623.9116;-487.14444;-2114.5322
1997-08-27;17.098948;-3.0516357;0.010181427;751.2558;1.2276189;114.185555;0.0;-7.3453654e-25;99.99998;-7.345365e-21;0.00170773;-0.67990834;8.940697e-05;0.46373904;0.46363473;0.0;0.0;6201.565;7495.747;-3597.13;6166.701;-472.30945;-2006.1833
1997-08-28;16.537924;-6.288076;0.009873708;751.6762;1.2566277;92.08557;0.0;-7.3453654e-25;99.99998;-7.345365e-21;0.0017103939;-0.67030454;8.940697e-05;0.45645237;0.45636296;0.0;0.0;6172.2266;7459.3564;-3642.8242;6027.8267;-465.6389;-1940.1666
1997-08-29;16.949484;-6.5950723;0.009915669;751.1911;1.2266663;107.38276;0.0;-7.3453654e-25;99.99998;-7.345365e-21;0.0;-0.6696191;0.0;0.44927;0.44927;0.0;0.0;6095.1567;7365.324;-3533.6755;6175.435;-465.1611;-1892.4366
1997-08-30;16.93688;-3.0929565;0.0097846985;750.4712;1.1794174;174.17383;0.0;-7.3453654e-25;99.99998;-7.345365e-21;0.0021367369;-0.6506108;0.00010430813;0.44244528;0.44234097;0.0;0.0;5993.4966;7241.64;-3368.7021;6369.812;-451.95667;-1934.3822
1997-08-31;15.5095825;0.23095703;0.00976944;751.6577;1.240353;257.43683;0.0;-7.3453654e-25;99.99998;-7.345365e-21;0.00087416853;-0.59483665;4.4703484e-05;0.43563545;0.43559074;0.0;0.0;5869.5854;7091.089;-3142.0315;6460.117;-413.21335;-2205.1245
1997-09-01;14.104146;-0.20799764;0.0097516375;751.19965;1.4335426;243.95343;0.0;-7.3453654e-25;99.99998;-7.345365e-21;0.0;-0.55037534;0.0;0.42906404;0.42904913;0.0;0.0;5830.3823;7042.8794;-3086.718;6333.4746;-382.3278;-2334.0732
1997-09-02;12.920522;-0.19877116;0.009881337;748.669;1.4636936;237.5055;0.0;-7.3453654e-25;99.99998;-7.345365e-21;0.0025699409;-0.5123652;0.00011920929;0.42282045;0.42271614;0.0;0.0;5786.278;6988.7583;-2989.8713;6298.0454;-355.92334;-2443.3845
1997-09-03;11.623515;-0.26263428;0.010065715;748.7807;1.3490297;156.95857;0.0;-7.3453654e-25;99.99998;-7.345365e-21;0.00085532654;-0.4673414;4.4703484e-05;0.41660666;0.4165694;0.0;0.0;5073.6865;6127.403;-2563.8022;6626.8643;-324.64667;-2130.1323
1997-09-04;10.540568;-1.4626465;0.010121663;750.33;1.5444182;179.03267;0.0;-7.3453654e-25;99.99998;-7.345365e-21;0.0073462725;-0.42884237;0.00035762787;0.41100383;0.41063875;0.0;0.0;4977.049;6009.9136;-2575.601;6437.677;-297.90332;-2277.1023
1997-09-05;10.366649;-1.9404703;0.0099652605;753.011;1.2047666;115.69943;0.0;-7.3453654e-25;99.99998;-7.345365e-21;0.0012819591;-0.5019121;5.9604645e-05;0.40486455;0.4048124;0.0;0.0;5566.793;6721.1357;-2953.346;6106.3364;-348.66;-2254.6567
1997-09-06;10.866862;-2.5013058;0.010227203;752.92084;1.2362968;95.873505;0.0;-7.3453654e-25;99.99998;-7.345365e-21;0.0004351138;-0.5186405;1.4901161e-05;0.3990531;0.3990531;0.0;0.0;5638.9487;6807.3203;-3035.0852;6077.4043;-360.28223;-2158.679
1997-09-07;11.070516;-0.27377066;0.009942372;753.5742;1.3196919;81.90565;0.0;-7.3453654e-25;99.99998;-7.345365e-21;0.00044107434;-0.49203262;1.4901161e-05;0.39345026;0.39343536;0.0;0.0;5341.2124;6446.9434;-2743.2375;6405.5327;-341.7989;-2138.5889
1997-09-08;8.663849;3.1404927;0.009883881;753.26764;1.3728603;47.681286;0.0;-7.3453654e-25;99.99998;-7.345365e-21;6.2298803;-0.7511126;0.38067997;0.768736;0.38805604;0.0;0.0;4309.7954;5201.259;-2109.0125;6754.414;-521.7733;-1885.8713
1997-09-09;10.658;-0.22265498;0.010131836;752.1714;1.1735519;102.79116;0.0;-7.3453654e-25;99.99998;-7.345365e-21;0.0008583069;-1.8214024;4.4703484e-05;0.38290024;0.38284808;0.0;0.0;5499.747;6637.0757;-2719.235;6099.76;-1265.2683;-1543.7694
1997-09-10;12.269572;-1.0172997;0.010009766;751.55634;1.0755492;198.39207;0.0;-7.3453654e-25;99.99998;-7.345365e-21;0.0;-1.580325;0.0;0.37762523;0.37761778;0.0;0.0;5488.4766;6622.7007;-2849.3303;6115.923;-1097.7994;-1499.8883
1997-09-11;12.22823;-3.627655;0.009852092;750.43353;1.2523882;224.51906;0.0;-7.3453654e-25;99.99998;-7.345365e-21;0.00042617318;-1.3386524;1.4901161e-05;0.37251413;0.37249923;0.0;0.0;5501.753;6637.94;-2934.4536;5959.152;-929.91724;-1616.1061
1997-09-12;11.312724;-4.0637817;0.0101623535;748.6617;1.2788781;143.20834;0.0;-7.3453654e-25;99.99998;-7.345365e-21;0.40630746;-1.1211326;0.019788742;0.38731098;0.3675148;0.0;0.0;5327.078;6426.396;-2799.5208;6065.854;-778.81445;-1760.2367
1997-09-13;9.269196;-2.7058513;0.009953816;750.4805;1.4613905;97.4864;0.0;-7.3453654e-25;99.99998;-7.345365e-21;0.11872053;-0.8906955;0.0056922436;0.3683865;0.36270916;0.0;0.0;4697.9683;5666.499;-2415.7988;6313.8677;-618.7367;-1673.9412
1997-09-14;8.769277;-2.349528;0.010108948;754.83246;1.5858132;39.106308;0.0;-7.3453654e-25;99.99998;-7.345365e-21;0.0008583069;-0.8306522;4.4703484e-05;0.3580302;0.35799295;0.0;0.0;5422.904;6540.313;-3052.7693;5665.677;-577.0256;-1902.3066
1997-09-15;11.233693;-3.6964138;0.010294597;754.4883;1.207905;63.544575;0.0;-7.3453654e-25;99.99998;-7.345365e-21;0.0;-0.7939171;0.0;0.35333633;0.35331398;0.0;0.0;5411.2524;6525.602;-3186.5095;5709.1196;-551.50665;-1507.0823
1997-09-16;11.617625;-4.4654336;0.010121663;752.9351;1.2085363;89.78793;0.0;-7.3453654e-25;99.99998;-7.345365e-21;0.00084970257;-0.6842222;4.4703484e-05;0.34874678;0.34869462;0.0;0.0;5309.89;6397.77;-3073.4705;5935.1436;-475.30667;-1593.33
1997-09-17;11.52533;-3.459737;0.010093689;754.6701;1.0907205;97.44317;0.0;-7.3453654e-25;99.99998;-7.345365e-21;0.3087759;-0.6342316;0.014990568;0.3591776;0.34418702;0.0;0.0;5007.217;6027.8354;-2808.8298;6245.351;-440.58;-1604.617
1997-09-18;12.421295;-3.255951;0.009796143;756.3545;1.2488028;147.89717;0.0;-7.3453654e-25;99.99998;-7.345365e-21;0.00055432314;-0.6380742;2.9802322e-05;0.33980608;0.33977628;0.0;0.0;4912.949;5909.171;-2745.9988;6333.847;-443.2489;-1592.9987
1997-09-19;13.106445;-3.6861877;0.01009496;756.58685;1.1308112;132.729;0.0;-7.3453654e-25;99.99998;-7.345365e-21;0.0213027;-0.58851206;0.00074505806;0.3362149;0.33545494;0.0;0.0;4996.847;6004.8257;-2841.9631;6287.0557;-408.82;-1591.2463
1997-09-20;14.018422;-4.5164695;0.010106404;755.73346;1.3701701;193.28813;0.0;-7.3453654e-25;99.99998;-7.345365e-21;0.0012809023;-0.5348343;5.9604645e-05;0.33128262;0.331223;0.0;0.0;5074.9937;6093.4785;-2878.1045;6259.688;-371.5311;-1704.1589
1997-09-21;13.00116;-3.1515808;0.009681702;753.99854;1.2395345;253.86041;0.0;-7.3453654e-25;99.99998;-7.345365e-21;0.0;-0.47758967;0.0;0.3270805;0.3270805;0.0;0.0;5048.298;6056.1655;-2860.8086;6162.717;-331.76556;-1799.8678
1997-09-22;10.284149;0.15019734;0.0098775225;753.3281;1.1569203;189.64075;0.0;-7.3453654e-25;99.99998;-7.345365e-21;0.6252211;-0.5078986;0.029176474;0.35229325;0.32310933;0.0;0.0;4459.208;5344.794;-2410.101;6388.1978;-352.82;-1802.5455
1997-09-23;9.597493;-3.4272766;0.010051727;753.535;1.2152244;201.55714;0.0;-7.3453654e-25;99.99998;-7.345365e-21;0.0;-0.5565453;0.0;0.31924248;0.31924248;0.0;0.0;4972.826;5955.238;-2867.8823;5829.328;-386.61334;-1843.6422
1997-09-24;9.881744;-2.036204;0.010339101;754.04315;1.1632986;182.85854;0.0;-7.3453654e-25;99.99998;-7.345365e-21;0.0008583069;-0.49081072;4.4703484e-05;0.31542778;0.31539798;0.0;0.0;4874.4854;5832.516;-2736.081;5971.818;-340.95;-1734.3367
1997-09-25;10.720062;-0.31562296;0.009895325;751.47845;1.2580415;151.65477;0.0;-7.3453654e-25;99.99998;-7.345365e-21;0.65943223;-0.5727867;0.033333898;0.34496188;0.31163543;0.0;0.0;4746.1323;5673.92;-2506.428;6306.2246;-397.89612;-1712.8578
1997-09-26;9.279144;-3.4004822;0.009666443;748.4746;1.5691724;220.71143;0.0;-7.3453654e-25;99.99998;-7.345365e-21;0.23910403;-0.6245924;0.011533499;0.3195107;0.30799955;0.0;0.0;4600.4653;5495.0293;-2509.5244;6116.1895;-433.88333;-1849.4366
1997-09-27;7.167206;-0.4736328;0.009789784;750.1782;1.1573874;219.03212;0.0;-7.3453654e-25;99.99998;-7.345365e-21;0.5500257;-0.4723491;0.026419759;0.3309399;0.30452013;0.0;0.0;3317.5652;3959.23;-1831.1381;6499.355;-328.12555;-1322.6711
1997-09-28;7.836263;1.6187845;0.010194142;750.6565;1.6762205;209.43465;0.0;-7.3453654e-25;99.99998;-7.345365e-21;1.8817782;-0.5533127;0.09210408;0.39330125;0.30119717;0.0;0.0;2960.0852;3529.7979;-1486.5845;6872.0415;-384.36777;-1125.74
1997-09-29;6.9627686;-1.616506;0.01003011;752.1313;1.2361158;231.74666;0.0;-7.3453654e-25;99.99998;-7.345365e-21;0.07644853;-1.0281559;0.004425645;0.30231476;0.2978891;0.0;0.0;4528.5405;5395.089;-2419.1128;5978.697;-714.22614;-1672.8339
1997-09-30;6.2631936;-2.7330627;0.010290782;752.6822;1.1579868;216.75883;0.0;-7.3453654e-25;99.99998;-7.345365e-21;0.0;-0.703237;0.0;0.29455125;0.29455125;0.0;0.0;4532.028;5394.6777;-2553.4648;5706.183;-488.51556;-1612.83
1997-10-01;6.1948953;-1.3924154;0.009864807;750.9266;1.2348964;222.20686;0.0;-7.3453654e-25;99.99998;-7.345365e-21;0.05415082;-0.54197943;0.0024437904;0.2937466;0.29129535;0.0;0.0;3898.8171;4636.9297;-2024.1566;6256.4453;-376.49554;-1488.9734
1997-10-02;6.226766;0.30205283;0.009915669;750.23114;1.7286445;218.84285;0.0;-7.3453654e-25;99.99998;-7.345365e-21;1.2229244;-0.8034706;0.058427453;0.346601;0.288181;0.0;0.0;3635.9417;4320.65;-1794.1758;6471.693;-558.1445;-1432.0344
1997-10-03;6.6438394;-0.13985188;0.009970347;753.2866;1.0531096;223.93492;0.0;-7.3453654e-25;99.99998;-7.345365e-21;0.0065267086;-0.6750496;0.00032782555;0.28538704;0.28508902;0.0;0.0;4375.1353;5194.4043;-2486.0852;5815.71;-468.935;-1556.8622
1997-10-04;7.5680947;-1.2443136;0.009831746;753.98126;1.0844356;141.40681;0.0;-7.3453654e-25;99.99998;-7.345365e-21;0.0008612871;-0.64757097;4.4703484e-05;0.28200448;0.28197467;0.0;0.0;4459.2705;5289.7476;-2587.6177;5771.07;-449.84555;-1389.1677
1997-10-05;7.015859;1.1079508;0.010194142;752.5435;1.0117501;183.1928;0.0;-7.3453654e-25;99.99998;-7.345365e-21;3.8666904;-0.67969877;0.22947788;0.5083978;0.27893484;0.0;0.0;3840.421;4551.842;-1859.245;6549.004;-472.16333;-1350.5022
1997-10-06;6.989563;-0.21690877;0.009707133;750.0844;1.4308944;237.69049;0.0;-7.3453654e-25;99.99998;-7.345365e-21;0.77596307;-1.1112252;0.037401915;0.31341612;0.2759993;0.0;0.0;4208.5913;4983.852;-2179.7383;6153.075;-771.93054;-1405.7123
1997-10-07;6.1952004;-1.0402628;0.01012675;753.7219;0.8325725;249.31366;0.0;-7.3453654e-25;99.99998;-7.345365e-21;0.031876564;-0.9346316;0.0015348196;0.274688;0.2731532;0.0;0.0;3498.648;4139.61;-2043.414;6119.795;-649.25775;-1051.8855
1997-10-08;7.2958984;-2.2823792;0.009928386;757.03143;1.0378679;140.09895;0.0;-7.3453654e-25;99.99998;-7.345365e-21;0.0;-0.95680726;0.0;0.27027726;0.27027726;0.0;0.0;4473.986;5289.0044;-2611.199;5656.8467;-664.66223;-1224.4944
1997-10-09;7.9892173;-3.3362935;0.010489146;757.95514;1.0380765;116.50009;0.0;-7.3453654e-25;99.99998;-7.345365e-21;0.0018060207;-0.8994844;8.940697e-05;0.26753545;0.26741624;0.0;0.0;4332.922;5117.8506;-2543.3088;5782.344;-624.8411;-1130.3489
1997-10-10;8.056671;-2.3950603;0.009951274;756.5274;0.9732492;200.07397;0.0;-7.3453654e-25;99.99998;-7.345365e-21;0.43241978;-0.8228449;0.020936131;0.28553605;0.26461482;0.0;0.0;4152.919;4901.114;-2351.3328;6031.762;-571.60333;-1161.6311
1997-10-11;7.6090293;1.2852274;0.009941101;754.4033;0.9005759;192.45805;0.0;-7.3453654e-25;99.99998;-7.345365e-21;0.5954534;-0.69991404;0.02798438;0.2898872;0.26189536;0.0;0.0;3697.869;4360.386;-1904.9362;6510.9097;-486.20667;-1218.4388
1997-10-12;7.8730874;2.3797505;0.010032654;754.0605;0.6718273;248.70833;0.0;-7.3453654e-25;99.99998;-7.345365e-21;3.5364668;-0.9461595;0.21719933;0.47652423;0.2593249;0.0;0.0;2651.379;3123.6545;-1451.7369;6834.525;-657.26556;-696.9078
1997-10-13;8.607656;0.7434082;0.0100364685;754.44025;1.233704;245.97931;0.0;-7.3453654e-25;99.99998;-7.345365e-21;0.15327334;-0.9795651;0.007033348;0.26379526;0.25675446;0.0;0.0;3953.4578;4653.5977;-2207.4207;6103.702;-680.4722;-1162.32
1997-10-14;8.637441;-0.6980693;0.009719849;755.48395;1.082398;161.5587;0.0;-7.3453654e-25;99.99998;-7.345365e-21;0.0004351138;-1.0259933;2.9802322e-05;0.254184;0.25416166;0.0;0.0;4129.5957;4856.9146;-2411.275;5953.5596;-712.7233;-991.5733
1997-10-15;9.225575;-2.7410076;0.009953816;755.8238;1.0306612;86.41342;0.0;-7.3453654e-25;99.99998;-7.345365e-21;0.0008523463;-1.0436549;4.4703484e-05;0.2516061;0.2515763;0.0;0.0;4183.3438;4915.973;-2483.6033;5980.081;-724.99225;-842.8578
1997-10-16;9.4557495;0.15689087;0.00984319;755.427;0.9980288;98.16519;0.0;-7.3453654e-25;99.99998;-7.345365e-21;0.29804707;-0.9116987;0.014066696;0.2630949;0.24902076;0.0;0.0;3829.0679;4498.2456;-2208.7483;6353.5093;-633.32666;-878.94775
1997-10-17;8.83315;-0.7040507;0.009763082;755.757;1.1673971;118.74964;0.0;-7.3453654e-25;99.99998;-7.345365e-21;0.15733242;-0.8106791;0.0076144934;0.25416166;0.24654716;0.0;0.0;3794.369;4456.0776;-2273.8691;6175.3066;-563.1522;-1000.0356
1997-10-18;9.646199;-4.340525;0.010012309;755.1517;1.072875;107.75326;0.0;-7.3453654e-25;99.99998;-7.345365e-21;0.0017166131;-0.7626573;8.940697e-05;0.24418533;0.24411082;0.0;0.0;4004.6682;4701.608;-2371.1353;6050.7554;-529.79224;-1067.8889
1997-10-19;6.2497964;1.4669596;0.0096918745;753.6507;0.70476747;154.648;0.0;-7.3453654e-25;99.99998;-7.345365e-21;4.639149;-0.6429376;0.25439262;0.49623847;0.24184585;0.0;0.0;1086.8484;1275.8567;-535.7389;7458.295;-446.62668;-302.10223
1997-10-20;5.7975974;3.6150615;0.009803772;751.6784;0.68338203;162.28555;0.0;-7.3453654e-25;99.99998;-7.345365e-21;4.8437414;-0.96577036;0.29599667;0.53566694;0.23969263;0.0;0.0;2431.8254;2853.31;-1076.2284;7111.945;-670.8889;-784.7122
1997-10-21;3.3340454;1.6802267;0.009933472;751.5837;1.0762032;224.52869;0.0;-7.3453654e-25;99.99998;-7.345365e-21;4.3189464;-1.3679732;0.25095046;0.48853457;0.23758411;0.0;0.0;2349.281;2755.828;-1092.495;6772.9883;-950.2844;-759.85223
1997-10-22;2.0871074;-0.9605815;-0.46139398;750.52515;1.0468802;214.7329;0.0;-7.3453654e-25;103.19855;-7.345365e-21;0.6957084;-1.0443879;0.037163496;0.27264655;0.23548305;1.6763806e-05;4.4703484e-05;2947.9922;3456.8032;-1564.8217;6198.3257;-725.50165;-940.2244
1997-10-23;2.0873108;-2.9644878;-5.379003;749.9931;1.0501068;159.92058;0.0034993489;7.947286e-07;122.56118;-7.345365e-21;0.0050514936;-1.1516651;0.00022351742;0.2335757;0.23335218;0.00018067658;0.00064074993;3601.6233;4221.9233;-2043.475;5727.642;-800.0233;-1124.3177
1997-10-24;2.7430317;-3.3986409;-7.2836876;751.4895;1.0086695;126.07322;0.002766927;2.78155e-07;144.06085;-7.345365e-21;0.0008523463;-1.0099318;5.9604645e-05;0.23126602;0.23122132;0.0001359731;0.0;3744.0273;4387.3877;-2246.4023;5430.203;-701.5661;-885.7111
1997-10-25;3.9725544;-1.8612366;-6.4881997;752.4986;1.0293882;175.05524;0.001953125;-7.3453654e-25;150.89061;-7.345365e-21;0.0017306175;-0.94899815;8.940697e-05;0.22923946;0.22913516;0.00012293458;0.0;3725.4246;4364.241;-2195.05;5564.7407;-659.2367;-849.69336
1997-10-26;4.2288413;0.0005289714;-5.661873;751.59985;1.0402458;190.82684;0.001953125;-7.3453654e-25;150.89061;-7.345365e-21;0.0020861626;-0.8142041;0.00010430813;0.2271831;0.2270639;9.685755e-05;0.0;3409.1433;3992.5989;-1990.75;5802.2534;-565.6006;-781.9689
1997-10-27;3.2680664;1.8464661;-0.83883667;752.20483;0.89444715;227.87793;0.00048828125;-7.3453654e-25;150.89061;-7.345365e-21;4.2006655;-0.76784194;0.24908781;0.47418475;0.22511184;6.519258e-05;0.0;1727.4523;2022.85;-525.2622;7296.06;-533.3945;-570.5311
1997-10-28;3.4322307;2.8923848;-0.23278554;752.74805;0.6489517;224.10602;0.0;-7.3453654e-25;150.89061;-7.345365e-21;5.195479;-0.6246902;0.3581494;0.5814135;0.2232492;3.3527613e-05;0.0;844.675;988.95776;-370.69388;7425.979;-433.9511;-295.62555
1997-10-29;3.4443767;-0.8758138;-3.6934345;753.5732;0.9040017;117.89669;0.0;-7.3453654e-25;149.13441;-7.345365e-21;0.0017195934;-1.1962186;0.00010430813;0.22147596;0.22137165;2.2351742e-05;0.0;3250.1707;3802.7866;-1740.1011;6098.5527;-830.9722;-857.6178
1997-10-30;3.8782654;-0.5437215;-6.0296082;751.7077;0.9017194;164.80348;0.0;-7.3453654e-25;124.32745;-7.345365e-21;0.072306395;-0.97339225;0.004053116;0.22351742;0.21945685;1.1175871e-05;0.0;3048.2322;3565.321;-1836.4706;5933.82;-676.18225;-706.6511
1997-10-31;2.6117146;-1.616272;-3.6929028;751.82056;0.977161;107.1067;0.0;-7.3453654e-25;108.29783;-7.345365e-21;0.28064847;-0.9839106;0.015243888;0.23281574;0.21757185;3.7252903e-06;0.0;3017.3372;3527.8223;-1589.3939;6205.229;-683.49;-880.7189
1997-11-01;1.6555481;-4.5212708;-6.645434;752.2852;0.9572611;88.6572;0.0;-7.3453654e-25;109.04653;-7.345365e-21;0.0017225739;-0.9738207;8.940697e-05;0.21579862;0.21572411;3.7252903e-06;7.4505806e-06;3351.3633;3917.4133;-2062.486;5525.916;-676.48114;-848.29553
1997-11-02;0.75043744;-1.0334574;-1.8228201;750.2546;0.57088464;82.473946;11.935954;0.0017985901;138.69562;12.491862;8.105457;-0.63725936;0.37369132;0.5876571;0.21396577;0.4073046;2.778273;1178.3894;1532.6522;-465.96222;6957.5;-442.78;-315.02222
1997-11-03;1.894816;0.4606018;-0.4375763;749.8094;0.8401819;199.3061;13.770264;0.002089858;150.11717;14.038086;5.275595;-0.98560005;0.32703578;0.5393028;0.21228194;0.6970428;1.1366047;1952.9438;2505.5845;-723.93835;6909.7817;-684.6878;-562.38776
1997-11-04;0.8384196;0.60301715;0.0038808186;748.3288;0.80336267;187.24199;30.181967;0.004509846;146.6839;30.558268;23.718786;-0.4965719;1.9936711;2.2042692;0.21061301;1.6528871;3.5782309;604.13;889.5244;-13.900556;7470.372;-344.75778;-303.97556
1997-11-05;-0.46746826;-0.7942632;-0.18319194;750.0837;0.8950055;200.89714;71.129395;0.0108185215;149.28871;71.9401;17.17547;-0.37412065;1.4614016;1.6703904;0.20898879;3.0099525;7.005278;738.82275;1819.2367;-154.43834;7187.888;-265.17444;-287.40887
1997-11-06;-0.71332806;-6.750174;-6.3522925;754.35614;0.93211144;64.312775;62.888836;0.009509404;152.28741;62.86621;0.0049531455;-0.5987957;0.19395351;0.40131807;0.20735711;1.5877206;0.0014826655;2028.0673;3966.7122;-1744.3077;5159.4434;-419.49667;-285.49222
1997-11-07;-0.7583211;-7.019934;-9.670415;756.56024;1.5476718;28.76425;51.58081;0.007812579;152.82745;51.51367;0.0;-0.6188974;0.21056831;0.41630864;0.20574033;1.7030649;0.0;2346.037;4031.7634;-1951.5511;4727.182;-432.46222;-225.30888
1997-11-08;0.07899984;-7.7778296;-9.652763;757.41675;1.5980191;26.277084;40.561035;0.006150643;153.24933;40.445965;0.0;-0.71999526;0.19821525;0.40236115;0.20416081;1.5927739;0.0;2601.58;4018.6956;-2045.2483;4769.2466;-502.69888;-214.80556
1997-11-09;0.39597574;-7.019319;-8.608661;754.4699;1.3750182;26.420935;30.405111;0.0046094656;153.57745;30.273438;0.001282342;-0.70498884;0.18423796;0.38683414;0.20260364;1.4745071;0.0;2739.3694;3890.629;-1925.6466;5063.664;-491.66333;-277.25
1997-11-10;-0.19001262;-4.8938203;-6.1941757;752.0635;0.9971943;48.647293;21.663574;0.0032855272;153.83624;21.525064;0.6739617;-0.56259704;0.20800531;0.40912628;0.20110607;1.2171977;0.0010281801;2114.1833;2811.3555;-1313.755;5863.1978;-391.37445;-294.74667
1997-11-11;0.19274902;-3.6174405;-5.007837;749.9633;0.9788436;42.0731;15.323242;0.0023288329;153.98436;15.177409;0.53356886;-0.6408114;0.14838576;0.34804642;0.19966066;0.86173415;0.04311651;2015.155;2569.1833;-1100.6672;6141.7744;-445.38;-289.54224
1997-11-12;0.9167277;-3.0449855;-4.914032;750.34644;1.072681;29.869177;11.008057;0.0016668638;153.87726;11.149089;0.37520164;-0.8446909;0.12259185;0.320822;0.1982376;0.7218998;0.011429191;2256.4656;2795.7256;-1397.6233;5975.871;-587.3994;-367.4689
1997-11-13;0.2582499;-4.7796187;-7.5665793;752.05975;0.99022365;28.585838;7.141439;0.001079599;153.97816;7.3649087;0.0006496906;-0.7708157;0.06225705;0.2591014;0.19683689;0.49559957;0.00019744039;2640.8293;3194.9744;-1782.9623;5471.669;-535.7367;-423.07
1997-11-14;0.79209393;-5.5191855;-8.57503;752.26154;0.8933961;66.657234;4.553141;0.0006878376;154.03285;4.7200522;0.00085532654;-0.8226214;0.0410676;0.23652613;0.19546598;0.3291499;0.0;3100.1646;3694.64;-2158.9604;5090.4727;-571.50336;-373.59555
1997-11-15;0.91709393;-3.795044;-8.341802;751.2166;0.93627214;118.000084;2.8360188;0.00042819977;154.06898;2.766927;0.0;-0.69344413;0.026732683;0.22086501;0.19412488;0.2167318;0.0;3071.5588;3625.7388;-2124.7756;5154.875;-481.72888;-406.1189
1997-11-16;1.4415894;-3.156128;-8.312646;750.93427;0.94202524;109.332664;1.7253418;0.00026063123;154.09113;1.4648438;0.0;-0.6787423;0.016897917;0.20971894;0.19281358;0.13823621;0.0;3045.621;3574.27;-2129.3057;5167.959;-471.49445;-371.72223
1997-11-17;1.1503906;-4.5937295;-8.9359045;750.05365;0.77206254;193.92188;1.0579427;0.00015981992;154.10577;0.9765625;0.0012934206;-0.70331806;0.009506941;0.20104647;0.19153208;0.077519566;0.0;3006.9973;3516.8188;-2154.3767;5083.749;-488.61777;-378.89667
1997-11-18;0.16959636;-8.195689;-8.223746;749.6042;0.7455215;209.72032;0.6944987;0.00010538101;154.09047;0.9765625;0.0020444393;-0.6606616;0.0047683716;0.1950413;0.19028038;0.03856793;0.00028684735;2703.8354;3156.5457;-1823.3894;5362.9956;-459.08334;-409.29224
1997-11-19;0.16293335;-4.697764;-6.96434;748.7803;0.75511307;209.80115;0.47867838;7.27574e-05;153.92055;0.40690103;0.0010084334;-0.38690773;0.0035315752;0.19259751;0.18905848;0.02901256;0.0001527369;2187.0894;2550.5488;-1479.664;5746.08;-268.8211;-344.74335
1997-11-20;-0.33361816;-3.8394775;-7.6730866;749.61774;0.8307097;118.57468;0.31144205;4.7127407e-05;153.65167;-7.345365e-21;0.0016287059;-0.53194445;0.0028908253;0.19073486;0.18786639;0.023415312;0.00033155084;2758.7244;3214.4;-1791.9427;5449.3643;-369.55554;-514.13776
1997-11-21;0.2772522;-5.056681;-8.795204;750.188;0.76507306;140.50032;0.19637044;2.9762587e-05;153.59373;-7.345365e-21;0.0;-0.43515676;0.0015795231;0.18827617;0.1866892;0.01341477;0.0;2649.4739;3085.3289;-1968.9055;5206.724;-302.29944;-343.1389
1997-11-22;-1.1931254;-5.604075;-8.894402;749.4565;0.85130763;99.36359;0.12931316;1.9669533e-05;153.59373;-7.345365e-21;0.0008523463;-0.45716298;0.0009685755;0.18650293;0.18553436;0.0076442957;0.0;2774.2761;3229.591;-2027.7278;5110.392;-317.59833;-460.34222
1997-11-23;-1.4739481;-7.5353904;-9.037609;751.93097;1.1573542;33.694992;0.09399414;1.458327e-05;153.25389;-7.345365e-21;0.009390712;-0.40534604;0.0009536743;0.18535554;0.18441677;0.004801899;0.004604459;2590.1033;3014.5388;-1924.73;5170.838;-281.60056;-447.17
1997-11-24;-1.224233;-5.9742837;-7.9480643;750.56537;1.1547662;38.62763;0.13468425;2.0225843e-05;150.29784;-7.345365e-21;0.013548135;-0.3658859;0.00086426735;0.18417835;0.18329918;0.0058189034;0.0109523535;2297.0012;2673.4578;-1663.081;5461.599;-254.20667;-456.63
1997-11-25;-1.7712198;-6.867228;-8.92858;748.3498;0.7897263;85.44888;0.12963867;1.9629797e-05;150.87042;-7.345365e-21;0.004562735;-0.3514476;0.0007301569;0.18295646;0.1822114;0.0057984143;0.0036656857;2585.7957;3009.2778;-1862.4244;5239.067;-244.17;-531.8122
1997-11-26;-2.1962383;-7.425171;-10.365832;749.3489;0.76731676;76.596016;0.10636393;1.5974045e-05;151.17348;-7.345365e-21;0.0014007082;-0.3393609;0.00064074993;0.18176436;0.18113852;0.004712492;0.00010430813;2639.55;3071.6633;-2143.2822;4893.327;-235.76666;-471.56445
1997-11-27;-2.177541;-9.077911;-11.362317;750.0556;0.74926406;84.966576;0.07885742;1.1881192e-05;151.14842;-7.345365e-21;0.00044107434;-0.3405353;0.00043213367;0.18052757;0.18008798;0.0035092235;0.0;2869.7095;3339.0732;-2380.0496;4622.0537;-236.57666;-476.61444
1997-11-28;-2.554942;-8.709874;-10.948189;749.4041;0.8815355;101.51672;0.059244793;9.218852e-06;151.14842;-7.345365e-21;0.0008523463;-0.27494878;0.00032782555;0.17938018;0.17905235;0.0023245811;0.0;2806.7043;3265.3733;-2309.6377;4685.5645;-191.01334;-517.91113
1997-11-29;-1.9243063;-10.091105;-10.05565;750.3859;0.76951385;78.31606;0.045735676;6.7154565e-06;151.14842;-7.345365e-21;0.0012814999;-0.24716556;0.00028312206;0.1783073;0.17803162;0.001527369;0.0;2479.469;2884.4521;-2006.63;5015.5635;-171.7111;-417.40445
1997-11-30;-2.812032;-9.551829;-6.9284644;747.16406;0.51446193;120.47909;5.4322104;0.0007197857;126.701805;5.7373047;2.24635;-0.117825344;0.0035017729;0.18054247;0.1770407;0.0032745302;2.199307;1014.985;1185.5488;-939.99554;6051.2534;-82.10445;-177.65666
1997-12-01;-2.8924255;-5.31724;-6.5014;747.8177;0.6698816;124.27008;19.306885;0.0024356048;127.10903;19.16504;0.4676755;-0.16217214;0.04377961;0.21982193;0.17605722;0.38124993;0.4620552;1437.4072;1847.5433;-1038.7478;5967.012;-116.225555;-349.93668
1997-12-02;-2.8380737;-5.556895;-7.9821725;750.0;0.7454975;188.69618;14.368001;0.0020817518;147.3473;14.078776;0.00910759;-0.29022992;0.053048134;0.22810698;0.1750812;0.46746993;0.006198883;2441.3162;3041.1777;-1729.7983;5281.2354;-204.31667;-540.9
1997-12-03;-2.8757122;-5.318156;-4.218924;747.7327;0.77889824;239.11546;13.07487;0.001969099;149.07062;13.020833;0.91353357;-0.25829113;0.038839877;0.2129674;0.17412007;0.29063225;0.82062185;1822.0734;2234.949;-877.11053;6283.509;-182.34555;-555.93555
1997-12-04;-1.7476705;-3.786214;-3.522152;747.6866;0.70163774;254.93463;14.795247;0.0022096236;150.40785;14.567058;0.21873713;-0.38295332;0.058189034;0.23134053;0.1731664;0.48734432;0.16696006;2066.9343;2582.4966;-1107.7067;6135.789;-268.76166;-473.1389
1997-12-05;-1.51061;-3.7707927;-3.4072762;748.09375;0.7658956;263.65085;12.9070635;0.0019341707;150.3893;12.736003;0.2207991;-0.34021494;0.039592385;0.21181256;0.17221272;0.3371723;0.19353628;1971.664;2435.3823;-1083.4266;6159.5566;-238.49777;-408.11334
1997-12-06;-1.4359537;-3.5197651;-4.4858146;749.8515;0.8169195;216.6112;11.167644;0.0016699632;151.08983;10.904948;0.19800663;-0.42980725;0.060632825;0.23192167;0.1712665;0.41636452;0.020671636;1933.2783;2371.4023;-1192.7694;6033.979;-300.6678;-459.07333
1997-12-07;-0.7679952;-4.5360923;-7.634186;750.4756;0.6959651;185.45012;8.601644;0.0012868246;150.80467;8.544922;0.1090765;-0.40458423;0.041991472;0.21234155;0.17034262;0.37211925;0.10409206;2428.1177;2938.2534;-1693.335;5415.8525;-282.15668;-367.45444
1997-12-08;-1.8576761;-4.264028;-5.2351;745.6448;0.8708548;205.76448;26.476889;0.0039614835;141.67543;28.279623;11.87399;-0.35594964;0.08110702;0.25054812;0.1694262;0.20476058;10.937054;2010.3495;2419.3545;-1180.5895;5934.4644;-248.83888;-422.66
1997-12-09;-3.9618328;-4.557617;-2.418523;739.7803;0.37528083;110.412544;99.9506;0.021620074;122.571266;172.32259;18.307268;-0.12279395;0.002130866;0.170663;0.16853213;0.0043809414;17.8973;354.47388;1291.4822;-280.86444;6653.3833;-94.97833;-135.45222
1997-12-10;-4.4580703;-5.170788;-3.494653;741.15094;0.6312607;243.86615;100.0;0.035591047;135.67284;262.736;5.0192833;-0.10741316;0.0;0.16763806;0.16763806;0.0;4.791796;478.41556;1920.0712;-371.41;6481.033;-81.91778;-140.02333
1997-12-11;-5.6228995;-7.059298;-6.4670067;746.8462;0.6701544;181.14488;100.0;0.037002843;151.7871;243.69304;0.34817013;-0.06865058;0.0;0.1667738;0.16676635;0.0;0.333786;707.5639;2677.659;-785.87665;5744.305;-50.32;-93.4
1997-12-12;-8.4469385;-13.203373;-12.368152;746.5098;1.0091984;122.03893;100.0;0.03716739;153.39418;242.02473;0.028178096;-0.06195437;0.0;0.16589463;0.16589463;0.0;0.026460737;796.31775;2925.909;-1090.1622;4847.999;-44.800556;-38.356667
1997-12-13;-7.8286004;-11.371749;-13.3593855;746.014;1.1310816;49.296494;100.0;0.037175458;154.85936;240.03093;0.00064074993;0.007875264;0.0;0.16503036;0.16503036;0.0;0.00062584877;844.4389;3026.081;-994.87946;4862.528;7.071111;-10.808888
1997-12-14;-7.1357827;-11.434911;-11.826375;747.684;1.1647565;61.088486;100.0;0.037190992;156.59666;237.50813;0.0062465663;-0.0066794455;0.0;0.1642108;0.1641959;0.0;0.0041127205;862.1711;3007.172;-961.765;5032.3433;-4.6855555;-35.055557
1997-12-15;-4.573568;-10.720852;-12.686109;749.0754;0.8280005;194.19482;100.0;0.037181776;158.43163;234.7819;0.0017150496;-0.0047218055;0.0014305115;0.16479194;0.16337633;0.018868595;0.0;903.5344;3067.5088;-1138.7411;4769.2524;-3.53;7.6066666
1997-12-16;-6.2003684;-7.396769;-8.631135;746.3642;0.79093695;238.69157;100.0;0.038395524;157.1559;243.85579;3.1686187;-0.03059581;0.0;0.16257167;0.16256422;0.0;3.1345115;583.10114;1952.9689;-307.84445;6039.5073;-24.038889;-94.69111
1997-12-17;-5.208444;-5.8035445;-4.189865;745.81934;0.56203145;186.27043;100.0;0.04892413;150.01918;324.4629;12.010172;-0.06904639;0.0;0.161767;0.16175956;0.0;11.991344;297.2328;1163.6178;-235.32556;6561.7065;-53.827778;-118.72667
1997-12-18;-7.141665;-8.362161;-6.046402;744.2305;0.80479074;206.24687;100.0;0.05601291;149.69008;372.43652;12.443095;-0.09358302;0.0;0.16096234;0.16096234;0.0;12.435962;333.235;1328.9933;-262.33167;6345.3135;-72.210556;-121.837776
1997-12-19;-8.894749;-10.881901;-10.046463;744.86444;0.80407125;123.10796;100.0;0.067441024;148.46288;454.87466;1.7386287;-0.038325787;0.0;0.16015768;0.16017258;0.0;1.7321855;510.41;2162.29;-787.45667;5342.763;-27.912222;-59.41
1997-12-20;-12.600402;-16.716095;-17.20352;747.77515;1.4516182;16.06164;100.0;0.0677673;153.5895;441.2028;0.006505847;-0.00073295087;0.0;0.15936792;0.15938282;0.0;0.004861504;736.8367;3040.1223;-1207.5616;4241.1367;1.7305555;17.12889
1997-12-21;-12.178979;-21.164513;-21.91635;748.2925;1.3071291;28.099867;100.0;0.06779102;155.08429;437.0524;0.0008523463;-0.008367933;0.0;0.15860796;0.15860051;0.0;0.0;786.10834;3154.369;-1007.1872;4095.5496;-4.3155556;100.507774
1997-12-22;-7.295275;-18.341438;-17.049067;749.73615;1.0147417;20.489052;100.0;0.06780604;156.5869;433.26822;0.01642406;-0.009301119;0.0;0.1578629;0.1578331;0.0;0.012554228;695.62335;2718.5479;-429.74335;5220.443;-6.331111;60.516666
1997-12-23;-5.2938232;-15.1923065;-11.288981;748.98755;0.631591;186.9867;100.0;0.0678277;159.19301;426.18814;0.07177869;-0.067772344;0.0;0.15708804;0.15708804;0.0;0.06422028;751.14;2867.1145;-888.6522;5178.614;-49.35;-10.586667
1997-12-24;-9.85123;-15.524533;-16.174974;746.8808;0.88781023;146.09059;100.0;0.06788957;161.41371;420.41016;0.014222692;-0.0106319785;0.0;0.15631318;0.15632808;0.0;0.012055039;819.62335;3053.14;-1208.7078;4332.5054;-5.948889;11.1455555
1997-12-25;-14.567135;-18.489174;-19.220526;745.02466;1.2323214;38.920506;100.0;0.06792048;163.00291;416.66666;0.008910894;0.016321428;0.0;0.15559793;0.15558302;0.0;0.008046627;841.04224;3059.051;-1083.3983;4232.9966;13.452222;-3.7833333
1997-12-26;-15.651955;-20.262291;-20.492208;745.6423;1.1895636;49.896255;100.0;0.06795172;164.34242;413.6149;0.010569698;0.01733005;0.0;0.15485287;0.15486032;0.0;0.0054351985;831.3089;2955.17;-1038.0928;4184.467;13.711111;10.095555
1997-12-27;-15.263944;-20.91893;-21.537994;749.4836;1.518023;11.808654;100.0;0.06797739;165.59242;410.88867;0.0013113022;0.021964312;0.0;0.15413761;0.15415251;0.0;0.0013001263;908.7789;3155.1355;-1209.5873;3906.0188;17.305555;53.345554
1997-12-28;-11.203708;-21.410475;-21.432394;750.5845;1.5144061;10.318154;100.0;0.06799817;166.76659;407.99966;0.0017082657;0.014184043;0.0;0.15343726;0.15343726;0.0;0.0;961.6289;3264.2957;-1221.4628;3925.5369;11.274445;135.14444
1997-12-29;-7.7978706;-20.854616;-16.445402;749.7736;0.72133476;270.2114;100.0;0.06802376;168.14125;404.45963;0.12304159;-0.023407862;0.0;0.1527369;0.15272945;0.0;0.11663884;838.79114;2786.9055;-739.35223;4928.6123;-18.104445;24.55889
1997-12-30;-7.857386;-10.953941;-11.334468;749.2126;0.5452366;218.79121;100.0;0.068510376;168.94823;405.1107;2.1342487;0.0016642734;0.0;0.15203655;0.15203655;0.0;2.1257548;684.8761;2231.719;-353.97223;5803.4634;1.4755555;-47.18222
1997-12-31;-7.7102075;-8.69205;-6.9457207;745.4858;0.84828407;222.69238;100.0;0.08324722;153.87758;539.14386;17.505915;-0.039858744;0.0;0.151366;0.1513511;0.0;17.497171;279.83112;1152.7067;-354.375;6139.0347;-31.30889;-89.12444
1998-01-01;-10.869687;-12.538608;-10.220433;743.3238;0.84372646;213.97731;100.0;0.08938781;152.53578;585.7747;1.5357196;-0.02636388;0.0;0.15068054;0.15068054;0.0;1.526542;530.5383;2193.4023;-631.63666;5515.9453;-20.572222;-103.594444
1998-01-02;-14.324351;-17.851505;-16.121675;741.3049;1.1002477;42.672512;100.0;0.09024286;154.1175;585.65265;0.3541708;0.00862591;0.0;0.14999509;0.15000254;0.0;0.35074353;693.125;2807.6755;-1208.5355;4290.975;6.8966665;-45.866665
1998-01-03;-15.939595;-20.94176;-21.654732;746.0744;1.3162696;19.936533;100.0;0.09038603;155.9059;580.0781;0.011104345;0.02074521;0.0;0.14933944;0.14933199;0.0;0.010229647;824.31055;3257.4146;-1127.2705;3959.3389;16.374445;16.946667
1998-01-04;-10.421786;-19.128937;-19.490662;748.46075;0.8813774;51.903156;100.0;0.09058019;157.3382;575.48016;1.8927515;0.002855435;0.0;0.14868379;0.14868379;0.0;1.8893256;796.935;3068.29;-424.86777;5041.599;2.4733334;20.848888
1998-01-05;-7.333262;-9.114198;-10.258176;744.07007;0.6140353;55.162113;100.0;0.097625695;151.5143;643.31055;5.4543614;0.014340505;0.0;0.14805794;0.14802814;0.0;5.4517837;327.02777;1322.8334;47.387222;6417.521;11.347777;-29.98889
1998-01-06;-7.256681;-8.819673;-7.6534157;744.4453;0.6842628;155.15393;100.0;0.099902116;155.28448;643.14777;1.3145208;-0.039318576;0.0;0.14737248;0.14737248;0.0;1.3080761;692.0511;2789.4734;-654.6222;5781.9883;-28.253334;-98.867775
1998-01-07;-10.614459;-12.813446;-11.187996;746.49146;0.858586;199.75557;100.0;0.100259066;159.79881;627.5635;0.387156;-0.038558617;0.0;0.14674664;0.14672428;0.0;0.3828816;716.8239;2820.3977;-919.48724;5072.691;-27.902222;-99.25445
1998-01-08;-10.030263;-12.342217;-10.831191;744.7116;0.98921293;166.29555;100.0;0.1039755;156.4544;663.6556;6.1367455;-0.031242147;0.0;0.14609098;0.14608353;0.0;6.0892143;562.79944;2230.0088;-514.2894;5668.37;-22.63;-72.16889
1998-01-09;-12.246849;-18.855402;-17.220585;746.0759;1.319906;9.282334;100.0;0.106853604;156.2477;684.40753;0.0036656857;-0.016707927;0.0;0.14546514;0.14545023;0.0;0.00282377;864.42944;3450.1;-1515.0411;3816.09;-10.34;30.448889
1998-01-10;-12.626445;-22.54212;-22.112799;741.5134;0.8731579;270.96768;100.0;0.106864415;158.4964;674.51984;0.013194581;-0.02062507;0.0;0.14480948;0.14481694;0.0;0.011466444;889.6983;3459.7656;-1148.1489;3913.161;-13.775;50.18667
1998-01-11;-13.227921;-17.41793;-20.516409;738.96735;0.8811814;113.83506;100.0;0.10799495;157.8675;683.10547;4.382238;0.016817823;0.0;0.14421344;0.14419854;0.0;4.378617;674.92725;2558.9155;-272.62946;5130.8267;13.571111;-2.42
1998-01-12;-11.492451;-14.168498;-13.995381;735.85504;1.3317823;54.057465;100.0;0.12167951;149.35773;812.9069;11.978894;-0.018894672;0.0;0.14358759;0.14358759;0.0;11.969455;457.91556;1942.0511;-477.81168;5411.1274;-13.33;-26.566668
1998-01-13;-13.770877;-20.674028;-17.46505;739.33594;1.1463451;148.04822;100.0;0.12442549;153.20995;812.4593;0.1772821;-0.032354146;0.0;0.14299154;0.14297664;0.0;0.17471984;834.1539;3461.3733;-1256.7772;4125.1064;-22.565556;-25.027779
1998-01-14;-11.79625;-18.466555;-20.57399;745.81683;1.0906209;178.55186;100.0;0.12445521;156.00194;798.1364;0.002133631;-0.0011567026;0.0;0.1423657;0.1423657;0.0;0.0;860.4422;3471.859;-1000.92554;4238.7935;1.4744444;59.75778
1998-01-15;-10.019204;-17.538885;-20.354876;746.95624;1.1274995;72.41273;100.0;0.12448374;158.55565;785.2376;0.0;-0.003377907;0.0;0.14175475;0.1417622;0.0;0.0;888.8394;3494.0532;-1035.4856;4239.055;-0.10666667;81.48778
1998-01-16;-10.476645;-18.574186;-20.557627;747.1794;1.2217926;36.029343;100.0;0.124509335;161.0449;773.4375;0.0;-0.0064894557;0.0;0.1411736;0.1411736;0.0;0.0;950.7528;3643.1921;-1086.6589;4162.9604;-2.4044445;83.01111
1998-01-17;-8.06906;-18.051666;-19.533752;746.1788;0.924239;51.57632;100.0;0.12452976;163.52406;761.71875;0.0008523463;-0.0142697245;0.0;0.14057755;0.14057755;0.0;0.0;934.82;3494.7588;-955.7317;4427.707;-8.5;75.89
1998-01-18;-8.775474;-17.948961;-18.335016;744.76044;0.74902654;240.53325;100.0;0.12454367;166.20311;750.0;0.0008702277;0.0012898818;0.0;0.13998151;0.14000386;0.0;0.0;872.7561;3185.9656;-967.44;4492.1865;1.9066666;34.788887
1998-01-19;-10.968781;-18.663332;-19.239344;745.38556;1.0019752;43.612415;100.0;0.12455869;168.83006;737.9964;0.0017166138;0.00428129;0.0;0.13941526;0.13943017;0.0;0.0;1036.5717;3693.92;-1261.7145;4054.859;4.3722224;23.582222
1998-01-20;-10.323726;-14.892125;-18.343346;745.061;0.8679154;115.983635;100.0;0.12462934;171.18878;728.35284;0.15519261;0.030022115;0.0;0.13887882;0.13886392;0.0;0.1491718;885.2144;3084.6123;-694.99664;4852.6445;23.655556;-4.963333
1998-01-21;-10.576739;-15.469097;-16.902811;747.84174;1.0930271;72.61756;100.0;0.12476814;173.80402;718.46515;0.0022649765;0.01887232;0.0;0.13828278;0.13829768;0.0;0.001385808;1079.6244;3687.1968;-1256.9734;4272.921;15.152778;-16.427778
1998-01-22;-8.294648;-15.513687;-17.213812;750.11456;1.0063647;40.032146;100.0;0.12479123;176.48924;707.8044;0.0017162336;0.019511208;0.0;0.13774633;0.13774633;0.0;0.0;1122.1934;3748.9734;-1172.5806;4384.98;15.546667;21.764444
1998-01-23;-7.4247665;-11.938262;-14.443105;746.41266;0.7152285;265.1609;100.0;0.12495351;179.20473;697.63184;0.4684627;0.014343299;0.0;0.13720989;0.13720244;0.0;0.465028;892.7389;2919.0156;-568.65;5354.599;11.48;-23.886667
1998-01-24;-7.203135;-9.001041;-9.852986;742.8702;0.46313432;155.20409;100.0;0.1268117;179.50519;706.0954;3.2875836;-0.030310825;0.0;0.13667345;0.13665855;0.0;3.2820516;639.38666;2137.1133;-364.75833;5980.541;-23.676666;-74.51778
1998-01-25;-8.003604;-9.945031;-8.476403;741.64044;0.7363104;181.03583;100.0;0.13279283;175.62987;755.0049;8.808439;-0.05128607;0.0;0.13613701;0.13612211;0.0;8.803349;578.5906;2066.4312;-446.28168;5936.142;-39.27111;-115.21667
1998-01-26;-8.604682;-10.310653;-9.142124;742.9339;0.68236464;206.67377;100.0;0.14026888;170.28416;823.73047;3.085202;-0.037790276;0.0;0.13557076;0.13557822;0.0;3.0775704;807.2222;3217.459;-677.1767;5616.283;-26.723888;-124.98889
1998-01-27;-10.207927;-12.6165;-10.58778;745.62115;0.80580574;133.62665;100.0;0.1411531;174.68651;808.7158;0.069093704;-0.05409587;0.0;0.13503432;0.13503432;0.0;0.06611645;954.0622;3732.0044;-1105.9833;4938.968;-38.93778;-138.25555
1998-01-28;-9.51096;-13.779948;-11.627254;743.7014;0.6821954;64.41748;100.0;0.14206028;177.9619;797.7702;4.2303085;-0.05147606;0.0;0.13449788;0.13449788;0.0;4.2217;683.7339;2607.2312;-388.98834;5742.8755;-37.635555;-77.92333
1998-01-29;-6.2834764;-7.2348404;-7.4667153;738.4827;0.747204;186.73964;100.0;0.1522109;171.00487;888.30566;13.495642;-0.03717933;0.0;0.13396144;0.13396889;0.0;13.474539;480.42334;1957.5233;-74.08278;6549.7554;-27.328333;-108.755554
1998-01-30;-9.106963;-11.050609;-7.712313;738.01984;1.1209093;213.75981;100.0;0.16448879;166.12596;989.46124;6.489873;-0.11310913;0.0;0.1334548;0.1334399;0.0;6.460428;762.98444;3244.5144;-753.9667;5601.886;-85.693886;-181.50667
1998-01-31;-10.144624;-11.659905;-9.262661;743.123;0.9638323;202.38646;100.0;0.16948974;168.1201;1008.5449;3.418851;-0.082968734;0.0;0.13291836;0.13291836;0.0;3.4143476;690.97943;2919.4077;-687.82556;5524.1333;-62.531113;-184.44444
1998-02-01;-10.849185;-14.547002;-12.775319;746.63055;0.95829827;80.332115;100.0;0.17047425;173.5169;983.23566;0.027239323;-0.040717423;0.0;0.13238192;0.13239682;0.0;0.02637878;991.4828;4094.8123;-1510.9277;4219.3867;-28.042223;-94.98556
1998-02-02;-10.187077;-20.297697;-17.5669;748.3781;0.92121243;139.36357;100.0;0.17048538;177.67934;959.8796;0.0;-0.047564507;0.0;0.13187528;0.13189018;0.0;7.4505806e-06;1043.6189;4195.5146;-1216.5017;4208.037;-33.09;3.69
1998-02-03;-7.4414773;-14.75147;-15.396095;748.3571;0.61116934;201.92906;100.0;0.17219627;179.37074;959.47266;4.8789444;-0.023227185;0.0;0.13136864;0.13136864;0.0;4.8710556;717.1111;2808.2534;-102.888336;5845.3613;-15.6027775;-22.001112
1998-02-04;-5.719396;-6.9599814;-10.208428;751.02026;0.776324;195.52728;100.0;0.17555349;180.9645;970.8252;0.1773268;0.008935109;0.0;0.130862;0.13086945;0.0;0.1738742;699.2539;2802.68;-435.6561;5901.9927;9.554444;-53.333332
1998-02-05;-5.35848;-9.3867035;-9.292747;751.81134;0.8371411;252.94981;100.0;0.17563355;187.18976;938.96484;0.005680322;-0.043550506;0.0;0.13035536;0.13035536;0.0;0.003941357;982.7289;3837.5;-984.14276;5276.184;-29.311666;-78.16889
1998-02-06;-3.573822;-5.8850913;-8.505905;747.5088;0.7923065;248.9355;100.0;0.17789574;191.59666;927.5716;9.671414;0.005493872;0.0;0.12984872;0.12985617;0.0;9.133529;842.6522;3207.2512;-417.71;6093.92;7.4194446;-54.97889
1998-02-07;-3.3267314;-4.0317817;-4.654699;739.8969;0.98994;211.87407;100.0;0.19120646;189.57257;1007.16144;16.39977;-0.042093918;0.0;0.12937188;0.12935698;0.0;15.819818;755.4961;3136.8655;-345.46222;6522.2446;-29.326666;-135.30444
1998-02-08;-6.6829934;-7.729244;-4.729037;737.4467;1.3589095;203.66826;100.0;0.21879148;182.62953;1196.2076;18.703257;-0.12799911;0.0;0.12886524;0.1288727;0.0;18.687353;677.8883;2949.0027;-927.44055;5650.566;-97.42555;-199.31778
1998-02-09;-11.601312;-17.567528;-10.217094;742.96027;1.2939066;58.184338;100.0;0.223944;188.333;1190.4703;0.4748702;-0.16618147;0.0;0.1283884;0.1283884;0.0;0.4722923;892.5972;3794.119;-1489.6176;4394.7153;-126.136665;-148.45334
1998-02-10;-13.254059;-23.638723;-18.141813;745.1475;1.5941111;25.307693;100.0;0.22400181;193.27406;1159.9935;0.0;-0.05572848;0.0;0.12788177;0.12789667;0.0;0.0;1172.1984;4840.75;-1892.1578;3263.125;-39.25111;23.103333
1998-02-11;-12.823776;-20.711548;-20.828867;743.2314;1.4234904;25.6333;100.0;0.2240078;196.26625;1142.334;0.0016003846;-0.023143366;0.0;0.12741983;0.12741238;0.0;0.00032037497;1144.5266;4606.927;-1219.9222;3984.888;-14.534445;17.393333
1998-02-12;-11.430404;-18.921267;-20.37776;742.2427;1.2382443;20.597937;100.0;0.22403765;199.01886;1126.6276;0.0030696392;-0.01893565;0.0;0.12692809;0.12694299;0.0;0.0013709068;1199.8066;4700.642;-1284.7234;3968.6912;-10.914444;10.912222
1998-02-13;-9.653221;-15.982781;-19.339663;740.022;1.0313553;227.33238;100.0;0.22413266;201.64972;1111.8978;0.5507543;0.01292862;0.0;0.12645125;0.12646616;0.0;0.547342;1188.9261;4540.859;-784.5689;4712.563;11.572222;-15.955556
1998-02-14;-9.495885;-10.796371;-14.044594;737.5476;1.0682083;210.93459;100.0;0.22876938;199.3587;1146.6471;8.382141;0.01787953;0.0;0.12603402;0.12601167;0.0;8.376293;561.5356;2154.6677;40.696667;6163.96;14.364445;-72.958885
1998-02-15;-11.295563;-20.504534;-13.038106;737.5386;1.057978;127.99787;100.0;0.23382576;198.61781;1178.182;0.4776852;-0.12244657;0.0;0.12554228;0.12554973;0.0;0.47502667;1204.8005;4860.2065;-1463.4094;4304.231;-90.89111;-158.6189
1998-02-16;-10.463879;-20.210678;-16.684778;741.96344;0.8218618;123.343544;100.0;0.23385306;202.85187;1153.5645;0.0034233427;-0.02072379;0.0;0.12509525;0.12509525;0.0;0.0;1274.4094;5008.6255;-1608.8892;3818.95;-14.547778;-48.35
1998-02-17;-8.662434;-19.206648;-18.428156;744.9531;0.8872908;201.90973;100.0;0.23386009;206.16241;1134.8877;0.00085234636;-0.01254864;0.0;0.124663115;0.12464821;0.0;0.0;1325.2084;5077.392;-1536.7167;3821.566;-8.152223;-1.721111
1998-02-18;-9.139618;-13.9733305;-17.847336;742.15814;0.71449184;231.03027;100.0;0.23453891;208.00096;1127.2787;3.6067843;0.029095449;0.0;0.12421608;0.12420118;0.0;3.6067815;1181.9767;4416.011;-578.9767;5101.892;23.18;-83.611115
1998-02-19;-10.088406;-13.317027;-13.043296;744.708;1.3139776;38.456867;100.0;0.2436148;198.7298;1225.1383;7.022172;-0.04081987;0.0;0.123769045;0.123769045;0.0;7.0213118;594.9756;2438.9622;-551.5628;5472.5845;-31.983334;-61.544445
1998-02-20;-11.471509;-20.832016;-16.302446;747.0009;1.4611017;23.169912;100.0;0.24522655;201.69398;1216.919;0.0010073185;-0.012557022;0.0;0.12335181;0.12332201;0.0;0.0005736947;1324.4478;5313.988;-1802.2089;3600.6147;-9.253333;-44.93778
1998-02-21;-9.076116;-20.09098;-17.907495;750.5739;1.6356779;17.947365;100.0;0.24522293;205.27602;1195.7194;0.0008523463;-0.0049443915;0.0;0.12290478;0.12289733;0.0;0.0;1342.295;5246.601;-1362.3478;4121.9883;-3.3244445;32.74
1998-02-22;-5.6859245;-14.226592;-16.471237;754.8696;1.7488661;19.995243;100.0;0.24524505;208.77309;1175.8627;0.00085234636;0.034551136;0.0;0.12245774;0.122472644;0.0;0.0;1375.5044;5242.875;-1331.0773;4349.9844;27.581112;57.661945
1998-02-23;-3.6862526;-14.651509;-15.15622;755.14777;1.4518822;22.423502;100.0;0.24527879;212.53416;1154.6631;0.0017156708;0.011870638;0.0;0.12207031;0.12204051;0.0;0.0;1442.0667;5362.507;-1430.1178;4352.6455;9.915556;59.310276
1998-02-24;-4.066767;-17.42695;-14.563109;751.40985;1.0486177;89.987274;100.0;0.24528559;216.4046;1134.1959;0.0;-0.018933788;0.0;0.12162328;0.12163073;0.0;0.0;1503.1178;5456.3604;-1524.4806;4265.835;-14.162222;17.25
1998-02-25;-6.5381494;-13.676465;-13.69447;745.70807;0.7456968;251.53157;100.0;0.24536526;220.17772;1115.3564;0.18519461;-0.0071348622;0.0;0.121206045;0.121213496;0.0;0.18132478;1092.4116;3872.4182;-921.75555;5027.46;-5.227778;-66.08972
1998-02-26;-7.5735664;-10.078452;-12.48549;743.79047;0.8158347;198.0929;100.0;0.24572659;223.75356;1098.877;0.84047914;0.011306256;0.0;0.12078881;0.12079626;0.0;0.83618987;1305.1633;4545.5864;-778.57556;5349.1626;9.222222;-135.31972
1998-02-27;-7.494635;-12.510502;-9.970627;743.3037;0.69661236;191.05103;100.0;0.24644184;227.22491;1085.6527;0.10582209;-0.08636713;0.0;0.12040138;0.12038648;0.0;0.10405108;1501.16;5214.78;-1458.7017;4728.1255;-67.28889;-210.32944
1998-02-28;-5.824337;-13.304574;-11.5298395;744.1866;0.91429764;58.347385;100.0;0.24641955;231.51723;1065.3483;0.00042617318;-0.0146999955;0.0;0.11998415;0.11998415;0.0;0.0;1631.2372;5537.8096;-1522.4294;4525.808;-10.862223;-109.585556
1998-03-01;-6.566873;-12.540676;-10.252945;740.1867;1.1935061;29.816101;100.0;0.24643986;235.52895;1047.0377;0.06991029;-0.07955544;0.0;0.11956692;0.11957437;0.0;0.06906688;1604.1917;5338.783;-1404.57;4831.6567;-61.84111;-167.65445
1998-03-02;-7.055185;-12.622764;-11.072682;742.57837;0.9754146;110.25779;100.0;0.24639015;239.47198;1030.1107;0.0022428131;-0.06542727;0.0;0.119164586;0.119164586;0.0;0.00010430813;1720.0394;5599.439;-1645.044;4421.4644;-50.732224;-160.64
1998-03-03;-6.6214814;-10.053822;-11.037289;746.04095;0.9127617;135.52895;100.0;0.24635546;243.03969;1014.48566;0.03560092;-0.045394525;0.0;0.118762255;0.118762255;0.0;0.031471252;1694.9427;5404.969;-1262.9194;4928.996;-35.162224;-166.17694
1998-03-04;-6.9945235;-12.243569;-9.514824;748.5157;0.93539685;104.771126;100.0;0.24628842;246.7617;998.69794;0.0031650066;-0.14412683;0.0;0.118374825;0.118367374;0.0;0.0023022294;1822.8008;5697.819;-1671.6833;4575.524;-112.69666;-217.2
1998-03-05;-5.5005364;-11.501716;-10.179695;748.89264;1.0170506;96.10877;100.0;0.2461706;250.3395;984.1716;0.0008523463;-0.11528842;0.0;0.117987394;0.11797249;0.0;0.0;1856.6997;5686.957;-1620.865;4581.7925;-90.06111;-161.77667
1998-03-06;-4.172384;-10.582259;-9.257949;748.47064;0.8831444;154.80107;100.0;0.24610873;253.79425;970.54034;0.0017149022;-0.042633153;0.0;0.11757016;0.11758506;0.0;0.0;1928.0405;5788.824;-1606.9338;4682.67;-32.732224;-124.5825
1998-03-07;-4.253235;-7.5401635;-7.997912;745.7548;0.8597544;114.78345;100.0;0.24608557;257.41666;956.50226;0.027215479;-0.03556907;0.0;0.11719763;0.11720508;0.0;0.024229288;1913.7494;5633.221;-1475.5566;4935.812;-27.282223;-167.35611
1998-03-08;-4.361074;-8.545146;-5.76856;745.1008;0.9495999;53.329975;100.0;0.24597473;261.38672;941.89453;0.011593103;-0.22619404;0.0;0.1168102;0.11681765;0.0;0.009424984;1813.6661;5245.329;-1236.4978;5436.8633;-177.1811;-263.1789
1998-03-09;-4.247538;-8.299535;-5.67454;746.24445;0.92845505;184.80573;100.0;0.24581604;265.5166;926.3916;0.0075250864;-0.16249716;0.0;0.11642277;0.11643022;0.0;0.005107373;1943.627;5502.097;-1599.24;4955.972;-127.047775;-194.12111
1998-03-10;-2.8174438;-5.202778;-4.4084983;748.8149;0.8371139;214.38348;100.0;0.2457;269.6852;911.7839;0.027492642;-0.12448244;0.0;0.11605024;0.11605024;0.0;0.021487474;1941.6742;5385.822;-1265.5516;5518.3525;-97.18445;-215.41333
1998-03-11;-1.8129883;-4.8737283;-2.25766;749.9406;0.9060981;155.97148;100.0;0.24555449;275.7832;891.5202;0.004972151;-0.19737333;0.0;0.115677714;0.115670264;0.0;0.0019706786;2149.1587;5810.4907;-1651.9039;5222.868;-154.30112;-249.27222
1998-03-12;-2.9108684;-4.6932893;-1.8366165;747.3239;1.0444795;176.23537;100.0;0.24888325;278.31802;893.2292;13.865251;-0.2711825;0.003427267;0.11873245;0.115305185;0.0;12.966938;1498.6398;4004.344;-787.3775;6168.6206;-212.74;-271.91888
1998-03-13;-3.0800679;-5.3848443;-1.332222;746.9243;0.97667384;155.46199;100.0;0.26072016;268.41373;972.7376;1.7160773;-0.2843961;0.014320016;0.12923777;0.11493266;0.19773096;1.6027763;1670.6711;5719.47;-1507.331;5380.2837;-222.85556;-335.29666
1998-03-14;-4.046602;-6.0376625;-2.1766803;743.2883;1.0019608;233.71269;100.0;0.26101676;274.06934;953.4505;3.1526113;-0.36026165;0.0;0.11456013;0.11456013;0.0;3.0545816;1665.1875;5137.2285;-1068.5186;5832.206;-281.7022;-361.58112
1998-03-15;-3.951833;-6.0045266;-2.324735;741.1347;0.8221459;174.56573;100.0;0.26355407;274.8434;960.612;0.46169758;-0.3533494;0.0;0.1142025;0.1141876;0.0;0.4563406;1644.8844;5209.58;-1108.897;5790.8433;-275.48444;-364.79
1998-03-16;-2.5713398;-6.1166115;-1.9251608;741.0181;0.68014556;115.00454;100.0;0.26897928;273.4414;983.0322;24.91245;-0.34315324;0.013872981;0.12768805;0.11381507;0.0;23.214046;1386.62;4168.807;-672.3603;6394.042;-267.27722;-235.27556
1998-03-17;-2.7094727;-3.6659954;-1.0435282;738.066;0.6573592;172.96745;100.0;0.3152577;234.60968;1342.3258;32.793938;-0.16639382;0.0371933;0.15062094;0.11344999;0.12639537;31.154879;586.9461;2444.4648;-408.3264;6663.6187;-129.83112;-213.08167
1998-03-18;-5.0006104;-6.4264016;-1.7320175;737.61566;1.0477729;161.72739;100.0;0.32967827;235.62953;1399.8617;12.825447;-0.34048688;0.0;0.11309981;0.11309236;0.0;12.6109085;1014.2192;3770.8381;-766.94165;6127.8135;-266.08777;-400.49667
1998-03-19;-8.244873;-9.716595;-4.71763;740.9837;1.4366175;201.25964;100.0;0.34085226;235.47687;1447.998;8.963214;-0.2898425;0.0;0.112742186;0.112734735;0.0;8.957081;989.94916;3893.521;-743.54724;5810.9995;-226.57889;-462.46222
1998-03-20;-7.331848;-8.560883;-6.070967;741.4837;0.8594261;182.66057;100.0;0.35346058;230.1598;1535.319;13.360858;-0.10924414;0.0;0.11238456;0.11238456;0.0;13.3545885;569.1886;2391.7488;-327.77057;6280.3022;-85.11667;-216.40445
1998-03-21;-6.9984;-8.886439;-6.260302;747.65424;1.4209908;206.52345;100.0;0.3596517;233.09764;1544.0267;3.7304103;-0.20568632;0.0;0.11201203;0.11201948;0.0;3.723152;1279.0089;5371.5312;-695.7328;5895.1543;-159.50111;-381.90668
1998-03-22;-5.82546;-7.134585;-5.382759;748.8389;1.2561735;204.08553;100.0;0.36975834;233.34666;1583.7809;14.587844;-0.12873858;0.0;0.1116693;0.11167675;0.0;14.490858;665.9861;2798.359;-348.99445;6360.65;-100.12111;-224.90445
1998-03-23;-3.7178752;-6.5293174;-4.7794204;747.12604;1.3682982;203.64369;100.0;0.37803626;236.44562;1600.3824;4.3375163;-0.16840361;0.0;0.111311674;0.111326575;0.0;3.9127917;1328.555;5640.1763;-925.58057;5834.2563;-129.41777;-251.56111
1998-03-24;-4.857811;-6.817108;-4.775486;742.889;1.6064882;198.25175;100.0;0.38656756;240.25487;1609.6598;7.483877;-0.10971725;0.0;0.110954046;0.11096895;0.0;7.276438;1251.1039;5275.302;-1018.5389;5676.156;-83.90111;-277.17557
1998-03-25;-8.986541;-11.773107;-7.007357;745.5634;1.3723611;159.38182;100.0;0.3903145;246.17543;1587.2396;1.3189862;-0.23831335;0.0;0.11062622;0.11062622;0.0;1.3156533;1479.956;6174.1567;-1460.7184;4792.4224;-184.89111;-415.02444
1998-03-26;-4.9662375;-19.59331;-9.685416;749.93695;1.0859171;101.60587;100.0;0.39065;252.06085;1551.473;0.0038534398;-0.11002272;0.0;0.110283494;0.110283494;0.0;0.002130866;1733.1589;7066.574;-1629.6409;4510.591;-84.97667;-228.46889
1998-03-27;-1.0616049;-10.723392;-8.356606;751.15314;0.645798;202.41325;100.0;0.39065006;257.49057;1518.6361;0.11687279;-0.0039078295;0.0;0.10994077;0.10994077;0.0;0.02901256;1071.1938;4254.0396;-423.18;6153.9087;-2.3255556;-113.72222
1998-03-28;0.29937744;-1.4716797;-3.1829426;749.92944;0.65480345;149.15605;100.0;0.39541808;264.15268;1497.0703;20.454023;0.015283003;0.24041533;0.35001338;0.10961294;0.0;8.159041;923.91223;3565.7395;-118.54;7015.4346;12.667778;-135.26
1998-03-29;-2.2368672;-2.7100422;-0.079447426;740.3293;0.58204514;188.46698;100.0;0.43097356;256.71875;1676.9613;61.523674;-0.17959532;2.6963055;2.8055906;0.109277666;1.4711843;40.72793;360.00665;1449.0044;-187.77278;6996.2676;-140.55112;-205.27333
1998-03-30;-4.7332153;-6.21166;-0.7898738;740.8474;1.4730891;193.18785;100.0;0.4538313;253.68878;1788.7369;16.644407;-0.51563513;0.0;0.10895729;0.10894984;0.0;16.52507;1570.9906;5916.714;-997.4053;5937.9155;-402.2689;-624.76917
1998-03-31;-4.9318542;-6.605868;-1.7415148;744.4925;1.1429427;150.99443;100.0;0.48065147;246.60187;1949.3815;13.364077;-0.40405244;0.0;0.108629465;0.108629465;0.0;13.342075;1485.7728;5997.868;-1222.708;5607.352;-314.11444;-518.9311
1998-04-01;-4.39976;-7.8857484;-3.918214;749.0064;0.94137365;99.92043;100.0;0.4821397;257.4606;1875.2441;0.00719726;-0.33860373;0.0;0.10830164;0.10830164;0.0;0.00461936;1888.4811;6846.7153;-1583.4392;5096.2563;-261.6611;-405.68
1998-04-02;-2.7125664;-7.516805;-5.282396;750.0862;0.75288135;205.62543;100.0;0.4820898;266.24545;1812.4186;0.608959;-0.14467445;0.0;0.10800362;0.107988715;0.0;0.5236119;2038.1361;7163.7026;-1507.7778;5130.911;-108.44666;-250.60445
1998-04-03;-2.2352803;-4.021006;-3.1995442;746.0197;0.5995802;141.45833;100.0;0.489737;270.09604;1812.5814;18.70035;-0.10824762;0.022858381;0.13054907;0.10767579;0.0;16.607206;1123.1389;3969.2961;-530.3433;6451.312;-82.7;-194.02333
1998-04-04;-2.5670269;-4.3352456;-1.9000854;744.2255;0.9667485;129.19986;100.0;0.5032195;271.91763;1852.9053;3.5115778;-0.18004514;0.03749132;0.14485419;0.10737777;0.2852641;2.9899702;1496.1478;6014.2437;-1384.1161;5505.5356;-137.67278;-326.43
1998-04-05;-1.7380066;-6.6322327;-2.7410023;748.1719;1.4895948;23.349688;100.0;0.50405365;281.16635;1795.5729;0.09037554;-0.24838465;0.010371208;0.11745095;0.107079744;0.086806715;0.021606684;1853.2333;6667.654;-1430.7644;5412.459;-189.53055;-236.68556
1998-04-06;1.4202982;-7.1730247;-2.592654;753.5678;1.0714434;53.971375;100.0;0.50364095;289.99088;1739.9902;0.0;-0.14296454;0.07647276;0.18325448;0.10677427;0.6046295;0.0;2228.6628;7409.257;-1776.1744;5087.292;-105.522224;-197.30333
1998-04-07;1.8264872;-7.8184;-1.8527527;752.9023;1.0676261;84.53737;100.0;0.50259477;298.79428;1685.7096;0.0008583069;-0.17336942;0.16780198;0.27430058;0.1064837;1.2461059;0.0;2427.4927;7459.8604;-1847.3094;5056.939;-129.195;-199.67722
1998-04-08;1.0075175;-7.020996;-1.1344808;750.0505;1.1445946;71.45553;100.0;0.50120527;308.4756;1628.418;0.00085234636;-0.21305773;0.19428134;0.300467;0.106200576;1.3180003;0.0;2682.5662;7503.6606;-1900.8066;5109.0347;-160.09;-205.06111
1998-04-09;1.8552347;-6.619161;-0.49601236;751.783;1.1365608;52.38097;100.0;0.49768087;319.1898;1562.9069;0.0008523463;-0.32626837;0.8222759;0.9281635;0.10588765;5.449124;0.0;2927.9917;7466.661;-1763.9105;5360.1567;-235.82889;-157.3811
1998-04-10;3.2501628;-5.7202554;-0.31850943;754.10187;1.173009;79.09954;100.0;0.48933008;328.7972;1491.6992;0.0017177108;-0.33525097;1.6504526;1.7560124;0.105559826;10.371204;0.0;3157.8088;7521.751;-1756.753;5443.93;-241.6489;-121.54806
1998-04-11;4.805796;-4.541107;-0.25294623;757.8172;1.2381427;32.778088;100.0;0.4766865;337.17642;1417.1957;0.0;-0.32146928;2.5901794;2.7002394;0.11007488;14.150437;0.0;3299.271;7471.9004;-1540.0488;5731.104;-229.26445;-85.86833
1998-04-12;5.852722;-4.186493;-0.20018132;759.1829;1.1729497;67.90237;100.0;0.46058616;344.4811;1340.332;0.0008523463;-0.32755548;4.2927713;4.4053793;0.112608075;17.129574;0.0;3386.2317;7382.1187;-1502.1028;5815.4424;-233.36778;-72.92111
1998-04-13;5.8235574;-3.191508;-0.23084514;754.71906;1.101709;159.60239;100.0;0.44340417;351.40723;1264.974;0.0008523463;-0.3023762;5.136311;5.2824316;0.14613569;17.132473;0.0;3616.2744;7658.8457;-1775.7012;5497.95;-213.80222;-89.48778
1998-04-14;4.7133994;-4.9095054;-0.260437;753.32324;1.2103068;81.585495;100.0;0.42687604;358.76822;1192.9525;0.0;-0.36983192;4.8092456;4.9721003;0.16284734;16.319767;0.0;3702.729;7669.8643;-1716.9028;5543.622;-265.03333;-90.096664
1998-04-15;5.9155374;-2.1021118;-0.18130112;753.02075;1.1116489;106.4894;100.0;0.40865424;365.7679;1120.1986;0.018262863;-0.3308868;6.085843;6.4346194;0.34877658;19.157581;0.0;3632.9111;7398.116;-1381.7463;5999.633;-235.13333;-81.226944
1998-04-16;5.7944436;-0.05754598;-0.1319987;749.88214;1.0987483;152.89459;100.0;0.38842762;371.41992;1048.7875;0.44496652;-0.28278214;6.730065;7.2666407;0.53658336;20.726402;0.0;3470.9756;6976.5054;-1204.4645;6208.6343;-199.16444;-105.7825
1998-04-17;3.3098755;1.9117838;-0.019381205;745.9782;0.7860691;156.51862;100.0;0.37164375;375.9795;990.6006;21.794897;-0.06115064;11.861801;12.533694;0.67189336;16.316797;0.0;1765.1455;3505.3945;-108.66889;7341.5386;-38.552223;-92.26889
1998-04-18;1.7133179;0.5268758;-0.044645946;747.0529;1.1106788;174.61494;100.0;0.3541471;378.48404;937.9476;9.096593;-0.23372471;10.6114;12.126774;1.5154034;18.609438;0.0;2537.976;5005.5522;-610.4769;6821.582;-169.99889;-179.14333
1998-04-19;3.1306152;-1.3317261;-0.13337071;747.9899;1.122934;122.91096;100.0;0.33462074;382.21973;877.889;0.057905912;-0.47562644;7.700041;8.427858;0.7277876;20.553968;0.00010430813;3524.8955;6910.3677;-1280.3475;6083.2134;-350.36777;-181.05556
1998-04-20;1.1412455;-1.0616964;-0.15249126;744.9824;0.954348;184.64357;100.0;0.31887937;387.736;824.4629;3.3527775;-0.35535172;5.994901;7.1398168;1.1449232;13.555769;0.00756979;2677.6394;5225.6616;-853.61;6487.471;-265.52112;-195.56111
1998-04-21;-0.7110494;-5.0052695;-0.20132573;742.0903;1.2161856;227.28662;100.0;0.30598345;392.01822;782.43;1.0313048;-1.049417;4.4728813;4.773468;0.30057132;12.352727;0.3481321;3706.26;7280.5483;-1617.5803;5568.0054;-804.14;-413.12
1998-04-22;-1.8038025;-3.4222412;-0.30736288;741.9312;0.8117755;173.48022;100.0;0.30193886;390.02832;775.0651;6.9990454;-0.4459936;1.5208572;1.6967058;0.1758486;3.69009;4.5385656;1969.8656;4334.802;-831.7411;6323.406;-340.1111;-308.23138
1998-04-23;-2.5175579;-3.9753215;-0.1766917;741.37494;0.7329481;211.18977;100.0;0.3056155;379.06055;807.00684;11.098117;-0.50634515;1.2112111;1.408279;0.19706786;3.1321235;9.716749;1831.5566;4724.475;-883.3553;6273.0723;-386.91888;-390.03223
1998-04-24;-1.2610983;-3.805888;-0.21222687;745.13477;0.86070234;241.91765;100.0;0.3078413;373.00357;826.945;0.98854303;-0.5913787;0.8647293;1.0812283;0.21648407;2.5584958;0.17248094;2227.0679;6637.1597;-1007.7894;6192.741;-445.9222;-337.9111
1998-04-25;-0.49232993;-3.570465;-0.13993962;747.658;0.99668646;150.38641;100.0;0.30155572;377.79916;800.1709;0.9616524;-0.62346643;2.816677;3.0923934;0.27570128;8.514338;0.010777265;2605.879;6963.574;-1330.5092;5868.6333;-469.40112;-343.83667
1998-04-26;-0.22265625;-3.0466309;-0.2598699;747.84106;0.87789273;145.32701;100.0;0.29623213;384.48764;772.29816;2.0097673;-0.28403288;1.51214;1.7661154;0.2539903;3.473267;0.015974045;1630.1516;4022.159;-621.6886;6572.169;-211.52112;-129.4
1998-04-27;2.4637554;0.35742188;-0.026098887;748.2649;0.8071208;177.54655;100.0;0.28834713;389.6732;742.0654;16.126577;-0.1381971;10.473996;11.345715;0.8717105;12.457773;0.13874471;1884.6805;4374.9917;-521.8961;6867.9585;-96.67667;-111.45333
1998-04-28;1.5824789;-1.6283671;-0.112953186;747.35626;1.0232624;232.27257;100.0;0.277405;383.7168;724.1211;8.04402;-0.49788877;7.2364063;8.4242525;1.1878386;13.77393;3.1130388;2642.9177;6786.0386;-1178.4897;6110.3833;-369.3622;-224.35889
1998-04-29;2.0950623;-1.9901733;-0.26756033;749.15485;1.1273178;245.12994;100.0;0.26534888;387.69727;686.6455;0.01590252;-0.49220306;4.2827425;4.681006;0.3982708;12.30773;0.0;3141.1882;7529.2524;-1462.0117;5803.092;-361.47446;-188.17667
1998-04-30;1.4927368;-0.72299194;-0.29592514;748.488;1.1288173;134.33958;100.0;0.25354174;395.83365;642.61884;4.8922005;-0.25002474;6.5016003;7.755771;1.2541487;11.329948;9.685755e-05;2744.2922;6250.487;-1225.1217;6008.2134;-177.93167;-160.82666
1998-05-01;1.4732462;-0.3756205;-0.21317673;748.9495;1.039549;83.56395;100.0;0.24142547;402.6875;601.48114;6.32351;-0.22834912;7.4109735;8.074432;0.6634742;12.220666;0.0003501773;2303.5955;5043.4526;-860.545;6418.079;-164.55112;-176.76334
1998-05-02;2.0004883;0.4779358;-0.14742406;750.78864;0.9914434;71.40223;100.0;0.22827141;408.27115;561.40137;8.560106;-0.1565041;9.445548;10.727226;1.2816861;16.177126;8.940697e-05;2556.6;5433.2734;-764.54083;6610.0063;-107.907776;-171.77667
1998-05-03;3.3365479;0.67592365;-0.18868001;752.8829;1.0729005;63.28923;100.0;0.20993252;412.30142;511.84082;5.15821;-0.23170653;10.992676;12.759357;1.7666891;19.937157;0.0;3057.8794;6349.91;-1089.5527;6284.682;-162.64223;-196.53667
1998-05-04;5.889099;-0.13431804;-0.3335546;753.7275;1.2232587;93.63955;100.0;0.18969841;419.6481;455.1188;0.06234646;-0.38971752;8.7315445;9.843141;1.1115744;21.309282;0.00032037497;3774.8645;7699.229;-1324.914;6077.3813;-277.57443;-128.59334
1998-05-05;8.639923;1.2110697;-0.3046519;752.26227;1.140487;109.9465;100.0;0.16664784;428.57812;391.7643;0.0004351138;-0.32638666;10.828346;13.524085;2.6957393;24.107277;0.0;3897.725;7841.9185;-1311.7731;6157.58;-227.47112;-65.21667
1998-05-06;10.271851;2.5904644;-0.27348074;753.7593;1.1736672;150.66605;99.45215;0.1409607;435.74707;325.72427;0.9115815;-0.28641987;12.357757;15.813947;3.4561753;26.294962;0.0;3744.6128;7447.455;-1086.8774;6408.6313;-196.85222;-31.266666
1998-05-07;10.2595415;1.8752733;-0.26043573;756.92285;1.2486144;104.410614;97.26587;0.114569865;442.05566;260.98633;0.1090765;-0.36551896;10.370106;13.62586;3.2557397;26.293785;0.0;3684.047;7175.5576;-862.0989;6698.479;-254.04445;-35.094444
1998-05-08;11.156738;2.0329487;-0.22550583;758.17035;1.2871433;117.910645;93.62199;0.08719778;446.97006;196.69597;0.21798716;-0.4509818;12.500659;16.816154;4.3155103;27.798668;0.0;3759.0894;7168.8657;-837.3972;6809.4097;-312.6072;-25.50389
1998-05-09;11.96407;0.8624471;-0.26763663;756.9034;1.2471021;98.7537;88.37142;0.061872046;449.65234;138.91602;0.7069588;-0.556482;9.633795;13.99222;4.3584332;23.379213;0.0;3470.8079;6416.43;-805.41724;6844.951;-389.1111;15.041111
1998-05-10;12.426555;0.041066486;-0.411026;754.15845;1.3105053;90.04215;75.677895;0.03811304;450.0;85.85612;0.010359287;-0.8465406;10.610208;15.526056;4.9158483;23.930662;0.0;4056.3906;7221.182;-1070.6483;6660.19;-592.14886;-19.443333
1998-05-11;11.095571;1.932424;-0.29474768;750.5159;1.4874992;146.71832;43.023113;0.01867187;450.0;42.27702;4.3244658;-1.9544894;7.765591;13.716042;5.9504285;16.459602;0.0;5081.458;7673.3013;-1152.0627;6950.824;-1363.6855;-197.26666
1998-05-12;6.781504;5.376455;0.0019098917;747.1879;0.93746305;148.89336;20.24878;0.00889488;450.0;20.141602;46.20892;-0.95486826;25.206656;36.786198;11.579588;5.1198826;0.0;1981.17;2693.09;-241.43556;7735.6133;-661.5383;-277.06332
1998-05-13;5.3053284;0.739563;-0.29493204;746.7448;1.2452152;219.01924;10.470215;0.004557729;450.0;10.213216;2.6055722;-2.5622566;2.0168276;13.349533;11.332713;3.6746337;0.0;5203.033;6821.38;-1566.4253;6495.6733;-1782.8639;-1154.07
1998-05-14;3.8447063;1.0481262;-0.43019104;746.45416;0.9895749;194.24474;5.039795;0.0022010405;450.0;4.679362;5.8856936;-2.1448648;1.9419342;13.01092;11.068985;1.5949235;0.0;4803.1245;6180.749;-1537.6464;6453.515;-1490.7944;-1200.7045
1998-05-15;4.3295493;0.5920817;-0.4230194;748.2193;1.1637124;157.65196;2.499593;0.0010794798;436.21973;2.4414062;1.6869783;-2.4393313;0.5540848;10.857701;10.303632;0.83250177;0.004377216;4888.135;6237.468;-1624.1914;6412.499;-1695.0488;-1205.6211
1998-05-16;4.9275002;1.8823853;-0.31421915;750.8406;1.0975369;118.268974;1.1421713;0.00049034756;435.5078;1.3427734;2.8574169;-2.5011618;0.6940067;10.067433;9.373426;0.43595582;0.0;5140.187;6520.007;-1643.5253;6546.8423;-1737.5333;-1303.9423
1998-05-17;7.44047;2.0976055;-0.29327774;753.20874;1.1016763;145.67982;0.46663412;0.00019919872;434.43457;0.44759116;0.13518333;-3.1724806;0.071674585;8.544773;8.473099;0.2057068;0.00010803342;5793.029;7321.4355;-1917.2997;6454.3;-2203.8323;-1140.9388
1998-05-18;8.155457;2.8755596;-0.29471588;753.2243;0.9465291;153.79161;0.17789714;7.601579e-05;434.28125;-7.345365e-21;3.0170412;-2.7202964;0.60626864;8.281157;7.6748953;0.073738396;0.0;5257.5874;6630.67;-2020.5427;6374.451;-1889.6945;-892.7511
1998-05-19;7.694102;2.5242107;-0.015961966;750.18353;1.0699941;94.77456;0.07047526;2.9762587e-05;434.28125;-7.345365e-21;8.456841;-2.7864687;1.6908348;8.682281;6.991461;0.030592084;0.0;5147.8716;6482.452;-1684.9005;6747.3013;-1935.669;-1052.62
1998-05-20;7.3565774;-0.6301473;-0.3173116;745.8377;1.8333415;169.5387;0.027018229;1.1444092e-05;427.8151;-7.345365e-21;0.7323265;-3.5872123;0.12269616;6.532803;6.410107;0.011503696;0.0;6447.7715;8109.3564;-2364.4995;5986.879;-2491.9277;-1353.2622
1998-05-21;2.9654949;-0.8463033;-0.34151968;744.5743;1.5630975;217.69438;0.011555989;4.6888986e-06;422.5498;-7.345365e-21;7.724889;-2.7012815;1.3842881;7.301301;5.916968;0.0037290156;0.0;5412.6304;6799.471;-1531.5331;6505.931;-1876.4961;-1835.4412
1998-05-22;3.0529583;1.7165629;0.009712219;747.35693;1.0995983;222.82173;0.0050455728;2.3444493e-06;422.04233;-7.345365e-21;7.8080597;-2.096259;1.45863;6.9563985;5.4977536;0.0017210841;0.0;3844.399;4823.6367;-915.9139;7132.7363;-1456.2023;-1353.1489
1998-05-23;4.3572288;0.4817505;-0.5859108;748.79205;1.1556736;141.60199;0.002766927;1.2715658e-06;386.348;-7.345365e-21;2.7451715;-2.8214586;0.48224628;5.6191387;5.1368923;0.0009797513;5.9604645e-05;5432.2866;6809.426;-1774.9806;6403.1187;-1959.9734;-1546.0411
1998-05-24;5.307943;-0.8630473;-1.2404581;749.2483;1.1722414;110.3736;0.0011393229;3.5762787e-07;304.5791;-7.345365e-21;0.863868;-3.057733;0.13539195;4.9580336;4.8226566;0.00051409006;0.00010803342;5759.783;7212.47;-2055.185;6180.0566;-2124.1055;-1279.8822
1998-05-25;6.9882913;-1.6376953;-1.5512861;752.8638;1.3695916;116.01361;0.0;-7.3453654e-25;292.61978;-7.345365e-21;0.15651584;-3.5457928;0.021517277;4.565448;4.5439453;0.00017136335;0.0;6362.928;7959.4;-2320.963;5976.5244;-2463.1445;-1262.8478
1998-05-26;9.544078;0.13036092;-2.4700546;755.2358;1.0635706;90.85965;0.0;-7.3453654e-25;193.55144;-7.345365e-21;0.005322695;-3.8170555;0.00059604645;4.2935014;4.2928905;4.8428774e-05;0.0;6674.0283;8339.624;-2418.4773;6160.5166;-2651.581;-1017.37555
1998-05-27;11.7789;0.58381146;-1.0090256;754.867;1.071803;81.62507;0.0;-7.3453654e-25;105.81671;-7.345365e-21;0.0008523463;-4.0529222;0.00011920929;4.0645895;4.064478;1.1175871e-05;0.0;6729.6016;8400.127;-2481.3555;6272.7676;-2815.43;-880.97
1998-05-28;11.494527;2.9898274;0.009649913;751.3533;1.1290361;89.22669;0.0;-7.3453654e-25;99.99998;-7.345365e-21;2.411247;-3.2002823;0.3183633;4.1751566;3.856793;0.0;0.0;5371.338;6697.4453;-1841.2483;6951.3354;-2223.13;-755.4178
1998-05-29;6.708323;4.469452;0.00985082;746.4065;1.1292386;149.43752;0.0;-7.3453654e-25;99.99998;-7.345365e-21;6.9467006;-2.020022;1.0192841;4.689187;3.6699176;0.0;0.0;3533.535;4400.5933;-1419.1161;6858.2295;-1403.2422;-861.69336
1998-05-30;8.45995;2.200246;0.009885152;747.2918;1.0270712;99.46436;0.0;-7.3453654e-25;99.99998;-7.345365e-21;0.038421504;-2.8774385;0.004515052;3.5027266;3.4982114;0.0;0.0;4693.394;5839.3867;-1386.7728;7123.463;-1998.8611;-959.1767
1998-05-31;9.048726;2.9503682;0.010035197;747.9787;1.137021;180.45189;0.0;-7.3453654e-25;100.00519;-7.345365e-21;0.6318629;-2.9191515;0.071555376;3.410399;3.3388212;0.0;0.0;5262.0337;6540.44;-1819.853;6723.188;-2027.8378;-1092.5767
1998-06-01;8.7127075;3.5993042;0.009852092;749.13434;1.1550238;186.74101;0.0;-7.3453654e-25;99.99998;-7.345365e-21;3.2884061;-2.7929013;0.40704012;3.5990329;3.1919777;0.0;0.0;5279.3228;6554.701;-1772.1367;6773.89;-1940.1355;-1251.0311
1998-06-02;9.451335;1.0684509;0.009882609;748.80304;1.2612422;129.61275;0.0;-7.3453654e-25;99.99998;-7.345365e-21;0.66387606;-3.510805;0.073328614;3.1290054;3.0556843;0.0;0.0;6159.132;7639.2456;-2199.8745;6381.741;-2438.8389;-1303.2167
1998-06-03;9.358409;-0.32906088;0.010163625;750.2661;1.2324692;127.46941;0.0;-7.3453654e-25;99.99998;-7.345365e-21;0.12720525;-3.447854;0.013396144;2.9413998;2.9279888;0.0;0.0;6133.765;7599.811;-2179.186;6373.783;-2395.109;-1280.5834
1998-06-04;11.145966;0.6588542;0.010192871;752.8144;1.2868916;102.68272;0.0;-7.3453654e-25;99.99998;-7.345365e-21;0.06097555;-3.7528892;0.00628829;2.8147697;2.8084664;0.0;0.0;6424.399;7951.5576;-2309.201;6417.932;-2607.0078;-1101.5022
1998-06-05;12.6814575;-1.1215414;0.009958903;754.7717;1.3912234;120.6959;0.0;-7.3453654e-25;99.99998;-7.345365e-21;0.0008702277;-4.1341224;8.940697e-05;2.6961267;2.696052;0.0;0.0;6854.5513;8475.119;-2562.6248;6296.021;-2871.8354;-973.6589
1998-06-06;15.354909;-0.35674033;0.010000865;753.92535;1.6235365;126.67425;0.0;-7.3453654e-25;99.99998;-7.345365e-21;1.2987956;-3.920123;0.14275312;2.733469;2.590716;0.0;0.0;6413.8037;7921.82;-2395.862;6623.677;-2723.179;-789.2267
1998-06-07;14.21404;-1.1393942;0.009686788;754.69147;1.1236542;137.27704;0.0;-7.3453654e-25;99.99998;-7.345365e-21;0.009816885;-3.9050412;0.0008791685;2.4927557;2.4918466;0.0;0.0;6811.3076;8403.953;-2649.2886;6302.5234;-2712.7021;-1103.1145
1998-06-08;13.328949;-3.21992;0.010019938;753.4235;1.2458078;168.71986;0.0;-7.3453654e-25;99.99998;-7.345365e-21;0.0017250441;-3.8331776;0.00014901161;2.3986697;2.3985357;0.0;0.0;7022.384;8655.324;-2889.7266;6016.6646;-2662.78;-1149.3188
1998-06-09;13.668182;-2.7188618;0.0097516375;752.2339;1.2290627;121.159874;0.0;-7.3453654e-25;99.99998;-7.345365e-21;0.0;-3.710119;0.0;2.310425;2.3104324;0.0;0.0;6988.0034;8603.9;-2837.1196;6169.8965;-2577.2966;-1138.5845
1998-06-10;14.216176;0.38057455;0.010065715;751.99023;1.2638104;112.09775;0.0;-7.3453654e-25;99.99998;-7.345365e-21;0.0031977892;-3.3782544;0.00023841858;2.2275;2.2272615;0.0;0.0;6695.4717;8235.058;-2698.63;6408.511;-2346.76;-1222.5377
1998-06-11;14.753052;0.73395795;0.009864807;752.02325;1.195225;90.67765;0.0;-7.3453654e-25;99.99998;-7.345365e-21;0.0;-3.3649857;0.0;2.1485388;2.1485314;0.0;0.0;6896.289;8473.229;-2773.3867;6461.6343;-2337.5432;-1275.1945
1998-06-12;15.639485;1.4239908;0.01043574;751.26556;1.354207;97.66277;0.0;-7.3453654e-25;99.99998;-7.345365e-21;0.0007778405;-3.1411881;5.9604645e-05;2.0740032;2.0739288;0.0;0.0;6541.7915;8029.291;-2567.8394;6790.401;-2182.0789;-1273.6433
1998-06-13;14.675232;2.8663838;0.009892781;751.6374;1.3129762;43.297596;0.0;-7.3453654e-25;99.99998;-7.345365e-21;0.07798672;-2.7285516;0.0053346157;2.0088553;2.0035057;0.0;0.0;6126.4136;7511.5757;-2467.9556;6857.6743;-1895.4333;-1376.7522
1998-06-14;15.213002;2.1822815;0.010008494;752.4505;1.2585965;62.968792;0.0;-7.3453654e-25;99.99998;-7.345365e-21;0.008297774;-2.7715778;0.00059604645;1.9372106;1.9365996;0.0;0.0;6654.451;8150.5566;-2690.7654;6751.791;-1925.3223;-1522.5155
1998-06-15;16.371338;2.3518982;0.009947459;753.7984;1.2797929;98.80603;0.0;-7.3453654e-25;99.99998;-7.345365e-21;0.0;-2.6513124;0.0;1.8728077;1.8728077;0.0;0.0;6432.974;7871.0967;-2638.082;6993.331;-1841.7783;-1393.68
1998-06-16;15.76891;4.5117393;0.010134379;756.1276;1.4115286;69.244774;0.0;-7.3453654e-25;99.99998;-7.345365e-21;3.7206948;-2.3843079;0.31253695;2.1250248;1.8124729;0.0;0.0;6130.2017;7499.6587;-2476.321;7105.33;-1656.2988;-1572.2444
1998-06-17;15.374156;1.918986;0.009944916;755.28094;1.5044366;64.07229;0.0;-7.3453654e-25;99.99998;-7.345365e-21;0.10148957;-3.008973;0.007197261;1.7626286;1.7554238;0.0;0.0;6371.849;7794.3667;-2552.8826;6821.6045;-2090.2334;-1435.3667
1998-06-18;14.979939;3.9153545;0.010114034;753.1306;1.179296;76.89826;0.0;-7.3453654e-25;99.99998;-7.345365e-21;1.1607438;-2.711299;0.085771084;1.7866194;1.7008483;0.0;0.0;6158.3276;7532.1343;-2486.2507;6990.9297;-1883.4495;-1381.6877
1998-06-19;15.431325;3.9249165;0.009871165;754.019;1.0412655;105.04017;0.0;-7.3453654e-25;100.00519;-7.345365e-21;0.40662882;-2.7339737;0.027924776;1.6769469;1.6490072;0.0;0.0;6200.936;7583.1787;-2588.7056;6944.2144;-1899.2;-1319.7966
1998-06-20;17.125559;2.78008;0.0073623657;756.62494;1.0027505;120.61869;0.0;-7.3453654e-25;100.00779;-7.345365e-21;0.01151911;-2.7067206;0.0007003546;1.5999973;1.5993192;0.0;0.0;6502.835;7951.3936;-2723.451;7022.251;-1880.2683;-1359.6722
1998-06-21;18.322866;1.5264384;0.01000468;755.4726;0.9898257;101.91801;0.0;-7.3453654e-25;99.99998;-7.345365e-21;0.012877916;-2.4255867;0.00074505806;1.5522242;1.551494;0.0;0.0;6607.146;8077.9033;-2908.0398;6998.2354;-1684.9745;-1451.9233
1998-06-22;19.053925;-0.47568765;0.01022466;752.85846;1.3397914;124.3685;0.0;-7.3453654e-25;99.99998;-7.345365e-21;0.0004336237;-2.1891649;2.9802322e-05;1.5057027;1.5056878;0.0;0.0;6956.507;8503.95;-3143.63;6805.3457;-1520.7389;-1800.0089
1998-06-23;18.516214;-0.73655194;0.009802501;750.99316;1.639164;158.01517;0.0;-7.3453654e-25;99.99998;-7.345365e-21;0.010134921;-1.880303;0.0006556511;1.462549;1.4619157;0.0;0.0;6757.795;8259.965;-3044.9312;6827.812;-1306.1844;-1985.0845
1998-06-24;16.570648;-0.79713947;0.009923299;749.8105;1.1327616;153.26157;0.0;-7.3453654e-25;99.99998;-7.345365e-21;0.0008523463;-1.7846655;5.9604645e-05;1.4200807;1.420021;0.0;0.0;7114.97;8695.425;-3388.936;6385.3413;-1239.7489;-2102.62
1998-06-25;16.876272;3.2637432;0.0096753435;751.06134;1.1903926;97.57419;0.0;-7.3453654e-25;99.99998;-7.345365e-21;0.0004353255;-1.7192979;2.9802322e-05;1.3798028;1.3797805;0.0;0.0;6872.758;8398.245;-3085.2104;6834.5557;-1194.3389;-2114.2612
1998-06-26;17.342163;-0.04140218;0.0101674395;750.27423;1.2797608;109.34903;0.0;-7.3453654e-25;99.99998;-7.345365e-21;0.0012814989;-1.6988125;8.940697e-05;1.3412237;1.3411492;0.0;0.0;7015.2715;8571.333;-3343.3323;6553.401;-1180.11;-2144.5889
1998-06-27;16.997396;-2.6605225;0.010077159;749.85547;1.3112181;162.54242;0.0;-7.3453654e-25;99.99998;-7.345365e-21;0.0008583069;-1.6226656;5.9604645e-05;1.3042092;1.3041645;0.0;0.0;7089.715;8661.169;-3414.595;6393.995;-1127.211;-2173.209
1998-06-28;16.216522;-3.0934246;0.009847005;750.38873;1.4047327;151.60156;0.0;-7.3453654e-25;99.99998;-7.345365e-21;0.0;-1.5368191;0.0;1.2687296;1.2687296;0.0;0.0;7105.463;8679.296;-3385.2341;6377.3887;-1067.5767;-2300.6956
1998-06-29;15.882965;3.0849812;0.010204315;751.05585;1.7157975;43.492138;0.0;-7.3453654e-25;99.99998;-7.345365e-21;0.0017195934;-1.3635923;9.685755e-05;1.2349635;1.2348741;0.0;0.0;6454.59;7883.1357;-2880.149;6923.5776;-947.24225;-2230.9756
1998-06-30;16.542715;5.149475;0.00974528;749.58887;1.6409701;44.97427;0.0;-7.3453654e-25;100.00519;-7.345365e-21;0.00085271476;-1.393808;5.9604645e-05;1.2024343;1.2023896;0.0;0.0;6818.285;8326.327;-3101.7344;6791.8223;-968.23224;-2328.838
1998-07-01;17.591848;4.942881;0.010220845;748.3738;1.3611441;56.44679;0.0;-7.3453654e-25;99.99998;-7.345365e-21;0.011137536;-1.3313144;0.0006109476;1.1717677;1.1711568;0.0;0.0;6153.868;7514.049;-2764.5134;7250.162;-924.8189;-1975.0934
1998-07-02;17.237875;4.8912864;0.009679158;747.75104;1.0548205;83.74874;0.0;-7.3453654e-25;100.00259;-7.345365e-21;0.118756294;-1.251312;0.0065863132;1.1479557;1.1413544;0.0;0.0;5795.528;7075.589;-2663.754;7327.2344;-869.24445;-1865.7567
1998-07-03;15.981954;8.542247;0.0099436445;747.55225;1.1754783;57.5466;0.0;-7.3453654e-25;100.00259;-7.345365e-21;4.6952577;-1.4171935;0.33439696;1.4473051;1.1128932;0.0;0.0;5357.452;6539.87;-2282.1716;7597.5034;-984.4778;-1848.0645
1998-07-04;16.407389;5.28301;0.009868622;746.3442;1.3253616;107.90619;0.0;-7.3453654e-25;100.03416;-7.345365e-21;0.28778479;-2.6189294;0.016331673;1.1021197;1.0857731;0.0;0.0;6020.8867;7348.859;-2417.4187;7249.533;-1819.2833;-1626.7844
1998-07-05;16.37084;0.27278647;0.009560903;744.78253;2.027216;172.6908;0.0;-7.3453654e-25;99.99998;-7.345365e-21;0.0013411036;-2.2734041;7.4505806e-05;1.0594875;1.059413;0.0;0.0;6508.4272;7942.794;-2744.5222;6860.9854;-1579.2578;-2011.4
1998-07-06;15.54715;-3.3040364;0.010079701;745.93726;1.8163862;203.11957;0.0;-7.3453654e-25;99.99998;-7.345365e-21;0.0;-1.8410311;0.0;1.0339171;1.0339171;0.0;0.0;7042.8013;8593.889;-3143.4844;6361.1626;-1278.9028;-2433.939
1998-07-07;14.062276;-1.8757426;0.010306041;746.3295;1.4946905;182.55885;0.0;-7.3453654e-25;99.99998;-7.345365e-21;0.00088512886;-1.4490271;4.4703484e-05;1.0093898;1.009345;0.0;0.0;6796.207;8291.904;-3035.846;6457.461;-1006.5911;-2584.2278
1998-07-08;14.386983;-0.56592816;0.009961446;746.28436;1.2774445;107.1622;0.0;-7.3453654e-25;99.99998;-7.345365e-21;0.0008463859;-1.3496866;4.4703484e-05;0.9856522;0.9855926;0.0;0.0;6723.0815;8201.515;-3068.0344;6567.6367;-937.5822;-2350.591
1998-07-09;15.95813;0.7126567;0.009699504;747.9089;1.1986812;116.971214;0.0;-7.3453654e-25;99.99998;-7.345365e-21;0.0008545526;-1.3248725;4.4703484e-05;0.9625554;0.96250325;0.0;0.0;6902.644;8419.519;-3158.3972;6711.584;-920.3444;-2370.6868
1998-07-10;17.218863;-1.7282003;0.009665172;749.2605;1.2569736;124.20631;0.0;-7.3453654e-25;99.99998;-7.345365e-21;0.0;-1.2998637;0.0;0.94014406;0.94012916;0.0;0.0;7076.4634;8630.473;-3493.2578;6457.4976;-902.9722;-2297.5288
1998-07-11;18.131998;-3.495921;0.00997289;749.0044;1.321083;95.79321;0.0;-7.3453654e-25;99.99998;-7.345365e-21;0.0;-1.2963805;0.0;0.9185374;0.9185374;0.0;0.0;7115.9316;8677.487;-3694.6423;6304.239;-900.55225;-2154.7021
1998-07-12;19.177185;2.065379;0.010066986;748.5799;1.3023313;84.28264;0.0;-7.3453654e-25;99.99998;-7.345365e-21;0.0012757555;-1.2855269;7.4505806e-05;0.89766085;0.8975938;0.0;0.0;6893.9385;8405.643;-3179.014;7081.7544;-893.0122;-2132.8877
1998-07-13;20.10559;6.5872703;0.010077159;749.0932;1.2932451;101.016014;0.0;-7.3453654e-25;99.99998;-7.345365e-21;0.0023484225;-1.2212079;0.00011920929;0.87744;0.87730587;0.0;0.0;6566.5146;8005.4385;-2995.586;7436.504;-848.3322;-2193.2034
1998-07-14;19.968466;6.6142983;0.010033925;751.87555;1.3359238;49.012787;0.0;-7.3453654e-25;100.00779;-7.345365e-21;0.15339255;-1.2136083;0.008255243;0.8659661;0.8577034;0.0;0.0;6485.6934;7905.931;-2934.2456;7507.616;-843.05444;-2214.77
1998-07-15;20.694418;5.266154;0.010130565;753.3977;1.3100985;58.704456;0.0;-7.3453654e-25;100.00519;-7.345365e-21;0.00044107434;-1.2876196;2.9802322e-05;0.83875656;0.83875656;0.0;0.0;6746.582;8222.893;-3196.7917;7302.0225;-894.4667;-2189.6
1998-07-16;21.271006;3.4418538;0.010042827;751.50494;1.2148535;83.0205;0.0;-7.3453654e-25;99.99998;-7.345365e-21;0.00085532654;-1.2041181;4.4703484e-05;0.82042813;0.8203685;0.0;0.0;6543.2046;7973.1895;-3147.4067;7395.4956;-836.4611;-2051.5657
1998-07-17;20.718445;4.5019937;0.009941101;749.7056;1.1643243;133.38416;0.0;-7.3453654e-25;99.99998;-7.345365e-21;0.010347366;-1.0099057;0.00043213367;0.8032024;0.80275536;0.0;0.0;5719.7783;6968.197;-2770.1445;7630.4355;-701.5478;-1895.85
1998-07-18;19.549643;6.128947;0.00985082;751.2232;1.0115445;71.21157;0.0;-7.3453654e-25;100.03416;-7.345365e-21;0.49868226;-1.0032886;0.025689602;0.81169605;0.78599155;0.0;0.0;5104.419;6216.9907;-2434.53;7825.2783;-696.9511;-1700.5978
1998-07-19;20.719137;5.3469644;0.010055542;754.7885;1.5178404;52.38924;0.0;-7.3453654e-25;99.99998;-7.345365e-21;0.0012990449;-1.2402982;7.4505806e-05;0.7697195;0.7696524;0.0;0.0;6403.122;7797.335;-2974.9138;7484.6206;-861.5933;-2125.7
1998-07-20;20.112986;4.641815;0.009930928;755.28326;1.8201569;42.146088;0.0;-7.3453654e-25;99.99998;-7.345365e-21;0.016584992;-1.0678647;0.0008940697;0.7545054;0.7536113;0.0;0.0;6336.3354;7714.356;-3015.7888;7332.718;-741.81;-2247.29
1998-07-21;19.508535;2.4157207;0.009929657;754.28925;1.6330842;42.502773;0.0;-7.3453654e-25;99.99998;-7.345365e-21;0.0016275235;-1.0672007;8.940697e-05;0.7381737;0.7380843;0.0;0.0;6635.979;8077.3;-3248.4016;7043.2407;-741.3489;-2337.1511
1998-07-22;19.690704;1.5769958;0.009844462;754.03827;1.0895405;100.01318;0.0;-7.3453654e-25;99.99998;-7.345365e-21;0.012844801;-1.046341;0.00062584877;0.7236302;0.72298944;0.0;0.0;6302.3984;7669.508;-3118.709;7254.66;-726.8589;-2056.9934
1998-07-23;18.563477;3.8846843;0.009803772;753.94116;1.2302109;109.92931;0.0;-7.3453654e-25;99.99998;-7.345365e-21;1.5650272;-1.0610447;0.098615885;0.8072555;0.7086396;0.0;0.0;5077.8403;6177.9395;-2510.546;7563.3926;-737.0722;-1711.2145
1998-07-24;17.200632;7.7196655;0.009991963;753.1213;1.3205231;47.286118;0.0;-7.3453654e-25;99.99998;-7.345365e-21;5.0609407;-1.5963223;0.3414452;1.0364354;0.69500506;0.0;0.0;5330.7124;6484.0063;-2462.563;7383.3726;-1108.9111;-1695.6777
1998-07-25;18.500193;3.8299458;0.0099652605;752.31195;1.1730309;61.606823;0.0;-7.3453654e-25;99.99998;-7.345365e-21;0.0004351138;-2.8145015;2.9802322e-05;0.6816387;0.6816089;0.0;0.0;6769.746;8232.705;-3017.9287;6868.1562;-1955.14;-1562.62
1998-07-26;18.28483;2.4041748;0.010046641;751.1213;1.0018555;114.12598;0.0;-7.3453654e-25;99.99998;-7.345365e-21;0.039219856;-2.2612278;0.0018179417;0.6701946;0.6683618;0.0;0.0;6208.9443;7548.981;-2764.2373;7212.779;-1570.8;-1596.7844
1998-07-27;18.003592;0.76775104;0.010116577;749.44824;1.509058;113.91681;0.0;-7.3453654e-25;99.99998;-7.345365e-21;0.002841106;-1.6957438;0.00014901161;0.6556809;0.6555319;0.0;0.0;6475.5737;7871.4688;-2998.0657;6922.046;-1177.9767;-2091.1023
1998-07-28;15.726959;4.710327;0.010058085;749.39105;1.0938277;68.0043;0.0;-7.3453654e-25;100.00519;-7.345365e-21;3.1232834;-1.2290739;0.19046664;0.8337498;0.6432831;0.0;0.0;4957.0894;6024.261;-2075.4395;7704.5044;-853.7967;-1831.8188
1998-07-29;15.890309;6.6114097;0.009952545;750.066;0.9568017;71.85462;0.0;-7.3453654e-25;100.00259;-7.345365e-21;2.4950953;-1.9071419;0.16437471;0.79602003;0.6316453;0.0;0.0;4923.0117;5981.5527;-2145.7534;7521.1323;-1324.8284;-1446.12
1998-07-30;17.059784;4.3801475;0.0101292925;750.5732;1.2802155;123.41572;0.0;-7.3453654e-25;100.00519;-7.345365e-21;0.22561252;-2.2592833;0.0113248825;0.631541;0.62021613;0.0;0.0;6024.3745;7318.055;-2604.3513;7126.4487;-1569.4489;-1649.9822
1998-07-31;16.641806;4.077616;0.0099652605;751.54834;1.175682;119.888145;0.0;-7.3453654e-25;99.99998;-7.345365e-21;0.05199313;-1.9547157;0.002592802;0.61151385;0.60892105;0.0;0.0;6034.848;7329.185;-2657.9155;7170.58;-1357.8756;-1765.7966
1998-08-01;16.576477;5.469452;0.009859721;752.50494;1.3011942;97.01523;0.0;-7.3453654e-25;100.00519;-7.345365e-21;0.12104213;-1.5175529;0.006020069;0.60394406;0.597924;0.0;0.0;5765.433;7000.4673;-2640.6548;7229.473;-1054.1934;-1834.2189
1998-08-02;16.519379;4.1519876;0.00976181;753.342;1.3147646;56.21338;0.0;-7.3453654e-25;99.99998;-7.345365e-21;0.35559535;-1.3394039;0.01746416;0.6046742;0.58719516;0.0;0.0;6123.758;7433.8047;-2861.7114;7069.749;-930.4389;-2042.6823
1998-08-03;16.41092;5.0053506;0.010008494;753.23065;1.4229908;36.40173;0.0;-7.3453654e-25;99.99998;-7.345365e-21;0.5389699;-1.1454151;0.02720952;0.60400367;0.57680905;0.0;0.0;5884.37;7141.812;-2694.9077;7176.559;-795.6811;-2165.9521
1998-08-04;16.22944;2.824168;0.010065715;751.9289;1.4477686;41.041985;0.0;-7.3453654e-25;99.99998;-7.345365e-21;0.24544896;-1.2120138;0.012427568;0.5791038;0.56667626;0.0;0.0;6238.3604;7569.7134;-2908.4744;6936.099;-841.94666;-2283.78
1998-08-05;15.297679;4.393585;0.009792328;751.5796;1.3454323;95.88285;0.0;-7.3453654e-25;100.00259;-7.345365e-21;1.3572173;-1.1415509;0.07344782;0.6302595;0.5568266;0.0;0.0;5662.1445;6869.1323;-2559.8674;7204.987;-792.9978;-2132.621
1998-08-06;15.438649;5.9779663;0.010155995;752.77545;1.2208711;72.39977;0.0;-7.3453654e-25;100.00259;-7.345365e-21;2.7363331;-1.5074518;0.17052144;0.71787834;0.54736435;0.0;0.0;5571.082;6757.0444;-2507.4983;7185.621;-1047.1766;-1890.8678
1998-08-07;16.78536;4.264272;0.010117848;752.66364;1.129141;47.1048;0.0;-7.3453654e-25;100.00259;-7.345365e-21;0.081402555;-2.0450017;0.0041276217;0.54225326;0.53811073;0.0;0.0;6040.673;7324.951;-2669.4805;7107.249;-1420.5945;-1732.8667
1998-08-08;17.031748;2.1081238;0.009883881;753.25543;1.3259097;49.74206;0.0;-7.3453654e-25;99.99998;-7.345365e-21;0.03002584;-1.6318914;0.0015199184;0.53049624;0.5289912;0.0;0.0;6009.4067;7285.359;-2774.3252;7044.3516;-1133.6206;-1861.3611
1998-08-09;17.31957;3.520579;0.009881337;753.6709;1.4025494;45.49541;0.0;-7.3453654e-25;100.00519;-7.345365e-21;0.05643074;-1.2091156;0.0027567148;0.52286685;0.5200952;0.0;0.0;5798.366;7027.9404;-2737.404;7140.378;-839.9328;-1939.0555
1998-08-10;18.989716;3.5538127;0.0096918745;753.54816;1.1994554;158.68335;0.0;-7.3453654e-25;100.0104;-7.345365e-21;0.0;-1.1348687;0.0;0.51136315;0.51136315;0.0;0.0;6426.6133;7787.5356;-3108.543;7062.8857;-788.35443;-2114.1055
1998-08-11;18.697489;2.737437;0.009866078;753.34814;1.3124679;132.82574;0.0;-7.3453654e-25;99.99998;-7.345365e-21;0.026628375;-0.8147899;0.0013411045;0.5042106;0.5028844;0.0;0.0;5398.391;6540.201;-2702.2246;7347.99;-566.00775;-1874.8256
1998-08-12;19.083292;1.4292806;0.009994507;750.51984;1.5033132;122.89498;0.0;-7.3453654e-25;99.99998;-7.345365e-21;0.0008523463;-0.8876082;5.9604645e-05;0.49465895;0.49462914;0.0;0.0;6400.54;7752.4634;-3131.5728;7024.8936;-616.5911;-2358.4734
1998-08-13;18.307566;0.029622396;0.009933472;750.1457;1.3424357;102.95212;0.0;-7.3453654e-25;99.99998;-7.345365e-21;0.00043511385;-0.86101145;2.9802322e-05;0.4864931;0.4864633;0.0;0.0;6526.8423;7903.735;-3361.873;6750.1045;-598.11554;-2268.3367
1998-08-14;18.924795;4.2871804;0.010032654;752.24274;1.2155192;90.2894;0.0;-7.3453654e-25;99.99998;-7.345365e-21;0.0;-0.84286;0.0;0.4784912;0.47848374;0.0;0.0;6396.184;7743.8193;-3203.4895;7025.48;-585.50775;-2224.0522
1998-08-15;20.08785;1.265391;0.009858449;752.4534;1.2799921;135.34254;0.0;-7.3453654e-25;99.99998;-7.345365e-21;0.0017106531;-0.8390304;8.940697e-05;0.4707724;0.47068298;0.0;0.0;6430.198;7783.211;-3300.811;6994.855;-582.8467;-2205.7656
1998-08-16;18.663412;-1.6082458;0.010046641;750.3479;1.324995;133.47797;0.0;-7.3453654e-25;99.99998;-7.345365e-21;0.0017046923;-0.75269675;8.940697e-05;0.4632473;0.4631579;0.0;0.0;6494.985;7860.765;-3422.7566;6622.18;-522.87445;-2442.75
1998-08-17;16.669434;-1.323466;0.010201772;750.87524;1.2913349;154.4616;0.0;-7.3453654e-25;99.99998;-7.345365e-21;0.0;-0.73617977;0.0;0.45581162;0.45580417;0.0;0.0;6358.1187;7694.112;-3271.5122;6601.344;-511.4;-2460.5457
1998-08-18;17.47879;-0.70255536;0.010047913;752.5861;1.4397559;121.05993;0.0;-7.3453654e-25;99.99998;-7.345365e-21;0.0021278856;-0.7018242;8.940697e-05;0.44873357;0.44864416;0.0;0.0;6083.6494;7361.0957;-3029.7512;6867.6167;-487.53333;-2306.5366
1998-08-19;19.509216;-0.6296692;0.009923299;753.189;1.5018506;148.37201;0.0;-7.3453654e-25;99.99998;-7.345365e-21;0.028598309;-0.71271884;0.0014007092;0.44308603;0.44168532;0.0;0.0;5967.5845;7219.802;-2993.37;7091.52;-495.10223;-2139.8877
1998-08-20;18.644724;-3.228658;0.0098775225;751.1894;1.2637953;192.41277;0.0;-7.3453654e-25;99.99998;-7.345365e-21;0.0017240482;-0.71930236;8.940697e-05;0.4349947;0.43491274;0.0;0.0;6403.896;7746.7847;-3431.7932;6583.5596;-499.67557;-2323.03
1998-08-21;17.097647;1.1010132;0.01001358;750.5754;1.2353595;108.27128;0.0;-7.3453654e-25;99.99998;-7.345365e-21;0.0036656857;-0.7075211;0.00013411045;0.42836368;0.42823702;0.0;0.0;6052.2695;7320.4873;-3118.7507;6850.8506;-491.49112;-2241.7434
1998-08-22;17.223074;0.8013814;0.009632111;750.0634;1.1648663;128.323;0.0;-7.3453654e-25;99.99998;-7.345365e-21;0.0008583069;-0.71534145;4.4703484e-05;0.42171776;0.4216954;0.0;0.0;6174.938;7467.9854;-3181.9888;6814.101;-496.92444;-2234.3777
1998-08-23;17.579947;-0.75735474;0.009858449;751.3142;1.2906791;120.73783;0.0;-7.3453654e-25;99.99998;-7.345365e-21;0.0013049075;-0.7118313;5.9604645e-05;0.41538477;0.41529536;0.0;0.0;6198.4556;7495.492;-3244.3274;6788.0854;-494.48557;-2206.5457
1998-08-24;19.268686;0.93098956;0.009707133;754.38043;1.1606543;57.79294;0.0;-7.3453654e-25;99.99998;-7.345365e-21;0.0;-0.74572116;0.0;0.40903687;0.40903687;0.0;0.0;6094.318;7368.773;-3255.0088;6991.155;-518.0278;-1968.9078
1998-08-25;20.506308;0.75342816;0.009736379;754.66656;1.308677;177.8124;0.0;-7.3453654e-25;99.99998;-7.345365e-21;0.0;-0.6993227;0.0;0.4029274;0.4029274;0.0;0.0;5812.2188;7026.817;-3020.192;7217.529;-485.79666;-1980.6812
1998-08-26;19.145538;-1.5889181;0.009735107;752.784;1.4261098;224.05843;0.0;-7.3453654e-25;99.99998;-7.345365e-21;0.0017258981;-0.6657448;8.940697e-05;0.39708614;0.39699674;0.0;0.0;6064.586;7331.05;-3333.6206;6714.209;-462.47055;-2220.8767
1998-08-27;18.531363;-1.2193094;0.009822845;753.5455;1.365945;114.09989;0.0;-7.3453654e-25;99.99998;-7.345365e-21;0.0021309487;-0.66519153;0.00010430813;0.3913045;0.3912151;0.0;0.0;5996.2417;7247.57;-3179.1182;6798.549;-462.08554;-2106.98
1998-08-28;20.369558;0.044209797;0.009665172;755.54443;1.3807702;110.060585;0.0;-7.3453654e-25;99.99998;-7.345365e-21;0.009065866;-0.6493097;0.00040233135;0.38596988;0.3855601;0.0;0.0;5574.351;6736.8887;-2844.224;7328.542;-451.05334;-1950.4523
1998-08-29;21.098612;-1.0036621;0.009976705;756.0459;1.3649216;152.22006;0.0;-7.3453654e-25;99.99998;-7.345365e-21;0.0012814989;-0.64689666;5.9604645e-05;0.38012862;0.38005412;0.0;0.0;5475.4746;6616.4346;-3004.2434;7224.58;-449.37668;-1751.2511
1998-08-30;20.008728;-3.1824849;0.009521484;754.1082;1.4472846;116.294075;0.0;-7.3453654e-25;99.99998;-7.345365e-21;0.0004351138;-0.6528795;2.9802322e-05;0.3747046;0.3746748;0.0;0.0;5912.2;7143.4087;-3338.3145;6763.213;-453.53445;-2004.3256
1998-08-31;19.030212;-5.126943;0.009928386;752.63354;1.2295076;135.6761;0.0;-7.3453654e-25;99.99998;-7.345365e-21;0.0004351138;-0.66453403;1.4901161e-05;0.3693998;0.36938488;0.0;0.0;5996.305;7244.157;-3513.7915;6489.723;-461.62888;-1841.9734
1998-09-01;18.036142;-0.7694397;0.009913127;752.5224;1.4316335;160.14314;0.0;-7.3453654e-25;99.99998;-7.345365e-21;0.0025749204;-0.6066226;0.00011920929;0.3643334;0.36421418;0.0;0.0;5838.162;7052.2666;-3277.5042;6588.0244;-421.4;-2075.801
1998-09-02;16.436148;-1.9034628;0.009845734;751.6385;1.2917051;180.80412;0.0;-7.3453654e-25;99.99998;-7.345365e-21;0.003885616;-0.5862955;0.00020861626;0.3593266;0.3591776;0.0;0.0;5971.4097;7212.3726;-3495.332;6154.708;-407.28;-2014.6489
1998-09-03;15.175598;1.9597574;0.009684245;750.23444;1.2295057;167.05052;0.0;-7.3453654e-25;99.99998;-7.345365e-21;0.024819374;-0.5143471;0.0011920929;0.3554523;0.3542751;0.0;0.0;5253.811;6344.923;-2878.8743;6686.8213;-357.3;-1949.4467
1998-09-04;14.522023;-1.896464;0.010007222;749.144;1.2029606;217.86818;0.0;-7.3453654e-25;99.99998;-7.345365e-21;0.00044303312;-0.5449886;1.4901161e-05;0.34955144;0.34950674;0.0;0.0;5775.401;6973.8506;-3239.3132;6223.142;-378.58554;-2236.6455
1998-09-05;12.611145;-5.5721335;0.010285695;748.9175;1.347834;244.52678;0.0;-7.3453654e-25;99.99998;-7.345365e-21;0.0021466648;-0.5014613;0.00011920929;0.34496188;0.34485012;0.0;0.0;5766.8823;6962.782;-3219.5107;5983.8354;-348.34888;-2276.03
1998-09-06;11.472595;-4.03597;0.009827931;749.47485;1.4040993;230.44745;0.0;-7.3453654e-25;99.99998;-7.345365e-21;0.0;-0.45598298;0.0;0.34031272;0.34032017;0.0;0.0;5531.7314;6678.0835;-3024.6553;6053.6187;-316.75665;-2319.2957
1998-09-07;11.575969;-5.2891746;0.009905498;751.00995;1.1814327;153.11394;0.0;-7.3453654e-25;99.99998;-7.345365e-21;0.001291165;-0.49177185;5.9604645e-05;0.33596158;0.33588707;0.0;0.0;5713.3887;6896.5347;-3252.1143;5852.4644;-341.61667;-2134.5422
1998-09-08;13.199748;-6.780121;0.009873708;752.8574;1.1032157;104.87286;0.0;-7.3453654e-25;99.99998;-7.345365e-21;0.00085581426;-0.53252465;4.4703484e-05;0.33153594;0.33150613;0.0;0.0;5623.239;6786.9097;-3210.0442;6082.3843;-369.92667;-1887.0155
1998-09-09;15.067342;-3.3435771;0.009774526;753.15985;1.2336805;122.79426;0.0;-7.3453654e-25;99.99998;-7.345365e-21;0.0017106531;-0.54419786;8.940697e-05;0.3272593;0.3271848;0.0;0.0;5566.672;6717.85;-3127.1628;6382.318;-378.03555;-1811.2855
1998-09-10;14.944316;-0.90268964;0.009896596;752.5268;1.2427253;119.715996;0.0;-7.3453654e-25;99.99998;-7.345365e-21;0.17042756;-0.5514957;0.008106232;0.331074;0.32296777;0.0;0.0;5198.6606;6272.9404;-2890.768;6624.1465;-383.10443;-1774.1289
1998-09-11;13.178813;2.482198;0.009951274;752.12964;1.1257123;92.19131;0.0;-7.3453654e-25;99.99998;-7.345365e-21;1.5994072;-0.6992966;0.085666776;0.40459633;0.3189221;0.0;0.0;4384.512;5289.8184;-2406.9543;6852.1396;-485.77832;-1511.4333
1998-09-12;12.604462;4.9784646;0.010051727;751.5334;1.7389866;42.228474;0.0;-7.3453654e-25;99.99998;-7.345365e-21;0.24546918;-0.9085983;0.011563301;0.32660365;0.31504035;0.0;0.0;4608.0654;5558.795;-2240.084;6983.245;-631.17224;-1766.4333
1998-09-13;12.76064;1.5329996;0.010087331;751.4302;1.409993;111.33435;0.0;-7.3453654e-25;99.99998;-7.345365e-21;0.7283747;-0.8296147;0.034824014;0.34604967;0.31122565;0.0;0.0;4470.2285;5392.0293;-2245.304;6862.0767;-576.30554;-1673.9512
1998-09-14;13.688283;0.31718954;0.009989421;752.7803;0.9677306;93.72111;0.0;-7.3453654e-25;99.99998;-7.345365e-21;0.0008523463;-0.88942796;4.4703484e-05;0.30748546;0.30744076;0.0;0.0;4472.441;5394.105;-2415.5276;6868.46;-617.8555;-1327.0355
1998-09-15;14.314117;0.4667562;0.010002136;752.66583;1.2289599;39.07398;0.0;-7.3453654e-25;99.99998;-7.345365e-21;0.0;-0.7856563;0.0;0.30367076;0.3036782;0.0;0.0;5070.28;6114.4473;-2791.5576;6595.75;-545.76886;-1597.93
1998-09-16;15.213715;-1.1867981;0.009886424;750.9683;1.0876647;178.32246;0.0;-7.3453654e-25;99.99998;-7.345365e-21;0.0;-0.6791279;0.0;0.29993057;0.29993802;0.0;0.0;5168.27;6227.145;-2888.7737;6568.207;-471.7678;-1634.9377
1998-09-17;15.011455;-1.9560038;0.010080974;752.7747;1.2400258;175.28667;0.0;-7.3453654e-25;99.99998;-7.345365e-21;0.0004351138;-0.58121234;1.4901161e-05;0.2962947;0.2962798;0.0;0.0;5196.0938;6255.1953;-2949.6692;6474.8154;-403.7489;-1722.7189
1998-09-18;14.55959;-3.158437;0.009824117;755.16754;1.0696248;176.91144;0.0;-7.3453654e-25;99.99998;-7.345365e-21;0.011765957;-0.53136235;0.0004172325;0.29313564;0.29269606;0.0;0.0;4734.555;5694.63;-2820.214;6592.2856;-369.12;-1445.2356
1998-09-19;14.245758;-2.4609375;0.009929657;755.52655;1.1266456;137.69696;0.0;-7.3453654e-25;99.99998;-7.345365e-21;0.056231022;-0.5046353;0.0025182962;0.29173493;0.2892092;0.0;0.0;4724.291;5677.4004;-2764.5417;6620.7266;-350.55222;-1499.8011
1998-09-20;13.995442;-0.8852641;0.009812673;753.63605;1.3689322;170.80469;0.0;-7.3453654e-25;99.99998;-7.345365e-21;0.6345689;-0.58169943;0.032901764;0.31870604;0.28581917;0.0;0.0;4795.856;5758.3193;-2700.8098;6543.6333;-404.08777;-1704.8778
1998-09-21;13.621674;-1.3094177;0.009886424;751.4053;1.0935494;149.6675;0.0;-7.3453654e-25;99.99998;-7.345365e-21;0.0017106531;-0.6745439;8.940697e-05;0.28258562;0.2824813;0.0;0.0;5115.6987;6137.0117;-3042.4922;6142.032;-468.58334;-1627.4222
1998-09-22;11.897624;-1.6759644;0.009911855;751.32104;1.1736776;212.98834;0.0;-7.3453654e-25;99.99998;-7.345365e-21;0.0008583069;-0.5363338;4.4703484e-05;0.27924776;0.27920306;0.0;0.0;5118.4067;6134.9385;-3087.0127;5900.0713;-372.57333;-1730.3955
1998-09-23;10.12207;0.71414185;0.009825389;750.4324;1.5182828;235.70982;0.0;-7.3453654e-25;99.99998;-7.345365e-21;0.046104193;-0.39679557;0.0021904707;0.27820468;0.2760291;0.0;0.0;4586.701;5492.9385;-2392.1343;6458.4756;-275.6411;-1934.5511
1998-09-24;8.515025;0.39512125;0.009783427;749.81934;1.3391075;189.82947;0.0;-7.3453654e-25;99.99998;-7.345365e-21;0.16134977;-0.40911698;0.007659197;0.28061867;0.27297437;0.0;0.0;4402.001;5267.094;-2450.554;6236.11;-284.2;-1985.2189
1998-09-25;7.502177;-1.9222921;0.010089874;752.11066;1.1634597;120.48394;0.0;-7.3453654e-25;99.99998;-7.345365e-21;0.38333237;-0.47315377;0.0179559;0.28793514;0.2699867;0.0;0.0;4520.7246;5404.479;-2523.2717;6049.762;-328.68445;-1821.9567
1998-09-26;7.9845276;-2.6003826;0.010136922;753.8934;1.064906;83.00478;0.0;-7.3453654e-25;99.99998;-7.345365e-21;0.13497472;-0.532466;0.005915761;0.27292967;0.2670288;0.0;0.0;4623.2676;5522.2256;-2600.7678;6049.961;-369.88666;-1710.5934
1998-09-27;8.971893;-2.2766418;0.009815216;754.04004;1.118611;73.888535;0.0;-7.3453654e-25;99.99998;-7.345365e-21;0.00044107434;-0.50006247;1.4901161e-05;0.26410818;0.26408583;0.0;0.0;4615.626;5508.243;-2651.6978;6072.705;-347.3761;-1610.4377
1998-09-28;9.754913;-1.75707;0.00981013;753.99384;1.1122013;72.232445;0.0;-7.3453654e-25;99.99998;-7.345365e-21;0.004172325;-0.45628473;0.00014901161;0.26133657;0.261195;0.0;0.0;4559.2324;5436.28;-2646.6934;6143.8706;-316.96667;-1561.1433
1998-09-29;10.284149;-5.0231934;0.009764354;753.98114;1.1366177;107.74133;0.0;-7.3453654e-25;99.99998;-7.345365e-21;0.0;-0.45919883;0.0;0.25832653;0.25834143;0.0;0.0;4831.238;5755.6987;-2919.155;5894.8423;-318.99;-1589.0056
1998-09-30;10.95699;-5.003947;0.009979248;752.02704;1.096269;190.67584;0.0;-7.3453654e-25;99.99998;-7.345365e-21;0.0;-0.44210348;0.0;0.2555102;0.2555102;0.0;0.0;4790.677;5702.48;-2868.0334;6005.032;-307.11444;-1537.7556
1998-10-01;7.9434304;-0.041046143;0.009994507;749.59064;1.3031459;189.85925;0.0;-7.3453654e-25;99.99998;-7.345365e-21;6.362993;-0.6647371;0.38860738;0.6414652;0.2528578;0.0;0.0;3582.617;4261.0474;-2050.7266;6294.682;-461.77112;-1439.6
1998-10-02;8.922058;-0.70621747;0.009993236;751.24976;1.0495445;98.980316;0.0;-7.3453654e-25;99.99998;-7.345365e-21;0.0017166131;-1.3519003;8.940697e-05;0.2503395;0.250265;0.0;0.0;4678.019;5558.7734;-2605.5542;5881.003;-939.12;-1213.7544
1998-10-03;10.338216;-0.77630615;0.010340373;751.3814;1.1154443;140.73366;0.0;-7.3453654e-25;99.99998;-7.345365e-21;0.0;-1.2414492;0.0;0.2476275;0.24763495;0.0;0.0;4669.6016;5544.0063;-2652.5;5947.0576;-862.3922;-1129.7711
1998-10-04;10.939748;-0.16534424;0.010153453;751.80835;1.1025847;151.42415;0.0;-7.3453654e-25;99.99998;-7.345365e-21;0.0012993806;-1.1541089;5.9604645e-05;0.2450943;0.2450347;0.0;0.0;4595.8354;5451.7324;-2638.5466;6044.738;-801.7211;-1150.0723
1998-10-05;10.860311;-2.4123738;0.009848277;753.72534;1.1331317;153.83861;0.0;-7.3453654e-25;99.99998;-7.345365e-21;0.0016969325;-1.0386984;8.940697e-05;0.2425611;0.2424866;0.0;0.0;4629.7646;5487.2793;-2724.9302;5929.4165;-721.5489;-1152.7877
1998-10-06;10.876393;-2.3509827;0.009963989;754.08276;1.1114656;148.02269;0.0;-7.3453654e-25;99.99998;-7.345365e-21;0.00043160282;-0.91570246;1.4901161e-05;0.2399981;0.2399683;0.0;0.0;4529.352;5363.648;-2610.2307;6121.452;-636.1078;-1231.0422
1998-10-07;10.071075;-2.3127239;0.009933472;751.90436;1.1147997;161.05867;0.0;-7.3453654e-25;99.99998;-7.345365e-21;0.014919043;-0.7138057;0.0007003546;0.23822486;0.23750961;0.0;0.0;4163.157;4925.783;-2355.8062;6313.5566;-495.85666;-1335.1511
1998-10-08;8.274384;-1.0697937;0.009969075;752.7251;1.471036;93.12338;0.0;-7.3453654e-25;99.99998;-7.345365e-21;0.48013076;-0.627147;0.02104044;0.25621057;0.23513287;0.0;0.0;3814.4128;4509.197;-2072.49;6518.257;-435.65778;-1345.5656
1998-10-09;5.0806985;-1.3660278;0.009578705;755.01105;2.3457541;37.20697;0.0;-7.3453654e-25;99.99998;-7.345365e-21;0.10725856;-0.49397165;0.0048726797;0.23773313;0.23286045;0.0;1.4901161e-05;3645.8105;4305.924;-1892.8639;6364.4224;-343.14667;-1748.8833
1998-10-10;4.811869;-3.610897;-0.57587814;754.7165;2.234349;30.776018;0.0;-7.3453654e-25;105.58624;-7.345365e-21;2.9802322e-05;-0.45226234;0.0;0.23061037;0.23061782;1.8626451e-05;2.6077032e-05;4312.533;5089.2183;-2657.166;5429.4434;-314.17;-1678.9589
1998-10-11;5.1644187;-6.384275;-0.73921967;753.9973;1.7563839;25.716799;0.0;-7.3453654e-25;106.23435;-7.345365e-21;0.0;-0.44348744;0.0;0.228405;0.2283752;1.3038516e-05;0.0;4410.9863;5201.142;-2749.8838;5312.499;-308.0761;-1482.0078
1998-10-12;7.1360574;-8.433248;-0.79539233;756.0452;1.1738567;31.125029;0.0;-7.3453654e-25;106.23435;-7.345365e-21;0.0017285338;-0.47826022;8.940697e-05;0.22622943;0.22615492;9.313226e-06;0.0;4443.43;5234.9507;-2923.6494;5305.743;-332.2311;-1005.61
1998-10-13;8.64743;-5.848562;-0.59357196;759.15265;1.3253847;34.29083;0.0;-7.3453654e-25;106.23435;-7.345365e-21;0.0;-0.45531616;0.0;0.22393465;0.22393465;5.5879354e-06;0.0;4323.4004;5089.1807;-2741.55;5694.451;-316.29333;-1060.6489
1998-10-14;10.116028;-6.001699;-0.5354894;757.8476;1.1562212;60.82979;0.0;-7.3453654e-25;106.23435;-7.345365e-21;0.0017307585;-0.45297667;8.940697e-05;0.22184849;0.22173673;3.7252903e-06;0.0;4323.5044;5084.971;-2832.3503;5761.8984;-314.6678;-1036.1711
1998-10-15;10.485321;-7.100718;-0.19752757;754.79816;1.1018871;109.240105;0.0;-7.3453654e-25;102.10935;-7.345365e-21;0.0017166131;-0.42723864;8.940697e-05;0.21964312;0.21957606;0.0;0.0;4295.917;5048.2314;-2855.322;5775.654;-296.78888;-1053.0667
1998-10-16;10.042216;-7.9877114;0.010304769;751.8532;1.1076274;164.84944;0.0;-7.3453654e-25;99.99998;-7.345365e-21;0.0;-0.37550926;0.0;0.21745265;0.21745265;0.0;0.0;4247.1577;4989.372;-2839.5066;5663.2935;-260.85333;-1187.2556
1998-10-17;7.2564797;-4.0474143;0.009749095;752.69;1.1440846;226.6888;0.0;-7.3453654e-25;99.99998;-7.345365e-21;0.0034552712;-0.2833642;0.00014901161;0.2155602;0.21540374;0.0;0.0;4046.0618;4751.689;-2544.0583;5719.811;-196.84334;-1462.2178
1998-10-18;6.468943;-3.9533284;0.010064443;753.8071;1.0274286;161.67401;0.0;-7.3453654e-25;99.99998;-7.345365e-21;0.0008523463;-0.30083582;2.9802322e-05;0.21341443;0.21339208;0.0;0.0;4126.823;4844.9355;-2709.3123;5507.757;-208.98111;-1373.3955
1998-10-19;5.4852295;-5.697815;0.009831746;752.5383;1.1738684;192.49084;0.0;-7.3453654e-25;99.99998;-7.345365e-21;0.0047743316;-0.27195457;0.00017881393;0.21162629;0.21142513;0.0;0.0;4011.1523;4707.6743;-2619.3079;5468.169;-188.91777;-1405.2667
1998-10-20;5.7070107;-6.8028665;0.010060628;754.7497;1.0895205;53.69572;0.0;-7.3453654e-25;99.99998;-7.345365e-21;0.0008523463;-0.3007669;4.4703484e-05;0.20951033;0.20948052;0.0;0.0;4098.491;4808.683;-2759.764;5352.9224;-208.93333;-1128.96
1998-10-21;6.363912;-8.8359375;0.009890239;755.0571;1.1804582;75.757286;0.0;-7.3453654e-25;99.99998;-7.345365e-21;0.0008523463;-0.30700117;2.9802322e-05;0.20760298;0.20755082;0.0;0.0;4068.7834;4772.339;-2788.3928;5328.625;-213.26222;-1049.6877
1998-10-22;6.4399924;-9.2430315;0.009765625;754.0029;1.1076788;61.215588;0.0;-7.3453654e-25;99.99998;-7.345365e-21;0.0;-0.3007315;0.0;0.20566583;0.20565093;0.0;0.0;4028.936;4724.1255;-2739.3606;5380.8696;-208.90778;-980.0789
1998-10-23;5.8446045;-7.111318;0.010108948;752.02985;1.1168929;75.46636;0.0;-7.3453654e-25;99.99998;-7.345365e-21;0.0004351138;-0.28165615;2.9802322e-05;0.20381808;0.20378828;0.0;0.0;3913.3018;4587.1064;-2590.9084;5510.3306;-195.65778;-1119.7988
1998-10-24;5.529653;-5.8694053;0.009724935;753.9401;1.0591748;83.985054;0.0;-7.3453654e-25;99.99998;-7.345365e-21;0.0017034617;-0.26969427;8.940697e-05;0.20202994;0.20196289;0.0;0.0;3931.9128;4607.1567;-2589.0642;5470.6787;-187.34778;-1144.2433
1998-10-25;7.0386147;-7.948507;0.010150909;755.57806;1.0367304;195.25984;0.0;-7.3453654e-25;99.99998;-7.345365e-21;0.0004351138;-0.2721995;2.9802322e-05;0.2001822;0.2001673;0.0;0.0;3873.2957;4537.3857;-2655.8245;5398.042;-189.08888;-970.1189
1998-10-26;6.996012;-9.875468;0.010063171;754.8267;0.9981744;274.0961;0.0;-7.3453654e-25;99.99998;-7.345365e-21;0.0012723586;-0.26134774;5.9604645e-05;0.19846857;0.19840151;0.0;0.0;3610.4207;4228.0435;-2399.9988;5672.9272;-181.55;-1034.8267
1998-10-27;6.3001;-9.178569;0.009969075;754.2789;0.96614033;276.60904;0.0;-7.3453654e-25;99.99998;-7.345365e-21;0.0017136326;-0.240352;8.940697e-05;0.19675493;0.19668043;0.0;0.0;3604.771;4220.2046;-2408.3057;5564.1167;-166.96445;-1016.5622
1998-10-28;7.485565;-5.771759;0.0099817915;754.4666;0.899154;217.72847;0.0;-7.3453654e-25;99.99998;-7.345365e-21;0.0;-0.26014262;0.0;0.1949668;0.1949668;0.0;0.0;3677.3972;4303.882;-2414.782;5714.698;-180.71222;-998.9089
1998-10-29;6.5126953;-4.1117554;0.010084788;754.05743;0.94366854;237.94487;0.0;-7.3453654e-25;99.99998;-7.345365e-21;0.0;-0.2169013;0.0;0.19331276;0.19329786;0.0;0.0;3248.21;3800.4622;-2097.04;5955.8877;-150.67334;-1055.3933
1998-10-30;3.286916;-2.6803284;0.010007222;750.81586;0.91039324;65.067604;0.0;-7.3453654e-25;99.99998;-7.345365e-21;1.4775097;-0.4305858;0.07838011;0.27009845;0.19171834;0.0;0.0;2533.9238;2963.7612;-1872.2955;5849.2256;-299.11334;-760.54114
1998-10-31;5.405548;-3.496226;0.010017395;751.9705;0.93482614;180.16644;0.0;-7.3453654e-25;99.99998;-7.345365e-21;0.0;-0.40535814;0.0;0.19010901;0.19012392;0.0;0.0;3648.3083;4265.8555;-2483.475;5391.8335;-281.59;-823.30225
1998-11-01;4.4719443;-2.9610393;0.009999593;750.7275;0.9349825;199.7713;0.0;-7.3453654e-25;99.99998;-7.345365e-21;0.0004351138;-0.323561;2.9802322e-05;0.1885593;0.1885444;0.0;0.0;3559.6843;4160.9355;-2395.7827;5387.372;-224.76723;-1012.49664
1998-11-02;3.8613892;-3.605011;0.0099436445;752.48663;0.96900463;156.23817;0.0;-7.3453654e-25;99.99998;-7.345365e-21;0.0017225739;-0.28372836;8.940697e-05;0.18706918;0.18698722;0.0;0.0;3311.4172;3869.4944;-2258.9128;5435.2866;-197.09666;-841.63666
1998-11-03;4.0479636;-3.823639;0.009994507;754.1539;1.0605143;111.85486;0.0;-7.3453654e-25;99.99998;-7.345365e-21;0.0;-0.28101915;0.0;0.18547475;0.18547475;0.0;0.0;3319.1707;3877.4033;-2188.0522;5565.47;-195.21445;-917.88446
1998-11-04;4.0322976;-5.053314;0.009946187;756.1148;1.0162262;76.96267;0.0;-7.3453654e-25;99.99998;-7.345365e-21;0.0061522513;-0.28382242;0.00022351742;0.18417835;0.18396229;0.0;0.0;3254.525;3800.6377;-2155.7861;5637.9683;-197.16222;-773.74554
1998-11-05;5.389099;-5.884735;0.010058085;755.4244;0.9264161;186.87291;0.0;-7.3453654e-25;99.99998;-7.345365e-21;0.0;-0.30069426;0.0;0.18246472;0.18245727;0.0;0.0;3463.6267;4043.6033;-2406.689;5432.8223;-208.88222;-709.2511
1998-11-06;5.9083657;-5.71462;0.009944916;754.0268;1.039605;133.9287;0.0;-7.3453654e-25;99.99998;-7.345365e-21;0.0008523463;-0.27514622;4.4703484e-05;0.1810193;0.1809746;0.0;0.0;3415.771;3986.5066;-2372.935;5462.3555;-191.13445;-650.57776
1998-11-07;5.7206216;-5.865204;0.010025024;754.01984;0.9058383;160.3459;0.0;-7.3453654e-25;99.99998;-7.345365e-21;0.0008523463;-0.26863906;4.4703484e-05;0.17955899;0.17952174;0.0;0.0;3245.14;3786.1768;-2190.86;5723.7554;-186.61444;-727.5322
1998-11-08;4.3277283;-3.7083538;0.01003774;751.1359;1.1251504;249.91316;0.0;-7.3453654e-25;99.99998;-7.345365e-21;0.0021584611;-0.22425038;0.00010430813;0.17818809;0.17808378;0.0;0.0;3311.4795;3862.389;-2361.6934;5372.289;-155.77945;-893.25555
1998-11-09;2.5523274;-4.832021;0.009887695;748.1831;1.3294784;226.70526;0.0;-7.3453654e-25;99.99998;-7.345365e-21;0.0037878654;-0.18294993;0.00017881393;0.17687678;0.17669052;0.0;0.0;3076.3293;3587.041;-2067.6267;5496.2373;-127.08889;-911.5867
1998-11-10;2.1784668;-6.8500977;-0.4650599;746.95013;1.3170464;208.85791;0.0037434895;7.947286e-07;103.68032;-7.345365e-21;0.065812685;-0.18765591;0.002771616;0.17809868;0.17532706;0.0;0.006221235;3066.9116;3575.0234;-1915.3011;5666.9644;-130.35889;-881.92
1998-11-11;0.96328735;-0.9676717;-3.9010124;748.7986;0.8660674;144.76375;0.045166016;6.8744025e-06;131.79686;-7.345365e-21;3.6928892;-0.55830926;0.19969046;0.37372112;0.17401576;0.0017713755;0.0030882657;2085.869;2431.2344;-1207.9083;6352.0054;-387.83554;-606.48553
1998-11-12;1.3671976;-4.037651;-7.0172896;752.9881;0.93246824;136.66158;0.049072266;7.3512397e-06;142.8994;-7.345365e-21;0.00086426735;-0.53834546;0.00013411045;0.17285347;0.17273426;0.002156943;0.00086426735;2963.0283;3452.6033;-1943.99;5592.419;-373.97223;-866.73
1998-11-13;3.2662761;-4.2277017;-7.0837646;753.439;0.8246002;174.6325;0.037272137;5.4836273e-06;150.49217;-7.345365e-21;0.0008523463;-0.40867925;0.00013411045;0.17155707;0.17142296;0.0015143305;0.0;3181.9072;3706.291;-2135.054;5438.27;-283.89722;-591.4889
1998-11-14;2.8463135;-5.5427756;-6.1619964;750.9091;1.0466219;252.74525;0.028645834;4.172325e-06;150.49315;-7.345365e-21;0.0043094154;-0.411883;0.00028312206;0.17040968;0.1701191;0.0011511147;7.4505806e-05;3095.9705;3604.9111;-1960.9634;5613.521;-286.12445;-699.5933
1998-11-15;2.8721924;-2.6238606;-4.9084015;750.8623;1.0682576;231.26451;0.020914713;3.1789143e-06;150.45473;-7.345365e-21;0.049713563;-0.31477213;0.0024586916;0.17128885;0.16885251;0.0011846423;2.6077032e-05;2444.7427;2845.7012;-1641.705;5965.4136;-218.66333;-682.88336
1998-11-16;1.3979797;-1.9643046;-4.1928535;750.30005;1.1441044;218.99321;0.01570638;2.304713e-06;150.4225;-7.345365e-21;0.6210089;-0.34590065;0.029429793;0.19705296;0.16762316;0.00068359077;0.0007376075;2005.56;2334.3645;-1169.7678;6302.9834;-240.28667;-556.7756
1998-11-17;2.4079998;-0.20855713;-0.7979317;751.08984;0.899117;224.81238;0.03531901;5.364418e-06;149.9723;-7.345365e-21;0.19969139;-0.32299197;0.009581447;0.17601252;0.16643107;0.0024437904;0.0036656857;1730.25;2014.3522;-813.5267;6962.3154;-224.37445;-635.36334
1998-11-18;2.8364563;-1.0265198;-4.021192;750.4703;1.0527507;257.54947;0.023111979;3.5365422e-06;150.40785;-7.345365e-21;0.0057458873;-0.38080662;0.00040233135;0.1656264;0.16522408;0.0020042062;7.4505806e-06;2436.6167;2835.9133;-1528.1411;6215.928;-264.53555;-875.4389
1998-11-19;2.3834736;-2.237437;-6.6072707;751.2553;0.946033;254.0085;0.014160156;2.1457672e-06;150.40623;-7.345365e-21;0.003439188;-0.3189966;0.00022351742;0.1642406;0.16401708;0.0009983778;0.0;2544.9678;2961.6812;-1716.7145;5802.8384;-221.59778;-719.17444
1998-11-20;3.0534363;-4.662333;-8.476212;754.93994;0.8252826;197.99211;0.008219401;1.2318293e-06;150.40623;-7.345365e-21;0.0007748604;-0.3344575;7.4505806e-05;0.1628995;0.16283989;0.00062957406;0.0;2983.609;3471.7556;-2269.4988;5186.6084;-232.33722;-551.8922
1998-11-21;4.0628257;-11.036377;-8.469414;757.2586;0.90647775;115.056244;0.0047200522;9.536743e-07;150.40623;-7.345365e-21;0.00044107434;-0.34449342;4.4703484e-05;0.1616776;0.1616478;0.00036135316;0.0;3004.225;3495.5488;-2267.0405;5192.5366;-239.30888;-372.85333
1998-11-22;3.3601482;-4.993673;-4.787216;756.34;0.9283102;65.21171;0.002766927;3.5762787e-07;150.40623;-7.345365e-21;0.513643;-0.36781934;0.024586916;0.18507242;0.1604855;0.0002644956;0.0;2448.8884;2849.3066;-1504.1067;6110.5435;-255.51222;-413.15112
1998-11-23;1.7825317;-2.485138;-4.995384;753.9555;1.0762703;71.67102;0.001953125;-7.3453654e-25;150.40623;-7.345365e-21;1.7662644;-0.39689058;0.09687245;0.25622547;0.15935302;0.00016018748;0.0;2591.2488;3014.7544;-1702.14;5898.3857;-275.70667;-560.7022
1998-11-24;2.0296834;-3.9984639;-5.978537;754.5989;0.9570034;146.28645;0.004231771;1.1920929e-07;134.9837;-7.345365e-21;0.05710125;-0.5519623;0.0027418137;0.16096234;0.15822798;0.0003799796;0.000603497;2620.284;3048.1167;-1710.2655;5825.5254;-383.43;-661.7811
1998-11-25;2.8043315;-4.930613;-8.021927;754.26337;0.90321255;196.7996;0.0025227864;-7.3453654e-25;149.0257;-7.345365e-21;0.0030108832;-0.357599;0.00016391277;0.15726686;0.1571104;0.00019185245;0.0;2835.0667;3298.1067;-2122.1921;5312.9443;-248.41222;-475.07224
1998-11-26;2.959015;-4.4076133;-6.762442;753.87225;0.92034394;248.1472;0.0006510417;-7.3453654e-25;150.53905;-7.345365e-21;0.0;-0.31293836;0.0;0.15603006;0.15601516;0.00010617077;0.0;2740.0127;3187.4011;-1877.0995;5575.615;-217.38777;-461.02222
1998-11-27;2.2363994;-1.3642985;-4.9142213;752.6774;1.0505837;220.68837;1.9731445;0.000289917;143.23631;2.0345051;1.8491268;-0.54210985;0.08111447;0.2360642;0.15494972;0.22989511;0.4888773;2220.8271;2614.5;-1420.0078;6053.6777;-376.6722;-511.5122
1998-11-28;2.2975159;-3.4045308;-7.2927537;751.70386;0.82676005;199.3955;1.3930664;0.00020503998;150.2389;1.3427734;0.013858079;-0.33318624;0.0074207783;0.16131997;0.15389174;0.100960955;0.0;2709.2688;3171.1033;-1924.7644;5412.8066;-231.57;-491.36
1998-11-29;0.73391724;-1.3918966;-4.003466;749.889;0.5223006;229.23938;13.550374;0.0018483003;133.20245;14.038086;4.472134;-0.24693087;0.12588501;0.27875602;0.15287101;0.86308455;2.904825;1263.7156;1635.1611;-796.3567;6485.8013;-172.2889;-256.96667
1998-11-30;-0.4060974;-1.8627218;-3.0230968;748.2302;1.0174544;206.16338;26.250977;0.0039430857;146.58885;26.529947;6.1225653;-0.47759527;0.23879111;0.39067864;0.15188754;0.771204;2.7282908;1221.8323;1692.5033;-718.6039;6458.84;-334.6961;-249.58778
1998-12-01;-1.90035;-4.3446755;-4.9605966;749.51953;0.7806453;249.09172;28.537598;0.0042650304;150.36163;28.686523;0.17024577;-0.4425403;0.050872564;0.20176172;0.15090406;0.6896872;0.11301786;1792.0538;2461.5632;-1160.8022;5975.0835;-313.77335;-523.3722
1998-12-02;-3.309621;-8.468482;-7.0103874;750.0439;0.9741265;62.191193;24.461588;0.0036508243;150.28026;24.414062;0.011199713;-0.40619355;0.0384897;0.18839538;0.14990568;0.54276735;0.00968948;2067.0945;2757.3545;-1429.5006;5552.8633;-288.4222;-569.05334
1998-12-03;-2.5473797;-8.459778;-7.5266585;750.3901;0.9770982;71.11869;21.222738;0.0031740665;150.35316;21.118164;0.019609928;-0.31025523;0.025719404;0.17467141;0.14894456;0.3567133;0.015988946;1897.2772;2473.0588;-1413.5039;5547.661;-221.41556;-430.99
1998-12-04;-3.2346928;-8.679643;-9.583226;752.7662;0.8526721;192.84923;18.617676;0.002785325;150.45082;18.636068;0.022098422;-0.27203745;0.02464652;0.17264485;0.14799833;0.33485144;0.013630837;2060.0266;2636.6255;-1736.0044;5134.771;-193.80888;-461.72333
1998-12-05;-1.6515986;-8.19778;-10.409261;754.2597;0.8061463;258.39536;15.645833;0.0023344755;150.56606;15.258789;0.0025749204;-0.1876764;0.03631413;0.18338859;0.14706701;0.49080327;0.0;2522.186;3175.2378;-2104.4934;4783.229;-132.23445;-365.6378
1998-12-06;-1.3993225;-6.9687905;-8.420708;753.81396;0.7834055;257.944;12.748698;0.0019027392;150.52211;12.532552;0.01629293;-0.21437742;0.02734363;0.17349422;0.14615059;0.36627054;0.007919967;1899.0533;2350.8079;-1507.6472;5493.113;-151.7411;-368.71777
1998-12-07;0.36047363;-2.719635;-6.4290175;755.0866;0.84506696;253.22304;9.700847;0.0014406046;150.60805;9.399414;0.44179723;-0.16107969;0.059366226;0.20459294;0.14524162;0.5095564;0.0;2026.8728;2471.229;-1341.4817;5829.8813;-112.48222;-307.39
1998-12-08;0.42029825;-0.050323486;-1.2297415;755.2597;0.70064455;253.96962;9.328532;0.0014117956;150.1621;9.399414;6.1466575;-0.34238958;0.4121065;0.55646896;0.14434755;0.42435154;0.43659285;856.86664;1044.3445;-176.02278;7150.6704;-238.00555;-165.26778
1998-12-09;1.505839;1.0166016;-0.54679364;756.20074;0.8044176;238.30992;9.20931;0.0013761123;150.80663;9.4401045;6.675124;-0.2706107;0.54331124;0.6867796;0.14347583;0.43368712;0.0065490603;629.6289;765.9744;-252.64333;7182.9956;-187.7111;-93.18
1998-12-10;2.756256;-2.0242233;-3.3085277;753.83636;1.3606068;204.679;6.5386558;0.0010087093;151.08495;6.8359375;1.686722;-0.732448;0.08380413;0.22639334;0.14258921;0.4748795;0.9531677;2107.814;2524.4578;-1184.0305;6280.08;-509.09668;-239.02
1998-12-11;-2.3073933;-7.371226;-8.891118;754.22565;0.9950752;112.16465;44.553143;0.006804665;148.20277;45.491535;4.0556073;-0.48294103;0.056281686;0.19799173;0.14171004;0.62688255;3.9640963;1775.5645;2872.9556;-1838.3467;4943.265;-338.93;-223.66667
1998-12-12;-2.7661464;-16.635607;-14.50735;753.42523;1.050439;154.66072;43.00651;0.0064444146;150.54652;42.92806;0.00043511385;-0.23613125;0.055372715;0.19620359;0.14083833;0.6479025;0.0;2079.726;3204.338;-2281.5361;4087.1934;-166.34334;-125.69444
1998-12-13;-3.6825168;-16.66417;-14.2901535;751.9451;1.0825623;164.44096;38.599445;0.005793611;150.83363;38.57422;0.00044107434;-0.1571197;0.052176416;0.19216537;0.13999641;0.5962774;0.0;2128.854;3150.7056;-2236.4744;4179.971;-112.97056;-208.29222
1998-12-14;-1.7358513;-17.001175;-10.596738;752.7139;0.9259742;189.97644;34.10905;0.0051231384;151.10448;34.09831;0.00042617318;-0.1383964;0.059336424;0.19851327;0.13917685;0.66415036;0.0;2073.5522;2960.11;-1793.1333;4888.8345;-99.43667;-190.35445
1998-12-15;0.7484131;-8.78642;-5.892161;751.44867;0.5962752;229.46655;29.07186;0.0043623843;151.26495;29.296875;0.037282705;-0.13502315;0.07387996;0.21222234;0.13834983;0.81926584;0.034864992;1283.9678;1767.1411;-1064.2927;5986.6216;-95.94111;-138.26555
1998-12-16;-1.2434387;-7.2360435;-8.663677;750.10547;0.8365267;197.19661;27.84025;0.0041991076;148.23956;28.401693;4.337907;-0.24187192;0.14068186;0.27821958;0.13754517;0.7487908;3.0216277;2262.3232;3000.5579;-1710.475;5174.3687;-169.86223;-294.50555
1998-12-17;-2.74469;-7.2612405;-9.41112;747.148;0.97428244;154.94124;44.066326;0.006424745;147.166;43.5791;0.17835498;-0.3773868;0.039801;0.17654896;0.13673306;0.40199423;0.0808835;1648.1317;2546.8845;-1538.3689;5135.641;-270.4522;-279.74777
1998-12-18;-4.294993;-9.419754;-12.17818;748.3536;0.89753884;164.54866;39.688885;0.005957246;150.66078;39.22526;0.0004351138;-0.17694943;0.03747642;0.17341971;0.13595074;0.40722454;0.0;1985.3706;2956.9856;-1871.9111;4640.732;-130.30667;-357.49222
1998-12-19;-3.0556602;-12.023052;-11.884448;750.2859;0.8868332;119.7732;35.928143;0.0053964853;150.95831;35.64453;0.0012844794;-0.15673973;0.05146861;0.18663704;0.13517588;0.5496461;0.0;2069.716;2986.3057;-1937.2322;4659.2183;-114.477776;-280.16446
1998-12-20;-3.329488;-11.657798;-10.652889;747.4161;0.89201933;257.14523;32.65202;0.004918059;151.0003;32.43001;0.12704109;-0.1878161;0.032037497;0.16644597;0.13440847;0.33710524;0.12457371;2148.5195;3013.1045;-1791.975;4889.5576;-139.18222;-362.02112
1998-12-21;-4.0636277;-8.963254;-11.025052;747.232;0.7373865;159.48131;30.659912;0.0045949616;150.48598;30.436197;0.020775199;-0.16109273;0.038594007;0.17224252;0.13364106;0.40334463;0.019490719;2066.3577;2857.7021;-1870.9623;4809.297;-118.09;-407.34222
1998-12-22;-3.8182476;-12.147473;-13.735603;748.43286;0.7985615;185.29793;27.337484;0.0040988126;150.70961;27.46582;0.0021429595;-0.14650077;0.044181943;0.1770556;0.132896;0.45269728;0.0;2267.5906;3060.7056;-2238.6672;4322.872;-107.35667;-347.05334
1998-12-23;-3.8915074;-13.531577;-12.534375;746.2488;0.71502537;260.61362;25.145996;0.0037980478;148.40233;25.634766;1.6220105;-0.16242173;0.035390258;0.16753376;0.1321435;0.3303811;1.5664548;2310.3044;3054.6777;-2012.5205;4617.4766;-119.48556;-382.40332
1998-12-24;-4.5228195;-7.2448936;-7.552068;746.75323;0.6174267;183.22789;46.561443;0.0060638986;130.02016;46.67155;0.9366039;-0.1447089;0.032156706;0.16357005;0.13141334;0.32505766;0.9301156;1047.1289;1640.9489;-812.4817;5948.4546;-111.07445;-319.18668
1998-12-25;-5.621063;-9.155814;-9.961948;749.333;0.8302407;163.88823;39.623943;0.0058486857;148.2975;39.55078;0.1850456;-0.16310158;0.030368567;0.16106665;0.13068318;0.3105458;0.1825206;1922.2533;2819.9912;-1474.4303;5165.665;-123.66333;-549.00775
1998-12-26;-5.3002343;-8.536819;-9.986522;749.49054;0.78728455;96.2541;41.15682;0.0061965785;150.19496;41.056316;0.86072385;-0.13829581;0.03632903;0.16629696;0.12996793;0.35273468;0.83218515;1582.6877;2363.1;-1375.8011;5243.3477;-105.28111;-411.41
1998-12-27;-5.967611;-9.921929;-10.591554;750.77;1.0245229;58.111176;39.948486;0.006023884;151.20245;39.99837;0.02630055;-0.13739057;0.030398369;0.15963614;0.12926757;0.30053222;0.021766871;1649.7012;2431.8245;-1458.8083;5113.4355;-105.952225;-450.65668
1998-12-28;-4.8606467;-10.216007;-11.670975;753.87964;1.0438169;40.500362;36.292072;0.005468925;151.47166;36.21419;0.0016760478;-0.09682961;0.06172061;0.19027293;0.12855977;0.6062407;0.0003874302;1937.54;2773.338;-1786.3005;4782.2;-73.16111;-361.50223
1998-12-29;-3.351157;-7.981237;-5.8020153;753.2732;0.95133114;52.50229;52.7242;0.008515875;143.82777;59.04134;15.723545;-0.15095621;0.14694035;0.2748072;0.12787431;0.7170122;14.189288;1306.815;1819.6444;-727.5072;6151.3994;-111.01667;-249.32
1998-12-30;-2.9511414;-3.5438538;-2.212434;748.28296;0.91240054;179.2965;100.0;0.024411956;140.6061;173.17708;6.255093;-0.06343052;0.010579824;0.13776124;0.12718141;0.064505264;5.798213;612.5289;2229.6843;-604.81445;6386.902;-49.962223;-134.5711
1998-12-31;-5.9907784;-7.9393425;-6.1866684;746.6849;0.95560855;162.91104;100.0;0.025885424;152.14027;170.04395;0.053930283;-0.07051416;0.0030398369;0.1295507;0.12650341;0.044878572;0.048141927;810.5328;2761.199;-825.5289;5699.9087;-55.606667;-116.44
1999-01-01;-8.607143;-13.702789;-12.920761;750.5694;1.649527;18.914679;100.0;0.02583913;153.8535;167.88737;0.010215037;-0.07225014;0.0;0.1258254;0.1258403;0.0;0.008068979;965.64557;3139.3032;-1413.336;4523.934;-57.273335;-18.053333
1999-01-02;-10.438679;-18.119276;-18.955153;753.1434;1.7465452;15.664394;100.0;0.02579824;154.96515;166.58528;0.0004351138;-0.02734363;0.00016391277;0.12533367;0.1251772;0.0023972243;0.0;1045.0316;3311.3555;-1488.3806;3827.7158;-22.024445;102.01222
1999-01-03;-11.179347;-24.506845;-18.309837;749.9792;1.397031;27.238256;99.96029;0.02571261;155.97328;165.03906;0.0004351138;-0.06149523;0.00397861;0.12850761;0.1245141;0.057950616;0.0;1073.5745;3321.409;-1406.7522;3974.8738;-48.51889;53.788887
1999-01-04;-7.6276355;-20.916307;-15.029045;749.29645;1.28673;129.12431;99.50708;0.025541225;157.28416;162.96387;0.0;-0.09141117;0.00923872;0.13311207;0.12387335;0.121902674;0.0;1081.27;3249.5723;-1314.3223;4364.342;-71.524445;34.40333
1999-01-05;-5.2941337;-17.328093;-12.028512;749.3547;0.98000544;202.20445;98.9056;0.025412837;160.30238;159.09831;0.2645135;-0.116065145;0.0192374;0.1424849;0.1232326;0.17914735;0.052928925;709.455;2041.3989;-974.8406;5007.3735;-90.85778;37.032223
1999-01-06;-5.548126;-12.583505;-9.075096;745.9143;0.8616426;131.74846;98.72282;0.025714993;160.09828;160.84798;0.93974173;-0.21200255;0.04914403;0.17173588;0.1225993;0.47451818;0.8035861;834.43445;2350.429;-788.48114;5465.9834;-166.18666;-68.54667
1999-01-07;-7.4059753;-10.580207;-8.098646;744.08673;1.0589838;44.965855;98.37345;0.025502801;161.66893;157.75554;0.20590723;-0.18913579;0.01475215;0.13673306;0.121980906;0.15702099;0.14036521;999.30054;2697.4421;-873.885;5463.008;-148.11111;-120.21111
1999-01-08;-5.5894165;-7.1096816;-5.671135;742.5948;0.8507468;66.32511;98.85587;0.02745529;157.97882;173.1364;7.150537;-0.1470074;0.098377466;0.21973252;0.12135506;0.7437747;6.6834984;869.75446;2287.8477;-804.9622;5798.238;-114.82667;-146.33888
1999-01-09;-6.7806396;-8.785702;-7.6974206;740.5712;1.0140742;174.47093;100.0;0.03161156;152.19237;207.92644;0.16148686;-0.07151067;0.0017732382;0.122502446;0.12074411;0.02386421;0.14645606;769.20166;2430.5977;-864.72614;5538.47;-56.488888;-80.68
1999-01-10;-6.2311745;-7.973829;-6.240866;748.04517;1.0569938;249.06093;100.0;0.031736653;154.42348;205.81055;0.33058083;-0.13743341;0.0012218952;0.12135506;0.12013316;0.0085532665;0.28223172;793.9861;2407.591;-623.7744;5948.201;-108.18445;-125.03333
1999-01-11;-7.0214233;-11.567871;-8.820617;752.0252;1.262502;86.68637;100.0;0.03161959;157.0641;201.53809;0.004085898;-0.087961555;0.017166138;0.13670325;0.119537115;0.18981285;0.0023692846;1133.8545;3286.4521;-1416.38;4849.3257;-69.50222;-73.67889
1999-01-12;-6.490914;-13.733172;-10.321485;752.1878;1.3501835;29.18511;99.502846;0.031263787;160.03026;195.55664;0.0;-0.061484054;0.038281083;0.15722215;0.11894852;0.38914382;0.0;1133.3772;3131.45;-1273.8617;4872.2275;-48.214443;-17.375555
1999-01-13;-4.007609;-12.367104;-8.545993;749.88385;0.9433541;162.64758;98.57422;0.03074503;164.27277;187.13379;0.0008523463;-0.115804374;0.04427135;0.16263127;0.11835992;0.44855103;0.0;1075.9288;2825.91;-1162.7711;5195.3354;-90.507774;-37.191113
1999-01-14;-4.965637;-11.270137;-10.662525;749.45575;0.9888173;135.20206;97.73283;0.030060887;167.18;179.48405;0.0021457663;-0.13598147;0.0654012;0.18319488;0.11777878;0.6302856;0.0;1388.3739;3485.021;-1525.725;4571.9844;-107.08056;-45.515556
1999-01-15;-4.7912393;-10.329114;-8.204381;749.2363;0.8398211;199.4398;97.06649;0.02908794;168.66469;172.40398;0.0007003546;-0.19597821;0.09927899;0.21649897;0.117212534;0.9289384;0.00070407987;1140.6261;2759.8567;-1034.1294;5344.2676;-154.42223;-92.18445
1999-01-16;-5.0894217;-7.4796205;-5.004593;746.2397;0.8321242;105.99955;97.57845;0.030008635;164.15102;181.722;2.3028731;-0.21698979;0.019550323;0.13619661;0.11664629;0.18573366;2.2675357;783.1767;1986.4044;-544.89777;6130.442;-170.88;-149.46445
1999-01-17;-5.1660666;-6.344503;-4.3174386;742.9639;0.764044;106.31086;98.71289;0.03287216;158.98077;205.40364;3.732398;-0.16698614;0.0027120113;0.11879206;0.1160875;0.024326146;3.6485958;570.6228;1540.2844;-427.2339;6351.229;-131.22;-166.83112
1999-01-18;-6.424723;-9.155457;-6.8807044;743.7426;1.1062558;37.01918;99.00781;0.0343376;158.8242;215.4541;0.39610863;-0.151027;0.009283423;0.124812126;0.1155287;0.10211207;0.36352873;818.1644;2279.409;-800.0222;5682.3335;-118.56111;-95.74555
1999-01-19;-6.286672;-9.747081;-6.83173;744.9599;0.98158425;72.09608;98.601074;0.03429194;161.27472;211.83269;0.33311844;-0.2334807;0.0035017729;0.11847913;0.11498481;0.042978674;0.32304972;1062.0161;2850.7922;-843.485;5651.644;-183.45667;-162.13333
1999-01-20;-6.287028;-7.8972855;-6.2066245;743.4844;0.93600804;59.292847;99.68872;0.039797265;152.52992;259.35873;8.678616;-0.12827665;2.9802322e-05;0.11445582;0.11444092;0.0;8.634761;516.0661;1603.5433;-471.2322;6114.399;-101.115555;-140.14444
1999-01-21;-8.59304;-12.628312;-11.913266;747.91064;1.354867;25.83391;100.0;0.043192863;151.57225;285.07486;0.071811676;-0.07890444;0.001065433;0.11497736;0.113904476;0.013105571;0.06880611;938.61554;3192.3188;-1131.1328;4877.621;-62.444443;-70.882225
1999-01-22;-10.387734;-17.45693;-14.835118;750.1031;1.2590145;28.604622;100.0;0.04313767;153.39418;281.29068;0.005671667;-0.038558617;0.0015795231;0.11494756;0.113375485;0.019464642;0.004824251;1107.6372;3666.0623;-1277.195;4464.677;-30.498888;-61.883335
1999-01-23;-9.62794;-17.349083;-16.275736;745.997;1.0693971;84.86863;100.0;0.04307421;154.89061;278.15756;0.0002682209;-0.039288774;0.0025629997;0.11540949;0.11284649;0.031501055;0.0001937151;960.5511;3102.5022;-1034.8672;4592.9526;-31.108889;-7.53
1999-01-24;-9.223598;-14.491857;-13.571002;744.3794;1.0203413;70.724724;100.0;0.042997677;156.3662;275.30923;0.11217894;-0.10815263;0.0032633543;0.11560321;0.1123324;0.040005893;0.1078397;1030.2073;3250.2178;-976.50946;4914.7534;-85.382225;-89.064445
1999-01-25;-10.721509;-14.033504;-13.750964;746.8364;1.1064703;52.138126;100.0;0.043257117;157.03773;275.39062;0.68227756;-0.07071905;0.0032633543;0.11508167;0.11181831;0.037791207;0.6503649;1085.3123;3365.0488;-1097.0344;4755.718;-55.922222;-97.53111
1999-01-26;-10.445167;-16.287783;-14.896339;749.0039;1.2090381;62.42206;100.0;0.04353408;157.83754;275.9603;0.008695549;-0.055124983;0.0020712614;0.113382936;0.111311674;0.025190413;0.00699237;1237.3212;3811.3577;-1400.9922;4325.082;-43.577778;-81.36667
1999-01-27;-8.615592;-14.757507;-13.978343;744.16986;1.018223;168.72606;99.91724;0.044109106;157.4453;279.41895;3.354395;-0.089222565;0.0030845404;0.113889575;0.110812485;0.03729947;3.3363552;1243.7544;3739.1921;-897.235;4978.3735;-70.16;-60.15111
1999-01-28;-6.925007;-8.50751;-7.1243553;743.9925;0.75411636;160.00853;100.0;0.048039198;150.70506;318.35938;1.6889751;-0.11426862;0.0;0.1103282;0.1103133;0.0;1.6792827;749.4722;2512.3623;-524.07556;5989.427;-90.03222;-154.76555
1999-01-29;-8.033478;-10.582015;-9.5842705;747.0699;0.96229583;88.98477;100.0;0.04855287;153.06215;317.3828;0.03427863;-0.08095428;0.0018775463;0.111699104;0.10982156;0.022809952;0.031277537;1069.956;3557.9434;-1206.6189;5009.864;-63.85889;-154.88777
1999-01-30;-8.011752;-11.348435;-11.711904;747.8309;1.0451097;151.08514;100.0;0.04849696;155.40492;312.01172;0.022080723;-0.058563426;0.0009685755;0.110298395;0.10933727;0.01164712;0.01822412;1166.1578;3779.1167;-1201.2561;4850.4854;-46.345554;-123.28222
1999-01-31;-7.0262737;-14.208518;-13.463733;749.6967;1.2125088;63.872158;100.0;0.04831195;157.43585;306.96616;0.0040486893;-0.033953227;0.022679567;0.13153255;0.10886043;0.2434142;0.001475215;1282.3317;4055.4421;-1328.6511;4566.9326;-26.998888;-40.756668
1999-02-01;-4.539373;-14.068675;-13.571797;749.5832;1.1455934;78.77173;99.45858;0.04802211;159.53253;301.18814;0.0017195934;-0.047042966;0.022634864;0.13101101;0.108376145;0.25691092;0.0;1358.5884;4174.1543;-1463.4283;4422.8687;-36.86889;-0.60888886
1999-02-02;-4.8057923;-11.347638;-13.068202;747.7175;1.1345384;175.55339;98.3422;0.04778719;161.58983;295.5729;0.44490993;-0.05108118;0.016599894;0.1244992;0.10790676;0.1837425;0.42383745;1419.3517;4201.1265;-1283.17;4647.8984;-39.761112;-27.782223
1999-02-03;-5.88142;-6.840677;-5.6813354;740.74786;1.5295333;223.27606;99.51815;0.057315547;154.64125;368.20474;20.072933;-0.15436672;0.0061690807;0.11360645;0.10743737;0.009495765;19.67534;625.74;2104.8223;-383.965;6293.461;-121.403336;-228.77888
1999-02-04;-9.821602;-12.246797;-11.273431;740.2807;0.8036277;216.35371;100.0;0.06848824;151.8473;450.56152;0.6245517;-0.020124018;0.0;0.106975436;0.106975436;0.0;0.6163344;977.88;3989.0222;-1017.06665;4991.169;-15.917778;-169.35889
1999-02-05;-10.340398;-13.618518;-12.475997;738.36035;0.7683485;165.73915;100.0;0.06918601;152.63214;452.92154;0.23820996;-0.022616237;0.0;0.1065284;0.10652095;0.0;0.23520365;987.2172;3943.7373;-1118.8528;4825.904;-17.897778;-172.77222
1999-02-06;-10.142009;-14.394684;-17.77587;742.50806;0.9994835;161.8649;100.0;0.06925575;154.72655;447.55045;0.0019955873;0.02085045;0.0;0.106066465;0.106066465;0.0;0.00070780516;1137.0261;4431.513;-1289.9194;4153.533;16.217777;-55.296665
1999-02-07;-7.7040496;-9.327661;-12.015708;744.9451;0.9811365;239.28117;100.0;0.07955245;150.54555;525.5127;32.610046;0.01399219;0.0;0.10561943;0.10561943;0.0;32.604485;488.32;1867.0667;69.26278;6268.9775;10.71;-43.79889
1999-02-08;-4.873586;-5.624537;-5.0528946;744.0703;1.2043624;206.12547;100.0;0.11635288;150.41664;770.5485;20.027924;-0.03615208;0.0;0.105172396;0.10517985;0.0;20.009167;619.2256;2695.9778;-291.52112;6495.0312;-28.456667;-179.46445
1999-02-09;-5.71475;-7.3417587;-5.478531;747.1452;1.220684;212.36952;100.0;0.12452817;157.09601;793.0501;1.6092658;-0.03893301;0.0;0.10474026;0.10473281;0.0;1.605764;964.55444;4112.824;-934.6494;5658.042;-30.663334;-184.45111
1999-02-10;-5.807134;-8.1062155;-6.9272194;748.35785;0.9478455;149.14178;100.0;0.12741224;162.34796;784.83075;1.6005933;-0.0343211;0.0;0.10429323;0.10430068;0.0;1.5961975;851.91113;3575.7822;-1112.0405;5314.1387;-27.221111;-142.52
1999-02-11;-7.626123;-14.439819;-13.111669;749.9512;1.4347962;22.333841;100.0;0.12762599;167.7132;761.1084;0.0004351138;0.01693517;0.0;0.103875995;0.103868544;0.0;0.0;1095.9166;4467.432;-1456.1381;4326.022;13.101111;-22.93111
1999-02-12;-6.4500136;-16.184528;-15.807601;750.64233;1.0612606;187.14778;100.0;0.12764382;171.28026;745.27997;0.006854534;0.008026138;0.0;0.10344386;0.10344386;0.0;0.0064224005;1200.1956;4766.0513;-1199.0577;4460.5986;6.173333;-5.5244446
1999-02-13;-5.001676;-13.165704;-13.827029;750.7437;1.0397624;137.86867;100.0;0.12766008;174.72752;730.6722;0.0024676323;0.016245991;0.0;0.10301173;0.10301918;0.0;0.0020377338;1217.0878;4710.1685;-1246.9573;4624.033;12.636666;-32.3
1999-02-14;-6.1343994;-13.576489;-14.331314;750.71576;1.1381297;80.45237;100.0;0.12767935;178.21124;716.4714;0.0;0.019403175;0.0;0.102594495;0.102594495;0.0;0.0;1267.5483;4784.566;-1321.2672;4472.088;15.064445;-29.296667
1999-02-15;-6.2562866;-13.55471;-14.590457;748.5236;1.0219597;188.94957;100.0;0.12769575;181.46971;703.5726;1.4901161e-05;0.015920028;0.0;0.10219216;0.10219216;0.0;1.4901161e-05;1317.055;4852.0137;-1392.4005;4366.095;12.318889;-35.627777
1999-02-16;-6.703837;-9.476188;-13.318667;746.4549;1.0477959;202.36073;100.0;0.12779295;184.53676;692.3828;0.478971;0.03727898;0.0;0.10178983;0.10177493;0.0;0.45963377;1235.1206;4440.128;-792.2925;5229.2563;29.087778;-82.01111
1999-02-17;-4.978953;-6.4221396;-6.86541;746.6875;1.1080725;199.47041;100.0;0.13112883;185.18;706.2581;15.020745;-0.102996826;0.0;0.1013726;0.1013726;0.0;14.741715;956.7439;3436.9883;-294.79584;6412.491;-81.12778;-193.56667
1999-02-18;-3.9750469;-4.4415183;-3.4069622;740.91583;1.1077725;205.5382;100.0;0.17682727;163.38963;1077.1078;42.924103;-0.089525245;0.0004917383;0.10146201;0.10097027;0.0;41.76133;360.55612;1568.4344;-52.365555;6880.8022;-70.48444;-183.23111
1999-02-19;-4.4918723;-5.3365846;-3.0356686;741.0566;1.5875465;204.32588;100.0;0.19506876;170.40363;1144.0836;15.859397;-0.14514476;0.0;0.10056794;0.10057539;0.0;15.354649;943.38055;4018.963;-615.4239;6267.348;-114.27;-339.5589
1999-02-20;-8.635498;-10.2784395;-5.284963;733.98724;1.6129318;232.62245;100.0;0.23100524;168.99413;1363.2812;30.10552;-0.24550036;0.0;0.100165606;0.10018051;0.0;30.060545;467.25333;2039.7722;-603.42474;5903.7344;-193.2911;-328.15778
1999-02-21;-12.501653;-15.652867;-11.278816;741.5037;1.1123142;252.90059;100.0;0.23951216;174.47752;1374.4303;0.98899007;-0.13398844;0.0;0.09979308;0.099785626;0.0;0.9829253;1016.775;4351.329;-1179.5956;4712.5444;-105.52;-266.6389
1999-02-22;-10.877219;-14.608723;-14.469523;746.6098;0.96791744;195.05418;100.0;0.23973548;181.05663;1325.358;0.006472168;0.015085563;0.0;0.09940565;0.099398196;0.0;0.004325062;1206.3983;5021.448;-1289.8636;4414.477;11.807777;-165.84445
1999-02-23;-7.8592567;-13.82238;-15.530964;747.8374;1.0647193;119.89169;100.0;0.23976314;186.49281;1286.8652;0.0017285338;0.033353455;0.0;0.099003315;0.099018216;0.0;0.0;1289.5945;5226.2295;-1344.2778;4327.15;26.055555;-59.002224
1999-02-24;-6.4781823;-14.901272;-16.22413;747.47723;0.9425769;306.04633;100.0;0.23979354;191.32777;1254.5573;0.0017225739;0.020978041;0.0;0.09864569;0.09863824;0.0;0.0;1376.419;5434.2056;-1491.5074;4096.1216;16.323334;-26.007778
1999-02-25;-6.0539308;-13.762698;-15.961159;747.6765;0.91776186;196.28246;100.0;0.23981746;195.73175;1226.6439;0.013861783;0.025736168;0.0;0.09825826;0.09825826;0.0;0.012144446;1366.7189;5258.33;-1180.5148;4538.3794;20.09;-54.4
1999-02-26;-5.109033;-9.3231;-14.084315;746.85455;0.8684566;198.05707;100.0;0.23987265;200.3473;1198.7711;0.0033545021;0.058555044;0.0;0.09788573;0.09787828;0.0;0.0024959445;1422.8983;5341.3516;-1237.1989;4662.5376;45.808887;-79.22889
1999-02-27;-5.3261414;-6.992147;-11.292675;745.53937;0.7877664;218.54297;100.0;0.24089865;204.80467;1177.0426;2.905008;0.034833327;0.0;0.0975132;0.0975132;0.0;2.7389674;1087.0756;3974.639;-437.3297;5891.1694;27.19;-124.494446
1999-02-28;-3.8338215;-10.127617;-8.290024;746.9362;0.9385801;134.91786;100.0;0.2428639;209.8766;1158.7728;0.014182245;-0.013213605;0.0;0.09714067;0.09714812;0.0;0.011015683;1437.0278;5368.5005;-1418.5475;4949.3613;-10.221111;-155.6311
1999-03-01;-3.527959;-10.560222;-9.996166;747.8941;1.7438043;22.91716;100.0;0.24285989;215.9964;1126.058;0.0012934206;0.0017452985;0.0;0.09676814;0.09677559;0.0;0.0;1536.0895;5600.205;-1673.0264;4469.2334;1.1522223;-44.244446
1999-03-02;-3.804868;-11.532441;-10.959922;744.35986;1.7207762;19.751083;100.0;0.24286215;221.0934;1099.6908;0.00042617318;-0.0034458935;0.0;0.096425414;0.09641796;0.0;0.0;1601.3811;5702.573;-1673.3595;4409.1694;-2.9122221;-29.188889
1999-03-03;-3.940694;-10.878822;-10.772659;742.6716;1.0548643;109.948975;100.0;0.2428586;225.6966;1077.2705;0.0025629988;-0.0059697777;0.0;0.096052885;0.096060336;0.0;0.0012740493;1515.0583;5271.8926;-1276.0623;4928.258;-4.7916665;-98.60528
1999-03-04;-4.3349915;-11.397237;-9.766524;747.1704;1.6763948;25.426912;100.0;0.2427942;230.32323;1055.5013;0.0015258788;-0.11626165;0.0;0.09569526;0.09570271;0.0;0.00063329935;1628.9542;5541.9966;-1476.1176;4782.97;-91.59;-95.46111
1999-03-05;-2.5546265;-12.48336;-10.069835;749.79144;1.3622273;20.857744;100.0;0.2427351;234.75877;1035.1156;0.0025808804;-0.021027401;0.0;0.09535253;0.09535253;0.0;0.0;1761.3691;5862.5444;-1768.8939;4414.8423;-16.646667;-67.64222
1999-03-06;-2.0486653;-15.655116;-10.331815;748.5339;1.1040916;70.85568;100.0;0.24270606;238.83331;1017.7002;0.00044107434;-0.04055351;0.0;0.095009804;0.095009804;0.0;0.0;1829.1825;5958.468;-1759.6862;4427.82;-31.947779;-59.584446
1999-03-07;-1.2811991;-13.85025;-9.757562;749.13306;1.0411507;72.84811;100.0;0.24266644;242.74054;1000.93585;0.00043511385;-0.03939029;0.0;0.094652176;0.09465963;0.0;0.0;1864.9902;5948.2744;-1695.9039;4560.466;-31.028889;-70.706665
1999-03-08;-1.746521;-11.362106;-9.203353;748.57715;0.93923813;210.66939;100.0;0.24262707;246.63573;984.7819;0.0004351138;-0.03822241;0.0;0.09430945;0.09430945;0.0;0.0;1903.9484;5947.6436;-1734.7178;4554.299;-30.153889;-97.15889
1999-03-09;-3.101878;-8.839305;-8.463276;746.3523;0.9545755;179.02208;100.0;0.24259079;250.50616;969.84863;0.0004351138;-0.038888305;0.0;0.09398162;0.09397417;0.0;0.0;1916.7195;5867.532;-1626.3859;4721.257;-30.694445;-129.99
1999-03-10;-4.571096;-8.625136;-7.689284;743.27216;0.7625343;126.316895;100.0;0.24676947;249.11586;989.99023;12.769798;-0.116909854;0.0;0.0936389;0.0936389;0.0;12.226839;1256.198;3808.1167;-892.2889;5622.979;-92.07667;-150.18445
1999-03-11;-6.7330194;-9.9884405;-8.214166;741.83185;0.72060174;259.5672;100.0;0.25608253;240.64809;1065.0228;1.2173058;-0.054512173;0.0;0.09329617;0.09330362;0.0;1.1783726;1336.1494;5165.77;-1384.0775;4865.019;-42.95778;-235.77444
1999-03-12;-6.4893174;-11.409317;-9.978745;743.3552;0.96805215;175.2046;100.0;0.25655243;244.37791;1050.9847;0.0010043381;-0.004180707;0.0;0.092983246;0.092975795;0.0;0.0001527369;1609.8262;6126.2935;-1671.5614;4432.2373;-3.3794444;-208.13777
1999-03-13;-4.852141;-15.235436;-11.160209;744.48315;1.0709616;64.00298;100.0;0.2565399;248.01984;1035.441;0.00085234636;-0.024332665;0.0;0.09265542;0.09264052;0.0;0.0;1705.3917;6331.3745;-1665.95;4383.7104;-19.189444;-145.92223
1999-03-14;-4.4063363;-14.680995;-11.319894;744.6533;0.9850486;138.84706;100.0;0.25652;251.32713;1021.3623;0.00044107434;-0.021578744;0.0;0.09229779;0.092327595;0.0;0.0;1757.6498;6370.7383;-1672.373;4395.5264;-17.012222;-148.95166
1999-03-15;-4.7562065;-10.645714;-10.692292;743.51105;0.9680186;199.49445;100.0;0.25708672;253.71938;1013.63116;2.0460367;-0.07474981;0.0;0.09199977;0.09199977;0.0;1.940947;1621.0286;5739.6304;-1122.2206;5142.001;-58.9;-173.84
1999-03-16;-6.997069;-8.692477;-8.778436;741.4976;0.9157813;220.32915;100.0;0.267657;241.88539;1106.3232;12.418688;-0.0324687;0.0;0.09167194;0.09167194;0.0;12.280531;917.25214;3721.5742;-530.8586;5882.3145;-25.58;-202.99556
1999-03-17;-8.40157;-12.325604;-8.618094;745.82965;1.0839574;179.12146;100.0;0.2710803;242.34764;1120.2393;0.45016706;-0.1689326;0.0;0.09135902;0.09135902;0.0;0.429295;1485.657;6001.5776;-1368.7411;4876.33;-133.03223;-361.07193
1999-03-18;-6.476065;-16.398928;-10.887874;749.6883;0.94035226;90.35177;100.0;0.27121505;246.33917;1102.4576;0.00086128706;-0.036253594;0.0;0.091031194;0.091038644;0.0;0.0;1648.5819;6508.542;-1548.9266;4494.4355;-28.487778;-214.64778
1999-03-19;-3.2526448;-10.599308;-9.553837;746.8964;0.8242796;209.48338;100.0;0.27142665;249.9098;1087.7279;0.70394874;-0.02563931;0.0;0.09073317;0.09073317;0.0;0.6870404;1192.1459;4589.777;-676.1875;5783.32;-20.21;-119.44889
1999-03-20;-2.9402874;-4.928457;-6.3313394;740.79254;0.71347404;192.74544;100.0;0.28044632;244.35023;1145.7113;23.398546;0.004544854;0.0;0.090405345;0.090420246;0.0;21.837421;825.0256;3315.8547;-185.70389;6608.876;3.56;-131.51445
1999-03-21;-4.3980713;-5.667277;-3.6057255;739.8391;1.2793442;210.24866;100.0;0.30382785;229.75356;1322.347;10.481139;-0.13504922;0.0;0.09012222;0.09010732;0.0;10.027617;1227.3567;5253.407;-796.1389;6057.582;-106.31555;-373.6072
1999-03-22;-4.3627114;-5.437134;-3.5763462;742.3536;1.1261076;204.73534;100.0;0.32317397;223.54066;1445.4752;18.184622;-0.15545636;0.0;0.0897944;0.08980185;0.0;18.039331;969.9061;4179.4165;-519.0914;6355.737;-122.33111;-330.91556
1999-03-23;-4.6310525;-6.560364;-3.9900043;746.2869;1.1428;217.7715;100.0;0.32841718;230.76202;1426.1475;0.8113414;-0.21188614;0.0;0.089496374;0.089503825;0.0;0.7793046;1348.0422;5619.0537;-1000.7828;5750.4995;-166.85445;-353.39777
1999-03-24;-3.5310872;-5.7977576;-4.3070817;747.5539;0.80706614;169.40584;100.0;0.32869902;239.78156;1373.6166;0.14464231;-0.15238765;0.0;0.08921325;0.08919835;0.0;0.13562664;1410.706;5658.562;-1123.9412;5621.722;-119.922226;-303.27444
1999-03-25;-3.2153728;-6.2513556;-4.4105287;745.49603;0.9240596;86.65243;100.0;0.32929483;247.56769;1332.2754;3.3959627;-0.14925656;0.0;0.08890033;0.08890033;0.0;3.0341148;1420.995;5487.8037;-785.48193;6051.4233;-117.48167;-292.13666
1999-03-26;-3.5733135;-4.5451965;-3.3614185;740.85126;0.89992446;152.16812;100.0;0.34112287;246.40135;1384.8877;16.909822;-0.07141661;0.0057071447;0.09430945;0.088602304;0.016123056;16.263845;597.67444;2409.9146;-390.3878;6520.649;-56.225555;-170.2
1999-03-27;-7.154775;-10.488097;-5.037974;744.76196;1.377443;148.18996;100.0;0.3499874;247.46417;1416.9515;1.2591064;-0.29797944;0.0;0.08830428;0.08831918;0.0;1.2542679;1531.3539;6331.271;-1556.3922;4885.88;-234.62445;-440.19556
1999-03-28;-4.8764243;-12.939967;-8.359313;746.6033;0.92378587;85.542915;100.0;0.35012326;253.52081;1383.4229;0.0018269566;-0.06874371;0.0;0.08802116;0.08802116;0.0;0.00010803342;1757.2222;7061.8784;-1685.4553;4536.1;-54.11222;-265.1789
1999-03-29;-2.382393;-7.711474;-7.4838614;748.6971;0.71187085;79.4037;100.0;0.35073936;258.33267;1359.9854;1.5473992;-0.033735298;0.0;0.08773804;0.08773804;0.0;1.341898;1278.8728;5006.9297;-675.6711;5962.7207;-26.607779;-179.61223
1999-03-30;-1.6752319;-3.7260742;-4.6144257;750.8462;0.96132827;72.74845;100.0;0.35523117;262.34018;1355.8756;7.749598;0.010687858;0.005096197;0.09253621;0.087447464;0.0;5.4813957;1058.6022;4070.5078;-679.6864;6136.084;8.297778;-136.33444
1999-03-31;0.096944176;-1.5371298;-1.2094549;750.3762;0.852374;46.99165;100.0;0.36450216;270.0612;1352.7018;24.719923;-8.754432e-05;1.8801838;1.9673407;0.08715689;0.4571341;0.039752573;588.58167;2236.459;-170.66556;7003.706;-0.051666666;-71.87
1999-04-01;-0.11669922;-0.35239664;0.0003000895;744.70776;0.5065182;156.1919;100.0;0.36812866;278.0179;1326.8636;44.429005;-0.02188608;9.424925;9.517431;0.09250641;3.628934;3.8729348;365.4178;1199.9172;10.845;7317.2856;-17.231112;-89.48889
1999-04-02;-2.353424;-3.3519795;-0.12751897;744.96747;0.94599086;217.03178;100.0;0.36890736;282.70898;1306.8848;6.158146;-0.33470058;0.70643425;0.7930696;0.0866428;3.499508;5.290471;1727.3894;5330.2896;-943.9875;6224.6235;-263.50888;-482.15112
1999-04-03;-2.9446003;-4.664968;-0.31966147;746.6468;0.97035766;247.19537;100.0;0.37092888;288.77866;1286.6211;3.2683072;-0.4936205;0.075787306;0.16224384;0.086426735;0.27436763;2.428539;2028.2189;6102.5396;-1099.1241;6004.7124;-388.63165;-547.06
1999-04-04;-2.2401936;-5.3579307;-0.33986664;749.0805;1.0384322;227.26306;100.0;0.37108564;297.2946;1250.6104;0.24220346;-0.5571516;0.29698014;0.38322806;0.08624047;1.7623789;0.09223819;2373.6367;6704.4155;-1475.7539;5582.526;-438.63278;-475.74335
1999-04-05;-1.1710104;-4.7735696;-0.42588678;748.65314;1.1226676;156.06885;100.0;0.36840603;307.08496;1202.0264;0.055617094;-0.48980582;0.4633367;0.5494207;0.08607656;2.7755723;0.0019595027;2673.1167;6873.464;-1604.6328;5449.9004;-385.6389;-423.62112
1999-04-06;-1.5395609;-4.0488486;-0.43187714;747.55664;1.0617152;87.909065;100.0;0.364916;317.02017;1153.3203;2.8514774;-0.28176045;1.062423;1.1483431;0.085927546;4.3427367;0.8328855;2704.9255;6493.455;-1663.9022;5390.3306;-221.82333;-353.6611
1999-04-07;-1.2495117;-4.8591104;-0.3637352;744.4311;1.1041615;94.365135;100.0;0.36005303;326.05762;1106.486;0.72869956;-0.45013243;1.1229813;1.2087673;0.085793436;5.6643634;0.023704022;2690.0845;6319.806;-1346.5945;5786.771;-354.39444;-404.5789
1999-04-08;-1.6095377;-3.3263958;-0.2950592;740.99176;0.95071;44.67836;100.0;0.35757086;334.02213;1071.8588;5.8334947;-0.2589235;0.88073313;0.9664148;0.08568168;2.928678;1.9598305;1754.6777;3987.4321;-897.8089;6235.7188;-203.85388;-252.34666
1999-04-09;-1.4638876;-5.6937356;-0.21574402;747.9998;1.0118905;46.092922;100.0;0.35539952;337.75586;1053.8737;1.7306149;-0.45696738;1.2578964;1.3434738;0.08559227;6.280575;1.0697358;2324.2444;5648.9277;-1355.7245;5753.235;-359.76944;-355.47223
1999-04-10;0.40297446;-5.4637856;-0.3970057;752.824;1.047295;125.52245;100.0;0.34894845;345.6263;1011.8001;0.021786347;-0.2805935;1.4100373;1.49557;0.085540116;7.0176272;0.0;3250.3032;7523.051;-1994.0458;5102.9136;-220.8811;-318.2189
1999-04-11;1.7738241;-5.5958047;-0.34998703;752.8396;0.9675148;116.71963;100.0;0.34004763;354.87338;960.65265;0.0036209822;-0.2376996;2.4338512;2.519384;0.085532665;9.874672;0.0;3387.1116;7506.687;-1915.6522;5251.945;-187.11111;-289.79556
1999-04-12;2.5263672;-3.7098286;-0.3034884;748.1569;0.8623683;101.179436;100.0;0.3292743;363.38574;908.3659;0.0074810577;-0.14785677;2.839893;2.9254704;0.08557737;11.0269785;0.0;2866.3428;6149.0938;-1380.5453;5807.588;-116.384445;-225.4911
1999-04-13;0.3823649;-3.9716594;-0.23508835;742.9473;1.3749033;205.80365;100.0;0.31909594;370.34897;863.60675;1.5248656;-0.6732904;2.4295151;2.5152416;0.08573383;9.175588;0.10756031;3168.5732;6624.7144;-1392.3994;5838.3726;-530.0933;-408.11
1999-04-14;-0.1945699;-1.9539795;-0.16700618;745.7883;0.94605297;224.35176;100.0;0.3093712;375.9857;824.8698;5.1911173;-0.3990829;4.1916966;4.303485;0.11177361;10.459691;0.64537674;2860.5344;5919.2573;-831.1619;6514.2124;-314.20334;-438.14667
1999-04-15;-0.5104167;-2.6102905;-0.08875275;748.05975;1.2033225;164.32353;100.0;0.2983297;378.35483;789.99835;2.688694;-0.5854852;3.868103;4.0005445;0.13242662;11.900089;0.32047182;2896.2456;6127.459;-1087.4512;6215.241;-460.96222;-478.11417
1999-04-16;-1.344635;-4.115316;-0.25226212;748.706;1.0568081;109.67678;100.0;0.28639737;383.23047;749.38965;2.5176108;-0.49135742;3.782481;3.9359033;0.15345216;11.714611;0.032741576;3162.6223;6562.297;-1403.2761;5782.033;-386.86667;-493.1089
1999-04-17;-1.0911255;-4.331614;-0.35903803;749.6346;1.206547;90.8302;100.0;0.2757933;390.833;707.4382;5.656898;-0.40329432;4.6301184;4.779726;0.14961511;10.001388;0.72196496;3252.9944;6644.715;-1537.5236;5601.3315;-317.52777;-397.44
1999-04-18;1.6569926;-6.052175;-0.3952891;751.1167;0.9806066;155.55212;100.0;0.26417124;398.52994;665.1204;0.0003874302;-0.2995562;4.8819184;5.2970943;0.41519105;13.474032;0.0;3763.3738;7817.1743;-1998.5353;5150.626;-235.7911;-328.59555
1999-04-19;2.6394043;-1.9101461;-0.38425446;749.7087;1.0876185;200.6121;100.0;0.25030828;408.125;615.76337;0.65761805;-0.17115101;4.847884;5.1085653;0.26067346;13.67363;0.0;3253.5728;6638.616;-1465.4292;5759.698;-134.83556;-232.97888
1999-04-20;3.4971924;-1.6967773;-0.31088257;749.4973;1.1106532;243.77954;100.0;0.23446615;416.84537;564.9007;0.11271536;-0.2940297;6.2972455;6.7421346;0.44488907;16.411224;0.0;3480.949;7007.973;-1549.2524;5746.6167;-231.30556;-235.4911
1999-04-21;2.6605022;-3.2214966;-0.4245313;749.48486;1.070629;168.40999;100.0;0.2177412;425.86523;513.75323;0.026035309;-0.334939;6.6216288;7.357195;0.735566;16.792316;0.0;3928.375;7823.1123;-1912.8038;5302.1;-259.55;-277.85
1999-04-22;0.02053833;-3.5815022;-0.4743042;748.573;1.1972157;62.958675;100.0;0.2036783;433.8086;471.2728;5.4794044;-0.4053442;5.9378595;6.970689;1.0328442;11.972632;1.0136366;3182.2383;6293.704;-1290.2794;5908.9937;-319.04556;-340.83777
1999-04-23;0.47140503;-4.2920227;-0.35626474;747.95807;0.8707134;102.9823;100.0;0.19290467;436.77182;443.1559;1.9935668;-0.56336635;4.9057302;5.3997636;0.4940331;13.455667;0.46057627;3049.8855;6416.724;-1353.0553;5870.4062;-430.84778;-325.6
1999-04-24;2.1949768;-3.1000874;-0.5974757;748.92163;1.1161426;95.798195;100.0;0.17796461;444.88965;401.3672;0.0003874302;-0.2290355;6.1344504;6.35466;0.22021681;16.364223;0.00036880374;3811.9084;7856.9976;-1752.6102;5474.1436;-179.93556;-339.05112
1999-04-25;3.3908691;-2.8142498;-0.534036;751.3369;1.120766;84.49575;98.83805;0.16004562;449.48828;356.9336;0.05233678;-0.1514703;7.999614;8.909806;0.9101927;18.538263;0.0;3679.024;7428.303;-1568.7853;5763.91;-117.95333;-283.0289
1999-04-26;4.10141;-4.881429;-0.6202647;751.0622;1.1736914;75.7965;96.75692;0.14036667;450.0;312.98828;0.001978874;-0.19907393;8.328035;9.628147;1.3001114;20.227448;0.0;4046.9023;7970.7915;-1752.2705;5584.72;-148.82666;-266.6378
1999-04-27;5.3269653;-4.7444253;-0.6315422;750.3681;1.0845971;68.26067;95.35718;0.119585;450.0;266.80502;0.0023424625;-0.20703115;8.929282;9.795486;0.86621195;20.818188;0.0;3879.314;7510.0522;-1555.2478;5839.4893;-151.60445;-246.73445
1999-04-28;4.2176614;-2.0716655;-0.5845833;749.94867;1.1843683;122.83935;94.62036;0.101356946;450.0;225.95215;1.1927485;-0.16916078;7.5675993;8.552149;0.984557;16.230291;0.0;2938.564;5622.8022;-1143.9347;6215.291;-123.03778;-152.93
1999-04-29;4.6514893;-1.0487875;-0.71838504;749.76434;1.4477137;216.18239;94.22201;0.08310238;450.0;185.4655;3.86222;-0.44562107;10.172486;11.430651;1.258187;19.044094;0.0;3597.801;6830.564;-1417.7828;5941.8677;-337.91223;-213.63667
1999-04-30;4.6784463;-2.8995056;-1.5345815;750.1863;1.4887208;225.34877;92.879234;0.06308917;450.0;140.99121;0.0128502585;-0.6123241;8.934244;10.300189;1.3659447;20.162313;0.0;4265.7656;8022.633;-1856.6133;5428.7324;-463.62;-251.01555
1999-05-01;5.793081;-2.4566956;-1.8796705;753.7146;1.0141746;173.62415;82.168945;0.04131353;450.0;92.814125;0.0004277171;-0.41379127;10.009572;11.6845665;1.6749948;22.178783;0.0;4440.915;8050.49;-1803.6616;5567.1333;-294.81778;-321.62222
1999-05-02;5.5175986;0.80403644;-1.3236389;753.0605;1.1492695;154.75612;53.520264;0.023495158;450.0;53.100586;4.546833;-0.87988937;6.921768;8.279189;1.3574213;14.1561365;0.0;4243.0566;6633.4097;-1401.9728;6214.0854;-612.23224;-420.19446
1999-05-03;6.084391;-2.7097676;-1.2920113;749.08234;1.1617823;123.32889;28.776123;0.012564898;449.9707;28.238932;0.4470706;-2.100477;3.1690896;4.131407;0.96232444;9.162094;0.00027939677;5313.1562;7411.261;-1654.1006;6190.739;-1464.7922;-637.3489
1999-05-04;4.2469583;-0.8607686;-1.7378718;746.8416;0.9342945;77.418785;14.997478;0.0065865912;449.96875;14.851888;6.99044;-1.5710964;3.626503;4.7135205;1.0870099;3.8905218;0.0;4394.442;5802.1104;-1714.0483;6035.912;-1091.4288;-640.43555
1999-05-05;6.9879456;-0.96638995;-1.5049273;749.7823;1.1108506;170.14445;7.814453;0.0033990145;449.96875;7.7311196;0.0;-2.7389824;0.86826086;2.0631552;1.1948794;2.8097966;0.0;6160.7495;7916.621;-2260.0793;5783.8574;-1903.6455;-813.69775
1999-05-06;9.122772;0.8260905;-0.93022156;750.0546;1.1241683;177.46692;3.3911133;0.0014702877;449.96875;3.3365886;0.10493696;-2.9853451;0.39118528;1.6789734;1.2877733;1.3371334;0.0;6138.3096;7761.814;-2269.2185;5979.803;-2074.081;-832.04443
1999-05-07;8.33902;1.8317362;-0.43782935;747.3655;1.366644;218.6498;1.3979492;0.0006058216;449.96875;1.3834635;2.5043497;-2.860872;0.6456077;2.0074248;1.3618171;0.56431067;0.0;5625.5757;7068.359;-1885.373;6389.1577;-1987.6455;-1158.0111
1999-05-08;7.873403;-0.8277181;-0.5406151;748.2822;1.7478013;225.15672;0.61051434;0.0002651612;449.96875;0.5289714;3.161058;-3.4343488;0.83339214;2.2509992;1.4176071;0.24699792;0.0;6153.398;7719.2856;-2201.496;6029.237;-2385.9866;-1170.6844
1999-05-09;6.17452;-0.10595703;-0.775369;749.811;1.3363065;167.96739;0.25887045;0.00011225542;449.96875;-7.345365e-21;4.5873103;-2.6993194;0.9664744;2.4249256;1.4584363;0.09807199;0.0;5759.0386;7225.652;-2077.854;6125.0737;-1875.1945;-1341.4745
1999-05-10;3.5538738;0.56554157;-0.74690247;749.1713;1.1629502;131.60606;0.11726888;5.1061314e-05;449.96875;-7.345365e-21;5.3317885;-2.3806822;1.0837466;2.5714636;1.4877095;0.038266182;0.0;4920.3335;6178.739;-1849.4886;6161.075;-1653.7922;-1239.1256
1999-05-11;7.126831;-0.91434735;-0.9725825;751.8557;1.09135;139.58824;0.053466797;2.292792e-05;430.23764;-7.345365e-21;0.00064373005;-3.498544;0.0054240227;1.5128106;1.5073866;0.022515655;0.00021234155;6486.385;8155.431;-2417.0457;5855.1235;-2430.331;-1124.69
1999-05-12;8.773875;-1.1044922;-0.7771327;750.8979;1.1117402;136.65561;0.020263672;8.940697e-06;425.1185;-7.345365e-21;0.020819902;-3.5216632;0.005185604;1.523763;1.5185847;0.008923933;0.0;6549.164;8245.164;-2491.601;5922.023;-2446.3828;-948.85443
1999-05-13;7.6677957;-0.15460205;-0.3570811;747.22186;1.0984205;125.756325;0.0081380205;3.33786e-06;421.97885;-7.345365e-21;4.2625604;-2.754868;0.74100494;2.26371;1.5226974;0.0030472875;0.0;5139.7417;6479.901;-2010.5328;6327.3105;-1913.715;-850.43225
1999-05-14;6.331858;1.6463827;-0.35494232;747.262;1.35192;214.31842;0.0032552083;1.3113022e-06;421.65625;-7.345365e-21;3.0590744;-2.875667;0.5418658;2.0644517;1.5225933;0.0013113022;0.0;5696.8096;7192.1255;-2155.8938;6128.894;-1997.6294;-1242.3878
1999-05-15;8.291972;-0.1574707;-0.9894702;749.53375;1.1948569;155.83388;0.0026041667;3.973643e-07;258.66568;-7.345365e-21;0.07811189;-3.5075648;0.011593103;1.5324205;1.5208274;0.0010058284;0.00040233135;6135.16;7756.991;-2152.8745;6261.3745;-2436.588;-1143.0723
1999-05-16;9.745839;-0.19115193;-1.474626;750.2851;1.1823756;136.22029;0.00048828125;-7.3453654e-25;242.80272;-7.345365e-21;0.1811716;-3.298914;0.024944544;1.5425831;1.5176386;0.00020861626;0.0;5882.93;7429.7866;-2224.4016;6249.4155;-2291.6455;-968.13336
1999-05-17;11.50114;-1.8836161;-2.8793576;749.5503;1.2888435;182.64021;0.0;-7.3453654e-25;177.52342;-7.345365e-21;1.7901361;-3.4515803;0.27798116;1.791358;1.5133768;4.8428774e-05;0.0;6077.731;7667.8276;-2233.3284;6332.953;-2397.6978;-999.09
1999-05-18;11.770183;-2.9628906;-1.7227923;748.4951;1.4525744;258.91028;0.0;-7.3453654e-25;115.55857;-7.345365e-21;0.019609928;-3.7643557;0.002577901;1.5104115;1.5078336;7.4505806e-06;0.0;6400.8667;8066.8413;-2513.3867;6015.4287;-2614.9734;-965.96
1999-05-19;10.265178;-3.49314;-0.22587712;746.92755;1.6045003;236.0149;0.0;-7.3453654e-25;100.70864;-7.345365e-21;0.0004351138;-3.7393105;5.9604645e-05;1.5009642;1.5009195;0.0;0.0;6656.785;8380.385;-2669.5283;5792.851;-2597.5732;-1066.6444
1999-05-20;2.8846538;-4.5627747;-4.4536514;744.93536;1.4009709;57.487293;2.0108235;0.0003263553;136.03156;1.7496744;8.095942;-2.4646688;1.085341;2.5792122;1.4938563;0.079561025;0.61482936;4219.801;5383.608;-1893.2711;5878.6943;-1712.5189;-1053.5522
1999-05-21;5.0386252;-6.6309204;-6.554357;749.257;1.0855185;78.55963;2.5523274;0.00037797293;152.39027;2.319336;0.0017166131;-3.280919;0.04374981;1.5294999;1.4857501;0.24867803;0.0;6738.27;8617.011;-2878.75;5146.961;-2279.37;-1189.15
1999-05-22;8.225749;-4.086029;-4.2305274;750.95795;0.99091935;127.42035;1.1496582;0.00016760826;152.40819;1.2613932;0.0004351138;-3.554102;0.030189753;1.506269;1.4760643;0.17802417;0.0;6736.812;8518.359;-2633.2078;5736.278;-2469.0022;-979.06
1999-05-23;9.544597;0.9587097;-2.2329788;752.1656;0.94269246;109.65265;0.36197916;5.177657e-05;152.4173;0.28483072;1.4885515;-3.2578204;0.2162531;1.68176;1.4655143;0.075329095;0.0;5843.3794;7341.323;-2133.0334;6501.4243;-2263.101;-929.9733
1999-05-24;10.204498;3.0845745;-1.8831431;751.93945;1.206617;111.43942;0.08585612;1.2358029e-05;152.42186;-7.345365e-21;4.234093;-3.1842477;0.5912483;2.0456762;1.4544278;0.020623207;0.0;5819.271;7290.6333;-2147.9866;6565.344;-2211.9866;-1003.8222
1999-05-25;11.826863;-1.1500143;-1.9646873;751.06976;1.1491698;143.35051;0.017578125;2.3444493e-06;152.42186;-7.345365e-21;2.1780431;-3.5671005;0.31673908;1.7594993;1.4427528;0.004209578;0.0;6021.229;7532.588;-2284.2927;6418.926;-2477.9456;-878.1055
1999-05-26;11.372681;-3.441447;-2.5816166;751.0615;1.7440025;235.537;0.0029296875;3.1789145e-07;152.42186;-7.345365e-21;0.23595989;-3.758423;0.026151538;1.4562607;1.4301167;0.0008121133;0.0;6286.895;7856.05;-2381.119;6187.7246;-2610.8523;-1080.2544
1999-05-27;10.970052;-2.7023315;-3.6527126;754.4466;1.5209683;238.79063;0.0;-7.3453654e-25;152.42186;-7.345365e-21;0.07187724;-3.710799;0.0077039003;1.4243722;1.4166758;0.0001527369;0.0;6714.3193;8381.054;-2619.5784;5909.276;-2577.7688;-1273.97
1999-05-28;12.04478;-1.1173401;-1.775425;757.243;1.3038564;124.702614;0.0;-7.3453654e-25;119.49087;-7.345365e-21;0.7716894;-3.3513474;0.08060038;1.4832616;1.4026761;1.8626451e-05;0.0;6278.7793;7829.229;-2400.956;6259.7065;-2328.0688;-1103.2778
1999-05-29;12.965587;1.957489;-0.09418869;755.0285;1.2885276;112.92933;0.0;-7.3453654e-25;100.32745;-7.345365e-21;0.6648749;-3.5086162;0.0679791;1.4561564;1.3882071;0.0;0.0;6182.851;7701.2065;-2242.7588;6645.527;-2437.3188;-963.2622
1999-05-30;14.141571;0.9453023;0.009963989;751.5706;1.5972115;164.60197;0.0;-7.3453654e-25;99.99998;-7.345365e-21;0.007262987;-3.4670644;0.0006109476;1.373738;1.3731122;0.0;0.0;5730.5137;7130.6265;-2186.8162;6723.931;-2408.4543;-846.4656
1999-05-31;13.109802;-2.2356365;0.009963989;752.5442;1.205958;191.9734;0.0;-7.3453654e-25;99.99998;-7.345365e-21;0.0;-3.58483;0.0;1.3573766;1.3573766;0.0;0.0;6923.671;8605.912;-2882.18;5934.844;-2490.2622;-1176.1022
1999-06-01;13.8723955;-0.16262817;0.00957489;752.51587;1.1497636;192.11578;0.0;-7.3453654e-25;99.99998;-7.345365e-21;0.09649992;-3.1332002;0.008299947;1.3495088;1.3411939;0.0;0.0;5901.3843;7327.81;-2258.6948;6671.197;-2176.53;-1045.4967
1999-06-02;13.704417;-4.133199;0.009836833;751.5878;1.3610071;249.80858;0.0;-7.3453654e-25;99.99998;-7.345365e-21;0.0012844794;-3.4506154;0.00011175871;1.3246685;1.3245642;0.0;0.0;6984.493;8663.115;-2984.4636;5902.782;-2397.0278;-1339.4667
1999-06-03;13.005646;-4.919698;0.010075887;750.5743;1.3832155;187.87177;0.0;-7.3453654e-25;99.99998;-7.345365e-21;0.0034302466;-3.2336433;0.00029802322;1.3077259;1.3074279;0.0;0.0;6916.8994;8570.24;-2860.6711;6002.8955;-2246.3044;-1421.9033
1999-06-04;12.199697;-4.6605835;0.009999593;747.65186;1.5473021;146.56517;0.0;-7.3453654e-25;99.99998;-7.345365e-21;0.1406461;-2.9027815;0.012025237;1.3021082;1.2900829;0.0;0.0;6694.285;8285.654;-2727.4438;6110.677;-2016.4656;-1690.7311
1999-06-05;11.258575;-0.8987935;0.009763082;749.336;1.222035;147.68904;0.0;-7.3453654e-25;99.99998;-7.345365e-21;0.6344259;-2.608955;0.05362928;1.326263;1.2726262;0.0;0.0;6330.4946;7827.0444;-2492.899;6363.0884;-1812.3534;-1697.5522
1999-06-06;12.319092;-1.5326029;0.009941101;751.74225;1.3597403;145.73955;0.0;-7.3453654e-25;99.99998;-7.345365e-21;0.035735965;-2.8171427;0.0029355288;1.2578964;1.2549684;0.0;0.0;6597.346;8148.452;-2613.1523;6356.086;-1956.9745;-1660.4344
1999-06-07;12.137462;-0.33233643;0.010136922;752.2747;1.3012266;119.91312;0.0;-7.3453654e-25;99.99998;-7.345365e-21;0.5117953;-2.6674457;0.040844083;1.2778938;1.2370348;0.0;0.0;6351.517;7836.5977;-2475.266;6577.9688;-1852.9856;-1582.5455
1999-06-08;13.352997;-0.27308145;0.009914398;751.74506;1.4377508;106.29366;0.0;-7.3453654e-25;99.99998;-7.345365e-21;0.061893463;-2.7748234;0.0047832727;1.2237728;1.2190193;0.0;0.0;6455.0137;7955.921;-2645.9497;6497.8496;-1927.5767;-1514.2988
1999-06-09;14.17686;0.061014812;0.010068257;751.25055;1.4866986;100.32299;0.0;-7.3453654e-25;99.99998;-7.345365e-21;0.2241971;-2.616113;0.017389655;1.2181997;1.2007952;0.0;0.0;6511.96;8017.8223;-2673.8416;6548.6865;-1817.3267;-1556.9523
1999-06-10;15.290416;-0.43025717;0.009916942;751.25806;1.2866367;107.737526;0.0;-7.3453654e-25;99.99998;-7.345365e-21;0.012391806;-2.5760477;0.0008121133;1.1833161;1.1825039;0.0;0.0;6442.5693;7924.021;-2709.506;6623.3667;-1789.4944;-1491.3889
1999-06-11;14.70641;-1.8553162;0.009860992;750.8553;1.6520853;114.855255;0.0;-7.3453654e-25;99.99998;-7.345365e-21;0.11512127;-2.3420444;0.00834465;1.1725724;1.1641979;0.0;0.0;6256.655;7687.3623;-2649.7761;6621.689;-1626.94;-1625.1611
1999-06-12;13.148692;-0.18209839;0.010052999;748.461;1.30398;146.61685;0.0;-7.3453654e-25;99.99998;-7.345365e-21;3.4322083;-2.174911;0.31235814;1.4586151;1.1462569;0.0;0.0;5875.721;7211.708;-2509.9182;6625.0796;-1510.8389;-1614.6655
1999-06-13;11.33315;-0.10960897;0.0099322;748.1133;1.2878242;156.718;0.0;-7.3453654e-25;99.99998;-7.345365e-21;1.337871;-2.4189372;0.09953976;1.2283176;1.1287704;0.0;0.0;6054.8833;7423.9033;-2374.966;6535.6387;-1680.3556;-1829.1244
1999-06-14;11.803284;0.68499756;0.009583791;749.8464;1.255273;159.3968;0.0;-7.3453654e-25;99.99998;-7.345365e-21;0.2199945;-2.5066977;0.01578033;1.1269748;1.1111647;0.0;0.0;6064.3657;7427.778;-2334.2039;6695.201;-1741.3188;-1709.6333
1999-06-15;11.945598;0.54142255;0.009741466;752.5183;1.1618075;128.15233;0.0;-7.3453654e-25;99.99998;-7.345365e-21;0.16663769;-2.4669933;0.011444092;1.1049658;1.0934994;0.0;0.0;6191.2783;7575.32;-2483.7678;6612.52;-1713.7389;-1676.5845
1999-06-16;12.240621;2.0913289;0.009573619;753.3968;0.9705515;82.728615;0.0;-7.3453654e-25;99.99998;-7.345365e-21;0.3530383;-2.1797624;0.024154782;1.1001825;1.0760278;0.0;0.0;5519.501;6752.3687;-2281.044;6879.426;-1514.2078;-1391.1844
1999-06-17;13.411194;2.722819;0.010059357;751.31494;1.2555176;44.20221;0.0;-7.3453654e-25;99.99998;-7.345365e-21;0.03530979;-2.3458152;0.0025629997;1.0612011;1.0586381;0.0;0.0;6464.751;7907.9365;-2609.3162;6730.1445;-1629.56;-1757.11
1999-06-18;15.210744;2.823944;0.009867351;750.7361;1.0149417;93.93261;0.0;-7.3453654e-25;99.99998;-7.345365e-21;0.30124667;-2.3363688;0.02105534;1.0621846;1.0411441;0.0;0.0;6484.055;7930.471;-2708.656;6861.6587;-1622.9967;-1616.8689
1999-06-19;16.317495;1.0049642;0.01028188;751.2483;1.1712054;125.01916;0.0;-7.3453654e-25;99.99998;-7.345365e-21;0.0014185898;-2.408864;8.940697e-05;1.0237992;1.0237098;0.0;0.0;6849.9526;8376.903;-2954.45;6756.528;-1673.3578;-1681.62
1999-06-20;17.565134;-0.17959595;0.009967804;750.10156;1.2151798;151.65608;0.0;-7.3453654e-25;99.99998;-7.345365e-21;0.0017166131;-2.2275503;0.00011920929;1.0064691;1.0063499;0.0;0.0;6914.6436;8454.9375;-3152.41;6651.067;-1547.4044;-1754.0967
1999-06-21;16.625559;-3.4728088;0.009858449;747.21686;1.3946322;133.03206;0.0;-7.3453654e-25;99.99998;-7.345365e-21;0.0008523463;-1.9977391;5.9604645e-05;0.9892583;0.9892136;0.0;0.0;7121.5684;8706.836;-3301.0417;6367.8096;-1387.7633;-1990.86
1999-06-22;16.434824;-0.40990195;0.009797414;747.74945;1.4383613;173.58711;0.0;-7.3453654e-25;99.99998;-7.345365e-21;0.002159133;-1.8694755;0.00013411045;0.9724349;0.97230077;0.0;0.0;6887.121;8419.099;-3082.3384;6653.4976;-1298.6622;-2079.4644
1999-06-23;16.69819;-0.0028889973;0.009788513;747.238;1.2625753;181.07014;0.0;-7.3453654e-25;99.99998;-7.345365e-21;0.00042617318;-1.8521603;2.9802322e-05;0.95559657;0.95558167;0.0;0.0;6942.23;8485.388;-3132.7483;6672.4756;-1286.6344;-2071.7312
1999-06-24;16.185598;-1.4871216;0.009993236;743.88794;1.7426862;237.46364;0.0;-7.3453654e-25;99.99998;-7.345365e-21;0.00043511385;-1.7142557;2.9802322e-05;0.9391606;0.9391457;0.0;0.0;7080.364;8653.135;-3347.906;6293.6543;-1190.8367;-2250.979
1999-06-25;12.823079;2.1725159;0.009714763;743.15094;1.6891369;208.46602;0.0;-7.3453654e-25;99.99998;-7.345365e-21;0.06406785;-1.3098438;0.0042766333;0.9274483;0.9231791;0.0;0.0;6281.3735;7675.676;-2542.544;6823.612;-909.9044;-2554.479
1999-06-26;12.71226;1.4776407;0.009885152;746.1945;1.5339217;213.96637;0.0;-7.3453654e-25;99.99998;-7.345365e-21;0.070530176;-1.3387371;0.004529953;0.9121895;0.90765953;0.0;0.0;6295.4087;7691.782;-2754.1782;6592.1143;-929.9767;-2490.0422
1999-06-27;13.787791;-0.048634846;0.010133107;748.65936;1.6419363;225.74303;0.0;-7.3453654e-25;99.99998;-7.345365e-21;0.62512755;-1.5333817;0.039070845;0.9315312;0.8924678;0.0;0.0;6056.036;7398.3677;-2558.0532;6780.62;-1065.19;-2202.2344
1999-06-28;13.424489;-0.77826947;0.009677887;749.92993;1.2511312;170.63376;0.0;-7.3453654e-25;99.99998;-7.345365e-21;0.0004351138;-1.6145091;2.9802322e-05;0.8773804;0.877358;0.0;0.0;6881.1475;8405.317;-3002.3528;6405.431;-1121.5466;-2466.2544
1999-06-29;14.013377;0.7635803;0.009902954;750.47974;0.94689256;102.19861;0.0;-7.3453654e-25;99.99998;-7.345365e-21;0.00737042;-1.5119128;0.000461936;0.86286664;0.86241215;0.0;0.0;6115.0254;7468.4243;-2716.7244;6847.03;-1050.2755;-1941.9355
1999-06-30;15.268005;-0.6371765;0.009684245;749.9707;1.335262;176.70166;0.0;-7.3453654e-25;99.99998;-7.345365e-21;0.0014841557;-1.586738;8.940697e-05;0.84775686;0.84766746;0.0;0.0;6941.577;8476.87;-3131.9268;6534.0923;-1102.2544;-2340.0278
1999-07-01;15.516215;-1.8023376;0.00997289;750.16327;1.3164883;250.45494;0.0;-7.3453654e-25;99.99998;-7.345365e-21;0.0012885566;-1.5097092;8.940697e-05;0.8331835;0.8330941;0.0;0.0;7030.672;8584.616;-3226.0605;6432.5576;-1048.7456;-2380.0088
1999-07-02;16.37797;-2.2352703;0.010023753;749.9932;1.2323756;199.48827;0.0;-7.3453654e-25;99.99998;-7.345365e-21;0.002995507;-1.5509473;0.00017881393;0.818938;0.8187741;0.0;0.0;7069.771;8631.234;-3390.0627;6384.192;-1077.3911;-2209.6577
1999-07-03;16.836447;-3.9358928;0.010116577;748.71265;1.2770103;144.5626;0.0;-7.3453654e-25;99.99998;-7.345365e-21;0.00043511385;-1.546368;2.9802322e-05;0.8047223;0.8046776;0.0;0.0;7193.0728;8780.632;-3651.0261;6144.2153;-1074.2089;-2091.3333
1999-07-04;17.425629;-3.1572063;0.010245006;748.33405;1.3245057;108.292786;0.0;-7.3453654e-25;99.99998;-7.345365e-21;0.0025629988;-1.5323684;0.00014901161;0.79101324;0.7908493;0.0;0.0;7160.5796;8739.82;-3562.3113;6309.9165;-1064.4856;-2055.8855
1999-07-05;17.590536;1.3239237;0.009883881;749.8626;1.2467138;110.420876;0.0;-7.3453654e-25;99.99998;-7.345365e-21;0.001716542;-1.4667343;0.00010430813;0.7773489;0.777252;0.0;0.0;6904.7124;8426.427;-3203.5183;6806.2144;-1018.8911;-2174.5144
1999-07-06;17.69574;3.7079875;0.009597778;749.2889;1.2874624;94.14004;0.0;-7.3453654e-25;99.99998;-7.345365e-21;0.0012934206;-1.3000044;7.4505806e-05;0.76402724;0.76395273;0.0;0.0;6194.948;7559.17;-2887.3105;7100.6245;-903.07056;-1998.0167
1999-07-07;17.964468;3.7413533;0.0098012285;748.9126;1.3658738;110.848915;0.0;-7.3453654e-25;99.99998;-7.345365e-21;0.0;-1.2932876;0.0;0.7509887;0.7509887;0.0;0.0;6241.7817;7615.4487;-2858.6763;7152.421;-898.4044;-2096.4622
1999-07-08;16.719187;2.1587727;0.010210673;750.2247;1.3346491;129.54895;0.0;-7.3453654e-25;99.99998;-7.345365e-21;0.00086128706;-1.2890213;5.9604645e-05;0.73829293;0.7382333;0.0;0.0;6643.1924;8104.082;-3045.8032;6873.5054;-895.44;-2420.1167
1999-07-09;16.473806;0.47697958;0.009796143;751.0857;1.3025936;127.71148;0.0;-7.3453654e-25;99.99998;-7.345365e-21;0.0017166131;-1.2933724;0.00010430813;0.72580576;0.7257089;0.0;0.0;6796.9946;8290.638;-3116.7295;6792.9146;-898.4633;-2414.399
1999-07-10;16.779654;2.4933674;0.009806315;750.93243;0.97976017;72.61608;0.0;-7.3453654e-25;100.00259;-7.345365e-21;0.026280863;-1.0118968;0.0011920929;0.7148385;0.7136166;0.0;0.0;5036.988;6143.0366;-2343.4392;7512.6943;-702.9311;-1657.3167
1999-07-11;16.847483;4.594828;0.009775798;749.8787;1.0373174;91.94306;0.0;-7.3453654e-25;99.99998;-7.345365e-21;0.17492175;-1.0204483;0.009983778;0.7119775;0.7019937;0.0;0.0;5005.4346;6103.8633;-2342.1223;7524.886;-708.8711;-1666.8212
1999-07-12;17.160461;3.4794414;0.009882609;748.1216;1.4027747;78.066536;0.0;-7.3453654e-25;99.99998;-7.345365e-21;0.14519691;-1.2641549;0.008143485;0.69861114;0.6904751;0.0;0.0;6063.1343;7392.819;-2775.3047;7257.279;-878.1655;-1994.7245
1999-07-13;15.585103;5.825724;0.009894053;745.54144;1.5531412;78.66898;0.0;-7.3453654e-25;99.99998;-7.345365e-21;0.86304057;-1.1843443;0.052541494;0.73168427;0.6791428;0.0;0.0;5528.3594;6739.7275;-2445.9521;7380.7476;-822.7233;-2045.9534
1999-07-14;12.404613;7.094686;0.009902954;744.83453;1.545847;36.87824;0.0;-7.3453654e-25;99.99998;-7.345365e-21;14.8947;-1.4515612;1.152575;1.8209219;0.6683618;0.0;0.0;4738.024;5775.45;-2019.1888;7284.1953;-1008.35114;-1838.4933
1999-07-15;11.829488;7.1884665;0.009768168;746.47626;1.3209872;71.68676;0.0;-7.3453654e-25;100.00519;-7.345365e-21;6.1780243;-2.9334137;0.4914552;1.1496246;0.65817684;0.0;0.0;4938.1094;6018.6895;-1713.5289;7350.3423;-2037.745;-1276.3933
1999-07-16;12.197276;6.4284873;0.010168712;748.36115;1.1224885;113.80326;0.0;-7.3453654e-25;99.99998;-7.345365e-21;1.6072094;-3.158465;0.1052618;0.7534921;0.6482154;0.0;0.0;5366.9507;6539.858;-1999.425;7088.42;-2194.081;-1186.55
1999-07-17;13.160156;4.200643;0.009876251;750.4092;1.1675894;100.54258;0.0;-7.3453654e-25;99.99998;-7.345365e-21;0.20564747;-3.4373887;0.013187528;0.65150857;0.63832104;0.0;0.0;5905.2886;7194.202;-2154.2761;7027.818;-2387.8389;-1240.7189
1999-07-18;15.931407;5.789866;0.009771983;752.3562;1.3735638;45.03948;0.0;-7.3453654e-25;100.00519;-7.345365e-21;0.0018656247;-3.60566;0.00010430813;0.6284714;0.62835217;0.0;0.0;6653.296;8103.6616;-2542.3743;6901.749;-2504.7322;-1263.7156
1999-07-19;18.727335;5.849884;0.009531657;751.1474;1.3073128;99.36252;0.0;-7.3453654e-25;100.00259;-7.345365e-21;0.00044107434;-3.4204106;2.9802322e-05;0.6184876;0.6184429;0.0;0.0;6591.434;8026.592;-2541.02;7194.532;-2376.0457;-1224.2567
1999-07-20;19.390198;6.0464783;0.01000468;748.846;1.3292582;92.81693;0.0;-7.3453654e-25;99.99998;-7.345365e-21;0.00086301856;-3.0324616;4.4703484e-05;0.60872734;0.6086752;0.0;0.0;6473.763;7881.49;-2563.879;7340.1123;-2106.55;-1349.9656
1999-07-21;19.433777;4.2070107;0.010016124;746.8901;1.368117;116.37097;0.0;-7.3453654e-25;99.99998;-7.345365e-21;0.0015735626;-2.6188166;8.940697e-05;0.5991608;0.5990714;0.0;0.0;6566.516;7992.622;-2807.641;7115.6323;-1819.2045;-1626.8944
1999-07-22;18.230917;2.239848;0.010206859;746.57446;1.369503;120.8343;0.0;-7.3453654e-25;99.99998;-7.345365e-21;0.0008583069;-2.1512816;4.4703484e-05;0.58969855;0.58963895;0.0;0.0;6823.0615;8303.04;-3011.8027;6919.3965;-1494.4244;-1933.4266
1999-07-23;17.985819;2.3564148;0.00995636;748.28937;1.2470163;113.91043;0.0;-7.3453654e-25;99.99998;-7.345365e-21;0.0008523463;-1.7217537;4.4703484e-05;0.5804002;0.5803555;0.0;0.0;6675.519;8121.6367;-3010.6216;7000.5312;-1196.0455;-2080.9888
1999-07-24;18.218466;3.2393086;0.0101916;750.13617;1.2286421;82.157684;0.0;-7.3453654e-25;99.99998;-7.345365e-21;0.025719404;-1.4132606;0.0011175871;0.5723834;0.57128817;0.0;0.0;6189.0522;7528.095;-2803.1194;7298.453;-981.74445;-1942.9211
1999-07-25;17.068583;5.3507485;0.010285695;751.1591;1.6685106;38.644054;0.0;-7.3453654e-25;99.99998;-7.345365e-21;0.32235935;-1.2288038;0.017657876;0.5801618;0.56250393;0.0;0.0;6042.138;7347.9297;-2797.1758;7130.057;-853.6089;-2181.1423
1999-07-26;16.674936;2.3505657;0.010042827;750.4898;1.7721362;38.281513;0.0;-7.3453654e-25;99.99998;-7.345365e-21;0.00042617318;-1.3342463;2.9802322e-05;0.55389106;0.5538687;0.0;0.0;6732.5874;8185.7026;-3116.347;6773.3345;-926.8567;-2414.32
1999-07-27;16.115866;1.7956644;0.010253906;750.8931;1.783476;40.022446;0.0;-7.3453654e-25;99.99998;-7.345365e-21;0.00042617318;-1.176348;2.9802322e-05;0.5453676;0.5453527;0.0;0.0;6593.6177;8014.989;-3068.9785;6757.7686;-817.1689;-2478.7588
1999-07-28;16.4369;-0.84836835;0.009961446;750.9808;1.5466563;40.004982;0.0;-7.3453654e-25;99.99998;-7.345365e-21;0.0008482633;-1.1931975;4.4703484e-05;0.53705275;0.53700805;0.0;0.0;6760.995;8216.586;-3302.2776;6564.508;-828.87555;-2349.2256
1999-07-29;18.180826;-2.6576233;0.010358174;749.2674;1.3737651;132.2397;0.0;-7.3453654e-25;99.99998;-7.345365e-21;0.0008642673;-1.2042503;4.4703484e-05;0.5288422;0.5287975;0.0;0.0;6679.414;8115.6206;-3250.7988;6765.8936;-836.5528;-2198.9534
1999-07-30;17.667847;-0.99471027;0.009946187;748.83496;1.498202;114.34127;0.0;-7.3453654e-25;99.99998;-7.345365e-21;0.0004351138;-1.039721;2.9802322e-05;0.5208403;0.5208254;0.0;0.0;6219.9985;7555.6577;-2971.0295;6955.516;-722.26;-2277.679
1999-07-31;17.561422;0.024861654;0.00985082;750.26447;1.3606149;118.636665;0.0;-7.3453654e-25;99.99998;-7.345365e-21;0.00091195095;-1.1008;5.9604645e-05;0.513047;0.5129874;0.0;0.0;6609.257;8026.6274;-3197.4692;6791.028;-764.6889;-2378.2112
1999-08-01;18.528168;-0.82263184;0.009936015;751.6294;1.3109113;115.400154;0.0;-7.3453654e-25;99.99998;-7.345365e-21;0.001284242;-1.1334307;7.4505806e-05;0.5053282;0.5052686;0.0;0.0;6679.8574;8110.618;-3281.6472;6810.576;-787.3567;-2212.6023
1999-08-02;20.681498;-0.62071735;0.009847005;751.74347;1.43284;112.23527;0.0;-7.3453654e-25;99.99998;-7.345365e-21;0.00192523;-1.1123922;8.940697e-05;0.4977584;0.49769878;0.0;0.0;6314.566;7665.327;-3019.4175;7303.0864;-772.7411;-1979.49
1999-08-03;21.06779;-0.04679362;0.009775798;751.28766;1.192979;98.1543;0.0;-7.3453654e-25;99.99998;-7.345365e-21;0.047773123;-0.97935647;0.0025331974;0.4929006;0.4903823;0.0;0.0;5235.692;6354.355;-2656.4502;7670.541;-680.32556;-1532.9489
1999-08-04;21.17807;-0.42263794;0.009974162;750.60675;1.3167382;95.88379;0.0;-7.3453654e-25;99.99998;-7.345365e-21;0.00085922657;-1.0642791;5.9604645e-05;0.48324466;0.48321486;0.0;0.0;6102.541;7404.7495;-3090.2915;7276.16;-739.3189;-1882.2711
1999-08-05;20.360046;-0.74279785;0.009836833;750.67426;1.3372345;114.7767;0.0;-7.3453654e-25;99.99998;-7.345365e-21;0.0023322063;-0.97791755;0.00011920929;0.4762709;0.4761517;0.0;0.0;5958.967;7228.726;-2995.4631;7260.536;-679.32666;-2013.9878
1999-08-06;19.44812;-3.8634338;0.010035197;749.6209;1.3366054;137.13704;0.0;-7.3453654e-25;99.99998;-7.345365e-21;0.00043511385;-1.0197312;2.9802322e-05;0.46923757;0.4692152;0.0;0.0;6667.0015;8086.0054;-3484.6023;6666.513;-708.37335;-2280.2522
1999-08-07;18.692575;-4.8381553;0.0097465515;749.0971;1.3055981;99.49073;0.0;-7.3453654e-25;99.99998;-7.345365e-21;0.00042330608;-1.0055397;2.9802322e-05;0.46236813;0.46235323;0.0;0.0;6706.91;8132.602;-3474.5469;6632.6143;-698.51556;-2259.0488
1999-08-08;18.472982;-0.5933838;0.0100746155;749.94556;1.3466691;104.44804;0.0;-7.3453654e-25;99.99998;-7.345365e-21;0.0017017126;-0.94210917;7.4505806e-05;0.4556924;0.4556179;0.0;0.0;6294.9985;7631.4126;-3149.0266;6963.3257;-654.4522;-2198.6023
1999-08-09;17.116385;7.3694253;0.009951274;750.5703;1.3732802;66.738106;0.0;-7.3453654e-25;99.99998;-7.345365e-21;2.6159585;-1.0695682;0.16404688;0.613153;0.4491359;0.0;0.0;5513.6196;6682.6724;-2553.71;7382.7104;-742.99335;-2075.1455
1999-08-10;18.468557;5.423777;0.009984334;751.72437;1.3045849;93.652214;0.0;-7.3453654e-25;100.00519;-7.345365e-21;0.11431575;-1.6648052;0.00590086;0.44879317;0.44288486;0.0;0.0;5529.6025;6700.682;-2581.0513;7296.7866;-1156.4845;-1632.8022
1999-08-11;19.356415;2.1646118;0.0098724365;752.35645;1.380279;106.31878;0.0;-7.3453654e-25;99.99998;-7.345365e-21;0.0011043934;-1.5643909;5.2154064e-05;0.43666363;0.43661892;0.0;0.0;6389.3154;7740.4785;-3029.7966;7055.074;-1086.73;-1977.2833
1999-08-12;18.960764;-1.4962158;0.009805043;751.31366;1.4697262;173.56996;0.0;-7.3453654e-25;99.99998;-7.345365e-21;0.0;-1.2278483;0.0;0.43040514;0.43042004;0.0;0.0;6535.1245;7915.4634;-3323.1777;6779.64;-852.94556;-2100.1467
1999-08-13;18.329184;-3.03302;0.00969696;749.4201;1.2786672;92.3595;0.0;-7.3453654e-25;99.99998;-7.345365e-21;0.0017046923;-1.0402948;8.940697e-05;0.42439997;0.42433292;0.0;0.0;6442.93;7802.0776;-3304.2432;6804.4326;-722.6578;-2086.172
1999-08-14;18.814219;2.7685852;0.009487152;749.60175;1.0938518;69.999504;0.0;-7.3453654e-25;99.99998;-7.345365e-21;0.0026464458;-0.85834134;0.00013411045;0.418514;0.4183948;0.0;0.0;5569.6357;6743.183;-2830.2195;7312.4355;-596.2611;-1830.2178
1999-08-15;19.276602;3.7750041;0.0101458235;750.7466;1.1045884;68.138145;0.0;-7.3453654e-25;99.99998;-7.345365e-21;0.004827976;-0.90108067;0.00025331974;0.41279197;0.41255355;0.0;0.0;5986.161;7245.8516;-2954.4553;7318.1855;-625.9511;-2059.2688
1999-08-16;18.999664;1.5384928;0.009991963;751.49585;1.3062295;101.76108;0.0;-7.3453654e-25;99.99998;-7.345365e-21;0.006788969;-0.81185627;0.00031292439;0.40715933;0.4068464;0.0;0.0;5551.673;6719.0186;-2872.461;7271.634;-563.9689;-1910.6389
1999-08-17;18.087198;4.9476113;0.010124207;753.0346;1.2297894;81.326546;0.0;-7.3453654e-25;100.00259;-7.345365e-21;2.0482004;-1.0056664;0.1322627;0.5336106;0.40136278;0.0;0.0;5104.5156;6177.171;-2569.6602;7370.8066;-698.60333;-1710.5233
1999-08-18;18.161154;0.9076945;0.010172526;755.39276;1.4090514;120.954285;0.0;-7.3453654e-25;99.99998;-7.345365e-21;0.011005998;-1.5891138;0.0004172325;0.3963709;0.39595366;0.0;0.0;6072.033;7347.049;-2982.3743;6950.3677;-1103.9044;-1865.1289
1999-08-19;17.242788;3.7336018;0.010047913;756.9548;1.1228276;82.33512;0.0;-7.3453654e-25;99.99998;-7.345365e-21;0.13973415;-1.1692457;0.0057816505;0.3963858;0.39060414;0.0;0.0;5493.836;6646.6777;-2683.865;7309.549;-812.23553;-1742.6344
1999-08-20;15.901988;7.2769876;0.009848277;756.3918;1.2343745;37.269672;0.0;-7.3453654e-25;99.99998;-7.345365e-21;2.9158056;-1.0305223;0.18508732;0.57052076;0.38543344;0.0;0.0;5092.85;6160.9526;-2459.13;7342.6055;-715.87;-1855.5333
1999-08-21;16.762003;4.852224;0.009724935;753.5713;1.0784389;133.54077;0.0;-7.3453654e-25;99.99998;-7.345365e-21;0.39719045;-1.7617215;0.019431114;0.39985776;0.3804192;0.0;0.0;5161.3027;6243.0674;-2456.5662;7251.742;-1223.8077;-1404.78
1999-08-22;17.874563;-0.35054526;0.0099983215;752.41626;0.97003174;114.4046;0.0;-7.3453654e-25;99.99998;-7.345365e-21;0.0012909268;-1.6674492;7.4505806e-05;0.37549436;0.3754273;0.0;0.0;5815.1206;7032.7886;-2904.7402;6934.1167;-1158.3212;-1557.8434
1999-08-23;18.447317;-0.8698222;0.010093689;752.9412;1.3058017;147.89409;0.0;-7.3453654e-25;99.99998;-7.345365e-21;0.295946;-1.2270845;0.014901161;0.38540363;0.37050247;0.0;0.0;5683.682;6873.0806;-2704.088;7163.448;-852.4144;-1880.4656
1999-08-24;18.819418;-0.73009235;0.010196686;753.79376;1.4579953;163.40596;0.0;-7.3453654e-25;99.99998;-7.345365e-21;0.07662177;-0.9721052;0.003784895;0.3695488;0.36574155;0.0;0.0;5350.7456;6469.649;-2659.1062;7120.082;-675.2889;-1909.6122
1999-08-25;18.554413;0.13028972;0.010032654;753.6611;1.3209265;191.93835;0.0;-7.3453654e-25;99.99998;-7.345365e-21;0.11857748;-0.8613504;0.005811453;0.3669262;0.36108494;0.0;0.0;5336.0703;6451.2056;-2728.6807;7067.0083;-598.35114;-1854.3489
1999-08-26;18.63916;-3.568095;0.010005951;752.2708;1.1879005;246.35333;0.0;-7.3453654e-25;99.99998;-7.345365e-21;0.0;-0.87284297;0.0;0.35646558;0.35645813;0.0;0.0;6176.905;7466.83;-3357.3013;6464.3984;-606.3356;-2092.531
1999-08-27;17.47819;-4.017649;0.010011037;751.82745;1.3064537;192.21387;0.0;-7.3453654e-25;99.99998;-7.345365e-21;0.0021324905;-0.7909397;0.00010430813;0.35199523;0.35187602;0.0;0.0;6142.057;7423.8154;-3421.2102;6314.505;-549.44;-2009.0
1999-08-28;16.079367;1.2279867;0.009712219;750.77386;1.5156384;226.60326;0.0;-7.3453654e-25;99.99998;-7.345365e-21;0.21393001;-0.66017264;0.010818243;0.35829842;0.34747273;0.0;0.0;5223.7056;6313.1274;-2664.444;6850.9316;-458.6011;-2093.29
1999-08-29;15.266266;-1.9606222;0.009744008;749.9943;1.4533671;248.79832;0.0;-7.3453654e-25;99.99998;-7.345365e-21;0.00043511385;-0.73188174;2.9802322e-05;0.34314394;0.3431365;0.0;0.0;6058.098;7320.574;-3299.7183;6175.818;-508.41333;-2224.8733
1999-08-30;14.647969;-4.908793;0.010046641;750.7114;1.1778966;164.53401;0.0;-7.3453654e-25;99.99998;-7.345365e-21;0.0017195926;-0.6965641;8.195639e-05;0.338912;0.33883005;0.0;0.0;6026.92;7282.0166;-3323.112;6124.1665;-483.88;-2131.1855
1999-08-31;14.894775;-4.671224;0.0101292925;751.2474;1.2515548;199.00537;0.0;-7.3453654e-25;99.99998;-7.345365e-21;0.0008523463;-0.67164564;4.4703484e-05;0.33463538;0.33460557;0.0;0.0;5988.062;7234.198;-3333.7434;6137.019;-466.57;-2082.5789
1999-09-01;15.002991;-4.5252786;0.009955089;751.69965;1.2738367;211.28162;0.0;-7.3453654e-25;99.99998;-7.345365e-21;0.00044107434;-0.6483011;2.9802322e-05;0.33047795;0.33044815;0.0;0.0;5978.0903;7221.2993;-3285.6553;6199.6104;-450.35333;-2079.6277
1999-09-02;15.183879;-2.374298;0.010018666;752.7046;1.2395244;190.31813;0.0;-7.3453654e-25;99.99998;-7.345365e-21;0.0008583069;-0.6319005;4.4703484e-05;0.32642484;0.32638013;0.0;0.0;5858.0312;7075.422;-3197.324;6302.108;-438.96;-2116.9656
1999-09-03;15.226308;-4.6173096;0.0098177595;753.07623;1.42599;177.41376;0.0;-7.3453654e-25;99.99998;-7.345365e-21;0.0;-0.6141495;0.0;0.32240152;0.32239407;0.0;0.0;5790.406;6992.9067;-3192.6357;6264.3887;-426.63;-2107.0854
1999-09-04;14.925201;-8.713379;0.009941101;752.6418;1.188001;99.24784;0.0;-7.3453654e-25;99.99998;-7.345365e-21;0.00042617318;-0.6413087;2.9802322e-05;0.31849742;0.31848252;0.0;0.0;5910.349;7136.791;-3451.9246;5990.89;-445.49667;-1883.0588
1999-09-05;14.2127075;-0.5537923;0.010005951;753.18463;1.1767317;91.209236;0.0;-7.3453654e-25;99.99998;-7.345365e-21;0.0013798472;-0.5866382;5.9604645e-05;0.31468272;0.31462312;0.0;0.0;5479.895;6616.184;-2929.905;6541.828;-407.5178;-2004.2711
1999-09-06;14.906606;-4.4990234;0.00983429;751.4824;1.185701;182.50655;0.0;-7.3453654e-25;99.99998;-7.345365e-21;0.0004351138;-0.60770476;1.4901161e-05;0.31086802;0.31083822;0.0;0.0;5726.343;6912.9805;-3243.7847;6224.3354;-422.15332;-1956.5155
1999-09-07;15.127014;-2.6925964;0.010286967;750.4809;1.1342901;201.34544;0.0;-7.3453654e-25;99.99998;-7.345365e-21;0.0012874597;-0.5861353;5.9604645e-05;0.30720234;0.30712783;0.0;0.0;5645.0923;6814.1436;-3142.9075;6324.406;-407.16888;-1943.5011
1999-09-08;14.545624;0.30444336;0.009717305;752.4316;1.1970626;185.08264;0.0;-7.3453654e-25;99.99998;-7.345365e-21;0.78874826;-0.6467467;0.04479289;0.34832954;0.30352175;0.0;0.0;5255.2656;6342.851;-2789.3762;6587.438;-449.27335;-1925.6444
1999-09-09;15.063609;-0.33988443;0.010144551;752.8676;1.2989787;173.63019;0.0;-7.3453654e-25;99.99998;-7.345365e-21;0.0;-0.82662797;0.0;0.30000508;0.29999763;0.0;0.0;5491.301;6626.911;-2905.0737;6520.6787;-574.23114;-1932.6378
1999-09-10;15.089192;0.09353638;0.010050456;750.6066;1.1566263;192.3664;0.0;-7.3453654e-25;99.99998;-7.345365e-21;0.001293859;-0.7111309;5.9604645e-05;0.2965629;0.2965033;0.0;0.0;5497.239;6633.275;-3048.8496;6399.8403;-494.0;-1815.1655
1999-09-11;13.772949;1.9419962;0.009869893;749.6306;1.0608556;147.52774;0.0;-7.3453654e-25;99.99998;-7.345365e-21;0.2468556;-0.60242975;0.010930002;0.3040135;0.2930984;0.0;0.0;4933.9814;5952.918;-2530.5764;6845.803;-418.48666;-1813.1466
1999-09-12;13.122518;3.4912922;0.009975433;748.9748;1.2898589;173.60689;0.0;-7.3453654e-25;99.99998;-7.345365e-21;0.6171316;-0.60292894;0.029668212;0.3194958;0.2898276;0.0;0.0;4274.335;5156.33;-2185.2998;7093.286;-418.83334;-1711.9266
1999-09-13;12.547435;3.0122478;0.010009766;750.4675;1.2799002;238.34767;0.0;-7.3453654e-25;99.99998;-7.345365e-21;0.00410676;-0.622374;0.0001937151;0.28684735;0.28662384;0.0;0.0;4586.1187;5531.8765;-2411.6523;6752.047;-432.34222;-1861.9
1999-09-14;12.364349;2.6084595;0.009838104;750.7454;1.2671195;192.84625;0.0;-7.3453654e-25;99.99998;-7.345365e-21;0.002998113;-0.61515534;0.00013411045;0.2835989;0.2834499;0.0;0.0;5100.664;6151.839;-2778.464;6377.2812;-427.3278;-1853.8378
1999-09-15;11.139445;1.8627726;0.009902954;748.49493;1.3430775;232.34654;0.0;-7.3453654e-25;99.99998;-7.345365e-21;0.1502186;-0.5105585;0.007033348;0.287354;0.28032064;0.0;0.0;4899.537;5908.5146;-2522.4717;6548.1567;-354.6678;-1985.2866
1999-09-16;9.389587;3.4458313;0.010182698;748.7944;1.036135;223.30867;0.0;-7.3453654e-25;99.99998;-7.345365e-21;1.7332509;-0.8900864;0.08429587;0.36166608;0.27737767;0.0;0.0;3817.005;4599.0615;-1883.9661;6876.573;-618.31335;-1528.2367
1999-09-17;10.394084;0.85117596;0.009765625;751.2947;1.0785123;97.623314;0.0;-7.3453654e-25;99.99998;-7.345365e-21;0.0018411992;-0.76929665;8.940697e-05;0.274539;0.2744794;0.0;0.0;4191.7554;5046.1313;-2392.2905;6444.432;-534.4044;-1369.4778
1999-09-18;11.961476;-1.0849508;0.010050456;751.7078;1.0394028;83.295044;0.0;-7.3453654e-25;99.99998;-7.345365e-21;0.0;-0.84630775;0.0;0.27151406;0.2715066;0.0;0.0;5148.7783;6192.802;-2837.6182;6218.031;-587.9022;-1601.3778
1999-09-19;12.870239;-2.2784626;0.010014852;751.1926;1.1581612;159.42458;0.0;-7.3453654e-25;99.99998;-7.345365e-21;0.0017232669;-0.72197896;8.940697e-05;0.26860833;0.26854128;0.0;0.0;5154.0254;6193.7417;-2953.438;6143.5576;-501.53333;-1624.919
1999-09-20;12.592113;-4.598684;0.009897868;751.7286;1.1689146;172.25822;0.0;-7.3453654e-25;99.99998;-7.345365e-21;0.0;-0.6143209;0.0;0.2656281;0.265643;0.0;0.0;5188.727;6230.017;-3068.7024;5950.343;-426.74777;-1668.4
1999-09-21;10.62325;-2.0173237;0.01001358;750.7612;1.2416147;223.87221;0.0;-7.3453654e-25;99.99998;-7.345365e-21;0.6184578;-0.5531274;0.03015995;0.29300153;0.26284903;0.0;0.0;4391.9756;5268.884;-2338.184;6430.901;-384.2378;-1706.8419
1999-09-22;10.229207;-1.509552;0.010231018;749.2109;1.5573796;174.95227;0.0;-7.3453654e-25;99.99998;-7.345365e-21;0.34763217;-0.6073639;0.016853213;0.2770126;0.26016682;0.0;0.0;4421.808;5299.9893;-2333.5322;6441.77;-421.91666;-1753.2089
1999-09-23;9.488149;-3.2250087;0.009920756;752.07275;1.1463724;66.163795;0.0;-7.3453654e-25;99.99998;-7.345365e-21;0.002975473;-0.65422803;0.00013411045;0.25759637;0.25746226;0.0;0.0;5039.5957;6035.189;-2853.7717;5964.703;-454.4711;-1806.1564
1999-09-24;10.797627;-3.576772;0.010423024;751.273;1.173804;109.11117;0.0;-7.3453654e-25;99.99998;-7.345365e-21;0.00086538895;-0.59281474;4.4703484e-05;0.25480986;0.25476515;0.0;0.0;4982.7466;5961.95;-2864.5562;6016.78;-411.8089;-1633.0422
1999-09-25;10.051147;-5.7106833;0.009918213;750.2278;1.2682583;116.10267;0.0;-7.3453654e-25;99.99998;-7.345365e-21;0.0;-0.5087387;0.0;0.25211275;0.2521202;0.0;0.0;4833.751;5778.598;-2818.6262;5978.045;-353.40332;-1708.4811
1999-09-26;7.641144;-1.683309;0.009950002;749.99005;1.252962;70.652855;0.0;-7.3453654e-25;99.99998;-7.345365e-21;1.9461453;-0.6388985;0.11198968;0.36156178;0.24956465;0.0;0.0;4190.503;5005.02;-2345.4895;6232.4346;-443.8211;-1506.2986
1999-09-27;8.855123;-0.32433066;0.0100911455;752.35156;1.4386145;39.656338;0.0;-7.3453654e-25;99.99998;-7.345365e-21;0.0012814989;-0.8702464;5.9604645e-05;0.24713576;0.2470687;0.0;0.0;4799.653;5727.8135;-2530.3416;6190.493;-604.5311;-1711.7511
1999-09-28;11.368469;-4.402476;0.00997289;753.82623;1.1236255;70.34546;0.0;-7.3453654e-25;99.99998;-7.345365e-21;0.001285186;-0.8503907;5.9604645e-05;0.24461746;0.24455786;0.0;0.0;4883.6924;5823.237;-2889.055;5953.0376;-590.7378;-1296.3223
1999-09-29;12.259064;-6.620331;0.01012675;754.1496;1.1462804;125.60081;0.0;-7.3453654e-25;99.99998;-7.345365e-21;0.0008523463;-0.71547556;2.9802322e-05;0.24211407;0.24205446;0.0;0.0;4842.1733;5768.745;-2904.9155;5997.5576;-497.01666;-1372.9033
1999-09-30;12.344289;-8.396321;0.0102005005;755.7878;1.124885;137.62373;0.0;-7.3453654e-25;99.99998;-7.345365e-21;0.0012901874;-0.6112372;5.9604645e-05;0.23967028;0.23960322;0.0;0.0;4838.5405;5759.452;-2992.905;5888.6987;-424.60666;-1369.8589
1999-10-01;12.221008;-9.919362;0.010080974;756.78644;1.1294645;85.977425;0.0;-7.3453654e-25;99.99998;-7.345365e-21;0.0017191597;-0.56725645;8.940697e-05;0.23727119;0.23718923;0.0;0.0;4831.5737;5746.1904;-3060.7178;5860.79;-394.05444;-1281.2189
1999-10-02;12.582112;-9.497243;0.00978597;756.2502;1.2235454;86.52187;0.0;-7.3453654e-25;99.99998;-7.345365e-21;0.0034287742;-0.51957;0.00016391277;0.23496151;0.23480505;0.0;0.0;4750.9546;5645.444;-2959.3584;6013.8657;-360.92776;-1318.3889
1999-10-03;12.438762;-5.8139443;0.009862264;753.65936;1.3223724;86.97352;0.0;-7.3453654e-25;99.99998;-7.345365e-21;0.23307204;-0.4658699;0.011146069;0.24363399;0.23248047;0.0;0.0;4128.187;4901.269;-2396.9417;6609.0894;-323.62445;-1230.3855
1999-10-04;10.831655;-2.414327;0.009915669;752.0467;1.2581776;175.12993;0.0;-7.3453654e-25;99.99998;-7.345365e-21;0.0004351138;-0.4738383;1.4901161e-05;0.23022294;0.23020804;0.0;0.0;4570.0723;5421.149;-2717.7725;6102.4766;-329.16;-1646.5834
1999-10-05;10.575185;-1.7520752;0.009798686;754.96484;1.090547;175.10413;0.0;-7.3453654e-25;99.99998;-7.345365e-21;0.13458133;-0.43220818;0.0065267086;0.23451447;0.22798777;0.0;0.0;4274.33;5066.0356;-2483.4336;6290.912;-300.24;-1482.1122
1999-10-06;10.35201;-1.0229492;0.010116577;756.4921;1.2213491;128.33733;0.0;-7.3453654e-25;99.99998;-7.345365e-21;0.35194018;-0.4957458;0.016793609;0.2425909;0.2257973;0.0;0.0;4177.449;4946.94;-2383.6768;6471.845;-344.37888;-1387.4255
1999-10-07;9.265269;0.70947266;0.010014852;756.1963;1.1639544;91.70614;0.0;-7.3453654e-25;99.99998;-7.345365e-21;1.6837358;-0.6093439;0.095278025;0.31894445;0.22366643;0.0;0.0;3634.4167;4300.255;-2243.915;6405.0796;-423.2911;-1096.1533
1999-10-08;10.037364;-2.9604187;0.010039012;753.6713;1.21063;104.86426;0.0;-7.3453654e-25;99.99998;-7.345365e-21;0.06047008;-0.82050264;0.002861023;0.22444129;0.22158772;0.0;0.0;4012.1309;4743.0605;-2373.6868;6242.1797;-569.9756;-1143.3878
1999-10-09;9.531199;-1.7084656;0.0101916;752.38214;1.2120327;99.18848;0.0;-7.3453654e-25;99.99998;-7.345365e-21;0.26777387;-0.6254511;0.012844801;0.23236871;0.2195239;0.0;0.0;3728.6147;4404.164;-2104.2822;6476.556;-434.47943;-1177.9423
1999-10-10;9.387299;-2.9440815;0.0101292925;751.0236;1.568931;213.22316;0.0;-7.3453654e-25;99.99998;-7.345365e-21;0.21445751;-0.67061555;0.010222197;0.22774935;0.21751225;0.0;0.0;3729.7617;4401.769;-2170.764;6329.733;-465.85333;-1322.1644
1999-10-11;7.5809226;0.45543417;0.009840648;752.37476;1.6117482;215.90942;0.0;-7.3453654e-25;99.99998;-7.345365e-21;5.0986943;-0.5441662;0.31676888;0.5323291;0.2155602;0.0;0.0;3692.5012;4354.0317;-1793.9495;6621.777;-378.01443;-1482.5455
1999-10-12;4.8915305;2.991567;0.0100364685;750.6438;1.1142706;163.7137;0.0;-7.3453654e-25;99.99998;-7.345365e-21;16.088163;-1.3888981;1.1247993;1.3385117;0.21374226;0.0;0.0;1844.0278;2172.5588;-878.55334;7142.026;-964.8211;-642.64
1999-10-13;5.3073936;-6.708079;0.010058085;753.0574;1.1360551;65.64134;0.0;-7.3453654e-25;99.99998;-7.345365e-21;0.0008463859;-1.9311924;5.9604645e-05;0.21198392;0.21192431;0.0;0.0;4416.828;5199.1606;-2707.1062;5180.629;-1341.5355;-783.4178
1999-10-14;5.7309365;-8.955058;0.009744008;751.4024;1.0935165;165.071;0.0;-7.3453654e-25;99.99998;-7.345365e-21;0.0012807677;-1.7236862;7.4505806e-05;0.21013618;0.21006912;0.0;0.0;4405.582;5181.4966;-2750.435;5068.31;-1197.3867;-752.1322
1999-10-15;5.488373;-7.5380654;0.009864807;751.1353;0.9585448;253.20366;0.0;-7.3453654e-25;99.99998;-7.345365e-21;0.00083703;-1.4464892;4.4703484e-05;0.20828843;0.20822883;0.0;0.0;4316.3887;5072.2944;-2413.218;5409.792;-1004.82776;-856.79224
1999-10-16;7.044973;-5.4930625;0.010103862;751.9427;1.0780793;234.91217;0.0;-7.3453654e-25;99.99998;-7.345365e-21;0.0;-1.4985819;0.0;0.20644069;0.20642579;0.0;0.0;4104.7915;4822.121;-2219.3118;5842.108;-1041.0155;-952.43335
1999-10-17;6.851013;-4.773285;0.010039012;752.37994;1.2411515;224.96336;0.0;-7.3453654e-25;99.99998;-7.345365e-21;0.0008523463;-1.3608383;4.4703484e-05;0.20469725;0.20466;0.0;0.0;4153.8867;4878.279;-2419.5754;5536.598;-945.33;-954.4978
1999-10-18;6.1939597;-2.061615;0.009835561;751.1357;1.1144581;237.16602;0.0;-7.3453654e-25;99.99998;-7.345365e-21;0.0;-1.096704;0.0;0.20292401;0.20291656;0.0;0.0;3828.3018;4494.533;-2152.9412;5788.17;-761.8433;-971.7278
1999-10-19;5.654714;-1.605306;0.010082245;751.594;0.98700243;225.81013;0.0;-7.3453654e-25;99.99998;-7.345365e-21;0.009635988;-0.8726949;0.00052154064;0.20173192;0.20122528;0.0;0.0;3089.5273;3626.2522;-1913.9478;5979.921;-606.23224;-787.4278
1999-10-20;5.9308066;-2.0890706;0.009852092;752.6665;1.0698955;174.1206;0.0;-7.3453654e-25;99.99998;-7.345365e-21;0.0004351138;-1.0696938;2.9802322e-05;0.19955635;0.19954145;0.0;0.0;3989.7634;4681.141;-2340.734;5634.047;-743.0811;-921.57556
1999-10-21;6.124298;-3.2638042;0.00995636;752.62994;1.0989813;125.39282;0.0;-7.3453654e-25;99.99998;-7.345365e-21;0.0;-1.0233885;0.0;0.19785762;0.19786507;0.0;0.0;3868.6677;4537.6597;-2290.0728;5712.081;-710.9144;-863.7767
1999-10-22;5.8615317;-2.809906;0.010044098;751.8943;1.1438308;165.84987;0.0;-7.3453654e-25;99.99998;-7.345365e-21;0.3627181;-0.96615684;0.019177794;0.21541119;0.19620359;0.0;0.0;3856.3994;4521.8257;-2257.0784;5717.9395;-671.1561;-931.33
1999-10-23;5.2973228;-1.2528585;0.010040283;751.27985;1.4135531;230.92699;0.0;-7.3453654e-25;99.99998;-7.345365e-21;0.5839467;-0.777822;0.030472875;0.22509694;0.19460917;0.0;0.0;3096.785;3630.0112;-1589.0758;6410.6953;-540.32666;-955.7611
1999-10-24;2.9663188;1.9301656;0.010108948;749.3566;1.1137353;179.95021;0.0;-7.3453654e-25;99.99998;-7.345365e-21;10.138858;-0.947889;0.6861165;0.879243;0.19311905;0.0;0.0;1081.7361;1267.8789;-349.2089;7363.128;-658.4667;-374.12222
1999-10-25;3.166097;-3.7882893;0.00995636;751.29224;1.0610777;68.18865;0.0;-7.3453654e-25;99.99998;-7.345365e-21;0.014485114;-1.4101733;0.00081956387;0.1924634;0.19163638;0.0;0.0;3540.5205;4147.529;-2085.7156;5722.4546;-979.6;-880.8356
1999-10-26;2.3308105;-4.936442;0.0100034075;751.6033;1.2669883;47.045635;0.0;-7.3453654e-25;99.99998;-7.345365e-21;0.0004351138;-1.1546854;2.9802322e-05;0.19012392;0.19010901;0.0;0.0;3620.453;4239.6655;-2257.0667;5358.177;-802.1211;-793.32
1999-10-27;3.5875854;-7.019918;0.010103862;751.9921;0.9707673;170.13881;0.0;-7.3453654e-25;99.99998;-7.345365e-21;0.0008583069;-1.121018;4.4703484e-05;0.1886487;0.1885891;0.0;0.0;3855.4604;4513.6113;-2475.13;5088.4565;-778.73334;-646.5467
1999-10-28;3.7611797;-4.8686624;0.010008494;750.4007;0.99343705;235.10051;0.0;-7.3453654e-25;99.99998;-7.345365e-21;0.00085532654;-0.81277543;4.4703484e-05;0.18715858;0.18712133;0.0;0.0;3082.8694;3608.0322;-1988.0178;5543.0312;-564.6089;-614.1567
1999-10-29;3.0238342;-4.5296226;0.009899139;751.2622;1.2119198;242.48022;0.0;-7.3453654e-25;99.99998;-7.345365e-21;0.0072479243;-0.7875646;0.0003874302;0.1860708;0.18568337;0.0;0.0;3230.7834;3780.0823;-1981.4528;5507.5156;-547.0944;-718.0578
1999-10-30;3.1262817;-2.1328735;0.009930928;749.9851;0.9516725;215.981;0.0;-7.3453654e-25;99.99998;-7.345365e-21;0.048507027;-0.6564902;0.0026077032;0.18687546;0.18427521;0.0;0.0;2826.9978;3306.6345;-1679.905;5902.129;-456.04224;-587.98553
1999-10-31;0.77156574;-2.0490723;-0.9096591;746.3045;1.0927862;98.13535;9.099446;0.0015017191;115.91697;10.131836;10.575414;-0.84888566;0.22934377;0.41222572;0.18288195;5.5879354e-06;6.784234;2501.805;2925.031;-1028.3223;6561.3276;-589.87164;-787.63666
1999-11-01;-2.1942139;-12.686172;-9.284373;747.80884;1.2059652;22.928213;47.66984;0.006892403;145.82811;47.44466;0.012218951;-0.72744304;0.013560057;0.1951009;0.1815334;0.17926842;0.005736947;2454.8845;4367.9766;-2044.4122;4728.7954;-509.1889;-493.09113
1999-11-02;-2.3925679;-11.5963745;-10.894241;752.78955;1.4686953;24.405031;44.0459;0.0066374936;150.96515;44.189453;0.00044107434;-0.5242508;0.016331673;0.19651651;0.18018484;0.21735579;0.0;2546.34;4280.2144;-2031.8033;4611.0386;-369.17557;-478.65332
1999-11-03;0.048238117;-13.116029;-10.687042;754.36786;1.0997256;42.994553;40.23242;0.006056269;151.32745;40.24251;0.0025805885;-0.48462117;0.05738437;0.23624301;0.17887354;0.7393993;0.0;2688.5579;4304.4634;-2132.4705;4644.5337;-339.00333;-304.35443
1999-11-04;1.4024658;-11.634213;-9.54156;752.6865;1.0558041;45.278484;33.891766;0.0050949655;151.65916;33.406574;0.0004351138;-0.5345568;0.083103776;0.260666;0.17756224;1.0587312;0.0;2814.7717;4223.5225;-2063.21;4895.099;-373.50665;-285.98666
1999-11-05;0.9682515;-10.073425;-9.32837;750.02704;1.0463402;102.45605;26.965088;0.0040554204;151.94464;26.692709;0.00085532654;-0.62050855;0.07843971;0.25472045;0.17627329;0.99110603;0.0;2857.0112;4019.6611;-2041.0228;4995.84;-432.955;-356.18112
1999-11-06;1.1776327;-7.587687;-7.850077;751.24725;0.8952691;168.16356;20.711264;0.003114422;152.1686;20.792643;0.0058680773;-0.5317675;0.07151067;0.24650991;0.17499924;0.89363194;0.0;2755.79;3689.8188;-1767.8022;5383.838;-370.82224;-412.31
1999-11-07;1.7508749;-6.192444;-6.2412095;750.59503;0.886985;240.24586;15.312419;0.0023023288;152.3587;15.50293;0.014352798;-0.6195782;0.05967915;0.23344159;0.17374754;0.7380154;0.0006109476;2519.9644;3236.7988;-1583.4989;5707.539;-432.19055;-438.52335
1999-11-08;0.6118469;-4.744812;-7.4104486;749.18066;0.8478284;201.75153;11.022624;0.0016562542;152.42479;10.782878;0.11538267;-0.5476791;0.053435564;0.2259314;0.17251074;0.5874038;0.0040754676;2492.5662;3105.75;-1660.8005;5571.2974;-381.1122;-463.1389
1999-11-09;1.4473368;-2.79171;-5.838534;749.86066;1.2089654;241.84033;7.571859;0.0011355082;152.50096;7.080078;0.03515146;-0.6072642;0.03925711;0.21055341;0.1712963;0.46335346;0.0005066395;2812.5806;3424.7766;-1593.2988;5764.8877;-422.87668;-535.07776
1999-11-10;0.0918986;-2.9191792;-3.24956;748.0103;0.82991844;180.12343;5.6203613;0.00084702176;151.25323;5.7373047;0.49536827;-0.49559957;0.03810227;0.20822883;0.17011166;0.2339147;0.13654679;1812.5072;2178.1133;-893.43445;6502.249;-345.3211;-471.06445
1999-11-11;-1.2947363;-6.8000426;-4.3328567;747.2933;1.1900736;55.506012;6.2395835;0.00094584626;148.71938;6.3476562;0.7604301;-0.7665623;0.020325184;0.18925965;0.16893446;0.19880757;0.6875992;2514.1284;3009.2334;-1343.8484;6010.0835;-533.92334;-747.07446
1999-11-12;-1.130525;-8.930003;-9.203095;747.5041;0.75802803;181.58528;7.8233237;0.0011589924;150.24542;7.6090493;0.016438961;-0.7123761;0.026762486;0.19451976;0.16774982;0.3341306;0.014722347;3147.0327;3824.3223;-2343.87;4822.622;-496.3289;-656.0356
1999-11-13;-0.7631531;-9.384234;-11.180575;750.0725;0.9364261;185.9231;5.813395;0.0008677244;151.05077;6.225586;0.0;-0.52024794;0.019341707;0.18593669;0.16659498;0.24006888;0.0;3202.7944;3844.8323;-2467.7222;4588.6685;-362.56778;-507.52554
1999-11-14;-0.429952;-10.367967;-8.179114;751.98236;0.9121843;246.11322;4.4842935;0.000672698;150.84535;4.7200522;0.06443262;-0.4652068;0.012516975;0.17800927;0.16546994;0.15232712;0.06102398;3086.6616;3675.0557;-1983.435;5179.108;-324.46222;-521.8078
1999-11-15;-0.35263062;-3.7790325;-3.215472;753.6138;0.8857241;220.90974;4.5779624;0.00068525475;150.14093;4.679362;0.52369535;-0.39298552;0.036776066;0.20113587;0.16436726;0.1959037;0.15067309;1775.9928;2116.22;-858.68555;6483.274;-273.8922;-438.18332
1999-11-16;0.45952353;-1.9622498;-3.4028614;753.78864;1.0344367;237.35376;3.5935872;0.00053270656;150.41957;3.7027996;0.58192736;-0.5471269;0.049561262;0.21283329;0.16327202;0.22048503;0.023510307;1894.375;2244.4246;-997.83777;6407.9155;-380.60666;-483.59113
1999-11-17;1.4194235;-0.9766337;-2.5479076;753.68384;0.96576047;247.29279;2.3550618;0.00034646192;150.20245;2.3600261;0.4530117;-0.5362602;0.039830804;0.20200014;0.16218424;0.1731012;0.004310161;2104.662;2477.9478;-966.39557;6578.115;-372.7211;-485.79443
1999-11-18;3.1007793;0.38272095;-1.5558573;753.739;1.1806067;242.23006;1.3513998;0.0001982053;150.93097;1.3427734;0.074493885;-0.69212544;0.014975667;0.17608702;0.16111135;0.13605878;0.0019446015;2400.12;2810.7522;-1151.0673;6601.8022;-480.88834;-579.9189
1999-11-19;2.0665894;-0.20276897;-0.6755397;751.1065;1.4548415;223.09969;2.5563152;0.00043710074;150.17738;2.9703777;6.7852907;-0.74085873;0.40504336;0.56505203;0.16003102;0.111036;1.5004351;2280.5884;2662.2766;-928.595;6810.6177;-514.77057;-795.9078
1999-11-20;1.9852091;-1.9043375;-3.5302937;752.0101;0.79901505;195.76442;7.9237466;0.001169006;150.8955;7.8125;0.009861457;-0.7824469;0.052414834;0.21138787;0.15897304;0.6214678;0.0023320317;2175.1982;2631.2266;-1318.8456;6216.667;-544.04;-526.6911
1999-11-21;2.5517273;-2.637207;-6.108332;751.7006;0.9188414;101.46102;4.7359214;0.00069856644;150.95702;4.7200522;0.0;-0.63638574;0.03246963;0.19037724;0.1579225;0.38758293;0.0;2294.1843;2731.1077;-1688.5122;5770.2656;-442.1389;-340.44446
1999-11-22;1.5009359;-3.9203491;-6.7790084;749.8415;0.89643055;71.92594;2.7483723;0.00040515265;150.99542;2.726237;0.081944466;-0.66527164;0.02450496;0.18139184;0.15688688;0.23485348;0.0;2748.3433;3239.811;-1837.8439;5560.843;-462.15112;-394.88223
1999-11-23;1.7799581;-3.3312886;-6.066818;749.62177;0.8693256;163.74062;1.5895996;0.00023464362;151.0182;1.3834635;0.00044107434;-0.624029;0.0109523535;0.1668185;0.1558587;0.13086386;0.0;2455.4656;2877.6267;-1589.0172;5822.455;-433.59445;-412.02667
1999-11-24;1.3446554;-1.5970255;-3.9630432;747.6789;1.3285832;224.21294;3.1289062;0.00063387555;149.2412;3.7434895;5.377519;-0.50948;0.06766617;0.22253394;0.15485287;0.067617744;4.286934;2287.787;2672.9778;-1232.975;6205.9907;-353.9639;-451.7811
1999-11-25;-3.2243855;-4.5032744;-3.1707966;743.9744;1.3848286;203.36346;63.904217;0.010817289;142.24477;74.8291;19.124512;-0.56761134;0.07399917;0.22786856;0.15387684;0.4434362;18.112745;1518.9989;2494.06;-812.5272;6207.9995;-404.87888;-454.3278
1999-11-26;-7.0193305;-8.526776;-7.5400543;743.2166;0.81354386;222.63416;100.0;0.031950753;117.151024;271.8099;8.584455;-0.05779881;0.0;0.15293062;0.15293062;0.0;8.560274;516.2172;2156.8667;-467.6728;5973.3438;-43.681667;-92.71555
1999-11-27;-10.156161;-11.869427;-10.420185;744.81647;0.8428355;126.01392;100.0;0.034590285;135.46547;256.42905;1.6684592;-0.045934692;0.0;0.15199184;0.1519993;0.0;1.6616359;733.5195;3010.2634;-831.2339;5303.838;-33.683334;-128.24445
1999-11-28;-13.704148;-19.475409;-17.65496;746.61176;1.1488745;85.22901;100.0;0.03514703;149.44562;235.5957;0.00913881;-0.0427654;0.0;0.15106797;0.15106052;0.0;0.0070482492;793.39777;3180.5889;-1228.8506;4200.9424;-31.007778;-39.04111
1999-11-29;-14.044444;-20.93241;-19.829926;749.99457;1.3124808;33.767086;100.0;0.035146236;151.73305;231.48601;0.0;-0.027669594;0.0;0.1501441;0.15015155;0.0;0.0;880.2833;3433.6145;-1037.2278;4212.318;-19.164444;17.846666
1999-11-30;-11.808726;-16.893806;-17.260832;750.2425;1.8443975;23.855963;100.0;0.03514886;152.75746;229.93977;0.0004351138;-0.020429492;0.0;0.14923513;0.14924258;0.0;0.0;855.2183;3255.2078;-1142.7106;4330.431;-13.557777;61.75778
1999-12-01;-10.332855;-16.55481;-16.882444;750.24054;1.6784705;23.067146;100.0;0.035155375;153.88312;228.19011;0.0004649161;-0.032655895;0.0;0.14834106;0.14834106;0.0;2.6077032e-05;899.0417;3336.8967;-1274.3667;4240.1064;-22.788889;58.47333
1999-12-02;-12.445508;-20.195074;-19.65592;749.833;1.7759532;13.718433;100.0;0.035157483;154.84828;227.05078;0.0012908732;-0.032458454;0.0;0.14744699;0.14744699;0.0;0.0;944.6678;3423.0767;-1321.2783;3941.617;-22.613333;101.21778
1999-12-03;-10.230627;-21.13082;-18.847021;751.5415;1.3130687;49.655018;100.0;0.03515057;155.763;225.99284;0.0004231929;-0.050656497;0.0;0.14658272;0.14656782;0.0;0.0;961.89276;3404.2744;-1221.25;4119.8403;-36.671112;88.013336
1999-12-04;-8.686544;-18.730894;-17.504402;751.36554;1.3078483;90.95284;100.0;0.035129428;156.78416;224.16179;0.0017106531;-0.02415292;0.0;0.14571846;0.14571846;0.0;0.0;962.71;3329.9744;-1294.8678;4170.6104;-18.915556;57.084446
1999-12-05;-7.722567;-18.433283;-17.349363;754.1622;1.4298366;26.68463;100.0;0.03511679;157.86847;222.69695;0.002580079;-0.016044825;0.0;0.14486909;0.14486909;0.0;0.0;990.8345;3351.101;-1306.9011;4171.938;-12.513333;105.634445
1999-12-06;-2.499878;-16.97856;-9.982995;753.4568;0.843483;96.66747;100.0;0.036238592;157.89125;228.80046;6.7195864;-0.07809326;0.001758337;0.14580786;0.14404207;0.019583851;5.8622212;1004.05;3309.7412;-831.93054;5344.2983;-61.043335;34.282223
1999-12-07;-4.359131;-5.478012;-4.179793;750.9847;0.7528324;135.5127;100.0;0.04721248;152.45116;308.8379;6.301659;-0.073371455;0.003233552;0.14644861;0.14321506;0.037016347;5.8766494;622.4644;2415.8545;-801.4289;5929.723;-55.315556;-103.763336
1999-12-08;-6.5689316;-10.211911;-10.652673;752.3183;1.1558698;46.974396;100.0;0.048437197;156.08038;310.46548;0.0031590462;-0.026584603;0.0;0.1423806;0.1423806;0.0;0.0019036233;831.345;3026.4778;-1169.2345;4919.4634;-18.037777;-21.025555
1999-12-09;-4.6133943;-13.651841;-12.685548;751.98175;1.0854502;76.47183;100.0;0.048442762;158.25096;306.3558;0.0015395517;-0.039008446;0.0;0.14156103;0.14156848;0.0;0.00025704503;690.5394;2449.16;-787.79834;5178.789;-28.19111;65.59556
1999-12-10;-5.3457947;-10.610183;-10.094835;752.6174;1.6719397;24.33103;100.0;0.048482735;160.52863;302.2054;0.17723441;-0.03841333;0.0;0.14075637;0.14074892;0.0;0.16087294;750.11554;2595.621;-759.82166;5459.78;-27.662222;49.02778
1999-12-11;-3.7356262;-7.30187;-9.015419;752.4263;1.3463336;21.192596;100.0;0.048546314;163.28123;297.89224;0.00090578245;-0.006975606;0.008702278;0.14865398;0.1399517;0.13287365;4.0978193e-05;876.98334;2952.2522;-1081.7461;5188.439;-2.7422223;21.797777
1999-12-12;-5.802531;-8.454227;-9.601429;750.8986;1.1354668;61.93037;100.0;0.048360866;165.7757;292.39908;0.0055164094;-0.021508895;0.019863248;0.15902519;0.1391545;0.2589412;0.004671514;902.87665;2954.5845;-969.8772;5250.6006;-13.76;-18.527779
1999-12-13;-4.2955117;-5.3752885;-4.67675;747.22876;0.8024234;119.24392;100.0;0.049407523;167.20604;295.36948;5.5425243;-0.04775077;0.0104010105;0.1487732;0.13837218;0.058753416;5.061172;481.2678;1532.6855;-171.89612;6621.027;-36.126667;-58.566666
1999-12-14;-3.4035747;-4.0132165;-1.8900299;745.52563;1.0058475;216.16249;100.0;0.056982756;161.92543;351.68457;6.2106133;-0.181281;0.0035464764;0.1411736;0.13761222;0.01450628;5.7140884;381.93222;1311.3922;-184.41112;6822.6567;-141.34111;-181.43889
1999-12-15;-5.573326;-6.3257904;-3.8516552;742.6364;1.1023725;142.68414;100.0;0.07250575;154.48534;467.9769;19.936949;-0.1119487;0.0;0.13685226;0.13685226;0.0;19.8569;280.57834;1090.5712;-393.15668;6370.492;-87.16944;-142.65778
1999-12-16;-8.318376;-12.918859;-11.341357;750.2114;1.381329;22.69551;100.0;0.080753244;154.73175;522.054;0.0043094154;-0.034401193;0.0;0.1360923;0.13609976;0.0;0.0030249357;722.7178;2993.7878;-1199.2211;4748.197;-24.352222;-23.217777
1999-12-17;-8.134335;-17.256828;-16.057167;754.21686;1.6644155;11.225034;100.0;0.08076751;157.47523;513.0615;0.0021338447;-0.01585856;0.0;0.13536215;0.13534725;0.0;0.0;768.9711;3100.1667;-949.4711;4675.974;-9.76;114.42778
1999-12-18;-4.959076;-13.448498;-14.6295395;753.9294;1.3769755;123.81354;100.0;0.08078873;159.97166;505.20834;0.00085234636;-0.00017788261;0.0;0.13461709;0.13460964;0.0;0.0;790.51447;3105.19;-956.8611;4818.435;2.4288888;112.06111
1999-12-19;-3.7179565;-12.112285;-14.305915;752.20087;1.0256308;186.59924;100.0;0.08081961;162.59633;497.27377;0.0008523463;0.0029746443;0.0;0.13387203;0.13387948;0.0;0.0;717.3711;2749.0256;-956.7411;4829.4106;4.288889;99.59
1999-12-20;-5.526928;-14.662229;-15.901479;753.67847;1.3933839;22.514364;100.0;0.08084774;165.00746;490.23438;0.0004351138;0.0015664846;0.0;0.13315678;0.13315678;0.0;0.0;848.1533;3168.912;-1166.52;4441.045;3.58;127.77111
1999-12-21;-1.5112915;-15.528553;-13.94056;754.0174;1.0709556;256.32312;100.0;0.08086232;167.32225;483.6019;0.0008702277;-0.02640672;0.0;0.13244152;0.13243407;0.0;0.0;799.5122;2915.3745;-842.48944;5037.453;-18.141111;119.22889
1999-12-22;-1.4002889;-15.47244;-12.476482;753.7515;0.8643174;228.67195;100.0;0.080861054;169.99379;475.99283;0.0017285338;-0.03972836;0.0;0.13172626;0.13172626;0.0;0.0;840.80554;2995.381;-927.0811;5051.737;-28.421112;84.43
1999-12-23;-2.8346455;-14.366107;-11.49266;753.492;0.9317017;148.57063;100.0;0.08085068;172.85057;468.01758;0.0004351138;-0.03279932;0.0;0.13102591;0.13102591;0.0;0.0;667.2117;2322.412;-893.1089;5154.8867;-23.635555;74.02333
1999-12-24;-4.3683486;-15.543332;-12.981564;753.3035;1.0934643;32.26108;100.0;0.08084611;175.5169;460.81543;0.0008702277;-0.036585145;0.0;0.13034046;0.13034046;0.0;0.0;834.8528;2843.5845;-1098.1461;4788.4087;-25.93111;75.814445
1999-12-25;-5.0994873;-15.400121;-12.8602295;750.4854;0.70915365;164.81032;100.0;0.081041776;177.50063;456.62436;0.7600851;-0.03582053;0.0;0.129655;0.129655;0.0;0.75791776;796.5561;2647.571;-582.74585;5437.13;-25.923334;33.75889
1999-12-26;-4.698527;-6.482615;-6.4935966;747.61676;0.89199;220.05019;100.0;0.0820142;179.27504;457.88574;0.88271797;-0.057391822;0.0;0.12896955;0.12896955;0.0;0.8718744;688.6239;2292.6533;-493.565;6113.6655;-43.224445;-73.795555
1999-12-27;-5.7682595;-6.927012;-6.270115;747.3575;0.82160217;242.79036;100.0;0.082564;182.44496;452.88086;0.39067864;-0.06593298;0.0;0.128299;0.128299;0.0;0.38243085;748.61835;2477.8677;-682.3553;5875.3516;-49.603333;-95.08222
1999-12-28;-3.8118389;-4.3479714;-4.1727448;751.27637;0.984052;224.49164;100.0;0.08571569;181.7617;471.47623;4.6969533;-0.03660284;0.0;0.12764335;0.12764335;0.0;4.6701355;253.19;864.7411;-20.847221;6838.1123;-28.189444;-64.42555
1999-12-29;-2.551778;-3.370931;-2.6320457;752.9538;0.95249176;200.69102;100.0;0.087707005;186.14484;472.08658;0.11484325;-0.05322229;2.9802322e-05;0.1270175;0.12698025;0.00042282045;0.11096522;593.4061;2062.5366;-788.48114;6079.4487;-39.754444;-65.14555
1999-12-30;-2.8167622;-11.098683;-8.096747;753.1159;1.3193768;50.038864;100.0;0.08771205;191.33722;459.3099;0.001090765;-0.05129818;0.0;0.12633204;0.12633204;0.0;0.0006556511;976.8539;3169.9434;-1445.5056;4820.302;-36.488335;65.27333
1999-12-31;-1.5885315;-14.5433655;-11.244507;752.8179;1.4230243;38.963108;100.0;0.08770716;194.09828;452.79947;0.0004351138;-0.04391838;0.0;0.1256764;0.1256764;0.0;0.0;979.80334;3104.2822;-1231.1989;4820.0293;-31.26111;131.31778
2000-01-01;-0.23923747;-15.886752;-11.868085;752.49164;1.0008185;254.53137;100.0;0.08769226;196.49672;447.10287;0.0;-0.050610863;0.0;0.12503564;0.12503564;0.0;0.0;1038.3077;3218.8533;-1337.9983;4640.6777;-36.705555;119.19778
2000-01-02;-1.7522074;-14.181308;-12.051231;751.1114;0.87409276;163.22987;100.0;0.087682724;198.67479;442.30142;0.0017176181;-0.043590553;0.0;0.12439489;0.124402344;0.0;0.0;1041.6866;3162.1167;-1126.9822;4886.7124;-31.311111;81.44222
2000-01-03;-2.9287617;-10.810912;-10.451927;747.8693;0.6838937;217.27983;100.0;0.08770362;200.9007;437.37793;0.40667653;-0.0427356;0.0;0.123769045;0.123769045;0.0;0.381276;919.0833;2734.5134;-969.9094;5190.2383;-31.123333;23.486666
2000-01-04;-4.9479065;-6.55056;-7.531897;743.98315;0.43410575;173.88579;100.0;0.100637875;182.40688;553.6702;35.530724;-0.0036731362;0.0;0.1231581;0.12315065;0.0;35.32291;349.025;1145.7933;-47.832222;6503.7153;-2.33;-25.62
2000-01-05;-5.2665772;-6.359085;-5.057241;742.18286;0.5018647;124.15625;100.0;0.13743353;153.37367;893.5954;19.717472;-0.029057264;0.0;0.12254715;0.12254715;0.0;19.680887;340.68555;1478.5723;-468.025;6187.26;-21.687778;-66.335556
2000-01-06;-8.292787;-10.201489;-7.8994293;742.2712;0.6244295;155.84798;100.0;0.1522146;152.67674;996.5007;8.426177;-0.03233552;0.0;0.1219362;0.1219511;0.0;8.411374;400.43277;1729.1677;-510.16223;5848.891;-24.160555;-70.64667
2000-01-07;-10.975291;-14.374771;-11.315091;746.6579;1.0716747;61.48392;100.0;0.15483034;158.97491;975.26044;0.009453297;-0.06531086;0.0;0.12135506;0.121340156;0.0;0.008575618;723.8589;3062.8545;-1233.6428;4635.0786;-48.968887;-129.0411
2000-01-08;-13.316091;-19.31201;-18.157661;748.18866;1.4550561;12.423213;100.0;0.15483646;163.7425;946.73663;0.0013515694;-0.0022156164;0.0;0.12074411;0.12074411;0.0;0.00010803342;838.135;3451.4421;-1404.3689;3857.5112;0.3422222;55.593334
2000-01-09;-14.287801;-21.30844;-20.897139;746.67975;1.551506;11.266735;100.0;0.15486419;166.78026;929.4841;0.0049023484;-0.002575107;0.0;0.120162964;0.120162964;0.0;0.0031106174;856.3039;3437.15;-1183.0673;3967.0383;-0.06666667;68.986664
2000-01-10;-13.770915;-20.409576;-22.470343;746.4965;1.3743957;14.042975;100.0;0.15488744;169.26366;915.3239;0.004053116;0.006441027;0.0;0.11958182;0.11958182;0.0;0.0040605664;881.8883;3445.359;-1067.1011;3999.4094;6.7;83.55
2000-01-11;-12.913732;-16.240208;-20.233969;745.3813;1.194712;23.430822;100.0;0.1552587;171.11066;907.75555;0.5787164;0.020469539;0.0;0.11900067;0.11900067;0.0;0.5720891;764.1889;2930.7888;-587.2744;4810.553;17.302221;20.25
2000-01-12;-13.569749;-17.432182;-19.595575;746.0745;1.090775;29.583754;100.0;0.15555303;173.513;897.054;0.03324747;0.008115545;0.0;0.11843443;0.11843443;0.0;0.028178096;855.14056;3206.86;-1003.76056;4294.97;7.868889;5.407778
2000-01-13;-14.68229;-18.789927;-19.883846;746.90094;1.0758404;30.896524;100.0;0.15561616;176.17186;883.8704;0.046893954;0.001706183;0.0;0.117868185;0.117860734;0.0;0.043220818;903.2389;3309.7043;-1105.8911;4169.086;2.9822223;-15.402223
2000-01-14;-15.292438;-19.616648;-21.007383;747.2548;1.1431175;31.990728;100.0;0.15567712;178.56444;872.1924;0.044307888;0.0012293458;0.0;0.11730194;0.11730194;0.0;0.040400773;964.6483;3452.639;-1038.2339;4155.172;2.6044445;-14.288889
2000-01-15;-14.384251;-17.755888;-19.565886;743.26514;0.9169824;42.658176;100.0;0.15666473;178.46808;877.889;2.3372948;0.0033993274;0.0;0.1167655;0.1167506;0.0;2.3311524;726.99445;2577.51;-465.94943;4979.2285;3.7566667;-27.577778
2000-01-16;-14.82256;-19.91982;-18.193384;741.55365;0.95858353;45.750168;100.0;0.15868266;176.1432;901.4079;0.51306486;-0.01802668;0.0;0.116199255;0.116199255;0.0;0.5101338;912.88947;3295.6367;-1184.1514;4216.202;-12.267777;-53.583332
2000-01-17;-17.13207;-24.187292;-22.37074;741.2183;1.034304;181.71529;100.0;0.15882134;178.45213;891.0319;0.0011205673;-0.011723489;0.0;0.11564791;0.11565536;0.0;0.0011324883;1037.1133;3664.47;-1470.3728;3475.9192;-7.4533334;-11.407778
2000-01-18;-14.43721;-22.453918;-23.672112;740.3567;0.6645339;196.61812;100.0;0.15920389;179.34828;887.24774;3.7198098;-0.008819625;0.0;0.11512637;0.11511892;0.0;3.7155151;1022.0722;3527.6833;-809.70776;4244.7505;-5.3855557;9.39
2000-01-19;-11.987301;-13.310364;-17.62035;738.45685;0.8318371;169.93356;100.0;0.17964955;150.67804;1192.0573;25.05483;0.019583851;0.0;0.11458993;0.11458993;0.0;25.04633;161.30222;680.0267;339.75446;6125.511;15.273334;24.985556
2000-01-20;-9.913838;-11.038822;-12.677266;738.3384;1.1115732;204.6202;100.0;0.2037998;148.96385;1362.915;43.123142;0.0287015;0.0;0.11408329;0.11406094;0.0;43.114853;229.04944;974.6278;102.44722;6240.653;22.447779;-5.76
2000-01-21;-12.810355;-15.196919;-11.436358;736.0332;1.3463439;220.05225;100.0;0.24273773;153.12401;1585.8154;9.726641;-0.09299442;0.0;0.1135394;0.1135394;0.0;9.718033;640.44336;2792.1545;-857.8661;5096.5156;-71.333336;-149.26111
2000-01-22;-13.884885;-16.052519;-14.017684;742.364;1.1704863;214.72961;100.0;0.24544461;159.82257;1535.8887;4.033017;-0.032112002;0.0;0.11302531;0.11302158;0.0;4.030768;777.89886;3307.0012;-608.05334;5227.9243;-23.464445;-139.46445
2000-01-23;-10.858882;-12.273231;-11.8771925;745.892;0.9765366;218.31227;100.0;0.25665054;157.80272;1625.0814;12.722575;-0.010474585;0.0;0.11251867;0.11250377;0.0;12.717031;390.85666;1669.9445;-82.99333;6080.18;-7.4733334;-84.096664
2000-01-24;-8.979392;-11.738686;-11.157502;750.2526;0.5625885;292.6452;100.0;0.26167986;165.07062;1588.2162;0.17897497;-0.02556853;0.0;0.11199713;0.11199713;0.0;0.1693666;819.4061;3469.5044;-959.5772;5047.721;-17.27;-101.246666
2000-01-25;-7.8506317;-8.966924;-10.298644;747.31744;0.9428595;219.63629;100.0;0.26646543;171.89061;1549.6826;12.531673;0.011522323;0.0;0.11149049;0.11149049;0.0;12.524277;365.15445;1514.0566;131.98222;6527.601;9.651111;-58.842224
2000-01-26;-7.8956885;-8.879105;-7.6560035;742.16895;0.99148464;195.80528;100.0;0.2879778;172.63051;1666.9922;18.775026;-0.025724992;0.0;0.11099875;0.11099875;0.0;18.772423;322.0472;1398.6322;-260.39612;6214.8374;-19.377777;-87.30222
2000-01-27;-9.708093;-11.794048;-9.218189;739.858;0.9595797;155.59752;100.0;0.2969446;179.55043;1656.0059;2.945292;-0.054782256;0.0;0.11049211;0.11049211;0.0;2.9426441;734.79553;3158.8044;-969.99664;5168.981;-40.584446;-131.85333
2000-01-28;-10.201777;-13.553913;-11.341603;740.26105;1.3937211;25.944479;100.0;0.3003362;186.56541;1611.0433;3.8929467;-0.02599787;0.0;0.11000037;0.11000037;0.0;3.887862;572.0944;2420.2656;-693.92444;5333.18;-18.572222;-34.738888
2000-01-29;-8.921416;-13.287175;-12.073879;746.0015;0.9437662;130.4247;100.0;0.30262896;193.0628;1569.0918;1.0721564;-0.029977411;0.0;0.10950863;0.10950863;0.0;1.0703392;764.0733;3183.2888;-917.19055;5048.142;-20.782223;-59.293335
2000-01-30;-9.451179;-14.797442;-14.705555;752.7888;1.0427629;81.10417;100.0;0.30280817;199.68617;1518.3512;0.032976262;-0.012493692;0.0;0.1090318;0.109016895;0.0;0.03125891;951.45;3858.5623;-1301.4122;4316.623;-6.847778;-18.893333
2000-01-31;-8.624123;-18.414042;-16.81021;751.0809;0.86943763;184.23781;100.0;0.30282924;204.81313;1480.184;0.00085234636;-0.030326657;0.0;0.108510256;0.10853261;0.0;0.0;1041.3055;4109.8745;-1335.3756;4134.035;-20.46889;15.334444
2000-02-01;-9.580032;-18.695868;-17.808657;745.7309;0.8153555;187.59642;100.0;0.30283722;209.0309;1449.7885;0.03929138;-0.028813258;0.0;0.10803342;0.10805577;0.0;0.039253384;1038.555;3992.4067;-995.0233;4486.544;-19.677778;-14.488889
2000-02-02;-12.636992;-18.978264;-17.179077;745.31744;1.2503744;17.450878;100.0;0.30295208;212.88866;1423.9502;0.03836155;-0.027120113;0.0;0.10757148;0.10757893;0.0;0.037014484;1079.3595;4057.2012;-1289.855;4202.905;-18.251112;-45.378887
2000-02-03;-10.080355;-20.111519;-18.923943;749.2817;1.0884037;65.02707;100.0;0.30296537;216.4964;1400.472;0.0017155999;-0.028649345;0.0;0.10710955;0.107102096;0.0;0.0;1179.9355;4327.717;-1384.9412;3935.4966;-19.143333;47.837776
2000-02-04;-7.981584;-19.063553;-18.632269;748.7534;0.9191262;102.26655;100.0;0.30297288;219.75519;1379.8828;0.0004351138;-0.028301962;0.0;0.10663271;0.10662526;0.0;0.0;1212.2356;4341.803;-1271.0328;4151.9243;-19.017778;43.983334
2000-02-05;-8.133297;-15.482497;-17.6001;746.39435;0.7010301;249.3965;100.0;0.302999;223.03188;1359.6191;0.14252414;-0.013975427;0.0;0.10615587;0.10616332;0.0;0.13779849;1204.8756;4216.6333;-983.36334;4598.8154;-8.017777;-10.481112
2000-02-06;-8.662472;-11.478161;-13.800522;739.2038;0.6403111;204.55617;100.0;0.3068805;221.4912;1385.0504;8.778792;-0.018650666;0.0;0.10570884;0.10570884;0.0;8.775797;732.10944;2575.0234;-98.855;6041.2144;-12.89;-65.78889
2000-02-07;-10.260242;-15.952034;-11.894527;741.6545;1.5255656;23.221222;100.0;0.31304243;218.79881;1432.4545;1.1452675;-0.16852282;0.0;0.105232;0.1052469;0.0;1.1427552;924.72943;3632.1833;-1201.6117;4711.359;-129.04889;-91.791115
2000-02-08;-9.906555;-21.583559;-16.3086;746.7778;1.1842407;29.08895;100.0;0.31317964;223.33104;1403.89;0.0016930307;-0.054562464;0.0;0.104784966;0.104792416;0.0;0.0;1200.4512;4595.8564;-1656.8461;3755.2263;-38.74222;8.544444
2000-02-09;-9.114352;-21.772257;-18.146954;748.70807;1.1382312;61.993877;100.0;0.31317648;226.78448;1382.3649;0.0012886995;-0.046254136;0.0;0.10433793;0.10433793;0.0;0.0;1249.7877;4667.8755;-1519.16;3843.228;-32.351112;45.328888
2000-02-10;-7.686521;-19.75074;-18.410229;752.7439;1.17649;46.975315;100.0;0.31318125;229.82191;1364.0137;0.0017100456;-0.034724362;0.0;0.103890896;0.103890896;0.0;0.0;1281.9406;4673.547;-1367.3611;4065.5168;-23.344444;68.1
2000-02-11;-6.3642516;-20.326344;-16.973745;752.38434;0.9538491;137.23174;100.0;0.31318533;232.89061;1345.9473;0.0012892521;-0.046611764;0.0;0.10344386;0.10344386;0.0;0.0;1032.875;3679.412;-854.07666;4837.388;-33.09889;46.11
2000-02-12;-6.652785;-18.812052;-15.860684;750.2674;0.96120363;59.688183;100.0;0.31317782;236.22003;1326.8229;0.006212674;-0.05543884;0.0;0.102996826;0.10300428;0.0;0.0049211085;1347.5405;4688.7256;-1287.6278;4394.9077;-39.18833;7.5833335
2000-02-13;-6.8288665;-10.754621;-12.87041;743.1975;0.71400374;78.844505;100.0;0.31860557;233.45702;1363.566;16.215658;-0.0035930425;0.0;0.10256469;0.10256469;0.0;16.072157;783.0867;2793.6746;-95.08222;6151.5767;-0.6211111;-43.23
2000-02-14;-6.759299;-8.11987;-8.96463;744.73395;0.6710388;226.88585;100.0;0.33209527;223.84601;1484.6191;3.8926601;-0.037308782;0.0;0.10213256;0.10213256;0.0;3.8865395;725.4694;3010.9456;-234.25722;6259.188;-26.877777;-130.37111
2000-02-15;-6.8442864;-8.856998;-7.560047;748.9314;0.8197662;139.61214;100.0;0.3341396;229.58234;1457.4381;0.70518976;-0.11466257;0.0;0.10171533;0.101700425;0.0;0.7029567;940.0944;3858.0823;-765.85834;5658.74;-86.19334;-177.54666
2000-02-16;-5.5917106;-7.011387;-6.848297;746.5561;0.8547568;145.12476;100.0;0.33668956;234.54555;1435.9945;6.8247886;-0.06625056;0.0;0.10128319;0.10128319;0.0;6.8157015;672.2278;2705.5479;-204.95612;6468.2754;-49.69889;-133.51222
2000-02-17;-6.9602838;-8.259114;-6.0093346;745.93823;0.915401;184.73363;100.0;0.3534162;225.90102;1563.5172;13.904631;-0.10865368;0.0;0.10086596;0.10085851;0.0;13.892647;823.76556;3548.7034;-664.6617;5899.892;-82.07667;-216.88667
2000-02-18;-6.883104;-11.176022;-7.8579154;749.24414;1.0383838;67.34622;100.0;0.3563224;231.93488;1538.4521;0.008359756;-0.10826904;0.0;0.10043383;0.10044128;0.0;0.0062957406;1152.9567;4854.73;-1541.2753;4639.092;-79.69334;-186.14223
2000-02-19;-5.603161;-15.710236;-11.868672;747.90894;0.8171656;148.34055;100.0;0.3563951;238.03578;1498.2096;1.3428534;-0.07459335;0.0;0.10000914;0.10000914;0.0;1.3157203;1257.7583;5152.697;-1431.9867;4416.202;-53.145557;-39.254444
2000-02-20;-7.6967216;-9.307465;-10.571881;746.1502;0.9155398;174.17493;100.0;0.36463252;232.55695;1567.8711;7.076368;-0.018007122;0.0;0.09959936;0.09959191;0.0;7.0672894;886.5972;3734.841;-606.1211;5666.8774;-11.225555;-124.35555
2000-02-21;-7.43881;-14.868039;-11.096082;748.13947;1.0507046;66.08006;100.0;0.3658918;237.19464;1544.515;0.0026464462;-0.09364821;0.0;0.09918213;0.09918213;0.0;0.002220273;1234.8506;5076.763;-1428.7567;4540.8857;-67.73222;-103.79222
2000-02-22;-5.545344;-14.5953455;-13.160709;746.3469;0.803727;67.96028;100.0;0.36588836;242.21027;1512.2885;0.0025812841;-0.053272583;0.0;0.0987649;0.0987649;0.0;0.0;1319.5873;5282.996;-1542.8583;4229.787;-36.70222;-33.584446
2000-02-23;-6.322264;-9.756726;-12.824958;746.3308;0.8246489;210.58362;100.0;0.36707154;245.50389;1496.2158;3.0385575;-0.0049099326;0.0;0.098362565;0.098362565;0.0;2.9718616;906.42;3537.0044;-467.47916;5639.3555;-1.4022223;-72.45778
2000-02-24;-5.2993712;-8.127472;-10.090505;748.24805;1.0429584;132.23518;100.0;0.36948943;248.166;1490.8041;0.477314;-0.035140663;0.0;0.09796023;0.09796023;0.0;0.4736334;1181.9177;4659.9;-1049.355;5184.471;-23.215555;-114.25889
2000-02-25;-5.914537;-8.806724;-9.648032;745.24194;0.7928414;151.15202;100.0;0.3737557;249.90004;1496.0123;7.670301;-0.02425909;0.0;0.0975728;0.09756535;0.0;7.4173136;812.89886;3206.6929;-461.7389;5883.217;-16.446667;-77.0
2000-02-26;-6.957067;-8.757131;-8.049472;745.4069;1.1288085;215.09276;100.0;0.37793067;252.07648;1500.8545;1.3956219;-0.11677295;0.0;0.09717047;0.09717047;0.0;1.3879203;1087.8672;4397.372;-726.80334;5725.2544;-87.6;-191.98889
2000-02-27;-8.168981;-11.113473;-8.019799;743.96045;1.2265328;209.86287;100.0;0.37944782;255.98015;1483.4799;2.3591785;-0.19012205;0.0;0.09676814;0.09677559;0.0;2.3433826;1216.6644;4858.2305;-1010.0539;5332.1367;-144.6;-232.31
2000-02-28;-9.067609;-12.76775;-8.564773;747.5105;0.86663604;119.518776;100.0;0.38131;258.55435;1476.2369;0.6786108;-0.21787174;0.0;0.09638071;0.09638071;0.0;0.6750785;1135.58;4521.878;-927.1606;5361.449;-166.70334;-249.95334
2000-02-29;-9.726865;-15.662883;-10.268173;750.8408;0.91959697;81.68806;100.0;0.38165507;262.6963;1454.1422;0.08063018;-0.1327796;0.0;0.09599328;0.09598583;0.0;0.078905374;1382.7417;5385.7837;-1687.89;4264.3867;-99.05111;-202.59555
2000-03-01;-9.200965;-15.085523;-12.329964;745.29144;0.90510565;48.68646;100.0;0.3825237;265.28354;1442.5049;2.9714139;-0.058054924;0.0;0.09560585;0.09560585;0.0;2.9613228;987.07056;3756.24;-725.7011;5302.2065;-42.27;-82.38111
2000-03-02;-7.7264075;-10.48043;-10.256963;743.64825;0.7662155;169.17465;100.0;0.3859122;264.2184;1461.2631;1.8999606;-0.05455129;0.0;0.09523332;0.09523332;0.0;1.8954612;994.08167;3876.5388;-647.9606;5643.452;-41.87;-159.84778
2000-03-03;-6.018625;-11.016288;-10.325534;750.11646;0.92555076;80.079254;100.0;0.38663223;267.6963;1445.1904;0.0013172625;-0.022388063;0.0;0.09486079;0.09486079;0.0;2.9802322e-05;1494.4081;5740.489;-1721.51;4299.3804;-15.723333;-134.57556
2000-03-04;-5.9962616;-11.26933;-11.375786;746.7009;0.9479353;86.75894;100.0;0.3866409;271.50845;1424.8047;0.01809001;-0.018790364;0.0;0.094503164;0.094503164;0.0;0.013772398;1453.4772;5443.666;-1340.8794;4720.6826;-13.032222;-131.38222
2000-03-05;-5.7270164;-11.363597;-11.231861;748.92676;1.0035802;86.200615;100.0;0.3866538;275.07617;1406.5348;0.00046491617;-0.021148473;0.0;0.094130635;0.094138086;0.0;3.3527613e-05;1585.6986;5799.3027;-1606.4606;4426.4204;-14.565556;-133.70111
2000-03-06;-5.05493;-8.203357;-11.079212;746.81805;0.98330665;152.20293;100.0;0.38685563;278.194;1391.4795;1.3570666;0.0026775524;0.0;0.09378791;0.09378046;0.0;1.3470054;1591.414;5683.4404;-1058.4972;5163.479;3.765;-149.26555
2000-03-07;-5.583361;-6.5839944;-7.782209;742.04736;0.9756575;156.24593;100.0;0.40064502;267.27408;1496.7041;29.463846;0.008284114;0.0;0.09343028;0.09342283;0.0;29.294428;435.4218;1699.7347;2.7827778;6644.5156;7.0311112;-64.907776
2000-03-08;-9.928169;-12.28848;-7.3921394;740.3191;1.171846;220.8903;100.0;0.43262514;243.1035;1778.89;14.721709;-0.2069464;0.0;0.09307265;0.09307265;0.0;14.709145;1177.492;5134.081;-1123.8356;5168.601;-161.42111;-410.69666
2000-03-09;-8.569512;-12.757052;-10.16262;746.8618;0.9341946;110.57254;100.0;0.43474147;248.1826;1754.191;0.0073313713;-0.045677647;0.0;0.092715025;0.092722476;0.0;0.0073462725;1412.9686;5994.5034;-1571.6938;4456.2456;-33.942223;-242.41556
2000-03-10;-6.9324303;-10.845093;-12.334788;747.05414;0.9409373;101.783905;100.0;0.4347504;253.62335;1716.1051;0.001475214;0.0054296106;0.0;0.0923723;0.0923723;0.0;0.00016018748;1494.9364;6171.453;-1538.7012;4326.8853;6.0555553;-168.85
2000-03-11;-7.5653358;-9.163821;-11.126709;746.3144;1.434245;170.3976;100.0;0.43604982;257.44467;1694.5801;6.463713;0.024545938;0.0;0.09202957;0.09202957;0.0;6.4539986;1251.5432;5029.4775;-489.59973;5849.7188;20.48;-184.4289
2000-03-12;-4.849247;-5.729914;-7.06411;746.707;0.9651082;214.30568;100.0;0.44903997;253.46483;1772.2574;7.230723;-0.016694888;0.0;0.091686845;0.091686845;0.0;7.2228646;797.14276;3381.0417;-317.18;6376.609;-12.233334;-165.13889
2000-03-13;-6.010713;-8.761147;-6.344999;744.914;0.90795857;172.99046;100.0;0.45038402;260.1748;1733.3984;0.27275085;-0.12121163;0.0;0.09135902;0.09135157;0.0;0.26719645;1347.8663;5606.1343;-1117.3234;5408.0444;-93.30889;-284.43222
2000-03-14;-7.3847632;-11.424564;-7.3866477;744.1634;1.1804758;163.81076;100.0;0.4508015;266.44205;1693.7256;0.7739544;-0.21589734;0.0;0.09100139;0.09100884;0.0;0.77042353;1405.8295;5717.2144;-1195.5289;5151.557;-167.90111;-291.17334
2000-03-15;-7.2995567;-17.690668;-10.304601;748.04987;1.0470233;123.75771;100.0;0.451113;271.3929;1663.5742;0.0017106531;-0.0784602;0.0;0.09068847;0.090673566;0.0;7.4505806e-06;1678.8053;6668.34;-2121.2036;3749.996;-59.196667;-202.87222
2000-03-16;-5.657902;-17.24066;-12.43884;748.9646;1.0034946;110.8678;100.0;0.45107272;275.4209;1639.1195;0.0;-0.046283938;0.0;0.09033084;0.09033829;0.0;0.0;1708.0305;6612.032;-1756.9711;4117.2305;-35.157223;-138.71333
2000-03-17;-3.5400097;-17.298613;-12.416657;747.71704;0.9886518;99.73657;100.0;0.4510413;278.95865;1618.2455;0.0012914052;-0.04463829;0.0;0.090017915;0.090017915;0.0;0.0;1717.7219;6485.1304;-1507.6888;4504.6826;-34.246666;-108.30111
2000-03-18;-3.9142964;-10.04251;-10.562598;744.904;0.9217975;177.9629;100.0;0.45218357;281.96518;1604.6957;1.9187033;-0.019987114;0.0;0.08970499;0.08969009;0.0;1.3951547;1349.0583;5016.007;-976.72614;5310.4824;-15.262222;-129.48
2000-03-19;-2.5912895;-8.479226;-9.341351;747.6329;0.91121864;256.54947;100.0;0.45290247;285.6107;1586.8326;0.0015199184;-0.059423037;0.0;0.08936226;0.08936226;0.0;0.0006631017;1730.4822;6358.85;-1473.8802;4829.9106;-46.02222;-182.0
2000-03-20;-3.4836833;-9.429496;-9.333969;750.1982;0.89618546;252.52913;100.0;0.4528446;289.59732;1564.8193;0.0004351138;-0.0780765;0.0;0.08904934;0.08904189;0.0;0.0;1849.7955;6638.156;-1655.0255;4595.6455;-60.65333;-196.6489
2000-03-21;-2.2964046;-7.089289;-8.430611;749.61554;0.8964035;230.82158;100.0;0.45346144;292.7334;1549.7233;5.620426;-0.09595789;0.0;0.088721514;0.088728964;0.0;5.266931;1742.4161;6109.001;-959.305;5588.595;-74.77778;-184.04445
2000-03-22;-2.6290283;-3.2295532;-4.9359565;743.9143;0.57895184;111.380714;100.0;0.47125745;281.77896;1671.3461;19.353739;0.014321879;0.0;0.08840859;0.08840859;0.0;17.87679;380.59332;1557.8323;-234.84612;6601.94;11.347777;-60.85
2000-03-23;-2.169505;-4.0762024;-4.1929984;741.62476;0.96783876;117.76786;100.0;0.47993788;282.31412;1701.9043;1.7487432;-0.04586298;0.0;0.088095665;0.088103116;0.0;0.9867847;1387.8872;5743.864;-1079.5216;5679.9453;-35.371666;-245.18556
2000-03-24;-3.6325772;-5.081919;-3.4457347;736.9814;1.2191435;94.242256;100.0;0.49166438;281.7562;1743.4082;30.970078;-0.12979843;0.0;0.08778274;0.08778274;0.0;29.55686;736.8761;3022.3132;-329.50888;6602.9023;-101.00889;-198.1311
2000-03-25;-4.4650474;-5.463346;-2.9980915;745.31573;1.1868492;207.39314;100.0;0.51822263;270.4059;1917.806;7.1020365;-0.22183172;0.0;0.087469816;0.08747727;0.0;7.0889964;1014.0789;4334.1978;-601.20807;6282.1357;-173.12222;-387.56332
2000-03-26;-3.2171123;-15.64725;-4.6328597;751.44635;0.9901901;82.36729;100.0;0.5197943;278.152;1871.3785;0.0035345554;-0.19925833;0.0;0.08717179;0.08716434;0.0;0.0030845404;1723.581;7060.829;-1947.1217;4542.728;-153.06555;-285.05112
2000-03-27;-2.2372677;-14.128662;-7.638363;752.2832;1.1273946;69.2494;100.0;0.51969934;284.64746;1828.1656;0.00086426723;-0.113101676;0.0;0.08685887;0.08685142;0.0;0.0;1817.1672;7167.5674;-1905.6516;4353.4263;-85.36889;-159.95
2000-03-28;-1.1984558;-14.007889;-8.342307;751.66016;1.0911249;70.37001;100.0;0.5196279;289.82715;1795.1254;0.0017195934;-0.11564791;0.0;0.08653104;0.08653849;0.0;0.0;1857.9277;7106.819;-1654.875;4684.319;-87.30778;-146.6789
2000-03-29;-0.24677531;-12.348195;-7.8792114;751.1751;1.0216547;96.20852;100.0;0.5195513;294.8148;1765.0146;0.0004351138;-0.12299977;0.0;0.08624792;0.08623302;0.0;0.0;1920.3088;7123.791;-1594.2972;4839.27;-92.96111;-146.31667
2000-03-30;-0.98916626;-6.9869285;-6.832235;750.2708;1.0678307;98.29763;100.0;0.5196034;299.96582;1735.2701;0.46627522;-0.068575144;0.018134713;0.10406971;0.085927546;0.27658045;0.0027753413;1740.3611;6248.604;-1380.8011;5170.058;-51.014446;-154.97667
2000-03-31;-0.870992;-4.9553733;-5.6529183;750.07886;1.1501454;158.79666;100.0;0.51943547;305.42578;1704.7119;0.00042617318;-0.069646165;0.023961067;0.10959804;0.08562952;0.3684014;0.0;1824.0427;6327.5044;-1340.1302;5307.1465;-51.71;-173.39
2000-04-01;0.58217365;-4.893412;-4.4768424;752.9768;0.997955;82.71409;100.0;0.5185956;311.12012;1672.0377;0.0;-0.06219838;0.100784004;0.1861155;0.08532405;1.2253635;0.0;2035.831;6851.5776;-1450.1152;5328.689;-44.941113;-198.56334
2000-04-02;1.5758871;-5.9468484;-3.3425343;754.0735;1.0185249;78.32445;100.0;0.51708513;316.78906;1638.1022;0.0;-0.10580942;0.14966726;0.23469329;0.085026026;1.6546772;0.0;1969.1777;6444.305;-1408.7981;5469.4614;-78.61889;-166.35889
2000-04-03;1.451243;-6.6584373;-2.4059753;752.90814;1.0696938;97.43057;100.0;0.515371;322.61948;1604.5328;0.0012890005;-0.1404388;0.1617223;0.2464354;0.08473545;1.6299374;0.0;1992.2772;6366.573;-1344.9458;5623.1113;-105.388885;-167.05
2000-04-04;1.8743082;-6.316569;-1.4647509;753.6436;1.1138365;71.01934;100.0;0.51330733;329.431;1565.6332;0.0012814989;-0.14751963;0.2835244;0.36796927;0.08443743;2.237346;0.0;2423.9805;7141.508;-1658.5117;5337.0522;-109.91778;-201.68666
2000-04-05;1.7635702;-5.175415;-0.63073987;752.50385;1.0926542;97.0108;100.0;0.51116735;338.4769;1517.4967;0.0018252059;-0.12630783;0.2744794;0.35864115;0.08414686;1.9673183;0.0;2223.8928;5890.991;-1390.7833;5697.661;-93.952225;-162.48111
2000-04-06;2.640686;-2.7329204;-0.30698904;750.98956;0.98613167;97.69315;100.0;0.50555545;347.67935;1461.0596;0.05390048;-0.13998243;1.0310411;1.1148751;0.083848834;8.7794695;0.0;2862.8972;7013.6304;-1514.8242;5692.084;-103.486115;-222.05667
2000-04-07;0.8189697;-0.296875;-0.15369289;748.6973;0.92788213;248.21191;100.0;0.49646553;354.5791;1406.6569;3.931433;-0.05841721;1.5538037;1.6373694;0.08357316;9.347808;0.0011324883;1778.5228;4103.488;-557.6814;6741.0767;-42.445557;-178.98334
2000-04-08;1.4809265;-2.9260967;-0.1545906;748.1265;0.9065519;135.51785;100.0;0.48468998;359.88184;1352.9459;0.24089217;-0.47234818;1.8793344;1.962632;0.08329749;13.41239;0.016346574;3238.7734;7176.8438;-1512.0536;5755.064;-364.77335;-325.08
2000-04-09;-1.5651957;-3.1240132;-0.2108078;744.36224;0.84647727;182.03813;100.0;0.48392472;357.3877;1356.3639;20.971838;-0.22793002;1.0343492;1.1173785;0.08302927;4.3989496;15.580494;1454.0873;3733.0173;-650.24335;6494.8467;-176.70778;-300.83444
2000-04-10;-4.6624045;-6.1623535;-0.5152931;745.33954;1.1624715;210.01314;100.0;0.5030611;327.86426;1536.0107;11.557627;-0.5296534;0.0;0.08276105;0.0827685;0.0;11.374805;1601.5117;6125.4277;-953.93335;6025.9365;-412.22055;-674.1767
2000-04-11;-2.0010376;-5.8706613;-0.7891057;749.6944;0.93114656;246.91176;100.0;0.50522834;331.15494;1529.8666;0.026363134;-0.55507946;0.0;0.08250773;0.08250028;0.0;0.024225563;2271.8472;7343.037;-1704.7325;5246.4355;-419.9828;-366.55667
2000-04-12;0.5387166;-3.166813;-0.640302;751.9951;1.0050061;263.46;100.0;0.50491935;339.90756;1489.7867;0.19166172;-0.3506029;0.0320673;0.11429191;0.08223206;0.23962744;0.0;2371.0178;6688.1016;-1215.3177;5922.8623;-259.13333;-227.06111
2000-04-13;3.06544;-0.7923686;-0.14917247;752.42554;0.8651452;172.30519;100.0;0.500237;347.8138;1442.098;2.7218552;-0.12432318;1.7366409;1.8186271;0.08197874;10.798015;0.0;1836.0505;4691.722;-829.1972;6421.1064;-85.528336;-107.65889
2000-04-14;5.7128906;-0.55894977;-0.21065013;748.6213;0.92764306;206.68176;100.0;0.48813638;354.1058;1382.609;0.0012942028;-0.26918575;2.5869012;2.668634;0.08172542;13.718863;0.0;3023.0178;7224.78;-1545.267;5697.8457;-190.32944;-124.81778
2000-04-15;3.6613567;-0.4353231;-0.2743009;749.3554;1.0941449;182.91103;100.0;0.47532162;361.16275;1319.8242;0.0021487467;-0.2860995;2.7152448;2.7967393;0.08149445;12.448888;0.0;3360.9395;7631.3257;-1789.755;5385.3384;-203.56334;-154.92444
2000-04-16;2.0875957;-1.4069519;-0.24972916;750.54987;1.1784048;87.57187;100.0;0.46200633;368.306;1258.1381;0.050514936;-0.31809694;2.9307156;3.0245185;0.09381026;13.703339;0.0;3367.7612;7356.285;-1644.48;5563.0894;-228.35278;-188.24667
2000-04-17;3.6623333;-4.0189414;-0.22509257;751.43756;1.0092895;73.888016;100.0;0.4475707;375.1787;1196.7773;0.022739172;-0.35058147;3.8218646;3.917262;0.095397234;14.733418;0.00010803342;3432.5532;7282.6226;-1487.3892;5783.8877;-252.03111;-151.73334
2000-04-18;3.6378784;-0.7076619;-0.12347158;750.7922;1.0346066;108.31671;100.0;0.43226287;380.67056;1138.8346;4.3352094;-0.19631907;5.1942616;5.5963397;0.40207803;18.195715;0.0;2710.8977;5617.8296;-968.4964;6369.693;-137.04;-123.545555
2000-04-19;4.6199136;0.47199503;-0.08147812;750.93756;0.8036173;87.75233;100.0;0.41685915;385.46518;1084.3912;8.000339;-0.14241692;6.1539116;6.351739;0.19783527;17.405685;0.0;2516.405;5129.2305;-711.4164;6683.013;-97.19334;-102.68445
2000-04-20;3.7625427;0.865743;-0.034656525;748.7558;0.88526374;178.1248;100.0;0.40131807;389.06284;1034.3832;18.466864;-0.13046898;10.414004;10.724947;0.31095743;17.78227;0.0;2259.3994;4537.635;-632.543;6749.718;-89.58278;-104.53445
2000-04-21;1.1734009;-1.1564941;-0.064520516;746.78156;1.1013526;142.10564;100.0;0.38581598;392.01074;987.10126;1.2687981;-0.59431607;5.604565;6.290138;0.6855875;16.293135;0.001784414;3100.324;6168.201;-1035.3495;6312.5254;-449.03223;-260.04333
2000-04-22;-0.36324057;-2.1590881;-0.08150991;748.3107;1.0035224;168.3269;100.0;0.37087116;394.08432;943.15594;11.403455;-0.60713106;6.669015;7.528305;0.85930526;15.010175;4.447296;3158.8862;6241.1646;-878.46277;6495.436;-460.03946;-392.75333
2000-04-23;0.43478394;-2.4059246;-0.13279851;749.3139;1.0856234;123.105125;100.0;0.36403224;384.84634;948.52704;2.4912376;-0.47668815;3.715694;3.953144;0.23745;11.070408;1.3755486;2655.7444;6779.0044;-1339.3275;5842.351;-354.62888;-257.34113
2000-04-24;0.12867229;-1.9427185;-0.21216202;749.6557;1.0736822;167.2388;100.0;0.3546418;390.7871;910.4411;4.2605405;-0.40814465;4.4884086;4.618555;0.13014674;8.827552;0.1164563;2844.295;6783.7515;-1201.5634;6030.099;-301.73557;-256.62222
2000-04-25;0.849233;-2.752065;-0.15763092;750.54755;1.1176409;112.948326;100.0;0.34230402;396.0088;867.6351;0.13686363;-0.6268751;5.2800775;5.9697924;0.6897226;14.313467;0.01527369;3307.0854;7536.3765;-1433.833;5814.0654;-468.98444;-324.96112
2000-04-26;1.8092346;-2.8721924;-0.28118134;752.09;1.114893;98.03104;100.0;0.32819092;402.79883;818.31866;0.024178624;-0.4364643;5.226329;5.5375695;0.311248;14.046524;0.0;3643.6594;7983.271;-1815.6;5374.4985;-317.2189;-196.76889
2000-04-27;4.856089;-3.5675354;-0.26879883;753.4195;1.0221499;93.518616;100.0;0.31233498;410.76822;764.0381;0.0;-0.3726352;6.2004476;6.565526;0.36507845;17.003119;0.0;3803.8167;8086.6587;-1737.1923;5548.0645;-264.79;-133.08112
2000-04-28;5.6681724;-3.3560894;-0.21233113;751.5319;1.1508735;120.76527;100.0;0.29403687;418.2067;706.6243;0.10562539;-0.41973406;7.688135;8.661061;0.9729266;18.810562;0.0;3699.0623;7685.261;-1418.9194;5969.3823;-301.51334;-108.98111
2000-04-29;3.6725056;1.8399252;-0.05195109;749.1049;1.034908;173.11969;100.0;0.2774533;423.58365;658.5286;10.03694;-0.045401976;10.399521;11.947483;1.5479475;17.57529;0.0;2053.0784;4184.5884;-202.52777;7265.03;-25.31;-101.83889
2000-04-30;1.1385294;0.6271464;-0.022136688;749.0345;0.8106749;187.48872;100.0;0.26455986;421.84116;630.3711;9.837862;-0.04076585;7.781893;8.951306;1.1693835;10.893554;1.155801;1196.0361;2524.8262;-210.52055;7152.9023;-26.933332;-92.18445
2000-05-01;2.5870564;-1.4012655;-0.16709645;749.936;1.1478572;140.13637;100.0;0.24941213;424.50034;591.1865;0.7271535;-0.53697264;7.389352;8.171335;0.7819757;18.516436;0.00052154064;3460.1594;7225.926;-1344.6694;5976.817;-397.3278;-240.8211
2000-05-02;4.839966;0.7942912;-0.27825928;751.7911;1.2411827;181.2866;100.0;0.23067705;430.67514;538.77765;0.30400753;-0.34743547;7.7640114;8.594245;0.830248;19.260363;0.0;3641.1628;7461.599;-1459.5056;5898.3823;-248.35834;-108.49111
2000-05-03;7.059611;0.91567993;-0.2732048;750.11273;1.4321966;230.71448;100.0;0.20997147;436.93686;483.1543;0.13525188;-0.40895772;8.554548;9.360537;0.80596656;21.653954;0.0;3661.9583;7393.3945;-1320.0756;6083.2393;-295.09;-35.212223
2000-05-04;6.1533713;0.9399719;-0.24105199;751.7563;0.92661834;174.63567;100.0;0.19357078;442.9847;438.47656;3.2376647;-0.09488873;6.463051;7.5635614;1.1005253;13.9389;0.0;1956.5856;3899.1943;-598.42804;6700.985;-63.22222;-25.084444
2000-05-05;8.444733;0.31562296;-0.10257848;752.48413;1.0602039;162.39087;99.657555;0.17465532;447.24512;392.04916;1.3526171;-0.29079336;9.831667;10.747626;0.9159595;23.009214;0.0;2962.2095;5858.249;-557.6939;6984.22;-205.62666;-29.61111
2000-05-06;6.1039023;2.1322021;-0.114922844;753.0052;1.1593566;215.26569;97.80363;0.15179305;449.736;338.3789;3.8588078;-0.23230818;11.257395;13.914972;2.65757;23.109463;0.0;2928.797;5691.099;-677.62;6826.926;-160.01334;-89.172226
2000-05-07;4.701345;1.1923422;-0.2763659;752.5274;1.2103487;239.15584;95.894936;0.12854965;449.9961;286.5804;2.631688;-0.5424488;10.272294;12.219161;1.9468516;23.364782;0.0;3718.8684;7114.4443;-1131.0806;6337.517;-393.28555;-155.48445
2000-05-08;4.010061;1.3988241;-0.4619217;748.4316;1.1127793;249.2735;93.24243;0.10805944;450.0;240.9261;6.688923;-0.39454177;11.432827;13.45408;2.0212383;19.255087;0.0;3356.4617;6334.741;-1130.4177;6240.3267;-280.12332;-196.73555
2000-05-09;2.9483643;0.17844646;-0.414224;749.35693;1.0879506;240.81819;89.36344;0.089518666;447.02408;199.8291;6.8711042;-0.528723;11.059195;15.27363;4.214443;19.193336;0.0;3364.1228;6280.094;-1013.9372;6397.4653;-375.93332;-275.97888
2000-05-10;4.2016907;-2.8138325;-0.9362628;751.9712;1.0074893;135.62848;86.08219;0.07067283;447.67807;157.87761;0.26795268;-0.8506123;7.097989;10.152519;3.0545144;18.887074;0.0;4264.957;7803.6733;-1764.3839;5602.9434;-611.29224;-272.50778
2000-05-11;5.647227;-3.1066487;-1.4843622;752.5825;1.0380234;169.05406;83.99374;0.05022784;447.7578;112.83366;0.10205805;-0.6123995;8.417114;12.426392;4.009284;20.639587;0.0;4222.9673;7615.239;-1687.5477;5707.044;-436.57666;-319.05444
2000-05-12;6.386444;-2.6352336;-1.6995049;752.8697;1.2649506;165.21877;65.86564;0.030213356;447.7578;67.993164;0.7123828;-0.9613223;8.225679;13.040185;4.814498;18.89108;0.0;4688.8076;7913.4365;-1776.16;5727.8184;-681.81445;-402.62332
2000-05-13;8.010468;-2.49705;-1.4423574;752.6015;1.4436749;124.48264;36.52165;0.015958348;447.7578;36.21419;0.07703304;-2.056472;3.7977397;8.842617;5.0448627;11.28922;0.0;5496.608;8034.188;-1952.2539;5836.0063;-1440.3055;-447.26
2000-05-14;10.477864;-3.1165264;-1.0031942;750.5007;1.2915332;166.9634;17.359375;0.0075405836;447.7578;17.374674;0.0114917755;-2.825493;2.0605922;7.424384;5.3637924;6.4624734;0.0;6041.6743;8161.527;-2094.2373;6014.7334;-1966.8134;-543.9622
2000-05-15;9.765259;-1.7479757;-0.6708476;749.7745;1.354734;246.17162;7.443685;0.0032291014;447.7578;7.5276694;0.9248495;-2.8481615;1.0478944;6.433174;5.3852873;2.873622;0.0;5850.5513;7610.048;-2008.5688;6192.8477;-1980.4889;-899.68225
2000-05-16;9.130605;-1.2582906;-0.6072261;749.31195;1.2416301;246.34094;3.1144207;0.0013492903;447.7578;2.9703777;0.2619177;-3.060908;0.38237125;5.7302566;5.347885;1.2459159;0.0;5892.799;7530.8267;-2167.3494;6085.5146;-2126.9177;-952.19336
2000-05-17;8.706706;-2.337077;-0.47158432;748.43945;1.5283928;228.6476;1.3037924;0.0005653302;447.7578;1.4241537;0.1493454;-3.2834904;0.14925003;5.4276886;5.2784085;0.5068593;0.0;6147.524;7794.1543;-2231.1306;6045.148;-2281.5122;-1054.0433
2000-05-18;5.9431458;1.3372091;-0.270195;747.73956;1.4592113;173.83952;0.56103516;0.0002439022;447.7578;0.56966144;11.370037;-2.4005623;2.462715;7.6411066;5.178377;0.20335615;0.0;5084.5903;6421.2554;-1708.5044;6431.9185;-1667.6855;-1320.5455
2000-05-19;5.0332437;1.811676;-0.087621056;745.59515;1.1973761;239.82619;0.24983723;0.00010844072;447.7578;-7.345365e-21;11.016787;-2.6067467;2.6526003;7.7082214;5.0556364;0.093560666;0.0;5036.8364;6346.7275;-1639.6989;6519.604;-1810.8356;-1315.6233
2000-05-20;6.98467;-0.30892944;-0.5287259;749.2298;1.0644065;217.60133;0.10546875;4.573663e-05;447.7578;-7.345365e-21;0.7371361;-3.214009;0.14606118;5.0649195;4.9188585;0.043410808;0.0;6083.7393;7653.761;-2236.895;6012.55;-2232.6833;-1288.6022
2000-05-21;6.7321067;-0.046295166;-0.61628217;752.22906;1.2338277;118.53678;0.042236328;1.835823e-05;435.736;-7.345365e-21;1.383323;-3.1756797;0.25641918;5.0282927;4.7718806;0.017561018;0.0;6034.83;7582.229;-2211.325;6099.4136;-2206.0457;-1210.4333
2000-05-22;8.019664;0.5329692;-0.2956492;753.345;0.99948376;97.888794;0.016438803;6.953875e-06;428.64453;-7.345365e-21;0.3735453;-3.397134;0.059574842;4.676074;4.616499;0.0075139105;0.0;6127.303;7689.4136;-2214.8494;6252.2915;-2359.8767;-1069.0956
2000-05-23;9.265727;-1.426412;-0.112392426;752.2519;1.0981439;106.075745;0.0061035156;2.6226044e-06;428.09375;-7.345365e-21;0.14799833;-3.6470964;0.021912158;4.477069;4.455149;0.0027418137;0.0;6252.0684;7837.4634;-2357.9377;6138.6187;-2533.5166;-989.8433
2000-05-24;10.075917;-2.6616719;-0.1745224;751.0705;1.1743368;110.87952;0.0026855469;1.2318293e-06;428.09375;-7.345365e-21;0.36301017;-3.8341684;0.049471855;4.3403506;4.290909;0.0010170043;0.0;6453.753;8081.5635;-2322.061;6242.5034;-2663.469;-945.3567
2000-05-25;10.829356;-1.0348816;-0.013184865;749.5965;1.5264028;113.856606;0.0007324219;2.78155e-07;428.09375;-7.345365e-21;0.4384565;-3.925452;0.058069825;4.185021;4.126951;0.00033900142;0.0;6310.8813;7894.122;-2321.9478;6252.5054;-2726.881;-987.0722
2000-05-26;9.979523;-1.9106649;-0.4670817;748.72217;1.4835911;169.86177;0.0;-7.3453654e-25;396.44336;-7.345365e-21;0.028419495;-3.828805;0.0035464764;3.968507;3.9649606;0.000115484;0.0;6679.4673;8346.364;-2558.5618;5946.5654;-2659.7434;-1158.3722
2000-05-27;8.745748;-0.6432088;-2.9631932;748.7083;1.3757299;164.4557;0.0;-7.3453654e-25;233.85645;-7.345365e-21;0.21450375;-3.2834225;0.025063753;3.8322508;3.8072019;2.9802322e-05;0.0;6241.9585;7791.507;-2364.3916;6040.6934;-2280.8845;-1364.4333
2000-05-28;9.370789;0.12049357;-3.4171803;750.45166;1.1466762;124.006096;0.0;-7.3453654e-25;108.84861;-7.345365e-21;0.10720968;-3.507171;0.012218952;3.6666691;3.6544652;1.8626451e-05;0.0;6512.8867;8120.8677;-2411.3816;6164.2886;-2436.3145;-1235.4033
2000-05-29;10.695781;1.168223;-0.97919846;751.43604;1.07361;118.361786;0.0;-7.3453654e-25;101.89288;-7.345365e-21;0.04041493;-3.4607425;0.004261732;3.511414;3.5071447;3.7252903e-06;0.0;6326.798;7880.467;-2373.5056;6317.1323;-2404.0623;-1136.8889
2000-05-30;11.7235;-0.39841715;0.00975291;750.76044;1.1812962;124.4336;0.0;-7.3453654e-25;99.99998;-7.345365e-21;0.050389767;-3.6653001;0.005185604;3.3709407;3.3657699;0.0;0.0;6581.412;8189.0176;-2490.1145;6253.808;-2546.162;-1142.5544
2000-05-31;10.492381;0.024536133;0.009979248;750.6307;1.3800179;196.35175;0.0;-7.3453654e-25;99.99998;-7.345365e-21;0.7182658;-3.1313467;0.07149577;3.3027828;3.2312722;0.0;0.0;6087.937;7567.0957;-2285.416;6355.329;-2175.2422;-1347.5155
2000-06-01;11.214803;0.28959146;0.009928386;750.9041;1.0955547;131.91568;0.0;-7.3453654e-25;99.99998;-7.345365e-21;0.02168417;-3.3773267;0.0020861626;3.1055808;3.1034946;0.0;0.0;6394.656;7939.803;-2422.649;6353.581;-2346.1167;-1236.0767
2000-06-02;12.543895;1.0873922;0.009791057;751.9104;1.1388406;100.717285;0.0;-7.3453654e-25;99.99998;-7.345365e-21;0.0012916953;-3.5583918;0.00011920929;2.9814541;2.981335;0.0;0.0;6752.492;8375.345;-2658.5405;6233.944;-2471.8955;-1186.8955
2000-06-03;14.430176;-1.3617554;0.010203044;752.38275;1.2678221;91.66093;0.0;-7.3453654e-25;99.99998;-7.345365e-21;0.0020772214;-3.5998392;0.00017881393;2.86524;2.8650537;0.0;0.0;6583.644;8157.2246;-2594.7068;6426.048;-2500.6877;-959.29224
2000-06-04;15.432007;-0.8100586;0.009951274;751.2845;1.716694;174.23499;0.0;-7.3453654e-25;99.99998;-7.345365e-21;0.38294196;-3.4639072;0.032648444;2.7875602;2.754912;0.0;0.0;6772.792;8382.823;-2727.399;6365.0415;-2406.2612;-1253.0911
2000-06-05;13.109172;0.8789266;0.010045369;749.7099;1.1359044;197.01869;0.0;-7.3453654e-25;99.99998;-7.345365e-21;0.0;-3.1940687;0.0;2.6504695;2.650477;0.0;0.0;6967.914;8615.275;-2925.3071;6066.9854;-2218.8132;-1430.2766
2000-06-06;12.783885;2.6756184;0.010149638;749.3782;1.0739778;95.54425;0.0;-7.3453654e-25;99.99998;-7.345365e-21;0.010188332;-2.5458448;0.000834465;2.5526285;2.5518088;0.0;0.0;5380.19;6644.8877;-2060.1123;6987.28;-1768.5133;-1154.32
2000-06-07;14.545939;0.9350586;0.009854634;749.83136;1.2299773;155.81252;0.0;-7.3453654e-25;99.99998;-7.345365e-21;0.0;-3.137802;0.0;2.4581404;2.4581404;0.0;0.0;6866.9785;8472.651;-2802.9077;6395.1646;-2179.7266;-1427.3434
2000-06-08;14.139282;0.80700684;0.009897868;749.7846;1.1187046;152.69974;0.0;-7.3453654e-25;99.99998;-7.345365e-21;0.00044107434;-2.8970501;2.9802322e-05;2.3688674;2.3688226;0.0;0.0;6919.81;8528.876;-2901.1245;6312.5513;-2012.4833;-1574.5089
2000-06-09;13.75291;2.2709553;0.009946187;750.3965;1.0222099;48.228073;0.0;-7.3453654e-25;99.99998;-7.345365e-21;0.38736463;-2.5794842;0.02926588;2.3136437;2.2843928;0.0;0.0;6316.213;7776.656;-2541.3567;6773.8525;-1791.8822;-1481.4166
2000-06-10;13.323029;5.14446;0.009995778;751.4273;1.4076691;73.51294;0.0;-7.3453654e-25;100.00519;-7.345365e-21;1.8519759;-2.3701544;0.1629293;2.367601;2.2046714;0.0;0.0;5806.8457;7142.0522;-2269.4128;7026.6157;-1646.4667;-1510.1866
2000-06-11;12.92334;5.026377;0.010125478;751.0845;1.3432765;90.35056;0.0;-7.3453654e-25;100.00259;-7.345365e-21;2.3101838;-2.533188;0.2169609;2.3464708;2.1295025;0.0;0.0;5664.882;6960.0923;-2194.611;6975.2144;-1759.7222;-1406.8645
2000-06-12;10.808146;2.2033794;0.010017395;751.7421;1.592542;35.059795;0.0;-7.3453654e-25;99.99998;-7.345365e-21;4.589669;-2.7223582;0.43919683;2.497673;2.0584612;0.0;0.0;5902.8096;7244.9033;-2388.4695;6593.924;-1891.1311;-1625.8445
2000-06-13;10.3133135;-1.2769165;0.010351817;753.514;1.8476351;36.805565;0.0;-7.3453654e-25;99.99998;-7.345365e-21;0.0017285338;-3.158858;0.00011920929;1.990974;1.9908621;0.0;0.0;6946.675;8517.3545;-2867.946;5880.1465;-2194.3533;-1731.7356
2000-06-14;12.421722;-1.5849813;0.009657542;750.63226;1.0221063;101.70935;0.0;-7.3453654e-25;99.99998;-7.345365e-21;0.0;-3.1869152;0.0;1.9259602;1.9259602;0.0;0.0;6979.047;8548.132;-2925.9795;6123.1533;-2213.8433;-1408.5044
2000-06-15;11.249949;1.3524475;0.01037852;751.3835;1.6243552;43.664867;0.0;-7.3453654e-25;99.99998;-7.345365e-21;0.57139397;-2.489278;0.04066527;1.9050539;1.8643737;0.0;0.0;6249.875;7646.979;-2536.4622;6428.543;-1729.2189;-1757.7422
2000-06-16;12.274251;3.1363423;0.010401408;753.3902;1.3050853;110.15629;0.0;-7.3453654e-25;99.99998;-7.345365e-21;1.9958853;-2.6112814;0.16370416;1.9697249;1.8060356;0.0;0.0;6200.0557;7585.1567;-2487.3228;6645.3633;-1813.9689;-1491.1755
2000-06-17;14.175914;1.7468262;0.009811401;753.94476;1.1765107;107.01731;0.0;-7.3453654e-25;99.99998;-7.345365e-21;0.02489984;-2.869645;0.00166893;1.752004;1.75035;0.0;0.0;6204.9243;7590.007;-2523.7917;6748.6323;-1993.4478;-1285.1478
2000-06-18;15.545929;-3.2667744;0.009927114;751.3946;1.4477583;121.28037;0.0;-7.3453654e-25;99.99998;-7.345365e-21;0.0008545814;-2.8097796;5.9604645e-05;1.6969144;1.6968697;0.0;0.0;6925.2275;8470.055;-3022.3252;6325.71;-1951.86;-1556.5422
2000-06-19;14.560455;-5.3301187;0.009858449;748.89355;1.3919677;159.39775;0.0;-7.3453654e-25;99.99998;-7.345365e-21;0.00085234636;-2.3778453;5.9604645e-05;1.645729;1.6456693;0.0;0.0;7086.365;8666.065;-3151.7834;6132.49;-1651.8088;-1962.0544
2000-06-20;13.658305;-3.419871;0.00982666;751.02203;1.3836908;240.56476;0.0;-7.3453654e-25;99.99998;-7.345365e-21;0.0008589939;-2.0218873;5.9604645e-05;1.5968531;1.5967935;0.0;0.0;7072.968;8648.577;-3195.6843;6037.38;-1404.5377;-2212.5432
2000-06-21;14.366923;-6.0614014;0.009937286;752.73615;1.286644;142.22705;0.0;-7.3453654e-25;99.99998;-7.345365e-21;0.001275539;-1.9924343;8.940697e-05;1.5501082;1.5500337;0.0;0.0;7231.448;8841.198;-3623.891;5677.9634;-1384.0789;-1889.5044
2000-06-22;15.677754;-6.154429;0.00951004;752.42505;1.2377594;109.02187;0.0;-7.3453654e-25;99.99998;-7.345365e-21;0.002552789;-1.9251844;0.00017881393;1.5053749;1.5051961;0.0;0.0;7256.6377;8870.841;-3660.7966;5806.1826;-1337.3611;-1761.9645
2000-06-23;15.277374;-6.114054;0.009963989;749.6435;1.2808412;161.09892;0.0;-7.3453654e-25;99.99998;-7.345365e-21;0.0;-1.7854497;0.0;1.462236;1.4622285;0.0;0.0;7216.0386;8820.042;-3526.9922;5976.758;-1240.2922;-1998.8077
2000-06-24;14.453929;-2.800232;0.010005951;748.3963;1.3303936;111.52149;0.0;-7.3453654e-25;99.99998;-7.345365e-21;0.0017166131;-1.6732541;0.00010430813;1.4211237;1.4210045;0.0;0.0;7032.8267;8594.983;-3213.175;6365.521;-1162.3545;-2201.838
2000-06-25;15.199005;-2.361908;0.009699504;748.6014;1.2270912;126.93246;0.0;-7.3453654e-25;99.99998;-7.345365e-21;0.0012898226;-1.6305559;8.940697e-05;1.3815463;1.3814569;0.0;0.0;7026.493;8586.161;-3237.6995;6398.927;-1132.6923;-2212.4045
2000-06-26;15.209554;-2.0195312;0.009942372;748.3242;1.089368;115.93124;0.0;-7.3453654e-25;99.99998;-7.345365e-21;0.00043511385;-1.5118877;2.9802322e-05;1.3436228;1.343593;0.0;0.0;6492.6406;7932.6934;-2930.5955;6752.898;-1050.2578;-2086.3977
2000-06-27;16.082376;-1.470225;0.0098393755;749.5459;1.2283636;131.11992;0.0;-7.3453654e-25;99.99998;-7.345365e-21;0.0017106531;-1.5855302;0.00010430813;1.3073683;1.307264;0.0;0.0;6937.287;8474.881;-3195.0288;6597.348;-1101.4155;-2184.2012
2000-06-28;16.830557;-4.783213;0.009923299;750.4327;1.2772218;149.98601;0.0;-7.3453654e-25;99.99998;-7.345365e-21;0.0;-1.5850942;0.0;1.2722313;1.2722611;0.0;0.0;7088.3276;8658.273;-3446.8289;6353.259;-1101.1122;-2157.8
2000-06-29;17.21589;-4.868927;0.010000865;752.7737;1.2908078;140.6664;0.0;-7.3453654e-25;99.99998;-7.345365e-21;0.0;-1.549067;0.0;1.2386143;1.2386143;0.0;0.0;7112.313;8686.508;-3462.297;6363.9146;-1076.0845;-2122.109
2000-06-30;17.875519;-3.6070862;0.009710948;753.6755;1.1619893;129.88463;0.0;-7.3453654e-25;99.99998;-7.345365e-21;0.002121925;-1.5459154;0.00011920929;1.2063682;1.2062639;0.0;0.0;7129.2715;8706.124;-3536.8826;6404.706;-1073.8955;-2051.7778
2000-07-01;18.365164;-3.4474385;0.009759267;753.01807;1.2084953;168.16478;0.0;-7.3453654e-25;99.99998;-7.345365e-21;0.0008583069;-1.5420308;4.4703484e-05;1.1751354;1.1750907;0.0;0.0;7066.086;8627.834;-3522.5496;6506.03;-1071.1978;-1993.0
2000-07-02;18.807343;-1.2646891;0.009787242;751.72626;1.2131037;100.70089;0.0;-7.3453654e-25;99.99998;-7.345365e-21;0.0019194795;-1.481073;0.00010430813;1.145184;1.1450946;0.0;0.0;6781.61;8279.317;-3189.3032;6961.727;-1028.8511;-1949.1866
2000-07-03;19.105661;3.9187725;0.009708405;751.1001;1.0591068;66.685844;0.0;-7.3453654e-25;99.99998;-7.345365e-21;0.029340386;-1.318669;0.0015497208;1.1178255;1.1162758;0.0;0.0;6132.826;7486.359;-2823.6812;7396.6216;-916.0356;-1866.3811
2000-07-04;17.720541;5.566274;0.009605408;751.9017;1.3252335;72.588234;0.0;-7.3453654e-25;99.99998;-7.345365e-21;0.8942127;-1.3160576;0.05620718;1.1449754;1.0887831;0.0;0.0;5871.701;7166.7856;-2699.7622;7332.3135;-914.2211;-1967.5144
2000-07-05;18.408121;2.1902668;0.010031383;752.36945;1.4989187;41.4193;0.0;-7.3453654e-25;99.99998;-7.345365e-21;0.0026888256;-1.7396016;0.00014901161;1.0623932;1.0622516;0.0;0.0;6784.928;8280.321;-3087.9116;6960.169;-1208.4423;-2089.4312
2000-07-06;18.630035;1.4410807;0.01015981;752.3466;1.4789056;36.65361;0.0;-7.3453654e-25;99.99998;-7.345365e-21;0.021994114;-1.4212579;0.0012814999;1.0377765;1.0365099;0.0;0.0;6503.039;7935.3213;-3001.0317;7096.2524;-987.3;-2105.9055
2000-07-07;18.690796;2.3968303;0.010101318;750.5135;1.2838651;120.42056;0.0;-7.3453654e-25;99.99998;-7.345365e-21;0.02156496;-1.3342779;0.0012516975;1.0129511;1.0116994;0.0;0.0;6347.2524;7744.177;-2954.6968;7229.3555;-926.8789;-2037.8744
2000-07-08;19.641459;-1.3268534;0.0100911455;749.7818;1.4799129;171.31847;0.0;-7.3453654e-25;99.99998;-7.345365e-21;0.014919043;-1.2914072;0.00067055225;0.9884834;0.9878427;0.0;0.0;6670.519;8137.487;-3194.6729;6982.174;-897.0967;-2198.2644
2000-07-09;19.137634;-2.6379497;0.009905498;749.8303;1.2690572;113.56446;0.0;-7.3453654e-25;99.99998;-7.345365e-21;0.0;-1.3190173;0.0;0.9647012;0.9647086;0.0;0.0;7033.6025;8579.271;-3471.9387;6730.1333;-916.2767;-2239.121
2000-07-10;19.550873;1.1960348;0.009869893;748.0286;1.2886516;127.98236;0.0;-7.3453654e-25;99.99998;-7.345365e-21;0.0012904402;-1.2629125;7.4505806e-05;0.94236434;0.9422898;0.0;0.0;6821.989;8320.111;-3317.6138;6941.95;-877.30334;-2168.131
2000-07-11;18.454123;6.7711387;0.010073344;748.7497;1.4400152;82.53431;0.0;-7.3453654e-25;99.99998;-7.345365e-21;2.3035884;-1.3201181;0.14694035;1.0677278;0.92078;0.0;0.0;5933.641;7235.8154;-2552.7817;7659.0767;-917.04224;-2063.0178
2000-07-12;18.523233;6.477234;0.010017395;750.36255;1.7564654;37.765858;0.0;-7.3453654e-25;99.99998;-7.345365e-21;0.21028267;-2.0583217;0.011101365;0.9112656;0.90014935;0.0;0.0;6309.3223;7692.9287;-2683.8428;7373.9683;-1429.8467;-1937.5544
2000-07-13;18.61084;7.534678;0.009890239;751.1919;1.852388;42.3793;0.0;-7.3453654e-25;99.99998;-7.345365e-21;0.0008583069;-1.6434174;5.9604645e-05;0.880152;0.8801073;0.0;0.0;6671.6094;8133.58;-2912.5305;7189.2354;-1141.6278;-2251.4744
2000-07-14;20.422678;4.4295044;0.009796143;750.477;1.1370617;138.17792;0.0;-7.3453654e-25;99.99998;-7.345365e-21;0.0058293333;-1.4068558;0.0002682209;0.8609295;0.86066127;0.0;0.0;6269.7144;7642.6626;-2946.871;7400.874;-977.2967;-1857.0333
2000-07-15;21.13736;0.11466471;0.0100911455;751.5916;1.4377189;132.29192;0.0;-7.3453654e-25;99.99998;-7.345365e-21;0.00085234636;-1.2832712;4.4703484e-05;0.8418858;0.84183365;0.0;0.0;6687.0083;8150.2207;-3237.4155;7193.0967;-891.44556;-2127.5688
2000-07-16;21.521576;0.65323895;0.009539287;752.82764;1.371983;124.96894;0.0;-7.3453654e-25;99.99998;-7.345365e-21;0.0012874597;-1.1555479;7.4505806e-05;0.8237064;0.8236468;0.0;0.0;6243.5166;7607.947;-3087.176;7383.722;-802.7211;-1888.1233
2000-07-17;21.438456;3.725301;0.009679158;753.42944;1.3388985;59.875584;0.0;-7.3453654e-25;99.99998;-7.345365e-21;0.05221367;-1.0674764;0.002115965;0.808239;0.8061379;0.0;0.0;5721.7183;6970.6763;-2758.5305;7731.31;-741.5389;-1812.5588
2000-07-18;21.307434;3.2037964;0.009624481;751.1473;1.2229288;69.35296;0.0;-7.3453654e-25;99.99998;-7.345365e-21;0.004261732;-1.0371096;0.00020861626;0.7894337;0.7892251;0.0;0.0;5751.5776;7005.4775;-2830.9229;7639.4067;-720.44556;-1795.5878
2000-07-19;20.657104;3.1423848;0.010007222;750.4019;1.4050647;90.22959;0.0;-7.3453654e-25;99.99998;-7.345365e-21;0.084728;-0.98745805;0.004440546;0.7773042;0.7728413;0.0;0.0;5701.344;6942.7705;-2785.1194;7525.53;-685.9533;-1940.3467
2000-07-20;20.320028;2.2085266;0.010073344;751.9836;1.4120144;115.3048;0.0;-7.3453654e-25;99.99998;-7.345365e-21;0.019747019;-1.0635872;0.0008046627;0.75775385;0.75692683;0.0;0.0;6398.5566;7789.958;-3044.2834;7306.4634;-738.83887;-2293.4834
2000-07-21;20.950083;1.4940796;0.010215759;754.2478;1.3748313;125.390785;0.0;-7.3453654e-25;99.99998;-7.345365e-21;0.00037252903;-1.1037867;1.4901161e-05;0.7413775;0.7413626;0.0;0.0;6692.9526;8146.491;-3203.4377;7285.769;-766.7633;-2253.4978
2000-07-22;21.647827;0.8226115;0.010007222;755.5662;1.2843827;55.447323;0.0;-7.3453654e-25;99.99998;-7.345365e-21;0.00085234636;-1.0688603;4.4703484e-05;0.7262677;0.726223;0.0;0.0;6353.7837;7732.0483;-3186.6372;7365.6255;-742.50336;-2041.669
2000-07-23;22.065817;-1.7661743;0.010063171;754.566;1.183671;92.46447;0.0;-7.3453654e-25;99.99998;-7.345365e-21;0.0;-1.052104;0.0;0.7115826;0.7115826;0.0;0.0;6312.315;7679.776;-3190.6897;7392.923;-730.86224;-1940.2789
2000-07-24;21.383566;-3.9012043;0.010058085;753.22705;1.4494762;132.21826;0.0;-7.3453654e-25;99.99998;-7.345365e-21;0.00085234636;-1.0031173;4.4703484e-05;0.69747865;0.69743395;0.0;0.0;6385.081;7766.5137;-3323.5308;7114.436;-696.8322;-2123.3132
2000-07-25;20.044321;-5.241394;0.01009496;754.11865;1.383009;133.38019;0.0;-7.3453654e-25;99.99998;-7.345365e-21;0.00043496068;-1.0069255;2.9802322e-05;0.6836951;0.6836802;0.0;0.0;6835.6665;8312.77;-3572.3123;6703.9526;-699.4778;-2346.3057
2000-07-26;19.2359;-1.2651774;0.009724935;754.363;1.210734;60.506733;0.0;-7.3453654e-25;99.99998;-7.345365e-21;0.006008106;-0.95311457;0.00029802322;0.67055225;0.67026913;0.0;0.0;6439.327;7829.122;-3216.103;7062.622;-662.0978;-2227.2156
2000-07-27;19.753326;-0.7469991;0.009890239;754.07;0.9946417;83.72419;0.0;-7.3453654e-25;99.99998;-7.345365e-21;0.22372603;-0.93993545;0.0108629465;0.6681979;0.6573498;0.0;0.0;5689.108;6915.444;-2935.6096;7347.2734;-652.9422;-1800.04
2000-07-28;20.474771;-0.1633606;0.00999705;754.2456;1.0373007;110.24532;0.0;-7.3453654e-25;99.99998;-7.345365e-21;0.40353835;-1.0996442;0.020623207;0.66547096;0.64486265;0.0;0.0;6091.7246;7403.243;-3067.8923;7376.4624;-763.88666;-1868.0122
2000-07-29;21.124899;0.3517456;0.009936015;756.61346;1.1832163;110.61448;0.0;-7.3453654e-25;99.99998;-7.345365e-21;0.06428361;-1.1162777;0.0030994415;0.63577294;0.6327033;0.0;0.0;5732.9917;6965.7534;-2923.0793;7523.315;-775.44;-1701.9556
2000-07-30;21.059347;-2.0090332;0.0099487305;758.2705;1.6274012;41.67081;0.0;-7.3453654e-25;99.99998;-7.345365e-21;0.0008523463;-1.0591819;5.9604645e-05;0.6209016;0.6208718;0.0;0.0;6641.2334;8067.4067;-3362.9338;7072.776;-735.78;-2219.439
2000-07-31;21.68805;-1.9936117;0.010008494;756.71405;1.0045507;79.018906;0.0;-7.3453654e-25;99.99998;-7.345365e-21;0.0069658873;-0.92205405;0.00035762787;0.6096661;0.6093085;0.0;0.0;5913.3945;7181.6978;-3177.4045;7293.394;-640.5211;-1735.6122
2000-08-01;21.904287;-5.2295127;0.009841919;753.9153;1.4147118;170.84822;0.0;-7.3453654e-25;99.99998;-7.345365e-21;0.0012904402;-0.9365445;7.4505806e-05;0.5981922;0.59814006;0.0;0.0;6364.808;7728.081;-3374.9292;7146.3345;-650.5856;-1987.7622
2000-08-02;21.512268;-4.870382;0.010008494;751.7695;1.3607917;193.34212;0.0;-7.3453654e-25;99.99998;-7.345365e-21;0.0012904402;-0.9460831;7.4505806e-05;0.58725476;0.58719516;0.0;0.0;6725.066;8163.6816;-3598.9377;6889.3403;-657.2122;-2192.8354
2000-08-03;19.002838;-8.397462;0.010122935;750.20337;1.5653607;194.71355;0.0;-7.3453654e-25;99.99998;-7.345365e-21;0.0;-0.79643166;0.0;0.57661533;0.57661533;0.0;0.0;6835.505;8295.985;-3718.157;6286.84;-553.25336;-2565.6277
2000-08-04;16.35438;-6.6385803;0.009958903;749.65485;1.281015;118.44199;0.0;-7.3453654e-25;99.99998;-7.345365e-21;0.017881393;-0.80724806;0.0006556511;0.5669743;0.56631863;0.0;0.0;6873.108;8339.69;-3573.5872;6300.208;-560.76776;-2557.8833
2000-08-05;14.553497;1.8466898;0.009764354;751.61615;1.242779;92.94177;0.0;-7.3453654e-25;99.99998;-7.345365e-21;1.8136054;-1.329816;0.089645386;0.64626336;0.556618;0.0;0.0;5002.296;6068.1577;-2400.338;7096.6733;-923.7778;-1841.5144
2000-08-06;14.977203;1.591807;0.010035197;752.7253;1.1325045;113.8859;0.0;-7.3453654e-25;99.99998;-7.345365e-21;0.022381544;-1.0239072;0.0009685755;0.5481839;0.54721534;0.0;0.0;5177.098;6279.0566;-2516.471;7095.799;-711.2744;-1848.6788
2000-08-07;16.303171;3.6174011;0.009937286;753.634;1.0884852;61.074413;0.0;-7.3453654e-25;99.99998;-7.345365e-21;0.13294552;-0.87342036;0.0061541796;0.5441308;0.5379766;0.0;0.0;4958.985;6013.266;-2448.7842;7313.141;-606.73444;-1670.2067
2000-08-08;17.169525;5.325236;0.00972112;755.53156;1.1461875;39.569447;0.0;-7.3453654e-25;99.99998;-7.345365e-21;0.28522015;-0.8477848;0.01399219;0.5429685;0.5289763;0.0;0.0;5023.2896;6090.0366;-2417.6938;7483.5557;-588.9278;-1754.09
2000-08-09;18.463806;2.30956;0.009890239;754.92285;1.4430965;39.122437;0.0;-7.3453654e-25;99.99998;-7.345365e-21;0.002564373;-0.92831814;0.00011920929;0.52022934;0.52011013;0.0;0.0;5820.9165;7055.488;-2859.9956;7228.622;-644.8722;-2013.4489
2000-08-10;18.351522;2.2477925;0.009938558;753.13275;1.6920444;41.605427;0.0;-7.3453654e-25;99.99998;-7.345365e-21;0.0017137545;-0.84107745;8.940697e-05;0.51142275;0.51134825;0.0;0.0;6217.6396;7534.4097;-3006.8752;7105.6323;-584.26776;-2313.4744
2000-08-11;18.32781;6.690969;0.009838104;752.3487;1.6132604;41.744022;0.0;-7.3453654e-25;99.99998;-7.345365e-21;0.16961817;-0.7355455;0.00821054;0.51108;0.5028546;0.0;0.0;5393.6597;6534.5854;-2642.4634;7426.859;-510.96;-2011.2789
2000-08-12;20.714132;2.4070942;0.010116577;753.2713;1.3316427;77.09546;0.0;-7.3453654e-25;99.99998;-7.345365e-21;0.00042617318;-0.90766233;2.9802322e-05;0.49458444;0.4945621;0.0;0.0;6179.2944;7484.6543;-3099.1077;7268.809;-630.5222;-2012.3744
2000-08-13;21.294394;-0.006439209;0.009686788;754.5905;1.3405447;179.70381;0.0;-7.3453654e-25;99.99998;-7.345365e-21;0.0017422307;-0.81501716;8.940697e-05;0.4864931;0.4864037;0.0;0.0;5935.1094;7187.145;-3051.1873;7314.464;-566.1655;-1996.6211
2000-08-14;19.899424;-0.1329956;0.010002136;754.1474;1.5351777;261.2814;0.0;-7.3453654e-25;99.99998;-7.345365e-21;0.0012821911;-0.7586889;5.9604645e-05;0.4785359;0.4784763;0.0;0.0;6134.5938;7427.003;-3109.9412;7105.6606;-527.0356;-2349.52
2000-08-15;18.555868;-4.15625;0.009794871;752.3631;1.1466964;129.19492;0.0;-7.3453654e-25;99.99998;-7.345365e-21;0.0030100336;-0.7863883;0.00013411045;0.4708767;0.47072768;0.0;0.0;6501.0283;7868.95;-3460.871;6659.505;-546.2778;-2231.5923
2000-08-16;18.631866;0.8175252;0.009909312;752.55884;1.1429628;94.260124;0.0;-7.3453654e-25;99.99998;-7.345365e-21;0.00043511385;-0.6859647;2.9802322e-05;0.4631877;0.4631728;0.0;0.0;5425.695;6566.5127;-2841.5417;7260.491;-476.5178;-1893.6833
2000-08-17;18.760763;0.33385214;0.010176341;753.0942;1.3320028;122.90884;0.0;-7.3453654e-25;99.99998;-7.345365e-21;0.0017285338;-0.7127542;8.940697e-05;0.45594573;0.45584142;0.0;0.0;5822.888;7046.4453;-3043.9568;7045.058;-495.12778;-2081.6733
2000-08-18;19.07496;-3.910319;0.010197957;753.7;1.3383309;138.3878;0.0;-7.3453654e-25;99.99998;-7.345365e-21;0.00043001602;-0.7529929;1.4901161e-05;0.44867396;0.44865906;0.0;0.0;6257.7666;7571.6367;-3280.2446;6867.8735;-523.0789;-2201.0679
2000-08-19;19.336386;-2.5046184;0.009780884;753.77997;1.3214107;112.00491;0.0;-7.3453654e-25;99.99998;-7.345365e-21;0.0012814989;-0.73513204;5.9604645e-05;0.44167042;0.4416108;0.0;0.0;6103.5713;7384.2275;-3230.816;6935.683;-510.6711;-2092.7278
2000-08-20;18.740347;0.7243347;0.009989421;753.3609;1.4498085;173.07031;0.0;-7.3453654e-25;99.99998;-7.345365e-21;0.050351024;-0.7125894;0.0024437904;0.43718517;0.43474138;0.0;0.0;6060.4595;7331.243;-3177.9783;6872.6973;-495.0122;-2284.3867
2000-08-21;18.10734;-5.951731;0.00977834;753.72437;1.316214;218.84473;0.0;-7.3453654e-25;99.99998;-7.345365e-21;0.0008583069;-0.721626;4.4703484e-05;0.42809546;0.42805076;0.0;0.0;6400.375;7741.58;-3509.2275;6468.7246;-501.29;-2161.7344
2000-08-22;18.7017;-4.712972;0.009727478;754.7437;1.2568744;126.99579;0.0;-7.3453654e-25;99.99998;-7.345365e-21;0.00044107434;-0.7331073;1.4901161e-05;0.42152405;0.42149425;0.0;0.0;6143.112;7429.415;-3282.547;6843.6055;-509.26556;-2067.1367
2000-08-23;20.022287;-1.7747599;0.010060628;755.4438;1.2268282;131.43233;0.0;-7.3453654e-25;99.99998;-7.345365e-21;0.0017154652;-0.72441995;8.940697e-05;0.41516125;0.41507185;0.0;0.0;6064.9834;7334.1284;-3251.446;6972.7354;-503.23;-2009.7034
2000-08-24;18.668985;-3.0355122;0.00974528;752.7481;1.6072254;157.8969;0.0;-7.3453654e-25;99.99998;-7.345365e-21;0.0;-0.6657662;0.0;0.40882826;0.40882826;0.0;0.0;6191.902;7486.7427;-3357.57;6670.519;-462.48557;-2249.7688
2000-08-25;16.785727;-0.9998067;0.009811401;750.86334;1.4990166;229.30318;0.0;-7.3453654e-25;99.99998;-7.345365e-21;0.0008583069;-0.6045401;4.4703484e-05;0.402838;0.4027933;0.0;0.0;6113.805;7391.4565;-3224.212;6553.5254;-419.95444;-2417.172
2000-08-26;16.624868;-1.1010641;0.009883881;752.3648;1.7302564;204.6422;0.0;-7.3453654e-25;99.99998;-7.345365e-21;0.0017106531;-0.5800612;8.940697e-05;0.39699674;0.39692223;0.0;0.0;6036.082;7296.6294;-3141.9531;6587.717;-402.95;-2401.9622
2000-08-27;16.404135;-1.5883484;0.009838104;753.7133;1.3942451;243.25972;0.0;-7.3453654e-25;99.99998;-7.345365e-21;0.0004351138;-0.58812743;2.9802322e-05;0.39118528;0.39117038;0.0;0.0;5988.308;7238.0137;-3201.5789;6494.7207;-408.55276;-2358.55
2000-08-28;15.904378;-4.715576;0.009559631;751.88947;1.4220079;194.77228;0.0;-7.3453654e-25;99.99998;-7.345365e-21;0.0012718837;-0.59758127;5.9604645e-05;0.38561225;0.38555264;0.0;0.0;6127.939;7405.8677;-3435.5205;6164.3433;-415.12;-2202.351
2000-08-29;15.067017;-2.6914265;0.009699504;749.7349;1.0708007;203.693;0.0;-7.3453654e-25;99.99998;-7.345365e-21;0.0;-0.5895626;0.0;0.38005412;0.38005412;0.0;0.0;6020.213;7274.78;-3363.6475;6205.9673;-409.5489;-2219.7012
2000-08-30;14.123688;-7.435581;0.010122935;747.84576;1.264771;166.88753;0.0;-7.3453654e-25;99.99998;-7.345365e-21;0.0;-0.560279;0.0;0.3746897;0.3746897;0.0;0.0;6099.9526;7370.261;-3541.0168;5817.209;-389.20667;-2203.1777
2000-08-31;12.618571;-6.106313;0.010063171;748.019;1.242884;145.31339;0.0;-7.3453654e-25;99.99998;-7.345365e-21;0.0021338456;-0.52845293;0.00010430813;0.3695637;0.3694594;0.0;0.0;5959.2915;7199.4443;-3301.8887;5951.399;-367.09778;-2318.3088
2000-09-01;12.378876;-5.263326;0.010084788;748.6992;1.1788609;121.384026;0.0;-7.3453654e-25;99.99998;-7.345365e-21;0.0008523463;-0.5352795;4.4703484e-05;0.364393;0.3643632;0.0;0.0;5868.0005;7088.2256;-3182.6147;6110.02;-371.84113;-2243.7366
2000-09-02;13.926829;-4.425303;0.009974162;748.7172;1.1945349;103.9169;0.0;-7.3453654e-25;99.99998;-7.345365e-21;0.0;-0.566246;0.0;0.3593266;0.3593564;0.0;0.0;5839.349;7052.8213;-3220.4883;6239.8843;-393.35223;-2065.9368
2000-09-03;14.833618;-4.9622803;0.010027568;749.1787;1.2184066;120.75614;0.0;-7.3453654e-25;99.99998;-7.345365e-21;0.0004351138;-0.56391305;1.4901161e-05;0.35443902;0.35442412;0.0;0.0;5719.975;6907.803;-3167.9229;6356.2886;-391.7322;-1996.7467
2000-09-04;15.03535;-8.1649475;0.010406494;751.6058;1.244428;116.12228;0.0;-7.3453654e-25;99.99998;-7.345365e-21;0.00085234636;-0.5663615;4.4703484e-05;0.34964085;0.34959614;0.0;0.0;5802.997;7007.2;-3312.0718;6202.2314;-393.43112;-1980.6875
2000-09-05;15.74233;-4.8771873;0.009993236;751.971;1.2396058;88.92443;0.0;-7.3453654e-25;99.99998;-7.345365e-21;0.0014781952;-0.55067986;4.4703484e-05;0.34493208;0.34490228;0.0;0.0;5434.6196;6561.5674;-3042.1821;6544.872;-382.53888;-1825.3212
2000-09-06;15.676534;-5.989817;0.00977834;750.3479;1.3818775;169.68323;0.0;-7.3453654e-25;99.99998;-7.345365e-21;0.00085532654;-0.5438514;4.4703484e-05;0.34032762;0.34029037;0.0;0.0;5624.3735;6789.8804;-3178.9976;6355.412;-377.79556;-2000.4266
2000-09-07;14.399017;-3.6450398;0.010424296;750.9839;1.3403572;226.43483;0.0;-7.3453654e-25;99.99998;-7.345365e-21;0.0;-0.48806518;0.0;0.33581257;0.33581257;0.0;0.0;5371.645;6484.076;-3023.2256;6330.1255;-339.04224;-2041.4989
2000-09-08;14.085368;-7.2478027;0.009897868;754.89166;1.08661;136.12904;0.0;-7.3453654e-25;99.99998;-7.345365e-21;0.0;-0.5228091;0.0;0.33143163;0.33143163;0.0;0.0;5683.2324;6859.358;-3360.705;5943.737;-363.17776;-1895.5712
2000-09-09;15.70165;-9.891225;0.00997289;755.8769;1.2049749;88.98119;0.0;-7.3453654e-25;99.99998;-7.345365e-21;0.00043199616;-0.5564261;1.4901161e-05;0.3271252;0.3271103;0.0;0.0;5674.961;6848.5215;-3485.2473;5977.066;-386.53;-1660.7689
2000-09-10;14.556499;-6.16745;0.009682973;751.65533;1.7158003;101.039246;0.0;-7.3453654e-25;99.99998;-7.345365e-21;0.0036925573;-0.5154926;0.00016391277;0.32305717;0.32289326;0.0;0.0;5593.141;6748.892;-3071.8916;6380.829;-358.09555;-1874.9889
2000-09-11;13.261627;2.6145122;0.009773254;752.0738;1.6219548;46.770786;0.0;-7.3453654e-25;99.99998;-7.345365e-21;0.0021395993;-0.44216588;8.940697e-05;0.31888485;0.31878054;0.0;0.0;4991.61;6022.1924;-2635.6262;6755.2944;-307.15778;-2109.6333
2000-09-12;14.397939;-0.163503;0.009573619;750.52637;1.1856854;164.74583;0.0;-7.3453654e-25;99.99998;-7.345365e-21;0.0012904402;-0.50009227;5.9604645e-05;0.31483173;0.31475723;0.0;0.0;5339.831;6441.785;-2978.6113;6444.1323;-347.39777;-1895.7433
2000-09-13;14.025126;-2.0964763;0.010027568;751.9451;1.2483871;254.48291;0.0;-7.3453654e-25;99.99998;-7.345365e-21;0.0004197414;-0.47025084;2.9802322e-05;0.31080842;0.31080097;0.0;0.0;5341.733;6443.325;-3033.1082;6256.5566;-326.6678;-1975.9355
2000-09-14;13.3672285;-3.0842896;0.010369618;754.373;1.1432948;228.70972;0.0;-7.3453654e-25;99.99998;-7.345365e-21;0.0012844076;-0.46579912;5.9604645e-05;0.30699372;0.30694902;0.0;0.0;5330.4673;6428.9653;-3075.496;6145.719;-323.57443;-1923.9066
2000-09-15;12.771779;-2.5245564;0.00983429;753.64746;1.238402;154.58061;0.0;-7.3453654e-25;99.99998;-7.345365e-21;0.00042790806;-0.44373423;1.4901161e-05;0.30319393;0.30316412;0.0;0.0;5241.214;6320.559;-2978.5356;6168.4077;-308.24777;-1969.3645
2000-09-16;13.810506;-3.1305542;0.010117848;753.2448;1.0393289;104.3562;0.0;-7.3453654e-25;99.99998;-7.345365e-21;0.0;-0.4857201;0.0;0.29946864;0.29945374;0.0;0.0;5281.765;6363.8965;-3112.578;6177.539;-337.41333;-1660.6967
2000-09-17;14.00059;-4.206726;0.0097465515;754.3852;1.2323736;166.56918;0.0;-7.3453654e-25;99.99998;-7.345365e-21;0.00085234636;-0.47037378;4.4703484e-05;0.29584765;0.29581785;0.0;0.0;5219.535;6283.3984;-2994.7017;6318.829;-326.75333;-1791.2789
2000-09-18;13.683278;-2.0819092;0.010098775;755.0081;1.2319447;218.01707;0.0;-7.3453654e-25;99.99998;-7.345365e-21;0.045329332;-0.42149052;0.002115965;0.29438734;0.29227138;0.0;0.0;4724.7656;5682.907;-2682.7463;6492.9243;-292.79556;-1781.3489
2000-09-19;13.0946045;-3.6411235;0.009760539;754.19244;1.15762;97.19648;0.0;-7.3453654e-25;99.99998;-7.345365e-21;0.0;-0.47356915;0.0;0.2887845;0.28879195;0.0;0.0;5163.2617;6204.818;-3037.974;6160.1035;-328.97223;-1707.8778
2000-09-20;14.000752;-1.1089071;0.009911855;753.30975;1.1113647;83.6029;0.0;-7.3453654e-25;99.99998;-7.345365e-21;0.0032782555;-0.4688911;0.00014901161;0.28550625;0.28534234;0.0;0.0;5011.987;6017.802;-2870.5125;6460.8726;-325.72333;-1656.0056
2000-09-21;13.678233;-4.17276;0.009723663;752.68726;1.1576453;176.06236;0.0;-7.3453654e-25;99.99998;-7.345365e-21;0.0;-0.4461268;0.0;0.28198957;0.28197467;0.0;0.0;4957.197;5946.8076;-2979.1162;6225.101;-309.91;-1710.53
2000-09-22;12.972504;-6.282084;0.010308583;754.41943;1.179462;164.57442;0.0;-7.3453654e-25;99.99998;-7.345365e-21;0.0017106531;-0.42735785;8.940697e-05;0.27877092;0.27868897;0.0;0.0;5054.1973;6057.9316;-2987.8367;6086.581;-296.87112;-1749.9989
2000-09-23;12.629578;-5.091268;0.009727478;755.1968;1.2030305;136.4707;0.0;-7.3453654e-25;99.99998;-7.345365e-21;0.0044286246;-0.4138518;0.00020861626;0.27568638;0.27546287;0.0;0.0;4821.0234;5773.503;-2831.7012;6246.797;-287.4889;-1676.8567
2000-09-24;12.659495;-6.751068;0.009719849;754.2487;1.2365072;140.94768;0.0;-7.3453654e-25;99.99998;-7.345365e-21;0.0004351138;-0.4227385;2.9802322e-05;0.27233362;0.27231872;0.0;0.0;4802.799;5746.565;-2862.2766;6230.4365;-293.66223;-1620.3556
2000-09-25;12.169159;-8.289815;0.009919484;754.32184;1.2062286;173.64644;0.0;-7.3453654e-25;99.99998;-7.345365e-21;0.001275539;-0.42115524;5.9604645e-05;0.26926398;0.26920438;0.0;0.0;4965.507;5936.105;-3023.5652;5974.6064;-292.56332;-1702.9534
2000-09-26;11.058187;-7.6158957;0.010064443;752.56396;1.3041528;226.6652;0.0;-7.3453654e-25;99.99998;-7.345365e-21;0.0013035105;-0.3689956;5.9604645e-05;0.26625395;0.2661869;0.0;0.0;4794.783;5727.1245;-2814.6506;5997.729;-256.3278;-1817.2689
2000-09-27;10.556834;-5.507141;0.009922028;751.11505;1.530654;233.88985;0.0;-7.3453654e-25;99.99998;-7.345365e-21;0.0017170587;-0.35361573;8.940697e-05;0.26333332;0.2632439;0.0;0.0;4793.525;5720.6777;-2746.2783;6012.885;-245.64555;-1892.7078
2000-09-28;8.610707;0.6009318;0.0097516375;751.91315;1.2165978;151.5223;0.0;-7.3453654e-25;99.99998;-7.345365e-21;1.7087847;-0.37718192;0.08371472;0.34414232;0.2604425;0.0;0.0;3642.9097;4343.8657;-2063.4077;6462.9795;-262.01556;-1481.1455
2000-09-29;8.052338;0.33911133;0.010164897;752.904;1.3949528;246.54567;0.0;-7.3453654e-25;99.99998;-7.345365e-21;1.5283823;-1.0441803;0.07452071;0.3323257;0.257805;0.0;0.0;3081.994;3671.837;-1747.0784;6578.8257;-725.3567;-1005.3722
2000-09-30;6.963267;-1.6584167;0.010158539;752.40356;1.1530031;187.82672;0.0;-7.3453654e-25;99.99998;-7.345365e-21;0.7699447;-0.7997267;0.040590763;0.29575825;0.25517493;0.0;0.0;4260.0464;5070.828;-2349.0183;5940.0645;-555.54443;-1582.5789
2000-10-01;6.656891;-2.284373;0.009986877;752.1839;1.1296152;62.717545;0.0;-7.3453654e-25;99.99998;-7.345365e-21;0.73851824;-0.8504931;0.03479421;0.2873391;0.25253743;0.0;0.0;3738.727;4446.414;-2022.6444;6352.797;-590.8089;-1173.7755
2000-10-02;5.4803367;-1.5791931;0.010355632;752.1211;1.7032005;40.26657;0.0;-7.3453654e-25;99.99998;-7.345365e-21;1.5635967;-1.1272709;0.07742643;0.3274083;0.24998188;0.0;0.0;3995.8665;4748.218;-2085.9023;6121.1016;-783.07776;-1473.7755
2000-10-03;5.235128;-4.361603;0.010257721;754.33856;1.6880676;34.300354;0.0;-7.3453654e-25;99.99998;-7.345365e-21;0.0008556011;-0.87826884;4.4703484e-05;0.24747849;0.24744123;0.0;0.0;4506.701;5350.588;-2590.9636;5511.065;-610.10443;-1550.7067
2000-10-04;6.882904;-7.1683145;0.009707133;755.11646;1.117278;61.908993;0.0;-7.3453654e-25;99.99998;-7.345365e-21;0.0;-0.89233834;0.0;0.24488568;0.24488568;0.0;0.0;4631.0557;5493.5137;-2753.6677;5500.8813;-619.8778;-1307.3922
2000-10-05;7.9065347;-7.829386;0.010154724;755.9184;0.9086129;93.84616;0.0;-7.3453654e-25;99.99998;-7.345365e-21;0.00042617318;-0.8329628;1.4901161e-05;0.24236739;0.24235249;0.0;0.0;4567.075;5412.9766;-2735.3066;5658.1562;-578.63165;-1232.1844
2000-10-06;8.92627;-5.772013;0.010210673;756.0572;1.0879998;114.56632;0.0;-7.3453654e-25;99.99998;-7.345365e-21;0.0004351138;-0.71211064;1.4901161e-05;0.2398789;0.23984909;0.0;0.0;4573.6274;5416.0884;-2706.4238;5789.8076;-494.68;-1288.039
2000-10-07;9.018646;-8.213328;0.00999705;755.30304;1.0524871;151.66356;0.0;-7.3453654e-25;99.99998;-7.345365e-21;0.00086426723;-0.61918235;4.4703484e-05;0.2374351;0.2373904;0.0;0.0;4494.618;5317.9453;-2778.2695;5720.0405;-430.12555;-1340.66
2000-10-08;8.5884905;-9.035075;0.010175069;754.88324;1.1290992;146.44145;0.0;-7.3453654e-25;99.99998;-7.345365e-21;0.018389706;-0.53888;0.000923872;0.23588538;0.23497641;0.0;0.0;4513.37;5335.5605;-2755.8916;5729.412;-374.34222;-1327.9678
2000-10-09;8.243011;-3.7705688;0.009904225;753.5725;1.2206035;224.5636;0.0;-7.3453654e-25;99.99998;-7.345365e-21;0.23221374;-0.4105624;0.011026859;0.24366379;0.23263693;0.0;0.0;3843.9277;4540.346;-2297.65;6102.507;-285.20444;-1389.9967
2000-10-10;8.297709;-3.8219502;0.009993236;753.4046;1.1025212;166.3876;0.0;-7.3453654e-25;99.99998;-7.345365e-21;0.16176105;-0.44406578;0.0076293945;0.23800135;0.23035705;0.0;0.0;3989.841;4708.646;-2391.4739;5998.154;-308.47778;-1361.7633
2000-10-11;8.532684;-5.8108726;0.010245006;753.2571;1.3848418;129.9882;0.0;-7.3453654e-25;99.99998;-7.345365e-21;0.24649797;-0.4425533;0.011488795;0.23961067;0.22810698;0.0;0.0;4021.9912;4742.539;-2320.8;6110.217;-307.42722;-1366.8323
2000-10-12;7.5048523;-4.2818604;0.010257721;752.9538;0.997571;122.42985;0.0;-7.3453654e-25;99.99998;-7.345365e-21;0.0012953115;-0.48493966;5.9604645e-05;0.2259314;0.2258867;0.0;0.0;4274.63;5036.085;-2575.4434;5824.1636;-336.87112;-1430.2078
2000-10-13;7.1289673;-1.6994222;0.009971619;752.22705;0.9758317;116.36783;0.0;-7.3453654e-25;99.99998;-7.345365e-21;0.12126134;-0.3689062;0.0054091215;0.22912025;0.22371113;0.0;0.0;3534.7222;4160.807;-2081.4717;6307.1323;-256.26666;-1211.5778
2000-10-14;4.8732095;0.5788269;0.009977977;751.4517;0.9702193;59.814808;0.0;-7.3453654e-25;99.99998;-7.345365e-21;3.8545876;-0.6040353;0.21663308;0.43828785;0.22164732;0.0;0.0;2683.095;3155.3323;-1378.4316;6804.2993;-419.60333;-1015.7033
2000-10-15;4.0628867;0.43852744;-0.09236399;753.326;1.4646376;42.84048;0.10335287;1.4265378e-05;101.33982;-7.345365e-21;4.0270267;-0.84761906;0.21667778;0.4363656;0.21968037;9.313226e-06;0.044748187;1888.0194;2218.4443;-1047.1622;6888.6846;-588.80664;-650.0911
2000-10-16;3.9757996;1.0615743;-0.33358765;753.6037;0.90131706;150.51491;0.25813803;3.627936e-05;108.65005;-7.345365e-21;3.453619;-0.94644076;0.1988858;0.41665137;0.21778047;0.018831342;0.0;2265.3088;2664.8628;-1181.08;6728.2393;-657.4422;-661.23444
2000-10-17;3.0181782;0.26010132;-0.30496725;752.22974;0.9253394;109.09967;0.14786784;2.18153e-05;109.491844;-7.345365e-21;4.7981143;-1.2192354;0.3080219;0.5239099;0.21587312;0.012921169;0.00010803342;3077.8232;3617.27;-1455.9216;6504.569;-846.95447;-999.19556
2000-10-18;3.386607;-2.1143596;-5.1803145;752.40283;1.3205283;179.50232;0.086507164;1.2596448e-05;128.39061;-7.345365e-21;0.07682443;-1.2059324;0.0043809414;0.21836162;0.21398067;0.008150935;0.00043213367;3044.564;3575.9927;-1687.1805;6106.5054;-837.7278;-925.2633
2000-10-19;4.817169;-2.0736592;-5.853124;752.57904;1.1300749;248.79942;0.048177082;7.0730844e-06;146.4889;-7.345365e-21;0.0;-1.1094902;0.00029802322;0.21237135;0.21208078;0.0041760504;0.0;3622.7983;4253.0254;-2051.891;5769.6167;-770.7328;-880.00336
2000-10-20;5.8338113;-0.9017232;-3.7131107;752.90283;0.95866567;150.12132;0.025716146;3.8146973e-06;150.70311;-7.345365e-21;0.11532307;-1.1577038;0.0062286854;0.21639466;0.21019578;0.0028312206;0.0;3820.8323;4483.542;-1899.7483;6139.989;-804.2194;-921.63556
2000-10-21;5.768026;-1.138326;-2.88517;752.91425;0.9860417;191.8272;0.01171875;1.5894572e-06;150.70311;-7.345365e-21;1.2850193;-1.0713842;0.06830692;0.27668476;0.20837784;0.0013336539;0.0;2529.75;2967.6223;-1468.5995;6470.11;-744.25555;-689.82
2000-10-22;5.6735635;-3.4532573;-5.9119897;752.21466;0.9211058;204.62273;0.005533854;9.536743e-07;150.70311;-7.345365e-21;0.000834465;-1.1018534;8.940697e-05;0.2066642;0.20656735;0.00067055225;0.0;3828.014;4488.61;-2233.578;5666.6724;-765.4211;-904.1178
2000-10-23;2.5316875;-0.24176025;-2.8672726;750.3465;0.71082526;145.91057;0.7532552;0.00011956692;149.46385;0.7324219;4.088753;-0.99459106;0.22137165;0.426203;0.20481646;0.08468144;0.23483485;2395.3494;2824.8545;-1186.4678;6535.032;-690.88556;-718.0622
2000-10-24;1.9909769;-0.7277527;-1.8135147;749.9641;0.92603666;103.63943;0.9370117;0.0001496474;150.10805;1.0986328;7.3956847;-1.1454784;0.49063563;0.69376826;0.20313263;0.080209225;0.29958785;2871.4783;3379.922;-1205.12;6612.5166;-795.74335;-942.86554
2000-10-25;-0.5463765;-1.58668;-2.2079327;749.42474;0.69812614;95.42246;35.446045;0.005231023;140.29327;36.254883;21.316334;-0.48795623;1.268357;1.4698505;0.20150095;1.3441387;7.384643;781.23114;1278.2123;-600.38666;6678.713;-339.09332;-284.85556
2000-10-26;-2.181712;-5.1979165;-6.234122;751.8577;1.0797055;88.0489;37.264973;0.0055374703;150.5296;36.905926;1.3447787;-0.87609327;0.2513528;0.45123696;0.19990653;1.7289556;0.072631985;2366.787;3610.2256;-1488.5728;5603.9585;-612.2894;-638.87665
2000-10-27;-0.061035156;-6.149302;-7.7803407;753.17316;0.99790746;72.82116;26.30062;0.0038956404;150.73598;25.878906;0.004047155;-0.90076774;0.1551807;0.35347044;0.19828975;1.6162097;0.0;2844.578;3969.649;-1762.4672;5400.484;-626.94775;-544.0578
2000-10-28;-0.6593221;-5.3668113;-7.654902;753.81323;0.9287581;141.29326;17.82601;0.0026485522;150.96288;17.456055;0.36580563;-0.888234;0.120803714;0.31749904;0.19668788;0.99189764;0.0;2774.1377;3624.2866;-1742.1128;5456.12;-619.13336;-596.42444
2000-10-29;1.407786;-4.4361777;-6.9967246;754.5463;0.8963968;97.68946;11.710042;0.0017338196;151.11;11.67806;0.026233582;-0.9660367;0.084385276;0.27948618;0.1951158;0.8542556;0.0;3414.4927;4280.0312;-1999.4294;5371.3623;-671.3222;-554.5
2000-10-30;2.5476582;-6.6131997;-7.1827774;754.68134;0.9202461;72.940155;7.1606445;0.0010592142;151.21124;7.283529;0.012052059;-0.9935424;0.055283308;0.24881959;0.19353628;0.5617496;0.0;2778.2856;3382.5989;-1848.2683;5573.4263;-690.5111;-361.77444
2000-10-31;0.93810016;-5.904795;-5.7699943;752.16644;0.861737;92.72052;4.476644;0.00066490966;151.27147;4.597982;0.5891621;-0.9608492;0.069111586;0.26112795;0.19200891;0.29188022;0.0;2846.4521;3409.1633;-1598.1888;5822.142;-668.1111;-542.1067
2000-11-01;0.3610128;-2.3143208;-4.892199;751.6382;1.0268351;30.66336;5.874105;0.0008792877;147.88768;5.9814453;2.3054805;-0.7478632;0.14969707;0.3402233;0.19054115;0.38417244;0.68333;2086.281;2528.11;-1287.2411;6060.211;-519.8356;-394.87778
2000-11-02;1.522878;-4.631653;-6.0820465;751.5889;0.8681684;67.78358;4.4320474;0.0006548961;151.14842;4.313151;0.000834465;-1.0287762;0.035613775;0.22467971;0.18906593;0.36567822;0.0005736947;2937.7605;3512.338;-1730.4684;5754.972;-715.1511;-589.74335
2000-11-03;0.98495483;-5.5342307;-7.7501082;753.4946;0.8816965;93.068306;2.5791829;0.00038107237;151.18324;2.319336;0.005054474;-0.9064656;0.020727515;0.20833313;0.18760562;0.20983815;0.0;3030.2122;3586.1777;-1893.3639;5478.582;-629.94055;-548.42
2000-11-04;1.1680502;-6.331716;-7.1660485;755.258;0.8790324;65.48896;1.484375;0.00021938483;151.20311;1.3020834;0.0008642673;-0.9194985;0.012755394;0.1989156;0.18616766;0.13135746;0.0;3167.6606;3726.3245;-1939.255;5486.5835;-638.8478;-534.18445
2000-11-05;0.5923462;-7.4774985;-8.229243;753.51556;0.89140326;51.53662;0.84733075;0.00012564659;151.21645;0.9765625;0.0;-0.902989;0.0067055225;0.19145012;0.1847446;0.069864094;0.0;3257.031;3817.5732;-2124.2556;5225.7285;-627.3611;-548.4389
2000-11-06;0.24943034;-7.703369;-8.986301;751.7541;1.0977558;28.87327;0.5058594;7.48237e-05;151.22328;0.28483072;0.0025858982;-0.8885842;0.003695488;0.18703938;0.18334389;0.03696792;0.0;3430.8523;4013.0955;-2325.0557;4950.5522;-617.36334;-573.99
2000-11-07;0.5806885;-8.527974;-9.002861;751.3378;0.89823955;53.2787;0.30745444;4.5458477e-05;151.22655;-7.345365e-21;0.0004351138;-0.7626163;0.00230968;0.18428266;0.18197298;0.023949891;0.0;3414.2495;3988.7834;-2336.1655;4943.48;-529.8;-507.63556
2000-11-08;0.291392;-8.915863;-9.081317;752.52374;0.8458047;92.72024;0.18570964;2.7855238e-05;151.22655;-7.345365e-21;0.0004351138;-0.7151496;0.0013560057;0.18197298;0.18063188;0.013912097;0.0;3250.4912;3794.0566;-2260.5771;4990.7905;-496.815;-510.79556
2000-11-09;0.44284692;-9.393483;-9.28551;752.3338;0.9275937;233.2647;0.11173502;1.6729036e-05;151.22655;-7.345365e-21;0.0004351138;-0.6734338;0.00086426735;0.18016994;0.17931312;0.00878796;0.0;3192.6362;3724.3057;-2246.2622;5003.76;-467.8278;-461.41446
2000-11-10;0.23027165;-11.244095;-10.22593;753.6897;0.920753;214.98524;0.06827799;9.854634e-06;151.22655;-7.345365e-21;0.00086970493;-0.6554117;0.00051409006;0.17853081;0.17801672;0.0048317015;0.0;3345.5378;3900.6746;-2427.3005;4742.78;-455.30612;-478.64777
2000-11-11;1.585795;-9.7332115;-8.654958;756.96295;0.92266554;128.7874;0.040852863;5.841255e-06;151.22655;-7.345365e-21;0.0;-0.6183777;0.0003427267;0.1770556;0.17673522;0.0035408884;0.0;3112.8206;3627.8523;-2061.2373;5230.9956;-429.5711;-364.05444
2000-11-12;2.9709167;-6.875234;-5.748323;754.6889;0.8074086;195.76845;0.022949219;3.5365422e-06;151.22655;-7.345365e-21;0.0008463859;-0.5580038;0.00025331974;0.1757145;0.17547607;0.0020042062;0.0;2774.28;3232.2078;-1575.8123;5866.8657;-387.62946;-328.57224
2000-11-13;1.7449646;-7.7648826;-8.036529;751.39496;0.87189764;160.69978;0.0139973955;2.1457672e-06;151.22655;-7.345365e-21;0.0025808804;-0.7725712;0.0002682209;0.1744926;0.17421693;0.0010747463;0.0;3094.2434;3603.62;-2153.49;5184.851;-536.68225;-494.70776
2000-11-14;-0.12837727;-7.523922;-8.817963;751.61127;0.8531678;62.311863;0.009114583;1.3510386e-06;151.16469;-7.345365e-21;0.0008523463;-0.5834382;0.00011920929;0.17309189;0.17298013;0.0005979091;1.4901161e-05;3110.6738;3621.209;-2166.02;5076.155;-405.29666;-552.54553
2000-11-15;0.03652954;-9.257899;-9.985275;753.3925;0.99922544;40.13246;0.0052897134;2.78155e-07;151.14842;-7.345365e-21;0.0012814989;-0.5554315;0.00011920929;0.1718849;0.17176569;0.00034831464;0.0;3184.1328;3705.8477;-2391.1655;4768.668;-385.84113;-466.90332
2000-11-16;-0.37898764;-9.495102;-10.518775;756.1795;1.4083034;33.913452;0.00390625;-7.3453654e-25;151.14842;-7.345365e-21;0.0;-0.44692868;2.9802322e-05;0.1706034;0.17058104;0.0001937151;0.0;3152.1968;3668.4778;-2428.4844;4674.5635;-310.46777;-467.01666
2000-11-17;-0.11891683;-8.531731;-8.999326;755.55975;1.5028745;30.98792;0.0026041667;-7.3453654e-25;151.14842;-7.345365e-21;0.002136564;-0.32314005;0.00014901161;0.16957521;0.16943365;0.00011920929;0.0;2989.7922;3479.2944;-2105.6494;5039.3965;-224.475;-453.70557
2000-11-18;-0.17967732;-7.0639625;-7.7388077;752.2684;1.1213487;38.178528;0.011311849;1.748403e-06;149.55467;-7.345365e-21;0.028985739;-0.2492955;0.0014156103;0.16972423;0.16829371;0.00027939677;0.00461936;2205.3088;2566.3254;-1661.6677;5480.8867;-173.17833;-323.87445
2000-11-19;-0.3264974;-4.712677;-6.8246474;753.2488;1.0940794;41.156986;0.5085449;7.8956284e-05;140.73663;-7.345365e-21;0.74703395;-0.37439167;0.04018843;0.20737946;0.16719103;0.031344593;0.14315546;2144.1033;2499.9622;-1436.8339;5765.769;-260.15555;-369.13333
2000-11-20;-0.5345459;-4.520809;-6.365242;752.1059;0.7490311;121.99464;0.7366536;0.00011122227;150.09894;-7.345365e-21;0.21280646;-0.29725766;0.013962388;0.18005073;0.16608089;0.036500394;0.036597252;2065.3271;2409.5632;-1396.4495;5811.939;-206.58;-354.74
2000-11-21;-1.5109863;-4.5554795;-6.6181564;749.72876;0.7013988;151.68349;1.6518555;0.0002629757;150.652;1.2613932;1.3645066;-0.49374068;0.068217516;0.23321807;0.1649931;0.040218234;0.34912676;2551.2627;2976.7322;-1542.98;5677.088;-343.09113;-554.4
2000-11-22;-2.054311;-4.584778;-6.9921403;749.21484;0.7244378;158.01537;6.9104004;0.0010871092;149.70082;6.8766274;2.5985777;-0.47987884;0.07843971;0.24238229;0.16392022;0.122755766;1.5336126;2325.64;2742.5056;-1527.8994;5573.8955;-334.0122;-461.68555
2000-11-23;-3.4325867;-5.821055;-5.835604;749.39264;0.69558364;126.448456;17.79663;0.0026857455;145.26332;18.025717;3.3659637;-0.3781095;0.032305717;0.19517541;0.16286969;0.21872297;3.1136684;1590.4255;1967.6455;-957.42944;6069.5776;-266.33;-494.4989
2000-11-24;-4.383494;-5.9374795;-6.214808;750.8496;0.74205184;74.2492;85.84611;0.011689265;123.51984;92.61068;11.019245;-0.15345123;0.033304095;0.1951456;0.16184151;0.31918287;10.738238;808.02057;2316.6367;-743.56445;5899.8555;-119.325554;-190.82889
2000-11-25;-6.2337646;-9.134297;-11.586082;752.5527;1.0183184;58.40678;100.0;0.015389125;141.0003;110.10742;0.014815454;-0.09114854;0.030353665;0.1911819;0.16082823;0.34748763;0.013075769;988.5333;3209.179;-1301.975;4748.039;-72.03222;-62.24222
2000-11-26;-5.9375405;-12.423465;-13.789863;752.7708;1.0923753;60.590733;96.83488;0.014634888;150.81183;97.41211;0.0;-0.098180026;0.07838011;0.23820996;0.15982985;0.85790825;0.0;1194.6045;3512.021;-1508.5839;4281.4624;-76.59889;-14.864445
2000-11-27;-5.0254617;-11.597329;-12.512168;751.7575;0.9349373;121.88825;90.29337;0.013641517;151.58104;89.96582;0.0012926803;-0.14874525;0.08328259;0.24214387;0.15883893;0.901863;0.0;1292.7317;3316.3145;-1492.8116;4470.5806;-113.15;-61.718887
2000-11-28;-4.7208962;-11.285495;-11.077016;752.186;1.0700725;78.87658;83.482506;0.012669603;152.28285;83.37402;0.0008512992;-0.18426868;0.0757575;0.2336204;0.1578629;0.81183016;0.0;1463.1511;3324.9277;-1452.8323;4706.9185;-141.00444;-123.76667
2000-11-29;-3.5513;-10.361226;-7.7103043;752.687;1.0803534;42.00098;74.54956;0.011377971;152.5921;74.74772;1.7258108;-0.110044144;0.17094612;0.32785535;0.15690923;1.6438812;1.005821;1173.0533;2369.8667;-1075.414;5478.4385;-82.08222;-117.41
2000-11-30;-3.1068623;-5.4293313;-1.9652773;749.56274;0.8243325;95.81943;98.524414;0.020646214;143.00128;141.52019;20.301157;-0.19961037;0.28935075;0.4453361;0.155963;0.5362928;17.050274;381.5611;1169.4623;-227.07278;6714.1113;-156.77112;-103.85555
2000-12-01;-3.4461365;-5.481791;-5.4588027;750.75073;0.79721576;89.966736;100.0;0.029765764;152.5449;195.43457;0.07918477;-0.04118681;0.006571412;0.16158819;0.15501678;0.07321313;0.07478148;769.60834;2775.1077;-979.86554;5678.56;-32.77;-99.05
2000-12-02;-6.408938;-9.279592;-9.460661;752.2885;1.0421466;142.91716;100.0;0.029693881;155.64061;190.87727;0.0059843063;-0.028325245;0.004172325;0.15828013;0.15410781;0.058796257;0.0038407743;909.7889;3073.5457;-1168.8983;5040.622;-22.453333;-90.846664
2000-12-03;-8.785945;-12.840938;-12.543048;752.42474;1.2427387;55.07071;100.0;0.02959168;157.35382;188.11035;0.0032782555;-0.016655773;0.008776784;0.16196072;0.15318394;0.09967387;0.0032987446;986.31665;3175.3845;-1209.6589;4707.692;-13.472222;-48.52
2000-12-04;-8.665233;-14.3316145;-13.692561;753.924;1.3087611;23.274612;100.0;0.029440721;158.64484;185.50618;0.0008523463;-0.024994835;0.012755394;0.16504526;0.15228242;0.14630333;0.0;1042.5;3239.46;-1326.7883;4483.9727;-20.107779;-4.653333
2000-12-05;-9.757611;-17.814524;-15.531955;752.303;1.2834488;64.48896;100.0;0.029280385;159.82191;183.26823;0.002685887;-0.042748637;0.010043383;0.16143918;0.15138835;0.11847168;0.00010430813;1079.1061;3243.3733;-1368.5328;4283.3154;-33.85;7.268889
2000-12-06;-7.7135587;-17.295195;-15.240131;751.281;1.2628233;67.65496;100.0;0.02910634;161.14288;180.62337;0.0004351138;-0.05962234;0.009655952;0.16015768;0.15050173;0.12011081;0.0;1112.7794;3268.7334;-1342.2927;4329.795;-47.218887;40.65111
2000-12-07;-6.7621255;-14.660164;-12.908217;748.1116;1.0625228;111.5217;99.913734;0.02889955;162.91144;177.653;0.0;-0.10854937;0.010505319;0.16014278;0.14963746;0.114530325;0.0;969.0722;2773.9067;-1277.5167;4597.925;-85.66778;7.5111113
2000-12-08;-9.121266;-15.165382;-13.876823;748.0539;1.1603438;39.5387;99.57666;0.0287323;164.70766;174.84538;0.0038444996;-0.10704715;0.0025629997;0.15130639;0.1487732;0.033844262;0.0029206276;1124.305;3096.5466;-1189.8055;4590.6055;-84.05111;-26.39
2000-12-09;-7.580822;-10.469592;-7.651193;748.5302;1.7709465;24.189863;99.30143;0.02885274;165.82811;174.27571;1.1781216;-0.20290911;0.0031143427;0.15105307;0.14793128;0.040777028;1.1572726;1083.4539;2911.73;-957.4439;5434.1157;-159.29333;-84.81111
2000-12-10;-6.3208823;-9.150162;-7.6561103;747.56696;1.7829685;23.842653;99.75399;0.03061227;163.55011;187.4593;2.241069;-0.18632598;0.0018924475;0.14899671;0.14709681;0.019006431;2.172008;686.1483;1887.8467;-762.9028;5662.7554;-146.84555;-46.355556
2000-12-11;-5.2927856;-8.383513;-7.050644;745.4029;1.0078484;117.47639;99.825195;0.031569798;164.13702;193.07454;0.1533866;-0.11292659;0.004723668;0.15100837;0.14626235;0.061836094;0.14568493;998.5405;2840.1921;-825.95776;5610.57;-89.05556;-103.63
2000-12-12;-4.7964783;-5.842673;-3.7249691;746.602;0.77763844;215.02252;99.95492;0.033017438;162.98859;202.55534;2.4544895;-0.16161613;0.0020563602;0.1474917;0.14545023;0.009547919;2.2969246;659.3611;1892.16;-549.32;6255.5864;-127.30778;-158.44556
2000-12-13;-6.137614;-8.011088;-5.660559;746.12866;0.6153458;87.3551;100.0;0.036569;155.05531;235.27019;5.9865294;-0.08360576;0.0;0.14466047;0.14463812;0.0;5.9796495;439.805;1331.1522;-362.65;6269.195;-65.83945;-79.36889
2000-12-14;-6.146393;-8.373891;-6.4908547;743.4617;0.9026575;43.2124;100.0;0.04340923;150.97784;286.82455;4.3770995;-0.095736235;0.0;0.14384091;0.14384091;0.0;4.267499;499.39444;1807.8589;-612.7122;5933.439;-75.52722;-87.17333
2000-12-15;-8.581029;-10.531278;-9.048875;744.19305;0.910624;183.58008;100.0;0.044519227;153.27765;290.81216;0.22688119;-0.032952055;0.0;0.14305115;0.14305115;0.0;0.22244826;727.0689;2584.649;-592.2106;5705.702;-25.962223;-125.73778
2000-12-16;-7.9497476;-10.754285;-10.288598;749.83185;0.9053374;221.74721;100.0;0.044784267;154.67674;289.26596;0.21947324;-0.019649975;0.0;0.14227629;0.14227629;0.0;0.21304935;787.23334;2752.0178;-942.93945;5195.9194;-15.635555;-85.325554
2000-12-17;-5.974314;-8.690582;-10.823659;752.7387;0.92556876;153.64526;100.0;0.04492374;156.38312;287.10938;0.10587275;0.008378178;0.0;0.14150143;0.14150888;0.0;0.10120869;769.79944;2633.0623;-788.46;5320.9385;6.3255553;-33.175556
2000-12-18;-3.448761;-4.4898887;-4.142916;752.61896;0.75386864;138.01414;100.0;0.045224905;158.99054;284.4645;0.67846435;-0.03663171;0.007659197;0.14840066;0.14074147;0.10028109;0.66440177;459.70944;1530.7855;-207.11778;6631.0635;-28.905556;-68.407776
2000-12-19;-3.5771382;-4.1024985;-2.2812424;746.393;0.95783406;193.53047;100.0;0.05142967;157.31313;325.76498;10.875805;-0.103833154;0.0026971102;0.14269352;0.13998896;0.0041499734;10.592408;360.63055;1217.8522;-285.87;6681.701;-81.73444;-143.83667
2000-12-20;-5.7515564;-6.743754;-4.4862924;742.5025;0.6719613;182.4673;100.0;0.069127284;147.40883;465.49478;39.7161;-0.12627058;0.0;0.13923645;0.1392439;0.0;39.680756;462.51556;1800.2489;-257.3139;6506.633;-98.08;-182.74445
2000-12-21;-8.377133;-9.859143;-7.0809913;741.6555;0.89706016;212.60437;100.0;0.11090636;138.58363;797.3226;25.388346;-0.074442476;0.0;0.1385063;0.1385063;0.0;25.343754;394.52112;1714.92;-435.19556;6023.574;-57.406666;-126.60333
2000-12-22;-9.70996;-11.409732;-9.811248;746.97406;0.86114615;188.36469;100.0;0.124673925;151.2617;825.76495;0.9806007;-0.015799887;0.0;0.13777614;0.13776869;0.0;0.97183514;601.64777;2598.5134;-874.0711;5234.8047;-10.846666;-81.94778
2000-12-23;-9.449547;-17.751833;-13.222276;746.8618;0.87435704;99.60247;100.0;0.12544625;156.48631;801.7985;1.6452897;-0.041674823;0.0;0.13704598;0.13703853;0.0;1.6397722;664.98834;2792.45;-700.16;5182.0107;-30.657778;-10.561111
2000-12-24;-6.443947;-8.933867;-10.359542;745.0161;0.7443722;169.04204;100.0;0.12705176;160.01918;794.55566;1.6273588;0.013174489;0.0;0.13631582;0.13632327;0.0;1.6156361;453.99167;1871.07;-139.09889;6182.9165;11.351111;-28.217777
2000-12-25;-6.635325;-7.500829;-7.1577706;745.45734;0.7467475;121.07523;100.0;0.13474305;160.40883;838.66376;11.930627;-0.006848015;0.0;0.13561547;0.13561547;0.0;11.921533;276.8561;1144.3345;-319.43167;6200.8755;-4.7355556;-47.734444
2000-12-26;-8.00285;-12.585255;-11.039327;750.84906;1.0715451;48.275608;100.0;0.14041583;162.8294;863.4847;0.0059640133;-0.027429312;0.0;0.13491511;0.13491511;0.0;0.0046789646;726.5628;3048.8823;-1213.6433;4704.3784;-18.514444;-15.942223
2000-12-27;-6.7375436;-17.410295;-15.358153;752.3662;1.0671054;66.61792;100.0;0.14042938;167.3994;839.80304;0.0025718573;-0.024361536;0.0;0.13419986;0.13421476;0.0;0.0;742.7783;3031.8845;-1048.4083;4584.1377;-16.377777;72.64333
2000-12-28;-8.427719;-18.704077;-17.827309;753.04034;1.5397891;5.5173554;100.0;0.14044161;170.79132;823.0794;0.0012814989;-0.013574958;0.0;0.1335144;0.1335293;0.0;0.0;817.56055;3250.9888;-1155.2511;4252.451;-8.0222225;133.77333
2000-12-29;-3.6849937;-16.473328;-16.695992;754.08026;1.2477773;133.63934;100.0;0.14046045;173.8102;809.08203;0.0;-0.012777746;0.0;0.13284385;0.13284385;0.0;0.0;793.58887;3074.9011;-716.45056;4962.872;-7.417778;138.90445
2000-12-30;-3.057986;-18.285475;-15.500417;751.8183;0.7264294;316.21072;100.0;0.14046831;177.18553;793.7419;0.0012874597;-0.029735267;0.0;0.1321733;0.13216585;0.0;0.0;815.465;3083.1267;-1025.3411;4641.067;-20.674444;101.746666
2000-12-31;-5.5940757;-12.346156;-13.500385;749.4805;0.58011204;249.21324;100.0;0.14419802;176.65819;816.2842;5.7142854;0.012543052;0.0;0.13148785;0.13150275;0.0;5.6828337;368.98;1425.9412;-128.31555;5906.173;10.451111;22.126667
2001-01-01;-6.150833;-11.192986;-12.813186;750.7458;1.1106195;18.531075;100.0;0.14623328;178.79848;818.929;0.010704993;0.001062639;0.0;0.130862;0.13083965;0.0;0.0089891255;800.58777;3104.9146;-1100.01;4759.274;3.45;29.053333
2001-01-02;-4.6166854;-13.751889;-12.690394;749.01733;1.069278;63.417206;100.0;0.14631529;182.81053;800.94403;0.4043281;-0.025859103;0.0;0.13017654;0.13019145;0.0;0.10997057;641.1494;2425.4656;-459.0061;5589.191;-17.852222;52.34889
2001-01-03;-5.4960837;-12.239652;-10.244214;747.1363;1.4239126;44.897614;100.0;0.1467324;187.16273;785.2376;0.17373562;-0.037273392;0.0;0.1295507;0.1295507;0.0;0.14586002;567.73944;2102.189;-504.2072;5739.38;-26.882223;40.82
2001-01-04;-4.935266;-10.101628;-9.164233;748.21356;0.89677423;46.715656;100.0;0.14700584;191.84145;767.1712;0.17672777;-0.032633543;0.0;0.12889504;0.12889504;0.0;0.17418712;836.9133;3039.2422;-1036.5305;5209.3545;-22.311111;-20.848888
2001-01-05;-8.41533;-12.2179;-12.049721;748.9461;1.0339974;89.36502;100.0;0.14704104;196.0462;750.97656;0.0019818535;-0.011954457;0.0;0.1282692;0.12826174;0.0;0.000692904;870.18335;3085.0134;-1126.1666;4793.0654;-6.451667;-18.953333
2001-01-06;-9.091779;-13.941407;-14.312275;749.7946;1.0800523;83.12637;100.0;0.14706556;199.31346;738.81024;0.0;-0.0050794333;0.0;0.12764335;0.1276359;0.0;0.0;922.9133;3199.0078;-1199.4316;4518.274;-1.3277777;15.965555
2001-01-07;-10.413125;-15.772344;-16.160965;749.8882;1.5692846;12.549851;100.0;0.14709361;201.98305;729.0039;0.0036388629;0.0015338883;0.0;0.1270175;0.1270175;0.0;0.00020861626;976.96;3310.65;-1300.2572;4251.026;3.7177777;58.133335
2001-01-08;-7.9902077;-15.504933;-16.944262;751.4792;1.7321011;11.981808;100.0;0.1471287;204.27928;720.94727;0.0;-0.0001359731;0.0;0.12640655;0.1263991;0.0;0.0;1019.49554;3379.6655;-1220.8356;4328.193;2.5666666;123.94334
2001-01-09;-5.4413605;-14.937673;-15.62782;753.2341;1.4122801;63.271816;100.0;0.14715393;206.58168;712.93134;0.00215039;-0.012497418;0.0;0.1257956;0.1257956;0.0;0.0;1041.3844;3378.69;-1103.2628;4621.233;-6.8155556;112.06333
2001-01-10;-3.3151577;-14.366638;-13.968476;752.33154;0.8778365;283.69058;100.0;0.1471713;209.1214;704.26434;0.00085532654;-0.028831884;0.0;0.12518466;0.12519956;0.0;0.0;1056.289;3355.2578;-1061.1705;4820.872;-19.406666;69.30666
2001-01-11;-4.8758545;-13.798799;-13.715431;750.0059;0.754894;254.6748;100.0;0.14717984;211.8141;695.1904;0.0021457653;-0.01414679;0.0;0.12458861;0.12459606;0.0;0.0;1091.4022;3397.37;-1330.0;4471.7905;-8.9788885;41.466667
2001-01-12;-7.5459046;-12.823547;-14.564984;749.2116;0.89748;151.65022;100.0;0.14719944;214.28416;687.74414;0.0024288893;0.0018272549;0.0;0.12400746;0.12399256;0.0;0.0016465783;1118.65;3411.9834;-1236.4175;4515.905;3.35;8.004444
2001-01-13;-6.6204505;-8.932994;-12.670532;750.9951;0.81440693;161.95654;100.0;0.14726166;216.6992;680.5827;0.046539307;0.025437213;0.0;0.12341142;0.12341887;0.0;0.042691827;939.99554;2812.828;-768.73224;5280.358;21.176666;-8.3
2001-01-14;-5.6687827;-7.025078;-8.987819;751.3618;0.84827113;272.15408;100.0;0.1473875;219.54034;672.0378;0.138098;-0.011862256;0.0;0.12284517;0.12285262;0.0;0.13069063;847.8661;2495.7544;-491.16473;5958.6567;-7.8533335;-50.31778
2001-01-15;-4.998381;-7.0266023;-6.5022492;751.13214;0.80288357;223.54692;100.0;0.14772408;222.71156;664.14386;0.3633744;-0.06970763;0.0;0.12227893;0.12227893;0.0;0.35943836;856.99835;2504.189;-793.4611;5784.8423;-52.52222;-58.417778
2001-01-16;-5.925878;-8.698021;-7.2405343;751.23364;0.84844023;95.62005;100.0;0.14781757;226.30597;654.09344;0.08419798;-0.08070283;0.0;0.121712685;0.121712685;0.0;0.08030608;744.63666;2142.1511;-819.89276;5628.832;-61.146667;-45.966667
2001-01-17;-5.525158;-9.866178;-8.218165;748.8537;0.8529176;75.12234;100.0;0.14780676;229.6455;644.04297;0.020432472;-0.094327144;0.0;0.12114644;0.12114644;0.0;0.016082078;1080.3961;3061.5532;-1076.5133;5283.662;-70.297775;-54.142223
2001-01-18;-6.5201797;-10.219005;-9.39288;746.9162;0.81903976;148.23988;100.0;0.14779143;232.62726;635.7829;0.020387769;-0.073688105;0.0;0.1205951;0.12058765;0.0;0.018320978;1261.6866;3513.82;-1396.877;4787.6357;-54.555557;-58.72222
2001-01-19;-7.987076;-11.086471;-10.242848;745.20044;0.92773724;50.044632;100.0;0.14779568;235.10902;629.43524;0.0654161;-0.0879243;0.0;0.120043755;0.12002885;0.0;0.060729682;1129.1539;3096.3254;-1152.4828;4996.968;-66.92667;-76.48
2001-01-20;-8.134449;-10.081613;-10.084619;747.034;0.7548866;99.405785;100.0;0.1498607;232.26952;644.9382;5.6658087;-0.04198868;0.0;0.11947751;0.11949241;0.0;5.6611485;854.2194;2366.53;-687.7039;5556.682;-31.77111;-64.17778
2001-01-21;-8.321614;-10.4263525;-9.428931;748.5313;0.7189591;175.64601;100.0;0.15368064;224.89125;683.63446;0.4826665;-0.08146092;0.0;0.11895597;0.11895597;0.0;0.4762374;932.8872;2995.6145;-833.0761;5416.9424;-62.06778;-103.22889
2001-01-22;-9.732426;-12.243768;-10.054703;747.0147;0.8363602;74.89722;100.0;0.15388282;227.26659;677.7344;0.07164478;-0.11034496;0.0;0.11843443;0.11841953;0.0;0.06905198;1007.2928;3191.6145;-1148.1995;4965.8843;-84.51444;-153.57222
2001-01-23;-10.632823;-14.856079;-12.185918;744.97455;0.8954262;53.10263;100.0;0.15414183;228.98761;673.33984;1.8729538;-0.063534826;0.0;0.117883086;0.11789054;0.0;1.8683374;1138.5266;3541.43;-892.37054;5114.62;-47.434444;-130.43777
2001-01-24;-9.297069;-11.35019;-9.668929;745.9748;0.81072456;98.68234;100.0;0.1593492;217.2669;732.8288;4.9488397;-0.08724257;0.0;0.117361546;0.117368996;0.0;4.9439893;563.30554;1977.1211;-307.42334;6005.7324;-67.36222;-115.09111
2001-01-25;-9.932399;-13.036059;-9.444192;744.9661;1.3351778;53.44748;100.0;0.16353388;211.56834;772.46094;6.320535;-0.16193464;0.0;0.116840005;0.116840005;0.0;6.3166695;581.3839;2095.4744;-469.01166;5787.1743;-125.93445;-103.68222
2001-01-26;-11.750436;-15.731002;-10.973168;746.14404;2.1963384;27.680122;100.0;0.1687512;205.62758;821.08563;1.4118433;-0.13926812;0.0;0.11634827;0.116333365;0.0;1.4078729;863.18;3371.881;-1262.2839;4696.3916;-107.16111;-34.104443
2001-01-27;-12.776303;-19.46676;-16.393631;749.3621;1.637767;15.668262;100.0;0.16890132;208.50682;810.62823;0.0013768672;-0.018089078;0.0;0.115826726;0.115826726;0.0;0.00051781535;1067.3289;4056.8555;-1631.9277;3758.4258;-11.698889;7.3166666
2001-01-28;-9.832559;-21.88092;-18.798714;750.16315;1.1953522;84.85883;100.0;0.16890807;210.69757;802.124;0.00085532654;-0.027116388;0.0;0.11532009;0.11532009;0.0;0.0;1069.9272;3967.5388;-1303.1294;4047.9631;-18.714445;74.013336
2001-01-29;-7.9613724;-21.937996;-19.16281;750.3845;1.0445304;64.17031;100.0;0.16890936;212.65656;794.71844;0.0008523463;-0.00474602;0.0;0.11482835;0.1148209;0.0;0.0;1145.8733;4148.3535;-1307.4933;4034.7952;-3.3422222;66.666664
2001-01-30;-7.5517488;-17.525381;-17.844376;752.6037;1.1156639;39.130352;100.0;0.16891718;214.63148;787.59766;0.00087022776;0.011807308;0.0;0.11433661;0.11433661;0.0;0.0;1159.245;4099.493;-1129.789;4408.6206;9.567778;46.774445
2001-01-31;-5.3038993;-14.584245;-15.975909;751.1299;0.9129927;148.0695;100.0;0.1689384;216.86066;779.6631;0.0004351138;0.015690923;0.0;0.11385977;0.11385977;0.0;0.0;1196.3922;4135.1333;-1224.4806;4463.7354;12.643333;30.845556
2001-02-01;-5.8986793;-15.479652;-15.756451;748.3226;0.68187326;274.5788;100.0;0.1689529;219.20734;771.44366;0.0082314005;0.0043064356;0.0;0.113368034;0.113375485;0.0;0.0060796738;1248.905;4221.033;-1323.2855;4322.9844;3.7322223;-4.657778
2001-02-02;-6.612086;-13.105586;-14.665904;746.70337;0.5197981;254.7887;100.0;0.1689816;221.53285;763.46844;0.044345856;0.010022894;0.0;0.1129061;0.11289865;0.0;0.04134327;1147.8367;3795.601;-1023.3911;4787.596;7.8166666;-61.10889
2001-02-03;-6.1265664;-7.807817;-10.256108;743.5463;0.69818;216.26732;100.0;0.17115362;221.13734;773.9258;4.3563423;-0.012835488;0.0;0.11244416;0.11243671;0.0;4.2862186;810.6;2685.891;-221.175;6220.1177;-10.167778;-108.253334
2001-02-04;-6.675939;-9.230709;-8.449489;743.1945;0.78888565;106.500244;100.0;0.17379586;221.09796;786.9873;0.44793686;-0.019973144;0.0;0.111967325;0.111974776;0.0;0.44705346;1115.9883;3941.5227;-1185.5114;5121.12;-15.3133335;-142.22333
2001-02-05;-8.907548;-11.037143;-10.413586;745.6521;0.9330767;88.400795;100.0;0.17401402;224.41893;776.0417;0.26242322;-0.01116097;0.0;0.11152029;0.11151284;0.0;0.2527535;974.0344;3368.42;-1043.4089;5053.8545;-8.444445;-105.99333
2001-02-06;-8.582797;-12.976624;-11.33622;748.8;1.015842;117.376;100.0;0.17410381;227.4391;765.9912;0.013083219;-0.033767894;0.0;0.111073256;0.111050904;0.0;0.009145588;1254.905;4263.4644;-1272.8112;4753.49;-26.175556;-152.45111
2001-02-07;-6.8749175;-10.842349;-11.425331;748.21124;0.9438112;61.205845;100.0;0.17413609;230.28285;757.0801;0.13276249;0.0074673444;0.0;0.11059642;0.11060387;0.0;0.12933463;1205.2256;4004.4773;-1035.5775;5074.211;6.167778;-83.13556
2001-02-08;-6.1026917;-10.041688;-9.3111925;750.9971;1.5063449;31.509964;100.0;0.17446025;232.6992;750.61035;0.24596791;-0.08719228;0.0;0.11014938;0.110156834;0.0;0.23556128;1246.0488;4093.7144;-950.2461;5410.1055;-68.223335;-93.07667
2001-02-09;-5.4380937;-9.029526;-7.8439612;752.1584;1.7999171;28.778564;100.0;0.17468913;235.77733;741.3737;0.705446;-0.10304153;0.0;0.10971725;0.1097098;0.0;0.6939322;1157.3495;3732.0488;-967.1572;5497.602;-80.77556;-66.46
2001-02-10;-4.205732;-7.9434495;-6.86851;753.1237;1.5928837;24.517372;100.0;0.17513995;238.78644;733.9681;0.16795993;-0.10018423;0.0;0.109270215;0.109270215;0.0;0.1622662;1230.2567;3957.0955;-927.6139;5653.0156;-78.39778;-93.93445
2001-02-11;-3.4440792;-8.913326;-6.791635;753.9929;1.5337263;18.148584;100.0;0.17515735;242.44887;723.3073;0.0014483929;-0.063927844;0.0;0.10880828;0.10883063;0.0;0.0005848706;1431.5072;4516.3354;-1675.0078;4722.259;-49.785557;-60.482224
2001-02-12;-3.6867573;-15.191419;-9.820237;753.5283;1.111104;48.269745;100.0;0.17511976;245.5576;713.7451;0.00044107437;-0.037999824;0.0;0.10839105;0.10839105;0.0;0.0;1558.0544;4811.3896;-1833.4819;4268.2827;-29.233334;-19.47
2001-02-13;-3.0324566;-14.537533;-11.133466;751.33124;0.8916536;148.36864;100.0;0.17509365;248.04979;706.4209;0.0012906303;-0.029740855;0.0;0.10795891;0.10796636;0.0;0.0;1597.0211;4834.1094;-1707.6106;4342.8643;-22.763334;-23.36
2001-02-14;-5.4674172;-9.347244;-10.33294;742.0159;0.6623347;200.78096;100.0;0.18112914;239.56313;755.4118;19.777601;0.013715588;0.0;0.10754168;0.10754168;0.0;19.736177;654.2267;2004.1045;-257.93054;6074.4443;10.747778;-16.337778
2001-02-15;-6.3293357;-7.609545;-7.1581473;744.8719;0.83389163;171.21529;100.0;0.2029875;207.9785;975.0163;8.169156;-0.0404045;0.0;0.10710955;0.107117;0.0;8.14509;715.08167;3037.7932;-489.03055;6058.0044;-31.55889;-153.05333
2001-02-16;-6.410108;-8.210541;-7.304113;749.2207;0.71592957;108.9134;100.0;0.20469563;212.17348;966.06445;0.7389968;-0.02409704;0.0;0.106692314;0.106699765;0.0;0.7316135;977.76556;4059.2039;-953.8847;5460.2246;-18.515556;-188.41556
2001-02-17;-6.601237;-9.725539;-8.344391;747.2263;0.8502915;65.93264;100.0;0.20513408;217.33136;944.70215;0.022026455;-0.010659918;0.0;0.10628998;0.10628253;0.0;0.018704683;1132.0566;4598.1655;-1246.9636;5035.73;-7.887778;-177.65889
2001-02-18;-6.753807;-12.567443;-11.25036;744.6756;0.82833165;165.0288;100.0;0.20514543;221.8242;925.94403;0.0009138045;0.0013485551;0.0;0.10588765;0.10587275;0.0;5.9604645e-05;1261.6206;4995.9126;-1536.4828;4389.7944;1.7644445;-115.33222
2001-02-19;-7.3178253;-9.121648;-11.537332;745.69727;1.109098;226.94667;100.0;0.20635855;223.82875;921.7529;5.6123376;0.00833068;0.0;0.10547042;0.10546297;0.0;5.608879;1023.0244;3944.5884;-431.60278;5801.927;6.6833334;-138.00333
2001-02-20;-7.335602;-8.373558;-7.973728;737.8797;0.82091635;184.1781;100.0;0.23799293;194.4889;1226.3184;58.439552;-0.018570572;0.0;0.10505319;0.10506064;0.0;58.406017;204.68777;862.6422;50.073334;6592.3643;-14.556666;-67.01444
2001-02-21;-11.0058565;-13.255244;-8.657028;732.94653;1.5101105;195.8437;100.0;0.28066757;169.78285;1653.483;12.973831;-0.18448383;0.0;0.104665756;0.104658306;0.0;12.963068;794.4361;3456.9739;-593.8981;5675.6377;-144.9311;-362.80667
2001-02-22;-12.734031;-14.951424;-10.753662;739.1928;1.7047558;208.20857;100.0;0.2874697;175.4121;1641.1133;3.9951978;-0.1306776;0.0;0.104263425;0.104255974;0.0;3.9869845;1024.1494;4387.686;-810.5;5245.072;-102.51222;-364.9889
2001-02-23;-10.344654;-11.660721;-10.861281;740.82104;1.2399918;211.58641;100.0;0.30573073;170.12498;1795.166;28.541018;-0.012472272;0.0;0.103875995;0.103868544;0.0;28.537102;293.025;1246.7422;12.401389;6248.97;-9.734445;-96.37778
2001-02-24;-7.350979;-10.01867;-8.801602;747.89233;0.9233878;210.89789;100.0;0.31872693;174.99184;1826.294;0.94175935;-0.033545308;0.0;0.10347366;0.103481114;0.0;0.934504;1077.1583;4625.1943;-723.46387;5658.5054;-25.866667;-216.51666
2001-02-25;-4.3184104;-5.8380737;-6.16061;749.1135;0.71341723;220.1259;100.0;0.31960562;188.0641;1703.8981;0.79637766;-0.046586618;0.0;0.10308623;0.10309368;0.0;0.78872967;907.35834;3798.3167;-347.05084;6424.8633;-36.174446;-191.41777
2001-02-26;-3.4696758;-5.280426;-4.6695457;749.73663;0.8157274;143.792;100.0;0.31991887;202.14809;1586.3037;0.088722326;-0.08694641;0.0;0.1026839;0.10269135;0.0;0.08615106;1188.9377;4863.183;-1042.8774;5667.0176;-63.49222;-186.07777
2001-02-27;-3.2457707;-7.3532767;-5.867232;750.96124;0.91266936;126.7829;100.0;0.31991363;214.01952;1497.3959;0.0023543262;-0.059379265;0.0;0.10228157;0.10228902;0.0;0.00063329935;1000.5739;3952.1978;-1155.2842;5365.2373;-42.81333;-97.8725
2001-02-28;-0.32187906;-9.023468;-7.067106;754.19904;0.84159726;80.695915;100.0;0.3199005;223.1712;1435.5062;0.006537579;-0.088293105;0.0;0.10187924;0.10189414;0.0;0.0;1341.5577;5176.396;-1202.5986;5300.561;-63.44;-75.81555
2001-03-01;1.2489523;-8.226634;-6.613836;755.60724;0.59878504;150.81935;100.0;0.31989852;231.1839;1385.376;0.099501975;-0.07453747;0.0;0.10149181;0.10149181;0.0;0.06399676;1265.8245;4758.3833;-983.6556;5591.3887;-53.12;-59.218887
2001-03-02;-1.0528768;-2.1031086;-2.870824;751.2425;0.835604;220.39618;100.0;0.328722;236.55727;1390.0961;16.300419;-0.0033155084;0.00461936;0.10572374;0.10110438;0.0;9.575646;605.69275;2369.275;-76.67889;6979.776;-0.5388889;-90.727776
2001-03-03;-2.5405781;-4.606028;-0.7459958;750.7818;1.2033485;147.59502;100.0;0.33856013;246.23631;1377.1158;2.2963018;-0.39745682;0.024944544;0.12566149;0.10071695;0.2773665;1.701273;1315.155;4615.488;-1174.515;5782.701;-305.9111;-303.98334
2001-03-04;-1.5427755;-7.305758;-1.5123749;754.2087;1.0639554;86.209984;100.0;0.338612;257.12143;1319.3766;0.0036865473;-0.29599667;0.0;0.10032952;0.10032207;0.0;0.0023841858;1768.6152;5416.4985;-1550.2186;5317.222;-222.81334;-230.11667
2001-03-05;0.93030804;-7.6780496;-1.8325272;753.7769;0.9800758;64.20568;100.0;0.33850336;267.43686;1267.985;0.0008523463;-0.207874;0.0;0.099912286;0.09991974;0.0;0.0;2020.5386;5685.771;-1762.2125;5086.792;-153.26445;-94.83667
2001-03-06;0.3091024;-5.8530374;-1.430715;751.24445;0.8794814;182.21887;100.0;0.33830523;277.7015;1220.6217;0.0008642673;-0.20204857;0.015184283;0.11470914;0.099524856;0.19995496;0.0;2159.317;5658.651;-1752.7058;5121.991;-149.35445;-141.94888
2001-03-07;-0.28050742;-3.9537861;-0.86316425;750.5076;0.8225123;177.83806;100.0;0.33782753;288.87173;1171.9564;0.018060207;-0.25768578;0.04528463;0.14442205;0.099129975;0.50098825;0.00021234155;2263.9026;5525.7837;-1633.961;5327.0044;-193.36111;-182.30779
2001-03-08;-0.63719684;-2.1126812;-0.2775612;747.3599;0.62597674;140.38908;100.0;0.33974746;298.21353;1140.2994;13.260583;-0.17041713;0.66129863;0.7600635;0.098757446;2.0906832;5.719613;1139.735;2702.6162;-347.80554;6880.0005;-130.11555;-170.04666
2001-03-09;-1.0198568;-1.6408361;-0.032108307;745.0931;0.61615664;76.4874;100.0;0.35352805;289.44434;1221.0287;18.553251;-0.13833866;0.36928058;0.46770275;0.09839237;1.5358403;16.222977;449.93652;1453.1147;-193.87805;7039.8535;-107.02889;-121.53
2001-03-10;-1.620046;-5.3218307;-0.26395926;749.47894;1.0541229;38.47819;100.0;0.35913312;289.47525;1242.4723;0.31653464;-0.32654965;0.20493567;0.3029704;0.09801984;1.8155184;0.23756921;1454.0989;4843.8374;-1428.527;5539.046;-246.47778;-183.56334
2001-03-11;-1.7898115;-8.444167;-0.98131436;752.0073;1.1928812;46.752262;100.0;0.35810122;297.90073;1203.8168;0.0025182962;-0.4041763;0.0;0.09764731;0.09764731;0.0;0.0016652048;2085.6362;6002.456;-1871.5433;4941.927;-304.50665;-248.46889
2001-03-12;-0.7571437;-11.754416;-1.4828593;749.6058;0.94144297;107.48846;100.0;0.35793266;306.12012;1170.8578;0.0025689602;-0.31273252;0.0;0.09727478;0.09726733;0.0;0.0;2374.5933;6270.6934;-1983.6294;4817.2183;-231.7111;-143.60889
2001-03-13;-0.08567301;-9.853597;-0.987086;748.5253;0.79095626;163.98598;100.0;0.3577526;314.99707;1137.3698;0.30379295;-0.40443614;0.0;0.09688735;0.09688735;0.0;0.015940517;2290.7822;5629.6577;-1637.5762;5331.7354;-305.83554;-149.68666
2001-03-14;0.48132324;-3.5283916;-0.39520773;747.4263;0.7100062;78.54875;100.0;0.35636315;324.70737;1099.6094;0.46019256;-0.23639667;0.41024387;0.5067736;0.09651482;3.6756732;0.07393584;2093.6365;4868.3047;-1010.5331;6180.7;-175.01111;-171.7911
2001-03-15;-0.82783;-1.5887756;-0.07797877;746.51654;0.89562136;170.65492;100.0;0.35657266;328.042;1087.6058;8.352264;-0.23111328;0.6367713;0.7329285;0.096164644;3.7320201;5.009882;947.8555;2351.8013;-170.43639;7095.9824;-177.84277;-210.46722
2001-03-16;-2.4205627;-3.5833232;-0.099098206;746.6755;1.2215878;217.27037;100.0;0.3595103;323.6683;1110.2701;13.331304;-0.51856226;0.54332614;0.6391406;0.09582192;3.505869;12.010511;1761.47;4799.4966;-893.3778;6278.6226;-399.09723;-439.69888
2001-03-17;-3.3498027;-5.736103;-0.5204442;748.70026;1.047944;161.68242;100.0;0.36773515;312.20215;1178.7924;1.1321992;-0.5160393;0.0;0.09547174;0.09547174;0.0;1.0118448;1744.4111;5821.28;-1339.48;5632.735;-393.73;-363.43555
2001-03-18;-1.4893799;-9.352616;-0.86555225;752.532;1.0685822;70.17768;100.0;0.36751434;319.8187;1150.8789;0.0015825033;-0.4680166;0.0;0.09511411;0.09512156;0.0;0.0011473894;2257.4175;6506.683;-1981.1633;4877.792;-351.2678;-264.62
2001-03-19;0.06453451;-6.374491;-1.0471445;752.4926;1.0854127;88.63018;100.0;0.36733437;328.50748;1119.6289;0.00085532654;-0.31218493;0.0017285347;0.09649992;0.094763935;0.01572445;0.0;2505.5276;6574.6465;-2008.0786;4873.9556;-229.29;-144.64223
2001-03-20;1.2834982;-3.1864421;-0.57459;751.9309;0.97450113;108.06843;100.0;0.36628318;339.11752;1081.9498;0.0009189267;-0.23990777;0.24750829;0.34192204;0.09441376;2.0166078;5.9604645e-05;2635.109;6412.4673;-1703.6753;5320.9146;-172.82777;-160.59334
2001-03-21;0.85266113;-0.1670634;-0.17215347;749.3327;0.89239097;129.81459;100.0;0.36148286;347.87598;1040.568;3.1735778;-0.14159364;1.2951493;1.3892353;0.09408593;6.9916544;0.13552606;1771.65;4078.719;-525.41943;6785.3423;-102.86056;-159.76111
2001-03-22;0.9150899;-0.15266927;-0.044668835;747.0136;0.7756656;175.69914;100.0;0.35205665;351.54263;1002.68555;9.250859;-0.22771768;2.645567;2.739325;0.09376556;11.868471;2.802968;1995.5444;4422.2866;-591.98804;6770.181;-169.05556;-189.21222
2001-03-23;0.5689087;-1.057373;-0.0117327375;742.51935;0.9760816;205.68126;100.0;0.3441442;349.9274;984.61914;9.443688;-0.2697846;3.3956468;3.5048127;0.10919571;11.305416;1.8977597;1924.1694;4670.7363;-543.5369;6824.523;-201.28;-202.23
2001-03-24;-0.8244629;-1.0573324;-0.009892781;739.56757;0.70957446;127.51666;100.0;0.35069004;333.5752;1051.0254;21.364767;-0.10771304;1.5786141;1.6718507;0.093221664;2.8511248;15.062876;474.22888;1577.2012;-111.29361;7155.3154;-82.21333;-136.75667
2001-03-25;-1.2922567;-2.1809895;-0.09345881;739.03815;0.8613877;109.20742;100.0;0.3575221;324.47202;1102.1729;9.254515;-0.17773919;0.7376671;0.83070993;0.09304285;2.423346;6.9100113;772.38165;2614.834;-568.9828;6585.438;-134.47166;-157.28
2001-03-26;0.21670406;-7.7569275;-0.34452438;746.8094;1.0198656;210.86327;100.0;0.3592076;326.63022;1101.1149;0.006684661;-0.50644946;0.08434057;0.17723441;0.09289384;0.48860162;0.00583753;2121.8562;6613.9233;-1548.1178;5459.1123;-378.04;-299.3289
2001-03-27;3.5496216;-3.8486023;-0.3594106;751.28687;1.0702279;102.40807;100.0;0.3563025;335.62695;1063.3951;0.0004351138;-0.26951638;0.8921623;0.98492205;0.09275973;5.025141;0.0;2461.9734;6774.878;-1598.7461;5515.3745;-191.075;-110.30666
2001-03-28;4.6800637;-2.421336;-0.2625351;752.80426;1.0612674;161.45741;100.0;0.34949112;344.46582;1016.60156;0.56254864;-0.29551053;1.5515685;1.6442239;0.09265542;8.130558;0.0;2665.7505;6712.5522;-1291.3445;5966.3564;-210.65555;-84.15444
2001-03-29;3.0291138;2.0737507;-0.0037409465;749.51337;0.9805749;255.53035;100.0;0.33681813;350.6061;962.93134;1.8027428;-0.14019385;4.099101;4.2446256;0.14549494;16.334614;0.0;2159.9739;5095.168;-362.0939;7122.7974;-96.27333;-148.1011
2001-03-30;2.6281738;-2.302419;-0.124176025;749.196;1.097983;237.90074;100.0;0.32043803;353.16635;909.1797;0.40367842;-0.46988577;4.2019186;4.356742;0.15481561;15.565388;0.0;2704.2512;6077.075;-1348.9553;5910.0728;-350.32333;-136.42778
2001-03-31;3.7995098;-1.6384379;-0.35103354;753.3588;0.8749493;183.14867;100.0;0.30851826;360.25455;858.39844;0.0008721452;-0.3086757;2.8106272;2.9382408;0.12761354;10.695731;0.0;3109.4443;6743.165;-1562.2114;5646.528;-221.21278;-127.064445
2001-04-01;3.9756775;-1.633555;-0.25797653;758.1277;1.0959029;103.68909;100.0;0.2949352;368.14908;803.0192;0.0060349703;-0.2670828;4.3990016;4.538864;0.1398623;15.221871;0.0;3193.305;6736.1094;-1562.8772;5675.5366;-188.21777;-107.3
2001-04-02;5.980184;-4.7693076;-0.28569794;756.4046;0.93854785;144.68718;100.0;0.27934384;375.65463;745.6462;0.0008553266;-0.36309752;4.979916;5.2051992;0.22529066;15.836178;0.0;3325.1184;6865.8726;-1475.9417;5817.0845;-260.8322;-57.294445
2001-04-03;5.072947;0.28831992;-0.16286087;752.9111;0.9362177;195.91205;100.0;0.26398954;382.96548;691.36554;5.483672;-0.20842907;5.7432055;5.928919;0.18571317;15.233358;0.0;2668.0173;5418.5923;-683.14;6731.0703;-146.3361;-70.024445
2001-04-04;3.4303486;2.645396;0.0072924295;752.9489;0.81885964;209.08252;100.0;0.2510254;385.98535;651.48926;25.02116;0.03101118;12.910917;14.367684;1.4567524;11.849583;0.0;916.9911;1835.6444;164.47223;7581.9688;27.19;-28.396667
2001-04-05;4.168813;1.5524698;0.0043818154;750.7359;0.77761155;140.81422;100.0;0.23701453;387.0316;613.64746;17.878801;-0.05414523;11.735484;12.810424;1.0749624;13.893221;0.3700927;1485.8628;2946.7322;-162.89806;7279.1113;-34.984444;-45.33889
2001-04-06;1.0664572;-2.3427937;-0.1865565;749.22235;1.0809754;161.8647;100.0;0.22218616;386.43164;576.416;2.578336;-0.6364342;7.2804394;8.857369;1.5769229;16.251694;0.34744292;3086.2473;6307.9326;-1395.0242;5864.1104;-481.7089;-275.4878
2001-04-07;0.40168253;-5.4008584;-0.5783017;749.6521;0.9244887;107.08671;100.0;0.21045093;393.80566;535.7666;0.001937151;-0.7748995;2.9221773;3.1009912;0.17880648;9.237677;0.0019595027;3476.7534;7009.72;-1756.6294;5353.701;-586.9511;-249.85445
2001-04-08;-0.10245768;-3.1509197;-0.3697497;747.2974;0.64892435;90.578636;100.0;0.20388325;395.8776;515.2181;9.602922;-0.28380007;2.9598475;3.1906664;0.23080409;7.084049;7.1748495;2132.8484;4257.0703;-867.3222;6342.817;-210.15445;-128.07333
2001-04-09;-0.8765361;-2.642456;-0.15144221;745.8598;0.9310829;123.52713;100.0;0.20161648;378.9873;533.08105;3.1897278;-0.43072367;3.697887;3.9706974;0.27282536;8.117746;0.30455738;2183.4094;5788.618;-925.8164;6341.9443;-322.84222;-313.1411
2001-04-10;0.47003174;-2.0961812;-0.23270416;748.29614;1.3289583;168.62215;100.0;0.19289164;385.34766;501.95312;0.60133934;-0.5444409;3.2108724;3.474027;0.26313215;9.408384;0.0006817281;2635.65;6497.412;-895.1178;6404.617;-407.18668;-299.15555
2001-04-11;0.47072348;0.079427086;-0.0178833;747.5427;1.0279684;227.5023;100.0;0.1854821;379.8877;488.24057;21.088451;-0.08889288;8.496642;9.757042;1.2603998;10.1488495;8.218072;1169.8817;2859.7412;-130.92416;7241.448;-63.398888;-147.34889
2001-04-12;-1.288035;-1.7898865;-0.14905803;745.39655;1.2224277;204.95982;100.0;0.18501075;355.75815;519.57196;5.9779224;-0.33762866;3.5056324;3.870368;0.36474317;6.2766633;2.1125264;1850.6156;5564.888;-817.3958;6421.9033;-252.32777;-394.9522
2001-04-13;-0.7462972;-4.7840476;-0.4788208;747.81665;1.1774853;135.19458;100.0;0.18002295;359.33658;501.05795;0.22492121;-0.6225379;1.9045174;2.3167133;0.41219592;5.7410746;0.0018402934;2417.5566;6700.77;-1393.9569;5687.1475;-467.785;-302.7978
2001-04-14;1.4686584;-3.5976257;-0.7231636;749.0933;1.0840124;134.67943;100.0;0.17281203;368.52832;469.1162;0.38080406;-0.40828997;2.5910437;3.0743928;0.48334897;8.097321;0.003054738;2980.2388;7553.822;-1763.1328;5339.479;-296.63223;-173.80333
2001-04-15;1.1906738;-1.5043335;-0.2542661;750.08984;1.2079422;210.08356;100.0;0.16760392;368.8506;452.96225;4.235345;-0.43422544;3.451064;3.9709659;0.51989406;8.95482;1.8095877;2179.9045;5588.6987;-866.76556;6385.47;-324.7311;-170.48445
2001-04-16;2.1763508;-1.9567362;-0.35552597;750.6345;1.2159593;190.95433;99.00863;0.15609188;373.46713;417.31772;0.37986636;-0.49107894;5.014405;5.5978003;0.5834177;13.186078;0.0012740493;2853.1355;6796.7974;-1400.5205;5865.646;-361.67;-155.17555
2001-04-17;1.9523214;-2.7353008;-0.7103996;750.38947;1.107499;143.761;97.131836;0.14427555;381.26498;377.4821;0.82103676;-0.5546371;4.5251846;5.1823854;0.6572008;11.106632;0.00016018748;3204.2;7151.452;-1652.6888;5524.459;-408.33444;-179.91333
2001-04-18;2.876292;-1.1600851;-0.64542264;750.436;1.1396054;159.29335;95.67025;0.13118339;390.3724;334.67612;0.6529689;-0.39266235;6.156638;7.5998306;1.4431924;13.945263;0.0;3086.4155;6567.433;-1355.4514;5900.8936;-279.90112;-162.30888
2001-04-19;3.2396443;-1.2894897;-0.60731;748.27954;1.5811601;141.59932;94.7369;0.11617553;399.22104;289.67285;1.9393613;-0.68064594;6.525889;7.468283;0.94237924;15.355494;0.000603497;3323.4138;6829.5845;-1333.7458;5964.809;-503.02945;-155.9589
2001-04-20;3.3079326;-2.1723225;-0.8321419;748.5579;1.2401663;137.86664;94.217285;0.10010453;406.77994;244.71028;2.0074248;-0.563954;7.128686;8.71867;1.5899837;16.223364;0.0;3535.395;7098.3096;-1515.7617;5745.3276;-409.86722;-177.95555
2001-04-21;3.6119893;-2.4713542;-0.9428444;749.68463;1.0641189;109.64847;93.96411;0.08272449;412.36264;199.4222;1.446262;-0.54707754;7.9072714;9.871647;1.9643754;18.18315;0.0;3629.1838;7157.4683;-1650.4625;5590.3813;-393.63443;-193.44778
2001-04-22;5.2913513;-0.21439616;-1.4120928;751.6254;1.0852072;145.17639;92.10465;0.06399826;418.03647;152.1403;0.11885464;-0.36683863;7.4476004;8.989498;1.5418977;18.961136;0.0;3538.9495;6851.1133;-1434.262;5857.278;-256.6122;-186.25333
2001-04-23;4.684611;0.7583618;-0.7927208;752.3687;1.309819;143.81717;88.27881;0.04520412;423.02084;106.11979;2.6535273;-0.5299859;8.317247;10.761797;2.444528;18.158045;0.0;2978.5562;5582.0396;-728.3247;6721.105;-379.36444;-142.82
2001-04-24;5.825165;-0.18634033;-0.8879153;751.55865;1.38764;152.25563;64.29525;0.027526816;431.05762;63.720703;2.4061084;-1.0043299;7.881835;10.463551;2.5817156;16.845398;0.0;4084.3784;6793.001;-1305.8228;6300.411;-704.8578;-339.06888
2001-04-25;2.2614238;-0.99937946;-1.6178919;748.35516;1.0916533;211.83679;41.71997;0.018142382;426.35092;41.381836;5.423653;-0.6932355;3.1534135;5.722493;2.5690794;4.5639052;0.035777688;2194.0718;3231.8188;-937.55194;6356.489;-486.5161;-217.15445
2001-04-26;2.6810505;-3.176117;-1.3297462;747.61865;1.3956791;152.60963;28.190836;0.012091597;421.833;27.913412;1.0152042;-2.061191;2.5228858;5.4321885;2.9092953;6.9247746;0.007301569;5368.218;7439.8374;-1821.3864;5854.0015;-1450.5739;-1041.6111
2001-04-27;3.6430461;-3.8200684;-2.4026043;750.2741;1.3037182;129.27933;16.134521;0.0069328547;422.01367;15.82845;7.4505806e-05;-2.156036;1.1780113;4.3225737;3.1445622;3.8492568;0.0;5302.993;6977.5923;-2130.4258;5529.154;-1506.9933;-918.1589
2001-04-28;5.583822;-3.1058147;-2.068245;751.2478;1.0995393;87.62988;8.484782;0.0036118825;422.01562;8.341472;0.030845404;-2.5810544;0.82191825;4.1074305;3.2855198;2.8804913;0.0;6161.3384;7867.015;-2440.8384;5514.0977;-1793.8077;-879.76886
2001-04-29;7.3199973;-2.9867146;-1.3932953;752.1164;1.1008136;93.662964;3.7984211;0.0016119083;422.02213;3.9876301;0.023420705;-2.9416046;0.37235022;3.7112832;3.3389404;1.4016777;0.0;6025.657;7559.9995;-2353.0803;5771.312;-2043.7766;-813.9667
2001-04-30;8.288707;-3.010976;-1.2304102;752.4966;1.0727592;123.174644;1.6229655;0.00068748;422.02344;1.7496744;0.35353303;-2.9730537;0.21097064;3.5505593;3.3396034;0.6145239;0.0;5812.217;7238.7334;-2328.582;5875.988;-2065.4556;-824.3189
2001-05-01;6.6879783;-1.4723715;-0.7369639;750.0203;1.3567895;124.173454;0.7255046;0.00030875206;419.4147;0.9765625;0.26080906;-2.534818;0.09766221;3.426507;3.3288672;0.24021417;0.0;4879.1343;6063.319;-1595.2067;6552.87;-1761.0667;-967.38666
2001-05-02;4.133667;2.0601094;-0.19302113;745.2884;0.7977242;89.37216;0.58219403;0.00020281474;389.3584;0.40690103;23.404503;-0.9160154;5.546823;8.859038;3.3122077;0.088673085;0.048357993;1373.3694;1707.9634;-550.56586;7194.549;-636.29114;-215.68889
2001-05-03;3.1582234;2.661214;-0.039052326;743.60986;0.7963162;168.11108;0.42285156;0.00014193852;384.2184;-7.345365e-21;16.367853;-0.79436415;4.9422083;8.235991;3.2938123;0.066209584;0.0;1190.25;1480.9116;-218.60611;7553.507;-551.7789;-371.20557
2001-05-04;1.6349487;0.27438354;-0.30182394;746.5576;0.99995345;151.01353;0.45662436;0.00012207031;304.68555;0.36621094;9.668375;-1.898991;2.6227088;5.9096518;3.286943;0.057458878;0.15817024;3745.4146;4665.1436;-963.2758;6922.062;-1319.1989;-1296.7744
2001-05-05;2.2163188;0.85254925;-1.9288191;749.5432;0.9728868;118.46417;1.9037272;0.00027032694;146.5996;1.953125;11.064961;-2.0325482;3.4177752;6.705433;3.2876506;0.4875362;0.15110895;4072.8188;5121.201;-1209.0225;6695.8955;-1412.0723;-1207.2644
2001-05-06;3.8099976;-0.64979047;-2.4490993;748.8111;1.1801056;148.41678;0.41503906;5.7737034e-05;150.91795;0.32552084;2.8485358;-2.7815402;0.750348;4.068881;3.3185408;0.109221786;3.3527613e-05;5944.7544;7431.382;-1940.9998;6181.3843;-1932.3722;-1589.0144
2001-05-07;5.6046243;0.04341634;-2.7308362;744.7458;1.1635883;195.16264;0.107910156;1.4980634e-05;149.19171;-7.345365e-21;2.7148008;-2.6581194;0.6312281;3.976792;3.345579;0.029239804;0.0;5361.918;6704.098;-1930.253;6253.028;-1846.5244;-1333.0278
2001-05-08;2.5630596;0.81844074;-1.1457825;743.47906;1.3257788;207.36794;0.08935547;1.4821689e-05;150.20473;-7.345365e-21;7.37733;-2.2408385;1.5750378;4.9260855;3.3510625;0.0045895576;0.043421984;4304.2446;5387.2954;-1036.4845;6904.702;-1556.6378;-1536.26
2001-05-09;1.344696;0.6074931;-0.09343592;744.1696;1.0901512;204.57375;3.542155;0.00060943764;153.20604;3.9876301;9.523928;-1.970401;1.8404871;5.191535;3.3510551;0.3573075;1.6739256;3243.8977;4097.6865;-623.18445;7187.259;-1369.0266;-1187.4623
2001-05-10;2.8315022;0.15152995;-2.0013123;747.91925;1.0112776;162.48148;5.292562;0.00076742965;151.81606;5.3710938;9.335995;-2.349126;2.6648045;6.0108604;3.3460782;1.0845587;0.26715174;5043.884;6461.358;-1673.6727;6300.16;-1633.0255;-1523.0155
2001-05-11;3.9354553;-0.85512286;-4.194815;748.5589;1.2392538;249.07715;1.9910482;0.00028375784;152.32648;1.9938151;3.9586723;-2.5139506;1.080513;4.4181795;3.337659;0.45647472;0.0;5361.037;6795.69;-1976.4789;5991.418;-1746.8878;-1386.99
2001-05-12;5.532725;-2.7385151;-3.9778366;749.1961;1.3898948;180.84106;0.41056314;5.821387e-05;152.33592;0.32552084;0.7679343;-2.8407164;0.1784563;3.5043955;3.3259244;0.09927526;0.0;5418.799;6832.9033;-2083.4155;5999.6787;-1973.4333;-1099.6067
2001-05-13;7.8213906;-0.20234172;-2.8602245;752.6562;1.3008181;210.35014;0.074788414;1.056989e-05;152.3434;-7.345365e-21;0.3467083;-2.964953;0.06689876;3.3759177;3.3090189;0.02058968;0.0;5688.231;7172.803;-2017.1017;6272.8945;-2059.6655;-1108.5911
2001-05-14;8.201579;1.4358011;-1.7990481;753.208;1.1450691;209.0544;0.011474609;1.7086664e-06;152.34373;-7.345365e-21;2.4953253;-2.364273;0.42651594;3.7134588;3.286943;0.0029020011;0.0;4219.992;5327.872;-1455.4994;6822.941;-1642.3822;-790.10333
2001-05-15;9.434631;2.987386;-1.5842628;751.09955;1.554125;149.51102;0.001546224;2.3841858e-07;152.34373;-7.345365e-21;2.3214996;-2.9878812;0.45898557;3.7184656;3.25948;0.0006556511;0.0;5141.9146;6500.6323;-1849.3756;6609.1274;-2075.581;-887.99335
2001-05-16;7.389364;1.5476786;-4.616343;752.47626;1.2279738;213.46857;0.0;-7.3453654e-25;130.64288;-7.345365e-21;0.053634644;-3.4014025;0.008746982;3.2339096;3.225155;8.195639e-05;0.0;6221.217;7857.1655;-2374.1394;6024.3354;-2362.84;-1334.5056
2001-05-17;6.809774;-1.5884501;-3.196373;752.38654;1.0908484;143.43716;0.0;-7.3453654e-25;106.28091;-7.345365e-21;0.00042617318;-3.4943168;7.4505806e-05;3.1848848;3.1848252;7.4505806e-06;0.0;6766.4937;8536.802;-2877.0195;5359.1235;-2427.3867;-1203.8112
2001-05-18;6.102834;-0.8415324;-0.096398674;752.38226;1.0415827;108.83596;0.0;-7.3453654e-25;100.062805;-7.345365e-21;1.4555603;-3.0025039;0.20879507;3.3486485;3.1398609;0.0;0.0;6089.7393;7674.688;-2357.824;5878.0234;-2085.74;-1444.5645
2001-05-19;6.510081;-1.249705;0.010022481;752.0134;1.1417087;177.27684;0.0;-7.3453654e-25;99.99998;-7.345365e-21;0.12686849;-3.259956;0.01719594;3.1077266;3.0905156;0.0;0.0;6386.0273;8039.48;-2520.4277;5721.0835;-2264.5833;-1375.5167
2001-05-20;7.8706055;-0.53600055;0.010050456;752.1833;1.0464381;169.11269;0.0;-7.3453654e-25;99.99998;-7.345365e-21;0.40039718;-3.3704937;0.05145371;3.0878782;3.0364246;0.0;0.0;6598.838;8298.572;-2571.2766;5805.649;-2341.37;-1308.9323
2001-05-21;7.2414956;2.2198486;0.010016124;751.36237;1.2118915;124.54425;0.0;-7.3453654e-25;99.99998;-7.345365e-21;3.2651007;-2.7516363;0.47507882;3.454417;2.9793382;0.0;0.0;5593.239;7026.46;-2006.6317;6405.894;-1911.47;-1351.7078
2001-05-22;8.778157;1.7286783;0.010111491;752.9587;0.9384771;112.17936;0.0;-7.3453654e-25;99.99998;-7.345365e-21;0.52601695;-3.0638912;0.06492436;2.98509;2.9201655;0.0;0.0;5388.6924;6761.927;-1941.2833;6556.4097;-2128.3828;-968.87
2001-05-23;10.902771;3.3310955;0.009913127;752.9494;0.9997793;128.20488;0.0;-7.3453654e-25;99.99998;-7.345365e-21;0.08383393;-3.4277458;0.0099390745;2.8676538;2.857715;0.0;0.0;6276.6055;7868.0376;-2396.3262;6308.0186;-2381.141;-1033.9656
2001-05-24;11.1533;1.9215393;0.009918213;749.78076;1.2904587;160.08084;0.0;-7.3453654e-25;99.99998;-7.345365e-21;0.032126904;-3.5157642;0.0036358833;2.7968585;2.7932227;0.0;0.0;6109.8574;7650.8364;-2315.9517;6380.487;-2442.2834;-1026.3
2001-05-25;8.523163;0.116872154;0.009928386;749.3958;1.330554;85.20461;0.0;-7.3453654e-25;99.99998;-7.345365e-21;0.14151633;-3.345404;0.015176833;2.7428567;2.7276874;0.0;0.0;6217.253;7776.8433;-2430.8506;6121.541;-2323.9412;-1267.9711
2001-05-26;10.261128;-0.9024455;0.009900411;751.8462;1.1155616;67.92744;0.0;-7.3453654e-25;99.99998;-7.345365e-21;0.00085532654;-3.5752468;8.940697e-05;2.6614518;2.6613622;0.0;0.0;6766.2285;8454.804;-2663.7595;5989.2646;-2483.6055;-1207.8611
2001-05-27;11.734477;1.2367758;0.010042827;753.4427;1.0798165;105.1351;0.0;-7.3453654e-25;99.99998;-7.345365e-21;0.123173;-3.4419029;0.012300909;2.606854;2.594553;0.0;0.0;6342.2866;7916.5767;-2474.1956;6352.3223;-2390.9744;-1029.09
2001-05-28;11.889791;-0.8576457;0.010073344;750.86523;1.4421242;176.54076;0.0;-7.3453654e-25;99.99998;-7.345365e-21;0.022059677;-3.4860904;0.002130866;2.5301723;2.5280342;0.0;0.0;6372.315;7945.799;-2481.9128;6318.7974;-2421.6711;-1158.5377
2001-05-29;7.466146;1.2296448;0.009933472;746.27905;1.0146698;203.63745;0.0;-7.3453654e-25;99.99998;-7.345365e-21;8.734929;-2.163494;1.033768;3.497839;2.4640634;0.0;0.0;3918.2239;4879.93;-1692.1072;6548.541;-1502.9066;-878.8456
2001-05-30;7.9622397;0.72976685;0.009844462;746.92633;0.99740106;180.47871;0.0;-7.3453654e-25;99.99998;-7.345365e-21;0.8045435;-3.1307116;0.0795573;2.4808197;2.40127;0.0;0.0;6118.453;7612.952;-2348.15;6117.2183;-2174.8022;-1374.1511
2001-05-31;8.32137;-1.8494669;0.009914398;749.35724;1.3687843;162.45119;0.0;-7.3453654e-25;99.99998;-7.345365e-21;0.82353747;-3.276649;0.07916987;2.4176836;2.3385139;0.0;0.0;6486.3154;8062.1465;-2555.2273;5880.471;-2276.18;-1477.1256
2001-06-01;10.533447;-2.8117778;0.009852092;753.8491;1.0029582;134.80687;0.0;-7.3453654e-25;99.99998;-7.345365e-21;0.00042617318;-3.692627;4.4703484e-05;2.276495;2.2764504;0.0;0.0;7007.65;8701.032;-2920.9277;5704.4473;-2565.145;-1120.1322
2001-06-02;12.962544;-0.67626953;0.0098012285;754.78613;1.1541361;103.90717;0.0;-7.3453654e-25;99.99998;-7.345365e-21;0.0;-3.7634652;0.0;2.2151172;2.2150948;0.0;0.0;6912.3667;8573.634;-2768.228;6115.941;-2614.3533;-1022.82666
2001-06-03;14.415935;-1.0054932;0.010444641;755.3786;1.2165563;214.83522;0.0;-7.3453654e-25;99.99998;-7.345365e-21;0.0008523463;-3.7710462;8.940697e-05;2.1550357;2.154961;0.0;0.0;6869.2793;8511.234;-2750.8972;6308.8755;-2619.62;-990.04224
2001-06-04;15.078725;-0.47286987;0.010152181;753.3609;1.140237;197.08246;0.0;-7.3453654e-25;99.99998;-7.345365e-21;0.0012874597;-3.6000125;0.00010430813;2.0962505;2.0961463;0.0;0.0;6896.3794;8535.813;-2788.6611;6383.047;-2500.8088;-1096.3077
2001-06-05;14.322225;-0.67542523;0.009894053;748.4743;1.3571215;202.30438;0.0;-7.3453654e-25;99.99998;-7.345365e-21;0.0;-3.294522;0.0;2.0388663;2.038859;0.0;0.0;6978.3174;8628.146;-2951.5122;6145.845;-2288.5945;-1391.4211
2001-06-06;12.27773;-1.8631287;0.01000468;746.23236;1.564078;222.48358;0.0;-7.3453654e-25;99.99998;-7.345365e-21;0.0;-2.8910582;0.0;1.9833148;1.9833221;0.0;0.0;7015.395;8664.881;-3021.3228;5888.2744;-2008.3212;-1760.9089
2001-06-07;10.777476;-2.4082844;0.010080974;748.09406;1.181441;195.28021;0.0;-7.3453654e-25;99.99998;-7.345365e-21;0.00043511385;-2.605701;2.9802322e-05;1.9295514;1.9295067;0.0;0.0;6972.4507;8602.785;-2976.5806;5875.648;-1810.0934;-1955.0656
2001-06-08;11.97702;-1.2098389;0.009802501;748.68195;1.129446;179.23671;0.0;-7.3453654e-25;99.99998;-7.345365e-21;0.0008583069;-2.636657;7.4505806e-05;1.877293;1.8772185;0.0;0.0;6994.23;8620.604;-3033.4395;5992.729;-1831.5978;-1728.7189
2001-06-09;11.65211;-2.0438435;0.010223389;748.75275;1.4413137;193.41106;0.0;-7.3453654e-25;99.99998;-7.345365e-21;0.0004351138;-2.4332628;2.9802322e-05;1.8264949;1.8264577;0.0;0.0;6891.193;8484.661;-2889.8545;6160.231;-1690.3055;-1925.8445
2001-06-10;9.505412;1.9394735;0.00989151;751.3611;1.4196755;88.78882;0.0;-7.3453654e-25;99.99998;-7.345365e-21;3.9615808;-1.9320213;0.3580898;2.1359324;1.7778426;0.0;0.0;5553.0684;6829.8154;-2368.9077;6485.9165;-1342.11;-1709.6211
2001-06-11;11.086609;-0.9171651;0.009962718;752.21027;1.8697408;36.959026;0.0;-7.3453654e-25;99.99998;-7.345365e-21;0.0013003618;-2.9728003;0.00010430813;1.7311722;1.7310828;0.0;0.0;6910.265;8490.408;-2844.581;6022.7676;-2065.1045;-1726.6056
2001-06-12;11.287476;-1.5697937;0.010098775;752.4589;2.021289;33.25566;0.0;-7.3453654e-25;99.99998;-7.345365e-21;0.00085234636;-2.6696491;5.9604645e-05;1.6853362;1.6852766;0.0;0.0;6943.2407;8522.033;-2875.0105;6037.676;-1854.5155;-1932.0778
2001-06-13;12.668559;-1.160024;0.009936015;753.31244;1.773932;30.890219;0.0;-7.3453654e-25;99.99998;-7.345365e-21;0.0004351138;-2.5842228;2.9802322e-05;1.6408563;1.6408265;0.0;0.0;6947.5107;8518.378;-2913.3132;6183.3774;-1795.1733;-1829.7134
2001-06-14;14.594869;-0.9765218;0.00982666;753.2309;1.4298239;36.977337;0.0;-7.3453654e-25;99.99998;-7.345365e-21;0.00043511385;-2.5419872;2.9802322e-05;1.5976429;1.5976131;0.0;0.0;6941.519;8502.176;-2978.8977;6389.0874;-1765.8334;-1661.0677
2001-06-15;15.821411;-2.3782349;0.0100364685;750.89105;0.9989953;65.88573;0.0;-7.3453654e-25;99.99998;-7.345365e-21;0.001758337;-2.3767464;0.00012665987;1.5558004;1.5556738;0.0;0.0;6751.509;8260.846;-3044.939;6508.226;-1651.0466;-1535.85
2001-06-16;16.247507;-3.704773;0.009999593;746.7678;1.236108;113.15572;0.0;-7.3453654e-25;99.99998;-7.345365e-21;0.00052452076;-2.1567569;2.9802322e-05;1.5151203;1.5150905;0.0;0.0;6904.3506;8446.764;-3132.2944;6428.5435;-1498.2278;-1796.0667
2001-06-17;12.704305;-2.3164673;0.009890239;743.6785;1.6954694;177.1311;0.0;-7.3453654e-25;99.99998;-7.345365e-21;0.13441253;-1.6508158;0.0086426735;1.4847666;1.476109;0.0;0.0;6621.735;8099.971;-2782.6394;6461.08;-1146.7667;-2517.8157
2001-06-18;11.379313;-0.8542684;0.01003774;746.53345;1.0584513;155.39175;0.0;-7.3453654e-25;99.99998;-7.345365e-21;0.002259016;-1.442032;0.00014901161;1.4390945;1.4389455;0.0;0.0;5737.3237;7017.169;-2488.97;6652.3364;-1001.73114;-1993.9944
2001-06-19;12.515503;2.0537312;0.00978597;750.64655;1.116788;117.79422;0.0;-7.3453654e-25;99.99998;-7.345365e-21;0.15588105;-1.5498717;0.010117888;1.4131814;1.4030784;0.0;0.0;6054.2646;7403.8047;-2613.6428;6724.35;-1076.6444;-1994.0922
2001-06-20;14.761536;1.8849996;0.00977834;753.097;0.8727183;104.04642;0.0;-7.3453654e-25;99.99998;-7.345365e-21;0.04721284;-1.8387772;0.0030398369;1.371026;1.3679862;0.0;0.0;6572.564;8036.6465;-2846.455;6797.37;-1277.3367;-1891.2722
2001-06-21;16.680908;1.4937032;0.009573619;753.9939;0.98995143;94.50333;0.0;-7.3453654e-25;99.99998;-7.345365e-21;0.0033825636;-1.9005965;0.00020861626;1.3338923;1.3336688;0.0;0.0;6777.099;8285.711;-3027.1782;6815.183;-1320.2822;-1883.9377
2001-06-22;17.691874;-2.556783;0.010228475;753.35126;1.2745405;182.59767;0.0;-7.3453654e-25;99.99998;-7.345365e-21;0.0;-1.8395464;0.0;1.3004243;1.3004243;0.0;0.0;7076.364;8650.469;-3440.5466;6371.0723;-1277.8722;-1978.8456
2001-06-23;16.712301;-4.8150535;0.009890239;751.8538;1.2936131;139.91084;0.0;-7.3453654e-25;99.99998;-7.345365e-21;0.0008523463;-1.7021056;5.9604645e-05;1.2683868;1.2683496;0.0;0.0;7222.823;8828.38;-3656.0605;5997.6445;-1182.3978;-2011.8177
2001-06-24;16.7548;1.5442301;0.009689331;751.10297;1.1651455;70.793816;0.0;-7.3453654e-25;99.99998;-7.345365e-21;0.0012814989;-1.667738;8.940697e-05;1.2373477;1.2372658;0.0;0.0;6888.2485;8418.309;-3115.5322;6769.145;-1158.5211;-2039.7644
2001-06-25;18.297995;1.5475668;0.010112762;750.42676;1.249196;113.08517;0.0;-7.3453654e-25;99.99998;-7.345365e-21;0.0012814989;-1.6710404;7.4505806e-05;1.2071729;1.2070984;0.0;0.0;6952.317;8495.532;-3227.6973;6776.996;-1160.8167;-2084.4468
2001-06-26;17.559591;-1.9543966;0.00983429;750.0408;1.3097931;174.65831;0.0;-7.3453654e-25;99.99998;-7.345365e-21;0.00084907;-1.5729331;5.9604645e-05;1.1780262;1.177974;0.0;0.0;7071.072;8639.539;-3382.2383;6477.0146;-1092.6633;-2234.8289
2001-06-27;16.974314;-1.8413595;0.009765625;750.1938;1.2014252;160.30586;0.0;-7.3453654e-25;99.99998;-7.345365e-21;0.0;-1.5404876;0.0;1.1498183;1.1498183;0.0;0.0;7053.2896;8616.669;-3382.365;6466.275;-1070.1256;-2228.9756
2001-06-28;16.191864;-3.6927795;0.010192871;749.6994;1.463325;146.2096;0.0;-7.3453654e-25;99.99998;-7.345365e-21;0.0;-1.4660563;0.0;1.1225939;1.1225865;0.0;0.0;7055.959;8618.822;-3379.851;6373.9785;-1018.4211;-2357.9434
2001-06-29;15.598439;-3.0274353;0.010000865;749.5363;1.2472106;127.54461;0.0;-7.3453654e-25;99.99998;-7.345365e-21;0.0012868259;-1.4334861;7.4505806e-05;1.0963082;1.0962412;0.0;0.0;7004.3;8554.581;-3340.4255;6404.933;-995.79553;-2325.0322
2001-06-30;15.971446;-1.067454;0.009946187;750.2712;1.2564398;88.35668;0.0;-7.3453654e-25;99.99998;-7.345365e-21;0.0;-1.4276783;0.0;1.070708;1.070708;0.0;0.0;7051.0117;8610.523;-3347.3955;6486.8906;-991.7589;-2279.2266
2001-07-01;17.22581;0.7269592;0.01003774;750.4832;1.2806693;117.18026;0.0;-7.3453654e-25;99.99998;-7.345365e-21;0.0017216252;-1.4008023;0.00010430813;1.0460615;1.0459572;0.0;0.0;6988.1797;8532.721;-3303.6948;6618.3057;-973.0911;-2301.19
2001-07-02;16.096537;-2.9695537;0.010088603;750.0166;1.3474866;157.73236;0.0;-7.3453654e-25;99.99998;-7.345365e-21;0.0;-1.3321917;0.0;1.0220706;1.0220706;0.0;0.0;7087.13;8652.378;-3385.5383;6418.8813;-925.43;-2498.5356
2001-07-03;16.156076;-3.1758118;0.010082245;750.1206;1.1912183;119.8634;0.0;-7.3453654e-25;99.99998;-7.345365e-21;0.002157768;-1.3420172;0.00011920929;0.99903345;0.9989217;0.0;0.0;7010.1206;8557.239;-3352.5789;6508.1606;-932.25555;-2362.7822
2001-07-04;16.703909;-0.28204346;0.009858449;749.32965;1.271196;124.56197;0.0;-7.3453654e-25;99.99998;-7.345365e-21;0.0023186207;-1.2871549;0.00011920929;0.9766221;0.9765029;0.0;0.0;6772.749;8266.414;-3225.2222;6671.642;-894.1445;-2294.52
2001-07-05;17.02999;0.4366455;0.010035197;749.1028;1.2841406;112.6041;0.0;-7.3453654e-25;99.99998;-7.345365e-21;0.00079870224;-1.2950665;4.4703484e-05;0.9548068;0.954777;0.0;0.0;6932.3496;8460.141;-3290.703;6670.7866;-899.6389;-2344.9167
2001-07-06;17.126017;1.8864645;0.00981013;749.34155;1.2811543;114.08725;0.0;-7.3453654e-25;99.99998;-7.345365e-21;0.0008702277;-1.2190305;4.4703484e-05;0.93376637;0.9337291;0.0;0.0;6690.9688;8164.5156;-3186.445;6748.8643;-846.82;-2338.6445
2001-07-07;17.126871;0.067850746;0.009770711;750.0982;1.2791644;118.13879;0.0;-7.3453654e-25;99.99998;-7.345365e-21;0.0;-1.2558066;0.0;0.9133518;0.9133443;0.0;0.0;6962.245;8494.452;-3304.2134;6678.229;-872.3678;-2380.591
2001-07-08;16.544067;0.51656085;0.009831746;749.69415;1.3365475;155.86049;0.0;-7.3453654e-25;99.99998;-7.345365e-21;0.0044941898;-1.1212025;0.00020861626;0.89386106;0.89363754;0.0;0.0;6526.371;7961.5156;-3113.605;6766.8574;-778.86224;-2389.1355
2001-07-09;16.03714;-1.33137;0.010114034;748.4243;1.1763597;143.23207;0.0;-7.3453654e-25;99.99998;-7.345365e-21;0.0008702277;-1.1670291;4.4703484e-05;0.87460876;0.87456405;0.0;0.0;7032.8745;8578.433;-3391.4368;6453.511;-810.69556;-2520.781
2001-07-10;16.342184;-0.1252238;0.009947459;748.241;1.1287093;117.473366;0.0;-7.3453654e-25;99.99998;-7.345365e-21;0.0045776363;-1.1317674;0.00020116568;0.8562505;0.85603446;0.0;0.0;6589.595;8036.63;-3138.5105;6798.3013;-786.2011;-2309.25
2001-07-11;16.791708;0.69401044;0.009946187;748.7088;1.1653813;106.897766;0.0;-7.3453654e-25;99.99998;-7.345365e-21;0.0150203705;-1.0712352;0.0006854534;0.83881617;0.8381456;0.0;0.0;6255.511;7628.1167;-3023.8484;6909.9478;-744.1511;-2153.8767
2001-07-12;17.37207;2.758484;0.009755452;749.40204;1.1552467;83.643486;0.0;-7.3453654e-25;99.99998;-7.345365e-21;0.0695237;-1.0473533;0.0028908253;0.823766;0.82089007;0.0;0.0;5996.028;7310.8354;-2837.7512;7174.3936;-727.5611;-2030.1511
2001-07-13;18.2128;1.5763754;0.010108948;750.01276;1.2087957;97.57394;0.0;-7.3453654e-25;99.99998;-7.345365e-21;0.0024020672;-1.0314798;0.00010430813;0.8042753;0.80417097;0.0;0.0;5830.322;7107.952;-2861.33;7201.7;-716.5344;-1908.5577
2001-07-14;18.247244;4.1548867;0.010222117;751.9965;1.2586781;61.902264;0.0;-7.3453654e-25;99.99998;-7.345365e-21;0.07128483;-1.029266;0.0036656857;0.7916093;0.7879585;0.0;0.0;5896.3936;7187.557;-2763.3162;7360.5483;-714.99664;-2031.4867
2001-07-15;18.371155;4.680359;0.009974162;753.48315;1.2460307;47.635426;0.0;-7.3453654e-25;99.99998;-7.345365e-21;0.059637427;-1.0195897;0.0029951334;0.7752031;0.7722154;0.0;0.0;5683.186;6926.792;-2676.2722;7461.683;-708.2744;-1929.2855
2001-07-16;17.846598;5.073232;0.010203044;751.4939;1.4561415;47.948208;0.0;-7.3453654e-25;100.00259;-7.345365e-21;0.29748678;-1.0005162;0.015884638;0.7728934;0.7570237;0.0;0.0;5464.2256;6658.425;-2501.6047;7567.3975;-695.0244;-1957.5867
2001-07-17;15.102702;6.623596;0.010114034;747.43134;1.3816833;60.42928;0.0;-7.3453654e-25;99.99998;-7.345365e-21;6.492991;-1.3027861;0.43074787;1.1731982;0.74243546;0.0;0.0;4982.9556;6070.7217;-2239.308;7453.3784;-905.0022;-1831.9589
2001-07-18;12.062572;7.756907;0.009824117;746.48553;1.2740196;62.732548;0.0;-7.3453654e-25;100.00519;-7.345365e-21;13.495189;-2.2660933;0.99249184;1.7213076;0.72882324;0.0;0.0;4572.1245;5568.7783;-1918.1278;7192.83;-1574.1794;-1359.3733
2001-07-19;13.654704;3.1202595;0.010164897;748.6683;1.0515618;136.53665;0.0;-7.3453654e-25;99.99998;-7.345365e-21;0.06866455;-3.9000204;0.0042021275;0.7197559;0.71555376;0.0;0.0;6271.6313;7637.214;-2309.2646;6930.4624;-2709.2144;-1175.8256
2001-07-20;15.308766;4.208557;0.009963989;751.22784;1.1403497;105.04245;0.0;-7.3453654e-25;99.99998;-7.345365e-21;0.31352043;-3.390206;0.018075109;0.72039664;0.70233643;0.0;0.0;5956.489;7251.8735;-2267.2556;7141.871;-2355.0632;-1126.3123
2001-07-21;13.816823;7.102417;0.009744008;751.88763;1.1675946;69.88824;0.0;-7.3453654e-25;99.99998;-7.345365e-21;5.9420676;-2.907779;0.436455;1.1259913;0.68953633;0.0;0.0;5675.912;6908.6665;-2184.9778;7185.055;-2019.9366;-1392.4756
2001-07-22;14.967102;7.008199;0.010147095;752.3408;1.2385485;34.622746;0.0;-7.3453654e-25;100.00519;-7.345365e-21;0.24624765;-3.0345564;0.014230609;0.6915182;0.6772727;0.0;0.0;5486.9717;6677.243;-2139.4766;7181.6133;-2108.0044;-1111.1733
2001-07-23;16.926462;6.0754395;0.010080974;753.2529;1.5279241;36.7354;0.0;-7.3453654e-25;100.00779;-7.345365e-21;0.0008642673;-3.3721776;4.4703484e-05;0.66517293;0.66512823;0.0;0.0;6513.2227;7924.3574;-2554.5686;6990.2524;-2342.54;-1339.1967
2001-07-24;18.576233;6.158179;0.009773254;753.0305;1.4178387;41.776905;0.0;-7.3453654e-25;99.99998;-7.345365e-21;0.0;-3.101902;0.0;0.6530583;0.6530732;0.0;0.0;6636.878;8072.9165;-2679.8206;7113.0415;-2154.7878;-1380.669
2001-07-25;19.427725;6.956228;0.01001358;752.4997;1.3057741;53.265976;0.0;-7.3453654e-25;99.99998;-7.345365e-21;0.004965963;-2.54043;0.00023841858;0.6415546;0.6413087;0.0;0.0;5949.173;7234.8657;-2467.415;7465.346;-1764.7522;-1310.1777
2001-07-26;20.385489;6.911631;0.009744008;753.0342;1.3019551;66.02831;0.0;-7.3453654e-25;99.99998;-7.345365e-21;0.056925416;-2.1589751;0.0029951334;0.6329268;0.6299168;0.0;0.0;5771.801;7017.595;-2410.5105;7702.4854;-1499.7689;-1395.7611
2001-07-27;20.220816;6.2226157;0.009999593;754.519;1.3427519;60.565296;0.0;-7.3453654e-25;99.99998;-7.345365e-21;0.09457171;-1.7567501;0.0045746565;0.6233603;0.6187856;0.0;0.0;5767.2417;7010.474;-2534.7844;7660.98;-1220.3556;-1614.6744
2001-07-28;20.919413;4.6986594;0.009774526;755.00116;1.3586707;62.357082;0.0;-7.3453654e-25;99.99998;-7.345365e-21;0.123637915;-1.5062448;0.0065863132;0.614509;0.6079301;0.0;0.0;5961.0854;7244.5054;-2719.6204;7611.306;-1046.3378;-1737.4323
2001-07-29;20.913025;3.9987895;0.009755452;754.9424;1.284338;63.897446;0.0;-7.3453654e-25;99.99998;-7.345365e-21;0.00655055;-1.3297424;0.00035762787;0.597626;0.59728324;0.0;0.0;5961.81;7243.7007;-2820.574;7556.6167;-923.7267;-1799.6967
2001-07-30;21.247488;2.0140686;0.009999593;754.18945;1.2088856;64.52499;0.0;-7.3453654e-25;99.99998;-7.345365e-21;0.002032518;-1.2556669;8.940697e-05;0.58695674;0.58685243;0.0;0.0;6244.2607;7585.161;-3061.9033;7400.809;-872.27;-1862.8066
2001-07-31;21.405375;0.75097656;0.010079701;753.6382;1.1896707;84.49457;0.0;-7.3453654e-25;99.99998;-7.345365e-21;0.0008490624;-1.1486626;4.4703484e-05;0.57671964;0.5766824;0.0;0.0;6016.433;7306.7856;-3010.7144;7441.553;-797.93665;-1818.5767
2001-08-01;21.408386;0.38804117;0.009813945;753.1878;1.3941087;185.43939;0.0;-7.3453654e-25;99.99998;-7.345365e-21;0.0008583069;-1.1200644;4.4703484e-05;0.5668253;0.566788;0.0;0.0;6436.148;7814.698;-3249.6023;7161.7524;-778.0711;-2072.679
2001-08-02;20.308054;-3.261963;0.009802501;753.687;1.2855636;202.04884;0.0;-7.3453654e-25;99.99998;-7.345365e-21;0.002148693;-1.0722764;0.00011920929;0.557214;0.5571246;0.0;0.0;6806.904;8263.131;-3587.1777;6657.6797;-744.87555;-2243.2378
2001-08-03;20.423819;-3.7897847;0.009938558;754.0188;1.2760011;154.91467;0.0;-7.3453654e-25;99.99998;-7.345365e-21;0.0;-1.1048987;0.0;0.5476475;0.5476475;0.0;0.0;6755.4624;8198.81;-3572.439;6756.9165;-767.5356;-2049.131
2001-08-04;20.463308;-1.9865112;0.010031383;754.7813;1.2664586;106.52121;0.0;-7.3453654e-25;99.99998;-7.345365e-21;0.0;-1.0706093;0.0;0.53839386;0.5383864;0.0;0.0;6667.888;8090.7056;-3463.325;6903.76;-743.7167;-2086.8032
2001-08-05;19.868357;-0.30556235;0.010222117;756.1577;1.3810596;109.36315;0.0;-7.3453654e-25;99.99998;-7.345365e-21;0.0012814989;-0.98737234;7.4505806e-05;0.52939355;0.52933395;0.0;0.0;6561.629;7959.9775;-3363.1372;6883.92;-685.8945;-2272.391
2001-08-06;19.516348;-3.739085;0.010009766;754.75635;1.4592744;183.55476;0.0;-7.3453654e-25;99.99998;-7.345365e-21;0.0012934206;-0.9559458;7.4505806e-05;0.52060187;0.5205348;0.0;0.0;6663.6943;8082.053;-3525.8933;6615.735;-664.06445;-2296.4888
2001-08-07;19.524454;-2.418864;0.009573619;753.37665;1.2608935;182.35449;0.0;-7.3453654e-25;99.99998;-7.345365e-21;0.001283529;-0.9337645;7.4505806e-05;0.5120337;0.51196665;0.0;0.0;6673.649;8092.3584;-3498.822;6625.926;-648.6544;-2214.7144
2001-08-08;19.47465;-1.1422119;0.010065715;753.5087;1.3554355;139.50917;0.0;-7.3453654e-25;99.99998;-7.345365e-21;0.00042617318;-0.9024907;2.9802322e-05;0.50361454;0.50359964;0.0;0.0;6454.41;7824.8096;-3212.7883;6986.511;-626.9311;-2297.38
2001-08-09;20.023691;-1.3879293;0.010148366;753.98096;1.5835034;131.41815;0.0;-7.3453654e-25;99.99998;-7.345365e-21;0.0;-0.88782424;0.0;0.4954338;0.4954338;0.0;0.0;6437.4204;7802.4062;-3152.208;7094.251;-616.7411;-2349.2122
2001-08-10;17.669922;3.1300151;0.009950002;755.03204;1.1372985;95.97158;0.0;-7.3453654e-25;99.99998;-7.345365e-21;0.11176765;-0.8128779;0.00526011;0.4927665;0.48751384;0.0;0.0;5652.8633;6850.0547;-2723.061;7427.5483;-564.6789;-2124.8967
2001-08-11;16.66514;6.458903;0.009867351;755.18463;1.5256957;35.95344;0.0;-7.3453654e-25;99.99998;-7.345365e-21;0.72304904;-0.8411249;0.037372112;0.517264;0.47988445;0.0;0.0;5224.404;6329.664;-2445.697;7462.9355;-584.3011;-2141.8867
2001-08-12;17.080526;1.8703613;0.010166168;754.25806;1.688003;40.580986;0.0;-7.3453654e-25;99.99998;-7.345365e-21;0.0004351138;-1.1229329;2.9802322e-05;0.47244132;0.4724115;0.0;0.0;6396.8467;7748.162;-3232.3489;6654.2915;-780.06445;-2286.2932
2001-08-13;18.715994;-0.92823285;0.009783427;754.4436;1.187892;72.51913;0.0;-7.3453654e-25;99.99998;-7.345365e-21;0.0;-1.0126233;0.0;0.46497583;0.46498328;0.0;0.0;6489.191;7858.206;-3361.3179;6759.3154;-703.43665;-2065.3254
2001-08-14;19.820486;-3.2277832;0.00997289;755.37213;1.3045889;121.98704;0.0;-7.3453654e-25;99.99998;-7.345365e-21;0.0;-0.89939684;0.0;0.45770407;0.45770407;0.0;0.0;6503.609;7873.894;-3441.2952;6761.689;-624.7811;-2130.979
2001-08-15;19.810068;-2.0985515;0.010253906;755.2789;1.1595434;109.81897;0.0;-7.3453654e-25;99.99998;-7.345365e-21;0.0;-0.86082333;0.0;0.4506111;0.4506111;0.0;0.0;6567.546;7949.5483;-3525.9373;6719.876;-597.98553;-2097.8254
2001-08-16;19.43866;0.86375934;0.009920756;754.20074;1.2383988;93.50219;0.0;-7.3453654e-25;99.99998;-7.345365e-21;0.00085907325;-0.80392694;4.4703484e-05;0.44369698;0.44366717;0.0;0.0;6008.984;7272.497;-3140.8894;7105.906;-558.46;-2034.3989
2001-08-17;19.100088;3.0473938;0.009966533;753.04266;1.4458876;102.657845;0.0;-7.3453654e-25;99.99998;-7.345365e-21;0.0010609627;-0.779029;5.9604645e-05;0.43693185;0.43688715;0.0;0.0;6064.4756;7338.665;-3066.9246;7112.8374;-541.1655;-2238.35
2001-08-18;17.496643;1.8152262;0.009805043;751.43805;1.5005561;160.56856;0.0;-7.3453654e-25;100.00259;-7.345365e-21;0.0;-0.7252991;0.0;0.43028593;0.43027103;0.0;0.0;6261.093;7575.8057;-3203.7922;6748.779;-503.84222;-2475.94
2001-08-19;17.191477;0.54280597;0.009868622;752.5742;1.5055699;151.46642;0.0;-7.3453654e-25;99.99998;-7.345365e-21;0.0;-0.7163323;0.0;0.42383373;0.42383373;0.0;0.0;6278.5576;7596.1094;-3169.6394;6741.3623;-497.6122;-2420.5156
2001-08-20;16.957315;-0.63587445;0.009934743;753.93317;1.2716218;183.75916;0.0;-7.3453654e-25;99.99998;-7.345365e-21;0.0;-0.68663806;0.0;0.41756034;0.4175529;0.0;0.0;6351.9854;7684.03;-3384.6458;6454.4775;-476.98334;-2439.1355
2001-08-21;17.270264;-2.824524;0.009886424;755.36664;1.0747644;160.38457;0.0;-7.3453654e-25;99.99998;-7.345365e-21;0.0;-0.7431097;0.0;0.41140616;0.41140616;0.0;0.0;6379.2153;7716.0073;-3551.9917;6335.771;-516.2144;-2111.841
2001-08-22;17.492554;-3.3438008;0.010026296;754.30853;1.1585894;166.3742;0.0;-7.3453654e-25;99.99998;-7.345365e-21;0.0;-0.73232126;0.0;0.4053712;0.4053712;0.0;0.0;6329.1533;7654.548;-3519.3274;6388.97;-508.7189;-2097.9255
2001-08-23;17.550812;-4.213094;0.0099652605;751.9122;1.2076513;166.70453;0.0;-7.3453654e-25;99.99998;-7.345365e-21;0.00085234636;-0.7200865;2.9802322e-05;0.39952993;0.39948523;0.0;0.0;6313.1826;7634.292;-3524.8167;6376.7;-500.22;-2082.1345
2001-08-24;17.51716;-2.944743;0.010058085;750.86017;1.21592;122.28536;0.0;-7.3453654e-25;99.99998;-7.345365e-21;0.00042617318;-0.7151281;1.4901161e-05;0.39373338;0.39371848;0.0;0.0;6162.076;7450.6455;-3312.4653;6639.77;-496.77554;-2123.1433
2001-08-25;17.078695;-0.7518616;0.009882609;750.962;1.2427002;118.31748;0.0;-7.3453654e-25;99.99998;-7.345365e-21;0.0008612871;-0.6875582;4.4703484e-05;0.38810074;0.38805604;0.0;0.0;6085.9277;7357.6772;-3238.4905;6667.1445;-477.62332;-2198.6843
2001-08-26;16.144562;-0.46925864;0.009878795;750.3743;1.2811373;172.9726;0.0;-7.3453654e-25;99.99998;-7.345365e-21;0.0012959626;-0.6490266;5.9604645e-05;0.3826022;0.3825426;0.0;0.0;6060.336;7325.849;-3205.8662;6565.8145;-450.85666;-2314.52
2001-08-27;15.774617;-2.9702046;0.010190328;749.6258;1.2570518;194.80745;0.0;-7.3453654e-25;99.99998;-7.345365e-21;0.0;-0.6187372;0.0;0.3771782;0.3771782;0.0;0.0;5950.01;7191.579;-3154.4194;6522.759;-429.81668;-2301.412
2001-08-28;15.369313;-3.5256958;0.010045369;750.0381;1.3582759;172.19774;0.0;-7.3453654e-25;99.99998;-7.345365e-21;0.0012858309;-0.6070528;5.9604645e-05;0.3720224;0.37194788;0.0;0.0;6006.4307;7258.981;-3190.8696;6408.579;-421.7;-2302.3467
2001-08-29;16.757956;-1.6034445;0.009777069;749.1447;1.4188975;154.28976;0.0;-7.3453654e-25;99.99998;-7.345365e-21;0.0025689597;-0.6106263;0.00011920929;0.366956;0.3668368;0.0;0.0;5689.432;6875.066;-2933.4995;6808.7446;-424.18112;-2135.4268
2001-08-30;14.512044;0.91325885;0.010018666;749.6374;1.4620247;202.31738;0.0;-7.3453654e-25;99.99998;-7.345365e-21;0.0359267;-0.505399;0.0017434359;0.36363304;0.3618747;0.0;0.0;5150.106;6222.7305;-2520.32;6964.4434;-351.08444;-2286.179
2001-08-31;13.668152;0.45457968;0.010082245;751.1846;1.2572048;246.70331;0.0;-7.3453654e-25;99.99998;-7.345365e-21;0.584805;-0.6226059;0.028580427;0.38570166;0.35712123;0.0;0.0;5199.315;6281.3203;-2638.7947;6715.8623;-432.50446;-2209.7012
2001-09-01;14.231893;-3.247996;0.010032654;752.99725;1.1097764;130.09703;0.0;-7.3453654e-25;99.99998;-7.345365e-21;0.0;-0.80510324;0.0;0.35241246;0.35239756;0.0;0.0;5872.5244;7093.746;-3207.482;6247.7666;-559.2789;-2042.8911
2001-09-02;15.149425;-7.5844216;0.009567261;753.2271;1.1765381;137.51248;0.0;-7.3453654e-25;99.99998;-7.345365e-21;0.0;-0.7071644;0.0;0.3477037;0.3477037;0.0;0.0;5957.1704;7195.1245;-3453.8213;6021.7446;-491.24335;-1903.8223
2001-09-03;15.525004;-8.142926;0.010017395;753.39777;1.134931;174.729;0.0;-7.3453654e-25;99.99998;-7.345365e-21;0.00087022776;-0.6466992;2.9802322e-05;0.34314394;0.34309924;0.0;0.0;5876.5405;7096.8916;-3352.2112;6172.37;-449.24112;-1910.9523
2001-09-04;15.342183;-5.333079;0.00976181;752.7044;1.359624;206.83844;0.0;-7.3453654e-25;99.99998;-7.345365e-21;0.0;-0.58877283;0.0;0.33858418;0.33858418;0.0;0.0;5768.5127;6965.634;-3221.322;6279.142;-409.0011;-2034.5856
2001-09-05;14.411601;-3.0340576;0.009777069;750.9085;1.1844211;204.40697;0.0;-7.3453654e-25;99.99998;-7.345365e-21;0.0;-0.53786206;0.0;0.33420324;0.33420324;0.0;0.0;5501.3076;6642.167;-3004.7375;6421.947;-373.63556;-2023.4388
2001-09-06;13.90627;-0.9416199;0.009966533;751.1912;1.0590456;200.06287;0.0;-7.3453654e-25;99.99998;-7.345365e-21;0.016912818;-0.49510413;0.00067055225;0.33061206;0.3299415;0.0;0.0;5067.2466;6117.368;-2762.6;6618.832;-343.93222;-1910.3911
2001-09-07;13.045074;-0.5244446;0.009756724;751.75397;1.3060755;239.45775;0.0;-7.3453654e-25;99.99998;-7.345365e-21;0.00044107434;-0.5034208;2.9802322e-05;0.3257841;0.32576174;0.0;0.0;5478.2847;6612.8374;-2926.1265;6386.0547;-349.7089;-2210.5378
2001-09-08;12.196167;-1.1059061;0.009791057;753.21796;1.2876887;224.71263;0.0;-7.3453654e-25;99.99998;-7.345365e-21;0.004172325;-0.38297474;0.00017881393;0.3219247;0.32174587;0.0;0.0;4453.3857;5375.0957;-2518.6304;6488.3706;-266.04;-1818.5278
2001-09-09;12.643188;-1.5808207;0.009824117;753.5271;1.2248918;239.4223;0.0;-7.3453654e-25;99.99998;-7.345365e-21;0.0012934206;-0.48855785;5.9604645e-05;0.31785667;0.31779706;0.0;0.0;5501.7134;6639.485;-2928.6978;6258.6064;-339.38443;-2140.6045
2001-09-10;13.161305;-0.2464091;0.009984334;753.7678;1.0212566;92.63645;0.0;-7.3453654e-25;99.99998;-7.345365e-21;0.0017137199;-0.5226321;8.940697e-05;0.31392276;0.3138408;0.0;0.0;5419.15;6539.0474;-2948.5442;6397.1343;-363.05444;-1939.5078
2001-09-11;14.213948;-2.805074;0.009808858;753.5848;1.1445166;138.579;0.0;-7.3453654e-25;99.99998;-7.345365e-21;0.0;-0.536371;0.0;0.30994415;0.30994415;0.0;0.0;5459.6265;6587.086;-3170.5854;6202.047;-372.59778;-1843.6633
2001-09-12;14.426229;-4.9467874;0.010047913;753.64813;1.0944363;101.43525;0.0;-7.3453654e-25;99.99998;-7.345365e-21;0.0;-0.5337186;0.0;0.30612946;0.3061369;0.0;0.0;5525.116;6665.282;-3319.6658;6016.3545;-370.75555;-1717.9412
2001-09-13;14.104248;-7.254374;0.009698232;752.5407;1.2061661;92.25747;0.0;-7.3453654e-25;99.99998;-7.345365e-21;0.0;-0.5198568;0.0;0.30240417;0.30238926;0.0;0.0;5448.076;6571.529;-3325.9443;5935.88;-361.12555;-1754.0688
2001-09-14;13.770589;-7.965444;0.009797414;751.866;1.1072706;102.12507;0.0;-7.3453654e-25;99.99998;-7.345365e-21;0.0012814989;-0.50937945;5.9604645e-05;0.29879808;0.29872358;0.0;0.0;5456.317;6580.6562;-3310.9932;5908.7744;-353.84888;-1707.7
2001-09-15;13.963379;-6.314982;0.010054271;753.8547;1.0838352;168.82698;0.0;-7.3453654e-25;99.99998;-7.345365e-21;0.00042617318;-0.4996583;1.4901161e-05;0.2951622;0.29513985;0.0;0.0;5330.823;6428.582;-3193.319;6041.2637;-347.09445;-1716.7245
2001-09-16;12.565572;-1.4874878;0.010045369;753.87946;1.3791021;262.51624;0.0;-7.3453654e-25;99.99998;-7.345365e-21;0.0;-0.41708723;0.0;0.29164553;0.29165298;0.0;0.0;5027.5557;6057.664;-2732.8152;6345.489;-289.73666;-2002.919
2001-09-17;13.299235;0.4207357;0.009999593;756.2541;1.2560828;184.55391;0.0;-7.3453654e-25;99.99998;-7.345365e-21;0.11198521;-0.44235772;0.0053346157;0.29358268;0.28826296;0.0;0.0;4739.3;5705.3057;-2557.829;6665.5693;-307.29224;-1710.7012
2001-09-18;14.530232;-2.345754;0.009985606;755.5975;1.1756917;94.2474;0.0;-7.3453654e-25;99.99998;-7.345365e-21;0.00091195095;-0.48088467;2.9802322e-05;0.2849698;0.28494;0.0;0.0;4297.969;5169.4727;-2459.4773;6899.3;-334.05444;-1365.0533
2001-09-19;12.328633;4.374685;0.010131836;754.8903;1.3667513;39.047016;0.0;-7.3453654e-25;99.99998;-7.345365e-21;1.4974475;-0.5601719;0.0808537;0.36251545;0.28167665;0.0;0.0;4417.875;5309.14;-2362.8955;6839.734;-389.13333;-1650.6578
2001-09-20;11.95576;0.6225586;0.009888967;752.789;1.1031533;74.15835;0.0;-7.3453654e-25;99.99998;-7.345365e-21;0.103101134;-0.9340551;0.004813075;0.28330088;0.27849525;0.0;0.0;4680.866;5620.2095;-2521.6697;6570.4834;-648.8567;-1521.6788
2001-09-21;11.812184;-0.55180866;0.010114034;753.72406;0.9644566;104.91684;0.0;-7.3453654e-25;99.99998;-7.345365e-21;0.41199327;-0.7356945;0.019609928;0.29495358;0.27535856;0.0;0.0;4492.6055;5389.3813;-2515.86;6492.064;-511.06223;-1524.5
2001-09-22;12.720134;-3.5929058;0.010274251;755.74725;1.360579;104.10986;0.0;-7.3453654e-25;99.99998;-7.345365e-21;0.0026762486;-0.7251501;0.00013411045;0.27242303;0.27229637;0.0;0.0;4772.6797;5720.5327;-2636.3403;6387.8145;-503.7378;-1602.1078
2001-09-23;12.705373;-2.24705;0.010093689;756.48;1.1611289;104.48415;0.0;-7.3453654e-25;99.99998;-7.345365e-21;0.040382147;-0.6220192;0.001847744;0.27108192;0.26924908;0.0;0.0;4617.7812;5530.0933;-2581.222;6528.51;-432.09555;-1570.2467
2001-09-24;13.190552;-3.4992268;0.010089874;756.50006;1.139183;113.827965;0.0;-7.3453654e-25;99.99998;-7.345365e-21;0.0017136326;-0.60263836;8.940697e-05;0.26632845;0.26625395;0.0;0.0;4913.4307;5878.9893;-2831.3987;6341.4937;-418.63223;-1535.2467
2001-09-25;13.517385;-4.2591453;0.009585063;754.5019;1.038776;144.94615;0.0;-7.3453654e-25;99.99998;-7.345365e-21;0.2899766;-0.57801604;0.013813376;0.2771169;0.26328862;0.0;0.0;4759.2866;5689.682;-2729.0183;6465.419;-401.5289;-1504.3167
2001-09-26;13.28535;-4.610372;0.010058085;753.24347;1.2640475;142.66183;0.0;-7.3453654e-25;99.99998;-7.345365e-21;0.001913309;-0.5350951;8.940697e-05;0.2605021;0.2603978;0.0;0.0;4476.5205;5347.028;-2697.7012;6366.4487;-371.71222;-1440.4711
2001-09-27;13.24229;-5.0149026;0.00972112;753.97614;1.3439068;127.998344;0.0;-7.3453654e-25;99.99998;-7.345365e-21;0.0004351138;-0.48787147;2.9802322e-05;0.25758147;0.25758147;0.0;0.0;4648.0693;5547.0806;-2710.1707;6324.8564;-338.90778;-1576.4878
2001-09-28;13.10493;-4.80543;0.009718577;753.5472;1.5633653;193.67712;0.0;-7.3453654e-25;99.99998;-7.345365e-21;0.0030025262;-0.41051954;0.00011920929;0.25494397;0.2548173;0.0;0.0;4545.6655;5420.2173;-2601.975;6343.4546;-285.17334;-1685.5623
2001-09-29;11.346252;-4.9501443;0.010002136;753.1849;1.278725;237.8675;0.0;-7.3453654e-25;99.99998;-7.345365e-21;0.0008583069;-0.40667224;4.4703484e-05;0.25215745;0.25209785;0.0;0.0;4808.809;5729.0;-2901.4878;5911.589;-282.5011;-1782.0211
2001-09-30;9.423442;-5.8007507;0.0098177595;752.283;1.1807903;179.53786;0.0;-7.3453654e-25;99.99998;-7.345365e-21;0.023823977;-0.37188083;0.0010430813;0.25048852;0.24946034;0.0;0.0;4574.411;5445.0874;-2757.9368;5894.529;-258.3322;-1613.2178
2001-10-01;7.0564575;0.088256836;0.010101318;753.44434;1.5844994;30.587564;0.0;-7.3453654e-25;99.99998;-7.345365e-21;1.2535602;-0.61773974;0.0590086;0.30592084;0.24691969;0.0;0.0;3957.482;4706.3555;-2006.0305;6524.6733;-429.12332;-1670.7944
2001-10-02;8.610698;-0.38361612;0.009714763;756.4124;1.4055423;45.36957;0.0;-7.3453654e-25;99.99998;-7.345365e-21;0.0010728836;-0.5933652;2.9802322e-05;0.24446845;0.2444163;0.0;0.0;4538.6304;5393.0537;-2658.9355;5977.7676;-412.19055;-1616.2034
2001-10-03;9.390788;-3.7564392;0.010025024;755.4611;1.2814834;38.195408;0.0;-7.3453654e-25;99.99998;-7.345365e-21;0.00044107434;-0.57153773;2.9802322e-05;0.24190545;0.241898;0.0;0.0;4691.448;5569.939;-2918.4993;5720.5454;-397.02832;-1399.2748
2001-10-04;10.677928;-4.8203835;0.010353088;756.3284;1.3043525;42.49484;0.0;-7.3453654e-25;99.99998;-7.345365e-21;0.0017285338;-0.5242685;8.940697e-05;0.23949146;0.23940206;0.0;0.0;4653.628;5520.2856;-2950.0447;5770.2;-364.19223;-1308.5497
2001-10-05;11.16571;-7.887848;0.009747823;754.55023;1.1890092;159.27571;0.0;-7.3453654e-25;99.99998;-7.345365e-21;0.0017316779;-0.4759608;8.940697e-05;0.23701787;0.23693591;0.0;0.0;4662.6953;5526.295;-2995.3447;5720.6626;-330.63388;-1331.6355
2001-10-06;8.042053;-4.0795493;0.009857178;751.5822;1.3591398;189.41866;0.0;-7.3453654e-25;99.99998;-7.345365e-21;2.382207;-0.7861415;0.121071935;0.35569072;0.23461133;0.0;0.0;4179.804;4949.754;-2405.182;5901.4775;-546.1055;-1508.1466
2001-10-07;8.466441;-3.0584004;0.009803772;753.90594;1.0438925;118.25241;0.0;-7.3453654e-25;99.99998;-7.345365e-21;0.0075417473;-0.7902887;0.00037252903;0.23269653;0.2323389;0.0;0.0;4271.217;5053.598;-2517.8943;5968.008;-548.98724;-1245.2522
2001-10-08;9.635864;-3.7489522;0.009749095;757.17926;1.0285678;91.20899;0.0;-7.3453654e-25;99.99998;-7.345365e-21;0.001282775;-0.7574903;5.9604645e-05;0.23007393;0.23001432;0.0;0.0;4464.9897;5278.344;-2698.7068;5920.661;-526.2033;-1188.8267
2001-10-09;10.485555;-4.0055137;0.009961446;758.934;1.062268;72.069984;0.0;-7.3453654e-25;99.99998;-7.345365e-21;0.0008490657;-0.6760629;4.4703484e-05;0.22776425;0.22771955;0.0;0.0;4445.749;5251.094;-2744.2883;5958.4434;-469.63834;-1158.0488
2001-10-10;10.399455;-3.472524;0.010199229;758.3842;1.1707743;76.12289;0.0;-7.3453654e-25;99.99998;-7.345365e-21;0.0018598302;-0.55949485;7.4505806e-05;0.22554398;0.22545457;0.0;0.0;4348.1704;5131.349;-2679.2517;6014.5;-388.66223;-1263.7678
2001-10-11;10.993805;-4.893351;0.009799957;756.8654;1.0465469;179.67621;0.0;-7.3453654e-25;99.99998;-7.345365e-21;0.0017195726;-0.46623406;8.195639e-05;0.2233237;0.22324175;0.0;0.0;3978.0833;4690.7417;-2416.3171;6305.141;-323.87778;-1138.33
2001-10-12;10.416972;-2.946818;0.009970347;755.2188;1.2563583;204.00948;0.0;-7.3453654e-25;99.99998;-7.345365e-21;0.12168288;-0.38960296;0.0056400895;0.22673607;0.22111088;0.0;0.0;3653.0261;4303.751;-2253.96;6351.237;-270.6439;-1237.45
2001-10-13;9.467529;-1.9677328;0.010011037;754.0481;1.3158371;265.12546;0.0;-7.3453654e-25;99.99998;-7.345365e-21;0.6397456;-0.50527227;0.029861927;0.248909;0.21904707;0.0;0.0;3682.5962;4334.8604;-2233.47;6193.2954;-350.99554;-1261.3811
2001-10-14;9.392161;-4.7472634;0.010039012;754.7241;1.2023921;281.30887;0.0;-7.3453654e-25;99.99998;-7.345365e-21;0.0987947;-0.47486836;0.004455447;0.22146106;0.21700561;0.0;0.0;3884.2212;4568.3623;-2406.57;6017.0337;-329.87445;-1250.3511
2001-10-15;9.622518;-5.860616;0.010164897;754.2478;1.4255148;239.34912;0.0;-7.3453654e-25;99.99998;-7.345365e-21;0.41108912;-0.42701977;0.01962483;0.23458898;0.2149865;0.0;0.0;3845.6094;4519.161;-2059.8972;6474.1074;-296.63666;-1302.3678
2001-10-16;8.674001;-4.039734;0.009974162;753.1906;1.3072194;188.76314;0.0;-7.3453654e-25;99.99998;-7.345365e-21;0.032180548;-0.5152896;0.0014603138;0.21445751;0.2129972;0.0;0.0;3996.369;4694.79;-2293.6284;6219.0376;-357.95444;-1464.9478
2001-10-17;7.076406;-0.7531331;0.009953816;753.2742;1.1835306;152.50153;0.0;-7.3453654e-25;99.99998;-7.345365e-21;0.33077508;-0.4169084;0.01579523;0.22682548;0.21106005;0.0;0.0;3618.4912;4249.61;-2077.7695;6301.6333;-289.61334;-1361.2356
2001-10-18;5.1275535;1.8416342;0.009901683;750.20123;1.0443267;231.30188;0.0;-7.3453654e-25;99.99998;-7.345365e-21;11.848981;-0.83759147;0.7384643;0.94768405;0.2092123;0.0;0.0;2843.53;3338.561;-1376.4373;6778.479;-581.8467;-1111.0333
2001-10-19;4.4623413;-2.6115506;0.009914398;751.5494;0.8648093;189.21538;0.0;-7.3453654e-25;99.99998;-7.345365e-21;0.16409159;-1.4978759;0.008590519;0.21599233;0.20741671;0.0;0.0;3628.0906;4258.062;-2047.2533;5966.568;-1040.5244;-1088.2567
2001-10-20;4.6329956;-3.6455677;0.010046641;753.1514;0.99152994;153.22887;0.0;-7.3453654e-25;99.99998;-7.345365e-21;0.0;-1.184388;0.0;0.20559132;0.20558387;0.0;0.0;4086.3594;4794.468;-2651.0195;5147.992;-822.75446;-928.48444
2001-10-21;4.243347;-5.081038;0.010168712;751.77686;0.9514969;149.13414;0.0;-7.3453654e-25;99.99998;-7.345365e-21;0.0004351138;-1.0648985;2.2351742e-05;0.20381808;0.20378828;0.0;0.0;4062.7444;4765.2866;-2521.2434;5217.7275;-739.75;-889.5256
2001-10-22;4.4407554;-5.5506873;0.010103862;750.4996;0.9477561;142.68196;0.0;-7.3453654e-25;99.99998;-7.345365e-21;0.0036012356;-1.0333276;0.00016391277;0.20216405;0.20201504;0.0;0.0;3845.2112;4508.6665;-2340.5518;5467.2573;-717.8189;-943.0356
2001-10-23;4.4950967;-7.0904083;0.01009496;752.4257;1.0186905;153.41939;0.0;-7.3453654e-25;99.99998;-7.345365e-21;0.00083193916;-0.9615039;4.4703484e-05;0.20030141;0.2002716;0.0;0.0;3966.0566;4648.961;-2546.165;5195.2646;-667.92444;-853.88556
2001-10-24;3.1751912;-1.5941366;0.01003774;751.58203;1.3855735;220.5531;0.46818033;8.5671745e-05;101.56085;0.61035156;8.851065;-0.7846933;0.52431226;0.72290003;0.19857287;0.012880191;0.82059205;2878.3523;3373.0967;-1221.2006;6529.1377;-545.0972;-920.04443
2001-10-25;2.626587;1.1873093;-2.0141308;748.96747;1.0380493;244.63184;4.815918;0.0006218751;135.03905;5.004883;2.7925134;-1.0908768;0.18297136;0.3799647;0.1969859;0.2782997;0.0;2267.9229;2753.2073;-1054.5316;6693.618;-757.5789;-713.38336
2001-10-26;1.8382276;-3.5842197;-5.399882;750.3374;1.103738;109.647675;2.8629558;0.00042470297;150.8395;3.2552083;0.0012248755;-1.1771395;0.012047589;0.20743906;0.19539148;0.15902892;0.00036880374;3232.9888;3862.0657;-1896.6572;5767.6123;-817.80444;-939.79443
2001-10-27;1.4144465;-4.7606735;-6.027022;753.0844;0.9868228;101.88812;2.076823;0.0003093481;150.9007;2.319336;1.3972819;-1.005346;0.09191036;0.28571486;0.1938045;0.09472668;0.0;3064.3394;3638.9744;-1780.5623;5746.5234;-698.4533;-701.3689
2001-10-28;2.8183594;-3.3351872;-5.429094;752.4099;0.96149427;167.25833;1.4469401;0.00021469593;150.90492;1.4241537;0.81942827;-1.0207165;0.04941225;0.24165213;0.19224733;0.09329058;0.0031739473;3095.4167;3657.4521;-1741.5094;5892.229;-709.12665;-677.5311
2001-10-29;1.0764669;-0.019968668;-2.6930072;750.75616;0.7549963;241.84886;3.9082844;0.00056934357;143.46222;3.5807292;5.7447553;-0.9328369;0.35700202;0.5477667;0.19075722;0.2701804;0.5495474;2186.715;2632.121;-989.32947;6541.2085;-647.79333;-637.17224
2001-10-30;-0.37636313;-1.0827942;-1.0774065;749.325;0.90996474;208.88597;8.111003;0.0012083849;144.42902;8.056641;5.2822323;-0.9537674;0.27783215;0.4671514;0.18931925;0.34894794;1.2853966;1708.1539;2109.5989;-582.3639;6875.493;-663.3889;-686.85333
2001-10-31;-0.17000325;-4.0628357;-4.3236976;750.691;1.0077697;166.95523;9.147542;0.0013655027;150.62791;9.114583;0.5822753;-1.0638107;0.062137842;0.25001168;0.18788129;0.44127738;0.13265386;2533.196;3121.9268;-1449.4039;5988.6636;-741.48;-749.5978
2001-11-01;1.2753906;-7.842743;-8.4274025;754.6661;0.90546316;22.446304;6.164144;0.0009102424;150.85448;5.9814453;0.0;-1.0304554;0.039085746;0.22548437;0.18640608;0.4711412;0.0;3349.5288;4053.7888;-2251.4822;5135.8345;-716.12;-539.4189
2001-11-02;3.0224915;-8.494873;-8.779527;755.4814;0.9101456;151.1656;3.6870117;0.00054415065;150.90038;3.6214192;0.0017046923;-1.0425038;0.024542212;0.20948052;0.18493086;0.2959706;0.0;3571.1567;4256.2944;-2383.4888;5037.3076;-724.4278;-427.87778
2001-11-03;2.8587239;-7.3615823;-5.8002343;754.6823;0.89001703;134.09276;2.1882324;0.00032313666;150.92674;2.2786458;0.48098266;-0.89235044;0.042185187;0.22566319;0.1834929;0.17614663;0.0;3000.3318;3544.7043;-1691.0144;5842.95;-620.10223;-472.75333
2001-11-04;4.2552795;-4.60969;-7.122809;755.81903;0.8623447;174.54388;1.2311198;0.00018072128;150.94887;1.2613932;0.0017166131;-1.0636821;0.010311604;0.19237399;0.18206984;0.12487359;0.0;3421.0383;4020.0266;-2151.12;5414.062;-738.95667;-531.3322
2001-11-05;5.7912498;-4.3512673;-5.6502876;755.5725;0.9098196;255.8579;0.61173505;8.928776e-05;150.96059;0.40690103;0.0016391277;-0.99319965;0.005826354;0.18647313;0.18065423;0.07063523;0.0;3310.0793;3875.9543;-1888.175;5838.041;-689.9733;-474.2811
2001-11-06;4.3779197;-3.6166687;-6.3737183;752.1656;1.0904055;227.0891;0.29760742;4.3590862e-05;150.96547;-7.345365e-21;0.0019264016;-0.98185337;0.002592802;0.18183887;0.17926097;0.030810013;0.0;3356.7688;3923.1821;-2111.5396;5521.3076;-682.1055;-623.51776
2001-11-07;1.4230347;-1.9683228;-6.753038;750.97455;0.84353447;139.7465;0.16153972;2.3961067e-05;150.96873;-7.345365e-21;1.9935775;-0.82151777;0.12125075;0.2991557;0.17791241;0.012937933;0.0;2706.3293;3159.91;-1760.1344;5632.1357;-570.69336;-557.2411
2001-11-08;2.1698914;-1.4048666;-6.1726685;753.1646;0.7973475;164.08862;0.09098307;1.3629596e-05;151.2057;-7.345365e-21;0.0060796738;-0.7354021;0.0010430813;0.17763674;0.17660111;0.009179115;0.00033527613;2830.3171;3302.61;-1601.2528;5899.108;-510.8622;-591.87555
2001-11-09;3.4496765;-1.5282389;-4.0016556;755.6013;0.73307204;174.75749;0.048583984;7.470449e-06;151.37498;-7.345365e-21;0.0017106531;-0.6687753;0.00047683716;0.1757741;0.17529726;0.0046789646;0.0;2522.1467;2941.422;-1438.4656;6201.9526;-464.5789;-517.30554
2001-11-10;3.654602;-3.3394573;-2.8272808;754.5024;0.80078584;119.41556;0.026285807;3.9339066e-06;151.37498;-7.345365e-21;0.90363395;-0.7580761;0.053435564;0.22742152;0.17400086;0.002503395;0.0;2416.7378;2817.2734;-1326.4327;6420.6943;-526.61224;-494.52112
2001-11-11;0.8386841;-1.6696981;-4.2105813;749.4537;1.0914905;22.229317;0.5727539;9.771188e-05;152.56313;0.773112;4.0147095;-0.8843811;0.26851892;0.4412681;0.17274171;0.0048205256;0.22333488;2309.5872;2691.6133;-1460.9889;6052.029;-614.3122;-504.07
2001-11-12;-0.06052653;-3.1454875;-4.9064164;748.85986;1.0878403;23.746277;1.748942;0.0002732277;153.46515;2.1158855;1.8978791;-0.8471636;0.11987984;0.2914071;0.17151982;0.09565987;0.23746118;2255.1328;2640.0278;-1354.1722;6054.859;-588.54834;-586.45886
2001-11-13;0.785085;-3.4586895;-5.3829064;752.59375;0.94771165;166.76227;1.8920084;0.0002807776;152.01527;2.2379558;0.18407702;-0.72047955;0.022619963;0.19292533;0.17030537;0.13778545;0.00056251884;2156.0972;2532.48;-1379.4828;5999.455;-500.77112;-474.1422
2001-11-14;3.251231;-2.253601;-6.2793336;757.46796;0.8295205;172.65968;1.0611166;0.00015632312;152.02113;1.2613932;0.0021585873;-0.71325153;0.009611249;0.17870963;0.16909093;0.113664195;0.0;2970.2043;3474.45;-1878.2494;5639.5044;-495.49222;-407.3622
2001-11-15;3.443034;-1.7929688;-7.5766845;755.05084;0.83135444;190.77654;0.5249837;7.7327095e-05;152.03123;0.40690103;0.0004351138;-0.73253644;0.004850328;0.17271936;0.16787648;0.058194622;0.0;2960.3306;3453.1567;-2043.6461;5440.3345;-508.87555;-429.41666
2001-11-16;0.2775879;-3.563924;-5.6765656;748.115;1.1666669;239.67763;1.0412598;0.00017253558;146.96515;0.9765625;0.9908497;-0.63007885;0.018924475;0.18562376;0.16669929;0.020228326;0.70325285;2838.0396;3306.879;-1645.9272;5719.7153;-437.75333;-635.5511
2001-11-17;-2.6174114;-5.081445;-3.7050858;740.16425;1.4406277;200.37378;22.654867;0.0033915043;132.57289;25.187174;13.289407;-0.63339436;0.04696846;0.21252036;0.16554445;0.1901649;12.580514;2213.379;2672.9421;-989.52;6230.926;-444.16;-856.85
2001-11-18;-8.7347975;-11.932076;-9.015723;738.02924;1.3375522;46.3284;100.0;0.029644689;113.77439;256.91733;18.45419;-0.20181946;7.4505806e-05;0.16447902;0.16443431;0.0;18.390707;318.58057;1334.6744;-530.83;5819.5347;-157.58;-92.96667
2001-11-19;-12.33093;-18.77957;-22.032625;748.9536;1.142931;83.70579;100.0;0.033911943;127.01658;268.43262;0.0008583069;-0.015243888;0.0;0.16331673;0.16334653;0.0;0.0;917.1006;3792.1667;-1229.7178;3854.2627;-9.464444;30.865555
2001-11-20;-9.348735;-19.277533;-18.686567;751.2339;1.0208625;221.95937;100.0;0.03393046;140.44203;242.55371;0.061953068;-0.046858564;0.0;0.16224384;0.16225874;0.0;0.06038323;924.09;3719.9033;-947.93555;4429.3438;-33.52778;25.092222
2001-11-21;-6.9772644;-12.256352;-9.298334;747.92584;0.9706908;222.81438;100.0;0.03849085;145.26593;263.75327;22.643232;-0.15441701;0.0;0.16117096;0.16118586;0.0;22.639774;603.01886;2362.781;-265.99777;6011.709;-119.065;-104.14333
2001-11-22;-6.931025;-7.9584045;-6.851017;745.7907;1.0419953;144.19255;100.0;0.06259966;139.54066;449.86978;4.8048377;-0.056399032;0.0;0.16015768;0.16012788;0.0;4.7860255;402.56445;1742.3188;-497.12167;5996.4155;-43.035557;-100.026665
2001-11-23;-9.755283;-15.533371;-13.518487;749.00397;1.2477158;25.323761;100.0;0.063693605;152.2757;418.6605;0.013872981;-0.045845285;0.0;0.1590997;0.1590997;0.0;0.013004988;821.38446;3472.9966;-1327.7417;4426.6074;-32.968887;-42.25111
2001-11-24;-9.482818;-20.7564;-20.54608;750.4514;1.1258065;213.11145;100.0;0.063701116;153.98924;413.77768;0.0008553266;-0.018848106;0.0;0.15807152;0.15807152;0.0;0.0;894.9267;3676.2;-1056.8583;4147.122;-12.305555;94.64667
2001-11-25;-5.042155;-18.035887;-14.833936;750.6336;0.84715813;287.02225;100.0;0.0637066;155.7503;408.93555;0.022748113;-0.050246716;0.0;0.15704334;0.15705079;0.0;0.0072345138;770.8922;3080.409;-796.51166;4989.1772;-36.335556;41.75111
2001-11-26;-4.794796;-8.696597;-11.110499;749.9656;0.70457774;258.7713;100.0;0.06460214;157.17445;410.64453;3.3051968;-0.005965121;0.0;0.15604496;0.15604496;0.0;3.16583;631.8039;2462.9434;-382.3689;5796.444;-2.7944446;0.27222222
2001-11-27;-5.7549644;-6.967955;-6.9774804;750.0093;0.81569624;147.13765;100.0;0.0676134;157.10643;430.542;0.8427753;-0.016800128;0.0;0.15506148;0.15506148;0.0;0.8325577;691.0978;2731.86;-672.0383;5817.258;-10.89;-89.185555
2001-11-28;-8.065979;-13.892016;-11.747571;750.07275;1.263081;21.06494;100.0;0.06785933;160.37628;423.5433;0.008612871;-0.046744943;0.0;0.154078;0.15408546;0.0;0.005941838;873.0906;3369.5222;-1197.3894;4723.511;-33.644444;-29.422222
2001-11-29;-8.942981;-13.513992;-14.15212;748.64105;1.2895225;23.603691;100.0;0.06787896;162.72491;417.60254;0.005561113;-0.009157695;0.0;0.15312433;0.15311688;0.0;0.0047013164;897.21277;3372.7056;-1135.0922;4619.664;-4.603889;-8.806666
2001-11-30;-7.386986;-13.150317;-11.839984;748.5872;0.97574824;102.72369;100.0;0.067892276;164.99867;411.70248;0.0043958426;-0.02971571;0.0;0.15217066;0.15216321;0.0;0.00352785;748.9117;2748.2878;-616.86334;5473.171;-20.73611;-21.30889
2001-12-01;-5.571163;-8.430008;-7.687762;747.5153;1.1010469;21.521011;100.0;0.06973704;165.33461;421.34604;3.1620264;-0.031593256;0.0;0.15124679;0.15123188;0.0;3.111966;399.87112;1471.5333;-284.33612;6198.8467;-23.65889;-23.903334
2001-12-02;-3.6863708;-6.310179;-5.8131104;750.0961;0.8445731;52.5791;100.0;0.07110616;167.81964;424.11295;0.09173453;-0.034036115;0.0;0.15029311;0.15030056;0.0;0.08688867;700.05664;2584.4255;-632.265;5990.1206;-24.081112;-67.55778
2001-12-03;-3.9848125;-6.689779;-5.801946;749.8549;0.8482239;46.94273;100.0;0.07167824;171.41307;417.84668;3.8691938;-0.04475098;0.0;0.14938414;0.14937669;0.0;3.6725738;776.3889;2779.2322;-730.50836;5861.489;-32.07;-72.23222
2001-12-04;-4.9010415;-6.1010947;-4.4196725;743.34015;0.67251855;171.14717;100.0;0.08887366;158.83656;558.0241;19.15349;-0.07032324;0.0;0.14847517;0.14847517;0.0;18.567242;279.39444;1158.6833;-309.50943;6438.1475;-54.354443;-70.113335
2001-12-05;-5.894114;-6.8099465;-5.3721213;742.7763;0.66226333;177.95567;100.0;0.09794506;157.79979;620.4427;7.9871593;-0.057289377;0.0;0.1475811;0.14758855;0.0;7.9720654;348.18222;1443.1823;-148.36223;6551.4023;-43.961113;-103.92333
2001-12-06;-5.3474298;-6.223497;-4.7770576;746.699;0.4962003;180.10884;100.0;0.11426393;152.83331;745.5241;17.226728;-0.036833808;0.0;0.14671683;0.14670193;0.0;17.136536;407.32333;1746.7156;-356.07056;6368.3306;-27.578888;-85.365555
2001-12-07;-5.1264243;-6.1662407;-4.9560394;750.4368;0.6934223;109.83939;100.0;0.12441083;155.24217;801.7578;3.4119456;-0.0383351;0.0;0.14583766;0.14583766;0.0;3.2869353;391.0711;1672.4623;-582.5233;6059.589;-28.773333;-66.06
2001-12-08;-5.649984;-8.318443;-7.8391824;750.73016;0.79558563;114.6464;100.0;0.1313941;156.50941;839.02997;7.5225234;-0.022136606;0.0;0.1449734;0.1449734;0.0;7.3034353;547.2794;2342.121;-724.1528;5609.928;-15.342222;-42.916668
2001-12-09;-3.9608586;-6.733644;-8.520453;755.117;0.77887994;273.20932;100.0;0.13298576;162.09145;822.0622;0.13175607;0.007720664;0.0;0.14412403;0.14412403;0.0;0.12378767;674.11224;2805.34;-761.4328;5588.5864;8.2;-22.674444
2001-12-10;-5.125458;-7.926197;-10.493267;753.0693;1.006744;177.31892;100.0;0.13303848;168.14874;792.5212;0.0017821789;0.02622325;0.0;0.14328957;0.14327466;0.0;0.00093877316;706.7411;2859.74;-1065.7395;4986.067;22.428888;19.082222
2001-12-11;-7.0693107;-9.56321;-10.931919;747.6654;0.74637246;135.63863;100.0;0.13496971;171.40623;787.9161;3.3765137;0.006645918;0.0;0.1424402;0.1424402;0.0;3.1538568;563.01447;2235.9255;-282.84277;5922.676;6.692222;-27.495556
2001-12-12;-5.313639;-8.64312;-9.179703;748.1053;0.67934924;104.765564;100.0;0.13649659;175.66566;778.3203;0.13744831;-0.010271557;0.0;0.14162064;0.14161319;0.0;0.1343526;732.1922;2900.3333;-910.69556;5306.074;-5.8022223;-34.22778
2001-12-13;-4.453247;-5.3346457;-7.383255;749.63043;0.5938806;250.53954;100.0;0.14187586;176.03612;806.2744;6.506211;0.0128522515;0.0;0.14080107;0.14080852;0.0;6.194562;281.53555;1139.1045;51.453335;6676.6396;10.694445;-24.917778
2001-12-14;-3.7929993;-4.533632;-4.238668;750.80536;0.8668258;236.43828;100.0;0.14530778;180.87987;803.9551;5.230873;-0.025959685;0.0;0.14000386;0.14000386;0.0;4.826106;438.90167;1758.4978;-158.50667;6720.4756;-19.005556;-83.65889
2001-12-15;-4.8593917;-5.4102135;-3.3201523;746.7749;1.052452;209.66077;100.0;0.15349372;184.10512;833.94366;7.1737766;-0.069934875;0.0;0.13920665;0.1392141;0.0;6.781403;417.98444;1724.9288;-532.1322;6274.971;-53.61;-125.153336
2001-12-16;-8.140984;-11.552856;-8.211299;748.96075;0.6484423;133.13608;100.0;0.15617318;189.35252;826.2126;0.29821992;-0.0492651;0.0;0.13843179;0.13842434;0.0;0.29565394;699.9;2828.6233;-1404.1056;4678.8735;-36.298332;-73.51
2001-12-17;-8.092977;-18.5982;-14.998558;751.487;0.92039484;217.82812;100.0;0.15621002;193.4811;808.10547;0.0030111268;-0.025944784;0.0;0.13762712;0.13764203;0.0;0.0;775.38336;3053.0833;-1275.8641;4273.7246;-18.1;49.055557
2001-12-18;-6.5382485;-14.344864;-15.194748;750.1944;0.5936981;258.50986;100.0;0.1573356;194.6953;808.1868;4.0122657;-0.01068227;0.0;0.13686717;0.13686717;0.0;3.9896667;653.9039;2505.5188;-314.46;5539.452;-6.9522223;34.536667
2001-12-19;-5.802349;-6.5646873;-9.389197;744.55865;0.9171715;201.69171;100.0;0.17476256;181.44757;960.8968;34.85207;0.02511777;0.0;0.13613701;0.13611466;0.0;34.68891;142.15611;583.88446;233.57445;6732.231;19.622223;11.4366665
2001-12-20;-9.221916;-10.4380455;-8.102933;743.7046;1.2891864;230.91533;100.0;0.201329;172.3766;1168.8639;4.896417;-0.028978102;0.0;0.1353696;0.1353696;0.0;4.8872976;556.3322;2415.121;-831.58057;5441.0723;-21.343334;-107.73333
2001-12-21;-12.53104;-20.191254;-13.835658;749.6707;0.9932744;46.049744;100.0;0.20224969;178.88995;1132.2021;0.023275614;-0.06471481;0.0;0.13461709;0.13463199;0.0;0.023290515;731.07666;3091.111;-1506.0789;4027.9915;-48.63222;-73.76444
2001-12-22;-10.023445;-24.190695;-19.113775;751.84296;0.94680285;239.27742;100.0;0.20224182;182.98534;1106.3232;0.00085234636;-0.021525659;0.0;0.13388693;0.13388693;0.0;0.0;710.5861;2923.0078;-1015.18335;4260.7334;-15.193334;77.005554
2001-12-23;-8.230972;-22.034449;-18.647446;752.0828;0.8192005;184.61108;100.0;0.20225485;186.25648;1086.6699;0.08440018;-0.023763627;0.0;0.13315678;0.13315678;0.0;0.07966161;762.74664;3055.14;-701.965;4768.3784;-16.724445;58.10889
2001-12-24;-6.927481;-9.346089;-15.201312;751.66;0.7855372;249.0111;100.0;0.20241086;189.87563;1067.3014;0.070899725;0.04278682;0.0;0.13244152;0.13244152;0.0;0.06663054;600.97614;2345.48;-293.12668;5603.449;34.393333;23.637777
2001-12-25;-7.047251;-10.719378;-12.899053;749.55786;0.913609;178.169;100.0;0.20247257;194.50812;1042.4398;0.005942583;0.013563782;0.0;0.13172626;0.13172626;0.0;0.004656613;756.2289;2882.5623;-814.7278;5131.5957;12.527778;1.2877778
2001-12-26;-4.911814;-6.7785034;-11.252796;749.05615;0.7280758;250.51051;100.0;0.20581031;196.67836;1046.2646;8.5962;0.033924356;0.0;0.13102591;0.13102591;0.0;8.52374;431.90277;1606.9434;47.921112;6365.0054;27.052221;5.7422223
2001-12-27;-2.8126729;-4.3656006;-6.708435;752.486;0.41970062;261.0588;100.0;0.21185513;198.6839;1067.4642;3.0177832;0.002913177;0.0;0.13032556;0.13032556;0.0;2.8043687;444.03833;1779.8267;-54.42611;6668.0444;3.5611112;-36.052223
2001-12-28;-1.1828104;-1.5068258;-2.7665203;753.337;0.7618625;205.92584;100.0;0.2278107;200.10512;1136.5153;27.908955;0.0061653554;0.01065433;0.14029443;0.1296401;0.0;24.857334;199.48944;827.5789;94.305;7183.4604;5.321111;-24.265556
2001-12-29;-1.952179;-2.248525;-0.69460803;750.242;0.93769234;199.72687;100.0;0.27135947;196.53969;1376.5463;52.36965;-0.09231642;0.06579608;0.19475818;0.12896955;0.044014305;47.547012;66.490555;274.1078;-66.592224;7068.0146;-72.507774;-82.15667
2001-12-30;-5.0232606;-6.2148385;-2.0937958;750.66547;1.0059503;148.18704;100.0;0.29829112;203.57191;1468.8314;1.93066;-0.113904476;0.0;0.1282841;0.12829155;0.0;1.8775873;736.99554;2814.4211;-1663.015;4881.95;-86.91111;-111.0
2001-12-31;-5.5727715;-18.931534;-10.3791895;751.1351;0.8752375;326.81046;100.0;0.29843566;214.03676;1396.3217;0.00087022776;-0.053942204;0.0;0.12761354;0.127621;0.0;0.0;958.17725;3359.6323;-2035.2811;3656.678;-39.556667;66.77
2002-01-01;-4.936807;-20.005316;-13.515343;750.07697;0.6621501;311.06277;100.0;0.2984172;219.4212;1361.857;0.020340085;-0.0393847;0.0;0.12694299;0.12694299;0.0;0.014692545;725.62445;2486.2212;-613.3;5316.7393;-28.971111;45.851112
2002-01-02;-4.9214997;-9.136715;-10.718475;747.6497;0.73114127;239.88448;100.0;0.30040523;223.09926;1346.2728;9.72186;0.014856458;0.0;0.12628734;0.12628734;0.0;9.206291;442.99335;1487.1122;34.322777;6402.007;12.179444;8.76
2002-01-03;-5.904738;-6.731508;-6.130155;744.3064;1.061446;207.52686;100.0;0.3328494;209.91273;1584.1064;41.39193;-0.03696233;0.0;0.12564659;0.12563914;0.0;39.915054;185.37611;777.38666;-65.36667;6612.3535;-28.68;-63.536667
2002-01-04;-10.168213;-12.920318;-9.08513;747.68066;1.211533;204.23088;100.0;0.351441;209.25323;1682.902;0.5928606;-0.04804507;0.0;0.12499094;0.12499839;0.0;0.5883202;694.1639;2974.2834;-1513.5483;4425.6523;-35.57;-88.166664
2002-01-05;-8.768158;-21.277925;-14.111701;748.04193;0.64606404;288.73642;100.0;0.3516117;216.15233;1628.9062;1.0092394;-0.052020885;0.0;0.12436509;0.12435764;0.0;1.0025315;704.18835;2930.929;-899.73334;4781.7886;-38.27;-2.3844445
2002-01-06;-6.8737016;-8.605845;-11.718535;745.37616;0.47944185;143.04074;100.0;0.37054503;204.50746;1808.7158;35.910957;0.016866252;0.0;0.12373924;0.12373924;0.0;35.868958;298.58167;1271.1533;163.695;6451.13;13.603333;-6.3344445
2002-01-07;-8.093087;-9.652322;-8.876557;739.8848;0.8397377;218.69879;100.0;0.39911795;197.62889;2019.3685;14.653728;-0.0074468553;0.0;0.123128295;0.123128295;0.0;14.612563;488.00665;2111.6445;-527.6483;5811.3813;-4.428889;-57.885555
2002-01-08;-11.467526;-13.198463;-10.054508;740.37726;0.98258084;209.43687;100.0;0.4128203;198.5309;2080.4036;7.491627;-0.0544535;0.0;0.122502446;0.122502446;0.0;7.485088;446.31555;1930.3855;-498.77832;5637.536;-41.73111;-132.24556
2002-01-09;-12.062524;-13.6996565;-11.401749;744.7458;0.987849;136.01268;100.0;0.4178764;204.50682;2045.2474;3.8648734;-0.034592114;0.0;0.1218915;0.1218915;0.0;3.863901;512.81335;2178.7644;-878.3406;5037.7856;-26.01111;-103.71111
2002-01-10;-10.98269;-14.220342;-14.036408;746.445;0.822763;56.66946;100.0;0.42023137;210.4837;1998.0469;2.3168952;0.004692003;0.0;0.12129545;0.121288;0.0;2.3126006;538.9039;2254.0144;-718.4678;5059.057;4.788889;-23.395555
2002-01-11;-12.88683;-17.01389;-15.655416;744.3811;1.791618;22.78364;100.0;0.42130277;216.23827;1950.5615;0.026488304;-0.0016093254;0.0;0.120699406;0.120691955;0.0;0.021018088;794.8428;3267.9077;-1250.9484;4264.121;0.64444447;17.213333
2002-01-12;-12.309272;-19.454258;-18.178633;746.68085;1.4499092;16.774157;100.0;0.42134067;221.43976;1904.4596;0.007092616;-0.00813324;0.0;0.12010336;0.12009591;0.0;0.00237301;874.32446;3491.1833;-1322.5383;3977.7324;-4.276111;54.113335
2002-01-13;-11.665065;-19.594215;-19.303192;750.0257;1.3731942;10.702728;100.0;0.42135847;225.6214;1869.1813;0.0;-0.0043818727;0.0;0.11950731;0.11951476;0.0;0.0;897.35834;3491.0623;-1114.6439;4195.309;-1.3611112;75.10778
2002-01-14;-10.077488;-17.89163;-19.162233;751.4445;1.4618083;9.724475;100.0;0.42138445;229.485;1837.9313;0.0021565976;0.004913658;0.0;0.11892617;0.11892617;0.0;0.0;944.68945;3584.1611;-1187.1844;4149.0034;5.99;110.01667
2002-01-15;-8.397347;-18.86903;-18.917336;749.1846;1.0040443;33.699085;100.0;0.4214102;233.19073;1808.9193;0.0038607905;-0.009728596;0.0;0.11834502;0.11835247;0.0;0.0;935.16;3461.521;-985.635;4423.8735;-5.5444446;83.977776
2002-01-16;-10.1073065;-19.270493;-18.420263;748.93085;0.99362546;40.32863;100.0;0.4214257;236.89452;1780.6396;0.0021421239;-0.013047829;0.0;0.11777878;0.11777133;0.0;0.0;991.6644;3584.5388;-1289.5105;4067.6343;-7.9966664;54.334446
2002-01-17;-11.082889;-20.413681;-19.194138;750.7387;1.1979045;13.372761;100.0;0.4214382;240.32777;1755.0455;0.0;-0.014013611;0.0;0.11719763;0.11720508;0.0;0.0;1040.2333;3674.1477;-1345.4094;3941.793;-8.715555;69.22444
2002-01-18;-10.257308;-20.775812;-19.822495;750.5169;1.2291762;16.067379;100.0;0.42145038;243.42479;1732.6254;0.0004351138;-0.013395213;0.0;0.11663139;0.11664629;0.0;0.0;1081.2539;3731.521;-1393.3188;3848.0603;-8.2;96.97222
2002-01-19;-9.699856;-22.078375;-20.327286;747.3171;0.9577579;150.4597;100.0;0.42146006;246.27113;1712.5651;0.00044107434;-0.019556843;0.0;0.116080046;0.1160875;0.0;0.0;1120.8944;3782.5479;-1433.6805;3761.4475;-13.122778;92.842224
2002-01-20;-11.061599;-21.94703;-20.529276;745.56805;1.0203071;48.64653;100.0;0.42146647;248.91632;1694.458;0.0008553266;-0.019242056;0.0;0.1155287;0.11553615;0.0;0.0;1139.7655;3763.0366;-1243.23;3986.9714;-12.887777;65.23778
2002-01-21;-10.71183;-21.378769;-19.300035;742.92334;0.8353636;94.21487;100.0;0.42147097;251.59503;1676.9613;0.00043213367;-0.02584327;0.0;0.11497736;0.11499226;0.0;0.0004246831;1145.8561;3703.1255;-1225.885;4151.3716;-17.815556;30.926666
2002-01-22;-11.355911;-15.356143;-17.42862;740.7924;0.74067754;156.75458;100.0;0.42270288;252.34145;1675.415;4.51347;0.0046584755;0.0;0.11444092;0.11444837;0.0;4.506603;772.9117;2464.8777;-179.80278;5589.7334;4.636667;-30.982222
2002-01-23;-10.540011;-13.771237;-14.106214;743.90216;1.325434;20.264708;100.0;0.4279413;247.70473;1728.5563;1.9969791;-0.013156794;0.0;0.11391938;0.11391938;0.0;1.9949228;614.24945;2220.6755;-768.7411;5080.8774;-8.977222;6.38
2002-01-24;-10.677854;-17.47177;-15.693119;752.26874;1.11793;54.93933;100.0;0.42849624;251.21971;1707.1533;0.0027298927;-0.02111122;0.0;0.113382936;0.113390386;0.0;0.002298504;1073.0538;3804.8022;-1432.8083;4093.7114;-13.73;-16.595556
2002-01-25;-8.239327;-20.122252;-17.168604;754.3555;1.2276423;28.982351;100.0;0.4285049;254.65819;1684.2448;0.0008583069;-0.03070198;0.0;0.11284649;0.11284649;0.0;0.0;1158.0873;4012.98;-1500.0688;3941.6812;-20.912222;92.157776
2002-01-26;-7.940451;-21.869486;-17.908813;754.1392;1.1572913;169.7368;100.0;0.42850673;257.6813;1664.4694;0.0012844794;-0.034248456;0.0;0.11232495;0.11232495;0.0;0.0;1196.9839;4055.4956;-1531.5466;3861.3552;-23.953333;100.68667
2002-01-27;-8.818066;-20.487068;-18.623121;753.8007;1.4623078;9.4314575;100.0;0.42851424;260.41733;1646.8099;0.0012874597;-0.019915402;0.0;0.11181831;0.11181086;0.0;0.0;1243.86;4122.97;-1593.1566;3744.1882;-12.74;130.13333
2002-01-28;-7.0737243;-18.686655;-16.918894;745.95575;0.6202057;193.39369;100.0;0.43076894;260.25748;1655.1107;7.032643;-0.01075957;0.0;0.111311674;0.11130422;0.0;7.0271196;654.35223;2132.8022;23.30889;5904.1436;-7.571111;44.52778
2002-01-29;-9.169419;-12.292908;-13.048252;744.90186;0.9075799;73.37098;100.0;0.4356487;257.57422;1692.8711;0.02386868;-0.014990568;0.0;0.11079013;0.11079013;0.0;0.022985041;991.42725;3655.1467;-979.7339;4972.3335;-8.867778;-78.117775
2002-01-30;-9.734157;-16.306053;-13.663541;747.5538;0.8429129;170.65544;100.0;0.43569133;261.6686;1666.097;0.04324913;-0.03639236;0.0;0.110283494;0.110290945;0.0;0.04021451;1049.7417;3780.949;-1294.2994;4468.5913;-25.336666;-47.738888
2002-01-31;-10.111222;-14.850455;-14.791406;748.7884;0.96280855;286.19778;100.0;0.4358356;265.09082;1645.5485;0.2132386;-0.0038621947;0.0;0.109791756;0.109784305;0.0;0.20623207;983.50836;3469.5344;-1107.8188;4598.023;-0.9522222;-30.68111
2002-02-01;-8.029828;-14.81862;-14.898376;753.31305;0.99465036;142.87587;100.0;0.43594912;268.26334;1626.2614;0.0026136637;-0.01981482;0.0;0.109285116;0.109285116;0.0;0.0013113022;1186.9362;4098.238;-1291.5544;4419.767;-12.3133335;2.5177777
2002-02-02;-5.852468;-14.7706175;-14.604214;753.67896;0.9427209;86.56675;100.0;0.43596414;271.43457;1607.1777;0.0;-0.026922673;0.0;0.10880828;0.10878593;0.0;0.0;1227.6884;4144.56;-1269.4911;4509.2275;-17.678888;25.955555
2002-02-03;-8.355445;-17.843884;-14.836296;751.9578;1.3284355;8.590164;100.0;0.43597022;274.5127;1589.7217;0.0012874597;-0.046069734;0.0;0.10830164;0.10829419;0.0;0.0;1312.3822;4334.5713;-1566.6923;4089.1948;-32.40889;17.68111
2002-02-04;-6.107591;-14.687093;-14.770711;753.86005;1.2608477;58.436615;100.0;0.43597782;277.37988;1573.3643;0.0030099081;-0.022929162;0.0;0.1078099;0.10780245;0.0;0.0;1329.32;4297.09;-1340.7333;4443.35;-14.362223;41.484444
2002-02-05;-4.2627625;-14.316222;-13.710979;756.7972;1.3356718;6.2459006;100.0;0.4359961;280.29135;1556.8441;0.00042678675;-0.03352575;0.0;0.10731816;0.10732561;0.0;0.0;1376.5033;4357.3477;-1325.7322;4598.098;-22.135555;75.13778
2002-02-06;-1.8049316;-14.847747;-12.4399185;757.5296;1.0196128;231.20778;100.0;0.43600318;283.37143;1539.7543;0.0025736627;-0.053569674;0.0;0.106841326;0.106841326;0.0;0.0;1331.6083;4129.1646;-1260.6766;4788.7056;-37.8;70.45333
2002-02-07;-1.1755676;-15.270268;-10.737559;754.75604;0.81862545;192.02625;100.0;0.43598595;286.6543;1521.8506;0.021061987;-0.08485466;0.0;0.10636449;0.10636449;0.0;0.019755214;1338.3445;4068.7056;-825.9725;5511.85;-62.04889;5.128889
2002-02-08;-2.903178;-9.783772;-7.868637;751.57074;0.8954275;59.31134;100.0;0.43600127;290.47983;1502.3193;0.02299348;-0.05251635;0.0;0.10588765;0.1058951;0.0;0.00987947;1150.3511;3432.2932;-994.3236;5508.9033;-37.38;-24.433332
2002-02-09;-2.795812;-9.512525;-8.187511;751.4161;0.8402913;184.90068;100.0;0.43600664;294.4756;1481.6488;0.0008523463;-0.058856793;0.0;0.105425715;0.105418265;0.0;0.0;1551.1805;4539.479;-1703.6777;4558.9165;-41.352222;-23.794445
2002-02-10;-3.5585735;-9.091651;-8.9057;749.4077;0.8418;170.77812;100.0;0.4359704;298.04166;1464.152;0.0004351138;-0.11035614;0.0;0.10494888;0.10494888;0.0;0.0;1574.4;4520.622;-1454.7916;4830.453;-82.46;-57.24889
2002-02-11;-3.2859802;-6.565745;-7.265677;744.8912;0.56633276;88.61566;100.0;0.44320515;293.7858;1506.6324;29.85746;-0.01392141;0.0;0.10448694;0.10449439;0.0;29.63911;558.80945;1613.2411;-59.622223;6656.801;-9.692223;-12.451111
2002-02-12;-4.249288;-4.8501487;-4.644155;743.0405;0.98131704;201.75465;100.0;0.48540398;258.889;1872.5586;24.199844;-0.0536358;0.0;0.10405481;0.10404736;0.0;23.604519;404.87054;1752.0211;-33.464443;6841.9424;-40.77778;-132.92
2002-02-13;-4.489054;-5.3257546;-3.6027272;744.42334;1.0079727;149.95361;100.0;0.49625754;261.43686;1900.4313;3.7265062;-0.11125859;0.0;0.103607774;0.10360032;0.0;3.4237466;592.3345;2523.8323;-544.31;6259.419;-84.96889;-169.48555
2002-02-14;-4.2928977;-5.48348;-4.6373696;748.41754;0.89077616;172.3388;100.0;0.49718884;269.9059;1844.5231;0.09698868;-0.08562114;0.0;0.10316074;0.10316074;0.0;0.07881224;1024.7661;4213.6235;-698.9311;6054.987;-62.68778;-204.73445
2002-02-15;-3.4867656;-4.6215234;-3.7647197;750.4942;1.2273408;249.23907;100.0;0.49773112;277.62695;1794.7592;1.495558;-0.10656007;0.0;0.102713704;0.102713704;0.0;1.3465769;899.2917;3579.0195;-611.14557;6259.261;-79.935555;-154.33444
2002-02-16;-3.9781125;-6.079722;-3.5628917;749.3415;1.0085516;189.32304;100.0;0.50014806;283.56967;1765.5029;2.4039626;-0.17182715;0.0;0.10226667;0.10226667;0.0;2.2575483;1049.9022;4143.9795;-896.8089;5895.29;-129.97;-190.13222
2002-02-17;-6.1454353;-10.469306;-4.5852776;748.64703;0.9901058;130.19939;100.0;0.5020769;288.53647;1741.4957;1.7752051;-0.2427157;0.0;0.101819634;0.101827085;0.0;1.7410778;931.59;3617.791;-1206.9867;5359.831;-186.26666;-162.31444
2002-02-18;-10.867177;-18.176102;-9.71508;750.5774;1.8589658;26.134752;100.0;0.5027;292.9271;1717.8549;0.0012866622;-0.19267294;0.0;0.1013875;0.1013875;0.0;0.0;1329.6355;5074.708;-2063.037;3721.8516;-146.35889;-106.96445
2002-02-19;-8.962585;-17.53834;-13.181907;751.2358;1.674775;18.793161;100.0;0.5026222;296.20605;1698.2422;0.0008667816;-0.089658424;0.0;0.10095537;0.10094792;0.0;0.0;1364.6528;5082.5146;-1693.7039;4006.273;-65.636665;-28.844444
2002-02-20;-6.8880334;-15.349528;-13.862984;748.5433;1.0802745;104.74697;100.0;0.5026104;298.89096;1682.8207;0.0017299689;-0.04748255;0.0;0.10052323;0.10052323;0.0;0.0;1409.0939;5122.901;-1560.0167;4198.5327;-32.54111;-19.769444
2002-02-21;-5.3391037;-14.892936;-13.750198;749.3597;0.982089;150.09926;100.0;0.5026106;301.4183;1668.7418;0.0012882472;-0.062808394;0.0;0.100106;0.1000911;0.0;0.0;1409.0377;5001.5454;-1272.3722;4611.9424;-44.43222;-19.236666
2002-02-22;-4.090332;-12.455386;-12.377143;750.492;0.87812084;120.59554;100.0;0.5026093;304.0394;1654.4596;0.0017129314;-0.057569705;0.0;0.099658966;0.09966642;0.0;0.0;1469.8966;5101.2;-1291.8123;4753.493;-40.093334;-28.96
2002-02-23;-4.444834;-11.456807;-11.671146;749.9255;0.8568093;170.82057;100.0;0.5026054;306.7946;1639.8926;0.0017186957;-0.029763207;0.0;0.099256635;0.099249184;0.0;0.0;1506.9956;5114.3525;-1488.5455;4537.6484;-21.61111;-64.96222
2002-02-24;-3.3223572;-9.2074995;-10.267621;745.47943;0.7031875;125.43759;100.0;0.5053759;306.59604;1647.7457;14.1935425;-0.027712435;0.0;0.0988543;0.0988543;0.0;13.897493;1225.535;4066.6538;-569.7661;5865.2954;-20.167778;-59.326946
2002-02-25;-4.3466086;-5.09849;-6.7803025;742.6397;1.2488562;209.55403;100.0;0.5199893;294.6875;1765.0146;7.984015;0.00093411654;0.0;0.09845197;0.09844452;0.0;7.6282396;464.55722;1889.5538;17.71611;6769.3115;1.1155555;-76.73889
2002-02-26;-6.364512;-7.3211465;-5.1972885;740.08624;1.1494389;200.62646;100.0;0.553161;273.73828;2019.043;43.487617;-0.058589503;0.0;0.09807944;0.09804964;0.0;43.274902;199.57333;856.3839;-403.33667;6248.613;-45.54778;-70.80666
2002-02-27;-10.231354;-12.390206;-7.916073;744.93164;1.062592;160.15672;100.0;0.5705523;267.84863;2132.4463;1.4841766;-0.17845258;0.0;0.09766221;0.09766221;0.0;1.4705472;961.06165;4129.888;-1088.745;5114.406;-136.84111;-285.0611
2002-02-28;-7.562551;-17.377266;-10.736912;749.4429;1.1198633;71.14544;100.0;0.5711538;273.59766;2089.7217;0.0061243773;-0.11865422;0.0;0.09725988;0.09725243;0.0;0.0035502017;1333.3478;5589.0938;-1624.0967;4296.2266;-86.72889;-124.24611
2002-03-01;-4.294346;-16.63774;-12.251985;750.1402;1.1125749;104.95052;100.0;0.5711271;278.47495;2052.8564;0.0;-0.09334739;0.0;0.09685755;0.0968501;0.0;0.0;1376.3356;5614.984;-1432.3345;4489.316;-66.84556;-23.62889
2002-03-02;-2.847585;-12.454337;-11.925308;751.2276;1.1127317;47.841618;100.0;0.57112604;282.86816;2020.5892;0.00085234636;-0.009588897;0.0;0.09645522;0.096447766;0.0;0.0;1422.9944;5654.9365;-1343.5286;4699.6616;-5.157778;-32.427776
2002-03-03;-0.89753217;-12.00633;-10.999786;752.05365;1.0337412;165.79608;100.0;0.571137;287.24673;1989.9088;0.0017106531;-0.028487295;0.0;0.096067786;0.096067786;0.0;0.0;1476.3595;5718.2847;-1390.6444;4757.529;-19.753334;-7.4066668
2002-03-04;-0.60757446;-7.7293906;-10.197459;751.0474;0.8368554;293.95596;100.0;0.5711543;291.6504;1960.4492;0.0017414422;0.0073006377;0.0;0.095680356;0.09568781;0.0;0.0;1511.8114;5711.1865;-1340.5564;4890.671;7.927778;-57.607777
2002-03-05;-3.360545;-4.694668;-7.9334083;751.60596;1.0464395;190.56444;100.0;0.5712063;296.31088;1929.6875;0.020217896;0.031143427;0.0;0.09532273;0.09531528;0.0;0.005248934;1276.1559;4701.6035;-819.0528;5730.991;26.082222;-134.70555
2002-03-06;-3.3346531;-13.013629;-7.3535666;755.9371;1.2451359;27.279455;100.0;0.57120746;301.29166;1897.583;0.0046980674;-0.098573044;0.0;0.0949502;0.0949353;0.0;0.003427267;1609.2933;5793.655;-1634.6217;4769.0483;-74.60555;-142.78334
2002-03-07;-1.0338541;-14.653984;-8.6334;754.045;1.2429641;17.26528;100.0;0.57116073;305.68814;1870.2393;0.0017195934;-0.07947348;0.0;0.09456277;0.09457022;0.0;0.0;1725.3175;6068.7817;-1810.2861;4446.3267;-59.587776;-22.7125
2002-03-08;0.9973755;-12.14955;-8.090393;750.6744;0.9693423;147.40805;100.0;0.5711202;309.68423;1845.7845;0.0008583069;-0.07224083;0.0;0.09419024;0.09419769;0.0;0.0;1721.8119;5919.6934;-1469.3234;4973.169;-53.667778;-48.621113
2002-03-09;-0.74883527;-6.7405562;-6.875149;749.0393;1.0862318;180.54115;100.0;0.5711178;313.77734;1821.6553;0.038656168;-0.014213845;0.0;0.09383261;0.09383261;0.0;0.0;1596.6533;5368.7046;-1366.6187;5156.342;-8.924444;-93.791115
2002-03-10;-0.7232666;-13.345098;-7.402073;755.6839;1.0803176;52.53752;100.0;0.5711269;317.79395;1798.7467;0.0004351138;-0.087320805;0.0;0.09346008;0.09346753;0.0;0.0;1890.5725;6218.323;-1999.752;4310.0107;-65.68222;-71.13333
2002-03-11;2.1977031;-11.845212;-7.192932;757.37726;1.0344507;93.49561;100.0;0.57107407;321.4209;1777.7914;0.0008702277;-0.09485427;0.0;0.093102455;0.09311736;0.0;0.0;1912.4714;6157.1724;-1499.4092;5027.2627;-71.312225;-40.404446
2002-03-12;3.3835957;-11.847362;-4.40212;756.7317;0.7221217;154.1021;100.0;0.57099444;325.46875;1755.9814;0.013333559;-0.12902729;0.0;0.09274483;0.09275228;0.0;0.0;1476.4928;4655.5913;-849.07697;6082.8955;-98.79444;-63.505554
2002-03-13;1.774292;-10.196523;-2.8604584;754.14777;0.72711176;207.60002;100.0;0.5709891;330.37598;1729.9805;0.8583307;-0.17578527;0.0;0.0924021;0.09239465;0.0;0.14876947;1915.5083;5840.113;-1296.9989;5625.938;-134.94778;-149.48944
2002-03-14;-1.1193237;-4.236135;-1.1603266;749.08966;0.5281757;192.67464;100.0;0.57839304;331.2666;1746.6635;12.328083;-0.198517;0.022351742;0.11438131;0.09203702;0.19384548;8.526355;992.7425;3244.9758;-472.7053;6679.6;-151.48889;-135.14194
2002-03-15;-1.4353842;-2.1779785;-0.41355643;746.90424;0.7172768;191.59877;100.0;0.5871084;332.16147;1769.165;6.166637;-0.14661066;0.10500848;0.19668043;0.09167194;1.0201261;3.8708375;1345.985;4426.1113;-728.25916;6454.21;-109.92111;-265.80112
2002-03-16;-2.1129658;-4.0577087;-0.31737772;746.37396;0.95301324;154.10085;100.0;0.590018;336.75977;1753.8656;1.2411356;-0.38875267;0.046133995;0.13744831;0.091306865;0.5364325;0.84619224;1727.3497;5277.3525;-1440.7389;5555.39;-298.14944;-308.94333
2002-03-17;-1.4416708;-6.099233;-0.56678265;745.9626;1.1779358;43.14037;100.0;0.58985305;344.42935;1714.5996;0.81555843;-0.38993078;0.0068843365;0.09781122;0.090934336;0.08498132;0.77344847;2249.3904;6130.1562;-1428.9797;5582.561;-295.76166;-255.4461
2002-03-18;-1.3729655;-3.3389282;-0.42730966;743.8588;1.2525493;39.584167;100.0;0.60227436;339.73795;1771.3623;24.380644;-0.32579526;0.022828579;0.11341274;0.09057671;0.04447438;22.960659;598.75446;2015.035;-295.25723;6860.6323;-253.58667;-143.42778
2002-03-19;-1.1213175;-2.1886597;-0.2100118;744.4761;0.7932181;151.79129;100.0;0.6199483;330.60254;1875.7324;8.068254;-0.22468902;0.06428361;0.15452504;0.09022653;0.51003695;6.939985;1176.0403;4357.2515;-543.9133;6685.2495;-170.18889;-265.9689
2002-03-20;-2.8075764;-3.2898762;-0.16222382;740.74176;0.79686445;163.89551;100.0;0.64502627;316.15332;2038.4115;33.514744;-0.26485416;0.053301454;0.14318526;0.089883804;0.11244044;31.56134;507.11362;2087.2554;-271.74667;6855.943;-205.85777;-289.55444
2002-03-21;-4.1894736;-5.1701484;-0.51803464;740.9119;1.2070235;189.49455;100.0;0.66509765;308.2871;2157.7961;11.65821;-0.44860783;0.0025331974;0.092089176;0.08954108;0.010509044;11.465196;1383.6888;5333.4756;-921.16;6066.7227;-345.89334;-542.66
2002-03-22;-4.8154807;-5.9535217;-1.0659866;739.37604;0.89592654;145.54507;100.0;0.6813492;303.35678;2245.5647;14.363069;-0.42112824;0.0;0.08919835;0.08919835;0.0;14.352515;1030.1017;4016.679;-677.61;6270.1055;-325.87555;-469.89777
2002-03-23;-3.4410603;-5.443634;-1.5694708;746.4067;1.0008377;163.68272;100.0;0.68483204;309.68814;2213.8264;0.15178323;-0.4492346;0.0;0.088870525;0.088855624;0.0;0.13872609;1741.3722;5899.9717;-1085.3641;5900.8257;-344.55444;-404.26
2002-03-24;-2.1527507;-3.5011394;-1.6746572;746.97705;0.77672666;226.92769;100.0;0.68757504;315.72592;2179.118;4.598686;-0.22967067;0.0;0.0885129;0.0885129;0.0;4.3562875;946.33276;3055.3694;-361.89777;6694.0557;-176.67166;-221.72112
2002-03-25;-0.31393433;-1.0856628;-0.4657847;746.50275;0.7668569;162.4229;100.0;0.6906028;324.50552;2130.371;8.158261;-0.11156127;0.50622225;0.5943924;0.08817762;1.4699847;0.31040236;1375.9717;4059.7783;-480.94388;6781.7734;-81.200554;-201.62334
2002-03-26;-0.6502889;-1.7909445;-0.042493183;741.6834;1.0843164;192.48894;100.0;0.6935125;328.50357;2110.2295;30.318499;-0.28130504;1.7057806;1.7936379;0.087834895;9.71749;22.292997;1768.265;4711.325;-550.8542;6754.7666;-211.98222;-292.06888
2002-03-27;-3.3315022;-6.2175193;-0.3932762;742.6424;0.98280686;192.95526;100.0;0.7066924;323.36655;2187.4592;0.6539464;-0.5509322;0.010997057;0.098496675;0.08750707;0.09128079;0.6277263;1691.8461;6184.074;-1559.4956;5323.8745;-420.82056;-389.43777
2002-03-28;-4.6067505;-5.972809;-1.1305288;741.09186;0.870661;155.92706;100.0;0.7091282;328.76074;2157.1453;8.039433;-0.488895;0.0;0.08717179;0.087186694;0.0;7.8447237;1564.4606;4909.308;-942.2478;5973.5923;-375.9;-473.58945
2002-03-29;-5.0861;-6.3705544;-1.611412;742.7327;1.0629746;159.2967;100.0;0.71943945;325.81152;2208.13;8.972367;-0.4833052;0.0;0.08684397;0.08685142;0.0;8.874368;1485.93;5148.8354;-955.2181;5954.6685;-371.66278;-523.4689
2002-03-30;-4.919352;-6.6105957;-2.7787273;746.52295;0.80180055;101.166504;100.0;0.72841793;323.77637;2249.7559;6.7412705;-0.3465889;0.0;0.086545944;0.08653849;0.0;6.7331157;1293.4517;4932.1055;-1004.6886;5780.049;-264.2011;-370.88333
2002-03-31;-4.099752;-7.731364;-3.8331501;750.3725;0.93911916;81.31344;100.0;0.7296877;328.33887;2224.121;0.06556809;-0.4166728;0.0;0.08621812;0.08621812;0.0;0.06315485;1804.6117;6727.7817;-1281.2822;5483.4443;-314.78665;-368.25888
2002-04-01;-1.1400045;-4.3284607;-2.719035;751.5571;0.679065;88.931404;100.0;0.73425084;330.59668;2221.3542;9.185571;-0.15338697;0.0027120113;0.088602304;0.08589774;0.0;6.506659;1300.7866;4959.041;-628.52527;6398.2734;-110.251114;-176.15889
2002-04-02;-1.2061259;-2.7387493;-0.751447;743.7984;0.8429882;89.8285;100.0;0.74622256;333.80435;2235.4736;17.888311;-0.14887285;0.13579428;0.22138655;0.08558482;0.3931504;10.846187;1101.4133;3864.9438;-617.73;6509.4043;-109.98778;-172.58667
2002-04-03;-3.1287842;-3.7426045;-0.398674;738.5115;1.0552526;212.08119;100.0;0.7591503;333.71744;2275.5535;6.2353315;-0.36166888;0.015899539;0.101193786;0.085286796;0.10042265;5.9965587;944.7744;3373.535;-472.74667;6629.2524;-279.1378;-397.52335
2002-04-04;-2.0115662;-3.2983296;-0.36087164;741.6276;1.0876068;207.22505;100.0;0.76348805;338.60645;2255.8186;6.4598117;-0.45522022;0.045627356;0.13062358;0.08498877;0.24850294;5.461905;1714.9822;5497.0254;-726.1458;6462.5635;-347.59332;-420.79224
2002-04-05;-1.3738505;-2.4314167;-0.13975017;746.22797;1.2211663;200.5186;100.0;0.7678258;342.78256;2241.211;3.1837769;-0.4287893;0.2578795;0.3425628;0.0846833;1.7246883;2.1854155;1590.0522;5077.0063;-601.1986;6642.513;-327.60666;-392.59055
2002-04-06;-0.14912923;-0.4028015;-0.017982483;748.3537;1.0041345;196.89618;100.0;0.7686371;346.35678;2219.5232;19.147842;-0.14844257;2.180308;2.2646785;0.08440018;5.5316186;7.142637;986.9756;3067.3105;-82.08583;7256.572;-111.43389;-234.99667
2002-04-07;-1.2561239;-1.6646932;-0.03345871;743.8872;1.0452051;188.55959;100.0;0.7770831;343.2767;2263.0208;21.661217;-0.22735354;1.4309883;1.5150905;0.084109604;3.5284796;14.8618145;807.21387;2927.3494;-242.7525;7007.46;-173.46834;-262.19446
2002-04-08;-1.1151123;-3.4690235;-0.110116325;746.51166;1.3002881;211.10828;100.0;0.780962;345.37662;2262.7766;2.132239;-0.6331671;0.37509203;0.45892596;0.08384138;2.1636226;1.4740564;1907.1755;6395.763;-925.8889;6281.019;-481.7089;-348.45334
2002-04-09;-0.8008525;-1.2759107;-0.06409963;746.72144;1.3212125;211.5594;100.0;0.78031284;349.9069;2231.4045;8.911205;-0.28657168;1.7066151;1.7902106;0.08358806;5.375952;2.8875768;1513.7644;4699.4146;-460.52444;6835.771;-215.66667;-345.60165
2002-04-10;0.18394978;-4.0551834;-0.15651958;746.62775;1.1282003;182.52434;100.0;0.7747278;355.53677;2180.5828;0.0063180923;-0.59678966;1.2643188;1.3476908;0.08336455;7.5476375;0.0063180923;2580.2688;7311.2866;-1606.2659;5517.0513;-448.91446;-277.37
2002-04-11;0.5378494;-5.2006516;-0.38417053;747.0303;1.0535117;60.936863;100.0;0.7688734;362.73276;2121.46;0.0;-0.3726324;0.7891953;0.8723587;0.08317083;4.6883187;7.4505806e-06;2952.6033;7594.965;-2040.1322;4990.1543;-271.60333;-209.55222
2002-04-12;0.024058023;-4.193878;-0.31739807;746.3791;1.0096977;67.52929;100.0;0.76337403;370.29623;2063.1917;2.069831;-0.4018396;1.44808;1.5310943;0.08302182;6.0120635;0.01611188;2806.0356;6733.6323;-1506.0516;5631.7207;-297.48834;-220.86945
2002-04-13;1.5443115;-2.6369731;-0.1988322;748.80884;0.9044411;134.27629;100.0;0.7548128;376.95444;2003.9469;0.15917096;-0.45422;1.9232929;2.0317287;0.10843575;10.455262;7.4505806e-06;3113.7896;7090.376;-1449.9419;5758.926;-337.0789;-217.30556
2002-04-14;2.103363;0.585439;-0.029833475;748.6894;1.1302973;216.17567;100.0;0.74297476;381.9922;1946.3297;2.6377246;-0.25726855;3.2072365;3.3335388;0.12629479;13.735719;0.0;1904.1855;4166.175;-184.57417;7260.202;-191.09889;-146.58223
2002-04-15;2.7332458;1.7690125;0.010023753;750.14325;1.1068995;217.01817;100.0;0.72675353;385.51855;1886.8002;8.5968075;-0.14660043;6.294921;6.479785;0.1848489;17.456238;0.001180917;2017.1672;4280.443;-184.61111;7297.2476;-104.11056;-137.58444
2002-04-16;3.1594746;2.5168965;0.010375977;750.1062;0.92715764;220.49544;100.0;0.7101826;388.52866;1829.3457;10.398537;-0.04156679;7.4906945;8.075685;0.5849898;16.367495;0.0;1604.4384;3325.9727;-0.85888886;7471.9717;-24.713333;-89.3
2002-04-17;2.336385;1.639974;0.009113312;748.02325;0.7337711;190.20465;100.0;0.69719934;390.7855;1784.2203;39.900024;-0.000115484;14.872193;17.250807;2.3786201;10.997694;5.1417203;953.9522;1938.8472;65.032776;7474.7563;3.251111;-45.944443
2002-04-18;1.7424622;0.2318929;4.196167e-05;745.4377;0.8546694;102.23178;100.0;0.6900301;388.152;1778.2389;17.332047;-0.16000308;8.625492;9.753346;1.1278615;12.530737;1.7762333;1714.3933;4366.974;-389.81528;7013.8887;-113.575554;-145.1011
2002-04-19;1.5109152;-0.70266724;-0.032924652;744.3779;0.91817135;199.2257;100.0;0.67878723;389.6605;1743.042;2.887392;-0.341014;5.622804;6.55061;0.9278208;13.764415;0.0070147216;2525.8894;6421.3438;-981.4731;6385.45;-249.51334;-216.16444
2002-04-20;0.31982422;-2.9009807;-0.090358734;745.0994;0.8260424;188.93059;100.0;0.6671195;392.98276;1698.2828;2.942414;-0.65747744;3.6390872;3.7864745;0.14738739;10.805871;2.1462889;3062.9812;7285.0415;-1315.3595;5977.5776;-495.31332;-296.95444
2002-04-21;-1.2582906;-2.2631428;-0.0848465;743.9902;0.8767734;223.96907;100.0;0.6710275;381.91147;1756.2662;9.265596;-0.4178416;1.6949177;1.8288493;0.13391674;4.390698;7.6689386;1703.586;5571.8413;-749.3025;6493.174;-314.36334;-367.66
2002-04-22;-0.62127686;-1.9188436;-0.08365885;746.4853;0.8786977;190.49068;100.0;0.6669081;384.55176;1735.026;3.6891348;-0.4568072;2.6277156;2.818197;0.19049644;6.275788;1.4233589;2130.715;6120.886;-743.49945;6566.7817;-342.73557;-362.6422
2002-04-23;-0.7368062;-1.2148234;-0.04529063;748.68146;1.0623597;206.62201;100.0;0.6632906;384.22168;1726.5625;7.2477937;-0.3171507;3.5786033;3.7453473;0.166744;7.697474;3.6286004;1814.4695;5251.488;-650.6997;6653.9097;-236.91278;-358.6489
2002-04-24;-0.08615112;-2.222707;-0.049926758;748.3574;1.0163491;214.68663;100.0;0.65784323;385.1979;1707.8857;8.47829;-0.5507749;3.3938737;3.5806298;0.1867488;8.067463;5.8034883;2139.7861;5871.684;-630.3261;6711.1743;-415.06888;-289.64444
2002-04-25;0.08381144;-2.5007527;-0.03674698;744.86743;1.3666697;228.50453;100.0;0.657339;380.89517;1726.359;4.7497454;-0.58044213;3.0365586;3.3045263;0.26796758;7.0720987;1.8231869;2128.7866;6599.723;-965.19336;6304.277;-436.80777;-246.95778
2002-04-26;0.94000244;-2.440918;-0.080083214;749.5811;1.0407265;219.54832;100.0;0.64933383;383.89844;1692.5049;0.3096938;-0.60881954;3.348112;3.5889447;0.24083257;9.921474;0.03594905;2506.7822;6952.6733;-1065.1561;6216.3984;-456.12723;-272.48557
2002-04-27;1.9308777;-2.0837605;-0.117881775;750.47235;0.9222412;172.46883;100.0;0.6386965;387.95865;1647.1354;0.046984714;-0.48178342;4.0629954;4.3379364;0.27494878;11.351444;0.0295043;2572.3328;6515.691;-902.42725;6412.58;-356.71277;-243.74889
2002-04-28;2.7024028;-0.5568746;-0.12387594;748.59894;1.1083487;133.41475;100.0;0.62717;392.41275;1598.7955;0.59454143;-0.26428515;4.1265783;4.4833126;0.35672635;11.5888605;0.0;2242.0706;5320.839;-1037.0167;6218.2456;-191.79889;-105.208885
2002-04-29;1.5289917;-2.6769714;-0.1915474;749.60645;1.0063788;85.69384;100.0;0.6141341;397.16373;1547.4447;0.10257661;-0.47335774;5.494699;6.5878334;1.0931492;14.235061;0.0009536743;3363.8533;7596.735;-1504.414;5720.4966;-346.94388;-262.11
2002-04-30;1.0504965;-2.879598;-0.21450806;749.20184;1.0963634;109.171875;100.0;0.60109717;402.44498;1494.4662;0.5787177;-0.5232077;4.4084787;4.831493;0.42304397;11.980455;5.2154064e-05;3264.4268;7099.9595;-1548.6967;5645.447;-389.55;-213.47556
2002-05-01;1.3973389;-3.9259033;-0.2327385;749.08057;1.0748907;91.25686;100.0;0.5875294;408.02408;1441.2842;0.0377366;-0.5880464;5.495101;6.041348;0.54626167;14.344316;0.00040978193;3753.0593;7936.985;-1728.3478;5469.832;-435.95444;-257.97665
2002-05-02;2.8164368;-4.7362366;-0.20145798;748.2891;0.993989;94.32593;100.0;0.5723874;413.74673;1384.5621;0.3838688;-0.46790206;5.881369;7.2078705;1.3265163;15.259538;0.0;3712.15;7681.7876;-1588.7628;5697.242;-340.95;-184.05112
2002-05-03;2.1764424;-2.0540771;-0.098911285;747.4314;0.9372554;129.53453;100.0;0.5564909;417.97623;1332.3568;4.2727113;-0.36707336;8.282527;9.4551;1.1725798;17.718401;0.0;3045.172;6194.076;-1094.0011;6258.6807;-268.33444;-171.10556
2002-05-04;1.673818;-1.439331;-0.07176844;746.7492;1.0092807;179.07225;100.0;0.541727;419.1227;1293.2535;5.031682;-0.4548114;8.418396;10.169387;1.7509907;17.961815;1.2914612;3185.9905;6840.4966;-1175.8406;6181.282;-336.8089;-232.76
2002-05-05;0.851064;-0.7166748;-0.09499232;747.60455;0.9800029;196.76482;100.0;0.525639;422.86264;1244.0592;7.5016317;-0.35000032;9.261743;10.861158;1.5994161;15.714552;0.0054091215;2996.314;6270.4766;-884.2814;6458.3657;-257.1089;-256.1078
2002-05-06;1.15566;-1.701477;-0.089074455;747.872;1.0971807;172.58073;100.0;0.5088787;426.05307;1195.6381;1.9647777;-0.63798016;7.3504596;9.687365;2.3369045;16.838394;0.00029057264;3424.94;7030.569;-1310.5538;5997.769;-480.53555;-321.79333
2002-05-07;0.7429301;-2.860616;-0.17506535;748.3013;1.1022638;103.90286;100.0;0.49313486;430.41602;1146.7692;0.72241426;-0.64861405;5.6247115;7.357836;1.7331243;15.01602;7.4505806e-06;3639.4268;7359.4224;-1538.2089;5711.858;-487.0478;-274.07666
2002-05-08;1.571991;-3.5075684;-0.1891454;749.4402;0.96781516;113.95637;100.0;0.47786084;436.20508;1096.8832;1.585031;-0.6967299;5.947441;8.48879;2.5413558;15.032616;0.0057183206;3892.9456;7782.32;-1566.005;5687.691;-522.5933;-237.30222
2002-05-09;1.2625732;-2.0357769;-0.097089134;748.1503;0.90656894;81.3493;100.0;0.47127673;431.2816;1092.9362;8.220386;-0.27453527;4.8859415;7.03983;2.1538959;11.396218;4.060237;2084.3872;5131.7275;-1180.0623;6012.2026;-200.21445;-145.89223
2002-05-10;3.1313884;-2.469157;-0.18742752;749.3958;1.1018656;106.518135;100.0;0.45918226;434.67642;1057.902;0.031769276;-0.47312117;5.3234396;7.632613;2.3091958;13.902605;2.9802322e-05;3379.034;7880.952;-1366.8181;5924.0225;-343.8089;-196.63889
2002-05-11;1.8597107;-0.5411479;-0.102446236;747.7546;1.0755782;187.65358;100.0;0.4452257;439.0355;1015.4216;7.4650946;-0.2135858;8.930386;12.743086;3.8127005;15.9935465;0.04370883;2531.2744;5642.771;-906.5158;6411.942;-151.19221;-165.55222
2002-05-12;2.1770527;-2.3725994;-0.15086238;747.22144;1.1695776;112.029205;100.0;0.42988193;443.37534;971.0286;0.83830357;-0.5017165;6.3700824;9.380937;3.010869;15.574988;0.002387911;3115.4395;6717.979;-1141.1226;6168.7188;-370.6389;-245.62
2002-05-13;3.2412517;-0.95858765;-0.14245605;749.3567;1.0928422;110.2273;100.0;0.41405463;448.54263;924.2757;3.765285;-0.30395108;7.886991;11.86578;3.9787815;15.930325;0.0;3116.5383;6547.809;-1141.2678;6202.2886;-217.65666;-133.33223
2002-05-14;2.945882;0.54522705;-0.046052296;749.3975;1.1245638;112.19547;100.0;0.39580432;449.9873;880.5745;9.068641;-0.3010016;11.090994;16.341791;5.250789;19.431982;0.0834018;2954.1907;6080.6064;-637.2167;6842.6016;-215.39555;-152.85889
2002-05-15;2.6615398;1.2773539;-0.0025253296;747.5566;1.0236071;122.06418;100.0;0.3777105;450.0;840.20996;10.543296;-0.1367405;12.022823;19.52219;7.4993668;17.80152;0.0;2333.9822;4746.47;-556.2756;6893.6636;-93.87556;-112.43222
2002-05-16;3.5937397;1.6081644;-0.040667217;752.16046;0.91264254;112.22686;100.0;0.35735086;450.0;795.00323;5.061084;-0.22409484;12.028992;20.978092;8.9491005;22.947733;0.0;3084.3132;6191.599;-886.4328;6564.867;-156.79556;-166.45444
2002-05-17;5.0240073;0.17736816;-0.13036855;753.9468;1.0895854;126.55491;100.0;0.33418903;449.99966;744.01855;0.025710661;-0.35715848;10.021329;20.501226;10.479927;24.270092;0.020623207;3646.77;7257.8833;-1185.1644;6246.0845;-253.62111;-158.91333
2002-05-18;7.952006;-1.2613729;-0.20215733;752.9876;1.1867383;94.83517;100.0;0.31113294;450.0;692.7083;0.08632243;-0.3954731;8.919731;20.176903;11.257179;22.63337;0.0;3939.0422;7775.6387;-1424.6017;6012.3945;-281.38443;-46.976665
2002-05-19;9.574208;-3.1571453;-0.1894226;748.74835;1.2627331;150.67279;100.0;0.28671375;450.0;638.10223;0.042632222;-0.48649126;10.496348;22.490591;11.994235;25.003426;0.0;3841.672;7535.2876;-1252.4678;6190.532;-352.51556;-4.078889
2002-05-20;6.962992;-1.3074545;-0.20042546;748.35187;1.2255498;124.68217;99.96696;0.2625898;450.0;584.2692;0.9550333;-0.43078884;10.126487;22.661015;12.534529;23.18161;0.0;3863.5627;7539.8057;-1253.5344;6177.557;-310.5178;-83.67333
2002-05-21;7.157705;-0.062123615;-0.19796498;749.92804;0.8846026;165.99734;98.150635;0.23817523;450.0;530.5176;0.8700371;-0.36345795;11.3473835;24.21236;12.864963;25.171139;0.0;3917.3193;7550.1143;-1213.0372;6238.7407;-254.14667;-131.68556
2002-05-22;7.6635437;-1.2893881;-0.2255923;750.8422;1.4730783;241.94737;95.9327;0.21365447;450.0;475.95215;1.2652576;-0.6629992;10.476589;24.03921;13.56262;24.016493;0.0;4014.4172;7615.721;-1295.6461;6176.426;-482.47;-53.72778
2002-05-23;9.375916;-3.6525471;-0.24180858;751.10986;1.5053958;219.45831;94.7308;0.18993933;450.0;422.93295;0.5045116;-0.8739922;9.973585;23.42251;13.448932;23.271166;0.0;4171.8174;7843.81;-1249.0728;6259.7656;-641.16113;10.215555
2002-05-24;6.348684;1.0279032;-0.1583519;748.40216;1.2918335;162.5636;94.16846;0.16889799;450.0;376.1393;8.668214;-0.41001755;11.899069;27.500347;15.60127;20.91926;0.0;2931.8723;5478.938;-913.5539;6562.896;-290.5178;-54.404446
2002-05-25;5.2560425;2.241211;-0.26722717;751.7719;1.0909873;168.39629;93.93701;0.14876707;450.0;331.17676;6.243662;-0.27820095;10.416955;28.004765;17.587826;20.444408;0.0;3137.9172;5847.8413;-896.9094;6553.211;-188.84666;-176.84111
2002-05-26;8.046722;1.2572225;-0.2570165;753.54486;1.1465802;148.79771;93.821045;0.124586105;449.9629;278.0355;0.0035881994;-0.58823264;11.18964;27.727858;16.538218;27.158476;0.0006109476;4434.057;8260.064;-1305.1344;6283.952;-411.7689;-196.85667
2002-05-27;10.668712;0.70509845;-0.31859717;752.6587;1.1653005;149.3439;93.767334;0.09695824;449.96094;216.63411;0.0008523463;-0.63014495;11.781036;27.578236;15.797197;27.838755;0.0;4550.1973;8467.6045;-1426.7506;6170.433;-441.27;-92.335556
2002-05-28;10.579143;1.1041666;-0.41716385;750.01666;1.638206;180.85834;93.03776;0.068439245;449.96094;153.52376;0.12630224;-0.73540115;12.18877;27.471296;15.282527;28.531403;0.0;4368.0815;8115.5435;-1280.6422;6330.307;-522.9106;-6.7222223
2002-05-29;9.695872;1.6604004;-0.75289917;750.34033;1.2272204;193.95195;80.35116;0.040813725;449.96094;92.0817;0.0775218;-0.7652081;11.425227;25.745869;14.320657;26.250847;0.0;4519.7734;8112.09;-1445.5734;6139.947;-534.8422;-138.87778
2002-05-30;10.38561;1.3808594;-0.89326733;752.1713;1.3347434;195.6573;45.34798;0.019682327;449.96094;44.759113;0.0;-1.9106967;6.403461;18.361002;11.957548;17.351046;0.0;5624.065;8456.927;-1842.9089;6077.227;-1330.6133;-354.03333
2002-05-31;10.9045515;-0.6025899;-0.7280744;751.6254;1.7909007;239.78217;19.451986;0.008442402;449.96094;18.961588;0.44676661;-2.6239958;2.5623515;13.8445425;11.28219;7.402133;0.0;5659.6055;7603.6978;-1843.9939;6279.27;-1828.1333;-601.50555
2002-06-01;10.221802;-3.489207;-0.8426857;749.8613;1.4309006;185.78905;8.19458;0.003548344;449.96094;7.77181;0.018793344;-3.502991;0.9748861;11.393033;10.418147;3.2981634;0.0;6659.331;8537.884;-2439.1868;5775.6143;-2437.4622;-870.5211
2002-06-02;8.142914;-1.5507507;-0.51622134;748.8995;1.5048631;179.83293;3.3233235;0.0014402469;449.96094;3.2552083;0.9634465;-3.0259247;0.52027404;10.005325;9.485051;1.3142414;0.0;6033.253;7580.3735;-2024.28;6224.575;-2103.2612;-1257.169
2002-06-03;8.523021;-2.1871235;-0.68630856;750.8388;1.3172382;181.71466;1.3463541;0.00058186054;440.94043;1.3834635;0.17780364;-3.5879827;0.16657263;8.754283;8.587703;0.567548;0.0;6599.211;8218.849;-2445.4973;5858.6074;-2492.8945;-1216.5377
2002-06-04;10.536835;-2.662323;-0.7813301;751.9431;1.1077696;180.18626;0.50960284;0.00021922588;429.2959;0.44759116;0.021144748;-3.9732876;0.05517155;7.8313055;7.776141;0.2370663;0.0;6924.762;8587.77;-2675.8638;5783.4595;-2760.1833;-930.3011
2002-06-05;10.816844;-1.0957133;-0.013660431;749.93195;1.1907328;166.98856;0.1792806;7.7048935e-05;428.46616;-7.27919e-21;1.1977167;-3.7802522;0.19407272;7.2622595;7.0681868;0.08434802;0.0;6045.8843;7480.2334;-2026.1489;6541.6265;-2626.0344;-892.74225
2002-06-06;8.481923;-0.9491577;-0.22981517;749.8171;1.6229173;190.73628;0.065592445;2.8729439e-05;428.09375;-7.27919e-21;1.6257942;-3.2569952;0.23759902;6.6964774;6.458871;0.026986003;0.0;6113.9473;7553.242;-2265.2227;6059.421;-2262.5557;-1416.6056
2002-06-07;9.727763;-3.126994;-0.41552225;752.9113;1.1364489;147.27242;0.025227865;1.1046727e-05;428.09375;-7.27919e-21;0.0004351138;-4.0689015;0.0022649765;5.9344172;5.9321523;0.012155622;0.0;6961.4717;8590.087;-2667.135;5833.0864;-2826.5334;-1011.7133
2002-06-08;12.64856;-0.6685994;-0.20718892;753.68207;1.187313;152.52252;0.008219401;3.6557515e-06;428.09375;-7.27919e-21;0.0013858071;-4.1987395;0.00090897083;5.473524;5.472608;0.0043958426;0.0;6868.2373;8465.588;-2502.7239;6268.8;-2916.7244;-792.55444
2002-06-09;12.662343;2.8131306;0.00993983;752.72876;1.1555153;54.48511;0.0026855469;1.2318293e-06;428.09375;-7.27919e-21;2.3824155;-3.7700665;0.320822;5.393237;5.072385;0.0013113022;0.0;6180.6045;7609.872;-2239.7896;6636.1777;-2618.94;-785.9211
2002-06-10;14.180969;1.1017761;0.010046641;751.781;1.2920593;41.941044;0.00056966144;2.3841858e-07;428.09375;-7.27919e-21;0.0067144632;-4.337434;0.00082701445;4.722603;4.721783;0.00039488077;0.0;6767.3936;8323.602;-2409.165;6556.2227;-3013.071;-788.58777
2002-06-11;15.403595;-1.6723124;-1.8706818;751.30817;1.3903412;113.47161;0.0;-7.2791903e-25;310.66928;-7.27919e-21;0.0114142895;-4.373016;0.0009685755;4.411414;4.410431;9.685755e-05;0.0;6850.0386;8416.416;-2581.6467;6380.6367;-3037.7878;-777.98
2002-06-12;14.949626;-2.3082886;-2.9007072;749.81354;1.8330895;169.90703;0.0;-7.2791903e-25;125.176414;-7.27919e-21;0.00085532654;-4.2536163;8.940697e-05;4.1337013;4.1336117;3.3527613e-05;0.0;6943.7144;8522.632;-2640.1882;6302.7876;-2954.8455;-993.3
2002-06-13;12.335561;-1.0069784;-1.4819006;749.5379;1.239131;193.90057;0.0;-7.2791903e-25;102.84796;-7.27919e-21;0.0;-3.700206;0.0;3.8860738;3.8860738;3.7252903e-06;0.0;6971.706;8548.054;-2683.7495;6109.5186;-2570.41;-1382.0022
2002-06-14;12.39619;0.9820455;0.009835561;750.36847;1.0959703;120.96185;0.0;-7.2791903e-25;99.99998;-7.27919e-21;0.523448;-3.3164098;0.04683435;3.710866;3.664024;0.0;0.0;6375.4814;7808.7134;-2395.5222;6527.3022;-2303.8;-1238.4944
2002-06-15;13.445821;2.4407856;0.00999705;751.4642;1.2493318;107.342735;0.0;-7.2791903e-25;99.99998;-7.27919e-21;0.056390915;-3.5092645;0.004693866;3.4680068;3.463313;0.0;0.0;6346.69;7765.3145;-2198.7588;6887.362;-2437.77;-1217.5555
2002-06-16;14.7421465;1.5098063;0.009930928;751.59717;1.2013794;118.348854;0.0;-7.2791903e-25;99.99998;-7.27919e-21;0.033977628;-3.3403273;0.0027865171;3.2834558;3.280662;0.0;0.0;6262.5703;7661.392;-2410.0256;6715.702;-2320.4133;-1116.0067
2002-06-17;15.057942;-2.240387;0.009616852;750.3947;1.2283834;123.47047;0.0;-7.2791903e-25;99.99998;-7.27919e-21;0.00085234636;-3.5382435;7.4505806e-05;3.113687;3.1136127;0.0;0.0;6981.069;8539.444;-2837.891;6298.207;-2457.9;-1296.52
2002-06-18;13.674591;-2.9900715;0.00987498;747.1621;1.5216321;175.29994;0.0;-7.2791903e-25;99.99998;-7.27919e-21;0.0017225739;-3.1069443;0.00013411045;2.960652;2.960533;0.0;0.0;6912.3745;8454.372;-2742.5479;6308.0513;-2158.291;-1671.4767
2002-06-19;12.416371;-0.926768;0.010172526;744.8128;2.0972626;167.27092;0.0;-7.2791903e-25;99.99998;-7.27919e-21;0.07415116;-2.3444798;0.005736947;2.826676;2.8209314;0.0;0.0;5608.342;6858.509;-2284.4084;6627.3516;-1628.6322;-1508.6433
2002-06-20;10.19279;-5.3299766;0.010302226;744.8664;1.4582196;176.09187;0.0;-7.2791903e-25;99.99998;-7.27919e-21;0.28617084;-2.4955795;0.021621585;2.7142167;2.692595;0.0;0.0;6784.26;8295.46;-2773.8044;6013.7266;-1733.5956;-2078.0234
2002-06-21;11.288055;-0.51990765;0.010229747;748.07477;0.94927627;100.64414;0.0;-7.2791903e-25;99.99998;-7.27919e-21;0.19566715;-2.4064891;0.014320016;2.5880785;2.5737584;0.0;0.0;6026.4297;7367.8076;-2407.3533;6631.0864;-1671.7089;-1487.0845
2002-06-22;12.697103;1.6072083;0.009774526;752.33905;1.5638703;42.650425;0.0;-7.2791903e-25;99.99998;-7.27919e-21;0.03064591;-2.4979002;0.0022351742;2.4656506;2.4634004;0.0;0.0;6721.2812;8216.409;-2696.5771;6473.4688;-1735.2078;-1857.4434
2002-06-23;13.810089;-0.35743204;0.0097846985;753.29803;1.6787667;38.571793;0.0;-7.2791903e-25;99.99998;-7.27919e-21;0.0004351138;-2.4906342;2.9802322e-05;2.3602843;2.360262;0.0;0.0;6913.026;8449.729;-2864.4534;6411.2476;-1730.1611;-1867.1566
2002-06-24;14.751079;-0.013142903;0.00985082;755.705;1.9615288;39.986683;0.0;-7.2791903e-25;99.99998;-7.27919e-21;0.0;-2.3457427;0.0;2.2639184;2.263926;0.0;0.0;6987.8076;8540.009;-2948.1472;6441.3765;-1629.5089;-1950.4944
2002-06-25;15.877421;-1.2104492;0.0103213;755.2802;1.6689533;39.93399;0.0;-7.2791903e-25;99.99998;-7.27919e-21;0.0012945756;-2.3019753;8.940697e-05;2.1739154;2.1738262;0.0;0.0;7071.144;8640.756;-3147.8477;6367.8223;-1599.1056;-1805.1189
2002-06-26;17.723337;-1.748057;0.009840648;751.93243;1.2022628;102.10653;0.0;-7.2791903e-25;99.99998;-7.27919e-21;0.0;-2.0376873;0.0;2.0895302;2.0895376;0.0;0.0;6121.634;7479.45;-2684.6667;7003.29;-1415.5133;-1464.039
2002-06-27;17.25588;-1.5899454;0.009854634;749.7861;1.7134563;145.30476;0.0;-7.2791903e-25;99.99998;-7.27919e-21;0.0017243801;-1.8229485;0.00011920929;2.011031;2.0109117;0.0;0.0;6138.823;7499.481;-2727.0188;6897.7856;-1266.3422;-1742.2822
2002-06-28;16.545471;-2.6910706;0.00995636;751.3851;1.5083851;139.29878;0.0;-7.2791903e-25;99.99998;-7.27919e-21;0.0012868922;-1.8649473;8.940697e-05;1.936987;1.9369125;0.0;0.0;6874.1274;8396.74;-3023.2427;6596.4756;-1295.5167;-2132.2778
2002-06-29;15.478017;0.0022786458;0.010068257;751.22125;1.6454514;164.49512;0.0;-7.2791903e-25;99.99998;-7.27919e-21;0.6428808;-1.6883407;0.043928623;1.9113123;1.8673986;0.0;0.0;6725.474;8214.056;-2836.6667;6707.121;-1172.8345;-2358.8545
2002-06-30;15.081441;-0.7812907;0.009969075;751.68427;1.1887063;185.64514;0.0;-7.2791903e-25;99.99998;-7.27919e-21;0.0017166138;-1.922356;0.00010430813;1.8020272;1.8019229;0.0;0.0;6824.439;8333.741;-2962.4106;6611.1777;-1335.3978;-2140.111
2002-07-01;14.731893;2.5405781;0.0099487305;752.67377;1.2521741;91.79758;0.0;-7.2791903e-25;99.99998;-7.27919e-21;0.28626323;-1.7584096;0.017762184;1.7576218;1.7398372;0.0;0.0;6633.9263;8100.0845;-2897.625;6738.618;-1221.5089;-2098.2212
2002-07-02;16.111032;-0.47409058;0.009878795;753.4624;1.2676555;109.88253;0.0;-7.2791903e-25;99.99998;-7.27919e-21;0.00044107434;-1.850348;2.9802322e-05;1.6811192;1.6811043;0.0;0.0;6912.0024;8438.587;-3128.4917;6582.7812;-1285.3756;-2060.2212
2002-07-03;17.189096;-1.5599365;0.010046641;753.84375;1.3189812;117.3086;0.0;-7.2791903e-25;99.99998;-7.27919e-21;0.031340122;-1.7017983;0.0019222498;1.6272813;1.6253517;0.0;0.0;6792.7734;8291.951;-3146.6372;6643.1235;-1182.1833;-2036.21
2002-07-04;17.15743;-2.2317913;0.010100047;752.2304;1.5411096;123.85947;0.0;-7.2791903e-25;99.99998;-7.27919e-21;0.04681945;-1.5407224;0.0029057264;1.5756339;1.5727355;0.0;0.0;6447.6484;7869.648;-2943.7034;6791.754;-1070.289;-2025.7067
2002-07-05;16.355234;-0.7631734;0.009792328;751.6357;1.3874698;128.50984;0.0;-7.2791903e-25;99.99998;-7.27919e-21;0.25408268;-1.5753918;0.015288591;1.5380979;1.5227944;0.0;0.0;6874.154;8389.11;-3068.6746;6711.4487;-1094.3722;-2287.0356
2002-07-06;16.59545;2.4280396;0.010027568;753.0804;1.205471;93.87405;0.0;-7.2791903e-25;99.99998;-7.27919e-21;0.072577596;-1.498986;0.004157424;1.4796108;1.4754385;0.0;0.0;6156.161;7511.872;-2773.3755;7108.907;-1041.2966;-1862.4388
2002-07-07;16.577097;4.300771;0.010270436;752.27484;1.3244119;42.586376;0.0;-7.2791903e-25;99.99998;-7.27919e-21;0.14698505;-1.3729241;0.008627772;1.4391989;1.4305711;0.0;0.0;6004.8193;7326.375;-2674.7966;7201.812;-953.7256;-1965.9889
2002-07-08;15.911479;5.390859;0.01002121;751.29645;1.322867;77.21821;0.0;-7.2791903e-25;99.99998;-7.27919e-21;1.5448928;-1.4455988;0.09983778;1.4878511;1.388006;0.0;0.0;5695.885;6948.5854;-2458.27;7341.912;-1004.20886;-1912.1333
2002-07-09;16.776804;3.9155273;0.009878795;752.03296;1.0984573;86.30227;0.0;-7.2791903e-25;99.99998;-7.27919e-21;0.044070855;-1.8935231;0.002503395;1.3501495;1.3476386;0.0;0.0;5975.032;7288.0854;-2670.4255;7112.243;-1315.3672;-1658.8744
2002-07-10;18.291666;0.339152;0.01014328;752.0882;1.2904193;120.06995;0.0;-7.2791903e-25;99.99998;-7.27919e-21;0.009357929;-1.7882361;0.00040233135;1.309067;1.3086722;0.0;0.0;6740.8594;8221.147;-3059.635;6899.7896;-1242.2267;-2028.8467
2002-07-11;17.906494;-4.3747354;0.0097465515;751.42676;1.3551995;124.93015;0.0;-7.2791903e-25;99.99998;-7.27919e-21;0.00044107434;-1.540048;2.9802322e-05;1.2713373;1.2713224;0.0;0.0;7035.504;8579.392;-3412.0334;6476.3794;-1069.82;-2233.119
2002-07-12;17.26413;-5.124817;0.009900411;751.80634;1.3515892;221.76927;0.0;-7.2791903e-25;99.99998;-7.27919e-21;0.0008523463;-1.3809688;4.4703484e-05;1.2357086;1.2356639;0.0;0.0;7081.0723;8633.904;-3503.6306;6320.1953;-959.3122;-2263.0457
2002-07-13;17.295572;-1.668569;0.009635925;753.18;1.3667506;181.35155;0.0;-7.2791903e-25;99.99998;-7.27919e-21;0.0;-1.3049757;0.0;1.2015551;1.2015551;0.0;0.0;6927.8843;8446.035;-3272.9434;6636.378;-906.5233;-2332.9067
2002-07-14;17.566122;-2.1105754;0.010012309;751.5323;1.3112088;118.752235;0.0;-7.2791903e-25;99.99998;-7.27919e-21;0.0008583069;-1.2906585;4.4703484e-05;1.1689067;1.1688695;0.0;0.0;6950.3774;8472.341;-3333.9756;6632.932;-896.57776;-2336.73
2002-07-15;17.572357;-1.3142294;0.009660085;749.9834;1.1166345;116.64881;0.0;-7.2791903e-25;99.99998;-7.27919e-21;0.0077188015;-1.237032;0.00032782555;1.1378825;1.1375695;0.0;0.0;6672.512;8132.535;-3176.0952;6818.1333;-859.325;-2204.9055
2002-07-16;17.237772;0.9104106;0.009318034;752.00653;1.1889719;103.5153;0.0;-7.2791903e-25;99.99998;-7.27919e-21;0.29917076;-1.176347;0.016331673;1.1239946;1.1076927;0.0;0.0;6249.459;7615.2134;-2876.2039;7094.2056;-817.17;-2201.5745
2002-07-17;17.064127;3.0651448;0.009660085;752.8484;1.1929475;146.42178;0.0;-7.2791903e-25;99.99998;-7.27919e-21;0.21352768;-1.2113173;0.011175871;1.0903925;1.0792166;0.0;0.0;6035.2217;7352.5605;-2664.9038;7344.38;-841.4617;-2139.5388
2002-07-18;18.010681;2.3182476;0.009787242;753.5689;1.1905046;121.41629;0.0;-7.2791903e-25;99.99998;-7.27919e-21;0.06979108;-1.2750504;0.0038146973;1.0556281;1.0517985;0.0;0.0;6414.786;7813.208;-2954.3118;7163.023;-885.73444;-2159.0366
2002-07-19;18.87088;2.2199097;0.009980519;755.1264;1.0128886;39.39192;0.0;-7.2791903e-25;99.99998;-7.27919e-21;0.037244126;-1.1938624;0.0017285347;1.027137;1.0253936;0.0;0.0;5926.581;7216.9526;-2810.996;7393.418;-829.3367;-1838.4233
2002-07-20;19.332956;5.130198;0.009768168;754.7517;1.226726;43.112427;0.0;-7.2791903e-25;99.99998;-7.27919e-21;0.119555;-1.1228491;0.00628829;1.0063648;1.0000616;0.0;0.0;5926.438;7215.306;-2678.4065;7599.4224;-780.00555;-1994.6466
2002-07-21;18.714895;7.758016;0.009984334;752.4925;1.0386205;87.6502;0.0;-7.2791903e-25;99.99998;-7.27919e-21;1.5172839;-1.270609;0.08645654;1.062274;0.97581744;0.0;0.0;5611.642;6830.49;-2537.2888;7672.368;-882.65;-1841.5178
2002-07-22;18.95102;3.811076;0.009705861;750.4394;1.1595546;118.07306;0.0;-7.2791903e-25;99.99998;-7.27919e-21;0.021442771;-1.6381108;0.0010281801;0.9536445;0.95261633;0.0;0.0;5598.747;6813.25;-2679.9468;7367.669;-1137.9412;-1595.1
2002-07-23;18.016968;-1.3044943;0.00963974;748.30225;1.6105772;134.1714;0.0;-7.2791903e-25;99.99998;-7.27919e-21;0.0005096196;-1.3679537;2.9802322e-05;0.9301156;0.9300858;0.0;0.0;6712.973;8167.287;-3258.9695;6697.291;-950.2722;-2290.2344
2002-07-24;16.564758;-1.134613;0.0095659895;746.3711;1.509348;152.45697;0.0;-7.2791903e-25;99.99998;-7.27919e-21;0.00414438;-1.0770671;0.00023841858;0.9085834;0.9083748;0.0;0.0;6649.402;8088.2417;-3033.172;6826.613;-748.2011;-2565.9333
2002-07-25;15.167511;-1.1300659;0.010172526;749.30707;1.5146507;166.01027;0.0;-7.2791903e-25;99.99998;-7.27919e-21;0.036734343;-0.9442773;0.0019967556;0.8895397;0.88752806;0.0;0.0;6625.7617;8057.5903;-3092.4272;6577.7812;-655.95667;-2811.229
2002-07-26;15.021342;-2.3978374;0.010005951;751.0879;1.2867875;127.66284;0.0;-7.2791903e-25;99.99998;-7.27919e-21;0.00047981733;-0.9140419;2.2351742e-05;0.8675158;0.86749345;0.0;0.0;6103.1943;7420.348;-2944.3018;6712.953;-634.95447;-2309.4312
2002-07-27;16.632568;-1.6448466;0.009930928;752.7172;1.0798793;108.62622;0.0;-7.2791903e-25;99.99998;-7.27919e-21;0.0014483929;-0.9996714;5.9604645e-05;0.8481145;0.8480549;0.0;0.0;6236.3794;7580.585;-3024.2844;6913.0566;-694.4378;-2117.6277
2002-07-28;17.094229;2.342448;0.0101292925;754.89136;1.4588867;43.703106;0.0;-7.2791903e-25;99.99998;-7.27919e-21;0.19477308;-0.9660125;0.010222197;0.8395314;0.8293018;0.0;0.0;6056.37;7360.3345;-2846.9622;7101.763;-671.05664;-2192.33
2002-07-29;17.479025;2.5906575;0.009840648;755.63525;1.875021;43.816357;0.0;-7.2791903e-25;99.99998;-7.27919e-21;0.0025689597;-1.0189991;0.00014901161;0.8113086;0.8111745;0.0;0.0;6598.731;8017.599;-3076.6406;6942.0923;-707.86554;-2464.4377
2002-07-30;18.278961;2.924998;0.010023753;754.4815;1.3159115;87.96366;0.0;-7.2791903e-25;99.99998;-7.27919e-21;0.028640032;-1.0010712;0.0015795231;0.79511106;0.79353154;0.0;0.0;6393.704;7766.7666;-3052.994;7100.05;-695.41113;-2242.0166
2002-07-31;19.146372;0.030222574;0.009911855;753.79535;1.2656924;89.11492;0.0;-7.2791903e-25;99.99998;-7.27919e-21;0.0005662441;-1.0036733;1.4901161e-05;0.7764995;0.7764846;0.0;0.0;6219.958;7553.9365;-3034.5383;7214.011;-697.2189;-2079.5889
2002-08-01;19.207956;0.73861694;0.01008606;753.26764;1.1165304;80.853584;0.0;-7.2791903e-25;99.99998;-7.27919e-21;0.005379319;-0.8752532;0.00022351742;0.76030195;0.7600859;0.0;0.0;5571.1255;6764.45;-2744.4941;7446.9727;-608.0089;-1841.0745
2002-08-02;18.340445;2.913798;0.009883881;752.74603;1.0515374;104.63796;0.0;-7.2791903e-25;99.99998;-7.27919e-21;0.5245209;-0.9863544;0.027030706;0.7714033;0.7443577;0.0;0.0;5729.4487;6955.174;-2828.385;7286.114;-685.18665;-1978.6945
2002-08-03;18.39621;-1.9989014;0.009906769;751.80975;1.5402216;174.16277;0.0;-7.2791903e-25;99.99998;-7.27919e-21;0.0;-1.110373;0.0;0.7290691;0.72906166;0.0;0.0;6547.6626;7946.539;-3300.5415;6700.6523;-771.33887;-2321.87
2002-08-04;17.536398;-5.6023965;0.009911855;751.8392;1.4761087;165.17888;0.0;-7.2791903e-25;99.99998;-7.27919e-21;0.0;-0.9380877;0.0;0.71418285;0.71419775;0.0;0.0;6796.161;8246.423;-3436.8445;6433.8374;-651.6578;-2457.4045
2002-08-05;17.599884;-3.913493;0.010054271;751.0485;1.6642534;128.29457;0.0;-7.2791903e-25;99.99998;-7.27919e-21;0.00042617318;-0.8728448;2.9802322e-05;0.69981813;0.6997958;0.0;0.0;6617.835;8028.189;-3232.3638;6675.6772;-606.3367;-2568.9844
2002-08-06;17.322927;-2.0710754;0.010140737;749.44867;1.2638844;165.9137;0.0;-7.2791903e-25;99.99998;-7.27919e-21;0.0012902219;-0.8786451;7.4505806e-05;0.68587065;0.68582594;0.0;0.0;6639.421;8052.641;-3298.4443;6662.8345;-610.36554;-2419.6655
2002-08-07;16.838644;-1.9884847;0.010149638;748.285;1.3393736;193.88098;0.0;-7.2791903e-25;99.99998;-7.27919e-21;0.18211305;-0.8441564;0.009313226;0.681594;0.6722808;0.0;0.0;6442.573;7812.162;-3164.094;6686.2725;-586.4078;-2499.06
2002-08-08;16.539927;-1.3116251;0.010172526;749.3003;1.4139463;208.31604;0.0;-7.2791903e-25;99.99998;-7.27919e-21;0.0030041318;-0.8772062;0.00014901161;0.6593615;0.65921247;0.0;0.0;6586.5713;7984.9893;-3234.2673;6589.6733;-609.36664;-2544.4456
2002-08-09;17.06367;-2.6009624;0.009905498;749.9533;1.4472369;188.88365;0.0;-7.2791903e-25;99.99998;-7.27919e-21;0.0013068075;-0.8470975;7.4505806e-05;0.6465763;0.6465018;0.0;0.0;6637.003;8044.3477;-3444.2722;6407.6045;-588.4511;-2396.1555
2002-08-10;17.56309;-5.6615906;0.010077159;750.85785;1.1106915;99.79011;0.0;-7.2791903e-25;99.99998;-7.27919e-21;0.00044107434;-0.8800477;2.9802322e-05;0.6341636;0.6341338;0.0;0.0;6687.3696;8103.584;-3574.655;6393.329;-611.34;-2122.7
2002-08-11;19.406729;1.9063416;0.009757996;752.4104;1.2787544;83.45296;0.0;-7.2791903e-25;99.99998;-7.27919e-21;0.0017285338;-0.874592;8.940697e-05;0.6221533;0.622049;0.0;0.0;6499.968;7874.5835;-3225.5872;7006.564;-607.55;-2182.2922
2002-08-12;19.312338;6.2656555;0.009936015;753.5134;1.5436169;44.1291;0.0;-7.2791903e-25;99.99998;-7.27919e-21;0.019043684;-0.82461905;0.0009685755;0.61126053;0.61029196;0.0;0.0;6199.0723;7508.5757;-3009.873;7275.318;-572.8356;-2224.62
2002-08-13;19.862366;3.1230266;0.009864807;751.88965;1.3149018;66.40914;0.0;-7.2791903e-25;99.99998;-7.27919e-21;0.00088291656;-0.8569751;4.4703484e-05;0.5989671;0.5989075;0.0;0.0;6380.011;7726.0483;-3277.1033;7023.2583;-595.3122;-2140.331
2002-08-14;19.867758;-2.2440186;0.010051727;748.9136;1.3282951;114.025116;0.0;-7.2791903e-25;99.99998;-7.27919e-21;0.0012934206;-0.83986855;7.4505806e-05;0.5878955;0.58784336;0.0;0.0;6488.608;7855.685;-3442.6812;6771.7466;-583.4289;-2248.2778
2002-08-15;17.889944;-4.4825745;0.009897868;747.85474;1.6343699;198.66792;0.0;-7.2791903e-25;99.99998;-7.27919e-21;0.0;-0.7372275;0.0;0.5771965;0.577189;0.0;0.0;6491.1245;7857.02;-3338.2761;6577.928;-512.1278;-2510.8677
2002-08-16;15.882091;1.4285074;0.010130565;747.9177;1.4445616;180.42317;0.0;-7.2791903e-25;99.99998;-7.27919e-21;0.0012844794;-0.6978093;6.7055225e-05;0.5669296;0.5668551;0.0;0.0;6243.7246;7556.7817;-3115.8572;6691.191;-484.74554;-2542.4778
2002-08-17;15.036804;2.4185588;0.010055542;748.1677;1.2003182;203.81462;0.0;-7.2791903e-25;99.99998;-7.27919e-21;0.0;-0.58332926;0.0;0.556916;0.556916;0.0;0.0;5165.152;6250.884;-2627.3389;6994.9;-405.2189;-2076.9468
2002-08-18;14.635732;0.6950887;0.0101458235;749.4075;1.3419089;193.88275;0.0;-7.2791903e-25;99.99998;-7.27919e-21;0.0;-0.6547719;0.0;0.54728985;0.54728985;0.0;0.0;6189.713;7489.555;-3159.9106;6446.4067;-454.84888;-2490.891
2002-08-19;16.009277;-1.4423828;0.0098012285;751.6062;1.1166891;110.38145;0.0;-7.2791903e-25;99.99998;-7.27919e-21;0.0004351138;-0.73228216;2.9802322e-05;0.5377829;0.5377829;0.0;0.0;6303.226;7625.891;-3297.0483;6478.83;-508.69223;-2262.8677
2002-08-20;16.708689;-3.5802612;0.010155995;752.6634;1.2065309;136.57912;0.0;-7.2791903e-25;99.99998;-7.27919e-21;0.0004275231;-0.73076785;2.9802322e-05;0.5285144;0.5284995;0.0;0.0;6406.035;7749.3135;-3499.0916;6290.33;-507.64;-2192.5288
2002-08-21;16.763529;-4.933787;0.010089874;751.69696;1.2246335;161.6594;0.0;-7.2791903e-25;99.99998;-7.27919e-21;0.0021370533;-0.71456283;0.00010430813;0.5196035;0.51949173;0.0;0.0;6450.8887;7802.6646;-3623.418;6115.3857;-496.38223;-2148.4468
2002-08-22;16.184958;-4.11202;0.009934743;751.44604;1.2393565;141.56752;0.0;-7.2791903e-25;99.99998;-7.27919e-21;0.0025779;-0.68365407;0.00011920929;0.5108714;0.51074475;0.0;0.0;6398.5903;7738.533;-3595.32;6060.598;-474.91223;-2175.6868
2002-08-23;16.29712;-3.9104512;0.009765625;752.89813;1.1600577;128.24135;0.0;-7.2791903e-25;99.99998;-7.27919e-21;0.0017200927;-0.69482994;8.940697e-05;0.50230324;0.5022213;0.0;0.0;6338.5166;7664.926;-3525.9133;6180.7627;-482.67557;-2109.9978
2002-08-24;16.612234;-2.908783;0.009695689;753.66095;1.1487249;103.956535;0.0;-7.2791903e-25;99.99998;-7.27919e-21;0.0008655089;-0.70503354;4.4703484e-05;0.4939288;0.49389154;0.0;0.0;6169.524;7459.6045;-3278.0981;6550.1333;-489.7639;-2096.3445
2002-08-25;16.746073;1.7388204;0.010041554;753.13306;1.262662;140.21208;0.0;-7.2791903e-25;99.99998;-7.27919e-21;0.0017249895;-0.634104;8.195639e-05;0.48586726;0.4857853;0.0;0.0;5651.662;6832.602;-2940.1982;6856.88;-440.49057;-2082.1921
2002-08-26;15.993978;-2.6944478;0.009983063;752.17816;1.3407334;132.40913;0.0;-7.2791903e-25;99.99998;-7.27919e-21;0.0;-0.6517712;0.0;0.47791004;0.47791004;0.0;0.0;6144.2905;7427.3403;-3247.9714;6457.777;-452.7639;-2288.9167
2002-08-27;15.193379;-3.296468;0.010049184;751.06177;1.3473846;132.45842;0.0;-7.2791903e-25;99.99998;-7.27919e-21;0.0;-0.6150128;0.0;0.47025084;0.47025084;0.0;0.0;5982.467;7230.758;-3120.9536;6470.9526;-427.22778;-2368.6177
2002-08-28;14.196757;-3.4112346;0.010005951;751.51074;1.235557;143.95851;0.0;-7.2791903e-25;99.99998;-7.27919e-21;0.000856619;-0.6141616;4.4703484e-05;0.46281517;0.4627779;0.0;0.0;6056.4316;7319.243;-3188.193;6323.178;-426.6378;-2358.2256
2002-08-29;14.050038;-3.9462788;0.00987498;753.5335;1.1876334;137.05165;0.0;-7.2791903e-25;99.99998;-7.27919e-21;0.0021398063;-0.59498847;0.00010430813;0.4556179;0.4555136;0.0;0.0;6041.7095;7300.6226;-3214.9575;6237.597;-413.31888;-2323.3345
2002-08-30;13.896545;-3.8303936;0.009923299;754.08344;1.1021594;141.43211;0.0;-7.2791903e-25;99.99998;-7.27919e-21;0.0008523463;-0.5919374;4.4703484e-05;0.44849515;0.44845045;0.0;0.0;5960.5815;7201.83;-3217.726;6221.4995;-411.2;-2242.5334
2002-08-31;14.826965;-4.981832;0.009904225;754.11676;1.1325204;151.81915;0.0;-7.2791903e-25;99.99998;-7.27919e-21;0.00043511385;-0.60336107;1.4901161e-05;0.4415661;0.44152886;0.0;0.0;5968.475;7210.4717;-3324.3948;6150.7856;-419.13556;-2085.4468
2002-09-01;15.359548;-6.8473105;0.00972112;755.2641;1.122632;235.40486;0.0;-7.2791903e-25;99.99998;-7.27919e-21;0.0025730524;-0.60594827;0.00011920929;0.4349053;0.43478608;0.0;0.0;6004.7427;7253.449;-3455.576;6019.1685;-420.93222;-2003.8689
2002-09-02;16.301199;-4.810496;0.009845734;756.3768;1.1238781;162.75017;0.0;-7.2791903e-25;99.99998;-7.27919e-21;0.00043511385;-0.6123371;1.4901161e-05;0.42822957;0.42819977;0.0;0.0;5952.569;7189.59;-3450.306;6110.4243;-425.37;-1861.2736
2002-09-03;16.819113;-5.0118203;0.010171254;755.40936;1.1706043;136.44316;0.0;-7.2791903e-25;99.99998;-7.27919e-21;0.00087022776;-0.61321443;4.4703484e-05;0.42182207;0.42177737;0.0;0.0;5890.6343;7113.9297;-3415.1125;6213.33;-425.98;-1820.7755
2002-09-04;15.800446;-4.8741965;0.00959142;753.94434;1.1639026;117.11341;0.0;-7.2791903e-25;99.99998;-7.27919e-21;0.0;-0.5827844;0.0;0.41551888;0.41550398;0.0;0.0;5828.564;7038.125;-3360.603;6165.5674;-404.84113;-1978.1923
2002-09-05;14.91689;-4.590851;0.009963989;753.60614;1.1678113;146.99318;0.0;-7.2791903e-25;99.99998;-7.27919e-21;0.0;-0.57382697;0.0;0.4093945;0.4093945;0.0;0.0;5814.74;7020.584;-3396.2883;6044.914;-398.61777;-1915.1555
2002-09-06;15.30191;-6.420237;0.010052999;753.748;1.1353719;160.79294;0.0;-7.2791903e-25;99.99998;-7.27919e-21;0.0004296071;-0.5727727;2.9802322e-05;0.40343404;0.40341914;0.0;0.0;5811.648;7016.0127;-3490.665;5928.0615;-397.88666;-1818.0656
2002-09-07;14.886373;-4.5037637;0.010110219;753.4289;1.1202354;249.17531;0.0;-7.2791903e-25;99.99998;-7.27919e-21;0.0;-0.5418798;0.0;0.39759278;0.39759278;0.0;0.0;5703.6763;6884.8677;-3288.3652;6076.91;-376.42557;-1928.5934
2002-09-08;13.4623;-2.6847432;0.009933472;753.3149;1.0967602;165.61697;0.0;-7.2791903e-25;99.99998;-7.27919e-21;0.0;-0.52012503;0.0;0.39191544;0.39191544;0.0;0.0;5647.934;6816.76;-3225.905;6056.5684;-361.31332;-2018.6888
2002-09-09;13.2534075;-3.254425;0.00982666;752.76733;1.1641351;129.71822;0.0;-7.2791903e-25;99.99998;-7.27919e-21;0.0;-0.51793736;0.0;0.3863871;0.3863722;0.0;0.0;5623.564;6786.523;-3306.4573;5925.511;-359.79443;-1927.95
2002-09-10;12.842082;-5.115743;0.010058085;751.4356;1.1248003;170.40825;0.0;-7.2791903e-25;99.99998;-7.27919e-21;0.0004351138;-0.5097333;1.4901161e-05;0.3809929;0.38097054;0.0;0.0;5593.551;6749.487;-3275.7847;5892.7734;-354.09445;-1901.1056
2002-09-11;12.867126;-5.0489097;0.010148366;752.69354;1.2696626;249.00465;0.0;-7.2791903e-25;99.99998;-7.27919e-21;0.00044107434;-0.47766978;1.4901161e-05;0.37571788;0.37570298;0.0;0.0;5476.1465;6607.042;-3030.76;6098.3306;-331.8211;-2043.6056
2002-09-12;12.574493;-0.6539917;0.009765625;754.32227;1.1827233;116.40399;0.0;-7.2791903e-25;99.99998;-7.27919e-21;0.06976724;-0.41948074;0.0033527613;0.37397444;0.37061423;0.0;0.0;4444.7056;5362.024;-2433.7947;6716.8975;-291.4;-1641.9078
2002-09-13;12.483571;-1.3551229;0.010117848;754.0192;1.3624688;128.81763;0.0;-7.2791903e-25;99.99998;-7.27919e-21;0.0;-0.49484336;0.0;0.3656298;0.36563724;0.0;0.0;5340.827;6442.2144;-2964.2598;6193.9614;-343.7511;-2014.62
2002-09-14;12.778392;-2.6306255;0.010008494;754.35626;1.1035621;169.40736;0.0;-7.2791903e-25;99.99998;-7.27919e-21;0.0012874597;-0.504517;5.9604645e-05;0.3607571;0.3606975;0.0;0.0;5365.008;6470.5454;-3101.7302;6065.926;-350.4711;-1841.3334
2002-09-15;12.720387;-2.2493489;0.009896596;755.4722;1.1010922;219.03613;0.0;-7.2791903e-25;99.99998;-7.27919e-21;0.0012934206;-0.47913194;5.9604645e-05;0.35595894;0.35588443;0.0;0.0;5330.234;6427.9136;-3109.2195;6001.4653;-332.83667;-1823.789
2002-09-16;13.446696;-3.4563496;0.009988149;756.59595;1.0785767;171.10329;0.0;-7.2791903e-25;99.99998;-7.27919e-21;0.0004351138;-0.4980378;1.4901161e-05;0.35116076;0.35116076;0.0;0.0;5305.5864;6392.595;-3177.2263;6011.358;-345.9711;-1679.5477
2002-09-17;13.451182;-3.2608948;0.009999593;754.0932;1.1297747;212.7212;0.0;-7.2791903e-25;99.99998;-7.27919e-21;0.0008463859;-0.49167407;4.4703484e-05;0.3465563;0.3465265;0.0;0.0;5261.0347;6333.3955;-3070.9612;6151.6587;-341.5489;-1663.1744
2002-09-18;12.542705;-1.3503622;0.010084788;752.4543;1.2371664;175.52863;0.0;-7.2791903e-25;99.99998;-7.27919e-21;0.64501166;-0.5469006;0.033803284;0.375852;0.34204125;0.0;0.0;4823.1367;5801.1865;-2698.5784;6394.6455;-379.91333;-1733.9745
2002-09-19;12.238637;-1.1736959;0.010005951;751.928;1.6033374;227.63506;0.0;-7.2791903e-25;99.99998;-7.27919e-21;0.06274879;-0.5581789;0.0030994415;0.34081936;0.33771992;0.0;0.0;4719.2534;5671.331;-2542.1316;6415.058;-387.7489;-1869.3811
2002-09-20;11.274109;-2.5512695;0.009798686;755.45435;1.0683117;152.72261;0.0;-7.2791903e-25;99.99998;-7.27919e-21;0.00042617318;-0.55383146;2.2351742e-05;0.3334731;0.33345073;0.0;0.0;5095.71;6118.3633;-2943.8494;5953.053;-384.72888;-1815.6978
2002-09-21;12.253265;-2.0689697;0.009737651;757.50323;1.2566088;125.853386;0.0;-7.2791903e-25;99.99998;-7.27919e-21;0.1889688;-0.54737556;0.009045005;0.33831596;0.3292635;0.0;0.0;4778.637;5732.6445;-2634.162;6338.7534;-380.24222;-1649.3833
2002-09-22;13.740275;-1.7584738;0.009663899;757.1389;1.2147526;95.72852;0.0;-7.2791903e-25;99.99998;-7.27919e-21;0.00035762787;-0.55559725;1.4901161e-05;0.32514334;0.32514334;0.0;0.0;4890.401;5861.5757;-2738.594;6440.099;-385.95334;-1601.3889
2002-09-23;14.120158;-4.740499;0.010406494;757.65063;1.1913465;116.791405;0.0;-7.2791903e-25;99.99998;-7.27919e-21;0.00044107434;-0.52925944;1.4901161e-05;0.32109022;0.32107532;0.0;0.0;5020.7085;6012.5913;-2913.3428;6301.1357;-367.65887;-1565.1233
2002-09-24;13.41035;-4.0423584;0.00999705;757.28937;1.1784247;114.58985;0.0;-7.2791903e-25;99.99998;-7.27919e-21;0.24629742;-0.52790713;0.01180917;0.32889843;0.3170818;0.0;0.0;4635.4663;5546.456;-2731.3162;6475.8457;-366.72;-1433.2178
2002-09-25;14.173279;-3.173523;0.010115306;755.7002;1.0362061;87.69476;0.0;-7.2791903e-25;99.99998;-7.27919e-21;0.00042308995;-0.5775504;1.4901161e-05;0.3132075;0.31318516;0.0;0.0;4741.7334;5668.6924;-2770.5767;6554.336;-401.20444;-1379.8489
2002-09-26;14.439392;-4.746206;0.010175069;755.02435;1.205413;176.2263;0.0;-7.2791903e-25;99.99998;-7.27919e-21;0.0008553039;-0.516342;4.4703484e-05;0.3093779;0.30934066;0.0;0.0;4877.8887;5826.3813;-2946.2944;6314.621;-358.68668;-1493.9722
2002-09-27;14.180756;-5.7361856;0.009923299;755.94086;1.2028364;173.46349;0.0;-7.2791903e-25;99.99998;-7.27919e-21;0.0;-0.47450978;0.0;0.3055781;0.30557066;0.0;0.0;4900.1235;5847.8813;-3024.3455;6139.044;-329.62668;-1521.2766
2002-09-28;13.659821;-5.9326987;0.010089874;757.149;1.112967;107.86773;0.0;-7.2791903e-25;99.99998;-7.27919e-21;0.0008583069;-0.46225172;2.9802322e-05;0.30192733;0.30189008;0.0;0.0;4894.6245;5836.2876;-3070.9644;6058.9243;-321.1111;-1392.7644
2002-09-29;14.299744;-6.1666665;0.0099487305;757.7251;1.1751829;95.080986;0.0;-7.2791903e-25;99.99998;-7.27919e-21;0.0017142029;-0.46938473;8.940697e-05;0.29835105;0.2982691;0.0;0.0;4817.723;5739.6167;-3042.9724;6170.838;-326.06668;-1340.5167
2002-09-30;13.802571;-9.480682;0.009902954;756.2646;1.2321862;101.885925;0.0;-7.2791903e-25;99.99998;-7.27919e-21;0.0;-0.44680202;0.0;0.29473007;0.29472262;0.0;0.0;4834.958;5755.14;-3135.3928;5928.45;-310.37778;-1396.0255
2002-10-01;13.200582;-5.6611733;0.009988149;755.87616;1.1776601;182.86372;0.0;-7.2791903e-25;99.99998;-7.27919e-21;0.0008523463;-0.3931038;4.4703484e-05;0.2913177;0.291273;0.0;0.0;4501.068;5353.14;-2770.0632;6210.149;-273.07666;-1376.2633
2002-10-02;12.699605;-1.4433492;0.009969075;756.4588;1.6006684;250.35255;0.0;-7.2791903e-25;99.99998;-7.27919e-21;0.099247694;-0.35076588;0.0047683716;0.2927184;0.28795004;0.0;0.0;3979.676;4728.9;-2234.6494;6708.5166;-243.66556;-1482.6267
2002-10-03;10.00293;1.4399515;0.009882609;754.8321;1.5515617;231.16982;0.0;-7.2791903e-25;99.99998;-7.27919e-21;4.4886956;-0.580905;0.25513768;0.5399138;0.28476864;0.0;0.0;3341.576;3967.765;-1650.1139;7040.2188;-403.535;-1415.5612
2002-10-04;5.431946;4.1978354;0.009807587;753.93506;0.57228214;269.31424;0.0;-7.2791903e-25;99.99998;-7.27919e-21;23.940102;-0.87906235;1.7452612;2.0271392;0.28187037;0.0;0.0;696.4617;826.18915;-370.79056;7664.651;-610.6544;-318.7489
2002-10-05;6.7089133;-0.48090616;0.00974528;754.635;0.93338543;116.26797;0.0;-7.2791903e-25;99.99998;-7.27919e-21;0.0008523463;-2.1468997;5.9604645e-05;0.2790168;0.27896464;0.0;0.0;4399.651;5214.3433;-2236.3384;6007.0454;-1491.3794;-1081.61
2002-10-06;7.190796;-1.4461466;0.009838104;756.2608;0.9252074;139.44798;0.0;-7.2791903e-25;99.99998;-7.27919e-21;0.00087022776;-1.926329;5.9604645e-05;0.2760291;0.2759844;0.0;0.0;4596.9404;5443.6567;-2610.47;5544.813;-1338.1566;-879.7489
2002-10-07;8.996399;1.2876282;0.010026296;758.0539;0.9633668;170.81914;0.0;-7.2791903e-25;99.99998;-7.27919e-21;0.122547;-1.6636736;0.0071823597;0.28023124;0.27304888;0.0;0.0;3985.2566;4715.3633;-2010.7289;6340.5146;-1155.6989;-733.6989
2002-10-08;10.559174;1.7330729;0.009927114;757.53687;1.0951941;267.12305;0.0;-7.2791903e-25;99.99998;-7.27919e-21;1.1975348;-1.6276091;0.08426607;0.35449862;0.27020276;0.0;0.0;3787.8943;4477.9653;-1885.5488;6554.108;-1130.6455;-799.7833
2002-10-09;11.274577;1.6325378;0.009883881;758.367;1.054237;183.99165;0.0;-7.2791903e-25;99.99998;-7.27919e-21;1.4692276;-1.7209324;0.09715557;0.36457926;0.26743114;0.0;0.0;4223.6235;4988.7354;-2114.955;6388.759;-1195.4745;-908.86224
2002-10-10;10.294067;2.094757;0.0099817915;759.99115;1.1736299;110.043304;0.0;-7.2791903e-25;99.99998;-7.27919e-21;1.339063;-1.7588334;0.08259714;0.34730136;0.26469678;0.0;0.0;3969.186;4684.1963;-2084.8394;6363.3;-1221.8033;-778.6811
2002-10-11;10.071075;-0.5573425;0.0100911455;759.30597;1.1424134;97.85321;0.0;-7.2791903e-25;99.99998;-7.27919e-21;0.011632632;-1.7570602;0.0006854534;0.26267767;0.26199222;0.0;0.0;4090.811;4823.7134;-2259.5005;6145.5146;-1220.5712;-717.4011
2002-10-12;9.631358;-2.764201;0.010108948;755.5427;1.032805;96.205055;0.0;-7.2791903e-25;99.99998;-7.27919e-21;0.00085532654;-1.7400953;4.4703484e-05;0.2593398;0.25928766;0.0;0.0;4393.1084;5175.6543;-2586.0105;5783.3877;-1208.7861;-668.4133
2002-10-13;9.375905;-3.7901714;0.010108948;754.16925;1.0683017;115.48493;0.0;-7.2791903e-25;99.99998;-7.27919e-21;0.0017166131;-1.6311454;8.940697e-05;0.2567172;0.2566129;0.0;0.0;4336.141;5104.1743;-2540.1929;5817.4355;-1133.1028;-726.4789
2002-10-14;9.586365;-4.2680664;0.010052999;753.9824;0.9076119;82.8319;0.0;-7.2791903e-25;99.99998;-7.27919e-21;0.0004329048;-1.4962126;2.2351742e-05;0.2539903;0.25398284;0.0;0.0;4112.51;4836.8745;-2327.8777;6098.596;-1039.3689;-701.8211
2002-10-15;8.989797;-2.1998188;0.010027568;754.4865;1.0659275;130.8236;0.0;-7.2791903e-25;99.99998;-7.27919e-21;0.63320994;-1.096936;0.036127865;0.2875775;0.2514422;0.0;0.0;3217.4673;3781.0178;-1877.2278;6408.9224;-762.00555;-690.2789
2002-10-16;8.378764;-1.3500671;0.01003774;754.32086;1.292914;183.106;0.0;-7.2791903e-25;99.99998;-7.27919e-21;0.42957067;-1.0488163;0.022619963;0.27161837;0.24900585;0.0;0.0;2941.686;3455.9912;-1654.5067;6600.4043;-728.57666;-726.80334
2002-10-17;5.835724;0.9022217;0.01003011;755.45825;0.8931012;141.13985;0.0;-7.2791903e-25;99.99998;-7.27919e-21;3.925413;-0.9670453;0.24066865;0.48735738;0.24670362;0.0;0.0;1988.4667;2335.4333;-1323.8842;6565.73;-671.7744;-414.74554
2002-10-18;7.4117026;-1.4435629;0.009955089;756.3221;0.96562046;94.44465;0.0;-7.2791903e-25;99.99998;-7.27919e-21;0.0068128104;-1.2882929;0.00037252903;0.24476647;0.24439394;0.0;0.0;3593.0217;4218.226;-1932.086;6273.2344;-894.93445;-716.2167
2002-10-19;6.736084;-0.7874756;0.010075887;755.00934;1.0638224;58.968655;0.0;-7.2791903e-25;99.99998;-7.27919e-21;0.8423358;-1.1494719;0.046759844;0.2887994;0.24203211;0.0;0.0;3284.6538;3855.0754;-1842.3928;6347.3687;-798.5;-713.93225
2002-10-20;5.7408853;-1.6105448;0.0100695295;752.4492;1.0735027;157.86578;0.0;-7.2791903e-25;99.99998;-7.27919e-21;0.19690394;-1.2645013;0.010594726;0.2503395;0.23975223;0.0;0.0;3603.145;4227.561;-1862.233;6255.729;-878.4078;-990.76666
2002-10-21;3.992859;1.7759501;0.010186513;749.48096;0.8043983;228.756;0.0;-7.2791903e-25;99.99998;-7.27919e-21;8.86333;-1.016099;0.61145425;0.84903836;0.23758411;0.0;0.0;1784.5889;2093.56;-770.89056;7066.2124;-705.8489;-539.8945
2002-10-22;5.017751;-0.68323773;-4.346138;752.62573;0.8407061;78.64123;0.0035807292;7.947286e-07;126.290344;-7.27919e-21;0.0011622906;-1.4593582;4.4703484e-05;0.23552775;0.23546815;0.00023841858;0.00071525574;3743.6294;4389.674;-2128.5334;5844.4146;-1013.76776;-913.3489
2002-10-23;6.3887124;-1.4755656;-5.43771;754.09784;0.9522279;102.363365;0.0026855469;2.78155e-07;148.75682;-7.27919e-21;0.00043511385;-1.3449816;4.4703484e-05;0.23332238;0.23328513;0.00016950071;0.0;3890.6782;4560.6787;-2265.469;5715.1055;-934.31335;-699.10114
2002-10-24;7.01651;-0.7996114;-4.398979;754.1347;0.9430711;140.56621;0.001953125;-7.2791903e-25;150.85936;-7.27919e-21;0.0008583069;-1.3271794;5.9604645e-05;0.23119152;0.23113191;0.00013411045;0.0;3821.4033;4478.05;-2201.0356;5882.947;-921.94666;-706.7133
2002-10-25;7.687693;-0.22663371;-4.232802;755.1712;0.8870778;123.201836;0.00081380206;-7.2791903e-25;150.85936;-7.27919e-21;0.0012844794;-1.2761838;7.4505806e-05;0.22909045;0.22900105;8.381903e-05;0.0;3771.7139;4418.418;-2210.7578;5916.9824;-886.5222;-684.55554
2002-10-26;5.809021;-0.4328003;-4.5575614;755.8806;1.0255884;210.21228;0.0;-7.2791903e-25;150.85936;-7.27919e-21;0.64997077;-1.0190895;0.03656745;0.26351213;0.22694468;4.4703484e-05;0.0;3075.9407;3602.3445;-1896.7755;6040.4966;-707.9278;-691.1589
2002-10-27;5.253713;0.5449829;-4.523623;755.30786;0.8871894;192.44026;0.0;-7.2791903e-25;149.23143;-7.27919e-21;1.3974041;-1.0671504;0.090144575;0.31508505;0.22494048;2.6077032e-05;0.0;3370.5496;3946.0356;-1934.4111;6021.5083;-741.31335;-829.7789
2002-10-28;5.659475;-1.9981079;-6.350698;752.57;0.9596475;262.86533;0.0;-7.2791903e-25;143.89159;-7.27919e-21;0.0004351138;-1.1115307;2.9802322e-05;0.22298098;0.22295117;1.3038516e-05;0.0;3615.578;4231.5723;-2285.9978;5547.173;-772.1433;-810.1055
2002-10-29;4.2350564;-3.1951764;-6.948957;749.83936;1.1486418;246.17967;0.0;-7.2791903e-25;116.34568;-7.27919e-21;0.015348196;-0.98188126;0.00074505806;0.22172928;0.22099167;3.7252903e-06;0.0;3656.87;4278.5;-2250.9778;5470.7607;-682.08057;-770.0311
2002-10-30;2.7122498;0.59558105;-2.300883;749.9555;1.0294584;257.01154;0.0;-7.2791903e-25;104.511696;-7.27919e-21;3.6386135;-0.72799253;0.24807453;0.4671663;0.21910667;1.8626451e-06;0.0;2598.3318;3039.3577;-1192.7561;6535.289;-505.71222;-767.38666
2002-10-31;4.0588584;1.1323038;0.0098559065;752.4633;0.82765347;219.89284;0.0;-7.2791903e-25;99.99998;-7.27919e-21;0.2244214;-0.93293935;0.012084842;0.22935867;0.21727383;0.0;0.0;2620.1816;3063.7378;-1244.0422;6739.5557;-648.08167;-787.1222
2002-11-01;3.682668;0.6668396;0.0100695295;752.21606;0.81538343;92.95069;0.0;-7.2791903e-25;99.99998;-7.27919e-21;2.0268857;-1.075983;0.114917755;0.33035874;0.21544099;0.0;0.0;2964.7778;3465.3867;-1514.0405;6399.1587;-747.45;-765.9911
2002-11-02;3.3323872;-0.5873718;0.009966533;753.8825;0.78295356;89.119774;0.0;-7.2791903e-25;99.99998;-7.27919e-21;1.1284828;-1.1935904;0.06489456;0.2785325;0.21365285;0.0;0.0;3350.0579;3914.5088;-2034.8116;5748.662;-829.14667;-805.74335
2002-11-03;2.9211528;-2.7535908;0.010031383;754.32416;0.85937333;185.32634;0.0;-7.2791903e-25;99.99998;-7.27919e-21;0.0008583069;-0.964079;4.4703484e-05;0.21190941;0.21187961;0.0;0.0;3480.074;4065.338;-2329.6472;5247.984;-669.7144;-737.1278
2002-11-04;2.7236328;-3.8254597;0.009885152;754.4934;0.9252317;137.63133;0.0;-7.2791903e-25;99.99998;-7.27919e-21;0.00086162105;-0.7556491;4.4703484e-05;0.21016598;0.21010637;0.0;0.0;3223.7666;3764.7644;-2380.6;5032.64;-524.92334;-563.06665
2002-11-05;3.2588196;-7.302358;0.009961446;753.2271;0.8254029;141.24992;0.0;-7.2791903e-25;99.99998;-7.27919e-21;0.0066101546;-0.8304622;0.00037252903;0.20876527;0.20836294;0.0;0.0;3358.2517;3920.6323;-2069.0295;5477.675;-576.8933;-495.53445
2002-11-06;3.023051;-5.4180603;0.009999593;752.12396;0.7979447;71.72205;0.0;-7.2791903e-25;99.99998;-7.27919e-21;0.00044107434;-0.822247;2.9802322e-05;0.2066642;0.20664185;0.0;0.0;2957.479;3451.4934;-1920.2156;5718.287;-571.1878;-542.6644
2002-11-07;3.544342;-5.3363953;0.010033925;754.6159;0.9277957;75.09146;0.0;-7.2791903e-25;99.99998;-7.27919e-21;0.0012863702;-0.7939264;7.4505806e-05;0.20501018;0.20494312;0.0;0.0;3323.1746;3877.2234;-2176.3662;5405.438;-551.5133;-543.43445
2002-11-08;4.48703;-6.648987;0.010173798;754.78986;0.84631795;189.11061;0.0;-7.2791903e-25;99.99998;-7.27919e-21;0.0004351138;-0.7477542;2.9802322e-05;0.20328164;0.20325929;0.0;0.0;3030.3123;3534.5266;-2012.1078;5590.1206;-519.44;-453.61
2002-11-09;3.9858806;-5.6923523;0.010112762;754.3851;0.87117213;262.92905;0.0;-7.2791903e-25;99.99998;-7.27919e-21;0.0017204584;-0.699711;0.00010430813;0.20170212;0.20161271;0.0;0.0;3314.4321;3864.64;-2259.9194;5250.551;-486.06668;-577.4733
2002-11-10;1.7848511;-0.19620769;0.00917689;751.9196;0.93074393;228.23962;7.9033203;0.0011686484;132.81964;8.341472;13.981283;-0.58252084;0.9458661;1.1459291;0.20004809;0.3964659;1.8107742;1353.27;1723.8167;-470.415;6981.4067;-404.28665;-296.80334
2002-11-11;2.3577068;-0.84851074;-4.2749925;750.1861;1.2654113;210.53758;7.7710776;0.0011526743;150.49184;7.8125;0.2708733;-0.9726379;0.053226948;0.25174022;0.19852817;0.38208812;0.0;2551.1667;3133.1746;-1500.8961;6039.0767;-676.0578;-644.7511
2002-11-12;0.32326254;-1.2728373;-5.06802;747.32587;0.8394768;259.46024;6.0402017;0.0009013017;150.54555;6.225586;1.9786835;-0.6714426;0.14914572;0.34618378;0.19702315;0.19716844;0.0043921173;2173.4133;2634.629;-1232.4695;6091.0044;-466.7022;-506.36444
2002-11-13;-0.118123375;-2.191457;-3.1145809;748.58594;0.8454962;153.35732;9.569499;0.001479427;146.10968;10.253906;6.2797513;-0.79913807;0.21134317;0.4068911;0.19553304;0.20247698;3.4958012;1956.4939;2348.821;-993.4961;6430.438;-555.19556;-522.5511
2002-11-14;-1.2994385;-6.5568924;-7.57349;752.4333;1.1170868;33.54726;27.004068;0.0038365524;144.56834;26.652018;0.009773597;-0.8144369;0.052660704;0.24673343;0.19407272;0.58988106;0.008057803;2380.756;3357.1323;-1714.8188;5333.9365;-568.9733;-513.9
2002-11-15;-1.629762;-8.578053;-10.767617;753.851;1.1874185;24.509277;21.996582;0.0032895803;150.47491;21.687826;0.0017237244;-0.6107446;0.04157424;0.23418665;0.19261986;0.46396628;0.0;2754.2844;3700.67;-2237.0605;4660.3755;-425.94888;-413.97333
2002-11-16;-0.9284566;-10.9077425;-11.336189;756.9954;1.4282137;21.869812;18.685629;0.002793789;150.64842;18.717447;0.0;-0.49124005;0.044375658;0.23555756;0.19118935;0.4912056;0.0;2836.6843;3711.5378;-2310.3572;4572.967;-342.61777;-324.2789
2002-11-17;0.50690717;-11.695529;-10.059021;759.0303;1.474536;18.78579;15.158936;0.0022630293;150.79523;15.177409;0.0030116015;-0.5200058;0.048711896;0.23850799;0.18978119;0.5348381;0.0;2857.662;3644.9744;-2137.7417;4887.602;-362.55;-254.47
2002-11-18;1.5401205;-9.183269;-8.532257;760.1497;1.4759579;18.447971;11.406006;0.0016973416;150.92088;11.352539;0.0;-0.5490687;0.05169213;0.24008751;0.18839538;0.5674772;0.0;2852.5793;3548.6545;-1983.4634;5201.1484;-382.2022;-214.91112
2002-11-19;1.458964;-9.013347;-8.87738;758.58856;1.3182467;20.194647;8.107015;0.0012059212;151.01332;8.01595;0.0;-0.58679;0.039741397;0.22678077;0.18703192;0.4362818;0.0;2903.2917;3536.1377;-2089.1067;5121.66;-408.11444;-229.39223
2002-11-20;1.2709452;-9.357503;-9.291125;756.8696;1.0417284;24.931559;5.6892905;0.00084666413;151.07713;5.6966147;0.0004351138;-0.55489874;0.027954578;0.21363795;0.18568337;0.30693784;0.0;2927.8972;3513.7644;-2152.899;5044.4756;-385.81332;-280.45557
2002-11-21;1.3973694;-7.6293845;-9.326589;755.97736;0.99028605;87.68945;3.9564617;0.000588576;151.1214;3.7841797;0.0021398063;-0.55451506;0.020593405;0.20493567;0.18434227;0.22499636;0.0;2945.0833;3498.9368;-2182.1882;5029.1685;-385.35666;-264.02554
2002-11-22;1.8089905;-7.5021873;-8.747852;755.5507;0.9311517;67.09429;2.7243652;0.00040539107;151.15265;2.4414062;0.0004351138;-0.55880475;0.014200807;0.19723177;0.18302351;0.15627593;0.0;2941.6428;3470.621;-2153.4102;5086.39;-388.28445;-256.39334
2002-11-23;1.3945822;-8.596875;-9.869843;753.2846;0.8497429;131.86807;1.8974609;0.00028264523;151.17316;1.953125;0.015437603;-0.5547777;0.010073185;0.19177794;0.18171966;0.09959936;8.195639e-05;2948.5217;3462.7922;-2236.6667;4916.2153;-385.56;-305.67444
2002-11-24;-0.68814087;-5.039093;-5.3549714;749.574;0.60657835;182.5341;17.100748;0.0023401976;125.8063;17.985025;7.116082;-0.36304444;0.14734268;0.32781065;0.18046796;0.69366395;5.661469;2030.8422;2590.9822;-1096.67;6091.96;-253.71777;-353.56668
2002-11-25;-2.1383667;-4.195658;-4.0090814;748.0635;0.9043741;33.300125;47.066242;0.0065432787;137.96222;47.07845;2.721864;-0.31530765;0.061109662;0.24035573;0.17923862;0.39680302;2.242487;955.6711;1502.1333;-699.1522;6310.292;-223.5;-176.67555
2002-11-26;-2.7628582;-7.1372986;-7.804236;751.4007;0.92115897;54.60959;46.059814;0.0069046416;150.62726;45.857746;0.19264817;-0.40443894;0.07304549;0.25108457;0.17803162;0.75675917;0.11779368;1502.7822;2400.341;-1164.6583;5609.1655;-289.15833;-282.53
2002-11-27;-3.7282307;-7.4995522;-7.2881217;751.57196;0.81574494;73.60793;42.458252;0.0063799224;150.57713;42.439777;0.2645433;-0.29555336;0.045329332;0.22217631;0.17683953;0.47726184;0.23986399;1538.6761;2352.61;-1098.5305;5726.57;-214.12445;-380.18668
2002-11-28;-4.316873;-8.517304;-9.9589405;752.07745;0.8359563;61.94061;40.926594;0.006150206;150.53416;41.219074;0.47701;-0.30991995;0.05196035;0.22761524;0.17566234;0.404682;0.24229288;1819.4711;2735.7156;-1564.7278;5092.3228;-223.99222;-413.84222
2002-11-29;-3.3325615;-10.373254;-12.825848;754.30914;1.0189327;52.02596;37.245117;0.0055865445;150.88573;37.353516;0.001890664;-0.20132773;0.071033835;0.24554133;0.1745075;0.75268745;0.00017881393;2264.3716;3309.172;-2192.92;4347.688;-142.90445;-321.77777
2002-11-30;-1.7480901;-12.691434;-5.8908706;750.62933;0.8383706;74.48673;34.656086;0.0052628913;150.26952;34.83073;1.8627886;-0.14019385;0.05313754;0.22649765;0.17337501;0.518877;1.8134341;1181.16;1666.9911;-789.2489;6142.195;-100.888336;-117.153336
2002-12-01;-1.8319193;-4.836132;-3.397195;749.30304;0.9036627;46.220554;43.3916;0.0065024695;150.3753;43.45703;0.3752753;-0.20791218;0.08056313;0.25282055;0.17224997;0.84638965;0.3671497;1156.6711;1791.4933;-682.525;6437.3823;-150.28389;-250.75444
2002-12-02;-2.326009;-5.5191026;-6.757158;753.5596;1.0587624;44.85831;36.71932;0.0055015883;151.11;36.458332;0.0033080578;-0.30546543;0.104129314;0.27525425;0.17112494;1.0901242;0.0032782555;2098.601;3055.9956;-1507.4438;5438.3657;-214.86223;-384.01556
2002-12-03;-1.7100626;-8.627814;-8.802691;754.26666;1.0304786;49.06657;29.734701;0.0044612885;151.42674;29.703775;0.00062584877;-0.3068447;0.09316206;0.2631694;0.17002225;0.9624213;0.0006221235;1998.1328;2760.1833;-1670.3763;5213.7666;-215.73;-281.92444
2002-12-04;-2.0573323;-8.139851;-9.686143;752.94904;0.8605008;112.26464;24.030844;0.0036136706;151.67381;24.291992;0.00042850614;-0.30220953;0.069499016;0.23841858;0.16892701;0.7112287;0.0;2274.525;3016.8354;-1822.2622;5047.74;-213.42389;-350.15778
2002-12-05;-2.2550354;-6.471536;-10.53074;752.78265;0.8471976;131.01521;19.476156;0.002930522;151.86424;19.49056;0.0025615308;-0.21919794;0.06198883;0.22983551;0.16785413;0.62693095;0.0;2344.5261;3023.909;-1990.5945;4862.011;-154.65666;-384.22665
2002-12-06;-1.5928141;-5.706282;-10.2215;751.4117;0.77580804;276.89505;15.681152;0.0023628075;152.00194;15.787761;0.028148293;-0.2101073;0.05057454;0.21737814;0.1668036;0.4964508;0.007919967;2366.01;2980.11;-1919.7994;4978.9893;-147.97389;-366.3289
2002-12-07;-2.6452332;-3.418213;-2.8999443;748.40924;0.9199216;221.7423;43.956707;0.005983472;130.97655;44.759113;6.2592354;-0.16934705;0.040709972;0.20647049;0.16576797;0.17054752;5.8052244;758.3639;1187.4656;-345.1789;6733.987;-124.22389;-279.93445
2002-12-08;-2.575653;-3.7412617;-2.1694438;745.2481;0.90051395;208.51881;58.156902;0.008654475;147.99152;58.14616;2.1276116;-0.24866405;0.03170967;0.19644201;0.16474724;0.2498366;1.9416623;1014.6494;1744.3989;-486.0311;6612.205;-183.54666;-299.52335
2002-12-09;-4.2957153;-5.471846;-2.5314686;742.707;0.5968608;199.31621;92.2522;0.021300396;136.72523;154.25618;23.408253;-0.17676502;0.015243888;0.17897785;0.16373396;0.025428832;22.448599;419.8989;1435.2589;-392.16556;6512.605;-138.36111;-174.60777
2002-12-10;-5.622664;-6.5383506;-4.328144;741.8435;0.6342476;233.09209;100.0;0.054822564;126.19529;429.3213;31.553303;-0.08135475;0.0;0.16275048;0.16274303;0.0;31.136639;337.315;1454.8922;-317.3878;6442.101;-63.88;-130.47667
2002-12-11;-7.4196343;-8.879731;-6.924834;744.0742;0.8475776;234.0796;100.0;0.06967342;143.34276;486.61295;7.430628;-0.044598244;0.0;0.1617521;0.1617521;0.0;7.4139724;533.0172;2296.8823;-514.6972;5984.5024;-33.463333;-106.88111
2002-12-12;-9.646408;-11.446221;-9.402143;744.3298;0.8853019;143.22008;100.0;0.07966101;148.67609;534.7493;7.1596017;-0.027676113;0.0;0.16078353;0.16077608;0.0;7.1485715;596.7489;2566.0823;-689.2039;5536.079;-20.187778;-96.545555
2002-12-13;-13.39301;-18.263609;-15.68204;748.2037;0.7157264;94.786995;100.0;0.08264812;151.14418;546.9157;0.23084879;-0.028543174;0.0;0.15980005;0.1598075;0.0;0.22745878;687.4489;2905.338;-1281.2988;4235.797;-20.226667;-59.04778
2002-12-14;-16.346674;-23.262917;-24.04885;750.3042;1.2252889;52.214825;100.0;0.082686305;152.89581;541.097;0.004807994;0.0050747767;0.0;0.15884638;0.15885383;0.0;0.0035203993;791.4678;3249.109;-1107.7988;3773.958;5.051111;62.804443
2002-12-15;-11.145968;-23.758497;-22.386026;748.6543;0.72285557;290.80835;100.0;0.0828344;153.88377;538.41144;0.88968873;-0.0127973035;0.0;0.1579225;0.15791506;0.0;0.88636947;762.86334;3048.61;-555.49664;4613.4883;-8.762222;59.88222
2002-12-16;-9.646641;-11.953827;-13.629417;747.86334;0.6696158;102.70429;100.0;0.085433446;151.16307;564.9414;2.3742645;0.0064307824;0.0;0.15699863;0.15698373;0.0;2.367705;531.6639;2126.2444;-307.23166;5675.883;6.01;-49.002224
2002-12-17;-10.480098;-14.013019;-14.208728;747.3113;0.9333422;42.529343;100.0;0.08617377;153.9658;559.8958;0.025305152;-0.011970289;0.0;0.15607476;0.15606731;0.0;0.021785498;706.94336;2781.9443;-972.9278;4754.452;-7.327778;-30.49
2002-12-18;-11.660928;-14.1347885;-14.155289;742.2303;0.86895865;52.68759;100.0;0.08979559;152.40883;587.80927;10.213169;-0.0025359914;0.0;0.15516579;0.15516579;0.0;10.20652;388.74554;1498.79;-43.628887;5899.901;-1.1122222;-26.597778
2002-12-19;-8.64561;-9.830771;-9.292183;741.6263;0.7924935;218.1776;100.0;0.09803478;151.06541;648.2747;4.3762803;-0.021734275;0.0;0.15425682;0.15427172;0.0;4.3672214;525.2222;2172.5322;-411.63666;5896.489;-15.53;-81.50222
2002-12-20;-7.6719246;-8.601745;-8.051624;735.7403;0.46132466;189.66205;100.0;0.13400845;135.26952;983.8867;65.38355;0.00019650906;0.0;0.15337765;0.15339255;0.0;65.3577;93.85889;405.85;36.309444;6524.7227;0.23777778;-17.865555
2002-12-21;-9.827886;-12.31084;-8.409915;734.164;0.6662484;225.8363;100.0;0.18195613;140.24281;1301.2695;15.53054;-0.11036638;0.0;0.15252829;0.15252829;0.0;15.4923725;377.90332;1647.7356;-469.75888;5839.2534;-85.34333;-107.58667
2002-12-22;-12.115833;-14.334218;-12.011581;743.0652;0.8211782;219.2093;100.0;0.18555827;155.95213;1191.4062;0.22395134;-0.037599355;0.0;0.15166402;0.15165657;0.0;0.21579117;680.2789;2902.4456;-957.675;4907.8257;-27.461111;-113.84
2002-12-23;-11.863507;-16.753618;-15.780395;744.38403;0.82614714;138.94402;100.0;0.1857986;161.88344;1148.7631;0.08640289;-0.012166798;0.0;0.15079975;0.1508072;0.0;0.08302927;702.655;2920.5422;-1190.0538;4311.312;-7.4922223;-3.271111
2002-12-24;-12.372834;-17.978434;-19.764124;741.49756;0.684583;283.45645;100.0;0.1858346;166.14613;1119.1813;0.0071577593;0.0013150275;0.0;0.14995039;0.14995784;0.0;0.0066682696;779.74664;3151.3777;-1157.3961;4041.638;2.6288888;21.094444
2002-12-25;-13.875084;-15.713161;-19.399668;740.7846;0.6335358;240.27531;100.0;0.18779771;166.07713;1130.4525;3.1937897;0.01903344;0.0;0.14911592;0.14912337;0.0;3.187351;472.62555;1890.6722;-152.65;5355.332;15.488889;-23.3
2002-12-26;-15.152408;-21.606354;-20.068672;744.62054;0.77875185;72.14465;100.0;0.18914075;167.65135;1129.1504;0.044306237;-0.013221055;0.0;0.14829636;0.1483038;0.0;0.04259497;799.8933;3165.0112;-1494.8939;3587.4558;-8.634444;7.0655556
2002-12-27;-15.5038805;-27.06034;-26.008692;747.1801;1.1369342;188.74525;100.0;0.18915582;170.34698;1110.6771;0.0012876847;-0.0048894435;0.0;0.1474917;0.1474917;0.0;0.0;873.56165;3367.109;-1536.2261;3084.232;-2.4577777;131.79
2002-12-28;-14.613602;-27.913694;-27.896784;748.2004;1.2509583;132.91399;100.0;0.18916678;172.21222;1098.9584;0.002682129;-0.0033043325;0.0;0.14668703;0.14668703;0.0;0.00010803342;872.74664;3280.5266;-1014.5578;3652.6934;-1.3333334;153.34334
2002-12-29;-12.780014;-20.207273;-25.36981;751.783;1.398697;18.930447;100.0;0.1891919;174.14159;1087.2396;0.002563369;0.01685135;0.0;0.14591217;0.14589727;0.0;0.0;879.0367;3225.419;-798.5233;4166.7734;14.467778;138.23889
2002-12-30;-8.511037;-16.81681;-21.959326;751.2249;0.9012537;285.93204;100.0;0.18922336;176.56964;1072.1029;0.0008583069;0.01376681;0.0;0.14510751;0.14511496;0.0;0.0;814.5317;2918.2456;-695.7722;4568.5044;12.056666;109.24111
2002-12-31;-11.271126;-14.377942;-19.452162;747.9472;1.0386888;137.08406;100.0;0.1892616;179.56932;1054.6875;0.0020742416;0.02964586;0.0;0.14434755;0.14433265;0.0;0.00078976154;803.35;2812.8254;-791.6128;4627.064;24.32;42.093334
2003-01-01;-10.919805;-16.034056;-18.65014;748.4909;1.0509124;69.327934;100.0;0.18929653;182.81378;1036.4176;0.001180172;0.0127684325;0.0;0.14357269;0.14356524;0.0;0.00032037497;837.4989;2866.3945;-870.19946;4586.128;11.567778;57.01889
2003-01-02;-7.5660667;-11.246802;-16.530142;748.46246;0.6462566;188.60765;100.0;0.18939789;186.166;1018.3919;0.4571259;0.015470199;0.0;0.14281273;0.14281273;0.0;0.45197457;857.11835;2868.8767;-392.42722;5410.0347;13.65;16.071112
2003-01-03;-7.573049;-8.653684;-11.118754;748.11945;0.56320673;242.4836;100.0;0.19173224;188.0296;1020.1416;2.6251616;0.01006946;0.0;0.14206767;0.14206022;0.0;2.6158094;451.7211;1554.51;-125.495;6176.4224;8.752222;-29.814444
2003-01-04;-7.306803;-8.408275;-8.691884;745.6341;0.79656696;234.29187;100.0;0.19426326;191.15004;1016.19464;4.8862696;-0.02125837;0.0;0.14132261;0.14132261;0.0;4.8824177;412.99;1443.4789;-30.528889;6470.485;-15.716666;-67.23444
2003-01-05;-5.5092773;-6.304667;-6.1674438;746.65625;0.83234984;218.399;100.0;0.20120423;191.69691;1048.5433;12.260556;-0.040942803;0.0;0.14057755;0.14059246;0.0;12.210965;365.67;1387.26;-39.804443;6668.8174;-31.073334;-88.78111
2003-01-06;-3.2016804;-3.5825703;-3.8660328;751.9179;1.1083835;213.14272;100.0;0.21825667;188.80792;1155.9652;10.773748;-0.018473715;0.0;0.1398623;0.13986975;0.0;10.341898;246.10611;1039.2611;45.20222;6991.1826;-13.834444;-69.09778
2003-01-07;-2.14033;-2.9091873;-2.678524;755.16425;0.9145883;184.19212;100.0;0.2236228;198.44627;1128.9062;0.9461969;-0.030291267;0.0;0.13914704;0.13914704;0.0;0.90512264;604.2589;2514.5457;-674.1761;6223.824;-20.923334;-74.24333
2003-01-08;-2.8777874;-7.5907235;-5.077563;752.80145;0.77233696;311.4442;100.0;0.2237372;208.54002;1074.1373;0.0035804915;-0.06899238;0.0;0.13843179;0.13842434;0.0;0.0014342368;828.0428;3211.8455;-1343.8395;5122.5273;-49.8;-54.336666
2003-01-09;-3.2574437;-8.778977;-9.715149;751.55975;0.79941136;239.50612;100.0;0.22374833;215.15656;1041.0563;0.00085532654;-0.0013634562;0.0;0.13771653;0.13771653;0.0;0.0;891.42334;3355.2534;-1464.8656;4531.5923;2.011111;32.70889
2003-01-10;-5.1341577;-9.560883;-12.444909;753.4165;1.0151585;130.99297;100.0;0.22379307;219.66112;1019.9788;0.0010758638;0.01898408;0.0;0.13701618;0.13700873;0.0;0.00021606684;897.86725;3298.0112;-1286.1083;4556.068;17.514444;42.74889
2003-01-11;-2.642999;-13.791461;-13.646576;755.6767;1.0765187;110.22259;100.0;0.22382557;223.2848;1003.6621;0.001275539;-0.019566156;0.0;0.13631582;0.13632327;0.0;0.0;945.6422;3391.6155;-1078.0645;4768.5146;-12.195556;99.547775
2003-01-12;-0.72317505;-14.043044;-12.830998;755.1401;0.7757795;239.18474;100.0;0.22383742;226.74706;987.91504;0.0025830804;-0.031975098;0.0;0.13563037;0.13563037;0.0;0.0;967.8222;3391.63;-1093.3116;4855.868;-21.768888;96.50445
2003-01-13;-3.4929707;-11.247318;-12.607572;750.52875;0.7687779;226.36443;100.0;0.22397847;230.03026;974.20245;0.44050813;-0.018147752;0.0;0.13494492;0.13495237;0.0;0.434231;900.9239;3079.9712;-713.635;5314.995;-11.531111;26.34
2003-01-14;-5.143673;-6.0794907;-9.304707;745.72076;0.9386735;198.94014;100.0;0.22771434;229.5182;990.9668;12.9638195;0.022163615;0.0;0.13428926;0.13428926;0.0;12.939125;367.20444;1261.0656;82.51945;6605.5854;17.817778;-14.89
2003-01-15;-7.428013;-8.445331;-7.508779;741.77783;0.8330706;151.19528;100.0;0.2446541;215.94496;1132.6904;7.260406;-0.022718683;0.0;0.13363361;0.13362616;0.0;7.2550697;663.30444;2790.5767;-734.39667;5677.1743;-15.473333;-103.13111
2003-01-16;-10.466907;-15.142371;-10.425916;744.3718;1.5491282;23.967588;100.0;0.2461462;220.31737;1118.5303;0.0567317;-0.075849704;0.0;0.13297796;0.13297051;0.0;0.05543977;839.1322;3462.9355;-1546.33;4331.8423;-55.986668;-43.38889
2003-01-17;-9.857807;-18.878942;-15.821976;747.30347;1.0951432;46.460064;100.0;0.24614978;224.2477;1098.6735;0.0008583069;-0.030122697;0.0;0.13229251;0.13231486;0.0;0.0;924.56775;3707.1167;-1550.0239;3846.2346;-20.44;38.74
2003-01-18;-10.648292;-18.158712;-16.683027;746.67676;1.1476272;25.465424;100.0;0.24622612;226.97784;1086.0189;0.20279288;-0.023273751;0.0;0.13166666;0.13167411;0.0;0.19790977;721.45276;2822.6255;-674.5417;4971.729;-15.948889;9.146667
2003-01-19;-11.621646;-17.306795;-17.524477;748.21826;1.4280831;19.64927;100.0;0.2463731;229.48402;1074.5443;0.0023722649;-0.004856847;0.0;0.13104081;0.13104081;0.0;0.0018924475;961.2572;3673.111;-1422.4861;3927.722;-1.351111;30.31
2003-01-20;-13.237843;-18.209084;-19.213095;745.3947;1.0803251;57.41905;100.0;0.24639757;231.7757;1063.8834;0.0034451485;-0.0024000183;0.0;0.13038516;0.13040006;0.0;0.0013001263;980.5122;3654.1755;-1196.0022;4085.9746;0.32333332;1.9766667
2003-01-21;-10.713082;-14.377912;-17.550611;745.75507;0.8435511;44.447193;100.0;0.24681263;233.07582;1059.4076;0.8998513;0.012649223;0.0;0.12975931;0.12978911;0.0;0.89121234;700.8367;2560.2422;-297.43777;5397.8013;11.201111;-8.3133335
2003-01-22;-9.044103;-11.359153;-14.484189;748.24365;0.8835971;58.93858;100.0;0.2475826;234.29848;1057.373;0.28871596;0.011770986;0.0;0.12919307;0.12917072;0.0;0.2845414;766.6222;2778.11;-524.0356;5393.6245;11.141111;-32.75778
2003-01-23;-7.9886284;-12.258675;-13.075278;748.9954;1.0444713;26.501364;100.0;0.24773979;237.30272;1044.6371;0.008797646;-0.011937693;0.0;0.12855232;0.12855977;0.0;0.007107854;1018.11053;3613.2234;-1175.4795;4707.05;-6.141111;-32.623333
2003-01-24;-7.7329025;-15.801599;-14.509911;748.60626;1.0902988;41.526688;100.0;0.24776196;240.3141;1032.1859;0.0008583069;-0.028867275;0.0;0.12795627;0.12794882;0.0;0.0;1082.8711;3751.2612;-1337.5989;4360.428;-19.016666;29.156666
2003-01-25;-9.0684595;-15.764038;-15.521415;748.21045;1.3363638;18.019867;100.0;0.24777813;242.9391;1020.9554;0.00044107434;-0.015897676;0.0;0.12734532;0.12734532;0.0;0.0;1146.865;3884.4167;-1402.8378;4211.8374;-9.107778;39.29
2003-01-26;-9.819122;-15.835172;-16.270004;746.95636;1.1254987;26.161142;100.0;0.24780369;245.30238;1011.1084;0.0008523463;-0.014252961;0.0;0.12674928;0.12674928;0.0;7.4505806e-06;1150.3373;3810.6555;-1355.0889;4207.5938;-7.9922223;14.506667
2003-01-27;-8.477262;-14.718297;-16.101423;744.38776;0.81380033;237.85493;100.0;0.24813156;246.8268;1005.4118;2.57777;-0.016380101;0.0;0.12615323;0.12615323;0.0;2.5733225;1190.9895;3862.2078;-858.25946;4881.8022;-9.992222;-15.75
2003-01-28;-7.3316064;-9.150063;-12.021054;736.8582;0.618;110.22672;100.0;0.2556694;235.69203;1084.1064;7.975284;0.008698553;0.0;0.12557209;0.12557954;0.0;7.9684334;455.0361;1678.7245;54.456112;6337.2134;7.832222;-26.775555
2003-01-29;-6.842861;-8.010695;-8.587274;743.98627;1.0320382;204.77046;100.0;0.26052174;233.18195;1117.8793;3.6710382;-0.042768195;0.0;0.12500584;0.12501329;0.0;3.6579742;642.64557;2482.5112;-194.26778;6328.2026;-31.49;-106.85333
2003-01-30;-4.849569;-5.710579;-6.368006;750.64087;0.89017934;169.83609;100.0;0.26477575;233.54555;1134.3994;2.544138;-0.026848167;0.0;0.124424696;0.1244396;0.0;2.538938;555.6039;2205.5;-328.1078;6343.81;-19.152222;-82.085556
2003-01-31;-4.4648147;-8.99525;-6.9663086;752.18085;0.7637019;177.1216;100.0;0.265457;238.96092;1112.0199;0.008473446;-0.066421926;0.0;0.12385845;0.1238659;0.0;0.006329268;959.0872;3739.4167;-1295.4033;5043.418;-47.22889;-71.21555
2003-02-01;-5.8457947;-9.076848;-9.929389;748.9987;0.8290195;139.00325;100.0;0.2654715;243.75356;1089.9252;0.0019464274;-0.014849938;0.0;0.12329221;0.12329221;0.0;0.0010952353;1074.6489;4085.4468;-1427.0144;4593.3496;-7.6444445;-55.81
2003-02-02;-7.047362;-8.845245;-10.170773;747.1618;0.90699506;182.09569;100.0;0.2660477;246.88637;1077.7588;2.4990785;-0.008881092;0.0;0.122740865;0.122733414;0.0;2.4618804;867.2833;3212.2944;-424.02167;5904.3765;-4.057778;-89.57889
2003-02-03;-5.58079;-6.916921;-7.493319;743.2906;0.62213755;194.83289;100.0;0.2773049;237.61293;1165.9342;18.827215;-0.011814758;0.0;0.12218952;0.12218952;0.0;18.668737;456.60223;1799.13;-237.76;6325.0835;-7.881111;-65.98333
2003-02-04;-6.591207;-7.87973;-6.941957;743.7114;1.0032963;198.16331;100.0;0.29281166;227.35968;1287.557;10.545957;-0.058921054;0.0;0.12164563;0.12164563;0.0;10.513671;646.93225;2753.9355;-512.37555;6002.342;-43.595554;-117.82111
2003-02-05;-6.664759;-8.010799;-7.0723023;747.7951;0.66613525;198.52124;100.0;0.30085266;226.15656;1331.1361;3.6707222;-0.050744973;0.0;0.12111664;0.12110174;0.0;3.6618636;827.215;3535.7957;-816.8172;5625.6274;-36.233334;-137.09222
2003-02-06;-5.9604645;-11.025529;-8.675072;751.3022;0.8472479;147.19566;100.0;0.30182505;231.9339;1302.775;0.028690696;-0.06815232;0.0;0.120565295;0.120565295;0.0;0.026959926;962.36664;4010.3032;-1360.9817;4787.349;-48.35889;-74.46778
2003-02-07;-5.7382812;-14.008293;-11.862954;749.01514;0.8296413;185.44814;100.0;0.30183116;237.06866;1274.6176;0.0017033162;-0.04714541;0.0;0.12002885;0.1200214;0.0;0.0;1001.66943;4065.1433;-1323.5784;4547.2666;-32.433887;-13.585556
2003-02-08;-6.344429;-12.8611765;-12.690944;743.9821;0.7460644;251.05861;100.0;0.30217326;240.74998;1256.0629;1.2196302;-0.017826445;0.0;0.11947751;0.11949241;0.0;1.1786745;611.68054;2406.521;-438.04224;5564.8457;-12.03;8.59
2003-02-09;-7.067125;-8.609432;-9.893982;742.5296;1.0248234;219.69218;100.0;0.30462924;242.25096;1257.9752;3.0783305;-0.03632158;0.0;0.11897087;0.11897087;0.0;3.0387864;855.6383;3358.2722;-460.90723;5915.45;-25.475555;-114.312225
2003-02-10;-9.232605;-10.980342;-8.941337;742.2903;0.770016;219.13966;100.0;0.3113171;238.138;1306.3965;10.318801;-0.05719997;0.0;0.11846423;0.11845678;0.0;10.292988;510.46335;2069.2522;-421.9389;5898.6733;-43.426666;-111.51222
2003-02-11;-10.126237;-12.311107;-9.650555;744.8079;0.8906663;162.49612;100.0;0.32020387;228.65526;1400.472;3.9437888;-0.06997585;0.0;0.11794269;0.11795014;0.0;3.937006;892.5311;3744.561;-1025.665;5097.699;-51.825554;-174.55222
2003-02-12;-8.895382;-19.362066;-11.958697;748.8457;1.0419067;35.079212;100.0;0.3210393;232.85023;1379.7607;0.52978694;-0.105326995;0.0;0.11743605;0.11743605;0.0;0.50359964;1048.8116;4301.48;-1026.5778;4921.7314;-77.280556;-94.10333
2003-02-13;-7.07135;-9.404315;-10.171308;743.4382;0.6424255;102.87836;100.0;0.32935917;228.22557;1442.0166;12.206919;0.0046128407;0.0;0.11694431;0.11692941;0.0;12.197338;375.0711;1570.039;-44.086113;6307.4756;4.611111;-40.09
2003-02-14;-6.1959014;-7.472791;-7.771309;740.0722;0.6599325;186.41118;100.0;0.3366873;227.57323;1478.7191;10.793412;-0.05469285;0.0;0.11643767;0.11643022;0.0;10.787677;651.39777;2723.271;-287.34332;6276.3613;-40.274445;-122.99333
2003-02-15;-7.889014;-9.56951;-7.236464;741.1834;1.043718;149.7253;100.0;0.34640157;225.28741;1538.7369;2.425009;-0.1395857;0.0;0.115945935;0.115938485;0.0;2.4193265;889.39886;3785.9634;-733.2778;5694.9956;-105.61889;-213.5411
2003-02-16;-8.107282;-9.654298;-7.9340644;742.3663;0.68449277;155.6239;100.0;0.34868145;230.87921;1511.0677;2.589471;-0.074476;0.0;0.1154542;0.1154542;0.0;2.5801733;852.94666;3568.2932;-733.54724;5643.7686;-55.04889;-171.01111
2003-02-17;-9.058093;-12.399749;-9.496376;745.28937;0.8482707;139.26073;100.0;0.3501508;236.11684;1484.1309;0.27318025;-0.111628324;0.0;0.11496246;0.11496246;0.0;0.26798248;1053.71;4337.7334;-1303.6122;4780.74;-82.8;-165.03334
2003-02-18;-8.783143;-10.369958;-10.182046;739.48114;0.97041225;157.78488;100.0;0.35350445;238.14777;1483.2357;11.786523;-0.028865412;0.0;0.11447072;0.11447072;0.0;11.781655;680.1839;2731.2166;-278.6378;6024.5635;-20.327778;-113.66889
2003-02-19;-7.8951325;-9.001679;-8.229434;733.86646;1.0520931;182.24019;100.0;0.3706484;225.87987;1637.736;20.430136;-0.049505383;0.0;0.11399388;0.11400133;0.0;20.42611;375.95166;1590.2905;-37.196667;6455.5996;-37.70778;-124.092224
2003-02-20;-8.664234;-10.043091;-7.4401665;734.02515;0.9511898;184.73494;100.0;0.4110218;201.73305;2033.3252;36.094475;-0.096172094;0.0;0.11353195;0.11353195;0.0;36.084255;351.87723;1534.1161;-256.25638;6205.2305;-74.44222;-155.97444
2003-02-21;-8.773384;-10.426693;-8.042454;740.9358;1.2163084;183.84755;100.0;0.4303466;202.08527;2126.994;25.718063;-0.13894401;0.0;0.11307001;0.11307001;0.0;25.711489;745.7317;3209.0718;-354.78778;6076.191;-106.14889;-243.69
2003-02-22;-8.330909;-10.08977;-7.5176353;743.78656;1.0772995;206.32637;100.0;0.46799123;194.79816;2403.1982;17.119919;-0.13731979;0.0;0.112593174;0.112600625;0.0;17.114588;1024.0634;4474.511;-879.9656;5510.215;-103.094444;-243.78667
2003-02-23;-9.179169;-13.371082;-9.787137;746.6181;0.7437673;118.63284;100.0;0.47038046;207.94823;2266.154;0.117754936;-0.0903504;0.0;0.11213124;0.11212379;0.0;0.1151748;1205.0394;5125.2544;-1412.6489;4636.1514;-65.263336;-200.3811
2003-02-24;-6.419336;-9.452442;-9.841081;744.6465;0.711636;65.7441;100.0;0.47552732;215.42967;2207.3567;14.008691;-0.0285618;0.0;0.1116693;0.11166185;0.0;13.891466;752.37665;3147.8179;-153.36722;6272.8696;-19.043333;-102.02111
2003-02-25;-8.138276;-10.435441;-7.3843064;740.3965;1.0378312;163.10837;100.0;0.5029625;213.03514;2359.6191;24.839079;-0.15960075;0.0;0.111207366;0.11121482;0.0;24.805593;864.5578;3770.381;-678.0333;5799.6123;-121.34556;-226.48
2003-02-26;-10.7764435;-13.022423;-9.65738;741.35443;0.63018936;100.08673;100.0;0.51339006;218.54588;2351.3591;5.015339;-0.08514896;0.0;0.11076033;0.11076033;0.0;5.0082316;629.205;2707.4956;-678.5611;5453.1133;-64.708885;-155.84666
2003-02-27;-11.809601;-14.611758;-11.39973;744.96173;0.966446;88.98617;100.0;0.5167705;225.95766;2289.4287;2.0403414;-0.08708425;0.0;0.1103133;0.1103133;0.0;2.036631;1073.02;4539.2495;-1221.8678;4703.681;-64.35778;-194.1
2003-02-28;-12.771327;-17.745344;-13.828248;748.6975;1.0071462;69.58371;100.0;0.5175468;233.2324;2221.2322;0.006529688;-0.09366777;0.0;0.10986626;0.10986626;0.0;0.005237758;1312.2333;5423.6123;-1434.9039;4255.172;-68.29889;-250.78778
2003-03-01;-11.572242;-20.583616;-16.4362;750.70795;0.993239;33.693016;100.0;0.5175404;239.08983;2166.1785;0.0017911189;-0.06454997;0.0;0.109404325;0.10941923;0.0;8.195639e-05;1421.3683;5722.938;-1698.525;3738.1836;-45.31889;-95.566666
2003-03-02;-8.125134;-21.25441;-17.4197;752.16534;0.96022624;114.22049;100.0;0.5175554;243.68651;2125.3254;0.12475252;-0.07591583;0.0;0.10895729;0.10897219;0.0;0.12367219;1442.3917;5655.275;-1208.6233;4355.9185;-53.65889;-28.082222
2003-03-03;-5.6317573;-18.809053;-13.721115;749.8335;0.73703545;247.71782;100.0;0.5178363;248.40395;2086.2224;0.74510473;-0.10620151;0.0;0.10852516;0.10852516;0.0;0.715591;1153.6461;4420.4507;-464.49667;5653.6943;-77.78778;-60.194443
2003-03-04;-5.3222556;-9.744537;-9.978851;749.2514;0.7016131;151.88312;100.0;0.519054;253.4964;2049.3164;0.9718567;-0.09999238;0.0;0.10809302;0.10809302;0.0;0.88988245;1302.6675;4957.3765;-618.1064;5813.3877;-72.635;-164.66112
2003-03-05;-3.6022034;-5.985335;-7.2590537;749.6965;0.7391853;95.00315;100.0;0.51970047;260.68002;1995.7682;0.5078628;-0.109072775;0.0;0.10766089;0.10765344;0.0;0.41787326;1127.8569;4222.8633;-751.195;5839.842;-80.77111;-144.92555
2003-03-06;-3.5478718;-4.9155984;-5.6106973;746.4475;0.45377147;155.80502;100.0;0.5309255;261.62466;2027.181;31.673615;-0.0060182065;0.0;0.107228756;0.10723621;0.0;29.672842;489.6059;1864.1842;-124.824165;6670.6934;-3.278889;-50.115555
2003-03-07;-3.7207336;-5.50297;-3.9389038;745.1723;0.7931059;163.92763;100.0;0.5593474;254.08919;2203.4504;8.1700735;-0.11365488;0.0;0.10679662;0.10680407;0.0;7.8802257;1162.295;5013.856;-923.7614;5854.588;-83.066666;-232.38222
2003-03-08;-2.9744365;-6.26239;-4.593567;750.4702;0.89718366;74.6283;100.0;0.56058997;264.67285;2121.6228;0.00463426;-0.13269298;0.0;0.10637939;0.10637194;0.0;0.0033564866;1377.3186;5668.528;-1546.1411;5026.061;-95.846664;-192.52444
2003-03-09;-1.9207026;-13.728183;-7.334553;749.3567;0.8164981;116.05636;100.0;0.56062984;273.1696;2054.9316;0.8410901;-0.17444603;0.0;0.105947256;0.105939806;0.0;0.684984;1544.0289;6103.964;-1582.4039;4705.3184;-127.33667;-106.63333
2003-03-10;-2.8467915;-6.230316;-6.319041;747.6955;0.5829224;140.34206;100.0;0.56325305;278.51596;2023.9664;6.865695;-0.10264665;0.0;0.10551512;0.10551512;0.0;6.38457;969.8261;3755.7817;-437.43167;6292.5957;-75.763336;-136.00667
2003-03-11;-2.8044128;-5.7512;-4.734121;745.5511;0.7294503;145.72838;100.0;0.57586426;276.1898;2087.3616;7.0839524;-0.116670504;0.0015348196;0.10663271;0.10510534;0.023722649;6.5536685;1042.1156;4347.0864;-825.4083;5918.9556;-86.02778;-164.22444
2003-03-12;-3.8064778;-6.514374;-4.998922;739.9341;0.6651741;95.39883;100.0;0.5786317;282.34927;2051.3916;7.666556;-0.17954782;0.0;0.10468066;0.10468811;0.0;7.507257;985.48975;3947.2375;-594.2072;6138.592;-135.64;-167.75333
2003-03-13;-4.2071023;-5.0452065;-3.9215825;740.9089;1.0140727;173.83875;100.0;0.58955795;281.79037;2093.9534;8.096642;-0.12665614;0.0;0.104278326;0.10428578;0.0;8.064553;737.20776;3081.2495;-357.8761;6520.9644;-96.187775;-222.83223
2003-03-14;-3.906667;-5.3482666;-3.3662922;749.26935;1.4329342;213.53137;100.0;0.59449494;286.88867;2074.829;2.4838;-0.2578823;0.0;0.103890896;0.103890896;0.0;2.4568663;1156.4745;4766.865;-709.5047;6174.2207;-196.61111;-298.43112
2003-03-15;-2.9153137;-5.30954;-3.5731761;750.6409;0.8630331;129.35773;100.0;0.59534526;294.4896;2024.5768;0.027123094;-0.1953682;0.0;0.10345876;0.10347366;0.0;0.025834888;1451.3267;5772.1436;-1351.294;5394.5513;-144.80556;-254.42334
2003-03-16;-1.7186686;-8.03064;-5.42985;745.8354;0.8738707;107.167336;100.0;0.5953001;301.39258;1977.6611;0.0017046923;-0.15032105;0.0;0.10305643;0.10305643;0.0;0.0;1653.0087;6327.5654;-1661.9902;4843.1436;-107.89555;-155.44333
2003-03-17;-2.9186604;-5.2913947;-5.805532;744.60187;1.0513467;238.83678;100.0;0.596867;306.24448;1951.0498;4.1287093;-0.12019649;0.0;0.1026392;0.1026541;0.0;3.5158136;1442.6772;5360.7334;-902.6178;5762.5977;-88.15667;-197.7
2003-03-18;-2.9937947;-4.032183;-3.7393696;742.7807;0.9552761;175.45787;100.0;0.60735816;304.19205;1995.8903;28.712381;-0.15641004;0.022791326;0.12505054;0.10225922;0.09247847;27.467928;930.3064;3517.921;-345.27554;6627.94;-118.55556;-222.00806
2003-03-19;-4.4439187;-5.23823;-2.6415303;737.45526;1.1272584;197.85443;100.0;0.6532009;279.13412;2337.7686;41.166126;-0.24022254;0.0055879354;0.10745227;0.10187924;0.023422763;40.58713;682.7269;2943.352;-322.15582;6612.3745;-185.41333;-328.6411
2003-03-20;-6.304911;-7.642072;-3.7710838;738.6006;1.4245677;205.0442;100.0;0.6939309;264.083;2627.116;31.330452;-0.26317033;0.0;0.10149181;0.10149926;0.0;31.295855;636.4336;2754.913;-470.43445;6259.0;-203.87889;-309.25333
2003-03-21;-7.9787383;-10.718853;-5.8379364;741.22736;1.2965709;207.18262;100.0;0.70614403;269.0563;2629.3132;1.1640116;-0.3323108;0.0;0.10110438;0.10111183;0.0;1.1526942;1389.1439;5922.5;-1161.8461;5281.5645;-253.80556;-379.705
2003-03-22;-7.3766174;-9.96309;-7.1944404;744.3467;0.7363689;224.46614;100.0;0.70705795;277.60352;2550.4963;1.1435449;-0.21707174;0.0;0.10071695;0.1007244;0.0;1.1399835;1277.6666;5303.847;-905.93945;5523.5034;-164.25333;-310.4325
2003-03-23;-6.037576;-7.9045815;-6.5599074;745.5223;0.9108653;194.02135;100.0;0.7109909;283.15268;2511.963;10.418177;-0.15335158;0.0;0.10034442;0.10034442;0.0;10.347795;1168.9211;4776.219;-647.6825;5981.313;-115.00889;-267.55276
2003-03-24;-5.4016013;-6.8092437;-5.8424516;743.9268;0.7895393;177.49745;100.0;0.73755056;272.9896;2698.12;47.359222;-0.039197505;0.0;0.09998679;0.09997934;0.0;47.00932;371.49445;1575.2961;-50.43028;6661.0435;-29.621666;-97.22667
2003-03-25;-2.5167542;-3.1991577;-3.217828;741.51337;0.7166415;89.6416;100.0;0.7932348;258.41733;3066.8538;50.75411;-0.02391357;0.012263656;0.11189282;0.099629164;0.0;46.949074;294.7628;1283.1128;-29.931389;6967.299;-17.778334;-52.00111
2003-03-26;-5.9932656;-7.9410386;-2.5007439;735.3212;1.2696663;223.2215;100.0;0.835933;262.66666;3186.2793;15.992528;-0.4237583;0.0059455633;0.1052171;0.099256635;0.0;15.567709;1298.8689;5324.9243;-1256.0856;5439.9893;-326.46335;-502.14667
2003-03-27;-7.3474135;-9.49115;-5.962915;742.46704;1.2288344;196.672;100.0;0.83998996;274.87598;3059.2449;5.128369;-0.3221035;0.0;0.098884106;0.098884106;0.0;5.107392;1377.4617;5397.4473;-808.1383;5728.634;-246.78389;-422.29443
2003-03-28;-9.197582;-12.39384;-6.9109993;742.7681;1.4251494;201.37834;100.0;0.84634686;281.03775;3014.323;3.0073013;-0.36275852;0.0;0.09851158;0.09851158;0.0;2.98246;1545.7472;6309.1484;-1352.8787;4976.8857;-277.99222;-431.68222
2003-03-29;-9.815991;-14.953209;-9.402168;743.4461;0.98387337;109.74997;100.0;0.84697014;288.8978;2934.611;0.022310019;-0.22152625;0.0;0.09816885;0.09813905;0.0;0.020585954;1768.8966;7081.741;-1770.6744;4265.8916;-168.99445;-356.11557
2003-03-30;-9.112411;-17.878672;-11.776134;746.61694;1.0943357;53.10881;100.0;0.8468769;295.1273;2871.582;0.0012814989;-0.08619018;0.0;0.09779632;0.09779632;0.0;7.4505806e-06;1888.5289;7355.298;-1952.1328;3904.5913;-64.59778;-264.10443
2003-03-31;-6.6865172;-14.600342;-12.208659;748.0527;0.99333006;150.40228;100.0;0.8468409;300.21484;2823.0388;0.00085234636;-0.060457736;0.0;0.097453594;0.097453594;0.0;0.0;1907.1761;7244.436;-1646.9016;4349.234;-44.275555;-207.54
2003-04-01;-4.9278703;-11.0656;-11.377042;748.84644;0.9502876;93.328186;100.0;0.8468313;305.09702;2777.832;0.0030040736;-0.037439167;0.0;0.09711087;0.09711087;0.0;0.0;1971.7933;7307.442;-1651.3055;4464.51;-26.177778;-199.35777
2003-04-02;-2.8135579;-8.701721;-9.746194;751.2012;0.9488564;117.1787;100.0;0.846828;310.09604;2733.2356;0.07673502;-0.047035515;0.0;0.09678304;0.09677559;0.0;0.07457659;1925.2439;6964.7744;-1322.7444;5058.4966;-35.034443;-207.96
2003-04-03;1.5102234;-5.328752;-6.329895;753.62067;0.9786601;224.15044;100.0;0.8468936;315.8024;2684.3262;0.0019462445;-0.0462709;0.0;0.096425414;0.096440315;0.0;0.00012293458;1915.4255;6775.1704;-1057.6605;5713.438;-32.225555;-171.31555
2003-04-04;3.1490276;-3.7252095;-3.1502736;752.6897;0.89801496;241.7538;100.0;0.8472341;323.13574;2624.9592;0.48559448;-0.06305799;0.00062584877;0.09672344;0.09609759;0.008821487;0.0;1725.8645;5867.3735;-999.77057;5984.6255;-45.755554;-145.66333
2003-04-05;5.509318;-2.5895488;-1.4460297;749.71576;0.81447333;247.91554;100.0;0.8464091;331.84766;2554.118;0.01885891;-0.07242523;0.16088784;0.2566427;0.09576231;1.7361604;0.0;2269.3044;7147.7983;-1357.3783;5733.61;-52.037777;-171.63445
2003-04-06;2.1642253;0.02863566;-0.19164403;747.6149;0.93632215;177.02922;100.0;0.845854;341.7881;2477.824;7.116276;-0.028290786;1.0122657;1.1076927;0.09543449;7.6513476;3.7252903e-06;1390.7966;3851.2278;-534.8636;6772.9087;-19.614445;-139.60556
2003-04-07;1.2244467;-0.65238446;-0.057729084;751.34595;0.68771106;166.60576;100.0;0.8411624;349.58594;2408.6914;18.953634;-0.04374422;3.0046701;3.0997844;0.09510666;8.186262;0.0008903444;1295.7966;3267.0884;-506.87054;6768.251;-32.09667;-121.46889
2003-04-08;2.1725464;0.22346751;-0.0072161355;752.9317;0.80477804;142.75221;100.0;0.83070993;356.06088;2335.5713;27.28781;-0.050259754;8.231774;8.352041;0.12025982;13.810273;0.007674098;1976.0178;4695.3066;-525.51056;6882.8;-35.38222;-188.52888
2003-04-09;3.6374397;1.1331266;-0.019030252;749.13617;0.86401653;221.59325;100.0;0.81498593;361.66895;2255.9001;3.68464;-0.19895005;4.9510674;5.176291;0.22521615;18.458546;0.0;2656.7544;5995.4507;-718.3525;6755.021;-139.40834;-147.25667
2003-04-10;1.4506836;-1.4640198;-0.09565226;750.29913;0.8088446;172.38289;100.0;0.79762965;366.84244;2176.595;0.16068794;-0.46699402;3.7486105;3.8507729;0.10216236;16.965696;9.685755e-05;3212.4988;6983.618;-1507.4695;5788.365;-347.25888;-230.74777
2003-04-11;-0.20839436;-7.948395;-0.2952385;749.75903;1.0542368;71.22512;100.0;0.78542775;372.69107;2109.3342;0.0066361534;-0.8013472;2.0223708;2.116695;0.0943169;9.467514;0.0040456653;3496.865;7391.983;-1858.3158;5282.062;-606.7867;-334.44446
2003-04-12;0.6735611;-5.631582;-0.36314774;749.5293;1.1240156;50.085037;100.0;0.7754037;379.6787;2044.1895;0.0025609697;-0.48514736;2.6918948;2.7862191;0.09432435;10.111511;0.0;3724.787;7708.089;-2039.3672;5072.454;-358.05554;-195.98778
2003-04-13;0.6211446;-5.3254;-0.27054086;747.426;1.0498757;79.243614;100.0;0.764287;386.36197;1980.0619;0.0006854534;-0.5018953;3.0148625;3.109336;0.09447336;11.07417;0.0;3278.588;6671.392;-1664.0841;5479.7725;-373.25055;-166.28111
2003-04-14;0.27182007;-6.499003;-0.2669449;747.1717;1.0172306;115.44172;100.0;0.752948;392.42676;1920.3287;0.006441396;-0.74028784;2.9276013;3.0378103;0.11019409;10.880777;0.0;3595.92;7221.187;-1762.8541;5378.101;-559.31555;-220.70222
2003-04-15;-0.8554891;-3.22818;-0.18101756;747.6795;0.96661425;68.00937;100.0;0.74618274;396.48926;1882.5684;10.687947;-0.36957395;3.1187387;3.2142103;0.09546429;6.691188;3.7863777;2122.101;4256.068;-866.67804;6356.4243;-279.90887;-214.29778
2003-04-16;-0.793925;-2.3878174;-0.07163366;744.9612;1.2734843;38.972897;100.0;0.7563346;388.65073;1944.8242;21.649494;-0.23065042;1.5058815;1.6333759;0.12747943;2.6798136;16.584127;936.8372;2871.7905;-589.7325;6575.1157;-174.70222;-123.38778
2003-04-17;-0.68111163;-4.9284363;-0.18321483;749.29425;0.9816826;74.98029;100.0;0.76071024;387.3711;1965.0065;0.027549267;-0.4799692;0.5611181;0.65916777;0.09806454;2.3101456;0.014565885;2027.0583;6512.0327;-1130.7653;5998.1255;-357.29556;-278.95444
2003-04-18;0.84295654;-1.9551086;-0.09377416;749.80786;0.9618669;144.34023;100.0;0.75545734;392.41992;1926.2695;2.26765;-0.39146656;2.3806021;2.480492;0.099889934;7.2070694;0.0;2347.5728;6588.948;-909.9106;6419.8545;-287.61334;-229.86
2003-04-19;2.1302998;-0.22849528;-0.0062967935;747.15155;0.8534065;170.39386;100.0;0.7432661;395.8522;1878.7435;7.688493;-0.25347248;6.457314;6.962657;0.50535053;14.626544;0.004593283;2292.9944;5843.1416;-682.80725;6725.761;-181.74834;-198.70778
2003-04-20;0.498881;-0.6717631;-0.018606821;742.284;1.1553932;198.38905;100.0;0.73059016;398.1429;1835.8154;12.82804;-0.26209468;8.404806;9.540677;1.1358708;14.064904;2.3273342;2044.0255;4906.8057;-515.0611;6865.942;-192.88222;-232.99777
2003-04-21;-0.79855347;-3.7029827;-0.13438924;744.9218;1.0297127;204.73706;100.0;0.7231393;399.0332;1813.3951;0.5584538;-0.7172767;2.2872238;2.404511;0.11730194;7.1901307;0.25809556;2483.4678;6206.8823;-1163.1472;6010.1445;-546.12;-365.00888
2003-04-22;-0.33928427;-3.5065715;-0.18471909;746.4116;0.9533525;162.25896;100.0;0.7154012;403.7103;1773.3969;0.87350106;-0.68378353;2.560258;2.6905684;0.13031065;7.663112;0.12457371;3025.831;7117.5415;-1216.552;6027.6475;-516.2672;-310.01443
2003-04-23;0.51638794;-1.0031942;-0.02969996;750.7627;1.1988834;223.26839;100.0;0.7053688;407.13345;1733.4799;2.7725012;-0.54828453;4.7384205;4.9122424;0.1738146;11.737958;0.058814883;2508.5745;5683.03;-596.2106;6811.387;-415.25555;-319.84778
2003-04-24;2.0277202;-0.22086589;-0.040749867;752.5232;0.9439199;214.6375;100.0;0.6903665;409.69727;1686.3607;1.1447315;-0.49495697;7.153809;8.343935;1.1901186;16.759186;0.015933067;2893.615;6319.868;-887.0539;6499.06;-369.56888;-240.46777
2003-04-25;3.033559;-0.08243815;-0.02366511;748.7583;0.9190082;217.0233;100.0;0.6752159;412.48306;1638.143;11.9006815;-0.22282079;9.777784;10.785803;1.0080189;15.106749;0.00016018748;2133.8972;4521.7915;-465.60388;6964.237;-161.1811;-110.38778
2003-04-26;1.6669718;0.27347818;-0.027454376;744.6744;1.172736;211.6833;100.0;0.6616636;414.6045;1596.9645;16.058077;-0.07694494;12.79077;14.847681;2.056904;14.291029;0.39600953;1565.1239;3238.33;-410.2389;6929.9;-52.737778;-96.522224
2003-04-27;-0.5815633;-3.8242695;-0.12661107;744.2392;0.79022837;112.35673;100.0;0.6542327;416.72592;1570.516;4.01023;-0.39573944;2.3724735;2.6904047;0.31792372;5.8661776;1.7790868;1804.5039;3805.525;-880.35944;6289.649;-300.25665;-132.01222
2003-04-28;-1.4485474;-3.415971;-0.158343;747.44366;0.8759083;106.52838;100.0;0.65049624;415.68652;1565.3076;5.9831753;-0.3915038;3.6057086;4.0201545;0.4144609;7.9294367;2.1266825;2379.2322;5671.2554;-1176.9645;5984.0513;-293.79443;-308.04666
2003-04-29;-0.03584798;-3.6341145;-0.14985149;752.46576;1.0370232;119.876686;100.0;0.64333814;419.05826;1535.6039;6.454706;-0.69234985;3.5800636;3.9907694;0.4107207;8.280314;2.9613879;2900.03;6683.326;-1053.6455;6232.7437;-523.6922;-309.18222
2003-04-30;0.10543823;-3.4264324;-0.08928426;754.67725;0.93436843;86.94027;100.0;0.6446926;408.25357;1578.8168;7.6610446;-0.3674738;3.423944;3.909886;0.48594922;8.096017;5.4618044;2100.9084;6583.1826;-1258.6984;5919.817;-267.79333;-234.91888
2003-05-01;0.91868085;-5.542145;-0.27736154;755.49884;1.3435593;40.83522;100.0;0.63859785;412.10385;1550.7406;0.0055789948;-0.494251;1.9406974;2.4542212;0.5135387;6.0058794;0.00040978193;2854.6982;7870.208;-1715.1056;5385.0854;-361.75333;-228.24333
2003-05-02;3.1697388;-4.619934;-0.23765564;754.1787;1.6517745;35.179485;100.0;0.6306539;417.9144;1510.4574;0.0061750407;-0.46396163;3.1733215;3.7721992;0.59884787;9.212781;0.0;3181.6956;8023.685;-1684.6912;5495.081;-336.52777;-130.76889
2003-05-03;4.438131;-3.3001328;-0.1719373;754.8558;1.4932343;30.746765;100.0;0.61829823;422.97104;1463.3383;0.1629889;-0.3823247;5.254298;6.5570173;1.3027191;14.261707;0.0;3141.6077;7420.796;-1471.8933;5793.7373;-273.47;-95.172226
2003-05-04;6.4124146;-5.3653054;-0.1822141;755.4257;1.0621248;37.476788;100.0;0.6030951;427.87466;1410.9701;0.0012792262;-0.4178006;5.886659;7.10772;1.2210534;15.92905;0.0;3627.4316;8164.0723;-1688.5928;5605.164;-298.51443;-92.41333
2003-05-05;6.8809915;-3.8558452;-0.15708797;753.3488;1.1289669;113.04066;100.0;0.58559805;432.71616;1355.0619;0.005680322;-0.42236316;7.00403;7.8739376;0.86990744;18.274616;0.0;3639.565;7897.961;-1511.2161;5852.499;-302.37;-72.12666
2003-05-06;5.454641;0.9081319;-0.13893764;749.5361;1.1389532;145.02342;100.0;0.5672838;437.1621;1299.4385;5.1846533;-0.23657829;9.533673;12.014538;2.480842;17.674883;0.0;3104.0679;6553.1323;-1222.31;6128.2485;-164.81778;-84.863335
2003-05-07;1.4662069;-3.222023;-0.11835098;745.9421;1.6003284;149.83052;100.0;0.5508673;440.82227;1250.9766;3.378141;-0.83206034;6.675005;7.9943237;1.3193339;16.306631;0.5030073;3470.5793;7175.669;-1256.0928;6085.289;-627.9622;-119.46889
2003-05-08;2.0005696;-7.61912;-0.2066714;750.6338;1.2006611;96.37444;100.0;0.5370747;444.65268;1209.025;0.4003942;-0.8121971;5.428359;7.312804;1.8844455;13.044492;0.0;4012.5483;8323.888;-2116.7495;5007.3755;-610.30554;-216.63445
2003-05-09;5.052073;-4.290293;-0.21306229;753.9012;1.0093949;134.97516;100.0;0.5213453;449.06998;1162.1094;0.0069230795;-0.44606626;6.602779;8.513048;1.9102767;17.332445;0.0;4022.4395;8199.329;-1793.7625;5513.708;-321.04224;-121.37889
2003-05-10;6.5661826;-3.7140706;-0.1510849;755.3237;1.022396;86.579865;100.0;0.5017963;450.0;1115.8854;0.6374419;-0.4056953;9.116292;11.426494;2.3102016;20.595833;0.0;3918.149;7879.7676;-1510.4072;5885.7256;-290.01666;-96.62
2003-05-11;6.5715537;-1.130076;-0.10997009;756.06366;1.0827166;60.75233;100.0;0.4799904;450.0;1067.3828;1.1240482;-0.29252377;9.8251705;12.978286;3.1531155;21.875765;0.0;3494.5156;6954.3276;-1140.3153;6270.2993;-204.89111;-76.55666
2003-05-12;6.259501;-1.8828735;-0.09873072;753.7962;1.1631876;93.58863;100.0;0.45755363;450.0;1017.82227;0.79654455;-0.33776647;9.876519;13.782352;3.9058475;22.726387;0.0;3542.8677;6993.344;-1084.7023;6342.516;-238.95778;-73.613335
2003-05-13;7.912374;-1.4032084;-0.09539541;753.96387;1.0111715;76.82244;100.0;0.43374178;450.0;965.0879;0.49660802;-0.3360966;10.858536;15.896976;5.0384254;24.481867;0.0;3812.2605;7475.5454;-1212.9822;6240.957;-236.11333;-63.375557
2003-05-14;9.119365;-2.179179;-0.09705734;753.3035;1.1152271;153.0845;100.0;0.40845564;450.0;909.0576;0.30872226;-0.40132368;11.243701;17.740026;6.496318;25.979792;0.0;4023.016;7850.73;-1251.3033;6227.278;-285.45667;-52.81333
2003-05-15;9.103129;-1.0911967;-0.090976715;752.12555;1.3868905;120.37234;100.0;0.38260698;450.0;851.31836;2.0395875;-0.38084948;12.257688;20.635292;8.377589;25.485441;0.0;3736.8933;7264.529;-1033.3242;6478.831;-272.0178;-9.365556
2003-05-16;8.141459;0.15531413;-0.11605326;751.22516;1.3369342;184.88513;100.0;0.358263;450.0;796.9971;3.9634347;-0.34732744;11.284813;21.056175;9.771347;23.217812;0.0;3421.7495;6631.0513;-1146.76;6268.3774;-249.38667;9.43
2003-05-17;8.307261;-1.585083;-0.15062587;752.8122;1.4326615;200.11061;100.0;0.33435547;450.0;744.1406;0.045719743;-0.55755955;10.855943;24.274067;13.418108;24.659939;0.0;4103.9277;7934.074;-1338.0717;6108.35;-407.57;-15.345555
2003-05-18;7.213501;0.6963094;-0.13441594;752.2434;1.2261574;96.326744;100.0;0.30937698;450.0;688.43585;2.1624207;-0.3047511;11.332885;27.075232;15.742361;24.691067;0.0;3756.5;7248.6187;-1104.823;6353.7983;-213.48111;-69.42667
2003-05-19;7.530355;-0.3322042;-0.1129392;752.52325;1.1962044;124.55359;100.0;0.2826538;450.0;629.3538;0.4645437;-0.3538467;11.767954;27.245804;15.477851;27.613506;0.0;3823.746;7367.55;-1008.93695;6516.9067;-248.91;-77.28333
2003-05-20;8.118195;-1.049642;-0.17373149;753.42114;1.4110667;122.52801;100.0;0.2563739;450.0;570.7601;0.10381043;-0.45720488;10.780752;24.932325;14.151581;25.875072;0.0;4056.9194;7807.331;-1308.8833;6154.2935;-329.19278;-30.626667
2003-05-21;9.977702;-2.0349934;-0.18948872;755.12787;1.2213646;118.46973;100.0;0.2296896;450.0;511.556;0.0066508017;-0.42600185;10.8834505;25.540606;14.657162;26.976477;0.0;4169.102;8016.319;-1291.7592;6192.0576;-303.5111;-34.12
2003-05-22;7.8581543;-0.10459391;-0.15900548;751.5048;1.2403241;47.47053;100.0;0.20600498;450.0;458.69955;3.3127518;-0.24609081;10.603145;23.994774;13.391622;21.488167;0.0;2999.1116;5763.439;-852.7378;6589.349;-173.83667;-21.307777
2003-05-23;6.8203125;2.14092;-0.1555481;750.2612;1.0376424;131.69377;100.0;0.18351693;450.0;408.7728;5.4060416;-0.20820834;12.166865;26.640072;14.473207;23.118786;0.0;3261.8445;6262.932;-862.55;6610.5854;-142.68056;-96.33444
2003-05-24;6.4401855;3.0085247;-0.15888722;753.00146;1.1569151;98.15206;100.0;0.15919924;450.0;354.777;3.3034444;-0.1876289;11.971012;25.0884;13.1173725;25.298838;0.0;3252.9844;6244.223;-724.7528;6790.8843;-125.51778;-82.318886
2003-05-25;8.925842;0.7900594;-0.21864319;755.5308;1.0575844;110.80268;98.896645;0.13308044;450.0;296.99707;2.524775;-0.27182138;13.029873;27.258665;14.228791;26.73855;0.0;3530.0244;6750.1787;-896.88947;6636.555;-186.65;-54.487778
2003-05-26;9.382365;0.53358966;-0.26572037;753.82;1.347339;160.82445;96.53613;0.10638114;450.0;237.6709;1.7746389;-0.50617194;12.356236;27.156712;14.800474;27.329464;0.0;4090.2688;7712.5923;-1075.0645;6489.9946;-358.9711;-44.285557
2003-05-27;8.496928;0.56151325;-0.3370768;750.76483;1.2454817;129.24986;94.94515;0.07965211;450.0;178.14128;0.5651474;-0.55039674;11.44059;25.49398;14.053374;25.47494;0.0;4036.436;7543.1436;-1251.8837;6260.2793;-391.63333;-97.424446
2003-05-28;7.9785256;-0.15555827;-0.5584437;748.4241;1.3142961;128.9532;93.66032;0.054613274;450.0;122.51791;0.5827606;-0.67097694;11.226013;27.887672;16.661644;24.953798;0.0;4034.5762;7501.5513;-1207.9506;6303.437;-482.14777;-113.06
2003-05-29;7.6646323;0.4579366;-0.7224757;748.2912;1.3117087;195.77745;69.46525;0.031095743;450.0;70.39388;0.20532092;-0.9170277;7.976234;25.691076;17.714851;21.40424;0.0;4410.385;7450.0835;-1274.93;6368.9004;-643.5922;-287.82
2003-05-30;6.67275;4.4775186;-0.20001857;749.2932;1.2097613;205.58087;40.14168;0.017684817;450.0;39.8763;16.850113;-0.6668102;9.901598;25.336773;15.435174;9.187792;0.0;2292.05;3369.1345;-225.22139;7572.412;-458.88666;-192.07445
2003-05-31;7.4375815;3.0713398;-0.16941325;749.44037;1.3719329;187.01213;21.100992;0.009190599;450.0;20.711264;5.8008494;-1.8271096;4.2383523;17.305016;13.066671;7.3386693;0.0;4109.3896;5545.338;-1071.081;6946.666;-1267.2034;-664.35223
2003-06-01;7.576162;1.7237244;-0.3293012;750.9096;1.1053367;241.87022;9.781982;0.004248778;450.0;9.480794;1.2989432;-2.5043766;1.3655871;12.825221;11.459634;3.6928802;0.0;5340.0894;6885.849;-1609.7433;6555.6777;-1740.5044;-1057.2211
2003-06-02;8.363301;1.077952;-0.20171483;752.3767;1.168163;244.73871;4.0836587;0.0017665625;450.0;4.1503906;0.20362735;-3.0851727;0.49081445;10.696709;10.20591;1.6987659;0.0;5962.187;7510.7656;-1987.6969;6338.399;-2143.7478;-1108.0767
2003-06-03;8.211162;1.5857645;-0.13438289;751.75244;0.9507673;231.31566;1.7526855;0.0007638931;450.0;1.7903646;3.2519102;-2.3087366;0.7583201;9.864002;9.105675;0.6089732;0.0;4188.3315;5223.1724;-1510.7975;6707.959;-1603.7689;-712.54333
2003-06-04;7.986267;0.73517865;-0.31698355;752.0689;1.155402;228.2747;0.7762044;0.00033577284;450.0;0.9765625;0.3901422;-3.0946023;0.13808906;8.311361;8.17328;0.31829998;0.0;5955.0522;7392.5854;-2045.8756;6284.2124;-2149.8193;-1255.5577
2003-06-05;6.4613647;1.4998474;-0.49155554;751.7153;1.3958961;145.19954;0.31274414;0.00013566017;450.0;0.20345052;4.6114326;-2.8073192;0.89231133;8.282214;7.3898883;0.12457743;0.0;5672.6255;7022.0713;-2146.2004;6104.2246;-1950.1833;-1311.9956
2003-06-06;8.166707;0.014007568;-0.39634705;752.6075;1.124084;90.740944;0.1245931;5.364418e-05;450.0;-7.27919e-21;0.08842349;-3.654914;0.024974346;6.7542644;6.7292747;0.057287514;0.0;6526.4385;8064.709;-2297.1816;6106.618;-2538.9556;-1175.53
2003-06-07;10.440593;0.6564026;-0.20604198;752.4388;1.0386168;98.401344;0.04329427;1.859665e-05;450.0;-7.27919e-21;0.016212463;-3.9128363;0.006482005;6.171152;6.16467;0.021576881;0.0;6690.97;8256.822;-2392.9238;6204.472;-2718.1177;-993.2878
2003-06-08;11.530803;1.7616678;-0.102900185;752.86694;1.0052868;102.65818;0.014078776;5.761782e-06;442.75815;-7.27919e-21;0.10448854;-3.945725;0.014841557;5.6941805;5.679369;0.007368624;0.0;6564.2646;8091.028;-2301.8928;6463.5166;-2740.9644;-933.01
2003-06-09;12.35436;2.0379841;-0.07852427;753.55664;1.1666886;117.68934;0.0041503906;1.66893e-06;428.598;-7.27919e-21;1.0068446;-3.966786;0.123515725;5.38221;5.2586794;0.002257526;0.0;6389.652;7867.257;-2251.4934;6582.812;-2755.5945;-851.3122
2003-06-10;13.319936;-1.3998312;-0.0155347185;753.16235;1.2761556;105.67704;0.0008951823;3.973643e-07;428.1273;-7.27919e-21;0.016260147;-4.4394007;0.0016540289;4.892111;4.8904643;0.00067055225;0.0;6927.4043;8520.398;-2573.4639;6278.5547;-3083.9045;-777.8822
2003-06-11;13.129445;2.2327373;0.009930928;751.80225;1.4058758;79.629234;0.0;-7.2791903e-25;428.09375;-7.27919e-21;0.2117157;-4.0439367;0.022292137;4.5873823;4.565075;0.0001937151;0.0;6408.363;7873.731;-2313.0898;6575.9634;-2809.189;-823.4389
2003-06-12;13.474965;0.20983887;-2.1354053;750.80194;1.3534822;174.57391;0.0;-7.2791903e-25;253.46126;-7.27919e-21;0.028503215;-4.0920258;0.0029802322;4.2794046;4.2764096;4.8428774e-05;0.0;6637.678;8146.9478;-2464.4805;6390.8;-2842.5933;-953.85333
2003-06-13;13.042378;-1.0221151;-1.1901499;750.77814;1.4517504;137.89435;0.0;-7.2791903e-25;120.233055;-7.27919e-21;0.016063452;-3.8697953;0.0015348196;4.019797;4.0182695;1.4901161e-05;0.0;6565.297;8049.7124;-2476.9033;6348.0835;-2688.2178;-991.59
2003-06-14;13.504364;5.2310386;-0.046465557;751.4407;1.2608286;42.59035;0.0;-7.2791903e-25;100.85968;-7.27919e-21;4.519448;-3.6395416;0.5476326;4.3341517;3.7865267;0.0;0.0;6430.681;7876.5176;-2282.689;6751.7;-2528.2688;-1059.4567
2003-06-15;13.792745;3.9553936;0.009947459;751.88763;1.191885;100.95368;0.0;-7.2791903e-25;99.99998;-7.27919e-21;0.24360716;-3.9257407;0.02322346;3.601253;3.578037;0.0;0.0;6303.3643;7712.471;-2174.0457;6903.3257;-2727.081;-946.2978
2003-06-16;14.4583025;2.2864685;0.0098559065;751.47614;1.1043979;113.68577;0.0;-7.2791903e-25;99.99998;-7.27919e-21;0.030465098;-3.5720096;0.0027120113;3.39143;3.3887253;0.0;0.0;5987.2173;7324.701;-2242.985;6814.4434;-2481.3567;-866.8367
2003-06-17;15.55835;0.48388672;0.009888967;750.9466;1.3640159;124.74301;0.0;-7.2791903e-25;99.99998;-7.27919e-21;0.0;-3.823122;0.0;3.21576;3.21576;0.0;0.0;6388.8887;7815.162;-2313.3562;6832.495;-2655.7957;-935.3711
2003-06-18;14.314331;1.7210388;0.0101916;749.42194;1.4027863;125.032616;0.0;-7.2791903e-25;99.99998;-7.27919e-21;0.028857589;-3.3462346;0.0024288893;3.0599089;3.0574725;0.0;0.0;6007.2974;7347.37;-2236.9246;6890.1724;-2324.5178;-1100.8889
2003-06-19;13.615764;4.3468423;0.009858449;750.6121;1.1285452;89.71969;0.0;-7.2791903e-25;100.00259;-7.27919e-21;0.41900575;-2.9813862;0.033661723;2.9463172;2.9126554;0.0;0.0;5764.9956;7049.849;-2218.0024;6929.5806;-2071.07;-1087.22
2003-06-20;14.279735;2.6671245;0.009853363;749.1158;1.0745124;111.191185;0.0;-7.2791903e-25;99.99998;-7.27919e-21;0.17350057;-3.2408497;0.013247132;2.7923286;2.7790813;0.0;0.0;6445.5654;7881.3145;-2521.3445;6684.743;-2251.31;-1249.3534
2003-06-21;14.883209;0.67769367;0.010014852;748.35846;1.2233006;119.73853;0.0;-7.2791903e-25;99.99998;-7.27919e-21;0.006300211;-3.269175;0.00044703484;2.6554167;2.6549845;0.0;0.0;6764.1113;8269.768;-2687.9211;6559.7734;-2270.9866;-1401.0155
2003-06-22;15.00118;0.25790405;0.009906769;748.75006;1.1846623;145.56963;0.0;-7.2791903e-25;99.99998;-7.27919e-21;0.0008523463;-3.1211944;7.4505806e-05;2.5396645;2.5395975;0.0;0.0;6957.4385;8505.067;-2808.8423;6493.1655;-2168.19;-1545.8989
2003-06-23;14.98589;1.6159363;0.009806315;750.0086;1.2666146;108.259346;0.0;-7.2791903e-25;99.99998;-7.27919e-21;0.00011920929;-2.8686988;0.0;2.4323015;2.4322867;0.0;0.0;6752.6855;8253.641;-2699.9363;6704.8545;-1992.789;-1543.2755
2003-06-24;15.307424;1.6277567;0.010016124;750.0237;1.5699431;114.09301;0.0;-7.2791903e-25;99.99998;-7.27919e-21;0.028246641;-2.7133877;0.0016838312;2.3339987;2.3323;0.0;0.0;6903.8174;8437.313;-2922.9888;6545.6064;-1884.9;-1674.9388
2003-06-25;14.126018;-1.1443685;0.009699504;751.2952;1.7065282;40.390358;0.0;-7.2791903e-25;99.99998;-7.27919e-21;0.0;-2.4504755;0.0;2.2389145;2.2389145;0.0;0.0;7220.306;8823.02;-3430.6943;5859.437;-1702.2644;-1773.3489
2003-06-26;15.292256;-2.91805;0.0100695295;748.58813;1.3277122;128.9791;0.0;-7.2791903e-25;99.99998;-7.27919e-21;0.0008553266;-2.3569791;5.9604645e-05;2.1514745;2.1514149;0.0;0.0;7143.1284;8727.573;-3273.4316;6159.102;-1637.3145;-1773.7955
2003-06-27;15.476837;-3.4113567;0.01000468;749.46075;1.2234844;124.81442;0.0;-7.2791903e-25;99.99998;-7.27919e-21;0.0025762774;-2.209153;0.00016391277;2.0694435;2.069272;0.0;0.0;7094.8306;8667.416;-3200.1895;6341.2104;-1534.6244;-1878.7533
2003-06-28;16.279531;-2.586568;0.009980519;750.30145;1.1932724;107.74181;0.0;-7.2791903e-25;99.99998;-7.27919e-21;0.0;-2.1159575;0.0;1.9920468;1.9920468;0.0;0.0;7100.484;8673.195;-3274.5383;6363.269;-1469.8844;-1894.49
2003-06-29;15.956126;-0.057403564;0.009829204;748.5088;1.2886313;112.26363;0.0;-7.2791903e-25;99.99998;-7.27919e-21;0.0008523463;-1.9789468;5.9604645e-05;1.9193888;1.9193441;0.0;0.0;6981.31;8526.513;-3077.6333;6625.7627;-1374.7078;-1997.6122
2003-06-30;15.375092;1.985789;0.00976181;746.1821;1.2196625;99.82784;0.0;-7.2791903e-25;99.99998;-7.27919e-21;0.41586098;-1.8350165;0.026836991;1.8778741;1.8510222;0.0;0.0;6617.166;8080.689;-2889.9905;6789.2163;-1274.7245;-2043.1967
2003-07-01;14.549713;-0.073384605;0.01008606;745.92804;1.4441285;124.358154;0.0;-7.2791903e-25;99.99998;-7.27919e-21;0.029921532;-1.6303136;0.00166893;1.7887652;1.7870963;0.0;0.0;6075.545;7418.1987;-2805.5928;6611.3896;-1132.5244;-1950.9456
2003-07-02;14.973308;-0.99439496;0.009969075;751.42096;1.2876583;145.5426;0.0;-7.2791903e-25;99.99998;-7.27919e-21;0.0;-1.774813;0.0;1.726523;1.726523;0.0;0.0;6926.27;8456.01;-3007.4844;6584.6343;-1232.9033;-2217.2056
2003-07-03;17.51113;1.7661844;0.009610494;755.4058;0.95308995;75.179054;0.0;-7.2791903e-25;99.99998;-7.27919e-21;0.0018536648;-1.8604314;0.00010430813;1.6688257;1.668714;0.0;0.0;6769.4316;8263.476;-3018.2073;6972.961;-1292.3794;-1807.9044
2003-07-04;18.747314;3.1170452;0.010055542;753.4924;1.4547163;40.709427;0.0;-7.2791903e-25;99.99998;-7.27919e-21;0.0020146363;-1.7239246;0.00011920929;1.6139895;1.6138703;0.0;0.0;6617.785;8077.3677;-2986.1838;7085.1465;-1197.5533;-1859.4423
2003-07-05;18.520721;3.5884197;0.009937286;750.9648;1.2197175;37.36612;0.0;-7.2791903e-25;99.99998;-7.27919e-21;0.16859989;-1.5316215;0.01013279;1.5722513;1.5621334;0.0;0.0;5970.817;7286.7847;-2650.5862;7396.9136;-1063.9678;-1764.6733
2003-07-06;18.326181;4.2551064;0.010274251;750.3199;1.003253;110.03266;0.0;-7.2791903e-25;100.00519;-7.27919e-21;0.14395897;-1.5047388;0.008590519;1.521945;1.513347;0.0;0.0;5607.614;6842.6636;-2484.1982;7544.917;-1045.2922;-1625.2667
2003-07-07;19.394705;0.8171285;0.009936015;748.2845;1.2937605;129.5171;0.0;-7.2791903e-25;99.99998;-7.27919e-21;0.010633469;-1.4645401;0.0005811453;1.4675558;1.4669746;0.0;0.0;5720.826;6979.6787;-2727.6523;7276.271;-1017.36664;-1620.2533
2003-07-08;17.03655;-1.6692098;0.010008494;747.4804;1.6164284;187.20528;0.0;-7.2791903e-25;99.99998;-7.27919e-21;0.0008717514;-1.4578216;5.9604645e-05;1.4227629;1.4227182;0.0;0.0;7047.5903;8597.509;-3263.4368;6529.89;-1012.7;-2515.7656
2003-07-09;15.6909075;0.5711263;0.009845734;749.6236;1.4500356;134.20064;0.0;-7.2791903e-25;99.99998;-7.27919e-21;0.0;-1.3731745;0.0;1.3803542;1.3803691;0.0;0.0;6931.5415;8454.853;-3176.3218;6550.9937;-953.89886;-2527.6223
2003-07-10;16.911875;-1.6108805;0.009950002;750.8957;1.1236302;101.101295;0.0;-7.2791903e-25;99.99998;-7.27919e-21;0.0;-1.4778906;0.0;1.3398528;1.3398677;0.0;0.0;7050.362;8598.646;-3451.0884;6420.1187;-1026.6422;-2137.4377
2003-07-11;17.600637;3.5931804;0.0099983215;750.89844;1.3702706;52.502186;0.0;-7.2791903e-25;99.99998;-7.27919e-21;0.0017106531;-1.4109538;0.00010430813;1.3011843;1.30108;0.0;0.0;6889.797;8401.747;-3161.52;6877.8037;-980.1411;-2223.3955
2003-07-12;19.948019;4.742218;0.0098775225;750.9128;1.2787068;96.8172;0.0;-7.2791903e-25;99.99998;-7.27919e-21;0.0;-1.4431328;0.0;1.2639761;1.2639761;0.0;0.0;6876.348;8384.2705;-3194.101;7060.578;-1002.49664;-2093.0854
2003-07-13;19.578146;3.5304668;0.009947459;750.59106;1.2108177;126.45985;0.0;-7.2791903e-25;99.99998;-7.27919e-21;0.0;-1.3937522;0.0;1.2284815;1.2284815;0.0;0.0;6838.1064;8336.553;-3187.7334;7079.1;-968.19336;-2250.5356
2003-07-14;18.934967;1.1552836;0.009970347;750.75684;1.2450881;110.42788;0.0;-7.2791903e-25;99.99998;-7.27919e-21;0.00042617318;-1.3475697;2.2351742e-05;1.1945665;1.1945367;0.0;0.0;6800.7505;8289.872;-3256.922;6933.1475;-936.11224;-2187.3833
2003-07-15;19.460684;4.8704834;0.009953816;751.7674;1.1958252;91.14016;0.0;-7.2791903e-25;99.99998;-7.27919e-21;0.0056838864;-1.3036914;0.00026077032;1.1623055;1.1620448;0.0;0.0;6539.7817;7970.7544;-3016.0256;7294.3833;-905.63;-2119.6223
2003-07-16;20.443491;5.075653;0.009859721;751.6392;1.1404935;159.55559;0.0;-7.2791903e-25;99.99998;-7.27919e-21;0.04557669;-1.2376997;0.002488494;1.1334866;1.1309907;0.0;0.0;6282.1494;7655.1123;-2974.0056;7353.1157;-859.7889;-1998.7655
2003-07-17;19.021402;1.5069885;0.010125478;750.37134;1.3280107;215.58508;0.0;-7.2791903e-25;100.00259;-7.27919e-21;0.00044108822;-1.2564938;2.9802322e-05;1.1013001;1.1012778;0.0;0.0;6876.1646;8377.024;-3305.4421;6866.274;-872.8444;-2427.96
2003-07-18;17.75882;0.2846985;0.009961446;749.65875;1.381875;219.12444;0.0;-7.2791903e-25;99.99998;-7.27919e-21;0.00085532654;-1.1588875;4.4703484e-05;1.0727942;1.072742;0.0;0.0;6778.2183;8255.883;-3276.2466;6720.642;-805.04114;-2426.0388
2003-07-19;17.1987;-3.5602722;0.009820302;750.28735;1.3528252;158.39613;0.0;-7.2791903e-25;99.99998;-7.27919e-21;0.0021566076;-1.1480013;0.00011920929;1.0455102;1.0453985;0.0;0.0;6986.491;8507.651;-3504.949;6402.324;-797.47833;-2471.439
2003-07-20;17.250875;-4.8639426;0.010222117;750.8899;1.1353393;118.605675;0.0;-7.2791903e-25;99.99998;-7.27919e-21;0.0012907513;-1.1551529;7.4505806e-05;1.0191649;1.0191053;0.0;0.0;7066.765;8603.47;-3639.692;6276.7334;-802.44556;-2285.2112
2003-07-21;18.141623;2.8834126;0.009794871;751.9397;1.1694015;79.1735;0.0;-7.2791903e-25;99.99998;-7.27919e-21;0.0020146363;-1.1490993;8.940697e-05;0.99384785;0.99375844;0.0;0.0;6758.8335;8226.73;-3175.7314;6990.878;-798.2411;-2261.169
2003-07-22;18.551992;6.114207;0.009625752;750.7469;1.3860987;92.84321;0.0;-7.2791903e-25;100.00779;-7.27919e-21;0.006186962;-1.0607522;0.00025331974;0.96963346;0.96939504;0.0;0.0;6367.4087;7748.556;-2944.641;7268.5024;-736.8689;-2268.3645
2003-07-23;17.0608;4.689504;0.010045369;749.23834;1.4801474;149.35628;0.0;-7.2791903e-25;99.99998;-7.27919e-21;0.059345365;-0.97218156;0.002503395;0.9486228;0.9461194;0.0;0.0;6185.618;7525.496;-2899.6272;7082.9365;-675.3411;-2452.1445
2003-07-24;16.087168;1.2156982;0.010311127;748.4296;1.1957312;118.51483;0.0;-7.2791903e-25;99.99998;-7.27919e-21;0.0070869923;-0.94600207;0.00029802322;0.9241402;0.9238422;0.0;0.0;5954.385;7242.5728;-2713.9858;7199.065;-657.1567;-2281.4778
2003-07-25;16.476797;2.879018;0.009742737;747.6243;0.9195463;115.233246;0.0;-7.2791903e-25;99.99998;-7.27919e-21;0.15836954;-0.9394111;0.007897615;0.91034174;0.9024441;0.0;0.0;5832.028;7092.265;-2837.5964;7080.3;-652.5789;-2103.1367
2003-07-26;15.687642;1.7573751;0.009905498;747.5085;1.1150749;98.841866;0.0;-7.2791903e-25;99.99998;-7.27919e-21;0.36501288;-1.0068593;0.018924475;0.9008348;0.8819103;0.0;0.0;6048.439;7353.8506;-2922.7278;6875.567;-699.4311;-2244.881
2003-07-27;16.3189;2.6173298;0.010008494;749.38965;1.1242865;83.68745;0.0;-7.2791903e-25;99.99998;-7.27919e-21;0.09209216;-1.0896819;0.004544854;0.86659193;0.8620322;0.0;0.0;6198.2905;7534.299;-2900.3398;7005.6934;-756.9667;-2221.5188
2003-07-28;17.292948;2.1364746;0.0100034075;750.14386;1.3449062;120.950195;0.0;-7.2791903e-25;99.99998;-7.27919e-21;0.0012949313;-1.0704174;7.4505806e-05;0.842765;0.84270537;0.0;0.0;6534.959;7941.8184;-3130.5647;6828.8906;-743.5833;-2384.2412
2003-07-29;15.7942705;-2.2317607;0.01000468;749.3868;1.3305093;165.0512;0.0;-7.2791903e-25;99.99998;-7.27919e-21;0.00042800308;-0.9752456;2.9802322e-05;0.8240342;0.8240044;0.0;0.0;6842.8413;8314.143;-3401.0415;6380.3535;-677.47;-2601.6912
2003-07-30;15.739818;-0.8050944;0.010092418;748.0787;1.0911939;118.36417;0.0;-7.2791903e-25;99.99998;-7.27919e-21;0.0;-0.9749858;0.0;0.8059144;0.80592185;0.0;0.0;6752.9727;8203.016;-3301.2788;6555.3584;-677.2905;-2458.8533
2003-07-31;16.157084;-2.1622417;0.010356903;749.2592;1.1901218;121.22296;0.0;-7.2791903e-25;99.99998;-7.27919e-21;0.0008523463;-0.95158446;5.9604645e-05;0.78845024;0.7883981;0.0;0.0;6766.531;8217.738;-3327.5447;6555.947;-661.0333;-2479.0122
2003-08-01;17.460684;-2.501302;0.0099983215;752.31396;1.1504595;103.23173;0.0;-7.2791903e-25;99.99998;-7.27919e-21;0.0043019773;-0.98241305;0.00022351742;0.77167153;0.771448;0.0;0.0;6772.79;8223.509;-3384.7844;6654.1367;-682.45;-2303.7444
2003-08-02;18.642609;-0.28227744;0.009920756;753.77704;1.2058278;77.26231;0.0;-7.2791903e-25;99.99998;-7.27919e-21;0.0008523463;-0.97326934;4.4703484e-05;0.75507164;0.75504184;0.0;0.0;6444.2725;7822.8657;-3185.7246;7015.951;-676.0978;-2144.7756
2003-08-03;19.013803;1.0174662;0.010117848;754.7587;1.4797006;47.51561;0.0;-7.2791903e-25;99.99998;-7.27919e-21;0.0017115963;-0.9535551;8.940697e-05;0.7392466;0.7391572;0.0;0.0;6562.2456;7964.4023;-3237.963;6987.1655;-662.4033;-2287.88
2003-08-04;19.852072;1.5280355;0.009710948;754.0069;1.341611;110.00111;0.0;-7.2791903e-25;99.99998;-7.27919e-21;0.0017303964;-0.95245427;8.940697e-05;0.7238686;0.7237792;0.0;0.0;6539.907;7935.4614;-3265.8152;7013.392;-661.6389;-2215.2434
2003-08-05;18.799896;0.8536377;0.009793599;752.6552;1.4281564;173.53194;0.0;-7.2791903e-25;99.99998;-7.27919e-21;0.0;-0.90787095;0.0;0.70890784;0.70890784;0.0;0.0;6614.0815;8023.625;-3239.2861;6937.676;-630.6678;-2468.1877
2003-08-06;18.422018;-0.10962931;0.010063171;752.4458;1.3723798;200.56575;0.0;-7.2791903e-25;99.99998;-7.27919e-21;0.0;-0.87355447;0.0;0.6945431;0.6945431;0.0;0.0;6480.4185;7859.6963;-3182.453;6942.6113;-606.8289;-2394.9368
2003-08-07;18.567972;0.041137695;0.010214488;754.0393;1.3259209;113.5487;0.0;-7.2791903e-25;99.99998;-7.27919e-21;0.0008550332;-0.88711643;4.4703484e-05;0.68064034;0.68059564;0.0;0.0;6522.2275;7908.6475;-3257.2156;6883.933;-616.25;-2356.912
2003-08-08;19.611074;1.3588969;0.009847005;755.64166;1.1316098;113.60986;0.0;-7.2791903e-25;99.99998;-7.27919e-21;0.111594796;-0.8661896;0.005617738;0.6727427;0.667125;0.0;0.0;5923.0356;7180.636;-2949.1252;7289.8833;-601.7122;-1961.7733
2003-08-09;20.772043;1.1977438;0.009806315;755.0197;1.2594423;111.466156;0.0;-7.2791903e-25;99.99998;-7.27919e-21;0.029960275;-0.8461913;0.0013709068;0.6555468;0.6541833;0.0;0.0;5576.0977;6758.4937;-2795.431;7486.751;-587.8211;-1862.8123
2003-08-10;20.758352;1.3200785;0.009913127;755.12354;1.2862421;125.2799;0.0;-7.2791903e-25;99.99998;-7.27919e-21;0.09219115;-0.85997397;0.0044703484;0.64611435;0.641644;0.0;0.0;5779.0566;7002.923;-2891.6472;7436.9346;-597.39557;-1935.4922
2003-08-11;21.863668;-0.8784688;0.010175069;755.9163;1.233898;143.7983;0.0;-7.2791903e-25;99.99998;-7.27919e-21;0.006994476;-0.9326842;0.00028312206;0.62969327;0.62942505;0.0;0.0;6187.0015;7495.5884;-3179.2744;7273.5405;-647.905;-1962.2833
2003-08-12;21.499176;-3.5311177;0.009916942;755.29224;1.4593687;150.53603;0.0;-7.2791903e-25;99.99998;-7.27919e-21;0.00043511385;-0.8626143;2.9802322e-05;0.6175488;0.617519;0.0;0.0;6454.277;7817.629;-3406.0933;6918.953;-599.2289;-2234.791
2003-08-13;19.448141;-4.4677024;0.010201772;752.70294;1.20303;131.52623;0.0;-7.2791903e-25;99.99998;-7.27919e-21;0.0;-0.8276105;0.0;0.6059706;0.6059632;0.0;0.0;6626.032;8023.8696;-3668.3796;6432.4043;-574.91223;-2174.4355
2003-08-14;18.292847;-2.533376;0.009805043;751.47003;1.2235053;208.15941;0.0;-7.2791903e-25;99.99998;-7.27919e-21;0.0;-0.79483163;0.0;0.59473515;0.5947277;0.0;0.0;6562.2427;7944.858;-3517.5276;6492.8735;-552.1422;-2306.271
2003-08-15;17.486053;-4.8563843;0.009976705;752.0555;1.2510155;198.77205;0.0;-7.2791903e-25;99.99998;-7.27919e-21;0.0;-0.7620417;0.0;0.5838275;0.5838275;0.0;0.0;6572.303;7955.27;-3605.1257;6271.126;-529.36444;-2317.811
2003-08-16;16.69159;1.0978903;0.00976944;753.44434;1.1513505;80.217125;0.0;-7.2791903e-25;99.99998;-7.27919e-21;0.0;-0.7573962;0.0;0.57321787;0.57321787;0.0;0.0;6291.754;7614.714;-3190.672;6769.222;-526.1389;-2268.9033
2003-08-17;17.876068;1.4066976;0.009911855;754.6595;1.2439976;53.616337;0.0;-7.2791903e-25;99.99998;-7.27919e-21;0.00087593246;-0.77671;4.4703484e-05;0.56290627;0.56284666;0.0;0.0;6299.859;7623.7344;-3222.5996;6868.5156;-539.55444;-2226.08
2003-08-18;18.319712;1.3465271;0.009760539;754.4217;1.2975492;55.16109;0.0;-7.2791903e-25;99.99998;-7.27919e-21;0.000837035;-0.76179767;5.9604645e-05;0.5528033;0.5527735;0.0;0.0;6117.4136;7402.0767;-3106.9236;7028.495;-529.19556;-2170.1711
2003-08-19;18.592377;2.2083232;0.010213216;753.05927;1.2674192;62.2052;0.0;-7.2791903e-25;99.99998;-7.27919e-21;0.001552701;-0.7564295;7.4505806e-05;0.5430579;0.5429834;0.0;0.0;6080.253;7356.194;-3138.2324;7023.578;-525.4667;-2123.7778
2003-08-20;18.154001;4.8464966;0.0096918745;751.37054;1.257526;84.81336;0.0;-7.2791903e-25;99.99998;-7.27919e-21;0.011880712;-0.73575413;0.0004917383;0.5339384;0.5334616;0.0;0.0;5871.0146;7102.1772;-2943.0017;7233.532;-511.10443;-2124.8877
2003-08-21;17.481852;4.053182;0.009816487;750.8313;1.187541;93.0375;0.0;-7.337093e-25;100.00259;-7.332801e-21;0.08753233;-0.71010363;0.00423193;0.5284548;0.52423775;0.0;0.0;5618.8843;6796.364;-2857.8528;7203.899;-493.28555;-2070.5679
2003-08-22;16.158997;1.5997518;0.010060628;751.3362;1.2847794;113.14365;0.0;-7.3453654e-25;100.00259;-7.345365e-21;0.27676225;-0.7221829;0.013411045;0.5287826;0.51537156;0.0;0.0;5501.797;6653.9395;-2844.2466;6948.0244;-501.67722;-2127.1812
2003-08-23;16.137167;-0.3666687;0.00990804;751.5386;1.4660188;122.04662;0.0;-7.3453654e-25;99.99998;-7.345365e-21;0.4221797;-0.78968143;0.020712614;0.5275309;0.5068183;0.0;0.0;5509.9062;6662.8833;-2826.2769;6836.6123;-548.56555;-2120.0222
2003-08-24;15.029999;0.9710185;0.009961446;751.4842;1.3102484;107.91396;0.0;-7.3453654e-25;99.99998;-7.345365e-21;0.07222704;-0.7862616;0.0032782555;0.5017817;0.49850345;0.0;0.0;5313.8;6424.977;-2600.5657;7026.7065;-546.19;-1980.08
2003-08-25;16.1793;1.011556;0.00997289;752.3367;1.0842589;131.30217;0.0;-7.3453654e-25;99.99998;-7.345365e-21;0.0;-0.6984807;0.0;0.4903674;0.4903972;0.0;0.0;5060.662;6118.141;-2723.603;6972.285;-485.21222;-1764.1355
2003-08-26;16.2324;-2.404958;0.009716034;752.0847;1.18047;124.65626;0.0;-7.3453654e-25;99.99998;-7.345365e-21;0.0;-0.7394534;0.0;0.4824102;0.48241764;0.0;0.0;6156.8525;7442.474;-3268.1448;6507.6934;-513.67444;-2173.7534
2003-08-27;17.034088;-4.473409;0.01028951;751.5322;1.1778748;97.927216;0.0;-7.3453654e-25;99.99998;-7.345365e-21;0.0017225739;-0.7168967;8.940697e-05;0.4746914;0.47458708;0.0;0.0;6191.024;7482.9365;-3480.4558;6330.4624;-498.00446;-2005.2056
2003-08-28;16.534698;-1.0019226;0.010147095;752.644;1.2590047;149.52667;0.0;-7.3453654e-25;99.99998;-7.345365e-21;0.0021427867;-0.6532334;8.940697e-05;0.4670471;0.4669428;0.0;0.0;5810.169;7021.706;-3150.327;6611.6367;-453.7789;-2072.672
2003-08-29;16.441275;-0.2965088;0.009643555;754.4858;1.2162006;107.6215;0.0;-7.3453654e-25;99.99998;-7.345365e-21;0.017821912;-0.6393259;0.0006556511;0.46017766;0.45952946;0.0;0.0;5649.7354;6826.917;-2991.6584;6789.1177;-444.1189;-1959.2245
2003-08-30;17.138376;2.6745605;0.010031383;754.19;1.2575194;61.799854;0.0;-7.3453654e-25;99.99998;-7.345365e-21;0.03292757;-0.62695795;0.0014007092;0.45371056;0.45230985;0.0;0.0;5453.016;6588.6284;-2822.059;7063.024;-435.52667;-1937.58
2003-08-31;16.266897;3.104543;0.009857178;752.6512;1.0258545;71.53249;0.0;-7.3453654e-25;99.99998;-7.345365e-21;0.47597587;-0.6493721;0.022783875;0.46810508;0.44531375;0.0;0.0;5003.7593;6045.0806;-2677.3945;7075.77;-451.09778;-1768.7622
2003-09-01;16.430979;1.6935831;0.009951274;753.1257;0.969573;83.29365;0.0;-7.3453654e-25;99.99998;-7.345365e-21;0.029174224;-0.72437894;0.0011026859;0.43970346;0.43857098;0.0;0.0;4689.695;5665.033;-2500.147;7182.3955;-503.2011;-1556.3378
2003-09-02;16.8296;0.79452515;0.009788513;754.78784;0.9945907;92.6983;0.0;-7.3453654e-25;99.99998;-7.345365e-21;0.027323116;-0.6668465;0.0013262033;0.43328106;0.4319623;0.0;0.0;4878.8315;5892.6143;-2625.2827;7166.2983;-463.23557;-1593.9833
2003-09-03;17.043722;0.3652649;0.010195415;754.85596;1.1019006;64.58468;0.0;-7.3453654e-25;99.99998;-7.345365e-21;0.0061273566;-0.6502736;0.00023841858;0.42569637;0.4254803;0.0;0.0;5179.5063;6255.0254;-2857.2397;6962.957;-451.72333;-1682.6967
2003-09-04;18.074118;-1.9606323;0.009845734;753.3779;1.3432732;119.49221;0.0;-7.3453654e-25;99.99998;-7.345365e-21;0.0008523463;-0.6618351;4.4703484e-05;0.41913986;0.4190877;0.0;0.0;5683.3496;6862.7676;-3107.1816;6770.864;-459.75555;-1882.5823
2003-09-05;17.11492;-3.1788025;0.009831746;751.5166;1.4582467;152.71017;0.0;-7.3453654e-25;99.99998;-7.345365e-21;0.00085841655;-0.60543233;2.9802322e-05;0.41288137;0.41285157;0.0;0.0;5686.7065;6865.974;-3149.1326;6591.344;-420.57443;-2017.8756
2003-09-06;14.088654;-0.35336304;0.010185242;750.6973;1.3381681;218.44843;0.0;-7.3453654e-25;99.99998;-7.345365e-21;0.00087292073;-0.5026385;4.4703484e-05;0.4068613;0.4068166;0.0;0.0;5566.117;6719.614;-3001.6306;6370.94;-349.16556;-2322.8977
2003-09-07;12.970326;-1.2333374;0.009672801;749.92;1.0908874;245.4898;0.0;-7.3453654e-25;99.99998;-7.345365e-21;0.0012973996;-0.5147792;5.9604645e-05;0.40102005;0.40094554;0.0;0.0;5674.2114;6849.29;-3274.8652;5950.7266;-357.6011;-2148.4412
2003-09-08;12.1180725;-6.124349;0.010117848;750.7415;1.0459532;155.60503;0.0;-7.3453654e-25;99.99998;-7.345365e-21;0.00042617318;-0.5204361;1.4901161e-05;0.3952384;0.39521605;0.0;0.0;5757.675;6949.124;-3435.5369;5658.8135;-361.53;-2006.6945
2003-09-09;12.774953;-6.8893332;0.009966533;751.89526;1.1034802;158.07106;0.0;-7.3453654e-25;99.99998;-7.345365e-21;0.001715015;-0.521291;8.940697e-05;0.38969517;0.38960576;0.0;0.0;5684.414;6859.915;-3365.9316;5768.6265;-362.12332;-1905.4122
2003-09-10;13.013245;-4.326304;0.010108948;751.5638;1.1121451;110.4528;0.0;-7.3453654e-25;99.99998;-7.345365e-21;0.0;-0.52809715;0.0;0.38412213;0.38411468;0.0;0.0;5539.868;6684.709;-3158.0083;6105.6235;-366.85223;-1865.2145
2003-09-11;13.612233;-1.9459229;0.009941101;751.8164;1.1755159;173.94519;0.0;-7.3453654e-25;99.99998;-7.345365e-21;0.0025953942;-0.5251225;0.00011920929;0.37884712;0.3787428;0.0;0.0;5425.8184;6546.307;-3016.7222;6342.817;-364.78555;-1896.3033
2003-09-12;12.711151;-0.90802;0.009845734;750.73413;1.4851818;241.66681;0.0;-7.3453654e-25;99.99998;-7.345365e-21;0.0004351138;-0.47146344;1.4901161e-05;0.3735125;0.3735125;0.0;0.0;5386.1045;6497.621;-2957.49;6236.9907;-327.50888;-2103.4255
2003-09-13;12.494426;-0.058237713;0.010270436;751.70856;1.0732844;230.23491;0.0;-7.3453654e-25;99.99998;-7.345365e-21;0.0012895489;-0.46788156;5.9604645e-05;0.3684759;0.3684163;0.0;0.0;5345.0938;6447.3755;-2904.707;6271.3145;-325.02222;-2034.0266
2003-09-14;13.222076;0.9411621;0.009852092;754.46136;1.1311935;108.1766;0.0;-7.3453654e-25;99.99998;-7.345365e-21;0.0008642673;-0.47482085;4.4703484e-05;0.36348403;0.36343932;0.0;0.0;5017.167;6051.0366;-2737.154;6566.1953;-329.84222;-1813.7964
2003-09-15;14.00002;-2.2629292;0.009885152;755.2373;1.141787;92.0317;0.0;-7.3453654e-25;99.99998;-7.345365e-21;0.00044107434;-0.5181301;1.4901161e-05;0.35855174;0.3585294;0.0;0.0;5284.314;6372.5073;-3059.3977;6299.579;-359.92776;-1741.919
2003-09-16;13.744283;-2.389201;0.00977834;754.0203;1.1915743;160.90395;0.0;-7.3453654e-25;99.99998;-7.345365e-21;0.0;-0.4956983;0.0;0.35372376;0.3537163;0.0;0.0;5227.328;6298.283;-3052.9443;6225.523;-344.34555;-1805.9377
2003-09-17;12.578908;-1.8318685;0.010066986;752.02124;1.4927555;212.86879;0.0;-7.3453654e-25;99.99998;-7.345365e-21;0.009509921;-0.45581254;0.00040233135;0.34943223;0.34903735;0.0;0.0;5236.5156;6303.882;-2959.0732;6167.412;-316.6378;-1873.5339
2003-09-18;8.817882;3.1444397;0.009951274;750.48706;1.2903756;180.04527;0.0;-7.3453654e-25;99.99998;-7.345365e-21;1.9508564;-0.8919202;0.094905496;0.43961406;0.34470856;0.0;0.0;3324.2583;3998.5078;-1712.3145;6869.3413;-619.5872;-1410.9567
2003-09-19;8.939026;1.2178345;0.010075887;752.3093;0.98343015;143.8109;0.0;-7.3453654e-25;99.99998;-7.345365e-21;0.8120686;-0.7209023;0.039041042;0.37954748;0.34052134;0.0;0.0;4143.8433;4979.761;-2176.8018;6491.871;-500.78665;-1546.6934
2003-09-20;8.912395;-1.8952026;0.009863536;753.40424;1.2425998;120.17056;0.0;-7.3453654e-25;99.99998;-7.345365e-21;0.0026193075;-0.7586963;0.00011920929;0.33643842;0.3363192;0.0;0.0;4390.927;5272.0205;-2399.1895;6241.1;-527.04114;-1660.4177
2003-09-21;8.557027;-2.2292175;0.009840648;753.9739;1.1983057;100.98238;0.0;-7.3453654e-25;99.99998;-7.345365e-21;0.0010371208;-0.73339415;3.7252903e-05;0.33214688;0.33210963;0.0;0.0;4995.2085;5992.168;-2646.6343;6054.3564;-509.46445;-1860.5745
2003-09-22;8.351827;0.15086873;0.010000865;756.6394;1.5449181;45.03419;0.0;-7.3453654e-25;99.99998;-7.345365e-21;0.0050842757;-0.55245686;0.00022351742;0.32822788;0.3280118;0.0;0.0;4468.3013;5355.148;-2367.3953;6279.4565;-383.77335;-1698.6844
2003-09-23;10.486012;-0.40605673;0.009791057;756.12036;1.2329038;85.27407;0.0;-7.3453654e-25;99.99998;-7.345365e-21;0.00044107434;-0.5854685;1.4901161e-05;0.32401085;0.32396615;0.0;0.0;4912.073;5882.362;-2683.7507;6232.9443;-406.70557;-1769.9667
2003-09-24;10.501201;-3.646881;0.009869893;754.2505;1.1843814;102.08073;0.0;-7.3453654e-25;99.99998;-7.345365e-21;0.0025521985;-0.54364;0.00011920929;0.32007694;0.31996518;0.0;0.0;4984.411;5963.914;-2878.0369;5989.198;-377.6489;-1673.0022
2003-09-25;10.604259;-3.2231445;0.00990804;755.0484;1.1770111;96.96158;0.0;-7.3453654e-25;99.99998;-7.345365e-21;0.0008563086;-0.48586166;4.4703484e-05;0.31608343;0.31603873;0.0;0.0;4791.6978;5728.3076;-2767.2927;6105.182;-337.5122;-1636.0667
2003-09-26;10.678569;-1.7747396;0.009712219;756.62616;1.1478672;88.92968;0.0;-7.3453654e-25;99.99998;-7.345365e-21;0.1811564;-0.47234166;0.0080913305;0.32031536;0.31222403;0.0;0.0;4544.3438;5427.8613;-2659.6746;6195.51;-328.12;-1506.081
2003-09-27;11.244344;-3.075185;0.010080974;756.42456;1.1496431;108.59019;0.0;-7.3453654e-25;99.99998;-7.345365e-21;0.00043511385;-0.4967693;1.4901161e-05;0.30848384;0.30846894;0.0;0.0;4871.379;5813.529;-2864.8655;6029.711;-345.08945;-1636.1478
2003-09-28;11.206471;-4.2471313;0.009792328;753.5405;1.1327394;117.28238;0.0;-7.3453654e-25;99.99998;-7.345365e-21;0.22000968;-0.48108307;0.010475516;0.31526387;0.3047809;0.0;0.0;4612.1216;5499.402;-2723.4722;6131.7456;-334.19278;-1482.27
2003-09-29;11.207021;-4.4723716;0.010105133;751.2017;1.2397267;122.55478;0.0;-7.3453654e-25;99.99998;-7.345365e-21;0.0008553266;-0.50085413;4.4703484e-05;0.30122697;0.30118227;0.0;0.0;4644.697;5533.44;-2686.2744;6183.322;-347.92776;-1586.3434
2003-09-30;9.927175;-4.8919373;0.010063171;751.7593;1.1136831;151.75041;0.0;-7.3453654e-25;99.99998;-7.345365e-21;0.0008635693;-0.43096954;4.4703484e-05;0.2976954;0.2976507;0.0;0.0;4749.72;5653.6934;-2795.9978;5912.5654;-299.38;-1732.0555
2003-10-01;8.964742;-3.1411846;0.0101623535;751.0308;1.1391333;115.94556;0.0;-7.3453654e-25;99.99998;-7.345365e-21;0.0004351138;-0.35583788;1.4901161e-05;0.29425323;0.29423088;0.0;0.0;4109.9297;4887.9463;-2366.2773;6241.5347;-247.18889;-1555.44
2003-10-02;8.602712;-1.8711447;0.010072072;751.5842;1.1233639;159.94499;0.0;-7.3453654e-25;99.99998;-7.345365e-21;0.5455464;-0.4486516;0.025719404;0.31664968;0.29091537;0.0;0.0;4100.077;4872.012;-2255.0981;6317.5176;-311.66333;-1558.0945
2003-10-03;6.4548745;1.929779;0.009902954;751.70996;0.8094352;187.97255;0.0;-7.3453654e-25;99.99998;-7.345365e-21;5.3493166;-0.9859661;0.2925098;0.5803108;0.28781593;0.0;0.0;2548.5405;3025.8787;-1289.9661;6957.0796;-684.9178;-829.3433
2003-10-04;6.332428;0.9350789;0.01018397;752.8972;1.0076483;259.25137;0.0;-7.3453654e-25;99.99998;-7.345365e-21;1.1351138;-1.1785822;0.05404651;0.3388673;0.2848357;0.0;0.0;3446.3872;4088.2861;-1817.2975;6385.2114;-818.7217;-1110.0133
2003-10-05;7.980082;0.06994629;0.0098775225;755.8032;1.0157555;110.52285;0.0;-7.3453654e-25;99.99998;-7.345365e-21;0.0008523463;-1.1741258;2.9802322e-05;0.28178096;0.28175116;0.0;0.0;4504.205;5338.4473;-2432.6963;6009.3677;-815.62445;-1245.169
2003-10-06;9.499257;-3.7368267;0.009999593;756.1318;1.0021122;41.334442;0.0;-7.3453654e-25;99.99998;-7.345365e-21;0.00044107434;-1.2098514;1.4901161e-05;0.2786517;0.2786219;0.0;0.0;4574.3926;5416.988;-2658.8037;5878.7515;-840.44446;-1008.3933
2003-10-07;10.986003;-1.1895345;0.009836833;755.54974;1.1047904;41.390934;0.0;-7.3453654e-25;99.99998;-7.345365e-21;0.0;-1.1057835;0.0;0.27555227;0.27552247;0.0;0.0;4477.9346;5298.222;-2581.8066;6118.6665;-768.1511;-1013.2033
2003-10-08;11.511729;-5.0345664;0.010106404;755.3011;1.0687965;179.7378;0.0;-7.3453654e-25;99.99998;-7.345365e-21;0.0017124367;-0.97704583;8.940697e-05;0.27257204;0.27249008;0.0;0.0;4482.3086;5298.8413;-2701.1155;5946.183;-678.7211;-1097.2078
2003-10-09;11.492167;-6.4102073;0.009925842;756.2268;1.0716251;236.49548;0.0;-7.3453654e-25;99.99998;-7.345365e-21;0.001275539;-0.81543064;5.9604645e-05;0.2695769;0.26950985;0.0;0.0;4472.508;5282.75;-2763.4216;5843.197;-566.4533;-1145.7145
2003-10-10;10.994182;-6.244456;0.009979248;756.7714;1.0211188;101.16327;0.0;-7.3453654e-25;99.99998;-7.345365e-21;0.0021425795;-0.7141521;9.685755e-05;0.26670098;0.26659667;0.0;0.0;4441.3354;5241.451;-2776.814;5856.9863;-496.09723;-1118.7278
2003-10-11;11.156514;-6.6575522;0.010178884;755.16144;0.98809594;114.75103;0.0;-7.3453654e-25;99.99998;-7.345365e-21;0.0008583069;-0.6145127;4.4703484e-05;0.26376545;0.26372075;0.0;0.0;4267.856;5032.412;-2537.3938;6185.79;-426.88223;-1145.4233
2003-10-12;10.733917;-5.1789956;0.010304769;753.5717;1.2280582;200.83583;0.0;-7.3453654e-25;99.99998;-7.345365e-21;0.31784177;-0.4844349;0.014409423;0.27537346;0.26094913;0.0;0.0;3403.0906;4009.3384;-2066.031;6529.5845;-336.52112;-1071.9222
2003-10-13;10.404358;-4.349813;0.009953816;754.59106;1.1538937;109.28733;0.0;-7.3453654e-25;99.99998;-7.345365e-21;0.658074;-0.5592434;0.035226345;0.29349327;0.25825948;0.0;0.0;3869.7617;4555.2085;-2295.4333;6237.009;-388.4878;-1278.0178
2003-10-14;10.341268;-5.251699;0.010047913;757.6399;1.1034126;161.19432;0.0;-7.3453654e-25;99.99998;-7.345365e-21;0.0016093254;-0.588838;5.9604645e-05;0.25565922;0.25559217;0.0;0.0;4208.718;4949.9805;-2570.5295;5950.809;-409.04556;-1263.3478
2003-10-15;10.029866;-3.643341;0.009853363;759.34937;1.2124895;172.4153;0.0;-7.3453654e-25;99.99998;-7.345365e-21;0.37740758;-0.533022;0.0179559;0.2709478;0.252977;0.0;0.0;3607.9146;4239.792;-2003.5094;6543.901;-370.27222;-1108.15
2003-10-16;9.082347;-0.118927;0.009995778;758.2154;1.0250363;132.75737;0.0;-7.3453654e-25;99.99998;-7.345365e-21;2.3664057;-1.017536;0.13276935;0.38322806;0.25045127;0.0;0.0;3285.1584;3859.2356;-1837.1294;6628.6245;-706.8483;-920.92554
2003-10-17;6.614858;1.394338;0.009953816;756.15314;0.8961504;160.32686;0.0;-7.3453654e-25;99.99998;-7.345365e-21;1.2513489;-0.61003304;0.05891919;0.30696392;0.24805218;0.0;0.0;2100.1345;2466.4182;-1254.1927;6900.921;-423.76944;-633.46
2003-10-18;6.7457376;2.607188;0.010130565;755.26245;0.8927219;223.61113;0.0;-7.3453654e-25;99.99998;-7.345365e-21;0.74887276;-0.7048678;0.03501773;0.28072298;0.2456978;0.0;0.0;3150.8923;3699.338;-1754.9534;6502.4146;-489.64777;-997.8311
2003-10-19;7.147166;2.0892334;0.010028839;754.82367;1.2486153;183.85191;0.0;-7.3453654e-25;99.99998;-7.345365e-21;0.76464117;-0.9048339;0.0365898;0.27996302;0.24337322;0.0;0.0;2999.52;3520.4504;-1577.5739;6682.57;-628.5578;-1052.5634
2003-10-20;7.4100747;1.513621;0.0100364685;755.7442;0.9769388;186.87103;0.0;-7.3453654e-25;99.99998;-7.345365e-21;0.00086426735;-0.71941686;4.4703484e-05;0.24107099;0.24102628;0.0;0.0;3412.9072;4004.4443;-1964.31;6286.0557;-499.75446;-1007.37
2003-10-21;7.361379;-0.37894693;0.010022481;756.1794;1.0219487;153.06618;0.0;-7.3453654e-25;99.99998;-7.345365e-21;0.016911535;-0.7016119;0.0007003546;0.23940206;0.2387017;0.0;0.0;3443.5657;4039.0012;-2165.4094;6073.3843;-487.38666;-909.92334
2003-10-22;7.653717;-2.4614258;0.0099436445;757.337;1.0974039;117.01749;0.0;-7.3453654e-25;99.99998;-7.345365e-21;0.0008523463;-0.7231608;4.4703484e-05;0.23643672;0.23638457;0.0;0.0;3754.0771;4401.8555;-2345.7722;5914.0376;-502.35556;-917.63666
2003-10-23;8.810313;-1.2548319;0.009919484;757.9018;0.99386436;123.355896;0.0;-7.3453654e-25;99.99998;-7.345365e-21;0.0;-0.6735958;0.0;0.23409724;0.23409724;0.0;0.0;3853.3577;4516.8535;-2402.6272;5965.082;-467.92444;-946.58887
2003-10-24;9.02361;-2.9340312;0.009993236;755.6674;1.031913;192.99013;0.0;-7.3453654e-25;99.99998;-7.345365e-21;0.0012814989;-0.58589876;5.9604645e-05;0.23192167;0.23184717;0.0;0.0;3805.797;4459.7476;-2373.3206;5965.382;-407.00446;-1025.0767
2003-10-25;8.385173;-0.7553813;0.010049184;753.4155;0.9971817;254.11554;0.0;-7.3453654e-25;99.99998;-7.345365e-21;0.0031114824;-0.42824262;0.00014901161;0.22980571;0.22966415;0.0;0.0;3059.5833;3584.2544;-1925.1622;6361.997;-297.48557;-911.0622
2003-10-26;7.076172;2.0095928;0.009967804;750.271;1.5537711;235.77771;0.0;-7.3453654e-25;99.99998;-7.345365e-21;2.765778;-0.5838126;0.15644729;0.38403273;0.22757053;0.0;0.0;3177.7766;3721.5479;-1782.8972;6387.831;-405.55554;-997.9078
2003-10-27;5.9345603;-1.0871176;0.010000865;748.29;1.3585979;214.50311;0.0;-7.3453654e-25;99.99998;-7.345365e-21;0.061097745;-0.81391263;0.0028908253;0.2283901;0.22551417;0.0;0.0;3522.1333;4123.467;-2293.9695;5767.939;-565.39777;-1047.0289
2003-10-28;3.594818;1.0568644;0.010052999;745.8051;1.5227484;204.82849;0.0;-7.3453654e-25;99.99998;-7.345365e-21;34.17144;-0.709367;3.0179918;3.241539;0.22353977;0.0;0.0;1568.1428;1835.6233;-489.69888;7281.5835;-492.77335;-692.57556
2003-10-29;1.2945353;1.0214869;0.009773254;744.1999;1.2636788;192.48529;32.49056;0.0054554543;128.85252;35.441082;58.967686;-0.65281147;5.392611;5.6142955;0.22169203;0.58511084;16.747267;501.11;607.89777;2.3994443;7575.0527;-456.88443;-359.53
2003-10-30;-3.116951;-5.902382;-5.0190697;748.66187;1.0805652;230.07318;96.16415;0.016743382;152.0205;110.066734;0.3032863;-0.3007911;0.10688603;0.32676756;0.21988153;0.7362031;0.28964505;1166.405;4132.7954;-1432.0017;5212.6787;-221.77556;-136.66222
2003-10-31;-3.8134816;-7.6670113;-6.4734244;751.52484;1.084294;131.38649;93.78947;0.015067458;153.5309;98.470055;0.07337332;-0.29686278;0.31363964;0.53182244;0.21816045;2.1458771;0.06998703;1116.2189;3522.4543;-977.70166;5566.8633;-219.90334;-138.74222
2003-11-01;-0.9023641;-4.218048;-6.3342795;752.3948;1.0224478;190.91722;79.05078;0.012068589;154.51886;78.65397;0.0013916524;-0.3282316;0.5156994;0.73222816;0.21652877;3.5083742;0.00010803342;1708.2089;4197.4946;-1400.8422;5346.6323;-227.52;-191.12445
2003-11-02;0.9244995;-5.966909;-6.542601;752.3264;0.9941087;108.886314;58.152668;0.008907755;155.26202;57.65788;0.0;-0.65651536;0.4402548;0.65520406;0.2149567;2.9665046;0.0;2245.18;4191.3755;-1637.965;5322.3633;-456.98;-239.64667
2003-11-03;1.6757202;-6.935341;-8.185563;755.4907;1.169084;20.701242;41.434162;0.0063632727;155.77309;41.056316;0.0012867695;-0.84270537;0.33968687;0.5531311;0.21344423;2.283817;0.0;2701.5967;4251.46;-2051.9583;4981.78;-585.7589;-231.3689
2003-11-04;3.2699482;-7.324328;-8.77327;756.7006;1.0681701;55.51268;28.824951;0.00443236;156.10252;28.727213;0.0017049978;-0.9607906;0.25314093;0.46512485;0.21199137;1.7097033;0.0;3001.4207;4244.83;-2255.2373;4887.68;-667.91;-140.74333
2003-11-05;2.9446614;-8.158314;-8.678393;756.16724;1.0883473;74.557915;19.61263;0.0030186176;156.3268;19.69401;0.0017166131;-1.0766722;0.17900765;0.38959086;0.21059066;1.2195501;0.0;3180.6023;4196.102;-2303.9934;4923.5576;-748.6;-179.56667
2003-11-06;3.8543293;-5.0319114;-5.2731476;756.9443;0.9921319;75.58545;12.274333;0.0018779436;156.48534;12.410481;0.0004351138;-1.1680508;0.15626848;0.36551058;0.2092272;1.0767355;0.0;3155.953;3963.61;-1778.085;5777.992;-811.7778;-244.27667
2003-11-07;3.5611267;-1.3999838;-3.7978923;755.7608;1.0665697;83.37857;6.8793945;0.0010511478;156.60023;6.754557;1.1941254;-1.0383083;0.24192035;0.44986606;0.2079308;0.66279995;0.0;2432.5657;2949.88;-1431.5211;6238.6494;-721.2522;-309.25888
2003-11-08;2.7579956;-2.2259521;-4.0348763;750.04126;0.69673276;151.16014;4.069336;0.0006527503;155.51332;4.3945312;3.4498155;-0.9393962;0.38084388;0.5875379;0.206694;0.31361914;0.63944983;2134.706;2543.7778;-1252.98;6314.241;-652.5967;-312.16666
2003-11-09;-0.5012105;-0.8383484;-0.3341433;745.1345;0.7575257;193.93642;62.436115;0.011113961;139.07875;76.37533;38.219597;-0.3010854;2.4952145;2.700746;0.20553172;1.40897;22.820961;464.57834;883.6211;-36.892776;7282.727;-215.98277;-218.60556
2003-11-10;-0.9147949;-1.1160278;-0.03194936;746.43756;0.5464099;156.30988;99.99235;0.034911353;148.46417;232.25911;69.28971;-0.10479707;12.658477;13.948917;1.2904406;0.9307545;18.797703;139.39555;546.7011;53.898335;7305.0845;-81.72;-98.51889
2003-11-11;-0.28216553;-0.49856567;-0.011009216;750.5254;1.0535431;202.79749;100.0;0.047880728;151.87303;314.45312;25.06115;-0.09699538;4.3154955;4.954547;0.6390363;3.180055;8.043192;508.05612;1950.31;-69.29611;7231.2476;-72.66333;-141.23111
2003-11-12;-1.4008051;-2.132393;-0.223629;752.58856;0.9747173;224.1967;100.0;0.04733948;158.69366;298.38052;1.5833974;-0.1948271;0.49360096;0.69722533;0.20363182;1.4338121;0.43334812;815.61664;2617.4434;-610.38556;6566.7573;-147.68;-146.85445
2003-11-13;-3.809686;-5.5848846;-1.6465861;749.1184;1.0731255;227.89337;100.0;0.04736777;165.34373;286.09213;1.878351;-0.3983695;0.013023615;0.21655858;0.20353496;0.068878755;1.7518848;1089.1483;3076.7466;-925.47833;6008.3423;-306.06;-193.38556
2003-11-14;-7.4253745;-13.265556;-9.089131;749.9075;1.1772971;77.75647;100.0;0.048446696;167.82323;288.41147;0.08749962;-0.32522994;0.0;0.20349026;0.20349026;0.0;0.07871911;1290.7894;3670.6855;-1583.1034;4603.1055;-247.82889;-84.01444
2003-11-15;-9.020291;-15.526848;-13.828396;752.54474;1.048381;50.19762;100.0;0.048282545;169.69366;284.30176;0.001155913;-0.138022;0.009790063;0.21332502;0.20353496;0.06651692;0.00029802322;1387.6095;3863.5366;-1520.4745;4275.146;-101.59611;-20.454445
2003-11-16;-7.342064;-14.093768;-13.120046;752.6026;1.0967067;44.81;100.0;0.048152845;171.70863;280.4769;0.0017225742;-0.110523775;0.015452504;0.21913648;0.20365417;0.105615705;0.0004209578;1386.2195;3783.4956;-1527.1394;4345.6714;-79.72389;2.478889
2003-11-17;-5.3430657;-14.173125;-12.230766;752.48724;1.049185;57.53653;99.899086;0.047881007;173.64159;275.83823;0.001702957;-0.13473071;0.050485134;0.25433302;0.20384789;0.31417236;0.0;1418.6244;3787.0134;-1526.9667;4437.107;-98.02333;28.66
2003-11-18;-4.222397;-11.16814;-10.442837;750.5538;0.8704195;163.90517;99.06722;0.047525603;175.56378;270.62988;0.0017197062;-0.1518149;0.047817826;0.25190413;0.2040863;0.29553288;0.0;1453.3456;3773.9167;-1467.4484;4650.5225;-110.62666;6.22
2003-11-19;-4.7602744;-6.2000556;-5.9564614;746.97876;1.1546007;241.70563;98.666016;0.048862457;175.11131;277.66928;6.5751104;-0.25049782;0.03555417;0.2399236;0.20436943;0.2094023;6.459795;1139.8828;2863.6255;-691.2305;5893.5557;-190.85;-146.23222
2003-11-20;-4.6459785;-7.0827355;-4.665558;747.7325;0.7021706;227.16252;100.0;0.054304242;168.18748;321.6146;0.7234067;-0.2712384;0.006183982;0.21088123;0.20468235;0.037804246;0.6975904;1009.01166;3203.4934;-974.54834;5695.926;-205.96222;-128.22444
2003-11-21;-4.5886536;-6.110359;-4.9314322;750.2622;0.7829678;216.22414;100.0;0.054421425;171.12498;316.69107;0.3889054;-0.17694943;0.0074207783;0.2124384;0.20501763;0.045733526;0.32958016;890.6578;2722.2266;-725.50946;5979.723;-133.84111;-110.00889
2003-11-22;-5.3938355;-13.5845;-8.824433;755.4102;1.1855018;33.108463;99.91447;0.05440545;174.05727;311.48276;0.002592802;-0.15699583;0.03223121;0.23761392;0.2053678;0.19920245;0.0021718442;1188.3195;3551.601;-1517.6466;4710.579;-114.99778;-30.893333
2003-11-23;-3.6404903;-14.723271;-11.586631;756.1565;1.2586006;17.459005;99.06747;0.054071028;176.16176;305.74545;0.0;-0.124860555;0.058948994;0.26467443;0.20572543;0.35706162;0.0;1231.9;3565.1646;-1401.6984;4624.281;-89.40611;72.67111
2003-11-24;-2.9146042;-14.029564;-11.291259;756.33;1.1624016;33.30669;97.88574;0.05367112;178.05663;300.13022;0.0;-0.124240294;0.06620586;0.27230382;0.20611286;0.38863158;0.0;1254.9427;3506.0012;-1412.5372;4654.4053;-88.515;70.27
2003-11-25;-2.346873;-10.0678835;-6.212877;757.7024;0.99376106;33.551975;97.4541;0.054992955;178.52635;305.29785;7.708886;-0.157604;0.07240474;0.27889013;0.20648539;0.19556098;6.3157716;813.89667;2212.2866;-450.88278;6167.1035;-118.12556;2.1122222
2003-11-26;-0.8866272;-1.453298;-0.32536826;755.0926;0.6871678;33.575485;99.91805;0.06888155;172.88051;393.71744;20.165861;-0.088955276;1.0042042;1.211077;0.20688027;0.58747643;13.565849;238.68556;818.8444;-48.967224;7166.9756;-68.575554;-64.28445
2003-11-27;-1.989563;-2.9253235;-0.4797872;749.6818;0.6632886;50.32443;100.0;0.08130392;171.91893;469.1976;8.930381;-0.09352714;0.3053993;0.51271915;0.2073124;0.4553981;7.292554;457.19333;1641.7123;-708.97833;6307.4946;-70.37666;-64.93
2003-11-28;-2.9773762;-5.9305015;-3.0374298;748.79083;0.96622014;34.567333;100.0;0.08404998;177.78676;470.49966;0.015616417;-0.17816201;0.0048726797;0.21266937;0.2077967;0.027224422;0.013165176;1015.045;3274.479;-1233.2583;5507.4033;-132.62555;-92.634445
2003-11-29;-3.0585735;-5.6296897;-4.586797;750.4392;1.3313593;27.49621;100.0;0.08397663;183.19139;455.93262;0.12679696;-0.11471473;0.016108155;0.22441149;0.20831078;0.09249151;0.12034178;818.4217;2496.631;-818.17224;5895.775;-85.024445;-29.838888
2003-11-30;-3.5557048;-6.039923;-5.107615;750.7692;0.8548546;41.90772;100.0;0.084221244;187.12367;447.26562;0.50449073;-0.101058744;0.016242266;0.22511184;0.20887703;0.093806535;0.4419312;574.9561;1711.3234;-594.29224;6075.6177;-76.25445;-36.036667
2003-12-01;-5.3382263;-8.570323;-6.9379983;751.10425;1.0772227;35.217194;100.0;0.08437077;190.64874;439.77866;0.08818507;-0.12170896;0.01244247;0.22190809;0.20945817;0.072963536;0.08209795;1017.7244;2988.3445;-1155.6489;5276.451;-89.835556;-48.56333
2003-12-02;-4.227773;-7.038523;-6.073059;750.69653;1.0153168;35.127796;100.0;0.08433918;193.83722;432.29166;0.7004857;-0.12601632;0.020638108;0.23068488;0.21005422;0.121353194;0.6608516;785.3933;2258.2834;-503.9522;6137.0815;-94.86667;-46.55
2003-12-03;-3.299886;-5.4180503;-3.3658855;749.04346;0.91706973;35.357544;100.0;0.08776573;192.4912;452.39258;4.386845;-0.1547914;0.009134412;0.21980703;0.21067262;0.038336962;4.16892;477.69446;1499.1156;-368.885;6502.6665;-118.58;-55.665554
2003-12-04;-4.163513;-6.6199646;-4.4208655;748.5903;0.85878736;50.22617;100.0;0.08940685;194.50682;456.5023;0.420437;-0.13974309;0.016152859;0.22745132;0.21129102;0.092066824;0.3741458;663.1078;2108.7334;-785.61554;5905.8604;-105.65056;-58.025555
2003-12-05;-5.72406;-8.512164;-6.7445374;746.90137;0.9387975;58.965652;100.0;0.0894891;198.06769;448.9746;0.07942319;-0.10357518;0.0062435865;0.218153;0.21190196;0.03744103;0.07451326;862.1;2681.399;-936.6861;5520.1577;-76.42111;-71.007774
2003-12-06;-5.48637;-7.2775826;-6.4703293;743.4899;1.0896133;125.61566;100.0;0.08976372;200.77667;444.458;1.063168;-0.07298775;0.0051110983;0.21763146;0.21252036;0.02746284;1.0009967;728.8972;2233.94;-607.60944;5962.182;-53.554443;-41.445557
2003-12-07;-4.1962256;-5.534533;-4.3124084;750.3033;1.120818;216.97522;100.0;0.09131452;201.66405;449.99185;1.5717447;-0.19180867;0.004440546;0.21758676;0.21312386;0.013513491;1.3904535;722.88;2262.0432;-571.2389;6179.62;-146.405;-94.69666
2003-12-08;-3.5441997;-4.350497;-3.2209167;752.7678;0.946482;216.89964;100.0;0.09285311;202.64386;455.03745;1.8482089;-0.11598226;0.0076293945;0.22135675;0.21372736;0.033767894;1.7536916;519.63666;1648.5967;-317.2311;6595.2744;-88.34778;-96.34333
2003-12-09;-3.1098022;-3.708088;-2.123;750.8821;1.4233718;207.78618;100.0;0.097189985;201.30304;479.16666;6.3247466;-0.16539824;0.0077933073;0.22211671;0.2143234;0.008564442;5.9809313;348.22888;1168.88;-124.162224;6875.59;-128.09778;-150.04556
2003-12-10;-3.1210377;-4.139562;-2.022391;751.2657;0.98928857;160.51189;100.0;0.10137097;201.66405;499.83725;1.8106341;-0.17020106;0.01564622;0.23056567;0.214912;0.07095374;1.5061498;644.7378;2186.9055;-656.56;6298.1313;-129.53667;-112.842224
2003-12-11;-9.037768;-13.303281;-9.099197;755.17487;1.9491535;24.233023;100.0;0.10183457;205.56898;492.67578;0.006109476;-0.13781711;0.0;0.21548569;0.21547079;0.0;0.0061132014;985.06445;3141.5845;-1831.7927;4168.7573;-102.95778;36.606667
2003-12-12;-10.471527;-19.475965;-16.955032;753.3323;1.7852631;15.756976;100.0;0.10180712;207.5283;487.38608;0.0017172224;-0.049889088;0.0;0.21602213;0.21602213;0.0;0.0;1010.49554;3154.5867;-1564.3317;3838.095;-35.017776;124.587776
2003-12-13;-7.7062798;-20.563072;-18.207699;753.60425;1.2377342;70.29646;100.0;0.10180628;208.95116;484.13086;0.0008583069;-0.042112544;0.0;0.21655858;0.21656603;0.0;0.0;1056.8966;3231.9956;-1241.8539;4159.545;-29.37889;124.503334
2003-12-14;-3.2349446;-17.079748;-13.512917;753.1028;0.7509051;285.3162;100.0;0.10176889;210.57811;480.42807;0.015377998;-0.08241646;0.0072568655;0.22435188;0.21709502;0.0474602;0.014595687;923.02057;2767.33;-908.7256;5003.999;-60.275555;68.51889
2003-12-15;-4.311859;-8.107327;-8.938745;748.8759;0.47027627;260.31387;100.0;0.113662876;193.47523;584.79816;32.143063;-0.00062957406;0.0;0.21761656;0.21760911;0.0;31.996313;271.79;895.5933;140.65056;6618.322;0.04888889;-4.882222
2003-12-16;-2.3960571;-2.7950847;-3.4727275;747.94135;0.8665714;219.39299;100.0;0.14204375;171.51854;824.17804;11.323037;-0.02552662;0.005684793;0.22380799;0.2181232;0.0;10.276765;233.36444;996.2378;84.55334;7082.1255;-18.76;-54.038887
2003-12-17;-1.9140116;-2.098409;-1.2096558;748.6872;1.1515266;208.04213;100.0;0.15029116;179.84991;833.41473;6.6189795;-0.08353777;0.043570995;0.26218593;0.21861494;0.10064244;5.3928604;422.32443;1645.6189;-258.815;6859.9155;-63.175556;-128.53444
2003-12-18;-3.517395;-4.119203;-1.1104584;743.24396;1.0348293;181.77803;100.0;0.17555209;177.79425;981.2419;47.90902;-0.23061596;0.121317804;0.34040213;0.21909177;0.015303493;44.82747;255.3;1002.7267;-147.54167;6900.35;-179.59445;-219.9911
2003-12-19;-8.515023;-10.370553;-4.3869004;742.8479;0.9965522;180.4724;100.0;0.20945449;172.38084;1210.5306;14.208812;-0.2560932;0.0;0.21955371;0.21956116;0.0;14.20182;474.90445;1980.3334;-751.00336;5729.062;-198.06667;-237.57889
2003-12-20;-11.00793;-13.225997;-9.385143;747.3857;0.8339408;198.1985;100.0;0.220746;170.79945;1289.7135;4.4013886;-0.06525405;0.0;0.22004545;0.220038;0.0;4.3945312;641.32446;2735.629;-1044.4556;5026.81;-47.89111;-100.44778
2003-12-21;-12.660586;-18.10604;-14.325952;751.9316;1.127019;29.14208;100.0;0.22134049;177.56834;1245.1578;0.013926625;-0.05255267;0.0;0.22052228;0.22052974;0.0;0.013835728;728.4267;3027.4678;-1340.045;4217.649;-37.745556;-50.07
2003-12-22;-10.960715;-19.452251;-19.302843;752.77386;1.3440272;8.565445;100.0;0.22135381;182.05531;1214.1113;0.00087022776;-0.009663403;0.0;0.22098422;0.22099912;0.0;0.0;802.0789;3245.3845;-1228.7811;3987.1248;-4.841111;109.49333
2003-12-23;-9.121829;-18.085726;-18.001062;748.84125;1.0115865;44.386745;100.0;0.22212069;184.9798;1198.3643;1.8781722;-0.019946136;0.0;0.22146106;0.22146851;0.0;1.865305;632.41614;2492.9812;-258.22223;5393.4077;-13.244445;57.196667
2003-12-24;-8.764083;-13.561643;-16.00546;751.45166;1.0711628;44.839268;100.0;0.22327416;188.30109;1184.4076;0.0070283404;0.004483387;0.0;0.22190809;0.221923;0.0;0.005733222;781.39;3060.2922;-1144.0856;4425.53;6.2222223;54.816666
2003-12-25;-8.489567;-15.510392;-17.407612;753.3596;1.4129871;8.156611;100.0;0.22331087;192.33038;1159.5459;0.0;0.0009927899;0.0;0.22235513;0.22235513;0.0;0.0;809.44775;3090.0933;-1049.0228;4433.0713;3.6977777;112.72444
2003-12-26;-5.3517823;-12.854462;-14.700305;747.80023;0.72427386;223.53252;100.0;0.2293433;191.91014;1191.1621;17.137432;-0.013965182;0.0;0.22277236;0.22277236;0.0;16.783606;588.98553;2196.1777;-54.411667;5960.8384;-8.884444;55.935555
2003-12-27;-7.922306;-9.155469;-10.620471;744.1934;0.85413957;148.69278;100.0;0.24180214;187.63539;1287.8824;1.0981917;-0.006432645;0.0;0.22317469;0.22316724;0.0;1.0909512;563.8972;2378.6077;-500.33334;5709.151;-2.3833334;-48.878887
2003-12-28;-9.468349;-12.277978;-11.094982;747.7266;0.8695908;45.03272;100.0;0.24223645;194.28514;1245.931;1.132518;-0.037051737;0.0;0.22354722;0.22354722;0.0;1.1257007;608.60443;2506.9543;-657.6239;5401.626;-25.912222;-68.37666
2003-12-29;-8.674516;-11.3601465;-11.147527;753.09503;0.95117706;32.972576;100.0;0.24561925;197.1878;1243.9779;3.8951814;-0.013305806;0.0;0.22390485;0.22390485;0.0;3.88816;555.1128;2277.131;-752.20886;5304.7188;-7.7733335;-23.40889
2003-12-30;-9.89479;-13.141744;-13.075172;755.80615;1.4603353;15.855294;100.0;0.24727857;201.63963;1225.5859;0.009059906;-0.011135824;0.0;0.22424757;0.22424757;0.0;0.009059906;757.7867;3068.3489;-1231.4166;4528.783;-5.0688887;10.242222
2003-12-31;-11.6148405;-16.863363;-16.857977;752.4968;1.4636976;9.515925;100.0;0.2473154;205.99315;1199.707;0.002826386;-0.004916452;0.0;0.2245605;0.2245456;0.0;0.0010877848;745.3444;2935.8633;-1268.03;4130.0054;-0.9522222;61.556667
2004-01-01;-8.579577;-18.709702;-17.811365;748.0617;0.8532386;196.2497;100.0;0.24764864;208.87206;1184.0006;1.8566132;-0.033212826;0.0;0.22485852;0.22484362;0.0;1.8533878;782.6639;3007.1968;-446.8461;5164.5254;-22.867777;47.274445
2004-01-02;-7.170893;-8.897052;-13.088863;745.53973;0.6160603;181.31392;100.0;0.24966586;210.14159;1186.849;0.93485415;0.003204681;0.0;0.22512674;0.22512674;0.0;0.919424;677.55554;2612.2366;-305.6261;5794.9062;5.091111;-31.364445
2004-01-03;-6.4081445;-8.384102;-10.309799;744.1477;0.6830206;166.67781;100.0;0.25318062;211.32582;1196.818;2.2244632;0.0011418015;0.0;0.22539496;0.22538751;0.0;2.2125542;550.1567;2163.9978;-402.8578;5865.6646;3.0722222;-22.992222
2004-01-04;-6.2956696;-8.794957;-9.215722;748.10394;0.63566667;177.0871;100.0;0.2535539;216.95995;1168.1722;0.026971102;-0.02954714;0.0;0.22560358;0.22561848;0.0;0.025339425;704.6983;2704.4343;-729.48944;5545.6816;-19.375555;-51.324444
2004-01-05;-6.4104614;-7.245585;-8.618478;746.0179;0.71674013;215.52153;100.0;0.26164898;214.69855;1216.0645;15.756296;0.016156584;0.0;0.225842;0.22584945;0.0;15.750475;204.64444;797.02;62.456665;6535.1577;13.0222225;-9.988889
2004-01-06;-6.195043;-7.3095756;-6.953058;745.2825;0.6041475;230.12996;100.0;0.26995125;214.45245;1258.5856;0.93379617;-0.035825185;0.0;0.22605062;0.22605062;0.0;0.8796975;578.57556;2410.4177;-568.57666;5941.237;-24.775555;-72.05889
2004-01-07;-7.2213593;-8.843076;-7.1648583;739.48224;0.9220385;127.03364;100.0;0.2762681;215.49022;1278.2389;23.834595;-0.054266304;0.0;0.22622943;0.22622943;0.0;23.745544;484.06168;1979.1022;-374.04666;6116.129;-39.944443;-83.636665
2004-01-08;-10.550818;-11.899526;-8.667702;740.7482;1.3066357;198.53813;100.0;0.2981037;200.97198;1481.7301;8.428844;-0.075209886;0.0;0.22639334;0.2264008;0.0;8.425601;350.4639;1502.8055;-484.5428;5740.1235;-57.694443;-145.92444
2004-01-09;-10.81067;-12.828681;-9.828452;743.5191;0.8762073;194.54863;100.0;0.3044633;202.16502;1504.8422;5.4936957;-0.07773843;0.0;0.22652745;0.22654235;0.0;5.489662;633.1383;2693.0867;-569.7722;5620.9834;-57.532223;-133.39111
2004-01-10;-10.1040535;-12.095359;-10.32706;747.1589;1.0985442;130.42078;100.0;0.30908653;204.57875;1510.8236;0.9347379;-0.04639011;0.0;0.22666156;0.22666901;0.0;0.92963505;657.89056;2779.639;-875.7822;5187.0835;-33.138332;-91.29889
2004-01-11;-7.1548247;-10.877655;-10.910637;749.41046;0.7889567;48.283703;100.0;0.30995548;210.8561;1469.8893;1.5632838;-0.027819537;0.0;0.22678077;0.22678077;0.0;1.5587509;660.4006;2724.6355;-428.47278;5773.004;-18.26;-34.2
2004-01-12;-4.87802;-7.791954;-8.596863;747.8545;0.7144429;77.30159;100.0;0.31135437;217.04002;1434.6924;0.59101284;-0.016077422;0.0;0.22688508;0.22688508;0.0;0.5798079;595.22833;2415.101;-451.7011;5977.5522;-9.551111;-24.997778
2004-01-13;-6.067528;-7.199244;-7.285108;738.51117;0.8890889;138.08086;100.0;0.3248893;214.59666;1510.6201;25.647972;0.0031655654;0.0;0.22698939;0.22698939;0.0;25.53755;218.1939;912.43555;-24.71889;6547.499;3.175;-23.966667
2004-01-14;-6.405721;-7.52182;-6.1038895;741.75885;0.95341104;209.63521;100.0;0.33884144;214.25356;1582.1127;2.7012417;-0.06934628;0.0;0.2270788;0.2270788;0.0;2.6911795;609.5622;2615.0012;-502.95917;6085.638;-50.587776;-107.72444
2004-01-15;-5.7185845;-6.497471;-5.6044374;745.06976;0.96613836;204.684;100.0;0.34343544;221.00812;1553.6295;5.28599;-0.05667284;0.0;0.2271533;0.2271533;0.0;5.278483;361.18445;1521.64;-129.35;6577.1377;-42.504444;-106.344444
2004-01-16;-3.8802185;-4.8498063;-4.6236777;749.5921;0.72731084;227.26825;100.0;0.34589472;229.48859;1508.0566;0.6829083;-0.06575324;0.0;0.2272278;0.22722036;0.0;0.67418444;482.32224;2012.0934;-324.58667;6459.2065;-48.375557;-74.17667
2004-01-17;-4.1129456;-4.891276;-3.96727;747.7271;0.760632;195.18782;100.0;0.34883273;236.8076;1472.3715;5.2633433;-0.089405105;0.0;0.22727251;0.22728741;0.0;5.2114987;403.97055;1658.1566;-159.8775;6708.7573;-67.611664;-109.21111
2004-01-18;-5.015306;-6.1695786;-3.9611943;747.70233;0.70110387;198.7456;100.0;0.3523414;243.38116;1448.2828;0.73596835;-0.09603426;0.0;0.22733212;0.22733212;0.0;0.7047206;644.41724;2657.3145;-830.95166;5870.501;-70.89056;-97.22111
2004-01-19;-8.017175;-16.273844;-8.0441475;748.8645;1.0869948;28.802221;100.0;0.3523805;250.66014;1406.0873;0.0057667494;-0.16305596;0.0;0.22736192;0.22736192;0.0;0.0057704747;908.39;3635.071;-1615.6895;4406.597;-121.045555;-108.204445
2004-01-20;-7.2333717;-18.66413;-12.951164;748.6109;1.082236;183.1414;100.0;0.35235366;255.21419;1380.3711;0.0008523463;-0.073771924;0.0;0.22737682;0.22737682;0.0;0.0;973.03613;3791.9023;-1658.0623;3970.3179;-51.95111;64.55222
2004-01-21;-6.6664557;-20.337921;-15.116958;746.6135;0.82257193;258.04617;100.0;0.35234797;258.41797;1362.915;0.0008583069;-0.06585568;0.0;0.22739172;0.22739172;0.0;0.0;947.45056;3598.8645;-1225.2008;4396.836;-46.501667;55.31333
2004-01-22;-6.076673;-15.666123;-14.56582;743.8946;0.65902305;197.19592;100.0;0.3530978;260.30142;1354.777;6.5267744;-0.04137121;0.0;0.22739172;0.22739917;0.0;6.521575;790.945;2929.5;-388.22638;5539.2856;-28.747778;15.875556
2004-01-23;-6.550261;-7.272306;-10.467191;737.5284;0.85100514;206.2157;100.0;0.37432405;239.1214;1561.7269;22.498388;0.026894733;0.0;0.22740662;0.22740662;0.0;22.491451;234.49777;986.9067;135.57056;6535.403;21.421112;-3.4444444
2004-01-24;-7.5435777;-8.872322;-8.324872;741.44574;0.87285113;196.44518;100.0;0.38986763;231.48207;1682.2103;12.970576;-0.04844833;0.0;0.22740662;0.22740662;0.0;12.963485;536.1017;2299.541;-269.60333;6177.7153;-35.05;-97.026665
2004-01-25;-6.438044;-9.237775;-7.3818574;745.3415;0.6189995;120.70063;100.0;0.39843324;231.57094;1721.4355;1.7257184;-0.068645924;0.0;0.22739172;0.22739917;0.0;1.7197654;675.2589;2888.0366;-755.1692;5669.701;-48.767776;-85.361115
2004-01-26;-7.4016023;-9.345288;-8.699624;742.85736;0.62490606;128.266;100.0;0.39932188;238.69952;1673.6246;1.7876297;-0.03218092;0.0;0.22737682;0.22737682;0.0;1.7821044;529.5339;2209.551;-440.59555;5891.129;-22.432222;-60.092224
2004-01-27;-7.8010025;-9.572681;-8.016608;742.22003;0.72478795;131.26836;100.0;0.40088773;244.31346;1641.8457;0.6145549;-0.08790009;0.0;0.22734702;0.22734702;0.0;0.60896945;759.7806;3118.8267;-737.4211;5619.249;-64.30444;-110.52
2004-01-28;-8.804886;-12.593597;-9.833116;746.19824;0.8869143;80.33631;100.0;0.40114096;250.47948;1602.2949;0.016152859;-0.072505325;0.0;0.22730231;0.22730231;0.0;0.016156584;952.38055;3819.0044;-1418.56;4575.9844;-51.116665;-87.087776
2004-01-29;-6.829806;-15.032814;-12.674497;749.3649;1.0731952;31.878725;100.0;0.40114942;255.3444;1571.4518;0.0017166131;-0.062709674;0.0;0.22724271;0.22724271;0.0;0.0;1021.005;3988.021;-1376.6328;4411.122;-42.88222;21.646667
2004-01-30;-5.7411637;-16.12281;-13.922151;749.26385;0.8828313;214.97441;100.0;0.40115786;259.2422;1548.1364;0.001330498;-0.06498303;0.0;0.2271831;0.2271831;0.0;4.4703484e-05;1075.9517;4097.8687;-1240.6862;4508.887;-44.804443;35.101112
2004-01-31;-6.8315988;-13.838313;-14.255364;747.93365;0.84888047;151.8814;100.0;0.4011691;262.7412;1527.3438;0.00042617318;-0.03476534;0.0;0.2271235;0.22711605;0.0;0.0;1094.2822;4066.331;-1352.0488;4358.173;-22.163334;6.2833333
2004-02-01;-8.032065;-13.178842;-14.563714;744.8184;1.1023898;32.007935;100.0;0.40127778;265.8356;1509.6029;0.70132613;-0.032311305;0.0;0.227049;0.227049;0.0;0.697732;1089.3195;3953.1433;-900.08276;4915.953;-20.377777;-9.087778
2004-02-02;-7.0723763;-9.246772;-11.387504;744.21185;0.8057775;145.70477;100.0;0.40404928;265.81152;1520.101;2.8316708;-0.036416575;0.0;0.22697449;0.22697449;0.0;2.8292463;760.4867;2835.6646;-290.04333;5999.243;-24.788889;-60.942223
2004-02-03;-8.059105;-9.603149;-9.515415;747.55884;0.7552919;169.02602;100.0;0.4056846;267.9795;1514.567;1.2752997;-0.06595813;0.0;0.22688508;0.22689998;0.0;1.2546443;819.6311;3044.9578;-641.86664;5650.2837;-47.822224;-98.97
2004-02-04;-8.699634;-12.230395;-9.663636;748.55975;0.88064486;64.83553;100.0;0.40614554;271.9105;1494.1406;0.012591481;-0.104136765;0.0;0.22679567;0.22680312;0.0;0.01167506;1092.585;3998.8489;-1200.8262;4928.84;-75.33;-145.75333
2004-02-05;-7.3866296;-12.096641;-10.739254;746.6248;0.8199883;91.77268;100.0;0.40617716;275.8558;1472.941;0.03566146;-0.060871243;0.0;0.22670627;0.22669882;0.0;0.033974648;1134.2228;4059.2366;-1331.5834;4698.99;-41.7;-57.087776
2004-02-06;-8.605433;-10.833569;-11.5062065;743.7175;1.0594147;167.1198;100.0;0.40645647;279.0062;1457.1533;1.0318995;-0.04328601;0.0;0.22658706;0.22659451;0.0;1.0017343;1158.1061;4049.0906;-888.63336;5222.665;-28.643333;-81.91556
2004-02-07;-7.963318;-11.968953;-10.431317;748.07404;0.8406515;282.71094;100.0;0.40731764;281.37045;1448.0795;0.13612509;-0.08486211;0.0;0.22646785;0.2264753;0.0;0.12295321;1198.305;4184.5923;-1407.7603;4645.2173;-60.218887;-85.53333
2004-02-08;-4.997162;-8.691396;-11.067413;753.123;1.0790571;243.75098;100.0;0.40743172;284.569;1432.251;0.35344362;-0.02844818;0.0;0.22636354;0.22636354;0.0;0.35161525;1265.6934;4327.9067;-960.7833;5216.0996;-16.725555;-35.852222
2004-02-09;-3.0802917;-4.042196;-7.937612;753.39215;0.9651938;228.09645;100.0;0.40823004;287.2819;1421.3867;0.73339045;-0.03950298;0.0;0.22622943;0.22623688;0.0;0.69214773;895.51166;3046.975;-322.66165;6336.0864;-26.97;-65.38
2004-02-10;-2.8248901;-3.5795288;-4.994024;751.57544;0.92817646;239.48317;100.0;0.4087418;291.18262;1404.3783;0.2864331;-0.059075654;0.0;0.22611022;0.22611022;0.0;0.2734959;851.245;2856.9712;-280.39166;6607.012;-41.943333;-97.757774
2004-02-11;-4.592115;-5.1326814;-3.673664;743.3934;0.93591017;200.26855;100.0;0.4243237;280.62598;1510.4574;33.06434;-0.07028971;0.0;0.22599101;0.22599101;0.0;32.958195;222.74445;842.42725;-171.92361;6676.0957;-54.363335;-100.751114
2004-02-12;-6.51754;-8.006145;-5.03169;747.16895;1.2138693;211.92323;100.0;0.44431698;267.05698;1664.3066;1.6142875;-0.1657717;0.0;0.2258569;0.2258569;0.0;1.6073809;932.14886;4004.119;-1026.14;5500.8545;-123.48556;-185.06778
2004-02-13;-4.509314;-5.8236184;-5.4857955;745.7863;0.6145838;178.39473;100.0;0.45084336;268.056;1679.0365;26.942333;-0.08357875;0.0;0.22570789;0.22570789;0.0;25.621712;813.4078;3398.6177;-427.16165;6305.1533;-59.425556;-138.50333
2004-02-14;-5.4989448;-6.567865;-3.9781952;739.60645;1.443842;197.17249;100.0;0.489983;246.6725;1982.2998;38.34509;-0.20499808;0.0;0.22555888;0.22555888;0.0;37.803352;611.62335;2644.33;-334.865;6463.197;-156.88167;-267.69806
2004-02-15;-12.93647;-15.466976;-7.354294;735.9084;1.7563367;205.30928;100.0;0.5193097;236.94823;2191.04;12.803632;-0.3155209;0.0;0.22540987;0.22541732;0.0;12.79078;533.4939;2297.9678;-833.17053;5307.303;-245.08667;-432.50555
2004-02-16;-14.375305;-17.119951;-11.985316;743.2806;1.427739;206.79936;100.0;0.52820325;234.47914;2251.6277;9.551468;-0.18844754;0.0;0.22527575;0.22527575;0.0;9.54707;866.34;3703.5923;-600.73724;5301.028;-144.26;-347.66666
2004-02-17;-10.455399;-12.454021;-11.145293;745.9306;1.1198287;200.42944;100.0;0.5364944;231.833;2316.0808;1.4978826;-0.08505024;0.0;0.22509694;0.22511184;0.0;1.4886484;961.78613;4120.6943;-851.26;5234.533;-61.266666;-155.94
2004-02-18;-9.197186;-12.057033;-10.863442;744.75195;0.6994315;154.21722;100.0;0.5373782;239.44789;2245.7683;1.7282372;-0.089032575;0.0;0.22494793;0.22494793;0.0;1.7224848;894.6922;3723.0989;-471.8939;5766.71;-63.878887;-149.26334
2004-02-19;-7.374827;-9.113422;-8.944313;744.86884;0.70256376;163.6395;100.0;0.5391705;246.52016;2189.1277;0.95473826;-0.08051284;0.0;0.22476912;0.22477657;0.0;0.9489134;966.815;3966.1882;-795.48444;5538.028;-56.88111;-145.52888
2004-02-20;-7.810881;-9.530549;-8.967814;747.85986;0.9418671;152.6558;100.0;0.53962654;254.43001;2122.7214;0.41923383;-0.07609371;0.0;0.2246052;0.22459775;0.0;0.4150346;1106.3994;4441.0166;-789.79;5547.5767;-52.905;-156.15778
2004-02-21;-7.0687737;-8.450711;-7.4768767;746.38116;1.0832981;184.35388;100.0;0.54240394;259.9795;2086.0596;8.501312;-0.1307521;0.0;0.22442639;0.22442639;0.0;8.494594;704.2928;2781.389;-224.04056;6343.707;-98.60667;-185.59778
2004-02-22;-8.609727;-10.032842;-6.7209625;738.2918;1.3600312;147.70816;100.0;0.5816238;241.13116;2408.2031;55.488964;-0.10725949;0.0;0.22426248;0.22426248;0.0;55.42268;209.065;895.72833;-371.55112;6116.431;-83.45111;-131.85777
2004-02-23;-13.559106;-17.49125;-11.178477;742.4384;1.0389231;175.42232;100.0;0.60599464;236.82094;2561.6863;0.5432955;-0.1826305;0.0;0.22408366;0.22408366;0.0;0.5395785;982.1639;4246.7515;-1460.9619;4307.5566;-138.03223;-234.84666
2004-02-24;-8.903596;-15.377384;-14.738999;748.9292;0.93160707;64.923904;100.0;0.6060467;244.26561;2483.195;0.0;-0.062210485;0.0;0.22390485;0.2238974;0.0;0.0;1284.875;5397.676;-1520.79;4076.5386;-41.66111;-52.334446
2004-02-25;-5.956164;-13.273618;-14.575807;751.9899;0.892766;93.18201;100.0;0.6060692;250.24738;2423.462;0.016915798;-0.068103895;0.0;0.22369623;0.22369623;0.0;0.013906509;1266.1222;5175.795;-889.7828;4979.2266;-45.423332;-35.372223
2004-02-26;-3.625285;-7.1301064;-11.621297;751.72;0.90034944;143.64842;100.0;0.6061359;256.71094;2363.5254;0.011746053;-0.022655353;0.0;0.22348762;0.22349507;0.0;0.008743256;1300.6089;5179.247;-1122.9822;5014.5513;-10.111111;-57.553333
2004-02-27;-3.7656453;-10.393216;-11.038369;752.4175;1.194286;67.74418;100.0;0.6061874;263.45572;2302.9785;0.0022053719;-0.0888668;0.0;0.223279;0.22327155;0.0;0.0022128224;1337.8295;5192.445;-1285.7589;4832.277;-59.574444;-11.093333
2004-02-28;0.0343221;-10.319381;-10.344775;753.7807;1.0423723;91.219505;100.0;0.6062016;269.84244;2248.2502;0.0008523463;-0.12107007;0.0;0.22305548;0.22304803;0.0;0.0;1435.4183;5432.825;-1143.456;5128.4106;-83.67111;27.29889
2004-02-29;1.2139384;-5.601766;-7.717997;754.78784;1.0396985;102.87142;100.0;0.6062247;276.57748;2193.8477;0.0008523463;-0.05039852;0.0;0.22281706;0.22282451;0.0;0.0;1133.82;4185.9775;-798.6039;5795.1646;-31.555555;29.653334
2004-03-01;0.89207965;-4.568817;-5.6419578;753.9085;0.8583018;167.59277;100.0;0.60633755;284.04297;2137.0037;0.11457926;-0.097813085;0.0;0.22259355;0.22259355;0.0;0.0;1317.2883;4747.0693;-1034.4886;5649.649;-66.57445;-47.755554
2004-03-02;-0.1955363;-2.7430432;-4.2129617;753.6836;0.80091184;167.09973;100.0;0.6068728;291.73502;2082.6416;1.4426181;-0.09656511;0.0;0.22235513;0.22235513;0.0;0.0;1312.2994;4571.746;-680.9289;6208.045;-65.797775;-98.40222
2004-03-03;0.90230304;-1.7479044;-1.5279236;754.2285;0.7435574;203.5066;100.0;0.6077295;300.8431;2023.0306;0.120818615;-0.12197625;0.05197525;0.27409196;0.22211671;0.36584958;0.0;1307.7487;4331.6396;-742.1067;6338.799;-85.19889;-119.18889
2004-03-04;1.884725;-3.3581135;-0.76106006;754.2054;0.8818445;199.76717;100.0;0.6069415;311.16342;1953.5319;0.0012928303;-0.21320301;0.16978383;0.39163232;0.22186339;1.1677183;0.00042840838;1777.3197;5117.4453;-1216.0562;5862.817;-153.37222;-114.48278
2004-03-05;3.8905842;-1.1727701;-0.3419291;749.1902;1.0074786;211.78027;100.0;0.6054726;321.57095;1885.4166;2.5098653;-0.18306822;0.62558055;0.8471757;0.22160262;1.9636042;0.0;1816.6221;4717.27;-883.0294;6339.6567;-130.54;-69.64222
2004-03-06;0.31443024;0.019858042;0.0002784729;746.16693;1.7172877;209.27495;100.0;0.61020416;324.71713;1878.0111;51.348633;-0.021433458;6.5857916;6.8167152;0.2309382;2.960503;23.304276;207.22443;495.27194;55.773335;7334.6855;-16.374445;-32.18778
2004-03-07;-2.4874356;-4.1430345;-0.19521077;750.4622;1.2845601;166.70282;100.0;0.62677896;319.74057;1961.5479;1.1087656;-0.40614232;0.07081032;0.29209256;0.22126734;0.33222884;0.9957738;1392.0474;5075.863;-1413.2955;5557.224;-307.73444;-277.10666
2004-03-08;-3.5459912;-8.2865;-0.96203107;753.7032;1.0382313;62.08664;100.0;0.62643677;327.2894;1915.4459;0.0061869617;-0.52799284;0.0;0.22126734;0.22126734;0.0;0.004440546;1954.405;5994.376;-1749.7644;5042.0234;-398.4889;-302.9989
2004-03-09;-2.300382;-9.062798;-1.3778852;754.15576;0.97148126;184.6023;100.0;0.6261782;334.79004;1871.7855;0.0045180316;-0.40479565;0.0;0.22137165;0.22135675;0.0;0.0040903687;2213.469;6032.2266;-2050.2922;4710.2476;-301.2789;-233.95667
2004-03-10;-1.145738;-12.295777;-2.2621002;751.07513;0.7810774;231.4477;100.0;0.62599677;341.03418;1836.8734;0.0012874602;-0.38534775;0.0;0.22150576;0.22150576;0.0;0.0;2433.3735;6217.451;-2323.0994;4330.681;-285.3689;-102.157776
2004-03-11;-3.2045593;-7.1106644;-2.4315948;747.93036;1.0557865;223.00714;100.0;0.6258555;345.92123;1810.2213;0.6083131;-0.4973784;0.0;0.22168458;0.22168458;0.0;0.5658902;2314.6086;5669.3574;-1457.6422;5362.4927;-378.79556;-296.24
2004-03-12;-4.5533347;-7.1792197;-1.6783295;746.7836;0.8906634;180.22655;100.0;0.62603456;350.1403;1788.9811;0.35479254;-0.7660631;0.0;0.22190809;0.22190809;0.0;0.34820288;2080.687;5042.2993;-1176.7172;5723.778;-589.89886;-461.54666
2004-03-13;-5.1915183;-10.151001;-1.9874586;745.68134;0.8489282;64.00474;100.0;0.6257532;354.69302;1765.3402;0.29881597;-0.7120185;0.0;0.22216141;0.22216886;0.0;0.25280565;2102.9194;4950.6943;-1478.6539;5301.433;-547.06445;-380.14334
2004-03-14;-6.4162087;-11.806805;-3.3849704;746.73975;1.6148629;37.59747;100.0;0.6252658;358.46484;1745.6461;0.09034574;-0.90065783;0.0;0.22244453;0.22244453;0.0;0.08728355;2522.2153;5797.8643;-1849.2433;4731.9424;-694.2844;-402.7089
2004-03-15;-7.9715066;-13.829061;-5.153193;746.72675;1.707582;37.372097;100.0;0.6246471;361.09634;1730.6722;0.2145648;-0.9695459;0.0;0.22271276;0.22272766;0.0;0.21192804;2413.4375;5501.411;-1719.7091;4735.1704;-749.9867;-516.50665
2004-03-16;-8.141147;-15.515645;-6.770233;747.9467;0.9816262;76.98919;100.0;0.6240869;363.30307;1718.5465;0.0053346157;-0.6906912;0.0;0.22302568;0.22303313;0.0;0.0044703484;2842.0012;6423.0737;-2162.3486;4164.202;-529.76556;-398.96667
2004-03-17;-7.5204544;-12.690831;-6.8811097;747.6485;0.83593386;165.55592;100.0;0.6237118;365.2129;1708.5775;0.47144592;-0.60322785;0.0;0.2233386;0.2233386;0.0;0.46348387;2489.351;5552.25;-1541.7478;4893.2305;-462.93332;-389.7089
2004-03-18;-6.7634215;-10.057225;-6.233228;748.4404;0.953953;141.7979;100.0;0.6248103;364.6559;1713.8265;1.7932482;-0.5618278;0.0;0.22365153;0.22365153;0.0;1.7742999;2368.33;5593.589;-1586.5244;4893.656;-430.60443;-413.49445
2004-03-19;-5.61268;-11.821534;-5.76252;748.62964;1.0279696;41.662663;100.0;0.6250774;366.00455;1708.4961;0.027248263;-0.5065948;0.0;0.22394955;0.223957;0.0;0.024139881;2469.744;5952.4224;-1636.1006;4946.971;-383.67557;-224.84555
2004-03-20;-4.390055;-10.859523;-4.6190057;750.33014;0.9689197;51.376694;100.0;0.624806;368.38803;1696.9401;0.13874173;-0.55860543;0.0;0.22423267;0.22423267;0.0;0.062674284;2622.705;6236.0347;-1854.3269;4783.0034;-423.62888;-275.05667
2004-03-21;-2.9581807;-10.516849;-3.6604755;752.8652;0.98830205;77.10044;100.0;0.6245836;371.09506;1684.4076;0.0017192969;-0.416819;0.0;0.2245009;0.2245009;0.0;0.0;2849.1484;6672.573;-2078.427;4629.563;-309.70444;-148.63
2004-03-22;-0.87542725;-8.447109;-2.0482368;755.55865;1.0770522;90.3964;100.0;0.6243011;375.34116;1664.8763;0.0;-0.3735451;0.029534101;0.25428832;0.22473931;0.21045469;0.0;2945.0;6733.285;-2049.1533;4813.662;-273.77777;-126.501114
2004-03-23;1.5857748;-9.249972;-0.7188568;756.5922;1.0479774;65.19285;100.0;0.623303;383.0537;1629.2318;0.0;-0.37027803;0.27388334;0.49886107;0.22495538;1.5934315;0.0;3086.3218;6787.7705;-2110.1943;4857.4243;-269.09332;-98.685555
2004-03-24;2.280894;-8.273346;-0.36468506;755.29517;0.9636405;87.00614;100.0;0.6190243;391.22232;1584.1879;0.0008523463;-0.37533882;1.1922568;1.4174134;0.22515655;6.3913913;0.0;3027.6416;6456.6685;-1902.7078;5179.339;-273.66165;-102.477776
2004-03-25;1.9174398;-6.1072288;-0.29313913;751.429;0.97164196;107.45459;100.0;0.6104713;397.86392;1536.2955;0.0008523463;-0.40797517;2.0398498;2.2652297;0.22538006;9.952266;0.0;3258.1572;6784.101;-1930.5995;5199.507;-298.18777;-128.31667
2004-03-26;1.8229269;-4.849314;-0.30980936;751.1462;1.0734794;97.93079;100.0;0.6003248;404.20737;1487.2233;0.002568423;-0.40416884;2.544746;2.7704983;0.22575259;10.056026;0.0;3364.6277;6879.1646;-2036.0586;5077.9067;-295.92667;-126.13111
2004-03-27;2.58078;-3.9851685;-0.3238449;753.97437;1.1221236;81.26233;100.0;0.58976567;410.792;1437.7441;0.0;-0.33752993;3.0630827;3.316164;0.25309622;10.800745;0.0;3456.1755;6966.8364;-2098.7227;5012.3223;-243.43445;-95.38111
2004-03-28;2.8625386;-4.3248696;-0.30546823;754.57025;0.9987684;93.98487;100.0;0.57902557;417.41992;1389.2008;0.0;-0.3470136;3.033489;3.2616556;0.22818148;10.494113;0.0;3342.6328;6664.1025;-1946.6808;5190.3306;-251.62334;-103.65
2004-03-29;2.7860413;-5.115743;-0.24266179;752.6467;0.9465205;142.84529;100.0;0.5672014;423.6979;1340.7797;0.059357632;-0.41654614;3.6488547;3.936477;0.2876222;12.398505;0.0;3314.3916;6550.168;-1615.6383;5579.8687;-305.5478;-119.772224
2004-03-30;0.2995707;-1.1871439;-0.0827891;746.46576;0.88017696;235.24101;100.0;0.56229955;426.07715;1320.6787;18.732445;-0.10768138;5.2013993;6.017208;0.8158088;6.166287;3.9188452;973.8789;2018.745;-193.32722;7072.419;-80.99333;-106.37666
2004-03-31;-1.1063334;-4.350057;-0.10339228;743.48846;1.0626496;85.473305;100.0;0.5573272;423.64258;1316.691;3.6724377;-0.6095106;3.4352689;3.726989;0.29172748;10.097529;2.2379198;2638.2466;6110.937;-1376.6492;5776.254;-461.33444;-297.3611
2004-04-01;-1.6499939;-10.459682;-0.3772049;745.9771;1.0390792;56.457153;100.0;0.5545836;424.52475;1308.0648;0.29723644;-0.9097941;0.03823638;0.30055642;0.2623275;0.1798477;0.23338944;2815.9817;6897.231;-1981.5941;4900.594;-694.84;-343.63556
2004-04-02;-1.6900126;-4.46463;-0.40574136;744.67035;1.1412586;229.8643;100.0;0.5573682;425.63638;1310.14;7.214221;-0.48510545;0.026911497;0.30472875;0.2778098;0.043077394;6.3546524;1760.8583;4241.9844;-888.1631;6191.6953;-371.23;-295.65555
2004-04-03;-1.5705681;-4.478006;-0.22934087;741.70874;1.3914071;216.32996;100.0;0.5641475;420.9222;1340.861;10.805777;-0.53007805;0.39839745;0.6905347;0.2921298;0.50347483;8.364879;1709.2811;4748.4976;-828.88086;6295.479;-404.82556;-304.40332
2004-04-04;-3.7196033;-8.18266;-0.2950821;741.5512;1.6311468;168.16782;100.0;0.57329065;408.44888;1403.9713;3.7330956;-0.907463;0.042513013;0.34809113;0.3055781;0.18216856;3.5106502;1892.6478;6351.9424;-1406.0194;5540.64;-696.2978;-417.23
2004-04-05;-5.348021;-11.128025;-1.1029663;747.1497;1.1250783;95.491516;100.0;0.57312816;410.43198;1397.9492;0.30346215;-0.8576075;0.0;0.3183484;0.31834096;0.0;0.260368;2387.1938;6936.069;-1985.7489;4696.7617;-655.9411;-451.75446
2004-04-06;-2.7791684;-9.201962;-1.5910187;749.66376;0.87331134;84.22688;100.0;0.57281905;413.95834;1385.2946;0.0008523463;-0.6197654;0.0;0.33040345;0.33040345;0.0;0.0;2805.4756;7518.6646;-2099.3691;4700.94;-466.41333;-289.42776
2004-04-07;-1.7127279;-7.2663918;-1.1509094;750.99994;1.0239221;98.411;100.0;0.57247704;419.5625;1366.4144;0.042372942;-0.6028302;0.0;0.34165382;0.34166873;0.0;0.0;2901.795;7237.398;-1945.6045;4947.4326;-453.18222;-247.20111
2004-04-08;-0.7526042;-8.591732;-0.62866086;752.75714;0.99360377;80.43478;100.0;0.57194763;427.4004;1340.21;0.036325067;-0.6034803;0.07136166;0.4234612;0.3520921;0.39764678;0.0;3192.9866;7484.418;-2073.3765;4921.483;-450.82224;-215.04333
2004-04-09;-0.22281902;-8.943044;-0.38121414;752.3548;1.361527;27.078741;100.0;0.56888473;435.17676;1308.8379;0.0;-0.6973753;1.1356175;1.4973283;0.36171824;4.9940143;0.0;3427.9905;7670.3794;-2233.6245;4782.3643;-522.7989;-171.44667
2004-04-10;0.37383017;-8.593434;-0.34435526;753.2548;1.605738;24.283691;100.0;0.56280285;441.8584;1274.9023;0.0;-0.83671975;1.4799386;1.8507242;0.37077814;6.102687;0.0;3549.4146;7667.926;-2152.567;4892.344;-632.5578;-149.93167
2004-04-11;1.1362509;-8.2146;-0.307312;755.14276;1.5387893;21.810326;100.0;0.5542779;448.21744;1237.7115;0.0;-0.6319154;2.6618094;3.0653179;0.4035011;9.661606;0.0;3679.2144;7738.1465;-2172.6855;4897.1216;-470.49112;-130.39111
2004-04-12;1.2154337;-8.354309;-0.30427042;755.383;1.5039958;19.1687;100.0;0.54359883;450.0;1208.4961;0.00044107434;-0.60127676;3.453046;3.858626;0.40558726;10.906597;0.0;3770.7422;7769.3574;-2141.25;4950.7847;-445.3689;-125.52889
2004-04-13;3.213979;-11.047485;-0.26373163;753.3641;1.1313256;103.46615;100.0;0.53102803;450.0;1180.6641;0.0025795817;-0.5086642;4.6940594;5.112946;0.41887164;13.355594;0.0;3860.8223;7829.1484;-2018.6742;5156.1123;-372.02;-108.54222
2004-04-14;4.746277;-2.9803238;-0.18254726;752.191;1.0789877;195.92155;100.0;0.51472217;450.0;1144.6127;0.009554625;-0.39880162;6.899297;8.300602;1.4013201;17.964855;0.0;3722.5027;7455.385;-1553.2722;5753.738;-287.3811;-104.39445
2004-04-15;2.5028687;-2.6484272;-0.14591599;747.51166;1.1821781;240.06311;100.0;0.4994514;450.0;1110.3516;1.7404745;-0.5038604;5.0763187;5.6004524;0.52413344;12.172363;0.0;2696.3528;5348.3916;-1145.4623;6084.3784;-378.99222;-70.69666
2004-04-16;-2.1200664;-4.1849875;-0.15914662;740.2178;0.85462666;99.84234;100.0;0.49927518;440.87436;1131.6732;14.067554;-0.44276193;2.018556;2.5532842;0.53472817;4.2106733;9.369966;1671.1278;4140.068;-875.2011;6232.2407;-337.96667;-290.24777
2004-04-17;-2.071401;-7.767431;-0.23143768;742.85986;0.88892335;76.977425;100.0;0.5014313;435.37076;1152.059;0.8132937;-0.85982496;0.286296;0.8774698;0.59117377;0.9687841;0.6284937;2178.4429;6012.838;-1169.5958;5879.5854;-657.20886;-364.88333
2004-04-18;-1.8197327;-3.921852;-0.21499507;744.53436;1.0552326;242.6754;100.0;0.5000032;439.30502;1138.6719;4.2639227;-0.64879656;1.4259293;2.0684748;0.6425455;3.6172867;1.9788891;2476.935;6351.5254;-1109.96;6039.567;-493.56555;-424.52777
2004-04-19;-1.4607544;-2.62441;-0.09862264;742.9759;0.9993306;160.28911;100.0;0.5012459;434.62338;1152.8727;8.739146;-0.47287345;0.9525418;1.642108;0.6895587;2.5201142;7.0766397;1468.8767;3945.9321;-410.3375;6831.967;-361.96667;-349.27444
2004-04-20;-0.27760825;-1.5455322;-0.031571705;744.85895;0.85665345;183.61208;100.0;0.5056819;418.76498;1207.3568;5.5148096;-0.26988053;2.235189;2.984643;0.7494688;5.727632;3.2110922;1324.7178;4266.065;-504.49722;6778.4556;-201.035;-207.71666
2004-04-21;0.42964682;-1.4661255;-0.068367004;749.0464;1.0961834;140.16154;100.0;0.49893358;421.02505;1186.0352;1.7040759;-0.39116386;2.8612986;3.6521702;0.7908568;8.200661;0.0024810433;2095.199;5921.086;-763.457;6529.961;-289.78445;-289.17334
2004-04-22;2.3372803;-0.2399292;-0.030740103;745.3;1.369525;168.09996;100.0;0.48961273;422.69858;1159.0576;8.94475;-0.37440473;6.6776423;7.7247915;1.047127;12.759391;0.5327202;2205.5217;5763.221;-877.19336;6441.7935;-276.57443;-96.454445
2004-04-23;0.6493022;0.3156128;0.0030466716;742.93115;0.905962;182.63995;100.0;0.48259494;421.32162;1145.5078;28.096094;-0.07028598;14.413208;16.861439;2.448216;9.126171;4.0567217;912.8372;2327.1917;68.59639;7450.9185;-50.36;-124.403336
2004-04-24;0.36887613;-3.1872761;-0.07978312;746.8416;1.0585617;222.71991;100.0;0.47478595;418.9974;1134.1146;0.5532682;-0.7032575;3.8645566;5.268425;1.4038906;10.349831;0.015318394;2574.2178;6767.7114;-1274.0222;5928.3105;-531.60223;-292.18555
2004-04-25;0.8300781;-3.2905579;-0.22507732;748.1606;1.2250004;193.81995;100.0;0.46690157;423.99155;1102.417;0.10122955;-0.6378321;2.079174;3.6410542;1.5618727;6.32849;0.00012293458;2729.03;6648.7715;-1323.3859;5822.2617;-480.37668;-183.43889
2004-04-26;2.1685078;-3.7526143;-0.17757034;751.6662;1.0986363;138.44304;100.0;0.45738086;429.50424;1066.1621;0.30088425;-0.5264496;3.917247;5.6414456;1.724206;11.016011;0.00010803342;3005.1384;6926.4717;-1572.0823;5613.1587;-390.88;-149.62
2004-04-27;4.51121;-5.260315;-0.20835622;754.6318;0.9358208;94.16715;100.0;0.44499144;435.54166;1023.112;0.033646822;-0.36616343;5.173609;6.98936;1.8157512;13.250765;0.0;3254.1772;7188.5854;-1550.7661;5678.8135;-262.40778;-117.31555
2004-04-28;5.091471;-1.8381449;-0.14477794;754.96655;1.1848245;158.39375;100.0;0.43040058;441.54428;976.27765;0.41811466;-0.34049714;6.483972;9.403825;2.9198453;15.64439;0.0;3076.7322;6579.254;-1163.0514;6192.371;-244.7889;-88.62666
2004-04-29;5.1924233;0.7457072;-0.10183843;751.63495;0.9250426;99.75968;100.0;0.41445494;445.93262;930.78613;3.3863962;-0.17069466;7.421553;9.831905;2.4103448;15.719924;0.0;2516.338;5249.9194;-798.20807;6578.7153;-117.78;-83.97111
2004-04-30;4.037852;2.085307;-0.013937633;747.47125;0.6636256;177.03325;100.0;0.402644;448.389;898.9258;16.555151;-0.025250018;11.000246;13.927639;2.9273927;11.493862;0.023081899;1211.995;2480.936;-119.55222;7267.6587;-14.288889;-37.656666
2004-05-01;2.9120789;2.144521;-0.047754925;746.436;0.7210756;226.82689;100.0;0.38700604;449.36523;862.42676;8.424908;-0.0579264;11.649996;18.258602;6.6086054;18.624012;0.0;2177.9;4402.2783;-577.3406;6814.0366;-34.939445;-129.43556
2004-05-02;3.8680217;-0.17976888;-0.058308918;749.6689;0.9350329;164.34607;100.0;0.3675362;449.95248;817.78973;2.1532564;-0.3931746;7.9633594;13.332277;5.368911;20.627241;0.0;3276.105;6541.7744;-832.55084;6664.596;-285.99554;-166.11667
2004-05-03;4.2540283;1.5425009;-0.018013;749.93695;0.91127396;110.21359;100.0;0.34686056;449.99185;772.054;13.668383;-0.15760121;14.325842;21.664948;7.339105;22.150642;0.021100044;2906.4917;5755.8555;-688.02;6782.563;-107.12889;-143.17223
2004-05-04;3.4442036;1.8593546;-0.02327601;748.0957;1.0688866;139.37653;100.0;0.32568094;450.0;724.77216;3.1318367;-0.21658093;10.0611;20.087793;10.026678;21.344463;0.0;2926.7534;5752.968;-794.55725;6665.5933;-154.2911;-153.3511
2004-05-05;3.115387;0.7907613;-0.09336344;749.02386;0.9615405;134.34193;100.0;0.30486283;450.0;678.54816;7.8860464;-0.21025725;11.629075;23.51886;11.8897705;20.51434;0.0;2849.9739;5573.899;-1008.9056;6376.231;-148.3;-140.20778
2004-05-06;3.9007263;0.464386;-0.22095871;751.3543;1.0757841;140.06671;100.0;0.28702596;450.0;638.6719;1.011616;-0.24164654;6.6727695;17.986149;11.313356;17.076895;0.0;3030.6233;5901.5034;-1116.7542;6217.454;-170.10667;-90.39778
2004-05-07;6.9707336;1.5431112;-0.20808284;751.644;1.1735481;189.50702;100.0;0.26561594;450.0;591.59344;0.014165044;-0.33529848;10.83596;23.193687;12.357704;24.790064;0.0;3990.9617;7745.0835;-1408.5684;6036.9517;-235.11444;-72.486664
2004-05-08;7.9507446;1.5216675;-0.11604182;751.89374;1.0999316;176.86113;98.9589;0.23907983;450.0;532.34863;0.33977628;-0.33811107;12.027115;25.156975;13.129846;27.055584;0.0;3797.396;7328.074;-857.49335;6724.927;-235.84277;-91.85222
2004-05-09;7.6431885;1.7542114;-0.18620555;750.83887;1.2878647;183.16765;96.62435;0.21223275;450.0;472.65625;0.28931382;-0.4823357;11.063799;24.747402;13.68361;26.598286;0.0;4199.376;7975.577;-1436.0714;6034.6978;-342.82666;-87.73
2004-05-10;8.315094;1.4930826;-0.20642726;749.99493;1.217994;209.29297;95.05477;0.18707693;450.0;416.82944;0.26749372;-0.5208515;10.516956;23.543701;13.02673;24.652056;0.0;4199.246;7894.289;-1211.5991;6333.6636;-368.44888;-115.51222
2004-05-11;7.2269187;0.5291036;-0.14209239;745.60156;1.3584508;163.2982;94.27848;0.16190247;450.0;361.24673;0.8703053;-0.76038295;11.195212;25.36556;14.170349;24.710201;0.0;4175.5493;7804.548;-1365.3787;6138.241;-554.63446;-135.6811
2004-05-12;4.0539756;1.7669576;-0.2619947;743.6762;1.2661021;166.46765;93.96989;0.14089715;449.97525;314.00552;8.954078;-0.3369581;11.092305;25.48772;14.395446;18.58649;0.06771088;3058.2068;5695.763;-959.2;6445.0757;-236.23778;-155.11333
2004-05-13;2.116455;-0.95719403;-0.257871;742.2183;1.0438305;122.65658;93.884605;0.12722488;447.02182;283.48795;5.1569324;-0.38294867;6.885469;20.65435;13.768867;14.041715;0.04877895;2373.2883;4443.947;-992.9472;6305.7065;-277.55777;-162.71666
2004-05-14;3.1648152;-0.52891034;-0.4344279;744.7268;1.1187268;174.8241;93.81836;0.110793315;446.47754;246.94824;5.1207385;-0.62413514;9.545639;23.636177;14.090538;18.915932;0.00010803342;3689.7683;6900.493;-1132.8428;6280.0913;-453.81555;-228.73222
2004-05-15;2.6535034;0.21374512;-0.13718796;739.85034;1.0030185;153.09807;93.77482;0.092250265;446.47656;205.72917;6.5833626;-0.43699706;9.458184;22.698477;13.240293;18.273092;0.0;2837.9478;5289.823;-776.68945;6668.235;-314.32333;-201.47112
2004-05-16;1.7513937;1.5001932;-0.03749339;742.4244;0.91154;196.29584;93.81632;0.0787611;434.73178;176.3509;10.175923;-0.10346435;8.413821;21.07355;12.659743;12.321424;0.41447207;1347.8911;2540.8044;0.53;7452.9805;-68.14889;-129.2411
2004-05-17;1.8192545;1.1729227;-0.046438854;748.7393;0.90302396;220.36;93.81478;0.06325519;428.1162;142.94434;13.0148115;-0.30468032;12.71534;26.958466;14.243126;17.75792;0.17657503;2305.7422;4373.2812;-297.545;7203.9463;-215.41333;-274.7211
2004-05-18;2.9685466;-1.2078857;-0.8706462;752.5059;1.434965;211.3935;89.0153;0.044989426;431.4313;101.48112;0.4311025;-1.0162387;7.3134604;20.153164;12.839712;18.445335;5.2154064e-05;3641.859;6841.798;-1232.1873;6139.142;-755.7856;-227.9
2004-05-19;4.520681;-1.5541687;-1.5682869;751.16583;1.4541616;248.99335;63.86442;0.0280991;432.5791;63.23242;0.9809673;-1.3989843;5.9534607;18.844843;12.891367;14.814556;0.0;4634.046;7683.4243;-1630.5577;5839.1978;-1008.94556;-459.42557
2004-05-20;2.557251;0.48903403;-0.8922946;748.5068;0.9893091;157.77669;42.704998;0.018994093;432.6328;42.195637;12.284059;-0.5983058;6.118804;18.505781;12.386978;5.413592;0.0;1888.9539;2813.0222;-517.14056;6918.8696;-416.61557;-212.24445
2004-05-21;5.6567993;-1.3494161;-0.91634625;752.1592;1.0820321;78.42244;25.809896;0.011232774;432.125;25.472006;0.100925565;-2.3375711;2.9483438;14.094859;11.146523;9.0979185;0.0008828938;5734.9966;7981.7656;-1924.0978;6006.312;-1628.5511;-865.04
2004-05-22;5.413391;0.022125244;-1.098484;751.9361;1.2157216;49.853916;11.813721;0.005143722;432.0703;11.67806;4.3782234;-2.3970418;2.3914874;12.743532;10.35206;4.1320586;0.0;5554.34;7301.427;-2002.1017;6018.118;-1666.2644;-896.1767
2004-05-23;5.6304116;1.2323405;-0.7840462;751.75586;1.0882202;104.65811;5.3294272;0.002314647;430.2373;5.4117837;3.7130265;-2.586361;1.4761835;10.972664;9.496472;2.00288;0.0;5365.435;6862.553;-1819.2289;6327.3345;-1796.6566;-1044.5989
2004-05-24;6.4623413;0.9267985;-0.59525937;752.0454;1.1118598;101.130005;2.3452961;0.001019001;428.28873;2.6041667;2.7733228;-2.6571248;0.8162856;9.503857;8.687578;0.8697994;0.0;5406.406;6830.338;-2017.7195;6201.032;-1845.8889;-958.4311
2004-05-25;8.934794;1.0002848;-0.30426407;753.27704;1.0814056;107.4668;0.9794108;0.00042283535;428.09375;1.2207031;1.64105;-3.183891;0.44837594;8.399516;7.9511404;0.43068826;0.0;5891.792;7397.3223;-2076.2244;6358.0522;-2211.7644;-975.1511
2004-05-26;9.974446;3.291748;-0.002690633;753.9997;1.0528938;65.31894;0.36295572;0.00015644233;428.09375;0.28483072;2.2984774;-3.0463254;0.510633;7.8020244;7.291384;0.16730279;0.0;5504.6533;6887.7812;-1989.9734;6626.1743;-2116.1711;-788.8945
2004-05-27;9.156505;3.804189;0.009796143;752.40894;1.1196789;57.58079;0.13777669;5.9604645e-05;428.09375;-7.27919e-21;5.9060736;-2.3392878;1.1719316;7.882461;6.7105293;0.055886805;0.0;3992.871;4986.5547;-1342.6274;7159.05;-1625.02;-641.3367
2004-05-28;8.503021;2.6537476;-0.0006421407;751.0574;1.1135861;77.87977;0.05419922;2.3404757e-05;428.09375;-7.27919e-21;6.5437803;-2.9506536;1.2774765;7.480338;6.202862;0.023819506;0.0;5365.1797;6691.1978;-1863.3645;6629.2188;-2049.719;-1054.8711
2004-05-29;7.394358;3.9749146;0.009812673;749.6873;1.0667613;59.84262;0.019856771;8.622806e-06;428.09634;-7.27919e-21;8.13137;-2.6861765;1.6350895;7.3960123;5.760908;0.0087842345;0.0;4677.626;5826.791;-1464.5481;6969.38;-1865.9956;-1031.0333
2004-05-30;6.8950706;3.922475;0.0038439434;750.57275;1.084246;114.55347;0.0072428384;3.1789143e-06;428.09375;-7.27919e-21;5.0155845;-2.7678516;0.95793605;6.3371954;5.379252;0.0033676624;0.0;5114.7705;6364.311;-1721.5778;6718.3257;-1922.7345;-1274.0712
2004-05-31;9.4835005;1.8125204;-0.06341425;752.66876;1.2923911;163.19798;0.002766927;1.2715658e-06;428.09375;-7.27919e-21;0.6289363;-3.7759411;0.09599328;5.1428676;5.0468593;0.0013932586;0.0;6400.868;7956.0166;-2268.2566;6269.6523;-2623.021;-1118.4445
2004-06-01;10.327728;-0.5246684;-0.12160492;751.228;1.5937095;228.9353;0.00081380206;3.1789145e-07;428.09375;-7.27919e-21;0.018250942;-4.0197625;0.0027418137;4.7538877;4.751146;0.00046938658;0.0;6712.701;8334.81;-2530.515;5974.1123;-2792.3955;-1143.5555
2004-06-02;8.254405;-1.4011536;-0.29191843;751.59064;1.2637537;206.92317;0.0;-7.2791903e-25;428.09375;-7.27919e-21;0.50818324;-3.3633933;0.06801635;4.553437;4.4854136;0.0001527369;0.0;6169.7417;7652.3896;-2309.245;6049.021;-2336.4377;-1318.4689
2004-06-03;9.134053;-0.8299357;-2.9508579;752.6839;1.1996771;156.72267;0.0;-7.2791903e-25;287.556;-7.27919e-21;0.0;-3.632756;1.4901161e-05;4.244089;4.2440815;5.9604645e-05;0.0;6343.938;7860.176;-2352.7266;6095.7935;-2523.5544;-1171.8022
2004-06-04;10.23582;0.6192932;-4.0531783;753.3681;1.2592609;138.76643;0.0;-7.2791903e-25;131.14777;-7.27919e-21;0.00042617318;-3.847664;5.9604645e-05;4.022434;4.0223746;2.6077032e-05;0.0;6803.4775;8420.806;-2507.4077;6071.4775;-2672.8445;-1229.8323
2004-06-05;11.611714;2.183726;-1.2686945;755.4162;1.0574205;108.667786;0.0;-7.2791903e-25;102.83982;-7.27919e-21;0.0020876406;-3.945932;0.00022351742;3.8183331;3.8180947;0.0;0.0;6797.042;8403.997;-2461.1829;6319.906;-2741.1077;-1073.0155
2004-06-06;13.334615;2.0018413;-0.092684425;755.5246;1.1075213;165.92267;0.0;-7.2791903e-25;100.027;-7.27919e-21;0.0004351138;-4.149597;4.4703484e-05;3.6294012;3.6293492;0.0;0.0;6872.339;8488.169;-2574.1323;6339.402;-2882.5867;-932.95
2004-06-07;14.080159;-0.99452716;-0.007169088;754.5334;1.4070567;142.46706;0.0;-7.2791903e-25;100.00974;-7.27919e-21;0.020986795;-4.2524633;0.0021755695;3.4568458;3.4546554;0.0;0.0;6849.8413;8451.539;-2577.32;6330.5176;-2954.0457;-904.87665
2004-06-08;12.933787;-0.33281454;0.009835561;751.18115;1.3973926;177.33612;0.0;-7.2791903e-25;99.99998;-7.27919e-21;0.0012814989;-3.9709675;0.00011920929;3.2929926;3.2928734;0.0;0.0;6907.1113;8513.239;-2651.1594;6215.773;-2758.4988;-1185.8767
2004-06-09;11.698619;-2.4915874;0.0095342;749.0975;1.6406965;231.93999;0.0;-7.2791903e-25;99.99998;-7.27919e-21;0.0008702277;-3.7150793;8.940697e-05;3.1430423;3.1429677;0.0;0.0;6876.1943;8466.259;-2665.7512;6040.318;-2580.7422;-1423.08
2004-06-10;10.057434;-1.0675863;0.010055542;749.5091;1.2530354;173.22127;0.0;-7.2791903e-25;99.99998;-7.27919e-21;0.06257892;-2.7699935;0.0056922436;3.0102134;3.0045211;0.0;0.0;5663.876;6966.1333;-2225.7134;6352.5557;-1924.2222;-1328.6389
2004-06-11;10.495219;-2.0712178;0.01007843;750.6934;1.2688361;140.76915;0.0;-7.2791903e-25;99.99998;-7.27919e-21;0.05721287;-3.2012658;0.0049844384;2.880782;2.8757975;0.0;0.0;6600.6895;8109.959;-2526.0867;6164.935;-2223.8132;-1566.2356
2004-06-12;10.151256;-0.26863608;0.009882609;752.99994;1.2466235;100.63263;0.0;-7.2791903e-25;99.99998;-7.27919e-21;0.07157922;-3.1736894;0.005617738;2.7606936;2.7550757;0.0;0.0;6529.4805;8014.0566;-2457.0256;6349.91;-2204.6567;-1479.2522
2004-06-13;12.109772;2.2769775;0.010060628;755.2446;1.4988655;38.974518;0.0;-7.2791903e-25;99.99998;-7.27919e-21;0.0008583069;-3.2328925;6.7055225e-05;2.6420803;2.6420057;0.0;0.0;6857.846;8408.444;-2761.2766;6212.8057;-2245.7822;-1458.0244
2004-06-14;13.553121;0.2490743;0.009674072;751.8865;1.3530532;42.545563;0.0;-7.2791903e-25;99.99998;-7.27919e-21;0.0008583069;-3.308503;7.4505806e-05;2.535671;2.5356114;0.0;0.0;7037.54;8619.787;-2970.7617;6097.7227;-2298.3066;-1286.9122
2004-06-15;13.014873;2.8017578;0.009938558;748.1704;1.2644998;57.148193;0.0;-7.2791903e-25;99.99998;-7.27919e-21;1.8626153;-2.7797241;0.16410649;2.6002975;2.4361908;0.0;0.0;6061.626;7416.717;-2332.8066;6798.512;-1930.9811;-1344.7578
2004-06-16;13.038381;3.8385518;0.009902954;748.86993;1.2543759;79.536476;0.0;-7.2791903e-25;100.00259;-7.27919e-21;0.86724883;-2.6081986;0.06714463;2.4111419;2.3439975;0.0;0.0;5775.157;7065.2554;-2282.8745;6796.8867;-1811.8289;-1374.1533
2004-06-17;12.286998;1.3253275;0.0101076765;748.97955;1.3426127;111.61457;0.0;-7.2791903e-25;100.00519;-7.27919e-21;0.545207;-2.7672405;0.04066527;2.2976847;2.2570267;0.0;0.0;6097.95;7459.1865;-2343.6528;6713.613;-1922.31;-1541.7245
2004-06-18;12.744629;3.7078655;0.009881337;750.73706;1.2404484;48.72243;0.0;-7.2791903e-25;99.99998;-7.27919e-21;1.0151267;-2.725904;0.08530915;2.2600741;2.1747575;0.0;0.0;6051.195;7401.029;-2306.1277;6864.0596;-1893.5956;-1441.0222
2004-06-19;14.768779;4.674652;0.009887695;750.38995;1.1676995;77.11212;0.0;-7.2791903e-25;100.00519;-7.27919e-21;0.019729137;-3.026994;0.0014603138;2.098322;2.0968616;0.0;0.0;6514.3184;7966.488;-2531.1367;6857.441;-2102.7512;-1370.5945
2004-06-20;15.486897;-0.65633136;0.0098724365;750.4033;1.3203517;141.78297;0.0;-7.2791903e-25;99.99998;-7.27919e-21;0.41964054;-2.7825685;0.029683113;2.05265;2.0229518;0.0;0.0;6670.899;8156.8765;-2831.5034;6527.191;-1932.9578;-1569.8145
2004-06-21;14.709697;-1.8691101;0.009775798;752.2712;1.2097484;171.70245;0.0;-7.2791903e-25;99.99998;-7.27919e-21;0.0;-2.6725717;0.0;1.9530058;1.9530132;0.0;0.0;7049.508;8618.767;-3013.484;6315.224;-1856.5466;-1760.4423
2004-06-22;15.794902;-0.3563334;0.01012675;751.8271;1.1083446;129.17741;0.0;-7.2791903e-25;99.99998;-7.27919e-21;0.00085234636;-2.526338;5.9604645e-05;1.8865019;1.8864423;0.0;0.0;6949.96;8495.929;-3032.1873;6493.553;-1754.9634;-1690.2922
2004-06-23;15.592793;-0.43088785;0.010025024;750.51544;1.2520937;132.44095;0.0;-7.2791903e-25;99.99998;-7.27919e-21;0.0015524606;-2.211513;0.00010430813;1.8233806;1.8232837;0.0;0.0;6936.8613;8478.855;-2981.175;6563.01;-1536.2644;-1926.3578
2004-06-24;15.565206;-0.91227216;0.009993236;750.8597;1.3363743;118.93078;0.0;-7.2791903e-25;99.99998;-7.27919e-21;0.0008583069;-2.0156093;5.9604645e-05;1.763463;1.7634183;0.0;0.0;6872.0635;8398.525;-2996.6243;6580.1265;-1400.1766;-2089.2878
2004-06-25;15.824219;-1.00707;0.010023753;753.1944;1.2787938;158.85773;0.0;-7.2791903e-25;99.99998;-7.27919e-21;0.0;-1.9517597;0.0;1.7064363;1.7064438;0.0;0.0;6968.5996;8515.444;-3114.9888;6510.6343;-1355.8234;-2062.2634
2004-06-26;15.792857;-2.994629;0.009951274;753.0556;1.2964545;123.56071;0.0;-7.2791903e-25;99.99998;-7.27919e-21;0.0017174516;-1.8707988;0.00010430813;1.6523302;1.6522259;0.0;0.0;7072.542;8641.325;-3297.5112;6313.468;-1299.5823;-2101.078
2004-06-27;15.150777;-1.5238241;0.00983429;752.67694;1.1888281;105.34254;0.0;-7.2791903e-25;99.99998;-7.27919e-21;0.00086410524;-1.782151;5.9604645e-05;1.600638;1.6005859;0.0;0.0;6893.596;8421.537;-3093.78;6572.798;-1238.0;-2089.4512
2004-06-28;16.174469;0.15224202;0.00995636;751.2409;1.1950139;130.07904;0.0;-7.2791903e-25;99.99998;-7.27919e-21;0.006210804;-1.7069671;0.00037252903;1.5517324;1.5513599;0.0;0.0;6687.2314;8168.3813;-3020.3672;6734.7666;-1185.7744;-2054.8655
2004-06-29;14.092773;-0.9137573;0.009909312;749.5766;1.7240381;110.0491;0.0;-7.2791903e-25;99.99998;-7.27919e-21;0.54544806;-1.4607217;0.033646822;1.5385449;1.5048683;0.0;0.0;6211.055;7585.7256;-2672.391;6806.1025;-1014.7156;-2280.7778
2004-06-30;14.816335;-0.19200642;0.010108948;752.8601;1.284268;99.78028;0.0;-7.2791903e-25;99.99998;-7.27919e-21;0.0017166138;-1.8078778;0.00011920929;1.4606714;1.460582;0.0;0.0;7023.4824;8576.946;-3214.8367;6398.327;-1255.8722;-2171.531
2004-07-01;16.21816;-3.1739502;0.010084788;751.57355;1.2741834;138.25192;0.0;-7.2791903e-25;99.99998;-7.27919e-21;0.0008702277;-1.7008855;5.9604645e-05;1.4178753;1.4178231;0.0;0.0;7064.181;8625.53;-3363.4146;6344.56;-1181.5488;-2143.16
2004-07-02;16.109894;-2.1276042;0.009867351;751.3859;1.3214073;141.06741;0.0;-7.2791903e-25;99.99998;-7.27919e-21;0.0;-1.6048326;0.0;1.3769567;1.3769343;0.0;0.0;7031.656;8584.702;-3273.6733;6503.5176;-1114.8245;-2185.588
2004-07-03;17.25529;0.14164226;0.00995636;750.9392;1.2176106;82.62133;0.0;-7.2791903e-25;99.99998;-7.27919e-21;0.0008583069;-1.6028872;5.9604645e-05;1.3378263;1.3377666;0.0;0.0;7016.7886;8565.454;-3325.6338;6621.1924;-1113.4722;-2056.6877
2004-07-04;17.407003;2.8474019;0.010080974;751.3392;1.3680401;77.07992;0.0;-7.2791903e-25;99.99998;-7.27919e-21;0.015196513;-1.4088042;0.0008493662;1.3011843;1.3003423;0.0;0.0;6322.048;7716.3066;-2835.161;7135.364;-978.6494;-2029.2023
2004-07-05;15.708791;5.7701316;0.009927114;753.0661;1.4674158;42.141598;0.0;-7.2791903e-25;99.99998;-7.27919e-21;2.1885185;-1.3713111;0.15217066;1.4171749;1.2650043;0.0;0.0;5920.671;7225.564;-2540.9314;7236.2246;-952.60443;-2174.56
2004-07-06;16.007874;4.9874673;0.0098393755;753.96606;1.4164528;33.290546;0.0;-7.2791903e-25;99.99998;-7.27919e-21;0.21294653;-1.8820446;0.012412667;1.2437999;1.2313797;0.0;0.0;5713.7505;6972.1943;-2567.6816;7049.838;-1307.3933;-1641.1511
2004-07-07;16.913553;4.1441245;0.009841919;754.2261;1.6073723;39.95358;0.0;-7.2791903e-25;99.99998;-7.27919e-21;0.0;-1.940759;0.0;1.1988282;1.1988356;0.0;0.0;6939.501;8466.737;-3113.4854;6689.468;-1348.1812;-2063.0422
2004-07-08;17.367472;3.6972046;0.009904225;753.17267;0.96690655;85.62973;0.0;-7.2791903e-25;99.99998;-7.27919e-21;0.48145652;-1.6878731;0.027477741;1.1948347;1.1673421;0.0;0.0;6467.29;7889.5444;-2909.133;7084.3755;-1172.5089;-1899.5233
2004-07-09;16.59378;4.8234153;0.009808858;751.00836;1.2175913;93.35514;0.0;-7.2791903e-25;100.00519;-7.27919e-21;1.9467622;-1.5031407;0.1309365;1.2684315;1.137495;0.0;0.0;5407.0376;6595.2754;-2391.7256;7406.9893;-1044.1823;-1655.9
2004-07-10;13.172313;5.8043213;0.009742737;747.0137;1.323546;86.34882;0.0;-7.2791903e-25;99.99998;-7.27919e-21;5.4082155;-2.1706448;0.36609173;1.4757514;1.1096597;0.0;0.0;5100.334;6220.365;-2149.8628;7177.3013;-1507.8744;-1591.6666
2004-07-11;13.336293;4.964579;0.009885152;746.8962;1.2714778;59.337505;0.0;-7.2791903e-25;99.99998;-7.27919e-21;0.15858778;-2.5395565;0.009045005;1.0918826;1.0828376;0.0;0.0;6013.109;7332.5083;-2361.0361;6984.683;-1764.1455;-1738.9745
2004-07-12;14.244243;3.843343;0.009859721;747.8689;1.2689406;96.0773;0.0;-7.2791903e-25;99.99998;-7.27919e-21;0.40965557;-2.2395346;0.023111701;1.0797828;1.0566562;0.0;0.0;5861.48;7146.817;-2465.9006;6914.186;-1555.73;-1627.2089
2004-07-13;14.942739;1.3796997;0.010011037;750.08795;1.2240921;120.36617;0.0;-7.2791903e-25;99.99998;-7.27919e-21;0.15847385;-2.318644;0.008821487;1.040116;1.0312945;0.0;0.0;6600.3228;8046.5903;-2814.5825;6722.9155;-1610.6855;-1859.7722
2004-07-14;16.468546;-0.20639038;0.010307312;751.07916;1.2914099;117.36175;0.0;-7.2791903e-25;99.99998;-7.27919e-21;0.0015497208;-2.084095;8.195639e-05;1.0066777;1.0066032;0.0;0.0;6763.757;8244.766;-3031.0962;6685.2246;-1447.7511;-1893.5044
2004-07-15;17.250345;-1.1876831;0.009750366;751.5171;1.240539;140.1485;0.0;-7.2791903e-25;99.99998;-7.27919e-21;0.001722502;-1.7244583;8.940697e-05;0.9827614;0.9826645;0.0;0.0;6847.6724;8346.022;-3174.9893;6694.859;-1197.9222;-2054.5166
2004-07-16;17.491007;-3.3157654;0.009671529;753.6304;1.4013249;135.4384;0.0;-7.2791903e-25;99.99998;-7.27919e-21;0.0017225739;-1.4530867;0.00010430813;0.9596348;0.9595305;0.0;0.0;6986.188;8512.934;-3394.3762;6517.952;-1009.41;-2223.791
2004-07-17;18.394583;-3.7628174;0.010270436;754.86456;1.2808107;72.19567;0.0;-7.2791903e-25;99.99998;-7.27919e-21;0.00086431566;-1.370227;4.4703484e-05;0.93720853;0.93716383;0.0;0.0;6906.224;8413.588;-3418.7983;6652.78;-951.85114;-2011.6145
2004-07-18;19.730103;0.18634033;0.009807587;754.30927;1.3439778;104.50707;0.0;-7.2791903e-25;99.99998;-7.27919e-21;0.05388312;-1.222387;0.002875924;0.9184629;0.91558695;0.0;0.0;6317.0107;7694.029;-3010.5078;7159.7876;-849.1511;-2003.2134
2004-07-19;18.025309;-2.041687;0.010089874;752.2005;1.4387258;115.64631;0.0;-7.317792e-25;99.99998;-7.3135004e-21;0.0;-1.2039728;0.0;0.8947849;0.8947626;0.0;0.0;6919.9873;8426.615;-3433.287;6586.3047;-836.36;-2397.4067
2004-07-20;17.088522;0.7376709;0.0099983215;751.58984;1.3366194;108.45876;0.0;-7.3453654e-25;99.99998;-7.345365e-21;0.003516674;-1.1294577;0.00014901161;0.87475777;0.8746162;0.0;0.0;6763.8496;8234.652;-3231.5994;6752.57;-784.5978;-2383.8767
2004-07-21;17.347748;-0.7440389;0.009920756;751.60614;1.3590689;129.13326;0.0;-7.3453654e-25;99.99998;-7.345365e-21;0.0;-1.0547601;0.0;0.85519254;0.85519254;0.0;0.0;6433.1387;7830.1885;-3148.7493;6786.783;-732.70776;-2271.771
2004-07-22;16.877136;-1.8467001;0.009897868;749.7009;1.6257839;128.49538;0.0;-7.3453654e-25;99.99998;-7.345365e-21;0.13383031;-0.9526182;0.007107854;0.84376335;0.8366555;0.0;0.0;5728.2305;6970.6924;-2678.3496;7126.512;-661.7522;-2079.58
2004-07-23;14.979706;1.4565125;0.010009766;749.84204;1.1227167;144.2033;0.0;-7.3453654e-25;99.99998;-7.345365e-21;0.21706223;-0.9760037;0.0114142895;0.8302331;0.8188039;0.0;0.0;5974.671;7269.0254;-2691.8;7070.637;-677.9978;-2450.0544
2004-07-24;15.28067;1.3240153;0.009990692;749.9886;1.3677505;162.1589;0.0;-7.3453654e-25;99.99998;-7.345365e-21;0.4915672;-1.043519;0.026077032;0.827685;0.8016154;0.0;0.0;5939.5317;7224.6577;-2746.9233;6933.0913;-724.89886;-2309.2957
2004-07-25;15.372996;-0.9949443;0.009816487;751.0854;1.493928;135.62099;0.0;-7.3453654e-25;99.99998;-7.345365e-21;0.0015657919;-1.1769096;8.195639e-05;0.7849783;0.78488886;0.0;0.0;6805.2656;8275.878;-3148.1455;6541.0015;-817.56;-2599.219
2004-07-26;16.195261;-1.1418864;0.009876251;751.5546;1.256916;104.68185;0.0;-7.3453654e-25;99.99998;-7.345365e-21;0.0007838011;-1.0321364;4.4703484e-05;0.7686466;0.7686019;0.0;0.0;6286.2466;7642.9585;-3062.8594;6730.9976;-716.99;-2203.321
2004-07-27;17.092102;-1.3263346;0.010039012;752.2111;1.3932389;110.253395;0.0;-7.3453654e-25;99.99998;-7.345365e-21;0.0;-1.0626167;0.0;0.75274706;0.75273216;0.0;0.0;6770.492;8229.809;-3207.5327;6786.1265;-738.1633;-2400.8223
2004-07-28;17.970795;1.9505106;0.010032654;752.4913;1.1708323;50.282562;0.0;-7.3453654e-25;99.99998;-7.345365e-21;0.0009913759;-0.94316155;4.4703484e-05;0.73738396;0.73733926;0.0;0.0;5820.1577;7073.226;-2799.2764;7310.089;-655.18335;-1929.8722
2004-07-29;18.76886;4.40448;0.009929657;752.42;1.2973461;53.714046;0.0;-7.3453654e-25;100.00779;-7.345365e-21;0.0008583069;-0.9412756;4.4703484e-05;0.7225275;0.7224828;0.0;0.0;6069.9263;7375.1694;-2867.8555;7324.2515;-653.8722;-2126.2034
2004-07-30;19.780142;3.1171162;0.009980519;753.07074;1.2621825;89.79287;0.0;-7.3453654e-25;99.99998;-7.345365e-21;0.0021584565;-1.0280795;0.00011920929;0.7080585;0.7079467;0.0;0.0;6484.412;7876.8613;-3136.5464;7214.7173;-714.17224;-2190.8967
2004-07-31;19.90867;0.4115397;0.009880066;753.01276;1.2944174;120.07782;0.0;-7.3453654e-25;99.99998;-7.345365e-21;0.00085234636;-1.0181088;4.4703484e-05;0.69382787;0.6937906;0.0;0.0;6739.4683;8184.84;-3367.5186;6948.9355;-707.24664;-2292.469
2004-08-01;19.539713;1.1074219;0.010205586;752.0328;1.2147015;110.2551;0.0;-7.3453654e-25;99.99998;-7.345365e-21;0.0;-0.99566764;0.0;0.6800443;0.68005174;0.0;0.0;6545.586;7947.5356;-3194.5767;7151.318;-691.6589;-2234.9778
2004-08-02;19.879099;2.6345215;0.009816487;750.1137;1.3224882;149.9305;0.0;-7.3453654e-25;99.99998;-7.345365e-21;0.0;-0.94077736;0.0;0.66673756;0.66673756;0.0;0.0;6376.0537;7739.916;-3127.8855;7204.035;-653.5278;-2256.2678
2004-08-03;17.770233;-1.1723531;0.01014328;747.5261;1.5363513;173.26422;0.0;-7.3453654e-25;100.00519;-7.345365e-21;0.0;-0.8778516;0.0;0.65389276;0.6538853;0.0;0.0;6685.907;8114.422;-3356.2083;6671.0957;-609.81445;-2633.8633
2004-08-04;16.824808;0.87795;0.009698232;749.17725;1.069965;182.70381;0.0;-7.3453654e-25;99.99998;-7.345365e-21;0.06403923;-0.86288154;0.003054738;0.6444901;0.6414503;0.0;0.0;6525.086;7917.447;-3188.6995;6802.8657;-599.4155;-2405.939
2004-08-05;18.166534;0.9923706;0.0100746155;751.30084;1.1369108;91.18458;0.0;-7.3453654e-25;99.99998;-7.345365e-21;0.0012308359;-0.93667394;5.9604645e-05;0.62936544;0.6293133;0.0;0.0;6493.8193;7877.771;-3199.9417;6983.2417;-650.6767;-2319.338
2004-08-06;19.089304;2.9808655;0.009906769;751.914;1.2816594;89.377625;0.0;-7.3453654e-25;100.00519;-7.345365e-21;0.0012218952;-0.9185858;4.4703484e-05;0.6174892;0.6174445;0.0;0.0;6484.7207;7864.972;-3160.43;7117.9146;-638.1111;-2276.01
2004-08-07;19.04486;4.3725486;0.009925842;752.3476;1.2865113;92.87176;0.0;-7.3453654e-25;99.99998;-7.345365e-21;0.0008583069;-0.8772742;5.9604645e-05;0.6059706;0.6059259;0.0;0.0;6335.2207;7681.939;-3092.4705;7189.141;-609.4133;-2292.4146
2004-08-08;19.069794;4.0910645;0.009938558;751.465;1.2801327;170.4891;0.0;-7.3453654e-25;99.99998;-7.345365e-21;0.026926398;-0.8480307;0.0013560057;0.59613585;0.59476495;0.0;0.0;6221.2666;7542.1;-3078.2773;7156.9995;-589.0989;-2297.67
2004-08-09;18.48232;-0.3256429;0.009867351;751.36725;1.2460204;132.61192;0.0;-7.3453654e-25;99.99998;-7.345365e-21;0.0008523463;-0.8679405;4.4703484e-05;0.5839765;0.5839318;0.0;0.0;6589.222;7986.3105;-3326.4207;6825.664;-602.9289;-2392.5457
2004-08-10;18.538748;-0.7078552;0.009868622;751.1789;1.1732638;174.22298;0.0;-7.3453654e-25;99.99998;-7.345365e-21;0.0;-0.85099787;0.0;0.5733669;0.5733669;0.0;0.0;6507.0396;7884.961;-3355.9434;6784.11;-591.16;-2336.7666
2004-08-11;17.520884;0.65338135;0.01012675;749.5384;1.5170937;221.93024;0.0;-7.3453654e-25;99.99998;-7.345365e-21;0.0008559094;-0.7834304;4.4703484e-05;0.5631745;0.56313723;0.0;0.0;6519.31;7898.1973;-3285.234;6713.016;-544.2233;-2488.1255
2004-08-12;15.914845;1.9380798;0.0100364685;749.07196;1.5294533;214.0291;0.0;-7.3453654e-25;99.99998;-7.345365e-21;0.0;-0.7057637;0.0;0.5532801;0.5532652;0.0;0.0;6448.8022;7811.055;-3093.2878;6725.519;-490.27;-2706.6377
2004-08-13;15.06073;1.2624512;0.009896596;750.8768;1.0677022;143.9303;0.0;-7.3453654e-25;99.99998;-7.345365e-21;0.0015556811;-0.59715563;7.4505806e-05;0.5438626;0.5437881;0.0;0.0;5105.5654;6182.741;-2599.9128;7062.3223;-414.82333;-2085.0356
2004-08-14;15.785502;-0.9033;0.009774526;752.56415;1.1817682;113.24979;0.0;-7.3453654e-25;99.99998;-7.345365e-21;0.0025798655;-0.7424876;0.00011920929;0.53463876;0.53451955;0.0;0.0;6219.7305;7529.9995;-3123.0518;6699.7275;-515.7811;-2355.8945
2004-08-15;16.862589;-0.011372884;0.010073344;750.82367;1.0165445;103.381294;0.0;-7.3453654e-25;99.99998;-7.345365e-21;0.009188056;-0.75537807;0.0003427267;0.52571297;0.52537024;0.0;0.0;6072.8237;7350.635;-3091.2317;6868.222;-524.73553;-2141.66
2004-08-16;18.164907;-0.15793864;0.010290782;752.137;1.0706722;79.34646;0.0;-7.3453654e-25;99.99998;-7.345365e-21;0.0009536743;-0.7879138;2.9802322e-05;0.51645935;0.51642954;0.0;0.0;6215.4907;7522.459;-3197.7073;6927.533;-547.33777;-2109.7883
2004-08-17;19.390717;4.6300864;0.009936015;754.1726;1.3117964;106.15731;0.0;-7.3453654e-25;99.99998;-7.345365e-21;0.008821487;-0.77060235;0.00032782555;0.5080402;0.50772727;0.0;0.0;6033.0757;7300.7827;-2994.755;7253.511;-535.3122;-2109.6145
2004-08-18;19.68519;2.4994202;0.009979248;753.60864;1.298751;113.22269;0.0;-7.3453654e-25;99.99998;-7.345365e-21;0.0;-0.78640133;0.0;0.4992038;0.4992038;0.0;0.0;6258.589;7572.8037;-3270.4473;6963.6543;-546.2867;-2229.9644
2004-08-19;18.696848;-2.7403362;0.009991963;751.03705;1.2622596;158.96228;0.0;-7.3453654e-25;99.99998;-7.345365e-21;0.0;-0.7542595;0.0;0.49093366;0.49093366;0.0;0.0;6424.4097;7772.4873;-3605.8044;6411.6646;-523.95886;-2169.5144
2004-08-20;17.478607;-5.485575;0.009775798;749.9803;1.1711041;143.50548;0.0;-7.3453654e-25;99.99998;-7.345365e-21;0.0008583069;-0.727782;4.4703484e-05;0.48296154;0.48292428;0.0;0.0;6448.9766;7801.2974;-3696.6714;6136.0034;-505.56668;-2130.6821
2004-08-21;15.928599;-3.6553853;0.009641011;751.7199;1.2802919;184.43097;0.0;-7.3453654e-25;99.99998;-7.345365e-21;0.0008523463;-0.67573225;4.4703484e-05;0.47516823;0.47512352;0.0;0.0;6331.3496;7658.1084;-3411.3093;6292.32;-469.40887;-2339.4934
2004-08-22;16.026031;-3.577586;0.010172526;753.0642;1.122833;148.40936;0.0;-7.3453654e-25;99.99998;-7.345365e-21;0.00042617318;-0.6793905;1.4901161e-05;0.46753883;0.46752393;0.0;0.0;6299.408;7618.563;-3438.0505;6280.188;-471.95;-2244.179
2004-08-23;16.639425;-3.3988342;0.009709676;753.86914;1.1069787;139.97275;0.0;-7.3453654e-25;99.99998;-7.345365e-21;0.0021338456;-0.70101583;0.00010430813;0.46019256;0.4600957;0.0;0.0;6237.35;7542.613;-3351.7266;6478.5244;-486.97223;-2114.328
2004-08-24;17.114492;-2.3404236;0.0100911455;753.876;1.2318193;131.23082;0.0;-7.3453654e-25;99.99998;-7.345365e-21;0.002146854;-0.68657285;0.00011920929;0.4529357;0.4528314;0.0;0.0;6100.043;7375.597;-3200.2778;6700.6865;-476.9389;-2170.891
2004-08-25;17.439035;-0.4839376;0.009904225;753.1553;1.0531963;158.8277;0.0;-7.3453654e-25;99.99998;-7.345365e-21;0.3689766;-0.74737614;0.018060207;0.46384335;0.44576824;0.0;0.0;5767.17;6972.3267;-2993.88;6944.489;-519.1767;-2030.8567
2004-08-26;16.417318;-0.8117879;0.009937286;752.2895;1.1500912;111.05783;0.0;-7.3453654e-25;99.99998;-7.345365e-21;0.016894937;-0.7905904;0.0007003546;0.43959916;0.4388988;0.0;0.0;5647.0728;6826.2827;-2987.5002;6806.013;-549.19666;-1990.88
2004-08-27;16.696085;-1.8609823;0.010164897;752.61615;1.2192365;114.51455;0.0;-7.3453654e-25;99.99998;-7.345365e-21;0.0;-0.7131025;0.0;0.43219328;0.43217838;0.0;0.0;5859.9727;7082.815;-3119.9055;6680.1665;-495.3689;-2080.4377
2004-08-28;16.334188;-5.886129;0.009878795;753.6567;1.2719944;154.7628;0.0;-7.3453654e-25;99.99998;-7.345365e-21;0.0017106531;-0.6696051;8.940697e-05;0.42571127;0.42562187;0.0;0.0;6099.552;7371.463;-3426.8586;6278.8535;-465.15222;-2127.909
2004-08-29;16.749542;-5.054423;0.010138194;754.9416;1.1386662;163.61133;0.0;-7.3453654e-25;99.99998;-7.345365e-21;0.0008702277;-0.6667208;4.4703484e-05;0.41925907;0.41921437;0.0;0.0;5953.9614;7194.69;-3280.683;6507.832;-463.14777;-1963.5677
2004-08-30;17.213959;-4.3791504;0.010131836;754.2512;1.2831346;127.94418;0.0;-7.3453654e-25;99.99998;-7.345365e-21;0.0017166131;-0.65048224;8.940697e-05;0.4130304;0.41294098;0.0;0.0;5953.774;7193.598;-3327.2693;6481.717;-451.86777;-1997.0823
2004-08-31;16.878784;-5.820862;0.0099983215;753.2827;1.2958921;97.51716;0.0;-7.3453654e-25;99.99998;-7.345365e-21;0.0017084266;-0.6331131;8.195639e-05;0.4069209;0.4068315;0.0;0.0;5970.8794;7213.38;-3444.773;6278.162;-439.80334;-1998.6422
2004-09-01;16.51178;-7.230387;0.00975291;752.79346;1.2675453;91.80035;0.0;-7.3453654e-25;99.99998;-7.345365e-21;0.0;-0.62639827;0.0;0.40087104;0.40087104;0.0;0.0;5931.9653;7165.5005;-3466.3247;6194.4814;-435.1378;-1931.5789
2004-09-02;16.675577;-8.262288;0.009787242;753.0723;1.1735376;178.91298;0.0;-7.3453654e-25;99.99998;-7.345365e-21;0.0;-0.61383843;0.0;0.3950596;0.3950596;0.0;0.0;5968.775;7209.15;-3545.5405;6070.0835;-426.41333;-1833.9022
2004-09-03;15.894714;-3.8596497;0.009787242;754.7941;1.2196051;221.96458;0.0;-7.3453654e-25;99.99998;-7.345365e-21;0.0012967266;-0.5725082;5.9604645e-05;0.38945675;0.38938224;0.0;0.0;5787.621;6989.5166;-3196.1936;6375.472;-397.7022;-2059.91
2004-09-04;15.447876;-3.7767842;0.0098775225;754.2354;1.2229524;150.76248;0.0;-7.3453654e-25;99.99998;-7.345365e-21;0.00085234636;-0.57029724;2.9802322e-05;0.3838837;0.383839;0.0;0.0;5695.189;6877.037;-3150.9883;6401.358;-396.16556;-2041.8789
2004-09-05;15.8376665;-1.6361389;0.009685516;750.2644;1.8711;151.34193;0.0;-7.3453654e-25;99.99998;-7.345365e-21;0.62283874;-0.7620752;0.030398369;0.40891767;0.3785193;0.0;0.0;5042.783;6088.4995;-2632.318;6789.6523;-529.3889;-1804.831
2004-09-06;13.99352;1.2421468;0.010197957;751.9822;1.3782378;184.88116;0.0;-7.3453654e-25;99.99998;-7.345365e-21;0.06442964;-0.56795776;0.0031515956;0.37653744;0.3733933;0.0;0.0;5115.056;6175.0635;-2667.5508;6636.279;-394.5411;-2105.0732
2004-09-07;14.3099165;-3.255605;0.010447185;755.7104;1.3012209;218.6975;0.0;-7.3453654e-25;99.99998;-7.345365e-21;0.0;-0.6099716;0.0;0.3682971;0.3682822;0.0;0.0;5616.136;6779.173;-3118.1592;6176.048;-423.72778;-2070.0356
2004-09-08;15.924083;-1.9563904;0.0102335615;756.5842;1.2872449;169.69171;0.0;-7.3453654e-25;99.99998;-7.345365e-21;0.0008676652;-0.5907249;2.9802322e-05;0.3632903;0.3632605;0.0;0.0;5483.8457;6618.714;-2930.5647;6572.0713;-410.35666;-1870.2489
2004-09-09;17.855185;-1.836558;0.010153453;754.91986;1.5254322;193.72919;0.0;-7.3453654e-25;99.99998;-7.345365e-21;0.0;-0.5542282;0.0;0.35831332;0.35832822;0.0;0.0;5259.39;6347.0776;-2825.6316;6822.4277;-385.00446;-1823.3378
2004-09-10;15.895416;-2.646993;0.010262807;752.53345;1.5568738;224.96791;0.0;-7.3453654e-25;99.99998;-7.345365e-21;0.002145959;-0.51084906;0.00010430813;0.35361946;0.35353005;0.0;0.0;5419.1426;6539.044;-3019.3806;6404.472;-354.87;-2091.0078
2004-09-11;13.394704;-3.3621826;0.009788513;751.9213;1.2545918;151.09206;0.0;-7.3453654e-25;99.99998;-7.345365e-21;0.0004351138;-0.4967563;1.4901161e-05;0.34885108;0.34882873;0.0;0.0;5502.0312;6638.269;-3193.9739;6025.3613;-345.08;-1968.8334
2004-09-12;11.685608;-3.482198;0.0101458235;750.8667;1.2623919;119.52728;0.0;-7.3453654e-25;99.99998;-7.345365e-21;0.00085865345;-0.47315657;2.9802322e-05;0.34427643;0.34424663;0.0;0.0;5490.319;6623.1694;-3141.7905;5942.87;-328.68555;-2085.4556
2004-09-13;11.153096;-0.1080424;0.009867351;753.4611;1.3663573;68.05862;0.0;-7.3453654e-25;99.99998;-7.345365e-21;0.0018328428;-0.44589862;8.940697e-05;0.33986568;0.33977628;0.0;0.0;5129.3228;6186.7046;-2847.535;6259.4146;-309.7511;-2003.58
2004-09-14;11.655579;-3.4139557;0.010251363;755.0623;1.3068492;93.98989;0.0;-7.3453654e-25;99.99998;-7.345365e-21;0.00043511385;-0.4761722;1.4901161e-05;0.33541024;0.33539534;0.0;0.0;5358.7334;6463.016;-3125.0588;5939.066;-330.78;-1863.1925
2004-09-15;12.007111;-1.6674856;0.009902954;754.06305;1.2280971;56.239468;0.0;-7.3453654e-25;99.99998;-7.345365e-21;0.0012874597;-0.47648326;5.9604645e-05;0.3311485;0.33109635;0.0;0.0;5263.066;6346.883;-3038.744;6122.061;-330.99667;-1786.0823
2004-09-16;11.595073;-1.3908157;0.010041554;752.0342;1.343667;52.746105;0.0;-7.3453654e-25;99.99998;-7.345365e-21;0.0008583069;-0.44720247;4.4703484e-05;0.32693148;0.32687932;0.0;0.0;5117.6646;6166.1807;-2933.1794;6169.425;-310.65668;-1837.4767
2004-09-17;11.278026;-2.0435588;0.0100364685;751.8433;1.1006886;87.440956;0.0;-7.3453654e-25;99.99998;-7.345365e-21;0.20338033;-0.45393968;0.009506941;0.3323257;0.3227815;0.0;0.0;4710.2476;5670.298;-2617.1123;6438.762;-315.33667;-1763.6788
2004-09-18;11.26949;-4.3643594;0.010007222;754.5297;1.106594;96.039696;0.0;-7.3453654e-25;99.99998;-7.345365e-21;0.02502203;-0.51261204;0.0010579824;0.31983852;0.31879544;0.0;0.0;4870.4136;5857.947;-2816.6536;6219.2344;-356.09445;-1693.34
2004-09-19;10.69635;-0.24521892;0.009709676;756.52246;1.3022407;46.57547;0.0;-7.3453654e-25;99.99998;-7.345365e-21;0.30146837;-0.5028481;0.014156103;0.32901764;0.31487644;0.0;0.0;4808.727;5778.697;-2697.9893;6278.6924;-349.3111;-1763.5967
2004-09-20;11.647929;-1.4329733;0.010307312;757.2685;1.3301178;44.549152;0.0;-7.3453654e-25;99.99998;-7.345365e-21;0.0;-0.5505681;0.0;0.31104684;0.3110394;0.0;0.0;4986.6885;5987.456;-2865.3875;6175.3887;-382.46;-1678.0956
2004-09-21;12.285747;-4.50944;0.0100911455;756.413;1.1052173;74.71305;0.0;-7.3453654e-25;99.99998;-7.345365e-21;0.0;-0.52434766;0.0;0.30723214;0.3072396;0.0;0.0;5004.8384;6004.042;-2943.365;6146.2896;-364.24667;-1589.2511
2004-09-22;12.407135;-5.9965415;0.009970347;754.7554;1.1919162;149.38158;0.0;-7.3453654e-25;99.99998;-7.345365e-21;0.00042617318;-0.47953612;2.2351742e-05;0.30352175;0.3035143;0.0;0.0;5030.72;6029.783;-2989.8162;6055.56;-333.11777;-1705.5411
2004-09-23;12.341716;-6.6246543;0.009841919;755.1921;1.4051461;194.27887;0.0;-7.3453654e-25;99.99998;-7.345365e-21;0.0;-0.43025053;0.0;0.29987097;0.29987097;0.0;0.0;4978.221;5961.7266;-2900.0378;6032.4966;-298.8811;-1783.2722
2004-09-24;13.684712;-6.7624917;0.00999705;757.857;1.2023039;182.92558;0.0;-7.3453654e-25;99.99998;-7.345365e-21;0.00087022776;-0.44986326;4.4703484e-05;0.2963245;0.2963096;0.0;0.0;4909.96;5874.8574;-2902.2212;6168.564;-312.50555;-1597.24
2004-09-25;13.874064;-7.9054565;0.0099487305;759.1997;1.0631489;115.20928;0.0;-7.3453654e-25;99.99998;-7.345365e-21;0.0;-0.47947466;0.0;0.29277802;0.29278547;0.0;0.0;4966.3105;5937.15;-3058.7036;6121.3564;-333.07443;-1408.2378
2004-09-26;13.923015;-9.261922;0.010035197;759.27167;1.0836829;82.95766;0.0;-7.3453654e-25;99.99998;-7.345365e-21;0.0;-0.48100296;0.0;0.28932095;0.2893135;0.0;0.0;4937.1665;5897.19;-3097.7131;6124.221;-334.1378;-1363.47
2004-09-27;14.102803;-7.384257;0.009971619;759.6463;1.1839148;84.62724;0.0;-7.3453654e-25;99.99998;-7.345365e-21;0.0004351138;-0.46531764;1.4901161e-05;0.28592348;0.28590113;0.0;0.0;4857.253;5796.722;-2980.8567;6255.048;-323.24057;-1406.3234
2004-09-28;14.170949;-4.593333;0.010266622;758.5087;1.1356307;56.820454;0.0;-7.3453654e-25;99.99998;-7.345365e-21;0.0;-0.46489573;0.0;0.28255582;0.28255582;0.0;0.0;4789.238;5710.6143;-2924.0146;6383.3364;-322.94888;-1376.3445
2004-09-29;13.29839;-5.343099;0.009942372;758.31085;1.435937;38.915127;0.0;-7.3453654e-25;99.99998;-7.345365e-21;0.0;-0.43023938;0.0;0.27927756;0.27929246;0.0;0.0;4751.3267;5660.547;-2923.1748;6225.2505;-298.87332;-1511.0922
2004-09-30;13.87083;-6.7347817;0.009791057;758.42163;1.0360966;88.04702;0.0;-7.3453654e-25;99.99998;-7.345365e-21;0.0025818727;-0.44606254;0.00011920929;0.27620792;0.27608126;0.0;0.0;4766.7715;5674.028;-2988.6338;6189.3335;-309.86557;-1359.0044
2004-10-01;13.173909;-6.455027;0.009819031;757.5032;1.1687989;168.20284;0.0;-7.3453654e-25;99.99998;-7.345365e-21;0.0008574156;-0.41411632;4.4703484e-05;0.27297437;0.27294457;0.0;0.0;4723.1636;5617.262;-2961.6047;6080.6143;-287.67334;-1522.4678
2004-10-02;11.342255;-6.2598877;0.01007843;754.346;1.2870619;161.48506;0.0;-7.3453654e-25;99.99998;-7.345365e-21;0.0012904402;-0.37540868;5.9604645e-05;0.26993454;0.26987493;0.0;0.0;4677.0054;5557.579;-2876.962;5956.0967;-260.78333;-1645.7367
2004-10-03;9.958873;-3.900645;0.010103862;752.5151;1.4704905;232.51581;0.0;-7.3453654e-25;99.99998;-7.345365e-21;0.00087022776;-0.30584726;4.4703484e-05;0.2669692;0.26691705;0.0;0.0;4238.4844;5032.173;-2530.665;6066.2876;-212.4611;-1654.4467
2004-10-04;8.666443;-1.0533854;0.010116577;753.716;1.1634172;239.65308;0.0;-7.3453654e-25;99.99998;-7.345365e-21;0.10950863;-0.2933666;0.004991889;0.26905537;0.26407093;0.0;0.0;4060.5579;4816.807;-2405.04;6095.9062;-203.7911;-1621.0044
2004-10-05;9.931915;-4.010508;0.00978597;755.10565;1.058128;201.54237;0.0;-7.3453654e-25;99.99998;-7.345365e-21;0.00085890497;-0.37822872;4.4703484e-05;0.26129186;0.2612546;0.0;0.0;4587.353;5436.9824;-2847.446;5765.8755;-262.74335;-1549.0878
2004-10-06;9.682719;-4.7588806;0.010303497;757.373;0.98805374;127.63224;0.0;-7.3453654e-25;99.99998;-7.345365e-21;0.17759204;-0.37304777;0.008374453;0.2668202;0.25844574;0.0;0.0;4283.888;5072.956;-2582.5996;6106.281;-259.14444;-1319.2644
2004-10-07;10.179057;-2.7364705;0.009871165;757.92206;1.0869709;96.90276;0.0;-7.3453654e-25;99.99998;-7.345365e-21;0.4732132;-0.57985073;0.022053719;0.27775764;0.25571883;0.0;0.0;3994.796;4726.6094;-2298.613;6430.5645;-402.80334;-1311.9678
2004-10-08;10.234324;-1.9917501;0.009882609;756.63696;1.2289507;120.88387;0.0;-7.3453654e-25;99.99998;-7.345365e-21;0.28152764;-0.6204713;0.013202429;0.26623905;0.25303662;0.0;0.0;4078.6404;4821.708;-2280.0588;6488.547;-431.02112;-1368.9944
2004-10-09;9.640391;-0.9736226;0.010022481;754.61523;1.2988187;152.51903;0.0;-7.3453654e-25;99.99998;-7.345365e-21;0.89614093;-0.48249215;0.04352629;0.293985;0.25046617;0.0;0.0;2790.3105;3295.9531;-1882.2728;6567.03;-335.1711;-841.23114
2004-10-10;8.675435;-2.8971455;0.010054271;755.4913;1.1196562;243.50945;0.0;-7.3453654e-25;99.99998;-7.345365e-21;0.0008583069;-0.55067986;4.4703484e-05;0.24800003;0.24795532;0.0;0.0;4252.0044;5018.0854;-2693.271;5674.378;-382.53888;-1387.3467
2004-10-11;9.196309;-9.007833;0.0098393755;757.08276;1.0780821;219.59224;0.0;-7.3453654e-25;99.99998;-7.345365e-21;0.0;-0.5403645;0.0;0.24542212;0.24542212;0.0;0.0;4448.5386;5245.4473;-2936.4463;5416.09;-375.37332;-1220.9889
2004-10-12;9.929993;-5.1106567;0.009984334;756.5368;1.1169963;265.23254;0.0;-7.3453654e-25;99.99998;-7.345365e-21;0.26362982;-0.48843026;0.01244247;0.2553761;0.24291873;0.0;0.0;3998.6172;4711.0093;-2235.6929;6392.6523;-339.29666;-1238.6722
2004-10-13;5.2070107;2.1592205;0.00987498;755.27905;0.816868;81.59173;0.0;-7.3453654e-25;99.99998;-7.345365e-21;10.358756;-0.80647135;0.6225109;0.86311996;0.24062395;0.0;0.0;1296.1906;1525.8434;-956.0661;6938.4805;-560.2278;-235.35889
2004-10-14;6.9180603;1.8775533;0.010100047;756.7468;0.8731139;136.29387;0.0;-7.3453654e-25;99.99998;-7.345365e-21;1.2367964;-1.4233822;0.06735325;0.30577183;0.23841113;0.0;0.0;3338.3284;3926.055;-1640.9573;6608.4434;-988.7744;-882.51666
2004-10-15;7.2356567;0.46980795;0.0099652605;757.7415;0.94298244;249.8584;0.0;-7.3453654e-25;99.99998;-7.345365e-21;0.0032633543;-1.3187574;0.00014901161;0.23628771;0.2361238;0.0;0.0;3746.345;4402.293;-2055.1443;6199.8257;-916.0967;-968.61
2004-10-16;7.0534463;-1.7366232;0.009878795;757.23846;0.993241;98.790565;0.0;-7.3453654e-25;99.99998;-7.345365e-21;0.02825856;-1.2670289;0.001475215;0.23531914;0.23384392;0.0;0.0;4026.7017;4730.363;-2235.574;5969.1416;-880.1633;-958.10443
2004-10-17;7.349355;-1.8409119;0.01012675;757.6873;0.9502113;115.28402;0.0;-7.3453654e-25;99.99998;-7.345365e-21;0.3262341;-1.1746063;0.016137958;0.2477318;0.23159385;0.0;0.0;3846.0127;4516.662;-2232.195;5997.0845;-815.96;-931.36444
2004-10-18;7.209432;-2.2412007;0.009979248;758.5073;0.88411385;83.06568;0.0;-7.3453654e-25;99.99998;-7.345365e-21;0.04221411;-1.0822434;0.0018775463;0.23126602;0.22936612;0.0;0.0;3728.2422;4377.0366;-2239.9343;5985.73;-751.7978;-826.6422
2004-10-19;7.767527;-4.0476785;0.010044098;757.69806;0.86142284;75.555504;0.0;-7.3453654e-25;99.99998;-7.345365e-21;0.0004351138;-1.0960549;1.4901161e-05;0.2271831;0.2271682;0.0;0.0;3999.91;4694.5024;-2422.7522;5844.3223;-761.3933;-867.2367
2004-10-20;7.685669;-3.5836995;0.010136922;753.55084;1.0332468;168.81311;0.0;-7.3453654e-25;99.99998;-7.345365e-21;0.0008621376;-0.94953275;4.4703484e-05;0.22505224;0.22499263;0.0;0.0;3793.485;4450.8433;-2328.1477;5876.418;-659.6089;-923.3922
2004-10-21;4.7735596;-0.5236308;0.009920756;749.54297;1.1671714;204.16168;0.0;-7.3453654e-25;99.99998;-7.345365e-21;6.681779;-0.8211704;0.40582567;0.6287843;0.22295117;0.0;0.0;2589.4956;3037.5388;-1372.9412;6524.987;-570.44;-852.00775
2004-10-22;4.77595;-0.47801718;0.009969075;750.8597;1.0330583;175.53539;0.0;-7.3453654e-25;99.99998;-7.345365e-21;0.5684117;-1.1564717;0.038161874;0.2591461;0.22098422;0.0;0.0;2921.939;3426.0444;-1447.6716;6589.1045;-803.36224;-771.57
2004-10-23;4.876587;-1.3990988;0.010008494;755.1885;0.81586915;138.78734;0.0;-7.3453654e-25;99.99998;-7.345365e-21;0.01603663;-1.1329567;0.00071525574;0.21971762;0.21898746;0.0;0.0;3598.785;4218.3457;-2137.005;5911.5923;-787.0278;-1008.4689
2004-10-24;5.281311;-7.1654983;0.009969075;757.20795;0.91390175;185.71208;0.0;-7.3453654e-25;99.99998;-7.345365e-21;0.0008583069;-1.0651369;4.4703484e-05;0.21703541;0.21699816;0.0;0.0;3892.1323;4560.9;-2534.1868;5255.55;-739.9155;-734.48444
2004-10-25;5.4229226;-4.607618;0.010093689;757.41376;1.04398;169.36598;0.0;-7.3453654e-25;99.99998;-7.345365e-21;0.0004351138;-0.940227;2.9802322e-05;0.21505356;0.21503866;0.0;0.0;3575.7512;4188.8154;-2171.1272;5716.5176;-653.1445;-808.2889
2004-10-26;5.7039185;-3.7007446;0.010009766;758.7944;0.98112935;84.93053;0.0;-7.3453654e-25;99.99998;-7.345365e-21;0.0008523463;-0.91658163;4.4703484e-05;0.21314621;0.2131015;0.0;0.0;3773.7634;4419.4033;-2352.105;5588.2993;-636.7183;-748.26776
2004-10-27;6.113363;-5.928762;0.010161082;759.0395;0.8958971;94.141914;0.0;-7.3453654e-25;99.99998;-7.345365e-21;0.0;-0.9178724;0.0;0.21117926;0.21117926;0.0;0.0;3746.5562;4386.1855;-2409.6223;5580.45;-637.61554;-674.79553
2004-10-28;5.4082437;-3.2303975;0.009913127;756.8464;1.0853492;106.91338;0.0;-7.3453654e-25;99.99998;-7.345365e-21;0.6109536;-0.8507194;0.030055642;0.23934245;0.20930171;0.0;0.0;3333.736;3901.7534;-2036.2922;5950.427;-590.9661;-651.44775
2004-10-29;5.769694;-2.369629;0.009897868;755.478;0.91514826;165.23244;0.0;-7.3453654e-25;99.99998;-7.345365e-21;1.1321753;-0.7559173;0.060021877;0.26747584;0.20746887;0.0;0.0;3209.159;3754.7534;-1825.7333;6215.8735;-525.11;-723.8
2004-10-30;4.3058066;0.42697144;0.010035197;755.30475;1.0291785;122.59719;0.0;-7.3453654e-25;99.99998;-7.345365e-21;6.612142;-0.83808416;0.41615963;0.62189996;0.20572543;0.0;0.0;1691.8162;1979.2023;-872.26056;7013.1543;-582.1889;-460.74
2004-10-31;2.8330688;0.9855652;0.0100034075;755.43774;0.846438;63.392044;0.0;-7.3453654e-25;99.99998;-7.345365e-21;3.948146;-0.7282924;0.25469065;0.45877695;0.2040863;0.0;0.0;1434.8606;1677.8389;-998.0861;6659.6177;-505.9211;-286.43445
2004-11-01;2.9913838;0.07764689;0.010007222;755.47736;0.98462397;103.5366;0.0;-7.3453654e-25;99.99998;-7.345365e-21;1.4268249;-1.0763668;0.08942187;0.29185414;0.20243973;0.0;0.0;2760.1067;3226.2944;-1460.7417;6367.4346;-747.7156;-745.39886
2004-11-02;2.527171;0.2983602;-1.8126844;754.1306;0.8674659;69.51521;0.0038248699;3.1789145e-07;119.22101;-7.345365e-21;2.567011;-0.9369068;0.15835464;0.35911798;0.20079315;0.00019744039;0.000603497;2440.6538;2852.0344;-1141.405;6657.371;-650.83777;-685.73334
2004-11-03;3.0779114;0.97144574;-1.4580103;752.7979;0.76980716;150.27419;0.0043945312;1.5894572e-07;143.43553;-7.345365e-21;2.9277146;-1.1129379;0.19316375;0.39231777;0.19916892;0.00032037497;0.00040978193;2562.4106;2993.162;-1093.175;6771.0767;-773.1211;-721.86
2004-11-04;3.282359;2.1803691;-0.49262872;753.34235;0.8710709;225.75151;0.0026041667;-7.3453654e-25;150.53123;-7.345365e-21;3.4434319;-0.9157825;0.21587312;0.41347742;0.1976043;0.00021606684;0.0;1769.9578;2067.1812;-701.69055;7154.0864;-636.1633;-585.02
2004-11-05;2.0647175;0.02207438;-1.9118704;753.5327;0.8782606;158.62376;0.037923176;5.920728e-06;148.45018;-7.345365e-21;1.6880184;-1.2346245;0.098749995;0.29480457;0.19606948;0.0029932708;0.00795722;2614.946;3053.3667;-1253.3672;6506.7437;-857.6544;-793.2033
2004-11-06;2.0562847;-4.313263;-6.0882874;752.92206;0.76723075;169.2394;0.030354818;4.529953e-06;150.58983;-7.345365e-21;0.018969094;-1.050924;0.0011324883;0.19565225;0.19451976;0.0017024577;7.4505806e-05;3224.2634;3763.5955;-2101.5662;5473.8535;-730.04443;-666.7389
2004-11-07;3.427765;-0.43181357;-3.5492694;752.80005;0.8066564;94.21747;0.01969401;2.7020772e-06;150.71092;-7.345365e-21;0.6065643;-0.8807946;0.034734607;0.22768974;0.19296259;0.0016503036;0.0;2667.1277;3112.0955;-1436.5266;6309.3936;-611.8578;-623.3122
2004-11-08;3.6731567;1.8749288;-0.6323611;753.344;0.5148113;88.93932;0.012207031;2.0662944e-06;150.71092;-7.345365e-21;4.3957787;-0.75314844;0.31466782;0.50616264;0.19148737;0.0010058284;0.0;1442.664;1682.8445;-671.13947;7131.0693;-523.1861;-330.23666
2004-11-09;2.568929;1.0883484;-1.6418724;752.7214;0.8055597;124.91644;0.007405599;1.1920929e-06;150.71092;-7.345365e-21;3.0644655;-0.833815;0.2181828;0.4082322;0.19004196;0.00057928264;0.0;1828.3817;2132.0234;-958.04724;6766.003;-579.2228;-463.91556
2004-11-10;1.8607178;0.14065552;-2.5343044;752.49554;0.8961106;125.73362;0.039469402;5.8809915e-06;141.34373;-7.345365e-21;3.349471;-1.0518879;0.24434924;0.43296814;0.1886189;0.0054575503;0.010192394;2322.8062;2708.4355;-1152.9989;6532.8345;-730.7111;-635.10223
2004-11-11;1.6764425;-0.88186646;-4.4437866;754.3311;0.8735015;79.73817;0.029215494;3.9339066e-06;150.60187;-7.345365e-21;1.6891241;-1.057255;0.12020767;0.30741096;0.18719584;0.0030212104;0.00045448542;2588.3484;3016.6067;-1523.7272;6079.188;-734.44;-674.41223
2004-11-12;1.7367758;-3.2212932;-6.681166;755.6629;0.9539147;74.28136;0.01578776;2.2649765e-06;150.88475;-7.345365e-21;0.063798286;-0.9461949;0.00423193;0.1900047;0.18577278;0.0015497208;0.00010803342;2826.5134;3292.8333;-1830.1161;5659.641;-657.29114;-506.75665
2004-11-13;1.5866495;-3.918579;-6.4716325;754.9622;0.7940204;69.506645;0.010498047;1.3907751e-06;149.9339;-7.345365e-21;0.0048816204;-0.81402993;0.00037252903;0.1847148;0.18434972;0.0011213124;0.0006891787;2572.359;2995.8179;-1667.6244;5796.492;-565.4805;-535.29333
2004-11-14;1.9582621;-4.163564;-7.883756;755.32245;0.7698408;136.71028;0.0057779946;9.536743e-07;151.35155;-7.345365e-21;0.0;-0.80257285;5.2154064e-05;0.18301606;0.18295646;0.0006277114;0.0;3072.0994;3576.69;-2110.7441;5298.2354;-557.5211;-470.02667
2004-11-15;2.221283;-3.030365;-8.162454;754.44415;0.80704594;163.56233;0.0029296875;3.973643e-07;151.35155;-7.345365e-21;0.0;-0.71212184;2.9802322e-05;0.18161535;0.18158555;0.00033713877;0.0;3145.7078;3661.119;-2227.8306;5151.2476;-494.68777;-445.94556
2004-11-16;1.4620056;-1.8493856;-3.5546036;750.63556;0.91448337;214.74054;5.0180664;0.0008538167;145.47491;5.9407554;6.530541;-0.6207526;0.068575144;0.24881959;0.180237;0.00016950071;5.3539762;2428.7634;2826.56;-1202.8567;6302.76;-431.1889;-475.7
2004-11-17;-0.6830546;-0.87253827;-0.2596232;744.89276;0.6870897;196.67578;82.49984;0.013873617;133.29588;99.487305;32.651505;-0.18162467;0.9454265;1.124382;0.17896295;2.0311587;23.828909;470.64944;1189.0667;-43.745556;7238.029;-131.96666;-178.50778
2004-11-18;-2.1433868;-4.2252173;-2.0555623;745.3238;0.83616275;120.923096;100.0;0.03186639;150.24965;212.1989;2.895105;-0.18079765;0.08395314;0.2616495;0.1776889;0.25365317;1.9961894;779.0539;2928.1633;-936.20166;5983.052;-137.14223;-130.59889
2004-11-19;-4.154143;-7.132089;-8.606884;749.5459;0.9861037;58.979813;100.0;0.031920988;155.74054;204.99675;0.0009566545;-0.054698437;0.013291836;0.18973649;0.1764372;0.14624186;0.00053457916;1041.595;3580.9766;-1403.0778;4829.8184;-37.99;-50.102222
2004-11-20;-5.2555847;-7.205892;-5.3609033;749.5984;1.0572939;144.8444;100.0;0.03177619;158.32843;200.72429;0.35895705;-0.13512745;0.021249056;0.19645691;0.17520785;0.22217631;0.3304109;801.94946;2592.26;-623.0172;5953.892;-102.583336;-78.062225
2004-11-21;-2.261383;-3.3522632;-1.406161;749.466;1.1257892;240.05768;99.98185;0.032747906;162.21971;201.29395;4.014468;-0.22709928;0.032916665;0.20693243;0.17400831;0.30534714;3.8297548;740.8722;2240.0457;-402.53946;6673.1655;-175.16444;-161.57333
2004-11-22;-3.2085762;-3.5537224;-0.8142662;742.5839;1.1670617;187.90517;100.0;0.05436297;152.08656;353.67838;47.4672;-0.2149744;0.03385544;0.2066791;0.17282367;0.004157424;45.885414;203.65555;723.73553;-91.48556;6960.2266;-168.35777;-214.00778
2004-11-23;-7.632403;-9.096549;-4.3529944;738.7337;1.2108376;190.88078;100.0;0.09337485;150.19301;619.7917;13.805866;-0.24389195;0.0;0.17166138;0.17167628;0.0;13.749093;398.53055;1656.3256;-502.075;6105.16;-189.99333;-245.72
2004-11-24;-9.72153;-11.378609;-9.432418;746.7295;0.91696316;237.81975;100.0;0.09851118;152.791;644.8161;0.9588897;-0.061901286;0.0;0.17052889;0.17052144;0.0;0.9537451;673.9028;2810.6045;-840.6939;5330.037;-46.05611;-110.33
2004-11-25;-9.630979;-14.753639;-13.582596;747.75226;0.81455475;182.79144;100.0;0.098863006;156.47133;632.3242;0.02451539;-0.033685006;0.0;0.1693964;0.1693964;0.0;0.022802502;846.3289;3442.7744;-1109.5555;4646.4556;-23.077778;-47.224445
2004-11-26;-7.9376626;-10.636291;-11.791501;743.0417;0.6391162;187.60608;100.0;0.10605355;152.56508;692.8304;24.899315;0.005381182;0.0;0.16829371;0.16827881;0.0;24.889606;297.79666;1183.0889;112.488335;6317.75;4.867778;-15.66
2004-11-27;-9.851315;-12.108612;-10.0974655;742.1839;0.9186694;92.42142;100.0;0.13163002;150.20604;875.97656;8.759242;-0.045788474;0.0;0.16719103;0.16719103;0.0;8.718051;564.1411;2449.5745;-1034.045;5019.242;-33.746666;-74.977776
2004-11-28;-11.466245;-15.5304;-16.942888;750.9733;1.0340804;45.274273;100.0;0.13362181;155.5895;859.0088;0.0026106834;0.001501292;0.0;0.16610324;0.16610324;0.0;0.0013187528;797.6228;3377.8088;-1256.0823;4144.483;3.6211112;12.088889
2004-11-29;-10.67167;-17.598455;-19.902132;752.4954;1.1341382;30.271532;100.0;0.1336499;158.74379;841.91895;0.00085532654;0.000230968;0.0;0.16504526;0.16503036;0.0;0.0;831.5739;3426.391;-1130.6923;4110.4526;2.4444444;74.37444
2004-11-30;-11.456337;-19.692942;-21.285305;751.67426;1.3600965;22.033293;100.0;0.13367863;161.34242;828.6133;0.0017195939;0.00041909516;0.0;0.16398728;0.16398728;0.0;0.0;859.9044;3450.29;-1131.3245;4013.0808;2.5444446;108.71555
2004-12-01;-9.672619;-19.281797;-20.947664;748.05817;1.0263168;141.24135;100.0;0.13370001;163.75258;816.77246;0.0010311604;-0.0047562644;0.0;0.1629591;0.1629442;0.0;0.00016763806;838.3994;3277.81;-951.69556;4282.134;-1.5811111;93.513336
2004-12-02;-12.920746;-18.968962;-21.09216;751.30634;1.4858364;8.438352;100.0;0.13372941;166.16893;805.25714;0.00386992;0.008057803;0.0;0.16194582;0.16193092;0.0;0.0017359853;859.1111;3274.3333;-1131.3489;4030.561;8.206667;78.18889
2004-12-03;-10.396747;-18.30762;-20.909775;755.584;1.474409;22.134329;100.0;0.1337595;168.46417;794.67773;0.0004351138;0.008108094;0.0;0.16093254;0.16092509;0.0;0.0;874.33167;3251.5044;-1033.0511;4200.6064;8.394444;133.63333
2004-12-04;-8.120814;-18.904755;-19.69863;754.71045;1.3139011;34.41865;100.0;0.13378692;170.86034;783.77277;0.0017202711;-0.0063069165;0.0;0.15994906;0.15992671;0.0;0.0;915.18835;3322.7734;-1041.1156;4305.2505;-2.5055556;130.26111
2004-12-05;-6.900537;-18.17759;-17.665781;752.4731;0.83633906;153.87837;100.0;0.13382392;173.44237;772.33887;0.15576184;-0.0252584;0.0;0.15895069;0.15894324;0.0;0.15404448;916.22614;3249.0833;-663.9511;4940.351;-17.123333;61.692223
2004-12-06;-6.7329497;-11.062607;-12.729408;752.1351;0.85649604;44.38095;100.0;0.13407631;176.69627;759.68427;0.11113133;0.00335183;0.0;0.15798211;0.15797466;0.0;0.10875054;638.01447;2229.9866;-655.5733;5353.951;4.4155555;10.398889
2004-12-07;-7.864853;-10.075314;-11.241921;750.77374;0.692559;187.22942;100.0;0.13434164;180.46222;744.91376;0.895381;-0.0067278743;0.0;0.15702844;0.15702099;0.0;0.8895993;652.8011;2228.6033;-339.12946;5871.2344;-3.3955555;-40.06
2004-12-08;-6.390209;-8.946084;-8.685631;750.31665;0.8729792;62.547455;100.0;0.13544242;183.81444;737.42676;0.3838122;-0.02861768;0.0;0.15607476;0.15608221;0.0;0.37966296;680.02386;2339.2866;-934.9839;5353.0566;-19.823334;-28.507778
2004-12-09;-8.949074;-14.028577;-12.999148;746.76874;0.9731981;167.42145;100.0;0.13550842;187.9951;721.639;0.0031024218;-0.031090342;0.0;0.15515089;0.15514344;0.0;0.0022500753;934.4972;3140.7534;-1300.25;4476.508;-21.509445;-28.92
2004-12-10;-8.508648;-10.137052;-14.211688;746.7322;0.62113625;218.36876;100.0;0.13574994;190.71906;712.1989;0.5055797;0.031245872;0.0;0.15422702;0.15422702;0.0;0.50376356;541.73944;1785.22;-410.8928;5454.4165;25.01111;10.301111
2004-12-11;-9.863887;-12.336753;-11.608052;746.0837;0.7074612;217.8761;100.0;0.13636525;192.77797;707.1126;2.0576298;-0.034354627;0.0;0.15331805;0.1533255;0.0;2.0503178;877.895;2860.7688;-751.42334;5320.105;-24.47;-75.73556
2004-12-12;-8.921506;-11.78329;-10.542296;745.0158;0.7422381;85.259605;100.0;0.14031462;187.14484;749.5524;1.7822087;-0.031325966;0.0;0.15242398;0.15243143;0.0;1.779057;709.145;2512.7656;-971.3311;5128.859;-22.311111;-50.23111
2004-12-13;-11.674225;-19.038116;-16.028967;745.6162;0.9149995;152.07474;100.0;0.14050086;190.29718;738.9323;0.0014930964;-0.026573427;0.0;0.15154481;0.15154481;0.0;0.0006444752;915.81165;3165.9856;-1485.8127;3943.5464;-18.278334;7.6055555
2004-12-14;-11.950996;-15.833644;-18.07857;744.1611;0.75234723;280.84726;100.0;0.14056222;192.50941;730.30597;0.4864633;0.010460615;0.0;0.15066564;0.15067309;0.0;0.4762821;809.39777;2736.7734;-784.46;4679.6157;9.411111;2.2744443
2004-12-15;-12.029447;-13.947759;-14.247655;740.6275;0.69367975;185.41791;100.0;0.14363723;184.93813;775.79755;3.9005542;-0.024007633;0.0;0.14981627;0.14980882;0.0;3.8917363;694.60944;2444.1477;-459.68277;5460.073;-17.286112;-77.12334
2004-12-16;-14.086605;-16.562439;-14.194031;740.69147;0.80002207;60.982777;100.0;0.14811786;176.1992;839.88446;4.288423;-0.023896806;0.0;0.14896691;0.14896691;0.0;4.2775273;450.05222;1685.8066;-755.9644;4978.382;-17.857779;-52.147778
2004-12-17;-17.342163;-22.50976;-20.173069;745.4025;1.4203486;15.014909;100.0;0.14962806;175.70482;851.73236;0.010061264;-0.008731149;0.0;0.14811754;0.148125;0.0;0.009581447;850.2772;3176.2512;-1558.575;3481.137;-5.133333;16.15889
2004-12-18;-14.5714445;-23.949183;-23.855896;750.2441;1.3171227;9.061532;100.0;0.14964171;177.73045;842.28516;0.0017225741;-0.005015172;0.0;0.14729798;0.14729798;0.0;0.0;884.24054;3222.1323;-1086.2234;3841.1406;-2.28;105.94334
2004-12-19;-9.851798;-19.80755;-19.884483;747.2002;0.7795379;330.23163;100.0;0.14970064;179.7412;833.1299;0.110289454;-0.014359131;0.0;0.14647841;0.14647841;0.0;0.10339171;757.62;2699.2156;-543.6067;4924.6567;-9.394444;42.724445
2004-12-20;-12.556122;-16.057486;-18.065802;744.7951;1.0539042;61.457485;100.0;0.14978456;182.28807;821.696;0.007456449;0.009082258;0.0;0.14567375;0.1456663;0.0;0.005815178;841.1389;2931.1934;-931.69775;4540.0547;8.783334;9.1044445
2004-12-21;-11.551412;-14.646304;-17.664354;745.68536;1.1945292;46.86049;100.0;0.14982188;185.00746;810.50616;0.0036150212;0.018240884;0.0;0.14486909;0.14487654;0.0;0.0014714897;862.03;2936.3755;-936.9011;4574.1943;15.910556;21.12889
2004-12-22;-11.667523;-15.478287;-17.299322;746.7869;1.2310588;16.848846;100.0;0.1498584;187.74901;799.03156;0.003144144;0.012474135;0.0;0.14407933;0.14407933;0.0;0.0009909272;918.24164;3060.831;-1088.72;4424.667;11.638889;33.876667
2004-12-23;-10.348545;-14.483967;-17.131199;745.7276;0.98365885;212.31694;100.0;0.14989376;190.43748;787.96387;0.0021326477;0.008467585;0.0;0.14328957;0.14329702;0.0;0.00043213367;885.7722;2889.8923;-992.7033;4552.0684;8.51;31.284445
2004-12-24;-8.643027;-12.278844;-15.652621;745.17456;0.8643706;67.78484;100.0;0.14995258;193.13702;777.0589;0.45324862;0.013563782;0.0;0.1425147;0.14252216;0.0;0.4435256;846.88165;2706.2322;-672.99835;5091.5854;12.168889;14.294444
2004-12-25;-6.807518;-10.1391535;-11.925298;745.0307;1.2430396;22.01258;100.0;0.15211582;192.7871;789.1846;1.5779669;0.004665926;0.0;0.14175475;0.1417622;0.0;1.5735179;782.7278;2602.088;-637.3461;5479.072;5.8155556;7.1555557
2004-12-26;-7.09213;-11.041565;-11.0402975;750.19977;1.6995517;18.779736;100.0;0.15268612;196.22719;778.72723;0.16704202;-0.03063213;0.0;0.14100969;0.14100224;0.0;0.15912205;845.8439;2783.0034;-1141.2822;4917.7896;-21.35;36.883335
2004-12-27;-8.01946;-15.4991455;-14.44725;754.4505;1.7174639;6.9334197;100.0;0.15272534;199.735;765.38086;0.0004351138;-0.010157004;0.0;0.14024973;0.14024973;0.0;0.0;992.74554;3193.9443;-1454.1061;4202.442;-5.0933332;105.208885
2004-12-28;-7.7485566;-18.011673;-15.82446;753.94196;1.6245724;8.769;100.0;0.15273802;202.4785;754.80145;0.0012835353;-0.024840236;0.0;0.13950467;0.13951212;0.0;0.0;1009.1939;3179.63;-1285.9344;4334.332;-16.564444;117.52778
2004-12-29;-7.31662;-16.396435;-16.13449;754.15985;1.4692627;107.40232;100.0;0.15275507;204.96417;745.6462;0.0017195934;-0.008050352;0.0;0.13877451;0.13878196;0.0;0.0;1046.9728;3231.771;-1158.7766;4474.717;-3.7655556;106.725555
2004-12-30;-2.2916565;-12.356891;-12.335238;755.91943;0.9838117;203.3835;100.0;0.15297818;207.79784;736.4095;0.23585008;-0.025318004;0.0;0.13804436;0.13805181;0.0;0.0;986.32446;2985.439;-900.2928;5192.7163;-16.85111;71.60333
2004-12-31;-2.1997883;-13.613595;-11.916454;755.2403;0.9290884;193.29053;100.0;0.15301351;211.03612;725.42316;0.0012666069;-0.031711534;0.0;0.1373291;0.1373291;0.0;0.0;1071.4133;3178.9055;-1234.6361;4774.719;-21.645555;78.02333
2005-01-01;-2.1271565;-13.862663;-11.962716;753.20483;0.82927275;258.1218;100.0;0.15302062;214.11586;715.5762;0.009942055;-0.034552068;0.0;0.13661385;0.1366213;0.0;0.008665025;1110.4922;3231.9722;-1054.0978;4980.9224;-23.864445;60.764446
2005-01-02;-2.7994282;-13.028911;-8.015083;745.6988;0.51458704;246.42375;100.0;0.1535093;216.86098;708.0078;3.1583328;-0.084504485;0.0;0.13591349;0.13592094;0.0;3.1308384;742.56555;2124.7844;-402.4539;6168.9155;-63.495556;-9.413333
2005-01-03;-6.1727233;-7.0699897;-5.889014;739.7522;0.67896867;199.87917;100.0;0.16506588;202.57127;813.5173;11.804977;-0.04024245;0.0;0.13522804;0.13522804;0.0;11.794147;255.065;950.0011;-112.83722;6551.487;-30.88889;-72.912224
2005-01-04;-7.127294;-8.348832;-5.9368377;747.1385;1.1176058;203.77986;100.0;0.17064185;201.57745;846.96454;3.0977638;-0.10215677;0.0;0.13455749;0.13455003;0.0;3.0658915;594.3883;2331.1777;-524.255;6045.9556;-77.94222;-151.41112
2005-01-05;-6.5017014;-7.273379;-5.8972664;743.95557;0.7560916;183.9389;100.0;0.18315506;193.45343;945.4753;26.256796;-0.06895512;0.0;0.13387948;0.13387948;0.0;26.248653;275.67667;1116.5667;-36.47222;6635.13;-53.307777;-130.11778
2005-01-06;-5.79511;-7.4619813;-5.549867;743.6863;0.57693124;124.90264;100.0;0.20144503;183.77472;1097.2494;2.8719108;-0.061020255;0.0;0.13320148;0.13320893;0.0;2.7825906;524.2917;2259.4478;-552.36053;6064.3823;-45.353333;-95.24778
2005-01-07;-7.281092;-9.14931;-7.348572;749.36475;0.65036434;119.39911;100.0;0.20267801;191.46971;1060.018;0.5967021;-0.04579313;0.0;0.13254583;0.13254583;0.0;0.5872324;588.4144;2472.7644;-733.24664;5632.6973;-33.421112;-77.11444
2005-01-08;-8.221573;-10.6277075;-8.695264;751.60645;0.8784755;45.600697;100.0;0.20330119;197.76886;1029.0934;0.43966174;-0.025685877;0.0;0.13189018;0.13189018;0.0;0.42978674;644.00836;2644.3254;-893.38666;5338.282;-17.465555;-69.45
2005-01-09;-11.154793;-15.995338;-12.139068;751.43774;1.4263235;13.610634;100.0;0.20340896;203.18227;1001.9124;0.008245362;-0.064836815;0.0;0.13123453;0.13123453;0.0;0.0065267086;806.7083;3230.331;-1330.8556;4440.45;-47.99111;-89.73556
2005-01-10;-11.427803;-19.780598;-16.981096;744.8206;1.3018605;7.284804;100.0;0.20341404;206.81476;984.5784;0.016885996;-0.021783635;0.0;0.13059378;0.13059378;0.0;0.015959144;908.1789;3544.8188;-1324.3855;4044.8203;-14.286667;52.167778
2005-01-11;-12.788369;-20.27957;-17.349592;745.71954;1.5639063;11.860779;100.0;0.20422065;207.5768;984.5378;0.7583648;-0.03496278;0.0;0.12995303;0.12995303;0.0;0.75535476;895.7695;3450.1445;-1258.8772;4183.528;-24.651667;27.94
2005-01-12;-10.200279;-17.931376;-19.107544;750.5241;1.3103411;72.899086;100.0;0.20429786;209.96385;974.0804;0.0012831469;-0.0012824312;0.0;0.12934208;0.12932718;0.0;0.0;927.3428;3479.47;-1129.7728;4208.936;1.3555555;75.91111
2005-01-13;-10.521075;-17.904408;-19.686323;751.1057;1.3098358;20.42351;100.0;0.20432997;212.28676;963.62305;0.0017234224;0.006131828;0.0;0.12870133;0.12870878;0.0;0.0;984.24835;3604.7922;-1370.6317;3864.8687;7.0733333;100.11444
2005-01-14;-9.895879;-20.590403;-20.88547;749.2087;1.1661626;123.31467;100.0;0.20435445;214.36815;954.26434;0.00084638596;-0.008221716;0.0;0.12809038;0.12809038;0.0;0.0;1022.5461;3657.0422;-1410.0745;3726.5625;-4.13;117.513336
2005-01-15;-10.833655;-21.8332;-21.478579;747.06635;1.11744;58.69521;100.0;0.2043705;216.22687;946.24835;0.0017181756;-0.0140648335;0.0;0.12747943;0.12747943;0.0;0.0;1020.6039;3565.7378;-1082.0074;4102.8643;-8.786667;87.55556
2005-01-16;-9.767783;-18.688955;-19.556843;748.6119;1.0237743;53.86604;100.0;0.20438366;218.18324;937.9069;0.0008523463;-0.010107644;0.0;0.12689829;0.12687594;0.0;0.0;1018.78613;3480.8145;-1038.873;4342.468;-5.4844446;60.015556
2005-01-17;-9.370778;-15.573888;-18.163553;748.23364;0.99065846;33.201508;100.0;0.20441099;220.34242;928.91437;0.021916628;0.0022128224;0.0;0.12627244;0.12627989;0.0;0.016853213;1040.1034;3474.2844;-970.8686;4549.901;4.08;38.328888
2005-01-18;-9.179169;-12.504218;-15.662303;742.4602;1.0970432;35.41078;100.0;0.20729125;218.6764;947.2249;10.791678;0.01035817;0.0;0.1256764;0.1256913;0.0;10.784976;847.9756;2783.969;-435.965;5440.1235;9.906667;3.7677777
2005-01-19;-9.193215;-11.96062;-12.140499;740.5825;0.6383475;164.76314;100.0;0.22138293;200.93;1101.1556;7.185727;-0.01656264;0.0;0.12511015;0.1251027;0.0;7.1818233;676.2161;2767.9045;-363.93085;5759.333;-10.943334;-81.82
2005-01-20;-8.937199;-10.597642;-10.341042;746.7886;0.644073;220.50409;100.0;0.22356288;203.23143;1101.4404;0.5199969;-0.031190924;0.0;0.12452155;0.12452155;0.0;0.5173348;724.74;2937.912;-703.87335;5470.71;-21.751112;-103.85445
2005-01-21;-9.244369;-12.081421;-11.545411;750.249;0.8696623;126.00775;100.0;0.22389407;208.14581;1076.8636;0.08126554;-0.019974075;0.0;0.12394786;0.12394786;0.0;0.07714331;851.61725;3376.338;-1174.544;4748.82;-12.84;-73.91111
2005-01-22;-9.049169;-12.6331835;-13.2291155;741.2248;0.88095623;47.287464;100.0;0.22858131;206.45604;1106.1198;15.529603;0.00282377;0.0;0.123381615;0.123381615;0.0;15.527025;435.26166;1690.3055;-188.47362;5802.1143;3.1788888;1.35
2005-01-23;-8.195434;-10.026512;-10.368893;738.4559;0.9739104;218.65788;100.0;0.24134152;196.49445;1228.2715;6.272987;-0.007400289;0.0;0.12283027;0.12282282;0.0;6.268695;736.1445;3108.0889;-432.46085;5848.622;-3.3455555;-95.35333
2005-01-24;-8.986875;-10.203378;-8.806988;738.0706;0.6934805;224.14702;100.0;0.26606655;182.0309;1459.8795;25.907398;-0.025218353;0.0;0.12226403;0.12227148;0.0;25.896572;251.13167;1094.8367;-368.25333;5943.775;-19.132223;-55.954445
2005-01-25;-10.785777;-15.108785;-11.992217;747.0825;0.9702037;49.810688;100.0;0.273186;185.65102;1473.999;0.042766333;-0.06436929;0.0;0.121712685;0.121720135;0.0;0.039339066;864.10944;3689.9922;-1255.8116;4550.737;-47.22;-146.91
2005-01-26;-7.546946;-17.521616;-15.200501;749.57306;1.0042696;48.659164;100.0;0.27318966;192.03188;1424.3978;0.0;-0.03883429;0.0;0.12116134;0.12116879;0.0;0.0;896.8428;3725.2844;-1007.3517;4664.3813;-26.682222;26.881111
2005-01-27;-6.6551642;-17.190203;-15.826553;748.9133;0.97321033;148.74312;100.0;0.27319622;197.30956;1386.5153;0.0004351138;-0.034963712;0.0;0.1206249;0.1206249;0.0;0.0;987.85944;3994.5967;-1276.8378;4296.5166;-23.517778;52.333332
2005-01-28;-6.56014;-16.008524;-16.387869;749.9824;1.2003446;82.7698;100.0;0.27321136;201.92934;1354.6957;0.0;-0.020994805;0.0;0.12007356;0.12008101;0.0;0.0;1020.70667;4020.672;-1114.4083;4492.0054;-12.700556;71.91111
2005-01-29;-4.827273;-14.260129;-15.044197;751.46185;0.9099596;277.5156;100.0;0.27323413;206.44139;1325.1547;0.0017434359;-0.019071624;0.0;0.119537115;0.119537115;0.0;0.0017397106;889.5911;3415.5767;-767.04553;5069.418;-11.575556;48.261112
2005-01-30;-4.730581;-11.208;-13.034359;749.1924;0.63353795;269.81738;100.0;0.27467084;210.22687;1307.2916;3.6806178;-0.008497387;0.0;0.119015574;0.119008124;0.0;3.6708229;682.555;2554.4822;-384.62222;5684.3115;-4.5855556;17.972221
2005-01-31;-4.8235373;-5.875895;-8.817931;743.66644;0.7690545;209.01628;100.0;0.2845497;208.74738;1361.206;21.335518;0.023467466;0.0;0.118501484;0.118494034;0.0;21.22388;386.905;1546.3212;129.9589;6724.849;19.352222;-32.68111
2005-02-01;-6.8006186;-7.740387;-6.6419487;739.1368;0.9629638;210.52228;100.0;0.30873337;201.10936;1533.61;20.12684;-0.043211505;0.0;0.11797249;0.117979944;0.0;20.111732;533.3061;2285.7156;-394.67;6189.63;-31.698889;-127.46222
2005-02-02;-7.4337974;-9.009365;-6.9799476;742.9615;0.80838686;198.34967;100.0;0.3214785;203.66893;1581.0547;1.2025267;-0.09703636;0.0;0.11746585;0.11746585;0.0;1.1733919;799.33167;3440.2966;-716.36334;5735.8135;-72.422226;-160.62
2005-02-03;-7.907144;-9.958972;-8.26175;744.3943;0.55726236;158.18785;100.0;0.32218945;212.85707;1515.9098;0.17417796;-0.06068684;0.0;0.116959214;0.11695176;0.0;0.16950816;897.1711;3765.369;-939.39557;5336.1846;-43.605556;-136.51334
2005-02-04;-8.77395;-11.498904;-9.146945;740.6746;0.7607525;85.008385;100.0;0.3224534;220.4684;1464.152;1.0692775;-0.08519553;0.0;0.11643767;0.116445124;0.0;1.0641627;859.625;3514.1733;-855.37836;5374.686;-63.024445;-170.07889
2005-02-05;-8.700067;-10.239437;-9.27144;739.19977;0.65737647;130.4349;100.0;0.32912764;219.62628;1497.8842;9.874373;-0.025306828;0.0;0.11596084;0.115945935;0.0;9.85067;475.18668;1973.8883;-328.83112;5990.5854;-18.438889;-83.49778
2005-02-06;-9.130685;-11.322341;-9.122752;738.7421;0.69229776;61.896988;100.0;0.34160438;212.83624;1603.7598;13.468507;-0.040600076;0.0;0.1154691;0.1154542;0.0;13.461258;362.3739;1549.0194;-372.62;5910.385;-30.793333;-69.46555
2005-02-07;-10.13845;-13.83099;-9.821656;740.3121;0.9680159;62.072803;100.0;0.3505676;211.80206;1656.0873;3.8588643;-0.09649899;0.0;0.11496246;0.11496246;0.0;3.8544908;774.0272;3318.926;-834.19086;5309.4463;-72.37278;-145.96666
2005-02-08;-11.664519;-15.273475;-11.221955;739.35736;1.290603;42.638943;100.0;0.35253024;217.027;1625.1627;3.0850172;-0.12945198;0.0;0.11447072;0.11447817;0.0;3.0790343;721.7683;3018.179;-577.5405;5488.226;-98.87666;-134.26334
2005-02-09;-12.725261;-16.880749;-12.1307955;739.7375;1.4820733;36.737316;100.0;0.35502627;220.4977;1611.2467;1.0253787;-0.113981776;0.0;0.11399388;0.11399388;0.0;1.0186732;873.115;3608.4343;-1081.6589;4797.467;-86.22278;-127.47
2005-02-10;-14.798892;-19.55761;-15.282647;743.3333;1.020231;66.17093;100.0;0.35551557;225.31313;1579.183;0.05417168;-0.053106807;0.0;0.113517046;0.113517046;0.0;0.047057867;1042.8489;4211.53;-1430.4575;4065.2222;-38.289444;-139.64667
2005-02-11;-15.639247;-19.598864;-17.411055;742.5583;0.8375754;65.22599;100.0;0.35576496;228.88148;1555.3793;0.42562187;-0.035203993;0.0;0.11304021;0.11304021;0.0;0.41974336;944.2189;3723.1934;-1134.7753;4283.86;-25.263334;-114.8
2005-02-12;-16.170675;-20.108322;-19.505781;743.0805;0.87168413;76.61314;100.0;0.35600027;231.78026;1536.9873;0.069734454;-0.021549873;0.0;0.11257827;0.11257827;0.0;0.06846711;1141.4316;4399.292;-1444.2478;3746.398;-14.36;-97.14
2005-02-13;-15.769414;-22.154907;-21.128103;743.3188;0.9621809;157.3965;100.0;0.35603902;234.4798;1519.5719;0.0011280179;-0.026689842;0.0;0.11211634;0.11211634;0.0;0.000692904;1284.6877;4836.1333;-1486.5612;3611.771;-17.822222;-62.95222
2005-02-14;-12.113231;-21.534264;-21.342474;748.0139;1.0852958;48.85129;100.0;0.35604927;236.93;1503.9877;0.0;-0.032425858;0.0;0.1116544;0.11164695;0.0;0.0;1330.7028;4887.5166;-1294.6833;3899.2366;-21.631111;10.998889
2005-02-15;-7.787721;-17.335485;-18.987415;751.46454;1.3344202;19.200903;100.0;0.35606408;239.54523;1487.3047;0.0012934206;-0.026950613;0.0;0.11117756;0.111185014;0.0;0.0;1363.4939;4891.298;-1164.9478;4349.092;-16.543333;59.906666
2005-02-16;-6.085321;-15.003821;-16.676992;752.7182;1.1875372;36.807438;100.0;0.3560928;242.60838;1468.75;0.0008553266;-0.030995347;0.0;0.11073053;0.11072308;0.0;0.0;1408.7705;4936.8257;-1125.4327;4597.3535;-19.418333;37.20778
2005-02-17;-3.5667522;-14.67097;-13.948388;752.5;1.0236772;130.01201;100.0;0.35610524;246.2158;1447.6318;0.0012874602;-0.06600004;0.0;0.11026114;0.11026114;0.0;0.0;1410.8105;4832.7314;-1127.2045;4846.3735;-45.84111;20.99
2005-02-18;-2.0364583;-11.803471;-11.664113;752.2141;0.8788779;222.37256;100.0;0.3561121;250.37889;1423.7875;0.0034330369;-0.067703426;0.0;0.10980666;0.10980666;0.0;0.0;1478.8411;4954.891;-1132.8892;5059.419;-46.736668;-3.2777777
2005-02-19;-2.0659587;-9.183533;-8.870891;749.5876;0.69736576;248.89284;100.0;0.35636103;254.95863;1398.9664;1.8656586;-0.11397153;0.0;0.10935962;0.10935217;0.0;1.6407222;1353.6272;4440.7593;-819.20306;5686.2935;-83.37278;-70.58889
2005-02-20;-4.0617676;-4.629669;-6.2854714;745.0852;1.0132421;197.36139;100.0;0.38150308;241.81248;1574.8698;41.317364;0.026259571;0.0;0.10891259;0.10891259;0.0;41.115856;176.15056;725.7267;90.477776;6831.289;20.76111;-4.2544446
2005-02-21;-4.514028;-5.2398887;-4.3488975;743.9551;0.8721833;237.1736;100.0;0.40821195;233.7246;1747.233;9.10981;-0.089630485;0.0;0.10848045;0.10848045;0.0;8.719839;818.32666;3553.3706;-573.4447;6227.8354;-66.19556;-204.87222
2005-02-22;-6.739844;-10.591942;-6.0674806;748.3454;0.93644285;90.11996;100.0;0.41048005;242.69269;1693.6849;0.011730194;-0.18525216;0.0;0.10803342;0.10803342;0.0;0.010877848;1219.005;5096.903;-1497.3242;4853.1455;-138.43279;-260.78888
2005-02-23;-6.9121246;-14.5912285;-10.351514;749.1663;1.0449213;44.757626;100.0;0.41044462;249.75226;1644.7347;0.0008523463;-0.0873385;0.0;0.107593834;0.107593834;0.0;0.0;1316.5411;5354.2373;-1732.3522;4177.663;-61.744446;-82.83667
2005-02-24;-6.972811;-16.404068;-12.177127;747.2605;1.004736;72.8836;100.0;0.4104309;254.79002;1612.4674;0.0008545134;-0.10085851;0.0;0.10715425;0.10715425;0.0;0.0;1344.4061;5325.0283;-1466.1289;4426.9766;-72.10944;-75.29889
2005-02-25;-5.7386436;-16.10319;-13.326858;747.2685;0.86826926;156.19096;100.0;0.41041648;259.00162;1585.8561;0.0;-0.08061249;0.0;0.10672212;0.10672212;0.0;0.0;1408.3772;5437.1987;-1516.7433;4289.586;-56.781666;-41.236668
2005-02-26;-5.951702;-14.934253;-13.587129;747.9063;0.9574724;135.17369;100.0;0.4104142;262.7604;1562.8662;0.00044107434;-0.06612204;0.0;0.106304884;0.10628998;0.0;0.0;1327.2766;4998.6577;-1305.4761;4553.474;-45.873333;-32.70889
2005-02-27;-3.9953816;-9.499383;-12.288605;746.31104;0.7962484;254.29814;100.0;0.41062692;266.24316;1543.335;1.8337582;-0.03424287;0.0;0.10587275;0.10587275;0.0;1.8038601;1378.1433;5064.4233;-749.2222;5441.1455;-21.435556;-71.50445
2005-02-28;-3.6128743;-4.236511;-7.5891113;744.51215;0.8994643;217.87614;100.0;0.41861582;264.03775;1585.6119;9.094229;0.010961667;0.0;0.10545552;0.10546297;0.0;8.486256;490.69223;1936.0122;122.52167;6874.676;10.034445;-59.331112
2005-03-01;-2.297292;-3.1881104;-4.197286;746.53815;1.100849;207.26463;100.0;0.42341602;267.5;1584.432;2.6889281;-0.10084547;0.0;0.10505319;0.10505319;0.0;2.4400725;880.60443;3502.9817;-338.6336;6629.5454;-74.965;-155.79666
2005-03-02;-1.7704163;-2.901479;-2.4375305;750.06195;0.7848613;190.90594;100.0;0.42514303;274.65787;1550.4965;0.39163232;-0.10363106;0.00014901161;0.104784966;0.104635954;0.0016149133;0.11026487;937.8728;3612.7388;-564.55334;6430.0366;-75.905556;-137.60222
2005-03-03;-1.9216309;-3.6145527;-1.7466482;747.7983;0.9286089;214.6151;100.0;0.42567602;282.9479;1506.4291;4.29557;-0.19066036;0.019922853;0.124141574;0.10422617;0.22280216;2.789408;1351.5381;4769.0957;-912.3864;6100.1177;-142.11444;-194.54222
2005-03-04;-2.385081;-2.824206;-0.96109897;743.0562;0.6227849;181.70732;100.0;0.44615468;276.43326;1612.9965;26.941616;-0.16773678;0.055648386;0.15947223;0.10382384;0.16727485;24.640142;475.343;1842.6559;-156.58139;6982.471;-129.69556;-207.11444
2005-03-05;-2.1163533;-4.114733;-0.92536545;746.9663;0.55035543;147.0327;100.0;0.45693627;278.13412;1646.0367;0.33264756;-0.3113765;0.0102669;0.11368096;0.10342151;0.117057934;0.25211275;1396.3177;4946.047;-964.06055;6076.4033;-236.41888;-265.23557
2005-03-06;-1.7791443;-2.9213486;-0.7917226;749.25195;1.1036217;195.28474;100.0;0.45748484;287.96225;1591.0238;2.5020838;-0.29485488;0.010758638;0.113755465;0.10301173;0.11183694;2.34849;1426.9761;4300.5864;-740.2486;6386.0903;-225.18;-272.32224
2005-03-07;-1.5209249;-3.051239;-0.49883524;748.13574;0.8387084;169.00117;100.0;0.45930627;296.11328;1553.4668;0.5442053;-0.31986272;0.04504621;0.1476556;0.102609396;0.47967398;0.4947707;1422.0516;4126.171;-800.42053;6309.8228;-244.7889;-249.59862
2005-03-08;-2.0823262;-2.5227253;-0.3985494;745.28815;1.1310695;204.78429;100.0;0.46413776;300.48242;1544.5557;12.677479;-0.2661627;0.028967857;0.13116002;0.102221966;0.09532645;11.55439;710.30475;2023.065;-205.08667;6978.438;-206.86555;-271.75333
2005-03-09;-2.883372;-3.2567546;-0.28767523;743.60864;1.3658551;209.12935;100.0;0.47932306;296.57422;1616.4144;13.734966;-0.28896704;0.0731349;0.17496943;0.101834536;0.33814645;11.892654;757.8264;2743.9976;-382.03223;6739.513;-223.67334;-354.97888
2005-03-10;-4.087616;-4.7408957;-0.61240387;742.73346;1.0920181;207.25795;100.0;0.4947432;291.77377;1695.0277;17.128414;-0.33328217;0.0127106905;0.1141727;0.101454556;0.012952834;16.18585;591.3542;2250.1294;-363.59528;6643.6357;-259.28946;-363.82556
2005-03-11;-5.3927712;-7.16929;-1.4334131;743.2885;1.3270515;213.16182;100.0;0.5025223;292.99576;1716.39;2.4166195;-0.51028097;0.0;0.10107458;0.10107458;0.0;2.3288653;1440.6938;4963.6904;-1202.282;5619.3667;-394.01443;-457.3811
2005-03-12;-6.2413774;-7.9475503;-3.1121266;745.38324;0.78707355;191.75218;100.0;0.50824213;293.5768;1730.6722;13.038694;-0.42287445;0.0;0.10070205;0.100687146;0.0;12.99135;1372.0677;4498.387;-945.1767;5827.9136;-326.2911;-454.41333
2005-03-13;-5.275533;-9.794869;-4.781063;749.1751;0.81490785;77.71559;100.0;0.5163963;290.65103;1778.4017;0.033551455;-0.25696123;0.0;0.10031462;0.10030717;0.0;0.03312528;1528.7892;6035.2476;-1662.4406;4833.032;-192.12;-282.68112
2005-03-14;-5.368622;-10.750651;-7.954557;748.61523;0.93414694;86.50828;100.0;0.51633364;295.9082;1746.2972;0.0017140871;-0.123459846;0.0;0.099912286;0.09991974;0.0;0.0;1666.7413;6397.8135;-1879.6611;4293.994;-87.92111;-177.55333
2005-03-15;-5.3278594;-12.046924;-9.387578;748.64777;0.96891934;59.995678;100.0;0.5163208;299.9554;1722.6562;0.0;-0.11441205;0.0;0.09953976;0.09953976;0.0;7.4505806e-06;1701.7872;6377.155;-1617.3867;4568.199;-80.454445;-159.38445
2005-03-16;-5.001841;-12.043664;-9.633106;747.426;0.96288174;85.1992;100.0;0.51630384;303.5856;1702.2705;0.0021457663;-0.1328811;0.0;0.09915233;0.09915978;0.0;0.0;1745.645;6382.8975;-1681.3511;4490.1504;-94.80889;-147.42555
2005-03-17;-5.268799;-10.776184;-9.522099;748.3693;0.93693346;73.793495;100.0;0.5162676;306.98795;1683.1461;0.0022798777;-0.14910102;0.0;0.0987798;0.0987798;0.0;0.0020749867;1664.4208;5942.6577;-1390.4489;4883.1167;-108.13111;-150.75778
2005-03-18;-4.1728616;-8.7028;-9.190999;748.24164;0.83308464;181.07768;100.0;0.51622736;310.3102;1664.9984;0.00052452076;-0.13808906;0.0;0.09840727;0.09840727;0.0;0.00010803342;1826.4889;6369.18;-1548.8439;4734.993;-99.60222;-166.96
2005-03-19;-3.861847;-5.8525796;-7.9416504;745.5341;1.1902937;229.12016;100.0;0.5165451;313.30307;1649.943;1.2669742;-0.1683915;0.0;0.09804964;0.09804219;0.0;1.2289249;1500.5619;5126.046;-700.56555;5903.688;-126.204445;-185.53111
2005-03-20;-3.552246;-4.777537;-4.7872033;745.5168;1.5489293;210.9248;100.0;0.52214557;312.21713;1671.4274;17.76302;-0.20959415;0.0;0.09767711;0.09768456;0.0;16.672194;1333.1982;4651.6436;-532.01306;6377.792;-158.48833;-260.00555
2005-03-21;-2.823162;-3.6740215;-2.8981247;745.7829;1.5353022;211.97435;100.0;0.54143673;299.55142;1808.3496;10.094392;-0.15667173;0.00023841858;0.0975728;0.097319484;0.0;8.766268;1114.54;4630.575;-579.5958;6412.5474;-116.655556;-256.89444
2005-03-22;-2.2938435;-3.426141;-1.5218302;746.2407;1.002473;216.4571;100.0;0.5505463;301.27573;1829.305;7.688227;-0.18318743;0.041350722;0.13832748;0.09697676;0.32059664;5.6069865;946.5983;3840.4783;-477.9075;6596.942;-138.29222;-254.07333
2005-03-23;-3.7514546;-5.6227837;-1.3417816;740.91895;1.1323655;202.74895;100.0;0.5599895;302.66016;1851.2369;12.717694;-0.3854744;0.023543835;0.120162964;0.09662658;0.12672134;12.049742;1354.2089;4911.0474;-950.4867;6004.5557;-295.74112;-388.1389
2005-03-24;-7.105883;-9.313024;-3.1185799;739.6607;0.9727455;212.03505;100.0;0.5724074;297.70248;1922.8922;11.756748;-0.4132744;0.0;0.0962764;0.0962764;0.0;11.614159;1227.9595;4675.7896;-1078.1213;5573.9224;-318.79333;-459.70557
2005-03-25;-8.82031;-14.07785;-6.496267;743.9084;0.96210885;92.04208;100.0;0.5787913;296.944;1951.2533;1.2283261;-0.3434373;0.0;0.095918775;0.095926225;0.0;1.215443;1619.2988;6515.0166;-1790.6383;4419.959;-261.0478;-365.90887
2005-03-26;-7.785684;-14.564766;-9.880742;748.4262;0.91932374;111.59195;100.0;0.57930934;300.87436;1927.124;0.0034419864;-0.16353744;0.0;0.09557605;0.09557605;0.0;0.0;1792.9294;7077.3667;-1900.5133;4082.6084;-118.80889;-238.86555
2005-03-27;-4.9122696;-11.295054;-10.387727;750.46484;0.9586651;174.64134;100.0;0.5792696;304.61362;1903.4424;0.0011265278;-0.13648254;0.0;0.09521842;0.09522587;0.0;0.00026077032;1774.0211;6823.3833;-1478.2184;4697.1777;-97.39;-172.60333
2005-03-28;-2.8282979;-6.629812;-9.077931;751.5163;0.93252873;218.17924;100.0;0.5792988;308.28287;1880.6559;0.24728774;-0.105150975;0.0;0.09487569;0.09487569;0.0;0.20996109;1806.5017;6778.9146;-1216.7714;5220.3135;-73.22611;-176.13
2005-03-29;-1.0151469;-3.7644958;-6.494995;751.2788;0.9899075;248.24211;100.0;0.5795224;312.30273;1857.4625;0.042289495;-0.07451046;0.0;0.09453297;0.09453297;0.0;0.00037625432;1588.2733;5822.082;-1010.43;5638.0845;-49.947777;-123.774445
2005-03-30;0.4848124;-3.5465698;-4.6010795;749.65045;0.98568964;251.99812;100.0;0.57963884;317.36362;1828.5726;0.053252943;-0.13965741;0.0;0.09419024;0.09419024;0.0;0.0010579824;1898.7983;6739.532;-1390.5989;5358.3813;-98.19778;-141.42667
2005-03-31;0.9989522;-3.0263264;-3.3632329;749.1906;0.9245712;252.91585;100.0;0.579501;323.08725;1796.5088;0.003877282;-0.14381297;0.02606213;0.119909644;0.09384006;0.2573859;4.4703484e-05;1942.0083;6618.152;-1429.0063;5418.2295;-101.59778;-160.68
2005-04-01;0.47016397;-1.4195353;-1.1563644;747.1358;0.769713;196.30396;100.0;0.58382434;330.40625;1770.0602;8.7116;-0.06793905;0.25859475;0.35211444;0.09350479;1.5872885;0.18700585;1136.5516;3694.5989;-405.0778;6726.8843;-47.606667;-146.45222
2005-04-02;-1.0463562;-2.624878;-0.17780559;744.9821;0.7138524;153.238;100.0;0.589328;334.4297;1763.3463;16.371016;-0.2574008;0.6508976;0.7440895;0.09318441;3.4930558;12.247007;1465.9678;4239.194;-788.4264;6380.3823;-195.08444;-234.37555
2005-04-03;-3.9631958;-5.593699;-0.28024292;745.1394;0.7012984;226.10008;100.0;0.5984672;331.39584;1807.5358;5.7499585;-0.46317652;0.058844686;0.15169382;0.092856586;0.27363002;4.75258;1396.745;4737.9873;-964.2411;6058.878;-355.78555;-430.75665
2005-04-04;-5.1407266;-7.4632874;-0.90408707;748.3218;1.0271746;182.81445;100.0;0.6022172;332.60904;1812.4186;1.7893255;-0.71740335;0.0;0.09253621;0.09253621;0.0;1.750853;1954.9111;6272.1274;-1351.8169;5517.588;-553.1189;-598.0856
2005-04-05;-4.2330422;-9.332353;-1.3640938;752.8738;1.121513;57.70062;100.0;0.60226625;338.48666;1781.6162;0.079482794;-0.75474566;0.0;0.092208385;0.092200935;0.0;0.06903708;2267.034;6476.1284;-1533.0056;5302.0005;-580.05554;-449.03665
2005-04-06;-2.9816997;-9.328182;-1.861669;752.9089;1.2435786;47.248768;100.0;0.6017803;344.44107;1748.9828;0.23084879;-0.6781295;0.0;0.09188056;0.09186566;0.0;0.21186098;2749.9216;7275.507;-1837.3044;5003.3677;-518.6189;-352.40222
2005-04-07;-2.1499226;-9.582082;-1.3253111;752.0118;1.2001761;45.091125;100.0;0.6014789;350.69727;1717.2037;0.009852648;-0.67680705;0.001206994;0.09274483;0.091552734;0.009667128;0.008136034;2839.149;7120.1;-1957.6661;4902.0654;-516.35443;-299.05112
2005-04-08;-0.3997294;-7.191747;-0.7383931;753.33746;1.1529838;47.70468;100.0;0.60064644;359.32877;1673.8688;0.00085350964;-0.42693877;0.11715293;0.20836294;0.09121746;1.056645;0.0;3186.2383;7507.9946;-2127.1567;4855.9526;-318.01666;-218.29778
2005-04-09;0.64124554;-7.0198975;-0.310496;752.01953;0.9822924;61.177937;100.0;0.59749967;367.9274;1626.2207;0.53459704;-0.38731283;0.5579442;0.64882636;0.09089708;4.95762;0.16467273;2480.4717;5572.9277;-1206.1992;5980.441;-289.59555;-142.10222
2005-04-10;0.42593384;-4.186981;-0.1829478;751.1306;1.2517984;34.3075;100.0;0.5877425;374.05826;1573.8119;0.0016093254;-0.4794784;1.6261488;1.716733;0.09057671;13.158798;0.0008419156;3243.2612;7080.345;-1675.8698;5501.7188;-358.97333;-227.31444
2005-04-11;1.8044027;-5.16334;-0.2659785;752.96124;1.1529955;55.24615;100.0;0.57442313;380.20377;1513.1022;0.0;-0.36390126;1.9019842;1.9922554;0.090263784;13.400424;0.0;3549.5112;7524.515;-1847.5033;5327.1646;-264.63443;-184.32777
2005-04-12;2.5568035;-6.441793;-0.2627411;754.146;1.0347478;51.70264;100.0;0.56019646;386.64258;1451.294;0.0012814989;-0.35997015;2.5633125;2.6580393;0.09471923;14.598088;0.0;3684.0771;7635.729;-1900.2524;5291.9556;-259.82443;-161.13777
2005-04-13;4.1505837;-4.212484;-0.21924718;755.0964;1.0552328;78.618965;100.0;0.544666;392.97592;1388.3871;0.0008523463;-0.34085754;3.332138;3.4290254;0.09688735;15.964653;0.0;3712.5432;7563.0386;-1689.5292;5594.5;-244.98666;-134.95334
2005-04-14;4.6794434;-2.67336;-0.13109334;754.4034;0.9874343;162.87717;100.0;0.52812284;398.59668;1326.9043;4.4967833;-0.3190562;5.2271786;5.3462687;0.11906028;16.523983;0.0;3317.506;6668.99;-1273.0164;6063.7876;-230.18445;-112.17667
2005-04-15;1.8309631;-0.2513326;-0.0064824424;748.5584;0.91883993;119.2893;100.0;0.51495284;400.9603;1285.4818;28.309643;-0.15206821;9.867519;10.388851;0.5213618;14.125111;3.3786223;1866.9261;3713.4321;-400.72556;7008.349;-110.61889;-98.68667
2005-04-16;-1.0667114;-2.0444133;-0.048854828;747.2906;1.0692549;164.76717;100.0;0.50534105;397.31088;1273.4781;4.0329933;-0.4840903;4.1825476;4.466012;0.2834648;12.46297;1.2443736;2479.2578;5790.318;-886.3439;6426.1724;-366.25665;-416.18668
2005-04-17;-0.7632955;-3.5298157;-0.18180974;750.2419;1.068058;157.71176;100.0;0.49618387;400.72656;1239.9902;1.2407005;-0.720296;2.544239;2.653271;0.10903925;8.4320755;0.0058561563;3006.9521;6978.095;-1265.8572;5943.6055;-546.1078;-411.47028
2005-04-18;1.814331;-1.8170267;-0.16572063;752.9888;0.98591477;188.72908;100.0;0.4843166;405.94824;1195.0277;0.0011026859;-0.4808791;3.4757257;3.5693347;0.093616545;13.923016;0.0005811453;3376.7405;7498.1577;-1447.7625;5800.792;-354.48334;-259.13916
2005-04-19;3.9786274;-1.4110209;-0.12105814;752.20825;1.2179347;217.9207;100.0;0.46874765;410.47787;1143.7988;0.17937422;-0.5378835;4.8814416;5.419016;0.53756684;16.324572;0.0;3428.7344;7363.576;-1366.2511;5991.8057;-399.25446;-149.93777
2005-04-20;4.66391;-1.9098715;-0.17102559;752.96124;1.2008018;217.68202;100.0;0.45151713;415.2184;1089.3148;0.0008523463;-0.4897304;5.834162;6.3934326;0.5592555;17.533634;0.0;3735.1394;7821.1606;-1825.8403;5416.349;-359.22333;-119.58
2005-04-21;4.1804504;-3.0908306;-0.2242902;755.61786;1.0659477;137.54755;100.0;0.43484247;421.42773;1033.8949;0.0021401765;-0.38599223;5.352244;5.8165936;0.46435;16.221441;0.0;3850.4294;7906.372;-1838.2944;5406.8203;-277.40778;-136.49667
2005-04-22;6.491374;-3.6156337;-0.15575376;756.51935;1.0716537;74.41602;100.0;0.416076;427.89944;974.5245;0.0;-0.3871927;7.51473;8.482188;0.96745044;19.465029;0.0;3683.655;7450.5415;-1378.9886;6006.6187;-277.15332;-83.43222
2005-04-23;7.11203;-1.1188354;-0.11345545;755.46246;1.1979686;88.57403;100.0;0.39384177;432.5088;912.92316;0.0141739845;-0.32847467;9.860724;11.404172;1.5434474;24.358555;0.0;3738.2883;7472.0166;-1210.0316;6249.0054;-230.79222;-72.757774
2005-04-24;7.8072104;-1.6083475;-0.119330086;753.2322;1.2305757;77.792534;100.0;0.3702996;437.09766;849.3245;0.02425909;-0.36550593;9.511322;10.969967;1.4586077;22.975035;0.0;3661.4656;7252.5737;-1157.2463;6324.1655;-260.64667;-30.3
2005-04-25;4.8334556;1.5702515;-0.025925955;751.38043;1.0246536;131.1472;100.0;0.35012433;440.3561;796.79364;10.063577;-0.10219216;11.025339;12.841195;1.8158629;18.709898;0.0;2128.713;4183.421;-193.01666;7309.3555;-68.11222;-74.068886
2005-04-26;2.1986694;0.4716085;0.009042104;748.4196;0.689758;146.60869;100.0;0.33859572;441.5804;767.5374;26.420027;-0.022824854;14.794618;16.653896;1.8592701;7.8491306;0.0;554.3139;1083.4956;158.27667;7527.6777;-16.186666;-7.1055555
2005-04-27;2.6120503;1.3467611;-0.0045229592;748.3662;0.7759792;241.10413;100.0;0.3230289;442.20703;731.85223;1.2388527;-0.2880227;7.9776645;9.034098;1.0564327;19.443556;0.0;2560.537;4983.5044;-431.41223;7060.1577;-212.24;-184.4911
2005-04-28;1.4524841;0.4420878;-0.026501974;749.0713;1.022872;124.59428;100.0;0.3033522;443.43945;685.5469;6.978214;-0.27620977;11.34412;13.049856;1.7057285;19.900291;0.0;2836.9412;5500.829;-737.6286;6694.5244;-202.37445;-236.92667
2005-04-29;1.860911;-0.81348675;-0.14923477;747.4959;1.1929703;139.16145;100.0;0.28378478;445.8939;637.8581;2.8330624;-0.5728761;8.911684;9.807825;0.89615583;20.803005;1.4901161e-05;3656.8716;7075.2573;-1422.1056;5905.783;-428.91223;-260.04443
2005-04-30;3.9471436;-2.404012;-0.29638162;747.63715;1.279005;156.52444;100.0;0.26447856;449.26172;589.7217;0.033929944;-0.73079395;7.3397307;8.475572;1.1358335;18.540253;0.0;4062.8967;7846.17;-1694.1489;5588.3833;-547.4667;-120.933334
2005-05-01;4.729757;-2.7337544;-0.279555;747.81415;1.5794125;160.09413;100.0;0.24621566;450.0;547.97363;0.2695918;-0.9039063;6.7592564;7.8015776;1.0423064;17.12246;0.0;3597.2273;6933.749;-1269.6914;6059.5796;-684.73724;8.6044445
2005-05-02;1.8719788;-0.029612223;-0.09756851;746.18524;0.9646767;157.58067;100.0;0.23235245;443.49057;523.15265;30.756681;-0.20677316;13.565585;15.349775;1.7841756;14.723536;11.47246;2215.77;4263.7866;-416.87946;6966.269;-150.53555;-145.78
2005-05-03;-0.7905986;-1.7846578;-0.04832967;740.9296;1.0753448;188.60945;100.0;0.25256583;347.96094;722.5342;30.186415;-0.22003241;4.21305;5.907342;1.6942918;5.0349755;23.70139;1073.5756;4264.1313;-471.9839;6776.046;-162.26277;-229.53667
2005-05-04;-1.9283142;-3.2553303;-0.20548503;742.26776;0.99052256;142.20747;100.0;0.2630422;320.889;817.99316;9.0636635;-0.32886583;1.6580075;3.499359;1.8413514;2.7628858;5.6700892;1347.4606;5009.9355;-833.24084;6294.7217;-245.7;-300.9878
2005-05-05;-1.5021464;-5.0846252;-0.41243872;742.30914;0.9641805;130.68684;100.0;0.26451227;323.04233;817.7083;2.9398978;-0.40848738;0.44727325;2.4287252;1.9814521;1.5590359;2.035562;1653.3855;5445.461;-1053.2494;5988.227;-304.26556;-286.90778
2005-05-06;-0.1356303;-3.376363;-0.3979238;747.6088;1.1901946;152.8308;100.0;0.2614323;331.46973;788.28937;0.11081649;-0.47701597;1.6672611;3.741026;2.0737574;5.817078;0.00083073974;2687.0183;7753.6045;-1400.7103;5729.743;-349.21555;-315.03665
2005-05-07;2.2892761;-2.094106;-0.32189432;750.8206;1.1921529;155.17505;100.0;0.25252345;340.80045;741.1702;0.0060081477;-0.44462085;3.3644438;5.5564046;2.191946;11.0861435;0.0;3001.1467;7813.473;-1324.7861;5927.113;-322.38223;-265.82666
2005-05-08;4.318258;1.9144694;-0.18666966;751.3311;1.1919924;166.51787;100.0;0.23795728;348.67642;682.6172;5.316228;-0.18137321;8.795365;12.207895;3.4125447;16.672369;0.0;2904.078;7027.3877;-1011.2336;6384.062;-119.975555;-137.74556
2005-05-09;5.15568;-0.4853007;-0.19625728;751.3096;1.5384754;130.73155;100.0;0.21999526;353.6481;622.111;3.0845256;-0.51021576;9.791061;13.426169;3.635101;20.213018;0.0;3320.305;7603.215;-1437.0286;5878.7466;-373.87888;-44.52
2005-05-10;6.7707825;-4.1194053;-0.50082904;753.24835;1.1365712;88.94134;100.0;0.2025193;360.9668;560.99445;0.021505356;-0.41562504;6.4302907;9.318531;2.888225;16.8145;0.0;3719.2827;8181.28;-1782.0494;5474.2847;-296.37112;-76.55889
2005-05-11;7.7109985;-4.0620017;-0.43113708;753.98047;1.1480106;86.22402;98.53076;0.18421245;369.82388;497.72134;0.010776328;-0.46163705;7.766247;11.9481535;4.1819067;19.024727;0.0;3702.8406;7841.838;-1458.9578;5918.025;-330.18668;-76.34889
2005-05-12;7.7595825;-2.1057026;-0.29326376;754.0542;1.2215486;97.89658;96.13607;0.16475017;377.49936;435.66895;0.25239587;-0.4556719;7.7106056;11.686519;3.975898;18.99676;0.0;3402.4094;6930.161;-1195.0784;6260.3477;-324.1011;-58.077778
2005-05-13;7.676758;-0.55912274;-0.30979285;751.92896;1.1524501;90.76441;94.76766;0.14430237;384.4821;374.67447;2.689451;-0.4361011;10.592312;16.302347;5.7100353;21.184065;0.0;3544.3162;7025.6;-1187.1533;6255.1465;-305.4711;-101.80889
2005-05-14;7.6367493;0.106648766;-0.2799479;749.5354;0.9010673;122.622345;94.138916;0.12375108;391.5638;315.10416;3.8171232;-0.39234197;9.906828;16.011356;6.104499;20.446352;0.0;3307.5994;6445.7007;-987.0328;6497.297;-272.9161;-127.48444
2005-05-15;5.9549766;0.9541728;-0.22034709;750.09326;1.1340619;125.358986;93.89144;0.10315684;398.4414;258.1787;5.190939;-0.4341975;10.813981;19.73471;8.920767;20.700588;0.0;3366.8706;6483.5366;-981.1139;6510.749;-305.32333;-168.89223
2005-05-16;5.529999;2.222524;-0.23339844;751.6176;1.0281864;171.76503;93.79557;0.081678666;405.05078;201.37532;1.7138004;-0.39919558;10.305301;20.734251;10.428958;23.472681;0.0;3679.4045;7022.8657;-1159.5139;6345.794;-276.75888;-234.41112
2005-05-17;6.041443;0.2770284;-0.5458934;753.6586;1.0834883;131.57774;91.802;0.05755031;412.79068;139.60774;0.9494901;-0.59122777;11.5619;22.252918;10.690987;24.513538;0.0;3958.859;7472.661;-1158.0817;6362.182;-415.5472;-224.68556
2005-05-18;7.6495156;0.17994182;-1.0630049;752.7932;1.2102156;79.10944;74.52279;0.034096915;418.84863;81.94987;0.07214869;-0.86020213;9.420053;22.334814;12.914747;22.713028;0.0;4561.3257;8100.2944;-1535.1439;6050.855;-601.92224;-223.25333
2005-05-19;5.81426;3.0343628;-0.50354767;751.28217;0.87830186;123.63641;43.98112;0.018458247;425.41245;43.375652;6.8917694;-0.99762064;5.9177876;17.936378;12.018591;10.625817;0.0;3237.9983;4880.176;-928.5242;6792.717;-690.42224;-348.1111
2005-05-20;5.9367676;1.8672587;-0.62277097;752.56177;0.9398716;52.70436;23.427652;0.009833932;428.10547;23.15267;5.561796;-1.7826213;6.0064197;17.454922;11.448495;7.493667;0.0;4443.826;6140.7725;-1389.1069;6570.606;-1238.2472;-609.9889
2005-05-21;8.612396;0.99923706;-0.36189523;754.02246;1.4598566;40.012028;10.646484;0.004447778;428.4974;10.498047;0.0014007092;-2.7421172;1.264587;11.913911;10.649316;4.1162186;0.0;5299.2256;6936.771;-1683.262;6545.372;-1905.2667;-690.25775
2005-05-22;9.897156;0.14738972;-0.2635981;754.3181;1.367486;41.306995;4.200765;0.0017464558;428.5039;4.272461;0.013262033;-3.2615066;0.50346553;10.228499;9.725027;1.8356144;0.0;5954.23;7594.6577;-2133.771;6264.6953;-2265.8289;-808.2
2005-05-23;9.451467;1.8542379;-0.19521332;753.28784;1.2029275;78.71653;1.525472;0.00063391525;428.5078;1.6682943;1.9492924;-3.0773618;0.58571994;9.395853;8.810133;0.679113;0.0;5635.894;7106.9565;-2100.2947;6379.8936;-2137.7522;-819.2267
2005-05-24;9.260203;1.4758402;-0.18491109;751.8435;1.2003288;91.311035;0.55655926;0.00023130576;419.30923;0.48828125;2.1497846;-3.2466362;0.46035647;8.445681;7.9853163;0.24649873;0.0;5721.637;7179.93;-2067.8208;6420.6177;-2255.3354;-921.12445
2005-05-25;9.919545;-0.008524577;-0.2432607;750.04584;1.343445;144.784;0.19482422;8.0545746e-05;413.7357;-7.345365e-21;0.0013291836;-3.8950686;0.020295382;7.2854013;7.2651057;0.09246543;0.0;6661.57;8338.951;-2484.3813;6009.0776;-2705.8132;-1119.2689
2005-05-26;9.207672;0.14609782;-0.4012146;751.70215;1.2234306;185.07784;0.06648763;2.7418137e-05;413.35416;-7.345365e-21;0.0021487467;-3.7047296;0.0065267086;6.6488085;6.6422896;0.031013042;0.0;6694.399;8367.135;-2557.294;5904.927;-2573.561;-1193.4645
2005-05-27;9.964366;-2.6539917;-0.3208402;753.5213;1.2813448;133.95581;0.023111979;9.536743e-06;413.35156;-7.345365e-21;0.023433566;-3.9345343;0.0051110983;6.1089993;6.103903;0.010378659;0.0;6737.9526;8411.289;-2619.3071;5863.128;-2733.195;-984.80554
2005-05-28;10.507629;-2.3466187;-0.020098368;753.5974;1.3777057;129.12228;0.00789388;3.33786e-06;413.35156;-7.345365e-21;0.18081367;-3.9368458;0.023469329;5.6594315;5.635969;0.003695488;0.0;6496.9277;8101.277;-2364.2852;6182.1396;-2734.7966;-1039.3567
2005-05-29;10.059082;-3.8756816;-0.22209294;752.0552;1.3582176;119.45056;0.0026855469;1.2318293e-06;413.35156;-7.345365e-21;0.18207729;-3.5935082;0.021025538;5.248487;5.227469;0.00115484;0.0;6275.0967;7816.2676;-2425.967;6025.3677;-2496.291;-1115.1511
2005-05-30;8.827779;-2.644989;-0.26318994;752.1408;1.1013147;144.12318;0.00081380206;3.1789145e-07;413.35156;-7.345365e-21;0.73438287;-3.3029876;0.081434846;4.950449;4.869014;0.0004246831;0.0;6156.6777;7660.5356;-2363.7695;6089.8887;-2294.4744;-1195.3245
2005-05-31;8.841461;-1.4285177;-0.13774745;751.43384;1.1370867;119.879295;0.0;-7.3453654e-25;413.35156;-7.345365e-21;0.47836977;-3.312231;0.050842762;4.603118;4.55229;0.00015646219;0.0;6222.92;7734.71;-2326.8228;6165.6465;-2300.8967;-1266.1267
2005-06-01;7.7984214;0.5531311;-1.5690994;750.3093;1.2758003;157.64172;0.0;-7.3453654e-25;279.76138;-7.345365e-21;2.5549233;-3.1230488;0.29955804;4.569888;4.2703447;5.2154064e-05;0.0;6214.4307;7716.0356;-2174.5364;6333.5776;-2169.4783;-1544.5355
2005-06-02;7.5643516;0.8125203;-3.28169;749.8811;1.2411442;135.66847;0.0;-7.3453654e-25;136.60089;-7.345365e-21;0.5223155;-3.155932;0.052914023;4.071772;4.0188656;2.6077032e-05;0.0;6125.326;7597.2847;-2258.7073;6186.508;-2192.321;-1482.4478
2005-06-03;8.765228;0.8907979;-1.3166593;751.47675;1.0707707;119.99933;0.0;-7.3453654e-25;109.28025;-7.345365e-21;0.28820634;-3.0931458;0.02798438;3.8199723;3.7919953;7.4505806e-06;0.0;6071.4023;7522.468;-2238.293;6337.009;-2148.7043;-1311.2089
2005-06-04;9.463155;2.3596904;-0.024820963;752.66547;1.3137983;119.1793;0.0;-7.3453654e-25;100.014305;-7.345365e-21;0.6857991;-3.0450914;0.06353855;3.6500692;3.5865233;0.0;0.0;5882.473;7280.7847;-2188.801;6431.1978;-2115.3245;-1272.6178
2005-06-05;12.451863;0.7193095;0.009651184;750.77203;1.5155231;138.10677;0.0;-7.3453654e-25;99.99998;-7.345365e-21;2.8336942;-3.3739488;0.32030046;3.7199855;3.399685;0.0;0.0;5804.072;7176.24;-1984.7467;6868.9814;-2343.77;-916.5711
2005-06-06;9.31781;1.8719889;0.00995636;751.63153;1.5188589;171.78035;0.0;-7.3453654e-25;99.99998;-7.345365e-21;1.0621846;-3.1695728;0.09688735;3.3267736;3.2298713;0.0;0.0;6315.4927;7800.3213;-2394.8716;6167.952;-2201.7979;-1690.5511
2005-06-07;11.189769;1.068573;0.009765625;754.22455;1.123144;100.191475;0.0;-7.3453654e-25;99.99998;-7.345365e-21;0.0004351138;-3.6727245;4.4703484e-05;3.0736475;3.0736103;0.0;0.0;6966.9146;8595.974;-2801.53;5980.2266;-2551.3188;-1158.06
2005-06-08;12.82194;-0.24797566;0.00978597;753.67926;1.1174378;62.5237;0.0;-7.3453654e-25;99.99998;-7.345365e-21;0.0;-3.7358077;0.0;2.9286742;2.9286668;0.0;0.0;6987.1665;8611.926;-2808.3403;6131.4424;-2595.141;-1076.18
2005-06-09;12.522115;2.211314;0.009914398;752.03485;1.2696441;61.385315;0.0;-7.3453654e-25;99.99998;-7.345365e-21;0.15174878;-3.2142866;0.012725592;2.8077812;2.795048;0.0;0.0;6354.2734;7823.5933;-2472.695;6511.4434;-2232.8577;-1275.8011
2005-06-10;13.3064375;0.5996094;0.010045369;751.4783;1.1160024;52.79582;0.0;-7.3453654e-25;99.99998;-7.345365e-21;0.0;-3.3211932;0.0;2.6714504;2.6714578;0.0;0.0;6747.4863;8299.087;-2738.287;6311.12;-2307.121;-1268.9312
2005-06-11;14.568257;1.2493795;0.010019938;751.6863;1.0051728;168.09708;0.0;-7.3453654e-25;99.99998;-7.345365e-21;0.00500679;-3.1742518;0.0003874302;2.5568604;2.556458;0.0;0.0;6478.695;7960.1235;-2433.9067;6792.5835;-2205.0466;-1308.9523
2005-06-12;15.040578;1.1111044;0.009914398;751.0207;1.2612771;167.72731;0.0;-7.3453654e-25;99.99998;-7.345365e-21;0.00042617318;-3.1007211;2.9802322e-05;2.449438;2.449408;0.0;0.0;6838.129;8393.024;-2796.63;6478.4683;-2153.9678;-1478.0333
2005-06-13;13.710774;-0.38635254;0.01003774;750.53394;1.228963;180.13112;0.0;-7.3453654e-25;99.99998;-7.345365e-21;0.00042617318;-2.8344226;2.9802322e-05;2.3495555;2.3495257;0.0;0.0;7014.1885;8600.144;-3043.8645;6130.001;-1968.9789;-1657.2478
2005-06-14;13.001526;-3.4009094;0.009991963;753.012;1.3642775;157.6357;0.0;-7.3453654e-25;99.99998;-7.345365e-21;0.0;-2.5687962;0.0;2.2562444;2.2562444;0.0;0.0;7013.822;8590.735;-3059.1287;6042.406;-1784.4567;-1849.6244
2005-06-15;14.931743;-0.7581685;0.009976705;754.71484;1.3620707;125.05917;0.0;-7.3453654e-25;99.99998;-7.345365e-21;0.06353259;-2.3757424;0.004440546;2.173379;2.1689386;0.0;0.0;6465.815;7911.3;-2575.2432;6782.7344;-1650.3478;-1705.0956
2005-06-16;16.825876;-1.1266174;0.009799957;753.9851;1.6765203;224.208;0.0;-7.3453654e-25;99.99998;-7.345365e-21;0.0073095327;-2.2535055;0.0004917383;2.087638;2.087146;0.0;0.0;6521.049;7977.791;-2736.4895;6699.7544;-1565.4344;-1796.13
2005-06-17;15.688558;-1.7605997;0.010050456;753.4393;1.2219918;223.67833;0.0;-7.3453654e-25;99.99998;-7.345365e-21;0.0008523463;-2.2334604;5.9604645e-05;2.0101368;2.0100846;0.0;0.0;7049.3096;8622.976;-3160.8647;6297.2144;-1551.51;-1909.1189
2005-06-18;14.872996;-0.8631795;0.010498047;751.262;1.2019426;114.74308;0.0;-7.3453654e-25;99.99998;-7.345365e-21;0.0008553266;-2.100844;5.9604645e-05;1.9373;1.9372404;0.0;0.0;6920.405;8464.155;-3022.6216;6496.0605;-1459.3855;-1973.8389
2005-06-19;15.141449;-1.1744181;0.010111491;748.2334;1.1956125;156.75775;0.0;-7.3453654e-25;99.99998;-7.345365e-21;0.0009566545;-1.9881297;5.9604645e-05;1.8685758;1.8685088;0.0;0.0;6935.222;8481.195;-3116.4192;6441.2134;-1381.0878;-2020.9244
2005-06-20;14.519521;-1.9927775;0.009947459;746.32245;1.4878573;157.26915;0.0;-7.3453654e-25;99.99998;-7.345365e-21;0.0008523463;-1.7498043;5.9604645e-05;1.8038601;1.803808;0.0;0.0;6757.0312;8262.237;-2970.281;6472.839;-1215.5311;-2217.2534
2005-06-21;13.580139;-0.6420593;0.00995636;747.2271;1.5811008;185.76878;0.0;-7.3453654e-25;99.99998;-7.345365e-21;0.0008583069;-1.6409271;5.9604645e-05;1.7428994;1.7428249;0.0;0.0;6785.5146;8295.949;-2941.8806;6461.8633;-1139.8978;-2423.7856
2005-06-22;12.516337;-2.0274658;0.0099817915;749.2547;1.5801708;212.71155;0.0;-7.3453654e-25;99.99998;-7.345365e-21;0.0008513201;-1.4457321;5.9604645e-05;1.6854107;1.685366;0.0;0.0;6503.1265;7949.67;-2891.9717;6309.5933;-1004.3017;-2416.0166
2005-06-23;13.639272;-1.0278625;0.009756724;751.9368;1.1833334;124.585106;0.0;-7.3453654e-25;99.99998;-7.345365e-21;0.0008523463;-1.6867286;5.9604645e-05;1.6307533;1.6307235;0.0;0.0;7053.4814;8621.373;-3231.7134;6249.6787;-1171.7145;-2198.2312
2005-06-24;15.711965;-2.1571248;0.010424296;751.24335;1.2726287;103.27291;0.0;-7.3453654e-25;99.99998;-7.345365e-21;0.0008523463;-1.7272327;5.9604645e-05;1.5785396;1.5784949;0.0;0.0;7158.863;8749.052;-3506.9238;6101.4365;-1199.8522;-1994.0211
2005-06-25;15.311086;-1.4582316;0.010276794;749.61005;1.1995188;128.88643;0.0;-7.3453654e-25;99.99998;-7.345365e-21;0.00044107434;-1.6165637;2.9802322e-05;1.5288591;1.5288144;0.0;0.0;7044.0967;8607.653;-3332.1223;6287.996;-1122.9722;-2192.0112
2005-06-26;14.055054;-4.4065247;0.009848277;747.92065;1.537124;127.87909;0.0;-7.3453654e-25;99.99998;-7.345365e-21;0.0;-1.5115347;0.0;1.4816672;1.4816597;0.0;0.0;7090.8657;8663.645;-3308.909;6190.743;-1050.0133;-2404.1267
2005-06-27;12.222026;2.146108;0.009936015;747.7824;1.2221922;59.73473;0.0;-7.3453654e-25;99.99998;-7.345365e-21;0.35667092;-1.2247013;0.020489097;1.4578402;1.4373586;0.0;0.0;5665.4727;6921.027;-2485.3706;6927.678;-850.7589;-2058.7
2005-06-28;13.729075;2.5132751;0.010237376;748.7045;0.9329004;112.1003;0.0;-7.3453654e-25;99.99998;-7.345365e-21;0.17762184;-1.2551984;0.010579824;1.4061332;1.3955309;0.0;0.0;5305.6694;6480.7544;-2358.8662;7113.078;-871.94446;-1744.2278
2005-06-29;15.058726;0.39117432;0.009803772;748.76514;1.0641332;156.058;0.0;-7.3453654e-25;99.99998;-7.345365e-21;0.022947788;-1.5306361;0.001385808;1.3566464;1.3552606;0.0;0.0;6570.2905;8024.4556;-2978.6272;6701.35;-1063.2822;-2119.2612
2005-06-30;15.078288;-1.9120077;0.009913127;749.35077;1.3520441;121.180565;0.0;-7.3453654e-25;99.99998;-7.345365e-21;0.0011503468;-1.4350954;7.4505806e-05;1.3164729;1.3164208;0.0;0.0;6683.6445;8161.8677;-3096.8994;6542.7354;-996.91223;-2267.9988
2005-07-01;14.852051;1.535614;0.00995636;749.5886;1.0972694;62.041733;0.0;-7.3453654e-25;99.99998;-7.345365e-21;0.27735043;-1.3219863;0.015929341;1.2954175;1.2794882;0.0;0.0;6189.1455;7556.9155;-2844.6929;6848.642;-918.3411;-2010.5488
2005-07-02;15.878224;4.1982627;0.009654999;749.61285;1.2000592;43.17902;0.0;-7.3453654e-25;99.99998;-7.345365e-21;0.3107369;-1.3189045;0.017493963;1.2619048;1.244396;0.0;0.0;5896.465;7198.79;-2524.672;7269.5723;-916.1989;-1981.8611
2005-07-03;17.617147;2.8226116;0.010139465;749.11865;1.1684635;137.21873;0.0;-7.3453654e-25;99.99998;-7.345365e-21;0.0077933073;-1.5466455;0.000461936;1.2110472;1.2105777;0.0;0.0;6474.792;7903.787;-2930.4102;7047.698;-1074.4022;-2014.5244
2005-07-04;17.791351;-0.1485494;0.00990804;748.90924;1.298874;182.04651;0.0;-7.3453654e-25;99.99998;-7.345365e-21;0.0008523463;-1.4652088;4.4703484e-05;1.1779368;1.1778772;0.0;0.0;6911.671;8436.016;-3235.0505;6751.7104;-1017.8311;-2274.9756
2005-07-05;15.972656;-2.0621338;0.009771983;747.0682;1.5106679;213.34059;0.0;-7.3453654e-25;99.99998;-7.345365e-21;0.0;-1.2799538;0.0;1.1465997;1.1465997;0.0;0.0;7039.6235;8591.125;-3362.2485;6391.0234;-889.14;-2549.2366
2005-07-06;15.251027;0.1745402;0.009937286;747.4748;1.1522498;130.99036;0.0;-7.3453654e-25;99.99998;-7.345365e-21;0.0008523463;-1.2432449;4.4703484e-05;1.1166632;1.1166185;0.0;0.0;6918.003;8441.622;-3246.351;6536.4863;-863.6411;-2394.439
2005-07-07;16.550314;1.1995035;0.009894053;751.4206;1.0706271;99.31677;0.0;-7.3453654e-25;99.99998;-7.345365e-21;0.036008224;-1.1534765;0.0018626451;1.0897964;1.0879189;0.0;0.0;6074.9937;7411.894;-2865.2427;7020.1543;-801.2811;-2011.8978
2005-07-08;17.891937;4.2143044;0.009901683;753.66486;1.2874984;37.796143;0.0;-7.3453654e-25;99.99998;-7.345365e-21;0.061422586;-1.237398;0.0033974648;1.0637641;1.0603517;0.0;0.0;6499.3667;7928.668;-2990.4194;7103.3364;-859.58;-2166.0745
2005-07-09;19.875711;4.0968933;0.010042827;752.9373;1.2580358;68.34998;0.0;-7.3453654e-25;100.00259;-7.345365e-21;0.00035762787;-1.33916;1.4901161e-05;1.0336936;1.0336637;0.0;0.0;6784.7363;8275.752;-3189.3452;7115.2607;-930.27;-2071.1577
2005-07-10;19.87738;4.6840415;0.009991963;752.8271;1.222159;114.21384;0.0;-7.3453654e-25;99.99998;-7.345365e-21;0.004005631;-1.2394004;0.00017881393;1.0081232;1.0079443;0.0;0.0;6519.879;7951.6436;-3015.8718;7323.132;-860.9711;-2171.229
2005-07-11;19.892752;4.3492026;0.009806315;753.28217;1.1274194;98.412285;0.0;-7.3453654e-25;99.99998;-7.345365e-21;0.0013947483;-1.2166165;7.4505806e-05;0.983268;0.9831935;0.0;0.0;6399.148;7803.3223;-2983.9983;7409.8955;-845.1422;-2072.7068
2005-07-12;20.709238;5.1726174;0.009929657;753.2749;0.9619191;64.10393;0.0;-7.3453654e-25;100.00519;-7.345365e-21;0.0018268824;-1.2539774;0.00010430813;0.95939636;0.95929205;0.0;0.0;6583.151;8026.763;-3068.3423;7470.649;-871.0967;-2106.3389
2005-07-13;20.669168;3.2280781;0.010044098;751.3863;1.3416728;150.79173;0.0;-7.3453654e-25;99.99998;-7.345365e-21;0.0029999202;-1.2070909;0.00014901161;0.93638897;0.9362325;0.0;0.0;6701.2856;8169.707;-3174.2034;7288.9478;-838.5256;-2281.56
2005-07-14;20.02295;-0.7031453;0.010017395;751.6123;1.3174893;137.08543;0.0;-7.3453654e-25;99.99998;-7.345365e-21;0.0;-1.1744704;0.0;0.91408193;0.91406703;0.0;0.0;6944.87;8465.604;-3482.4028;6828.5757;-815.86664;-2370.0444
2005-07-15;19.053213;-4.427358;0.010022481;753.06464;1.2872368;220.24046;0.0;-7.3453654e-25;99.99998;-7.345365e-21;0.00085234636;-1.1160318;5.9604645e-05;0.8928478;0.8928031;0.0;0.0;7132.1045;8692.744;-3767.822;6332.315;-775.27;-2339.1677
2005-07-16;18.62561;-1.8767802;0.009938558;753.66254;1.2735176;246.73787;0.0;-7.3453654e-25;99.99998;-7.345365e-21;0.00042617318;-1.0858178;2.9802322e-05;0.872314;0.8722842;0.0;0.0;7010.9673;8543.214;-3521.5652;6595.7334;-754.2811;-2360.79
2005-07-17;19.312845;-0.59281415;0.009820302;753.399;1.430459;132.97478;0.0;-7.3453654e-25;99.99998;-7.345365e-21;0.0;-1.0625701;0.0;0.8524656;0.8524656;0.0;0.0;6802.21;8286.954;-3248.3032;6960.759;-738.1322;-2436.8845
2005-07-18;19.279724;-1.6055197;0.010079701;753.1697;1.5506004;184.0938;0.0;-7.3453654e-25;99.99998;-7.345365e-21;0.0008583068;-1.0416471;5.9604645e-05;0.83339214;0.83333254;0.0;0.0;6810.8945;8295.698;-3349.919;6824.0234;-723.5989;-2482.1655
2005-07-19;17.977488;-6.074758;0.010189056;754.31195;1.2466229;163.2791;0.0;-7.3453654e-25;99.99998;-7.345365e-21;0.0;-1.0376294;0.0;0.8148551;0.8148551;0.0;0.0;7088.354;8631.703;-3737.5325;6276.412;-720.80664;-2386.6567
2005-07-20;17.206106;-0.98027545;0.010055542;753.12067;0.9694469;67.69752;0.0;-7.3453654e-25;99.99998;-7.345365e-21;0.016659498;-0.98360795;0.00064074993;0.79764426;0.7969886;0.0;0.0;6495.093;7907.388;-3183.0208;6888.5977;-683.28;-2248.2688
2005-07-21;17.15563;3.0577495;0.009953816;751.5867;1.0264398;58.81892;0.0;-7.3453654e-25;99.99998;-7.345365e-21;0.51459074;-0.97803026;0.02643466;0.80633163;0.779897;0.0;0.0;5918.5854;7203.9478;-2759.041;7285.66;-679.4044;-2161.4656
2005-07-22;18.394318;1.2848206;0.010101318;751.42285;1.0982533;87.18439;0.0;-7.3453654e-25;99.99998;-7.345365e-21;0.0033819485;-1.1908021;0.00014901161;0.7635057;0.7633418;0.0;0.0;6399.246;7787.3174;-3082.8164;7096.109;-827.21;-2156.3867
2005-07-23;18.911957;1.2164408;0.010131836;751.13403;1.217778;86.87351;0.0;-7.3453654e-25;99.99998;-7.345365e-21;0.007602572;-0.9921677;0.00029802322;0.74754655;0.74724853;0.0;0.0;6089.5195;7408.727;-2996.0703;7192.879;-689.2256;-2063.7122
2005-07-24;19.303345;1.2717386;0.010014852;750.93207;1.3855644;91.59159;0.0;-7.3453654e-25;99.99998;-7.345365e-21;0.007376075;-0.94942933;0.0003427267;0.73203444;0.73169917;0.0;0.0;6206.455;7549.3438;-3052.1924;7172.2134;-659.5367;-2181.75
2005-07-25;19.4204;1.9877218;0.009585063;752.4448;1.3676558;103.90744;0.0;-7.3453654e-25;99.99998;-7.345365e-21;0.029665232;-0.88717043;0.0015050173;0.71817636;0.7166788;0.0;0.0;5946.831;7231.907;-2861.977;7371.1685;-616.2878;-2102.3022
2005-07-26;19.46102;2.252889;0.010065715;753.26337;1.3914462;93.08447;0.0;-7.3453654e-25;99.99998;-7.345365e-21;0.03170967;-0.92853975;0.0016242266;0.70378184;0.7021427;0.0;0.0;6130.839;7453.9717;-2961.1938;7322.677;-645.0267;-2193.42
2005-07-27;19.990448;4.381185;0.010103862;753.6237;1.412384;55.61703;0.0;-7.3453654e-25;99.99998;-7.345365e-21;0.014448166;-0.9280778;0.00059604645;0.68858266;0.6879866;0.0;0.0;6117.592;7436.2476;-2972.0662;7378.851;-644.70557;-2117.3533
2005-07-28;20.131796;4.918325;0.009999593;754.0408;1.5048547;54.78181;0.0;-7.3453654e-25;99.99998;-7.345365e-21;0.37112832;-0.9792205;0.018492341;0.6927699;0.67427754;0.0;0.0;6045.34;7346.896;-2809.5605;7595.404;-680.23224;-2141.2722
2005-07-29;20.393381;3.4285583;0.010114034;753.11395;1.3182906;83.07688;0.0;-7.3453654e-25;99.99998;-7.345365e-21;0.025090795;-1.0463465;0.0012367964;0.6622523;0.66100806;0.0;0.0;5972.247;7256.449;-2940.8262;7412.525;-726.86334;-2029.5089
2005-07-30;20.290121;1.9562479;0.010088603;752.2766;1.293317;97.818756;0.0;-7.3453654e-25;99.99998;-7.345365e-21;0.0010967255;-0.9211153;4.4703484e-05;0.6481707;0.648126;0.0;0.0;5992.785;7279.677;-3050.7466;7230.4946;-639.8678;-2061.7622
2005-07-31;19.37913;0.63849896;0.00993983;751.7212;1.3428193;159.6225;0.0;-7.3453654e-25;99.99998;-7.345365e-21;0.0017061302;-0.92889553;8.940697e-05;0.63565373;0.6355643;0.0;0.0;6724.715;8166.905;-3391.7;6871.1646;-645.2733;-2431.59
2005-08-01;18.263224;-2.4525757;0.009934743;750.2402;1.2070441;134.36546;0.0;-7.3453654e-25;99.99998;-7.345365e-21;0.0;-0.88997835;0.0;0.6233454;0.6233528;0.0;0.0;6815.237;8275.06;-3614.3584;6488.497;-618.23834;-2395.088
2005-08-02;17.300497;-2.2507427;0.009824117;749.1386;1.2463225;146.18599;0.0;-7.3453654e-25;99.99998;-7.345365e-21;0.0;-0.84694475;0.0;0.61149895;0.6115064;0.0;0.0;6843.4688;8307.429;-3562.5854;6435.09;-588.3444;-2476.73
2005-08-03;16.699097;0.48184204;0.010045369;750.0493;1.1807832;133.49199;0.0;-7.3453654e-25;99.99998;-7.345365e-21;0.00087022776;-0.79253316;5.9604645e-05;0.60006976;0.6000176;0.0;0.0;6505.5083;7895.3916;-3183.595;6785.532;-550.5467;-2549.2021
2005-08-04;16.72351;1.471934;0.009794871;751.54694;1.1760236;182.5537;0.0;-7.3453654e-25;99.99998;-7.345365e-21;0.0;-0.7607006;0.0;0.5889237;0.58891624;0.0;0.0;6215.125;7541.3804;-3030.053;6933.923;-528.43335;-2448.9722
2005-08-05;17.131205;-0.028442383;0.010044098;751.7568;1.1753293;183.57906;0.0;-7.3453654e-25;99.99998;-7.345365e-21;0.0;-0.8093342;0.0;0.57810545;0.57809055;0.0;0.0;6623.8057;8035.4404;-3302.8335;6722.7856;-562.2178;-2508.8345
2005-08-06;18.374481;-0.08425903;0.009849548;751.32764;1.1312433;139.52681;0.0;-7.3453654e-25;99.99998;-7.345365e-21;0.00043701532;-0.83085525;2.9802322e-05;0.5675554;0.5675256;0.0;0.0;6458.5024;7833.151;-3250.187;6928.7495;-577.1678;-2268.7078
2005-08-07;18.925924;0.5661519;0.009619395;749.69293;1.1844393;131.81345;0.0;-7.3453654e-25;99.99998;-7.345365e-21;0.0;-0.82942474;0.0;0.5572438;0.5572364;0.0;0.0;6461.9126;7835.49;-3255.0247;6987.019;-576.17334;-2302.9377
2005-08-08;19.722473;3.4773762;0.00997289;749.5251;1.1680098;111.59094;0.0;-7.3453654e-25;99.99998;-7.345365e-21;0.0008583069;-0.7620966;4.4703484e-05;0.54730475;0.54726005;0.0;0.0;5702.5044;6913.011;-2749.0745;7597.262;-529.4033;-2004.081
2005-08-09;19.809845;5.9611106;0.009928386;752.0268;1.6418561;43.351215;0.0;-7.3453654e-25;99.99998;-7.345365e-21;0.06312132;-0.7355511;0.0027865171;0.5404651;0.5376637;0.0;0.0;5739.322;6956.3623;-2822.7117;7476.7944;-510.96335;-2107.1067
2005-08-10;19.613443;5.210317;0.009979248;751.93384;1.018239;87.9399;0.0;-7.3453654e-25;100.00519;-7.345365e-21;0.010579824;-0.7588435;0.0005364418;0.5288422;0.52830577;0.0;0.0;5633.376;6826.576;-2776.4573;7567.4146;-527.1433;-1991.8389
2005-08-11;17.781372;5.6355386;0.0095876055;751.30707;1.2346889;113.586876;0.0;-7.3453654e-25;100.00259;-7.345365e-21;1.172781;-0.83040446;0.062078238;0.5813241;0.51923096;0.0;0.0;5317.4624;6442.2295;-2587.5002;7559.6426;-576.8555;-2022.9222
2005-08-12;14.853557;8.933228;0.010072072;752.6243;1.2796599;84.450264;0.0;-7.3453654e-25;99.99998;-7.345365e-21;4.343001;-1.1654477;0.26883185;0.77944994;0.510633;0.0;0.0;4434.094;5370.9004;-1986.3228;7660.4224;-809.5978;-1786.8422
2005-08-13;16.521109;7.00473;0.009792328;754.3067;1.1279405;56.647427;0.0;-7.3453654e-25;99.99998;-7.345365e-21;1.8060505;-2.2279806;0.10064244;0.6029308;0.50230324;0.0;0.0;5470.9307;6625.198;-2313.9895;7423.53;-1547.7045;-1500.5667
2005-08-14;17.56495;5.02652;0.009859721;754.4853;1.0214201;96.18832;0.0;-7.3453654e-25;99.99998;-7.345365e-21;0.048920512;-2.3148944;0.002399087;0.49641728;0.4940182;0.0;0.0;5931.735;7181.5386;-2614.8577;7211.7056;-1608.08;-1522.3134
2005-08-15;18.37382;2.023346;0.010031383;754.2737;1.2097136;108.319176;0.0;-7.3453654e-25;99.99998;-7.345365e-21;0.0;-1.9835019;0.0;0.48582256;0.48582256;0.0;0.0;6415.301;7765.1035;-3004.4229;6932.0835;-1377.8722;-1800.9288
2005-08-16;18.949493;2.8492737;0.009742737;754.3233;1.3367405;104.90983;0.0;-7.3453654e-25;99.99998;-7.345365e-21;0.0012874597;-1.4342927;5.9604645e-05;0.47788024;0.47781318;0.0;0.0;5960.2495;7213.45;-2847.6306;7201.177;-996.3555;-1813.3367
2005-08-17;19.584341;2.9915771;0.010045369;754.3506;1.2831546;82.29802;0.0;-7.3453654e-25;99.99998;-7.345365e-21;0.0024616711;-0.9734258;0.00010430813;0.47019124;0.47010183;0.0;0.0;5211.3423;6306.2773;-2664.8855;7423.411;-676.20776;-1605.45
2005-08-18;20.12381;2.2388306;0.009829204;754.66284;1.3458565;112.646645;0.0;-7.3453654e-25;99.99998;-7.345365e-21;0.00086811313;-0.86962247;4.4703484e-05;0.46259165;0.46256185;0.0;0.0;5724.148;6925.984;-2915.686;7307.3755;-604.0989;-1892.99
2005-08-19;19.773916;-1.1414999;0.009788513;753.2742;1.3540279;112.14394;0.0;-7.3453654e-25;99.99998;-7.345365e-21;0.0;-0.8264426;0.0;0.45514107;0.45514107;0.0;0.0;6316.285;7641.7095;-3379.5728;6819.042;-574.10333;-2148.271
2005-08-20;19.453592;-4.969503;0.010258992;750.6927;1.1759893;130.51718;0.0;-7.3453654e-25;99.99998;-7.345365e-21;0.0012934206;-0.7934254;5.9604645e-05;0.4479587;0.44789165;0.0;0.0;6403.097;7745.783;-3630.3018;6481.972;-551.1667;-2021.5989
2005-08-21;17.355844;-1.1250101;0.010445912;749.8748;1.3494549;172.5308;0.0;-7.3453654e-25;99.99998;-7.345365e-21;0.0021420028;-0.6991811;0.00010430813;0.44092536;0.44083595;0.0;0.0;6348.297;7678.575;-3374.2502;6541.9893;-485.69888;-2300.9775
2005-08-22;17.582916;2.3927815;0.009938558;751.50726;1.1804742;128.33678;0.0;-7.3453654e-25;99.99998;-7.345365e-21;0.0;-0.6887224;0.0;0.43395162;0.43395162;0.0;0.0;6093.599;7369.6274;-3070.6235;6930.1177;-478.43222;-2272.0298
2005-08-23;18.25994;4.02651;0.009797414;752.84644;1.1524099;128.33766;0.0;-7.3453654e-25;99.99998;-7.345365e-21;0.00042617318;-0.6841095;1.4901161e-05;0.4272312;0.4272014;0.0;0.0;5756.8555;6961.485;-2880.6187;7235.7393;-475.22778;-2126.023
2005-08-24;18.659048;1.6215311;0.009820302;753.0765;1.1879365;196.32793;0.0;-7.3453654e-25;99.99998;-7.345365e-21;0.00257194;-0.7008947;0.00011920929;0.4207343;0.42061508;0.0;0.0;6073.731;7343.8364;-3174.7517;6950.191;-486.8878;-2208.2556
2005-08-25;18.280264;0.16234334;0.009281158;753.0662;1.2356904;161.27245;0.0;-7.3453654e-25;99.99998;-7.345365e-21;0.0;-0.6769318;0.0;0.41419268;0.41418523;0.0;0.0;6061.3926;7328.036;-3178.3755;6865.992;-470.24222;-2204.3079
2005-08-26;17.543894;-0.8230184;0.009408315;753.8281;1.1890506;112.09308;0.0;-7.3453654e-25;100.00519;-7.345365e-21;0.0021487467;-0.67040324;9.685755e-05;0.4080087;0.4079044;0.0;0.0;6088.092;7359.2886;-3293.8872;6686.266;-465.70667;-2201.5278
2005-08-27;17.243317;0.8998311;0.00993983;753.8369;1.2089735;167.91283;0.0;-7.3453654e-25;99.99998;-7.345365e-21;0.0004351138;-0.6441623;1.4901161e-05;0.4017949;0.40177256;0.0;0.0;5914.0684;7148.1436;-3167.0464;6734.176;-447.47778;-2186.7566
2005-08-28;16.65095;-1.2384338;0.010274251;753.23755;1.3797721;204.10786;0.0;-7.3453654e-25;99.99998;-7.345365e-21;0.0008702277;-0.5845921;2.9802322e-05;0.39586425;0.39584935;0.0;0.0;5821.18;7035.092;-3130.585;6595.4326;-406.09668;-2185.0078
2005-08-29;15.725596;1.8325806;0.009685516;753.34937;0.9702697;75.01472;0.0;-7.3453654e-25;99.99998;-7.345365e-21;0.08177757;-0.5398672;0.0037103891;0.3938079;0.39010495;0.0;0.0;4874.688;5890.488;-2520.3306;7256.008;-375.02667;-1761.1544
2005-08-30;13.138347;6.257599;0.010152181;752.5914;1.0232505;67.048134;0.0;-7.3453654e-25;99.99998;-7.345365e-21;8.471528;-0.83193743;0.5353689;0.9199977;0.38462877;0.0;0.0;4307.099;5203.965;-2215.8955;7184.4624;-577.9189;-1687.8011
2005-08-31;12.212911;5.3233643;0.010218303;751.8295;1.199693;73.394806;0.0;-7.3453654e-25;99.99998;-7.345365e-21;1.9825399;-2.1065733;0.1103282;0.48974156;0.37942827;0.0;0.0;4518.444;5458.8633;-1995.7422;7088.154;-1463.3667;-1301.1466
2005-09-01;14.3706255;0.19413249;0.009897868;751.7441;1.1828583;137.34459;0.0;-7.3453654e-25;99.99998;-7.345365e-21;0.0003427267;-2.3102834;1.4901161e-05;0.37428737;0.37427992;0.0;0.0;5222.811;6308.9995;-2457.686;6679.0312;-1604.8767;-1247.79
2005-09-02;14.54008;-1.313619;0.00974528;753.35126;1.4609432;190.70056;0.0;-7.3453654e-25;99.99998;-7.345365e-21;0.00085602375;-1.9846056;4.4703484e-05;0.36916137;0.36913902;0.0;0.0;5793.0728;6996.9634;-2769.1106;6384.0347;-1378.64;-1662.0577
2005-09-03;13.482239;1.2434489;0.009733836;752.7557;1.4698528;199.48473;0.0;-7.3453654e-25;99.99998;-7.345365e-21;0.01886487;-1.5275357;0.0009536743;0.36507845;0.36411732;0.0;0.0;5125.207;6189.625;-2412.579;6700.023;-1061.1289;-1663.8633
2005-09-04;11.963511;1.7576803;0.009858449;750.7989;1.3846498;229.88673;0.0;-7.3453654e-25;99.99998;-7.345365e-21;0.0012099743;-1.254363;5.9604645e-05;0.3593117;0.3592521;0.0;0.0;5351.995;6462.698;-2605.6372;6422.298;-871.36444;-1953.8434
2005-09-05;11.333812;0.24504597;0.010150909;750.62335;1.2964681;177.5818;0.0;-7.3453654e-25;99.99998;-7.345365e-21;0.0;-1.0926406;0.0;0.35446882;0.35446882;0.0;0.0;5423.883;6548.7295;-2754.8245;6251.1377;-759.0222;-1966.9956
2005-09-06;11.369476;0.14357503;0.010147095;752.9531;1.2761563;54.70814;0.0;-7.3453654e-25;99.99998;-7.345365e-21;0.0;-0.9711366;0.0;0.34976006;0.34976006;0.0;0.0;5597.3833;6757.0566;-2955.5854;6129.2266;-674.61664;-1912.0889
2005-09-07;13.306;0.047739666;0.0101623535;754.1325;1.208992;75.19517;0.0;-7.3453654e-25;99.99998;-7.345365e-21;0.0;-0.8595642;0.0;0.345096;0.34510344;0.0;0.0;5637.3423;6804.74;-3096.855;6158.2173;-597.1111;-1772.95
2005-09-08;13.662567;0.16752116;0.009941101;753.33154;1.2557778;94.168976;0.0;-7.3453654e-25;99.99998;-7.345365e-21;0.00086544745;-0.7142443;4.4703484e-05;0.34058094;0.34052134;0.0;0.0;5518.199;6660.0854;-2976.2568;6345.9346;-496.16223;-1883.74
2005-09-09;14.065349;0.076934814;0.010111491;754.38605;1.2731961;103.18296;0.0;-7.3453654e-25;99.99998;-7.345365e-21;0.000853845;-0.63016266;4.4703484e-05;0.3360808;0.33604354;0.0;0.0;5407.3154;6525.487;-2878.4983;6495.1924;-437.75333;-1935.6278
2005-09-10;14.971873;-2.3819988;0.009764354;753.0471;1.4578906;127.90534;0.0;-7.3453654e-25;99.99998;-7.345365e-21;0.049844828;-0.5462002;0.00230968;0.33399463;0.33168495;0.0;0.0;4947.4067;5969.826;-2716.181;6623.3643;-379.42667;-1743.2489
2005-09-11;14.728516;-6.559092;0.010041554;750.59906;1.3523687;170.6054;0.0;-7.3453654e-25;99.99998;-7.345365e-21;0.00043511385;-0.561662;1.4901161e-05;0.32743812;0.32742321;0.0;0.0;5496.434;6631.509;-3176.082;6077.0923;-390.1678;-1972.3153
2005-09-12;12.869354;-5.371206;0.010426839;750.6857;1.1088417;148.56093;0.0;-7.3453654e-25;99.99998;-7.345365e-21;0.0008583069;-0.5397331;4.4703484e-05;0.3232807;0.323236;0.0;0.0;5490.3184;6623.3438;-3251.2554;5894.6504;-374.93445;-1808.7456
2005-09-13;12.851613;-4.8345237;0.009897868;752.68317;1.1370218;105.49494;0.0;-7.3453654e-25;99.99998;-7.345365e-21;0.0008583069;-0.52965057;4.4703484e-05;0.31915307;0.31913072;0.0;0.0;5405.4155;6520.1157;-3132.8342;6067.6274;-367.93;-1800.8978
2005-09-14;13.058807;-2.2163188;0.009774526;753.20966;1.1834116;94.55566;0.0;-7.3453654e-25;99.99998;-7.345365e-21;0.00086426735;-0.5047042;2.9802322e-05;0.31512976;0.3150925;0.0;0.0;5147.509;6208.208;-2886.1277;6371.644;-350.60223;-1775.2045
2005-09-15;13.275452;-2.7972615;0.010032654;752.476;1.0839273;145.9099;0.0;-7.3453654e-25;99.99998;-7.345365e-21;0.0;-0.5026385;0.0;0.31115115;0.31115115;0.0;0.0;5244.894;6324.9365;-3031.2795;6205.8667;-349.16556;-1808.0867
2005-09-16;13.661224;-5.533956;0.010050456;752.5212;1.0944959;169.415;0.0;-7.3453654e-25;99.99998;-7.345365e-21;0.0004351138;-0.500232;2.9802322e-05;0.30729175;0.3072843;0.0;0.0;5279.673;6361.368;-3134.4966;6070.1045;-347.49445;-1702.3212
2005-09-17;14.450704;-4.7826943;0.010056813;753.1411;1.1460413;152.50963;0.0;-7.3453654e-25;99.99998;-7.345365e-21;0.00084748946;-0.5139578;4.4703484e-05;0.30353665;0.3034845;0.0;0.0;5243.5483;6312.3296;-3127.8655;6185.9644;-357.0289;-1598.1611
2005-09-18;13.778137;-3.934499;0.009983063;754.2756;1.0245968;97.02332;0.0;-7.3453654e-25;99.99998;-7.345365e-21;0.35694242;-0.5489318;0.01694262;0.31672418;0.299789;0.0;0.0;4658.065;5602.6304;-2735.5872;6540.351;-381.32443;-1447.4344
2005-09-19;13.976318;-3.708791;0.009975433;754.6202;1.1590514;106.119865;0.0;-7.3453654e-25;99.99998;-7.345365e-21;0.011384487;-0.58270246;0.0003874302;0.2965629;0.29618293;0.0;0.0;4780.7246;5745.084;-2741.9573;6541.306;-404.78333;-1520.1677
2005-09-20;13.583618;-4.8359475;0.009819031;752.7781;1.2682747;125.519135;0.0;-7.3453654e-25;99.99998;-7.345365e-21;0.0;-0.5192151;0.0;0.2926141;0.29262155;0.0;0.0;5085.0405;6105.481;-2968.682;6216.07;-360.68222;-1751.2833
2005-09-21;13.459004;-4.836161;0.009980519;753.89545;1.2143661;155.64867;0.0;-7.3453654e-25;99.99998;-7.345365e-21;0.00044820693;-0.47717708;1.4901161e-05;0.28914213;0.28914213;0.0;0.0;5047.858;6055.6226;-2953.3574;6173.4243;-331.47888;-1744.7167
2005-09-22;12.879211;-3.4075012;0.01007843;755.4602;1.2032121;146.21143;0.0;-7.3453654e-25;99.99998;-7.345365e-21;0.0;-0.4503783;0.0;0.28571486;0.28572977;0.0;0.0;4873.773;5841.718;-2797.522;6324.528;-312.86334;-1672.8345
2005-09-23;12.780579;-4.4075217;0.009853363;754.95355;1.2314881;202.54797;0.0;-7.3453654e-25;99.99998;-7.345365e-21;0.0;-0.44979528;0.0;0.282377;0.282377;0.0;0.0;4978.2686;5961.777;-2982.284;6115.3794;-312.45776;-1718.1444
2005-09-24;11.954518;-5.9842734;0.010130565;754.44293;1.212886;214.256;0.0;-7.3453654e-25;99.99998;-7.345365e-21;0.0004418572;-0.418514;1.4901161e-05;0.27911365;0.27909875;0.0;0.0;5015.17;6000.7812;-3051.202;5844.878;-290.72665;-1707.6278
2005-09-25;11.602366;-1.5751547;0.009887695;754.20874;1.3957845;219.56865;0.0;-7.3453654e-25;99.99998;-7.345365e-21;0.6579101;-0.4856661;0.034213066;0.31012297;0.2759248;0.0;0.0;4586.0405;5482.59;-2562.0874;6302.1294;-337.37555;-1740.9022
2005-09-26;10.763835;-2.0821025;0.009900411;754.0488;1.0529294;225.1256;0.0;-7.3453654e-25;99.99998;-7.345365e-21;0.0008583069;-0.5585952;2.9802322e-05;0.27287006;0.27282536;0.0;0.0;4875.13;5823.101;-2845.5598;5945.592;-388.03665;-1699.5455
2005-09-27;10.084198;-1.6879476;0.010316213;753.5159;1.0189914;121.65098;0.0;-7.3453654e-25;99.99998;-7.345365e-21;0.0034868717;-0.45069215;0.00016391277;0.26994944;0.26977807;0.0;0.0;4226.456;5043.888;-2402.4468;6393.952;-313.08112;-1500.1311
2005-09-28;8.356618;-0.495931;0.009985606;752.96783;0.92389387;118.68336;0.0;-7.3453654e-25;99.99998;-7.345365e-21;1.0499686;-0.59620386;0.048935413;0.3158301;0.26688725;0.0;0.0;3484.4011;4154.5977;-2033.4442;6522.487;-414.16333;-1250.8944
2005-09-29;7.8071084;-0.7356364;0.01028188;751.9079;1.0719534;179.36162;0.0;-7.3453654e-25;99.99998;-7.345365e-21;0.38920626;-0.5486924;0.01733005;0.28139353;0.26407093;0.0;0.0;3751.7307;4469.5967;-1886.6967;6705.527;-381.15887;-1513.88
2005-09-30;6.688131;0.09983317;0.010125478;752.5784;0.9755359;194.70258;0.0;-7.3453654e-25;99.99998;-7.345365e-21;1.0497388;-0.6938512;0.048995018;0.31033158;0.26133657;0.0;0.0;3507.0845;4174.6772;-2033.3522;6319.4546;-481.995;-1332.1934
2005-10-01;7.8441873;-1.4052633;0.0100034075;755.72876;0.97695214;120.92959;0.0;-7.3453654e-25;99.99998;-7.345365e-21;0.0;-0.7255925;0.0;0.25859475;0.2585873;0.0;0.0;4422.575;5259.7544;-2420.3047;6117.5547;-504.04443;-1512.4434
2005-10-02;9.173676;-2.0846863;0.010152181;755.7961;1.0641596;106.217705;0.0;-7.3453654e-25;99.99998;-7.345365e-21;0.002138904;-0.6529447;0.00010430813;0.25591254;0.25582314;0.0;0.0;4546.527;5402.411;-2583.175;6056.2144;-453.5789;-1476.0634
2005-10-03;9.174113;-2.7084453;0.010142009;753.3449;1.1189253;151.2252;0.0;-7.3453654e-25;99.99998;-7.345365e-21;0.20936435;-0.5757054;0.009730458;0.26281178;0.25308877;0.0;0.0;4612.6494;5476.3105;-2621.6406;6032.2554;-399.92334;-1541.0056
2005-10-04;7.4520364;0.11352539;0.009999593;750.90674;0.8056884;127.70472;0.0;-7.3453654e-25;99.99998;-7.345365e-21;0.22244155;-0.49856025;0.010296702;0.26078522;0.25048107;0.0;0.0;3178.8577;3770.9275;-1897.9014;6518.6855;-346.33334;-1136.0167
2005-10-05;7.865092;-2.0588582;0.009684245;751.9135;1.0716758;156.21619;0.0;-7.3453654e-25;99.99998;-7.345365e-21;0.0021010637;-0.45532918;0.00010430813;0.24804473;0.24794042;0.0;0.0;3767.9863;4465.9165;-2141.033;6333.8765;-316.30222;-1363.8245
2005-10-06;7.6408386;-1.7972006;0.0097796125;753.91974;0.96747047;230.38934;0.0;-7.3453654e-25;99.99998;-7.345365e-21;0.042021275;-0.32680762;0.001937151;0.24741888;0.24545193;0.0;0.0;3067.1797;3632.1943;-1993.1133;6292.84;-227.02333;-1097.9756
2005-10-07;7.7946167;-1.817749;0.010025024;754.28485;1.1239843;255.70013;0.0;-7.3453654e-25;99.99998;-7.345365e-21;0.7405758;-0.48552173;0.03991276;0.28291345;0.24300069;0.0;0.0;4268.0776;5049.9443;-2446.853;5899.49;-337.27554;-1542.4211
2005-10-08;7.0979514;-4.793213;0.009913127;752.87427;1.193116;107.83555;0.0;-7.3453654e-25;99.99998;-7.345365e-21;0.006186961;-0.52665734;0.00023841858;0.24080276;0.2405569;0.0;0.0;3954.2915;4674.529;-2417.197;5901.153;-365.85;-1363.5956
2005-10-09;6.4743247;-9.204762;0.010327657;754.4622;1.1174796;165.82841;0.0;-7.3453654e-25;99.99998;-7.345365e-21;0.0017166131;-0.48865193;8.940697e-05;0.23823977;0.23815036;0.0;0.0;4493.052;5306.9824;-2796.0073;5356.7144;-339.4511;-1453.6145
2005-10-10;9.433827;-5.2173667;0.009894053;757.90283;1.0004361;184.22176;0.0;-7.3453654e-25;99.99998;-7.345365e-21;0.22561301;-0.46542287;0.010728836;0.24649501;0.23576617;0.0;0.0;4003.4;4724.664;-2295.5056;6134.349;-323.31332;-1257.5322
2005-10-11;11.740001;-3.6737568;0.009980519;759.50494;1.2681583;190.68776;0.0;-7.3453654e-25;99.99998;-7.345365e-21;0.09855926;-0.47720596;0.004760921;0.23819506;0.23343414;0.0;0.0;3909.2212;4609.536;-2264.5488;6368.75;-331.4989;-1174.8966
2005-10-12;12.156728;-4.7397666;0.0101916;760.2891;1.3290726;108.95554;0.0;-7.3453654e-25;99.99998;-7.345365e-21;0.0032722945;-0.44720435;0.00016391277;0.23128092;0.23113191;0.0;0.0;3683.2673;4339.461;-2195.2117;6466.9067;-310.65887;-1105.5211
2005-10-13;11.67982;-4.934336;0.009975433;760.19635;1.1632932;157.75891;0.0;-7.3453654e-25;99.99998;-7.345365e-21;0.0;-0.45684072;0.0;0.22885203;0.22884458;0.0;0.0;3984.4895;4690.3027;-2442.9805;6286.8613;-317.35223;-1146.6677
2005-10-14;10.576141;-4.7304893;0.00995636;757.666;1.1010127;125.446625;0.0;-7.3453654e-25;99.99998;-7.345365e-21;0.08584559;-0.40395838;0.004082918;0.23068488;0.22659451;0.0;0.0;3669.564;4315.9453;-2314.8232;6358.944;-280.61612;-1024.1011
2005-10-15;10.427684;-3.1114197;0.0100746155;754.82666;1.5543104;176.49641;0.0;-7.3453654e-25;99.99998;-7.345365e-21;0.444171;-0.4297886;0.020980835;0.24540722;0.22442639;0.0;0.0;3585.7273;4213.72;-2184.8318;6329.5815;-298.56;-1187.7311
2005-10-16;8.583995;-0.2765503;0.009899139;753.0799;1.0946139;216.74702;0.0;-7.3453654e-25;99.99998;-7.345365e-21;1.0717869;-0.48934203;0.05172193;0.27404726;0.22231042;0.0;0.0;3669.294;4310.628;-1982.5688;6440.6646;-339.93;-1359.0222
2005-10-17;5.692627;-0.39319864;0.009938558;751.79004;1.2103348;214.99115;0.0;-7.3453654e-25;99.99998;-7.345365e-21;7.063031;-1.0528266;0.43269992;0.6530285;0.22033602;0.0;0.0;2075.6028;2437.828;-1564.7822;6235.182;-731.36334;-503.91556
2005-10-18;6.7143044;-4.0358276;0.009993236;755.10284;1.0351483;218.9403;0.0;-7.3453654e-25;99.99998;-7.345365e-21;0.029563904;-1.1384263;0.0013709068;0.21970272;0.21833926;0.0;0.0;4122.363;4839.7466;-2439.94;5564.519;-790.82666;-871.4711
2005-10-19;2.7102864;0.7017415;-0.013500214;748.8768;0.7961757;213.27568;3.2991536;0.00067122775;106.03058;4.1910806;26.321873;-0.8562803;1.4876276;1.704067;0.21644682;0.02900511;5.450718;1037.6705;1218.3506;-500.14612;7173.162;-595.11554;-328.03333
2005-10-20;-0.88868207;-2.4124146;-4.470497;745.7475;1.1962172;228.81256;37.9563;0.005616347;148.35707;37.963867;6.2119007;-0.99000335;0.42755902;0.64221025;0.21466613;1.2554936;1.6467608;1800.2095;2831.1123;-1071.8911;6124.13;-689.42;-615.81445
2005-10-21;-2.147929;-10.180247;-8.899944;750.3615;0.7179806;83.27207;36.157795;0.005433599;151.28578;35.7666;0.0061392775;-1.000531;0.06633997;0.27918816;0.21285564;0.7458217;0.004824251;2935.5479;4583.102;-1947.6106;5001.9043;-698.8567;-729.50665
2005-10-22;-1.6803232;-10.581716;-9.51164;754.99493;0.73348016;61.040638;31.083902;0.004671812;151.38637;31.046549;0.42723417;-0.87688863;0.09268522;0.30371547;0.21103024;0.75322205;0.028505921;2829.2505;4180.251;-1992.7056;4956.87;-612.4711;-565.5467
2005-10-23;0.1808726;-9.307702;-10.331342;757.95355;1.3467422;26.33139;25.342691;0.0038000743;151.58852;25.268555;0.0012814997;-0.955984;0.08364022;0.29286742;0.2092421;0.9254515;0.0;3386.375;4745.9146;-2407.2327;4612.5493;-666.02;-493.25778
2005-10-24;1.8547693;-9.864606;-9.778529;755.2491;1.1474074;44.109882;19.1285;0.0028627317;151.78773;19.042969;0.0004351138;-0.9880997;0.083372;0.29082596;0.20746142;0.92025846;0.0;3543.415;4719.599;-2444.236;4729.753;-687.58;-398.91
2005-10-25;2.2468834;-9.59492;-9.028512;753.8987;0.99790305;74.22197;13.393718;0.0019996564;151.94041;13.061523;0.00085234636;-1.0876321;0.07312;0.27880073;0.20570308;0.8067861;0.0;3637.0105;4640.201;-2410.6528;4903.7666;-756.26447;-387.9989
2005-10-26;2.4549053;-8.72466;-8.591664;756.1721;1.3020207;31.105646;8.69458;0.0012948513;152.04816;8.422852;0.0;-1.1569047;0.056765974;0.26072562;0.20395964;0.62747484;0.0;3674.0588;4536.151;-2384.7134;4994.741;-804.26886;-451.7511
2005-10-27;3.2468464;-10.029653;-9.1124;753.30707;0.963494;177.76471;5.359619;0.0007971525;152.11229;5.6152344;0.0008523463;-1.1597667;0.036925077;0.23916364;0.20223856;0.4097931;0.0;3743.7717;4521.559;-2440.594;4953.9956;-806.0628;-451.97556
2005-10-28;2.3377178;-9.422383;-8.668049;750.8869;1.3341378;226.30244;3.3671875;0.000502785;152.1546;3.6214192;0.00085315964;-1.0612495;0.018909574;0.2194643;0.20055473;0.21119975;0.0;3657.2378;4360.8643;-2274.274;5064.7344;-738.31665;-666.2989
2005-10-29;1.909556;-6.5333657;-4.7120614;751.69965;1.1710021;236.9431;6.9302573;0.0011108319;147.24413;7.6090493;12.801162;-1.0319128;0.8064285;1.0053366;0.1989156;0.15748665;2.9448419;3348.695;3963.3545;-1629.3733;5879.688;-717.5111;-643.1556
2005-10-30;3.0594788;-0.37909952;-0.99247485;754.2524;0.7338918;157.1421;24.024008;0.0034285784;146.56964;23.68164;7.3607564;-0.8538887;0.78357756;0.98089874;0.19732863;1.9492097;0.007405877;2199.4534;2979.129;-978.98444;6605.249;-593.37445;-389.72556
2005-10-31;3.917979;1.0212708;-1.3016943;754.1928;1.0033115;123.35412;15.372884;0.0022702217;151.44984;15.136719;4.9875526;-1.0957141;0.6314963;0.82726777;0.19578636;1.537634;0.0;2626.9722;3363.1667;-1234.7134;6479.9946;-762.12335;-552.6055
2005-11-01;3.663747;-1.9072775;-6.1499877;753.5097;0.9746867;140.94376;8.387695;0.001236399;151.61261;8.626302;0.048965216;-1.3153152;0.100106;0.29437244;0.19426644;0.8575786;0.0;3262.92;3989.8445;-2062.1567;5509.9556;-914.0622;-602.3478
2005-11-02;1.4008064;-7.9143205;-9.648557;752.37335;0.9086697;108.26841;4.6796875;0.00069447357;151.67218;5.004883;0.0008523463;-1.2007859;0.040516257;0.23323298;0.19273162;0.3659688;0.0;3544.9146;4244.703;-2483.787;4808.6606;-834.5722;-517.4267
2005-11-03;1.0555521;-8.633006;-8.650378;753.0817;0.9060294;93.01418;2.799886;0.0004156828;151.70766;2.766927;0.0012814989;-1.0668635;0.024348497;0.21559;0.1912266;0.22168085;0.0;3515.8433;4165.6187;-2274.5261;5046.338;-741.4;-493.68332
2005-11-04;1.8217367;-9.922424;-8.128838;751.45953;0.9134257;87.08526;1.666748;0.00026023388;150.99152;1.5055338;1.2020022;-1.1151274;0.08788705;0.27765334;0.18975139;0.1330357;0.30070543;3391.5356;3992.8079;-2151.9778;5191.1924;-774.9033;-454.3
2005-11-05;-2.2656453;-3.539856;-3.1381607;746.7507;0.634039;135.90875;79.180824;0.011674325;127.98435;88.012695;18.986399;-0.22685714;0.5033612;0.6917119;0.18835068;1.1843815;14.967911;652.0294;1711.5972;-480.27222;6511.8813;-165.07777;-151.75555
2005-11-06;-2.7279866;-6.089559;-5.896543;751.0257;0.980238;58.182983;95.541504;0.015068333;148.17413;102.498375;0.0032767176;-0.18987805;0.17427653;0.36126375;0.18698722;1.5581138;0.0011362135;1222.5011;3882.5444;-1151.9233;5470.5244;-136.29277;-147.18222
2005-11-07;-2.415334;-7.0044045;-4.7469635;750.2385;0.9641065;59.056774;86.39835;0.013249159;153.31964;86.629234;0.7979154;-0.31591767;0.23213029;0.41776896;0.18563122;2.0236783;0.7161759;1284.9922;3438.45;-880.64386;5860.8613;-228.51056;-167.72888
2005-11-08;-3.0131836;-5.385244;-5.021324;748.35443;1.2252357;25.867243;95.4244;0.015516798;150.82745;102.33561;4.381344;-0.2885368;0.20428002;0.38857758;0.18430501;1.1998341;3.4787357;871.29;2720.3289;-869.7539;5870.51;-217.68556;-95.33444
2005-11-09;-4.8628235;-8.714325;-7.3443475;752.1502;1.2340108;26.855814;95.03369;0.014892459;152.09047;98.10384;0.022161007;-0.34871417;0.14322996;0.32624602;0.18300861;1.2232698;0.018283725;1120.3428;3246.0532;-1005.2511;5471.4033;-262.87888;-158.56111
2005-11-10;-5.4337463;-10.813647;-9.726516;753.2828;1.2966439;20.213316;88.516846;0.013486862;152.99152;88.541664;0.0023378755;-0.39435178;0.13801455;0.31974912;0.18173456;1.1646376;0.0010468066;1519.6222;3831.8977;-1453.2123;4817.872;-291.31888;-152.74667
2005-11-11;-3.575063;-11.371216;-10.391035;750.7502;0.9439371;70.521576;77.69271;0.011871298;153.70538;77.75879;0.0029057264;-0.42655134;0.1950562;0.37552416;0.18048286;1.622118;0.0012777746;1815.1605;3905.8677;-1577.3295;4704.9443;-309.18;-143.38889
2005-11-12;-3.7351074;-10.973605;-10.344665;750.4642;0.89575726;87.73273;67.27718;0.0103280945;154.32257;67.220055;0.016582012;-0.4771091;0.14826655;0.32752752;0.17926097;1.2185202;0.014845282;1733.62;3278.331;-1463.4678;4972.5366;-350.52777;-236.72444
2005-11-13;-4.5435357;-11.35162;-10.780942;753.17163;1.0083001;89.33933;59.171955;0.009119113;154.77179;59.122723;0.11425018;-0.4512444;0.11652708;0.29461086;0.17808378;0.91185796;0.048387796;1857.2333;3203.2488;-1500.8572;4955.811;-332.84946;-348.42444
2005-11-14;-4.0884285;-11.234516;-10.559719;753.7564;1.0128807;48.254745;51.327557;0.00791498;155.19073;51.26953;0.0007033347;-0.3867764;0.14673173;0.32365322;0.17692894;1.1938717;0.00026077032;2309.9517;3717.391;-1803.4956;4755.5234;-282.1378;-430.61334
2005-11-15;-1.9714559;-10.360546;-10.258221;752.7089;1.0648817;39.061825;41.212566;0.006344557;155.58397;41.341145;0.0;-0.34726503;0.20773709;0.3835559;0.1758039;1.6682446;0.0;2483.8894;3701.0222;-1972.12;4745.54;-246.49777;-319.93555
2005-11-16;-2.505788;-8.630778;-8.984353;749.0511;0.9191659;120.37066;32.696533;0.0050598383;155.86781;32.836914;0.057935715;-0.3159009;0.1192987;0.2940297;0.17470121;0.9378083;0.029183924;1840.5789;2571.3767;-1445.8016;5373.6787;-226.60445;-314.68668
2005-11-17;-2.7918193;-7.349318;-9.646057;750.0103;0.86393696;196.87146;27.290201;0.004231294;156.02342;27.22168;0.06852746;-0.3309697;0.09071827;0.2643466;0.17363578;0.6992035;0.032037497;2122.2517;2856.5466;-1724.336;5099.339;-236.60222;-389.57224
2005-11-18;-2.1418254;-5.9380493;-10.662076;750.8179;0.81896234;153.77661;21.941324;0.0033922195;156.18944;21.728516;0.0008523463;-0.34741312;0.11137128;0.28395653;0.1725778;0.88350105;0.0;2727.4307;3556.77;-2113.8079;4749.5146;-244.81555;-466.41333
2005-11-19;-2.0668335;-5.9302163;-7.982807;749.77704;0.70870656;217.23291;17.113852;0.0026387374;155.48534;17.171225;0.069456734;-0.312116;0.08493662;0.2564937;0.17154962;0.6594323;0.043854117;2174.9255;2756.4011;-1446.4983;5570.992;-221.13;-472.9111
2005-11-20;-2.1961467;-3.5835164;-3.3396099;749.5799;0.8122313;237.47113;20.692709;0.0032359362;150.49379;21.402994;3.6835244;-0.19586551;0.044569373;0.21511316;0.17054379;0.2380088;3.4593716;1157.5316;1451.7744;-513.2;6639.1343;-138.93777;-354.47223
2005-11-21;-2.197398;-2.891744;-1.1755142;749.1508;0.9727037;187.51744;69.690834;0.011253476;143.38963;76.21256;16.548052;-0.24994463;0.079244375;0.24878979;0.16956031;0.12590736;15.030726;546.5172;981.88446;-173.07445;6972.249;-185.06555;-218.84334
2005-11-22;-3.729515;-4.3790817;-2.115401;751.15826;0.6635733;197.05226;100.0;0.031095466;142.5882;216.18652;12.079418;-0.13078749;0.014230609;0.18282235;0.16857684;0.032428652;11.323005;523.0161;1997.4911;-520.915;6421.099;-100.00667;-149.00555
2005-11-23;-6.215204;-15.993256;-10.4763775;755.8579;1.124587;62.869843;100.0;0.034694433;151.61;228.88184;0.018510222;-0.12221746;0.0;0.16762316;0.16762316;0.0;0.018075109;869.9389;3220.37;-1266.9906;4865.8267;-89.73889;1.47
2005-11-24;-6.6214633;-18.977755;-14.121333;754.50336;1.2572609;40.085175;100.0;0.034620482;153.18553;226.11491;0.0;-0.11220854;0.00397861;0.1706481;0.16666204;0.047681853;0.0;975.3383;3508.2957;-1147.2761;4644.035;-81.85667;49.513332
2005-11-25;-4.067739;-13.6230345;-11.463929;755.10376;1.2426088;52.958652;100.0;0.03444461;154.9645;222.53418;0.0;-0.08399226;0.021249056;0.18697977;0.16573071;0.20943955;0.0;879.0517;3067.1555;-978.62054;5073.6265;-61.31222;56.553333
2005-11-26;-0.73024493;-11.743633;-7.1337485;755.61035;1.1949329;44.982204;100.0;0.034071047;158.12108;215.98308;0.0017195934;-0.12323633;0.042930245;0.20773709;0.1648143;0.4109703;0.0;928.2478;3101.1868;-980.61;5493.423;-90.543335;42.121113
2005-11-27;-0.74852496;-8.394704;-5.5862427;755.626;1.1460384;43.274612;100.0;0.03287931;161.19041;204.42708;0.0;-0.08159876;0.20517409;0.36908686;0.16391277;1.7181151;0.0;798.18225;2494.361;-849.68835;5785.1665;-58.993332;33.123333
2005-11-28;-0.18099976;-8.681355;-6.610779;756.37665;1.1740037;145.78151;99.26888;0.030901313;163.32648;189.77864;0.0017034718;-0.11020154;0.25323033;0.41624904;0.16302615;2.0809212;0.0;1134.6772;3301.7278;-1226.7028;5323.3574;-78.87778;43.93
2005-11-29;0.76289874;-7.3133645;-5.8173013;755.9964;0.9331046;306.0457;97.82584;0.028985023;167.19627;173.50261;0.0047502625;-0.10137074;0.22274256;0.384897;0.16215444;1.7844402;0.0;1029.8567;2801.19;-888.02277;5742.8813;-73.15444;21.276667
2005-11-30;-0.06410726;-4.933645;-6.1983795;752.1059;0.85754305;170.3477;94.91691;0.026534596;170.25584;155.55827;0.004130602;-0.1135394;0.3592223;0.52052736;0.16130507;2.7870088;0.0;1152.5873;2907.5645;-1234.7605;5391.747;-80.77;-5.9522223
2005-12-01;-0.8277283;-5.5966086;-8.242091;752.0905;0.98823076;44.551437;91.60653;0.02393802;171.60252;139.16016;0.0008572941;-0.08520763;0.32913685;0.48959255;0.16046315;2.496373;0.0;1358.9717;3208.9766;-1383.3839;5060.2505;-59.023335;4.8344445
2005-12-02;1.7414652;-7.821318;-6.552643;754.6088;1.0335966;190.83156;88.97274;0.020863691;172.78937;120.23926;0.0012874597;-0.12928155;0.46545267;0.6251037;0.15964359;3.4377053;0.0;1351.6927;3025.6667;-1122.1838;5512.6787;-92.454445;22.47889
2005-12-03;3.0883992;-2.3656414;-3.2569885;755.8928;0.7903159;302.20206;86.77914;0.016964993;173.9645;97.29004;1.7664709;-0.11746213;0.76155365;0.9203851;0.15883148;4.36672;0.0;1320.4288;2829.84;-933.47614;6037.5713;-81.53889;-7.4366665
2005-12-04;1.4418131;-0.4101461;-5.7418976;753.94403;0.76867086;194.36055;72.684975;0.012819767;175.10936;73.404945;0.00097155565;-0.20304322;0.7109642;0.8690357;0.15805662;4.7965755;0.00010803342;1507.0995;2840.9456;-1142.0789;5686.1187;-138.50778;-48.914444
2005-12-05;0.68736774;-1.5178019;-5.796402;752.22784;0.8242507;284.2282;52.082195;0.009090821;175.74413;51.3916;0.00049471844;-0.32883137;0.4708469;0.62814355;0.15729666;3.0825455;5.2154064e-05;1762.0472;2787.2979;-1324.0728;5640.963;-228.67778;-140.77777
2005-12-06;0.7367554;-2.7934773;-8.350011;754.6748;0.84895355;140.99892;38.20451;0.006698171;176.13995;37.88249;0.0012951881;-0.29123202;0.30680746;0.4633814;0.15657395;1.9912329;0.0;2135.8167;3067.02;-1833.4928;5016.5977;-202.31778;-141.00333
2005-12-07;0.697937;-6.460459;-9.588809;757.4555;0.97155374;126.66159;28.707926;0.0050448575;176.40558;28.523764;0.0021475307;-0.30546263;0.22287667;0.37875772;0.1558885;1.4458001;0.0;2319.629;3134.2344;-2110.4705;4732.0957;-212.12222;-110.53222
2005-12-08;0.831899;-10.06406;-9.823949;757.29395;1.0249734;87.53057;21.781982;0.0038339694;176.5973;21.850586;0.0034391878;-0.33216178;0.16352534;0.31875074;0.15523285;1.0633432;0.0;2418.8933;3137.2422;-2166.2488;4720.471;-231.36223;-99.27556
2005-12-09;0.17870076;-11.049915;-9.449642;755.6172;1.02343;108.6986;16.438883;0.0028941233;176.74379;16.601562;0.0025787512;-0.3580479;0.13038516;0.2849996;0.15459955;0.8514989;0.0;2436.7488;3068.5234;-2105.6833;4849.84;-249.46388;-140.39333
2005-12-10;0.32480875;-8.472798;-7.9837303;756.5717;0.94228333;51.59782;12.133382;0.0021353166;176.8561;12.247722;0.0004351138;-0.37959403;0.10457635;0.25856495;0.15399605;0.6874614;0.0;2436.855;3000.1646;-1873.5712;5206.121;-264.48334;-188.49222
2005-12-11;0.67733765;-7.234568;-7.6987367;756.15643;0.9033814;55.41919;8.74764;0.0015392303;176.9466;8.911133;0.0008523463;-0.46708062;0.07992983;0.23332238;0.1534;0.5286485;0.0;2463.215;2981.3555;-1910.5117;5215.9126;-324.94446;-176.8211
2005-12-12;-0.02444458;-6.702657;-8.917436;753.1739;0.9175086;138.23726;6.384684;0.0011261702;177.00714;6.632487;0.00085234636;-0.36985055;0.04938245;0.20219386;0.15283376;0.32844394;0.0;2458.8328;2941.0056;-2048.305;4997.8403;-257.6089;-253.33556
2005-12-13;-1.145874;-8.071014;-10.119004;753.5057;0.82295984;189.76082;4.8893228;0.0008644263;177.05174;4.679362;0.0008583069;-0.31949395;0.031024218;0.18331409;0.15228987;0.20758063;0.0;2541.916;3018.359;-2262.936;4706.36;-222.68556;-326.33554
2005-12-14;-1.0167032;-9.970286;-9.872529;752.6809;0.77149814;305.53812;3.815918;0.00067460537;177.08266;3.3365886;0.0008702277;-0.29597992;0.025182962;0.17693639;0.15176088;0.1690574;0.0;2540.7039;3001.9978;-2178.935;4810.077;-206.18333;-318.25446
2005-12-15;-1.1217346;-8.408711;-6.0387025;750.24347;0.6342065;236.08281;9.487793;0.001654307;159.1878;11.027019;9.870964;-0.2636211;0.053226948;0.20447373;0.15124679;0.101778656;9.382621;2076.756;2444.7322;-1342.2716;5791.68;-183.84778;-324.9222
2005-12-16;-3.9601746;-4.5094604;-2.9459636;743.0508;0.58192676;179.29192;99.60449;0.034815352;113.55369;297.60742;32.564926;-0.06362051;0.002041459;0.1527965;0.15074015;0.0;31.966612;181.34666;747.6311;-154.61333;6751.548;-50.155556;-87.35
2005-12-17;-4.0690713;-4.7624106;-3.310913;745.4493;0.749854;228.22282;100.0;0.05532817;138.29327;399.2106;14.234885;-0.06647967;0.0;0.15026331;0.15024841;0.0;13.837367;318.21555;1349.6677;-234.42555;6644.974;-52.156666;-105.996666
2005-12-18;-4.6698265;-6.4681726;-6.6630683;751.54;0.91908485;166.53181;100.0;0.059864562;153.41078;390.2588;0.07047057;-0.0016903505;0.0;0.14977157;0.14977902;0.0;0.06515533;647.7228;2672.6167;-992.51886;5471.8633;-1.0455556;-68.452225
2005-12-19;-7.8247223;-11.243756;-12.797252;749.5463;1.0295645;172.2027;100.0;0.059913795;156.39354;383.2194;0.047835708;0.024715438;0.0;0.14930218;0.14930964;0.0;0.03343448;738.85114;2952.0645;-921.9572;4982.2656;19.598888;-13.991111
2005-12-20;-4.6570168;-5.6464944;-7.3458214;749.5109;0.57416135;247.13734;100.0;0.061680198;156.37042;394.20572;3.5807877;0.0036936253;0.0;0.1488477;0.14884025;0.0;3.4790263;262.12833;1015.9289;140.73666;6739.2188;2.9105556;-28.53111
2005-12-21;-3.2968876;-4.1681876;-2.9654896;750.5203;0.9341535;203.98225;100.0;0.06506455;157.80792;412.35352;3.446117;-0.05457923;0.0;0.14838576;0.14840066;0.0;3.2229497;508.22888;2002.4811;-418.61334;6495.29;-42.715557;-98.51667
2005-12-22;-5.1213303;-6.4792686;-5.3305116;749.2669;1.0109148;152.70047;100.0;0.06816971;160.6455;424.84537;1.1024386;-0.08334406;0.0;0.14793873;0.14793873;0.0;1.0510757;630.86554;2436.9333;-835.1461;5768.2134;-61.774445;-78.58
2005-12-23;-7.5625305;-8.740102;-7.8224754;741.4131;0.63782483;140.73694;100.0;0.0778689;152.53871;508.87045;20.651997;-0.015471131;0.0;0.1474917;0.1474917;0.0;20.63623;183.51666;732.01666;-86.789444;6385.23;-11.634444;-36.892223
2005-12-24;-7.533446;-8.89478;-7.6190925;742.04736;1.052843;190.96043;100.0;0.09091099;151.39125;599.3245;9.164149;-0.061568804;0.0;0.14707446;0.14705956;0.0;9.159043;597.81555;2532.8423;-502.1661;5927.3013;-45.072777;-96.49555
2005-12-25;-7.879963;-9.087505;-7.2266936;740.24115;0.67434734;176.44728;100.0;0.12562163;142.88441;873.16895;42.762238;-0.034529716;0.0;0.14662743;0.14663488;0.0;42.75652;130.6961;559.0333;-152.57556;6361.79;-26.755556;-63.505554
2005-12-26;-11.024659;-14.288133;-10.408429;745.41315;0.86881566;235.87389;100.0;0.14639275;150.94496;971.06934;2.8145492;-0.039206818;0.0;0.1462102;0.1462102;0.0;2.8048232;575.9089;2490.2744;-775.6761;5283.8438;-28.536667;-90.60778
2005-12-27;-13.296051;-21.104279;-15.005786;751.6631;1.2680953;17.887468;100.0;0.14713502;156.90526;938.5173;0.015936993;-0.074878335;0.0;0.14579296;0.14579296;0.0;0.014655292;663.73334;2799.0623;-1203.2117;4335.904;-55.710556;-66.047775
2005-12-28;-13.214547;-21.398071;-20.750196;753.39667;1.7307019;12.564639;100.0;0.14713736;160.50194;917.2363;0.0;-0.006784685;0.0;0.14537573;0.14536828;0.0;0.0;795.4328;3263.6646;-1372.6722;3711.3833;-2.788889;130.86111
2005-12-29;-11.990651;-22.00985;-23.892189;754.4295;1.8214544;10.8483515;100.0;0.14716403;162.91307;903.8493;0.0017233079;0.0024521723;0.0;0.1449585;0.14496595;0.0;0.0;830.6128;3318.61;-1258.8;3648.8188;4.0144444;209.41667
2005-12-30;-11.361583;-21.745699;-24.332481;754.45996;1.8448633;13.386832;100.0;0.14719097;164.96385;892.41534;0.0012945802;0.005705282;0.0;0.14455616;0.14456362;0.0;0.0;849.4089;3307.0479;-1178.8922;3749.8845;6.4866667;222.48778
2005-12-31;-10.918431;-20.80052;-23.889664;753.6076;1.6780304;8.8111725;100.0;0.14722185;166.94334;882.4463;0.0;0.0036563724;0.0;0.14416873;0.14416873;0.0;0.0;847.6322;3217.17;-821.74445;4239.44;4.688889;180.45667
2006-01-01;-7.9782805;-17.891611;-19.838068;752.5893;1.148573;7.3558135;100.0;0.1472402;169.3496;869.7917;0.00085234636;-0.009530224;0.0;0.1437664;0.1437664;0.0;0.0;860.8567;3188.3777;-711.99445;4706.8823;-4.878889;100.12
2006-01-02;-5.939621;-13.985044;-14.468864;752.18677;0.83144474;145.44215;100.0;0.14734848;172.62953;854.20734;0.3322661;-0.02969522;0.0;0.14337897;0.14337897;0.0;0.3270656;621.92725;2252.578;-98.100555;5935.971;-20.637777;27.457777
2006-01-03;-6.1227036;-10.301921;-11.8622465;753.14575;0.98478967;39.726963;100.0;0.14760895;177.08754;834.554;0.0053882594;-0.003118068;0.0;0.14299154;0.14299154;0.0;0.003669411;893.29333;3175.6855;-1227.9406;4741.2793;0.81;19.526667
2006-01-04;-8.426618;-14.566341;-14.752576;754.8304;1.3226796;11.868538;100.0;0.14764233;181.17511;815.6738;0.0;-0.013237819;0.0;0.14260411;0.14259666;0.0;0.0;939.315;3262.4988;-1214.8994;4473.594;-6.9122224;56.843334
2006-01-05;-5.7641816;-15.263957;-14.942149;754.08234;0.955334;187.43556;100.0;0.1476636;184.55434;800.9033;0.0021785498;-0.025958754;0.0;0.14221668;0.14222413;0.0;0.0016912818;911.7156;3095.0;-800.6633;5022.7666;-16.986666;56.947777
2006-01-06;-4.886139;-11.726785;-10.851817;751.7862;0.42305818;257.9408;100.0;0.14801042;188.01984;787.679;1.7653137;-0.028299168;0.0;0.14184415;0.14184415;0.0;1.7580986;565.5761;1874.0455;-84.506386;6247.0234;-19.998333;-7.9477777
2006-01-07;-4.5004272;-5.299276;-6.416982;746.7176;0.39372018;132.19128;100.0;0.15806441;182.98175;861.9385;15.896682;0.003585592;0.0;0.14147162;0.14147907;0.0;15.860018;300.94446;1140.7933;-84.44028;6602.438;3.6455555;-29.283333
2006-01-08;-6.2841187;-8.392558;-5.810781;741.88666;0.5659457;108.384575;100.0;0.17529304;175.37726;997.3958;18.224413;-0.0645509;0.0;0.141114;0.14112145;0.0;18.218075;392.40054;1652.7733;-464.83777;6123.454;-48.64;-74.00889
2006-01-09;-7.714306;-10.184323;-7.614647;742.4014;0.66808605;78.38264;100.0;0.19090545;170.02342;1122.0297;10.318721;-0.04488323;0.0;0.14075637;0.14074892;0.0;10.310672;426.26443;1838.4344;-414.73;6003.032;-33.121113;-73.00667
2006-01-10;-8.732475;-11.228303;-9.13102;745.47003;0.74023175;71.253746;100.0;0.19803028;171.91112;1152.832;2.7959719;-0.048167072;0.0;0.14039874;0.14039129;0.0;2.7887635;503.74445;2162.37;-709.705;5478.582;-35.285557;-70.28445
2006-01-11;-9.277703;-12.796581;-11.574187;745.4851;1.3737568;28.319443;100.0;0.19902968;178.14452;1118.4489;1.1936307;-0.021844171;0.0;0.14002621;0.14003366;0.0;1.1883788;620.5822;2595.9944;-739.25665;5258.339;-14.370556;-18.423334
2006-01-12;-8.618682;-11.800984;-10.897916;744.8122;1.1659508;35.89255;100.0;0.20213819;181.50487;1114.2985;3.170228;-0.033598393;0.0;0.13968349;0.13967603;0.0;3.1642952;439.40277;1819.42;-263.09222;5947.69;-24.375555;-31.025555
2006-01-13;-8.766571;-11.07331;-9.939883;745.9913;0.82039285;71.997734;100.0;0.2042402;186.17381;1098.1852;0.77602565;-0.034036115;0.0;0.13932586;0.13933331;0.0;0.7731095;623.1228;2550.4077;-697.8975;5482.568;-23.721111;-71.812225
2006-01-14;-10.978898;-14.54593;-11.905965;744.0108;1.0524305;37.428608;100.0;0.20445807;192.00714;1065.7959;0.12537837;-0.04144665;0.0;0.13896823;0.13898313;0.0;0.12106076;761.4667;3039.4644;-999.9561;4915.896;-29.122223;-72.82667
2006-01-15;-12.880046;-18.061686;-14.516925;743.3513;1.0028871;69.4953;100.0;0.20454185;196.6266;1040.8529;0.03129542;-0.046879053;0.0;0.1386404;0.1386255;0.0;0.029236078;858.6311;3337.5845;-1312.1322;4303.431;-33.215557;-67.17667
2006-01-16;-13.780583;-22.781424;-19.564249;744.85895;0.9741144;173.80402;100.0;0.20455296;199.93324;1023.9258;0.0019081135;-0.03286265;0.0;0.13828278;0.13828278;0.0;0.00020861626;974.84;3695.7522;-1554.2611;3555.5842;-22.484444;14.31
2006-01-17;-13.605237;-20.887611;-21.98574;743.80096;0.92095155;221.33937;100.0;0.20458122;202.19171;1012.53253;0.08480549;-0.011590309;0.0;0.13794005;0.13794005;0.0;0.083088875;966.95557;3579.5078;-1200.9539;3861.0576;-6.6477776;39.36222
2006-01-18;-13.447734;-16.475279;-21.056967;744.9533;0.8112398;142.1009;100.0;0.20482425;203.73077;1005.778;0.28824806;0.012759119;0.0;0.13761222;0.13760477;0.0;0.27801841;846.30054;3069.4612;-636.4375;4673.322;11.447778;-1.5177778
2006-01-19;-13.433608;-15.618543;-17.963892;747.0026;0.8997586;152.1026;100.0;0.20541191;204.84015;1002.8483;1.0827631;0.0017117709;0.0;0.1372695;0.1372695;0.0;1.07719;794.0389;2833.6133;-355.88223;5306.818;3.1422222;-52.413334
2006-01-20;-9.971725;-11.17608;-13.522828;743.7952;1.1117984;198.5069;100.0;0.21601748;193.88605;1112.3047;29.04502;0.016644597;0.0;0.13694167;0.13694912;0.0;29.040188;364.01334;1372.8611;119.08083;6235.089;13.6;-28.133333
2006-01-21;-9.406189;-12.769817;-11.152721;741.6928;0.87475437;143.30672;100.0;0.24630935;171.0283;1439.7787;10.319188;-0.03553368;0.0;0.13661385;0.1366213;0.0;10.311551;625.69275;2727.9678;-854.9175;5187.72;-24.81;-73.94
2006-01-22;-8.5687065;-15.773585;-15.324836;748.2383;0.76465017;70.13674;100.0;0.24838348;176.87823;1406.4535;0.008046627;-0.027593225;0.0;0.13628602;0.13628602;0.0;0.0072345138;848.1544;3597.5466;-1203.2761;4361.932;-17.986666;2.3055556
2006-01-23;-8.435451;-11.150051;-14.770413;746.6035;0.67245716;227.53516;100.0;0.2521776;179.46938;1404.8666;10.149449;0.018546358;0.0;0.1359582;0.13596565;0.0;10.144282;441.91278;1828.039;79.553055;6059.6724;15.501111;-17.68
2006-01-24;-6.32466;-7.2770934;-9.654266;748.1082;0.69458383;223.49538;100.0;0.26092735;180.80531;1444.9869;4.6010613;0.0065416098;0.0;0.13564527;0.13564527;0.0;4.584119;352.25778;1481.1411;87.92389;6551.5884;6.2811112;-37.75778
2006-01-25;-4.05669;-4.588103;-5.5713944;745.1521;0.7276349;177.9643;100.0;0.2709858;186.46678;1451.416;26.351097;-0.013994053;0.0;0.13533235;0.1353249;0.0;25.861979;367.49554;1544.0022;34.544445;6863.5073;-9.361111;-75.166664
2006-01-26;-5.786471;-7.0491447;-4.622808;742.123;1.0485113;221.30354;100.0;0.30199814;185.87628;1625.2441;14.698625;-0.10731444;0.0;0.13500452;0.13500452;0.0;14.64764;713.63446;3112.555;-804.1436;5857.334;-79.867775;-147.06111
2006-01-27;-8.207284;-10.391898;-7.8689446;744.96674;0.5805928;219.36371;100.0;0.30827835;195.27113;1580.3629;4.003355;-0.06664172;0.0;0.1346767;0.1346767;0.0;3.9676168;793.1567;3380.48;-937.99194;5328.6426;-47.918888;-129.25
2006-01-28;-10.626033;-14.562969;-11.2558365;745.37866;0.82704383;87.41898;100.0;0.3106247;202.62953;1534.9121;0.009488663;-0.061379746;0.0;0.13436377;0.13435632;0.0;0.0076666474;907.93054;3820.2856;-1455.4406;4368.459;-43.61778;-108.42333
2006-01-29;-11.231774;-16.68957;-15.1577;745.3564;0.83667785;138.41809;100.0;0.31063187;208.75389;1489.5426;0.007158518;-0.04183501;0.0;0.13405085;0.1340285;0.0;0.0041648746;999.23224;4081.4983;-1330.0294;4230.1743;-28.602222;-63.554443
2006-01-30;-12.213523;-14.6751795;-16.136162;743.31744;0.7457946;195.43474;100.0;0.31109962;212.58429;1464.3555;1.3380945;-0.007947907;0.0;0.13372302;0.13372302;0.0;1.333937;828.535;3308.6138;-667.8778;4999.343;-3.72;-69.087776
2006-01-31;-12.238393;-14.239257;-14.282975;743.9948;1.2414;215.72002;100.0;0.3134329;213.19203;1470.6625;2.2592874;-0.044986606;0.0;0.1334101;0.1334101;0.0;2.2550485;807.0928;3208.9883;-495.74777;5401.6636;-32.625557;-117.35667
2006-02-01;-10.521453;-12.034709;-12.307887;746.9483;1.0198056;221.85236;100.0;0.31625843;214.64679;1474.1211;3.5694594;-0.028250739;0.0;0.13309717;0.13310462;0.0;3.5642533;515.04944;2036.4922;-137.93388;5994.778;-20.698889;-101.998886
2006-02-02;-6.207897;-7.1326065;-9.136288;749.0192;0.634008;216.32843;100.0;0.32293758;215.27765;1498.2096;19.254807;-0.0073369592;0.0;0.13279915;0.13279915;0.0;19.242645;484.7661;1933.8944;20.236666;6532.626;-4.038889;-69.37
2006-02-03;-3.5820007;-4.202047;-5.1120224;741.0822;0.5172034;61.725506;100.0;0.37106332;197.04002;1875.7731;69.746635;-0.0015888363;0.009298325;0.14179945;0.13250113;0.0;66.79067;128.52945;562.7411;150.68639;6994.5063;-0.99222225;-16.166666
2006-02-04;-4.205874;-4.8401513;-2.7973263;742.1138;1.0874827;170.57544;100.0;0.4331427;195.50421;2217.1223;25.83864;-0.13132766;0.005617738;0.13783574;0.1322031;0.0;25.024012;269.59723;1170.9556;-144.19;6770.303;-101.952225;-160.99667
2006-02-05;-5.044496;-6.9871635;-4.3274;749.5201;1.0442125;140.11932;100.0;0.44179133;212.8141;2080.8918;1.5199572;-0.13514516;0.0;0.13190508;0.13190508;0.0;1.4865696;863.4756;3660.6968;-1330.4283;5198.3984;-100.19444;-137.52333
2006-02-06;-5.5856767;-10.39895;-9.573601;747.83856;0.6512845;168.17232;100.0;0.44201985;225.00389;1967.3258;0.05583763;-0.058640726;0.0;0.13159215;0.13159215;0.0;0.05235523;1044.5272;4284.6924;-1416.4734;4590.974;-40.183334;-53.135555
2006-02-07;-5.062533;-6.545372;-9.110242;745.52344;0.6260933;238.16505;100.0;0.44836363;229.68227;1952.3926;11.337581;0.0010794029;0.0;0.13129413;0.13129413;0.0;11.172831;541.93555;2216.9678;-159.21388;6308.1104;2.8966668;-52.917778
2006-02-08;-3.512806;-4.988562;-6.6828103;743.93335;0.6419845;177.01027;100.0;0.45401528;236.2643;1924.0723;2.8332503;-0.029266812;0.0;0.13099611;0.13098866;0.0;2.3274682;758.9094;3162.2666;-432.0539;6219.1494;-18.44;-83.67
2006-02-09;-6.7248206;-8.1742525;-5.5167556;739.81793;1.252262;184.6836;100.0;0.476313;233.00746;2042.7246;24.752338;-0.15459023;0.0;0.13069808;0.13069808;0.0;24.299324;671.9039;2910.7656;-539.4978;6071.2188;-117.55222;-202.15555
2006-02-10;-7.0474854;-8.2428465;-6.361496;749.98975;1.1341982;231.14754;100.0;0.48625958;237.94106;2046.0205;3.3558488;-0.118276104;0.0;0.13040006;0.13040006;0.0;3.347881;786.75;3365.615;-612.5108;5924.312;-88.63;-198.41556
2006-02-11;-5.4931664;-9.696965;-7.8030014;749.9082;0.76042706;194.66875;100.0;0.4871427;247.21515;1973.1445;0.0078111887;-0.08565374;0.0;0.13010204;0.13008714;0.0;0.005733222;1091.4545;4558.6636;-1533.8228;4661.641;-59.953888;-97.88778
2006-02-12;-6.0719504;-12.526235;-11.166015;746.2845;0.6315995;274.2535;100.0;0.48714527;254.28319;1917.684;0.001463294;-0.0699535;0.0;0.12978911;0.12978911;0.0;0.0006183982;1107.6039;4507.3936;-1378.6642;4536.8286;-48.77833;-62.99472
2006-02-13;-6.306478;-9.99017;-11.340051;744.5184;0.75618696;137.72574;100.0;0.48871925;258.31543;1891.5609;8.533815;-0.04690513;0.0;0.12949109;0.12949109;0.0;8.525338;1046.1755;4136.67;-521.7036;5701.975;-31.542223;-87.30334
2006-02-14;-5.507608;-6.308352;-7.84074;742.4495;0.62084836;205.4853;100.0;0.5119953;247.25584;2068.6848;26.682407;0.008247793;0.0;0.12919307;0.12920797;0.0;26.67209;342.2211;1458.5616;-3.5105555;6600.421;7.6022224;-45.092224
2006-02-15;-6.639998;-7.567187;-6.3845115;736.9848;0.82103115;192.92896;100.0;0.53962034;239.30304;2253.4993;30.956602;-0.040881336;0.0;0.12892485;0.1289174;0.0;30.941263;338.83112;1463.0889;-270.42416;6338.938;-30.767778;-90.58889
2006-02-16;-11.6438675;-14.00991;-8.430363;736.12695;1.3836013;196.6349;100.0;0.55870956;237.47133;2353.719;7.5148606;-0.19262731;0.0;0.12862682;0.12863427;0.0;7.502727;948.75665;4098.323;-992.1542;5182.298;-146.98111;-332.84
2006-02-17;-13.607429;-16.74312;-12.217589;742.18945;0.9658354;178.52763;100.0;0.5635138;240.28937;2347.819;0.5274257;-0.10251999;0.0;0.1283288;0.1283437;0.0;0.5198121;1088.0039;4637.524;-1424.6547;4314.097;-75.80778;-206.23111
2006-02-18;-10.889965;-17.056274;-14.248989;748.09955;0.98500973;84.435486;100.0;0.563649;246.73468;2286.7024;0.004455447;-0.075230375;0.0;0.12806058;0.12805313;0.0;0.0035911798;1196.6472;4962.2046;-1410.5094;4262.408;-52.79222;-104.71445
2006-02-19;-8.832091;-15.719543;-15.529878;749.62915;1.0673118;62.343456;100.0;0.56366235;252.10805;2238.037;0.0030696383;-0.04493259;0.0;0.12776256;0.1277551;0.0;0.0013448298;1243.9711;5021.433;-1448.5616;4150.503;-29.358889;-19.922222
2006-02-20;-8.400047;-19.534874;-16.058416;750.93555;1.2536422;25.714874;100.0;0.56367403;256.7578;2197.1843;0.0004351138;-0.07668976;0.0;0.12746453;0.12747198;0.0;0.0;1159.9233;4560.809;-1099.4556;4560.218;-53.81778;24.961111
2006-02-21;-6.2048454;-18.07997;-14.172185;749.5904;1.3233175;23.881844;100.0;0.5636593;261.42056;2157.8777;0.0004351138;-0.09935815;0.0;0.12716651;0.12717396;0.0;0.0;1215.5461;4662.1445;-982.18;4951.5254;-70.73778;4.1811113
2006-02-22;-6.2761703;-16.973253;-13.755736;750.2945;1.615509;17.960169;100.0;0.56364936;266.2806;2118.3674;0.003438223;-0.03973022;0.0;0.12689829;0.12689084;0.0;0.0;1412.7289;5284.1973;-1612.5778;4166.6504;-28.506666;12.175555
2006-02-23;-5.9250054;-17.98319;-14.58138;751.5734;1.4176706;16.477245;100.0;0.56364435;270.67773;2083.9844;0.0;-0.03466662;0.0;0.12663007;0.12661517;0.0;0.0;1488.41;5434.001;-1732.5878;3954.379;-24.497778;31.87111
2006-02-24;-5.224463;-19.640562;-15.288812;751.8909;1.0571721;202.90215;100.0;0.56364137;274.56577;2054.7283;0.0;-0.03940612;0.0;0.12634695;0.12634695;0.0;0.0;1550.57;5528.648;-1723.3606;3917.954;-28.168888;29.957777
2006-02-25;-3.4628804;-16.921003;-14.3791;751.50165;0.7151775;263.20633;100.0;0.5636665;278.20605;2027.9948;0.062423214;-0.029452145;0.0;0.12606382;0.12607872;0.0;0.05608052;1432.6233;4995.2705;-1113.3005;4815.8115;-22.407778;-40.968887
2006-02-26;-3.5179749;-7.6620483;-11.0876665;750.4214;0.67859465;236.27843;100.0;0.5649237;281.46548;2008.2194;3.729272;0.027442351;0.0;0.1258254;0.1258105;0.0;3.4509003;828.1667;2860.8467;-58.451668;6389.542;21.755556;-50.61111
2006-02-27;-2.2863972;-3.2070923;-5.853241;748.9698;0.85693115;223.971;100.0;0.5722135;282.72754;2023.2748;15.846897;0.010870397;0.0;0.12555718;0.12555718;0.0;13.979304;736.9006;2739.3855;25.366667;6951.7534;9.383333;-110.76444
2006-02-28;-2.419698;-3.7031147;-3.199707;749.75726;0.81144196;193.28862;100.0;0.5890586;279.6774;2108.1135;4.2763896;-0.061597675;0.0;0.12527406;0.12528896;0.0;3.7807412;1048.7933;4387.697;-988.23224;5859.097;-46.13;-196.84
2006-03-01;-2.2099102;-6.337616;-4.2193756;746.6018;0.71472615;220.70006;100.0;0.59040767;287.7526;2054.24;2.2644103;-0.09827595;0.0;0.12502074;0.12502074;0.0;1.5047938;1213.9406;4839.088;-1017.9267;5714.5693;-74.01889;-174.01555
2006-03-02;-1.9001871;-3.879598;-3.9809875;746.0412;0.65805364;172.51888;100.0;0.59190464;294.7689;2010.8643;0.010290742;-0.056117773;0.007987022;0.13273954;0.12475252;0.09800121;0.009424984;1402.2289;5428.57;-1181.625;5578.8613;-40.84;-202.61333
2006-03-03;-2.3058167;-3.495097;-3.4371948;745.20746;1.3329786;224.82288;100.0;0.5926308;301.48926;1968.0582;4.092331;-0.15931763;0.008478761;0.13297796;0.12449175;0.057062134;3.761057;1240.4756;4601.4155;-582.54114;6413.0176;-122.81111;-243.18777
2006-03-04;-3.173275;-4.178003;-2.384486;746.15753;0.9398992;203.00175;100.0;0.5988367;304.348;1969.6451;4.538685;-0.21915883;0.02154708;0.14576316;0.12422353;0.23398548;4.2485557;1127.7406;4398.943;-821.8589;6117.6523;-167.2411;-296.7
2006-03-05;-2.7660358;-9.478406;-3.6073391;749.6497;0.8605338;86.377716;100.0;0.60008013;310.24643;1937.0117;0.015522968;-0.26910192;0.0;0.12394786;0.12393296;0.0;0.014230609;1485.2391;5631.0366;-1538.0105;5114.282;-199.66333;-198.75111
2006-03-06;-1.3329569;-11.5709;-5.5670266;749.55005;0.9972885;76.99992;100.0;0.5999946;315.98438;1901.652;0.0029948968;-0.1209639;0.0;0.123649836;0.123657286;0.0;0.0;1610.7261;5883.126;-1810.6727;4637.159;-90.53778;-109.98222
2006-03-07;0.22788493;-12.833232;-7.04011;750.4659;0.8106208;206.61287;100.0;0.5999345;320.81348;1873.291;0.0;-0.111263245;0.0;0.123396516;0.123396516;0.0;0.0;1702.8145;6017.7646;-1843.9072;4481.386;-83.02611;-66.56111
2006-03-08;-0.3608602;-8.431961;-6.866455;748.46747;0.6772642;207.28194;100.0;0.60067874;324.569;1854.3295;1.6170144;-0.08985214;0.0;0.123143196;0.123135746;0.0;1.5034974;1007.02484;3462.8923;-500.07388;6125.217;-68.25889;-71.863335
2006-03-09;-3.3888447;-5.1858115;-4.72156;741.96295;1.4623915;190.32727;100.0;0.6196225;315.19174;1966.5527;36.570415;-0.036980957;0.0028163195;0.1257062;0.122882426;0.0;34.884674;306.62;1228.098;-215.48056;6614.425;-28.528889;-31.745556
2006-03-10;-6.484182;-7.964499;-5.039786;745.03076;1.1320977;205.72417;100.0;0.64338803;301.53613;2137.614;6.0432854;-0.14979579;0.0;0.122621655;0.122629106;0.0;6.024722;1179.2511;5028.8735;-1024.4917;5536.1733;-115.34;-333.19556
2006-03-11;-5.3844604;-10.786183;-6.21401;749.0391;1.0188017;72.84063;100.0;0.6449644;306.23178;2110.799;0.014406443;-0.15171804;0.0;0.122368336;0.12237579;0.0;0.013116747;1461.6008;6017.58;-1572.1061;4830.3794;-115.42111;-277.8611
2006-03-12;-2.6465046;-13.457606;-8.386882;749.9448;1.0263028;58.20227;100.0;0.64490896;311.09277;2077.2705;0.0008583069;-0.09011757;0.0;0.122115016;0.122115016;0.0;0.0;1516.4406;6056.7407;-1641.3317;4585.4785;-66.632774;-104.06333
2006-03-13;-1.8200277;-15.661358;-9.418202;749.92865;0.9510043;193.71019;100.0;0.64486617;315.11133;2050.293;0.001294884;-0.09781867;0.0;0.121861696;0.121861696;0.0;0.0;1596.7491;6207.2676;-1685.7245;4463.1914;-72.51444;-79.994446
2006-03-14;-0.6893616;-11.222726;-9.352641;750.59326;0.88936234;92.33872;100.0;0.64483327;318.74283;2026.9775;0.002536177;-0.05618576;0.0;0.12160838;0.121600926;0.0;0.0005438924;1655.5183;6267.629;-1405.2045;4889.5005;-39.945557;-89.435555
2006-03-15;-3.1241047;-5.972036;-7.39917;746.8264;0.85230976;176.07997;100.0;0.6487524;320.22885;2028.483;8.136171;-0.01494959;0.0;0.12135506;0.12135506;0.0;6.8057737;801.35944;2958.545;-391.25723;6229.3784;-10.24;-66.748886
2006-03-16;-4.1380715;-6.6247354;-6.050344;745.7893;0.75051194;176.03001;100.0;0.65301454;321.67026;2034.0576;0.057399273;-0.091658905;0.0;0.12110174;0.12110174;0.0;0.056970865;1547.5052;6027.707;-1393.1117;5164.77;-68.59778;-256.29224
2006-03-17;-4.915497;-7.707235;-7.0915833;744.6518;0.8881829;139.4908;100.0;0.6533907;325.6442;2009.9691;0.8266151;-0.122578815;0.0;0.12086332;0.12086332;0.0;0.801906;1520.1653;5754.6763;-1346.9956;5055.5776;-93.25222;-217.9911
2006-03-18;-4.5400696;-7.2157593;-6.3631186;745.877;0.84587437;166.19862;100.0;0.65372676;329.32455;1989.1357;0.27807823;-0.1890678;0.0;0.12061;0.12061;0.0;0.26863813;1512.1047;5601.811;-890.4939;5772.1865;-145.25111;-269.99777
2006-03-19;-4.064728;-5.2113037;-4.841474;743.14813;1.1781944;197.03058;100.0;0.66173714;326.13834;2029.419;27.209007;-0.16143173;0.0;0.12035668;0.12035668;0.0;26.840605;1275.343;4709.2856;-471.31638;6418.8877;-124.431114;-326.1722
2006-03-20;-4.4730325;-6.2258873;-3.9511478;743.42065;1.2279863;208.28941;100.0;0.6876853;308.8561;2229.2888;4.8579574;-0.1786016;0.0;0.12011826;0.12011081;0.0;4.8439016;1385.5627;5959.237;-1139.4797;5599.9434;-137.24222;-329.19333
2006-03-21;-3.6521618;-6.8075204;-5.10914;748.59326;0.75899357;194.87915;100.0;0.6885169;314.458;2193.1965;0.13910532;-0.098680146;0.0;0.11986494;0.11986494;0.0;0.11745095;1578.5061;6517.2183;-1501.225;5053.029;-73.70611;-285.0
2006-03-22;-2.5406291;-5.945028;-5.4496665;747.9216;0.9265871;90.183075;100.0;0.6890402;319.79785;2157.9998;0.7811616;-0.044938177;0.0;0.11962652;0.11961907;0.0;0.26657432;1491.6466;5956.387;-1351.9989;5256.0576;-31.662222;-207.86333
2006-03-23;-1.1785177;-9.008555;-6.1364036;749.7902;0.9456646;62.872013;100.0;0.6893606;324.83267;2125.8545;0.0017103329;-0.07535517;0.0;0.1193583;0.1193732;0.0;0.0;1753.95;6775.9136;-1683.9303;4804.589;-54.43778;-177.95667
2006-03-24;1.639567;-9.045552;-6.0869956;749.7924;1.0489737;107.12679;100.0;0.68922013;329.4922;2095.4998;0.00085395656;-0.10220148;0.018909574;0.13804436;0.11912733;0.2232138;0.0;1793.18;6704.597;-1490.5033;5108.0737;-75.05556;-109.69111
2006-03-25;0.40264893;-5.591207;-4.7256827;748.21875;1.0251611;162.9755;100.0;0.6897397;333.94565;2069.2952;4.546349;-0.10352023;0.044971704;0.16385317;0.118881464;0.41926467;1.6597472;1740.4222;6287.4565;-1013.3214;5824.1846;-76.74;-164.55112
2006-03-26;-1.4029541;-3.6455383;-2.4094799;747.9314;0.82300395;256.72256;100.0;0.69423527;337.84018;2059.5703;2.4766793;-0.14668144;0.06234646;0.1809895;0.118635595;0.5378611;0.96054745;1534.1833;5505.2104;-1290.6133;5581.582;-111.82222;-227.96445
2006-03-27;-2.077586;-4.5941772;-2.125126;747.25275;1.0140318;176.52058;100.0;0.69476074;343.19986;2029.541;0.036635995;-0.27591455;0.043287873;0.1616925;0.118397176;0.39926544;0.030197203;1727.0361;5810.259;-1204.7228;5721.033;-213.07;-287.95444
2006-03-28;-1.7182413;-5.5841064;-2.2008667;746.44696;0.87007195;69.63727;100.0;0.6944788;348.54556;1997.64;0.62956214;-0.18346682;0.033646822;0.15179813;0.11815876;0.23661554;0.17578527;1671.8105;5232.8047;-1265.1705;5618.0312;-140.46666;-202.48889
2006-03-29;-0.4789327;-4.284373;-1.4489847;747.0259;0.817576;123.773865;100.0;0.69390434;354.0895;1965.0472;0.028321147;-0.13860874;0.17093122;0.288859;0.11792779;1.4242977;0.01341477;2176.2678;6427.8564;-1567.6091;5422.225;-104.096664;-251.93777
2006-03-30;-1.2074789;-3.8219707;-0.8420868;749.2229;0.95468134;198.4278;100.0;0.6925848;361.11685;1923.055;0.15737414;-0.30752832;0.15850365;0.27617812;0.11768937;1.201272;0.119712204;2280.5593;6075.116;-1307.3384;5721.2676;-237.07889;-301.4989
2006-03-31;-1.145284;-3.4784138;-0.45490012;751.8182;1.0110034;108.07544;100.0;0.69060206;368.99902;1876.5463;0.0035852194;-0.3716722;0.3193766;0.43682754;0.11745095;2.2999308;0.002734363;2485.9077;6116.56;-1382.0078;5687.532;-287.5889;-371.6489
2006-04-01;0.6092529;-5.609751;-0.33900705;749.90985;0.94612116;56.54906;100.0;0.68589526;376.48764;1826.5787;0.013226954;-0.24897978;0.8985996;1.0157973;0.11720508;6.443016;8.940697e-05;2855.0522;6622.5005;-1638.9308;5496.589;-189.26111;-249.22778
2006-04-02;0.15145874;-2.9357605;-0.13510387;744.9926;0.5906741;67.680786;100.0;0.683193;380.0547;1800.9847;10.089481;-0.20131096;1.2178719;1.334846;0.116981566;5.8867855;5.3568444;1661.2955;4033.845;-591.7883;6684.8047;-155.00223;-211.31223
2006-04-03;-1.5802917;-2.0516255;-0.028551737;742.6682;0.7362358;149.44106;100.0;0.69250965;370.6123;1869.873;19.616488;-0.23373681;0.67567825;0.79244375;0.11675805;2.785584;17.23691;830.2511;2604.2834;-225.79167;7025.1636;-182.23334;-286.56668
2006-04-04;-2.32312;-2.871165;-0.083737694;745.36993;0.9539333;163.1529;100.0;0.7129879;353.44986;2019.0836;19.481287;-0.2693683;0.2527982;0.36935508;0.11655688;0.8915067;17.926983;963.05945;3839.8477;-532.9964;6633.6123;-209.3211;-375.81
2006-04-05;-2.2760823;-3.8789165;-0.21503448;746.0806;0.73345876;168.79878;100.0;0.73583174;338.83334;2172.2412;30.378788;-0.29956734;0.08619577;0.20255148;0.11636317;0.19409508;28.42039;667.29;2649.9895;-428.10416;6697.686;-230.17111;-225.63667
2006-04-06;-1.6755778;-4.0423584;-0.3003807;748.82275;0.9701672;128.26822;100.0;0.7496114;335.0485;2242.5537;0.9482384;-0.3983844;0.066921115;0.18309057;0.116162;0.3703553;0.4541576;1469.7728;5370.4453;-1074.4994;5998.5874;-300.53665;-277.83334
2006-04-07;0.13075764;-6.7572274;-0.4307696;749.2129;0.99045014;66.777336;100.0;0.7491495;343.72983;2184.367;0.022524595;-0.33271313;0.18250942;0.29847026;0.11597574;1.145456;5.2154064e-05;2243.9995;6899.933;-1701.1727;5264.9155;-241.64333;-195.5389
2006-04-08;2.0363057;-4.1043906;-0.3697014;752.7415;1.086114;94.303734;100.0;0.746144;352.55176;2120.8904;0.0017172424;-0.30537602;0.7445067;0.86030364;0.11577457;4.640633;0.0;2697.6284;7345.5933;-1730.5381;5367.3613;-218.7111;-164.84111
2006-04-09;3.572998;-2.5392048;-0.2745819;753.6807;1.0786484;82.59304;100.0;0.7385853;360.40396;2053.426;0.0069767237;-0.268328;1.6885698;1.8041879;0.11560321;9.676521;0.0;2937.2883;7339.035;-1674.9573;5519.258;-189.46445;-136.46
2006-04-10;4.006388;-4.410146;-0.26426443;754.4816;1.0952494;79.328926;100.0;0.7276711;367.47787;1984.1715;0.00085234636;-0.32365882;2.211049;2.3370533;0.12601167;11.687627;0.0;3169.3506;7436.8115;-1725.9664;5463.2065;-231.02;-116.77
2006-04-11;3.8497517;-4.040273;-0.23597844;751.87915;1.1775504;78.8955;100.0;0.7156591;374.20963;1915.975;0.024481507;-0.3194362;2.9174387;3.057599;0.14015287;12.13111;0.0;3075.078;6888.3027;-1461.8783;5775.058;-229.30112;-99.81555
2006-04-12;2.359558;-2.1815388;-0.19329834;748.47784;1.0719119;104.3639;100.0;0.7027354;380.13736;1852.0508;0.29921016;-0.28668344;3.3609867;3.499359;0.13839453;13.144519;0.0;2906.584;6280.516;-1386.5233;5840.7266;-207.56444;-144.76889
2006-04-13;3.6208699;-0.802653;-0.20404942;750.3155;1.0232042;119.57791;100.0;0.6880949;385.917;1786.3363;0.03644824;-0.27520674;4.7481804;4.928917;0.18072873;15.89907;0.0;3455.2688;7271.193;-1551.9462;5730.3545;-193.68556;-145.95555
2006-04-14;3.7962036;-3.1564434;-0.17870331;753.74335;1.1701812;111.1189;100.0;0.6709239;391.29654;1717.6107;0.0023424625;-0.420372;5.9651136;6.246373;0.28125197;17.69003;0.00016018748;3540.5671;7296.991;-1406.5333;5911.5757;-304.73166;-165.44888
2006-04-15;6.4530845;-4.1692505;-0.14459229;754.5828;0.98315924;189.7085;100.0;0.6527491;396.52734;1649.2513;0.26665926;-0.37713814;6.4796658;6.6889973;0.20933151;18.425274;0.0;3601.095;7304.61;-1289.7352;6126.5273;-270.84277;-74.43222
2006-04-16;5.0517273;-0.54833984;-0.05714798;750.29047;0.9313311;150.30846;100.0;0.63345456;400.29395;1585.083;4.651533;-0.21919794;7.3004665;7.923126;0.6226525;20.189531;0.0;2919.6978;5849.126;-893.5336;6519.8433;-153.56334;-109.50889
2006-04-17;4.3382263;1.1867472;-0.0075263977;746.3921;0.8677024;106.20841;100.0;0.6162128;403.3483;1530.07;16.866127;-0.12696348;11.681259;13.623267;1.9420087;18.657524;0.011045486;2386.5012;4737.217;-484.78418;6978.258;-86.10889;-98.45778
2006-04-18;2.7417195;1.1683655;0.009857178;746.8986;0.82796955;238.00829;100.0;0.598869;405.43066;1479.4515;3.8030274;-0.23611635;7.9139767;8.318245;0.40426105;17.564066;0.055119395;2005.9961;3959.6255;-73.61417;7411.849;-173.85;-138.35667
2006-04-19;2.8267314;-0.47278848;-0.06881205;751.9438;1.0371369;165.00551;100.0;0.5781827;407.51236;1421.4681;0.1193583;-0.46603566;8.884147;10.65889;1.7747357;22.095625;0.0017769635;3575.1345;7016.7896;-1359.1838;6005.8584;-343.91333;-239.30556
2006-04-20;3.2666118;-0.4693705;-0.15527217;752.82306;1.1339442;143.18352;100.0;0.55849046;411.99643;1357.9102;0.31797588;-0.33348614;7.6325536;7.9849663;0.35241246;18.684599;0.0;3690.5034;7206.08;-1287.3994;6105.277;-238.76334;-147.00667
2006-04-21;2.8707478;0.3128357;-0.05457433;751.2994;1.0970578;121.308495;100.0;0.5385471;415.77637;1297.3226;4.3570576;-0.33439323;10.326445;12.011587;1.6851276;19.772427;0.00010803342;3148.1145;6121.469;-836.1375;6618.676;-243.37555;-182.25223
2006-04-22;4.0230813;2.7544556;-0.028427124;748.97736;1.2090467;201.04742;100.0;0.5159232;418.48633;1235.1074;1.8867463;-0.18155947;11.534884;13.503581;1.9686892;24.443083;0.0;3404.4988;6599.1055;-792.3469;6748.8413;-123.6;-168.15445
2006-04-23;2.4686077;0.9281311;-0.004942576;749.6028;0.9157112;221.26997;100.0;0.49366102;420.8392;1175.2523;4.3825746;-0.30172244;9.451985;10.18396;0.73198974;20.972315;0.013601035;2859.7996;5527.6426;-612.91614;6874.88;-220.57222;-191.65778
2006-04-24;2.8392437;1.1055807;0.0014775594;746.2719;0.68317646;137.98798;100.0;0.47806582;422.4362;1133.7076;17.792244;-0.06134063;12.798458;14.923244;2.1247716;14.268099;0.080130994;1562.7012;3027.0657;-144.65;7290.0137;-40.56111;-76.8
2006-04-25;0.71085614;-0.37513223;-0.028115591;743.3199;0.8941495;137.7744;100.0;0.46117106;422.5371;1093.4244;11.517042;-0.3092885;13.210877;15.681267;2.4703815;19.327566;0.6758496;2794.206;5611.428;-761.76556;6643.863;-228.01111;-279.33554
2006-04-26;-0.57784015;-1.7911173;-0.10149256;743.2852;0.9339304;107.59949;100.0;0.44664255;425.55957;1051.5543;5.8092694;-0.37821382;6.458938;7.62105;1.1621192;13.242802;0.4036352;2618.8193;5217.5596;-789.4086;6526.6445;-284.2022;-312.65112
2006-04-27;-0.8728905;-1.1628265;-0.0805308;745.2529;0.7977889;207.63261;100.0;0.44060895;421.75455;1045.1254;8.941251;-0.15290174;4.306629;5.6447387;1.3381019;7.9317875;3.9362273;1334.4427;3084.621;-346.3572;6930.887;-113.655556;-207.91
2006-04-28;-0.034973145;-4.546903;-0.13527298;747.84503;1.2264456;198.93639;100.0;0.4330264;422.43652;1026.5299;0.0767682;-0.8352939;3.0198395;4.5270324;1.5072002;8.785107;0.025141984;2597.7917;6019.4775;-1215.2333;5948.9204;-637.3345;-256.74
2006-04-29;2.061259;-2.1427116;-0.21770222;749.1513;1.0274642;177.62639;100.0;0.42467403;427.5648;995.0358;1.5109628;-0.40453672;3.6381335;5.307734;1.6695857;9.862475;0.2306737;2528.844;5653.9355;-1144.48;6061.31;-300.12222;-121.34111
2006-04-30;3.5514324;0.9128723;-0.12266159;749.5647;1.1368971;267.2463;100.0;0.4142435;432.73178;958.903;5.038887;-0.1322534;6.4420996;9.288758;2.8466582;14.768939;0.034008175;2200.6355;4762.5967;-922.41614;6374.519;-90.52111;-62.17
2006-05-01;4.7990723;0.6388143;-0.16081364;751.48553;1.3991915;246.47052;100.0;0.39820966;437.70767;911.4583;0.25446117;-0.43647644;7.013738;9.469956;2.4562106;17.623878;0.0;3545.8738;7477.0444;-1445.387;5899.1274;-318.09113;-76.903336
2006-05-02;5.1973367;-0.3942871;-0.14448674;751.988;1.3322395;184.01006;100.0;0.38015094;442.93002;859.8226;1.3130754;-0.47964975;7.450342;10.582193;3.1318517;18.005938;0.0;3506.0466;7238.5938;-1322.8434;6057.61;-351.28445;-63.13222
2006-05-03;5.109965;1.9734598;-0.05830002;751.95;1.0239754;140.16225;100.0;0.36132744;446.84897;809.9365;7.1534963;-0.21347123;10.959476;15.138403;4.1789265;20.503458;0.0;3235.2117;6569.6025;-968.4692;6510.007;-147.57666;-122.87111
2006-05-04;6.228241;0.31404623;-0.054674786;753.46014;1.1199936;188.37697;100.0;0.3366872;448.50815;752.15656;3.7738912;-0.44676197;12.889385;18.600554;5.711153;26.800156;0.0;3771.0989;7560.714;-1126.5013;6354.8657;-323.25;-118.575554
2006-05-05;5.1212564;1.7799683;-0.080599464;753.4536;0.69494945;102.805664;100.0;0.32159236;449.9502;714.9658;9.199438;-0.029619783;8.102685;13.796732;5.6940393;12.343704;0.0;1423.29;2826.63;-437.83112;6874.1177;-16.96;-6.7033334
2006-05-06;5.9387817;3.1112263;-0.08029556;754.78204;1.0395496;136.7439;100.0;0.30283025;450.0;673.8281;1.3206184;-0.16040075;10.195986;18.0863;7.8903213;22.963755;0.0;3080.2756;6067.509;-684.81335;6839.7705;-106.329445;-109.70778
2006-05-07;6.040914;2.9878845;-0.09061686;752.90924;1.1510158;223.83789;100.0;0.28085384;450.0;625.3255;7.57316;-0.1158379;14.332667;23.073301;8.740619;22.342712;0.0;2799.7;5480.6655;-870.0961;6550.8706;-74.79222;-57.676666
2006-05-08;4.1338706;2.4045715;-0.10307821;750.6778;1.1219641;176.60938;100.0;0.2633636;450.0;586.0596;18.188297;-0.08426886;16.590893;28.773129;12.182251;15.370824;0.00015087426;2166.8767;4220.3193;-326.74194;7125.113;-54.712223;-46.413334
2006-05-09;5.6747537;3.5911763;-0.05958684;751.3515;1.1463807;235.54012;100.0;0.2397364;450.0;533.93555;2.2289305;-0.21566358;12.420908;26.73225;14.311351;28.045624;0.0;3421.8467;6644.0366;-839.7878;6680.8;-146.90555;-117.14222
2006-05-10;5.3654885;-1.008555;-0.27878317;752.28973;1.4429818;198.50154;100.0;0.21594469;450.0;480.83496;0.60191154;-0.61626637;9.070367;23.220331;14.149949;21.587004;0.0;3758.6523;7280.852;-1488.5159;5852.588;-457.4411;-26.593334
2006-05-11;6.592743;-1.5418192;-0.49534225;754.71576;1.119092;121.15214;99.94572;0.19449262;450.0;433.3496;0.0;-0.4325919;8.915604;22.838861;13.92328;22.036146;0.0;4320.8257;8347.965;-1905.7091;5419.1025;-309.72556;-96.25222
2006-05-12;7.981913;-2.2209167;-0.49338531;755.78784;1.1051611;131.98798;98.18221;0.17156585;450.0;382.60904;0.0008523463;-0.45371616;9.711281;22.935108;13.22382;23.359705;0.0;4390.425;8399.151;-1774.2778;5622.6323;-322.52777;-75.566666
2006-05-13;8.615845;-1.4818726;-0.43498993;753.63556;1.1371416;193.66652;95.94759;0.14751728;450.0;329.06088;0.0017225742;-0.52823496;10.520831;23.437141;12.916305;24.213966;0.0;4399.629;8303.802;-1633.4016;5835.99;-374.30777;-75.69889
2006-05-14;7.4047446;-0.020528158;-0.4781138;751.1643;1.425172;231.25429;94.71964;0.12291821;450.0;273.96646;0.0;-0.73220676;10.157153;23.556143;13.39899;24.070393;0.0;4388.134;8217.013;-1610.125;5811.9023;-532.00555;-98.88778
2006-05-15;6.853424;-0.41799927;-0.7759463;751.63934;1.2158424;117.166466;94.1582;0.09913206;450.0;221.2321;0.026077032;-0.61493367;10.157212;22.367626;12.210399;23.463827;0.0;4459.5146;8316.759;-1857.5594;5535.5024;-438.22556;-150.19444
2006-05-16;8.485626;-2.2793987;-0.9105174;752.5473;1.105383;104.6611;92.166504;0.07522905;450.0;168.33496;0.03305128;-0.57561976;10.442198;23.063152;12.620955;23.786705;0.0;4375.3477;8097.849;-1526.2686;5952.0454;-409.37555;-157.00111
2006-05-17;8.833038;0.63688153;-0.44411469;751.85156;1.2560096;122.03125;88.06901;0.05248308;450.0;117.79785;2.4082808;-0.59399754;9.558439;22.430346;12.871914;21.707785;0.0;3475.784;6308.323;-983.45917;6563.8564;-418.13333;-68.884445
2006-05-18;5.6024575;-0.6006877;-1.2461065;750.81885;1.4338065;200.01408;70.7793;0.032617927;450.0;73.404945;1.666382;-1.1672546;7.9613028;20.682156;12.720853;17.813488;0.0;4579.192;7844.6465;-1697.1322;5778.351;-851.47;-423.18222
2006-05-19;6.631602;0.605601;-1.3611921;750.99445;1.0406271;125.5326;40.717365;0.017793536;450.0;40.12044;0.14620423;-1.6249642;4.272729;16.6004;12.327693;12.653027;0.0;5163.05;7684.7183;-1728.67;6029.483;-1133.3389;-521.11444
2006-05-20;7.193756;0.4327189;-0.8354645;750.4216;1.1406609;74.57823;19.491861;0.008476575;450.0;19.083658;1.3094246;-2.2601132;2.578333;14.175445;11.597127;7.0596786;0.0;5470.3228;7438.7866;-1786.4412;6270.8926;-1571.4323;-647.7622
2006-05-21;7.1677756;2.5273335;-0.4528974;750.3257;0.9752577;68.90267;8.705566;0.003785491;450.0;8.544922;4.763806;-2.235867;2.1635294;12.759983;10.596461;3.1725912;0.0;4864.3306;6324.1133;-1632.1045;6529.1;-1552.8667;-753.0789
2006-05-22;7.28006;3.1135762;-0.2825699;751.031;1.0485109;102.37375;3.8986003;0.0016934475;450.0;3.9469402;2.3833992;-2.3404918;0.9328723;10.536477;9.603604;1.4636964;0.0;4732.673;6030.0513;-1634.9656;6620.078;-1625.6844;-763.42224
2006-05-23;7.1096396;3.240804;-0.16498058;751.2247;1.171286;52.6154;1.7177734;0.0007462899;450.0;1.8717448;3.5999804;-2.245372;0.9371191;9.645835;8.708723;0.6444268;0.0;4472.977;5644.2144;-1577.28;6697.5557;-1559.7;-845.91223
2006-05-24;8.394745;2.1454163;-0.18283336;753.1924;1.6961212;40.33364;0.72802734;0.0003145536;450.0;0.9765625;0.32110974;-3.1594086;0.1321435;8.051962;7.919803;0.31450763;0.0;5755.7065;7227.1255;-2036.581;6348.2954;-2194.76;-1015.2278
2006-05-25;8.533589;-1.7637024;-0.49621582;753.8623;1.7774123;35.76462;0.2762858;0.00011897087;450.0;0.20345052;0.0;-3.8474548;0.02745539;7.255897;7.228449;0.122938305;0.0;6768.8027;8475.887;-2602.814;5723.3022;-2672.7788;-1121.7411
2006-05-26;10.171783;-1.9337158;-0.48641586;753.28906;1.0568761;102.165306;0.10083008;4.3233234e-05;443.65396;-7.345365e-21;0.06627686;-3.8050683;0.019043684;6.6426096;6.623581;0.0474751;0.0;6564.104;8205.413;-2432.3103;6067.0024;-2643.2666;-917.56555
2006-05-27;10.970439;0.8863118;-0.22693379;754.12225;1.351144;172.02275;0.034505207;1.4702479e-05;428.6748;-7.345365e-21;1.2837738;-3.6827483;0.1771748;6.2731953;6.0960054;0.017099082;0.0;6389.9106;7977.109;-2263.2317;6358.37;-2558.2866;-1035.2644
2006-05-28;10.816997;-1.0040079;-0.17830022;752.3188;1.4521557;228.17009;0.011962891;4.927317e-06;428.21582;-7.345365e-21;0.019714236;-3.8665113;0.0034943223;5.6384354;5.634941;0.0053346157;0.0;6573.011;8196.276;-2540.5967;5972.5034;-2685.94;-1031.7345
2006-05-29;10.907247;0.26956177;-0.19907506;752.3628;1.1369438;111.34554;0.004313151;1.748403e-06;428.09375;-7.345365e-21;0.0008583069;-3.9159803;0.00044703484;5.2291155;5.2286835;0.0019967556;0.0;6803.3794;8474.356;-2543.643;6109.4653;-2720.301;-995.54114
2006-05-30;12.388591;2.1005757;-0.0028737385;752.6004;1.0334492;87.34789;0.0009765625;4.3710074e-07;428.09375;-7.345365e-21;0.043691684;-3.748497;0.004991889;4.874855;4.8698635;0.00063702464;0.0;6316.3916;7859.241;-2286.7544;6539.474;-2603.9556;-853.04224
2006-05-31;14.035736;2.0545247;0.0098724365;753.67236;1.143301;77.56626;0.0;-7.3453654e-25;428.09375;-7.345365e-21;0.00085234636;-4.121337;0.00012665987;4.5512767;4.5511575;0.0001937151;0.0;6708.7124;8338.602;-2420.8066;6578.05;-2862.9568;-810.34
2006-06-01;14.968221;2.1234944;-0.7981987;754.6873;1.3345662;45.63615;0.0;-7.3453654e-25;236.87988;-7.345365e-21;0.009405613;-4.1049523;0.0009909272;4.2672305;4.2662325;4.8428774e-05;0.0;6479.3394;8044.977;-2343.4377;6748.7935;-2851.5745;-719.63446
2006-06-02;15.463267;3.4720356;-0.4260521;754.3555;1.3196505;43.817966;0.0;-7.3453654e-25;106.36196;-7.345365e-21;1.2647212;-3.816476;0.14185905;4.152909;4.011035;1.4901161e-05;0.0;6158.493;7638.5146;-2205.959;6920.4985;-2651.18;-774.6322
2006-06-03;14.491679;4.2309265;-0.1342659;754.22455;1.3568527;86.94724;0.0;-7.3453654e-25;100.06248;-7.345365e-21;1.2093395;-3.797451;0.12622774;3.9078891;3.7816615;0.0;0.0;6212.9395;7697.92;-2201.0906;6928.013;-2637.9622;-897.1533
2006-06-04;14.2039385;4.6232095;-0.14079666;754.623;1.255153;50.831726;0.0;-7.3453654e-25;100.09666;-7.345365e-21;1.3231933;-3.62524;0.13238192;3.7066638;3.574282;0.0;0.0;5979.5405;7400.865;-2119.3972;7019.953;-2518.3333;-871.21
2006-06-05;14.349437;4.6285706;-0.066018425;756.28564;1.3819685;54.138824;0.0;-7.3453654e-25;100.06509;-7.345365e-21;1.4359832;-3.7452886;0.15318394;3.5391152;3.3859463;0.0;0.0;6228.7637;7701.261;-2241.734;6911.6665;-2601.7278;-972.2722
2006-06-06;15.174591;1.7703959;0.010052999;756.2632;1.3099765;41.743977;0.0;-7.3453654e-25;99.99998;-7.345365e-21;0.021743774;-3.976902;0.0019073486;3.2154322;3.21351;0.0;0.0;6781.195;8375.59;-2531.945;6652.042;-2762.6223;-1023.29114
2006-06-07;15.125946;2.049062;0.010257721;754.7784;1.0279031;91.565056;0.0;-7.3453654e-25;100.00519;-7.345365e-21;2.2551298;-3.4581563;0.2272278;3.2826514;3.055416;0.0;0.0;6394.452;7889.5513;-2423.5747;6772.501;-2402.2656;-1168.4244
2006-06-08;14.842163;-2.4219868;0.009860992;753.03156;1.3392096;160.6931;0.0;-7.3453654e-25;99.99998;-7.345365e-21;0.00085234636;-3.7904234;7.4505806e-05;2.910614;2.9105396;0.0;0.0;6979.8438;8602.881;-2909.7185;6135.7627;-2633.0818;-1238.35
2006-06-09;13.356862;-1.7931417;0.009857178;754.041;1.2139969;190.12733;0.0;-7.3453654e-25;99.99998;-7.345365e-21;0.0;-3.3367975;0.0;2.7765036;2.7765183;0.0;0.0;7073.4937;8709.188;-3089.9155;5862.035;-2317.9612;-1375.0255
2006-06-10;14.302846;-4.067688;0.010049184;755.6285;1.2353907;158.66881;0.0;-7.3453654e-25;99.99998;-7.345365e-21;0.0;-3.279427;0.0;2.6525111;2.6525185;0.0;0.0;7111.525;8746.87;-3196.1821;5814.4243;-2278.109;-1298.0945
2006-06-11;15.281413;-4.776133;0.009952545;755.43207;1.1657614;174.92615;0.0;-7.3453654e-25;99.99998;-7.345365e-21;0.0025619848;-3.1678247;0.00017881393;2.5375783;2.5373995;0.0;0.0;7172.431;8812.555;-3322.98;5801.371;-2200.5823;-1223.4312
2006-06-12;15.364685;-4.2977395;0.009958903;754.3847;1.2413758;161.49565;0.0;-7.3453654e-25;99.99998;-7.345365e-21;0.0;-2.951367;0.0;2.4302602;2.4302676;0.0;0.0;7156.636;8783.967;-3348.1868;5867.759;-2050.2166;-1345.0712
2006-06-13;15.683635;-4.619883;0.009857178;753.84125;1.2034924;95.70624;0.0;-7.3453654e-25;99.99998;-7.345365e-21;0.0;-2.7664342;0.0;2.3303032;2.3302958;0.0;0.0;7141.896;8756.69;-3417.699;5878.6235;-1921.75;-1367.58
2006-06-14;16.128073;-4.552317;0.010080974;753.77203;1.3457195;154.41057;0.0;-7.3453654e-25;99.99998;-7.345365e-21;0.0017071625;-2.5107563;0.00011920929;2.2369921;2.236888;0.0;0.0;7162.655;8773.02;-3384.8093;5989.688;-1744.1389;-1532.9678
2006-06-15;15.968262;-3.6894836;0.009755452;754.81177;1.2268919;159.51569;0.0;-7.3453654e-25;99.99998;-7.345365e-21;0.0;-2.3181849;0.0;2.1493883;2.1493957;0.0;0.0;7090.8657;8676.069;-3380.6912;6069.2812;-1610.3667;-1656.06
2006-06-16;16.270508;-5.8494973;0.009563446;754.2002;1.2537452;178.72632;0.0;-7.3453654e-25;99.99998;-7.345365e-21;0.0;-2.193112;0.0;2.0673275;2.0673275;0.0;0.0;7201.1562;8809.872;-3617.0955;5847.8174;-1523.4833;-1643.9166
2006-06-17;16.06304;-4.2141213;0.00974528;753.78174;1.3417965;163.81651;0.0;-7.3453654e-25;99.99998;-7.345365e-21;0.00043511385;-2.0362437;2.9802322e-05;1.9902587;1.9902289;0.0;0.0;7092.178;8675.442;-3388.7644;6116.563;-1414.5111;-1792.88
2006-06-18;16.0607;-5.202535;0.009897868;754.26544;1.305692;161.10165;0.0;-7.3453654e-25;99.99998;-7.345365e-21;0.00043511385;-1.9636042;2.9802322e-05;1.9176304;1.9176155;0.0;0.0;7091.3604;8673.299;-3447.8179;6105.51;-1364.0511;-1873.7977
2006-06-19;15.600444;-6.5781555;0.010018666;753.6723;1.2498493;138.28328;0.0;-7.3453654e-25;99.99998;-7.345365e-21;0.00085827004;-1.8802657;5.9604645e-05;1.8491894;1.8491298;0.0;0.0;7171.57;8770.224;-3499.6162;6033.9854;-1306.1578;-1939.6844
2006-06-20;15.579631;0.74543256;0.010158539;753.5717;0.9262094;76.96306;0.0;-7.3453654e-25;99.99998;-7.345365e-21;0.04194677;-1.7410163;0.002488494;1.7870218;1.7845259;0.0;0.0;6648.3804;8129.324;-2986.0105;6729.87;-1209.4255;-1886.6233
2006-06-21;16.896616;0.18092854;0.010505676;752.99176;1.0695903;122.69027;0.0;-7.3453654e-25;99.99998;-7.345365e-21;0.0019699335;-1.8160632;0.00010430813;1.7234534;1.7233491;0.0;0.0;6900.562;8436.629;-3157.14;6702.2446;-1261.5588;-1959.2012
2006-06-22;17.367971;-2.0331218;0.009760539;752.1016;1.2746927;126.69181;0.0;-7.3453654e-25;99.99998;-7.345365e-21;0.0017791981;-1.7258087;0.00010430813;1.6655028;1.665406;0.0;0.0;6691.9785;8180.479;-3134.4282;6744.4087;-1198.8622;-1864.4578
2006-06-23;16.944754;-1.8706564;0.009873708;751.7815;1.5019003;109.868645;0.0;-7.3453654e-25;99.99998;-7.345365e-21;0.004017353;-1.6008447;0.00020861626;1.6108751;1.6106814;0.0;0.0;6674.74;8158.412;-3120.7983;6676.283;-1112.0533;-2077.719
2006-06-24;16.729074;-2.434906;0.0101292925;751.9117;1.4791027;103.04615;0.0;-7.3453654e-25;99.99998;-7.345365e-21;0.0011205673;-1.5030149;5.9604645e-05;1.5589595;1.5589223;0.0;0.0;6612.4985;8081.2246;-3111.6055;6611.997;-1044.0945;-2108.8567
2006-06-25;16.584473;-2.596995;0.009951274;752.428;1.2079828;174.66542;0.0;-7.3453654e-25;99.99998;-7.345365e-21;0.0012881428;-1.5682001;7.4505806e-05;1.509741;1.5096664;0.0;0.0;7065.6426;8633.995;-3315.591;6495.891;-1089.3778;-2187.0457
2006-06-26;17.315338;-1.8978373;0.009807587;751.7612;1.234836;122.83114;0.0;-7.3453654e-25;99.99998;-7.345365e-21;0.0012874635;-1.5594065;8.940697e-05;1.4627576;1.4626682;0.0;0.0;6939.116;8478.253;-3310.1328;6607.108;-1083.2678;-2109.7043
2006-06-27;17.015554;2.3933818;0.009904225;750.33325;1.1406795;84.36567;0.0;-7.3453654e-25;99.99998;-7.345365e-21;0.14847517;-1.3944023;0.00834465;1.4264733;1.4181286;0.0;0.0;6346.574;7753.269;-2875.7722;7050.19;-968.6445;-2031.6934
2006-06-28;16.349161;4.365204;0.009705861;749.9124;1.0947431;116.325294;0.0;-7.3453654e-25;99.99998;-7.345365e-21;0.82845986;-1.3045315;0.0474602;1.423806;1.3763458;0.0;0.0;5526.4653;6750.379;-2535.8704;7187.3926;-906.2144;-1849.4177
2006-06-29;15.912669;-0.29714966;0.009961446;750.3287;1.229235;137.73799;0.0;-7.3453654e-25;99.99998;-7.345365e-21;0.00085234636;-1.6900599;5.9604645e-05;1.3363957;1.3363361;0.0;0.0;7013.6455;8565.952;-3210.2588;6538.041;-1174.0278;-2301.3223
2006-06-30;15.326039;0.5633138;0.009990692;749.9266;1.198134;109.27473;0.0;-7.3453654e-25;99.99998;-7.345365e-21;0.03387034;-1.3250728;0.001475215;1.299426;1.2979434;0.0;0.0;6091.813;7439.053;-2812.1025;6876.318;-920.48444;-2029.1444
2006-07-01;14.443645;5.3482156;0.009860992;749.5832;1.0727009;63.40796;0.0;-7.3453654e-25;99.99998;-7.345365e-21;1.0241628;-1.2552012;0.05811453;1.3198853;1.2617558;0.0;0.0;5471.3823;6680.6646;-2267.2583;7412.073;-871.94666;-2009.5
2006-07-02;15.42574;4.7689414;0.009716034;748.7404;1.105232;95.149376;0.0;-7.3453654e-25;99.99998;-7.345365e-21;0.22906065;-1.4661196;0.012755394;1.2400746;1.2273192;0.0;0.0;5563.88;6792.75;-2289.486;7494.334;-1018.4633;-1861.4288
2006-07-03;15.412211;4.536133;0.010064443;748.1223;1.2318984;140.75392;0.0;-7.3453654e-25;99.99998;-7.345365e-21;0.3025176;-1.3713856;0.016778708;1.2110323;1.1942685;0.0;0.0;5855.6094;7148.042;-2543.1545;7166.425;-952.6567;-2113.7021
2006-07-04;15.217631;1.3237406;0.010033925;749.2136;1.3546505;156.4573;0.0;-7.3453654e-25;99.99998;-7.345365e-21;0.001713457;-1.3137143;0.00010430813;1.1625886;1.1624768;0.0;0.0;6419.637;7835.3936;-2900.0305;6738.148;-912.5933;-2366.4111
2006-07-05;15.091736;2.5974834;0.009886424;751.3493;1.1249081;128.31668;0.0;-7.3453654e-25;99.99998;-7.345365e-21;0.0;-1.2421254;0.0;1.1318624;1.131855;0.0;0.0;6422.727;7838.1533;-2960.3232;6758.54;-862.86334;-2301.04
2006-07-06;16.452698;-0.9686788;0.009882609;751.0715;1.2076089;135.09462;0.0;-7.3453654e-25;99.99998;-7.345365e-21;0.0;-1.3169218;0.0;1.1022836;1.1022836;0.0;0.0;7034.9976;8584.332;-3461.8325;6344.6323;-914.8211;-2327.1555
2006-07-07;15.917928;-4.248993;0.009783427;750.10614;1.2272464;144.13747;0.0;-7.3453654e-25;99.99998;-7.345365e-21;0.0;-1.2337062;0.0;1.0738373;1.0738373;0.0;0.0;7181.299;8761.701;-3613.1028;6107.2607;-857.01447;-2367.8367
2006-07-08;15.298024;-0.9322713;0.009909312;750.5283;1.32189;168.604;0.0;-7.3453654e-25;99.99998;-7.345365e-21;0.0012804494;-1.1367426;5.9604645e-05;1.0466874;1.046598;0.0;0.0;7036.721;8584.25;-3353.9822;6362.404;-789.6578;-2572.9844
2006-07-09;16.193563;0.58388263;0.009942372;751.312;1.1244067;104.17031;0.0;-7.3453654e-25;99.99998;-7.345365e-21;0.0017253314;-1.1985693;0.00010430813;1.0204315;1.0203495;0.0;0.0;6851.707;8357.422;-3159.8906;6786.797;-832.6055;-2372.04
2006-07-10;17.880981;2.6717834;0.009970347;751.7175;1.0946182;68.195435;0.0;-7.3453654e-25;99.99998;-7.345365e-21;0.00086426723;-1.1597202;4.4703484e-05;0.99508464;0.9950474;0.0;0.0;6439.395;7853.444;-2996.081;7125.6367;-805.6189;-2122.821
2006-07-11;18.098349;5.4232583;0.010320027;751.5695;1.8490272;41.606228;0.0;-7.3453654e-25;99.99998;-7.345365e-21;0.0038777324;-1.1274219;0.00020861626;0.97094476;0.97073615;0.0;0.0;6830.6064;8329.583;-3143.6033;6993.406;-783.18225;-2467.2778
2006-07-12;18.054596;3.4400127;0.009999593;751.663;1.8796493;42.992016;0.0;-7.3453654e-25;99.99998;-7.345365e-21;0.0;-1.1233706;0.0;0.9473413;0.9473264;0.0;0.0;6903.4707;8417.345;-3283.5752;6831.5913;-780.3678;-2456.3933
2006-07-13;19.11666;2.6496785;0.009756724;751.36743;1.2929503;68.65212;0.0;-7.3453654e-25;99.99998;-7.345365e-21;0.005160002;-1.1770632;0.0002682209;0.9249747;0.92472136;0.0;0.0;6875.7734;8382.495;-3315.1711;6965.161;-817.6678;-2242.7212
2006-07-14;19.157022;3.1525471;0.00972112;750.33;1.3449017;141.46526;0.0;-7.3453654e-25;99.99998;-7.345365e-21;0.0008583069;-1.1355281;4.4703484e-05;0.90290606;0.90286136;0.0;0.0;6830.8594;8326.656;-3209.6616;7069.1245;-788.81445;-2411.5488
2006-07-15;16.301535;1.3435669;0.0102717085;750.0546;1.3000811;183.87604;0.0;-7.3453654e-25;99.99998;-7.345365e-21;0.0008583069;-0.9919191;5.9604645e-05;0.8819699;0.8819178;0.0;0.0;6932.9883;8450.067;-3302.8132;6621.6787;-689.05334;-2802.7744
2006-07-16;16.743662;2.5207927;0.009676616;752.1587;1.122152;114.66349;0.0;-7.3453654e-25;99.99998;-7.345365e-21;0.0;-0.8583935;0.0;0.86191297;0.8619353;0.0;0.0;5499.6265;6701.491;-2562.2473;7357.1343;-596.29724;-1985.1677
2006-07-17;17.5577;2.6618652;0.010168712;753.0965;1.0508815;70.71772;0.0;-7.3453654e-25;99.99998;-7.345365e-21;0.006026029;-0.87096167;0.0002682209;0.8430779;0.8428246;0.0;0.0;5443.3696;6631.452;-2702.3916;7304.5454;-605.0278;-1867.4722
2006-07-18;19.54902;1.5255533;0.010032654;751.99243;1.3240095;72.41874;0.0;-7.3453654e-25;99.99998;-7.345365e-21;0.0017142283;-1.0987306;8.940697e-05;0.8241832;0.8241087;0.0;0.0;6843.4385;8335.324;-3300.1738;6988.6616;-763.2511;-2264.13
2006-07-19;20.803843;3.0405579;0.010027568;752.7211;1.3087168;165.48051;0.0;-7.3453654e-25;99.99998;-7.345365e-21;0.0;-1.084689;0.0;0.8058101;0.8057952;0.0;0.0;6759.102;8230.703;-3135.487;7321.122;-753.49664;-2341.4878
2006-07-20;21.124166;3.8114827;0.00982666;753.1988;1.3270507;115.98282;0.0;-7.3453654e-25;100.00519;-7.345365e-21;0.0009864569;-1.0083914;4.4703484e-05;0.7882267;0.7881895;0.0;0.0;6223.9463;7577.2715;-2949.6907;7533.281;-700.49554;-2125.5344
2006-07-21;20.751333;5.7551064;0.010325114;753.05804;1.276184;97.59766;0.0;-7.3453654e-25;99.99998;-7.345365e-21;0.011095405;-0.8755932;0.00052154064;0.77185035;0.7713139;0.0;0.0;5490.343;6682.7627;-2669.8372;7688.777;-608.24554;-1858.0667
2006-07-22;20.2553;3.5022786;0.009985606;753.52783;1.3772386;107.10583;0.0;-7.3453654e-25;100.00259;-7.345365e-21;0.0004351138;-0.9596888;2.9802322e-05;0.75504184;0.75499713;0.0;0.0;6296.078;7661.6597;-3088.2048;7258.8154;-666.6633;-2245.4246
2006-07-23;19.729797;0.5816243;0.009830475;753.2214;1.3963133;125.19406;0.0;-7.3453654e-25;99.99998;-7.345365e-21;0.0008604208;-0.99643695;5.9604645e-05;0.7391274;0.7390976;0.0;0.0;6803.8926;8277.825;-3361.4246;6936.023;-692.1911;-2443.541
2006-07-24;19.07546;-4.3332725;0.010077159;752.42505;1.3785437;170.10289;0.0;-7.3453654e-25;99.99998;-7.345365e-21;0.0008642673;-0.9609405;4.4703484e-05;0.7237345;0.72368234;0.0;0.0;6985.599;8497.07;-3689.9038;6455.2935;-667.5333;-2412.5967
2006-07-25;18.35018;-3.025645;0.010005951;752.2554;1.168903;132.09319;0.0;-7.3453654e-25;99.99998;-7.345365e-21;0.0008583069;-0.95917845;4.4703484e-05;0.70881844;0.70875883;0.0;0.0;6961.2207;8465.539;-3646.8845;6472.431;-666.3089;-2339.9612
2006-07-26;18.59266;0.9730428;0.010018666;752.97754;1.268633;128.22243;0.0;-7.3453654e-25;99.99998;-7.345365e-21;0.0008642673;-0.9286869;4.4703484e-05;0.6943047;0.6942749;0.0;0.0;6643.7935;8077.635;-3271.686;6917.237;-645.1278;-2390.2388
2006-07-27;18.726278;-1.4849752;0.009806315;750.9248;1.1907922;146.73814;0.0;-7.3453654e-25;99.99998;-7.345365e-21;0.0008553266;-0.94109774;4.4703484e-05;0.6802529;0.68020076;0.0;0.0;6842.785;8317.748;-3510.1028;6695.445;-653.75;-2372.078
2006-07-28;18.579233;-1.7731222;0.009958903;746.2925;1.1247171;136.0656;0.0;-7.3453654e-25;99.99998;-7.345365e-21;0.0;-0.9282417;0.0;0.66658854;0.66658854;0.0;0.0;6872.6855;8352.228;-3601.0845;6568.542;-644.8189;-2337.34
2006-07-29;15.582805;1.9684957;0.010276794;745.08984;1.3615726;130.13475;0.0;-7.3453654e-25;99.99998;-7.345365e-21;1.5452802;-1.0283533;0.08738041;0.74103475;0.65363944;0.0;0.0;6055.5024;7357.4404;-2836.0571;6912.7524;-714.36224;-2420.6511
2006-07-30;14.061442;6.1502075;0.010194142;748.91693;1.1743809;78.38238;0.0;-7.3453654e-25;99.99998;-7.345365e-21;2.51592;-1.3181707;0.14676154;0.7880777;0.6413162;0.0;0.0;5254.348;6382.678;-2333.2488;7258.8438;-915.69;-1982.2755
2006-07-31;16.536987;5.3640137;0.01010259;750.2857;1.197614;59.247723;0.0;-7.3453654e-25;99.99998;-7.345365e-21;0.0;-1.9831731;0.0;0.62927604;0.62927604;0.0;0.0;6379.241;7747.508;-2800.0383;7009.1055;-1377.6444;-1942.0823
2006-08-01;17.195831;2.7202656;0.010089874;749.8732;1.2414359;150.0965;0.0;-7.3453654e-25;99.99998;-7.345365e-21;0.00042617318;-1.3157911;2.9802322e-05;0.6174892;0.6174743;0.0;0.0;5362.0283;6510.8276;-2507.321;7273.8027;-914.0367;-1735.6
2006-08-02;16.722534;0.77683514;0.009830475;750.1484;1.1926016;129.07701;0.0;-7.3453654e-25;99.99998;-7.345365e-21;0.0017086477;-1.2095441;8.940697e-05;0.6060749;0.6059855;0.0;0.0;6498.75;7888.8955;-3109.0762;6802.108;-840.23;-2322.3333
2006-08-03;17.732737;3.4137676;0.010060628;751.0308;1.1608784;47.27266;0.0;-7.3453654e-25;99.99998;-7.345365e-21;0.021250248;-1.0273457;0.0008493662;0.59551;0.59466064;0.0;0.0;6323.636;7674.72;-2985.48;7144.8896;-713.6633;-2190.6167
2006-08-04;19.296762;3.717682;0.01008606;751.856;1.2438589;53.5789;0.0;-7.3453654e-25;99.99998;-7.345365e-21;0.0025811605;-0.95710903;0.00011920929;0.583753;0.5836189;0.0;0.0;6500.863;7888.1143;-3162.3428;7145.6157;-664.8722;-2229.881
2006-08-05;19.753866;2.7599285;0.009938558;752.6242;1.2439406;49.133938;0.0;-7.3453654e-25;99.99998;-7.345365e-21;0.0012755394;-0.9095557;5.9604645e-05;0.57291985;0.57286024;0.0;0.0;6363.165;7719.344;-3127.9368;7256.3896;-631.83887;-2177.71
2006-08-06;19.970102;1.3079122;0.009816487;752.6468;1.379393;40.478832;0.0;-7.3453654e-25;99.99998;-7.345365e-21;0.0;-0.8883681;0.0;0.5623996;0.5624145;0.0;0.0;6531.6694;7921.9883;-3265.0276;7130.7344;-617.1189;-2284.2988
2006-08-07;20.553946;1.362915;0.009765625;751.0125;1.0574387;91.11743;0.0;-7.3453654e-25;99.99998;-7.345365e-21;0.00048398727;-0.8060597;2.9802322e-05;0.55231154;0.55229664;0.0;0.0;5743.106;6963.976;-2851.0142;7547.682;-559.94336;-1928.211
2006-08-08;20.77244;2.6128743;0.009838104;750.5069;1.329299;151.96095;0.0;-7.3453654e-25;100.00519;-7.345365e-21;0.0012821566;-0.72509235;7.4505806e-05;0.5426705;0.542596;0.0;0.0;5342.6895;6477.1255;-2741.3706;7599.88;-503.69778;-1853.8177
2006-08-09;20.127218;2.4472046;0.009862264;752.31256;1.2837385;160.96819;0.0;-7.3453654e-25;99.99998;-7.345365e-21;0.0012882529;-0.8312874;5.9604645e-05;0.53313375;0.53308904;0.0;0.0;6458.7783;7828.3213;-3225.9639;7147.0156;-577.4678;-2365.99
2006-08-10;21.57071;1.1141357;0.010022481;753.0672;1.273557;110.11749;0.0;-7.3453654e-25;99.99998;-7.345365e-21;0.00042617318;-0.8600466;2.2351742e-05;0.523746;0.5237311;0.0;0.0;6458.3867;7826.0635;-3259.2515;7293.168;-597.44556;-2130.531
2006-08-11;21.844025;1.5324808;0.00997289;753.6057;1.3424125;49.132626;0.0;-7.3453654e-25;99.99998;-7.345365e-21;0.008007883;-0.8452889;0.0004172325;0.51502883;0.5146116;0.0;0.0;6299.562;7632.0205;-3267.7727;7326.3867;-587.19336;-2090.5532
2006-08-12;21.51117;-3.17984;0.010077159;753.39655;1.2271761;53.138397;0.0;-7.3453654e-25;99.99998;-7.345365e-21;0.0;-0.857424;0.0;0.5057305;0.50573796;0.0;0.0;6474.1094;7841.723;-3548.6467;6992.8076;-595.62335;-2007.0945
2006-08-13;20.840952;-4.3929954;0.009958903;754.7092;1.4167026;44.68625;0.0;-7.3453654e-25;99.99998;-7.345365e-21;0.00042617318;-0.80926716;1.4901161e-05;0.49713254;0.4971102;0.0;0.0;6431.942;7788.954;-3496.3179;6921.8257;-562.17224;-2086.8423
2006-08-14;19.566916;-4.087911;0.010239919;754.3804;1.5340724;38.904873;0.0;-7.3453654e-25;99.99998;-7.345365e-21;0.0012874597;-0.7741004;5.9604645e-05;0.4887581;0.48871338;0.0;0.0;6562.0522;7944.6772;-3624.7883;6609.87;-537.7411;-2232.621
2006-08-15;19.72053;-2.3489888;0.010406494;753.6163;1.4860045;46.47192;0.0;-7.3453654e-25;99.99998;-7.345365e-21;0.00042617318;-0.74602294;1.4901161e-05;0.48056245;0.48053265;0.0;0.0;6148.6143;7442.5605;-3243.725;7012.5635;-518.2389;-2108.2822
2006-08-16;18.888132;1.7994181;0.009892781;754.06006;1.4429426;50.23747;0.0;-7.3453654e-25;99.99998;-7.345365e-21;0.46696663;-0.7863604;0.021576881;0.4942119;0.47263503;0.0;0.0;5624.3;6807.0205;-2855.7595;7285.432;-546.2589;-2042.2855
2006-08-17;17.080505;5.0879617;0.00965627;755.07184;1.3868432;116.65798;0.0;-7.3453654e-25;99.99998;-7.345365e-21;2.13179;-1.0576285;0.11906028;0.5840957;0.46503544;0.0;0.0;5461.245;6609.0195;-2591.3574;7413.325;-734.7;-2020.3245
2006-08-18;17.290863;4.714518;0.009757996;754.7627;1.1847783;68.66459;0.0;-7.3453654e-25;99.99998;-7.345365e-21;1.8860698;-1.6066246;0.11052191;0.5681813;0.45767426;0.0;0.0;5413.729;6550.6436;-2557.9302;7343.629;-1116.0677;-1651.5745
2006-08-19;17.03421;3.9005737;0.009852092;755.2178;1.2763401;87.8348;0.0;-7.3453654e-25;99.99998;-7.345365e-21;0.77358484;-1.7587357;0.037372112;0.48783422;0.450477;0.0;0.0;5411.367;6547.025;-2495.7004;7279.7314;-1221.7356;-1612.8112
2006-08-20;17.347708;2.1518352;0.009738922;755.34644;1.0868627;90.61025;0.0;-7.3453654e-25;99.99998;-7.345365e-21;0.0017523766;-1.6181823;5.9604645e-05;0.44351816;0.4434511;0.0;0.0;5807.9297;7025.868;-2834.9744;6991.1294;-1124.0978;-1736.7311
2006-08-21;16.803436;-0.35491943;0.0096537275;754.6582;1.2518704;137.13391;0.0;-7.3453654e-25;99.99998;-7.345365e-21;0.045508146;-1.0844525;0.002026558;0.43861568;0.43655932;0.0;0.0;5301.106;6412.0337;-2708.3533;7029.622;-753.3333;-1741.4039
2006-08-22;16.7164;0.7435811;0.010035197;753.2388;1.1992642;128.49106;0.0;-7.3453654e-25;99.99998;-7.345365e-21;0.005558133;-0.86026263;0.00023841858;0.43013692;0.4298985;0.0;0.0;5429.425;6566.454;-2774.5024;7007.8213;-597.5956;-1915.7023
2006-08-23;17.420563;-0.984019;0.009590149;752.7422;1.2772738;98.14321;0.0;-7.3453654e-25;99.99998;-7.345365e-21;0.0;-0.82138926;0.0;0.42328238;0.42328984;0.0;0.0;6014.633;7273.246;-3112.2556;6836.9907;-570.5917;-2069.0854
2006-08-24;17.854776;1.4972128;0.010124207;754.08057;0.9663543;75.68171;0.0;-7.3453654e-25;99.99998;-7.345365e-21;0.4991591;-0.7924363;0.024437904;0.4412979;0.41685998;0.0;0.0;5342.904;6460.1733;-2716.5496;7301.189;-550.4789;-1785.5911
2006-08-25;18.674744;-0.22501628;0.009880066;755.08575;1.2212126;137.34717;0.0;-7.3453654e-25;99.99998;-7.345365e-21;0.00011920929;-0.91174614;0.0;0.4105866;0.4105717;0.0;0.0;5768.408;6973.808;-3071.3772;6967.685;-633.36;-1864.5723
2006-08-26;18.678812;-1.23762;0.010106404;756.7893;1.2090137;160.38765;0.0;-7.3453654e-25;99.99998;-7.345365e-21;0.0012934206;-0.74615234;5.9604645e-05;0.40447712;0.4044175;0.0;0.0;5539.1055;6695.839;-2981.0166;7076.355;-518.32776;-1795.4366
2006-08-27;18.722605;-1.2608948;0.009915669;755.90765;1.2841667;135.51024;0.0;-7.3453654e-25;99.99998;-7.345365e-21;0.0004351138;-0.6631929;1.4901161e-05;0.39845705;0.39842725;0.0;0.0;5447.095;6583.8276;-2950.6387;7090.656;-460.69888;-1820.7655
2006-08-28;19.009033;-1.3710734;0.009892781;753.8199;1.3842536;135.38257;0.0;-7.3453654e-25;99.99998;-7.345365e-21;0.00085234636;-0.66261363;4.4703484e-05;0.3926307;0.392586;0.0;0.0;5912.225;7145.0967;-3184.0527;6854.981;-460.29666;-2095.5012
2006-08-29;17.842377;-2.735789;0.0096753435;753.0197;1.2307361;159.4349;0.0;-7.3453654e-25;99.99998;-7.345365e-21;0.0;-0.6370703;0.0;0.38683414;0.3868416;0.0;0.0;6099.637;7370.7725;-3406.3523;6480.4956;-442.55167;-2088.0667
2006-08-30;17.972666;0.8156331;0.010012309;754.7918;1.1419519;84.995476;0.0;-7.3453654e-25;99.99998;-7.345365e-21;0.0020295382;-0.6559044;5.9604645e-05;0.3812611;0.3812015;0.0;0.0;5809.7266;7019.6445;-3122.3862;6931.835;-455.63443;-1964.3456
2006-08-31;19.013153;-2.3612163;0.0100695295;754.5102;1.3057941;75.85155;0.0;-7.3453654e-25;99.99998;-7.345365e-21;0.01218617;-0.6178152;0.00044703484;0.3761649;0.37571788;0.0;0.0;5487.416;6629.3857;-3024.9998;7024.005;-429.17557;-1795.4545
2006-09-01;18.56489;-1.4396261;0.009962718;752.4699;1.3179357;84.105865;0.0;-7.3453654e-25;99.99998;-7.345365e-21;0.05437882;-0.57830846;0.002503395;0.37291646;0.37041306;0.0;0.0;4954.906;5985.2954;-2780.9634;7160.792;-401.7311;-1633.11
2006-09-02;18.552145;-3.6926167;0.00987498;753.6985;1.40019;165.95293;0.0;-7.3453654e-25;99.99998;-7.345365e-21;0.0040500327;-0.6108377;0.0001937151;0.36540627;0.36522746;0.0;0.0;5621.292;6789.383;-3161.7783;6754.964;-424.3289;-1939.31
2006-09-03;17.248709;-2.9983826;0.010083516;756.24396;1.4441557;142.05339;0.0;-7.3453654e-25;99.99998;-7.345365e-21;0.00087563536;-0.5782051;4.4703484e-05;0.36016107;0.36011636;0.0;0.0;5733.2393;6923.868;-3186.083;6584.842;-401.6611;-2076.3289
2006-09-04;16.441916;-4.4424744;0.009684245;753.94794;1.1359824;131.8516;0.0;-7.3453654e-25;99.99998;-7.345365e-21;0.0008583069;-0.5798433;4.4703484e-05;0.35515428;0.35512447;0.0;0.0;5881.686;7102.277;-3522.3523;6132.3076;-402.7989;-1890.8811
2006-09-05;15.230388;-4.6312356;0.0100695295;751.1164;1.1491157;120.4092;0.0;-7.3453654e-25;99.99998;-7.345365e-21;0.0012741011;-0.5532857;5.9604645e-05;0.3502965;0.3502369;0.0;0.0;5747.6743;6939.5605;-3302.272;6257.2407;-384.34888;-1995.6078
2006-09-06;13.959961;-3.61557;0.009643555;751.68604;1.298906;184.60295;0.0;-7.3453654e-25;99.99998;-7.345365e-21;0.0008523463;-0.50098914;4.4703484e-05;0.34552813;0.34548342;0.0;0.0;5656.618;6828.8633;-3119.3591;6280.3677;-348.02112;-2206.9534
2006-09-07;14.388835;-1.5554708;0.009971619;754.13947;1.3119088;204.79826;0.0;-7.3453654e-25;99.99998;-7.345365e-21;0.0017225739;-0.4842095;8.940697e-05;0.34093857;0.34086406;0.0;0.0;5513.0337;6654.7256;-2954.067;6449.3413;-336.36444;-2178.4624
2006-09-08;15.0190935;-0.38531494;0.009648641;755.4812;1.1391392;149.33278;0.0;-7.3453654e-25;99.99998;-7.345365e-21;0.0017225739;-0.5172733;8.940697e-05;0.33640862;0.3363192;0.0;0.0;5518.6255;6660.661;-2983.9978;6548.47;-359.33334;-2021.7778
2006-09-09;15.228749;-3.4802043;0.010258992;756.10333;1.1743402;108.81751;0.0;-7.3453654e-25;99.99998;-7.345365e-21;0.00043511385;-0.53082776;1.4901161e-05;0.33186376;0.3318563;0.0;0.0;5543.0645;6689.324;-3160.1223;6380.18;-368.74777;-1915.5577
2006-09-10;15.733653;-2.1398113;0.009820302;757.06744;1.1138641;88.08108;0.0;-7.3453654e-25;99.99998;-7.345365e-21;0.0027000897;-0.52816045;0.00011920929;0.32758713;0.32748282;0.0;0.0;5305.37;6401.691;-2989.6191;6636.2754;-366.89557;-1758.8256
2006-09-11;16.026093;-1.926951;0.009868622;755.49634;1.2622327;98.477165;0.0;-7.3453654e-25;99.99998;-7.345365e-21;0.0008523463;-0.5262233;4.4703484e-05;0.323236;0.3231913;0.0;0.0;5312.4814;6409.536;-2991.5054;6663.78;-365.55;-1785.5255
2006-09-12;15.541138;-1.4706827;0.010124207;753.78107;1.6436033;152.85768;0.0;-7.3453654e-25;99.99998;-7.345365e-21;0.0012099743;-0.46101773;4.4703484e-05;0.31906366;0.31901896;0.0;0.0;5082.04;6130.8384;-2863.306;6613.508;-320.25333;-1904.1178
2006-09-13;14.232005;-0.19809978;0.009994507;754.0778;1.1239616;115.69512;0.0;-7.3453654e-25;99.99998;-7.345365e-21;0.0;-0.4846789;0.0;0.31495094;0.31495094;0.0;0.0;5355.2607;6459.53;-2971.5972;6475.191;-336.69;-1937.3811
2006-09-14;13.358815;-0.17959595;0.01008606;752.8254;1.1531237;142.07213;0.0;-7.3453654e-25;99.99998;-7.345365e-21;0.0018432611;-0.45356154;8.940697e-05;0.31104684;0.31095743;0.0;0.0;5161.4136;6224.9194;-2894.422;6437.2314;-315.07443;-2001.69
2006-09-15;12.179301;-6.3867593;0.009867351;750.1035;1.4006442;142.65237;0.0;-7.3453654e-25;99.99998;-7.345365e-21;0.00044107434;-0.42864865;1.4901161e-05;0.30711293;0.30706823;0.0;0.0;5290.7495;6380.2407;-3076.8608;5984.012;-297.7678;-2083.709
2006-09-16;10.444905;-8.239186;0.009848277;750.3799;1.3626801;115.66462;0.0;-7.3453654e-25;99.99998;-7.345365e-21;0.0;-0.4177019;0.0;0.30328333;0.30328333;0.0;0.0;5310.7314;6398.6855;-3079.6924;5832.803;-290.16333;-2051.6438
2006-09-17;8.533458;-3.860789;0.010130565;753.6818;1.3776612;35.566402;0.0;-7.3453654e-25;99.99998;-7.345365e-21;0.8178055;-0.58600867;0.038594007;0.33827126;0.29967725;0.0;0.0;4376.34;5268.3037;-2612.2297;6050.7646;-407.08112;-1646.5022
2006-09-18;10.3579;-6.1036887;0.010234833;754.8763;1.324299;49.056824;0.0;-7.3453654e-25;99.99998;-7.345365e-21;0.0004351138;-0.6223768;1.4901161e-05;0.29613078;0.29610097;0.0;0.0;5300.449;6375.2666;-3211.032;5600.0244;-432.34555;-1651.7478
2006-09-19;11.480235;-8.560852;0.009668986;754.1634;1.1297578;78.63233;0.0;-7.3453654e-25;99.99998;-7.345365e-21;0.0;-0.567941;0.0;0.2925396;0.2925396;0.0;0.0;5224.1963;6278.084;-3140.3032;5815.806;-394.53;-1597.1156
2006-09-20;12.163055;-7.969462;0.01000468;753.4848;1.1101617;146.11226;0.0;-7.3453654e-25;99.99998;-7.345365e-21;0.0017195934;-0.5085329;8.940697e-05;0.28909743;0.28900802;0.0;0.0;5161.1807;6196.9507;-3095.7234;5938.9263;-353.2611;-1637.8411
2006-09-21;11.900401;-4.3972983;0.010093689;752.43036;1.2775563;168.8124;0.0;-7.3453654e-25;99.99998;-7.345365e-21;0.02833717;-0.43719262;0.0012516975;0.28681755;0.28558075;0.0;0.0;4916.134;5897.6245;-2794.3394;6217.622;-303.70334;-1757.0889
2006-09-22;11.0503235;-1.6875712;0.010534923;751.21387;1.1964121;161.50505;0.0;-7.3453654e-25;99.99998;-7.345365e-21;0.0004231929;-0.39533153;1.4901161e-05;0.2822727;0.2822429;0.0;0.0;4935.5254;5915.7476;-2763.2805;6138.4346;-274.62445;-1963.3112
2006-09-23;11.19045;-0.47226968;0.010142009;753.14746;1.0795207;148.3971;0.0;-7.3453654e-25;99.99998;-7.345365e-21;0.0008583069;-0.4082471;4.4703484e-05;0.27900934;0.27897954;0.0;0.0;4937.671;5913.171;-2844.5808;6113.3604;-283.59555;-1769.68
2006-09-24;10.818767;0.019134521;0.0099436445;755.24274;1.1382343;128.299;0.0;-7.3453654e-25;99.99998;-7.345365e-21;1.3766766;-0.56656915;0.07352233;0.34932792;0.2758056;0.0;0.0;4510.299;5396.71;-2536.006;6296.7065;-393.57666;-1640.4475
2006-09-25;10.569824;-0.9305725;0.009938558;753.363;1.5278844;155.8303;0.0;-7.3453654e-25;99.99998;-7.345365e-21;0.23907721;-0.7021157;0.011280179;0.28401613;0.27272105;0.0;0.0;4468.327;5341.8345;-2507.8862;6215.259;-487.73666;-1584.9456
2006-09-26;8.792684;-0.30969238;0.010002136;750.90875;1.2685782;189.77885;0.0;-7.3453654e-25;99.99998;-7.345365e-21;1.1988759;-0.65050834;0.06613135;0.33587217;0.26974082;0.0;0.0;4183.6035;4997.201;-2285.4773;6222.649;-451.88666;-1657.4388
2006-09-27;9.052673;-1.0439148;0.010209401;751.94135;1.0166475;113.49256;0.0;-7.3453654e-25;99.99998;-7.345365e-21;0.0029206267;-0.7463675;0.00014901161;0.2669394;0.2667904;0.0;0.0;4268.6963;5094.2524;-2387.9802;6255.1724;-518.4767;-1384.4133
2006-09-28;9.663574;-1.5728658;0.010130565;754.3686;0.9835624;98.53719;0.0;-7.3453654e-25;99.99998;-7.345365e-21;0.0069081783;-0.595985;0.0002682209;0.2641678;0.26388466;0.0;0.0;3577.7996;4266.0327;-2092.4614;6563.0127;-414.01;-1102.6788
2006-09-29;11.057576;-1.4173075;0.010052999;755.2221;1.0192447;180.03772;0.0;-7.3453654e-25;99.99998;-7.345365e-21;0.34483075;-0.684103;0.016316772;0.2773404;0.26102364;0.0;0.0;4329.7856;5158.3335;-2400.5833;6453.122;-475.22333;-1330.3177
2006-09-30;11.296143;-0.5349223;0.01000468;754.27924;1.1350573;231.36206;0.0;-7.3453654e-25;99.99998;-7.345365e-21;0.4657358;-0.70290637;0.02091378;0.27911365;0.25819242;0.0;0.0;4342.939;5169.5073;-2415.7612;6469.47;-488.28555;-1370.9078
2006-10-01;10.636149;0.55145264;0.010016124;754.5289;1.4766618;159.27235;0.0;-7.3453654e-25;99.99998;-7.345365e-21;2.195887;-0.8353386;0.11597574;0.37145615;0.2554804;0.0;0.0;3832.4636;4557.9507;-2046.8909;6613.106;-580.2822;-1275.3678
2006-10-02;10.325267;0.6486511;0.010092418;755.44794;1.3297831;196.87756;0.0;-7.3453654e-25;99.99998;-7.345365e-21;0.6618142;-1.0306909;0.03132224;0.28416514;0.252828;0.0;0.0;3941.8003;4684.1626;-1980.5381;6720.5356;-715.9867;-1305.2844
2006-10-03;11.325582;-1.4966635;0.010051727;755.2194;1.5019622;180.60663;0.0;-7.3453654e-25;99.99998;-7.345365e-21;0.2541244;-0.97536945;0.011987984;0.26218593;0.25019795;0.0;0.0;4048.7502;4806.9385;-2135.423;6587.8857;-677.55664;-1220.5244
2006-10-04;7.2979636;1.3558859;0.009989421;754.6816;0.9237504;107.40171;0.0;-7.3453654e-25;99.99998;-7.345365e-21;7.93466;-1.4004819;0.48054755;0.72826445;0.2477169;0.0;0.0;2718.3608;3224.6829;-1634.6089;6580.007;-972.8689;-632.9267
2006-10-05;7.059194;-0.19037883;0.009955089;754.5689;1.0196173;26.758064;0.0;-7.3453654e-25;99.99998;-7.345365e-21;0.60433257;-1.392901;0.02899766;0.27427077;0.24527311;0.0;0.0;3840.486;4551.793;-2053.0884;6239.4688;-967.60114;-961.10223
2006-10-06;7.7680154;-0.39738974;0.009930928;754.4861;1.2752753;33.963436;0.0;-7.3453654e-25;99.99998;-7.345365e-21;5.9604645e-05;-1.2651794;0.0;0.24281442;0.24281442;0.0;0.0;3804.1611;4504.749;-2144.6873;6134.191;-878.8789;-937.1567
2006-10-07;8.652913;-1.5510864;0.010416667;752.9333;0.87088853;83.606636;0.0;-7.3453654e-25;99.99998;-7.345365e-21;0.0017106531;-1.2552105;8.940697e-05;0.24044514;0.24036318;0.0;0.0;4030.9585;4769.3335;-2301.0266;6099.4854;-871.9522;-887.32666
2006-10-08;9.277791;-2.891693;0.010098775;753.02875;0.9395141;112.059;0.0;-7.3453654e-25;99.99998;-7.345365e-21;0.00042617318;-1.2718253;1.4901161e-05;0.23794174;0.23791194;0.0;0.0;4481.5254;5297.9165;-2556.2744;5911.45;-883.49445;-1018.6655
2006-10-09;9.965424;-1.6809183;0.009897868;754.3287;1.0086237;132.70982;0.0;-7.3453654e-25;99.99998;-7.345365e-21;0.007185339;-1.1303676;0.0003427267;0.23585558;0.2355054;0.0;0.0;4262.347;5034.487;-2366.6028;6174.706;-785.2289;-1072.6455
2006-10-10;9.764516;-2.1324463;0.009892781;754.3257;1.0058441;149.18007;0.0;-7.3453654e-25;99.99998;-7.345365e-21;0.69511235;-1.0214876;0.032946467;0.26610494;0.23315847;0.0;0.0;3958.7388;4671.9224;-2206.065;6265.751;-709.5933;-1147.6823
2006-10-11;8.727386;-2.033966;0.00987498;756.61084;1.1065732;218.7243;0.0;-7.3453654e-25;99.99998;-7.345365e-21;1.0034382;-0.9368621;0.056788325;0.28765202;0.23087859;0.0;0.0;4033.3206;4755.86;-2339.6707;5997.447;-650.80664;-1188.3966
2006-10-12;6.5672913;0.18270874;0.010033925;758.1106;1.1225756;155.83589;0.0;-7.3453654e-25;99.99998;-7.345365e-21;1.8711835;-0.8995384;0.10596216;0.33463538;0.22866577;0.0;0.0;3369.6323;3969.9556;-1838.7894;6400.99;-624.88;-1018.63336
2006-10-13;5.8433228;0.28470865;0.01003774;756.4663;1.1602665;153.90932;0.0;-7.3453654e-25;99.99998;-7.345365e-21;0.5472034;-0.9453613;0.026203692;0.2527237;0.22652;0.0;0.0;3507.6306;4128.9834;-1827.4872;6353.3677;-656.7122;-1195.7178
2006-10-14;6.955149;0.5126851;0.009976705;755.1462;1.0490807;165.44374;0.0;-7.3453654e-25;99.99998;-7.345365e-21;1.9662302;-0.95406735;0.098988414;0.3234148;0.22441149;0.0;0.0;3611.5496;4247.596;-1953.78;6283.053;-662.7589;-1047.7977
2006-10-15;5.3652954;2.8941956;0.010023753;751.1189;1.1432155;226.06306;0.0;-7.3453654e-25;99.99998;-7.345365e-21;21.230871;-1.4074538;1.5072227;1.7296374;0.22240728;0.0;0.0;2655.2766;3120.5579;-1123.2633;6895.83;-977.7111;-726.6189
2006-10-16;4.6443276;2.0727234;0.009993236;750.19727;1.4100353;209.1744;0.0;-7.3453654e-25;99.99998;-7.345365e-21;8.714879;-1.6923771;0.6869137;0.9074211;0.22049993;0.0;0.0;2859.4211;3359.2405;-1152.29;6833.253;-1175.6383;-839.38446
2006-10-17;5.1131797;1.3943787;0.009857178;754.6773;0.9310198;223.77348;0.0;-7.3453654e-25;99.99998;-7.345365e-21;0.7692713;-1.5326338;0.051289797;0.26986003;0.21857023;0.0;0.0;3190.6223;3747.1433;-1391.8112;6717.096;-1064.67;-917.76886
2006-10-18;6.3990273;1.7743937;0.00995636;756.52057;0.9610389;197.19325;0.0;-7.3453654e-25;99.99998;-7.345365e-21;0.7197857;-1.4396459;0.047564507;0.2641976;0.21664053;0.0;0.0;3344.5623;3926.6377;-1762.206;6303.711;-1000.07446;-753.12555
2006-10-19;7.4332986;0.21490479;0.009902954;755.5879;0.8978985;88.0586;0.0;-7.3453654e-25;99.99998;-7.345365e-21;0.36541522;-1.5630126;0.023305416;0.23803115;0.21471828;0.0;0.0;3582.9155;4205.0566;-2006.1738;6132.743;-1085.7722;-665.1211
2006-10-20;6.2210183;0.30205283;0.0098775225;754.799;0.9499595;130.54576;0.0;-7.3453654e-25;99.99998;-7.345365e-21;4.178402;-1.3796408;0.33227354;0.5451143;0.21283329;0.0;0.0;3322.99;3898.9033;-1703.1812;6370.287;-958.39056;-671.20667
2006-10-21;4.9813538;-0.12884521;0.009831746;753.0711;1.2272347;190.60423;0.0;-7.3453654e-25;99.99998;-7.345365e-21;0.12632233;-1.4323201;0.009231269;0.22023916;0.21100044;0.0;0.0;3224.175;3781.68;-1867.255;6067.1377;-994.985;-782.32
2006-10-22;4.3437195;-1.7278036;0.009970347;753.85455;0.93950266;98.46476;0.0;-7.3453654e-25;99.99998;-7.345365e-21;0.0004351138;-1.4472557;2.9802322e-05;0.2092123;0.2091676;0.0;0.0;3926.155;4603.5;-2305.924;5525.049;-1005.36;-795.1922
2006-10-23;4.596812;-2.1099243;0.010002136;754.05206;0.84665227;142.92435;0.0;-7.3453654e-25;99.99998;-7.345365e-21;0.00085234636;-1.3221688;5.9604645e-05;0.20742416;0.20735711;0.0;0.0;3631.9739;4257.438;-2148.8223;5688.4785;-918.4667;-762.30664
2006-10-24;4.633016;-3.0036824;0.01009496;754.6352;0.85318947;87.02972;0.0;-7.3453654e-25;99.99998;-7.345365e-21;0.0079751015;-1.2706807;0.00044703484;0.20602345;0.20557642;0.0;0.0;3559.8455;4171.4946;-2067.2856;5743.824;-882.7;-709.5944
2006-10-25;4.0165;1.168284;0.009868622;754.6452;0.79925203;77.12798;0.0;-7.3453654e-25;99.99998;-7.345365e-21;6.7855597;-0.8788379;0.55475533;0.7586181;0.20386279;0.0;0.0;2284.5422;2676.2634;-1150.84;6714.1387;-610.4989;-530.62445
2006-10-26;3.858022;2.421936;0.009977977;752.69476;0.71129966;134.4702;0.0;-7.3453654e-25;99.99998;-7.345365e-21;7.1674824;-1.0272088;0.6108284;0.81306696;0.20225346;0.0;0.0;1776.7933;2080.9844;-724.10474;7156.2;-713.56775;-446.76443
2006-10-27;3.9922993;1.3899536;0.010121663;752.9248;0.7367062;109.318245;0.0;-7.3453654e-25;99.99998;-7.345365e-21;1.6169459;-1.2873169;0.11737645;0.31802058;0.20065904;0.0;0.0;2496.595;2922.8767;-1193.5305;6703.183;-894.25665;-649.15
2006-10-28;2.6990967;1.285024;-0.81804276;752.1663;0.5467618;48.9507;4.1266274;0.00050103664;109.22882;4.272461;15.975911;-0.56129414;1.5482455;1.74734;0.19909441;0.14532544;0.7654056;887.6578;1080.2589;-605.47;6960.8223;-389.75;-210.2
2006-10-29;2.4014282;1.7420044;-0.022108713;748.6033;0.8474672;122.537315;5.3004556;0.0007139842;138.08429;5.2897134;30.248964;-0.53692985;4.046574;4.244179;0.1975894;0.28733164;0.20172447;402.415;488.70557;-84.52055;7558.8013;-372.84555;-225.72333
2006-10-30;0.4731852;-0.20248413;-0.899339;750.7004;1.1581066;202.58978;11.20931;0.0016988516;148.53969;11.474609;7.0438623;-1.0925057;0.8317679;1.0279417;0.19615889;0.6303377;1.5091151;1841.1927;2352.9812;-694.18;6836.951;-759.49664;-676.99225
2006-10-31;2.3793335;-0.96383667;-1.9996681;755.15045;0.9530117;113.81092;8.846517;0.0013136069;151.46938;8.666992;1.6325265;-1.2216754;0.30057132;0.4953742;0.19479543;0.67433345;0.0;2833.8523;3507.2212;-1221.875;6494.8804;-848.68225;-675.0333
2006-11-01;4.612203;3.127116;-0.21435802;754.23975;0.8110333;165.25414;5.3367515;0.0007869005;151.58168;5.126953;16.135641;-0.9832289;2.7824788;2.97603;0.19353628;0.5514398;0.0017434359;1930.2617;2328.9055;-696.5161;7229.4204;-682.7711;-453.41556
2006-11-02;2.2890422;1.8496704;0.0010808309;748.4926;0.86681485;196.5555;2.8260906;0.00041894117;151.64679;2.726237;7.9434366;-0.7778145;1.3318956;1.5242845;0.19239634;0.22420846;0.0011697412;828.4189;982.98553;-219.045;7482.207;-540.19336;-406.3689
2006-11-03;2.2473145;-0.20369466;-1.1063589;750.0776;0.9936294;214.3441;1.6300455;0.0002407233;151.68488;1.4241537;0.29534608;-1.1421461;0.06005168;0.251472;0.19139796;0.14939532;0.0;2381.0417;2804.9368;-1054.7711;6723.145;-793.5589;-702.42
2006-11-04;2.295227;1.656545;-0.12225342;751.9382;1.2623764;213.99144;1.002767;0.00014901161;151.7044;0.9765625;6.2957706;-0.62936264;0.9266734;1.1171997;0.1905188;0.07536821;0.0;598.86224;703.32776;-100.600555;7521.203;-437.15332;-270.6789
2006-11-05;3.0950317;2.6304321;-0.18066151;749.9992;1.1396612;200.93651;0.86466473;0.00012981892;150.65004;0.9765625;33.831833;-0.54543465;8.402168;8.9098215;0.50765276;0.074222684;0.05972758;667.7278;783.7244;-210.13278;7494.7944;-378.83945;-241.16667
2006-11-06;1.1915894;-1.4830055;-2.1319046;751.21606;1.0800132;190.80054;0.75716144;0.00013311704;148.61586;1.1393229;0.8174032;-1.1036303;0.045761466;0.2349168;0.18915534;0.050930306;0.56652355;2303.0066;2696.6067;-1184.7761;6448.8945;-766.76886;-675.8578
2006-11-07;-1.2573929;-4.641928;-6.1365013;749.8973;1.3166729;204.02411;6.967041;0.0010074774;144.06932;7.2021484;0.4296953;-1.1291867;0.06598234;0.25466084;0.18868595;0.3464576;0.41148067;3113.8994;3764.729;-1989.7139;5345.533;-786.7811;-836.2111
2006-11-08;-2.7502441;-10.203624;-10.155321;751.20557;0.82168025;166.4009;6.0234375;0.0008998712;150.4811;6.225586;0.081565;-1.0697153;0.037148595;0.22539496;0.18826127;0.19861199;0.06637722;3128.9333;3757.4766;-2276.9495;4772.243;-745.51556;-695.7722
2006-11-09;-1.8096632;-10.826603;-11.082677;753.1993;0.9273238;49.170166;4.61027;0.0006861289;150.78839;4.679362;0.001710855;-0.7765703;0.036507845;0.22438169;0.18788129;0.20877644;0.0;3339.0;3979.399;-2478.385;4568.121;-540.745;-553.8489
2006-11-10;-1.6786957;-9.888878;-11.1740265;752.427;0.8536063;117.082985;3.292806;0.0004892349;150.8216;3.2958984;0.0017225739;-0.6973073;0.029191375;0.21672249;0.18753111;0.16855821;0.0;3308.465;3915.3723;-2446.4673;4605.9795;-485.25055;-534.5122
2006-11-11;-0.9934387;-8.683942;-11.334786;751.7078;0.7660187;178.92955;2.2631836;0.00033577284;150.84535;2.319336;0.0004351138;-0.66681767;0.023037195;0.21024048;0.18721074;0.13540685;0.0;3294.396;3878.3967;-2470.9207;4609.6157;-463.69;-489.76
2006-11-12;-1.4671427;-7.6724496;-11.124568;750.01263;0.75044805;162.9592;1.5501302;0.0002304713;150.86163;1.3834635;0.0004351138;-0.5996721;0.013500452;0.20040572;0.18689036;0.08025393;0.0;3250.8071;3812.8623;-2400.2056;4669.5454;-416.9878;-556.2878
2006-11-13;-0.92607623;-8.219188;-10.290273;749.9722;0.73853564;248.79582;1.061442;0.00015723705;150.87206;0.9765625;0.0021422657;-0.6556446;0.010728836;0.19730628;0.18659979;0.06322935;0.0;3219.0693;3766.1;-2293.2112;4825.737;-455.71945;-502.7311
2006-11-14;-1.5514017;-4.002716;-4.5847015;748.0899;1.1969798;224.28886;4.2172036;0.0007046461;146.03026;4.597982;2.6373625;-0.25169924;0.013142824;0.19946694;0.18631667;0.026475638;2.5441906;1640.2944;1919.4066;-812.9744;6389.6357;-175.18388;-457.52335
2006-11-15;-2.6157913;-3.611688;-4.1412125;746.63727;1.0890633;136.54507;45.161213;0.0065255165;139.67445;45.93913;5.6633053;-0.34289435;0.1270175;0.3130734;0.18604845;0.44477358;5.061932;1047.8917;1675.7667;-692.9311;6336.7344;-245.56;-351.81888
2006-11-16;-3.4733632;-12.407718;-12.372754;750.42865;0.8819415;184.67726;48.59432;0.007278403;150.55467;48.258465;0.0;-0.5447138;0.11636317;0.30215085;0.18578023;0.72634965;0.0;2327.8079;3766.0422;-2047.4922;4412.8;-386.1422;-299.12668
2006-11-17;-2.6042988;-9.270816;-11.153725;748.49896;0.85075134;269.68008;41.86092;0.0062713623;150.95082;41.707355;0.0012844794;-0.39662236;0.16892701;0.35442412;0.185512;1.0370724;0.0;2418.0273;3681.6145;-1945.1483;4689.6533;-282.3211;-341.67557
2006-11-18;-3.6999104;-5.5145745;-7.2088203;746.35986;0.8498402;261.8507;54.018635;0.008106232;146.54327;55.094402;7.206097;-0.21255854;0.112101436;0.29735267;0.18526614;0.56653845;6.92118;1476.735;2165.2466;-904.88336;5889.3955;-154.05222;-404.13443
2006-11-19;-7.2886124;-9.812625;-8.948615;745.7414;1.2809073;52.5182;96.50497;0.014531215;143.16046;101.07422;3.7603827;-0.18238463;0.0123903155;0.19741058;0.18502027;0.06842986;3.7252233;575.1161;1826.6589;-792.0628;5521.7124;-142.83223;-103.367775
2006-11-20;-8.716157;-15.76532;-15.210132;749.53394;1.442711;22.699656;99.83358;0.01564916;150.8548;103.80045;0.0010796689;-0.09347405;0.036224723;0.22101402;0.1847893;0.22436678;0.00016018748;1170.2772;3768.7378;-1581.7395;4000.86;-73.86222;-12.613334
2006-11-21;-8.445533;-17.40864;-13.572517;750.87213;1.3139409;48.403088;97.3243;0.014895161;151.73924;98.42936;0.0;-0.16320497;0.14066696;0.32523274;0.18455833;0.8617565;0.0;1236.3434;3678.2222;-1448.5172;4366.529;-127.07222;-55.02222
2006-11-22;-6.6745415;-15.8376465;-12.783588;750.5298;1.1422415;57.172638;90.97184;0.013820569;152.48045;90.98307;0.0021570849;-0.1973845;0.15433133;0.3386736;0.18434227;0.9472314;0.0;1358.9039;3526.0479;-1508.0911;4459.007;-150.60333;-89.31
2006-11-23;-6.5206094;-16.378344;-13.512641;751.0022;1.1540357;53.89281;83.40885;0.012722333;153.13898;83.17057;0.0012904402;-0.22563338;0.15385449;0.33797324;0.1841262;0.93435496;0.0;1583.789;3615.6267;-1661.8467;4310.673;-172.06223;-146.12666
2006-11-24;-6.152292;-13.951439;-12.33696;752.0725;1.1911248;37.367596;76.00602;0.011634827;153.74901;75.927734;0.0012882538;-0.18565543;0.1578927;0.34180284;0.18391013;0.96126646;0.0;1710.2189;3526.8445;-1706.7284;4447.9727;-141.57;-215.62
2006-11-25;-5.0018287;-12.20618;-12.248143;752.50073;1.3531266;25.952469;68.379395;0.010499358;154.3216;68.56283;0.0008583069;-0.1807222;0.17294288;0.3566444;0.18370152;1.0367744;0.0;1857.9989;3494.9766;-1822.2272;4413.1284;-137.1311;-211.23889
2006-11-26;-4.8361144;-12.817842;-12.504849;752.3252;1.3533176;22.332878;61.076904;0.009409149;154.83559;61.31999;0.0008583069;-0.209881;0.15252829;0.3360361;0.18350035;0.9041056;0.0;1994.5344;3463.9255;-1916.1589;4376.475;-158.79333;-253.52
2006-11-27;-5.053721;-13.645785;-12.101865;750.45966;1.0242263;45.865704;53.395428;0.008235375;155.27992;53.304035;0.0012934208;-0.1981808;0.19469857;0.37798285;0.18329918;1.1423789;0.0;2102.1938;3405.3877;-1859.2772;4544.767;-148.58667;-329.41333
2006-11-28;-4.674225;-10.919353;-11.395172;749.185;1.0432235;88.6285;45.336506;0.0070055723;155.67674;45.084637;0.0008523463;-0.21540654;0.18543005;0.36853552;0.18310547;1.0770075;0.0;2181.9934;3305.7634;-1857.4778;4685.4624;-160.21445;-386.50333
2006-11-29;-5.59197;-11.143943;-11.912999;748.67474;0.89699125;69.975365;38.910236;0.0060330234;156.00714;38.45215;0.00044703484;-0.19841641;0.13028085;0.3131926;0.18292665;0.75270236;0.00043585896;2259.236;3261.0278;-1970.9578;4567.879;-146.76222;-460.90445
2006-11-30;-6.1530976;-10.656124;-10.389818;750.5544;0.8688467;62.0211;39.9362;0.0060913563;151.56378;39.8763;1.5700161;-0.16644225;0.07046759;0.25321543;0.18274039;0.39803982;1.5548096;1929.1011;2725.5588;-1552.9928;5060.414;-124.40444;-523.6878
2006-12-01;-6.202708;-13.011181;-12.89151;750.3864;0.9294407;64.07467;43.40796;0.0064979396;150.21645;43.21289;0.00085234636;-0.20294636;0.05967915;0.24223328;0.18256158;0.3440231;0.0;2220.7583;3320.5457;-1975.0784;4450.24;-152.75555;-468.2322
2006-12-02;-6.9799995;-14.220599;-12.925733;747.9035;1.0166092;72.4039;41.75472;0.006265084;149.96027;41.78874;0.84003806;-0.17496012;0.09265542;0.27504563;0.18239021;0.38438475;0.52018833;1799.5;2619.4412;-1681.1989;4725.073;-132.33778;-440.74667
2006-12-03;-6.739759;-16.752203;-14.698232;751.49554;1.2405754;19.654146;41.40625;0.006218513;150.53416;41.178387;0.0;-0.2531493;0.036612153;0.21883845;0.18223375;0.20593032;0.0;2265.016;3323.199;-2208.2988;4060.0425;-188.25444;-432.49445
2006-12-04;-4.257726;-15.99446;-12.3675995;750.8494;0.93977237;56.229603;36.725178;0.0054986873;150.82191;36.539715;0.0;-0.17282926;0.15373528;0.33581257;0.18207729;0.8696243;0.0;2191.5273;3115.3367;-1934.4778;4603.011;-127.63333;-309.18668
2006-12-05;-5.499677;-15.820508;-13.754655;750.6436;0.80960083;121.95808;32.3833;0.004875342;151.09242;32.43001;0.0025596283;-0.19166991;0.05416572;0.236094;0.18192828;0.30496716;0.0;2059.2495;2832.7588;-2040.3855;4439.0796;-143.4911;-384.11777
2006-12-06;-6.0120125;-15.170241;-13.754093;751.0332;0.9574881;59.86432;29.335367;0.0044181743;151.30988;29.459635;0.0004351138;-0.1818454;0.06981194;0.2515912;0.18177927;0.3911741;0.0;2360.1016;3182.91;-2156.445;4336.793;-134.97778;-461.46445
2006-12-07;-5.7618294;-15.025409;-12.576787;749.5468;0.9985606;40.288208;26.115396;0.003936609;151.51918;26.000977;0.0025861808;-0.19815564;0.07067621;0.25232136;0.1816377;0.39396435;0.0;2153.3494;2844.3677;-1941.2123;4648.85;-146.04611;-465.56445
2006-12-08;-5.808127;-13.170921;-12.660205;750.8714;0.9171068;71.141205;22.880453;0.0034511487;151.70409;22.623697;0.0017638686;-0.17968658;0.07329881;0.25479496;0.18149614;0.40810555;4.0978193e-05;2299.7961;2981.76;-2031.645;4585.493;-131.72223;-505.95334
2006-12-09;-5.43714;-11.447534;-12.43681;754.2827;0.9529962;67.88522;19.646078;0.002963106;151.86717;19.16504;0.0008523463;-0.16328879;0.079244375;0.2606064;0.18136203;0.4405938;0.0;2431.9705;3097.33;-2156.4834;4509.783;-118.35;-501.57556
2006-12-10;-6.154621;-12.023862;-13.040324;753.01227;1.3552195;26.542862;17.159262;0.0025963385;152.00519;16.967773;0.0008970498;-0.18792786;0.041007996;0.22223592;0.18122792;0.22682175;4.4703484e-05;2439.369;3063.2378;-2191.94;4425.665;-136.63889;-611.4178
2006-12-11;-6.475554;-13.452205;-13.204216;751.1755;1.5518979;24.001953;15.890625;0.0024098556;151.93422;15.9505205;0.03221631;-0.2725404;0.014781952;0.19589067;0.18110126;0.07985532;0.028729439;2246.7034;2799.7234;-2063.0818;4508.865;-196.03111;-622.5133
2006-12-12;-6.407987;-13.727954;-13.353265;749.8684;0.9575092;44.8696;14.576253;0.0022035837;151.89842;14.526367;0.0025781882;-0.18663146;0.03813207;0.21910667;0.1809746;0.20905584;0.0;2455.9856;3040.4321;-2241.0894;4391.595;-134.35445;-588.3678
2006-12-13;-6.6745706;-13.456822;-13.209489;750.62177;0.8578441;72.2934;12.777751;0.0019308726;151.99835;12.573242;0.0042879162;-0.27431083;0.043287873;0.22414327;0.1808554;0.2390854;0.0;2474.078;3035.4822;-2225.7927;4425.91;-194.30278;-589.68
2006-12-14;-6.5648513;-12.83425;-12.135037;750.87665;0.7911666;138.40154;11.21696;0.0016967853;151.55467;11.189778;0.077450275;-0.17549284;0.032693148;0.21342933;0.18073618;0.17904863;0.0744462;2444.3972;2975.4167;-2046.9756;4658.259;-125.54278;-661.07
2006-12-15;-8.020078;-11.334668;-11.401792;749.1748;0.9628313;124.65812;29.617188;0.003604571;120.80304;30.436197;3.642398;-0.07706415;0.0025480986;0.18316507;0.18062443;0.01100637;3.6350489;1447.92;1871.2678;-1235.5122;5331.9756;-59.984444;-643.8367
2006-12-16;-10.137051;-15.744052;-17.028595;754.89746;2.042504;21.583414;43.126953;0.005176226;121.24021;42.92806;0.043034554;-0.17462857;0.016897917;0.19744039;0.18050522;0.09159744;0.041780993;2050.969;3046.3232;-2054.8245;4060.756;-134.8811;-583.2844
2006-12-17;-7.461477;-19.845001;-15.906311;753.6828;2.1521819;15.342232;35.57381;0.0048395;137.79457;35.563152;0.0021274108;-0.18311664;0.050246716;0.23064017;0.180386;0.2701152;0.0;2248.0396;3170.5723;-2245.7012;4017.1123;-139.76555;-343.2189
2006-12-18;-5.532313;-17.381945;-13.709874;752.8947;1.264666;20.69619;28.24585;0.004190167;149.8662;27.913412;0.00087022776;-0.1380425;0.1411289;0.32141805;0.1802817;0.77032673;0.0;2293.0884;3085.4556;-2056.2888;4474.4478;-100.083336;-399.7911
2006-12-19;-2.953471;-13.745723;-11.42476;754.01117;1.1120111;135.40108;22.09375;0.0032929976;150.83104;21.891275;0.0008523463;-0.26470238;0.16735494;0.34752488;0.18016249;0.9253062;0.0;2344.6277;3046.6978;-1994.7778;4773.128;-185.43;-287.54224
2006-12-20;-3.772298;-11.815696;-12.706295;751.42993;0.9229574;269.23734;17.49642;0.0026212137;150.99413;17.211914;0.0012904402;-0.18167496;0.081032515;0.26108325;0.18005073;0.44854358;0.0;2418.7356;3057.6555;-2260.5884;4459.885;-130.27333;-378.08
2006-12-21;-5.5442643;-10.646625;-11.660676;749.0987;0.79861706;157.35701;15.098796;0.0022706192;151.11229;14.526367;0.0013291836;-0.29441154;0.03902614;0.21897256;0.17993152;0.21709502;0.0004656613;2392.9343;2983.369;-2006.3878;4717.9766;-208.88;-546.2811
2006-12-22;-6.4026055;-9.590234;-10.070877;746.34204;0.8209596;144.92543;17.088217;0.0025193691;143.32094;17.374674;2.3656487;-0.12580492;0.02719462;0.20703673;0.17982721;0.13472512;2.3395941;1993.0522;2469.2434;-1470.6133;5289.3477;-91.416664;-679.6567
2006-12-23;-9.584743;-13.671475;-14.081257;745.7896;1.2654833;28.05279;59.40625;0.0064983764;108.26626;59.936523;2.2405803;-0.18404704;0.031024218;0.21074712;0.17973036;0.16922504;2.237145;1565.3445;2823.199;-1469.6472;4767.359;-144.43445;-496.6311
2006-12-24;-12.529603;-20.976685;-17.2421;745.5244;1.173009;75.274666;52.61678;0.006357471;122.50974;52.490234;0.005984535;-0.13727881;0.06173551;0.2413392;0.1796186;0.33312106;0.0038295984;1919.5884;3130.4133;-1895.7661;4077.3928;-107.113335;-621.24554
2006-12-25;-8.701752;-15.495514;-16.460733;745.0003;1.0329784;184.08733;43.078857;0.005900582;138.60643;42.96875;0.007763505;-0.112988055;0.06583333;0.24533272;0.17951429;0.35236776;0.0077709556;2068.8477;3116.4355;-2047.0278;4086.438;-87.53667;-474.47223
2006-12-26;-9.506799;-11.345384;-8.463783;740.60547;1.3802838;186.37361;66.54362;0.010709246;125.50974;88.8265;18.838053;-0.13270415;0.00031292439;0.1797229;0.17941743;0.0;18.832903;1054.4883;1665.62;-407.00665;6077.191;-104.10333;-647.82
2006-12-27;-8.495704;-9.95763;-7.831291;736.1575;1.0365934;110.34142;100.0;0.05536763;101.366516;532.1045;60.439114;-0.059373677;0.0;0.17930567;0.17931312;0.0;60.432293;124.333885;535.5589;-85.78222;6359.968;-46.75889;-64.30778
2006-12-28;-10.864289;-14.649467;-10.879205;741.4516;0.9604478;81.456566;100.0;0.09191128;113.99412;810.9131;4.569179;-0.0961218;0.0;0.17920136;0.17920882;0.0;4.5661516;412.81168;1795.82;-562.98944;5519.096;-75.702225;-93.42778
2006-12-29;-14.771042;-19.316837;-18.994537;747.8921;1.0291656;85.16801;100.0;0.09276108;134.05531;695.1497;0.004935264;0.015426427;0.0;0.17911196;0.17911196;0.0;0.0032261014;739.04;3129.1843;-1308.6844;3913.6592;12.028889;-31.01111
2006-12-30;-15.226504;-24.155947;-24.99661;749.1462;1.300509;10.760255;100.0;0.09277793;147.5973;629.6387;0.0012878961;0.015804544;0.0;0.17902255;0.1790151;0.0;0.0;799.2106;3292.9512;-1140.6091;3690.5598;12.2722225;97.15667
2006-12-31;-16.05348;-23.50808;-25.782934;750.4079;1.5011505;13.099884;100.0;0.09279724;151.50584;612.5081;0.0012946685;0.022951514;0.0;0.17891824;0.17891079;0.0;0.0;815.9022;3272.6877;-1054.6711;3760.2495;17.864445;104.952225
2007-01-01;-16.653124;-23.208273;-26.391142;750.345;1.5359045;11.512881;100.0;0.09282327;152.80467;607.7881;0.0;0.027701259;0.0;0.17881393;0.17881393;0.0;0.0;851.4378;3330.1956;-1147.6783;3602.2263;21.566668;115.327774
2007-01-02;-17.232744;-24.511368;-26.946772;750.89233;1.6272111;10.903278;100.0;0.09284667;154.02113;602.946;0.0008507597;0.023014843;0.0;0.17870963;0.17871708;0.0;1.4901161e-05;874.29443;3333.5188;-1118.2406;3594.5542;17.916666;118.04889
2007-01-03;-11.88271;-22.041962;-23.855223;753.9155;1.3520885;32.805126;100.0;0.09286642;155.34178;597.69696;0.0;0.020707026;0.0;0.17860532;0.17862022;0.0;0.0;877.8239;3264.0166;-938.74835;4104.4126;16.115555;124.96222
2007-01-04;-7.8929505;-20.743914;-21.083632;754.2839;1.035391;289.2064;100.0;0.09288391;157.01463;591.7969;0.0012814997;0.010989606;0.0;0.17851591;0.17851591;0.0;0.0;867.4656;3149.4521;-878.0311;4390.5015;8.571111;111.67
2007-01-05;-7.9731126;-16.57197;-15.106453;747.13696;0.4864799;223.97112;100.0;0.09651101;153.64125;627.2786;15.946556;-0.009005889;0.0;0.1784265;0.1784265;0.0;15.913189;581.0461;2062.0122;-106.617226;5809.67;-7.1044445;7.5488887
2007-01-06;-9.285854;-10.360608;-9.918748;743.9868;0.6948872;151.9405;100.0;0.11962906;141.91795;843.5872;12.126732;0.002924353;0.0;0.1783073;0.17831475;0.0;12.116246;241.53389;1042.7633;-206.99973;6071.0913;2.26;-49.04111
2007-01-07;-12.30571;-14.967032;-12.83456;745.91046;0.90980864;59.98554;100.0;0.12250439;154.18097;795.166;0.016409159;-0.022769906;0.0;0.17821789;0.17821789;0.0;0.014241785;730.83887;3081.7056;-951.26166;4868.203;-17.985556;-153.97223
2007-01-08;-13.053574;-18.1144;-17.458195;747.30396;1.0765721;35.34624;100.0;0.122514844;158.05824;775.6755;0.0030373628;0.014700927;0.0;0.17812848;0.17812103;0.0;0.0021755695;812.54224;3336.7744;-1250.0562;4141.2373;11.428889;-22.815556
2007-01-09;-12.688428;-18.69373;-21.376541;749.9111;1.0758239;82.5426;100.0;0.12253952;160.66632;762.89874;0.0004351138;0.029973686;0.0;0.17803907;0.17802417;0.0;0.0;855.3111;3414.3933;-1171.0717;3943.8374;23.382223;50.535557
2007-01-10;-14.133121;-21.172827;-23.102789;751.55225;1.5242672;12.757351;100.0;0.12256745;162.72133;753.7028;0.0021457672;0.028506853;0.0;0.17791986;0.17791986;0.0;0.0;897.7961;3492.6533;-1216.8883;3779.9128;22.237778;98.70778
2007-01-11;-14.228223;-22.057547;-24.042206;750.4517;1.583396;14.247124;100.0;0.122595035;164.53156;745.1172;0.0;0.025339425;0.0;0.17781556;0.17781556;0.0;0.0;926.6139;3515.0923;-1191.961;3747.2197;19.753334;113.56
2007-01-12;-12.083351;-21.261703;-21.899908;747.1792;1.2732192;11.854881;100.0;0.12262396;166.31346;737.6709;0.06954074;0.010452233;0.0;0.17771125;0.17771125;0.0;0.06602332;768.37665;2846.709;-406.4389;4898.258;8.148889;66.52778
2007-01-13;-9.17217;-12.877185;-14.756917;747.04266;0.8413274;125.28236;100.0;0.12277869;168.8841;727.7832;0.12283027;0.02434384;0.0;0.17760694;0.17761439;0.0;0.11859462;745.2178;2700.13;-476.985;5437.8076;19.05;-27.727777
2007-01-14;-9.858288;-11.498021;-12.314042;747.9345;0.8392411;262.50488;100.0;0.12291106;172.54002;713.2161;0.20308243;0.01097098;0.0;0.17750263;0.17751753;0.0;0.19847974;761.36053;2699.7856;-601.25946;5440.1387;8.554444;-79.431114
2007-01-15;-9.919795;-15.595039;-12.677914;748.7331;1.0691756;43.507015;100.0;0.12303519;176.3037;698.7712;0.009190961;-0.034838915;0.0;0.17741323;0.17740577;0.0;0.0068843365;982.93555;3415.3555;-1125.5739;4750.391;-27.464445;-129.97556
2007-01-16;-9.463746;-14.791991;-13.341881;745.0767;0.8886912;196.63605;100.0;0.12315933;179.52472;686.7676;0.23953915;-0.006158836;0.0;0.17732382;0.17730892;0.0;0.23614615;883.8778;3014.7888;-967.61;4941.6724;-4.9266667;-56.616665
2007-01-17;-12.562739;-19.696093;-17.557556;748.8532;1.1209859;130.87695;100.0;0.12326666;182.23305;677.00195;0.001293025;0.004252419;0.0;0.17720461;0.17720461;0.0;0.0;1083.7605;3620.828;-1429.0939;3965.3792;3.2227778;-13.8
2007-01-18;-11.029635;-18.668219;-18.878115;752.19904;1.1283293;42.91815;100.0;0.12327822;184.39581;669.18945;0.0008523463;0.018008985;0.0;0.1770854;0.1771003;0.0;0.0;1118.4972;3656.9011;-1270.8295;4110.414;14.026667;36.34111
2007-01-19;-9.084491;-18.11926;-18.411741;750.5261;0.8232968;203.95667;100.0;0.12329054;186.4824;661.8245;0.0;0.009397045;0.0;0.176996;0.17698854;0.0;0.0;1115.1244;3569.351;-1234.8572;4208.659;7.267778;27.434444
2007-01-20;-11.315583;-13.258222;-16.805529;745.75433;0.61685157;263.51944;100.0;0.12435702;185.66534;669.7998;2.1665096;0.026395544;0.0;0.17690659;0.17688423;0.0;2.163291;440.4389;1395.5466;-43.91;5708.5166;20.62;0.72888887
2007-01-21;-10.208366;-15.788869;-12.613021;745.68195;1.2562941;33.76442;100.0;0.12547076;185.97166;675.3743;0.009000301;-0.03634207;0.0;0.17678738;0.17677993;0.0;0.008136034;916.1067;2984.7988;-1056.461;4889.585;-28.666111;-75.85222
2007-01-22;-9.169845;-16.195034;-15.6395035;750.549;1.3357903;11.516872;100.0;0.12546885;188.91957;664.9577;0.0;0.017637387;0.0;0.17666817;0.17666817;0.0;0.0;1187.6139;3785.5933;-1415.2511;4206.812;13.715555;15.391111
2007-01-23;-6.6363854;-15.755582;-15.105411;756.2356;1.270394;38.61314;100.0;0.1254824;191.47491;656.2093;0.00214985;0.013479032;0.0;0.17654896;0.17656386;0.0;0.0;1209.8328;3777.0444;-1223.93;4555.0073;10.463333;46.082222
2007-01-24;-3.2499783;-14.46259;-13.81652;757.5705;1.155591;191.64241;100.0;0.12549572;194.22133;646.97266;0.0012850732;0.00923872;0.0;0.17645955;0.1764521;0.0;0.0;1249.9828;3824.1523;-1360.4316;4515.0723;7.1077776;75.61667
2007-01-25;-3.4341495;-15.749793;-13.732875;757.18585;1.1324761;86.39187;100.0;0.12549949;197.01332;637.6953;0.0017046923;-0.0012787059;0.0;0.17637014;0.17634034;0.0;0.0;1298.9238;3896.1345;-1445.6211;4415.0312;-1.0872222;63.545555
2007-01-26;-4.015373;-16.025301;-13.995174;755.00146;1.0821232;63.153336;100.0;0.12549865;199.6787;629.1911;0.0;-0.001899898;0.0;0.17623603;0.17622858;0.0;0.0;1354.8206;3985.3032;-1502.8606;4325.278;-1.5788889;53.085556
2007-01-27;-4.4246163;-16.493902;-13.61922;751.9074;0.7824397;274.33206;100.0;0.12548947;202.25519;621.05304;0.0017166131;-0.019267201;0.0;0.17611682;0.17612427;0.0;0.0;1213.4722;3502.5144;-1256.7012;4644.057;-15.198889;15.864445
2007-01-28;-6.4370522;-12.9043455;-12.063876;744.9792;0.9118045;240.5318;100.0;0.12731147;201.60316;630.12695;13.7724905;-0.06398372;0.0;0.17601252;0.17601252;0.0;13.768293;1312.1578;3715.1577;-801.46;5359.1206;-50.43222;-63.81111
2007-01-29;-7.314093;-8.300448;-7.6645417;738.563;0.9754265;182.8927;100.0;0.16484618;160.12791;1026.2451;30.720203;-0.024905428;0.0;0.1758933;0.17590076;0.0;30.713264;413.46112;1801.7711;-109.39889;6438.5234;-19.627777;-125.78333
2007-01-30;-9.738339;-11.688394;-8.18697;740.6409;1.5825987;200.58821;100.0;0.17668672;160.06639;1103.2715;10.908114;-0.11775829;0.0;0.1757741;0.17578155;0.0;10.904096;820.7889;3526.6023;-660.4028;5671.6055;-92.70778;-265.18668
2007-01-31;-11.061765;-12.571588;-9.381107;740.34033;1.51716;209.49394;100.0;0.20033093;153.8382;1300.293;15.946662;-0.069744885;0.0;0.17566979;0.17566979;0.0;15.941452;649.00336;2826.371;-672.9511;5522.1006;-54.898888;-228.00778
2007-02-01;-12.941905;-17.201696;-13.643509;747.2956;0.88677615;137.97643;100.0;0.20317726;161.00551;1263.6719;0.0451535;-0.023422763;0.0;0.17555058;0.17555058;0.0;0.042580068;897.53723;3816.0588;-1330.5333;4336.7734;-18.482222;-157.72778
2007-02-02;-9.280114;-20.317665;-18.259266;746.98285;0.7738263;261.10593;100.0;0.20318015;166.37401;1222.3715;0.0;0.0042514876;0.0;0.17544627;0.17543137;0.0;0.0;1014.6533;4194.8213;-1268.5194;4093.2988;3.3022223;-2.508889
2007-02-03;-8.489502;-13.943753;-16.565332;743.45966;0.8270753;87.27942;100.0;0.20610328;168.66241;1220.3776;13.334918;0.026734546;0.0;0.17531216;0.17531216;0.0;13.332308;704.89886;2835.521;-31.013334;5843.9873;20.924444;-16.37889
2007-02-04;-6.693353;-8.096661;-9.915466;737.2845;0.94792384;120.30646;100.0;0.22692399;163.41046;1387.6139;15.98929;0.023128465;0.0;0.17517805;0.1752004;0.0;15.983805;275.0128;1192.5466;173.08945;6639.8276;18.06;-17.835556
2007-02-05;-6.1125693;-7.330045;-6.5439315;743.46796;1.2384962;200.3892;100.0;0.2364891;170.34991;1389.0381;9.935091;-0.07048622;0.0;0.17507374;0.17507374;0.0;9.92468;637.45447;2722.8066;-187.13278;6485.669;-55.322224;-191.28223
2007-02-06;-5.992298;-6.668026;-5.368303;743.2043;0.9021704;175.43758;100.0;0.26707995;169.55695;1570.516;44.9946;-0.04751049;0.0;0.17495453;0.17495453;0.0;44.986023;182.8511;788.5967;-53.928333;6663.9204;-37.406666;-103.76
2007-02-07;-7.558862;-10.275212;-7.4210677;744.3155;0.7922136;113.14164;100.0;0.2907975;174.5436;1669.8405;1.6981959;-0.026486814;0.0;0.17485023;0.17482787;0.0;1.6932561;817.0478;3529.74;-1253.3966;5009.345;-20.883333;-147.23889
2007-02-08;-7.9478455;-15.439797;-12.691838;750.14014;1.1057981;42.925156;100.0;0.2913225;184.76918;1578.8168;0.0007599592;0.0054761767;0.0;0.17470121;0.17470866;0.0;0.00071525574;1067.2067;4499.689;-1469.5328;4293.3857;4.29;-62.531113
2007-02-09;-6.288203;-18.495604;-15.180859;749.63763;1.0171988;47.6508;100.0;0.2913235;191.527;1522.6644;0.0;-0.0045690686;0.0;0.174582;0.174582;0.0;0.0;1008.2672;4136.13;-1135.6167;4552.823;-3.6122222;21.765556
2007-02-10;-6.450493;-19.038967;-14.780324;747.25653;1.0193079;61.0912;100.0;0.2913121;197.38866;1477.8239;0.0008523463;-0.016655773;0.0;0.1744628;0.1744628;0.0;0.0;997.2095;3987.479;-1016.32056;4770.6177;-13.118889;-4.5066667
2007-02-11;-6.8138785;-17.355093;-15.484252;749.08545;1.0623759;40.911915;100.0;0.29130718;202.805;1438.0289;0.0008583069;0.004700385;0.0;0.17432868;0.17432868;0.0;0.0;1202.0444;4679.782;-1364.4292;4278.121;3.6422222;0.33444443
2007-02-12;-6.3966293;-17.630175;-16.139086;748.5179;0.9552247;167.58931;100.0;0.2913135;207.5602;1404.8666;0.0017206921;0.0033527613;0.0;0.17420948;0.17420948;0.0;0.0;1254.635;4762.9165;-1365.65;4239.3374;2.5855556;4.26
2007-02-13;-6.953707;-12.152648;-14.563205;745.0081;0.6890154;107.7692;100.0;0.2934853;210.12433;1397.3795;3.8489356;0.028605573;0.0;0.17407537;0.17407537;0.0;3.8130357;728.1517;2761.631;-234.89944;5746.839;22.387777;-22.89889
2007-02-14;-6.0315347;-7.5615807;-10.335862;745.56714;0.6008505;185.27525;100.0;0.29535556;214.35545;1379.9642;0.4148543;0.026973896;0.0;0.17394125;0.17394125;0.0;0.40376186;883.75;3369.935;-405.0803;5980.137;21.152222;-107.01778
2007-02-15;-5.436625;-7.0655403;-7.638354;746.11066;0.611118;197.39832;100.0;0.29595134;220.97166;1341.2272;0.561136;-0.031425618;0.0;0.17380714;0.17382205;0.0;0.55484104;830.01776;3114.1267;-469.86722;6093.18;-24.777779;-136.54222
2007-02-16;-5.58033;-8.351757;-6.6389427;744.0159;0.64298517;39.887917;100.0;0.29715395;227.38377;1308.2682;1.5471578;-0.027450733;0.0;0.17368793;0.17368793;0.0;1.4980845;731.8272;2725.2566;-682.095;5889.6143;-21.64;-104.16111
2007-02-17;-6.897593;-9.669282;-8.392478;745.95013;0.8274649;94.80764;100.0;0.29772142;233.64418;1275.7568;0.11096597;-0.01578033;0.0;0.17353892;0.17355382;0.0;0.090137124;1200.46;4411.662;-1296.8994;4936.766;-12.435555;-144.94221
2007-02-18;-7.258432;-9.813099;-8.637623;745.8486;0.96912724;62.023132;100.0;0.297915;239.12465;1247.111;0.28545663;-0.0319425;0.0;0.17341971;0.17341971;0.0;0.2718903;1162.475;4185.697;-1099.07;5229.8027;-25.237778;-182.72333
2007-02-19;-8.162316;-12.936601;-10.09095;747.9489;1.072102;37.879322;100.0;0.29803607;244.01268;1222.6969;0.009655952;-0.035675243;0.0;0.1732856;0.1732856;0.0;0.008776784;1372.2711;4845.4155;-1492.9028;4586.5894;-28.134445;-182.3989
2007-02-20;-7.0108666;-10.380843;-11.957704;748.154;0.8928089;196.71155;100.0;0.29803917;248.0895;1202.067;0.0026226034;0.02794899;0.0;0.17313659;0.1731515;0.0;0.00047683716;1483.5266;5118.039;-1573.6156;4359.6973;21.87;-105.23556
2007-02-21;-5.7469177;-7.679297;-10.758925;748.90216;0.80796415;156.27376;100.0;0.29808787;251.77863;1185.1807;0.057944655;0.009016134;0.0;0.17301738;0.17300993;0.0;0.051047653;1295.2611;4371.906;-798.245;5502.8354;7.006111;-142.75722
2007-02-22;-4.131765;-7.038901;-8.434906;746.6401;0.7457829;204.26758;100.0;0.29812703;255.95476;1165.8529;0.016784668;-0.0003585592;0.0;0.17288327;0.17287582;0.0;0.016242266;1504.13;4971.932;-1203.2572;5238.412;-0.16888888;-170.26445
2007-02-23;-3.373216;-4.959723;-6.64173;745.7954;1.0916587;246.99599;100.0;0.29845116;260.15366;1147.7865;1.7068923;-0.085489824;0.0;0.17273426;0.17273426;0.0;1.5633404;1340.0194;4345.9043;-610.4411;6155.331;-67.53111;-177.30888
2007-02-24;-3.3916485;-3.8288028;-3.7574413;743.481;1.4887929;213.57784;100.0;0.30770186;257.59732;1192.7897;22.240305;-0.102186576;0.0;0.17258525;0.17258525;0.0;21.005705;601.9006;2115.6206;-106.59333;6878.4517;-80.227776;-221.24222
2007-02-25;-3.4607365;-4.8102555;-2.8161404;741.6592;0.87350017;154.44925;100.0;0.328276;245.29816;1339.152;5.5071774;-0.11208188;0.0;0.17245114;0.17245114;0.0;4.930213;892.1411;3770.3193;-649.73;6280.774;-88.23556;-221.64667
2007-02-26;-3.9932327;-5.7651467;-3.287936;742.9036;0.7482348;123.65088;100.0;0.32971266;252.50291;1307.5358;1.287207;-0.15542097;0.0;0.17231703;0.17230213;0.0;1.203578;969.6728;3916.4421;-681.2194;6191.87;-122.34111;-233.51666
2007-02-27;-3.5850677;-5.2142043;-3.3079898;745.3493;0.7867975;188.18164;100.0;0.3307223;258.97916;1278.9307;0.766325;-0.15679933;0.0;0.17215312;0.17216802;0.0;0.75371563;1092.1183;4294.855;-828.6445;6032.82;-123.456665;-245.87778
2007-02-28;-3.5528324;-6.64982;-4.434578;747.793;0.7296865;104.057976;100.0;0.33110902;265.28256;1249.9594;0.05534729;-0.086758286;0.0;0.172019;0.172019;0.0;0.05234033;1371.4283;5207.4404;-1554.5375;5021.7607;-68.37889;-237.78
2007-03-01;-3.6270802;-10.406646;-7.0424943;746.1119;0.9085085;64.59491;100.0;0.33105776;270.59634;1225.3824;0.0012993806;-0.048146583;0.0;0.17187;0.17187744;0.0;0.0;1450.9656;5336.7573;-1440.8878;4938.6787;-37.9;-155.65555
2007-03-02;-4.169149;-7.7540016;-7.6856256;747.4937;0.84689325;135.98843;100.0;0.3310226;275.00815;1205.485;0.05249977;-0.05056616;0.0;0.17172098;0.17172843;0.0;0.043340027;1521.8328;5447.4517;-1328.8022;5062.0923;-39.88111;-167.82666
2007-03-03;-3.7188542;-5.4315567;-6.636833;750.41766;0.96209353;149.12239;100.0;0.33114195;279.08334;1188.5172;0.7562876;-0.062406063;0.0;0.17157197;0.17157942;0.0;0.7224046;1368.3439;4784.2124;-766.36554;5905.0864;-49.24111;-211.29
2007-03-04;-2.651662;-3.2209473;-4.1414285;749.642;1.0658813;192.44447;100.0;0.33381796;281.10806;1189.0869;4.3794093;-0.04512258;0.0;0.17142296;0.17143041;0.0;4.1246862;858.2811;3040.3523;-291.91556;6687.339;-35.59667;-187.09889
2007-03-05;-2.6321514;-3.2176716;-2.0885212;747.9156;0.97210056;171.54185;100.0;0.34649563;274.2816;1262.8174;37.697353;-0.13138168;0.078991055;0.250265;0.1712814;0.26186183;35.340675;690.91345;2588.0483;-138.78444;6952.191;-103.45778;-253.62555
2007-03-06;-4.053467;-5.0023804;-1.6226362;743.26636;0.76326257;134.47087;100.0;0.3945453;240.88539;1639.1195;20.920927;-0.20298362;0.020891428;0.19201636;0.17113239;0.08515455;20.371649;862.44354;3566.7024;-725.6511;6221.436;-159.81;-317.28
2007-03-07;-2.932129;-6.2653403;-2.5436783;748.58716;0.92796516;66.12083;100.0;0.39803466;250.3294;1595.1742;0.018349288;-0.15620887;0.0;0.17099082;0.17098337;0.0;0.016711652;1355.3469;4995.776;-1270.3116;5559.943;-122.977776;-243.47223
2007-03-08;-3.5220134;-7.3089395;-4.37419;746.88385;0.9015922;79.533485;100.0;0.39790604;259.8304;1535.6039;0.0014781952;-0.12582168;0.0;0.17082691;0.17083436;0.0;0.00062584877;1675.468;5674.1313;-1621.1705;4964.398;-98.98222;-243.5689
2007-03-09;-3.8236492;-7.3944244;-5.8169465;745.6704;0.9969043;101.81897;100.0;0.39783204;267.03223;1493.7338;0.12941957;-0.108961016;0.0;0.1706779;0.17068535;0.0;0.1190342;1600.5477;5253.238;-1481.8767;5043.6724;-85.80556;-189.61555
2007-03-10;-4.907904;-10.115668;-6.564593;749.86884;1.2655565;24.833445;100.0;0.39774024;273.01367;1460.8969;0.00333786;-0.23480505;0.0;0.17052889;0.17052889;0.0;0.0028535724;1794.5403;5745.9478;-1608.8373;4837.6636;-184.84666;-268.3989
2007-03-11;-2.0570946;-10.725598;-7.6133065;750.43304;0.9887309;67.02624;100.0;0.3976207;278.10352;1433.431;0.00085234636;-0.056274235;0.0;0.17036498;0.17036498;0.0;0.0;1982.6444;6196.126;-1673.4489;4740.799;-44.336666;-150.12445
2007-03-12;-1.9000854;-8.527158;-5.6958976;745.3298;0.8102161;148.72719;100.0;0.3975453;283.3431;1407.0231;0.049307942;-0.13012439;0.0;0.17021596;0.17022341;0.0;0.0404194;1884.6483;5753.0176;-1330.2694;5344.1646;-102.443886;-179.75223
2007-03-13;-2.7432148;-5.467649;-4.514502;742.9847;0.8089535;106.32242;100.0;0.39784923;288.6608;1382.4869;1.4080405;-0.15887153;0.016003847;0.1860708;0.17006695;0.12268871;1.2223237;1715.7169;5134.981;-1165.4181;5607.8335;-125.115555;-239.62445
2007-03-14;-3.0184124;-4.356781;-3.5663197;740.8742;0.67470264;99.72782;100.0;0.4022253;289.88412;1391.7643;5.908203;-0.11229701;0.027701259;0.1976192;0.16991794;0.1338385;4.9199014;1013.24695;3309.8682;-616.75775;6245.7544;-88.41;-193.78528
2007-03-15;-4.4387307;-5.8780212;-3.2131755;738.5181;0.78541213;142.89162;100.0;0.41076505;287.0332;1433.7565;15.768856;-0.22308156;0.003516674;0.1732707;0.16976893;0.012373552;15.431695;1023.86304;3551.1794;-626.10944;6261.7246;-175.63333;-305.8689
2007-03-16;-6.8992004;-9.070302;-4.4494987;737.4416;1.2364991;208.95172;100.0;0.4217967;279.7744;1511.1084;2.7106225;-0.3079623;0.0;0.16960502;0.16960502;0.0;2.6922264;1152.7295;4672.4814;-821.4867;5814.7456;-242.46666;-426.30222
2007-03-17;-7.1078744;-8.600677;-5.4509406;739.84937;1.0620111;140.333;100.0;0.42902973;276.45346;1553.7516;9.417653;-0.14856644;0.0;0.169456;0.169456;0.0;9.408761;876.41473;3611.2021;-742.67834;5837.5693;-116.95333;-314.65112
2007-03-18;-8.447505;-13.510873;-7.698789;741.62665;1.0630268;154.60603;100.0;0.4321767;278.10123;1557.251;0.3312558;-0.17532147;0.0;0.169307;0.16929954;0.0;0.32742321;1543.4078;6326.803;-1325.4403;4950.6733;-138.02;-378.53223
2007-03-19;-6.089625;-7.1975555;-7.0626945;742.3046;1.2872611;211.20882;100.0;0.43590865;278.3317;1567.5863;7.700488;-0.084645115;0.0;0.16914308;0.16914308;0.0;7.694639;697.89557;2830.6572;-71.793335;6608.455;-66.64445;-224.19444
2007-03-20;-4.118889;-5.083795;-4.725408;746.653;1.0373492;210.89093;100.0;0.44491708;274.9248;1619.8324;6.5922184;-0.07901713;0.0;0.16899407;0.16899407;0.0;6.44847;1067.5625;4503.226;-430.65695;6460.6704;-62.247776;-305.27
2007-03-21;-3.6320088;-5.5253997;-3.8933907;748.7974;0.83765596;141.61777;100.0;0.4481168;279.34897;1606.5267;1.9839345;-0.09802915;0.0;0.16884506;0.16883016;0.0;1.7824769;1329.3933;5485.805;-1137.9064;5628.1055;-77.21;-305.57666
2007-03-22;-3.2397869;-5.0544434;-4.3653617;750.03;0.94632834;132.13676;100.0;0.44927743;285.17838;1577.8402;0.3382206;-0.062048435;0.0;0.16868114;0.16868114;0.0;0.1491122;1454.5684;5823.4624;-920.7208;5897.9434;-48.86111;-296.35443
2007-03-23;-2.4536335;-3.5806172;-2.9249878;751.4868;1.14357;164.44516;100.0;0.44987115;291.52896;1545.817;1.3910025;-0.10368135;0.0;0.16853213;0.16852468;0.0;0.9679682;1296.335;4961.4443;-610.79333;6390.459;-81.64889;-294.77112
2007-03-24;-1.4042155;-2.0671387;-1.5344849;749.0293;1.1122912;205.7077;100.0;0.4593955;291.75162;1574.1373;27.43934;-0.09323843;0.07190555;0.24026632;0.16836822;0.101827085;25.371716;640.1728;2435.5388;-135.18861;7024.5723;-73.37556;-180.86333
2007-03-25;-3.0741475;-4.5084434;-1.0478376;745.5889;1.1587129;223.09877;100.0;0.48166382;283.931;1699.3002;4.124018;-0.29745883;0.042259693;0.2104491;0.16821176;0.2190154;3.603384;1506.7861;5776.574;-1107.9072;5910.961;-234.18666;-436.56
2007-03-26;-3.3792317;-6.142334;-1.7330679;744.70844;0.8968633;161.67963;100.0;0.48278365;291.78613;1657.8776;0.19234635;-0.3488995;0.0;0.1680553;0.16804785;0.0;0.18112734;1812.0922;6024.3423;-1444.25;5411.9424;-274.68555;-420.15332
2007-03-27;-3.3064373;-8.681325;-2.909855;743.67334;0.7512007;98.65171;100.0;0.48254815;299.08594;1616.3737;0.07434244;-0.3569126;0.0;0.16790628;0.16789883;0.0;0.069998205;1766.6677;5408.081;-1499.233;5232.2344;-280.91556;-274.9989
2007-03-28;-3.8623047;-8.15739;-3.7464726;747.7798;0.84302;97.12806;100.0;0.4822867;305.0485;1583.7809;0.08260012;-0.3630519;0.0;0.16772747;0.16774237;0.0;0.0519827;1916.8983;5634.71;-1419.7572;5276.183;-285.73;-345.37888
2007-03-29;-4.4555764;-7.562561;-3.9968288;747.5728;0.8922196;83.53654;100.0;0.48268482;309.89682;1560.4655;1.5625656;-0.33706987;0.0;0.16757846;0.16758591;0.0;1.3169124;2134.2039;6194.227;-1462.8959;5270.6343;-265.36557;-385.3989
2007-03-30;-3.8441467;-6.0636597;-3.6090927;748.3176;0.84863514;97.64974;100.0;0.48499724;312.69336;1554.1178;3.4034836;-0.28857028;0.0;0.16741455;0.1674071;0.0;3.2996647;1953.8928;5851.144;-1224.2839;5601.2017;-227.18333;-396.06332
2007-03-31;-2.8695476;-7.164388;-3.1910706;749.50146;0.8844454;167.7169;100.0;0.4862847;316.62564;1540.1205;0.031277537;-0.3434047;0.009313226;0.17653406;0.16722828;0.06891042;0.027418137;2174.966;6812.0884;-1486.1141;5368.094;-270.3611;-381.50223
2007-04-01;-3.20461;-4.4982605;-2.9865696;746.47363;0.7700067;116.47907;100.0;0.48985294;317.74902;1544.4742;9.497861;-0.16805622;0.0021457672;0.16917288;0.16703457;0.0;8.964695;1006.17725;3193.2766;-513.95807;6427.8965;-132.3;-229.3989
2007-04-02;-2.6001384;-4.4291077;-2.5534363;742.7393;0.6973247;76.318184;100.0;0.5000496;312.2643;1605.1025;6.3370943;-0.11164509;0.027485192;0.19432604;0.1668334;0.17883442;5.7197733;905.4017;3485.4207;-711.9678;6184.241;-87.90111;-195.3511
2007-04-03;-3.9049072;-4.836141;-2.706384;741.61597;1.0483707;174.69328;100.0;0.5117852;306.80923;1670.2067;21.949333;-0.15150197;0.00756979;0.17420948;0.16662478;0.0049676746;21.278831;792.5733;3103.3555;-505.25168;6432.5913;-119.27889;-259.74
2007-04-04;-4.739797;-7.6514792;-3.562074;744.99506;1.135887;229.17122;100.0;0.5240218;301.04752;1745.931;0.60154796;-0.31622872;0.0;0.16641617;0.16643107;0.0;0.517454;1586.23;6555.0864;-1309.3411;5377.4937;-248.96222;-427.18332
2007-04-05;-2.602544;-7.037159;-4.454361;750.25415;0.7990603;188.43774;100.0;0.52402115;306.7487;1713.3383;0.052663684;-0.10871608;0.0;0.16622245;0.166215;0.0;0.05223602;1830.0612;7249.9893;-1538.243;5159.1865;-85.53333;-354.6389
2007-04-06;0.095692955;-3.9953206;-4.1965485;750.7446;1.1547451;206.8314;100.0;0.52393097;312.3213;1682.8207;0.052996308;-0.04325155;0.023387372;0.18939376;0.16599894;0.16926602;0.007286668;1710.525;6501.4473;-1091.1575;5754.934;-34.107777;-224.44888
2007-04-07;0.6881612;-1.7401835;-2.4837139;748.40546;1.1598153;223.1562;100.0;0.52432066;318.44238;1652.6693;5.347371;-0.02642069;0.27634203;0.44211745;0.16579777;0.9462759;0.19387901;1493.836;5463.479;-611.82;6481.8013;-20.836666;-194.72556
2007-04-08;1.4758606;-1.5520529;-0.23022461;745.47845;0.7407429;119.08865;100.0;0.5288281;326.00586;1627.6041;5.198717;-0.03823731;0.9788871;1.1621416;0.18326938;5.0516205;1.9735247;1519.1145;4969.755;-853.4714;6378.561;-30.105556;-228.98555
2007-04-09;-0.1499939;-1.5916647;-0.12760417;744.23724;0.8018215;141.53003;100.0;0.5266476;331.18814;1593.8314;17.767197;-0.08340366;2.616346;2.807498;0.191167;6.2684417;8.846983;1603.5623;4599.0776;-609.8578;6679.778;-65.64667;-258.78333
2007-04-10;-0.051503498;-2.6982117;-0.14016724;746.15674;1.1416256;145.93028;100.0;0.5289531;329.2604;1611.5723;2.0271091;-0.1795767;1.5163869;1.7131716;0.19678473;6.3195395;0.16820058;2034.5577;6580.2715;-1251.8552;5908.6846;-141.36778;-346.70776
2007-04-11;0.10069784;-1.9018961;-0.17291005;742.87787;0.94300264;75.511856;100.0;0.5250531;335.55826;1568.3594;9.017229;-0.09950623;1.8052012;1.9705743;0.16536564;4.5931563;4.270788;1801.2095;5115.8296;-735.9678;6533.6436;-78.32111;-254.90222
2007-04-12;-1.2677307;-1.9825948;-0.06738027;746.56525;0.9952913;148.16962;100.0;0.5265582;335.0062;1575.0326;7.0973616;-0.206111;1.7617792;1.9720495;0.21028519;5.4609256;3.9849951;1547.6833;4822.851;-687.1572;6560.1436;-162.26445;-388.66
2007-04-13;-1.3174235;-4.3137717;-0.21939342;747.3715;1.1383826;131.47395;100.0;0.5231685;339.41763;1545.0033;0.6673962;-0.45721978;1.1691302;1.335293;0.1661703;4.6781564;0.06327033;2330.38;6686.6724;-1418.6455;5677.487;-359.97778;-433.62222
2007-04-14;-0.6558533;-5.194967;-0.33635965;743.07764;1.0026935;131.95888;100.0;0.52006894;346.91016;1502.36;1.851207;-0.32037312;0.42676926;0.59372187;0.16693026;1.8750466;1.5922301;2258.515;5879.3877;-1140.985;6016.661;-252.21333;-282.76556
2007-04-15;-2.7244873;-3.6989746;-0.13644154;743.1726;1.2908069;196.53961;100.0;0.5280882;341.7018;1545.2474;24.430159;-0.4253639;0.80138445;0.9691715;0.16778708;2.7133114;22.781424;1585.0294;4705.0347;-616.04333;6567.7056;-334.84668;-545.5733
2007-04-16;-4.3530374;-5.484375;-0.5478528;747.20746;1.344191;208.00642;100.0;0.55214566;317.35513;1740.1123;12.431622;-0.4212074;0.0024288893;0.17128885;0.16885996;0.0;12.114227;1168.3188;4602.5737;-691.68164;6306.6636;-330.54224;-571.4633
2007-04-17;-2.077016;-4.153239;-0.68703336;749.33765;0.8711765;181.19904;100.0;0.5559151;321.0941;1733.6019;4.5821786;-0.38071722;0.02643466;0.19645691;0.17002225;0.118501484;4.0997825;1642.6616;5476.4673;-735.6336;6404.7935;-298.06332;-411.14777
2007-04-18;-1.2477316;-1.6960653;-0.21838379;744.52814;0.6182849;186.24554;100.0;0.5722534;315.92807;1810.669;30.078852;-0.109509565;1.744464;1.9181669;0.17369539;0.7351227;19.9048;645.07446;2387.1528;-195.7564;7044.6045;-85.66556;-206.47
2007-04-19;-3.8400166;-4.762838;-0.23728435;743.0967;1.0881066;205.6558;100.0;0.5914105;308.5752;1916.2598;16.696497;-0.38733613;0.06985664;0.24269521;0.17283112;0.108432025;15.7884245;842.875;3162.68;-467.74112;6589.081;-304.15112;-451.06888
2007-04-20;-2.8031514;-5.0696616;-0.5178744;747.88947;1.3184451;207.6482;100.0;0.60060763;309.6107;1940.9586;5.8791223;-0.5155876;0.0011324883;0.17593801;0.17479062;0.0;5.6380143;2066.8167;7233.09;-1122.0642;5989.815;-403.9111;-578.74225
2007-04-21;-1.384491;-5.6136284;-0.47767767;751.82904;0.919836;134.11357;100.0;0.6045945;315.35287;1919.2301;0.049579144;-0.33321604;0.08010864;0.2568364;0.17672777;0.37185103;0.047542155;2394.2612;7861.792;-1854.8806;5171.8438;-259.89334;-438.2622
2007-04-22;0.6060689;-8.267419;-0.55092365;752.5455;0.9610705;73.495964;100.0;0.6038522;325.63867;1856.5267;0.0;-0.21354389;0.16655028;0.3451407;0.17859042;0.7662438;0.0;2805.1843;8005.066;-2004.9028;5021.871;-165.28555;-318.37888
2007-04-23;-0.036397297;-4.7374268;-0.28700766;748.70807;0.98429364;117.74311;100.0;0.60377455;333.94467;1808.1055;10.658521;-0.37915912;0.8187741;0.99916756;0.18040091;2.641432;8.359037;2334.7627;6051.6006;-1124.9728;6056.043;-296.6072;-275.84888
2007-04-24;0.36736044;-0.46734872;-0.015131633;744.2133;0.8195881;130.86389;100.0;0.6158445;327.68555;1879.1504;20.59819;-0.021299347;4.4079123;4.615903;0.20798296;5.3128004;7.638898;799.30444;2872.8367;-202.7075;7107.642;-16.007223;-135.53778
2007-04-25;0.47207642;-4.063334;-0.14629237;748.80255;1.143406;135.84743;100.0;0.6112652;332.76694;1838.5416;0.3773421;-0.33157972;1.906231;2.0921082;0.18587708;7.3256083;0.31066686;2449.4866;7626.9595;-1741.985;5368.033;-258.54224;-393.71777
2007-04-26;1.8035583;-6.0742188;-0.4313202;752.5717;1.0017322;89.79182;100.0;0.6064111;340.86035;1780.599;0.0017423499;-0.21189359;0.8458495;1.0362566;0.19039959;3.3103526;0.0;2949.081;8114.134;-1928.752;5162.1777;-163.97722;-302.8878
2007-04-27;2.3349304;-5.2378845;-0.25900778;751.94965;0.9416964;104.35144;100.0;0.59987825;348.77377;1721.3949;0.0054627657;-0.16712677;2.634838;2.8393567;0.20453334;8.8083935;0.0;2470.6045;6208.8857;-1286.2456;5928.7646;-129.29333;-229.80222
2007-04-28;2.4028625;-2.100769;-0.2522812;749.61084;0.97256756;135.45561;100.0;0.5894266;356.12173;1656.8197;0.04877448;-0.18458255;3.6846101;3.8935244;0.20892918;11.339918;0.0;3229.5;7619.4976;-1553.637;5680.5356;-142.78778;-313.62555
2007-04-29;2.442566;0.5020955;-0.10469691;747.33716;0.86096597;157.21431;100.0;0.5766848;362.60678;1592.041;7.2815657;-0.0907341;7.090807;7.906869;0.8160621;13.953029;0.0010691583;2597.1768;5838.1626;-581.8239;6859.0957;-69.662224;-277.4111
2007-04-30;0.71895343;-0.09829712;-0.028299967;745.34955;1.2121087;184.48454;100.0;0.5632787;366.2744;1538.6963;15.0647545;-0.1561856;10.626897;12.101531;1.4746413;12.515277;0.7719323;1825.7927;4008.734;-472.36307;6885.83;-121.94889;-258.8989
2007-05-01;2.526347;-1.7683207;-0.14590327;752.5559;1.0033942;175.38599;100.0;0.54808253;370.21094;1481.8115;0.0030517576;-0.3194269;7.0360155;8.186817;1.1508018;17.784521;0.0013485551;3641.6128;7920.2065;-1666.3992;5630.108;-248.78555;-390.5589
2007-05-02;3.1154583;-1.17983;-0.2498436;753.6009;1.2528695;211.4291;100.0;0.5321743;376.40527;1415.3239;0.012800097;-0.30582958;5.82397;6.872445;1.0484829;14.746248;0.00010803342;3661.0295;7741.1265;-1622.7278;5636.681;-238.12666;-267.3511
2007-05-03;4.0627646;-0.20065308;-0.18524678;752.0076;1.1912924;265.67883;100.0;0.5155563;382.68262;1348.8363;0.47439337;-0.22179353;7.644415;8.680701;1.0362937;17.256435;0.0;3624.9973;7499.6387;-1520.0278;5810.3564;-172.16;-238.34778
2007-05-04;3.6606343;0.2044576;-0.14481735;752.028;1.1267114;100.895256;100.0;0.49862877;388.15463;1286.1328;2.2040188;-0.04763715;7.4424295;8.584335;1.1419132;16.396645;0.0;2937.2896;5974.817;-1112.9462;6252.742;-35.770557;-180.62
2007-05-05;5.3128257;-0.5345256;-0.12487284;754.301;1.0888995;91.14863;100.0;0.47807345;393.0397;1218.2211;0.09557605;-0.047751702;11.030495;12.820572;1.7900765;23.593946;0.0;3850.7417;7731.824;-1399.0286;6032.641;-34.796665;-240.61778
2007-05-06;5.7154946;-3.2774456;-0.1558749;755.71875;1.1248796;105.38149;100.0;0.45438734;398.02866;1143.392;0.0008821486;-0.11346582;11.4699;13.388723;1.9188225;23.933363;0.0;4174.8237;8298.945;-1663.6483;5782.438;-86.183334;-228.16333
2007-05-07;6.000875;-2.6952922;-0.16310246;755.8862;1.0994879;53.397877;100.0;0.43049827;403.51562;1068.5221;0.0005990266;-0.09646639;11.445135;13.539523;2.0943732;23.851837;0.0;4152.9854;8190.8535;-1538.8467;5925.7476;-72.861115;-231.94112
2007-05-08;7.0530396;-2.955119;-0.13925552;754.35156;1.0152947;89.90467;100.0;0.40539813;408.87988;993.5303;0.0;-0.08848868;12.686461;15.0464325;2.3599715;25.70476;0.0;4220.9795;8272.784;-1489.0475;5989.8354;-66.38556;-222.69444
2007-05-09;7.398763;0.10852051;-0.09159597;752.86426;1.1584551;192.2362;100.0;0.37979424;413.97754;919.14874;0.056752563;-0.062309206;12.199536;14.565915;2.3663788;25.061346;0.0;3776.3132;7365.0;-931.29694;6618.5615;-46.225555;-192.94888
2007-05-10;7.196096;3.0576477;-0.0050557456;752.4222;1.0865897;242.8739;100.0;0.35249856;416.8395;847.5342;1.2531698;-0.008890405;13.531372;16.450733;2.919346;28.742723;0.0;3491.4;6783.9155;-546.4839;7108.8403;-4.7033334;-209.37222
2007-05-11;5.817698;2.9094136;-0.02334086;752.4941;0.8693585;108.151215;100.0;0.32664037;418.02475;783.1624;2.9238045;0.066470355;12.493819;16.379446;3.8856342;23.507383;0.0;2669.774;5169.6055;-553.8111;6971.722;53.74;-152.31111
2007-05-12;6.714437;1.9786377;-0.03522237;752.3664;1.0959702;44.35808;100.0;0.30435482;420.46582;725.3418;5.229586;0.041970983;10.869399;14.527618;3.6582127;23.060932;0.0;2682.7505;5189.441;-524.39386;7014.5234;34.47889;-105.48778
2007-05-13;5.9456787;1.8946432;-0.07670212;749.69696;1.4109899;78.121216;100.0;0.279022;422.7194;661.41766;0.53038;-0.020008534;13.303667;18.608152;5.304493;27.48138;0.0;3462.195;6680.11;-824.45166;6721.0923;-13.297778;-198.4311
2007-05-14;5.545339;2.4258728;-0.1107076;749.1556;0.96945095;104.05622;100.0;0.25523904;426.6888;599.73145;3.6510527;0.05139038;11.097521;15.964762;4.867241;21.896746;0.0;2996.166;5772.299;-749.45917;6742.5757;42.065556;-176.32777
2007-05-15;4.2072043;2.4193115;-0.057491302;751.5686;1.3918725;24.186523;100.0;0.2383691;429.77084;555.8675;8.217907;0.0884505;9.1604595;13.907179;4.7467203;14.699269;0.0;1627.5089;3135.92;-411.79193;6981.519;70.047775;-32.325554
2007-05-16;6.8049827;-0.040649414;-0.16462326;752.8506;1.6980277;35.351704;100.0;0.21554439;432.68002;500.0814;0.0016918111;-0.12649782;14.264673;22.318542;8.053854;29.039633;0.0;4230.5596;8133.5654;-1425.8606;6108.368;-96.07833;-217.35
2007-05-17;6.8447266;-0.52404785;-0.26104864;752.30927;1.6979547;41.262188;99.445885;0.19049382;439.65298;435.0586;0.09151697;-0.110869296;9.940267;17.806202;7.865906;22.684942;0.0;3794.6284;7285.1665;-1242.9861;6227.102;-86.48222;-169.99889
2007-05-18;5.944326;2.4508667;-0.16589482;752.4958;1.3208301;55.991177;97.457115;0.16734426;445.92383;376.83105;6.0060797;-0.017557293;13.162687;24.014204;10.851532;23.375765;0.0;3313.5134;6287.0522;-858.3525;6647.5254;-7.4877777;-198.69221
2007-05-19;5.840973;3.511383;-0.12682724;754.14374;0.9320695;76.63102;95.89706;0.14853175;449.53516;331.3395;6.9787145;0.046008267;10.017887;21.321445;11.303566;16.419168;0.0;1737.68;3259.679;-198.04778;7255.414;41.38222;-56.36778
2007-05-20;7.042328;1.7175598;-0.17228062;755.179;1.1836476;72.681145;94.89868;0.12687258;450.0;283.08105;0.7570982;-0.11372659;12.125895;24.074703;11.948809;25.5154;0.0;3496.0483;6533.208;-811.72943;6791.7524;-76.28889;-237.54778
2007-05-21;8.688344;2.7865803;-0.2703196;754.9222;1.1067952;69.16;93.34741;0.1005706;450.0;224.97559;0.9538263;-0.10445714;13.170078;26.220158;13.050087;26.806124;0.0;3716.4983;6911.312;-865.6067;6757.553;-65.30889;-231.97444
2007-05-22;8.920959;3.101125;-0.35344568;754.1589;1.2353827;57.48248;88.97811;0.07471657;450.0;167.48047;0.6844296;-0.27683005;12.184352;26.782572;14.598221;25.15907;0.0;3801.6973;6934.1523;-968.41724;6650.939;-186.72667;-194.04056
2007-05-23;10.669393;1.3512472;-0.3542544;754.8235;1.0913438;72.694115;84.92505;0.048340756;450.0;108.805336;2.504125;-0.5467795;14.284581;30.211508;15.926935;27.137545;0.0;4376.9814;7847.581;-1064.2;6689.2583;-379.80777;-227.19667
2007-05-24;12.327393;0.5441284;-0.42890677;757.49945;1.1500063;95.973595;59.036213;0.02578946;450.0;58.34961;1.185847;-1.0694526;7.7884493;22.328571;14.540121;18.626251;0.0;4376.324;7067.8955;-1187.7222;6695.4277;-744.8778;-152.98111
2007-05-25;12.133514;1.6483358;-0.2820104;757.2636;1.087775;100.21871;30.250406;0.013225992;450.0;29.907227;0.21523678;-1.4500198;3.286943;16.02906;12.742117;9.293742;0.0;3834.5261;5393.3794;-1059.5481;7027.4673;-1007.44666;-117.87778
2007-05-26;13.37971;2.8299866;-0.17376582;757.39874;1.2109234;94.58631;13.565999;0.005855123;450.0;13.183594;2.8158665;-2.616073;2.6974826;14.080316;11.3828335;5.9908814;0.0;5429.5327;7166.318;-1550.4412;6976.012;-1817.3656;-383.33444
2007-05-27;13.405589;3.6617024;0.008731842;755.8962;1.32667;63.79861;4.9967446;0.0021539133;450.0;4.760742;1.7738204;-2.5622053;1.0491759;11.214823;10.165654;2.2634306;0.0;4781.365;6089.658;-1526.1539;7117.2607;-1779.88;-451.5122
2007-05-28;11.924449;3.955434;0.007217407;753.6629;1.2235936;94.34668;1.8868002;0.00081594783;450.0;1.8310547;1.7278612;-2.5765169;0.54880977;9.652763;9.103939;0.7921792;0.0;4517.195;5674.1787;-1635.6816;6907.487;-1789.7933;-464.41888
2007-05-29;11.704692;1.1580099;-0.034871418;751.9814;1.2719473;108.179596;0.7020671;0.00030152002;450.0;0.6510417;0.0012869441;-3.7300205;0.08302927;8.270964;8.187935;0.3452301;0.0;6302.08;7871.3643;-2176.1372;6430.7876;-2591.189;-845.63556
2007-05-30;10.733388;1.1608582;-0.039148968;751.14325;1.1337985;109.12793;0.23575847;0.00010120869;450.0;-7.345365e-21;0.5637586;-3.6076307;0.11077523;7.542819;7.432029;0.11541322;0.0;6256.6904;7792.2065;-2229.4329;6358.882;-2506.1167;-951.74335
2007-05-31;10.308655;1.9605408;-0.14343262;752.6423;1.209273;115.38944;0.081217445;3.504753e-05;437.4541;-7.345365e-21;0.5036801;-3.4561586;0.07981062;6.8772287;6.7974105;0.038422644;0.0;5982.104;7437.82;-2092.071;6483.3794;-2400.8823;-925.23553
2007-06-01;10.1562805;2.444397;-0.058888752;752.92096;1.3095318;97.579994;0.02775065;1.223882e-05;428.5765;-7.345365e-21;0.14371276;-3.631307;0.021576881;6.2653723;6.2437954;0.013850629;0.0;6191.293;7688.0635;-2147.891;6498.9365;-2522.5466;-951.3722
2007-06-02;9.867096;2.143697;-0.02126058;752.3543;1.2346822;117.17794;0.009521484;4.2915344e-06;428.09375;-7.345365e-21;1.5937089;-3.2163002;0.21085143;5.9738307;5.762972;0.004399568;0.0;5756.3315;7140.0547;-2145.2788;6434.5146;-2234.2566;-929.2156
2007-06-03;9.517609;3.0185955;-0.023530325;752.49194;1.1521802;100.67197;0.0037434895;1.66893e-06;428.09375;-7.345365e-21;2.9476285;-3.2149405;0.4168898;5.7612805;5.3443832;0.001616776;0.0;5828.431;7221.4854;-1950.0087;6678.741;-2233.3123;-1082.1711
2007-06-04;9.9687805;3.8848064;0.01003011;752.77594;1.145924;96.25488;0.0010579427;4.3710074e-07;428.09375;-7.345365e-21;1.6786158;-3.167754;0.23296475;5.2105484;4.9775543;0.0005401671;0.0;5487.844;6792.2188;-1883.6409;6782.9824;-2200.5334;-983.17334
2007-06-05;10.380656;3.6013489;-0.18765385;751.6906;1.0234089;89.944084;0.0;-7.3453654e-25;405.05435;-7.345365e-21;2.9619367;-2.9877071;0.40750206;5.0617905;4.6542883;0.00017881393;0.0;5142.67;6358.2812;-1864.0684;6772.513;-2075.4612;-846.9989
2007-06-06;11.979553;1.212504;-1.8642731;750.50507;1.2761378;173.023;0.0;-7.3453654e-25;268.56186;-7.345365e-21;0.051403046;-3.926864;0.005915761;4.372418;4.3665023;6.7055225e-05;0.0;6394.944;7898.4756;-2252.071;6481.8047;-2727.861;-923.99664
2007-06-07;13.626088;-0.27660117;-2.4022102;750.6345;1.2819463;151.06654;0.0;-7.3453654e-25;108.909485;-7.345365e-21;0.0019818544;-4.041465;0.00022351742;4.1077733;4.1075497;2.6077032e-05;0.0;6426.6387;7929.332;-2294.4744;6531.238;-2807.47;-828.93335
2007-06-08;13.309102;1.1427917;-0.73702496;749.8216;1.3443232;229.30196;0.0;-7.3453654e-25;101.570946;-7.345365e-21;2.9149055;-3.4717972;0.36597252;4.2416453;3.8756876;0.0;0.0;6082.475;7496.8467;-2205.3318;6595.3755;-2411.7412;-1066.2056
2007-06-09;12.699005;0.91325885;0.009775798;751.0053;1.2848028;213.20616;0.0;-7.3453654e-25;99.99998;-7.345365e-21;0.0017046923;-4.0390873;0.00017881393;3.6662817;3.6661177;0.0;0.0;6959.6;8568.962;-2650.7688;6134.6743;-2805.8188;-1117.8867
2007-06-10;11.623433;2.1840923;0.009933472;751.982;1.187953;256.2776;0.0;-7.3453654e-25;99.99998;-7.345365e-21;0.0;-3.673613;0.0;3.4737885;3.4738035;0.0;0.0;6738.005;8287.426;-2460.4539;6326.803;-2551.9355;-1318.8911
2007-06-11;11.756185;2.1057842;0.009897868;750.9559;1.2172886;213.30951;0.0;-7.3453654e-25;100.00519;-7.345365e-21;1.4124095;-3.1982753;0.14230609;3.438443;3.2961369;0.0;0.0;6135.662;7538.681;-2239.8555;6565.765;-2221.7356;-1295.0167
2007-06-12;12.739197;-1.1681315;0.0100746155;748.99316;1.4321337;244.11601;0.0;-7.3453654e-25;99.99998;-7.345365e-21;0.0025601175;-3.8379254;0.00023841858;3.1308234;3.130585;0.0;0.0;7003.917;8596.523;-2763.7776;6020.969;-2666.08;-1256.3489
2007-06-13;13.947276;-1.8420919;0.009806315;751.23956;1.0853636;92.9523;0.0;-7.3453654e-25;99.99998;-7.345365e-21;0.0;-3.8440897;0.0;2.9777884;2.9777884;0.0;0.0;7106.8687;8713.768;-2991.5405;5930.569;-2670.361;-987.9044
2007-06-14;15.659729;-0.75516766;0.009979248;752.23413;1.1960858;104.589485;0.0;-7.3453654e-25;99.99998;-7.345365e-21;0.0;-3.8272328;0.0;2.837226;2.8372183;0.0;0.0;7024.0767;8603.281;-2819.9634;6305.296;-2658.65;-939.13666
2007-06-15;16.517365;3.023692;0.009847005;750.8864;1.2335247;91.56664;0.0;-7.3453654e-25;99.99998;-7.345365e-21;0.00044107434;-3.6288276;2.9802322e-05;2.7075112;2.707459;0.0;0.0;6772.1953;8286.098;-2503.1184;6874.4146;-2520.8245;-1081.4089
2007-06-16;17.0465;5.061564;0.010111491;749.6563;1.2056721;115.85873;0.0;-7.3453654e-25;99.99998;-7.345365e-21;0.0014841557;-3.197683;8.940697e-05;2.5876908;2.587594;0.0;0.0;6223.395;7613.5645;-2294.6943;7181.6924;-2221.3232;-1132.8722
2007-06-17;16.249472;1.1876221;0.009849548;748.29987;1.2431566;118.07596;0.0;-7.3453654e-25;100.00259;-7.345365e-21;0.0034414942;-3.1864867;0.00022351742;2.4767816;2.4765506;0.0;0.0;6697.6426;8192.662;-2727.7483;6669.4653;-2213.5466;-1331.8367
2007-06-18;15.597646;1.2846273;0.009979248;747.9497;1.1337824;117.29008;0.0;-7.3453654e-25;99.99998;-7.345365e-21;0.012674928;-2.8899376;0.00093877316;2.3740828;2.3731515;0.0;0.0;6577.292;8044.48;-2653.2166;6767.9688;-2007.5433;-1422.6522
2007-06-19;15.066478;-0.43961588;0.009923299;746.9621;1.309358;114.025856;0.0;-7.3453654e-25;99.99998;-7.345365e-21;0.047540665;-2.589522;0.0032186508;2.280161;2.2769423;0.0;0.0;6414.1104;7843.8735;-2655.7422;6710.4263;-1798.8556;-1581.5555
2007-06-20;14.239563;0.2854309;0.01001358;746.7784;1.4405217;130.21962;0.0;-7.3453654e-25;99.99998;-7.345365e-21;0.0078856945;-2.4049356;0.0005364418;2.1876693;2.1871328;0.0;0.0;6717.5703;8213.921;-2739.0256;6618.585;-1670.6289;-1887.5712
2007-06-21;14.144542;-0.4098002;0.009922028;747.5468;1.4495074;133.84164;0.0;-7.3453654e-25;99.99998;-7.345365e-21;0.0015584294;-2.244492;0.00010430813;2.10312;2.1030083;0.0;0.0;6779.144;8288.12;-2876.8723;6479.96;-1559.1733;-1974.6322
2007-06-22;13.110698;0.15940349;0.009958903;749.67914;1.4030279;105.952736;0.0;-7.3453654e-25;99.99998;-7.345365e-21;0.6635606;-2.0874572;0.045001507;2.0692348;2.0242481;0.0;0.0;6444.773;7878.2266;-2732.0818;6598.7056;-1450.0867;-1852.6533
2007-06-23;13.512878;2.6549785;0.010035197;753.3079;1.6480728;37.10555;0.0;-7.3453654e-25;99.99998;-7.345365e-21;0.0008583069;-2.1456964;5.9604645e-05;1.9505024;1.9504428;0.0;0.0;6826.0723;8343.366;-2898.5388;6469.5693;-1490.5433;-2059.2444
2007-06-24;15.939728;1.6279907;0.010012309;752.0087;1.3970484;40.912533;0.0;-7.3453654e-25;99.99998;-7.345365e-21;0.0017254642;-2.207676;0.00011920929;1.880616;1.8804967;0.0;0.0;7049.7827;8615.748;-3163.69;6458.5127;-1533.5989;-1769.1611
2007-06-25;15.951884;0.05347697;0.009888967;749.1221;1.426124;48.53706;0.0;-7.3453654e-25;99.99998;-7.345365e-21;0.0;-2.031507;0.0;1.8143505;1.8143505;0.0;0.0;6944.5435;8486.027;-3082.021;6607.156;-1411.22;-1926.17
2007-06-26;15.373179;2.7111206;0.009724935;747.0105;1.6887141;51.705524;0.0;-7.3453654e-25;99.99998;-7.345365e-21;0.030630829;-1.7863419;0.0016316772;1.7536134;1.7519891;0.0;0.0;6767.1973;8268.199;-2940.76;6746.706;-1240.9122;-2110.2222
2007-06-27;15.174194;4.535044;0.009888967;748.95953;1.9389344;38.942795;0.0;-7.3453654e-25;99.99998;-7.345365e-21;0.07082522;-1.6090972;0.0045001507;1.697734;1.6932487;0.0;0.0;6577.0176;8034.8833;-2812.8462;6821.7534;-1117.7855;-2256.48
2007-06-28;15.870422;3.767395;0.010110219;750.1883;1.3665372;45.075954;0.0;-7.3453654e-25;99.99998;-7.345365e-21;0.0918746;-1.636874;0.004917383;1.6426742;1.6377494;0.0;0.0;6378.6387;7791.472;-2832.2778;6882.37;-1137.0823;-1920.1233
2007-06-29;14.615306;5.9992576;0.009852092;749.913;1.1953906;55.660458;0.0;-7.3453654e-25;100.00519;-7.345365e-21;3.7786493;-1.5925653;0.28972328;1.8751621;1.5854388;0.0;0.0;5655.181;6906.84;-2357.58;7304.822;-1106.3011;-1841.0133
2007-06-30;16.280233;2.8009644;0.009867351;750.21313;1.1592408;111.98013;0.0;-7.3453654e-25;99.99998;-7.345365e-21;0.037401915;-2.7394016;0.0022500753;1.5381873;1.5359372;0.0;0.0;6494.5654;7931.0;-2687.44;6895.491;-1902.9711;-1580.1755
2007-07-01;16.757303;-1.2142639;0.010270436;749.69366;1.4672236;110.727264;0.0;-7.3453654e-25;99.99998;-7.345365e-21;0.01711829;-2.3473613;0.00086426735;1.4893413;1.4885068;0.0;0.0;6627.872;8092.6445;-2951.6882;6621.6855;-1630.6333;-1771.4355
2007-07-02;16.579285;-1.4437052;0.009952545;750.0244;1.3566633;109.02359;0.0;-7.3453654e-25;99.99998;-7.345365e-21;0.00074505806;-2.0432222;2.9802322e-05;1.4432669;1.4432371;0.0;0.0;6871.03;8388.42;-3100.0356;6551.584;-1419.3578;-1921.4578
2007-07-03;16.383749;1.2138672;0.009735107;749.1097;1.383678;107.69714;0.0;-7.3453654e-25;99.99998;-7.345365e-21;0.012993813;-1.6571972;0.00064074993;1.4008135;1.4001578;0.0;0.0;6455.0044;7879.451;-2878.9604;6843.423;-1151.1989;-1931.7356
2007-07-04;16.128103;5.1898804;0.010192871;749.4343;1.1073229;57.039394;0.0;-7.3453654e-25;99.99998;-7.345365e-21;0.030143594;-1.3279319;0.0015795231;1.360938;1.3593584;0.0;0.0;5423.112;6618.99;-2288.0244;7524.833;-922.4689;-1787.7744
2007-07-05;16.830322;4.232961;0.01002121;749.9531;0.9514928;97.33441;0.0;-7.3453654e-25;100.03416;-7.345365e-21;0.079226494;-1.2937076;0.0044703484;1.3251156;1.3206303;3.7252903e-06;0.0;5341.492;6518.6665;-2431.625;7416.76;-898.69556;-1591.7655
2007-07-06;17.690775;3.5698853;0.009991963;750.6169;1.2117049;53.296116;0.0;-7.3453654e-25;100.00259;-7.345365e-21;0.013828278;-1.3838122;0.0007748604;1.2843013;1.2835115;0.0;0.0;5899.5566;7198.8823;-2648.2456;7337.914;-961.2883;-1817.1455
2007-07-07;18.988413;3.1025288;0.010177612;750.0413;1.1984228;95.238914;0.0;-7.3453654e-25;99.99998;-7.345365e-21;0.010180472;-1.386566;0.00047683716;1.2483001;1.2478381;0.0;0.0;6063.618;7398.0933;-2763.8865;7345.629;-963.2011;-1790.8711
2007-07-08;16.23352;7.64327;0.009991963;750.4353;1.5726427;33.83296;0.0;-7.3453654e-25;100.00519;-7.345365e-21;4.8286853;-1.467077;0.3415197;1.5556812;1.2141615;0.0;0.0;5107.65;6231.0396;-2058.0679;7701.739;-1019.13;-1793.8744
2007-07-09;16.052063;9.732991;0.01007843;750.5164;1.3724934;50.435196;0.0;-7.3453654e-25;99.99998;-7.345365e-21;3.0432045;-2.2982862;0.21633506;1.3986677;1.1823177;0.0;0.0;5238.435;6389.5444;-1950.29;7717.6724;-1596.5433;-1491.6978
2007-07-10;17.404867;7.854645;0.009717305;751.54987;1.2832586;46.53764;0.0;-7.3453654e-25;99.99998;-7.345365e-21;0.12114644;-2.9842463;0.006824732;1.1582673;1.1514425;0.0;0.0;6542.9717;7979.7847;-2537.7778;7250.312;-2073.0566;-1541.8022
2007-07-11;18.524353;3.9200847;0.009573619;751.3924;1.2965692;100.061714;0.0;-7.3453654e-25;99.99998;-7.345365e-21;0.0026971102;-2.6116865;0.00013411045;1.1216253;1.1214763;0.0;0.0;6365.6567;7762.5977;-2669.0806;7154.0835;-1814.2522;-1526.1812
2007-07-12;18.964212;0.21513875;0.00981013;751.3139;1.2708107;125.49192;0.0;-7.3453654e-25;99.99998;-7.345365e-21;0.0025751241;-2.3941696;0.00013411045;1.092732;1.0925978;0.0;0.0;6958.134;8483.903;-3085.423;6890.4424;-1663.15;-1783.5111
2007-07-13;18.599283;4.927765;0.009777069;751.16095;1.0282182;65.971306;0.0;-7.3453654e-25;99.99998;-7.345365e-21;0.016206503;-1.4035367;0.00086426735;1.0659993;1.0651052;0.0;0.0;4877.5244;5946.2124;-2162.8933;7757.749;-974.9911;-1297.7722
2007-07-14;18.431335;4.1533713;0.009913127;750.1806;1.2117023;113.52194;0.0;-7.3453654e-25;100.00779;-7.345365e-21;0.2985835;-1.3977904;0.01566112;1.0546595;1.0389984;0.0;0.0;5685.2524;6929.997;-2668.423;7298.4966;-970.9989;-1800.2522
2007-07-15;17.572031;-0.9515279;0.01000468;749.10895;1.2811128;126.60476;0.0;-7.3453654e-25;99.99998;-7.345365e-21;0.0025676808;-1.473885;0.00011920929;1.013577;1.013428;0.0;0.0;6988.7744;8517.87;-3281.06;6668.309;-1023.8589;-2291.5732
2007-07-16;15.629802;2.233012;0.010133107;748.05365;1.3458067;125.43009;0.0;-7.3453654e-25;99.99998;-7.345365e-21;0.08487631;-1.1025416;0.0043213367;0.9932518;0.98891556;0.0;0.0;5773.796;7035.3237;-2594.2327;7158.346;-765.89886;-2191.59
2007-07-17;12.149547;7.4207664;0.009644826;747.253;1.3866359;49.107822;0.0;-7.3453654e-25;99.99998;-7.345365e-21;11.616349;-1.5027747;0.81437826;1.78051;0.9661317;0.0;0.0;4474.479;5450.7783;-1644.5;7654.161;-1043.9277;-1816.3289
2007-07-18;11.873413;6.5887046;0.010258992;750.1567;1.8493534;33.290485;0.0;-7.3453654e-25;99.99998;-7.345365e-21;1.3569713;-2.6658652;0.07876754;1.0235608;0.944823;0.0;0.0;5265.283;6412.721;-1915.7039;7173.8496;-1851.8872;-1608.919
2007-07-19;12.607086;5.8744607;0.009950002;753.45123;2.1816282;40.10002;0.0;-7.3453654e-25;100.00519;-7.345365e-21;0.0047028065;-2.5990176;0.00023841858;0.9241104;0.9238869;0.0;0.0;5561.0977;6771.3965;-2029.417;7080.285;-1805.4512;-1654.1344
2007-07-20;14.599437;6.8970437;0.009934743;754.6949;1.6421665;35.337574;0.0;-7.3453654e-25;99.99998;-7.345365e-21;0.68360865;-2.4735742;0.037431717;0.9409338;0.9035021;0.0;0.0;5823.711;7090.118;-2312.2422;7005.588;-1718.31;-1504.7411
2007-07-21;17.0342;3.4379375;0.009868622;752.54224;1.306214;86.60126;0.0;-7.3453654e-25;100.00519;-7.345365e-21;0.0;-2.8231964;0.0;0.88346004;0.88346004;0.0;0.0;6649.9365;8094.187;-2757.7366;6869.5386;-1961.18;-1510.8022
2007-07-22;16.000387;6.0604453;0.010252635;749.9929;1.1754899;48.457336;0.0;-7.3453654e-25;99.99998;-7.345365e-21;0.15491247;-2.048891;0.0077039003;0.87174773;0.86404383;0.0;0.0;5435.751;6614.824;-2262.4392;7353.3755;-1423.2955;-1419.0144
2007-07-23;16.023825;6.1903076;0.010022481;750.1785;1.769864;40.362988;0.0;-7.3453654e-25;99.99998;-7.345365e-21;0.12747471;-1.8283501;0.0065267086;0.8519441;0.8454323;0.0;0.0;5811.1343;7070.142;-2391.4795;7262.5034;-1270.0939;-1858.4388
2007-07-24;16.92923;6.302826;0.01028951;752.14996;1.3908161;42.852436;0.0;-7.3453654e-25;99.99998;-7.345365e-21;1.712826;-1.8432531;0.10278821;0.930056;0.82728267;0.0;0.0;6038.767;7345.5005;-2453.2373;7403.4277;-1280.4467;-1840.9255
2007-07-25;16.780365;7.3247986;0.009924571;753.58105;1.2530707;79.57676;0.0;-7.3453654e-25;99.99998;-7.345365e-21;1.9372106;-1.9899253;0.122353435;0.93215704;0.8098036;0.0;0.0;5717.385;6952.979;-2389.4355;7412.401;-1382.3345;-1650.2711
2007-07-26;17.731354;5.5082703;0.009863536;754.3001;0.95450026;104.321785;0.0;-7.3453654e-25;99.99998;-7.345365e-21;0.2631843;-2.1231482;0.0140070915;0.8069575;0.7929653;0.0;0.0;5613.4854;6825.2134;-2413.3406;7433.239;-1474.88;-1362.9111
2007-07-27;17.152588;6.5862527;0.009819031;753.45514;1.121874;76.87978;0.0;-7.3453654e-25;100.036766;-7.345365e-21;1.0725498;-1.7409046;0.06003678;0.8367002;0.7766634;0.0;0.0;5131.7783;6237.968;-2223.2566;7623.9585;-1209.3478;-1382.1611
2007-07-28;14.658498;9.3003435;0.009661357;752.2495;1.3046272;62.143585;0.0;-7.3453654e-25;100.03937;-7.345365e-21;16.811222;-1.7368551;1.2626201;2.0237863;0.7611662;0.0;0.0;5005.9585;6083.7266;-2000.4323;7574.3823;-1206.5355;-1741.9845
2007-07-29;15.45934;5.270345;0.009899139;752.1819;1.477469;36.328407;0.0;-7.3453654e-25;99.99998;-7.345365e-21;0.028476119;-3.9264774;0.0016540289;0.7479042;0.74625015;0.0;0.0;6428.367;7810.6045;-2483.925;6846.9067;-2727.5933;-1152.4778
2007-07-30;16.542429;3.873708;0.010110219;753.1591;1.2570146;38.8613;0.0;-7.3453654e-25;99.99998;-7.345365e-21;0.13383627;-3.6749272;0.007636845;0.7391423;0.731498;0.0;0.0;6529.6763;7931.9775;-2604.89;6847.6387;-2552.85;-1143.3134
2007-07-31;17.251444;3.8485005;0.010035197;753.64594;1.1398357;51.9454;0.0;-7.3453654e-25;99.99998;-7.345365e-21;0.1707375;-3.3341236;0.009343028;0.7264614;0.7171184;0.0;0.0;6363.2617;7727.9834;-2500.9932;7114.0913;-2316.1045;-1206.1489
2007-08-01;18.00357;2.8067627;0.009833018;752.9868;1.1572707;36.261753;0.0;-7.3453654e-25;99.99998;-7.345365e-21;0.0017365603;-2.8071496;7.4505806e-05;0.7032454;0.703156;0.0;0.0;6062.0435;7360.6396;-2558.701;7138.5913;-1950.0333;-1203.5189
2007-08-02;18.8384;3.7701416;0.009731293;752.405;1.0379126;99.19044;0.0;-7.3453654e-25;99.99998;-7.345365e-21;0.016719103;-2.2981036;0.0008940697;0.6905347;0.68964064;0.0;0.0;5472.7256;6643.5845;-2354.7173;7467.5913;-1596.4166;-1132.74
2007-08-03;18.069784;3.7932942;0.010134379;752.0115;1.187664;107.991844;0.0;-7.3453654e-25;99.99998;-7.345365e-21;0.27700067;-1.9653757;0.014856458;0.6914139;0.6765723;0.0;0.0;5741.094;6967.8193;-2538.0117;7318.153;-1365.28;-1509.1267
2007-08-04;16.452066;6.156667;0.010026296;750.77515;1.4689294;32.35553;0.0;-7.3453654e-25;99.99998;-7.345365e-21;0.23467997;-1.6269134;0.012457371;0.676319;0.66387653;0.0;0.0;5873.5615;7127.02;-2560.5112;7222.529;-1130.1622;-1935.2866
2007-08-05;16.753153;5.4250793;0.009990692;750.5088;1.235278;31.74141;0.0;-7.3453654e-25;100.00259;-7.345365e-21;0.31867623;-1.3721138;0.0166893;0.6682575;0.6515384;0.0;0.0;5575.7144;6764.2827;-2502.119;7299.2915;-953.16113;-1808.1011
2007-08-06;18.704855;2.8937786;0.010068257;751.5456;1.2528797;107.96714;0.0;-7.3453654e-25;100.00519;-7.345365e-21;0.0048935413;-1.3424158;0.00020861626;0.63976645;0.63955784;0.0;0.0;5563.568;6747.794;-2608.5605;7346.7505;-932.5322;-1660.61
2007-08-07;18.41625;1.3066;0.0101292925;751.92896;1.535966;99.279274;0.0;-7.3453654e-25;99.99998;-7.345365e-21;0.00044258253;-1.2377892;2.9802322e-05;0.6277859;0.627771;0.0;0.0;6371.04;7725.2954;-3082.389;6924.9043;-859.85114;-2135.4922
2007-08-08;18.79241;-1.3449606;0.010116577;750.90814;1.2220334;100.58676;0.0;-7.3453654e-25;99.99998;-7.345365e-21;0.0;-1.1737906;0.0;0.6162226;0.6162375;0.0;0.0;6514.715;7897.763;-3224.8616;6881.281;-815.3933;-2012.0656
2007-08-09;19.708303;-0.044067383;0.010011037;749.98944;1.2668175;93.84564;0.0;-7.3453654e-25;99.99998;-7.345365e-21;0.004261732;-1.0525416;0.00016391277;0.60516596;0.60498714;0.0;0.0;6030.271;7308.8916;-3073.8655;7092.6973;-731.1655;-1850.1322
2007-08-10;20.033112;0.5881246;0.0098775225;751.23096;1.4199761;88.853516;0.0;-7.3453654e-25;99.99998;-7.345365e-21;0.0032424922;-1.0472685;0.00014901161;0.5941987;0.59407204;0.0;0.0;6215.5933;7531.8564;-3117.67;7111.513;-727.5022;-1953.3112
2007-08-11;19.950968;3.9741313;0.010073344;753.42365;1.4313068;68.92812;0.0;-7.3453654e-25;99.99998;-7.345365e-21;0.0011324883;-0.9841267;4.4703484e-05;0.58346987;0.58342516;0.0;0.0;6058.469;7339.8877;-3000.3582;7237.6724;-683.64;-1990.1967
2007-08-12;20.143515;0.9786479;0.010112762;753.1435;1.3325983;95.34314;0.0;-7.3453654e-25;99.99998;-7.345365e-21;0.0029566935;-0.9803809;0.00013411045;0.57321787;0.57306886;0.0;0.0;6239.209;7557.1216;-3200.6025;7010.344;-681.0389;-2043.4867
2007-08-13;19.505423;-4.450022;0.009868622;752.052;1.2771983;99.42966;0.0;-7.3453654e-25;99.99998;-7.345365e-21;0.0017106531;-0.98578537;8.940697e-05;0.5630851;0.5629957;0.0;0.0;6618.3667;8014.5386;-3611.043;6521.109;-684.79333;-2079.4434
2007-08-14;19.257172;-2.465617;0.010064443;750.96533;1.3445324;101.70075;0.0;-7.3453654e-25;99.99998;-7.345365e-21;0.0004351138;-0.9304816;2.9802322e-05;0.5531907;0.5531907;0.0;0.0;6480.5015;7845.8223;-3358.9988;6753.7;-646.37445;-2106.8677
2007-08-15;18.80123;-2.7604573;0.009689331;751.4111;1.3915892;121.03485;0.0;-7.3453654e-25;99.99998;-7.345365e-21;0.0017166131;-0.8934559;8.940697e-05;0.54371357;0.54363906;0.0;0.0;6407.097;7755.201;-3388.4973;6662.7046;-620.6544;-2215.9822
2007-08-16;17.780762;-5.0558066;0.009896596;751.5335;1.2083482;160.29872;0.0;-7.3453654e-25;99.99998;-7.345365e-21;0.0017265966;-0.86581707;8.940697e-05;0.53441525;0.53435564;0.0;0.0;6576.618;7959.56;-3495.3066;6432.2627;-601.45447;-2198.881
2007-08-17;16.573751;-1.3316345;0.010150909;750.4199;1.3731245;119.8662;0.0;-7.3453654e-25;99.99998;-7.345365e-21;0.18826127;-0.7910803;0.009417534;0.5347729;0.52537024;0.0;0.0;5698.3228;6895.789;-2756.5344;7110.0474;-549.5378;-2109.922
2007-08-18;14.504781;4.9434204;0.009859721;749.2881;1.3467511;68.55781;0.0;-7.3453654e-25;99.99998;-7.345365e-21;1.6477048;-0.87184834;0.09402633;0.6107688;0.51675737;0.0;0.0;5098.9683;6169.578;-2522.1523;7094.5146;-605.6433;-1989.8733
2007-08-19;14.21817;4.6053977;0.009782155;750.8413;1.1275464;67.1447;0.0;-7.3453654e-25;99.99998;-7.345365e-21;0.66025555;-1.200824;0.03297627;0.5415082;0.5085096;0.0;0.0;4872.661;5895.311;-2374.562;7073.2393;-834.17224;-1651.47
2007-08-20;14.983917;2.2005513;0.009815216;752.8797;1.2189636;92.50564;0.0;-7.3453654e-25;99.99998;-7.345365e-21;0.041753054;-1.1424198;0.0016987324;0.50218403;0.50047785;0.0;0.0;4913.246;5943.594;-2428.5571;7051.277;-793.60114;-1570.4778
2007-08-21;15.162303;2.2253723;0.010153453;754.2083;0.9823758;92.858246;0.0;-7.3453654e-25;99.99998;-7.345365e-21;0.36965543;-1.0585431;0.018388033;0.5109608;0.49255788;0.0;0.0;5336.403;6454.616;-2636.5188;6984.6904;-735.3345;-1751.4222
2007-08-22;14.711284;4.063497;0.010065715;753.2939;1.320013;39.86899;0.0;-7.3453654e-25;99.99998;-7.345365e-21;0.4850179;-1.0594791;0.02360344;0.5083829;0.48477948;0.0;0.0;5571.4194;6738.324;-2538.6326;7113.963;-735.98444;-2070.4878
2007-08-23;13.297994;7.178009;0.010171254;752.9609;1.417672;47.557648;0.0;-7.3453654e-25;99.99998;-7.345365e-21;6.429762;-1.1729794;0.40213764;0.87943673;0.47729164;0.0;0.0;4986.0293;6029.501;-2213.7761;7203.3936;-814.83;-1945.8944
2007-08-24;14.222758;6.667379;0.0101458235;755.13763;1.3126804;76.89852;0.0;-7.3453654e-25;100.0104;-7.345365e-21;1.7248365;-2.2183638;0.10411441;0.57420135;0.47010183;0.0;0.0;5155.507;6233.6885;-2099.305;7288.171;-1541.0244;-1480.211
2007-08-25;15.430583;4.080597;0.010054271;757.1032;1.244289;71.23309;0.0;-7.3453654e-25;99.99998;-7.345365e-21;0.010579824;-2.3665912;0.0004172325;0.4633367;0.46293437;0.0;0.0;5756.0737;6958.905;-2592.8047;6842.921;-1643.9922;-1374.4277
2007-08-26;15.287079;4.651591;-0.049795788;755.08105;1.1859499;74.83213;0.0;-7.3453654e-25;100.065735;-7.345365e-21;0.95439553;-1.9800355;0.0474751;0.503391;0.45590848;0.0;0.0;5376.1245;6498.864;-2455.3743;7009.391;-1375.4656;-1395.5922
2007-08-27;15.988149;-0.50583905;-0.026069641;752.3325;1.6813363;117.9396;0.0;-7.3453654e-25;100.06671;-7.345365e-21;0.027307868;-1.7762687;0.0013262033;0.4504472;0.449121;0.0;0.0;5320.156;6430.3105;-2536.33;6817.777;-1233.9144;-1527.4689
2007-08-28;15.561839;-1.2786255;0.009920756;753.3498;1.1058124;181.89046;0.0;-7.3453654e-25;99.99998;-7.345365e-21;0.0008523463;-1.5648566;4.4703484e-05;0.44244528;0.44240057;0.0;0.0;6006.529;7259.1255;-2947.5833;6494.5996;-1087.0538;-1792.4678
2007-08-29;15.710785;-1.6971537;0.009882609;753.8359;1.2158511;160.98592;0.0;-7.3453654e-25;99.99998;-7.345365e-21;0.0021505803;-1.2749517;0.00011175871;0.43588877;0.43578446;0.0;0.0;5991.734;7240.371;-3058.9978;6452.1763;-885.6667;-1827.0089
2007-08-30;15.74825;-2.5048218;0.009930928;753.02637;1.202694;103.238655;0.0;-7.3453654e-25;99.99998;-7.345365e-21;0.0008583443;-1.0487884;5.9604645e-05;0.42933226;0.4292801;0.0;0.0;5950.9683;7190.1606;-3083.45;6538.711;-728.5589;-1885.1
2007-08-31;15.899261;0.3675537;0.0099322;752.4886;1.1534151;75.194435;0.0;-7.3453654e-25;99.99998;-7.345365e-21;0.0070869923;-0.8460954;0.0002682209;0.42319298;0.42292476;0.0;0.0;5497.5693;6641.6284;-2872.1948;6840.9883;-587.7539;-1729.3667
2007-09-01;16.258026;1.4335734;0.009774526;753.9949;1.5291791;40.450768;0.0;-7.3453654e-25;99.99998;-7.345365e-21;0.0;-0.764058;0.0;0.41672587;0.41672587;0.0;0.0;5752.0195;6948.217;-3023.1228;6709.339;-530.76556;-1967.19
2007-09-02;16.773682;3.315216;0.009966533;754.417;1.4073871;44.139297;0.0;-7.3453654e-25;100.00259;-7.345365e-21;0.029742718;-0.6830059;0.0014156103;0.4121065;0.41068345;0.0;0.0;5320.257;6425.8735;-2808.8923;6950.7144;-474.46112;-1761.5934
2007-09-03;17.876657;0.7180888;0.0102882385;754.4246;1.3404363;99.22229;0.0;-7.3453654e-25;100.00519;-7.345365e-21;0.0002682209;-0.67055225;0.0;0.40480494;0.40480494;0.0;0.0;5033.6846;6079.08;-2731.9448;7064.058;-465.81;-1595.74
2007-09-04;17.91572;-3.110494;0.009700775;754.4672;1.4253746;103.27888;0.0;-7.3453654e-25;99.99998;-7.345365e-21;0.0;-0.72576106;0.0;0.3990233;0.3990233;0.0;0.0;5694.9785;6876.7114;-3127.341;6722.662;-504.16223;-1841.96
2007-09-05;17.999857;-4.207113;0.009665172;753.8814;1.4297023;102.255646;0.0;-7.3453654e-25;99.99998;-7.345365e-21;0.0004351138;-0.6962251;2.9802322e-05;0.39336085;0.39334595;0.0;0.0;5566.8936;6721.25;-3060.7493;6788.845;-483.64444;-1728.6056
2007-09-06;18.140228;-2.0404358;0.010087331;752.6948;1.2370912;78.02529;0.0;-7.3453654e-25;99.99998;-7.345365e-21;0.0;-0.6945413;0.0;0.38778782;0.38778782;0.0;0.0;5493.99;6632.5117;-3019.7346;6921.42;-482.47446;-1699.8378
2007-09-07;17.759115;-2.4030354;0.009764354;752.1452;1.2671037;50.918045;0.0;-7.3453654e-25;99.99998;-7.345365e-21;0.0;-0.67803633;0.0;0.382334;0.382334;0.0;0.0;5571.8745;6725.751;-3120.338;6773.624;-471.00888;-1747.2778
2007-09-08;18.026987;-5.7861533;0.010041554;751.3144;1.2628402;179.93068;0.0;-7.3453654e-25;99.99998;-7.345365e-21;0.00085234636;-0.65322405;4.4703484e-05;0.37705898;0.37701428;0.0;0.0;5619.9297;6782.9424;-3283.5913;6491.492;-453.77222;-1749.7678
2007-09-09;16.98472;-5.3035483;0.010019938;752.04803;1.3207663;245.67424;0.0;-7.3453654e-25;99.99998;-7.345365e-21;0.00042617318;-0.5942909;1.4901161e-05;0.37187338;0.37185103;0.0;0.0;5614.7876;6775.9385;-3295.2842;6262.5903;-412.83444;-1873.9933
2007-09-10;15.272634;-5.132914;0.010340373;753.8892;1.1577252;189.57501;0.0;-7.3453654e-25;99.99998;-7.345365e-21;0.0012814989;-0.5646553;5.9604645e-05;0.3668815;0.36680698;0.0;0.0;5614.745;6775.079;-3387.397;5952.223;-392.24777;-1862.669
2007-09-11;14.792674;-8.911632;0.010133107;754.2234;1.1944193;120.01638;0.0;-7.3453654e-25;99.99998;-7.345365e-21;0.0008523463;-0.5814824;4.4703484e-05;0.3619045;0.3618747;0.0;0.0;5667.6826;6838.1094;-3583.6772;5711.3633;-403.93668;-1660.2367
2007-09-12;14.93098;-11.105763;0.009923299;753.42365;1.154256;106.914764;0.0;-7.3453654e-25;99.99998;-7.345365e-21;0.0;-0.57575667;0.0;0.35704672;0.35703927;0.0;0.0;5646.1978;6811.3574;-3617.5947;5651.5347;-399.96;-1554.6278
2007-09-13;14.350647;-9.431407;0.009740193;751.8803;1.2516246;170.46098;0.0;-7.3453654e-25;99.99998;-7.345365e-21;0.0008583069;-0.5444037;4.4703484e-05;0.35235286;0.35232306;0.0;0.0;5583.528;6734.9404;-3414.939;5806.6523;-378.18;-1688.3411
2007-09-14;13.967641;-4.9794006;0.009811401;752.9136;1.1177355;194.98994;0.0;-7.3453654e-25;99.99998;-7.345365e-21;0.0025642402;-0.5206075;0.00011920929;0.3478229;0.3477037;0.0;0.0;5395.3896;6507.2544;-3173.2878;6052.4937;-361.6489;-1795.3077
2007-09-15;13.817943;-7.671392;0.0100364685;754.0154;1.1169301;105.78131;0.0;-7.3453654e-25;99.99998;-7.345365e-21;0.0004351138;-0.5289316;2.9802322e-05;0.34318864;0.34318864;0.0;0.0;5414.5093;6529.4976;-3282.827;5916.2393;-367.43112;-1689.461
2007-09-16;12.8472395;-9.055125;0.009890239;752.03955;1.224657;138.76949;0.0;-7.3453654e-25;99.99998;-7.345365e-21;0.0008583069;-0.5024029;4.4703484e-05;0.3388077;0.338763;0.0;0.0;5360.151;6458.3037;-3196.0952;5902.878;-349.00223;-1796.9833
2007-09-17;12.416748;-6.9960427;0.01026535;752.6579;1.3489037;106.83419;0.0;-7.3453654e-25;99.99998;-7.345365e-21;0.0012934206;-0.4882291;5.9604645e-05;0.33450127;0.3344342;0.0;0.0;5179.1943;6234.8037;-2953.2441;6169.278;-339.15555;-1816.5144
2007-09-18;12.892354;-4.2405562;0.010009766;754.34106;1.1041886;82.560394;0.0;-7.3453654e-25;99.99998;-7.345365e-21;0.0013951785;-0.5021337;5.9604645e-05;0.33025444;0.33019483;0.0;0.0;5163.7446;6210.829;-2995.3208;6203.906;-348.81555;-1687.9155
2007-09-19;13.1840105;-3.484314;0.009991963;753.7717;1.2148179;122.62656;0.0;-7.3453654e-25;99.99998;-7.345365e-21;0.005826354;-0.4818011;0.00028312206;0.32633543;0.32604486;0.0;0.0;4959.1304;5959.535;-2838.2852;6369.3496;-334.6911;-1691.9388
2007-09-20;13.266713;-6.8962708;0.0099105835;754.7085;1.2260221;103.0234;0.0;-7.3453654e-25;99.99998;-7.345365e-21;0.0;-0.5059335;0.0;0.3219694;0.3219694;0.0;0.0;5152.8394;6186.8877;-3074.556;6131.1846;-351.45557;-1644.5723
2007-09-21;13.651164;-1.7595215;0.009760539;756.30743;1.1700815;66.55923;0.0;-7.3453654e-25;99.99998;-7.345365e-21;0.0008583069;-0.4961062;4.4703484e-05;0.31799078;0.31796098;0.0;0.0;4958.3804;5948.246;-2852.9727;6456.242;-344.62778;-1562.1411
2007-09-22;14.69807;-2.3527324;0.009727478;755.8526;1.3740091;77.24482;0.0;-7.3453654e-25;99.99998;-7.345365e-21;0.0041127205;-0.4933309;0.00017881393;0.31420588;0.31403452;0.0;0.0;4948.331;5931.0415;-2862.1333;6472.9243;-342.7011;-1580.9689
2007-09-23;14.515981;-3.624176;0.009759267;754.33374;1.3750759;110.21928;0.0;-7.3453654e-25;99.99998;-7.345365e-21;0.0;-0.48251823;0.0;0.31018257;0.31019002;0.0;0.0;4953.1094;5931.6177;-2939.8613;6332.6045;-335.19;-1632.5111
2007-09-24;13.659627;-8.264293;0.010063171;752.7319;1.2715102;124.19819;0.0;-7.3453654e-25;99.99998;-7.345365e-21;0.0021380838;-0.47158635;0.00010430813;0.3065318;0.30643493;0.0;0.0;5057.5522;6051.414;-3084.5862;6041.3623;-327.59555;-1626.7045
2007-09-25;11.862437;-4.655833;0.010052999;752.99286;1.1792439;159.71815;0.0;-7.3453654e-25;99.99998;-7.345365e-21;0.00044107434;-0.41001663;1.4901161e-05;0.3027916;0.3027767;0.0;0.0;4976.0845;5948.85;-2971.1682;5940.5073;-284.82443;-1824.6633
2007-09-26;11.092072;-3.7115886;0.010302226;754.7844;1.1063288;89.9173;0.0;-7.3453654e-25;99.99998;-7.345365e-21;0.0004351138;-0.43478143;1.4901161e-05;0.29921532;0.29920042;0.0;0.0;4920.6196;5877.391;-2928.736;6012.4243;-302.0289;-1619.1788
2007-09-27;11.967885;-1.0310669;0.010110219;756.2771;1.1762626;55.793118;0.0;-7.3453654e-25;99.99998;-7.345365e-21;0.0021398063;-0.43186545;0.00011920929;0.29578805;0.2956763;0.0;0.0;4801.9424;5730.6978;-2807.7266;6249.1265;-300.00333;-1582.6145
2007-09-28;11.504059;-1.255361;0.009899139;755.1539;1.164179;51.223114;0.0;-7.3453654e-25;99.99998;-7.345365e-21;0.7564604;-0.53779596;0.03786385;0.33009052;0.29222667;0.0;0.0;4474.1562;5334.959;-2580.3218;6423.6807;-373.5889;-1477.8422
2007-09-29;9.362996;-0.2822062;0.009707133;754.7974;1.3893356;39.308636;0.0;-7.3453654e-25;99.99998;-7.345365e-21;2.1867654;-0.78933686;0.117868185;0.4068166;0.28894097;0.0;0.0;3986.0818;4748.9966;-2200.5183;6483.786;-548.32446;-1408.2811
2007-09-30;7.9558105;1.0582987;0.009815216;755.9917;1.0189277;47.858982;0.0;-7.3453654e-25;99.99998;-7.345365e-21;4.727602;-0.966046;0.2834946;0.56926906;0.28577447;0.0;0.0;3767.349;4484.49;-2089.5088;6438.3696;-671.0811;-1180.4288
2007-10-01;8.220174;0.04642741;0.009990692;756.4626;1.0822555;42.641888;0.0;-7.3453654e-25;99.99998;-7.345365e-21;0.94164014;-1.4244318;0.04814565;0.33085048;0.28268993;0.0;0.0;3946.4592;4693.63;-2203.49;6226.3135;-989.50555;-987.3211
2007-10-02;8.612895;-1.0439657;0.009990692;757.10864;1.178331;43.031036;0.0;-7.3453654e-25;99.99998;-7.345365e-21;0.6239742;-1.3791015;0.029817224;0.3094375;0.2796203;0.0;0.0;4275.1255;5080.02;-2284.516;6201.81;-958.01666;-1115.7822
2007-10-03;9.420593;-2.3772175;0.009941101;758.0406;1.2768891;43.732555;0.0;-7.3453654e-25;99.99998;-7.345365e-21;0.009391758;-1.3747718;0.000461936;0.2770126;0.27655065;0.0;0.0;4582.7334;5440.8877;-2548.208;5975.303;-955.00775;-1128.5967
2007-10-04;10.03416;-4.474894;0.009827931;757.84076;1.0465108;76.18091;0.0;-7.3453654e-25;99.99998;-7.345365e-21;0.01604855;-1.2000222;0.0007003546;0.27421117;0.2735257;0.0;0.0;4403.8;5223.9717;-2512.9263;6049.8076;-833.61554;-1053.6677
2007-10-05;9.311279;-3.904775;0.010064443;756.0127;1.0871484;111.53039;0.0;-7.3453654e-25;99.99998;-7.345365e-21;0.26253837;-0.9037238;0.012665987;0.28325617;0.2705902;0.0;0.0;3494.3733;4141.688;-2087.2136;6352.9756;-627.7867;-884.02
2007-10-06;9.550832;-3.5174255;0.009936015;753.94147;1.3650875;171.31989;0.0;-7.3453654e-25;99.99998;-7.345365e-21;0.27727485;-0.8823201;0.013262033;0.2810061;0.26774406;0.0;0.0;3687.1057;4366.3223;-2169.559;6274.9517;-612.9189;-1029.0767
2007-10-07;8.075582;-3.8818157;0.009971619;754.1586;0.85896546;128.56297;0.0;-7.3453654e-25;99.99998;-7.345365e-21;0.0004351138;-0.7285262;1.4901161e-05;0.26495755;0.2649501;0.0;0.0;3873.633;4583.407;-2267.5906;6048.2495;-506.0822;-1223.4745
2007-10-08;8.481049;-2.6978962;0.009782155;756.4795;0.90954834;88.94433;0.0;-7.3453654e-25;99.99998;-7.345365e-21;0.00081956387;-0.69655013;2.9802322e-05;0.26221573;0.26218593;0.0;0.0;3587.474;4240.987;-2111.0608;6340.7275;-483.8689;-984.3011
2007-10-09;9.017558;-2.5194702;0.009864807;757.5346;0.90009147;71.802376;0.0;-7.3453654e-25;99.99998;-7.345365e-21;0.4733503;-0.777862;0.023186207;0.28261542;0.25944412;0.0;0.0;4211.582;4974.5576;-2401.6672;6161.2744;-540.35443;-1196.0911
2007-10-10;9.204285;-3.381663;0.0102551775;756.1849;0.93555874;118.584656;0.0;-7.3453654e-25;99.99998;-7.345365e-21;0.1247108;-0.7431982;0.005841255;0.26258826;0.25673956;0.0;0.0;4117.811;4859.6055;-2379.2656;6202.1035;-516.2756;-1174.1011
2007-10-11;8.201202;-1.5478109;0.01020813;756.0779;1.0128173;108.9331;0.0;-7.3453654e-25;99.99998;-7.345365e-21;1.2100637;-0.66973364;0.06942451;0.323534;0.2541095;0.0;0.0;3630.5479;4280.937;-2137.797;6340.01;-465.24112;-1116.9423
2007-10-12;8.911499;-3.1133015;0.010087331;757.60834;1.0254406;117.24021;0.0;-7.3453654e-25;99.99998;-7.345365e-21;0.03463924;-0.71211904;0.0016540289;0.25320053;0.25153905;0.0;0.0;3721.8223;4384.766;-2252.3005;6168.67;-494.68555;-1050.0411
2007-10-13;10.176036;-4.0415444;0.010245006;757.91437;1.1753716;234.62054;0.0;-7.3453654e-25;99.99998;-7.345365e-21;0.050843604;-0.6401474;0.0023841858;0.2513826;0.24900585;0.0;0.0;3891.179;4580.447;-2199.7766;6307.621;-444.6889;-1171.4078
2007-10-14;10.067555;-1.59965;0.010032654;756.54;1.1805891;240.44957;0.0;-7.3453654e-25;99.99998;-7.345365e-21;0.5672337;-0.63986146;0.027492642;0.27403235;0.24653971;0.0;0.0;3489.8406;4104.557;-1836.4833;6694.5977;-444.49112;-1137.7755
2007-10-15;10.495087;-3.3241985;0.010231018;756.3177;1.3772211;246.01208;0.0;-7.3453654e-25;99.99998;-7.345365e-21;0.74772835;-0.8898992;0.037431717;0.28154254;0.24411827;0.0;0.0;3608.4229;4240.724;-2017.4741;6527.351;-618.18335;-1056.39
2007-10-16;7.4349976;-0.4419047;0.009899139;755.1518;1.2455009;198.45891;0.0;-7.3453654e-25;99.99998;-7.345365e-21;1.7240763;-0.9019617;0.085935;0.32770634;0.24177134;0.0;0.0;3198.834;3758.0266;-1756.7633;6505.5713;-626.5622;-979.3367
2007-10-17;5.208313;-4.27594;0.009971619;752.67267;1.2377672;152.46118;0.0;-7.3453654e-25;99.99998;-7.345365e-21;0.006762147;-0.79553294;0.00031292439;0.23977458;0.23945421;0.0;0.0;4157.223;4882.1733;-2627.2498;5453.7188;-552.63;-1344.1777
2007-10-18;4.626699;-6.938619;0.010092418;754.85205;1.1756959;52.648422;0.0;-7.3453654e-25;99.99998;-7.345365e-21;0.0008523463;-0.6427355;4.4703484e-05;0.23719668;0.23713708;0.0;0.0;4207.973;4940.225;-2768.344;5127.621;-446.48666;-1164.73
2007-10-19;6.0276895;-8.995656;0.009960175;756.57635;0.970258;149.21727;0.0;-7.3453654e-25;99.99998;-7.345365e-21;0.0031739473;-0.5921107;0.00013411045;0.23497641;0.23484975;0.0;0.0;4090.5771;4800.917;-2442.1782;5573.9346;-411.32;-1057.7988
2007-10-20;4.939321;-0.7850647;0.010047913;757.357;0.91384965;173.81557;0.0;-7.3453654e-25;99.99998;-7.345365e-21;3.5907924;-0.6699078;0.20374358;0.4363954;0.23265928;0.0;0.00010803342;2686.0095;3151.5356;-1396.1383;6689.703;-465.3611;-933.8589
2007-10-21;4.5365195;-2.0380452;-4.196148;756.40717;1.0808214;84.86296;0.0020345051;-7.3453654e-25;124.68357;-7.345365e-21;0.5223304;-0.9179544;0.02579391;0.25632977;0.23053586;0.00013783574;0.00010803342;3502.703;4108.4424;-1867.1106;6188.798;-637.67224;-1135.1956
2007-10-22;6.352051;-1.9287415;-4.643934;755.19965;0.94190043;86.05923;0.00081380206;-7.3453654e-25;147.0205;-7.345365e-21;0.05159378;-0.83720315;0.0023841858;0.23077428;0.22838265;8.009374e-05;0.0;3635.7195;4263.0176;-2149.4128;5988.872;-581.57666;-935.00555
2007-10-23;6.649536;-2.1074219;-3.8916104;754.8044;0.9817536;107.942024;0.0;-7.3453654e-25;150.8203;-7.345365e-21;0.07357597;-0.7948503;0.0035762787;0.22980571;0.22624433;5.2154064e-05;0.0;3641.6433;4268.6655;-2116.95;6086.1934;-552.1556;-944.5333
2007-10-24;6.7913513;-3.443034;-4.5575294;756.46216;0.881852;80.56387;0.0;-7.3453654e-25;150.8203;-7.345365e-21;0.32894313;-0.84225464;0.015616417;0.23977458;0.22414327;2.9802322e-05;0.0;3666.524;4296.501;-2291.4377;5903.912;-585.0867;-866.78
2007-10-25;7.4769998;-5.4796042;-4.814008;758.33746;0.96659046;85.35552;0.0;-7.3453654e-25;146.2464;-7.345365e-21;0.0004351138;-0.7802881;2.9802322e-05;0.2220869;0.22206455;1.6763806e-05;0.0;3672.939;4302.7188;-2294.5605;5930.8433;-542.04114;-801.3945
2007-10-26;7.564138;-3.5175781;-1.4468168;758.03107;1.0253718;132.85518;0.0;-7.3453654e-25;113.32615;-7.345365e-21;0.19321442;-0.61860496;0.00923872;0.22928417;0.220038;5.5879354e-06;0.0;3129.3755;3664.7922;-1858.16;6361.9243;-429.72446;-818.3811
2007-10-27;6.787618;-2.463684;0.010035197;755.45233;0.9540608;190.21838;0.0;-7.3453654e-25;99.99998;-7.345365e-21;0.32367474;-0.4917029;0.015243888;0.23332238;0.2180785;0.0;0.0;2886.1184;3378.7888;-1939.0856;6093.9224;-341.57;-897.3222
2007-10-28;4.720703;-4.6375527;0.010031383;753.6899;0.98918706;116.165;0.0;-7.3453654e-25;99.99998;-7.345365e-21;0.14343858;-0.44764206;0.0068843365;0.22307038;0.2161637;0.0;0.0;2864.2878;3352.0989;-1860.9316;6002.0547;-310.96222;-875.91223
2007-10-29;3.961568;-7.4208274;0.009936015;753.49365;0.9400944;174.12303;0.0;-7.3453654e-25;99.99998;-7.345365e-21;0.0;-0.5317489;0.0;0.2142489;0.21425635;0.0;0.0;3618.361;4233.3667;-2364.8955;5465.332;-369.3878;-1113.8
2007-10-30;4.504537;-10.024567;0.0099487305;753.56415;0.8069501;111.56567;0.0;-7.3453654e-25;99.99998;-7.345365e-21;0.00085234636;-0.46432018;4.4703484e-05;0.21240115;0.2123639;0.0;0.0;3669.2678;4291.6924;-2412.7039;5357.8213;-322.5478;-933.6789
2007-10-31;1.9624023;-3.4098613;-4.8168564;753.9023;0.80494756;159.73499;2.7933757;0.00039593378;130.72069;3.0110676;3.215477;-0.6964915;0.1436621;0.3542453;0.21056831;0.12688711;0.63219666;2418.5366;2911.3345;-1556.3292;5938.08;-483.80777;-668.08
2007-11-01;2.0805054;-5.74703;-6.174299;754.42645;0.91713786;75.86826;2.9676921;0.00043495497;149.07616;3.2552083;0.009162565;-0.5424693;0.008523464;0.21734834;0.20880997;0.122459605;8.940697e-05;3038.5723;3629.2778;-1873.407;5755.8613;-376.92334;-821.4511
2007-11-02;3.504008;-5.439036;-7.630362;752.4021;0.87220234;162.90259;2.1778157;0.00032313666;150.30663;2.319336;0.0008523463;-0.5426528;0.007018447;0.21404028;0.20701438;0.104883686;0.0;3495.422;4147.3657;-2312.8071;5331.0615;-377.0189;-748.18665
2007-11-03;3.0176086;-3.6666057;-5.5257034;747.8548;1.369441;248.15443;1.5779623;0.00023376942;150.32811;1.953125;0.09073615;-0.41699594;0.009506941;0.21477044;0.20527095;0.07727742;0.0;2937.7068;3468.7578;-1792.475;5827.122;-289.82;-724.42444
2007-11-04;2.8257244;-3.7384758;-7.845459;751.28534;0.8573827;175.01808;1.0956217;0.00016180675;150.34406;1.2613932;0.007725156;-0.4374152;0.0048726797;0.20843744;0.20355731;0.067288056;0.0;3330.6072;3917.0388;-2285.1873;5288.5767;-303.88223;-849.85333
2007-11-05;2.674937;-5.1300354;-7.733317;754.3252;0.9664927;242.2926;0.74853516;0.00011050701;150.35155;0.9765625;0.00044178564;-0.40458143;0.002771616;0.20465255;0.20186603;0.041000545;0.0;3427.2979;4019.9766;-2232.0989;5298.5728;-281.12332;-815.2489
2007-11-06;3.0267742;-2.3722432;-5.180982;753.5098;1.2260768;229.07106;0.50056964;7.426739e-05;150.35643;0.5289714;8.390764;-0.37811604;0.55488944;0.75511634;0.20020455;0.036556274;0.0;2781.7844;3256.7021;-1605.4939;6019.843;-262.69223;-739.14
2007-11-07;2.682953;0.15772502;-2.1385562;750.05426;1.2340018;205.78365;0.4938151;7.3870026e-05;150.33592;0.44759116;7.4096174;-1.0003569;0.5028397;0.70147216;0.19863248;0.0364054;0.0;2176.0261;2546.4834;-1106.5111;6533.406;-694.9178;-475.26334
2007-11-08;1.8053182;-2.3806865;-4.6107125;751.0532;1.2721355;221.76886;0.3372396;4.9591064e-05;150.37498;-7.345365e-21;0.13327003;-1.0061367;0.009894371;0.20697713;0.19708276;0.024072826;0.0;2554.3716;2984.8123;-1568.7811;5983.453;-698.9911;-710.5244
2007-11-09;-0.13647588;-1.2481817;-2.19627;749.72076;1.2804233;211.2046;7.6413574;0.0012558302;144.54457;8.219401;10.485983;-0.7435065;0.43144822;0.62702596;0.19556284;0.048603863;4.093014;1586.1095;1858.2744;-523.3372;6855.454;-517.1911;-538.4911
2007-11-10;0.9913635;-2.4848964;-5.0723205;749.4576;1.0191895;219.35051;23.286459;0.0034276645;150.06346;22.867838;0.355649;-0.8419715;0.1276657;0.32174587;0.19407272;1.2562051;0.010158867;2311.3528;3093.6533;-1467.2095;5867.04;-588.5011;-549.7844
2007-11-11;-0.6386617;-1.6684507;-2.2285411;748.1076;1.3083975;222.70976;24.116293;0.0039311647;148.63475;25.227865;14.3406;-0.5684756;0.41393936;0.60653687;0.19260496;0.69254637;9.322043;1413.0122;1845.6677;-482.32388;6803.9634;-397.59668;-435.3922
2007-11-12;-2.6931038;-4.7729735;-3.496722;749.23193;1.2911752;145.56047;99.208336;0.02471737;147.8268;165.2832;12.973028;-0.17147139;0.16495585;0.35610795;0.191167;0.27189776;11.111401;874.67725;3381.7678;-1082.8339;5734.1123;-129.69667;-140.33888
2007-11-13;-5.729622;-14.392742;-11.46788;750.93335;1.1218427;204.68721;99.81551;0.025578737;152.48143;167.68391;0.0008940697;-0.1289174;0.015318394;0.20503998;0.18972158;0.19549578;0.0008866191;1103.1011;3920.8044;-1418.39;4569.497;-94.58667;-21.347778
2007-11-14;-4.300184;-10.162786;-9.98181;751.9536;1.0928918;190.7581;99.06055;0.02497983;153.99803;162.31282;0.0004351138;-0.12923777;0.06851554;0.2568364;0.18832088;0.7863529;0.0;1124.2689;3720.6567;-1208.775;4941.7554;-95.17;-33.414444
2007-11-15;-2.3099976;-8.444631;-7.289079;754.88135;1.08825;58.66205;97.993164;0.023319641;155.53319;150.10579;0.0;-0.09632483;0.2001673;0.38707256;0.18692017;2.185352;0.0;1084.6095;3308.3145;-1046.2839;5427.099;-68.613335;-26.632223
2007-11-16;-0.7656148;-7.408966;-6.3266983;755.3985;1.0463017;107.399315;96.348305;0.02086679;158.01952;132.03938;0.0025764229;-0.13738963;0.24333596;0.42888522;0.18554926;2.57539;0.0;1310.2028;3695.899;-1261.206;5357.778;-98.53667;-42.59
2007-11-17;-1.1513265;-8.173279;-8.481312;753.02167;1.0251966;48.67094;93.41992;0.01814127;160.90038;113.11849;0.0012874602;-0.15339255;0.27166307;0.45585632;0.18417835;2.7814283;0.0;1409.1161;3667.0422;-1402.74;5009.7173;-108.67;-18.254444
2007-11-18;-0.68386585;-8.974109;-9.148476;750.1258;0.92216235;184.58873;88.03629;0.015036027;162.44301;93.13965;0.0;-0.20274334;0.32380223;0.5066395;0.1828447;3.201684;0.0;1504.98;3612.1445;-1438.8528;4948.9624;-144.94333;-19.337778
2007-11-19;-0.8513171;-8.038811;-8.340199;751.3528;0.8971395;107.042564;73.84586;0.011958639;163.1839;73.73047;0.0012248755;-0.32693148;0.301674;0.48319995;0.18152595;2.882937;0.00010803342;1697.5562;3412.06;-1390.4277;5140.3335;-232.40334;-79.492226
2007-11-20;-0.2764791;-8.4791155;-4.582377;751.49;0.82506293;213.56065;61.309246;0.010088682;161.07289;62.215168;6.4034104;-0.5175359;0.2912879;0.47153234;0.18022954;2.0995364;4.846223;1728.8983;2999.1377;-1119.4;5812.932;-368.5822;-157.99777
2007-11-21;-2.619222;-3.662618;-0.6471507;747.9641;0.8179608;222.34108;99.158775;0.02759572;142.11327;189.16829;27.30762;-0.2031112;0.44261664;0.62160194;0.17896295;0.61674786;22.788286;371.1861;1303.5911;-281.46;6801.2983;-157.48;-150.63667
2007-11-22;-3.9204814;-5.4148254;-3.3991406;748.8283;0.7026143;188.31715;100.0;0.041094024;150.8701;271.64713;7.144645;-0.12880191;0.009953976;0.18769503;0.17774105;0.06474927;6.586965;616.93335;2336.828;-735.25;6060.811;-97.431114;-101.592224
2007-11-23;-6.251456;-8.493003;-6.2856774;749.8391;0.750623;93.15397;100.0;0.05303669;148.54198;355.02115;15.355349;-0.07772818;0.0039488077;0.18048286;0.17651916;0.008068979;15.083008;566.19775;2230.2412;-525.4178;6025.9883;-58.15111;-96.87556
2007-11-24;-7.2089744;-9.139537;-7.246577;750.7439;0.79095787;86.769714;100.0;0.06285318;151.3994;415.16113;1.1935115;-0.08739717;0.0;0.17534196;0.17533451;0.0;1.166407;698.0428;2916.8577;-715.56055;5730.961;-64.56778;-118.76667
2007-11-25;-9.885172;-15.167648;-14.200142;751.39716;1.2532505;27.831573;100.0;0.06330947;153.8727;411.29556;0.002542138;-0.03509596;0.0;0.17416477;0.17416477;0.0;0.0021122396;871.72833;3552.899;-1390.1677;4296.1377;-23.386667;0.20777778
2007-11-26;-11.924968;-19.356209;-20.409555;751.78485;1.3910085;24.595694;100.0;0.06332656;155.55011;406.81967;0.00087022776;-0.016143546;0.0;0.17300248;0.17301738;0.0;0.0;907.915;3601.7822;-1254.2167;3937.5186;-9.417778;84.59778
2007-11-27;-8.115594;-19.87539;-18.934757;750.8564;1.1429138;92.946815;100.0;0.06333792;156.93683;403.361;0.0;-0.040344894;0.0;0.1718998;0.1718849;0.0;0.0;843.2611;3259.4077;-863.68555;4546.117;-28.02;91.297775
2007-11-28;-5.227783;-10.586568;-11.989413;747.52203;1.097658;218.37616;100.0;0.06439825;157.7298;407.26724;5.762714;-0.02858974;0.0;0.17078221;0.17078221;0.0;5.760405;804.3439;3027.578;-452.25665;5652.7866;-19.02;5.9322224
2007-11-29;-6.115995;-7.299106;-6.1540008;747.17535;1.1941766;136.80894;100.0;0.07159225;154.25551;463.58237;2.459064;-0.0644438;0.0;0.16967952;0.16968697;0.0;2.415169;585.76276;2369.2156;-783.35443;5781.5776;-47.866665;-86.11667
2007-11-30;-9.060871;-19.940086;-16.944298;752.11346;1.3068446;118.692444;100.0;0.07208049;157.11131;459.3099;0.0006496906;-0.03845431;0.0;0.16860664;0.16860664;0.0;0.00021606684;900.1289;3533.1055;-1400.5322;4007.7239;-26.372223;91.58667
2007-12-01;-3.2289608;-20.224785;-13.775058;749.96313;0.8709869;260.96265;100.0;0.072112046;159.1559;453.4912;0.6519884;-0.08595083;0.0;0.16754866;0.16754866;0.0;0.61010194;825.1211;3153.4966;-508.28888;5435.1177;-62.775555;55.323334
2007-12-02;-5.007979;-6.3337646;-6.6108246;742.6247;0.6000642;174.57349;100.0;0.07928363;154.64125;511.35254;11.043161;-0.0013401732;0.0;0.16652048;0.16652048;0.0;10.837711;239.57;945.0022;-165.00667;6435.5513;-0.37222221;-28.223333
2007-12-03;-6.878681;-10.380428;-9.060593;746.24347;0.8474026;124.76507;100.0;0.08444365;155.11652;544.7998;0.43556094;-0.060088933;0.0;0.1654923;0.1654923;0.0;0.4274547;703.2489;2873.449;-1019.37;5166.456;-43.185555;-58.13778
2007-12-04;-7.8444405;-12.239623;-12.932315;749.67285;0.93404084;59.49059;100.0;0.084577955;158.55467;533.44727;0.013446808;-0.017473474;0.0;0.16447902;0.16447902;0.0;0.012151897;780.3611;3100.2888;-995.1445;4874.0845;-10.549444;-7.5688887
2007-12-05;-6.254522;-10.126244;-11.315194;751.174;0.7946427;104.438255;100.0;0.08509076;160.96124;528.6865;0.832662;-0.0008698553;0.0;0.16349554;0.16349554;0.0;0.8287169;432.2489;1668.1812;-231.79944;5967.1;0.8811111;-0.9866667
2007-12-06;-4.188151;-5.5926895;-5.8437896;749.3404;0.7198903;79.2893;100.0;0.09040972;162.19301;554.2399;28.55454;-0.0150203705;0.042378902;0.20489097;0.16252697;0.0;25.044958;472.21222;1794.2167;-136.55112;6551.081;-9.962222;-44.93889
2007-12-07;-3.247528;-3.9891968;-0.89201736;745.0516;1.0401675;208.7229;100.0;0.13095565;156.0462;837.6058;18.777699;-0.16475934;0.028669834;0.19022822;0.16156584;0.025691465;17.09487;458.765;1874.4722;-557.81335;6432.9365;-127.16944;-156.02444
2007-12-08;-4.1706643;-5.3631997;-2.6515503;747.9528;0.855273;160.18352;100.0;0.13581018;166.06313;819.5801;0.6569445;-0.16087201;0.0;0.16061962;0.16061217;0.0;0.64709413;705.75665;2529.7666;-753.5722;6087.057;-122.812225;-132.43777
2007-12-09;-7.4508643;-9.659825;-7.0021605;748.8946;0.9523161;53.267517;100.0;0.13593447;174.56183;779.78516;0.009194016;-0.105130486;0.0;0.15966594;0.15968084;0.0;0.007480383;825.5405;2862.5278;-1189.71;5113.4453;-79.12222;-133.58444
2007-12-10;-7.7624297;-11.270156;-10.903431;749.7134;0.9294966;68.703674;100.0;0.13593347;179.86913;756.38837;0.07030666;-0.02890639;0.0;0.15875697;0.15875697;0.0;0.067308545;875.76166;2968.5845;-911.62946;5160.7476;-19.59111;-35.815556
2007-12-11;-4.1471457;-5.188761;-7.0980835;750.84015;0.6649434;132.84814;100.0;0.1369919;183.83006;745.40204;1.5856524;-0.010757707;0.0;0.1578629;0.15785545;0.0;1.542963;441.94333;1486.8556;36.666668;6753.4644;-7.136667;-40.704445
2007-12-12;-4.667277;-7.2582145;-6.268097;751.1094;0.9740729;83.6594;100.0;0.1376177;189.69887;726.48114;0.002720952;-0.071631745;0.0;0.15696883;0.15696138;0.0;0.002719462;848.3567;2854.3767;-1176.4227;5265.6367;-52.553333;-79.638885
2007-12-13;-4.5717673;-5.7518487;-6.9931755;747.8576;1.0874556;162.11156;100.0;0.1381139;194.51268;710.0423;1.8171549;-0.0075856224;0.0;0.15607476;0.15607476;0.0;1.758147;556.29;1831.1244;-113.87111;6550.6294;-4.2366667;-28.465555
2007-12-14;-3.5978801;-4.2261558;-3.5141094;746.47394;1.1830825;189.12242;100.0;0.14548893;194.97589;744.9544;14.373126;-0.08026138;0.0;0.1552105;0.15521795;0.0;13.886266;382.75888;1340.1045;-229.37723;6656.033;-61.664444;-94.27889
2007-12-15;-3.985101;-5.2179375;-3.7026188;749.9583;0.76405936;158.71852;100.0;0.15453477;194.66176;795.08466;0.5921006;-0.083096325;0.0;0.15436113;0.15436113;0.0;0.5363859;593.3261;2368.3723;-695.07556;6062.9956;-61.97889;-81.81
2007-12-16;-6.4692407;-9.930654;-7.510723;749.19305;0.9790345;43.860584;100.0;0.15462358;201.09438;770.06024;0.0055730343;-0.074723735;0.0;0.15351176;0.15351176;0.0;0.0055730343;740.5328;2859.6833;-1261.6516;4958.4644;-55.175556;-84.49555
2007-12-17;-8.151947;-10.211577;-11.303818;747.4196;0.89501214;82.7293;100.0;0.15642588;202.78741;771.24023;3.2634587;0.014486723;0.0;0.1526922;0.1526773;0.0;3.1365194;543.8261;2071.4744;-771.1572;5241.3813;12.718889;-11.586667
2007-12-18;-9.763802;-11.44097;-11.593762;745.4666;0.9477615;243.57526;100.0;0.15869515;203.16469;781.2907;2.4363935;0.0023376197;0.0;0.15185773;0.15186518;0.0;2.4159737;547.5011;2097.7412;-497.17834;5574.3223;3.298889;-35.92
2007-12-19;-11.312205;-13.675618;-11.115944;740.93774;0.97665215;199.14258;100.0;0.16340292;197.40883;827.1077;6.468254;-0.05994644;0.0;0.15106052;0.15105307;0.0;6.399065;597.6811;2339.9255;-781.7811;5261.8706;-45.166668;-103.47889
2007-12-20;-13.240336;-19.67158;-16.735413;745.61224;1.013805;99.95611;100.0;0.16689236;193.26332;864.13574;0.0019490719;-0.024234876;0.0;0.15024841;0.15025586;0.0;0.0006556511;783.14;3133.6646;-1495.6938;3797.3271;-16.485556;2.62
2007-12-21;-12.738197;-20.01809;-20.555275;746.4282;1.0188229;42.280552;100.0;0.16690333;195.6878;853.88184;0.0008702277;-0.0048717484;0.0;0.14947355;0.1494661;0.0;0.0;810.3417;3159.2888;-1203.5505;3927.2131;-1.8811111;56.538887
2007-12-22;-13.610293;-19.958681;-21.921686;749.09845;1.3300841;10.020757;100.0;0.16692634;197.62823;845.54034;0.0034396672;0.0055301934;0.0;0.14869124;0.14869124;0.0;0.0;831.9511;3163.1877;-1172.4164;3891.592;6.088889;88.88333
2007-12-23;-14.328311;-21.208609;-22.860352;751.47406;1.5597377;8.3870125;100.0;0.1669544;199.36586;838.2161;0.00043511385;0.0076182187;0.0;0.14792383;0.14791638;0.0;0.0;868.57;3222.0166;-1226.8883;3768.5122;7.7044444;125.36889
2007-12-24;-14.265206;-22.91675;-23.799713;751.7515;1.7161344;9.911415;100.0;0.16697876;200.95245;831.70575;0.0;0.002561137;0.0;0.14716387;0.14716387;0.0;0.0;905.41943;3279.4155;-1353.4333;3546.7383;3.7666667;164.60556
2007-12-25;-14.856613;-22.757858;-24.79162;750.9226;1.6854644;12.181938;100.0;0.16700165;202.3841;825.8464;0.0008357025;0.007610768;0.0;0.14641881;0.14641881;0.0;0.0;929.02;3287.1611;-1303.1627;3538.7559;7.5077777;161.30667
2007-12-26;-14.74805;-19.801912;-24.485525;752.7619;1.6738747;13.44212;100.0;0.1670357;203.74965;820.5159;0.0010609627;0.024095178;0.0;0.14567375;0.14567375;0.0;0.00017881393;916.22;3171.601;-1177.4756;3738.8445;20.143333;140.11111
2007-12-27;-16.13484;-22.77889;-24.385473;752.75885;1.6039108;9.649487;100.0;0.16707058;205.1253;815.14484;0.0015497208;0.009322539;0.0;0.1449436;0.1449436;0.0;0.0015571713;962.99445;3257.2756;-1292.0656;3593.9263;8.795555;121.83444
2007-12-28;-13.033816;-24.123526;-23.978846;750.2957;1.3015703;9.377738;100.0;0.16708986;206.49022;810.0179;0.0008523463;-0.008301809;0.0;0.14424324;0.14422089;0.0;0.0;904.22833;2992.119;-1066.6844;3916.3254;-4.806667;124.12556
2007-12-29;-13.404384;-23.022772;-22.879084;747.08;1.1005692;25.183151;100.0;0.16712527;207.8369;804.7282;0.25542334;-0.013682991;0.0;0.14351308;0.14351308;0.0;0.25279075;1000.7889;3243.2;-888.7711;4217.4976;-8.792222;64.975555
2007-12-30;-12.113299;-15.17957;-18.133146;746.378;0.8368581;56.288746;100.0;0.16857755;204.56639;824.58496;1.3425946;0.0068321824;0.0;0.14281273;0.14280528;0.0;1.3376623;754.0733;2493.531;-694.6411;4872.7104;6.779444;-7.671111
2007-12-31;-14.223164;-16.838678;-18.143213;747.0157;0.9768264;55.930935;100.0;0.16892128;205.8535;821.5739;0.05735755;0.0030444935;0.0;0.14211237;0.14211237;0.0;0.054240227;907.1028;2944.8188;-973.72833;4464.8184;4.0833335;-32.696667
2008-01-01;-12.747787;-18.758577;-17.561363;746.3159;1.0139891;86.71448;100.0;0.16897385;208.01137;813.2324;0.01332151;-0.012516975;0.0;0.14142692;0.14142692;0.0;0.012844801;866.29333;2759.1267;-822.12555;4735.1426;-7.9711113;-19.485556
2008-01-02;-8.996262;-17.35106;-16.758234;745.1849;0.7692577;287.4058;100.0;0.16899769;210.34406;804.03644;0.013235211;-0.017318875;0.0;0.14074147;0.14073402;0.0;0.010173768;995.5139;3106.8489;-1134.96;4427.0913;-11.094444;26.182222
2008-01-03;-9.583871;-12.184776;-16.28878;747.1985;0.8759586;130.48317;100.0;0.16903086;212.69887;795.4915;0.015133619;0.017508864;0.0;0.14007092;0.14006346;0.0;0.01212582;963.0711;2946.01;-846.89667;4820.2256;15.371111;1.2288889
2008-01-04;-9.213589;-11.391627;-13.291347;748.2032;0.7430118;76.828636;100.0;0.16936684;214.70213;789.30664;2.4602733;-0.011803582;0.0;0.13938546;0.13940036;0.0;2.4509504;938.49;2814.8723;-589.0489;5434.6704;-7.141111;-62.275555
2008-01-05;-9.711773;-11.501243;-10.711953;742.9886;0.7644442;113.71722;100.0;0.18537278;189.48827;976.7659;17.489632;-0.010521151;0.0;0.13872981;0.13873726;0.0;17.478415;571.59;2344.2012;-684.23083;5440.1465;-6.5044446;-73.02778
2008-01-06;-14.945908;-19.357576;-14.552981;744.6867;1.7785463;25.705093;100.0;0.19068877;185.25812;1030.2734;0.472489;-0.058127567;0.0;0.13808906;0.13808161;0.0;0.46529993;793.27167;3254.301;-1429.0745;4107.155;-43.064445;-31.016666
2008-01-07;-18.808134;-24.417608;-20.427488;743.21454;1.5162107;17.296785;100.0;0.19074269;188.5807;1012.4512;0.01207292;-0.023022294;0.0;0.13743341;0.13744086;0.0;0.010348856;852.3322;3402.219;-1567.6934;3436.3174;-16.10111;-23.983334
2008-01-08;-19.314783;-28.38413;-25.1076;741.19745;1.0836096;69.024605;100.0;0.19075072;190.6839;1001.30206;0.005675186;-0.017451122;0.0;0.13680756;0.13680756;0.0;0.0030994415;879.39276;3418.3567;-1213.4928;3551.5605;-11.914444;23.624445
2008-01-09;-19.425182;-25.805212;-26.673231;743.3496;1.1844206;21.620422;100.0;0.19076307;192.31932;993.16406;0.0008553266;-8.009374e-05;0.0;0.13616681;0.13617426;0.0;7.4505806e-06;920.5939;3490.2878;-1325.8833;3316.0527;1.3066666;49.70222
2008-01-10;-19.549534;-26.068705;-27.92418;743.68115;1.2732462;25.508993;100.0;0.1907798;193.74281;985.7585;0.000450015;0.0008447096;0.0;0.13555586;0.13555586;0.0;1.4901161e-05;945.56335;3498.6467;-1240.0278;3357.365;2.011111;73.12111
2008-01-11;-18.481548;-22.95224;-26.932907;743.5003;1.6732408;20.901337;100.0;0.19089766;194.88246;980.3467;0.23398697;0.014046207;0.0;0.13493001;0.13493747;0.0;0.2268739;771.3467;2793.4055;-664.63776;4182.5527;11.925555;82.87889
2008-01-12;-16.877495;-21.237053;-25.6625;746.0425;1.5184792;23.96358;100.0;0.1910681;196.10284;975.09766;0.009047985;0.015497208;0.0;0.13433397;0.13432652;0.0;0.008098781;984.22614;3489.8667;-1257.4836;3534.3206;13.408889;80.155556
2008-01-13;-18.732574;-23.134657;-26.00149;747.6103;1.7463237;20.287891;100.0;0.19111633;197.58722;967.8548;0.022500753;0.013459474;0.0;0.13372302;0.13373047;0.0;0.019881874;1018.3489;3530.88;-1287.9233;3482.5803;11.826667;83.05444
2008-01-14;-18.419271;-24.615234;-26.638689;748.1651;1.8290907;17.620684;100.0;0.19115348;199.02342;961.0596;0.0035643578;0.0060927123;0.0;0.13312697;0.13312697;0.0;0.0031292439;1059.2267;3589.8323;-1410.6191;3287.9766;6.232222;109.045555
2008-01-15;-17.098574;-27.874262;-27.462389;749.18463;1.7117816;10.254933;100.0;0.1911699;200.36359;954.7119;0.0;-0.010792166;0.0;0.13253093;0.13254583;0.0;0.0;1120.655;3714.1223;-1445.7386;3204.1777;-6.6433334;150.96666
2008-01-16;-14.810472;-27.967155;-26.895416;751.5599;1.3588008;6.746189;100.0;0.19117995;201.65492;948.73047;0.0008702277;-0.014346093;0.0;0.13194978;0.13195723;0.0;0.0;1155.3922;3747.9033;-1040.6686;3775.3308;-9.392222;126.70111
2008-01-17;-11.64334;-25.922737;-22.896423;753.1721;1.0397929;50.3223;100.0;0.1911813;203.2451;941.2842;0.003264941;-0.030443072;0.0;0.13136864;0.13137609;0.0;0.00067055225;1145.7716;3639.6123;-1084.7966;4070.1047;-21.312222;73.71555
2008-01-18;-12.67379;-21.520693;-21.890219;751.25323;1.3362843;17.98176;100.0;0.19119036;205.11977;932.9427;0.0012814989;-0.014525838;0.0;0.1308024;0.13079494;0.0;0.0;1190.8116;3705.4312;-1333.2389;3820.9111;-8.892222;79.46
2008-01-19;-12.445661;-22.317068;-21.799835;749.038;1.2144514;18.861155;100.0;0.19120371;207.01756;925.0081;0.0008583069;-0.020672567;0.0;0.1302287;0.1302287;0.0;0.0;1228.5789;3746.6177;-1385.7744;3756.135;-13.582222;74.837776
2008-01-20;-12.3452635;-22.601807;-21.425531;747.78613;1.0923779;79.31826;100.0;0.19121067;208.9046;916.58527;0.0004351138;-0.015923753;0.0;0.1296699;0.12966245;0.0;0.0;1256.0555;3755.5444;-1406.7086;3774.258;-10.54;56.487778
2008-01-21;-14.573781;-23.22445;-21.903152;747.4658;1.2389811;32.061943;100.0;0.19122104;210.73729;908.488;0.0017252441;-0.013157725;0.0;0.12910366;0.12910366;0.0;0.0;1305.9055;3829.8723;-1487.4789;3623.1836;-8.426666;47.45111
2008-01-22;-11.38746;-21.346975;-20.748621;746.58954;1.4599838;14.551486;100.0;0.19123025;212.5475;900.6755;0.0034335817;-0.017744489;0.0;0.12856722;0.12855232;0.0;0.0;1317.3717;3790.25;-1154.3572;4187.845;-11.684444;78.437775
2008-01-23;-9.490787;-15.805272;-17.030962;743.64886;1.3231852;18.564152;100.0;0.19170146;214.13182;895.91473;1.058771;5.9604645e-05;0.0;0.12800097;0.12800843;0.0;1.0534935;687.1017;1945.76;-462.49417;5288.943;0.8333333;58.336666
2008-01-24;-8.073273;-14.267311;-15.320346;746.81696;1.0400473;59.25333;100.0;0.1923142;216.06639;891.23535;0.0;-0.010514632;0.0;0.12746453;0.12746453;0.0;0.0;1315.9833;3784.131;-1377.8861;4346.7695;-5.732222;8.356667
2008-01-25;-8.805726;-14.601662;-15.338681;746.4444;0.94102573;56.836376;100.0;0.19233072;218.85252;880.0456;0.0021413343;-0.013613142;0.0;0.12691319;0.12692064;0.0;0.0;1359.0956;3836.2666;-1442.3336;4260.0547;-8.202222;-8.441112
2008-01-26;-12.363083;-15.654386;-15.231056;742.1595;1.1115502;32.389324;100.0;0.19234805;221.46352;869.38477;0.05831821;-0.049528666;0.0;0.12639165;0.12639165;0.0;0.054895878;1256.0656;3485.1833;-1115.6311;4640.6973;-36.824444;-78.30556
2008-01-27;-11.938382;-14.060265;-13.373276;741.66754;1.057901;141.46562;100.0;0.19262369;223.47362;862.8743;1.1612982;-0.09264145;0.0;0.12587011;0.12586266;0.0;1.1554136;1156.2;3158.1455;-572.7772;5471.2524;-71.05889;-175.29778
2008-01-28;-9.758752;-11.1007185;-10.239612;742.7657;1.1391994;204.64294;100.0;0.19622628;219.0794;894.85675;8.693161;-0.08658692;0.0;0.12534857;0.12534857;0.0;8.682124;670.4083;1968.0344;-183.46278;6143.2656;-67.10111;-178.36667
2008-01-29;-7.3752646;-8.251391;-7.7462883;741.7588;1.2290896;169.63701;100.0;0.22232859;191.7591;1156.6976;40.946945;-0.038513914;0.0;0.12484193;0.12482703;0.0;40.938587;293.13;1210.2533;36.593334;6592.7856;-29.557777;-113.48889
2008-01-30;-8.549811;-10.536208;-7.2348847;736.00775;0.88997555;154.15338;100.0;0.27318808;166.4518;1637.6547;36.794468;-0.11109933;0.0;0.12432039;0.12432784;0.0;36.665062;379.035;1656.1666;-342.39944;6109.255;-85.79889;-145.11778
2008-01-31;-9.7892;-12.897923;-9.387669;738.7622;0.6308684;75.48499;100.0;0.29190055;167.6598;1742.391;9.503174;-0.086434186;0.0;0.12382865;0.1238212;0.0;9.5003805;492.68332;2141.9856;-774.30835;5380.63;-65.73778;-102.42
2008-02-01;-11.552392;-14.069381;-13.293443;745.3737;0.8487291;76.34216;100.0;0.2940569;176.47752;1669.393;0.09247661;-0.029239804;0.0;0.12332201;0.12331456;0.0;0.08844957;901.18835;3820.0532;-994.6689;4799.1865;-19.671112;-109.75889
2008-02-02;-13.275493;-19.336985;-16.324385;747.19916;1.1068169;52.01714;100.0;0.2941124;183.72491;1603.1901;0.002503395;-0.03819447;0.0;0.12281537;0.12281537;0.0;0.0024810433;1025.0989;4228.3057;-1552.6389;3851.774;-26.424444;-43.51
2008-02-03;-12.961728;-21.850122;-20.097677;751.27594;1.4950191;18.079226;100.0;0.2941245;188.69757;1560.2213;0.0024020837;-0.030754134;0.0;0.12230873;0.12231618;0.0;0.000692904;1091.8761;4380.811;-1494.5083;3661.3298;-20.385555;59.71
2008-02-04;-11.255821;-22.318718;-21.69158;753.1049;1.4111387;17.63291;100.0;0.2941371;192.50356;1529.8258;0.00043511385;-0.028694049;0.0;0.12181699;0.12181699;0.0;0.0;1136.6566;4443.67;-1429.6411;3661.7607;-18.875555;107.458885
2008-02-05;-11.636826;-23.04368;-22.211222;752.3228;1.2412626;24.23095;100.0;0.29414865;195.85643;1503.9062;0.0008523463;-0.030461699;0.0;0.121325254;0.121332705;0.0;0.0;1168.62;4454.332;-1304.4567;3791.808;-20.31;83.92333
2008-02-06;-9.436351;-22.46536;-21.452072;752.6429;1.0567172;46.0333;100.0;0.29415715;199.11652;1479.2887;0.0008523463;-0.037718564;0.0;0.12084842;0.12084097;0.0;0.0;1198.9166;4458.352;-1260.1844;3942.8342;-25.693333;92.02556
2008-02-07;-8.499505;-23.479109;-20.746054;751.3501;0.9619119;69.30129;100.0;0.29416093;202.4453;1455.2002;0.0008523463;-0.04607532;0.0;0.12035668;0.12036413;0.0;0.0;1243.2961;4513.64;-1263.1533;3996.6826;-32.1;74.454445
2008-02-08;-7.4209404;-20.591784;-17.90381;750.8034;0.78622633;65.00753;100.0;0.29455832;205.65167;1433.8379;2.3074253;-0.056596473;0.0;0.11986494;0.11987984;0.0;2.2245684;1080.1956;3832.141;-386.5639;5372.8833;-40.335556;9.894444
2008-02-09;-6.601912;-10.242002;-13.461536;754.38544;0.94587517;59.11482;100.0;0.29672036;208.3421;1426.5543;0.0949204;-0.0073891133;0.0;0.119403005;0.119403005;0.0;0.09320676;1204.175;4370.742;-1268.5466;4647.3936;-1.5744444;-30.282223
2008-02-10;-6.994757;-16.520021;-15.1538315;753.4554;1.1229786;41.066563;100.0;0.29675674;213.44887;1392.456;0.0008642673;-0.04876405;0.0;0.11892617;0.11893362;0.0;0.0;1325.1289;4696.792;-1633.7472;3980.1812;-33.035557;35.435555
2008-02-11;-6.1137414;-13.931485;-15.006101;748.31647;0.89139795;82.21923;100.0;0.29916725;215.73273;1386.149;12.867424;-0.026501715;0.0;0.11844933;0.11846423;0.0;12.682166;1173.2128;4067.021;-660.765;5260.025;-17.04889;-4.88
2008-02-12;-6.806652;-8.66394;-10.186863;744.3077;0.85051364;121.11001;100.0;0.3250861;200.34406;1620.4427;19.820381;-0.003141351;0.0;0.118002295;0.118002295;0.0;19.815237;581.00665;2515.9866;-222.05444;6153.295;-0.17222223;-69.92
2008-02-13;-6.843361;-8.298478;-8.4110155;745.936;0.78611225;227.01863;100.0;0.3328563;204.17706;1632.4056;2.8492956;-0.03822893;0.0;0.11754036;0.11754781;0.0;2.8382912;825.9144;3526.6045;-553.79584;5877.741;-26.332222;-140.26778
2008-02-14;-7.6552606;-9.070843;-7.69832;743.7683;0.9665708;200.81091;100.0;0.33872247;209.88246;1614.502;8.044082;-0.07576123;0.0;0.117093325;0.117093325;0.0;8.035433;720.54333;3046.2922;-493.6372;5972.2856;-56.43667;-159.47333
2008-02-15;-7.465168;-8.826655;-7.2693686;741.7183;0.80887884;201.57147;100.0;0.34762546;212.0934;1639.8519;7.0683837;-0.086490065;0.0;0.11664629;0.11664629;0.0;7.0605836;674.10223;2883.139;-523.2222;5963.1543;-64.884445;-151.66777
2008-02-16;-9.252702;-11.119115;-8.40609;747.8073;1.1543971;176.32202;100.0;0.35045564;219.14256;1601.3184;0.9864152;-0.11543371;0.0;0.116199255;0.116199255;0.0;0.98251927;1044.7084;4379.992;-1000.3847;5252.749;-86.01556;-219.39555
2008-02-17;-7.275973;-9.980329;-9.320079;749.2872;0.6678714;207.28108;100.0;0.35085055;226.48793;1551.0254;0.2998352;-0.065568835;0.0;0.11575222;0.11575222;0.0;0.2901703;1055.6217;4307.445;-993.5075;5219.7324;-46.49222;-157.7
2008-02-18;-5.0114746;-7.6850867;-8.065015;746.4363;0.675989;145.92844;100.0;0.3545935;230.12433;1540.0391;13.343424;-0.05516596;0.0;0.115305185;0.115312636;0.0;12.936309;840.99835;3388.9172;-308.83804;6287.231;-38.815556;-101.335556
2008-02-19;-9.502978;-11.55914;-7.082587;739.0577;1.8166302;203.29942;100.0;0.37707913;221.17902;1703.2877;17.140675;-0.23735501;0.0;0.11487305;0.1148805;0.0;17.060764;809.99;3509.4866;-694.61304;5694.5547;-182.80779;-337.44446
2008-02-20;-12.673795;-15.642915;-10.693109;745.0801;1.1974027;207.26234;100.0;0.38439643;222.05434;1732.2592;2.67815;-0.16957335;0.0;0.11444092;0.11444837;0.0;2.647333;935.7611;4001.945;-1193.5006;4726.12;-129.72112;-283.78418
2008-02-21;-10.409665;-19.786375;-15.156293;752.40326;1.0015589;91.34562;100.0;0.38534728;226.87498;1699.8698;0.0004351138;-0.07401407;0.0;0.114008784;0.114008784;0.0;0.0;1256.4867;5245.81;-1616.914;3886.8245;-52.351112;-67.59778
2008-02-22;-9.111992;-19.539461;-16.650969;753.38983;1.0678695;53.579975;100.0;0.3853433;231.33624;1667.3177;0.0008583069;-0.06449781;0.0;0.11357665;0.1135841;0.0;0.0;1295.4784;5264.844;-1431.7195;4082.3555;-44.896667;-11.5
2008-02-23;-7.742083;-18.32476;-16.828354;752.16895;1.0111542;101.78155;100.0;0.38534737;235.31573;1639.0381;0.0017151315;-0.06283261;0.0;0.11315942;0.11315197;0.0;0.0;1316.3234;5210.7373;-1356.6984;4200.616;-43.505554;0.21722223
2008-02-24;-6.151226;-14.380923;-15.363052;749.5491;0.77183104;86.8769;100.0;0.38541234;239.19691;1612.5488;0.14845431;-0.046366826;0.0;0.112727284;0.112727284;0.0;0.14466792;1225.0316;4723.3345;-673.615;5228.9688;-31.303333;-53.322224
2008-02-25;-6.8497214;-11.195758;-11.757221;747.4238;1.3229145;26.362207;100.0;0.38874665;241.31183;1609.7006;14.227221;-0.019986182;0.0;0.11231005;0.11231005;0.0;14.086794;661.93835;2528.75;-210.79167;6042.9155;-13.467778;-4.311111
2008-02-26;-5.6719794;-7.713712;-8.591142;745.586;0.7675147;74.49321;100.0;0.4135517;228.34113;1810.3027;14.788649;-0.01029484;0.0;0.11190772;0.11190027;0.0;14.584355;625.95;2700.9316;-603.4767;5809.4985;-5.382222;-71.88
2008-02-27;-6.1433005;-10.2701;-9.752758;751.0815;0.98204255;58.46964;100.0;0.41691148;234.40492;1780.9652;0.010576292;-0.060984865;0.0;0.11149049;0.11149049;0.0;0.009633601;1151.8733;4874.4185;-1166.2322;4999.69;-41.2;-124.79139
2008-02-28;-4.136294;-11.129231;-11.013263;754.34406;0.95286065;103.349335;100.0;0.4169322;241.23761;1730.6315;0.0009568432;-0.067858025;0.0;0.111073256;0.111073256;0.0;0.00010430813;1349.9506;5560.412;-1488.3411;4508.637;-45.782223;-48.081112
2008-02-29;-3.7413433;-10.495355;-11.065582;751.712;0.89054984;94.44928;100.0;0.41694435;247.09047;1689.3717;0.0034272661;-0.06504357;0.0;0.11065602;0.11066347;0.0;0.0;1303.9283;5231.4434;-1184.6984;4936.6255;-44.31;-68.91333
2008-03-01;-4.1919656;-6.617025;-10.329478;749.51904;0.8232477;99.018486;100.0;0.41711497;252.54457;1653.361;0.21754801;-0.015792437;0.0;0.11025369;0.11024624;0.0;0.18948689;1269.215;4965.1416;-826.335;5457.7246;-7.0666666;-115.23417
2008-03-02;-4.0023704;-6.9007773;-7.6571755;746.54425;0.8428897;162.91795;100.0;0.41724002;258.52017;1616.0889;0.19777417;-0.08779578;0.0;0.10985136;0.10984391;0.0;0.18442795;1417.8127;5414.0244;-1027.7694;5513.7246;-61.15;-167.3836
2008-03-03;-4.6248474;-5.5615335;-5.9059854;741.4793;0.76508623;224.65761;100.0;0.42506775;259.10318;1640.0146;16.869183;-0.07179007;0.0;0.10943413;0.10944158;0.0;16.36926;701.0853;2692.6396;-263.40778;6490.8765;-53.417778;-145.04
2008-03-04;-4.4896545;-13.028914;-6.827947;746.22144;0.91171294;194.31854;100.0;0.43502438;258.15332;1687.2152;0.3938079;-0.15273504;0.0;0.1090467;0.10903925;0.0;0.39378554;1382.1683;5787.168;-1752.7252;4514.662;-110.94556;-151.79889
2008-03-05;-1.3239542;-13.55952;-9.4313545;753.20795;1.0531815;95.2868;100.0;0.43500745;264.15137;1648.8851;0.0008583068;-0.1287181;0.0;0.108629465;0.108636916;0.0;0.0;1459.5723;5944.602;-1588.1381;4558.039;-91.34556;-2.1408334
2008-03-06;-0.12946574;-14.302396;-9.356995;753.3942;0.9763336;147.93024;100.0;0.43497634;269.2373;1617.2689;0.0017359807;-0.14249516;0.0;0.108227134;0.108234584;0.0;0.0;1323.3064;5249.8496;-1211.2489;5089.3022;-103.0;-5.3177776
2008-03-07;-0.713033;-11.290558;-8.964844;753.731;0.9898167;84.96039;100.0;0.43494618;274.1058;1588.6637;0.0017166131;-0.12299698;0.0;0.1078397;0.1078248;0.0;0.0;1528.9839;5912.4453;-1391.9756;4936.3423;-87.12889;-53.38
2008-03-08;0.34810385;-11.120331;-8.912639;756.1171;1.0377792;55.078648;100.0;0.43493986;278.73013;1562.0931;0.0004351138;-0.048441812;0.0;0.10745227;0.10744482;0.0;0.0;1618.672;6105.2446;-1563.7317;4739.1226;-34.463333;-30.138334
2008-03-09;2.9503887;-11.101949;-7.4608054;756.12335;0.8627092;123.582924;100.0;0.4349595;283.27344;1537.2721;0.08220971;-0.07053837;0.0;0.107079744;0.107072294;0.0;0.0;1339.3613;4929.0176;-887.695;5737.9424;-52.341667;-2.8555555
2008-03-10;2.8854675;-9.938008;-5.3344474;753.2198;0.83525085;229.12279;100.0;0.4350786;288.3519;1510.8236;0.8034587;-0.11247676;0.0;0.10672212;0.106699765;0.0;0.005789101;1594.3981;5724.931;-1058.4133;5695.9863;-84.66944;-104.952225
2008-03-11;0.9193929;-5.4428406;-3.3087895;749.4965;0.83535486;225.3278;100.0;0.4358401;294.40952;1482.6254;0.15643835;-0.18597302;0.0;0.106319785;0.106319785;0.0;0.0013746321;1701.9036;5860.7827;-1387.705;5452.7188;-135.45334;-132.8975
2008-03-12;-0.98821;-5.0791526;-3.9911754;747.4631;0.8396306;162.2305;100.0;0.43577865;300.5293;1452.7588;0.0008523463;-0.19990653;0.0;0.105917454;0.105924904;0.0;0.0;1843.2905;6109.9165;-1768.5688;4863.007;-147.45111;-153.3025
2008-03-13;-1.5612894;-3.6113892;-3.8588307;741.5516;0.6122021;120.63639;100.0;0.44249007;299.5293;1477.5391;26.156738;-0.07423852;0.022538006;0.12809038;0.105544925;0.0;24.066296;1273.7289;4094.9387;-669.8861;6218.3955;-52.71;-120.76056
2008-03-14;-3.7113037;-4.281545;-1.9861704;738.9003;1.2617501;206.27736;100.0;0.4707587;279.04428;1686.6455;25.545195;-0.27371013;0.013783574;0.11895597;0.10517985;0.11291355;25.096714;927.0261;3894.3804;-414.6722;6606.743;-210.0711;-404.0478
2008-03-15;-5.974518;-7.9104905;-3.3398743;741.60913;1.1041728;200.15216;100.0;0.49739456;263.7334;1887.5326;10.384888;-0.34468713;0.0;0.10481477;0.10480732;0.0;10.331251;1135.926;4878.9487;-1005.08136;5667.5913;-264.26166;-367.8714
2008-03-16;-4.2829895;-6.054943;-4.662253;748.7947;0.9512295;202.31604;100.0;0.4993206;270.8727;1846.9238;0.40234625;-0.24499185;0.0;0.10444224;0.10444224;0.0;0.3913939;1297.8136;5330.6636;-980.1414;5703.443;-184.98;-278.84332
2008-03-17;-2.4261882;-7.4195213;-5.2427278;750.74445;0.96787006;103.174965;100.0;0.49941114;278.4287;1797.0377;0.0057250257;-0.1735352;0.0;0.10405481;0.10406226;0.0;0.004876405;1603.6486;6358.182;-1581.7766;4992.703;-125.27111;-192.79222
2008-03-18;-0.59291583;-9.413142;-7.00847;749.44556;0.8428993;138.58424;100.0;0.4993783;284.7871;1756.4291;0.0008650424;-0.15830435;0.0;0.10368228;0.10368228;0.0;0.0;1725.047;6601.6313;-1741.3177;4620.295;-113.21778;-110.138885
2008-03-19;-0.958608;-6.798777;-7.0602417;748.80023;0.92732817;235.24355;100.0;0.49934575;290.35092;1723.3073;0.0020632888;-0.13655797;0.0;0.10330975;0.10330975;0.0;0.0;1689.3303;6250.8643;-1389.1306;5090.334;-97.27889;-126.76778
2008-03-20;-0.6647339;-3.3335469;-6.3137155;749.1434;0.80984116;220.59679;100.0;0.49920583;295.9131;1690.9994;0.0025828457;-0.100426376;0.021979213;0.124916434;0.10294467;0.27509406;0.0;1779.7972;6376.9204;-1329.7039;5256.257;-69.45778;-167.38916
2008-03-21;-0.33402506;-1.6654459;-4.0853577;749.511;0.9501385;259.99396;100.0;0.49885213;301.87924;1657.308;0.3644526;-0.07585995;0.060245395;0.16283989;0.102587044;0.64967203;0.027373433;1652.1777;5716.241;-735.3233;6243.1357;-50.987778;-187.87527
2008-03-22;1.3089701;-3.8216858;-1.91863;751.11993;0.858392;250.0771;100.0;0.4976355;308.48862;1618.4896;0.020870566;-0.20958856;0.20875037;0.31095743;0.102214515;2.0336025;0.0020936131;1901.6489;6369.345;-1293.3436;5745.2324;-151.74278;-183.58444
2008-03-23;4.0003867;-4.38442;-1.3111864;753.3459;0.97102326;185.41182;100.0;0.4956305;316.18228;1573.1608;0.0;-0.18917769;0.23555756;0.3373921;0.101841986;2.0018928;0.0;2170.7773;6562.566;-1554.8088;5465.21;-134.41112;-112.06111
2008-03-24;4.640167;-8.272288;-0.61519367;753.85205;1.0610734;62.32364;100.0;0.49350226;325.8893;1519.9381;0.0;-0.27894694;0.31001866;0.41149557;0.10146946;2.1041856;0.0;2436.2896;6573.584;-1576.8022;5510.6562;-202.70334;-79.02111
2008-03-25;4.30129;-6.3563743;-0.33516565;748.15924;0.93038225;199.69283;100.0;0.4884564;335.3939;1461.5072;0.0008648085;-0.29414427;0.9225011;1.0236055;0.10110438;7.514261;0.0;2703.226;6710.392;-1694.56;5446.831;-214.28444;-109.12556
2008-03-26;2.3022563;-5.2045593;-0.34728622;745.2241;0.89271593;149.47551;100.0;0.4811338;343.81543;1404.1748;0.079229474;-0.33659303;0.926286;1.0270178;0.1007393;6.94257;0.0;2719.04;6351.0557;-1628.9325;5494.892;-248.17223;-137.25778
2008-03-27;1.4668173;-5.164917;-0.34594345;745.28253;0.95010585;96.295815;100.0;0.47378612;352.00455;1350.4639;0.006556511;-0.40163845;1.0164678;1.1168569;0.10038912;7.3858743;0.0;3107.5972;6933.7886;-1956.2295;5112.709;-298.03833;-164.56416
2008-03-28;0.6518453;-5.3173423;-0.34446207;747.2198;1.1009699;129.48817;100.0;0.4662329;359.8978;1299.642;0.020074844;-0.59723485;1.0351986;1.135245;0.100038946;7.1116724;0.0;3154.9983;6800.979;-1882.7178;5179.1265;-452.3111;-187.20334
2008-03-29;0.7883606;-7.9434104;-0.37314352;750.1147;1.0479411;82.03647;100.0;0.4585245;367.8607;1250.7731;0.00085532654;-0.5152216;1.1401474;1.2398511;0.09970367;7.7379045;0.0;3325.2917;6982.18;-2065.2117;5023.5513;-384.84277;-162.18333
2008-03-30;2.533081;-6.6270347;-0.33514276;748.98846;1.1945759;51.264805;100.0;0.4492106;376.03354;1198.8525;0.0008523463;-0.43958986;1.7038435;1.8032342;0.099383295;10.161057;0.0;3429.5383;7057.1855;-1830.3726;5345.1934;-323.79166;-125.91111
2008-03-31;2.18513;-4.1253257;-0.22461064;746.22437;0.9775612;121.10388;100.0;0.43739972;382.4642;1147.5424;1.1980027;-0.4453752;2.7141273;2.8396397;0.12551248;13.780289;0.0;3116.5593;6311.38;-1621.7036;5574.859;-332.43668;-157.65222
2008-04-01;-1.2372335;-4.4611816;-0.3003006;745.3825;1.0781388;160.45166;100.0;0.42864025;388.9222;1105.4281;1.4811337;-0.75952244;1.0807216;1.1795759;0.098869205;5.4208674;0.8096099;3123.9077;6256.7324;-1335.2217;5831.9243;-581.5922;-378.8089
2008-04-02;-2.8758037;-5.8397727;-0.20047887;746.4988;0.9723218;221.90974;100.0;0.42353833;393.53745;1079.6305;0.40984452;-1.0033985;0.86022913;0.9589195;0.09869784;4.608959;0.23405626;2833.6028;5855.5146;-1249.5109;5868.1377;-774.50555;-569.04333
2008-04-03;-1.6103007;-5.8739114;-0.3384463;747.55444;0.9671147;161.71027;100.0;0.41799974;400.01367;1048.7467;0.0019967556;-0.8563651;1.0128021;1.1113733;0.09857863;5.4743514;0.002000481;3381.9055;6924.148;-1976.1884;5040.6484;-655.19556;-370.12888
2008-04-04;-1.9155782;-4.993998;-0.34253693;743.95074;0.781251;227.24425;100.0;0.41488335;404.03842;1029.9072;5.4403358;-0.69345534;0.9550005;1.053527;0.09851158;3.4914315;3.5297723;2768.4595;5827.7124;-1423.0316;5644.665;-530.0256;-356.79666
2008-04-05;-0.9281006;-5.865133;-0.30960336;747.2842;1.053589;207.36713;100.0;0.4129653;407.34702;1017.5374;0.17676353;-0.79173034;0.6593019;0.75781345;0.09851903;3.4692492;0.046931207;2622.266;6067.213;-1489.573;5525.055;-605.0622;-276.25778
2008-04-06;1.6844584;-3.7784626;-0.29086813;751.6374;0.9164142;102.560974;100.0;0.40643474;415.208;983.0322;0.0;-0.4495941;1.709193;1.8305331;0.121340156;8.5958805;0.0;3225.33;7150.1904;-1575.7258;5621.6104;-332.12555;-205.06778
2008-04-07;2.7633464;-1.3691915;-0.10802841;749.23486;0.89339775;219.05565;100.0;0.39400676;420.98438;939.7786;1.7315835;-0.35430863;3.648281;3.7669687;0.1186952;14.367804;0.0;2914.86;6250.6543;-1133.7356;6211.4795;-260.03168;-159.53111
2008-04-08;1.2847391;-3.3111572;-0.18080139;746.04126;0.96356493;151.56946;100.0;0.38049564;425.49545;898.0306;0.20444393;-0.63951594;3.1968355;3.3652782;0.16845018;12.908318;0.0;3283.0789;6868.855;-1629.0488;5535.12;-482.28888;-209.82222
2008-04-09;-1.6347351;-3.9803772;-0.25854874;746.2273;0.97695476;232.39568;100.0;0.37516806;423.46777;887.61395;10.724485;-0.6051222;1.8722415;2.0089447;0.1366958;5.2418633;7.459689;2648.6682;5551.5293;-1358.6881;5718.9707;-462.32666;-380.98666
2008-04-10;-0.96466064;-6.013163;-0.3321139;750.2695;1.0874934;223.75525;100.0;0.37626997;420.16568;897.9899;0.11102557;-0.7244125;0.29625;0.39757788;0.101327896;1.3306625;0.04415959;2572.175;6884.217;-1584.2039;5410.1577;-549.16614;-267.47888
2008-04-11;-0.21750896;-3.5676677;-0.24249141;751.5069;0.828005;126.08753;100.0;0.3741765;425.1338;882.2835;1.1829913;-0.32066274;0.8997023;1.0023564;0.1026392;4.0513725;0.81832707;1736.7034;4404.833;-938.08777;6210.0327;-239.91667;-165.38194
2008-04-12;1.0759481;-3.1052144;-0.2361641;751.39166;1.0899328;122.68314;100.0;0.3669747;430.9349;854.4515;0.39883256;-0.4328452;2.5814772;2.7451515;0.1636818;9.760767;0.0;2871.5845;6855.901;-1499.5289;5688.042;-318.45667;-198.23555
2008-04-13;2.6365864;-5.689901;-0.27059302;753.5422;1.2233839;126.56708;100.0;0.35591438;436.82748;816.89453;0.0;-0.45236015;3.1677933;3.2952576;0.12746453;11.878203;0.0;3342.0322;7581.221;-1735.5222;5465.8438;-329.38666;-152.20444
2008-04-14;4.964152;-4.480845;-0.21250026;755.76514;1.2327563;65.16773;100.0;0.34143472;442.66733;773.0713;0.043803453;-0.3764592;4.9036593;5.1253886;0.22172183;16.075212;0.0;3376.28;7370.129;-1369.885;5961.136;-269.34778;-86.66333
2008-04-15;5.3308005;-3.4769695;-0.18307877;753.74774;1.1378576;129.21535;100.0;0.32325423;447.4147;723.7956;0.0036627844;-0.3716387;6.13679;7.0565195;0.9197369;19.149092;0.0;3502.5256;7424.997;-1474.8367;5854.648;-265.3578;-89.46333
2008-04-16;4.964457;-2.1323407;-0.19334412;751.6457;1.3095713;197.05977;100.0;0.305225;449.72168;679.76886;1.1196762;-0.4087938;6.459713;7.2078853;0.74816495;17.127872;0.0;3227.2622;6690.895;-1202.0762;6151.8555;-296.85556;-43.586666
2008-04-17;3.8181865;-4.8066506;-0.26317468;748.2518;1.408264;179.45612;100.0;0.2878139;450.0;640.2995;0.1093775;-0.7135384;5.62644;6.494403;0.8679554;16.804722;0.0;3668.0344;7474.009;-1809.0906;5407.075;-535.18555;-65.025276
2008-04-18;2.8710022;-5.89682;-0.44632974;749.93744;0.9645994;145.00687;100.0;0.27305922;450.0;607.3405;0.0008583069;-0.49519166;5.1084905;5.7391524;0.63066185;13.628878;0.0;3877.1968;7794.182;-1996.5803;5143.8306;-362.99335;-154.49667
2008-04-19;3.4156392;-4.5951133;-0.27244186;747.533;1.2733692;163.27461;100.0;0.25865173;450.0;575.11395;0.33136147;-0.6670086;4.8309417;4.9956293;0.16468018;13.903413;0.0;3348.2861;6662.2705;-1357.7517;5935.91;-502.2011;-87.333336
2008-04-20;3.3599956;-3.9703877;-0.31224823;747.90845;0.9098324;80.25475;100.0;0.24215627;450.0;538.98114;2.281621;-0.35454333;8.7017565;9.467602;0.7658377;18.026657;0.0;3552.5173;7010.8555;-1647.4778;5579.9165;-255.08556;-146.51
2008-04-21;4.7068887;-2.8335674;-0.40839133;750.8176;1.1746813;137.029;100.0;0.2240233;450.0;499.06412;0.21764636;-0.39808267;7.2765203;7.855624;0.5790889;18.400051;0.0;3663.8567;7183.011;-1528.5922;5759.1924;-288.06555;-96.78222
2008-04-22;6.0707192;-0.71866864;-0.3649241;753.4257;1.2280241;111.77866;99.71737;0.20356011;450.0;453.61328;0.8480881;-0.33490825;8.546055;9.0691595;0.52310526;21.683748;0.0;3730.3516;7275.136;-1415.2961;5963.7344;-236.86111;-91.71
2008-04-23;8.390564;-1.6758829;-0.344649;757.6072;1.1600127;130.06108;97.84806;0.18155582;450.0;404.5817;1.4639776;-0.35092515;10.191798;11.761963;1.57018;21.748632;0.0;3619.541;6964.7344;-1235.7161;6216.149;-246.95778;-29.554445
2008-04-24;9.847636;-4.377136;-0.34353384;756.75726;1.1299825;97.65273;95.87289;0.15888007;450.0;354.16666;0.02295971;-0.51539296;10.157026;11.711523;1.5544965;23.273487;0.0;3930.3079;7459.943;-1414.7389;6063.319;-367.46777;-25.943333
2008-04-25;9.99292;-3.6927795;-0.37579092;756.19476;1.3425547;104.12176;94.72672;0.13557339;450.0;302.32748;0.0056356187;-0.62796843;10.175727;11.74064;1.5648975;23.161646;0.0;4095.7805;7709.3115;-1420.2084;6090.927;-451.33112;-27.85111
2008-04-26;10.862681;-4.0263267;-0.41817984;757.33405;1.1403283;109.51864;94.14966;0.11159865;450.0;249.14551;0.035931136;-0.59475565;10.675177;12.3985405;1.7233715;24.168238;0.0;4095.2673;7670.203;-1477.86;6053.207;-422.69446;-43.25083
2008-04-27;10.527019;-3.861674;-0.43982187;754.7048;1.5152202;158.31403;93.4432;0.08784922;450.0;196.37044;0.0018129467;-0.7170383;10.16815;11.860475;1.6923249;23.115646;0.0;4021.6633;7509.116;-1243.6411;6325.797;-516.39;1.655
2008-04-28;8.774231;-1.8793335;-0.5391324;751.57324;1.279224;171.67497;89.851074;0.06403891;450.0;143.43262;0.28185904;-0.6772438;10.558992;12.58564;2.0266547;23.548641;0.0;3903.1123;7167.1826;-1308.9166;6187.1523;-481.90112;-113.51222
2008-04-29;7.0484924;-1.4098715;-0.8977801;748.5706;1.1007247;151.60896;84.587074;0.043460887;450.0;97.53418;0.49869716;-0.5754521;6.5213737;7.796526;1.2751594;18.108063;0.0;3135.135;5629.758;-985.64667;6463.597;-408.29333;-85.47889
2008-04-30;4.886383;0.64346313;-0.9458885;749.49536;1.190681;177.1532;62.504475;0.027505437;450.0;61.76758;5.617077;-1.0674717;8.158877;10.549426;2.3905337;15.379884;0.0;3801.52;6142.7656;-1266.5205;6233.0967;-755.5111;-383.6
2008-05-01;4.641388;-3.2427063;-1.8567747;749.9585;1.1687585;220.21468;35.28532;0.015461326;450.0;34.66797;0.6723583;-1.9746181;3.5645814;5.3532867;1.7887205;9.832356;0.0;5408.6445;7749.8623;-1992.6119;5643.509;-1388.1111;-768.5922
2008-05-02;3.170512;-3.2857056;-1.7758955;748.4039;1.1378059;164.70175;19.183023;0.008417805;450.0;19.00228;2.2950916;-2.0685866;2.2093952;4.2365494;2.0271466;5.0347223;0.0;5559.3506;7449.973;-2038.8844;5671.041;-1447.7189;-1087.4277
2008-05-03;2.1414692;-0.52337646;-1.202652;747.3713;1.0446612;207.83142;10.739502;0.004717946;450.0;10.945638;7.010114;-1.8619988;2.726376;4.942;2.2156386;2.7408824;0.0;4876.2144;6320.472;-1663.2189;6082.001;-1296.4211;-1185.4944
2008-05-04;3.8226826;-3.6042378;-1.3787867;748.9524;1.4777669;166.1403;6.011963;0.0026350021;450.0;5.9407554;0.033169985;-2.6657825;0.5045831;2.871126;2.3665428;1.6397722;0.0;5516.2495;7025.608;-1973.2683;5864.13;-1856.1888;-1211.8911
2008-05-05;7.311849;-5.2049356;-1.44369;748.2676;1.7735571;159.38864;3.1119792;0.0013580719;450.0;3.3365886;0.1796484;-3.084046;0.30449033;2.7838945;2.4794042;0.99010205;0.0;5798.4683;7313.646;-2156.7297;5853.7476;-2144.3022;-865.61444
2008-05-06;3.9809468;-4.1314187;-1.4366316;745.0474;1.7327069;207.04091;1.6019694;0.0007029374;448.95932;1.7903646;2.625933;-2.412496;0.6124079;3.158793;2.54637;0.42218342;0.00115484;5414.222;6798.677;-2001.6925;5822.191;-1676.9589;-1395.0244
2008-05-07;2.7666626;-6.896403;-1.8781853;744.3938;1.518524;204.24998;0.92781574;0.00040471554;429.31705;0.9765625;0.41682422;-2.734866;0.12123585;2.6936383;2.5724099;0.20749494;0.00021606684;5672.97;7115.1924;-2126.4824;5620.8906;-1900.8212;-1425.2189
2008-05-08;1.4967957;-5.075022;-1.8113378;745.34033;1.093828;138.33788;0.6013997;0.0002539158;416.84702;0.9765625;1.8962324;-2.0627828;0.33438206;2.9072762;2.5729015;0.11494383;0.019043684;4665.074;5851.5977;-1707.1272;5992.8765;-1433.3284;-1195.1666
2008-05-09;0.34295654;-0.95440674;-1.2479807;744.1353;0.9691696;171.91443;7.661947;0.0012918314;187.98566;8.01595;12.069779;-1.6177521;1.8156171;4.384488;2.5688708;0.39044768;3.1819305;3020.385;3821.3433;-686.30444;6918.52;-1124.1045;-950.45886
2008-05-10;0.40360513;-1.1050009;-1.3393707;747.3316;1.0584882;186.72615;13.38387;0.0019262234;149.99054;12.980144;5.6120753;-1.9742734;1.5379488;4.0997267;2.5617778;2.1037533;0.45013428;4201.948;5620.0654;-967.23474;6784.2817;-1376.0366;-1473.61
2008-05-11;1.2409769;-1.9514364;-3.2562687;749.6855;1.27392;131.85046;5.289225;0.0007567008;150.72882;5.2490234;4.424423;-2.4421196;1.1124313;3.6640465;2.5516152;0.9889826;0.045582652;5440.1025;7010.4194;-1682.8939;6146.702;-1699.09;-1672.1
2008-05-12;2.7775166;-3.7108562;-3.6553676;749.5555;1.4548674;180.96263;1.4832357;0.00021183491;150.79881;1.5869141;0.61139464;-2.6293397;0.17336011;2.7120857;2.5387108;0.2763644;0.00015646219;5244.559;6645.6133;-1707.0623;6172.8213;-1827.4133;-1485.0011
2008-05-13;3.3902893;-1.6856079;-4.242724;748.9082;1.4017972;181.51436;0.39860025;5.6465466e-05;150.80467;0.32552084;4.4626145;-2.4469252;0.9211749;3.4446268;2.523452;0.08479133;0.0;5454.5903;6888.4355;-2018.503;5923.9233;-1699.96;-1469.8822
2008-05-14;4.0403953;-5.6669602;-5.7807975;750.2309;1.1756552;112.76901;0.08780924;1.2556712e-05;150.62563;-7.345365e-21;0.8056462;-3.030952;0.13706088;2.6429594;2.5059133;0.02046302;0.00012293458;6008.1484;7588.1143;-2347.5496;5589.2944;-2105.53;-1250.8245
2008-05-15;6.580149;-3.027537;-3.0422516;751.8117;1.0932494;148.47606;0.016601562;2.4636586e-06;150.60936;-7.345365e-21;1.2844682;-3.2000103;0.20043552;2.6857555;2.4853275;0.0043697655;0.0;6356.3477;8036.894;-2217.9678;6025.193;-2222.9421;-1112.4388
2008-05-16;6.8877463;-1.4696045;-3.409134;750.6531;1.4606214;183.79175;0.0021972656;2.3841858e-07;150.60936;-7.345365e-21;1.3752282;-3.2192767;0.23525953;2.6979148;2.4626703;0.0006072223;0.0;5682.3843;7176.649;-2100.2466;6069.4355;-2236.3254;-1165.85
2008-05-17;7.1347656;-1.3707682;-5.2528625;752.5777;1.1342857;144.97398;0.0;-7.3453654e-25;131.41046;-7.345365e-21;0.070149146;-3.2128496;0.010251999;2.447635;2.437368;0.00011175871;0.0;6177.562;7793.4233;-2353.5762;5905.9634;-2231.8594;-1218.6189
2008-05-18;7.1000366;0.59798175;-2.0685794;751.417;1.2242352;82.1635;0.0;-7.3453654e-25;107.05271;-7.345365e-21;1.729237;-2.9473062;0.28033555;2.6901512;2.409801;1.1175871e-05;0.0;5697.032;7179.8516;-2178.6838;6136.0547;-2047.3955;-1108.0344
2008-05-19;8.239044;-2.6868794;-0.16370519;751.2539;1.5710663;124.71421;0.0;-7.3453654e-25;100.40167;-7.345365e-21;0.0049930224;-3.723354;0.00062584877;2.380684;2.3800583;0.0;0.0;6622.1333;8336.92;-2541.4011;5776.4346;-2586.49;-1208.2322
2008-05-20;7.491394;-1.4101257;0.009789784;751.91876;1.2397696;161.07915;0.0;-7.3453654e-25;99.99998;-7.345365e-21;0.7164806;-2.9755654;0.096827745;2.4450421;2.3482144;0.0;0.0;5888.88;7405.48;-2296.274;6010.823;-2067.0256;-1208.9922
2008-05-21;9.556895;-1.0262756;0.009915669;753.0085;1.0673337;108.29427;0.0;-7.3453654e-25;99.99998;-7.345365e-21;0.0143915415;-3.6737192;0.00166893;2.316132;2.3144557;0.0;0.0;6589.083;8277.461;-2533.103;6013.0244;-2552.0088;-1012.85333
2008-05-22;10.517629;0.049631756;0.010055542;752.6795;1.0801511;107.95815;0.0;-7.3453654e-25;99.99998;-7.345365e-21;0.18802881;-3.4666321;0.021755695;2.3004265;2.2786708;0.0;0.0;6218.342;7803.2954;-2328.6838;6317.7163;-2408.1538;-1003.0989
2008-05-23;12.185974;-0.27623495;0.00995636;752.1194;1.1463214;104.76884;0.0;-7.3453654e-25;99.99998;-7.345365e-21;0.001821405;-3.791404;0.00020861626;2.241522;2.2413135;0.0;0.0;6528.314;8183.6177;-2434.4888;6350.3867;-2633.7622;-940.73224
2008-05-24;13.348633;-0.8001404;0.01015981;752.8452;0.98101;136.34521;0.0;-7.3453654e-25;99.99998;-7.345365e-21;0.025629997;-3.781111;0.0026673079;2.2051187;2.2024438;0.0;0.0;6401.903;8016.5435;-2393.2668;6498.1606;-2626.6123;-895.76447
2008-05-25;12.930267;-0.6966756;0.009827931;750.20355;1.4907149;171.83832;0.0;-7.3453654e-25;99.99998;-7.345365e-21;0.018298626;-3.5878084;0.0018924475;2.164483;2.162583;0.0;0.0;6283.1113;7859.392;-2418.7336;6395.77;-2492.331;-1012.1111
2008-05-26;9.962148;-2.8869221;0.009984334;749.15314;1.5399083;171.77087;0.0;-7.3453654e-25;99.99998;-7.345365e-21;0.0007003546;-3.370923;7.4505806e-05;2.1220593;2.1219923;0.0;0.0;6743.4873;8426.29;-2725.5154;5854.8066;-2341.6677;-1510.2955
2008-05-27;8.8445635;-1.956431;0.010218303;750.7675;1.330353;189.37427;0.0;-7.3453654e-25;99.99998;-7.345365e-21;0.7628585;-2.9123836;0.07817894;2.1592975;2.081111;0.0;0.0;6358.6387;7936.8623;-2443.542;6063.771;-2023.1355;-1667.5178
2008-05-28;8.747508;-2.1658733;0.0102170305;749.0423;1.3263577;183.57245;0.0;-7.3453654e-25;99.99998;-7.345365e-21;0.97836137;-2.9390595;0.09404123;2.1340995;2.0400434;0.0;0.0;6009.915;7493.718;-2385.0083;6139.7544;-2041.6666;-1373.9889
2008-05-29;10.236328;-1.665863;0.009682973;749.16016;1.565221;182.80959;0.0;-7.3453654e-25;99.99998;-7.345365e-21;0.0034415126;-3.28248;0.00031292439;1.9989312;1.9986182;0.0;0.0;6754.832;8413.718;-2575.2012;6091.598;-2280.229;-1494.6389
2008-05-30;10.335713;-0.9672139;0.009858449;750.1409;1.5331119;203.8243;0.0;-7.3453654e-25;99.99998;-7.345365e-21;2.451077;-2.7053113;0.26388466;2.2211075;1.9572303;0.0;0.0;6038.9404;7514.089;-2411.2405;6181.1123;-1879.289;-1580.5189
2008-05-31;10.676808;-5.2144775;0.01009496;751.60645;1.153943;227.67589;0.0;-7.3453654e-25;99.99998;-7.345365e-21;0.0;-3.3530946;0.0;1.9159615;1.9159689;0.0;0.0;6991.4824;8690.113;-2978.9045;5627.3257;-2329.2822;-1409.2944
2008-06-01;11.727183;-6.2940574;0.010000865;752.0501;1.3268355;132.19595;0.0;-7.3453654e-25;99.99998;-7.345365e-21;0.0017168905;-3.3059194;0.00014901161;1.8745363;1.8743873;0.0;0.0;6972.3677;8657.196;-2959.4268;5754.6235;-2296.5134;-1345.7855
2008-06-02;12.551991;-3.8669536;0.009923299;751.23535;1.3294082;152.2502;0.0;-7.3453654e-25;99.99998;-7.345365e-21;0.36540627;-2.991002;0.029534101;1.8627048;1.8331558;0.0;0.0;6462.856;8016.146;-2444.2202;6412.9565;-2077.75;-1428.34
2008-06-03;13.423289;-2.6541035;0.009765625;749.86993;1.6177373;212.8488;0.0;-7.3453654e-25;99.99998;-7.345365e-21;0.43299198;-2.7848938;0.035241246;1.828;1.7927587;0.0;0.0;6116.1304;7578.1313;-2419.0012;6501.6304;-1934.5734;-1487.7467
2008-06-04;11.785451;-3.8411052;0.010176341;752.5945;1.340377;205.58269;0.0;-7.3453654e-25;99.99998;-7.345365e-21;0.0004351138;-2.878433;2.9802322e-05;1.7527491;1.7527044;0.0;0.0;6878.773;8514.014;-2860.9368;5984.1855;-1999.5522;-1746.7988
2008-06-05;12.067159;-4.2545266;0.009684245;752.87946;1.1707507;173.20764;0.0;-7.3453654e-25;99.99998;-7.345365e-21;0.0;-2.9033422;0.0;1.7129481;1.7129481;0.0;0.0;7009.91;8667.211;-3006.9338;5966.2876;-2016.8545;-1550.7589
2008-06-06;13.154266;-4.270172;0.009958903;749.73395;1.185207;131.96935;0.0;-7.3453654e-25;99.99998;-7.345365e-21;0.00257194;-2.7507114;0.00017881393;1.6739368;1.673758;0.0;0.0;6772.999;8365.442;-2898.7295;6200.222;-1910.8278;-1525.6322
2008-06-07;12.753011;-3.5168355;0.010236104;747.78094;1.4655885;213.50325;0.0;-7.3453654e-25;99.99998;-7.345365e-21;0.00042617318;-2.5001411;2.9802322e-05;1.6353428;1.6353204;0.0;0.0;6955.241;8581.56;-2998.9595;6083.34;-1736.7644;-1856.4989
2008-06-08;12.602366;-0.2745768;0.009819031;748.59174;1.2103369;257.0338;0.0;-7.3453654e-25;99.99998;-7.345365e-21;0.10250509;-2.092654;0.0076666474;1.6054809;1.5978217;0.0;0.0;6276.579;7736.019;-2630.3145;6469.078;-1453.6967;-1802.0444
2008-06-09;12.80307;-1.8662313;0.010210673;749.7383;1.3295801;128.5627;0.0;-7.3453654e-25;99.99998;-7.345365e-21;0.00037252903;-2.3008835;1.4901161e-05;1.5610904;1.5610754;0.0;0.0;6842.3555;8424.552;-2935.1768;6268.77;-1598.3478;-1915.0011
2008-06-10;13.304036;-2.5186462;0.010393779;748.8499;1.2349409;125.946045;0.0;-7.3453654e-25;99.99998;-7.345365e-21;0.0018358231;-2.1853783;0.00013411045;1.5250742;1.5249252;0.0;0.0;6802.22;8366.36;-2989.1672;6252.47;-1518.1089;-1895.2733
2008-06-11;11.824117;-2.880717;0.010042827;746.41846;1.6675164;161.64998;0.0;-7.3453654e-25;99.99998;-7.345365e-21;0.726734;-1.8900484;0.052660704;1.542598;1.4899299;0.0;0.0;6441.9316;7914.919;-2690.3433;6379.0645;-1312.9545;-2200.979
2008-06-12;8.800069;-1.4964803;0.010087331;747.459;1.3895941;173.39735;0.0;-7.3453654e-25;99.99998;-7.345365e-21;1.4496516;-1.9789357;0.10277331;1.5593022;1.4565513;0.0;0.0;5944.233;7295.8276;-2421.5688;6296.8804;-1374.7;-2136.3955
2008-06-13;10.866109;-1.5468649;0.010032654;750.04156;1.0135725;142.24269;0.0;-7.3453654e-25;99.99998;-7.345365e-21;0.11536796;-2.1044016;0.008061528;1.4318377;1.4237612;0.0;0.0;6434.8335;7889.742;-2658.1555;6341.709;-1461.8578;-1934.5311
2008-06-14;12.538879;-0.8008016;0.010052999;749.1845;1.1694944;145.85106;0.0;-7.3453654e-25;99.99998;-7.345365e-21;0.0;-2.2417624;0.0;1.3912618;1.3912618;0.0;0.0;6916.8633;8471.936;-2952.375;6288.905;-1557.2766;-1948.9911
2008-06-15;14.22111;-1.5124207;0.010117848;748.3438;1.2131486;115.376854;0.0;-7.3453654e-25;99.99998;-7.345365e-21;0.0;-2.1588802;0.0;1.3593435;1.3593509;0.0;0.0;6864.8613;8399.443;-2974.5444;6451.879;-1499.7023;-1890.3256
2008-06-16;14.011128;-3.243459;0.009862264;748.59576;1.448218;147.02599;0.0;-7.3453654e-25;99.99998;-7.345365e-21;0.0008523463;-1.9810451;5.9604645e-05;1.3282895;1.3282448;0.0;0.0;7035.0693;8606.655;-3184.6316;6213.58;-1376.1666;-2094.109
2008-06-17;14.588023;0.55443317;0.010012309;749.5457;1.0801691;78.994316;0.0;-7.3453654e-25;99.99998;-7.345365e-21;0.0012826168;-1.8285737;8.940697e-05;1.298055;1.2979656;0.0;0.0;6543.4717;8004.1367;-2845.1077;6723.1074;-1270.2478;-1889.1011
2008-06-18;13.991527;1.7866821;0.009989421;749.2124;1.6622027;36.1415;0.0;-7.3453654e-25;99.99998;-7.345365e-21;0.123012066;-1.5937676;0.00795722;1.2765825;1.2686551;0.0;0.0;6172.8022;7549.721;-2675.0505;6821.668;-1107.1378;-2027.2134
2008-06-19;14.343231;1.5402731;0.0100034075;750.44354;1.7431926;44.02448;0.0;-7.3453654e-25;99.99998;-7.345365e-21;0.0008583069;-1.7411383;5.9604645e-05;1.2401938;1.2401491;0.0;0.0;6962.4907;8514.506;-3091.8062;6432.971;-1209.5111;-2265.111
2008-06-20;16.089722;-0.022257486;0.009815216;749.44684;1.1518714;103.25663;0.0;-7.3453654e-25;99.99998;-7.345365e-21;0.0029206276;-1.7886572;0.0001937151;1.2123883;1.2122021;0.0;0.0;6863.7446;8392.712;-3129.995;6579.4556;-1242.52;-1987.1089
2008-06-21;15.660115;-3.4830017;0.010178884;749.6728;1.30995;132.65639;0.0;-7.3453654e-25;99.99998;-7.345365e-21;0.02919607;-1.6805604;0.0015050173;1.18649;1.185;0.0;0.0;6795.47;8308.11;-3133.0593;6498.8394;-1167.4288;-2153.3745
2008-06-22;14.971008;-3.9886677;0.009936015;750.02594;1.6234874;142.3148;0.0;-7.3453654e-25;99.99998;-7.345365e-21;0.0034153454;-1.5739882;0.00022351742;1.1588633;1.1586398;0.0;0.0;6965.286;8514.653;-3129.285;6409.2524;-1093.3978;-2404.1833
2008-06-23;13.226135;1.154419;0.01033783;750.5471;1.3610463;92.34359;0.0;-7.3453654e-25;99.99998;-7.345365e-21;0.22702254;-1.4776065;0.013947487;1.1470616;1.1330992;0.0;0.0;6325.7046;7731.662;-2805.0916;6742.292;-1026.4445;-2156.5156
2008-06-24;14.0529175;1.9255472;0.009805043;751.2255;1.0583296;109.407524;0.0;-7.3453654e-25;99.99998;-7.345365e-21;0.32535493;-1.5477817;0.019922853;1.1283755;1.1084676;0.0;0.0;6260.117;7650.57;-2787.4277;6765.701;-1075.1934;-2023.6322
2008-06-25;15.974956;1.8341471;0.00983429;752.56866;1.1489102;82.6271;0.0;-7.3453654e-25;99.99998;-7.345365e-21;0.004488229;-1.6869121;0.0002682209;1.0845661;1.0843351;0.0;0.0;6607.9165;8074.5845;-2948.28;6861.3555;-1171.8422;-2001.1823
2008-06-26;17.40452;1.8277181;0.010056813;754.51996;1.158954;74.122444;0.0;-7.3453654e-25;99.99998;-7.345365e-21;0.017422438;-1.6591549;0.00082701445;1.0615289;1.0607094;0.0;0.0;6682.5796;8164.838;-3042.082;6955.908;-1152.56;-1924.7578
2008-06-27;18.689157;3.0290222;0.010150909;754.19977;1.217795;84.68412;0.0;-7.3453654e-25;99.99998;-7.345365e-21;0.0016974071;-1.6016588;8.940697e-05;1.0377765;1.0376871;0.0;0.0;6678.812;8159.1367;-3042.094;7083.52;-1112.6189;-1968.47
2008-06-28;19.180288;-1.6380717;0.009723663;751.41943;1.3799773;130.6003;0.0;-7.3453654e-25;99.99998;-7.345365e-21;0.0008523463;-1.6314573;5.9604645e-05;1.0152757;1.015231;0.0;0.0;6953.948;8494.172;-3298.6584;6866.8066;-1133.32;-2081.2021
2008-06-29;17.727081;-0.46051025;0.010049184;749.42896;1.4429321;116.41174;0.0;-7.3453654e-25;99.99998;-7.345365e-21;0.022658706;-1.3633202;0.0011175871;0.9946525;0.9935498;0.0;0.0;6196.633;7567.92;-2845.9683;7141.299;-947.05334;-1986.6578
2008-06-30;16.501526;2.2862651;0.010223389;747.9192;1.5257521;92.1975;0.0;-7.3453654e-25;99.99998;-7.345365e-21;0.08788109;-1.2073321;0.004991889;0.977695;0.972718;0.0;0.0;5464.5796;6673.231;-2577.2617;7261.135;-838.69336;-1790.1866
2008-07-01;16.424784;3.2244263;0.009979248;748.63104;1.1720886;88.51447;0.0;-7.3453654e-25;99.99998;-7.345365e-21;0.13297796;-1.3066465;0.0077188015;0.960201;0.9524822;0.0;0.0;6262.2935;7646.3047;-2836.4138;7063.6333;-907.68335;-2162.0256
2008-07-02;16.83966;-1.0946859;0.010050456;748.9275;1.3454823;130.09053;0.0;-7.3453654e-25;99.99998;-7.345365e-21;0.034987926;-1.2681614;0.002026558;0.93477964;0.9327829;0.0;0.0;6063.471;7402.7056;-2867.1384;6902.958;-880.9489;-2089.7356
2008-07-03;16.273752;-7.4118752;0.0097134905;748.4213;1.6436015;172.39235;0.0;-7.3453654e-25;99.99998;-7.345365e-21;0.0;-1.3506496;0.0;0.9135753;0.91356784;0.0;0.0;7104.9746;8673.091;-3456.9534;6251.682;-938.2511;-2485.3467
2008-07-04;15.380391;-7.033661;0.009820302;748.91064;1.4738075;128.68448;0.0;-7.3453654e-25;99.99998;-7.345365e-21;0.0008583069;-1.2715701;5.9604645e-05;0.89487433;0.89482963;0.0;0.0;7085.6025;8648.29;-3387.0388;6272.2427;-883.31775;-2542.9722
2008-07-05;15.756978;-3.9783223;0.009798686;749.5508;1.2311201;144.66881;0.0;-7.3453654e-25;99.99998;-7.345365e-21;0.00044164012;-1.2964513;2.9802322e-05;0.8765757;0.8765459;0.0;0.0;7025.761;8574.121;-3381.3967;6396.851;-900.6017;-2391.1978
2008-07-06;16.16749;-7.988271;0.009577434;748.82324;1.3394424;139.07945;0.0;-7.3453654e-25;99.99998;-7.345365e-21;0.0;-1.2767445;0.0;0.8587241;0.8587539;0.0;0.0;7139.187;8711.41;-3536.47;6246.793;-886.91113;-2391.4966
2008-07-07;16.754171;-4.921946;0.009963989;747.8438;1.5242238;111.27737;0.0;-7.3453654e-25;99.99998;-7.345365e-21;0.00043511385;-1.2875516;2.9802322e-05;0.8414537;0.84142387;0.0;0.0;7075.6133;8632.759;-3426.1167;6496.419;-894.42;-2289.2666
2008-07-08;13.11729;6.272013;0.009831746;747.3657;1.3499893;45.289646;0.0;-7.3453654e-25;99.99998;-7.345365e-21;3.4530349;-1.1898819;0.23271143;1.057744;0.8250475;0.0;0.0;5043.193;6152.0522;-2169.655;7311.2944;-826.57;-2056.4211
2008-07-09;15.37202;2.3942668;0.009799957;749.71844;1.2399552;112.50208;0.0;-7.3453654e-25;99.99998;-7.345365e-21;0.010097027;-2.2744703;0.0005662441;0.8097291;0.80916286;0.0;0.0;6781.971;8272.271;-2926.5527;6684.0;-1579.9989;-2009.3855
2008-07-10;16.881948;-3.2263386;0.0097300215;751.4239;1.2896904;114.0861;0.0;-7.3453654e-25;99.99998;-7.345365e-21;0.00042617318;-1.9705184;2.9802322e-05;0.7933229;0.7932931;0.0;0.0;7023.699;8566.113;-3308.455;6443.447;-1368.8534;-2045.8778
2008-07-11;17.652863;-1.1122843;0.009793599;751.96124;1.1282037;91.21749;0.0;-7.3453654e-25;99.99998;-7.345365e-21;0.031611323;-1.5663747;0.0013411045;0.7792115;0.7778555;0.0;0.0;6611.674;8062.4624;-3132.8132;6817.2734;-1088.1089;-1903.7711
2008-07-12;18.342264;5.250936;0.009860992;750.67163;1.3534201;54.297314;0.0;-7.3453654e-25;99.99998;-7.345365e-21;0.052428246;-1.205638;0.0022053719;0.7650852;0.76287985;0.0;0.0;5967.669;7276.3315;-2751.0723;7303.18;-837.51666;-1936.0
2008-07-13;19.662088;5.754995;0.010220845;751.4633;1.3404552;102.36746;0.0;-7.3453654e-25;99.99998;-7.345365e-21;0.014910362;-1.1407015;0.00062584877;0.74902177;0.7483959;0.0;0.0;5917.2446;7213.8994;-2762.2039;7420.8423;-792.4067;-1913.9144
2008-07-14;19.447906;-0.042368572;0.009963989;752.63776;1.2971855;166.12126;0.0;-7.3453654e-25;99.99998;-7.345365e-21;0.0017046927;-1.2458237;7.4505806e-05;0.73421;0.73412806;0.0;0.0;6791.171;8278.221;-3274.1782;6939.396;-865.43225;-2327.051
2008-07-15;17.417551;-3.066447;0.00978597;750.1268;1.4037013;140.24718;0.0;-7.3453654e-25;99.99998;-7.345365e-21;0.0017155571;-1.1579776;0.00010430813;0.7202774;0.7202029;0.0;0.0;7090.793;8642.333;-3502.662;6485.7646;-804.4078;-2461.3223
2008-07-16;17.198477;3.1479695;0.010018666;749.17676;1.0013722;65.9361;0.0;-7.3453654e-25;99.99998;-7.345365e-21;0.014228996;-0.8912999;0.0007748604;0.70759654;0.70682913;0.0;0.0;5189.3755;6323.53;-2543.2756;7364.6943;-619.1556;-1768.5612
2008-07-17;19.184153;1.4633993;0.009901683;749.7387;1.2808133;141.9733;0.0;-7.3453654e-25;99.99998;-7.345365e-21;0.002068281;-1.1247714;0.00011920929;0.6939173;0.69381297;0.0;0.0;6366.02;7755.483;-2998.9128;7229.61;-781.34;-2125.9878
2008-07-18;19.227457;-5.9842224;0.01000468;751.1184;1.439259;148.01845;0.0;-7.3453654e-25;99.99998;-7.345365e-21;0.0034417661;-1.1519306;0.00017881393;0.6811321;0.68095326;0.0;0.0;6976.007;8496.729;-3635.05;6494.577;-800.20776;-2337.1077
2008-07-19;19.385986;-7.180445;0.010097504;752.0595;1.2970771;86.31742;0.0;-7.3453654e-25;99.99998;-7.345365e-21;0.0018358224;-1.1499273;8.940697e-05;0.6685257;0.6684065;0.0;0.0;6970.9067;8488.607;-3654.5195;6477.3936;-798.81555;-2087.3455
2008-07-20;21.061523;-0.36849976;0.009962718;752.6761;1.3701972;87.28693;0.0;-7.3453654e-25;99.99998;-7.345365e-21;0.0050604343;-1.0854304;0.0001937151;0.65639615;0.6562099;0.0;0.0;6453.4146;7856.759;-3102.1719;7237.819;-754.0122;-2057.6523
2008-07-21;21.257782;-1.5225626;0.010108948;753.2214;1.531466;103.081184;0.0;-7.3453654e-25;99.99998;-7.345365e-21;0.0114530325;-1.0853876;0.0005811453;0.64492226;0.644356;0.0;0.0;6541.0996;7961.6255;-3236.1797;7156.51;-753.98334;-2201.7922
2008-07-22;19.997824;-0.97268677;0.00987498;752.1411;1.545937;116.1572;0.0;-7.3453654e-25;99.99998;-7.345365e-21;0.00086473074;-1.0601058;4.4703484e-05;0.6327778;0.63274056;0.0;0.0;6809.6646;8286.74;-3416.5007;6847.406;-736.42;-2387.0488
2008-07-23;18.685486;-3.5736694;0.009562175;750.97614;1.2863222;106.86176;0.0;-7.3453654e-25;99.99998;-7.345365e-21;0.0012874597;-1.0320172;7.4505806e-05;0.6214678;0.6213933;0.0;0.0;6785.5215;8255.454;-3372.1465;6798.2417;-716.9089;-2341.9634
2008-07-24;19.174295;2.6616821;0.009944916;751.84686;0.975149;87.44329;0.0;-7.3453654e-25;99.99998;-7.345365e-21;0.012174249;-0.80535376;0.00047683716;0.6109923;0.610508;0.0;0.0;4970.818;6046.4365;-2462.7612;7673.9956;-559.4533;-1642.34
2008-07-25;19.839529;1.8180237;0.010044098;751.81757;1.113259;147.42099;0.0;-7.3453654e-25;99.99998;-7.345365e-21;0.006014108;-0.8022096;0.00028312206;0.600338;0.60005486;0.0;0.0;4916.0576;5978.396;-2390.4429;7817.5234;-557.26776;-1605.99
2008-07-26;20.878082;-2.4436035;0.009796143;751.06836;1.3872908;155.3874;0.0;-7.3453654e-25;99.99998;-7.345365e-21;0.0;-1.0490437;0.0;0.58969855;0.589706;0.0;0.0;6722.063;8172.7144;-3354.5886;7078.329;-728.7367;-2282.9521
2008-07-27;19.69282;-2.4264119;0.01035436;750.0423;1.5393535;149.84894;0.0;-7.3453654e-25;99.99998;-7.345365e-21;0.0;-0.9729806;0.0;0.57949126;0.57949126;0.0;0.0;6813.979;8282.794;-3468.7173;6767.094;-675.89777;-2445.4011
2008-07-28;19.208536;-5.5555825;0.009559631;749.79474;1.2088876;149.36533;0.0;-7.3453654e-25;99.99998;-7.345365e-21;0.0;-0.97398275;0.0;0.5695522;0.5695522;0.0;0.0;6920.972;8410.943;-3680.4739;6483.0835;-676.5933;-2263.7822
2008-07-29;20.882608;-1.6689249;0.009859721;750.291;1.400999;142.66978;0.0;-7.3453654e-25;99.99998;-7.345365e-21;0.00042617318;-0.9625014;2.2351742e-05;0.5598515;0.5598366;0.0;0.0;6440.572;7825.2812;-3159.5872;7224.4443;-668.6178;-2136.641
2008-07-30;22.331726;2.1183064;0.010059357;751.14795;1.3917798;94.48919;0.0;-7.3453654e-25;99.99998;-7.345365e-21;0.0014915322;-0.9404868;7.4505806e-05;0.5504191;0.55035204;0.0;0.0;6098.9478;7408.5977;-2960.1538;7620.15;-653.32446;-1993.85
2008-07-31;22.452179;2.0750835;0.009841919;752.48724;1.3414248;79.46569;0.0;-7.3453654e-25;99.99998;-7.345365e-21;0.0012308359;-0.8699568;4.4703484e-05;0.5411953;0.54115057;0.0;0.0;5540.22;6728.497;-2787.7073;7752.813;-604.33;-1792.76
2008-08-01;22.474081;1.1233419;0.009900411;753.3338;1.411105;97.21234;0.0;-7.3453654e-25;99.99998;-7.345365e-21;0.014141202;-0.89412;0.0006631017;0.5328804;0.5322173;0.0;0.0;5818.924;7065.294;-2959.7444;7588.9404;-621.11554;-1868.8033
2008-08-02;22.859446;1.4640503;0.009775798;752.8813;1.3887682;95.64135;0.0;-7.3453654e-25;99.99998;-7.345365e-21;0.0028692218;-0.897415;0.00011920929;0.5235821;0.5234778;0.0;0.0;5813.299;7056.9067;-2930.6772;7691.6123;-623.4044;-1860.8978
2008-08-03;22.477692;4.042643;0.0099487305;751.5811;1.4188356;94.18235;0.0;-7.3453654e-25;99.99998;-7.345365e-21;0.054714296;-0.9609871;0.002771616;0.51763654;0.5148649;0.0;0.0;6402.9272;7770.9644;-3105.6655;7567.9043;-667.56555;-2218.4856
2008-08-04;22.298004;4.684072;0.009775798;750.7471;1.4481465;112.95408;0.0;-7.3453654e-25;99.99998;-7.345365e-21;0.0;-0.930246;0.0;0.50641596;0.50641596;0.0;0.0;6351.6543;7707.01;-3115.901;7490.2715;-646.2111;-2280.2966
2008-08-05;22.399332;1.0723877;0.010111491;750.04047;1.3912493;164.65611;0.0;-7.3453654e-25;99.99998;-7.345365e-21;0.0025779;-0.9072609;0.00011920929;0.49832463;0.49819797;0.0;0.0;6566.598;7966.0674;-3340.1016;7235.1387;-630.24445;-2283.4167
2008-08-06;20.873566;1.0907186;0.009741466;749.3608;1.2634786;153.11406;0.0;-7.3453654e-25;99.99998;-7.345365e-21;0.0008583069;-0.8758502;4.4703484e-05;0.4902035;0.4901737;0.0;0.0;6583.787;7985.088;-3413.3445;7008.8887;-608.42444;-2376.5955
2008-08-07;19.052002;-0.43701172;0.009923299;748.4912;1.2268268;118.76172;0.0;-7.3453654e-25;99.99998;-7.345365e-21;0.00042617318;-0.84644186;2.9802322e-05;0.4823208;0.48230588;0.0;0.0;6489.593;7869.0513;-3405.341;6806.1377;-587.99554;-2333.6155
2008-08-08;18.050161;3.0992024;0.009661357;748.4319;1.3685409;110.84014;0.0;-7.3453654e-25;99.99998;-7.345365e-21;0.2898574;-0.8431971;0.014454126;0.4891008;0.4746318;0.0;0.0;6070.9004;7359.7383;-2921.3777;7223.2812;-585.74;-2317.6511
2008-08-09;15.780955;6.100881;0.009937286;749.917;1.671275;44.92628;0.0;-7.3453654e-25;99.99998;-7.345365e-21;0.95561147;-0.9460133;0.04711747;0.5144924;0.46736747;0.0;0.0;5133.2627;6221.777;-2486.7505;7267.1724;-657.1633;-2104.5366
2008-08-10;17.144022;3.4882305;0.010130565;749.6253;1.155879;79.97192;0.0;-7.3453654e-25;99.99998;-7.345365e-21;0.0060647726;-1.0841843;0.00022351742;0.46049058;0.46025217;0.0;0.0;5756.3193;6975.4478;-2783.4934;7143.738;-753.14777;-2011.87
2008-08-11;17.877869;1.5001425;0.010110219;749.7766;1.2515513;131.67146;0.0;-7.3453654e-25;100.00259;-7.345365e-21;0.00085369434;-0.8420683;4.4703484e-05;0.45326352;0.45322627;0.0;0.0;5392.7866;6533.394;-2647.0073;7335.769;-584.95667;-1943.6411
2008-08-12;18.073874;3.942281;0.009894053;750.1287;1.0284873;64.7312;0.0;-7.3453654e-25;99.99998;-7.345365e-21;0.10436773;-0.6956458;0.0048577785;0.45132637;0.4464686;0.0;0.0;4524.831;5480.674;-2256.716;7735.251;-483.24222;-1616.5144
2008-08-13;18.60026;3.961497;0.010002136;750.2049;1.2658607;95.64703;0.0;-7.3453654e-25;99.99998;-7.345365e-21;0.016286323;-0.77056515;0.00064074993;0.44044852;0.43980777;0.0;0.0;5563.5513;6737.326;-2798.8906;7313.8105;-535.2856;-1985.3167
2008-08-14;18.486135;2.3168945;0.009806315;750.04315;1.464994;79.932;0.0;-7.3453654e-25;99.99998;-7.345365e-21;0.0;-0.78726;0.0;0.43317676;0.43319166;0.0;0.0;6064.2466;7342.0205;-3092.0256;7040.439;-546.88336;-2195.371
2008-08-15;18.264578;1.737793;0.009770711;749.69;1.4910735;84.203896;0.0;-7.3453654e-25;99.99998;-7.345365e-21;0.003522634;-0.7458339;0.00016391277;0.42685866;0.42669475;0.0;0.0;6072.2656;7350.007;-3100.0183;6960.7666;-518.1067;-2244.571
2008-08-16;17.681711;-0.6633403;0.010089874;750.9296;1.4293381;103.968285;0.0;-7.3453654e-25;99.99998;-7.345365e-21;0.01129806;-0.74633586;0.0004172325;0.4207492;0.42033195;0.0;0.0;6336.0015;7668.302;-3200.4597;6796.7607;-518.45447;-2469.031
2008-08-17;18.125021;-3.7597656;0.010243733;753.198;1.3890519;106.48334;0.0;-7.3453654e-25;99.99998;-7.345365e-21;0.0024616718;-0.7072715;8.940697e-05;0.41425228;0.41415542;0.0;0.0;6017.035;7281.3257;-3148.429;6813.4136;-491.31778;-2198.3645
2008-08-18;17.380056;0.53008014;0.0100034075;754.09564;1.3808316;78.97879;0.0;-7.3453654e-25;99.99998;-7.345365e-21;0.17444193;-0.68646765;0.0067949295;0.41496754;0.4081875;0.0;0.0;5316.1143;6432.2812;-2779.9229;7158.9043;-476.86667;-1913.9933
2008-08-19;18.48281;-0.27347818;0.009881337;753.80634;1.3461804;58.38451;0.0;-7.3453654e-25;99.99998;-7.345365e-21;0.0074744225;-0.736367;0.0003427267;0.40268898;0.4023537;0.0;0.0;5728.0967;6930.2134;-2950.7512;7114.6777;-511.5289;-1994.2167
2008-08-20;19.049215;-3.864441;0.010080974;754.7613;1.1529275;93.1189;0.0;-7.3453654e-25;99.99998;-7.345365e-21;0.0057935715;-0.6721281;0.00020861626;0.39684772;0.3966242;0.0;0.0;5258.734;6361.556;-2895.7815;7105.445;-466.90555;-1718.3066
2008-08-21;17.928558;-3.3370564;0.010246277;755.0883;1.155766;106.97341;0.0;-7.3453654e-25;99.99998;-7.345365e-21;0.07306337;-0.68728626;0.0035911798;0.39462745;0.39104372;0.0;0.0;5263.0767;6366.045;-2765.839;7189.667;-477.43445;-1812.8289
2008-08-22;16.358124;2.377879;0.010211945;754.40497;1.1910988;71.6126;0.0;-7.3453654e-25;99.99998;-7.345365e-21;1.6940273;-0.83350205;0.09585917;0.48145652;0.38559735;0.0;0.0;4778.8047;5779.682;-2375.978;7540.972;-579.00665;-1716.7034
2008-08-23;17.185251;3.0605977;0.010000865;753.5141;1.23758;64.47806;0.0;-7.3453654e-25;99.99998;-7.345365e-21;0.7859647;-1.3736132;0.040620565;0.420928;0.3803;0.0;0.0;5037.408;6091.636;-2519.725;7290.4805;-954.2022;-1478.8077
2008-08-24;16.98472;0.8279622;0.009869893;754.4903;1.4512172;105.09354;0.0;-7.3453654e-25;99.99998;-7.345365e-21;0.31391382;-1.1873729;0.014901161;0.3900379;0.37513673;0.0;0.0;5340.5923;6457.422;-2569.379;7097.4023;-824.8289;-1914.3212
2008-08-25;17.029032;-0.41622925;0.009934743;756.55664;1.3003153;107.941444;0.0;-7.3453654e-25;99.99998;-7.345365e-21;0.26054382;-1.0169222;0.012680888;0.38278103;0.37008524;0.0;0.0;5106.5913;6173.68;-2654.7583;7028.01;-706.4211;-1661.6566
2008-08-26;18.072123;-1.8741659;0.009882609;757.55695;1.4768237;117.05588;0.0;-7.3453654e-25;99.99998;-7.345365e-21;0.0036358824;-0.9707818;0.00014901161;0.36524236;0.3650859;0.0;0.0;5636.88;6813.984;-2912.0386;6862.1562;-674.37;-1889.4667
2008-08-27;17.328531;-1.5387573;0.009822845;756.68726;1.1210912;188.28181;0.0;-7.3453654e-25;99.99998;-7.345365e-21;0.0069737434;-0.80573374;0.00035762787;0.3605187;0.36014616;0.0;0.0;5572.7207;6735.657;-2913.1445;6945.102;-559.7178;-1858.7544
2008-08-28;17.697693;-0.42617798;0.009918213;756.542;0.92670107;128.9572;0.0;-7.3453654e-25;99.99998;-7.345365e-21;0.03100408;-0.7052887;0.001475215;0.3567934;0.35531074;0.0;0.0;5121.711;6189.797;-2784.129;7143.8276;-489.9411;-1626.8556
2008-08-29;18.309723;-0.2472229;0.009796143;756.2415;1.0449654;118.1323;0.0;-7.3453654e-25;99.99998;-7.345365e-21;0.016257167;-0.6855261;0.00078976154;0.35136938;0.35056472;0.0;0.0;5251.066;6345.427;-2820.7402;7190.02;-476.21222;-1685.0056
2008-08-30;18.98223;-1.8180441;0.010114034;754.6285;1.3301754;179.00464;0.0;-7.3453654e-25;99.99998;-7.345365e-21;0.014948844;-0.6420687;0.0007301569;0.3466606;0.34593046;0.0;0.0;5228.058;6316.7085;-2920.0125;7018.3643;-446.02444;-1751.2411
2008-08-31;18.645853;-7.3661904;0.009787242;754.154;1.3797159;239.94293;0.0;-7.3453654e-25;99.99998;-7.345365e-21;0.0017137509;-0.65003616;8.940697e-05;0.341475;0.3414005;0.0;0.0;5982.878;7227.9463;-3465.6062;6306.5347;-451.5589;-2004.5566
2008-09-01;18.124857;-5.9502664;0.010065715;755.39355;1.2838908;135.45872;0.0;-7.3453654e-25;99.99998;-7.345365e-21;0.0017044131;-0.6438494;8.940697e-05;0.33701956;0.33693016;0.0;0.0;5891.2817;7116.4233;-3392.3877;6401.6865;-447.2611;-1874.5889
2008-09-02;18.967316;-2.917928;0.009733836;756.8113;1.0983545;193.11879;0.0;-7.3453654e-25;99.99998;-7.345365e-21;0.009301305;-0.63111633;0.00032782555;0.33287704;0.3325492;0.0;0.0;5605.842;6770.793;-3102.564;6823.6035;-438.41556;-1762.9434
2008-09-03;19.06124;-1.5557251;0.009754181;756.83856;1.3815784;204.40771;0.0;-7.3453654e-25;99.99998;-7.345365e-21;0.042220026;-0.5634362;0.0017136335;0.33001602;0.32830238;0.0;0.0;5019.632;6062.074;-2664.3323;7208.035;-391.40112;-1816.6967
2008-09-04;19.295279;-1.9428686;0.00993983;756.8591;1.455206;240.59123;0.0;-7.3453654e-25;99.99998;-7.345365e-21;0.0;-0.56994146;0.0;0.32413006;0.3241375;0.0;0.0;5207.2983;6287.9634;-2827.5334;7044.9824;-395.92;-1852.919
2008-09-05;18.497162;-2.1804607;0.010237376;756.8633;1.1827322;200.4862;0.0;-7.3453654e-25;99.99998;-7.345365e-21;0.13541621;-0.5736295;0.006482005;0.32657385;0.3200844;0.0;0.0;4964.292;5993.7827;-2801.9436;6987.826;-398.4822;-1629.8667
2008-09-06;17.91807;-2.28596;0.009770711;754.45685;1.3936661;177.35553;0.0;-7.3453654e-25;99.99998;-7.345365e-21;0.9476493;-0.78578293;0.048205256;0.3643781;0.3161505;0.0;0.0;5066.796;6116.7554;-2761.6252;6859.399;-545.8589;-1769.46
2008-09-07;16.875498;-6.8816833;0.009970347;753.0573;1.4159988;183.8258;0.0;-7.3453654e-25;99.99998;-7.345365e-21;0.00043686054;-0.89143217;1.4901161e-05;0.31228364;0.31225383;0.0;0.0;5678.1963;6854.067;-3251.213;6275.1265;-619.2478;-1790.7222
2008-09-08;14.562367;-2.2448323;0.009742737;753.4472;1.4186763;160.63022;0.0;-7.3453654e-25;99.99998;-7.345365e-21;0.3679584;-0.6099958;0.016868114;0.32532215;0.30846894;0.0;0.0;4529.7334;5467.237;-2462.594;6820.6055;-423.74445;-1698.1355
2008-09-09;13.4912;3.3908284;0.009844462;752.7658;1.1528097;191.25047;0.0;-7.3453654e-25;99.99998;-7.345365e-21;5.1478443;-0.8438062;0.31469762;0.6195605;0.3048554;0.0;0.0;4299.9756;5189.2847;-2182.7122;6987.6;-586.1644;-1586.4978
2008-09-10;12.109528;3.7728984;0.009918213;750.4406;0.92968184;199.00594;0.0;-7.3453654e-25;99.99998;-7.345365e-21;1.446867;-1.6091969;0.0744164;0.3758073;0.30138344;0.0;0.0;4327.63;5221.904;-2148.0127;6831.3765;-1117.8556;-1322.8033
2008-09-11;11.792145;0.62144977;0.010040283;750.13715;1.3456284;190.04358;0.0;-7.3453654e-25;99.99998;-7.345365e-21;0.33804083;-1.4774184;0.016331673;0.3142357;0.29791892;0.0;0.0;4767.181;5751.687;-2390.5925;6502.4165;-1026.3145;-1520.2356
2008-09-12;11.964783;-1.3067322;0.009960175;752.7798;1.2006558;178.59294;0.0;-7.3453654e-25;99.99998;-7.345365e-21;0.0;-1.47417;0.0;0.29444695;0.29444695;0.0;0.0;5352.1484;6456.637;-2770.1375;6150.7866;-1024.0577;-1645.0878
2008-09-13;13.282094;-2.1368816;0.009953816;753.9482;0.992125;192.81612;0.0;-7.3453654e-25;99.99998;-7.345365e-21;0.001275539;-1.3801922;5.9604645e-05;0.29104948;0.29098988;0.0;0.0;5259.1846;6343.7656;-2679.1555;6430.798;-958.7733;-1438.2456
2008-09-14;12.376851;1.0393575;0.010103862;753.3095;1.2687095;78.85482;0.0;-7.3453654e-25;99.99998;-7.345365e-21;2.0036848;-1.1515561;0.120431185;0.4080534;0.2876371;0.0;0.0;4414.981;5324.797;-2362.21;6675.3936;-799.94775;-1336.5642
2008-09-15;13.320598;-0.4686686;0.010412852;753.3145;1.0807407;58.83929;0.0;-7.3453654e-25;99.99998;-7.345365e-21;0.0004351138;-1.4076512;1.4901161e-05;0.28437376;0.28435886;0.0;0.0;5054.584;6095.5254;-2645.3477;6499.069;-977.8489;-1358.5723
2008-09-16;13.176686;0.20021565;0.009963989;753.51215;1.0620805;119.777954;0.0;-7.3453654e-25;99.99998;-7.345365e-21;0.0155210495;-1.125793;0.00067055225;0.28176606;0.28108805;0.0;0.0;4727.044;5695.5366;-2537.1418;6633.2188;-782.0511;-1323.22
2008-09-17;13.310608;0.3486023;0.009829204;752.9482;1.1312643;97.94025;0.0;-7.3453654e-25;99.99998;-7.345365e-21;0.0070154667;-0.9231735;0.00032782555;0.27823448;0.2778843;0.0;0.0;4630.7334;5574.5454;-2515.91;6709.7295;-641.2978;-1395.3933
2008-09-18;13.127533;-2.5870159;0.009606679;752.01215;1.2632867;156.4076;0.0;-7.3453654e-25;99.99998;-7.345365e-21;0.0008523463;-0.7734969;4.4703484e-05;0.2747625;0.2747327;0.0;0.0;5150.887;6195.3154;-2946.8433;6195.33;-537.3222;-1686.8978
2008-09-19;12.538859;-4.036957;0.009952545;752.7007;1.12073;203.54543;0.0;-7.3453654e-25;99.99998;-7.345365e-21;0.0;-0.6509041;0.0;0.27161837;0.27163327;0.0;0.0;5088.9614;6115.569;-3002.1943;6068.1533;-452.16223;-1654.0588
2008-09-20;11.979207;-2.5430908;0.009853363;754.3545;1.1788952;151.63849;0.0;-7.3453654e-25;99.99998;-7.345365e-21;0.86866087;-0.6090002;0.046998262;0.3156066;0.26860833;0.0;0.0;4620.121;5547.334;-2597.663;6313.125;-423.05222;-1599.8828
2008-09-21;13.079661;-1.295878;0.009634654;755.085;1.0305079;175.96173;0.0;-7.3453654e-25;99.99998;-7.345365e-21;0.0008583069;-0.796373;2.9802322e-05;0.2656877;0.26565045;0.0;0.0;4975.668;5969.02;-2759.2605;6372.8076;-553.2144;-1556.1189
2008-09-22;13.120311;-1.6483663;0.0101076765;753.2412;1.325777;200.11928;0.0;-7.3453654e-25;99.99998;-7.345365e-21;0.00044107434;-0.64332414;1.4901161e-05;0.26273727;0.26272237;0.0;0.0;4916.5723;5893.008;-2739.9917;6376.499;-446.89667;-1674.8123
2008-09-23;11.480458;0.14083862;0.010122935;752.31793;1.2683631;225.35799;0.0;-7.3453654e-25;99.99998;-7.345365e-21;0.6396761;-0.595836;0.032424927;0.29230118;0.25987625;0.0;0.0;4530.1187;5425.1646;-2431.5195;6507.602;-413.90778;-1671.7145
2008-09-24;11.488301;1.1461588;0.010025024;752.1123;1.3830472;219.05363;0.0;-7.3453654e-25;99.99998;-7.345365e-21;0.064343214;-0.57764536;0.0029206276;0.26005507;0.25713444;0.0;0.0;4330.899;5182.013;-2387.7583;6505.1426;-401.27112;-1674.9177
2008-09-25;10.46934;-0.13429768;0.009971619;752.0777;1.0511994;185.1331;0.0;-7.3453654e-25;99.99998;-7.345365e-21;0.0012843393;-0.55652577;5.9604645e-05;0.25446713;0.25439262;0.0;0.0;4739.777;5666.327;-2659.7498;6176.099;-386.6;-1727.1644
2008-09-26;9.536987;-1.0721436;0.0098724365;751.6794;1.1223437;218.63129;0.0;-7.3453654e-25;99.99998;-7.345365e-21;0.010597706;-0.4189387;0.0005066395;0.25224686;0.25174022;0.0;0.0;3976.7324;4750.009;-2300.138;6388.9507;-291.02222;-1508.3741
2008-09-27;6.7145996;3.8424072;0.0099652605;749.09344;0.934962;210.83044;0.0;-7.3453654e-25;99.99998;-7.345365e-21;16.709665;-1.3056155;1.0485351;1.2978464;0.24931133;0.0;0.0;1916.5212;2287.3547;-706.6261;7492.1606;-906.9678;-605.3189
2008-09-28;6.1239724;4.8876953;0.009953816;749.61615;1.1428264;222.46645;0.0;-7.3453654e-25;99.99998;-7.345365e-21;6.8811474;-1.7053783;0.44244528;0.6894469;0.24703145;0.0;0.0;2999.8027;3576.9287;-1193.498;7033.7314;-1184.67;-976.41113
2008-09-29;7.067373;-0.31941733;0.009581248;752.2925;0.94028026;183.05432;0.0;-7.3453654e-25;99.99998;-7.345365e-21;0.0021398067;-2.1254961;0.00012665987;0.24478137;0.24466217;0.0;0.0;4465.112;5319.53;-2199.4238;6105.2065;-1476.5111;-1114.5033
2008-09-30;5.754374;1.6868082;0.009819031;751.58276;1.0122396;199.38234;0.0;-7.3453654e-25;99.99998;-7.345365e-21;5.9046;-0.9110896;0.42933226;0.67166984;0.24235249;0.0;0.0;1842.2036;2193.289;-895.02527;7116.2666;-632.9033;-539.3778
2008-10-01;6.096344;-0.30836996;0.00999705;751.74615;0.8306989;160.464;0.0;-7.3453654e-25;99.99998;-7.345365e-21;1.6643047;-1.9791061;0.114664435;0.35476685;0.24009496;0.0;0.0;3838.2415;4564.6865;-1872.1995;6311.9844;-1374.8188;-964.36554
2008-10-02;6.7894897;-0.7906901;0.009857178;754.0098;0.9983623;77.88064;0.0;-7.3453654e-25;99.99998;-7.345365e-21;0.56818426;-1.9439366;0.034734607;0.27251244;0.23779273;0.0;0.0;4618.7676;5488.09;-2421.0793;5780.362;-1350.3889;-950.6789
2008-10-03;7.793264;-2.5251362;0.009967804;755.2963;1.096171;62.562603;0.0;-7.3453654e-25;99.99998;-7.345365e-21;0.0017268312;-1.9795634;9.685755e-05;0.23558736;0.2354905;0.0;0.0;4698.1567;5577.798;-2583.4302;5610.3887;-1375.1378;-870.24664
2008-10-04;8.504456;-2.7293599;0.010088603;755.1359;1.0115443;182.45677;0.0;-7.3453654e-25;99.99998;-7.345365e-21;0.0;-1.8684566;0.0;0.23320317;0.23321062;0.0;0.0;4593.2847;5448.69;-2494.2678;5765.583;-1297.9545;-864.8456
2008-10-05;8.232402;-1.5324911;0.009930928;754.9839;0.9216869;188.9964;0.0;-7.3453654e-25;99.99998;-7.345365e-21;0.42198598;-1.6183667;0.023901463;0.25488436;0.23097545;0.0;0.0;4328.3784;5130.047;-2309.2395;5959.921;-1124.2256;-958.0989
2008-10-06;9.069112;1.5397034;0.0101458235;755.42334;0.99672776;189.43164;0.0;-7.3453654e-25;99.99998;-7.345365e-21;0.42982477;-1.4376557;0.024162233;0.2529621;0.22879988;0.0;0.0;4052.8767;4799.37;-2137.081;6209.0166;-998.6911;-943.87415
2008-10-07;8.682048;-1.7879333;0.010314941;754.6175;1.0935727;189.21687;0.0;-7.3453654e-25;99.99998;-7.345365e-21;0.0004351138;-1.5622983;2.9802322e-05;0.22666156;0.22664666;0.0;0.0;4466.789;5285.036;-2484.2795;5806.7847;-1085.2766;-990.4644
2008-10-08;7.977183;-3.9632263;0.009915669;753.87506;1.0918784;204.54951;0.0;-7.3453654e-25;99.99998;-7.345365e-21;0.0008503946;-1.3722433;4.4703484e-05;0.2245605;0.2245158;0.0;0.0;4383.322;5181.819;-2476.6345;5716.066;-953.25165;-1118.6122
2008-10-09;6.763804;-5.4463296;0.0099487305;753.69464;1.0846605;124.85235;0.0;-7.3453654e-25;99.99998;-7.345365e-21;0.0008583069;-1.241846;4.4703484e-05;0.22244453;0.22241473;0.0;0.0;4461.0723;5269.2266;-2483.484;5655.898;-862.66943;-1168.1233
2008-10-10;6.882416;-5.7666726;0.010002136;755.21704;1.0360516;85.60196;0.0;-7.3453654e-25;99.99998;-7.345365e-21;0.0017225739;-1.1050413;8.940697e-05;0.22044778;0.22035837;0.0;0.0;3766.6816;4445.292;-2243.8655;5911.7534;-767.6361;-944.5278
2008-10-11;6.84316;-4.661631;0.009963989;754.88446;0.9760458;112.04391;0.0;-7.3453654e-25;99.99998;-7.345365e-21;0.11284053;-1.0907716;0.005811453;0.22414327;0.21832436;0.0;0.0;4265.7954;5029.868;-2351.565;5823.28;-757.7222;-1151.3867
2008-10-12;8.479665;-3.435028;0.0098775225;755.78564;1.114159;116.41638;0.0;-7.3453654e-25;99.99998;-7.345365e-21;0.1369183;-1.0282006;0.0066310167;0.22296607;0.21633506;0.0;0.0;3763.091;4433.1123;-2135.52;6132.8022;-714.25665;-956.1
2008-10-13;10.535899;-2.4609985;0.009747823;759.94635;1.1657705;242.54848;0.0;-7.3453654e-25;99.99998;-7.345365e-21;0.10318458;-1.0148864;0.0053346157;0.21970272;0.2143681;0.0;0.0;3929.0566;4625.012;-2145.929;6299.721;-705.00775;-953.47
2008-10-14;11.314229;-2.8094482;0.009923299;761.5302;1.0976132;196.84822;0.0;-7.3453654e-25;99.99998;-7.345365e-21;0.00043511385;-1.0636681;2.9802322e-05;0.21243095;0.2124235;0.0;0.0;4173.686;4908.7773;-2345.2383;6244.676;-738.8945;-920.81775
2008-10-15;11.939799;-3.5599873;0.009922028;758.7653;1.0723519;136.62201;0.0;-7.3453654e-25;99.99998;-7.345365e-21;0.00084863516;-0.91428685;4.4703484e-05;0.2105236;0.21048635;0.0;0.0;3400.5073;3996.035;-1973.6716;6679.246;-635.12445;-727.2989
2008-10-16;7.6640725;1.7130941;0.010172526;753.0117;1.0605364;221.65161;0.0;-7.3453654e-25;99.99998;-7.345365e-21;3.891319;-0.94231033;0.23646653;0.4451573;0.20867586;0.0;0.0;2761.1494;3243.8328;-1460.1;6756.464;-654.5911;-790.79114
2008-10-17;5.7125854;0.4172058;0.009890239;753.5101;0.8723182;163.65915;0.0;-7.3453654e-25;99.99998;-7.345365e-21;0.06133318;-0.8903192;0.0030696392;0.20998716;0.20691007;0.0;0.0;3088.0518;3626.6733;-1816.4517;6346.069;-618.4744;-985.9522
2008-10-18;5.4010925;-0.5626424;0.010077159;755.80963;0.88523394;105.877625;0.0;-7.3453654e-25;99.99998;-7.345365e-21;0.53331256;-0.81218034;0.027358532;0.23251772;0.20515919;0.0;0.0;3117.0295;3659.465;-1994.12;6003.4263;-564.19556;-811.5856
2008-10-19;6.0215964;-2.3009338;0.010199229;757.14185;1.004107;76.48526;0.0;-7.3453654e-25;99.99998;-7.345365e-21;0.0025662847;-0.8956855;0.00013411045;0.20354986;0.20341575;0.0;0.0;3650.6055;4284.4346;-2207.1472;5888.5527;-622.2033;-888.7856
2008-10-20;7.0697427;-4.3367615;0.009946187;754.3088;0.99604625;86.55258;0.0;-7.3453654e-25;99.99998;-7.345365e-21;0.00085234636;-0.95045006;4.4703484e-05;0.20170212;0.20164251;0.0;0.0;3932.551;4613.9224;-2380.1912;5761.5356;-660.2461;-944.6767
2008-10-21;6.893972;-4.3509216;0.009869893;752.1307;0.92467445;169.4173;0.0;-7.3453654e-25;99.99998;-7.345365e-21;0.0009536743;-0.8432148;4.4703484e-05;0.19995868;0.19990653;0.0;0.0;3871.5134;4540.952;-2373.5488;5753.082;-585.7528;-986.51556
2008-10-22;5.4234824;-1.2288309;0.009986877;753.27203;0.83151346;205.29736;0.0;-7.3453654e-25;99.99998;-7.345365e-21;3.8464963;-0.994171;0.22619963;0.42445958;0.19824505;0.0;0.0;3197.9873;3749.9111;-1663.2361;6384.684;-690.6178;-901.5833
2008-10-23;4.111735;2.0333862;0.009994507;755.5422;0.82986885;77.513016;0.0;-7.3453654e-25;99.99998;-7.345365e-21;10.214418;-0.978169;0.7072091;0.90393424;0.19671023;0.0;0.0;1544.6444;1810.8689;-872.48;6937.0034;-679.5022;-340.5178
2008-10-24;4.3073425;2.9728496;0.010063171;755.62036;0.78402823;75.21107;0.0;-7.3453654e-25;99.99998;-7.345365e-21;18.570232;-0.99139476;1.5578866;1.7531067;0.19522011;0.0;0.0;1506.9155;1765.9283;-617.26697;7251.918;-688.6889;-331.62555
2008-10-25;5.023702;2.767334;0.010340373;754.1821;0.8194786;61.924168;0.0;-7.3453654e-25;99.99998;-7.345365e-21;4.936255;-1.0334579;0.45335293;0.6470978;0.1937449;0.0;0.0;1977.0117;2315.95;-1101.3103;6825.2734;-717.9089;-367.0789
2008-10-26;4.306936;1.9680887;0.010388692;751.75903;0.8536589;47.337543;8.138021e-05;-7.3453654e-25;100.00779;-7.345365e-21;6.483093;-1.2776386;0.59868395;0.79096854;0.19227713;3.7252903e-06;0.00024586916;2423.746;2838.14;-1042.0906;6931.0654;-887.5333;-589.62
2008-10-27;2.4854329;0.77334595;-0.6078949;751.42456;0.9933398;33.579346;2.009196;0.00031852722;135.82875;1.7903646;8.793145;-1.0297523;0.8701533;1.0609925;0.19084662;0.11249259;0.43118;1326.1422;1573.5455;-608.385;7054.9854;-715.1989;-396.97888
2008-10-28;3.1394756;-1.2527872;-2.508166;751.91254;0.9227047;74.0758;1.8427734;0.00027481714;151.0996;1.4648438;0.49174425;-1.3087634;0.05558133;0.24500489;0.18943101;0.11382811;0.0;2679.2283;3165.9756;-1434.7039;6363.94;-909.18225;-627.45447
2008-10-29;2.3240051;-0.9180501;-3.3715298;752.5176;1.3833776;34.591255;1.2342936;0.00018417835;151.11847;0.9765625;0.2534926;-0.89965945;0.029966235;0.21797419;0.18800795;0.07811934;0.0;1989.3066;2342.26;-1138.2944;6494.332;-624.9611;-503.32
2008-10-30;1.7670492;-1.9290873;-3.51415;752.4703;1.5965241;30.497984;0.9746094;0.00014960766;151.36261;0.9765625;0.49480203;-0.9036744;0.0410527;0.22767484;0.18663704;0.04949048;0.05793199;1926.1111;2262.62;-1197.745;6365.9644;-627.86;-506.91223
2008-10-31;0.8758748;-3.206014;-5.749227;753.83;1.3033249;34.921852;1.0056967;0.00015111764;150.32062;0.9765625;0.1594305;-0.9588869;0.017046928;0.20234287;0.18528104;0.0535734;0.027418137;2524.8083;2965.6746;-1600.7805;5853.7734;-666.2144;-556.3422
2008-11-01;0.51835126;-4.3641257;-4.5292397;754.5201;1.5109495;35.556866;0.89835614;0.00013780594;149.4544;1.0172526;0.10592646;-1.0471996;0.0053197145;0.18925965;0.18394738;0.037312508;0.09196997;2700.5479;3168.9443;-1356.718;6106.811;-727.7178;-694.3311
2008-11-02;0.41908774;-3.0667012;-5.380339;755.10565;1.1700755;38.984833;1.8091635;0.00027779737;148.32909;1.8310547;1.8453926;-0.9647515;0.15348196;0.3361255;0.18263608;0.08374266;0.21322817;2590.5762;3049.179;-1627.5233;5812.96;-670.27;-594.2989
2008-11-03;-1.4092203;-3.6300151;-6.0151176;752.9478;0.961216;61.601734;2.1639812;0.00032866;152.15819;1.953125;2.4772375;-1.0447428;0.24276972;0.42411685;0.18135458;0.13273768;0.12245774;2888.537;3409.4155;-1578.9856;5782.4287;-725.8028;-724.2222
2008-11-04;-1.4886881;-5.4461265;-6.8357453;753.9348;0.8841812;61.67938;1.8063151;0.00026750565;150.64516;1.4241537;0.54233074;-0.9932639;0.056788325;0.23689866;0.18010288;0.11498667;0.0028461218;2669.5527;3146.2256;-1594.5845;5690.6953;-690.14;-674.7244
2008-11-05;0.06677246;-7.2236533;-8.335744;753.4588;0.9236305;36.171864;1.1897787;0.00017579396;150.65102;0.9765625;0.012367964;-0.94817394;0.009745359;0.188604;0.17885864;0.07788092;0.0;3023.3333;3550.7134;-1972.2578;5310.1377;-658.79333;-542.2856
2008-11-06;0.52144367;-6.0349326;-8.150357;751.0125;0.764442;187.81592;0.75960284;0.000112374626;150.6598;0.44759116;0.0042915335;-0.8161161;0.0063329935;0.18396974;0.17763674;0.053105876;0.0;2948.0156;3453.3833;-1897.711;5402.649;-566.98334;-460.25
2008-11-07;0.27881876;-3.6980488;-7.2437553;752.4102;0.8464629;166.40279;0.48746744;7.2042145e-05;150.66405;-7.345365e-21;0.95541775;-0.78353846;0.08043647;0.25688112;0.17644465;0.03175065;0.0;2781.8972;3253.2578;-1741.3384;5559.168;-544.35443;-504.21667
2008-11-08;0.33246866;-5.133555;-8.408111;755.91425;0.8899879;83.21757;0.31176758;4.6054523e-05;150.66469;-7.345365e-21;0.0009908031;-0.7579578;0.0025629997;0.17784536;0.17528236;0.022199005;0.0;2695.0928;3147.8333;-1849.8495;5408.488;-526.55225;-414.62778
2008-11-09;-0.0013631185;-4.8730874;-6.480629;755.2871;1.0016357;60.892014;0.21948242;3.405412e-05;149.5716;-7.345365e-21;0.07284952;-0.7318891;0.003993511;0.17811358;0.17412752;0.014115125;0.041767955;2920.6755;3408.1855;-1724.8495;5641.3945;-508.43445;-514.1433
2008-11-10;-1.0632426;-5.7781386;-6.60841;756.50604;1.8836193;36.424778;0.6885579;0.00010434786;146.83038;-7.345365e-21;0.079244375;-0.7991474;0.0027269125;0.17569959;0.17298758;0.02399087;0.07744506;2913.14;3404.8079;-1740.8234;5500.2065;-555.43335;-709.7256
2008-11-11;-0.99516803;-5.4765015;-7.4650855;756.1259;1.5080034;42.099457;0.73095703;0.00010891756;150.25812;-7.345365e-21;0.013263042;-0.7227771;0.004068017;0.17592311;0.17187;0.03420189;0.008121133;2841.9622;3321.3333;-1871.4362;5350.9844;-502.3089;-619.8311
2008-11-12;-0.60176593;-6.03245;-8.4328375;754.5388;0.99731714;63.643726;0.50219727;7.363161e-05;150.23436;-7.345365e-21;2.9802322e-05;-0.65777636;0.0037699938;0.1745522;0.1707673;0.03497675;2.6077032e-05;3101.9255;3620.4744;-2037.9883;5192.964;-457.0;-546.0589
2008-11-13;-1.0486857;-6.4430137;-7.1885324;752.5988;0.9732297;62.783646;0.3190104;4.6809513e-05;150.94952;-7.345365e-21;0.0008583069;-0.64784193;0.0023692846;0.1720488;0.16967952;0.021640211;0.00042840838;2879.95;3357.8389;-1735.6278;5518.887;-450.08835;-638.31775
2008-11-14;-1.6068624;-5.530426;-7.5251794;752.3071;0.899708;60.277843;0.5148926;7.903576e-05;147.23273;0.40690103;0.7947564;-0.5255351;0.052675605;0.22131205;0.16862899;0.011641532;0.11190027;2350.912;2739.2512;-1586.8105;5592.562;-365.09332;-436.6
2008-11-15;-1.5545349;-6.246206;-7.223427;753.09033;0.84572643;43.948826;0.7979329;0.000118136406;149.7809;0.9765625;0.114048615;-0.59333074;0.0122487545;0.17982721;0.16758591;0.038048252;0.0074468553;2402.9207;2805.72;-1545.8806;5599.9805;-412.34555;-523.2878
2008-11-16;-1.25413;-5.918264;-7.5104194;751.98016;0.75809747;121.718575;3.06014;0.00045379004;141.73631;3.2552083;2.4606876;-0.4877746;0.045344234;0.21190941;0.16656518;0.03380701;1.8789805;2760.2778;3220.0234;-1760.9377;5438.479;-338.86334;-499.69888
2008-11-17;-2.4026287;-6.533213;-9.536342;750.1326;0.68477887;101.54541;14.890462;0.0018684864;128.21515;15.136719;0.7259995;-0.5953908;0.09186566;0.25741756;0.1655519;0.4990436;0.20495802;2412.9521;3025.361;-1719.1389;5236.283;-417.18112;-443.20444
2008-11-18;-1.279246;-5.4194436;-10.025589;752.15314;0.77398914;190.28157;9.741455;0.0013961792;147.20831;9.684245;0.00087911147;-0.45471638;0.055924058;0.22047758;0.16456842;0.52440166;0.0;2844.4617;3468.7366;-2090.4045;4933.951;-317.31332;-491.02112
2008-11-19;0.7156372;-4.898102;-5.9302697;754.75684;0.68901753;217.80067;7.2359214;0.0011089643;149.05467;7.283529;1.9995749;-0.45010632;0.103995204;0.26758015;0.16358495;0.4093647;1.201313;2572.984;3083.7612;-1426.1228;5842.7476;-313.3278;-375.52667
2008-11-20;0.28085327;-0.15924072;-0.6091334;752.03424;0.74484134;204.5794;19.412271;0.0028729837;145.59828;19.57194;5.946285;-0.34224802;0.46806037;0.63067675;0.16263872;0.85936487;1.9853189;958.87555;1245.38;-208.25278;7158.223;-237.67667;-212.96222
2008-11-21;-0.73253375;-1.3555094;-0.7084821;750.3428;1.2236397;208.52553;27.670736;0.004234592;150.29816;28.116861;4.6248555;-0.6681932;0.25980175;0.42149425;0.16169995;0.8062199;2.5482626;1574.5867;2124.9111;-557.05835;6789.7495;-467.3289;-499.3611
2008-11-22;-1.139089;-1.9388733;-1.2976748;749.51196;0.9601118;204.37016;38.78581;0.0059233904;150.36;39.14388;4.639632;-0.45618975;0.2360791;0.39686263;0.16077608;0.7879846;2.8971395;1060.1989;1532.3722;-435.00833;6812.129;-320.52222;-317.5778
2008-11-23;-0.35062662;-1.035024;-0.67717236;750.7627;0.98762196;236.09373;51.54248;0.007765611;150.71027;51.3916;2.3061454;-0.40382332;0.2516061;0.41146576;0.15986711;1.35177;1.1159406;831.3111;1386.1555;-340.27167;6946.269;-284.81223;-190.15666
2008-11-24;-0.8977153;-3.2692974;-5.9470315;754.0103;0.92712045;183.34064;41.18205;0.00615255;151.4492;41.137695;0.002104044;-0.58665776;0.23308396;0.39201975;0.15895069;1.9647703;0.0016912818;1990.6805;3002.9;-1430.4734;5644.759;-410.20334;-372.1489
2008-11-25;-0.8335063;-6.0793557;-8.702497;754.08954;0.90184206;91.41975;30.62207;0.0045933723;151.79784;30.88379;0.008165836;-0.47515705;0.15646219;0.3144741;0.15805662;1.3000891;0.0;2140.646;2980.7378;-1687.4344;5227.758;-331.0611;-211.19778
2008-11-26;-0.98049927;-5.5802307;-8.153256;751.1853;0.89549655;70.27605;22.978027;0.0034515858;152.055;22.664389;0.007647275;-0.40336138;0.12129545;0.2784431;0.1571551;1.0003895;0.0;2264.7673;2997.321;-1683.4127;5320.777;-281.57;-308.38333
2008-11-27;-0.83669025;-4.539553;-7.314051;749.08527;0.71381587;157.72778;17.200521;0.0025865238;152.24574;16.682943;0.06652811;-0.39864892;0.097721815;0.2540052;0.15629828;0.7663853;0.0032186508;2215.2861;2827.8523;-1483.6178;5595.656;-278.56332;-327.25
2008-11-28;-1.4202067;-4.7099304;-4.9181275;749.7658;0.6560508;124.24542;14.033203;0.0021433432;150.84276;13.834636;1.1171281;-0.538148;0.06496906;0.22041798;0.15544146;0.4053004;0.89817494;1995.3589;2486.9333;-1170.3428;6019.115;-377.06555;-427.43445
2008-11-29;-3.4655964;-4.7099113;-4.8206635;751.7551;0.99577254;45.81055;85.35278;0.016324004;128.49054;123.25033;18.203575;-0.06556511;0.030174851;0.1847744;0.15461445;0.007327646;17.231174;213.70277;713.5789;-518.3961;6240.289;-51.031113;-38.79
2008-11-30;-4.8973184;-7.9271035;-8.707138;751.74054;1.5083076;15.299347;100.0;0.021501422;149.27245;144.81609;0.008833407;-0.07041637;0.013425946;0.16722083;0.15380234;0.13341755;0.0058338046;872.5278;3067.8533;-1079.8872;5244.561;-54.615555;-51.49889
2008-12-01;-7.0227547;-11.096901;-10.598016;752.4524;1.2655075;27.972025;99.53646;0.020938555;153.57387;136.67805;0.0009268521;-0.02553314;0.0937134;0.24671853;0.15300512;0.7980652;0.0;951.1;3109.2778;-1143.2383;4978.7134;-20.223333;-47.274445
2008-12-02;-7.764704;-12.089164;-11.388423;753.53705;1.6238214;15.097499;98.85465;0.02016274;154.88116;130.3711;0.0032097101;-0.07243082;0.08097291;0.23318827;0.15222281;0.6803125;0.0023487955;1051.6083;3201.6277;-1322.46;4727.401;-56.572224;-38.33
2008-12-03;-6.6447296;-12.062901;-12.269589;754.8284;1.7495613;15.483147;98.24048;0.019364834;155.93617;124.51172;0.0;-0.09066798;0.08840859;0.2398789;0.1514554;0.73728335;0.0;1141.0695;3281.5344;-1429.8022;4504.176;-71.431114;28.553333
2008-12-04;-4.8810234;-12.446246;-12.183998;757.3162;1.7542061;11.974681;96.84872;0.01829497;157.71417;116.373695;0.0008583069;-0.071384944;0.14418364;0.29489398;0.15069544;1.182016;0.0;1210.0294;3286.6611;-1541.9445;4446.112;-55.487778;64.87666
2008-12-05;-4.3424797;-15.629781;-12.62663;758.79425;1.6360198;9.135148;94.72665;0.016840657;159.0589;106.0791;0.0025749204;-0.085426494;0.1892075;0.33916533;0.14996529;1.5260689;0.0;1296.3428;3311.4888;-1623.2783;4330.686;-65.36;79.164444
2008-12-06;-2.6618855;-15.929793;-11.467537;756.80145;1.3690258;12.054505;90.55599;0.014893253;159.83624;93.46517;0.0008523463;-0.08070283;0.26308;0.41231513;0.14922768;2.0853057;0.0;1358.8672;3248.4634;-1576.52;4536.7715;-61.59;59.43222
2008-12-07;-1.4441427;-15.105156;-10.531615;752.3457;1.0498047;186.5802;79.66122;0.012855172;162.41957;79.67123;0.0008523463;-0.16582012;0.24655461;0.3950745;0.14850497;1.9204766;0.0;1523.5022;3175.7466;-1580.6694;4705.204;-120.51444;2.88
2008-12-08;-2.1517334;-11.572787;-10.443891;749.6888;0.81305045;288.0881;66.92155;0.010919929;163.9785;67.0166;0.0;-0.21507126;0.23204088;0.3798604;0.14780462;1.7764046;0.0;1697.7128;3078.5356;-1636.4922;4779.723;-157.68222;-124.363335
2008-12-09;-2.9471333;-11.437279;-8.841741;750.66437;0.7824867;243.53693;59.326904;0.009757002;164.2757;59.16341;0.31761527;-0.25684667;0.081434846;0.22855401;0.14711916;0.6179288;0.31270832;1686.6389;2830.0188;-1335.7406;5197.835;-195.0389;-222.68
2008-12-10;-5.4613557;-6.850165;-4.954493;749.15356;0.92131037;222.47156;92.440674;0.02324172;137.20277;168.90462;21.835938;-0.086758286;0.00028312206;0.14671683;0.14644116;0.0;21.651741;153.71666;514.2756;-251.36833;6490.851;-67.91333;-107.46667
2008-12-11;-11.229512;-16.917845;-17.373108;751.8652;1.2656817;62.014942;100.0;0.031669933;145.14288;219.1569;0.0020170563;0.0038202852;0.0;0.14576316;0.14577061;0.0;0.0007376075;817.88055;3232.9644;-1348.1666;4131.277;2.9855556;15.524445
2008-12-12;-16.00904;-23.847181;-23.584906;748.5618;1.4913926;23.480377;100.0;0.031672638;151.00648;209.43196;0.0;0.0033136457;0.0;0.14510751;0.14511496;0.0;0.0;858.75055;3308.7988;-1288.7333;3624.9395;2.34;73.51778
2008-12-13;-15.288403;-25.130724;-24.13169;747.0201;1.402556;30.025816;100.0;0.03167069;151.6048;208.57747;0.0;-0.0034738332;0.0;0.14448166;0.14447421;0.0;0.0;875.55054;3289.2134;-1301.8545;3565.629;-2.9388888;84.73111
2008-12-14;-13.913379;-25.358225;-23.357931;746.13153;1.2512263;76.13389;100.0;0.03166155;152.20929;207.72298;0.0017183638;-0.0144140795;0.0;0.14384091;0.14384836;0.0;0.0;887.5428;3253.5134;-1284.3422;3654.4521;-11.491111;74.73778
2008-12-15;-15.951302;-24.927847;-23.031036;744.8453;1.349171;34.081875;100.0;0.031647842;152.82745;207.03125;0.00086724747;-0.010586344;0.0;0.14322996;0.14322996;0.0;1.4901161e-05;913.4133;3274.8489;-1264.385;3699.2776;-8.54;46.77111
2008-12-16;-16.359816;-22.51948;-21.773367;747.1579;1.5740093;39.29071;100.0;0.031642634;153.48143;206.05469;0.0024467008;-0.0028917566;0.0;0.14261901;0.14261901;0.0;0.0011101365;908.6711;3178.8333;-1248.5089;3826.05;-2.4755557;27.60111
2008-12-17;-15.47749;-23.041962;-21.299984;748.4377;1.6363891;29.345673;100.0;0.03163123;154.18488;205.32227;0.0;-0.015960075;0.0;0.14200807;0.14202297;0.0;0.0;932.6472;3189.709;-1267.8817;3855.2112;-12.802778;47.906666
2008-12-18;-14.650838;-21.690485;-20.875069;750.96173;1.3820344;33.60538;100.0;0.03161772;154.92316;204.3457;0.00086426723;-0.008891337;0.0;0.14144182;0.14143437;0.0;0.0;952.71387;3186.91;-1280.985;3879.8584;-7.2344446;34.718887
2008-12-19;-10.94884;-20.402079;-18.017143;750.0717;1.1303314;66.572685;100.0;0.031595945;155.74901;203.125;0.0012848559;-0.03311038;0.0;0.14084578;0.14086068;0.0;0.0;931.6178;3047.2178;-1078.0233;4347.441;-26.254444;14.444445
2008-12-20;-7.950676;-14.54095;-15.284411;749.82245;0.8649208;179.60527;100.0;0.03155327;156.84242;201.17188;0.0017225739;-0.035488047;0.0010877848;0.14138222;0.14028698;0.012230128;0.0;957.6522;3060.659;-1197.2306;4477.457;-28.143333;-17.155556
2008-12-21;-6.947342;-10.728352;-8.480274;750.0147;0.6027364;268.91916;100.0;0.035463493;149.53188;235.92122;9.3768635;-0.1316648;0.0;0.13972819;0.13972819;0.0;9.3709345;480.685;1596.2134;-100.185;6279.049;-103.70556;-84.80334
2008-12-22;-4.8094583;-7.378778;-5.0886292;750.2708;0.27221844;179.31317;100.0;0.045711875;148.9339;305.4606;10.847273;-0.053646974;0.0;0.13917685;0.1391694;0.0;10.803394;357.6122;1379.2955;-256.6111;6465.9062;-42.236668;-63.97
2008-12-23;-3.8957317;-4.470632;-3.3011754;747.43475;0.7946921;189.03584;100.0;0.06101839;149.82484;403.84927;24.72212;-0.062274747;0.0071674585;0.14579296;0.1386255;0.0;23.79809;198.60777;818.2744;-34.637222;6870.7627;-49.003887;-98.837776
2008-12-24;-5.8150535;-6.989576;-4.391023;743.701;1.0268601;213.5471;100.0;0.08987498;149.30206;597.9411;27.663113;-0.10337308;0.0;0.13808906;0.13809651;0.0;27.529337;427.09055;1831.2245;-355.5239;6378.7944;-81.384445;-178.39555
2008-12-25;-6.2258973;-7.016393;-5.5734596;746.21844;1.1751198;217.35138;100.0;0.12423626;150.55043;822.5505;19.568045;-0.036140904;0.0;0.13755262;0.13756007;0.0;19.524097;185.55444;803.14557;-241.86278;6393.441;-28.438889;-73.903336
2008-12-26;-9.096581;-11.6922655;-9.815772;749.9101;0.7437342;130.9858;100.0;0.12927218;156.83624;825.2767;0.13827085;-0.00027008355;0.0;0.13703108;0.13703108;0.0;0.13282895;651.1539;2776.9111;-1143.2655;4888.4844;-0.30444443;-87.48
2008-12-27;-11.857151;-15.505506;-15.712543;748.4444;1.1363181;19.720839;100.0;0.12933023;161.5628;801.1882;0.0055134296;0.029155985;0.0;0.13652444;0.13651699;0.0;0.0037923455;728.1533;3031.98;-1190.3783;4337.919;22.73;-16.906666
2008-12-28;-10.710178;-18.53979;-19.721453;747.0877;1.0013655;200.94576;100.0;0.12935774;164.57094;786.6211;0.0;0.021951273;0.0;0.135988;0.1360029;0.0;0.0;782.22943;3162.9521;-1066.3;4193.535;17.1;56.165554
2008-12-29;-10.208004;-15.100238;-19.721535;745.82074;0.69465595;224.60443;100.0;0.12996805;165.8434;782.5928;5.0666037;0.030066818;0.0;0.13549626;0.13550371;0.0;5.0631723;781.30664;3076.1355;-570.3933;4824.399;23.475555;21.484444
2008-12-30;-8.169866;-9.304057;-12.947479;746.0057;0.68140775;201.3572;100.0;0.14290237;151.9518;938.5173;9.776995;0.02777297;0.0;0.13500452;0.13500452;0.0;9.771869;377.255;1588.1812;134.98222;6325.621;21.698334;-35.726665
2008-12-31;-7.4190917;-8.239884;-8.747658;743.64703;0.9830074;190.53508;100.0;0.15685968;151.44203;1031.4535;33.036404;0.014424324;0.0;0.13452768;0.13451278;0.0;33.02527;195.18556;817.50775;74.65833;6550.54;11.2722225;-34.705555
2009-01-01;-12.019821;-13.80955;-9.316032;738.10425;1.1873568;157.89139;100.0;0.19472127;152.21645;1278.2389;15.169102;-0.0864109;0.0;0.13402104;0.1340285;0.0;15.158288;496.30945;2175.2888;-894.42725;5210.8037;-68.05556;-183.61
2009-01-02;-15.129855;-20.031662;-16.610807;744.2297;1.0027018;41.154243;100.0;0.19743192;159.07777;1242.1061;0.032263994;-0.019131228;0.0;0.13355911;0.13355166;0.0;0.031430274;747.2817;3179.0955;-1352.7478;4006.8303;-15.13;-104.16778
2009-01-03;-13.02718;-22.97146;-21.806839;747.39386;0.90929204;67.71573;100.0;0.1974396;163.20409;1210.6119;0.0008591776;0.008910894;0.0;0.13306737;0.13308227;0.0;0.0;790.72;3272.601;-1138.2345;3911.5566;6.927778;52.095554
2009-01-04;-11.273641;-19.423933;-21.26917;747.5828;1.0945479;135.20384;100.0;0.19746976;166.46938;1186.6455;0.027312689;0.020638108;0.0;0.13260543;0.13260543;0.0;0.026017427;714.92;2880.331;-587.6639;4707.6294;16.08;64.433334
2009-01-05;-10.082158;-13.735504;-19.610176;747.32;0.86865836;177.1545;100.0;0.19757597;169.96776;1162.9639;0.08186698;0.048069283;0.0;0.1321435;0.1321435;0.0;0.080145895;803.43555;3158.1821;-906.6556;4446.7056;37.468887;45.93778
2009-01-06;-11.72192;-14.856229;-18.510977;746.6103;1.0352196;53.21816;100.0;0.1976434;173.70277;1138.5498;0.008200858;0.04311651;0.0;0.13168156;0.13168901;0.0;0.0030510128;785.0283;3009.2744;-734.9828;4760.08;33.762222;14.992222
2009-01-07;-10.670373;-12.4414015;-16.48973;746.5883;0.8753707;105.46116;100.0;0.19772966;177.74835;1112.915;0.21218061;0.049430877;0.0;0.13123453;0.13123453;0.0;0.20800531;765.68054;2861.9521;-539.2511;5169.411;38.685555;-19.004444
2009-01-08;-8.109669;-9.377991;-12.744348;748.41504;0.64133877;178.67186;100.0;0.19911118;180.66632;1102.5797;1.3305724;0.03201887;0.0;0.13078749;0.13078749;0.0;1.3181567;624.4033;2327.9922;-198.825;5975.1187;25.105556;-48.784443
2009-01-09;-9.271121;-10.853703;-10.729373;747.299;0.80244726;196.42448;100.0;0.19985695;185.92902;1075.6836;0.77857673;0.0050105155;0.0;0.13034046;0.13034046;0.0;0.7733032;610.6028;2243.6245;-499.48056;5695.251;3.9044445;-63.175556
2009-01-10;-11.889293;-14.31081;-12.022498;746.8596;0.83730906;154.92386;100.0;0.2002794;191.35805;1047.6074;0.10638237;-0.021129847;0.0;0.12990832;0.12990087;0.0;0.101201236;782.8017;2834.6577;-1069.14;4791.2515;-16.675556;-114.41
2009-01-11;-13.466225;-16.291574;-14.411331;745.38574;0.9213194;109.27673;100.0;0.20050053;195.4557;1026.2045;0.16030669;-0.00026915222;0.0;0.12947619;0.12946874;0.0;0.1556687;873.7778;3103.8867;-1256.3217;4405.797;-0.28444445;-88.526665
2009-01-12;-15.912717;-22.573227;-19.134071;749.25385;1.6963719;16.12956;100.0;0.20054142;198.74217;1009.80634;0.0017166138;0.0033974648;0.0;0.12904406;0.1290366;0.0;0.0008419156;1018.0344;3534.3123;-1543.3811;3634.8098;2.6155555;6.34
2009-01-13;-12.439468;-21.595062;-20.780794;753.6409;1.6411351;13.862148;100.0;0.20055063;201.17674;997.63995;0.00042617318;0.014225021;0.0;0.12861192;0.12861192;0.0;0.0;1032.1777;3504.1545;-1191.7716;4032.0388;11.064445;84.204445
2009-01-14;-8.828965;-17.576162;-19.6358;757.88995;1.5180384;9.677902;100.0;0.20057221;203.54848;985.79913;0.0008523463;0.031137839;0.0;0.12819469;0.12818724;0.0;0.0;1067.7506;3545.9233;-1129.3083;4261.0894;24.293333;111.164444
2009-01-15;-8.342423;-17.198902;-18.574791;755.5909;1.429318;7.907801;100.0;0.20060153;206.083;973.7142;0.0;0.027986243;0.0;0.12777746;0.12777746;0.0;0.0;1117.1306;3630.9812;-1176.3889;4294.658;21.852222;102.2
2009-01-16;-7.2277017;-16.91561;-17.20603;753.29395;1.2674276;23.58603;100.0;0.20062268;208.77992;961.4665;0.0017151796;0.017029233;0.0;0.12734532;0.12734532;0.0;0.0;1125.0889;3580.3855;-1104.16;4505.628;13.261111;76.37
2009-01-17;-4.8044586;-16.094648;-14.645045;750.343;0.5937619;250.1335;100.0;0.20063691;211.82582;947.876;0.010299682;-0.004975125;0.0;0.12694299;0.12694299;0.0;0.007368624;1041.7056;3244.6968;-799.9533;5125.056;-3.945;1.7755556
2009-01-18;-7.5761094;-16.663345;-14.048955;748.8188;0.703595;96.95221;100.0;0.20063575;215.21873;932.9427;0.0012874597;-0.005820766;0.0;0.12654066;0.12654066;0.0;0.0;1142.435;3494.0854;-1330.282;4450.991;-4.6222224;-25.68
2009-01-19;-9.3619;-16.774897;-15.258718;747.8103;0.83999413;70.81281;100.0;0.20063679;218.28644;919.71844;0.0031590452;0.0019390136;0.0;0.12615323;0.12613833;0.0;0.0010207295;1131.4695;3390.321;-1270.4122;4415.444;1.4533334;-22.013334
2009-01-20;-9.814888;-14.467837;-15.714383;747.3076;0.92598873;72.20607;100.0;0.20065057;221.05663;908.12177;0.0;0.024168752;0.0;0.125736;0.12574345;0.0;0.0;1147.0828;3369.9468;-1271.4022;4387.622;18.845556;-17.61
2009-01-21;-11.25092;-15.684688;-16.051497;748.83453;1.1182479;55.28854;100.0;0.2006735;223.65004;897.5423;0.0016473111;0.022691675;0.0;0.12534857;0.12534857;0.0;0.00078231096;1292.3038;3725.5012;-1402.2609;4222.122;17.666666;-28.37889
2009-01-22;-11.139542;-16.186424;-15.615825;751.4226;1.6516846;13.948674;100.0;0.20066826;226.1686;887.6953;0.003027916;-0.029158778;0.0;0.12496114;0.12495369;0.0;0.0021755695;1293.2561;3659.17;-1373.088;4316.935;-23.002222;-23.433332
2009-01-23;-7.9828973;-16.57214;-16.011314;748.7005;1.233;24.153997;100.0;0.20066619;228.58788;878.6621;0.0012904406;0.011310913;0.0;0.12455881;0.12457371;0.0;0.0;1393.9589;3872.9766;-1496.5638;4157.8154;8.756667;38.32111
2009-01-24;-8.620328;-14.372739;-14.675265;744.78827;0.82662797;166.8849;100.0;0.20072186;230.90883;870.1172;0.2777785;-0.0047627836;0.0;0.12418628;0.12418628;0.0;0.27228147;1147.2339;3129.2312;-772.35944;5152.4565;-3.8133333;-22.026667
2009-01-25;-7.3285966;-9.612298;-11.028932;746.6536;0.59394866;240.06679;100.0;0.20129752;232.33006;867.2282;0.46643618;-0.060513616;0.0;0.12379885;0.1238063;0.0;0.46049803;1181.2694;3246.2878;-845.8858;5379.06;-47.68889;-106.57889
2009-01-26;-5.984121;-7.166158;-8.982795;748.7627;0.65499896;244.29646;100.0;0.20173724;234.88605;859.65985;0.7327766;-0.04197657;0.0;0.12344122;0.12342632;0.0;0.7259622;840.00665;2301.419;-457.28333;5990.6953;-33.14722;-93.82333
2009-01-27;-5.5028076;-6.4617615;-6.602163;748.3051;0.6653047;176.47478;100.0;0.20413196;234.65297;870.19855;2.8254452;-0.07125363;0.0;0.12305379;0.12305379;0.0;2.8206668;821.1872;2421.0823;-387.2678;6297.594;-56.175556;-154.96666
2009-01-28;-5.8633804;-9.221316;-6.753329;748.5676;0.944392;57.480556;100.0;0.20495395;238.04327;861.8571;0.0052630897;-0.096622854;0.0;0.12266636;0.12268126;0.0;0.0044107437;1231.4127;3669.1077;-1400.5588;5011.96;-76.15444;-142.57556
2009-01-29;-4.718553;-10.186332;-8.793239;747.2073;0.6830101;156.22643;100.0;0.2052939;241.28285;850.62665;2.8020592;-0.03924966;0.0;0.12230873;0.12230873;0.0;2.6613474;1326.115;3875.1768;-1169.7533;5155.793;-30.932222;-65.06111
2009-01-30;-5.4309387;-6.469107;-6.946406;744.63873;0.5039097;208.39624;100.0;0.21474314;229.42772;934.85516;11.081386;-0.0026347116;0.0;0.1219511;0.12194365;0.0;10.914668;508.92334;1839.8033;-301.64667;6296.4624;-2.1277778;-74.89667
2009-01-31;-6.0323195;-7.390579;-6.262343;744.99457;0.79744315;166.597;100.0;0.22049351;226.97816;972.0459;2.0851493;-0.045184977;0.0;0.12156367;0.121586025;0.0;2.0014346;857.185;3303.1511;-766.2244;5798.9834;-35.60889;-160.83888
2009-02-01;-6.0667596;-7.878807;-6.7664237;745.0175;0.7697783;148.35313;100.0;0.22179277;230.79262;961.6292;1.1927605;-0.018978491;0.0;0.12123585;0.1212284;0.0;1.1612699;883.8372;3383.2112;-739.4744;5790.309;-14.535556;-125.90444
2009-02-02;-6.1289697;-7.8572974;-6.2689843;748.70776;0.6762088;242.26082;100.0;0.22286355;234.37172;951.70087;0.7195413;-0.06894395;0.0;0.12087822;0.12087077;0.0;0.71041286;894.6711;3392.8523;-702.2889;5886.629;-53.822224;-164.18889
2009-02-03;-7.9700637;-11.429779;-7.7925096;750.11835;0.90982705;123.02643;100.0;0.2232564;238.6074;936.2793;0.004521387;-0.046061352;0.0;0.12052059;0.12051314;0.0;0.0032484531;1101.1489;4109.5376;-1450.0684;4783.569;-35.75111;-147.19112
2009-02-04;-8.219731;-15.736096;-10.937771;751.77203;1.0108787;58.682846;100.0;0.22322457;242.36945;922.11914;0.0002682209;-0.034507364;0.0;0.120177865;0.120177865;0.0;0.00027567148;1184.9517;4314.777;-1440.9323;4516.4243;-26.54;-93.29889
2009-02-05;-4.231369;-12.700961;-11.516805;750.19635;0.8349383;179.70164;100.0;0.22321372;245.43683;910.31903;0.0012993806;-0.0008996576;0.0;0.119805336;0.11982024;0.0;0.0;1081.0762;3844.6323;-1092.4011;4975.1533;-0.77666664;-28.538889
2009-02-06;-4.2566323;-10.865354;-11.149315;747.8594;0.5750317;227.90619;100.0;0.2233245;248.22003;900.30927;0.9772659;0.0049714;0.0;0.11947751;0.11947006;0.0;0.9042584;1175.4528;4087.7466;-965.78;5168.2715;3.8566666;-69.02
2009-02-07;-4.9900613;-6.527262;-8.415278;746.59564;0.5986975;204.28166;100.0;0.22634137;246.21417;919.4743;2.3054512;0.004833564;0.0;0.119134784;0.119134784;0.0;2.065733;811.39777;2924.0479;-540.4472;5957.09;3.69;-99.117775
2009-02-08;-4.7665915;-6.2742476;-6.989699;749.98834;0.7537206;207.75592;100.0;0.22704642;249.28612;911.90594;0.2846707;-0.030932948;0.0;0.11879206;0.11878461;0.0;0.27862936;966.7233;3434.101;-577.8406;6044.4126;-23.925556;-138.15778
2009-02-09;-2.217987;-3.2749329;-5.046931;750.7173;0.6038231;258.48523;100.0;0.22909482;251.55467;911.05145;3.9206324;0.007564202;0.0;0.11844933;0.11844933;0.0;3.741499;641.9606;2249.3423;-423.1839;6383.4365;6.088889;-68.47444
2009-02-10;-4.3036094;-5.714701;-4.4519324;741.0916;0.705442;197.17041;100.0;0.24130094;243.28937;991.3737;26.10986;-0.05522743;0.0;0.1181066;0.118114054;0.0;25.215216;452.50665;1694.6844;-415.45444;6355.129;-43.26;-71.924446
2009-02-11;-6.07313;-7.8510604;-5.3799095;738.39276;0.784143;290.28693;100.0;0.2581947;230.7936;1120.1172;1.3700277;-0.07073209;0.0;0.11779368;0.11777878;0.0;1.3626814;687.0622;2912.6455;-834.6383;5699.013;-55.275555;-133.51
2009-02-12;-6.047499;-8.150482;-7.360266;747.9367;1.0187465;157.33366;100.0;0.25868085;236.28026;1096.517;0.09718835;0.0015627593;0.0;0.11745095;0.11745095;0.0;0.09185448;1008.49554;4163.109;-1098.8417;5264.725;1.7055556;-142.03334
2009-02-13;-4.4119163;-10.88137;-8.674153;749.2634;1.0230767;51.804276;100.0;0.25870216;241.2936;1073.5677;0.0032216304;-0.015895814;0.0;0.11712313;0.11712313;0.0;0.00064074993;1135.1289;4559.3687;-1400.7383;4812.0176;-11.793333;-73.66556
2009-02-14;-3.4916382;-12.109052;-10.648254;748.1275;0.7992371;161.73582;100.0;0.25870988;245.40167;1055.0944;0.0016851827;-0.0029029325;0.0;0.1167953;0.11680275;0.0;0.00039488077;1219.4528;4774.399;-1344.2639;4699.513;-1.5811111;-45.714443
2009-02-15;-3.6431682;-8.334763;-9.160007;747.04047;0.7651932;145.873;100.0;0.2592877;248.42738;1044.4336;3.1055331;0.0037327409;0.0;0.11648238;0.11647493;0.0;2.950404;1010.2711;3847.9333;-447.9836;6057.2275;3.538889;-92.664444
2009-02-16;-4.772461;-6.643982;-6.487076;746.4793;0.7994966;191.15144;100.0;0.26625785;244.87303;1086.9547;12.5765505;-0.026337802;0.0;0.11616945;0.11615455;0.0;11.864498;923.82666;3604.99;-599.76697;6046.081;-20.194445;-158.51
2009-02-17;-7.049151;-9.176404;-6.388153;743.99194;0.92841536;210.02226;100.0;0.28195223;232.69984;1212.0361;10.395492;-0.06997958;0.0;0.11584163;0.11583418;0.0;10.17436;754.4595;3204.1821;-810.6286;5647.4546;-54.61111;-165.94221
2009-02-18;-9.125198;-12.53363;-9.099884;746.4961;0.7716389;242.22316;100.0;0.28511295;235.4645;1213.0533;0.06838441;-0.04631374;0.0;0.115543604;0.1155138;0.0;0.06752834;1171.3966;4886.9165;-1582.5516;4465.007;-35.8;-217.32556
2009-02-19;-9.454482;-15.624009;-12.947749;746.9443;0.84274864;84.78342;100.0;0.28514135;239.72035;1191.2028;0.64337254;-0.014532357;0.0;0.11521578;0.11520833;0.0;0.64245987;1241.1827;5038.399;-1351.0764;4416.896;-10.73;-131.75667
2009-02-20;-7.1484275;-10.470383;-11.653969;743.4353;0.5603034;127.892365;100.0;0.29080674;234.27797;1240.8041;11.32065;0.025141053;0.0;0.11488795;0.11488795;0.0;11.191014;489.46222;1982.4211;-250.38;5948.7095;19.94389;-33.845554
2009-02-21;-7.787079;-9.072633;-9.72527;737.09393;0.6644179;148.73503;100.0;0.31557432;213.0755;1481.3232;32.84081;0.024698675;0.0;0.11457503;0.11458248;0.0;32.807587;253.7089;1077.6278;-81.37111;6277.742;19.477222;-17.61
2009-02-22;-9.989657;-12.184531;-9.798415;738.73676;0.8636739;236.25726;100.0;0.33236098;205.40297;1621.5414;1.6402304;-0.06409921;0.0;0.114277005;0.114277005;0.0;1.6369336;1015.88776;4379.9453;-843.04834;5339.3555;-49.96;-229.48778
2009-02-23;-8.826831;-12.711038;-10.58833;744.6152;0.7770249;94.00381;100.0;0.33286545;212.94334;1566.4062;0.029060245;-0.019880943;0.0;0.11396408;0.11397153;0.0;0.029053539;1183.1633;4970.338;-1339.8767;4690.4907;-15.034445;-200.27667
2009-02-24;-8.074443;-11.407119;-12.0241165;748.06586;0.90670913;76.72322;100.0;0.33305243;219.42674;1520.5485;0.3152169;0.018691644;0.0;0.11366606;0.11366606;0.0;0.30671805;1130.7711;4623.539;-1055.6311;4934.867;15.182222;-131.33556
2009-02-25;-6.864418;-9.089686;-10.550405;747.89374;0.7916561;140.02501;100.0;0.33459723;224.2643;1493.8151;2.9701502;0.018395483;0.0;0.113368034;0.113368034;0.0;2.8133318;1041.7611;4173.3213;-566.55554;5742.059;14.961111;-145.91333
2009-02-26;-5.2299247;-7.293962;-7.9018617;746.4324;0.6787431;117.31989;100.0;0.33756998;228.77113;1477.1729;5.239712;-0.04151929;0.0;0.11307001;0.11307001;0.0;4.9429684;987.4828;3946.621;-608.1461;5921.9;-32.15111;-179.61667
2009-02-27;-4.916382;-6.640035;-6.131266;741.22314;0.63804454;94.43191;100.0;0.35704696;221.45311;1610.1074;33.71832;-0.013556331;0.0;0.11277199;0.11276454;0.0;32.95418;476.1861;2012.9689;-151.91722;6565.033;-10.367778;-87.433334
2009-02-28;-7.2522073;-9.27583;-5.8933005;737.4802;0.9440751;196.91351;100.0;0.38837394;210.63475;1844.2789;17.275858;-0.11161063;0.0;0.112473965;0.112473965;0.0;17.265942;752.8189;3275.8738;-662.7097;5890.782;-87.43166;-221.47888
2009-03-01;-7.5953674;-9.807605;-6.9253755;740.7466;0.7061391;187.97398;100.0;0.40383002;210.82062;1916.6666;12.832552;-0.09718351;0.0;0.11217594;0.11219084;0.0;12.798432;846.5461;3671.435;-640.4925;5850.157;-76.02778;-222.69667
2009-03-02;-7.578256;-9.375351;-7.1888847;742.7537;1.3022408;248.81386;100.0;0.40875292;219.18456;1868.4082;1.9319756;-0.08009188;0.0;0.11189282;0.11188537;0.0;1.9189864;1090.5089;4640.9883;-786.10223;5706.5693;-62.466667;-254.58223
2009-03-03;-7.532785;-9.070989;-6.9282355;744.7158;1.2849793;215.37029;100.0;0.41231108;227.13148;1817.098;6.174803;-0.15204586;0.0;0.1116097;0.111594796;0.0;6.1681123;826.61053;3442.4355;-349.91165;6202.9546;-119.23111;-302.00665
2009-03-04;-7.1667314;-9.185544;-6.5837364;745.97626;1.1065915;217.98882;100.0;0.4167694;233.6891;1786.0922;0.9595411;-0.1508342;0.0;0.111311674;0.111311674;0.0;0.9516254;1170.122;4897.6777;-938.1911;5553.0737;-118.05111;-289.00446
2009-03-05;-6.0659356;-8.212783;-7.120131;748.43677;0.80764985;188.11414;100.0;0.41760984;241.86684;1728.6783;0.97151995;-0.087320805;0.0;0.11102855;0.1110211;0.0;0.9518899;1184.8787;4852.7515;-960.0417;5504.108;-68.08222;-231.53778
2009-03-06;-4.6982665;-8.567021;-7.339662;749.9942;0.97636193;112.2129;100.0;0.4179678;249.4466;1677.5309;0.0023573637;-0.04768651;0.0;0.11073053;0.11073798;0.0;0.0018812716;1171.1102;4681.761;-1080.4484;5367.698;-36.83889;-175.33667
2009-03-07;-1.5491028;-5.562195;-7.6509604;753.13995;1.0573243;173.97197;100.0;0.41798154;256.3812;1631.7953;0.0017106531;0.04053861;0.0;0.11044741;0.11045486;0.0;0.0;1489.831;5811.65;-1419.715;4995.592;32.645557;-128.88777
2009-03-08;1.297587;-6.097219;-5.507726;751.7358;0.7660303;249.72064;100.0;0.42038342;263.10904;1599.0804;5.956742;-0.023200177;0.0;0.110179186;0.110171735;0.0;0.0;1370.0461;5203.539;-939.30835;5763.258;-17.251667;-113.19111
2009-03-09;-0.46289062;-1.473409;-0.39921188;746.0329;0.86056685;170.57251;100.0;0.44049275;269.3597;1633.9926;45.917385;-0.095905736;1.6357303;1.7456114;0.109896064;0.51769614;24.215494;426.5614;1498.1252;-100.76945;7112.519;-75.28889;-131.53223
2009-03-10;-1.9889526;-3.6220703;-0.20942433;746.8296;0.9747723;192.92102;100.0;0.45778438;271.0104;1691.569;0.911355;-0.24701563;0.036910176;0.14652312;0.10962039;0.30362046;0.84949285;1350.7994;4958.703;-1097.1844;5990.8965;-193.41333;-289.36444
2009-03-11;-2.4375103;-4.359446;-0.5115865;750.8408;1.2729638;219.49144;100.0;0.45830306;281.12143;1632.2021;0.70501864;-0.46238583;0.00040233135;0.10973215;0.10933727;0.0031627715;0.6763078;1550.9752;4858.3154;-859.7278;6242.532;-362.91833;-391.24222
2009-03-12;-0.707428;-3.3046467;-0.39818826;752.18085;0.83015776;153.38432;100.0;0.45733273;291.6188;1570.2311;0.03554225;-0.21559837;0.25719404;0.36624074;0.10906905;1.944514;0.033859164;1988.3787;5538.2725;-1520.3077;5537.49;-168.39444;-281.8111
2009-03-13;-0.41436768;-4.967499;-0.45937094;750.1616;0.6852932;130.30118;100.0;0.45660928;302.59897;1510.4574;3.3382416;-0.17972383;0.14057755;0.24938583;0.10880083;0.042464584;1.0493398;1851.3658;4713.95;-1042.5583;6051.8857;-140.08112;-191.18
2009-03-14;-2.1452332;-2.5835369;-0.07266617;743.28424;1.1328965;183.51146;100.0;0.47986606;291.736;1642.2119;33.175236;-0.19827671;0.5059913;0.6145239;0.10853261;0.86418355;29.334772;503.82;1996.5786;-331.41388;6832.285;-153.68;-228.51
2009-03-15;-5.102163;-6.2027917;-0.71533966;743.309;1.3381586;204.40395;100.0;0.49831584;284.31705;1750.4883;22.020731;-0.42763633;0.0;0.10827184;0.10827184;0.0;21.778233;739.94775;2779.8027;-538.39636;6367.4355;-332.89444;-446.16223
2009-03-16;-7.216343;-8.905238;-2.459938;742.52856;1.3208057;173.24113;100.0;0.51650417;276.48013;1868.7744;5.465734;-0.43805128;0.0;0.107988715;0.107996166;0.0;5.4547043;1383.93;5320.987;-1343.0527;5285.133;-337.95334;-534.5322
2009-03-17;-8.691312;-13.003853;-6.115139;745.38916;0.94539386;92.04916;100.0;0.51779205;282.5189;1834.0658;0.15787266;-0.38207322;0.0;0.107735395;0.107727945;0.0;0.15487522;1561.0481;5743.628;-1504.6294;4838.7866;-295.4178;-431.73
2009-03-18;-7.2420754;-12.903605;-8.568086;746.3477;0.8159717;162.24564;100.0;0.5176962;287.76953;1800.0082;0.2839446;-0.19024685;0.0;0.107482076;0.107474625;0.0;0.2811812;1669.2161;5997.27;-1311.238;4982.0933;-148.4589;-284.67334
2009-03-19;-4.0453086;-7.5995383;-7.0962524;747.3266;0.8606906;189.21;100.0;0.51804155;292.06055;1774.6989;0.31083524;-0.12950413;0.0;0.10723621;0.10723621;0.0;0.3069453;1680.537;5955.4004;-1124.1436;5501.899;-100.68;-241.57666
2009-03-20;-3.1959736;-5.535301;-6.066237;746.50446;1.0483273;219.31268;100.0;0.51841414;296.75293;1747.4365;1.9772828;-0.12788363;0.0;0.10700524;0.10700524;0.0;1.792036;1627.4508;5655.056;-897.91364;5810.512;-99.48778;-227.40555
2009-03-21;-2.299614;-6.155271;-3.8604088;744.8521;0.6873192;107.08074;100.0;0.5201376;300.85287;1730.3873;0.10790229;-0.098390505;0.0;0.10678172;0.10675937;0.0;0.091947615;1832.6555;6476.1436;-1616.4875;5160.4043;-75.755554;-260.96112
2009-03-22;-3.4556096;-6.938446;-5.030661;743.3887;0.8772433;163.12749;100.0;0.5200524;306.41602;1698.3643;0.00085234636;-0.12614392;0.0;0.1065433;0.10653585;0.0;0.0;1925.3389;6568.2637;-1792.9122;4746.0054;-97.75889;-251.98111
2009-03-23;-3.474762;-5.697657;-5.4489913;743.0339;1.0696114;217.3919;100.0;0.5211848;309.98404;1681.4371;6.5425134;-0.17476362;0.0;0.106304884;0.106304884;0.0;6.200649;1675.8911;5542.3755;-970.14777;5744.384;-136.41;-253.65222
2009-03-24;-5.42219;-6.55559;-4.3051553;738.06934;1.069712;191.63385;100.0;0.5588338;282.37305;1977.6205;47.319996;-0.0912901;0.0;0.10608137;0.10608882;0.0;47.21394;408.08722;1768.6995;-417.85196;6316.362;-71.54889;-154.17778
2009-03-25;-4.939396;-7.29244;-5.1088204;745.6304;0.99126846;241.7506;100.0;0.5750669;277.4069;2075.4395;0.4374236;-0.16926321;0.0;0.10587275;0.1058653;0.0;0.43353438;1308.5316;5593.8213;-1133.7977;5490.919;-132.03;-318.09332
2009-03-26;-4.011818;-10.222148;-7.3828187;746.93634;0.8591487;201.03015;100.0;0.57509804;284.46777;2023.7223;0.0;-0.056047924;0.0;0.10564923;0.10564923;0.0;0.0;1709.5845;7079.2183;-1707.1962;4576.7256;-42.442223;-246.41444
2009-03-27;-3.7126873;-8.076111;-7.3634644;745.27246;0.92606133;164.5376;100.0;0.5767481;288.92056;1996.2972;8.54519;-0.06545894;0.0;0.105425715;0.105433166;0.0;8.19166;1611.0089;6489.7437;-1102.6453;5415.063;-50.102222;-245.42
2009-03-28;-4.820353;-6.6595054;-5.533788;742.88556;0.9354244;135.41823;100.0;0.59906393;277.65137;2156.4941;23.067122;-0.06848201;0.0;0.1052171;0.10522455;0.0;22.47132;657.8272;2821.8584;-421.6103;6295.8213;-53.34111;-153.3689
2009-03-29;-3.5340984;-8.25705;-5.416144;746.93195;1.1858282;40.5661;100.0;0.60842663;279.5153;2180.013;1.2657344;-0.086630695;0.0;0.10500848;0.10500848;0.0;1.0197871;1583.1178;6738.96;-1219.2319;5431.9077;-66.42389;-300.68445
2009-03-30;-1.6419233;-4.963491;-3.9531937;747.55194;2.4388463;31.994759;100.0;0.61102504;286.45865;2135.661;2.5006533;-0.23029186;0.0;0.10481477;0.10479987;0.0;2.1962113;1292.1394;5388.6655;-676.51196;6287.3687;-179.81334;-112.05889
2009-03-31;-1.864034;-8.200908;-3.7789867;747.13086;1.9835443;20.597439;100.0;0.6121789;294.4017;2082.4382;0.02466375;-0.24734437;0.0;0.10460615;0.1045987;0.0;0.02251193;1732.2794;6896.923;-1706.8702;4973.277;-192.73056;-202.45778
2009-04-01;-0.110310875;-10.331848;-5.413446;749.215;0.99861234;169.81459;100.0;0.6120425;301.53516;2032.959;0.0;-0.1097247;0.0;0.104397535;0.104390085;0.0;0.0;1920.2866;7328.396;-1811.3959;4731.617;-84.21111;-200.85777
2009-04-02;-0.6548665;-3.9524128;-5.0703683;749.87286;0.9473464;117.50942;100.0;0.61189646;307.89908;1991.0889;0.018076044;-0.0007376075;0.025242567;0.12943149;0.10418892;0.24179369;0.0;1576.8278;5780.4155;-1127.23;5593.074;0.7822222;-186.6189
2009-04-03;0.0074564614;-4.227732;-3.7361805;749.00006;0.8638366;182.45105;100.0;0.61141664;314.30142;1949.9105;0.5413443;-0.06520841;0.10097027;0.20496547;0.103995204;0.8138511;0.48866868;1726.6011;6114.516;-987.6189;5940.082;-49.610554;-221.29445
2009-04-04;-0.45500693;-3.4554546;-2.1496632;748.4541;0.7977424;245.4709;100.0;0.61085;320.4401;1911.1328;0.89491904;-0.12353994;0.19729137;0.30109286;0.10380149;1.4156289;0.35905093;1668.0767;5749.001;-959.5036;6042.85;-95.54667;-246.28111
2009-04-05;-0.6083171;-2.8607483;-0.8572896;748.89496;0.86325914;172.83443;100.0;0.61065567;327.67026;1868.6117;1.0412723;-0.18494949;0.30824542;0.4118383;0.10359287;1.8791705;0.42941794;2046.3611;6248.151;-1202.3075;5942.8276;-140.20555;-298.97223
2009-04-06;0.27434286;-3.9184773;-0.5657501;752.23615;0.9292577;114.40818;100.0;0.6092206;337.06216;1811.8896;0.027868152;-0.17100759;0.22831559;0.33172965;0.10339916;1.3933797;0.0;2717.8;7367.5356;-1920.0533;5073.2314;-127.90444;-276.01556
2009-04-07;-0.08807373;-2.0823467;-0.27049002;749.2359;0.86160356;243.95198;100.0;0.60700065;345.19595;1762.3698;1.0774344;-0.2114512;0.8133799;0.9166002;0.10321289;5.2338524;0.3636442;1859.4789;4680.521;-1001.99084;6136.419;-162.23555;-214.19112
2009-04-08;-2.446635;-5.442566;-0.2978007;744.2736;1.0667638;199.05443;100.0;0.60242116;352.23926;1713.7451;0.7318884;-0.7189996;0.6494671;0.75249374;0.10303408;4.096117;0.2549477;2769.4282;6594.1826;-1408.4244;5698.957;-559.7833;-491.88666
2009-04-09;-2.887329;-4.3957114;-0.29199472;743.52594;0.98314434;114.542786;100.0;0.6001082;358.19986;1678.2227;3.98314;-0.53832304;0.56394935;0.66681206;0.102862716;2.725158;2.5816038;2295.4072;5290.2246;-987.015;6157.099;-419.32666;-531.9144
2009-04-10;-1.994517;-5.585167;-0.30447516;746.72797;0.8960623;170.76544;100.0;0.5979176;363.33463;1648.9664;0.02297163;-0.68963504;0.6238967;0.7266104;0.10270625;3.912136;0.018015504;2892.515;6975.507;-1615.2091;5421.456;-536.39;-529.14886
2009-04-11;-1.3609518;-7.662455;-0.4296061;747.4356;1.1158663;249.79883;100.0;0.5948122;370.60873;1608.1543;0.046783686;-0.85078925;0.18845499;0.29101968;0.10255724;1.1612549;0.0015385449;3228.1077;7377.9463;-2066.8628;4867.323;-662.61;-401.6789
2009-04-12;-1.5532532;-5.300616;-0.3515803;746.8399;1.0005598;118.59135;100.0;0.59337705;377.92123;1572.876;2.5792718;-0.6170841;0.37649274;0.47892332;0.10243058;1.551291;1.4376193;2694.6433;5936.019;-1339.7008;5768.701;-480.30667;-372.68222
2009-04-13;-2.3356628;-6.727806;-0.25957742;746.17847;1.1468965;98.124245;100.0;0.5945066;379.22232;1569.4174;8.079111;-0.5935561;1.0728538;1.1751801;0.10231137;3.8700552;5.3818784;2294.8489;5576.8105;-1617.3142;5355.504;-453.995;-333.1011
2009-04-14;-0.6939443;-7.5925574;-0.60422134;748.2769;0.9714763;122.99296;100.0;0.5948699;382.9388;1555.9896;0.083851814;-0.6585624;0.023141503;0.12533367;0.10218471;0.1308471;0.07794052;2988.6943;7832.638;-1962.6803;5007.5127;-496.05222;-257.75778
2009-04-15;-1.0151163;-3.4136353;-0.35834756;742.77924;0.60711604;191.3691;100.0;0.6004468;381.80338;1573.5677;11.63556;-0.22675842;0.051930547;0.1540482;0.10211021;0.20472705;9.836525;1090.9355;3145.1028;-778.6389;6294.9155;-171.90666;-170.89778
2009-04-16;-1.5694784;-2.7806091;-0.20587285;740.9529;0.96553874;186.91994;100.0;0.6125115;372.28418;1645.5892;16.761263;-0.36747938;0.60503185;0.7071048;0.10205805;1.657838;13.284162;1703.6605;5762.759;-753.6006;6441.8;-276.23557;-382.6
2009-04-17;-2.101237;-3.008545;-0.11769613;741.37866;0.8168278;158.53627;100.0;0.62504345;360.7985;1733.5612;11.40039;-0.34886414;0.48346817;0.5855113;0.10204315;1.5484747;9.135846;1158.3116;4170.8276;-482.3861;6701.176;-265.1378;-342.4878
2009-04-18;-2.9299316;-4.4384766;-0.19657643;745.4274;0.8861737;151.02382;100.0;0.6387953;349.81186;1826.7008;12.186933;-0.4839832;0.079870224;0.18195808;0.102087855;0.31068736;11.562638;1399.9111;5314.7954;-902.56775;6171.892;-368.61835;-425.2011
2009-04-19;-1.5603739;-5.8739724;-0.35923386;749.34985;0.9489212;88.180244;100.0;0.6413984;353.19888;1818.7662;0.05737245;-0.5244473;0.1322329;0.23439527;0.10216981;0.7146783;0.015821308;2192.2783;7157.4194;-1499.6989;5504.83;-391.4522;-349.7022
2009-04-20;0.2546997;-5.062327;-0.40291595;751.7271;1.0637294;92.41592;100.0;0.63976043;361.09537;1774.3734;0.040578842;-0.42121577;0.4030913;0.505358;0.10225922;2.304122;0.0;2777.7366;7888.2686;-1898.835;5130.258;-308.58554;-230.88445
2009-04-21;0.33642578;-3.280711;-0.27385458;749.45166;1.0324459;102.42562;100.0;0.6354105;368.71646;1725.9521;4.134876;-0.38499105;1.828894;1.9312799;0.10240078;5.9500003;0.00059232116;2805.2039;7228.433;-1477.7156;5691.448;-282.98666;-229.84778
2009-04-22;1.3599039;-1.962738;-0.15674336;748.1262;1.1912295;212.43193;100.0;0.6258002;374.6263;1673.0143;4.1920424;-0.4695114;4.0782394;4.253149;0.17490983;11.9812565;0.010378659;2904.7017;6969.132;-1273.2134;5967.6846;-349.42776;-255.2911
2009-04-23;2.9591472;-1.6229044;-0.13194783;747.0328;0.97292274;252.97917;100.0;0.61511356;380.05112;1620.6869;3.2489598;-0.341516;2.8745532;3.0185878;0.14403462;10.445047;0.0;2348.695;5348.5522;-965.32;6311.583;-252.58778;-113.93889
2009-04-24;1.1605021;-3.3445637;-0.15018463;746.76544;1.0095056;221.94122;100.0;0.60456806;385.14517;1571.8994;2.220252;-0.7570349;3.4278631;3.581792;0.1539141;11.867207;0.38559362;3583.6245;7846.0674;-1739.9944;5426.958;-572.95557;-255.87555
2009-04-25;0.5695903;-2.1240642;-0.15162404;749.28534;1.1621702;203.98543;100.0;0.5927384;389.2858;1524.7803;2.6761234;-0.57741815;4.29488;4.440814;0.14594197;12.903478;0.08023158;3076.7656;6672.0283;-1289.6448;5963.5454;-435.69888;-324.21667
2009-04-26;0.3919271;-2.811961;-0.22051875;750.198;1.0334085;177.40613;100.0;0.5813857;394.57162;1475.5045;1.6357249;-0.6121062;3.554076;3.7051587;0.15108287;10.809511;0.02180785;3272.5034;6910.512;-1552.695;5611.5166;-462.00665;-306.3689
2009-04-27;0.7991028;-5.20636;-0.23434575;752.8659;1.0280553;63.51959;100.0;0.5695071;400.45444;1424.1537;0.07963905;-0.7009432;3.8307607;3.95371;0.12295693;12.449991;5.2154064e-05;3705.2627;7665.3477;-1748.8986;5435.8843;-526.49554;-241.63445
2009-04-28;2.3887532;-3.1019287;-0.15806834;752.6045;0.8637927;141.28914;100.0;0.55585396;406.2832;1370.402;1.337983;-0.5124081;4.178137;4.3169556;0.13880432;13.998475;0.0;3381.195;6874.9097;-1178.5455;6177.941;-379.74112;-188.94667
2009-04-29;2.7041218;-0.67490643;-0.09397379;749.2076;1.0643781;134.24098;100.0;0.53851527;410.2028;1315.1449;1.2896091;-0.4028529;6.801322;7.9765615;1.1752248;19.943687;0.0;3412.2073;6849.09;-1421.6405;5890.223;-295.21445;-161.95334
2009-04-30;1.7554728;-1.6076151;-0.19316737;746.8305;1.2172078;174.90729;100.0;0.52129704;415.0244;1258.7076;3.278458;-0.61887133;6.90192;7.46128;0.5593598;15.872039;0.0;3753.6516;7458.9478;-1557.7047;5710.9756;-463.49777;-229.95667
2009-05-01;3.078725;-4.7231345;-0.20018132;746.5817;1.2291173;152.96233;100.0;0.5046282;420.5651;1202.4332;0.0034868717;-0.75444764;6.365299;7.311016;0.94572455;16.509775;0.0;4034.4077;7953.5156;-1835.6783;5411.891;-566.0822;-150.67444
2009-05-02;2.8464863;-2.8670044;-0.22121684;750.5489;1.1155181;218.12793;100.0;0.48809552;426.61523;1146.6471;0.2791822;-0.6688274;6.2537045;6.990239;0.7365495;16.104292;0.0;4091.73;8018.1743;-1826.2413;5415.601;-500.3322;-188.23778
2009-05-03;2.9932861;-3.3356426;-0.21669643;753.8191;1.1409962;258.6555;100.0;0.47150645;432.7985;1091.919;0.028272126;-0.76983964;6.136492;6.8635197;0.7270202;16.166065;0.0;4198.4653;8187.5957;-1950.135;5271.01;-578.61554;-181.51111
2009-05-04;2.8629558;-2.1826782;-0.17841975;751.85986;0.86332506;196.24907;100.0;0.4561651;438.84018;1041.9108;1.6509402;-0.44163132;5.4850874;5.706206;0.22111088;14.092625;0.0;3238.0044;6289.91;-1102.3875;6216.3843;-325.84332;-152.40555
2009-05-05;3.831014;1.0492249;-0.054706573;747.4671;1.2117459;216.90675;100.0;0.43984628;441.89713;997.35516;10.861694;-0.2235733;12.571156;14.612347;2.0411835;19.778046;0.0;2628.5112;5088.3643;-844.2411;6543.971;-161.03;-103.18
2009-05-06;2.18042;-1.7351379;-0.15960567;747.8637;1.1298459;238.49046;100.0;0.42273715;445.11523;951.33466;1.313597;-0.6298162;7.1923585;8.257925;1.0655522;16.198244;0.0;3455.3838;6675.923;-1436.1575;5785.9873;-474.85333;-231.04333
2009-05-07;1.9670511;-2.871999;-0.21324666;749.9245;1.271937;263.54227;100.0;0.40732864;449.06284;908.1624;0.07159361;-0.8561108;5.389631;5.813509;0.42387098;14.634255;0.0;3882.1606;7487.8716;-1578.285;5667.4507;-648.5011;-191.62
2009-05-08;2.655426;-4.181254;-0.2232132;751.2495;1.0971365;192.57143;100.0;0.3910626;450.0;870.0358;0.00436604;-0.8547548;6.449148;7.6331797;1.1840314;16.432411;0.0;4253.5713;8194.145;-1979.1381;5237.222;-644.55;-184.72112
2009-05-09;2.520874;-3.7634277;-0.24572118;751.2798;1.1830852;150.2098;100.0;0.37447616;450.0;832.8044;0.5361885;-0.792386;6.222248;6.944671;0.72241575;15.9384165;0.0;4141.8804;7969.8477;-1697.1461;5575.8354;-595.8555;-166.13445
2009-05-10;2.8949077;-2.875885;-0.19281514;750.07904;1.1252624;125.044914;100.0;0.3568518;450.0;793.66046;0.09613335;-0.6164741;7.193536;8.412957;1.2194216;17.857985;0.0;3726.8806;7165.1567;-1512.2356;5806.041;-459.3811;-146.38222
2009-05-11;2.9077046;-1.7202148;-0.2093684;750.6455;1.1438413;202.6075;100.0;0.33855483;450.0;752.9297;1.7268616;-0.57706887;8.087709;9.346426;1.2587085;18.51726;0.0;3884.21;7461.5547;-1479.8016;5856.7363;-429.14056;-171.01778
2009-05-12;2.1519978;-0.08179728;-0.17519633;752.55414;1.2353445;175.88725;100.0;0.31953228;450.0;710.9782;3.5419793;-0.3059134;9.123384;10.704652;1.581274;19.604887;0.00063702464;3296.703;6328.2;-1083.3639;6229.5454;-222.10556;-173.4
2009-05-13;2.9746094;-3.5602925;-0.22942989;753.9056;1.179246;108.7656;100.0;0.299613;450.0;666.9922;0.40035248;-0.7125363;8.57456;10.771483;2.1969228;20.166882;0.00062584877;4069.7483;7811.512;-1551.1992;5782.7754;-532.07666;-260.8689
2009-05-14;5.1641235;-4.005188;-0.29725647;753.10126;1.204961;96.8974;100.0;0.2785327;450.0;620.23926;0.11739731;-0.52274394;8.984476;11.219054;2.2345781;21.481916;0.0;4271.51;8196.08;-1767.3491;5596.941;-380.60556;-101.746666
2009-05-15;7.72349;-4.513102;-0.26749548;752.6699;1.0666877;60.853687;100.0;0.25583735;450.0;569.66144;0.09279847;-0.44915825;10.111645;12.915611;2.8039813;23.291397;0.0;4174.0806;8006.292;-1469.53;5977.0713;-322.75665;-74.797775
2009-05-16;6.685323;0.536499;-0.1501859;753.46063;1.1439685;58.959896;100.0;0.23115925;450.0;514.52637;5.2162933;-0.23895875;13.691425;18.296629;4.605219;24.998915;0.0;3599.5405;6901.4077;-933.62836;6560.5093;-163.405;-93.26111
2009-05-17;6.7804565;1.1009115;-0.15975697;754.53253;1.1493734;51.732914;98.30762;0.2050534;450.0;456.74643;0.9485036;-0.3164131;11.890679;16.40153;4.51085;26.686325;0.0;3847.6873;7325.4546;-1058.5266;6444.859;-218.40666;-106.04444
2009-05-18;8.865285;1.5184326;-0.21142323;754.9043;1.0141389;111.3874;95.98202;0.17874897;450.0;398.55957;2.2268713;-0.3790986;12.824371;18.726154;5.9017987;26.113455;0.0;4006.6584;7530.1934;-1181.8645;6343.7466;-261.86444;-95.208885
2009-05-19;9.778798;-0.1984965;-0.22955322;754.6333;1.0813147;165.28448;94.706215;0.1526937;450.0;340.77963;1.8934339;-0.4942361;11.889264;18.254354;6.365083;26.222378;0.0;4076.047;7604.09;-1160.7267;6390.519;-345.20667;-82.07
2009-05-20;11.189423;-0.9701538;-0.22300847;754.0512;1.1177932;133.4875;94.10848;0.12619984;450.0;281.90103;1.0735989;-0.550203;13.122484;22.005737;8.883253;26.453283;0.0;4120.067;7660.68;-1168.2169;6428.4556;-385.52554;-49.816666
2009-05-21;11.697459;-1.9723104;-0.27452216;753.4624;1.3138207;101.337685;93.867676;0.09946545;450.0;222.20866;0.3127873;-0.6522536;11.543229;21.260113;9.716884;26.749748;0.0;4156.345;7716.4556;-1186.8284;6423.0176;-461.68222;-19.84111
2009-05-22;9.849915;-2.4860127;-0.47878012;754.90753;1.3539444;185.946;91.55192;0.07304907;450.0;163.37077;0.50382596;-0.80971605;12.1741;24.574385;12.400285;25.920883;0.0;4485.5728;8273.687;-1429.4288;6106.0776;-580.3467;-109.58222
2009-05-23;9.696503;-1.1404114;-0.7556699;753.32764;1.2708601;215.60435;86.30835;0.047419827;450.0;106.81152;0.43581724;-0.7806411;10.650992;24.903149;14.252178;24.942364;0.0;4258.077;7696.677;-1305.6367;6272.0396;-549.96387;-110.23556
2009-05-24;8.895935;-2.7471821;-1.2415237;749.6208;1.4721808;219.61406;58.951984;0.025749326;450.0;58.3903;0.030219555;-1.5481803;7.039115;20.52462;13.485491;18.479351;0.0;5149.3887;8268.885;-1743.8961;5916.4976;-1095.8822;-289.65445
2009-05-25;7.394674;1.0620117;-0.82313156;747.6259;1.079665;180.48474;29.704996;0.0129744215;450.0;29.215494;7.3687735;-1.7168615;5.9165955;17.924965;12.008354;9.3977785;0.0;4971.9136;7015.5347;-1454.3817;6463.83;-1195.75;-677.00336
2009-05-26;8.07019;-2.1909893;-0.811985;746.7861;1.6994246;223.28316;14.24707;0.006203135;450.0;13.753255;0.77979267;-2.8044944;1.7408133;12.638137;10.897324;4.9178452;0.0;5962.3984;7871.14;-2040.1072;5995.63;-1955.7211;-943.3678
2009-05-27;7.896708;-2.4654033;-0.99617386;749.42584;1.3896636;209.63861;6.7189126;0.0029291708;450.0;6.266276;0.42627752;-2.747612;0.71359426;10.639816;9.926222;2.234634;0.0;5810.3755;7444.718;-2034.2284;6036.4243;-1911.8323;-1020.80664
2009-05-28;9.852783;-1.8534647;-0.70613986;750.8298;1.502066;191.6153;2.9421387;0.0012728373;450.0;2.8076172;0.4427135;-3.515588;0.3874153;9.369076;8.98166;1.2214892;0.0;6477.2334;8167.839;-2234.3577;6036.8022;-2443.4468;-1045.0956
2009-05-29;9.197703;-4.448873;-1.0455958;752.2944;1.4394015;168.14435;1.1606445;0.00050222874;450.0;1.3427734;0.0021459246;-3.7885625;0.11150539;8.240432;8.128934;0.4802309;0.0;6880.865;8608.948;-2634.0117;5616.3433;-2632.4312;-1099.0778
2009-05-30;9.977681;-3.396637;-0.80788165;754.31805;1.1560001;100.19164;0.44759116;0.00019303958;450.0;0.40690103;0.0008583069;-3.8915238;0.04313886;7.4257402;7.382594;0.20302087;0.0;6927.672;8634.913;-2649.274;5766.5205;-2703.3655;-833.79114
2009-05-31;8.858917;-0.04253133;-0.39976883;752.6108;1.252412;93.63831;0.1595866;6.8982445e-05;433.12173;-7.345365e-21;2.014494;-3.3101683;0.32773614;7.066369;6.7386403;0.07263571;0.0;5894.2905;7330.798;-2190.7417;6264.621;-2299.4727;-891.66113
2009-06-01;8.677429;0.5526225;-0.22240321;752.6379;1.3850309;80.12495;0.059244793;2.5908152e-05;428.50552;-7.345365e-21;1.941669;-3.364792;0.30189753;6.486833;6.184928;0.026483089;0.0;5902.8315;7330.8433;-2059.255;6389.349;-2337.412;-1037.6344
2009-06-02;9.154958;0.29574585;-0.12641144;753.2031;1.3691992;70.26548;0.021891275;9.457271e-06;428.09375;-7.345365e-21;0.24840236;-3.4714527;0.034034252;5.7380495;5.7040157;0.009894371;0.0;6015.7104;7461.92;-2202.4805;6240.3145;-2411.5034;-1023.69775
2009-06-03;11.058929;0.68955487;-0.16545105;753.8496;0.95854264;116.56674;0.008219401;3.4570694e-06;428.09634;-7.345365e-21;0.3047645;-3.386693;0.035747886;5.3206086;5.284876;0.0038035214;0.0;5876.7554;7281.488;-2149.7039;6456.24;-2352.6223;-828.0611
2009-06-04;13.212585;-0.3802897;0.0009333293;754.1325;1.2762768;133.45447;0.0031738281;1.3113022e-06;428.09375;-7.345365e-21;0.0017102174;-4.1777864;0.0004172325;4.916966;4.916534;0.0014342368;0.0;6763.3926;8371.281;-2388.211;6409.109;-2902.169;-869.6567
2009-06-05;12.971089;-1.3975424;-0.016026815;751.6333;1.552863;159.83702;0.0007324219;2.78155e-07;428.09375;-7.345365e-21;0.36680996;-3.905788;0.04056096;4.6310573;4.5905113;0.00040233135;0.0;6483.9604;8016.919;-2416.9473;6329.231;-2713.22;-984.95
2009-06-06;11.057576;-4.263102;-0.16348393;748.57587;1.1728977;127.49122;0.0;-7.3453654e-25;428.09375;-7.345365e-21;0.0017046923;-3.9059138;0.0001937151;4.301071;4.3008776;0.00011920929;0.0;7015.0596;8664.442;-2780.584;5845.1846;-2713.3079;-1133.63
2009-06-07;7.5950623;2.564504;-1.5025101;750.7048;1.1097293;44.941303;0.0;-7.3453654e-25;225.40266;-7.345365e-21;5.1638184;-2.4393554;0.619784;4.664466;4.0446815;2.9802322e-05;0.0;4967.8135;6129.24;-1904.0144;6571.419;-1694.539;-1157.8134
2009-06-08;8.834065;2.9430034;-1.3862623;753.42554;1.186393;74.981285;0.0;-7.3453654e-25;110.14093;-7.345365e-21;0.80927366;-2.97458;0.08048117;3.8968623;3.8164034;2.2351742e-05;0.0;5376.714;6626.671;-1867.9412;6730.0054;-2066.341;-1142.9
2009-06-09;9.952291;0.36455283;-0.59895325;754.7583;1.2495619;100.14439;0.0;-7.3453654e-25;100.28904;-7.345365e-21;0.14842317;-3.6006877;0.014312565;3.6226363;3.6083312;0.0;0.0;6314.834;7774.9844;-2292.0466;6372.9956;-2501.2778;-1120.0222
2009-06-10;10.684601;1.8982544;-0.010098775;754.79443;1.1735778;103.17991;0.0;-7.3453654e-25;100.00681;-7.345365e-21;1.1844878;-3.468316;0.119283795;3.5377443;3.418453;0.0;0.0;6154.218;7569.27;-2209.1152;6572.25;-2409.3232;-1081.8933
2009-06-11;11.646739;1.6246237;-0.0044581094;753.9191;1.0916592;100.97955;0.0;-7.3453654e-25;100.00714;-7.345365e-21;1.3875902;-3.3114552;0.15228242;3.3982918;3.2460093;0.0;0.0;5998.704;7370.41;-2299.571;6501.1895;-2300.3577;-1019.4611
2009-06-12;12.747172;1.6523438;0.009938558;754.0489;1.0455153;88.88807;0.0;-7.3453654e-25;99.99998;-7.345365e-21;1.0113493;-3.11663;0.10442734;3.1931996;3.0887723;0.0;0.0;5488.9077;6737.039;-2125.428;6767.2256;-2165.0188;-769.2967
2009-06-13;13.8741455;1.7918091;0.009976705;753.3925;1.3473991;85.16454;0.0;-7.3453654e-25;99.99998;-7.345365e-21;0.3427565;-3.6578476;0.02977252;2.973348;2.9435902;0.0;0.0;6234.1016;7643.7266;-2377.169;6619.6143;-2540.9844;-847.8311
2009-06-14;13.238271;0.37353516;0.00983429;753.41943;1.4678283;160.10262;0.0;-7.3453654e-25;99.99998;-7.345365e-21;0.018289683;-3.5692873;0.0014305115;2.8107464;2.809301;0.0;0.0;6599.165;8082.8022;-2469.1233;6485.532;-2479.465;-1271.9
2009-06-15;13.108418;0.48940024;0.009976705;754.0418;1.2264518;120.33454;0.0;-7.3453654e-25;99.99998;-7.345365e-21;0.43679774;-3.3531673;0.03488362;2.7197747;2.6848912;0.0;0.0;6474.4136;7921.7275;-2481.9358;6531.8584;-2329.3333;-1273.8378
2009-06-16;13.718048;0.7287801;0.009806315;753.5291;1.273889;118.87606;0.0;-7.3453654e-25;99.99998;-7.345365e-21;0.0014245507;-3.446689;0.00010430813;2.5694222;2.5693252;0.0;0.0;6757.689;8267.323;-2576.8628;6551.689;-2394.3;-1272.7156
2009-06-17;11.506398;5.140757;0.010092418;752.0786;1.44526;62.9079;0.0;-7.3453654e-25;99.99998;-7.345365e-21;3.3010764;-2.0709877;0.29931962;2.7626455;2.463326;0.0;0.0;4242.3145;5189.4043;-1598.7437;7277.8022;-1438.6455;-985.4767
2009-06-18;10.422414;5.602356;-0.08281326;750.2922;1.2960613;63.689625;0.0;-7.3453654e-25;100.03579;-7.345365e-21;5.1760116;-2.4494436;0.48624724;2.8525517;2.3663044;0.0;0.0;4796.063;5865.844;-1750.8119;7100.2983;-1701.5466;-1209.5044
2009-06-19;10.11731;5.8190713;-0.10338211;752.73;1.1668599;63.486553;0.0;-7.3453654e-25;100.06638;-7.345365e-21;9.179211;-2.5980341;0.95029175;3.226459;2.2761822;0.0;0.0;4878.689;5966.0312;-1682.59;7082.8813;-1804.7678;-1144.4222
2009-06-20;9.900523;6.2873025;0.01024882;753.90826;1.3021774;61.038815;0.0;-7.3453654e-25;100.036766;-7.345365e-21;7.2129607;-2.7965233;0.78064203;2.972722;2.1920726;0.0;0.0;5005.1494;6119.891;-1653.4323;7138.61;-1942.6511;-1247.1311
2009-06-21;11.600525;4.3863626;0.009991963;753.51483;1.2852708;123.12139;0.0;-7.3453654e-25;99.99998;-7.345365e-21;0.19167662;-3.6638844;0.016584992;2.129212;2.1126344;0.0;0.0;5828.0874;7125.3145;-1896.045;6992.54;-2545.179;-1036.78
2009-06-22;11.087117;4.8341575;0.009937286;753.56396;1.1889211;64.54913;0.0;-7.3453654e-25;99.99998;-7.345365e-21;1.3816059;-3.1439931;0.13005733;2.1675825;2.03754;0.0;0.0;5267.183;6438.731;-1898.9956;6971.154;-2184.0266;-936.7633
2009-06-23;11.693726;5.205465;0.009950002;753.2493;1.201032;64.21726;0.0;-7.3453654e-25;99.99998;-7.345365e-21;2.3059726;-3.467069;0.2220869;2.1891892;1.9670949;0.0;0.0;5915.635;7230.5723;-2051.5483;6931.183;-2408.4568;-1053.3889
2009-06-24;12.967255;5.374298;0.010327657;752.96356;1.361813;38.320267;0.0;-7.3453654e-25;100.00519;-7.345365e-21;1.5802026;-3.498031;0.14017522;2.0407438;1.9005686;0.0;0.0;5964.12;7288.961;-2064.3123;6965.6665;-2429.9656;-1091.1644
2009-06-25;13.114879;6.486979;0.010032654;752.80597;1.1022278;73.73538;0.0;-7.3453654e-25;99.99998;-7.345365e-21;5.742344;-3.4044032;0.59200823;2.429843;1.8378496;0.0;0.0;5874.953;7179.073;-2075.0247;7050.761;-2364.9255;-1058.3722
2009-06-26;14.440643;3.190694;0.0101458235;753.2701;1.1857146;138.22693;0.0;-7.3453654e-25;100.00259;-7.345365e-21;0.93105435;-3.8551567;0.07727742;1.8559247;1.7786548;0.0;0.0;6034.249;7372.682;-2159.5383;6961.6;-2678.0488;-864.7122
2009-06-27;15.853862;1.228241;0.010066986;752.9637;1.2622312;111.112785;0.0;-7.3453654e-25;99.99998;-7.345365e-21;1.899907;-3.9577801;0.16976893;1.8921793;1.7224178;0.0;0.0;6502.7134;7944.0547;-2364.635;6856.488;-2749.338;-923.31775
2009-06-28;15.922363;-1.8815409;0.010012309;752.1783;1.4529023;131.0195;0.0;-7.3453654e-25;99.99998;-7.345365e-21;0.0012993806;-4.183389;8.940697e-05;1.66893;1.6688257;0.0;0.0;6989.8027;8538.009;-2720.2695;6421.6694;-2906.061;-1164.3822
2009-06-29;15.474996;0.4832357;0.009955089;754.13135;1.1373588;112.38883;0.0;-7.3453654e-25;99.99998;-7.345365e-21;0.0025868411;-3.8277414;0.00017881393;1.61767;1.6174912;0.0;0.0;7039.71;8597.859;-2846.8323;6366.26;-2659.0044;-1135.8656
2009-06-30;17.191538;-0.09731039;0.009953816;754.4434;1.1186572;126.251625;0.0;-7.3453654e-25;99.99998;-7.345365e-21;0.0008587073;-3.6696215;5.9604645e-05;1.5685558;1.5684962;0.0;0.0;7125.322;8701.299;-3045.7527;6323.4956;-2549.1633;-1067.36
2009-07-01;17.55364;0.28571573;0.009902954;753.16626;1.2088882;102.77137;0.0;-7.3453654e-25;99.99998;-7.345365e-21;0.0;-3.4281871;0.0;1.5217662;1.5217588;0.0;0.0;7112.4155;8684.426;-3007.7566;6513.241;-2381.4478;-1154.3511
2009-07-02;16.99768;3.0309956;0.009958903;750.8046;1.2322204;107.92776;0.0;-7.3453654e-25;99.99998;-7.345365e-21;0.00044107434;-2.9673214;2.9802322e-05;1.4771074;1.4770851;0.0;0.0;6835.41;8345.073;-2776.2256;6850.828;-2061.2988;-1501.7655
2009-07-03;17.128967;3.0470276;0.00987498;747.4311;1.2569777;137.8433;0.0;-7.3453654e-25;99.99998;-7.345365e-21;0.0;-2.5830464;0.0;1.4344305;1.4344305;0.0;0.0;6726.56;8211.109;-2786.235;6883.055;-1794.3567;-1680.33
2009-07-04;16.16152;-0.17122395;0.01009496;745.5617;1.4270421;153.93178;0.0;-7.3453654e-25;99.99998;-7.345365e-21;0.0008518315;-2.2962587;5.9604645e-05;1.3937354;1.3936907;0.0;0.0;6916.194;8441.491;-2934.0906;6684.3896;-1595.1355;-1997.3556
2009-07-05;14.8927;0.2786967;0.009983063;746.2708;1.3554143;145.28682;0.0;-7.3453654e-25;99.99998;-7.345365e-21;0.29352903;-1.843066;0.018894672;1.3738424;1.3549328;0.0;0.0;6461.277;7885.2856;-2827.3772;6654.4834;-1280.3167;-2085.2878
2009-07-06;14.395538;2.0719097;0.009858449;748.60913;1.0090892;171.30359;0.0;-7.3453654e-25;99.99998;-7.345365e-21;0.033932924;-1.7993274;0.0021755695;1.3202131;1.3180524;0.0;0.0;6169.4966;7528.203;-2563.0261;6955.1743;-1249.9323;-1911.8088
2009-07-07;14.952189;3.7328594;0.00974528;751.43536;0.9329972;63.09505;0.0;-7.3453654e-25;99.99998;-7.345365e-21;0.38978457;-1.7281585;0.024288893;1.3071448;1.2828559;0.0;0.0;5825.8374;7107.9443;-2538.9495;7116.798;-1200.4939;-1694.08
2009-07-08;15.113373;5.0986633;0.010351817;752.0297;1.0755686;55.364307;0.0;-7.3453654e-25;99.99998;-7.345365e-21;0.49632084;-1.7051101;0.03066659;1.2797713;1.2491196;0.0;0.0;5988.3667;7305.3022;-2567.5894;7089.7417;-1184.4833;-1859.4211
2009-07-09;16.106638;2.6755066;0.010115306;751.4887;1.2196649;127.82309;0.0;-7.3453654e-25;99.99998;-7.345365e-21;0.027650595;-1.9205399;0.00166893;1.2182593;1.2165755;0.0;0.0;6335.7163;7728.0576;-2758.1362;6962.791;-1334.1344;-1820.3767
2009-07-10;16.825705;2.047231;0.009938558;751.0495;1.2271062;103.9274;0.0;-7.3453654e-25;99.99998;-7.345365e-21;0.0044951392;-1.8212376;0.0002682209;1.1853278;1.1850744;0.0;0.0;6649.7725;8109.9775;-2974.5168;6868.17;-1265.1533;-1950.47
2009-07-11;17.517975;1.3103434;0.009895325;751.9795;1.2448148;106.132164;0.0;-7.3453654e-25;99.99998;-7.345365e-21;0.0;-1.7319005;0.0;1.1546761;1.1546686;0.0;0.0;6751.9224;8233.533;-3040.1067;6917.41;-1203.0934;-2016.99
2009-07-12;18.489624;1.0149536;0.01012675;752.32355;1.2185521;101.41671;0.0;-7.3453654e-25;100.00519;-7.345365e-21;0.0012874597;-1.6970522;7.4505806e-05;1.1254251;1.1253283;0.0;0.0;6859.9653;8364.252;-3174.771;6911.2676;-1178.8855;-1984.52
2009-07-13;19.285645;1.2062073;0.0099105835;751.0205;1.241197;128.75323;0.0;-7.3453654e-25;99.99998;-7.345365e-21;0.0;-1.5594187;0.0;1.0971278;1.0971278;0.0;0.0;6539.1797;7972.03;-3027.48;7086.122;-1083.2755;-1951.4233
2009-07-14;17.772226;-2.6110535;0.009913127;748.93964;1.2884427;145.14586;0.0;-7.3453654e-25;99.99998;-7.345365e-21;0.0;-1.5071882;0.0;1.0700226;1.0700152;0.0;0.0;7026.3794;8564.969;-3494.2312;6442.5884;-1046.9944;-2235.1045
2009-07-15;15.393402;-3.6032104;0.009971619;747.0422;1.2979995;132.3586;0.0;-7.3453654e-25;99.99998;-7.345365e-21;0.0008583069;-1.3425099;4.4703484e-05;1.044035;1.0439754;0.0;0.0;7075.945;8624.327;-3498.1877;6159.3096;-932.5967;-2418.359
2009-07-16;15.272939;-1.735199;0.009905498;748.16656;1.1090385;117.90197;0.0;-7.3453654e-25;99.99998;-7.345365e-21;0.0;-1.3250484;0.0;1.0189265;1.018919;0.0;0.0;6938.399;8454.782;-3311.6233;6406.6777;-920.4678;-2348.8345
2009-07-17;16.67631;0.35810342;0.009913127;749.427;1.2124847;106.297485;0.0;-7.3453654e-25;99.99998;-7.345365e-21;0.0008523463;-1.3326108;5.9604645e-05;0.9947419;0.99468976;0.0;0.0;6848.012;8342.74;-3209.2705;6676.96;-925.7189;-2307.729
2009-07-18;16.941925;0.045837402;0.010018666;749.1939;1.2303358;105.84869;0.0;-7.3453654e-25;99.99998;-7.345365e-21;0.0;-1.3046079;0.0;0.9713024;0.97129494;0.0;0.0;6869.1016;8366.541;-3331.7595;6571.9146;-906.26776;-2277.9944
2009-07-19;17.50418;0.19821167;0.009791057;750.2629;1.2030002;132.47137;0.0;-7.3453654e-25;99.99998;-7.345365e-21;0.0;-1.306599;0.0;0.9487122;0.9487122;0.0;0.0;6891.362;8391.793;-3303.666;6683.691;-907.6511;-2237.82
2009-07-20;17.4794;2.5712585;0.009860992;750.2369;0.9398106;55.172466;0.0;-7.3453654e-25;99.99998;-7.345365e-21;0.118756294;-1.091279;0.0064373016;0.93352795;0.92709064;0.0;0.0;5543.0913;6748.4004;-2539.45;7452.5933;-758.07556;-1817.6011
2009-07-21;18.58258;3.046051;0.010066986;750.9395;1.2149689;58.812912;0.0;-7.3453654e-25;99.99998;-7.345365e-21;0.002616644;-1.1442174;0.00011920929;0.90652704;0.90639293;0.0;0.0;5690.8574;6926.8555;-2689.9038;7394.8057;-794.85;-1780.3778
2009-07-22;18.151388;4.0103354;0.009799957;751.845;1.2883921;50.326984;0.0;-7.3453654e-25;99.99998;-7.345365e-21;0.18017292;-1.073448;0.009730458;0.89617074;0.8864254;0.0;0.0;5604.655;6820.4893;-2675.3684;7341.6523;-745.6889;-1850.7733
2009-07-23;18.571442;4.638397;0.009957631;751.8909;1.3913683;56.045868;0.0;-7.3453654e-25;99.99998;-7.345365e-21;0.05962861;-1.1893139;0.0031739473;0.870198;0.86702406;0.0;0.0;6065.8135;7380.065;-2796.0173;7313.866;-826.1778;-2034.3112
2009-07-24;17.550028;6.583069;0.010027568;751.1679;1.1689076;56.511703;0.0;-7.3453654e-25;99.99998;-7.345365e-21;0.61469674;-1.0740943;0.033020973;0.8814335;0.8484274;0.0;0.0;5326.743;6479.386;-2457.16;7469.6743;-746.13776;-1863.1611
2009-07-25;16.762207;2.6043904;0.009936015;749.9314;1.2752237;111.84174;0.0;-7.3453654e-25;100.00259;-7.345365e-21;0.12830198;-1.226047;0.0057145953;0.83625317;0.8305386;0.0;0.0;5753.8696;6997.1963;-2727.061;7109.2485;-851.69446;-1999.2811
2009-07-26;16.446625;3.244873;0.009911855;750.2254;0.9683117;105.03118;0.0;-7.3453654e-25;99.99998;-7.345365e-21;0.030332804;-1.0651509;0.0014007092;0.8145124;0.81311166;0.0;0.0;5669.1484;6892.6416;-2707.2588;7133.601;-739.92444;-1935.2145
2009-07-27;16.98171;2.635722;0.00972112;750.50684;1.0726748;89.92994;0.0;-7.3453654e-25;99.99998;-7.345365e-21;0.01668334;-1.0039936;0.0006854534;0.7969439;0.7962361;0.0;0.0;5454.6777;6630.5522;-2589.926;7318.507;-697.4411;-1804.7
2009-07-28;17.930685;1.8542277;0.010110219;749.7598;1.2763327;124.58252;0.0;-7.3453654e-25;99.99998;-7.345365e-21;0.03376603;-1.1091679;0.0014901161;0.781253;0.77974796;0.0;0.0;6380.6396;7754.2466;-3047.3933;7030.0845;-770.5022;-2201.8733
2009-07-29;17.584188;2.777293;0.010017395;749.36554;1.4131781;91.52466;0.0;-7.3453654e-25;99.99998;-7.345365e-21;0.002413988;-1.0842234;0.00013411045;0.763759;0.7636249;0.0;0.0;6547.942;7955.8066;-3157.1265;6908.83;-753.17334;-2296.4578
2009-07-30;17.90506;-0.11665853;0.010135651;750.3071;1.344657;89.07078;0.0;-7.3453654e-25;99.99998;-7.345365e-21;0.00044136847;-1.0912213;2.9802322e-05;0.7479787;0.74795634;0.0;0.0;6768.3984;8221.85;-3438.5479;6605.209;-758.0344;-2236.9443
2009-07-31;16.724548;-3.1681416;0.009782155;749.3182;1.358426;150.86865;0.0;-7.3453654e-25;99.99998;-7.345365e-21;0.0;-1.0084286;0.0;0.7327944;0.73278695;0.0;0.0;6768.9873;8220.733;-3401.6797;6468.8955;-700.5222;-2499.3855
2009-08-01;15.495564;-3.174347;0.009887695;749.8068;1.2551577;129.93156;0.0;-7.3453654e-25;99.99998;-7.345365e-21;0.0;-0.9479923;0.0;0.71814656;0.71814656;0.0;0.0;6747.942;8193.36;-3333.828;6410.4624;-658.5389;-2543.2556
2009-08-02;15.422699;-3.371643;0.009902954;751.6824;1.1533117;131.58623;0.0;-7.3453654e-25;99.99998;-7.345365e-21;0.0;-0.94310755;0.0;0.70396066;0.70396066;0.0;0.0;6772.5674;8221.352;-3368.2363;6385.0864;-655.14557;-2514.5256
2009-08-03;15.8998;-2.7862346;0.010007222;752.92334;1.2652045;119.75503;0.0;-7.3453654e-25;99.99998;-7.345365e-21;0.0017166131;-0.94391966;8.940697e-05;0.6902516;0.69016963;0.0;0.0;6692.3843;8122.2017;-3336.278;6461.068;-655.70886;-2440.9734
2009-08-04;15.801921;-0.23101807;0.010009766;753.27094;1.0542337;98.61527;0.0;-7.3453654e-25;99.99998;-7.345365e-21;0.0008523463;-0.82892275;4.4703484e-05;0.67690015;0.6768629;0.0;0.0;5766.105;6996.2754;-2851.8938;6937.4634;-575.8239;-2028.4689
2009-08-05;16.999329;1.7287191;0.010211945;753.394;0.9065402;92.00646;0.0;-7.3453654e-25;99.99998;-7.345365e-21;0.008139603;-0.7840069;0.00040233135;0.6644875;0.66408515;0.0;0.0;5170.537;6272.5435;-2608.463;7293.789;-544.62335;-1691.4589
2009-08-06;18.004618;1.8007914;0.00978597;751.99634;0.94874144;105.611824;0.0;-7.3453654e-25;99.99998;-7.345365e-21;0.01385808;-0.87916666;0.00071525574;0.65234303;0.6516278;0.0;0.0;5695.2563;6907.6167;-2759.778;7325.5933;-610.7278;-1923.9467
2009-08-07;17.60966;-0.75246173;0.010049184;750.3088;1.6884546;173.12682;0.0;-7.3453654e-25;99.99998;-7.345365e-21;0.0;-0.86976403;0.0;0.63946843;0.63945353;0.0;0.0;6363.7183;7716.479;-3091.9775;6863.813;-604.19666;-2441.0
2009-08-08;16.294739;-0.36416626;0.009757996;750.0568;1.3612531;245.58447;0.0;-7.3453654e-25;99.99998;-7.345365e-21;0.0;-0.8276496;0.0;0.6276369;0.627622;0.0;0.0;6420.7554;7783.977;-3149.302;6644.6924;-574.9411;-2543.4556
2009-08-09;15.502034;-2.0613506;0.010046641;749.602;1.289785;168.29008;0.0;-7.3453654e-25;99.99998;-7.345365e-21;0.0004351138;-0.8266931;2.9802322e-05;0.6161332;0.6161183;0.0;0.0;6657.4106;8069.059;-3360.91;6356.819;-574.2767;-2510.4622
2009-08-10;14.919525;-0.7381694;0.010210673;749.278;1.2875355;121.55399;0.0;-7.3453654e-25;99.99998;-7.345365e-21;0.0;-0.7147491;0.0;0.60501695;0.60500205;0.0;0.0;5537.368;6710.0254;-2732.537;6930.0513;-496.5122;-2127.7522
2009-08-11;14.607411;-0.16328938;0.010196686;750.5447;1.416989;132.01767;0.0;-7.3453654e-25;99.99998;-7.345365e-21;0.13017654;-0.7249769;0.0063478947;0.6006658;0.5943179;0.0;0.0;5755.5557;6972.561;-2904.6506;6619.35;-503.61777;-2314.0288
2009-08-12;14.729553;-5.5127053;0.010169983;751.35406;1.1133794;186.12633;0.0;-7.3453654e-25;99.99998;-7.345365e-21;0.0008523463;-0.83230066;4.4703484e-05;0.5838871;0.5838573;0.0;0.0;6642.0674;8045.062;-3475.782;6100.9546;-578.1711;-2393.4355
2009-08-13;16.573456;-6.5390015;0.010206859;752.02167;1.131854;97.9569;0.0;-7.3453654e-25;99.99998;-7.345365e-21;0.0012934206;-0.86478704;5.9604645e-05;0.5736053;0.5735457;0.0;0.0;6649.2856;8052.033;-3625.8333;6125.852;-600.7389;-2107.1145
2009-08-14;16.459604;-5.96109;0.010316213;753.08453;1.3132426;130.5137;0.0;-7.3453654e-25;99.99998;-7.345365e-21;0.0017014163;-0.83391833;8.940697e-05;0.5635619;0.5634874;0.0;0.0;6597.251;7987.182;-3513.4866;6268.6167;-579.29553;-2208.38
2009-08-15;16.803122;1.1236674;0.010108948;753.67316;1.388539;46.260254;0.0;-7.3453654e-25;99.99998;-7.345365e-21;0.0013004474;-0.80828;7.4505806e-05;0.55374205;0.55368245;0.0;0.0;6350.819;7687.1855;-3164.9077;6765.9727;-561.48553;-2235.63
2009-08-16;17.707397;1.9790548;0.00983429;751.8963;1.4079748;50.539875;0.0;-7.3453654e-25;99.99998;-7.345365e-21;0.0004351138;-0.824973;2.9802322e-05;0.5441308;0.544101;0.0;0.0;6401.597;7747.7305;-3287.365;6745.6323;-573.0811;-2167.6633
2009-08-17;18.388926;4.447581;0.009904225;753.1004;1.3857908;66.13099;0.0;-7.3453654e-25;99.99998;-7.345365e-21;0.0012759456;-0.8080285;7.4505806e-05;0.5348325;0.5347729;0.0;0.0;6285.4106;7606.1797;-3150.9812;6955.8896;-561.3111;-2186.2566
2009-08-18;18.465494;2.034912;0.010131836;754.0854;1.3715968;183.05183;0.0;-7.3453654e-25;99.99998;-7.345365e-21;0.0021517272;-0.80177283;0.00010430813;0.52574277;0.5256608;0.0;0.0;6264.039;7579.4194;-3149.242;6933.42;-556.9644;-2280.5845
2009-08-19;19.549734;-1.553182;0.009857178;754.9068;1.2914292;135.32584;0.0;-7.3453654e-25;99.99998;-7.345365e-21;0.0;-0.80012345;0.0;0.516817;0.516817;0.0;0.0;6215.3403;7519.55;-3181.7117;6939.528;-555.8189;-2131.0588
2009-08-20;18.645426;-3.2367554;0.009941101;753.8808;1.4028597;170.79102;0.0;-7.3453654e-25;99.99998;-7.345365e-21;0.00041954336;-0.75265396;2.9802322e-05;0.5082637;0.5082339;0.0;0.0;6330.4756;7657.9653;-3356.5417;6599.9756;-522.8433;-2296.0754
2009-08-21;17.328623;-2.8075256;0.00981013;752.1575;1.2129112;186.55101;0.0;-7.3453654e-25;99.99998;-7.345365e-21;0.0012974269;-0.7375311;7.4505806e-05;0.49994886;0.49987435;0.0;0.0;6155.0063;7444.8022;-3229.3655;6641.63;-512.33777;-2201.7
2009-08-22;16.630045;-3.6987407;0.010243733;750.56616;1.4248279;197.80675;0.0;-7.3453654e-25;99.99998;-7.345365e-21;0.0;-0.6967727;0.0;0.49176812;0.49176812;0.0;0.0;6257.543;7567.9097;-3307.6108;6416.539;-484.02554;-2363.8254
2009-08-23;15.841095;-5.986796;0.010153453;748.98883;1.4232594;204.39398;0.0;-7.3453654e-25;99.99998;-7.345365e-21;0.00086029986;-0.67879075;4.4703484e-05;0.4839301;0.4838705;0.0;0.0;6288.184;7604.078;-3392.4407;6225.899;-471.53333;-2301.4133
2009-08-24;15.343933;-2.9297993;0.009896596;752.4048;1.1832174;92.02276;0.0;-7.3453654e-25;99.99998;-7.345365e-21;0.0017225739;-0.70764494;8.940697e-05;0.4762411;0.4761517;0.0;0.0;6173.3174;7464.2617;-3299.1028;6396.2935;-491.5778;-2168.551
2009-08-25;16.14804;-5.2353415;0.010425568;752.9795;1.3877996;174.47466;0.0;-7.3453654e-25;99.99998;-7.345365e-21;0.0;-0.68711954;0.0;0.46858191;0.46859682;0.0;0.0;6165.5244;7453.9385;-3335.9978;6336.6577;-477.31888;-2183.5432
2009-08-26;15.445912;-3.1229248;0.009719849;752.33154;1.2756916;191.91591;0.0;-7.3453654e-25;99.99998;-7.345365e-21;0.0021494688;-0.6465577;9.685755e-05;0.46136975;0.46126544;0.0;0.0;6104.4297;7379.221;-3146.8198;6485.338;-449.1422;-2304.6812
2009-08-27;14.225078;-2.9529521;0.009923299;752.1829;1.3468674;118.56;0.0;-7.3453654e-25;99.99998;-7.345365e-21;0.0011861324;-0.6276276;4.4703484e-05;0.4541874;0.4541278;0.0;0.0;5912.742;7146.54;-3094.9878;6438.183;-435.99112;-2337.75
2009-08-28;13.335765;-2.6788127;0.009970347;753.281;1.11839;113.85696;0.0;-7.3453654e-25;99.99998;-7.345365e-21;0.05001536;-0.60577506;0.0023841858;0.44956803;0.44718385;0.0;0.0;5753.5728;6953.255;-3031.1877;6388.0723;-420.8111;-2219.0112
2009-08-29;14.108317;-4.32488;0.0099983215;753.61774;1.0541414;99.7385;0.0;-7.3453654e-25;99.99998;-7.345365e-21;0.0011205673;-0.6688982;4.4703484e-05;0.44044852;0.44038892;0.0;0.0;5867.644;7090.3433;-3130.0452;6433.2544;-464.66223;-2061.0532
2009-08-30;14.745494;-4.2218323;0.009906769;752.72656;1.254793;97.63554;0.0;-7.3453654e-25;99.99998;-7.345365e-21;0.007621361;-0.5992586;0.00029802322;0.43407083;0.4337728;0.0;0.0;5437.378;6569.6953;-2965.5923;6537.453;-416.28445;-1918.7222
2009-08-31;14.343699;-1.2658182;0.010322571;753.25385;1.072733;62.400402;0.0;-7.3453654e-25;99.99998;-7.345365e-21;0.16611814;-0.57666564;0.0076144934;0.4349947;0.42738765;0.0;0.0;5056.324;6108.408;-2740.9033;6762.6543;-400.59;-1742.7134
2009-09-01;14.738973;1.425059;0.009938558;753.8593;1.1844238;65.885925;0.0;-7.3453654e-25;99.99998;-7.345365e-21;0.09537801;-0.61142814;0.004634261;0.42580068;0.42117387;0.0;0.0;4966.151;5998.945;-2603.0854;6933.838;-424.7389;-1773.0178
2009-09-02;14.725606;-0.98413086;0.010049184;752.9177;1.4355621;116.225075;0.0;-7.3453654e-25;99.99998;-7.345365e-21;0.021496415;-0.64240766;0.0009834766;0.41605532;0.4150644;0.0;0.0;5498.008;6640.5063;-2947.67;6522.468;-446.25888;-2062.8955
2009-09-03;14.714752;-4.4464927;0.010316213;753.4436;1.1133169;97.77094;0.0;-7.3453654e-25;99.99998;-7.345365e-21;0.003;-0.6659683;0.00013411045;0.40915608;0.40902942;0.0;0.0;5779.5483;6979.724;-3176.779;6351.27;-462.62668;-1926.5667
2009-09-04;15.696553;-2.65919;0.009961446;754.64185;1.1115618;73.254745;0.0;-7.3453654e-25;99.99998;-7.345365e-21;0.0011175871;-0.64298606;4.4703484e-05;0.40313601;0.4031062;0.0;0.0;5562.2144;6716.4683;-3030.4512;6636.615;-446.6611;-1817.9133
2009-09-05;15.993764;-3.3846436;0.010002136;752.81226;1.1034898;88.162605;0.0;-7.3453654e-25;99.99998;-7.345365e-21;0.007897615;-0.61584264;0.00029802322;0.3976226;0.39732456;0.0;0.0;5410.42;6532.3823;-2992.8132;6677.8936;-427.80554;-1775.9811
2009-09-06;15.781433;-4.8547363;0.010058085;750.1789;1.2627481;102.091034;0.0;-7.3453654e-25;99.99998;-7.345365e-21;0.00085234636;-0.5868599;2.9802322e-05;0.39172173;0.39168447;0.0;0.0;5413.7476;6535.49;-3058.2253;6525.5244;-407.6711;-1812.64
2009-09-07;13.85078;-1.0600281;0.01008606;749.8503;1.1922178;90.212944;0.0;-7.3453654e-25;99.99998;-7.345365e-21;0.93860924;-0.6424505;0.048443675;0.43471158;0.38626045;0.0;0.0;4801.725;5796.0596;-2551.6538;6844.76;-446.28888;-1733.82
2009-09-08;13.415161;0.5534261;0.0099983215;753.5591;1.1500155;76.6861;0.0;-7.3453654e-25;99.99998;-7.345365e-21;0.0643909;-0.8152034;0.0028312206;0.3838837;0.3810376;0.0;0.0;4808.8257;5803.943;-2653.9;6628.7173;-566.29443;-1586.37
2009-09-09;14.417949;-1.4708151;0.010012309;755.2529;1.2327293;132.13997;0.0;-7.3453654e-25;99.99998;-7.345365e-21;0.021088123;-0.7242104;0.0010281801;0.37686527;0.3758371;0.0;0.0;5343.777;6448.8413;-2891.014;6478.2656;-503.08444;-1853.9911
2009-09-10;12.368947;-2.6305645;0.009934743;751.4179;1.4349197;123.00402;0.0;-7.3453654e-25;99.99998;-7.345365e-21;0.057558917;-0.5613705;0.0023692846;0.37312508;0.3707707;0.0;0.0;5019.3784;6056.6396;-2724.2239;6404.3257;-389.965;-1930.6766
2009-09-11;12.099324;-1.0427347;0.009930928;750.3801;1.1175817;158.72502;0.0;-7.3453654e-25;99.99998;-7.345365e-21;0.011134148;-0.47202224;0.00052154064;0.36640465;0.3658831;0.0;0.0;4254.0156;5132.436;-2355.222;6734.1787;-327.89777;-1549.7955
2009-09-12;13.07782;-0.3970642;0.009644826;753.9084;1.2106878;193.45636;0.0;-7.3453654e-25;99.99998;-7.345365e-21;0.0017046923;-0.5366569;8.940697e-05;0.36117435;0.36107004;0.0;0.0;5285.8525;6376.677;-2779.518;6461.5444;-372.7978;-1998.8955
2009-09-13;14.184631;0.81310016;0.010195415;754.4316;1.908916;159.70741;0.0;-7.3453654e-25;99.99998;-7.345365e-21;0.65606236;-0.5966127;0.03169477;0.38808584;0.35640597;0.0;0.0;4288.9834;5173.5166;-2242.7166;6893.6655;-414.44724;-1591.1122
2009-09-14;13.270711;2.173462;0.010307312;754.803;1.1593134;197.66194;0.0;-7.3453654e-25;99.99998;-7.345365e-21;0.010624528;-0.62451327;0.0005066395;0.35235286;0.35183877;0.0;0.0;4820.932;5814.4478;-2465.8662;6729.759;-433.8278;-1794.8192
2009-09-15;12.610158;3.1520793;0.009634654;752.986;0.7959249;111.81525;0.0;-7.3453654e-25;99.99998;-7.345365e-21;1.9093518;-0.75321645;0.0974983;0.44485927;0.34736097;0.0;0.0;4342.59;5236.886;-2187.3838;7075.6074;-523.23444;-1505.5956
2009-09-16;10.854431;3.5099385;0.010093689;749.00586;1.1746565;101.46943;0.0;-7.3453654e-25;99.99998;-7.345365e-21;2.7672946;-1.1629733;0.16267598;0.505805;0.34311414;0.0;0.0;3763.2117;4533.9595;-1802.7944;7110.7866;-807.8789;-1281.15
2009-09-17;7.1586304;3.5493062;0.009728749;748.9885;1.0584002;122.30204;0.0;-7.3453654e-25;99.99998;-7.345365e-21;5.0850897;-1.3931003;0.28207898;0.6211847;0.33909827;0.0;0.0;3403.838;4097.5776;-1592.7653;6923.4478;-967.74054;-1259.1633
2009-09-18;8.911255;-0.602712;0.009920756;750.7505;1.1386956;146.36882;0.0;-7.3453654e-25;99.99998;-7.345365e-21;0.00043511385;-1.7549767;1.4901161e-05;0.3350824;0.33506006;0.0;0.0;4800.22;5773.4893;-2256.3386;6341.688;-1219.1233;-1427.3445
2009-09-19;8.729411;-0.95439655;0.009969075;750.69977;1.0857673;163.51888;0.0;-7.3453654e-25;99.99998;-7.345365e-21;0.26980937;-1.2431079;0.012397766;0.34344196;0.3310293;0.0;0.0;4133.003;4966.8516;-1997.4066;6508.334;-863.5461;-1363.0278
2009-09-20;6.8363442;3.5209656;0.009880066;749.92114;0.84107333;160.33025;0.0;-7.3453654e-25;99.99998;-7.345365e-21;7.344574;-1.3679713;0.4515201;0.7788092;0.32728165;0.0;0.0;3002.765;3605.5222;-1467.8928;6809.74;-950.2844;-904.94586
2009-09-21;6.6143394;4.826538;0.009974162;752.3142;0.86685914;121.67905;0.0;-7.3453654e-25;99.99998;-7.345365e-21;11.62534;-1.555455;0.8046627;1.1283755;0.32370538;0.0;0.0;2833.926;3399.9739;-979.2156;7349.5366;-1080.5222;-899.9044
2009-09-22;7.432821;2.3118694;0.00981013;754.1731;1.1037471;228.6939;0.0;-7.3453654e-25;99.99998;-7.345365e-21;0.09950919;-2.1483507;0.0053942204;0.32550097;0.32010674;0.0;0.0;4217.562;5055.222;-1809.081;6592.561;-1492.3867;-1152.1812
2009-09-23;6.987864;0.10827637;0.009909312;752.34515;1.1140641;168.83232;0.0;-7.3453654e-25;99.99998;-7.345365e-21;0.13813376;-2.0163367;0.007495284;0.32395124;0.31645596;0.0;0.0;4626.9297;5540.9624;-2141.0195;6167.722;-1400.6823;-1244.6711
2009-09-24;6.9781594;0.25954184;0.010065715;753.61847;0.93101126;61.203655;0.0;-7.3453654e-25;99.99998;-7.345365e-21;1.1705309;-1.7411774;0.066548586;0.37944317;0.31290203;0.0;0.0;4150.2114;4965.7812;-1985.8188;6319.019;-1209.5377;-1059.6178
2009-09-25;7.6777344;0.082346596;0.009615581;754.27985;0.95757437;82.545456;0.0;-7.3453654e-25;99.99998;-7.345365e-21;0.19960801;-1.7172098;0.011309981;0.3207177;0.3094077;0.0;0.0;4182.7163;5000.26;-2013.4575;6336.2715;-1192.8889;-1030.3944
2009-09-26;8.714437;-1.0369974;0.009990692;753.3194;1.0192786;141.15022;0.0;-7.3453654e-25;99.99998;-7.345365e-21;0.0004172325;-1.7693117;2.9802322e-05;0.30595064;0.30592084;0.0;0.0;4434.4497;5296.6436;-2211.4585;6197.2954;-1229.081;-1024.1855
2009-09-27;8.327698;-2.5908916;0.010197957;749.5821;1.5130347;160.45126;0.0;-7.3453654e-25;99.99998;-7.345365e-21;0.18119812;-1.5997794;0.009819865;0.31232834;0.30250847;0.0;0.0;4299.5205;5131.09;-2111.431;6249.8257;-1111.3134;-1191.6433
2009-09-28;5.0166726;-9.938682;0.009902954;747.4641;1.6745998;186.41705;0.0;-7.3453654e-25;99.99998;-7.345365e-21;0.0;-1.414258;0.0;0.2991706;0.29917806;0.0;0.0;4758.335;5673.7544;-2716.607;5188.183;-982.4378;-1588.7866
2009-09-29;3.4702148;-11.029816;0.009969075;749.19336;1.0319564;211.08803;0.0;-7.3453654e-25;99.99998;-7.345365e-21;0.0;-1.2039318;0.0;0.29590726;0.29590726;0.0;0.0;4848.7275;5776.56;-2671.7642;5133.9434;-836.3311;-1466.5533
2009-09-30;5.885569;-6.607582;0.009399414;751.91254;1.0746001;170.69579;0.0;-7.3453654e-25;99.99998;-7.345365e-21;0.0;-1.1988804;0.0;0.2926737;0.2926737;0.0;0.0;4836.5566;5757.0933;-2720.0747;5292.9033;-832.8222;-1235.0477
2009-10-01;6.606547;-6.039327;0.010050456;754.18976;1.1056257;107.07961;0.0;-7.3453654e-25;99.99998;-7.345365e-21;0.0;-1.1831615;0.0;0.28946996;0.2894774;0.0;0.0;4754.8516;5654.951;-2636.9595;5510.5186;-821.9033;-1149.4055
2009-10-02;8.081502;-5.7687683;0.0100364685;756.9372;1.1002707;110.006004;0.0;-7.3453654e-25;99.99998;-7.345365e-21;0.0;-1.186151;0.0;0.2863109;0.28631836;0.0;0.0;4727.089;5617.0845;-2693.4177;5603.132;-823.98;-1126.3534
2009-10-03;8.629649;-5.6093345;0.010133107;756.14844;1.0998973;67.76212;0.0;-7.3453654e-25;99.99998;-7.345365e-21;0.00085234636;-1.1499552;4.4703484e-05;0.28324127;0.28319657;0.0;0.0;4705.741;5586.9023;-2718.8738;5695.6567;-798.8356;-1040.6233
2009-10-04;10.284139;-5.1005554;0.009890239;754.882;1.084513;73.08258;0.0;-7.3453654e-25;99.99998;-7.345365e-21;0.0004351138;-1.0803081;2.9802322e-05;0.28012693;0.28009713;0.0;0.0;4626.874;5488.5566;-2685.6829;5888.7188;-750.4533;-1006.10114
2009-10-05;11.262807;-6.6574097;0.009838104;753.8091;1.0787466;136.23839;0.0;-7.3453654e-25;99.99998;-7.345365e-21;0.0;-0.9684768;0.0;0.2770573;0.27706474;0.0;0.0;4592.81;5443.4653;-2737.2688;5885.24;-672.77;-1050.2628
2009-10-06;10.424968;-6.725657;0.009937286;752.034;1.1085839;109.98876;0.0;-7.3453654e-25;99.99998;-7.345365e-21;0.0012843375;-0.8156346;7.4505806e-05;0.27418137;0.27409196;0.0;0.0;4515.503;5347.2554;-2680.18;5892.594;-566.5944;-1189.1466
2009-10-07;7.0269065;-2.7021587;0.010040283;752.73175;1.0886936;66.44294;0.0;-7.3453654e-25;99.99998;-7.345365e-21;0.658834;-0.6978381;0.03232062;0.30356646;0.27124584;0.0;0.0;3612.5303;4274.248;-2008.22;6352.239;-484.76556;-1172.6888
2009-10-08;7.02653;1.0917358;0.009854634;755.0347;1.3132182;48.61499;0.0;-7.3453654e-25;99.99998;-7.345365e-21;0.17707348;-0.57055986;0.0085532665;0.2770424;0.26848912;0.0;0.0;3388.0044;4004.8992;-1907.0673;6467.956;-396.34888;-1175.1589
2009-10-09;7.399221;-0.851064;0.010117848;754.34247;1.213538;92.960625;0.0;-7.3453654e-25;99.99998;-7.345365e-21;1.023829;-0.74876565;0.052511692;0.3183037;0.26579946;0.0;0.0;3726.4414;4401.382;-2009.9427;6342.7207;-520.1422;-1165.5167
2009-10-10;7.8010864;-2.2108765;0.010173798;752.7718;1.1279123;93.48423;0.0;-7.3453654e-25;99.99998;-7.345365e-21;0.48534274;-0.7877499;0.024333596;0.2874732;0.26314706;0.0;0.0;3522.0962;4156.6064;-1965.8517;6384.847;-547.2233;-1031.5455
2009-10-11;7.463684;-4.4420166;0.009681702;755.46967;1.1762935;113.95756;0.0;-7.3453654e-25;99.99998;-7.345365e-21;0.016838312;-0.75849426;0.0008046627;0.26130676;0.2605021;0.0;0.0;3818.1445;4501.969;-2251.1545;6042.363;-526.9011;-1147.461
2009-10-12;8.255443;-6.13915;0.009819031;756.7675;0.9880872;121.85616;0.0;-7.3453654e-25;99.99998;-7.345365e-21;0.0017173261;-0.7948112;8.940697e-05;0.257954;0.2578646;0.0;0.0;4322.84;5092.8555;-2657.6995;5733.302;-552.13;-1062.1039
2009-10-13;9.144612;-6.1536865;0.009963989;755.9947;1.0849389;170.48996;0.0;-7.3453654e-25;99.99998;-7.345365e-21;0.004924577;-0.6829109;0.00025331974;0.2555102;0.25524944;0.0;0.0;4037.0693;4752.1494;-2462.5173;5930.812;-474.39557;-1052.1278
2009-10-14;8.947215;-7.087372;0.010181427;756.3542;0.9543016;230.55632;0.0;-7.3453654e-25;99.99998;-7.345365e-21;0.00086278137;-0.5240729;4.4703484e-05;0.2527535;0.2527237;0.0;0.0;3619.3267;4256.798;-2424.1677;5831.7817;-364.05554;-935.6689
2009-10-15;9.137858;-8.188232;0.009953816;759.0869;1.1041578;96.81409;0.0;-7.3453654e-25;99.99998;-7.345365e-21;0.0;-0.629155;0.0;0.2502203;0.25021285;0.0;0.0;4214.787;4952.888;-2680.016;5736.8877;-437.05334;-1003.2978
2009-10-16;9.22406;-6.954773;0.0102335615;758.8614;1.1072918;85.38846;0.0;-7.3453654e-25;99.99998;-7.345365e-21;0.00042617318;-0.58595186;2.9802322e-05;0.2477467;0.2477169;0.0;0.0;4140.3384;4863.8813;-2595.8228;5891.708;-407.04166;-1011.5789
2009-10-17;8.659322;-4.7944336;0.009771983;756.98004;1.2065547;84.82172;0.0;-7.3453654e-25;99.99998;-7.345365e-21;0.49076974;-0.5877614;0.02451241;0.26977062;0.24527311;0.0;0.0;3765.4238;4422.0356;-2350.4539;6115.2095;-408.2989;-982.57556
2009-10-18;8.149343;-4.321116;0.010039012;756.2448;0.9758096;75.46311;0.0;-7.3453654e-25;99.99998;-7.345365e-21;0.35753846;-0.6128689;0.017881393;0.26077032;0.24290383;0.0;0.0;3677.6177;4317.593;-2329.125;6076.4946;-425.7389;-908.5967
2009-10-19;8.517985;-5.061147;0.009878795;757.00757;0.9118783;92.62588;0.0;-7.3453654e-25;99.99998;-7.345365e-21;0.0004351138;-0.6205365;2.9802322e-05;0.24057925;0.2405569;0.0;0.0;3933.814;4616.9346;-2509.2605;5934.831;-431.06668;-952.82776
2009-10-20;8.406128;-4.982015;0.010144551;756.74493;0.971131;93.22888;0.0;-7.3453654e-25;99.99998;-7.345365e-21;0.0012904406;-0.5404558;7.4505806e-05;0.23828447;0.23823231;0.0;0.0;3875.891;4547.529;-2496.2917;5913.039;-375.43668;-994.7278
2009-10-21;7.561371;-5.074005;0.0099105835;755.4803;0.94859403;140.36244;0.0;-7.3453654e-25;99.99998;-7.345365e-21;1.240688;-0.56539845;0.0705868;0.3065467;0.23595244;0.0;0.0;3613.2083;4238.0913;-2293.328;6037.45;-392.76334;-951.22
2009-10-22;7.1914062;-4.122162;0.010088603;755.84424;1.0561805;75.71966;0.0;-7.3453654e-25;99.99998;-7.345365e-21;0.22930421;-0.7046405;0.011131167;0.24488568;0.23375452;0.0;0.0;3440.811;4034.5767;-2155.0679;6121.556;-489.49;-862.6922
2009-10-23;6.367991;-4.556305;0.009821574;756.91;0.9389198;81.32058;0.0;-7.3453654e-25;99.99998;-7.345365e-21;0.048601627;-0.58856976;0.0023543835;0.23396313;0.23159385;0.0;0.0;3307.1445;3876.6367;-2182.1711;5991.09;-408.86;-820.65
2009-10-24;6.3377686;-4.9779763;0.01003774;755.0467;0.8059493;162.17474;0.0;-7.3453654e-25;99.99998;-7.345365e-21;0.14095306;-0.5235039;0.006943941;0.23640692;0.22946298;0.0;0.0;3369.9146;3948.929;-2237.0906;5877.803;-363.66;-895.64557
2009-10-25;5.997772;-5.444834;0.010056813;753.94366;1.0191089;171.76384;0.0;-7.3453654e-25;99.99998;-7.345365e-21;0.0;-0.4789643;0.0;0.22736192;0.22737682;0.0;0.0;3323.8271;3893.7979;-2166.301;5899.69;-332.72;-934.91223
2009-10-26;5.6859336;-4.2120566;0.010097504;754.90436;0.8112568;117.61906;0.0;-7.3453654e-25;99.99998;-7.345365e-21;0.6995827;-0.54387003;0.034689903;0.2600178;0.22533536;0.0;0.0;3454.1172;4045.1055;-2140.8384;5913.1313;-377.8089;-921.1989
2009-10-27;5.558451;-3.4984639;0.009966533;754.2387;0.9511114;150.59941;0.0;-7.3453654e-25;99.99998;-7.345365e-21;0.29664636;-0.5287798;0.014543533;0.23788214;0.2233237;0.0;0.0;3280.301;3840.3354;-1895.0961;6245.691;-367.32556;-995.7011
2009-10-28;3.3134766;1.1712036;0.009995778;750.5776;0.757303;184.13405;0.028238932;3.1789143e-06;101.1188;-7.345365e-21;5.84774;-0.8341707;0.3311336;0.55257976;0.2214387;0.0019613653;0.005736947;1432.3367;1676.9678;-588.4106;7194.121;-579.4667;-466.79666
2009-10-29;4.279612;2.845927;-0.0041567483;750.0599;0.91996336;187.10536;0.020914713;2.6226044e-06;106.213524;-7.345365e-21;4.1782436;-0.99621993;0.24008751;0.45973063;0.21964312;0.0018700957;0.0;1974.805;2310.9878;-704.7767;7269.0;-692.0378;-670.5133
2009-10-30;3.6587422;2.9640198;0.009967804;749.8475;0.68995243;159.82936;0.009521484;5.801519e-06;109.42316;0.040690105;11.466138;-0.83275884;0.81864744;1.0365248;0.21788478;0.0008940697;0.10676682;954.6239;1116.8044;-237.92944;7617.2676;-578.4889;-392.33334
2009-10-31;2.985382;2.6398213;-0.01778539;749.69;0.9551046;194.95258;1.3529459;0.0001804034;136.24184;1.4241537;22.472382;-0.7366799;2.058059;2.2742152;0.21617115;0.10485761;0.024337322;679.1433;802.6667;-71.53445;7673.939;-511.65555;-344.55777
2009-11-01;2.8475544;2.4627278;0.010019938;749.25586;0.90276474;196.27307;8.187093;0.0012545983;148.37953;8.463542;31.214745;-0.8415692;3.8145332;4.0290356;0.21448731;0.8527506;1.9310974;1029.0516;1301.5734;-130.33667;7614.621;-584.04224;-442.3322
2009-11-02;1.407074;0.7743225;-0.03981018;745.6765;0.95169;191.90369;33.57544;0.0050419173;145.58397;34.22038;34.528202;-0.62713027;5.4774137;5.6902766;0.21287799;2.457492;7.011399;689.455;1101.1711;-39.56278;7505.76;-435.22223;-332.44333
2009-11-03;-2.1605732;-2.5662231;-0.63251495;746.2099;1.0443367;195.05603;88.063805;0.01863555;144.28871;125.935875;24.234945;-0.20618737;0.6017387;0.8132905;0.21154433;0.8181613;20.705118;317.7028;1078.04;-208.34277;6919.1577;-154.92;-179.11
2009-11-04;-0.88917035;-2.0900574;-1.0124512;752.89044;0.9901723;229.39441;100.0;0.026477814;155.81151;170.45085;0.47530532;-0.19085221;0.21855533;0.42895973;0.21039695;1.2465119;0.29365346;749.5139;2603.0188;-581.44336;6510.458;-144.17444;-110.48222
2009-11-05;-1.0128784;-2.8345032;-2.501479;754.7126;0.8937724;221.21527;98.94556;0.024152398;162.54555;149.12923;0.042319298;-0.16246736;0.49300492;0.70233643;0.20933151;3.0342824;0.016532838;1254.9967;3802.02;-1040.7794;5909.0522;-117.23;-120.85667
2009-11-06;-0.22286987;-6.6785583;-5.0878806;756.014;1.1411097;29.11889;95.666664;0.020680109;166.14354;125.08138;0.00655055;-0.24847873;0.60777366;0.8160919;0.20831823;3.674237;0.0039748847;1460.7911;3981.4766;-1366.3717;5388.421;-179.45778;-72.74111
2009-11-07;1.4978739;-6.4732766;-6.691809;756.2603;1.2515254;26.772398;89.20719;0.016238093;167.62465;97.33073;0.0012904402;-0.22663921;0.8237213;1.0310858;0.20736456;4.845966;0.0;1581.0061;3914.311;-1387.7284;5242.6934;-158.75111;11.784445
2009-11-08;2.410614;-7.6282043;-6.809732;754.7702;1.0655507;83.76104;69.62427;0.011709452;170.3828;69.0918;0.0;-0.48679486;0.7404685;0.946939;0.20647049;4.249785;0.0;1971.6422;3878.0078;-1587.5745;5193.3066;-339.96112;-31.735556
2009-11-09;2.663625;-6.049337;-5.8722305;753.76434;0.95646757;149.12532;46.604412;0.007897695;171.73175;46.223957;0.0063657756;-0.64150524;0.61912835;0.8247644;0.20562857;3.5038664;0.0;2128.5366;3387.5444;-1426.46;5668.723;-446.74667;-125.36889
2009-11-10;1.4343058;-3.6905823;-5.802677;751.1604;1.133677;22.630854;29.75879;0.005047957;172.1175;29.337564;0.0002682209;-0.7901322;0.43267012;0.6375313;0.20484626;2.4511106;0.0;2505.9382;3504.6423;-1640.1405;5610.551;-548.9756;-292.16556
2009-11-11;2.7636108;-3.0681355;-6.7182746;750.41284;0.8957066;91.56115;18.526367;0.0031462908;172.34764;18.229166;0.0;-0.8981414;0.27412176;0.47826767;0.20412356;1.5663486;0.0;2918.1812;3778.5432;-1989.1827;5321.6074;-623.70447;-275.38223
2009-11-12;3.2582905;-0.5841675;-6.8051515;750.62726;0.9124026;197.49335;11.233643;0.001906395;172.48729;11.108398;0.0012926921;-0.8521415;0.17975271;0.38318336;0.2034381;1.0394305;0.0;2957.2778;3661.1633;-2017.0361;5374.509;-591.5289;-309.62445
2009-11-13;2.0243225;-3.1066692;-4.785446;752.2513;0.7932036;144.6958;6.79541;0.001157999;172.51495;6.5104165;1.4028549;-1.008057;0.28212368;0.4849136;0.2027899;0.5828794;0.0010319054;2928.3723;3531.3733;-1571.9523;5879.218;-700.6161;-462.7911
2009-11-14;0.3166809;-0.42582193;-0.5670268;752.16974;0.5739239;81.83828;12.08667;0.0019776423;159.87823;12.410481;17.29608;-0.44599736;2.5983005;2.8005242;0.2022013;0.29555148;2.2801235;697.33276;839.9622;-267.78168;7144.2524;-310.17667;-251.90222
2009-11-15;0.5272522;-1.5880839;-2.114399;751.2535;0.92661935;168.85419;21.484863;0.0032022;150.2223;21.525064;3.0335784;-0.864815;0.62963367;0.8313358;0.20168722;1.4534835;0.62814724;2031.6934;2686.2256;-972.8433;6448.3257;-602.74;-462.3
2009-11-16;-0.74606323;-3.870575;-4.8003945;749.8107;0.70130205;147.67064;16.119547;0.0024026234;151.02374;16.0319;0.027298927;-0.806978;0.1437813;0.34499168;0.20122528;0.7636361;0.026009977;2221.9573;2818.05;-1424.635;5888.9355;-563.6644;-565.9167
2009-11-17;-1.251648;-4.157827;-2.820422;744.00684;0.76531655;68.346115;23.633871;0.0037501652;147.68097;24.617514;7.811089;-0.4787594;0.13545156;0.3362596;0.2008155;0.30641258;7.008109;1118.1294;1411.62;-570.24335;6650.1616;-335.40445;-263.55667
2009-11-18;-2.281606;-3.6639404;-2.2861469;743.79663;0.6736037;50.096554;89.282715;0.013591091;143.37953;93.38379;8.0773325;-0.20540878;0.1463592;0.34682453;0.20045787;0.517521;7.2271376;546.66;1503.01;-487.61557;6513.8735;-152.23111;-101.314445
2009-11-19;-4.003845;-5.436361;-3.1838086;749.1303;1.0399309;182.25658;98.70508;0.016776323;151.68715;110.39225;1.6581595;-0.26406628;0.094383955;0.29450655;0.20013005;0.49205685;1.4492124;935.36224;2990.1267;-677.28;6159.109;-199.57;-171.31667
2009-11-20;-2.4610188;-3.5117798;-1.1140035;750.4952;1.2004614;205.95247;99.05404;0.01899159;153.51788;123.20963;4.039439;-0.34399796;0.067293644;0.2671033;0.19982457;0.29832497;3.588006;758.8567;2283.1755;-406.43332;6686.9346;-264.04;-217.58556
2009-11-21;-5.9731383;-7.230444;-5.6472454;747.3726;1.1501281;142.18158;99.97843;0.026602188;150.51039;175.61848;8.779108;-0.20362437;0.019609928;0.21915138;0.199534;0.03474392;8.124832;637.69666;2129.9622;-907.0611;5668.812;-156.26445;-151.77444
2009-11-22;-9.067412;-14.775735;-12.282115;749.7254;1.0851442;71.34835;100.0;0.029730001;151.6621;195.96355;0.029712915;-0.11556689;0.00295043;0.20220876;0.19926578;0.023387372;0.02631545;1009.3161;3460.1423;-1060.0455;4861.416;-83.74111;-47.41111
2009-11-23;-6.5282874;-10.170372;-11.070979;749.8655;1.1025652;80.678276;100.0;0.029652715;153.23598;193.31868;0.0015974045;-0.08856971;0.013709068;0.21271408;0.19899756;0.10056049;0.0007376075;1032.52;3447.23;-1184.0244;4850.8037;-63.47333;-21.554445
2009-11-24;-5.008758;-11.177739;-8.566564;751.0712;1.1917641;51.785816;100.0;0.029393395;156.04295;188.47656;0.0011920929;-0.117677264;0.047266483;0.24601817;0.19875169;0.32189673;0.0011995435;1056.3855;3386.2012;-1177.4617;5101.927;-84.66778;-12.454445
2009-11-25;-3.9403484;-8.522919;-7.4870467;749.67285;0.8257961;162.47197;99.918785;0.029130062;159.16469;183.3903;0.2565384;-0.118114054;0.03825128;0.23676455;0.19851327;0.25440192;0.23373961;681.2528;2067.9377;-743.3422;5625.96;-88.77333;8.492222
2009-11-26;-4.771698;-6.537623;-4.7132072;748.88275;0.88136524;140.11084;99.545494;0.029108444;162.32843;179.52473;0.16199946;-0.22539961;0.011742115;0.21001697;0.1982823;0.086285174;0.12388453;934.56555;2705.639;-860.69;5837.721;-171.30722;-118.98
2009-11-27;-7.248596;-12.275538;-10.069476;751.11774;1.2701424;26.35672;98.92953;0.028912663;165.82323;174.11296;0.0037133694;-0.15699863;0.03516674;0.23321807;0.19806623;0.2361238;0.0020861626;1226.5795;3384.6667;-1591.9;4539.8237;-115.26667;-14.426666
2009-11-28;-8.306989;-14.201367;-12.184464;751.6674;1.6357862;18.10208;98.20467;0.028464118;167.81346;169.67773;0.0026524067;-0.14700927;0.08317828;0.2810359;0.19784272;0.5189162;0.00097602606;1313.0067;3461.5688;-1707.7716;4221.9824;-107.164444;40.4
2009-11-29;-5.7415175;-15.3286705;-12.947782;751.6872;1.1833524;111.92068;97.43685;0.02774497;168.98045;164.22527;0.0021517272;-0.1346739;0.12506545;0.32269955;0.19762665;0.7644743;0.0;1367.5961;3454.209;-1676.73;4190.1567;-98.937775;55.044445
2009-11-30;-5.131041;-12.296277;-10.355073;750.94946;1.0419517;82.69316;96.7797;0.02687625;170.14516;157.83691;0.04078746;-0.22121519;0.12229383;0.3197044;0.19742548;0.73497367;0.039175153;1360.1655;3304.5122;-1413.125;4710.438;-169.51111;-21.726667
2009-12-01;-6.3521285;-13.052933;-10.724637;752.8173;1.0285227;46.58069;95.93636;0.025964737;171.23566;151.40788;0.0009655952;-0.22470206;0.13431907;0.33155084;0.19723177;0.7967502;0.00010430813;1394.5344;3273.1477;-1558.1766;4522.3047;-171.80556;-53.337776
2009-12-02;-6.6243987;-12.909701;-11.708001;753.6766;1.3602643;56.284794;94.677895;0.025138656;172.36327;145.58919;0.000733137;-0.28979778;0.08711219;0.28416514;0.1970455;0.51621723;0.00029802322;1438.4856;3251.9133;-1646.9617;4343.232;-222.03778;-34.91
2009-12-03;-5.246788;-14.427882;-13.471458;751.21216;1.1025592;118.28369;93.14014;0.024039904;173.34276;138.10222;0.0;-0.12778677;0.21460652;0.41148067;0.19687414;1.2491271;0.0;1525.9545;3334.0188;-1783.9094;4084.675;-99.14056;10.043333
2009-12-04;-4.212143;-13.475137;-11.037547;750.63007;0.91420436;273.5494;91.56152;0.022959908;176.21678;129.27246;0.00840926;-0.24428126;0.11292845;0.30964613;0.19671768;0.655707;0.005826354;1492.94;3158.4878;-1486.5216;4638.2676;-191.3989;-44.624443
2009-12-05;-3.595174;-10.24791;-8.400235;749.2588;0.8416285;126.785484;89.97363;0.021121264;178.33397;117.879234;0.045983937;-0.17914829;0.3985688;0.5951375;0.19656867;2.2629797;0.038340688;1477.2617;3036.23;-1267.7583;5101.649;-140.38445;-87.94111
2009-12-06;-3.5229084;-5.352507;-3.0226543;746.1219;0.61772;77.62937;90.35384;0.020744562;176.50975;116.08887;0.9326637;-0.16514957;0.03950298;0.23591518;0.1964271;0.21864474;0.8917749;581.30334;1216.7689;-402.6861;6492.491;-129.09555;-131.57666
2009-12-07;-3.782898;-5.756775;-3.080391;743.732;0.8199176;39.60048;93.231285;0.023092866;169.41925;133.82976;6.369027;-0.19938312;0.057846308;0.2541393;0.196293;0.2422072;5.9276075;696.5689;1569.5712;-523.0256;6356.388;-154.06111;-112.44889
2009-12-08;-4.863546;-7.364929;-5.3136086;743.8059;0.8683737;45.41029;97.15829;0.026928067;161.18488;165.97493;0.62957704;-0.2211947;0.021383166;0.21754205;0.19615889;0.12970343;0.5940758;723.99445;1962.6578;-809.87665;5829.1104;-170.02667;-95.99555
2009-12-09;-6.1228843;-8.368195;-6.9760985;746.1879;0.7990186;144.04933;97.132484;0.027466854;160.81573;169.51497;1.0729432;-0.1826249;0.019550323;0.2155602;0.19602478;0.11907518;1.0352545;950.9339;2532.1545;-785.61053;5661.2676;-139.96222;-121.562225
2009-12-10;-6.342598;-7.99225;-6.0323167;747.3117;0.832467;153.70586;97.24194;0.028006753;160.90265;172.97363;0.38791;-0.23972988;0.0031217933;0.19901991;0.19589812;0.019613653;0.36177412;860.2783;2269.2834;-753.7478;5831.6475;-185.41222;-187.70667
2009-12-11;-7.6789374;-10.658097;-9.249696;747.4434;1.0459145;75.75702;96.8182;0.027897755;162.87726;170.08464;0.005480647;-0.17854199;0.01899898;0.21477044;0.1957789;0.117685646;0.0028982759;1165.5094;2985.7366;-1293.6034;4949.858;-136.47667;-113.78222
2009-12-12;-6.9815;-8.619755;-5.9985604;747.4152;0.92757946;161.04848;96.60083;0.028368631;162.70897;172.56673;2.5569081;-0.21212734;0.018298626;0.21395087;0.19566715;0.109903514;2.4865494;759.2222;1881.06;-424.74222;6141.7554;-164.13889;-171.90111
2009-12-13;-4.157313;-4.9755797;-2.7659862;746.88745;1.0939524;229.34991;98.96631;0.03240021;155.32843;206.66504;7.3412476;-0.2397038;0.0023245811;0.19787252;0.19554794;0.007694587;7.0547237;537.88;1507.6622;-206.43279;6719.3604;-186.32445;-220.32222
2009-12-14;-5.591578;-6.3001556;-4.2466063;745.8447;1.164636;229.27788;100.0;0.050351262;148.4658;336.42578;14.171565;-0.101151876;0.00029802322;0.19574165;0.19544363;0.0;13.954028;522.6989;2109.9543;-484.93945;6272.64;-77.51444;-175.00111
2009-12-15;-8.140054;-13.930522;-11.757275;749.553;0.9173843;143.30428;100.0;0.053242087;153.07062;348.02246;0.031143427;-0.0474751;0.0;0.19535422;0.19533932;0.0;0.028558075;767.5183;3055.73;-1057.0616;4899.888;-34.261112;-52.288887
2009-12-16;-6.3933487;-13.805758;-11.647048;748.742;0.6639237;214.37675;100.0;0.05345404;154.73207;344.93002;1.9379348;-0.049493276;0.0;0.19524992;0.19523501;0.0;1.8606633;608.22;2350.3289;-367.42834;5727.6494;-36.63;-17.151112
2009-12-17;-4.472799;-5.091532;-4.1377716;742.79694;0.66257864;185.12914;100.0;0.06912287;149.36424;458.90298;22.388506;-0.05065091;0.0;0.1951456;0.1951456;0.0;22.16594;285.32224;1197.52;-127.46111;6702.7793;-38.654446;-87.922226
2009-12-18;-4.1119385;-4.7021384;-3.174764;742.4912;0.6970878;207.52272;100.0;0.09201781;150.89093;607.3405;16.823788;-0.084300525;0.0;0.1950413;0.1950562;0.0;16.549791;317.27;1368.4155;-192.16556;6712.5254;-64.861115;-120.57667
2009-12-19;-3.7944336;-4.1623635;-2.840253;746.27783;1.0229748;211.44617;100.0;0.110093474;152.00648;720.7031;28.200048;-0.095362775;0.005468726;0.20042062;0.1949668;0.0;26.841488;146.92778;617.62665;45.499443;6991.176;-74.45556;-127.08889
2009-12-20;-1.6373698;-2.0173237;-1.4391378;752.9367;0.8885066;221.25877;100.0;0.12787671;157.93097;811.07587;3.369227;-0.062448904;0.010594726;0.20547211;0.19487739;0.052075833;2.8492734;380.26166;1551.0789;-219.71777;6903.1177;-46.65389;-81.98222
2009-12-21;-2.2491353;-3.0260112;-1.5388235;752.9326;0.62050015;252.31767;100.0;0.12936227;169.9466;762.53253;0.94837546;-0.12824965;0.0020116568;0.19678473;0.19478798;0.015359372;0.8801371;773.16724;2580.2478;-709.0272;6287.958;-96.07667;-118.67889
2009-12-22;-1.3913168;-3.7451057;-2.0913684;753.90106;0.6021903;122.603264;100.0;0.13013177;180.2298;723.3887;0.19331574;-0.07621758;0.00166893;0.1963377;0.19468367;0.012949109;0.09394437;822.12;2567.1255;-875.54553;6060.9746;-54.833332;-62.033333
2009-12-23;-1.603363;-5.302011;-3.8032787;754.36383;0.5971959;285.31985;100.0;0.13044305;189.00682;691.4876;0.32598078;-0.060921535;0.0;0.19459426;0.19457936;0.0;0.19090623;736.92554;2149.649;-1053.1489;5621.5713;-43.762222;-11.0222225
2009-12-24;-3.9914143;-6.2741394;-6.450638;753.47064;0.90256137;99.8792;100.0;0.13055682;195.25584;669.55566;0.055521727;-0.03612507;0.0;0.19448996;0.1944825;0.0;0.05217269;827.635;2332.7979;-863.515;5636.447;-24.878334;-33.61778
2009-12-25;-3.4286091;-6.7130737;-6.9418235;751.983;0.89843994;84.01636;100.0;0.13059;200.30956;653.15753;0.0045955176;-0.045034103;0.0;0.19438565;0.19438565;0.0;0.002875924;995.8761;2761.9233;-1174.1072;5261.0713;-31.045;-0.6122222
2009-12-26;-4.8285317;-7.2173057;-7.9585137;748.5573;0.80553937;162.64874;100.0;0.13074239;204.43488;640.1367;1.141532;-0.03541261;0.0;0.19429624;0.19428879;0.0;1.0490491;999.39056;2718.5122;-775.30334;5671.8857;-23.922222;-31.947779
2009-12-27;-2.6016338;-5.3763733;-6.654246;748.70917;0.9852422;103.46186;100.0;0.13194425;207.33788;637.57324;0.021621585;-0.024824403;0.0;0.19419193;0.19419938;0.0;0.018399209;1032.575;2888.459;-1317.0978;5120.1064;-15.243333;4.883333
2009-12-28;-3.053325;-7.530779;-7.7708755;749.942;0.97373724;156.49622;100.0;0.13197285;211.50066;625.0425;0.07941127;-0.041777268;0.0;0.19410253;0.19409508;0.0;0.014685094;1086.5555;2976.7866;-1009.3983;5397.905;-28.212223;-7.4733334
2009-12-29;-1.302714;-3.3862407;-4.213379;748.00507;0.64172274;241.26306;100.0;0.13292189;215.02895;618.65234;3.8472576;-0.017402694;0.003837049;0.19782782;0.19399822;0.0;3.3523293;653.89;1781.8633;-260.33612;6635.4434;-11.257778;-20.216667
2009-12-30;-2.4766438;-2.7723083;-1.4465662;745.19385;0.86725664;197.53687;100.0;0.14769058;206.2145;714.80304;22.571613;-0.13224967;0.03696978;0.23087859;0.19390136;0.030625612;21.291296;296.00943;1051.75;-84.82166;7006.061;-102.388885;-148.91888
2009-12-31;-2.6569722;-3.4126804;-1.3981196;744.18866;0.5891149;235.61592;100.0;0.16106792;202.20995;797.8923;1.7302513;-0.11254847;0.011622906;0.20542741;0.1938194;0.07891841;1.5520229;540.2633;1972.0144;-559.68225;6446.322;-84.91556;-107.82445
2010-01-01;-3.5707347;-7.122641;-3.9716809;746.6053;0.7470401;240.63243;100.0;0.16120088;210.1826;768.26984;0.111311674;-0.15899166;0.0;0.1937151;0.19370764;0.0;0.06766617;850.66113;2762.24;-1122.4539;5499.871;-119.522224;-118.30556
2010-01-02;-2.6882427;-4.462911;-5.2172875;748.0107;0.96387595;241.58882;100.0;0.16174924;215.2412;752.238;1.5807331;-0.022986904;0.0;0.19362569;0.19360334;0.0;1.4603697;717.8589;2289.7388;-415.08444;6365.968;-15.098889;-40.946667
2010-01-03;-4.348755;-4.7674966;-3.1804733;744.9248;1.1633333;207.43416;100.0;0.1793927;204.458;875.61035;26.491705;-0.11273753;0.0;0.19352138;0.19351393;0.0;25.598585;202.94333;822.0711;-55.56889;6840.3384;-87.59333;-155.60889
2010-01-04;-5.388611;-6.0155587;-3.6027005;745.0755;1.3692766;211.36046;100.0;0.20711446;190.21092;1085.2051;38.167835;-0.16627741;0.0;0.19343197;0.19342452;0.0;36.648766;237.0839;1005.64557;-41.986668;6775.3213;-129.49722;-221.58778
2010-01-05;-3.8502629;-4.228537;-2.6618347;748.84686;0.9799833;207.9362;100.0;0.23768036;185.06248;1284.7086;13.22076;-0.12454949;0.0043064356;0.1976341;0.19333512;0.0;12.17157;262.28278;1123.0133;-36.995556;6921.2607;-96.30444;-169.8689
2010-01-06;-3.6340778;-9.460354;-4.5342126;752.5283;0.9328489;71.32953;100.0;0.24290748;196.23305;1240.3158;0.009417534;-0.13471395;0.0;0.19320846;0.19323081;0.0;0.008340925;747.1461;3139.1821;-1360.5795;5111.427;-99.066666;-52.715557
2010-01-07;-4.2010612;-12.511429;-9.834718;753.457;1.1204451;62.427612;100.0;0.24288757;204.60284;1188.7207;0.0008523463;-0.05483348;0.0;0.19310415;0.19311905;0.0;0.0;805.89166;3273.2144;-1282.5033;4736.781;-37.65222;48.74111
2010-01-08;-6.022886;-12.731574;-12.061893;755.1116;1.412274;12.870685;100.0;0.24290478;210.20375;1157.0638;0.0002682209;-0.028396025;0.0;0.19302964;0.19301474;0.0;0.0;770.5328;3048.5112;-954.52386;4992.512;-17.907778;64.36444
2010-01-09;-5.6198325;-12.462955;-12.90184;756.56537;1.7043613;15.934791;100.0;0.24293025;214.94398;1131.3477;0.0;-0.018335879;0.0;0.19291043;0.19290298;0.0;0.0;869.22943;3352.2278;-1342.8411;4467.6704;-9.716666;114.74333
2010-01-10;-5.265911;-13.689339;-14.940273;754.74493;1.4186758;23.173323;100.0;0.24296851;218.86131;1111.1246;0.0012802357;-0.010345131;0.0;0.19279122;0.19279122;0.0;0.0;914.4939;3440.141;-1244.6578;4404.6484;-4.2233334;125.814445
2010-01-11;-2.224477;-16.571249;-14.219724;752.0517;0.779712;257.40543;100.0;0.24298103;222.40135;1093.6686;0.0007927417;-0.048240647;0.0;0.19268692;0.19267946;0.0;0.0;864.0344;3172.3455;-924.5028;4924.18;-33.69;96.727776
2010-01-12;-4.192627;-7.5846543;-13.399709;750.5518;0.63879853;241.73517;100.0;0.24312787;225.85838;1077.7994;0.75006783;0.025862828;0.0;0.1925826;0.1925826;0.0;0.7323101;747.8961;2678.4312;-557.3078;5430.418;22.333334;27.526667
2010-01-13;-4.5739236;-5.2145286;-9.645213;747.8218;0.67433304;178.25157;100.0;0.2564861;218.23663;1173.706;24.171978;0.024246983;0.0;0.1924932;0.19248575;0.0;23.507696;152.16667;598.5478;225.62833;6709.281;18.866667;17.254444
2010-01-14;-4.3558145;-5.1717124;-6.194042;749.12305;1.0758914;222.71722;100.0;0.27346894;210.74998;1298.3398;7.7245884;-0.009991229;0.0;0.19237399;0.19238144;0.0;7.301435;487.72833;2079.01;-115.01778;6636.602;-5.081111;-58.308887
2010-01-15;-3.2272542;-3.975006;-3.8918152;751.5279;0.8981481;210.75136;100.0;0.28149068;215.5537;1307.4545;5.7946506;-0.047428533;0.0;0.19225478;0.19227713;0.0;5.512737;395.5639;1663.1289;-162.59334;6751.5923;-34.743332;-66.246666
2010-01-16;-2.4198914;-3.2526143;-3.004181;754.47565;0.5554946;196.7771;100.0;0.28452632;224.24867;1271.403;0.17459393;-0.050252303;0.0;0.19216537;0.19216537;0.0;0.14725327;509.6089;2106.0955;-402.59833;6524.9956;-35.793335;-68.19444
2010-01-17;-1.6713257;-6.177307;-3.28508;756.70825;0.67684937;228.93634;100.0;0.28458083;233.93324;1218.6686;0.03874302;-0.12662075;0.0;0.19204617;0.19204617;0.0;0.032622367;734.5789;2891.869;-856.85944;5930.43;-92.977776;-90.85222
2010-01-18;-0.0060933433;-4.6811523;-4.895025;752.7465;0.6949301;169.09818;100.0;0.28478825;241.66144;1180.0537;2.7814956;-0.046674162;0.0;0.19191206;0.19191206;0.0;1.7295108;845.18;3208.2043;-839.7111;5808.827;-30.938889;-16.132223
2010-01-19;-3.1475627;-3.5859272;-3.0624187;745.89215;1.0391811;191.40027;100.0;0.31025335;231.1533;1340.0879;35.974743;-0.07412583;0.008568168;0.20037591;0.1918003;0.0;34.38004;239.83778;1014.0911;7.1355557;6980.508;-56.963333;-110.11222
2010-01-20;-3.2816265;-3.9072087;-2.1965382;748.6406;0.8453615;205.6646;100.0;0.33043408;229.3766;1442.3828;6.466019;-0.13317727;0.017091632;0.20876527;0.19168109;0.06301701;5.9395285;550.0539;2322.578;-483.96167;6455.568;-100.61222;-149.09222
2010-01-21;-3.721161;-4.5118484;-2.763977;748.8858;0.8038954;211.07146;100.0;0.33507314;236.93324;1416.2598;4.0715036;-0.11094846;0.0;0.19156933;0.19155443;0.0;3.7843585;502.84445;2018.0422;-470.60416;6438.8877;-83.842224;-118.795555
2010-01-22;-5.0557046;-6.8870225;-4.45645;750.3476;0.7375274;259.18463;100.0;0.33642343;245.12563;1374.6338;0.22001863;-0.14894083;0.0;0.19142032;0.19142777;0.0;0.21662563;860.875;3360.6433;-1084.7983;5466.85;-110.757774;-115.07333
2010-01-23;-5.2599893;-7.391407;-5.753344;750.242;0.5769156;250.17743;100.0;0.33664382;251.9339;1337.7686;0.6900553;-0.12194738;0.0;0.1912713;0.1913011;0.0;0.6837249;800.4361;3025.7588;-640.24554;5983.6245;-90.17889;-119.60333
2010-01-24;-4.6394553;-5.5365806;-5.0963683;745.8919;0.62028646;144.16368;100.0;0.34215698;252.65004;1353.1494;15.113416;-0.03967434;0.0;0.191167;0.19115955;0.0;15.059258;409.49057;1574.74;-178.41167;6591.2812;-29.15889;-76.27111
2010-01-25;-6.55674;-7.8683968;-4.8172684;739.2858;0.8609667;190.17262;100.0;0.3742992;230.16469;1623.5758;27.936056;-0.14225207;0.0;0.19103289;0.19104034;0.0;27.798288;537.49225;2340.5034;-600.8214;6043.547;-107.94556;-158.83444
2010-01-26;-10.551688;-12.297047;-7.7870917;743.1841;0.8525174;185.34871;100.0;0.38389167;231.00128;1662.4349;4.21271;-0.13041589;0.0;0.19089878;0.19090623;0.0;4.2057967;698.89557;2995.56;-813.2325;5440.2725;-98.76556;-215.48445
2010-01-27;-11.351827;-15.055945;-10.701141;746.9919;0.7294944;182.05444;100.0;0.38692334;233.78773;1656.5756;0.31737685;-0.07778779;0.0;0.19076467;0.19077212;0.0;0.3152229;922.16614;3891.2205;-1575.5316;4267.154;-55.90333;-127.21333
2010-01-28;-10.326897;-18.505957;-14.941485;745.07477;0.816324;212.08241;100.0;0.38721994;238.41339;1624.8779;1.690179;-0.06153807;0.0;0.19063056;0.1906231;0.0;1.685597;913.7783;3749.2234;-906.68665;4763.1543;-43.372223;-30.192223
2010-01-29;-8.543044;-10.576741;-12.3355875;744.5005;0.40482378;249.06734;100.0;0.39034203;238.07484;1639.9332;2.9980426;-0.0032465905;0.0;0.19049644;0.19049644;0.0;2.9920413;438.25723;1778.1455;22.097778;6215.7383;-0.95444447;-40.61222
2010-01-30;-5.8733826;-6.9572654;-8.860166;750.186;0.70565176;220.4846;100.0;0.3930405;241.11781;1631.5104;1.6116362;-0.008829869;0.0;0.19037724;0.19036233;0.0;1.6049482;481.51;1948.4933;-187.6675;6303.7256;-4.657778;-48.442223
2010-01-31;-3.7708333;-4.589803;-6.473249;749.31616;0.4579734;205.38727;100.0;0.39955857;242.89516;1644.4498;11.1441965;-0.017298386;0.0;0.19022822;0.19022822;0.0;10.55035;478.77832;1980.3044;-2.0175;6744.6953;-11.007778;-65.68222
2010-02-01;-2.4489746;-3.2739155;-3.6885593;747.97125;0.60689765;178.10136;100.0;0.40815878;245.97101;1660.9293;3.0512288;-0.052887946;0.0;0.19009411;0.19009411;0.0;2.7070193;663.64276;2787.9133;-409.60056;6515.1655;-36.81111;-89.04
2010-02-02;-3.559316;-6.805753;-4.420485;747.1077;0.7623083;128.05745;100.0;0.4085127;255.35645;1601.8473;0.006756186;-0.13671535;0.0;0.1899302;0.18993765;0.0;0.003322959;975.1028;3894.6934;-1303.3088;5243.9185;-99.634445;-128.31334
2010-02-03;-4.116648;-6.5212274;-6.9642167;742.8674;0.6710747;231.31438;100.0;0.4090668;261.93848;1562.5;2.8364928;-0.055078417;0.0;0.18975139;0.18978119;0.0;2.6124194;920.5111;3558.9412;-825.00946;5624.4185;-37.76889;-80.42889
2010-02-04;-6.562332;-8.050334;-6.068808;736.6683;0.8884773;182.31853;100.0;0.4168;261.1123;1596.0693;9.174862;-0.09821262;0.0;0.18961728;0.18962473;0.0;9.070102;676.9656;2744.6711;-691.9039;5868.378;-72.88389;-115.67555
2010-02-05;-11.120915;-13.819748;-8.7178955;738.05927;0.87738484;210.42914;100.0;0.42135277;262.19662;1608.195;1.2531306;-0.14179014;0.0;0.18948317;0.18947572;0.0;1.2490488;917.36664;3754.4055;-1162.2866;4951.954;-106.02111;-177.88556
2010-02-06;-11.233707;-14.682266;-10.387989;743.4876;0.7130026;149.36414;100.0;0.42249763;264.736;1597.0865;0.44962484;-0.10804646;0.0;0.18930435;0.18930435;0.0;0.44567138;875.1517;3528.659;-1083.9438;4935.6064;-79.61222;-153.82777
2010-02-07;-11.025097;-16.680422;-12.59493;748.0003;0.99245733;55.917065;100.0;0.42259467;268.6836;1573.9746;0.011140108;-0.0929283;0.0;0.18912554;0.18914789;0.0;0.009007752;1109.8917;4365.718;-1415.7517;4353.0703;-66.64778;-125.76444
2010-02-08;-8.22453;-16.84568;-13.88664;747.9185;0.72418374;144.11412;100.0;0.42259955;272.03354;1554.5248;0.09557605;-0.07358752;0.0;0.18900633;0.18898398;0.0;0.09302795;967.75336;3708.0044;-854.5811;4992.2666;-51.975555;-35.95
2010-02-09;-8.421295;-12.162758;-12.357261;744.9964;0.59610665;157.37312;100.0;0.424104;273.16797;1552.775;2.8077068;-0.027481467;0.0;0.18882751;0.18882751;0.0;2.803333;649.12836;2443.3289;-334.41165;5781.183;-19.05;-56.41111
2010-02-10;-7.8064537;-10.836137;-11.078804;747.0337;0.8811454;65.98637;100.0;0.42556235;274.9375;1548.4213;0.048708916;-0.048238784;0.0;0.1886636;0.18865615;0.0;0.046133995;1134.4711;4311.3945;-1268.25;4768.851;-31.753334;-88.503334
2010-02-11;-6.949927;-9.815125;-11.729427;749.50903;0.9286177;75.59505;100.0;0.42565522;278.47818;1529.7445;0.1862526;-0.028854236;0.0;0.18846989;0.18849224;0.0;0.18236041;1119.1389;4147.162;-959.22723;5117.4556;-17.076666;-61.224445
2010-02-12;-4.854197;-7.153239;-10.476003;751.748;0.82396096;134.61739;100.0;0.42599842;281.78516;1512.8988;0.3673613;-0.0073462725;0.0;0.18832088;0.18832088;0.0;0.35732612;969.7822;3519.341;-853.98114;5357.1504;-1.2161111;-32.217777
2010-02-13;-4.075531;-7.0790405;-9.338603;752.68634;0.8163779;141.84633;100.0;0.4262581;285.37857;1494.5068;0.021013618;-0.042181462;0.0;0.18814206;0.18814951;0.0;0.019725412;1220.03;4352.9473;-1032.9181;5296.995;-26.233334;-76.19111
2010-02-14;-2.250295;-7.5849557;-8.97934;753.80304;1.0002724;132.45457;100.0;0.42629656;289.1953;1474.8129;0.0012862693;-0.05276501;0.0;0.18796325;0.18796325;0.0;0.0;1341.2733;4676.6245;-1373.0044;4906.6436;-33.587776;-12.9788885
2010-02-15;-0.5248108;-9.953288;-8.016582;753.21686;0.834187;217.51897;100.0;0.4267243;292.61133;1458.8217;5.1388383;-0.11772476;0.0;0.18776953;0.18776953;0.0;4.345052;1254.6317;4276.8354;-821.7794;5718.2866;-83.48444;-8.865556
2010-02-16;-1.2291361;-2.0381367;-4.114553;750.45386;0.78985554;202.77779;100.0;0.4373151;288.9144;1513.9974;7.342571;0.0032195821;0.0;0.18757582;0.18759817;0.0;3.8352683;479.545;1840.9678;10.876111;7007.069;4.762778;-41.802223
2010-02-17;0.008168538;-0.77300006;-1.3805441;751.2593;0.89756554;255.09355;100.0;0.43999252;295.69858;1490.0309;0.10557194;-0.09571016;0.0127106905;0.2001226;0.1874119;0.11106022;0.0;1146.2611;4193.989;-645.9739;6512.86;-66.15389;-137.37334
2010-02-18;-0.35753378;-3.1437683;-0.90825397;750.2415;0.72845006;266.00772;100.0;0.4397042;304.05566;1448.0387;1.2619376;-0.19310135;0.078350306;0.2655536;0.18721074;0.58276767;0.2933666;1401.9567;4303.2275;-1063.0044;6001.644;-141.31389;-131.28111
2010-02-19;-1.6439514;-2.806488;-0.45908102;744.5568;0.69502306;143.50633;100.0;0.4442874;310.24252;1432.902;7.236451;-0.15770179;0.13329089;0.32030046;0.18701702;0.64856744;4.7414565;849.30664;2428.5632;-446.5772;6690.055;-119.09167;-149.37666
2010-02-20;-1.9541626;-5.4633384;-0.49437967;746.71234;0.9367617;59.598145;100.0;0.44690573;315.90396;1416.3004;0.06471872;-0.32001173;0.031143427;0.21795928;0.18681586;0.2220422;0.026669353;1596.4517;4558.6104;-1452.7045;5456.324;-239.46556;-209.99445
2010-02-21;-0.39227295;-3.2732952;-0.75490314;747.2324;0.990041;161.10374;100.0;0.44686684;324.3994;1378.7028;1.447022;-0.18300302;0.0;0.18659234;0.18660724;0.0;1.3483949;1660.9423;4294.106;-1148.0677;5873.5186;-133.91667;-104.10555
2010-02-22;-3.7073467;-4.4477944;-0.6374512;740.92206;1.0509588;161.0598;100.0;0.46472588;311.79428;1489.1764;20.898968;-0.29059127;0.0166744;0.20307302;0.18641353;0.0413619;20.080433;703.89056;2732.4077;-728.45166;6239.818;-223.41667;-273.7322
2010-02-23;-4.961558;-6.8015914;-1.5111465;744.3975;1.0749346;149.24611;100.0;0.46964726;312.24023;1505.0455;1.9827485;-0.4884489;0.0;0.18623471;0.18621981;0.0;1.9606613;1059.9806;3469.5833;-756.8406;6136.622;-376.5172;-367.68
2010-02-24;-5.728058;-7.357431;-2.984927;742.89307;0.90476274;198.2715;100.0;0.47162032;314.42676;1500.4883;1.4065832;-0.39080346;0.0;0.1860261;0.1860261;0.0;1.3857745;1180.8817;3759.5444;-970.07556;5792.926;-299.9522;-329.59
2010-02-25;-5.7581086;-10.12766;-4.875048;742.3994;0.9737589;70.441505;100.0;0.47199968;317.8187;1486.1246;0.007506874;-0.38262272;0.0;0.18581748;0.18582493;0.0;0.0045076013;1574.4244;5024.589;-1536.2994;4983.1064;-290.1611;-264.94223
2010-02-26;-4.8014703;-9.085701;-6.509191;740.33716;1.1874465;31.466772;100.0;0.47199526;321.08496;1470.8252;0.8429934;-0.15356112;0.0;0.18562376;0.18562376;0.0;0.8295998;1175.9512;3676.67;-950.17944;5589.457;-113.48222;-54.875
2010-02-27;-3.919342;-5.2750244;-4.8670044;740.24554;0.67979485;124.64233;100.0;0.47645262;318.76694;1494.1813;6.644428;-0.12680516;0.0;0.18543005;0.1854375;0.0;6.50768;839.6128;2846.496;-337.19055;6529.972;-95.062225;-144.38722
2010-02-28;-3.7248127;-4.871226;-3.6157634;743.93976;0.83414507;150.4626;100.0;0.48263416;315.08398;1531.4941;6.543982;-0.20261201;0.0;0.18525124;0.18525124;0.0;6.280061;934.205;3456.791;-493.49805;6416.6953;-152.81778;-205.21722
2010-03-01;-3.8507588;-5.1749473;-3.467041;743.3945;0.9022601;44.5448;100.0;0.4985204;303.13184;1643.1478;16.457596;-0.07698499;0.0;0.18507242;0.18506497;0.0;16.228613;453.83777;1916.5612;-622.85223;6147.6104;-57.482224;-68.615555
2010-03-02;-3.8268738;-5.583181;-4.172628;746.10004;0.884682;143.28706;100.0;0.5031502;304.07877;1655.6803;0.47823787;-0.18764846;0.0;0.1848638;0.18487126;0.0;0.4331246;1178.7905;4850.578;-708.1053;6116.871;-137.3689;-223.05722
2010-03-03;-2.8798218;-3.4585571;-2.9002762;742.90283;0.88151425;168.7795;100.0;0.5077763;305.44302;1660.9701;16.377028;-0.12824684;0.0;0.18468499;0.18467754;0.0;15.411358;591.94;2375.1223;-162.46777;6857.973;-96.746666;-172.00444
2010-03-04;-2.012207;-3.0869243;-1.8099314;743.2654;0.86722994;160.62727;100.0;0.5273959;294.47202;1791.0156;5.88876;-0.1938371;0.0034570694;0.18793344;0.18448383;0.027183443;5.4726863;923.1111;3896.8225;-493.6061;6589.171;-144.20667;-201.66888
2010-03-05;-1.1155599;-2.4204304;-1.300387;747.9841;1.1214503;212.07532;100.0;0.5293779;301.29654;1758.4229;3.0495703;-0.20952709;0.029563904;0.21384656;0.18427521;0.22599287;2.9450953;1242.9438;4368.3076;-710.25055;6398.1245;-154.75778;-173.1489
2010-03-06;-1.694692;-2.6943054;-0.9361827;747.5679;1.0419856;212.9005;100.0;0.5320901;307.42838;1732.2592;1.5838779;-0.25310832;0.019788742;0.20384789;0.1840666;0.14847703;1.4124885;909.5686;2893.0916;-348.5789;6795.1567;-193.10167;-196.30722
2010-03-07;-0.6197917;-1.2516683;-0.39803314;751.376;1.3414117;223.18701;100.0;0.5339616;314.81314;1697.6725;2.567917;-0.27210546;0.12241304;0.30627847;0.18386543;0.7094406;1.1706948;1339.0294;3948.8806;-456.605;6813.992;-205.77556;-257.16083
2010-03-08;0.3063253;-1.8246053;-0.17728679;755.8652;0.981057;124.392235;100.0;0.5309454;322.64713;1647.1354;0.007788083;-0.24210103;0.9480417;1.1316836;0.18364936;6.1304493;0.0037886202;1762.5254;4677.9243;-1163.2933;5971.5474;-178.96222;-176.95444
2010-03-09;3.000824;-2.3417156;-0.2781118;756.1106;0.87253046;176.66237;100.0;0.52520424;330.58496;1590.21;0.81157684;-0.2078209;0.94261765;1.126051;0.1834333;5.7362914;0.0;2131.2393;5229.016;-1121.8083;6065.7544;-148.01445;-96.875
2010-03-10;2.721639;1.1202698;-0.06335703;753.92896;0.8847186;239.64925;100.0;0.5162303;337.67642;1530.2328;4.277721;-0.16042963;3.187865;3.3954234;0.20755827;14.081305;0.0;2352.8062;5445.276;-928.925;6439.3936;-111.33111;-145.71445
2010-03-11;2.138316;0.197347;-0.10638428;754.66327;0.9145515;224.19423;100.0;0.5037904;343.18033;1469.4824;0.017928509;-0.20352937;2.7117133;2.919197;0.20746887;11.950219;0.00058859587;2243.2725;4971.741;-907.8345;6408.496;-146.17555;-170.59084
2010-03-12;3.4927776;0.73927814;-0.13283539;754.62384;0.878673;262.03494;100.0;0.49081394;348.59604;1409.4645;0.7644892;-0.21746568;3.7731676;3.9981604;0.22497773;14.300872;7.4505806e-06;2477.985;5313.3696;-1056.9395;6252.6055;-154.88222;-118.370834
2010-03-13;2.5045674;1.1396891;-0.057014465;751.25684;0.8602397;219.08287;100.0;0.4796315;354.2334;1355.1432;6.215173;-0.1322329;4.496187;4.9512835;0.45511127;13.730942;0.0;2005.4944;4193.845;-677.0111;6658.2324;-92.47111;-98.14111
2010-03-14;2.5393677;-0.008605957;-0.031984966;750.18726;0.568266;246.73116;100.0;0.46914592;358.2982;1310.4248;6.0475197;-0.102538615;4.902214;5.423933;0.5217269;11.211313;0.019788742;1502.6705;3079.2969;-427.32388;6918.948;-72.63111;-78.02278
2010-03-15;4.0328574;1.2116903;-0.019329071;747.6841;0.7663577;213.17152;100.0;0.4597532;361.95346;1270.9147;9.866653;-0.047927722;5.171895;5.3983183;0.2264306;10.107904;0.0;1375.1581;2775.8477;-540.98;6779.311;-31.546667;-21.875555
2010-03-16;0.21366374;-1.8494059;-0.053482056;744.3567;1.7971531;205.27766;100.0;0.4505957;364.7946;1235.6771;13.19387;-0.508341;6.8089514;8.356378;1.5474409;10.979988;1.8454343;2014.7683;4033.4944;-766.7611;6504.412;-388.6489;-135.02
2010-03-17;-1.5231425;-5.2719674;-0.18441518;748.5442;0.94776726;201.61145;100.0;0.44571188;365.33432;1220.459;0.85133314;-0.8034762;1.3633966;1.5737414;0.21034479;4.595138;0.690449;2368.4836;5276.5757;-1209.6877;5911.199;-616.76;-316.33667
2010-03-18;-3.4066303;-5.512522;-0.4931221;745.3597;0.48010555;159.19743;100.0;0.4494313;358.5026;1252.3193;15.426933;-0.40404314;5.9604645e-05;0.22499263;0.22495538;0.0;14.93863;762.6836;1789.3611;-557.00946;6481.133;-313.31888;-212.60806
2010-03-19;-5.2486176;-9.446147;-1.0850207;749.8977;1.1102893;75.61438;100.0;0.4603777;341.7819;1346.8424;2.0200908;-0.6919978;0.0;0.23934245;0.239335;0.0;1.9902363;1604.7781;5355.958;-1503.9236;5286.6387;-529.6178;-330.86307
2010-03-20;-6.324247;-11.376941;-3.399915;751.7161;1.5721008;33.7558;100.0;0.46004382;344.98178;1333.6182;0.0036537647;-0.679791;0.0;0.2529323;0.25295466;0.0;0.0027529895;2199.8987;6602.0244;-2062.5466;4460.4087;-518.9056;-346.73306
2010-03-21;-5.2864633;-13.337304;-5.52294;753.3731;1.2468824;19.986826;100.0;0.4596629;347.50098;1322.876;0.0008940697;-0.49670225;0.0;0.2657473;0.26573986;0.0;0.0008791685;2289.8345;6720.342;-2071.266;4377.449;-373.71222;-203.81223
2010-03-22;-1.7414385;-12.180435;-5.814317;752.5444;1.1069213;65.136604;100.0;0.4594884;349.72266;1314.1683;0.0004351138;-0.30293408;0.0;0.27768314;0.27768314;0.0;0.0;2346.9473;6749.351;-1917.6973;4641.9507;-219.26723;-70.07861
2010-03-23;0.6324158;-10.557887;-4.362348;751.1951;1.140108;43.138554;100.0;0.45939645;352.2295;1304.5654;0.0008523463;-0.3151577;0.0;0.2887994;0.28879195;0.0;0.0;2396.515;6751.2915;-1699.79;5056.386;-227.57222;-56.56111
2010-03-24;1.5433248;-5.4706116;-2.2239304;751.6889;1.1904268;43.165356;100.0;0.4591533;356.14517;1290.1611;0.0;-0.25969;0.052556396;0.3516674;0.29911846;0.3209263;0.0;2105.6555;5791.954;-1285.8153;5684.601;-186.65555;-84.73889
2010-03-25;2.1000671;-3.4670208;-0.73934174;750.8642;0.9201126;96.677605;100.0;0.45848504;363.99448;1261.2305;0.00295043;-0.2479665;0.17365813;0.4823804;0.30870736;0.8812398;0.0;2465.199;6272.559;-1337.5142;5781.969;-175.5689;-144.42444
2010-03-26;0.9578044;-3.2996113;-0.20207341;748.7823;1.3993708;46.39859;100.0;0.45333907;371.77344;1221.232;0.14248392;-0.31766856;2.013296;2.3309886;0.31769276;8.464681;0.0;2422.4966;5766.7773;-1312.7678;5898.4395;-231.68222;-121.594444
2010-03-27;-1.9497782;-5.454773;-0.37343597;746.1552;2.0419087;34.520176;100.0;0.45021382;375.43716;1199.9105;1.6691774;-0.6907741;0.014588237;0.34114718;0.32655895;0.0702776;1.5372597;1690.2533;4016.9172;-1071.71;5944.6284;-532.61053;-193.00111
2010-03-28;-1.5350037;-3.4427185;-0.46922302;746.0044;0.80309266;151.13786;100.0;0.4559302;370.21744;1230.7129;7.3506384;-0.34507456;0.005379319;0.34077466;0.3354028;0.026581809;7.121213;1079.7467;3124.7673;-645.7547;6427.7466;-263.84445;-189.65111
2010-03-29;0.10088094;-1.0840658;-0.19998805;750.97284;0.75872064;231.69743;100.0;0.4563708;373.0944;1223.8363;1.0704637;-0.2723001;0.80886483;1.152873;0.34398586;3.0785818;0.083602965;1454.7483;3922.3022;-342.86166;6977.5254;-203.87111;-197.78444
2010-03-30;-0.5008748;-1.0181274;-0.014465332;750.2005;0.6500855;142.2034;100.0;0.45384562;372.1709;1219.0348;15.045482;-0.17765164;3.850892;4.263863;0.41295588;7.2792845;7.1878543;1085.4323;2809.0417;-228.26306;7080.6606;-133.41945;-193.0689
2010-03-31;-2.15919;-3.0906575;-0.111871086;748.6508;0.946212;212.17436;100.0;0.45622182;364.92642;1250.4883;5.700147;-0.4418772;1.0486692;1.4114678;0.36281347;3.2432153;4.825197;1794.2789;5520.912;-1032.4939;6132.7334;-334.595;-408.12668
2010-04-01;-0.9564514;-4.92156;-0.27492142;750.5695;0.96110624;168.55904;100.0;0.45573425;367.50327;1241.2924;0.009675359;-0.62374586;0.41814148;0.7934272;0.3752783;1.5981495;0.00538677;2271.0818;6580.7886;-1321.5919;5753.2515;-470.57333;-340.77554
2010-04-02;0.15505981;-2.97111;-0.24547704;751.09937;0.96486783;106.35433;100.0;0.45131493;373.93848;1208.4147;0.047546625;-0.4178155;1.7198622;2.108544;0.3886968;6.38064;0.00082701445;2603.5771;6803.922;-1619.9845;5507.9136;-308.10443;-229.71445
2010-04-03;0.41285196;-0.9940796;-0.1891454;751.0105;1.1842732;179.1071;100.0;0.44439182;380.49707;1169.4336;4.078597;-0.36929548;3.410101;3.8587003;0.4486069;7.658854;0.00074505806;2343.6973;5684.309;-596.6511;6740.4272;-274.65112;-255.05028
2010-04-04;2.5875142;-1.1397909;-0.064941406;750.7502;1.1829292;223.69981;100.0;0.43053588;384.11948;1122.4365;0.26735663;-0.48658437;5.7254434;6.968841;1.2434051;16.335175;0.0;2774.9155;6364.7554;-1127.0131;6213.7153;-361.85443;-147.60222
2010-04-05;2.3002217;-3.9614868;-0.20994313;752.25616;1.0137113;56.814655;100.0;0.41681167;388.514;1074.3002;0.007736683;-0.36179554;4.589811;5.0641003;0.47428906;12.803808;4.4703484e-05;3033.4744;6677.0083;-1610.1139;5587.4043;-262.63223;-165.58
2010-04-06;1.833486;-3.8538208;-0.2985522;750.75635;0.92741233;162.96472;100.0;0.40539262;395.50912;1026.5707;0.0021338463;-0.3851261;3.6718993;4.180998;0.5090907;10.404136;0.0;3084.87;6583.2993;-1604.1064;5513.8564;-281.4389;-158.49417
2010-04-07;0.6386719;-1.0069987;-0.17786281;748.44464;0.69080067;199.99365;100.0;0.3992748;400.63998;997.1924;32.008392;-0.16993564;12.901693;14.969528;2.0678341;5.645007;3.748864;1761.2483;3669.835;-580.905;6653.8184;-124.62334;-120.19666
2010-04-08;0.3644816;-0.31757608;0.006020864;747.3608;1.0890694;204.77715;100.0;0.3941983;397.61166;992.2282;10.585931;-0.15585777;7.9420953;9.042353;1.100257;9.528645;0.27849525;1098.0739;2656.4539;-12.363334;7363.2124;-116.46222;-161.41333
2010-04-09;-1.4636536;-3.8426921;-0.0753301;747.53033;1.049347;229.53998;100.0;0.38497996;399.33823;964.9658;2.6215315;-0.8404171;3.6745667;4.648715;0.9741485;9.248718;0.7039532;2817.916;6487.2617;-1160.2866;6096.1143;-642.5944;-432.21667
2010-04-10;-2.3927002;-3.761861;-0.1653595;746.58856;0.8447898;146.48381;100.0;0.3800002;399.21582;952.51465;4.774952;-0.6379299;2.0860732;3.23084;1.1447668;5.2925797;3.2043383;2537.1428;5906.7817;-1088.0742;6098.1255;-486.86612;-484.72665
2010-04-11;-1.2051086;-3.6570435;-0.14516194;748.6311;0.9487522;212.98857;100.0;0.37634614;400.56738;940.87726;1.7616749;-0.69502836;1.8457919;3.1236262;1.2778416;5.262494;0.5241409;2168.2656;5330.8975;-778.1114;6430.379;-530.7489;-365.78973
2010-04-12;1.1916097;-0.16420491;-0.021004995;746.4471;0.70460445;198.07991;100.0;0.37206563;403.5189;922.7295;26.38407;-0.07197168;11.671811;14.506921;2.8351097;8.210487;2.1741018;982.0539;2303.18;-96.89472;7240.599;-51.10278;-72.924446
2010-04-13;-0.35209146;-0.96883136;-0.014344533;746.64014;0.96737915;227.24147;100.0;0.36434293;399.60385;912.92316;6.1836243;-0.32903627;6.254837;8.09306;1.8382297;11.139307;1.196295;1918.1261;4791.4956;-477.19028;6880.892;-246.89667;-340.18445
2010-04-14;0.13730876;-3.9417827;-0.1884486;749.7283;0.99884576;111.22506;100.0;0.35452738;401.85904;883.78906;0.06711242;-0.622225;3.4803152;5.657524;2.1772013;10.128592;0.002976507;3042.9878;7336.852;-1795.0638;5333.725;-467.04388;-299.28638
2010-04-15;0.47787476;-5.9720254;-0.39098105;752.17206;1.1705691;102.61718;100.0;0.34613708;409.29947;847.61554;0.012296438;-0.65553004;2.228901;4.6386867;2.4097934;6.9062076;0.0;3367.631;7696.827;-1943.2487;5128.5254;-490.49667;-215.84889
2010-04-16;2.519287;-7.582784;-0.3136762;753.68524;0.9477332;95.9397;100.0;0.33606163;418.09018;805.78613;0.0008523463;-0.5010357;3.9924085;6.6460075;2.6535914;11.952229;0.0;3408.465;7483.726;-1692.4714;5513.461;-367.35944;-169.62138
2010-04-17;3.74234;-6.424296;-0.22978592;751.7429;0.8261437;170.98747;100.0;0.32209197;426.1045;757.9346;0.03336668;-0.4319418;5.48248;9.122923;3.6404505;14.90842;0.0;3539.0383;7536.8843;-1431.6403;5877.8955;-313.01334;-157.34
2010-04-18;1.2686056;-1.3197123;-0.09560522;750.113;1.0811037;134.39851;100.0;0.31053236;430.402;723.18524;7.4554114;-0.105439685;5.991325;9.248405;3.2570734;10.196682;0.031083822;1341.1989;2795.4568;-603.4706;6645.403;-75.63111;-49.142223
2010-04-19;1.5601705;-0.7241109;-0.21207555;751.15753;1.0448947;94.714485;100.0;0.29721543;435.52866;684.48895;3.6356182;-0.24465472;8.780062;12.447819;3.667757;16.237646;0.00013411045;2953.9417;6044.3457;-1116.9277;6174.2207;-174.49777;-170.61667
2010-04-20;2.408305;-2.2813923;-0.26712546;750.6713;1.0423095;124.77033;100.0;0.27996364;442.0895;635.2132;0.00565052;-0.47486275;7.277817;11.451244;4.173443;18.081387;0.0010840595;3790.291;7643.229;-1530.6133;5734.1865;-347.60223;-282.62
2010-04-21;3.1738281;0.64475507;-0.16194916;748.02765;0.969872;175.32265;100.0;0.26659516;448.27115;595.3776;6.097996;-0.09897724;5.533412;10.330319;4.7969146;9.792789;0.0;1762.6028;3512.1982;-424.42307;6934.36;-68.73111;-49.988888
2010-04-22;2.8175964;1.607076;0.005528768;747.1372;0.8261518;139.02892;100.0;0.2542487;450.0;565.59247;12.957403;-0.01695007;11.571378;19.863888;8.292511;13.003748;0.0;1293.9895;2556.8018;-83.738335;7347.6377;-8.203333;-55.673332
2010-04-23;2.499115;0.7994995;-0.08911387;748.22437;0.7619646;185.15547;100.0;0.23992796;449.99902;533.77277;5.728695;-0.08046068;8.864731;17.263472;8.398742;16.449112;0.013969839;1921.5928;3778.984;-611.9094;6740.352;-53.648888;-95.65667
2010-04-24;1.0719706;-0.61657715;-0.23073323;750.5603;0.95836955;146.77484;100.0;0.22476292;449.99838;500.12207;2.1306307;-0.32896549;6.07346;14.737427;8.663967;14.343284;0.0094771385;2721.6655;5319.6655;-930.78723;6369.364;-243.93666;-205.66333
2010-04-25;2.2260334;-1.2155457;-0.20854568;751.4673;0.9523211;106.48077;100.0;0.20884983;450.0;464.76236;1.4629436;-0.5449876;7.029146;15.824303;8.795157;16.890963;0.00024586916;3246.8477;6322.609;-1058.7794;6306.458;-408.11777;-237.22556
2010-04-26;3.5351665;0.16819255;-0.26583228;752.33075;1.0150713;102.903595;99.50301;0.19009447;450.0;423.21777;5.2712173;-0.3315732;10.667265;21.69305;11.025816;19.637909;0.0;3406.7144;6605.003;-1254.3486;6091.824;-239.24445;-149.99
2010-04-27;4.329081;0.5928345;-0.19405492;752.731;1.1029574;188.92169;97.60376;0.16990523;450.0;378.58072;4.708084;-0.34705734;9.000167;21.466106;12.465939;20.642645;0.0;3387.8188;6481.695;-953.2625;6530.084;-247.26111;-139.42223
2010-04-28;3.261027;1.1273804;-0.056350708;750.0948;0.94005126;152.33401;96.157875;0.1526221;447.4912;341.3086;17.496914;-0.2604006;14.586076;29.88997;15.30388;17.80057;0.61298907;2506.3738;4894.1377;-655.3408;6770.459;-184.52611;-134.74222
2010-04-29;3.4680073;1.867808;-0.04013443;746.96606;0.9647896;159.96634;95.08374;0.13324316;448.81674;297.3226;7.008016;-0.35055912;11.518017;28.465122;16.94709;21.730251;0.00039860606;3231.2544;6229.915;-771.99414;6765.109;-248.90334;-248.21445
2010-04-30;3.4057922;2.404012;0.0051612854;748.83075;1.1054956;192.32729;94.3807;0.11254668;448.8828;251.2207;20.119745;-0.22926462;17.244457;34.779385;17.534933;21.20947;0.0;2506.9084;4778.89;-197.8839;7373.338;-156.62;-201.70778
2010-05-01;3.2318523;2.490926;-0.018091837;749.80536;0.8828576;200.16808;94.2548;0.096260786;429.78745;220.49968;16.32508;-0.11680368;13.040036;30.466377;17.426365;14.909308;1.7221756;1607.1478;3290.7095;-121.108055;7359.005;-75.34389;-135.99
2010-05-02;1.6127828;1.1323446;-0.0025075276;745.5827;0.7936513;166.42747;94.09668;0.08667902;424.723;199.4222;21.027506;-0.06425008;11.062622;27.700811;16.638182;7.957306;1.0148548;739.0872;1491.1483;74.478615;7462.4766;-43.515556;-66.25445
2010-05-03;0.86102295;0.2816976;-0.08981959;747.0845;1.0049134;173.5937;94.09823;0.078583635;400.13443;189.77864;8.799094;-0.25846624;7.17403;23.09376;15.91973;11.379994;1.5858412;1617.0311;3503.3555;-270.88138;7123.0386;-186.05556;-252.55
2010-05-04;1.5472107;0.3628235;-0.41994348;748.196;0.88175017;110.12635;91.37622;0.0671289;401.14224;162.10938;4.457772;-0.32677317;6.11794;20.567402;14.449462;12.689985;0.0012405217;2346.5562;4977.7812;-728.2095;6626.414;-230.93556;-254.35445
2010-05-05;2.1422627;0.10269165;-0.4513626;748.289;0.9316528;100.36228;87.81478;0.053255994;408.49057;125.97656;9.037629;-0.47444645;9.510576;23.647516;14.136948;14.130618;5.2154064e-05;2696.955;5430.4077;-860.62195;6560.355;-336.92444;-282.5289
2010-05-06;1.7572021;0.54715985;-0.69001645;748.43524;1.0769815;100.39572;81.98193;0.039212227;416.32486;90.94238;7.9389515;-0.47043896;9.0591755;21.823332;12.764156;14.356017;0.00090152025;2673.8062;5167.798;-710.88165;6693.721;-329.93445;-302.9411
2010-05-07;3.1790264;1.0484213;-0.7782402;748.6631;1.0646733;94.44257;59.106934;0.025476178;421.4707;58.47168;8.333683;-0.90344155;7.8387113;19.900917;12.062207;12.672998;0.0005699694;3433.804;5757.4565;-1039.2831;6520.081;-632.35;-458.01666
2010-05-08;5.3498535;2.0576274;-0.79290134;749.968;1.0732565;119.61603;34.992756;0.0151775675;424.9388;34.505207;8.069095;-1.3343496;7.085681;18.528849;11.443153;8.826811;0.0;4179.9995;6151.036;-1322.248;6470.4805;-926.17334;-506.03778
2010-05-09;7.45932;1.2367655;-0.08955002;749.80756;1.3749512;124.88259;17.897379;0.007696748;425.65884;17.618814;0.76279044;-2.5169513;2.3379922;12.865841;10.527864;6.7209787;0.0;5453.7944;7377.332;-1545.4039;6634.3213;-1750.4722;-879.5122
2010-05-10;7.624583;2.8549297;-0.28492102;748.3208;1.0948457;128.31612;7.8162436;0.0033677418;425.66928;7.6904297;2.557546;-2.3020394;1.4331043;11.262358;9.829246;2.8291047;0.0;4871.6235;6314.3496;-1755.7853;6460.186;-1599.0044;-861.3444
2010-05-11;9.035329;1.2780457;-0.27877045;751.3001;1.1413075;150.50809;3.3610027;0.0014407635;423.4691;3.5807292;0.3662765;-2.9523978;0.44596195;9.517134;9.071171;1.3821833;0.0;5542.937;7063.1597;-1939.3578;6466.6978;-2050.9873;-858.14777
2010-05-12;10.454732;1.9464111;-0.09689077;751.89825;1.2567667;91.90751;1.3020834;0.00055555505;420.86426;1.5869141;0.2811849;-3.2888808;0.19402802;8.51646;8.322418;0.5944706;0.0;5806.4023;7347.6226;-2025.223;6522.1167;-2284.7156;-867.0867
2010-05-13;10.101349;1.7214559;-0.040159862;752.66187;1.2044915;114.234764;0.4659017;0.0001988411;420.58594;0.44759116;0.38894415;-3.3556967;0.107601285;7.730305;7.6227264;0.21412224;0.0;5837.8457;7373.1567;-2177.2856;6369.2373;-2331.1045;-881.26556
2010-05-14;9.701314;-0.114980064;-0.15392685;752.71576;1.2559743;117.429955;0.16935222;7.2042145e-05;420.58594;-7.345365e-21;0.47527254;-3.4426134;0.08545816;7.0761294;6.9906635;0.07594377;0.0;5901.237;7455.276;-2240.5286;6237.094;-2391.4844;-885.57776
2010-05-15;9.031209;0.11213175;-0.088987984;751.9678;1.1815726;109.23904;0.06274414;2.6861826e-05;420.58594;-7.345365e-21;0.7606149;-3.1046252;0.11378527;6.544441;6.4306407;0.027433038;0.0;5647.5845;7142.208;-2165.4624;6313.88;-2156.6833;-963.3611
2010-05-16;10.725525;1.9619446;-0.09565735;751.9878;1.0442665;130.47943;0.022867838;9.854634e-06;420.59116;-7.345365e-21;0.0008583069;-3.4999495;0.0022053719;5.9387684;5.9365706;0.011302531;0.0;5980.2183;7553.5337;-2144.8752;6530.348;-2431.2988;-830.19336
2010-05-17;11.032928;2.4525554;-0.023763021;751.352;1.4941539;193.28375;0.00789388;3.2186508e-06;420.59375;-7.345365e-21;0.8431256;-3.2656994;0.10650605;5.608201;5.501695;0.003553927;0.0;5732.5835;7232.7256;-2238.35;6379.5874;-2268.5723;-949.62445
2010-05-18;9.860179;-2.1630352;-0.26407495;752.23114;1.3848238;229.01227;0.0032552083;1.3113022e-06;420.59375;-7.345365e-21;0.300169;-3.7017577;0.03476441;5.1522403;5.117476;0.0011995435;0.0;6639.291;8367.409;-2635.268;5836.964;-2571.4888;-1087.59
2010-05-19;6.240082;4.058512;-0.100613914;751.2627;0.8796759;184.05159;0.0013020834;5.165736e-07;420.59375;-7.345365e-21;4.5598598;-1.4755707;0.59343874;5.375415;4.7819614;0.00028684735;0.0;2483.531;3126.5718;-1137.8595;6911.919;-1025.03;-508.40555
2010-05-20;6.8764954;-0.038401287;-0.7119077;750.05493;1.3109677;138.41255;0.0;-7.3453654e-25;406.41177;-7.345365e-21;0.04964471;-3.4303944;0.0055134296;4.488811;4.4832826;0.00021979213;0.0;6335.1006;7966.9775;-2347.671;6012.6;-2382.98;-1423.9022
2010-05-21;6.6956177;-0.39363608;-1.0479978;749.9466;1.2689724;183.80522;0.0;-7.3453654e-25;384.54526;-7.345365e-21;1.0453343;-3.0715578;0.122368336;4.3358507;4.213512;7.8231096e-05;0.0;6292.8623;7905.2256;-2371.5378;5902.931;-2133.709;-1533.71
2010-05-22;7.420471;-0.9075826;-3.218113;751.2233;1.5093375;194.08098;0.0;-7.3453654e-25;210.02148;-7.345365e-21;0.6402818;-3.2313318;0.069350004;4.0412245;3.971882;2.6077032e-05;0.0;6302.3677;7908.8545;-2324.9392;5987.9624;-2244.6978;-1519.8955
2010-05-23;7.6608176;-0.33075967;-3.984333;749.24286;1.9081911;178.95569;0.0;-7.3453654e-25;109.73468;-7.345365e-21;2.623114;-2.8813725;0.3221929;4.0761085;3.753923;1.4901161e-05;0.0;5461.195;6845.339;-2054.9604;6244.58;-2001.5934;-1235.0122
2010-05-24;6.672648;-1.9095052;-1.8883566;749.12616;1.2913569;229.96358;0.0;-7.3453654e-25;102.05825;-7.345365e-21;0.12412965;-3.2677054;0.012859702;3.5692155;3.5563707;0.0;0.0;6643.521;8319.106;-2564.7317;5722.53;-2269.9656;-1574.6611
2010-05-25;7.274302;-1.1257426;0.010299683;751.9964;1.1170938;176.13116;0.0;-7.3453654e-25;99.99998;-7.345365e-21;0.44700503;-3.0384724;0.04439056;3.420353;3.3759623;0.0;0.0;6261.56;7832.4546;-2482.0894;5881.859;-2110.7256;-1414.0922
2010-05-26;8.8420105;-0.38972983;0.009702046;753.1818;1.1681496;115.838585;0.0;-7.3453654e-25;99.99998;-7.345365e-21;0.21947622;-3.2950006;0.020891428;3.231734;3.2108426;0.0;0.0;6480.157;8097.3545;-2457.591;6078.452;-2288.9268;-1333.2578
2010-05-27;10.251332;0.3999939;0.00982666;754.47974;1.184219;131.31056;0.0;-7.3453654e-25;99.99998;-7.345365e-21;0.008532405;-3.1530309;0.000692904;3.0596554;3.0589552;0.0;0.0;5985.504;7471.222;-2294.047;6347.7524;-2190.3057;-1111.7489
2010-05-28;10.717397;1.9790344;0.0099322;753.35425;1.2054002;108.87216;0.0;-7.3453654e-25;99.99998;-7.345365e-21;1.8516421;-2.948678;0.1872778;3.106758;2.9194803;0.0;0.0;5685.383;7088.9453;-2161.4075;6582.1245;-2048.3489;-1033.7511
2010-05-29;11.318715;0.013712565;0.010307312;750.6232;1.4640565;98.58315;0.0;-7.3453654e-25;99.99998;-7.345365e-21;0.89161396;-3.4271748;0.08124113;2.8724372;2.7911737;0.0;0.0;5979.2793;7447.6357;-2276.8777;6400.7466;-2380.7444;-1089.88
2010-05-30;10.132466;1.5466309;0.009624481;752.084;1.2181214;108.2844;0.0;-7.3453654e-25;99.99998;-7.345365e-21;0.38935244;-2.9731934;0.031903386;2.7036965;2.6718006;0.0;0.0;5874.414;7309.282;-2064.0188;6697.291;-2065.3777;-1356.3055
2010-05-31;11.26595;2.612386;0.010131836;753.80597;1.1226496;113.00831;0.0;-7.3453654e-25;99.99998;-7.345365e-21;0.24372339;-2.862;0.019997358;2.5811493;2.5611594;0.0;0.0;5578.575;6933.8413;-2032.8011;6838.7007;-1988.1361;-1145.8055
2010-06-01;12.968872;1.9227295;0.009933472;754.8343;1.0484463;98.585846;0.0;-7.3453654e-25;99.99998;-7.345365e-21;0.0064253802;-3.3045309;0.0005066395;2.457902;2.457395;0.0;0.0;6421.203;7972.7754;-2426.7734;6630.7344;-2295.5466;-1214.3044
2010-06-02;14.673085;1.4595846;0.010002136;754.93634;1.159855;101.75574;0.0;-7.3453654e-25;99.99998;-7.345365e-21;0.0008583069;-3.2876682;7.4505806e-05;2.3598819;2.359815;0.0;0.0;6522.0884;8089.513;-2552.9211;6631.918;-2283.834;-1196.8356
2010-06-03;15.990184;-0.535553;0.009990692;756.8501;1.2033484;102.75779;0.0;-7.3453654e-25;99.99998;-7.345365e-21;0.53786635;-2.9343255;0.041350722;2.3100972;2.2687464;0.0;0.0;5993.583;7426.1;-2488.37;6730.9834;-2038.3789;-1011.70447
2010-06-04;17.110107;-1.883901;0.009666443;757.2075;1.1879092;178.11296;0.0;-7.3453654e-25;99.99998;-7.345365e-21;0.0038734933;-3.415052;0.00028312206;2.183363;2.1830945;0.0;0.0;6912.492;8555.753;-2912.075;6497.102;-2372.3232;-1074.9933
2010-06-05;16.221598;0.78011066;0.009914398;755.2802;1.1014634;85.91717;0.0;-7.3453654e-25;99.99998;-7.345365e-21;0.31709075;-2.8913374;0.022619963;2.1249354;2.102308;0.0;0.0;6162.6533;7619.6045;-2599.3923;6858.204;-2008.5155;-1037.28
2010-06-06;16.840708;1.0586752;0.009918213;752.1963;1.2525493;101.86875;0.0;-7.3453654e-25;99.99998;-7.345365e-21;0.019254196;-2.8661919;0.0011175871;2.0275414;2.0264163;0.0;0.0;6468.883;7989.812;-2653.5723;6915.898;-1991.0488;-1267.7145
2010-06-07;14.174275;1.8571573;0.009738922;749.79706;1.6539141;162.11125;0.0;-7.3453654e-25;99.99998;-7.345365e-21;1.3953149;-2.1737423;0.09995699;2.0554662;1.9555092;0.0;0.0;5768.652;7117.4478;-2510.9634;6725.257;-1510.0255;-1642.8267
2010-06-08;11.737813;-1.4301046;0.009892781;751.24176;1.6002144;216.5768;0.0;-7.3453654e-25;99.99998;-7.345365e-21;0.5477071;-2.2437685;0.03759563;1.9264072;1.8888116;0.0;0.0;6746.564;8315.418;-2851.2205;6140.559;-1558.6711;-2168.3755
2010-06-09;11.948802;0.07421875;0.009928386;751.441;1.3911091;150.4533;0.0;-7.3453654e-25;99.99998;-7.345365e-21;1.9308716;-2.1843734;0.14534593;1.9714236;1.8260851;0.0;0.0;6089.242;7497.29;-2535.0784;6414.683;-1517.4122;-1823.2222
2010-06-10;13.185394;-0.5776062;0.009913127;751.851;1.3336362;150.36113;0.0;-7.3453654e-25;99.99998;-7.345365e-21;0.0;-2.6495187;0.0;1.7662048;1.7661899;0.0;0.0;6889.278;8473.489;-2874.219;6307.311;-1840.5322;-1808.7877
2010-06-11;14.065959;-1.7296041;0.009791057;753.9035;1.1319985;144.5003;0.0;-7.3453654e-25;99.99998;-7.345365e-21;0.0008523463;-2.4763532;5.9604645e-05;1.7088056;1.708746;0.0;0.0;7027.58;8634.588;-3103.4934;6173.148;-1720.24;-1774.6923
2010-06-12;14.839935;0.0769043;0.010218303;755.67426;1.1837782;142.7852;0.0;-7.3453654e-25;99.99998;-7.345365e-21;0.0025813633;-2.2480125;0.00017881393;1.6542375;1.6540811;0.0;0.0;6881.612;8446.393;-2956.6062;6509.755;-1561.6189;-1880.0734
2010-06-13;16.634745;1.8740133;0.0099652605;756.406;1.0679275;67.05652;0.0;-7.3453654e-25;99.99998;-7.345365e-21;0.0008523463;-2.1950743;5.9604645e-05;1.6019642;1.6019046;0.0;0.0;6814.594;8355.389;-2942.065;6825.21;-1524.8445;-1705.4255
2010-06-14;18.34556;1.0481466;0.010253906;756.5923;1.0654495;85.11649;0.0;-7.3453654e-25;99.99998;-7.345365e-21;0.0065863132;-2.0241923;0.0004172325;1.552552;1.5521421;0.0;0.0;6601.991;8086.3145;-2946.4534;6987.549;-1406.1389;-1640.6611
2010-06-15;17.637259;2.895874;0.010014852;754.25226;1.195613;92.36944;0.0;-7.3453654e-25;99.99998;-7.345365e-21;1.9705594;-1.8145461;0.15319884;1.6584396;1.5052259;0.0;0.0;5625.8867;6883.594;-2525.1907;7264.7153;-1260.5044;-1433.4578
2010-06-16;16.467386;0.391744;0.0099983215;749.4548;1.5458117;161.44121;0.0;-7.3453654e-25;99.99998;-7.345365e-21;0.0005364418;-2.3022108;1.4901161e-05;1.460731;1.4607161;0.0;0.0;6724.938;8227.179;-2932.7473;6686.359;-1599.2689;-1943.2622
2010-06-17;13.131378;1.3745117;0.0099983215;748.07806;0.88498026;106.709625;0.0;-7.3453654e-25;99.99998;-7.345365e-21;0.8422613;-1.6967784;0.050872564;1.4692396;1.4183521;0.0;0.0;5854.3394;7161.262;-2584.926;6786.8726;-1178.6956;-1898.2988
2010-06-18;13.74348;3.201884;0.010059357;749.12103;1.2516102;105.15549;0.0;-7.3453654e-25;100.00259;-7.345365e-21;0.37267804;-1.7071888;0.022515655;1.4007986;1.3782829;0.0;0.0;5751.9507;7034.9224;-2396.4595;7005.447;-1185.9277;-1871.2955
2010-06-19;14.773213;1.6464844;0.009977977;751.1702;1.3763987;117.13088;0.0;-7.3453654e-25;99.99998;-7.345365e-21;0.044941902;-1.7593577;0.002682209;1.342386;1.3397187;0.0;0.0;6086.22;7442.9346;-2541.525;6996.0327;-1222.1677;-1955.2933
2010-06-20;14.107971;3.5117188;0.010025024;752.15894;1.226319;80.799576;0.0;-7.3453654e-25;99.99998;-7.345365e-21;4.2080164;-1.7276536;0.31362474;1.6168952;1.303278;0.0;0.0;4982.251;6092.09;-2196.4817;7097.727;-1200.1444;-1492.8622
2010-06-21;14.883952;-1.2957865;0.010238647;751.34845;1.3411651;108.7949;0.0;-7.3453654e-25;99.99998;-7.345365e-21;0.016850231;-2.6679113;0.0008791685;1.2691915;1.2683198;0.0;0.0;6680.1323;8167.14;-2779.6843;6620.3594;-1853.3088;-1751.4734
2010-06-22;14.83015;-0.6004842;0.0096753435;750.32697;1.2309489;154.60188;0.0;-7.3453654e-25;99.99998;-7.345365e-21;0.033068657;-2.2337735;0.0015944242;1.2358129;1.2342334;0.0;0.0;6639.0864;8115.878;-2835.784;6624.4844;-1551.7278;-1909.8088
2010-06-23;14.444804;-1.0133972;0.009928386;747.7077;1.6386881;153.6526;0.0;-7.3453654e-25;99.99998;-7.345365e-21;0.5553961;-1.8397291;0.032782555;1.234591;1.2017936;0.0;0.0;6265.8037;7658.5444;-2805.0356;6573.48;-1277.9978;-1973.9867
2010-06-24;10.412801;-0.51226807;0.0098559065;746.04;1.7184643;205.55843;0.0;-7.3453654e-25;99.99998;-7.345365e-21;1.1665822;-1.4896542;0.071033835;1.2421459;1.1710972;0.0;0.0;6406.9385;7830.2275;-2633.0295;6385.602;-1034.8134;-2683.8289
2010-06-25;11.535237;1.2105612;0.009808858;747.27924;0.95939916;143.17445;0.0;-7.3453654e-25;99.99998;-7.345365e-21;0.004222606;-1.4946815;0.00022351742;1.1420101;1.141794;0.0;0.0;5370.6387;6562.6533;-2361.5505;6768.229;-1038.3055;-1780.8378
2010-06-26;13.28006;-0.15835571;0.010065715;748.9345;1.2691486;117.88708;0.0;-7.3453654e-25;99.99998;-7.345365e-21;0.03351237;-1.6755899;0.0015199184;1.1147857;1.1132731;0.0;0.0;6687.526;8170.8545;-2944.7388;6441.779;-1163.9767;-2251.3245
2010-06-27;14.037639;-1.4422811;0.009904225;751.05206;1.2098876;112.909515;0.0;-7.3453654e-25;99.99998;-7.345365e-21;0.00042915344;-1.576405;2.9802322e-05;1.0854602;1.0854378;0.0;0.0;7036.0537;8595.537;-3224.5422;6295.1455;-1095.0767;-2328.3167
2010-06-28;15.704814;-2.3319397;0.009863536;752.13556;1.1792433;181.83488;0.0;-7.3453654e-25;99.99998;-7.345365e-21;0.0017195934;-1.4905231;0.00010430813;1.0585934;1.0584965;0.0;0.0;7046.5894;8607.355;-3353.162;6337.763;-1035.4166;-2212.0388
2010-06-29;16.21943;-1.7449951;0.009947459;751.38574;1.299716;168.0482;0.0;-7.3453654e-25;99.99998;-7.345365e-21;0.0;-1.3683773;0.0;1.0325313;1.0325387;0.0;0.0;7047.29;8607.152;-3380.5872;6356.46;-950.56665;-2297.5532
2010-06-30;16.072134;-3.8809712;0.009941101;751.5274;1.22109;181.14703;0.0;-7.3453654e-25;99.99998;-7.345365e-21;0.0008523463;-1.3259165;5.9604645e-05;1.0075867;1.007542;0.0;0.0;7171.8965;8758.202;-3638.165;6070.18;-921.07;-2272.5278
2010-07-01;16.39451;-4.0459085;0.0095825195;750.80054;1.2178379;146.7337;0.0;-7.3453654e-25;99.99998;-7.345365e-21;0.0017264883;-1.3105217;8.940697e-05;0.98347664;0.9833947;0.0;0.0;7150.667;8731.139;-3562.0623;6229.6235;-910.37555;-2240.1956
2010-07-02;17.226736;-2.8803406;0.009627025;750.4078;1.2085716;106.155846;0.0;-7.3453654e-25;99.99998;-7.345365e-21;0.00085532654;-1.3154819;4.4703484e-05;0.9601116;0.9600818;0.0;0.0;7078.2407;8641.558;-3419.9294;6542.3965;-913.8222;-2221.0854
2010-07-03;18.448181;-0.44940186;0.009985606;751.5484;1.2835273;83.53207;0.0;-7.3453654e-25;99.99998;-7.345365e-21;0.0004351138;-1.3099825;2.9802322e-05;0.93753636;0.93750656;0.0;0.0;6979.1694;8519.535;-3301.7896;6836.9224;-910.0011;-2219.9045
2010-07-04;20.111685;2.2951355;0.010201772;752.57513;1.2846969;123.26865;0.0;-7.3453654e-25;99.99998;-7.345365e-21;0.0008642673;-1.2986977;4.4703484e-05;0.91572106;0.91566145;0.0;0.0;6921.263;8447.761;-3249.0818;7052.879;-902.16223;-2217.422
2010-07-05;20.08964;0.06258138;0.009833018;752.5513;1.3124301;174.87419;0.0;-7.3453654e-25;99.99998;-7.345365e-21;0.0008712262;-1.2601279;5.9604645e-05;0.8946359;0.8946061;0.0;0.0;6966.7886;8502.213;-3354.3083;6937.237;-875.3689;-2290.2212
2010-07-06;19.271872;0.01969401;0.009735107;752.4528;1.1925155;182.24579;0.0;-7.3453654e-25;99.99998;-7.345365e-21;0.0008523463;-1.2181792;4.4703484e-05;0.87429583;0.8742586;0.0;0.0;7010.439;8554.398;-3362.8628;6888.74;-846.2289;-2330.7
2010-07-07;19.703787;1.1721293;0.0099983215;753.1851;1.203349;123.23519;0.0;-7.3453654e-25;99.99998;-7.345365e-21;0.0;-1.2097554;0.0;0.8545518;0.8545667;0.0;0.0;6872.4004;8384.821;-3255.3933;7093.7334;-840.37665;-2303.9978
2010-07-08;20.335764;-1.280538;0.0100364685;753.9007;1.3017646;101.926544;0.0;-7.3453654e-25;99.99998;-7.345365e-21;0.0;-1.1863234;0.0;0.835523;0.835523;0.0;0.0;6841.0537;8345.5;-3371.4382;6965.5522;-824.0989;-2275.7944
2010-07-09;19.82255;-6.742666;0.009824117;754.6438;1.3435014;178.49715;0.0;-7.3453654e-25;99.99998;-7.345365e-21;0.0;-1.1498798;0.0;0.8171648;0.8171722;0.0;0.0;7143.1074;8712.9;-3785.6782;6373.988;-798.7833;-2276.2021
2010-07-10;19.942657;-6.0084023;0.009726207;755.65546;1.2742268;170.34271;0.0;-7.3453654e-25;99.99998;-7.345365e-21;0.0034350106;-1.1440217;0.00017881393;0.7995963;0.7994324;0.0;0.0;7148.477;8718.337;-3726.591;6499.1294;-794.7144;-2179.6921
2010-07-11;21.246176;-4.0198975;0.009980519;756.1716;1.2435052;99.77622;0.0;-7.3453654e-25;99.99998;-7.345365e-21;0.0;-1.1855476;0.0;0.78225136;0.78222156;0.0;0.0;6992.661;8527.186;-3590.1692;6895.561;-823.5622;-2022.0823
2010-07-12;21.998322;-2.5818481;0.009757996;753.9841;1.2970666;109.21783;0.0;-7.3453654e-25;99.99998;-7.345365e-21;0.00044107434;-1.1599679;2.9802322e-05;0.76556206;0.76554716;0.0;0.0;6946.5923;8469.884;-3540.4106;7023.6665;-805.79224;-2104.34
2010-07-13;21.413126;-0.79071045;0.010122935;749.96515;1.2739881;124.730156;0.0;-7.3453654e-25;99.99998;-7.345365e-21;0.0008513522;-1.1245124;4.4703484e-05;0.7493943;0.7493347;0.0;0.0;6908.2944;8422.099;-3450.296;7088.532;-781.16;-2229.2566
2010-07-14;19.57022;-2.4425964;0.010462443;747.4244;1.4431053;131.40196;0.0;-7.3453654e-25;99.99998;-7.345365e-21;0.0;-1.0302057;0.0;0.7336736;0.7336587;0.0;0.0;6976.0713;8503.592;-3477.0408;6814.7466;-715.64886;-2522.8645
2010-07-15;17.937521;0.41280112;0.010140737;748.8538;1.5473938;153.42412;0.0;-7.3453654e-25;99.99998;-7.345365e-21;0.04710555;-0.8852985;0.0024586916;0.7210672;0.7186085;0.0;0.0;6350.9614;7740.68;-2952.1453;7112.1787;-614.9878;-2558.1223
2010-07-16;17.856302;0.8020325;0.0102335615;751.18243;1.3555907;142.27802;0.0;-7.3453654e-25;99.99998;-7.345365e-21;0.17467141;-0.94625723;0.008970499;0.71310997;0.70412457;0.0;0.0;6529.9487;7956.9854;-3044.438;7020.426;-657.3333;-2619.7012
2010-07-17;17.463491;0.91400146;0.01009496;752.093;1.249935;131.09613;0.0;-7.3453654e-25;99.99998;-7.345365e-21;0.007688999;-0.95913184;0.0004172325;0.6904602;0.690043;0.0;0.0;6309.4385;7686.5874;-2995.4102;7048.0435;-666.2778;-2389.6812
2010-07-18;17.478617;2.3424072;0.010023753;752.04205;1.2947792;124.502785;0.0;-7.3453654e-25;99.99998;-7.345365e-21;0.0029645571;-0.92451835;0.00013411045;0.6764829;0.6763339;0.0;0.0;6536.7573;7961.693;-3100.897;6972.3535;-642.23224;-2533.2312
2010-07-19;18.378366;2.8176167;0.010148366;751.3252;1.0891984;101.593605;0.0;-7.3453654e-25;99.99998;-7.345365e-21;0.004988611;-0.9200908;0.0001937151;0.6632209;0.66302717;0.0;0.0;6274.8726;7640.9316;-2994.1777;7223.8135;-639.1578;-2217.6855
2010-07-20;19.459158;4.7496743;0.009930928;750.44824;1.3864604;64.36536;0.0;-7.3453654e-25;99.99998;-7.345365e-21;0.0008523463;-0.91000086;4.4703484e-05;0.65010786;0.65006316;0.0;0.0;6223.9595;7577.315;-2980.3506;7370.2383;-632.14667;-2189.4521
2010-07-21;20.44168;6.080363;0.010260264;749.6823;1.4062594;79.272705;0.0;-7.3453654e-25;99.99998;-7.345365e-21;0.0008523463;-0.94371665;5.9604645e-05;0.6375313;0.6374717;0.0;0.0;6442.9155;7842.2734;-3001.7927;7470.201;-655.56775;-2364.9656
2010-07-22;19.81141;3.415202;0.010063171;749.0737;1.4252095;119.58753;0.0;-7.3453654e-25;99.99998;-7.345365e-21;0.006747894;-0.8954145;0.0002682209;0.62549114;0.6252155;0.0;0.0;6361.567;7741.372;-3074.6094;7272.4517;-622.01556;-2395.4678
2010-07-23;18.335297;4.809967;0.010059357;748.83185;1.1890876;109.25358;0.0;-7.3453654e-25;100.00519;-7.345365e-21;0.1317774;-0.8195145;0.0050365925;0.6185174;0.61348826;0.0;0.0;5638.7593;6860.1;-2789.7039;7370.918;-569.29;-2090.9211
2010-07-24;17.154663;2.8074138;0.009648641;747.479;1.4335957;135.6377;0.0;-7.3453654e-25;99.99998;-7.345365e-21;0.010663271;-0.8196663;0.00044703484;0.60257316;0.6021112;0.0;0.0;6264.84;7620.2686;-2944.9685;7104.4824;-569.3945;-2567.8723
2010-07-25;16.655874;0.82766724;0.0103213;748.2198;1.1963586;123.87851;0.0;-7.3453654e-25;99.99998;-7.345365e-21;0.0017340389;-0.7626749;5.9604645e-05;0.59112906;0.59105456;0.0;0.0;5835.933;7096.9805;-2817.0994;7132.0405;-529.80444;-2310.1055
2010-07-26;18.040995;3.050954;0.009984334;751.88525;1.3925756;55.78583;0.0;-7.3453654e-25;99.99998;-7.345365e-21;0.07556677;-0.816511;0.0035464764;0.5838573;0.5803332;0.0;0.0;5884.137;7154.1157;-2781.224;7345.955;-567.2033;-2198.0134
2010-07-27;20.089722;2.9371948;0.009723663;754.0196;1.7827606;44.12364;0.0;-7.3453654e-25;99.99998;-7.345365e-21;0.003862512;-0.91509706;0.0001937151;0.5699843;0.56979805;0.0;0.0;6654.3057;8088.7163;-3214.8289;7150.9746;-635.6878;-2372.131
2010-07-28;18.96401;-0.7912496;0.009755452;753.1442;2.0282865;40.620865;0.0;-7.3453654e-25;99.99998;-7.345365e-21;0.0;-0.8601937;0.0;0.5595088;0.55950135;0.0;0.0;6811.546;8277.982;-3444.571;6747.27;-597.5478;-2566.131
2010-07-29;18.535208;-2.532552;0.009952545;752.94165;1.8158535;38.454002;0.0;-7.3453654e-25;99.99998;-7.345365e-21;0.0013131758;-0.8459035;5.9604645e-05;0.5495548;0.54948777;0.0;0.0;6879.676;8358.921;-3548.0981;6570.3296;-587.6222;-2479.3333
2010-07-30;18.929626;-1.2839661;0.010025024;755.0018;1.7754778;43.458496;0.0;-7.3453654e-25;99.99998;-7.345365e-21;0.0008666066;-0.835631;4.4703484e-05;0.53977966;0.53974986;0.0;0.0;6635.686;8060.753;-3325.28;6873.2876;-580.48553;-2437.3333
2010-07-31;17.851166;-4.087301;0.00974528;755.5867;1.9375973;40.76296;0.0;-7.3453654e-25;99.99998;-7.345365e-21;0.0008583069;-0.80635774;4.4703484e-05;0.5303174;0.5302727;0.0;0.0;6910.4263;8392.539;-3672.0894;6344.042;-560.15;-2522.1067
2010-08-01;16.63146;-4.433889;0.00974528;755.1484;2.009751;39.89535;0.0;-7.3453654e-25;99.99998;-7.345365e-21;0.0;-0.75882304;0.0;0.5210936;0.5210936;0.0;0.0;6865.9062;8336.604;-3595.048;6240.722;-527.1289;-2643.4534
2010-08-02;16.665619;-7.2499084;0.010138194;753.8453;1.6512336;41.252224;0.0;-7.3453654e-25;99.99998;-7.345365e-21;0.00044107434;-0.7853331;1.4901161e-05;0.5121678;0.512138;0.0;0.0;6863.8203;8332.218;-3674.048;6202.16;-545.54443;-2460.979
2010-08-03;17.070557;-6.9756064;0.009892781;751.7415;1.3032275;56.66815;0.0;-7.3453654e-25;99.99998;-7.345365e-21;0.0012874597;-0.78572613;5.9604645e-05;0.50345063;0.503391;0.0;0.0;6632.594;8049.839;-3451.8875;6523.443;-545.81775;-2306.662
2010-08-04;17.21456;-2.1337483;0.010195415;751.7771;1.1682674;93.538666;0.0;-7.3453654e-25;99.99998;-7.345365e-21;0.45132637;-0.83971584;0.021800399;0.5167723;0.49498677;0.0;0.0;5216.1025;6329.206;-2562.2073;7419.779;-583.3222;-1879.0778
2010-08-05;17.686523;0.10347494;0.009944916;754.0345;1.0202738;102.47604;0.0;-7.3453654e-25;99.99998;-7.345365e-21;0.08224249;-0.8664653;0.003427267;0.490278;0.48683584;0.0;0.0;5613.1587;6809.499;-2776.2944;7286.649;-601.9044;-1940.1833
2010-08-06;18.839396;-0.3896993;0.010120392;757.08344;0.8326671;113.106384;0.0;-7.3453654e-25;99.99998;-7.345365e-21;0.007869936;-0.7820558;0.00035762787;0.47922134;0.47886372;0.0;0.0;5418.75;6572.1904;-2794.7817;7376.1777;-543.26776;-1773.3822
2010-08-07;19.490479;0.052815754;0.00976944;757.1479;0.8827434;121.04675;0.0;-7.3453654e-25;99.99998;-7.345365e-21;0.020676851;-0.7951753;0.0009685755;0.47203898;0.4710406;0.0;0.0;5788.485;7019.1284;-2912.5679;7410.1567;-552.3811;-1945.7955
2010-08-08;19.315054;-0.5945943;0.009994507;754.6335;1.0923845;95.70553;0.0;-7.3453654e-25;99.99998;-7.345365e-21;0.007147104;-0.7011611;0.0003427267;0.46378374;0.4634261;0.0;0.0;5389.1606;6533.3623;-2831.8965;7360.9077;-487.07333;-1846.2378
2010-08-09;19.56367;-5.2812095;0.010236104;753.26514;1.3921237;117.77478;0.0;-7.3453654e-25;99.99998;-7.345365e-21;0.0;-0.7724762;0.0;0.45597553;0.45599043;0.0;0.0;6433.158;7797.125;-3459.8967;6719.3174;-536.61334;-2249.5112
2010-08-10;18.693674;-3.6659038;0.009984334;753.92535;1.4285036;112.03665;0.0;-7.3453654e-25;99.99998;-7.345365e-21;0.0012862128;-0.7570628;5.9604645e-05;0.44873357;0.44867396;0.0;0.0;6630.563;8034.6704;-3503.518;6603.089;-525.9056;-2373.48
2010-08-11;18.982504;-2.8709614;0.00985082;754.91626;1.2124125;124.61413;0.0;-7.3453654e-25;99.99998;-7.345365e-21;0.0004351138;-0.74622035;1.4901161e-05;0.4415363;0.44151396;0.0;0.0;6312.4395;7647.532;-3235.6982;6950.499;-518.37445;-2200.8445
2010-08-12;18.04362;1.9380798;0.0100619;755.67505;0.94806;66.11896;0.0;-7.3453654e-25;99.99998;-7.345365e-21;0.10179877;-0.66283065;0.0037252903;0.43833256;0.43460727;0.0;0.0;5146.8174;6234.145;-2668.1487;7444.32;-460.44666;-1801.2877
2010-08-13;17.696798;3.8099365;0.00990804;755.5787;1.1533495;36.55392;0.0;-7.3453654e-25;99.99998;-7.345365e-21;0.7915497;-0.8868482;0.03683567;0.46485662;0.4280135;0.0;0.0;5051.4863;6117.3345;-2557.44;7417.7812;-616.06445;-1770.5167
2010-08-14;18.292664;2.3513286;0.0097465515;755.20355;1.3931037;44.828358;0.0;-7.3453654e-25;99.99998;-7.345365e-21;0.09750724;-0.9231763;0.004604459;0.4261434;0.42153895;0.0;0.0;5764.421;6979.0566;-2833.4553;7231.723;-641.3;-2058.4146
2010-08-15;18.869293;-1.4696554;0.010111491;754.4838;1.0305389;64.52462;0.0;-7.3453654e-25;99.99998;-7.345365e-21;0.001636553;-0.828784;7.4505806e-05;0.41517615;0.41510165;0.0;0.0;5746.003;6955.2485;-2935.0806;7213.8516;-575.7278;-1926.2489
2010-08-16;19.420898;-3.2891235;0.0097134905;754.26886;1.2478805;126.986046;0.0;-7.3453654e-25;99.99998;-7.345365e-21;0.00011920929;-0.74113345;0.0;0.40879846;0.40881336;0.0;0.0;5946.438;7196.8657;-3100.3198;7034.568;-514.8411;-2122.9011
2010-08-17;18.623983;-2.090973;0.0097516375;753.6594;1.3818398;141.27681;0.0;-7.3453654e-25;99.99998;-7.345365e-21;0.0052630897;-0.66211635;0.00022351742;0.4028976;0.40267408;0.0;0.0;5894.1987;7132.828;-2997.6138;7042.7437;-459.95;-2244.0144
2010-08-18;19.629782;-2.0191548;0.010096232;752.1714;1.5074009;152.92613;0.0;-7.3453654e-25;99.99998;-7.345365e-21;0.0012934206;-0.7001478;5.9604645e-05;0.39672852;0.3966838;0.0;0.0;6279.672;7598.318;-3192.7024;6949.849;-486.3689;-2356.041
2010-08-19;19.493408;-2.9552815;0.010026296;753.4593;1.2192502;134.98628;0.0;-7.3453654e-25;99.99998;-7.345365e-21;0.0004351138;-0.7047569;2.9802322e-05;0.39082766;0.3907904;0.0;0.0;6370.2134;7706.9956;-3373.3552;6787.703;-489.5711;-2229.5044
2010-08-20;20.235209;-0.30158487;0.01018397;755.3676;1.2168181;131.92784;0.0;-7.3453654e-25;99.99998;-7.345365e-21;0.0012911351;-0.72701275;5.9604645e-05;0.385046;0.3849864;0.0;0.0;6223.2485;7528.24;-3258.1875;7058.375;-505.03168;-2125.2112
2010-08-21;20.224426;-1.4410807;0.00981013;753.15656;1.3623129;113.751305;0.0;-7.3453654e-25;99.99998;-7.345365e-21;0.0017186475;-0.7103812;8.940697e-05;0.37939847;0.37932396;0.0;0.0;6293.7505;7612.618;-3390.3486;6916.2754;-493.47888;-2119.3455
2010-08-22;19.01113;2.047994;0.0097465515;752.1435;1.3448976;99.74932;0.0;-7.3453654e-25;99.99998;-7.345365e-21;0.001716574;-0.67172015;8.940697e-05;0.37387013;0.37376583;0.0;0.0;6085.32;7359.3726;-3172.7263;7006.621;-466.62112;-2247.7678
2010-08-23;18.581238;2.4182231;0.009930928;753.2322;1.4339675;127.70507;0.0;-7.3453654e-25;99.99998;-7.345365e-21;0.0017106531;-0.6427765;8.940697e-05;0.3684461;0.3683567;0.0;0.0;6079.6367;7351.8213;-3102.3267;6986.4316;-446.51556;-2344.0088
2010-08-24;19.39798;-1.6906433;0.00974528;752.2138;1.5370778;120.42267;0.0;-7.3453654e-25;99.99998;-7.345365e-21;0.0010877848;-0.6469376;4.4703484e-05;0.3631264;0.36308914;0.0;0.0;5968.344;7216.3315;-3118.1606;7030.0044;-449.40445;-2237.5657
2010-08-25;17.960093;1.586853;0.009892781;750.22394;1.1701914;67.646065;0.0;-7.3453654e-25;99.99998;-7.345365e-21;0.0;-0.5671047;0.0;0.3579706;0.35797805;0.0;0.0;5108.2563;6175.738;-2656.7427;7384.573;-393.95;-1810.4889
2010-08-26;15.2257185;6.8953757;0.010008494;749.05145;1.1227127;82.01554;0.0;-7.3453654e-25;99.99998;-7.345365e-21;1.7150927;-0.7529836;0.08709729;0.4402548;0.35315752;0.0;0.0;4208.925;5087.9355;-2176.354;7466.314;-523.0722;-1631.52
2010-08-27;14.050649;5.826243;0.009899139;751.344;1.2926295;90.16666;0.0;-7.3453654e-25;99.99998;-7.345365e-21;0.91284513;-1.102833;0.04246831;0.39106607;0.34858286;0.0;0.0;3874.439;4682.7485;-1917.6102;7462.951;-766.10223;-1382.7433
2010-08-28;15.598175;4.652456;0.010142009;753.21625;1.0866939;58.596054;0.0;-7.3453654e-25;99.99998;-7.345365e-21;0.050842762;-1.1039581;0.0025480986;0.3464967;0.34395605;0.0;0.0;5498.1035;6644.714;-2714.4097;6961.2285;-766.88336;-1832.3744
2010-08-29;17.27658;3.0885112;0.009976705;753.71844;0.9887812;91.71414;0.0;-7.3453654e-25;99.99998;-7.345365e-21;0.0008583069;-0.9628748;2.9802322e-05;0.33932924;0.3392771;0.0;0.0;5565.169;6725.0186;-2817.3467;7096.6807;-668.8778;-1791.26
2010-08-30;17.494476;2.2507832;0.010261536;752.9228;0.9524414;91.23276;0.0;-7.3453654e-25;99.99998;-7.345365e-21;0.27096272;-0.7540602;0.012904406;0.3476143;0.33470243;0.0;0.0;4875.281;5890.6035;-2551.782;7391.8633;-523.82;-1567.4545
2010-08-31;17.753397;0.42536417;0.0102335615;752.0009;1.2789263;56.43233;0.0;-7.3453654e-25;99.99998;-7.345365e-21;0.0;-0.8278154;0.0;0.33023953;0.33022463;0.0;0.0;5730.0146;6922.5093;-3051.6057;6932.2266;-575.05554;-1926.0466
2010-09-01;18.25707;-1.1151632;0.010171254;752.6728;1.2780966;162.72029;0.0;-7.3453654e-25;99.99998;-7.345365e-21;0.31390786;-0.7125195;0.014811754;0.34065545;0.3258437;0.0;0.0;5298.557;6400.44;-2840.7637;7021.1885;-494.96335;-1818.6777
2010-09-02;18.291697;-2.8962605;0.009815216;755.2712;1.3978468;128.07951;0.0;-7.3453654e-25;99.99998;-7.345365e-21;0.0;-0.66460854;0.0;0.32161176;0.3216192;0.0;0.0;4999.8833;6038.948;-2782.1475;6990.418;-461.68222;-1681.4177
2010-09-03;18.018423;-2.3484905;0.010150909;756.5793;1.5122794;96.91516;0.0;-7.3453654e-25;99.99998;-7.345365e-21;0.0;-0.6585717;0.0;0.31743944;0.3174469;0.0;0.0;5736.925;6928.2954;-3063.143;6818.013;-457.48666;-2014.5588
2010-09-04;18.282999;1.1835836;0.00965627;755.35767;1.4177928;55.112774;0.0;-7.3453654e-25;99.99998;-7.345365e-21;0.0066101546;-0.60621464;0.00025331974;0.31358004;0.31331182;0.0;0.0;5379.507;6495.8906;-2927.305;7035.3027;-421.11667;-1812.2
2010-09-05;18.481363;-2.133128;0.009980519;754.06256;1.1781977;66.4841;0.0;-7.3453654e-25;99.99998;-7.345365e-21;0.001275539;-0.5754307;5.9604645e-05;0.3093481;0.3092736;0.0;0.0;5115.3896;6176.251;-2885.7947;7060.443;-399.7322;-1633.7
2010-09-06;18.4617;-4.4567566;0.009648641;753.9551;1.292857;137.65323;0.0;-7.3453654e-25;99.99998;-7.345365e-21;0.0;-0.5282741;0.0;0.3053546;0.3053546;0.0;0.0;4964.0854;5992.838;-2923.8635;6905.011;-366.97333;-1584.7478
2010-09-07;17.419687;-4.074463;0.009714763;753.63916;1.3739868;202.37244;0.0;-7.3453654e-25;99.99998;-7.345365e-21;0.0008583069;-0.5510971;2.9802322e-05;0.3015697;0.301525;0.0;0.0;5623.2866;6787.796;-3185.2915;6578.8706;-382.8278;-1971.6533
2010-09-08;16.63146;-3.078481;0.009830475;754.252;1.3375107;162.14551;0.0;-7.3453654e-25;99.99998;-7.345365e-21;0.0004351138;-0.53713846;1.4901161e-05;0.297755;0.2977103;0.0;0.0;5476.2676;6609.5312;-3046.6165;6672.779;-373.1311;-1942.6433
2010-09-09;16.45527;-2.869456;0.009869893;753.9209;1.1915262;103.79766;0.0;-7.3453654e-25;99.99998;-7.345365e-21;0.0008583069;-0.5383622;2.9802322e-05;0.2940446;0.2939999;0.0;0.0;5466.2275;6596.5693;-3077.8486;6650.5215;-373.9822;-1882.7877
2010-09-10;16.284262;0.26798502;0.009906769;752.2684;1.171116;97.2806;0.0;-7.3453654e-25;99.99998;-7.345365e-21;0.0068008895;-0.49833673;0.0002682209;0.29060245;0.29035658;0.0;0.0;5005.4707;6039.758;-2772.1372;6941.5645;-346.1789;-1761.669
2010-09-11;15.135509;3.624878;0.009897868;753.1209;1.1735386;89.29618;0.0;-7.3453654e-25;99.99998;-7.345365e-21;0.5353987;-0.5513812;0.025719404;0.31256676;0.28683245;0.0;0.0;4595.6274;5544.447;-2509.2861;7048.1323;-383.02667;-1691.02
2010-09-12;15.362132;3.912262;0.010101318;754.5987;1.1508905;75.93277;0.0;-7.3453654e-25;99.99998;-7.345365e-21;0.03143549;-0.6757155;0.0014305115;0.2848208;0.28339028;0.0;0.0;5115.686;6171.36;-2756.398;6843.2817;-469.39777;-1799.789
2010-09-13;15.066243;0.21878052;0.009933472;752.76154;1.5175883;187.16612;0.0;-7.3453654e-25;99.99998;-7.345365e-21;0.0004351138;-0.57121646;2.9802322e-05;0.27999282;0.27996302;0.0;0.0;5302.477;6395.9634;-2941.0173;6539.6826;-396.80444;-1971.6133
2010-09-14;13.352122;-1.4881998;0.010092418;750.93335;1.4018975;193.52412;0.0;-7.3453654e-25;99.99998;-7.345365e-21;0.0;-0.4646834;0.0;0.27665496;0.2766475;0.0;0.0;5283.187;6371.936;-2917.3188;6312.041;-322.8;-2152.3333
2010-09-15;13.499522;-0.9950053;0.009858449;752.76666;1.0836283;100.989105;0.0;-7.3453654e-25;99.99998;-7.345365e-21;0.00085238874;-0.48018062;4.4703484e-05;0.2734363;0.27338415;0.0;0.0;5029.9277;6065.692;-2830.1128;6528.5435;-333.56555;-1785.9937
2010-09-16;14.150746;-0.7273051;0.009906769;754.2461;1.1549515;104.46222;0.0;-7.3453654e-25;99.99998;-7.345365e-21;0.0021498972;-0.47693217;0.00010430813;0.27026236;0.27017295;0.0;0.0;5176.747;6237.323;-2923.5728;6482.5054;-331.30777;-1835.0825
2010-09-17;14.825012;-1.5635275;0.009919484;753.93304;1.1131889;98.39929;0.0;-7.3453654e-25;99.99998;-7.345365e-21;0.001287829;-0.4832996;5.9604645e-05;0.2670586;0.26700646;0.0;0.0;5177.5293;6232.849;-3014.8184;6437.37;-335.73334;-1736.7789
2010-09-18;14.22522;-3.9714253;0.010028839;752.0567;1.2886282;129.85081;0.0;-7.3453654e-25;99.99998;-7.345365e-21;0.116864115;-0.43144822;0.0048577785;0.26875734;0.26391447;0.0;0.0;4696.3525;5648.617;-2631.791;6749.5044;-299.71222;-1604.2539
2010-09-19;12.08017;2.9570415;0.01007843;752.5901;1.108435;55.065548;0.0;-7.3453654e-25;99.99998;-7.345365e-21;7.626891;-0.753032;0.47552586;0.736475;0.2609715;0.0;0.0;4097.7124;4924.311;-2220.3818;6941.541;-523.1067;-1586.74
2010-09-20;13.50533;0.8635457;0.0099105835;754.9658;0.96487314;100.300354;0.0;-7.3453654e-25;99.99998;-7.345365e-21;0.03839285;-1.8836325;0.0018030405;0.25990605;0.258103;0.0;0.0;4685.0723;5625.3496;-2415.6873;6612.4087;-1308.4978;-1062.25
2010-09-21;14.275696;-0.5004476;0.009665172;756.7226;0.9583723;106.48596;0.0;-7.3453654e-25;99.99998;-7.345365e-21;0.0011771917;-1.6788207;4.4703484e-05;0.2552718;0.25521964;0.0;0.0;4871.406;5843.8975;-2533.2573;6602.088;-1166.22;-1158.0
2010-09-22;14.713623;-2.1750386;0.01008606;757.5987;1.1563568;184.25993;0.0;-7.3453654e-25;99.99998;-7.345365e-21;0.0;-1.528481;0.0;0.25238097;0.25237352;0.0;0.0;4990.383;5981.435;-2693.7507;6448.8857;-1061.7844;-1220.1855
2010-09-23;12.60912;-0.00877889;0.010398865;757.4489;1.370072;194.53133;0.0;-7.3453654e-25;99.99998;-7.345365e-21;0.109151006;-1.0545776;0.004976988;0.25460124;0.24962425;0.0;0.0;4104.3745;4915.25;-2264.8906;6678.8535;-732.58;-1263.6522
2010-09-24;13.1640625;-0.8143107;0.009744008;757.0693;1.086461;124.29541;0.0;-7.3453654e-25;99.99998;-7.345365e-21;0.00085754367;-1.0662396;4.4703484e-05;0.24695694;0.24691969;0.0;0.0;4520.476;5408.858;-2498.6895;6584.8345;-740.6811;-1209.8667
2010-09-25;12.778392;2.0616863;0.009342194;757.11847;0.91968966;185.18239;0.0;-7.3453654e-25;99.99998;-7.345365e-21;2.231182;-1.0200226;0.115185976;0.3594458;0.24426728;0.0;0.0;4129.3745;4936.6484;-2126.596;7018.178;-708.57556;-1187.7156
2010-09-26;12.661499;1.2809347;0.00976944;756.4367;1.3068172;180.51942;0.0;-7.3453654e-25;99.99998;-7.345365e-21;0.46491623;-1.1695409;0.021874905;0.26360154;0.24171919;0.0;0.0;4152.316;4959.7646;-2264.7852;6651.312;-812.4411;-1215.4944
2010-09-27;13.078267;1.3256735;0.00972112;756.3348;1.0542706;112.69681;0.0;-7.3453654e-25;99.99998;-7.345365e-21;0.012123585;-1.0730671;0.0005811453;0.23972988;0.23917854;0.0;0.0;4581.1187;5467.148;-2477.3655;6591.2134;-745.42444;-1295.7667
2010-09-28;12.941335;1.4619955;0.009902954;755.0584;0.95668626;113.122925;0.0;-7.3453654e-25;99.99998;-7.345365e-21;0.18907785;-0.9056255;0.0086426735;0.24531782;0.23665279;0.0;0.0;4288.644;5113.7188;-2271.8684;6848.1934;-629.1089;-1304.8044
2010-09-29;12.419047;0.2524109;0.0099817915;753.62305;1.0902348;160.48698;0.0;-7.3453654e-25;99.99998;-7.345365e-21;0.0004351138;-0.7699486;1.4901161e-05;0.23418665;0.23417175;0.0;0.0;4482.634;5340.2974;-2599.1223;6412.492;-534.8578;-1449.4222
2010-09-30;12.683868;-0.0063069663;0.009947459;753.6196;1.013911;163.80919;0.0;-7.3453654e-25;99.99998;-7.345365e-21;0.0008583069;-0.66208744;4.4703484e-05;0.23177266;0.23172796;0.0;0.0;4480.2075;5332.9956;-2600.8555;6420.5845;-459.93;-1334.3011
2010-10-01;11.278636;2.7953796;0.010032654;754.2846;1.2539604;224.0846;0.0;-7.3453654e-25;99.99998;-7.345365e-21;1.0508925;-0.5975803;0.05207956;0.28143823;0.22937357;0.0;0.0;4013.9866;4773.9453;-2184.7827;6653.479;-415.1189;-1555.6511
2010-10-02;10.543243;0.670166;0.009946187;755.45404;1.2614701;253.01733;0.0;-7.3453654e-25;99.99998;-7.345365e-21;0.09456873;-0.65260196;0.0041127205;0.23119152;0.22708625;0.0;0.0;4324.044;5138.1934;-2519.6318;6165.2656;-453.34;-1519.9288
2010-10-03;9.661143;1.9887695;0.010088603;755.6365;1.1991712;174.74164;0.0;-7.3453654e-25;99.99998;-7.345365e-21;1.5350976;-0.6836355;0.07207692;0.29692054;0.22483617;0.0;0.0;4097.8257;4865.2124;-2185.5781;6471.562;-474.89777;-1519.7045
2010-10-04;9.848866;2.548706;0.010124207;755.62897;1.1184669;217.23064;0.0;-7.3453654e-25;99.99998;-7.345365e-21;1.1312485;-0.8774996;0.0526011;0.27531385;0.2226904;0.0;0.0;3407.3767;4042.121;-1839.4066;6689.8735;-609.57;-1093.5967
2010-10-05;10.050639;-0.09068807;0.0099322;752.4805;1.3512669;211.67908;0.0;-7.3453654e-25;99.99998;-7.345365e-21;0.09621084;-0.9504836;0.004515052;0.22506714;0.22055209;0.0;0.0;4181.969;4956.58;-2252.2383;6390.1025;-660.26886;-1376.7
2010-10-06;6.908793;0.6368103;0.009920756;751.16656;1.0932322;198.75993;0.0;-7.3453654e-25;99.99998;-7.345365e-21;4.2464633;-0.7231459;0.2577752;0.4762262;0.21845847;0.0;0.0;3521.39;4170.0156;-2049.9238;6228.433;-502.34555;-1363.55
2010-10-07;7.994039;-0.6873271;0.009966533;752.95465;0.89592814;157.88219;0.0;-7.3453654e-25;99.99998;-7.345365e-21;0.0008621215;-1.151937;4.4703484e-05;0.21643937;0.21639466;0.0;0.0;4331.197;5124.5957;-2377.0845;6001.326;-800.2122;-1248.7
2010-10-08;8.509064;-0.05234782;0.009766896;752.9931;1.0518125;101.258156;0.0;-7.3453654e-25;99.99998;-7.345365e-21;1.9122529;-0.9782286;0.10155141;0.31588972;0.21434575;0.0;0.0;3649.7737;4314.665;-1991.2356;6439.09;-679.54224;-969.5389
2010-10-09;8.914195;-1.0831503;0.010250092;751.6109;1.3680658;178.24475;0.0;-7.3453654e-25;99.99998;-7.345365e-21;0.0;-1.2934943;0.0;0.21234155;0.21234155;0.0;0.0;4315.648;5097.476;-2388.0679;5994.791;-898.5478;-1234.5022
2010-10-10;6.7496543;-0.51393634;0.01003011;750.9512;1.2055095;222.30424;0.0;-7.3453654e-25;99.99998;-7.345365e-21;0.7803023;-0.89364314;0.037111342;0.24750829;0.2103895;0.0;0.0;3558.6973;4199.83;-2068.4517;6078.981;-620.7844;-1205.6089
2010-10-11;3.1999817;-0.10029093;-0.96395236;749.6199;0.8560593;244.98042;0.11254883;1.780192e-05;130.72426;-7.345365e-21;3.4328997;-0.9524338;0.17003715;0.3785789;0.2085641;0.0058710575;0.029601157;1795.4172;2119.5771;-1042.7509;6645.189;-661.62445;-566.93335
2010-10-12;4.429657;-3.2267048;-3.2181232;751.3062;1.0617214;164.92189;0.12198893;1.792113e-05;142.26561;-7.345365e-21;0.0004351138;-1.1673672;0.00059604645;0.20733476;0.20672381;0.008624047;0.0;4181.787;4931.068;-2249.2153;5822.818;-810.93665;-1321.7012
2010-10-13;5.6683145;-3.190501;-4.029016;751.8288;1.0540015;194.94576;0.072753906;1.0808309e-05;142.26561;-7.345365e-21;0.0017124293;-1.003243;0.00052154064;0.2053529;0.20483881;0.0065229833;0.0;4152.0903;4890.0933;-2295.7427;5777.9346;-696.92224;-1225.6677
2010-10-14;7.262207;1.7028605;-1.2563452;752.12524;1.228452;186.1466;0.037516277;5.5233636e-06;142.26561;-7.345365e-21;0.40519834;-0.7697139;0.019729137;0.22274256;0.20300597;0.0053197145;0.0;3004.7588;3535.2483;-1179.5884;7173.6313;-534.69336;-1012.60114
2010-10-15;8.294495;5.043915;-0.80529404;753.4052;1.2675003;233.21466;0.012613933;2.1060307e-06;142.26561;-7.345365e-21;1.2728214;-0.8484069;0.06097555;0.26223063;0.20126998;0.0018812716;0.0;1942.4384;2283.021;-1021.5989;7256.2544;-589.36;-599.6289
2010-10-16;9.743703;3.5352783;-1.2951355;755.31525;1.1091943;223.68959;0.0052083335;1.1523565e-06;142.2682;-7.345365e-21;0.9610877;-1.0571368;0.04607439;0.24561584;0.19954145;0.00081956387;0.0;3607.4927;4238.0854;-1883.5028;6587.453;-734.3589;-1014.88446
2010-10-17;8.7229;1.5177408;-2.7678185;755.3951;1.1775957;199.4456;0.0025227864;1.9868214e-07;142.26561;-7.345365e-21;0.4160136;-0.9468589;0.020205975;0.21800399;0.19779801;0.00025331974;0.0;3410.8806;4005.771;-1984.6267;6284.4546;-657.7511;-970.7844
2010-10-18;7.822693;-1.9066061;-3.9505692;755.95526;1.0920607;102.40918;0.0006510417;-7.3453654e-25;142.26561;-7.345365e-21;0.0004351138;-0.98191106;2.9802322e-05;0.19608438;0.19605458;9.126961e-05;0.0;3978.101;4670.44;-2408.3662;5808.5903;-682.1;-996.50336
2010-10-19;9.33784;-2.5544636;-3.2604904;757.4899;1.0136086;102.33039;0.0;-7.3453654e-25;142.26561;-7.345365e-21;0.0021474042;-1.0030531;0.00010430813;0.19440055;0.19429624;3.3527613e-05;0.0;4036.1807;4737.073;-2433.3562;5953.241;-696.7889;-829.61444
2010-10-20;10.719197;-2.1422627;-1.1016108;759.05884;1.0842851;112.66916;0.0;-7.3453654e-25;114.32908;-7.345365e-21;0.0;-0.9861458;0.0;0.1925528;0.1925528;7.4505806e-06;0.0;3966.2822;4653.5835;-2379.3083;6172.061;-685.04333;-782.04553
2010-10-21;11.26826;-1.1451823;0.009815216;758.9251;1.0970448;168.19112;0.0;-7.3453654e-25;99.99998;-7.345365e-21;0.0;-0.8894745;0.0;0.19083917;0.19083172;0.0;0.0;3832.9656;4495.77;-2293.9673;6353.824;-617.8889;-794.5722
2010-10-22;9.859528;-2.039093;0.009979248;755.3122;1.1055893;96.85244;0.0;-7.3453654e-25;99.99998;-7.345365e-21;0.0012893116;-0.7429896;5.9604645e-05;0.18918514;0.18914044;0.0;0.0;3782.0793;4434.6235;-2319.1084;6218.1655;-516.1311;-966.4744
2010-10-23;8.7855835;-2.0508015;0.009961446;754.6308;0.99540895;118.205986;0.0;-7.3453654e-25;99.99998;-7.345365e-21;0.0016878803;-0.5820021;7.4505806e-05;0.18754601;0.18749386;0.0;0.0;3606.844;4227.5366;-2326.3018;6058.6606;-404.2972;-1017.4133
2010-10-24;8.262532;-3.4409587;0.010058085;754.33417;1.0111898;108.09442;0.0;-7.3453654e-25;99.99998;-7.345365e-21;0.0;-0.52437186;0.0;0.18586218;0.18586963;0.0;0.0;3644.8677;4271.0566;-2306.5334;6017.5522;-364.26334;-1046.5
2010-10-25;7.7237344;-1.7062174;0.010073344;754.80804;0.8908382;141.74931;0.0;-7.3453654e-25;99.99998;-7.345365e-21;0.35198927;-0.4304033;0.015884638;0.2001822;0.18428266;0.0;0.0;3311.1929;3878.881;-2016.3044;6331.87;-298.98666;-965.17554
2010-10-26;5.191284;0.69819134;0.009971619;753.59467;0.8456319;98.98319;0.0;-7.3453654e-25;99.99998;-7.345365e-21;2.3367195;-0.5392935;0.13288856;0.3156513;0.18277764;0.0;0.0;2480.699;2904.9543;-1668.755;6416.5454;-374.63;-758.4044
2010-10-27;4.815409;-3.1618755;-3.8064575;752.3775;0.9512755;110.50925;0.001546224;-7.3453654e-25;114.89191;-7.345365e-21;0.17749667;-0.7218197;0.008314848;0.18960238;0.18130243;8.381903e-05;0.00021606684;3233.5261;3785.619;-1940.1;6087.217;-501.42444;-981.51776
2010-10-28;6.207072;-2.3399353;-4.06655;752.43604;0.949763;173.58357;0.0006510417;-7.3453654e-25;140.5371;-7.345365e-21;0.0010430813;-0.603091;5.9604645e-05;0.17985702;0.17979741;5.401671e-05;0.0;3332.5845;3900.341;-2010.4839;6118.922;-418.94666;-932.0722
2010-10-29;6.7200723;-1.7780253;-3.5150135;751.59393;1.2746204;176.15405;0.0;-7.3453654e-25;150.74217;-7.345365e-21;3.3120453;-0.5963668;0.19925833;0.37759542;0.17832965;3.7252903e-05;0.0;3398.1667;3975.8723;-1976.7744;6184.74;-414.27554;-969.4533
2010-10-30;2.884023;1.8743286;-0.04940923;749.4842;1.1349522;206.15918;1.329183;0.00020293395;146.77863;1.6682943;20.451778;-1.1289781;1.4444143;1.6213655;0.17695129;0.14505349;0.35753474;1379.3073;1633.8811;-436.17776;7362.0737;-784.1511;-572.36334
2010-10-31;1.7394816;-1.942922;-3.5611305;752.0771;1.3000829;210.58128;1.1888021;0.00017631054;151.08917;1.3020834;1.4487982;-1.3615563;0.10071695;0.27635694;0.17563999;0.08015707;0.009987503;2640.8079;3109.8188;-1411.4761;6219.5903;-946.07776;-868.8
2010-11-01;1.570872;-6.11911;-7.156006;751.38275;0.7831011;95.488045;0.8005371;0.00011833509;150.95343;0.9765625;0.007855892;-1.2153387;0.004976988;0.17926097;0.17428398;0.057535246;0.0061281025;3325.825;3905.5334;-2177.25;5386.8677;-844.3356;-773.49225
2010-11-02;0.6850891;-9.387074;-10.406083;752.39545;1.5333544;31.848288;0.5361328;8.002917e-05;150.99347;0.48828125;0.0008523463;-1.115934;0.0024437904;0.17538667;0.17292798;0.02861768;0.0;3664.2827;4294.803;-2710.6968;4570.4507;-775.29333;-637.3311
2010-11-03;2.0439758;-10.02477;-10.342919;756.9815;1.3082548;29.193304;0.36336264;5.4041546e-05;150.99998;-7.345365e-21;0.0008641177;-0.98597634;0.0019669533;0.17356873;0.17160177;0.023109838;0.0;3645.4783;4267.068;-2684.6394;4632.13;-684.9656;-449.79
2010-11-04;3.3509624;-10.776065;-9.359666;758.5101;0.9744451;38.948032;0.22550456;3.349781e-05;150.99998;-7.345365e-21;0.0008523463;-0.9433292;0.0015646219;0.17184019;0.17029792;0.018380582;0.0;3582.669;4188.953;-2543.3455;4894.661;-655.31335;-315.7378
2010-11-05;3.6879578;-9.7691965;-8.691136;756.21466;1.0388292;57.088886;0.12939453;1.935164e-05;150.99998;-7.345365e-21;0.0021457663;-0.9522196;0.0010728836;0.17005205;0.16900897;0.011416152;0.0;3575.13;4176.5864;-2507.9604;4981.513;-661.48334;-324.2389
2010-11-06;4.6411643;-8.621918;-8.526444;754.39923;0.95663387;64.89449;0.07055664;1.0450681e-05;151.00356;-7.345365e-21;0.0017112461;-0.9552166;0.0006556511;0.16836822;0.16771257;0.0068843365;0.0;3504.6711;4091.7366;-2428.1094;5090.162;-663.5611;-309.16
2010-11-07;4.4785156;-9.721446;-8.977313;753.72797;0.84603715;182.89453;0.0382487;5.841255e-06;151.0078;-7.345365e-21;0.0021473244;-0.8924436;0.0004172325;0.1668483;0.16643852;0.003542751;0.0;3478.72;4059.4656;-2455.4094;4995.5767;-619.9533;-383.96222
2010-11-08;2.8192036;-10.265906;-9.536387;753.8892;0.7611951;201.38551;0.021402994;3.496806e-06;151.0078;-7.345365e-21;0.00042617318;-0.7856917;0.00017136335;0.16537309;0.16520172;0.0018198043;0.0;3444.9006;4018.42;-2478.879;4870.8364;-545.79553;-476.20557
2010-11-09;2.2739666;-7.5680947;-8.648334;756.293;0.8320218;166.21463;0.012207031;1.66893e-06;151.0078;-7.345365e-21;0.0;-0.68126714;8.940697e-05;0.16407669;0.16398728;0.0010672957;0.0;3346.6238;3902.3855;-2269.2979;5102.6323;-473.25555;-564.95776
2010-11-10;3.6059062;-4.062205;-7.124685;759.0876;1.0020002;196.85559;0.006266276;9.536743e-07;151.0078;-7.345365e-21;0.002146481;-0.6387327;0.00017881393;0.1629591;0.16278774;0.00069104135;0.0;2952.2656;3441.43;-1886.6433;5629.8213;-443.70776;-473.55777
2010-11-11;3.5795696;-7.2956543;-7.9564514;756.3973;0.96262616;50.792694;0.0028483074;3.5762787e-07;151.0078;-7.345365e-21;0.0;-0.73286706;2.9802322e-05;0.1616478;0.1616031;0.00033900142;0.0;3291.2878;3835.2979;-2292.5854;5218.9688;-509.09888;-345.56332
2010-11-12;4.02124;-8.594493;-7.9612985;753.0069;0.93892735;75.73536;0.001953125;-7.3453654e-25;151.0078;-7.345365e-21;0.0;-0.7523242;0.0;0.1604259;0.1604259;0.00016950071;0.0;3254.2422;3790.9412;-2252.9543;5254.9126;-522.61334;-371.09113
2010-11-13;4.498922;-6.17865;-7.380474;753.4477;0.9709627;105.342964;0.0006510417;-7.3453654e-25;151.0078;-7.345365e-21;0.0008583069;-0.69253516;5.9604645e-05;0.15932322;0.15924871;8.940697e-05;0.0;3192.6738;3718.05;-2168.7056;5403.3066;-481.08112;-367.02222
2010-11-14;4.053182;-6.772878;-7.7176538;757.5837;1.0894787;41.58687;0.0;-7.3453654e-25;149.44398;-7.345365e-21;0.0008583069;-0.6987201;5.9604645e-05;0.15816092;0.15810132;4.284084e-05;0.0;3191.1934;3715.1611;-2249.32;5315.3364;-485.37778;-339.2511
2010-11-15;3.6341553;-8.303935;-8.384406;759.7598;1.2352773;29.88269;0.0;-7.3453654e-25;148.35089;-7.345365e-21;0.0008583069;-0.6623389;5.2154064e-05;0.15701354;0.15695393;1.8626451e-05;0.0;3179.121;3699.96;-2318.7827;5176.8193;-460.105;-332.35
2010-11-16;2.8637898;-9.501485;-10.071194;757.841;1.0946747;33.364044;0.0;-7.3453654e-25;123.38149;-7.345365e-21;0.0025704748;-0.59418285;0.00014156103;0.15598536;0.15583634;5.5879354e-06;0.0;3164.3416;3682.588;-2343.1973;5067.895;-412.75943;-395.74445
2010-11-17;2.4986775;-10.368907;-10.272144;756.1321;0.90924424;213.24333;0.0;-7.3453654e-25;110.7197;-7.345365e-21;0.0;-0.5215714;0.0;0.15474856;0.15474111;1.8626451e-06;0.0;3096.5488;3603.5466;-2186.561;5172.742;-362.31833;-419.76
2010-11-18;2.4443257;-9.298116;-10.300887;756.8115;0.9329067;108.714264;0.0;-7.3453654e-25;106.57941;-7.345365e-21;0.00042617318;-0.49083865;2.9802322e-05;0.15369058;0.15366822;0.0;0.0;3062.531;3563.7966;-2229.7766;5133.4043;-340.9689;-390.22446
2010-11-19;2.2007854;-10.860759;-5.0898385;756.85236;1.0741936;21.79006;0.0;-7.3453654e-25;101.76007;-7.345365e-21;0.00044107434;-0.46671927;2.9802322e-05;0.1526326;0.15261024;0.0;0.0;3056.4778;3556.588;-2283.2166;5077.1074;-324.21445;-320.51666
2010-11-20;2.747701;-11.540924;-1.2520853;753.33075;0.9715907;41.28673;0.0;-7.3453654e-25;100.17446;-7.345365e-21;0.0008523463;-0.41288418;4.4703484e-05;0.15160441;0.15156716;0.0;0.0;3045.3372;3543.4734;-2330.4429;4984.504;-286.81668;-313.99445
2010-11-21;2.9130757;-10.927747;0.010008494;750.2795;0.8818609;86.47571;0.0;-7.3453654e-25;99.99998;-7.345365e-21;0.0008607427;-0.39022416;4.4703484e-05;0.15059114;0.15054643;0.0;0.0;2999.1555;3489.5867;-2248.7822;5083.421;-271.07556;-312.99222
2010-11-22;2.6717632;-10.105357;0.009950002;748.7336;0.8020992;271.77695;0.0;-7.3453654e-25;99.99998;-7.345365e-21;0.0;-0.3701728;0.0;0.14953315;0.14953315;0.0;0.0;2864.0261;3332.2612;-2227.6255;5036.201;-257.14667;-364.29556
2010-11-23;1.1199137;-9.285636;0.009887695;749.4866;0.79623604;225.96227;0.0;-7.3453654e-25;99.99998;-7.345365e-21;0.0;-0.22552349;0.0;0.14854968;0.14855713;0.0;0.0;2698.4873;3139.5056;-2207.6772;4935.02;-156.66333;-370.61334
2010-11-24;1.6513163;-7.6339364;0.010106404;752.05524;0.7522431;270.78226;0.0;-7.3453654e-25;99.99998;-7.345365e-21;0.0012934206;-0.22859313;6.7055225e-05;0.1476705;0.14760345;0.0;0.0;2870.4734;3339.4211;-2231.0618;4955.6924;-158.79611;-403.58777
2010-11-25;2.111491;-7.005117;0.010027568;754.1844;0.7025146;275.44513;0.0;-7.3453654e-25;99.99998;-7.345365e-21;0.002157688;-0.23446605;0.00011920929;0.14674664;0.14664978;0.0;0.0;2708.3638;3150.7178;-1984.1011;5267.808;-162.87555;-375.97333
2010-11-26;2.3327434;-7.1759644;0.010027568;754.80804;0.7490776;277.44077;0.0;-7.3453654e-25;99.99998;-7.345365e-21;0.002139932;-0.2906937;0.00011920929;0.14582276;0.14570355;0.0;0.0;2821.324;3281.9512;-2100.534;5150.231;-201.93556;-379.1122
2010-11-27;2.3082783;-7.2994995;0.009920756;754.75586;0.83998114;256.9652;0.0;-7.3453654e-25;99.99998;-7.345365e-21;0.0;-0.24937001;0.0;0.14476478;0.14476478;0.0;0.0;2777.5522;3230.8867;-2140.4294;5095.059;-173.22888;-344.40445
2010-11-28;2.0845947;-9.453389;0.009979248;754.7727;0.91677636;81.32621;0.0;-7.3453654e-25;99.99998;-7.345365e-21;0.0004351138;-0.25791115;2.9802322e-05;0.14388561;0.14385581;0.0;0.0;2705.9468;3147.4678;-2078.4407;5200.2344;-179.16222;-250.69667
2010-11-29;2.9267375;-9.412231;0.010018666;756.9449;0.90503544;96.997986;0.0;-7.3453654e-25;99.99998;-7.345365e-21;0.0;-0.30720514;0.0;0.14293194;0.14292449;0.0;0.0;2778.4343;3231.6233;-2089.0166;5212.69;-213.405;-254.73111
2010-11-30;4.206726;-9.460155;0.0099652605;756.8142;0.8526747;294.07565;0.0;-7.3453654e-25;99.99998;-7.345365e-21;0.00085234636;-0.2991464;4.4703484e-05;0.14205277;0.14201552;0.0;0.0;2732.2104;3177.7266;-2099.5317;5224.8633;-207.80779;-211.35445
2010-12-01;4.4119363;-9.891002;0.009963989;755.8308;0.8321244;187.1615;0.0;-7.3453654e-25;99.99998;-7.345365e-21;0.0021398063;-0.29707327;0.00011920929;0.1412332;0.141114;0.0;0.0;2687.7068;3125.8232;-2108.3762;5207.1724;-206.36778;-199.35777
2010-12-02;3.4286907;-9.5347185;0.010080974;756.26166;1.0388817;164.95973;0.0;-7.3453654e-25;99.99998;-7.345365e-21;0.00087020703;-0.31030178;4.4703484e-05;0.14026463;0.14021993;0.0;0.0;2694.8132;3133.9556;-2000.8539;5353.238;-215.55667;-209.64555
2010-12-03;3.859609;-6.4587097;0.010008494;759.39746;1.2866453;21.858858;0.0;-7.3453654e-25;99.99998;-7.345365e-21;0.00042617318;-0.35373682;2.2351742e-05;0.13935566;0.13933331;0.0;0.0;2618.485;3045.0544;-1851.3894;5633.31;-245.73;-202.06778
2010-12-04;4.516449;-6.3105063;0.009920756;758.5581;1.2243909;22.615639;0.0;-7.3453654e-25;99.99998;-7.345365e-21;0.0008523463;-0.36319345;4.4703484e-05;0.13849139;0.13844669;0.0;0.0;2640.9443;3071.0334;-1954.9222;5511.4233;-252.29889;-181.45334
2010-12-05;5.1447854;-7.9035897;0.009999593;754.52905;0.86267275;172.97784;0.0;-7.3453654e-25;99.99998;-7.345365e-21;0.002586019;-0.35569164;0.00013411045;0.13770163;0.13756752;0.0;0.0;2681.2134;3117.72;-2107.8977;5311.7;-247.08667;-147.08444
2010-12-06;4.166636;-11.745911;0.009986877;751.62115;0.6374017;213.12512;0.0;-7.3453654e-25;99.99998;-7.345365e-21;0.0008523463;-0.2878597;5.2154064e-05;0.13674796;0.1367107;0.0;0.0;2490.1123;2895.4077;-2058.6655;5229.099;-199.96666;-226.13777
2010-12-07;1.1512247;-12.19236;0.010017395;751.00665;0.7219505;179.53331;0.0;-7.3453654e-25;99.99998;-7.345365e-21;0.0021398063;-0.20459853;0.00011920929;0.135988;0.13587624;0.0;0.0;2643.8367;3073.9934;-2192.165;4930.473;-142.12778;-412.8889
2010-12-08;-0.5300598;-10.21167;0.009991963;752.11224;0.71381086;124.77987;0.0;-7.3453654e-25;99.99998;-7.345365e-21;0.00042617318;-0.12295041;2.9802322e-05;0.13507903;0.13506413;0.0;0.0;2636.5127;3065.338;-2240.0793;4802.7466;-85.40889;-424.28
2010-12-09;-0.11058553;-11.679268;0.010012309;750.5147;0.70686203;173.07677;0.0;-7.3453654e-25;99.99998;-7.345365e-21;0.0008525035;-0.09825267;4.4703484e-05;0.13430417;0.13427436;0.0;0.0;2644.4639;3074.4377;-2316.1345;4707.187;-68.253334;-332.9889
2010-12-10;-1.1675009;-10.412068;-0.5441882;746.7466;0.70033795;236.58989;0.01570638;5.2452087e-06;100.83136;0.040690105;0.087603696;-0.049922615;0.00011920929;0.13358891;0.1334846;0.0;0.08545816;2339.8577;2720.16;-1791.1661;5248.19;-34.68;-486.65332
2010-12-11;-3.0230815;-5.0605063;-3.4512951;741.9875;0.83737373;180.3061;29.258951;0.0046522617;117.03384;35.52246;20.139715;-0.040633604;0.01232326;0.145033;0.13272464;0.0009071082;19.722454;608.585;783.98224;-344.345;6721.3794;-29.855556;-266.79
2010-12-12;-5.6095786;-6.687452;-4.1055665;738.60345;0.62959856;193.91237;100.0;0.047731597;117.26235;396.19955;42.744656;-0.09200163;0.0026375055;0.13460219;0.13196468;0.0;42.117447;126.365;540.13446;-322.87112;6433.217;-72.44111;-100.12666
2010-12-13;-9.738517;-11.871299;-11.628528;741.69824;0.7921686;127.98028;100.0;0.06543473;136.86815;480.95703;1.1401355;0.007845461;0.0;0.13121963;0.13121963;0.0;1.132138;610.05835;2609.3545;-831.1589;5164.765;6.22;-78.62889
2010-12-14;-10.237105;-11.880676;-12.617373;749.2305;1.0111527;185.07271;100.0;0.066242814;150.70831;440.14487;0.4263848;0.014528632;0.0;0.13048947;0.13048202;0.0;0.42166188;505.20667;2109.1912;-345.84723;5651.407;11.975555;-46.782223
2010-12-15;-7.9973044;-10.1848755;-11.972249;749.832;1.0448047;59.69644;100.0;0.066491246;154.11293;431.8441;0.008660754;0.02179481;0.0;0.12974441;0.12975186;0.0;0.007368624;721.52277;2940.2666;-1085.895;4857.621;18.11;-27.29889
2010-12-16;-9.357054;-16.426842;-15.927373;750.45294;1.0719949;217.37999;100.0;0.066526055;156.37694;425.2523;0.010603666;0.0001816079;0.0;0.12901425;0.1290068;0.0;0.009723008;752.9539;2988.9033;-902.1667;4730.6562;1.3666667;12.492222
2010-12-17;-4.916626;-12.908616;-14.782481;749.80646;0.7540097;308.88364;100.0;0.06655172;158.4098;419.96255;0.06592274;0.0030379742;0.0;0.1282841;0.1282841;0.0;0.065498054;789.50775;3054.8645;-729.56055;5041.9844;3.5955555;36.09111
2010-12-18;-3.7116559;-5.808065;-6.6835465;748.9888;0.61579317;188.24889;100.0;0.06975082;158.6341;439.00552;4.8207045;-0.007962808;0.0;0.12755394;0.12756884;0.0;4.5429916;497.10333;1929.3066;-195.91112;6440.4453;-5.408889;-52.374443
2010-12-19;-4.750417;-7.9845657;-7.3980713;751.25214;0.89071053;191.04964;100.0;0.071513176;162.14647;441.32486;0.015932322;-0.025722198;0.0;0.12686849;0.12685359;0.0;0.015072525;730.5628;2814.5867;-1129.3828;5231.5054;-18.192778;-48.886665
2010-12-20;-7.1430526;-12.990967;-13.716614;753.79126;1.1491212;36.9413;100.0;0.07152772;165.13734;433.431;0.0;0.0005820766;0.0;0.12615323;0.12615323;0.0;0.0;816.7233;3055.4744;-1120.0562;4668.4443;2.1533334;34.09
2010-12-21;-8.718511;-14.626251;-16.09249;755.07965;1.4481068;10.443765;100.0;0.07155462;167.19887;428.34473;0.0;0.013411976;0.0;0.12545288;0.12545288;0.0;0.0;848.5489;3098.3467;-1118.3966;4478.1157;12.033334;77.73222
2010-12-22;-9.289316;-16.006838;-16.672064;753.2547;1.6143861;13.161904;100.0;0.0715816;169.0244;423.99088;0.00086762983;0.005987473;0.0;0.12476742;0.12475997;0.0;0.0;875.0261;3120.2866;-1130.206;4424.72;6.2844443;94.153336
2010-12-23;-9.045602;-15.682353;-16.72481;750.1585;1.6205058;13.868217;100.0;0.07160711;170.7744;419.96255;0.00084859494;0.007856637;0.0;0.12408197;0.12407452;0.0;0.0;886.915;3090.5256;-1131.9427;4421.733;7.5944443;95.98333
2010-12-24;-9.821262;-15.558122;-16.676933;749.2761;1.4399556;13.043369;100.0;0.07163266;172.4951;415.60873;0.0008523463;0.014709309;0.0;0.12341142;0.12340397;0.0;0.0;917.58777;3126.1445;-1150.6361;4403.367;12.536667;63.34
2010-12-25;-10.328489;-16.740248;-17.046267;749.93097;1.4783598;7.653418;100.0;0.07165822;174.17088;411.41763;0.0;0.008124858;0.0;0.122740865;0.122733414;0.0;0.0;941.93;3138.899;-1231.0466;4279.9365;7.4755554;68.26556
2010-12-26;-11.496346;-20.97394;-19.418753;750.93427;1.6811701;34.492767;100.0;0.07167431;175.64613;408.04037;0.0008583068;-0.0033210963;0.0;0.12207031;0.12207776;0.0;0.0;1003.79443;3273.7434;-1409.4316;3863.9592;-1.4755555;125.65222
2010-12-27;-8.284627;-17.222908;-16.559174;752.77313;1.5674628;6.0288887;100.0;0.071680345;177.06541;404.90723;0.0;0.0066300854;0.0;0.12141466;0.12142956;0.0;0.0;966.75946;3086.4612;-899.98224;4762.177;5.2177777;84.62
2010-12-28;-4.3651123;-11.822406;-11.986806;753.81866;1.2864112;6.0439744;100.0;0.07169322;179.15004;400.4313;0.0012934206;0.012006611;0.0;0.12078881;0.12078881;0.0;0.0;989.36835;3094.141;-1107.2006;4918.521;9.404445;54.102222
2010-12-29;-3.2958171;-11.5381365;-11.549739;753.95734;1.057315;68.25879;100.0;0.07170427;181.541;395.34506;0.0008463859;-0.012693927;0.0;0.12014806;0.12015551;0.0;0.0;1001.69;3064.9756;-1193.9523;4838.73;-8.446667;59.467777
2010-12-30;-4.189382;-15.590557;-12.498692;751.5506;0.7441695;155.5732;100.0;0.07171265;183.73012;390.78775;0.13982654;-0.032056123;0.0;0.119522214;0.11951476;0.0;0.13633817;972.3889;2912.9534;-1024.0834;4922.56;-23.758888;32.154446
2010-12-31;-5.732839;-9.1308565;-7.649244;745.4785;0.5985058;130.5275;100.0;0.07832241;174.04588;449.78842;18.21627;-0.025741756;0.0;0.118881464;0.118888915;0.0;18.209066;296.40668;937.84;-17.165;6521.82;-19.936666;-22.783333
2011-01-01;-7.1310554;-8.243537;-6.196325;744.5454;0.9110746;216.57916;100.0;0.09514614;156.09406;609.0088;6.79307;-0.04396774;0.0;0.11827052;0.11827052;0.0;6.787647;544.405;2264.649;-571.67554;5983.16;-33.352222;-118.29
2011-01-02;-9.858887;-14.638432;-11.939565;747.77313;0.97332907;96.30939;100.0;0.097307205;158.96352;613.0371;0.016728044;-0.03165938;0.0;0.11764467;0.11765212;0.0;0.0150203705;761.18;3126.7566;-1412.6884;4405.327;-23.071112;-57.106667
2011-01-03;-11.107501;-20.458876;-19.893618;748.3121;1.236658;50.358418;100.0;0.09731432;161.64647;602.8239;0.0008702277;-0.0041816384;0.0;0.11703372;0.11704117;0.0;0.0;823.4439;3291.9512;-1176.5178;4037.446;-1.7888889;81.22667
2011-01-04;-8.175466;-15.309444;-16.072264;747.16064;0.9996107;52.2397;100.0;0.099409975;161.45213;615.4785;5.2815466;-0.00166893;0.0;0.11643767;0.11643767;0.0;5.178105;515.2472;2015.7222;-1.6333333;5842.5146;-0.4438889;34.293335
2011-01-05;-5.057953;-7.407987;-8.561997;746.69904;0.7760287;57.812565;100.0;0.10301483;161.89061;637.04425;0.37615895;-0.0023217872;0.0;0.11584163;0.11584163;0.0;0.32563508;700.74335;2808.1943;-651.50665;5748.31;-0.008888889;-65.37
2011-01-06;-7.8690085;-11.11589;-10.482147;749.7441;1.0347868;46.52008;100.0;0.103140034;166.62465;619.54755;0.03569722;-0.018248335;0.0;0.11524558;0.11524558;0.0;0.033121556;774.1311;3028.07;-1022.7156;5053.042;-12.475555;-71.25
2011-01-07;-10.041291;-13.802593;-13.904297;750.53687;1.2499412;24.277374;100.0;0.103161335;170.1341;606.68945;0.008375357;-0.0010244548;0.0;0.114649534;0.114656985;0.0;0.0062659383;830.25336;3170.1921;-917.68054;4878.1533;0.8144444;-36.092224
2011-01-08;-9.77871;-13.364142;-13.276401;748.2386;1.1323104;32.77986;100.0;0.10321224;173.13637;596.47626;0.11288524;-0.006556511;0.0;0.11406839;0.11407584;0.0;0.108862296;801.2522;2982.8132;-768.5122;5139.1724;-3.511111;-54.97333
2011-01-09;-9.466531;-12.7400675;-12.930972;745.5769;1.0793555;17.66574;100.0;0.10376084;175.39418;591.91895;0.95193386;0.00045634806;0.0;0.113502145;0.113494694;0.0;0.9282268;746.92444;2730.709;-805.3661;5119.8154;1.6988889;-40.33
2011-01-10;-10.063564;-13.43766;-13.395534;747.1857;0.95645434;45.560207;100.0;0.10453876;177.06671;591.06445;0.33190987;-0.00873208;0.0;0.112921;0.112921;0.0;0.3271103;794.60333;2881.5056;-945.39667;4889.1265;-5.3644443;-47.023335
2011-01-11;-13.311394;-17.214943;-15.328534;747.345;1.1283762;30.438135;100.0;0.10467982;179.45018;584.14716;0.105538964;-0.018110499;0.0;0.112354755;0.112354755;0.0;0.10160357;895.68054;3177.979;-1064.0272;4582.2124;-12.784445;-84.18667
2011-01-12;-14.009902;-19.105917;-17.468634;748.3315;1.4847822;17.531395;100.0;0.10475489;181.53416;577.9622;0.011149201;-0.01090765;0.0;0.11179596;0.11179596;0.0;0.010296702;989.00165;3434.97;-1362.2694;4059.45;-7.0255556;-22.642221
2011-01-13;-14.15459;-24.806015;-21.976645;747.6469;1.3949755;13.3648;100.0;0.10476363;183.18358;572.67255;0.0008553266;-0.0148154795;0.0;0.11123717;0.11123717;0.0;0.0;1060.5884;3600.5845;-1387.2561;3662.5662;-10.014444;79.85778
2011-01-14;-9.433272;-25.712317;-20.707;745.6081;0.97150594;162.08101;100.0;0.104761004;184.61293;568.278;0.0013154155;-0.025799498;0.0;0.110685825;0.110685825;0.0;2.9802322e-05;1073.8038;3565.9678;-1117.6616;4142.574;-18.89889;76.98556
2011-01-15;-9.289738;-18.632376;-15.943051;741.1364;1.3038923;20.264904;100.0;0.10505525;185.87108;565.59247;1.5368115;-0.02745539;0.0;0.11014938;0.11014938;0.0;1.5307479;737.665;2403.7378;-279.4411;5557.6245;-20.503334;23.95111
2011-01-16;-8.537433;-11.833775;-10.35456;744.6767;0.84636617;77.98298;100.0;0.10713438;184.87206;580.2002;0.7865131;-0.07500127;0.0;0.10961294;0.10959804;0.0;0.7835552;867.32446;2934.1956;-934.7811;5240.4233;-57.532223;-98.513336
2011-01-17;-11.217049;-17.730043;-15.661906;747.70776;1.0961567;45.989178;100.0;0.107246675;187.48631;572.67255;0.0017493962;-0.012964942;0.0;0.1090616;0.10906905;0.0;0.00046938658;1076.7406;3569.7644;-1474.28;4062.4978;-8.767777;-18.92
2011-01-18;-11.113808;-20.596176;-18.440874;746.12506;1.1005256;61.876423;100.0;0.10725006;189.43324;566.73175;0.00042617318;-0.014258549;0.0;0.10854006;0.10854006;0.0;0.0;1134.9534;3682.7588;-1381.0867;3990.0164;-9.7277775;30.626667
2011-01-19;-10.720729;-19.796999;-18.738132;744.57513;1.0916029;64.107;100.0;0.10725454;191.14027;561.6455;0.0021422165;-0.011820346;0.0;0.10801852;0.10801852;0.0;0.0;1167.85;3709.6233;-1322.1844;4061.7659;-7.8644443;27.666666
2011-01-20;-11.558948;-18.070765;-18.59321;747.17255;1.1208388;62.078934;100.0;0.10726718;192.81866;556.7627;0.0005394219;0.015304424;0.0;0.10749698;0.107489526;0.0;0.00010803342;1185.0278;3687.7056;-1346.0105;4046.2708;12.065556;4.2
2011-01-21;-10.120656;-19.65059;-18.207895;749.56134;1.1282383;57.822723;100.0;0.10727743;194.48761;552.04266;0.0008596826;0.00018067658;0.0;0.106975436;0.106975436;0.0;0.0;1238.1805;3775.9678;-1339.9456;4108.314;0.22777778;23.202223
2011-01-22;-8.798718;-18.728891;-16.949629;750.60547;1.1007644;43.59404;100.0;0.10727926;196.2516;547.11914;0.0021487467;-0.002546236;0.0;0.1064837;0.1064837;0.0;0.0;1258.8811;3764.0288;-1345.68;4224.1587;-1.8855555;23.184444
2011-01-23;-8.431381;-18.889898;-16.339087;750.38525;0.93665665;286.35562;100.0;0.107275166;198.12856;541.78876;0.00043511385;-0.009473413;0.0;0.10599196;0.10598451;0.0;0.0;1286.6823;3773.5322;-1446.5614;4149.7305;-7.5333333;-1.7288889
2011-01-24;-8.579842;-17.871008;-16.002129;750.0513;0.8586051;138.29726;100.0;0.107267894;199.96971;536.8245;0.0;-0.007953495;0.0;0.10550022;0.10549277;0.0;0.0;1238.0278;3562.0256;-1153.9695;4535.0396;-6.3255553;-15.856667
2011-01-25;-8.046784;-15.878963;-13.615825;747.6871;0.8038559;91.414696;100.0;0.10723913;202.06703;531.00586;0.0040322538;-0.046416186;0.0;0.10500848;0.10500848;0.0;0.0027529895;1337.4756;3777.159;-1305.9902;4561.421;-36.582222;-58.128887
2011-01-26;-6.5259185;-8.766248;-9.422623;745.9282;0.57313555;248.73985;100.0;0.10847362;201.12953;539.14386;2.2891343;-0.019355677;0.0;0.104516745;0.104524195;0.0;2.2848175;587.06;1690.6788;-73.10111;6379.5137;-15.287778;-70.861115
2011-01-27;-4.8543396;-5.5366044;-4.836305;747.0811;0.80083066;199.1551;100.0;0.1146212;195.64256;584.7168;15.373972;-0.08731987;0.0;0.10405481;0.10403991;0.0;15.317477;586.6839;1815.4277;-227.48528;6582.2056;-68.65444;-172.20778
2011-01-28;-4.9265466;-6.0458717;-4.307298;747.5371;0.91535735;212.50099;100.0;0.1329174;180.06866;737.1419;13.268578;-0.07560477;0.0;0.10356307;0.10356307;0.0;13.032816;510.1189;2106.5566;-331.81778;6454.0615;-59.38111;-132.38445
2011-01-29;-5.077952;-5.9031677;-4.2745323;743.5115;1.1493601;204.6833;100.0;0.14248939;179.78285;792.3177;6.3931775;-0.10928139;0.0;0.10308623;0.10308623;0.0;6.362017;394.65555;1658.2211;-166.46333;6631.55;-85.11;-167.63333
2011-01-30;-4.5483704;-5.260447;-3.6738193;740.93976;0.6058267;165.75746;100.0;0.15654011;176.6419;883.138;30.58641;-0.07837266;0.0;0.1026243;0.10261685;0.0;30.27473;360.00333;1526.1067;-203.42166;6660.991;-60.89111;-136.22112
2011-01-31;-6.268988;-7.6997743;-4.6421065;737.83203;0.75959367;199.72087;100.0;0.19036154;162.75487;1167.0328;19.677315;-0.10794774;0.0;0.10213256;0.10213256;0.0;19.637444;578.1739;2514.672;-583.72943;6093.247;-83.21778;-178.04
2011-02-01;-9.416877;-10.950543;-7.5299172;737.35333;1.0683216;185.74658;100.0;0.20734246;162.01659;1279.7445;10.137052;-0.088581815;0.0;0.10165572;0.10167062;0.0;10.125734;779.17834;3380.79;-872.6606;5464.9556;-67.69444;-212.78667
2011-02-02;-12.141276;-15.315071;-11.715524;739.00757;0.74113184;119.82166;100.0;0.21002989;168.96059;1244.8324;0.3856451;-0.06436184;0.0;0.101193786;0.10120869;0.0;0.37512928;875.27;3711.2556;-1260.0756;4580.1226;-48.49;-167.14223
2011-02-03;-13.013458;-20.650833;-17.005877;743.63055;0.873828;155.09996;100.0;0.2104696;174.05629;1210.4899;0.31528175;-0.028626993;0.0;0.10074675;0.10074675;0.0;0.31398982;1033.9166;4276.1343;-1483.9384;3873.2715;-20.227777;-71.905556
2011-02-04;-13.111066;-16.755877;-18.121752;744.82587;0.9811545;195.70619;100.0;0.21127892;177.20995;1192.9932;1.5847565;0.012080185;0.0;0.100284815;0.100277364;0.0;1.5809983;716.3728;2891.38;-373.37277;5217.388;10.5;-50.781113
2011-02-05;-12.687114;-20.576889;-17.160324;745.52496;1.1618608;146.78635;100.0;0.2121131;180.62238;1175.9033;0.015804172;-0.03395602;0.0;0.09982288;0.09982288;0.0;0.01494959;1088.9373;4328.0166;-1348.9944;4101.9683;-24.186666;-68.454445
2011-02-06;-8.700112;-19.70619;-18.773178;746.33594;0.90781814;294.22452;100.0;0.21211493;184.41795;1151.6927;0.00044703484;-0.02977252;0.0;0.09936094;0.099375844;0.0;0.000461936;1140.5728;4418.1523;-1162.2078;4235.188;-20.692223;6.2377777
2011-02-07;-8.499993;-14.41866;-17.568153;744.46906;0.89006495;181.48645;100.0;0.21213154;188.07289;1129.4352;0.004717707;0.00882335;0.0;0.09891391;0.09891391;0.0;0.0021383166;1119.7567;4231.601;-1078.0022;4481.2554;9.004444;-14.637777
2011-02-08;-9.553161;-17.731964;-17.656921;744.2872;1.251839;26.088884;100.0;0.21216233;191.75453;1107.8287;0.0012814989;-0.014653429;0.0;0.09846687;0.098474324;0.0;7.4505806e-06;1238.6106;4566.7954;-1354.7428;4123.7007;-8.664444;19.974445
2011-02-09;-8.953486;-18.190084;-18.041803;742.01514;0.99688387;185.17036;100.0;0.21218097;195.18422;1088.501;0.0018298624;-0.009628944;0.0;0.09803474;0.09801984;0.0;0.00010803342;1284.3334;4623.4355;-1391.4022;4050.1282;-5.4605556;9.263333
2011-02-10;-8.698254;-13.003677;-17.475115;738.38477;0.82083154;297.9476;100.0;0.21231377;198.27179;1071.5739;0.9873649;0.024417415;0.0;0.097587705;0.097587705;0.0;0.98468363;1259.6194;4431.4004;-929.2472;4684.5312;20.575556;-37.326668
2011-02-11;-10.57377;-13.623469;-13.660713;737.7862;1.1415697;171.64638;100.0;0.2167768;195.83885;1106.8115;6.8010364;-0.027548522;0.0;0.09715557;0.09716302;0.0;6.6765547;999.7672;3621.8188;-856.9489;5117.1094;-20.338333;-120.774445
2011-02-12;-10.62724;-22.624315;-16.641594;742.55194;0.9547058;189.29292;100.0;0.22036462;195.71222;1127.2787;0.002584552;-0.04884042;0.0;0.09673834;0.09672344;0.0;2.9802322e-05;1243.0817;4760.43;-1639.1744;3755.2415;-36.003334;-52.232224
2011-02-13;-9.962405;-16.204628;-18.115156;742.5002;0.7016775;275.07416;100.0;0.22038428;199.08266;1108.1136;0.13750792;-0.0015925616;0.0;0.0962913;0.096298754;0.0;0.13235956;1255.465;4689.197;-1114.9756;4355.403;0.44111112;-70.77778
2011-02-14;-9.148503;-10.642631;-14.274642;742.5107;0.8852046;214.12947;100.0;0.22096522;201.86554;1095.8252;1.2117624;0.018823892;0.0;0.09587407;0.09587407;0.0;1.208257;921.9106;3384.7417;-222.78583;5869.312;15.852222;-102.20111
2011-02-15;-7.607933;-8.667469;-9.700284;739.1539;1.047415;211.39307;100.0;0.22945301;198.5309;1153.7272;23.94222;-0.008208677;0.0;0.09545684;0.09545684;0.0;23.934938;499.81888;1887.0089;37.63111;6501.099;-5.917778;-97.81
2011-02-16;-5.629027;-6.411133;-6.533821;739.33417;1.1129397;215.71043;100.0;0.2559919;186.67316;1371.1752;11.889521;-0.031212345;0.0;0.095039606;0.09504706;0.0;11.882137;402.31668;1733.7056;-83.83583;6592.49;-23.605556;-110.48889
2011-02-17;-5.3579955;-6.6883683;-6.07975;743.9731;1.1117097;213.17119;100.0;0.2600061;195.53514;1332.0719;0.88477135;-0.05235523;0.0;0.094652176;0.094637275;0.0;0.8779317;1039.9172;4431.322;-1040.914;5481.483;-37.85889;-176.19667
2011-02-18;-7.4652176;-10.44717;-8.459491;746.3916;0.8308585;223.49599;100.0;0.26025903;204.52406;1274.292;0.005251169;-0.06556697;0.0;0.09420514;0.09422004;0.0;0.0043958426;1164.3428;4820.1865;-1406.5131;4772.934;-47.671112;-187.08778
2011-02-19;-6.544969;-10.727481;-10.877288;746.0586;0.86166185;159.11763;100.0;0.26030147;211.04652;1234.3344;0.8619726;-0.033218414;0.0;0.09381771;0.09380281;0.0;0.8595698;1107.8239;4464.242;-1015.2778;5064.683;-22.616667;-95.04889
2011-02-20;-5.269877;-6.025706;-8.178294;739.7324;0.861213;208.11562;100.0;0.28630856;195.77081;1459.1064;33.017338;0.019503757;0.0;0.09340048;0.09340048;0.0;32.613758;396.62167;1720.2922;82.492775;6701.9688;16.223333;-52.627777
2011-02-21;-4.415731;-5.1240945;-4.929016;741.8274;0.9512771;204.19652;100.0;0.30600968;195.94691;1562.3373;11.519551;-0.04544109;0.0;0.09299815;0.09299815;0.0;11.4704075;562.5511;2436.1555;-189.44194;6653.299;-34.06333;-148.36722
2011-02-22;-4.226471;-5.9267564;-4.1998863;747.991;0.8204718;176.32494;100.0;0.31018293;207.18031;1499.8779;1.2469828;-0.1536198;0.0;0.092595816;0.092603266;0.0;1.2325011;922.51776;3914.9766;-731.975;6016.4653;-117.00667;-197.95334
2011-02-23;-2.6723633;-5.1504416;-4.3299356;749.6577;0.68353516;98.213234;100.0;0.31075191;218.4121;1425.1709;0.6328404;-0.09706803;0.0;0.092193484;0.092200935;0.0;0.5974546;933.6222;3826.4382;-849.5403;5905.4023;-72.51222;-145.98555
2011-02-24;-3.1590679;-5.320933;-5.08446;748.9926;0.6779161;102.46116;100.0;0.31910443;222.416;1435.1807;9.532496;-0.056483783;0.0;0.091806054;0.09179115;0.0;9.1298;964.2589;4050.4407;-903.0575;5727.1924;-40.616665;-155.67334
2011-02-25;-2.9572651;-8.103536;-5.489817;748.3587;0.87948257;58.863445;100.0;0.32087696;230.42738;1394.5719;0.052783724;-0.08860137;0.0;0.09140372;0.09139627;0.0;0.045333058;1081.725;4377.8115;-993.49304;5636.028;-64.70333;-143.53223
2011-02-26;-3.4779155;-6.594208;-5.66243;742.4047;0.77917475;137.83534;100.0;0.32862225;233.58266;1406.3721;18.319546;-0.04424341;0.0;0.09101629;0.09100139;0.0;16.828045;703.3456;2756.0989;-527.69556;6137.4224;-32.516666;-77.886665
2011-02-27;-4.0382285;-5.5405273;-4.3937225;744.95953;0.8755903;207.39656;100.0;0.34010053;234.35577;1453.2877;1.409784;-0.14350377;0.0;0.09061396;0.09061396;0.0;1.3804846;935.14777;3923.0754;-602.9653;6188.7153;-109.19556;-202.99667
2011-02-28;-3.4089253;-5.0441513;-3.8856812;746.2259;0.6106333;104.29005;100.0;0.34319535;241.0768;1424.1129;8.47879;-0.12825057;0.0;0.09024143;0.09024143;0.0;8.163005;1060.3811;4302.9688;-691.4328;6170.842;-96.435555;-213.42444
2011-03-01;-3.8969524;-5.7334595;-3.859267;746.6341;0.76382464;72.85221;100.0;0.35151163;243.44823;1445.1498;5.1601815;-0.12659468;0.0;0.0898391;0.0898391;0.0;4.847169;937.0994;3871.496;-943.78723;5789.8506;-95.8;-178.02333
2011-03-02;-5.852385;-10.031841;-5.966459;747.55096;0.8084486;81.86617;100.0;0.35443807;249.37694;1423.2992;0.48305812;-0.17269142;0.0;0.08945167;0.08945912;0.0;0.4621409;1235.5455;5007.266;-1327.6089;5084.292;-130.48445;-239.30112
2011-03-03;-8.451366;-12.257545;-8.694566;746.2211;1.1659899;25.15594;100.0;0.35658178;252.65297;1412.4349;2.865845;-0.13765879;0.0;0.08909404;0.08908659;0.0;2.84769;970.19275;3922.2922;-1305.29;4823.9077;-105.16778;-127.03555
2011-03-04;-9.397872;-16.302904;-12.385796;745.4975;1.0332147;92.64523;100.0;0.35744023;256.1058;1397.0541;0.0016629692;-0.076356344;0.0;0.08870661;0.08870661;0.0;0.00037252903;1476.4791;5826.5176;-1800.4686;3945.195;-55.29;-151.10445
2011-03-05;-8.859089;-19.041773;-14.540114;745.3697;0.84755856;131.35237;100.0;0.35741863;259.50717;1378.9469;0.0017216607;-0.07649697;0.0;0.08833408;0.08832663;0.0;0.0;1536.0183;5909.737;-1647.6923;4004.2646;-55.423332;-118.708885
2011-03-06;-6.5557747;-11.125834;-14.55585;747.29315;1.0087318;255.56683;100.0;0.3575231;262.32422;1364.2172;1.012528;-0.0038091093;0.0;0.087961555;0.087954104;0.0;1.0037906;1568.2084;5884.3457;-1270.7836;4551.085;0.56222224;-94.49611
2011-03-07;-5.4703064;-6.4153748;-11.00405;747.9831;0.6685206;185.52672;100.0;0.37491313;247.38182;1513.9567;41.23588;0.03341213;0.0;0.087589025;0.087596476;0.0;40.73576;457.01736;1852.5542;178.01973;6610.001;26.804445;-37.47
2011-03-08;-4.30661;-5.096975;-5.9778237;745.93085;0.38221082;188.34401;100.0;0.42915583;216.68129;1977.2543;52.682957;-0.00092573464;0.00046938658;0.087708235;0.0872463;0.0;49.93718;310.84662;1340.7994;10.844444;6788.921;-0.104444444;-57.11889
2011-03-09;-4.099131;-6.037018;-3.8123016;745.4675;0.7077313;156.75919;100.0;0.46637967;213.7171;2184.3262;24.165445;-0.116080046;0.0033676624;0.090271235;0.08689612;0.041928142;23.021725;669.9797;2894.6177;-400.81946;6453.16;-88.97667;-175.05444
2011-03-10;-5.379669;-7.233443;-3.6964798;743.32135;1.344436;189.73561;100.0;0.48854908;220.65265;2218.0176;14.226288;-0.24526101;0.0;0.086545944;0.08653849;0.0;13.908967;1109.0753;4772.8843;-824.57556;5950.193;-188.59889;-326.72446
2011-03-11;-7.5163217;-9.16549;-5.3591714;744.9976;1.1188713;190.64735;100.0;0.499987;229.05956;2185.7502;9.92282;-0.19552279;0.0;0.08618832;0.08618832;0.0;9.849656;838.5886;3546.8674;-683.9669;5883.5474;-151.20555;-291.94333
2011-03-12;-6.529232;-10.848995;-6.664637;747.22284;0.77631235;131.17221;100.0;0.5045376;238.16014;2122.9656;0.8637965;-0.1835376;0.0;0.08583069;0.08583069;0.0;0.80269575;1327.142;5572.8555;-1232.2261;5209.0176;-138.5389;-262.3639
2011-03-13;-7.211496;-12.202839;-8.45702;747.66693;1.0444995;31.38531;100.0;0.50737137;245.12108;2072.6726;2.578427;-0.10868814;0.0;0.08545816;0.08547306;0.0;2.564866;1345.0259;5603.0654;-1380.5444;4847.972;-79.93445;-215.34584
2011-03-14;-8.39358;-13.51863;-10.03376;751.7563;1.8665649;31.536728;100.0;0.5079712;252.2783;2016.3981;0.23125112;-0.23767632;0.0;0.08510798;0.08510798;0.0;0.22690743;1412.7903;5751.26;-1303.2295;4810.948;-181.82889;-193.64333
2011-03-15;-8.222039;-16.104164;-11.628398;755.26263;1.4551433;21.169363;100.0;0.5079466;258.4977;1967.5293;0.0041135526;-0.09830203;0.0;0.084757805;0.084757805;0.0;0.002387911;1597.2214;6323.202;-1700.1642;4210.6846;-71.471664;-167.95723
2011-03-16;-3.5994213;-17.896349;-12.498069;754.2881;1.0529177;63.683437;100.0;0.5079166;263.63477;1929.0771;0.0;-0.10572001;0.0;0.08440018;0.08440018;0.0;0.0;1690.3875;6521.985;-1532.0756;4442.3193;-76.37778;-58.857777
2011-03-17;-2.4662983;-15.532555;-11.530694;751.71136;1.0239505;72.964424;100.0;0.507882;268.53125;1893.3512;0.0004412074;-0.110108405;0.0;0.08404255;0.08405;0.0;0.0;1730.1202;6511.0254;-1518.7478;4582.1284;-79.812775;-75.577225
2011-03-18;-0.57129925;-12.219791;-10.059272;752.0742;1.0464257;88.414986;100.0;0.50785285;273.5189;1859.0494;0.0004351138;-0.05251076;0.0;0.08371472;0.08370727;0.0;0.0;1662.669;6107.249;-1207.3467;5152.7085;-38.94;-78.59055
2011-03-19;0.80759686;-7.246155;-7.0941415;750.69434;0.94804436;97.36498;100.0;0.5078442;279.1312;1821.7367;0.023457408;-0.03330782;0.0;0.0833869;0.0833869;0.0;0.0;1493.887;5359.85;-892.69;5767.7812;-24.078333;-103.59778
2011-03-20;1.1953939;-8.312184;-5.129715;750.87225;0.8650426;74.91395;100.0;0.50783294;285.6852;1780.0293;0.0031340618;-0.080483034;0.0;0.08305907;0.08305907;0.0;0.0;1677.1324;5828.24;-1213.9634;5527.709;-60.73111;-136.79666
2011-03-21;-0.34276327;-4.540741;-2.7973938;749.7255;0.73602754;203.87164;100.0;0.5097824;292.57812;1744.9137;4.136458;-0.07340498;0.0046640635;0.08738041;0.08273125;0.011261553;2.0034685;1018.33;3395.0083;-674.6922;6272.676;-54.145557;-91.80444
2011-03-22;-0.9267578;-3.9519348;-1.5431646;747.0798;0.69335765;151.1439;100.0;0.51502126;299.04233;1723.7549;13.624057;-0.14517736;0.0539124;0.13631582;0.08239597;0.49369222;9.035155;1394.7372;4523.4883;-841.2778;6176.8154;-109.29222;-172.93527
2011-03-23;-2.959554;-4.1358542;-0.5914205;743.3757;0.7501447;222.062;100.0;0.5289372;297.62564;1779.541;7.0759654;-0.34681335;0.042319298;0.12436509;0.082068145;0.45293197;6.1770415;1405.0616;4957.4795;-803.1389;6293.2417;-267.43;-405.88333
2011-03-24;-4.465017;-6.691274;-0.90431595;743.6923;1.0079218;218.19539;100.0;0.53573924;300.02896;1787.15;9.963828;-0.5672965;0.0027865171;0.08451939;0.08173287;0.010931864;9.622562;1634.836;5401.11;-1136.0278;5823.1846;-440.50778;-515.5867
2011-03-25;-4.2564087;-9.373332;-1.9218928;745.6374;0.89470345;125.96285;100.0;0.54159755;301.47037;1799.7233;0.01562699;-0.50686115;0.0;0.08140504;0.08139759;0.0;0.013913959;1924.6405;6540.828;-1697.4664;5059.052;-390.39557;-402.39334
2011-03-26;-2.1854146;-10.851432;-3.8406422;751.1648;1.0435514;73.24941;100.0;0.5413514;308.15918;1759.8877;0.00042617318;-0.26419014;0.0;0.08106232;0.08106232;0.0;0.0;2243.5027;7025.809;-2119.0095;4481.0225;-198.26889;-198.16888
2011-03-27;-0.736613;-10.761989;-4.6017547;752.16534;0.8670871;121.96601;100.0;0.541219;313.71616;1728.3121;0.0012920166;-0.22573955;0.0;0.08071959;0.08071959;0.0;0.0;2335.584;7103.4795;-2082.3398;4514.117;-168.04556;-152.5689
2011-03-28;-1.4487203;-6.871071;-4.3662276;750.7065;0.9520848;161.30638;100.0;0.54107225;318.99512;1699.5443;0.0012934206;-0.19979477;0.0038594007;0.084251165;0.08037686;0.062493607;0.0;2308.935;6830.0044;-1857.5562;4815.1816;-148.97112;-178.75223
2011-03-29;-2.0031025;-7.6226296;-3.8003895;751.1213;1.0170828;116.82911;100.0;0.5407897;324.2526;1671.7529;0.000590086;-0.32707304;0.00987947;0.08991361;0.08004904;0.15676767;0.0;2375.1472;6841.598;-1814.9634;4901.6064;-248.72888;-209.78111
2011-03-30;-1.019867;-6.7898355;-3.002477;753.27704;0.9790611;83.26655;100.0;0.5403297;329.667;1643.8395;0.0008523463;-0.24175271;0.026017427;0.10573864;0.07972866;0.39038247;0.0;2502.2322;7034.755;-1867.7369;4925.749;-180.75555;-204.90334
2011-03-31;-0.3407084;-5.4636536;-1.8641485;754.10834;1.0353607;126.44352;100.0;0.539464;335.88736;1611.735;0.0033020973;-0.23058337;0.08457899;0.16394258;0.07939339;1.067318;0.0;2573.7778;6912.637;-1787.5355;5115.5806;-171.70222;-218.73
2011-04-01;0.9319255;-6.1998596;-0.72301227;755.29095;1.0428541;100.62788;100.0;0.5380248;344.4131;1567.8304;0.0;-0.25830603;0.12885034;0.2079159;0.07906556;1.4980958;0.0;2759.2078;6891.605;-1740.9447;5291.359;-191.69778;-200.49777
2011-04-02;2.032359;-5.236328;-0.2698733;754.4737;1.0376345;74.74572;100.0;0.5319429;352.8903;1512.9801;0.010356914;-0.26457196;0.8518249;0.9305626;0.078730285;9.672347;0.0;2889.1238;6782.0645;-1554.1239;5673.0356;-195.24333;-192.02444
2011-04-03;1.436442;-5.524231;-0.25654092;751.78864;1.2267143;88.160225;100.0;0.52291065;360.15982;1456.9906;1.4012307;-0.33946896;0.84156543;0.9199828;0.07840991;8.390397;0.0;2693.8254;6032.1064;-1385.1781;5808.697;-253.72556;-139.12222
2011-04-04;1.5426432;-1.1775208;-0.026162466;747.1631;0.8133764;76.936226;100.0;0.5145621;364.49936;1414.7949;25.318504;-0.18415041;3.3988059;3.4769177;0.078096986;14.933807;9.908434;2225.9177;4806.285;-571.08417;6848.814;-133.77333;-175.265
2011-04-05;-2.1251934;-3.3794658;-0.12723286;745.1309;0.9275177;120.09677;100.0;0.52053577;349.91568;1491.2109;6.6681747;-0.2677478;0.7096529;0.78745186;0.07779896;3.748715;4.621338;1204.4661;4067.814;-879.3589;6202.2354;-202.45222;-255.93639
2011-04-06;-2.3119404;-3.7502441;-0.3192965;744.0173;0.8726904;165.65105;100.0;0.5205986;353.9912;1474.9349;2.3467183;-0.45707914;0.024437904;0.101953745;0.07751584;0.18578395;1.6905665;1756.0233;5257.1655;-787.88086;6371.3965;-348.29556;-392.51443
2011-04-07;-0.9373779;-2.8737183;-0.13382721;746.38916;0.8265157;241.32526;100.0;0.5183824;358.67123;1449.5443;0.6398618;-0.52445567;0.7904172;0.8676499;0.07723272;5.555876;0.36422536;2069.2178;5718.989;-838.76666;6409.7153;-398.62778;-341.0814
2011-04-08;-1.9868978;-2.6702576;-0.15033722;745.51587;1.052472;219.24849;100.0;0.51987743;358.4414;1452.8402;10.358721;-0.31994843;0.1938343;0.2707988;0.0769645;0.9745285;9.067364;1165.4628;3301.547;-506.7328;6670.1255;-245.43;-308.27863
2011-04-09;-1.3246053;-2.140625;-0.061963398;743.40454;1.526709;209.50008;100.0;0.52535814;354.59604;1484.4564;6.559193;-0.48748684;0.6554127;0.73209405;0.07670373;2.8897152;4.055291;1607.6912;5054.343;-466.18805;6801.5957;-372.59778;-453.57443
2011-04-10;-1.7309469;-2.2406414;-0.033917744;743.06665;1.2443815;205.82613;100.0;0.53422093;345.6888;1545.8984;27.744482;-0.3169356;1.0295286;1.105994;0.07645041;3.5652778;23.182068;957.07666;3280.2405;-235.48473;7003.291;-242.76445;-349.78333
2011-04-11;-2.0401611;-2.7937725;-0.091926575;742.3694;1.0349606;201.04756;100.0;0.561579;318.67514;1762.085;32.297318;-0.31704828;0.81159174;0.8878112;0.07621944;2.3553224;28.052505;1148.3678;4568.599;-492.60056;6699.3545;-239.56334;-361.6986
2011-04-12;-2.8805034;-3.8693645;-0.14342499;738.6987;1.4288324;186.19788;100.0;0.58963376;301.87045;1953.9388;35.628407;-0.3836304;0.80902874;0.88502467;0.07600337;1.226373;30.534073;853.01447;3351.3384;-366.35083;6767.231;-294.7311;-376.27335
2011-04-13;-6.450724;-8.399667;-0.97539777;743.7568;1.5405263;221.4557;100.0;0.6108791;295.22427;2072.347;4.5096455;-0.7058196;0.0;0.07580221;0.07580966;0.0;4.4746103;1534.5228;5874.669;-1051.65;5716.3154;-543.24;-697.043
2011-04-14;-3.0130322;-9.763045;-1.9228605;749.0247;0.90232855;93.35662;100.0;0.61192155;303.16568;2021.932;0.004658103;-0.5517686;0.0;0.07562339;0.07562339;0.0;0.003799796;2321.2317;7736.6597;-1971.0264;4803.943;-413.71335;-363.62778
2011-04-15;-0.8995463;-6.896342;-2.5425174;750.0689;0.96344686;169.1499;100.0;0.61170113;311.08627;1969.3604;0.0020888983;-0.40645245;0.0;0.07542968;0.07544458;0.0;0.0;2547.4106;7790.086;-1952.6664;4837.2646;-299.455;-192.28444
2011-04-16;0.97461957;-4.1302185;-1.4084015;752.05914;1.0535365;243.38875;100.0;0.61143976;319.77734;1915.2832;0.035404634;-0.4195962;0.030495226;0.10576844;0.075273216;0.20360947;0.0;2687.1006;7587.1313;-1668.5322;5296.796;-309.65887;-183.8211
2011-04-17;2.6877644;-1.2869467;-0.4270757;753.8509;1.2168783;247.44945;100.0;0.6085403;330.03677;1847.0459;2.7576597;-0.4296787;1.2532622;1.3283789;0.075124204;6.0023518;0.0;2732.515;7023.69;-1454.8439;5704.431;-318.415;-127.55556
2011-04-18;4.238373;-3.0175273;-0.2490514;754.03424;1.1233706;206.08362;100.0;0.5989192;338.9362;1770.3043;0.08843839;-0.40574932;2.1261425;2.2011101;0.07497519;12.287926;0.0;3163.4822;7579.5195;-1567.4355;5648.8013;-295.1489;-126.97667
2011-04-19;5.815867;-4.0000205;-0.2063586;751.25;0.9186701;207.37703;100.0;0.5849262;346.5244;1690.9994;0.00462234;-0.40427503;2.9471219;3.060758;0.11365116;14.874279;0.0;3330.3533;7575.5244;-1383.4573;5931.634;-292.69724;-134.89111
2011-04-20;1.6681824;0.5190735;-0.04914983;747.37885;0.76391745;199.01588;100.0;0.57757324;351.92807;1642.8629;18.876362;-0.012692064;5.3394585;5.4519324;0.112473965;7.354241;1.1469052;779.87836;1792.2167;33.241943;7359.8706;-6.991667;-62.503334
2011-04-21;3.0666707;-1.0886027;-0.003609975;749.14996;0.83155125;151.4481;100.0;0.5631158;356.03677;1583.8217;7.303506;-0.39475876;6.7266226;6.8719983;0.14539063;18.880867;0.0;2911.6133;6448.4985;-752.9489;6715.47;-290.05612;-211.30222
2011-04-22;1.4612732;0.7567749;0.009955089;746.68384;0.8575849;80.730446;100.0;0.5521839;360.0104;1535.6039;57.707012;-0.03270991;20.816729;23.75184;2.935119;7.495016;0.057399273;526.92834;1128.235;206.87222;7573.6157;-24.207777;-30.805555
2011-04-23;-0.36249796;-1.3981425;-0.045087177;747.8309;0.8014434;192.38896;100.0;0.54223627;362.6224;1496.7855;5.4492054;-0.3413232;5.1983743;6.0079694;0.80960244;11.994098;1.0328777;2098.2822;4535.8433;-774.26306;6515.7695;-257.3322;-267.53333
2011-04-24;0.5368449;-3.4993694;-0.18141429;748.7366;0.98956686;90.78147;100.0;0.529813;366.87466;1445.8008;0.087076426;-0.6939052;4.6214013;4.9713254;0.34991652;13.740215;0.008046627;3407.2356;7293.5967;-1525.2117;5694.164;-523.0389;-336.61584
2011-04-25;1.5935364;-4.836914;-0.27125296;748.2244;1.0577182;90.247734;100.0;0.51647;373.48404;1384.8877;0.101947784;-0.6155232;4.4987946;4.6764464;0.1776442;12.974931;0.0027492642;3857.0928;8058.773;-1798.5573;5397.78;-457.33334;-195.23555
2011-04-26;-0.12263998;-2.4262593;-0.14566295;747.11395;0.7046065;118.16122;100.0;0.50764036;378.4987;1342.2445;5.2937746;-0.3027031;3.3875704;3.5157502;0.12817234;8.160923;1.2264885;1999.735;4258.9263;-739.73444;6498.0596;-227.17555;-191.71777
2011-04-27;1.4824524;-2.3596191;-0.10522461;749.78925;0.92948127;90.4838;100.0;0.4951721;382.27505;1297.0377;0.010130519;-0.66737735;5.6993365;6.008491;0.30914694;16.428642;0.007875264;3520.1262;7481.9;-1368.1661;5953.2656;-500.7;-308.8139
2011-04-28;3.4721882;-2.4413555;-0.17338943;749.3303;0.8422591;120.797035;100.0;0.47771072;387.4684;1234.9854;0.12396276;-0.39254594;7.4924974;8.746296;1.2537986;18.297888;0.0;3852.5862;8003.079;-1651.895;5650.418;-281.7322;-182.99556
2011-04-29;3.4820454;0.97180176;-0.06813431;747.1609;0.74874026;212.05635;100.0;0.46123257;392.1852;1177.5309;5.5549173;-0.18636696;7.882252;8.669153;0.7869005;16.726896;0.0;2437.3157;4968.419;-477.40054;6955.588;-131.67334;-139.44
2011-04-30;1.7241312;0.7880249;0.007508596;744.9423;0.6807289;66.141884;100.0;0.44992685;394.7767;1140.3809;20.398518;-0.0066012144;11.301435;12.726217;1.4247745;8.496378;0.0006854534;743.88165;1493.2211;75.01833;7448.1743;-2.8544445;-33.763332
2011-05-01;1.0092264;0.3460795;-0.02341207;746.20526;0.69164294;135.08556;100.0;0.43867028;396.4297;1107.2592;7.5922103;-0.08164812;8.340836;9.766862;1.4260262;12.961685;0.03927201;1538.1956;3059.766;-336.68054;7021.9644;-57.706665;-124.85333
2011-05-02;1.9917603;0.41123453;-0.02939733;749.2177;0.92052555;155.89824;100.0;0.42325625;399.19955;1061.4828;1.7732995;-0.31932443;7.395834;8.095354;0.69952756;17.516058;0.0;2658.2988;5257.8477;-472.77057;6995.3193;-236.01666;-194.9289
2011-05-03;1.9621277;-0.11106364;-0.06291834;748.2098;0.96751994;115.297485;100.0;0.40267196;401.26108;1004.8828;2.3468077;-0.34397468;9.520083;10.482252;0.9621754;21.537867;5.2154064e-05;3204.1655;6296.5312;-1173.5117;6183.5967;-251.87889;-215.22556
2011-05-04;2.8983052;-0.48991904;-0.16901398;749.4555;1.0494246;179.74687;100.0;0.3832427;406.15854;945.2718;0.18547484;-0.5419347;8.299008;9.817213;1.5181973;19.603271;0.0016130507;3995.8132;7810.421;-1225.7108;6168.1445;-399.80444;-286.89777
2011-05-05;3.392873;2.7838135;-0.0070699058;750.09424;0.9277477;229.5932;100.0;0.36365458;410.23373;887.7767;10.262341;-0.03826525;12.2148695;14.585376;2.3705363;19.627958;0.0;2139.8323;4160.9854;-162.8339;7352.9556;-19.54889;-123.68222
2011-05-06;1.9754639;0.48112997;-0.06295522;749.92316;1.1964837;214.12086;100.0;0.34228262;412.2959;831.8278;7.996307;-0.2901433;12.56308;14.087915;1.5248284;22.58803;0.00032037497;3166.0588;6139.7266;-952.11053;6446.6934;-210.16888;-211.01111
2011-05-07;2.3763936;-0.41731772;-0.14260483;748.659;1.1416327;101.00143;100.0;0.32201326;416.64224;774.41406;4.219651;-0.43017602;9.842187;11.755764;1.9136071;19.506678;0.00010803342;3416.84;6610.703;-1095.3717;6289.11;-316.44778;-210.81
2011-05-08;2.8113606;-0.33618164;-0.16805904;748.5975;1.1308573;159.45685;100.0;0.30376437;421.3226;722.2087;1.4000683;-0.442693;7.7766776;9.595007;1.8183291;17.953127;0.008951873;3010.0823;5811.9985;-1007.33276;6346.5957;-328.8211;-162.52333
2011-05-09;3.4769795;0.04566447;-0.20730591;749.61206;1.086486;114.58664;100.0;0.28403068;427.06802;666.626;1.6389498;-0.44199917;9.366095;12.296141;2.9300451;20.508587;0.0;3673.0488;7084.3145;-1240.2042;6124.45;-324.30112;-194.06667
2011-05-10;5.3213296;-0.5786641;-0.23794301;751.24274;1.1199068;105.54052;100.0;0.26234698;433.89908;606.5267;0.04194975;-0.43135136;9.333163;12.20569;2.8725193;22.189972;0.0;4034.8179;7771.507;-1554.4194;5847.124;-311.32666;-120.87334
2011-05-11;7.2772927;-1.3825684;-0.25920358;750.53076;0.96885794;126.281975;100.0;0.23878717;441.02994;543.49774;0.6634325;-0.37738308;11.138722;14.999643;3.8609207;24.514284;0.0;4109.91;7907.0967;-1480.9734;5916.713;-267.2189;-107.74111
2011-05-12;7.036682;-1.7107443;-0.2721176;749.32715;1.4296414;184.6187;100.0;0.21449542;447.56934;480.75357;0.06430745;-0.6518578;10.080994;14.6928425;4.6118793;23.705694;0.0;4137.699;7953.7793;-1438.8306;5966.567;-482.41833;-39.453335
2011-05-13;3.5250957;-2.7820435;-0.28508377;747.4414;1.761798;189.82552;99.5236;0.19354212;449.02734;431.55923;4.538417;-1.013781;8.27223;14.147907;5.875677;18.54428;1.0859333;4015.6506;7705.3066;-1473.2336;5847.26;-769.81445;-98.293335
2011-05-14;0.36195883;-2.3940125;-0.30193076;746.55817;1.1234722;105.449684;98.30306;0.18069029;447.76562;403.3203;3.9153275;-0.5363114;5.134642;11.166781;6.0321465;11.180375;0.00052154064;2541.6873;5119.542;-1020.1189;6219.952;-403.25943;-162.38333
2011-05-15;1.2221985;-2.8942974;-0.3943049;749.3176;1.2471162;126.41688;96.753334;0.16756642;449.1442;373.16895;0.82240146;-0.9025587;6.0560107;12.5734215;6.5173955;14.931608;0.00035762787;3625.9023;7138.8765;-1326.1244;5955.1924;-680.1556;-342.37
2011-05-16;4.3933005;-1.6385092;-0.50546265;754.0241;1.0631584;111.01197;95.40592;0.14885266;449.2308;331.8278;0.096172094;-0.5803704;8.270443;16.16612;7.8956785;20.594723;0.0;4060.2422;7861.7466;-1587.2367;5743.418;-417.70166;-190.26666
2011-05-17;6.795237;-2.4043376;-0.5779584;755.43475;1.2728779;92.246346;94.53866;0.1279215;449.2422;285.11557;0.0008583069;-0.6043948;8.072257;16.948595;8.876346;21.147846;0.0;4144.589;7928.011;-1639.8778;5758.6167;-431.07666;-112.78555
2011-05-18;9.424785;0.0019429525;-0.4022077;755.8384;1.214969;95.126305;94.07633;0.10455676;449.2422;233.47981;0.346303;-0.5424637;11.00573;21.435768;10.430053;24.43147;0.0;4158.6797;7887.931;-1233.6387;6302.927;-380.21555;-117.996666
2011-05-19;7.885793;2.844452;-0.278937;753.82495;1.3252846;161.91833;93.25887;0.08062752;449.2422;180.21648;14.987386;-0.31788832;17.664343;34.213932;16.549587;24.568756;0.0;3058.8767;5763.5654;-726.4575;6801.641;-214.53778;-71.23111
2011-05-20;7.3162537;1.1254679;-0.54094315;753.7898;1.2509357;207.39104;89.42057;0.056191523;449.2422;125.813805;0.0012814999;-0.6995974;9.782717;26.71361;16.930885;24.366241;0.0;4034.756;7453.72;-1169.3878;6368.8965;-495.72278;-143.19221
2011-05-21;7.072184;1.1711935;-1.0150286;750.678;1.0837349;178.84375;71.63778;0.033669394;449.2422;75.35807;2.298984;-0.8113952;8.923791;23.965553;15.041761;20.484444;0.0;4039.9834;7022.513;-1313.8055;6208.9917;-570.95667;-291.22
2011-05-22;6.644521;0.6638387;-1.113678;749.1696;1.1376337;194.09236;40.88452;0.01785191;449.2422;40.039062;0.9481311;-1.7871466;4.9184113;17.831177;12.912772;13.007674;0.0;5367.564;7982.1934;-1739.3406;6054.441;-1250.7134;-611.5511
2011-05-23;5.7669883;1.3946127;-0.9868558;749.9238;1.1612215;129.75462;20.224447;0.008834362;449.2422;20.100912;3.3178926;-1.8145237;2.8726459;14.2145605;11.341892;6.3817725;0.0;5075.908;6896.53;-1766.6213;6157.62;-1262.1945;-862.56335
2011-05-24;6.497274;1.9065756;-0.65269214;751.9295;1.054169;86.98882;9.616943;0.0041814647;449.2422;9.684245;2.0030289;-2.3062546;1.4762952;11.705756;10.229468;3.5156534;0.0;5072.3506;6594.3813;-1605.0623;6524.09;-1601.8867;-871.56665
2011-05-25;7.110077;2.3009136;-0.34394073;751.93146;1.092105;80.85566;4.2177734;0.0018306175;449.2422;4.272461;1.638031;-2.513199;0.7750392;10.001302;9.22627;1.6184784;0.0;5001.012;6359.8623;-1708.9784;6539.762;-1745.7611;-853.69336
2011-05-26;8.020355;1.7752991;-0.07449595;751.5967;1.1782194;103.50243;1.7502441;0.00075606507;449.2422;1.8310547;1.4882505;-3.000466;0.48539042;8.836299;8.350908;0.76029825;0.0;5558.501;6991.761;-1775.7025;6645.319;-2084.3723;-1073.7245
2011-05-27;9.063273;1.8030497;-0.09182993;752.40643;1.1484394;112.560646;0.6775716;0.00029301643;449.2422;0.6510417;0.77307224;-2.9470584;0.19162893;7.785529;7.5938997;0.28915703;0.0;5242.8564;6561.0146;-1817.0555;6653.349;-2047.2311;-832.0256
2011-05-28;10.287231;3.219289;0.0100695295;753.58154;0.99477106;180.36505;0.25382486;0.00010943413;449.2422;-7.345365e-21;0.10791421;-3.064976;0.04146993;6.9815216;6.940059;0.11750683;0.0;5276.1396;6585.165;-1739.2811;6859.75;-2129.1333;-844.73
2011-05-29;11.198375;3.8892314;-0.011634827;754.7014;1.2298218;164.77863;0.08577474;3.651778e-05;435.4691;-7.345365e-21;1.4304929;-3.6916099;0.21967292;6.5930634;6.3733907;0.04563853;0.0;6090.5205;7588.7456;-1874.9656;6865.306;-2564.44;-1044.1156
2011-05-30;13.409241;2.8878887;-0.003724416;756.8372;1.0987595;150.87361;0.026123047;1.11659365e-05;428.53452;-7.345365e-21;0.74894726;-3.6398602;0.10602176;5.986184;5.8801622;0.013317913;0.0;5709.448;7104.769;-2040.3989;6758.739;-2528.49;-668.3122
2011-05-31;14.61147;2.085907;0.010105133;757.1141;1.2476236;125.709816;0.00789388;3.33786e-06;428.09375;-7.345365e-21;0.00042617318;-4.2868443;0.00086426735;5.4472833;5.4464192;0.004518777;0.0;6793.5337;8444.324;-2518.1821;6380.992;-2977.929;-771.5089
2011-06-01;13.799306;0.53273517;0.009993236;754.69434;1.1711153;84.002785;0.0026855469;1.2318293e-06;428.09375;-7.345365e-21;0.0130832195;-3.2561069;0.0016391277;5.067155;5.065531;0.0011399388;0.0;4855.068;6028.2256;-1736.4244;7080.5977;-2261.909;-417.19446
2011-06-02;13.957275;2.1747131;0.010196686;750.37964;1.6178161;159.1392;0.0007324219;2.78155e-07;428.09375;-7.345365e-21;1.265198;-3.859196;0.15817583;4.8877897;4.729636;0.00039488077;0.0;6254.164;7757.183;-2323.28;6591.019;-2680.8545;-841.4867
2011-06-03;11.506287;2.589742;0.008062999;751.2888;1.1738836;249.425;0.0;-7.3453654e-25;428.09375;-7.345365e-21;0.0008583069;-3.40237;0.00010430813;4.4306965;4.4305773;0.00010803342;0.0;5833.1665;7227.2256;-2135.935;6553.6543;-2363.5122;-1060.03
2011-06-04;11.340332;2.2029316;-1.6850954;751.8746;1.2844434;192.15971;0.0;-7.3453654e-25;206.71419;-7.345365e-21;0.24891794;-3.3991811;0.026002526;4.189089;4.1630864;3.3527613e-05;0.0;6073.295;7516.9355;-2194.7112;6530.94;-2361.297;-1177.1
2011-06-05;11.74348;1.3807577;-0.8536377;751.5822;1.3445898;205.00826;0.0;-7.3453654e-25;106.224915;-7.345365e-21;0.057309866;-3.4388342;0.005826354;3.9283633;3.9225295;7.4505806e-06;0.0;6109.3584;7553.6953;-2240.4155;6503.55;-2388.844;-1150.4323
2011-06-06;11.371857;3.5578918;0.010214488;751.94135;0.87190396;162.88821;0.0;-7.3453654e-25;99.99998;-7.345365e-21;2.5000372;-2.6065726;0.25224686;3.9594471;3.7072003;0.0;0.0;5036.552;6220.6055;-2023.095;6683.858;-1810.6989;-926.0211
2011-06-07;12.918691;2.329712;0.00999705;753.01953;1.3457564;152.16484;0.0;-7.3453654e-25;99.99998;-7.345365e-21;0.0065267086;-3.8364334;0.00062584877;3.5116076;3.5109968;0.0;0.0;6722.6436;8294.542;-2450.8193;6433.5283;-2665.0422;-1164.7422
2011-06-08;13.218323;1.0545654;0.010144551;752.67035;1.2914833;149.59521;0.0;-7.3453654e-25;99.99998;-7.345365e-21;0.3788948;-3.5565252;0.033527613;3.3641458;3.3306031;0.0;0.0;6371.9395;7853.651;-2327.1262;6626.5645;-2470.5989;-1144.0688
2011-06-09;11.63267;2.6548767;0.010051727;749.0295;1.1917578;87.19888;0.0;-7.3453654e-25;99.99998;-7.345365e-21;1.977592;-3.1074808;0.20220876;3.368631;3.1664147;0.0;0.0;5746.763;7075.528;-2206.6528;6683.28;-2158.662;-1089.7988
2011-06-10;11.265553;3.608958;0.010140737;746.63763;1.1814936;96.14156;0.0;-7.3453654e-25;99.99998;-7.345365e-21;0.7903576;-3.1650438;0.06851554;3.0850024;3.0164866;0.0;0.0;5723.322;7039.3066;-2038.2567;6848.452;-2198.6511;-1159.8356
2011-06-11;11.365041;0.49331665;0.009899139;745.6648;1.7970062;167.04651;0.0;-7.3453654e-25;99.99998;-7.345365e-21;0.5961299;-3.2522223;0.051394105;2.9294043;2.8780103;0.0;0.0;6253.618;7683.56;-2433.1414;6349.412;-2259.2112;-1375.2744
2011-06-12;10.0468445;0.6442464;-0.04149882;746.32904;1.3411107;238.90154;0.0;-7.3453654e-25;100.02114;-7.345365e-21;0.48169494;-2.923619;0.039428473;2.7894974;2.7500987;0.0;0.0;6355.2563;7800.29;-2292.07;6446.2754;-2030.9412;-1746.5934
2011-06-13;8.694865;2.948466;-0.006958008;748.0075;1.2816968;180.90761;0.0;-7.3453654e-25;100.017555;-7.345365e-21;4.89451;-2.598009;0.46691298;3.099546;2.6326404;0.0;0.0;5735.019;7031.7;-2043.5083;6630.012;-1804.75;-1712.8467
2011-06-14;8.8315935;0.777771;0.009805043;749.69965;1.2635031;156.21327;0.0;-7.3453654e-25;99.99998;-7.345365e-21;0.37712157;-3.095122;0.030010939;2.5539994;2.523981;0.0;0.0;6197.3584;7590.65;-2323.405;6300.961;-2150.0789;-1578.4022
2011-06-15;11.369904;1.0279541;0.009609222;752.8533;0.98163825;115.331665;0.0;-7.3453654e-25;99.99998;-7.345365e-21;0.00086213235;-3.4164543;5.9604645e-05;2.4214983;2.4214387;0.0;0.0;6915.3633;8461.317;-2668.8994;6219.4824;-2373.2966;-1423.4377
2011-06-16;14.230682;1.476654;0.010150909;753.50854;1.107851;107.47436;0.0;-7.3453654e-25;99.99998;-7.345365e-21;0.0012814989;-3.5346522;8.940697e-05;2.3249388;2.3248494;0.0;0.0;6973.117;8530.876;-2782.2756;6357.521;-2455.4055;-1225.3234
2011-06-17;15.632599;1.5463969;0.010027568;752.4182;1.1731708;129.30138;0.0;-7.3453654e-25;100.00259;-7.345365e-21;0.0012934206;-3.4319851;9.685755e-05;2.2342057;2.2341237;0.0;0.0;7047.239;8620.437;-2974.3694;6301.2554;-2384.0854;-1214.0612
2011-06-18;16.191223;-1.2007242;0.009860992;751.6728;1.2279594;165.45532;0.0;-7.3453654e-25;99.99998;-7.345365e-21;0.0;-3.254054;0.0;2.1490006;2.1490083;0.0;0.0;7167.2485;8766.1;-3238.2344;6053.811;-2260.4834;-1229.7822
2011-06-19;15.370117;-2.2569683;0.010138194;750.2165;1.1849939;182.47896;0.0;-7.3453654e-25;99.99998;-7.345365e-21;0.0008583069;-2.8789165;5.9604645e-05;2.0690858;2.0690413;0.0;0.0;7195.3315;8799.32;-3302.195;5972.162;-1999.8878;-1485.7289
2011-06-20;14.266632;-0.8986613;0.010121663;749.5573;1.2180859;126.45841;0.0;-7.3453654e-25;99.99998;-7.345365e-21;0.0;-2.5390851;0.0;1.9937605;1.993768;0.0;0.0;7111.2437;8695.373;-3119.7888;6201.769;-1763.8177;-1746.6311
2011-06-21;15.767934;2.5424805;0.010201772;751.87823;0.9770215;76.115974;0.0;-7.3453654e-25;99.99998;-7.345365e-21;0.0;-2.4258587;0.0;1.922667;1.9226596;0.0;0.0;6736.7705;8236.381;-2809.6433;6838.7793;-1685.1633;-1616.4022
2011-06-22;15.704102;4.2893167;0.010045369;751.6287;1.4085842;64.081474;0.0;-7.3453654e-25;99.99998;-7.345365e-21;0.50251555;-2.1514707;0.033825636;1.8894076;1.8555671;0.0;0.0;6570.707;8032.331;-2749.3118;6914.451;-1494.5544;-1825.1566
2011-06-23;13.82726;6.6900535;0.0100619;749.39526;1.438069;46.159313;0.0;-7.3453654e-25;99.99998;-7.345365e-21;7.000643;-1.9888561;0.6135553;2.4062247;1.7926767;0.0;0.0;5901.852;7213.6265;-2442.8833;7037.3022;-1381.5922;-1804.8044
2011-06-24;13.513184;4.5872803;0.0101674395;750.2121;1.5024462;47.633663;0.0;-7.3453654e-25;99.99998;-7.345365e-21;0.050109625;-3.0677543;0.003427267;1.737237;1.7337948;0.0;0.0;6343.1724;7752.142;-2594.494;6593.624;-2131.0679;-1460.9044
2011-06-25;15.461731;0.98309326;0.010106404;749.9189;1.1434338;120.5874;0.0;-7.3453654e-25;99.99998;-7.345365e-21;0.25957823;-3.1655598;0.016853213;1.6943812;1.677528;0.0;0.0;6815.6035;8328.457;-2725.058;6678.3413;-2199.0088;-1464.8933
2011-06-26;15.902659;-0.13122559;0.010051727;748.83905;1.2411174;132.51598;0.0;-7.3453654e-25;99.99998;-7.345365e-21;0.1656577;-2.7978756;0.01052022;1.6345084;1.624003;0.0;0.0;6590.068;8051.779;-2777.396;6644.0767;-1943.59;-1561.5133
2011-06-27;15.608022;-2.8681538;0.009668986;748.9422;1.3142594;172.7818;0.0;-7.3453654e-25;99.99998;-7.345365e-21;0.0;-2.588246;0.0;1.5730858;1.5730709;0.0;0.0;7123.046;8701.926;-3165.4146;6233.2163;-1797.9689;-1814.1978
2011-06-28;15.641551;-2.1072388;0.00982666;749.75275;1.2287802;160.76562;0.0;-7.3453654e-25;99.99998;-7.345365e-21;0.0008523463;-2.2567174;5.9604645e-05;1.5245229;1.5244633;0.0;0.0;7074.366;8641.336;-3214.196;6289.624;-1567.6666;-1906.5278
2011-06-29;16.06309;-3.4123638;0.009867351;750.2878;1.2297722;157.66685;0.0;-7.3453654e-25;99.99998;-7.345365e-21;0.0;-2.0061395;0.0;1.4781058;1.4781058;0.0;0.0;7167.4307;8753.882;-3440.2722;6140.7534;-1393.5989;-1928.02
2011-06-30;15.882568;-2.4566956;0.00997289;749.2829;1.250996;151.45642;0.0;-7.3453654e-25;99.99998;-7.345365e-21;0.0025868411;-1.7883255;0.00014901161;1.4340729;1.4339163;0.0;0.0;7203.7256;8797.079;-3568.6772;6051.3022;-1242.29;-1988.5555
2011-07-01;16.208303;-2.8351746;0.009777069;748.70166;1.1306554;129.93495;0.0;-7.3453654e-25;99.99998;-7.345365e-21;0.0012969368;-1.6979892;8.940697e-05;1.3917834;1.3917015;0.0;0.0;7166.052;8749.93;-3557.7417;6128.3423;-1179.5366;-1985.1444
2011-07-02;15.920787;-2.1715393;0.010148366;749.2587;1.2265905;176.97493;0.0;-7.3453654e-25;99.99998;-7.345365e-21;0.0008674195;-1.5767683;5.9604645e-05;1.3514161;1.3513565;0.0;0.0;7089.1567;8654.824;-3392.0305;6317.23;-1095.3289;-2200.5989
2011-07-03;16.050394;-2.7124531;0.010075887;749.4683;1.1012918;128.11256;0.0;-7.3453654e-25;99.99998;-7.345365e-21;0.00086125813;-1.5524216;5.9604645e-05;1.3128221;1.3127699;0.0;0.0;7052.0977;8608.542;-3336.3306;6459.0757;-1078.4144;-2130.8389
2011-07-04;16.98403;0.7880554;0.009780884;750.0446;1.187963;157.97636;0.0;-7.3453654e-25;99.99998;-7.345365e-21;0.00010430813;-1.4624801;0.0;1.2758523;1.2758448;0.0;0.0;6670.348;8141.4136;-3041.7966;6886.31;-1015.93555;-2131.051
2011-07-05;17.256144;-1.3008118;0.010238647;750.3396;1.2552174;144.43065;0.0;-7.3453654e-25;99.99998;-7.345365e-21;0.0025629997;-1.4713835;0.00011920929;1.2406409;1.2405068;0.0;0.0;6919.4224;8444.334;-3265.9111;6677.406;-1022.1211;-2224.5967
2011-07-06;18.16633;2.2189941;0.010243733;752.34503;1.1123296;113.27152;0.0;-7.3453654e-25;99.99998;-7.345365e-21;0.0038623807;-1.4521079;0.00017881393;1.2067854;1.2066066;0.0;0.0;6732.4717;8215.169;-3066.535;7044.469;-1008.73;-2095.2466
2011-07-07;20.523203;3.1615295;0.010092418;753.5949;1.22757;96.80328;0.0;-7.3453654e-25;99.99998;-7.345365e-21;0.0009301575;-1.430342;5.2154064e-05;1.1741668;1.1741147;0.0;0.0;6550.262;7991.7734;-3014.6294;7286.5615;-993.6111;-1935.68
2011-07-08;21.87501;0.51742554;0.010135651;756.14874;1.1876541;133.83765;0.0;-7.3453654e-25;99.99998;-7.345365e-21;0.0017231178;-1.480436;0.00010430813;1.143083;1.142986;0.0;0.0;6776.0093;8266.149;-3238.5405;7230.2;-1028.41;-1930.3589
2011-07-09;22.07319;-1.0882975;0.00959905;754.89984;1.3061285;99.34516;0.0;-7.3453654e-25;99.99998;-7.345365e-21;0.0032573934;-1.450981;0.00015646219;1.113236;1.1130795;0.0;0.0;6773.793;8262.325;-3259.2434;7238.5347;-1007.9489;-1973.1444
2011-07-10;20.358368;-0.33019003;0.010195415;751.32983;1.26562;127.25762;0.0;-7.3453654e-25;99.99998;-7.345365e-21;0.002866983;-1.3393183;0.00013411045;1.0844469;1.0843277;0.0;0.0;6778.177;8266.626;-3313.6428;6996.708;-930.38;-2189.6345
2011-07-11;18.282043;-1.3912252;0.009924571;750.3696;1.3437527;129.03316;0.0;-7.3453654e-25;99.99998;-7.345365e-21;0.0004351138;-1.2691766;2.9802322e-05;1.0566711;1.0566562;0.0;0.0;6902.6733;8417.319;-3250.541;6887.782;-881.6556;-2421.54
2011-07-12;17.82067;-0.8005168;0.0099983215;750.9563;1.4255762;126.052086;0.0;-7.3453654e-25;99.99998;-7.345365e-21;0.0;-1.0159035;0.0;1.0303557;1.0303557;0.0;0.0;5716.3013;6969.8105;-2788.639;7104.1816;-705.7144;-2016.9377
2011-07-13;17.740927;-0.40264893;0.009859721;752.8845;1.314701;146.70963;0.0;-7.3453654e-25;99.99998;-7.345365e-21;0.0004351138;-1.199075;2.9802322e-05;1.0050833;1.0050535;0.0;0.0;6953.3257;8476.977;-3336.9373;6705.9067;-832.95667;-2441.04
2011-07-14;18.878916;-1.9905497;0.009923299;754.2527;1.2444937;148.11835;0.0;-7.3453654e-25;99.99998;-7.345365e-21;0.001722573;-1.2363642;8.940697e-05;0.980556;0.98045915;0.0;0.0;6975.4517;8502.833;-3377.3938;6810.7812;-858.86;-2259.3733
2011-07-15;19.561462;-1.2767843;0.00987498;752.5131;1.3231302;101.456184;0.0;-7.3453654e-25;99.99998;-7.345365e-21;0.0;-1.2090672;0.0;0.95675886;0.95675886;0.0;0.0;6762.902;8242.69;-3345.8232;6922.9775;-839.89886;-2138.2556
2011-07-16;18.525116;3.357259;0.009719849;748.3167;1.527891;105.53347;0.0;-7.3453654e-25;99.99998;-7.345365e-21;0.3585334;-1.1075335;0.019073486;0.9531826;0.93410164;0.0;0.0;6279.5166;7651.8027;-2977.9343;7121.7974;-769.36664;-2228.4312
2011-07-17;15.5278015;5.338755;0.009970347;746.96075;1.3388711;53.485443;0.0;-7.3453654e-25;99.99998;-7.345365e-21;1.4467955;-1.0182383;0.086158514;0.99895895;0.91280043;0.0;0.0;4613.0713;5619.848;-2157.2546;7513.7046;-707.3356;-1744.7911
2011-07-18;16.951263;3.1524456;0.0102933245;748.3721;1.2266628;64.093864;0.0;-7.3453654e-25;99.99998;-7.345365e-21;0.04711747;-1.6555842;0.0023245811;0.8945167;0.8922219;0.0;0.0;6388.003;7780.586;-2815.3867;7072.855;-1150.08;-2073.4111
2011-07-19;16.076874;2.983368;0.00959905;749.4062;1.0574018;94.92625;0.0;-7.3453654e-25;100.00519;-7.345365e-21;0.6997585;-1.1864827;0.036656857;0.90894103;0.8722916;0.0;0.0;5038.042;6134.924;-2362.8767;7367.488;-824.20886;-1708.6611
2011-07-20;15.303619;4.2979736;0.010114034;749.16846;1.2242997;81.58254;0.0;-7.3453654e-25;99.99998;-7.345365e-21;0.6207376;-1.1764355;0.031337142;0.88474154;0.85342675;0.0;0.0;4834.902;5886.3555;-2294.9255;7300.95;-817.23;-1627.3989
2011-07-21;15.464569;2.7168477;0.009999593;748.8775;1.2855381;126.407005;0.0;-7.3453654e-25;99.99998;-7.345365e-21;0.11150837;-1.2623053;0.005722046;0.8407831;0.8350462;0.0;0.0;5887.939;7166.7227;-2646.0557;7035.3677;-876.8822;-2126.8977
2011-07-22;16.30957;1.7887675;0.009775798;749.63434;0.99916583;132.25316;0.0;-7.3453654e-25;99.99998;-7.345365e-21;0.54982305;-1.3034977;0.028982759;0.8459687;0.8169636;0.0;0.0;6072.9844;7390.3594;-2807.5562;7098.6333;-905.49664;-1982.7533
2011-07-23;16.813955;2.0439758;0.009661357;749.39276;1.0585673;83.88762;0.0;-7.3453654e-25;99.99998;-7.345365e-21;0.0921607;-1.2960341;0.004708767;0.80418587;0.7994771;0.0;0.0;5845.2334;7111.55;-2712.8162;7219.5083;-900.3111;-1882.2689
2011-07-24;16.41977;4.480367;0.010186513;750.6359;1.307222;65.712746;0.0;-7.3453654e-25;99.99998;-7.345365e-21;0.18361807;-1.0616462;0.008866191;0.7914603;0.782609;0.0;0.0;5592.075;6802.0693;-2611.6218;7296.0513;-737.4889;-2000.4333
2011-07-25;17.779562;2.7966716;0.009764354;754.2552;1.289146;92.57473;0.0;-7.3453654e-25;100.00259;-7.345365e-21;0.021103024;-1.0895636;0.0011026859;0.7673502;0.7662624;0.0;0.0;6225.819;7571.2085;-2945.9377;7097.082;-756.88336;-2134.6355
2011-07-26;19.792257;0.32764688;0.009863536;757.4328;1.2693363;85.75576;0.0;-7.3453654e-25;99.99998;-7.345365e-21;0.00171795;-1.1526197;8.940697e-05;0.75028837;0.75018406;0.0;0.0;6767.11;8227.617;-3293.4146;7023.7466;-800.68665;-2163.5334
2011-07-27;21.284933;5.1094055;0.010116577;756.68915;1.6292882;46.80154;0.0;-7.3453654e-25;100.00779;-7.345365e-21;0.004121661;-0.98827666;0.00022351742;0.73485076;0.73464215;0.0;0.0;5946.3687;7228.0923;-2808.0217;7625.829;-686.5222;-1912.7333
2011-07-28;21.744904;4.5158286;0.009952545;755.3115;1.7374916;42.186337;0.0;-7.3453654e-25;100.00519;-7.345365e-21;0.0;-1.019448;0.0;0.7196069;0.7196218;0.0;0.0;6278.5674;7630.3975;-2873.6892;7670.8745;-708.1767;-2175.4944
2011-07-29;21.796988;2.7809956;0.009963989;755.07733;1.2833409;37.135777;0.0;-7.3453654e-25;99.99998;-7.345365e-21;0.0038146973;-0.9743674;0.00020861626;0.70522726;0.7050261;0.0;0.0;5804.188;7052.443;-2758.028;7833.096;-676.86;-1988.6011
2011-07-30;21.797647;1.5977377;0.009882609;754.04913;0.87573147;91.86142;0.0;-7.3453654e-25;99.99998;-7.345365e-21;0.0008583069;-0.86803365;4.4703484e-05;0.69104135;0.69099665;0.0;0.0;5070.4976;6159.5835;-2568.8328;7927.8354;-602.99445;-1491.6533
2011-07-31;21.959677;2.4057415;0.010176341;753.2526;1.0025643;128.58754;0.0;-7.3453654e-25;99.99998;-7.345365e-21;0.0012993806;-0.8042976;7.4505806e-05;0.6776601;0.6775856;0.0;0.0;4776.3755;5800.7734;-2471.8975;7981.594;-558.7189;-1380.6677
2011-08-01;22.45342;-0.1977946;0.010019938;753.3195;1.4345626;149.77559;0.0;-7.3453654e-25;99.99998;-7.345365e-21;0.0;-0.99475586;0.0;0.6644279;0.6644279;0.0;0.0;6258.53;7598.973;-3110.5205;7536.8135;-691.0233;-2065.9634
2011-08-02;22.646261;-1.8939209;0.010340373;753.3804;1.3146234;149.16386;0.0;-7.3453654e-25;99.99998;-7.345365e-21;0.0017320071;-0.9666905;8.940697e-05;0.6516278;0.6515235;0.0;0.0;6216.7856;7546.6;-3174.6367;7437.6694;-671.5267;-1958.91
2011-08-03;22.360779;-1.1442566;0.009671529;752.37726;1.406319;146.89568;0.0;-7.3453654e-25;99.99998;-7.345365e-21;0.0008523463;-0.96951056;4.4703484e-05;0.6390214;0.63896924;0.0;0.0;6672.3115;8097.838;-3390.5122;7203.0513;-673.48553;-2232.3489
2011-08-04;21.7512;-1.4252726;0.009641011;751.9455;1.336311;157.95312;0.0;-7.3453654e-25;99.99998;-7.345365e-21;0.0;-0.93528444;0.0;0.62677264;0.62677264;0.0;0.0;6729.9043;8166.015;-3590.1328;6873.941;-649.7111;-2246.669
2011-08-05;20.810354;-3.4835918;0.009709676;751.1696;1.2996141;115.57746;0.0;-7.3453654e-25;99.99998;-7.345365e-21;0.0;-0.9120498;0.0;0.6149262;0.61493367;0.0;0.0;6815.399;8267.9;-3786.9539;6526.0347;-633.5711;-2170.0034
2011-08-06;19.482584;-0.4318339;0.009942372;749.5823;1.2688315;97.13979;0.0;-7.3453654e-25;99.99998;-7.345365e-21;0.0025883429;-0.8780342;0.00011920929;0.60352683;0.6034002;0.0;0.0;6623.1646;8032.833;-3396.967;6843.141;-609.9411;-2298.08
2011-08-07;18.738281;5.701365;0.010079701;750.3497;1.2124223;108.970856;0.0;-7.3453654e-25;99.99998;-7.345365e-21;0.0013947487;-0.70755553;5.9604645e-05;0.59235096;0.59227645;0.0;0.0;5224.4746;6334.933;-2510.5083;7656.222;-491.51556;-1969.6256
2011-08-08;18.877054;6.1722717;0.010046641;751.6684;1.232055;51.071747;0.0;-7.3453654e-25;99.99998;-7.345365e-21;0.009849668;-0.7084664;0.0003874302;0.58197975;0.5815849;0.0;0.0;5231.0166;6341.539;-2615.75;7591.812;-492.14777;-1888.7511
2011-08-09;18.278513;6.469143;0.010026296;750.5418;1.506352;44.211994;0.0;-7.3453654e-25;100.00519;-7.345365e-21;0.06498209;-0.7490628;0.0032186508;0.57439506;0.57116896;0.0;0.0;5755.2354;6975.5938;-2784.8066;7398.993;-520.35;-2198.08
2011-08-10;17.778147;5.706187;0.01022466;749.65985;1.6865593;45.957813;0.0;-7.3453654e-25;99.99998;-7.345365e-21;0.006133318;-0.7807091;0.00029802322;0.56126714;0.56097656;0.0;0.0;6075.5386;7362.0767;-2917.926;7208.778;-542.3322;-2403.32
2011-08-11;18.270834;3.545227;0.009937286;749.43585;0.8353395;130.72308;0.0;-7.3453654e-25;99.99998;-7.345365e-21;0.1816988;-0.7685209;0.008806586;0.55989623;0.55108964;0.0;0.0;5493.783;6655.9297;-2759.028;7356.558;-533.86664;-1962.0667
2011-08-12;17.481445;1.7990417;0.009904225;748.05035;1.2233187;137.86208;0.0;-7.3453654e-25;99.99998;-7.345365e-21;0.11115074;-0.7422734;0.0053197145;0.5469024;0.5415678;0.0;0.0;5402.1284;6543.247;-2751.1272;7186.152;-515.6322;-2091.9956
2011-08-13;16.844004;-2.0237834;0.009867351;747.7011;1.2834833;156.5577;0.0;-7.3453654e-25;99.99998;-7.345365e-21;0.00086610037;-0.82236624;4.4703484e-05;0.5322993;0.5322471;0.0;0.0;6549.081;7930.6616;-3394.9326;6477.3223;-571.27;-2496.0479
2011-08-14;16.535034;-3.3902893;0.009750366;750.51685;1.2427701;170.3683;0.0;-7.3453654e-25;99.99998;-7.345365e-21;0.00043511385;-0.7685898;2.9802322e-05;0.52312016;0.52310526;0.0;0.0;6600.135;7990.783;-3531.5283;6280.283;-533.9139;-2385.2366
2011-08-15;17.089682;-2.2055256;0.009741466;752.53076;1.1564828;147.9453;0.0;-7.3453654e-25;99.99998;-7.345365e-21;0.0;-0.77598727;0.0;0.51416457;0.51416457;0.0;0.0;6533.473;7908.297;-3456.0947;6482.122;-539.05225;-2262.3967
2011-08-16;17.63378;-3.1562908;0.009741466;751.23193;1.2183499;133.13295;0.0;-7.3453654e-25;99.99998;-7.345365e-21;0.0008566041;-0.7653404;2.9802322e-05;0.505507;0.5054623;0.0;0.0;6472.615;7833.642;-3492.1875;6471.072;-531.6567;-2256.9888
2011-08-17;17.678925;-1.3836874;0.010051727;750.41315;1.1938365;107.622765;0.0;-7.3453654e-25;99.99998;-7.345365e-21;0.0042915344;-0.74307436;0.00014901161;0.49713254;0.49697608;0.0;0.0;6158.7617;7452.826;-3153.4229;6871.007;-516.1889;-2153.0732
2011-08-18;18.326162;0.45802817;0.009812673;750.49756;1.1971797;107.177635;0.0;-7.3453654e-25;99.99998;-7.345365e-21;0.000655651;-0.6909538;2.9802322e-05;0.4887581;0.4887432;0.0;0.0;5556.5166;6723.221;-2853.4783;7221.2153;-479.9822;-1956.789
2011-08-19;17.955038;2.055664;0.009983063;750.5276;1.3456273;122.79978;0.0;-7.3453654e-25;99.99998;-7.345365e-21;0.0031977892;-0.6194655;0.00011920929;0.48092008;0.48079342;0.0;0.0;5198.6377;6289.3022;-2731.415;7193.4775;-430.3211;-1912.0477
2011-08-20;16.418264;0.018615723;0.009742737;752.14557;1.3887868;132.95767;0.0;-7.3453654e-25;99.99998;-7.345365e-21;0.0;-0.6494708;0.0;0.47305226;0.47305226;0.0;0.0;5893.6;7129.261;-3039.3;6766.646;-451.16556;-2334.0244
2011-08-21;15.998871;-2.0769958;0.0100364685;753.0826;1.3654394;137.47842;0.0;-7.3453654e-25;99.99998;-7.345365e-21;0.0021482257;-0.66020715;0.00010430813;0.46557188;0.46546757;0.0;0.0;6216.2974;7518.9243;-3180.4429;6559.9966;-458.62445;-2428.9155
2011-08-22;16.830444;-2.7776897;0.009904225;753.5036;1.3521472;116.66802;0.0;-7.3453654e-25;99.99998;-7.345365e-21;0.0010451139;-0.6738603;4.4703484e-05;0.4580915;0.45805424;0.0;0.0;6013.3184;7272.5312;-3123.7727;6732.161;-468.1089;-2190.3389
2011-08-23;17.205729;-2.3375447;0.009971619;753.31177;1.3062364;108.04116;0.0;-7.3453654e-25;99.99998;-7.345365e-21;0.00086627237;-0.6817682;4.4703484e-05;0.45083463;0.45079738;0.0;0.0;6019.633;7279.2456;-3146.7217;6773.19;-473.6011;-2169.62
2011-08-24;17.29014;-0.7919108;0.009890239;751.82886;1.2357343;102.29914;0.0;-7.3453654e-25;99.99998;-7.345365e-21;0.0;-0.6874763;0.0;0.44371188;0.44371188;0.0;0.0;6075.7725;7346.222;-3158.5066;6796.7466;-477.56668;-2189.2334
2011-08-25;16.268402;2.7037964;0.010246277;751.3252;1.241321;103.64634;0.0;-7.3453654e-25;99.99998;-7.345365e-21;0.49651995;-0.70721656;0.023260713;0.46010315;0.4368499;0.0;0.0;5533.0537;6689.156;-2846.9658;6924.3633;-491.28;-2119.8167
2011-08-26;16.105692;-0.05979411;0.010083516;752.8503;1.3145214;132.57089;0.0;-7.3453654e-25;99.99998;-7.345365e-21;0.0008661201;-0.7885117;4.4703484e-05;0.43025613;0.43021888;0.0;0.0;5820.7344;7036.148;-3016.3738;6700.202;-547.75336;-2139.0789
2011-08-27;16.096079;-0.6104024;0.009802501;752.77704;1.2733743;106.90638;0.0;-7.3453654e-25;99.99998;-7.345365e-21;0.0004351138;-0.6713998;1.4901161e-05;0.42372942;0.42369962;0.0;0.0;5394.12;6519.6206;-2764.0022;7009.278;-466.4;-1941.8689
2011-08-28;14.5616455;4.2333884;0.009883881;752.34576;1.4213818;74.554405;0.0;-7.3453654e-25;99.99998;-7.345365e-21;0.49004814;-0.60824865;0.023156404;0.44058263;0.41741878;0.0;0.0;4824.8555;5830.7456;-2495.2722;7155.2456;-422.5289;-1839.4288
2011-08-29;13.311981;0.4525248;0.0098724365;754.2104;2.056257;34.84289;0.0;-7.3453654e-25;99.99998;-7.345365e-21;0.0028729436;-0.7476043;0.00011920929;0.41145086;0.41133165;0.0;0.0;5921.489;7155.3887;-3149.0608;6244.2344;-519.3356;-2423.541
2011-08-30;15.2769165;-3.5696514;0.010238647;753.82965;1.2730674;65.71008;0.0;-7.3453654e-25;99.99998;-7.345365e-21;0.00042617318;-0.731755;2.2351742e-05;0.40529668;0.40526688;0.0;0.0;6074.924;7340.008;-3454.55;6105.573;-508.32556;-1910.0466
2011-08-31;15.750987;-6.5921836;0.009774526;752.5003;1.1602083;153.47707;0.0;-7.3453654e-25;99.99998;-7.345365e-21;0.0004271689;-0.66559577;1.4901161e-05;0.39933622;0.39932877;0.0;0.0;6024.4297;7278.136;-3440.9983;6152.1377;-462.36777;-1972.3539
2011-09-01;15.788127;-5.33903;0.009942372;751.01764;1.1987537;141.58702;0.0;-7.3453654e-25;99.99998;-7.345365e-21;0.0008583069;-0.6323699;4.4703484e-05;0.39355457;0.39350986;0.0;0.0;5910.0107;7139.0376;-3280.6677;6352.0967;-439.28665;-2000.4725
2011-09-02;16.35842;-3.218048;0.009909312;749.8796;1.2702565;127.06241;0.0;-7.3453654e-25;99.99998;-7.345365e-21;0.0;-0.6092899;0.0;0.38784742;0.38782507;0.0;0.0;5837.309;7050.3076;-3113.7275;6585.0312;-423.25446;-2062.2932
2011-09-03;15.090739;-1.67453;0.010303497;750.9346;1.3051907;144.15009;0.0;-7.3453654e-25;99.99998;-7.345365e-21;0.002575739;-0.55633855;0.00011920929;0.3824234;0.3823042;0.0;0.0;5710.237;6896.005;-3050.9197;6513.488;-386.4711;-2249.3489
2011-09-04;14.448293;-2.0712585;0.010168712;752.8533;1.1241848;175.71545;0.0;-7.3453654e-25;99.99998;-7.345365e-21;0.0021363513;-0.56477636;0.00010430813;0.37699938;0.37689507;0.0;0.0;5748.044;6940.8984;-3146.5647;6355.048;-392.33112;-2098.5388
2011-09-05;15.025868;-4.2523293;0.009756724;753.60724;1.1620878;133.93425;0.0;-7.3453654e-25;99.99998;-7.345365e-21;0.0060975547;-0.5694982;0.00029802322;0.37190318;0.3716126;0.0;0.0;5595.5933;6755.9585;-3084.2563;6468.9946;-395.61;-1980.4944
2011-09-06;14.884308;-6.0001626;0.009606679;751.566;1.241844;114.23234;0.0;-7.3453654e-25;99.99998;-7.345365e-21;0.0008523463;-0.5696751;4.4703484e-05;0.36647916;0.3664419;0.0;0.0;5711.4004;6894.945;-3221.6453;6291.189;-395.73334;-1992.7977
2011-09-07;14.440694;-3.358083;0.010060628;749.59454;1.2038873;112.92563;0.0;-7.3453654e-25;99.99998;-7.345365e-21;0.0008583069;-0.5474668;4.4703484e-05;0.36141276;0.36138296;0.0;0.0;5625.352;6790.2544;-3144.5347;6322.1543;-380.30667;-2012.5377
2011-09-08;13.867564;-7.31662;0.010253906;750.0118;1.1840711;167.32262;0.0;-7.3453654e-25;99.99998;-7.345365e-21;0.0;-0.5315775;0.0;0.35645068;0.35644323;0.0;0.0;5698.8213;6878.113;-3363.6147;5953.7466;-369.2689;-2001.6842
2011-09-09;13.692139;-6.358317;0.009601593;751.6872;1.3301692;160.12581;0.0;-7.3453654e-25;99.99998;-7.345365e-21;0.00043511385;-0.50938314;1.4901161e-05;0.3516674;0.3516376;0.0;0.0;5615.9385;6777.3276;-3248.611;5997.757;-353.85223;-1967.7711
2011-09-10;13.999268;-5.026062;0.0098775225;753.32074;1.136779;154.56601;0.0;-7.3453654e-25;99.99998;-7.345365e-21;0.0017310658;-0.5306285;8.940697e-05;0.34701824;0.34692883;0.0;0.0;5577.8013;6730.5015;-3173.6257;6199.0093;-368.61;-1848.19
2011-09-11;14.509959;-4.989929;0.009665172;752.2803;1.1960258;98.694214;0.0;-7.3453654e-25;99.99998;-7.345365e-21;0.0017190278;-0.5303193;8.940697e-05;0.34238398;0.34230202;0.0;0.0;5457.912;6585.005;-3134.5852;6293.931;-368.39444;-1843.9523
2011-09-12;13.7561035;-3.1441548;0.009933472;750.4405;1.2752022;102.56479;0.0;-7.3453654e-25;99.99998;-7.345365e-21;0.0;-0.50844157;0.0;0.33777952;0.33777952;0.0;0.0;5395.5312;6508.849;-2988.737;6390.8;-353.19778;-1937.2467
2011-09-13;14.078166;-1.436615;0.009674072;751.4856;1.1207182;89.492424;0.0;-7.3453654e-25;99.99998;-7.345365e-21;0.0;-0.50089973;0.0;0.33336878;0.33336878;0.0;0.0;5212.41;6287.2837;-2935.6936;6488.007;-347.95776;-1791.9811
2011-09-14;13.911377;0.98377484;0.010022481;752.6772;1.198017;62.49477;0.0;-7.3453654e-25;99.99998;-7.345365e-21;0.05002618;-0.47418475;0.0018179417;0.33086538;0.32907724;0.0;0.0;4829.317;5824.489;-2734.7197;6651.2153;-329.40112;-1657.3081
2011-09-15;14.00766;1.039205;0.010322571;752.49805;1.2529366;129.18974;0.0;-7.3453654e-25;99.99998;-7.345365e-21;0.2184987;-0.48661792;0.009864569;0.3347695;0.32490492;0.0;0.0;4685.235;5650.0024;-2675.5093;6617.6807;-338.03665;-1679.42
2011-09-16;13.456716;-2.972412;0.0102170305;751.9216;1.031133;95.191376;0.0;-7.3453654e-25;99.99998;-7.345365e-21;0.0017046923;-0.53915197;8.940697e-05;0.3208816;0.32081455;0.0;0.0;4782.299;5762.0317;-2730.6497;6585.68;-374.5311;-1562.3978
2011-09-17;13.645518;-1.4477844;0.009995778;752.39355;1.0233966;87.922935;0.0;-7.3453654e-25;99.99998;-7.345365e-21;0.035458803;-0.49143004;0.0016093254;0.318408;0.31679124;0.0;0.0;4663.886;5614.5186;-2679.9595;6648.384;-341.38;-1547.3556
2011-09-18;14.296306;-2.2726643;0.009955089;753.0883;1.0704015;97.66088;0.0;-7.3453654e-25;99.99998;-7.345365e-21;0.0004351138;-0.47473794;1.4901161e-05;0.31287968;0.31286478;0.0;0.0;4473.7344;5380.9443;-2539.663;6798.8267;-329.78445;-1503.21
2011-09-19;13.686676;-3.8383076;0.009871165;753.32324;1.2421821;160.81218;0.0;-7.3453654e-25;99.99998;-7.345365e-21;0.0008570921;-0.48382953;2.9802322e-05;0.30905008;0.30900538;0.0;0.0;5095.8237;6123.749;-2949.865;6307.9087;-336.1;-1815.5767
2011-09-20;11.750285;-1.5296936;0.009920756;753.6702;1.1053802;174.81305;0.0;-7.3453654e-25;99.99998;-7.345365e-21;0.88632107;-0.62219614;0.043421984;0.34868717;0.30527264;0.0;0.0;4676.819;5615.3813;-2581.2166;6401.0454;-432.2189;-1738.4445
2011-09-21;11.230713;0.18920898;0.010028839;752.5544;1.004975;92.384285;0.0;-7.3453654e-25;99.99998;-7.345365e-21;0.2560675;-0.5893353;0.011578202;0.3132522;0.30168146;0.0;0.0;3968.0789;4760.113;-2236.4563;6711.2974;-409.3911;-1370.3778
2011-09-22;11.889995;-0.78985596;0.0100034075;752.1489;1.067552;177.6275;0.0;-7.3453654e-25;99.99998;-7.345365e-21;0.0;-0.576172;0.0;0.29814243;0.29813498;0.0;0.0;4243.684;5086.379;-2444.135;6546.0576;-400.24777;-1424.5784
2011-09-23;11.711131;-3.5453389;0.0099817915;751.2315;1.0472627;149.94902;0.0;-7.3453654e-25;99.99998;-7.345365e-21;0.066012144;-0.55334157;0.0030398369;0.2976656;0.29461086;0.0;0.0;4770.007;5712.421;-2667.6736;6365.2446;-384.3878;-1611.7333
2011-09-24;10.323293;-0.67578125;0.00995636;750.564;1.5812596;148.59949;0.0;-7.3453654e-25;99.99998;-7.345365e-21;0.91989636;-0.6819768;0.04246831;0.3336966;0.2912283;0.0;0.0;4017.683;4807.262;-2109.9197;6686.1133;-473.74667;-1545.7369
2011-09-25;10.046254;0.8060303;0.010251363;752.9113;1.1101419;189.39156;0.0;-7.3453654e-25;99.99998;-7.345365e-21;0.050491095;-0.4712306;0.0023692846;0.29033422;0.28797984;0.0;0.0;3566.2576;4263.4707;-2036.1086;6707.306;-327.34888;-1383.4066
2011-09-26;8.940704;1.5750427;0.010098775;755.51825;1.1076494;130.61577;0.0;-7.3453654e-25;99.99998;-7.345365e-21;1.2256384;-0.63711965;0.05789101;0.3426671;0.2847761;0.0;0.0;3846.8408;4594.8574;-2014.3411;6697.442;-442.58554;-1430.4878
2011-09-27;8.397532;2.3914387;0.010197957;755.7508;1.0780687;99.47037;0.0;-7.3453654e-25;99.99998;-7.345365e-21;1.3821304;-0.805024;0.06912649;0.35081804;0.28169155;0.0;0.0;3505.6875;4183.558;-1786.5453;6804.349;-559.2244;-1293.6533
2011-09-28;8.613933;1.4668375;0.0097846985;754.8637;1.213664;46.805073;0.0;-7.3453654e-25;99.99998;-7.345365e-21;0.10342896;-0.823549;0.0051409006;0.2837628;0.2786368;0.0;0.0;3975.0059;4739.2812;-2124.285;6553.632;-572.0917;-1454.1766
2011-09-29;8.173096;-2.3081665;0.009995778;752.27686;1.1727122;153.95564;0.0;-7.3453654e-25;99.99998;-7.345365e-21;0.09227517;-0.8025607;0.0038444996;0.27936697;0.27554482;0.0;0.0;4440.825;5290.5312;-2330.484;6253.7134;-557.5122;-1620.1578
2011-09-30;7.5657754;-0.19861858;0.010075887;750.2795;0.7001577;220.57195;0.0;-7.3453654e-25;99.99998;-7.345365e-21;2.3599684;-0.78137404;0.122353435;0.39498508;0.2726391;0.0;0.0;2663.784;3170.9685;-1630.4319;6580.7334;-542.79443;-805.1655
2011-10-01;4.830658;1.4776611;0.009757996;749.3161;1.0783608;211.67345;0.0;-7.3453654e-25;99.99998;-7.345365e-21;9.066868;-1.2446661;0.5365908;0.80651045;0.26990473;0.0;0.0;3146.234;3741.949;-1439.3694;6628.129;-864.62665;-1170.1956
2011-10-02;5.2822876;-0.26889166;-0.6718305;750.98505;1.0204929;187.2181;0.0012207031;-7.3453654e-25;101.452126;-7.345365e-21;0.24047494;-1.640182;0.013142824;0.28029084;0.26716292;0.00010430813;0.00021606684;4127.782;4904.7993;-2069.081;6085.8564;-1139.3789;-1209.6956
2011-10-03;5.219574;-1.6913757;-1.1354765;751.3306;1.1451577;227.26552;0.0;-7.3453654e-25;105.608376;-7.345365e-21;0.0;-1.3842657;0.0;0.2643764;0.2643615;5.2154064e-05;0.0;4590.55;5450.1826;-2490.0378;5538.3877;-961.60333;-1401.9523
2011-10-04;5.825602;-3.1556396;-0.9772911;752.7725;0.91267854;120.89399;0.0;-7.3453654e-25;109.22003;-7.345365e-21;0.00044107434;-1.3468033;2.9802322e-05;0.2616346;0.2616048;2.7939677e-05;0.0;4644.6924;5509.66;-2576.305;5536.655;-935.5789;-1232.1111
2011-10-05;6.8668313;-2.8073528;-0.75985974;753.10065;1.0969961;95.553375;0.0;-7.3453654e-25;109.49998;-7.345365e-21;0.0021375671;-1.2900559;9.685755e-05;0.25895238;0.25886297;1.4901161e-05;0.0;4563.3726;5408.56;-2518.2222;5732.829;-896.1589;-1166.5577
2011-10-06;7.700216;-3.1931458;-0.822553;755.00977;1.0449022;95.42953;0.0;-7.3453654e-25;107.82745;-7.345365e-21;0.0;-1.1949297;0.0;0.25613606;0.2561435;7.4505806e-06;0.0;4555.4014;5394.5093;-2548.9722;5754.5835;-830.07776;-1181.5834
2011-10-07;7.2410583;-4.6526694;-0.61861295;753.6766;0.9911354;106.33604;0.0;-7.3453654e-25;106.494774;-7.345365e-21;0.008654225;-1.0523936;0.00043213367;0.2539158;0.2534762;3.7252903e-06;0.0;4259.8096;5040.1265;-2437.945;5830.0347;-731.0628;-1183.4111
2011-10-08;7.096517;-4.9723916;-0.5100212;753.65155;1.0010012;167.49767;0.0;-7.3453654e-25;102.20278;-7.345365e-21;0.00086128706;-0.97807217;4.4703484e-05;0.25092065;0.25087595;0.0;0.0;4362.332;5157.0034;-2475.3772;5790.6846;-679.4339;-1270.77
2011-10-09;7.503611;-3.329478;-0.14759827;755.3177;0.93876123;93.40753;0.0;-7.3453654e-25;100.040344;-7.345365e-21;0.0;-0.8312408;0.0;0.24831295;0.24831295;0.0;0.0;3838.1362;4533.459;-2254.0916;6047.1846;-577.43665;-1032.8878
2011-10-10;9.548757;-1.657959;0.0098177595;756.2412;0.99640465;85.82972;0.0;-7.3453654e-25;99.99998;-7.345365e-21;0.0021338456;-0.88938326;0.00010430813;0.24586916;0.24577975;0.0;0.0;4318.7617;5096.78;-2440.39;6130.243;-617.82446;-1066.6978
2011-10-11;11.557689;-0.955424;0.010276794;756.6135;1.0935934;95.74508;0.0;-7.3453654e-25;99.99998;-7.345365e-21;0.0;-0.8441024;0.0;0.24324656;0.24324656;0.0;0.0;4255.7896;5018.1777;-2446.2942;6332.222;-586.37;-1007.2033
2011-10-12;11.16454;-2.7237244;0.009763082;755.4804;1.332153;170.39641;0.0;-7.3453654e-25;99.99998;-7.345365e-21;0.06807393;-0.67191947;0.0032931566;0.24405122;0.24078041;0.0;0.0;4078.226;4804.708;-2392.47;6273.074;-466.76;-1148.7678
2011-10-13;5.867676;2.6703694;0.010017395;752.01044;0.90041095;218.72075;0.0;-7.3453654e-25;99.99998;-7.345365e-21;9.11508;-1.1275765;0.54483116;0.78335404;0.23852289;0.0;0.0;2042.1072;2404.1746;-1362.7128;6566.2646;-783.2889;-481.89777
2011-10-14;5.900065;0.8189392;0.010097504;754.7779;0.9603057;159.17862;0.0;-7.3453654e-25;99.99998;-7.345365e-21;0.02951324;-1.2102342;0.0015050173;0.23780763;0.23630261;0.0;0.0;3844.3284;4521.468;-2092.2039;5999.4824;-840.7095;-1093.0544
2011-10-15;7.082113;0.71067303;0.009738922;756.27563;1.04805;177.2721;0.0;-7.3453654e-25;99.99998;-7.345365e-21;0.61788696;-1.1874176;0.030755997;0.26479363;0.23405254;0.0;0.0;3913.1594;4598.473;-2087.9;6106.271;-824.86;-944.4489
2011-10-16;8.466319;0.9958394;0.010245006;754.8113;0.9860447;227.21071;0.0;-7.3453654e-25;99.99998;-7.345365e-21;1.4366865;-1.0797307;0.08331239;0.31517446;0.23185462;0.0;0.0;3217.111;3779.3489;-1766.9105;6455.287;-750.05334;-757.81555
2011-10-17;8.399098;-0.31937662;0.010486603;754.3884;0.8747916;218.30531;0.0;-7.3453654e-25;99.99998;-7.345365e-21;2.4312427;-1.2659589;0.13849884;0.3682375;0.2297461;0.0;0.0;2982.7673;3503.0657;-1677.2383;6454.285;-879.42;-614.49225
2011-10-18;8.031117;-0.9048462;0.010016124;754.908;1.0966699;224.70569;0.0;-7.3453654e-25;99.99998;-7.345365e-21;0.0;-1.2185974;0.0;0.22761524;0.22761524;0.0;0.0;3812.6194;4476.234;-2129.3733;6033.9;-846.5195;-938.38776
2011-10-19;3.7339478;0.55933636;0.009774526;750.70654;1.1463758;233.80995;0.0;-7.3453654e-25;99.99998;-7.345365e-21;6.9213686;-1.055114;0.4375279;0.6630868;0.22556633;0.0;0.0;2858.1638;3354.8123;-1290.1411;6581.678;-732.9522;-1021.8311
2011-10-20;0.0421346;-3.9254456;-4.887174;748.7566;1.2438394;149.9865;2.050944;0.00033307076;131.11163;2.1972656;2.7211854;-1.3074801;0.109657645;0.33324957;0.22359937;0.0006556511;0.8136369;3085.835;3622.0854;-1661.9489;5902.332;-908.1578;-1196.3044
2011-10-21;2.698405;-6.021066;-8.192382;752.60645;0.8349282;60.468876;4.753418;0.00070619583;150.42804;4.3538413;0.0;-1.231825;0.013642013;0.23525208;0.22161752;0.18290803;0.0;3874.0593;4701.8213;-2373.9517;5187.1846;-855.8289;-722.86
2011-10-22;4.198771;-5.938273;-7.0017815;753.6474;1.0068908;64.709854;3.4828289;0.00051705044;150.7425;3.3365886;0.0008583069;-1.2082775;0.014036894;0.2336353;0.21961331;0.1886934;0.0;3920.5427;4709.182;-2360.726;5340.2354;-839.48334;-676.9
2011-10-23;4.5881042;-8.47701;-7.6430564;753.1328;0.9307122;179.3796;2.3806152;0.0003526608;150.77309;2.319336;0.0008642673;-1.1910722;0.010713935;0.2283454;0.21763146;0.14540553;0.0;3810.0122;4536.6577;-2405.7983;5269.1074;-827.5845;-701.9011
2011-10-24;4.6847634;-6.996765;-5.8762436;754.0112;0.84493214;280.0687;1.566569;0.00023162365;150.79164;1.4241537;0.0008523463;-0.96685064;0.007599592;0.2233088;0.21569431;0.10394491;0.0;3532.859;4182.009;-2012.0283;5696.6953;-671.7522;-681.0611
2011-10-25;3.7144673;-3.5922241;-5.1195145;751.34283;0.91964483;127.3953;0.9926758;0.00014666717;150.80858;0.9765625;0.44760704;-0.75789165;0.02862513;0.2424568;0.21383166;0.07159449;0.0;2436.2566;2871.619;-1580.9061;6097.0;-526.5278;-523.1711
2011-10-26;3.1742249;-4.530477;-5.3580537;748.69556;0.9081752;136.24574;0.61832684;9.123484e-05;150.81703;0.9765625;0.1314555;-0.7799733;0.009804964;0.22180378;0.21200627;0.045824796;0.0;2908.2395;3418.3923;-1752.2095;5911.763;-541.85114;-633.7633
2011-10-27;1.7618002;-2.3637288;-3.7280262;750.24756;0.81282717;136.46797;2.1700847;0.00037391981;148.44562;2.400716;8.473789;-0.9462219;0.4826039;0.6928146;0.21020323;0.031407923;1.3016648;3298.2556;3869.2722;-1603.3578;6092.9585;-657.3017;-973.85223
2011-10-28;0.820811;-2.4944966;-4.1917496;750.9294;1.2740623;46.263424;10.192952;0.0015031496;146.5462;10.0911455;1.550833;-0.7972615;0.08112192;0.28958917;0.20846725;0.59588814;0.9336844;2031.0695;2518.41;-1283.4922;6186.7896;-554.11554;-487.1722
2011-10-29;0.03729248;-4.1673584;-3.8325527;748.4035;1.6105847;37.49;25.498373;0.0038649242;147.60577;25.878906;3.508935;-0.77922547;0.10402501;0.31080842;0.20678341;1.0984261;3.1176434;2153.6746;3000.1433;-1160.9355;6182.5454;-547.445;-626.6078
2011-10-30;-0.83451337;-5.324585;-4.6870522;747.49585;1.1807196;49.893597;26.891684;0.004028201;150.65428;26.611328;0.7926762;-0.73983425;0.09402633;0.2990961;0.20509213;0.9642318;0.4250966;2313.775;3209.4756;-1273.9227;5985.9023;-519.4522;-652.42554
2011-10-31;-2.034546;-5.7815957;-6.533301;748.5806;0.942707;66.73182;25.717691;0.0038814147;150.02147;25.716146;2.3176312;-0.7702867;0.1154691;0.31889975;0.20343065;0.82589316;1.3762974;2555.0466;3431.0444;-1527.703;5605.5776;-539.74664;-703.25555
2011-11-01;-3.269643;-7.0869775;-8.900101;749.79266;0.8827618;62.66269;27.524902;0.004124006;150.38344;27.26237;1.1990331;-0.7566735;0.10274351;0.30454993;0.20181388;0.7395968;0.44172257;2576.0679;3559.0388;-1745.2556;5176.1685;-531.0528;-628.3945
2011-11-02;-2.0051067;-9.761071;-9.68544;749.46704;0.8007028;87.5102;23.72876;0.0035426219;150.70409;23.35612;0.0;-0.70250964;0.06055832;0.26078522;0.200212;0.74415654;0.0;3122.14;4212.1846;-2080.8062;4871.4546;-492.74112;-606.92554
2011-11-03;-1.390686;-8.544393;-5.9310546;747.8328;0.88057333;135.38495;21.515625;0.0032814343;148.00584;21.891275;3.2737553;-0.67412204;0.060871243;0.25950372;0.19863248;0.6595701;3.1056702;2911.5244;3793.2356;-1454.2567;5748.817;-474.1311;-640.9211
2011-11-04;-2.3173726;-3.8119812;-2.6071396;748.2842;0.7902691;111.79129;83.88436;0.011756937;133.19464;86.26302;11.371516;-0.2322169;0.08267164;0.2797693;0.19709766;0.7054191;10.401417;772.22723;2080.0266;-500.6728;6469.0127;-172.65222;-193.45555
2011-11-05;-2.3230388;-3.5008748;-0.7866033;748.92194;0.86030173;60.37293;99.982994;0.027089715;145.61847;183.26823;18.581215;-0.16667694;0.2577752;0.45335293;0.19560754;0.7150024;14.382772;483.08;1841.5956;-394.25888;6679.4844;-128.79723;-141.10777
2011-11-06;-4.053762;-5.8849587;-4.077286;746.44434;0.8275562;121.725365;100.0;0.03492415;152.1227;229.32942;1.8326819;-0.16258377;0.012084842;0.20620227;0.19412488;0.13813749;1.5663952;922.3589;3357.0178;-1119.2983;5575.615;-123.59111;-147.72112
2011-11-07;-6.0495353;-9.047229;-7.7036767;747.3308;1.0737606;67.32101;100.0;0.03562069;154.8932;229.61426;1.6398609;-0.15189312;0.008255243;0.20092726;0.19265711;0.112777576;1.4131516;1121.515;3792.2544;-1166.8817;5202.1606;-114.40222;-115.40667
2011-11-08;-11.183418;-15.750295;-15.108826;749.4062;1.8126553;24.398699;100.0;0.036616962;155.22166;236.28743;0.111585855;-0.2020467;0.0;0.1912117;0.19121915;0.0;0.10486692;1203.3911;3991.72;-1492.2361;4170.3955;-154.89555;-44.333332
2011-11-09;-10.186474;-18.948153;-17.07688;748.2322;1.0724145;180.07124;100.0;0.036545794;156.40656;233.80534;0.003123366;-0.11021644;0.0005066395;0.19030273;0.18979609;0.007260591;0.0018365681;1274.6788;4127.901;-1338.3894;4184.319;-81.63333;-31.375555
2011-11-10;-6.8960037;-10.791836;-13.364579;747.69867;1.0312678;233.38655;100.0;0.036462586;157.93748;231.16048;0.007230043;-0.103559345;0.0026673079;0.19106269;0.18839538;0.03797561;0.005558133;1251.705;3956.9556;-1284.2211;4581.29;-77.67889;-48.762222
2011-11-11;-6.994262;-11.499112;-9.104887;749.1142;1.0726256;239.84358;100.0;0.036376;159.6074;228.19011;0.49583805;-0.23056008;0.005364418;0.19237399;0.18700957;0.075645745;0.46154857;1195.275;3685.3667;-841.0906;5445.1543;-176.40778;-109.72
2011-11-12;-4.9564033;-6.123413;-4.801665;746.993;0.9284594;178.16829;100.0;0.041214865;153.08266;268.35123;6.9283843;-0.13982877;0.0;0.18566847;0.18566102;0.0;6.920148;458.13333;1561.4911;-250.12167;6471.456;-108.494446;-144.51445
2011-11-13;-7.8909492;-14.416848;-11.37568;748.4162;1.165969;36.701077;100.0;0.0435313;152.83234;284.74936;0.0060647726;-0.09404495;0.00028312206;0.18461049;0.18432736;0.0040642917;0.0044181943;1134.9255;3985.7444;-1549.2528;4437.5615;-69.200554;-61.83889
2011-11-14;-7.070871;-11.813281;-10.441014;749.1009;0.87569636;46.251026;100.0;0.044074815;153.55174;286.9873;1.2009025;-0.096299686;0.0;0.18301606;0.18300861;0.0;1.1802875;682.2528;2351.4834;-499.28278;5685.1104;-73.19444;-58.616665
2011-11-15;-2.739877;-6.4149995;-3.5408084;748.59076;0.6778025;165.87154;100.0;0.0503393;152.28612;328.85742;16.78666;-0.16503501;0.14914572;0.33085048;0.18170476;0.48412383;14.470417;802.03;2820.2578;-591.11835;6227.1816;-125.94666;-108.48
2011-11-16;-3.3443096;-5.2303452;-2.753189;747.68085;0.80059093;170.21825;100.0;0.060456913;155.54979;389.28223;0.9543146;-0.16366318;0.004224479;0.18464029;0.18042326;0.054568052;0.87402016;914.5283;3247.8633;-1085.1777;5726.6587;-124.187775;-132.56223
2011-11-17;-4.559072;-6.187725;-5.149882;748.38965;0.7072651;169.35045;100.0;0.06061284;160.6699;378.05176;0.20976663;-0.12705661;0.0033080578;0.18247962;0.17916411;0.043660402;0.2040565;770.85223;2543.4055;-520.3411;6180.4;-96.740555;-108.31778
2011-11-18;-3.820984;-4.8936195;-2.8120105;749.28033;0.6602233;109.64908;100.0;0.06259179;163.90721;382.0394;4.9184337;-0.1630187;0.013291836;0.1912117;0.17791986;0.080695376;4.5072994;805.4805;2549.3555;-532.8789;6396.5977;-125.11889;-169.65555
2011-11-19;-3.1777534;-5.645041;-2.9020195;749.0295;0.9079264;51.0053;100.0;0.06515261;168.21971;388.38705;0.0332245;-0.16037934;0.010050833;0.18674135;0.17669052;0.12617931;0.024691224;994.7733;3167.379;-1021.9689;5803.8804;-121.49;-123.596664
2011-11-20;-5.039655;-7.2947783;-4.8184533;746.886;1.0121791;31.288376;100.0;0.06582928;172.78253;381.30698;2.078431;-0.19262172;0.009387732;0.1848638;0.17547607;0.071955845;1.6295612;845.4239;2533.9368;-765.0989;5895.352;-148.26778;-144.17
2011-11-21;-4.3333435;-6.949571;-4.7786775;749.9492;0.75900936;67.21872;100.0;0.066871405;175.82062;381.38834;0.06535649;-0.12420304;0.006943941;0.18122792;0.17428398;0.08396804;0.049162656;972.03723;2932.6167;-925.0722;5762.0557;-93.915;-92.46555
2011-11-22;-5.405248;-8.8405695;-7.491365;751.25146;0.95451754;125.07052;100.0;0.066696204;179.76886;371.74478;0.010496377;-0.15863962;0.008031726;0.18113852;0.17309189;0.0988096;0.007495284;1142.8722;3311.5955;-1344.4183;5013.7;-120.63333;-108.82333
2011-11-23;-6.955934;-9.086196;-10.028277;748.41016;0.9888608;138.87508;100.0;0.066658854;182.34666;366.3737;0.33696294;-0.050028786;0.0028908253;0.17483532;0.17193705;0.035481527;0.3310889;1167.9839;3309.3677;-975.4711;5229.903;-36.24889;-60.465557
2011-11-24;-7.509276;-10.256332;-8.017999;746.14276;0.834138;108.137665;100.0;0.067396164;182.74281;368.89648;2.8719544;-0.16405153;0.0015199184;0.17230213;0.17079711;0.010831282;2.8167405;962.8039;2709.8;-953.315;5389.0547;-126.03555;-102.818886
2011-11-25;-10.608416;-14.556655;-12.734096;747.74445;1.7118396;28.576355;100.0;0.06998233;176.57387;396.4437;0.20316243;-0.112304464;0.0;0.16966462;0.16966462;0.0;0.2025254;1128.9822;3469.6277;-1662.5083;4143.8843;-85.342224;-24.5
2011-11-26;-13.017127;-20.841688;-18.55839;746.05194;1.1400542;168.13225;100.0;0.069970645;178.09178;392.82227;0.008511543;-0.04153885;0.0;0.16856194;0.16855448;0.0;0.0076517463;1171.9795;3528.831;-1341.8073;4013.91;-29.736666;-10.071111
2011-11-27;-9.784199;-15.386875;-16.5588;746.40826;0.9020281;128.33444;100.0;0.06996679;179.48402;389.68912;0.0008715047;-0.032845885;0.0;0.16745925;0.16745925;0.0;3.7252903e-05;1129.4506;3334.078;-1113.4406;4489.647;-23.331112;-3.0333333
2011-11-28;-10.023206;-14.236899;-14.319146;747.4424;1.0034289;54.151936;100.0;0.06995535;181.24315;385.7015;0.0015676022;-0.045923516;0.0;0.16635656;0.16637892;0.0;0.0003017485;1037.4044;3005.29;-1264.5533;4489.508;-33.595554;-20.444445
2011-11-29;-10.844426;-17.131021;-16.145266;748.25244;1.2173876;82.18478;100.0;0.06994303;182.89516;382.0394;0.0021517277;-0.046255067;0.0;0.16529858;0.16530603;0.0;0.0;1191.2689;3383.8455;-1406.2861;4185.403;-33.344444;20.35
2011-11-30;-12.389526;-19.028215;-17.314775;746.70294;1.2316805;30.593842;100.0;0.06993779;184.33168;378.94693;0.043421984;-0.04358031;0.0;0.1642406;0.1642555;0.0;0.042535365;1183.7877;3300.7278;-1292.5522;4181.864;-31.554445;-7.79
2011-12-01;-12.116626;-16.914877;-15.088329;746.9355;1.0342326;41.29313;100.0;0.07041768;182.7337;384.72495;0.54526925;-0.07323921;0.0;0.16322732;0.16319752;0.0;0.54172426;1061.2428;2965.3433;-1241.405;4459.4844;-55.24111;-46.53
2011-12-02;-10.595826;-15.786179;-16.841064;749.39355;1.0968001;75.50083;100.0;0.07051706;183.62303;383.46353;0.0033468008;-0.030351803;0.0;0.16218424;0.16217679;0.0;0.0017173588;1190.5516;3276.2344;-1353.6962;4187.6685;-21.496666;21.70111
2011-12-03;-13.053173;-18.676077;-17.15862;749.3115;1.1747838;29.757568;100.0;0.07051543;185.07062;380.3711;0.0011324883;-0.036374666;0.0;0.16117096;0.16117096;0.0;0.00028312206;1221.1244;3301.0889;-1455.52;4034.434;-26.116667;0.25666666
2011-12-04;-9.546779;-19.056778;-16.11692;752.653;1.2792437;19.763739;100.0;0.070503674;186.54066;377.64487;0.0004351138;-0.046465546;0.0;0.16015768;0.16016513;0.0;0.0;1238.9344;3290.381;-1332.5183;4307.113;-33.833332;48.54111
2011-12-05;-7.102534;-18.349562;-14.958837;752.7789;1.2455895;56.452175;100.0;0.07046425;188.2451;374.1862;0.0004351138;-0.050611794;0.0032782555;0.16245246;0.1591742;0.042457134;0.0;1276.1494;3329.23;-1522.615;4187.4067;-36.918888;76.43445
2011-12-06;-7.472248;-19.500898;-15.317822;751.50946;1.222189;157.80707;100.0;0.07039031;189.88084;370.68686;0.00041425228;-0.05217828;0.0049322844;0.16310811;0.15819073;0.0631921;0.0;1285.6339;3295.5344;-1511.7195;4165.4976;-38.25611;71.21667
2011-12-07;-6.774183;-19.767797;-15.379879;751.1657;1.1267872;223.73988;100.0;0.07029927;191.41046;367.51303;0.0;-0.057740137;0.005364418;0.16258657;0.15722215;0.06826967;0.0;1312.0728;3306.3179;-1543.8127;4122.874;-42.63889;73.06555
2011-12-08;-5.9861436;-19.355448;-14.9954195;749.3482;0.7966865;283.4128;100.0;0.070207916;192.91437;363.8102;0.0017046923;-0.07890165;0.0026226044;0.15889108;0.15626848;0.033207238;0.0;1291.5577;3200.4011;-1476.9244;4240.183;-60.22778;33.75
2011-12-09;-6.920545;-13.841832;-11.914571;748.0866;0.59319544;166.11229;100.0;0.07065884;192.66241;366.21094;1.410681;-0.106876716;0.0;0.1553297;0.15533715;0.0;1.3950989;647.79224;1596.3534;-312.21722;5801.367;-83.33222;-17.555555
2011-12-10;-8.967221;-10.658563;-9.47765;747.11383;0.78430104;78.24953;100.0;0.08207778;166.34406;493.24545;14.165178;-0.042741187;0.0;0.15442073;0.15442073;0.0;14.122121;316.19168;1144.8422;-678.82556;5508.622;-33.168888;-42.016666
2011-12-11;-11.24203;-16.104233;-16.971773;752.27997;1.3388299;9.590717;100.0;0.08595216;161.25648;532.7962;0.0009685755;0.0092489645;0.0;0.15349686;0.15350431;0.0;0.00097230077;840.8433;3131.0012;-1211.8728;4248.41;8.844444;32.47889
2011-12-12;-9.856577;-19.6355;-18.54732;752.21857;1.3596469;14.06037;100.0;0.08596929;163.26659;526.0417;0.0017151642;-0.01635775;0.0;0.15260279;0.15259534;0.0;0.0;870.2133;3162.3677;-1065.919;4340.193;-10.7722225;86.82445
2011-12-13;-10.559726;-16.886267;-18.671885;752.51196;1.4845132;13.53699;100.0;0.0859892;165.16469;520.5078;0.0017087777;0.01089368;0.0;0.15169382;0.15170127;0.0;0.0;895.7611;3179.7634;-1139.1777;4245.812;10.196667;86.975555
2011-12-14;-8.068524;-16.48269;-16.08831;752.9585;1.237403;10.082597;100.0;0.08601209;167.13573;514.6077;0.0008583068;-0.015785918;0.0;0.15081465;0.15081465;0.0;0.0;832.4339;2886.3945;-610.01166;5123.4453;-10.394444;51.746666
2011-12-15;-4.1006646;-14.072621;-10.33903;752.4722;0.9349287;34.52246;100.0;0.08608166;170.01137;506.02213;0.82152486;-0.061979517;0.0;0.14993548;0.14993548;0.0;0.66563857;818.7572;2778.2144;-728.0772;5494.1;-45.614445;5.9855556
2011-12-16;-5.1946106;-6.9651985;-7.134809;749.5503;0.67682385;170.75348;100.0;0.08989354;168.78905;531.53485;3.2909842;-0.014001504;0.0;0.14907122;0.14907122;0.0;3.0268543;571.69446;2042.3667;-406.17834;6148.383;-9.308888;-53.395557
2011-12-17;-5.52668;-6.4967575;-4.962354;748.7249;0.7097514;254.43286;100.0;0.09169892;172.03546;532.71484;2.3403823;-0.08101761;0.0;0.14822185;0.14822185;0.0;2.2365303;522.4683;1850.1655;-346.77832;6392.6045;-61.97778;-117.164444
2011-12-18;-5.7843947;-10.451615;-7.9958243;752.83344;1.1273845;37.1759;100.0;0.09297081;175.60219;529.2969;0.0068277116;-0.08559879;0.0;0.14737248;0.14737248;0.0;0.0055879354;812.8567;2907.9412;-1182.3824;5085.0024;-64.10445;-82.06778
2011-12-19;-5.7739997;-14.272143;-13.440464;756.3701;1.5514549;10.925685;100.0;0.092971526;178.7949;519.69403;0.00042617318;-0.015771016;0.0;0.14652312;0.14653057;0.0;0.0;896.0111;3130.1045;-1282.9895;4514.3945;-9.473333;105.346664
2011-12-20;-6.0668335;-17.260612;-16.258581;755.49316;1.3599721;149.0725;100.0;0.0929927;181.06932;513.0615;0.00086128706;-0.010194257;0.0;0.14570355;0.14570355;0.0;0.0;935.79944;3195.75;-1303.5673;4247.0835;-5.4844446;133.2411
2011-12-21;-4.7449174;-16.605194;-16.215698;753.6381;0.8659732;329.83923;100.0;0.093007006;183.0182;507.56836;0.0026226034;-0.013839453;0.0;0.14488399;0.14489144;0.0;0.00047683716;932.20056;3114.459;-1002.88165;4621.957;-8.616667;87.65222
2011-12-22;-3.2144165;-10.165654;-8.696171;751.8775;0.48140347;288.78192;100.0;0.093622245;184.78969;506.1849;1.4607638;-0.02890639;0.0;0.14407933;0.14408678;0.0;1.4251544;457.69333;1507.66;12.850555;6550.943;-21.188889;-9.958889
2011-12-23;-3.8488972;-5.920044;-5.5199;747.6131;0.7268416;207.39308;100.0;0.09499983;187.13734;507.16147;1.7992139;-0.05283393;0.0;0.14328957;0.14328957;0.0;1.5625768;481.35;1597.9512;-334.7028;6345.1265;-40.211113;-45.996666
2011-12-24;-5.1768136;-6.1659417;-3.6475437;744.71436;0.7807947;222.9543;100.0;0.10521535;179.84796;584.3506;20.848707;-0.12005307;0.0014901161;0.14400482;0.14250726;0.0;20.122833;328.91943;1165.6256;-338.3775;6458.155;-93.407776;-121.91778
2011-12-25;-5.550926;-7.4828134;-4.967893;745.68854;0.72521573;162.50467;100.0;0.12052492;168.263;715.0472;9.58662;-0.05657971;0.0;0.14173985;0.1417324;0.0;9.42114;427.765;1774.4255;-492.85443;6186.96;-42.823334;-90.44556
2011-12-26;-6.60731;-9.329499;-7.3986917;749.5606;0.70606774;77.82543;100.0;0.129192;166.39809;775.8382;5.942887;-0.02780743;0.0;0.14095008;0.14096498;0.0;5.8910213;501.69888;2108.0266;-626.2258;5777.5347;-19.805555;-66.87556
2011-12-27;-8.49989;-12.471413;-12.183368;752.0501;1.2835917;11.028911;100.0;0.13346355;168.09666;794.51495;0.3286481;0.0011604279;0.0;0.14020503;0.14019758;0.0;0.32865256;741.00446;3109.679;-1394.3528;4380.7754;3.4533334;21.544445
2011-12-28;-10.2317505;-17.8029;-17.422373;751.58124;1.4784108;8.437595;100.0;0.13350904;171.67967;777.9541;0.0017225742;-0.0023208559;0.0;0.13944507;0.13944507;0.0;0.0;788.58276;3219.9856;-1177.2017;4236.9966;0.48555556;95.39
2011-12-29;-8.416293;-16.85229;-18.774424;752.3372;1.4108523;12.360065;100.0;0.13353853;174.37921;766.3167;0.0004351138;0.008532777;0.0;0.13870001;0.13869256;0.0;0.0;811.07056;3225.4268;-1155.4;4195.3486;8.684444;130.88445
2011-12-30;-9.213654;-19.246887;-20.653915;752.03876;0.9747192;205.62187;100.0;0.13356607;176.70863;756.1849;0.0008351299;-0.00062957406;0.0;0.13795495;0.13795495;0.0;0.0;849.3578;3291.9622;-1204.0745;3957.0032;1.3255556;100.44889
2011-12-31;-7.3280044;-10.698944;-15.940299;748.55084;0.5593695;92.54696;100.0;0.13672335;174.2285;783.93555;5.495125;0.021601096;0.0;0.1372397;0.13723224;0.0;5.49287;495.69888;1932.2156;245.88;6222.2065;17.733334;0.75222224
2012-01-01;-6.6342177;-8.384804;-10.202519;746.32245;0.6692278;197.98859;100.0;0.13959818;175.15102;797.5667;0.45349002;-0.00010803342;0.0;0.13650954;0.13650954;0.0;0.44548884;591.74835;2335.7;-571.6739;5662.763;1.6533333;-42.804443
2012-01-02;-9.192273;-10.749476;-10.763654;745.3636;0.87160486;141.33907;100.0;0.13971667;179.98859;776.7741;0.050354004;-0.0135768205;0.0;0.13580918;0.13579428;0.0;0.0468567;652.4889;2509.9255;-634.6422;5494.8335;-8.877778;-93.79222
2012-01-03;-11.093254;-13.633133;-11.945327;747.053;1.156544;116.915596;100.0;0.13977389;184.39711;758.46356;0.039476156;-0.021422282;0.0;0.13509393;0.13509393;0.0;0.033233315;764.67834;2872.7488;-1078.7247;4835.05;-14.592222;-77.35333
2012-01-04;-11.841451;-19.66236;-16.75577;749.08;1.3733163;8.644005;100.0;0.13979149;187.64647;745.56476;0.004741549;-0.028067268;0.0;0.13439357;0.13438612;0.0;0.0017285347;892.2967;3271.2378;-1294.3138;4159.0674;-19.457777;42.126667
2012-01-05;-8.644038;-18.678888;-18.46901;748.8174;1.1069808;96.61683;100.0;0.13980806;190.04295;735.83984;0.0029978263;-0.009061769;0.0;0.13369322;0.13369322;0.0;0.0;932.7822;3339.4443;-1211.7117;4162.517;-4.7833333;88.69222
2012-01-06;-9.3673525;-15.397946;-18.264002;745.90375;0.76047784;198.77492;100.0;0.14021389;191.46156;732.2998;0.63678026;0.018116087;0.0;0.13300776;0.13301522;0.0;0.62870234;596.8289;2093.4834;-694.31775;4782.2656;14.945556;58.94889
2012-01-07;-10.534597;-13.7373;-17.546616;747.9297;1.1519634;48.384735;100.0;0.14050221;193.27211;726.9694;0.0030630268;0.027097762;0.0;0.13233721;0.13232976;0.0;0.0013411045;920.5639;3187.3777;-1077.3058;4417.95;22.753334;26.637777
2012-01-08;-8.623656;-10.840398;-15.68269;746.2405;0.68540263;120.14065;100.0;0.144334;189.86717;759.4401;10.068565;0.02201274;0.0;0.13166666;0.13166666;0.0;10.035992;667.2172;2263.47;-177.11722;5703.1304;18.278889;0.68666667
2012-01-09;-6.340037;-7.4013047;-9.444261;747.6301;0.9813338;237.6747;100.0;0.1511304;184.24184;820.88214;1.4749914;0.008258969;0.0;0.13099611;0.13100356;0.0;1.4327242;624.32556;2442.06;-295.265;6115.6577;8.133333;-57.85889
2012-01-10;-5.927854;-8.932145;-8.652318;750.1379;0.8545289;148.20328;100.0;0.1524287;188.81769;807.9427;0.2142936;-0.023063272;0.0;0.13034046;0.13034791;0.0;0.21264702;780.5639;3033.3289;-1212.1727;4989.7646;-15.181111;-49.47111
2012-01-11;-7.79652;-12.783985;-12.945117;745.8142;0.81719565;57.726788;100.0;0.1540118;190.86488;805.82684;6.343582;-0.019041821;0.0;0.12969226;0.12969226;0.0;6.340891;852.72723;3232.2988;-703.79834;5239.15;-12.302222;-15.176666
2012-01-12;-8.098445;-9.696523;-10.103253;745.2263;0.7465864;182.96098;100.0;0.15923929;187.72328;848.7549;0.42669177;-0.013422221;0.0;0.12904406;0.12904406;0.0;0.42032823;704.3356;2808.841;-671.36945;5539.0435;-8.397778;-75.545555
2012-01-13;-9.281926;-10.8628;-10.05873;743.8167;0.6416813;150.36452;100.0;0.16072969;189.97491;845.8659;2.1580398;-0.017732382;0.0;0.1284182;0.1284033;0.0;2.1213255;561.98114;2209.1746;-431.8461;5797.099;-12.392222;-75.79
2012-01-14;-8.663569;-10.12648;-8.89626;745.6558;0.82885295;250.63676;100.0;0.16207106;193.04555;839.88446;1.150325;-0.036063604;0.0;0.12777746;0.12777746;0.0;1.142621;650.365;2529.0188;-467.37167;5904.4966;-26.362223;-107.954445
2012-01-15;-7.7830505;-8.990189;-7.9576125;747.49115;0.77628374;200.56844;100.0;0.16385596;195.81248;836.3037;3.2911792;-0.049963593;0.0;0.12715161;0.12715906;0.0;3.286049;481.91165;1850.6644;-190.97556;6281.553;-37.893333;-114.18667
2012-01-16;-6.375843;-7.301267;-6.1805496;746.1149;1.1617229;205.87373;100.0;0.16954815;194.7057;870.3206;4.585947;-0.047352165;0.0;0.12654066;0.12654066;0.0;4.564382;517.45056;2075.0088;-446.61945;6163.3047;-35.61;-103.117775
2012-01-17;-6.9072;-8.284724;-6.4605384;746.9484;0.797499;211.39142;100.0;0.17201324;198.3841;866.9841;3.9965363;-0.09407755;0.0;0.12591481;0.12591481;0.0;3.9882958;612.37335;2427.0288;-345.99667;6240.5864;-71.58889;-147.29889
2012-01-18;-6.8048186;-7.749495;-5.786157;747.06256;0.9458306;212.41801;100.0;0.17983735;195.98402;917.15497;5.613947;-0.06925408;0.0;0.12531877;0.12530386;0.0;5.605038;628.80835;2602.2766;-541.2978;6070.602;-52.014446;-163.47333
2012-01-19;-10.877372;-13.425031;-8.240392;742.4423;0.694853;201.90594;100.0;0.18254292;198.88963;917.2363;3.917267;-0.15610643;0.0;0.12470782;0.12470782;0.0;3.9119833;579.07556;2361.172;-680.04834;5558.4893;-120.72;-226.72888
2012-01-20;-14.637489;-18.079369;-12.7837105;739.1831;0.74898714;119.8525;100.0;0.18779679;189.97752;987.8337;2.0120175;-0.067505985;0.0;0.12411177;0.12411177;0.0;2.0077825;797.6778;3305.699;-1353.1923;4327.3213;-50.961113;-146.15334
2012-01-21;-16.057852;-21.787773;-18.769262;744.5944;1.0519646;36.558914;100.0;0.18811937;192.78676;975.8708;0.0027865162;-0.0170758;0.0;0.123515725;0.123515725;0.0;0.0018775463;931.1139;3762.3867;-1474.4889;3683.9453;-11.236667;-58.504444
2012-01-22;-12.32746;-19.38817;-20.24376;743.14496;1.013111;56.5342;100.0;0.1881396;195.27667;963.9079;0.06433129;-0.0063963234;0.0;0.12293458;0.12293458;0.0;0.063907355;837.08386;3292.8545;-751.99835;4578.6235;-3.0633333;17.144444
2012-01-23;-11.754131;-13.873235;-17.46633;743.90875;0.86955357;191.99463;100.0;0.18852758;197.1787;955.9326;1.7285168;0.011827797;0.0;0.122353435;0.122353435;0.0;1.7229319;847.285;3252.2688;-337.36166;5362.661;11.025556;-57.675556
2012-01-24;-10.1926155;-11.951791;-13.176223;745.7105;0.6451361;193.30339;100.0;0.19098668;195.75096;975.3418;1.3736784;-0.01725927;0.0;0.12178719;0.12177974;0.0;1.3632923;772.53613;2995.6477;-547.4961;5467.0967;-11.5211115;-88.912224
2012-01-25;-9.93644;-14.220878;-13.257688;745.5118;0.70754904;172.8722;100.0;0.1916337;198.71027;964.51825;0.48770308;-0.035120174;0.0;0.121206045;0.121213496;0.0;0.4813075;839.2661;3196.7844;-840.92;5013.1206;-24.656666;-69.937775
2012-01-26;-7.63621;-8.894025;-11.120404;746.4924;0.4874066;266.48813;100.0;0.19580002;196.17381;996.8669;6.8490653;0.011113472;0.0;0.1206547;0.1206547;0.0;6.844446;376.68777;1456.9656;56.22889;6371.6;9.458889;-38.004444
2012-01-27;-6.416874;-7.30955;-7.5514984;743.02545;0.7608983;177.65923;100.0;0.21184976;187.04164;1129.8422;30.31295;-0.00426732;0.0;0.12010336;0.12010336;0.0;30.280285;329.66388;1349.8689;-31.630833;6571.182;-2.5166667;-61.93111
2012-01-28;-8.692699;-10.243023;-7.865944;740.88696;0.7647055;122.39526;100.0;0.23695166;174.08104;1361.6943;6.8971243;-0.07932633;0.0;0.119552016;0.119552016;0.0;6.8864784;649.81836;2819.561;-943.7794;5332.491;-59.854443;-155.48889
2012-01-29;-10.044549;-11.844686;-11.874225;745.3807;0.6987303;142.29335;100.0;0.23819308;181.60902;1313.3951;0.5946934;-0.01241453;0.0;0.11900067;0.11900067;0.0;0.5900711;850.0911;3596.3777;-831.85443;5120.094;-7.112222;-108.31555
2012-01-30;-8.960252;-10.897901;-10.710491;746.4202;0.7836585;110.31522;100.0;0.23947954;187.20506;1280.9652;1.3025999;-0.03894046;0.0;0.11844933;0.11845678;0.0;1.2976005;752.3089;3107.9612;-571.9267;5615.311;-28.02111;-116.49778
2012-01-31;-7.5994964;-8.7651205;-9.282298;741.489;0.6768277;139.97743;100.0;0.25317028;182.84145;1382.1207;25.97788;0.010592863;0.0;0.11791289;0.11791289;0.0;25.9701;212.385;897.2711;65.660835;6485.0854;8.635555;-22.54889
2012-02-01;-6.6299424;-8.852927;-7.34191;738.99976;0.6087584;91.60614;100.0;0.28388345;172.95863;1639.2416;24.898375;-0.04355423;0.0;0.11739135;0.11739135;0.0;24.882145;434.61612;1886.7034;-386.25278;6110.6123;-32.493332;-78.48111
2012-02-02;-8.227322;-9.984612;-8.093551;742.9712;0.92290807;179.17183;100.0;0.2956504;179.94203;1644.6127;7.10392;-0.06039813;0.0;0.11686981;0.11686236;0.0;6.98927;670.7411;2891.0078;-744.7683;5598.3013;-44.84;-133.71222
2012-02-03;-9.9355345;-19.056063;-12.258182;752.58984;1.1485336;56.176914;100.0;0.29927576;188.1507;1593.1396;0.009286404;-0.09780936;0.0;0.116333365;0.116333365;0.0;0.008434057;1004.4067;4252.3457;-1511.2439;4235.2754;-72.16;-79.04444
2012-02-04;-10.519901;-21.54322;-17.213099;754.517;1.592261;18.308569;100.0;0.29926345;194.51495;1539.9984;0.0012814989;-0.04320778;0.0;0.115811825;0.115804374;0.0;0.0;1084.1783;4465.6333;-1723.5211;3583.8208;-29.996666;67.94
2012-02-05;-11.512746;-24.24121;-20.635237;752.0757;1.4224215;17.645506;100.0;0.29926625;198.70213;1507.1207;0.0012875523;-0.03841147;0.0;0.11527538;0.115290284;0.0;0.0;1125.045;4511.9766;-1553.4983;3558.5415;-26.504444;100.225555
2012-02-06;-9.326008;-26.031195;-21.83383;750.5009;0.86967295;171.90154;100.0;0.29926884;202.01952;1482.3405;0.0008553266;-0.041522086;0.0;0.11476874;0.11476874;0.0;0.0;1149.0789;4489.8223;-1320.2428;3784.1042;-29.06889;77.82
2012-02-07;-8.477431;-14.926387;-19.087942;746.7222;0.6657787;239.82288;100.0;0.30398774;200.69334;1513.1022;17.868687;0.022379681;0.0;0.114262104;0.114262104;0.0;17.863523;639.4056;2443.7634;157.21445;5870.9062;18.356667;-5.136667
2012-02-08;-8.129517;-9.135993;-11.928345;742.55695;1.1538222;208.75969;100.0;0.33121404;186.48729;1775.2279;16.9396;0.018627383;0.0;0.113770366;0.113770366;0.0;16.921192;475.49612;2066.359;80.18833;6388.6577;15.775556;-57.744446
2012-02-09;-7.4665933;-8.58776;-8.3326645;743.7037;1.0045967;195.04683;100.0;0.3403258;192.02635;1772.2982;15.202632;-0.04207529;0.0;0.11327863;0.11327863;0.0;15.192397;537.4728;2284.2734;-161.69444;6355.319;-31.23;-133.54556
2012-02-10;-8.887567;-11.010821;-8.05544;741.5027;0.7533498;211.43048;100.0;0.36731505;184.02895;1994.9545;21.38022;-0.09582378;0.0;0.11278689;0.11277944;0.0;21.347788;616.99445;2693.2966;-574.1522;5777.797;-72.975555;-163.83778
2012-02-11;-9.21168;-11.868977;-9.981687;747.7405;0.8154769;89.2147;100.0;0.3742083;192.8727;1944.5801;0.062892936;-0.05221367;0.0;0.11229515;0.11229515;0.0;0.06075576;1014.97943;4354.4165;-1395.2169;4630.21;-36.802223;-153.07222
2012-02-12;-10.00652;-20.485153;-15.312831;751.64594;1.1426381;41.2567;100.0;0.3742266;201.66957;1858.2764;0.0012814997;-0.06358698;0.0;0.11180341;0.11179596;0.0;0.0;1164.9978;4848.8257;-1691.8942;3769.1172;-45.04778;-11.917778
2012-02-13;-9.748305;-20.115814;-17.266436;750.02655;1.228835;21.947159;100.0;0.37422144;207.4046;1806.6813;0.0017344946;-0.048458576;0.0;0.111311674;0.111311674;0.0;0.0008791685;1092.8578;4423.2896;-1066.4331;4476.792;-33.883335;8.137777
2012-02-14;-7.714624;-19.522203;-16.475615;748.6255;0.8023668;220.97797;100.0;0.37422106;212.6764;1762.2477;0.009599328;-0.05930662;0.0;0.11083484;0.11082739;0.0;0.008713454;1193.1578;4705.677;-1125.8339;4494.815;-41.97;-21.231112
2012-02-15;-7.7058067;-11.148562;-14.258594;743.2117;0.723519;247.51129;100.0;0.37687525;215.84633;1745.931;10.839991;0.015469268;0.0;0.110358;0.11035055;0.0;10.807305;744.6778;2882.4534;-177.15445;5855.2754;13.857223;-54.337776
2012-02-16;-8.945156;-10.9400215;-10.690537;735.72076;0.6456008;240.42378;100.0;0.3986126;201.47003;1977.8646;15.2382555;-0.01521036;0.0;0.10988116;0.10988116;0.0;15.234433;558.0661;2417.2266;-317.32193;5934.2847;-10.132222;-73.61916
2012-02-17;-8.056256;-9.8856125;-9.017909;736.8781;1.0077778;196.26576;100.0;0.40404603;207.61913;1947.876;8.529651;-0.07945951;0.0;0.10941923;0.10941923;0.0;8.5207;995.54834;4214.5933;-559.2514;5837.8257;-58.174446;-184.27777
2012-02-18;-9.992775;-12.302918;-8.2849655;733.88324;0.92780256;179.27791;100.0;0.43413445;196.88605;2202.596;32.05249;-0.18445402;0.0;0.10895729;0.10894984;0.0;32.03647;579.01556;2524.9155;-449.84;5895.0527;-142.66222;-244.26277
2012-02-19;-12.655884;-14.963543;-10.9394655;741.559;0.8512113;204.82768;100.0;0.446329;200.2848;2232.7068;1.7298937;-0.11552777;0.0;0.10848045;0.108495355;0.0;1.7239227;771.4017;3317.0833;-844.74335;5142.723;-88.225555;-218.33888
2012-02-20;-13.303757;-20.955732;-14.016197;749.8768;1.0228317;28.500109;100.0;0.44681486;209.45702;2136.5967;0.015690923;-0.096940435;0.0;0.10803342;0.10804087;0.0;0.014830381;1200.7589;5038.559;-1531.1405;4088.778;-71.418335;-203.95
2012-02-21;-11.497071;-20.238548;-17.75984;752.1336;1.2784969;24.377993;100.0;0.44680664;215.9492;2071.6553;0.00085234636;-0.04299078;0.0;0.10757148;0.107586384;0.0;0.0;1302.1578;5314.92;-1686.8678;3627.7695;-29.289444;-15.675555
2012-02-22;-11.46532;-22.375772;-19.443972;748.6586;1.0863607;54.63969;100.0;0.44681227;220.78741;2025.7975;0.0008523463;-0.05055964;0.0;0.10712445;0.1071319;0.0;0.0;1338.5039;5321.848;-1526.0753;3731.3394;-35.166668;-4.7622223
2012-02-23;-10.037117;-22.604364;-20.211672;746.6914;0.97198945;64.95206;100.0;0.44681275;224.94334;1988.3219;0.0021398063;-0.05132146;0.0;0.10667741;0.10667741;0.0;0.0;1407.6594;5453.5327;-1568.0472;3646.0227;-35.752777;12.115556
2012-02-24;-9.699445;-20.613981;-20.07969;741.81024;0.8175738;117.85043;100.0;0.44681716;228.7464;1955.5258;0.0045341593;-0.041818246;0.0;0.10623038;0.10623038;0.0;0.0015385449;1428.3922;5396.931;-1239.9406;4095.381;-28.673334;-19.48889
2012-02-25;-10.074904;-15.057019;-17.331888;738.4634;0.8964532;98.45571;100.0;0.4468726;232.83429;1921.3867;0.057518482;-0.011185184;0.0;0.105798244;0.105790794;0.0;0.050731003;1283.2361;4739.399;-1007.44;4632.901;-5.4566665;-80.11444
2012-02-26;-8.815399;-13.831357;-15.669101;741.1568;0.8010786;128.11499;100.0;0.44691953;237.47784;1884.6842;0.012922034;-0.04264526;0.0;0.10535121;0.10535866;0.0;0.011149794;1485.8944;5354.5435;-1337.7333;4379.154;-28.824444;-104.64555
2012-02-27;-7.235106;-9.461819;-13.539952;745.8763;0.7486401;179.35632;100.0;0.44743958;241.95245;1851.3184;2.149696;-0.021288171;0.0;0.104919076;0.104919076;0.0;2.1431222;1251.1561;4400.458;-449.46582;5727.6343;-13.058888;-125.14
2012-02-28;-5.1733193;-7.338501;-8.801914;742.76276;0.758975;190.47331;100.0;0.45192668;244.63475;1848.9584;5.809188;-0.077554956;0.0;0.10448694;0.10448694;0.0;5.6500173;917.56665;3413.97;-286.27222;6278.8564;-57.54222;-129.40195
2012-02-29;-6.30839;-7.968427;-6.548538;735.4011;1.0626215;187.21144;100.0;0.46914533;239.19823;1959.1064;27.474298;-0.10190159;0.0;0.10405481;0.10406226;0.0;27.297102;864.35944;3611.6882;-487.7275;6134.109;-76.41333;-195.08444
2012-03-01;-8.834728;-10.666523;-6.869995;733.80273;1.1304104;178.97145;100.0;0.4968736;228.03839;2177.2869;22.146885;-0.22629835;0.0;0.103637576;0.10364503;0.0;22.138636;831.07776;3589.1638;-439.305;6050.0713;-174.58778;-362.2911
2012-03-02;-11.051728;-13.916084;-8.586204;733.28735;0.968301;207.01051;100.0;0.511119;227.7184;2248.006;2.5108933;-0.21136925;0.0;0.10322034;0.10322034;0.0;2.5031939;1013.03613;4380.364;-1022.8111;5150.1787;-162.11111;-321.09888
2012-03-03;-12.629609;-15.157403;-10.974876;736.4277;1.5609194;247.58983;100.0;0.5123393;235.75714;2175.6592;2.1855414;-0.17305277;0.0;0.10281801;0.10280311;0.0;2.1748915;1158.5903;4883.9287;-789.4683;5274.6655;-132.05333;-347.3922
2012-03-04;-11.912524;-13.6323;-10.810749;734.9571;1.3838962;201.97563;100.0;0.5278228;230.43195;2289.5916;26.0326;-0.06305985;0.0;0.10240078;0.10240078;0.0;26.027132;340.43262;1442.2705;-327.60416;5796.3237;-48.876667;-128.14223
2012-03-05;-13.045914;-15.931952;-12.461921;742.9206;0.8854634;161.072;100.0;0.5401756;229.0895;2360.962;0.41015366;-0.1013875;0.0;0.10201335;0.10199845;0.0;0.40330738;1224.948;5258.7344;-1263.2609;4555.584;-75.55666;-264.6378
2012-03-06;-11.325432;-14.49886;-13.141587;747.22144;0.9208378;171.29887;100.0;0.540628;236.15785;2291.6667;0.96785754;-0.075815246;0.0;0.10159612;0.101581216;0.0;0.9626485;1235.1367;5150.4087;-694.0714;5313.46;-54.88222;-224.4025
2012-03-07;-7.123388;-8.726918;-10.211467;749.3101;0.8381788;211.77942;100.0;0.5414223;243.17413;2229.3293;0.26540458;-0.042593107;0.0;0.101178885;0.101171434;0.0;0.2598986;1252.0103;5117.432;-672.0919;5686.459;-28.697779;-200.48334
2012-03-08;-6.325002;-8.447896;-8.315757;748.82684;0.8767603;186.79088;100.0;0.541588;251.7412;2154.1748;0.0137746325;-0.07319264;0.0;0.10077655;0.1007691;0.0;0.011228025;1439.5328;5741.6855;-1187.4484;5184.418;-51.125557;-214.44028
2012-03-09;-6.9243035;-10.850983;-8.414318;748.1231;0.9588523;134.37378;100.0;0.54156363;259.8672;2086.3445;0.0062286854;-0.13910514;0.0;0.10034442;0.10035932;0.0;0.003542751;1526.3717;5932.2446;-1389.9895;4907.769;-102.12444;-230.38333
2012-03-10;-8.825061;-16.343506;-9.772858;744.9168;1.0566454;116.37249;100.0;0.5414898;266.76987;2031.7789;0.02067089;-0.17958134;0.0;0.09995699;0.09995699;0.0;0.019263476;1603.0503;6082.818;-1697.5736;4369.495;-133.73445;-253.67917
2012-03-11;-8.364499;-21.600084;-12.835521;745.83374;1.0167601;78.43032;100.0;0.54144806;271.9974;1992.1469;0.0021223032;-0.12131035;0.0;0.09953976;0.09954721;0.0;0.00041350722;1736.7509;6425.9272;-1980.4392;3742.6814;-88.31333;-142.77916
2012-03-12;-5.7667313;-10.609304;-12.213474;745.262;0.6808335;253.29852;100.0;0.5465886;271.81967;2010.5387;10.265857;0.018771738;0.0;0.09915233;0.09915233;0.0;10.259218;575.2011;2141.0342;-32.495834;6221.431;15.111111;-26.235556
2012-03-13;-3.4288228;-7.954183;-10.07487;746.75653;0.6968593;245.80438;100.0;0.55175275;272.93164;2023.234;0.022372184;-0.007087365;0.0;0.0987798;0.0987798;0.0;0.017222017;1528.3088;6115.515;-1438.9288;4743.0703;-3.1322222;-167.43222
2012-03-14;-4.0621743;-6.9764457;-9.531293;743.94965;0.9718659;242.47151;100.0;0.5532548;277.3037;1995.6869;6.6468654;-0.016959384;0.0;0.09840727;0.09840727;0.0;6.3357725;1220.7699;4751.5684;-733.7633;5659.2183;-11.584444;-136.37
2012-03-15;-6.2495217;-7.5101523;-7.024719;739.9368;1.5340286;208.25215;100.0;0.5630674;275.71713;2042.7246;8.060182;-0.08037686;0.0;0.09803474;0.09804219;0.0;8.049093;1212.7522;5018.5;-607.63776;6017.7686;-61.59889;-309.4847
2012-03-16;-7.3382707;-9.210238;-6.2571054;738.1967;1.0764407;196.03845;100.0;0.5825746;266.3441;2185.1807;27.741194;-0.16561523;0.0;0.09769201;0.09766966;0.0;27.720638;788.3836;3376.381;-480.16583;6099.84;-129.15778;-273.37054
2012-03-17;-11.357712;-16.209164;-8.274125;740.6262;1.6196507;54.212204;100.0;0.6008903;259.0638;2320.0276;7.383618;-0.3455868;0.0;0.09730458;0.09730458;0.0;7.374242;737.4125;3204.6406;-985.9314;5132.751;-271.03888;-297.78
2012-03-18;-8.401502;-19.014341;-12.450618;752.98224;1.0560812;65.24529;100.0;0.60264105;264.19662;2282.959;0.0004351138;-0.05461648;0.0;0.096946955;0.096946955;0.0;0.0;1587.2272;6708.2144;-1743.7983;4027.5107;-41.04889;-207.34555
2012-03-19;-4.263986;-16.394789;-12.843017;756.2031;1.1267253;59.31499;100.0;0.6026185;269.5537;2237.6301;0.0;-0.025933608;0.0;0.09658933;0.09658933;0.0;0.0;1638.6984;6739.528;-1550.4283;4376.275;-19.395555;-100.14111
2012-03-20;-3.7675693;-16.267525;-12.487537;754.2456;1.1133467;74.478035;100.0;0.60260415;274.60678;2196.2078;0.0;-0.031657517;0.0;0.0962317;0.09623915;0.0;0.0;1704.7639;6827.3916;-1588.4963;4382.4116;-23.82;-101.70111
2012-03-21;-4.1362176;-15.745723;-11.942872;751.3099;1.0650607;62.011242;100.0;0.6025831;279.49057;2157.9182;0.0;-0.035950914;0.0;0.09588897;0.09588152;0.0;0.0;1746.7933;6816.58;-1568.4647;4471.1753;-27.217777;-138.17555
2012-03-22;-4.57937;-11.974262;-11.359321;748.4488;0.9845111;94.01862;100.0;0.6025635;284.25424;2121.8262;0.0017166138;-0.028522685;0.0;0.095546246;0.095538795;0.0;0.0;1787.2678;6800.7485;-1521.0006;4585.723;-21.476667;-184.30472
2012-03-23;-4.1149597;-8.777362;-10.084511;749.4234;0.93105155;101.75805;100.0;0.6028585;288.9375;2088.2568;0.65544844;-0.039555132;0.0;0.09518862;0.09518862;0.0;0.31548366;1658.4889;6169.8555;-1153.7694;5163.238;-30.385555;-187.70778
2012-03-24;-3.1922684;-7.135508;-8.323064;751.2548;0.8531681;185.72896;100.0;0.60315347;293.95963;2053.5076;0.0028626064;-0.0632219;0.0;0.09484589;0.09485334;0.0;0.00071525574;1829.8633;6663.5107;-1516.6633;4893.7;-48.91;-227.43222
2012-03-25;-2.9903336;-6.3284554;-7.596499;751.29175;0.9922657;102.94355;100.0;0.6031286;299.1227;2018.3512;0.0026526232;-0.018700957;0.0;0.094503164;0.094510615;0.0;0.0009313226;1883.8212;6701.96;-1509.5253;4962.0557;-13.863334;-212.95778
2012-03-26;-2.4773254;-6.452993;-6.017807;747.8962;0.91639334;147.46153;100.0;0.6035853;303.9518;1987.1012;3.2904744;-0.11029467;0.0;0.09417534;0.09416789;0.0;3.155142;1807.0178;6282.067;-1029.8586;5686.067;-85.80666;-206.43333
2012-03-27;-3.4773738;-4.285932;-3.8333867;740.8579;0.8268656;210.19647;100.0;0.6156478;300.23178;2050.578;13.102502;-0.092221424;0.0;0.09384751;0.09383261;0.0;12.699504;775.41833;3086.4194;-306.8125;6626.5576;-72.183334;-216.60556
2012-03-28;-4.2999725;-6.4775147;-3.4125252;744.37665;1.3271555;210.74768;100.0;0.62159777;302.8278;2054.0364;4.670197;-0.28011948;0.0;0.09351969;0.09350479;0.0;4.544567;1543.3833;6172.5283;-1030.3044;5806.277;-219.57;-394.98444
2012-03-29;-4.1628623;-5.465159;-3.6074932;746.32764;0.82400036;193.8269;100.0;0.6371231;296.63965;2147.6643;18.073563;-0.15006028;0.0;0.09316206;0.09317696;0.0;17.759956;918.21387;3855.5818;-595.99915;6245.37;-116.566666;-269.28778
2012-03-30;-4.382965;-6.1424866;-3.5809124;743.4538;0.9870072;161.04588;100.0;0.64356595;300.06445;2147.6643;1.7751157;-0.19467995;0.0;0.092849135;0.092841685;0.0;1.4458969;1391.0111;5762.628;-1027.7075;5768.008;-150.78778;-350.81973
2012-03-31;-4.9179688;-6.228546;-4.007975;744.8963;1.921535;209.46565;100.0;0.64947325;303.06802;2144.1243;10.0717125;-0.2114661;0.0;0.09250641;0.09251386;0.0;9.743778;1457.9672;5931.3677;-875.6878;5923.324;-164.23334;-434.22
2012-04-01;-2.7690837;-5.86202;-3.62795;749.36664;0.9731884;237.32587;100.0;0.6546291;306.56412;2138.265;0.24538432;-0.21073036;0.0;0.09217858;0.09217858;0.0;0.2293922;1485.5155;6063.926;-1155.1636;5647.515;-162.97778;-311.725
2012-04-02;-1.45755;-3.6918945;-2.9450176;748.74835;0.8477295;207.92711;100.0;0.655984;312.7767;2099.7314;3.911397;-0.11158362;0.015124679;0.106975436;0.09185821;0.15041977;2.5019274;1398.9105;5499.1953;-697.9461;6298.166;-84.827774;-237.41222
2012-04-03;-0.36187744;-4.1110535;-1.8941193;752.59674;0.98336715;113.36376;100.0;0.65832394;318.48178;2070.638;0.0798583;-0.09192526;0.061541796;0.15306473;0.09153038;0.7631295;0.033516437;1850.2339;6994.292;-1607.5067;5292.832;-68.32445;-272.54
2012-04-04;0.40027872;-7.8178;-2.447342;755.1011;1.0340832;72.98794;100.0;0.6575383;325.62827;2022.9492;0.0;-0.13673306;0.06856024;0.15975535;0.09120256;0.7637497;0.0;2184.4;7433.075;-1928.6422;4860.016;-102.60333;-231.90334
2012-04-05;1.2333069;-7.2804513;-2.2456665;754.29156;0.9736004;93.74817;100.0;0.6564868;332.1862;1980.5094;0.0;-0.14546886;0.1077801;0.19866228;0.09088218;1.1312104;0.0;2295.5923;7290.7646;-1748.1725;5147.879;-109.32222;-215.51666
2012-04-06;1.3494059;-6.029592;-1.4650879;751.68304;1.0388165;93.325356;100.0;0.65506476;339.23145;1935.7096;0.0004351138;-0.15145168;0.15294552;0.24349988;0.09056181;1.4909916;0.0;2400.4844;7011.465;-1646.1962;5330.891;-113.58056;-215.83972
2012-04-07;1.7262369;-4.09963;-0.5895233;749.5083;0.96716857;110.270454;100.0;0.65298164;348.1149;1880.5338;0.0;-0.141358;0.2734214;0.36364794;0.09024143;2.527494;0.0;2672.3616;7035.525;-1648.0372;5444.3574;-105.37278;-242.2075
2012-04-08;0.80907184;-1.8651327;-0.22005971;747.8928;0.9005113;149.35425;100.0;0.6475486;356.32065;1821.5332;2.145502;-0.20002481;1.1026859;1.1925995;0.089906156;9.355228;0.009678304;2384.7605;5811.665;-1111.5764;6106.2275;-146.35222;-222.03055
2012-04-09;1.7107748;-0.8270162;-0.13772202;748.5862;0.7298555;168.15663;100.0;0.63878304;362.6621;1765.4215;7.031447;-0.12033619;2.2095294;2.2991002;0.08957833;11.849783;0.0;2196.994;5056.273;-927.4658;6328.98;-84.01556;-159.46556
2012-04-10;2.910329;-0.7299703;-0.082611084;751.04486;0.93603945;219.87201;100.0;0.629208;367.99936;1713.2975;3.1163335;-0.122494996;1.8216074;1.9108653;0.089257956;10.645728;0.0;2036.2217;4493.851;-921.9658;6360.385;-87.09333;-87.10889
2012-04-11;1.3064474;-0.45488486;-0.028129578;749.42523;0.7103086;40.697147;100.0;0.6237936;372.26855;1678.5074;28.480244;-0.070252456;6.1253905;6.266937;0.14155358;5.561981;0.66034126;695.9061;1507.0989;-22.748333;7275.19;-52.837776;-61.827778
2012-04-12;1.8557129;0.66045123;0.0012626648;747.1914;0.61650777;156.02007;100.0;0.61362165;375.49478;1637.0443;6.886634;-0.075040385;5.016908;5.1191897;0.10227412;13.57501;0.0;1621.6083;3469.7122;-260.62946;7163.669;-51.238888;-118.36
2012-04-13;1.270935;-3.3356018;-0.09184519;746.8091;0.9630968;68.05151;100.0;0.5970208;378.8877;1578.9795;0.009357928;-0.5262997;4.8032255;4.938826;0.13560057;18.542025;0.0006593764;3440.1746;7185.613;-1448.1152;5873.149;-392.11;-272.25638
2012-04-14;1.7980652;-3.2927654;-0.23320897;748.21674;1.173712;39.194645;100.0;0.58062387;384.2357;1514.1602;0.0012976434;-0.41859412;4.0977;4.1938276;0.09611994;15.809182;0.0;3495.9678;7165.8037;-1445.6583;5799.519;-306.26443;-213.24472
2012-04-15;2.737732;-0.2526957;-0.16426595;749.0318;0.934671;202.35252;100.0;0.5640957;390.14975;1448.6898;0.057452917;-0.30902866;5.106539;5.2628965;0.15635788;16.54508;0.0;3535.6155;7138.9707;-1273.6367;6087.5723;-222.08223;-183.70222
2012-04-16;0.96358234;-0.27520752;-0.034210205;748.5555;1.0211624;145.14891;100.0;0.5466303;393.95834;1389.9332;4.2608023;-0.3788015;5.1877794;5.5908413;0.40305406;17.325811;0.07443875;2764.6172;5516.53;-657.81415;6774.9565;-282.50665;-263.59778
2012-04-17;-0.19638062;-2.8697002;-0.11533228;746.2277;1.0832448;100.84423;100.0;0.53089744;397.15366;1338.9486;0.85395575;-0.5219765;5.010992;5.5863113;0.5753264;15.795745;0.0005289912;3087.0623;6129.5015;-1315.4047;5925.7;-393.13333;-284.63
2012-04-18;2.98466;-3.2572124;-0.21927135;747.8443;0.8883753;164.25542;100.0;0.51458186;402.2653;1281.8197;0.0019326234;-0.4345942;5.794853;5.94078;0.14594197;17.343327;0.00021606684;3882.629;7652.335;-1655.2219;5612.553;-315.96222;-212.97888
2012-04-19;1.2377523;-1.0691019;-0.16523616;744.45624;1.1831883;231.7055;100.0;0.4997985;407.48404;1228.8004;3.1326294;-0.431858;5.1564126;5.8972983;0.7408783;12.3441515;0.007856637;2785.9006;5456.495;-1109.0592;6147.9136;-324.18222;-159.38333
2012-04-20;0.28459677;-1.6115011;-0.12734222;746.8489;1.0235015;127.57566;100.0;0.48577118;411.93033;1181.6813;2.6654303;-0.5353242;5.7290792;5.972743;0.24367124;14.946938;0.004310161;3168.1345;6177.7104;-1035.2067;6314.7725;-403.2989;-314.71112
2012-04-21;1.0227661;-3.6581116;-0.18396251;750.10736;1.0325143;155.009;100.0;0.46975806;416.861;1129.4352;0.015293918;-0.72780997;5.9274287;6.715238;0.7878244;16.35442;0.0010840595;3850.969;7484.7905;-1563.66;5663.1255;-548.08;-335.21335
2012-04-22;2.2671;-3.0762432;-0.21924973;750.2408;1.0910157;175.67107;100.0;0.45286116;422.86816;1073.3236;5.9604645e-05;-0.5841674;6.263003;7.1011634;0.8381456;16.836624;0.0;4068.4434;7883.4844;-1871.9645;5355.7954;-433.93;-187.36111
2012-04-23;2.343811;-3.4608257;-0.22416814;749.3811;1.0829777;94.50051;100.0;0.43532392;429.3916;1016.27606;0.010290742;-0.51260924;6.9498568;7.8009815;0.8511096;17.58695;0.0;4121.8257;7968.044;-1891.4366;5348.223;-376.74;-181.14444
2012-04-24;2.4331157;-2.0918274;-0.2019488;750.8975;1.1539747;61.90233;100.0;0.41778994;435.83725;961.18164;0.39072633;-0.32222086;7.1362853;8.047536;0.9112507;17.059912;0.0;3425.3284;6610.005;-1405.3676;5870.3457;-231.44;-135.50223
2012-04-25;2.3121643;-1.2989401;-0.15457916;751.78516;1.0623142;78.15561;100.0;0.40044442;440.63638;910.4411;1.0527909;-0.32039917;7.295579;8.120239;0.8246526;17.033182;0.0019967556;3068.828;5912.218;-981.11475;6362.4624;-231.99777;-192.25111
2012-04-26;2.0024922;-0.24930827;-0.14335124;752.062;1.1765937;78.084755;100.0;0.3822395;444.6084;861.4095;6.17902;-0.29251164;10.381281;11.607155;1.2258738;18.865875;0.000949949;3162.4717;6085.742;-958.4903;6405.5894;-210.71777;-227.35
2012-04-27;3.2671306;-0.47009277;-0.15460713;753.1364;1.15226;100.17603;100.0;0.36251035;448.41245;809.85516;1.9420639;-0.35994035;8.713409;9.93663;1.2232214;20.320263;0.00027939677;3444.699;6622.951;-1195.2406;6166.62;-260.61;-187.77222
2012-04-28;4.0478516;-0.9781901;-0.19036739;754.1075;1.1361083;105.88055;100.0;0.34261358;449.91373;762.41046;1.3161778;-0.35655218;8.506984;9.19047;0.68350136;19.978977;0.0;3656.6855;7026.1533;-1390.7705;5977.37;-255.83333;-124.13
2012-04-29;4.1319375;-0.20604451;-0.17554347;753.5;1.099287;96.24182;100.0;0.3221366;450.0;716.8376;3.5252273;-0.24359208;9.980038;11.210978;1.2309477;20.43164;0.0;3300.004;6337.23;-1132.252;6222.8945;-169.73666;-101.61222
2012-04-30;5.9106956;-0.93170166;-0.16908772;751.575;1.1671042;105.32867;100.0;0.30137196;450.0;670.695;0.34052134;-0.35503134;9.036318;10.513067;1.4767423;21.146114;0.0;3703.953;7110.352;-1263.275;6177.3813;-253.31111;-75.10555
2012-05-01;6.601288;0.5594279;-0.15640259;751.72754;0.99771327;88.187355;100.0;0.27926;450.0;621.5413;1.3704062;-0.2215337;10.123804;11.931002;1.8072128;22.27465;0.0;3344.6323;6417.613;-1137.0366;6245.7534;-152.48445;-81.83222
2012-05-02;8.217804;0.7428182;-0.13594945;751.52997;1.1705081;98.25291;100.0;0.2558047;450.0;569.6208;2.1292002;-0.34558028;11.673763;13.407766;1.7340034;24.98114;0.0;3979.5916;7634.0366;-1125.3898;6415.246;-243.47444;-75.725555
2012-05-03;7.567942;0.8281047;-0.06305059;750.2635;1.33209;147.06535;100.0;0.23029844;450.0;512.8581;1.1539251;-0.46228245;11.370436;14.439568;3.0691252;25.384954;0.0;3489.9028;6691.858;-961.11914;6556.599;-338.73334;-18.62
2012-05-04;5.5749;3.1698914;-0.06031418;748.47894;1.2577752;192.58167;100.0;0.20683806;450.0;460.8561;4.215941;-0.18001348;11.900663;14.502451;2.60178;24.58319;0.0;3289.7234;6306.3955;-704.5303;6827.0645;-121.91778;-104.86222
2012-05-05;4.8834534;2.848399;-0.08916855;748.76556;1.1660863;163.52742;100.0;0.18103726;450.0;403.68652;6.9639325;-0.17268583;14.135018;19.065262;4.93025;24.675682;0.0;3030.6812;5810.019;-776.725;6698.4365;-117.7;-118.022224
2012-05-06;3.9422302;0.6168925;-0.22927983;749.3448;1.1218388;169.4204;100.0;0.158058;450.0;352.21353;3.3969998;-0.34965014;10.57975;14.765263;4.185483;22.832155;0.0005029142;3484.6523;6678.519;-1007.2239;6422.7524;-251.83;-159.03334
2012-05-07;4.887034;-0.66626996;-0.3953972;750.0476;1.2234615;122.237526;98.61572;0.13600719;450.0;303.18198;1.9280493;-0.5867835;9.588986;14.322981;4.7339873;21.445688;0.0;3877.031;7391.8013;-1465.5431;5906.3066;-433.53223;-117.79444
2012-05-08;5.149424;-2.2621765;-0.5138194;750.9273;1.2820106;102.04562;96.59717;0.11620184;450.0;259.23666;1.5811205;-0.61609036;7.476747;12.705654;5.2288847;18.499866;0.0;3488.88;6574.668;-1258.3206;6105.6655;-453.46445;-80.07222
2012-05-09;6.4999185;-0.283844;-0.56896085;754.5302;1.3186044;118.14217;95.2561;0.09437561;450.0;210.77473;1.4221787;-0.5436968;10.803014;17.559052;6.7560525;23.79085;0.0;4073.4;7623.468;-1415.2278;6003.1;-389.84;-127.21667
2012-05-10;8.26061;-0.5956624;-0.49226126;756.343;1.1737934;125.19553;92.56616;0.0710003;450.0;158.61003;1.1860106;-0.5014259;9.6718445;16.648441;6.9766045;22.414885;0.0;3736.2856;6935.03;-1089.6559;6445.1016;-354.12277;-84.23222
2012-05-11;9.213704;0.09136963;-0.6850179;754.58344;1.2711018;121.572075;85.85913;0.04662013;450.0;104.4515;0.17060041;-0.7125027;11.80914;23.352385;11.543237;26.4078;0.0;4199.3804;7615.911;-1330.1069;6241.242;-499.8611;-124.67611
2012-05-12;8.749675;-1.9806417;-1.1421165;752.3321;1.294442;125.14616;58.250977;0.025486946;450.0;57.454426;0.14665127;-1.2630942;6.3556137;17.12805;10.772451;17.397135;0.0;4682.922;7534.1724;-1496.4806;6192.5854;-884.29333;-268.7089
2012-05-13;8.292755;-1.9345499;-0.95886105;748.54803;1.2473089;184.07817;29.905518;0.013074954;450.0;29.215494;2.3174167;-1.7842678;3.9713383;14.386951;10.415613;9.157285;0.0;4618.388;6551.3633;-1583.4802;6284.718;-1242.9567;-439.6389
2012-05-14;7.9474998;-1.8731893;-1.1015371;748.16473;1.2558098;219.98596;14.950195;0.0065158606;450.0;14.404297;1.2919188;-2.386041;1.9265413;11.815995;9.889468;5.02757;0.0;5671.1816;7584.6157;-1972.0708;6033.493;-1662.39;-888.38055
2012-05-15;5.2782493;2.7161763;-0.4869741;750.47675;1.024268;203.47534;7.447103;0.003261884;450.0;7.1614585;5.0143123;-1.7566057;1.7745793;11.006609;9.232037;2.183046;0.0;3939.3577;5117.9204;-1175.0522;6749.731;-1219.8772;-869.1433
2012-05-16;7.675771;3.334432;0.009862264;751.78986;0.99587697;165.30109;3.3894043;0.001464049;450.0;3.3365886;0.88629127;-2.78275;0.574857;9.124056;8.549184;1.4563762;0.0;5524.598;7065.838;-1689.2698;6685.9067;-1933.0612;-1155.0488
2012-05-17;8.152699;2.350525;-0.102511086;750.40924;1.0155033;146.14262;1.3389486;0.0005794366;450.0;1.3834635;1.6897976;-2.7073305;0.46016276;8.351877;7.891737;0.55446476;0.0;5333.795;6762.6455;-1938.7805;6422.2646;-1880.7278;-1059.99
2012-05-18;8.634094;-0.9591675;-0.4092013;752.6543;1.2121376;137.9006;0.5284831;0.00022788842;450.0;0.48828125;0.03454089;-3.6777594;0.061139464;7.338792;7.2776375;0.23689121;0.0;6575.177;8302.953;-2523.8914;5856.9385;-2554.9023;-1043.3656
2012-05-19;10.383168;-1.26415;-0.28080115;754.48553;0.99166316;75.25785;0.1908366;8.21352e-05;450.0;-7.345365e-21;0.5597174;-3.6103466;0.103756785;6.820753;6.717004;0.09196997;0.0;6247.0063;7870.008;-2247.914;6319.4556;-2508.0;-821.7244
2012-05-20;11.288981;0.013051351;0.010195415;752.92163;1.1324016;101.310616;0.063069664;2.6981035e-05;450.0;-7.345365e-21;2.1191895;-3.4765415;0.35226345;6.5678506;6.21558;0.031225383;0.0;5733.415;7211.8228;-1966.8864;6709.2725;-2415.041;-861.4767
2012-05-21;9.560791;-1.8254293;-0.10247549;751.1369;1.2841266;149.5891;0.021321615;9.179115e-06;450.0;-7.345365e-21;0.0063180923;-3.7223837;0.002771616;5.77189;5.769126;0.009804964;0.0;6417.724;8062.809;-2510.6428;5946.108;-2585.82;-1128.1222
2012-05-22;4.6973267;0.056518555;-0.2904981;747.02563;0.92911595;174.49422;0.009195964;3.9339066e-06;435.70834;-7.345365e-21;4.6297193;-2.0787158;0.6916225;6.0670376;5.3753853;0.002834946;0.0;3959.5244;4968.567;-1511.4072;6565.56;-1444.0155;-972.4878
2012-05-23;5.9377136;1.8556519;-0.07040659;747.139;1.2415574;186.2863;0.004801432;1.8278757e-06;428.7985;-7.345365e-21;2.540741;-2.708543;0.3632605;5.390793;5.0275326;0.0016503036;0.0;4893.363;6133.89;-1496.795;6778.3843;-1881.5344;-1203.9044
2012-05-24;8.169536;2.2767944;-0.0035514832;748.63385;1.3223094;227.30092;0.001953125;9.536743e-07;428.10156;-7.345365e-21;1.1313647;-2.976481;0.14396012;4.8602223;4.7162695;0.0007227063;0.0;5644.009;7067.4487;-2027.8336;6381.405;-2067.6633;-1218.2844
2012-05-25;7.536082;0.10412598;-0.19178899;750.58954;1.915131;209.21553;0.00056966144;1.9868214e-07;428.09375;-7.345365e-21;0.0020653005;-3.4777951;0.00029802322;4.4361205;4.4358296;0.00028312206;0.0;6451.7056;8070.3477;-2383.0222;5952.872;-2415.909;-1451.23
2012-05-26;6.6541038;-2.686493;-0.5963516;750.8208;1.5510745;195.65166;0.0;-7.3453654e-25;428.09375;-7.345365e-21;0.9726286;-3.1845849;0.11706352;4.300028;4.1829796;9.685755e-05;0.0;6254.93;7815.9624;-2379.439;5807.7026;-2212.2244;-1535.8955
2012-05-27;7.8355613;-0.8939514;-3.1659012;752.11444;1.0990056;187.5686;0.0;-7.3453654e-25;253.13347;-7.345365e-21;0.7797897;-3.2557518;0.08884072;4.0433407;3.9544775;3.7252903e-05;0.0;6355.1377;7932.5957;-2360.957;6027.3955;-2261.662;-1348.0022
2012-05-28;8.837952;-1.1022949;-2.9913445;752.309;1.2921188;182.26013;0.0;-7.3453654e-25;114.80564;-7.345365e-21;0.009926689;-3.1731763;0.000923872;3.7475824;3.746666;2.2351742e-05;0.0;5599.839;6982.438;-1997.7883;6449.1313;-2204.3;-1077.0244
2012-05-29;10.045909;-0.16865031;-1.4496536;754.201;1.2315526;154.13545;0.0;-7.3453654e-25;102.09894;-7.345365e-21;0.06895661;-3.5138614;0.006906688;3.563434;3.5565348;0.0;0.0;6517.238;8117.769;-2293.703;6294.516;-2440.9622;-1287.6533
2012-05-30;11.588511;1.0215963;0.009813945;755.29425;1.3134366;126.26599;0.0;-7.3453654e-25;99.99998;-7.345365e-21;1.0605037;-3.3576024;0.106200576;3.488645;3.3824518;0.0;0.0;5872.597;7307.1577;-2020.9811;6716.1064;-2332.4146;-1173.039
2012-05-31;12.300405;-0.65218097;0.009974162;753.461;1.3250663;190.01811;0.0;-7.3453654e-25;99.99998;-7.345365e-21;0.0017232114;-3.7966352;0.00016391277;3.2222867;3.2221153;0.0;0.0;6836.9116;8497.986;-2631.4927;6135.44;-2637.3955;-1207.6322
2012-06-01;10.654948;-1.1787211;0.009984334;753.2487;1.4235879;188.50403;0.0;-7.3453654e-25;99.99998;-7.345365e-21;0.0008470188;-3.5480187;7.4505806e-05;3.0735283;3.073454;0.0;0.0;6872.0195;8532.621;-2729.369;5916.5317;-2464.69;-1419.8033
2012-06-02;10.786865;-2.409495;0.009868622;754.89624;1.1308024;152.76353;0.0;-7.3453654e-25;99.99998;-7.345365e-21;0.0;-3.4830728;0.0;2.9358268;2.9358268;0.0;0.0;6984.148;8662.678;-2864.8362;5816.667;-2419.5745;-1317.5089
2012-06-03;12.177449;-1.2751974;0.009564717;756.0957;1.4546566;43.325268;0.0;-7.3453654e-25;99.99998;-7.345365e-21;0.0017308139;-3.5448818;0.00014901161;2.8079152;2.8077812;0.0;0.0;6919.8755;8573.914;-2784.7122;6064.88;-2462.5112;-1223.169
2012-06-04;14.211406;0.48683676;0.01007843;754.66486;1.3848037;46.866516;0.0;-7.3453654e-25;99.99998;-7.345365e-21;0.0017166131;-3.4642742;0.00014901161;2.6884973;2.6883483;0.0;0.0;6890.89;8529.013;-2744.744;6312.682;-2406.5156;-1184.6711
2012-06-05;14.930736;-1.8532919;0.01014328;752.7476;1.2740088;142.77672;0.0;-7.3453654e-25;99.99998;-7.345365e-21;0.00085234636;-3.4544683;5.9604645e-05;2.5767684;2.5767088;0.0;0.0;6886.5835;8514.717;-2802.411;6346.65;-2399.7034;-1225.2333
2012-06-06;14.423228;-2.4810283;0.009999593;751.23834;1.2011137;152.36086;0.0;-7.3453654e-25;99.99998;-7.345365e-21;0.0;-3.1949933;0.0;2.4722815;2.4722962;0.0;0.0;7046.36;8703.12;-3074.9673;6024.9805;-2219.4568;-1363.1923
2012-06-07;13.734019;-2.4851177;0.01020813;749.60034;1.3248338;180.65405;0.0;-7.3453654e-25;99.99998;-7.345365e-21;0.0008583069;-2.917856;5.9604645e-05;2.3746789;2.3746119;0.0;0.0;7003.1055;8640.616;-3035.551;6038.209;-2026.9366;-1563.7444
2012-06-08;13.6934;-2.6898804;0.0098775225;750.6255;1.2209393;219.64734;0.0;-7.3453654e-25;99.99998;-7.345365e-21;0.00044107434;-2.7083867;2.9802322e-05;2.2830367;2.2830143;0.0;0.0;6991.1655;8616.849;-3045.7422;6068.947;-1881.4255;-1660.2178
2012-06-09;13.428528;-1.820221;0.010163625;752.571;1.1961629;103.869286;0.0;-7.3453654e-25;99.99998;-7.345365e-21;0.024065375;-2.5584996;0.0018030405;2.1986513;2.1968632;0.0;0.0;6736.102;8293.704;-2870.6934;6344.7;-1777.3044;-1610.1056
2012-06-10;12.877228;4.1304526;0.009985606;753.82007;1.2877247;72.681404;0.0;-7.3453654e-25;99.99998;-7.345365e-21;1.4221966;-2.1707463;0.11880696;2.234906;2.1160989;0.0;0.0;5896.1245;7251.782;-2359.4922;6920.3115;-1507.9456;-1597.0178
2012-06-11;12.808838;5.090963;0.0101623535;751.94183;1.2659124;81.282646;0.0;-7.3453654e-25;99.99998;-7.345365e-21;3.2480807;-2.2425392;0.2785921;2.3193955;2.0408034;0.0;0.0;5618.097;6902.6377;-2268.7095;6917.019;-1557.8177;-1451.7267
2012-06-12;13.612854;5.4756675;0.010214488;751.3222;1.2780234;77.09231;0.0;-7.3453654e-25;99.99998;-7.345365e-21;0.6086707;-2.684258;0.042140484;2.0121336;1.9699931;0.0;0.0;5593.6826;6865.4634;-2107.62;7163.4546;-1864.6644;-1237.7067
2012-06-13;14.55482;5.557068;0.010110219;753.0056;1.3518058;54.24197;0.0;-7.3453654e-25;99.99998;-7.345365e-21;0.3415048;-2.7559428;0.02335012;1.9261539;1.9028113;0.0;0.0;6218.3496;7624.331;-2356.0588;7040.601;-1914.4623;-1480.1278
2012-06-14;15.900899;4.546682;0.010064443;755.4148;1.2147257;51.404682;0.0;-7.3453654e-25;99.99998;-7.345365e-21;0.043323636;-2.645475;0.0028163195;1.8415749;1.8387511;0.0;0.0;6179.3296;7568.5723;-2508.1226;6997.938;-1837.7234;-1347.0455
2012-06-15;16.25118;3.8101196;0.010093689;755.313;0.98332924;74.007225;0.0;-7.3453654e-25;99.99998;-7.345365e-21;0.25271773;-2.426252;0.016838312;1.7948151;1.7779619;0.0;0.0;5964.4927;7297.838;-2442.151;7188.1743;-1685.4366;-1333.6777
2012-06-16;17.085653;3.1417847;0.010002136;754.3133;1.053415;112.79291;0.0;-7.3453654e-25;99.99998;-7.345365e-21;0.14243989;-2.3303442;0.009328127;1.729548;1.7202125;0.0;0.0;6205.8984;7592.25;-2628.1328;7107.911;-1618.8123;-1447.2189
2012-06-17;16.868479;3.0536296;0.009733836;751.99506;1.2239238;85.47843;0.0;-7.3453654e-25;100.00519;-7.345365e-21;0.7263422;-2.1188967;0.051617622;1.7168522;1.6652122;0.0;0.0;6021.4883;7365.5933;-2603.0627;7092.953;-1471.9266;-1566.2533
2012-06-18;13.694946;-0.7838338;0.009967804;749.35004;1.7952467;34.05434;0.0;-7.3453654e-25;99.99998;-7.345365e-21;0.0008553266;-2.103691;5.9604645e-05;1.6131252;1.6130656;0.0;0.0;6893.145;8430.824;-3006.3877;6434.97;-1461.3645;-2182.4111
2012-06-19;12.637532;-0.12852986;0.009614308;750.7504;1.9887625;36.215363;0.0;-7.3453654e-25;99.99998;-7.345365e-21;0.00090530247;-1.6940292;5.9604645e-05;1.5634745;1.5634149;0.0;0.0;6648.565;8130.5713;-2847.879;6460.898;-1176.7855;-2409.95
2012-06-20;13.378204;-0.39583334;0.010084788;749.92706;1.5089766;37.78052;0.0;-7.3453654e-25;99.99998;-7.345365e-21;0.081169605;-1.6694963;0.00526011;1.5213788;1.5161262;0.0;0.0;6762.899;8269.455;-3034.1023;6366.904;-1159.7433;-2225.3933
2012-06-21;14.2040205;-1.5280457;0.010054271;750.06226;1.2057426;94.76721;0.0;-7.3453654e-25;99.99998;-7.345365e-21;0.059741735;-1.6694255;0.0036358833;1.4745891;1.4709681;0.0;0.0;6467.3774;7907.0566;-2930.0334;6595.086;-1159.6945;-1969.6355
2012-06-22;15.485992;-1.3699545;0.009578705;752.43286;1.2052034;118.80657;0.0;-7.3453654e-25;99.99998;-7.345365e-21;0.37071407;-1.5933682;0.022560358;1.4505088;1.4279411;0.0;0.0;6376.106;7794.4224;-2925.2017;6633.8804;-1106.8589;-1963.22
2012-06-23;14.857188;-2.1363423;0.010014852;753.0777;1.2994757;118.294014;0.0;-7.3453654e-25;99.99998;-7.345365e-21;0.012934208;-1.6354825;0.00071525574;1.3875961;1.3868809;0.0;0.0;6608.1313;8077.0347;-2998.6528;6544.027;-1136.1156;-2143.0234
2012-06-24;13.763286;4.696035;0.009803772;750.84515;1.281405;60.603626;0.0;-7.3453654e-25;99.99998;-7.345365e-21;2.803278;-1.3911697;0.20208955;1.5501082;1.3480186;0.0;0.0;5394.2715;6592.3623;-2290.1206;7166.3413;-966.39886;-1838.89
2012-06-25;13.337036;6.5884604;0.009718577;750.51996;1.2650023;71.945854;0.0;-7.3453654e-25;100.00259;-7.345365e-21;3.5688467;-2.1123588;0.25515258;1.5666783;1.3115108;0.0;0.0;5456.184;6667.309;-2052.8132;7321.8237;-1467.3844;-1700.2966
2012-06-26;14.13443;5.026062;0.010237376;750.6285;0.93083787;86.15668;0.0;-7.3453654e-25;99.99998;-7.345365e-21;0.2668798;-2.502434;0.014960766;1.2914538;1.2764559;0.0;0.0;5550.5527;6781.769;-2146.4456;7263.0347;-1738.3567;-1369.0289
2012-06-27;14.37675;5.5783286;0.009780884;749.0744;1.1574315;77.4418;0.0;-7.3453654e-25;99.99998;-7.345365e-21;0.5354583;-2.3081527;0.029295683;1.2719631;1.2426674;0.0;0.0;5565.7627;6799.4556;-2241.2905;7228.787;-1603.3966;-1439.34
2012-06-28;14.623891;4.0411377;0.009890239;748.3313;1.2468318;125.42329;0.0;-7.3453654e-25;99.99998;-7.345365e-21;0.9817183;-2.1458826;0.061929226;1.272291;1.2103617;0.0;0.0;5914.379;7224.3457;-2134.2412;7392.3623;-1490.6733;-1938.1589
2012-06-29;15.307179;-0.5423177;0.010009766;748.6678;1.6341714;140.10725;0.0;-7.3453654e-25;99.99998;-7.345365e-21;0.082319975;-2.1115654;0.0047385693;1.183927;1.1791736;0.0;0.0;6387.2363;7800.8413;-2730.9316;6733.969;-1466.8334;-2029.9
2012-06-30;13.808003;-2.573405;0.009938558;749.2973;1.3860102;146.19032;0.0;-7.3453654e-25;99.99998;-7.345365e-21;0.0;-1.9226531;0.0;1.1488348;1.1488348;0.0;0.0;7066.6973;8629.571;-3147.2988;6281.6323;-1335.6034;-2309.0754
2012-07-01;13.898183;-5.6259155;0.009848277;748.4781;1.6184802;144.2465;0.0;-7.3453654e-25;99.99998;-7.345365e-21;0.00085234636;-1.5657014;5.2154064e-05;1.1196733;1.1196136;0.0;0.0;7189.291;8778.026;-3269.85;6106.0156;-1087.6411;-2591.6868
2012-07-02;13.612122;-4.8064575;0.0098012285;749.37665;1.3948773;132.28366;0.0;-7.3453654e-25;99.99998;-7.345365e-21;0.0030788723;-1.4526211;0.00017881393;1.0916442;1.0914952;0.0;0.0;7078.226;8641.457;-3248.456;6225.0713;-1009.0867;-2518.3823
2012-07-03;14.178314;-2.3366597;0.010026296;749.88226;1.6937705;120.909004;0.0;-7.3453654e-25;99.99998;-7.345365e-21;1.1037133;-1.3244851;0.061780214;1.1267066;1.0649115;0.0;0.0;5764.8613;7037.1436;-2537.162;6793.973;-920.07446;-2026.539
2012-07-04;13.59021;-3.622701;0.009831746;748.0645;1.6538671;131.10997;0.0;-7.3453654e-25;99.99998;-7.345365e-21;0.00095963466;-1.5530586;4.4703484e-05;1.0393858;1.0393336;0.0;0.0;7042.7188;8595.975;-3191.3333;6240.584;-1078.8578;-2554.5488
2012-07-05;14.51768;-4.637614;0.010056813;747.7137;1.1250361;110.2774;0.0;-7.3453654e-25;99.99998;-7.345365e-21;0.0025785975;-1.4633145;0.00014901161;1.0143816;1.0142475;0.0;0.0;7105.434;8671.412;-3411.8105;6166.3657;-1016.51556;-2267.469
2012-07-06;16.241282;-3.0230916;0.00983429;747.87067;1.1761395;112.148415;0.0;-7.3453654e-25;99.99998;-7.345365e-21;0.0017225739;-1.3834424;8.940697e-05;0.99003315;0.98992884;0.0;0.0;7061.598;8616.797;-3371.2383;6428.817;-961.0322;-2236.7834
2012-07-07;16.74471;0.3902181;0.010327657;746.78656;1.195541;107.94993;0.0;-7.3453654e-25;99.99998;-7.345365e-21;0.012656201;-1.224123;0.0005662441;0.96708536;0.9665191;0.0;0.0;6413.9893;7825.414;-3006.9307;6878.957;-850.3578;-2075.2012
2012-07-08;16.367401;2.0029907;0.0100619;745.4572;1.0757488;111.787926;0.0;-7.3453654e-25;99.99998;-7.345365e-21;0.25141835;-1.1068453;0.013232231;0.9574145;0.9441823;0.0;0.0;5861.524;7150.418;-2811.9753;6983.0854;-768.8883;-1990.6566
2012-07-09;15.553365;0.49111938;0.010173798;746.8489;1.3678843;137.63618;0.0;-7.3453654e-25;99.99998;-7.345365e-21;0.0062823296;-1.2048911;0.00028312206;0.9229034;0.92262775;0.0;0.0;6702.6416;8175.5703;-3002.525;6771.0967;-836.9978;-2510.4956
2012-07-10;15.920929;1.3753357;0.009946187;750.40894;1.3789185;158.47038;0.0;-7.3453654e-25;99.99998;-7.345365e-21;0.020074852;-1.0755854;0.0011026859;0.90284646;0.90174377;0.0;0.0;6391.782;7795.4185;-2867.3228;6889.688;-747.17334;-2479.4656
2012-07-11;16.69692;0.36166382;0.01003011;751.69745;1.1164922;104.68339;0.0;-7.3453654e-25;99.99998;-7.345365e-21;0.0;-1.1970987;0.0;0.8814782;0.8814782;0.0;0.0;6749.387;8230.499;-3147.9312;6819.1685;-831.5845;-2295.9268
2012-07-12;17.497507;1.5024515;0.009880066;751.3381;1.1151333;102.27426;0.0;-7.3453654e-25;99.99998;-7.345365e-21;0.031321008;-1.0112104;0.0013113022;0.8632988;0.8619875;0.0;0.0;5667.2676;6909.8887;-2744.195;7202.84;-702.45447;-1828.7311
2012-07-13;18.479645;1.1718546;0.010082245;752.20703;1.1099546;108.04264;0.0;-7.3453654e-25;99.99998;-7.345365e-21;0.0012905548;-1.1024503;7.4505806e-05;0.8432418;0.8431673;0.0;0.0;6096.6807;7432.5713;-2874.9412;7254.283;-765.8361;-2002.51
2012-07-14;18.695963;0.6693217;0.010063171;751.7549;1.120131;109.07916;0.0;-7.3453654e-25;99.99998;-7.345365e-21;0.0006198883;-1.0339246;2.9802322e-05;0.8249581;0.8249283;0.0;0.0;5883.3403;7171.387;-2922.1182;7178.3945;-718.23334;-1859.8411
2012-07-15;17.15574;5.135264;0.009979248;751.41675;1.4389161;42.384056;0.0;-7.3453654e-25;99.99998;-7.345365e-21;1.545757;-1.2039561;0.09024143;0.89758635;0.8073449;0.0;0.0;5962.199;7266.902;-2602.1006;7424.644;-836.3489;-2186.77
2012-07-16;16.702545;4.7525735;0.010178884;751.56696;1.9004731;42.51978;0.0;-7.3453654e-25;99.99998;-7.345365e-21;0.00048577783;-1.4937642;2.9802322e-05;0.7904768;0.790447;0.0;0.0;5975.259;7281.1216;-2601.8762;7204.6694;-1037.6677;-2126.7278
2012-07-17;18.335175;5.016683;0.010014852;751.9388;1.2114468;56.45308;0.0;-7.3453654e-25;99.99998;-7.345365e-21;0.00042617318;-1.3079522;2.2351742e-05;0.7739961;0.7739663;0.0;0.0;6033.3745;7350.37;-2722.3838;7361.5923;-908.5922;-1939.3822
2012-07-18;19.321878;3.507141;0.010238647;753.7471;1.1196793;103.44843;0.0;-7.3453654e-25;100.00259;-7.345365e-21;0.011271675;-1.15244;0.0005066395;0.7584393;0.75793266;0.0;0.0;6028.8804;7343.222;-2780.8018;7458.9966;-800.5611;-2001.0645
2012-07-19;20.126017;1.5617065;0.010022481;753.8879;1.2486467;114.96958;0.0;-7.3453654e-25;99.99998;-7.345365e-21;0.014548241;-1.1380603;0.0007301569;0.7430166;0.74230134;0.0;0.0;6533.95;7956.517;-3062.5667;7321.192;-790.5733;-2190.7588
2012-07-20;19.735647;4.5062256;0.010023753;753.6552;1.3134336;95.836464;0.0;-7.3453654e-25;100.00519;-7.345365e-21;0.001013279;-1.0844786;4.4703484e-05;0.72713196;0.72710216;0.0;0.0;6453.5127;7856.762;-3122.745;7281.6646;-753.35114;-2125.7756
2012-07-21;18.01594;7.921946;0.009780884;753.57574;1.2753333;38.986706;0.0;-7.3453654e-25;99.99998;-7.345365e-21;1.7546713;-1.0988582;0.1078099;0.8202642;0.7124692;0.0;0.0;5893.792;7173.7915;-2699.0679;7479.1113;-763.34;-2170.2334
2012-07-22;18.992035;4.899465;0.009569804;754.74585;1.1146848;84.25246;0.0;-7.3453654e-25;99.99998;-7.345365e-21;0.059217215;-1.716936;0.0025182962;0.700891;0.6983876;0.0;0.0;5917.988;7201.691;-2714.9148;7432.08;-1192.6978;-1701.2911
2012-07-23;19.981089;3.7397053;0.010031383;756.10284;1.2843385;48.456287;0.0;-7.3453654e-25;99.99998;-7.345365e-21;0.04554689;-1.3518986;0.0018626451;0.6865114;0.68464875;0.0;0.0;6080.8555;7398.309;-2857.0073;7448.7104;-939.1189;-1882.5244
2012-07-24;20.226065;3.7248638;0.009867351;755.38055;1.4792053;34.68228;0.0;-7.3453654e-25;99.99998;-7.345365e-21;0.16960502;-1.1358578;0.0080913305;0.67940354;0.6713122;0.0;0.0;6078.396;7393.707;-2852.6536;7500.9946;-789.04224;-2028.1311
2012-07-25;18.417542;1.6131796;0.010110219;755.4004;1.7436008;37.787853;0.0;-7.3453654e-25;99.99998;-7.345365e-21;0.0036478266;-1.0313895;0.0001937151;0.6585568;0.6583482;0.0;0.0;6373.173;7750.6094;-3094.6782;7024.652;-716.4722;-2384.7256
2012-07-26;19.25352;-0.24408977;0.010027568;754.29645;1.2700297;56.02016;0.0;-7.3453654e-25;99.99998;-7.345365e-21;0.0;-1.0211896;0.0;0.6456971;0.6456971;0.0;0.0;6559.57;7975.467;-3281.48;6955.5977;-709.38556;-2170.2156
2012-07-27;19.928396;-2.4692688;0.010245006;752.1408;1.1561109;114.034546;0.0;-7.3453654e-25;99.99998;-7.345365e-21;0.00042617318;-0.92559123;2.2351742e-05;0.63344836;0.63343346;0.0;0.0;5866.1206;7130.675;-2934.026;7333.668;-642.9767;-1968.6923
2012-07-28;19.800241;-2.0526326;0.010320027;750.83405;1.334376;104.60498;0.0;-7.3453654e-25;99.99998;-7.345365e-21;0.0017310577;-0.8835178;8.940697e-05;0.62170625;0.62160194;0.0;0.0;5894.09;7162.964;-2984.9373;7243.661;-613.75;-1958.2955
2012-07-29;17.940207;3.492442;0.010050456;750.44507;1.1587585;98.59655;0.0;-7.3453654e-25;99.99998;-7.345365e-21;0.653106;-0.94773245;0.032775104;0.6430745;0.61032176;0.0;0.0;4945.9473;6009.36;-2328.514;7632.1743;-658.3578;-1823.7778
2012-07-30;17.346863;3.502248;0.009890239;751.0696;1.4722713;137.45074;0.0;-7.3453654e-25;99.99998;-7.345365e-21;0.37705898;-0.97328424;0.018849969;0.6182492;0.5994141;0.0;0.0;5488.606;6667.193;-2485.4055;7439.599;-676.1078;-2152.2822
2012-07-31;19.161734;0.9245809;0.009694417;750.9046;1.62838;128.53694;0.0;-7.3453654e-25;99.99998;-7.345365e-21;0.17284751;-1.1526551;0.008657575;0.59726834;0.58861077;0.0;0.0;6295.3613;7645.479;-2961.5767;7159.2275;-800.71;-2216.5989
2012-08-01;17.385284;4.169525;0.0101674395;752.39307;0.9970546;194.5335;0.0;-7.3453654e-25;99.99998;-7.345365e-21;0.6684661;-0.9480398;0.03376603;0.6119311;0.5781576;0.0;0.0;5439.614;6604.7876;-2537.6062;7387.249;-658.5722;-2068.0432
2012-08-02;18.034973;2.1066387;0.009813945;754.4534;1.184621;118.46764;0.0;-7.3453654e-25;99.99998;-7.345365e-21;0.0008583069;-1.1630039;4.4703484e-05;0.56800246;0.56795776;0.0;0.0;6034.1807;7324.8823;-2855.832;7194.8047;-807.9;-2107.95
2012-08-03;18.64682;1.1358032;0.009838104;753.74756;1.2230269;125.59;0.0;-7.3453654e-25;99.99998;-7.345365e-21;0.0004351138;-0.9701196;2.9802322e-05;0.5579293;0.5579069;0.0;0.0;5982.577;7260.582;-2991.1707;7139.4062;-673.91;-2002.8789
2012-08-04;19.938131;3.319224;0.009815216;751.5323;1.3679775;87.61511;0.0;-7.3453654e-25;99.99998;-7.345365e-21;0.00085868855;-0.9288099;4.4703484e-05;0.5481094;0.5480647;0.0;0.0;6299.121;7643.217;-3047.179;7276.9624;-645.2133;-2186.65
2012-08-05;20.702637;4.8797607;0.009674072;750.73;1.432362;98.81217;0.0;-7.3453654e-25;100.00519;-7.345365e-21;0.00044107434;-0.9010993;2.9802322e-05;0.53846836;0.53843856;0.0;0.0;6452.8413;7828.0146;-3157.3743;7243.654;-625.9633;-2290.828
2012-08-06;20.270111;2.50708;0.010169983;750.04193;1.4002107;104.918846;0.0;-7.3453654e-25;100.00259;-7.345365e-21;0.0;-0.8713035;0.0;0.5290508;0.5290508;0.0;0.0;6566.3535;7963.9106;-3315.2266;7003.349;-605.26666;-2383.8567
2012-08-07;18.843332;0.008534749;0.009847005;750.68506;1.2956526;121.8652;0.0;-7.3453654e-25;99.99998;-7.345365e-21;0.00044142114;-0.8265711;2.9802322e-05;0.5199611;0.5199313;0.0;0.0;6593.835;7995.5176;-3314.0955;6839.3354;-574.1911;-2463.879
2012-08-08;18.31784;0.32684326;0.009708405;752.62506;1.1503257;163.9244;0.0;-7.3453654e-25;99.99998;-7.345365e-21;0.00042617318;-0.8160174;2.9802322e-05;0.51108;0.5110502;0.0;0.0;6530.225;7916.645;-3286.7095;6850.6436;-566.86;-2441.2844
2012-08-09;18.184927;-2.787323;0.00981013;752.2817;1.3729215;159.01904;0.0;-7.3453654e-25;99.99998;-7.345365e-21;0.0;-0.8024499;0.0;0.50240755;0.50240755;0.0;0.0;6609.6157;8011.1265;-3426.658;6651.258;-557.43445;-2417.0432
2012-08-10;17.761393;-3.534963;0.009836833;751.30493;1.2626339;99.07291;0.0;-7.3453654e-25;99.99998;-7.345365e-21;0.0008523463;-0.79682654;4.4703484e-05;0.4940331;0.4939884;0.0;0.0;6543.46;7929.062;-3327.34;6751.181;-553.5278;-2389.7112
2012-08-11;18.90809;0.6803691;0.009732564;752.12524;1.2045091;77.677666;0.0;-7.3453654e-25;99.99998;-7.345365e-21;0.0015676022;-0.7699989;5.9604645e-05;0.48585236;0.48577785;0.0;0.0;6054.901;7335.4844;-3029.1074;7174.6367;-534.8922;-2153.7244
2012-08-12;19.451426;1.0240072;0.009685516;752.09375;1.3827325;139.30948;0.0;-7.3453654e-25;99.99998;-7.345365e-21;0.0017825123;-0.7880805;8.940697e-05;0.47785044;0.47776848;0.0;0.0;6361.6304;7705.3984;-3181.4036;7067.938;-547.4533;-2346.2578
2012-08-13;18.94509;0.22677612;0.009929657;751.5942;1.2219008;127.73663;0.0;-7.3453654e-25;99.99998;-7.345365e-21;0.0;-0.77489203;0.0;0.46995282;0.46995282;0.0;0.0;6468.073;7832.519;-3324.0168;6875.661;-538.29224;-2367.2056
2012-08-14;19.645182;-1.1138306;0.009966533;752.3997;1.3704371;100.822815;0.0;-7.3453654e-25;99.99998;-7.345365e-21;0.0008583069;-0.77569115;2.9802322e-05;0.46238303;0.46234578;0.0;0.0;6491.4463;7859.1367;-3418.6953;6801.0366;-538.8467;-2240.5688
2012-08-15;20.0348;0.8499756;0.0101916;752.37213;1.4346185;98.299286;0.0;-7.3453654e-25;99.99998;-7.345365e-21;0.00042617318;-0.74484295;1.4901161e-05;0.45496225;0.4549399;0.0;0.0;6140.6895;7432.7773;-3145.16;7112.97;-517.4178;-2172.3933
2012-08-16;19.548462;-1.2058614;0.009716034;751.7554;1.3285226;149.92686;0.0;-7.3453654e-25;99.99998;-7.345365e-21;0.00042617318;-0.746551;1.4901161e-05;0.4477352;0.4477203;0.0;0.0;6363.8535;7701.9673;-3394.294;6791.109;-518.60443;-2284.5432
2012-08-17;18.518229;-3.1539104;0.009648641;751.5506;1.1553324;153.25024;0.0;-7.3453654e-25;99.99998;-7.345365e-21;0.0008523463;-0.72913057;4.4703484e-05;0.44071674;0.44067204;0.0;0.0;6485.436;7848.2466;-3549.7917;6486.5146;-506.50333;-2243.12
2012-08-18;17.940287;-2.9764912;0.00985082;752.86224;1.2005551;161.42531;0.0;-7.3453654e-25;99.99998;-7.345365e-21;0.0;-0.7144194;0.0;0.4337728;0.4337728;0.0;0.0;6414.5913;7761.575;-3436.7925;6556.17;-496.28333;-2307.1711
2012-08-19;17.565796;-1.4689636;0.010007222;753.3965;1.190196;179.86682;0.0;-7.3453654e-25;99.99998;-7.345365e-21;0.0012934206;-0.6926944;5.9604645e-05;0.42711198;0.42706728;0.0;0.0;6347.501;7679.5083;-3389.8916;6559.2544;-481.19223;-2311.1755
2012-08-20;17.089926;-3.977824;0.009936015;751.9238;1.268969;184.31648;0.0;-7.3453654e-25;99.99998;-7.345365e-21;0.0008583069;-0.6804457;4.4703484e-05;0.42054057;0.42051077;0.0;0.0;6383.191;7721.75;-3486.5898;6364.8364;-472.68222;-2296.0156
2012-08-21;16.831137;-4.44752;0.009909312;751.9073;1.224777;120.91095;0.0;-7.3453654e-25;99.99998;-7.345365e-21;0.0008583069;-0.6712284;4.4703484e-05;0.41416287;0.41413307;0.0;0.0;6358.003;7690.2876;-3468.9663;6350.5366;-466.28;-2282.929
2012-08-22;16.643127;-1.5983887;0.010192871;752.27734;1.2022737;96.926125;0.0;-7.3453654e-25;99.99998;-7.345365e-21;0.00043157145;-0.6737644;1.4901161e-05;0.4078895;0.40788203;0.0;0.0;6104.9243;7383.175;-3161.9685;6736.921;-468.04224;-2215.7488
2012-08-23;16.738047;3.6014202;0.010083516;753.0329;1.7722627;41.9787;0.0;-7.3453654e-25;99.99998;-7.345365e-21;0.007681875;-0.6146077;0.00037252903;0.40215254;0.40178;0.0;0.0;5866.193;7093.7847;-2950.8586;6940.608;-426.94778;-2287.4368
2012-08-24;18.14446;4.5841575;0.010056813;753.6987;1.3508397;64.99374;0.0;-7.3453654e-25;99.99998;-7.345365e-21;0.31894445;-0.7007085;0.015363097;0.41124225;0.3958568;0.0;0.0;5747.9434;6949.931;-2996.5688;7026.9155;-486.76;-1987.169
2012-08-25;18.187826;4.2183022;0.010135651;754.54736;1.2614051;54.249058;0.0;-7.3453654e-25;99.99998;-7.345365e-21;0.08460283;-0.7847119;0.0030696392;0.39315224;0.3900826;0.0;0.0;5389.3066;6515.5474;-2746.937;7283.181;-545.11334;-1853.3722
2012-08-26;18.979065;2.6208599;0.00949351;754.591;0.9532593;62.689087;0.0;-7.3453654e-25;99.99998;-7.345365e-21;0.00397861;-0.7246249;0.0001937151;0.38462877;0.38443506;0.0;0.0;5491.05;6637.8687;-2843.3596;7337.6177;-503.37112;-1826.1222
2012-08-27;18.59491;1.785848;0.009873708;752.7409;0.937414;123.71521;0.0;-7.3453654e-25;99.99998;-7.345365e-21;0.1277864;-0.6868392;0.0061690807;0.385046;0.37888438;0.0;0.0;5380.735;6503.75;-2761.417;7424.345;-477.12445;-1865.1833
2012-08-28;18.745157;-0.8230489;0.010023753;751.3117;1.3452054;135.31743;0.0;-7.3453654e-25;99.99998;-7.345365e-21;0.00042617318;-0.6567594;1.4901161e-05;0.3735274;0.3734976;0.0;0.0;5399.832;6525.9043;-2902.4333;7090.3613;-456.22778;-1959.0823
2012-08-29;19.241709;-4.308665;0.009862264;752.06274;1.3180614;133.82314;0.0;-7.3453654e-25;99.99998;-7.345365e-21;0.0025866274;-0.56793725;0.00011920929;0.3684163;0.3682971;0.0;0.0;4952.6094;5984.6187;-2818.0137;7058.737;-394.52777;-1641.3422
2012-08-30;17.58671;-1.3328654;0.009983063;753.5013;1.1129364;156.67998;0.0;-7.3453654e-25;99.99998;-7.345365e-21;0.0;-0.5932096;0.0;0.3632009;0.3631711;0.0;0.0;5719.48;6910.6064;-3038.8455;6782.0957;-412.0822;-2175.9033
2012-08-31;15.65157;-3.2007446;0.009962718;752.7364;1.2770835;191.39008;0.0;-7.3453654e-25;99.99998;-7.345365e-21;0.00084638596;-0.552495;2.9802322e-05;0.358209;0.3581494;0.0;0.0;5725.7515;6917.346;-3091.3042;6506.2866;-383.8;-2256.609
2012-09-01;14.896271;-2.378835;0.00975291;752.1586;1.2397624;110.810524;0.0;-7.3453654e-25;99.99998;-7.345365e-21;0.0025861554;-0.5611647;0.00011920929;0.35335124;0.35323203;0.0;0.0;5630.918;6801.8794;-3016.7048;6584.262;-389.82224;-2102.7656
2012-09-02;12.607381;5.97172;0.009938558;753.3549;1.3809443;41.190365;0.0;-7.3453654e-25;99.99998;-7.345365e-21;6.492734;-0.8914042;0.3759265;0.72449446;0.34858286;0.0;0.0;4114.4067;4969.308;-1960.9175;7294.4424;-619.23;-1624.7589
2012-09-03;11.798737;5.9519143;0.009899139;752.9919;1.6380099;41.631298;0.0;-7.3453654e-25;99.99998;-7.345365e-21;3.263861;-2.3190937;0.21031499;0.554502;0.34418702;0.0;0.0;4777.5684;5769.519;-1985.211;7018.7734;-1610.9978;-1490.3378
2012-09-04;13.23938;4.808187;0.009780884;753.0224;1.6198713;39.172653;0.0;-7.3453654e-25;99.99998;-7.345365e-21;0.000851742;-2.1493826;4.4703484e-05;0.33980608;0.33976138;0.0;0.0;5366.11;6479.71;-2450.5972;6659.795;-1493.1045;-1463.4767
2012-09-05;15.264668;1.7992859;0.009928386;753.0718;1.0412929;80.952;0.0;-7.3453654e-25;99.99998;-7.345365e-21;0.0017136035;-2.0945024;8.940697e-05;0.33539534;0.33532828;0.0;0.0;5620.246;6785.785;-2715.901;6626.1523;-1454.9811;-1278.8966
2012-09-06;16.267221;1.0365397;0.010045369;753.57587;1.0489208;107.7542;0.0;-7.3453654e-25;99.99998;-7.345365e-21;0.0021434617;-1.8728878;0.00010430813;0.3310293;0.3309399;0.0;0.0;5558.9478;6710.959;-2719.2485;6752.8677;-1301.0333;-1367.8602
2012-09-07;16.244873;-3.717682;0.010150909;752.3601;1.2131754;108.11462;0.0;-7.3453654e-25;99.99998;-7.345365e-21;0.0008583069;-1.5773354;4.4703484e-05;0.32667816;0.32663345;0.0;0.0;5664.9688;6838.088;-3073.8965;6322.988;-1095.7234;-1488.2145
2012-09-08;15.00472;-4.2681274;0.01003011;750.99286;1.2565169;143.75276;0.0;-7.3453654e-25;99.99998;-7.345365e-21;0.0017225739;-1.1714408;8.195639e-05;0.32250583;0.32243133;0.0;0.0;5605.5034;6765.535;-3038.3728;6258.5933;-813.76;-1716.4089
2012-09-09;14.176921;-2.0302124;0.009835561;751.482;1.1488878;133.64857;0.0;-7.3453654e-25;99.99998;-7.345365e-21;0.011473894;-0.8964231;0.00055134296;0.31886995;0.3183186;0.0;0.0;5339.914;6444.176;-2874.701;6443.204;-622.7156;-1747.2289
2012-09-10;13.043569;-0.045410156;0.009880066;752.5251;1.1970708;106.70693;0.0;-7.3453654e-25;99.99998;-7.345365e-21;1.2044072;-0.8634021;0.06262958;0.37698448;0.31434745;0.0;0.0;4577.6846;5523.689;-2468.2705;6774.87;-599.7767;-1467.4944
2012-09-11;11.739146;4.719503;0.0095825195;753.0061;1.3956331;43.145596;0.0;-7.3453654e-25;99.99998;-7.345365e-21;1.3498038;-0.9477986;0.0731647;0.3837347;0.3105402;0.0;0.0;4571.9487;5516.036;-2270.9373;6856.8887;-658.4033;-1645.3966
2012-09-12;11.82314;3.3635762;0.010083516;753.18854;1.1244222;71.54877;0.0;-7.3453654e-25;99.99998;-7.345365e-21;0.44096136;-1.092216;0.019550323;0.32638013;0.3068149;0.0;0.0;4515.489;5447.2046;-2218.407;6919.942;-758.7256;-1565.3467
2012-09-13;12.815277;0.2690328;0.009760539;753.5923;1.1145682;134.33107;0.0;-7.3453654e-25;99.99998;-7.345365e-21;0.00043511385;-0.95788485;2.9802322e-05;0.30314922;0.30311942;0.0;0.0;4401.348;5308.9644;-2341.3374;6767.164;-665.41113;-1388.5645
2012-09-14;13.288483;-2.967041;0.009864807;753.52374;1.1086278;104.241875;0.0;-7.3453654e-25;99.99998;-7.345365e-21;0.0008553266;-0.92182773;4.4703484e-05;0.29949844;0.29945374;0.0;0.0;5320.753;6417.1543;-2938.4648;6290.178;-640.36334;-1640.4412
2012-09-15;13.819885;-0.4986674;0.010467529;752.5849;1.1461251;71.59631;0.0;-7.3453654e-25;99.99998;-7.345365e-21;0.0029832125;-0.7548258;0.00011920929;0.29592216;0.2958104;0.0;0.0;5079.2446;6125.1206;-2818.9812;6529.602;-524.35333;-1540.3188
2012-09-16;14.557963;2.1397808;0.009934743;753.65643;1.1246175;67.600716;0.0;-7.3453654e-25;99.99998;-7.345365e-21;0.0017197926;-0.6475672;8.940697e-05;0.29233098;0.29223412;0.0;0.0;5135.8804;6188.1104;-2877.3132;6557.133;-449.84332;-1622.78
2012-09-17;15.042725;-2.1436055;0.010023753;753.7644;1.0839313;127.63784;0.0;-7.3453654e-25;99.99998;-7.345365e-21;0.00043511385;-0.6084945;2.9802322e-05;0.2887249;0.28871;0.0;0.0;5163.158;6215.543;-3005.272;6424.247;-422.7011;-1623.9255
2012-09-18;14.379191;-6.53245;0.01009496;753.2964;1.1072073;118.79248;0.0;-7.3453654e-25;99.99998;-7.345365e-21;0.00042617318;-0.5537495;1.4901161e-05;0.28526783;0.28523803;0.0;0.0;5231.1113;6291.8516;-3201.1943;6072.0776;-384.6722;-1643.8756
2012-09-19;13.389801;-6.6179404;0.009836833;752.9986;1.1186734;176.90694;0.0;-7.3453654e-25;99.99998;-7.345365e-21;0.0008583069;-0.5082898;4.4703484e-05;0.28191507;0.28187037;0.0;0.0;5221.55;6274.8887;-3203.1062;5928.573;-353.09222;-1663.6764
2012-09-20;13.023163;-4.215332;0.009920756;753.7283;1.1460363;221.98308;0.0;-7.3453654e-25;99.99998;-7.345365e-21;0.0012861455;-0.47431326;5.9604645e-05;0.2786517;0.2785772;0.0;0.0;5121.9453;6149.8594;-3078.3083;5992.1333;-329.4889;-1720.5989
2012-09-21;12.965007;-6.456482;0.010105133;754.5074;1.0403012;175.48163;0.0;-7.3453654e-25;99.99998;-7.345365e-21;0.0004351138;-0.4741531;1.4901161e-05;0.27537346;0.27535856;0.0;0.0;5128.0894;6151.8755;-3131.8716;5902.099;-329.37888;-1644.8722
2012-09-22;13.095276;-2.342163;0.010022481;754.72314;1.2900848;206.51508;0.0;-7.3453654e-25;99.99998;-7.345365e-21;0.0012898736;-0.43897238;5.9604645e-05;0.27224422;0.27219206;0.0;0.0;4898.9023;5871.8604;-2772.8933;6305.7666;-304.9389;-1721.267
2012-09-23;12.708984;-1.8233337;0.009880066;753.2181;1.2995491;169.0696;0.0;-7.3453654e-25;99.99998;-7.345365e-21;0.0;-0.4117107;0.0;0.26911497;0.26911497;0.0;0.0;4691.4956;5618.352;-2652.0557;6400.741;-286.00223;-1778.8955
2012-09-24;12.1891985;-3.5192463;0.009896596;753.10034;1.0727118;88.65365;0.0;-7.3453654e-25;99.99998;-7.345365e-21;0.0016965832;-0.45946333;8.940697e-05;0.26616454;0.26607513;0.0;0.0;4930.0283;5898.8784;-2889.7239;6213.8213;-319.17334;-1628.1045
2012-09-25;12.867991;-4.3399353;0.009864807;753.7163;1.057568;101.83198;0.0;-7.3453654e-25;99.99998;-7.345365e-21;0.0;-0.46198535;0.0;0.2630651;0.26307255;0.0;0.0;4904.765;5863.56;-2945.3638;6184.89;-320.92557;-1569.5677
2012-09-26;12.637909;-6.364095;0.009742737;754.9492;1.06893;117.964226;0.0;-7.3453654e-25;99.99998;-7.345365e-21;0.0;-0.45043045;0.0;0.26011467;0.26010722;0.0;0.0;4958.415;5922.4844;-3037.8403;6029.0454;-312.89777;-1572.1655
2012-09-27;12.188924;-8.3689375;0.010045369;756.4084;1.1498988;105.66571;0.0;-7.3453654e-25;99.99998;-7.345365e-21;0.0025697264;-0.4384704;0.00011920929;0.25732815;0.25722384;0.0;0.0;4914.444;5864.9146;-3039.1194;5963.89;-304.59;-1567.23
2012-09-28;11.468282;-1.2557068;0.009770711;758.31464;1.0938461;46.015457;0.0;-7.3453654e-25;99.99998;-7.345365e-21;0.14080405;-0.414541;0.0060498714;0.2604574;0.25440753;0.0;0.0;4273.351;5095.4424;-2550.6174;6460.198;-287.96667;-1397.66
2012-09-29;11.946757;-4.7164917;0.010203044;759.0545;1.2317885;42.905025;0.0;-7.3453654e-25;99.99998;-7.345365e-21;0.0021376354;-0.4568696;0.00010430813;0.25175512;0.2516508;0.0;0.0;4873.602;5806.1895;-3125.87;5824.637;-317.37222;-1451.6133
2012-09-30;12.13559;-7.4779563;0.009892781;758.8565;0.9688637;67.80417;0.0;-7.3453654e-25;99.99998;-7.345365e-21;0.00086847885;-0.45922214;4.4703484e-05;0.2489388;0.248909;0.0;0.0;4760.206;5666.222;-3000.8467;6025.1377;-319.00555;-1316.2544
2012-10-01;12.658732;-7.092997;0.010317485;759.7607;0.9284172;91.53809;0.0;-7.3453654e-25;99.99998;-7.345365e-21;0.0017209813;-0.42699742;8.940697e-05;0.2463013;0.24621934;0.0;0.0;4312.5503;5128.999;-2717.8567;6356.183;-296.62112;-1215.2222
2012-10-02;12.933685;-5.514618;0.009838104;759.63873;0.98893195;94.600334;0.0;-7.3453654e-25;99.99998;-7.345365e-21;0.0017136326;-0.41596872;8.940697e-05;0.24366379;0.24358928;0.0;0.0;4309.0513;5120.3936;-2633.9368;6474.5146;-288.96;-1273.5867
2012-10-03;12.345195;-2.786794;0.009937286;756.9995;1.095186;132.88646;0.0;-7.3453654e-25;99.99998;-7.345365e-21;0.06556511;-0.39901212;0.0029355288;0.24394691;0.24101138;0.0;0.0;4131.403;4905.114;-2511.453;6568.3335;-277.18;-1290.9597
2012-10-04;11.731812;-2.6141357;0.00962321;754.0835;1.2086096;147.33669;0.0;-7.3453654e-25;99.99998;-7.345365e-21;0.19186735;-0.41341037;0.008910894;0.24738908;0.23850799;0.0;0.0;4177.319;4955.301;-2416.19;6512.231;-287.18222;-1521.1244
2012-10-05;11.022542;-2.8890889;0.010232289;754.29663;1.134538;175.17244;0.0;-7.3453654e-25;99.99998;-7.345365e-21;0.0008583069;-0.3906861;4.4703484e-05;0.236094;0.23605675;0.0;0.0;4462.9126;5289.519;-2711.771;6034.349;-271.39557;-1638.4589
2012-10-06;10.360382;-4.0394387;0.009717305;756.32697;1.0328069;105.96465;0.0;-7.3453654e-25;99.99998;-7.345365e-21;0.06920397;-0.3807433;0.0032484531;0.23688376;0.23364276;0.0;0.0;4191.6084;4963.686;-2638.505;6062.762;-264.49;-1336.0911
2012-10-07;9.173442;-2.0982056;0.010358174;757.01324;1.107381;122.53974;0.0;-7.3453654e-25;99.99998;-7.345365e-21;0.714767;-0.5325014;0.033140182;0.2644509;0.23131818;0.0;0.0;3633.679;4299.3975;-2153.8428;6432.2188;-369.91055;-1204.3411
2012-10-08;8.652679;0.49484253;0.009887695;754.0103;0.9980642;143.49997;0.0;-7.3453654e-25;99.99998;-7.345365e-21;2.8560162;-0.7068114;0.14643371;0.37553906;0.22912025;0.0;0.0;2928.9246;3462.5667;-1774.5087;6644.7505;-490.99832;-864.49445
2012-10-09;7.4432983;0.2678019;0.009796143;751.54095;1.1413405;238.0941;0.0;-7.3453654e-25;99.99998;-7.345365e-21;1.1074781;-0.9654108;0.051870942;0.27886033;0.22698939;0.0;0.0;3640.2642;4299.8135;-2017.5936;6227.9966;-670.6389;-1270.2444
2012-10-10;8.03947;-0.80494183;0.010035197;753.5755;0.9549441;166.25482;0.0;-7.3453654e-25;99.99998;-7.345365e-21;0.002259016;-0.8188542;0.00011920929;0.22494793;0.22482872;0.0;0.0;3983.3738;4701.013;-2313.3027;6065.311;-568.8311;-1236.3867
2012-10-11;7.655548;1.2804056;0.009953816;754.1668;1.0880548;165.58496;0.0;-7.3453654e-25;99.99998;-7.345365e-21;10.831743;-0.82438624;0.69512427;0.9178072;0.2226755;0.0;0.0;3365.8677;3969.08;-1691.925;6716.4966;-572.67224;-1048.3256
2012-10-12;5.885305;2.1081135;0.009871165;752.5341;1.1268798;185.36903;0.0;-7.3453654e-25;99.99998;-7.345365e-21;5.3029656;-1.5117452;0.35190582;0.5725622;0.2206564;0.0;0.0;3438.2634;4050.7344;-1982.5806;6097.3857;-1050.1589;-936.7622
2012-10-13;7.561615;-1.0506897;0.00982666;755.456;0.97525305;81.65501;0.0;-7.3453654e-25;99.99998;-7.345365e-21;0.0017166138;-1.690859;0.00010430813;0.21873415;0.21863729;0.0;0.0;4200.133;4944.089;-2319.8328;5894.211;-1174.5834;-788.73804
2012-10-14;8.06546;-3.2844849;0.00977834;755.67505;0.988508;89.47202;0.0;-7.3453654e-25;99.99998;-7.345365e-21;0.00043511385;-1.6564783;2.9802322e-05;0.21660328;0.21658093;0.0;0.0;4229.7544;4974.7085;-2499.6365;5675.8867;-1150.7;-773.7967
2012-10-15;7.899414;-3.8085735;0.010017395;756.81934;0.9918677;82.97839;0.0;-7.3453654e-25;99.99998;-7.345365e-21;0.0008642673;-1.5447066;4.4703484e-05;0.21457672;0.21455437;0.0;0.0;4214.263;4952.247;-2467.0134;5714.8613;-1073.0566;-767.1111
2012-10-16;8.152181;-1.6155192;0.010027568;757.45044;1.0067779;80.051254;0.0;-7.3453654e-25;99.99998;-7.345365e-21;0.059363246;-1.4247652;0.0030249357;0.21559;0.21255761;0.0;0.0;4022.3516;4725.283;-2262.215;6024.5845;-989.7367;-785.5022
2012-10-17;6.8210855;-0.13722737;0.009869893;756.27496;1.0781839;62.211582;0.0;-7.3453654e-25;99.99998;-7.345365e-21;0.25580525;-1.2458917;0.012502074;0.22312999;0.21060556;0.0;0.0;3657.311;4295.093;-2000.0255;6269.2446;-865.48;-840.93555
2012-10-18;4.5011697;0.73460895;0.009938558;755.23364;1.1922902;45.267017;0.0;-7.3453654e-25;99.99998;-7.345365e-21;4.236969;-1.0545617;0.27242303;0.4811436;0.20871311;0.0;0.0;3220.1345;3780.61;-1723.8188;6401.541;-732.5689;-1007.4878
2012-10-19;4.481191;0.66471356;0.009951274;755.9185;1.1615714;47.4552;0.0;-7.3453654e-25;99.99998;-7.345365e-21;2.1765916;-1.3093548;0.12925267;0.3361553;0.20688772;0.0;0.0;3291.0117;3862.45;-1652.68;6377.617;-909.56555;-908.69556
2012-10-20;3.8743896;0.37534586;0.009979248;756.3848;1.133078;73.327896;0.0;-7.3453654e-25;99.99998;-7.345365e-21;2.6934533;-1.2162812;0.1720339;0.3771484;0.20511448;0.0;0.0;2804.1062;3290.12;-1456.9828;6449.0215;-844.91;-768.8889
2012-10-21;4.0637918;0.56291705;0.010027568;756.57965;1.000338;128.56596;0.0;-7.3453654e-25;99.99998;-7.345365e-21;1.7112353;-1.1682371;0.10022521;0.30361116;0.20338595;0.0;0.0;2876.6233;3373.9578;-1560.8728;6393.8057;-811.5344;-726.13336
2012-10-22;4.8601785;0.7185669;0.010080974;755.43964;0.98677397;74.52742;0.0;-7.3453654e-25;99.99998;-7.345365e-21;3.9065955;-1.3183597;0.25685132;0.45852363;0.20166487;0.0;0.0;2981.58;3496.1067;-1152.6733;6944.661;-915.8211;-788.09
2012-10-23;5.439148;3.6853638;0.01003011;753.15717;0.88018966;169.43898;0.0;-7.3453654e-25;99.99998;-7.345365e-21;8.738095;-1.4387416;0.6276816;0.827685;0.20001084;0.0;0.0;2441.8628;2862.4011;-853.73334;7267.1187;-999.44666;-675.86444
2012-10-24;5.8391113;1.5737711;0.010152181;754.0552;1.0470009;173.453;0.0;-7.3453654e-25;99.99998;-7.345365e-21;0.13948977;-1.2636632;0.008538365;0.20693243;0.19839406;0.0;0.0;2556.77;2996.1433;-1295.4;6775.6646;-877.82556;-681.3345
2012-10-25;3.9989727;2.3932087;0.010022481;750.94604;0.6236336;176.04347;0.0;-7.3453654e-25;99.99998;-7.345365e-21;12.527362;-0.82441235;1.0265112;1.2233406;0.19682199;0.0;0.0;1038.0627;1216.2977;-456.935;7330.167;-572.6922;-286.34
2012-10-26;3.5483906;2.7223206;0.01001358;749.43866;0.8739205;204.07664;0.0;-7.3453654e-25;99.99998;-7.345365e-21;5.0296664;-1.1999282;0.40361285;0.5989224;0.19530207;0.0;0.0;2079.6611;2435.7622;-721.52386;7185.8794;-833.5511;-678.2622
2012-10-27;2.8580627;1.3655497;0.0099487305;750.84125;0.6378157;179.86407;0.0;-7.3453654e-25;99.99998;-7.345365e-21;3.12199;-1.1420548;0.25726855;0.45105815;0.1937896;0.0;0.0;2231.7373;2612.966;-1311.2306;6447.999;-793.3472;-596.8578
2012-10-28;2.1822407;-1.559316;-4.936259;753.38916;0.9718823;89.3912;0.006591797;8.34465e-07;122.71645;-7.345365e-21;0.7937592;-1.3261791;0.05851686;0.25078654;0.19227713;0.0003017485;0.0011175871;3053.995;3574.4895;-1716.4523;5978.4233;-921.2522;-761.0367
2012-10-29;3.808075;-3.2029011;-7.1621475;753.5073;0.8577044;99.24804;0.004801432;9.536743e-07;145.3268;-7.345365e-21;0.0004351138;-1.3621384;5.9604645e-05;0.19077957;0.19072741;0.00021420419;0.0;3668.6545;4292.4443;-2273.355;5422.775;-946.23224;-554.6222
2012-10-30;4.7519937;-1.1619974;-5.926295;753.1775;0.934263;184.40991;0.00390625;4.3710074e-07;150.26561;-7.345365e-21;0.00044107434;-1.2427737;5.9604645e-05;0.18924475;0.18920004;0.00019185245;0.0;3597.6973;4208.0845;-2126.3167;5639.411;-863.31335;-561.73224
2012-10-31;4.8933816;0.4306437;-4.888565;754.3282;0.96508306;74.54197;0.0026041667;-7.3453654e-25;150.26561;-7.345365e-21;0.0008642673;-1.2608031;8.940697e-05;0.18778443;0.18769503;0.00016763806;0.0;3419.0657;3997.851;-1920.8855;5933.9106;-875.83777;-598.04114
2012-11-01;5.3417053;-0.6561076;-3.995673;755.1783;0.8873313;167.25995;0.001953125;-7.3453654e-25;150.26561;-7.345365e-21;0.69050586;-1.1367351;0.05069375;0.23692846;0.18621981;0.00010244548;0.0;2879.5818;3365.969;-1745.5416;6128.779;-789.6511;-459.93555
2012-11-02;4.994558;-0.86848956;-4.4833794;754.07587;0.93537587;145.08978;0.0007324219;-7.3453654e-25;150.26561;-7.345365e-21;0.0008523463;-1.249982;6.7055225e-05;0.184834;0.1847744;6.519258e-05;0.0;3395.8262;3968.1477;-1914.835;5931.894;-868.3211;-592.81555
2012-11-03;4.311086;1.5188904;-2.0055199;754.1836;0.8474603;108.97884;0.0;-7.3453654e-25;150.26561;-7.345365e-21;3.271389;-0.88762957;0.2693087;0.45268238;0.18337369;3.9115548e-05;0.0;2123.709;2481.1155;-1166.5133;6699.9844;-616.6067;-502.27667
2012-11-04;3.4790142;0.5426636;-3.6924717;754.76514;0.8988841;97.2936;0.00081380206;-7.3453654e-25;138.96547;-7.345365e-21;1.4756352;-1.1454989;0.120177865;0.30218065;0.18200278;0.00014156103;0.00021606684;2659.7983;3106.0955;-1428.6827;6353.513;-795.74;-662.88
2012-11-05;4.379232;-0.43146768;-5.735203;754.4357;0.87268406;182.67525;0.0;-7.3453654e-25;150.29393;-7.345365e-21;0.005739927;-1.1109151;0.0004172325;0.18104911;0.18064678;5.9604645e-05;0.0;2924.0034;3413.6355;-1810.2794;5906.704;-771.7156;-522.55334
2012-11-06;4.313029;0.523407;-6.5419364;753.6884;0.93594736;173.24571;0.0;-7.3453654e-25;150.32811;-7.345365e-21;0.0;-0.93853194;0.0;0.17930567;0.17929077;3.1664968e-05;0.0;2991.925;3491.8823;-1963.2728;5695.309;-651.9667;-520.93665
2012-11-07;4.4280496;-0.9125366;-7.340753;753.51166;0.8547092;190.7902;0.0;-7.3453654e-25;148.77113;-7.345365e-21;0.0008583069;-1.0272022;5.9604645e-05;0.17802417;0.17795712;1.4901161e-05;0.0;3349.3223;3907.7266;-2222.2656;5389.507;-713.56335;-466.37332
2012-11-08;4.5041504;0.32063803;-7.764158;752.56494;0.82065606;200.68408;0.0;-7.3453654e-25;119.9837;-7.345365e-21;0.00043511385;-0.9016972;2.9802322e-05;0.17666817;0.17663836;3.7252903e-06;0.0;3120.0828;3639.1677;-1984.7633;5643.4263;-626.3789;-495.81888
2012-11-09;4.671407;-0.13823445;-4.1399713;753.0545;0.80404645;147.14417;0.0;-7.3453654e-25;106.79165;-7.345365e-21;2.5989592;-0.88928175;0.21344423;0.3888011;0.17534941;3.7252903e-06;0.0;2704.6646;3153.7622;-1495.6411;6237.2856;-617.75446;-420.9822
2012-11-10;2.720988;2.0704956;-0.03803253;751.4572;0.83133745;192.14363;1.840332;0.00030346712;125.651344;1.9938151;28.148819;-0.5042022;2.9783697;3.1525195;0.17413497;0.07852167;0.9686984;608.64166;709.8711;-211.7411;7435.318;-350.21335;-208.51222
2012-11-11;3.2697346;2.059906;-0.644057;753.0545;0.8776779;147.68623;4.7329917;0.00070317584;150.62987;4.8828125;10.371285;-0.9370428;1.3135821;1.4865398;0.17295778;0.30614436;0.0;1738.7955;2091.611;-694.0883;7070.669;-650.6589;-455.95444
2012-11-12;-0.16174316;-1.2651266;-0.3835945;750.8172;1.1019986;28.456987;55.081707;0.008649826;145.97133;57.698566;33.375267;-0.2919268;2.684027;2.8558373;0.17182529;0.40762126;15.004769;395.925;712.71;-420.46222;6836.4844;-203.55556;-115.26556
2012-11-13;-1.1447245;-3.748006;-3.242667;749.4546;1.4812244;26.913925;97.01913;0.015436292;152.63605;101.48112;0.26216507;-0.1962427;0.25841594;0.42915344;0.1707673;1.6358793;0.17954782;878.06775;2926.4744;-958.88165;5924.36;-145.09334;-44.934444
2012-11-14;-2.9426677;-4.9772134;-5.9682107;748.5112;0.9604903;89.7767;86.17399;0.013249914;154.19269;86.58854;0.08136034;-0.24591573;0.39084256;0.5606264;0.16978383;2.4801233;0.0215061;1018.95667;2720.5657;-971.49335;5719.459;-175.4911;-133.75444
2012-11-15;-3.7882588;-8.769684;-7.9049225;753.05304;1.1194174;24.59716;71.66146;0.011025946;155.00877;71.81803;0.0006556511;-0.4169941;0.31735003;0.4862249;0.16887486;2.0572488;0.00063329935;1576.1984;3300.7932;-1391.2184;5218.976;-292.81445;-199.15445
2012-11-16;-1.4366709;-9.378033;-9.87568;755.7139;1.022586;50.619907;58.49007;0.009025931;155.60773;58.14616;0.0012904402;-0.49506035;0.29449165;0.46248734;0.16800314;1.9209981;0.0;2085.0479;3743.4045;-1844.3772;4737.295;-345.11945;-156.81667
2012-11-17;-0.5147502;-10.051972;-9.640662;755.41034;0.9991551;52.382416;47.128498;0.0072920322;156.06866;46.91569;0.0;-0.51977766;0.24440885;0.41158497;0.16716868;1.6027317;0.0;2209.649;3546.1833;-1850.6572;4839.4946;-362.515;-131.89111
2012-11-18;0.06422933;-8.004822;-6.8440185;753.3496;1.012983;41.62698;37.084717;0.005744616;156.46678;36.539715;0.026467443;-0.5688015;0.22546947;0.39185584;0.16637892;1.4748908;0.0059381127;2247.6123;3308.3755;-1555.6067;5447.03;-397.1128;-190.52667
2012-11-19;-1.2513224;-4.3267517;-2.6376903;751.5461;1.3161304;25.231047;40.78133;0.0062312284;151.4225;40.974934;2.7846186;-0.4954189;0.19025803;0.35589933;0.16563386;0.90565157;2.0928607;1121.6812;1736.2211;-585.50775;6577.8804;-350.7022;-167.92111
2012-11-20;-0.32963052;-3.463908;-4.742739;751.6331;1.231719;29.827845;37.34375;0.00556461;150.65656;37.150066;0.15496612;-0.47057307;0.23704767;0.40197372;0.1649186;1.5229844;0.07581338;1497.215;2218.1912;-1021.0872;6109.5645;-329.35443;-229.70444
2012-11-21;-0.6067505;-3.7346394;-4.3048882;751.5822;0.9028937;40.789562;28.381266;0.0042302213;150.86522;27.954102;0.5508959;-0.5388223;0.24527311;0.4095137;0.16421825;1.2723486;0.028308481;1746.0728;2406.1545;-979.515;6205.3613;-376.06888;-318.8622
2012-11-22;-0.56084186;-4.1289673;-4.2463393;751.69867;0.8881511;57.581585;21.186197;0.003158013;150.98012;20.955404;0.09625554;-0.70334506;0.15431643;0.31785667;0.1635477;0.964785;0.012598932;2020.1906;2647.9412;-1130.5594;6121.2188;-491.19278;-424.81332
2012-11-23;-0.6870524;-3.3558552;-3.8483784;751.40967;1.1570479;36.56226;17.100504;0.0025883515;150.40785;16.927084;2.2018404;-0.5658297;0.22403896;0.38693845;0.16289204;0.5422514;0.866387;1557.925;1979.3445;-929.3089;6280.044;-394.81888;-290.68777
2012-11-24;-0.6059367;-3.1038716;-2.7601395;749.53467;0.7010718;52.512024;20.456787;0.0030657847;150.48663;20.548502;1.1368722;-0.57992154;0.18720329;0.34949183;0.1622811;0.6746426;0.32988936;1403.1561;1826.6866;-759.89166;6505.3677;-404.7678;-274.55667
2012-11-25;-1.1780294;-2.198171;-2.8912709;748.4373;0.70103616;62.40924;23.79313;0.0036663215;148.12335;24.251303;6.0913143;-0.441337;0.30095875;0.46265125;0.16168505;0.63598156;4.175786;1293.9556;1670.44;-718.62445;6502.8345;-307.31888;-311.7378
2012-11-26;-1.475769;-2.9257812;-2.9713173;747.59424;0.62610567;76.68594;59.910156;0.008769711;145.13702;60.139973;3.8513541;-0.35574287;0.20895898;0.37005544;0.16111135;0.89557284;3.0211136;872.2367;1652.8055;-640.8078;6425.241;-252.83556;-167.48334
2012-11-27;-3.1677043;-6.538198;-7.808382;749.7029;0.87971944;83.42106;57.066082;0.00857532;150.95343;56.640625;0.03004074;-0.5316799;0.11996925;0.28049946;0.16054511;0.79756975;0.016123056;1557.1417;2755.9055;-1301.2805;5426.453;-378.26;-281.3922
2012-11-28;-2.7151108;-9.303897;-11.129365;753.1753;0.99860764;91.43411;50.864014;0.007661303;151.41502;50.33366;0.00086128706;-0.3751926;0.13308972;0.29307604;0.15999377;0.8871481;0.0;2012.4312;3324.1655;-1865.7683;4642.88;-263.72223;-189.07222
2012-11-29;-0.9028015;-9.030776;-10.626163;753.57196;1.0075303;134.7205;43.11792;0.0064899526;151.82094;42.60254;0.0008583069;-0.3119437;0.19660592;0.35606325;0.15945733;1.2984108;0.0;2147.365;3306.4421;-1934.01;4722.823;-218.05888;-150.46556
2012-11-30;-0.39334106;-7.962836;-8.908984;754.2823;0.8746955;163.70457;35.329998;0.0053299665;152.16469;34.99349;0.0;-0.22711977;0.16251206;0.32144785;0.15895814;1.0688417;0.0;1791.0011;2587.81;-1534.8245;5274.3877;-158.90111;-148.28223
2012-12-01;-0.10579427;-9.020852;-9.530815;754.4057;0.9969123;45.82294;27.966553;0.0042161145;152.46515;28.076172;0.00085532654;-0.4396159;0.17096102;0.32941997;0.15845895;1.1214651;0.0;2342.338;3207.1433;-1932.9288;4971.1113;-306.45444;-141.86444
2012-12-02;0.1597697;-8.061744;-8.8074045;753.6285;1.0738344;49.06175;20.898111;0.0031479995;152.6878;20.711264;0.001711679;-0.40773863;0.15618652;0.31414628;0.15796721;1.0226108;0.0;2396.8894;3131.8079;-1836.235;5184.792;-283.88;-172.31111
2012-12-03;0.98150635;-6.6386514;-8.627816;751.24854;0.81564265;185.0342;15.201741;0.0022925932;152.85643;14.729817;0.0008583069;-0.46170595;0.11356175;0.27103722;0.15749037;0.74435586;0.0;2431.2295;3065.6245;-1825.2145;5254.894;-321.19778;-177.56444
2012-12-04;-2.4916077;-5.0203857;-4.8492684;744.7104;1.2374123;204.26598;21.181234;0.0033799808;146.37433;22.216797;8.11379;-0.31045264;0.06252527;0.21955371;0.15703589;0.18038228;7.6626987;1628.1106;2038.9;-833.8811;6249.723;-219.38889;-501.7211
2012-12-05;-5.60317;-6.383982;-4.864797;741.54694;0.8064243;201.07603;98.64193;0.031822044;121.30011;256.9987;29.109764;-0.07054675;0.00035762787;0.15693903;0.1565963;0.0;28.980286;248.23334;1041.7877;-254.89223;6465.8213;-55.47889;-103.53222
2012-12-06;-6.175882;-7.3646736;-7.293608;745.59863;0.804811;254.85559;100.0;0.040999692;142.21873;290.07974;1.2508534;-0.04850328;0.0;0.15616417;0.15616417;0.0;1.2448318;623.00946;2622.7166;-519.1572;5941.0845;-34.246666;-94.46778
2012-12-07;-4.012207;-4.61202;-3.1703594;748.3526;0.76196223;208.91492;100.0;0.049186427;149.4912;325.80566;24.2151;-0.1208242;0.007018447;0.16275048;0.15573949;0.0;23.472994;324.84332;1341.9166;-60.00889;6852.9785;-92.89445;-145.14111
2012-12-08;-3.6112492;-4.012385;-1.8304278;747.76996;0.6068532;207.92992;100.0;0.08374766;150.00584;554.8909;22.665358;-0.13469067;0.02105534;0.17638505;0.1553297;0.0;21.443851;201.56;854.17;-120.65945;6875.161;-104.71333;-150.60222
2012-12-09;-4.456739;-7.031157;-5.3815894;750.695;0.80094594;55.11059;100.0;0.09088453;156.92023;579.7119;0.02232194;-0.07185992;0.0;0.15492737;0.15492737;0.0;0.022161752;634.5378;2455.121;-1102.7167;5423.33;-52.00111;-59.905556
2012-12-10;-6.82902;-13.076606;-12.578122;746.6758;0.91837853;69.92685;100.0;0.090929426;161.3753;563.8428;0.254187;-0.03525056;0.0;0.15451759;0.15451759;0.0;0.22479892;780.3367;2929.9956;-890.9689;5027.223;-23.602222;18.602222
2012-12-11;-6.4384055;-8.6146555;-9.5605545;743.5046;0.7057516;72.767426;100.0;0.09362793;162.055;577.55536;3.4246445;-0.0127367675;0.0;0.15412271;0.15413016;0.0;3.3244789;539.1422;2033.9344;-426.98944;5889.195;-7.6977777;-34.761112
2012-12-12;-7.5178246;-12.1671715;-11.479309;749.3662;1.179496;45.931538;100.0;0.094834924;165.1139;574.74774;0.0029459596;-0.037435442;0.0;0.15374273;0.15374273;0.0;0.0016540289;805.74164;3041.0645;-1049.6278;4940.0537;-25.256666;-11.705556
2012-12-13;-6.974762;-13.582527;-14.078033;747.4341;1.0212058;35.28774;100.0;0.0948565;168.26952;564.1276;0.0023396616;-0.021289103;0.0;0.15336275;0.15336275;0.0;0.0001937151;775.19556;2858.4744;-944.87335;4844.9766;-13.2711115;42.72111
2012-12-14;-8.772939;-15.018051;-15.779878;747.15814;1.0019373;55.26743;100.0;0.09487331;170.95897;555.4199;0.004712711;-0.021313317;0.0;0.15299022;0.15299022;0.0;0.0030063093;870.30225;3134.8245;-1205.9;4375.9087;-13.257222;38.49111
2012-12-15;-11.190471;-13.782982;-16.84141;746.64166;0.9739351;44.047657;100.0;0.094958864;172.9889;549.4792;0.22870004;0.0069616362;0.0;0.1526177;0.1526177;0.0;0.22108108;801.75775;2822.6133;-793.2622;4785.7534;7.6222224;0.093333334
2012-12-16;-10.823518;-12.780967;-13.880723;745.01166;0.70623827;170.46608;100.0;0.096317135;171.8919;560.0179;2.8207333;-0.0055823475;0.0;0.15226007;0.15226007;0.0;2.817275;521.05835;1818.5745;-530.0039;5347.7334;-2.9666667;-25.116667
2012-12-17;-10.076705;-11.784795;-11.83978;747.92816;0.7728668;269.16843;100.0;0.09860965;168.7783;584.6761;1.1821687;-0.036094338;0.0;0.15191734;0.15190244;0.0;1.1769049;610.4339;2195.7932;-350.1;5755.5513;-26.18;-68.32
2012-12-18;-7.1107726;-8.275589;-8.06322;751.3193;0.6143091;232.79224;100.0;0.100717224;168.6253;597.4121;2.465248;-0.048111193;0.0;0.15155971;0.15155971;0.0;2.459824;431.25278;1566.8033;-222.55278;6250.501;-36.031113;-80.53445
2012-12-19;-4.482473;-5.302124;-5.3491416;751.30927;0.39539483;194.56323;100.0;0.107341446;167.19887;640.2995;15.590703;-0.015866011;0.0;0.15121698;0.15121698;0.0;15.082225;302.52222;1123.2589;-48.724445;6712.1255;-11.278334;-43.70111
2012-12-20;-3.023824;-3.5081482;-2.2296143;744.98517;0.51202023;143.27547;100.0;0.13430817;158.18163;844.1976;40.77069;-0.080997124;0.038191676;0.18908083;0.15087426;0.0;38.14993;205.84056;872.43665;-55.648335;6955.947;-62.602222;-96.21333
2012-12-21;-5.775299;-6.920807;-3.1051738;741.5184;0.6335272;183.3409;100.0;0.17088866;154.20375;1106.8522;18.00476;-0.16126595;0.0;0.15054643;0.15054643;0.0;17.837978;198.03055;832.87;-336.36166;6432.6724;-125.74;-140.89778
2012-12-22;-6.3553786;-7.4710617;-5.276239;747.926;0.7579147;223.46526;100.0;0.18007028;162.04457;1113.2812;2.2223175;-0.09731576;0.0;0.1502037;0.15021116;0.0;2.1882505;511.155;2156.3877;-530.2011;6077.4995;-73.55;-117.36444
2012-12-23;-5.6660743;-6.8587174;-5.985781;751.4687;0.62587625;233.14723;100.0;0.18176079;171.4121;1062.1744;1.1360973;-0.061906874;0.0;0.14987588;0.14986843;0.0;1.11809;483.45444;1996.0466;-504.69278;6073.8394;-45.68778;-74.00667
2012-12-24;-5.289724;-6.23202;-6.5501556;749.9737;0.8238549;257.10178;100.0;0.18293293;179.73988;1019.20575;1.997608;-0.014549121;0.0;0.14954805;0.1495406;0.0;1.9786284;531.49554;2140.199;-296.6678;6324.1763;-8.832222;-64.60333
2012-12-25;-3.656943;-6.212982;-6.441625;749.0031;0.9089165;46.79936;100.0;0.18413158;187.77765;982.2998;0.035381317;-0.020960346;0.0;0.14922023;0.14921278;0.0;0.03451854;729.9011;2916.2588;-1144.9856;5249.536;-12.275556;-23.944445
2012-12-26;-7.565132;-11.949776;-10.38477;751.6242;1.9347558;20.505661;100.0;0.18417756;194.4121;948.40497;0.012904406;-0.027120113;0.0;0.1488775;0.14888495;0.0;0.01161918;809.01556;3151.7144;-1536.3645;4396.6924;-16.918888;70.07222
2012-12-27;-10.038737;-19.11714;-16.401672;753.67035;1.8238639;9.105361;100.0;0.18420263;198.5078;928.5075;0.0008523463;-0.02106186;0.0;0.14856458;0.14855713;0.0;0.0;868.3211;3297.4666;-1628.4423;3740.1277;-12.927778;150.22223
2012-12-28;-7.831084;-23.58737;-19.451382;752.1513;1.3097707;208.8845;100.0;0.18421833;201.1494;916.3005;0.0;-0.023731962;0.0;0.14823675;0.14823675;0.0;0.0;893.70166;3310.922;-1104.3005;4182.2866;-15.89;150.40222
2012-12-29;-6.404939;-20.60623;-18.485641;750.1128;0.7635028;335.51456;100.0;0.1842202;203.57909;905.5583;0.0;-0.022599474;0.0;0.14790893;0.14792383;0.0;0.0;892.33276;3227.5833;-1139.3978;4266.41;-14.948889;93.335556
2012-12-30;-9.230617;-13.95725;-18.56321;748.02826;0.8397004;271.24515;100.0;0.18424582;205.9964;894.9788;0.001001358;0.015374273;0.0;0.1476109;0.14761835;0.0;0.00055134296;886.69165;3132.9023;-1056.9856;4348.233;14.098889;54.535557
2012-12-31;-11.772981;-17.7265;-19.424362;749.1777;1.3158574;5.9786353;100.0;0.1842829;208.29393;885.4167;0.0017762184;0.0017415732;0.0;0.14729798;0.14730543;0.0;0.0013485551;931.1606;3215.9023;-1356.1677;3885.1135;3.7322223;75.11667
2013-01-01;-9.211957;-20.762045;-20.626217;749.67334;0.9642164;264.9067;100.0;0.18430252;210.29523;877.15656;0.001702454;-0.015472993;0.0;0.14699996;0.14699996;0.0;0.0;978.41833;3304.3667;-1219.53;3985.3545;-9.592222;103.23222
2013-01-02;-10.436142;-19.062347;-20.12771;751.4253;1.2536262;9.254372;100.0;0.18431914;212.20636;869.38477;0.0008523463;-0.009113923;0.0;0.14670193;0.14669448;0.0;0.0;983.6272;3249.8022;-1116.56;4185.8643;-4.5033336;95.886665
2013-01-03;-11.290817;-18.318054;-19.798635;751.9913;1.3730302;9.557439;100.0;0.18434493;214.15688;861.613;0.0004351138;-0.0042952597;0.0;0.14638901;0.14638901;0.0;0.0;1022.52167;3307.1233;-1264.9244;4023.6636;-0.71444446;95.206665
2013-01-04;-9.956497;-19.144156;-19.782404;747.88055;0.8867707;205.29924;100.0;0.18436675;216.06248;854.24805;0.0008583069;-0.015243888;0.0;0.14609098;0.14609843;0.0;0.0;1025.8861;3248.9956;-1109.2106;4213.184;-9.348889;66.276665
2013-01-05;-9.060576;-13.1445;-17.08621;742.42725;0.5952217;264.079;100.0;0.18517824;216.36815;855.5908;4.8313675;0.0034002587;0.0;0.14579296;0.14579296;0.0;4.82662;933.23334;2896.7356;-401.97388;5366.082;4.5155554;-4.411111
2013-01-06;-7.6853166;-8.523799;-11.249755;740.4438;0.81386405;193.3283;100.0;0.20100355;195.14288;1028.0762;30.369;0.020306557;0.0;0.14549494;0.14550239;0.0;30.36091;271.30945;1046.581;178.67166;6517.01;16.36;-13.8955555
2013-01-07;-7.509542;-8.603557;-7.973577;737.8416;0.8681057;175.93141;100.0;0.24645185;166.2184;1478.0273;52.10693;-0.036127865;0.0;0.14522672;0.14521182;0.0;52.0902;325.10056;1409.9545;-66.03611;6457.077;-27.007778;-88.98556
2013-01-08;-8.816544;-9.972749;-7.928225;738.1115;1.1245586;186.8875;100.0;0.28983775;157.62694;1835.4086;34.868073;-0.054599717;0.0;0.1449287;0.1449287;0.0;34.861103;210.3689;911.26886;-139.82167;6275.7847;-42.133335;-98.933334
2013-01-09;-8.475658;-9.759602;-7.4901237;734.64087;1.1500701;193.90968;100.0;0.3586066;153.38995;2330.0781;63.310177;-0.0803303;0.0;0.14466047;0.14464557;0.0;63.298553;105.80722;462.22665;-24.234444;6457.3984;-62.894444;-111.657776
2013-01-10;-12.677661;-14.999795;-10.126327;736.23926;1.0912973;201.5691;100.0;0.38720894;162.55956;2385.8235;9.364563;-0.1367759;0.0;0.14436245;0.14436245;0.0;9.227536;474.68167;2057.7556;-606.2547;5462.6577;-105.46778;-199.32445
2013-01-11;-13.486763;-15.895495;-13.665207;747.91656;0.79370743;271.60797;100.0;0.39051548;174.30858;2244.7917;0.43061972;-0.035690144;0.0;0.14406443;0.14407188;0.0;0.42682886;722.26056;3072.6133;-997.6739;4730.343;-25.331112;-101.39111
2013-01-12;-12.352855;-19.115623;-17.296381;750.8535;1.0144528;97.108185;100.0;0.3907306;183.29198;2134.6028;0.010663271;-0.030245632;0.0;0.1437813;0.14378875;0.0;0.0068061054;847.18054;3507.7822;-1351.7167;3989.602;-20.377777;19.654444
2013-01-13;-10.235044;-18.313408;-18.821901;748.553;1.0025452;128.38838;100.0;0.39074442;189.8867;2060.1807;0.00085359777;-0.020129606;0.0;0.14349818;0.14349818;0.0;0.0;842.29724;3395.601;-994.3517;4382.0947;-12.635555;54.327778
2013-01-14;-11.769275;-16.266329;-19.432085;748.32806;1.0983114;108.47819;100.0;0.39077154;195.63084;1999.7152;0.0017195934;0.006167218;0.0;0.14321506;0.14321506;0.0;0.0;902.7889;3545.7622;-1164.7426;4125.757;7.3922224;50.244446
2013-01-15;-14.293866;-21.276478;-21.34861;751.8654;1.5299736;10.112659;100.0;0.39080298;200.52797;1950.4395;0.00192523;-0.010637566;0.0;0.14293194;0.14293194;0.0;0.00021606684;966.50336;3701.5234;-1491.5939;3546.254;-5.4877777;92.45556
2013-01-16;-12.345978;-22.82664;-23.48982;753.20825;1.4698051;36.338917;100.0;0.39082417;204.35838;1914.3881;0.0008583069;-0.008060597;0.0;0.14264882;0.14264882;0.0;0.0;1005.24164;3755.4912;-1356.2128;3572.1594;-3.8;159.21889
2013-01-17;-7.9283166;-25.841642;-21.900414;750.85156;0.7252142;297.90842;100.0;0.3908509;207.90785;1881.9987;0.032547116;-0.027926639;0.0;0.1423806;0.1423806;0.0;0.030383468;795.255;2900.63;-712.86945;4540.431;-19.727777;115.38778
2013-01-18;-7.6888223;-19.59114;-20.33004;750.18555;0.731663;283.83353;100.0;0.3908697;211.84113;1846.9238;0.0;-0.023599714;0.0;0.14209747;0.14210492;0.0;0.0;1026.2839;3656.601;-975.005;4355.3013;-15.343333;76.996666
2013-01-19;-6.0435944;-17.408113;-18.315481;750.33936;0.61161274;283.77295;100.0;0.3909185;216.06996;1811.4828;0.4274902;-0.030523166;0.0;0.14182925;0.1418218;0.0;0.42320788;1053.7572;3668.919;-719.26526;4861.0923;-20.437778;55.13111
2013-01-20;-6.663788;-8.040237;-12.69743;748.03705;0.78586525;230.14673;100.0;0.3952795;218.3548;1811.32;6.266892;0.029085204;0.0;0.14156103;0.14154613;0.0;6.257467;378.70557;1378.0366;249.57167;6560.832;23.344444;-6.7244444
2013-01-21;-4.914266;-8.393017;-9.984397;750.61395;0.7966275;129.36888;100.0;0.3979514;224.41339;1776.001;0.15230477;-0.024066307;0.0;0.14127791;0.14127791;0.0;0.15229732;906.3394;3409.3677;-1070.6147;5102.185;-14.627778;-26.21889
2013-01-22;-4.4677835;-9.17688;-11.471679;751.4427;0.7908973;190.4236;100.0;0.39800766;231.58397;1720.8658;0.035613775;-0.015162863;0.0;0.14099479;0.14100969;0.0;0.015579164;1014.9828;3723.7688;-1219.6586;4752.4946;-7.4744444;8.532222
2013-01-23;-5.134613;-6.753998;-10.573649;749.5188;0.6137886;250.03944;100.0;0.39931718;236.82909;1687.3779;3.6498606;0.02203416;0.0;0.14072657;0.14073402;0.0;3.4751966;381.34055;1376.0144;36.041668;6404.1943;17.98889;-0.2611111
2013-01-24;-3.9325562;-5.045105;-6.9427085;749.2813;0.6869447;221.13231;100.0;0.40247676;242.04816;1664.9576;0.5959749;-0.04151091;0.0;0.14045835;0.14045835;0.0;0.5695969;739.6028;2774.3567;-423.01056;6225.6113;-28.746666;-74.63556
2013-01-25;-4.0915427;-5.0370545;-5.4394937;748.6163;0.86770964;233.0622;100.0;0.40505257;248.59145;1630.2897;7.357642;-0.04291907;0.0;0.14019012;0.14019012;0.0;7.078376;739.23724;2709.0579;-356.21;6431.5913;-29.993334;-90.047775
2013-01-26;-2.355896;-3.413625;-3.5522969;750.45953;0.8376484;225.04832;100.0;0.41090283;253.72166;1621.46;1.7726451;-0.084124506;0.0;0.1399219;0.1399219;0.0;1.6596317;583.5928;2311.9568;-333.66388;6585.223;-62.463333;-76.89889
2013-01-27;-2.1844177;-2.4556172;-1.8641866;747.6477;0.68278867;184.95128;100.0;0.44168577;246.63377;1788.4115;64.208565;-0.052744523;0.0744015;0.21407008;0.13966113;0.0;58.955364;114.55167;474.7389;-4.223611;7072.5015;-41.127777;-62.924446
2013-01-28;-2.153249;-4.2171226;-1.2295328;745.58844;0.6153249;129.98395;100.0;0.4780263;242.74803;1971.9645;8.320272;-0.18525869;0.0053197145;0.14470518;0.13938546;0.050079077;8.037317;839.6767;3218.3157;-692.3458;6337.993;-138.98445;-149.32445
2013-01-29;-3.399831;-4.2785745;-1.5417277;737.66113;0.870522;142.08853;100.0;0.5041765;243.80858;2066.8945;25.028423;-0.15854836;0.0037401915;0.14284253;0.13911724;0.02351962;24.67569;363.65555;1513.5688;-360.33554;6641.431;-122.19222;-147.73445
2013-01-30;-5.816111;-7.0850015;-3.3754475;743.0134;0.9439991;199.05676;100.0;0.5129508;252.35773;2034.8307;2.5296211;-0.21108799;0.0;0.13884902;0.13884902;0.0;2.4953;691.8222;2680.0256;-691.7;6027.9224;-161.77;-204.93445
2013-01-31;-5.4505005;-6.5976195;-4.5702224;738.5672;0.5926028;103.628426;100.0;0.52572054;253.1839;2074.422;22.932335;-0.090504065;0.0;0.1385957;0.13858825;0.0;22.927996;406.78445;1674.46;-303.525;6433.3267;-68.95;-109.087776
2013-02-01;-6.619039;-7.896177;-4.9828095;740.2198;0.9097635;206.85828;100.0;0.5407312;252.95473;2138.4277;7.5704393;-0.15828013;0.0;0.13831258;0.13832748;0.0;7.5637326;473.31;2014.9867;-344.90332;6315.37;-121.47;-183.90666
2013-02-02;-7.8588715;-9.899133;-6.3394723;743.0799;0.9796017;253.07182;100.0;0.5525215;253.84633;2176.2695;11.963377;-0.09073969;0.0;0.13805926;0.13806671;0.0;11.961288;458.42334;1962.9623;-950.31305;5402.621;-68.96111;-130.69556
2013-02-03;-6.490677;-16.645365;-11.346832;752.44;0.9979027;65.27282;100.0;0.55716056;258.527;2156.535;0.0017116127;-0.08768961;0.0;0.13779104;0.13780594;0.0;0.0;1014.29944;4298.0566;-1588.4294;4183.7783;-61.955555;-4.2044444
2013-02-04;-3.709399;-13.314578;-13.2347975;754.1579;1.1588188;35.206234;100.0;0.5571701;264.03256;2111.5723;0.0025808804;-0.041445717;0.0;0.13753772;0.13753027;0.0;0.0;1070.0573;4411.5044;-1392.588;4384.805;-26.313334;88.99555
2013-02-05;-2.474612;-14.787685;-13.363285;753.137;0.8644393;72.205345;100.0;0.5571912;268.77505;2074.2188;0.0038623803;-0.06273016;0.0;0.1372695;0.13726205;0.0;0.0;1033.1655;4145.7554;-988.3239;4929.8076;-43.185555;55.126667
2013-02-06;-2.891988;-12.898075;-11.7981;751.6562;0.586313;230.00343;100.0;0.5582997;272.5446;2047.9736;9.296274;-0.07921085;0.0;0.13700128;0.13700128;0.0;9.24721;1088.0216;4255.633;-633.36304;5547.472;-55.51889;-11.388889
2013-02-07;-3.898;-4.752645;-8.102824;750.0989;0.4723349;217.06725;100.0;0.57524997;263.9707;2178.955;10.26553;0.0111833215;0.0;0.13674796;0.1367405;0.0;10.107201;365.74722;1559.4745;84.40889;6724.359;10.122222;-31.755556
2013-02-08;-1.4109904;-6.119086;-6.613495;752.7649;0.7504135;140.25597;100.0;0.5780111;270.27896;2140.8284;0.020638108;-0.06718282;0.0;0.13647974;0.13647974;0.0;0.018890947;1034.2411;4336.3105;-1328.5405;5096.1523;-45.09111;-31.436666
2013-02-09;-2.2455673;-9.276207;-8.324493;752.08;0.76301676;216.0503;100.0;0.5780318;277.3369;2086.2224;0.018793344;-0.060506165;0.0;0.13622642;0.13621151;0.0;0.016190112;822.4739;3355.07;-831.6339;5518.628;-41.921112;-6.977778
2013-02-10;-2.4611003;-6.2459807;-8.155721;750.3798;0.8351744;185.71944;100.0;0.5780661;283.48764;2040.9342;0.008392334;-0.03565103;0.0;0.1359433;0.13595074;0.0;0.0018179417;1034.675;4111.1113;-1028.9022;5317.108;-21.486666;-41.705555
2013-02-11;-2.5304565;-4.094513;-6.7550864;746.3018;0.6145605;214.45628;100.0;0.57832325;289.40005;2000.1221;0.5021866;-0.035861507;0.0;0.13568997;0.13568252;0.0;0.25342777;995.24225;3851.9133;-650.5375;5998.5244;-22.578888;-93.15444
2013-02-12;-4.995819;-6.690103;-5.9193726;744.0173;0.7097276;193.84715;100.0;0.5847127;289.7191;2018.3512;8.265222;-0.08119829;0.0;0.13542175;0.13542175;0.0;8.072063;895.2189;3639.525;-791.7536;5800.0054;-58.331665;-133.90111
2013-02-13;-5.2842813;-9.33781;-6.7100015;750.1114;0.91306067;121.88334;100.0;0.58698636;293.89746;1999.0234;0.0151604405;-0.10668486;0.0;0.13515353;0.13516098;0.0;0.013016164;1103.1383;4423.3022;-1403.4697;4945.9023;-75.87111;-115.40667
2013-02-14;-3.4919994;-11.8835945;-9.351054;752.73126;1.0266496;77.376396;100.0;0.5869892;298.88086;1965.0472;0.0008523463;-0.08729752;0.0;0.13490021;0.13489276;0.0;0.0;1250.3767;4882.237;-1545.1167;4537.204;-60.25111;-3.52
2013-02-15;-2.4061127;-12.324643;-9.449046;748.25214;0.8666943;228.75269;100.0;0.58772004;302.43033;1943.7662;5.5422845;-0.103932805;0.0;0.13463199;0.13463199;0.0;5.22875;1105.664;4205.5454;-739.24585;5614.7246;-74.221664;-24.311388
2013-02-16;-6.166748;-7.671305;-7.4337363;743.5135;1.0256448;225.98598;100.0;0.6002056;293.944;2041.626;6.921115;-0.07631257;0.0;0.13436377;0.13437122;0.0;6.837033;999.07166;4180.6777;-714.72;5803.0845;-53.766666;-142.29445
2013-02-17;-6.420237;-7.90626;-6.6096396;744.0817;0.82819295;218.14519;100.0;0.6036942;296.13052;2039.5101;4.9582424;-0.123085454;0.0;0.13412535;0.13411045;0.0;4.9095488;891.2367;3671.0867;-645.82947;5917.3213;-91.41333;-184.87555
2013-02-18;-6.403366;-8.488299;-6.4726167;744.2605;0.7756545;196.3308;100.0;0.60704887;298.42154;2034.9935;4.182745;-0.12572482;0.0;0.13385713;0.13384968;0.0;4.1781588;1117.9822;4594.5254;-858.895;5677.894;-91.33111;-191.53111
2013-02-19;-6.413381;-7.5921807;-6.098638;744.8413;0.89483196;221.7555;100.0;0.6180861;292.3558;2113.973;8.19157;-0.11014193;0.0;0.13358891;0.13358891;0.0;8.184548;826.69446;3519.689;-612.1517;5987.4624;-81.5;-188.08
2013-02-20;-6.9834557;-8.900573;-6.5226912;746.92145;0.81823665;175.1715;100.0;0.6198198;296.97202;2088.7043;0.23739338;-0.16606413;0.0;0.13333559;0.13333559;0.0;0.22634864;1017.695;4232.81;-858.5689;5617.3345;-123.757774;-217.32777
2013-02-21;-6.066101;-7.322267;-6.552111;748.6982;0.8571999;150.99074;100.0;0.62159675;300.58463;2069.0918;2.215658;-0.09138323;0.0;0.13309717;0.13308227;0.0;2.210319;743.7472;3045.7834;-677.68445;5867.385;-67.48222;-132.79778
2013-02-22;-4.3646507;-11.507501;-7.3149414;749.8001;0.85650855;162.67708;100.0;0.6221608;305.29068;2039.3473;0.0033337483;-0.1449436;0.0;0.13282895;0.13282895;0.0;0.001180917;1187.09;4761.33;-1169.9506;5219.461;-104.513336;-111.67889
2013-02-23;-3.4707031;-9.175415;-7.589376;747.3892;0.6899138;245.80577;100.0;0.6223988;309.78256;2010.2539;0.7842243;-0.089962035;0.0;0.13256073;0.13256818;0.0;0.64370406;1190.211;4651.527;-1065.0627;5361.9775;-63.114445;-98.09889
2013-02-24;-4.3486533;-8.239583;-7.587433;749.6761;0.9727902;75.40969;100.0;0.62301534;313.7881;1986.4095;0.18814206;-0.080554746;0.0;0.13229251;0.13230741;0.0;0.035315752;1317.5133;5064.4927;-1373.1605;4982.91;-54.71;-98.365
2013-02-25;-4.836741;-10.52892;-8.209004;754.59076;1.0245442;58.832615;100.0;0.62312096;317.82095;1961.4258;0.0011175871;-0.11874549;0.0;0.13203919;0.13203919;0.0;0.001128763;1400.8273;5252.964;-1422.245;4865.3975;-83.725555;-120.33972
2013-02-26;-2.5294495;-8.690959;-9.012868;753.0765;0.8448202;192.19505;100.0;0.6231243;321.4222;1939.9414;0.0006556511;-0.08380413;0.0;0.13175607;0.13177097;0.0;0.00063702464;1499.2056;5482.4746;-1550.565;4657.7056;-57.06889;-49.638054
2013-02-27;-2.880249;-4.740313;-8.339844;749.3304;0.78916955;249.55775;100.0;0.6231744;324.7692;1920.0846;0.27751923;-0.048801303;0.0;0.13151765;0.13151765;0.0;0.2739206;1454.74;5194.4272;-984.60944;5496.3564;-30.59;-116.73
2013-02-28;-3.585144;-4.5487366;-5.752833;745.8024;1.1158178;202.76155;100.0;0.62877774;323.38086;1942.749;17.513365;-0.0704024;0.0;0.13124943;0.13126433;0.0;16.925804;660.17834;2409.0356;-168.36667;6674.5713;-52.135555;-101.76278
2013-03-01;-5.9847207;-7.275889;-4.9245453;743.2259;0.94422406;217.85866;100.0;0.6573112;299.6517;2192.0166;22.039774;-0.14211424;0.0;0.13101101;0.13101846;0.0;21.74307;788.69055;3411.5466;-639.4261;6026.3823;-106.69111;-202.94667
2013-03-02;-6.335012;-7.868113;-5.7590637;747.36084;0.7098611;242.76788;100.0;0.6658691;298.2347;2234.7412;1.8116266;-0.15356764;0.0;0.13075769;0.13077259;0.0;1.8023514;1105.5083;4716.8105;-996.6461;5519.66;-113.46667;-222.9161
2013-03-03;-4.289144;-8.063987;-5.8436484;750.3604;0.7477591;229.03496;100.0;0.66730785;303.30762;2200.9685;7.0869026;-0.15140511;0.0;0.13050437;0.13051182;0.0;6.7505574;1232.613;5126.3867;-904.41943;5733.8784;-109.22444;-188.93388
2013-03-04;-3.7272847;-4.480652;-4.0228677;743.8625;0.7581239;218.4799;100.0;0.7014858;286.80762;2444.0918;43.074284;-0.041760504;0.0015050173;0.13177097;0.13026595;0.0;40.097717;327.725;1412.1008;-89.04056;6805.947;-31.145555;-89.74194
2013-03-05;-4.6970344;-5.7759337;-3.2117856;741.64307;1.10558;209.04126;100.0;0.72377354;284.79395;2542.8467;13.268256;-0.19809696;0.0;0.13002753;0.13002008;0.0;12.86801;947.1758;4029.0657;-768.3361;6065.91;-149.17444;-262.9364
2013-03-06;-8.962125;-12.751197;-5.511973;744.842;1.4561476;58.690304;100.0;0.732909;288.06314;2546.7937;2.6996136;-0.40581077;0.0;0.12975931;0.12977421;0.0;2.688449;865.3508;3683.0496;-1033.0505;5359.332;-312.80667;-253.84
2013-03-07;-9.7931595;-15.3597765;-9.510755;750.21954;1.7373697;25.62269;100.0;0.7334719;294.47852;2493.1233;0.0282377;-0.21533668;0.0;0.1295209;0.1295209;0.0;0.0269413;1443.1794;5947.0254;-1901.5939;4010.4194;-160.19888;-176.68556
2013-03-08;-5.4071007;-19.28812;-12.201983;749.97833;0.9428926;156.5815;100.0;0.73341846;299.3125;2452.4333;0.0014930964;-0.14784746;0.0;0.12925267;0.12926012;0.0;0.00062957406;1517.0453;6081.79;-1480.2428;4403.981;-105.9;-51.968056
2013-03-09;-3.8150837;-17.363104;-11.311581;746.4973;0.6883769;234.46948;100.0;0.7333765;303.6146;2417.3176;0.0014901161;-0.16078725;0.0;0.12901425;0.1289919;0.0;0.0009834766;1491.5562;5829.815;-1338.7211;4760.041;-115.66111;-94.51139
2013-03-10;-4.2607727;-10.953488;-10.822377;744.326;0.8934157;148.87193;100.0;0.73336405;307.8838;2383.545;0.0017165403;-0.026836991;0.0;0.12874603;0.12874603;0.0;0.0;1555.2637;5924.177;-1380.6633;4763.029;-17.552221;-133.23334
2013-03-11;-3.9260051;-8.4355545;-10.016683;746.1174;0.95009375;163.99513;100.0;0.7333886;312.09766;2351.2776;0.07009506;-0.025520101;0.0;0.12850761;0.12851506;0.0;0.06779656;1629.7339;6057.9224;-1183.6045;5099.9185;-16.524445;-152.54805
2013-03-12;-1.6509908;-2.414632;-6.9340415;749.4192;0.8622575;239.50914;100.0;0.73446584;316.10123;2324.829;3.5738761;0.035787;0.0;0.1282841;0.1282841;0.0;3.3436158;640.9164;2324.554;18.562222;6857.283;29.134445;-49.843887
2013-03-13;-0.21612549;-1.3076578;-3.0523376;749.7727;0.92384243;242.15112;100.0;0.74025583;319.28223;2320.5159;4.186034;0.0012107193;0.00052154064;0.12856722;0.12805313;0.0;1.9463785;1232.5461;4698.2676;-606.8711;6426.271;4.0844445;-157.91
2013-03-14;0.98017377;-1.640686;-1.4243342;750.86597;0.8711383;269.38834;100.0;0.7412205;327.09506;2269.043;0.006375312;-0.14200434;0.08113682;0.20895898;0.12779981;0.75807047;0.0021383166;1630.5819;5825.9307;-1283.7084;5739.507;-98.62778;-159.79028
2013-03-15;2.9499817;-5.122986;-1.2331797;755.0153;0.90566677;86.40189;100.0;0.74038905;335.23276;2211.5479;0.0017175225;-0.21557324;0.10897219;0.23649633;0.12752414;0.91273713;0.0;1967.7103;6101.872;-1478.4144;5490.604;-153.78444;-105.865
2013-03-16;4.001638;-6.587931;-0.5938492;751.8823;0.8963668;241.64587;100.0;0.7393257;344.09018;2151.4485;1.262188;-0.25281775;0.1770109;0.3042668;0.12725592;1.2218691;0.006105751;1822.3108;4990.1523;-814.9483;6380.62;-184.74667;-81.71445
2013-03-17;-2.569997;-3.4146016;-0.10423914;743.2981;0.7517066;171.40901;100.0;0.7532919;342.06705;2200.9277;32.921803;-0.20920672;1.0174662;1.1444688;0.12701005;1.3059229;25.12066;533.5292;1768.4016;-491.0789;6630.017;-161.84334;-199.14778
2013-03-18;-6.9000955;-9.696483;-1.1239204;743.1587;0.9318283;232.9322;100.0;0.77042884;331.9271;2322.2249;4.8586426;-0.5541313;0.0;0.12676418;0.12677163;0.0;4.839722;1358.3005;5092.5776;-1542.7694;5096.362;-426.04666;-466.17444
2013-03-19;-4.9314017;-10.47887;-3.9846408;746.7575;0.9129896;94.26354;100.0;0.7711714;336.82095;2291.4226;0.0017076727;-0.42977744;0.0;0.12651086;0.12651831;0.0;0.0004246831;1958.6333;6596.9067;-1922.0786;4601.305;-323.79224;-261.34778
2013-03-20;-2.0160625;-11.621554;-4.756704;747.8863;0.87513465;78.662544;100.0;0.77097005;341.45898;2259.3586;0.0012864303;-0.3310116;0.0;0.12624264;0.12625754;0.0;0.0;1718.6647;5652.3643;-1447.9072;5203.481;-245.92778;-91.74639
2013-03-21;-2.1206055;-8.062175;-4.810618;749.5193;0.9525676;82.02386;100.0;0.7708567;345.74155;2230.672;0.004887581;-0.21163839;0.0;0.12600422;0.12600422;0.0;0.0;2035.2128;6534.007;-1758.6226;4864.1187;-152.33;-126.57889
2013-03-22;-0.5930379;-9.655579;-4.708715;747.68036;0.7909724;128.21407;100.0;0.77079684;349.83463;2204.6306;0.06167889;-0.26306418;0.0;0.1257509;0.12574345;0.0;0.03225729;2154.175;6750.4966;-1779.0497;4870.431;-190.77611;-123.41333
2013-03-23;-2.4096477;-3.7318523;-3.045377;741.28265;1.2866899;202.46236;100.0;0.7798664;347.63736;2241.862;19.750088;-0.19010621;0.0014007092;0.12689829;0.12550503;0.0;17.873264;1223.5856;4345.3564;-463.86557;6542.1426;-141.44;-225.01222
2013-03-24;-5.6072288;-7.4729323;-2.9646034;742.89307;1.4142085;215.66869;100.0;0.7979998;337.13052;2367.5945;4.416096;-0.4158141;0.0;0.12525916;0.12527406;0.0;4.364457;1334.4338;5566.915;-1064.6642;5676.7285;-316.47888;-408.3289
2013-03-25;-3.039622;-9.05669;-4.205391;749.8128;0.92227674;90.37628;100.0;0.79893655;341.44595;2342.0818;0.0047534695;-0.2941601;0.0;0.12502074;0.12502074;0.0;0.0030435622;1666.18;6691.287;-1581.0925;5058.5645;-215.06277;-241.2
2013-03-26;0.24424236;-9.855092;-5.286677;750.0737;0.87723106;165.08461;100.0;0.79887265;346.05698;2310.669;0.0008523463;-0.22623968;0.0;0.12476742;0.12477487;0.0;0.0;1697.9294;6562.36;-1595.1917;4960.271;-161.73555;-103.05278
2013-03-27;-1.0993856;-8.21582;-4.9716086;746.97095;0.72251683;269.52695;100.0;0.80113095;349.7809;2292.4397;3.9685516;-0.20397827;0.00014156103;0.124678016;0.124536455;0.0;1.7146729;1429.8417;5371.7354;-1061.9806;5608.0938;-148.81444;-139.77888
2013-03-28;-0.66779584;-3.3727214;-3.647461;748.2696;0.6779924;228.66997;100.0;0.8025367;353.80826;2271.3215;0.10787913;-0.18299185;0.04890561;0.1731813;0.124290586;0.4009083;0.03773719;1623.94;5949.9746;-987.7697;5888.158;-131.05556;-173.10777
2013-03-29;-1.0055237;-2.6573284;-1.9898325;749.7242;0.8905141;172.80779;100.0;0.8021076;358.60904;2240.0715;0.19353032;-0.23171026;0.10320544;0.22727251;0.12406707;0.75637364;0.09516999;1406.8905;4958.555;-676.0894;6417.6387;-171.01778;-200.45334
2013-03-30;-1.1465555;-4.4109497;-1.1956838;752.05566;1.0113792;90.74522;100.0;0.8008693;364.36035;2201.7415;0.0070214267;-0.34245664;0.21389127;0.33771992;0.12382865;1.4506578;0.003721565;2087.9294;6477.483;-1376.7853;5639.485;-253.15;-303.38333
2013-03-31;0.107065834;-5.79479;-0.8919932;753.71216;1.0815382;72.09705;100.0;0.79936844;371.19922;2157.2266;0.0008523463;-0.28394815;0.2489388;0.37249923;0.12358278;1.4177021;0.0;2554.4106;7043.864;-1796.7803;5170.4233;-204.39166;-184.19888
2013-04-01;1.2621256;-6.8868103;-0.51466876;752.764;1.0828526;61.30782;100.0;0.7973387;378.92642;2107.7473;0.0;-0.3179051;0.40249527;0.5258471;0.12333691;2.5329814;0.0;2823.8484;7117.7446;-1970.2686;5030.6987;-229.70667;-151.06334
2013-04-02;1.9444885;-6.2986245;-0.3382772;750.82513;0.9767976;90.076195;100.0;0.79256696;386.26758;2055.257;0.0;-0.36579555;1.0227114;1.1458397;0.123113394;6.547749;0.0;2956.328;6981.7607;-1697.0792;5431.0312;-266.6311;-155.53778
2013-04-03;2.210317;-2.943105;-0.20812988;751.04956;1.0737497;81.539116;100.0;0.78221494;392.0729;1998.6166;0.0;-0.2900837;2.2006183;2.3519993;0.15137345;12.7283;0.0;2930.646;6595.5015;-1456.8188;5779.5015;-208.55333;-150.34666
2013-04-04;2.0476482;-2.747121;-0.21211879;748.34564;1.0831913;70.37954;100.0;0.7700235;397.65463;1939.7787;2.7824075;-0.30378437;2.671361;2.8072743;0.13591349;12.089481;0.0;3190.9504;6922.588;-1387.0103;5871.6123;-217.83444;-164.54889
2013-04-05;1.9332174;-1.374115;-0.06647364;745.8366;1.1915092;37.143;100.0;0.7562668;402.027;1884.1959;1.6338408;-0.2507437;4.2519865;4.456669;0.2046898;16.742878;0.0;2688.845;5678.584;-1162.2448;6152.1777;-180.58778;-137.02888
2013-04-06;2.8454285;-2.4855754;-0.1843694;749.40826;1.3326629;29.794828;100.0;0.7403839;406.3317;1825.0326;0.0007033347;-0.31038746;5.0243735;5.228162;0.20380318;16.4344;0.0;3333.0112;6887.8145;-1497.5355;5757.3555;-221.58888;-131.75444
2013-04-07;4.5686135;-4.8383484;-0.21120834;751.29156;1.3041812;33.048233;100.0;0.72401476;411.2985;1763.1836;0.0008523463;-0.36602652;5.0242243;5.194664;0.17045438;16.36865;0.0;3658.6172;7433.8184;-1789.74;5456.089;-262.3878;-79.56
2013-04-08;5.893341;-3.302531;-0.21325557;749.8696;0.96349716;116.02353;100.0;0.7072964;416.3724;1701.6602;0.0;-0.34781265;5.456507;5.635291;0.17875433;16.836655;0.0;3733.0005;7488.3926;-1815.2877;5433.687;-248.69221;-86.35555
2013-04-09;2.906596;-1.9655151;-0.18495686;745.92523;1.2897135;165.0272;100.0;0.69187254;421.29135;1644.8975;0.61964035;-0.50684714;4.0262194;4.21457;0.18835068;13.796099;0.00033527613;3349.0562;6651.2295;-1443.3273;5820.511;-379.66278;-120.12
2013-04-10;-0.31558228;-1.4057007;-0.10245641;746.3811;0.8035044;202.68468;100.0;0.6799667;424.8939;1602.7426;5.532429;-0.41193888;4.8796234;5.425751;0.54614246;11.174552;0.70714206;2548.665;5042.501;-786.9439;6536.6587;-311.33667;-305.95
2013-04-11;-0.11907959;-2.1842144;-0.07589213;748.5236;1.0012468;186.45995;100.0;0.66844386;427.45117;1566.0807;0.373326;-0.6631929;3.648624;3.7853718;0.13673306;12.230801;0.00282377;2856.9255;5782.8345;-876.80585;6445.704;-505.03;-340.04666
2013-04-12;0.8855489;-1.730784;-0.09513855;750.6504;1.0504789;142.00668;100.0;0.65390223;430.23373;1522.2982;0.96397996;-0.61528385;5.518943;6.4532757;0.93432516;15.44422;0.017255545;3231.0334;6462.652;-1235.3953;6066.7026;-464.78946;-269.66666
2013-04-13;0.82040405;-5.068461;-0.17680359;752.093;1.1288682;90.95261;100.0;0.6387168;433.67545;1475.2197;0.23820996;-0.7601362;4.9067736;5.4795;0.57272613;14.748548;0.0017527491;3657.4944;7256.422;-1617.2341;5601.829;-574.24664;-295.84332
2013-04-14;1.6484884;-5.0033364;-0.24292755;751.82477;1.0437375;92.267265;100.0;0.6243099;438.4554;1426.1881;0.024327636;-0.60239804;5.174711;5.7071896;0.53247064;13.743643;0.0;3904.1072;7688.471;-1970.4456;5196.1035;-449.26666;-174.94556
2013-04-15;1.6746725;-4.4949136;-0.20625179;750.87524;1.0207648;89.6262;100.0;0.61099875;443.13443;1380.3711;0.61832666;-0.5640825;4.198909;4.3913274;0.1924038;12.529928;0.0;3388.1294;6633.2046;-1432.9608;5792.669;-421.92776;-157.23555
2013-04-16;0.6359456;-1.7042338;-0.04802577;746.2202;0.8211772;116.490395;100.0;0.60167664;443.83237;1355.7943;23.078804;-0.30165166;10.463863;11.919498;1.4556497;12.014985;5.303962;1964.7733;3825.905;-448.77084;6896.303;-226.13667;-154.89223
2013-04-17;-0.5910848;-1.750885;-0.03479004;743.6778;1.0467395;248.3477;100.0;0.59525055;437.28906;1361.8978;5.6218004;-0.4465403;5.733505;6.411925;0.6784126;10.805685;0.758145;2434.8477;6059.0728;-914.3586;6402.2383;-335.45056;-351.5778
2013-04-18;-0.69781494;-2.0290527;-0.07986323;746.0213;0.9928406;139.01367;100.0;0.5854765;439.09702;1334.2285;2.978325;-0.48747566;4.336953;4.6969056;0.35995245;10.037102;0.18570572;2481.7534;5914.882;-898.52026;6395.41;-367.65222;-357.74667
2013-04-19;-0.80159503;-3.1032207;-0.09643682;745.9372;1.0038419;149.38615;100.0;0.57627344;440.28256;1308.5531;13.166027;-0.61376023;5.698532;6.1096997;0.4111752;10.7169485;6.9174247;2885.041;6574.3657;-1115.757;6143.757;-463.83554;-357.50888
2013-04-20;-0.8754476;-3.345103;-0.09618378;743.4221;0.9059475;225.294;100.0;0.5756856;429.09604;1342.4479;4.3608694;-0.5667433;3.368944;3.8451552;0.4762113;6.9530907;1.2233331;2324.0483;6774.733;-1192.3389;5988.183;-425.90332;-301.72446
2013-04-21;-1.9306844;-3.4432476;-0.15253575;741.77435;0.8711578;193.95793;100.0;0.57199496;430.37955;1329.6713;4.040855;-0.59536284;1.7366558;2.2657962;0.52915514;4.00804;2.100762;2327.5784;6253.8896;-990.1925;6216.332;-451.96777;-449.34113
2013-04-22;-1.2118937;-2.1843567;-0.09903717;743.64185;0.74231595;197.49983;100.0;0.5677748;431.34995;1317.5049;3.9093943;-0.43607876;3.1957774;3.8441567;0.6483868;7.225998;1.0037646;2130.085;5611.1694;-716.10803;6570.2124;-328.54834;-396.1539
2013-04-23;-1.4395548;-2.6004333;-0.09838104;747.6685;0.88947064;155.81679;100.0;0.56188893;432.42905;1300.1709;5.5325484;-0.34223217;3.922522;4.5906305;0.66810846;6.8987274;1.5372485;1889.8972;4765.149;-937.82196;6279.283;-257.24722;-275.25
2013-04-24;-2.0737202;-11.089161;-0.2763176;749.8857;1.1805815;127.26938;100.0;0.5574499;435.5104;1281.0059;0.1321137;-1.0257475;1.1915267;1.9367635;0.7452369;3.7881694;0.0007785857;3161.525;7834.499;-1926.9425;5044.1807;-781.1511;-410.20557
2013-04-25;0.4766337;-9.257622;-0.36552683;751.8557;0.9703688;110.21832;100.0;0.5525444;442.08823;1251.2614;0.00042617318;-0.6609056;1.5669465;2.3849754;0.81802905;5.173087;0.0;3440.305;8021.285;-2064.899;4988.6274;-492.49222;-223.12334
2013-04-26;2.3066814;-4.4013467;-0.23672612;751.9746;1.1245223;128.60323;100.0;0.5434788;448.06216;1214.2334;0.26241243;-0.44500643;3.9832294;4.9186797;0.9354502;11.499886;0.0;3394.3528;7565.335;-1712.7203;5463.8525;-324.2189;-154.56334
2013-04-27;2.899709;-2.5476277;-0.17883427;754.2563;1.1034868;71.480705;100.0;0.5307637;449.95053;1180.1758;1.9928187;-0.26697105;5.5820045;7.44997;1.86795;12.985923;0.0;2946.4177;6347.608;-1371.9786;5862.315;-189.0389;-122.51111
2013-04-28;5.4082947;-3.5285645;-0.1715622;756.4734;1.2695655;38.403996;100.0;0.51496124;450.0;1145.0195;0.031889338;-0.38715824;7.0393233;8.450106;1.4107823;18.11291;0.0;3762.5234;7894.7373;-1707.4275;5585.6333;-275.7689;-94.47111
2013-04-29;7.236593;-5.1811624;-0.16899998;756.059;1.1209266;38.28003;100.0;0.4957058;450.0;1102.3356;0.0076770782;-0.41495636;8.401812;10.396361;1.99458;19.932076;0.0;3858.7034;7935.6597;-1619.2927;5743.651;-296.47333;-60.284443
2013-04-30;7.0963845;-4.422872;-0.15547054;756.2778;1.4548907;38.33345;100.0;0.47517142;450.0;1057.0068;0.0053673973;-0.4516691;8.467346;10.782019;2.314672;20.5791;0.0;3842.3105;7780.0215;-1519.5841;5876.444;-325.46613;-46.52722
2013-05-01;7.1948953;-3.4454346;-0.15151215;755.55347;1.6609317;35.152348;100.0;0.4545473;450.0;1011.39325;0.0002682209;-0.50448066;8.304268;10.820538;2.51624;20.309881;0.0;3914.5383;7831.583;-1627.97;5755.9106;-366.88443;-25.853333
2013-05-02;6.5524087;-3.542857;-0.14956157;751.913;1.6356716;30.042511;100.0;0.43415543;450.0;965.69824;0.0;-0.54589194;8.161738;10.757744;2.5959759;20.262167;0.0;3904.7583;7739.283;-1534.0433;5853.4355;-399.40668;-47.47111
2013-05-03;5.8526917;-3.0961812;-0.12737656;752.0573;1.5710412;35.491062;100.0;0.4140056;450.0;920.73566;0.0030078064;-0.5051997;7.6274576;11.22199;3.5945325;19.285076;0.0;3589.5854;7066.2866;-1302.2958;6102.5234;-370.72223;-48.24222
2013-05-04;6.678141;-2.351115;-0.12081019;752.716;1.3105816;34.9135;100.0;0.3928897;450.0;873.7386;0.20864606;-0.3599804;8.836701;13.0769615;4.240252;22.10367;0.0;3566.7004;6977.0044;-1215.5072;6184.6255;-256.91556;-72.86667
2013-05-05;6.4486084;0.64797974;-0.091999054;752.3362;1.0153278;76.046394;100.0;0.37119508;450.0;825.8464;5.1852713;-0.21789315;12.136549;17.31044;5.173862;21.03659;0.0;3202.5178;6237.2217;-793.43445;6670.249;-150.17111;-89.44666
2013-05-06;7.2154336;2.451416;-0.028817495;751.95435;0.9278786;58.052082;100.0;0.34827605;450.0;775.1058;3.8266387;-0.16125478;11.494771;18.191517;6.6967306;24.832561;0.0;3050.5322;5919.526;-753.8483;6756.344;-107.53333;-77.202225
2013-05-07;6.0793967;2.4801228;-0.08641561;751.40234;0.9914935;77.77328;100.0;0.325996;450.0;725.3825;4.2714653;-0.12461282;10.833025;19.337893;8.504868;20.930822;0.0;2806.3445;5431.0737;-764.2169;6670.798;-81.346664;-63.886665
2013-05-08;5.2723184;2.1648052;-0.08570608;751.2166;0.8904621;86.00222;100.0;0.30725887;450.0;683.3903;6.6586137;-0.091264024;9.975344;19.733906;9.75857;18.232084;0.0;2274.6455;4394.1567;-492.34555;6929.418;-58.717777;-51.121113
2013-05-09;5.5099792;2.7193909;-0.073233284;752.3189;0.91610163;96.963264;100.0;0.28631306;450.0;637.04425;5.2949367;-0.15489571;11.265696;22.359253;11.09355;22.567272;0.00026077032;3043.726;5867.622;-694.9514;6796.6484;-103.333336;-123.51222
2013-05-10;5.935272;3.0787761;-0.06537882;752.62256;1.1360534;121.76769;100.0;0.26346174;450.0;586.18164;3.0023932;-0.14682859;11.7110615;25.645166;13.93412;24.753258;0.0;3012.109;5799.471;-731.25;6754.917;-96.64778;-84.98111
2013-05-11;6.449595;3.2606812;-0.04178365;750.2561;0.98900336;164.56847;100.0;0.23847818;450.0;531.0872;12.369946;-0.18640143;14.719859;31.343893;16.624025;25.895432;0.0;3335.6917;6416.5454;-608.10944;6984.7485;-124.791115;-96.17555
2013-05-12;4.702128;2.45696;-0.06124115;748.6858;1.2421722;217.81268;100.0;0.21403925;450.0;476.52182;6.912911;-0.21537486;13.156027;33.17195;20.015903;22.711433;0.0;2838.2517;5450.4707;-729.86554;6737.4126;-152.5689;-89.40444
2013-05-13;4.4220376;2.8409932;-0.094932556;747.6635;0.8400004;165.81679;99.10465;0.19404154;450.0;432.2103;11.218059;-0.12572202;13.030529;33.455074;20.424545;19.533916;0.0;2724.79;5218.3574;-516.43555;6958.9243;-83.43445;-134.11778
2013-05-14;3.8870037;2.9663188;-0.021882376;747.50006;1.1094996;167.95683;96.95386;0.1709965;450.0;381.1442;9.718347;-0.16619545;13.344362;31.565666;18.221304;23.85081;0.0;2973.5388;5619.0654;-586.1236;6949.614;-109.549446;-189.34555
2013-05-15;3.620046;1.5088602;-0.15398407;748.5296;1.0273434;154.63249;95.4292;0.14875829;450.0;331.5023;3.0123293;-0.34016836;9.877056;25.218859;15.341804;22.206612;0.0;3227.3428;6048.6465;-910.385;6561.4478;-239.14278;-198.6811
2013-05-16;3.242757;0.60062665;-0.335982;748.7519;0.9877825;151.13708;94.579834;0.12776895;450.0;284.83072;4.3672442;-0.4351698;10.029301;24.758995;14.729701;20.352262;0.00010430813;3572.0295;6660.329;-1141.4066;6259.5547;-310.11777;-246.05112
2013-05-17;3.2650654;1.5180359;-0.30730185;750.7122;0.98777676;230.44475;94.15405;0.10894406;449.99316;243.04199;7.9633293;-0.26831868;10.083452;24.614365;14.530919;17.727825;0.0007227063;2735.9778;5084.0044;-708.0089;6705.142;-185.57722;-190.83888
2013-05-18;5.184153;2.663503;-0.2770729;751.1906;1.0594491;123.33115;93.85913;0.088340044;449.9847;197.42839;12.688431;-0.32350513;15.429884;29.673784;14.2439;22.28652;0.00021606684;3236.5156;6011.0513;-801.2894;6720.181;-220.63667;-179.40666
2013-05-19;4.8471375;2.6031392;-0.44899622;749.2698;1.0280252;99.878075;90.662926;0.06722204;449.98438;150.30925;8.500129;-0.332837;12.986287;29.673368;16.687088;20.42138;0.0;3209.5127;5889.8022;-933.00336;6505.584;-226.47223;-190.2911
2013-05-20;5.1917725;2.0194397;-0.21918996;749.6705;1.0969409;89.33173;86.82015;0.046809275;449.97037;104.93978;6.8866787;-0.47346297;11.220336;29.118092;17.89777;20.59213;0.00010430813;3312.9338;5984.7466;-685.6556;6908.2935;-326.89444;-218.8989
2013-05-21;5.7034707;3.0457153;-0.19656117;750.0534;1.0920478;69.329704;63.932453;0.028143406;449.96875;63.19173;10.156703;-0.79057926;10.79686;27.060165;16.263306;17.218813;0.0;3260.03;5375.8945;-703.18915;6991.1313;-546.7967;-314.95334
2013-05-22;5.7322083;2.4215393;-0.55947113;750.9275;0.9395935;120.02545;34.930096;0.015287916;449.96875;34.301758;3.1595974;-1.4237278;4.806489;18.620417;13.813935;10.346696;0.0;4135.3955;5981.1543;-1222.0739;6593.423;-987.87555;-509.35
2013-05-23;7.661255;2.1113892;-0.24810664;754.4488;1.013945;113.23846;16.854654;0.007306417;449.96875;16.682943;2.6423664;-2.428393;2.719611;14.765352;12.045733;6.673124;0.0;5410.3276;7237.431;-1550.9222;6672.1255;-1687.1655;-830.55334
2013-05-24;11.338674;2.1869202;-0.23402913;755.3112;1.0339509;99.04478;6.5018716;0.0027945042;449.96875;6.1035156;0.0021010637;-3.454294;0.8983761;11.615992;10.717638;3.1522028;0.0;6355.6567;8163.4224;-2164.265;6385.5483;-2399.662;-689.98224
2013-05-25;11.555481;3.6460369;0.009936015;753.57544;1.0291624;96.60465;2.1668293;0.000931859;449.96875;2.1972656;2.8946042;-2.962049;0.91066957;10.443375;9.53272;1.0347627;0.0;5366.329;6769.3257;-1848.7914;6811.9116;-2057.5845;-751.70557
2013-05-26;9.802338;2.5796814;0.009793599;750.3721;1.2609259;160.37721;0.7519531;0.00032305717;449.96875;0.9765625;1.1870265;-3.354419;0.2836883;8.8073015;8.523628;0.36509335;0.0;5916.4927;7414.4033;-2009.9347;6575.6646;-2330.2366;-1048.7655
2013-05-27;8.470123;0.61168414;0.0016237894;748.9883;1.2413875;134.80386;0.26000977;0.00011173884;449.96875;0.12207031;0.3864944;-3.5909526;0.08563697;7.761255;7.6756105;0.12091175;0.0;6171.6934;7711.1855;-2110.774;6390.958;-2494.5579;-1235.3123
2013-05-28;7.438253;0.55374146;-0.18527095;750.3364;1.2702864;186.08478;0.09423828;4.072984e-05;439.19565;-7.345365e-21;2.4630606;-3.2698438;0.3990382;7.361367;6.9623218;0.041782856;0.0;6014.891;7502.65;-2113.2412;6289.459;-2271.4678;-1292.2045
2013-05-29;5.6058655;1.8059387;-0.2276408;751.5118;1.0433453;87.93081;0.037434895;1.6291937e-05;429.098;-7.345365e-21;7.8061523;-2.532784;1.3957844;7.758722;6.3629375;0.014185905;0.0;4711.406;5868.81;-1767.1827;6469.0776;-1759.44;-1047.5945
2013-05-30;7.1349487;0.96366376;-0.22139995;751.0954;1.1099428;106.13263;0.01570638;6.3975654e-06;421.6045;-7.345365e-21;1.6193569;-3.2742376;0.26632845;6.1187744;5.8524384;0.007137656;0.00010803342;5877.561;7313.5054;-1924.9338;6466.4644;-2274.5044;-1293.039
2013-05-31;8.75353;2.0671997;-0.1100057;750.2166;1.0935543;135.76106;0.0057779946;2.6623409e-06;419.5459;-7.345365e-21;2.4858363;-3.389325;0.39102137;5.8036447;5.4126234;0.0026971102;0.0;5812.1323;7224.312;-2038.2117;6549.513;-2354.45;-975.87445
2013-06-01;10.085236;0.86539716;-0.102972664;749.1323;1.4472963;131.9908;0.0026041667;1.1920929e-06;417.8815;-7.345365e-21;0.5854845;-3.8601122;0.07735193;5.1086845;5.0313325;0.00093877316;0.0;6262.7515;7776.1;-2193.584;6408.451;-2681.4922;-977.9644
2013-06-02;11.306478;1.5209452;-0.0065167747;750.512;1.0172888;167.62668;0.00056966144;1.9868214e-07;417.6875;-7.345365e-21;0.044232607;-3.903538;0.0055134296;4.7017336;4.696235;0.00031664968;0.0;6431.4917;7977.1387;-2294.311;6437.8267;-2711.6577;-947.8
2013-06-03;11.690582;0.5135905;-0.30315527;749.8648;1.43263;156.74306;0.0;-7.3453654e-25;397.60287;-7.345365e-21;0.40867925;-3.857527;0.048160553;4.448056;4.3999033;9.313226e-05;0.0;6391.887;7919.6787;-2332.695;6351.9966;-2679.6943;-1059.0355
2013-06-04;12.365621;-1.7894491;-3.0085106;750.4655;1.0865883;131.67268;0.0;-7.3453654e-25;175.56606;-7.345365e-21;0.00071525574;-4.1775575;8.940697e-05;4.1352363;4.1351542;2.9802322e-05;0.0;6994.6304;8657.405;-2733.3728;5973.7524;-2902.0088;-995.0244
2013-06-05;11.867004;-1.967631;-1.366628;754.0113;1.1411468;159.34532;0.0;-7.3453654e-25;106.30499;-7.345365e-21;0.0017308575;-4.057046;0.00017881393;3.897041;3.896892;7.4505806e-06;0.0;6998.3584;8652.918;-2737.5928;5959.191;-2818.2944;-1088.1433
2013-06-06;10.694417;-2.572469;0.010274251;752.86475;1.4770074;175.42583;0.0;-7.3453654e-25;99.99998;-7.345365e-21;0.0;-3.9011612;0.0;3.681898;3.6818833;0.0;0.0;6957.0645;8592.821;-2761.6138;5864.1436;-2710.0056;-1258.38
2013-06-07;8.344025;-2.930196;0.009942372;750.4463;1.2109152;153.53914;0.0;-7.3453654e-25;99.99998;-7.345365e-21;1.1712399;-3.2485816;0.11411309;3.601894;3.4877882;0.0;0.0;6577.8867;8115.891;-2523.0496;5945.122;-2256.6821;-1602.1111
2013-06-08;9.295044;-2.0718079;0.009984334;750.2727;1.1337432;138.83658;0.0;-7.3453654e-25;99.99998;-7.345365e-21;0.2265662;-3.3520813;0.021517277;3.3331366;3.3116117;0.0;0.0;6440.436;7937.9565;-2436.5632;6131.4775;-2328.5789;-1375.6
2013-06-09;10.112294;-1.5715027;0.009895325;750.3571;1.173488;126.71453;0.0;-7.3453654e-25;99.99998;-7.345365e-21;0.4371214;-3.3097937;0.03924966;3.1892061;3.1499565;0.0;0.0;6503.0713;8006.7666;-2443.1545;6219.5435;-2299.2043;-1405.2
2013-06-10;11.002563;-0.7326558;0.010119121;748.58795;1.1548877;96.56787;0.0;-7.3453654e-25;99.99998;-7.345365e-21;0.3960967;-3.233362;0.03425777;3.0359328;3.0016751;0.0;0.0;6111.672;7516.9424;-2320.2417;6436.5176;-2246.109;-1198.1622
2013-06-11;10.767955;0.431427;0.010075887;748.6949;1.1761427;121.162025;0.0;-7.3453654e-25;99.99998;-7.345365e-21;0.11840463;-3.1401794;0.009924173;2.8748214;2.864912;0.0;0.0;6092.988;7486.008;-2228.8027;6573.8394;-2181.3777;-1330.5488
2013-06-12;11.823171;1.1887614;0.00972112;749.60675;1.0641242;109.17881;0.0;-7.3453654e-25;99.99998;-7.345365e-21;0.0;-3.4148264;0.0;2.7377903;2.7378054;0.0;0.0;6707.2383;8232.285;-2443.7222;6543.7554;-2372.1667;-1416.7167
2013-06-13;13.757884;1.2208456;0.010111491;750.2198;1.1289643;98.30204;0.0;-7.3453654e-25;99.99998;-7.345365e-21;0.0004351138;-3.4114587;2.9802322e-05;2.619341;2.6193113;0.0;0.0;6850.91;8399.906;-2663.2932;6481.763;-2369.8267;-1306.1711
2013-06-14;15.442088;1.2359619;0.010022481;751.22314;1.2266873;98.52256;0.0;-7.3453654e-25;99.99998;-7.345365e-21;0.0;-3.408814;0.0;2.508849;2.508834;0.0;0.0;6938.725;8498.736;-2833.9712;6439.42;-2367.99;-1258.2589
2013-06-15;16.560171;0.33373007;0.009724935;751.0459;1.2586507;96.76299;0.0;-7.3453654e-25;99.99998;-7.345365e-21;0.0;-3.3022537;0.0;2.4056582;2.4056659;0.0;0.0;6989.567;8552.094;-2904.854;6472.1104;-2293.9644;-1244.2733
2013-06-16;16.240091;-2.139333;0.010114034;749.42267;1.3319031;129.29802;0.0;-7.3453654e-25;99.99998;-7.345365e-21;0.001733014;-3.0593686;0.00011920929;2.3093522;2.3092105;0.0;0.0;7114.9106;8704.304;-3170.6812;6192.921;-2125.2412;-1417.0122
2013-06-17;14.632507;-2.68455;0.009742737;747.1985;1.1889273;145.4178;0.0;-7.3453654e-25;99.99998;-7.345365e-21;0.0042900117;-2.671104;0.00029802322;2.2192597;2.2189617;0.0;0.0;7133.687;8726.176;-3172.1707;6120.568;-1855.5266;-1653.7578
2013-06-18;13.438426;1.5199991;0.009883881;746.34064;0.983047;92.92374;0.0;-7.3453654e-25;99.99998;-7.345365e-21;0.17573833;-2.099299;0.011652708;2.1465123;2.1348743;0.0;0.0;5762.137;7047.379;-2349.0105;6980.3657;-1458.3127;-1521.8323
2013-06-19;11.809489;3.5392354;0.010201772;747.4572;1.2209308;65.44715;0.0;-7.3453654e-25;99.99998;-7.345365e-21;4.7293453;-2.0949562;0.41148067;2.4680197;2.056539;0.0;0.0;5873.5938;7183.0547;-2342.149;6899.71;-1455.2966;-1788.0466
2013-06-20;12.356395;3.9868572;0.004952749;749.4836;1.1849029;100.783714;0.0;-7.3453654e-25;100.01267;-7.345365e-21;0.21826029;-2.6150234;0.01488626;1.9981265;1.9832478;0.0;0.0;5594.847;6841.069;-2097.8218;7053.2046;-1816.57;-1388.2578
2013-06-21;12.520122;3.2051697;0.009773254;749.4038;1.5196716;104.06503;0.0;-7.3453654e-25;100.00779;-7.345365e-21;1.165095;-2.4300961;0.078350306;1.9926876;1.9143373;0.0;0.0;5624.5347;6876.4165;-2177.2366;6952.1655;-1688.1067;-1565.9323
2013-06-22;13.391826;1.6575012;0.009831746;751.2701;1.2863275;101.7811;0.0;-7.3453654e-25;99.99998;-7.345365e-21;0.0017198372;-2.9121814;0.00011175871;1.8488914;1.8487797;0.0;0.0;6862.595;8389.024;-2616.1094;6680.1245;-2022.9956;-1833.65
2013-06-23;14.843933;0.9781392;0.009674072;751.15424;1.0261878;87.746216;0.0;-7.3453654e-25;99.99998;-7.345365e-21;0.27175546;-2.7369354;0.017940998;1.8039346;1.7859936;0.0;0.0;6916.9224;8454.441;-2871.553;6598.9155;-1901.2578;-1635.28
2013-06-24;15.520477;-1.2007955;0.010075887;750.35736;1.0283862;135.08778;0.0;-7.3453654e-25;99.99998;-7.345365e-21;0.17049313;-2.3524761;0.011101365;1.737833;1.7267466;0.0;0.0;6271.7935;7664.9287;-2712.254;6781.1455;-1634.1877;-1519.2966
2013-06-25;15.898152;-2.2596943;0.009816487;750.2304;1.314225;132.08298;0.0;-7.3453654e-25;99.99998;-7.345365e-21;0.0008458911;-2.2709136;5.9604645e-05;1.6704947;1.6704426;0.0;0.0;6991.045;8542.765;-3048.296;6524.8013;-1577.5278;-1926.0255
2013-06-26;16.104605;0.2672526;0.010182698;751.22455;1.1058584;104.97195;0.0;-7.3453654e-25;99.99998;-7.345365e-21;0.00044107434;-1.8316768;2.9802322e-05;1.6170591;1.6170293;0.0;0.0;5959.495;7281.238;-2607.899;7043.783;-1272.4044;-1596.1544
2013-06-27;15.932658;4.891876;0.010054271;752.0161;1.3237824;39.38761;0.0;-7.3453654e-25;99.99998;-7.345365e-21;0.055104494;-1.3958467;0.0032782555;1.5701652;1.5668869;0.0;0.0;5095.3926;6224.783;-2251.8281;7374.501;-969.64777;-1451.5067
2013-06-28;15.634044;3.168579;0.009983063;750.94073;1.6802888;38.282833;0.0;-7.3453654e-25;99.99998;-7.345365e-21;0.0034868717;-1.6726619;0.00020861626;1.5192628;1.5190244;0.0;0.0;6631.9424;8100.972;-2969.1167;6717.459;-1161.9434;-2152.0457
2013-06-29;15.946727;0.6622009;0.010522206;750.33905;1.4006954;42.165203;0.0;-7.3453654e-25;99.99998;-7.345365e-21;0.0012993806;-1.7095636;8.940697e-05;1.4730096;1.4729351;0.0;0.0;6955.3237;8494.822;-3169.3245;6585.885;-1187.5778;-2123.6633
2013-06-30;17.939362;0.5206197;0.010070801;750.9122;1.0565898;139.66743;0.0;-7.3453654e-25;99.99998;-7.345365e-21;0.0;-1.7460455;0.0;1.4287531;1.4287605;0.0;0.0;6815.1646;8322.539;-3131.8179;6873.79;-1212.919;-1900.6633
2013-07-01;18.244547;-2.06132;0.009960175;750.12354;1.3843745;186.7235;0.0;-7.3453654e-25;99.99998;-7.345365e-21;0.0004351138;-1.659913;2.9802322e-05;1.3866127;1.3865978;0.0;0.0;7074.3096;8637.906;-3450.7622;6488.05;-1153.0856;-2094.12
2013-07-02;16.450195;-2.147298;0.009723663;747.5267;1.2984301;169.1686;0.0;-7.3453654e-25;99.99998;-7.345365e-21;0.00086426723;-1.4826338;5.9604645e-05;1.3465434;1.3464913;0.0;0.0;7130.1636;8704.993;-3396.59;6347.1733;-1029.9366;-2331.7466
2013-07-03;15.476064;1.6241455;0.009933472;748.9816;1.0600886;122.14023;0.0;-7.3453654e-25;99.99998;-7.345365e-21;0.1645267;-1.3061017;0.009432435;1.3178736;1.3084338;0.0;0.0;6064.964;7403.3877;-2720.2139;7016.328;-907.30554;-2074.929
2013-07-04;16.09852;1.5463358;0.009840648;750.2569;1.1536468;122.48734;0.0;-7.3453654e-25;99.99998;-7.345365e-21;0.0012397766;-1.4540534;7.4505806e-05;1.2720525;1.2719929;0.0;0.0;6669.117;8139.8467;-3025.1921;6825.5547;-1010.0822;-2249.969
2013-07-05;16.824594;1.4177755;0.009904225;750.61053;1.2024969;110.089;0.0;-7.3453654e-25;100.00519;-7.345365e-21;0.0024974346;-1.4496018;0.00011920929;1.237005;1.2368858;0.0;0.0;6831.322;8336.821;-3138.5984;6810.58;-1006.9889;-2236.97
2013-07-06;18.078827;0.8638916;0.009999593;751.82513;1.2489995;145.47182;0.0;-7.3453654e-25;99.99998;-7.345365e-21;0.0008583069;-1.4447663;4.4703484e-05;1.2032092;1.2031645;0.0;0.0;6954.2734;8485.828;-3294.7917;6726.9946;-1003.6311;-2233.29
2013-07-07;18.066782;-3.693756;0.010054271;753.77374;1.1557041;167.39119;0.0;-7.3453654e-25;99.99998;-7.345365e-21;0.00042617318;-1.4250987;2.9802322e-05;1.1708438;1.1708289;0.0;0.0;7136.6025;8707.194;-3551.7175;6444.1577;-989.9678;-2167.801
2013-07-08;18.777975;-0.49741617;0.009977977;753.4868;1.0981808;93.661865;0.0;-7.3453654e-25;99.99998;-7.345365e-21;0.0004351138;-1.4468915;2.9802322e-05;1.1397749;1.1397376;0.0;0.0;6977.2217;8511.609;-3320.8345;6893.4023;-1005.1078;-2074.0044
2013-07-09;18.999704;4.508657;0.00997289;750.76984;1.5537767;46.975903;0.0;-7.3453654e-25;99.99998;-7.345365e-21;0.001302149;-1.3045613;8.940697e-05;1.1099577;1.109913;0.0;0.0;6646.7583;8107.485;-3002.6567;7245.926;-906.23444;-2256.0178
2013-07-10;19.385794;2.335378;0.010014852;748.407;1.3538442;69.29177;0.0;-7.3453654e-25;99.99998;-7.345365e-21;0.0;-1.3391078;0.0;1.081258;1.081273;0.0;0.0;6867.6284;8375.82;-3283.3813;6996.3687;-930.23334;-2201.4033
2013-07-11;19.438395;0.87349445;0.009878795;748.47;1.4365546;161.78789;0.0;-7.3453654e-25;99.99998;-7.345365e-21;0.0008657687;-1.2870673;4.4703484e-05;1.0537952;1.0537431;0.0;0.0;6916.707;8434.5625;-3268.1077;6960.9033;-894.0822;-2357.0688
2013-07-12;18.676687;2.0667927;0.009975433;749.63916;1.2172191;179.12498;0.0;-7.3453654e-25;99.99998;-7.345365e-21;0.0;-1.2155212;0.0;1.0273457;1.0273308;0.0;0.0;6839.285;8339.047;-3130.1104;7069.113;-844.3811;-2445.5933
2013-07-13;18.098053;4.52476;0.009976705;750.7464;0.9718685;69.022026;0.0;-7.3453654e-25;99.99998;-7.345365e-21;0.029644115;-0.9845793;0.0016093254;1.003772;1.0021627;0.0;0.0;5284.7217;6442.771;-2525.8188;7573.0483;-683.95447;-1768.4066
2013-07-14;19.14675;4.112905;0.009967804;750.7529;1.1522694;104.18003;0.0;-7.3453654e-25;99.99998;-7.345365e-21;0.00044107434;-1.1153836;2.9802322e-05;0.9780675;0.97804517;0.0;0.0;5996.9517;7310.0713;-2841.7478;7363.4126;-774.82;-1990.8334
2013-07-15;19.776052;1.9963379;0.010100047;751.4526;1.1459981;131.83075;0.0;-7.3453654e-25;99.99998;-7.345365e-21;0.0012854307;-1.2332164;7.4505806e-05;0.9545982;0.95453113;0.0;0.0;6862.4106;8364.018;-3284.5632;7042.5957;-856.67444;-2285.391
2013-07-16;20.08555;-2.2673137;0.009733836;752.1027;1.2382443;142.03822;0.0;-7.3453654e-25;100.00259;-7.345365e-21;0.0;-1.2043658;0.0;0.9317845;0.9317845;0.0;0.0;7018.1934;8551.973;-3611.2397;6652.3354;-836.63336;-2233.23
2013-07-17;19.801168;-3.0220845;0.009806315;751.8489;1.284484;162.70631;0.0;-7.3453654e-25;99.99998;-7.345365e-21;0.00086128706;-1.1505727;4.4703484e-05;0.9099841;0.9099394;0.0;0.0;6977.664;8500.697;-3585.2622;6612.9556;-799.26447;-2231.8032
2013-07-18;18.654623;-2.6451824;0.009816487;751.216;1.2629474;179.97673;0.0;-7.3453654e-25;99.99998;-7.345365e-21;0.0;-1.0964069;0.0;0.88888407;0.88886917;0.0;0.0;7051.7896;8589.094;-3651.7856;6420.709;-761.6389;-2390.0923
2013-07-19;17.576416;-2.2271118;0.009822845;749.30695;1.2895994;130.84386;0.0;-7.3453654e-25;99.99998;-7.345365e-21;0.001715891;-1.0490799;8.940697e-05;0.8686483;0.8685738;0.0;0.0;6985.578;8506.552;-3540.3972;6449.2944;-728.7611;-2423.5334
2013-07-20;17.461975;3.1869;0.009835561;749.0351;1.545209;49.395145;0.0;-7.3453654e-25;99.99998;-7.345365e-21;0.0;-1.0183156;0.0;0.84894896;0.8489713;0.0;0.0;6808.4873;8288.998;-3229.2244;6847.875;-707.39;-2510.27
2013-07-21;18.725443;3.1082866;0.0095494585;748.18207;1.2351457;94.54828;0.0;-7.3453654e-25;99.99998;-7.345365e-21;0.0;-1.0690037;0.0;0.8299351;0.82995;0.0;0.0;6746.593;8211.872;-3227.575;7030.344;-742.60114;-2318.1023
2013-07-22;19.08078;2.6672566;0.010080974;747.8899;1.2331516;113.27252;0.0;-7.3453654e-25;99.99998;-7.345365e-21;0.0;-1.024832;0.0;0.81156194;0.81156194;0.0;0.0;6529.223;7945.452;-3103.8384;7171.8516;-711.9167;-2341.2312
2013-07-23;18.65032;1.5869141;0.01034673;749.49536;1.3517162;160.88698;0.0;-7.3453654e-25;99.99998;-7.345365e-21;0.0;-1.011761;0.0;0.79381466;0.7938221;0.0;0.0;6832.168;8312.272;-3367.7883;6820.8384;-702.83777;-2525.66
2013-07-24;19.40982;-1.366567;0.009643555;750.7527;1.1318461;110.138176;0.0;-7.3453654e-25;99.99998;-7.345365e-21;0.0;-1.026649;0.0;0.7766932;0.7767081;0.0;0.0;7025.477;8545.577;-3769.2888;6416.3813;-713.1789;-2208.62
2013-07-25;19.236298;-2.3829753;0.009989421;748.71783;1.1825678;140.30376;0.0;-7.3453654e-25;99.99998;-7.345365e-21;0.0008583069;-1.0161028;4.4703484e-05;0.76018274;0.7601455;0.0;0.0;6971.411;8477.897;-3702.6372;6470.0234;-705.85223;-2244.1912
2013-07-26;18.307455;0.17645264;0.0100746155;746.5886;1.169645;91.9351;0.0;-7.3453654e-25;99.99998;-7.345365e-21;0.0008523463;-0.97797066;4.4703484e-05;0.7441491;0.7440895;0.0;0.0;6610.5967;8037.258;-3276.303;6917.8643;-679.36444;-2255.6177
2013-07-27;18.581604;4.124349;0.00970459;746.6765;1.4041218;128.1794;0.0;-7.3453654e-25;99.99998;-7.345365e-21;0.00010430813;-0.9071268;0.0;0.7285774;0.7285699;0.0;0.0;6499.757;7900.782;-3123.965;7042.7666;-630.1511;-2460.03
2013-07-28;16.643463;-3.554952;0.009859721;748.5759;1.3623792;152.70589;0.0;-7.3453654e-25;99.99998;-7.345365e-21;0.0;-0.8623898;0.0;0.7136464;0.7136166;0.0;0.0;6936.4683;8429.773;-3517.311;6354.827;-599.0733;-2733.4512
2013-07-29;16.275259;-1.6225586;0.009771983;749.53656;1.2145623;117.30067;0.0;-7.3453654e-25;99.99998;-7.345365e-21;0.0008583069;-0.887664;4.4703484e-05;0.6991923;0.6991327;0.0;0.0;6687.668;8125.4126;-3272.8318;6673.5557;-616.63;-2519.4578
2013-07-30;16.430624;0.36353555;0.010050456;747.81006;1.3597541;136.45549;0.0;-7.3453654e-25;99.99998;-7.345365e-21;0.0004351138;-0.84543973;2.9802322e-05;0.6850958;0.68508834;0.0;0.0;6577.7183;7990.058;-3196.4924;6735.1436;-587.2989;-2566.8254
2013-07-31;16.854797;-0.7446391;0.010228475;747.77203;1.2307267;128.74806;0.0;-7.3453654e-25;99.99998;-7.345365e-21;0.0;-0.8774279;0.0;0.6714463;0.6714463;0.0;0.0;6752.011;8200.105;-3377.4905;6584.872;-609.52;-2505.7688
2013-08-01;17.479706;-3.631673;0.009806315;748.875;1.2924603;134.0615;0.0;-7.3453654e-25;99.99998;-7.345365e-21;0.0021468021;-0.8826405;0.00011920929;0.6583184;0.6581992;0.0;0.0;6768.305;8218.027;-3472.256;6521.597;-613.1411;-2421.4878
2013-08-02;17.644339;-1.1399943;0.010060628;750.3437;1.250836;97.47129;0.0;-7.3453654e-25;99.99998;-7.345365e-21;0.013887882;-0.8511674;0.0005066395;0.64590573;0.6453991;0.0;0.0;6411.113;7782.464;-3234.2717;6805.8223;-591.2767;-2225.9111
2013-08-03;18.55484;3.5097249;0.009880066;750.211;1.2177936;91.7743;0.0;-7.3453654e-25;99.99998;-7.345365e-21;0.0009536743;-0.8397121;3.7252903e-05;0.6330013;0.6329715;0.0;0.0;6163.2476;7480.076;-2976.8628;7229.961;-583.32;-2210.6077
2013-08-04;19.182547;0.52161664;0.010083516;748.9866;1.3436266;120.64486;0.0;-7.3453654e-25;99.99998;-7.345365e-21;0.0;-0.8451119;0.0;0.6208867;0.6208867;0.0;0.0;6332.112;7683.175;-3171.796;7036.3955;-587.0711;-2279.979
2013-08-05;17.314514;-1.5084127;0.009775798;749.1301;1.6009308;102.30923;0.0;-7.3453654e-25;99.99998;-7.345365e-21;0.0004358243;-0.8150786;2.9802322e-05;0.6092042;0.6091893;0.0;0.0;6635.4854;8049.439;-3351.7896;6646.1396;-566.20776;-2548.2278
2013-08-06;17.584219;0.5968221;0.009975433;750.874;1.1243857;85.248665;0.0;-7.3453654e-25;99.99998;-7.345365e-21;0.0008578098;-0.85220486;4.4703484e-05;0.5978197;0.597775;0.0;0.0;6637.8765;8050.7617;-3387.8203;6722.2554;-591.9989;-2313.8167
2013-08-07;18.133728;0.0432841;0.009685516;750.9466;1.2697713;161.41196;0.0;-7.3453654e-25;99.99998;-7.345365e-21;0.0017225739;-0.8241273;8.940697e-05;0.5867332;0.5866587;0.0;0.0;6600.4365;8003.5474;-3353.2754;6737.7656;-572.49445;-2427.422
2013-08-08;17.210184;-2.4689941;0.009755452;749.96735;1.4572331;150.26399;0.0;-7.3453654e-25;99.99998;-7.345365e-21;0.0012947276;-0.7935148;7.4505806e-05;0.5759597;0.5759001;0.0;0.0;6662.544;8076.983;-3348.9055;6647.9033;-551.2278;-2532.4856
2013-08-09;16.01061;3.1748657;0.009960175;750.01874;0.987137;61.803497;0.0;-7.3453654e-25;99.99998;-7.345365e-21;0.16027689;-0.6138068;0.007599592;0.5732775;0.565663;0.0;0.0;4660.4775;5648.78;-2472.86;7273.1045;-426.3911;-1659.48
2013-08-10;15.561188;5.6194763;0.010009766;749.6621;1.0835773;85.59896;0.0;-7.3453654e-25;99.99998;-7.345365e-21;0.5141735;-0.74239445;0.025331974;0.5812496;0.55591017;0.0;0.0;4878.536;5911.6846;-2408.3306;7348.5146;-515.7178;-1816.52
2013-08-11;16.843994;2.8615925;0.009950002;751.17505;0.95268184;122.24603;0.0;-7.3453654e-25;99.99998;-7.345365e-21;0.021830201;-0.82241744;0.0010579824;0.54743886;0.5463734;0.0;0.0;4841.595;5865.599;-2382.7312;7447.491;-571.30554;-1659.8989
2013-08-12;18.064352;0.9807739;0.010016124;752.97266;1.1995556;116.36788;0.0;-7.3453654e-25;100.00519;-7.345365e-21;0.00085234636;-0.747093;4.4703484e-05;0.53706765;0.53703785;0.0;0.0;4959.981;6007.6816;-2584.444;7333.6055;-518.98;-1639.6111
2013-08-13;18.104614;-0.95073444;0.010014852;752.2336;1.4466418;117.95904;0.0;-7.3453654e-25;99.99998;-7.345365e-21;0.00044107434;-0.78970563;2.9802322e-05;0.52785873;0.52784383;0.0;0.0;6117.87;7408.3994;-3089.1082;6911.11;-548.5822;-2264.9355
2013-08-14;18.07315;0.2620748;0.009833018;751.9329;1.2530684;95.71888;0.0;-7.3453654e-25;99.99998;-7.345365e-21;0.00215241;-0.7986557;0.00011920929;0.51885843;0.5187616;0.0;0.0;6331.907;7665.8687;-3195.6956;6888.7754;-554.8;-2227.0645
2013-08-15;18.929962;3.6487834;0.009955089;752.7532;1.2792226;87.9989;0.0;-7.3453654e-25;99.99998;-7.345365e-21;0.0012844794;-0.75559133;5.9604645e-05;0.50993264;0.50988793;0.0;0.0;5992.527;7253.4814;-2970.9019;7206.971;-524.88446;-2139.8188
2013-08-16;19.167257;0.31578574;0.009774526;752.33307;1.3172429;116.49244;0.0;-7.3453654e-25;99.99998;-7.345365e-21;0.0008523463;-0.7785242;4.4703484e-05;0.50127506;0.50121546;0.0;0.0;6349.358;7684.4883;-3268.8945;6893.55;-540.81555;-2303.6333
2013-08-17;18.87436;-1.6630453;0.010112762;752.0655;1.2827345;152.41835;0.0;-7.3453654e-25;99.99998;-7.345365e-21;0.0008523463;-0.7628342;4.4703484e-05;0.492841;0.4927963;0.0;0.0;6409.856;7756.745;-3336.1077;6778.1265;-529.9155;-2235.12
2013-08-18;18.532145;-1.6438192;0.009934743;751.0606;1.444878;171.68475;0.0;-7.3453654e-25;99.99998;-7.345365e-21;0.0;-0.73030496;0.0;0.48461556;0.4846081;0.0;0.0;6350.91;7684.4756;-3315.7012;6742.992;-507.31888;-2359.5256
2013-08-19;17.185883;-2.14092;0.009756724;750.9399;1.275769;167.21414;0.0;-7.3453654e-25;99.99998;-7.345365e-21;0.0;-0.6889673;0.0;0.47667325;0.47667325;0.0;0.0;6402.7793;7746.3696;-3378.5452;6494.5415;-478.60223;-2387.7144
2013-08-20;16.407145;-2.2289226;0.009728749;751.8506;1.1750592;128.2326;0.0;-7.3453654e-25;99.99998;-7.345365e-21;0.0;-0.69108605;0.0;0.46892464;0.46892464;0.0;0.0;6313.5547;7637.399;-3306.1711;6527.3623;-480.07443;-2389.0623
2013-08-21;15.602946;-1.9803772;0.01012675;751.2557;1.4640595;123.10687;0.0;-7.3453654e-25;99.99998;-7.345365e-21;0.00084638596;-0.57690495;4.4703484e-05;0.46147406;0.4614368;0.0;0.0;5455.9717;6599.221;-2769.4568;6902.489;-400.75665;-2150.647
2013-08-22;16.363565;1.4893087;0.010152181;752.4014;1.0753139;70.883354;0.0;-7.3453654e-25;99.99998;-7.345365e-21;0.0008583069;-0.5915947;4.4703484e-05;0.454247;0.4542023;0.0;0.0;5122.541;6195.394;-2665.3347;7146.5522;-410.96112;-1850.2467
2013-08-23;17.320078;1.3458048;0.010246277;753.4637;1.1257089;99.216286;0.0;-7.3453654e-25;99.99998;-7.345365e-21;0.00043247963;-0.6304299;1.4901161e-05;0.44712424;0.4471168;0.0;0.0;5424.036;6559.1025;-2839.6746;7062.6055;-437.9389;-1908.1912
2013-08-24;17.054922;-0.7349345;0.010229747;752.2217;1.4660128;127.4414;0.0;-7.3453654e-25;99.99998;-7.345365e-21;0.0;-0.6572008;0.0;0.4401505;0.44014305;0.0;0.0;6118.1245;7397.5137;-3212.7002;6641.7754;-456.53555;-2324.6555
2013-08-25;16.618814;-3.2240906;0.009958903;751.6797;1.1891745;125.681816;0.0;-7.3453654e-25;99.99998;-7.345365e-21;0.0;-0.6446317;0.0;0.43335557;0.43335557;0.0;0.0;6261.335;7569.8105;-3521.0476;6203.5176;-447.80444;-2163.9888
2013-08-26;16.550537;-3.6979573;0.010050456;752.0589;1.0805014;99.63797;0.0;-7.3453654e-25;99.99998;-7.345365e-21;0.0017106531;-0.66361016;8.940697e-05;0.42676926;0.42669475;0.0;0.0;6094.8726;7367.6465;-3302.0024;6506.4746;-460.9878;-2091.4944
2013-08-27;16.39859;0.30427042;0.009962718;752.0547;1.0163083;71.66467;0.0;-7.3453654e-25;99.99998;-7.345365e-21;0.08696616;-0.60553104;0.0040382147;0.42425096;0.4202202;0.0;0.0;5308.7637;6416.54;-2781.7615;7033.0024;-420.6422;-1869.3589
2013-08-28;17.23172;1.52948;0.009498596;753.4368;1.4541545;45.199886;0.0;-7.3453654e-25;99.99998;-7.345365e-21;0.00044107434;-0.66447073;2.9802322e-05;0.41392446;0.41390955;0.0;0.0;5830.319;7046.219;-3039.5173;6869.6763;-461.58667;-2100.1755
2013-08-29;17.39622;1.9092509;0.010050456;753.88275;1.1515185;58.502426;0.0;-7.3453654e-25;99.99998;-7.345365e-21;0.2981633;-0.7044729;0.014379621;0.4220903;0.40772557;0.0;0.0;5623.3105;6795.1626;-2950.8926;6983.7207;-489.37445;-1940.3389
2013-08-30;16.457947;2.6943562;0.009969075;753.9773;1.0535254;88.235146;0.0;-7.3453654e-25;99.99998;-7.345365e-21;0.974293;-0.79023653;0.050902367;0.45268238;0.40178746;0.0;0.0;4772.543;5766.3745;-2518.398;7184.031;-548.9522;-1651.9967
2013-08-31;16.64379;-3.2777913;0.01015981;753.8481;1.3015907;165.37892;0.0;-7.3453654e-25;99.99998;-7.345365e-21;0.0004413634;-1.0308502;2.9802322e-05;0.39601326;0.3960058;0.0;0.0;5919.773;7151.672;-3227.1133;6420.8813;-716.0978;-1943.1011
2013-09-01;17.152567;-3.5823872;0.009983063;754.5524;1.236175;169.52834;0.0;-7.3453654e-25;99.99998;-7.345365e-21;0.0017046923;-0.79217553;8.940697e-05;0.39035082;0.3902614;0.0;0.0;5535.333;6686.492;-2993.5884;6722.173;-550.2967;-1771.7744
2013-09-02;17.402414;-2.9006653;0.010027568;756.02686;1.2507329;169.0387;0.0;-7.3453654e-25;99.99998;-7.345365e-21;0.0018328428;-0.6759707;8.940697e-05;0.38476288;0.38467348;0.0;0.0;5525.2563;6673.474;-3017.7834;6747.4775;-469.57443;-1859.2234
2013-09-03;17.2158;-3.8809814;0.01000468;754.79926;1.5141177;214.28615;0.0;-7.3453654e-25;99.99998;-7.345365e-21;0.0021365841;-0.6112922;0.00010430813;0.37930906;0.37920475;0.0;0.0;5762.77;6959.5254;-3163.7275;6514.3613;-424.64334;-2077.8079
2013-09-04;16.37382;-2.2186687;0.0099652605;752.00195;1.4361376;250.62012;0.0;-7.3453654e-25;99.99998;-7.345365e-21;0.0008549511;-0.5520638;4.4703484e-05;0.37391484;0.37387013;0.0;0.0;5681.395;6860.444;-3027.1868;6530.317;-383.5;-2158.53
2013-09-05;14.572601;-1.0161743;0.01025645;749.28314;1.6084585;192.61493;0.0;-7.3453654e-25;99.99998;-7.345365e-21;0.0020861616;-0.49500352;8.940697e-05;0.36880374;0.36869943;0.0;0.0;5554.689;6706.6035;-2891.2617;6503.332;-343.8622;-2363.4033
2013-09-06;13.621694;-5.2396545;0.009941101;751.74365;1.2106557;151.15443;0.0;-7.3453654e-25;99.99998;-7.345365e-21;0.0;-0.533903;0.0;0.36361814;0.36364794;0.0;0.0;5763.097;6957.4062;-3368.4246;5924.527;-370.88443;-2099.7063
2013-09-07;14.307841;-8.913055;0.009962718;753.69525;1.1485614;136.19478;0.0;-7.3453654e-25;99.99998;-7.345365e-21;0.0;-0.5468521;0.0;0.35867095;0.35867095;0.0;0.0;5786.421;6984.7285;-3545.8718;5722.7188;-379.88;-1810.3134
2013-09-08;14.196513;-8.84551;0.009999593;752.82477;1.1835185;175.11894;0.0;-7.3453654e-25;99.99998;-7.345365e-21;0.0021451905;-0.534907;0.00010430813;0.35390258;0.35379827;0.0;0.0;5713.924;6896.382;-3409.5005;5880.701;-371.5822;-1839.3077
2013-09-09;13.578217;-5.5100913;0.009960175;753.06415;1.335076;185.07857;0.0;-7.3453654e-25;99.99998;-7.345365e-21;0.00086426723;-0.49889368;2.9802322e-05;0.3490746;0.3490448;0.0;0.0;5613.974;6774.957;-3182.1794;6048.6855;-346.565;-2016.7722
2013-09-10;13.045003;-5.367025;0.009990692;754.1463;1.2246329;193.27745;0.0;-7.3453654e-25;99.99998;-7.345365e-21;0.0030162819;-0.4740786;0.00013411045;0.34454465;0.34441054;0.0;0.0;5482.2866;6615.2153;-3031.8928;6150.839;-329.32666;-2109.841
2013-09-11;13.245503;-4.602183;0.009819031;753.3501;1.1279669;107.73413;0.0;-7.3453654e-25;99.99998;-7.345365e-21;0.0012953933;-0.50899947;5.9604645e-05;0.3399253;0.33986568;0.0;0.0;5459.363;6586.7046;-3070.692;6228.5063;-353.58554;-1900.4375
2013-09-12;14.0676985;-3.424174;0.009936015;754.0622;1.1735383;146.17259;0.0;-7.3453654e-25;99.99998;-7.345365e-21;0.0012874597;-0.50619894;5.9604645e-05;0.33545494;0.33539534;0.0;0.0;5378.3457;6488.2046;-3032.0264;6321.6387;-351.63943;-1877.1919
2013-09-13;14.279073;-5.440104;0.009942372;756.01166;1.2265874;141.35744;0.0;-7.3453654e-25;99.99998;-7.345365e-21;0.0012934206;-0.50641966;5.9604645e-05;0.3310889;0.33102185;0.0;0.0;5399.9707;6513.542;-3131.1858;6212.4077;-351.79224;-1809.858
2013-09-14;14.872966;-5.376699;0.009904225;755.5833;1.0907543;138.85646;0.0;-7.3453654e-25;99.99998;-7.345365e-21;0.0;-0.51452404;0.0;0.32672286;0.32673776;0.0;0.0;5332.0093;6430.8;-3123.0789;6282.6533;-357.42334;-1692.4967
2013-09-15;14.470998;-5.557007;0.009914398;752.34674;1.3239152;189.10625;0.0;-7.3453654e-25;99.99998;-7.345365e-21;0.0008583069;-0.48610196;4.4703484e-05;0.32258034;0.32253563;0.0;0.0;5324.779;6421.3203;-3134.1858;6176.432;-337.6789;-1801.7614
2013-09-16;13.2360735;-3.7024639;0.010051727;750.69434;1.2902728;233.82483;0.0;-7.3453654e-25;99.99998;-7.345365e-21;0.0004351138;-0.44276565;1.4901161e-05;0.31849742;0.31846762;0.0;0.0;5226.2627;6297.0244;-2991.715;6156.03;-307.57333;-1953.8691
2013-09-17;12.328023;-1.5108744;0.010088603;750.0302;1.3224427;170.47542;0.0;-7.3453654e-25;99.99998;-7.345365e-21;0.0;-0.442259;0.0;0.3144741;0.31448156;0.0;0.0;5223.5117;6288.2285;-3015.9377;6099.831;-307.2211;-1868.5634
2013-09-18;10.984589;0.5388997;0.009979248;750.0866;1.3575377;223.82806;0.0;-7.3453654e-25;99.99998;-7.345365e-21;0.00091195095;-0.33276528;2.9802322e-05;0.3106892;0.3106445;0.0;0.0;4316.12;5191.432;-2322.4956;6589.4653;-231.16;-1821.1178
2013-09-19;11.588735;0.7848511;0.0100911455;751.6235;1.044403;189.69722;0.0;-7.3453654e-25;99.99998;-7.345365e-21;0.0004351138;-0.36858115;1.4901161e-05;0.30694902;0.30693412;0.0;0.0;4405.7495;5294.656;-2442.9263;6569.31;-256.0411;-1705.8578
2013-09-20;10.709544;1.4569702;0.010028839;752.74347;1.1271659;152.60976;0.0;-7.3453654e-25;99.99998;-7.345365e-21;0.96186996;-0.44556522;0.053420663;0.356704;0.30328333;0.0;0.0;4202.2837;5045.6846;-2340.469;6545.3047;-309.5189;-1648.6644
2013-09-21;11.536326;-0.6411743;0.009816487;751.87964;1.1527921;149.69736;0.0;-7.3453654e-25;99.99998;-7.345365e-21;0.0008583069;-0.7225033;2.9802322e-05;0.29972196;0.2996698;0.0;0.0;5053.5967;6062.5073;-2819.6016;6154.567;-501.89777;-1692.6938
2013-09-22;10.004883;1.3638306;0.01008606;749.2503;1.1398951;167.84343;0.0;-7.3453654e-25;99.99998;-7.345365e-21;0.59189796;-0.5917754;0.027865171;0.32404065;0.29618293;0.0;0.0;4083.2227;4894.2173;-2126.9824;6667.973;-411.08667;-1572.1333
2013-09-23;8.482778;2.6136577;0.009952545;747.9446;1.4178282;239.03613;0.0;-7.3453654e-25;99.99998;-7.345365e-21;1.5069187;-0.664955;0.07131696;0.36418438;0.29286742;0.0;0.0;3585.8572;4294.425;-1839.3077;6757.3354;-461.9211;-1488.7389
2013-09-24;6.0898843;3.3752136;0.009980519;747.92017;1.2171091;226.43474;0.0;-7.3453654e-25;99.99998;-7.345365e-21;7.2220144;-1.1409754;0.41410327;0.70384145;0.28972328;0.0;0.0;3275.3652;3919.2097;-1451.385;6862.11;-792.5978;-1333.0111
2013-09-25;6.7743125;-2.6173809;0.010089874;750.778;1.2409416;223.93037;0.0;-7.3453654e-25;99.99998;-7.345365e-21;0.0038981438;-1.6104234;0.00017881393;0.28672814;0.28657913;0.0;0.0;4356.166;5207.6987;-2099.3657;6254.0938;-1118.7078;-1488.8545
2013-09-26;9.401093;-3.7989705;0.009966533;754.10645;1.0250751;92.77292;0.0;-7.3453654e-25;99.99998;-7.345365e-21;0.0;-1.5200526;0.0;0.28333068;0.28333813;0.0;0.0;4941.431;5902.2935;-2725.3394;5768.7046;-1055.93;-1159.1256
2013-09-27;10.702525;-5.878845;0.0100034075;752.3902;1.0056566;174.75958;0.0;-7.3453654e-25;99.99998;-7.345365e-21;0.00044107434;-1.4140178;2.9802322e-05;0.28011203;0.28011203;0.0;0.0;4951.961;5909.7373;-2834.6897;5727.833;-982.2711;-1148.0488
2013-09-28;9.966553;-5.696177;0.010114034;751.0381;1.2825856;257.43213;0.0;-7.3453654e-25;99.99998;-7.345365e-21;0.0;-1.1845026;0.0;0.27696788;0.27696788;0.0;0.0;4870.419;5807.421;-2714.0579;5779.0977;-822.8345;-1384.73
2013-09-29;9.444489;-2.7242534;0.010122935;751.6286;1.1193079;196.5724;0.0;-7.3453654e-25;99.99998;-7.345365e-21;0.0004279475;-1.0068593;1.4901161e-05;0.27389824;0.2738759;0.0;0.0;4663.588;5556.0293;-2537.4116;6008.97;-699.4311;-1436.3889
2013-09-30;9.700725;-2.7422688;0.009836833;751.7776;1.0592811;143.06383;0.0;-7.3453654e-25;99.99998;-7.345365e-21;0.00083966623;-0.92968905;4.4703484e-05;0.2709031;0.2708435;0.0;0.0;4703.0957;5598.2183;-2644.8325;5974.4966;-645.82446;-1398.5322
2013-10-01;10.760335;-5.0204163;0.010045369;752.2134;0.98719406;165.73659;0.0;-7.3453654e-25;99.99998;-7.345365e-21;0.0;-0.86529183;0.0;0.26783347;0.26784837;0.0;0.0;4752.1724;5651.7607;-2857.0369;5816.5054;-601.09;-1272.7794
2013-10-02;9.891052;-3.6486104;0.009787242;752.0407;1.2445514;252.43701;0.0;-7.3453654e-25;99.99998;-7.345365e-21;0.027894974;-0.64608824;0.0013709068;0.26629865;0.2649203;0.0;0.0;4592.5356;5457.261;-2528.349;6095.636;-448.81668;-1515.8264
2013-10-03;10.756856;-2.621236;0.009999593;751.0532;2.0545797;212.53621;0.0;-7.3453654e-25;99.99998;-7.345365e-21;0.006484985;-0.590641;0.00032782555;0.26234984;0.26205927;0.0;0.0;4593.1045;5453.2;-2436.4753;6319.237;-410.2989;-1613.5723
2013-10-04;7.6578774;0.82870483;0.009936015;749.4941;1.9906372;205.4975;0.0;-7.3453654e-25;99.99998;-7.345365e-21;0.7454634;-0.52766687;0.035211444;0.29455125;0.2593398;0.0;0.0;3234.113;3836.6892;-1874.5039;6499.855;-366.55334;-1355.8011
2013-10-05;4.792623;-1.9129843;0.010169983;748.7481;1.609326;206.7122;0.0;-7.3453654e-25;99.99998;-7.345365e-21;0.31872094;-0.41673052;0.015214086;0.2719462;0.2567321;0.0;0.0;3258.3787;3862.0808;-1934.7905;6083.5537;-289.4889;-1330.29
2013-10-06;2.3272603;-3.2353108;0.009944916;748.1155;1.3428087;206.7603;0.0;-7.3453654e-25;99.99998;-7.345365e-21;1.3845503;-0.63067305;0.06560981;0.31982362;0.2542138;0.0;0.0;3424.2803;4055.297;-1980.2502;5802.096;-438.1078;-1519.3628
2013-10-07;2.6884868;-6.2447915;-0.6607895;750.6385;1.1257693;96.08604;0.00016276042;7.947286e-08;102.5296;-7.345365e-21;0.03990531;-0.5652355;0.0015497208;0.25326014;0.25170296;7.4505806e-06;0.0022687018;4029.6777;4767.4204;-2267.0662;5569.76;-392.65112;-1365.3289
2013-10-08;2.1284993;-5.6353455;-5.8483467;753.9497;1.2101022;63.776333;0.058186848;8.90096e-06;132.13963;-7.345365e-21;0.3965348;-0.59617686;0.01874566;0.26795268;0.24919957;0.0036600977;0.008024275;3478.0903;4112.5996;-2088.7979;5796.829;-414.15332;-1290.2789
2013-10-09;3.167962;-7.355296;-7.8272653;756.3002;1.9911078;29.69423;0.04568614;6.67572e-06;149.06725;-7.345365e-21;0.0013021808;-0.5534477;0.00022351742;0.24694204;0.24673343;0.0024735928;0.0;4544.721;5369.247;-2792.2834;4980.0376;-384.47778;-1469.6389
2013-10-10;5.817383;-7.721102;-7.4147286;757.1763;1.6257678;33.899055;0.028727213;4.0133796e-06;150.78905;-7.345365e-21;0.0021517272;-0.5829278;0.0002682209;0.24451315;0.24425238;0.0024642795;0.0;4505.296;5317.678;-2811.1138;5194.7;-404.94556;-1119.2955
2013-10-11;6.8845315;-6.5869546;-6.7588325;756.73486;1.3328247;37.164013;0.01570638;2.2649765e-06;150.78905;-7.345365e-21;0.0;-0.563344;8.940697e-05;0.24187565;0.24179369;0.0016707927;0.0;4450.5806;5248.2393;-2789.1458;5367.9995;-391.33777;-1045.8678
2013-10-12;7.1843667;-8.395345;-8.002217;753.5401;1.1124469;54.535095;0.008056641;1.2318293e-06;131.61977;-7.345365e-21;0.0;-0.52696836;4.4703484e-05;0.23943186;0.23935735;0.00084377825;0.0;4434.1567;5224.201;-2806.0334;5404.0957;-366.06778;-1023.16
2013-10-13;7.161448;-8.014943;-3.421346;750.91986;1.1330739;89.0896;0.0034179688;4.3710074e-07;112.7477;-7.345365e-21;0.0;-0.4560929;2.9802322e-05;0.23698807;0.23697317;0.00042840838;0.0;4308.4272;5071.6377;-2640.422;5580.657;-316.8322;-1236.1566
2013-10-14;5.348826;-5.87972;-0.7980614;752.89496;1.1742569;86.94522;0.001953125;-7.3453654e-25;109.523415;-7.345365e-21;0.48347712;-0.45893157;0.023156404;0.2577901;0.23463368;0.00020489097;0.0;3889.5122;4574.5356;-2320.2693;5860.019;-318.805;-1265.4811
2013-10-15;5.4829507;-7.4276733;-4.9103165;755.4175;1.0294534;107.76196;0.001953125;-7.3453654e-25;118.09763;-7.345365e-21;0.014269352;-0.4389975;0.0005066395;0.23287535;0.23236871;0.000173226;0.0;3461.5005;4067.771;-2085.0613;6059.129;-304.95667;-1162.3611
2013-10-16;6.547689;-8.541799;-7.078546;755.2783;1.0526674;172.64061;0.0006510417;-7.3453654e-25;136.5182;-7.345365e-21;0.00085532654;-0.4228279;4.4703484e-05;0.23016334;0.23012608;8.940697e-05;0.0;4206.8267;4942.0054;-2643.0579;5495.297;-293.72446;-1266.3489
2013-10-17;6.690908;-8.407878;-6.7279434;754.3619;1.1863835;270.14093;0.0;-7.3453654e-25;148.76073;-7.345365e-21;0.0;-0.36303326;0.0;0.22791326;0.22791326;4.4703484e-05;0.0;4168.4556;4895.4;-2587.141;5488.1123;-252.18777;-1335.0278
2013-10-18;8.12972;-7.9809365;-4.6257186;752.8843;1.6551865;142.7691;0.0;-7.3453654e-25;147.60155;-7.345365e-21;0.0015795231;-0.37087408;7.4505806e-05;0.2258122;0.22573769;2.6077032e-05;0.0;4004.5522;4701.461;-2377.2678;5852.4087;-257.63443;-1118.2134
2013-10-19;3.8636067;-1.4101461;-0.44900385;750.80225;1.6262064;207.93898;0.010823567;1.9073486e-06;133.40851;-7.345365e-21;7.3655725;-1.1804663;0.40635467;0.6300509;0.22368133;5.5879354e-05;0.012103468;3056.1277;3587.0188;-1167.1494;6809.9727;-820.03;-1279.039
2013-10-20;1.0138754;-0.6687419;-4.7937446;753.47455;0.80866694;99.33779;0.6624349;9.524822e-05;139.91176;0.81380206;4.123215;-1.2409315;0.21797419;0.43974817;0.22175908;0.055825338;0.105362386;2807.609;3313.87;-1584.5728;6089.4746;-861.99664;-929.68445
2013-10-21;2.1514587;-6.200704;-8.351254;756.24023;1.2919147;34.518677;0.5319824;7.8996025e-05;150.64647;0.5289714;0.0008583069;-1.1670961;0.002041459;0.22184849;0.21980703;0.028776005;0.0;3984.11;4689.961;-2514.765;5068.417;-810.76776;-891.92334
2013-10-22;4.720286;-8.996266;-8.026227;754.64154;1.0115316;66.403366;0.35799155;5.2968662e-05;150.73436;-7.345365e-21;0.0;-1.0628868;0.0016093254;0.2194345;0.21781027;0.023489818;0.0;4037.1472;4745.069;-2568.1072;5142.973;-738.37555;-631.24445
2013-10-23;5.243754;-7.896871;-7.497209;752.9755;1.0278637;90.727806;0.21858723;3.2424927e-05;150.73566;-7.345365e-21;0.0004270704;-1.0231472;0.001296401;0.21710992;0.21582097;0.01867488;0.0;3952.4778;4639.5923;-2463.7605;5327.0327;-710.76;-710.2256
2013-10-24;2.9447834;-5.111094;-6.6620803;754.14777;1.3601614;50.462994;0.12679036;1.9073486e-05;150.74217;-7.345365e-21;0.0029474495;-0.81182647;0.000834465;0.21472573;0.21388382;0.0104326755;0.0;3709.284;4349.8013;-2172.065;5514.86;-563.95447;-882.9511
2013-10-25;3.534322;-3.770691;-4.591703;754.5173;1.3776108;45.517437;0.07763672;1.2079875e-05;151.0449;-7.345365e-21;0.44295156;-0.80534256;0.021189451;0.23317337;0.21199137;0.006619841;0.0071786344;3713.53;4352.001;-2126.3838;5714.671;-559.45;-952.26447
2013-10-26;1.54953;-4.350586;-5.6627045;750.2347;1.3192028;53.325684;0.11328125;1.8954277e-05;152.14972;-7.345365e-21;2.801597;-0.9094039;0.15248358;0.36263466;0.21015108;0.0068638474;0.04862994;3051.0845;3574.3955;-1785.4355;5818.3745;-631.7367;-821.05225
2013-10-27;0.8777059;-5.8372903;-6.983017;751.0149;0.9243643;70.92896;0.28173828;4.1365623e-05;150.66273;-7.345365e-21;0.22691013;-0.81229955;0.012859702;0.22120774;0.20837784;0.024756417;0.0;3105.5273;3639.4744;-1921.2367;5579.1104;-564.31665;-743.8456
2013-10-28;1.3505656;-5.911049;-6.5225005;751.8296;1.0074128;117.90101;0.15608723;2.3245811e-05;150.67967;-7.345365e-21;0.15660226;-0.67326796;0.008508563;0.21511316;0.2066046;0.014357269;0.0;2790.281;3267.6868;-1709.3234;5797.9146;-467.71777;-681.50446
2013-10-29;2.6188457;-7.296997;-7.9140816;753.5776;0.72082;94.09727;0.08194987;1.2079875e-05;150.67967;-7.345365e-21;0.0008583069;-0.74095;0.00062584877;0.20548701;0.20484626;0.0088997185;0.0;3625.4482;4243.013;-2312.2;5282.162;-514.7233;-727.3122
2013-10-30;3.3450317;-6.78715;-7.2980704;754.6462;0.9040254;78.46162;0.03938802;5.722046e-06;150.67967;-7.345365e-21;0.0;-0.71740335;0.0003054738;0.20340085;0.20309538;0.0045746565;0.0;3605.284;4217.453;-2254.9177;5403.677;-498.3611;-708.5333
2013-10-31;3.099233;-8.791026;-8.079891;755.6558;0.8970669;83.27512;0.019042969;2.5828679e-06;150.67967;-7.345365e-21;0.00044107434;-0.6996654;0.00016391277;0.2015233;0.20135939;0.002110377;0.0;3626.537;4240.662;-2384.551;5219.4233;-486.03665;-733.85
2013-11-01;3.0208638;-8.483795;-7.241979;755.6035;0.98570246;60.47734;0.009033203;1.2715658e-06;150.67967;-7.345365e-21;0.007772445;-0.6225016;0.00044703484;0.20009279;0.19965321;0.0009797513;0.0;3244.406;3792.6077;-2082.1377;5537.3955;-432.43222;-622.9289
2013-11-02;2.0090332;-5.6132607;-7.0060325;754.243;1.2372972;30.357552;0.004638672;4.7683716e-07;150.67967;-7.345365e-21;0.20004931;-0.5234871;0.009834766;0.2078414;0.19800663;0.00044889748;0.0;2972.545;3473.6023;-1932.9122;5591.5054;-363.65;-683.70447
2013-11-03;2.3307598;-7.4760537;-7.746437;753.75946;0.7072229;93.34799;0.0025227864;-7.3453654e-25;150.67967;-7.345365e-21;0.012278557;-0.52254647;0.00064074993;0.19702315;0.1963824;0.00024400651;0.0;3242.656;3788.06;-2147.9922;5389.9653;-362.99554;-645.7389
2013-11-04;3.06545;-8.291911;-10.072399;755.9782;0.8932495;136.93652;0.0008951823;-7.3453654e-25;131.39581;-7.345365e-21;0.0;-0.5158214;1.4901161e-05;0.19475818;0.19476563;0.00012479722;0.0;3514.1855;4103.932;-2387.0273;5147.3364;-358.32388;-621.36334
2013-11-05;4.314219;-8.425853;-9.345029;756.5408;0.7789607;171.32117;0.0;-7.3453654e-25;115.273415;-7.345365e-21;0.0012993806;-0.48993436;5.9604645e-05;0.19323826;0.19316375;6.3329935e-05;0.0;3462.7266;4042.5688;-2239.5867;5384.449;-340.34113;-550.19
2013-11-06;3.674754;-7.855438;-6.665606;755.0749;0.82211787;156.99709;0.0;-7.3453654e-25;112.61619;-7.345365e-21;0.00086128706;-0.4907027;4.4703484e-05;0.19162893;0.19159168;2.9802322e-05;0.0;3410.275;3980.091;-2260.7422;5336.3667;-340.87555;-708.11554
2013-11-07;4.3188477;-5.109751;-2.1013184;754.1062;0.7785097;118.95095;0.0;-7.3453654e-25;109.85903;-7.345365e-21;1.3249397;-0.38214213;0.079631805;0.26968122;0.19004941;1.4901161e-05;0.0;2828.659;3300.35;-1683.8284;6000.7847;-265.46112;-539.79333
2013-11-08;3.7546284;1.2290853;-0.082333885;752.56934;0.75741917;174.3637;0.022135416;3.33786e-06;109.22296;-7.345365e-21;8.514027;-0.5991347;0.5687624;0.7573515;0.18858165;0.0024400651;0.0052005053;1496.7922;1746.2311;-694.94055;7077.118;-416.19778;-329.61777
2013-11-09;2.3521626;1.3937479;-0.22466914;752.5008;0.7364306;61.070145;14.971191;0.0023706753;140.41241;15.177409;25.947466;-0.68512744;1.8738061;2.0609946;0.18718839;0.7495321;4.0871687;1066.9194;1427.1644;-348.58276;7261.406;-475.5161;-325.77112
2013-11-10;2.269643;1.3856608;-0.17473347;753.71844;0.7227792;59.989964;19.489014;0.0029070377;151.166;19.083658;6.214178;-0.5263723;0.66128373;0.8471012;0.18582493;0.97528285;0.017147511;720.5906;964.61444;-254.8989;7315.12;-365.14334;-188.6189
2013-11-11;1.548879;-0.92921954;-3.2780964;753.9273;0.8187197;118.93722;13.944092;0.0020772617;151.40656;13.549805;0.5412698;-0.88032055;0.1193881;0.30383468;0.18446147;0.7567667;0.0;2187.2021;2786.9255;-1271.6178;6233.0894;-611.48;-463.95444
2013-11-12;0.83044434;-2.1553345;-4.4485793;752.5447;0.89408755;73.91243;9.586101;0.001425902;151.5514;9.318034;0.307858;-0.9166542;0.08569658;0.26877224;0.18308312;0.596337;0.00043213367;2607.9495;3223.7656;-1540.2328;5964.3257;-637.0089;-634.9744
2013-11-13;0.09035238;-4.258982;-6.6780906;750.54144;0.8592394;59.825333;6.571045;0.00097994;151.63377;6.591797;0.21757503;-0.824214;0.054240227;0.23597479;0.18171221;0.36204422;0.00021792948;2499.7512;3027.0933;-1649.7123;5680.1377;-572.75;-473.70667
2013-11-14;0.3381958;-3.1763508;-6.099739;750.6311;0.91623473;142.63087;4.4658203;0.00066486996;151.69237;4.679362;0.005742907;-0.78525394;0.029802322;0.21016598;0.1803711;0.28091854;0.0;2643.146;3157.65;-1539.52;5825.461;-545.6411;-541.7389
2013-11-15;1.4633789;-1.8360697;-4.3587317;750.4512;0.81237274;161.61815;3.1270344;0.0004813671;150.02342;3.540039;1.2348711;-0.7627439;0.07350743;0.25255978;0.1790449;0.19820593;0.50255287;2832.5505;3351.859;-1587.5416;5919.3335;-529.86664;-475.3289
2013-11-16;-0.6333211;-2.8376667;-5.967176;750.80426;0.72053355;94.84437;5.299398;0.0007524888;145.31053;5.2490234;1.5116662;-0.79873204;0.13512373;0.31289458;0.17777085;0.26714617;0.08773431;2200.8628;2635.5278;-1506.8145;5778.8564;-555.0311;-472.84
2013-11-17;-1.5817362;-3.4141033;-6.554198;750.6633;0.8244977;79.93687;5.179362;0.00079039735;150.73761;5.126953;2.0043285;-0.77144617;0.14606118;0.32258034;0.17651916;0.20690262;0.43965876;2337.0867;2776.7666;-1452.331;5744.6436;-536.1689;-556.1989
2013-11-18;-0.6202698;-5.902598;-9.03514;752.49066;0.96388215;49.707687;5.1524253;0.00076619786;151.05109;5.2897134;0.0;-0.79941845;0.02899766;0.20428002;0.17528236;0.2750885;0.0;2951.7695;3528.389;-2101.1116;5040.8154;-555.6878;-430.87555
2013-11-19;-0.08951823;-4.0848594;-5.631766;754.7046;1.5558801;29.432266;3.7693684;0.00056290627;151.08917;3.7027996;0.07036328;-0.39689988;0.02078712;0.19486248;0.17407537;0.15883707;0.015486032;2019.59;2394.8767;-1295.3195;5934.138;-276.06332;-273.5822
2013-11-20;0.15537517;-2.612732;-2.249382;752.62256;1.5858569;29.292593;13.957927;0.0022621553;150.75746;14.526367;4.4856133;-0.3661178;0.050336123;0.2232492;0.17289072;0.20151958;4.0342436;1068.0111;1296.2167;-560.0161;6719.563;-255.88722;-189.03444
2013-11-21;0.07065836;-3.603119;-4.082811;748.9734;0.96557933;45.55306;24.52539;0.0036591291;151.26788;24.576822;0.15696883;-0.60159713;0.13233721;0.3040433;0.17171353;1.1799037;0.037513673;1980.3273;2673.1646;-1193.9161;6099.094;-419.49777;-373.68112
2013-11-22;-0.2692871;-4.2413535;-4.0249496;748.55597;0.8058827;83.756096;17.76587;0.0026568174;151.70668;18.025717;0.07343292;-0.64628756;0.09830296;0.26884675;0.17055124;0.88749456;0.004775822;2237.0;2880.8677;-1197.9161;6117.4805;-450.4989;-484.66666
2013-11-23;0.07043457;-3.4875488;-6.0252;749.3261;0.73704237;242.56413;13.150228;0.001971364;151.7503;12.6953125;0.08144021;-0.61157906;0.064343214;0.23372471;0.16938895;0.5617961;0.0029355288;2385.0693;2979.4988;-1572.4734;5662.8047;-425.86;-346.78665
2013-11-24;-0.27114868;-3.625417;-4.940847;751.0345;0.8880704;153.287;9.766602;0.0014625788;151.85968;9.073894;0.016205026;-0.6839894;0.050246716;0.21848083;0.16824901;0.46580657;0.00032037497;2538.66;3108.6523;-1544.29;5773.7725;-476.32224;-480.71112
2013-11-25;-0.20591228;-2.0888672;-3.2990036;752.0413;0.8412742;178.38872;7.0555015;0.0010567108;151.94106;6.6731772;1.415211;-0.6393855;0.14542043;0.31255186;0.16713142;0.35458618;0.00045448542;2119.9844;2555.6333;-1082.3011;6276.2646;-444.74222;-450.12
2013-11-26;0.7331746;-2.1833088;-5.6844826;752.67474;0.75605655;246.12883;5.0069985;0.00074875355;151.95245;4.679362;0.005924701;-0.6296057;0.029832125;0.19587576;0.16604364;0.27649477;0.0016503036;1890.3656;2253.6267;-1353.9333;5948.8135;-437.7389;-369.86667
2013-11-27;1.0455118;-1.0144653;-3.5213;753.5513;0.92923373;229.75342;3.7415364;0.00056485337;151.67348;3.5807292;2.5318332;-0.49589014;0.23500621;0.39997697;0.16497076;0.20565465;0.10868162;1913.4016;2263.4722;-955.33057;6412.9204;-344.54;-298.38666
2013-11-28;-0.26107788;-0.50941974;-0.15921783;751.0861;0.8476879;214.35498;53.35612;0.008859436;146.30922;58.71582;22.202496;-0.33398533;0.71863085;0.882566;0.16393512;0.77982247;15.823376;604.8444;876.83887;-73.06;7270.765;-235.34;-224.18889
2013-11-29;-0.8140564;-0.9837036;-0.08677292;748.4644;1.1824895;207.3164;98.53597;0.020163098;151.0537;131.51042;22.994637;-0.12806803;0.90417266;1.067102;0.1629144;1.8507764;16.836002;377.10556;1197.9556;-84.17389;7172.155;-98.06555;-147.92555
2013-11-30;-4.383751;-5.1391754;-2.888799;750.8049;1.3700489;144.54773;100.0;0.03370623;151.51268;221.92383;3.7188916;-0.11637993;0.012122095;0.17403066;0.16190857;0.05986914;3.4286752;668.31946;2444.5833;-912.24554;5917.134;-88.007774;-123.55444
2013-12-01;-5.125578;-16.787529;-11.107051;756.5401;1.2265967;169.53429;100.0;0.034913182;153.75487;227.45769;0.0027418137;-0.11226535;0.000923872;0.16184151;0.16091764;0.009875745;0.0027418137;943.6055;3276.9978;-1151.055;4882.401;-81.84;45.162224
2013-12-02;-0.49943033;-13.320415;-6.346662;753.64136;0.7948205;278.2093;100.0;0.03465144;157.05531;221.15071;0.015467405;-0.14890823;0.03488362;0.19481778;0.15994161;0.31535327;0.0134296715;729.04;2450.9534;-788.2733;5763.2153;-110.90889;18.425556
2013-12-03;-2.4565735;-5.2567406;-4.213472;746.7984;1.0447122;236.51991;100.0;0.034523446;160.21873;215.4134;0.6093919;-0.19609183;0.024721026;0.18370152;0.15898794;0.22247806;0.58713555;611.24;1909.1378;-438.17944;6294.0215;-151.0411;-44.857777
2013-12-04;-4.992185;-11.594624;-6.4511056;747.4077;1.1014017;44.157578;100.0;0.034680765;162.52211;213.50098;0.039219856;-0.24167448;0.0;0.15807152;0.15805662;0.0;0.037450343;1039.6733;3007.5845;-1216.7667;5285.972;-183.8811;-48.695557
2013-12-05;-6.0667663;-8.810941;-6.290423;743.85645;0.99147916;21.982615;100.0;0.042053144;152.64647;274.2513;12.593941;-0.097567216;0.0;0.15714765;0.15714765;0.0;12.500085;210.8839;703.3578;-89.98722;6472.677;-75.87334;-40.836666
2013-12-06;-4.0855713;-5.724195;-3.838094;746.0276;0.65334296;249.8778;100.0;0.04725508;152.57616;310.0586;0.42757386;-0.101391226;0.0;0.15625358;0.15626103;0.0;0.41573867;673.4689;2513.2112;-587.6567;6214.1133;-75.505554;-93.37666
2013-12-07;-5.1123567;-6.048346;-4.4597244;747.85834;0.9863584;222.79071;100.0;0.048881214;153.8141;317.4642;3.3444831;-0.09753276;0.0;0.15538931;0.15537441;0.0;3.3146627;545.0772;1971.7655;-458.6722;6277.1807;-74.23;-103.42
2013-12-08;-5.3500595;-5.909967;-4.1304383;743.6911;1.3242937;206.09727;100.0;0.06827191;148.47816;456.25815;34.76592;-0.09360071;0.0;0.15455484;0.15453249;0.0;34.55372;220.58333;873.15;-141.72028;6649.5225;-72.89778;-143.67667
2013-12-09;-10.922265;-13.287673;-9.892024;742.0334;1.148301;176.20985;100.0;0.086819015;151.79295;571.6553;1.6830205;-0.06620027;0.0;0.15369058;0.15369803;0.0;1.655586;660.0689;2834.96;-1249.0656;4796.062;-48.975555;-106.21667
2013-12-10;-16.224916;-23.892944;-21.611486;742.10034;0.85143846;192.32304;100.0;0.087749876;152.44237;575.43945;0.11318922;-0.023522414;0.0;0.15285611;0.15287101;0.0;0.11020526;771.75665;3235.801;-1043.235;3996.0977;-16.081112;-5.8555555
2013-12-11;-13.724309;-16.638933;-17.802309;739.2976;0.82093424;77.64297;100.0;0.09373947;144.6992;647.583;23.82799;-0.0018849969;0.0;0.15205145;0.1520589;0.0;23.82321;454.83;1854.5922;-55.305557;5578.03;-0.3988889;-24.3
2013-12-12;-11.465093;-14.019867;-11.87753;737.0661;0.7255705;100.79666;100.0;0.13452013;117.99673;1135.0912;33.689518;-0.023846515;0.0;0.15127659;0.15126169;0.0;33.68648;259.48444;1138.79;-129.90334;5986.9854;-18.036112;-40.43222
2013-12-13;-10.509139;-12.689195;-10.788575;742.7149;0.7709896;54.131485;100.0;0.1509949;132.3242;1147.7051;7.3793707;-0.03668014;0.0;0.15047193;0.15047938;0.0;7.3730946;434.6378;1869.1844;-284.74;5911.1;-26.901112;-79.80222
2013-12-14;-11.302632;-13.397677;-11.062286;744.09735;0.74954885;175.7733;100.0;0.15981857;149.63246;1069.1732;5.8992863;-0.034043565;0.0;0.14971197;0.14971197;0.0;5.8928504;453.86057;1949.3289;-569.1972;5497.6626;-24.928888;-71.346664
2013-12-15;-12.71619;-19.192572;-15.22242;748.3916;1.0588343;123.21812;100.0;0.16133817;156.62628;1031.25;0.013101101;-0.050035305;0.0;0.148952;0.14894456;0.0;0.011380762;735.6445;3088.96;-1259.1772;4255.419;-36.308887;-40.60889
2013-12-16;-10.346671;-18.238977;-18.810638;751.1805;1.2483255;17.035706;100.0;0.16134906;160.76398;1004.23175;0.00053048134;-0.006793067;0.0;0.14820695;0.14819205;0.0;9.685755e-05;772.21387;3156.172;-1081.0155;4248.849;-2.8133333;84.55889
2013-12-17;-11.3742485;-17.958567;-20.333078;751.6662;1.7141663;17.49463;100.0;0.16137815;164.08461;983.9681;0.0010728836;0.013049692;0.0;0.14746189;0.14745444;0.0;0.0010691583;789.7789;3146.101;-1171.4122;4035.0935;12.275556;129.71
2013-12-18;-13.623382;-18.7511;-21.656998;750.9834;1.7567139;16.287706;100.0;0.16141836;166.92381;967.81415;0.00064373005;0.018025748;0.0;0.14673173;0.14672428;0.0;0.00016018748;802.5883;3115.4834;-1082.78;4040.506;15.894444;115.524445
2013-12-19;-12.593024;-19.268028;-21.213326;748.9108;1.1792465;11.980518;100.0;0.16145201;169.56378;952.7181;0.009316206;-0.0017052516;0.0;0.14601648;0.14600903;0.0;0.008452684;757.9511;2870.1843;-841.3839;4387.7925;0.5988889;68.69778
2013-12-20;-12.837737;-19.880634;-21.40153;753.2791;1.569969;9.797558;100.0;0.16148;172.19855;938.3138;0.0008702277;0.0028479844;0.0;0.14528632;0.14530122;0.0;0.0;863.5944;3187.14;-1118.1962;4035.3442;4.327778;117.933334
2013-12-21;-12.162831;-21.027647;-21.441278;754.0635;1.7256736;10.552222;100.0;0.16150193;174.70148;925.3337;0.0017046927;-0.0057611614;0.0;0.14460087;0.14460087;0.0;0.0;878.5339;3165.5044;-1108.5128;4067.4421;-2.1622221;145.86444
2013-12-22;-10.214355;-20.063913;-21.677528;753.7663;1.6674646;10.736051;100.0;0.16152787;177.11977;912.59766;0.0017046923;0.00051036477;0.0;0.14391541;0.14392287;0.0;0.0;914.3945;3219.0034;-1197.14;3940.6775;2.5255556;173.18889
2013-12-23;-10.211165;-19.524075;-21.507538;755.4207;1.5536742;9.504222;100.0;0.16155446;179.45929;900.59406;0.0008523463;0.0020600855;0.0;0.14324486;0.14323741;0.0;0.0;937.1517;3224.9067;-1203.6511;3956.871;3.6966667;156.66444
2013-12-24;-10.184852;-20.125662;-21.41284;756.7053;1.3853065;19.069204;100.0;0.16157806;181.74738;889.52637;0.0004351138;-0.0017527491;0.0;0.14255941;0.14256686;0.0;0.0;957.50775;3221.7222;-1164.3245;4016.2444;0.7488889;138.12
2013-12-25;-11.16188;-20.066973;-21.253012;756.9824;1.565948;7.833;100.0;0.16160186;184.01202;878.8249;0.0017225739;7.264316e-05;0.0;0.14190376;0.14190376;0.0;0.0;983.7528;3239.3079;-1256.4839;3919.9084;2.1933334;141.42223
2013-12-26;-10.232797;-20.179937;-21.1352;755.3958;1.6154004;6.255441;100.0;0.16162725;186.20766;868.61163;0.0004351138;-0.0007953495;0.0;0.14126301;0.1412481;0.0;0.0;1002.8711;3232.9333;-1131.0762;4098.269;1.5;152.40778
2013-12-27;-7.996802;-19.706848;-18.280447;754.4651;1.3823525;5.4034295;100.0;0.16163997;188.638;857.6253;0.0008523463;-0.015899539;0.0;0.14060736;0.14060736;0.0;0.0;717.92053;2265.4634;-655.63055;4917.2144;-10.620556;112.31
2013-12-28;-10.091924;-19.889933;-18.25165;754.29535;1.6258682;9.661065;100.0;0.1616501;191.3535;845.459;0.0;-0.020990148;0.0;0.1399517;0.1399666;0.0;0.0;1052.6722;3255.838;-1390.0183;3996.9307;-13.581111;119.867775
2013-12-29;-10.282448;-20.522242;-18.961744;752.697;1.7009672;10.386334;100.0;0.16166024;193.81737;834.7575;0.0;-0.021729618;0.0;0.13934076;0.13933331;0.0;0.0;1072.6528;3251.439;-1284.7605;4087.9575;-14.194445;130.85556
2013-12-30;-7.744906;-16.64647;-15.840053;749.8864;1.1157331;19.49151;100.0;0.16235812;195.53319;830.32227;3.0478284;-0.030702911;0.0;0.13871491;0.13871491;0.0;3.04427;773.60443;2300.831;-79.37666;5886.567;-21.767778;42.13
2013-12-31;-5.4665694;-7.0224214;-8.641277;748.0402;0.75091386;38.427204;100.0;0.16761522;193.56508;866.333;3.690642;0.008620322;0.0;0.13810396;0.13810396;0.0;3.586009;384.82556;1315.8833;-147.48778;6386.5044;7.8233333;-15.984445
2014-01-01;-7.665531;-10.145595;-8.672282;748.9427;1.2863406;19.4935;100.0;0.16866724;198.22752;851.7253;0.03308952;-0.0702329;0.0;0.13749301;0.13749301;0.0;0.027887523;814.67224;2792.531;-952.3972;5288.8345;-51.65333;-84.202225
2014-01-02;-9.334464;-11.336745;-10.560754;750.8615;0.9731447;72.2135;100.0;0.16867208;203.00453;831.66504;0.014190961;-0.035444275;0.0;0.13689697;0.13688952;0.0;0.010300428;857.5261;2871.9534;-1041.0028;5034.918;-25.012222;-87.907776
2014-01-03;-10.92629;-13.942914;-12.995037;751.1228;1.0688481;39.29671;100.0;0.16868679;206.8203;816.3249;0.006540091;-0.023351982;0.0;0.13628602;0.13629347;0.0;0.0036414713;941.9072;3090.4321;-1229.8767;4579.6416;-15.573334;-53.59667
2014-01-04;-12.937306;-17.439543;-15.927452;750.16364;1.2342652;17.044819;100.0;0.16870587;209.75844;804.7282;0.004827976;-0.017059967;0.0;0.13568997;0.13570487;0.0;0.0013820827;1011.79443;3248.61;-1388.985;4135.7812;-10.627778;-3.1822221
2014-01-05;-14.45658;-18.367426;-18.124342;748.17535;1.5239645;14.380588;100.0;0.16872685;212.05304;795.89844;0.0019818544;-0.0026002526;0.0;0.13512373;0.13512373;0.0;0.0019818544;1037.7789;3265.44;-1342.5431;4022.551;0.21333334;10.892222
2014-01-06;-12.896709;-16.614609;-18.409437;748.44867;1.9154205;14.9784355;100.0;0.16876622;214.03285;788.6556;0.009144843;0.0166744;0.0;0.13455003;0.13455003;0.0;0.009138137;1052.6611;3245.37;-1224.625;4201.4624;15.163333;67.083336
2014-01-07;-10.530203;-17.943495;-18.460943;749.2635;1.4740885;7.6074195;100.0;0.16880386;215.98631;781.6569;0.0021568039;-0.0093933195;0.0;0.13399124;0.13397634;0.0;0.0;1120.8177;3383.9543;-1321.1306;4088.3965;-4.648889;91.27111
2014-01-08;-9.806998;-18.57203;-18.025429;750.18024;1.3352923;13.578067;100.0;0.16881959;217.93227;774.7803;0.0004351138;-0.019995496;0.0;0.133425;0.13341755;0.0;0.0;1153.5044;3414.9822;-1362.165;4091.5107;-12.671111;85.71778
2014-01-09;-10.548707;-18.550283;-18.375954;751.3715;1.3752002;6.8892837;100.0;0.16883989;219.82875;768.4733;0.0004351138;-0.013004057;0.0;0.13285875;0.13285875;0.0;0.0;1197.1206;3477.0334;-1314.8195;4103.5044;-7.42;83.06
2014-01-10;-7.4346986;-19.242834;-16.143703;749.3758;1.1702956;12.782948;100.0;0.16884796;221.83168;761.9629;0.0055229557;-0.042515807;0.0;0.13230741;0.13230741;0.0;0.00423193;1190.1283;3393.3323;-1197.34;4479.726;-29.923334;71.28111
2014-01-11;-9.439496;-19.135368;-15.528819;747.2544;1.1180055;77.791435;100.0;0.16884506;224.0348;754.59796;0.0;-0.046748668;0.0;0.13175607;0.13175607;0.0;0.0;1174.5128;3289.2178;-1378.7389;4283.63;-33.11889;39.744446
2014-01-12;-9.051169;-19.488598;-16.33506;749.3784;0.8617859;195.8076;100.0;0.16884048;226.1227;747.5586;0.0012895007;-0.046648085;0.0;0.13120472;0.13121963;0.0;0.0;1271.0328;3492.5166;-1433.6622;4151.829;-33.017776;26.473333
2014-01-13;-8.928588;-12.472553;-14.61644;748.81744;0.8203333;262.97385;100.0;0.1699851;225.65948;752.8483;5.6679425;-0.015659258;0.0;0.13068318;0.13068318;0.0;5.666163;976.5328;2638.7722;-394.80804;5597.7417;-10.62;-30.368889
2014-01-14;-5.8935647;-6.865892;-8.816437;748.68646;1.0005758;211.097;100.0;0.1766253;216.24901;816.9759;2.0524561;-0.021904707;0.0;0.13014674;0.13015419;0.0;2.0475461;797.6522;2698.5557;-474.735;5994.8955;-14.667778;-71.22889
2014-01-15;-6.4476027;-9.421776;-8.451978;751.355;0.867116;49.78745;100.0;0.17720671;219.83624;806.55927;0.034698784;-0.03472902;0.0;0.1296252;0.12963265;0.0;0.033382326;779.36835;2613.9111;-1145.8334;5102.0127;-24.19111;-34.984444
2014-01-16;-7.2395325;-14.966324;-12.165787;753.5529;0.97691756;189.20245;100.0;0.17722006;223.4098;793.49774;0.0;-0.04213117;0.0;0.12910366;0.12911111;0.0;0.0;1053.8811;3450.838;-1304.7206;4583.1064;-28.881111;10.531111
2014-01-17;-6.6400275;-14.663167;-12.561436;749.49;0.9227731;159.73175;100.0;0.17722273;226.33495;783.8135;0.0052332873;-0.038016587;0.0;0.12859702;0.12859702;0.0;0.0011622906;909.64276;2915.609;-1049.9623;4891.9565;-26.374445;6.6466665
2014-01-18;-8.628841;-14.334652;-13.644962;749.7569;1.5299349;12.073228;100.0;0.17723668;229.00975;774.6582;0.0;-0.026009046;0.0;0.12806058;0.12809038;0.0;0.0;1156.9005;3632.891;-1401.0472;4387.694;-16.487778;36.16
2014-01-19;-5.609442;-13.885483;-13.0024805;751.5684;0.96757454;94.392784;100.0;0.17725007;231.48012;766.4388;0.0004351138;-0.04087668;0.0;0.12758374;0.12757629;0.0;0.0;1153.1989;3548.2378;-976.9625;5046.7856;-27.759445;25.857779
2014-01-20;-4.0127563;-11.399539;-11.707339;751.36395;0.77810866;141.19177;100.0;0.17726023;234.19496;757.52765;0.0017037392;-0.035542063;0.0;0.1270771;0.1270622;0.0;0.0;1215.1644;3665.111;-1329.5464;4686.7456;-23.534445;17.212223
2014-01-21;-3.8125408;-8.579479;-11.446355;751.1138;0.7421178;150.95937;100.0;0.17728381;236.89874;748.90137;0.005408832;-0.011052936;0.0;0.12657046;0.12657046;0.0;0.004094094;1224.6466;3622.4146;-1242.91;4834.5864;-4.9911113;3.23
2014-01-22;-5.2814536;-7.3023705;-9.776408;749.52313;0.7762766;158.54156;100.0;0.17801599;238.91664;745.3613;1.3200521;-0.030622818;0.0;0.12609363;0.12607127;0.0;1.2721605;1077.2311;3163.0967;-716.0028;5628.884;-20.602222;-45.02
2014-01-23;-5.042623;-5.681936;-6.157551;747.116;0.7714133;218.72534;100.0;0.18153496;237.30597;764.7705;5.3203692;-0.054583885;0.0;0.12558699;0.12559444;0.0;5.1637516;638.185;2013.24;-212.39333;6529.6743;-40.917778;-131.67223
2014-01-24;-5.005909;-6.5059066;-5.025022;747.4392;0.5832167;118.65088;100.0;0.18395221;238.19789;772.9492;0.109409705;-0.14246441;0.0;0.12511015;0.12511015;0.0;0.099509954;954.56445;3210.8145;-821.6161;5858.4624;-107.501114;-140.80112
2014-01-25;-5.714419;-7.5737457;-5.9091034;748.5693;0.7500605;146.82794;100.0;0.18402128;242.17738;760.0911;0.63737035;-0.13936684;0.0;0.12463331;0.12463331;0.0;0.63480437;923.57666;3043.0122;-771.32;5814.722;-105.46;-133.58667
2014-01-26;-4.9822693;-5.9434915;-5.672541;748.5058;0.7537568;250.1195;100.0;0.18569915;243.17934;763.79395;1.7823279;-0.081257895;0.0;0.124156475;0.124156475;0.0;1.7516203;628.91943;2105.9177;-612.73724;6007.169;-61.65889;-101.49
2014-01-27;-4.0477805;-5.0852456;-5.293701;746.4909;0.5717441;197.03566;100.0;0.1969455;232.16664;847.29004;36.85169;-0.037284568;0.0;0.12369454;0.12369454;0.0;35.223408;504.945;1810.3356;-122.48;6652.47;-27.372223;-86.026665
2014-01-28;-3.5796406;-3.9786274;-2.5900116;742.02765;0.5431726;182.3975;100.0;0.25463483;190.56183;1333.5367;43.790318;-0.08398853;0.0038966537;0.1271367;0.12324005;0.0;42.852264;194.35834;840.7811;-68.68;6906.4946;-65.21555;-112.67555
2014-01-29;-3.6743877;-4.4639993;-2.9475658;748.8613;1.1149646;213.151;100.0;0.27123532;196.20863;1385.7828;2.4649353;-0.107806176;0.0;0.12278557;0.12278557;0.0;2.316259;650.23334;2756.42;-576.2194;6296.101;-81.134445;-140.26
2014-01-30;-4.814138;-5.5812073;-3.3905232;748.3008;1.0674121;229.06386;100.0;0.27699414;206.01332;1345.9879;8.566991;-0.13255328;0.0;0.12232363;0.12232363;0.0;8.28049;586.07947;2425.929;-487.86584;6340.392;-101.14111;-198.15555
2014-01-31;-7.338867;-11.14815;-6.20062;749.09674;1.0597868;53.532833;100.0;0.28100526;213.86781;1316.1621;0.36505234;-0.1725275;0.0;0.1218766;0.12186915;0.0;0.35993755;903.5739;3722.801;-1081.2203;5314.0635;-130.02333;-204.81111
2014-02-01;-11.601962;-15.117592;-9.843849;747.9587;1.8224182;35.632477;100.0;0.28122887;220.99706;1274.3734;0.06388412;-0.121938996;0.0;0.12141466;0.12141466;0.0;0.057246536;1003.945;4033.8523;-1546.5623;4403.117;-90.98111;-89.70556
2014-02-02;-15.907468;-19.885477;-15.615199;746.18097;2.0131402;30.857634;100.0;0.28123572;225.60284;1247.9248;0.019598007;-0.04989654;0.0;0.12096763;0.12096763;0.0;0.017847866;1100.8317;4312.0444;-1858.9761;3482.4827;-35.746666;-39.11778
2014-02-03;-16.56085;-20.512266;-18.79327;743.44293;1.9101342;27.91629;100.0;0.28132936;228.35577;1232.8287;0.2862543;-0.03204122;0.0;0.12053549;0.12052804;0.0;0.28067082;972.805;3719.8267;-1013.7811;4336.309;-22.571112;-41.605556
2014-02-04;-14.599164;-18.577349;-17.66095;741.89264;1.6036125;27.926092;100.0;0.28208122;229.388;1230.4281;0.8725226;-0.0425661;0.0;0.12007356;0.12009591;0.0;0.8662678;877.63446;3313.2622;-840.64777;4703.8813;-30.891111;-60.52889
2014-02-05;-13.736927;-22.172281;-18.823278;743.9263;1.3748256;15.4916115;100.0;0.28241655;231.52472;1220.7438;0.0017315149;-0.04323758;0.0;0.119656324;0.119663775;0.0;0.00087171793;1192.98;4408.21;-1505.1716;3763.1855;-29.817778;-9.824445
2014-02-06;-10.497124;-20.97001;-19.827293;745.01074;1.1129242;37.92181;100.0;0.28242293;233.89647;1208.4554;0.0;-0.03648922;0.0;0.11922419;0.11922419;0.0;0.0;1255.1167;4528.439;-1467.635;3788.7258;-24.393888;55.516666
2014-02-07;-10.519923;-21.031284;-20.115835;747.118;1.0989369;48.37765;100.0;0.28243458;236.09991;1197.0621;0.00086268276;-0.037486665;0.0;0.11879206;0.11879951;0.0;0.0;1298.42;4576.6313;-1476.0762;3771.7722;-25.165556;50.39111
2014-02-08;-10.337201;-21.148447;-20.22991;748.29834;1.1298698;51.514538;100.0;0.28244543;238.20766;1186.5234;0.00086004275;-0.037683174;0.0;0.118374825;0.118382275;0.0;0.0;1348.4645;4645.8857;-1512.4377;3735.1565;-25.284445;57.171112
2014-02-09;-8.141261;-20.073454;-19.588203;750.10693;1.0072898;99.939674;100.0;0.2824564;240.28383;1176.5137;0.0008663768;-0.043182634;0.0;0.11794269;0.11795759;0.0;0.0;1364.9528;4598.5933;-1260.2633;4135.8584;-29.283333;59.954445
2014-02-10;-6.5757904;-17.19787;-17.35067;748.31305;0.8574304;86.17513;100.0;0.28246072;242.57777;1165.568;0.0;-0.048240647;0.0;0.11752546;0.11753291;0.0;0.0;1369.905;4515.567;-1167.081;4481.927;-33.246666;16.476667
2014-02-11;-7.821697;-14.040355;-15.57809;747.8996;1.1582991;21.541504;100.0;0.28247246;245.18878;1153.3203;0.0068527097;-0.0337651;0.0;0.117108226;0.11711568;0.0;0.004775822;1358.1823;4382.4478;-1210.1128;4568.372;-21.944445;-4.351111
2014-02-12;-6.8146133;-13.449315;-14.42822;751.3829;1.4413148;15.005977;100.0;0.28250173;248.01625;1140.2181;0.0010758638;-0.037805177;0.0;0.11669099;0.116698444;0.0;0.00021606684;1485.3667;4694.6167;-1429.0778;4406.217;-24.323334;18.044445
2014-02-13;-3.2734592;-13.965812;-13.367077;751.8808;1.0096748;102.52064;100.0;0.2825158;250.97328;1126.7904;0.0012934206;-0.02018828;0.0;0.11628866;0.11629611;0.0;0.0;1538.1533;4762.979;-1477.6011;4469.9224;-13.461111;25.97
2014-02-14;-2.7399952;-14.588416;-12.748939;751.4182;0.84052426;106.84903;100.0;0.28251925;254.02504;1113.2406;0.002157688;-0.031866133;0.0;0.11590123;0.11589378;0.0;0.0;1598.3539;4851.0454;-1615.9105;4342.9023;-22.663334;12.792222
2014-02-15;-4.5438957;-10.953101;-11.698735;746.38226;0.6952798;105.92489;100.0;0.2831571;256.16016;1105.6315;4.443678;-0.03215857;0.0;0.1154989;0.11550635;0.0;4.340246;1513.5856;4502.0835;-938.50165;5291.7983;-23.29889;-63.577778
2014-02-16;-5.395945;-6.935018;-8.361653;744.5672;0.7611248;99.083305;100.0;0.2913802;248.09276;1175.0082;4.564035;-0.04657358;0.0;0.11511147;0.11511147;0.0;4.5097804;941.0061;3417.1467;-830.8739;5606.425;-32.795555;-107.827774
2014-02-17;-4.603048;-9.314941;-8.828319;748.4429;0.915543;118.583885;100.0;0.2924578;251.5371;1164.0219;0.0073778266;-0.08014869;0.0;0.11470914;0.11470914;0.0;0.0073239207;1256.8289;4548.489;-1196.6211;5104.798;-56.465557;-97.33667
2014-02-18;-4.4839478;-8.065013;-9.154752;751.8838;0.6989386;287.52597;100.0;0.29246506;255.81836;1144.8975;0.0020742416;-0.04834775;0.0;0.11432171;0.11430681;0.0;0.0013485551;1326.1777;4681.9863;-1289.8445;4966.799;-32.1;-100.48889
2014-02-19;-4.329905;-10.259941;-9.867063;752.58734;0.9934552;96.86442;100.0;0.2924832;259.69693;1127.4414;0.0021189451;-0.054569915;0.0;0.113904476;0.11391193;0.0;0.00082701445;1421.2961;4905.37;-1564.13;4580.8315;-36.50111;-41.743332
2014-02-20;-3.528249;-13.653325;-11.139806;753.1556;1.022669;125.43914;100.0;0.29248682;263.0895;1113.0778;0.00086426723;-0.092256814;0.0;0.113517046;0.113509595;0.0;0.0;1533.7572;5175.13;-1664.225;4351.722;-65.172226;4.0744443
2014-02-21;-3.2569478;-7.007357;-10.615663;751.55786;0.9153393;211.44951;100.0;0.29251215;266.1852;1100.5045;0.0057322485;0.037072226;0.0;0.113129616;0.113129616;0.0;0.002618879;1434.8517;4737.4624;-1114.0333;5141.8154;30.804445;-61.47778
2014-02-22;-2.791219;-5.802999;-7.703504;749.4578;0.79995203;249.8797;100.0;0.29256284;269.66147;1086.3037;0.008094311;-0.0033788383;0.0;0.11275709;0.11275709;0.0;0.0076554716;1292.4;4178.412;-933.1633;5631.711;-0.4722222;-86.501114
2014-02-23;-2.5789795;-9.704112;-7.3323517;750.309;0.8684149;117.38836;100.0;0.29256853;273.45932;1070.9229;0.002802718;-0.1066681;0.0;0.11238456;0.11237711;0.0;0.0;1607.8062;5087.864;-1571.6605;4834.154;-75.912224;-63.00139
2014-02-24;-2.7745361;-9.67339;-7.570493;752.56323;0.9480705;57.502148;100.0;0.2925519;277.0244;1057.5358;0.00042617318;-0.103207305;0.0;0.11198223;0.11198968;0.0;0.0;1701.0472;5272.17;-1636.9172;4749.2983;-73.045;-65.17667
2014-02-25;-2.6986187;-9.756503;-7.521128;751.8452;0.8793717;118.176796;100.0;0.29253116;280.3812;1044.5557;0.028917193;-0.12415461;0.0;0.1116097;0.111594796;0.0;0.0230968;1731.18;5257.622;-1501.4595;4898.3594;-89.596664;-62.38861
2014-02-26;-2.7697856;-4.4187417;-5.660263;749.529;0.5419393;174.58418;100.0;0.30577877;268.54654;1138.0209;19.115686;-0.031389296;0.0;0.11122227;0.11122972;0.0;17.444818;573.7767;2216.4512;-223.71945;6534.987;-22.443333;-81.37222
2014-02-27;-3.4495137;-5.2903237;-4.383611;748.8421;0.53910977;203.90704;100.0;0.31195843;267.31055;1168.8639;0.46917796;-0.14578271;0.0;0.11084974;0.11085719;0.0;0.43326616;1114.6294;4415.635;-834.8517;5944.104;-107.58444;-190.17444
2014-02-28;-4.06723;-5.1967163;-4.414776;747.4861;0.85246295;200.84285;100.0;0.31331965;270.9733;1158.0404;1.9194782;-0.16164315;0.0;0.11047721;0.11048466;0.0;1.811646;1061.955;4106.8403;-649.7033;6149.72;-121.51667;-216.75
2014-03-01;-4.188253;-6.3641815;-4.4132705;749.2407;0.88460463;90.470604;100.0;0.314016;275.41504;1142.2933;0.05143881;-0.19934587;0.0;0.11010468;0.11011213;0.0;0.0484325;1329.93;5033.3774;-1251.985;5401.59;-148.66222;-219.25555
2014-03-02;-1.7301025;-6.964316;-4.7857933;749.81976;0.76074624;145.05823;100.0;0.3139811;280.2894;1122.3551;0.0406151;-0.14499483;0.0;0.10973215;0.1097396;0.0;0.03772229;1290.105;4718.3667;-941.5739;5826.519;-105.01778;-153.68
2014-03-03;-0.36644492;-4.05308;-3.8583424;748.6879;0.65800047;225.36157;100.0;0.3139939;285.25064;1103.1088;0.54063797;-0.09011105;0.010341406;0.11971593;0.10936707;0.12996048;0.028476119;1200.8617;4250.4844;-545.3678;6384.4863;-63.926666;-114.28222
2014-03-04;-1.3604431;-1.6621399;-1.0268759;746.0547;0.64195293;184.92348;100.0;0.3264971;282.69272;1155.7617;22.432327;-0.08498505;0.0795573;0.1885742;0.109016895;0.2548024;17.11335;409.225;1525.2736;-102.54667;7078.806;-65.096664;-122.41
2014-03-05;-0.9617818;-3.055664;-0.6841151;750.6351;0.8293431;249.742;100.0;0.3357879;282.45215;1191.7725;0.21938384;-0.2297759;0.06431341;0.17297268;0.10865927;0.6387997;0.19515306;1490.9636;5145.836;-1282.7028;5709.9146;-170.72667;-208.65
2014-03-06;-1.2616476;-2.9933574;-0.7783076;751.2437;0.9287022;238.46277;100.0;0.3352779;292.19727;1150.3906;0.014017832;-0.21870434;0.030651689;0.13893843;0.10828674;0.2978705;0.009223819;1689.7731;4980.199;-1178.58;5847.2476;-162.3;-205.86111
2014-03-07;-1.1751404;-2.754547;-0.51087445;752.35834;1.0589966;143.29161;100.0;0.33507502;302.7604;1109.5377;0.6850809;-0.27395225;0.06914139;0.1770705;0.10792166;0.63832474;0.0037774444;1797.42;4751.278;-1082.3411;5980.4165;-206.54222;-234.10889
2014-03-08;0.1796468;-4.9869485;-0.3195572;754.63434;1.0774719;54.984604;100.0;0.3318981;312.33365;1065.0228;0.0016570091;-0.3287457;0.63833594;0.7458925;0.10755658;5.578505;0.0007972121;2245.0864;5493.8823;-1414.7039;5683.8354;-245.08888;-222.47778
2014-03-09;0.4664205;-6.4225464;-0.44956717;753.5327;1.0876373;49.187847;100.0;0.3271496;321.7295;1019.2871;0.0017160355;-0.2330672;0.47782063;0.5850047;0.1071915;3.991548;0.0;2228.9854;5149.2344;-1560.3887;5435.239;-169.87889;-105.64111
2014-03-10;-0.43683878;-2.180247;-0.27416992;747.892;0.95131165;74.49756;100.0;0.32553637;331.27475;984.4971;23.957972;-0.13478287;3.25419;3.3613145;0.10712445;0.5441401;0.3659837;1119.9421;2483.7156;-405.74057;6785.345;-101.12222;-94.28528
2014-03-11;-1.5327555;-2.2479248;-0.07242966;745.6796;1.200461;213.95952;100.0;0.32244337;333.87534;967.1631;4.227266;-0.43784082;1.694478;1.8009841;0.10650605;8.116186;1.8876419;2041.8663;4707.57;-901.6839;6335.688;-334.6422;-385.98917
2014-03-12;-3.2064106;-5.765371;-0.3066813;739.435;0.70245695;172.25407;100.0;0.31973884;337.05957;949.58496;2.052009;-0.65360963;0.122472644;0.22867322;0.106193125;0.75577945;1.9852295;1787.9775;4147.594;-979.7789;6099.771;-504.05334;-376.7678
2014-03-13;-4.602926;-5.6575623;-0.60353726;741.7553;0.71087104;149.48055;100.0;0.32598075;326.4629;998.53516;7.3282213;-0.49795583;0.0;0.105917454;0.105917454;0.0;7.208556;1348.1816;3862.34;-786.1161;6205.3413;-383.8511;-470.23666
2014-03-14;-4.141337;-7.5667014;-0.9489772;746.00507;1.0216786;68.172424;100.0;0.3284131;327.18588;1005.3711;0.73138475;-0.67818815;0.0;0.10564923;0.10564178;0.0;0.60947984;1839.2528;5209.8525;-1207.6967;5709.03;-520.7194;-422.2689
2014-03-15;-3.2339783;-8.568532;-1.1766218;746.3423;0.9929285;68.19422;100.0;0.32835087;333.72818;985.51434;0.2696365;-0.64503866;0.0;0.10538101;0.10538846;0.0;0.042837113;2246.398;5833.9863;-1572.4722;5297.3867;-492.3089;-350.78
2014-03-16;-3.0396526;-5.9735794;-1.2962748;747.6137;1.7057099;236.1014;100.0;0.32905528;339.0023;971.5169;4.514563;-0.67032593;0.00037252903;0.10550022;0.10514259;0.0;3.9815493;2193.7227;5372.3843;-1144.7572;5813.463;-515.1189;-392.42334
2014-03-17;-3.4502563;-3.8858273;-1.0921046;747.5293;1.7331942;212.05406;100.0;0.35135642;309.70737;1133.016;32.24871;-0.35329348;0.03876537;0.143677;0.104919076;0.0;30.371696;513.5186;1945.4784;-21.243889;7031.7266;-274.41943;-390.84113
2014-03-18;-2.7073872;-3.1032307;-0.9465955;747.403;0.77639645;170.78331;100.0;0.38420567;279.10806;1375.2848;26.543533;-0.18522424;0.066548586;0.17125905;0.10471791;0.08061901;24.891428;443.12842;1818.6564;-233.68417;6873.932;-142.52722;-212.86667
2014-03-19;-2.682719;-5.162852;-1.0038439;749.1983;0.9599977;75.54251;100.0;0.39273465;280.7819;1400.9196;1.0876358;-0.3530821;0.022128224;0.12664497;0.104509294;0.13623387;0.3197901;1610.8986;5600.452;-1322.38;5604.4155;-264.03665;-291.24777
2014-03-20;-1.9170876;-5.225048;-1.364076;749.8228;0.90246993;111.26653;100.0;0.39298728;290.21323;1356.2418;0.0012099743;-0.3569098;0.0;0.10429323;0.10430068;0.0;0.0003501773;2111.1082;6392.422;-1698.1714;5131.5957;-264.31555;-249.27888
2014-03-21;-1.4924316;-6.910665;-1.1997299;749.0161;0.8997016;70.537056;100.0;0.3929244;299.7666;1313.0289;0.22853169;-0.32063293;0.013649464;0.117748976;0.10409206;0.09806827;0.0;2204.0972;6033.991;-1824.0303;5062.5244;-235.17056;-172.21777
2014-03-22;-1.4059652;-9.044342;-1.0762075;750.84454;1.0915003;35.103348;100.0;0.39272597;309.55014;1270.8334;0.00085838424;-0.4523378;0.015452504;0.1193434;0.103883445;0.11113472;0.0;2662.7322;6734.9385;-2118.591;4722.1123;-336.52112;-185.24
2014-03-23;-1.2183939;-8.447438;-0.75261563;751.3143;1.1305627;41.060345;100.0;0.39231625;320.3418;1226.9287;0.0004351138;-0.4553981;0.030696392;0.13437867;0.10368228;0.21772459;0.0;2858.0027;6771.683;-2136.1143;4743.7686;-338.85666;-173.98555
2014-03-24;-0.63027954;-8.514028;-0.5343959;751.02484;1.0955956;42.127;100.0;0.3902508;331.46646;1179.6469;0.0017317216;-0.468215;0.5182922;0.62178075;0.103488564;3.4779012;0.0;3041.6272;6860.824;-2162.5325;4767.8477;-348.11945;-165.90666
2014-03-25;0.07103475;-7.627136;-0.45822144;749.4712;0.92270046;125.03146;100.0;0.3858352;341.6494;1131.5918;0.0029742718;-0.6061811;0.7147044;0.81799924;0.10329485;4.6307592;0.0;3049.9456;6629.1704;-1917.5542;5108.128;-456.88443;-174.72778
2014-03-26;0.2114156;-5.6760154;-0.3924459;750.58136;0.9162232;130.69275;100.0;0.37998357;351.01074;1084.7982;0.0667572;-0.6113034;1.018405;1.1214912;0.103116035;6.164327;0.0;3177.2756;6713.7305;-1921.4719;5144.4443;-462.1422;-209.42111
2014-03-27;0.15947469;-4.894755;-0.35630798;750.1462;1.064252;115.33187;100.0;0.37343147;359.82095;1039.8356;0.043421984;-0.6725527;1.0533333;1.1563003;0.10295212;6.0799065;0.0;3057.3806;6322.4185;-1663.081;5434.8022;-511.49222;-221.79
2014-03-28;-0.14501953;-3.846629;-0.25892892;748.7857;1.1837773;184.96667;100.0;0.3662087;367.76627;997.762;1.0504127;-0.73801726;1.485534;1.5883595;0.10281801;7.367622;0.05182624;3066.7205;6236.7188;-1438.007;5760.6143;-563.32556;-241.44556
2014-03-29;-0.64597577;-1.8919474;-0.12658691;743.5405;1.5606872;201.8756;100.0;0.36220476;367.43588;985.14813;18.495028;-0.4983768;2.1561236;2.258852;0.102736056;7.6889505;13.69616;2260.91;5046.416;-703.3011;6571.4683;-379.70334;-341.53223
2014-03-30;-4.7001724;-5.657946;-0.17404175;732.9426;1.5652083;188.71881;100.0;0.40409744;305.25977;1321.9401;46.40648;-0.4722122;0.106841326;0.20959973;0.10275096;0.07176399;44.521065;587.11053;2457.98;-431.05585;6566.2744;-366.37445;-460.48666
2014-03-31;-8.675278;-13.384479;-2.1599743;738.9661;0.716549;149.53743;100.0;0.4206201;290.8229;1447.876;1.2323916;-0.7179817;0.0;0.102847815;0.102840364;0.0;1.2233145;1637.2711;6052.601;-1704.3722;4782.0347;-550.5311;-573.1644
2014-04-01;-5.808197;-10.534497;-6.057602;743.3857;1.011794;90.940094;100.0;0.4206355;295.37402;1425.5778;0.0;-0.37703848;0.0;0.102967024;0.102974474;0.0;0.0;2134.6277;7275.5635;-2050.1477;4322.7837;-280.82;-267.98
2014-04-02;-4.0946326;-12.227288;-7.1479936;742.94824;0.9890239;73.828705;100.0;0.4205003;299.30014;1406.25;0.0;-0.29552543;0.0;0.10313094;0.103116035;0.0;0.0;2208.0405;7362.247;-1880.8636;4522.3774;-214.02888;-153.9289
2014-04-03;-3.0381649;-8.413399;-6.3046203;745.0054;0.9755028;136.0168;100.0;0.42072967;302.94955;1390.0146;0.7351786;-0.27137995;0.0;0.10327995;0.10326505;0.0;0.15872344;2149.6716;7014.487;-1589.8883;4967.5;-196.7411;-134.95111
2014-04-04;-3.0413513;-4.9429727;-3.9293327;748.2229;1.0345153;180.17412;100.0;0.42307425;305.59995;1385.376;3.3091128;-0.26752055;0.0;0.10344386;0.10342151;0.0;1.973413;1837.2961;6038.5347;-1136.99;5705.589;-196.99667;-233.01334
2014-04-05;-1.3384501;-6.153464;-2.6805522;752.15186;1.0405238;144.6414;100.0;0.42419794;310.30142;1369.2627;0.026005507;-0.40943736;0.0;0.10357797;0.10356307;0.0;0.0010728836;2188.8372;7116.703;-1474.6313;5416.7886;-301.2;-216.63556
2014-04-06;0.4275004;-3.707227;-1.3562673;754.2281;1.0530529;170.95587;100.0;0.4238012;317.70117;1336.5885;0.015899368;-0.33397043;0.091701746;0.19541383;0.10370463;0.55092573;0.0111833215;2197.8933;6604.903;-1303.537;5716.265;-242.40889;-197.19444
2014-04-07;3.1478271;-3.8340886;-0.5128479;754.7034;0.78788334;163.82191;100.0;0.42204735;327.6888;1290.7715;0.029233227;-0.30535087;0.5107373;0.6145835;0.10384619;2.8705206;0.0;2562.963;6884.0996;-1474.6978;5684.452;-218.05556;-149.64
2014-04-08;1.9606934;-1.1965027;-0.14867909;749.8226;1.2093462;216.23671;100.0;0.41565347;335.57877;1240.9261;12.3770685;-0.34503266;4.2942166;4.441291;0.14707446;10.561764;2.6378074;2464.6707;6106.2183;-722.04553;6610.778;-253.6011;-181.62334
2014-04-09;-0.66018677;-3.1953533;-0.09001287;748.0158;1.2559493;215.2379;100.0;0.4082346;338.46744;1208.2926;2.344489;-0.7208958;2.2595973;2.4241805;0.16456097;7.9853387;0.18954277;2578.9072;6649.82;-1240.8717;5973.0557;-548.54114;-316.2089
2014-04-10;-1.4324036;-2.5033672;-0.1673495;749.4961;0.6529148;161.13846;100.0;0.4089061;337.2067;1213.3383;9.846198;-0.27431548;0.7163659;0.8216053;0.10523945;1.855433;7.370859;1239.2966;3481.7134;-627.5197;6552.7334;-208.14333;-230.58
2014-04-11;0.82765704;-3.9401245;-0.20995712;752.783;0.93917775;140.55492;100.0;0.40692544;339.39224;1201.3754;0.007253264;-0.50633585;1.6621947;1.8081516;0.14595687;7.3560996;0.00346452;2523.4666;7072.2705;-1559.1786;5544.3677;-375.87112;-274.83777
2014-04-12;3.2498474;-6.2761536;-0.35235468;753.5996;0.8391625;74.54773;100.0;0.40036395;347.1787;1155.5176;0.0;-0.37101096;1.3934523;1.5012026;0.1077503;6.080471;0.0;2963.2996;7565.86;-1762.6056;5370.012;-266.62167;-153.48222
2014-04-13;0.65009564;-2.0762227;-0.13816325;750.4515;0.78104734;184.89473;100.0;0.39694428;352.806;1126.5463;5.320275;-0.19138493;1.6851127;1.7944872;0.10937452;5.3744836;1.9234121;1285.4044;3250.8171;-316.48334;6970.8687;-142.3511;-120.34556
2014-04-14;1.6651815;-1.6737875;-0.08231735;750.5796;0.84014225;209.10352;100.0;0.386623;356.18555;1087.5651;0.31436086;-0.4114825;4.260063;4.452258;0.19219518;14.464583;0.004209578;2800.014;6762.437;-1235.1034;6073.283;-302.56668;-247.00111
2014-04-15;1.0419006;-0.15767415;-0.12357839;751.44;1.0223755;103.110146;100.0;0.3742005;361.58823;1037.15;1.6624928;-0.18632226;3.7388802;3.900677;0.16181171;12.112133;0.00014901161;2533.5417;5796.1455;-851.87915;6492.36;-132.05112;-225.68889
2014-04-16;1.0788473;-1.3982645;-0.12067541;753.47095;1.0557271;86.58614;100.0;0.36054668;366.1393;986.57227;0.59885424;-0.3177151;4.4069586;4.976243;0.5692765;14.247689;0.0;2494.7744;5479.365;-1069.9758;6179.67;-233.80333;-205.16777
2014-04-17;3.5006917;-1.1034851;-0.16862614;753.30414;0.9844722;74.680374;100.0;0.34637082;372.49545;931.9255;4.3614683;-0.28941035;5.540758;5.7052374;0.16447902;14.857728;0.0;3139.9355;6690.8545;-1088.7786;6261.5234;-205.4311;-144.27888
2014-04-18;4.5899253;1.0761414;-0.04920578;751.11566;1.017075;154.00954;100.0;0.3278803;376.47266;872.9655;5.892786;-0.19613373;10.292128;11.341214;1.049094;22.182705;0.0;2977.4988;6192.6733;-956.4558;6488.6455;-134.00333;-119.64
2014-04-19;3.9727173;-0.3010966;-0.16466014;754.1795;1.2163966;175.51875;100.0;0.3066734;380.62402;808.1868;0.039428473;-0.3598435;8.503347;9.904265;1.400888;21.280844;0.0042542815;3623.6267;7405.753;-1282.6017;6097.5957;-257.4239;-197.27556
2014-04-20;3.1820781;-0.5718384;-0.16824214;752.8955;0.97514695;192.36432;100.0;0.2884232;386.56674;748.20966;0.564903;-0.27918908;6.684482;7.745311;1.0608137;16.28169;0.0;2849.5532;5742.5527;-829.81915;6552.33;-200.4311;-125.93667
2014-04-21;2.85023;-0.3363851;-0.08794657;750.408;0.9568555;112.44409;100.0;0.2693226;390.88022;691.2842;4.2592583;-0.49036926;9.266973;9.838208;0.5712211;20.895525;0.25783664;3569.575;7119.8574;-1101.7284;6330.041;-361.80777;-256.63556
2014-04-22;3.065511;0.5132446;-0.13205974;750.40204;1.0453371;121.08137;100.0;0.25068247;394.09244;638.10223;3.0855389;-0.31487736;9.594202;11.129573;1.535371;20.525799;0.0;3148.0044;6303.3013;-1171.16;6168.227;-228.48111;-147.34778
2014-04-23;2.3136494;-1.8420614;-0.25206757;750.607;1.1319832;215.0738;100.0;0.23157597;398.79623;583.0892;0.38582087;-0.57278013;7.5433702;8.734107;1.1907294;18.966053;0.0011026859;3585.4756;7112.6025;-1370.1047;5957.048;-426.56888;-223.34555
2014-04-24;3.0438843;-2.8680317;-0.44059244;751.0701;1.1376344;159.9591;100.0;0.21292596;406.6338;526.001;0.0063827233;-0.5110893;7.2155743;7.807553;0.5919859;18.432684;0.0;4079.0205;8030.5063;-1863.1113;5378.8735;-375.06;-155.75555
2014-04-25;5.320282;0.17082722;-0.31088638;752.9013;1.1200551;199.1208;99.114174;0.19304223;415.54526;466.38998;0.24545789;-0.3357455;8.415312;9.608761;1.1934414;20.539482;0.0;3657.3984;7141.852;-1181.8419;6244.6636;-237.68777;-95.812225
2014-04-26;7.092794;2.601593;-0.17910512;751.11743;1.1695188;247.48567;96.86157;0.16964471;420.29037;405.27344;1.1574864;-0.31003264;11.099309;13.0229;1.9236058;25.405195;0.0;3422.7778;6566.5283;-1051.8867;6431.334;-215.205;-52.376667
2014-04-27;6.335907;1.8316956;-0.42312875;751.86066;1.26401;244.40515;95.23234;0.14754371;427.5521;345.98795;2.1111705;-0.47415587;8.734107;10.592312;1.8582046;20.41055;0.0;3577.4377;6782.408;-1259.6298;6131.3;-341.27667;-88.99111
2014-04-28;6.204254;1.0361837;-0.2816302;753.0064;1.0345962;266.5651;94.430664;0.12727387;436.03354;292.4398;0.90257823;-0.39962587;8.264348;9.435624;1.1712611;19.384636;0.0;3304.285;6218.746;-1105.3833;6350.365;-281.55777;-106.64333
2014-04-29;5.766154;0.50839233;-0.41335425;751.4998;1.5370013;246.8669;94.05265;0.107469;443.4808;242.47234;2.0383596;-0.5976558;9.543136;12.419492;2.8763561;20.713064;0.0;3523.41;6600.311;-1227.353;6164.8574;-434.91666;-86.293335
2014-04-30;5.8315635;-1.7202555;-0.81281406;751.1145;1.3278426;241.2499;93.875244;0.08666142;447.44595;193.68489;0.048738718;-0.8800281;7.6015444;9.798691;2.1971612;20.507362;0.0;4195.6685;7839.6846;-1741.2375;5601.245;-649.0278;-137.30333
2014-05-01;5.390096;-1.4879557;-1.2681516;751.00006;1.3895262;256.82056;93.79883;0.0655485;448.07812;146.28093;2.1669447;-0.7902225;9.16335;11.335939;2.1726117;20.569391;0.0;3865.1133;7189.648;-1515.2252;5792.9746;-581.88055;-102.751114
2014-05-02;5.2320457;-2.7843425;-1.6166826;750.7366;1.4964062;207.63234;88.44564;0.0450054;448.07812;100.992836;0.49293938;-0.8839341;7.6940207;10.28271;2.588704;19.38336;0.0;3834.074;7035.8423;-1473.3763;5818.249;-661.4678;-177.08667
2014-05-03;5.385366;-2.807017;-1.981102;749.90375;1.353748;199.48077;61.90031;0.027182937;448.07812;61.401367;1.3811469;-1.1682901;7.0914774;10.846496;3.7550182;15.874274;0.0;4539.4233;7351.582;-1698.052;5741.622;-834.7189;-446.41556
2014-05-04;5.9996133;-3.3458455;-1.7653528;752.0632;1.1597348;110.659996;33.954266;0.014862657;448.07812;33.569336;0.1770556;-1.7227763;3.355846;7.1652384;3.809385;9.939965;0.0;5248.175;7498.9067;-1947.3528;5765.906;-1202.13;-556.7256
2014-05-05;9.33846;-1.1013895;-0.98525363;754.45135;1.0763143;149.95415;16.554525;0.007188996;448.07812;16.316732;0.08851588;-2.5748043;1.9725933;6.1379523;4.1653514;6.2403603;0.0;5949.415;7917.707;-2064.1316;6087.439;-1789.5488;-520.98334
2014-05-06;10.662537;-0.5689087;-0.3495458;754.39276;0.9788637;136.75612;6.9115396;0.0029883385;448.07812;7.039388;0.09469986;-2.949166;0.8586943;5.1567106;4.298009;2.9202104;0.0;5578.1255;7152.3384;-1775.5706;6676.5024;-2049.0334;-557.99335
2014-05-07;11.077434;0.51814777;0.009938558;753.9073;0.961554;154.23695;2.5401204;0.0010933081;448.07812;2.726237;0.13037324;-3.040175;0.33314526;4.634529;4.301384;1.170896;0.0;5187.535;6545.7437;-1603.1298;7067.7007;-2112.0334;-661.0789
2014-05-08;11.012319;3.1069233;0.010279338;754.53217;1.1402794;85.72119;0.92789716;0.00040070215;448.07812;1.1800131;0.7319927;-2.5869153;0.2257824;4.503578;4.2778106;0.4046932;0.0;4358.8936;5474.046;-1327.493;7275.5757;-1797.0167;-639.3433
2014-05-09;8.446655;5.0863853;0.0062688193;754.36346;0.93106216;97.80529;0.35888672;0.00015596549;448.07812;0.28483072;16.581665;-1.7627273;4.844889;9.085089;4.2402;0.1263693;0.0;2882.781;3617.8494;-1037.2528;7298.88;-1224.4734;-511.45056
2014-05-10;8.486206;2.9710896;-0.27983347;752.3581;1.2759562;116.571594;0.15795898;6.826719e-05;437.4388;-7.345365e-21;1.2719572;-2.7560954;0.25057793;4.440278;4.189715;0.06486848;0.0;5128.181;6440.9224;-1966.5841;6412.945;-1914.5723;-997.9611
2014-05-11;8.873627;-1.059255;-0.746521;751.5969;1.0911671;114.344826;0.06282552;2.69413e-05;428.7562;-7.345365e-21;0.0;-3.6646547;0.0068843365;4.132777;4.1258783;0.028219074;0.0;6590.0933;8286.113;-2646.1294;5765.758;-2545.72;-1014.73334
2014-05-12;7.652893;-0.004892985;-0.3250338;751.8713;1.1607581;105.42324;0.024088541;1.0251999e-05;428.18262;-7.345365e-21;1.1450396;-2.9774456;0.19627064;4.247308;4.051052;0.009734184;0.0;5672.019;7140.9746;-2166.675;6183.529;-2068.3345;-1131.3878
2014-05-13;5.656321;2.4584758;-0.1834259;749.9651;0.79043484;92.16742;0.010986328;4.887581e-06;428.09375;-7.345365e-21;5.08972;-1.6970886;0.9332448;4.902825;3.969595;0.0031590462;0.0;3196.912;4030.0571;-1370.0873;6692.5283;-1178.9111;-676.45447
2014-05-14;4.746399;1.4820557;-0.29961267;748.78217;0.94720817;93.03675;0.005533854;2.5431316e-06;428.09375;-7.345365e-21;4.371792;-2.1977835;0.81917644;4.700452;3.8812683;0.0018551946;0.0;4603.963;5812.219;-1748.5706;6365.177;-1526.7278;-1134.8756
2014-05-15;6.2891846;1.6183981;-0.16038132;750.7409;1.054897;36.87734;0.0026855469;1.2318293e-06;428.09375;-7.345365e-21;2.0905435;-2.785219;0.3696829;4.1561723;3.7864745;0.0010058284;0.0;5199.1357;6573.121;-1818.0431;6509.4966;-1934.7988;-1078.8767
2014-05-16;8.580302;0.9359029;-0.09315745;752.9521;1.0823458;110.58683;0.00081380206;3.5762787e-07;428.09375;-7.345365e-21;0.14671087;-3.5067387;0.02193451;3.7087202;3.6868005;0.00044703484;0.0;6017.6177;7599.8823;-2187.311;6324.6587;-2436.0156;-975.1189
2014-05-17;9.18045;2.1242268;-0.061215717;754.01337;1.0867485;66.21472;0.0;-7.3453654e-25;428.09375;-7.345365e-21;2.330348;-3.2354388;0.39614737;3.9805918;3.5844445;0.00015646219;0.0;5562.8037;7017.799;-2038.52;6527.021;-2247.5522;-880.46
2014-05-18;9.749797;-1.970632;-3.2394664;752.67975;1.4318508;155.94716;0.0;-7.3453654e-25;276.07324;-7.345365e-21;0.04197422;-3.7805774;0.005170703;3.48635;3.4812093;5.2154064e-05;0.0;6227.517;7848.4453;-2432.2117;6038.4023;-2626.2412;-993.43665
2014-05-19;7.4981995;-3.947937;-4.346255;750.39496;1.4789282;151.31007;0.0;-7.3453654e-25;136.01788;-7.345365e-21;0.07434487;-3.5558362;0.008240342;3.3856332;3.3773928;2.2351742e-05;0.0;6542.062;8236.029;-2504.5217;5798.959;-2470.1223;-1365.1167
2014-05-20;5.4144187;-3.234141;-2.0241916;748.8655;1.2245482;129.82654;0.0;-7.3453654e-25;112.11619;-7.345365e-21;1.10057;-3.0736885;0.13503432;3.4100115;3.274992;7.4505806e-06;0.0;6181.4033;7773.282;-2336.3047;5864.2217;-2135.189;-1608.7211
2014-05-21;5.6748047;-2.089152;-0.21470897;750.83234;1.007087;113.117805;0.0;-7.3453654e-25;100.31248;-7.345365e-21;3.954882;-2.884535;0.55357814;3.7281513;3.1745658;0.0;0.0;5778.645;7259.24;-2057.688;6243.681;-2003.7911;-1413.8033
2014-05-22;5.3868003;1.6939799;0.010008494;752.49994;0.92757076;102.38058;0.0;-7.3453654e-25;99.99998;-7.345365e-21;6.4223084;-1.95543;0.87311864;3.9512367;3.0781255;0.0;0.0;3202.85;4018.87;-1203.3652;6824.3716;-1358.3722;-632.5233
2014-05-23;7.756887;3.7263896;0.010111491;753.12286;1.071355;96.84873;0.0;-7.3453654e-25;99.99998;-7.345365e-21;4.4788003;-2.8186738;0.6746799;3.6590843;2.9843972;0.0;0.0;5402.3633;6772.0767;-1896.0255;6555.76;-1958.0377;-1209.0222
2014-05-24;9.8073015;2.1379802;0.009974162;752.7214;1.3319;142.15959;0.0;-7.3453654e-25;99.99998;-7.345365e-21;0.5699098;-3.5113897;0.06814301;2.9598026;2.8916671;0.0;0.0;5856.2607;7333.188;-2031.2736;6583.6953;-2439.2456;-923.9211
2014-05-25;9.688832;1.0511881;0.010142009;752.18335;1.5047522;176.8282;0.0;-7.3453654e-25;99.99998;-7.345365e-21;0.15157461;-3.6875038;0.018119812;2.819389;2.801247;0.0;0.0;6448.3975;8066.156;-2345.255;6234.1494;-2561.5867;-1315.4656
2014-05-26;8.939351;-0.16762288;0.010084788;752.6306;1.1818844;167.12706;0.0;-7.3453654e-25;99.99998;-7.345365e-21;0.22842288;-3.3343575;0.025719404;2.739668;2.7139485;0.0;0.0;6132.1343;7662.4023;-2275.2083;6218.309;-2316.2673;-1310.4377
2014-05-27;9.084096;-0.17679851;0.010055542;750.65314;1.2192795;141.2011;0.0;-7.3453654e-25;99.99998;-7.345365e-21;2.6724787;-3.1453576;0.3445223;2.974838;2.6303008;0.0;0.0;6069.979;7576.7646;-2232.4387;6275.311;-2184.9756;-1401.8822
2014-05-28;7.9661155;1.5721537;0.0095329285;750.06006;1.1337258;266.37094;0.0;-7.3453654e-25;100.00259;-7.345365e-21;7.4036;-2.8658054;1.0303855;3.5806894;2.5503187;0.0;0.0;5587.7095;6967.1387;-1976.1705;6474.418;-1990.78;-1384.6244
2014-05-29;8.983215;3.1069336;0.010121663;752.92505;1.2616884;116.06603;0.0;-7.3453654e-25;99.99998;-7.345365e-21;0.42467117;-3.465265;0.047519803;2.5210679;2.4735332;0.0;0.0;6052.1665;7538.3364;-2141.49;6465.278;-2407.2034;-1188.4089
2014-05-30;11.42746;1.1583151;0.010096232;753.52704;1.1031961;138.27933;0.0;-7.3453654e-25;99.99998;-7.345365e-21;0.01643086;-3.884729;0.0018030405;2.4006367;2.3988187;0.0;0.0;6502.0977;8090.303;-2380.8584;6388.6924;-2698.5923;-985.38446
2014-05-31;13.495209;-0.211497;0.009966533;753.50073;1.1344981;164.51111;0.0;-7.3453654e-25;99.99998;-7.345365e-21;0.009125935;-4.0340023;0.00090897083;2.3273678;2.3264513;0.0;0.0;6568.4307;8164.2275;-2416.0283;6481.461;-2802.2878;-915.37445
2014-06-01;12.888011;-0.95221967;0.010139465;752.0876;1.3399968;126.200195;0.0;-7.3453654e-25;99.99998;-7.345365e-21;2.1826396;-3.567582;0.255391;2.512604;2.257198;0.0;0.0;5919.451;7349.9033;-2141.13;6671.037;-2478.281;-1065.6777
2014-06-02;10.823506;-1.440684;0.010065715;750.087;1.4514245;163.79216;0.0;-7.3453654e-25;99.99998;-7.345365e-21;2.034229;-3.1014569;0.21955371;2.411127;2.1915734;0.0;0.0;5558.4404;6894.3047;-2223.9773;6337.129;-2154.479;-1078.6877
2014-06-03;7.9771323;-0.62468463;0.009714763;749.72076;1.2192525;200.93932;0.0;-7.3453654e-25;99.99998;-7.345365e-21;0.05225812;-3.407307;0.004798174;2.1331758;2.12837;0.0;0.0;6712.074;8316.389;-2527.2622;6010.197;-2366.9421;-1612.3689
2014-06-04;9.326314;0.49727377;0.009976705;751.9626;1.059338;89.07956;0.0;-7.3453654e-25;99.99998;-7.345365e-21;0.22745228;-2.9513743;0.0205338;2.0879655;2.067432;0.0;0.0;5520.175;6832.23;-2063.905;6565.8594;-2050.2212;-1104.7722
2014-06-05;9.915425;4.225077;0.00989151;752.7203;0.92468745;108.01855;0.0;-7.3453654e-25;99.99998;-7.345365e-21;6.4941306;-2.5891736;0.7799566;2.7893186;2.0093694;0.0;0.0;5172.092;6394.6646;-2005.9545;6697.3867;-1798.6122;-1102.0189
2014-06-06;10.996399;0.050109863;0.009974162;749.66705;1.482833;169.22012;0.0;-7.3453654e-25;100.00779;-7.345365e-21;0.659734;-3.4820697;0.061243773;2.0150542;1.9538403;0.0;0.0;5806.6567;7171.809;-2175.7905;6472.2046;-2418.879;-1042.3378
2014-06-07;11.088359;-1.3917948;0.009993236;751.14087;1.2520567;167.47078;0.0;-7.3453654e-25;99.99998;-7.345365e-21;0.006824732;-3.706159;0.0006109476;1.9002259;1.8996149;0.0;0.0;6925.2915;8544.607;-2682.2417;6007.9043;-2574.5457;-1392.1934
2014-06-08;12.324585;-1.190389;0.009890239;752.3589;1.3042074;132.92209;0.0;-7.3453654e-25;99.99998;-7.345365e-21;0.100421906;-3.363517;0.008702278;1.8560588;1.8473417;0.0;0.0;6233.6357;7683.1543;-2418.7073;6356.839;-2336.5234;-1171.4222
2014-06-09;13.526326;-2.5269063;0.009712219;753.3144;1.3385352;244.53822;0.0;-7.3453654e-25;99.99998;-7.345365e-21;0.2875477;-3.4438064;0.024035573;1.8210858;1.7970576;0.0;0.0;6554.4087;8070.094;-2548.995;6324.7153;-2392.2979;-1257.3434
2014-06-10;14.89092;-3.3574116;0.0100034075;752.70874;1.2844628;142.00511;0.0;-7.3453654e-25;99.99998;-7.345365e-21;0.11070967;-3.6281626;0.00873208;1.7570406;1.7483085;0.0;0.0;6814.315;8381.293;-2658.0828;6403.99;-2520.3633;-1134.4255
2014-06-11;14.009746;-1.9603577;0.0101458235;748.9316;1.5092365;174.46808;0.0;-7.3453654e-25;99.99998;-7.345365e-21;0.93654096;-3.1563659;0.075683;1.7772317;1.7015189;0.0;0.0;6455.3096;7931.401;-2532.0344;6516.8013;-2192.6223;-1414.1455
2014-06-12;9.28772;1.4758707;0.009971619;745.72345;1.0742435;212.70695;0.0;-7.3453654e-25;99.99998;-7.345365e-21;3.3831298;-2.4660826;0.28929114;1.9462407;1.6569569;0.0;0.0;5950.3374;7303.318;-2218.855;6559.329;-1713.1045;-1832.2278
2014-06-13;8.131145;3.8383892;0.009857178;746.75055;1.1189184;127.86572;0.0;-7.3453654e-25;99.99998;-7.345365e-21;4.4716477;-2.4995077;0.3900975;2.00513;1.6150028;0.0;0.0;5309.3716;6509.758;-1962.4895;6669.8813;-1736.3256;-1507.29
2014-06-14;10.751271;1.2061971;0.010022481;751.0696;1.0123267;147.75966;0.0;-7.3453654e-25;99.99998;-7.345365e-21;0.18593669;-3.2547414;0.0145584345;1.5889108;1.5743524;0.0;0.0;6125.8643;7503.0566;-2252.1646;6571.458;-2260.96;-1376.1522
2014-06-15;12.007629;-0.18713379;0.010295868;752.96246;1.1670454;124.5306;0.0;-7.3453654e-25;99.99998;-7.345365e-21;0.0;-3.487844;0.0;1.5341789;1.5341713;0.0;0.0;6794.625;8313.529;-2648.6106;6327.58;-2422.889;-1362.8578
2014-06-16;12.8385515;-0.09789022;0.010031383;752.9733;0.8080978;85.16074;0.0;-7.3453654e-25;99.99998;-7.345365e-21;0.09331107;-3.1209123;0.006735325;1.5019476;1.4951974;0.0;0.0;6481.2017;7928.9834;-2617.8367;6479.3916;-2167.9934;-1269.7911
2014-06-17;13.628601;1.9651998;0.010214488;752.2022;1.0884852;55.731094;0.0;-7.3453654e-25;99.99998;-7.345365e-21;0.51778466;-2.9217265;0.036999583;1.4946163;1.4576092;0.0;0.0;6369.6465;7791.541;-2536.766;6676.738;-2029.6267;-1389.4967
2014-06-18;14.681315;3.8505452;0.010387421;751.86163;1.2431258;34.421566;0.0;-7.3453654e-25;99.99998;-7.345365e-21;0.10114836;-2.8443894;0.0070035458;1.4283359;1.4213473;0.0;0.0;6313.9043;7722.4453;-2418.7273;6954.0312;-1975.9022;-1430.1167
2014-06-19;16.216135;1.961497;0.010039012;750.6758;1.1231171;79.27276;0.0;-7.3453654e-25;99.99998;-7.345365e-21;0.0032633543;-2.9388833;0.00022351742;1.386255;1.386024;0.0;0.0;6795.355;8310.171;-2732.6145;6828.8145;-2041.5444;-1485.2089
2014-06-20;17.127615;-0.7007955;0.010032654;750.4204;1.41936;148.1602;0.0;-7.3453654e-25;99.99998;-7.345365e-21;0.015849676;-2.6335473;0.0009685755;1.3526827;1.3517215;0.0;0.0;6785.053;8296.48;-2881.525;6721.676;-1829.4377;-1633.9878
2014-06-21;16.92631;-4.424174;0.010017395;751.8311;1.282392;161.79416;0.0;-7.3453654e-25;99.99998;-7.345365e-21;0.00044107434;-2.3711455;2.9802322e-05;1.318574;1.3185515;0.0;0.0;7113.2847;8696.732;-3308.0625;6235.8433;-1647.1566;-1816.14
2014-06-22;15.686421;-5.533956;0.00999705;752.7906;1.3343854;153.02757;0.0;-7.3453654e-25;99.99998;-7.345365e-21;0.0;-2.0967555;0.0;1.2864769;1.2864769;0.0;0.0;7179.8037;8776.931;-3465.105;5979.8755;-1456.5466;-1946.2611
2014-06-23;15.229146;-4.5452576;0.009938558;752.48785;1.157047;107.24757;0.0;-7.3453654e-25;99.99998;-7.345365e-21;0.0;-2.005349;0.0;1.2554079;1.2554079;0.0;0.0;7153.0317;8743.048;-3395.3323;6127.22;-1393.0488;-1914.6644
2014-06-24;14.929189;1.473643;0.0100364685;751.29755;1.1109842;95.79664;0.0;-7.3453654e-25;99.99998;-7.345365e-21;0.16919076;-1.7498751;0.010684133;1.2360662;1.225397;0.0;0.0;6525.135;7974.44;-2858.2761;6768.6343;-1215.58;-1977.3489
2014-06-25;15.215393;2.1650085;0.009985606;750.28827;1.2292681;90.13861;0.0;-7.3453654e-25;99.99998;-7.345365e-21;0.5145967;-1.8238127;0.032648444;1.2291223;1.1964738;0.0;0.0;6588.6694;8051.12;-2870.6821;6786.1006;-1266.9423;-2062.4634
2014-06-26;15.87736;0.29059854;0.00995636;751.939;1.0248135;107.15619;0.0;-7.3453654e-25;99.99998;-7.345365e-21;0.100034475;-1.922179;0.006273389;1.1747181;1.1684523;0.0;0.0;6552.112;8005.411;-2977.1338;6744.3857;-1335.2733;-1794.1544
2014-06-27;17.240265;1.9448446;0.009966533;754.77856;1.0684079;81.844284;0.0;-7.3453654e-25;99.99998;-7.345365e-21;0.13222098;-1.8829293;0.008165836;1.1493564;1.1411905;0.0;0.0;6666.932;8144.6577;-2870.296;7090.515;-1308.0078;-1914.5823
2014-06-28;18.435303;1.4873352;0.009417216;754.812;1.2405623;92.58352;0.0;-7.3453654e-25;99.99998;-7.345365e-21;0.043827295;-1.806072;0.0026524067;1.1173487;1.1147037;0.0;0.0;6518.928;7962.8477;-2891.66;7124.3857;-1254.6178;-1892.8234
2014-06-29;18.436533;-1.3173727;0.010148366;753.44696;1.4811434;166.7543;0.0;-7.3453654e-25;99.99998;-7.345365e-21;0.017705468;-1.6452186;0.0010430813;1.0901839;1.0891333;0.0;0.0;6550.7344;8000.6465;-3087.689;6817.093;-1142.8789;-2021.97
2014-06-30;17.09307;-5.247355;0.010204315;754.18677;1.2465135;141.01729;0.0;-7.3453654e-25;99.99998;-7.345365e-21;0.0008556961;-1.662422;5.9604645e-05;1.0643601;1.0643154;0.0;0.0;7116.0225;8689.876;-3445.7595;6403.8457;-1154.8289;-2130.2588
2014-07-01;17.826395;0.5444946;0.009685516;755.28424;1.1097246;92.660805;0.0;-7.3453654e-25;99.99998;-7.345365e-21;0.0;-1.5970618;0.0;1.0401756;1.0401756;0.0;0.0;6941.515;8475.696;-3272.9272;6734.6953;-1109.4255;-2051.6646
2014-07-02;17.880768;4.337301;0.009833018;754.75946;1.3855343;46.673096;0.0;-7.3453654e-25;99.99998;-7.345365e-21;0.029261064;-1.4222916;0.001475215;1.0183156;1.0168403;0.0;0.0;6377.301;7785.7324;-2927.2495;7122.009;-988.01776;-1989.0922
2014-07-03;17.283823;6.8947244;0.010122935;752.33307;1.8609667;43.39276;0.0;-7.3453654e-25;99.99998;-7.345365e-21;0.04196465;-1.3633165;0.0020563602;0.99641085;0.9943545;0.0;0.0;6487.8906;7919.709;-2803.7695;7235.729;-947.0511;-2338.1567
2014-07-04;17.491568;6.2655234;0.009796143;749.88184;1.2103539;62.364048;0.0;-7.3453654e-25;99.99998;-7.345365e-21;0.30228907;-1.3802313;0.017374754;0.99000335;0.9726137;0.0;0.0;6250.043;7628.499;-2773.5718;7276.311;-958.8;-2099.2634
2014-07-05;18.11499;4.9248047;0.00997289;750.9383;1.2417517;105.08732;0.0;-7.3453654e-25;99.99998;-7.345365e-21;0.21919012;-1.3343655;0.012293458;0.963971;0.95167756;0.0;0.0;5647.678;6892.418;-2418.7212;7621.8506;-926.9389;-1887.8011
2014-07-06;18.139364;0.6826884;0.010116577;752.8383;1.4749442;138.73836;0.0;-7.3453654e-25;100.00519;-7.345365e-21;0.035598874;-1.3156086;0.002041459;0.93345344;0.931412;0.0;0.0;5831.3213;7115.62;-2615.0;7324.7837;-913.9089;-2108.12
2014-07-07;17.659475;-2.8271077;0.010047913;752.23114;1.4905553;141.96527;0.0;-7.3453654e-25;99.99998;-7.345365e-21;0.0008523463;-1.3859272;4.4703484e-05;0.91166794;0.9116307;0.0;0.0;6972.5537;8507.04;-3289.095;6607.6235;-962.75665;-2484.12
2014-07-08;16.466055;-2.4914753;0.00989151;750.27826;1.2288082;137.73213;0.0;-7.3453654e-25;99.99998;-7.345365e-21;0.0;-1.3255198;0.0;0.89228153;0.8922741;0.0;0.0;7024.0156;8568.718;-3337.661;6525.3345;-920.79443;-2414.4856
2014-07-09;16.47344;-0.5259094;0.0100695295;749.9773;1.3088504;141.8271;0.0;-7.3453654e-25;99.99998;-7.345365e-21;0.006645918;-1.146594;0.00035762787;0.8739531;0.8736029;0.0;0.0;6209.8047;7574.4355;-2874.8145;6954.9995;-796.5;-2290.9678
2014-07-10;17.11023;-2.27299;0.010157268;751.05316;1.1793075;144.7646;0.0;-7.3453654e-25;99.99998;-7.345365e-21;0.0;-1.2971945;0.0;0.85541606;0.85543096;0.0;0.0;6998.0474;8534.801;-3323.3406;6663.71;-901.11664;-2366.1133
2014-07-11;18.722147;-1.136088;0.009825389;753.0423;1.0100197;93.83615;0.0;-7.3453654e-25;99.99998;-7.345365e-21;0.00047683716;-1.3248194;2.9802322e-05;0.8376837;0.8376464;0.0;0.0;6799.3037;8291.356;-3258.1162;6951.0723;-920.3089;-2111.4312
2014-07-12;20.462576;0.518809;0.009867351;753.5474;1.2806901;101.62268;0.0;-7.3453654e-25;99.99998;-7.345365e-21;0.0027656555;-1.2829788;0.00012665987;0.82051754;0.8203909;0.0;0.0;6566.168;8006.0674;-3160.4988;7188.568;-891.24225;-2001.59
2014-07-13;20.63151;1.332367;0.010106404;751.36774;1.3894955;108.66428;0.0;-7.3453654e-25;99.99998;-7.345365e-21;0.006043911;-1.1998545;0.00031292439;0.80400705;0.8036941;0.0;0.0;6337.08;7725.7104;-3036.2134;7291.479;-833.4989;-2082.3066
2014-07-14;19.226847;-0.54700726;0.009871165;750.44257;1.3288428;109.57092;0.0;-7.3453654e-25;99.99998;-7.345365e-21;0.002590531;-1.2291651;0.00013411045;0.7876009;0.7874444;0.0;0.0;6851.766;8352.037;-3306.756;6942.7217;-853.86;-2347.3967
2014-07-15;19.46811;4.107605;0.009577434;751.6599;1.3770772;101.162224;0.0;-7.3453654e-25;99.99998;-7.345365e-21;0.0033188316;-1.1581537;0.00017881393;0.77179074;0.7716194;0.0;0.0;6532.059;7961.386;-3015.4421;7268.9043;-804.5311;-2315.4255
2014-07-16;20.31543;2.203715;0.009844462;752.93604;1.3777533;110.899864;0.0;-7.3453654e-25;100.00259;-7.345365e-21;0.0;-1.1991467;0.0;0.7562041;0.7562041;0.0;0.0;6808.818;8296.827;-3301.3816;7049.7896;-833.00775;-2304.5466
2014-07-17;21.300955;-0.9863383;0.009773254;752.62427;1.3639799;107.30469;0.0;-7.3453654e-25;99.99998;-7.345365e-21;0.0004351138;-1.2188144;2.2351742e-05;0.74125826;0.74122846;0.0;0.0;6945.251;8461.147;-3485.2532;6936.9116;-846.67;-2179.149
2014-07-18;21.070404;-5.3944397;0.009974162;751.2432;1.3332407;152.41553;0.0;-7.3453654e-25;99.99998;-7.345365e-21;0.0;-1.1773789;0.0;0.72672963;0.7267371;0.0;0.0;7123.46;8676.391;-3851.7573;6466.299;-817.88556;-2162.4578
2014-07-19;20.266897;-7.5806785;0.010209401;749.90497;1.3299533;147.9803;0.0;-7.3453654e-25;99.99998;-7.345365e-21;0.0008583069;-1.1294838;4.4703484e-05;0.71273744;0.71269274;0.0;0.0;7179.195;8742.338;-3943.0256;6241.582;-784.61554;-2143.6177
2014-07-20;18.947144;-2.0761108;0.009796143;748.6971;1.4972321;174.24931;0.0;-7.3453654e-25;99.99998;-7.345365e-21;0.000855791;-1.0646582;4.4703484e-05;0.6990433;0.699006;0.0;0.0;6968.4155;8483.765;-3528.196;6618.8613;-739.5811;-2403.109
2014-07-21;15.517192;1.9678955;0.009918213;748.87225;1.394719;175.49602;0.0;-7.3453654e-25;99.99998;-7.345365e-21;0.001709861;-0.79909897;8.940697e-05;0.68593025;0.68582594;0.0;0.0;5952.7153;7245.7773;-2802.4482;6917.701;-555.1067;-2505.5244
2014-07-22;15.378581;2.7246296;0.009822845;750.507;0.9238744;176.98631;0.0;-7.3453654e-25;99.99998;-7.345365e-21;0.019657612;-0.66494757;0.0010281801;0.67433715;0.67332387;0.0;0.0;4427.48;5387.685;-2205.4397;7468.9507;-461.91666;-1672.2578
2014-07-23;17.27471;1.5821329;0.010232289;752.06195;1.3661603;47.25035;0.0;-7.3453654e-25;99.99998;-7.345365e-21;0.0034570694;-0.84762275;0.00017881393;0.66129863;0.66112727;0.0;0.0;5446.4707;6626.5845;-2679.5317;7239.4277;-588.81445;-1891.0922
2014-07-24;19.44403;0.57337445;0.00975291;751.2679;1.2101454;72.917786;0.0;-7.3453654e-25;99.99998;-7.345365e-21;0.0017285338;-1.0828078;8.940697e-05;0.649035;0.6489381;0.0;0.0;6805.0884;8277.494;-3309.891;6971.01;-752.19;-2236.6921
2014-07-25;20.255127;0.68672687;0.009885152;750.71136;1.3044966;112.69937;0.0;-7.3453654e-25;99.99998;-7.345365e-21;0.0008578963;-1.0526254;4.4703484e-05;0.63695014;0.63690543;0.0;0.0;6767.1157;8229.435;-3232.2205;7156.14;-731.2244;-2347.9421
2014-07-26;20.07492;2.9521992;0.010054271;751.89606;1.4139725;162.58751;0.0;-7.3453654e-25;99.99998;-7.345365e-21;0.0004351138;-0.97831714;2.9802322e-05;0.6252527;0.6252453;0.0;0.0;6490.204;7890.8794;-3037.8616;7327.7686;-679.60443;-2430.0923
2014-07-27;17.93573;-1.6831564;0.010012309;753.2491;1.3597566;240.64095;0.0;-7.3453654e-25;99.99998;-7.345365e-21;0.0008583069;-0.93851984;4.4703484e-05;0.61397254;0.61392784;0.0;0.0;6844.7476;8320.16;-3400.015;6671.8813;-651.95776;-2650.9712
2014-07-28;17.440378;0.1406657;0.00983429;751.772;0.8046486;66.28898;0.0;-7.3453654e-25;99.99998;-7.345365e-21;0.0;-0.78350675;0.0;0.6030202;0.6030202;0.0;0.0;5275.3755;6410.938;-2712.0828;7275.8267;-544.2756;-1784.1866
2014-07-29;18.237955;2.2922363;0.009871165;751.2756;1.0774118;89.66437;0.0;-7.3453654e-25;99.99998;-7.345365e-21;0.06771088;-0.93659943;0.0034570694;0.59586763;0.59241056;0.0;0.0;6196.7095;7529.0845;-3033.4434;7177.4893;-650.62445;-2146.8777
2014-07-30;18.783203;1.5181885;0.009641011;751.1574;1.188104;84.04776;0.0;-7.3453654e-25;99.99998;-7.345365e-21;0.004091859;-0.96330416;0.00016391277;0.58209896;0.5819276;0.0;0.0;6377.5645;7747.097;-3139.1438;7115.648;-669.17444;-2227.6667
2014-07-31;19.552011;0.070749916;0.009944916;751.02045;1.2220435;112.123634;0.0;-7.3453654e-25;99.99998;-7.345365e-21;0.0021527994;-0.9677522;0.00010430813;0.57178736;0.57168305;0.0;0.0;6657.215;8084.988;-3275.2534;7035.86;-672.26447;-2344.6523
2014-08-01;20.007965;-0.45420328;0.010140737;751.5864;1.3339311;137.50677;0.0;-7.3453654e-25;99.99998;-7.345365e-21;0.0;-0.95675516;0.0;0.56168437;0.56168437;0.0;0.0;6679.996;8110.8135;-3327.9539;7025.406;-664.62555;-2336.8088
2014-08-02;20.45231;-0.722585;0.010112762;751.5195;1.3574685;140.89146;0.0;-7.3453654e-25;99.99998;-7.345365e-21;0.002759695;-0.92262775;0.00011920929;0.552088;0.5519688;0.0;0.0;6357.3916;7717.342;-3209.034;7164.939;-640.9189;-2184.7678
2014-08-03;19.508606;-0.3711141;0.010112762;749.89154;1.4536796;119.12076;0.0;-7.3453654e-25;99.99998;-7.345365e-21;0.001335144;-0.90403485;5.9604645e-05;0.5425513;0.5425066;0.0;0.0;6505.8726;7895.7725;-3210.5417;7090.839;-628.00336;-2405.2488
2014-08-04;18.163595;1.9997457;0.009986877;748.1706;1.2976004;129.08766;0.0;-7.3453654e-25;99.99998;-7.345365e-21;0.050008297;-0.82284397;0.0019669533;0.5352646;0.53329766;0.0;0.0;6038.224;7326.601;-2960.963;7176.2046;-571.6017;-2330.2588
2014-08-05;16.790934;1.7306315;0.009924571;747.7258;1.4538075;162.23845;0.0;-7.3453654e-25;99.99998;-7.345365e-21;0.0025721965;-0.8123135;0.00013411045;0.5245209;0.52438676;0.0;0.0;6594.6606;8000.104;-3106.2983;6909.7812;-564.2878;-2696.7112
2014-08-06;16.278452;2.929596;0.010012309;749.279;1.2775451;208.7132;0.0;-7.3453654e-25;99.99998;-7.345365e-21;2.9802322e-05;-0.6653089;0.0;0.515759;0.51576644;0.0;0.0;5484.1616;6651.5815;-2700.6638;7125.138;-462.1678;-2308.412
2014-08-07;17.558105;1.7764893;0.009980519;751.05206;1.150953;156.22572;0.0;-7.3453654e-25;99.99998;-7.345365e-21;0.0012915907;-0.84019077;7.4505806e-05;0.50736964;0.50729513;0.0;0.0;6493.2095;7873.5205;-3156.545;6935.3374;-583.6533;-2417.6978
2014-08-08;19.075134;-0.1839091;0.009854634;751.73975;1.2008535;136.7676;0.0;-7.3453654e-25;100.00519;-7.345365e-21;0.0008523463;-0.87730217;4.4703484e-05;0.49896538;0.49892068;0.0;0.0;6571.8843;7967.1533;-3329.0522;6923.539;-609.43225;-2293.9834
2014-08-09;19.866842;-1.0651449;0.009913127;751.2763;1.3746339;129.73187;0.0;-7.3453654e-25;99.99998;-7.345365e-21;0.0;-0.85733646;0.0;0.49076974;0.49076974;0.0;0.0;6577.01;7971.586;-3431.0923;6821.26;-595.56335;-2267.0588
2014-08-10;19.376455;-4.4898987;0.009797414;752.57715;1.3249117;148.97664;0.0;-7.3453654e-25;99.99998;-7.345365e-21;0.00085234636;-0.8299556;4.4703484e-05;0.48288703;0.48284233;0.0;0.0;6724.8174;8148.9165;-3710.6433;6413.0337;-576.54224;-2257.36
2014-08-11;18.828238;-5.747162;0.009915669;752.89667;1.2201015;106.55006;0.0;-7.3453654e-25;99.99998;-7.345365e-21;0.0;-0.8159485;0.0;0.47513843;0.47512352;0.0;0.0;6771.3745;8203.541;-3815.9744;6234.26;-566.8111;-2161.9812
2014-08-12;18.914572;-3.4564106;0.010266622;751.7922;1.2693455;112.560265;0.0;-7.3453654e-25;99.99998;-7.345365e-21;0.0;-0.80566853;0.0;0.46755373;0.4675612;0.0;0.0;6434.3643;7793.4443;-3361.7566;6769.3257;-559.6711;-2193.8923
2014-08-13;19.211649;1.192515;0.009483337;753.2991;1.158123;81.7837;0.0;-7.3453654e-25;99.99998;-7.345365e-21;0.0;-0.8094218;0.0;0.46011806;0.46013296;0.0;0.0;6279.64;7604.4204;-3129.355;7170.025;-562.2767;-2219.4678
2014-08-14;19.828176;3.3498333;0.009783427;755.95135;1.5237325;47.4841;0.0;-7.3453654e-25;99.99998;-7.345365e-21;0.0;-0.79435295;0.0;0.4528761;0.4528761;0.0;0.0;6360.992;7701.2266;-3256.6033;7064.012;-551.8111;-2229.3132
2014-08-15;20.502054;2.1858928;0.009629567;754.93774;1.2619866;66.761505;0.0;-7.3453654e-25;99.99998;-7.345365e-21;0.0004234077;-0.80799127;1.4901161e-05;0.44579804;0.44578314;0.0;0.0;6213.958;7521.605;-3215.5432;7192.4688;-561.2833;-2087.7312
2014-08-16;20.489328;-1.9301554;0.009830475;751.7954;1.3798071;88.2727;0.0;-7.3453654e-25;99.99998;-7.345365e-21;0.0004226655;-0.77874494;1.4901161e-05;0.4388839;0.438869;0.0;0.0;6089.118;7369.4746;-3212.8137;7144.128;-540.9689;-2052.0134
2014-08-17;20.360605;-1.7084757;0.010136922;752.38324;1.3560519;156.9398;0.0;-7.3453654e-25;99.99998;-7.345365e-21;0.0019669533;-0.7272828;5.9604645e-05;0.43225288;0.43216348;0.0;0.0;5824.3364;7048.2393;-3055.0188;7182.101;-505.22;-2104.0723
2014-08-18;19.669882;-3.5649822;0.009400685;754.52484;1.3824927;199.50697;0.0;-7.3453654e-25;99.99998;-7.345365e-21;0.0021383604;-0.7416066;0.00011920929;0.42572618;0.42562187;0.0;0.0;6293.933;7615.642;-3250.7512;6943.3135;-515.17;-2298.6943
2014-08-19;19.246073;-1.501475;0.00990804;757.711;1.5438462;131.33873;0.0;-7.3453654e-25;99.99998;-7.345365e-21;0.04986532;-0.65400267;0.0021755695;0.42146444;0.41929632;0.0;0.0;5379.2207;6508.0293;-2727.591;7351.83;-454.31277;-2022.4933
2014-08-20;19.164175;-1.4105936;0.010144551;757.6533;1.3774816;105.16019;0.0;-7.3453654e-25;99.99998;-7.345365e-21;0.1257031;-0.6773407;0.006094575;0.41925907;0.4131645;0.0;0.0;5335.648;6454.4907;-2822.2705;7174.0493;-470.52554;-1936.6122
2014-08-21;18.172922;-5.3808694;0.009953816;755.4035;1.277285;129.16338;0.0;-7.3453654e-25;99.99998;-7.345365e-21;0.0;-0.76367706;0.0;0.40708482;0.40709227;0.0;0.0;6222.4595;7526.258;-3332.8281;6689.875;-530.5011;-2210.0657
2014-08-22;16.90918;3.7259624;0.009920756;754.1267;1.2359378;72.99594;0.0;-7.3453654e-25;99.99998;-7.345365e-21;0.46650767;-0.631799;0.022530556;0.42375922;0.40121377;0.0;0.0;4571.421;5528.6445;-2380.4814;7441.9624;-438.89;-1650.5211
2014-08-23;18.280497;3.286031;0.010032654;754.0545;1.4601359;51.113956;0.0;-7.3453654e-25;99.99998;-7.345365e-21;0.12177229;-0.88209754;0.0045001507;0.40000677;0.39550662;0.0;0.0;5569.761;6735.2954;-2765.4275;7252.473;-612.76447;-1956.3411
2014-08-24;17.943695;2.435028;0.01022466;754.7138;1.2805133;59.11661;0.0;-7.3453654e-25;99.99998;-7.345365e-21;0.22691488;-0.7280838;0.009834766;0.39970875;0.38990378;0.0;0.0;5088.88;6152.9814;-2607.5935;7331.741;-505.77444;-1833.2467
2014-08-25;18.457693;1.4798279;0.010152181;756.2164;0.9187953;95.03637;0.0;-7.3453654e-25;99.99998;-7.345365e-21;0.019812584;-0.7773154;0.0008046627;0.38519502;0.38439035;0.0;0.0;5469.895;6612.9;-2790.417;7321.5317;-539.9756;-1854.2145
2014-08-26;18.645264;-1.0393372;0.00989151;756.261;0.9438693;130.19533;0.0;-7.3453654e-25;99.99998;-7.345365e-21;0.0026911492;-0.7089749;0.00013411045;0.37908554;0.37896633;0.0;0.0;5272.411;6373.558;-2927.8752;7159.827;-492.5011;-1660.6344
2014-08-27;19.31843;-2.591512;0.010279338;755.6294;1.1545807;98.604515;0.0;-7.3453654e-25;99.99998;-7.345365e-21;0.00042617318;-0.70564264;1.4901161e-05;0.37366152;0.37365407;0.0;0.0;5533.078;6687.7344;-2984.295;7173.796;-490.18668;-1794.0656
2014-08-28;19.824697;-4.073395;0.010058085;754.66016;1.2184688;102.343254;0.0;-7.3453654e-25;99.99998;-7.345365e-21;0.0026334792;-0.6959503;0.00011920929;0.36853552;0.36843866;0.0;0.0;5768.9985;6972.011;-3241.6907;6896.958;-483.45334;-1832.7034
2014-08-29;18.975882;-2.724233;0.00977834;754.1316;1.1993433;103.804504;0.0;-7.3453654e-25;99.99998;-7.345365e-21;0.01579523;-0.63516384;0.00062584877;0.36394596;0.363335;0.0;0.0;5480.0244;6622.069;-2970.9417;7046.9453;-441.22665;-1892.7378
2014-08-30;18.610727;-2.9672954;0.009928386;753.55914;1.3399134;122.193245;0.0;-7.3453654e-25;99.99998;-7.345365e-21;0.00085756293;-0.6344691;4.4703484e-05;0.35840273;0.35835803;0.0;0.0;5629.8105;6802.162;-3096.2517;6888.775;-440.74554;-1980.2866
2014-08-31;17.922922;-0.4802653;0.009821574;753.7126;1.159386;116.00058;0.0;-7.3453654e-25;99.99998;-7.345365e-21;0.0079751015;-0.6089313;0.00028312206;0.35375357;0.35348535;0.0;0.0;5319.6655;6426.645;-2895.8877;7044.0547;-423.00446;-1842.77
2014-09-01;18.210318;-0.97347003;0.010105133;752.90015;1.2786342;148.88606;0.0;-7.3453654e-25;99.99998;-7.345365e-21;0.0012848132;-0.6338889;5.9604645e-05;0.34876168;0.34868717;0.0;0.0;5744.2573;6938.755;-3088.5366;6888.579;-440.34113;-2038.3878
2014-09-02;18.190512;-5.2727256;0.01027298;753.4047;1.2560556;173.3498;0.0;-7.3453654e-25;99.99998;-7.345365e-21;0.0017081893;-0.625317;8.940697e-05;0.3440678;0.3439933;0.0;0.0;5871.003;7091.033;-3351.1912;6522.453;-434.38666;-1992.0078
2014-09-03;17.93038;-2.4941406;0.010139465;754.2923;1.2647151;175.92676;0.0;-7.3453654e-25;99.99998;-7.345365e-21;0.0021427867;-0.58536327;0.00010430813;0.33950806;0.33941865;0.0;0.0;5477.2266;6614.6523;-2977.735;6887.553;-406.63333;-1902.4978
2014-09-04;16.92628;-1.1216024;0.010022481;752.407;1.2704905;184.94562;0.0;-7.3453654e-25;99.99998;-7.345365e-21;0.0008545865;-0.5821698;4.4703484e-05;0.3349781;0.3349483;0.0;0.0;5680.594;6859.41;-3058.3684;6765.7427;-404.41446;-2137.422
2014-09-05;16.87858;-0.69819134;0.0099487305;750.47876;1.2320678;137.20558;0.0;-7.3453654e-25;99.99998;-7.345365e-21;0.0021398063;-0.5734079;0.00011920929;0.33065677;0.33053756;0.0;0.0;5416.3936;6539.4917;-2950.6577;6870.8867;-398.32666;-1918.9423
2014-09-06;16.237936;0.9796346;0.009844462;751.91876;1.0941136;122.56399;0.0;-7.3453654e-25;99.99998;-7.345365e-21;0.056077104;-0.5160682;0.0024735928;0.32873452;0.32627583;0.0;0.0;4859.263;5866.184;-2661.5437;7019.089;-358.49554;-1808.8611
2014-09-07;15.186462;-1.7980245;0.010008494;753.1221;1.1510473;210.40369;0.0;-7.3453654e-25;99.99998;-7.345365e-21;0.00043689186;-0.5515246;1.4901161e-05;0.3221184;0.3220886;0.0;0.0;5628.7256;6794.3467;-3119.9312;6439.1064;-383.12555;-2139.0923
2014-09-08;15.064403;-1.1781616;0.010064443;753.6762;1.1068016;171.27893;0.0;-7.3453654e-25;99.99998;-7.345365e-21;0.0;-0.54465795;0.0;0.31797588;0.31798333;0.0;0.0;5610.7417;6771.8604;-3186.7544;6348.579;-378.35666;-1999.0244
2014-09-09;14.698669;-0.070007324;0.009922028;753.0088;1.1449088;171.49092;0.0;-7.3453654e-25;99.99998;-7.345365e-21;0.0;-0.5213181;0.0;0.31393766;0.31396747;0.0;0.0;5567.5854;6718.971;-3137.7166;6346.3965;-362.14334;-2009.7
2014-09-10;14.940857;-0.6225993;0.009858449;753.3038;1.1268991;177.25092;0.0;-7.3453654e-25;99.99998;-7.345365e-21;0.00044107434;-0.5259607;1.4901161e-05;0.31003356;0.31000376;0.0;0.0;5484.0557;6617.3613;-3085.877;6434.766;-365.36777;-1958.1034
2014-09-11;15.383067;-5.241272;0.010064443;754.3623;1.091802;101.58556;0.0;-7.3453654e-25;99.99998;-7.345365e-21;0.0;-0.53339076;0.0;0.30614436;0.30612946;0.0;0.0;5580.585;6733.026;-3432.0947;6026.9937;-370.53;-1791.2533
2014-09-12;14.969086;-8.391377;0.009942372;753.892;1.2538401;99.63395;0.0;-7.3453654e-25;99.99998;-7.345365e-21;0.0004351138;-0.5171085;2.2351742e-05;0.30238926;0.30235946;0.0;0.0;5568.318;6717.411;-3463.0671;5871.6133;-359.21777;-1732.1877
2014-09-13;14.809733;-7.0853677;0.010227203;753.01855;1.0747023;155.90341;0.0;-7.3453654e-25;99.99998;-7.345365e-21;0.0012875062;-0.51525235;5.9604645e-05;0.29870868;0.29864907;0.0;0.0;5477.785;6607.3667;-3307.5186;6064.926;-357.9289;-1734.0734
2014-09-14;13.5807085;-2.8499959;0.009797414;752.282;1.174031;178.55788;0.0;-7.3453654e-25;99.99998;-7.345365e-21;0.0;-0.47387367;0.0;0.2950132;0.2950132;0.0;0.0;5326.5117;6424.158;-3045.6409;6244.92;-329.18332;-1916.0033
2014-09-15;13.426941;-3.0144348;0.009995778;752.1203;1.2258676;179.52051;0.0;-7.3453654e-25;99.99998;-7.345365e-21;0.0017202838;-0.4689526;8.940697e-05;0.29155612;0.2914667;0.0;0.0;5312.8506;6406.903;-3084.062;6172.3154;-325.76556;-1900.3767
2014-09-16;11.917979;-0.7807617;0.009951274;750.9419;1.1336803;133.46497;0.0;-7.3453654e-25;99.99998;-7.345365e-21;1.3683826;-0.61090106;0.071927905;0.35999715;0.28806925;0.0;0.0;4588.18;5528.1665;-2429.6646;6609.2935;-424.37222;-1835.7877
2014-09-17;12.096741;-0.35969034;0.009829204;752.01514;1.119765;173.81195;0.0;-7.3453654e-25;99.99998;-7.345365e-21;0.06686449;-0.7881932;0.0032037497;0.28796494;0.28475374;0.0;0.0;4730.1504;5694.291;-2551.8245;6504.193;-547.5322;-1695.8892
2014-09-18;12.567861;-1.0296732;0.010117848;754.36847;1.1711987;202.5598;0.0;-7.3453654e-25;99.99998;-7.345365e-21;0.0012934206;-0.6987471;5.9604645e-05;0.28151274;0.28144568;0.0;0.0;5145.4004;6188.787;-2817.78;6276.8667;-485.39667;-1815.6823
2014-09-19;12.430664;0.3022461;0.01008606;755.8376;1.2501584;151.65764;0.0;-7.3453654e-25;99.99998;-7.345365e-21;0.52552223;-0.6415881;0.025838614;0.3040582;0.27820468;0.0;0.0;4748.4307;5706.3555;-2517.2856;6557.7544;-445.6911;-1772.3925
2014-09-20;11.9523115;1.2169596;0.010027568;753.0019;1.3012003;201.0389;0.0;-7.3453654e-25;99.99998;-7.345365e-21;1.3928413;-0.7731449;0.068977475;0.3440976;0.27512014;0.0;0.0;4115.7534;4941.7856;-2176.8306;6692.4854;-537.0789;-1541.6022
2014-09-21;11.284749;-2.4476826;0.010066986;750.58344;1.3161176;186.16017;0.0;-7.3453654e-25;99.99998;-7.345365e-21;0.25699645;-0.8627567;0.011980534;0.28406084;0.2720952;0.0;0.0;4873.9395;5846.9565;-2698.5576;6122.36;-599.3289;-1765.4277
2014-09-22;10.00649;-4.359202;0.0101458235;751.32477;1.191949;195.22394;0.0;-7.3453654e-25;99.99998;-7.345365e-21;0.0030100336;-0.7778471;0.00013411045;0.26920438;0.26905537;0.0;0.0;5077.4194;6085.801;-2818.177;5922.433;-540.3444;-1736.2977
2014-09-23;10.133403;-1.6779379;0.009946187;752.5485;1.0936605;213.25616;0.0;-7.3453654e-25;99.99998;-7.345365e-21;0.019162893;-0.53932613;0.00090897083;0.2670288;0.26610494;0.0;0.0;3967.7493;4751.747;-2283.8638;6445.9653;-374.65222;-1434.6655
2014-09-24;11.2404375;2.221812;0.010304769;752.39703;1.6283706;239.86034;0.0;-7.3453654e-25;99.99998;-7.345365e-21;0.074866414;-0.45954436;0.003412366;0.26667118;0.26325136;0.0;0.0;3791.5952;4536.9004;-1747.0128;7147.3115;-319.23;-1521.1256
2014-09-25;9.974895;4.159617;0.010018666;750.5796;1.3693023;191.52763;0.0;-7.3453654e-25;99.99998;-7.345365e-21;1.8264588;-0.6708913;0.08505583;0.34555793;0.2605021;0.0;0.0;3432.9412;4104.0454;-1713.6616;7095.7476;-466.04556;-1455.7056
2014-09-26;9.448131;-2.225647;0.010116577;750.9047;1.1750637;199.58241;0.0;-7.3453654e-25;99.99998;-7.345365e-21;0.0012934485;-0.9679031;5.9604645e-05;0.2578497;0.2577752;0.0;0.0;4781.953;5711.718;-2648.7192;6041.3076;-672.37054;-1662.57
2014-09-27;10.422994;-4.5030823;0.010082245;753.4653;1.1887767;251.63397;0.0;-7.3453654e-25;99.99998;-7.345365e-21;0.0;-0.73128474;0.0;0.25500357;0.25500357;0.0;0.0;4851.5513;5789.9277;-2744.8997;5962.37;-507.9989;-1612.5477
2014-09-28;9.992085;1.7987467;0.010433197;753.8618;1.6276623;198.40973;0.0;-7.3453654e-25;99.99998;-7.345365e-21;7.4001193;-0.69253516;0.4568994;0.70920587;0.25230646;0.0;0.0;4217.394;5028.8735;-1939.4911;6839.1265;-481.08112;-1645.5845
2014-09-29;8.956553;2.990794;0.010299683;753.34644;1.2157627;151.59592;0.0;-7.3453654e-25;99.99998;-7.345365e-21;7.818153;-2.1260717;0.54205954;0.7918179;0.24975836;0.0;0.0;3885.7595;4629.327;-1879.122;6577.774;-1476.91;-1015.0089
2014-09-30;7.660787;-0.3617045;0.0099983215;753.7051;1.0790077;211.26509;0.0;-7.3453654e-25;99.99998;-7.345365e-21;0.0004231929;-1.7518904;2.9802322e-05;0.24726987;0.24724752;0.0;0.0;4362.3125;5192.6045;-2280.9805;6003.3945;-1216.98;-1153.1022
2014-10-01;8.741516;0.7677307;0.009979248;754.87946;0.9134607;244.08171;0.0;-7.3453654e-25;99.99998;-7.345365e-21;0.0008362583;-1.63393;4.4703484e-05;0.24479628;0.24475157;0.0;0.0;4389.3584;5220.325;-2293.9138;6058.851;-1135.0366;-1084.6511
2014-10-02;9.039693;2.1061199;0.010093689;755.24713;1.0325817;176.1012;0.0;-7.3453654e-25;99.99998;-7.345365e-21;6.2453585;-1.3472857;0.4223585;0.6646961;0.24233013;0.0;0.0;3337.9233;3966.553;-1624.1163;6821.33;-935.9144;-722.7867
2014-10-03;8.063701;3.8143616;0.010172526;754.25244;1.1351458;60.602463;0.0;-7.3453654e-25;99.99998;-7.345365e-21;5.0496607;-1.8425733;0.38522482;0.6252527;0.240013;0.0;0.0;3541.4563;4204.141;-1656.461;6745.6826;-1279.9745;-809.2722
2014-10-04;7.730764;1.4986979;0.01041158;754.6599;0.9562101;173.22559;0.0;-7.3453654e-25;99.99998;-7.345365e-21;0.012144446;-1.5746206;0.0007003546;0.23841858;0.23772568;0.0;0.0;3336.246;3957.6692;-1703.5558;6618.0337;-1093.8367;-833.89886
2014-10-05;7.9597373;1.1627909;0.009606679;756.1882;1.0632759;204.59782;0.0;-7.3453654e-25;99.99998;-7.345365e-21;0.12002587;-1.6842558;0.0067949295;0.24226308;0.23543835;0.0;0.0;4104.534;4864.8423;-2085.9873;6186.346;-1169.9967;-1013.43
2014-10-06;8.355641;0.26759848;0.009740193;757.1287;1.0082917;190.16808;0.0;-7.3453654e-25;99.99998;-7.345365e-21;0.0140070915;-1.5008357;0.0008046627;0.23400784;0.23318827;0.0;0.0;3768.3042;4462.45;-2036.5762;6236.1055;-1042.58;-855.9789
2014-10-07;8.461131;-0.29044595;0.009830475;756.15436;1.0327396;128.8374;0.0;-7.3453654e-25;99.99998;-7.345365e-21;0.019031763;-1.5450884;0.00093877316;0.23189187;0.2309531;0.0;0.0;3870.7708;4579.731;-1954.5117;6419.15;-1073.3212;-799.06555
2014-10-08;7.5048013;2.606547;0.010181427;755.7142;1.0667132;69.76201;0.0;-7.3453654e-25;99.99998;-7.345365e-21;0.5013883;-1.2693769;0.027298927;0.25607646;0.22877753;0.0;0.0;3355.0417;3965.7344;-1726.1494;6648.8154;-881.79333;-907.95667
2014-10-09;6.2095437;0.08228556;0.009722392;755.5129;1.1176406;77.71517;0.0;-7.3453654e-25;99.99998;-7.345365e-21;0.7085383;-1.4684703;0.0384748;0.26509166;0.22663176;0.0;0.0;3861.9897;4561.473;-2009.8744;6216.1504;-1020.0978;-1005.2744
2014-10-10;7.2169495;-1.5785522;0.00976944;757.3228;1.0265039;134.55342;0.0;-7.3453654e-25;99.99998;-7.345365e-21;0.33964846;-1.4011338;0.01809001;0.2426207;0.2245307;0.0;0.0;3957.3032;4670.225;-2087.4656;6161.5435;-973.32056;-957.0122
2014-10-11;7.8688965;0.8401286;0.010026296;757.4717;0.82840586;94.83704;0.0;-7.3453654e-25;99.99998;-7.345365e-21;0.6657243;-1.1898614;0.03528595;0.25773048;0.22245198;0.0;0.0;3437.9238;4053.7927;-1882.6912;6454.926;-826.55664;-776.75555
2014-10-12;8.149628;2.1386108;0.009974162;756.3138;0.8995505;181.20471;0.0;-7.3453654e-25;99.99998;-7.345365e-21;1.4697254;-1.2414529;0.0937134;0.31411648;0.22042543;0.0;0.0;3708.6672;4369.286;-1855.2295;6554.032;-862.39557;-932.30554
2014-10-13;7.673472;1.932546;0.009742737;755.1135;0.83618754;256.81357;0.0;-7.3453654e-25;99.99998;-7.345365e-21;0.61377287;-1.2259502;0.032544136;0.25096536;0.21842867;0.0;0.0;3609.4382;4248.71;-1992.2361;6325.6865;-851.62665;-967.6055
2014-10-14;7.142222;0.03700765;0.009938558;755.11127;0.8523746;178.36125;0.0;-7.3453654e-25;99.99998;-7.345365e-21;0.45924702;-1.168415;0.023975968;0.24041533;0.21644682;0.0;0.0;3707.9233;4361.0596;-1932.9373;6352.8;-811.6589;-927.2133
2014-10-15;6.6202393;2.8515015;0.010089874;755.34033;0.8181792;189.53914;0.0;-7.3453654e-25;99.99998;-7.345365e-21;3.369391;-1.0872176;0.2054125;0.41994452;0.21453947;0.0;0.0;2981.1973;3503.4517;-1491.8691;6790.066;-755.25446;-838.4667
2014-10-16;5.881012;0.8855998;0.009864807;754.2172;0.8179516;200.37276;0.0;-7.3453654e-25;99.99998;-7.345365e-21;0.5926803;-1.3804165;0.031605363;0.24425983;0.21267682;0.0;0.0;3786.715;4448.5522;-1939.6194;6273.0835;-958.93;-1030.9233
2014-10-17;3.7218933;2.7162678;0.01000468;751.0254;0.78844833;210.33075;0.0;-7.3453654e-25;99.99998;-7.345365e-21;5.4809437;-0.92231107;0.35493076;0.5658269;0.21089613;0.0;0.0;1468.2744;1724.6945;-674.7758;7183.702;-640.6989;-541.85
2014-10-18;3.3734639;2.394043;0.010299683;749.20734;1.0501484;222.59442;0.096842445;1.4702479e-05;106.53579;-7.345365e-21;7.0132914;-0.91738904;0.4826486;0.6918907;0.2092272;0.009898096;0.02603978;1079.5978;1268.664;-333.6414;7468.2705;-637.2622;-398.61667
2014-10-19;2.7384846;2.2041118;0.010064443;746.35394;1.1944858;138.35338;3.2991536;0.00062497455;121.37595;3.8248699;38.244167;-0.79606193;3.3974648;3.605038;0.20757318;0.08160435;3.8028696;671.945;789.2756;-147.5875;7584.687;-552.9817;-370.84
2014-10-20;-0.003092448;-2.0948894;-0.19745255;747.15155;1.6329802;32.964287;91.20084;0.019589147;149.26463;128.37727;26.380724;-0.27068052;1.2186021;1.424551;0.2059415;1.9208528;18.174921;460.2261;1893.2644;-331.05222;6900.739;-205.29944;-49.036667
2014-10-21;0.7716675;-0.58048505;-0.34529623;749.6849;0.88231736;181.99345;98.48136;0.018949708;159.17445;120.23926;1.5068501;-0.09920914;0.93612075;1.1404604;0.20433217;5.900901;0.0023022294;661.9689;2160.4521;-131.45639;7130.8755;-70.99555;-92.29
2014-10-22;3.0519001;1.3276978;-0.46313477;754.1722;0.94708705;143.52193;77.01416;0.012778044;166.2132;77.63672;0.047403574;-0.3992412;0.8482635;1.0510385;0.202775;5.932419;0.008359551;1922.4944;4295.863;-1086.7097;6330.35;-277.25223;-231.72778
2014-10-23;3.851532;-0.82429;-2.799947;754.361;1.0190198;113.54614;46.718506;0.0076746545;168.041;46.14258;0.00067353237;-0.8785986;0.6443411;0.8455813;0.20124763;4.389288;0.00018626451;2536.9006;4081.7266;-1612.4833;5885.481;-610.72723;-285.66556
2014-10-24;3.0085957;-2.2817485;-4.433113;753.40155;1.0285205;185.11981;26.2535;0.004313787;168.45538;26.041666;0.00068843353;-1.2655547;0.40476024;0.6045401;0.19977242;2.747584;0.00025331974;3284.3245;4513.743;-1923.5455;5638.019;-879.6445;-563.98224
2014-10-25;3.481181;0.33823648;-3.6264446;752.5464;1.0318406;136.73178;13.647786;0.0022359688;168.64484;13.305664;0.0042346963;-1.276141;0.24434179;0.4426986;0.1983568;1.6733836;0.0012367964;3238.084;4095.875;-1608.9639;6107.8755;-886.2844;-662.1922
2014-10-26;3.8273518;0.24184163;-2.102824;753.9329;0.95489544;118.28513;6.653239;0.001090765;168.76625;6.632487;0.7078886;-1.4054756;0.18849969;0.38552284;0.1970008;0.827942;0.0;3189.7239;3869.2478;-1554.6583;6326.6465;-976.64557;-707.61334
2014-10-27;3.2526653;-0.208903;-3.7573967;755.7788;0.8206907;79.59617;3.3898113;0.0005573034;168.82387;3.133138;1.315251;-1.2766682;0.18957257;0.38529932;0.1957193;0.38605928;0.0;2725.6729;3245.709;-1554.9133;6167.4663;-886.7867;-531.63666
2014-10-28;2.6398926;-0.59727985;-3.96764;755.1018;0.9584763;58.477997;1.6981608;0.00027823448;168.85155;1.3834635;1.4160872;-1.3730572;0.20949543;0.40398538;0.1944825;0.22059679;0.0;3192.8354;3767.591;-1723.6672;6031.4707;-953.8089;-730.6678
2014-10-29;2.0985107;-2.035736;-4.134744;754.0268;1.0314504;59.522156;0.82023114;0.00013442834;168.79523;0.9765625;0.42691827;-1.3915831;0.056266785;0.24951994;0.19326061;0.10089949;0.00024214387;3094.476;3634.42;-1646.2067;6053.539;-966.7111;-698.39667
2014-10-30;1.3608297;-3.7108867;-4.8694863;752.43353;0.97179645;80.392044;0.40820312;6.671747e-05;168.2477;0.28483072;0.62729716;-1.3622744;0.06762147;0.25969744;0.19208342;0.04921481;0.00032037497;3187.5754;3735.1545;-1723.7067;5878.52;-946.3439;-765.0333
2014-10-31;1.6814066;-1.2165527;-2.2446644;748.4345;0.9667461;142.50877;2.5973308;0.00042521954;159.9811;2.6448567;5.60289;-1.1381311;0.4890114;0.6799698;0.19093603;0.08138642;1.5196204;2563.32;3000.3145;-1040.0033;6613.0366;-790.6422;-608.6778
2014-11-01;0.52641803;0.05731201;-0.28963217;746.4167;1.0168519;210.78206;10.677165;0.0016311804;149.78221;11.189778;4.8037434;-0.955794;0.43584406;0.62569976;0.18986315;0.687521;1.5093312;1497.3661;1826.7722;-407.33612;7168.999;-664.0789;-663.93
2014-11-02;-1.0784607;-2.2254028;-1.1533865;745.88965;1.6148576;207.29944;31.382975;0.005060991;149.1878;32.918293;12.435809;-1.0037348;0.33731014;0.5261302;0.18882751;0.7426962;9.732626;2115.7612;2781.8777;-858.88;6512.5996;-702.3889;-757.9522
2014-11-03;-2.5765584;-4.2666016;-2.725375;745.7498;1.132012;196.922;96.80216;0.016088963;150.43163;106.44531;4.7699122;-0.3382582;0.082314014;0.27011335;0.18779933;0.44573843;4.2563043;1066.6912;3532.1567;-961.8017;5898.9385;-255.85445;-177.37111
2014-11-04;-3.768809;-7.2882843;-4.311619;745.9045;0.8979636;131.88179;98.05851;0.017637849;149.49542;117.67578;7.219255;-0.40212646;0.10713935;0.2939403;0.1867935;0.74106085;7.055186;1220.3384;3762.6912;-1044.325;5670.458;-304.49554;-159.70778
2014-11-05;-6.2784142;-14.00468;-12.911377;752.46173;1.421751;24.37342;100.0;0.022813717;149.51952;152.87273;0.00044107434;-0.16189459;0.004068017;0.1898855;0.18582493;0.0401251;1.4901161e-05;1205.5488;4312.74;-1624.92;4207.6704;-118.49778;-5.5944443
2014-11-06;-4.853495;-16.073797;-12.207683;755.78033;1.4506007;20.86536;99.44515;0.022297064;152.97719;146.03679;0.0008523463;-0.19677542;0.09712577;0.28198957;0.1848638;0.7224772;0.0;1276.2933;4270.539;-1553.9939;4378.548;-143.51833;37.17889
2014-11-07;-3.14034;-15.890762;-11.1841;757.47705;1.4239413;22.701212;98.387856;0.02098163;154.1673;136.18977;0.0012874597;-0.21938793;0.21666288;0.40058792;0.18393248;1.5701632;0.0;1370.6089;4222.3823;-1564.8044;4500.3013;-159.62666;57.31111
2014-11-08;-1.8051351;-13.555417;-10.797141;757.8005;1.1479428;59.535366;96.871254;0.01896914;155.2848;122.273766;0.0017212005;-0.2097739;0.3053248;0.48834085;0.18300861;2.1648686;0.0;1465.755;4187.011;-1569.3561;4553.847;-151.355;44.215557
2014-11-09;-1.1538492;-10.045886;-10.198096;757.37787;1.0641919;61.525696;94.015785;0.016704002;158.34698;105.87565;0.0;-0.20290819;0.32825768;0.5103648;0.18212199;2.2865386;0.0;1562.5656;4118.007;-1616.48;4618.2217;-144.38777;18.984444
2014-11-10;-0.045583088;-11.40176;-9.730309;756.60724;1.0301632;55.924343;84.32064;0.013747294;160.22133;86.3444;0.0008523463;-0.27689898;0.48038363;0.66164136;0.18124282;3.2634287;0.0;1726.8545;4035.2656;-1625.7167;4733.1206;-196.04666;8.814445
2014-11-11;0.68467206;-10.399747;-7.7869287;754.7366;1.0125047;48.094807;65.0686;0.010358294;160.91469;64.575195;0.0773198;-0.504503;0.51513314;0.6955266;0.18039346;3.3885167;0.0;2021.3345;3777.6177;-1514.0078;5210.391;-354.6;-75.85667
2014-11-12;-0.46246338;-7.8231454;-8.390849;753.38336;1.0441805;48.092648;47.529053;0.0075984797;161.44823;46.99707;0.0007033347;-0.6323578;0.36107004;0.54064393;0.1795739;2.3539476;0.0;2383.4578;3783.6843;-1799.88;5022.059;-443.26;-210.60889
2014-11-13;-0.42077637;-9.105273;-9.0001;753.4004;0.8459917;190.17213;35.422443;0.0056862035;161.8203;35.19694;0.0;-0.68097377;0.23542345;0.41419268;0.17876923;1.5304797;0.0;2609.0383;3753.969;-1901.2578;4962.84;-478.90222;-298.58
2014-11-14;0.85554;-6.529236;-4.458763;755.10626;0.5573704;224.90857;26.496908;0.004256765;161.47426;26.489258;0.44077635;-0.5171867;0.2246648;0.40267408;0.17800927;1.4362149;0.40237606;2021.7733;2730.7957;-1062.5289;6149.421;-361.0939;-259.16223
2014-11-15;1.9336141;-4.4144187;-4.321672;754.6225;0.61973053;242.44592;24.613852;0.0037209194;152.13214;24.617514;0.78864694;-0.72235054;0.25072694;0.42799115;0.17727166;1.5640557;0.6751902;2243.0767;3027.9888;-1288.7622;6048.6406;-504.30554;-334.1411
2014-11-16;1.2676595;-4.1487937;-3.456412;751.94073;0.60048026;155.56427;21.265707;0.0033054352;148.47296;22.135416;6.8145423;-0.65662336;0.3246069;0.50115585;0.17654896;0.89402866;4.9236937;1896.4406;2432.4543;-995.55804;6328.18;-457.41724;-288.15445
2014-11-17;-1.0645243;-1.7143046;-0.96796674;750.9129;0.7109082;55.24541;75.799805;0.010933439;142.8434;76.049805;7.886339;-0.19992143;0.69597363;0.87185204;0.1758784;1.5194379;4.337389;656.3372;1568.419;-445.1839;6752.852;-141.72333;-134.77888
2014-11-18;-1.2941793;-4.6033425;-5.0365562;753.5467;0.83203864;74.44355;67.407555;0.010088523;151.10936;66.89453;0.0076323748;-0.4576519;0.34581125;0.5210489;0.1752302;2.1820087;0.0054612756;1516.6128;3061.29;-1141.4377;5822.9355;-321.8611;-224.29556
2014-11-19;-1.8549194;-5.6251016;-8.210637;755.6672;0.9722247;74.427284;53.299236;0.008004705;151.74281;52.937824;0.0023494358;-0.4734248;0.30872226;0.48330426;0.1745969;1.926152;0.00021606684;2053.0388;3500.05;-1570.8905;5191.069;-329.75665;-252.85222
2014-11-20;-0.3003235;-4.6513367;-7.6203628;754.2922;0.8935856;144.26921;41.191162;0.0061973333;152.20473;40.852863;0.051128864;-0.47662574;0.27900934;0.4529804;0.17397106;1.7154757;0.002272427;2227.2112;3402.0754;-1635.6466;5283.6743;-331.78333;-241.48334
2014-11-21;-0.18888347;-4.718567;-4.927568;750.4982;0.65742725;200.44984;36.96989;0.0057289996;149.37563;37.719727;7.575697;-0.55823755;0.31107664;0.48446655;0.17338246;1.1800752;6.1934814;2262.564;3205.889;-1287.2622;5823.1235;-390.39444;-284.6078
2014-11-22;-3.0392559;-3.7146504;-0.8284175;744.0236;0.7225813;190.96558;98.917885;0.030561805;131.40785;226.76595;28.779316;-0.18686987;0.08407235;0.25692582;0.17283857;0.015133992;26.762608;299.475;1195.3378;-276.12833;6771.918;-144.8339;-151.22
2014-11-23;-4.431742;-6.199117;-5.017431;745.97125;0.6889308;122.69418;100.0;0.040491503;150.88051;269.04297;0.22032274;-0.12807362;0.0;0.17231703;0.17230958;0.0;0.18596649;795.1961;2977.219;-859.24445;5782.01;-94.907776;-115.263336
2014-11-24;-6.55187;-8.713506;-7.3010917;747.2051;1.0112058;55.38791;100.0;0.040816505;153.97491;265.2181;0.5637747;-0.12067892;0.00064074993;0.17245114;0.17180294;0.0;0.49510598;754.4061;2690.7522;-790.3689;5648.2334;-89.92555;-97.416664
2014-11-25;-5.9967294;-8.891212;-9.293059;746.907;1.1867173;32.06386;100.0;0.041057188;156.05824;263.50912;0.029981136;-0.07306412;0.008285046;0.1795888;0.1713112;0.07190183;0.02912432;809.4311;2838.0112;-898.69275;5343.6865;-52.416668;-26.704445
2014-11-26;-5.116897;-6.486291;-4.752736;746.6532;0.9690921;114.39537;100.0;0.04257173;156.6345;271.18716;7.4721813;-0.14998671;0.009268522;0.18009543;0.17083436;0.036031008;7.1008725;557.62555;1889.0544;-221.25778;6493.812;-114.57;-130.22112
2014-11-27;-4.898519;-6.3155417;-4.1168976;746.4473;0.6151405;158.33537;100.0;0.06418327;147.5296;432.25098;18.278528;-0.11278875;0.0;0.17037988;0.17038733;0.0;18.163212;506.4511;2148.7678;-610.55554;6131.15;-85.01111;-125.48222
2014-11-28;-7.33498;-10.161243;-9.899358;749.5251;0.88675547;60.92847;100.0;0.068873726;152.45538;452.10776;0.047034025;-0.052632764;0.0;0.16993284;0.16993284;0.0;0.045746565;789.49664;3275.7378;-1144.6716;4973.6333;-36.087776;-56.303333
2014-11-29;-11.327881;-14.66895;-15.496587;750.00024;1.2126815;30.98771;100.0;0.06890126;155.09796;444.4987;0.0047683716;-0.012885779;0.0;0.16950071;0.16949326;0.0;0.0038668513;792.615;3205.6555;-986.72723;4654.923;-6.4355555;-11.552222
2014-11-30;-9.486558;-15.768552;-15.954316;748.8618;0.9204541;170.33707;100.0;0.06892979;157.14125;439.04623;0.014561415;-0.037537888;0.0;0.16906857;0.16906857;0.0;0.012416393;838.70557;3296.9255;-849.00336;4798.0854;-25.11111;1.6422222
2014-12-01;-5.655619;-7.051107;-8.59521;747.75446;0.9865381;244.135;100.0;0.070729695;157.305;449.09668;4.87504;0.0030454248;0.0;0.16865134;0.1686588;0.0;4.8695693;393.7389;1517.2211;29.15;6511.763;3.6522222;-37.262222
2014-12-02;-3.7452214;-4.605288;-3.5019176;749.9006;1.1818957;214.67863;100.0;0.0768592;156.85936;489.94955;3.8897932;-0.086962245;0.0;0.16824901;0.16824901;0.0;3.7449188;528.2683;2141.6812;-373.77167;6501.5576;-64.81;-96.26444
2014-12-03;-2.8624356;-3.5237591;-2.4274597;754.219;1.0154016;163.19583;100.0;0.07894659;162.31313;487.10123;1.0056049;-0.08936785;0.0;0.16784668;0.16784668;0.0;0.94370914;394.95612;1543.8978;-317.51443;6653.4434;-67.72444;-88.753334
2014-12-04;-3.347126;-6.4947853;-5.4475975;755.57764;1.0278285;36.429626;100.0;0.07921199;168.61098;470.7438;0.005811453;-0.07746648;0.0;0.16744435;0.1674518;0.0;0.0049471855;832.08167;2987.0854;-1160.6945;5377.338;-55.38222;-46.621113
2014-12-05;-3.0961914;-8.065753;-8.09988;752.96045;0.95453954;69.492676;100.0;0.07955265;172.82745;461.0189;0.42064786;-0.052033924;0.0;0.16707182;0.16704947;0.0;0.1142323;800.10944;2786.5044;-901.4606;5454.7134;-35.961113;4.5266666
2014-12-06;-4.586558;-6.6065164;-8.91761;754.3841;1.1506077;31.99642;100.0;0.07965505;176.51007;452.14844;0.0031590462;-0.010743737;0.0;0.16668439;0.16666204;0.0;0.0023655593;873.65;2962.8867;-883.4039;5394.6665;-4.37;-13.981112
2014-12-07;-3.4999797;-6.292877;-5.862461;755.82886;1.1381446;23.440836;100.0;0.07965938;180.66144;442.26074;0.011968613;-0.055640936;0.0035315752;0.16981363;0.16628951;0.033179298;0.006094575;752.56055;2485.6277;-781.3555;5841.3623;-39.243332;-33.88
2014-12-08;-3.4201152;-5.3128457;-4.861965;755.67303;1.0659922;55.118397;100.0;0.07988763;185.44952;432.1696;0.7275939;-0.024992973;0.041365623;0.20727515;0.16590953;0.26937574;0.051759183;695.5256;2227.4512;-693.3611;5969.9033;-16.305555;-23.626667
2014-12-09;-2.1967876;-5.8885093;-4.565399;755.0274;0.8086911;100.04716;100.0;0.07984483;190.16371;421.67154;0.06327629;-0.084841624;0.045597553;0.21111965;0.165537;0.33657625;0.06004423;842.89886;2577.5;-796.2439;5915.044;-61.633335;-45.98111
2014-12-10;-1.9518127;-3.2975872;-2.6161892;753.9548;0.46161976;127.17242;100.0;0.08468962;188.51561;450.35806;6.648841;-0.058810227;0.019691885;0.1848787;0.16517937;0.088455155;5.958937;372.32388;1233.7;-343.86777;6604.082;-44.505554;-49.79
2014-12-11;-4.1033225;-8.692172;-6.4163437;755.1179;1.1717132;27.314423;100.0;0.08651558;191.39842;454.3457;0.002938509;-0.09425264;0.0005066395;0.16532838;0.1648143;0.0044684857;0.0024959445;930.8089;3004.3179;-1384.2983;5003.5723;-68.503334;-36.447777
2014-12-12;-4.1819863;-12.893104;-11.10537;754.57916;1.1938752;99.05967;100.0;0.086515866;194.55597;447.02148;0.0021457926;-0.034226105;0.0;0.16444921;0.16446412;0.0;0.0;762.7244;2402.5178;-975.45056;5074.809;-23.394444;80.435555
2014-12-13;-1.7565206;-8.390432;-6.486483;752.5844;0.5854358;229.65332;100.0;0.09521612;188.38312;506.71387;24.203163;-0.025274232;0.04197657;0.20609796;0.16411394;0.018630177;22.34208;317.155;1011.54;60.3;6734.8794;-18.911112;11.931111
2014-12-14;-1.6856079;-2.676656;-1.6702805;752.2595;0.6131898;58.67455;100.0;0.1116029;180.14484;622.1517;1.616615;-0.04631467;0.018924475;0.18270314;0.16377866;0.119995326;1.0478199;356.30167;1449.1655;-408.50778;6594.9478;-34.035557;-43.581112
2014-12-15;-3.0660603;-5.0606894;-3.7812908;751.4461;0.75805706;42.92392;100.0;0.11216569;187.81932;599.56866;0.57433546;-0.0501303;0.0;0.16342103;0.16343594;0.0;0.49871206;640.5356;2314.7122;-946.0061;5744.7495;-35.491665;-43.904446
2014-12-16;-4.5424294;-7.586136;-6.344564;753.09076;0.87916535;54.933746;100.0;0.11264086;192.9466;586.1409;0.06123578;-0.05698763;0.0;0.16309321;0.16308576;0.0;0.043958426;726.1711;2563.1577;-911.7117;5576.9766;-40.354443;-40.21
2014-12-17;-5.9261208;-10.953261;-9.514676;754.66925;1.1329641;43.084515;100.0;0.11265278;197.12628;573.9339;0.0042528175;-0.05577691;0.0;0.16275048;0.16275048;0.0;0.0033900142;862.3333;2947.7844;-1273.3844;4847.567;-39.27;-9.606667
2014-12-18;-3.6185913;-12.536822;-11.233645;752.7221;0.79273635;210.06842;100.0;0.11265246;200.1266;564.9414;0.0017261627;-0.03895443;0.0;0.16242266;0.16242266;0.0;0.0;583.8322;1950.6967;-661.6789;5445.3994;-27.704445;52.344444
2014-12-19;-4.963684;-10.217118;-12.18061;751.0935;0.7254378;173.7671;100.0;0.112682104;202.79979;557.8206;0.212425;-0.029543415;0.0;0.16207993;0.16208738;0.0;0.2092421;897.67554;2935.4368;-971.3883;4978.2646;-19.79;23.967777
2014-12-20;-5.693563;-8.426974;-10.36062;749.30005;0.85031134;47.359165;100.0;0.11308471;204.78448;554.1992;0.29113293;-0.0007050112;0.0;0.161767;0.16175956;0.0;0.23562461;753.60944;2437.2722;-847.805;5315.4097;1.851111;6.982222
2014-12-21;-6.889351;-11.127711;-10.509869;747.645;0.9878917;184.02733;100.0;0.11322447;207.53351;547.52606;0.0077396636;-0.058019534;0.0;0.16143918;0.16143918;0.0;0.0056251884;915.6839;2905.9722;-1204.425;4862.94;-41.355556;-31.72
2014-12-22;-6.6232414;-8.945081;-11.813748;745.7944;0.95098907;252.94939;100.0;0.11347433;209.53383;542.80597;1.1106058;-0.0021122396;0.0;0.16111135;0.16111135;0.0;1.0660403;768.8333;2392.5488;-553.13446;5540.0146;0.48333332;4.7544446
2014-12-23;-6.037123;-6.976835;-6.960139;744.22516;0.65300137;207.4953;100.0;0.117260374;204.0348;575.8464;3.8491786;-0.045005232;0.0;0.16081333;0.16079843;0.0;3.836479;525.9928;1787.7389;-333.5128;6242.3394;-33.211113;-73.208885
2014-12-24;-7.3856683;-10.322541;-8.320359;751.2027;0.97712517;146.63728;100.0;0.118320465;205.6074;576.82294;0.010133733;-0.08729473;0.0;0.1604855;0.16047806;0.0;0.0075548887;871.07556;2954.6033;-1174.7622;5052.753;-64.05111;-67.56778
2014-12-25;-6.7952003;-12.571898;-11.726871;753.8409;1.1293617;52.704407;100.0;0.118319355;208.56737;568.84766;0.0053942194;-0.034354627;0.0;0.16015768;0.16015768;0.0;0.0015348196;927.6445;3077.5466;-1359.4366;4561.2256;-22.772223;37.53
2014-12-26;-5.8023224;-13.129849;-15.148026;752.7734;0.9449374;221.57794;100.0;0.11834371;210.74933;562.74414;0.0008583069;-0.009868294;0.0;0.15984476;0.15984476;0.0;0.0;978.2267;3176.4834;-1330.3728;4296.5903;-4.6555557;79.68445
2014-12-27;-5.5147934;-10.411511;-12.629451;750.58765;0.5952915;307.861;100.0;0.118691646;212.05922;560.262;1.5327334;-0.006267801;0.0;0.15953183;0.15953928;0.0;1.5069916;512.06445;1627.1589;-36.566113;6108.3906;-3.568889;28.237778
2014-12-28;-4.0645547;-4.9671187;-5.7340074;750.3217;0.95657325;164.32658;100.0;0.12162578;210.27179;579.63055;1.8907845;-0.039401464;0.0;0.15923381;0.15924126;0.0;1.8363073;501.81223;1688.5922;-349.795;6360.8154;-28.945555;-42.766666
2014-12-29;-5.7310233;-7.8038497;-6.673636;751.4029;1.0098146;127.87638;100.0;0.12203046;213.8496;571.8994;0.01772046;-0.08308422;0.0;0.15893579;0.15893579;0.0;0.016853213;867.4678;2881.912;-998.69946;5428.1504;-61.107777;-105.84333
2014-12-30;-6.2596536;-8.775041;-8.414565;749.70654;1.1368543;75.74839;100.0;0.12204162;217.23534;563.3545;0.019672513;-0.038562343;0.0;0.15862286;0.15862286;0.0;0.0179559;915.25555;2973.5566;-1140.8406;5138.0415;-26.085556;-39.895557
2014-12-31;-5.98379;-11.411958;-11.012736;750.2293;1.0033072;199.19841;100.0;0.12207266;219.95668;556.15234;0.0037312503;-0.042724423;0.0;0.15832484;0.15830994;0.0;0.0020042062;986.32275;3137.0632;-1352.5516;4634.599;-28.97;19.205555
2015-01-01;-7.7208714;-10.355008;-11.352406;750.3674;0.9365217;221.50902;100.0;0.122320496;221.8203;552.32745;0.713688;-0.011870638;0.0;0.15801191;0.15801936;0.0;0.65756965;703.3361;2192.3855;-510.41333;5645.0327;-6.908889;-8.62
2015-01-02;-5.15802;-6.571903;-7.1666856;749.37396;0.7758166;187.99115;100.0;0.12686332;212.92738;595.8659;4.813242;-0.027214177;0.0;0.15772879;0.15772134;0.0;4.6296268;565.8778;1945.4889;-367.8578;6194.747;-18.887777;-33.05111
2015-01-03;-5.755605;-7.10421;-5.6846886;746.3464;0.8726683;182.36658;100.0;0.12982328;211.78253;613.11847;6.900082;-0.09001605;0.0;0.15741587;0.15742332;0.0;6.80558;635.9044;2184.7778;-520.2117;6117.8877;-67.60445;-83.17778
2015-01-04;-6.831558;-7.85309;-5.9232025;743.5556;0.99335915;198.08931;100.0;0.13982022;197.26073;708.1706;6.8193007;-0.06413646;0.0;0.15711784;0.15711784;0.0;6.7866406;580.8;2325.139;-551.6878;6027.1465;-47.495556;-118.903336
2015-01-05;-6.4030433;-7.4161263;-5.921572;745.761;1.4020811;200.58575;100.0;0.14459924;195.75648;738.3626;7.7901187;-0.10411255;0.0;0.15681982;0.15682727;0.0;7.7801833;385.16446;1534.7877;-117.06111;6535.028;-79.85445;-144.94444
2015-01-06;-5.4838767;-6.545635;-5.230213;746.1751;1.2003611;184.58241;100.0;0.15450215;191.18748;807.251;10.392996;-0.07959176;0.0;0.1565367;0.1565367;0.0;10.383256;549.58276;2299.2043;-528.12445;6121.553;-59.04222;-91.82222
2015-01-07;-8.339265;-10.010085;-6.563852;739.27124;1.0571879;176.94106;100.0;0.17926149;172.81444;1033.1625;31.391819;-0.14599599;0.0;0.15625358;0.15624613;0.0;31.383581;445.5639;1942.7833;-360.8911;6141.2876;-112.33667;-190.75333
2015-01-08;-11.8405;-14.364166;-9.875773;739.7009;0.6824446;159.31235;100.0;0.20502543;152.90721;1338.7451;11.940312;-0.11855923;0.0;0.15595555;0.155963;0.0;11.930138;415.14667;1804.8411;-708.60223;5358.1846;-91.26889;-132.64667
2015-01-09;-13.910892;-18.820421;-13.761592;743.75385;0.74260074;89.37565;100.0;0.20977902;155.97166;1346.4762;1.1421472;-0.062281266;0.0;0.15567243;0.15567243;0.0;1.1358187;678.3322;2894.4177;-949.9072;4784.8193;-45.754444;-109.662224
2015-01-10;-14.870883;-18.066935;-17.14955;742.2456;0.82609445;160.51656;100.0;0.21024466;161.39386;1303.5889;0.85292524;-0.014947727;0.0;0.15537441;0.15538931;0.0;0.851158;648.5861;2696.1277;-604.29443;4926.817;-9.671111;-61.02889
2015-01-11;-13.422569;-17.270163;-16.749315;746.7247;0.7709384;179.35371;100.0;0.2109576;165.69301;1274.5768;0.07857382;-0.021323562;0.0;0.15510619;0.15510619;0.0;0.0776127;770.0211;3134.6746;-1103.4277;4381.2334;-13.992222;-53.54889
2015-01-12;-9.993201;-18.08533;-19.535612;752.1386;1.0693802;44.442806;100.0;0.21098208;170.1201;1241.333;0.0017106531;-0.0155661255;0.0;0.15480816;0.15481561;0.0;0.0;876.32446;3474.4543;-998.01056;4319.2007;-8.993333;70.64555
2015-01-13;-6.142424;-14.555084;-18.42852;754.5583;1.1873296;21.61267;100.0;0.21101308;174.15916;1213.0533;0.0021520427;0.0041294843;0.0;0.15452504;0.15453249;0.0;0.0;905.1972;3498.2622;-1021.54944;4445.4585;6.312222;123.73556
2015-01-14;-6.536072;-15.61274;-17.522293;753.97797;1.331692;7.9780097;100.0;0.21104796;178.34015;1184.7738;0.000857437;-0.00571087;0.0;0.15424192;0.15424937;0.0;0.0;816.9144;3079.301;-893.5405;4671.2876;-1.4688889;117.03667
2015-01-15;-6.3443084;-16.105227;-16.583496;749.1766;0.85715795;22.734726;100.0;0.21191025;181.8675;1165.4867;4.5140114;-0.036443584;0.0;0.1539588;0.15396625;0.0;4.3435097;964.2789;3546.9355;-653.8153;5055.9995;-24.522223;59.577778
2015-01-16;-8.925496;-10.664539;-12.130577;747.00287;0.73015016;93.450806;100.0;0.223978;175.46906;1275.35;11.75487;0.007186085;0.0;0.15367568;0.15368313;0.0;11.743486;391.175;1597.54;-260.37222;5875.3516;6.7633333;-34.956665
2015-01-17;-10.697453;-15.284606;-14.226689;748.21295;1.2503535;16.540598;100.0;0.2279123;178.79555;1276.652;0.014221668;-0.026281923;0.0;0.15339255;0.15340745;0.0;0.012457371;852.8711;3512.7678;-1329.2483;4296.7656;-16.552221;-5.9311113
2015-01-18;-12.035182;-16.931778;-17.007507;750.1816;1.5491476;13.6449995;100.0;0.22794576;183.86261;1241.2109;0.005233288;-0.011909753;0.0;0.15312433;0.15311688;0.0;0.003091991;889.1655;3561.0188;-1214.6566;4242.412;-5.7377777;23.216667
2015-01-19;-9.276386;-17.343027;-18.656965;750.5738;1.4717416;11.427304;100.0;0.22797744;187.8701;1214.7623;0.00042914826;-0.015929341;0.0;0.15284121;0.15284121;0.0;0.0;957.5722;3736.9233;-1226.7983;4132.0137;-8.671111;112.075554
2015-01-20;-7.844835;-16.88242;-18.062536;750.7072;1.3194758;7.5023003;100.0;0.22800083;191.53285;1192.1387;0.0021536734;-0.021954067;0.0;0.15255809;0.15255809;0.0;0.0;948.1655;3608.2266;-972.5294;4539.433;-13.263333;98.06
2015-01-21;-5.1787834;-15.668439;-16.940424;752.8452;0.92449164;150.47359;100.0;0.22802539;195.30011;1169.0674;0.0004351138;-0.02738554;0.0;0.15227497;0.15227497;0.0;0.0;991.56775;3680.8145;-922.8111;4718.3643;-17.304445;80.56778
2015-01-22;-6.776262;-15.26223;-16.097471;750.6802;0.89979416;170.24571;100.0;0.22804308;199.26625;1145.7113;0.0008523463;-0.022867694;0.0;0.15199184;0.1519993;0.0;0.0;1035.4395;3752.8123;-1205.0422;4404.219;-14.023334;47.09778
2015-01-23;-10.532638;-15.657987;-16.70836;751.73285;1.323356;17.129713;100.0;0.22807169;203.0091;1124.9594;0.00011920929;-0.011699274;0.0;0.15170872;0.15171617;0.0;0.00010803342;1077.914;3816.6177;-1285.2983;4252.4185;-5.24;36.987778
2015-01-24;-8.759125;-15.798439;-17.53051;752.25903;1.200607;112.80309;100.0;0.22810479;206.36847;1106.8522;1.4901161e-05;-0.014383346;0.0;0.1514405;0.15143305;0.0;1.4901161e-05;1130.5311;3912.2039;-1330.706;4137.279;-7.293889;68.566666
2015-01-25;-5.405188;-17.058893;-16.76747;753.6225;0.9867644;180.5497;100.0;0.22812574;209.55695;1089.8844;0.0008523463;-0.036910176;0.0;0.15115738;0.15115738;0.0;0.0;1075.6211;3638.9766;-1048.1206;4599.8433;-24.55889;85.05
2015-01-26;-4.4779053;-17.352903;-15.397067;751.2752;0.6368857;300.90775;100.0;0.2281305;212.92902;1072.7946;0.010371208;-0.06428361;0.0;0.15088916;0.15087426;0.0;0.009518117;1149.9839;3806.42;-964.56586;4817.5166;-45.017776;36.873333
2015-01-27;-4.784449;-9.177357;-12.692672;749.2505;0.72517246;106.46931;100.0;0.2282223;216.6953;1054.7689;0.074306;-0.009164214;0.0;0.15059114;0.15059859;0.0;0.07217005;1130.0239;3668.93;-1130.8606;4898.3833;-3.04;-1.0422223
2015-01-28;-7.170896;-8.907906;-12.154958;745.4427;0.7660434;240.01123;100.0;0.23406728;214.7298;1088.9486;19.183397;-0.00966154;0.0;0.15032291;0.15032291;0.0;18.970697;983.61835;3157.59;-435.8625;5767.1987;-4.101111;-54.38778
2015-01-29;-6.201387;-7.695646;-8.545037;745.08;0.83165145;189.31215;100.0;0.24845827;205.71645;1209.5947;0.6550398;-0.04236214;0.0;0.1500547;0.15004724;0.0;0.6455518;770.135;3190.1733;-648.2392;5743.35;-28.734444;-89.49333
2015-01-30;-7.9644814;-13.124107;-9.552466;745.5688;0.890605;167.64153;100.0;0.24895155;211.88084;1176.3102;1.443404;-0.101333484;0.0;0.14975667;0.14977157;0.0;1.4008284;927.86334;3745.0532;-941.9472;5258.871;-73.503334;-118.46667
2015-01-31;-6.3181114;-11.495595;-11.448601;749.3869;0.8432787;175.27214;100.0;0.2500026;216.31313;1157.0231;0.0009775162;-0.0394471;0.0;0.14948845;0.14948845;0.0;0.00010803342;1012.9511;4031.7222;-1291.7389;4627.507;-25.687778;-26.927778
2015-02-01;-4.418091;-9.208923;-12.297061;751.1496;0.9924781;100.31329;100.0;0.25003454;220.94691;1133.2601;0.0012843084;-0.009672716;0.0;0.14920533;0.14920533;0.0;0.0;1014.01447;3931.9834;-1142.33;4802.008;-2.6788888;16.44111
2015-02-02;-2.688731;-10.314469;-12.410167;750.4663;1.0254809;128.0657;100.0;0.25007996;225.19269;1111.6129;0.0012814989;-0.027541071;0.0;0.1489371;0.1489371;0.0;0.0;1104.4283;4177.1157;-1255.9595;4694.283;-15.741111;68.00667
2015-02-03;-2.728302;-12.78011;-12.111409;749.3;0.60059726;278.80075;100.0;0.25013408;229.17186;1092.8955;0.09410381;-0.046893954;0.0;0.14865398;0.14865398;0.0;0.074349344;812.3483;2991.7068;-633.44165;5461.548;-32.464443;22.883333
2015-02-04;-4.6646423;-7.7731223;-9.512654;747.5799;0.75439954;238.05168;100.0;0.25546005;229.2324;1114.2172;10.582432;-0.006245449;0.0;0.14838576;0.14838576;0.0;10.177467;693.39276;2595.9368;-350.55554;6055.419;-2.068889;-41.092224
2015-02-05;-5.7603645;-10.136779;-9.290993;750.79126;0.90089613;112.391846;100.0;0.26082194;229.87335;1136.1084;0.007948777;-0.06465148;0.0;0.14811754;0.14811754;0.0;0.005800277;1048.539;4195.6445;-1439.5594;4668.299;-44.065;-59.18
2015-02-06;-5.762858;-16.652977;-12.6468;751.12646;1.077564;68.91495;100.0;0.26082847;234.23663;1114.7054;0.0;-0.08546561;0.0;0.14781952;0.14783442;0.0;0.0;1149.8212;4482.5674;-1522.8717;4250.0977;-59.786667;28.14
2015-02-07;-3.3766277;-15.186975;-12.732337;746.92755;0.8494821;253.4604;100.0;0.26085648;237.69627;1098.8363;0.49342167;-0.08604955;0.0;0.1475513;0.1475513;0.0;0.48626214;1086.1194;4124.8037;-664.7461;5414.6187;-60.941113;2.63
2015-02-08;-4.3070374;-5.76708;-8.627086;741.1069;0.9655556;206.05507;100.0;0.2628996;239.78807;1097.2086;3.5551152;-0.021507964;0.0;0.14728308;0.14728308;0.0;3.2051654;684.1711;2577.9612;-173.94667;6416.465;-13.782222;-56.495556
2015-02-09;-5.2544556;-6.130005;-5.6771545;740.0876;1.1054412;202.79085;100.0;0.27800548;230.91371;1202.5146;32.928158;-0.09139348;0.0;0.14701486;0.14701486;0.0;32.38975;462.02057;1858.3334;-67.08444;6698.916;-69.46222;-149.56444
2015-02-10;-5.491842;-6.8762918;-5.0253882;740.989;0.7254997;183.45618;100.0;0.31085464;208.65038;1489.8682;13.250619;-0.10356866;0.0;0.14674664;0.14674664;0.0;13.130221;639.4861;2772.8167;-486.12277;6214.4165;-77.21222;-138.97333
2015-02-11;-5.249532;-6.76454;-5.101606;741.5455;0.51856047;145.4951;100.0;0.32422593;209.34764;1548.706;16.988836;-0.05878415;0.0;0.14649332;0.14647841;0.0;16.415323;499.00223;2161.4744;-514.5011;6143.4775;-43.124443;-80.933334
2015-02-12;-7.562181;-9.833813;-6.495159;743.7076;0.71459323;174.4822;100.0;0.3348265;211.79784;1582.6823;4.471483;-0.13079494;0.0;0.1462102;0.1462102;0.0;4.462462;766.75946;3294.1677;-767.145;5687.9097;-97.78555;-159.26222
2015-02-13;-7.7815375;-12.320747;-8.448907;746.26337;0.66715056;102.20178;100.0;0.3361629;220.06346;1530.07;0.21395087;-0.12667385;0.0;0.14594197;0.14594197;0.0;0.20470843;1096.9055;4597.3823;-1293.1036;4886.9824;-91.973335;-180.80444
2015-02-14;-8.707184;-11.985382;-10.5646925;746.0124;0.7850569;85.576385;100.0;0.3380588;224.55858;1506.7545;2.1505594;-0.065478496;0.0;0.14565885;0.1456663;0.0;2.1449327;1022.3111;4221.3813;-1122.0083;4917.2593;-45.672222;-132.20555
2015-02-15;-9.112785;-11.750645;-11.59866;746.2986;0.83473784;91.1775;100.0;0.3407382;226.72589;1504.1504;2.3628473;-0.045471825;0.0;0.14539063;0.14539808;0.0;2.3542604;1046.2716;4287.4243;-1075.0366;4919.0083;-30.458889;-121.07333
2015-02-16;-8.449726;-11.35036;-11.246562;744.7863;0.7965555;70.579704;100.0;0.34137666;231.60284;1475.708;0.3080994;-0.052272342;0.0;0.14512241;0.14512241;0.0;0.30371547;877.1017;3514.619;-549.2206;5633.133;-35.985554;-105.07667
2015-02-17;-6.7993712;-8.7109;-9.433734;745.25415;0.7646292;147.32375;100.0;0.3424501;236.44237;1449.8291;2.4772317;-0.060386956;0.0;0.14485419;0.14485419;0.0;2.458591;996.3128;3909.8367;-637.48334;5730.001;-42.372223;-126.753334
2015-02-18;-6.6456757;-8.205327;-7.903711;746.24994;0.83269364;103.51016;100.0;0.34615624;238.65688;1451.9857;2.5216508;-0.0905022;0.0;0.14458597;0.14459342;0.0;2.4658403;908.1878;3625.05;-762.6111;5665.834;-65.85667;-140.00667
2015-02-19;-7.4779677;-9.5445595;-8.23565;741.6351;0.86567855;79.81599;100.0;0.34819558;243.07909;1433.2682;4.386383;-0.10273233;0.0;0.14431775;0.14431775;0.0;4.325818;1047.7789;4111.9946;-732.63416;5683.8237;-74.575554;-180.39667
2015-02-20;-6.6006875;-8.848267;-7.458425;733.31793;0.8357609;104.96991;100.0;0.36170065;235.70636;1531.9824;26.210625;-0.05265698;0.0;0.14404953;0.14405698;0.0;26.165813;526.645;2195.8833;-378.61472;6109.187;-38.87;-80.35778
2015-02-21;-8.678645;-12.612805;-7.7505546;738.66376;0.8284106;69.35948;100.0;0.3881894;217.83331;1781.901;9.811664;-0.19359589;0.0;0.1437962;0.14378875;0.0;9.784922;919.2522;4005.4478;-1023.1472;5276.172;-145.6789;-219.16444
2015-02-22;-8.249862;-14.364369;-11.115468;747.5162;1.0692865;28.354958;100.0;0.38977432;224.60252;1737.8744;0.080513954;-0.08867495;0.0;0.14349818;0.14351308;0.0;0.07783994;1148.9122;4867.5015;-1374.9512;4560.731;-62.010555;-107.07111
2015-02-23;-7.1657805;-14.437648;-13.161136;751.5097;1.0694621;37.731014;100.0;0.38981625;230.88898;1690.2262;0.0;-0.07805508;0.0;0.14324486;0.14324486;0.0;0.0;1290.93;5322.441;-1540.3628;4225.094;-53.086666;-29.87889
2015-02-24;-5.4416823;-17.09355;-14.21814;749.18085;0.8891664;111.66372;100.0;0.38982126;235.97035;1654.0934;0.004371737;-0.10290556;0.0;0.14296174;0.14296919;0.0;0.0035390258;1317.0594;5285.3047;-1163.6267;4646.4155;-72.25;-3.4255555
2015-02-25;-5.334829;-8.977696;-11.0680275;747.5691;0.7209895;187.89479;100.0;0.39102697;239.98859;1631.1442;1.478529;-0.0440171;0.0;0.14269352;0.14268607;0.0;1.4733076;1007.9339;3997.9834;-490.3322;5830.845;-28.918888;-111.53111
2015-02-26;-4.3588586;-9.822209;-9.249713;751.79083;1.1085293;25.709143;100.0;0.39133728;245.88312;1593.7906;0.0034195255;-0.095356256;0.0;0.1424104;0.14241785;0.0;0.0017024577;1352.2206;5235.0615;-1251.3817;5047.9307;-65.10445;-92.23
2015-02-27;-1.590388;-9.403466;-9.950112;753.712;1.3281215;21.107077;100.0;0.39136168;251.72264;1556.4371;0.0025719728;-0.08462649;0.0;0.14212728;0.14212728;0.0;0.0;1459.0745;5508.121;-1574.5411;4575.1235;-56.646667;20.673334
2015-02-28;-1.616633;-12.383269;-10.341664;749.21857;0.8334188;249.20091;100.0;0.3914121;256.81674;1526.123;0.26567075;-0.13523921;0.0;0.14185905;0.14185905;0.0;0.23461878;1524.585;5616.182;-1318.2764;4882.435;-95.98444;-20.295555
2015-03-01;-4.161306;-6.6453476;-8.473655;746.38934;0.86431575;161.2202;100.0;0.39164984;261.77213;1497.8842;0.05391911;-0.121613964;0.0;0.14157593;0.14157593;0.0;0.046536326;1357.9255;4906.648;-1084.2145;5338.792;-87.414444;-128.62334
2015-03-02;-5.2947135;-6.9158936;-7.589386;745.38257;0.85579234;146.23618;100.0;0.39234054;266.43457;1474.0397;1.9114494;-0.11283066;0.0;0.14132261;0.14130771;0.0;1.7867237;1080.1444;3837.922;-476.38055;6126.5557;-82.82222;-137.12527
2015-03-03;-4.36615;-5.3517404;-5.200451;745.8733;0.89275795;202.4353;100.0;0.39531425;269.5127;1467.9362;3.1273246;-0.15203841;0.0;0.14105439;0.14104694;0.0;3.000684;1082.705;3953.6377;-566.37164;6238.945;-113.53555;-217.27777
2015-03-04;-4.772166;-6.1036515;-4.156344;744.84283;0.77146274;187.3913;100.0;0.3986287;272.69043;1462.1176;7.0896683;-0.23134053;0.0;0.14075637;0.14077127;0.0;7.010497;1215.9373;4496.273;-801.93555;6014.794;-174.17778;-259.41666
2015-03-05;-5.8119826;-11.000688;-5.154307;747.57666;1.1609632;165.91069;100.0;0.4055071;270.88345;1498.1283;1.7196953;-0.2617836;0.0;0.14050305;0.1404956;0.0;1.6862899;1279.0239;5103.8364;-1553.0728;4903.8433;-196.23334;-217.82333
2015-03-06;-4.386008;-16.42813;-9.168738;754.6579;1.0634664;73.72318;100.0;0.4058586;275.63248;1474.0397;0.0021418754;-0.17935783;0.0;0.14021993;0.14021993;0.0;0.0;1523.2367;5915.42;-1696.5516;4386.2515;-129.19888;-76.617775
2015-03-07;-0.5501912;-11.811959;-9.1273985;754.6573;0.9263548;121.678795;100.0;0.40582666;279.71225;1451.8229;0.0008479809;-0.15136041;0.0;0.1399368;0.13992935;0.0;0.0;1507.9928;5709.8677;-1217.6078;5145.3994;-106.70333;-32.22111
2015-03-08;-0.2142741;-9.747558;-8.021057;752.8679;0.74081063;237.14955;100.0;0.40580717;283.84634;1431.1117;0.0012853115;-0.1396127;0.0;0.13965368;0.13965368;0.0;0.0;1365.56;5047.431;-1167.86;5286.987;-99.15;-44.125557
2015-03-09;-1.7001343;-6.914917;-7.7011375;752.00226;0.957642;114.01023;100.0;0.405804;287.97104;1410.4818;0.00035762787;-0.108262524;0.0;0.13937056;0.13937056;0.0;0.00035762787;1647.6147;5946.5137;-1496.1191;4922.472;-74.08889;-102.17778
2015-03-10;-2.2537842;-8.744264;-7.6846595;755.3007;1.4287796;26.796577;100.0;0.40579852;291.9209;1391.276;0.0018954277;-0.16011484;0.0;0.13908744;0.13908744;0.0;0.0013932586;1679.9845;5915.1265;-1648.5283;4733.803;-113.685555;-72.57333
2015-03-11;0.33525595;-11.012897;-8.278069;754.83984;1.273053;31.305748;100.0;0.40578115;295.54037;1374.0641;0.019329786;-0.17209724;0.0;0.13880432;0.13879687;0.0;0.0;1820.9998;6257.37;-1685.2625;4663.3843;-121.79889;3.6188889
2015-03-12;0.8083191;-10.406532;-6.3648276;751.50024;1.0590858;135.41133;100.0;0.40647602;298.65234;1361.3688;5.6875973;-0.1905784;0.0;0.1385063;0.1385063;0.0;4.8932734;1457.1415;4888.7534;-762.9642;5981.16;-138.6189;-18.39
2015-03-13;-2.3585408;-5.243225;-3.880759;750.4011;1.0062364;135.79332;100.0;0.41540542;294.6543;1410.9293;3.4041107;-0.16060285;0.0;0.13823807;0.13824552;0.0;3.2253413;1065.7397;4078.1143;-1007.1742;5760.4136;-117.71445;-130.48889
2015-03-14;-1.3409729;-7.1309;-5.2146697;751.5879;0.9402049;65.731186;100.0;0.4158866;299.20834;1391.9678;0.008409704;-0.1641903;0.0;0.13795495;0.1379624;0.0;0.0064224005;1626.9717;6024.941;-1386.9005;5216.798;-116.32445;-136.27222
2015-03-15;-1.4834799;-5.71109;-4.6846366;750.2165;0.84991527;96.1213;100.0;0.4158471;304.00522;1370.3613;0.112342834;-0.15325658;0.01643598;0.15412271;0.13767183;0.16681477;0.0076778233;1613.9678;5756.3765;-1396.8583;5274.79;-108.632225;-149.01
2015-03-16;-4.493052;-5.6338906;-4.5680947;746.7171;0.7404391;176.15741;100.0;0.4220182;301.5804;1400.5533;11.686113;-0.13924763;0.0012367964;0.1386404;0.13741106;0.0;10.880075;854.3753;3098.6025;-493.74667;6271.4844;-104.94556;-179.49667
2015-03-17;-4.4881387;-5.6393027;-3.9013596;747.9033;0.9200213;134.15848;100.0;0.4339551;293.85123;1478.3121;10.995138;-0.20322296;0.0;0.13715029;0.13714284;0.0;10.684256;934.9683;3752.156;-594.9792;6222.807;-153.52888;-252.1011
2015-03-18;-3.2517292;-9.664612;-4.3318787;750.2244;0.9361194;61.763042;100.0;0.43830666;295.20932;1488.1592;0.01605451;-0.30377042;0.0;0.13686717;0.13687462;0.0;0.012625009;1559.6842;6276.533;-1377.1942;5276.676;-224.65111;-285.02777
2015-03-19;-1.6453451;-9.731659;-5.6541953;748.45654;0.8944011;67.27269;100.0;0.43863857;299.89908;1465.6576;4.2907324;-0.22136328;0.0;0.13658404;0.13658404;0.0;3.6124327;1678.3525;6488.2954;-1332.2748;5252.5435;-159.32666;-155.73555
2015-03-20;-3.5172527;-4.303324;-3.9937427;743.57367;0.934289;174.05322;100.0;0.458848;286.54623;1601.6439;22.429401;-0.10812469;0.008821487;0.14513731;0.13631582;0.04182197;21.748257;699.6003;2953.0977;-369.18832;6535.388;-80.63111;-175.3689
2015-03-21;-4.7678933;-6.173153;-3.8652954;744.59076;0.9069543;184.7946;100.0;0.47183296;280.8379;1681.3558;13.235807;-0.20895898;0.0;0.1360476;0.13605505;0.0;12.753408;980.79443;4130.371;-640.6728;6151.0923;-157.52444;-271.49554
2015-03-22;-6.727773;-8.427531;-4.39284;740.8619;1.1103808;189.94432;100.0;0.4937671;268.13086;1842.9362;16.66246;-0.2948232;0.0;0.13577938;0.13578683;0.0;16.588907;1090.0684;4712.9473;-926.1767;5702.1465;-224.06223;-356.75665
2015-03-23;-5.1559043;-6.9365706;-5.416307;746.8274;1.0850788;235.33195;100.0;0.497919;272.35254;1832.1127;0.6981969;-0.19241962;0.0;0.13551116;0.13551116;0.0;0.6937161;1413.855;5922.3438;-831.5589;5881.06;-140.50444;-294.1411
2015-03-24;-4.065725;-5.9996743;-4.3749948;749.68854;0.9763476;144.82881;100.0;0.4992918;278.6621;1795.1254;1.6616464;-0.2773367;0.0;0.13524294;0.13524294;0.0;1.5971289;1205.4377;4905.574;-764.88025;6014.428;-208.56223;-261.04666
2015-03-25;-3.2936604;-5.801809;-3.847758;750.534;0.9008743;55.30041;100.0;0.50431377;281.99576;1790.1611;9.493336;-0.22514445;0.0;0.13497472;0.13496727;0.0;8.684419;1089.7123;4421.2;-620.52277;6257.761;-167.92056;-189.24583
2015-03-26;-2.1075032;-6.9615273;-3.635704;752.30743;1.4988765;29.289103;100.0;0.5098662;285.61392;1788.6963;0.16505122;-0.32276568;0.0;0.1346916;0.1346916;0.0;0.1431033;1434.42;5846.589;-1376.5067;5337.2373;-239.95444;-160.6811
2015-03-27;0.8210322;-10.2546015;-5.508657;754.07477;1.0234094;72.35912;100.0;0.50979775;292.40137;1746.8668;0.0030079118;-0.2281526;0.0;0.13440847;0.13440102;0.0;0.0;1800.3611;7020.1885;-1813.9194;4690.4854;-162.59056;-80.1175
2015-03-28;3.0759175;-12.251907;-5.4137588;752.8161;0.7406061;197.34142;100.0;0.50963765;298.2588;1712.4838;0.10886772;-0.25461334;0.021636486;0.15574694;0.13411045;0.21646172;8.940697e-05;1611.0662;6049.6685;-999.0464;5746.081;-184.46222;-71.01889
2015-03-29;1.1816915;-3.2437947;-2.388532;749.3161;0.61174446;155.60487;100.0;0.5135684;303.08496;1698.2422;12.180522;-0.12652668;0.27120113;0.40504336;0.13382733;0.71921945;3.1714215;1341.1934;5022.617;-598.8911;6482.305;-88.295555;-149.06721
2015-03-30;-1.1463217;-1.4929708;-0.09808222;743.21405;0.9201099;199.65324;100.0;0.53271186;302.9287;1760.2539;27.14653;-0.18452294;1.8330216;1.9665807;0.13356656;4.0905457;15.925918;843.61334;3224.0317;-237.18167;7022.1167;-138.69556;-253.5389
2015-03-31;-1.4230652;-1.9774374;-0.13629024;745.2222;1.0515757;194.89668;100.0;0.5378745;306.37827;1758.9926;4.1019797;-0.30308682;0.3604442;0.49376488;0.13330579;1.6364455;2.9025786;1213.3217;4218.1484;-489.42612;6743.9795;-229.42778;-328.94333
2015-04-01;0.1387736;-2.499298;-0.1413358;745.7188;0.7770241;230.72685;100.0;0.5345256;314.07324;1705.5258;0.07583271;-0.40268525;0.9704679;1.1035204;0.13304502;6.1512012;0.031434;2089.0723;6290.598;-1109.6387;6131.9;-298.64667;-259.09778
2015-04-02;-0.17910767;-2.1441956;-0.1580391;745.6086;1.3640016;175.5382;100.0;0.5293955;322.3561;1645.4672;1.751858;-0.45911223;0.95552206;1.0883063;0.13279915;4.3581834;0.020936131;2167.8228;5827.5083;-881.68085;6393.3013;-345.75888;-248.5411
2015-04-03;0.60928345;-1.3896586;-0.013126373;744.9654;1.2439497;213.65034;100.0;0.5212355;328.8392;1587.9313;1.2936175;-0.5269544;1.9990802;2.1443515;0.14527142;10.56822;0.21836907;2215.094;5533.5044;-649.9661;6717.132;-398.65555;-254.52222
2015-04-04;-0.29743448;-0.59413654;-0.006652832;744.063;0.95938987;213.93427;100.0;0.51603675;331.49414;1558.2275;14.396849;-0.19123685;3.2936633;3.4459233;0.15225261;7.4745936;5.842503;1136.9667;2818.3772;-135.73666;7201.7656;-144.61333;-229.69444
2015-04-05;1.188146;-2.7780392;-0.13341522;749.8469;0.83485395;169.24548;100.0;0.5099866;334.4912;1527.0996;0.026214123;-0.413239;2.163455;2.3318977;0.16843528;10.086961;0.023707747;2497.439;6746.45;-1560.0677;5593.901;-304.93832;-230.08778
2015-04-06;1.4665629;-3.8085022;-0.38416544;752.06354;1.0173428;85.25621;100.0;0.5026219;341.9271;1472.4121;0.0021904707;-0.39492083;1.2682527;1.4008433;0.13259053;5.9101267;0.0021979213;2949.3577;7329.9146;-1871.5978;5210.1665;-287.22055;-193.5075
2015-04-07;2.9774272;-3.7177532;-0.33321634;750.7526;0.9252452;185.70967;100.0;0.4949462;350.27832;1415.6088;0.009775162;-0.38244015;2.1693408;2.3246408;0.1553148;8.885067;0.0;3145.0593;7351.4956;-1809.1213;5341.2026;-276.84332;-144.57973
2015-04-08;2.7797039;-0.7029622;-0.21026357;751.5712;1.0523993;251.33092;100.0;0.48526618;357.71353;1358.8053;3.524842;-0.34893957;3.5705118;3.7235916;0.15308708;10.31371;0.0;2819.2327;6295.427;-1282.4105;5957.7427;-257.61557;-151.46333
2015-04-09;4.909922;-1.4082642;-0.0920105;750.43463;1.341849;162.52405;100.0;0.47168788;363.5648;1299.8047;4.111673;-0.43279117;5.846083;6.1443;0.29821694;17.363447;0.0;3218.5034;6943.314;-1233.9922;6122.745;-317.55777;-74.84889
2015-04-10;2.4068806;1.1772156;0.0016784668;746.83624;1.0772787;180.75188;100.0;0.45781147;367.8148;1246.3379;27.529985;-0.08603372;13.066769;14.226466;1.1596978;13.114654;0.14068186;1461.8794;3065.7827;-114.905;7307.8413;-59.398888;-73.57111
2015-04-11;-0.65755206;-1.5067037;-0.0501798;745.9041;0.57169217;198.33722;100.0;0.45941028;355.70474;1290.8936;19.280464;-0.1691822;3.7616193;3.9966702;0.23505837;5.0450826;11.7935505;920.50446;2859.8562;-473.4989;6742.6963;-126.60555;-161.17
2015-04-12;-1.1789856;-6.003469;-0.14493306;745.47784;1.0032291;175.40936;100.0;0.461208;352.24448;1309.5703;8.710681;-0.7343385;0.9096414;1.0691732;0.15953183;3.0624568;7.96577;2291.3762;6910.4272;-1218.4412;5964.6577;-555.8933;-330.26056
2015-04-13;-4.5829673;-5.8233643;-0.49908957;745.7085;1.170324;207.38054;100.0;0.4777055;329.59277;1448.0795;18.203888;-0.5224999;0.0;0.17187;0.17186254;0.0;18.06596;1031.6178;3863.9116;-610.8;6365.629;-402.34668;-491.73
2015-04-14;-3.9197998;-5.7462463;-0.91951114;748.5765;0.92263126;214.55489;100.0;0.4865625;323.36362;1505.7373;2.6764185;-0.6055627;0.0;0.18374622;0.18374622;0.0;2.5122426;1848.7411;6533.41;-1134.4833;5851.3633;-460.44778;-519.7889
2015-04-15;-2.133138;-6.263433;-0.94642764;750.6333;0.762966;109.61663;100.0;0.48714507;329.75162;1478.9225;0.01091063;-0.5393242;0.0166744;0.21156669;0.19491464;0.09009056;0.009994954;2515.0872;7661.6953;-1866.5533;5063.7124;-402.895;-361.2622
2015-04-16;0.35483804;-8.207997;-0.73424786;751.71027;0.9656188;75.719;100.0;0.48688507;339.00327;1437.9883;0.54759085;-0.4493529;0.054478645;0.25980175;0.2053231;0.1910124;0.0005662441;2715.6416;7379.6206;-1617.2091;5432.825;-327.73834;-194.91112
2015-04-17;0.2815857;-3.5281575;-0.24596913;753.5327;1.0280133;115.968285;100.0;0.48308185;347.71127;1391.1947;0.0939548;-0.404411;1.8503219;2.0653605;0.21505356;7.3971486;0.0076256692;2607.5906;6509.5527;-1481.6453;5642.4556;-298.75;-198.00111
2015-04-18;1.1800537;-3.3503215;-0.27407837;751.8205;1.0149246;193.0515;100.0;0.473838;354.7998;1337.5244;0.05430281;-0.5666772;2.9956996;3.230542;0.2348572;10.3975725;0.0014305115;3283.13;7694.7295;-1623.7725;5566.859;-420.39667;-310.2978
2015-04-19;1.6563314;-1.2103475;-0.22648875;750.19037;1.1754256;167.81004;100.0;0.46185115;361.76694;1278.6865;0.10471046;-0.5172379;4.177913;4.429355;0.2514571;12.590512;0.001065433;3317.889;7422.8203;-1406.3822;5847.7993;-383.83777;-244.67555
2015-04-20;1.098938;-2.1434937;-0.17536671;748.8386;1.5268084;236.30511;100.0;0.44924232;367.68326;1223.5514;1.2772828;-0.71162355;4.1353407;4.417613;0.28226525;11.891898;0.12027472;2940.4568;6354.561;-1062.0547;6179.915;-539.95776;-227.96
2015-04-21;2.438741;-1.8282369;-0.11116791;745.81476;1.5794054;205.61198;100.0;0.4385643;371.54623;1181.9662;2.4623752;-0.61747617;5.2904787;6.2331705;0.94269216;12.851566;0.101558864;2840.455;6266.6797;-1188.5411;6116.0435;-466.12222;-129.58333
2015-04-22;0.16078694;-3.3082886;-0.1728007;744.4637;1.4215177;211.60286;100.0;0.42824253;376.3226;1139.0787;2.7870536;-0.9063212;2.9952228;3.2981038;0.302881;8.672796;1.8541962;3169.3972;6774.457;-1362.7589;5828.149;-693.44666;-293.7011
2015-04-23;-2.0294902;-2.9536946;-0.16963322;744.6839;0.9758298;153.58919;100.0;0.4291415;366.23013;1170.695;16.224459;-0.34736097;2.7151406;3.0530095;0.33786893;5.993675;12.423441;1647.5577;4503.4756;-614.805;6585.126;-262.25778;-351.70557
2015-04-24;-4.4823813;-6.457316;-0.46242014;745.36993;1.1080077;173.49498;100.0;0.44573548;336.59048;1323.5677;15.901942;-0.6227326;0.049442053;0.4233122;0.37387758;0.1257807;15.149269;1554.8911;5904.7983;-1060.8676;5898.939;-475.4511;-522.5489
2015-04-25;-1.5002569;-6.8175187;-0.7089017;752.4585;0.95432824;85.60384;100.0;0.45006374;336.76953;1338.3383;0.013965367;-0.5671978;0.032275915;0.44074655;0.40845573;0.15243515;0.011339784;2353.7896;7794.075;-1577.9147;5397.496;-420.99667;-405.60666
2015-04-26;1.4419149;-7.2641196;-0.5541191;753.76874;0.96224254;97.990395;100.0;0.4490428;346.19824;1299.4385;0.00085234636;-0.4335083;0.42320788;0.86280704;0.4396066;1.6721673;0.0;2828.96;8113.532;-1938.5059;5081.1543;-313.0311;-193.98778
2015-04-27;2.2072449;-4.736847;-0.33548227;753.06647;1.0685875;100.34393;100.0;0.44463262;355.54004;1253.0518;0.051318612;-0.4628049;1.7728508;2.240345;0.46750158;6.609563;0.0;3139.4878;8141.5195;-1703.1011;5476.005;-336.53723;-189.48555
2015-04-28;3.0127666;-4.7190857;-0.2009341;754.2348;1.2359529;107.41946;100.0;0.43403438;362.72427;1199.0967;0.028818846;-0.51060224;3.945932;4.501313;0.5553961;12.875293;0.0;3313.3584;7990.1167;-1690.5608;5526.3765;-373.2022;-165.08556
2015-04-29;5.381083;-2.0982869;-0.22623698;754.78815;1.0200304;176.18904;100.0;0.41975167;369.48666;1138.7533;0.0017195934;-0.3634682;5.1995516;6.4142942;1.2147576;15.398678;0.0;3540.6755;8092.9854;-1640.7311;5636.6157;-257.15112;-128.41556
2015-04-30;6.938212;-2.4888813;-0.19192505;752.1975;1.5875496;193.2334;100.0;0.40238193;375.98666;1073.0795;0.01873374;-0.46684965;7.24791;8.757055;1.5091449;18.541876;0.0;3610.006;7925.3022;-1580.503;5768.48;-337.18;-4.658889
2015-05-01;6.2785745;-4.388601;-0.23134358;750.75616;1.1655113;245.55101;100.0;0.3845583;382.65298;1007.7718;0.0008583069;-0.5064262;6.5405664;7.8908057;1.3502538;16.970985;0.0;3926.6467;8361.461;-1933.7314;5322.5205;-368.19724;-77.136665
2015-05-02;3.8725586;-3.197876;-0.22257996;750.31354;1.2154237;252.42896;100.0;0.36802945;389.7998;946.73663;0.11074543;-0.63291657;6.0111136;7.1748943;1.1637807;15.798342;0.0;3845.604;7998.6255;-1707.8295;5566.8726;-470.34555;-125.72444
2015-05-03;4.0858665;-1.1926575;-0.21028392;750.3885;0.9798641;282.4487;100.0;0.35074687;396.6953;886.9222;0.0012816454;-0.4882347;6.838739;7.9711676;1.1324286;18.057573;0.0;3923.7957;8015.573;-1689.4333;5602.7876;-357.1678;-167.40778
2015-05-04;2.811076;-0.042215984;-0.12476349;749.11035;0.8740739;167.3821;100.0;0.33696333;402.8623;838.62305;9.207624;-0.118762255;6.8499446;8.115515;1.265563;11.881955;0.0;1982.9495;3996.8433;-634.0467;6682.6265;-82.57111;-79.46555
2015-05-05;3.1231487;0.7170512;-0.098986305;746.9995;1.0257467;101.751305;100.0;0.32026497;406.6328;790.52734;1.0199696;-0.19720197;10.045558;12.829006;2.783455;21.816074;0.0;3157.716;6295.579;-1198.0581;6181.094;-136.22556;-153.40555
2015-05-06;1.8316752;-0.18794759;-0.14449184;746.79913;1.3059897;156.94371;100.0;0.30083528;411.63834;733.76465;10.979826;-0.43386036;11.755049;14.836296;3.0812473;18.488462;0.013586134;3342.28;6604.2354;-949.41223;6471.9233;-320.27222;-218.41777
2015-05-07;2.6386108;-2.8463848;-0.16492589;747.5993;1.0988944;148.19803;100.0;0.2813277;416.11816;678.9958;0.8218467;-0.6866073;8.947908;11.880339;2.9324367;21.058998;0.0018551946;3931.5144;7731.2266;-1588.1636;5714.052;-513.11;-241.23222
2015-05-08;5.546824;-0.8039754;-0.2975591;749.3116;1.1777401;162.90063;100.0;0.26042143;423.36133;618.2048;0.0017195934;-0.40497816;8.898199;12.149498;3.2513068;21.452095;0.0;4120.5127;8055.0166;-1657.1956;5707.426;-290.09332;-115.35
2015-05-09;6.248118;-1.5271912;-0.24338405;748.3022;1.2119453;127.78545;100.0;0.23823106;431.1517;555.33856;0.49810112;-0.4292298;9.293929;13.899952;4.6060233;21.827866;0.0;3803.585;7403.8887;-1352.5739;6060.2485;-310.3611;-87.00222
2015-05-10;4.947581;0.0610555;-0.20391083;747.82574;1.0919968;209.0223;100.0;0.2167474;437.25357;498.04688;3.265667;-0.3284067;9.2761965;14.937282;5.6610703;21.141157;0.0;3427.2966;6646.9824;-1028.4922;6363.6816;-236.52;-132.52556
2015-05-11;5.7060447;1.8243103;-0.16714351;750.19434;1.0641619;231.10188;99.413086;0.19421487;441.44824;442.13867;3.1409864;-0.2741581;11.856064;19.140556;7.28447;25.636408;0.0;3497.9666;6758.0723;-1112.9047;6316.3354;-192.00055;-127.61889
2015-05-12;6.1909485;2.29953;-0.19173305;752.4096;1.1303864;233.89142;97.37069;0.17143536;446.58887;385.37598;9.933054;-0.26246533;13.203099;21.129906;7.926792;21.949276;0.0;3386.7866;6452.537;-905.1961;6571.579;-180.8689;-116.723335
2015-05-13;7.3830056;-0.60905963;-0.20423508;750.5346;1.9197785;230.03888;95.57755;0.14796996;449.68164;329.87466;0.3005594;-0.8091172;10.522425;21.691204;11.168777;24.588306;0.0;4011.966;7561.1494;-1404.7667;6055.829;-596.4711;36.265556
2015-05-14;5.0060325;0.23158772;-0.33361307;749.43353;1.0143992;224.21039;94.63419;0.12788892;450.0;284.74936;4.9902887;-0.33834016;8.591622;21.170734;12.579099;17.8056;0.0;3018.5012;5642.2373;-1013.3153;6366.4146;-237.7911;-138.20778
2015-05-15;3.1163738;1.310201;-0.37158075;752.6528;1.1876768;196.42177;94.19784;0.11024312;450.0;245.76823;5.6804;-0.2946481;9.420053;22.47949;13.05943;18.099747;0.0;2946.797;5491.8657;-998.8261;6346.239;-205.98555;-209.89555
2015-05-16;6.05187;-2.5123088;-0.53399783;755.48444;1.0258234;171.00008;92.30558;0.08927008;449.98633;199.34082;0.0036537647;-0.69473124;9.681254;22.959455;13.278209;23.106873;0.00039115548;4222.637;7835.2344;-1403.8286;6077.5347;-496.69333;-235.38667
2015-05-17;7.9769797;-0.42084756;-0.5860278;754.35406;1.1352788;122.54681;87.9838;0.06492726;449.98438;145.30437;1.9825995;-0.6454252;11.837021;25.019676;13.182662;24.459644;0.0;4227.102;7690.3364;-1373.4388;6143.9453;-450.59888;-158.09889
2015-05-18;9.793721;-2.470998;-0.78538007;754.24;1.0783106;101.468544;77.29037;0.04003811;449.98438;89.80306;0.00064074993;-0.8905018;10.834679;25.02644;14.191754;25.008783;0.0;4634.4233;8206.614;-1543.7178;6054.2524;-622.7378;-158.16556
2015-05-19;10.784892;-1.6429647;-0.7364133;754.0459;1.050432;92.21261;45.448895;0.019759735;449.98438;44.677734;0.035513002;-1.7506201;6.393552;19.341305;12.947745;16.595688;0.0;5175.856;7873.3364;-1597.0481;6320.995;-1217.8456;-295.4589
2015-05-20;10.77889;-0.03243001;-0.41916528;754.13055;1.1539445;98.91056;19.389078;0.008383711;449.98438;19.00228;0.016185641;-2.7102158;2.62931;14.69256;12.063243;8.188062;0.0;5728.0938;7778.789;-1809.1644;6478.2744;-1883.3572;-487.86
2015-05-21;11.12379;1.213562;-0.19519043;754.2587;1.0619575;111.4515;7.361328;0.0031722784;449.98438;7.120768;2.3227334;-3.0753818;1.5286803;12.525111;10.996446;3.3702664;0.0;5817.029;7521.02;-2052.449;6444.221;-2136.4812;-604.8367
2015-05-22;10.687541;1.4086405;-0.05058034;752.9687;1.1087264;68.342415;2.8725586;0.0012472868;449.98438;2.8076172;1.8075109;-2.418562;0.6772578;10.5398;9.862542;1.0883249;0.0;4256.537;5400.391;-1678.9556;6722.4297;-1680.105;-380.8922
2015-05-23;10.068156;0.9382019;-0.14126079;750.47955;1.627611;127.884026;1.1656901;0.0005025466;449.98438;1.3427734;0.38668215;-3.4834762;0.19486248;9.03292;8.838065;0.5248673;0.0;6092.7344;7671.3623;-2170.5222;6271.039;-2420.1433;-1032.7733
2015-05-24;8.099396;2.9000041;-0.17563121;752.14923;1.043765;253.06981;0.4403483;0.00019013882;449.98438;0.40690103;2.6993692;-2.7951598;0.54338574;8.499265;7.955879;0.19145384;0.0;5445.8877;6830.85;-1892.5392;6530.261;-1941.7056;-1150.3711
2015-05-25;7.6710916;3.994629;0.00667572;752.91486;1.231696;148.31328;0.16479492;7.061163e-05;449.98438;-7.345365e-21;2.6188433;-2.8963406;0.4505515;7.6601954;7.209644;0.07484853;0.0;5458.9565;6832.8823;-1868.6881;6608.677;-2011.9845;-1179.3422
2015-05-26;8.508118;0.3320211;-0.09996033;752.86066;1.4979209;140.95181;0.059814453;2.5629997e-05;433.973;-7.345365e-21;0.43186545;-3.5956073;0.06617606;6.6414924;6.5753164;0.027552247;0.0;6030.6465;7537.533;-2012.0706;6448.7354;-2497.7612;-1191.6034
2015-05-27;10.472595;-0.5877177;-0.13668315;752.81134;1.165799;155.10707;0.021321615;9.059906e-06;428.4811;-7.345365e-21;0.07161498;-3.7818067;0.011742115;6.0433745;6.0316324;0.010281801;0.0;6399.3887;7988.4634;-2264.7144;6290.97;-2627.0977;-1063.6256
2015-05-28;11.249858;0.9791768;0.0020942688;751.0452;1.465144;224.26418;0.0071614585;3.0199687e-06;428.09375;-7.345365e-21;2.2065878;-3.2310634;0.3219992;5.8867636;5.5647492;0.003412366;0.0;5689.0474;7093.844;-2027.5573;6579.8613;-2244.5122;-1071.6533
2015-05-29;11.498311;-1.9016622;-0.026285807;749.4485;1.6859614;172.42894;0.002766927;1.2715658e-06;428.09375;-7.345365e-21;0.0032961369;-4.050331;0.00059604645;5.159676;5.15908;0.0011734664;0.0;6641.3213;8272.386;-2486.352;6090.148;-2813.63;-1038.1945
2015-05-30;10.874745;-0.23391724;-0.1713651;753.0239;1.0930433;168.89629;0.00081380206;3.1789145e-07;428.09375;-7.345365e-21;0.57840943;-3.4311843;0.06708503;4.870057;4.8029647;0.0003799796;0.0;6054.545;7533.4653;-2200.088;6341.9585;-2383.5288;-1100.0656
2015-05-31;11.956238;-1.488505;-0.16518402;755.3201;1.1513721;211.98369;0.0;-7.3453654e-25;406.79526;-7.345365e-21;0.0010728836;-3.947815;0.00011920929;4.4890194;4.4888854;0.00013783574;0.0;6720.797;8353.862;-2410.9763;6272.9277;-2742.4155;-1110.6122
2015-06-01;11.402527;3.1906433;-1.1469141;756.63654;1.2908044;89.19293;0.0;-7.3453654e-25;222.82747;-7.345365e-21;1.229474;-3.151983;0.14159083;4.351571;4.2099805;3.7252903e-05;0.0;5292.0317;6570.973;-1914.9697;6832.7095;-2189.5767;-834.96
2015-06-02;12.637268;4.523651;-0.061944325;756.8877;1.1949947;94.34966;0.0;-7.3453654e-25;106.50421;-7.345365e-21;0.35357177;-3.3972077;0.035986304;3.9977431;3.9617643;1.4901161e-05;0.0;5613.2896;6962.36;-1810.4456;7127.202;-2359.9268;-891.89667
2015-06-03;15.259746;2.597758;0.009710948;754.97845;1.70856;148.3922;0.0;-7.3453654e-25;99.99998;-7.345365e-21;0.26711226;-3.9612558;0.02630055;3.7636905;3.7373974;0.0;0.0;6186.1777;7664.7856;-2229.0789;6800.6133;-2751.7522;-792.75
2015-06-04;14.475352;-0.7276713;0.010131836;755.3623;1.1763748;158.27081;0.0;-7.3453654e-25;99.99998;-7.345365e-21;0.0;-4.0051265;0.0;3.5336316;3.5336316;0.0;0.0;6789.0034;8402.8955;-2577.2534;6382.7046;-2782.229;-1055.6133
2015-06-05;14.628967;-0.99013263;0.009986877;754.1992;1.1484967;100.09875;0.0;-7.3453654e-25;99.99998;-7.345365e-21;1.4456958;-3.4391358;0.15419722;3.5030098;3.34882;0.0;0.0;5890.1343;7282.5776;-2145.2742;6864.859;-2389.0532;-941.5267
2015-06-06;14.651845;-3.8561096;0.009937286;754.63934;1.5311623;156.03763;0.0;-7.3453654e-25;99.99998;-7.345365e-21;0.001708574;-3.9333599;0.00014901161;3.1805038;3.1803699;0.0;0.0;6970.7373;8609.723;-2789.6067;6177.49;-2732.3733;-1193.4078
2015-06-07;13.818828;-2.9408977;0.0098393755;755.2253;1.1947137;139.27913;0.0;-7.3453654e-25;99.99998;-7.345365e-21;0.0;-3.7084558;0.0;3.025219;3.025219;0.0;0.0;6993.644;8628.944;-2856.4229;6121.26;-2576.141;-1142.3833
2015-06-08;14.070007;3.1788738;0.010049184;755.5561;1.1342952;94.51395;0.0;-7.3453654e-25;99.99998;-7.345365e-21;0.0018358231;-3.2651927;0.00013411045;2.8827639;2.8826146;0.0;0.0;6461.0728;7963.3843;-2377.5383;6770.231;-2268.22;-1332.3978
2015-06-09;14.877452;-0.23736572;0.009984334;755.1025;1.1802033;166.22461;0.0;-7.3453654e-25;99.99998;-7.345365e-21;0.0;-3.4230669;0.0;2.7508736;2.7508662;0.0;0.0;6879.059;8469.785;-2744.4312;6471.8213;-2377.891;-1313.9722
2015-06-10;14.928508;-0.70561725;0.010098775;752.9328;1.6598359;178.64479;0.0;-7.3453654e-25;99.99998;-7.345365e-21;0.059980154;-3.0307026;0.00461936;2.6336312;2.6290119;0.0;0.0;6548.1357;8053.859;-2669.469;6486.751;-2105.328;-1448.1133
2015-06-11;13.640004;-2.0555012;0.009904225;751.31244;1.3467783;160.27098;0.0;-7.3453654e-25;99.99998;-7.345365e-21;0.0008583069;-2.9013705;7.4505806e-05;2.5161357;2.516076;0.0;0.0;7041.5713;8651.766;-3017.6877;6076.9365;-2015.4856;-1711.5488
2015-06-12;13.185425;-1.3427836;0.009900411;752.34424;1.2987114;151.90031;0.0;-7.3453654e-25;99.99998;-7.345365e-21;0.0;-2.7132583;0.0;2.4108589;2.4108589;0.0;0.0;7052.2183;8655.802;-3075.5261;6050.6436;-1884.81;-1723.4456
2015-06-13;14.655955;-0.94400024;0.010105133;752.6248;1.2140006;100.75586;0.0;-7.3453654e-25;99.99998;-7.345365e-21;0.00069451437;-2.7087667;4.4703484e-05;2.3125708;2.3125262;0.0;0.0;6975.758;8552.985;-2953.8066;6399.8267;-1881.69;-1611.83
2015-06-14;15.256663;0.37268066;0.0095876055;751.1414;1.3095948;112.680145;0.0;-7.3453654e-25;99.99998;-7.345365e-21;0.0021405946;-2.4671834;0.00011920929;2.2206008;2.2204816;0.0;0.0;6895.2295;8445.455;-2967.6616;6471.741;-1713.87;-1764.4989
2015-06-15;13.901723;-1.5693665;0.010035197;749.27637;1.3113354;171.79738;0.0;-7.3453654e-25;99.99998;-7.345365e-21;0.0012814989;-2.2371914;8.940697e-05;2.1344125;2.1343231;0.0;0.0;6976.5684;8536.166;-3047.8462;6310.594;-1554.1022;-2022.7145
2015-06-16;12.851135;-0.19502766;0.00987498;748.3226;1.1170316;139.53139;0.0;-7.3453654e-25;99.99998;-7.345365e-21;0.26357174;-1.9071717;0.017657876;2.07147;2.0538197;0.0;0.0;6443.991;7883.5635;-2710.7317;6585.791;-1324.8489;-2070.699
2015-06-17;12.692413;0.91974896;0.009991963;748.268;1.2043762;120.182655;0.0;-7.3453654e-25;99.99998;-7.345365e-21;0.4537642;-1.8367395;0.030308962;2.0090044;1.9786954;0.0;0.0;6119.8833;7486.1436;-2514.5745;6773.2725;-1275.9211;-1970.6244
2015-06-18;13.549998;0.020100912;0.010108948;749.7659;1.1245159;129.4175;0.0;-7.3453654e-25;99.99998;-7.345365e-21;0.5472779;-1.9810815;0.036031008;1.9442141;1.9081905;0.0;0.0;6321.7983;7732.0454;-2651.601;6675.8926;-1376.1912;-1969.8022
2015-06-19;14.861328;-0.85860187;0.009905498;750.72266;1.3303056;164.67885;0.0;-7.3453654e-25;99.99998;-7.345365e-21;0.0012814989;-2.0886436;8.940697e-05;1.8414408;1.8413663;0.0;0.0;6785.56;8298.219;-2878.838;6571.4663;-1450.9111;-2051.1577
2015-06-20;15.02592;-2.1065876;0.010149638;750.062;1.3679091;139.3455;0.0;-7.3453654e-25;99.99998;-7.345365e-21;0.0017046923;-1.958957;0.00011920929;1.7779768;1.77788;0.0;0.0;6975.1426;8528.949;-3083.3784;6404.0557;-1360.8223;-2158.2144
2015-06-21;15.033081;-2.2787476;0.009986877;750.0996;1.2109408;154.9853;0.0;-7.3453654e-25;99.99998;-7.345365e-21;0.0;-1.8719156;0.0;1.7177463;1.7177463;0.0;0.0;7112.0933;8695.291;-3329.0432;6212.856;-1300.3578;-2074.6433
2015-06-22;16.401297;-2.2862854;0.010026296;750.6477;1.2146124;99.704865;0.0;-7.3453654e-25;99.99998;-7.345365e-21;0.0;-1.8662791;0.0;1.6606748;1.6606897;0.0;0.0;7096.9316;8675.598;-3286.709;6458.3433;-1296.4423;-1941.5789
2015-06-23;17.939545;2.88089;0.009799957;750.63007;1.300898;81.31707;0.0;-7.3453654e-25;99.99998;-7.345365e-21;0.0010728836;-1.5994366;5.9604645e-05;1.6067326;1.6066804;0.0;0.0;6068.474;7417.3623;-2621.5527;7279.5127;-1111.0756;-1764.081
2015-06-24;17.925314;4.3988137;0.0098393755;750.0759;1.271637;123.827644;0.0;-7.3453654e-25;99.99998;-7.345365e-21;0.0006854534;-1.4671515;2.9802322e-05;1.5557706;1.5557408;0.0;0.0;5808.7363;7098.8687;-2600.985;7296.1533;-1019.1811;-1766.2511
2015-06-25;16.251822;1.3080343;0.009724935;747.53766;1.3565446;144.69553;0.0;-7.3453654e-25;99.99998;-7.345365e-21;0.0023126602;-1.5928447;0.00011920929;1.507312;1.507163;0.0;0.0;6896.247;8426.94;-3124.2212;6704.0576;-1106.4967;-2343.922
2015-06-26;14.009807;0.09072876;0.010257721;746.6905;1.2429448;151.68663;0.0;-7.3453654e-25;99.99998;-7.345365e-21;0.3466308;-1.4052885;0.020846725;1.481846;1.4609919;0.0;0.0;6730.246;8223.034;-2995.5496;6567.0205;-976.20667;-2482.3254
2015-06-27;13.471252;1.2414246;0.009922028;748.8584;1.1108135;164.17085;0.0;-7.3453654e-25;99.99998;-7.345365e-21;0.63204765;-1.3752897;0.03761053;1.455158;1.4175549;0.0;0.0;6088.3203;7437.771;-2631.7373;6830.3784;-955.3689;-2279.369
2015-06-28;15.116405;-0.00036621094;0.009845734;751.791;1.2266088;165.9342;0.0;-7.3453654e-25;99.99998;-7.345365e-21;0.0;-1.6483943;0.0;1.3760924;1.3760924;0.0;0.0;6508.3887;7949.918;-2859.088;6751.496;-1145.0845;-2199.78
2015-06-29;16.4116;-1.1759745;0.009991963;753.92584;1.1627802;141.74632;0.0;-7.3453654e-25;99.99998;-7.345365e-21;0.0;-1.6502123;0.0;1.3360381;1.336053;0.0;0.0;7062.797;8626.084;-3315.2478;6469.8965;-1146.3478;-2157.3845
2015-06-30;18.076284;-2.9010112;0.009853363;754.37665;1.3356627;179.3465;0.0;-7.3453654e-25;99.99998;-7.345365e-21;0.0008583069;-1.5597119;5.9604645e-05;1.297757;1.2977049;0.0;0.0;7139.023;8718.055;-3518.715;6392.9062;-1083.48;-2057.5854
2015-07-01;19.950195;-3.3198345;0.010706584;755.299;1.2204765;141.42719;0.0;-7.3453654e-25;99.99998;-7.345365e-21;0.0;-1.5531033;0.0;1.2610406;1.2610257;0.0;0.0;7135.915;8713.116;-3482.7979;6671.0576;-1078.89;-1927.9233
2015-07-02;21.486725;3.8552246;0.0100034075;755.4233;1.4274586;94.231384;0.0;-7.3453654e-25;99.99998;-7.345365e-21;0.0006645918;-1.3474468;4.4703484e-05;1.2260377;1.2260079;0.0;0.0;6083.8037;7427.392;-2826.9854;7508.2944;-936.0267;-1723.7433
2015-07-03;22.323801;-0.04024251;0.009971619;754.56177;1.2845771;158.92314;0.0;-7.3453654e-25;99.99998;-7.345365e-21;0.0008523463;-1.4972352;4.4703484e-05;1.1925101;1.1924654;0.0;0.0;6843.245;8353.541;-3240.2644;7265.742;-1040.0789;-1989.9445
2015-07-04;21.236694;-2.4025676;0.009695689;755.48315;1.3492808;124.538414;0.0;-7.3453654e-25;99.99998;-7.345365e-21;0.0004351138;-1.4420059;2.9802322e-05;1.1601746;1.1601597;0.0;0.0;6985.5337;8526.11;-3367.9612;7049.9814;-1001.7133;-2137.2534
2015-07-05;21.184183;4.4368286;0.009840648;755.18243;1.2886248;102.1471;0.0;-7.3453654e-25;99.99998;-7.345365e-21;0.001726271;-1.3030599;0.00010430813;1.1292994;1.1292026;0.0;0.0;6416.8745;7831.0513;-2955.1611;7469.6743;-905.1922;-2054.8977
2015-07-06;21.075583;4.5441895;0.009693146;752.86664;1.24151;171.34764;0.0;-7.3453654e-25;99.99998;-7.345365e-21;0.00085592386;-1.2603514;4.4703484e-05;1.0996163;1.0995716;0.0;0.0;6364.263;7765.8276;-3014.8965;7412.048;-875.5233;-2067.8345
2015-07-07;20.368673;1.2059631;0.01008606;751.23566;1.1921946;114.24079;0.0;-7.3453654e-25;99.99998;-7.345365e-21;0.0008523463;-1.3193339;5.9604645e-05;1.0711253;1.071073;0.0;0.0;7002.6646;8543.725;-3459.1045;6904.017;-916.4978;-2257.4434
2015-07-08;20.612183;3.1585999;0.010072072;751.1624;1.3180145;111.71041;0.0;-7.3453654e-25;99.99998;-7.345365e-21;0.0019550323;-1.2079887;8.940697e-05;1.0437667;1.0436773;0.0;0.0;6509.2;7940.6187;-3074.188;7270.3887;-839.15;-2108.0544
2015-07-09;20.332113;3.640147;0.009694417;752.99457;1.3641769;152.37738;0.0;-7.3453654e-25;99.99998;-7.345365e-21;0.005492568;-1.1744313;0.00025331974;1.0176748;1.0174141;0.0;0.0;6496.473;7924.062;-3169.3616;7166.4634;-815.83777;-2207.7422
2015-07-10;21.021332;-0.8182373;0.010124207;752.429;1.2864681;131.91595;0.0;-7.3453654e-25;99.99998;-7.345365e-21;0.0008583069;-1.2435596;4.4703484e-05;0.9922236;0.992164;0.0;0.0;7114.625;8677.058;-3741.6812;6595.9946;-863.8589;-2124.9656
2015-07-11;20.493927;-4.1367188;0.010064443;749.9864;1.2845144;120.11221;0.0;-7.3453654e-25;99.99998;-7.345365e-21;0.0025868411;-1.2125988;0.00013411045;0.96800923;0.9678751;0.0;0.0;7203.0137;8783.708;-3827.578;6452.074;-842.35114;-2134.672
2015-07-12;20.479319;-1.9676107;0.009988149;749.50543;1.2564287;129.99005;0.0;-7.3453654e-25;99.99998;-7.345365e-21;0.00085234636;-1.1808518;4.4703484e-05;0.9444654;0.9444058;0.0;0.0;6993.704;8527.319;-3479.1016;6852.96;-820.2978;-2290.4978
2015-07-13;19.50763;-0.93233234;0.0100911455;751.3056;1.4756427;154.38383;0.0;-7.3453654e-25;99.99998;-7.345365e-21;0.0012904402;-1.0697656;7.4505806e-05;0.92191994;0.9218529;0.0;0.0;6927.1978;8445.185;-3327.7166;6866.7544;-743.1311;-2577.891
2015-07-14;18.879293;-3.088277;0.009944916;753.54443;1.3236183;169.167;0.0;-7.3453654e-25;99.99998;-7.345365e-21;0.0012814989;-1.0849853;7.4505806e-05;0.90019405;0.90011954;0.0;0.0;7011.412;8546.748;-3491.373;6663.18;-753.7022;-2454.4622
2015-07-15;19.610992;-3.2906494;0.009429932;753.8542;1.3384722;113.6502;0.0;-7.3453654e-25;99.99998;-7.345365e-21;0.001275539;-1.0592229;5.9604645e-05;0.8792579;0.8791983;0.0;0.0;6489.4424;7909.4453;-3184.821;7090.3887;-735.8078;-2121.301
2015-07-16;19.84855;-1.4728597;0.010204315;753.4416;1.2424054;111.22067;0.0;-7.3453654e-25;99.99998;-7.345365e-21;0.0012814989;-0.9851828;7.4505806e-05;0.85917115;0.85909665;0.0;0.0;5964.7637;7268.3267;-3031.9597;7233.8413;-684.37445;-1941.6956
2015-07-17;18.698517;5.4973655;0.010028839;751.8787;1.2971754;83.41802;0.0;-7.3453654e-25;99.99998;-7.345365e-21;0.85164905;-1.0299683;0.047177076;0.88712573;0.83994865;0.0;0.0;5379.5596;6553.661;-2662.191;7446.0146;-715.48444;-1782.4445
2015-07-18;17.109201;6.6720276;0.009854634;751.1954;1.677384;39.361244;0.0;-7.3453654e-25;99.99998;-7.345365e-21;2.0336838;-1.3201656;0.13303757;0.9545684;0.82153827;0.0;0.0;6228.199;7585.9243;-2801.3672;7178.7744;-917.07556;-2315.5544
2015-07-19;17.28016;3.4177551;0.009911855;750.0301;1.6361724;43.321728;0.0;-7.3453654e-25;100.00259;-7.345365e-21;0.019282103;-1.9116737;0.00090897083;0.8044839;0.8035749;0.0;0.0;6518.027;7937.2295;-2980.589;6934.5312;-1327.9767;-2027.6733
2015-07-20;16.739584;1.8477579;0.0065078735;751.51825;1.5301495;48.00168;0.0;-7.3453654e-25;100.00519;-7.345365e-21;0.06650686;-1.3865511;0.0036209822;0.78976154;0.78614056;0.0;0.0;6537.985;7959.7974;-3092.581;6772.0176;-963.1911;-2266.7756
2015-07-21;18.193277;-0.50145465;0.009648641;751.38354;1.137268;80.20837;0.0;-7.3453654e-25;99.99998;-7.345365e-21;0.12729466;-1.2755022;0.006914139;0.7761568;0.76924264;0.0;0.0;6686.8203;8139.167;-3256.6538;6849.38;-886.0489;-2164.94
2015-07-22;18.618713;-3.7149353;0.009796143;752.3543;1.1163737;78.00915;0.0;-7.3453654e-25;99.99998;-7.345365e-21;0.007238984;-1.1054734;0.00028312206;0.7531941;0.7529035;0.0;0.0;6109.44;7434.6504;-3063.1948;7049.0166;-767.93555;-1944.9856
2015-07-23;15.657847;5.3618774;0.009991963;754.3687;1.1791365;53.020477;0.0;-7.3453654e-25;100.00259;-7.345365e-21;5.0222874;-1.0855821;0.32185018;1.0592192;0.73736906;0.0;0.0;5141.5938;6255.4844;-2438.8389;7362.2207;-754.1189;-1896.0466
2015-07-24;16.72692;5.62973;0.010075887;755.6396;1.1649982;73.01205;0.0;-7.3453654e-25;100.00259;-7.345365e-21;2.5069237;-2.485197;0.15585124;0.87837875;0.7225424;0.0;0.0;5765.6416;7013.2827;-2436.425;7307.2373;-1726.3833;-1458.93
2015-07-25;18.975555;2.175649;0.009796143;755.0323;0.8976055;90.74436;0.0;-7.3453654e-25;99.99998;-7.345365e-21;0.013786554;-2.589276;0.0007003546;0.708729;0.708051;0.0;0.0;5825.6274;7084.6333;-2488.2766;7393.816;-1798.6844;-1245.3167
2015-07-26;19.68278;-0.45792642;0.009887695;752.43365;1.2929201;180.15315;0.0;-7.3453654e-25;99.99998;-7.345365e-21;0.001937151;-2.1737936;8.940697e-05;0.6940067;0.6939322;0.0;0.0;5806.0474;7059.0186;-2662.1123;7259.052;-1510.0623;-1415.96
2015-07-27;18.541555;-3.0595906;0.009803772;750.44977;1.340808;187.34227;0.0;-7.3453654e-25;99.99998;-7.345365e-21;0.0;-1.7336085;0.0;0.6801933;0.68020076;0.0;0.0;6927.208;8420.421;-3308.43;6574.3535;-1204.28;-2159.8022
2015-07-28;19.379425;-1.4177347;0.010018666;752.1342;1.2455558;198.18562;0.0;-7.3453654e-25;99.99998;-7.345365e-21;0.0008631222;-1.3704039;5.9604645e-05;0.66676736;0.6667152;0.0;0.0;6487.883;7884.5894;-3098.1472;7034.8213;-951.9744;-2031.8112
2015-07-29;20.012735;-0.81173706;0.009895325;754.0756;1.145831;127.658455;0.0;-7.3453654e-25;99.99998;-7.345365e-21;0.0017172014;-1.0070484;8.940697e-05;0.65380335;0.65369904;0.0;0.0;5676.066;6896.449;-2780.3083;7457.1323;-699.56335;-1785.9044
2015-07-30;19.977112;1.2456766;0.010190328;755.16583;1.1348199;55.448833;0.0;-7.3453654e-25;99.99998;-7.345365e-21;0.036896322;-0.94675833;0.0016987324;0.6428063;0.64110756;0.0;0.0;5788.419;7031.4814;-2839.306;7505.9136;-657.68225;-1890.2911
2015-07-31;20.221487;0.38368735;0.009717305;754.86725;1.0838069;108.21151;0.0;-7.3453654e-25;99.99998;-7.345365e-21;0.000911951;-0.9370651;4.4703484e-05;0.6288439;0.6288141;0.0;0.0;5939.1885;7213.0674;-2950.8896;7427.344;-650.94775;-1975.0934
2015-08-01;20.34313;-1.3390096;0.0099487305;755.04706;1.2235383;132.22145;0.0;-7.3453654e-25;99.99998;-7.345365e-21;0.0025629997;-0.8684397;0.00011920929;0.6169975;0.6168783;0.0;0.0;5904.5244;7169.186;-3022.982;7269.513;-603.2756;-1992.0422
2015-08-02;20.31608;-1.8310446;0.009724935;755.884;1.3915701;133.63281;0.0;-7.3453654e-25;99.99998;-7.345365e-21;0.0017184884;-0.911206;8.940697e-05;0.6053746;0.60527027;0.0;0.0;6665.344;8091.197;-3351.7795;6987.428;-632.98444;-2351.7666
2015-08-03;20.661285;-0.14579265;0.00993983;756.3206;1.340013;76.41474;0.0;-7.3453654e-25;99.99998;-7.345365e-21;0.060999393;-0.9031016;0.0026971102;0.5966723;0.5939454;0.0;0.0;6179.26;7499.517;-3074.5283;7343.395;-627.3555;-2077.7944
2015-08-04;21.033865;-0.82699585;0.010041554;755.6744;1.2589171;105.94396;0.0;-7.3453654e-25;99.99998;-7.345365e-21;0.11452472;-0.90551376;0.005632639;0.58862567;0.5829781;0.0;0.0;6040.801;7329.831;-3056.2844;7356.5444;-629.0311;-2018.6244
2015-08-05;21.138296;-4.481852;0.0100034075;753.9531;1.3448328;141.93575;0.0;-7.3453654e-25;99.99998;-7.345365e-21;0.0;-0.9559952;0.0;0.5723238;0.5723238;0.0;0.0;6591.078;7995.7163;-3441.3608;7008.912;-664.0978;-2136.0588
2015-08-06;20.917746;-5.547689;0.009969075;752.9595;1.4939944;185.1025;0.0;-7.3453654e-25;99.99998;-7.345365e-21;0.0012904402;-0.87331605;7.4505806e-05;0.5619824;0.5619377;0.0;0.0;6755.7305;8193.672;-3576.1155;6778.1323;-606.6633;-2287.969
2015-08-07;19.706064;-1.6287842;0.009854634;754.11884;1.4049548;141.9901;0.0;-7.3453654e-25;99.99998;-7.345365e-21;0.33545494;-0.8565355;0.016450882;0.5683601;0.5519092;0.0;0.0;5987.145;7259.8623;-3023.4038;7129.5635;-595.00555;-2195.8323
2015-08-08;18.818686;-1.946991;0.010080974;754.99603;1.3750478;122.67755;0.0;-7.3453654e-25;99.99998;-7.345365e-21;0.0;-0.9206813;0.0;0.54216385;0.54214895;0.0;0.0;6596.1626;7996.5645;-3347.2402;6793.1655;-639.56775;-2399.5012
2015-08-09;19.070658;1.4047343;0.010059357;755.48413;1.1715274;76.13907;0.0;-7.3453654e-25;99.99998;-7.345365e-21;0.0032186508;-0.8372683;0.00016391277;0.5327165;0.5325526;0.0;0.0;6173.576;7482.664;-3012.649;7295.75;-581.6211;-2194.3477
2015-08-10;19.10917;2.4071147;0.009672801;754.6348;1.3816733;55.109005;0.0;-7.3453654e-25;99.99998;-7.345365e-21;0.22779761;-0.8402448;0.011205673;0.53443015;0.5232245;0.0;0.0;6280.242;7610.2593;-3137.462;7128.1387;-583.69;-2294.4888
2015-08-11;20.860086;1.2550659;0.010073344;754.6746;1.2347322;108.73284;0.0;-7.3453654e-25;99.99998;-7.345365e-21;0.0004351138;-0.9508701;1.4901161e-05;0.51413476;0.5141124;0.0;0.0;6435.1445;7796.173;-3253.2573;7166.8823;-660.5378;-2140.2844
2015-08-12;21.35379;1.0493469;0.010051727;755.01666;1.3353229;137.24591;0.0;-7.3453654e-25;99.99998;-7.345365e-21;0.0;-0.84040964;0.0;0.5052537;0.5052537;0.0;0.0;6438.987;7799.077;-3339.111;7126.6533;-583.8039;-2197.51
2015-08-13;21.579813;0.68290204;0.009747823;754.9526;1.4423853;118.43933;0.0;-7.3453654e-25;99.99998;-7.345365e-21;0.07890165;-0.80122054;0.0038594007;0.50053;0.4966706;0.0;0.0;6268.084;7590.3203;-3272.7556;7160.2744;-556.5811;-2123.2212
2015-08-14;21.520151;-1.2036947;0.010083516;755.4328;1.3868899;154.31503;0.0;-7.3453654e-25;99.99998;-7.345365e-21;0.009587407;-0.7812791;0.000461936;0.4888177;0.48835576;0.0;0.0;6055.4526;7331.295;-3224.4905;7171.4727;-542.7278;-2030.6555
2015-08-15;21.197388;-4.2035522;0.0097465515;754.7624;1.4573377;178.43727;0.0;-7.3453654e-25;99.99998;-7.345365e-21;0.0;-0.78254193;0.0;0.48026443;0.48026443;0.0;0.0;6498.483;7865.87;-3523.14;6833.641;-543.6067;-2215.1978
2015-08-16;19.843454;-2.462331;0.009775798;754.34985;1.5011897;171.4507;0.0;-7.3453654e-25;99.99998;-7.345365e-21;0.0004351138;-0.72424674;1.4901161e-05;0.4723817;0.4723668;0.0;0.0;6537.116;7911.7944;-3508.7012;6659.3857;-503.1111;-2314.4443
2015-08-17;18.753174;0.811971;0.0097300215;753.9658;1.3517641;182.73833;0.0;-7.3453654e-25;99.99998;-7.345365e-21;0.0008523463;-0.6951708;4.4703484e-05;0.4646778;0.464648;0.0;0.0;6409.176;7755.981;-3311.505;6793.1265;-482.91223;-2444.1025
2015-08-18;19.002237;-0.46219888;0.009963989;754.7941;1.1678151;171.72711;0.0;-7.3453654e-25;99.99998;-7.345365e-21;0.0012814989;-0.7138653;5.9604645e-05;0.45715272;0.45709312;0.0;0.0;6160.761;7454.467;-3181.2495;7001.899;-495.8989;-2232.7957
2015-08-19;20.57493;-2.815694;0.0100364685;756.0471;1.2131206;180.26823;0.0;-7.3453654e-25;99.99998;-7.345365e-21;0.0;-0.74932724;0.0;0.44971704;0.44971704;0.0;0.0;6420.597;7767.935;-3499.4912;6832.999;-520.5328;-2072.4246
2015-08-20;20.918213;-2.3640442;0.009958903;756.03265;1.1852833;236.93184;0.0;-7.3453654e-25;99.99998;-7.345365e-21;0.0017136326;-0.6946605;8.940697e-05;0.4426539;0.4425645;0.0;0.0;5690.1636;6883.4766;-3128.744;7205.0166;-482.55777;-1781.7145
2015-08-21;20.236694;-1.5684713;0.00974528;754.07245;1.3453426;119.88741;0.0;-7.3453654e-25;99.99998;-7.345365e-21;0.0;-0.7119533;0.0;0.43559074;0.43559074;0.0;0.0;6294.69;7613.6846;-3426.5046;6853.9565;-494.57;-2202.9333
2015-08-22;19.00242;-2.3385212;0.010223389;752.502;1.1671954;142.99373;0.0;-7.3453654e-25;99.99998;-7.345365e-21;0.0;-0.69529563;0.0;0.428766;0.4287511;0.0;0.0;6300.1406;7619.309;-3414.2664;6729.879;-482.9989;-2191.8188
2015-08-23;18.564749;-1.5066935;0.010106404;751.27057;1.216319;168.17314;0.0;-7.3453654e-25;99.99998;-7.345365e-21;0.0008583069;-0.6714221;4.4703484e-05;0.4221201;0.4220754;0.0;0.0;6166.7886;7457.2124;-3219.2952;6905.559;-466.41446;-2275.7134
2015-08-24;17.362213;1.8788046;0.009735107;750.01373;1.3932886;228.46936;0.0;-7.3453654e-25;99.99998;-7.345365e-21;0.035452843;-0.60338527;0.0018030405;0.41741133;0.4156083;0.0;0.0;5932.3145;7172.8765;-2919.3738;7068.492;-419.15112;-2435.5344
2015-08-25;13.089335;7.786082;0.010144551;750.771;1.0499215;115.91705;0.0;-7.3453654e-25;99.99998;-7.345365e-21;16.583235;-1.2721307;1.0737181;1.4833659;0.40963292;0.0;0.0;3314.811;4007.6772;-1600.4897;7612.763;-883.70667;-1270.5189
2015-08-26;13.465627;3.6385906;0.010205586;751.4139;1.3429233;136.78807;0.0;-7.3453654e-25;99.99998;-7.345365e-21;0.21179943;-2.9366593;0.010609627;0.4145652;0.40395558;0.0;0.0;5193.7227;6278.102;-2252.6792;6808.9565;-2039.9989;-1253.0588
2015-08-27;13.459004;-1.158905;0.009728749;753.6174;1.2468612;118.2131;0.0;-7.3453654e-25;99.99998;-7.345365e-21;0.0008583069;-3.0119512;4.4703484e-05;0.39821863;0.39818138;0.0;0.0;6094.5522;7366.059;-2727.524;6333.549;-2092.301;-1431.1555
2015-08-28;13.570587;-0.54555255;0.010075887;754.85394;1.1748704;124.309654;0.0;-7.3453654e-25;99.99998;-7.345365e-21;0.0;-2.5734007;0.0;0.39243698;0.39243698;0.0;0.0;6027.2593;7283.949;-2787.4307;6322.4424;-1787.6555;-1446.4144
2015-08-29;13.825673;3.1966755;0.010041554;755.19806;1.2595861;81.78826;0.0;-7.3453654e-25;99.99998;-7.345365e-21;0.12718439;-1.9583683;0.0062286854;0.39309263;0.38687885;0.0;0.0;5188.2437;6269.4917;-2406.1216;6793.4424;-1360.4133;-1367.8867
2015-08-30;15.225017;-0.31533813;0.010120392;754.9173;1.3734282;112.84144;0.0;-7.3453654e-25;99.99998;-7.345365e-21;0.0017225742;-1.9956007;8.940697e-05;0.38146973;0.38139522;0.0;0.0;5764.084;6964.4067;-2722.2705;6606.3574;-1386.2778;-1556.8234
2015-08-31;13.451762;4.3546853;0.010025024;754.0181;1.3829774;71.54846;0.0;-7.3453654e-25;99.99998;-7.345365e-21;2.3474674;-1.4267229;0.13378263;0.50994754;0.37615;0.0;0.0;4268.6777;5157.0703;-2095.3528;7057.75;-991.0967;-1219.2589
2015-09-01;12.799072;5.606598;0.010103862;753.96484;1.270877;55.601986;0.0;-7.3453654e-25;99.99998;-7.345365e-21;3.2804608;-1.6502068;0.20457804;0.57570636;0.37112832;0.0;0.0;4698.8135;5676.0176;-2101.075;7060.4907;-1146.3445;-1468.72
2015-09-02;14.45931;4.024048;0.010164897;755.5981;1.0208507;74.2415;0.0;-7.3453654e-25;99.99998;-7.345365e-21;0.35746694;-2.1124864;0.017881393;0.38400292;0.36610663;0.0;0.0;5299.12;6400.3975;-2364.313;6966.829;-1467.4745;-1326.8522
2015-09-03;15.234609;2.0182698;0.009916942;755.3836;1.1699511;42.734844;0.0;-7.3453654e-25;99.99998;-7.345365e-21;0.0;-2.0462983;0.0;0.36108494;0.36109984;0.0;0.0;5738.9775;6930.7866;-2762.3057;6628.0894;-1421.4956;-1413.2489
2015-09-04;16.614166;-2.4360454;0.010052999;755.9993;0.9728179;115.04294;0.0;-7.3453654e-25;99.99998;-7.345365e-21;0.0008523463;-1.800281;4.4703484e-05;0.35619736;0.35615265;0.0;0.0;5705.451;6889.5063;-2902.4116;6599.953;-1250.5956;-1368.1478
2015-09-05;16.401754;-1.2030131;0.010387421;757.4617;1.152165;166.07185;0.0;-7.3453654e-25;99.99998;-7.345365e-21;0.013262033;-1.4078552;0.0006854534;0.35199523;0.35130978;0.0;0.0;5485.533;6623.096;-2778.2532;6797.6357;-977.99;-1509.12
2015-09-06;15.286743;1.8787842;0.010012309;758.04156;1.0607499;106.6005;0.0;-7.3453654e-25;99.99998;-7.345365e-21;1.5187562;-1.0640929;0.08554757;0.43222308;0.34669042;0.0;0.0;4238.3965;5116.822;-2137.8044;7293.838;-739.19;-1258.8989
2015-09-07;14.623759;3.255127;0.009922028;756.31976;0.9063141;186.1723;0.0;-7.3453654e-25;99.99998;-7.345365e-21;0.3373772;-1.2297369;0.016249716;0.35844743;0.34220517;0.0;0.0;4759.4727;5745.1587;-2472.0317;6930.791;-854.25665;-1412.4022
2015-09-08;15.512746;-0.6144409;0.010121663;755.81537;1.083976;89.049225;0.0;-7.3453654e-25;99.99998;-7.345365e-21;0.001290935;-1.2251567;5.9604645e-05;0.33776462;0.33770502;0.0;0.0;5493.1426;6629.9062;-2877.9438;6631.449;-851.07446;-1597.1422
2015-09-09;15.96458;0.32587686;0.00985082;757.3797;1.0594324;107.11518;0.0;-7.3453654e-25;99.99998;-7.345365e-21;0.018328428;-0.91586447;0.0006556511;0.33392012;0.33326447;0.0;0.0;5210.21;6287.6484;-2718.5566;6848.04;-636.2211;-1647.7633
2015-09-10;16.82667;-0.22265625;0.01003011;759.0928;1.0932736;93.62202;0.0;-7.3453654e-25;99.99998;-7.345365e-21;0.002586141;-0.8175112;0.00011920929;0.32904744;0.32891333;0.0;0.0;5286.879;6379.368;-2797.2446;6936.242;-567.89777;-1665.6466
2015-09-11;17.317831;-1.2104899;0.010134379;758.5567;1.1238008;104.64387;0.0;-7.3453654e-25;99.99998;-7.345365e-21;0.00042617318;-0.7313937;1.4901161e-05;0.3246367;0.3246218;0.0;0.0;5365.2163;6473.1245;-2934.5476;6853.838;-508.07443;-1667.7056
2015-09-12;16.808786;-1.451528;0.009798686;756.94135;1.0132617;153.26784;0.0;-7.3453654e-25;99.99998;-7.345365e-21;0.017014146;-0.61457324;0.0007674098;0.32119453;0.32044202;0.0;0.0;4864.6777;5868.5435;-2705.094;6987.7144;-426.92334;-1595.5411
2015-09-13;16.4605;-3.2995198;0.010031383;757.937;1.1332933;165.21455;0.0;-7.3453654e-25;99.99998;-7.345365e-21;0.028276443;-0.5839169;0.001385808;0.31776726;0.31638145;0.0;0.0;5017.7344;6052.4937;-2828.8274;6757.181;-405.62778;-1690.1289
2015-09-14;15.489807;-0.2806193;0.010119121;758.43896;1.2646462;187.56194;0.0;-7.3453654e-25;99.99998;-7.345365e-21;0.40640074;-0.6258637;0.019609928;0.33202767;0.31241775;0.0;0.0;4899.1064;5908.7207;-2594.5906;6902.6885;-434.76556;-1829.9478
2015-09-15;15.422526;-1.1816813;0.01015981;756.3301;1.0696405;182.73802;0.0;-7.3453654e-25;99.99998;-7.345365e-21;0.03349185;-0.7039178;0.0015348196;0.31007826;0.308536;0.0;0.0;4955.9473;5976.5215;-2769.435;6729.7646;-488.9878;-1577.4978
2015-09-16;14.708618;-1.7415365;0.010072072;754.2631;0.8936966;110.925354;0.0;-7.3453654e-25;99.99998;-7.345365e-21;0.34272075;-0.6212499;0.016331673;0.32107532;0.3047511;0.0;0.0;4295.2485;5175.186;-2485.004;6869.548;-431.56223;-1367.4111
2015-09-17;13.614858;0.61620075;0.009868622;754.3701;1.0128821;98.96442;0.0;-7.3453654e-25;99.99998;-7.345365e-21;0.34494698;-0.6579217;0.016525388;0.31760335;0.30107796;0.0;0.0;4496.1255;5412.5312;-2501.6218;6806.9507;-457.03665;-1526.1912
2015-09-18;11.8168335;4.2049356;0.010055542;756.3938;1.2277395;78.14168;0.0;-7.3453654e-25;99.99998;-7.345365e-21;2.241564;-0.74889416;0.12037158;0.41787326;0.29750168;0.0;0.0;4202.8535;5054.9263;-2271.7454;6848.2847;-520.23224;-1493.5511
2015-09-19;11.9239;1.8606466;0.009911855;758.3211;1.5048213;37.567158;0.0;-7.3453654e-25;99.99998;-7.345365e-21;0.0017762184;-1.1561391;8.940697e-05;0.29408932;0.2939999;0.0;0.0;4815.4062;5786.7905;-2486.931;6604.927;-803.13165;-1647.4412
2015-09-20;12.562642;-3.3925374;0.009550731;756.873;1.3127173;41.021297;0.0;-7.3453654e-25;99.99998;-7.345365e-21;0.0;-0.96734333;0.0;0.29049814;0.29049814;0.0;0.0;5248.666;6301.984;-3156.3818;5847.009;-671.98114;-1431.9634
2015-09-21;13.350281;-7.6792397;0.009679158;754.46295;1.139277;143.02235;0.0;-7.3453654e-25;99.99998;-7.345365e-21;0.0012814744;-0.8093594;5.9604645e-05;0.28711557;0.28704107;0.0;0.0;5160.633;6190.9116;-3044.0408;6035.644;-562.23444;-1472.1034
2015-09-22;13.5746765;-3.7549438;0.010092418;754.5222;1.223125;95.98182;0.0;-7.3453654e-25;99.99998;-7.345365e-21;0.5362225;-0.65907836;0.026106834;0.30979514;0.2836883;0.0;0.0;4536.48;5437.403;-2576.3552;6499.282;-457.83945;-1501.9922
2015-09-23;13.495595;-4.111654;0.009962718;756.0667;1.0996295;177.81848;0.0;-7.3453654e-25;99.99998;-7.345365e-21;0.0;-0.7762425;0.0;0.28041005;0.28041005;0.0;0.0;5081.1777;6085.013;-2992.641;6128.2466;-539.23;-1490.1812
2015-09-24;13.654155;-5.055735;0.009780884;756.19385;1.0920268;86.71987;0.0;-7.3453654e-25;99.99998;-7.345365e-21;0.001708111;-0.6761188;8.940697e-05;0.277251;0.2771467;0.0;0.0;5014.055;5999.398;-2982.5217;6227.0713;-469.67667;-1436.5723
2015-09-25;13.629944;-3.595398;0.009853363;754.59467;1.1588961;87.715614;0.0;-7.3453654e-25;99.99998;-7.345365e-21;0.00055134296;-0.56893194;1.4901161e-05;0.27394295;0.27392805;0.0;0.0;4832.852;5777.5244;-2844.341;6366.649;-395.2189;-1515.0511
2015-09-26;12.323506;-2.1295063;0.010075887;753.77734;1.0488313;82.82895;0.0;-7.3453654e-25;99.99998;-7.345365e-21;0.048428774;-0.4557222;0.002026558;0.27284026;0.2708137;0.0;0.0;4225.092;5046.548;-2507.2334;6537.6045;-316.57556;-1424.5544
2015-09-27;12.055023;-1.7040405;0.010158539;754.9633;1.1093423;100.8739;0.0;-7.3453654e-25;99.99998;-7.345365e-21;0.0041359807;-0.4741568;0.0001937151;0.26796758;0.26777387;0.0;0.0;4666.759;5569.3047;-2685.7483;6383.633;-329.3811;-1612.63
2015-09-28;11.9409895;-1.4446818;0.009967804;755.13763;0.9993028;92.758415;0.0;-7.3453654e-25;99.99998;-7.345365e-21;0.040780164;-0.43806994;0.001758337;0.26655197;0.26478618;0.0;0.0;4202.242;5010.6216;-2495.3572;6556.278;-304.31332;-1389.66
2015-09-29;12.373962;-1.9421183;0.009976705;754.5266;1.0053416;133.62457;0.0;-7.3453654e-25;99.99998;-7.345365e-21;0.12560487;-0.36687404;0.0058710575;0.26778877;0.26189536;0.0;0.0;3652.2217;4350.952;-2256.7522;6686.541;-254.85445;-1150.83
2015-09-30;11.080089;0.19318645;0.010135651;755.75507;1.202136;178.3067;0.0;-7.3453654e-25;99.99998;-7.345365e-21;1.2567222;-0.64550436;0.06374717;0.32284856;0.2591014;0.0;0.0;4185.0337;4981.59;-2212.6238;6645.0884;-448.41;-1565.74
2015-10-01;12.077342;1.7878927;0.0098775225;758.2863;1.0495843;179.53687;0.0;-7.3453654e-25;99.99998;-7.345365e-21;0.5350709;-0.7202923;0.024989247;0.28136373;0.25635958;0.0;0.0;3888.3254;4624.4062;-1982.6705;7001.5034;-500.36334;-1402.7345
2015-10-02;13.741333;1.4624329;0.010046641;761.4475;1.1460857;192.01253;0.0;-7.3453654e-25;99.99998;-7.345365e-21;0.5866736;-0.84396267;0.027917325;0.28155744;0.25363266;0.0;0.0;4459.379;5298.964;-2310.353;6772.452;-586.2722;-1416.7178
2015-10-03;12.895741;1.9282227;0.010142009;760.9965;1.0582722;265.03537;0.0;-7.3453654e-25;99.99998;-7.345365e-21;0.41292608;-0.68981016;0.01963973;0.2705902;0.25096536;0.0;0.0;3647.0105;4329.952;-2114.203;6771.849;-479.18777;-1181.4111
2015-10-04;11.869374;0.47103882;0.010140737;757.67804;1.0603038;187.06587;0.0;-7.3453654e-25;99.99998;-7.345365e-21;0.043287873;-0.6902665;0.0020563602;0.2503991;0.24834275;0.0;0.0;4110.9805;4876.52;-2402.0022;6425.358;-479.50446;-1338.0044
2015-10-05;10.655701;-1.0783285;0.009953816;754.7962;1.2588362;238.63354;0.0;-7.3453654e-25;99.99998;-7.345365e-21;0.013279915;-0.5990593;0.00059604645;0.2463311;0.24573505;0.0;0.0;4500.8457;5334.4443;-2482.4172;6229.5;-416.14667;-1615.1056
2015-10-06;9.501515;3.8516743;0.010068257;752.1264;0.8961919;223.78369;0.0;-7.3453654e-25;99.99998;-7.345365e-21;14.154449;-0.8062711;0.91262907;1.1558682;0.24324656;0.0;0.0;3237.1528;3833.4888;-1513.0684;7183.141;-560.0894;-1191.4344
2015-10-07;7.902191;3.4905803;0.01003011;748.38336;1.5848333;231.33875;0.0;-7.3453654e-25;99.99998;-7.345365e-21;7.502499;-1.8278705;0.5041808;0.74511766;0.24092197;0.0;0.0;3061.1716;3622.1746;-1341.0895;7048.7754;-1269.7611;-818.1556
2015-10-08;5.903524;3.5710247;0.0100746155;750.7111;1.1488916;171.83543;0.0;-7.3453654e-25;99.99998;-7.345365e-21;4.317829;-1.687495;0.27522445;0.51391125;0.23867935;0.0;0.0;3034.2395;3587.0447;-1205.2028;7020.8413;-1172.2467;-995.7156
2015-10-09;5.186981;4.314799;0.010065715;751.1069;0.7359479;164.41197;0.0;-7.3453654e-25;99.99998;-7.345365e-21;9.308899;-1.3975836;0.6900728;0.9265989;0.23652613;0.0;0.0;2078.3857;2455.2024;-761.70917;7342.6084;-970.85333;-683.64557
2015-10-10;6.068522;1.8253683;0.010044098;752.8787;0.90502375;205.43462;0.0;-7.3453654e-25;99.99998;-7.345365e-21;1.2674809;-1.8157009;0.08106977;0.31545758;0.23438036;0.0;0.0;3424.1033;4041.0278;-1603.7372;6543.95;-1261.3066;-927.29114
2015-10-11;7.160502;1.3196512;0.010083516;755.21216;1.0070877;92.13813;0.0;-7.3453654e-25;99.99998;-7.345365e-21;0.0017225739;-1.8513864;0.00011920929;0.2322644;0.23216009;0.0;0.0;4236.2285;4995.048;-2201.9194;6024.495;-1286.0967;-903.29
2015-10-12;9.713939;1.303894;0.010047913;755.1065;0.96925944;159.86928;0.0;-7.3453654e-25;99.99998;-7.345365e-21;0.0008523463;-1.8906621;5.9604645e-05;0.22999942;0.22993237;0.0;0.0;4264.6606;5024.335;-2234.2778;6154.938;-1313.38;-687.2
2015-10-13;9.471059;1.1408285;0.010055542;754.7238;0.93650126;197.42805;0.0;-7.3453654e-25;99.99998;-7.345365e-21;0.6776452;-1.7415313;0.04275143;0.27050078;0.22774935;0.0;0.0;3956.841;4657.701;-1956.4556;6442.0225;-1209.7839;-791.7189
2015-10-14;7.1944985;2.5976257;0.00995636;754.5156;0.85952854;257.58023;0.0;-7.3453654e-25;100.00519;-7.345365e-21;1.994431;-1.2557096;0.14844537;0.37410855;0.22565573;0.0;0.0;3084.1316;3627.3057;-1709.4922;6535.9062;-872.3;-778.91
2015-10-15;6.6131287;1.3776346;0.010116577;754.8404;0.91568106;124.41622;0.0;-7.3453654e-25;99.99998;-7.345365e-21;0.29157996;-1.3083835;0.017940998;0.24156272;0.22361428;0.0;0.0;3074.375;3612.859;-1667.1294;6466.7188;-908.8911;-750.94556
2015-10-16;7.618571;0.61675006;0.010100047;754.7319;0.97035646;217.76196;0.0;-7.3453654e-25;99.99998;-7.345365e-21;0.009281939;-1.43932;0.00055134296;0.22214651;0.22158027;0.0;0.0;3798.146;4461.8096;-2085.4675;6073.6143;-999.8478;-812.3489
2015-10-17;5.4050903;1.4217936;0.010063171;755.70856;1.1090657;70.94812;0.0;-7.3453654e-25;99.99998;-7.345365e-21;3.7445683;-1.0948684;0.28176606;0.50136447;0.21960586;0.0;0.0;2855.4033;3352.9146;-1816.7659;6164.118;-760.5689;-632.11334
2015-10-18;6.2520547;-3.5547485;-3.6940129;756.366;1.0853232;98.637184;0.001546224;-7.3453654e-25;124.0781;-7.345365e-21;0.0002682209;-1.6361475;0.0;0.21764636;0.21766126;8.940697e-05;0.00026077032;4018.3838;4717.672;-2258.9854;5718.806;-1136.5778;-766.26776
2015-10-19;7.804352;-2.006134;-5.2402344;755.8682;1.0242536;158.40904;0.00081380206;-7.3453654e-25;148.26463;-7.345365e-21;0.0;-1.507055;0.0;0.21569431;0.21568686;7.4505806e-05;0.0;3955.0562;4641.918;-2295.6821;5798.548;-1046.9011;-712.87
2015-10-20;5.6350503;0.6439921;-3.6428337;755.16205;1.0262479;173.5844;0.0;-7.3453654e-25;151.0078;-7.345365e-21;0.9188235;-0.9655198;0.05505979;0.26887655;0.21380186;4.284084e-05;0.0;2547.9734;2989.7834;-1482.5975;6438.4087;-670.7144;-567.1422
2015-10-21;5.9028525;0.18318684;-3.3057964;754.2935;0.98171085;155.75468;0.0;-7.3453654e-25;149.67413;-7.345365e-21;0.44836402;-1.3553603;0.025764108;0.23770332;0.21193922;3.1664968e-05;0.0;3670.514;4305.2725;-1824.4342;6276.92;-941.52386;-936.86224
2015-10-22;5.684967;3.3422444;-1.3312277;754.4426;0.68240714;163.30997;0.0;-7.3453654e-25;145.3369;-7.345365e-21;4.6875954;-1.0334877;0.33806264;0.5482137;0.21014363;1.4901161e-05;0.0;2416.1328;2833.4;-1206.7106;6837.984;-717.92944;-562.3578
2015-10-23;6.1814675;3.2099304;-0.6084239;755.7939;0.83809084;243.90865;0.0;-7.3453654e-25;115.08689;-7.345365e-21;0.7556826;-1.0745115;0.046253204;0.25466084;0.20840764;7.4505806e-06;0.0;2205.7666;2585.77;-1088.6141;7032.9365;-746.4278;-577.3911
2015-10-24;7.597402;3.038147;-0.029659271;755.96515;0.9185799;116.633484;0.0;-7.3453654e-25;100.1087;-7.345365e-21;0.0025749204;-1.3831593;0.00014901161;0.20679832;0.2066493;0.0;0.0;3404.7083;3989.736;-1674.3517;6606.9;-960.835;-751.75
2015-10-25;8.671234;3.1980793;0.010079701;755.0556;0.8708272;176.44458;0.0;-7.3453654e-25;99.99998;-7.345365e-21;1.5658319;-1.2938678;0.106945634;0.3118068;0.20486861;0.0;0.0;3288.787;3852.7266;-1542.4216;6825.3677;-898.80664;-613.23114
2015-10-26;6.4666543;5.967987;0.010096232;753.24615;0.92507553;191.59383;0.0;-7.3453654e-25;100.00779;-7.345365e-21;23.323254;-0.69801325;2.1417737;2.3449957;0.20322204;0.0;0.0;613.1522;718.25665;-84.95333;8021.0693;-484.8861;-278.47333
2015-10-27;5.50412;4.963511;0.009892781;750.5425;0.831393;189.26115;0.0;-7.3453654e-25;100.03416;-7.345365e-21;32.817318;-0.76859725;5.721912;5.923584;0.20166487;0.0;0.0;761.5883;891.79443;-233.78833;7781.545;-533.9189;-289.65778
2015-10-28;5.105438;2.742981;0.0099817915;749.7732;0.69637686;118.6892;0.0;-7.3453654e-25;99.99998;-7.345365e-21;1.5941113;-1.1964831;0.17009676;0.37024915;0.2001375;0.0;0.0;2330.781;2727.881;-1155.9767;6883.622;-831.1567;-552.7011
2015-10-29;4.313253;2.3777668;0.010040283;750.39667;0.8506469;79.412254;0.0;-7.3453654e-25;100.00519;-7.345365e-21;5.927968;-1.2245057;0.73453784;0.933215;0.19867718;0.0;0.0;1967.1895;2301.5078;-933.9278;6963.0283;-850.62335;-455.54333
2015-10-30;3.2723286;2.3337505;0.001780192;752.0467;0.5958881;97.53253;0.08227539;1.0927518e-05;105.00714;-7.345365e-21;6.9381323;-0.80590695;0.92582405;1.1231601;0.19733608;0.0056307763;0.016868114;1060.4377;1240.8789;-468.02444;7304.938;-559.82666;-338.4711
2015-10-31;3.2770894;0.3199768;-0.121603645;753.64014;0.8029087;113.03591;0.061035156;8.980433e-06;109.35317;-7.345365e-21;3.7929893;-1.3676574;0.47820807;0.67424774;0.19603968;0.003663823;0.0;2692.885;3149.328;-1324.0638;6538.604;-950.06445;-622.52
2015-11-01;0.8052775;-3.8443706;-5.0629807;754.8875;1.4950844;43.737232;0.1303711;1.9272169e-05;113.205055;-7.345365e-21;0.27251244;-1.3054768;0.02783537;0.22262335;0.19477308;0.00433065;0.027477741;2730.531;3192.9521;-1815.7861;5691.3867;-906.885;-667.36224
2015-11-02;-1.2033691;-7.5099792;-9.6336355;753.59985;1.4981084;39.38927;0.2553711;3.6001205e-05;133.80824;-7.345365e-21;0.012676971;-1.2973258;0.0008046627;0.19437075;0.19356608;0.003889203;0.010106713;3344.3977;3913.9412;-2249.265;5007.4233;-901.26556;-814.14667
2015-11-03;0.004740397;-8.92332;-10.608442;753.9351;0.8428133;111.4708;0.22867839;3.4213066e-05;149.10284;-7.345365e-21;0.00044107434;-1.1205878;0.00074505806;0.19314885;0.19239634;0.0052768737;0.0;3600.74;4211.931;-2467.65;4765.635;-778.45886;-580.05
2015-11-04;2.4278462;-5.441752;-8.736954;754.4722;0.8997298;67.95927;0.17805989;2.69413e-05;150.92967;-7.345365e-21;0.0008583069;-1.115052;0.001206994;0.1924634;0.19126385;0.008355826;0.0;3504.3528;4096.7256;-2278.0034;5143.32;-774.5956;-395.38556
2015-11-05;2.9192708;-4.478424;-6.204737;753.8662;0.7925436;145.32936;0.1319987;1.9629797e-05;150.92967;-7.345365e-21;1.0315597;-0.85987896;0.103235245;0.29340386;0.19016862;0.006193295;0.0;2470.6194;2886.6555;-1559.3127;5870.3237;-597.3333;-199.69556
2015-11-06;2.6137798;-0.7752482;-4.7237344;752.19855;0.8533575;74.255684;0.0925293;1.4146169e-05;150.92967;-7.345365e-21;0.09405017;-0.88851714;0.009506941;0.19862503;0.18911809;0.005800277;0.0;2532.1768;2956.912;-1502.581;6079.7666;-617.2211;-360.15887
2015-11-07;2.3987324;-2.6284688;-5.7414756;753.04297;0.85697573;68.89106;0.05940755;8.781751e-06;150.92967;-7.345365e-21;0.0029206276;-1.0428187;0.0008493662;0.18891692;0.188075;0.0043381006;0.0;2682.0073;3130.3677;-1627.9745;5930.074;-724.41113;-457.0111
2015-11-08;1.3790182;-1.0809122;-4.653454;751.26996;0.68962425;151.67479;0.04378255;6.477038e-06;148.3727;-7.345365e-21;2.6555061;-0.83166826;0.28556585;0.47263503;0.18706173;0.0025015324;0.005416572;2425.2988;2829.3333;-1295.0339;6194.214;-577.73114;-443.31555
2015-11-09;-0.05173747;-0.556427;-0.94625473;746.02875;0.7465987;181.29187;6.5731606;0.0010999838;142.86847;7.3242188;8.270234;-0.8944506;0.4207939;0.6069094;0.18610805;0.10082126;4.3591037;1416.5922;1669.9667;-423.63165;7076.1724;-621.4133;-583.6089
2015-11-10;-3.0920513;-4.0364785;-3.3445027;741.9228;0.76472133;152.15007;75.01465;0.011405627;134.80727;82.07194;11.773753;-0.3189789;0.07480383;0.25999546;0.18517673;0.24332479;11.184998;790.47833;1891.8922;-669.82776;6266.9004;-230.08;-216.70334
2015-11-11;-3.928711;-5.6192627;-2.6337802;745.2964;1.2016279;187.651;97.18424;0.01535213;150.08104;102.33561;1.3869967;-0.33914578;0.07407367;0.25832653;0.18425286;0.51464885;1.1764877;1007.5856;3321.26;-693.6728;6141.379;-256.08945;-208.70667
2015-11-12;-1.1206055;-2.512675;-1.644015;751.449;1.1013141;237.79968;96.2124;0.015025894;150.71776;100.01627;0.52606165;-0.26643836;0.28948486;0.47282875;0.18335134;2.0244215;0.27289987;846.24664;2556.021;-646.5467;6414.7485;-200.69221;-120.97111
2015-11-13;-1.3387655;-3.5454407;-3.865401;753.6132;1.0461162;165.48386;83.02059;0.012484868;151.88539;82.92643;0.23630731;-0.3383672;0.40701032;0.58946013;0.18244982;2.8818288;0.016905367;1542.84;3671.081;-1086.0155;5806.848;-240.00778;-153.02
2015-11-14;-1.192688;-8.024652;-7.4989395;753.191;0.8796975;140.76514;66.71989;0.0100945635;152.76625;66.56901;0.018495325;-0.5372176;0.3171414;0.49871206;0.18157065;2.2291355;0.0059381127;1937.78;3733.1821;-1721.4233;5069.7856;-377.7611;-198.06334
2015-11-15;0.39117432;-5.4303207;-7.8817353;751.50854;0.937855;182.67421;51.216553;0.0077522197;153.31346;51.10677;0.0014901161;-0.51181114;0.3386736;0.5193651;0.18070638;2.342146;0.00062584877;2264.6372;3746.4045;-1640.1011;5174.4463;-357.08667;-173.6789
2015-11-16;0.2120158;-2.8065999;-2.031779;749.85645;0.9015548;236.45564;43.5118;0.006812215;151.21027;44.596355;8.771616;-0.6619757;0.35052;0.5303621;0.17984957;1.835823;7.7213945;2008.2755;2982.9766;-934.49054;6412.271;-464.7789;-332.73
2015-11-17;-0.6723226;-1.0145988;-0.12909317;746.5876;0.63281757;144.39357;98.559814;0.020368656;147.50746;136.55598;13.843322;-0.09300187;0.47957897;0.6586462;0.1790598;1.4608204;11.542291;376.87332;1314.8656;-221.85722;7006.864;-70.225;-102.03778
2015-11-18;-1.0050354;-2.180888;-0.5647888;746.6879;0.69212395;100.746735;99.490395;0.024667382;154.15851;160.40039;2.210945;-0.122205354;0.34374;0.5220324;0.1782924;1.7113202;1.2094975;696.35834;2311.0322;-536.92944;6602.0244;-90.76222;-89.503334
2015-11-19;-2.5316646;-3.220052;-1.1056303;749.9858;0.65648276;175.1454;99.45345;0.026185075;157.01105;166.58528;3.582099;-0.15894231;0.2014488;0.37899613;0.17754734;1.0510757;3.0074306;713.16;2152.6477;-643.3345;6422.9067;-120.662224;-142.64444
2015-11-20;-5.8150153;-10.6216545;-7.8778033;751.56445;1.0542606;20.081404;99.09611;0.026795825;160.85121;166.78874;0.0058859587;-0.19078143;0.046938658;0.22375584;0.17680973;0.33546054;0.0041686;1166.9672;3399.7988;-1442.7927;4914.0894;-141.58444;-81.64667
2015-11-21;-6.381935;-12.7774725;-10.871711;752.28705;1.331971;55.18359;98.156006;0.025758943;163.92706;156.69759;0.0030100336;-0.1418339;0.21125376;0.3873706;0.17610937;1.4193356;0.0;1330.2744;3653.5134;-1555.1738;4506.662;-102.17555;15.281111
2015-11-22;-4.5445137;-14.882408;-11.16922;754.5747;1.3613997;32.92002;97.212074;0.02434369;167.16273;145.1823;0.0008583069;-0.16226712;0.20481646;0.38024783;0.17540902;1.3694167;0.0;1408.0222;3668.7222;-1672.4784;4393.314;-116.92778;75.835556
2015-11-23;-5.130276;-14.188426;-11.849701;756.4456;1.7207438;13.409926;96.41382;0.022795955;171.39125;132.52766;0.0;-0.14740415;0.2413392;0.41608512;0.17474592;1.5946329;0.0;1465.71;3649.4822;-1727.5522;4275.045;-106.29222;100.03111
2015-11-24;-1.5886027;-12.416554;-10.356173;757.43896;1.4518114;15.092284;94.946205;0.02031668;173.53514;116.73991;0.00042617318;-0.16208924;0.4568398;0.63094497;0.17409027;2.9486642;0.0;1482.1483;3530.0234;-1573.3;4634.379;-116.76722;91.367775
2015-11-25;0.75041705;-10.754323;-8.541621;756.39557;0.96069556;249.99681;91.32064;0.017038902;174.54198;97.12728;0.0;-0.19521174;0.5354285;0.70887804;0.17345697;3.3694954;0.0;1530.1;3445.7366;-1462.46;4938.5054;-140.34445;46.94889
2015-11-26;-0.19466145;-8.36583;-5.6783752;755.08307;0.8202095;258.84894;80.68197;0.014154434;175.43292;80.200195;0.028222797;-0.36963636;0.38588047;0.55873394;0.17285347;2.3718066;0.009782612;1386.3239;2774.6934;-1143.1411;5554.3477;-269.56888;-23.943333
2015-11-27;-0.90618896;-7.486593;-4.5504813;753.7876;0.7803693;151.88972;69.9838;0.012347023;175.8841;69.86491;0.08804035;-0.3602421;0.21907687;0.3913641;0.17227978;1.342453;0.08291006;914.4744;1641.2189;-777.70886;6103.168;-264.13443;-48.738888
2015-11-28;-0.5407715;-3.7483215;-7.1911874;752.6965;0.82702357;162.85085;56.265057;0.009873589;176.38148;55.86751;0.0005304813;-0.32840484;0.5122423;0.6839931;0.17172843;3.1077006;0.00010430813;1935.3928;3142.179;-1520.51;5269.9746;-229.20334;-146.18222
2015-11-29;-2.0632527;-2.8241882;-2.2944183;750.51337;0.9848477;247.43591;48.805096;0.008499742;172.4824;48.990887;3.7100701;-0.34388247;0.4929304;0.66414475;0.17119944;1.5922822;1.9171312;1461.1;2155.7244;-586.54553;6559.6436;-243.9611;-362.31332
2015-11-30;-2.010905;-4.5820413;-4.2299423;751.2203;0.7013808;230.87065;51.607098;0.008665721;163.19398;52.490234;6.3376336;-0.5803118;0.25957823;0.43028593;0.1707077;1.4057885;5.876042;1632.5;2525.3254;-983.79553;6014.2065;-413.88443;-316.26443
2015-12-01;-1.7335714;-1.9551086;-0.44809723;748.4956;0.8304052;200.20107;99.54712;0.029795408;142.55434;203.81673;25.510714;-0.10860991;0.42665005;0.5968958;0.17024577;0.5726665;22.442865;257.29556;967.0389;-129.1811;7028.315;-83.814445;-122.21555
2015-12-02;-4.6171775;-6.0026855;-3.2768605;747.4436;1.3160318;208.12602;100.0;0.038648207;151.8867;253.98763;4.0476084;-0.22336282;0.00035762787;0.17014146;0.16979873;0.0;3.8661063;685.50836;2424.91;-671.12445;6132.8945;-170.94167;-122.827774
2015-12-03;-8.716388;-10.326779;-7.5557137;741.85333;1.0157137;229.93115;100.0;0.07124873;133.42738;532.1452;42.629345;-0.05022064;0.0;0.1693815;0.16938895;0.0;42.557896;116.52167;504.35443;-469.23666;5906.7095;-39.113335;-47.532223
2015-12-04;-16.629747;-21.406153;-18.371147;747.32544;1.1332262;54.96782;100.0;0.08519081;145.27895;588.7044;0.013071299;-0.046931207;0.0;0.16900897;0.16900897;0.0;0.010453165;752.13165;3227.5334;-1310.92;3941.8232;-33.93778;-99.10889
2015-12-05;-17.316721;-22.083872;-24.472658;749.62604;1.8270158;21.185587;100.0;0.08525308;151.5449;562.9069;0.25814772;0.006747432;0.0;0.16862154;0.16862154;0.0;0.25125593;799.7117;3339.8867;-892.5961;4010.6633;7.2566667;89.89555
2015-12-06;-11.52093;-15.721291;-17.23123;748.4455;1.862981;19.120403;100.0;0.08678702;151.15395;573.9746;2.462991;-0.0022770837;0.0;0.16826391;0.16826391;0.0;2.4536774;579.5922;2379.2222;-511.26443;5139.1953;0.5927778;62.482224
2015-12-07;-8.80705;-16.563864;-18.35089;753.64545;1.6604229;11.663737;100.0;0.08803078;152.44203;577.88086;8.940697e-05;-0.011705793;0.0;0.16790628;0.16790628;0.0;8.940697e-05;819.66614;3303.7422;-1147.0673;4226.3384;-5.59;129.34445
2015-12-08;-5.132383;-11.225716;-15.941386;754.2382;1.4074558;62.567642;100.0;0.08806944;154.85121;569.17316;0.0;0.0123037025;0.0;0.16756356;0.16756356;0.0;0.0;803.07776;3153.3555;-842.9689;4874.832;13.180555;112.69222
2015-12-09;-6.808088;-14.371796;-16.344578;754.493;1.59791;12.964116;100.0;0.088115215;157.59471;559.12274;0.0017136335;-0.007131137;0.0;0.16723573;0.16722828;0.0;0.0;859.355;3289.959;-1288.4438;4263.2563;-1.6644444;145.3211
2015-12-10;-8.36568;-16.650385;-19.31019;755.1946;1.7768968;12.730404;100.0;0.08815535;159.78871;551.8392;0.00085234636;0.001532957;0.0;0.16692281;0.16690046;0.0;0.0;890.44275;3325.8032;-1248.885;4059.1921;4.46;181.26445
2015-12-11;-8.862606;-18.98757;-18.50709;752.22705;1.2328881;45.943005;100.0;0.0881801;161.7477;545.4915;0.0;-0.028365292;0.0;0.16659498;0.16658753;0.0;0.0;842.8722;3072.8079;-952.32446;4489.032;-18.69111;90.72
2015-12-12;-8.863311;-16.070185;-18.328087;750.1175;1.154427;36.25031;100.0;0.08819803;163.81346;538.8997;0.0017020102;-0.0084666535;0.0;0.16628206;0.1662746;0.0;0.0;904.55444;3220.8423;-1190.315;4208.499;-3.5055556;84.47111
2015-12-13;-6.8055396;-12.138799;-14.762764;749.3415;1.117239;12.618062;100.0;0.089069165;165.23598;538.98114;3.0211923;-0.005826354;0.0;0.16596913;0.16596913;0.0;2.780363;699.72833;2433.6833;-238.97945;5694.086;-2.05;40.444443
2015-12-14;-4.3202147;-6.5295258;-6.315603;747.5293;1.2585782;21.310255;100.0;0.09845499;162.0348;606.6081;10.028827;-0.037739053;0.0;0.16567111;0.16567111;0.0;9.572391;457.7028;1830.7833;-412.27945;6209.2456;-26.577778;-18.23889
2015-12-15;-6.4652076;-9.010746;-9.666987;749.27246;0.9289932;70.6341;100.0;0.10134951;165.65167;612.6302;0.015991926;-0.01841411;0.0;0.16537309;0.16538054;0.0;0.0134296715;742.0672;2926.9268;-1111.5911;4984.6704;-10.511111;-18.546667
2015-12-16;-9.165137;-11.807914;-11.9830475;750.71783;0.98963994;170.76509;100.0;0.101489305;169.26756;600.3418;0.1585625;-0.008369796;0.0;0.16510487;0.16508996;0.0;0.15598908;636.0589;2455.7766;-709.62836;5289.8335;-3.9655557;-13.724444
2015-12-17;-7.7350082;-11.681179;-11.057395;750.4758;0.9391025;31.574434;100.0;0.10162369;172.69725;589.15204;0.19150972;-0.02511777;0.0;0.16480684;0.16480684;0.0;0.18200278;584.61725;2198.169;-568.0278;5570.8823;-16.694445;-9.258889
2015-12-18;-8.771287;-12.577381;-13.648727;750.7587;0.9874987;33.827435;100.0;0.101771116;175.95343;579.06085;0.0012159348;-0.012861565;0.0;0.16450882;0.16453117;0.0;0.00029429793;836.0011;3077.1123;-1285.055;4443.8613;-6.657778;14.356667
2015-12-19;-11.702666;-16.514198;-17.200396;752.196;1.2931461;14.907738;100.0;0.10179707;178.37758;571.28906;0.0008791685;-0.008529052;0.0;0.1642555;0.1642406;0.0;0.0008754432;870.94446;3127.6921;-1172.9362;4289.4976;-3.6033332;36.32111
2015-12-20;-11.667023;-17.842705;-19.00297;750.88257;1.1644365;109.29215;100.0;0.10182241;180.30858;565.3483;0.0;-0.011503696;0.0;0.16397238;0.16397238;0.0;0.0;895.7039;3141.6833;-1215.1322;4102.9062;-6.1055555;63.594444
2015-12-21;-11.765624;-18.73397;-19.747068;752.3955;1.4506565;7.527784;100.0;0.10184296;181.99477;560.2214;0.0030047786;-0.011770986;0.0;0.16370416;0.16370416;0.0;0.0;918.8211;3149.2388;-1080.8672;4220.4204;-6.317222;88.87111
2015-12-22;-7.6381264;-13.547578;-17.223253;755.333;1.4244324;22.924952;100.0;0.10187805;183.79848;555.013;0.0004351138;0.008000992;0.0;0.16343594;0.16344339;0.0;0.0;920.9778;3087.3767;-1017.0989;4552.912;9.214444;102.65889
2015-12-23;-7.4417863;-14.536957;-16.785463;752.57404;1.0781976;176.95235;100.0;0.1019119;185.84503;549.1536;0.0008821486;-0.00756979;0.0;0.16316772;0.16316772;0.0;1.8626451e-05;967.9044;3174.87;-1288.1644;4230.985;-2.961111;89.66111
2015-12-24;-9.805121;-15.958218;-17.480827;752.3294;1.4477237;12.103069;100.0;0.101940155;187.74217;543.7419;0.001180172;-0.0062976032;0.0;0.1628995;0.1629144;0.0;0.00032410026;975.8394;3133.8777;-1183.1873;4303.6426;-1.8688889;80.772224
2015-12-25;-8.010158;-15.19091;-16.869192;752.8569;1.4006578;6.657309;100.0;0.10196897;189.61815;538.5335;0.0008523463;-0.0058505684;0.0;0.16266108;0.16265363;0.0;0.0;1004.2106;3158.4045;-1263.4033;4283.0312;-1.3966666;99.76444
2015-12-26;-8.6868515;-18.612272;-17.726034;753.96625;1.2373685;6.5565543;100.0;0.10199281;191.42381;533.5286;0.0008523463;-0.02612453;0.0;0.16239285;0.16239285;0.0;0.0;1025.7139;3160.5667;-1242.8262;4219.298;-17.182222;93.35222
2015-12-27;-7.7821565;-18.03311;-17.233553;755.95844;1.2142943;66.01428;100.0;0.10200206;193.1764;528.7679;0.0008523463;-0.029401854;0.0;0.16213953;0.16213953;0.0;0.0;1056.3756;3190.8088;-1276.6122;4231.902;-19.506666;94.08667
2015-12-28;-6.8005843;-15.613823;-16.206505;756.3264;1.1542233;20.879128;100.0;0.10201681;194.98077;523.9258;0.0008523463;-0.02366677;0.0;0.16188622;0.16187876;0.0;0.0;1069.3389;3167.341;-1199.695;4435.5957;-14.9788885;84.37111
2015-12-29;-5.447281;-14.810982;-14.383412;752.64484;0.7763073;119.430504;100.0;0.10203425;196.93097;518.7988;0.010001659;-0.03154762;0.0;0.1616329;0.1616329;0.0;0.008717179;1023.2528;2973.3745;-857.5789;5002.2285;-21.37;48.577778
2015-12-30;-6.751288;-9.507229;-8.752422;740.7132;0.73781496;152.4065;100.0;0.106374145;190.1162;559.0007;8.079097;-0.0153928995;0.0;0.16137958;0.16137958;0.0;8.062511;317.30222;1016.56335;-22.555555;6427.9985;-11.255555;-37.485554
2015-12-31;-7.933535;-8.939399;-6.779898;739.8736;1.4129567;200.7505;100.0;0.12508933;169.78514;739.0137;40.54469;-0.10933727;0.0;0.16114116;0.16114861;0.0;40.500095;243.43556;941.1556;-72.11889;6462.495;-85.022224;-168.70111
2016-01-01;-9.206196;-10.600246;-7.6209846;737.5804;1.167158;195.85103;100.0;0.1794287;145.87108;1225.7894;54.07186;-0.105368905;0.0;0.16091764;0.16091019;0.0;54.046555;103.041115;447.13223;-103.355;6328.8716;-82.505554;-133.41
2016-01-02;-15.213412;-17.885544;-12.256984;740.15094;1.5479299;199.41168;100.0;0.21033168;150.27895;1399.3326;7.936716;-0.12582633;0.0;0.16066432;0.16066432;0.0;7.9297724;529.73724;2296.5422;-678.1067;5155.2344;-96.97667;-227.11444
2016-01-03;-17.038656;-19.713167;-15.754346;744.67426;1.2753738;227.21223;100.0;0.2146358;152.88084;1404.7445;1.3884157;-0.06266683;0.0;0.1604259;0.16043335;0.0;1.3826118;657.67053;2807.1611;-909.41;4639.9766;-47.080555;-138.51778
2016-01-04;-13.831286;-17.436155;-18.331175;747.30005;0.8291388;214.4688;100.0;0.21522558;157.75746;1364.8682;1.5877783;-0.0080941245;0.0;0.16018748;0.16018748;0.0;1.5842094;708.5111;2943.4055;-561.6178;4902.8057;-4.216111;-25.112223
2016-01-05;-8.379287;-9.332405;-13.084123;747.2933;0.9110418;239.14885;100.0;0.22854216;154.41698;1477.1729;19.65018;0.028489158;0.0;0.15996397;0.15995651;0.0;19.638367;209.3689;887.10114;306.09445;6506.703;22.354445;9.652223
2016-01-06;-4.1960855;-4.926534;-7.6240134;748.4808;0.83410573;219.72975;100.0;0.24283516;159.42479;1525.2279;6.5718174;0.004440546;0.0;0.15972555;0.1597181;0.0;6.5670276;414.60165;1780.5422;3.8138888;6646.4556;5.4666667;-41.953335
2016-01-07;-2.5248718;-3.0893657;-4.166819;749.0284;0.86586636;205.81361;100.0;0.24682005;172.89972;1429.0365;11.514586;-0.010956079;0.0;0.15948713;0.15948713;0.0;10.729458;325.81332;1374.3778;8.086667;6948.483;-7.04;-45.052223
2016-01-08;-4.603353;-5.3779807;-2.6890347;741.91943;0.8733587;195.97133;100.0;0.29009762;175.8255;1643.6361;57.061096;-0.14755502;0.0;0.15926361;0.15925616;0.0;56.50798;121.04611;523.2133;-121.14167;6772.938;-115.45389;-149.95
2016-01-09;-6.4041953;-8.904178;-5.515316;741.8768;0.57957524;152.552;100.0;0.3240734;179.26527;1810.3842;9.294468;-0.104826875;0.0;0.15902519;0.15901774;0.0;9.288862;526.8383;2290.2012;-920.205;5551.501;-78.75445;-84.23111
2016-01-10;-7.772817;-12.048271;-10.162297;749.1814;0.880105;89.36663;100.0;0.32584527;191.52147;1704.305;0.037926435;-0.05022995;0.0;0.15877187;0.15878677;0.0;0.034514815;767.0589;3235.631;-1182.3811;4795.769;-34.895557;-56.684444
2016-01-11;-5.8476486;-13.330802;-13.023572;750.8386;0.7917231;206.01997;100.0;0.32586238;199.80629;1633.0973;0.0033676624;-0.024201348;0.0;0.15854836;0.1585409;0.0;0.0014305115;692.87836;2844.9246;-921.1289;4920.4766;-15.532778;37.34778
2016-01-12;-5.1898904;-9.946078;-13.3606415;750.27496;0.81107634;146.83089;100.0;0.3259107;206.53807;1579.7933;0.011473894;0.0050365925;0.0;0.15829504;0.15830249;0.0;0.011466444;850.08057;3396.4023;-1065.9756;4775.883;7.32;36.87
2016-01-13;-5.236969;-8.669373;-14.0448065;749.5693;0.85450125;274.95303;100.0;0.32596424;212.44855;1535.9293;0.0020249763;0.018402003;0.0;0.15807152;0.15807152;0.0;0.00074133277;864.5628;3366.2856;-973.54224;4827.183;17.595556;42.623333
2016-01-14;-6.948934;-7.798262;-11.761161;746.55396;1.1240122;250.68518;100.0;0.3277811;217.06313;1509.9691;9.999189;0.039013103;0.0;0.1578331;0.15784055;0.0;9.8386965;443.00168;1680.4133;120.35722;6426.9067;31.364445;-5.4344444
2016-01-15;-5.8909225;-6.771178;-7.773439;747.78046;0.9838071;145.06776;100.0;0.34649292;213.62856;1622.1517;10.089418;-0.0021848828;0.0;0.15762448;0.15761703;0.0;10.062736;415.94724;1782.6589;-363.83334;6151.937;0.023333333;-49.966667
2016-01-16;-5.9098015;-12.573139;-9.991525;751.1291;1.0309955;41.592632;100.0;0.34833205;221.15623;1577.474;0.0037550926;-0.06062351;0.0;0.15738606;0.15737861;0.0;0.0028908253;852.7189;3572.5532;-1369.795;4599.047;-41.835556;2.47
2016-01-17;-3.4413059;-14.593174;-12.4374895;750.9793;0.8697004;211.86467;100.0;0.3483374;227.42152;1533.4473;0.00044107437;-0.05434826;0.0;0.15714765;0.1571402;0.0;0.0;870.2928;3541.7422;-1146.8511;4731.094;-37.415;62.744446
2016-01-18;-4.183613;-10.240005;-11.887021;746.5777;0.5884787;220.0771;100.0;0.35558394;227.12921;1564.1683;24.835468;-0.0018030405;0.0;0.15690923;0.15690178;0.0;24.332613;494.28555;1958.0233;-52.88;6166.6216;0.24277778;21.418888
2016-01-19;-6.6042113;-7.5256004;-7.685842;743.02435;1.4154054;194.3196;100.0;0.39210716;210.6533;1859.1309;28.563648;-0.01652725;0.0;0.15667081;0.15667081;0.0;28.262165;563.69666;2463.3389;-297.53555;6258.009;-10.04;-83.68
2016-01-20;-7.3296432;-8.838597;-7.4669776;749.0671;1.0645367;234.45203;100.0;0.40759432;213.21483;1914.7135;4.045844;-0.077674165;0.0;0.15643239;0.15643984;0.0;4.0387588;679.31165;2940.8555;-779.83136;5577.5635;-56.97;-105.706665
2016-01-21;-6.64696;-10.578784;-9.337142;751.9274;0.68494636;119.68756;100.0;0.40820026;223.03448;1833.2113;0.024831295;-0.051991083;0.0;0.15619397;0.15620887;0.0;0.021401793;818.9106;3449.1755;-1129.7742;4994.82;-35.735554;-71.342224
2016-01-22;-6.1001687;-12.599869;-11.97411;750.4519;0.73749924;157.48235;100.0;0.4082147;230.4912;1773.3561;0.00010430813;-0.03622286;0.0;0.15597045;0.1559779;0.0;0.00010803342;829.76556;3400.5754;-1056.035;4850.74;-24.034445;-0.8655556
2016-01-23;-6.3766;-9.431835;-10.829398;746.04877;0.60459685;161.21455;100.0;0.41348413;232.65721;1775.5533;20.493305;0.006221235;0.0;0.15574694;0.15573949;0.0;20.071693;465.0889;1869.8088;-87.64278;6215.2305;6.551111;-20.863333
2016-01-24;-7.497795;-10.036205;-8.533469;741.73724;0.78617954;219.50511;100.0;0.43885663;220.55565;1988.8916;17.328773;-0.037269667;0.0;0.15552342;0.15551597;0.0;17.22416;454.19666;1963.8656;-434.62167;5944.98;-27.102222;-56.352222
2016-01-25;-12.527125;-14.967163;-10.219799;739.0457;1.211048;195.2257;100.0;0.4534055;217.1852;2087.6465;10.536522;-0.10705367;0.0;0.1552999;0.15529245;0.0;10.516505;491.22778;2120.0222;-756.35834;5277.6323;-81.996666;-148.92
2016-01-26;-16.39897;-20.0874;-14.284668;740.6814;1.0292797;139.81143;100.0;0.4587429;219.08397;2096.2322;1.1448756;-0.107938424;0.0;0.15506148;0.15506148;0.0;1.141455;815.68225;3472.6821;-1345.8173;4172.407;-81.69889;-198.25778
2016-01-27;-17.965033;-24.139063;-19.670967;743.27563;0.8919589;45.818817;100.0;0.45900044;224.09471;2050.1301;0.06328821;-0.035093166;0.0;0.15483797;0.15483797;0.0;0.05984679;909.9744;3780.0244;-1497.7694;3568.6692;-24.505556;-75.44222
2016-01-28;-16.122652;-24.845642;-22.790337;745.73364;1.0833621;71.00836;100.0;0.45903286;227.6546;2018.3512;1.4901161e-05;-0.029736198;0.0;0.15459955;0.154607;0.0;1.4901161e-05;1001.3478;4045.4111;-1338.3044;3585.6162;-20.097778;8.52
2016-01-29;-11.930499;-19.98009;-22.313711;749.71747;1.1307088;55.347885;100.0;0.45904565;230.73175;1991.4144;0.0008523463;-0.012180768;0.0;0.15436113;0.15437603;0.0;0.0;1022.7222;4025.061;-944.385;4215.6274;-6.328889;61.564445
2016-01-30;-8.621623;-13.637138;-18.7413;752.12286;1.0416036;45.090687;100.0;0.45915607;234.18488;1962.443;0.13940334;0.0013457611;0.0;0.15416741;0.15415251;0.0;0.1325868;862.17;3313.8354;-338.75388;5322.3135;4.1666665;28.322222
2016-01-31;-9.156064;-12.272507;-15.111159;752.0825;1.0014676;60.00484;100.0;0.45927465;238.78188;1925.2523;0.046908855;-0.010723248;0.0;0.1539141;0.15392154;0.0;0.021416694;992.445;3720.8577;-861.0789;4962.4316;-4.3377776;-33.76
2016-02-01;-8.8675165;-11.222168;-14.347351;750.35394;0.8693385;172.31873;100.0;0.4593375;243.80174;1886.3119;0.010140204;-0.011391938;0.0;0.15369058;0.15369058;0.0;0.007148832;1090.2289;3990.8389;-911.22833;4925.349;-4.7011113;-52.495556
2016-02-02;-7.990045;-9.211299;-11.490403;748.9182;0.8173856;215.91856;100.0;0.46048543;248.15721;1857.0963;1.9729198;-0.003643334;0.0;0.15346706;0.15345961;0.0;1.9648373;622.78;2256.2156;-112.88;6195.3022;-0.8488889;-63.54889
2016-02-03;-6.744349;-11.727429;-9.837048;753.60284;1.0111781;48.779175;100.0;0.4613595;253.76398;1820.109;0.009602307;-0.08188747;0.0;0.15322864;0.15323609;0.0;0.007029623;1096.4333;3962.68;-1229.7494;4926.6436;-58.15;-89.60778
2016-02-04;-3.351181;-14.120196;-11.498364;756.15436;1.042852;48.363163;100.0;0.46136078;259.3812;1780.3549;0.00086672744;-0.07669069;0.0;0.15300512;0.15299022;0.0;0.0;1219.865;4307.8267;-1448.9395;4519.5405;-53.15333;49.775555
2016-02-05;-2.245552;-13.556206;-11.959723;754.2912;0.7161557;124.5566;100.0;0.4613652;264.18784;1748.2096;0.0004351138;-0.06977655;0.0;0.1527518;0.1527518;0.0;0.0;1195.165;4125.3623;-1346.3739;4628.551;-48.344444;24.65
2016-02-06;-4.2895813;-7.1608977;-10.697132;746.5708;0.5066686;161.19032;100.0;0.46421313;266.0521;1744.9951;7.986951;0.009799376;0.0;0.15252829;0.15252084;0.0;7.958025;558.45886;1956.39;94.371666;6520.694;9.362223;-26.828888
2016-02-07;-6.301534;-7.5470443;-7.7432733;743.1059;0.6518704;114.75707;100.0;0.4803543;257.6517;1863.6881;15.790075;-0.014102086;0.0;0.15230477;0.15230477;0.0;15.784621;365.97556;1513.7145;-350.91165;6130.129;-9.713333;-43.116665
2016-02-08;-7.709066;-10.496572;-8.434083;747.05927;0.84824127;42.722668;100.0;0.486221;259.73502;1873.9828;0.49103796;-0.077398494;0.0;0.15208125;0.1520738;0.0;0.48448145;874.14056;3661.6067;-963.2633;5285.029;-55.08;-133.27667
2016-02-09;-8.285653;-12.281642;-9.842982;751.3452;0.9746205;68.984436;100.0;0.48646525;265.70767;1832.6416;0.027999282;-0.07739663;0.0;0.15184283;0.15183538;0.0;0.024650246;1046.3872;4262.4155;-1293.6272;4782.287;-54.24222;-115.58667
2016-02-10;-8.549453;-14.541093;-11.747185;749.1441;1.1598986;29.979712;100.0;0.48647878;270.6481;1799.0723;0.005292892;-0.07944554;0.0;0.15160441;0.15160441;0.0;0.0035837293;1092.2433;4338.289;-1217.6355;4709.033;-55.766666;-89.61
2016-02-11;-7.7097754;-15.848335;-13.507752;748.5737;0.9118107;146.90956;100.0;0.48648027;274.70377;1772.3795;0.0008583069;-0.074597076;0.0;0.151366;0.151366;0.0;0.0;1221.9495;4726.3687;-1570.1228;4122.6543;-51.785557;-20.98889
2016-02-12;-5.826885;-14.72583;-14.073115;750.94696;0.95274806;61.521557;100.0;0.4864844;278.13608;1750.1221;0.0;-0.06654486;0.0;0.15112758;0.15112013;0.0;0.0;1209.5;4562.2935;-1216.1259;4592.963;-45.46;8.826667
2016-02-13;-4.24085;-11.860069;-13.225125;751.4229;0.9292787;68.03425;100.0;0.48650503;281.4896;1729.6549;0.0025796227;-0.04996173;0.0;0.15088916;0.15088171;0.0;0.0;1259.4906;4636.5244;-1167.4288;4774.447;-32.485554;13.051111
2016-02-14;-3.6403503;-8.368083;-11.482015;751.4462;0.7708847;189.13179;100.0;0.4869047;284.63672;1712.2396;0.4542768;-0.03316067;0.0;0.15065074;0.15065074;0.0;0.43394044;1173.62;4249.2188;-796.33276;5417.44;-20.251112;-43.95222
2016-02-15;-3.966573;-8.92983;-9.726481;754.9941;1.103121;78.15632;100.0;0.4870195;288.514;1689.5345;0.003947532;-0.054745935;0.0;0.15041232;0.15040487;0.0;0.00094622374;1297.9395;4593.6167;-1223.8212;5048.9155;-35.343334;-40.781113
2016-02-16;-2.8357952;-10.67921;-9.6032915;758.2451;1.4209591;15.673509;100.0;0.4870412;292.5026;1666.3412;0.0008463859;-0.088680536;0.0;0.1501739;0.150159;0.0;0.0;1398.3689;4836.189;-1424.5566;4805.793;-60.892223;28.692223
2016-02-17;-1.4256693;-7.9270325;-9.049703;758.4858;1.26423;13.231214;100.0;0.4870657;296.35385;1644.6533;0.0008523463;-0.05516596;0.0;0.14993548;0.14991313;0.0;0.0;1426.2983;4824.1787;-1342.7761;4995.729;-35.326668;12.046667
2016-02-18;-0.895284;-8.189351;-8.652568;752.94556;0.87029725;213.05971;100.0;0.48708892;300.1722;1624.1049;0.0014901161;-0.087419525;0.0;0.14966726;0.14966726;0.0;2.9802322e-05;1498.6428;4958.6006;-1451.6927;4872.7344;-59.90111;-7.901111
2016-02-19;-2.1826172;-4.452479;-6.999807;748.48285;1.0475279;246.8633;100.0;0.487641;303.74936;1606.4047;3.454852;0.023509376;0.0;0.14942884;0.14942884;0.0;2.5760307;1041.6133;3377.5933;-402.7639;6302.7524;22.565556;-32.803333
2016-02-20;-2.188385;-2.9599304;-3.3754578;745.627;0.94859934;208.22888;100.0;0.49774125;300.04135;1659.0576;7.978293;-0.10643341;0.0;0.14919043;0.14919788;0.0;7.4349976;774.8728;2943.9421;-200.17111;6839.438;-78.73333;-146.19
2016-02-21;-1.7551779;-2.535347;-1.7985941;748.1104;0.9158239;140.41603;100.0;0.5017176;303.90918;1652.6285;3.4098635;-0.13437681;0.0;0.14896691;0.14896691;0.0;1.8612072;923.4694;3470.5884;-642.20557;6387.2393;-99.31555;-161.90111
2016-02-22;-1.3813477;-2.1007183;-0.9744517;747.7097;0.7464487;76.89827;100.0;0.5190098;300.31284;1726.4811;30.62866;-0.08983165;0.05891919;0.20764768;0.14873594;0.071335584;26.423216;411.5478;1571.1578;-231.78027;6918.488;-68.30889;-82.69361
2016-02-23;-2.218333;-3.2004497;-0.6685435;748.2858;0.9024021;68.595695;100.0;0.54103106;294.68588;1837.3617;10.393903;-0.154851;0.048667192;0.19717216;0.14850497;0.14569983;8.049946;516.7833;2001.2789;-540.24915;6513.6245;-118.44111;-117.18445
2016-02-24;-2.457774;-3.6030376;-0.8809306;748.8042;0.9224523;225.75385;100.0;0.54449755;301.76822;1806.6813;1.1113346;-0.32811427;0.0;0.14826655;0.148274;0.0;0.99308044;1144.4388;3761.6655;-691.8075;6395.8613;-250.58333;-262.16223
2016-02-25;-1.1394552;-2.1687825;-0.7125651;750.7517;0.8449426;224.71863;100.0;0.54485404;310.44174;1757.4869;0.065112114;-0.19280799;0.019431114;0.16745925;0.14802814;0.15982985;0.015817583;1441.8645;4175.609;-903.2211;6205.743;-143.14667;-183.15666
2016-02-26;-0.8338725;-4.554667;-0.4816793;752.7026;1.0430073;58.312435;100.0;0.5443519;319.92514;1703.6947;0.0063766595;-0.31575188;0.07160008;0.2193749;0.14777482;0.55784357;0.0050887465;1886.4856;4919.0815;-1410.9889;5605.16;-236.02777;-246.05222
2016-02-27;0.30097452;-6.8858542;-0.44344583;753.39264;0.77705723;75.60053;100.0;0.5442114;329.4935;1653.2389;2.2878826;-0.29458478;0.034421682;0.18194318;0.1475215;0.12793578;0.9402596;2200.1016;5330.1694;-1533.0612;5520.53;-217.76555;-120.96667
2016-02-28;-1.2233175;-2.4797974;-0.12451172;753.74536;0.8124342;101.06101;100.0;0.54457253;335.89453;1622.6807;0.91217816;-0.18816069;0.5431771;0.6904602;0.14728308;3.7459898;0.3984645;872.4028;2117.6077;-388.07224;6807.9634;-143.88556;-139.91777
2016-02-29;-1.5420328;-5.4522705;-0.3057963;758.08057;1.4363623;18.298998;100.0;0.540675;342.639;1579.834;0.0075429673;-0.5173571;0.5803555;0.7273853;0.14703721;3.9531589;0.00667572;2247.696;5168.71;-1523.5283;5489.7456;-393.15555;-277.8739
2016-03-01;0.540212;-6.0267563;-0.5107371;757.0743;1.4719657;20.153858;100.0;0.5377352;350.7347;1534.7086;0.0017177972;-0.30771458;0.25743246;0.4042089;0.14677644;1.7136484;0.0;2552.0288;5628.9526;-2182.3044;4713.2666;-226.53555;-45.43222
2016-03-02;1.672699;-9.658998;-0.549057;753.37573;1.0114623;83.2868;100.0;0.53591627;359.60352;1491.6586;0.0;-0.31458214;0.25308132;0.39960444;0.14650822;1.6633533;0.0;2700.935;5771.5693;-2303.2017;4582.1074;-231.1311;-25.393333
2016-03-03;0.88531494;-6.6072335;-0.40170288;750.5273;0.7538476;236.13202;100.0;0.53463376;368.0651;1453.6539;1.4326757;-0.3310051;0.13104081;0.2773404;0.14627725;0.8413661;0.31057;1956.3256;4080.2234;-1038.6283;6049.5034;-249.22556;-87.09111
2016-03-04;-0.2088623;-0.6902873;-0.016805014;748.9383;0.62730604;207.78947;100.0;0.535882;370.14648;1448.1201;12.173713;-0.13755262;2.0918846;2.2379458;0.14605373;4.712349;3.3637695;766.78394;1790.1722;-96.68389;7222.152;-104.795555;-130.77333
2016-03-05;-0.33590698;-1.0750223;-0.036819458;747.53265;1.0633057;215.43623;100.0;0.5298151;371.47818;1427.0426;3.2770336;-0.28428528;2.1523535;2.3319573;0.17961115;8.937625;0.38409606;1666.455;3893.304;-623.1461;6667.859;-214.72778;-228.39111
2016-03-06;-4.4523416;-5.8658547;-0.30276236;745.45734;0.9864256;187.84688;100.0;0.5335514;363.2435;1468.2617;9.582925;-0.5540345;0.022858381;0.16856194;0.14570355;0.10678917;9.304561;1533.4436;4602.315;-1159.6317;5796.3135;-425.77112;-469.35223
2016-03-07;-2.6820374;-7.3758492;-0.6992111;749.0882;0.99159044;76.03073;100.0;0.5357098;364.7396;1469.808;0.005722046;-0.50565505;0.0;0.14558434;0.1455918;0.0;0.0040121377;2021.2983;5707.2383;-1685.7637;5186.102;-382.3272;-316.9889
2016-03-08;-1.0143942;-8.541234;-1.04798;748.71844;0.9043507;110.55237;100.0;0.535523;371.2233;1443.5221;0.0025871422;-0.320456;0.0;0.14549494;0.14549494;0.0;0.0;2363.4658;6065.671;-2194.6458;4566.7544;-235.00333;-131.41556
2016-03-09;-0.84974164;-7.2077613;-1.0837809;748.1817;0.94161445;96.81608;100.0;0.5353845;378.0869;1417.4398;0.0008523463;-0.32183528;0.0;0.14540553;0.14542043;0.0;0.0;2534.1333;6084.8145;-2190.7866;4623.013;-236.64778;-129.62111
2016-03-10;-0.11540731;-5.8088684;-0.7501729;749.20654;0.8025206;134.44354;100.0;0.53527504;386.09213;1387.4105;1.088199;-0.336051;0.0072419643;0.15260279;0.14536083;0.0479389;0.5587563;2583.9363;5887.5146;-1634.7333;5339.831;-247.44444;-145.59555
2016-03-11;-1.2408752;-2.614441;-0.20777893;748.9929;0.79127485;131.71144;100.0;0.53917545;386.06152;1397.2168;5.669406;-0.30434504;0.6920248;0.83737075;0.14532357;3.4397597;3.327187;1379.4836;3621.7598;-768.18555;6367.4043;-230.51222;-202.69221
2016-03-12;-0.5351054;-2.2569377;-0.18370564;750.22534;0.84192777;130.61674;100.0;0.53620636;390.08755;1376.0172;0.3153324;-0.36946404;0.82972646;0.9750426;0.14530867;4.3286066;0.06536767;1986.5372;4875.9463;-985.29553;6231.4453;-278.06888;-217.39223
2016-03-13;-1.0189819;-4.892568;-0.23490906;750.032;0.90289474;158.30356;100.0;0.53049296;395.04233;1344.0348;0.008666515;-0.52858794;1.2076199;1.352936;0.14530867;6.2104316;0.00783056;2565.036;5943.953;-1619.3138;5410.358;-399.13223;-307.37
2016-03-14;-1.1975607;-3.0507405;-0.28111267;743.5041;1.0116849;208.06;100.0;0.53506416;390.88086;1368.3676;24.719917;-0.36868545;0.62936544;0.7747114;0.14535338;0.6285235;21.085262;1822.6263;4098.723;-855.1086;6261.981;-279.9289;-228.16888
2016-03-15;-3.4070256;-4.130983;-0.2321256;740.41064;1.5049882;206.39374;100.0;0.5542051;369.0687;1501.2207;11.91898;-0.44689235;0.022470951;0.16796589;0.14548004;0.043347478;11.337392;1066.907;3933.7747;-590.7119;6479.8057;-343.27945;-452.73666
2016-03-16;-3.7217076;-4.250393;-0.47252783;741.1482;0.87329346;201.85194;100.0;0.57584494;344.76694;1668.2943;28.162653;-0.33771807;0.024497509;0.17017126;0.1456812;0.04832074;27.540382;587.68335;2313.301;-297.73557;6762.6196;-261.0289;-354.94333
2016-03-17;-5.260019;-6.9494934;-1.0284449;742.63214;0.8890529;168.98906;100.0;0.5928015;328.77084;1803.0599;7.5385365;-0.50639457;0.0;0.14592707;0.14592707;0.0;7.514931;1355.0436;5103.4653;-1083.7275;5784.3877;-386.96613;-467.45667
2016-03-18;-6.1281967;-8.574969;-2.437341;746.2254;1.1408339;204.76537;100.0;0.5964312;329.19858;1813.0697;1.0956645;-0.59605014;0.0;0.1462102;0.1462102;0.0;1.0867045;1646.2395;5708.4424;-1207.665;5552.5522;-455.80222;-473.8889
2016-03-19;-5.822573;-8.171833;-3.784832;747.50275;1.3629503;225.49007;100.0;0.597112;332.3024;1797.7295;0.9963482;-0.57825816;0.0;0.14650822;0.14651567;0.0;0.9839535;1607.6914;5527.5396;-858.0172;5911.1045;-442.4511;-440.63556
2016-03-20;-4.690613;-6.051272;-3.921014;743.5728;0.8813161;218.91124;100.0;0.6211135;313.01172;1983.4799;41.35509;-0.0896994;0.0;0.14686584;0.14686584;0.0;40.8382;271.65152;1113.802;-186.09639;6613.588;-69.10555;-113.71111
2016-03-21;-3.0741348;-5.205111;-3.7031376;745.482;0.71088386;223.88731;100.0;0.6389607;303.6351;2106.486;0.20441413;-0.24035946;0.0;0.14719367;0.14721602;0.0;0.17284602;1364.6744;5813.9844;-1165.2261;5593.5864;-175.21222;-222.81111
2016-03-22;-4.6235185;-7.402991;-4.690988;745.35425;0.88612413;263.34988;100.0;0.63924366;309.82715;2065.0227;0.4030523;-0.30274317;0.0;0.1475513;0.14755875;0.0;0.37088245;1364.7839;5572.6157;-1288.6113;5318.2207;-225.2;-234.70555
2016-03-23;-2.7191048;-7.848166;-6.5561194;750.04224;0.849884;244.16017;100.0;0.63931257;315.01465;2031.2906;0.0008523463;-0.21896046;0.0;0.14789402;0.14790148;0.0;0.0;1685.5645;6683.1597;-1593.2517;4809.9995;-156.37;-170.19221
2016-03-24;-0.20701091;-3.3517964;-6.2167306;753.27344;0.81324476;190.63695;100.0;0.6393286;319.72818;2001.3834;0.18327253;-0.10813121;0.0;0.14823675;0.14825165;0.0;0.011190772;1527.5183;5876.0415;-1061.2853;5576.177;-72.013336;-101.47
2016-03-25;-1.599111;-3.4732158;-3.0400646;750.41046;0.8729705;251.37148;100.0;0.6433121;323.39096;1990.1937;12.118138;-0.17086789;0.09252131;0.24111569;0.14860183;0.3338717;7.4385257;1184.9895;4411.562;-397.68332;6661.902;-123.861115;-163.48
2016-03-26;-1.2677714;-2.2210286;-0.76600903;748.282;0.8176012;216.71509;100.0;0.6549022;325.96518;2010.9049;10.8036995;-0.20588562;0.21970272;0.36865473;0.14895946;0.50228834;5.1215143;950.8628;3342.1367;-256.3264;6934.6816;-154.30444;-208.42334
2016-03-27;-0.9945882;-1.7968241;-0.14654033;743.97534;0.6766475;171.12927;100.0;0.6616089;330.5768;2003.5807;3.7605762;-0.22129528;0.42706728;0.5764067;0.14936179;1.6058348;2.394842;1014.9644;3395.0662;-450.87195;6785.9165;-166.31334;-197.69556
2016-03-28;-2.9759624;-3.8316243;-0.20937984;741.5052;0.6529856;157.34535;100.0;0.67012626;330.0934;2029.9072;15.877217;-0.28935447;0.06005168;0.20989776;0.14984608;0.106791034;14.979776;752.3;2489.939;-572.69806;6502.5366;-222.52667;-250.88667
2016-03-29;-4.3611856;-5.4711;-0.5485293;743.6037;1.0718592;211.8872;100.0;0.68074435;328.05176;2075.5208;8.579552;-0.52929574;0.0;0.15041232;0.15041232;0.0;8.438829;1462.6967;5011.4746;-871.6111;6125.1733;-405.0711;-524.94336
2016-03-30;-4.1573997;-6.1924133;-0.9435196;747.8182;0.8034994;203.32617;100.0;0.6853816;330.83594;2073.3235;0.29101968;-0.62312;0.0;0.15097857;0.15098602;0.0;0.28419867;1797.5061;5908.932;-1110.2594;5842.675;-475.48666;-479.07666
2016-03-31;-4.959656;-8.420479;-1.2654215;747.91705;0.8887816;128.51625;100.0;0.68554574;337.43393;2033.0404;1.0754764;-0.7182704;0.0;0.15155971;0.15156716;0.0;1.0333359;2057.7373;5929.396;-1383.7039;5485.2725;-549.54553;-482.85223
2016-04-01;-3.826028;-11.286891;-2.1530037;750.7942;1.2882355;26.601511;100.0;0.6855696;343.05307;2000.1221;0.004786253;-0.7705381;0.0;0.15211105;0.1521185;0.0;0.0039301813;2494.1707;6820.4106;-1926.0975;4766.7554;-586.1789;-282.75
2016-04-02;-1.398234;-7.624972;-2.0258229;751.2725;0.89088565;114.355415;100.0;0.6852315;348.98047;1965.0065;0.0008657936;-0.427844;0.0;0.1526475;0.1526475;0.0;0.0;2850.5793;7381.5;-2063.1467;4757.4243;-315.26666;-191.89223
2016-04-03;-1.1238912;-4.0933433;-0.8944295;748.90704;1.3341826;200.20508;100.0;0.68608934;355.45834;1930.8268;5.573037;-0.5180072;0.02874434;0.18191338;0.15317649;0.14112145;5.0349755;2080.889;5048.847;-823.20636;6302.5576;-394.1378;-235.47556
2016-04-04;-0.06315104;-2.22318;-0.22448476;748.92065;1.090312;216.21004;100.0;0.6898293;357.6188;1930.5826;1.4561062;-0.4740171;0.5763769;0.7300675;0.15369058;3.0697863;0.8903891;1980.539;5645.0713;-907.9;6322.6655;-356.76556;-255.02667
2016-04-05;1.4287924;-2.1061604;-0.16930644;748.85767;0.9208646;171.99706;100.0;0.6826777;363.65005;1879.069;0.015038252;-0.40800032;1.9772947;2.1315217;0.15421212;10.203854;0.00040233135;2648.3262;6834.215;-1457.1566;5735.938;-299.80444;-219.62778
2016-04-06;2.0782673;-2.7234192;-0.29900613;750.0103;0.99497694;166.02014;100.0;0.67377186;370.13867;1822.0621;0.35957098;-0.35281852;1.7747581;1.9296706;0.15491992;8.186452;0.0;2954.9412;7103.553;-1733.8458;5405.3345;-255.02112;-148.6011
2016-04-07;1.6009725;-2.4533794;-0.24507649;751.29785;1.0677488;103.55518;100.0;0.6640189;376.77115;1764.2416;1.8708438;-0.27956253;2.9572697;3.1678677;0.21059811;10.582644;0.0;2938.946;6702.0757;-1528.206;5646.5044;-199.80779;-162.7411
2016-04-08;2.2425334;-4.5319824;-0.23447163;752.2495;0.9665602;83.208336;100.0;0.6519115;382.86002;1704.4271;0.3502182;-0.33800396;3.9542465;4.1633844;0.2091229;13.21143;0.0;3311.9856;7257.722;-1729.6812;5454.5957;-241.9611;-160.94888
2016-04-09;3.4403381;-3.1243489;-0.21954346;751.5157;0.9612493;103.813194;100.0;0.63824725;388.86362;1643.107;0.06442666;-0.34502056;4.3828487;4.6778917;0.29502064;13.970453;0.0;3360.1956;7143.295;-1466.2117;5791.9863;-247.79778;-153.15111
2016-04-10;2.6086628;0.14876302;-0.092318214;750.7661;0.85072184;99.918945;100.0;0.62605727;393.89584;1590.5355;4.554243;-0.104418956;4.27857;4.4917464;0.21316856;11.115711;0.0;1884.0194;3913.8022;-578.0936;6770.7207;-73.022224;-80.795555
2016-04-11;2.4179077;0.99505615;0.001566569;748.363;0.6495703;78.35166;100.0;0.61411184;397.2106;1547.6481;13.334036;-0.08987263;8.792416;9.967983;1.1755898;14.532615;0.0;1708.17;3485.7122;-203.06917;7223.9683;-62.20111;-107.73556
2016-04-12;1.2125651;0.4801941;-0.034137726;745.49335;0.8696182;106.70808;100.0;0.5980591;399.38705;1498.8607;5.290571;-0.12808107;7.957831;9.469405;1.5115738;16.340815;0.041894615;2019.5778;4069.57;-514.67474;6856.7646;-90.87889;-164.27667
2016-04-13;0.35264078;-2.78302;-0.13420613;744.8906;1.0270681;74.15773;100.0;0.5843196;402.9287;1451.4974;0.35133958;-0.5111406;4.3587685;4.581958;0.22321194;12.535952;0.014357269;2745.9421;5484.5244;-1058.1575;6188.677;-385.3339;-253.06334
2016-04-14;0.7280986;-2.4853313;-0.16248958;745.31537;0.89029306;71.47694;100.0;0.57152086;407.53384;1403.7272;2.5411139;-0.35355148;5.7545004;6.7712965;1.0167956;12.381755;0.0;2795.584;5535.674;-1263.9508;5949.162;-262.42667;-164.37222
2016-04-15;0.75376385;-0.9999288;-0.12214152;748.45874;1.0047027;178.06158;100.0;0.5586134;412.46387;1355.7943;2.435851;-0.4369244;5.516678;6.233573;0.7169023;13.29951;0.013075769;2988.8677;5874.79;-796.41223;6576.3;-326.93555;-274.64334
2016-04-16;-0.30111694;-1.7922872;-0.05455144;750.64764;1.1162692;127.892395;100.0;0.5442998;415.79297;1310.4655;1.6487241;-0.37009454;5.4266305;5.8099627;0.38332492;14.148891;0.0051930547;2252.9905;4406.5776;-668.2489;6639.695;-279.41333;-258.8689
2016-04-17;0.12284342;-9.7230835;-0.20816295;750.6814;1.2456732;179.05762;100.0;0.5305961;419.81284;1265.2588;0.0071172137;-1.0504462;4.9188433;5.3689184;0.45007467;13.061318;0.0017508864;3913.9521;7625.3145;-1881.3461;5255.391;-799.94336;-320.77
2016-04-18;0.7871501;-8.938161;-0.2769648;751.5579;0.9095002;81.59766;100.0;0.5174956;425.9645;1216.3086;0.20487905;-0.61198884;4.8597307;5.7546496;0.8949116;12.538642;0.0;3663.4282;7111.3716;-1803.2864;5350.067;-456.5311;-164.71556
2016-04-19;1.9682413;-7.907084;-0.24429321;753.018;0.9261306;123.644745;100.0;0.5031242;432.5804;1164.5101;0.0074207783;-0.60452425;5.795047;6.434411;0.6393716;15.170619;0.0;3972.6216;7690.39;-1876.4623;5325.0254;-448.63556;-169.98778
2016-04-20;3.737569;-3.1771038;-0.19633739;755.81635;1.0296181;180.84497;100.0;0.4855899;438.81284;1108.0322;0.0030130148;-0.43463427;7.923216;9.537638;1.614444;18.740314;0.0;4008.5405;7742.6953;-1712.3147;5585.839;-315.09668;-139.42111
2016-04-21;3.8075664;-1.1672567;-0.16102345;753.4853;1.1881871;188.2439;100.0;0.46628714;444.29785;1050.8219;0.03811121;-0.4867576;7.7065377;9.178087;1.4715493;19.164593;0.0;3902.766;7525.947;-1594.243;5714.324;-358.3622;-138.26889
2016-04-22;3.4530537;-2.3361218;-0.15019734;752.0975;1.2439159;143.8676;100.0;0.44723204;448.4606;998.6165;0.7512152;-0.61317813;7.743269;9.516269;1.7729998;18.546377;0.0;3809.4006;7336.6187;-1599.419;5707.3867;-458.5472;-148.79222
2016-04-23;2.7423298;-5.1443915;-0.22107442;751.8442;1.0647082;113.08578;100.0;0.42897484;449.91797;954.4678;0.007396936;-0.5353913;6.8714914;8.1041155;1.232624;18.065956;0.0;4209.477;8098.2407;-2031.7039;5181.455;-393.3211;-155.27333
2016-04-24;4.173401;-4.118917;-0.21362686;749.81525;1.0652126;141.42671;100.0;0.41035512;450.0;912.96387;0.0;-0.510416;7.9733877;10.348767;2.3753643;18.74679;0.0;4072.1367;7827.29;-1683.922;5623.279;-373.39444;-140.99
2016-04-25;6.012268;0.09864298;-0.14498901;748.8907;1.0066692;201.54297;100.0;0.38989758;450.0;867.47235;0.73218346;-0.3255643;9.288847;11.810959;2.5220962;21.355032;0.0;3555.9512;6830.188;-1140.5964;6297.83;-232.24445;-87.757774
2016-04-26;6.8277993;1.5750834;-0.14140701;751.4056;1.1562902;187.03894;100.0;0.3664178;450.0;815.6738;0.0034301593;-0.3473023;10.548681;13.2724495;2.7237682;24.434786;0.0;4062.0818;7798.259;-1566.8981;5864.1978;-246.23111;-97.342224
2016-04-27;5.583435;0.6102397;-0.14716212;753.2238;1.1891295;163.06595;100.0;0.34506008;450.0;767.94434;1.1366441;-0.3136378;7.779598;10.660857;2.881266;19.154736;0.0;3156.2966;6053.7344;-921.3589;6501.3223;-225.19556;-56.162224
2016-04-28;4.8690085;3.0231628;-0.044718426;751.14624;0.7272199;162.00787;100.0;0.32823023;450.0;730.46875;9.330511;-0.01440756;10.548204;15.079051;4.5308695;17.677885;0.0;2016.0033;3866.1516;-509.635;6889.9243;-2.691111;-60.65222
2016-04-29;5.7081704;0.27900186;-0.09905497;750.41754;1.1920868;170.75627;100.0;0.30656913;450.0;682.4544;0.0513196;-0.543342;9.77096;15.051544;5.280599;25.356777;0.0;4038.8145;7746.3076;-1495.2491;5951.9478;-399.75555;-101.37778
2016-04-30;4.7056174;-0.8929952;-0.2165947;750.9531;1.2839377;163.4025;100.0;0.2858572;450.0;636.0677;0.14609098;-0.49811321;7.0663095;12.610883;5.544588;18.305786;0.0;3241.2988;6215.0444;-1157.1425;6192.8276;-369.1189;-39.65333
2016-05-01;4.6092124;-0.15630086;-0.19044621;751.1745;1.311765;159.44035;100.0;0.26720318;450.0;594.84863;1.5182793;-0.48154965;8.287043;15.49226;7.205203;18.47038;0.0;3379.3755;6477.008;-1134.4358;6262.081;-357.23444;-75.21333
2016-05-02;5.7415366;1.4646912;-0.1358579;751.2718;1.1524469;168.08492;100.0;0.24505334;450.0;545.6136;1.888591;-0.26322716;11.204809;19.854784;8.649975;24.491276;0.0;3634.976;6969.562;-1018.5845;6436.461;-183.48889;-128.66333
2016-05-03;6.6796975;1.8402303;-0.11375046;750.16504;0.94905883;200.29256;100.0;0.22218983;450.0;494.58823;0.8738637;-0.18900074;8.317635;18.563807;10.246195;21.826736;0.0;2815.9138;5397.547;-621.14636;6847.681;-130.12111;-63.56333
2016-05-04;5.6016335;2.899648;-0.07411957;748.5196;1.3122792;231.20811;100.0;0.19971164;450.0;444.70215;16.43967;-0.18271059;18.208652;28.872385;10.663733;22.233929;0.0;2943.61;5639.559;-587.9081;6914.4272;-126.18445;-62.593334
2016-05-05;4.886729;1.2846273;-0.16112773;749.7622;1.2671019;233.15236;99.744545;0.17570014;450.0;391.52017;0.14168674;-0.40069595;10.615304;26.572361;15.957043;25.07576;0.0;3520.5605;6746.601;-1193.8167;6245.3936;-291.57666;-87.22889
2016-05-06;3.6569111;0.6657308;-0.25319162;748.8239;1.2921208;215.29546;98.12118;0.1557864;450.0;347.00522;10.764006;-0.49235764;10.5117855;27.527094;17.015278;17.742588;0.0;3156.1077;5998.809;-726.2967;6727.162;-365.75223;-122.062225
2016-05-07;3.789449;-1.3159384;-0.22205861;749.4819;1.4630623;227.94707;96.27279;0.13542593;450.0;302.00195;1.0994971;-0.76535904;8.443832;24.073124;15.629284;19.990902;0.0;3286.044;6179.059;-1113.9242;6284.906;-573.44556;-138.27722
2016-05-08;3.9509075;-3.023468;-0.63224536;751.46387;1.2733531;205.78151;95.12174;0.11656388;450.0;260.00977;0.12441873;-0.91147983;6.954625;21.28011;14.325484;18.563787;0.0;4160.043;7780.791;-1673.257;5645.2495;-679.75;-185.32445
2016-05-09;4.775309;-1.9874268;-0.658591;752.35767;1.0857152;94.507965;94.44157;0.09700755;450.0;216.38997;0.21067262;-0.52795464;7.7794194;20.974277;13.194837;19.426025;0.0;3598.4016;6700.831;-1302.5186;6078.595;-379.31332;-146.8189
2016-05-10;5.1053467;-0.76938885;-0.51155853;750.9846;1.1453698;120.70925;94.08472;0.07690493;450.0;171.71223;0.6737411;-0.5419627;8.375913;20.570547;12.194626;20.963293;0.0;3538.8867;6582.6387;-1124.64;6315.911;-389.10556;-168.48111
2016-05-11;5.407013;1.1933289;-0.6355769;750.966;1.1244651;124.28643;93.893715;0.05397586;450.0;120.97168;4.1180553;-0.4776856;12.255758;25.058464;12.802705;23.813534;0.0;3860.0762;7167.31;-1217.7494;6256.176;-336.4711;-202.29889
2016-05-12;5.358724;2.4715374;-0.6440862;750.5444;1.1125457;164.29626;72.61002;0.032721955;450.0;73.282875;4.9148526;-0.6567258;9.406239;20.888134;11.481896;19.185352;0.0;3750.5422;6397.1455;-1061.4127;6519.5444;-456.17667;-371.39777
2016-05-13;7.180023;1.587382;-0.7685814;751.58356;1.3992363;191.29445;39.94507;0.017446002;450.0;39.347332;0.5440593;-1.628329;4.7592072;15.270651;10.511443;12.657333;0.0;4634.9204;6835.7656;-1303.0403;6535.3315;-1135.7256;-478.92
2016-05-14;10.297638;4.772156;-0.3521843;754.12354;1.1523422;230.61273;18.698975;0.008108497;450.0;18.595377;0.7703185;-2.0852544;2.6642978;12.788832;10.124527;7.3566732;0.0;5224.5674;7076.787;-1535.6163;6712.175;-1447.2172;-712.18
2016-05-15;11.709523;5.9435935;-0.054334003;755.36993;1.2343913;227.21465;7.3819175;0.003182133;450.0;7.120768;0.3336668;-2.7514734;1.0957122;10.685176;9.589434;3.3610315;0.0;5488.8687;7129.9946;-1742.0105;6775.5723;-1910.8733;-778.0267
2016-05-16;11.392293;4.8730164;-0.015323639;754.0981;1.651843;236.05524;2.6180012;0.001125733;450.0;2.2379558;0.298509;-3.1606536;0.39859116;9.348899;8.950308;1.2504869;0.0;5717.4634;7288.79;-1920.2278;6637.7554;-2195.8477;-958.2844
2016-05-17;10.454102;4.7146506;-0.070440926;753.3107;1.1029706;193.64244;0.92561847;0.00039851665;450.0;0.7324219;6.186324;-2.764294;1.4656484;9.742319;8.276671;0.432197;0.0;5499.949;6962.0723;-1808.7167;6792.702;-1920.2145;-1071.8778
2016-05-18;10.628143;5.099457;-0.04540634;750.1333;1.4609385;167.6676;0.3199056;0.00013780594;450.0;-7.345365e-21;4.921749;-2.7745879;1.065746;8.696765;7.631004;0.14820322;0.0;5048.4707;6369.661;-1912.4514;6677.8013;-1927.3711;-896.93225
2016-05-19;8.238576;-3.2023723;-0.56630963;749.1616;1.3911425;219.36092;0.12182617;5.2889187e-05;450.0;-7.345365e-21;0.95289946;-3.6306903;0.19651651;7.2354975;7.0390105;0.048633665;0.0;6608.0737;8322.664;-2654.6008;5628.6235;-2522.19;-1248.4856
2016-05-20;8.037272;-2.2038066;-0.6264496;750.667;1.044408;144.52536;0.048909504;2.1219254e-05;443.6504;-7.345365e-21;0.03567338;-3.59351;0.01001358;6.516308;6.5062943;0.02079457;0.0;6561.3706;8252.909;-2557.8755;5797.661;-2496.3032;-1153.9055
2016-05-21;9.893738;-0.020406088;-0.29869714;752.7666;0.9807916;139.80614;0.017985025;7.90755e-06;428.8903;-7.345365e-21;0.029708613;-3.6231215;0.00590086;6.0359836;6.0300827;0.008665025;0.0;6293.162;7906.22;-2220.7583;6341.8965;-2516.8623;-1000.39777
2016-05-22;11.04718;-0.655426;-0.011629741;752.0115;1.2037746;156.218;0.0059407554;2.4636586e-06;428.19336;-7.345365e-21;0.0008523463;-3.990694;0.0007003546;5.604565;5.6038723;0.0030770898;0.0;6624.3774;8313.077;-2452.5261;6200.8584;-2772.2034;-1011.8322
2016-05-23;10.959096;-1.3959249;-0.018486023;750.6833;1.5938677;171.22182;0.0011393229;4.7683716e-07;428.09375;-7.345365e-21;0.44563413;-3.8566535;0.05504489;5.2778425;5.222827;0.001013279;0.0;6441.1943;8074.3677;-2227.1233;6398.532;-2679.0889;-1100.0778
2016-05-24;7.5832725;-1.0683695;-0.030406952;747.50073;1.4035398;203.78809;0.0;-7.3453654e-25;428.09375;-7.345365e-21;4.4207635;-3.2244456;0.6496459;5.5348873;4.885234;0.00028312206;0.0;5410.7466;6775.2935;-1952.3356;6383.0166;-2239.9155;-1226.7289
2016-05-25;7.600901;-0.8517761;-0.2873675;748.9978;1.2697084;211.32832;0.0;-7.3453654e-25;428.09375;-7.345365e-21;0.34743547;-2.7430468;0.04118681;4.624754;4.583597;0.000115484;0.0;5055.399;6323.74;-1990.5845;6260.9307;-1905.5028;-1061.6644
2016-05-26;8.300934;-0.07233683;-2.942543;749.935;1.3537318;178.11438;0.0;-7.3453654e-25;253.375;-7.345365e-21;0.54746866;-3.127018;0.06198883;4.37358;4.311591;5.5879354e-05;0.0;6023.299;7526.279;-2241.8372;6147.508;-2172.2356;-1331.5989
2016-05-27;9.255524;0.6274312;-1.579422;751.49567;1.1733621;124.719574;0.0;-7.3453654e-25;152.0117;-7.345365e-21;2.4784803;-3.065519;0.31729043;4.3828635;4.0655956;2.6077032e-05;0.0;5406.695;6748.467;-1765.7189;6791.481;-2129.5134;-977.76666
2016-05-28;9.423137;0.14596558;-0.32320276;750.418;1.4362348;149.17024;0.0;-7.3453654e-25;114.20669;-7.345365e-21;8.258778;-3.1525922;1.2308359;5.0751567;3.8443208;3.7252903e-06;0.0;5037.5513;6281.24;-1875.3262;6572.965;-2190.0012;-968.51
2016-05-29;7.088877;-2.1216533;-0.21236165;750.52106;1.3117371;219.75978;0.0;-7.3453654e-25;101.02798;-7.345365e-21;1.9705594;-3.0702314;0.24476647;3.888458;3.6437063;0.0;0.0;6025.5347;7505.1367;-2276.699;5981.9443;-2132.7866;-1520.31
2016-05-30;6.9328003;0.46739706;0.009848277;749.95575;1.0403572;201.26862;0.0;-7.3453654e-25;99.99998;-7.345365e-21;1.9679964;-2.9586294;0.24308264;3.7040262;3.4609363;0.0;0.0;5908.882;7352.15;-2071.4077;6295.42;-2055.2612;-1488.0623
2016-05-31;7.2954;2.542043;0.009482066;750.01373;1.1512295;186.48907;0.0;-7.3453654e-25;100.00519;-7.345365e-21;6.295639;-2.7534235;0.88110566;4.1755586;3.2944531;0.0;0.0;5274.5107;6555.64;-1885.1677;6523.27;-1912.711;-1227.4645
2016-06-01;7.7613425;2.4447734;0.010158539;750.1822;0.9730497;114.72095;0.0;-7.3453654e-25;99.99998;-7.345365e-21;4.788327;-2.7954812;0.66912174;3.8113892;3.14226;0.0;0.0;5116.0493;6352.0513;-1998.885;6420.5933;-1941.9277;-972.72
2016-06-02;9.202454;2.1317852;0.009755452;750.0645;1.0654509;93.600914;0.0;-7.3453654e-25;99.99998;-7.345365e-21;2.3257911;-3.2798898;0.3054291;3.3076108;3.0021815;0.0;0.0;5683.9106;7049.7324;-1993.0189;6586.867;-2278.43;-1037.8445
2016-06-03;11.60316;1.2333578;0.01012675;750.81036;1.0983936;183.18971;0.0;-7.3453654e-25;99.99998;-7.345365e-21;0.5171031;-3.58974;0.057801604;2.9301047;2.872318;0.0;0.0;6067.344;7517.4844;-2195.4194;6488.1045;-2493.6733;-997.2867
2016-06-04;12.779155;-0.46277872;0.010044098;751.45514;1.7177935;232.9101;0.0;-7.3453654e-25;99.99998;-7.345365e-21;0.2980411;-4.054567;0.032126904;2.7834773;2.7513578;0.0;0.0;6597.2974;8165.6245;-2344.745;6386.6226;-2816.5732;-1113.7378
2016-06-05;12.265411;0.3268229;0.009928386;752.96094;1.7913476;195.58412;0.0;-7.3453654e-25;99.99998;-7.345365e-21;0.9243916;-3.9469116;0.09299815;2.7317853;2.6387796;0.0;0.0;6638.3037;8207.767;-2354.6943;6387.9;-2741.7878;-1168.4678
2016-06-06;12.756764;-1.1961466;0.00974528;751.6084;1.5423769;208.66167;0.0;-7.3453654e-25;99.99998;-7.345365e-21;0.014016032;-4.076915;0.0014156103;2.535373;2.5339575;0.0;0.0;6728.24;8310.199;-2464.2827;6315.541;-2832.0967;-1152.4678
2016-06-07;10.304576;0.05512492;0.010181427;750.19336;1.8938298;202.79248;0.0;-7.3453654e-25;99.99998;-7.345365e-21;1.4928162;-3.1051273;0.14663488;2.5832057;2.436571;0.0;0.0;6005.009;7409.09;-2002.1405;6641.8936;-2157.0278;-1552.1311
2016-06-08;9.489827;2.6063945;0.0096588135;750.3989;1.4593564;213.5117;0.0;-7.3453654e-25;99.99998;-7.345365e-21;2.7819872;-2.7041361;0.25785714;2.6048274;2.3469553;0.0;0.0;5160.0996;6359.799;-1786.4478;6797.2354;-1878.4734;-1381.5466
2016-06-09;11.630239;-0.3093567;0.009829204;749.85675;2.1214654;175.76971;0.0;-7.3453654e-25;99.99998;-7.345365e-21;0.19828975;-3.8831756;0.016853213;2.2790432;2.2621975;0.0;0.0;6641.2275;8176.912;-2408.6538;6294.912;-2697.5122;-1256.35
2016-06-10;11.283153;-2.2193706;0.0101674395;750.4189;1.3723081;214.031;0.0;-7.3453654e-25;99.99998;-7.345365e-21;0.001725507;-3.6827102;0.00014901161;2.1815002;2.1813438;0.0;0.0;6965.4233;8567.152;-2694.8828;5979.6665;-2558.2544;-1464.3822
2016-06-11;9.998515;-1.9864298;0.009803772;750.99976;1.4765254;153.4197;0.0;-7.3453654e-25;99.99998;-7.345365e-21;0.17436743;-3.1571193;0.0140964985;2.1193624;2.1052809;0.0;0.0;6392.5015;7854.2856;-2426.525;6194.6445;-2193.1455;-1544.0211
2016-06-12;9.193481;-0.013631185;0.009732564;751.50055;1.1489965;127.95557;0.0;-7.3453654e-25;99.99998;-7.345365e-21;1.945022;-2.6978683;0.1886189;2.222702;2.034068;0.0;0.0;5363.6074;6583.0854;-2134.5693;6475.6616;-1874.1189;-1197.3489
2016-06-13;11.570343;-1.6467489;0.009929657;753.1967;1.0331107;123.55191;0.0;-7.3453654e-25;99.99998;-7.345365e-21;0.00042617318;-3.577996;2.9802322e-05;1.9665807;1.966551;0.0;0.0;6966.1157;8541.186;-2764.429;6047.1255;-2485.5134;-1290.7988
2016-06-14;13.328339;-1.8550924;0.00999705;753.78595;1.0705287;141.18822;0.0;-7.3453654e-25;99.99998;-7.345365e-21;0.0;-3.538616;0.0;1.9017756;1.9017607;0.0;0.0;6995.8555;8568.717;-2781.2375;6240.7266;-2458.1577;-1273.4656
2016-06-15;14.891612;-1.0861307;0.009882609;751.664;1.0995375;117.139595;0.0;-7.3453654e-25;99.99998;-7.345365e-21;0.0017285338;-3.4043045;0.00013411045;1.8402338;1.8400922;0.0;0.0;6859.6016;8393.051;-2683.9717;6520.4478;-2364.8567;-1265.9523
2016-06-16;11.841034;2.1115825;0.01003011;748.2688;1.2906421;117.615456;0.0;-7.3453654e-25;99.99998;-7.345365e-21;2.0814648;-2.17269;0.17507374;1.9576997;1.7826333;0.0;0.0;4482.323;5483.641;-1748.185;7195.8813;-1509.2944;-1019.2411
2016-06-17;9.343129;5.0462747;0.009909312;750.29315;1.8722984;37.563198;0.0;-7.3453654e-25;99.99998;-7.345365e-21;3.8374364;-2.3290775;0.31754375;2.046719;1.729183;0.0;0.0;5122.5923;6265.851;-1739.9323;7045.39;-1617.9323;-1665.539
2016-06-18;9.060913;5.7393594;0.010008494;753.1635;1.4718214;37.37157;0.0;-7.3453654e-25;99.99998;-7.345365e-21;13.433877;-2.8171148;1.3183355;2.9976516;1.6793237;0.0;0.0;4640.9946;5676.0034;-1418.5795;7200.1533;-1956.9567;-1130.06
2016-06-19;10.591919;6.8528037;0.009970347;755.0789;1.2900909;51.01504;0.0;-7.3453654e-25;100.00259;-7.345365e-21;10.14337;-3.209456;1.0896325;2.7213545;1.631707;0.0;0.0;5572.0557;6814.053;-1746.6627;7172.407;-2229.5022;-1347.1322
2016-06-20;12.0354;7.041616;0.010150909;755.55707;1.4002467;41.30688;0.0;-7.3453654e-25;99.99998;-7.345365e-21;0.77854097;-3.6705713;0.06650388;1.6522408;1.5857518;0.0;0.0;6009.343;7347.9834;-1952.9789;7057.453;-2549.8232;-1143.2578
2016-06-21;12.711772;6.0171103;0.009852092;754.91376;2.1279087;37.689484;0.0;-7.3453654e-25;100.00779;-7.345365e-21;0.20716786;-3.5903323;0.016584992;1.5580803;1.5415027;0.0;0.0;5937.311;7258.9155;-2045.59;6908.374;-2494.0845;-1137.5856
2016-06-22;13.667827;5.910044;0.009728749;754.4983;2.1078057;39.886356;0.0;-7.3453654e-25;99.99998;-7.345365e-21;0.047671795;-3.8976464;0.0039339066;1.5029013;1.4989674;0.0;0.0;6578.283;8041.63;-2291.0713;6798.903;-2707.5645;-1195.37
2016-06-23;14.511708;6.589457;0.009892781;754.0887;1.561802;37.04121;0.0;-7.3453654e-25;99.99998;-7.345365e-21;2.3786128;-3.528513;0.20642579;1.6646087;1.4581978;0.0;0.0;6138.2085;7502.6777;-2136.3777;7082.0894;-2451.14;-1121.3833
2016-06-24;15.561188;5.9913025;0.010187785;752.4011;1.0712419;81.60972;0.0;-7.3453654e-25;100.03416;-7.345365e-21;0.13725758;-3.6935368;0.010386109;1.4297068;1.4193505;0.0;0.0;6211.176;7590.8467;-2280.3245;7048.993;-2565.7766;-921.26556
2016-06-25;15.147969;7.7863975;0.009836833;753.05615;1.2707648;79.48493;0.0;-7.3453654e-25;99.99998;-7.345365e-21;0.4587412;-3.33287;0.03553927;1.4174432;1.3819039;0.0;0.0;5811.6807;7101.677;-2056.236;7326.7017;-2315.2334;-1025.2988
2016-06-26;15.229889;8.278046;0.010124207;754.2492;1.2665745;52.086643;0.0;-7.3453654e-25;100.00519;-7.345365e-21;0.9244621;-3.224195;0.0667125;1.4128536;1.3461411;0.0;0.0;6010.2124;7343.4434;-2160.375;7280.116;-2239.7405;-1200.0244
2016-06-27;16.807821;6.554962;0.0084279375;752.4012;0.9368647;94.86382;0.0;-7.3453654e-25;100.0104;-7.345365e-21;0.031739473;-2.935932;0.0022500753;1.3140589;1.3118162;0.0;0.0;5389.9487;6584.697;-2025.3881;7461.0767;-2039.4944;-905.29333
2016-06-28;17.974213;2.3694355;0.009991963;750.93506;1.5168265;159.29248;0.0;-7.3453654e-25;100.00519;-7.345365e-21;0.1333952;-3.3133216;0.009253621;1.2879223;1.2786613;0.0;0.0;6481.378;7916.95;-2567.396;6992.7534;-2301.6545;-1256.9789
2016-06-29;17.545858;-1.0722351;0.009966533;752.48663;1.1522095;147.66736;0.0;-7.3453654e-25;99.99998;-7.345365e-21;0.002568384;-3.1124613;0.00017881393;1.2466013;1.2464523;0.0;0.0;7047.711;8607.659;-2960.467;6548.274;-2162.1245;-1556.3445
2016-06-30;17.84426;0.27859497;0.009660085;753.50055;1.3702679;149.10625;0.0;-7.3453654e-25;99.99998;-7.345365e-21;0.0;-2.8594863;0.0;1.2153238;1.2153238;0.0;0.0;7017.2705;8569.372;-2967.9128;6686.9033;-1986.39;-1598.6511
2016-07-01;16.973257;-0.18200684;0.009966533;750.977;1.2542468;162.27176;0.0;-7.3453654e-25;99.99998;-7.345365e-21;0.0012992687;-2.484992;8.940697e-05;1.1853576;1.1852756;0.0;0.0;7042.9995;8599.676;-3117.2583;6539.2544;-1726.2422;-1807.1355
2016-07-02;17.12558;1.2327982;0.010068257;749.2112;1.1768507;97.13409;0.0;-7.3453654e-25;99.99998;-7.345365e-21;0.00074505806;-2.2696164;4.4703484e-05;1.1563152;1.1562705;0.0;0.0;6830.285;8338.758;-2958.8083;6849.845;-1576.6267;-1794.4423
2016-07-03;17.47467;4.814453;0.009682973;748.4304;1.082278;77.36021;0.0;-7.3453654e-25;100.00259;-7.345365e-21;0.038969517;-1.8899273;0.0020861626;1.1304617;1.1283755;0.0;0.0;6142.8823;7498.608;-2599.9878;7304.7314;-1312.87;-1698.4044
2016-07-04;17.932465;3.8355305;0.010039012;748.66437;0.9884611;94.98401;0.0;-7.3453654e-25;99.99998;-7.345365e-21;0.061267614;-1.8323352;0.003784895;1.105383;1.1015981;0.0;0.0;6176.33;7538.4844;-2798.6738;7144.968;-1272.8622;-1645.3434
2016-07-05;17.273447;4.2375693;0.009902954;748.94775;1.1814218;89.21988;0.0;-7.3453654e-25;99.99998;-7.345365e-21;0.75784326;-1.5995046;0.047311187;1.1231303;1.075834;0.0;0.0;5693.525;6948.4185;-2508.9028;7350.8623;-1111.1222;-1662.2134
2016-07-06;14.469208;6.528951;0.009980519;749.8557;1.046837;71.06738;0.0;-7.3453654e-25;100.00519;-7.345365e-21;2.9065847;-2.0514996;0.20381808;1.255393;1.0515676;0.0;0.0;5261.5835;6420.342;-2100.4995;7428.1978;-1425.1078;-1664.7644
2016-07-07;15.32549;5.456533;0.009777069;751.33887;1.0458679;96.88471;0.0;-7.3453654e-25;99.99998;-7.345365e-21;0.20335469;-2.3962708;0.0123381615;1.0404289;1.0280683;0.0;0.0;5751.417;7017.1567;-2221.6956;7382.5176;-1664.6089;-1572.7866
2016-07-08;16.561472;3.7053833;0.010058085;751.816;1.2716225;134.82573;0.0;-7.3453654e-25;99.99998;-7.345365e-21;0.70305085;-2.3030117;0.04248321;1.0474622;1.004979;0.0;0.0;6412.992;7823.2686;-2646.3389;7047.475;-1599.8256;-1832.7156
2016-07-09;16.74761;3.0082703;0.010065715;751.8195;1.1468544;102.00173;0.0;-7.3453654e-25;99.99998;-7.345365e-21;0.21016598;-2.126324;0.012308359;0.99498034;0.9826645;0.0;0.0;6104.2563;7445.6646;-2641.9785;7066.7876;-1477.0867;-1662.9512
2016-07-10;17.30189;2.230601;0.009933472;750.33295;1.3072354;145.69923;0.0;-7.3453654e-25;99.99998;-7.345365e-21;0.00010430813;-1.9795392;0.0;0.9609312;0.9609312;0.0;0.0;6564.684;8006.255;-2903.1233;6896.6987;-1375.12;-1935.0956
2016-07-11;17.073496;-0.6461385;0.009880066;749.3995;1.4376712;192.0988;0.0;-7.3453654e-25;99.99998;-7.345365e-21;0.0008523463;-1.7739954;5.9604645e-05;0.93978643;0.93975663;0.0;0.0;7019.338;8559.658;-3206.0962;6627.739;-1232.3356;-2193.6733
2016-07-12;16.320883;3.9657695;0.010125478;752.4226;1.5557036;59.563705;0.0;-7.3453654e-25;99.99998;-7.345365e-21;0.00085234636;-1.5659369;5.9604645e-05;0.91922283;0.9191781;0.0;0.0;6926.0835;8444.745;-3212.66;6699.371;-1087.8044;-2212.9666
2016-07-13;15.946808;4.7742615;0.009853363;754.42633;2.0903697;39.041798;0.0;-7.3453654e-25;100.00519;-7.345365e-21;0.0;-1.3417387;0.0;0.8993149;0.89932233;0.0;0.0;6873.1416;8379.253;-3197.0483;6574.797;-932.0611;-2484.371
2016-07-14;17.855906;4.332367;0.009895325;752.71466;1.4040413;51.01563;0.0;-7.3453654e-25;99.99998;-7.345365e-21;0.00085234636;-1.4611707;4.4703484e-05;0.8800924;0.8800402;0.0;0.0;6917.161;8431.845;-3249.7917;6793.1562;-1015.0267;-2130.9934
2016-07-15;19.242483;0.26028442;0.010045369;752.79755;1.2942607;139.39091;0.0;-7.3453654e-25;99.99998;-7.345365e-21;0.0;-1.4693718;0.0;0.8612275;0.8612424;0.0;0.0;6871.925;8375.596;-3261.9495;6914.6245;-1020.7233;-2140.67
2016-07-16;19.168152;4.115763;0.009942372;753.08234;1.2067801;58.49885;0.0;-7.3453654e-25;99.99998;-7.345365e-21;0.003963709;-1.2414585;0.00017881393;0.8433163;0.8431524;0.0;0.0;5821.5205;7093.513;-2758.588;7422.26;-862.4;-1720.3267
2016-07-17;20.211355;6.3039856;0.010028839;753.35077;1.6558765;43.386494;0.0;-7.3453654e-25;100.00259;-7.345365e-21;0.0021457663;-1.3367412;0.00011920929;0.82570314;0.82559884;0.0;0.0;6604.9434;8046.689;-3014.7722;7319.0234;-928.59;-2180.4377
2016-07-18;21.671448;3.9578655;0.009820302;751.79584;1.3010948;144.78293;0.0;-7.3453654e-25;100.00259;-7.345365e-21;0.0008523463;-1.3409611;4.4703484e-05;0.8085072;0.8084625;0.0;0.0;6383.573;7775.1904;-2963.619;7481.1953;-931.5211;-2000.9878
2016-07-19;20.389688;0.0970459;0.00990804;751.75446;1.5884031;176.54924;0.0;-7.3453654e-25;99.99998;-7.345365e-21;0.0;-1.2220955;0.0;0.7919222;0.79192966;0.0;0.0;6831.783;8319.325;-3197.0488;7020.933;-848.9489;-2477.4978
2016-07-20;21.472555;-0.48380533;0.0100364685;753.7553;1.4483315;152.2008;0.0;-7.3453654e-25;99.99998;-7.345365e-21;0.00044107434;-1.184253;2.9802322e-05;0.77593327;0.7759109;0.0;0.0;6087.589;7411.4966;-2911.3428;7383.3413;-822.66113;-1953.5533
2016-07-21;21.441214;-0.39397177;0.0100364685;755.19476;1.2529845;192.50877;0.0;-7.3453654e-25;99.99998;-7.345365e-21;0.0;-1.2338245;0.0;0.76037645;0.760369;0.0;0.0;6795.674;8271.606;-3253.662;7113.7095;-857.0967;-2272.3079
2016-07-22;20.036133;0.3090515;0.0098559065;753.7172;1.3707465;151.24931;0.0;-7.3453654e-25;99.99998;-7.345365e-21;0.00087022776;-1.1853818;5.9604645e-05;0.7452071;0.74516237;0.0;0.0;6856.2686;8343.503;-3314.1362;6953.701;-823.44446;-2398.7378
2016-07-23;19.526611;2.4839478;0.009951274;750.82806;1.0862097;94.1792;0.0;-7.3453654e-25;99.99998;-7.345365e-21;0.0017166131;-1.1668606;8.940697e-05;0.7304698;0.7303655;0.0;0.0;6499.076;7906.879;-3126.87;7209.316;-810.5789;-2129.0657
2016-07-24;20.453867;4.6703186;0.010022481;748.4668;1.343626;116.510765;0.0;-7.3453654e-25;99.99998;-7.345365e-21;0.0;-1.1444502;0.0;0.715971;0.715971;0.0;0.0;6537.121;7951.5356;-3098.5793;7310.4473;-795.0111;-2220.6367
2016-07-25;18.800486;1.7060751;0.009833018;749.80255;1.4494615;137.85048;0.0;-7.3453654e-25;99.99998;-7.345365e-21;0.00086252636;-0.9498457;4.4703484e-05;0.7021725;0.7021278;0.0;0.0;5806.8457;7061.6543;-2759.87;7389.559;-659.82556;-2156.5732
2016-07-26;18.500946;-0.46224976;0.009868622;751.9453;1.3147382;138.95343;0.0;-7.3453654e-25;99.99998;-7.345365e-21;0.0008523463;-1.0470171;5.9604645e-05;0.68870187;0.68868697;0.0;0.0;6511.5493;7916.783;-3153.9307;6997.7056;-727.32776;-2398.9512
2016-07-27;18.435364;-3.8689473;0.010168712;751.84106;1.1817111;136.6993;0.0;-7.3453654e-25;99.99998;-7.345365e-21;0.0;-1.0814928;0.0;0.67551434;0.67551434;0.0;0.0;6878.8257;8361.471;-3470.9338;6664.8604;-751.2767;-2384.088
2016-07-28;17.972382;-3.4108276;0.009894053;750.99896;1.2823297;130.84459;0.0;-7.3453654e-25;99.99998;-7.345365e-21;0.0;-1.0417141;0.0;0.66268444;0.66268444;0.0;0.0;6877.2344;8357.676;-3437.4795;6656.509;-723.6445;-2419.7212
2016-07-29;17.756021;2.3019104;0.009896596;751.41693;1.1932043;109.07678;0.0;-7.3453654e-25;99.99998;-7.345365e-21;0.0029772192;-0.8034594;0.00014901161;0.6505549;0.6504059;0.0;0.0;5252.699;6381.939;-2577.2058;7406.4473;-558.13666;-1874.4066
2016-07-30;17.992807;-0.079549156;0.009806315;751.242;1.3240992;136.47098;0.0;-7.3453654e-25;99.99998;-7.345365e-21;0.0008583069;-0.93105435;5.9604645e-05;0.63854456;0.63849986;0.0;0.0;6323.1763;7680.907;-3162.3728;6853.6177;-646.7722;-2332.9922
2016-07-31;17.759918;-1.8394064;0.009660085;752.70123;1.2633599;136.43922;0.0;-7.3453654e-25;99.99998;-7.345365e-21;0.0004351138;-0.95474535;2.9802322e-05;0.62680244;0.62677264;0.0;0.0;6697.4077;8133.7476;-3261.782;6749.662;-663.23;-2482.1523
2016-08-01;18.395517;-2.7975159;0.010241191;754.55194;1.4690841;150.71739;0.0;-7.3453654e-25;99.99998;-7.345365e-21;0.0017174698;-0.95909274;8.940697e-05;0.61543286;0.61535835;0.0;0.0;6768.6855;8218.522;-3356.0706;6725.4478;-666.2489;-2432.46
2016-08-02;18.809824;-2.0975952;0.010097504;753.1775;1.134734;117.2062;0.0;-7.3453654e-25;99.99998;-7.345365e-21;0.0008583069;-0.9858124;4.4703484e-05;0.6042421;0.6041974;0.0;0.0;6646.5293;8068.392;-3413.3696;6783.999;-684.8111;-2212.04
2016-08-03;18.581268;-0.67207843;0.0099487305;751.4627;1.2050554;93.70972;0.0;-7.3453654e-25;99.99998;-7.345365e-21;0.0025309601;-0.9236056;0.00010430813;0.59345365;0.59333444;0.0;0.0;6334.526;7687.8936;-3215.995;6945.56;-641.5978;-2150.5754
2016-08-04;19.481516;1.5868124;0.009717305;752.84906;1.2853582;60.88702;0.0;-7.3453654e-25;99.99998;-7.345365e-21;0.0024527311;-0.87705624;0.00010430813;0.5829334;0.5828291;0.0;0.0;5907.2646;7167.872;-2941.2515;7302.3774;-609.2611;-1999.6244
2016-08-05;19.894379;1.7574869;0.0099105835;754.19366;1.2511836;78.02924;0.0;-7.3453654e-25;99.99998;-7.345365e-21;0.013399124;-0.835971;0.0005811453;0.57321787;0.5726367;0.0;0.0;5640.6826;6842.82;-2833.3916;7399.45;-580.7217;-1915.5945
2016-08-06;20.643066;1.5114542;0.009723663;753.3128;1.3648033;110.03342;0.0;-7.3453654e-25;99.99998;-7.345365e-21;0.0017166131;-0.951835;8.940697e-05;0.56275725;0.56266785;0.0;0.0;6578.5;7978.691;-3269.1504;7113.8936;-661.20886;-2280.0723
2016-08-07;19.346079;0.20752971;0.009928386;752.0312;1.349383;127.762024;0.0;-7.3453654e-25;99.99998;-7.345365e-21;0.0;-0.9043571;0.0;0.552848;0.5528629;0.0;0.0;6640.865;8052.56;-3426.6829;6803.9727;-628.2278;-2385.7856
2016-08-08;19.051523;-2.062734;0.009867351;752.4659;1.3343519;94.05218;0.0;-7.3453654e-25;99.99998;-7.345365e-21;0.0008689085;-0.8933395;5.9604645e-05;0.54337084;0.54332614;0.0;0.0;6632.093;8040.0654;-3461.0728;6705.2065;-620.5733;-2295.9468
2016-08-09;19.734863;0.35269165;0.009724935;753.1888;1.3475618;91.85309;0.0;-7.3453654e-25;99.99998;-7.345365e-21;0.0004351138;-0.8929335;2.9802322e-05;0.5340427;0.5340427;0.0;0.0;6460.765;7830.675;-3253.8767;7034.6655;-620.29;-2216.2688
2016-08-10;20.459229;0.7628479;0.0095659895;753.64545;1.3632965;119.724754;0.0;-7.3453654e-25;99.99998;-7.345365e-21;0.0008583069;-0.8843839;4.4703484e-05;0.5249977;0.524953;0.0;0.0;6459.3945;7827.295;-3256.004;7094.738;-614.35114;-2257.2966
2016-08-11;19.626312;-0.7346802;0.009941101;753.7149;1.3602072;156.3978;0.0;-7.3453654e-25;99.99998;-7.345365e-21;0.0;-0.8466095;0.0;0.5161166;0.5161315;0.0;0.0;6562.4326;7950.406;-3443.6777;6774.181;-588.1111;-2338.0078
2016-08-12;19.202515;-0.4124044;0.009892781;754.4712;1.2023667;146.86269;0.0;-7.3453654e-25;99.99998;-7.345365e-21;0.0017106531;-0.8293111;8.940697e-05;0.50762296;0.50754845;0.0;0.0;6600.8237;7995.161;-3523.96;6627.9883;-576.0956;-2234.9211
2016-08-13;19.085663;-0.22560628;0.009686788;755.2624;1.1571441;159.41133;0.0;-7.3453654e-25;99.99998;-7.345365e-21;0.0008583069;-0.83020145;5.9604645e-05;0.4991889;0.4991591;0.0;0.0;6514.2793;7888.5293;-3410.0244;6770.629;-576.7133;-2267.5266
2016-08-14;19.238485;-3.0402424;0.010079701;754.82086;1.1904565;181.47627;0.0;-7.3453654e-25;99.99998;-7.345365e-21;0.00086705235;-0.82851577;4.4703484e-05;0.49102306;0.49096346;0.0;0.0;6571.789;7956.4023;-3540.6174;6648.657;-575.54114;-2166.6023
2016-08-15;19.270548;-0.9385071;0.010164897;754.0574;1.3008744;91.62417;0.0;-7.3453654e-25;99.99998;-7.345365e-21;0.0012930532;-0.80701524;7.4505806e-05;0.48303604;0.48299134;0.0;0.0;6262.328;7579.963;-3215.7085;7017.222;-560.6067;-2184.39
2016-08-16;19.551514;3.0164387;0.009995778;752.93774;1.334891;94.6442;0.0;-7.3453654e-25;99.99998;-7.345365e-21;0.002226131;-0.75574404;0.00010430813;0.47530234;0.47519803;0.0;0.0;5927.5767;7173.985;-2948.1873;7289.9478;-524.99;-2153.9011
2016-08-17;17.988363;4.2895103;0.009841919;751.5527;1.4123129;108.40496;0.0;-7.3453654e-25;100.00519;-7.345365e-21;0.025984645;-0.69383717;0.0010728836;0.46873093;0.46765804;0.0;0.0;5687.185;6882.247;-2845.8562;7201.249;-481.98666;-2283.3188
2016-08-18;18.218039;1.738566;0.009975433;751.51196;1.3132578;91.685394;0.0;-7.3453654e-25;99.99998;-7.345365e-21;0.00035762787;-0.73223937;1.4901161e-05;0.46029687;0.46031177;0.0;0.0;5998.493;7257.987;-3004.549;7077.0806;-508.66223;-2202.7578
2016-08-19;19.197062;3.603709;0.009871165;754.41644;1.3833947;86.60168;0.0;-7.3453654e-25;99.99998;-7.345365e-21;0.7196307;-0.8305255;0.036597252;0.48969686;0.4530996;0.0;0.0;5773.1953;6984.8115;-2788.3157;7435.6436;-576.9378;-2123.5266
2016-08-20;19.01883;0.6161804;0.010190328;756.20245;1.3285128;40.809734;0.0;-7.3453654e-25;99.99998;-7.345365e-21;0.026942441;-1.0584947;0.0013262033;0.44745207;0.44611096;0.0;0.0;5693.7734;6887.936;-2959.0466;7125.1074;-735.3011;-1859.3467
2016-08-21;18.170135;-2.2884014;0.009944916;756.3423;1.635303;39.433205;0.0;-7.3453654e-25;99.99998;-7.345365e-21;0.0008583069;-0.84826535;4.4703484e-05;0.43931603;0.43927133;0.0;0.0;6067.5728;7339.192;-3189.1055;6793.432;-589.2622;-2163.8477
2016-08-22;18.06191;-3.4398499;0.009933472;756.00977;1.4498898;46.545216;0.0;-7.3453654e-25;99.99998;-7.345365e-21;0.0013050503;-0.75776315;5.9604645e-05;0.4326403;0.4325807;0.0;0.0;6081.053;7354.6265;-3262.3987;6718.4023;-526.3922;-2072.7234
2016-08-23;18.260763;-2.4168904;0.0096753435;756.1072;0.9218156;83.9194;0.0;-7.3453654e-25;99.99998;-7.345365e-21;0.0121593475;-0.65364313;0.0005811453;0.42665005;0.4260987;0.0;0.0;5068.601;6129.437;-2814.7068;7168.967;-454.06332;-1602.0566
2016-08-24;18.105865;-0.54088336;0.00990804;755.1862;0.89114505;62.62926;0.0;-7.3453654e-25;99.99998;-7.345365e-21;0.0036984682;-0.67868644;0.00016391277;0.41994452;0.4197657;0.0;0.0;5326.6187;6440.5728;-2908.9312;7142.9946;-471.46112;-1728.8966
2016-08-25;17.914877;0.24453735;0.010014852;755.37573;0.9634013;83.52199;0.0;-7.3453654e-25;99.99998;-7.345365e-21;0.1933217;-0.7034009;0.008404255;0.42198598;0.41358173;0.0;0.0;5245.5474;6341.7285;-2911.7039;7087.1187;-488.62888;-1668.4456
2016-08-26;19.040232;-1.5850626;0.009901683;757.24005;1.2447715;145.18542;0.0;-7.3453654e-25;99.99998;-7.345365e-21;0.0008523463;-0.7050559;4.4703484e-05;0.40760636;0.40756166;0.0;0.0;5172.7876;6253.065;-2774.3289;7292.412;-489.77777;-1648.9833
2016-08-27;19.51768;-0.8701884;0.009816487;758.862;1.222558;184.60358;0.0;-7.3453654e-25;99.99998;-7.345365e-21;0.003734231;-0.6452585;0.00016391277;0.40185452;0.4016906;0.0;0.0;5245.3535;6339.973;-2823.056;7227.5557;-448.24;-1769.7772
2016-08-28;19.957;-1.496226;0.009841919;758.12103;1.4074;127.15041;0.0;-7.3453654e-25;99.99998;-7.345365e-21;0.0008553266;-0.6235177;4.4703484e-05;0.39598346;0.39595366;0.0;0.0;5173.1606;6251.894;-2811.215;7248.161;-433.13666;-1716.12
2016-08-29;20.209555;-2.0399678;0.009642283;757.3989;1.3600358;208.97809;0.0;-7.3453654e-25;99.99998;-7.345365e-21;0.00044107434;-0.65632534;2.9802322e-05;0.39035082;0.39032102;0.0;0.0;5442.283;6576.4443;-2942.6035;7192.935;-455.92667;-1789.8367
2016-08-30;20.233133;-1.0016073;0.009920756;756.6948;1.2841253;211.33856;0.0;-7.3453654e-25;99.99998;-7.345365e-21;0.0017358944;-0.6053709;8.940697e-05;0.384897;0.3848225;0.0;0.0;4900.3604;5920.783;-2688.641;7441.086;-420.5311;-1560.4355
2016-08-31;20.019623;-0.25453696;0.009638469;754.78973;1.3364824;178.02351;0.0;-7.3453654e-25;99.99998;-7.345365e-21;0.00044107434;-0.60686934;1.4901161e-05;0.37947297;0.37945807;0.0;0.0;5243.876;6335.059;-2810.8818;7281.9097;-421.57224;-1824.0789
2016-09-01;18.292725;-1.6105652;0.009888967;751.78094;1.5016499;212.91705;0.0;-7.3453654e-25;99.99998;-7.345365e-21;0.0008583069;-0.58657116;4.4703484e-05;0.37424266;0.3742054;0.0;0.0;5681.0864;6862.4517;-3103.865;6719.521;-407.4711;-2197.6055
2016-09-02;15.456899;-1.4340006;0.009802501;751.5253;1.2145339;142.31194;0.0;-7.3453654e-25;99.99998;-7.345365e-21;0.0008523463;-0.52985364;2.9802322e-05;0.36910176;0.3690645;0.0;0.0;5233.5615;6321.076;-2923.5295;6627.6733;-368.0711;-1985.4377
2016-09-03;15.373097;-1.031901;0.009685516;752.0811;1.2339569;140.24522;0.0;-7.3453654e-25;99.99998;-7.345365e-21;0.00044415207;-0.55578166;1.4901161e-05;0.36405027;0.36403537;0.0;0.0;5670.84;6848.47;-2975.6494;6589.372;-386.0822;-2202.3955
2016-09-04;15.0868025;0.6143799;0.009759267;753.52246;1.4925771;206.33154;0.0;-7.3453654e-25;99.99998;-7.345365e-21;0.0008583069;-0.5178917;2.9802322e-05;0.3591478;0.35911053;0.0;0.0;5592.783;6753.43;-2854.4458;6663.5566;-359.7611;-2335.998
2016-09-05;14.358002;0.5676778;0.00976181;755.3037;1.134144;180.23535;0.0;-7.3453654e-25;99.99998;-7.345365e-21;0.0008523463;-0.540508;4.4703484e-05;0.3543347;0.35429;0.0;0.0;5666.067;6841.0967;-3119.6975;6357.7275;-375.47333;-2177.8088
2016-09-06;14.496094;-0.42671713;0.009934743;754.5319;1.1516131;210.09315;0.0;-7.3453654e-25;99.99998;-7.345365e-21;0.0;-0.547098;0.0;0.34958124;0.34956634;0.0;0.0;5628.923;6795.435;-3077.8823;6414.5225;-380.05;-2051.9023
2016-09-07;13.580363;0.60202026;0.009847005;753.2637;1.0174512;74.807594;0.0;-7.3453654e-25;99.99998;-7.345365e-21;0.5712934;-0.6433474;0.026747584;0.37175417;0.34498423;0.0;0.0;4925.4277;5945.2954;-2684.0623;6758.0234;-446.91223;-1748.3077
2016-09-08;13.012309;0.34041342;0.009881337;753.74896;1.656109;37.52989;0.0;-7.3453654e-25;99.99998;-7.345365e-21;0.0032544131;-0.6445292;0.00014901161;0.34068525;0.34053624;0.0;0.0;5453.8467;6582.4883;-2996.0396;6273.3965;-447.7322;-2089.672
2016-09-09;15.170044;-2.7860615;0.010325114;753.6741;1.2089298;151.52278;0.0;-7.3453654e-25;99.99998;-7.345365e-21;0.0012822675;-0.6496943;5.9604645e-05;0.3361553;0.33610314;0.0;0.0;5555.9272;6704.8975;-3136.9443;6337.99;-451.32;-1772.2411
2016-09-10;15.645162;-3.5401409;0.010177612;754.88873;1.1646806;178.93156;0.0;-7.3453654e-25;99.99998;-7.345365e-21;0.0;-0.5938876;0.0;0.33172965;0.33174455;0.0;0.0;5463.5474;6592.6016;-3055.8796;6487.008;-412.55444;-1847.0656
2016-09-11;15.58376;-3.425771;0.01009496;754.57135;1.2184528;196.21812;0.0;-7.3453654e-25;99.99998;-7.345365e-21;0.0017357852;-0.55765456;8.940697e-05;0.32754242;0.32746792;0.0;0.0;5447.052;6571.9087;-3093.0002;6433.5977;-387.38333;-1853.5477
2016-09-12;15.098744;-3.1955872;0.009886424;753.36273;1.240684;126.83942;0.0;-7.3453654e-25;99.99998;-7.345365e-21;0.0017178336;-0.5418397;8.940697e-05;0.3233552;0.3232956;0.0;0.0;5297.4883;6390.6445;-3010.5396;6498.508;-376.39777;-1807.3978
2016-09-13;14.628102;-1.5721029;0.010247548;753.4109;1.1989304;162.64793;0.0;-7.3453654e-25;99.99998;-7.345365e-21;0.0004351138;-0.5164575;1.4901161e-05;0.31921268;0.31919032;0.0;0.0;5349.6055;6452.671;-3043.2373;6386.5312;-358.76666;-1911.1444
2016-09-14;13.570821;-0.56274414;0.009792328;752.5146;1.4563669;230.7397;0.0;-7.3453654e-25;99.99998;-7.345365e-21;0.0;-0.44362807;0.0;0.31521916;0.31521916;0.0;0.0;5192.8516;6263.0146;-2839.972;6363.1323;-308.17334;-2067.1333
2016-09-15;12.824504;2.0179749;0.010060628;752.3762;1.3673695;201.51231;0.0;-7.3453654e-25;99.99998;-7.345365e-21;0.0;-0.4273234;0.0;0.31137466;0.31137466;0.0;0.0;5093.938;6142.969;-2750.7708;6428.695;-296.84668;-2072.8767
2016-09-16;12.414154;1.85082;0.010114034;752.0298;1.1343533;177.62517;0.0;-7.3453654e-25;99.99998;-7.345365e-21;0.640887;-0.52082723;0.030338764;0.33795834;0.30763447;0.0;0.0;4718.4233;5685.209;-2554.8306;6497.9346;-361.80112;-1871.8889
2016-09-17;10.645894;0.19039917;0.010264079;750.92334;1.1799971;193.3394;0.0;-7.3453654e-25;99.99998;-7.345365e-21;1.1441633;-0.7162578;0.05657971;0.3606379;0.3040582;0.0;0.0;4398.7275;5295.2886;-2340.3545;6476.0635;-497.56;-1769.2633
2016-09-18;11.058391;-0.6008911;0.009951274;752.6259;0.9988443;142.3263;0.0;-7.3453654e-25;99.99998;-7.345365e-21;0.0;-0.8338336;0.0;0.30051172;0.30051172;0.0;0.0;4965.5083;5972.3467;-2689.6328;6301.062;-579.23553;-1657.8528
2016-09-19;11.935191;-0.2747294;0.010121663;752.4971;1.1018406;149.46399;0.0;-7.3453654e-25;99.99998;-7.345365e-21;0.0034391878;-0.6961394;0.00016391277;0.29708445;0.296928;0.0;0.0;4920.819;5913.439;-2651.3684;6423.93;-483.58444;-1714.1022
2016-09-20;12.652141;-1.8382365;0.010334015;753.2171;1.0695066;189.07104;0.0;-7.3453654e-25;99.99998;-7.345365e-21;0.00043754568;-0.6276723;1.4901161e-05;0.29343367;0.29340386;0.0;0.0;5051.622;6065.374;-2875.3157;6248.0225;-436.02222;-1708.0522
2016-09-21;11.01415;-1.4007467;0.009980519;753.04474;1.3635403;205.14526;0.0;-7.3453654e-25;99.99998;-7.345365e-21;1.1835992;-0.64365196;0.060856342;0.35089254;0.29002875;0.0;0.0;4664.59;5595.9023;-2603.2314;6205.16;-447.12445;-1776.2633
2016-09-22;11.084086;-0.34072876;0.01015981;754.4694;1.2904645;165.46753;0.0;-7.3453654e-25;99.99998;-7.345365e-21;0.0017114526;-0.73069894;8.940697e-05;0.28681755;0.28674304;0.0;0.0;4843.1455;5805.0845;-2564.908;6305.21;-507.59222;-1693.9767
2016-09-23;10.698964;1.8179423;0.010112762;751.9419;1.6864222;213.38277;0.0;-7.3453654e-25;99.99998;-7.345365e-21;0.43292344;-0.6160913;0.020757318;0.3043115;0.2835244;0.0;0.0;3928.555;4704.739;-2006.62;6830.793;-427.97778;-1549.3188
2016-09-24;8.342732;0.2993164;0.010140737;750.18536;1.4592813;171.95137;0.0;-7.3453654e-25;99.99998;-7.345365e-21;0.07036328;-0.521264;0.0031143427;0.2835393;0.28043985;0.0;0.0;4120.479;4930.208;-2319.895;6248.7153;-362.10443;-1749.0778
2016-09-25;8.764954;-4.540222;0.00970459;750.95636;1.0577004;168.52074;0.0;-7.3453654e-25;99.99998;-7.345365e-21;0.0008702277;-0.58056694;4.4703484e-05;0.2773702;0.2773255;0.0;0.0;4991.177;5966.8735;-3009.6729;5580.1436;-403.3;-1733.5244
2016-09-26;9.70518;-4.4010315;0.010044098;752.95215;1.182424;254.55127;0.0;-7.3453654e-25;99.99998;-7.345365e-21;0.0;-0.49899054;0.0;0.27424097;0.27423352;0.0;0.0;4887.903;5838.3867;-2864.1594;5744.193;-346.63165;-1647.99
2016-09-27;10.730702;-1.0865072;0.00987498;754.74;1.2674075;234.59137;0.0;-7.3453654e-25;99.99998;-7.345365e-21;0.010043383;-0.42194873;0.00047683716;0.27170777;0.2712235;0.0;0.0;4309.9395;5143.5522;-2306.885;6433.2725;-293.11444;-1606.1633
2016-09-28;10.456471;-1.927714;0.009864807;752.8062;1.5804235;189.70381;0.0;-7.3453654e-25;99.99998;-7.345365e-21;0.0012993813;-0.41164178;5.9604645e-05;0.2683401;0.2682805;0.0;0.0;4568.9473;5447.9277;-2544.7166;6233.3823;-285.95334;-1833.0956
2016-09-29;8.677022;-4.347758;0.009648641;751.8748;1.1481487;110.56589;0.0;-7.3453654e-25;99.99998;-7.345365e-21;0.0;-0.42492712;0.0;0.26535988;0.26535988;0.0;0.0;4783.71;5699.0996;-2751.9275;5953.109;-295.18222;-1736.7748
2016-09-30;5.6289673;-3.2978313;0.010136922;750.656;1.177068;58.558147;0.0;-7.3453654e-25;99.99998;-7.345365e-21;3.57157;-0.5965773;0.20128489;0.46385825;0.26257336;0.0;0.0;3400.8547;4048.0215;-2091.4917;6198.3623;-414.42334;-1275.7467
2016-10-01;6.407145;-4.5333557;0.0098177595;755.607;1.9690132;29.295061;0.0;-7.3453654e-25;99.99998;-7.345365e-21;0.0;-1.0518664;0.0;0.25986135;0.25986135;0.0;0.0;4766.999;5669.3735;-2787.3767;5412.2065;-730.69666;-1500.7556
2016-10-02;8.752217;-4.4731445;0.010114034;757.43475;1.297222;42.46741;0.0;-7.3453654e-25;99.99998;-7.345365e-21;0.0008523463;-0.9556674;4.4703484e-05;0.25716424;0.25711954;0.0;0.0;4776.436;5675.7153;-2905.19;5515.8667;-663.87;-1208.1111
2016-10-03;9.8203125;-6.594452;0.009958903;755.7117;0.98647046;86.259186;0.0;-7.3453654e-25;99.99998;-7.345365e-21;0.0012936407;-0.87965465;5.9604645e-05;0.25445223;0.25438517;0.0;0.0;4721.0674;5605.1157;-2842.8625;5724.8623;-611.0672;-1175.4388
2016-10-04;10.139058;-6.3302407;0.01012675;753.6162;1.0314791;103.89631;0.0;-7.3453654e-25;99.99998;-7.345365e-21;0.0;-0.74062496;0.0;0.2516806;0.25170296;0.0;0.0;4590.9453;5445.906;-2715.2434;5933.9673;-514.4867;-1311.7178
2016-10-05;10.044881;-6.7365623;0.00969696;753.4431;1.0668219;100.78311;0.0;-7.3453654e-25;99.99998;-7.345365e-21;0.0017195934;-0.6383341;8.940697e-05;0.24913251;0.24905801;0.0;0.0;4564.2993;5409.665;-2769.1294;5895.579;-443.4289;-1316.0878
2016-10-06;10.798076;-7.850057;0.01001358;755.2148;1.0841919;100.15353;0.0;-7.3453654e-25;99.99998;-7.345365e-21;0.0017285338;-0.57677555;8.940697e-05;0.24652481;0.2464503;0.0;0.0;4561.603;5401.823;-2863.35;5853.076;-400.66666;-1258.669
2016-10-07;10.735911;-9.303345;0.009902954;756.0976;1.0860524;98.610016;0.0;-7.3453654e-25;99.99998;-7.345365e-21;0.00085234636;-0.4947465;4.4703484e-05;0.24393201;0.24389476;0.0;0.0;4581.2744;5420.4644;-3021.8528;5601.069;-343.68332;-1267.1011
2016-10-08;9.958293;-9.325348;0.01015981;755.75165;1.1047097;151.61638;0.0;-7.3453654e-25;99.99998;-7.345365e-21;0.0017166131;-0.44657105;8.940697e-05;0.24145842;0.24137646;0.0;0.0;4547.6426;5376.0923;-2947.6973;5637.4634;-310.2189;-1267.1722
2016-10-09;10.024434;-7.8928123;0.009970347;755.6961;0.9639442;149.08556;0.0;-7.3453654e-25;99.99998;-7.345365e-21;0.0025749204;-0.42616576;0.00011920929;0.23902953;0.23891032;0.0;0.0;4468.225;5277.681;-2875.2034;5769.3687;-296.04443;-1262.96
2016-10-10;9.430359;-8.008331;0.009963989;754.3892;1.0871823;120.13987;0.0;-7.3453654e-25;99.99998;-7.345365e-21;0.0012934206;-0.3889641;5.9604645e-05;0.23655593;0.23648143;0.0;0.0;4424.2305;5221.2485;-2812.5916;5767.029;-270.2;-1342.3833
2016-10-11;8.962402;-4.662791;0.0099105835;753.989;1.104432;154.84853;0.0;-7.3453654e-25;99.99998;-7.345365e-21;0.002147347;-0.32855478;0.00010430813;0.23424625;0.2341345;0.0;0.0;4062.5156;4790.2954;-2625.9194;5863.4653;-228.23555;-1303.5244
2016-10-12;8.741119;-3.324585;0.009944916;753.8443;0.9925936;154.90979;0.0;-7.3453654e-25;99.99998;-7.345365e-21;0.0017166703;-0.3543524;8.940697e-05;0.23190677;0.23181736;0.0;0.0;4230.154;4983.711;-2635.2122;5920.1543;-246.15666;-1297.0155
2016-10-13;9.481171;-2.9843342;0.009966533;754.7544;1.0428331;164.29181;0.0;-7.3453654e-25;99.99998;-7.345365e-21;0.13335347;-0.37004146;0.0064074993;0.23591518;0.22953749;0.0;0.0;4098.5386;4824.4854;-2550.7278;6065.2124;-257.05554;-1272.2478
2016-10-14;8.515706;-1.970693;0.010206859;753.0542;1.4381208;173.05742;0.0;-7.3453654e-25;99.99998;-7.345365e-21;0.0;-0.34367293;0.0;0.22730231;0.22730231;0.0;0.0;4162.3193;4895.419;-2459.561;6048.6465;-238.73778;-1456.8978
2016-10-15;7.200226;-2.5119526;0.00985082;751.965;1.4634668;188.41084;0.0;-7.3453654e-25;99.99998;-7.345365e-21;0.24520996;-0.28302336;0.01129508;0.23642182;0.22514164;0.0;0.0;3807.9834;4474.895;-2226.756;6135.4683;-196.60667;-1514.3656
2016-10-16;6.32488;-3.2109349;0.009953816;753.84076;1.0417436;174.9706;0.0;-7.3453654e-25;99.99998;-7.345365e-21;0.0008642673;-0.39738232;4.4703484e-05;0.22307038;0.22301078;0.0;0.0;4048.0522;4755.437;-2532.4182;5744.039;-276.0489;-1496.2667
2016-10-17;7.013092;-6.565722;0.00999705;753.35376;1.0141318;210.6334;0.0;-7.3453654e-25;99.99998;-7.345365e-21;0.00042617318;-0.3243871;1.4901161e-05;0.22092462;0.22090971;0.0;0.0;4170.009;4897.21;-2759.2844;5378.1733;-225.34111;-1276.5756
2016-10-18;5.9908547;-5.323954;0.010187785;753.4078;1.0844449;108.08111;0.0;-7.3453654e-25;99.99998;-7.345365e-21;0.087961555;-0.3058724;0.0041127205;0.22293627;0.21883845;0.0;0.0;3960.1216;4649.171;-2453.2944;5698.6445;-212.47888;-1287.4889
2016-10-19;4.040171;-1.721934;0.010105133;753.54877;1.0024091;98.94263;0.0;-7.3453654e-25;99.99998;-7.345365e-21;0.91708004;-0.5613137;0.042885542;0.25975704;0.2168715;0.0;0.0;3229.2312;3790.0588;-1965.2694;6042.326;-389.92557;-1143.6278
2016-10-20;4.879476;-3.3237915;-4.881739;753.2579;1.086294;118.23038;0.00024414062;-7.3453654e-25;107.499;-7.345365e-21;0.00011920929;-0.44391677;0.0;0.21491945;0.21490455;4.8428774e-05;0.00010803342;3862.4866;4531.759;-2285.4238;5828.0254;-308.37332;-1373.3689
2016-10-21;5.62028;-3.5893657;-7.0295043;753.89996;0.98008776;85.5104;0.0;-7.3453654e-25;128.5117;-7.345365e-21;0.0;-0.4095696;0.0;0.2129525;0.21294504;2.6077032e-05;0.0;3996.1777;4687.0547;-2582.585;5525.193;-284.51443;-1156.8088
2016-10-22;5.0926003;-3.9834187;-6.383507;754.17847;0.9950134;78.48167;0.0011393229;-7.3453654e-25;138.08624;-7.345365e-21;0.0010609627;-0.38561878;5.9604645e-05;0.21106005;0.21100044;0.000115484;0.00021606684;3958.0112;4640.597;-2503.1511;5599.783;-267.87668;-1224.1067
2016-10-23;6.076874;-4.5039573;-6.277167;754.3416;1.0011096;119.69868;0.0;-7.3453654e-25;149.93553;-7.345365e-21;0.0008523463;-0.35553986;4.4703484e-05;0.2091229;0.2090782;6.3329935e-05;0.0;3908.5178;4581.419;-2568.531;5542.068;-246.98222;-1114.7245
2016-10-24;3.985494;-2.029775;-3.581792;753.2475;0.96592563;83.36236;0.0;-7.3453654e-25;150.24998;-7.345365e-21;2.564642;-0.49416256;0.1386553;0.34590065;0.2072528;3.3527613e-05;0.0;2969.3855;3479.689;-1712.1794;6272.126;-343.27777;-938.69556
2016-10-25;2.8360088;0.315979;-1.344223;751.52435;0.9052773;70.88618;0.46850586;8.865198e-05;150.33788;0.40690103;10.839701;-0.78163296;0.65374374;0.85926056;0.20553172;0.0121649355;0.5081855;1948.4288;2282.912;-911.1383;6930.9517;-542.9711;-677.49664
2016-10-26;2.305125;0.10017904;-0.7726822;751.0315;0.9016425;183.36317;20.737467;0.0030547779;144.59276;21.118164;15.844837;-1.1186609;1.0939687;1.2978315;0.20387024;1.8429216;2.6542916;1931.1561;2666.45;-791.1628;6873.687;-776.9733;-517.4711
2016-10-27;3.540619;-0.99532956;-2.6608543;757.46625;1.1650047;276.88828;12.2647295;0.0017937422;150.44106;12.247722;0.3698498;-1.2438139;0.12764335;0.3298521;0.20221621;1.2391322;0.0003017485;2867.064;3625.459;-1334.3005;6410.988;-864.8933;-728.2756
2016-10-28;4.8259177;2.5927227;-0.061466217;758.2959;0.53789276;218.02026;7.0638022;0.0010430018;150.58266;7.2428384;16.03129;-0.9008432;1.4755428;1.6761571;0.20059943;0.6070696;0.0;1282.0183;1562.59;-551.4439;7268.0967;-625.5122;-205.77112
2016-10-29;5.537842;2.938853;-1.1279551;753.7211;0.6866073;239.66286;3.8736165;0.0005645752;150.67381;3.9876301;2.491343;-1.0943413;0.27027726;0.46932697;0.19903481;0.46109036;0.0;2108.0295;2515.6533;-972.8444;6993.8887;-760.04443;-433.74112
2016-10-30;4.0956826;3.0837605;-0.10813268;750.3101;1.4017283;222.23993;1.7105306;0.0002475977;150.7132;1.6682943;10.157782;-1.2955629;1.0390431;1.2365133;0.19747764;0.24313293;0.0;2334.7966;2755.24;-740.3945;7235.769;-899.8567;-776.24445
2016-10-31;3.6969402;3.1707458;-0.005241394;749.82965;1.573556;203.06482;0.70564777;0.000102599464;150.73045;0.8951823;16.790554;-0.9742379;2.012819;2.2087693;0.19598007;0.08890219;0.0;951.1278;1116.45;-92.98444;7743.7524;-676.6789;-456.1911
2016-11-01;2.5215352;2.1207275;0.010007222;745.85815;1.742561;197.47023;1.3537598;0.00025443235;150.1341;1.2613932;34.009098;-0.8457396;5.6853294;5.879879;0.19452721;0.05380623;1.3655275;583.3789;683.3078;-22.143333;7667.451;-587.5244;-383.38443
2016-11-02;-1.748113;-3.7189217;-5.277989;746.1159;1.1424676;130.29707;31.052002;0.004800757;147.46092;31.49414;8.621032;-0.7504076;0.42949617;0.6227642;0.19327551;0.46501493;6.0410986;1330.6777;1846.8944;-1102.5155;5963.5884;-525.4489;-466.7
2016-11-03;0.091091156;-8.630916;-10.006943;755.03467;1.0185956;83.14092;39.07487;0.005815347;150.80824;38.37077;0.0;-0.8939849;0.2920404;0.48419833;0.19215792;1.8144492;0.0;2785.621;4239.819;-2105.7634;4753.969;-622.9089;-271.2511
2016-11-04;0.5724805;-9.000827;-10.005324;754.9673;0.99984795;150.87274;28.434408;0.004237493;151.11977;27.954102;0.0;-0.96803534;0.21791458;0.40902197;0.19109994;1.3871361;0.0;2991.689;4176.261;-2224.2344;4762.117;-674.9767;-302.5478
2016-11-05;0.21369934;-7.876181;-10.123632;753.17804;0.9472719;76.24975;20.315592;0.0030291479;151.33592;20.263672;0.0;-0.920983;0.16573071;0.35583973;0.19010156;1.0725763;0.0;3137.9377;4132.3545;-2301.7695;4744.4365;-641.13556;-342.54224
2016-11-06;-0.1882286;-7.49373;-9.051186;752.8088;0.98085856;49.862896;14.16097;0.002111276;151.49445;14.038086;0.0008583069;-0.9187581;0.12305379;0.31222403;0.18915534;0.8080322;0.0;3153.59;3988.0422;-2155.0417;4983.0234;-639.11224;-392.59222
2016-11-07;0.7658946;-6.120758;-8.706368;755.5201;0.8260455;109.84067;9.454834;0.0014071862;151.6087;9.358724;0.00044142103;-0.91400373;0.0949353;0.28318167;0.18824637;0.63079226;7.4505806e-06;3256.0256;3999.419;-2194.1333;5023.59;-635.17;-422.60333
2016-11-08;0.8855591;-5.1688333;-7.730181;757.21027;0.9325275;125.0153;6.424154;0.00096126396;151.68422;6.551107;0.3222853;-0.55689085;0.08305907;0.27044117;0.1873821;0.32509863;0.0;2059.5483;2483.5078;-1635.3972;5544.713;-386.9;-156.44556
2016-11-09;3.054057;-4.5917764;-7.0857186;758.0467;0.9871928;64.26635;4.1404624;0.00061325234;151.73729;4.0283203;0.0012993806;-0.9149993;0.054210424;0.24074316;0.18654019;0.3676042;0.0;3069.3494;3655.4333;-1900.4811;5526.751;-635.66724;-231.95334
2016-11-10;5.2512207;-3.1320598;-6.4573083;757.6495;0.86801124;233.24318;2.381673;0.00035349527;151.7705;2.319336;0.0025676845;-0.7059509;0.027924776;0.21365285;0.18571317;0.19070692;0.0;2285.3232;2696.1467;-1674.5527;5792.1025;-490.39722;-79.42778
2016-11-11;5.1448975;-3.8338013;-8.06088;756.90643;0.86245793;252.08199;1.3776041;0.00020392735;151.78871;1.3427734;0.00086426723;-1.0513133;0.018417835;0.20332634;0.18490106;0.12800097;0.0;3272.5762;3838.8623;-2268.3738;5176.6855;-730.32947;-219.50333
2016-11-12;4.729309;-3.7759502;-7.4609466;757.49536;0.9493801;75.80553;0.7458496;0.00011014938;151.79945;0.9765625;0.0008523463;-1.0126419;0.010408461;0.19450486;0.18408895;0.0731796;0.0;3226.2488;3771.5122;-2170.2295;5315.8076;-703.4522;-210.57666
2016-11-13;5.60848;-3.2389324;-6.6898484;757.39355;0.8022596;186.84288;0.39615884;5.853176e-05;151.80467;0.28483072;0.00085532654;-0.9960113;0.005468726;0.18876791;0.18329173;0.038726255;0.0;3065.0244;3575.87;-1990.6862;5533.6206;-691.9044;-206.24445
2016-11-14;5.1360984;-1.4015707;-6.8394265;757.09845;0.80096483;256.00363;0.20499675;3.0398369e-05;151.80467;-7.345365e-21;0.0;-0.9932853;0.0030249357;0.18554926;0.18251687;0.02207607;0.0;3071.1895;3578.7866;-1956.8922;5582.6167;-690.00665;-330.03
2016-11-15;4.37026;-0.6508687;-7.008364;754.1888;0.77353185;253.30237;0.104899086;1.5457472e-05;151.80858;-7.345365e-21;0.0012916735;-0.80846715;0.0015124679;0.18326938;0.18175691;0.010307878;0.0;2624.5872;3056.1177;-1789.0072;5687.667;-561.61554;-286.72556
2016-11-16;2.5060322;-1.1355692;-4.0084686;748.781;1.3344717;208.00725;0.15877278;3.4650166e-05;152.46971;0.12207031;8.031922;-0.8536857;1.0239035;1.2049228;0.1810193;0.004986301;0.2331771;2681.7222;3121.89;-1406.075;6101.265;-593.03;-430.9178
2016-11-17;-0.86064273;-2.048589;-1.908226;749.08154;1.4901067;203.57294;30.662271;0.0046517053;145.4837;31.53483;8.094981;-0.7977169;0.4131049;0.59340894;0.1803115;0.9293482;5.511038;1612.3517;2398.6377;-747.11444;6522.198;-562.4155;-452.05334
2016-11-18;-1.5571963;-6.7217917;-7.363379;753.4383;0.7317428;127.66111;31.107504;0.00464801;150.72719;31.12793;0.019282103;-0.79805124;0.14011562;0.3197193;0.17961115;0.9628571;0.018384308;2484.8167;3494.6333;-1946.1067;5093.819;-558.36224;-446.2978
2016-11-19;-2.2794712;-9.689697;-11.6339;755.08356;1.5103031;29.461893;25.386557;0.0038018227;150.96027;25.309244;0.0;-0.6106347;0.09940565;0.2783239;0.17891824;0.6813668;0.0;2689.7673;3620.3323;-2305.5378;4445.3423;-428.52444;-329.9289
2016-11-20;-2.6113307;-9.22462;-11.950154;755.4826;1.9744295;28.948746;21.562988;0.0032400687;151.14679;21.443686;0.0027120113;-0.47331864;0.05762279;0.23588538;0.17827004;0.39421952;0.002708286;2756.891;3609.119;-2414.9116;4315.482;-334.87778;-415.71335
2016-11-21;-3.9187508;-10.348365;-12.45931;754.82404;2.1671922;30.925226;19.419027;0.0029266279;151.19952;19.856771;0.010472916;-0.35071373;0.024601817;0.20220876;0.17763674;0.16624108;0.007469207;2775.45;3575.87;-2443.3044;4239.937;-250.76222;-582.6
2016-11-22;-4.861038;-14.503291;-14.130755;754.6331;2.1390932;24.865355;18.296387;0.0027627547;151.27016;18.880209;0.0034669247;-0.28135443;0.006765127;0.18380582;0.1770258;0.044345856;0.0004582107;2828.2456;3612.4944;-2661.7222;3903.9355;-203.45111;-619.9711
2016-11-23;-4.536625;-15.826152;-14.007565;754.39307;2.0050633;24.71814;16.986979;0.0025624037;151.39613;17.333984;0.0;-0.29047114;0.022217631;0.19866228;0.1764372;0.15228055;0.0;2788.5933;3529.61;-2578.8145;4047.4116;-209.31721;-529.2133
2016-11-24;-5.0989776;-15.613406;-14.074028;753.72516;1.946662;23.991104;15.790853;0.002386411;151.51268;15.991211;0.0017069324;-0.33451617;0.009864569;0.18572807;0.1758486;0.066554174;0.0;2796.1484;3511.4434;-2542.0718;4049.0007;-240.07445;-631.6544
2016-11-25;-3.4372787;-16.657354;-13.019241;752.0342;1.071899;49.20409;13.633789;0.0020486116;151.6227;13.834636;0.0;-0.23644604;0.060766935;0.2360344;0.17527491;0.41848606;0.0;2785.8293;3459.8867;-2477.1094;4288.821;-167.29778;-449.8111
2016-11-26;-3.7478485;-15.562373;-13.6853895;751.2663;0.9153684;263.39993;11.130696;0.0016756058;151.71515;11.433919;0.0008523463;-0.27033222;0.04044175;0.21514297;0.17471611;0.27771854;0.0;2806.5916;3436.7356;-2508.2761;4263.724;-191.56778;-476.48
2016-11-27;-4.3237367;-15.559936;-13.876404;752.04224;0.8786468;210.00037;9.349772;0.0014093717;151.78871;9.480794;0.0008523463;-0.2798047;0.029399991;0.20354986;0.17415732;0.20197779;0.0;2785.1794;3378.71;-2535.9473;4214.89;-197.61444;-509.68555
2016-11-28;-3.3561199;-14.108579;-13.345929;752.2348;0.9378751;168.88513;7.697754;0.0011581978;151.84991;7.6090493;0.0017262892;-0.31532347;0.0346303;0.20822883;0.17360598;0.23775361;0.0;2787.5522;3354.5188;-2526.3228;4278.6963;-221.21889;-435.51334
2016-11-29;-2.431895;-14.492211;-12.970983;752.38916;0.84765154;267.6735;6.14152;0.0009242694;151.90428;6.225586;0.0012874597;-0.31501615;0.029370189;0.20243227;0.17306209;0.20222366;0.0;2809.235;3355.4255;-2515.0066;4330.0513;-220.44667;-394.49335
2016-11-30;-1.9775391;-10.066598;-5.8673472;749.4986;0.7622654;218.90517;22.459229;0.003853957;140.36913;28.238932;17.78245;-0.22398867;0.04681945;0.21936;0.1725182;0.11271238;17.326672;2050.054;2436.2866;-1099.0355;6019.39;-157.79222;-458.68222
2016-12-01;-3.6069744;-4.665127;-2.2248383;744.8672;0.5684766;178.46724;100.0;0.030926505;126.875305;237.06055;33.441303;-0.11901185;0.04002452;0.21202862;0.1720041;0.049509108;31.751417;438.84222;1725.7722;-366.3878;6579.3345;-93.672226;-147.30112
2016-12-02;-4.6659074;-5.4005837;-1.9348997;741.1606;1.2481138;207.17274;100.0;0.07527331;135.60414;548.2178;44.21847;-0.24326146;0.03105402;0.20253658;0.17148256;0.0;42.21087;372.85278;1541.669;-207.67944;6728.9023;-191.52888;-297.2011
2016-12-03;-6.295292;-7.533838;-5.464123;750.95013;1.6653119;207.99086;100.0;0.098845124;152.01495;650.96027;2.8158574;-0.045435503;0.0;0.17096102;0.17096847;0.0;2.8077028;573.7639;2448.6267;-603.88947;6003.7285;-36.06111;-106.78555
2016-12-04;-6.164018;-7.740091;-7.485087;754.2329;0.83223087;162.86946;100.0;0.100477576;158.12206;635.9456;0.18666685;0.008640811;0.0;0.17046928;0.17046183;0.0;0.1858063;638.2611;2661.8123;-942.3617;5412.9956;6.667778;-79.363335
2016-12-05;-7.2188926;-9.752881;-10.618051;750.585;0.80218273;164.6823;100.0;0.100681506;162.60936;619.50684;1.5154779;0.00923872;0.0;0.16996264;0.16996264;0.0;1.4856793;650.06836;2641.7478;-542.55;5617.8496;7.576667;-61.78
2016-12-06;-9.025631;-15.357422;-11.042897;748.95404;1.0629343;144.7397;100.0;0.10390838;163.15526;636.8408;1.7971724;-0.061772764;0.0;0.1694709;0.16946346;0.0;1.7919316;681.585;2783.6133;-1257.9388;4727.5337;-45.14111;-30.593334
2016-12-07;-11.732056;-24.849726;-21.219366;749.70966;0.968035;193.3474;100.0;0.10420982;165.60382;629.8828;0.0012848341;-0.020669773;0.0;0.16896427;0.16896427;0.0;0.0;855.7789;3399.36;-1350.6294;3694.1409;-14.13;72.416664
2016-12-08;-14.560367;-22.154772;-23.248184;748.8227;1.2889444;16.70186;100.0;0.104220785;167.22035;623.69794;0.0017122912;0.017624348;0.0;0.16847253;0.16847998;0.0;7.4505806e-06;839.7233;3254.6868;-1136.7711;3849.9631;13.984445;75.40667
2016-12-09;-14.048703;-22.765587;-23.46177;747.59796;1.2151774;55.431705;100.0;0.104242004;168.67738;618.0827;0.0031709669;0.010427088;0.0;0.16799569;0.16799569;0.0;0.0018719584;852.9572;3220.39;-906.12164;4121.9053;8.444445;66.153336
2016-12-10;-9.108784;-17.083546;-19.245623;745.80347;0.8924296;153.13344;100.0;0.10436555;170.1699;613.28125;0.5443692;0.012163073;0.0;0.16753376;0.1675263;0.0;0.5405061;851.51276;3137.3423;-617.9217;4854.0938;9.806666;48.95889
2016-12-11;-10.310213;-12.729125;-15.418503;745.762;1.0227791;108.021904;100.0;0.10483408;171.69691;610.9619;0.023144484;0.006828457;0.0;0.16705692;0.16705692;0.0;0.021748245;784.8761;2850.4277;-869.13446;4833.1655;7.23;-19.077778
2016-12-12;-9.422279;-14.711606;-15.761136;747.9951;0.9386073;139.25752;100.0;0.10487604;174.28026;602.17285;0.04453645;-0.005996786;0.0;0.16658008;0.16658008;0.0;0.038605183;866.44666;3074.2922;-914.62445;4750.292;-2.4333334;13.976666
2016-12-13;-7.03068;-8.115102;-11.004283;744.1682;0.862978;239.87805;100.0;0.10902766;171.31932;635.0911;11.637598;0.026825815;0.0;0.16611814;0.16611814;0.0;11.628878;233.73666;831.36224;257.1139;6586.968;21.02;-0.78
2016-12-14;-6.3381677;-7.1053085;-6.2390404;738.6673;0.81312656;146.09485;100.0;0.1436029;153.82289;930.8675;58.13527;-0.02578646;0.0;0.16567111;0.16565621;0.0;58.127167;128.73555;541.1289;-4.7066665;6650.7466;-20.067778;-58.577778
2016-12-15;-9.3411;-11.207898;-7.8849525;741.5979;0.9588375;194.43726;100.0;0.18076698;153.60382;1177.5717;4.750335;-0.058731064;0.0;0.16519427;0.16520917;0.0;4.7452936;502.27;2184.06;-712.92914;5602.5547;-44.36;-105.48222
2016-12-16;-10.514347;-12.208408;-10.453323;747.3765;0.9646508;180.4832;100.0;0.18260817;161.2389;1133.3414;1.4547229;-0.02668798;0.0;0.16474724;0.16474724;0.0;1.4468879;585.885;2489.541;-689.11664;5399.933;-19.012222;-85.59111
2016-12-17;-10.730919;-13.3869095;-11.119999;748.5173;0.71541804;114.12261;100.0;0.18679357;162.6839;1147.7865;4.526973;-0.018922612;0.0;0.1643002;0.1643002;0.0;4.522126;458.075;1938.28;-459.30276;5654.1133;-13.514444;-65.10889
2016-12-18;-13.067813;-18.387297;-14.9106865;748.8867;1.1879485;31.073563;100.0;0.1885848;166.80467;1131.2662;0.74012876;-0.028707087;0.0;0.16385317;0.16385317;0.0;0.7375404;760.7528;3145.13;-1101.0795;4453.2524;-20.272223;-40.808887
2016-12-19;-12.351788;-15.725063;-15.02682;747.24396;0.92260605;58.322575;100.0;0.1914715;167.05272;1146.4437;2.34662;-0.013241544;0.0;0.16342103;0.16342103;0.0;2.3448765;629.415;2590.49;-851.64557;4863.9365;-8.592222;-40.97333
2016-12-20;-14.251079;-19.121836;-19.679441;745.87476;1.0413355;36.047302;100.0;0.19188146;170.86424;1124.1455;0.0015199184;0.003078021;0.0;0.1629889;0.162974;0.0;0.0011138618;786.855;3156.6956;-1360.2017;3774.1497;3.9905555;29.947779
2016-12-21;-12.961024;-19.680456;-21.733862;749.1646;0.9696877;26.190086;100.0;0.19191067;173.93878;1104.2887;0.020185113;0.004607253;0.0;0.16254187;0.16254187;0.0;0.016763806;764.5928;2987.5967;-799.54834;4363.714;4.9066668;46.873333
2016-12-22;-11.471878;-19.12322;-19.875917;752.47437;1.3185872;9.893594;100.0;0.19199531;176.91339;1085.8154;0.087696314;0.0003091991;0.0;0.16212463;0.16210973;0.0;0.085975975;620.76666;2367.8455;-683.45056;4693.07;1.6466666;80.97
2016-12-23;-10.548676;-19.198265;-20.115837;755.17596;1.4421916;8.889472;100.0;0.1920557;180.0078;1067.4642;0.19003749;-0.0040354207;0.0;0.1616776;0.1616776;0.0;0.19004941;852.875;3174.37;-839.7033;4465.1646;-1.2355555;105.672226
2016-12-24;-6.353255;-8.597103;-14.025143;750.4121;0.90801144;16.991943;100.0;0.20107357;176.81215;1135.1725;18.461008;0.026168302;0.0;0.16126037;0.16125292;0.0;18.052906;258.5611;1011.4167;492.8322;6734.292;20.718334;24.005556
2016-12-25;-5.3443704;-6.145748;-7.978573;744.511;0.50501424;174.64674;100.0;0.22673738;170.00453;1331.5023;22.778202;0.016532838;0.0;0.16084313;0.16084313;0.0;22.423311;189.67334;820.05554;-18.625;6537.7256;13.3122225;-7.831111
2016-12-26;-7.25922;-8.451137;-7.8245263;748.81;0.8019573;130.8936;100.0;0.23589377;176.26561;1340.5762;1.2348145;-0.024344772;0.0;0.1604259;0.1604259;0.0;1.2180619;486.405;2081.9966;-582.9167;5795.5176;-16.923334;-66.473335
2016-12-27;-8.445886;-13.262428;-10.228885;748.0811;0.9042301;93.99109;100.0;0.23643894;185.03221;1279.1748;1.6146958;-0.078646466;0.0;0.15999377;0.16000122;0.0;1.5813186;732.94055;3060.4543;-839.28613;5238.7725;-57.864445;-90.092224
2016-12-28;-8.425262;-10.60117;-11.647037;748.001;0.910042;69.12144;100.0;0.238344;190.37987;1253.5807;0.34137368;-0.0012889504;0.0;0.15959144;0.15958399;0.0;0.3360696;721.81836;2971.04;-988.6511;4960.531;1.721111;-28.477777
2016-12-29;-8.075788;-16.383749;-13.826687;751.0974;0.8855457;205.49483;100.0;0.23841059;196.19203;1216.6748;0.0023543835;-0.035739504;0.0;0.1591742;0.15916675;0.0;0.0014863908;791.99554;3172.1711;-1247.2711;4437.7363;-24.312222;23.678888
2016-12-30;-6.5828857;-12.358613;-14.916168;752.1785;0.9360452;273.72943;100.0;0.23845069;200.82062;1188.8428;0.030991435;0.007417053;0.0;0.15875697;0.15875697;0.0;0.027555972;708.25836;2763.8977;-829.41113;4925.17;8.196667;55.095554
2016-12-31;-8.754053;-11.998479;-14.694939;750.13336;0.8891664;310.9029;100.0;0.2405036;203.47264;1182.1696;5.007255;0.0045057386;0.0;0.15836954;0.15834719;0.0;4.638929;703.30334;2689.7656;-435.40833;5449.1978;5.8;17.272223
2017-01-01;-8.835874;-10.462028;-12.066102;748.71344;0.8361744;180.1469;100.0;0.24422042;205.19073;1191.3656;0.70725995;0.0024680048;0.0;0.15795231;0.15794486;0.0;0.68998337;679.98;2683.9033;-820.4378;5163.742;4.328889;-32.353333
2017-01-02;-11.975146;-16.893028;-14.508973;747.88776;1.0069698;49.217762;100.0;0.2443486;209.86815;1165.2426;0.00762576;-0.03194064;0.0;0.15754998;0.15754253;0.0;0.0033415854;816.68555;3144.6323;-1314.9094;4277.459;-22.044445;-37.704445
2017-01-03;-11.242003;-19.204756;-17.785105;748.0906;0.842737;170.5702;100.0;0.24439311;213.2923;1146.403;0.30508935;-0.025298446;0.0;0.15713274;0.1571402;0.0;0.30037388;868.1222;3258.889;-1117.7217;4259.189;-16.90889;23.704445
2017-01-04;-12.324887;-14.812462;-17.199163;747.09326;0.97120184;92.18783;100.0;0.24489383;215.21059;1138.6312;0.14494658;0.00949949;0.0;0.15674531;0.15674531;0.0;0.14178455;783.5311;2897.2688;-856.07275;4705.057;9.326667;-14.057777
2017-01-05;-13.048549;-20.822767;-18.403513;750.42413;1.1445161;47.397945;100.0;0.2449389;218.09796;1124.3082;0.005948543;-0.029936433;0.0;0.15634298;0.15635043;0.0;0.0033676624;920.49945;3320.7878;-1228.45;4104.3965;-20.465555;27.312222
2017-01-06;-9.042609;-14.98066;-18.18039;751.46704;1.2314101;22.238373;100.0;0.24496055;220.7503;1110.9619;0.0008553266;0.008799136;0.0;0.15595555;0.15595555;0.0;0.0;923.645;3255.0012;-971.74;4527.992;9.413333;75.90667
2017-01-07;-8.005475;-14.901315;-17.726683;748.28687;0.9387806;329.7025;100.0;0.24500139;223.44464;1097.6969;0.008660555;-0.00080652535;0.0;0.15555322;0.15555322;0.0;0.008586794;983.9583;3390.051;-1058.3495;4437.3853;2.0955555;66.41111
2017-01-08;-7.246891;-12.026189;-15.338745;745.8523;0.45027015;302.79373;100.0;0.24571459;225.25323;1091.6342;0.93150437;0.0074394047;0.0;0.1551807;0.1551807;0.0;0.9263307;536.2183;1838.93;-437.18723;5401.4893;6.997778;12.386666
2017-01-09;-8.865167;-10.455315;-14.305917;745.52057;0.49348453;221.67082;100.0;0.24683428;226.53123;1090.2914;1.7217798;0.018987805;0.0;0.15479326;0.15479326;0.0;1.6839578;589.045;2010.73;-232.01334;5719.582;15.921111;-12.175555
2017-01-10;-9.213924;-11.618168;-12.431244;749.5738;0.84994984;135.97765;100.0;0.24790657;228.30467;1086.9547;0.11266768;-0.011516735;0.0;0.15442073;0.15441328;0.0;0.110954046;904.2772;3103.291;-1311.6433;4561.707;-6.0544443;-35.558887
2017-01-11;-10.104869;-20.114038;-16.12121;751.77716;1.0878869;81.33737;100.0;0.2479368;231.55336;1071.5332;0.0025779;-0.046528876;0.0;0.1540333;0.15402585;0.0;0.0;1047.1017;3513.479;-1513.2289;3947.5298;-32.525555;53.19889
2017-01-12;-10.768889;-19.380987;-18.030083;748.55365;1.1199639;86.08478;100.0;0.24794304;234.05174;1060.5062;0.0;-0.024213456;0.0;0.15363097;0.15364587;0.0;0.0;1083.1583;3556.6646;-1448.8073;3904.8755;-15.705556;59.462223
2017-01-13;-11.308183;-19.622116;-18.753178;742.37085;0.9338704;193.55724;100.0;0.24795814;236.21254;1050.944;0.014699352;-0.024007633;0.0;0.15325844;0.1532659;0.0;0.012215227;1053.6183;3387.3755;-1206.0978;4172.6396;-15.913333;27.6
2017-01-14;-10.985035;-17.644081;-18.249243;745.684;1.1016417;23.862005;100.0;0.24798875;238.26593;1041.8295;0.00812209;-0.018918887;0.0;0.15288591;0.15288591;0.0;0.005558133;1070.7883;3372.1611;-904.1567;4616.808;-11.888889;8.517777
2017-01-15;-8.656171;-15.505207;-15.466243;746.08325;0.84646493;71.13751;100.0;0.24826916;240.17902;1034.5052;0.5093545;-0.01694262;0.0;0.15251338;0.15251338;0.0;0.50678104;709.435;2198.57;-506.16724;5351.82;-11.192778;16.788889
2017-01-16;-8.109477;-14.215297;-14.889034;749.73926;1.0186634;47.898434;100.0;0.2485239;242.46156;1025.7975;0.0008523463;-0.01937151;0.0;0.15214086;0.1521334;0.0;0.0;1146.0984;3518.4978;-1202.4817;4534.781;-11.627778;24.38889
2017-01-17;-6.3644447;-15.028152;-14.048271;751.1543;1.0196375;59.384827;100.0;0.24853738;245.13344;1014.52637;0.0004351138;-0.03815815;0.0;0.15175343;0.15176833;0.0;0.0;1116.669;3359.85;-1114.085;4753.827;-25.848888;43.043335
2017-01-18;-5.7574973;-15.169472;-13.297521;750.4277;0.84621143;206.26143;100.0;0.2485435;247.90297;1003.7842;0.00043511385;-0.04239753;0.0;0.1513958;0.15138835;0.0;0.0;1113.6461;3286.2856;-1218.7839;4686.499;-29.208889;36.114445
2017-01-19;-7.6505814;-16.39686;-14.081647;749.2912;0.8748382;157.69559;100.0;0.24854445;250.55858;993.042;0.0004351138;-0.047978014;0.0;0.15102327;0.15101582;0.0;0.0;1264.2716;3659.8955;-1475.2189;4280.705;-33.358334;10.561111
2017-01-20;-9.533641;-13.473488;-14.682185;748.12164;0.86762244;85.32188;100.0;0.248564;252.93813;983.43915;0.04196465;-0.007116236;0.0;0.15065074;0.15064329;0.0;0.035043806;1222.9722;3476.9277;-1167.2681;4607.2383;-3.2622223;-24.045555
2017-01-21;-9.31569;-12.047952;-13.139956;746.0018;0.8400422;60.28349;100.0;0.24871151;255.041;975.7487;0.27665496;-0.052696094;0.0;0.15029311;0.15028566;0.0;0.27146563;1101.4166;3088.3145;-935.3825;5049.176;-39.23;-64.80666
2017-01-22;-10.128688;-13.845843;-12.936279;747.30786;1.0189439;54.58888;100.0;0.24888842;257.09604;969.03485;0.042527914;-0.073096715;0.0;0.14992058;0.14992803;0.0;0.04125014;1255.0516;3484.5256;-1350.8112;4530.445;-54.620556;-85.21
2017-01-23;-11.42931;-17.449917;-14.835403;750.9482;1.3874679;19.272333;100.0;0.24887025;259.39844;960.083;0.002031812;-0.051268376;0.0;0.14956295;0.1495555;0.0;0.00031292439;1420.4484;3871.2834;-1838.4858;3752.7292;-37.171665;-11.355556
2017-01-24;-11.680748;-20.176376;-16.879763;751.6409;1.3868617;42.10686;100.0;0.24886484;261.28027;952.9216;0.0008523463;-0.037901103;0.0;0.14919043;0.14920533;0.0;0.0;1490.765;3991.7922;-1793.956;3669.6938;-26.696667;30.513334
2017-01-25;-8.319661;-16.68449;-15.858554;748.086;0.7898803;245.71465;100.0;0.25187102;256.62207;980.7129;9.155735;-0.026727095;0.0;0.1488477;0.1488477;0.0;9.153984;814.92334;2197.1133;-236.77611;5679.419;-19.774445;11.953333
2017-01-26;-8.153091;-9.755414;-11.240219;744.18585;0.93294305;207.2007;100.0;0.2629162;237.77733;1104.4515;9.42235;0.009297393;0.0;0.14850497;0.14849752;0.0;9.415433;374.75055;1381.7667;-16.125834;6301.8354;7.9966664;-30.311111
2017-01-27;-7.8398385;-9.537292;-8.850451;739.32733;0.7646196;173.2126;100.0;0.2716039;228.80109;1185.7096;10.570571;-0.04553888;0.0;0.14814734;0.14814734;0.0;10.565162;678.66223;2710.899;-289.28027;6163.3823;-33.467777;-132.71
2017-01-28;-10.866123;-13.017158;-8.743003;736.7229;1.1578525;166.22377;100.0;0.30083093;196.88702;1525.9603;28.259277;-0.16851537;0.0;0.14778972;0.14779717;0.0;28.214626;504.59445;2191.2488;-409.12277;5872.0557;-130.6811;-250.51111
2017-01-29;-12.768472;-14.880145;-11.512763;743.9507;0.9739702;221.88383;100.0;0.3094524;195.94496;1581.9906;1.5761971;-0.050431117;0.0;0.14744699;0.14744699;0.0;1.568444;856.4733;3667.328;-906.9178;5043.42;-36.905556;-172.59222
2017-01-30;-12.014432;-14.311085;-12.63924;745.6074;0.7788327;146.72878;100.0;0.31102479;201.02538;1549.642;0.54320097;-0.034683384;0.0;0.14707446;0.14710426;0.0;0.53979456;891.64557;3742.861;-1053.8003;4788.036;-24.395555;-139.82333
2017-01-31;-11.9307785;-14.409569;-13.008;741.5327;0.74374557;126.92675;100.0;0.31460324;201.85838;1558.024;8.591202;-0.02335105;0.0;0.14676154;0.14675409;0.0;8.584421;497.06888;2057.8289;-203.07861;5838.89;-17.153334;-84.26889
2017-02-01;-14.0672;-16.994814;-12.673142;738.3858;0.7915612;168.89615;100.0;0.32634112;191.51073;1703.0844;9.979734;-0.08884817;0.0;0.14640391;0.14641881;0.0;9.96897;410.30777;1753.43;-452.18945;5441.293;-68.76778;-135.86667
2017-02-02;-13.346424;-19.737194;-14.881846;745.06476;1.2383995;81.660614;100.0;0.331068;191.92577;1727.1322;0.52254796;-0.071357936;0.0;0.14607608;0.14606863;0.0;0.5196147;932.3222;3940.1912;-1385.5344;4184.132;-52.59667;-88.16111
2017-02-03;-10.90237;-19.64091;-18.697924;750.23267;1.066431;46.42313;100.0;0.33113375;197.45863;1678.9551;0.0012886303;-0.024670735;0.0;0.14573336;0.1457259;0.0;0.0;1065.4233;4375.562;-1387.5344;3899.105;-16.045555;20.194445
2017-02-04;-10.1476555;-19.760853;-19.922487;750.3049;1.0065062;46.656986;100.0;0.3311497;201.78644;1642.8223;0.0030036808;-0.020548701;0.0;0.14537573;0.14538318;0.0;0.0;1084.9133;4338.9824;-1192.4022;4073.8977;-13.064445;38.914444
2017-02-05;-9.481704;-16.908127;-17.886484;748.6795;0.7660785;120.2409;100.0;0.33120325;205.97003;1609.7819;0.1398176;-0.023018569;0.0;0.145033;0.145033;0.0;0.1372844;1017.41833;3966.05;-661.67444;4967.9824;-15.007778;-35.31
2017-02-06;-9.188099;-12.49778;-16.276192;749.2422;0.9066927;78.676865;100.0;0.33133975;210.6061;1575.0326;0.004190206;0.010089949;0.0;0.14469028;0.14470518;0.0;0.0033304095;1137.9423;4331.35;-1212.4706;4404.147;10.745556;-32.986668
2017-02-07;-8.235776;-14.0542145;-16.393955;751.2234;1.1412972;40.05357;100.0;0.33138093;215.2848;1540.8936;0.0023007388;-0.0044535846;0.0;0.14437735;0.14436245;0.0;0.00016391277;1202.9333;4468.656;-1306.5211;4286.0557;0.06;14.644444
2017-02-08;-5.7915397;-15.795593;-16.19222;750.4797;0.85242844;172.73482;100.0;0.3314071;219.68651;1510.0912;0.0006288289;-0.030031428;0.0;0.14401972;0.14401972;0.0;0.0001937151;1262.7583;4579.218;-1174.1272;4484.674;-19.665556;24.453333
2017-02-09;-7.431488;-10.395718;-13.079127;748.1082;0.6936135;163.73631;100.0;0.33207265;223.70961;1485.8398;0.90422034;-0.0032559037;0.0;0.143677;0.143677;0.0;0.89506805;876.0417;3140.551;-380.2311;5761.0273;-0.3311111;-69.566666
2017-02-10;-8.912163;-11.869864;-11.230567;746.9576;1.0218008;64.13084;100.0;0.33234167;229.09601;1452.6367;0.011622906;-0.048797578;0.0;0.14334917;0.14334917;0.0;0.010784715;1165.2117;4107.121;-1162.3606;4924.8506;-34.433334;-130.95667
2017-02-11;-8.878604;-13.045834;-12.813064;745.383;0.98311263;65.07189;100.0;0.33235598;234.26495;1420.695;0.0022739172;-0.029252842;0.0;0.14300644;0.1430139;0.0;0.00097230077;1307.47;4504.041;-1480.8733;4361.1875;-19.05;-64.87666
2017-02-12;-9.109584;-12.440449;-12.417459;745.3714;1.0286227;62.206676;100.0;0.33243144;238.66698;1394.5312;0.45378506;-0.054450706;0.0;0.14267862;0.14267117;0.0;0.44947118;1141.7045;3848.59;-744.0833;5349.51;-39.25;-98.59111
2017-02-13;-8.773235;-12.229545;-10.846858;742.1794;1.2424586;35.20194;100.0;0.33497894;240.4453;1393.6768;4.690838;-0.0955686;0.0;0.1423508;0.1423508;0.0;4.684344;722.6189;2509.6445;-484.7072;5719.24;-72.96333;-79.50445
2017-02-14;-9.046037;-11.111503;-9.690533;744.5661;0.77398497;158.38867;100.0;0.34333026;233.13866;1472.4121;8.2212715;-0.064844266;0.0;0.14202297;0.14202297;0.0;8.218222;773.6594;3021.8289;-488.79944;5817.7188;-48.546665;-138.94667
2017-02-15;-9.051457;-11.03043;-8.961063;740.2089;0.72527385;209.12292;100.0;0.35987398;220.07777;1633.7484;19.565464;-0.07122569;0.0;0.14171004;0.14169514;0.0;19.549366;516.52;2203.811;-505.85333;5792.68;-54.192223;-146.03444
2017-02-16;-11.837516;-13.772999;-10.746839;740.18243;0.872735;149.73306;100.0;0.36834466;218.27374;1688.558;3.5944054;-0.104882754;0.0;0.14138222;0.14136732;0.0;3.5842805;793.47614;3380.87;-677.7;5379.1665;-79.814445;-241.55
2017-02-17;-14.159519;-20.225994;-12.866604;741.93195;1.5394845;32.72955;100.0;0.3705646;221.65851;1673.0957;0.9407371;-0.21658;0.0;0.14103949;0.14104694;0.0;0.9328835;1021.48114;4280.958;-1338.3138;4384.6123;-166.34778;-196.52222
2017-02-18;-11.797577;-23.196188;-17.754417;751.01556;1.2174503;34.85398;100.0;0.3706675;226.25812;1639.3229;0.0008523463;-0.05779788;0.0;0.14072657;0.14071912;0.0;0.0;1284.6655;5230.316;-1711.9083;3556.9604;-40.964443;-31.732222
2017-02-19;-7.783872;-21.225067;-18.53402;754.1066;1.1673957;41.413197;100.0;0.37066424;229.86229;1613.4033;0.0017106531;-0.0059865415;0.0;0.14039874;0.14039874;0.0;0.0;1311.6133;5200.988;-1384.0673;4030.7292;-4.033889;29.393333
2017-02-20;-7.5872703;-20.137892;-18.195333;751.54987;1.1285685;119.38679;100.0;0.37066984;233.32875;1589.681;0.0;-0.0028163195;0.0;0.14008582;0.14008582;0.0;0.0;1358.9205;5252.3506;-1465.1764;3972.0059;-1.5511111;28.137777
2017-02-21;-7.9767013;-22.201956;-18.274694;747.1779;0.90113384;278.4232;100.0;0.37066975;236.68163;1567.627;0.0017040208;-0.016458333;0.0;0.13977289;0.13978034;0.0;0.0;1419.6389;5351.848;-1553.335;3849.4072;-12.244445;1.9733334
2017-02-22;-9.099566;-18.236439;-18.074656;746.8138;0.9123238;247.96196;100.0;0.3706701;239.86522;1546.5088;0.0011771917;0.004070811;0.0;0.13947487;0.13946742;0.0;0.00031664968;1444.0939;5313.187;-1364.6417;4123.0986;3.7877777;-48.353333
2017-02-23;-8.453587;-12.131199;-16.283188;748.252;0.8964173;215.15204;100.0;0.37071857;243.15395;1525.5533;0.02272129;0.042248517;0.0;0.13917685;0.1391694;0.0;0.021860003;1384.7234;4977.719;-1159.7927;4562.5894;33.577778;-82.26111
2017-02-24;-5.950461;-14.4571495;-15.050876;752.60065;1.0417243;76.57755;100.0;0.3707535;246.75063;1503.6215;0.0;0.0045076013;0.0;0.13886392;0.13886392;0.0;0.0;1535.9377;5393.87;-1449.3406;4336.1934;4.16;-27.618889
2017-02-25;-5.142508;-14.8474245;-14.358806;753.36444;1.0420942;108.89106;100.0;0.37076548;250.4453;1481.6895;0.00257194;-0.0006714836;0.0;0.1385659;0.13855845;0.0;0.0;1611.37;5531.1743;-1588.758;4224.156;0.19222222;-22.602222
2017-02-26;-4.691362;-12.953835;-13.354178;751.1517;1.0068218;75.38827;100.0;0.3707781;254.16827;1460.1644;0.0012934207;0.004310161;0.0;0.13825297;0.13826042;0.0;0.0;1626.1823;5459.2896;-1399.5342;4582.028;4.116667;-56.654446
2017-02-27;-3.5543213;-10.667165;-11.430474;751.0047;0.99104667;112.59792;100.0;0.3707912;258.16537;1437.4186;0.00042617318;0.0016018748;0.0;0.13795495;0.13795495;0.0;0.0;1648.4039;5414.557;-1318.4211;4886.4478;2.0844445;-79.25667
2017-02-28;-2.5794067;-6.876615;-9.463704;752.93115;1.002729;85.98731;100.0;0.3708205;262.59277;1413.8184;0.0008702277;0.03906153;0.0;0.13764203;0.13765693;0.0;0.0;1699.7633;5466.683;-1413.5825;4919.76;31.403334;-100.55889
2017-03-01;-1.1028646;-8.626266;-7.8500977;752.3659;0.99006176;55.235157;100.0;0.3708495;267.35678;1388.7125;0.0017523762;-0.015387312;0.0;0.1373589;0.13735145;0.0;4.0978193e-05;1751.15;5515.142;-1270.1067;5234.1646;-11.102222;-94.78555
2017-03-02;-2.3658752;-6.7776694;-5.259552;748.3676;0.6443097;66.38502;100.0;0.37167716;271.93686;1367.7572;2.2440732;-0.065809116;0.0;0.13706088;0.13706088;0.0;2.0311475;1033.0078;3209.8594;-435.9639;6411.8335;-51.18889;-93.89778
2017-03-03;-2.0924785;-3.3370159;-2.505605;747.2124;0.6348526;110.91868;100.0;0.3738195;276.54688;1353.068;3.8722265;-0.080751255;0.0;0.13676286;0.1367554;0.0;3.3217595;911.89026;2898.119;-338.46472;6745.371;-63.064445;-151.80556
2017-03-04;-3.19693;-4.828196;-1.6764984;745.97144;0.749186;112.84216;100.0;0.37957716;278.51855;1364.2172;2.3550093;-0.2291575;0.00025331974;0.13671815;0.13646483;0.00069849193;2.1018684;1206.9183;4030.5085;-928.5983;6007.8;-179.68333;-274.1911
2017-03-05;-2.9727478;-6.1987915;-2.0021083;749.938;1.4433522;30.87961;100.0;0.38015842;285.6559;1332.6823;0.53456426;-0.29194355;0.000834465;0.13701618;0.13617426;0.009944662;0.30877814;1603.3297;4931.237;-1325.8478;5532.782;-228.82556;-223.0
2017-03-06;-3.1067607;-7.39638;-2.5037537;750.7488;1.2506332;32.495564;100.0;0.3800774;292.50162;1301.3916;0.010099019;-0.2861414;0.0;0.13586879;0.13588369;0.0;0.0075101852;2012.5383;5754.8706;-1804.9022;4955.9634;-224.01334;-263.28445
2017-03-07;-3.7859905;-9.690307;-3.8260715;748.2215;0.9584859;70.59198;100.0;0.37984797;298.21255;1275.6754;0.00014901161;-0.24614297;0.0;0.13557076;0.13558567;0.0;0.00016018748;2181.2903;5947.19;-2007.8639;4610.2563;-192.38667;-215.44
2017-03-08;-3.7047424;-9.826251;-4.507206;749.40094;0.89224523;74.65562;100.0;0.37962842;302.9629;1255.127;0.0;-0.22646971;0.0;0.13530254;0.13528764;0.0;0.0;2163.053;5765.567;-1839.2792;4775.717;-176.98666;-206.49556
2017-03-09;-2.4453533;-9.294108;-4.479879;752.15155;0.9208967;75.18821;100.0;0.37945566;307.5023;1236.2467;0.0;-0.16298237;0.0;0.13500452;0.13500452;0.0;0.0;2307.811;6029.4224;-1963.8881;4674.573;-126.89667;-171.67667
2017-03-10;-0.14090984;-10.417183;-3.604945;750.5014;0.8434724;67.41022;100.0;0.37929583;312.1901;1217.9362;0.20192857;-0.15171245;0.012487173;0.14720857;0.13471395;0.14806166;0.011019409;2373.0566;6078.72;-1618.9739;5215.254;-117.846664;-170.34778
2017-03-11;-1.7748413;-5.866211;-1.9498901;746.2803;0.61328393;173.79982;100.0;0.38549814;310.88315;1241.6992;15.2721405;-0.14317967;0.036910176;0.17133355;0.13442338;0.12523308;13.123442;989.37195;2600.1777;-676.1278;6301.066;-112.253334;-129.66556
2017-03-12;-1.987142;-3.6521912;-1.2410761;749.09424;0.956613;209.24036;100.0;0.3941985;306.84668;1288.5742;0.6099075;-0.27547124;0.022798777;0.15692413;0.1341328;0.23533776;0.49138814;1418.3115;4648.749;-795.4989;6292.1016;-213.76666;-287.3211
2017-03-13;-2.756307;-4.683716;-1.0648168;746.34283;0.7496081;215.64583;100.0;0.39516237;312.69824;1267.0492;2.3205876;-0.33695716;0.014275312;0.14810264;0.13383478;0.08850545;2.0571053;1314.7258;3818.8706;-865.50836;6148.7134;-258.21445;-233.2411
2017-03-14;-3.052541;-4.6216125;-0.9655101;747.0007;0.8191357;191.29268;100.0;0.3960453;318.8522;1245.6055;0.5179137;-0.47512352;0.012263656;0.14577806;0.13352185;0.12309104;0.48143044;1736.3212;4751.0903;-825.7597;6227.0376;-364.55334;-372.2389
2017-03-15;-3.936432;-4.7484536;-0.9839223;745.63837;0.7850926;203.9192;100.0;0.4029291;315.89194;1276.9369;15.580121;-0.37927553;1.4901161e-05;0.13323128;0.13321638;0.0;15.204459;1080.3878;3136.4875;-507.27972;6529.8813;-293.6111;-399.1678
2017-03-16;-4.397939;-5.011912;-1.4198914;741.5734;0.8469572;186.8846;100.0;0.4298804;288.3724;1491.2109;29.036617;-0.2187835;0.0;0.13291836;0.13291836;0.0;28.970934;393.91876;1620.1202;-376.0761;6570.049;-169.97278;-240.79222
2017-03-17;-5.348114;-7.085678;-2.9296482;745.8564;1.2906184;197.55037;100.0;0.44243917;281.47983;1573.1608;8.102745;-0.40938333;0.0;0.13262033;0.13261288;0.0;8.055746;1418.242;5536.5776;-983.9733;5800.7554;-312.8578;-434.46222
2017-03-18;-4.495646;-5.117195;-3.5652454;744.8649;1.1993796;202.11311;100.0;0.476576;259.90463;1831.5836;45.93059;-0.10730233;0.0;0.13232231;0.13232231;0.0;45.195526;264.7217;1145.5416;-82.98778;6789.102;-83.26667;-151.6189
2017-03-19;-2.750501;-3.9411862;-2.578532;743.3872;0.78737926;136.90706;100.0;0.5012335;254.50423;1972.6562;4.334295;-0.12180209;0.0;0.13203919;0.13203174;0.0;3.6421232;820.4661;3513.7253;-700.71387;6198.19;-89.55778;-145.45555
2017-03-20;-4.064565;-5.1679344;-3.1681263;740.75806;1.2878436;175.15303;100.0;0.5037531;264.51205;1907.0231;5.4669557;-0.2303468;0.0;0.13172626;0.13172626;0.0;5.1731243;1279.7689;4997.013;-790.47864;6110.91;-173.02888;-293.3922
2017-03-21;-5.6375184;-7.8955536;-3.6218998;742.9785;1.3382176;216.45439;100.0;0.5079331;271.2539;1875.2441;2.174908;-0.44574216;0.0;0.13142824;0.13142079;0.0;2.1606944;1353.1117;5329.0566;-901.44586;5858.239;-341.2011;-382.27444
2017-03-22;-5.2200737;-6.998587;-4.2431703;745.0075;0.94551057;163.19107;100.0;0.5105242;277.01953;1844.8893;4.2489347;-0.33777952;0.0;0.13111532;0.13111532;0.0;4.2363925;1194.6794;4627.1084;-581.29364;6221.0034;-257.745;-348.53333
2017-03-23;-3.5849407;-5.839226;-4.213491;744.9405;1.100227;35.378014;100.0;0.51407933;281.81186;1826.416;1.7895997;-0.14640763;0.0;0.1308173;0.1308173;0.0;1.5135036;913.35;3618.5916;-841.2975;5886.851;-109.30111;-141.93333
2017-03-24;-2.9197083;-8.511943;-5.145968;747.9462;1.6922415;28.997879;100.0;0.51476234;288.37466;1787.3535;0.013309717;-0.3395155;0.0;0.13050437;0.13050437;0.0;0.011600554;1747.5006;6726.6943;-1650.6067;4904.737;-253.31612;-169.86
2017-03-25;-1.9300131;-10.294461;-6.928314;747.77924;0.9833053;68.57821;100.0;0.51466405;294.12827;1751.6683;0.0017082966;-0.15381165;0.0;0.13020635;0.13019145;0.0;0.0;1876.3572;6997.375;-1836.5286;4540.4917;-110.905556;-163.95444
2017-03-26;-1.8775126;-6.213566;-7.0250473;749.26373;0.8977068;170.98885;100.0;0.51463586;299.15298;1722.6562;0.06842744;-0.07642433;0.0;0.12990832;0.12990832;0.0;0.053666532;1858.6661;6739.82;-1354.6884;5183.6255;-55.81333;-210.92
2017-03-27;-2.5075276;-4.167826;-4.748464;750.0493;1.0512463;223.40431;100.0;0.51583767;303.3522;1702.2705;6.3015103;-0.11058152;0.03926456;0.16888976;0.1296252;0.32914615;5.277701;1656.6823;5851.128;-867.8367;5979.9346;-83.363335;-256.96555
2017-03-28;-2.291036;-3.1749573;-2.4490306;748.6865;0.81315976;199.09587;100.0;0.53114986;296.8431;1790.8121;15.922416;-0.111255795;0.059962273;0.18930435;0.12934953;0.2671443;13.669788;789.37054;3197.524;-289.50555;6762.4355;-85.63111;-200.92334
2017-03-29;-1.2924601;-3.8793004;-1.529302;751.35126;0.8210425;158.62706;100.0;0.5359872;301.7513;1780.3549;0.009202957;-0.22770092;0.05093217;0.17999113;0.1290515;0.44446066;0.0065527856;1596.6017;5942.484;-1361.9333;5599.289;-167.02222;-222.79
2017-03-30;-0.74327594;-6.387375;-2.067683;752.10913;0.89876777;158.13756;100.0;0.5356087;309.6566;1733.5205;0.18876791;-0.28684735;0.025704503;0.15445054;0.12873858;0.2152659;0.036988407;2139.3838;7038.7104;-1680.9244;5165.1543;-209.77667;-205.56444
2017-03-31;-0.65234375;-2.71816;-1.2453003;750.44403;0.77714676;93.763435;100.0;0.53605074;317.21094;1693.7662;1.136744;-0.20235777;0.09815395;0.22658706;0.12843311;0.7700417;0.4859902;1595.336;4873.08;-726.30414;6385.8496;-149.54445;-212.1811
2017-04-01;-1.2998861;-3.0356648;-0.37452188;749.0091;0.8596439;161.9562;100.0;0.53604126;325.36197;1650.5941;4.18587;-0.40968323;0.23137033;0.35950541;0.12813509;1.4035218;3.117241;1858.2755;5067.31;-719.6375;6496.8433;-311.53665;-306.4511
2017-04-02;-1.3645529;-3.80778;-0.16620891;747.3078;0.9123762;158.09615;100.0;0.5358847;329.63022;1628.6215;2.1820724;-0.5488256;0.6321892;0.7600188;0.12782216;4.666345;2.0247326;2089.5334;5813.3394;-1043.0181;6135.4023;-418.53778;-352.79556
2017-04-03;-2.7888591;-6.481833;-0.32501093;748.4802;1.2186219;60.056885;100.0;0.53464985;334.93393;1599.1617;0.3491491;-0.7620994;0.121988356;0.24951994;0.12752414;0.88669544;0.24399906;2270.2395;6127.1763;-1396.1453;5638.0225;-584.9911;-383.36557
2017-04-04;-2.3168945;-10.695121;-0.46863684;753.712;1.1792889;23.92994;100.0;0.5333657;342.76953;1558.7565;0.0050544734;-0.8247998;0.108242035;0.23545325;0.12721121;0.7864293;0.0041872263;2915.1445;7263.443;-1975.8247;4963.8047;-630.2194;-428.00555
2017-04-05;-0.020924887;-10.471847;-0.5626653;755.3267;1.0348705;62.95592;100.0;0.5311674;351.92383;1512.0443;0.003006162;-0.43431297;0.41538477;0.54225326;0.12689084;2.9884503;0.0;3230.8855;7569.134;-2385.6184;4524.2573;-320.49112;-173.98111
2017-04-06;1.5407308;-8.518189;-0.43969855;751.1409;0.8412567;227.1451;100.0;0.52667826;361.0521;1461.7106;0.16409159;-0.54851174;0.7799268;0.90649724;0.12658536;5.377181;0.0;3338.7412;7467.2383;-1997.1583;5079.1367;-410.7389;-182.74945
2017-04-07;-0.5822347;-2.8413696;-0.17053477;747.8051;0.5907877;189.46709;100.0;0.5226049;366.3395;1428.3447;10.465088;-0.3289245;2.1965504;2.3228674;0.12629479;7.6764226;2.3692474;2044.3678;4576.297;-824.5914;6392.4785;-248.14444;-257.40222
2017-04-08;-1.268809;-2.3841248;-0.11855316;748.8249;1.1435293;232.42839;100.0;0.5173534;369.03842;1403.4017;6.571293;-0.47738105;1.9613653;2.087429;0.12604892;8.370753;2.9420257;2191.641;5047.7847;-700.8111;6554.1465;-363.37112;-370.14
2017-04-09;-2.075409;-2.8833416;-0.12306849;747.28644;1.0548562;197.70961;100.0;0.5196249;364.4821;1425.9847;15.592122;-0.31637216;1.3049617;1.4573485;0.15240163;3.2006986;10.822863;1162.0555;3148.1338;-435.21667;6746.419;-242.42334;-300.69446
2017-04-10;-1.2258644;-5.6937613;-0.23743312;748.9424;0.840892;181.21562;100.0;0.52412575;360.9518;1454.2643;0.050637126;-0.6731171;0.21019578;0.33591688;0.12572855;1.133684;0.04829094;2380.7827;7397.433;-1722.4708;5321.099;-508.46;-331.7811
2017-04-11;-0.6502075;-3.6330159;-0.27894846;750.29126;1.0822005;178.28882;100.0;0.5221626;367.4401;1423.3805;0.2117157;-0.5656388;0.41523576;0.54088235;0.12563914;2.090007;0.025905669;2089.7134;5739.2983;-849.7117;6345.5454;-427.81332;-265.21667
2017-04-12;3.1086018;-8.041041;-0.15360515;753.4488;0.92473286;96.269196;100.0;0.5155966;373.23178;1383.7891;0.3300916;-0.564984;1.8440336;1.9696355;0.12559444;9.557136;0.008460134;2997.8467;7541.3564;-1489.1019;5766.594;-418.98056;-252.9611
2017-04-13;3.7670085;1.4106852;-0.049297333;752.6855;0.87109214;147.74219;100.0;0.507049;377.90527;1343.7094;21.010986;-0.004954636;7.4562283;7.9931617;0.53693354;10.148619;0.0;1092.1644;2572.5833;30.411112;7437.508;1.1611111;-27.254444
2017-04-14;2.4506123;2.328471;0.009854634;747.7664;0.9705115;205.71605;100.0;0.49826553;380.67905;1310.4248;52.082848;0.052512623;22.866756;27.117401;4.2506456;7.6115055;0.0;386.24057;861.9289;262.34528;7635.2544;41.767776;5.9944444
2017-04-15;1.3718872;-0.12020874;-0.028399149;749.0997;0.9118991;186.90349;100.0;0.48415974;382.931;1266.5201;2.9206455;-0.44117495;6.454706;7.3073206;0.85261464;17.07511;0.0001937151;2826.53;6126.2314;-809.9033;6599.927;-329.68668;-275.45444
2017-04-16;0.7439473;-1.6727804;-0.08527756;750.5696;0.9149007;95.27079;100.0;0.4687171;386.29004;1215.4948;1.72472;-0.6352067;5.577281;6.459594;0.88229775;14.743422;0.0055246055;3240.1306;6833.987;-1071.5366;6283.9453;-479.2;-334.90668
2017-04-17;1.8067728;-2.0471394;-0.114538826;751.79913;0.9105289;172.52516;100.0;0.45233735;389.9144;1162.2721;0.064480305;-0.5729785;5.9586167;6.899297;0.94068795;16.892675;0.002875924;3429.8127;7081.9277;-1393.6492;5910.6245;-427.94333;-280.40112
2017-04-18;1.8246765;-1.1746216;-0.14242046;751.04474;0.93491006;164.70482;100.0;0.43714806;395.5309;1107.5846;3.0121446;-0.44777897;5.882621;6.105423;0.22280961;14.223669;0.00017508864;3421.5044;6951.2217;-1146.225;6221.0107;-330.68668;-208.73445
2017-04-19;2.3881123;-0.73705035;-0.039230347;751.5451;1.0525737;180.02107;100.0;0.41878057;398.63248;1052.5717;0.14435053;-0.57398623;7.999778;8.770391;0.77061355;19.81347;0.0;3178.6816;6375.672;-950.8936;6464.458;-430.78445;-191.89667
2017-04-20;2.0137837;-4.0357566;-0.16239421;752.9394;1.1121058;113.73297;100.0;0.40112546;402.56772;998.4538;0.03989935;-0.6936174;6.368846;7.002726;0.63388795;16.58189;0.0;3873.3955;7692.908;-1872.1342;5358.1333;-520.89;-188.91777
2017-04-21;3.6940205;-1.7261353;-0.23462804;754.17584;0.9991954;177.17719;100.0;0.38413313;409.14355;941.1621;0.0018736791;-0.38398618;6.5300465;6.8420467;0.31199306;17.41155;0.0;3940.2795;7765.067;-1779.1422;5483.9546;-276.66888;-152.14
2017-04-22;4.254435;-2.6016438;-0.2037735;754.93384;1.2091018;96.35398;100.0;0.3647487;415.74966;879.3538;0.0006854534;-0.48365816;8.740857;10.197788;1.4569461;20.40661;0.00047311187;3979.0789;7794.949;-1558.82;5772.823;-352.24;-172.87222
2017-04-23;3.90448;-0.95221967;-0.12492752;751.26337;1.0749865;182.47261;100.0;0.34660193;422.22427;822.7132;18.524939;-0.3185058;14.345214;15.684649;1.3394356;16.539137;0.0;2919.1062;5690.6445;-668.85693;6790.299;-230.96167;-68.327774
2017-04-24;3.0330403;-0.5919393;-0.10013962;748.6189;1.0335257;228.92078;100.0;0.3241888;424.4808;765.5843;3.2154858;-0.6361324;12.2148695;13.73592;1.5210658;23.961943;0.0;3936.78;7647.292;-1510.0712;5849.9556;-475.6389;-206.06667
2017-04-25;2.1828613;-4.9997964;-0.2689654;750.72296;1.0218215;99.76517;100.0;0.3049908;429.44174;711.91406;0.005802512;-0.73336065;6.6666155;7.4979215;0.8312911;17.077465;0.00011920929;4163.2373;8063.7246;-1825.2189;5451.307;-549.17444;-235.96445
2017-04-26;1.9072775;-4.2156463;-0.32724;754.08185;1.5266476;42.22609;100.0;0.28845155;437.04556;661.6618;0.00043213367;-0.7427745;6.03348;7.691562;1.658082;15.675347;0.00043213367;4094.2822;7915.8794;-1927.5403;5277.6816;-558.9511;-192.6789
2017-04-27;3.2643535;-3.4560852;-0.36681366;754.4324;1.4268117;40.164204;100.0;0.27123666;444.89908;611.1247;0.0012934206;-0.5365107;6.555125;7.9210997;1.365982;17.828074;0.0;4154.2095;8013.673;-1933.5922;5287.4556;-394.52554;-150.10777
2017-04-28;4.5789285;-2.8447468;-0.30558142;753.51;1.1686682;75.67263;100.0;0.25250328;449.37338;562.9476;0.19081235;-0.38704276;7.476762;9.024903;1.5481561;18.683222;0.0;3610.1445;6953.864;-1299.8806;6052.955;-278.8111;-117.10333
2017-04-29;5.1501465;-1.3827616;-0.24452336;752.1013;1.1598381;108.68087;100.0;0.231131;450.0;514.7705;1.0432303;-0.413293;10.564863;13.736278;3.1714141;22.888395;0.0;3811.0989;7334.128;-1437.4589;5950.838;-298.92334;-108.744446
2017-04-30;5.278127;-3.5966492;-0.37343344;753.06036;1.4340907;113.38914;100.0;0.21055536;450.0;468.75;0.8084029;-0.6518718;7.998705;11.193901;3.1951964;18.908613;0.0;3858.0173;7417.0283;-1596.4736;5721.312;-485.52335;-38.308887
2017-05-01;5.857086;-3.3748066;-0.33907065;753.332;1.2560687;86.79308;100.0;0.19308476;450.0;429.89096;0.47558844;-0.39206165;5.989328;8.823112;2.833806;15.595139;0.0;2895.6577;5562.471;-1024.4059;6319.6255;-288.09113;-6.7222223
2017-05-02;4.7714844;1.4536031;-0.12651062;752.0539;0.8161641;135.91396;100.0;0.18008304;450.0;400.71616;22.291094;-0.012297183;14.500737;20.245657;5.7449265;11.751801;0.0;1367.1539;2624.6995;-156.45944;7235.507;-4.422222;-10.998889
2017-05-03;2.9122722;1.7798055;-0.16575241;750.2674;0.9351451;174.21484;99.82886;0.16268408;450.0;362.50815;8.600315;-0.096574426;12.861744;19.41426;6.5525026;20.521273;0.0;2480.0295;4757.355;-743.5342;6641.2524;-62.855556;-133.26111
2017-05-04;3.9070537;0.8484497;-0.43637976;750.06;1.0117344;146.1997;98.157715;0.14333896;450.0;319.66147;4.5004425;-0.39222836;10.198265;17.919584;7.7213125;20.270285;0.0;3689.0928;7018.6543;-1326.5414;6046.0923;-282.27554;-166.63222
2017-05-05;4.482727;2.556427;-0.40354666;750.7559;0.9127836;153.65422;96.19165;0.122683205;450.0;273.55957;3.2585561;-0.22167899;9.6336155;18.716366;9.082757;20.420458;0.0;3239.5889;6093.3516;-1030.4819;6351.213;-150.17111;-170.47112
2017-05-06;4.35671;3.0493267;-0.2864863;751.1333;0.93054897;234.86055;95.0922;0.104622245;450.0;233.03223;12.135627;-0.16427599;12.765095;23.458614;10.693521;17.01973;0.0;2567.4944;4797.984;-570.2428;6882.1924;-108.97;-133.64111
2017-05-07;4.026896;3.0254924;-0.05814107;751.0359;1.0359532;251.74538;94.42814;0.08456528;450.0;188.96484;16.03003;-0.20775199;16.789124;30.97789;14.188774;21.800041;0.0;2779.4622;5169.9634;-421.29083;7126.7227;-138.0;-199.70667
2017-05-08;5.824697;1.3644816;-0.36786652;751.6169;1.6783639;222.31248;94.042076;0.061338145;450.0;137.3698;0.33663213;-0.8111298;10.0874605;25.632605;15.545152;24.79241;0.0;3957.5527;7359.242;-1257.0753;6258.0996;-596.2867;-92.615555
2017-05-09;7.1361084;2.69988;-1.0143013;753.8575;1.3512784;196.99467;79.271484;0.03790033;450.0;85.367836;0.33971968;-0.65845436;9.498299;24.431854;14.933541;22.48125;0.0;4059.7378;7238.42;-1299.9994;6226.78;-467.09445;-184.98111
2017-05-10;6.793162;2.807851;-0.6175372;753.51025;1.2423751;175.22752;45.38737;0.019810637;450.0;44.718426;4.4727564;-1.4104992;6.863326;20.082087;13.218745;14.721911;0.0;4696.7153;7076.851;-1233.4586;6613.7725;-980.865;-511.74222
2017-05-11;10.446004;1.3753763;-0.7139702;751.9837;1.3327442;182.15503;21.16691;0.009191553;450.0;20.792643;1.1365771;-2.3904061;2.8624237;14.95558;12.093157;7.9853425;0.0;5403.9746;7364.3677;-1700.8536;6397.215;-1662.915;-610.7789
2017-05-12;9.375;-3.1781209;-0.98131436;751.4847;1.4080454;141.039;9.324788;0.0040549836;450.0;9.073894;0.06710887;-3.061532;0.9982735;11.951431;10.953151;3.356047;0.0;6033.335;7862.249;-2275.5532;5869.711;-2129.5012;-682.68225
2017-05-13;9.11497;0.29389444;-0.51298016;752.37964;1.1186389;136.52847;4.020752;0.0017400583;450.0;3.7027996;0.001090765;-3.1914153;0.4362166;10.243058;9.806834;1.6600453;0.0;6137.548;7853.6045;-2172.2048;6194.7437;-2217.1968;-850.22
2017-05-14;9.96107;2.2768352;-0.13001506;752.0441;1.1554899;159.02602;1.5324707;0.0006602208;450.0;1.3834635;2.0421295;-3.13475;0.56505203;9.355903;8.790835;0.7022545;0.0;5932.594;7531.729;-2075.3008;6460.6724;-2177.5955;-958.4022
2017-05-15;9.279297;2.316681;-0.016094208;749.2707;1.5381032;155.68636;0.55704755;0.00024012725;450.0;0.40690103;2.0637512;-2.9292424;0.45526028;8.381546;7.9263;0.2473928;0.0;5389.609;6827.769;-1945.5033;6530.7246;-2034.8867;-981.5578
2017-05-16;8.096639;-0.6779073;-0.25142416;749.2368;1.3164415;120.02085;0.20906575;8.972486e-05;450.0;-7.345365e-21;0.00085234636;-3.6720223;0.02014637;7.2127433;7.192604;0.09286404;0.0;6518.141;8238.752;-2439.3147;5948.2876;-2550.8777;-1186.7078
2017-05-17;8.812988;0.8190918;-0.3429362;750.9991;1.0202687;145.06691;0.078694664;3.38157e-05;450.0;-7.345365e-21;0.0;-3.4821482;0.0070929527;6.5736322;6.5665393;0.035330653;0.0;6390.158;8064.208;-2405.9558;6053.8633;-2418.9377;-1089.1711
2017-05-18;11.477376;2.4263508;-0.2656466;753.06805;0.98843116;173.05284;0.02758789;1.1881192e-05;440.9694;-7.345365e-21;0.30125976;-3.5049953;0.04181266;6.071806;6.029971;0.013493001;0.0;6329.4478;7977.519;-2425.4253;6205.148;-2434.8032;-933.4611
2017-05-19;10.601288;2.3576558;-0.05324173;752.63824;1.3130783;199.33063;0.0094401045;3.8941703e-06;428.70508;-7.345365e-21;6.542259;-3.3140237;1.0334998;6.600976;5.5674763;0.0046417117;0.0;5794.6396;7295.1987;-1879.5486;6813.1167;-2302.1433;-1030.3467
2017-05-20;6.980428;2.1091816;-0.032262165;748.7159;1.3311921;197.27753;0.0029296875;1.3510386e-06;428.17838;-7.345365e-21;9.608298;-2.1623447;1.6216934;6.792039;5.1703453;0.0011026859;0.0;3353.5083;4216.6064;-1426.8016;6709.54;-1502.1078;-568.9667
2017-05-21;4.253408;2.1981506;-0.12790553;747.1728;1.0341896;180.31946;0.001953125;9.536743e-07;428.09634;-7.345365e-21;10.320961;-2.032213;1.7520636;6.5788326;4.8267765;0.00055134296;0.0;3737.0605;4694.323;-1379.3434;6577.888;-1411.71;-1006.0811
2017-05-22;5.7143044;-0.08804321;-1.699037;750.1694;1.4589809;179.52956;0.0018717448;3.5762787e-07;206.89711;-7.345365e-21;0.003412366;-3.255589;0.0005662441;4.525423;4.5248566;0.00090152025;0.00052154064;5908.7524;7414.817;-1983.0056;6269.0;-2261.551;-1424.331
2017-05-23;6.476074;1.1978048;-1.6051611;751.02423;1.2702502;239.526;0.0;-7.3453654e-25;195.25128;-7.345365e-21;6.783292;-2.763003;1.1487901;5.407482;4.2586846;0.00016391277;0.0;5401.263;6770.4834;-1759.8094;6486.7065;-1919.3667;-1326.3744
2017-05-24;6.961426;1.1462504;-1.6049398;750.3643;1.3447576;168.04472;0.0;-7.3453654e-25;151.4453;-7.345365e-21;3.3510685;-3.270368;0.57181716;4.5952945;4.02347;3.7252903e-05;0.0;6093.731;7630.529;-2111.4966;6267.5845;-2271.8157;-1471.7789
2017-05-25;7.566864;0.54470825;-1.6827456;753.2132;1.0939745;228.51839;0.0;-7.3453654e-25;113.07778;-7.345365e-21;0.10133117;-3.4971852;0.013589859;3.826067;3.8124695;7.4505806e-06;0.0;6534.296;8173.5757;-2402.156;5998.6934;-2429.3767;-1403.8256
2017-05-26;9.033214;0.3763733;-0.1905543;752.6949;1.1279618;187.91852;0.0;-7.3453654e-25;100.88312;-7.345365e-21;1.43525;-3.4394822;0.20173192;3.8234591;3.6217346;0.0;0.0;6176.444;7717.789;-2308.4468;6179.26;-2389.2944;-1118.2833
2017-05-27;9.925487;-0.9623718;0.009933472;751.3635;1.8516222;189.06834;0.0;-7.3453654e-25;99.99998;-7.345365e-21;0.061401725;-3.9039395;0.0076293945;3.4558177;3.4481957;0.0;0.0;6277.412;7835.6177;-2295.6855;6190.621;-2711.9368;-1019.2111
2017-05-28;9.745738;-3.087382;0.009929657;753.5449;1.351106;190.50226;0.0;-7.3453654e-25;99.99998;-7.345365e-21;0.0;-3.9181952;0.0;3.2883286;3.2883434;0.0;0.0;6851.7837;8543.559;-2634.8906;5827.817;-2721.84;-1201.5022
2017-05-29;11.085256;-0.59401447;0.010027568;755.97565;1.2563261;154.36977;0.0;-7.3453654e-25;99.99998;-7.345365e-21;0.18774867;-3.7675574;0.020861626;3.1616688;3.1408296;0.0;0.0;6511.275;8110.344;-2354.9678;6284.145;-2617.1978;-1087.3978
2017-05-30;12.671763;-1.1390585;0.009974162;755.71246;1.3151355;261.03214;0.0;-7.3453654e-25;99.99998;-7.345365e-21;0.00043511385;-4.059857;5.9604645e-05;3.003955;3.00391;0.0;0.0;6812.078;8476.087;-2574.2212;6168.2026;-2820.2466;-1021.2622
2017-05-31;10.438497;-3.233836;0.009993236;752.54315;1.5516939;228.02644;0.0;-7.3453654e-25;99.99998;-7.345365e-21;0.0;-3.7266686;0.0;2.8765202;2.876535;0.0;0.0;6780.9136;8428.361;-2662.4116;5888.421;-2588.7922;-1368.1555
2017-06-01;7.4109497;-2.241516;0.009966533;749.7124;1.2369884;166.82874;0.0;-7.3453654e-25;99.99998;-7.345365e-21;1.5429974;-2.9846225;0.15985966;2.9187055;2.7588308;0.0;0.0;6440.0166;7996.06;-2431.4146;5992.94;-2073.3179;-1743.2456
2017-06-02;6.413503;1.2726847;0.01003774;749.88654;1.0117544;113.080894;0.0;-7.3453654e-25;99.99998;-7.345365e-21;2.9369771;-2.3294454;0.32359362;2.9741228;2.6505365;0.0;0.0;4785.867;5935.84;-1940.2761;6385.811;-1618.1888;-1125.7778
2017-06-03;10.421773;0.9676412;0.010292053;753.5761;0.95128113;153.62534;0.0;-7.3453654e-25;99.99998;-7.345365e-21;0.041785836;-3.598636;0.0038594007;2.55242;2.5485606;0.0;0.0;6687.378;8285.821;-2517.1223;6152.8823;-2499.8533;-1191.9456
2017-06-04;11.714122;0.04140218;0.009966533;754.11774;1.1616023;134.11296;0.0;-7.3453654e-25;99.99998;-7.345365e-21;0.0024318695;-3.7404113;0.00020861626;2.451688;2.4514346;0.0;0.0;6814.098;8433.93;-2579.575;6244.013;-2598.3389;-1191.9689
2017-06-05;13.173299;1.8325297;0.010477702;754.9448;1.0979613;61.380558;0.0;-7.3453654e-25;99.99998;-7.345365e-21;0.0029446564;-3.6083312;0.00023841858;2.3601353;2.3598819;0.0;0.0;6477.621;8009.0034;-2376.5894;6639.6543;-2506.5867;-1039.8678
2017-06-06;15.178172;-0.17042033;0.01022466;754.9426;1.202021;113.628456;0.0;-7.3453654e-25;99.99998;-7.345365e-21;0.9754777;-3.486544;0.08571148;2.3594947;2.2737906;0.0;0.0;6300.3438;7781.6255;-2402.5767;6692.507;-2421.9856;-1028.4323
2017-06-07;15.248179;-2.651347;0.009999593;753.7107;1.4258538;151.97969;0.0;-7.3453654e-25;99.99998;-7.345365e-21;0.0012934206;-3.6411686;0.00010430813;2.1927655;2.1926613;0.0;0.0;6856.1167;8459.252;-2731.4155;6338.387;-2529.399;-1239.2456
2017-06-08;14.497844;0.80670166;0.009707133;752.91895;1.1402706;154.8037;0.0;-7.3453654e-25;99.99998;-7.345365e-21;0.0008702277;-3.4095197;5.9604645e-05;2.1155775;2.1155179;0.0;0.0;6933.4365;8545.694;-2739.6628;6428.6;-2368.479;-1301.75
2017-06-09;15.568095;1.9341431;0.009836833;752.9506;1.2105726;157.37431;0.0;-7.3453654e-25;99.99998;-7.345365e-21;0.0;-3.322117;0.0;2.0423532;2.042368;0.0;0.0;6893.388;8487.429;-2753.3389;6564.1055;-2307.7644;-1334.5945
2017-06-10;15.679779;0.026519775;0.009924571;752.0962;1.582213;173.69264;0.0;-7.3453654e-25;99.99998;-7.345365e-21;0.004130602;-3.0869505;0.00029802322;1.973331;1.9730403;0.0;0.0;6867.178;8446.322;-2798.9705;6494.4824;-2144.4011;-1502.0133
2017-06-11;14.705821;-0.22446696;0.009815216;750.3852;1.2598656;216.72314;0.0;-7.3453654e-25;99.99998;-7.345365e-21;0.0;-2.7419198;0.0;1.9073784;1.9073784;0.0;0.0;7058.07;8672.042;-3039.234;6195.718;-1904.72;-1747.2189
2017-06-12;13.855316;-0.606781;0.010121663;751.28107;1.2992995;162.54784;0.0;-7.3453654e-25;99.99998;-7.345365e-21;0.0008523463;-2.5235825;5.9604645e-05;1.8450618;1.8450171;0.0;0.0;6979.3667;8566.38;-2984.6868;6250.6665;-1753.0477;-1880.3878
2017-06-13;15.123027;-3.1746418;0.010075887;752.17535;1.264506;178.98192;0.0;-7.3453654e-25;99.99998;-7.345365e-21;0.001275539;-2.473047;8.940697e-05;1.7857254;1.7856433;0.0;0.0;6970.0737;8546.055;-3018.6294;6337.6543;-1717.9445;-1778.2411
2017-06-14;14.851979;-0.9834493;0.010298411;750.53986;1.9145051;155.36617;0.0;-7.3453654e-25;99.99998;-7.345365e-21;0.7289082;-2.1933634;0.053927302;1.7832369;1.7293096;0.0;0.0;6281.0083;7693.1387;-2671.0288;6700.427;-1523.6555;-1692.0623
2017-06-15;12.192627;0.18373616;0.010063171;750.95654;1.4264811;222.16109;0.0;-7.3453654e-25;99.99998;-7.345365e-21;0.0008583069;-2.0619426;5.9604645e-05;1.6760379;1.6759932;0.0;0.0;6866.269;8401.245;-2870.9495;6292.5435;-1432.3622;-2327.959
2017-06-16;12.684001;0.8275859;0.010161082;751.7751;1.4078945;220.79932;0.0;-7.3453654e-25;99.99998;-7.345365e-21;0.7548803;-1.8066932;0.053226948;1.6786307;1.6254187;0.0;0.0;6176.454;7556.1987;-2555.141;6599.342;-1255.05;-2067.7888
2017-06-17;13.637329;-1.699056;0.009717305;751.2713;1.2546171;154.85243;0.0;-7.3453654e-25;99.99998;-7.345365e-21;0.0008583069;-2.1359315;5.9604645e-05;1.5771389;1.5770793;0.0;0.0;6857.8237;8388.686;-2862.2134;6432.25;-1483.76;-2118.2266
2017-06-18;14.086202;-1.0864054;0.009941101;751.00006;1.4120325;145.33765;0.0;-7.3453654e-25;99.99998;-7.345365e-21;2.9802322e-05;-1.8937774;0.0;1.5306026;1.5306026;0.0;0.0;6589.477;8059.5034;-2772.0256;6578.435;-1315.5433;-2145.9722
2017-06-19;14.584706;0.99573773;0.010176341;751.09424;1.4221798;173.17397;0.0;-7.3453654e-25;99.99998;-7.345365e-21;0.0017138592;-1.882853;0.00011920929;1.4862269;1.4861077;0.0;0.0;6949.4707;8498.66;-2995.1882;6502.7056;-1307.9545;-2195.0732
2017-06-20;13.996735;0.74367267;0.009737651;749.4454;1.6582755;238.34084;0.0;-7.3453654e-25;99.99998;-7.345365e-21;0.0075250864;-1.5549343;0.00047683716;1.4441311;1.4436543;0.0;0.0;6406.5283;7833.641;-2809.825;6542.21;-1080.1611;-2268.9712
2017-06-21;13.141917;-2.165456;0.009918213;749.12964;1.4144797;231.53355;0.0;-7.3453654e-25;99.99998;-7.345365e-21;0.0;-1.6396465;0.0;1.4030933;1.403086;0.0;0.0;7059.573;8631.071;-3189.0144;6152.8945;-1139.0078;-2384.0657
2017-06-22;11.516754;-1.5307922;0.009925842;750.00397;1.3624326;165.64162;0.0;-7.3453654e-25;99.99998;-7.345365e-21;0.028806925;-1.3464866;0.0018626451;1.3661981;1.3643279;0.0;0.0;6382.2393;7801.8867;-2791.1895;6392.3423;-935.3589;-2458.8367
2017-06-23;12.880351;0.057108562;0.009915669;752.27435;1.0323619;104.761375;0.0;-7.3453654e-25;99.99998;-7.345365e-21;0.19049048;-1.4323118;0.011518598;1.3388991;1.3273805;0.0;0.0;6213.5376;7594.609;-2659.1155;6774.44;-994.98;-2072.4355
2017-06-24;14.408376;0.97299194;0.010016124;752.3287;0.91768837;93.7703;0.0;-7.3453654e-25;99.99998;-7.345365e-21;0.24921307;-1.5931447;0.014856458;1.3066083;1.2917445;0.0;0.0;6539.2427;7991.743;-2920.0322;6683.345;-1106.7045;-2079.5977
2017-06-25;15.528534;0.5605774;0.01009496;752.43353;0.9463032;70.794075;0.0;-7.3453654e-25;99.99998;-7.345365e-21;0.15112758;-1.6795751;0.00873208;1.2660921;1.2573898;0.0;0.0;6475.7207;7913.0566;-2890.6455;6856.642;-1166.7433;-1912.0033
2017-06-26;17.212921;2.6387634;0.010049184;754.6582;1.1267236;57.42751;0.0;-7.3453654e-25;99.99998;-7.345365e-21;0.012472452;-1.7080195;0.0007301569;1.2249202;1.22419;0.0;0.0;6799.0864;8307.205;-3026.4805;6921.761;-1186.5056;-2016.25
2017-06-27;19.668365;1.4180807;0.009936015;754.9028;1.1598765;150.54404;0.0;-7.3453654e-25;99.99998;-7.345365e-21;0.0;-1.7282479;0.0;1.1920631;1.1920557;0.0;0.0;6965.4946;8509.43;-3241.0566;6946.573;-1200.5566;-1907.56
2017-06-28;20.474375;-2.4845479;0.0098393755;753.0289;1.3406829;166.2498;0.0;-7.3453654e-25;99.99998;-7.345365e-21;0.0012829914;-1.638677;7.4505806e-05;1.1612326;1.1611655;0.0;0.0;7049.122;8610.476;-3451.3484;6733.2993;-1138.3356;-1990.4377
2017-06-29;18.786875;-2.7818196;0.009909312;751.4285;1.2476729;124.02935;0.0;-7.3453654e-25;99.99998;-7.345365e-21;0.0008583069;-1.5347805;5.2154064e-05;1.1315346;1.131475;0.0;0.0;7133.063;8711.871;-3467.6646;6620.7666;-1066.1611;-2091.4568
2017-06-30;17.638784;1.1883545;0.009882609;750.58716;1.6221269;46.105778;0.0;-7.3453654e-25;99.99998;-7.345365e-21;0.07477403;-1.3057609;0.004261732;1.1072755;1.1030362;0.0;0.0;6080.5923;7425.574;-2806.8577;7210.0645;-907.06775;-1988.57
2017-07-01;16.497824;1.132843;0.010033925;752.53595;2.112554;41.43554;0.0;-7.3453654e-25;99.99998;-7.345365e-21;0.024087688;-1.299059;0.0013709068;1.0771751;1.0758042;0.0;0.0;6785.3423;8285.073;-3067.5066;6777.125;-902.41223;-2527.851
2017-07-02;17.622955;2.5065308;0.010152181;753.46924;1.6261758;67.94322;0.0;-7.3453654e-25;99.99998;-7.345365e-21;0.79235435;-1.3813609;0.048041344;1.0976493;1.0496006;0.0;0.0;6311.083;7705.1;-2825.244;7105.8555;-959.5856;-2127.3289
2017-07-03;19.155478;1.9735922;0.010237376;753.2119;1.2795273;98.39276;0.0;-7.3453654e-25;99.99998;-7.345365e-21;0.008031726;-1.7050673;0.000461936;1.0247827;1.0243207;0.0;0.0;6598.037;8054.317;-2928.2942;7246.1943;-1184.4534;-1970.1089
2017-07-04;20.698547;-0.039367676;0.009927114;752.6855;1.3309308;143.56174;0.0;-7.3453654e-25;99.99998;-7.345365e-21;0.0;-1.451428;0.0;0.9998083;0.9997934;0.0;0.0;6396.287;7806.901;-3078.8958;7213.5435;-1008.25775;-1788.86
2017-07-05;21.219687;-1.2108053;0.00982666;753.1028;1.288412;118.6632;0.0;-7.3453654e-25;99.99998;-7.345365e-21;0.0017001666;-1.4415066;8.940697e-05;0.9762049;0.976108;0.0;0.0;6959.061;8492.744;-3326.5222;7099.653;-1001.36664;-2091.1323
2017-07-06;20.730307;-1.4885254;0.009859721;752.36597;1.3822637;160.25781;0.0;-7.3453654e-25;99.99998;-7.345365e-21;0.032931566;-1.3244767;0.0018030405;0.9549707;0.9531677;0.0;0.0;6749.5547;8235.961;-3298.3093;7025.6167;-920.0689;-2164.49
2017-07-07;19.1085;-1.5800985;0.010214488;750.2292;1.625625;164.58626;0.0;-7.3453654e-25;99.99998;-7.345365e-21;0.014346838;-1.0758731;0.0007301569;0.9319931;0.9312555;0.0;0.0;5981.713;7298.1787;-2779.121;7244.001;-747.37335;-2181.87
2017-07-08;18.79898;-0.60078937;0.00990804;750.9614;1.7124472;142.30934;0.0;-7.3453654e-25;99.99998;-7.345365e-21;0.032931365;-1.0518161;0.00166893;0.91193616;0.91026723;0.0;0.0;6038.892;7366.933;-2750.4585;7265.188;-730.66223;-2233.3767
2017-07-09;19.08317;-3.5608318;0.009750366;753.02905;1.3728471;183.08006;0.0;-7.3453654e-25;99.99998;-7.345365e-21;0.0;-1.2050904;0.0;0.88980794;0.88980794;0.0;0.0;6942.9634;8468.799;-3384.9482;6731.028;-837.13666;-2414.7578
2017-07-10;19.680267;-4.8747864;0.010054271;754.2098;1.3582526;167.35712;0.0;-7.3453654e-25;99.99998;-7.345365e-21;0.0;-1.1954792;0.0;0.8699;0.8699;0.0;0.0;6934.1855;8456.946;-3451.6606;6697.05;-830.46;-2282.5066
2017-07-11;18.378967;-1.5810446;0.010068257;753.6086;0.99494505;81.50954;0.0;-7.3453654e-25;99.99998;-7.345365e-21;0.008159876;-1.1589061;0.00032782555;0.8509606;0.85061044;0.0;0.0;6639.0137;8095.7886;-3216.788;6975.8687;-805.05334;-2138.2112
2017-07-12;17.204031;5.878591;0.009806315;751.7368;1.0206808;74.574036;0.0;-7.3453654e-25;99.99998;-7.345365e-21;1.1613458;-1.0921024;0.06753206;0.8997023;0.83217025;0.0;0.0;5438.6455;6631.2466;-2580.0994;7402.161;-758.64667;-1891.34
2017-07-13;15.059265;7.2624307;0.010128021;749.73895;1.3999242;70.8372;0.0;-7.3453654e-25;100.00259;-7.345365e-21;6.465827;-1.5749931;0.43709576;1.2519062;0.8147806;0.0;0.0;5318.1743;6483.54;-2283.0874;7416.5176;-1094.0956;-1895.0623
2017-07-14;16.415152;3.8473003;0.009831746;750.18085;1.0824007;98.03388;0.0;-7.3453654e-25;99.99998;-7.345365e-21;0.027790546;-2.664052;0.0014603138;0.7995069;0.7980466;0.0;0.0;5939.3096;7239.9355;-2532.3186;7073.461;-1850.6289;-1417.0789
2017-07-15;17.66862;0.042266846;0.009849548;751.96014;1.2894545;117.89157;0.0;-7.3453654e-25;99.99998;-7.345365e-21;0.0064015375;-2.5011683;0.00029802322;0.7818043;0.78149885;0.0;0.0;6473.308;7889.724;-2803.597;6919.4756;-1737.4789;-1704.5911
2017-07-16;18.358154;-2.6417744;0.010023753;753.9002;1.1240679;128.00645;0.0;-7.3453654e-25;99.99998;-7.345365e-21;0.0008523463;-2.2364707;4.4703484e-05;0.76533854;0.76529384;0.0;0.0;6970.5356;8493.845;-3185.7634;6733.7935;-1553.6011;-1853.25
2017-07-17;19.648336;1.3388672;0.009882609;755.5184;1.1824119;119.97486;0.0;-7.3453654e-25;99.99998;-7.345365e-21;0.0018119812;-1.7275046;7.4505806e-05;0.7495433;0.7494688;0.0;0.0;6759.852;8235.349;-3109.1426;7093.704;-1200.04;-1932.88
2017-07-18;20.286367;0.8652242;0.010056813;754.8599;1.3454891;109.09258;0.0;-7.3453654e-25;99.99998;-7.345365e-21;0.0043690195;-1.2872275;0.0001937151;0.734359;0.73414296;0.0;0.0;6311.847;7687.6865;-3019.1077;7244.136;-894.19336;-1952.9122
2017-07-19;20.574411;-0.71674603;0.010314941;752.67285;1.4016461;132.66026;0.0;-7.3453654e-25;100.00259;-7.345365e-21;0.0;-1.1718869;0.0;0.71927905;0.71929395;0.0;0.0;6583.059;8016.2417;-3233.7795;7106.553;-814.0711;-2158.6677
2017-07-20;19.90751;-3.2586567;0.0099436445;751.15936;1.3192974;102.288475;0.0;-7.3453654e-25;99.99998;-7.345365e-21;0.0021338456;-1.131935;0.00011920929;0.70494413;0.7048398;0.0;0.0;6983.7363;8502.369;-3624.74;6648.879;-786.31665;-2262.699
2017-07-21;20.193735;-4.91864;0.009906769;752.88275;1.2268353;139.33055;0.0;-7.3453654e-25;99.99998;-7.345365e-21;0.0;-1.1078696;0.0;0.69078803;0.6907731;0.0;0.0;7033.137;8560.583;-3682.7244;6592.6333;-769.60114;-2158.4812
2017-07-22;21.372519;-1.5994568;0.010096232;754.45416;1.2199943;198.40529;0.0;-7.3453654e-25;99.99998;-7.345365e-21;0.0008523463;-0.9800177;5.9604645e-05;0.6772876;0.677228;0.0;0.0;5866.6797;7139.1787;-2973.4158;7428.8457;-680.7844;-1705.8356
2017-07-23;21.32252;-2.4676921;0.0098393755;752.2112;1.5097104;198.93169;0.0;-7.3453654e-25;99.99998;-7.345365e-21;0.0;-1.034461;0.0;0.66411495;0.66411495;0.0;0.0;6830.3613;8310.063;-3455.8398;6971.386;-718.6055;-2352.1746
2017-07-24;18.857126;-2.95107;0.009896596;750.1057;1.3046753;167.91995;0.0;-7.3453654e-25;99.99998;-7.345365e-21;0.0008523463;-0.96374935;5.9604645e-05;0.65132976;0.65127015;0.0;0.0;6889.158;8379.758;-3495.8516;6642.1865;-669.48444;-2515.6943
2017-07-25;17.903381;-2.70165;0.009977977;750.04767;1.441451;187.3515;0.0;-7.3453654e-25;99.99998;-7.345365e-21;0.0008523463;-0.9093415;4.4703484e-05;0.6388575;0.6388128;0.0;0.0;6886.578;8374.764;-3431.78;6587.747;-631.6889;-2598.35
2017-07-26;18.568308;-1.2721151;0.010178884;750.8677;1.1374398;135.47328;0.0;-7.3453654e-25;99.99998;-7.345365e-21;0.0012814989;-0.9595007;7.4505806e-05;0.62674284;0.6266758;0.0;0.0;6806.8984;8275.981;-3370.2727;6845.892;-666.5322;-2363.9656
2017-07-27;20.161835;-0.15252686;0.01008606;752.7414;1.1715202;128.27737;0.0;-7.3453654e-25;99.99998;-7.345365e-21;0.0;-0.97263604;0.0;0.6148368;0.6148368;0.0;0.0;6586.9624;8006.797;-3199.7295;7223.488;-675.6589;-2249.7979
2017-07-28;20.754425;-3.061493;0.010033925;754.1585;1.3528742;168.1594;0.0;-7.3453654e-25;99.99998;-7.345365e-21;0.0008523463;-0.9576026;4.4703484e-05;0.603348;0.6033033;0.0;0.0;6784.4854;8245.026;-3457.0027;6937.867;-665.2133;-2336.0457
2017-07-29;19.806244;-1.1152445;0.009822845;754.42163;1.4511471;158.85516;0.0;-7.3453654e-25;99.99998;-7.345365e-21;0.0017046923;-0.8915365;8.940697e-05;0.59226155;0.5921647;0.0;0.0;6664.8916;8097.973;-3272.3904;7015.4365;-619.32;-2477.641
2017-07-30;20.249765;-2.9962666;0.009763082;753.97046;1.2849306;101.18177;0.0;-7.3453654e-25;99.99998;-7.345365e-21;0.0008583069;-0.9276364;5.9604645e-05;0.5813837;0.5813241;0.0;0.0;6819.2827;8283.627;-3491.8577;6873.14;-644.39777;-2306.5723
2017-07-31;20.148691;3.5317383;0.010051727;755.11176;1.3352786;67.78013;0.0;-7.3453654e-25;99.99998;-7.345365e-21;0.16942024;-0.8421224;0.006735325;0.577569;0.5708337;0.0;0.0;5586.2974;6784.427;-2700.5273;7644.8076;-584.99335;-1973.8011
2017-08-01;21.055399;1.9029541;0.009887695;757.2471;1.217784;50.773117;0.0;-7.3453654e-25;99.99998;-7.345365e-21;0.09131917;-0.90648603;0.0044852495;0.56517124;0.56070834;0.0;0.0;5876.625;7135.487;-2883.0964;7593.066;-629.70557;-1974.5355
2017-08-02;20.973166;1.9837545;0.009821574;757.1508;1.0460685;75.46307;0.0;-7.3453654e-25;99.99998;-7.345365e-21;0.2635002;-0.96222574;0.013038516;0.56384504;0.550814;0.0;0.0;5716.415;6939.422;-2825.8796;7634.258;-668.42554;-1867.78
2017-08-03;21.02066;1.0267843;0.009990692;755.3619;1.0828121;78.69398;0.0;-7.3453654e-25;99.99998;-7.345365e-21;0.0039428473;-0.8996837;0.00014901161;0.5413741;0.5412176;0.0;0.0;5574.746;6765.834;-2909.8535;7484.4;-624.98;-1768.4534
2017-08-04;21.000519;-2.1610718;0.009777069;753.6031;1.4386503;136.75746;0.0;-7.3453654e-25;99.99998;-7.345365e-21;0.0;-0.87281877;0.0;0.53182244;0.53183734;0.0;0.0;6247.1924;7580.1494;-3225.439;7155.5557;-606.3189;-2162.0378
2017-08-05;20.476847;-3.7508342;0.009628296;753.326;1.4492673;120.03531;0.0;-7.3453654e-25;99.99998;-7.345365e-21;0.0;-0.8624978;0.0;0.5226582;0.5226657;0.0;0.0;6702.8403;8131.297;-3524.1729;6800.858;-599.14886;-2327.5688
2017-08-06;20.62507;-5.8215537;0.010064443;754.46124;1.4571718;102.130554;0.0;-7.3453654e-25;99.99998;-7.345365e-21;0.0008583069;-0.85667896;4.4703484e-05;0.51373243;0.5136952;0.0;0.0;6719.4624;8149.6187;-3562.2393;6771.541;-595.1067;-2248.8188
2017-08-07;21.254984;-2.699229;0.009914398;755.35004;1.4777145;145.02771;0.0;-7.3453654e-25;99.99998;-7.345365e-21;0.0;-0.8367747;0.0;0.50494075;0.5049482;0.0;0.0;6414.722;7778.3154;-3267.3162;7166.08;-581.2811;-2194.2888
2017-08-08;21.48594;-3.3833516;0.01000468;756.07587;1.4394479;129.29286;0.0;-7.3453654e-25;99.99998;-7.345365e-21;0.0;-0.8350723;0.0;0.49641728;0.49642473;0.0;0.0;6454.578;7824.896;-3359.3716;7126.7324;-580.0967;-2162.8145
2017-08-09;21.759369;-3.0084534;0.009890239;755.61115;1.2337602;68.8883;0.0;-7.3453654e-25;99.99998;-7.345365e-21;0.0004351138;-0.76597834;2.9802322e-05;0.48819184;0.48816204;0.0;0.0;5613.5176;6803.8564;-2958.4995;7545.0073;-532.1;-1778.9133
2017-08-10;20.729574;-1.7660828;0.009923299;755.1385;1.3190037;42.511467;0.0;-7.3453654e-25;99.99998;-7.345365e-21;0.0064551826;-0.73566663;0.00032782555;0.48050284;0.48016012;0.0;0.0;5721.7417;6933.8174;-3015.4128;7344.5776;-511.04224;-1968.2322
2017-08-11;20.19983;2.4267578;0.009977977;755.16705;1.202022;49.72462;0.0;-7.3453654e-25;99.99998;-7.345365e-21;0.0046789646;-0.68701243;0.00020861626;0.47260523;0.4723519;0.0;0.0;5362.193;6496.488;-2743.5244;7559.0283;-477.24335;-1883.6777
2017-08-12;21.05252;-1.0791422;0.009918213;753.70807;1.216797;156.46288;0.0;-7.3453654e-25;99.99998;-7.345365e-21;0.00035762787;-0.72568655;0.0;0.46476722;0.46476722;0.0;0.0;5539.313;6709.3467;-2899.4604;7480.2305;-504.11;-1891.6178
2017-08-13;20.845377;-0.1809489;0.009741466;753.02264;1.6652426;171.01534;0.0;-7.3453654e-25;99.99998;-7.345365e-21;0.0008583068;-0.6984211;2.9802322e-05;0.45737624;0.45734644;0.0;0.0;5931.6567;7182.952;-3014.2148;7269.6504;-485.17;-2187.33
2017-08-14;19.541952;3.2681682;0.009719849;752.59515;1.3201994;179.38751;0.0;-7.3453654e-25;99.99998;-7.345365e-21;0.0;-0.7266616;0.0;0.45007467;0.45007467;0.0;0.0;6445.7183;7803.822;-3224.2441;7038.258;-504.78665;-2470.2622
2017-08-15;18.834534;3.3550923;0.009724935;752.15424;0.81295353;114.05149;0.0;-7.3453654e-25;99.99998;-7.345365e-21;0.0071883197;-0.60763395;0.0002682209;0.44324994;0.44298917;0.0;0.0;4875.1304;5901.0034;-2368.7383;7839.765;-422.10333;-1808.7034
2017-08-16;17.93106;2.7801514;0.009867351;753.0119;1.3475738;127.414825;0.0;-7.3453654e-25;99.99998;-7.345365e-21;0.27843118;-0.72058666;0.01296401;0.4491806;0.4362017;0.0;0.0;5210.516;6306.198;-2528.174;7514.4346;-500.56778;-2137.6155
2017-08-17;19.096945;0.1479187;0.0097300215;753.1692;1.6171433;154.81886;0.0;-7.3453654e-25;99.99998;-7.345365e-21;0.27826726;-0.8988604;0.013366342;0.4429072;0.42953342;0.0;0.0;5832.4233;7057.996;-2895.2883;7182.4077;-624.4089;-2208.3145
2017-08-18;18.768137;-0.5602214;0.009947459;754.49725;1.1106173;208.57806;0.0;-7.3453654e-25;99.99998;-7.345365e-21;0.000865346;-0.8131191;4.4703484e-05;0.42296946;0.4229322;0.0;0.0;6395.05;7737.8994;-3295.0295;6822.3296;-564.8467;-2281.2412
2017-08-19;18.74418;-1.293335;0.009677887;755.4297;1.2052103;136.69931;0.0;-7.3453654e-25;99.99998;-7.345365e-21;0.0;-0.74901336;0.0;0.41642785;0.4164204;0.0;0.0;6346.0337;7677.628;-3354.7039;6770.6694;-520.31445;-2278.2778
2017-08-20;18.777262;-5.2087502;0.009863536;754.94855;1.2961671;154.19531;0.0;-7.3453654e-25;99.99998;-7.345365e-21;0.0;-0.7176995;0.0;0.41007996;0.41007996;0.0;0.0;6278.6865;7595.2173;-3446.8118;6629.2627;-498.56223;-2169.72
2017-08-21;19.591421;-7.0507507;0.010264079;753.8339;1.0801259;168.48927;0.0;-7.3453654e-25;99.99998;-7.345365e-21;0.0008523463;-0.72758645;4.4703484e-05;0.40392578;0.40388852;0.0;0.0;6400.0728;7741.1787;-3594.159;6565.432;-505.43;-1994.4456
2017-08-22;19.957602;-0.2267456;0.010406494;752.8588;1.2572715;117.285034;0.0;-7.3453654e-25;99.99998;-7.345365e-21;0.0;-0.69780463;0.0;0.3978461;0.39783865;0.0;0.0;6176.6035;7470.0225;-3274.4695;6959.0024;-484.74222;-2147.2012
2017-08-23;19.735128;-1.7164001;0.009974162;753.2131;1.2985348;107.5173;0.0;-7.3453654e-25;99.99998;-7.345365e-21;0.0;-0.67699325;0.0;0.39194524;0.39196014;0.0;0.0;6257.7266;7567.2344;-3550.787;6579.2744;-470.28555;-2117.662
2017-08-24;19.286194;-8.635142;0.009866078;754.8134;1.275293;88.3189;0.0;-7.3453654e-25;99.99998;-7.345365e-21;0.0;-0.67898446;0.0;0.3862232;0.3862232;0.0;0.0;6395.624;7733.053;-3823.9363;6181.351;-471.6678;-1918.4978
2017-08-25;19.735575;-3.1475017;0.010181427;754.8882;1.3887957;97.63177;0.0;-7.3453654e-25;99.99998;-7.345365e-21;0.0012844794;-0.66625327;5.9604645e-05;0.38066506;0.38060546;0.0;0.0;6037.6895;7299.318;-3202.4421;6942.8564;-462.82333;-2069.1655
2017-08-26;19.271088;0.73650104;0.009887695;753.21826;1.435932;91.87635;0.0;-7.3453654e-25;99.99998;-7.345365e-21;0.001847744;-0.62816775;5.9604645e-05;0.37518144;0.37509948;0.0;0.0;5705.6616;6897.0874;-3019.4597;7102.405;-436.36667;-2035.0189
2017-08-27;18.589874;1.8628744;0.010135651;752.8577;1.3706055;75.14355;0.0;-7.3453654e-25;99.99998;-7.345365e-21;0.0030338764;-0.59474444;0.00011175871;0.36986172;0.3697425;0.0;0.0;5446.501;6583.0537;-2948.925;7081.0693;-413.1489;-1943.4822
2017-08-28;18.250366;-1.6077067;0.009915669;752.8257;1.431467;168.46432;0.0;-7.3453654e-25;99.99998;-7.345365e-21;0.0017187176;-0.60397106;8.940697e-05;0.3646016;0.3645122;0.0;0.0;5774.9746;6979.2173;-3156.6375;6782.4487;-419.55777;-2127.4333
2017-08-29;18.332764;-3.2745667;0.009848277;752.92145;1.4352976;136.20479;0.0;-7.3453654e-25;99.99998;-7.345365e-21;0.00087022776;-0.5779965;4.4703484e-05;0.3594458;0.359416;0.0;0.0;5671.7183;6853.6636;-3038.3633;6834.351;-401.51443;-2078.9023
2017-08-30;18.265533;-7.0;0.010128021;754.2771;1.5455085;183.40002;0.0;-7.3453654e-25;99.99998;-7.345365e-21;0.00042617318;-0.5861912;1.4901161e-05;0.35445392;0.35443902;0.0;0.0;5957.9595;7198.691;-3330.7522;6482.355;-407.20776;-2207.6655
2017-08-31;18.442911;-3.0016377;0.009999593;755.3069;1.2220782;128.28236;0.0;-7.3453654e-25;99.99998;-7.345365e-21;0.0;-0.58837795;0.0;0.34955144;0.3495589;0.0;0.0;5767.2427;6967.4775;-3110.66;6776.217;-408.72778;-1992.58
2017-09-01;19.441772;-2.1491597;0.010192871;754.353;1.3370099;179.82178;0.0;-7.3453654e-25;99.99998;-7.345365e-21;0.0;-0.58447754;0.0;0.34478307;0.34477562;0.0;0.0;5488.723;6630.199;-2968.2937;7040.7744;-406.0178;-1879.18
2017-09-02;18.647339;-2.1177979;0.009876251;753.85297;1.5524492;205.885;0.0;-7.3453654e-25;99.99998;-7.345365e-21;0.0025689597;-0.5336013;0.00011920929;0.3402382;0.34012645;0.0;0.0;5413.725;6538.7695;-2968.306;6868.0137;-370.67557;-2045.7019
2017-09-03;17.357086;-5.4822183;0.009652455;753.5415;1.1598243;103.618004;0.0;-7.3453654e-25;99.99998;-7.345365e-21;0.0;-0.5940385;0.0;0.33555925;0.3355667;0.0;0.0;5896.6313;7121.17;-3436.3489;6376.507;-412.65887;-1868.5
2017-09-04;18.019876;-3.7882996;0.010065715;755.8405;1.1630725;97.27793;0.0;-7.3453654e-25;99.99998;-7.345365e-21;0.0047244364;-0.5713869;0.00017881393;0.3312528;0.33106655;0.0;0.0;5347.4937;6457.1577;-3003.39;6909.4277;-396.92334;-1752.6733
2017-09-05;18.403708;-6.9820046;0.009783427;756.31683;1.30559;155.28271;0.0;-7.3453654e-25;99.99998;-7.345365e-21;0.0008583069;-0.57822835;2.9802322e-05;0.32672286;0.3266707;0.0;0.0;5551.95;6703.201;-3191.6274;6713.1343;-401.67557;-1798.6034
2017-09-06;18.183817;-3.2614746;0.009771983;754.4383;1.6280867;165.56888;0.0;-7.3453654e-25;99.99998;-7.345365e-21;0.0008702277;-0.5001351;4.4703484e-05;0.32246113;0.32241642;0.0;0.0;5089.621;6144.3345;-2783.0518;7003.1987;-347.42776;-1822.4589
2017-09-07;16.614004;-3.7409363;0.009882609;753.37604;1.532936;196.45488;0.0;-7.3453654e-25;99.99998;-7.345365e-21;0.0008702277;-0.49389338;4.4703484e-05;0.3183037;0.31826645;0.0;0.0;5498.2905;6636.9277;-3104.9036;6478.2583;-343.09113;-2170.3677
2017-09-08;15.5286455;-6.0345054;0.010121663;755.79346;1.1716973;87.38447;0.0;-7.3453654e-25;99.99998;-7.345365e-21;0.00042617318;-0.54275244;1.4901161e-05;0.31419098;0.31416863;0.0;0.0;5653.1216;6822.997;-3344.1494;6222.575;-377.03223;-1822.2633
2017-09-09;17.374786;-5.49234;0.010014852;756.66815;1.151535;88.31606;0.0;-7.3453654e-25;99.99998;-7.345365e-21;0.0;-0.5611107;0.0;0.31012297;0.31012297;0.0;0.0;5579.796;6733.693;-3292.666;6465.852;-389.78555;-1672.7123
2017-09-10;18.002054;-7.5556846;0.009684245;755.9841;1.1416749;138.1291;0.0;-7.3453654e-25;99.99998;-7.345365e-21;0.0;-0.55199677;0.0;0.30615926;0.30614436;0.0;0.0;5576.14;6728.47;-3407.4153;6348.5845;-383.45334;-1681.3422
2017-09-11;17.031546;-8.942637;0.009977977;756.2971;1.1658899;150.52763;0.0;-7.3453654e-25;99.99998;-7.345365e-21;0.0017235752;-0.52543354;8.940697e-05;0.30237436;0.30228496;0.0;0.0;5580.421;6732.818;-3449.051;6145.6396;-365.0011;-1693.4789
2017-09-12;16.41156;-6.730265;0.010152181;757.51605;1.0874243;126.2911;0.0;-7.3453654e-25;99.99998;-7.345365e-21;0.0;-0.52205473;0.0;0.29848516;0.2984926;0.0;0.0;5486.8555;6619.101;-3254.278;6358.819;-362.65332;-1733.1644
2017-09-13;16.884226;-5.561554;0.010169983;757.0146;1.110657;93.88971;0.0;-7.3453654e-25;99.99998;-7.345365e-21;0.0;-0.5252948;0.0;0.29477477;0.29475987;0.0;0.0;5387.155;6498.088;-3195.0586;6495.927;-364.90555;-1678.3289
2017-09-14;17.12031;-3.4620056;0.010008494;756.30206;1.1736602;54.946453;0.0;-7.3453654e-25;99.99998;-7.345365e-21;0.0025689597;-0.52724963;0.00011920929;0.2912283;0.29110909;0.0;0.0;5305.8203;6399.2295;-3118.6213;6663.8823;-366.2628;-1613.5488
2017-09-15;17.710327;-2.825714;0.010173798;756.5643;1.2593453;120.026985;0.0;-7.3453654e-25;99.99998;-7.345365e-21;0.0008583069;-0.5152952;4.4703484e-05;0.2875626;0.28752536;0.0;0.0;5187.626;6255.8994;-3010.596;6768.7104;-357.9589;-1650.3378
2017-09-16;16.640879;-3.6943562;0.0097465515;756.98096;1.183637;99.47009;0.0;-7.3453654e-25;99.99998;-7.345365e-21;0.008690357;-0.45369938;0.0003874302;0.28446317;0.28404593;0.0;0.0;4570.7886;5507.2007;-2756.0793;6885.221;-315.1711;-1445.5089
2017-09-17;16.22229;-3.4886982;0.009913127;757.08276;1.0439851;77.03927;0.0;-7.3453654e-25;99.99998;-7.345365e-21;0.0014901161;-0.46209154;4.4703484e-05;0.28070807;0.28065592;0.0;0.0;4583.786;5518.124;-2786.1206;6822.3755;-320.99945;-1405.69
2017-09-18;16.282349;-3.3445537;0.010017395;756.8693;1.1504567;102.993324;0.0;-7.3453654e-25;99.99998;-7.345365e-21;0.003150105;-0.46134833;0.00014901161;0.27745962;0.27731806;0.0;0.0;4686.79;5637.148;-2791.1467;6804.483;-320.48334;-1477.5533
2017-09-19;16.058645;-4.307312;0.00987498;757.1099;1.3038949;111.26229;0.0;-7.3453654e-25;99.99998;-7.345365e-21;0.0;-0.46814418;0.0;0.27403235;0.27404726;0.0;0.0;5037.77;6053.9907;-2991.6887;6539.898;-325.20334;-1706.7622
2017-09-20;15.765106;-2.8106587;0.009802501;757.4446;1.2623501;108.761635;0.0;-7.3453654e-25;99.99998;-7.345365e-21;0.15592575;-0.46576187;0.007197261;0.27805567;0.27085096;0.0;0.0;4379.8022;5258.7466;-2586.2192;6934.7812;-323.55;-1352.4066
2017-09-21;15.79127;-3.6750183;0.009990692;756.2312;1.1501889;102.65149;0.0;-7.3453654e-25;99.99998;-7.345365e-21;0.038206577;-0.4535783;0.0017881393;0.2695322;0.26775151;0.0;0.0;4166.007;4997.68;-2572.438;6854.789;-315.08554;-1282.9734
2017-09-22;15.249562;-2.913686;0.010045369;754.2422;1.3765384;159.97917;0.0;-7.3453654e-25;99.99998;-7.345365e-21;0.002789071;-0.4469445;0.00011920929;0.26485324;0.26470423;0.0;0.0;4683.199;5613.241;-2730.5862;6631.7544;-310.47778;-1659.11
2017-09-23;13.722463;-3.384613;0.010065715;755.5759;1.245041;172.34999;0.0;-7.3453654e-25;99.99998;-7.345365e-21;0.0;-0.4363153;0.0;0.2616942;0.2616942;0.0;0.0;4992.894;5979.2856;-3077.74;6106.0093;-303.09222;-1761.7966
2017-09-24;12.776143;-8.72374;0.010225932;756.33734;1.1564475;152.42822;0.0;-7.3453654e-25;99.99998;-7.345365e-21;0.0017285338;-0.4276745;8.940697e-05;0.25880337;0.25872886;0.0;0.0;5116.372;6121.84;-3298.5732;5723.8916;-297.09113;-1579.7744
2017-09-25;12.784587;-5.9389443;0.0103302;756.634;1.0839468;120.999306;0.0;-7.3453654e-25;99.99998;-7.345365e-21;0.3376186;-0.47786906;0.015676022;0.27152896;0.25583804;0.0;0.0;4652.8643;5562.4365;-2770.71;6318.4766;-331.9589;-1521.3966
2017-09-26;13.211945;-3.3933716;0.010016124;755.87555;1.1757325;187.95949;0.0;-7.3453654e-25;99.99998;-7.345365e-21;0.024497509;-0.45787078;0.0011175871;0.2541393;0.25302917;0.0;0.0;4189.3965;5004.0654;-2460.8057;6636.629;-318.06668;-1416.7544
2017-09-27;12.738068;-1.7877401;0.009979248;754.4816;1.3999397;255.82098;0.0;-7.3453654e-25;99.99998;-7.345365e-21;0.0;-0.44020265;0.0;0.250265;0.25025755;0.0;0.0;4820.818;5753.251;-2852.5728;6171.6157;-305.79443;-1749.4867
2017-09-28;10.872935;0.97091675;0.010219574;754.2028;1.161347;163.68362;0.0;-7.3453654e-25;99.99998;-7.345365e-21;1.3631177;-0.47385508;0.07861853;0.32617152;0.24756789;0.0;0.0;4259.683;5079.274;-2394.418;6482.032;-329.1722;-1595.0488
2017-09-29;9.818715;0.54555255;0.010209401;754.3908;0.8792126;117.73126;0.0;-7.3453654e-25;99.99998;-7.345365e-21;0.9625733;-0.77184474;0.044599175;0.28958917;0.24500489;0.0;0.0;3923.0686;4673.492;-2354.148;6304.2715;-536.17444;-1315.8733
2017-09-30;10.564229;-1.6713969;0.0101458235;753.9077;1.0892034;186.01538;0.0;-7.3453654e-25;99.99998;-7.345365e-21;0.8123964;-0.9045899;0.03913045;0.28160214;0.2424866;0.0;0.0;4208.275;5009.1484;-2353.1516;6322.0366;-628.3889;-1301.8689
2017-10-01;10.400655;-1.3609924;0.010194142;753.8929;1.5324349;231.29625;0.0;-7.3453654e-25;99.99998;-7.345365e-21;0.0;-0.76920164;0.0;0.2399683;0.23996085;0.0;0.0;4540.2505;5399.7383;-2573.15;6082.5547;-534.33887;-1590.0111
2017-10-02;7.7736106;-0.13406372;0.009671529;752.6672;1.5700296;244.05647;0.0;-7.3453654e-25;99.99998;-7.345365e-21;0.32549006;-0.51939857;0.01475215;0.25224686;0.23751706;0.0;0.0;3852.1914;4577.477;-2019.1444;6446.378;-360.80777;-1632.6133
2017-10-03;6.4640603;-0.4075826;0.009947459;751.883;1.2753041;185.75124;0.0;-7.3453654e-25;99.99998;-7.345365e-21;1.2207866;-0.77226853;0.05608797;0.2912879;0.23517013;0.0;0.0;4115.378;4886.012;-2238.797;6089.9463;-536.4689;-1608.7134
2017-10-04;2.9923503;0.045686085;-1.4104792;750.9876;1.2494417;47.20796;1.0720215;0.00016792615;112.83429;0.9765625;11.114097;-1.0097027;0.6429106;0.87584555;0.2329275;0.0009909272;0.4883632;2792.4634;3311.9937;-1533.4238;6419.9287;-701.3189;-1081.1866
2017-10-05;3.211609;-3.386668;-6.102079;751.835;1.6489574;35.021217;2.8503418;0.00041584173;148.93617;2.3600261;0.0061720605;-1.5761889;0.010758638;0.24147332;0.23072213;0.15510991;0.0045113266;4386.353;5302.968;-2449.006;5396.542;-1095.14;-1300.7922
2017-10-06;5.046407;-7.961141;-7.4138336;751.7874;1.071704;176.38579;1.8695475;0.00027883053;152.08397;1.4241537;0.0008583069;-1.4650896;0.0086426735;0.23710728;0.22845715;0.12614019;0.0;4576.134;5488.6035;-2675.2;5213.511;-1017.9044;-1042.39
2017-10-07;6.292328;-6.8549705;-6.4919076;753.4072;0.93363684;146.44148;1.1289062;0.0001675288;152.10252;0.9765625;0.0008583069;-1.3586544;0.006750226;0.23297966;0.22622198;0.09939447;0.0;4545.472;5418.1064;-2589.9294;5419.4155;-943.9033;-1048.4255
2017-10-08;7.2878113;-4.1059265;-5.0958657;752.8926;1.0166644;228.73808;0.58650714;8.6387e-05;152.11424;0.40690103;0.00258401;-1.2575984;0.0047385693;0.22874773;0.22400916;0.06916374;0.0;4354.668;5167.2266;-2371.8005;5796.729;-873.6411;-1144.5878
2017-10-09;7.024048;-2.560435;-3.7508557;752.63116;1.111206;113.802345;0.26953125;3.973643e-05;152.11717;-7.345365e-21;0.137371;-0.95294785;0.008806586;0.23066998;0.22186339;0.032972544;0.0;3418.212;4044.2925;-1885.3645;6263.211;-661.99445;-941.8358
2017-10-10;7.446869;-0.5582886;-2.1587143;752.71625;1.3411618;153.57103;0.11702474;1.7205874e-05;152.11717;-7.345365e-21;0.33587515;-1.006905;0.01692772;0.23670495;0.21977723;0.01673773;0.0;3535.4128;4175.2515;-1772.6267;6492.923;-699.4733;-1106.7012
2017-10-11;7.2787986;-0.54867554;-3.1374462;752.47437;0.8273368;202.43001;0.045410156;6.5167746e-06;152.12433;-7.345365e-21;0.027030706;-0.8875653;0.001758337;0.2194941;0.21771342;0.006608665;0.0;3579.479;4222.035;-2033.2689;6249.0557;-616.5622;-1067.419
2017-10-12;5.768524;-2.4039612;-5.037266;753.4405;1.0218138;136.41548;0.018147787;2.5431316e-06;152.12498;-7.345365e-21;0.0032182524;-0.7750932;0.00031292439;0.21600723;0.2156794;0.0025555491;0.0;3377.4067;3979.3667;-2045.1666;6024.496;-538.43225;-1066.9366
2017-10-13;5.4272256;-4.722941;-5.9381614;753.351;1.0036112;97.12341;0.006917318;1.2318293e-06;152.12498;-7.345365e-21;0.0008523463;-0.8494854;0.00010430813;0.21377206;0.2136752;0.0010319054;0.0;4247.516;4999.862;-2541.4316;5515.431;-590.1111;-1186.3256
2017-10-14;5.747772;-5.841461;-6.4774957;752.02734;0.99057704;174.31157;0.0026855469;3.1789145e-07;152.12498;-7.345365e-21;0.00044107434;-0.78225505;4.4703484e-05;0.2117157;0.211671;0.00042840838;0.0;4292.415;5048.4487;-2618.1968;5416.0923;-543.4067;-1221.5244
2017-10-15;5.9803567;-6.6003723;-6.3736954;752.00446;1.0867456;187.36388;0.00081380206;-7.3453654e-25;152.12498;-7.345365e-21;0.010728836;-0.68483317;0.0005364418;0.21024048;0.20970404;0.00015832484;0.0;4074.1912;4787.652;-2477.2004;5541.021;-475.73;-1185.5155
2017-10-16;5.794932;-7.6202188;-6.2438827;749.79486;1.3736591;221.3388;0.0;-7.3453654e-25;152.12498;-7.345365e-21;0.0004351138;-0.6093262;2.9802322e-05;0.2077967;0.20777434;5.5879354e-05;0.0;4210.559;4946.384;-2541.1597;5439.1963;-423.2789;-1268.3844
2017-10-17;4.8456116;-10.24765;-9.163357;752.4565;0.92799926;67.65429;0.0;-7.3453654e-25;130.15395;-7.345365e-21;0.00043511385;-0.59605765;2.9802322e-05;0.20588934;0.20586699;2.0489097e-05;0.0;4233.269;4971.4165;-2743.8342;5205.7256;-414.06223;-1060.5355
2017-10-18;5.543396;-8.41391;-3.634515;755.2771;1.1064484;69.999825;0.0;-7.3453654e-25;110.11782;-7.345365e-21;0.0017367147;-0.53111184;8.940697e-05;0.2040565;0.203982;5.5879354e-06;0.0;4128.044;4846.4004;-2595.6335;5413.174;-368.94556;-1070.6622
2017-10-19;4.912272;-8.35493;-0.99320346;755.5403;1.0956484;134.47772;0.0;-7.3453654e-25;102.636375;-7.345365e-21;0.0008523463;-0.45305675;2.9802322e-05;0.20217896;0.20213425;0.0;0.0;4095.2834;4806.426;-2565.976;5374.1455;-314.72333;-1197.6945
2017-10-20;4.8686624;-8.167378;-0.3446083;754.51587;0.96200395;114.27613;0.0;-7.3453654e-25;100.43357;-7.345365e-21;0.0;-0.41680223;0.0;0.20033121;0.20031631;0.0;0.0;3886.2473;4559.688;-2442.9155;5536.382;-289.53888;-1072.3622
2017-10-21;5.09197;-9.319316;0.010124207;752.73846;1.0343195;147.59554;0.0;-7.3453654e-25;99.99998;-7.345365e-21;0.0017166131;-0.38458407;8.940697e-05;0.19863248;0.19852817;0.0;0.0;3916.85;4594.1455;-2442.7056;5541.6865;-267.15887;-1125.87
2017-10-22;4.5135193;-9.285054;0.010022481;751.1596;1.1802871;182.24245;0.0;-7.3453654e-25;99.99998;-7.345365e-21;0.0;-0.32837504;0.0;0.19678473;0.19678473;0.0;0.0;3807.4834;4464.4966;-2485.8638;5357.1143;-228.11;-1118.8667
2017-10-23;5.287852;-7.573761;0.0099487305;753.09644;0.87388164;187.12349;0.0;-7.3453654e-25;99.99998;-7.345365e-21;0.0008523463;-0.3280081;4.4703484e-05;0.1951009;0.1950562;0.0;0.0;3926.0806;4602.1055;-2536.354;5382.8677;-227.85556;-1083.6589
2017-10-24;5.7894998;-4.959137;0.010007222;755.4285;1.076867;189.6737;0.0;-7.3453654e-25;99.99998;-7.345365e-21;0.0008523463;-0.25587714;4.4703484e-05;0.19341707;0.19337237;0.0;0.0;3193.9412;3742.7922;-2045.6866;5875.8965;-177.75;-881.0689
2017-10-25;7.256582;-4.9052224;0.009716034;758.0059;1.0037848;163.66928;0.0;-7.3453654e-25;99.99998;-7.345365e-21;0.008046627;-0.30547565;0.00037252903;0.19210577;0.19171834;0.0;0.0;3506.8933;4108.2256;-2193.8254;5895.046;-212.20444;-906.32776
2017-10-26;8.444325;-1.6363932;0.010032654;756.47516;1.3788241;219.56319;0.0;-7.3453654e-25;99.99998;-7.345365e-21;2.9802322e-05;-0.29856527;0.0;0.19006431;0.19006431;0.0;0.0;3511.9766;4112.8765;-2158.1794;6085.7407;-207.40334;-1054.8077
2017-10-27;7.9023232;-3.5121257;0.010059357;754.7409;1.1492368;236.50713;0.0;-7.3453654e-25;99.99998;-7.345365e-21;0.0020444393;-0.30247682;8.940697e-05;0.18852949;0.18844008;0.0;0.0;3712.1921;4345.968;-2319.71;5868.5083;-210.12111;-1075.7988
2017-10-28;8.046794;-1.0853373;0.010103862;752.7381;1.3355507;209.09601;0.0;-7.3453654e-25;99.99998;-7.345365e-21;5.3717732;-0.66893363;0.31131506;0.49820542;0.18687546;0.0;0.0;2435.203;2850.3455;-1163.4111;7113.53;-464.68555;-658.16
2017-10-29;5.602844;-0.25448608;0.009986877;751.41437;1.6437632;220.50499;0.0;-7.3453654e-25;99.99998;-7.345365e-21;0.0052779913;-0.8677971;0.00025331974;0.18560886;0.18535554;0.0;0.0;3229.2878;3778.4155;-1989.75;5985.0024;-602.83;-967.7478
2017-10-30;3.5198975;1.3419698;0.010019938;749.1617;1.7535067;213.27551;0.0;-7.3453654e-25;99.99998;-7.345365e-21;9.207018;-0.8808952;0.56788325;0.7517785;0.18388778;0.0;0.0;2147.9084;2512.5833;-869.47;6883.332;-611.9289;-811.7478
2017-10-31;2.6263936;1.3643698;0.00995636;750.2293;1.6727015;211.4742;0.0;-7.3453654e-25;99.99998;-7.345365e-21;8.348227;-1.1871979;0.56029856;0.7427782;0.18248707;0.0;0.0;2195.2004;2566.909;-720.05835;7075.441;-824.70667;-848.75665
2017-11-01;2.5048625;2.0867107;0.009975433;750.1165;1.2332596;210.48067;0.0;-7.3453654e-25;99.99998;-7.345365e-21;12.09392;-1.0526078;0.933975;1.1150837;0.18112361;0.0;0.0;1287.7755;1505.3578;-247.815;7519.8945;-731.2111;-592.9711
2017-11-02;1.8598226;-0.908947;-0.66455203;751.47577;0.7629934;217.59723;0.0;-7.3453654e-25;102.744446;-7.345365e-21;1.4733016;-1.1986866;0.09678304;0.27656555;0.17976761;9.313226e-06;3.7252903e-05;2483.5012;2902.0278;-1383.7056;6255.279;-832.6878;-707.82446
2017-11-03;1.9968973;-2.5231693;-6.029303;751.14166;0.88134235;125.656006;0.029296875;3.6557515e-06;126.20701;-7.345365e-21;0.6316304;-1.1701752;0.04145503;0.21985173;0.1783967;0.0012982637;0.005170703;3021.9973;3531.0334;-1790.7161;5804.51;-812.8811;-762.20557
2017-11-04;1.2795004;-3.0546772;-7.829151;752.56177;0.9606007;100.015785;0.0238444;3.2583873e-06;146.69984;-7.345365e-21;0.27733397;-0.9668479;0.017777085;0.19478798;0.1770258;0.0007748604;0.0;3078.9094;3596.2434;-1986.0784;5462.682;-671.63666;-635.43555
2017-11-05;2.8097534;-5.7934365;-7.0967965;754.7017;0.84926134;83.65037;0.018473307;2.861023e-06;150.30467;-7.345365e-21;0.10408637;-1.0845735;0.0067055225;0.18239021;0.17566234;0.0006761402;0.0;3390.7134;3958.959;-2010.2655;5517.901;-753.4178;-560.3111
2017-11-06;4.6837564;-0.3918152;-1.8428701;756.4121;0.7926313;226.66316;0.0139973955;2.1855037e-06;150.30467;-7.345365e-21;8.984907;-0.8135997;0.79628825;0.97063184;0.17433614;0.00097230077;0.0;2271.9316;2652.0178;-993.1383;6854.3364;-565.18;-461.0178
2017-11-07;5.1575317;3.8404438;-1.596789;757.5313;0.7393959;150.4817;0.008219401;1.2715658e-06;150.30467;-7.345365e-21;7.9602776;-0.8258866;0.74096024;0.9140372;0.17306954;0.0007804483;0.0;1349.1838;1574.3234;-706.30664;7138.0557;-573.7156;-270.3911
2017-11-08;4.253103;2.0874329;-0.16486232;756.1181;0.7011755;132.2643;0.0052897134;9.536743e-07;150.30467;-7.345365e-21;12.033373;-1.0528239;1.2394488;1.411289;0.17185509;0.00043958426;0.0;1618.55;1887.89;-594.2772;7259.697;-731.3611;-290.35223
2017-11-09;3.9001667;2.5765522;-0.3588244;752.67755;0.555563;116.048256;0.4962565;9.3619026e-05;148.85448;0.56966144;7.63821;-0.816457;0.78597665;0.95662475;0.17064065;0.0006482005;0.56530905;1440.2306;1679.3744;-636.33276;7227.67;-567.16113;-373.7811
2017-11-10;2.8031719;-0.40454993;-4.363031;751.4384;0.74946517;162.82347;2.8760579;0.0004183054;149.58331;2.766927;0.23761392;-0.9743599;0.055745244;0.22520125;0.16944855;0.25555676;0.0;1949.3228;2307.5767;-1334.3833;6297.7676;-676.8422;-445.40555
2017-11-11;0.32954916;-3.804301;-7.4294586;751.25024;0.9136599;174.52063;1.7410482;0.0002566576;150.14516;1.953125;0.022601623;-0.98549294;0.016182661;0.18443167;0.16825646;0.115333125;0.00010803342;2731.4517;3212.0244;-1846.1494;5508.4346;-684.7589;-559.00446
2017-11-12;0.6722819;-4.690023;-8.923875;753.84424;0.9268051;160.5093;1.1125488;0.0001635154;150.15785;1.3020834;0.0008523463;-0.97268075;0.009864569;0.17693639;0.16707927;0.08003786;0.0;3193.6306;3741.7678;-2282.7773;5014.93;-675.7144;-466.62332
2017-11-13;2.1920369;-7.36556;-8.190782;754.58246;0.8515151;65.85146;0.6717122;9.846687e-05;150.1673;0.9765625;0.0;-1.0123458;0.0067055225;0.17262995;0.16593188;0.05558878;0.0;3198.5012;3737.5122;-2144.8845;5238.22;-703.2633;-309.82
2017-11-14;3.350769;-5.6493735;-7.840098;753.8491;0.912427;196.73781;0.38175455;5.575021e-05;150.17186;0.32552084;0.0;-1.0565873;0.004068017;0.16885996;0.16479939;0.034226105;0.0;3183.07;3712.649;-2241.5671;5201.1035;-733.9867;-307.93777
2017-11-15;1.539805;-6.896688;-8.410417;753.4344;0.92934257;56.66994;0.21712239;3.1669933e-05;150.17186;-7.345365e-21;0.0008523463;-0.95453763;0.0022053719;0.16590953;0.1636967;0.018332154;0.0;3144.4495;3663.41;-2184.365;5162.692;-663.0922;-350.4522
2017-11-16;1.1227621;-6.201406;-8.421046;754.6258;1.005763;37.698383;0.12516277;1.8278757e-05;150.17186;-7.345365e-21;0.0017225739;-0.89454836;0.0013262033;0.16392767;0.16260892;0.0102855265;0.0;3111.0432;3622.689;-2183.5166;5124.2046;-621.4189;-382.02335
2017-11-17;1.894338;-5.64208;-8.565216;754.63385;0.83175033;124.774025;0.0719401;1.0689099e-05;150.17186;-7.345365e-21;0.00085234636;-0.80789626;0.0007748604;0.16233325;0.16155094;0.0061485916;0.0;3091.7327;3599.119;-2154.3838;5150.1357;-561.2206;-340.27667
2017-11-18;3.050761;-5.2580466;-8.400193;755.5891;0.7661576;251.13805;0.041015625;6.198883e-06;150.17186;-7.345365e-21;0.0012928768;-0.7677888;0.0005066395;0.16102195;0.16051531;0.0035502017;0.0;3017.5754;3512.15;-2135.8738;5182.141;-533.3589;-292.44446
2017-11-19;1.460907;-4.3298745;-4.42284;753.8999;0.7593309;239.81995;1.5650228;0.00027461848;145.25551;1.8717448;2.492118;-0.48491544;0.063598156;0.22311509;0.15951693;0.0015031546;1.687035;1951.6733;2271.331;-1133.8461;6222.8433;-336.84668;-228.07445
2017-11-20;-0.32088217;-0.88549805;-1.1909472;750.916;0.41353273;155.13629;22.710205;0.0035131772;138.2783;23.925781;16.406015;-0.4736772;0.79633296;0.9548962;0.1585558;0.5700532;9.228345;1093.8188;1372.6522;-476.25168;6868.93;-329.54388;-283.15332
2017-11-21;-1.6467997;-2.209849;-0.32957205;745.13934;0.66358453;226.94743;99.15723;0.032379467;133.81346;234.17155;48.589634;-0.15134457;1.306951;1.4645755;0.15762448;0.7149242;37.43263;314.3878;1254.5222;-67.42778;7116.8354;-117.066666;-152.97778
2017-11-22;-4.225197;-5.350483;-1.2177442;741.8579;1.3673366;213.43608;100.0;0.06749344;148.5641;451.61948;19.645437;-0.23251027;0.089257956;0.24594367;0.15669316;0.03454089;18.16945;642.69556;2616.9456;-839.3661;6058.433;-178.47112;-186.46445
2017-11-23;-7.8751893;-10.412529;-7.824305;744.1949;0.9608186;224.43459;100.0;0.07319013;152.67348;479.53287;1.0832028;-0.12887456;0.0;0.15577674;0.15579164;0.0;1.0569841;814.34;3129.0544;-941.5983;5377.38;-96.53333;-114.66333
2017-11-24;-9.247664;-10.704563;-9.516834;746.04926;0.9691612;217.3899;100.0;0.07737458;150.99574;511.71875;5.3851185;-0.053232536;0.0;0.15491247;0.15491247;0.0;5.371388;616.1655;2433.139;-603.8367;5636.911;-39.315556;-99.526665
2017-11-25;-10.292682;-14.633984;-12.818993;751.54803;0.919879;134.37721;100.0;0.07942275;151.86424;523.0713;0.16997457;-0.048014335;0.0;0.1540631;0.15405566;0.0;0.16611814;855.8611;3363.149;-1182.0477;4648.505;-33.418888;-57.783333
2017-11-26;-9.702945;-17.885712;-16.472595;751.8413;1.1793293;63.339993;100.0;0.079441786;154.45409;514.20087;0.0;-0.042865053;0.0;0.15322864;0.15321374;0.0;0.0;812.6539;3112.1912;-1050.1317;4519.392;-29.543333;46.68889
2017-11-27;-10.228408;-16.279877;-18.26517;750.5559;1.2077771;60.914585;100.0;0.07945824;156.58429;507.20215;0.00053048134;-0.017598271;0.0;0.15239418;0.15240163;0.0;0.00010803342;927.5883;3465.8267;-1111.8317;4303.4106;-10.073334;56.564445
2017-11-28;-7.9721;-12.672727;-16.580091;751.5361;1.1485732;69.92556;100.0;0.07949078;158.65526;500.89517;0.0021487467;0.0010877848;0.0;0.15160441;0.15160441;0.0;0.0;921.2672;3360.31;-934.4089;4685.5854;4.1844444;52.968887
2017-11-29;-4.4246316;-7.2461967;-11.697272;752.51447;0.849308;174.0642;100.0;0.07956966;161.3037;493.12338;0.34914017;0.003149733;0.0;0.15082955;0.1508221;0.0;0.33519417;869.9167;3096.5322;-652.295;5458.9907;5.8166666;4.058889
2017-11-30;-3.493351;-4.9267387;-6.894666;753.5772;0.81527406;127.08362;100.0;0.08037814;164.67609;488.4847;0.40330887;-0.028662384;0.0;0.1500696;0.1500696;0.0;0.3699772;690.14557;2432.3057;-907.8661;5600.458;-19.084444;-28.311111
2017-12-01;-7.665829;-13.572754;-12.911026;754.43585;1.4980375;14.235818;100.0;0.080472074;168.25551;479.0446;0.0014454126;-0.027820468;0.0;0.14930964;0.14930964;0.0;0.0014491379;955.99554;3287.7634;-1275.3334;4573.0737;-17.512222;56.43889
2017-12-02;-6.0634894;-12.903356;-13.79474;756.18585;1.5610024;13.744362;100.0;0.08050048;170.76756;472.0459;0.0;-0.02043508;0.0;0.14857948;0.14857203;0.0;0.0;982.6117;3302.4568;-1183.6261;4645.802;-11.758889;100.477776
2017-12-03;-5.4171042;-13.111247;-13.435712;757.2559;1.5340935;12.801914;100.0;0.080524884;173.22882;465.41342;0.0008523463;-0.027667731;0.0;0.14784932;0.14784187;0.0;0.0;1004.535;3303.4822;-1223.6622;4636.524;-17.372223;106.85222
2017-12-04;-3.8753967;-13.430507;-12.802793;755.9148;1.2325;197.62901;100.0;0.08054217;175.70018;459.02505;0.0004351138;-0.04254654;0.0;0.14711916;0.14712662;0.0;0.0;1009.9533;3249.2388;-1104.081;4838.201;-28.904444;89.001114
2017-12-05;-1.561025;-9.839671;-10.812957;751.2662;0.93536395;255.51996;100.0;0.08055127;178.44887;452.02637;0.003504753;-0.033557415;0.0;0.14641881;0.14642626;0.0;0.0030845404;983.67053;3098.8533;-1055.3861;5071.049;-22.45111;68.91111
2017-12-06;-4.7765403;-7.234484;-7.2869263;742.42694;0.9854531;188.93138;100.0;0.08749628;173.78773;502.68555;20.552837;-0.008057803;0.0;0.14573336;0.14574826;0.0;20.337238;244.53111;772.17224;-67.11833;6482.001;-5.94;3.2444444
2017-12-07;-8.340157;-10.276938;-7.5750833;741.6597;0.7533012;225.6996;100.0;0.11001464;152.93292;718.09894;8.499861;-0.061581843;0.0;0.1450777;0.1450777;0.0;8.492701;426.48834;1825.8367;-881.6161;5423.6953;-46.266666;-64.71111
2017-12-08;-11.225235;-17.353453;-14.836978;749.59125;1.0951909;116.69806;100.0;0.11171874;156.5348;714.0706;0.0070810313;-0.043768436;0.0;0.14442205;0.14440715;0.0;0.006236136;740.25665;3093.6921;-1088.0533;4545.548;-30.942223;-20.28111
2017-12-09;-9.895642;-15.111081;-17.680542;752.1313;1.1859654;42.27946;100.0;0.11173955;159.64711;699.9919;0.0;0.0038007274;0.0;0.1437515;0.14375895;0.0;0.0;788.9861;3208.37;-1103.664;4326.5415;5.621111;64.35111
2017-12-10;-9.078701;-15.785314;-19.247442;752.1511;1.1254684;131.63023;100.0;0.11177369;162.19725;689.2497;0.0008523463;0.0043846667;0.0;0.14312565;0.1431182;0.0;0.0;810.7367;3210.9434;-1070.3267;4250.6255;5.9266667;93.01556
2017-12-11;-8.326527;-16.393147;-19.467226;753.2571;1.3316618;48.709473;100.0;0.11180564;164.50128;679.7282;0.0008523463;0.0031627715;0.0;0.1424849;0.1424849;0.0;0.0;834.92554;3223.1223;-1009.7183;4328.992;5.0044446;124.03333
2017-12-12;-7.745153;-15.036168;-17.635933;755.1617;1.6207676;7.797445;100.0;0.111840606;166.92706;670.2474;0.0012949859;0.0061746687;0.0;0.14185905;0.14185905;0.0;0.0;849.79553;3199.8623;-1006.20886;4521.312;7.7211113;135.28555
2017-12-13;-7.0212207;-16.043596;-16.53446;752.85126;1.6002539;9.514199;100.0;0.1118741;169.57127;659.99347;0.00043511385;-0.013483688;0.0;0.1412332;0.14124066;0.0;0.0;864.66223;3177.1843;-926.9267;4701.2656;-7.306667;125.888885
2017-12-14;-4.5756936;-12.747502;-13.741299;750.26117;1.164802;70.44883;100.0;0.111896195;172.61424;648.5596;0.001733708;-0.015813857;0.0;0.14063716;0.14063716;0.0;0.0;850.71387;3053.1733;-919.75446;4965.582;-9.03;76.58889
2017-12-15;-4.895415;-11.175053;-13.323028;750.8145;1.1955005;83.42249;100.0;0.11192691;175.91469;636.4746;0.0;-0.0022668391;0.0;0.14002621;0.14002621;0.0;0.0;876.8239;3073.9077;-1044.8844;4833.452;1.4544444;70.45111
2017-12-16;-5.5538354;-12.444428;-13.91686;753.3076;1.1767648;74.22266;100.0;0.11195823;179.05663;625.77313;0.00087887957;-0.00750646;0.0;0.13941526;0.13944507;0.0;0.0;918.5172;3148.3489;-1137.68;4661.008;-2.7066667;73.61889
2017-12-17;-4.93928;-13.57665;-14.365032;753.8161;1.0229725;90.44266;100.0;0.11198413;181.92967;616.4551;0.0017186312;-0.017933547;0.0;0.13883412;0.13884902;0.0;0.0;922.42725;3092.0022;-1074.6611;4691.1187;-10.81;73.74778
2017-12-18;-3.9376526;-11.869023;-13.07372;754.2749;0.9147579;192.84465;100.0;0.112000786;184.80272;606.8115;0.0004261732;-0.021299347;0.0;0.13826787;0.13826787;0.0;0.0;914.9372;3000.64;-993.8122;4938.4487;-13.211111;60.22222
2017-12-19;-2.9024048;-6.810913;-11.125282;755.926;0.6523602;292.37842;100.0;0.11215091;187.79686;597.7376;0.27875006;0.012777746;0.0;0.13770163;0.13769418;0.0;0.26715547;731.6361;2351.2988;-575.7767;5602.545;11.911111;38.232224
2017-12-20;-1.032664;-1.6630656;-4.046061;758.34204;0.62658244;255.05743;100.0;0.11562876;190.8662;606.2012;6.7480206;0.015573576;0.03530085;0.17245114;0.13714284;0.0023543835;2.2621453;427.05;1426.5211;16.224445;6953.702;13.594444;-16.215555
2017-12-21;-0.39290366;-2.1654358;-0.34680685;758.4334;0.53330433;237.9217;100.0;0.11912271;201.02113;593.4245;3.2246113;-0.109108165;0.41656196;0.5531311;0.13658404;2.3148916;0.82567704;645.5978;1944.1478;-648.4217;6437.1655;-82.06333;-71.14111
2017-12-22;-0.24424236;-1.559021;-1.0193787;755.43524;0.7633657;230.43999;100.0;0.11905948;210.00551;567.58624;2.3410783;-0.052046962;0.0047832727;0.14081597;0.1360327;0.0333786;1.1524036;841.3428;2286.4656;-836.94446;6153.253;-37.394444;-30.272223
2017-12-23;-0.2082723;-0.79973346;-0.20057678;751.14105;1.2181927;206.97966;100.0;0.12508567;214.7871;582.1533;9.819545;-0.052958727;0.52154064;0.657022;0.13548881;1.9485373;5.122438;462.1422;1395.5555;-378.68945;6786.9194;-39.668888;-36.407776
2017-12-24;-1.2381693;-1.5185547;-0.052955627;745.9026;1.3864237;202.35997;100.0;0.14164229;209.4723;674.39777;31.867207;-0.1440486;0.27757883;0.41252375;0.13495982;0.11757761;28.804306;147.56166;502.89334;-53.737778;7145.51;-112.71445;-113.14778
2017-12-25;-2.1736145;-3.0671947;-0.33114752;748.1901;0.7519304;189.64778;100.0;0.1601005;204.11522;784.79004;2.7832644;-0.13051182;0.03565848;0.17008185;0.13443828;0.17203018;2.1744967;569.7133;2125.5723;-790.8467;6226.958;-99.12889;-120.63778
2017-12-26;-4.748923;-10.774568;-3.8985622;754.4929;1.2767297;15.560745;100.0;0.16032553;212.24281;755.7373;0.0039368863;-0.24103746;0.0;0.13390183;0.13390929;0.0;0.003516674;940.7083;3010.1777;-1518.5461;4937.867;-183.80667;-167.79333
2017-12-27;-4.954117;-13.788518;-10.293611;756.094;1.3712014;7.132914;100.0;0.16028714;216.86131;739.09503;0.0017367484;-0.042789616;0.0;0.1333952;0.13338774;0.0;0.0;1022.8122;3202.6833;-1578.1417;4391.6665;-29.207777;79.30222
2017-12-28;-2.58484;-16.123158;-11.843307;755.60254;0.78922135;266.58176;100.0;0.16028853;219.9619;728.597;0.0;-0.04455261;0.0;0.13288856;0.13288856;0.0;0.0;884.39386;2713.5745;-837.36664;5218.2817;-31.870556;68.157776
2017-12-29;-1.0151774;-9.834824;-8.8464775;755.89484;0.73263544;229.71118;100.0;0.16039467;223.13768;718.99414;0.67450404;-0.039633363;0.0;0.13238937;0.13238937;0.0;0.45928732;866.6811;2606.9634;-699.955;5722.8267;-27.573334;31.215555
2017-12-30;-0.8595886;-3.4553425;-4.895481;754.2182;0.85454565;173.69836;100.0;0.16213755;227.05434;714.0706;2.8520854;-0.0012349337;0.008299947;0.14020503;0.13190508;0.0;0.037543476;814.3761;2435.3867;-518.0389;6269.8687;2.0844445;1.59
2017-12-31;-0.82334393;-2.3364563;-1.4524943;751.5821;0.5790255;210.97437;100.0;0.16410895;234.11195;701.3753;3.209844;-0.081475824;0.01746416;0.1488775;0.13142079;0.14103018;1.6313605;961.08887;2777.5845;-846.2789;6171.4004;-59.38111;-76.68667
2018-01-01;-3.3911235;-3.8917236;-1.0302023;743.3508;0.7551213;157.63733;100.0;0.18338136;221.27245;827.84015;34.351105;-0.12910646;0.030621886;0.16157329;0.1309514;0.01632981;33.073578;163.41833;583.0911;-323.99167;6669.2046;-100.861115;-119.23444
2018-01-02;-5.592509;-6.7102113;-2.9086673;742.524;0.9311443;218.00055;100.0;0.20368938;206.84438;984.94464;3.221068;-0.21350384;0.0;0.13048947;0.13048947;0.0;3.206186;526.885;2108.54;-558.2761;6209.9556;-164.74222;-209.98445
2018-01-03;-5.7116523;-8.895875;-5.9640594;747.5954;0.8834351;72.79425;100.0;0.20454037;213.85545;957.03125;0.0128388405;-0.08806214;0.0;0.13002753;0.13002753;0.0;0.012371689;724.12445;2826.209;-1229.905;5136.8657;-64.94444;-86.57445
2018-01-04;-6.6629233;-11.735627;-10.067703;746.0281;0.85454947;104.91162;100.0;0.20455118;219.08852;933.7158;0.080907345;-0.037154183;0.0;0.1295656;0.1295656;0.0;0.0773482;761.4539;2897.9268;-875.1228;5213.5254;-25.44111;-13.293333
2018-01-05;-6.4807563;-9.444636;-9.277981;744.15533;0.6587804;133.35432;100.0;0.20474215;223.22296;917.43976;0.2496052;-0.033909455;0.0;0.12911856;0.12911856;0.0;0.22484362;788.3761;2930.469;-878.01556;5378.7095;-22.812222;-57.26889
2018-01-06;-8.748473;-13.202769;-11.4456;746.6849;1.1826621;15.513028;100.0;0.204904;227.01332;902.4251;0.0019033881;-0.026175752;0.0;0.12867153;0.12867153;0.0;0.0009946525;883.58887;3220.0488;-1294.9055;4601.6357;-16.587778;-10.371111
2018-01-07;-9.430121;-13.886903;-13.757408;753.98663;1.5646733;13.539355;100.0;0.2049313;230.152;890.2995;0.0019907947;-0.003632158;0.0;0.1282394;0.12823194;0.0;0.0002644956;920.2072;3274.7222;-1327.5864;4387.1533;0.5966667;45.586666
2018-01-08;-8.139571;-15.548695;-15.400329;755.2503;1.5285357;9.280295;100.0;0.20496821;232.72816;881.0628;0.0017116099;-0.013869256;0.0;0.12779236;0.12780726;0.0;0.0;974.2622;3386.6567;-1347.9261;4249.594;-7.2566667;98.21667
2018-01-09;-7.710125;-16.677475;-16.115267;752.7618;1.15736;92.12446;100.0;0.20498769;234.99738;872.5993;0.0004351138;-0.02410449;0.0;0.12737513;0.12737513;0.0;0.0;997.9928;3391.8677;-1285.6744;4289.0737;-15.302222;83.748886
2018-01-10;-7.9583664;-16.802729;-17.345797;752.20636;1.0469631;129.72318;100.0;0.20500882;237.0537;865.03094;0.00084638596;-0.015054829;0.0;0.1269579;0.1269579;0.0;0.0;1052.9689;3501.2522;-1429.6888;3981.6633;-8.615556;82.89889
2018-01-11;-4.7530923;-14.08667;-15.779933;752.53827;0.67100066;285.1199;100.0;0.20502539;239.02113;857.9915;0.0056356187;-0.016080216;0.0;0.12654066;0.12654066;0.0;0.0022761524;851.67725;2771.51;-620.31665;5203.0176;-10.031111;60.782223
2018-01-12;-6.1884665;-12.0447855;-14.472941;750.80054;0.62009656;258.6278;100.0;0.20505019;241.27504;850.0163;0.011312962;-0.010963529;0.0;0.12615323;0.12612343;0.0;0.0100284815;1025.7633;3267.0479;-1168.7347;4583.3545;-5.6755557;19.02
2018-01-13;-6.820269;-9.876899;-13.726167;750.63324;0.87521666;92.13369;100.0;0.20511039;243.53578;842.4072;0.016006827;0.00949204;0.0;0.1257211;0.12572855;0.0;0.0154823065;1059.1616;3308.6812;-1175.9584;4675.878;10.457778;11.493333
2018-01-14;-6.2728486;-10.053004;-12.984202;745.6853;0.5649899;76.25051;100.0;0.20723934;242.22166;854.61426;7.3330107;-0.005673617;0.0;0.12531877;0.12532622;0.0;7.229462;769.8428;2357.79;-395.15445;5687.2456;-2.318889;9.631111
2018-01-15;-6.3646216;-8.111904;-9.126029;747.8757;0.5934815;185.74834;100.0;0.21438237;232.52147;921.5495;3.2142282;-0.028567389;0.0;0.124931335;0.124931335;0.0;3.139168;664.92;2440.7278;-512.475;5886.085;-19.631111;-65.51444
2018-01-16;-7.6472244;-9.100743;-8.910473;748.3819;0.72106194;175.13599;100.0;0.21654193;233.15135;928.6296;1.2935579;-0.03508851;0.0;0.124529004;0.124536455;0.0;1.284644;627.07056;2329.9634;-525.8111;5795.8433;-25.116667;-57.72111
2018-01-17;-9.1680765;-11.860801;-9.272107;744.7431;0.70509285;159.91219;100.0;0.2173351;235.81248;921.875;0.81184506;-0.087159686;0.0;0.124141574;0.124141574;0.0;0.80767274;884.97;3252.8855;-884.38275;5317.0557;-64.30222;-142.60222
2018-01-18;-7.0497437;-7.9003234;-8.234174;743.2852;1.0409662;206.33777;100.0;0.22528577;225.83722;995.0765;17.934195;-0.006319955;0.0;0.12375414;0.12375414;0.0;17.926954;268.87;1036.7778;74.46111;6610.5713;-4.3933334;-55.084446
2018-01-19;-5.745951;-6.772143;-6.197872;739.8008;0.8899317;132.35127;100.0;0.25718102;202.05597;1270.2637;32.878357;-0.0020749867;0.0;0.123381615;0.123381615;0.0;32.78335;156.05444;665.1389;-177.515;6458.8643;-1.2144444;-24.491112
2018-01-20;-6.7928977;-10.129567;-8.623075;747.47076;0.8526056;120.23452;100.0;0.27075624;201.69269;1344.0348;0.0975281;-0.036502257;0.0;0.123009086;0.123009086;0.0;0.0949502;691.5461;2980.1267;-1205.5588;4919.5645;-24.596111;-45.59889
2018-01-21;-6.49691;-11.502781;-11.723868;751.38306;0.98592687;123.97659;100.0;0.27081552;208.50389;1300.0082;0.00064074993;-0.019242987;0.0;0.12263656;0.122629106;0.0;0.00063329935;851.4633;3559.5444;-1056.2084;4881.114;-10.78;-2.2233334
2018-01-22;-4.631906;-14.777432;-12.907187;747.64044;0.54192144;281.71545;100.0;0.27082828;213.94008;1266.9271;0.0004351138;-0.048035756;0.0;0.12224913;0.12225658;0.0;0.0;851.4372;3464.361;-1197.9312;4608.481;-33.34889;14.545555
2018-01-23;-6.196224;-8.717622;-13.6529875;744.6399;0.6056014;222.86317;100.0;0.27197292;217.19691;1252.0345;5.6930676;0.010328367;0.0;0.1218766;0.12188405;0.0;5.640395;843.0561;3341.469;-449.42;5534.8154;10.805555;-30.633333
2018-01-24;-5.0422463;-5.672193;-8.712899;746.7063;0.5609718;154.27278;100.0;0.28107607;213.9785;1313.5172;7.3275447;0.015234575;0.0;0.12151897;0.12151897;0.0;7.103231;372.24335;1542.6777;99.7;6686.778;13.134444;-37.145557
2018-01-25;-4.1429543;-5.408011;-5.8492064;746.9244;0.77539563;102.286354;100.0;0.28782246;216.56606;1329.5084;5.5297523;-0.037183985;0.0;0.12116134;0.12116879;0.0;5.2294807;467.97168;1953.0233;-324.85443;6359.7383;-26.768888;-61.18667
2018-01-26;-4.498342;-6.121765;-5.4294457;744.597;0.8137081;60.79363;100.0;0.29569626;219.7949;1344.93;9.296745;-0.036865473;0.0;0.12078881;0.120803714;0.0;9.032388;487.54388;2054.179;-459.34113;6202.874;-26.356667;-61.582222
2018-01-27;-6.8133445;-9.740642;-6.5405746;746.26337;1.2671789;28.186989;100.0;0.3043541;221.59503;1373.5352;6.145954;-0.09730272;0.0;0.120446086;0.12045354;0.0;6.120846;487.0778;2071.328;-671.9961;5762.648;-73.60667;-55.8
2018-01-28;-10.378437;-14.574757;-9.561786;749.012;1.8641583;23.39562;100.0;0.3065951;227.11456;1351.0742;0.13980865;-0.13611652;0.0;0.12008846;0.12010336;0.0;0.13637543;902.1067;3770.1223;-1508.8578;4458.5435;-101.914444;-52.087776
2018-01-29;-11.224729;-20.532034;-14.391029;746.99243;1.0050437;52.30112;100.0;0.30658326;231.95668;1322.347;0.0040978193;-0.07072464;0.0;0.11974573;0.11974573;0.0;0.0040978193;977.2856;3968.7244;-1379.9717;4185.7627;-50.49;-41.077778
2018-01-30;-11.358939;-18.75239;-15.881904;747.1757;0.97253245;196.89075;100.0;0.3066174;235.42088;1303.0599;0.035909727;-0.043923035;0.0;0.1193881;0.119395554;0.0;0.033788383;1015.1506;4016.719;-1305.0544;4233.562;-30.188889;-39.905556
2018-01-31;-9.792862;-14.377083;-16.90402;749.2063;0.82108325;211.82362;100.0;0.30665112;238.4453;1286.4176;0.05172491;-0.012404285;0.0;0.11904538;0.11904538;0.0;0.046569854;1010.86945;3901.0078;-1033.0936;4513.053;-6.2533336;-15.785556
2018-02-01;-10.293743;-13.553444;-15.928054;751.0168;1.0827665;139.8714;100.0;0.30675817;241.29425;1272.0541;0.034069758;0.0024205074;0.0;0.11870265;0.11870265;0.0;0.03234297;1058.414;3989.4207;-1194.1019;4431.564;5.2844443;-26.3
2018-02-02;-8.299416;-18.92328;-17.007349;753.3504;1.1891224;68.94624;100.0;0.30679035;244.13734;1257.5277;0.0013036688;-0.047769397;0.0;0.11834502;0.11835992;0.0;0.0;1180.6211;4339.338;-1460.9944;4001.9343;-32.36778;72.64222
2018-02-03;-5.910736;-18.007597;-16.458275;752.39825;1.0850173;51.96869;100.0;0.30679712;246.7871;1244.0592;0.0;-0.053776428;0.0;0.1180172;0.1180321;0.0;0.0;1101.8994;3953.5706;-984.0772;4701.14;-37.121113;64.956665
2018-02-04;-3.24603;-12.746188;-13.95932;752.62604;1.0569524;95.54819;100.0;0.30680653;249.69887;1229.6143;0.0010728836;-0.040063635;0.0;0.11768937;0.11768192;0.0;0.0010691583;1027.1816;3600.3638;-568.5928;5477.191;-26.53;49.73111
2018-02-05;-1.338267;-7.0974517;-10.54893;751.77686;0.6270129;232.06035;100.0;0.3068315;253.36456;1211.792;0.0012784404;-0.030749477;0.0;0.117346644;0.117346644;0.0;0.0;1228.255;4211.2637;-1173.3119;5067.168;-18.444445;-6.4366665
2018-02-06;-3.3798523;-9.1538725;-10.89799;753.12085;0.8402067;107.01111;100.0;0.30686322;257.19824;1193.7256;0.0004351138;-0.03996212;0.0;0.11700392;0.11701137;0.0;0.0;1298.336;4353.2817;-1411.9436;4658.648;-25.505556;-5.0444446
2018-02-07;-4.6907845;-11.593282;-11.385226;753.7903;1.2260363;22.834549;100.0;0.30688396;260.69986;1177.5309;0.0;-0.04964322;0.0;0.11667609;0.11667609;0.0;0.0;1365.9789;4482.299;-1534.8011;4480.676;-32.705555;20.517778
2018-02-08;-5.0398383;-11.802906;-11.90729;752.0786;1.36125;18.878176;100.0;0.30691138;263.89682;1163.859;0.0012874597;-0.04520919;0.0;0.116340816;0.116340816;0.0;0.0;1405.5405;4514.967;-1514.7003;4467.975;-29.245556;24.487778
2018-02-09;-3.3050232;-13.065154;-11.150719;747.4199;0.92779046;180.48454;100.0;0.3069284;266.98276;1150.5533;0.0295043;-0.09332504;0.0;0.11602044;0.11601299;0.0;0.0027641654;1375.9078;4328.3223;-1275.5547;4870.9307;-66.47056;-1.2344445
2018-02-10;-3.4446614;-11.2997675;-10.64416;746.9863;0.9184124;66.410706;100.0;0.30693582;270.08105;1137.1664;0.0;-0.073765405;0.0;0.115677714;0.115685165;0.0;0.0;1470.1083;4531.529;-1183.2617;5040.741;-51.253334;-23.585556
2018-02-11;-1.8566589;-8.186309;-8.293309;747.8865;0.80349606;199.7616;100.0;0.307287;273.01596;1125.8545;1.8481404;-0.07917546;0.0;0.11534989;0.11534989;0.0;1.7617345;1357.6895;4102.989;-782.2733;5775.567;-55.602222;-32.502224
2018-02-12;-2.3557231;-2.793925;-4.698715;745.08417;1.0932683;211.90985;100.0;0.31723356;266.66537;1188.5986;13.016521;0.0035669655;0.0;0.115036964;0.115036964;0.0;11.899524;426.44388;1578.6006;41.566387;6986.325;4.188889;-54.993332
2018-02-13;-2.5979614;-3.1943054;-2.526942;742.86053;0.7551332;220.31612;100.0;0.32601985;265.3727;1228.7598;7.5177164;-0.08870661;0.0;0.11473894;0.11473149;0.0;7.063422;518.05554;2016.515;-301.52167;6721.4966;-66.91111;-118.13111
2018-02-14;-3.766225;-5.0397034;-2.9555256;749.4974;0.9175947;211.07294;100.0;0.32999754;268.11685;1232.2592;0.64244896;-0.18911716;0.0;0.11442602;0.114418566;0.0;0.6027296;998.47614;3898.4116;-871.7305;5973.0713;-142.24445;-189.55888
2018-02-15;-2.7071228;-8.958127;-4.1552544;753.4382;0.86092305;77.669395;100.0;0.33027807;273.95963;1206.9906;0.015895346;-0.18232316;0.0;0.11408329;0.11409074;0.0;0.013753772;1204.6862;4529.999;-1340.1616;5260.8623;-134.04333;-121.251114
2018-02-16;-1.6699625;-8.452626;-4.816343;753.1977;0.8251033;42.94658;100.0;0.33035982;278.9977;1185.4655;1.3611529;-0.119339675;0.0;0.11378527;0.11377782;0.0;1.2458712;722.64166;2619.1921;-396.33722;6398.578;-88.48111;-38.504444
2018-02-17;-1.0656128;-2.4662983;-2.1353657;747.7476;0.7984926;50.526127;100.0;0.33772108;279.7754;1206.4615;20.209929;-0.0742618;0.05096197;0.16442686;0.11346489;0.13956055;14.801633;727.9978;2714.21;-286.54834;6810.799;-53.738335;-98.95
2018-02-18;-2.9210918;-4.32665;-0.8661728;740.4788;0.7931363;170.60944;100.0;0.36903974;261.69077;1409.3424;20.757887;-0.22938383;0.032633543;0.14580041;0.11316687;0.055773184;19.687418;471.32443;1925.8955;-481.34055;6550.0176;-177.06944;-146.09889
2018-02-19;-3.106547;-4.606199;-1.5235596;744.9715;0.76710576;162.00696;100.0;0.37415907;266.41928;1406.2906;1.6704112;-0.25015885;0.0;0.112861395;0.112861395;0.0;1.6326755;914.01776;3186.9712;-763.4078;6181.405;-191.08444;-186.89333
2018-02-20;-2.2617226;-4.1587358;-1.6860161;748.10333;0.7337399;89.769226;100.0;0.37490582;274.64908;1367.1469;0.01604855;-0.19909441;0.0;0.11256337;0.11255592;0.0;0.013850629;1415.8806;4447.0557;-1328.9634;5537.9277;-148.09;-175.03667
2018-02-21;-3.1475422;-5.654165;-2.1406376;746.57916;0.7111652;105.72275;100.0;0.3751533;281.95084;1332.2347;2.4867296;-0.36145002;0.0;0.11225045;0.112243;0.0;2.3241787;1491.5233;4309.7104;-946.9039;5989.0693;-275.7689;-224.25389
2018-02-22;-2.6522114;-4.0466614;-1.6082815;744.737;0.6404028;107.05774;100.0;0.38006726;284.05112;1339.2334;5.4077206;-0.19696635;0.0016987324;0.113636255;0.11193752;0.0;4.9583054;916.3789;2787.2517;-707.37164;6289.2153;-150.37277;-148.08888
2018-02-23;-2.9739177;-5.674469;-1.8570862;744.0214;0.78720737;88.966095;100.0;0.38253847;289.32388;1324.2594;0.6305158;-0.34033692;0.0073611736;0.119030476;0.1116395;0.059768558;0.31402335;1487.6061;4525.0493;-1263.17;5599.161;-258.66223;-207.62334
2018-02-24;-3.9421284;-5.164032;-2.2102597;742.2359;0.7072766;83.92199;100.0;0.38416123;294.23404;1307.4545;2.916798;-0.27358717;0.0;0.11134148;0.111334026;0.0;2.6585832;1316.3217;3842.8289;-946.9839;5937.049;-208.85556;-263.595
2018-02-25;-3.6042492;-5.324041;-2.1539829;742.8865;1.1467075;221.53517;100.0;0.38696048;297.1732;1303.2227;8.660764;-0.4024133;4.4703484e-05;0.11108816;0.111036;0.0;8.256264;1443.4261;4273.165;-794.8567;6191.827;-308.91333;-306.44888
2018-02-26;-3.2664185;-4.0776367;-1.8764648;743.04865;0.7900041;181.58282;100.0;0.40636113;280.82193;1446.5739;14.15894;-0.2258597;0.0011324883;0.11187792;0.11073798;0.0;13.78005;843.7756;3442.4534;-469.11057;6550.5635;-172.08444;-269.02167
2018-02-27;-3.9279785;-5.025889;-2.1482341;745.2408;0.87444717;139.82617;100.0;0.41088846;283.3893;1451.8636;1.2243279;-0.26963466;0.0;0.11044741;0.11044741;0.0;1.1675768;926.06055;3474.5872;-684.3417;6245.61;-206.2;-259.78723
2018-02-28;-3.5072224;-5.682101;-2.988856;747.6446;0.88631994;99.026146;100.0;0.41115594;289.70767;1421.5494;0.0031918287;-0.2233805;0.0;0.110164285;0.110156834;0.0;0.001899898;1412.0995;4982.974;-1417.3545;5325.9165;-166.21777;-214.67416
2018-03-01;-3.7096062;-5.1066537;-3.9952953;746.88525;1.3022;246.80162;100.0;0.41167048;294.91177;1397.9086;2.6655526;-0.22752583;0.0;0.10985881;0.10985881;0.0;2.3009777;1184.7855;4039.82;-621.3422;6206.3525;-172.06389;-192.5536
2018-03-02;-2.1400452;-3.246811;-2.2344322;748.7739;1.429962;216.2552;100.0;0.41609514;296.77344;1404.2562;3.0964077;-0.2366826;0.020228326;0.12980402;0.10956824;0.14809519;2.5003479;1143.725;4116.2827;-664.1839;6374.048;-178.85388;-212.72223
2018-03-03;-1.6878052;-3.1636364;-1.6127434;749.4146;1.0233454;242.07611;100.0;0.4169003;302.667;1380.2084;0.768888;-0.2765525;0.030606985;0.1398772;0.109277666;0.24727918;0.3373474;1263.9344;4226.3145;-606.88776;6489.8364;-209.27667;-202.26111
2018-03-04;-0.0566508;-0.9576823;-0.54075116;747.6535;1.2943647;220.49474;100.0;0.41812932;311.0;1347.2494;4.5965314;-0.16650185;0.29177964;0.40076673;0.10898709;1.2017787;0.29446185;1315.9656;3857.4216;-387.01056;6890.001;-123.62778;-164.61694
2018-03-05;0.08128866;-0.22013347;0.001508077;747.37714;1.1456527;212.70851;100.0;0.4190676;315.47754;1330.1188;9.35852;-0.10866672;1.5196726;1.628384;0.10871142;6.279925;3.6152043;888.26306;2615.2095;-117.467224;7210.4297;-80.998886;-168.8661
2018-03-06;0.1217041;-0.38481393;0.0017751058;748.3743;0.61003095;214.03416;100.0;0.4147571;318.36557;1304.0771;16.178072;-0.07546879;2.4364293;2.54485;0.1084432;6.306399;6.020587;804.37305;2166.4932;-164.20723;7163.101;-55.488888;-112.47667
2018-03-07;1.0829366;-1.817037;-0.07657369;749.2797;0.9206281;251.48915;100.0;0.41357815;318.57193;1300.1709;0.3876239;-0.25157258;1.014024;1.1222064;0.10818243;6.100243;0.07880293;1561.4047;4600.142;-754.3981;6491.4077;-185.28555;-141.62445
2018-03-08;1.8425192;0.5365906;-0.01697286;747.4558;1.1559408;223.24304;100.0;0.40538672;324.2754;1252.2787;3.8305283;-0.17561391;2.4355352;2.543509;0.10795146;10.067519;0.040739775;1598.6294;4225.9937;-367.81888;7042.636;-126.94111;-116.98222
2018-03-09;-1.4664612;-1.9874878;-0.044265747;741.0467;1.2456609;203.46564;100.0;0.4088428;317.67188;1286.2955;25.337849;-0.2850145;2.2781491;2.4001746;0.12201816;3.8238428;17.14959;884.65485;2766.7615;-297.75723;6931.8657;-218.58667;-280.6711
2018-03-10;-1.1049703;-3.9435425;-0.23430379;745.9345;0.8462622;123.772736;100.0;0.41423222;315.7041;1313.7207;0.159204;-0.4045628;0.24232268;0.35008788;0.1077503;1.1952854;0.041861087;1556.4697;5141.798;-1237.5017;5797.3066;-304.5611;-218.86
2018-03-11;-1.3836365;-4.8547363;-0.5269597;746.8859;0.87178034;152.24634;100.0;0.4134899;323.65298;1279.0527;0.24316396;-0.381466;0.017419457;0.12521446;0.1077801;0.07838383;0.03898889;1800.1722;5147.983;-1404.1995;5543.5645;-285.57224;-186.17444
2018-03-12;-0.88689166;-4.2910867;-0.41223145;748.77466;0.8096358;217.35242;100.0;0.4133211;331.86588;1247.0297;0.17465651;-0.45899674;0.046253204;0.15410781;0.107847154;0.23992732;0.07337332;1742.1831;4522.9062;-1223.5839;5809.63;-349.00223;-194.19667
2018-03-13;-0.91652423;-3.930898;-0.42529806;749.8691;0.9175293;184.79784;100.0;0.41294834;340.68228;1213.4603;0.25579646;-0.41190535;0.062331557;0.17027557;0.10795146;0.31523407;0.0045895576;2051.8772;4959.9243;-1357.8694;5625.6187;-311.53445;-172.17223
2018-03-14;-0.67058307;-2.359019;-0.22358195;749.50415;0.90750307;261.36264;100.0;0.4106592;348.72983;1178.9957;1.7080605;-0.41088277;0.9776503;1.0857284;0.10807067;4.161142;0.29802695;1896.6975;4342.0996;-808.6289;6374.6416;-312.05444;-210.83888
2018-03-15;-0.4882609;-2.2791646;-0.14405315;747.92865;0.98998576;253.11761;100.0;0.40425563;354.19727;1142.5781;1.2472469;-0.42403674;1.7934889;1.9252598;0.13178587;8.431528;0.02855435;2116.7258;4711.519;-1088.3867;6089.202;-321.3989;-211.53334
2018-03-16;-2.323344;-3.8696797;-0.22585551;744.4878;0.78503734;249.0437;100.0;0.40140685;356.30893;1127.0752;7.920951;-0.48942864;1.0045171;1.1130869;0.10854006;3.8228874;5.617425;2070.4978;4658.7183;-1058.1616;6067.8403;-374.3878;-366.7022
2018-03-17;-1.6009521;-6.1342874;-0.32617188;745.84985;0.8053231;194.7215;100.0;0.40224326;357.65366;1126.058;0.6248355;-0.4979316;0.48102438;0.589937;0.10892749;2.1041222;0.120557845;2327.2952;6024.757;-1853.52;5083.6523;-375.1422;-217.62111
2018-03-18;1.1914164;-6.670736;-0.4363607;750.46967;1.0002495;95.7761;100.0;0.399606;366.12402;1092.8955;0.0008523463;-0.3302358;0.6375313;0.7469654;0.10941923;3.160145;0.0;2679.5505;6452.3677;-1902.4817;5066.758;-239.55556;-122.596664
2018-03-19;3.239146;-2.996236;-0.29256693;751.87494;0.8380046;276.7718;100.0;0.3935472;374.3125;1053.1006;0.0017374286;-0.28241518;1.71341;1.8234253;0.11001527;8.1629925;0.0;2737.941;6250.1587;-1712.2306;5413.0254;-202.84445;-110.83111
2018-03-20;2.8901265;-0.93238324;-0.3134257;752.98236;0.91703004;167.89229;100.0;0.38520375;382.06216;1009.9284;0.0;-0.24878606;1.9644797;2.1027625;0.13829023;8.5235615;0.0;2879.0315;6315.335;-1733.2822;5386.175;-177.19221;-120.44833
2018-03-21;2.0809937;-2.162445;-0.2911555;751.83453;1.1043106;186.83382;100.0;0.37626848;389.63803;967.7327;0.08768141;-0.49557164;2.172798;2.28481;0.11198968;8.797085;0.0;3002.679;6389.0293;-1825.2583;5282.197;-371.62112;-135.95222
2018-03-22;1.7997843;-3.8692017;-0.33883157;752.3649;1.0801095;214.77596;100.0;0.3677367;397.7767;926.4323;0.03397424;-0.40443426;1.916483;2.0505934;0.13409555;8.106608;0.0;3210.469;6674.489;-1958.2811;5145.1963;-297.87668;-126.335556
2018-03-23;3.7560017;-2.6534424;-0.27040353;752.2165;0.90021133;231.25684;100.0;0.35649756;405.37173;881.83594;0.026464462;-0.32505578;3.917545;4.0332375;0.115685165;13.203912;0.0;3168.0833;6468.924;-1646.789;5533.427;-234.73666;-113.08
2018-03-24;3.5103862;-1.3269552;-0.1853625;749.07324;1.2156576;216.68153;100.0;0.34592387;412.6107;840.53546;13.598862;-0.20776597;6.1607213;6.428182;0.2674535;8.76141;0.05877018;2042.9333;4111.5024;-582.3678;6734.8013;-150.73;-40.704445
2018-03-25;1.4355875;-1.824473;-0.1064504;751.3864;1.4042424;217.72717;100.0;0.33240986;415.37793;801.96124;0.91820765;-0.5515106;4.775688;5.412936;0.63724816;15.022263;0.0;2567.412;5123.138;-1181.8992;6060.206;-418.45557;-159.82445
2018-03-26;1.5593058;-3.8126323;-0.3911794;755.1873;0.9685767;198.765;100.0;0.32119334;421.98306;763.42773;0.0008523463;-0.57606304;3.0713305;3.2065213;0.13519824;9.408504;0.0;3439.176;6805.1543;-2033.1061;5041.1636;-432.66666;-158.12555
2018-03-27;2.860738;-2.687215;-0.37723795;754.0495;1.0391635;197.54167;100.0;0.310232;431.30078;721.5576;0.0017216734;-0.49760938;3.7273467;4.1320324;0.40468574;11.629805;0.0;3461.5745;6802.1606;-1871.2522;5278.1606;-370.01666;-115.04444
2018-03-28;3.680013;-1.1104227;-0.22673798;753.32416;0.81816655;229.78215;100.0;0.29734567;439.58627;678.304;3.7623942;-0.27479696;5.880646;6.0746374;0.19399822;13.415117;0.0;2961.0305;5786.2505;-1085.1583;6222.8823;-196.9289;-101.64
2018-03-29;3.708791;1.6328837;-0.0026117961;748.6186;0.883519;226.9917;100.0;0.2846489;442.973;644.00226;39.99944;-0.038515776;25.370657;29.327005;3.9563327;13.129375;0.00059604645;1270.9578;2470.3489;-51.519444;7379.402;-24.58;-12.571111
2018-03-30;-0.4216105;-1.0683594;-0.04643758;745.86835;1.0431341;207.63158;100.0;0.27385005;435.5065;629.27246;19.35732;-0.33051336;10.647103;11.693135;1.0460317;11.283826;4.1102915;1769.5684;3783.0928;-436.42307;6887.209;-250.77777;-285.03888
2018-03-31;-0.21680705;-4.6034446;-0.24303181;751.2718;0.9474084;82.96842;100.0;0.26526973;432.47495;614.7054;0.09544492;-0.6371122;3.2480135;3.621757;0.37375838;10.111438;0.0048987567;2878.6306;6606.3115;-1563.8817;5595.4316;-480.56332;-300.65445
2018-04-01;0.2726542;-7.1259665;-0.5200513;751.09796;1.0220553;74.862274;100.0;0.2561392;440.12534;582.7637;0.0;-0.51531476;2.6784837;3.1663032;0.4878044;8.327633;7.4505806e-06;3143.7856;6930.5537;-1874.6453;5183.7153;-382.85556;-205.6789
2018-04-02;1.7446798;-3.8529968;-0.50182724;750.1529;1.0592691;204.71654;100.0;0.24627845;447.5228;550.82196;0.0038027763;-0.47135168;3.7074537;4.2418537;0.5343929;10.561623;0.0;3285.6973;7015.0674;-1816.6919;5321.14;-348.44888;-155.03334
2018-04-03;1.6159973;-1.0418091;-0.3671837;750.1446;1.1579126;238.86784;100.0;0.23468828;449.29492;522.50165;4.902616;-0.4233625;6.2811227;7.3150992;1.0339767;11.953492;0.0;2903.6746;6053.703;-1256.6328;5938.894;-315.00665;-144.79445
2018-04-04;2.121582;-5.481158;-0.34034348;750.17145;0.7640081;179.12999;100.0;0.22098942;449.83008;491.8213;0.42026043;-0.49370712;6.4363775;7.8199806;1.3836026;16.264032;0.01225248;3329.9778;6819.7163;-1670.9308;5509.156;-364.73444;-196.4911
2018-04-05;1.3085327;-5.366623;-0.6007398;749.53314;1.097215;98.9396;98.9668;0.20735705;449.9922;461.18164;0.14682412;-0.57751125;3.9727688;4.828796;0.85603446;11.906158;0.0;3425.9878;6885.8145;-1737.647;5408.253;-429.95557;-163.22223
2018-04-06;2.2236023;-4.4693704;-0.5530574;749.8106;0.9655928;95.019714;97.16105;0.19336653;450.0;430.33853;0.014364718;-0.43166614;5.527511;7.047415;1.519896;14.981936;0.0;3502.0833;6886.0186;-1701.4238;5477.8687;-311.46112;-166.18333
2018-04-07;3.2037456;-3.7216187;-0.49706015;752.3237;0.99311465;72.88044;95.82552;0.1784188;450.0;397.1354;0.31203032;-0.3428124;5.4622593;6.5213146;1.0590553;14.398763;0.0;3096.081;5992.422;-1365.8883;5871.9272;-243.16112;-119.81778
2018-04-08;2.8989868;-2.1101787;-0.43623862;753.09015;1.0456293;64.9973;94.96493;0.16320245;450.0;363.36264;1.6398487;-0.33511782;7.4234304;9.584278;2.1608546;16.05351;0.0;3130.585;5988.1646;-1337.2644;5942.7065;-236.16222;-142.59222
2018-04-09;3.448222;-1.9446512;-0.48750815;753.77515;1.2096232;53.904022;94.42407;0.14734185;450.0;328.24707;0.7515148;-0.35180897;6.2657743;7.629767;1.3640001;15.9028635;0.0;3177.0444;6032.3804;-1387.8136;5880.386;-247.68666;-126.6
2018-04-10;3.649892;-0.052083332;-0.37719345;751.8923;1.245477;57.060883;94.12272;0.13289547;450.0;295.93912;3.9118557;-0.26843882;6.6581516;8.787677;2.1295176;13.502907;0.0;2600.3218;4908.9204;-905.00165;6418.807;-188.42223;-113.246666
2018-04-11;3.937795;0.92908734;-0.27458954;750.545;1.0090607;75.0885;93.948326;0.11718062;450.0;261.31186;4.070866;-0.23941696;8.615881;11.132211;2.5163145;17.674036;0.0;2650.8623;4986.577;-1087.5522;6287.068;-164.56111;-139.34555
2018-04-12;3.3789978;-1.045817;-0.39328766;748.9788;0.9004535;73.04214;93.853676;0.10193483;450.0;227.29492;4.773361;-0.34299678;7.3538275;9.505838;2.1520257;14.375159;0.00010430813;2586.266;4853.2773;-621.99414;6786.011;-244.32445;-150.37111
2018-04-13;2.3620503;1.3198751;-0.16013081;747.6448;0.82884073;100.31549;93.8291;0.08901902;443.31186;198.52702;7.3408623;-0.08806214;7.8636556;11.394442;3.5308003;11.939135;0.05748868;1320.3761;2472.1406;-339.31973;7023.1646;-57.475555;-81.81778
2018-04-14;1.5622559;-0.3887329;-0.568985;748.05963;0.9769346;116.54247;93.79159;0.07347286;442.62695;164.1032;6.0510187;-0.37753767;10.966182;14.983952;4.0177703;18.13799;0.00047683716;3083.1416;5777.512;-1036.9081;6321.254;-268.74112;-270.65332
2018-04-15;0.026774088;-1.3660278;-1.0252584;747.7674;1.1025792;68.36548;92.95939;0.05675308;442.6123;126.79037;9.833944;-0.26735198;9.918109;14.781922;4.8638062;15.172945;0.00082328916;2473.5588;4611.9004;-1057.461;6157.4854;-189.50778;-225.88222
2018-04-16;0.41301474;-7.5469146;-2.1741803;750.4986;1.6201957;34.95893;88.194336;0.043233752;439.20767;96.88314;0.016188169;-1.4142822;4.2593627;9.419531;5.1601677;12.363799;0.012271106;4097.004;7502.949;-1850.0762;5237.8027;-1067.4055;-396.6678
2018-04-17;1.5971985;-3.8900795;-2.4052505;752.1878;1.0167824;111.58555;67.51359;0.029824376;435.92056;67.0166;2.1603346;-0.8414313;5.2186546;10.838598;5.619943;12.446351;0.050529838;3819.84;6311.5215;-1606.8741;5592.122;-607.12335;-457.12778
2018-04-18;4.306132;-2.0584514;-2.2021534;754.64355;1.0047953;150.01208;42.607178;0.018681845;432.05893;42.23633;0.05400181;-1.3961653;3.7229285;9.646371;5.923435;10.196295;0.0;4479.7676;6554.555;-1783.5139;5716.6636;-975.6639;-412.13556
2018-04-19;5.3961997;-0.86690265;-1.7702637;751.493;1.2689152;176.33809;23.865072;0.010410388;432.0625;23.80371;0.9436488;-1.776671;2.60292;8.659214;6.056294;7.0002975;0.0;5151.686;6935.9844;-1866.905;5907.779;-1237.8472;-769.3611
2018-04-20;4.425059;-1.9883322;-1.3331223;744.9804;1.4440795;217.12352;12.950684;0.005673925;432.0625;12.858073;1.8033564;-2.0767758;1.3951659;7.4526668;6.057493;3.245946;0.0;5018.189;6452.3105;-1745.3722;6043.246;-1450.0;-1029.5167
2018-04-21;1.8861185;0.105763756;-0.8866272;743.0271;1.0053958;184.02661;23.809732;0.0066448054;337.75684;29.988607;37.91677;-1.8041264;5.5655537;11.588484;6.0229597;1.8875599;20.944736;4103.388;5171.6045;-1055.9828;6682.118;-1256.9484;-1159.5167
2018-04-22;-0.06378174;-1.6170044;-0.2585195;744.4875;0.75042397;86.86102;100.0;0.031543296;144.86847;218.05827;17.721176;-0.19203034;4.3592305;10.390818;6.0315804;5.4477787;10.247774;1108.2594;4375.007;-346.4253;6947.74;-137.4611;-213.04445
2018-04-23;1.2489624;-5.584005;-3.0225894;746.87885;0.7905492;166.77325;98.444984;0.027487874;156.66664;176.87988;0.14971197;-0.4244931;2.2538157;8.23094;5.9771314;6.937269;0.034734607;2307.5588;7471.3677;-1495.2614;5549.8833;-303.75446;-248.75444
2018-04-24;1.4845175;-3.32784;-5.07836;752.2686;1.1481189;137.55061;93.358315;0.018905481;159.8714;119.66959;0.25968552;-0.48969778;3.183484;9.143681;5.960181;9.471275;0.0;2673.3984;7547.99;-1374.15;5566.2666;-346.87332;-254.33888
2018-04-25;4.966278;-3.8777058;-4.728939;753.0833;1.0084215;83.38477;59.075764;0.009274721;160.92055;58.83789;0.0040155775;-1.1650175;3.1097083;9.034425;5.9247093;9.165734;0.0;3951.3594;7669.9854;-1649.9364;5695.671;-811.87;-441.11777
2018-04-26;5.8112283;-0.55752563;-3.4466553;752.4673;1.1461121;59.02425;21.637613;0.003332734;161.36522;21.321615;1.4800816;-1.9733068;1.6009212;7.4774623;5.8765635;3.9154253;0.0;4781.1216;6759.8657;-1765.8853;6108.2734;-1370.9434;-734.1589
2018-04-27;4.4935403;2.0834148;-1.031414;749.4902;1.2615336;44.831177;8.025391;0.0012573401;161.53448;8.056641;14.617874;-1.2245327;4.84927;10.6574745;5.8082047;1.0028743;0.0;2361.3127;3056.2456;-796.3239;7012.601;-850.17;-358.38666
2018-04-28;3.8299458;1.5658976;-2.2465465;750.6267;0.954473;86.19854;3.5846355;0.0005561511;161.62172;3.5807292;8.688152;-1.7298702;2.7246027;8.470625;5.746007;0.59072304;0.0;3210.9583;4033.3179;-1172.9208;6704.1357;-1201.5544;-732.9378
2018-04-29;4.724365;1.6548462;-1.8280207;751.7165;1.1143602;44.3617;1.2027994;0.00018437703;161.64581;1.3427734;4.8603063;-1.9748733;1.2994558;6.9875717;5.688116;0.24591759;0.0;3992.646;4963.758;-1312.6436;6760.689;-1371.89;-918.93335
2018-04-30;5.258138;-0.9331563;-3.3900769;752.39795;1.4638764;41.700165;0.33829752;5.2014988e-05;161.65623;0.32552084;0.55641234;-2.6658735;0.13555586;5.744055;5.608514;0.07493794;0.0;5122.8374;6349.21;-1925.6705;6153.553;-1851.9545;-1115.0144
2018-05-01;6.158732;-1.3257853;-3.387685;754.3979;1.1339887;83.02558;0.07779948;1.1920929e-05;161.65623;-7.345365e-21;0.36438107;-2.9176362;0.07122755;5.571842;5.500637;0.020366162;0.0;5721.4385;7092.6245;-2104.8018;6089.6113;-2026.789;-1147.6411
2018-05-02;6.336599;0.5980835;-2.7037442;754.5339;1.020999;92.76501;0.014892578;2.304713e-06;161.65623;-7.345365e-21;1.8260062;-2.5886855;0.32790005;5.69807;5.3701625;0.0037290156;0.0;5142.27;6381.847;-1899.4408;6347.5513;-1798.2733;-1050.2378
2018-05-03;7.050364;2.9383953;-0.8953807;752.98126;0.8892915;108.84033;0.0033365886;3.5762787e-07;161.65623;-7.345365e-21;9.25799;-2.1755974;1.9870698;7.208884;5.221829;0.00074878335;0.0;4256.3843;5289.6255;-1399.3983;6940.3877;-1511.3145;-874.1111
2018-05-04;6.589447;3.862437;-0.79513425;751.90454;0.8602602;156.67471;0.0006510417;-7.3453654e-25;159.08234;-7.345365e-21;7.9409957;-1.841358;2.1990538;7.260576;5.061537;0.00016018748;0.0;3438.5127;4279.064;-1294.4133;6958.5615;-1279.1294;-755.0256
2018-05-05;6.15153;3.184906;-0.80671054;752.04254;1.054365;162.56964;0.0;-7.3453654e-25;132.8408;-7.345365e-21;6.6582675;-2.6549232;1.4564395;6.3527374;4.8963127;4.4703484e-05;0.0;4935.8306;6151.3237;-1322.247;7094.425;-1844.2872;-1300.6511
2018-05-06;6.7019043;4.794871;0.00995636;751.9742;0.98225427;195.89624;0.0;-7.3453654e-25;101.207664;-7.345365e-21;5.106839;-2.22745;1.0682642;5.8012605;4.7330036;0.0;0.0;4228.4976;5277.0293;-1445.8016;6906.4775;-1547.3356;-1131.6333
2018-05-07;7.2839866;1.5800985;0.009768168;751.4753;1.2010739;152.90385;0.0;-7.3453654e-25;99.99998;-7.345365e-21;10.611743;-3.2806265;2.4609864;7.0337954;4.5728087;0.0;0.0;5445.695;6806.188;-1472.1178;7048.635;-2278.9421;-1192.91
2018-05-08;5.336558;4.392039;0.010064443;745.9476;0.9240451;148.61479;0.0;-7.3453654e-25;99.99998;-7.345365e-21;45.442043;-0.8746255;15.648544;22.800446;7.151887;0.0;0.0;953.63446;1193.0627;-316.5822;7656.3257;-607.5722;-260.18222
2018-05-09;3.6647542;2.522288;0.009896596;745.13837;0.95090705;209.44249;0.0;-7.3453654e-25;100.03416;-7.345365e-21;9.141326;-2.1201632;2.390772;6.79183;4.4010653;0.0;0.0;3666.8516;4595.561;-982.7161;7077.739;-1472.8066;-1180.7422
2018-05-10;3.6926372;2.2916362;0.009835561;746.5822;0.99806195;215.41406;0.0;-7.3453654e-25;99.99998;-7.345365e-21;6.93264;-1.820459;1.7860383;6.1585903;4.372552;0.0;0.0;3167.0122;3974.7166;-769.44275;7270.5005;-1264.6122;-1033.0477
2018-05-11;3.5811157;2.5212605;0.010084788;744.33295;0.74949336;165.60211;0.0;-7.3453654e-25;100.00259;-7.345365e-21;6.0888205;-1.9069947;1.4810338;5.8235226;4.342489;0.0;0.0;3472.814;4365.2676;-1046.8959;7005.5376;-1324.7256;-1064.0688
2018-05-12;3.1615703;2.14151;-0.0027898152;744.6702;0.8627427;103.46646;0.0;-7.3453654e-25;100.01495;-7.345365e-21;7.344976;-1.8602312;1.8487573;6.157279;4.3085294;0.0;0.0;3529.795;4443.5054;-1020.05194;6984.0776;-1292.24;-1140.0789
2018-05-13;4.29364;1.0413818;-0.01919047;746.91943;0.99956197;136.78261;0.0;-7.3453654e-25;100.00649;-7.345365e-21;2.6599913;-2.4765794;0.5867183;4.856348;4.2696075;0.0;0.0;5000.8765;6304.0044;-1747.6261;6409.162;-1720.3966;-1377.2611
2018-05-14;4.5977883;1.9751078;-0.0078481035;749.3742;0.92913955;103.20431;0.0;-7.3453654e-25;100.01235;-7.345365e-21;5.7189612;-2.1565425;1.3251454;5.548999;4.223853;0.0;0.0;4376.8857;5525.338;-1629.4445;6486.4927;-1498.0789;-1114.6677
2018-05-15;5.1674905;2.650411;0.010066986;751.98676;0.970149;51.869045;0.0;-7.3453654e-25;99.99998;-7.345365e-21;6.595105;-2.1357815;1.5219152;5.6931076;4.171178;0.0;0.0;4163.581;5263.595;-1482.3914;6679.629;-1483.6566;-996.31775
2018-05-16;6.845266;-1.2621765;0.010047913;753.88654;1.4800974;41.00957;0.0;-7.3453654e-25;99.99998;-7.345365e-21;0.045678213;-3.6196802;0.008538365;4.119426;4.1108875;0.0;0.0;6313.319;7973.581;-2305.303;6027.5044;-2514.4722;-1305.7211
2018-05-17;7.94811;-2.8893535;0.009742737;755.27246;1.1608914;60.217182;0.0;-7.3453654e-25;99.99998;-7.345365e-21;0.046116114;-3.6925619;0.007912517;4.050165;4.0422454;0.0;0.0;6582.1377;8304.111;-2623.3816;5733.489;-2565.1;-1097.1355
2018-05-18;8.211202;-0.5233968;0.0097846985;755.39087;0.9608176;90.408714;0.0;-7.3453654e-25;99.99998;-7.345365e-21;1.321885;-3.3671036;0.23110211;4.1979103;3.9668083;0.0;0.0;6058.5894;7635.0684;-2371.1003;6074.513;-2339.0144;-1001.23444
2018-05-19;9.482239;1.20401;0.009354909;755.3371;0.9472177;94.31669;0.0;-7.3453654e-25;99.99998;-7.345365e-21;0.79613924;-3.4326277;0.12053549;4.0058494;3.8853064;0.0;0.0;5873.052;7393.4126;-2126.89;6449.952;-2384.531;-933.1578
2018-05-20;10.093678;4.101542;0.010335286;754.86163;1.1103481;92.72943;0.0;-7.3453654e-25;99.99998;-7.345365e-21;1.7532647;-3.182588;0.27558208;4.0738287;3.7982464;0.0;0.0;5524.28;6947.0034;-1920.255;6771.597;-2210.838;-984.11224
2018-05-21;9.828552;3.87795;-0.002948761;754.7588;1.0770655;158.84279;0.0;-7.3453654e-25;100.00454;-7.345365e-21;1.8377268;-3.2443228;0.26342273;3.9707124;3.7073195;0.0;0.0;5409.917;6795.906;-1906.66;6727.3276;-2253.7234;-1040.2578
2018-05-22;9.206451;3.3360698;-0.0029843647;755.39264;1.0670991;115.1827;0.0;-7.3453654e-25;100.01235;-7.345365e-21;1.8050858;-3.1866367;0.2733618;3.8862526;3.6128983;0.0;0.0;5462.715;6855.3335;-1877.775;6751.1724;-2213.65;-1069.2389
2018-05-23;8.766673;5.154663;0.010213216;754.6978;1.1883707;50.751858;0.0;-7.3453654e-25;99.99998;-7.345365e-21;5.4912505;-2.7177818;0.8638054;4.3808517;3.517054;0.0;0.0;5197.9634;6515.947;-1858.7039;6750.0757;-1887.9534;-1208.0734
2018-05-24;8.747579;5.617269;0.009947459;751.98706;0.9655514;74.50431;0.0;-7.3453654e-25;100.00779;-7.345365e-21;5.515063;-2.6989057;0.8645952;4.286051;3.4214482;0.0;0.0;4992.2144;6251.1313;-1644.1995;6991.763;-1874.84;-1194.15
2018-05-25;9.606628;2.8945415;0.009952545;750.88727;1.0873343;146.73183;0.0;-7.3453654e-25;100.00259;-7.345365e-21;0.6433159;-3.3517778;0.08538365;3.410235;3.3248663;0.0;0.0;5625.374;7036.579;-1909.025;6735.3887;-2328.369;-1185.31
2018-05-26;10.346364;2.0430806;0.009885152;753.5427;1.1058446;188.15027;0.0;-7.3453654e-25;99.99998;-7.345365e-21;0.86759454;-3.3827107;0.11084974;3.338635;3.2277703;0.0;0.0;5837.0645;7293.723;-2187.1943;6473.3115;-2349.8567;-1081.4412
2018-05-27;11.043782;1.3556722;0.009984334;756.48114;1.0440042;108.00521;0.0;-7.3453654e-25;99.99998;-7.345365e-21;0.11948289;-3.8957372;0.014722347;3.146112;3.1314044;0.0;0.0;6348.56;7924.3945;-2359.3293;6405.852;-2706.24;-893.2289
2018-05-28;12.260468;4.2213745;0.009975433;755.35254;1.0225546;109.28063;0.0;-7.3453654e-25;100.03416;-7.345365e-21;1.7126352;-3.5801568;0.24600327;3.2823682;3.0363724;0.0;0.0;5931.052;7395.3955;-2065.31;6864.367;-2487.0144;-862.9733
2018-05-29;11.106384;6.006439;0.009894053;752.30255;1.0283285;196.83507;0.0;-7.3453654e-25;100.03416;-7.345365e-21;3.8614047;-2.6715984;0.5322397;3.477469;2.945222;0.0;0.0;4687.3403;5838.451;-1711.6361;7066.77;-1855.8711;-1048.6189
2018-05-30;10.189717;3.990865;0.009947459;752.4973;0.9433942;198.6158;0.0;-7.3453654e-25;100.00519;-7.345365e-21;1.232779;-3.1599255;0.14406443;3.0007215;2.8566494;0.0;0.0;5554.435;6911.2056;-1959.0873;6744.812;-2195.0945;-1154.4166
2018-05-31;11.102223;3.2987468;0.009835561;750.67523;1.2660404;180.27783;0.0;-7.3453654e-25;99.99998;-7.345365e-21;1.0971831;-3.0524433;0.121831894;2.8922856;2.7704387;0.0;0.0;5214.098;6480.82;-1999.8628;6708.976;-2120.43;-927.1189
2018-06-01;10.5347395;1.2023112;0.010040283;750.42554;1.1833962;175.73662;0.0;-7.3453654e-25;99.99998;-7.345365e-21;0.7702857;-3.5026522;0.08647144;2.772808;2.6863217;0.0;0.0;6320.0195;7847.1865;-2373.4927;6287.559;-2433.1755;-1332.3778
2018-06-02;10.559489;-0.43039957;0.010177612;751.3962;1.2480406;121.51556;0.0;-7.3453654e-25;99.99998;-7.345365e-21;0.8077711;-3.7109983;0.0911206;2.6954114;2.6042984;0.0;0.0;6553.255;8128.156;-2318.7656;6399.2144;-2577.9067;-1381.8933
2018-06-03;10.248036;0.6413066;0.010194142;751.2148;1.1469612;125.623955;0.0;-7.3453654e-25;99.99998;-7.345365e-21;0.705111;-3.1135976;0.07079542;2.59614;2.5253296;0.0;0.0;5649.676;6999.9746;-2087.1277;6567.708;-2162.9133;-1240.3811
2018-06-04;10.436676;2.1763508;0.010045369;750.0713;1.2175022;129.82932;0.0;-7.3453654e-25;99.99998;-7.345365e-21;1.6350806;-3.3362162;0.176996;2.6261358;2.4491324;0.0;0.0;6201.6045;7675.959;-2240.9128;6521.7715;-2317.5579;-1351.4567
2018-06-05;10.912109;0.8746541;0.009971619;750.9428;1.5475477;206.40727;0.0;-7.3453654e-25;99.99998;-7.345365e-21;0.25617146;-3.4795198;0.024333596;2.3999214;2.375588;0.0;0.0;6346.1406;7846.451;-2281.0012;6460.257;-2417.1067;-1460.0989
2018-06-06;12.10197;0.009175618;0.009902954;756.063;1.1108847;177.64012;0.0;-7.3453654e-25;99.99998;-7.345365e-21;0.0008523463;-3.7282574;8.195639e-05;2.3040028;2.3039207;0.0;0.0;6892.417;8512.973;-2639.8616;6219.0537;-2589.8977;-1318.2822
2018-06-07;13.210297;0.4668274;-0.0039774575;757.28265;1.11419;131.45615;0.0;-7.3453654e-25;100.00454;-7.345365e-21;0.07577108;-3.7142487;0.006482005;2.2408068;2.2343173;0.0;0.0;6812.975;8406.014;-2690.5378;6313.309;-2580.1655;-1156.2056
2018-06-08;13.022481;-0.049987793;-0.007432302;754.97754;1.0958595;137.86412;0.0;-7.3453654e-25;100.00714;-7.345365e-21;0.36920905;-3.353797;0.030517578;2.1978617;2.167344;0.0;0.0;6360.8926;7840.0522;-2551.141;6461.9644;-2329.771;-1141.0433
2018-06-09;12.221822;2.9851685;0.010130565;750.4241;1.1610378;81.19044;0.0;-7.3453654e-25;99.99998;-7.345365e-21;0.38723648;-3.044337;0.03156066;2.1347702;2.103202;0.0;0.0;6131.45;7549.1665;-2369.4172;6674.181;-2114.7988;-1299.1722
2018-06-10;12.348033;3.737569;0.009984334;747.9765;1.1601535;98.75767;0.0;-7.3453654e-25;99.99998;-7.345365e-21;0.28258976;-2.7738745;0.022500753;2.0641236;2.041623;0.0;0.0;5721.592;7037.1265;-2230.1746;6810.42;-1926.9177;-1281.9323
2018-06-11;13.602031;0.17530315;0.009966533;747.88257;1.2535781;128.25023;0.0;-7.3453654e-25;99.99998;-7.345365e-21;0.02607459;-3.1321292;0.002026558;1.9840598;1.9820333;0.0;0.0;6561.404;8061.711;-2586.3071;6541.399;-2175.7844;-1458.9222
2018-06-12;12.250122;0.6975403;0.0095342;747.7198;1.2991776;122.675575;0.0;-7.3453654e-25;99.99998;-7.345365e-21;1.15736;-2.7248132;0.088870525;2.0135045;1.9246638;0.0;0.0;6423.715;7884.2275;-2581.4795;6483.7817;-1892.8378;-1680.3245
2018-06-13;11.136006;3.7050884;0.010075887;749.0232;1.2346231;81.494606;0.0;-7.3453654e-25;99.99998;-7.345365e-21;1.5644461;-2.6193075;0.11841953;1.9884408;1.8700361;0.0;0.0;5795.484;7105.819;-2019.3103;7056.622;-1819.5444;-1652.7722
2018-06-14;12.685272;4.2817993;-0.08573023;750.2381;1.1070724;63.44125;0.0;-7.3453654e-25;100.06476;-7.345365e-21;0.6514311;-2.751222;0.046908855;1.8644482;1.8175542;0.0;0.0;5809.467;7115.493;-2258.031;6904.259;-1911.1823;-1317.1034
2018-06-15;12.388295;4.796692;0.009845734;750.7908;0.9323788;111.05466;0.0;-7.3453654e-25;100.00779;-7.345365e-21;4.2144356;-2.5264304;0.39321184;2.1604447;1.767233;0.0;0.0;5575.459;6821.9355;-2020.3905;7118.452;-1755.0278;-1494.0878
2018-06-16;12.456471;3.1470947;0.009827931;751.52325;1.1909412;128.09956;0.0;-7.3453654e-25;100.00259;-7.345365e-21;1.5843153;-2.9676313;0.13014674;1.8491894;1.7190502;0.0;0.0;6114.8345;7480.8555;-2322.5784;6752.654;-2061.5144;-1565.5433
2018-06-17;13.3090515;0.049631756;0.010334015;751.65576;1.4754208;184.76723;0.0;-7.3453654e-25;99.99998;-7.345365e-21;0.0017166138;-3.1022093;0.00013411045;1.6722679;1.6721487;0.0;0.0;6255.4507;7651.8613;-2501.0923;6532.033;-2155.0022;-1411.7245
2018-06-18;12.958974;-0.05852254;0.009803772;749.7591;1.3608494;212.27644;0.0;-7.3453654e-25;99.99998;-7.345365e-21;0.0;-2.9112697;0.0;1.626581;1.6265736;0.0;0.0;6787.3984;8301.548;-2670.2883;6390.3364;-2022.3611;-1823.9578
2018-06-19;13.090007;0.1072286;0.010088603;751.86664;1.1873571;176.83862;0.0;-7.3453654e-25;99.99998;-7.345365e-21;0.0008583069;-2.5489173;5.9604645e-05;1.5827566;1.5826895;0.0;0.0;6284.642;7685.461;-2626.3655;6469.1123;-1770.6478;-1637.5845
2018-06-20;13.485138;1.2490438;0.009803772;753.4712;1.1944834;135.3976;0.0;-7.3453654e-25;99.99998;-7.345365e-21;0.0;-2.602065;0.0;1.5403032;1.5403106;0.0;0.0;6983.007;8538.562;-2870.71;6404.596;-1807.5688;-1868.6489
2018-06-21;14.2459;1.9741923;0.00983429;753.4023;1.058575;113.13746;0.0;-7.3453654e-25;99.99998;-7.345365e-21;0.0014901161;-2.3732734;8.940697e-05;1.4993399;1.499258;0.0;0.0;6673.1406;8158.5513;-2819.274;6612.278;-1648.6344;-1822.4822
2018-06-22;14.289174;0.93151855;0.010175069;751.34796;1.1649919;132.85527;0.0;-7.3453654e-25;99.99998;-7.345365e-21;0.0;-2.1894526;0.0;1.4596283;1.4596357;0.0;0.0;6848.406;8371.717;-2949.8188;6513.125;-1520.94;-1996.8445
2018-06-23;14.4151;2.747884;0.009894053;751.1269;1.0940015;115.47474;0.0;-7.3453654e-25;99.99998;-7.345365e-21;0.8011639;-1.9831024;0.058293343;1.4798343;1.421541;0.0;0.0;6545.8564;8000.8813;-2744.016;6799.509;-1377.5961;-1977.48
2018-06-24;16.251394;2.117157;0.00984319;752.5129;1.1810486;98.18781;0.0;-7.3453654e-25;100.00519;-7.345365e-21;0.0025731407;-2.2921152;0.00016391277;1.3849288;1.38475;0.0;0.0;6883.1113;8412.047;-2962.0806;6749.1636;-1592.2556;-1872.5911
2018-06-25;17.234457;2.785075;0.009747823;753.3379;1.2580909;126.73104;0.0;-7.3453654e-25;99.99998;-7.345365e-21;0.0036716457;-2.076285;0.00020861626;1.3491809;1.3489649;0.0;0.0;6882.789;8410.542;-3023.8977;6809.177;-1442.3256;-1942.0911
2018-06-26;16.993408;2.1614685;0.009716034;752.6656;1.2004404;146.10657;0.0;-7.3453654e-25;99.99998;-7.345365e-21;0.003011598;-1.9326769;0.0001937151;1.3145804;1.3143867;0.0;0.0;7042.051;8604.058;-3212.8555;6650.29;-1342.5667;-2030.4989
2018-06-27;18.131226;3.6524353;0.009798686;751.9196;1.030798;80.8348;0.0;-7.3453654e-25;99.99998;-7.345365e-21;0.0004351138;-1.8993635;2.9802322e-05;1.2809187;1.2808964;0.0;0.0;6880.9424;8406.12;-3030.8533;7070.4004;-1319.4233;-1927.79
2018-06-28;19.459452;3.465871;0.009988149;751.43506;1.212891;74.8159;0.0;-7.3453654e-25;99.99998;-7.345365e-21;0.0004231929;-1.842767;2.9802322e-05;1.2484938;1.2484789;0.0;0.0;6893.76;8420.707;-3122.081;7091.778;-1280.1078;-1946.5178
2018-06-29;19.494171;2.8100994;0.0100364685;750.40405;1.3729281;112.66903;0.0;-7.3453654e-25;100.00259;-7.345365e-21;0.0025891205;-1.7488161;0.00017881393;1.2173355;1.2171791;0.0;0.0;6958.5415;8498.713;-3183.6616;6999.1123;-1214.8445;-2115.7366
2018-06-30;18.573446;-0.11352539;0.00976181;751.4725;1.1882018;132.06035;0.0;-7.3453654e-25;99.99998;-7.345365e-21;0.0012939499;-1.6743597;8.940697e-05;1.1871159;1.1870414;0.0;0.0;7146.9683;8727.768;-3591.054;6435.83;-1163.1211;-2104.1777
2018-07-01;18.517181;-2.2126973;0.010087331;753.89825;1.1643946;92.7458;0.0;-7.3453654e-25;99.99998;-7.345365e-21;0.0012844794;-1.6644746;7.4505806e-05;1.1580288;1.1579543;0.0;0.0;7265.8794;8871.837;-3771.2634;6227.189;-1156.2556;-1913.7456
2018-07-02;21.843994;0.6766968;0.01000468;755.4717;1.3487636;88.94694;0.0;-7.3453654e-25;99.99998;-7.345365e-21;0.00086426723;-1.7220192;5.9604645e-05;1.1298507;1.129806;0.0;0.0;6915.885;8443.365;-3176.03;7306.249;-1196.23;-1801.1989
2018-07-03;21.333536;0.028523764;0.010051727;755.4922;1.4747738;49.21516;0.0;-7.3453654e-25;99.99998;-7.345365e-21;0.0017101766;-1.6394072;0.00010430813;1.1026412;1.1025443;0.0;0.0;6966.3066;8503.845;-3338.5444;7112.6655;-1138.8411;-2001.8522
2018-07-04;20.980011;1.0811666;0.010031383;753.1802;1.1479169;73.99595;0.0;-7.3453654e-25;99.99998;-7.345365e-21;0.0008463859;-1.5487392;5.9604645e-05;1.0762215;1.0761619;0.0;0.0;6611.829;8070.0913;-3130.2122;7323.4326;-1075.8589;-1925.9623
2018-07-05;20.798035;0.73549396;0.009794871;750.34375;1.3738765;127.02896;0.0;-7.3453654e-25;99.99998;-7.345365e-21;0.0008702277;-1.5028473;4.4703484e-05;1.0507256;1.0506735;0.0;0.0;6869.2915;8383.218;-3214.1682;7180.1865;-1043.9789;-2219.9644
2018-07-06;18.437704;0.2243042;0.009544373;749.7576;1.3559246;147.4441;0.0;-7.3453654e-25;99.99998;-7.345365e-21;0.0016929989;-1.3265778;8.940697e-05;1.0261834;1.0261089;0.0;0.0;7029.995;8578.271;-3358.6973;6694.7393;-921.53;-2568.4133
2018-07-07;17.105835;0.45352173;0.009754181;750.4848;1.2770351;168.93822;0.0;-7.3453654e-25;99.99998;-7.345365e-21;0.0008675833;-1.2970939;4.4703484e-05;1.002416;1.0023639;0.0;0.0;6985.638;8523.027;-3296.2205;6681.717;-901.0478;-2539.5432
2018-07-08;17.663218;1.7214661;0.010149638;752.4165;1.1463624;177.95345;0.0;-7.3453654e-25;99.99998;-7.345365e-21;0.0;-1.2695267;0.0;0.9794086;0.9794161;0.0;0.0;6663.408;8128.7676;-3105.061;6963.661;-881.89777;-2321.46
2018-07-09;19.168589;2.6840718;0.010027568;753.48615;1.0811414;119.46905;0.0;-7.3453654e-25;99.99998;-7.345365e-21;0.0012848332;-1.3645701;7.4505806e-05;0.957191;0.9571165;0.0;0.0;6900.86;8417.417;-3231.74;7082.01;-947.9211;-2242.791
2018-07-10;21.7512;2.5628765;0.010382335;754.02045;1.327542;90.431946;0.0;-7.3453654e-25;99.99998;-7.345365e-21;0.0;-1.3957266;0.0;0.9354651;0.9354651;0.0;0.0;6917.1904;8436.23;-3300.254;7218.2534;-969.56555;-2085.281
2018-07-11;22.811361;3.9779866;0.0099983215;754.2354;1.341577;127.18061;0.0;-7.3453654e-25;99.99998;-7.345365e-21;0.00042617318;-1.3015326;2.9802322e-05;0.9146184;0.9145886;0.0;0.0;6344.3643;7736.6143;-3026.4045;7621.525;-904.1311;-1897.7589
2018-07-12;23.115244;3.215739;0.009816487;752.44025;1.3106059;148.51918;0.0;-7.3453654e-25;99.99998;-7.345365e-21;0.0012905612;-1.2651496;6.7055225e-05;0.8945763;0.8945018;0.0;0.0;6228.8145;7594.5977;-2962.6436;7736.745;-878.8578;-1895.3922
2018-07-13;22.310892;3.090332;0.009967804;749.84125;1.3350128;138.94559;0.0;-7.3453654e-25;99.99998;-7.345365e-21;0.00042608264;-1.2676008;2.9802322e-05;0.875026;0.8750111;0.0;0.0;6654.793;8112.957;-3194.8887;7447.8584;-880.56;-2197.8245
2018-07-14;20.022116;3.9850361;0.009919484;748.201;1.2874368;160.10417;0.0;-7.3453654e-25;99.99998;-7.345365e-21;0.0017731473;-1.1524922;8.940697e-05;0.8561909;0.8560717;0.0;0.0;6506.7046;7931.3955;-3117.405;7267.4043;-800.5978;-2347.4421
2018-07-15;17.009195;2.8132324;0.009890239;747.99976;1.3305392;200.90875;0.0;-7.3453654e-25;100.00519;-7.345365e-21;0.034356117;-0.9018052;0.001847744;0.83979964;0.8379668;0.0;0.0;5678.549;6921.3047;-2657.3423;7272.73;-626.45447;-2372.7634
2018-07-16;16.831919;2.0679321;0.00987498;748.4578;1.2716559;133.26251;0.0;-7.3453654e-25;100.00519;-7.345365e-21;0.0015664344;-0.87704134;8.940697e-05;0.82077086;0.82068145;0.0;0.0;5423.137;6608.432;-2604.6372;7248.622;-609.2511;-2098.4712
2018-07-17;16.99112;1.9044901;0.009835561;748.77734;1.3249463;118.2951;0.0;-7.3453654e-25;100.00519;-7.345365e-21;0.0008583069;-1.0454506;4.4703484e-05;0.80376863;0.80372393;0.0;0.0;6502.447;7921.7407;-3039.1191;6985.376;-726.2389;-2463.8079
2018-07-18;18.674002;2.4973552;0.0060450234;749.3842;1.304113;127.011566;0.0;-7.3453654e-25;100.0156;-7.345365e-21;0.00078976154;-1.1152066;4.4703484e-05;0.78707933;0.78703463;0.0;0.0;6854.004;8348.185;-3310.4302;6868.3096;-774.69666;-2441.9878
2018-07-19;19.013784;-2.4879963;0.009860992;750.0594;1.3360432;218.76173;0.0;-7.3453654e-25;99.99998;-7.345365e-21;0.00044622822;-1.0979344;2.9802322e-05;0.7708669;0.77082217;0.0;0.0;7052.4478;8587.995;-3637.5166;6482.2144;-762.6989;-2400.7866
2018-07-20;18.284018;-3.211731;0.009920756;750.0345;1.3573326;172.31746;0.0;-7.3453654e-25;99.99998;-7.345365e-21;0.0008523463;-1.055099;4.4703484e-05;0.75520575;0.75516105;0.0;0.0;7076.842;8615.779;-3712.3186;6310.652;-732.9422;-2416.3933
2018-07-21;17.841818;-4.908264;0.009890239;749.4412;1.1673478;136.38722;0.0;-7.3453654e-25;99.99998;-7.345365e-21;0.00085844065;-1.0639317;4.4703484e-05;0.73997676;0.73993206;0.0;0.0;7098.1963;8639.834;-3777.8516;6242.831;-739.07666;-2313.311
2018-07-22;17.190012;-0.81725055;0.009783427;748.6187;1.2412362;124.434364;0.0;-7.3453654e-25;99.99998;-7.345365e-21;0.004798338;-0.9969706;0.00020861626;0.7253587;0.7251501;0.0;0.0;6640.2915;8080.496;-3220.939;6798.1304;-692.5622;-2454.2388
2018-07-23;16.962442;1.03832;0.010096232;748.5672;1.19832;120.163666;0.0;-7.3453654e-25;99.99998;-7.345365e-21;0.0074933786;-0.85990316;0.00032782555;0.7112473;0.7109195;0.0;0.0;5788.8696;7043.1074;-2748.4504;7214.5728;-597.3467;-2196.4944
2018-07-24;18.482574;0.9812419;0.010322571;751.00104;1.120759;168.2106;0.0;-7.3453654e-25;99.99998;-7.345365e-21;0.001275539;-1.0128189;5.9604645e-05;0.6971657;0.6970763;0.0;0.0;6641.9688;8079.029;-3184.3586;7029.745;-703.5711;-2396.2166
2018-07-25;20.350454;1.8846232;0.009764354;752.5749;1.2359926;149.93413;0.0;-7.3453654e-25;99.99998;-7.345365e-21;0.00085981743;-1.0387712;4.4703484e-05;0.68353117;0.68348646;0.0;0.0;6749.9263;8208.481;-3222.625;7168.3916;-721.6;-2354.591
2018-07-26;21.687449;-0.28978476;0.010055542;753.583;1.275222;136.68187;0.0;-7.3453654e-25;99.99998;-7.345365e-21;0.0021333226;-1.0453537;0.00011920929;0.67040324;0.67028403;0.0;0.0;6660.7534;8098.2534;-3276.9495;7246.915;-726.17224;-2229.9246
2018-07-27;22.467306;-0.41540527;0.010080974;752.79047;1.2390767;111.200165;0.0;-7.3453654e-25;99.99998;-7.345365e-21;0.0008523463;-1.054531;4.4703484e-05;0.65751374;0.65746903;0.0;0.0;6649.2583;8082.4644;-3292.4543;7350.2686;-732.5478;-2162.2834
2018-07-28;22.358603;3.90742;0.009989421;751.4389;1.2691151;105.68264;0.0;-7.3453654e-25;99.99998;-7.345365e-21;0.0009649702;-0.9574685;4.4703484e-05;0.64507127;0.645034;0.0;0.0;6108.9937;7424.032;-3100.5793;7481.9087;-665.1222;-1989.7456
2018-07-29;22.5301;2.5467122;0.009806315;751.6526;1.3127446;131.86656;0.0;-7.3453654e-25;99.99998;-7.345365e-21;0.00044107434;-1.0154545;2.9802322e-05;0.6329715;0.6329417;0.0;0.0;6665.651;8098.8135;-3323.729;7329.3228;-705.4022;-2232.8088
2018-07-30;21.979523;2.9840698;0.009979248;752.4367;1.3175374;147.22145;0.0;-7.3453654e-25;99.99998;-7.345365e-21;0.0;-0.9878725;0.0;0.6211549;0.6211549;0.0;0.0;6639.483;8065.21;-3323.633;7311.07;-686.2411;-2260.5334
2018-07-31;21.386026;3.5185242;0.0098775225;752.10986;1.2361536;145.08318;0.0;-7.3453654e-25;99.99998;-7.345365e-21;0.00067949295;-0.9300569;2.9802322e-05;0.6097555;0.60970336;0.0;0.0;6357.827;7721.31;-3237.3923;7295.5034;-646.0789;-2208.4033
2018-08-01;20.002645;2.4495647;0.010046641;751.47064;1.2599906;122.717316;0.0;-7.3453654e-25;99.99998;-7.345365e-21;0.00042617318;-0.9229947;2.9802322e-05;0.59856474;0.5985424;0.0;0.0;6664.596;8092.0703;-3395.2957;6990.2373;-641.17444;-2463.6277
2018-08-02;19.595764;0.15264893;0.009733836;750.3945;1.2247385;102.49725;0.0;-7.3453654e-25;99.99998;-7.345365e-21;0.0009775162;-0.9052884;5.9604645e-05;0.5877316;0.58766454;0.0;0.0;6586.9116;7996.0386;-3395.0466;6898.9106;-628.87445;-2324.9255
2018-08-03;18.19459;2.5795288;0.01007843;750.37274;1.3699884;120.22177;0.0;-7.3453654e-25;99.99998;-7.345365e-21;0.7255465;-1.0057558;0.03632903;0.6135851;0.57724863;0.0;0.0;6000.026;7281.9067;-2834.2366;7227.4966;-698.6644;-2350.9966
2018-08-04;16.793884;4.086975;0.009928386;752.43805;1.1625489;153.52052;0.0;-7.3453654e-25;100.00519;-7.345365e-21;0.39441884;-0.8904524;0.019595027;0.58698654;0.5673766;0.0;0.0;4969.224;6029.713;-2436.976;7330.2334;-618.56775;-1934.6522
2018-08-05;18.171011;2.9373474;0.009788513;754.168;1.147721;180.76337;0.0;-7.3453654e-25;100.00259;-7.345365e-21;0.0008551331;-1.1089165;4.4703484e-05;0.55761635;0.55757165;0.0;0.0;6563.743;7962.5938;-3167.6072;6952.118;-770.32776;-2352.5657
2018-08-06;19.564148;1.1482137;0.0101623535;753.7383;1.1920489;120.874306;0.0;-7.3453654e-25;99.99998;-7.345365e-21;0.00086128706;-0.9922367;4.4703484e-05;0.5478561;0.54780394;0.0;0.0;6636.3745;8048.8613;-3366.581;6903.3394;-689.2733;-2246.6978
2018-08-07;19.668692;1.0375773;0.010016124;752.27106;1.3591422;143.80315;0.0;-7.3453654e-25;99.99998;-7.345365e-21;0.0010609627;-0.89653397;4.4703484e-05;0.53831935;0.5382821;0.0;0.0;6576.9126;7974.9565;-3381.7205;6871.4785;-622.79224;-2339.8855
2018-08-08;19.40444;-1.5260111;0.009957631;750.6362;1.3637867;141.20627;0.0;-7.3453654e-25;99.99998;-7.345365e-21;0.00085561123;-0.86324847;5.9604645e-05;0.5290806;0.5290136;0.0;0.0;6647.4473;8058.7324;-3480.0532;6714.6846;-599.6689;-2331.601
2018-08-09;18.85911;-0.8295593;0.009942372;751.27734;1.2316582;127.78345;0.0;-7.3453654e-25;99.99998;-7.345365e-21;0.0;-0.830777;0.0;0.5200058;0.5199984;0.0;0.0;6628.715;8034.2856;-3419.235;6742.292;-577.11334;-2387.3267
2018-08-10;18.671091;-0.5267232;0.009991963;752.9339;1.1630456;120.84232;0.0;-7.3453654e-25;99.99998;-7.345365e-21;0.0;-0.8284673;0.0;0.51121414;0.5112067;0.0;0.0;6580.794;7974.327;-3397.6338;6769.5146;-575.5089;-2394.9521
2018-08-11;19.173767;2.1416118;0.01033783;753.4426;1.154467;139.10478;0.0;-7.3453654e-25;99.99998;-7.345365e-21;0.00042617318;-0.8266773;2.9802322e-05;0.50263107;0.50260127;0.0;0.0;6537.937;7920.4976;-3323.1714;6914.188;-574.26556;-2341.8066
2018-08-12;18.69516;0.78163654;0.0097465515;751.94037;1.3288777;156.85423;0.0;-7.3453654e-25;99.99998;-7.345365e-21;0.0021493388;-0.78389794;0.00010430813;0.49434602;0.49425662;0.0;0.0;6565.6445;7952.5137;-3454.9663;6685.0977;-544.5478;-2420.4766
2018-08-13;18.207052;0.3667501;0.010124207;749.8923;1.2826804;87.39794;0.0;-7.3453654e-25;99.99998;-7.345365e-21;0.0;-0.8004122;0.0;0.48607588;0.48610568;0.0;0.0;6513.531;7887.6206;-3394.4482;6741.8643;-556.01886;-2287.4077
2018-08-14;18.194082;4.265737;0.010060628;750.08234;1.451917;81.58063;0.0;-7.3453654e-25;99.99998;-7.345365e-21;0.0121593475;-0.7290877;0.0005066395;0.47867;0.47816336;0.0;0.0;6060.701;7337.637;-3028.4783;7099.2;-506.47333;-2294.7412
2018-08-15;18.152872;4.424662;0.009859721;752.16406;1.1458355;81.953674;0.0;-7.3453654e-25;99.99998;-7.345365e-21;0.008864351;-0.71859175;0.00044703484;0.4709065;0.47045946;0.0;0.0;5748.5522;6958.221;-2872.314;7293.004;-499.18222;-2152.031
2018-08-16;19.301077;0.9165039;0.009792328;753.5664;1.247479;130.46095;0.0;-7.3453654e-25;99.99998;-7.345365e-21;0.0008592365;-0.7952955;4.4703484e-05;0.46294928;0.46290457;0.0;0.0;6384.549;7727.0967;-3298.9136;6952.26;-552.4644;-2269.939
2018-08-17;19.877584;-1.0735168;0.010154724;752.6528;1.1963633;165.39116;0.0;-7.3453654e-25;99.99998;-7.345365e-21;0.00044065525;-0.7869387;1.4901161e-05;0.4555285;0.4555136;0.0;0.0;6404.7817;7750.644;-3405.4836;6868.319;-546.66;-2208.0156
2018-08-18;19.191813;-1.3531088;0.00984319;749.9274;1.2808551;172.08128;0.0;-7.3453654e-25;99.99998;-7.345365e-21;0.00044107434;-0.74324197;1.4901161e-05;0.44834614;0.4483238;0.0;0.0;6411.148;7757.426;-3441.5269;6712.8315;-516.30554;-2282.4321
2018-08-19;17.749542;0.7398885;0.009993236;749.8316;1.3315115;132.148;0.0;-7.3453654e-25;99.99998;-7.345365e-21;0.0;-0.68131274;0.0;0.4413426;0.4413426;0.0;0.0;5984.4263;7240.1465;-3087.294;6931.332;-473.28555;-2263.9834
2018-08-20;16.920746;2.7254536;0.009866078;752.6783;1.2941906;104.64031;0.0;-7.3453654e-25;99.99998;-7.345365e-21;0.0;-0.6104587;0.0;0.43457747;0.43457747;0.0;0.0;5401.7017;6534.279;-2802.2117;7086.0513;-424.06445;-2113.7112
2018-08-21;17.664316;0.857605;0.00970459;753.514;1.1383356;105.78411;0.0;-7.3453654e-25;99.99998;-7.345365e-21;0.00086055015;-0.71762687;4.4703484e-05;0.42799115;0.42794645;0.0;0.0;6221.4077;7525.117;-3253.195;6785.2188;-498.5111;-2274.5579
2018-08-22;18.197428;-1.790741;0.0097796125;752.6001;1.2811993;110.60993;0.0;-7.3453654e-25;99.99998;-7.345365e-21;0.0012904402;-0.71104056;5.9604645e-05;0.42146444;0.42140484;0.0;0.0;6300.275;7619.5854;-3439.656;6577.845;-493.93555;-2185.9944
2018-08-23;17.922842;2.0476685;0.009962718;753.5481;1.1631323;66.65707;0.0;-7.3453654e-25;99.99998;-7.345365e-21;0.0;-0.69489145;0.0;0.41502714;0.41502714;0.0;0.0;5983.6064;7235.722;-3079.3894;7024.9043;-482.71777;-2130.6455
2018-08-24;18.791962;2.530894;0.010058085;754.34686;1.1358763;80.79277;0.0;-7.3453654e-25;99.99998;-7.345365e-21;0.0;-0.6935615;0.0;0.40878356;0.40878356;0.0;0.0;5900.046;7133.903;-3106.916;7059.492;-481.79443;-2050.51
2018-08-25;19.700968;1.0547282;0.010164897;753.2142;1.136;101.988495;0.0;-7.3453654e-25;99.99998;-7.345365e-21;0.0;-0.72484463;0.0;0.40265918;0.40265918;0.0;0.0;5998.132;7251.573;-3146.2114;7143.292;-503.52554;-2052.0144
2018-08-26;19.305084;-0.8161926;0.010458629;750.87604;1.2277483;116.95856;0.0;-7.3453654e-25;99.99998;-7.345365e-21;0.00043511385;-0.68783015;1.4901161e-05;0.39672852;0.39669126;0.0;0.0;6086.8774;7357.93;-3357.571;6790.0483;-477.81223;-2152.5767
2018-08-27;17.580688;0.51172894;0.009816487;750.89746;1.1787436;157.79402;0.0;-7.3453654e-25;99.99998;-7.345365e-21;0.0;-0.6472338;0.0;0.39090216;0.39090216;0.0;0.0;6014.5576;7269.6357;-3168.157;6822.0957;-449.6122;-2230.5066
2018-08-28;17.59376;0.55373126;0.0097465515;753.0337;1.1131011;117.84342;0.0;-7.3453654e-25;99.99998;-7.345365e-21;0.0004351138;-0.64299256;1.4901161e-05;0.38523972;0.38523227;0.0;0.0;5824.695;7039.3223;-3056.4414;6945.355;-446.66556;-2182.3667
2018-08-29;18.220743;-0.45274863;0.0102551775;754.70624;1.2525071;120.695915;0.0;-7.3453654e-25;100.00519;-7.345365e-21;0.00042617318;-0.6521754;1.4901161e-05;0.3796816;0.3796667;0.0;0.0;5911.457;7143.3525;-3191.2327;6837.1113;-453.04556;-2094.07
2018-08-30;19.33602;-2.2669067;0.010080974;755.2537;1.1874326;150.67311;0.0;-7.3453654e-25;99.99998;-7.345365e-21;0.0;-0.6660279;0.0;0.37424266;0.37424266;0.0;0.0;5932.395;7167.7896;-3320.4517;6782.947;-462.66666;-1940.3066
2018-08-31;18.827139;-4.7530823;0.010154724;754.51074;1.1603283;117.18824;0.0;-7.3453654e-25;99.99998;-7.345365e-21;0.00085234636;-0.6559752;4.4703484e-05;0.36898255;0.36893785;0.0;0.0;5936.1943;7171.501;-3387.46;6641.09;-455.68332;-1935.8389
2018-09-01;17.775248;0.6979065;0.010252635;755.0096;0.9987075;81.54242;0.0;-7.3453654e-25;99.99998;-7.345365e-21;0.012256198;-0.6220816;0.0004917383;0.36424398;0.36375225;0.0;0.0;5503.461;6647.9087;-3015.6528;7013.9624;-432.1389;-1845.3545
2018-09-02;17.691671;1.7639567;0.009618123;754.3172;1.2031097;76.522194;0.0;-7.3453654e-25;99.99998;-7.345365e-21;0.00782311;-0.60774755;0.00035762787;0.35902858;0.3586784;0.0;0.0;5477.2563;6615.4834;-2953.38;7047.792;-422.18222;-1951.5778
2018-09-03;16.796;0.37627158;0.009985606;751.99493;1.227635;79.34263;0.0;-7.3453654e-25;99.99998;-7.345365e-21;0.018912554;-0.58443564;0.0008791685;0.35458803;0.35372376;0.0;0.0;5451.06;6583.098;-2962.6987;6893.53;-405.9878;-2024.2067
2018-09-04;16.50064;-0.50682575;0.009886424;752.4155;0.92126465;97.975136;0.0;-7.3453654e-25;99.99998;-7.345365e-21;0.018641353;-0.5753413;0.00081956387;0.34974515;0.3489107;0.0;0.0;5323.422;6428.1304;-2895.293;6916.331;-399.67;-1925.4344
2018-09-05;16.850473;-1.0851746;0.009984334;752.81024;1.1770419;136.85266;0.0;-7.3453654e-25;99.99998;-7.345365e-21;0.0036597252;-0.568782;0.00017881393;0.34436584;0.34420192;0.0;0.0;5360.3667;6471.9204;-2984.4438;6791.832;-395.11444;-1942.9044
2018-09-06;15.521504;-0.21170044;0.010018666;751.66205;1.3798765;192.13556;0.0;-7.3453654e-25;99.99998;-7.345365e-21;0.0034339582;-0.5305242;0.00017881393;0.33977628;0.33962727;0.0;0.0;5615.52;6779.251;-3035.3066;6569.5767;-368.53778;-2209.31
2018-09-07;14.54305;-0.46122232;0.010009766;751.7447;1.3468682;231.11613;0.0;-7.3453654e-25;99.99998;-7.345365e-21;0.0;-0.5059205;0.0;0.33514202;0.33514202;0.0;0.0;5601.7056;6761.769;-3057.4954;6411.4263;-351.44666;-2227.7178
2018-09-08;12.963033;0.63964844;0.0099652605;752.77246;1.0452567;225.71822;0.0;-7.3453654e-25;99.99998;-7.345365e-21;0.038266182;-0.461746;0.0017434359;0.3325343;0.33079833;0.0;0.0;5210.656;6289.005;-2804.056;6522.5894;-320.76;-2139.5356
2018-09-09;13.290669;-1.2998657;0.010147095;753.1965;1.0546416;141.22964;0.0;-7.3453654e-25;99.99998;-7.345365e-21;0.0017122048;-0.4633125;8.940697e-05;0.32664835;0.3265664;0.0;0.0;4840.6074;5841.7046;-2679.9;6617.4287;-321.84778;-1901.5355
2018-09-10;13.334178;-0.9437459;0.0101674395;754.37604;1.3697206;139.95078;0.0;-7.3453654e-25;99.99998;-7.345365e-21;0.0012814989;-0.47449395;5.9604645e-05;0.32249093;0.32241642;0.0;0.0;5356.7188;6463.7305;-2837.938;6463.7876;-329.61557;-2173.2788
2018-09-11;13.3211775;-1.5171407;0.009988149;756.4981;1.4781779;128.88225;0.0;-7.3453654e-25;99.99998;-7.345365e-21;0.00044107434;-0.46090597;1.4901161e-05;0.3183782;0.31834096;0.0;0.0;5352.0215;6457.2974;-2900.705;6359.008;-320.17557;-2191.4011
2018-09-12;14.5338545;-5.0724792;0.009880066;758.5078;1.1034824;98.49598;0.0;-7.3453654e-25;99.99998;-7.345365e-21;0.0017002685;-0.5252287;8.940697e-05;0.3144145;0.3143251;0.0;0.0;5515.297;6653.4644;-3299.72;6075.2476;-364.8589;-1738.0956
2018-09-13;16.281433;-2.7701313;0.010236104;759.1038;1.0304192;91.33219;0.0;-7.3453654e-25;99.99998;-7.345365e-21;0.14436543;-0.56288016;0.006943941;0.31732023;0.3103614;0.0;0.0;5081.8745;6129.894;-2845.0955;6839.1167;-391.01443;-1512.2977
2018-09-14;17.920654;-2.1841228;0.009918213;756.7879;1.1440132;135.15982;0.0;-7.3453654e-25;99.99998;-7.345365e-21;0.0042021275;-0.6007347;0.00020861626;0.3066659;0.30647218;0.0;0.0;5135.9814;6194.401;-2877.5076;6917.6157;-417.3111;-1613.1766
2018-09-15;17.048502;-3.4011943;0.010023753;755.2552;1.3797721;198.76955;0.0;-7.3453654e-25;99.99998;-7.345365e-21;0.00044107434;-0.508409;2.9802322e-05;0.3026724;0.3026724;0.0;0.0;5255.8027;6338.1387;-3095.4377;6461.943;-353.17557;-1886.5656
2018-09-16;15.030894;-3.2757263;0.010065715;754.82416;1.1630169;190.11891;0.0;-7.3453654e-25;99.99998;-7.345365e-21;0.0;-0.48862398;0.0;0.2989769;0.29896945;0.0;0.0;5303.672;6390.303;-3200.4053;6152.444;-339.43112;-1761.13
2018-09-17;14.339519;-2.264262;0.009953816;754.30615;1.1488816;143.82866;0.0;-7.3453654e-25;99.99998;-7.345365e-21;0.0;-0.47350302;0.0;0.2953261;0.2953261;0.0;0.0;5201.4844;6261.6562;-3039.8928;6302.315;-328.92667;-1811.4434
2018-09-18;14.22348;-2.3965557;0.010031383;755.08014;1.2118136;159.27272;0.0;-7.3453654e-25;99.99998;-7.345365e-21;0.012835859;-0.4344359;0.00044703484;0.29222667;0.2917722;0.0;0.0;4818.0703;5795.035;-2760.8218;6506.116;-301.78888;-1726.7
2018-09-19;12.868103;2.023468;0.009957631;755.22125;1.2106843;77.65281;0.0;-7.3453654e-25;99.99998;-7.345365e-21;3.0112057;-0.68854356;0.1771152;0.46549737;0.28838217;0.0;0.0;3910.1506;4698.9097;-2179.4468;6986.214;-478.3089;-1349.8458
2018-09-20;12.98054;3.1823833;0.010190328;755.24384;1.2324308;71.9348;0.0;-7.3453654e-25;99.99998;-7.345365e-21;0.107735395;-1.1327453;0.0049322844;0.2900064;0.28508157;0.0;0.0;4341.5444;5212.7573;-2270.5244;6870.579;-786.88;-1294.8978
2018-09-21;13.238048;-0.3378601;0.0101458235;755.70044;1.1533849;123.5501;0.0;-7.3453654e-25;99.99998;-7.345365e-21;0.09956956;-0.9848252;0.0045001507;0.2863109;0.28179586;0.0;0.0;4605.6455;5524.9985;-2540.621;6553.999;-684.12555;-1470.4645
2018-09-22;11.540497;0.8512268;0.010370891;755.31415;1.0245118;67.40731;0.0;-7.3453654e-25;99.99998;-7.345365e-21;0.64498186;-0.79237294;0.029325485;0.3079772;0.2786368;0.0;0.0;3340.3416;4003.7256;-2014.5366;6824.5356;-550.435;-957.25336
2018-09-23;11.743744;0.031870525;0.010088603;755.2395;1.2555186;109.04203;0.0;-7.3453654e-25;99.99998;-7.345365e-21;0.38556215;-0.89261496;0.01835823;0.2938807;0.27552247;0.0;0.0;4704.3115;5633.628;-2442.5684;6601.6255;-620.07;-1600.45
2018-09-24;12.854259;-2.549815;0.009993236;756.33325;0.9462188;106.508514;0.0;-7.3453654e-25;99.99998;-7.345365e-21;0.0017190359;-0.87707865;8.940697e-05;0.27246773;0.27237833;0.0;0.0;4885.489;5845.58;-2787.284;6340.528;-609.2778;-1434.3572
2018-09-25;13.283061;-2.536977;0.010131836;755.3338;1.1469066;137.98518;0.0;-7.3453654e-25;99.99998;-7.345365e-21;0.0008583069;-0.7013064;2.9802322e-05;0.2693236;0.26926398;0.0;0.0;4883.68;5838.351;-2782.5073;6368.225;-487.17444;-1561.7811
2018-09-26;13.221283;-4.8002014;0.00970459;754.83234;1.1175838;104.541985;0.0;-7.3453654e-25;99.99998;-7.345365e-21;0.00043511385;-0.5986076;1.4901161e-05;0.26623905;0.2662167;0.0;0.0;4911.5654;5866.592;-2950.2805;6162.211;-415.8322;-1564.6256
2018-09-27;12.69225;-6.424723;0.010130565;756.71924;1.1627809;101.753716;0.0;-7.3453654e-25;99.99998;-7.345365e-21;0.0019916024;-0.53237563;8.940697e-05;0.26330352;0.2632141;0.0;0.0;4881.672;5825.721;-2945.032;6128.062;-369.82333;-1540.4388
2018-09-28;13.19518;-5.5045776;0.009866078;756.8366;1.1757687;135.98195;0.0;-7.3453654e-25;99.99998;-7.345365e-21;0.00085234636;-0.49326196;4.4703484e-05;0.26030838;0.26027113;0.0;0.0;4862.6274;5798.0557;-2973.579;6129.1943;-342.65222;-1513.1355
2018-09-29;13.028412;-6.6011252;0.010189056;755.65314;1.1526861;178.5775;0.0;-7.3453654e-25;99.99998;-7.345365e-21;0.0021496227;-0.4540589;9.685755e-05;0.25749207;0.25738776;0.0;0.0;4822.03;5744.7266;-2948.7864;6105.8276;-315.42;-1536.5522
2018-09-30;12.860362;-3.3157756;0.009967804;757.02325;1.1230912;146.61285;0.0;-7.3453654e-25;99.99998;-7.345365e-21;0.0015586615;-0.43087453;7.4505806e-05;0.25464594;0.254564;0.0;0.0;4601.0815;5476.7876;-2687.6646;6419.3135;-299.31445;-1531.6544
2018-10-01;13.292786;-1.3442484;0.009738922;758.2558;0.8624706;151.8083;0.0;-7.3453654e-25;99.99998;-7.345365e-21;0.28461218;-0.44994617;0.011622906;0.26343763;0.25181472;0.0;0.0;4047.3582;4813.5244;-2314.7056;6844.4688;-312.56223;-1279.1145
2018-10-02;12.736969;0.1640625;0.009934743;758.7216;1.2623082;230.01912;0.0;-7.3453654e-25;99.99998;-7.345365e-21;0.0773457;-0.37939382;0.0034868717;0.2526939;0.24917722;0.0;0.0;3746.409;4451.8228;-2225.946;6760.1895;-263.55222;-1406.8961
2018-10-03;12.10611;-1.6838379;0.010070801;757.93024;1.2000334;233.44836;0.0;-7.3453654e-25;99.99998;-7.345365e-21;0.0012814989;-0.4155049;5.9604645e-05;0.24661422;0.24656206;0.0;0.0;4320.3076;5129.3667;-2609.8147;6299.3716;-288.6378;-1505.1945
2018-10-04;11.668671;-5.1989746;0.010306041;756.36346;1.1543354;139.79506;0.0;-7.3453654e-25;99.99998;-7.345365e-21;0.0;-0.4233718;0.0;0.24396181;0.24396181;0.0;0.0;4586.185;5440.3013;-2865.2625;5996.1665;-294.10223;-1531.0133
2018-10-05;10.471751;-4.860718;0.00974528;755.309;1.1103483;100.510895;0.0;-7.3453654e-25;99.99998;-7.345365e-21;0.3573789;-0.4524812;0.016495585;0.2578944;0.24141371;0.0;0.0;4180.771;4955.1055;-2552.8508;6217.574;-314.32333;-1369.0167
2018-10-06;9.093394;-1.1164042;0.0100619;756.16034;1.5925523;46.814075;0.0;-7.3453654e-25;99.99998;-7.345365e-21;0.027070692;-0.42596367;0.0012814999;0.24022162;0.23893267;0.0;0.0;4346.619;5146.975;-2579.9192;6091.3;-295.90332;-1580.4734
2018-10-07;9.01238;0.22219849;0.0096206665;757.02637;1.4624592;49.623898;0.0;-7.3453654e-25;99.99998;-7.345365e-21;0.011864305;-0.3888514;0.0005662441;0.23706257;0.23649633;0.0;0.0;4216.7554;4988.91;-2356.776;6371.638;-270.12112;-1639.0022
2018-10-08;9.637604;-1.8562113;0.009952545;756.8256;1.1141193;90.33252;0.0;-7.3453654e-25;99.99998;-7.345365e-21;0.03824532;-0.38678572;0.001758337;0.23585558;0.23409724;0.0;0.0;4058.692;4798.0615;-2390.7063;6373.739;-268.68668;-1422.4366
2018-10-09;10.212605;-0.05765788;0.010033925;756.0913;1.0981547;113.27472;0.0;-7.3453654e-25;99.99998;-7.345365e-21;1.2656987;-0.51094687;0.06431341;0.29608607;0.23176521;0.0;0.0;3706.4336;4377.89;-2042.0139;6733.8555;-354.93777;-1281.4989
2018-10-10;9.093211;2.3653157;0.009920756;757.1096;0.9242215;177.11302;0.0;-7.3453654e-25;99.99998;-7.345365e-21;1.9193043;-0.70509034;0.10676682;0.3363341;0.22955984;0.0;0.0;2731.7417;3223.8323;-1687.0897;6841.3267;-489.80222;-823.7022
2018-10-11;8.616313;0.76746625;0.01012675;756.1443;1.2033129;124.79679;0.0;-7.3453654e-25;99.99998;-7.345365e-21;0.24923086;-0.7857252;0.011265278;0.238657;0.22737682;0.0;0.0;3292.4294;3882.2573;-1746.4941;6822.9746;-545.81665;-1091.9022
2018-10-12;8.878174;1.094869;0.010110219;757.0135;1.0996351;96.67776;0.0;-7.3453654e-25;99.99998;-7.345365e-21;1.3559192;-0.85537505;0.078246;0.30344725;0.22520125;0.0;0.0;3667.195;4320.2915;-2078.1436;6486.096;-594.2011;-1096.4745
2018-10-13;9.065613;0.65126544;0.010011037;758.57715;1.1178056;75.82587;0.0;-7.3453654e-25;99.99998;-7.345365e-21;0.5672276;-0.92582774;0.026777387;0.24983287;0.22304058;0.0;0.0;3823.24;4500.22;-2148.6145;6439.257;-643.1411;-1127.5566
2018-10-14;8.137462;0.19809978;0.009904225;757.72577;1.2036104;97.57178;0.0;-7.3453654e-25;99.99998;-7.345365e-21;1.0744333;-0.880952;0.057056546;0.27798116;0.22091717;0.0;0.0;3634.9673;4275.25;-2083.0322;6369.02;-611.9678;-1085.8011
2018-10-15;9.289418;-1.1874695;0.0098724365;757.9003;0.9792039;170.77025;0.0;-7.3453654e-25;99.99998;-7.345365e-21;0.12830794;-0.9377897;0.0057965517;0.2246201;0.21882355;0.0;0.0;3885.1638;4565.5415;-2240.3716;6287.309;-651.4511;-1048.5834
2018-10-16;8.627217;-1.793691;0.009900411;758.0261;0.7961442;79.299034;0.0;-7.3453654e-25;99.99998;-7.345365e-21;0.21808147;-0.8345824;0.010251999;0.22697449;0.21674484;0.0;0.0;3746.2004;4400.8433;-2253.0244;6272.43;-579.75665;-975.24445
2018-10-17;7.621165;-0.15076701;0.01002121;756.96625;0.96646184;56.31064;0.0;-7.3453654e-25;99.99998;-7.345365e-21;0.25119185;-0.66771543;0.011697412;0.22642314;0.21471828;0.0;0.0;3412.6606;4007.8179;-2116.3467;6270.3975;-463.84;-995.88446
2018-10-18;7.899485;-1.4142456;0.010197957;755.96234;0.8656941;68.73856;0.0;-7.3453654e-25;99.99998;-7.345365e-21;0.061439276;-0.6788997;0.0026971102;0.21544099;0.21272898;0.0;0.0;3642.5955;4276.547;-2116.139;6340.6523;-471.6089;-1077.07
2018-10-19;7.241628;-0.17418416;0.009878795;756.1394;0.9321405;151.67107;0.0;-7.3453654e-25;99.99998;-7.345365e-21;0.318259;-0.58723056;0.014647841;0.22542477;0.21077693;0.0;0.0;3419.594;4013.4956;-2050.7312;6346.384;-407.93;-1092.22
2018-10-20;5.8137307;1.6131185;0.009914398;755.1259;0.8093701;173.65558;0.0;-7.3453654e-25;99.99998;-7.345365e-21;4.3860016;-0.6278213;0.26986003;0.4787743;0.20890683;0.0;0.0;2802.3083;3288.1423;-1689.0039;6487.39;-436.12668;-934.19666
2018-10-21;5.357432;3.0167744;0.009913127;754.34106;0.7573386;167.96239;0.0;-7.3453654e-25;99.99998;-7.345365e-21;6.3089757;-0.80805457;0.37238002;0.57952106;0.20713359;0.0;0.0;1957.8094;2296.669;-1030.6211;6967.3896;-561.3289;-540.79
2018-10-22;5.667562;3.0166016;0.009989421;755.3461;0.89364916;196.08293;0.0;-7.3453654e-25;99.99998;-7.345365e-21;0.58980286;-1.0774182;0.029668212;0.23506582;0.20540506;0.0;0.0;2408.446;2824.2068;-1165.6805;6969.2354;-748.44666;-758.7856
2018-10-23;5.4619546;0.94905597;0.0099817915;755.4095;0.96352535;168.09146;0.0;-7.3453654e-25;99.99998;-7.345365e-21;0.043717027;-1.0867398;0.0022277236;0.20585954;0.20363927;0.0;0.0;3155.0056;3698.301;-1645.2839;6469.4976;-754.92224;-971.91113
2018-10-24;4.5491333;3.7342021;0.009915669;752.94086;1.0294386;204.25734;0.0;-7.3453654e-25;99.99998;-7.345365e-21;17.961153;-0.952417;1.296863;1.4988184;0.20196289;0.0;0.0;1325.3983;1553.3978;-502.13834;7440.559;-661.61334;-455.52777
2018-10-25;5.049764;4.7685447;0.010092418;747.4873;1.3171397;200.96184;0.0;-7.3453654e-25;99.99998;-7.345365e-21;83.12055;-0.7008128;19.784838;20.70391;0.9190738;0.0;0.0;528.99945;620.0489;44.82389;7988.1123;-486.8322;-290.9222
2018-10-26;2.947469;2.3617046;-0.26187134;745.4543;1.7195407;207.60063;3.0304363;0.00054323673;112.88214;3.458659;50.8098;-0.9407252;13.514757;14.240831;0.72608143;0.0017732382;2.9960723;528.1633;618.7822;-79.04667;7680.862;-653.51276;-405.08334
2018-10-27;1.6003214;-5.1984963;-5.648987;754.38916;1.0528275;52.47939;18.577148;0.0027045012;147.91339;18.432617;0.026881695;-1.3693273;0.10445714;0.3027022;0.1982525;0.5564112;0.00070407987;2851.619;3840.6433;-1922.164;5508.4624;-952.2622;-565.48224
2018-10-28;1.9121704;-6.3585815;-9.087419;759.2864;1.5580649;26.01702;14.805664;0.0022064447;150.37758;14.811198;0.0004351138;-1.3626442;0.080525875;0.27807057;0.1975447;0.46095252;0.0;3436.6772;4476.763;-2400.2805;4871.723;-947.05664;-460.16
2018-10-29;2.695882;-6.0399375;-8.530696;758.8838;1.6468769;23.068665;11.486409;0.0017064015;150.50356;11.271159;0.0008525721;-1.4002658;0.08815527;0.2850294;0.19688159;0.51851386;0.0;3463.6943;4389.5635;-2332.926;5016.4946;-973.17;-391.96667
2018-10-30;3.074463;-8.365692;-8.905831;758.77905;1.4889787;20.798304;8.433513;0.0012526909;150.60057;8.544922;0.0008583069;-1.4718426;0.06735325;0.26361644;0.1962483;0.4053768;0.0;3551.94;4393.6387;-2421.5671;4940.7407;-1022.9756;-287.1889
2018-10-31;3.480662;-7.287689;-8.167415;759.3305;1.0067247;52.296986;5.908854;0.00087527436;150.66893;6.1035156;0.001708956;-1.3664048;0.05762279;0.25326014;0.1956448;0.35352632;0.0;3570.156;4334.933;-2361.3318;5115.794;-949.4011;-284.60443
2018-11-01;2.6953533;-5.096171;-7.645658;759.82;1.3049179;36.315586;3.8602703;0.0005704562;150.71938;3.7841797;0.0008523463;-1.3643131;0.043421984;0.23846328;0.19504875;0.27142465;0.0;3517.219;4209.811;-2245.785;5232.6543;-947.81775;-388.92557
2018-11-02;2.3491108;-1.7989401;-3.3340237;759.4878;1.5550562;36.702023;2.4545898;0.0003632307;150.73077;2.3600261;0.09341538;-0.89611113;0.036001205;0.23052096;0.19450486;0.16529486;0.00218302;2124.5361;2518.6956;-1083.2361;6480.12;-622.63446;-405.59222
2018-11-03;2.074056;-2.0204875;-5.240583;758.2037;1.5282947;36.684807;1.596517;0.00023587544;150.72069;1.4648438;0.009572506;-0.9434167;0.018209219;0.21219254;0.19399077;0.11242926;0.0017099082;2340.891;2758.87;-1533.3406;5974.2344;-655.43555;-432.31
2018-11-04;1.9004313;-1.0227762;-1.6261038;754.7402;1.3488132;34.72378;1.6049805;0.00024600825;150.48988;1.7496744;6.465393;-0.7455116;0.88465214;1.0781288;0.19349158;0.08902885;0.19997731;1270.3267;1497.7078;-536.2367;6961.545;-517.9689;-222.45222
2018-11-05;2.0443013;0.290507;-1.1053467;750.7666;0.8875535;58.63209;2.68514;0.00040896735;150.53612;2.4820964;7.319125;-0.82102513;1.0838062;1.2768507;0.1930371;0.1693815;0.22231787;1214.1884;1436.6533;-602.585;6963.779;-570.2611;-269.10223
2018-11-06;0.53915405;-1.113973;-0.8420741;749.3547;1.2096616;31.315268;6.666097;0.0010688702;148.33527;6.958008;7.4947357;-0.8062962;0.8210391;1.0136515;0.19260496;0.23069419;2.0862558;940.37335;1132.71;-454.935;6950.2744;-560.4072;-245.98
2018-11-07;0.049550373;-2.0877178;-1.5148646;753.0031;0.87699705;62.08196;17.426514;0.0025751193;147.59666;17.537436;2.9782386;-0.77465737;0.43565035;0.6278455;0.19218773;0.70895624;0.68519264;1397.7145;1797.1344;-654.94;6746.3354;-540.1;-395.10333
2018-11-08;0.17811076;-2.0399373;-3.2302067;752.3823;0.7533312;67.43473;15.188558;0.0022784472;150.85316;14.933269;2.1986992;-0.9409562;0.37133694;0.5631149;0.1917854;0.8959658;0.5901754;2266.0305;2864.2756;-1273.7494;6169.4966;-654.6111;-524.3911
2018-11-09;-1.1262512;-4.7990823;-6.072661;751.8632;0.9898637;50.17702;11.544353;0.0017156998;151.07713;11.352539;0.012978911;-0.98062587;0.12589991;0.31730533;0.19139796;0.71132;0.0052042305;2489.9512;3085.9343;-1454.2;5825.7944;-682.55;-639.61224
2018-11-10;-0.83551025;-4.7565207;-6.120691;752.5508;0.9689768;58.317627;7.7015786;0.0011454821;151.09828;7.446289;0.049495697;-0.860936;0.08657575;0.27759373;0.19101053;0.46653116;0.0011920929;2435.2305;2951.6055;-1468.3911;5813.089;-598.9422;-571.1067
2018-11-11;0.20998128;-4.084086;-6.523112;753.1691;0.8526216;72.91459;5.096517;0.00075725716;151.10643;4.760742;0.07908344;-0.7877015;0.06535649;0.25603175;0.1906529;0.33025628;0.0008940697;2436.9373;2911.5977;-1532.7128;5762.992;-547.5122;-391.61557
2018-11-12;0.32576498;-4.208242;-6.1897683;753.54645;0.7907073;88.66349;3.309489;0.00049169856;151.14159;3.3365886;0.010464058;-0.83101356;0.038713217;0.22903085;0.19031018;0.22368133;0.00029057264;2497.9229;2955.6843;-1592.5511;5756.98;-577.55664;-411.25665
2018-11-13;-0.07140096;-4.371765;-4.8194137;752.46606;0.87993306;56.464325;2.176595;0.00032416979;151.12694;1.8310547;0.21077693;-0.8318089;0.046163797;0.2361536;0.18998235;0.13014674;0.0024922192;2344.4539;2757.2922;-1250.8595;6127.2476;-578.1422;-457.16666
2018-11-14;-0.92717487;-2.6397197;-2.6894596;748.4556;0.82022357;114.149445;11.5390625;0.0017436346;139.24413;12.084961;6.8451715;-0.68575144;0.38936734;0.5790442;0.18967688;0.40270573;4.238665;1583.0133;1928.9055;-708.555;6607.1963;-477.37555;-410.54666
2018-11-15;-0.40935388;-0.76685715;-0.23295085;748.48535;0.96643335;154.9684;46.61336;0.006855607;143.71417;47.03776;10.025489;-0.43509528;0.9994656;1.1888444;0.18940866;1.0845661;4.717056;732.845;1206.44;-185.60667;7139.3267;-306.5789;-272.96777
2018-11-16;0.38644662;-0.32951102;-0.13858669;751.89667;0.8732502;170.5787;48.443195;0.007244269;151.08136;48.095703;4.426929;-0.61172247;1.0227859;1.2119412;0.18914789;2.022503;0.100545585;1359.8811;2194.9277;-496.91666;6915.6357;-428.21;-336.56778
2018-11-17;0.3313408;-2.280824;-4.0989685;755.163;0.9187391;176.77905;35.715332;0.00533553;151.67577;35.685223;0.42563736;-0.75285697;0.41648746;0.6053746;0.18888712;1.8868036;0.016242266;1829.2284;2637.8677;-1143.0283;6122.3135;-527.8233;-378.6311
2018-11-18;-0.8107376;-4.923687;-6.598513;753.1577;0.9085447;133.73282;25.475504;0.0038169622;152.01202;25.390625;0.00010430813;-0.8115042;0.23986399;0.4285127;0.18864125;1.28128;0.00010803342;2529.287;3407.5723;-1645.7988;5486.5156;-566.8444;-462.89334
2018-11-19;0.19805782;-5.008568;-6.767073;753.2601;0.94370514;63.96452;17.91976;0.002684633;152.23566;17.415365;0.0017195934;-0.78837013;0.19048154;0.37889183;0.18839538;1.0272264;0.0;2675.435;3439.129;-1837.1378;5376.765;-548.2989;-329.70557
2018-11-20;1.0878779;-4.806784;-7.346357;753.41925;0.81289;206.0113;11.971924;0.0017908415;152.38832;11.75944;0.0005841254;-0.8392902;0.14686584;0.3350377;0.18817186;0.79989994;0.0;2762.1511;3425.7834;-1859.4639;5387.921;-583.3289;-304.71
2018-11-21;-0.07381185;-2.5339458;-2.7915764;750.6194;1.2734966;178.5027;8.442871;0.0013116995;151.67348;8.666992;2.5034995;-0.8260738;0.26360154;0.4515797;0.18797815;0.46165848;1.1190921;2478.6628;3003.422;-1117.2783;6308.3574;-575.06665;-542.8822
2018-11-22;-0.5132446;-1.1333313;-0.1024704;748.5744;1.2747126;216.56816;43.009846;0.0073176622;146.77472;48.177082;22.700626;-0.588255;0.7583499;0.94616413;0.18782169;0.58022887;18.274847;854.635;1200.8567;-188.86945;7146.1777;-415.19888;-330.8
2018-11-23;-1.5999247;-2.397105;-0.9663442;748.5274;0.7422102;158.05554;99.85067;0.02346603;144.98305;162.55696;3.6557615;-0.14249422;0.36782026;0.5554855;0.18768013;1.2726058;2.593264;587.13947;2140.46;-531.08057;6555.1245;-107.13778;-115.20778
2018-11-24;-2.4375508;-4.7815247;-3.283656;751.8064;1.2762996;34.97387;98.96517;0.022099653;153.55824;144.36848;0.41775405;-0.17968751;0.38987398;0.5774349;0.18755347;1.9303504;0.13222173;858.2289;2752.5432;-799.93665;6087.4966;-132.9311;-57.406666
2018-11-25;-2.6558635;-4.7375083;-3.7257385;748.40656;0.8705597;144.97978;98.073;0.020967484;156.51788;133.95183;0.98629296;-0.18442981;0.2040416;0.3914833;0.18745661;1.0850952;0.901185;794.22943;2340.8545;-640.13446;6148.4746;-138.15334;-71.79444
2018-11-26;-3.409139;-5.078032;-3.9313889;749.81964;0.70144147;216.67566;98.11947;0.021802822;156.33983;139.44499;0.8508146;-0.23002642;0.09153783;0.27890503;0.1873672;0.45412964;0.6506294;1015.11554;2966.9146;-933.96387;5803.7373;-172.51167;-116.73333
2018-11-27;-2.2083638;-4.859192;-2.8808556;752.874;0.74176496;205.09111;97.571205;0.020855626;158.72198;131.38835;0.04824996;-0.200578;0.25571138;0.44301152;0.18730015;1.361195;0.038269907;929.36;2562.0933;-827.8883;6050.8145;-150.16722;-68.543335
2018-11-28;-1.2684631;-2.5509033;-4.040512;754.096;0.9503381;87.036835;96.40218;0.018137017;160.3369;113.64746;0.006648624;-0.13587531;0.6776452;0.8648932;0.18725544;3.533058;0.0007003546;1104.669;2842.3289;-951.6261;5896.8457;-98.498886;-88.12111
2018-11-29;-0.5481364;-2.8107502;-3.436821;755.3907;0.83936924;130.63292;86.769775;0.01444447;161.77765;89.51823;3.7900925;-0.14194846;1.1878163;1.3750196;0.18721819;4.163183;1.272522;1161.0322;2663.2021;-810.0856;6061.2065;-98.674446;-68.23
2018-11-30;0.6309102;-0.2522583;-0.017567953;755.3138;0.7141946;38.814613;95.59611;0.016255697;155.1533;104.410805;25.329073;-0.041671097;5.743921;5.9311686;0.18724054;3.1647942;4.238382;225.49;607.91;50.160557;7344.8765;-30.118889;-21.221111
2018-12-01;-0.8939921;-1.3711039;-0.124385834;751.5489;0.6578875;113.07792;99.41333;0.036845088;149.6953;241.65852;47.155605;-0.07286668;3.9890707;4.3533893;0.3643185;1.1195242;32.59023;138.69278;542.38;-117.06333;7095.2637;-56.412224;-55.354443
2018-12-02;-1.513204;-4.6951904;-3.380099;752.0358;0.7794438;66.77996;100.0;0.048022468;155.94269;308.51236;0.08863211;-0.066075474;0.018030405;0.20863116;0.19060075;0.08485839;0.058479607;744.255;2640.34;-1242.4172;5474.71;-46.343334;-33.171112
2018-12-03;-3.24528;-10.120144;-10.047553;752.0278;1.0609092;47.096294;100.0;0.047953963;160.36195;299.15366;0.0;-0.06946176;0.015884638;0.20959973;0.19370764;0.084117055;0.0;865.36945;2844.8254;-1128.0695;5027.351;-48.628887;44.10889
2018-12-04;-2.8819275;-8.788337;-6.6088543;752.5903;0.9966958;155.2199;100.0;0.049610537;163.39516;303.14127;5.537325;-0.06537326;0.12743473;0.32445788;0.19702315;0.08302927;2.1265652;560.2978;1795.2722;-445.97665;6047.3535;-48.086666;31.996666
2018-12-05;-1.029307;-1.7950236;-0.36439005;749.1547;0.47436705;140.48308;100.0;0.056580264;169.51918;332.80435;10.889843;-0.07270556;0.77176094;0.97221136;0.20045042;1.0116174;6.9820323;363.74112;1112.2322;-254.0411;6893.317;-55.48;-80.013336
2018-12-06;-1.5181376;-3.5310364;-0.8289388;743.86884;0.7580119;31.039223;100.0;0.0604742;173.71678;348.10385;1.3480818;-0.12090057;0.08636713;0.29031932;0.20394474;0.29150024;0.905782;769.4178;2369.08;-948.7172;6030.1772;-89.32445;-63.164444
2018-12-07;-2.7784832;-3.4750366;-1.4384016;744.39056;0.6508226;139.3286;100.0;0.06397156;176.9912;360.06674;8.10864;-0.1496207;0.04607439;0.25361776;0.20753592;0.10002777;7.3909535;501.34222;1492.0555;-296.01944;6749.4194;-115.00667;-136.5389
2018-12-08;-3.3668213;-3.815389;-1.2062225;746.96124;0.55309623;192.19312;100.0;0.07534901;168.4007;445.06836;12.115106;-0.19971189;0.03425777;0.24542212;0.2111718;0.03856048;11.331856;404.29056;1397.5767;-227.57834;6830.432;-154.59222;-206.42111
2018-12-09;-3.965871;-4.740692;-2.198653;749.37134;0.5624675;192.36511;100.0;0.08654193;162.69952;530.7617;5.6746154;-0.15102886;0.0;0.21480024;0.21480769;0.0;5.481333;520.6539;1958.7578;-437.2361;6503.602;-115.12778;-153.53555
2018-12-10;-4.652466;-6.5052056;-4.52565;749.9841;0.67992425;126.45655;100.0;0.08806483;168.06866;524.00714;0.059723854;-0.11669751;0.0;0.21839142;0.21839887;0.0;0.055421144;651.87445;2303.3132;-699.0072;5996.852;-87.13;-104.562225
2018-12-11;-4.3464456;-5.002726;-4.4284835;750.8129;1.1191508;144.83662;100.0;0.090644;171.14972;528.19824;8.038431;-0.05205348;0.00043213367;0.22238493;0.2219379;0.0;7.572435;262.1128;910.9067;24.710556;6843.376;-39.88222;-76.272224
2018-12-12;-3.1885579;-3.5432842;-1.6400617;749.4041;1.2922494;186.49431;100.0;0.10700556;167.72655;634.3994;27.382643;-0.16812794;0.06247312;0.28789043;0.22542477;0.0;25.580921;202.87833;779.6422;-16.047222;7016.6235;-131.04;-182.91
2018-12-13;-4.136322;-4.5405197;-1.8796158;749.4458;1.30781;213.06921;100.0;0.14378636;159.88768;896.403;20.787416;-0.14700182;0.024691224;0.25351346;0.22881478;0.0;19.906528;226.90167;924.51776;-276.44388;6646.8335;-114.185555;-167.03111
2018-12-14;-6.5239005;-8.118289;-5.58815;753.0105;0.8891702;147.2408;100.0;0.1485492;169.05727;879.8421;0.028270483;-0.073892064;0.0;0.23214519;0.23213774;0.0;0.028215349;756.5233;2891.1821;-1192.6233;5236.2065;-53.184444;-79.85222
2018-12-15;-6.7404175;-11.369241;-10.185676;754.55444;1.0981499;41.092648;100.0;0.14854507;175.89386;845.0114;0.0020176172;-0.04684739;0.0;0.23536384;0.23535639;0.0;0.0011660159;795.17554;2958.0088;-1098.2178;4973.507;-32.1;-10.642222
2018-12-16;-4.6850486;-9.786822;-12.435375;754.978;0.8333934;135.84886;100.0;0.14857364;180.72719;822.63184;0.0012872142;-0.00433065;0.0;0.23849308;0.23849308;0.0;0.0;824.7622;2994.2788;-1016.7828;4900.7705;0.07444444;43.33889
2018-12-17;-4.3545127;-8.321544;-10.552063;750.415;0.74233466;84.39737;100.0;0.15011732;183.84503;815.6738;6.4059706;-0.005790964;0.0;0.24153292;0.24154037;0.0;6.2295794;538.1089;1920.0856;-150.24611;6166.1606;-2.37;15.475555
2018-12-18;-3.9853923;-4.8720603;-5.7769675;751.5542;0.5437773;240.52913;100.0;0.15624245;184.65233;846.5983;1.5557587;-0.013980083;0.0;0.24449825;0.2444908;0.0;1.417376;329.07834;1274.4111;-78.935555;6684.8867;-9.4366665;-36.383335
2018-12-19;-5.155721;-6.993978;-6.3872657;753.1425;0.913045;45.761795;100.0;0.15681939;191.55336;819.2546;0.008779764;-0.03981404;0.0;0.24729967;0.24732947;0.0;0.0065118074;750.61554;2843.7278;-1132.9216;5261.3633;-26.803333;-54.92889
2018-12-20;-6.3111167;-7.769043;-7.7556663;748.7868;0.8003133;28.388083;100.0;0.16037047;193.1878;829.58984;6.1996903;-0.0028572977;0.0;0.2500713;0.2500713;0.0;5.85125;342.55554;1295.9133;-222.84166;6257.54;-1.0111111;-14.137777
2018-12-21;-5.574392;-7.9356284;-6.904673;750.56396;0.80620456;49.776917;100.0;0.16433148;195.3548;841.55273;1.3644094;-0.032845885;0.0;0.2526939;0.2526939;0.0;1.2923851;537.9817;2121.5156;-871.51;5543.531;-22.347778;-29.533333
2018-12-22;-7.812032;-11.559558;-10.342022;750.2315;1.0037018;40.345913;100.0;0.16460879;200.3294;822.2249;0.0044345856;-0.043893233;0.0;0.2552122;0.2552122;0.0;0.002734363;709.25836;2721.311;-960.81165;5100.0635;-30.467777;-47.802223
2018-12-23;-7.118857;-10.233296;-13.109668;750.02155;0.82332975;179.81181;100.0;0.16464595;204.14093;806.9255;0.14625788;-0.0035092235;0.0;0.25762618;0.25763363;0.0;0.13922155;817.3772;3062.0767;-971.96;4846.5967;0.5466667;15.538889
2018-12-24;-6.896601;-7.7225494;-10.450935;747.60846;0.6963377;175.75238;100.0;0.17302234;197.9658;873.12823;16.404707;0.025574118;0.0;0.25993586;0.2599582;0.0;16.383472;299.71722;1130.1122;-154.32777;6129.286;20.51111;-5.3055553
2018-12-25;-8.547055;-11.109043;-10.583301;750.8872;0.8463385;209.45361;100.0;0.18134876;193.95018;935.791;0.071412325;-0.026267022;0.0;0.26217103;0.26217103;0.0;0.06757304;679.8722;2834.3823;-973.9039;5054.2065;-16.887777;-34.034443
2018-12-26;-7.0877037;-9.128694;-11.578841;749.1794;0.717225;207.9687;100.0;0.18197136;197.90948;919.5964;2.0418255;0.0011483207;0.0;0.264287;0.264287;0.0;2.0301528;630.42053;2552.9321;-358.675;5793.4844;3.4566667;-15.596666
2018-12-27;-4.5195274;-5.20886;-7.251034;744.21124;0.47360504;196.64494;100.0;0.19746177;190.18097;1035.9293;31.807524;0.014334917;0.0;0.26631355;0.26631355;0.0;31.604;164.51445;679.54553;138.42166;6803.6562;11.58;-7.9866667
2018-12-28;-6.3814073;-7.8012443;-5.8470826;741.6941;0.646518;174.10637;100.0;0.22673588;177.1074;1278.6865;15.804838;-0.06708689;0.0;0.2682507;0.2682507;0.0;15.757338;346.19223;1499.9523;-251.8689;6388.278;-50.511112;-90.42111
2018-12-29;-7.088131;-8.207748;-6.3691688;747.404;0.6486892;180.67719;100.0;0.23399837;183.38507;1277.7914;2.3238242;-0.059057027;0.0;0.27008355;0.270091;0.0;2.305582;449.64444;1934.8534;-521.67554;5987.001;-43.80111;-77.638885
2018-12-30;-9.005081;-13.11093;-8.957738;747.9189;0.5821831;131.95448;100.0;0.23495097;191.81117;1225.8301;2.013898;-0.09340607;0.0;0.27182698;0.27181953;0.0;2.0054207;690.1578;2885.9844;-1003.2428;5117.415;-68.83667;-121.04
2018-12-31;-8.411091;-10.05851;-9.516937;748.5588;0.6013474;213.68756;100.0;0.25156143;181.37206;1384.6842;26.388458;0.0056028366;0.0;0.2734661;0.273481;0.0;26.386328;242.32777;1026.7134;-69.52333;6269.6123;5.192222;-30.168888
2019-01-01;-8.035455;-10.488766;-9.451945;750.9699;0.69198376;140.48213;100.0;0.2640543;181.19008;1459.7982;0.33685565;-0.032205135;0.0;0.27504563;0.27505308;0.0;0.33597276;571.63;2454.6633;-961.6567;5172.9155;-21.936666;-53.525555
2019-01-02;-8.910915;-14.168042;-14.218335;748.4458;0.8929538;57.071243;100.0;0.264118;188.86815;1399.9838;0.0025361776;-0.018078834;0.0;0.27653575;0.27653575;0.0;0.0016763806;769.68555;3213.6633;-1286.8756;4318.768;-10.555555;28.562222
2019-01-03;-9.14284;-11.200311;-13.787247;746.614;0.85188323;97.662865;100.0;0.26848826;189.54784;1416.2191;5.888343;0.010410324;0.0;0.27795136;0.2779439;0.0;5.852021;407.65332;1704.1256;11.740556;6044.519;9.58;-9.954445
2019-01-04;-7.76211;-9.916844;-10.827271;752.99896;0.7901456;159.19188;100.0;0.27014613;194.91664;1387.7767;0.19352436;-0.019932166;0.0;0.27927756;0.27927756;0.0;0.19019097;660.86664;2700.6445;-443.2672;5780.9746;-12.194445;-57.343334
2019-01-05;-6.8609185;-11.11362;-10.539193;749.73193;0.6539024;247.76483;100.0;0.2703139;202.2871;1337.9313;0.43910742;-0.037556514;0.0;0.28051436;0.2805218;0.0;0.41806698;781.5111;3119.9233;-962.9389;5076.2646;-25.044445;-41.366665
2019-01-06;-7.448391;-9.167893;-9.748277;741.77124;0.48417708;171.20107;100.0;0.27769986;201.56053;1375.6918;18.717606;0.001931563;0.0;0.28169155;0.281699;0.0;18.698912;334.92444;1346.5667;-75.72;6298.7026;2.6222222;-31.221111
2019-01-07;-9.196088;-10.476054;-8.667907;744.22266;0.9593062;189.20952;100.0;0.30190268;186.89027;1614.1764;14.446163;-0.049787574;0.0;0.28280914;0.28280914;0.0;14.44133;554.3272;2412.7322;-564.1322;5743.581;-36.280556;-110.98778
2019-01-08;-8.585888;-9.793874;-8.481261;745.3884;0.9894622;167.52213;100.0;0.3135785;187.45409;1672.0785;14.441716;-0.055414625;0.0;0.28385222;0.28385222;0.0;14.429659;365.32333;1563.0956;-125.28889;6301.802;-41.65333;-108.49111
2019-01-09;-10.097598;-11.633584;-8.552376;741.9344;1.0228926;182.036;100.0;0.34154284;181.31248;1881.958;25.788431;-0.10132138;0.0;0.2848208;0.28482825;0.0;25.744297;379.93668;1658.419;-539.6533;5722.0933;-77.435;-136.45334
2019-01-10;-10.785657;-18.59949;-14.444135;750.3147;0.99081105;56.24387;100.0;0.34768322;188.37335;1848.8363;0.0018060207;-0.048866495;0.0;0.28572977;0.28572977;0.0;0.00052154064;824.7611;3521.439;-1716.7556;3722.1228;-33.815556;29.602222
2019-01-11;-10.968677;-21.478586;-19.454206;750.5153;1.3334689;6.3166504;100.0;0.347692;194.43227;1790.2426;0.0021522336;-0.026430935;0.0;0.28656423;0.28656423;0.0;0.0;861.9878;3579.7234;-1408.4022;3753.4058;-17.132223;115.84778
2019-01-12;-8.595927;-23.442251;-20.516855;747.55853;0.7143982;316.2683;100.0;0.3477014;198.86293;1750.3662;0.0;-0.03268011;0.0;0.2873391;0.2873391;0.0;0.0;794.0856;3210.39;-995.925;4236.491;-22.465;91.922226
2019-01-13;-9.339314;-13.385678;-18.150637;742.36865;0.5204819;290.24185;100.0;0.35332635;197.77504;1785.2377;16.527767;0.017954968;0.0;0.28806925;0.2880767;0.0;16.519934;247.07278;983.5133;315.89166;6062.461;14.070556;34.43778
2019-01-14;-8.186141;-9.771317;-12.580593;741.4943;0.81016016;201.4196;100.0;0.3688135;191.34471;1928.7109;6.868091;0.002356246;0.0;0.2887547;0.2887547;0.0;6.852843;632.98944;2707.5945;-91.73111;6093.433;4.3977776;-53.166668
2019-01-15;-6.474253;-7.43145;-8.387703;747.1846;1.1694076;208.40245;100.0;0.37382445;199.02406;1881.5104;3.2141356;-0.02293475;0.0;0.28936565;0.2893731;0.0;3.1981096;477.99777;2012.66;-66.48111;6485.154;-15.632222;-73.29
2019-01-16;-6.652765;-8.270496;-7.025669;742.5949;0.83109623;152.58902;100.0;0.37756702;208.92348;1808.5123;8.172924;-0.05793292;0.0;0.2899319;0.28992444;0.0;8.162342;747.61;3121.4734;-739.35333;5722.822;-40.745556;-99.53555
2019-01-17;-8.780643;-10.743283;-8.229491;737.11676;0.6558645;94.40124;100.0;0.38981292;209.29393;1863.6475;7.7822866;-0.04503131;0.0;0.29042363;0.29043108;0.0;7.7773185;418.89722;1798.0056;-567.5917;5712.311;-33.342224;-77.21222
2019-01-18;-9.121844;-11.160571;-8.975862;745.1582;0.59635836;136.35;100.0;0.3937817;215.95961;1825.7242;1.5394354;-0.065224245;0.0;0.29088557;0.29089302;0.0;1.5359297;597.7772;2523.49;-749.1911;5494.41;-47.534443;-101.28445
2019-01-19;-10.705842;-15.547604;-12.78478;747.8672;0.95417064;85.206795;100.0;0.39420387;223.64874;1764.6078;0.003117323;-0.04846789;0.0;0.2913028;0.29129535;0.0;0.0014230609;895.8822;3685.6067;-1595.0928;4034.7986;-33.037777;-44.516666
2019-01-20;-10.612286;-19.963636;-17.143267;749.4838;1.0418442;49.626465;100.0;0.39421332;228.78416;1724.2838;0.0008523463;-0.045333058;0.0;0.29166043;0.29165298;0.0;0.0;942.6872;3777.6821;-1480.2417;3849.9312;-30.91;51.82111
2019-01-21;-9.661091;-19.593334;-18.319685;749.0335;1.0029451;154.38545;100.0;0.39422393;232.59178;1696.6959;0.021642445;-0.039797276;0.0;0.29194355;0.2919659;0.0;0.019147992;943.76556;3685.0166;-943.5528;4493.316;-26.925556;49.81333
2019-01-22;-9.454037;-16.88679;-17.301308;747.05255;0.94522244;84.60562;100.0;0.39425516;236.29066;1670.0846;0.0;-0.02965331;0.0;0.29222667;0.29223412;0.0;0.0;953.0161;3628.7866;-1129.5078;4370.078;-19.108889;23.405556
2019-01-23;-10.106858;-14.58377;-17.400345;748.3625;1.0330042;60.890743;100.0;0.39428172;239.9225;1644.6533;0.0012934207;-0.008715317;0.0;0.29248;0.2924651;0.0;0.0;1011.3822;3757.6667;-1152.044;4336.432;-3.0377777;27.365555
2019-01-24;-8.074787;-11.064727;-16.470993;749.63385;0.77847576;249.76166;100.0;0.39435247;243.42348;1621.1344;0.1499812;0.0096503645;0.0;0.2926588;0.2926588;0.0;0.14564022;944.87054;3425.9067;-693.60364;5007.2544;10.608889;4.167778
2019-01-25;-5.9617715;-7.1451516;-12.161758;748.3974;0.5520985;173.08513;100.0;0.39847705;243.52113;1636.556;5.859866;0.016028062;0.0;0.29282272;0.29281527;0.0;5.7954082;574.4678;2162.4111;-27.172222;6275.266;14.36;-32.603333
2019-01-26;-6.0657706;-8.280678;-9.885457;749.68024;0.8057956;226.93416;100.0;0.4004712;247.45213;1620.1986;0.31930804;-0.021828339;0.0;0.29294193;0.29293448;0.0;0.2998039;899.56775;3412.2656;-827.94;5397.1533;-12.482223;-53.031113
2019-01-27;-3.9861145;-4.8758545;-7.138967;747.43744;0.55345744;285.84106;100.0;0.41892552;240.7018;1738.566;39.38124;0.0034235418;0.0;0.29301643;0.29302388;0.0;35.20754;389.68222;1603.6855;96.01222;6791.7573;4.3755555;-40.77
2019-01-28;-2.7660217;-3.3012695;-2.0828552;740.62494;0.9441616;124.80001;100.0;0.46939826;228.39125;2051.6765;61.963585;-0.08758437;0.08189678;0.37498772;0.29309094;0.0;58.468727;119.583885;518.9633;3.1755555;7035.177;-68.27778;-81.746666
2019-01-29;-4.0545144;-4.822557;-2.1347046;746.01294;1.0003306;170.65755;100.0;0.5097871;229.76723;2223.0632;7.135636;-0.21352619;0.0;0.29313564;0.29313564;0.0;7.1256905;507.9178;2134.5288;-343.52527;6604.151;-163.84;-221.04333
2019-01-30;-4.4675813;-7.5038147;-4.3391824;750.4548;0.68893534;155.84062;100.0;0.5110186;244.5895;2093.0176;0.0075101852;-0.13012625;0.0;0.29315054;0.29315054;0.0;0.00552088;797.4128;3211.8477;-1346.1644;5133.249;-95.757774;-103.00222
2019-01-31;-6.000006;-7.553093;-7.160774;748.7526;0.53722197;216.52806;100.0;0.5119081;253.90135;2018.3512;1.5922189;-0.07140823;0.0;0.29316545;0.293158;0.0;1.5882291;601.30054;2357.838;-417.7836;6071.309;-52.605556;-96.32667
2019-02-01;-5.855886;-7.1111794;-6.0980086;748.4515;0.81431204;240.11516;100.0;0.5130523;261.53516;1963.7451;2.2834182;-0.11032447;0.0;0.29316545;0.293158;0.0;2.2799969;761.8444;2942.6233;-431.47583;6222.3184;-81.93;-143.05556
2019-02-02;-6.925547;-8.771653;-5.935028;746.1768;0.9180345;147.88521;100.0;0.5176266;265.91733;1947.8353;3.3178926;-0.12466498;0.0;0.29315054;0.293158;0.0;3.3122897;804.76276;3215.5571;-1056.2648;5397.5977;-92.723335;-147.60333
2019-02-03;-8.2356825;-14.081425;-9.582314;749.9719;1.1509517;23.290083;100.0;0.51850396;271.9564;1908.2845;0.0011920929;-0.09214133;0.0;0.29313564;0.29313564;0.0;0.0011920929;1071.4044;4211.527;-1654.4456;4284.5933;-64.89555;-62.053333
2019-02-04;-8.135834;-16.898914;-12.853344;754.4966;1.3444151;16.525267;100.0;0.5185015;276.65268;1875.2848;0.0017149223;-0.07953122;0.0;0.29309094;0.2930835;0.0;0.0;1148.461;4399.1313;-1714.3911;3966.4907;-55.15333;29.653334
2019-02-05;-6.847056;-17.333878;-14.913102;756.753;1.3811407;10.737374;100.0;0.5185091;280.19858;1851.5625;0.0004351138;-0.06403029;0.0;0.29303133;0.2930388;0.0;0.0;1200.7023;4486.574;-1589.9283;4005.7195;-43.47111;93.6
2019-02-06;-3.3551;-17.610022;-15.080948;755.84406;1.034524;140.15779;100.0;0.51851577;283.2819;1831.4209;0.0004351138;-0.077680685;0.0;0.29297173;0.29297918;0.0;0.0;1224.1984;4463.947;-1200.3981;4540.442;-54.02667;98.59889
2019-02-07;-3.145111;-15.132179;-12.215805;752.2661;0.6412826;282.49564;100.0;0.51923794;286.08463;1815.8365;1.7888081;-0.08350611;0.0;0.29289722;0.29291213;0.0;1.5823767;836.99554;2977.775;-321.02057;5930.3364;-60.193333;20.057777
2019-02-08;-4.066508;-7.892344;-8.993571;748.7165;0.42246982;194.35042;100.0;0.52437085;285.59537;1835.6934;10.282061;-0.029219314;0.0;0.29283762;0.29285252;0.0;10.096773;638.98114;2331.8328;-138.41556;6395.35;-19.862223;-45.585556
2019-02-09;-4.6279907;-5.9370728;-6.3761497;746.3218;0.55092525;158.30907;100.0;0.534331;281.99902;1894.8568;7.3133645;-0.06082654;0.0;0.29277802;0.29277056;0.0;7.1172714;720.25836;2919.81;-389.6225;6292.197;-43.02778;-107.32333
2019-02-10;-5.2955933;-6.7010903;-5.543142;747.2634;0.68801326;141.61569;100.0;0.53841877;285.0371;1890.7064;0.37260652;-0.115163624;0.0;0.2926737;0.2926737;0.0;0.36026537;853.3578;3501.7112;-726.98;5908.4136;-84.23111;-140.86667
2019-02-11;-6.8048096;-9.510124;-6.4548645;746.27856;0.89663976;73.956184;100.0;0.5384822;291.1224;1851.1149;0.041148067;-0.14301762;0.0;0.2925545;0.29256195;0.0;0.036858022;978.0722;3913.4705;-1222.3458;5157.9004;-105.11667;-168.9289
2019-02-12;-7.2841163;-12.801862;-9.036754;749.156;1.040579;94.20887;100.0;0.5384698;296.00977;1820.0277;0.005203485;-0.12042746;0.0;0.2924353;0.2924353;0.0;0.0035837293;1169.4567;4557.682;-1508.848;4558.045;-86.041115;-114.76
2019-02-13;-4.69111;-12.261185;-11.121536;751.58734;0.90934056;90.97348;100.0;0.5384688;299.7793;1797.526;0.0;-0.07346179;0.0;0.29227138;0.29229373;0.0;0.0;1245.925;4736.0513;-1503.5194;4445.044;-49.86889;-4.437778
2019-02-14;-5.7215714;-12.728516;-11.481522;747.799;0.6727;99.43035;100.0;0.5397137;301.40332;1790.3646;6.7786484;-0.09591691;0.0;0.29215217;0.29214472;0.0;6.6697598;1206.1934;4472.6055;-896.8961;5222.1196;-67.365555;-38.836666
2019-02-15;-5.636251;-8.389659;-9.015147;743.2045;0.6608799;86.636536;100.0;0.5525309;287.91373;1918.2943;7.941711;-0.045452267;0.0;0.29197335;0.29198825;0.0;7.9112053;850.10724;3542.6523;-536.0775;5871.5;-30.216667;-101.09556
2019-02-16;-6.499105;-8.072896;-7.76886;745.0279;0.943423;238.46039;100.0;0.5572267;288.10385;1934.733;3.8976848;-0.060914084;0.0;0.29182434;0.2918318;0.0;3.8920083;856.8189;3557.1917;-569.3233;5923.0093;-42.943333;-142.34778
2019-02-17;-7.160319;-9.634566;-7.69644;746.23486;0.7236929;243.68779;100.0;0.5589166;291.91602;1916.1783;0.10332465;-0.124268234;0.0;0.29166043;0.29165298;0.0;0.10155514;1119.3223;4579.9463;-1203.6978;5090.1724;-89.251114;-174.15445
2019-02-18;-7.913672;-10.318138;-9.161675;743.59674;0.900333;197.01396;100.0;0.5590201;296.5065;1886.6373;0.11238754;-0.08595921;0.0;0.2914667;0.2914667;0.0;0.10629743;1173.0483;4678.8306;-1274.5558;4876.952;-59.84889;-140.96666
2019-02-19;-7.957971;-14.036072;-9.992166;744.78094;0.98129153;119.63983;100.0;0.5590568;300.52637;1861.3688;0.019347666;-0.13207458;0.0;0.2912581;0.2912581;0.0;0.015072525;1259.125;4898.661;-1479.3228;4580.986;-94.49111;-126.90667
2019-02-20;-6.859276;-15.338107;-12.114834;749.6269;0.9536429;193.80164;100.0;0.55905396;303.94336;1840.1693;0.0017225739;-0.10139402;0.0;0.29104948;0.29104203;0.0;0.0;1372.2012;5202.3726;-1686.455;4126.0894;-70.69444;-27.901112
2019-02-21;-7.609179;-11.7403145;-12.820914;748.6445;0.80981475;220.73582;100.0;0.55907345;306.81967;1822.8353;0.067430735;-0.05748961;0.0;0.29081106;0.29082596;0.0;0.061415136;1324.9789;4900.049;-1233.8617;4667.959;-38.34111;-81.344444
2019-02-22;-7.84847;-10.093307;-11.324627;748.23584;0.87115;111.28146;100.0;0.559254;309.44565;1807.9834;0.20679261;-0.08161925;0.0;0.29058754;0.29060245;0.0;0.20179152;1214.6844;4396.39;-834.75165;5349.4067;-57.494446;-124.11222
2019-02-23;-7.070413;-11.094936;-10.053909;750.0704;1.0077986;64.6545;100.0;0.5593587;312.4437;1791.1377;0.0067568608;-0.10170415;0.0;0.29036403;0.29036403;0.0;0.0037662685;1400.6267;4964.601;-1289.7461;4918.6587;-71.01778;-131.62666
2019-02-24;-6.3394227;-12.873422;-10.626954;750.62006;0.98269373;66.21437;100.0;0.559364;315.50717;1774.292;0.0017105285;-0.103783794;0.0;0.2901107;0.2901107;0.0;0.0;1524.0717;5282.292;-1571.711;4496.16;-72.13778;-72.03222
2019-02-25;-5.77545;-10.57657;-10.783294;750.4575;0.86359805;188.55249;100.0;0.55936426;318.34116;1758.2194;0.005561113;-0.09712204;0.0;0.2898574;0.28984994;0.0;0.0024437904;1552.9;5262.372;-1445.5383;4658.602;-67.78111;-80.03111
2019-02-26;-5.281924;-7.083925;-9.366807;744.0857;0.90059465;203.95984;100.0;0.56159985;318.38638;1762.3291;15.114106;-0.12477487;0.0;0.28958917;0.28958917;0.0;15.014701;1279.4684;4243.693;-603.6739;5878.176;-91.25;-118.46111
2019-02-27;-5.5824485;-6.5540566;-6.626068;735.386;0.9127295;205.71948;100.0;0.594965;283.67545;2094.9707;25.594742;-0.055245124;0.0;0.28933585;0.28933585;0.0;25.501776;658.7783;2861.5723;-256.26694;6441.437;-39.09;-128.91222
2019-02-28;-6.47332;-7.81875;-5.772841;733.6503;0.83478075;166.30832;100.0;0.61768305;271.46323;2273.7224;24.637093;-0.12805966;0.0;0.28908253;0.28908253;0.0;24.591208;521.7267;2247.1033;-319.47974;6323.614;-97.03555;-165.56778
2019-03-01;-6.515184;-8.490668;-6.3029213;736.5059;1.0708027;201.73572;100.0;0.6301972;270.54166;2332.072;2.221942;-0.14291611;0.0;0.2887994;0.2888143;0.0;2.2098944;1071.3506;4615.4985;-982.39886;5507.58;-104.40111;-179.25555
2019-03-02;-6.860831;-8.840866;-6.776428;742.03143;1.3767147;210.99666;100.0;0.63220525;277.2985;2282.3079;1.7952949;-0.22364222;0.0;0.28851628;0.28851628;0.0;1.7740763;1115.03;4701.5654;-789.2267;5702.609;-167.24222;-223.82222
2019-03-03;-5.4899926;-6.7038474;-5.8392754;744.66364;1.1915118;196.45241;100.0;0.6358586;282.10416;2255.0457;7.754326;-0.16874167;0.0;0.28821826;0.28821826;0.0;7.745311;841.0039;3489.949;-271.48834;6469.247;-126.456665;-225.16556
2019-03-04;-5.1356163;-6.08697;-4.682392;746.392;0.8330984;199.62883;100.0;0.64754397;281.5547;2300.9033;7.858163;-0.13460405;0.0;0.28792024;0.28793514;0.0;7.8442507;699.09076;2991.3665;-482.135;6264.068;-100.68389;-181.27888
2019-03-05;-5.198288;-7.5506415;-5.2501717;748.6927;0.90545577;94.05319;100.0;0.6494934;288.667;2252.3193;0.025808811;-0.19671023;0.0;0.2876222;0.2876222;0.0;0.02238527;1207.1198;5045.901;-1202.1594;5363.281;-143.97888;-230.61444
2019-03-06;-5.124125;-9.622401;-7.581865;748.5234;0.79083633;168.39848;100.0;0.6494779;295.40952;2200.3582;0.015101242;-0.13791025;0.0;0.2872795;0.2872795;0.0;0.013809651;1437.0619;5853.391;-1546.7861;4692.818;-96.318886;-147.20778
2019-03-07;-4.868276;-6.194651;-7.082751;745.17645;0.8102136;169.02107;100.0;0.65194774;299.19205;2179.362;7.3800683;-0.08952804;0.0;0.28695166;0.2869442;0.0;7.2195044;945.44556;3775.562;-480.1078;6144.7656;-64.44;-153.68556
2019-03-08;-5.2486367;-9.343003;-6.2844033;749.5872;1.8780446;27.094995;100.0;0.65872157;299.5482;2200.5208;1.2098134;-0.33752155;0.0;0.28660893;0.28660893;0.0;1.1853762;1256.3966;5214.7812;-1162.2766;5344.65;-253.84222;-140.53
2019-03-09;-4.173228;-12.975709;-8.484337;754.195;1.2087256;21.620382;100.0;0.6587908;304.9108;2161.9465;0.0017195934;-0.16799755;0.0;0.2862364;0.2862364;0.0;0.0;1526.5873;6155.42;-1810.6731;4311.5127;-118.15667;-70.736664
2019-03-10;-3.054179;-11.436297;-9.541125;749.44147;0.91170484;159.14528;100.0;0.65877455;309.29233;2131.5105;0.002138374;-0.15182048;0.0;0.28586388;0.28586388;0.0;0.0;1485.0253;5832.515;-1360.4327;4856.938;-106.79889;-74.53778
2019-03-11;-3.2708232;-9.187672;-9.342651;749.16406;0.89386386;142.72108;100.0;0.65877384;313.33203;2104.004;0.0021568567;-0.1303982;0.0;0.28547645;0.28547645;0.0;0.0;1600.1237;6129.697;-1509.4806;4729.3735;-90.04;-95.84778
2019-03-12;-1.9683737;-5.78303;-8.738281;751.8133;0.8655975;174.95955;100.0;0.6587962;317.23242;2077.9622;0.0040769577;-0.094264746;0.0;0.28508902;0.28508902;0.0;0.0019297004;1605.6736;5998.931;-1188.4362;5221.9277;-62.67;-103.916664
2019-03-13;-1.6794434;-4.079386;-6.3944244;749.6346;0.71508425;151.95604;100.0;0.6588293;321.4313;2050.9033;0.019788742;-0.104418024;0.0;0.2847016;0.28470904;0.0;0.01635775;1439.1986;5251.608;-979.4672;5700.8706;-71.316666;-136.98222
2019-03-14;-2.4595032;-3.522583;-5.284083;744.8196;0.64030045;76.28307;100.0;0.6710927;317.29068;2113.322;30.222685;-0.017587095;0.0;0.28434396;0.28434396;0.0;28.20989;583.9461;2167.7708;-262.90332;6515.1772;-11.098889;-41.273335
2019-03-15;-2.6380208;-4.1571555;-3.098058;745.0638;1.0986539;205.80927;100.0;0.6901979;310.10873;2227.702;2.4303753;-0.2657622;0.0;0.28395653;0.28396398;0.0;2.1724403;1122.6758;4760.782;-526.38165;6474.3765;-198.39778;-237.14
2019-03-16;-3.5330403;-4.1791587;-2.463094;744.3848;0.9239513;178.49507;100.0;0.7063677;306.09082;2305.7861;32.237778;-0.17344207;0.0;0.2835989;0.28359145;0.0;31.366549;508.3964;2139.189;-189.805;6800.55;-132.69556;-212.19888
2019-03-17;-3.4201763;-4.288981;-2.1864574;738.9843;0.7483974;166.15218;100.0;0.73398566;295.87143;2481.9744;11.910379;-0.2122987;0.007286668;0.29051304;0.28321147;0.0537578;11.638962;850.1111;3635.403;-565.81836;6407.8955;-159.57445;-241.48445
2019-03-18;-3.972768;-5.477936;-2.7415287;745.5798;1.0129986;167.93584;100.0;0.7390609;302.01627;2449.5037;5.279234;-0.30521864;0.0;0.28279424;0.2828017;0.0;5.170271;1300.9769;5229.122;-871.7047;6030.1523;-228.93889;-306.93777
2019-03-19;-6.0357614;-8.281227;-3.717378;747.48956;1.0284972;132.16718;100.0;0.74697846;304.68002;2453.0437;6.685561;-0.29925817;0.0;0.2824068;0.2823919;0.0;6.6297874;1026.3741;4210.678;-1178.0305;5423.851;-227.19444;-295.56332
2019-03-20;-5.360916;-12.157098;-6.9284453;748.2476;0.9992307;81.56263;100.0;0.7493176;309.6686;2422.4854;0.0019231584;-0.22726133;0.0;0.28195977;0.28195977;0.0;0.00020116568;1630.1272;6553.9956;-1732.1361;4545.106;-163.28223;-186.11667
2019-03-21;-3.5928853;-9.53279;-7.7227783;749.04584;0.9085545;71.07937;100.0;0.7492876;314.99414;2381.0222;0.011652708;-0.16585924;0.0;0.28149784;0.2815053;0.0;0.008933246;1489.0917;5815.563;-1312.1095;5085.5835;-117.26889;-126.335556
2019-03-22;-2.8658142;-7.2437034;-7.4919944;749.3692;0.8715623;177.96825;100.0;0.74928254;319.9196;2344.279;0.03799045;-0.17552823;0.0;0.2810508;0.2810508;0.0;0.019147992;1651.18;6265.401;-1324.1622;5126.5376;-124.87111;-154.45555
2019-03-23;-2.6938984;-4.432678;-5.951864;746.8286;0.8879142;218.05394;100.0;0.7504696;324.25034;2316.325;3.92656;-0.180888;0.0;0.28060377;0.28060377;0.0;3.3925624;1461.1877;5391.862;-665.37695;6131.7754;-131.73778;-197.97888
2019-03-24;-2.5308735;-3.3499985;-3.5826683;740.82684;0.74381167;128.81618;100.0;0.7618623;322.31543;2363.8508;21.743357;-0.115515664;0.051796436;0.33196807;0.28017163;0.04556589;19.780827;765.9539;2972.0444;-208.00333;6809.5146;-85.687775;-162.59889
2019-03-25;-1.7692667;-3.6706264;-1.6947988;738.06354;1.1386269;58.10312;100.0;0.78848505;314.57944;2506.5105;26.747375;-0.22968277;0.07420778;0.35396218;0.27974695;0.19487552;24.141922;816.3239;3497.5017;-510.38165;6553.509;-172.17667;-144.27
2019-03-26;-2.2255657;-5.257833;-1.4293162;743.1303;0.67451125;141.01808;100.0;0.80306816;315.50748;2549.113;1.4525354;-0.32540318;0.0179708;0.29724836;0.2792701;0.124227256;1.3347529;1516.3761;5843.1357;-1111.1797;5849.7573;-240.01666;-241.30667
2019-03-27;-2.65862;-3.6345825;-1.1658936;747.3398;1.0062097;190.75641;100.0;0.8047828;323.6683;2489.5833;2.5373101;-0.4254859;0.025629997;0.30443072;0.27880073;0.14865398;2.193004;1412.5967;4614.8633;-539.8442;6596.4766;-324.48557;-401.70444
2019-03-28;-3.1025898;-4.5771384;-0.9250285;748.0196;0.86771613;172.00996;100.0;0.8061821;331.56705;2434.4075;1.8318444;-0.46656653;0.027149916;0.3054738;0.27833134;0.16910955;1.6396493;1690.7023;5014.2715;-829.1878;6246.3975;-355.56723;-392.28445
2019-03-29;-2.9425354;-3.8469746;-0.71861774;747.62213;1.1477207;192.9477;100.0;0.8132984;334.88477;2428.1006;21.482307;-0.49621892;0.038057566;0.31593442;0.27786195;0.12873858;20.713217;1432.3123;4117.385;-439.94305;6701.2744;-381.25778;-470.75778
2019-03-30;-2.0640972;-2.6564026;-0.56317776;746.3754;0.7496076;139.1567;100.0;0.84468883;321.87012;2622.0295;35.27691;-0.22425038;0.11318922;0.39061904;0.27742982;0.12529455;32.6548;543.4539;2171.68;-171.36917;6991.9077;-172.34889;-226.34555
2019-03-31;-1.1400045;-2.0887997;-0.18420537;744.41376;0.9823014;59.146404;100.0;0.88350964;312.21255;2828.5725;36.171257;-0.18348172;0.6445646;0.9215623;0.2770126;0.7624365;30.27316;722.23334;2969.9568;-440.75723;6746.317;-138.05556;-173.14555
2019-04-01;-1.3648478;-4.9009805;-0.2631022;740.85675;0.79087234;163.84795;100.0;0.90013057;315.91763;2852.702;3.1092136;-0.38770586;0.08891523;0.3655553;0.27662516;0.51499534;2.750706;1704.3323;6402.137;-1349.0006;5674.8154;-287.05444;-263.45
2019-04-02;-3.0163677;-3.5104675;-0.4284617;744.53534;1.1403412;211.51476;100.0;0.90773535;322.33984;2816.8132;13.820097;-0.41490328;0.030100346;0.30644238;0.27633458;0.085053965;12.870971;981.75836;3427.4539;-269.90723;6873.4043;-319.27;-451.9878
2019-04-03;-2.578186;-3.8549805;-0.36844888;747.8069;0.892379;142.24364;100.0;0.9160295;327.94662;2795.6543;3.0831873;-0.45423582;0.07395446;0.35005808;0.27610362;0.33265167;2.5514512;1529.695;5251.8994;-863.8975;6218.9473;-344.72778;-411.9289
2019-04-04;-1.7515665;-5.0726624;-0.3623403;749.44366;0.8372418;103.36028;100.0;0.91656685;337.4518;2718.465;1.470688;-0.57490915;0.06610155;0.34199655;0.275895;0.375323;1.2746006;2155.7678;6476.928;-1342.6539;5723.5557;-434.89334;-336.42667
2019-04-05;-0.28775024;-3.1885478;-0.24253082;749.4683;0.9362133;87.22976;100.0;0.9175437;344.6813;2663.493;5.5574865;-0.3703367;0.5893409;0.865072;0.2757311;3.542628;4.7751555;2144.226;6185.221;-1129.4856;6080.392;-274.03888;-237.68333
2019-04-06;-1.0602112;-1.7840271;-0.07398987;748.1218;0.8488743;146.47496;100.0;0.92724437;345.3356;2685.3027;12.071752;-0.20227209;0.71562827;0.99134445;0.2757162;2.518518;9.637915;866.98944;3072.0027;-333.2953;6907.505;-152.28223;-210.55222
2019-04-07;-0.38494873;-3.560089;-0.14426804;748.1247;0.9213724;104.71793;100.0;0.9251061;351.70767;2632.365;0.011503696;-0.41747186;1.0336637;1.309663;0.27600676;5.8396645;0.0034421682;2029.8389;6273.932;-1036.172;6153.8276;-309.21945;-315.52777
2019-04-08;-0.42086792;-3.8615112;-0.2143364;746.84717;0.88615495;90.56722;100.0;0.9191726;359.1797;2561.1165;0.010398252;-0.43530202;1.0921359;1.3685822;0.2764687;5.824078;0.0036656857;2437.5117;6659.99;-1442.027;5701.421;-323.35;-239.79556
2019-04-09;-0.56377155;-2.8253784;-0.23454921;747.42456;0.97979623;98.349144;100.0;0.91200954;366.361;2491.211;0.027278066;-0.45622885;1.5634745;1.8406957;0.2772361;7.8656635;0.023055822;2587.1416;6478.432;-1170.6278;6027.613;-340.05334;-293.15887
2019-04-10;-0.2310384;-1.9141235;-0.14115524;749.518;0.84517115;108.02686;100.0;0.9043026;372.5944;2428.1006;8.974123;-0.37522894;2.8796718;3.1581373;0.2784729;8.126863;3.0602217;2226.935;5250.536;-681.8139;6624.931;-280.32278;-267.1189
2019-04-11;-0.0034179688;-3.0555115;-0.1105601;749.49725;0.9072452;142.50648;100.0;0.9042887;371.31607;2436.0352;2.996786;-0.38279966;2.021283;2.3458302;0.3245473;8.56354;2.5310664;2094.1655;6369.285;-1346.8986;5786.0884;-281.78387;-247.13777
2019-04-12;-0.3965149;-5.7384644;-0.37944794;749.2718;1.0610542;84.56223;100.0;0.8994716;377.58398;2383.6262;0.0008583069;-0.4387256;0.64460933;0.92962384;0.2850294;2.8238707;0.0;2844.6416;7701.3135;-2057.459;4914.0845;-321.4411;-218.22667
2019-04-13;0.33554077;-6.96818;-0.36548486;750.7532;1.0946016;72.5776;100.0;0.89496684;384.59995;2328.654;0.0004351138;-0.4528407;1.301378;1.5903711;0.28900057;5.675394;0.0;3123.1277;7771.1274;-2059.1348;4997.7046;-330.58667;-181.09
2019-04-14;2.0712483;-6.554911;-0.3026403;750.8413;0.9429717;137.99606;100.0;0.88769364;391.2412;2270.3857;0.11982322;-0.4417412;1.9798577;2.2880137;0.30817837;8.252159;0.0;3335.5916;7802.8823;-1891.2153;5270.863;-321.54443;-164.18556
2019-04-15;2.72878;-2.4388123;-0.16407649;750.5306;1.0269405;221.49687;100.0;0.8764418;396.9857;2209.3914;0.7790476;-0.41232166;3.6772938;3.9765387;0.29925257;13.330739;0.0;3341.2104;7464.822;-1502.2069;5785.108;-300.93668;-186.49889
2019-04-16;0.35673013;-0.76243085;-0.03496806;747.1972;0.76818705;193.67937;100.0;0.86982125;399.1022;2178.0193;28.383215;-0.20891987;5.6061745;6.019488;0.41332096;8.468483;17.014309;1507.3645;3315.6216;-384.85443;6925.9546;-156.89;-171.77333
2019-04-17;-1.0600382;-1.6222941;-0.027791342;743.8447;1.194183;190.64082;100.0;0.88865775;379.1543;2342.6514;13.788599;-0.2953224;2.607882;3.0018835;0.3940016;4.8506484;9.160139;1371.8772;5314.404;-554.4472;6713.8965;-219.35777;-354.69666
2019-04-18;-0.94851685;-4.456482;-0.15017192;747.3708;1.0033011;197.77765;100.0;0.88823336;381.2194;2331.0955;0.70159847;-0.656723;0.79114735;1.1447072;0.35354495;2.8400533;0.4514642;2110.2717;7003.8584;-1326.2502;5776.521;-495.62277;-334.33554
2019-04-19;-1.8249613;-3.4281108;-0.20117314;744.0798;0.8689578;155.81544;100.0;0.88822603;384.55045;2309.611;9.883267;-0.4495811;1.1103823;1.4853626;0.37498772;2.534628;7.5478163;1990.5322;5821.779;-1004.5417;6167.319;-338.6011;-356.16666
2019-04-20;-2.8070068;-4.400187;-0.23734792;744.2104;1.0598911;195.74364;100.0;0.8959722;381.24673;2349.9756;5.8177857;-0.5964376;0.051274896;0.4464388;0.39517134;0.16335025;5.341191;1615.9244;5392.5728;-809.4978;6312.4565;-455.46112;-458.5111
2019-04-21;-2.3281555;-4.1724143;-0.1943156;743.7188;0.8917567;119.772606;100.0;0.90010136;382.40527;2352.702;14.401858;-0.58186424;0.63212216;1.0463744;0.41425973;1.5669837;12.503132;2076.8162;6391.672;-1009.04553;6158.4556;-441.1311;-446.8289
2019-04-22;-4.0308228;-5.2855735;-0.3964157;741.90186;0.71738714;80.4109;100.0;0.9228349;365.02084;2526.245;18.106405;-0.33425355;0.0;0.43214858;0.43214113;0.0;17.875917;665.41833;2668.8345;-635.6614;6351.4146;-257.18112;-284.16223
2019-04-23;-3.7523499;-8.500264;-0.7989629;750.2993;0.9237325;74.02175;100.0;0.9286465;365.48242;2542.0735;0.19480586;-0.71489066;0.0;0.44873357;0.44873357;0.0;0.18363446;2011.48;6869.0234;-1507.9814;5367.672;-542.03;-410.92667
2019-04-24;-2.3593037;-8.555717;-0.99697876;754.30194;0.9206025;71.54433;100.0;0.92835855;372.32846;2494.751;0.21189451;-0.5936101;0.0064224005;0.4696548;0.46322495;0.031910837;0.00789389;2617.1838;7671.7563;-1781.2258;5109.209;-442.9411;-296.76443
2019-04-25;-1.6914164;-8.641632;-0.7051557;753.5991;1.1964295;43.128174;100.0;0.92795914;379.77344;2444.9055;0.07238388;-0.77204037;0.046744943;0.5222261;0.47548115;0.2542548;0.0025071204;2967.416;7816.989;-1916.6631;5040.953;-582.3711;-264.58
2019-04-26;-0.83062744;-7.615641;-0.4538981;753.13165;1.2505559;46.834106;100.0;0.926059;387.24673;2392.7002;0.0014305115;-0.7392857;0.6315708;1.1173487;0.48576295;2.7725027;3.3527613e-05;3278.6833;7997.6772;-1997.5283;5008.1865;-556.2867;-272.01556
2019-04-27;0.85639447;-7.812205;-0.33560434;752.35913;0.95191836;116.320435;100.0;0.92035484;394.152;2336.385;0.0;-0.7029464;1.7949045;2.2895932;0.4946962;7.391423;0.0;3505.0972;8080.4487;-1971.2511;5099.8345;-526.07666;-223.65334
2019-04-28;1.3364156;-4.553141;-0.24850845;751.7829;1.0560755;154.65442;100.0;0.9112439;400.19077;2278.4424;0.0629981;-0.6408831;2.586037;3.115356;0.52931905;9.676119;0.0;3152.645;6965.2744;-1477.165;5693.308;-481.3689;-197.92
2019-04-29;2.0857341;-0.2568461;-0.14713669;752.7514;1.114096;114.87048;100.0;0.8990297;405.6224;2217.6921;4.5624413;-0.30108726;6.099999;6.912589;0.8125901;13.469558;0.0;3052.8838;6534.753;-1022.48804;6329.6465;-217.52777;-186.40555
2019-04-30;3.536214;-1.596639;-0.082920074;753.7692;1.1034662;74.42127;100.0;0.880186;409.361;2151.6113;0.0070214267;-0.48672593;8.259505;10.104746;1.845248;21.955017;0.0004172325;3887.1628;8114.376;-1663.657;5692.99;-354.92776;-236.83778
2019-05-01;4.358663;-0.9881694;-0.17418034;752.85724;1.0372583;128.46976;100.0;0.86029625;413.70703;2080.9734;0.05619526;-0.3841799;7.7351036;9.47535;1.7402544;19.168158;0.0;3965.244;8123.329;-1652.3817;5691.1533;-274.85556;-159.77888
2019-05-02;4.210154;0.97062176;-0.11009979;751.53925;1.0632681;194.3315;100.0;0.8404622;418.15332;2011.3119;2.7823865;-0.31399354;8.693293;10.413244;1.7199367;19.974678;0.0;3656.3293;7381.907;-1221.5239;6209.2637;-222.48222;-152.09222
2019-05-03;2.921173;2.0101216;-0.014493306;750.5904;0.9128804;184.39742;100.0;0.81909066;421.24936;1945.7601;12.507501;-0.1620818;14.625176;16.945436;2.3202672;22.014965;0.0018328428;2868.3354;5722.368;-470.62805;7060.918;-111.07111;-184.61223
2019-05-04;0.75923663;0.45537314;0.0036951702;747.98413;0.6805487;192.52374;100.0;0.8075237;419.9147;1922.8516;24.931076;-0.06783195;12.530893;16.071424;3.5405307;10.0682;6.867096;1108.0739;2433.08;-97.42778;7280.3276;-48.63222;-117.666664
2019-05-05;2.6015625;-1.2963867;-0.08136114;752.8303;1.0582913;123.47579;100.0;0.7983493;418.94693;1906.8197;0.0032782555;-0.40267408;4.8125086;6.9957824;2.183281;14.86557;0.0006482005;3083.574;7996.0054;-1557.4486;5714.1245;-290.25665;-242.83
2019-05-06;4.307261;-1.2803345;-0.17175674;753.84845;1.0246254;207.71075;100.0;0.7843046;422.99057;1855.7943;0.1542747;-0.3221333;5.263865;7.544607;2.280742;14.177252;0.0;3133.7427;7557.7935;-1299.0442;5994.465;-226.76666;-143.79889
2019-05-07;4.951864;0.70600384;-0.06043752;751.687;0.9036339;215.99803;100.0;0.7675815;426.68945;1800.3336;1.8176734;-0.2690125;8.183182;11.114568;2.9313638;20.2092;0.0;3101.926;7083.16;-1029.7778;6397.847;-187.9;-160.1189
2019-05-08;4.637339;1.468516;-0.10663732;749.5726;1.1069611;185.0215;100.0;0.7484601;429.9375;1742.0248;1.4682591;-0.26044434;7.5814724;10.930777;3.349319;19.290197;0.0;3243.0562;7118.608;-1256.6217;6118.8823;-182.37334;-132.69
2019-05-09;3.2689717;1.0714417;-0.13139217;748.8925;1.044953;137.4015;100.0;0.73086196;433.64648;1686.4014;0.8248776;-0.25649554;6.459966;9.550542;3.0905678;16.615253;0.008359551;2961.9556;6313.9956;-1042.9083;6293.7793;-181.70334;-152.89444
2019-05-10;2.1925251;-0.41010538;-0.09996923;749.167;0.93434596;186.64189;100.0;0.7145911;436.96518;1636.5153;0.81455463;-0.35537872;6.713152;10.548353;3.835216;16.259771;0.0048317015;2844.0288;5922.411;-831.94666;6543.944;-260.47665;-222.64333
2019-05-11;4.1445923;-0.21594238;-0.097338356;753.0459;1.162766;226.47694;100.0;0.69572634;440.03906;1582.2754;0.012934208;-0.4251711;7.9680233;12.090042;4.122011;20.073488;0.0;3519.0027;7193.352;-1399.7855;5975.921;-310.25446;-128.11444
2019-05-12;5.600118;-0.7984416;-0.13700104;754.5594;1.1826124;126.32484;100.0;0.674541;443.73438;1521.525;0.64918697;-0.35917386;9.930998;15.374586;5.4435806;22.451616;0.0;3895.8232;7851.553;-1420.2234;5964.952;-254.22556;-119.32667
2019-05-13;7.147166;-0.93052167;-0.12602234;755.43427;1.2689872;120.97797;100.0;0.6512512;447.64224;1456.4209;0.11307299;-0.37053508;10.232374;16.293674;6.0613008;23.97544;0.0;3985.9373;7944.8403;-1368.8158;6050.2837;-262.04333;-88.486664
2019-05-14;8.7430525;-3.1821392;-0.1185557;754.88043;1.2123238;140.1505;100.0;0.6258184;449.77573;1392.6595;0.0009775162;-0.42200089;11.342422;19.288614;7.946193;26.09577;0.0;4173.0815;8247.868;-1474.8236;5976.5205;-300.15887;-43.65
2019-05-15;9.330363;-4.811493;-0.13862102;754.531;1.0269873;88.441505;100.0;0.6008688;450.0;1336.3037;0.0008583069;-0.43184963;10.558873;21.559536;11.000678;24.474594;0.0;4311.214;8463.953;-1655.1761;5801.3306;-308.06168;-28.937778
2019-05-16;10.180186;-2.7248127;-0.105921425;753.2659;1.0984453;132.09729;100.0;0.5747238;450.0;1278.4424;0.0008523463;-0.39945635;11.150122;23.8159;12.665778;26.870977;0.0;4230.3354;8261.801;-1352.0569;6140.8936;-283.00555;-21.59111
2019-05-17;10.048116;-2.1943157;-0.087880455;752.7369;1.2068038;127.78729;100.0;0.54759204;450.0;1218.099;0.04144013;-0.38157776;10.856256;23.81672;12.960464;26.604582;0.0;3946.5828;7675.6206;-1197.4216;6306.0557;-271.14557;-0.9066667
2019-05-18;10.642079;-1.0158895;-0.056073505;753.0682;0.93164325;148.27553;100.0;0.52217215;450.0;1161.6617;2.459857;-0.30880982;12.550876;25.690853;13.139993;24.349897;0.0;3497.3105;6780.4863;-819.55334;6737.9165;-218.7911;-2.5711112
2019-05-19;10.17339;1.4888102;-0.027534485;752.4604;1.1319344;207.20013;100.0;0.49424425;450.0;1099.7721;3.8673341;-0.33706987;15.392721;28.828651;13.43593;29.56935;0.0;3766.4873;7284.4355;-974.9656;6609.5835;-237.68889;-26.15889
2019-05-20;8.590892;1.017629;-0.083714806;752.3431;1.2175895;231.39885;100.0;0.46647367;450.0;1037.7604;0.33525774;-0.40903872;12.108252;29.727161;17.618895;27.325994;0.0;4063.06;7842.4023;-1254.6263;6232.011;-292.78888;-55.497776
2019-05-21;6.046244;1.612142;-0.100631714;752.9655;1.0805212;119.415825;100.0;0.4430143;450.0;985.51434;5.6516466;-0.20693615;11.439249;30.320763;18.881516;20.727095;0.0;3145.7405;6062.0645;-1001.4131;6393.408;-143.01778;-83.43445
2019-05-22;7.5979514;3.0429993;-0.07985687;754.2496;1.0882434;154.61475;100.0;0.41944018;450.0;933.43097;2.5203764;-0.21840073;10.799244;27.425407;16.626163;25.616243;0.00010803342;3559.0784;6849.87;-866.2231;6651.4624;-147.16888;-79.85555
2019-05-23;10.289754;2.246104;-0.061295826;754.114;1.1006552;244.56093;100.0;0.3934511;450.0;875.8952;0.2558251;-0.25993213;10.439396;25.836586;15.397199;26.544281;0.0;3456.7256;6647.6953;-769.3444;6771.8604;-179.40445;1.2277777
2019-05-24;11.486522;2.0700073;-0.055806477;755.2087;1.3968247;142.4853;100.0;0.3637786;450.0;809.9365;1.4775544;-0.38474333;13.827607;29.32772;15.500106;31.282722;0.0;4117.042;7911.6934;-1068.1986;6539.9556;-271.21832;28.943333
2019-05-25;11.617706;2.6716206;-0.08003616;755.7695;1.4164797;225.71875;100.0;0.33398056;450.0;743.48956;1.5206327;-0.34619495;13.663351;28.82862;15.165255;28.950598;0.0;3748.3027;7198.824;-897.0314;6681.3223;-244.47166;82.95556
2019-05-26;11.114105;0.49109903;-0.1268158;753.5704;1.4503435;181.99176;100.0;0.30463234;450.0;677.9785;1.7054305;-0.48148632;14.409632;28.745667;14.336027;29.513094;0.0;4111.914;7894.19;-1271.2272;6243.2993;-347.44888;63.767776
2019-05-27;9.970795;-1.1396078;-0.19142659;754.1409;1.2203287;124.235535;100.0;0.27661613;450.0;615.9261;0.0;-0.45443606;11.829808;26.607275;14.7774515;27.559523;0.0;4452.5166;8543.948;-1476.032;6007.017;-324.35;-42.156666
2019-05-28;10.989339;-0.5268453;-0.16038258;754.62744;1.1534537;103.939995;99.41097;0.24804103;450.0;552.4089;0.024402142;-0.39783958;12.092233;27.949095;15.856862;28.694715;0.0;4217.077;8081.8564;-1205.6509;6331.7915;-280.55832;-30.375555
2019-05-29;11.652049;2.1495972;-0.12458929;754.79803;1.0654767;90.32416;97.11166;0.21960382;450.0;489.2985;3.5697906;-0.33276156;12.737304;30.84083;18.103518;27.990685;0.0;3866.926;7314.7725;-972.22614;6613.6865;-228.46056;-20.041111
2019-05-30;12.202474;-0.6675415;-0.1355718;754.9245;1.1747636;27.87233;95.15796;0.19101667;450.0;425.90332;0.10812098;-0.5393764;12.329758;28.939098;16.609348;28.984621;0.0;4326.9272;8092.8687;-1258.8317;6350.8823;-378.05222;-37.983334
2019-05-31;10.730804;-0.11009725;-0.17683919;755.1036;1.4430946;35.188435;94.25382;0.16278791;450.0;363.0778;0.049990416;-0.61518514;11.400551;26.832014;15.4314785;27.96806;0.0;4435.049;8250.599;-1277.0555;6321.5566;-432.75888;-79.85667
2019-06-01;12.023509;0.684611;-0.13822937;756.02075;1.1379186;91.999146;93.911705;0.13538878;450.0;301.92056;0.36816;-0.5148957;11.644021;26.534199;14.890172;26.53068;0.0;3870.215;7180.09;-946.43835;6695.128;-358.97665;-46.816666
2019-06-02;13.317383;1.7072449;-0.13100941;757.2541;1.0481812;92.95508;93.795006;0.107814275;450.0;240.76335;0.78722835;-0.49031898;12.527779;26.857391;14.329627;27.862366;0.0;3704.6523;6867.513;-743.01697;6947.75;-339.82333;-9.222222
2019-06-03;15.709351;1.6671143;-0.11579132;756.93756;0.9864964;117.39887;92.00431;0.07790792;450.0;174.56055;0.006222725;-0.61777794;13.899506;29.91733;16.017817;31.714466;0.0;4252.6587;7860.479;-818.255;6976.9775;-429.52;-15.14
2019-06-04;15.968181;0.9148051;-0.21192932;756.199;1.0865741;109.57975;85.82682;0.047653157;450.0;107.34049;0.07724762;-0.72177684;12.53146;30.799866;18.268436;28.366264;0.0;4004.5217;7233.2144;-898.0947;6897.02;-503.48557;16.047777
2019-06-05;15.640758;-0.24997966;-0.28105545;756.45416;1.2629305;144.40453;53.9292;0.023377618;450.0;53.181965;0.009790063;-1.6789883;7.755086;25.584116;17.829031;21.332037;0.0;5098.674;8008.5376;-1350.1531;6733.992;-1169.96;-81.88333
2019-06-06;16.83718;0.8253377;-0.11130524;756.71564;1.1309239;134.73318;21.16854;0.0091102915;450.0;20.833334;0.2609916;-2.766637;3.290832;17.628044;14.337212;9.961386;0.0;5530.3896;7463.0522;-1566.3278;7023.25;-1923.15;-159.59334
2019-06-07;15.213399;3.4502869;0.009918213;756.19116;1.3625327;163.82552;7.3282065;0.0031555097;450.0;7.039388;0.14416087;-2.9186513;1.0028183;12.941599;11.938766;3.4004376;0.0;4932.9023;6269.4277;-1618.6375;7052.938;-2027.6233;-290.75446
2019-06-08;14.894836;3.339671;0.010169983;756.42377;1.1988918;126.36874;2.462077;0.0010522604;450.0;2.6448567;0.0718981;-3.7695673;0.35123527;10.558456;10.207221;1.3275816;0.0;6080.654;7567.649;-1969.2356;6910.279;-2618.5823;-638.6055
2019-06-09;15.078705;5.037333;0.0065701804;756.3191;1.1574033;88.02017;0.70564777;0.00030052662;433.70932;0.61035156;0.15624762;-3.937049;0.116705894;9.005964;8.889257;0.40656328;0.0;5957.291;7354.859;-1867.74;7150.6143;-2734.9146;-585.70447
2019-06-10;15.196025;6.730896;0.009672801;755.8055;1.2858623;62.81072;0.18123372;7.685026e-05;428.1149;-7.345365e-21;2.04705;-3.9584394;0.3745854;8.234382;7.8598037;0.11140108;0.0;5921.8794;7288.8677;-1852.1353;7281.95;-2749.7844;-637.0
2019-06-11;15.412211;4.4604087;0.0099322;754.355;1.3511566;105.31552;0.045898438;1.947085e-05;428.09634;-7.345365e-21;3.1213045;-3.9666667;0.56658685;7.6052547;7.0386753;0.026367605;0.0;5876.4634;7221.574;-2037.1344;7005.786;-2755.5112;-604.15
2019-06-12;13.891469;0.33433023;0.009742737;752.4095;1.35563;161.8144;0.0120442705;5.284945e-06;428.09375;-7.345365e-21;0.0008591141;-4.607455;0.0014901161;6.3682795;6.3668194;0.007148832;0.0;6999.7417;8591.79;-2611.6528;6255.987;-3200.6467;-871.8478
2019-06-13;13.496633;-2.292928;0.008912404;752.0013;1.3041421;168.4269;0.0037434895;1.66893e-06;428.09375;-7.345365e-21;0.0;-4.5459523;0.0003427267;5.8068185;5.8064833;0.0019408762;0.0;7010.6113;8595.872;-2620.7305;6181.312;-3157.922;-857.26556
2019-06-14;13.542012;-0.033793133;0.009755452;752.9526;1.1398635;117.53655;0.0009765625;3.973643e-07;428.09375;-7.345365e-21;0.21517575;-3.9106383;0.025600195;5.359933;5.3343253;0.0005438924;0.0;6190.046;7581.7456;-2177.6113;6701.6743;-2716.591;-821.8233
2019-06-15;14.81311;0.13483684;-0.14020538;753.19;1.1415821;106.847046;0.0;-7.3453654e-25;406.79556;-7.345365e-21;0.012397766;-4.313523;0.0013113022;4.931122;4.9298406;0.00016391277;0.0;6558.935;8025.2275;-2256.6636;6760.78;-2996.4612;-819.4978
2019-06-16;15.174164;-0.0056254067;-1.0053915;752.64624;0.85984874;131.43855;0.0;-7.3453654e-25;211.48665;-7.345365e-21;0.015580654;-4.1635523;0.0015646219;4.580155;4.578583;4.0978193e-05;0.0;6472.759;7918.708;-2346.6223;6781.459;-2892.281;-744.86224
2019-06-17;15.259288;1.3746948;-0.41099676;752.6197;1.5230662;155.6444;0.0;-7.3453654e-25;105.88507;-7.345365e-21;0.2445844;-4.021682;0.023648143;4.2951255;4.2714624;7.4505806e-06;0.0;6310.469;7719.2;-2264.853;6816.3687;-2793.7278;-860.83777
2019-06-18;14.0416155;1.1390991;0.01003011;752.19305;1.2631313;184.12158;0.0;-7.3453654e-25;99.99998;-7.345365e-21;0.67655903;-3.8523917;0.06631017;4.0667353;4.0004177;0.0;0.0;6627.2607;8105.6733;-2361.9846;6653.365;-2676.129;-1228.6844
2019-06-19;13.512492;1.3285421;0.009916942;751.0286;0.9409771;130.5541;0.0;-7.3453654e-25;99.99998;-7.345365e-21;0.4455477;-3.3690856;0.040099025;3.8000643;3.7599654;0.0;0.0;5996.847;7333.5513;-2183.3765;6847.819;-2340.391;-1110.8033
2019-06-20;14.084859;2.7672424;0.00978597;750.5078;1.1667739;118.78411;0.0;-7.3453654e-25;99.99998;-7.345365e-21;0.5076736;-3.4024167;0.04413724;3.5889297;3.5447927;0.0;0.0;6204.3306;7586.311;-2268.9377;6821.6133;-2363.5457;-1183.9845
2019-06-21;14.354533;2.4766643;0.009702046;750.99567;1.2254099;138.31786;0.0;-7.3453654e-25;99.99998;-7.345365e-21;0.014147162;-3.4620092;0.0011622906;3.3515096;3.3503473;0.0;0.0;6420.575;7849.7944;-2354.7224;6782.378;-2404.9421;-1261.8077
2019-06-22;16.336924;3.779002;0.010166168;753.1738;1.2027876;100.49601;0.0;-7.3453654e-25;99.99998;-7.345365e-21;0.0;-3.6366024;0.0;3.1733215;3.1733215;0.0;0.0;6765.5967;8270.545;-2485.1536;6886.824;-2526.2266;-1191.6045
2019-06-23;17.403177;2.2720337;0.010220845;754.4439;1.2956058;103.13211;0.0;-7.3453654e-25;100.00519;-7.345365e-21;0.0017126077;-3.5923152;0.00013411045;3.0117183;3.011577;0.0;0.0;6831.5522;8350.069;-2654.8462;6806.171;-2495.4612;-1222.2611
2019-06-24;18.365396;0.0765686;0.009871165;754.84283;1.1772451;152.21745;0.0;-7.3453654e-25;99.99998;-7.345365e-21;0.0017158936;-3.4885714;0.00014901161;2.863735;2.8636158;0.0;0.0;7106.606;8685.196;-3024.1633;6504.5684;-2423.3945;-1152.0167
2019-06-25;18.681366;0.13965861;0.009766896;755.3117;1.2055342;133.58807;0.0;-7.3453654e-25;99.99998;-7.345365e-21;0.0017106531;-3.2917905;0.00011920929;2.7277768;2.7276502;0.0;0.0;7112.549;8691.322;-3013.159;6635.8555;-2286.6968;-1217.7178
2019-06-26;19.32019;2.8200378;0.009980519;755.3676;0.9674111;90.88529;0.0;-7.3453654e-25;99.99998;-7.345365e-21;0.007897615;-2.9302108;0.000461936;2.6026666;2.6022196;0.0;0.0;6565.138;8021.2646;-2628.852;7246.7676;-2035.52;-1256.6444
2019-06-27;19.292328;2.8140972;0.010045369;752.30133;0.97859406;113.661446;0.0;-7.3453654e-25;99.99998;-7.345365e-21;0.02105534;-2.7155242;0.0015050173;2.4876447;2.4861395;0.0;0.0;6637.0034;8108.06;-2756.0244;7201.6343;-1886.3844;-1427.5945
2019-06-28;18.511454;2.893758;0.010232289;749.10645;1.3653642;129.71849;0.0;-7.3453654e-25;99.99998;-7.345365e-21;0.122183554;-2.2717016;0.008493662;2.3872705;2.3787766;0.0;0.0;6342.787;7747.6367;-2654.815;7169.8154;-1578.0756;-1689.5244
2019-06-29;17.509684;2.155772;0.009958903;747.85834;1.5863166;152.08717;0.0;-7.3453654e-25;99.99998;-7.345365e-21;0.0017064349;-2.2059717;0.00011920929;2.2793114;2.2791922;0.0;0.0;6900.211;8427.499;-2840.2646;6929.3203;-1532.4155;-2112.6133
2019-06-30;16.617828;0.08138021;0.009844462;748.42474;1.5583323;198.0449;0.0;-7.3453654e-25;99.99998;-7.345365e-21;0.0;-2.057288;0.0;2.1862686;2.1862686;0.0;0.0;6927.0884;8459.229;-2999.7014;6670.532;-1429.1289;-2210.6377
2019-07-01;15.557933;-2.7542725;0.009914398;750.48145;1.4907851;125.1936;0.0;-7.3453654e-25;99.99998;-7.345365e-21;0.00085234636;-1.9969884;5.9604645e-05;2.0995288;2.0994692;0.0;0.0;7105.165;8675.526;-3237.3171;6368.4473;-1387.2422;-2139.0322
2019-07-02;14.687612;-1.4161581;0.00995636;753.25684;1.8813938;41.116524;0.0;-7.3453654e-25;99.99998;-7.345365e-21;0.0;-1.8120259;0.0;2.0183325;2.0183399;0.0;0.0;7095.2173;8662.309;-3320.77;6168.751;-1258.7544;-2233.0066
2019-07-03;16.674744;-1.127594;0.010279338;752.3139;1.3480325;122.02356;0.0;-7.3453654e-25;99.99998;-7.345365e-21;0.0;-1.8888302;0.0;1.9422024;1.9422024;0.0;0.0;7046.308;8601.492;-3237.3213;6483.2046;-1312.1078;-2018.8878
2019-07-04;17.341003;-1.4753011;0.009986877;752.7354;1.1068827;107.43762;0.0;-7.3453654e-25;99.99998;-7.345365e-21;0.0;-1.8764771;0.0;1.8704832;1.8704832;0.0;0.0;7024.8354;8574.139;-3222.6116;6665.524;-1303.5266;-1975.2644
2019-07-05;18.134125;0.07032267;0.010058085;750.956;1.2279468;119.82394;0.0;-7.3453654e-25;99.99998;-7.345365e-21;0.0017225739;-1.8050354;0.00010430813;1.8030107;1.8029064;0.0;0.0;6925.404;8451.684;-3140.4438;6843.1304;-1253.8978;-2039.3867
2019-07-06;17.12562;-1.845754;0.010353088;749.2535;1.4302826;140.54018;0.0;-7.3453654e-25;99.99998;-7.345365e-21;0.0008523463;-1.6671829;5.9604645e-05;1.7393678;1.7393231;0.0;0.0;7023.255;8569.992;-3218.4424;6631.3833;-1158.1367;-2287.9211
2019-07-07;16.803427;0.15409343;0.010082245;749.9326;1.0768366;80.53158;0.0;-7.3453654e-25;99.99998;-7.345365e-21;0.003460049;-1.400548;0.00020861626;1.6799569;1.6797483;0.0;0.0;5757.2417;7024.171;-2652.3298;7145.7324;-972.9133;-1790.9033
2019-07-08;16.682291;1.0515442;0.010121663;750.2376;1.2113582;107.5;0.0;-7.3453654e-25;99.99998;-7.345365e-21;0.027626753;-1.334804;0.0012814999;1.6251206;1.6238391;0.0;0.0;5677.726;6926.4546;-2610.504;7165.548;-927.24335;-1783.2145
2019-07-09;15.778575;3.633321;0.009976705;750.03595;1.0682207;113.98212;0.0;-7.3453654e-25;99.99998;-7.345365e-21;0.83425045;-1.4287783;0.049248338;1.6203821;1.5711337;0.0;0.0;5682.6;6931.4927;-2540.6106;7266.3535;-992.5244;-1810.6178
2019-07-10;17.484945;4.1400146;0.009881337;749.5107;1.0812426;81.0554;0.0;-7.3453654e-25;99.99998;-7.345365e-21;0.0020906918;-1.7754287;0.00011920929;1.5210509;1.5209168;0.0;0.0;6363.314;7760.662;-2810.604;7136.9136;-1233.331;-1865.0688
2019-07-11;18.491568;0.19159953;0.009727478;749.0297;1.3277594;167.82442;0.0;-7.3453654e-25;99.99998;-7.345365e-21;0.025176397;-1.6274936;0.0014156103;1.4742911;1.4728904;0.0;0.0;6769.2676;8254.756;-3111.528;6896.2056;-1130.5645;-2126.7734
2019-07-12;17.705475;-1.226003;0.009957631;750.028;1.6211036;242.90327;0.0;-7.3453654e-25;99.99998;-7.345365e-21;0.0008523463;-1.440729;5.9604645e-05;1.4273524;1.4273077;0.0;0.0;6934.539;8455.25;-3207.9316;6679.973;-1000.82666;-2430.088
2019-07-13;16.215363;-1.359314;0.010211945;749.9771;1.4814228;236.63806;0.0;-7.3453654e-25;99.99998;-7.345365e-21;0.0;-1.3253921;0.0;1.3840497;1.3840423;0.0;0.0;6992.0356;8524.244;-3284.9539;6457.03;-920.70557;-2523.9622
2019-07-14;16.60441;0.7778422;0.009979248;750.0279;1.1682731;208.43529;0.0;-7.3453654e-25;99.99998;-7.345365e-21;0.0008583069;-1.3382603;5.9604645e-05;1.3428032;1.342766;0.0;0.0;6947.328;8468.638;-3259.7405;6600.1733;-929.6445;-2387.709
2019-07-15;17.330505;-0.1648051;0.010041554;749.86884;1.4648124;184.46837;0.0;-7.3453654e-25;99.99998;-7.345365e-21;0.0;-1.316227;0.0;1.3034195;1.3034195;0.0;0.0;7020.3105;8556.502;-3400.0144;6496.052;-914.33887;-2333.9543
2019-07-16;17.160095;0.04316203;0.009737651;749.2898;1.1687256;181.30281;0.0;-7.3453654e-25;99.99998;-7.345365e-21;0.0012934206;-1.2895902;7.4505806e-05;1.265958;1.2658834;0.0;0.0;7005.5073;8536.551;-3444.8027;6453.999;-895.8356;-2329.281
2019-07-17;17.171793;0.10545858;0.01008606;749.844;1.28399;166.82288;0.0;-7.3453654e-25;99.99998;-7.345365e-21;0.0017194116;-1.2638532;0.00010430813;1.2301207;1.2300239;0.0;0.0;7000.719;8528.8125;-3428.9583;6487.4834;-877.95667;-2330.6711
2019-07-18;17.625864;0.0023091633;0.009849548;751.49835;1.334773;167.72386;0.0;-7.3453654e-25;99.99998;-7.345365e-21;0.0;-1.2416979;0.0;1.1957735;1.195766;0.0;0.0;6983.116;8505.474;-3381.4033;6577.661;-862.56555;-2350.6367
2019-07-19;18.424337;-3.2976787;0.010166168;752.2082;1.1487234;99.178825;0.0;-7.3453654e-25;99.99998;-7.345365e-21;0.0021398063;-1.2799166;0.00011920929;1.1630952;1.1629686;0.0;0.0;7099.4023;8645.172;-3731.8655;6291.1357;-889.11554;-2136.6755
2019-07-20;21.193888;3.2087708;0.010098775;754.2007;1.4085894;76.00057;0.0;-7.3453654e-25;99.99998;-7.345365e-21;0.0008523463;-1.278419;4.4703484e-05;1.1315793;1.1315272;0.0;0.0;6653.49;8100.311;-3064.595;7333.4443;-888.07446;-1967.1133
2019-07-21;22.686584;3.538442;0.010007222;754.5386;1.3656651;101.66361;0.0;-7.3453654e-25;99.99998;-7.345365e-21;0.0017195934;-1.2233685;0.00010430813;1.1015236;1.1014268;0.0;0.0;6275.6484;7638.668;-2994.9321;7539.8;-849.8333;-1903.8156
2019-07-22;22.339396;2.4574177;0.010136922;752.85547;1.3183719;107.24762;0.0;-7.3453654e-25;99.99998;-7.345365e-21;0.0008583069;-1.2498014;4.4703484e-05;1.0726303;1.072593;0.0;0.0;6710.0215;8165.4663;-3213.4387;7358.5024;-868.19556;-2136.2334
2019-07-23;21.387064;3.1060588;0.009914398;751.43335;1.3443826;165.93378;0.0;-7.3453654e-25;99.99998;-7.345365e-21;0.00044107434;-1.1996087;2.9802322e-05;1.0448992;1.0448768;0.0;0.0;6761.5366;8226.313;-3248.927;7239.9517;-833.3289;-2283.25
2019-07-24;19.190817;-0.82459515;0.009947459;751.8936;1.4362859;196.954;0.0;-7.3453654e-25;99.99998;-7.345365e-21;0.00044139472;-1.1099269;2.9802322e-05;1.0183007;1.0182784;0.0;0.0;6900.0864;8393.083;-3455.8394;6712.8257;-771.03;-2475.2034
2019-07-25;18.328684;-4.725779;0.009897868;752.5389;1.3183362;162.04655;0.0;-7.3453654e-25;99.99998;-7.345365e-21;0.001275539;-1.063778;7.4505806e-05;0.9928942;0.99280477;0.0;0.0;6998.77;8511.213;-3610.534;6389.78;-738.9711;-2462.0823
2019-07-26;18.487844;-3.5166016;0.009984334;750.1833;1.231918;106.672844;0.0;-7.3453654e-25;99.99998;-7.345365e-21;0.0;-1.0988786;0.0;0.96827745;0.9682998;0.0;0.0;6947.3726;8446.8;-3578.3145;6513.1455;-763.35443;-2240.5579
2019-07-27;18.837088;2.4100952;0.01003774;747.80414;1.2925283;113.55346;0.0;-7.3453654e-25;99.99998;-7.345365e-21;0.0017126022;-1.0568033;8.940697e-05;0.9447485;0.9446591;0.0;0.0;6619.4087;8046.237;-3110.2556;7113.4688;-734.12665;-2346.0457
2019-07-28;17.965841;0.6196187;0.009883881;748.72345;1.311995;169.1628;0.0;-7.3453654e-25;99.99998;-7.345365e-21;0.0040382147;-0.9877831;0.00016391277;0.92212856;0.92196465;0.0;0.0;6482.148;7877.512;-3134.3914;6963.78;-686.18;-2401.4543
2019-07-29;17.63851;0.52097577;0.010133107;751.65643;0.8539927;239.0768;0.0;-7.3453654e-25;99.99998;-7.345365e-21;0.28916597;-1.0092483;0.014826655;0.9151101;0.90028346;0.0;0.0;6052.001;7353.271;-2919.6807;7110.372;-701.0911;-2184.9856
2019-07-30;19.463095;-0.0016682943;0.009694417;752.6055;1.1567851;175.7877;0.0;-7.3453654e-25;99.99998;-7.345365e-21;0.0004351138;-1.1520572;2.9802322e-05;0.8793175;0.8793026;0.0;0.0;6704.221;8143.9185;-3251.567;7021.086;-800.2967;-2221.5178
2019-07-31;20.880493;-0.23993938;0.009937286;752.1966;1.2398182;166.25032;0.0;-7.3453654e-25;99.99998;-7.345365e-21;0.002582744;-1.0817508;0.00011920929;0.85908175;0.85897744;0.0;0.0;6793.6587;8250.724;-3475.5247;6907.938;-751.45557;-2161.5789
2019-08-01;20.769613;-1.7169088;0.010147095;751.6215;1.332022;175.04314;0.0;-7.3453654e-25;99.99998;-7.345365e-21;0.00085234636;-1.0395013;4.4703484e-05;0.8394718;0.8394271;0.0;0.0;6889.0845;8364.731;-3709.5671;6615.762;-722.1078;-2123.7979
2019-08-02;19.362732;0.013580322;0.009867351;749.6536;1.3667316;190.0648;0.0;-7.3453654e-25;99.99998;-7.345365e-21;0.0008583069;-0.96170044;5.9604645e-05;0.82063675;0.82060695;0.0;0.0;6722.718;8160.9443;-3334.7166;6886.3477;-668.0611;-2334.4067
2019-08-03;18.817514;1.4112345;0.009853363;748.9055;1.139228;111.03229;0.0;-7.3453654e-25;99.99998;-7.345365e-21;0.010550022;-0.822993;0.0004172325;0.802964;0.80254674;0.0;0.0;5497.0176;6671.3345;-2755.8132;7379.283;-571.70667;-1959.6677
2019-08-04;18.724813;1.2761841;0.009936015;748.8681;1.3735749;162.76321;0.0;-7.3453654e-25;99.99998;-7.345365e-21;0.0;-0.9074006;0.0;0.7850826;0.7850677;0.0;0.0;6405.67;7772.372;-3102.0693;7071.227;-630.3411;-2411.919
2019-08-05;18.679596;-1.2916158;0.0100911455;749.26056;1.1743056;143.56294;0.0;-7.3453654e-25;99.99998;-7.345365e-21;0.00042617318;-0.9370968;2.9802322e-05;0.76809525;0.76806545;0.0;0.0;6697.8706;8125.257;-3398.7036;6770.6333;-650.97;-2367.1655
2019-08-06;18.798685;-0.11919149;0.010111491;750.9458;1.3107277;105.19492;0.0;-7.3453654e-25;99.99998;-7.345365e-21;0.0;-0.94047934;0.0;0.75158477;0.75158477;0.0;0.0;6638.7812;8051.792;-3340.8188;6887.5645;-653.32;-2282.41
2019-08-07;19.067038;2.4751282;0.010079701;751.75366;1.3244655;82.98637;0.0;-7.3453654e-25;99.99998;-7.345365e-21;0.0042996737;-0.9283256;0.00022351742;0.73584914;0.7356331;0.0;0.0;6605.786;8010.046;-3332.437;6946.4565;-644.87665;-2263.0754
2019-08-08;18.625498;5.3277383;0.010025024;751.856;1.628346;48.110947;0.0;-7.3453654e-25;99.99998;-7.345365e-21;0.00044107434;-0.86948645;2.9802322e-05;0.7202327;0.7202178;0.0;0.0;6496.364;7875.6304;-3225.805;7005.872;-604.00336;-2374.4033
2019-08-09;19.13735;5.973297;0.010264079;751.23944;1.4810795;57.42154;0.0;-7.3453654e-25;100.00519;-7.345365e-21;0.001275539;-0.86824965;5.9604645e-05;0.70536137;0.70530176;0.0;0.0;6430.664;7794.2246;-3173.5713;7101.4136;-603.1445;-2305.6423
2019-08-10;19.841848;4.060608;0.01018397;750.49976;1.3641866;94.55151;0.0;-7.3453654e-25;99.99998;-7.345365e-21;0.00302435;-0.84750724;0.00013411045;0.69102645;0.69089234;0.0;0.0;6099.2373;7390.885;-3031.8179;7279.8237;-588.73444;-2164.7078
2019-08-11;20.574615;4.3827415;0.009936015;752.2005;1.3620819;61.188904;0.0;-7.3453654e-25;99.99998;-7.345365e-21;0.0025603913;-0.8575059;0.00010430813;0.67707896;0.6769672;0.0;0.0;6043.051;7321.194;-3020.563;7412.685;-595.6811;-2023.3033
2019-08-12;20.99711;5.2311196;0.010166168;753.41644;1.2852147;53.69542;0.0;-7.3453654e-25;100.00779;-7.345365e-21;0.03401339;-0.8706823;0.0014454126;0.66491216;0.6634742;0.0;0.0;6028.806;7302.3745;-3039.4126;7470.9355;-604.8333;-1990.8522
2019-08-13;19.39215;7.680542;0.010185242;754.5572;1.2826113;51.50529;0.0;-7.3453654e-25;99.99998;-7.345365e-21;2.6551962;-1.0115728;0.16525388;0.81571937;0.65047294;0.0;0.0;5747.237;6959.8867;-2812.7393;7437.121;-702.70557;-2066.6655
2019-08-14;19.882742;3.880666;0.010068257;755.5411;1.1130027;99.13708;0.0;-7.3453654e-25;99.99998;-7.345365e-21;0.15540421;-1.8202122;0.007480383;0.6454885;0.63801557;0.0;0.0;5628.01;6813.8687;-2706.4067;7365.703;-1264.4412;-1517.7977
2019-08-15;20.484213;2.1422017;0.010298411;755.32025;0.9282093;120.39393;0.0;-7.3453654e-25;99.99998;-7.345365e-21;0.40358305;-1.4954433;0.020116568;0.64599514;0.6258786;0.0;0.0;5630.407;6815.2686;-2670.745;7555.364;-1038.8334;-1601.6289
2019-08-16;20.244741;2.6569622;0.009829204;753.3593;1.238623;122.88159;0.0;-7.3453654e-25;99.99998;-7.345365e-21;0.0012755394;-1.1946391;5.9604645e-05;0.61415136;0.6141141;0.0;0.0;5636.0244;6821.1484;-2773.8752;7405.705;-829.87555;-1808.081
2019-08-17;19.520681;4.3015237;0.01012675;751.33563;1.2464188;114.81057;0.0;-7.3453654e-25;99.99998;-7.345365e-21;0.0002682209;-0.9663347;0.0;0.60263276;0.60263276;0.0;0.0;6028.333;7295.0176;-2895.9795;7337.132;-671.2811;-2162.47
2019-08-18;19.46814;3.7359009;0.009799957;752.5972;1.3670849;106.14315;0.0;-7.3453654e-25;99.99998;-7.345365e-21;0.011235476;-0.77462846;0.0005066395;0.5919635;0.5915016;0.0;0.0;5381.9272;6512.1025;-2685.3838;7462.721;-538.1078;-1975.2167
2019-08-19;19.33606;3.0130413;0.009896596;755.92804;1.3341056;94.455894;0.0;-7.3453654e-25;99.99998;-7.345365e-21;0.077173114;-0.79406893;0.002965331;0.5836636;0.58071315;0.0;0.0;5650.671;6836.463;-2760.9148;7443.8896;-551.61224;-2083.8132
2019-08-20;19.793436;1.0036926;0.010063171;757.1267;1.333775;116.08511;0.0;-7.3453654e-25;99.99998;-7.345365e-21;0.0009640571;-0.74865484;4.4703484e-05;0.57028234;0.5702302;0.0;0.0;5382.6807;6511.569;-2741.4397;7469.042;-520.06555;-1874.1289
2019-08-21;19.845846;-1.7520345;0.010116577;756.0739;1.3039615;121.92859;0.0;-7.3453654e-25;99.99998;-7.345365e-21;0.0021329015;-0.80255884;0.00010430813;0.56010485;0.56000054;0.0;0.0;6205.798;7506.242;-3270.9148;6930.8667;-557.5111;-2165.1533
2019-08-22;19.071564;-2.3901875;0.009796143;754.01227;1.3000247;118.31388;0.0;-7.3453654e-25;99.99998;-7.345365e-21;0.0;-0.747798;0.0;0.55003166;0.55003166;0.0;0.0;6328.0615;7653.2056;-3509.2666;6516.66;-519.4711;-2199.8477
2019-08-23;18.006083;-2.2195842;0.010148366;753.99097;1.2251979;154.92363;0.0;-7.3453654e-25;99.99998;-7.345365e-21;0.0008418319;-0.7262863;2.9802322e-05;0.5404353;0.54038316;0.0;0.0;6360.7773;7691.88;-3593.2258;6321.201;-504.52667;-2101.36
2019-08-24;18.243185;-0.611613;0.009665172;755.8143;1.1995296;141.50397;0.0;-7.3453654e-25;99.99998;-7.345365e-21;0.04672408;-0.7051006;0.0022947788;0.53328276;0.530988;0.0;0.0;6057.2188;7323.935;-3193.752;6751.21;-489.81;-2109.2344
2019-08-25;18.045471;0.8248698;0.009885152;755.8648;1.0775976;128.43147;0.0;-7.3453654e-25;99.99998;-7.345365e-21;0.38625687;-0.73569363;0.018805265;0.54076314;0.5219579;0.0;0.0;4948.2974;5982.356;-2593.433;7277.0347;-511.06223;-1738.6022
2019-08-26;18.541128;-1.7670898;0.010166168;756.02124;1.322667;155.53812;0.0;-7.3453654e-25;99.99998;-7.345365e-21;0.0036984682;-0.82102233;0.00014901161;0.5133301;0.51317364;0.0;0.0;5770.93;6976.0674;-3030.94;6933.93;-570.3356;-1980.4833
2019-08-27;18.217978;-2.7619832;0.009616852;755.5874;1.4201978;185.25038;0.0;-7.3453654e-25;99.99998;-7.345365e-21;0.0030048368;-0.7158369;0.00013411045;0.5047023;0.5045533;0.0;0.0;5866.0977;7090.274;-3149.0862;6753.8574;-497.26666;-2062.0989
2019-08-28;17.35315;-3.0208435;0.0099817915;755.2112;1.1686245;187.77063;0.0;-7.3453654e-25;99.99998;-7.345365e-21;0.0054201502;-0.6957203;0.00025331974;0.49640238;0.49613416;0.0;0.0;5843.632;7062.17;-3184.3723;6701.1455;-483.29333;-1988.5823
2019-08-29;17.328064;-2.4389038;0.009864807;756.62604;1.147533;138.15826;0.0;-7.3453654e-25;99.99998;-7.345365e-21;0.08395314;-0.6469749;0.0040084124;0.49199164;0.48797578;0.0;0.0;5203.65;6288.1016;-2845.7283;6983.34;-449.43222;-1762.4778
2019-08-30;15.92162;1.4668274;0.010154724;755.2242;1.0431061;103.15269;0.0;-7.3453654e-25;99.99998;-7.345365e-21;1.2350483;-0.87600577;0.06517023;0.5453825;0.48021972;0.0;0.0;4633.5645;5598.493;-2416.7002;7197.025;-608.5311;-1548.78
2019-08-31;16.703573;1.5547587;0.010063171;751.53735;1.5028114;116.21877;0.0;-7.3453654e-25;99.99998;-7.345365e-21;0.0;-1.0109627;0.0;0.47260523;0.47262013;0.0;0.0;5749.0254;6945.273;-2850.1833;6921.0713;-702.2822;-2060.0056
2019-09-01;15.6545;3.1009216;0.010116577;752.00336;1.2778604;161.23534;0.0;-7.3453654e-25;99.99998;-7.345365e-21;0.001344084;-0.7625129;5.9604645e-05;0.46513975;0.46508014;0.0;0.0;5543.0054;6695.511;-2864.8965;6795.234;-529.69336;-2068.6833
2019-09-02;15.2933655;0.95077515;0.009674072;752.1028;1.276944;172.58447;0.0;-7.3453654e-25;99.99998;-7.345365e-21;0.0018656254;-0.66162276;7.4505806e-05;0.45780838;0.45774132;0.0;0.0;5654.901;6829.9985;-2935.125;6669.153;-459.60666;-2179.1033
2019-09-03;15.784068;0.5993042;0.010222117;751.9556;1.2321495;123.43353;0.0;-7.3453654e-25;99.99998;-7.345365e-21;0.0;-0.63310933;0.0;0.4505813;0.4505813;0.0;0.0;5485.9307;6625.138;-2842.7314;6852.24;-439.8;-2012.5734
2019-09-04;15.303914;0.8484192;0.0100034075;751.59985;1.1603138;180.33356;0.0;-7.3453654e-25;99.99998;-7.345365e-21;0.101172924;-0.6057229;0.0048577785;0.44846535;0.44360757;0.0;0.0;5432.797;6560.186;-2914.278;6692.8896;-420.77554;-2046.6967
2019-09-05;15.336192;-0.94829303;0.010339101;752.2275;1.1496011;151.16496;0.0;-7.3453654e-25;99.99998;-7.345365e-21;0.0008583069;-0.62610394;4.4703484e-05;0.43685734;0.43681264;0.0;0.0;5617.707;6782.637;-3060.865;6512.8633;-434.93222;-2015.9177
2019-09-06;15.286;-0.46854654;0.009766896;752.8279;1.17054;174.08232;0.0;-7.3453654e-25;99.99998;-7.345365e-21;0.00042915344;-0.59751236;1.4901161e-05;0.43019652;0.43017417;0.0;0.0;5625.9185;6791.737;-3008.8735;6582.721;-415.07224;-2078.4077
2019-09-07;15.193715;-0.61119586;0.009764354;750.5557;1.1482385;216.25494;0.0;-7.3453654e-25;99.99998;-7.345365e-21;0.0;-0.5708728;0.0;0.42368472;0.42369962;0.0;0.0;5425.1772;6548.6646;-2891.6343;6702.598;-396.56555;-1954.7755
2019-09-08;13.676514;2.609497;0.010014852;750.89044;1.1796834;119.07358;0.0;-7.3453654e-25;99.99998;-7.345365e-21;0.98581016;-0.6908849;0.048205256;0.465706;0.41750818;0.0;0.0;4542.0806;5481.858;-2288.0781;7114.5527;-479.93445;-1736.34
2019-09-09;11.981506;4.5416465;0.009916942;752.0202;1.4493446;70.28268;0.0;-7.3453654e-25;99.99998;-7.345365e-21;0.56988;-0.766227;0.026613474;0.43818355;0.41157007;0.0;0.0;4521.7227;5456.4326;-2188.4841;7107.9473;-532.2722;-1920.5577
2019-09-10;12.312215;1.9851176;0.009835561;752.1601;1.3330247;87.89984;0.0;-7.3453654e-25;99.99998;-7.345365e-21;0.038066506;-0.80708975;0.0018179417;0.40751696;0.4056841;0.0;0.0;5074.4473;6122.9272;-2575.734;6662.3545;-560.6578;-1926.74
2019-09-11;12.597656;2.1231282;0.00993983;754.112;1.2144271;84.13456;0.0;-7.3453654e-25;99.99998;-7.345365e-21;0.007390976;-0.5628895;0.00029802322;0.400275;0.39997697;0.0;0.0;3881.66;4683.0635;-2011.9839;7194.42;-391.02;-1426.69
2019-09-12;11.794728;2.7905476;0.0098559065;754.43945;1.135837;81.014046;0.0;-7.3453654e-25;99.99998;-7.345365e-21;0.5107552;-0.6080475;0.0243783;0.41884184;0.394471;0.0;0.0;4320.5674;5212.085;-2397.5327;6736.332;-422.3911;-1567.0366
2019-09-13;11.439626;1.6157328;0.010025024;754.47974;1.1160082;87.75649;0.0;-7.3453654e-25;99.99998;-7.345365e-21;0.56289136;-0.72119385;0.0269562;0.41602552;0.38908422;0.0;0.0;4468.9434;5390.5;-2330.487;6773.4956;-500.99;-1650.9022
2019-09-14;12.593658;0.27522787;0.009942372;755.3969;0.999324;79.35026;0.0;-7.3453654e-25;99.99998;-7.345365e-21;0.0008523463;-0.7052375;4.4703484e-05;0.3838241;0.3837645;0.0;0.0;4317.0806;5206.7676;-2425.2966;6703.6;-489.90555;-1375.5244
2019-09-15;14.406525;0.049021404;0.009661357;755.37427;1.2763116;110.82885;0.0;-7.3453654e-25;99.99998;-7.345365e-21;0.50255656;-0.86190736;0.023767352;0.40233135;0.3785342;0.0;0.0;4752.894;5731.6606;-2378.2385;6986.282;-598.7378;-1485.5934
2019-09-16;13.494853;0.51516724;0.010203044;755.2778;1.71337;159.4835;0.0;-7.3453654e-25;99.99998;-7.345365e-21;0.015959144;-0.77407247;0.00064074993;0.37404895;0.3733933;0.0;0.0;5166.1313;6224.549;-2761.8665;6496.828;-537.7233;-1941.56
2019-09-17;13.395793;-1.8572388;0.009913127;755.2617;1.3558488;219.79419;0.0;-7.3453654e-25;99.99998;-7.345365e-21;0.0017021385;-0.6050691;8.940697e-05;0.3684163;0.3683418;0.0;0.0;5216.678;6279.993;-2947.7466;6149.1543;-420.32224;-1895.2234
2019-09-18;13.76121;-3.5439556;0.010135651;756.72046;1.03863;139.83908;0.0;-7.3453654e-25;99.99998;-7.345365e-21;0.0008583069;-0.6092712;4.4703484e-05;0.36339462;0.36335737;0.0;0.0;5220.93;6279.6274;-3031.4307;6212.8745;-423.2389;-1618.3011
2019-09-19;14.904602;-2.6860657;0.010098775;757.19946;1.0713297;170.2968;0.0;-7.3453654e-25;99.99998;-7.345365e-21;0.0;-0.5721189;0.0;0.35847723;0.35847723;0.0;0.0;5241.2017;6298.523;-3147.8228;6189.258;-397.43332;-1545.9711
2019-09-20;15.436229;-2.401947;0.009934743;755.4704;1.40691;179.96962;0.0;-7.3453654e-25;99.99998;-7.345365e-21;0.0004351138;-0.5311221;2.2351742e-05;0.35372376;0.3537014;0.0;0.0;5123.8696;6152.178;-3011.0295;6339.621;-368.95334;-1556.8667
2019-09-21;14.597178;-3.0140584;0.010322571;751.8713;1.7301518;223.375;0.0;-7.3453654e-25;99.99998;-7.345365e-21;0.0039488077;-0.4576314;0.00013411045;0.3492087;0.3490597;0.0;0.0;4863.7427;5834.765;-2777.0203;6411.8423;-317.90222;-1827.1078
2019-09-22;12.59493;-4.137502;0.010111491;753.1199;1.1053847;202.53801;0.0;-7.3453654e-25;99.99998;-7.345365e-21;0.0;-0.4603453;0.0;0.34452975;0.34452975;0.0;0.0;5055.9287;6060.033;-2970.6267;6063.682;-319.78665;-1817.5109
2019-09-23;11.921936;-6.4772644;0.010080974;754.2297;1.0762635;172.90776;0.0;-7.3453654e-25;99.99998;-7.345365e-21;0.0034306278;-0.4541427;0.00016391277;0.3402531;0.34009665;0.0;0.0;5106.689;6115.559;-3147.8792;5776.2095;-315.47778;-1720.12
2019-09-24;11.368886;-7.5350037;0.0100364685;754.3916;1.0499588;165.83336;0.0;-7.3453654e-25;99.99998;-7.345365e-21;0.00042617318;-0.44378546;1.4901161e-05;0.33578277;0.33575296;0.0;0.0;5112.0024;6116.6235;-3180.9702;5666.1187;-308.28333;-1663.3556
2019-09-25;12.330699;-8.184143;0.009806315;754.95825;1.1919291;189.71266;0.0;-7.3453654e-25;99.99998;-7.345365e-21;0.0008523463;-0.45032984;2.9802322e-05;0.33155084;0.33150613;0.0;0.0;5022.2676;6004.048;-3087.447;5823.9077;-312.8289;-1576.2234
2019-09-26;13.380646;-2.1978352;0.009630839;754.93994;1.3305246;228.25749;0.0;-7.3453654e-25;99.99998;-7.345365e-21;0.0;-0.42003766;0.0;0.3273785;0.32735616;0.0;0.0;4683.2637;5593.92;-2625.5847;6429.44;-291.78665;-1634.9033
2019-09-27;13.305278;-0.40116373;0.0099983215;755.93384;1.24009;240.75745;0.0;-7.3453654e-25;99.99998;-7.345365e-21;0.00085234636;-0.42293036;4.4703484e-05;0.3233403;0.3232956;0.0;0.0;4880.4634;5824.4346;-2874.5364;6191.957;-293.79556;-1644.7711
2019-09-28;12.941976;0.5128784;0.010115306;754.5898;1.4152627;214.37733;0.0;-7.3453654e-25;99.99998;-7.345365e-21;0.0050008297;-0.39584097;0.00023841858;0.3195703;0.31932443;0.0;0.0;4654.5786;5550.0767;-2655.581;6337.6724;-274.97778;-1683.6823
2019-09-29;12.423259;-0.32544962;0.010134379;753.0383;1.207468;176.6701;0.0;-7.3453654e-25;99.99998;-7.345365e-21;0.0;-0.41990075;0.0;0.31542778;0.31542778;0.0;0.0;4740.993;5648.1973;-2707.8994;6333.4023;-291.6911;-1673.5488
2019-09-30;12.615214;-0.80629474;0.010223389;753.857;1.0656605;205.3358;0.0;-7.3453654e-25;99.99998;-7.345365e-21;0.0;-0.4224591;0.0;0.31159818;0.31159073;0.0;0.0;4750.1113;5654.181;-2818.7825;6225.7935;-293.46777;-1592.2744
2019-10-01;12.516205;-5.571472;0.009962718;754.0415;1.1584553;202.7542;0.0;-7.3453654e-25;99.99998;-7.345365e-21;0.0012908258;-0.41772053;5.9604645e-05;0.3079027;0.30783564;0.0;0.0;4779.9688;5684.83;-2996.1707;5925.013;-290.17667;-1535.5886
2019-10-02;12.875336;-6.197367;0.010144551;756.17426;0.96307415;115.0202;0.0;-7.3453654e-25;99.99998;-7.345365e-21;0.0017142948;-0.44619852;8.940697e-05;0.3042221;0.30414015;0.0;0.0;4769.301;5667.259;-2956.2397;6083.0845;-309.9589;-1348.7955
2019-10-03;12.562795;-0.49251303;0.009585063;754.4865;1.2326875;177.80418;0.0;-7.3453654e-25;99.99998;-7.345365e-21;0.77598095;-0.63313544;0.036925077;0.3374964;0.30057877;0.0;0.0;3992.023;4739.556;-2308.9153;6602.9937;-439.81778;-1301.0289
2019-10-04;11.687225;-0.7049764;0.010185242;753.8828;1.0126089;140.74791;0.0;-7.3453654e-25;99.99998;-7.345365e-21;0.0;-0.54276735;0.0;0.29709935;0.29709935;0.0;0.0;4389.3384;5206.763;-2601.1384;6329.1787;-377.04333;-1361.8647
2019-10-05;11.6441145;-2.4794006;0.009937286;752.9799;1.1307769;168.88487;0.0;-7.3453654e-25;99.99998;-7.345365e-21;0.0008546131;-0.4919814;4.4703484e-05;0.29367208;0.29364228;0.0;0.0;4573.345;5420.3574;-2751.0352;6156.331;-341.76334;-1478.9478
2019-10-06;10.626099;-2.6411235;0.010122935;750.8453;1.6733371;234.01192;0.0;-7.3453654e-25;99.99998;-7.345365e-21;0.00076293934;-0.4044287;4.4703484e-05;0.29030442;0.29025972;0.0;0.0;4457.0996;5278.128;-2476.4583;6323.056;-280.94333;-1612.6644
2019-10-07;10.372101;-1.2406718;0.010058085;754.5725;1.6461474;215.87048;0.0;-7.3453654e-25;99.99998;-7.345365e-21;0.0;-0.3297925;0.0;0.28699636;0.2869889;0.0;0.0;4019.141;4755.3667;-2389.297;6285.781;-229.09555;-1622.0033
2019-10-08;10.999512;-1.9812927;0.010056813;759.27875;1.1719908;225.06276;0.0;-7.3453654e-25;99.99998;-7.345365e-21;0.0008583069;-0.3632251;2.9802322e-05;0.28382242;0.28378516;0.0;0.0;4315.7173;5101.9546;-2565.8145;6134.1323;-252.32;-1508.8123
2019-10-09;11.198314;-0.6060486;0.010002136;759.8295;1.1367849;124.949005;0.0;-7.3453654e-25;99.99998;-7.345365e-21;0.06487087;-0.34070575;0.0029802322;0.2836138;0.28063357;0.0;0.0;3828.3645;4522.017;-2292.8093;6462.2065;-236.67778;-1280.8156
2019-10-10;11.724223;-3.4281108;0.009991963;758.71454;0.997662;156.88942;0.0;-7.3453654e-25;99.99998;-7.345365e-21;0.00085532654;-0.4186714;4.4703484e-05;0.27756393;0.27751923;0.0;0.0;4424.116;5221.1006;-2817.7983;6014.608;-290.83667;-1292.8811
2019-10-11;12.454305;-3.7646077;0.00987498;756.9594;1.0015225;179.34258;0.0;-7.3453654e-25;99.99998;-7.345365e-21;0.0021398063;-0.4030587;0.00010430813;0.274539;0.27444214;0.0;0.0;4369.138;5151.8384;-2582.8445;6349.912;-279.99112;-1251.4956
2019-10-12;10.561798;1.4391683;0.010161082;756.2675;1.207935;107.427605;0.0;-7.3453654e-25;99.99998;-7.345365e-21;1.9882461;-0.48485583;0.104784966;0.37625432;0.27146935;0.0;0.0;3473.4695;4092.0322;-2003.4467;6796.0454;-336.81332;-1222.4344
2019-10-13;7.837311;-3.3426158;0.010117848;759.9642;1.7042841;30.37644;0.0;-7.3453654e-25;99.99998;-7.345365e-21;2.9802322e-05;-0.85746217;0.0;0.26857853;0.26857853;0.0;0.0;4284.99;5043.8774;-2694.1077;5716.9653;-595.65;-1389.7722
2019-10-14;9.038727;-7.2351737;0.009849548;760.7463;1.2247614;49.620453;0.0;-7.3453654e-25;99.99998;-7.345365e-21;0.00042617318;-0.6776191;2.2351742e-05;0.2657175;0.26569515;0.0;0.0;4399.8745;5174.766;-3015.336;5401.454;-470.72;-1015.91223
2019-10-15;9.439809;-11.207011;0.009963989;759.09393;1.0462432;83.14005;0.0;-7.3453654e-25;99.99998;-7.345365e-21;0.0;-0.5918155;0.0;0.26285648;0.26284158;0.0;0.0;4342.73;5103.237;-2936.764;5511.61;-411.11444;-1026.3711
2019-10-16;9.611176;-8.842814;0.009913127;758.2579;1.0898331;110.544655;0.0;-7.3453654e-25;99.99998;-7.345365e-21;0.0008583069;-0.5004052;2.9802322e-05;0.26008487;0.2600476;0.0;0.0;4195.031;4928.1226;-2729.9321;5775.9434;-347.61557;-1117.5845
2019-10-17;9.474396;-5.348582;0.010065715;758.8129;1.0943488;142.70702;0.0;-7.3453654e-25;99.99998;-7.345365e-21;0.0017240491;-0.41420943;8.940697e-05;0.25738776;0.25731325;0.0;0.0;3874.121;4549.8535;-2410.2595;6138.2666;-287.73666;-1158.9956
2019-10-18;9.385376;-2.450348;0.009820302;757.34906;0.9497118;148.13611;0.0;-7.3453654e-25;99.99998;-7.345365e-21;0.14387369;-0.3684256;0.0068098307;0.26145577;0.25464594;0.0;0.0;3501.9534;4111.372;-2134.4583;6443.227;-255.93333;-1077.4177
2019-10-19;8.103404;0.8993022;0.009876251;756.3545;0.8955951;139.74405;0.0;-7.3453654e-25;99.99998;-7.345365e-21;0.2793014;-0.3106203;0.013247132;0.26533008;0.25209785;0.0;0.0;2773.295;3254.9905;-1760.7861;6637.943;-215.77777;-909.8444
2019-10-20;5.8579;2.3955383;0.010032654;755.6358;0.89574295;81.076836;0.0;-7.3453654e-25;99.99998;-7.345365e-21;2.0701468;-0.4981989;0.109896064;0.35956502;0.2496764;0.0;0.0;2256.0278;2646.935;-1519.5139;6614.9043;-346.0822;-718.7489
2019-10-21;5.296946;1.5840759;0.0098559065;754.7837;1.0208833;55.501675;0.0;-7.3453654e-25;99.99998;-7.345365e-21;3.5557747;-0.69540554;0.20992756;0.45722723;0.24728477;0.0;0.0;2955.6738;3466.4956;-1490.5895;6730.8677;-483.07443;-1073.1989
2019-10-22;4.876709;2.0929973;0.0099436445;753.6557;0.98838013;43.18352;0.0;-7.3453654e-25;99.99998;-7.345365e-21;3.9351509;-0.956811;0.22803247;0.47299266;0.24496019;0.0;0.0;2560.99;3002.6223;-1410.3088;6627.5254;-664.665;-727.38666
2019-10-23;5.438843;0.6551819;0.01012675;753.9282;0.8931341;67.7116;0.0;-7.3453654e-25;99.99998;-7.345365e-21;0.40547848;-1.0664397;0.01937151;0.26205182;0.24266541;0.0;0.0;3082.2217;3612.7566;-1699.5072;6444.6895;-740.82;-852.3122
2019-10-24;4.5845437;-2.0270488;-3.0372162;754.24994;0.9922209;82.27751;0.0016276041;-7.3453654e-25;117.1979;-7.345365e-21;0.15828013;-0.9962991;0.007882714;0.24823844;0.24036318;8.568168e-05;0.00021606684;3176.5579;3722.281;-1727.4473;6318.503;-692.0956;-1015.04114
2019-10-25;4.7018127;-1.4826559;-4.1095505;753.21954;0.90004057;70.11761;0.00056966144;-7.3453654e-25;143.18358;-7.345365e-21;0.86255074;-1.0017604;0.044748187;0.28282404;0.23807585;5.2154064e-05;0.0;3386.9812;3967.561;-1835.1;6184.36;-695.89;-960.86
2019-10-26;3.6305542;-0.21225993;-3.0681255;752.84174;0.94875836;67.39299;0.0;-7.3453654e-25;150.64061;-7.345365e-21;2.1826327;-0.90298986;0.12627244;0.36214292;0.23585558;3.3527613e-05;0.0;2770.8306;3244.909;-1566.1794;6363.938;-627.2767;-844.00775
2019-10-27;3.3021953;-0.6381938;-3.2517064;752.54095;1.141398;41.028896;0.0;-7.3453654e-25;150.64061;-7.345365e-21;1.0255873;-1.0463065;0.051125884;0.2848357;0.23370236;2.2351742e-05;0.0;3049.6372;3570.101;-1603.2539;6286.3677;-726.8345;-958.86224
2019-10-28;3.4313862;-1.6794434;-4.859937;751.5989;0.8638532;158.58403;0.0;-7.3453654e-25;146.32875;-7.345365e-21;1.0733664;-1.0019578;0.053554773;0.28511882;0.23157895;1.3038516e-05;0.0;3033.2512;3549.8188;-1721.7722;6076.209;-696.0267;-842.1067
2019-10-29;2.700592;1.0460714;-2.0701497;750.8234;0.63991696;188.85773;1.4493002;0.00022955735;147.47589;1.4648438;5.312288;-0.8478304;0.28464198;0.5142093;0.22956729;0.11101551;0.42372197;1469.1722;1735.2478;-675.3039;6962.2646;-588.9144;-370.76666
2019-10-30;3.4156902;-0.49197388;-2.635896;751.0647;0.8113031;122.829094;1.5118815;0.00022216637;151.09828;1.3834635;0.38296294;-1.0846658;0.03015995;0.2577454;0.22756308;0.14419109;0.0;2772.6746;3272.52;-1501.1705;6367.9067;-753.5222;-810.5289
2019-10-31;3.4756165;-1.4566854;-5.482928;751.822;0.9065089;168.44481;0.7994792;0.000118494034;152.27797;0.9765625;0.057190657;-0.9562485;0.00873208;0.23427606;0.22552907;0.08201972;9.685755e-05;3233.9438;3799.0234;-1885.165;5867.727;-664.28;-752.2144
2019-11-01;3.0283203;-0.87716675;-3.1607082;750.45746;1.1214134;162.03122;0.41764322;6.1790146e-05;152.22816;0.32552084;0.101837516;-0.9113345;0.00821054;0.23172796;0.22351742;0.044818968;0.003311783;3064.2217;3589.8894;-1521.2367;6314.2183;-633.0933;-915.98114
2019-11-02;1.0676473;0.79683685;-0.026396433;750.12604;0.99880964;232.06651;21.934326;0.0033931732;147.42088;22.460938;16.805992;-0.5795825;0.9276718;1.1492968;0.22162497;1.5247352;5.47041;678.92053;960.9733;-120.35722;7396.846;-401.88556;-364.4522
2019-11-03;1.3530604;-3.5687358;-5.659958;754.50336;0.95566016;74.101204;21.1298;0.0031317074;151.02472;20.874023;0.012435019;-1.0413862;0.11500716;0.3347546;0.21974742;1.3824422;0.008016825;3024.229;4026.6167;-2030.31;5401.6685;-725.30334;-685.76
2019-11-04;2.1682332;-8.959083;-10.051539;756.4931;0.94065064;57.252476;14.034017;0.0020855267;151.1839;13.956706;0.0004351138;-0.9721201;0.07018447;0.28803945;0.21784753;0.840839;0.0;3381.9934;4291.8535;-2570.4517;4645.978;-675.89886;-357.83334
2019-11-05;2.8648784;-9.146923;-9.631878;755.59125;1.0176419;96.436714;9.132405;0.0013538996;151.28969;9.318034;0.0012934206;-0.94191545;0.05415082;0.27012825;0.21596253;0.6482452;0.0;3375.8372;4149.9136;-2490.3645;4801.4634;-654.78;-293.22223
2019-11-06;2.450653;-8.899022;-9.012794;754.1799;1.0028993;58.43606;5.633545;0.0008339882;151.3548;6.0221353;0.0;-0.9236671;0.036388636;0.25051832;0.21411479;0.4371293;0.0;3437.4268;4137.182;-2412.274;4945.741;-641.93665;-336.36
2019-11-07;2.9184978;-6.816565;-8.170159;755.11255;1.1540672;25.533262;3.25708;0.00048057237;151.39613;3.6214192;0.0;-0.93041545;0.024840236;0.23715198;0.2123043;0.30002743;0.0;3384.047;4017.1812;-2283.8384;5176.148;-646.4522;-356.2089
2019-11-08;3.689677;-7.690493;-8.506124;756.2473;1.1297442;24.843466;1.7768555;0.00026202202;151.42186;1.7496744;0.0008523463;-0.939277;0.01385808;0.22436678;0.21050125;0.1678653;0.0;3413.1533;4017.5767;-2411.6511;5065.8457;-652.55334;-285.6122
2019-11-09;3.1061504;-8.747624;-9.503274;756.8577;1.2413871;27.38828;0.974528;0.00014416377;151.43422;0.9765625;0.00085234636;-0.9152833;0.0071525574;0.21588802;0.20873547;0.08692779;0.0;3446.0718;4037.6733;-2600.9517;4793.062;-635.86554;-285.75555
2019-11-10;3.2114155;-10.902115;-10.074784;757.48584;1.2483093;30.202637;0.5539551;8.181731e-05;151.44106;0.44759116;0.0008523463;-0.822247;0.0038295984;0.21083653;0.20699948;0.046562403;0.0;3441.1416;4021.8867;-2618.844;4696.3433;-571.22723;-259.52444
2019-11-11;2.948354;-11.736542;-9.767602;756.9544;0.9820488;48.87882;0.3166504;4.6610832e-05;151.4453;-7.345365e-21;0.0008583069;-0.71494466;0.0022798777;0.20757318;0.20530075;0.027541071;0.0;3386.354;3951.9233;-2506.9685;4827.129;-496.67166;-269.71335
2019-11-12;3.0238545;-11.107167;-9.694298;756.3505;1.0039163;50.564068;0.17871094;2.6226044e-05;151.4453;-7.345365e-21;0.00043511385;-0.69385207;0.0013113022;0.20493567;0.20363182;0.015940517;0.0;3348.6033;3904.0344;-2492.4766;4843.453;-482.00888;-270.59332
2019-11-13;3.0218608;-11.184372;-9.22746;755.3518;0.92109686;63.26003;0.1003418;1.4781952e-05;151.4453;-7.345365e-21;0.0;-0.6174799;0.0006854534;0.2026856;0.20199269;0.008665025;0.0;3165.2856;3687.84;-2339.1194;4983.81;-428.95;-279.29333
2019-11-14;2.177602;-10.723655;-8.906135;755.3803;0.9100023;94.59074;0.056640625;8.46386e-06;151.4453;-7.345365e-21;0.0017106531;-0.61025375;0.0005066395;0.20089746;0.20039082;0.0051036477;0.0;3201.811;3728.4343;-2274.8284;5057.9756;-423.92667;-359.82666
2019-11-15;1.8346151;-9.971187;-9.729709;755.35187;1.1553458;25.90886;0.03157552;4.3312707e-06;151.4453;-7.345365e-21;0.0;-0.59010273;0.00020861626;0.19901991;0.19880384;0.0026896596;0.0;3276.7178;3814.05;-2509.7312;4752.9624;-409.92776;-340.42
2019-11-16;-0.33311972;-7.5946555;-9.642682;754.6441;1.6677556;29.897598;0.018798828;2.304713e-06;151.38312;-7.345365e-21;0.00022649755;-0.4342692;8.940697e-05;0.19735098;0.19725412;0.0013113022;0.00021606684;3078.3071;3582.6023;-2328.2822;4837.5444;-301.67722;-511.09888
2019-11-17;-3.1893108;-13.02786;-11.7756;754.6218;1.6136655;26.505274;0.014485677;1.9073486e-06;150.68748;-7.345365e-21;0.0008523463;-0.26934874;7.4505806e-05;0.19583106;0.195764;0.00029802322;0.0;3164.3677;3682.6633;-2550.0195;4374.8535;-187.11667;-791.4789
2019-11-18;-3.5905254;-14.89257;-11.793279;752.99335;1.6187712;22.087858;0.026285807;4.132589e-06;152.0117;-7.345365e-21;0.0047832727;-0.18016714;7.4505806e-05;0.19437075;0.19430369;0.00017881393;0.0039190054;2930.7104;3410.6511;-2352.3845;4543.259;-125.17167;-810.3489
2019-11-19;-2.3678284;-12.584507;-10.549474;752.5034;1.455953;20.318813;0.032389324;5.1259995e-06;153.04979;-7.345365e-21;5.9604645e-05;-0.18583424;8.940697e-05;0.19297004;0.19288063;0.0011250377;6.7055225e-05;2889.6655;3362.8955;-2169.6455;4842.569;-129.11111;-678.7167
2019-11-20;-0.10569254;-15.006095;-10.889454;752.5046;0.8807471;51.857452;0.02360026;3.6557515e-06;153.10936;-7.345365e-21;0.0;-0.27462375;0.00011920929;0.19156933;0.19146502;0.0014640391;0.0;3073.0833;3576.081;-2420.1995;4653.107;-190.77777;-488.84222
2019-11-21;0.038187664;-12.437798;-11.357455;751.3907;0.7661291;249.05666;0.0160319;2.2649765e-06;153.10936;-7.345365e-21;0.0012814989;-0.246319;0.00013411045;0.19019842;0.19004941;0.0009313226;0.0;3048.0645;3546.6968;-2438.1816;4615.91;-171.11333;-482.9411
2019-11-22;-1.6596171;-11.0364275;-11.216405;752.30884;0.7980097;160.50313;0.011230469;1.3113022e-06;153.10936;-7.345365e-21;0.001295848;-0.19389391;0.00010430813;0.18879026;0.1886785;0.00039860606;0.0;2972.271;3458.2822;-2296.0483;4713.22;-134.69667;-629.3822
2019-11-23;-1.6099625;-10.940361;-10.077413;753.31396;0.7548692;74.25946;0.008544922;9.536743e-07;153.10936;-7.345365e-21;0.0012814999;-0.22107735;0.00010430813;0.1874268;0.18731505;0.00041909516;0.0;2875.365;3345.1323;-2138.7527;4933.8096;-153.57666;-575.74
2019-11-24;-1.3786341;-9.617428;-9.7884445;753.1324;0.7540707;75.42446;0.0065104165;9.536743e-07;153.10936;-7.345365e-21;0.00085949065;-0.19681361;7.4505806e-05;0.1860559;0.18597394;0.00031851232;0.0;2884.81;3356.0088;-2120.8345;4964.9937;-136.72166;-547.83887
2019-11-25;-1.3501002;-10.797889;-10.159601;752.3226;0.70778805;190.96846;0.016438803;2.2649765e-06;136.6686;-7.345365e-21;0.0037133694;-0.2027424;0.00011920929;0.1847446;0.18464774;0.0008698553;0.0028572977;2372.1162;2759.6323;-1852.7333;5215.7344;-140.84612;-488.24777
2019-11-26;-0.5454915;-10.467025;-10.039924;752.9937;0.73298043;277.79922;0.018066406;2.6226044e-06;146.46873;-7.345365e-21;0.0012218952;-0.20205322;5.9604645e-05;0.18340349;0.18333644;0.00084377825;0.0012293458;2679.215;3116.912;-2018.5455;5075.6567;-140.36333;-481.09222
2019-11-27;-1.013855;-5.4344687;-4.092781;751.5093;0.7710538;212.7299;14.568767;0.0023557742;137.66925;16.072592;10.622015;-0.15320815;0.055775046;0.23782998;0.18205494;0.023784116;9.38506;1761.9244;2061.55;-855.74445;6378.3945;-106.85555;-439.3589
2019-11-28;-1.2788187;-1.8119608;-0.79605484;751.03784;0.61901206;190.7151;94.680664;0.013902704;137.2311;101.07422;6.6173077;-0.1336839;0.19824505;0.37902594;0.18078834;1.0566599;4.596375;716.2528;2192.9321;-429.35278;6731.2534;-100.973335;-151.18777
2019-11-29;-1.3857828;-2.4219258;-1.5680796;752.20087;0.7806807;175.11198;92.76693;0.014183998;150.81541;94.27897;1.2758255;-0.19480008;0.16614795;0.34567714;0.17953664;1.67799;0.7273145;840.2511;2287.551;-583.7722;6501.829;-145.32445;-117.113335
2019-11-30;-1.1994425;-1.6906433;-1.0726153;752.1834;0.9150222;206.87183;93.122314;0.014281313;151.43324;93.87207;4.211664;-0.16148016;0.19980967;0.37810206;0.1783073;1.0050144;2.5610776;409.33945;1053.3077;-81.342224;7066.4033;-122.68222;-122.64555
2019-12-01;-0.6010437;-0.8552246;-0.08864975;750.8287;0.9735084;211.6418;95.36898;0.015735706;151.79979;103.47494;4.866165;-0.14120248;0.4671663;0.6442517;0.17709285;1.8193089;1.07814;405.16724;1091.2222;-73.48389;7199.3926;-107.655556;-132.79445
2019-12-02;-1.4957556;-3.2144966;-3.495538;748.09326;0.65084773;171.33289;89.37679;0.014180382;156.56053;90.535484;0.29753447;-0.19152835;0.15617907;0.33208728;0.1758933;1.6995091;0.19409508;781.16833;1860.2189;-739.135;6193.419;-142.83223;-90.26667
2019-12-03;-1.4629949;-4.4210677;-7.5798774;748.8022;0.8311003;176.8919;75.76351;0.011904637;158.23012;75.398766;0.0051170583;-0.27676392;0.2502501;0.4249364;0.17470121;2.7092006;0.0033974648;1445.235;2912.4167;-1200.4822;5371.6665;-195.60777;-93.723335
2019-12-04;-0.9064026;-2.6122792;-2.5708988;749.95233;0.8556722;241.89653;63.171223;0.010009448;158.36456;63.3138;0.998646;-0.26245975;0.15556812;0.32907724;0.17350912;1.5914366;0.8864142;1309.0723;2289.7932;-818.8722;6279.39;-188.15889;-170.92334
2019-12-05;-2.7369015;-4.4436073;-4.305468;751.01935;0.7731082;157.53853;68.5057;0.010549347;153.0169;68.52213;1.6922057;-0.35832822;0.057578087;0.22992492;0.17234683;0.5015042;1.4710687;1042.7411;1939.2567;-719.0111;6168.3267;-264.5778;-237.18
2019-12-06;-3.795293;-6.2631226;-4.91641;751.17676;1.0809697;43.021774;87.92611;0.01368169;149.96254;90.61686;5.4956675;-0.21380931;0.02270937;0.19392371;0.17121434;0.12943521;5.051462;608.02277;1443.12;-633.9561;6059.709;-161.51445;-70.64222
2019-12-07;-3.6543083;-6.840773;-5.8577676;747.73016;1.2605168;33.39392;97.44971;0.016991735;151.76527;111.450195;2.2289305;-0.23942068;0.031515956;0.20161271;0.1700893;0.2348721;1.9100084;854.08887;2460.0444;-822.86224;5764.175;-182.54445;-70.956665
2019-12-08;-4.620539;-5.8429656;-3.884402;745.1237;0.9232356;143.15137;98.597084;0.01961545;150.46417;129.84212;3.9296894;-0.17782393;0.020131469;0.18911064;0.16897917;0.2011396;3.8568304;468.94333;1396.1011;-331.90277;6409.7812;-137.74222;-157.19112
2019-12-09;-5.9854255;-7.4144425;-5.2168136;747.7996;0.7934816;128.06657;99.63013;0.021892985;150.6214;145.46712;1.3199776;-0.21120906;1.4901161e-05;0.16790628;0.16788393;0.0;1.2763143;719.4028;2225.6545;-609.6533;6043.1465;-162.91556;-157.21777
2019-12-10;-6.189711;-7.3436484;-5.001817;748.1391;0.7151577;87.445564;100.0;0.026793042;148.0908;179.97234;6.5024347;-0.11660345;0.0004172325;0.16722083;0.16681105;0.0040866435;6.495554;397.45;1336.7245;-306.4211;6366.742;-90.344444;-118.37111
2019-12-11;-9.5574255;-11.805325;-10.855157;748.22;1.095687;53.32951;100.0;0.029076457;151.66144;191.65039;0.008356543;-0.08038338;0.00044703484;0.16617775;0.16574562;0.006157905;0.004027039;865.01447;2961.6023;-1161.0228;4937.2266;-59.81222;-114.005554
2019-12-12;-9.475457;-12.7705;-9.242351;746.7358;1.0012714;40.338978;100.0;0.029840866;151.65558;195.88216;5.334565;-0.099841505;0.0068694353;0.17155707;0.16468763;0.07770397;5.187277;806.59;2688.4878;-546.2744;5702.729;-75.064445;-81.27556
2019-12-13;-3.954834;-4.8610253;-3.4710338;746.136;0.60044116;149.41136;100.0;0.038287085;150.81801;253.05176;4.118228;-0.08970499;0.0007301569;0.16437471;0.16364455;0.0006556511;3.9207711;466.30667;1761.8445;-434.43167;6395.5376;-68.58667;-100.835556
2019-12-14;-3.0305889;-4.2001038;-2.444907;750.27386;0.5362025;207.75807;100.0;0.039890487;155.20961;256.9987;2.3436458;-0.13939384;0.009611249;0.17222762;0.16262382;0.095581636;2.1308064;498.05832;1767.8267;-260.43832;6710.973;-107.068886;-116.05889
2019-12-15;-4.090149;-5.2854514;-3.4510243;750.58246;0.7981594;155.1596;100.0;0.041526437;158.24672;262.736;0.29456615;-0.13685134;0.007852912;0.1694709;0.16161054;0.087589025;0.24013966;696.5022;2250.4878;-827.80444;5965.4966;-104.63778;-104.384445
2019-12-16;-7.17572;-10.033653;-9.030289;750.91095;1.5596327;20.069382;100.0;0.04149552;161.63995;257.12076;0.00912547;-0.09571761;0.00031292439;0.16091764;0.16061217;0.0042188913;0.0042058527;942.4139;2888.281;-1146.2;5111.9165;-71.71111;-52.146667
2019-12-17;-7.8433747;-10.787829;-10.645543;753.6833;1.7926011;18.524038;100.0;0.041436713;163.81248;253.41797;0.023724644;-0.12196973;0.0019520521;0.16157329;0.15962124;0.026760623;0.022813678;926.6572;2774.7766;-1116.6017;5002.0435;-92.454445;-3.1455555
2019-12-18;-8.578488;-15.90361;-13.204628;756.9788;1.590108;11.79342;100.0;0.0413572;165.6507;250.24414;0.0032875666;-0.06401818;0.0041872263;0.16282499;0.15863031;0.057287514;0.0015720725;1057.7417;3095.1467;-1275.1283;4593.787;-46.37;55.61889
2019-12-19;-5.842064;-15.104777;-12.371657;758.2745;1.4689697;6.138687;100.0;0.0411551;167.33006;246.6634;0.0;-0.06840378;0.024199486;0.18188357;0.15766919;0.27451104;0.0;1078.5756;3087.6833;-1239.0978;4728.6143;-49.544445;74.138885
2019-12-20;-4.237549;-15.217183;-11.22982;756.5588;1.3463992;107.834435;100.0;0.040768385;169.04979;241.86198;0.0004351138;-0.087609515;0.03761053;0.19432604;0.15670806;0.413239;0.0;1096.7839;3072.1943;-1312.74;4760.026;-64.27111;81.21
2019-12-21;-3.2532146;-15.383317;-11.573006;755.0577;1.1063372;161.84865;100.0;0.040300608;170.74965;237.06055;0.0;-0.09413995;0.039562583;0.19530952;0.15576184;0.42610615;0.0;1129.8972;3069.5623;-1337.1823;4698.4824;-69.685555;85.13111
2019-12-22;-3.877777;-12.2494545;-12.103921;753.3697;1.0216697;265.49762;100.0;0.03988433;172.30792;232.42188;0.0008523463;-0.08177105;0.028654933;0.1834929;0.15483052;0.3095083;0.0;1155.8027;3060.7856;-1360.7639;4623.3916;-62.08;51.634445
2019-12-23;-3.6197407;-11.777488;-11.805069;751.65875;0.82707405;213.9087;99.89999;0.039494038;173.97166;228.27148;0.0;-0.0768872;0.033810735;0.18773973;0.15392154;0.35846233;0.0;1126.9127;2926.3267;-1341.5594;4674.5845;-58.462223;31.98
2019-12-24;-3.6663616;-12.800571;-10.416058;750.8018;0.7354768;255.39128;99.30151;0.039110858;175.46808;223.71419;0.22009015;-0.17180853;0.023968518;0.176996;0.15302747;0.25166944;0.21206588;1036.4227;2612.5588;-782.8322;5383.9443;-134.61667;-15.162222
2019-12-25;-4.959503;-8.707438;-4.834784;748.17926;0.41710785;138.47362;99.69141;0.042906642;166.16534;257.56836;13.547032;-0.17729774;0.004246831;0.15640259;0.1521483;0.0004377216;13.182495;439.01666;1182.8645;-290.14944;6419.656;-138.35;-87.14889
2019-12-26;-5.233256;-5.9783225;-4.3566794;743.8608;0.9756817;181.18843;100.0;0.062802315;147.8216;421.30533;22.447273;-0.09064004;0.0;0.15127659;0.15127659;0.0;22.311434;465.15723;1853.7977;-260.475;6529.149;-69.93889;-157.73445
2019-12-27;-5.722158;-6.454067;-4.8526826;742.0633;0.59091145;180.73419;100.0;0.100591935;146.19008;683.3903;30.58027;-0.054659322;0.0;0.15041232;0.15041232;0.0;30.57485;150.93723;656.60443;-138.6339;6582.278;-42.50889;-73.97667
2019-12-28;-5.9919715;-7.124311;-5.769503;746.2939;0.73940706;152.9444;100.0;0.11102172;154.5283;718.7093;2.301696;-0.046260655;0.0;0.14957786;0.1495704;0.0;2.2637024;482.5172;2064.6423;-376.61945;6259.1943;-34.261665;-92.592224
2019-12-29;-6.9561157;-8.838389;-7.3063903;749.8189;0.7157728;118.02411;100.0;0.11257633;160.52797;701.7822;0.16655028;-0.04275795;0.0;0.14872849;0.14872104;0.0;0.16060472;588.7928;2468.1523;-898.4103;5460.5977;-30.84111;-89.916664
2019-12-30;-8.722904;-12.070138;-11.519189;749.9402;1.0433284;36.05032;100.0;0.1129204;165.20213;682.8613;2.7108967;-0.02099201;0.0;0.14787912;0.14787912;0.0;2.5637374;738.7317;3019.3489;-774.3433;5234.959;-13.796667;-54.261112
2019-12-31;-6.6628737;-9.217328;-10.540822;746.9978;0.77876896;132.481;100.0;0.117266096;164.2936;713.29755;1.6179562;-0.0049714;0.0;0.14705956;0.14705956;0.0;1.5921891;643.0972;2648.409;-658.7305;5496.692;-1.5544444;-31.613333
2020-01-01;-8.083923;-9.580966;-9.530273;743.51886;0.8410495;135.79546;100.0;0.11860076;167.81606;706.3802;1.8564016;-0.0138077885;0.0;0.1462549;0.14624745;0.0;1.8510371;607.0383;2444.8645;-477.29;5821.899;-8.712222;-75.20556
2020-01-02;-9.569022;-12.876712;-11.383264;746.24194;0.908041;59.9788;100.0;0.11936808;171.91241;694.7835;0.04078746;-0.052005984;0.0;0.14543533;0.14543533;0.0;0.03895536;692.88947;2747.9568;-956.51886;5010.403;-38.385555;-106.91
2020-01-03;-9.978352;-13.057446;-15.117549;746.9218;1.0396588;54.101627;100.0;0.1194162;175.388;680.7048;0.007158518;0.011220574;0.0;0.14466047;0.14464557;0.0;0.005453825;800.6711;3097.5867;-1094.93;4535.243;10.89;1.08
2020-01-04;-11.043529;-13.930331;-14.487622;741.83856;0.8297408;67.85149;100.0;0.12121602;174.98207;692.0573;3.7326071;0.0010784715;0.0;0.14385581;0.14386326;0.0;3.718853;516.99445;1971.13;-216.22;5692.329;2.0622222;-21.395555
2020-01-05;-9.593834;-11.400318;-10.837569;742.4467;0.80394715;145.14677;100.0;0.1240466;173.82909;713.3789;1.183083;-0.033242628;0.0;0.14309585;0.14309585;0.0;1.1756271;618.42944;2404.9045;-667.5622;5453.372;-24.006666;-73.73
2020-01-06;-10.504143;-12.817689;-12.058453;747.6938;1.0432311;59.25413;100.0;0.12493014;175.833;710.65265;0.41790605;-0.009866431;0.0;0.14230609;0.14232099;0.0;0.41446835;719.5389;2764.9456;-843.4805;5136.0215;-5.483333;-53.06111
2020-01-07;-10.164322;-14.696507;-14.491244;748.7383;1.0256163;74.130516;100.0;0.12502019;179.27733;697.2656;0.004455447;-0.017242506;0.0;0.14156103;0.14156103;0.0;0.00230968;855.8889;3204.3267;-1172.4989;4521.2104;-10.701111;-11.232223
2020-01-08;-10.008777;-13.929614;-15.488833;743.1818;1.0297955;19.05617;100.0;0.12667668;179.00877;706.8278;3.669217;0.0055758283;0.0;0.14081597;0.14080852;0.0;3.6430657;540.335;1997.169;-290.14557;5511.991;5.4922223;11.7288885
2020-01-09;-7.708898;-10.042731;-11.236974;741.907;0.7643295;61.426243;100.0;0.12955964;178.06151;727.3763;2.4799347;-0.0019539148;0.0;0.14007092;0.14007092;0.0;2.4750643;541.5183;2051.3833;-358.27554;5815.743;-0.022222223;-32.282223
2020-01-10;-8.598945;-12.208568;-10.855713;742.94385;1.0778965;37.14166;100.0;0.13199632;178.98761;737.58954;0.73987246;-0.031195581;0.0;0.13934076;0.13934076;0.0;0.736434;750.7878;2890.4568;-951.25055;5095.047;-21.492222;-52.514446
2020-01-11;-10.65614;-15.396029;-13.472217;745.5833;1.4728917;14.30431;100.0;0.13213892;182.77113;723.1038;0.013679266;-0.031566247;0.0;0.1386106;0.13861805;0.0;0.0128261745;883.20056;3312.7666;-1284.3062;4469.8525;-21.745556;-28.35111
2020-01-12;-9.542525;-18.065306;-16.376303;745.8406;0.7811613;185.80286;100.0;0.1322176;185.50487;712.40234;0.69737434;-0.027447939;0.0;0.13788044;0.13789535;0.0;0.6969385;815.1261;2983.7522;-653.81775;4999.92;-18.891111;14.882222
2020-01-13;-9.636501;-11.7993765;-11.982932;744.4568;1.0173312;84.79416;100.0;0.13679023;179.37042;761.67804;5.536771;0.006588176;0.0;0.13718009;0.13718754;0.0;5.53152;409.5061;1557.6222;-444.22388;5651.3516;6.0355554;-8.305555
2020-01-14;-9.9270315;-16.056631;-15.314969;751.24713;1.3909415;13.928643;100.0;0.13869993;180.20018;769.9382;0.0016987324;-0.012497418;0.0;0.13649464;0.13648719;0.0;0.0016987324;914.31335;3504.4722;-1391.8044;4156.991;-6.7166667;30.884445
2020-01-15;-8.553677;-19.822258;-18.427368;750.9134;1.0663646;69.77294;100.0;0.13871638;182.95734;758.2601;0.0008523463;-0.025728717;0.0;0.13577938;0.13578683;0.0;0.0;963.08;3600.4;-1247.1833;4121.1035;-17.13889;86.12556
2020-01-16;-10.797981;-19.48426;-19.530693;751.0388;1.2731341;23.727915;100.0;0.13872807;185.2516;748.9421;0.0031151075;-0.015440397;0.0;0.13509393;0.13510138;0.0;0.00055506825;999.2889;3648.46;-1160.9144;4130.7866;-9.406667;68.96889
2020-01-17;-8.8109045;-11.77023;-15.3291235;747.3062;0.8198993;65.373604;100.0;0.14253835;179.26463;793.7012;6.8923173;0.016687438;0.0;0.13440847;0.13442338;0.0;6.8542957;502.53278;1906.9366;19.973333;5965.9824;14.093333;-3.1211112
2020-01-18;-6.4380975;-8.556056;-9.518882;743.1025;0.9016412;39.393066;100.0;0.1531955;172.31996;887.04425;12.368902;-0.010526739;0.0;0.13376772;0.13375282;0.0;12.358814;433.49;1766.5945;-62.415554;6380.6533;-6.7055554;-35.205555
2020-01-19;-6.325483;-7.6477838;-7.017469;745.56714;0.6409237;120.888954;100.0;0.16162626;172.43031;937.7034;3.4243047;-0.049537048;0.0;0.13309717;0.13308972;0.0;3.4154952;528.4961;2216.4312;-306.94083;6265.7935;-36.706665;-97.46
2020-01-20;-7.1963363;-9.447915;-7.6652694;748.10034;0.82125574;64.13769;100.0;0.16258574;179.402;907.18585;0.08624196;-0.06896816;0.0;0.13242662;0.13243407;0.0;0.075723976;768.0294;3157.8022;-898.83167;5431.19;-50.534443;-132.94112
2020-01-21;-8.657818;-11.513734;-9.69875;745.52484;1.488061;30.03132;100.0;0.16337037;184.98956;883.42285;1.3525665;-0.042343512;0.0;0.13177097;0.13177097;0.0;1.3462901;688.32275;2767.5188;-883.60223;5287.3384;-30.297777;-51.545555
2020-01-22;-10.607839;-14.641731;-13.243969;743.8162;1.5331303;19.34049;100.0;0.1640126;189.28773;867.3096;0.008177978;-0.019079074;0.0;0.13113022;0.13113022;0.0;0.004313886;916.5378;3615.5754;-1369.2855;4359.339;-11.671111;-29.52111
2020-01-23;-12.149502;-14.301834;-14.805661;741.82416;1.0786597;241.53914;100.0;0.16450794;191.9632;856.85223;2.3711383;-0.005390495;0.0;0.13048947;0.13048947;0.0;2.3655148;758.70447;2915.8088;-382.36777;5482.3345;-2.2422223;-77.757774
2020-01-24;-9.746238;-11.471992;-11.051707;742.86273;0.8164978;90.71882;100.0;0.1740907;179.25616;970.3776;11.719823;-0.0043809414;0.0;0.12986362;0.12986362;0.0;11.71292;321.55057;1314.5488;-265.26083;5933.898;-2.6822221;-39.967777
2020-01-25;-10.483535;-17.487225;-14.029273;748.64716;1.1608642;48.21281;100.0;0.17846918;178.42609;1001.42413;0.0009685755;-0.04208833;0.0;0.12923777;0.12923777;0.0;0.0009834766;940.57666;3878.3545;-1434.3983;4170.8784;-29.084444;-36.324444
2020-01-26;-8.730437;-18.562391;-17.036005;749.352;1.1627973;53.703243;100.0;0.17847598;182.4186;979.126;0.0034348913;-0.03185682;0.0;0.12861192;0.12861192;0.0;0.0;980.1644;3935.6277;-1250.6139;4226.428;-21.105;62.024445
2020-01-27;-9.138438;-19.522135;-18.316427;750.6294;1.2404373;20.825764;100.0;0.1784904;185.69464;961.8327;0.0008523463;-0.031050295;0.0;0.12800097;0.12799352;0.0;0.0;1029.5039;4027.672;-1264.7498;4122.319;-20.64;78.76111
2020-01-28;-6.613169;-18.489656;-17.36598;748.9642;0.8183985;234.23653;100.0;0.17850046;188.76756;946.2077;0.0;-0.039684586;0.0;0.12737513;0.12739003;0.0;0.0;965.2156;3679.179;-855.3945;4758.0;-27.377777;44.496666
2020-01-29;-7.88397;-12.8026705;-14.89109;746.3794;0.60970396;234.06584;100.0;0.17912805;191.38312;936.84894;0.9458116;-0.0023404136;0.0;0.12679398;0.12677908;0.0;0.936456;739.965;2771.6968;-484.31277;5401.8867;0.36944443;-30.297777
2020-01-30;-7.949839;-9.3352585;-11.7338705;747.37427;0.92632097;250.75258;100.0;0.18004274;194.40233;926.8392;2.5055141;-0.008217059;0.0;0.12618303;0.12619048;0.0;2.5002809;715.2917;2636.7256;-85.15945;6199.65;-4.368889;-76.683334
2020-01-31;-6.7051673;-7.659227;-7.4798713;740.4365;1.1238061;163.97188;100.0;0.19959664;183.79523;1085.734;46.230095;-0.038390048;0.0;0.12561679;0.12560934;0.0;46.210163;265.91;1064.4645;56.048332;6671.18;-29.551666;-92.068886
2020-02-01;-10.755197;-13.418231;-9.0203085;738.7443;0.9347555;203.83669;100.0;0.23234546;167.21222;1391.1133;4.260038;-0.12649782;0.0;0.12502074;0.1250282;0.0;4.2562857;734.1017;3188.2244;-781.10114;5401.3555;-96.407776;-202.2589
2020-02-02;-10.855664;-15.316337;-11.952873;746.3757;0.9884724;69.40954;100.0;0.23325694;175.2757;1333.252;0.028121471;-0.08736458;0.0;0.1244396;0.12444705;0.0;0.027690083;941.3467;3981.7412;-1266.2922;4572.1084;-64.70333;-168.71889
2020-02-03;-8.192475;-13.551957;-15.762609;747.3349;0.8183892;177.29924;100.0;0.2332741;181.39418;1287.7197;0.04196465;-0.010151416;0.0;0.12387335;0.1238659;0.0;0.037562102;1046.1472;4306.818;-1199.8811;4382.8335;-4.5088887;-11.121111
2020-02-04;-8.94523;-10.1143;-13.539317;744.0765;0.8690636;240.0014;100.0;0.23484533;185.22655;1268.514;3.142953;0.019162893;0.0;0.12329221;0.12330711;0.0;3.1343625;545.55945;2198.8467;-52.107777;6046.959;16.217777;-56.19889
2020-02-05;-6.3492026;-7.2522407;-9.103166;748.4275;0.8136396;229.81654;100.0;0.23875415;188.93878;1265.0146;4.077542;0.0059977174;0.0;0.122755766;0.122748315;0.0;4.0686913;421.32834;1701.9066;58.17389;6590.2817;5.848889;-60.327778
2020-02-06;-4.829071;-6.7213593;-7.3583665;750.1538;0.70830894;253.21913;100.0;0.24079545;196.44432;1227.8239;0.08639991;-0.03870763;0.0;0.12218952;0.12218952;0.0;0.08510053;986.61224;3977.8723;-1084.9872;5302.305;-25.64;-107.96889
2020-02-07;-5.182841;-5.9449286;-6.7423897;742.5765;1.1391388;208.04402;100.0;0.25553966;196.03416;1300.7406;39.941864;-0.028721988;0.0;0.12163818;0.12163818;0.0;38.855316;415.28;1721.8323;27.565556;6717.8457;-21.064444;-104.42889
2020-02-08;-8.46065;-10.494987;-6.5860176;735.845;1.4879094;203.18571;100.0;0.29615775;182.8395;1617.4316;30.396196;-0.1773797;0.0;0.12110174;0.12110174;0.0;30.387983;410.10165;1780.0645;-359.6128;6115.599;-137.86111;-212.08667
2020-02-09;-15.309497;-17.787233;-11.366225;738.0606;1.4049826;174.8239;100.0;0.31443712;182.73305;1723.3073;2.3241937;-0.15070476;0.0;0.120565295;0.120557845;0.0;2.3127608;932.2244;4030.9368;-1397.005;4358.023;-115.86889;-348.77554
2020-02-10;-17.28343;-21.669893;-16.415161;738.2939;0.7055981;110.56574;100.0;0.31613782;187.4785;1687.2152;3.2696724;-0.09959191;0.0;0.12002885;0.12002885;0.0;3.2647774;780.86053;3298.5134;-676.9106;4866.839;-76.12;-207.03
2020-02-11;-16.93061;-21.371496;-17.976036;741.44696;0.8379323;172.95341;100.0;0.3185146;189.37823;1683.7158;0.19887388;-0.041864812;0.0;0.11949241;0.11949986;0.0;0.19516796;1131.565;4713.8867;-1339.9584;3978.734;-29.68;-155.10777
2020-02-12;-14.365672;-17.186808;-18.643702;745.4068;0.7839169;266.47623;100.0;0.31885839;193.70702;1647.2168;0.7826565;-0.012366101;0.0;0.11897087;0.11897087;0.0;0.7737167;1082.3978;4394.6445;-863.265;4585.8896;-7.1833334;-117.74333
2020-02-13;-10.381724;-11.73714;-15.016871;747.70123;0.8687584;238.14789;100.0;0.3244631;192.55174;1684.5297;9.339839;0.017086044;0.0;0.11844933;0.11845678;0.0;9.338133;498.32166;2025.0322;65.33222;6055.1157;14.286667;-52.064445
2020-02-14;-10.03281;-18.98602;-12.967578;750.17804;1.0751264;87.539246;100.0;0.32931602;195.81085;1684.082;0.35096407;-0.0917986;0.0;0.11794269;0.11793524;0.0;0.34667552;1139.5806;4716.473;-1454.3489;4337.4307;-66.47444;-99.73444
2020-02-15;-6.0167885;-20.437288;-13.658928;751.00433;0.8012445;116.61797;100.0;0.32972547;202.23338;1631.7139;2.0439565;-0.09884685;0.0;0.11742115;0.1174137;0.0;1.953505;974.4361;3921.95;-376.29056;5698.4424;-71.98333;-35.25
2020-02-16;-3.6003125;-8.800017;-8.875813;749.0184;0.9512045;131.31142;100.0;0.33351204;207.74347;1606.2826;7.912105;-0.072990544;0.0;0.11691451;0.11689961;0.0;7.8941507;958.0405;3867.77;-371.53278;6181.292;-51.558887;-71.81
2020-02-17;-5.461477;-7.842949;-6.3961654;749.07495;1.387127;38.02919;100.0;0.35150775;208.45082;1685.669;16.283352;-0.09001326;0.0;0.11639297;0.11639297;0.0;16.22051;452.52777;1947.8467;-307.75473;6335.0767;-68.454445;-49.74222
2020-02-18;-4.1176095;-7.914293;-6.816817;752.76666;1.1147538;43.56671;100.0;0.35718295;216.83722;1649.7803;0.092580914;-0.04901737;0.0;0.11587143;0.11588633;0.0;0.07443875;933.1589;3963.4373;-1036.8088;5406.333;-33.15889;-77.933334
2020-02-19;-3.5279198;-6.176876;-6.1716714;747.12494;1.0481173;39.437153;100.0;0.36179098;224.29686;1612.3047;16.527554;-0.050994568;0.0;0.11539459;0.11538714;0.0;14.740497;757.3017;3159.121;-310.66388;6405.208;-35.495556;-87.60222
2020-02-20;-2.082194;-3.4716187;-3.0421321;743.14703;0.69216734;156.07552;100.0;0.38036227;226.78773;1679.3213;4.634589;-0.060380436;0.0;0.11488795;0.11488795;0.0;4.0967875;632.4339;2706.5718;-330.1378;6653.32;-43.59889;-91.64667
2020-02-21;-2.2834537;-3.5413437;-2.2955143;747.54663;0.70840573;217.21355;100.0;0.38175663;238.9837;1600.2604;0.92082024;-0.15140697;0.00043213367;0.11481345;0.114411116;0.005653128;0.7864982;901.08887;3662.8872;-674.39667;6289.426;-113.498886;-160.88889
2020-02-22;-3.1708782;-4.4401245;-2.3040974;748.58466;0.7542681;166.38832;100.0;0.3841821;248.53253;1546.7936;8.039016;-0.21446031;0.00423193;0.118136406;0.11391193;0.009944662;7.5245724;896.0289;3368.6838;-525.37164;6473.303;-163.73666;-212.65584
2020-02-23;-2.5222168;-3.4415588;-2.112386;749.91986;0.53061694;197.88774;100.0;0.39242265;252.46808;1556.2744;3.40842;-0.11227094;0.0073313713;0.12075901;0.11343509;0.095658004;3.1755528;532.75665;2111.5823;-452.27612;6530.3135;-85.64;-109.702225
2020-02-24;-1.9845988;-4.6664443;-2.1775844;747.4725;0.82183284;237.91515;100.0;0.39433685;260.7347;1514.8112;1.2519745;-0.21425727;0.01257658;0.12552738;0.1129508;0.16506016;1.1953638;1081.13;4075.8193;-835.605;6109.363;-161.71889;-167.36444
2020-02-25;-2.4377658;-6.921602;-2.8613434;741.5491;1.1984482;150.41534;100.0;0.39449596;269.19467;1467.8549;0.16829967;-0.27297622;0.007897615;0.12035668;0.112466514;0.10144152;0.16441569;1383.9722;4841.1265;-1300.4305;5509.528;-206.41777;-159.95667
2020-02-26;-2.8088582;-11.5686035;-4.921425;746.3052;1.1661721;36.89629;100.0;0.39432237;276.2754;1429.6061;0.0017940997;-0.23265742;0.0;0.11198223;0.111974776;0.0;0.0009313226;1608.1627;5447.713;-1902.2506;4579.1787;-173.27112;-108.505554
2020-02-27;0.34801865;-10.552318;-7.035956;751.7443;0.95262337;119.29124;100.0;0.39425004;281.7311;1401.8555;0.0;-0.13906509;0.0;0.11149049;0.11149794;0.0;0.0;1681.3778;5542.4043;-1761.7733;4603.7734;-100.41778;-7.131111
2020-02-28;-0.43762207;-8.946816;-6.7936273;748.3831;0.71579844;181.43477;100.0;0.3941938;286.68393;1378.2145;0.0017613173;-0.15267543;0.0;0.11101365;0.1110211;0.0;0.00089779496;1542.4711;4952.6265;-1276.9373;5237.219;-112.2;-77.956665
2020-02-29;-2.696401;-4.346975;-5.1202087;744.55524;0.89252615;164.65553;100.0;0.3962172;290.2015;1367.9606;7.10266;-0.08021295;0.008918345;0.11947751;0.110559165;0.0680238;6.3456373;1235.82;3872.821;-564.9125;6266.706;-57.88222;-130.44333
2020-03-01;-3.1964314;-4.5786233;-3.0677135;741.7603;0.6357977;148.12178;100.0;0.4067417;285.68848;1426.5543;10.77272;-0.16565993;0.033691525;0.1437962;0.11009723;0.22495165;9.332008;933.3211;3428.4138;-554.94165;6380.738;-125.37111;-178.05333
2020-03-02;-3.3742473;-4.4822783;-2.3676045;746.17816;0.7312811;189.26607;100.0;0.41785574;280.6735;1491.4957;7.4386177;-0.22845902;0.00032782555;0.11000037;0.109650195;0.0033881515;7.3443203;731.35443;2979.6821;-323.25778;6690.42;-175.17555;-244.68556
2020-03-03;-3.0590007;-7.9642105;-3.111983;750.84296;0.9936175;57.82213;100.0;0.41973028;285.89194;1472.4935;0.012884727;-0.25424546;0.0007748604;0.10997057;0.10919571;0.009164214;0.010315329;1388.8889;5449.0347;-1516.47;5163.781;-190.19333;-264.2739
2020-03-04;-0.5469971;-9.740875;-5.828953;752.3415;1.2012885;31.526583;100.0;0.41966477;291.80566;1442.4235;0.0;-0.14907587;0.0;0.10873377;0.10872632;0.0;0.0;1542.272;5807.8145;-1777.2992;4627.564;-106.93889;-43.8125
2020-03-05;0.5679118;-12.020635;-7.151156;751.3057;0.97744584;70.12776;100.0;0.41962755;296.70865;1419.2301;0.0;-0.1655789;0.0;0.10827184;0.10827184;0.0;0.0;1572.4214;5713.379;-1553.3458;4825.5757;-119.86278;-16.005556
2020-03-06;0.9930522;-11.273121;-6.689575;748.8816;0.942969;60.34331;100.0;0.41963115;301.3978;1398.0306;0.48896077;-0.17021038;0.00086426735;0.10868907;0.10781735;0.010361895;0.028200448;1499.5906;5272.6167;-1101.9706;5513.3022;-124.27778;-39.684444
2020-03-07;-1.2960612;-3.9863586;-4.1861367;748.7742;1.4658834;26.316467;100.0;0.42118;306.0713;1382.4056;2.5953412;-0.07154606;0.07092953;0.1783073;0.10737777;0.6007589;0.33549592;1042.5692;3590.154;-661.95197;6185.597;-50.833332;-68.82111
2020-03-08;-0.41718546;-4.8507485;-3.0819905;752.8133;1.379578;26.175306;100.0;0.4211055;311.11752;1360.6364;0.0010214414;-0.16588904;0.13256073;0.23952127;0.10693818;1.3073124;0.00015646219;1710.1158;5732.089;-1449.7617;5391.95;-119.475555;-128.52834
2020-03-09;0.011728923;-8.286183;-3.9433696;753.29034;1.2749916;34.12305;100.0;0.4200765;316.20963;1336.4664;0.00085234636;-0.19750185;0.07881224;0.18531084;0.1064837;0.7423889;0.0;1851.9244;6045.567;-1829.1492;4806.3457;-142.97667;-83.85333
2020-03-10;0.82368976;-12.268071;-4.9653726;752.7776;0.9792523;215.78358;100.0;0.41943565;321.0472;1315.7552;0.0;-0.24509802;0.042438507;0.14847517;0.10604411;0.39455667;0.0;1924.9689;6135.5576;-1782.4661;4785.6143;-180.04556;-69.19444
2020-03-11;1.3178202;-8.950404;-4.9597526;752.9683;0.9731767;114.819405;100.0;0.41872624;325.60645;1296.7936;0.0017225739;-0.19370578;0.09328127;0.1988858;0.10560453;0.8294713;0.0;1836.6827;5724.77;-1504.7567;5163.6455;-140.64111;-69.704445
2020-03-12;1.8120728;-7.459961;-4.4016113;753.17633;0.92797107;80.05651;100.0;0.41763344;330.0228;1277.71;0.0022500753;-0.19117445;0.14433265;0.24951994;0.105164945;1.2187232;0.0;2010.4856;6137.193;-1356.5712;5432.2876;-137.6811;-94.75222
2020-03-13;0.121164955;-4.17807;-2.124298;750.63354;0.69762105;62.594803;100.0;0.41849962;333.65952;1266.6016;8.796305;-0.117128715;0.22497773;0.3297329;0.10474771;1.0016785;4.026242;898.6078;2677.0005;-292.56668;6826.676;-86.86222;-72.746666
2020-03-14;-1.0011495;-1.9128418;-0.48892847;745.3641;0.6747909;129.57222;100.0;0.42999038;326.8369;1326.4974;8.396602;-0.13742596;0.23126602;0.33561885;0.10433793;1.2060367;5.7937613;872.9303;2985.4219;-395.17557;6797.009;-102.38778;-160.18222
2020-03-15;-0.16624959;-1.8286844;-0.2505773;747.4844;0.9369771;139.19234;100.0;0.4297906;333.35547;1300.4557;0.16573071;-0.26137754;0.3504157;0.4543364;0.1039356;2.9862561;0.0031664968;1935.1873;5726.7476;-976.4561;6213.9453;-193.59666;-274.18555
2020-03-16;-0.35168457;-0.76256305;-0.042622883;748.1923;0.86228585;193.34416;100.0;0.42568433;339.2054;1264.7299;5.138546;-0.1908103;1.135841;1.2393743;0.10352582;6.358782;1.1893623;1273.3645;3385.086;-290.24667;7044.4907;-144.27;-239.86111
2020-03-17;-0.64593506;-0.97245026;-0.0136362715;747.2503;0.806014;131.119;100.0;0.42130995;341.76334;1241.4144;6.0575695;-0.17932989;1.2568831;1.360029;0.10314584;6.181799;1.3618059;1111.4066;2854.2554;-264.0711;7039.7812;-136.14555;-222.00333
2020-03-18;-2.2632446;-2.5885441;-0.063103996;742.313;0.80700797;128.1917;100.0;0.44955602;312.09375;1448.2422;56.496387;-0.17910264;0.80384314;0.913769;0.10993332;0.3529582;50.538094;215.1084;845.36304;-153.43944;6995.54;-139.78444;-169.77667
2020-03-19;-3.5153706;-4.5453696;-0.48131052;743.8768;1.1452931;186.88757;100.0;0.47586155;292.2002;1633.4229;6.7718863;-0.44154936;0.0;0.10244548;0.10243803;0.0;6.5923557;1239.287;4741.692;-826.8311;6199.5713;-337.78223;-428.4222
2020-03-20;-3.9105327;-5.131907;-0.8391113;744.1064;0.8971355;150.00221;100.0;0.48253366;293.9108;1645.101;9.7534685;-0.43336862;0.007778406;0.10988116;0.10210276;0.022884458;9.355828;1300.9247;4515.206;-804.0939;6208.008;-332.03665;-436.21112
2020-03-21;-2.857727;-6.6921487;-1.0934563;742.44464;1.1993607;47.602432;100.0;0.48707303;297.958;1639.3229;0.15866946;-0.56644064;0.005617738;0.10739267;0.10177493;0.0373926;0.13787672;1788.0117;5841.392;-1151.1917;5825.965;-430.66;-317.7389
2020-03-22;-2.227651;-6.681254;-1.0701739;743.7548;1.4434813;30.330587;100.0;0.4870572;306.85416;1591.1865;0.483647;-0.5642008;0.020891428;0.12233853;0.101447105;0.14037266;0.42301416;1949.8639;5619.2495;-1406.9806;5517.278;-429.1;-225.76778
2020-03-23;-1.2240499;-6.5504355;-1.0949427;746.5865;1.0484182;58.214603;100.0;0.4867643;316.1976;1543.1315;0.0004351138;-0.3502872;0.017225742;0.11834502;0.10111928;0.1151301;0.0;2565.8057;6761.8906;-1992.9014;4885.948;-258.10223;-195.84111
2020-03-24;-0.7677205;-6.2707314;-0.6554349;747.0484;0.9456522;92.58832;100.0;0.48635423;326.6211;1492.5944;0.0;-0.46202725;0.03901124;0.1398176;0.100798905;0.25577658;0.0;2554.3984;6242.1396;-1715.292;5256.6235;-347.1111;-206.51111
2020-03-25;-0.61628217;-4.5506797;-0.3280131;747.66675;0.980639;76.697975;100.0;0.48470828;336.42026;1443.8883;3.7585795;-0.440727;0.66536665;0.7658601;0.10049343;3.6609118;0.80074;2346.2922;5414.9854;-1175.7661;5979.041;-332.15445;-175.64333
2020-03-26;-0.5322673;-3.1925151;-0.12124888;748.5452;1.0693504;52.62084;100.0;0.48062012;341.93686;1407.8369;4.647106;-0.38633403;1.5704185;1.6706288;0.10020286;8.736788;1.1510849;2264.2883;5232.5845;-1220.238;5931.7114;-291.3322;-218.34889
2020-03-27;-0.24211629;-2.1213887;-0.13367717;748.9114;0.86618453;77.40375;100.0;0.47676444;346.83627;1376.3428;4.864037;-0.24283397;1.1490434;1.2489855;0.09994954;4.941825;0.7914081;1589.4283;3680.895;-743.285;6452.181;-183.14111;-163.35667
2020-03-28;0.0019429525;-1.042745;-0.039001465;744.7756;0.5576626;100.3696;100.0;0.4813263;341.49057;1409.4238;15.634736;-0.1617791;1.5903413;1.7066747;0.116333365;4.9243474;9.69185;1015.0672;3106.5396;-397.23557;6851.8364;-120.79444;-160.32333
2020-03-29;-2.0677693;-2.8417358;-0.0780398;740.7329;1.2607629;199.52254;100.0;0.48606852;336.1377;1445.8008;11.082398;-0.41624343;1.01161;1.1112392;0.099636614;4.1869564;9.013682;1507.6888;4943.3716;-735.02136;6463.789;-316.62332;-409.43445
2020-03-30;-3.7315166;-4.5086975;-0.39982605;740.4411;1.1457638;204.92082;100.0;0.4960438;326.25586;1519.5719;10.097683;-0.43866038;0.019162893;0.11882186;0.099644065;0.072201714;9.902057;1201.8195;4396.82;-679.20026;6367.524;-335.68332;-463.8511
2020-03-31;-2.370819;-3.9229534;-0.46989822;746.482;1.0103878;226.94945;100.0;0.4988104;329.81152;1512.8988;1.472805;-0.5530063;0.02925098;0.12895465;0.09970367;0.13648346;1.0634847;1837.6738;5814.2207;-837.2539;6303.4624;-420.82443;-426.24777
2020-04-01;-1.3028055;-2.2899475;-0.17927806;743.87897;0.5549455;165.64287;100.0;0.5081006;327.9056;1547.7701;25.99454;-0.22782944;0.6503165;0.75012445;0.099785626;1.2340918;21.601622;1012.5322;3097.8755;-415.80167;6805.3193;-172.61555;-203.28111
2020-04-02;-1.165975;-2.1863606;-0.07328924;744.7661;1.1303743;218.68459;100.0;0.52234143;318.87662;1638.6719;5.0248084;-0.36686844;0.848338;0.9867549;0.13840944;3.0328817;2.8448627;1421.3717;5177.769;-672.7711;6562.0176;-276.15887;-321.46112
2020-04-03;-0.98585004;-3.2086384;-0.10252889;747.2202;1.1338043;196.55891;100.0;0.52171373;323.46616;1612.264;10.373455;-0.5835425;0.9001866;1.0005608;0.10036677;3.6215446;8.420606;2010.1777;6291.5693;-834.55444;6419.8545;-441.74554;-345.65332
2020-04-04;-1.341329;-4.1250916;-0.16723125;749.4995;1.0165018;147.92726;100.0;0.5260662;322.93423;1629.6387;1.408079;-0.49622357;0.6700456;0.7916391;0.121593475;3.2417905;0.80092996;1832.6294;6155.8906;-1305.382;5777.4546;-373.83777;-312.91556
2020-04-05;1.7857361;-5.032125;-0.3940722;753.4128;0.9827829;107.41894;100.0;0.5236477;331.1556;1582.5195;0.14680922;-0.3384687;0.40273368;0.5044192;0.10167807;2.2031796;0.0;2549.561;7392.051;-1724.7936;5312.242;-243.59555;-177.42555
2020-04-06;2.2282307;-1.6102091;-0.13040543;751.1048;0.8406887;172.7144;100.0;0.51917595;339.41504;1530.4362;5.974144;-0.20381808;2.285585;2.3894012;0.10382384;8.562379;0.006839633;1774.32;4638.5396;-633.0875;6645.65;-147.06667;-124.82
2020-04-07;1.9816488;-1.2329;-0.059312183;747.94556;1.033642;100.78949;100.0;0.5089391;345.01498;1475.8301;0.4981786;-0.2500452;2.8923154;3.0346365;0.14232099;12.982044;0.00115484;2186.0127;5299.805;-884.08057;6439.0044;-180.94667;-142.59889
2020-04-08;-0.08279419;-4.4134355;-0.21899033;749.1059;1.6473069;40.239567;100.0;0.49802765;350.64355;1421.1832;0.0069171186;-0.70496553;2.271667;2.3908167;0.119142234;9.895764;0.0051930547;3185.7495;7319.969;-1842.6289;5259.96;-533.1528;-236.43222
2020-04-09;0.32608032;-3.831838;-0.31926093;745.4936;0.9862449;87.79374;100.0;0.4898497;357.8623;1369.3033;3.2908022;-0.48231894;1.9906163;2.097845;0.107206404;7.0748405;1.0066181;2773.3044;6110.694;-1260.8917;5914.8413;-361.19724;-211.19221
2020-04-10;-1.0612692;-2.490214;-0.09442139;742.0396;0.7873016;140.44023;100.0;0.48569557;360.19174;1348.1852;8.889158;-0.35473704;3.5122633;3.7066042;0.19434094;9.321246;2.9851646;2052.1506;4830.948;-787.3264;6458.4795;-267.56223;-306.66223
2020-04-11;-1.7601115;-3.2458496;-0.14912033;744.2735;0.77816343;153.44487;100.0;0.4805596;361.75815;1328.4098;3.269881;-0.5046204;2.043262;2.213031;0.16976893;6.764099;1.343403;2238.6162;5551.8276;-982.4536;6204.151;-382.63388;-377.55
2020-04-12;-1.7082214;-4.0121865;-0.19368362;746.9611;0.92283064;127.32406;100.0;0.4756485;365.0062;1303.0599;6.4256597;-0.60701185;2.4161637;2.5380254;0.12186915;6.507136;3.2248125;2504.0273;6037.274;-1052.9739;6134.1377;-461.22446;-438.34555
2020-04-13;-1.2363586;-6.7271476;-0.28977203;749.57715;0.8780418;83.348915;100.0;0.47221294;368.40952;1282.3486;0.47022104;-0.65530276;1.179561;1.3020337;0.12245774;4.7057233;0.14595687;2772.8667;7091.9194;-1778.5917;5247.485;-493.84555;-289.85666
2020-04-14;-0.27756754;-8.204346;-0.39534506;751.1811;0.8727011;80.011055;100.0;0.46711376;375.8763;1243.6523;0.03924966;-0.6483644;1.2210608;1.3483763;0.12732297;5.0456896;0.0;3239.7773;7742.5005;-2023.5275;5007.915;-485.21112;-253.39
2020-04-15;1.718577;-5.7401223;-0.3547198;750.58417;0.87795275;213.70735;100.0;0.46005237;384.00845;1199.1373;0.0008583069;-0.5156668;2.0807238;2.242744;0.16199052;8.197226;0.0;3483.1133;7907.012;-2092.99;5004.416;-380.1;-184.52333
2020-04-16;0.54744464;-2.3957112;-0.26016107;748.30743;1.1432062;140.70152;100.0;0.45236322;391.64746;1155.8431;1.0598391;-0.37689415;2.0184965;2.1575987;0.13910234;6.9783797;0.0;2457.3694;5367.799;-1198.017;5933.4863;-281.84445;-177.13556
2020-04-17;1.5986227;-2.852295;-0.21181488;749.3107;1.0873476;107.09069;100.0;0.440986;398.24805;1108.6426;0.04933097;-0.3924407;4.2268333;4.4672194;0.24037808;14.319938;0.0;3413.841;7240.9585;-1637.5264;5567.8936;-285.35388;-179.6489
2020-04-18;2.8675537;-2.2004597;-0.2097969;749.9218;0.97981405;172.25171;100.0;0.42528936;404.54623;1053.2227;0.12889133;-0.39373899;5.496174;5.9505997;0.4544407;16.471457;0.0;3686.8206;7645.4307;-1678.3837;5576.065;-284.78223;-170.46445
2020-04-19;2.8014934;-1.8080648;-0.19769287;750.33575;1.0663284;162.17603;100.0;0.4084536;410.71548;996.3379;0.05669892;-0.41481292;6.0837417;6.8659487;0.78220665;16.807623;0.0;3596.4233;7328.4624;-1573.95;5694.796;-302.5289;-169.10556
2020-04-20;2.7170002;-2.5786335;-0.20064926;750.0527;1.0368434;220.06883;100.0;0.3913481;417.0752;940.3483;0.08013782;-0.46078208;6.3232183;7.227749;0.90452284;17.05689;0.0;3687.6262;7414.9346;-1553.4453;5722.0225;-337.50278;-162.74333
2020-04-21;2.8693135;0.43841553;-0.13924408;750.19434;1.1827452;245.4988;100.0;0.37422562;423.2191;886.5153;3.2472193;-0.36530942;7.3806047;8.571922;1.1913031;16.931889;0.0;3223.54;6413.0615;-1000.28973;6369.1006;-268.33334;-162.39223
2020-04-22;3.219635;2.4171345;0.005479177;748.0337;1.3077573;207.32637;100.0;0.3558329;426.68588;836.3851;24.993122;-0.07807277;19.23597;20.75544;1.519464;20.640596;0.0;2178.2412;4296.7886;-112.21445;7410.012;-50.02;-110.242226
2020-04-23;2.5738628;2.2344463;0.0041516623;744.73334;0.9841862;200.93372;100.0;0.3371298;427.52017;790.6901;13.038754;-0.0060386956;12.291372;13.554991;1.2636185;16.974382;0.0;1606.1311;3146.1362;-6.8297224;7455.3765;2.1944444;-105.97667
2020-04-24;1.9993591;0.7236023;-0.0011469523;744.27814;1.166644;203.09901;100.0;0.31855795;428.90918;744.4661;13.317177;-0.33940467;13.228372;15.118464;1.8900931;19.6704;0.62682855;2813.1306;5487.019;-567.0278;6913.6807;-251.41722;-194.58112
2020-04-25;1.8973694;1.0623779;-0.013445537;741.55914;0.69952685;186.05035;100.0;0.30160275;427.17123;707.1126;13.635534;-0.1222156;11.376828;13.989181;2.61233;16.589993;1.5984476;1956.7816;3955.4294;-343.53888;7086.171;-85.09722;-136.43222
2020-04-26;-0.1328125;-0.70966595;-0.076976776;742.3438;0.85863405;196.96657;100.0;0.29372004;412.65366;711.3037;8.5815935;-0.19318238;5.8147163;7.5532794;1.7385632;11.517652;3.4321024;1727.285;4254.5635;-632.4117;6635.964;-141.45;-234.09
2020-04-27;0.19968669;-2.9994876;-0.235377;746.751;1.1709291;187.69612;100.0;0.28356147;415.8789;682.2917;2.0348132;-0.62868;4.7469435;6.6708922;1.9239336;10.864332;0.00043213367;3133.2144;7467.75;-1229.0505;6014.411;-470.5289;-322.07556
2020-04-28;0.71047974;-1.9778849;-0.16641235;748.1684;1.1696376;173.67284;100.0;0.2707466;421.04654;643.35126;3.8630219;-0.6036777;6.088033;7.9132023;1.8251389;13.481959;0.00093504786;2929.1921;6635.773;-1143.6547;6161.5176;-453.85666;-254.84
2020-04-29;2.2777405;-3.5148823;-0.28885016;748.71216;1.0556178;98.496155;99.0026;0.2562529;427.17026;600.5046;0.88680387;-0.5183965;6.4427557;8.86622;2.4234653;15.114345;0.00052154064;3304.294;7176.667;-1350.4031;5929.954;-380.47446;-232.47556
2020-04-30;3.224294;-0.41290283;-0.2768898;748.8262;0.93209344;131.7082;97.059326;0.24080145;434.42578;555.0537;2.7500927;-0.32202715;7.170513;9.241819;2.071321;15.623186;0.0;3134.6316;6529.0254;-1263.8572;6064.5894;-227.66333;-166.8689
2020-05-01;3.1058857;0.8270772;-0.15927505;748.3284;0.9859326;190.11592;95.59766;0.2241487;440.63184;509.3994;7.2019634;-0.35079196;9.303689;12.401522;3.097862;16.923372;0.0003091991;3008.75;6072.9277;-816.9397;6624.75;-248.78;-221.43777
2020-05-02;2.3495991;0.8451538;-0.17868932;745.8349;1.0008852;248.52318;94.728516;0.20667589;444.73178;465.0472;8.101756;-0.30249542;11.114865;15.233874;4.119024;18.453602;0.00071153045;2988.9233;5905.2725;-990.6922;6359.11;-212.38333;-236.56778
2020-05-03;2.1981404;1.2374878;-0.12642288;747.43585;1.1574036;244.08144;94.25863;0.18994324;447.8763;423.62466;9.8542;-0.29549003;10.172829;14.126405;3.953576;16.844421;0.01540035;2644.505;5147.779;-434.6372;7038.568;-208.05779;-239.54778
2020-05-04;4.1096497;1.7734579;-0.0246315;750.71576;1.3248159;182.55891;93.97567;0.16896848;448.57812;376.6276;9.426887;-0.4809834;13.091415;18.601566;5.5101213;22.518307;0.0;3227.304;6213.9756;-765.6017;6785.6484;-345.71667;-183.25
2020-05-05;6.029124;1.8923441;-0.13643265;748.87915;1.0047327;156.35551;93.85205;0.15234582;448.57812;339.3148;4.8896074;-0.19504316;7.300377;12.612164;5.311757;15.621152;0.0;2107.0784;4015.2395;-745.31445;6638.9033;-132.25667;-24.197779
2020-05-06;2.424184;1.1224976;-0.12258021;742.8362;1.0835943;142.9666;93.84652;0.14187963;441.74414;316.28418;21.848232;-0.10730885;12.954608;19.656599;6.701976;9.586207;0.29807165;1267.8855;2415.5027;-159.34723;7207.771;-72.888885;-84.18667
2020-05-07;2.9945068;0.7390137;-0.058639526;747.57806;1.5850283;219.19023;93.838135;0.1278437;436.07553;285.319;1.947254;-0.5594306;7.8779755;17.657429;9.779453;17.223719;0.0;2635.3389;5032.392;-561.26666;6914.21;-412.04;-187.62778
2020-05-08;5.465637;1.495107;-0.29841995;751.4981;1.1721138;185.24702;92.99154;0.10787443;436.79068;241.00749;0.22136569;-0.4643854;7.9544187;19.02619;11.071786;21.710388;0.0;3152.5793;5973.9077;-927.16614;6569.7124;-329.2378;-142.79
2020-05-09;5.9588013;0.70215863;-0.3956286;748.5395;1.0749573;118.50394;89.565834;0.088225484;436.88217;196.89941;12.892276;-0.53945553;12.583017;23.741991;11.158965;18.620577;0.0;3414.0732;6339.4644;-966.3994;6551.26;-380.56888;-148.7589
2020-05-10;3.2594707;2.9289043;-0.019082388;747.4619;1.1275333;195.59212;86.77157;0.073866405;436.89844;164.75423;14.470005;-0.1378907;10.815814;38.97065;28.154835;13.118885;0.0015720725;1359.4478;2458.9412;16.830555;7510.3877;-89.03445;-107.65444
2020-05-11;3.4845989;0.117614746;-0.47634378;750.6192;1.0822071;156.52678;84.59408;0.055681627;436.89844;124.83724;6.229222;-0.77763665;9.475499;27.042002;17.566486;20.135973;0.0;3514.5027;6345.068;-1087.4475;6392.4453;-559.12665;-325.47556
2020-05-12;5.446157;-1.8753458;-1.7019514;752.62604;1.102701;140.18001;72.3256;0.035321277;436.89844;79.3457;0.0032961369;-1.004003;7.9583526;22.230536;14.272168;20.635284;0.0;4739.266;8261.026;-1904.3145;5523.1196;-707.50446;-297.6311
2020-05-13;8.091655;1.1117758;-1.0220909;752.88696;1.2628785;128.36763;42.169434;0.018384775;436.89844;41.341145;0.36248565;-1.6448479;4.931435;16.770378;11.838935;14.176197;0.0;5201.4;7812.8535;-1687.07;6204.5933;-1144.39;-411.44556
2020-05-14;8.57135;-0.15931194;-0.90704346;753.2596;1.1065137;72.12082;19.259115;0.008360624;433.3278;18.636068;0.8839965;-2.4627895;2.3936481;12.8867035;10.493062;7.3297844;0.0;5712.891;7787.223;-2001.5211;6111.3887;-1712.1766;-644.54443
2020-05-15;10.169647;-0.06325277;-0.5097224;753.97955;1.040466;46.82252;7.853434;0.003388365;428.41928;7.6904297;0.0008523463;-3.243627;0.9716004;10.475188;9.503588;3.491208;0.0;6319.5522;8235.831;-2251.5054;6167.8057;-2253.7222;-687.7989
2020-05-16;11.402181;0.6558431;-0.0900472;754.7339;1.034445;86.05842;2.754964;0.0011827946;428.09375;2.8889973;0.0;-3.5414696;0.34423172;8.954123;8.609891;1.3644025;0.0;6114.789;7804.6;-2173.3462;6465.939;-2460.1943;-668.54114
2020-05-17;12.204661;2.7320251;-0.015303294;754.9214;1.2371433;94.043755;0.8823242;0.00037705898;428.09375;1.2613932;0.0009775162;-3.8667395;0.110179186;7.9270005;7.816821;0.48078224;0.0;6361.073;8052.263;-2083.0073;6731.848;-2686.12;-753.1778
2020-05-18;12.345673;1.6155905;0.009969075;754.4598;1.0285614;100.76119;0.25073242;0.00010712942;428.09634;0.20345052;0.118881464;-3.7976363;0.04312396;7.165223;7.1220694;0.13419986;0.0;6106.3555;7702.959;-2272.6177;6553.28;-2638.0923;-724.3233
2020-05-19;10.806386;2.8245952;0.0013593038;752.44464;1.3373479;72.54055;0.07836914;3.3895176e-05;428.09375;-7.345365e-21;1.0499954;-3.311703;0.17932057;6.698579;6.519273;0.03897026;0.0;5571.5894;7016.3745;-2107.6775;6569.781;-2300.53;-771.9878
2020-05-20;11.6735735;2.5553894;-0.0016949972;752.2791;1.1980209;75.725746;0.025797525;1.13248825e-05;428.09375;-7.345365e-21;0.013032556;-3.6679637;0.004157424;6.000459;5.9963093;0.01347065;0.0;6192.439;7788.22;-2291.8533;6413.669;-2548.0122;-902.79443
2020-05-21;12.558502;1.6753947;0.00989151;753.0959;1.1691357;97.3899;0.00789388;3.496806e-06;428.09375;-7.345365e-21;0.27307868;-3.746232;0.03412366;5.5737944;5.5396557;0.00423193;0.0;6130.4365;7701.6;-2212.0923;6582.1855;-2602.3823;-840.19556
2020-05-22;13.306935;-0.8049113;0.010213216;752.7747;1.3693776;151.88301;0.002766927;1.2715658e-06;428.09375;-7.345365e-21;0.05093217;-3.9048736;0.0053346157;5.145282;5.1399546;0.0012591481;0.0;6160.6123;7731.047;-2186.9536;6565.412;-2712.5854;-901.11
2020-05-23;11.535808;-0.007283529;-0.09437434;750.3388;1.7217546;197.82465;0.0007324219;3.1789145e-07;417.348;-7.345365e-21;0.0;-3.6256406;5.9604645e-05;4.7880707;4.7880116;0.00037252903;0.0;6209.039;7783.0034;-2262.3208;6385.4233;-2518.6123;-1143.4711
2020-05-24;8.469249;3.8286335;-0.19769032;748.9527;1.0453249;117.98159;0.0;-7.3453654e-25;386.98892;-7.345365e-21;8.109657;-2.1498091;1.0303408;5.5114927;4.481159;0.00010058284;0.0;3689.5933;4619.771;-1427.3345;6903.07;-1493.4011;-666.19775
2020-05-25;5.6192017;2.6828003;-2.2838135;750.0258;1.6339307;149.42647;0.0;-7.3453654e-25;268.94824;-7.345365e-21;6.126091;-2.6536398;0.8273274;5.0385594;4.2112246;4.4703484e-05;0.0;5013.504;6270.75;-1666.4767;6596.5757;-1843.3955;-1589.9467
2020-05-26;9.910645;-1.1950175;-3.5509007;754.9018;1.194091;83.86878;0.0009765625;-7.3453654e-25;136.06703;-7.345365e-21;0.0028740978;-4.0406137;0.00032782555;3.9664655;3.966138;0.00020861626;0.0003017485;6755.411;8441.369;-2514.583;6018.7266;-2806.88;-1055.3878
2020-05-27;12.305369;-1.8128662;-3.5876338;756.38947;1.125794;92.390656;0.0;-7.3453654e-25;150.05824;-7.345365e-21;0.0008821487;-4.0168037;0.00011920929;3.7430525;3.7429333;8.940697e-05;0.0;6756.1777;8433.355;-2719.7114;5962.646;-2790.3389;-828.20557
2020-05-28;13.410095;-1.2755331;-2.1601906;755.06616;1.1949058;99.87772;0.0;-7.3453654e-25;125.710594;-7.345365e-21;0.14417939;-3.8976614;0.014513731;3.5556257;3.541112;2.9802322e-05;0.0;6467.2295;8064.0024;-2359.2043;6461.1357;-2707.5745;-835.3028
2020-05-29;13.758046;-0.3158976;-0.2427737;752.0385;1.5568482;174.78865;0.0;-7.3453654e-25;102.33624;-7.345365e-21;0.549525;-3.9247909;0.055998564;3.4142137;3.358215;0.0;0.0;6720.588;8371.233;-2468.8525;6439.202;-2726.422;-1191.3911
2020-05-30;10.989329;-1.6262003;0.010060628;752.34674;1.103376;182.1258;0.0;-7.3453654e-25;99.99998;-7.345365e-21;0.0008523463;-3.6926699;8.940697e-05;3.1912327;3.1911433;0.0;0.0;6976.1963;8680.304;-2910.3735;5753.7246;-2565.1755;-1335.0144
2020-05-31;11.277791;-1.0239462;0.009920756;752.81866;1.1022246;196.43005;0.0;-7.3453654e-25;99.99998;-7.345365e-21;0.00044107434;-3.5566893;4.4703484e-05;3.0379148;3.03787;0.0;0.0;6975.1304;8669.79;-2968.3127;5732.677;-2470.7134;-1219.4244
2020-06-01;12.53952;-1.3467102;0.010080974;752.149;1.2353657;202.25793;0.0;-7.3453654e-25;99.99998;-7.345365e-21;0.0;-3.544692;0.0;2.896771;2.8967783;0.0;0.0;6790.0903;8430.864;-2676.3022;6150.7734;-2462.379;-1199.789
2020-06-02;13.28242;0.22728474;0.009892781;749.4551;1.5961614;164.70607;0.0;-7.3453654e-25;99.99998;-7.345365e-21;1.6451522;-3.181072;0.16385317;2.9308796;2.7670412;0.0;0.0;6188.7773;7676.1436;-2400.665;6511.9604;-2209.7844;-1233.8188
2020-06-03;11.694763;-0.04559326;0.009831746;750.3726;1.5360789;201.07825;0.0;-7.3453654e-25;99.99998;-7.345365e-21;0.8345425;-2.9288921;0.06763637;2.7153492;2.647698;0.0;0.0;6173.5015;7648.9976;-2385.544;6393.2305;-2034.6034;-1537.69
2020-06-04;11.349629;-0.94666547;0.0098775225;752.7608;1.247948;212.54425;0.0;-7.3453654e-25;99.99998;-7.345365e-21;0.0008583069;-3.1903665;7.4505806e-05;2.5366545;2.5365875;0.0;0.0;6962.0913;8617.152;-2856.449;5920.2866;-2216.2412;-1613.1211
2020-06-05;11.249705;-2.6971538;0.009885152;754.71747;1.2575561;189.00092;0.0;-7.3453654e-25;99.99998;-7.345365e-21;0.0;-3.031442;0.0;2.43254;2.43254;0.0;0.0;6933.738;8573.027;-2855.8071;5936.358;-2105.8423;-1710.4489
2020-06-06;11.113342;-3.651825;0.010231018;754.8747;0.97764677;103.74008;0.0;-7.3453654e-25;99.99998;-7.345365e-21;0.0195705;-3.0366406;0.0014603138;2.3367107;2.3352578;0.0;0.0;6756.73;8345.341;-2852.333;6058.24;-2109.4534;-1407.9589
2020-06-07;12.477885;-1.4008585;0.0098775225;753.9069;1.3828801;44.300365;0.0;-7.3453654e-25;99.99998;-7.345365e-21;0.0;-2.971938;0.0;2.2440553;2.2440405;0.0;0.0;7024.198;8666.652;-3020.213;6014.601;-2064.5066;-1528.2778
2020-06-08;13.362071;-0.8222453;0.010022481;751.5628;1.3413363;46.128235;0.0;-7.3453654e-25;99.99998;-7.345365e-21;0.0;-2.8130598;0.0;2.1584034;2.1583886;0.0;0.0;6922.7744;8532.541;-2935.1768;6245.431;-1954.1389;-1557.1367
2020-06-09;13.924977;0.4844564;0.010175069;752.75244;1.2126584;74.90399;0.0;-7.3453654e-25;99.99998;-7.345365e-21;0.18854737;-2.4656904;0.012844801;2.090931;2.0781012;0.0;0.0;6205.9004;7640.839;-2622.9326;6663.7637;-1712.8345;-1415.6833
2020-06-10;14.090657;0.7605489;0.010414124;753.4968;1.2019371;104.315;0.0;-7.3453654e-25;99.99998;-7.345365e-21;1.0539174;-2.2821763;0.0744164;2.07752;2.0031035;0.0;0.0;6111.5405;7516.852;-2623.2473;6672.9087;-1585.3511;-1518.5211
2020-06-11;14.4947815;0.5713501;0.010213216;751.097;1.3042663;98.89971;0.0;-7.3453654e-25;99.99998;-7.345365e-21;1.4860034;-2.3975167;0.11974573;2.0525157;1.9327849;0.0;0.0;6037.386;7417.9854;-2484.1094;6832.632;-1665.4745;-1489.4822
2020-06-12;12.924825;-1.6654764;0.009738922;748.5406;1.3732038;166.64516;0.0;-7.3453654e-25;99.99998;-7.345365e-21;0.00085697183;-2.5560427;5.9604645e-05;1.8661767;1.8661246;0.0;0.0;7016.2783;8611.68;-3010.8323;6150.1387;-1775.5978;-2012.4545
2020-06-13;11.922099;-0.9211934;0.010088603;748.7657;1.3542929;218.05022;0.0;-7.3453654e-25;99.99998;-7.345365e-21;0.0;-2.2115278;0.0;1.8028021;1.8027872;0.0;0.0;6985.999;8565.595;-3057.7083;6046.85;-1536.2733;-2120.8467
2020-06-14;12.260142;-2.5654194;0.010026296;751.2006;1.4549562;170.14062;0.0;-7.3453654e-25;99.99998;-7.345365e-21;0.02913475;-2.0499983;0.0019073486;1.744777;1.7428696;0.0;0.0;6904.7886;8457.188;-2982.821;6172.7666;-1424.0656;-2144.891
2020-06-15;12.35146;1.1462301;0.009792328;753.43243;1.1556816;145.57231;0.0;-7.3453654e-25;99.99998;-7.345365e-21;1.1713327;-1.6946774;0.07581711;1.7626286;1.6868263;0.0;0.0;5599.9043;6851.7744;-2294.939;6834.8076;-1177.2356;-1832.3855
2020-06-16;15.36673;1.9937134;0.009682973;751.7085;1.305007;100.701744;0.0;-7.3453654e-25;99.99998;-7.345365e-21;0.08532405;-2.1598842;0.0045001507;1.6380847;1.6336143;0.0;0.0;6288.224;7692.9746;-2574.3516;6928.7446;-1500.4;-1672.9534
2020-06-17;15.439117;-0.19401042;0.009957631;749.62714;1.2687765;144.1018;0.0;-7.3453654e-25;99.99998;-7.345365e-21;0.0025759328;-2.1068528;0.00017881393;1.5824139;1.5822649;0.0;0.0;6983.1426;8542.033;-3053.685;6546.458;-1463.5612;-1995.5033
2020-06-18;15.40273;0.54851276;0.010218303;748.41724;1.298764;122.758156;0.0;-7.3453654e-25;99.99998;-7.345365e-21;0.062006716;-1.8518157;0.0035911798;1.5368164;1.5332401;0.0;0.0;6775.303;8286.684;-2931.8071;6706.1865;-1286.3944;-2112.4712
2020-06-19;13.792572;-0.3314209;0.0097846985;747.3637;1.5818585;151.98027;0.0;-7.3453654e-25;99.99998;-7.345365e-21;0.63110703;-1.6169902;0.039219856;1.526162;1.4869347;0.0;0.0;6675.2573;8163.297;-2901.2896;6491.7256;-1123.27;-2448.5479
2020-06-20;10.933858;0.59853107;0.010204315;746.8199;1.1809282;178.88377;0.0;-7.3453654e-25;99.99998;-7.345365e-21;1.0519028;-1.5914999;0.0641346;1.5074313;1.4432967;0.0;0.0;6364.1294;7781.838;-2759.7705;6390.0044;-1105.5623;-2352.82
2020-06-21;9.525035;4.0943704;0.0098724365;747.21674;1.135216;137.71051;0.0;-7.3453654e-25;99.99998;-7.345365e-21;3.9980547;-1.5376089;0.29608607;1.6984493;1.4023781;0.0;0.0;5353.8755;6545.79;-2195.216;6762.2725;-1068.1256;-2011.7422
2020-06-22;12.038594;2.6209106;0.009756724;749.9692;1.152585;125.01846;0.0;-7.3453654e-25;99.99998;-7.345365e-21;0.33688545;-2.4588852;0.02014637;1.3834834;1.363337;0.0;0.0;6110.35;7469.461;-2413.2;6725.6733;-1708.1056;-1698.2644
2020-06-23;14.194346;2.426585;0.009967804;752.7595;1.0775533;115.07108;0.0;-7.3453654e-25;99.99998;-7.345365e-21;0.0022947788;-2.1607802;0.00011920929;1.3256073;1.325503;0.0;0.0;5491.531;6711.9634;-2272.4927;7045.8184;-1501.0222;-1361.9845
2020-06-24;16.374685;0.7588908;0.00984319;752.34424;1.3469782;100.1221;0.0;-7.3453654e-25;99.99998;-7.345365e-21;0.0;-2.458551;0.0;1.2889057;1.2889057;0.0;0.0;7021.026;8580.603;-3059.9656;6543.988;-1707.8733;-1787.2211
2020-06-25;17.02836;-0.39460245;0.009880066;751.62286;1.2598699;111.83953;0.0;-7.3453654e-25;99.99998;-7.345365e-21;0.0025743202;-2.1393075;0.00014901161;1.25359;1.2534559;0.0;0.0;7073.208;8643.241;-3190.0034;6587.5522;-1486.1056;-1823.3256
2020-06-26;17.217783;2.4337769;0.009971619;751.5407;1.3143896;103.861145;0.0;-7.3453654e-25;99.99998;-7.345365e-21;0.00042617318;-1.7667003;2.9802322e-05;1.2194216;1.2193918;0.0;0.0;6938.733;8477.813;-3062.8547;6852.8687;-1227.2678;-2116.5244
2020-06-27;16.185242;2.6554565;0.009863536;750.37476;1.4240812;109.671074;0.0;-7.3453654e-25;99.99998;-7.345365e-21;0.00062584877;-1.4781375;2.9802322e-05;1.1867881;1.1867657;0.0;0.0;6705.352;8191.47;-2972.589;6869.5835;-1026.8123;-2323.8433
2020-06-28;15.788045;3.0969543;0.009593964;748.97284;1.1226352;100.73138;0.0;-7.3453654e-25;100.00259;-7.345365e-21;0.055229414;-1.1715171;0.0031590462;1.1589676;1.1558086;0.0;0.0;5385.1216;6577.7275;-2368.033;7404.047;-813.81445;-1788.0311
2020-06-29;15.50117;4.1928;0.01003011;747.82886;1.0597042;97.9069;0.0;-7.3453654e-25;99.99998;-7.345365e-21;0.6573372;-1.3076775;0.037178397;1.1636615;1.1264906;0.0;0.0;5663.9126;6917.579;-2391.4783;7392.074;-908.3994;-1970.5789
2020-06-30;14.978261;3.6299744;0.00978597;747.07446;1.3536124;99.634636;0.0;-7.3453654e-25;99.99998;-7.345365e-21;0.3797114;-1.342738;0.021576881;1.1199713;1.0983944;0.0;0.0;5463.7383;6672.2344;-2328.4897;7352.0;-932.75446;-1946.1034
2020-07-01;13.033498;4.177297;0.010068257;749.0608;1.5646838;45.518116;0.0;-7.3453654e-25;99.99998;-7.345365e-21;2.1664863;-1.4292607;0.14182925;1.2135506;1.0717213;0.0;0.0;5124.708;6257.42;-2238.0417;7111.259;-992.86;-1893.6167
2020-07-02;14.656596;1.8241272;0.009871165;751.1281;1.2774904;60.357784;0.0;-7.3453654e-25;99.99998;-7.345365e-21;0.021594763;-1.9131359;0.0010430813;1.0469556;1.0458827;0.0;0.0;6173.8667;7537.4634;-2702.7346;6821.5146;-1328.9922;-1816.5222
2020-07-03;16.344412;2.1980183;0.0101292925;752.6574;1.1941353;79.828545;0.0;-7.3453654e-25;99.99998;-7.345365e-21;0.012078881;-1.735555;0.0005364418;1.0210872;1.0205358;0.0;0.0;6362.439;7766.729;-2805.2512;6997.279;-1205.6322;-1875.5945
2020-07-04;16.769043;2.911082;0.010124207;752.065;1.1506809;52.24774;0.0;-7.3453654e-25;99.99998;-7.345365e-21;0.5203217;-1.4785994;0.02835691;1.024425;0.996083;0.0;0.0;6052.9165;7387.8735;-2661.3262;7264.992;-1027.1322;-1916.1289
2020-07-05;16.034506;3.730367;0.0100746155;748.8825;1.7665086;44.578217;0.0;-7.3453654e-25;100.00519;-7.345365e-21;0.3157171;-1.4216406;0.017538667;0.99018216;0.97263604;0.0;0.0;6148.908;7504.1724;-2662.7917;7125.8066;-987.56665;-2209.7957
2020-07-06;16.196493;2.353017;0.009857178;748.1814;1.8597432;46.510223;0.0;-7.3453654e-25;99.99998;-7.345365e-21;0.021529198;-1.3772845;0.001206994;0.9512007;0.9500012;0.0;0.0;6466.457;7890.657;-2874.534;6921.629;-956.7522;-2304.9268
2020-07-07;17.771057;1.8747965;0.010135651;749.20514;1.2103955;66.8378;0.0;-7.3453654e-25;99.99998;-7.345365e-21;0.01335144;-1.2883116;0.00071525574;0.9287298;0.9280443;0.0;0.0;6174.5933;7533.491;-2766.0283;7252.7476;-894.94775;-2009.0477
2020-07-08;18.689188;0.32858276;0.009807587;750.4864;1.2253124;126.02946;0.0;-7.3453654e-25;99.99998;-7.345365e-21;0.0015348196;-1.184579;8.940697e-05;0.9069592;0.9068772;0.0;0.0;5785.167;7057.398;-2693.9934;7432.0654;-822.88776;-1827.6755
2020-07-09;18.672241;0.85061646;0.009724935;751.4433;1.3747183;113.25687;0.0;-7.3453654e-25;99.99998;-7.345365e-21;0.0094174445;-1.1018431;0.0005066395;0.8869916;0.88649243;0.0;0.0;5748.715;7012.07;-2693.0344;7420.5044;-765.4133;-1899.5233
2020-07-10;16.597239;8.237061;0.009754181;752.02484;1.1685208;65.68023;0.0;-7.3453654e-25;100.00779;-7.345365e-21;2.793312;-1.1875517;0.18414855;1.0512173;0.86705387;0.0;0.0;5217.2065;6362.8984;-2407.9988;7491.9077;-824.9533;-1789.3011
2020-07-11;16.13505;5.695414;0.00983429;751.0577;1.137089;79.77896;0.0;-7.3453654e-25;100.00259;-7.345365e-21;0.13986528;-1.9181417;0.0071674585;0.85558;0.84841996;0.0;0.0;5851.263;7135.375;-2512.9778;7304.6567;-1332.4689;-1752.4333
2020-07-12;15.123973;8.383189;0.009962718;748.5078;1.2810904;65.24494;0.0;-7.3453654e-25;99.99998;-7.345365e-21;4.2570558;-1.7034551;0.2744943;1.1047721;0.8302629;0.0;0.0;5651.6255;6890.9443;-2228.4612;7518.958;-1183.3339;-2001.5244
2020-07-13;14.367126;6.985067;0.009993236;746.9107;1.1705576;115.04215;0.0;-7.3453654e-25;99.99998;-7.345365e-21;3.8914294;-2.311673;0.26869774;1.08172;0.81302226;0.0;0.0;5505.7207;6712.2935;-2118.5012;7400.416;-1605.8422;-1725.5211
2020-07-14;14.401642;5.6003113;0.010041554;750.01373;1.1350881;106.074036;0.0;-7.3453654e-25;100.03416;-7.345365e-21;0.33121705;-2.38383;0.017940998;0.81434846;0.79640746;0.0;0.0;5338.154;6507.0874;-2193.787;7215.343;-1655.9667;-1424.6034
2020-07-15;15.762909;4.7610984;0.009775798;752.20514;1.1816441;98.06188;0.0;-7.3453654e-25;100.00519;-7.345365e-21;0.061801437;-2.5382555;0.0031590462;0.78320503;0.78005344;0.0;0.0;6174.93;7526.061;-2471.1162;7166.933;-1763.2411;-1630.9667
2020-07-16;16.480612;6.2857766;0.009963989;750.80194;1.1560048;54.14743;0.0;-7.3453654e-25;99.99998;-7.345365e-21;0.100040436;-2.1902947;0.0053048134;0.76931715;0.76404214;0.0;0.0;6145.4775;7488.5244;-2538.272;7248.1636;-1521.5244;-1719.5989
2020-07-17;17.861124;2.3272095;0.009840648;750.1072;1.3421992;99.47756;0.0;-7.3453654e-25;100.03416;-7.345365e-21;0.0008523463;-1.9901367;4.4703484e-05;0.7484406;0.7484034;3.7252903e-06;0.0;6690.715;8151.144;-2983.5396;6926.073;-1382.4822;-1962.6777
2020-07-18;18.958323;2.78066;0.009951274;751.91046;1.4221457;94.120056;0.0;-7.3453654e-25;99.99998;-7.345365e-21;0.0021010637;-1.5061004;8.940697e-05;0.73328614;0.7332191;0.0;0.0;6210.7144;7564.5347;-2801.9841;7265.5845;-1046.2378;-1929.8234
2020-07-19;19.861084;1.5239156;0.009902954;753.7778;1.3098052;111.277405;0.0;-7.3453654e-25;99.99998;-7.345365e-21;0.0;-1.3791025;0.0;0.718385;0.7183999;0.0;0.0;6798.259;8278.334;-3163.8333;7140.743;-958.01776;-2164.0933
2020-07-20;20.982615;1.8814799;0.00970459;753.14557;1.3565806;148.5392;0.0;-7.3453654e-25;99.99998;-7.345365e-21;0.0034437117;-1.192566;0.00017881393;0.7041395;0.70394576;0.0;0.0;6421.3745;7817.6206;-3021.5647;7424.459;-828.43555;-2031.0455
2020-07-21;21.643057;1.6534933;0.010231018;750.1507;1.4311318;114.71836;0.0;-7.3453654e-25;99.99998;-7.345365e-21;0.0008583069;-1.1764653;4.4703484e-05;0.68996847;0.6899312;0.0;0.0;6769.6167;8239.747;-3222.3662;7335.967;-817.2511;-2263.6646
2020-07-22;19.78779;-0.5811259;0.0096588135;749.0649;1.4482269;114.63101;0.0;-7.3453654e-25;99.99998;-7.345365e-21;0.0;-1.0825227;0.0;0.6763041;0.6763041;0.0;0.0;6911.8115;8410.977;-3399.2312;6909.08;-751.99335;-2442.5479
2020-07-23;18.144623;2.7154236;0.009887695;750.67285;1.1803013;118.31548;0.0;-7.3453654e-25;99.99998;-7.345365e-21;0.15088916;-0.8882843;0.0074356794;0.67067146;0.6632507;0.0;0.0;5632.9355;6853.3203;-2696.5962;7368.9644;-617.06165;-2088.8333
2020-07-24;18.726868;2.285268;0.010011037;751.7109;1.4915833;122.38278;0.0;-7.3453654e-25;99.99998;-7.345365e-21;0.17889738;-0.9505088;0.008791685;0.6594956;0.65069646;0.0;0.0;5609.078;6822.799;-2559.3008;7553.969;-660.2867;-2079.1655
2020-07-25;20.628174;2.855011;0.0100619;752.56683;1.6493539;143.08914;0.0;-7.3453654e-25;100.00259;-7.345365e-21;0.0;-1.0490994;0.0;0.63839555;0.6384179;0.0;0.0;6470.065;7868.253;-3066.4292;7249.6787;-728.7744;-2317.3745
2020-07-26;20.621124;-1.054006;0.009888967;754.8864;1.3517121;168.87465;0.0;-7.3453654e-25;99.99998;-7.345365e-21;0.0;-0.97846985;0.0;0.626415;0.626415;0.0;0.0;6792.6157;8258.665;-3354.867;6908.3535;-679.71;-2409.3389
2020-07-27;21.58666;-0.15348308;0.009862264;755.4865;1.2766379;167.61275;0.0;-7.3453654e-25;99.99998;-7.345365e-21;0.0008583069;-0.92216206;4.4703484e-05;0.6147921;0.6147474;0.0;0.0;6125.3516;7445.6895;-2982.1614;7377.3696;-640.5956;-2061.8323
2020-07-28;20.609396;3.9395142;0.010214488;755.12555;1.1981021;134.33284;0.0;-7.3453654e-25;99.99998;-7.345365e-21;0.3063902;-0.9756815;0.01463294;0.61807036;0.6034374;0.0;0.0;5894.824;7163.8643;-2689.647;7816.5713;-677.7733;-2048.2688
2020-07-29;20.82898;2.738149;0.010039012;754.1997;1.409695;148.62828;0.0;-7.3453654e-25;99.99998;-7.345365e-21;0.3790319;-1.0648985;0.01898408;0.61149895;0.5925149;0.0;0.0;5878.599;7142.637;-2872.946;7464.4824;-739.7489;-2071.531
2020-07-30;20.248373;-0.28711954;0.009754181;752.8122;1.3842014;107.93008;0.0;-7.3453654e-25;99.99998;-7.345365e-21;0.0012844794;-1.1613462;7.4505806e-05;0.58184564;0.58177114;0.0;0.0;6809.5903;8271.872;-3433.081;6928.711;-806.7478;-2208.4888
2020-07-31;18.702026;4.2503967;0.010152181;750.847;1.3337253;71.82688;0.0;-7.3453654e-25;99.99998;-7.345365e-21;0.005034182;-0.9377729;0.0001937151;0.5713999;0.5712211;0.0;0.0;6477.1196;7866.2734;-3162.4238;7105.5;-651.4389;-2387.2634
2020-08-01;18.46997;2.2692566;0.009985606;748.23486;1.2905718;129.68584;0.0;-7.3453654e-25;100.00519;-7.345365e-21;0.0036716461;-0.84368515;0.00014901161;0.5611181;0.5609989;0.0;0.0;6168.797;7490.184;-3058.1567;7101.153;-586.08;-2317.5422
2020-08-02;17.797812;-0.779541;0.010209401;749.3179;1.4574018;192.37079;0.0;-7.3453654e-25;99.99998;-7.345365e-21;0.0;-0.7664114;0.0;0.55114925;0.55114925;0.0;0.0;6004.217;7288.802;-3003.5823;6960.8677;-532.4011;-2372.909
2020-08-03;17.83204;0.53779095;0.01014328;749.6973;1.2855496;150.45744;0.0;-7.3453654e-25;99.99998;-7.345365e-21;0.0;-0.7996075;0.0;0.5415678;0.5415678;0.0;0.0;6121.896;7429.778;-2938.4473;7142.009;-555.46;-2305.7944
2020-08-04;17.106253;5.1674705;0.009539287;748.4763;1.5581928;49.37115;0.0;-7.3453654e-25;99.99998;-7.345365e-21;0.28773624;-0.7998496;0.014051795;0.5463213;0.5322695;0.0;0.0;5890.0444;7146.8516;-2779.0933;7255.0903;-555.6289;-2318.6133
2020-08-05;16.808268;4.706034;0.009806315;747.40656;1.3295766;44.723705;0.0;-7.3453654e-25;99.99998;-7.345365e-21;0.097721815;-0.85886383;0.0044107437;0.5276203;0.5232245;0.0;0.0;5877.8877;7130.552;-2786.346;7232.3936;-596.62445;-2316.6267
2020-08-06;17.256826;1.3933817;0.009873708;750.4187;1.2013234;43.43684;0.0;-7.3453654e-25;99.99998;-7.345365e-21;0.028453793;-0.8946639;0.001296401;0.51561;0.5143285;0.0;0.0;6370.109;7726.052;-3158.899;6925.977;-621.49335;-2307.3755
2020-08-07;17.154205;1.3533224;0.009922028;751.9673;1.5640739;47.198498;0.0;-7.3453654e-25;99.99998;-7.345365e-21;0.0;-0.81424415;0.0;0.5056262;0.50561875;0.0;0.0;6317.0835;7660.1006;-3127.3547;6912.594;-565.6289;-2402.7788
2020-08-08;16.366537;-0.7288106;0.009984334;749.97394;1.6360178;40.966366;0.0;-7.3453654e-25;99.99998;-7.345365e-21;0.0;-0.77271557;0.0;0.49716234;0.49716234;0.0;0.0;6582.8506;7980.4937;-3335.5227;6574.676;-536.78;-2562.5378
2020-08-09;17.895456;-1.063385;0.009914398;748.2683;1.2631538;104.325264;0.0;-7.3453654e-25;99.99998;-7.345365e-21;0.0017172379;-0.81667674;8.940697e-05;0.4889667;0.4888624;0.0;0.0;6509.4116;7889.6816;-3300.7134;6805.067;-567.31775;-2319.58
2020-08-10;17.483133;0.09608968;0.009914398;749.41284;1.3634624;115.82906;0.0;-7.3453654e-25;99.99998;-7.345365e-21;0.0;-0.7747216;0.0;0.48080087;0.48077106;0.0;0.0;6513.6924;7893.097;-3264.145;6785.2104;-538.17334;-2504.0156
2020-08-11;17.092875;-0.056365967;0.01018397;749.269;1.2166823;137.73936;0.0;-7.3453654e-25;99.99998;-7.345365e-21;0.00044107434;-0.7597571;2.9802322e-05;0.47296286;0.47293305;0.0;0.0;6618.092;8017.8276;-3413.7866;6586.237;-527.7778;-2434.1868
2020-08-12;17.621359;2.3743389;0.009548187;749.8499;1.1068693;93.44163;0.0;-7.3453654e-25;99.99998;-7.345365e-21;0.0008523463;-0.74650997;2.9802322e-05;0.46527386;0.46524405;0.0;0.0;6059.4863;7339.477;-2956.8994;7170.4956;-518.57556;-2267.43
2020-08-13;17.785217;2.3420105;0.009882609;749.1303;1.3306683;113.609566;0.0;-7.3453654e-25;99.99998;-7.345365e-21;0.0017163147;-0.7406231;8.940697e-05;0.45783818;0.45774877;0.0;0.0;6178.2485;7481.5864;-3004.994;7137.479;-514.4867;-2377.6167
2020-08-14;17.589966;3.1900837;0.010139465;747.39435;1.4047188;98.82547;0.0;-7.3453654e-25;99.99998;-7.345365e-21;0.0014781952;-0.6700754;5.9604645e-05;0.4505515;0.45048445;0.0;0.0;5654.2314;6845.493;-2817.297;7229.7744;-465.48;-2160.97
2020-08-15;17.12616;4.7061462;0.009759267;747.56573;1.2936864;56.639877;0.0;-7.3453654e-25;99.99998;-7.345365e-21;0.02783537;-0.61650574;0.0013560057;0.44485927;0.4434809;0.0;0.0;5245.786;6349.653;-2624.1294;7361.114;-428.26556;-2002.8077
2020-08-16;17.019766;3.9538777;0.010155995;748.52954;1.0522627;112.77701;0.0;-7.3453654e-25;99.99998;-7.345365e-21;0.36750734;-0.7406268;0.017672777;0.4543662;0.43667853;0.0;0.0;5667.0483;6858.646;-2829.2883;7126.4033;-514.4889;-2154.639
2020-08-17;16.820078;1.1060892;0.009690602;749.0289;1.3226811;107.824005;0.0;-7.3453654e-25;99.99998;-7.345365e-21;0.004082918;-0.8466868;0.00013411045;0.43010712;0.429973;0.0;0.0;6130.3623;7418.464;-3067.1772;6896.8257;-588.1655;-2300.9011
2020-08-18;16.882895;3.0425923;0.010163625;748.8257;1.2963356;93.77198;0.0;-7.3453654e-25;99.99998;-7.345365e-21;0.008583069;-0.75377893;0.00029802322;0.42364;0.4233569;0.0;0.0;6222.435;7529.033;-3157.3843;6823.24;-523.62555;-2322.5557
2020-08-19;17.173716;0.88893634;0.009933472;748.6109;1.2386273;116.7547;0.0;-7.3453654e-25;99.99998;-7.345365e-21;0.002154613;-0.7247292;0.00010430813;0.4169643;0.41686743;0.0;0.0;6269.672;7585.311;-3239.0608;6743.7866;-503.44446;-2335.0657
2020-08-20;17.812948;-2.7308452;0.009971619;749.5366;1.1082892;166.17046;0.0;-7.3453654e-25;99.99998;-7.345365e-21;0.0025808804;-0.724257;0.00011920929;0.410676;0.4105419;0.0;0.0;6360.2524;7693.9595;-3501.948;6481.0776;-503.11777;-2172.1377
2020-08-21;17.42981;-2.6782734;0.009722392;748.0447;1.28313;174.13898;0.0;-7.3453654e-25;99.99998;-7.345365e-21;0.00085234636;-0.6721653;4.4703484e-05;0.40444732;0.4044026;0.0;0.0;6374.8506;7710.75;-3476.1963;6392.197;-466.93222;-2251.84
2020-08-22;14.167836;2.4410095;0.01007843;745.90326;1.2454153;182.93787;0.0;-7.3453654e-25;99.99998;-7.345365e-21;1.5264992;-0.7765386;0.0770241;0.47558546;0.39856136;0.0;0.0;5575.07;6742.5923;-2589.8428;6959.5854;-539.43555;-2422.06
2020-08-23;11.391754;5.1168723;0.010334015;746.13885;1.1940732;153.2808;0.0;-7.3453654e-25;99.99998;-7.345365e-21;6.495571;-1.7563579;0.37120283;0.76431036;0.39310008;0.0;0.0;4733.142;5723.6577;-1946.8339;7218.6455;-1220.0834;-1785.1511
2020-08-24;12.444946;4.4361367;0.010149638;749.69525;1.1920846;91.96466;0.0;-7.3453654e-25;100.00779;-7.345365e-21;0.40906668;-1.8916242;0.019833446;0.40763617;0.38778782;0.0;0.0;4452.791;5383.8027;-1775.1655;7412.141;-1314.0477;-1381.5067
2020-08-25;13.338837;2.9486287;0.010052999;752.126;1.4708563;47.411236;0.0;-7.3453654e-25;99.99998;-7.345365e-21;0.0;-1.904659;0.0;0.3824234;0.3824234;0.0;0.0;5754.266;6957.0044;-2724.6538;6576.9365;-1323.1022;-1788.3323
2020-08-26;13.826436;-0.61155194;0.009920756;751.5075;1.2606971;48.442123;0.0;-7.3453654e-25;99.99998;-7.345365e-21;0.0004351138;-1.7880741;1.4901161e-05;0.37705898;0.37703663;0.0;0.0;6130.171;7410.3823;-3121.37;6206.0166;-1242.1156;-1701.6644
2020-08-27;14.512268;-1.2553406;0.01008606;750.5239;1.2142634;83.9849;0.0;-7.3453654e-25;99.99998;-7.345365e-21;0.0;-1.445718;0.0;0.37173927;0.37173927;0.0;0.0;5927.824;7164.9146;-2954.182;6494.3135;-1004.29224;-1770.1122
2020-08-28;15.52655;0.27548218;0.010124207;751.49225;0.9309086;89.721596;0.0;-7.3453654e-25;99.99998;-7.345365e-21;0.027954578;-1.1100974;0.0011622906;0.36771595;0.36655366;0.0;0.0;5521.213;6672.5884;-2841.0;6788.105;-771.14777;-1660.8167
2020-08-29;16.897757;0.4592997;0.0102933245;754.34894;1.1349293;51.295086;0.0;-7.3453654e-25;99.99998;-7.345365e-21;0.00044107434;-0.94947404;2.9802322e-05;0.36147237;0.36144257;0.0;0.0;5800.668;7009.474;-3015.6147;6855.7246;-659.5689;-1786.1289
2020-08-30;17.015656;1.0749105;0.010171254;755.6999;1.482913;42.205044;0.0;-7.3453654e-25;99.99998;-7.345365e-21;0.0004351138;-0.75729936;1.4901161e-05;0.35646558;0.35644323;0.0;0.0;5888.3276;7114.5674;-3150.304;6691.38;-526.0711;-1977.6912
2020-08-31;17.573984;-0.15425618;0.009896596;754.15326;1.1938151;71.605194;0.0;-7.3453654e-25;99.99998;-7.345365e-21;0.0008523463;-0.7132683;2.9802322e-05;0.351578;0.35152584;0.0;0.0;5694.277;6879.2837;-3030.6274;6929.558;-495.48334;-1858.6122
2020-09-01;16.441416;0.47288004;0.009787242;754.534;1.1393147;96.31323;0.0;-7.3453654e-25;99.99998;-7.345365e-21;0.20806491;-0.6202618;0.009775162;0.35655499;0.34678727;0.0;0.0;4932.9976;5958.886;-2748.5579;6977.0864;-430.87555;-1668.1389
2020-09-02;16.578665;-0.15598552;0.010209401;757.4329;1.2850921;119.516205;0.0;-7.3453654e-25;99.99998;-7.345365e-21;0.19954145;-0.72025883;0.009149313;0.35133958;0.34218282;0.0;0.0;5371.419;6487.6943;-2840.0034;6932.2275;-500.3389;-1835.25
2020-09-03;16.907644;-1.492869;0.010068257;757.8106;1.0965134;115.39736;0.0;-7.3453654e-25;99.99998;-7.345365e-21;0.0;-0.74480844;0.0;0.3376156;0.3376156;0.0;0.0;5464.5386;6599.2617;-3037.4592;6828.721;-517.3945;-1704.0867
2020-09-04;15.804179;1.5246683;0.009867351;755.7222;1.4139339;43.396244;0.0;-7.3453654e-25;99.99998;-7.345365e-21;0.0065343836;-0.59649533;0.00023841858;0.33336878;0.33314526;0.0;0.0;5354.787;6466.037;-2903.2656;6782.2354;-414.36444;-1906.0823
2020-09-05;17.17217;-1.2707418;0.009802501;753.9384;0.9349113;82.60898;0.0;-7.3453654e-25;99.99998;-7.345365e-21;0.0016981985;-0.64655954;8.940697e-05;0.32880902;0.32874942;0.0;0.0;5626.56;6793.4077;-3140.1519;6721.299;-449.14334;-1778.6444
2020-09-06;17.59788;-2.4015095;0.009993236;754.6225;1.2656779;146.5828;0.0;-7.3453654e-25;99.99998;-7.345365e-21;0.11592433;-0.59873235;0.005453825;0.3299117;0.32445043;0.0;0.0;5333.543;6438.76;-2906.0073;6867.581;-415.92;-1881.0422
2020-09-07;17.141245;-2.081197;0.009946187;755.5457;1.4416763;186.99889;0.0;-7.3453654e-25;99.99998;-7.345365e-21;0.38378835;-0.65237284;0.018417835;0.338763;0.3203228;0.0;0.0;5070.9985;6121.16;-2828.9395;6742.9976;-453.18112;-1773.872
2020-09-08;16.114471;-2.0747375;0.009993236;754.44434;1.320413;108.54797;0.0;-7.3453654e-25;99.99998;-7.345365e-21;0.0004351138;-0.7039141;1.4901161e-05;0.31627715;0.31624734;0.0;0.0;5550.2104;6698.7954;-3076.5498;6540.0913;-488.98666;-1842.6755
2020-09-09;15.6816;-1.2318726;0.009953816;753.5408;1.2334614;90.023186;0.0;-7.3453654e-25;99.99998;-7.345365e-21;0.0017106531;-0.61244893;8.940697e-05;0.31229854;0.31221658;0.0;0.0;5330.636;6432.95;-2956.29;6682.806;-425.44778;-1795.3245
2020-09-10;15.441386;-1.0036417;0.010032654;754.1921;1.1316638;81.1648;0.0;-7.3453654e-25;99.99998;-7.345365e-21;0.01552701;-0.5613882;0.0007748604;0.30903518;0.30827522;0.0;0.0;5245.19;6329.1597;-2888.3716;6743.1;-389.97778;-1834.0144
2020-09-11;15.382487;-1.8050436;0.010384877;755.1514;1.0493318;104.48086;0.0;-7.3453654e-25;99.99998;-7.345365e-21;0.29441714;-0.60265326;0.014036894;0.3184378;0.30441582;0.0;0.0;5045.0107;6086.8394;-2868.648;6716.2627;-418.6422;-1659.9055
2020-09-12;16.419271;-4.1314187;0.0097796125;757.0406;1.1159457;127.086914;0.0;-7.3453654e-25;99.99998;-7.345365e-21;0.01052022;-0.6604847;0.0005066395;0.30115247;0.30064583;0.0;0.0;5013.9424;6048.664;-2752.8423;6960.9126;-458.81778;-1512.9523
2020-09-13;16.25236;-0.77523804;0.010055542;757.802;1.0564479;86.08234;0.0;-7.3453654e-25;99.99998;-7.345365e-21;0.013813376;-0.54478276;0.00062584877;0.2975762;0.29695034;0.0;0.0;4665.671;5627.832;-2692.3467;6993.5396;-378.44223;-1517.9225
2020-09-14;16.140268;-2.1174316;0.009929657;757.20197;1.0438708;127.84554;0.0;-7.3453654e-25;99.99998;-7.345365e-21;0.014024973;-0.53455305;0.00067055225;0.2939999;0.2933368;0.0;0.0;4810.508;5801.863;-2822.6814;6818.96;-371.33667;-1492.6622
2020-09-15;15.876251;-2.767985;0.009882609;756.03766;1.113;104.850914;0.0;-7.3453654e-25;99.99998;-7.345365e-21;0.0054121013;-0.51762533;0.00022351742;0.2900064;0.28978288;0.0;0.0;4901.5117;5910.8438;-2870.1914;6737.223;-359.5778;-1573.1433
2020-09-16;15.694244;-3.0352986;0.009914398;755.16766;1.0792347;96.59568;0.0;-7.3453654e-25;99.99998;-7.345365e-21;0.00074505806;-0.50066596;2.9802322e-05;0.2863109;0.286296;0.0;0.0;4869.8423;5867.543;-2859.7722;6708.1523;-347.79556;-1563.6611
2020-09-17;15.862172;-3.9129944;0.010066986;756.2227;1.2236204;177.65807;0.0;-7.3453654e-25;99.99998;-7.345365e-21;0.0004351138;-0.5000904;1.4901161e-05;0.28289855;0.2828762;0.0;0.0;5116.0117;6158.7583;-3037.1426;6479.1245;-347.39667;-1682.4467
2020-09-18;15.4296465;-2.7127788;0.010111491;754.695;1.3948741;160.69034;0.0;-7.3453654e-25;99.99998;-7.345365e-21;0.0025792979;-0.46143496;0.00011920929;0.2796352;0.27952343;0.0;0.0;5089.6484;6121.723;-2936.3333;6449.8823;-320.54333;-1814.8134
2020-09-19;14.641591;-0.9702861;0.010323842;752.4798;1.1579584;148.85995;0.0;-7.3453654e-25;99.99998;-7.345365e-21;0.0;-0.47368184;0.0;0.27623773;0.27623773;0.0;0.0;5116.05;6148.1313;-2985.7957;6423.0557;-329.05222;-1683.32
2020-09-20;14.255096;-1.142456;0.009802501;753.0644;1.2104317;135.07513;0.0;-7.3453654e-25;99.99998;-7.345365e-21;0.0017176653;-0.43087825;8.940697e-05;0.27310848;0.27303398;0.0;0.0;4671.517;5609.0044;-2697.7966;6641.7935;-299.31668;-1654.5056
2020-09-21;14.842153;-1.884725;0.009854634;754.7268;1.0254613;191.59192;0.0;-7.3453654e-25;99.99998;-7.345365e-21;0.03542602;-0.43683314;0.0016987324;0.27160347;0.26990473;0.0;0.0;4601.6196;5520.324;-2736.2246;6579.923;-303.45444;-1513.5758
2020-09-22;14.414429;-1.435618;0.009975433;754.8247;1.280235;119.70594;0.0;-7.3453654e-25;99.99998;-7.345365e-21;0.018829107;-0.42776948;0.00078976154;0.26762486;0.2668351;0.0;0.0;4593.904;5506.242;-2663.077;6604.69;-297.15778;-1627.2178
2020-09-23;13.158386;-1.9044596;0.010028839;753.4122;1.1955918;106.86013;0.0;-7.3453654e-25;99.99998;-7.345365e-21;0.0;-0.44682062;0.0;0.26381016;0.2638176;0.0;0.0;4950.3457;5928.2754;-2849.8623;6390.102;-310.3911;-1759.3323
2020-09-24;13.515279;-1.3562317;0.010018666;753.45404;1.0945464;157.97664;0.0;-7.3453654e-25;99.99998;-7.345365e-21;0.0;-0.44244528;0.0;0.26082993;0.26083738;0.0;0.0;4885.374;5845.416;-2849.0583;6415.366;-307.35223;-1674.7911
2020-09-25;13.049947;-1.4198608;0.010100047;752.5358;1.0955726;172.37401;0.0;-7.3453654e-25;99.99998;-7.345365e-21;0.0004351138;-0.42172894;1.4901161e-05;0.2579391;0.2579093;0.0;0.0;4899.8555;5857.6963;-2927.8977;6234.5547;-292.96112;-1698.15
2020-09-26;12.541809;-0.417511;0.009941101;751.75684;1.1463284;199.18654;0.0;-7.3453654e-25;99.99998;-7.345365e-21;0.0018775463;-0.39079413;7.4505806e-05;0.25513768;0.25506318;0.0;0.0;4729.261;5648.883;-2717.9167;6373.299;-271.4711;-1739.1855
2020-09-27;12.75116;-1.3102112;0.009989421;754.12726;0.9397629;83.75762;0.0;-7.3453654e-25;99.99998;-7.345365e-21;0.0004351138;-0.4232982;1.4901161e-05;0.25227666;0.25226176;0.0;0.0;4584.3965;5471.063;-2680.3174;6545.4824;-294.05112;-1507.0078
2020-09-28;12.844075;0.6076762;0.009986877;756.0871;1.4757905;40.57135;0.0;-7.3453654e-25;99.99998;-7.345365e-21;0.0;-0.3989786;0.0;0.24950504;0.24949759;0.0;0.0;4693.3;5596.2065;-2709.4167;6478.803;-277.15668;-1650.06
2020-09-29;11.324921;0.30663046;0.009857178;753.6423;1.5876169;40.265778;0.0;-7.3453654e-25;99.99998;-7.345365e-21;0.0012809087;-0.36937928;5.9604645e-05;0.24685264;0.24680048;0.0;0.0;4721.5234;5625.004;-2811.4373;6184.4746;-256.59555;-1757.3075
2020-09-30;11.071889;-0.88086957;0.010087331;750.51587;0.92249805;185.57207;0.0;-7.3453654e-25;99.99998;-7.345365e-21;1.132819;-0.49529785;0.060886145;0.30507147;0.24417788;0.0;0.0;4429.7026;5272.847;-2591.9673;6326.5034;-344.06778;-1533.5078
2020-10-01;11.312184;-0.459788;0.0098775225;752.63544;1.3778926;247.46648;0.0;-7.3453654e-25;99.99998;-7.345365e-21;0.0049471855;-0.6151628;0.000230968;0.24187565;0.24163723;0.0;0.0;4118.333;4897.9653;-2330.6292;6482.938;-427.3322;-1480.28
2020-10-02;9.54716;2.6696575;0.009892781;754.87573;1.1138879;198.81963;0.0;-7.3453654e-25;99.99998;-7.345365e-21;5.407348;-0.8019395;0.32518804;0.5643964;0.23920834;0.0;0.0;3496.4604;4154.8125;-1927.965;6654.4136;-557.08;-1247.8278
2020-10-03;10.8324585;-0.9770813;0.009808858;754.70416;1.1323682;107.33017;0.0;-7.3453654e-25;99.99998;-7.345365e-21;0.0016212461;-1.3520085;8.940697e-05;0.23686886;0.23680925;0.0;0.0;4513.747;5358.937;-2494.1821;6131.114;-939.19556;-1218.331
2020-10-04;9.380687;-2.416911;0.0098724365;753.31085;1.2519019;102.12055;0.0;-7.3453654e-25;99.99998;-7.345365e-21;0.55897236;-1.1206335;0.025451183;0.25986135;0.23441017;0.0;0.0;3994.4348;4738.2866;-2264.0908;6245.8354;-778.4667;-1160.4266
2020-10-05;8.224274;-2.8671772;0.010219574;753.1394;1.1515858;102.17924;0.0;-7.3453654e-25;99.99998;-7.345365e-21;0.10326505;-1.0743569;0.004529953;0.23657084;0.23207068;0.0;0.0;4033.957;4780.9224;-2160.8477;6339.7656;-746.3211;-1203.1378
2020-10-06;7.161448;1.1282654;0.010152181;753.4218;1.2593704;60.781353;0.0;-7.3453654e-25;99.99998;-7.345365e-21;0.47082007;-0.886526;0.021994114;0.25177002;0.2297908;0.0;0.0;3583.0986;4242.479;-1753.4578;6772.7446;-615.84;-1305.8556
2020-10-07;5.766703;0.07304764;0.010236104;753.80347;1.3990277;46.047012;0.0;-7.3453654e-25;99.99998;-7.345365e-21;1.6646981;-0.8975044;0.08140504;0.30897558;0.22757053;0.0;0.0;3603.2507;4263.0317;-1919.4852;6427.7876;-623.4656;-1333.6233
2020-10-08;5.1369934;-0.78947324;0.0100911455;755.75995;1.4319304;35.508575;0.0;-7.3453654e-25;99.99998;-7.345365e-21;1.9678566;-1.0724292;0.11025369;0.33566356;0.22540987;0.0;0.0;3811.1807;4505.2437;-2099.4097;6050.188;-744.98114;-1296.0305
2020-10-09;5.8881936;-2.7953491;0.010040283;757.96356;1.7529236;28.908356;0.0;-7.3453654e-25;99.99998;-7.345365e-21;0.00043511385;-1.0789447;1.4901161e-05;0.223279;0.22325665;0.0;0.0;4480.4863;5292.126;-2762.734;5324.5146;-749.50775;-1262.0789
2020-10-10;7.966512;-6.0860596;0.010092418;757.2886;1.2402273;48.022995;0.0;-7.3453654e-25;99.99998;-7.345365e-21;0.0;-1.0373406;0.0;0.22108853;0.22108853;0.0;0.0;4552.4424;5372.529;-2967.5967;5222.668;-720.6067;-880.9533
2020-10-11;8.332988;-8.235046;0.009928386;756.09863;1.0405538;55.643307;0.0;-7.3453654e-25;99.99998;-7.345365e-21;0.00044107434;-0.9774678;1.4901161e-05;0.21895766;0.21892786;0.0;0.0;4442.775;5238.6543;-2784.8132;5518.115;-679.01447;-870.8889
2020-10-12;8.939952;-4.8803306;0.009925842;756.2693;0.96686727;63.73468;0.0;-7.3453654e-25;99.99998;-7.345365e-21;0.0030141636;-0.8954965;0.00013411045;0.2169311;0.216797;0.0;0.0;4306.0845;5073.141;-2604.5344;5894.042;-622.0722;-997.94086
2020-10-13;9.222737;-4.346344;0.009966533;755.3979;0.96191674;63.24886;0.0;-7.3453654e-25;99.99998;-7.345365e-21;0.0004351138;-0.7837806;2.9802322e-05;0.21472573;0.21471083;0.0;0.0;4283.0894;5041.7515;-2639.2957;5899.9746;-544.4678;-1055.57
2020-10-14;9.701701;-4.537679;0.010171254;755.3129;1.0099179;84.6009;0.0;-7.3453654e-25;99.99998;-7.345365e-21;0.0;-0.6861547;0.0;0.21263957;0.21263212;0.0;0.0;4248.939;4997.287;-2658.7776;5935.809;-476.64777;-1060.9845
2020-10-15;9.415172;-3.8093364;0.009902954;755.4746;0.9869976;77.533424;0.0;-7.3453654e-25;99.99998;-7.345365e-21;0.0;-0.55775416;0.0;0.21061301;0.21060556;0.0;0.0;3871.4883;4549.4956;-2428.9673;6160.573;-387.45334;-1023.3189
2020-10-16;9.560649;-3.42335;0.010622661;754.8;0.88130575;82.951195;0.0;-7.3453654e-25;99.99998;-7.345365e-21;0.0008380974;-0.5141422;4.4703484e-05;0.20864606;0.20860136;0.0;0.0;4100.6064;4817.2134;-2565.9724;6079.433;-357.15887;-1123.0634
2020-10-17;9.590118;-4.409841;0.0099436445;755.1014;0.88819045;101.031166;0.0;-7.3453654e-25;99.99998;-7.345365e-21;0.011736155;-0.4568845;0.000461936;0.20709634;0.2066344;0.0;0.0;4027.9612;4730.4087;-2561.505;6064.246;-317.38223;-1136.5945
2020-10-18;8.983541;-7.7969155;0.010050456;755.3975;1.0694762;197.54597;0.0;-7.3453654e-25;99.99998;-7.345365e-21;0.0;-0.40187222;0.0;0.20468235;0.20471215;0.0;0.0;4119.542;4836.412;-2799.2068;5642.549;-279.16666;-1207.4745
2020-10-19;8.040944;-9.126404;0.0099817915;755.4216;1.0787753;153.20627;0.0;-7.3453654e-25;99.99998;-7.345365e-21;0.0012872197;-0.35328138;5.9604645e-05;0.20289421;0.2028197;0.0;0.0;4132.1055;4849.6665;-2846.2505;5438.0166;-245.41333;-1159.44
2020-10-20;8.633809;-8.559957;0.01020813;755.4421;1.0846423;175.23122;0.0;-7.3453654e-25;99.99998;-7.345365e-21;0.0;-0.36023372;0.0;0.20095706;0.20095706;0.0;0.0;3983.7566;4674.0996;-2605.4216;5823.282;-250.24333;-1076.8112
2020-10-21;8.55307;-4.8539124;0.009930928;756.3374;0.9519098;92.1202;0.0;-7.3453654e-25;99.99998;-7.345365e-21;0.2904415;-0.40258467;0.013619661;0.21272898;0.19911677;0.0;0.0;3845.3044;4510.208;-2483.8684;6028.723;-279.66165;-1053.0878
2020-10-22;8.612376;-6.2584534;0.009958903;756.9703;1.1266457;100.25107;0.0;-7.3453654e-25;99.99998;-7.345365e-21;0.00042617318;-0.40211993;2.2351742e-05;0.19733608;0.19730628;0.0;0.0;3914.4895;4589.934;-2645.8755;5808.6333;-279.34;-1053.3367
2020-10-23;8.486836;-8.788779;0.010060628;757.0593;1.050968;78.0254;0.0;-7.3453654e-25;99.99998;-7.345365e-21;0.0008702277;-0.37927553;2.9802322e-05;0.19556284;0.19552559;0.0;0.0;3967.94;4651.161;-2804.7761;5590.39;-263.4711;-942.91
2020-10-24;9.379852;-8.904683;0.010009766;756.44653;1.0412754;72.79193;0.0;-7.3453654e-25;99.99998;-7.345365e-21;0.0;-0.3548842;0.0;0.1937747;0.1937598;0.0;0.0;3903.9517;4574.717;-2778.9578;5608.218;-246.52667;-940.04443
2020-10-25;9.173553;-11.32194;0.00995636;755.5009;0.93708354;157.15929;0.0;-7.3453654e-25;99.99998;-7.345365e-21;0.0012856008;-0.2920162;5.9604645e-05;0.19210577;0.19205362;0.0;0.0;3334.625;3906.4521;-2285.6072;6029.879;-202.85445;-864.4056
2020-10-26;7.9607544;-10.643524;0.009835561;755.51105;0.99220085;149.05711;0.0;-7.3453654e-25;99.99998;-7.345365e-21;0.0004351138;-0.30259043;1.4901161e-05;0.19039214;0.19036233;0.0;0.0;3714.9084;4350.4443;-2581.4878;5704.919;-210.2;-1086.1711
2020-10-27;7.169596;-9.40092;0.009902954;756.39874;0.96537966;74.232506;0.0;-7.3453654e-25;99.99998;-7.345365e-21;0.0;-0.30449405;0.0;0.1887083;0.18870085;0.0;0.0;3763.8389;4406.4224;-2639.4229;5611.8145;-211.52222;-968.05554
2020-10-28;7.914551;-10.062825;0.009868622;757.36017;0.95240635;81.18235;0.0;-7.3453654e-25;99.99998;-7.345365e-21;0.0;-0.29948354;0.0;0.18706918;0.18706173;0.0;0.0;3688.3672;4316.731;-2513.9355;5802.9487;-208.04167;-929.8589
2020-10-29;9.469005;-7.2792053;0.010058085;757.66815;1.0450324;173.45146;0.0;-7.3453654e-25;99.99998;-7.345365e-21;0.0008583069;-0.29503834;4.4703484e-05;0.18545985;0.18544495;0.0;0.0;3552.7505;4156.702;-2388.8416;6042.55;-204.95222;-930.2522
2020-10-30;9.181;-7.4215493;0.009867351;757.05817;1.1014047;161.67491;0.0;-7.3453654e-25;99.99998;-7.345365e-21;0.0034405547;-0.28388482;0.00016391277;0.18402934;0.18385053;0.0;0.0;3566.2068;4171.148;-2393.4373;5993.3174;-197.20444;-999.05225
2020-10-31;8.248149;-8.927948;0.010012309;755.4476;1.0549034;167.30487;0.0;-7.3453654e-25;99.99998;-7.345365e-21;0.0008523463;-0.27152988;2.9802322e-05;0.1823008;0.18227845;0.0;0.0;3514.8877;4109.8657;-2432.4539;5874.7856;-188.62334;-1003.48224
2020-11-01;6.8652244;-9.016316;0.01008606;755.7513;0.8460384;251.65266;0.0;-7.3453654e-25;99.99998;-7.345365e-21;0.0;-0.23644698;0.0;0.18075109;0.18075109;0.0;0.0;3523.315;4118.42;-2442.3628;5622.1226;-164.25223;-1105.5677
2020-11-02;5.1223755;-3.328471;0.010009766;756.73114;0.68513006;249.91327;0.0;-7.3453654e-25;99.99998;-7.345365e-21;3.5005689;-0.50565785;0.1885444;0.36785007;0.17931312;0.0;0.0;2217.35;2591.3167;-1426.8794;6448.344;-351.26443;-629.89777
2020-11-03;4.836924;0.80977374;0.0098012285;755.74097;0.80607414;181.64436;0.0;-7.3453654e-25;99.99998;-7.345365e-21;3.933209;-0.8920189;0.21499395;0.39291382;0.17792732;0.0;0.0;2704.594;3159.6133;-1410.3062;6581.9194;-619.6567;-820.8289
2020-11-04;3.8490295;1.1594849;0.009825389;754.2344;0.90745234;85.51374;0.0;-7.3453654e-25;99.99998;-7.345365e-21;6.697935;-0.97250193;0.4209727;0.59756637;0.17656386;0.0;0.0;2499.1428;2918.6912;-1183.086;6775.7646;-675.56445;-789.82666
2020-11-05;3.8105774;1.1259257;0.010121663;750.438;0.93587726;76.809875;0.0;7.947286e-07;99.99998;-7.345365e-21;11.065125;-1.1597937;0.7676482;0.9428859;0.17523766;0.0;0.018555671;1833.7178;2140.7766;-886.67224;6929.3877;-805.67;-405.12445
2020-11-06;1.1434122;0.53532916;-1.0951144;749.4768;0.6170024;117.118706;21.27181;0.003087918;139.6764;21.728516;15.436471;-0.7123258;1.033783;1.207754;0.17397106;1.1679828;4.0772967;1038.7844;1490.64;-473.8261;7059.406;-494.18;-417.50223
2020-11-07;1.2347208;-0.43033853;-1.6649946;751.207;0.7629151;85.21316;17.358236;0.0025833051;150.73566;17.496744;2.8166919;-0.9264797;0.28915703;0.4618615;0.17270446;0.78909844;0.0;2002.1755;2651.74;-987.8711;6578.9355;-643.5489;-564.2378
2020-11-08;1.0959066;-3.1671345;-5.283844;754.93604;1.2797306;30.750853;12.751872;0.0018971363;150.92967;12.613933;0.0015944242;-1.0987613;0.06265938;0.23408234;0.17143041;0.6464608;0.00115484;2783.5945;3542.92;-1737.9856;5736.3633;-763.68555;-688.85443
2020-11-09;2.8993123;-2.834259;-5.0617523;756.0644;0.9113384;82.94086;8.78304;0.0013029972;151.0475;8.422852;0.09345412;-0.9685997;0.06109476;0.23123622;0.17014146;0.5669221;0.0;2760.1633;3409.6956;-1675.2955;5910.2676;-672.8289;-480.4589
2020-11-10;2.2127583;-0.6341858;-3.2160225;752.1824;0.7592845;186.84485;5.867513;0.0008735259;151.13475;5.7373047;3.190048;-0.8137673;0.29129535;0.46019256;0.16888976;0.35331026;0.0;2205.1345;2666.4988;-1258.8038;6349.69;-565.2033;-463.49222
2020-11-11;1.4176432;-0.9216512;-2.9661534;751.7273;0.83598155;55.63432;4.2963867;0.00064074993;151.1992;4.638672;5.2892265;-0.9838361;0.49340725;0.6611049;0.16768277;0.2699867;0.0032633543;2094.8945;2505.9456;-1195.8167;6376.669;-683.4067;-483.53223
2020-11-12;-0.19043986;-3.6675518;-6.1962037;753.3265;0.94619703;45.890163;3.1066895;0.00046221414;150.86945;3.3365886;1.1764646;-1.0618446;0.105410814;0.2719462;0.16650558;0.1736395;0.014219433;2528.0667;2998.3923;-1684.4817;5681.53;-737.77;-569.9089
2020-11-13;-0.26620483;-6.880615;-8.927479;754.13617;0.8286143;66.556114;2.2131348;0.00032881895;150.81215;2.3600261;0.00085234636;-1.0012975;0.012546778;0.17786026;0.16531348;0.11960231;0.0;3134.5483;3696.0588;-2221.236;5050.2812;-695.7305;-554.01886
2020-11-14;0.6306966;-7.1787353;-7.892977;752.5241;0.8243771;78.10567;1.5541992;0.00023106734;150.82909;1.5055338;0.00043511385;-0.83581823;0.008404255;0.17252564;0.16413629;0.08085556;0.0;3125.9756;3670.2244;-2083.7878;5226.692;-580.72723;-440.8289
2020-11-15;-0.04522705;-7.520569;-8.588543;749.7148;0.7657711;168.66682;1.083903;0.00016069412;150.84276;0.9765625;0.0013024217;-0.89438444;0.0063180923;0.16927719;0.16296655;0.060541555;0.0;3112.3489;3642.9146;-2189.2983;5076.9043;-621.42834;-542.87
2020-11-16;-1.6392721;-4.9539895;-6.8016534;750.06036;0.6311608;108.46219;4.99764;0.00075570744;144.583;5.2897134;1.2208024;-0.3444627;0.013232231;0.17507374;0.16184896;0.06642938;1.1176728;1488.7245;1766.1211;-1234.5684;5884.754;-240.03223;-298.29224
2020-11-17;-1.6475626;-5.4130654;-8.062565;751.68915;0.7503998;83.02277;6.940023;0.001033783;150.52309;7.2021484;0.20454882;-0.5293116;0.03837049;0.19910932;0.16074628;0.26612356;0.042330474;2146.2917;2589.4321;-1615.5917;5496.9893;-368.71112;-403.44
2020-11-18;-1.1970011;-7.6665344;-9.33017;752.212;0.86739725;68.19138;5.3038735;0.0007895629;150.86098;5.5745444;0.00085234636;-0.6196983;0.024735928;0.18441677;0.15965849;0.24582446;0.0;2988.8745;3573.3977;-2135.871;4980.8315;-431.14;-487.37445
2020-11-19;-0.96379596;-8.251018;-9.481284;750.8256;0.82079935;82.879326;3.907552;0.0005822976;150.90428;4.231771;0.0;-0.6156135;0.017046928;0.17565489;0.15858561;0.17043948;0.0;2952.656;3502.7112;-2160.1184;4950.656;-428.34445;-495.63223
2020-11-20;-1.0902609;-5.962616;-5.9267526;748.8134;0.73395604;165.37074;18.930176;0.0027705033;140.46808;20.548502;10.3212595;-0.447385;0.105559826;0.26308;0.15754253;0.12863055;8.733455;2505.5579;2957.588;-1342.4438;5840.2446;-311.27222;-460.63443
2020-11-21;-1.4895834;-3.2216797;-5.125628;747.32544;0.91473025;76.85571;66.16748;0.00895377;138.36261;65.67383;1.3316005;-0.32995826;0.23847818;0.39499998;0.15651435;1.6728566;0.2579838;1305.7067;2639.3022;-1050.4462;5886.9043;-229.85777;-161.1811
2020-11-22;-1.119985;-3.6848857;-4.5085716;750.68243;0.83549446;155.9795;48.91911;0.0072918735;150.58136;48.746746;0.12642145;-0.4958939;0.1796484;0.33512712;0.15550107;1.6811788;0.017419457;1673.2683;2773.9568;-922.2156;6110.433;-347.7978;-271.09888
2020-11-23;-1.0797691;-5.9560037;-6.667675;750.8129;0.72380656;115.77753;39.100586;0.0058458247;150.93651;38.94043;0.011816621;-0.5720463;0.13443828;0.28893352;0.15448779;1.2932904;0.010609627;2181.578;3280.7556;-1660.2966;5367.8;-400.6078;-348.3578
2020-11-24;-0.5782585;-8.302501;-10.58833;750.72235;0.82952636;181.36818;31.423258;0.004708886;151.25128;31.12793;0.0017106531;-0.4759552;0.107720494;0.26121736;0.15348941;1.0233932;0.0;2406.7744;3403.6333;-2014.0344;4780.8335;-331.87112;-256.61777
2020-11-25;-0.7494812;-7.1889877;-8.133952;747.97754;0.74211234;181.55505;25.753418;0.0038719575;151.50648;25.390625;0.0021495325;-0.3286591;0.06982684;0.22234023;0.15251338;0.658555;0.0;1976.3373;2674.8389;-1451.4445;5487.6323;-232.60333;-291.38443
2020-11-26;-3.7213237;-5.900103;-4.759855;745.67487;1.0893537;34.177067;82.46631;0.01573217;132.4723;116.41439;19.324764;-0.13618264;0.012665987;0.1642406;0.15158206;0.000949949;18.770002;276.96832;846.64667;-469.55222;6323.991;-105.477776;-60.123333
2020-11-27;-9.596887;-14.663476;-13.664809;751.64545;1.7208033;20.98905;100.0;0.02253449;147.82289;152.70996;0.0052303076;-0.044751912;0.0;0.15065074;0.15066564;0.0;0.0043809414;921.98334;3389.2844;-1265.4172;4557.5303;-34.78;-20.054445
2020-11-28;-8.064972;-11.534706;-8.893399;752.4108;1.5230237;22.645334;100.0;0.022449056;152.4046;147.1761;0.009480119;-0.053366646;0.0049471855;0.15470386;0.14975667;0.062618405;0.008150935;878.8472;3127.4956;-929.2117;5267.367;-41.832222;-79.91889
2020-11-29;-4.3744507;-6.5266075;-4.6221604;749.12933;1.1397463;25.943293;100.0;0.022896728;155.32777;147.42024;1.123786;-0.14634338;0.013455749;0.16230345;0.1488626;0.14852174;1.0613873;596.0722;1999.8156;-484.785;6193.2915;-114.27889;-89.863335
2020-11-30;-4.7895913;-6.478498;-5.122481;750.0306;0.867907;97.21692;100.0;0.02287666;159.37108;143.75813;0.038164854;-0.16262941;0.056236982;0.20420551;0.14796853;0.56724066;0.02798438;851.66724;2675.338;-885.4733;5798.431;-123.83889;-104.56778
2020-12-01;-6.335785;-9.6006365;-8.584149;750.45874;1.0425498;52.11833;99.90455;0.022391278;163.54143;137.01596;0.00333786;-0.14450401;0.025063753;0.17213821;0.14708191;0.26493147;0.0033453107;1045.8217;3101.662;-1273.0289;4977.829;-109.153336;-68.82111
2020-12-02;-6.801768;-11.099366;-10.620349;751.76483;1.2488402;32.64185;99.39054;0.021704515;166.305;130.28972;0.0026643274;-0.14610402;0.085920095;0.23213029;0.14620274;0.82906336;0.00094622374;1125.0662;3155.8254;-1322.0222;4779.0933;-110.316666;-32.173332
2020-12-03;-6.7737527;-12.5407295;-11.662343;752.2244;1.2990338;29.455782;98.66837;0.020902157;169.00616;123.57584;0.0;-0.14294311;0.060737133;0.20608306;0.14534593;0.5900599;0.0;1219.5945;3258.7068;-1475.0339;4509.347;-111.76;-22.614445
2020-12-04;-6.66099;-12.517436;-11.224686;751.1021;1.2488166;35.008183;98.04761;0.020121017;171.61131;117.06543;0.0014066695;-0.17043856;0.06838143;0.21292269;0.14451891;0.649292;0.0005476177;1264.2794;3240.0144;-1427.3633;4575.9844;-134.18;-36.455555
2020-12-05;-7.7020264;-11.983703;-8.853261;748.0993;1.3582608;34.776325;97.53971;0.019248566;173.36815;110.79916;0.0040978193;-0.2397541;0.07030368;0.21401048;0.1437068;0.65573305;0.0032410026;1227.0244;3025.19;-1245.0394;4996.4824;-188.77888;-117.03555
2020-12-06;-6.5076294;-10.381528;-9.145854;745.3438;1.3304414;33.313473;97.0293;0.018448114;174.31737;105.55013;0.050890446;-0.27845055;0.053167343;0.19606948;0.14289469;0.49175695;0.048182905;1283.1661;3055.3489;-1329.4333;4890.0024;-219.33778;-125.21555
2020-12-07;-5.413442;-8.671238;-8.220359;749.44434;0.7844946;158.34154;96.31576;0.017894944;176.33983;101.19629;0.21904707;-0.277983;0.03565848;0.17777085;0.14209747;0.33411384;0.21275133;1145.6466;2645.1;-1023.5133;5272.2734;-218.22333;-158.78
2020-12-08;-4.4536843;-8.135362;-7.8192725;750.69977;0.81470495;169.47812;93.92423;0.017072916;178.22882;95.4183;0.01630187;-0.2657855;0.11086464;0.25218725;0.14132261;1.0075904;0.015422702;1314.4388;2940.8723;-1301.8406;5113.8135;-207.64444;-134.93889
2020-12-09;-4.1185303;-6.640489;-7.402475;750.23676;0.89412427;83.86321;87.50643;0.015588124;177.51984;87.40234;1.3315916;-0.1938017;0.2398789;0.38042665;0.14054775;2.111759;1.2426748;1096.0488;2227.01;-920.2095;5567.8335;-147.32445;-110.07445
2020-12-10;-4.9930825;-8.014806;-6.213507;750.66425;0.99831486;50.45834;85.55819;0.014828682;173.19139;85.245766;0.14743209;-0.26358664;0.13317168;0.27295947;0.13978034;1.1756178;0.13938546;1276.3328;2669.5688;-1033.4989;5561.69;-201.41444;-206.29
2020-12-11;-4.006602;-6.873587;-7.8952193;750.21844;0.8712346;150.41621;77.07056;0.013380448;173.6393;77.02637;0.0070273876;-0.2489062;0.16778708;0.3068149;0.13903528;1.452811;0.005327165;1389.6433;2644.5967;-1232.8395;5296.7373;-189.01555;-220.3211
2020-12-12;-4.2708793;-8.214901;-8.819997;750.68896;0.9870257;66.70514;67.503746;0.011753559;174.2298;67.4235;0.0005364418;-0.22123568;0.17562509;0.31390786;0.13829768;1.498593;0.0005364418;1590.4534;2776.219;-1408.9833;5077.4995;-167.32889;-234.06111
2020-12-13;-2.4740193;-5.9823813;-5.937477;751.55884;0.8114786;191.41988;58.108154;0.010121186;173.8639;57.86133;0.5889416;-0.16450323;0.20375848;0.341326;0.13756752;1.6828868;0.50766766;1522.965;2461.8723;-1037.5461;5769.8633;-123.47889;-209.23111
2020-12-14;-2.100118;-3.0144958;-3.514206;751.1211;0.7162754;266.40723;58.276367;0.009683132;165.27081;58.26823;1.9388676;-0.14298968;0.23581088;0.37266314;0.13684481;1.4420078;1.015924;826.18665;1343.7611;-532.6039;6476.453;-104.19778;-156.12222
2020-12-15;-1.9296265;-3.900584;-2.3055522;749.6075;0.99277455;180.93913;61.048176;0.010453065;158.51202;65.06348;14.234439;-0.43416396;0.35211444;0.48825145;0.13614446;1.8674135;12.1039715;1409.8972;2225.0579;-646.9817;6464.817;-309.66556;-202.01222
2020-12-16;-4.0056663;-5.3291726;-3.7946854;748.1507;0.76895994;80.232704;99.958824;0.026743015;146.02863;182.61719;6.0830984;-0.11395849;0.015541911;0.15100837;0.13545156;0.08441508;5.675707;605.0689;2188.8567;-728.9839;6076.387;-89.44556;-126.117775
2020-12-17;-6.629659;-8.694489;-7.0827155;749.0804;0.99794984;69.167915;100.0;0.027437488;153.0869;179.03645;0.015738606;-0.059448183;0.017851591;0.1526326;0.13477355;0.17162226;0.011693686;713.0911;2385.8333;-868.9083;5545.419;-46.553333;-76.84889
2020-12-18;-7.908623;-12.76916;-10.367491;749.74585;1.1984067;17.996857;100.0;0.02733775;155.01039;176.59505;0.04364848;-0.06284006;0.0035017729;0.13761222;0.13411045;0.04003197;0.042699277;947.8222;2992.6655;-1291.169;4863.73;-49.04;-59.66111
2020-12-19;-9.460889;-16.645868;-16.196096;751.3342;1.1357436;133.2929;99.98429;0.02722148;156.34438;174.51985;0.0;-0.030042604;0.01090765;0.14436245;0.1334548;0.10847859;0.0;1038.93;3159.2112;-1337.7489;4233.705;-23.934444;18.421112
2020-12-20;-9.49165;-12.265758;-13.999103;751.0711;1.0337378;176.83801;99.784584;0.027111212;157.41664;171.8343;0.021362305;-0.06352272;0.004336238;0.13715029;0.13279915;0.041604042;0.015668571;983.4167;2913.3132;-1043.2705;4715.9556;-50.102222;-56.31222
2020-12-21;-9.051429;-13.4990425;-12.213477;751.2858;1.0822138;58.133682;99.488525;0.027010718;158.52992;170.36946;0.007778656;-0.08271821;0.0054836273;0.13765693;0.1321733;0.05359575;0.005632639;1051.9244;3035.7522;-1252.7944;4695.1035;-64.78;-68.46889
2020-12-22;-6.361135;-8.207585;-5.1644387;749.25616;0.8876067;131.67265;99.60116;0.028669396;155.6621;183.63445;6.339848;-0.17837808;0.0025629997;0.13414025;0.1315549;0.027844682;6.1875505;464.0122;1309.9089;-110.57833;6536.1157;-140.20334;-164.54333
2020-12-23;-5.548902;-6.145823;-4.3277397;743.0014;1.0280763;202.54497;100.0;0.039231617;150.07811;260.05045;9.602565;-0.08849148;0.0;0.1309514;0.13094395;0.0;9.591386;333.94833;1191.95;-254.30945;6529.618;-69.67778;-156.61333
2020-12-24;-13.11098;-16.637053;-13.694831;741.4419;0.94601876;261.78552;100.0;0.043677527;150.4033;290.07974;0.8344382;-0.053726137;0.0;0.13034046;0.13034046;0.0;0.83003193;684.3128;2617.3123;-1201.5328;4604.7495;-42.441113;-113.09556
2020-12-25;-17.501516;-23.88198;-23.222795;748.1309;1.3723127;30.528723;100.0;0.043985844;151.13441;290.6494;0.009375917;0.0070147216;0.0;0.12974441;0.12975186;0.0;0.008087605;848.00775;3180.3533;-1112.4033;3856.3843;5.4244447;14.87
2020-12-26;-11.232404;-20.333235;-19.843452;752.7075;1.4873419;15.889554;100.0;0.04399097;152.0514;289.18457;0.0021487467;0.0035241246;0.0;0.12916327;0.12916327;0.0;0.0;862.88947;3158.2856;-1004.2389;4302.0957;2.5366666;74.43222
2020-12-27;-8.225984;-16.743322;-17.451683;753.9795;1.3752823;22.11548;100.0;0.04399987;153.28741;287.02798;0.00085234636;0.010967255;0.0;0.12859702;0.12859702;0.0;0.0;899.86334;3217.939;-1174.9756;4316.6235;8.33;76.66
2020-12-28;-7.8859763;-17.956102;-17.438353;753.49286;1.3234323;40.98633;100.0;0.044005554;154.56476;284.70865;0.0008523463;0.0013411045;0.0;0.12804568;0.12803078;0.0;0.0;930.5994;3246.9844;-1134.2406;4353.175;0.8466667;76.90222
2020-12-29;-6.7302794;-15.636672;-13.386098;752.5927;1.2921896;40.995968;100.0;0.04399399;156.25941;281.86035;0.0008613237;-0.017487444;0.0;0.12746453;0.12747943;0.0;0.0;872.0383;2971.4434;-1000.5783;4891.5254;-13.953333;25.257778
2020-12-30;-8.199261;-12.944201;-13.5388565;753.0915;1.5949565;17.966541;100.0;0.043992084;158.35284;278.361;0.0008523463;0.017529353;0.00032782555;0.12725592;0.12692809;0.0038724393;0.0;949.30444;3150.8345;-1212.9377;4637.9907;13.4377775;30.87
2020-12-31;-8.030275;-15.882458;-16.146713;752.2439;1.4416851;20.099539;100.0;0.043982703;160.05238;275.4313;0.00085579633;0.0047571957;0.00295043;0.12934208;0.1263842;0.03514625;0.0;1012.3089;3275.26;-1360.3828;4234.1084;3.4122221;79.70778
2021-01-01;-7.5587144;-18.409967;-16.921316;752.0332;1.2914263;44.296707;100.0;0.043961804;161.50323;272.78647;0.0;-0.013906509;0.0;0.1258552;0.1258552;0.0;0.0;1040.6128;3286.912;-1326.4689;4208.059;-11.155556;82.39445
2021-01-02;-7.8151855;-16.644701;-14.797191;753.12616;1.3091162;27.416067;100.0;0.04391555;162.98273;270.01953;0.0;-0.018643215;0.0042021275;0.1295209;0.12532622;0.049978495;0.0;1050.456;3243.0566;-1100.8484;4652.5874;-14.807777;41.116665
2021-01-03;-7.39768;-13.239395;-12.963443;752.33734;1.6215783;24.474747;100.0;0.04383711;164.6878;266.8457;0.0008583069;-0.021601096;0.0047832727;0.1295954;0.124804676;0.056663528;0.0;1063.1478;3209.4934;-1385.2167;4504.928;-17.343334;32.578888
2021-01-04;-8.159148;-13.322637;-15.3042;752.6514;1.9648949;23.95456;100.0;0.043787558;166.16534;263.9567;0.0008821486;-0.009074807;0.0010430813;0.12534857;0.124290586;0.012340024;3.3527613e-05;1069.2389;3158.2866;-1372.9512;4305.543;-7.7544446;93.825554
2021-01-05;-9.645963;-17.382538;-17.729643;752.555;1.7353405;18.900675;100.0;0.04375899;167.41632;262.16635;0.0008523463;-0.018237159;0.0018179417;0.12558699;0.1237914;0.021316111;0.0;1172.0322;3391.1377;-1655.919;3783.3765;-14.806666;106.49
2021-01-06;-10.212153;-22.832794;-17.562532;752.88336;1.3853083;31.142626;100.0;0.043667037;168.54034;259.76562;0.0008583069;-0.042625703;0.007212162;0.13048947;0.12328476;0.08431263;0.0;1161.5122;3294.8467;-1301.1945;4201.5996;-33.649445;65.672226
2021-01-07;-7.8293858;-18.87109;-14.8676605;752.92975;1.2926762;35.78741;100.0;0.043516397;169.88734;256.5918;0.0;-0.05410239;0.009685755;0.13247132;0.12279302;0.11203624;0.0;1176.4277;3271.3655;-1377.4327;4360.225;-42.74111;36.324444
2021-01-08;-5.777491;-16.414228;-14.223965;752.8597;1.160938;44.805523;100.0;0.043319225;171.52602;253.41797;0.0008583069;-0.043122098;0.015199184;0.13750792;0.12230873;0.1730416;0.0;1234.6973;3365.7444;-1392.6183;4409.872;-34.134445;48.126667
2021-01-09;-4.661354;-14.891986;-12.545372;752.6702;1.0928334;64.73657;99.73348;0.04299259;173.34633;249.26758;0.0017021475;-0.061478466;0.035613775;0.15744567;0.121831894;0.34832582;0.0;1235.9956;3301.899;-1388.0756;4583.5435;-48.414444;22.907778
2021-01-10;-5.2457986;-12.934883;-12.919037;752.20514;1.1049544;134.72664;98.85864;0.042597096;174.91827;244.91374;0.0012927237;-0.062434003;0.03387034;0.1552254;0.12135506;0.32544136;0.0;1302.2156;3387.699;-1424.9928;4503.5405;-48.52889;15.155556
2021-01-11;-3.3652546;-10.030461;-8.885282;753.1397;1.1073585;124.613716;97.74658;0.04210337;177.3076;238.76953;0.0017225739;-0.049274415;0.05914271;0.18002093;0.12089312;0.5312376;0.0;1301.0728;3292.4277;-1265.4161;5022.9653;-38.56778;-19.347778
2021-01-12;-1.5569662;-5.7933655;-6.355147;754.1042;1.1521254;147.68755;96.62435;0.04067421;181.1598;225.83008;0.0025726322;0.0062845647;0.25983155;0.38024783;0.120423734;2.1339488;0.0;1317.8722;3193.6223;-1278.6661;5293.8877;4.693333;-29.448889
2021-01-13;-0.874644;-3.5730183;-4.430443;750.6441;1.1021345;217.7915;95.75301;0.038409274;184.0589;209.47266;0.43854415;-0.02835691;0.29945374;0.41940808;0.1199618;2.3930762;0.30504912;1156.9994;2696.44;-807.5611;5983.4023;-22.37;-37.947777
2021-01-14;-3.5661519;-4.0722046;-1.9489187;743.36884;1.236318;185.65211;97.68343;0.045563936;172.01527;263.71255;20.644564;-0.18885359;0.0070631504;0.12657046;0.11950731;0.027665868;20.352211;548.2122;1390.4845;-390.77945;6599.8994;-147.68333;-215.94667
2021-01-15;-5.992096;-6.7223525;-5.0893784;743.32916;1.1512378;205.67065;100.0;0.07016138;149.24803;466.91895;13.243973;-0.056970865;0.0;0.11906028;0.11906028;0.0;13.2263975;443.61444;1880.5133;-392.02;6289.6904;-44.913334;-148.85777
2021-01-16;-6.413788;-8.94295;-8.773492;745.01044;0.7058835;147.41289;100.0;0.0732404;154.2477;474.69077;0.1848638;0.0036247075;0.0;0.11861324;0.11862069;0.0;0.18358976;738.485;3055.6255;-1065.2489;5181.9478;2.6888888;-93.68222
2021-01-17;-7.001114;-8.782519;-10.204999;741.13257;1.0782925;241.9174;100.0;0.07581675;154.66534;488.1185;13.129354;0.010367483;0.0;0.11819601;0.11818111;0.0;13.067879;537.1472;2160.8877;-86.25;6219.727;7.942222;-73.39555
2021-01-18;-7.682574;-9.083856;-6.420687;741.88794;1.3523711;201.17255;100.0;0.10876509;148.09145;729.8177;29.669289;-0.075906515;0.0;0.117748976;0.11775643;0.0;29.6314;428.28333;1862.0044;-468.24667;6054.6475;-59.75889;-136.89555
2021-01-19;-7.7928596;-8.677643;-7.7243195;742.4014;1.2141067;192.26257;100.0;0.14042015;148.29132;941.2842;45.217514;-0.021563843;0.0;0.11733174;0.11733174;0.0;45.198837;133.23611;570.84;66.57;6571.661;-17.08;-75.76111
2021-01-20;-8.205017;-9.943435;-7.2851486;740.4267;0.9483726;184.6425;100.0;0.17279033;152.0742;1134.9691;11.528045;-0.05772151;0.0;0.11691451;0.11691451;0.0;11.5197525;499.11166;2185.0244;-536.8889;5894.901;-45.443333;-146.35333
2021-01-21;-12.215122;-18.884855;-12.410855;748.11426;1.1249627;23.456985;100.0;0.17776363;157.0996;1132.5277;0.4118383;-0.035986304;0.0;0.11649728;0.11650473;0.0;0.41095912;790.52386;3380.3723;-1559.3373;4143.3823;-28.32611;-92.09889
2021-01-22;-15.64046;-24.766756;-21.206928;751.6543;1.6702118;13.382045;100.0;0.17779975;161.8408;1099.0804;0.0;0.009296462;0.0;0.116080046;0.11609495;0.0;0.0;962.5233;4000.7688;-1707.4911;3240.485;7.25;76.58667
2021-01-23;-14.745137;-25.616692;-24.603798;750.3008;1.5660453;8.097756;100.0;0.17781214;164.513;1081.3802;0.0004351138;0.013903715;0.0;0.115677714;0.115692616;0.0;0.0;982.3772;3976.361;-1247.7594;3626.1235;10.869445;114.30334
2021-01-24;-9.507581;-21.459112;-23.460642;750.8594;1.2326115;167.65987;100.0;0.1778297;166.93292;1065.918;0.0;0.022852793;0.0;0.115290284;0.115290284;0.0;0.0;994.9411;3921.0288;-982.555;4104.5723;17.854445;121.87222
2021-01-25;-7.903305;-19.478163;-21.386602;750.7526;1.0176948;316.9237;100.0;0.1778514;169.67479;1049.0316;0.0;0.02140738;0.0;0.11488795;0.11488795;0.0;0.0;1030.9344;3961.2922;-981.1125;4272.028;16.72;93.708885
2021-01-26;-6.3609633;-16.962652;-18.594645;751.1802;1.000301;156.12679;100.0;0.17787035;172.89386;1029.7445;0.0004351138;0.020453706;0.0;0.11450052;0.11450052;0.0;0.0;1053.7622;3949.25;-972.1811;4546.1455;15.964444;65.73889
2021-01-27;-4.8072586;-15.838242;-16.45653;749.81805;0.8974568;206.74883;100.0;0.17789042;176.63507;1008.38214;0.0004351138;0.015567988;0.0;0.11411309;0.11411309;0.0;0.0;966.0489;3535.328;-867.10114;4839.5557;12.16;66.24111
2021-01-28;-6.0311713;-8.450542;-12.214099;745.145;0.50072616;157.33319;100.0;0.19448535;166.85773;1162.557;32.193943;0.032387674;0.0;0.11372566;0.11373311;0.0;31.996273;280.19888;1183.1433;277.39334;6568.2866;25.383333;0.7322222
2021-01-29;-5.848137;-7.2911415;-7.898523;742.28925;0.75142974;178.54665;100.0;0.21627454;161.60936;1336.8734;16.667025;0.008339062;0.0;0.113368034;0.11335313;0.0;16.604614;630.67334;2713.1611;-216.63055;6344.749;6.56;-114.50445
2021-01-30;-8.663335;-10.192298;-7.4890428;742.83307;1.310666;210.5904;100.0;0.23165266;165.94984;1397.9492;3.661858;-0.04708767;0.0;0.112980604;0.112980604;0.0;3.654305;790.0689;3417.699;-813.63446;5567.618;-37.06111;-183.14667
2021-01-31;-7.451163;-8.627739;-8.079551;747.2303;0.9161008;218.9174;100.0;0.23460805;174.97069;1342.4072;3.3536136;-0.03318861;0.0;0.112608075;0.112615526;0.0;3.3518486;449.41724;1898.6189;-353.49777;6071.3457;-25.064444;-93.342224
2021-02-01;-5.605966;-9.629157;-9.270638;752.368;1.1110648;73.47576;100.0;0.23585911;183.985;1283.8135;0.0039044567;-0.015307218;0.0;0.112235546;0.112235546;0.0;0.0030435622;964.0589;4001.889;-1325.2272;4806.5024;-8.893333;-65.62778
2021-02-02;-3.137193;-13.74854;-12.678866;753.16846;1.1897871;45.20718;100.0;0.23588483;191.06117;1235.555;0.0012814989;-0.019896775;0.0;0.11187792;0.11185557;0.0;0.0;1066.2633;4309.01;-1421.7161;4408.9673;-12.206667;73.21889
2021-02-03;-3.559457;-15.183423;-14.204406;751.67065;1.1371601;31.893435;100.0;0.23590462;196.41437;1202.4332;0.0017200655;-0.021444634;0.0;0.11149049;0.11149049;0.0;0.0;1102.9417;4341.7935;-1238.9917;4532.253;-13.583333;72.46111
2021-02-04;-2.521698;-10.762684;-12.205108;750.7468;0.7152195;140.08476;100.0;0.23605752;201.34862;1173.6654;1.2399256;-0.013317913;0.0;0.11111796;0.11112541;0.0;1.1423677;941.7989;3613.4844;-394.8439;5829.8193;-7.74;-2.0555556
2021-02-05;-2.5946858;-3.246521;-6.536297;747.25934;0.5677555;202.90175;100.0;0.24628489;201.88637;1218.9535;15.119533;0.017812476;0.0;0.11076033;0.11076033;0.0;13.763912;436.1422;1766.461;44.909443;6847.9976;14.838889;-49.075554
2021-02-06;-3.359853;-10.73927;-5.5460243;748.2104;1.047924;38.948273;100.0;0.25254354;208.29784;1214.7623;0.00651944;-0.13993867;0.0;0.1104027;0.1104027;0.0;0.0052303076;1024.2295;4212.359;-1359.3561;5118.971;-103.96667;-101.33444
2021-02-07;-3.1074817;-12.04366;-9.3200655;749.66437;0.9669943;151.48769;100.0;0.25251234;215.66664;1172.4039;0.0012934451;-0.06559119;0.0;0.110045075;0.110037625;0.0;0.0;1117.9784;4421.691;-1392.5662;4735.9233;-46.344444;-6.7066665
2021-02-08;-1.8156027;-8.55782;-10.704563;754.33154;0.8491599;236.23528;100.0;0.2525252;221.13605;1143.1478;0.0;-0.01521036;0.0;0.10968745;0.10968;0.0;0.0;1149.3972;4432.492;-1246.3323;4840.7935;-7.779444;6.615556
2021-02-09;-2.0919902;-7.1167197;-10.294507;754.91187;0.91535;264.68008;100.0;0.25256217;226.07909;1118.9371;0.0017225739;-0.0019669533;0.0;0.10931492;0.10932982;0.0;0.0;1053.8717;3966.39;-1082.22;5119.13;2.11;1.1266667
2021-02-10;-3.0002644;-9.284465;-10.73673;751.66034;0.9425691;146.19873;100.0;0.2525996;230.73402;1096.4355;0.0;-0.01969561;0.0;0.10897219;0.10897219;0.0;0.0;1135.9116;4170.529;-1245.4116;4855.009;-11.408889;1.3733333
2021-02-11;-3.574412;-11.185086;-11.393162;750.11945;1.0448705;85.06066;100.0;0.25261986;234.9264;1076.8229;0.00042617318;-0.030940399;0.0;0.108629465;0.108629465;0.0;0.0;1299.5778;4658.3135;-1455.18;4556.373;-19.825556;0.97555554
2021-02-12;-2.306895;-12.114308;-12.12157;748.5046;0.86670095;206.48988;100.0;0.25263754;238.65688;1059.8551;0.0008523463;-0.03925711;0.0;0.10828674;0.10828674;0.0;0.0;1369.0656;4795.0845;-1488.7322;4471.2964;-26.155556;24.34111
2021-02-13;-3.0804036;-7.5653777;-11.578967;749.2449;0.7059402;275.17648;100.0;0.2526715;242.13019;1044.6777;0.017943978;0.036238693;0.0;0.10794401;0.10795146;0.0;0.013537705;1230.13;4207.6343;-939.55725;5218.3457;28.958334;-50.83889
2021-02-14;-2.1074626;-5.2207856;-8.785647;751.2417;0.7183039;297.37155;100.0;0.25274715;246.03741;1028.6865;0.025825255;0.030921772;0.0;0.107616186;0.10762364;0.0;0.02411753;1263.8728;4232.912;-1136.0366;5271.3765;24.838888;-78.64
2021-02-15;-1.9575424;-8.42202;-9.456725;748.5264;0.7247672;221.50871;100.0;0.2527739;250.04686;1012.736;0.011223555;-0.0073323026;0.0;0.10731816;0.10730326;0.0;0.009488314;1483.9706;4859.656;-1505.6411;4706.688;-5.0244446;-54.636665
2021-02-16;-1.9315376;-4.3525863;-6.375319;742.9155;0.69622;188.71716;100.0;0.2593006;249.45311;1039.0625;17.31019;0.00026077032;0.0;0.10699034;0.10698289;0.0;13.330899;755.5328;2491.8179;-177.60445;6606.6616;0.51555556;-58.78
2021-02-17;-3.7880058;-4.5691056;-1.9204394;736.4698;1.6525759;195.99641;100.0;0.30560234;227.61554;1340.0879;49.46012;-0.20523834;0.06633997;0.17300248;0.10666251;0.03344193;45.390514;247.52333;1052.2778;-210.09111;6752.03;-160.53667;-194.48778
2021-02-18;-9.138303;-11.446509;-5.3852324;740.41205;1.2140896;197.49231;100.0;0.32639638;223.32289;1462.7686;7.617685;-0.26308185;0.0;0.10634959;0.10634214;0.0;7.6000876;860.2744;3561.531;-977.9128;5434.9316;-203.44333;-311.5011
2021-02-19;-9.64384;-11.669938;-8.032392;745.8516;1.2840136;189.60803;100.0;0.3315474;225.78839;1469.7672;4.6540794;-0.18673018;0.0;0.10602176;0.10602176;0.0;4.6410413;1038.0344;4322.723;-870.9144;5420.251;-142.96222;-305.9389
2021-02-20;-9.421729;-11.143421;-8.849754;745.8857;0.71814877;198.90814;100.0;0.34067044;219.38182;1552.8971;7.8142586;-0.08662883;0.0;0.10570884;0.10570884;0.0;7.812113;728.0989;3090.4578;-557.64557;5758.6245;-65.577774;-180.01222
2021-02-21;-11.121937;-15.536129;-10.636159;747.8711;0.9332095;66.55521;100.0;0.3429898;224.09569;1532.6334;0.15059114;-0.14322624;0.0;0.105410814;0.10538846;0.0;0.14673173;1093.0466;4557.12;-1377.5762;4562.1274;-108.24555;-205.11555
2021-02-22;-11.30502;-19.372456;-14.082812;749.6162;1.0307654;64.03899;100.0;0.34299386;229.5244;1496.1752;0.010417577;-0.07861294;0.0;0.10506809;0.10506809;0.0;0.005699694;1289.6605;5231.376;-1522.4216;4122.074;-56.907776;-149.60445
2021-02-23;-7.629931;-16.437597;-15.32677;748.98975;1.1261247;88.36823;100.0;0.34299204;233.70506;1469.2383;0.0;0.0011352822;0.0;0.104770064;0.104762614;0.0;0.0;1330.8083;5258.775;-1295.1045;4411.9585;1.6322222;-36.74
2021-02-24;-6.3416533;-13.443955;-14.679633;747.66974;1.4867493;26.659338;100.0;0.34301338;237.68813;1444.5801;0.0008523463;0.023014843;0.0;0.10447204;0.10446459;0.0;0.0;1399.4355;5392.0454;-1457.4875;4303.022;18.686666;-14.143333
2021-02-25;-7.751287;-12.807602;-14.328395;749.03;1.5261332;27.915625;100.0;0.34304878;241.60414;1421.1832;0.003427267;0.02135709;0.0;0.10417402;0.10416657;0.0;0.0025704503;1361.0089;5115.816;-1371.4231;4428.854;17.323334;-70.28778
2021-02-26;-7.2015915;-15.0492325;-14.63922;748.9301;1.2703099;26.409231;100.0;0.34307054;245.31606;1400.2279;0.0008523463;0.004120171;0.0;0.103875995;0.103875995;0.0;0.0;1502.1755;5509.1816;-1512.4003;4235.387;3.9433334;-54.06778
2021-02-27;-5.331884;-14.870887;-14.014282;747.67236;0.98588157;174.86028;100.0;0.3430785;248.88832;1380.0049;0.0012884903;-0.01023151;0.0;0.10357797;0.10358542;0.0;0.0;1544.3027;5530.842;-1475.1522;4380.953;-7.154444;-55.45778
2021-02-28;-5.236132;-10.17567;-13.322864;746.0102;0.7641365;224.5;100.0;0.34309682;252.46515;1360.2295;0.011897086;0.023134053;0.0;0.10329485;0.10329485;0.0;0.010088086;1595.5089;5583.5522;-1344.6145;4608.07;18.97;-107.3075
2021-03-01;-5.6294646;-7.5165596;-11.06955;747.01587;0.7801251;185.15895;100.0;0.34361085;255.7347;1344.6045;2.0934224;-0.023873523;0.0;0.102996826;0.10300428;0.0;2.0033083;1330.92;4576.044;-704.8433;5600.5605;-18.258888;-148.35777
2021-03-02;-4.6980996;-5.9983125;-7.5432067;749.63696;0.83132386;236.76799;100.0;0.34771952;255.64648;1361.3281;3.0092895;-0.064441934;0.0;0.1026988;0.102721155;0.0;2.8914325;1083.9795;3976.1416;-603.62555;6003.9067;-50.06889;-190.08112
2021-03-03;-4.7314034;-6.585856;-6.6385484;748.387;0.9110451;264.3121;100.0;0.34867564;260.20084;1341.6342;0.45455992;-0.11307374;0.0;0.10243058;0.10244548;0.0;0.41237846;1312.7191;4754.3564;-900.2289;5688.338;-88.22;-218.12222
2021-03-04;-3.8731143;-5.46781;-5.2689652;746.45044;0.8392451;61.257465;100.0;0.3537254;261.55014;1351.8066;15.707035;-0.037189573;0.0;0.10216236;0.10216236;0.0;14.6440115;793.8911;2872.3572;-386.59113;6426.6143;-28.795555;-120.32889
2021-03-05;-3.219373;-4.3108315;-3.4768612;746.29834;0.83687097;178.98828;100.0;0.37107733;254.61945;1458.252;6.390193;-0.06609596;0.0;0.10187924;0.10188669;0.0;6.1601663;630.45166;2653.744;-362.80667;6561.053;-51.54889;-148.32
2021-03-06;-3.096162;-8.5510025;-4.454432;750.9695;0.8195177;161.92336;100.0;0.37229156;261.64194;1425.1302;0.003516674;-0.106312335;0.0;0.10161102;0.10161102;0.0;0.0026486814;1447.155;5817.3584;-1676.1172;4857.6377;-82.39;-231.12
2021-03-07;-3.4729004;-6.116501;-6.2221146;747.1652;0.680506;252.74554;100.0;0.37224492;267.93555;1391.3574;0.037556887;-0.0567995;0.0;0.1013577;0.10133535;0.0;0.03491342;1344.9277;5207.4385;-1166.1339;5369.1;-43.716667;-220.96889
2021-03-08;-4.247908;-5.892896;-5.987016;743.67523;0.86352795;218.54054;100.0;0.3751866;271.10938;1385.0912;6.0985923;-0.09103306;0.0;0.101059675;0.101059675;0.0;5.652491;914.0536;3460.2542;-521.6322;6129.2534;-70.988335;-177.20334
2021-03-09;-4.6149;-7.967888;-5.6458945;745.717;1.0431805;238.64977;100.0;0.37830362;274.21744;1382.0394;0.1283586;-0.16122404;0.0;0.100791454;0.100791454;0.0;0.12717769;1411.1292;5487.2295;-1393.5795;5136.9653;-125.865555;-250.95555
2021-03-10;-3.7996788;-6.7825065;-6.796183;747.60565;0.96139145;197.68446;100.0;0.37863746;278.76205;1360.026;3.6928177;-0.09980053;0.0;0.10052323;0.10052323;0.0;3.3897758;1433.535;5416.16;-878.94775;5721.1406;-77.49;-219.30333
2021-03-11;-2.3774414;-3.5322163;-3.6876934;739.90015;1.2354023;206.18803;100.0;0.39394936;269.43262;1461.9141;19.093489;-0.024486333;0.009998679;0.11025369;0.10025501;0.039640814;16.65483;919.725;3818.051;-522.04474;6410.6543;-18.457777;-158.68472
2021-03-12;-3.7990367;-5.377951;-2.579301;736.1501;1.1743525;133.63249;100.0;0.40892515;266.03873;1538.7369;9.93985;-0.15435554;0.01938641;0.1193732;0.09998679;0.11878088;9.270482;747.13666;3142.096;-655.9753;6258.2188;-120.92555;-202.70778
2021-03-13;-3.8126538;-8.834348;-4.9792085;746.5289;1.0650867;85.56396;100.0;0.4124687;270.94824;1525.3906;0.006087329;-0.09576138;0.0;0.09973347;0.09972602;0.0;0.004373491;1531.1561;6254.423;-1710.9086;4743.6543;-73.85222;-250.29889
2021-03-14;-1.9912809;-6.566494;-6.372126;747.65015;0.86012655;110.72234;100.0;0.41243252;276.97916;1492.1469;0.0017167467;-0.025446527;0.0;0.09946525;0.09946525;0.0;0.0;1477.685;5810.9688;-1333.4928;5175.1064;-18.687778;-184.41667
2021-03-15;-2.201711;-5.567785;-5.304152;746.60767;0.9165454;174.60237;100.0;0.41302708;282.2168;1466.4713;1.9154549;-0.10647811;0.0;0.09921193;0.09920448;0.0;1.7835498;1175.5967;4456.209;-494.86917;6338.836;-82.66778;-165.4311
2021-03-16;-1.3928833;-4.271932;-2.609909;746.6412;0.81191343;217.08315;100.0;0.4172453;285.92676;1462.2396;9.325266;-0.14044344;0.046163797;0.14510751;0.09894371;0.34531578;4.9830117;1333.755;5021.5044;-750.3539;6264.533;-106.886665;-231.04778
2021-03-17;-1.1936035;-3.2522686;-0.7078298;744.77277;0.91629213;196.18904;100.0;0.42764437;289.28516;1481.7301;9.458083;-0.122192316;0.17389655;0.27258694;0.09869039;1.0901392;4.8031917;1300.3633;4642.6426;-820.55664;6291.738;-93.09167;-238.0
2021-03-18;-3.6835124;-6.216825;-0.6775093;742.361;1.6700028;204.80743;100.0;0.43525612;292.60742;1490.4379;7.2636037;-0.56027156;0.014439225;0.112861395;0.09842217;0.109411776;6.565679;1496.715;5059.1123;-1090.1747;5835.8687;-432.04224;-390.3611
2021-03-19;-4.306936;-7.0348573;-1.4422354;745.31757;1.5211092;222.59987;100.0;0.43907428;296.35873;1484.9854;1.666584;-0.6996654;0.0;0.09813905;0.09813905;0.0;1.4756546;1807.0936;5750.789;-1286.9902;5582.148;-540.3345;-444.6389
2021-03-20;-2.99292;-7.694767;-2.1860363;747.5817;0.98299223;240.48163;100.0;0.4390441;302.57553;1454.4678;0.08212328;-0.5825404;0.0;0.097855926;0.097863376;0.0;0.0785552;1955.6455;5767.102;-1307.2413;5586.432;-446.52;-284.71555
2021-03-21;-1.4137268;-4.964508;-1.6519572;745.9189;1.2280823;181.31212;100.0;0.43880633;309.5394;1421.4681;0.17786622;-0.41993707;0.010877848;0.10845065;0.097580254;0.09705499;0.05888194;1917.0784;5323.7437;-1146.2317;5824.9775;-319.2;-212.61111
2021-03-22;-0.022918701;-2.998169;-0.8105214;747.34595;1.2009149;236.61415;100.0;0.43880948;318.55045;1381.4291;1.6158819;-0.35158917;0.039875507;0.13718009;0.09730458;0.3128536;0.4156418;2075.0195;5320.0146;-1083.965;5998.5225;-265.86667;-150.57556
2021-03-23;0.43207803;-0.12476603;-0.11934408;745.60016;0.84483534;208.58478;100.0;0.4396836;325.3187;1354.0853;33.805523;-0.04994031;4.306838;4.4158697;0.1090318;3.8517005;6.1682873;781.0561;1896.395;-49.940556;7237.9956;-36.42;-94.785835
2021-03-24;-0.8335266;-1.3776449;-0.04182307;738.4859;1.6030239;200.22168;100.0;0.44186774;323.48404;1367.5131;36.996532;-0.15720166;8.096367;8.297175;0.2008304;5.124826;9.050932;596.37946;1692.1294;-104.825;7141.6445;-120.657776;-150.27972
2021-03-25;-4.7959495;-6.2933145;-0.5295601;741.98096;1.7545592;210.79631;100.0;0.45418248;311.2474;1460.2457;8.629134;-0.6141318;0.005528331;0.102221966;0.096701086;0.02154708;8.469615;1547.5656;5625.0195;-1188.9519;5709.9653;-471.07944;-522.93805
2021-03-26;-4.7432656;-6.665171;-1.3226217;744.8594;1.1697406;188.842;100.0;0.4606383;309.9834;1486.3281;14.933328;-0.6003892;0.0;0.09661913;0.09662658;0.0;14.48097;1314.185;4306.434;-729.095;6217.1777;-462.6011;-469.78445
2021-03-27;-7.4191155;-9.640519;-3.1541393;744.1699;1.4647918;197.96729;100.0;0.47862068;294.13834;1628.1738;9.030011;-0.5146712;0.0;0.096559525;0.096559525;0.0;9.020381;1506.0;6126.936;-1244.5189;5365.427;-392.75555;-545.9889
2021-03-28;-5.7278976;-11.173046;-5.8021836;750.5301;1.0823233;71.486626;100.0;0.48023662;297.4271;1617.2281;0.005423145;-0.3010258;0.0;0.09652972;0.09651482;0.0;0.004146248;1766.3572;7030.11;-1731.5967;4707.653;-220.27667;-295.1378
2021-03-29;-4.2445006;-12.615673;-7.8841043;750.66675;1.0990256;57.268322;100.0;0.48017752;301.71127;1593.8314;0.001709257;-0.22163987;0.0;0.09647012;0.09648502;0.0;0.0;1869.1022;7235.5186;-1865.4506;4394.797;-157.64111;-164.88777
2021-03-30;-2.7412617;-12.001023;-8.559573;749.8662;1.1918935;49.225113;100.0;0.48014084;305.3138;1574.707;0.0008523463;-0.105389394;0.0;0.09647012;0.09646267;0.0;0.0;1907.8284;7204.8813;-1694.7084;4625.4785;-76.62666;-169.12666
2021-03-31;0.1656189;-8.034363;-6.96942;749.397;1.1582496;51.892773;100.0;0.48024657;308.89355;1556.6406;0.94405717;-0.09157136;0.0;0.09647012;0.09646267;0.0;0.0106319785;1830.0823;6744.532;-1124.8811;5532.2363;-65.583336;-145.13889
2021-04-01;0.9909363;-5.5747986;-4.3937683;747.91455;1.521296;147.24312;100.0;0.48107064;313.47818;1537.3535;0.16254413;-0.17865188;0.007838011;0.10430813;0.09646267;0.054448843;0.0;1913.4756;6832.6787;-1506.6139;5248.8643;-133.86555;-92.76556
2021-04-02;-1.8918762;-5.5844727;-3.681081;745.1487;1.291552;214.28395;100.0;0.48236433;317.69272;1521.0367;4.5635877;-0.2238527;0.036925077;0.1333952;0.09647012;0.21571293;3.1628757;1846.2178;6374.174;-1313.8617;5466.992;-171.08556;-263.02335
2021-04-03;-2.8104656;-4.381246;-2.777766;745.8992;0.8685706;219.72688;100.0;0.48998442;314.95932;1558.5123;8.314747;-0.17647818;0.04273653;0.13920665;0.09647012;0.18832833;7.442877;1520.5673;5640.168;-854.8889;6080.44;-134.70222;-341.06
2021-04-04;-1.18337;-5.073232;-2.0379384;750.9554;0.9353094;174.22884;100.0;0.4929614;318.18652;1553.833;0.043864958;-0.27088076;0.059619546;0.15611947;0.09649247;0.36701;0.005811453;1772.9417;6648.13;-1380.6869;5555.8794;-205.34111;-287.99335
2021-04-05;0.418396;-4.122782;-2.293452;751.9279;1.1702551;195.41676;100.0;0.49237832;324.20248;1523.8851;0.00097155565;-0.31773373;0.09906292;0.19556284;0.09649992;0.59193003;5.2154064e-05;2039.0688;6910.984;-1555.8167;5315.2827;-231.80333;-133.36778
2021-04-06;2.252248;-2.1909587;-1.54555;753.33905;0.9814213;182.59552;100.0;0.4911432;330.7565;1490.9261;0.00042617318;-0.23499504;0.2901852;0.38668513;0.09649247;1.6302559;0.0;2315.229;7202.17;-1558.1808;5431.79;-165.76778;-155.21222
2021-04-07;3.0114136;-4.2749023;-0.5823619;754.0361;0.9658878;208.7498;100.0;0.4891785;339.66537;1446.0043;0.00020861626;-0.33045933;0.42149425;0.5323291;0.11083484;2.0640082;0.00021979213;2442.256;6739.052;-1335.5847;5821.365;-238.30444;-150.58223
2021-04-08;4.493154;-4.4366555;-0.25743484;752.1751;1.0670829;116.87778;100.0;0.48292017;348.3356;1391.9678;0.037670135;-0.310041;1.8294007;1.9282848;0.09889901;9.626512;0.0;2731.4834;6891.2617;-1512.2042;5688.2246;-221.66667;-102.65
2021-04-09;4.251414;-3.834666;-0.22970708;748.3652;1.1226745;133.12;100.0;0.4720929;355.62695;1332.8043;0.86176395;-0.3332384;2.4969876;2.6472807;0.15031546;11.69559;0.0;2920.2656;6899.601;-1348.8964;5896.14;-239.42334;-111.77889
2021-04-10;3.457835;-1.0540771;-0.1344223;746.9907;1.0864707;89.53812;100.0;0.45988306;362.04395;1275.5127;8.897364;-0.24821237;5.7915745;5.96796;0.1763925;13.112556;0.0;2685.8289;6046.7935;-1076.2855;6214.149;-177.49556;-120.26
2021-04-11;-0.3378601;-1.0827942;-0.04109319;747.6923;0.87416774;109.341866;100.0;0.4509094;365.50912;1237.7523;13.308349;-0.14004298;5.745873;5.990073;0.24420768;9.769086;0.82346797;1255.1095;2820.8354;-371.81027;6923.3267;-103.96;-149.64111
2021-04-12;-1.7605795;-7.4467874;-0.24917857;749.1108;1.0452327;125.35141;100.0;0.4435039;370.33594;1202.0264;0.18647078;-1.085138;1.41339;1.5141517;0.10076165;5.6873264;0.03287196;3290.578;7156.427;-1679.397;5381.58;-832.61444;-483.71112
2021-04-13;-1.1400757;-5.8428445;-0.343263;748.7278;1.0053537;153.07841;100.0;0.44252178;371.69336;1194.4987;4.1892767;-0.6404929;0.40724874;0.51024556;0.102996826;1.6399212;3.294222;2254.3271;5460.8506;-1257.3514;5791.218;-488.69333;-312.50555
2021-04-14;0.16608684;-5.5073624;-0.3311259;749.84644;0.84175617;228.69783;100.0;0.4393531;377.8353;1167.4805;0.0007629394;-0.67759305;1.4006793;1.5170872;0.11640787;5.81998;0.00031664968;3327.9172;7755.1934;-2099.379;4941.5767;-510.37222;-274.8578
2021-04-15;1.1164144;-5.1049805;-0.35469055;750.8997;1.0769317;163.71265;100.0;0.4321183;385.87436;1124.9594;0.02052193;-0.5843956;1.9732565;2.0813048;0.10806322;7.7871046;0.0;3470.7966;7732.606;-1997.5494;5103.511;-435.28;-192.68777
2021-04-16;1.9628397;-5.0499063;-0.27481207;752.60236;1.0980228;126.7365;100.0;0.4213743;393.6556;1075.358;0.0100583555;-0.4889071;3.828764;3.9993525;0.1705885;12.4002695;0.0;3554.321;7652.777;-1807.147;5368.0596;-359.12112;-171.05667
2021-04-17;3.6950684;-4.3022766;-0.23484547;754.3157;1.1034092;93.34902;100.0;0.40674087;400.7604;1020.1009;0.00048577783;-0.40528738;5.172968;5.587235;0.41427463;15.957147;0.0;3664.9573;7688.515;-1655.865;5610.8555;-291.85443;-135.60333
2021-04-18;5.1404824;-3.1707153;-0.18066406;754.63837;1.1432751;185.44373;100.0;0.38911495;407.1953;961.263;0.004935264;-0.38097054;7.0026817;7.7332554;0.73055923;18.508474;0.0;3553.7756;7306.8423;-1337.3767;6040.408;-272.75778;-102.89667
2021-04-19;6.8694253;-2.043335;-0.1125412;754.97314;1.140154;184.03716;100.0;0.36854982;412.73666;898.51886;0.0;-0.3723353;8.134991;9.227544;1.092568;21.753088;0.0;3709.024;7510.003;-1127.3998;6362.785;-265.13666;-90.12222
2021-04-20;6.4186807;-0.7397766;-0.0973498;754.7359;1.2342836;119.811745;100.0;0.34524044;416.47852;834.3913;0.10462105;-0.2864115;9.385541;11.302933;1.9173771;23.568447;0.0;3330.6167;6664.4507;-1055.5786;6386.661;-201.19221;-67.46445
2021-04-21;7.2676187;-0.8336792;-0.15023041;754.52435;1.1568478;133.48619;100.0;0.32183728;420.71353;770.1416;0.7969886;-0.33044907;10.375797;10.959208;0.58341026;23.532274;0.0;3618.213;7171.944;-1131.69;6321.951;-233.37889;-66.44444
2021-04-22;6.997457;0.9845988;-0.15046565;754.06177;1.0847629;266.98538;100.0;0.29859257;425.57162;706.33954;1.151774;-0.29921347;10.59556;12.378812;1.7832592;22.928474;0.0;3588.4343;7062.952;-1107.9059;6345.9346;-211.21722;-71.17111
2021-04-23;5.1392417;-2.7752583;-0.20126088;753.89594;1.1881787;168.37053;100.0;0.27554977;429.36655;645.79266;0.0018847595;-0.4548626;9.982944;11.360139;1.3771653;23.052338;0.00048801303;3996.7021;7819.7954;-1647.5878;5722.1743;-328.94556;-147.18777
2021-04-24;6.4422507;-4.57959;-0.3782514;753.2979;1.1865611;142.38051;100.0;0.25435296;435.57162;587.1582;0.0012874597;-0.4141489;8.892134;10.157808;1.2656674;20.367887;0.0;4117.2344;8018.8403;-1838.2509;5465.947;-297.2672;-60.31889
2021-04-25;7.611908;-2.9895527;-0.34133276;753.2492;1.1488467;109.33381;99.95101;0.23304789;442.75717;528.56445;0.057846308;-0.4007807;9.114922;10.485113;1.3701618;21.623638;0.0;3899.2178;7566.0557;-1429.8855;5959.783;-286.53946;-49.636665
2021-04-26;7.5492043;0.5868327;-0.16832478;750.59515;1.0536202;165.94406;98.542076;0.21301086;447.56934;477.3356;4.0440855;-0.18647778;9.293347;10.673195;1.3798326;18.897663;0.0;2559.3584;4920.029;-677.4033;6779.383;-129.12445;-6.601111
2021-04-27;6.947642;1.8437195;-0.15587108;750.54596;0.91445893;81.67441;96.664795;0.19474237;449.73666;433.8379;4.277974;-0.19799359;8.959711;10.297254;1.3375282;19.243881;0.0;2741.9211;5210.3477;-798.1975;6632.8496;-134.66278;-57.45778
2021-04-28;5.4766335;1.3156738;-0.17868042;751.90424;1.0399004;170.23647;95.40723;0.17531972;450.0;390.74707;2.3591697;-0.27135107;9.818077;11.439398;1.6213284;21.036512;0.0;3104.5928;5847.35;-1057.0089;6363.9946;-186.61223;-121.865555
2021-04-29;7.3787537;-0.6461589;-0.33667374;753.64996;1.1817511;139.08499;94.56307;0.15399654;450.0;343.46518;1.1271179;-0.48489684;10.532409;12.264103;1.7316937;22.670593;0.0;3897.0034;7301.792;-1268.7211;6231.404;-340.86667;-109.87111
2021-04-30;8.280314;-0.51848346;-0.30717087;751.4571;1.0788867;109.81644;94.08871;0.13102229;450.0;292.4398;1.2358457;-0.4997719;10.5236845;12.7000065;2.176322;22.876728;0.0;3808.2979;7107.257;-1203.0922;6323.9546;-351.30777;-106.98444
2021-05-01;4.9677024;0.7924703;-0.18341446;747.49506;1.027716;73.96135;93.63037;0.11134227;450.0;248.37239;5.869418;-0.31239167;9.725332;11.726767;2.0014346;18.198647;0.0;3007.6533;5603.437;-877.6506;6587.102;-216.85777;-156.21889
2021-05-02;4.620819;1.7451172;-0.18783443;748.97974;1.5326424;28.728601;91.006836;0.09396545;450.0;209.6761;3.2380521;-0.30811504;8.399516;11.147186;2.747692;17.58489;0.0;2429.4045;4474.0654;-721.8345;6731.809;-213.48111;-94.744446
2021-05-03;6.5374856;-0.6512553;-0.5155144;749.9731;1.0002495;63.33193;87.24178;0.073850036;450.0;165.44597;0.17198324;-0.5851481;9.551287;12.870282;3.3190103;22.284813;0.0;3815.953;6911.379;-1097.84;6405.7134;-407.65445;-218.25444
2021-05-04;7.9286704;0.5526225;-0.47566986;749.1631;1.0245091;159.17485;84.437256;0.051442187;450.0;115.5192;1.1626124;-0.7102806;9.978115;13.924614;3.9464905;22.604465;0.0;4152.863;7420.9565;-1129.5917;6504.021;-496.59113;-211.6311
2021-05-05;7.7013855;1.1471863;-0.43521246;748.01154;1.331687;225.88692;66.05216;0.030337691;450.0;68.31869;1.3058364;-1.0290723;8.621499;13.47591;4.854433;19.357439;0.0;4193.166;7027.993;-1317.2078;6382.604;-724.30334;-306.06778
2021-05-06;7.3392434;2.1169636;-0.43029022;748.9246;1.2200445;145.04301;36.237793;0.01581653;450.0;35.7666;1.9504905;-1.600041;4.2673945;9.410679;5.143277;11.749528;0.0;4712.5513;6837.055;-1179.7078;6802.8896;-1113.6711;-566.66
2021-05-07;6.401632;2.62559;-0.31780753;748.89984;1.0426599;116.91505;17.968588;0.007864515;450.0;17.700195;5.1433535;-1.6159657;3.724143;9.1331005;5.4089503;5.354155;0.0;4064.1262;5459.6323;-1402.1589;6560.177;-1122.1888;-642.7256
2021-05-08;8.436015;1.3255209;-0.45390955;752.3498;1.1238492;101.3446;8.517741;0.0036853154;450.0;8.219401;0.151515;-2.8231702;1.1425763;6.605372;5.462803;3.5453587;0.0;5699.292;7373.342;-1832.0278;6423.046;-1961.0577;-871.1422
2021-05-09;9.972056;0.74647015;-0.28544745;750.4683;1.2694578;185.8606;3.2929688;0.0014210939;450.0;3.0517578;0.7220036;-3.1041763;0.54231286;5.9819074;5.4396095;1.4485195;0.0;5744.8433;7293.8457;-2038.9431;6353.8965;-2156.6238;-855.74054
2021-05-10;10.787648;-1.6207886;-0.37963995;748.35406;1.5334414;212.62006;1.2609049;0.0005448262;450.0;1.3834635;0.043559074;-3.4803832;0.14439225;5.5292845;5.3848925;0.5378276;0.0;6052.3496;7633.8477;-2298.9353;6071.697;-2418.0544;-853.99225
2021-05-11;9.5330305;-5.913015;-1.0418243;749.3435;1.4360744;214.75854;0.5012207;0.00021692117;440.95703;0.48828125;0.0034213061;-3.749039;0.047773123;5.34302;5.295232;0.20466;0.0;6655.0996;8381.87;-2657.458;5604.2144;-2604.6177;-1068.0255
2021-05-12;10.463837;-4.2792563;-0.7760773;751.6982;1.1770885;132.73943;0.19824219;8.5632004e-05;429.25098;-7.345365e-21;0.123670705;-3.5553248;0.036641955;5.210653;5.174011;0.0853613;0.0;6333.105;7978.656;-2307.982;6103.1934;-2469.8123;-950.4133
2021-05-13;10.82368;-1.4922384;-0.1534373;752.9786;1.2446122;117.39469;0.0715332;3.0358633e-05;428.46225;-7.345365e-21;0.34277883;-3.7096386;0.054240227;5.080491;5.026236;0.034797937;0.0;6242.7427;7872.277;-2324.8306;6270.0366;-2576.969;-806.6711
2021-05-14;10.51239;0.7967326;-0.066352844;753.49384;1.2462881;31.306238;0.023925781;1.0410945e-05;428.09375;-7.345365e-21;2.5740705;-3.3485918;0.4222244;5.2817163;4.8594923;0.011604279;0.0;5884.8677;7430.109;-2255.8662;6341.156;-2326.1567;-860.3555
2021-05-15;10.778371;0.2345988;-0.053171795;752.13715;1.1451899;59.165802;0.008056641;3.5762787e-06;428.09375;-7.345365e-21;0.8893192;-3.676977;0.12759864;4.8083963;4.6807823;0.0041387975;0.0;6154.8;7781.649;-2271.288;6384.511;-2554.2744;-850.2178
2021-05-16;12.003041;-2.5605164;-0.016099295;750.93304;1.1517693;107.23705;0.0028483074;1.3113022e-06;428.09375;-7.345365e-21;0.111556254;-3.7718825;0.0136345625;4.5090914;4.4954495;0.0013299286;0.0;6220.637;7856.5845;-2363.129;6276.088;-2620.2012;-858.5611
2021-05-17;12.192769;-3.6632893;-0.049856823;750.0935;1.9082484;165.0283;0.0008951823;3.5762787e-07;428.09375;-7.345365e-21;0.59645176;-3.5796669;0.07134676;4.380867;4.3095202;0.00041350722;0.0;5969.943;7531.8657;-2381.3623;6199.844;-2486.6755;-814.74
2021-05-18;11.216329;-2.7109883;-0.5194804;751.1316;1.3948647;246.61674;0.0;-7.3453654e-25;399.85645;-7.345365e-21;0.0008583069;-3.5777586;0.00011920929;4.1263103;4.126191;0.00014901161;0.0;6463.465;8145.721;-2436.004;6101.359;-2485.35;-1212.5566
2021-05-19;12.89624;-1.4930216;-2.613655;753.0013;1.2641213;130.29315;0.0;-7.3453654e-25;245.21516;-7.345365e-21;0.0008583069;-3.7438664;0.00010430813;3.9473772;3.9472654;4.8428774e-05;0.0;6674.912;8403.251;-2606.921;6131.076;-2600.7388;-994.24445
2021-05-20;13.890086;-1.4250284;-3.3204803;754.7258;1.1974379;145.90327;0.0;-7.3453654e-25;108.494446;-7.345365e-21;0.00085234636;-3.801139;8.940697e-05;3.7747173;3.7746205;1.8626451e-05;0.0;6748.008;8486.174;-2715.1128;6140.149;-2640.5244;-890.2011
2021-05-21;14.746022;-1.8751932;-1.0220503;754.60284;1.1112787;54.717422;0.0;-7.3453654e-25;101.431946;-7.345365e-21;0.05404651;-3.7653222;0.005379319;3.6147833;3.6093965;3.7252903e-06;0.0;6473.726;8132.3667;-2548.716;6460.1274;-2615.6433;-766.1878
2021-05-22;13.976949;-1.1902975;0.009958903;750.54474;1.4860519;109.44229;0.0;-7.3453654e-25;99.99998;-7.345365e-21;0.10706484;-3.2352953;0.00962615;3.4625232;3.452897;0.0;0.0;5524.3223;6932.1245;-2128.1128;6813.7646;-2247.4512;-704.42554
2021-05-23;13.278972;-2.5331318;0.009862264;748.5445;1.4998106;125.5571;0.0;-7.3453654e-25;99.99998;-7.345365e-21;0.011265278;-3.2877326;0.00086426735;3.3056736;3.3047943;0.0;0.0;6349.82;7959.88;-2634.7505;6237.5967;-2283.879;-1225.3645
2021-05-24;10.533936;-3.4807942;0.009883881;750.77594;1.288186;113.75055;0.0;-7.3453654e-25;99.99998;-7.345365e-21;0.041568752;-2.9680085;0.0036507845;3.1683297;3.1646862;0.0;0.0;6417.6616;8036.34;-2503.7417;6224.2275;-2061.7766;-1563.4222
2021-05-25;8.620555;1.0904948;0.010009766;749.49005;1.3339149;68.70515;0.0;-7.3453654e-25;99.99998;-7.345365e-21;4.3659506;-2.2175777;0.45835972;3.4923255;3.0339808;0.0;0.0;4958.4614;6202.5376;-1933.875;6622.3945;-1540.4767;-1362.5411
2021-05-26;10.945027;1.0949606;0.009862264;750.35864;1.1697805;164.51183;0.0;-7.3453654e-25;99.99998;-7.345365e-21;0.1549437;-3.023792;0.012800097;2.9240847;2.911292;0.0;0.0;6154.1895;7690.039;-2369.8584;6371.221;-2100.5278;-1344.8011
2021-05-27;12.970062;-2.3859966;0.00949351;752.0069;1.2841407;207.31079;0.0;-7.3453654e-25;99.99998;-7.345365e-21;0.00423193;-3.3396351;0.00032782555;2.794683;2.7943254;0.0;0.0;6736.6426;8408.985;-2641.3516;6230.0156;-2319.9333;-1382.0967
2021-05-28;14.333852;-3.9522297;0.01001358;751.1343;1.7155547;164.31802;0.0;-7.3453654e-25;99.99998;-7.345365e-21;0.022023916;-3.2525156;0.001847744;2.6854575;2.6836247;0.0;0.0;6655.649;8299.042;-2658.1438;6294.559;-2259.4146;-1341.1455
2021-05-29;13.635457;-2.9850872;0.009876251;751.1489;1.748511;219.04852;0.0;-7.3453654e-25;99.99998;-7.345365e-21;0.00032782555;-2.9892511;2.9802322e-05;2.5792122;2.5791898;0.0;0.0;6729.7935;8382.543;-2687.0544;6277.1816;-2076.5334;-1593.7178
2021-05-30;12.714772;-4.209086;0.010142009;752.8669;1.3968768;224.52022;0.0;-7.3453654e-25;99.99998;-7.345365e-21;0.00085234636;-2.801153;7.4505806e-05;2.4807155;2.480641;0.0;0.0;6925.9297;8617.767;-2952.3767;5958.5977;-1945.8678;-1736.4734
2021-05-31;13.115204;-2.4239705;0.010080974;752.83466;1.3389739;173.7765;0.0;-7.3453654e-25;99.99998;-7.345365e-21;0.0;-2.7068594;0.0;2.3875535;2.3875384;0.0;0.0;6868.818;8537.639;-2917.6755;6151.013;-1880.3645;-1633.3622
2021-06-01;13.907002;-3.8874207;0.009963989;751.87787;1.9390241;168.46944;0.0;-7.3453654e-25;99.99998;-7.345365e-21;0.0016587774;-2.5507045;0.00011920929;2.2996366;2.2995248;0.0;0.0;6803.6226;8447.688;-2860.77;6261.9224;-1771.8878;-1784.06
2021-06-02;13.671407;-3.8369954;0.009782155;751.54974;1.8773274;225.66206;0.0;-7.3453654e-25;99.99998;-7.345365e-21;0.0;-2.2927113;0.0;2.216369;2.216369;0.0;0.0;6830.937;8472.6455;-2907.1882;6204.677;-1592.669;-1986.5956
2021-06-03;12.899098;-5.226084;0.010262807;752.3569;1.3726358;237.38622;0.0;-7.3453654e-25;99.99998;-7.345365e-21;0.0012771689;-2.167439;8.940697e-05;2.1378398;2.1377578;0.0;0.0;6989.622;8660.342;-3208.4038;5855.5483;-1505.6466;-1952.5967
2021-06-04;12.897817;-6.1955566;0.009942372;752.84814;1.394684;252.46039;0.0;-7.3453654e-25;99.99998;-7.345365e-21;0.0;-2.0438042;0.0;2.0632446;2.063252;0.0;0.0;6950.0405;8602.221;-3121.1877;5962.806;-1419.7633;-2062.909
2021-06-05;13.000072;-4.728821;0.009963989;751.1809;1.6256423;180.9752;0.0;-7.3453654e-25;99.99998;-7.345365e-21;0.0021994114;-1.8411931;0.00014901161;1.9929409;1.9927845;0.0;0.0;6565.7295;8117.967;-2884.4182;6210.06;-1279.0155;-2079.7278
2021-06-06;12.177684;-5.6564636;0.009969075;750.6878;1.6667991;192.8064;0.0;-7.3453654e-25;99.99998;-7.345365e-21;0.0;-1.81909;0.0;1.9259751;1.9259751;0.0;0.0;6980.656;8621.965;-3109.189;5961.1733;-1263.6611;-2328.65
2021-06-07;12.168854;-5.4928994;0.009479523;751.7918;1.3047328;173.0703;0.0;-7.3453654e-25;99.99998;-7.345365e-21;0.0;-1.8082503;0.0;1.8624365;1.8624216;0.0;0.0;7008.54;8647.319;-3205.3562;5915.399;-1256.1311;-2197.8345
2021-06-08;12.828247;-7.530609;0.0097465515;751.6982;1.3047447;161.34227;0.0;-7.3453654e-25;99.99998;-7.345365e-21;0.0004351138;-1.8179603;2.9802322e-05;1.8019229;1.8018931;0.0;0.0;7027.7866;8661.969;-3264.094;5930.6235;-1262.8778;-2123.3032
2021-06-09;13.128967;-5.330963;0.009581248;749.89233;1.481266;179.35236;0.0;-7.3453654e-25;99.99998;-7.345365e-21;0.0;-1.7233826;0.0;1.7443001;1.7443001;0.0;0.0;6999.088;8617.563;-3129.0955;6127.29;-1197.1766;-2260.87
2021-06-10;12.88444;-3.9243877;0.009398143;749.4538;1.3829981;212.66179;0.0;-7.3453654e-25;99.99998;-7.345365e-21;0.0;-1.6300752;0.0;1.6895384;1.6895308;0.0;0.0;6981.033;8586.352;-3134.135;6119.52;-1132.3589;-2384.65
2021-06-11;13.018321;-3.5076904;0.009766896;749.98175;1.4354767;203.13074;0.0;-7.3453654e-25;99.99998;-7.345365e-21;0.0;-1.6130879;0.0;1.6373396;1.637347;0.0;0.0;6967.367;8560.567;-3128.1628;6162.299;-1120.5588;-2365.4011
2021-06-12;13.717743;-2.8549702;0.0098724365;750.62866;1.3541313;169.8018;0.0;-7.3453654e-25;99.99998;-7.345365e-21;0.0;-1.6525322;0.0;1.5874952;1.5874952;0.0;0.0;7088.1953;8699.96;-3311.3406;6083.8726;-1147.9589;-2195.47
2021-06-13;13.410411;-2.3201396;0.009881337;750.8107;1.3820581;189.14085;0.0;-7.3453654e-25;99.99998;-7.345365e-21;0.0008523463;-1.5248833;5.9604645e-05;1.5399754;1.5399382;0.0;0.0;7025.47;8613.982;-3195.7622;6154.856;-1059.2855;-2425.2222
2021-06-14;15.5095215;-3.3637798;0.010290782;752.08813;1.1361439;138.62567;0.0;-7.3453654e-25;99.99998;-7.345365e-21;0.0;-1.6788906;0.0;1.4944077;1.4944077;0.0;0.0;7032.419;8613.516;-3289.295;6326.813;-1166.27;-2045.4811
2021-06-15;16.528656;-1.9794922;0.00989151;750.8725;1.3032275;159.72397;0.0;-7.3453654e-25;99.99998;-7.345365e-21;0.0008467811;-1.618838;5.9604645e-05;1.4508367;1.4507697;0.0;0.0;6811.3755;8334.08;-3066.5916;6686.4194;-1124.5522;-2096.0566
2021-06-16;17.65094;-1.9849955;0.0101292925;750.6472;1.3842913;172.28197;0.0;-7.3453654e-25;99.99998;-7.345365e-21;0.0008523463;-1.6596913;5.9604645e-05;1.409024;1.4089644;0.0;0.0;6990.2754;8551.864;-3314.5112;6544.9424;-1152.9333;-2059.2979
2021-06-17;17.266855;-5.16863;0.009788513;751.2741;1.2882674;150.88586;0.0;-7.3453654e-25;99.99998;-7.345365e-21;0.0021427867;-1.5817248;0.00011920929;1.3691336;1.3690069;0.0;0.0;7211.3633;8821.221;-3695.9368;6040.25;-1098.7711;-2038.6156
2021-06-18;18.037882;-3.3199055;0.009871165;751.72955;1.3297721;80.83277;0.0;-7.3453654e-25;99.99998;-7.345365e-21;0.0;-1.6266685;0.0;1.3306439;1.3306588;0.0;0.0;7070.39;8647.596;-3461.3062;6461.842;-1129.9911;-1869.1067
2021-06-19;20.086945;1.8040873;0.009901683;752.1843;1.6153427;78.32255;0.0;-7.3453654e-25;99.99998;-7.345365e-21;0.0119532095;-1.5154462;0.00070780516;1.2945831;1.2938678;0.0;0.0;6579.455;8046.156;-3028.7234;7096.181;-1052.73;-1888.3833
2021-06-20;19.156809;-0.86012775;0.0099322;752.865;1.3258096;120.60989;0.0;-7.3453654e-25;99.99998;-7.345365e-21;0.0017220582;-1.5433179;0.00010430813;1.2586564;1.2585595;0.0;0.0;6916.055;8456.669;-3255.4006;6866.789;-1072.0911;-2138.6467
2021-06-21;18.809927;-5.70696;0.010068257;753.71655;1.2559692;156.18178;0.0;-7.3453654e-25;99.99998;-7.345365e-21;0.0;-1.5000142;0.0;1.2245923;1.2245923;0.0;0.0;7067.22;8640.347;-3488.485;6537.6157;-1042.01;-2166.301
2021-06-22;18.719635;-8.437988;0.010040283;753.9749;1.3188154;172.91937;0.0;-7.3453654e-25;99.99998;-7.345365e-21;0.0;-1.4502332;0.0;1.1920333;1.1920333;0.0;0.0;7177.965;8774.662;-3623.0183;6338.7734;-1007.4278;-2141.551
2021-06-23;19.142141;-5.298706;0.010401408;753.9543;1.3640924;131.59537;0.0;-7.3453654e-25;99.99998;-7.345365e-21;0.0012852087;-1.416726;7.4505806e-05;1.1608601;1.1607856;0.0;0.0;7129.0127;8713.717;-3561.8872;6470.2085;-984.1522;-2162.219
2021-06-24;19.010183;-5.824056;0.009894053;753.29095;1.3906268;140.35696;0.0;-7.3453654e-25;99.99998;-7.345365e-21;0.0008553266;-1.3905363;4.4703484e-05;1.1308193;1.1307671;0.0;0.0;7173.451;8766.87;-3706.19;6310.3364;-965.95886;-2133.8645
2021-06-25;19.283997;-7.799845;0.00982666;752.3919;1.3937315;117.602875;0.0;-7.3453654e-25;99.99998;-7.345365e-21;0.00085234636;-1.3661683;4.4703484e-05;1.1019707;1.101926;0.0;0.0;7191.0527;8787.237;-3684.0073;6346.529;-949.0322;-2093.7234
2021-06-26;19.336935;-7.276245;0.0099983215;750.53107;1.3590617;140.69423;0.0;-7.3453654e-25;99.99998;-7.345365e-21;0.0;-1.327821;0.0;1.0741353;1.0741353;0.0;0.0;7096.3994;8670.421;-3562.7495;6505.0156;-922.3922;-2224.4634
2021-06-27;17.759857;-3.2565205;0.009962718;752.2407;1.3693657;221.40742;0.0;-7.3453654e-25;99.99998;-7.345365e-21;0.012084842;-1.168754;0.0006854534;1.0481626;1.0474771;0.0;0.0;6514.6807;7958.7334;-3136.3218;6812.7305;-811.89557;-2197.6455
2021-06-28;18.80137;-3.887553;0.009967804;752.9548;1.3535467;130.41223;0.0;-7.3453654e-25;99.99998;-7.345365e-21;0.0008523463;-1.205992;5.2154064e-05;1.0219216;1.0218694;0.0;0.0;6350.1973;7756.739;-3125.8838;6983.5776;-837.7633;-1949.7733
2021-06-29;18.954315;-2.5013835;0.01008606;753.10126;1.6191107;127.072266;0.0;-7.3453654e-25;99.99998;-7.345365e-21;0.023165345;-1.1758376;0.0013113022;0.9984821;0.9971708;0.0;0.0;6680.934;8159.6865;-3104.645;6979.0176;-816.81555;-2388.7078
2021-06-30;19.286325;-2.8599243;0.010088603;753.9554;1.5937048;146.96718;0.0;-7.3453654e-25;99.99998;-7.345365e-21;0.27045906;-1.1724038;0.014543533;0.9880066;0.9734556;0.0;0.0;6396.145;7810.8955;-2896.8594;7181.5933;-814.43;-2286.3633
2021-07-01;18.96226;-2.1949463;0.010185242;752.8664;1.3417524;107.66681;0.0;-7.3453654e-25;99.99998;-7.345365e-21;0.021129847;-1.1154441;0.0011026859;0.9518564;0.9507537;0.0;0.0;5469.0493;6677.759;-2728.9084;7311.6245;-774.86224;-1656.3022
2021-07-02;18.33787;0.16482544;0.009958903;752.07007;1.0493416;120.05963;0.0;-7.3453654e-25;99.99998;-7.345365e-21;0.075638294;-1.1904342;0.004053116;0.9327829;0.9287447;0.0;0.0;6333.0635;7731.769;-3025.3914;7127.789;-826.95557;-2089.4766
2021-07-03;19.479147;-1.6054993;0.009869893;750.43243;1.3053445;143.70618;0.0;-7.3453654e-25;99.99998;-7.345365e-21;0.0025868411;-1.2293477;0.00014901161;0.9073913;0.90726465;0.0;0.0;6804.312;8305.999;-3300.5505;6918.7437;-853.9878;-2257.9988
2021-07-04;18.791666;-3.3600872;0.00984319;748.48755;1.6729827;198.11613;0.0;-7.3453654e-25;99.99998;-7.345365e-21;0.0017201838;-1.1295425;8.940697e-05;0.8866191;0.8865297;0.0;0.0;7043.3916;8596.828;-3475.5737;6598.829;-784.6556;-2520.2278
2021-07-05;17.230642;-1.7214457;0.009977977;748.638;1.4263581;200.94814;0.0;-7.3453654e-25;99.99998;-7.345365e-21;0.0;-1.0574795;0.0;0.8665323;0.8665398;0.0;0.0;7082.957;8644.016;-3465.3586;6457.451;-734.5956;-2601.4277
2021-07-06;17.33436;-3.6519368;0.010007222;749.95654;1.4135648;177.12337;0.0;-7.3453654e-25;99.99998;-7.345365e-21;0.0;-1.0596272;0.0;0.8472055;0.8472055;0.0;0.0;7068.537;8625.295;-3437.3767;6511.471;-736.0867;-2583.6843
2021-07-07;17.881002;-2.0821838;0.009775798;751.48065;1.7145799;166.47804;0.0;-7.3453654e-25;99.99998;-7.345365e-21;0.0008583069;-0.91150033;4.4703484e-05;0.8287132;0.8286685;0.0;0.0;6161.8706;7517.8823;-2885.7983;7007.0806;-633.1889;-2385.8367
2021-07-08;18.62909;-2.718689;0.009829204;752.9578;1.2646883;154.35301;0.0;-7.3453654e-25;99.99998;-7.345365e-21;0.00044012704;-1.0841731;2.9802322e-05;0.8106977;0.8106679;0.0;0.0;7005.667;8546.319;-3376.3816;6756.233;-753.1389;-2466.2534
2021-07-09;18.718536;-1.1236166;0.010027568;750.9571;1.3354316;120.527794;0.0;-7.3453654e-25;99.99998;-7.345365e-21;0.0012814989;-1.0966566;7.4505806e-05;0.793159;0.7930696;0.0;0.0;6964.6187;8495.102;-3343.657;6888.945;-761.81;-2427.2312
2021-07-10;18.851746;1.4810791;0.009915669;748.7473;1.4381995;110.84329;0.0;-7.3453654e-25;99.99998;-7.345365e-21;0.0008523463;-1.0566357;4.4703484e-05;0.7760972;0.7760525;0.0;0.0;6887.097;8399.479;-3300.12;6940.828;-734.0089;-2452.49
2021-07-11;18.486917;0.42114258;0.009737651;750.3719;1.430627;176.26808;0.0;-7.3453654e-25;99.99998;-7.345365e-21;0.0008523463;-0.9989459;4.4703484e-05;0.7596463;0.75959414;0.0;0.0;6718.8203;8193.215;-3205.2896;6961.6235;-693.93445;-2510.0632
2021-07-12;19.067343;-2.9701538;0.009454091;751.02985;1.2409967;189.07475;0.0;-7.3453654e-25;99.99998;-7.345365e-21;0.0017195934;-1.0424461;8.940697e-05;0.74374676;0.7436648;0.0;0.0;6958.319;8484.153;-3392.6047;6858.9424;-724.1533;-2473.3132
2021-07-13;19.646402;0.44810995;0.010138194;749.4571;1.2540728;86.80978;0.0;-7.3453654e-25;99.99998;-7.345365e-21;0.0017163593;-0.9795101;8.195639e-05;0.72832406;0.7282421;0.0;0.0;6244.473;7612.72;-3050.8464;7276.2144;-680.43225;-2078.1555
2021-07-14;18.867178;5.156667;0.010182698;748.2498;1.5269732;83.58823;0.0;-7.3453654e-25;99.99998;-7.345365e-21;0.2497226;-0.92455095;0.012353063;0.72582066;0.71347505;0.0;0.0;5845.4565;7125.4707;-2816.3696;7418.42;-642.25446;-2052.3933
2021-07-15;16.77714;4.73171;0.009967804;748.613;1.6381608;72.95922;0.0;-7.3453654e-25;99.99998;-7.345365e-21;0.60935616;-0.9827139;0.03068149;0.7300377;0.69934875;0.0;0.0;5735.1445;6990.094;-2747.6914;7218.9136;-682.6578;-2185.9268
2021-07-16;16.566284;4.5600586;0.009988149;750.95703;1.2920334;61.78607;0.0;-7.3453654e-25;99.99998;-7.345365e-21;0.31605363;-1.0837148;0.015705824;0.70142746;0.6857291;0.0;0.0;5640.902;6873.745;-2643.4739;7254.648;-752.82;-2035.1945
2021-07-17;17.750296;4.4291687;0.0098393755;751.87494;1.0103334;98.60135;0.0;-7.3453654e-25;99.99998;-7.345365e-21;0.08675456;-1.0835956;0.004172325;0.6765425;0.6723851;0.0;0.0;5733.8403;6985.43;-2634.77;7460.5312;-752.7389;-2000.15
2021-07-18;19.756714;0.6491496;0.0098724365;752.22504;1.185991;115.54635;0.0;-7.3453654e-25;99.99998;-7.345365e-21;0.0017106531;-0.98355675;8.940697e-05;0.6594509;0.6593764;0.0;0.0;5699.9136;6942.5176;-2750.1707;7501.372;-683.24445;-1847.7711
2021-07-19;20.94629;0.021372477;0.009852092;752.9119;1.0604366;117.026665;0.0;-7.3453654e-25;99.99998;-7.345365e-21;0.0;-0.9434633;0.0;0.6467253;0.6467253;0.0;0.0;5649.324;6879.3203;-2771.7;7660.68;-655.3922;-1811.4277
2021-07-20;22.232534;0.67874146;0.010000865;752.47266;1.2890364;158.92897;0.0;-7.3453654e-25;99.99998;-7.345365e-21;0.0;-1.0467321;0.0;0.6343126;0.6343052;0.0;0.0;6613.767;8051.924;-3193.8445;7464.561;-727.13;-2155.311
2021-07-21;21.860687;-0.35639444;0.009694417;750.6512;1.575472;150.4003;0.0;-7.3453654e-25;99.99998;-7.345365e-21;0.0;-0.976678;0.0;0.6221831;0.62217563;0.0;0.0;6824.333;8306.484;-3400.5762;7143.3394;-678.4667;-2437.63
2021-07-22;20.404623;-0.05071004;0.00990804;747.61334;1.2914916;177.67552;0.0;-7.3453654e-25;99.99998;-7.345365e-21;0.0;-0.9391028;0.0;0.61044097;0.6104186;0.0;0.0;6966.934;8478.177;-3534.677;6852.141;-652.36334;-2420.1523
2021-07-23;19.899414;3.0929158;0.009864807;746.9628;1.3210508;144.44318;0.0;-7.3453654e-25;99.99998;-7.345365e-21;0.0008583069;-0.86383057;5.9604645e-05;0.5990267;0.5989969;0.0;0.0;6266.8955;7624.495;-2983.938;7382.9946;-600.07446;-2390.0967
2021-07-24;19.859842;-0.893219;0.0099105835;749.3755;1.4579242;148.59554;0.0;-7.3453654e-25;99.99998;-7.345365e-21;0.0008583069;-0.89717096;5.9604645e-05;0.5879104;0.5878806;0.0;0.0;6815.2334;8289.772;-3341.4695;6970.257;-623.23444;-2602.422
2021-07-25;20.519236;0.3371582;0.0098559065;752.9026;1.2446795;147.24167;0.0;-7.3453654e-25;99.99998;-7.345365e-21;0.00086050003;-0.88246816;4.4703484e-05;0.5770922;0.57706237;0.0;0.0;6655.1606;8093.2773;-3270.646;7097.2734;-613.02;-2415.9321
2021-07-26;21.106049;0.7525533;0.010050456;754.2835;1.4057827;183.60059;0.0;-7.3453654e-25;99.99998;-7.345365e-21;0.0008583069;-0.91437435;4.4703484e-05;0.56657195;0.56652725;0.0;0.0;6732.093;8185.0293;-3345.1812;7141.021;-635.18445;-2391.7822
2021-07-27;20.975159;-0.7751058;0.00990804;751.3828;1.4266275;204.86772;0.0;-7.3453654e-25;99.99998;-7.345365e-21;0.0;-0.889821;0.0;0.55629015;0.55629015;0.0;0.0;6664.479;8101.0884;-3401.7844;7045.4565;-618.1289;-2320.8333
2021-07-28;19.670675;1.3094076;0.010117848;748.24023;1.5250721;85.195854;0.0;-7.3453654e-25;99.99998;-7.345365e-21;0.0022679567;-0.85353667;8.940697e-05;0.5464256;0.5463287;0.0;0.0;6417.641;7799.1895;-3182.5244;7224.2046;-592.92334;-2298.3389
2021-07-29;17.825602;5.976888;0.009862264;749.22894;2.1116085;43.907703;0.0;-7.3453654e-25;99.99998;-7.345365e-21;0.002146251;-0.7369108;0.00010430813;0.5367845;0.5366951;0.0;0.0;6265.4985;7612.6973;-3005.146;7136.953;-511.90778;-2609.2844
2021-07-30;17.871704;4.266561;0.009621938;749.23834;1.2990887;44.012035;0.0;-7.3453654e-25;99.99998;-7.345365e-21;0.06479919;-0.72448885;0.0031590462;0.53055584;0.52738935;0.0;0.0;5668.153;6885.599;-2717.5002;7407.3237;-503.27777;-2192.4111
2021-07-31;17.906363;4.146006;0.010028839;750.2209;1.0983449;85.11746;0.0;-7.3453654e-25;99.99998;-7.345365e-21;0.41160092;-0.8647358;0.020161271;0.53855777;0.51838905;0.0;0.0;5397.9785;6555.705;-2560.9912;7602.642;-600.7022;-2003.1222
2021-08-01;17.155203;6.1090493;0.010124207;751.04865;1.1504474;89.73188;0.0;-7.3453654e-25;99.99998;-7.345365e-21;0.5970627;-0.84652376;0.029057264;0.5387813;0.5097166;0.0;0.0;4789.924;5815.8438;-2376.7593;7628.717;-588.05225;-1733.5056
2021-08-02;15.707794;9.225301;0.009593964;751.3164;1.2882053;50.68691;0.0;-7.3453654e-25;99.99998;-7.345365e-21;18.851036;-1.261631;1.311481;1.8128753;0.5013943;0.0;0.0;5043.2676;6122.3394;-2072.1921;7774.0757;-876.4133;-2006.7533
2021-08-03;16.221527;7.606425;0.009763082;752.6445;1.4546374;41.647152;0.0;-7.3453654e-25;99.99998;-7.345365e-21;0.061784025;-3.6589503;0.003412366;0.4967898;0.49337745;0.0;0.0;5651.8184;6859.575;-2132.7334;7336.161;-2541.7512;-1142.0089
2021-08-04;17.146616;5.2342324;0.010064443;754.18335;1.4210405;43.734905;0.0;-7.3453654e-25;99.99998;-7.345365e-21;0.057846308;-3.5811281;0.0031888485;0.48866868;0.48546493;0.0;0.0;6180.645;7499.5977;-2407.8694;7147.713;-2487.6912;-1239.82
2021-08-05;17.821218;4.4361367;0.010269165;753.48224;1.4483794;46.97336;0.0;-7.3453654e-25;99.99998;-7.345365e-21;0.0123381615;-3.2404642;0.0006109476;0.47826767;0.47764927;0.0;0.0;6186.4116;7504.935;-2460.071;7198.1367;-2251.0422;-1309.4323
2021-08-06;17.940134;4.82135;0.00983429;751.7972;1.2137783;66.880486;0.0;-7.3453654e-25;99.99998;-7.345365e-21;0.7253796;-2.6899958;0.036239624;0.50625205;0.47002733;0.0;0.0;5787.291;7019.2876;-2309.81;7460.972;-1868.65;-1366.4989
2021-08-07;17.512299;4.378947;0.009961446;751.6345;1.3495735;107.87522;0.0;-7.3453654e-25;99.99998;-7.345365e-21;0.058311224;-2.2656136;0.0027865171;0.46545267;0.46265125;0.0;0.0;5390.3525;6536.335;-2243.7888;7478.126;-1573.8467;-1466.26
2021-08-08;17.798086;2.19221;0.010014852;753.52716;1.4494618;117.01377;0.0;-7.3453654e-25;99.99998;-7.345365e-21;0.010175675;-1.8030666;0.0004172325;0.45590103;0.4554838;0.0;0.0;5225.4297;6334.9194;-2370.8816;7304.4453;-1252.53;-1518.2622
2021-08-09;18.505472;-0.59458417;0.009894053;753.47076;1.517733;121.66373;0.0;-7.3453654e-25;99.99998;-7.345365e-21;0.00085234636;-1.7457604;5.9604645e-05;0.44843554;0.44839084;0.0;0.0;6434.8564;7799.2954;-2932.836;6924.5513;-1212.7211;-2055.9377
2021-08-10;18.053305;-1.8781229;0.00987498;751.5634;1.3360301;139.94403;0.0;-7.3453654e-25;99.99998;-7.345365e-21;0.0;-1.3487227;0.0;0.4414022;0.44139475;0.0;0.0;6611.714;8011.9194;-3256.2966;6633.8545;-936.9133;-2174.7988
2021-08-11;17.364054;-1.9286398;0.010005951;751.70795;1.3327707;140.39952;0.0;-7.3453654e-25;99.99998;-7.345365e-21;0.001707026;-1.0212753;8.940697e-05;0.43463707;0.43456256;0.0;0.0;6352.0386;7695.569;-3049.8728;6816.0776;-709.44556;-2352.3523
2021-08-12;16.527212;0.49801636;0.00976181;753.2363;1.0246218;112.848946;0.0;-7.3453654e-25;99.99998;-7.345365e-21;0.53540206;-0.9352565;0.026375055;0.4543364;0.42796135;0.0;0.0;5574.5815;6752.0903;-2714.7917;7099.5454;-649.6911;-2043.9434
2021-08-13;17.602255;-2.3247986;0.0097465515;753.17065;1.2783461;121.19299;0.0;-7.3453654e-25;99.99998;-7.345365e-21;0.0008583069;-1.1110567;4.4703484e-05;0.42152405;0.4214868;0.0;0.0;6481.255;7848.493;-3237.0088;6722.8813;-771.81335;-2214.0823
2021-08-14;17.658792;-1.8084005;0.010134379;751.3147;1.5200547;103.29413;0.0;-7.3453654e-25;99.99998;-7.345365e-21;0.017659713;-0.8972529;0.0006556511;0.4157424;0.41508675;0.0;0.0;6043.164;7316.3467;-2969.8887;6981.2173;-623.29224;-2186.7134
2021-08-15;17.461395;1.8475952;0.009902954;750.9995;1.349331;62.852753;0.0;-7.3453654e-25;99.99998;-7.345365e-21;0.011846423;-0.8015502;0.0004172325;0.4092902;0.4088655;0.0;0.0;5719.073;6922.565;-2827.0457;7148.319;-556.81;-2104.45
2021-08-16;18.26414;0.65167236;0.009531657;751.1045;1.3770045;103.91312;0.0;-7.3453654e-25;99.99998;-7.345365e-21;0.0020921226;-0.8513313;8.940697e-05;0.4028529;0.4027635;0.0;0.0;6203.013;7507.3374;-3067.5278;7034.811;-591.3911;-2233.0933
2021-08-17;18.052338;0.7729289;0.010087331;751.4559;1.2192675;86.96989;0.0;-7.3453654e-25;99.99998;-7.345365e-21;0.0004351138;-0.7744441;1.4901161e-05;0.39678812;0.39676577;0.0;0.0;5781.3564;6996.201;-2954.7437;7095.832;-537.98;-2061.4578
2021-08-18;18.500875;0.064463295;0.009766896;750.69116;1.2322477;107.74076;0.0;-7.3453654e-25;99.99998;-7.345365e-21;0.002157688;-0.7305778;0.00011920929;0.39106607;0.39095432;0.0;0.0;5506.055;6662.2695;-2877.7258;7120.1577;-507.50778;-1922.6544
2021-08-19;17.853281;-1.3085734;0.009689331;749.8096;1.5609798;165.81262;0.0;-7.3453654e-25;99.99998;-7.345365e-21;0.0008495493;-0.75202435;4.4703484e-05;0.38531423;0.38526952;0.0;0.0;6298.795;7620.547;-3182.7834;6780.562;-522.4067;-2420.5244
2021-08-20;16.906677;-1.3455505;0.009807587;751.1352;1.1895531;150.68637;0.0;-7.3453654e-25;99.99998;-7.345365e-21;0.0017225739;-0.71531534;8.940697e-05;0.3798008;0.37970394;0.0;0.0;6162.376;7454.709;-3113.4302;6773.079;-496.90555;-2364.7488
2021-08-21;16.561615;0.79471844;0.009953816;753.3142;0.88629;45.80214;0.0;-7.3453654e-25;99.99998;-7.345365e-21;0.24208724;-0.7030107;0.011667609;0.38596988;0.37431717;0.0;0.0;5144.239;6222.2666;-2590.86;7284.6665;-488.3578;-1860.7
2021-08-22;18.203165;-3.147705;0.010040283;754.03516;1.2410322;124.60122;0.0;-7.3453654e-25;99.99998;-7.345365e-21;0.00042617318;-0.77817494;1.4901161e-05;0.36905706;0.36902726;0.0;0.0;5620.9814;6798.118;-2969.6848;6993.9653;-540.5722;-1921.7933
2021-08-23;18.089865;-3.371236;0.009862264;754.1364;1.0535301;119.55328;0.0;-7.3453654e-25;99.99998;-7.345365e-21;0.026676059;-0.6965371;0.0012814999;0.36515296;0.36385655;0.0;0.0;5513.91;6667.7646;-2933.8533;6998.301;-483.8611;-1883.91
2021-08-24;19.219849;-2.7572124;0.009991963;753.9941;1.8052205;153.2721;0.0;-7.3453654e-25;99.99998;-7.345365e-21;0.003139591;-0.6719753;0.00013411045;0.35895407;0.35881996;0.0;0.0;5640.0864;6819.542;-2956.2957;7018.1646;-466.7989;-2025.9489
2021-08-25;18.342285;-2.587677;0.010050456;754.1241;1.3230795;216.11928;0.0;-7.3453654e-25;99.99998;-7.345365e-21;0.00259615;-0.6761197;0.00011920929;0.353992;0.35388768;0.0;0.0;6200.8657;7496.698;-3387.5818;6491.7856;-469.67776;-2218.3923
2021-08-26;17.962503;-5.599508;0.009951274;753.86017;1.3290739;129.97893;0.0;-7.3453654e-25;99.99998;-7.345365e-21;0.0012934206;-0.68179333;5.9604645e-05;0.3490597;0.3490001;0.0;0.0;6181.4365;7472.287;-3443.349;6435.9043;-473.6189;-2080.0188
2021-08-27;18.834604;-4.1144204;0.009894053;754.6404;1.0935564;85.29633;0.0;-7.3453654e-25;99.99998;-7.345365e-21;0.0018213068;-0.7102061;8.940697e-05;0.34429133;0.34420937;0.0;0.0;5920.719;7156.2285;-3200.005;6902.9155;-493.35666;-1872.0712
2021-08-28;19.452505;-1.1996561;0.009883881;754.1985;1.2787489;58.218857;0.0;-7.3453654e-25;99.99998;-7.345365e-21;0.00042617318;-0.6721821;1.4901161e-05;0.33953786;0.33950806;0.0;0.0;5623.965;6796.781;-3000.9321;7181.8335;-466.94223;-1846.5155
2021-08-29;19.701202;-2.7515972;0.0097796125;752.8637;0.9740518;74.952156;0.0;-7.3453654e-25;99.99998;-7.345365e-21;0.0030126593;-0.6466694;0.00013411045;0.3350675;0.3349334;0.0;0.0;5295.0073;6398.5703;-2950.43;7218.876;-449.22;-1654.1256
2021-08-30;20.16868;-4.313497;0.0100034075;754.0535;1.29838;167.81813;0.0;-7.3453654e-25;99.99998;-7.345365e-21;0.00044107434;-0.6772894;2.9802322e-05;0.33047795;0.33044815;0.0;0.0;5854.4814;7073.59;-3193.0134;7002.122;-470.49;-1929.97
2021-08-31;19.302673;-3.5494282;0.009774526;754.6302;1.4800448;197.33124;0.0;-7.3453654e-25;99.99998;-7.345365e-21;0.0004351138;-0.6224634;1.4901161e-05;0.3260821;0.3260523;0.0;0.0;5897.7983;7125.158;-3291.4084;6717.0405;-432.40445;-2085.0889
2021-09-01;18.49883;-5.683348;0.0100364685;753.8798;1.4565657;224.84004;0.0;-7.3453654e-25;99.99998;-7.345365e-21;0.0008523463;-0.6068498;4.4703484e-05;0.32180548;0.32176077;0.0;0.0;6000.628;7248.5186;-3446.6672;6408.5923;-421.5589;-2000.3167
2021-09-02;18.183472;-1.047048;0.009663899;751.11615;1.8144722;239.5114;0.0;-7.3453654e-25;99.99998;-7.345365e-21;0.0017190733;-0.53845346;8.195639e-05;0.31767786;0.3175959;0.0;0.0;5527.509;6676.2583;-2973.861;6797.8984;-374.04443;-2155.3367
2021-09-03;15.883098;-2.366618;0.009863536;749.51044;1.375348;207.59816;0.0;-7.3453654e-25;99.99998;-7.345365e-21;0.0042878254;-0.5357638;0.00020861626;0.31369925;0.31351298;0.0;0.0;5821.2134;7030.1133;-3155.914;6422.129;-372.17667;-2236.09
2021-09-04;14.931152;-1.6779276;0.009986877;751.1617;1.3016597;125.19364;0.0;-7.3453654e-25;99.99998;-7.345365e-21;0.0;-0.5354304;0.0;0.30952692;0.30949712;0.0;0.0;5476.141;6612.614;-2926.2522;6658.6313;-371.94666;-2200.3389
2021-09-05;14.965637;-6.542816;0.009894053;752.04584;1.1985768;177.74165;0.0;-7.3453654e-25;99.99998;-7.345365e-21;0.0;-0.5414598;0.0;0.3055781;0.30558556;0.0;0.0;5795.004;6996.71;-3357.6936;6098.844;-376.13443;-2062.56
2021-09-06;15.706471;-7.2919006;0.01007843;753.118;1.3054972;194.92284;0.0;-7.3453654e-25;99.99998;-7.345365e-21;0.001720101;-0.5371496;8.940697e-05;0.30180812;0.3017336;0.0;0.0;5731.836;6919.6655;-3309.73;6168.5845;-373.1389;-1965.2391
2021-09-07;15.833537;-3.3921916;0.009821574;755.15405;1.3259152;125.28419;0.0;-7.3453654e-25;99.99998;-7.345365e-21;0.0;-0.52592343;0.0;0.29796362;0.29796362;0.0;0.0;5498.948;6637.6816;-3005.3022;6552.65;-365.34113;-1990.0734
2021-09-08;15.8967085;-2.5042317;0.0098177595;754.3604;1.3231102;96.32633;0.0;-7.3453654e-25;99.99998;-7.345365e-21;0.0004351138;-0.54496527;2.9802322e-05;0.29426813;0.29425323;0.0;0.0;5568.128;6720.2505;-3088.9888;6551.859;-378.56888;-1936.8711
2021-09-09;16.00708;-0.25442505;0.009899139;752.80804;1.2837161;96.730896;0.0;-7.3453654e-25;99.99998;-7.345365e-21;0.00084683904;-0.5249679;4.4703484e-05;0.29064715;0.2906099;0.0;0.0;5312.543;6411.1104;-2926.1396;6736.937;-364.67776;-1871.8156
2021-09-10;16.066813;-1.6793518;0.010172526;752.6592;1.2076992;115.49116;0.0;-7.3453654e-25;99.99998;-7.345365e-21;0.0;-0.5313791;0.0;0.28705597;0.28704107;0.0;0.0;5463.3184;6592.332;-3090.0405;6542.9023;-369.13223;-1905.2089
2021-09-11;15.711101;-5.4488626;0.010241191;750.83154;1.3110945;156.92613;0.0;-7.3453654e-25;99.99998;-7.345365e-21;0.0;-0.50348604;0.0;0.2835542;0.28356165;0.0;0.0;5532.5024;6675.0117;-3283.246;6192.717;-349.75446;-1899.4978
2021-09-12;14.976766;-4.964203;0.009883881;750.2137;1.1423014;150.43166;0.0;-7.3453654e-25;99.99998;-7.345365e-21;0.0;-0.4921453;0.0;0.28017163;0.28014928;0.0;0.0;5497.301;6631.758;-3291.5479;6090.1567;-341.87668;-1854.7289
2021-09-13;14.265157;-2.3574116;0.010063171;750.5909;1.2426194;121.07293;0.0;-7.3453654e-25;99.99998;-7.345365e-21;0.0021517272;-0.4759729;0.00010430813;0.27690828;0.27681142;0.0;0.0;5405.964;6520.798;-3135.4458;6219.898;-330.64334;-1886.32
2021-09-14;14.853923;-3.3989766;0.009770711;752.17096;1.1487267;147.46605;0.0;-7.3453654e-25;99.99998;-7.345365e-21;0.0008523463;-0.48891082;4.4703484e-05;0.27357042;0.27354062;0.0;0.0;5406.9023;6521.1426;-3277.615;6102.7715;-339.62888;-1749.4144
2021-09-15;14.927104;-7.8689065;0.009885152;752.37775;1.2241882;167.2044;0.0;-7.3453654e-25;99.99998;-7.345365e-21;0.0017225739;-0.4788302;8.940697e-05;0.27041137;0.27033687;0.0;0.0;5441.685;6562.31;-3412.9639;5873.0063;-332.62668;-1684.6211
2021-09-16;13.58252;-5.2566123;0.009864807;751.1357;1.201486;245.42749;0.0;-7.3453654e-25;99.99998;-7.345365e-21;0.0017225739;-0.44546837;8.940697e-05;0.26728213;0.26719272;0.0;0.0;5307.7954;6395.2666;-3144.2004;6038.0913;-309.4522;-1860.4789
2021-09-17;11.956482;-4.694651;0.009888967;750.7078;1.3004719;166.32614;0.0;-7.3453654e-25;99.99998;-7.345365e-21;0.0008595242;-0.4177559;2.9802322e-05;0.2641678;0.26413053;0.0;0.0;5230.876;6297.0815;-3033.1511;6013.324;-290.2011;-1986.5858
2021-09-18;11.75771;-3.4449666;0.010369618;751.9814;1.1730517;149.35458;0.0;-7.3453654e-25;99.99998;-7.345365e-21;0.0007748604;-0.414622;2.9802322e-05;0.26115775;0.2611354;0.0;0.0;5093.4463;6126.2256;-2859.8386;6218.8545;-288.02335;-1918.4689
2021-09-19;12.874675;-3.580495;0.0099436445;753.2889;1.1459914;188.24329;0.0;-7.3453654e-25;99.99998;-7.345365e-21;0.00042987103;-0.43758658;2.9802322e-05;0.25820732;0.25817752;0.0;0.0;5132.6904;6168.1104;-2959.1882;6227.601;-303.9761;-1801.0911
2021-09-20;13.215851;-3.4779968;0.009976705;752.9438;1.2240661;124.415794;0.0;-7.3453654e-25;99.99998;-7.345365e-21;0.0015497208;-0.43478328;7.4505806e-05;0.2553314;0.25526434;0.0;0.0;5019.8755;6027.298;-2870.2847;6364.0522;-302.03;-1748.1578
2021-09-21;13.73233;-3.764516;0.010063171;752.5175;1.17006;113.9827;0.0;-7.3453654e-25;99.99998;-7.345365e-21;0.0008523463;-0.44877827;2.9802322e-05;0.25245547;0.25241077;0.0;0.0;5032.348;6037.0073;-2914.9756;6379.6787;-311.75;-1705.0588
2021-09-22;12.910481;-5.675354;0.010082245;748.9536;1.3977722;154.62679;0.0;-7.3453654e-25;99.99998;-7.345365e-21;0.0008523463;-0.41698572;4.4703484e-05;0.24962425;0.24959445;0.0;0.0;5059.9595;6064.8364;-2979.9138;6151.5044;-289.66666;-1825.0056
2021-09-23;11.675954;-2.575246;0.010023753;748.0183;1.6978011;225.183;0.0;-7.3453654e-25;99.99998;-7.345365e-21;0.0012814989;-0.29792356;5.9604645e-05;0.24697185;0.24691224;0.0;0.0;4107.0166;4918.4863;-2306.5955;6539.322;-206.95667;-1745.2267
2021-09-24;9.537608;1.5484009;0.010175069;748.7864;1.7453332;203.50732;0.0;-7.3453654e-25;99.99998;-7.345365e-21;3.5975428;-0.5520582;0.19373745;0.43812394;0.24437904;0.0;0.0;3502.1755;4190.6455;-1713.9362;6929.6235;-383.49667;-1550.1455
2021-09-25;8.811666;-0.39692178;0.009667714;751.7546;1.4445152;202.43884;0.0;-7.3453654e-25;99.99998;-7.345365e-21;0.2640631;-1.2383275;0.012382865;0.2542734;0.241898;0.0;0.0;4347.912;5197.8276;-2173.5671;6432.7734;-860.2244;-1661.3778
2021-09-26;10.858154;-5.535807;0.010027568;753.5127;1.1045824;77.51344;0.0;-7.3453654e-25;99.99998;-7.345365e-21;0.0004231929;-1.1290759;1.4901161e-05;0.23937225;0.2393499;0.0;0.0;4976.7524;5944.4746;-2957.2478;5771.2954;-784.3322;-1241.4802
2021-09-27;12.734192;-6.9029846;0.009819031;750.96136;1.1245962;161.02571;0.0;-7.3453654e-25;99.99998;-7.345365e-21;0.0;-0.9862408;0.0;0.23680925;0.23679435;0.0;0.0;4942.1797;5898.08;-2966.145;5883.9814;-685.1089;-1247.7755
2021-09-28;11.331563;-8.235748;0.009980519;750.6428;1.1317723;248.32066;0.0;-7.3453654e-25;99.99998;-7.345365e-21;0.0025808804;-0.73211825;0.00011920929;0.23442507;0.23430586;0.0;0.0;4903.9165;5847.3613;-2951.1367;5759.221;-508.5789;-1539.3931
2021-09-29;9.946553;-4.076548;0.010045369;751.564;1.2193726;122.897156;0.0;-7.3453654e-25;99.99998;-7.345365e-21;0.60546696;-0.6376095;0.028580427;0.2604723;0.23189187;0.0;0.0;4491.327;5350.7944;-2499.5422;6159.79;-442.92557;-1597.3545
2021-09-30;10.4714155;-3.948283;0.009741466;751.18256;1.303164;138.69786;0.0;-7.3453654e-25;99.99998;-7.345365e-21;0.0025212765;-0.64170456;0.00011920929;0.2296567;0.22953749;0.0;0.0;4552.174;5418.5376;-2599.1948;6110.485;-445.77112;-1539.2644
2021-10-01;10.150299;-3.4132488;0.010025024;752.85724;1.1584946;160.93626;0.0;-7.3453654e-25;99.99998;-7.345365e-21;0.0017225739;-0.49705988;8.940697e-05;0.22727251;0.22720546;0.0;0.0;4210.008;5006.872;-2425.178;6222.338;-345.2911;-1504.2944
2021-10-02;10.541412;-2.7998047;0.010110219;754.08;1.0680374;108.98324;0.0;-7.3453654e-25;99.99998;-7.345365e-21;0.00085844065;-0.5146898;4.4703484e-05;0.22494793;0.22490323;0.0;0.0;4430.357;5264.4688;-2590.2278;6222.421;-357.53778;-1396.7491
2021-10-03;12.054667;-2.7102458;0.009988149;752.63666;1.69812;143.79277;0.0;-7.3453654e-25;99.99998;-7.345365e-21;0.6259382;-0.57103765;0.028192997;0.25084615;0.22266805;0.0;0.0;3785.5027;4494.4473;-2258.8523;6517.8394;-396.68112;-1157.2245
2021-10-04;9.74528;-2.9975586;0.010016124;750.3894;1.132223;199.09761;0.0;-7.3453654e-25;99.99998;-7.345365e-21;0.0;-0.46291763;0.0;0.22047758;0.22049248;0.0;0.0;4281.678;5079.0645;-2600.5688;5966.58;-321.57388;-1545.6934
2021-10-05;7.120687;-8.765106;0.009827931;749.84686;1.2449247;180.17725;0.0;-7.3453654e-25;99.99998;-7.345365e-21;0.0008523463;-0.4177708;4.4703484e-05;0.21837652;0.21833181;0.0;0.0;4665.6367;5529.7524;-2879.6233;5428.5195;-290.21112;-1751.1433
2021-10-06;6.1240335;-9.332896;0.009930928;750.22955;1.3279227;154.4062;0.0;-7.3453654e-25;99.99998;-7.345365e-21;0.0008583069;-0.3489945;4.4703484e-05;0.21624565;0.21621585;0.0;0.0;4464.5225;5286.8545;-2675.4536;5496.8457;-242.43445;-1810.4956
2021-10-07;5.4658713;-6.2422385;0.009955089;752.76294;1.1811442;82.37832;0.0;-7.3453654e-25;99.99998;-7.345365e-21;0.00043213367;-0.36239251;1.4901161e-05;0.21415949;0.21412969;0.0;0.0;4493.0425;5315.75;-2642.919;5634.189;-251.74222;-1679.8933
2021-10-08;7.1799827;-4.6295266;0.009896596;754.0954;1.1666164;80.08303;0.0;-7.3453654e-25;99.99998;-7.345365e-21;0.0;-0.3729444;0.0;0.21207333;0.21207333;0.0;0.0;4552.083;5381.1343;-2855.7698;5547.964;-259.07333;-1437.9978
2021-10-09;8.658101;-5.4370117;0.010009766;755.41064;1.1174349;77.68968;0.0;-7.3453654e-25;99.99998;-7.345365e-21;0.0;-0.37954932;0.0;0.21001697;0.21000206;0.0;0.0;4472.43;5282.6143;-2855.7056;5668.074;-263.66;-1301.7012
2021-10-10;9.621266;-8.161693;0.010075887;755.36835;1.1621724;82.23947;0.0;-7.3453654e-25;99.99998;-7.345365e-21;0.0;-0.38964954;0.0;0.2079755;0.20799041;0.0;0.0;4482.391;5289.8564;-2961.2656;5647.3057;-270.67667;-1195.8589
2021-10-11;9.6658325;-8.8056135;0.010060628;754.1904;1.1064337;78.766075;0.0;-7.3453654e-25;99.99998;-7.345365e-21;0.00086457503;-0.37148222;2.9802322e-05;0.20602345;0.20599365;0.0;0.0;4381.737;5166.664;-2878.9912;5723.5874;-258.05667;-1213.4967
2021-10-12;10.586711;-8.824626;0.009979248;753.1477;1.1585246;152.75276;0.0;-7.3453654e-25;99.99998;-7.345365e-21;0.0008523463;-0.35996735;4.4703484e-05;0.2040565;0.20401925;0.0;0.0;4353.8145;5129.36;-2732.0955;5957.469;-250.05779;-1255.1489
2021-10-13;8.543488;-2.087209;0.009970347;754.7893;1.0976473;238.7546;0.0;-7.3453654e-25;99.99998;-7.345365e-21;0.34049153;-0.27550477;0.015616417;0.21776557;0.20216405;0.0;0.0;3132.3345;3687.3088;-1959.0734;6406.379;-191.38333;-1147.8689
2021-10-14;10.220038;-2.16184;0.010130509;757.45624;0.96297556;165.93001;0.0;-7.345365e-25;99.99999;-7.345365e-21;0.0074463906;-0.39337668;0.0003427267;0.20065904;0.20032376;0.0;0.0;3986.994;4689.2;-2396.9744;6227.082;-273.26556;-1264.8411
2021-10-15;10.642598;-1.6463623;0.010031383;756.76953;1.1255149;106.5689;0.0;-7.3453654e-25;99.99998;-7.345365e-21;0.21162927;-0.40119234;0.009462237;0.2079457;0.19848347;0.0;0.0;3722.7795;4374.7476;-2200.7217;6447.9043;-278.69556;-1220.15
2021-10-16;10.906993;-2.1846619;0.0099817915;753.4476;1.209303;198.15779;0.0;-7.3453654e-25;99.99998;-7.345365e-21;0.027269125;-0.39112753;0.0008940697;0.1975894;0.19668043;0.0;0.0;3987.0222;4683.7437;-2475.9329;6160.4956;-271.70334;-1246.8256
2021-10-17;8.271098;-6.291433;0.009913127;750.6721;1.3674511;162.0111;0.0;-7.3453654e-25;99.99998;-7.345365e-21;0.0017106531;-0.34151226;8.940697e-05;0.1949668;0.19489229;0.0;0.0;4184.887;4914.671;-2799.895;5558.8867;-237.23778;-1369.9055
2021-10-18;5.74233;-2.4295857;0.009984334;750.9495;1.0680087;240.69173;0.0;-7.3453654e-25;99.99998;-7.345365e-21;1.0956585;-0.3821114;0.05438924;0.24756789;0.1931712;0.0;0.0;3349.7805;3932.8345;-1956.7222;6194.4326;-265.44;-1274.6633
2021-10-19;4.7018228;-1.0219523;0.009799957;751.7934;1.0186442;153.80594;0.0;-7.3453654e-25;99.99998;-7.345365e-21;0.5145252;-0.5535912;0.023305416;0.21484494;0.19153208;0.0;0.0;3238.547;3800.979;-1906.9672;6212.943;-384.5611;-1217.8345
2021-10-20;2.8229167;-0.7554016;0.010002136;752.94635;1.0303208;83.82626;0.0;-7.3453654e-25;99.99998;-7.345365e-21;4.478484;-0.5823011;0.25710464;0.44701993;0.1899153;0.0;0.0;3196.8906;3750.811;-1761.4811;6202.0454;-404.50555;-1265.23
2021-10-21;3.598592;-4.140035;0.009966533;755.96686;1.116639;45.6201;0.0;-7.3453654e-25;99.99998;-7.345365e-21;0.0718534;-0.9897137;0.0034570694;0.19176304;0.18831342;0.0;0.0;3767.5806;4418.8677;-2402.2383;5462.28;-687.5211;-1056.0588
2021-10-22;4.720693;-8.368733;0.010032654;755.3608;1.0918064;67.19804;0.0;-7.3453654e-25;99.99998;-7.345365e-21;0.0017195934;-0.83772;8.195639e-05;0.18677115;0.1867041;0.0;0.0;4045.1807;4743.169;-2634.6123;5206.86;-581.93665;-882.2256
2021-10-23;4.1016235;-7.980223;0.009894053;752.99756;0.9908088;101.98992;0.0;-7.3453654e-25;99.99998;-7.345365e-21;0.042656064;-0.68346876;0.0018328428;0.18693507;0.18510967;0.0;0.0;3307.4795;3877.0273;-2100.0605;5729.7065;-474.78333;-809.26556
2021-10-24;5.060272;-9.886753;0.009867351;752.56885;0.938659;182.40083;0.0;-7.3453654e-25;99.99998;-7.345365e-21;0.0;-0.73471665;0.0;0.1835376;0.18354505;0.0;0.0;3963.7139;4644.758;-2668.1162;5173.46;-510.38333;-835.24445
2021-10-25;4.8312783;-10.678772;0.010077159;751.65045;1.0767232;150.96043;0.0;-7.3453654e-25;99.99998;-7.345365e-21;0.0042928103;-0.61255974;0.0001937151;0.1821816;0.18198788;0.0;0.0;3894.2117;4561.899;-2441.5288;5348.3896;-425.52444;-973.9411
2021-10-26;3.1628215;-6.362986;-2.615738;753.0893;1.0262074;107.55161;0.091552734;1.41859055e-05;137.77113;-7.345365e-21;0.5868852;-0.49570575;0.026330352;0.20682812;0.18049031;0.0054836273;0.02187118;2638.55;3093.0156;-1594.2578;6222.6177;-344.36057;-895.81445
2021-10-27;1.8497518;-4.8559785;-6.476175;754.393;0.92391014;72.44226;0.09326172;1.41859055e-05;150.53123;-7.345365e-21;1.1714876;-0.6342875;0.05504489;0.23409724;0.1790449;0.004446134;0.0;3247.926;3805.1455;-2010.6705;5661.6523;-440.62054;-934.7789
2021-10-28;3.1373901;-3.7268665;-4.636584;753.54193;0.88365453;108.54519;0.065104164;9.973844e-06;150.53123;-7.345365e-21;0.4516244;-0.62479264;0.021398067;0.19901991;0.17761439;0.0041853637;0.0;3083.399;3610.4055;-1709.75;6092.3735;-434.02335;-826.19556
2021-10-29;3.8169758;-1.3393618;-1.5489006;753.7337;0.89491796;230.35468;0.042561848;6.67572e-06;150.53123;-7.345365e-21;1.5308857;-0.6634891;0.072687864;0.2489239;0.17622858;0.0030100346;0.0;2272.7944;2660.2844;-1162.95;6720.847;-460.90555;-721.99225
2021-10-30;4.0057373;0.39118448;-1.4677111;757.6067;0.8640167;107.97766;0.027669271;4.45048e-06;150.53123;-7.345365e-21;10.767567;-0.9348495;0.68451464;0.85939467;0.17488003;0.0025238842;0.0;2437.0027;2851.081;-1098.2328;6792.987;-649.4089;-741.1433
2021-10-31;5.390452;3.333079;-0.46195856;758.80585;0.73916465;167.50082;0.016845703;2.503395e-06;150.53123;-7.345365e-21;9.762258;-0.8986471;0.7070899;0.8806586;0.17357618;0.0016503036;0.0;1595.8806;1866.0656;-707.6628;7254.088;-624.26;-342.7811
2021-11-01;5.8961487;2.0742595;-1.9547476;757.5805;0.6856243;207.24211;0.008219401;1.2715658e-06;150.53123;-7.345365e-21;0.80627203;-1.0453519;0.058799982;0.23108721;0.17227978;0.0009275973;0.0;2163.5234;2529.0078;-1149.1222;6850.842;-726.17053;-500.15445
2021-11-02;6.017344;2.4969075;-0.96158856;754.64307;0.81027174;241.12944;0.0035807292;4.3710074e-07;150.53123;-7.345365e-21;5.812898;-1.02292;0.45587122;0.62684715;0.17096847;0.0004582107;0.0;2707.4966;3164.06;-1287.7583;6790.894;-710.5883;-639.36
2021-11-03;5.1921387;2.7737427;-1.9413668;753.51495;0.82505685;139.18007;0.001953125;-7.3453654e-25;150.53123;-7.345365e-21;6.6344204;-1.1842092;0.5644411;0.7341206;0.16969442;0.00022165477;0.0;2686.1177;3137.9268;-1536.1655;6465.8926;-822.63;-581.93335
2021-11-04;4.224813;0.3536377;-2.7136867;755.13336;1.4697003;29.75582;0.0007324219;-7.3453654e-25;150.53123;-7.345365e-21;0.057554245;-1.1792862;0.0036209822;0.1720488;0.16843528;0.00010058284;0.0;2615.6033;3054.4377;-1344.2383;6524.7065;-819.2106;-605.80554
2021-11-05;4.1927185;-0.39374796;-3.870697;755.6557;1.8170935;32.59256;0.0;-7.3453654e-25;148.85284;-7.345365e-21;0.017288327;-1.2002848;0.001065433;0.16823411;0.16716868;4.4703484e-05;0.0;2846.2695;3322.6768;-1713.5083;6118.246;-833.7978;-669.4978
2021-11-06;2.365794;-3.5817668;-6.918508;753.6324;1.6708473;27.372131;0.00056966144;-7.3453654e-25;145.9352;-7.345365e-21;0.0006496906;-1.1804309;4.4703484e-05;0.16595423;0.16590953;0.00012665987;0.00021606684;3251.494;3794.659;-2128.1138;5410.2847;-820.00555;-708.3711
2021-11-07;2.0398762;-7.136088;-8.865155;752.37665;1.4444062;25.506292;0.0;-7.3453654e-25;150.21873;-7.345365e-21;0.0017203701;-1.0976586;0.00011175871;0.16479194;0.16467273;5.2154064e-05;0.0;3440.9321;4014.6067;-2456.3232;4933.7256;-762.50555;-512.50665
2021-11-08;2.7111309;-10.116048;-8.639018;753.92334;0.9358434;60.615246;0.0;-7.3453654e-25;150.21873;-7.345365e-21;0.0017093198;-0.97712034;0.00011920929;0.16357005;0.16345829;2.7939677e-05;0.0;3411.324;3978.85;-2380.061;5027.9355;-678.7733;-396.67557
2021-11-09;3.4563599;-6.33476;-7.4526863;755.044;0.923935;184.7099;0.0;-7.3453654e-25;150.21873;-7.345365e-21;0.0017069387;-0.9378465;0.00011920929;0.16236305;0.16225874;1.8626451e-05;0.0;3275.1877;3818.881;-2122.4033;5399.6587;-651.4911;-421.67667
2021-11-10;3.155426;-3.4980671;-7.5187697;751.0144;0.81811;187.90503;0.0;-7.3453654e-25;122.398094;-7.345365e-21;0.0016983158;-0.8127196;0.00011920929;0.16118586;0.16108155;5.5879354e-06;0.0;3132.835;3651.7888;-1931.8955;5608.9434;-564.5689;-553.67
2021-11-11;-0.42459106;-3.841634;-5.88798;749.8696;1.2635436;34.5144;1.8936361;0.0003083547;135.18553;1.7089844;2.6338096;-0.6753523;0.13323128;0.29315054;0.15994161;0.0061430037;0.6855652;2112.6729;2466.6377;-1327.5511;5993.55;-469.0889;-525.74225
2021-11-12;-0.92070514;-6.4061027;-8.222909;750.8843;1.6083881;27.283213;4.5992026;0.00069316226;150.78839;4.8828125;0.04718839;-0.7884307;0.0035986304;0.16242266;0.15882403;0.04162453;0.043753535;2583.8389;3107.8445;-1796.4211;5364.5854;-548.4422;-649.1589
2021-11-13;1.811676;-7.213839;-9.587799;754.844;0.9474666;68.30637;4.212484;0.0006320874;150.92772;4.1910806;0.0017136326;-0.7052375;0.0071153045;0.16483665;0.15771389;0.08372776;0.0;3140.3088;3762.9045;-2274.4604;4981.799;-490.03888;-355.79333
2021-11-14;3.0193279;-9.034352;-9.224351;755.34863;1.0267636;47.796055;3.5911458;0.0005381505;150.9632;3.2958984;0.0012844794;-0.68798476;0.00834465;0.16495585;0.1566112;0.097544864;0.0;3170.9873;3780.0256;-2299.2244;5024.868;-478.1089;-239.31111
2021-11-15;3.1354878;-8.163798;-6.034593;751.0491;0.8973598;189.85933;2.9305012;0.00043825308;150.99803;2.9296875;0.0004351138;-0.5677203;0.008434057;0.16397238;0.15553087;0.09863451;0.0;2239.686;2656.4321;-1411.8123;5983.53;-394.6072;-173.23445
2021-11-16;1.611379;-7.3464966;-8.384197;749.9494;0.9269447;76.51266;2.3169758;0.00034614405;151.02504;2.2786458;0.0012904402;-0.71254003;0.007376075;0.16182661;0.15445799;0.08589029;0.0;2874.995;3394.0989;-2155.5928;5182.3066;-495.06888;-354.5789
2021-11-17;1.1868896;-8.411387;-10.327404;752.9222;1.0225887;48.824413;1.8466797;0.00027612844;151.0423;1.953125;0.0008523463;-0.614346;0.005096197;0.15850365;0.1534;0.059504062;0.0;3132.0383;3685.55;-2452.141;4736.1655;-426.83612;-387.09
2021-11-18;1.5822347;-8.50085;-10.024587;751.8303;0.8845146;77.243256;1.4616699;0.00021827221;151.0576;1.3427734;0.0008583069;-0.5427068;0.0047683716;0.15713274;0.15236437;0.05535595;0.0;3045.4438;3574.2166;-2287.3445;4922.7104;-377.06668;-314.46777
2021-11-19;0.8145752;-9.08197;-9.725116;748.05225;0.8214707;185.22015;1.145752;0.00017134349;151.06769;0.9765625;0.00085234636;-0.45774692;0.0034570694;0.15480816;0.1513511;0.03972836;0.0;2966.9966;3474.7966;-2137.4478;5040.8936;-318.145;-451.12668
2021-11-20;-0.68614703;-5.8260293;-4.6527734;745.94183;0.7618235;180.351;4.9204917;0.00076286;144.91925;5.330404;2.1943092;-0.28480124;0.008895993;0.15926361;0.15037507;0.022793189;2.060309;1955.0605;2289.0378;-976.15;6298.3965;-198.10222;-438.5478
2021-11-21;0.6291606;-4.6805725;-5.487512;748.982;0.6514955;169.7216;13.585693;0.0019253492;145.36652;13.183594;0.09280443;-0.530025;0.054121017;0.20352006;0.14939159;0.65250134;0.09124726;2204.5078;2790.588;-1473.0605;5847.4966;-368.9111;-423.17667
2021-11-22;-0.18158977;-5.6536255;-8.439584;752.2666;0.89481896;199.40466;9.611572;0.001431187;150.66664;9.033203;0.0021457663;-0.43366942;0.03296137;0.18137693;0.14840811;0.39299205;0.0;2374.5684;2923.5754;-1738.5688;5396.8047;-302.34778;-415.71
2021-11-23;0.013722737;-4.8147683;-9.073211;752.42706;0.843057;209.75983;7.31486;0.0010902485;150.74574;7.2021484;0.0011831521;-0.3603436;0.025101006;0.17255545;0.14745444;0.29623136;0.00032037497;2796.1062;3389.699;-2010.455;5117.541;-250.89778;-431.7378
2021-11-24;0.30214438;-2.8836365;-6.2586913;750.62994;0.8041008;234.88826;5.4934897;0.00081733864;150.72296;5.6152344;0.0030845394;-0.3492497;0.021249056;0.16777217;0.14651567;0.25032645;0.0017955899;2215.13;2655.672;-1392.3027;5846.883;-243.21333;-435.07
2021-11-25;-0.11302694;-3.6304119;-7.4057083;751.16205;0.6771319;222.03552;4.0952964;0.00060959655;150.72296;4.313151;0.0019848347;-0.35134423;0.014975667;0.16056001;0.1455918;0.17648377;0.00021606684;2230.2979;2651.4355;-1618.0322;5579.8276;-244.40222;-383.2322
2021-11-26;-0.43962607;-3.4165142;-6.6272416;752.25543;0.80709153;273.44272;3.1648762;0.00047246614;150.73598;3.3365886;0.11907518;-0.29293075;0.016123056;0.16081333;0.14467537;0.11236034;0.0075660646;1984.3744;2346.5012;-1376.7483;5815.85;-203.99945;-402.53
2021-11-27;1.3652242;-2.4973247;-6.7763495;753.289;0.77253395;263.60608;2.34375;0.0003468593;150.3203;2.3600261;0.003835559;-0.40766412;0.012114644;0.15588105;0.14377385;0.1426246;0.0025555491;2562.1638;3015.8323;-1708.8844;5578.7627;-283.23444;-404.58554
2021-11-28;1.0031027;-1.8245035;-4.157884;752.35223;0.8752265;271.6299;1.6070963;0.00023786227;150.30956;1.953125;0.6978363;-0.29928052;0.049486756;0.19235909;0.14287233;0.08716807;0.00043585896;1728.6239;2027.1733;-1023.06055;6326.6743;-207.90778;-254.37666
2021-11-29;1.9149984;-2.93987;-5.284888;753.904;0.9817465;179.94891;1.0444336;0.0001535813;150.28285;1.2613932;0.0013589859;-0.64177626;0.007227063;0.14922023;0.14197826;0.08517131;7.0780516e-05;2507.6338;2931.3833;-1578.6956;5867.781;-445.84555;-437.25446
2021-11-30;4.8910217;-2.6212056;-5.647625;752.63477;1.1591582;252.72371;0.6105957;8.960565e-05;150.28937;0.9765625;0.0017195934;-0.4815422;0.0042766333;0.14537573;0.1410842;0.049823895;0.0;2153.2417;2511.639;-1602.8572;5883.488;-334.5122;-102.183334
2021-12-01;-1.0746969;-1.791392;-2.1188762;743.5655;1.3301111;198.75728;31.288492;0.005153537;143.88182;34.627277;22.444714;-0.25746042;0.56385994;0.70409477;0.14023483;0.13012253;15.033364;407.69666;497.22446;-182.57777;6973.669;-182.03;-151.83223
2021-12-02;-4.774836;-6.8581557;-7.0865903;745.2852;0.8683455;144.61134;99.0568;0.01724863;148.19203;116.57715;2.3859024;-0.13008434;0.038191676;0.17760694;0.13940036;0.3194157;2.0430236;774.8617;2662.6545;-1088.7766;5430.069;-98.41722;-99.46667
2021-12-03;-5.9345055;-13.52135;-13.472755;751.14325;1.2082734;61.155094;98.75122;0.017327944;151.76268;114.42057;0.0008523463;-0.10435935;0.03668666;0.17525256;0.1385659;0.4285723;0.0;1030.8972;3324.1533;-1447.5677;4321.063;-76.42389;43.68222
2021-12-04;-4.0116553;-13.513171;-11.280805;751.1335;1.0493454;128.40724;97.62589;0.016461333;152.78905;107.7067;0.0042915335;-0.09933207;0.09216368;0.22991002;0.13774633;1.0317508;0.0;1011.95056;3040.2412;-1167.1666;4865.079;-76.73222;-5.5466666
2021-12-05;-1.9836222;-12.990552;-7.6856475;749.039;0.6887956;176.17845;94.57861;0.0149314;153.67934;97.20866;0.2220124;-0.14610496;0.15461445;0.29157102;0.13695657;1.6845502;0.18239021;808.1711;2228.7266;-745.9061;5666.069;-111.95556;-30.592222
2021-12-06;-2.495036;-12.030179;-10.358218;752.0107;1.0115176;44.187794;87.98893;0.013434212;153.49803;87.768555;0.010937927;-0.14187396;0.15579909;0.29195845;0.13616681;1.6706512;0.0092200935;1292.135;3179.5623;-1541.205;4721.9727;-103.11222;-22.622223
2021-12-07;-0.31714883;-11.645972;-8.126167;754.12573;0.8793664;167.76602;76.72404;0.011759321;154.20473;76.61947;0.0017536914;-0.17351657;0.1539588;0.28935075;0.1353845;1.6168095;4.0978193e-05;1469.9656;3097.6367;-1294.3794;5206.355;-124.98778;-44.43
2021-12-08;-0.8585307;-8.484142;-4.3379226;749.7774;0.746907;208.71191;73.30094;0.0120539265;150.9658;79.14225;13.377383;-0.2551973;0.18198788;0.31660497;0.13461709;1.4829636;12.260776;1480.3534;2758.0845;-930.53;5963.135;-187.07333;-191.18889
2021-12-09;-4.14739;-5.1709657;-3.0974324;749.71075;0.7314744;221.2179;100.0;0.028027257;139.14874;200.6836;6.798754;-0.13722293;0.006735325;0.14059246;0.13384968;0.04094094;6.434806;508.4711;1940.5433;-405.485;6462.2466;-105.496666;-132.61667
2021-12-10;-5.471756;-10.407741;-10.383393;753.2803;1.0698243;55.913116;100.0;0.03097256;151.9173;204.02019;0.0067979093;-0.05941838;0.0008493662;0.13393164;0.13307482;0.011945143;0.00590086;842.5133;3125.6067;-1370.11;4788.2124;-42.359444;-3.28
2021-12-11;-7.449678;-18.121925;-16.115992;754.165;1.4394442;38.24567;100.0;0.030941209;153.5169;202.06706;0.0012874597;-0.053873286;0.0019073486;0.13422966;0.13232231;0.026799738;0.0;883.61334;3182.0432;-1152.21;4438.59;-39.40111;100.51444
2021-12-12;-5.466471;-17.032227;-14.379804;755.6197;1.4284331;35.561302;100.0;0.030783892;154.90558;198.97461;0.0;-0.03144797;0.017642975;0.14922023;0.13159215;0.20526163;0.0;909.3394;3181.7932;-1218.9944;4542.5015;-24.405556;94.10778
2021-12-13;-3.939799;-16.06589;-11.943225;754.21454;1.3793856;22.462317;100.0;0.030566096;156.50063;195.76009;0.0008553266;-0.045768917;0.013902783;0.14476478;0.13086945;0.17258897;0.0;890.215;3027.1555;-1022.6067;4975.019;-35.513332;73.55111
2021-12-14;-1.3995157;-15.354149;-6.7201996;752.2347;0.98653954;74.89415;99.82959;0.03009812;158.3639;190.7959;0.13237;-0.09554811;0.06598234;0.19612908;0.13015419;0.5778894;0.0;663.36725;2187.1467;-712.14;5805.742;-74.68445;21.394444
2021-12-15;-2.055257;-14.588252;-10.094581;751.41925;0.7765103;164.1205;99.08179;0.029596329;160.46873;185.0586;0.00044107434;-0.10289438;0.0269413;0.15637279;0.12943894;0.29951707;0.0;1018.26166;3096.9233;-1296.1289;4870.0967;-77.566666;10.544444
2021-12-16;-3.075409;-10.158637;-6.726332;750.751;0.72799873;96.88665;98.26709;0.029598355;161.0078;183.47168;4.89071;-0.11215173;0.060886145;0.18963218;0.12873858;0.5456768;4.438609;957.80334;2761.9412;-827.26666;5638.8706;-87.41778;-44.283333
2021-12-17;-3.99175;-4.945048;-2.2624805;745.5261;0.50357825;177.26399;99.99967;0.050172567;145.39223;341.14584;23.518581;-0.13652444;0.024110079;0.15217066;0.12804568;0.0;22.039124;315.06277;1258.4011;-276.6561;6656.9126;-106.36222;-132.57556
2021-12-18;-5.216278;-6.281718;-4.61606;744.58795;0.8954509;241.34526;100.0;0.059568685;152.50746;390.2588;2.8464496;-0.071793795;0.0;0.12734532;0.12736022;0.0;2.6529207;559.7083;2182.0056;-489.64722;6227.363;-53.95778;-98.07333
2021-12-19;-4.747579;-5.6908264;-4.286035;747.3843;1.1578151;213.34627;100.0;0.062001903;154.70343;400.47202;1.5897155;-0.08358434;0.0;0.12668967;0.12668222;0.0;1.5357323;487.595;1886.1733;-435.78333;6342.374;-63.784443;-94.67667
2021-12-20;-5.648529;-6.751007;-5.2448783;743.04987;0.87639755;205.32878;100.0;0.06669978;154.16014;430.8268;15.207348;-0.08944608;0.0;0.12600422;0.12600422;0.0;15.148591;516.4689;1972.48;-396.57;6291.566;-68.043335;-110.61889
2021-12-21;-7.666374;-8.65263;-6.4443665;742.15485;1.599301;205.54352;100.0;0.08604077;149.63768;572.83527;17.871494;-0.10483246;0.0;0.12534857;0.12534857;0.0;17.865225;205.5389;873.64886;-82.55444;6475.5957;-81.76111;-156.47888
2021-12-22;-9.139935;-10.461282;-8.460862;744.44635;1.243632;217.75494;100.0;0.097764015;151.6061;644.8161;2.0188422;-0.031422824;0.0;0.12469292;0.12470037;0.0;2.010472;542.79553;2336.7966;-621.43695;5683.1797;-22.852222;-92.50889
2021-12-23;-10.287037;-11.840508;-10.920217;743.34735;0.7674269;192.45653;100.0;0.098670244;155.09373;636.02704;1.0376275;-0.024313107;0.0;0.124037266;0.12404472;0.0;1.0315925;657.04443;2754.5566;-747.8889;5304.9077;-16.903334;-96.21
2021-12-24;-9.992604;-11.346206;-10.685677;742.8303;0.7546461;240.84692;100.0;0.103912555;151.17772;686.32;4.9914002;-0.01424551;0.0;0.12341142;0.12340397;0.0;4.9853215;550.0256;2315.48;-477.2275;5693.049;-9.476666;-83.325554
2021-12-25;-10.774095;-18.01578;-13.850159;747.101;1.1077371;89.98101;100.0;0.10501119;154.46678;680.2165;0.014364719;-0.061105937;0.0;0.12277067;0.12277812;0.0;0.013936311;750.6633;3082.1855;-1184.5359;4523.2563;-44.787777;-34.42
2021-12-26;-8.645114;-16.65165;-18.007998;749.88715;1.2337292;102.04063;100.0;0.105017625;157.4746;667.3991;0.0021424626;-0.0021662563;0.0;0.12214482;0.12214482;0.0;0.0;792.7478;3168.662;-1083.9819;4335.7524;0.72;91.35445
2021-12-27;-8.533142;-17.17621;-19.626032;749.8618;1.3516045;33.93896;100.0;0.10504898;159.88441;657.34863;0.0;0.004770234;0.0;0.12153387;0.12152642;0.0;0.0;832.62054;3243.3179;-1154.43;4128.347;5.9266667;131.17111
2021-12-28;-9.317523;-19.794987;-20.234701;748.3333;1.2665502;105.78489;100.0;0.105071984;162.00584;648.8851;0.00044107434;-0.009381212;0.0;0.12090802;0.12091547;0.0;0.0;856.43054;3253.0066;-1001.02;4270.851;-5.0644445;110.40889
2021-12-29;-9.339099;-18.095125;-18.468092;746.3593;1.0190443;136.1118;100.0;0.10508744;164.23859;640.1774;0.003426134;-0.015025958;0.0;0.120311975;0.120311975;0.0;0.0;818.1339;3032.9934;-995.0917;4432.453;-9.396667;56.15111
2021-12-30;-11.356026;-17.575098;-19.84233;745.9107;1.2022861;78.62248;100.0;0.105109654;166.41371;631.87665;0.0017151472;0.0035129488;0.0;0.11971593;0.11970848;0.0;0.0;885.0856;3202.3489;-1128.5873;4145.4077;4.748889;68.30556
2021-12-31;-11.287028;-19.885803;-20.324373;747.1209;1.0747384;162.72556;100.0;0.10513178;168.37563;624.5931;0.0008523463;-0.012138858;0.0;0.11911988;0.11911988;0.0;0.0;913.2228;3227.8633;-1107.2506;4142.198;-7.2066665;68.912224
2022-01-01;-10.714809;-15.725784;-18.797699;746.0816;0.98331976;176.43298;100.0;0.10523832;170.22296;618.5303;0.19671917;0.009637326;0.0;0.11853874;0.11853874;0.0;0.19202754;740.39386;2556.4421;-719.7228;4742.5723;8.991111;41.93667
2022-01-02;-10.533623;-13.7641115;-15.714307;741.43585;0.94035214;141.55978;100.0;0.105467595;172.2298;612.46747;0.57062507;-0.0029150397;0.0;0.11795759;0.11795759;0.0;0.5663112;902.29724;3060.5657;-626.4022;5127.5547;-0.078888886;-30.852222
2022-01-03;-8.268009;-12.1614;-12.772526;741.75824;0.9014759;145.12819;100.0;0.1065441;173.20734;615.2344;0.43331715;-0.015797094;0.0;0.11739135;0.1173839;0.0;0.43180957;851.41223;2906.73;-1129.3044;4773.376;-9.753333;-17.082222
2022-01-04;-8.380912;-12.066086;-13.526855;744.2441;0.96894455;271.1812;100.0;0.10702292;175.51854;609.5784;1.8497705;0.0020656735;0.0;0.1168102;0.116825104;0.0;1.8467158;671.035;2242.6833;-401.16165;5584.0156;3.0755556;-1.6411111
2022-01-05;-8.849666;-14.806824;-11.920597;747.63617;1.0925047;132.84105;100.0;0.108491264;176.7005;614.66473;0.011011958;-0.048077665;0.0;0.11625886;0.11625886;0.0;0.010572374;924.0578;3150.92;-1214.3678;4717.0293;-34.376667;-38.375557
2022-01-06;-5.9425216;-13.970707;-14.04367;750.5645;1.1861879;19.187218;100.0;0.10849639;179.75421;604.0039;0.0004351138;-0.01651235;0.0;0.115692616;0.115700066;0.0;0.0;989.98334;3301.5933;-1162.6017;4644.086;-9.706667;67.153336
2022-01-07;-3.8420436;-12.68306;-13.650334;750.0608;0.9705072;70.99598;100.0;0.10851896;182.56508;594.6452;0.0004351138;-0.017059967;0.0;0.11514127;0.11514872;0.0;0.0;986.60114;3219.5933;-1014.31445;4875.9517;-10.365556;67.882225
2022-01-08;-5.295021;-11.86821;-12.981166;750.0884;1.0461385;47.664455;100.0;0.10853708;185.51495;585.2458;0.0;-0.011336058;0.0;0.11460483;0.11460483;0.0;0.0;1046.8922;3345.2278;-1292.835;4587.144;-5.7355556;47.474445
2022-01-09;-6.192968;-12.687149;-14.529141;749.2452;0.946819;145.91127;100.0;0.108568035;188.16014;577.0671;0.01899004;-0.0046957284;0.0;0.11405349;0.11405349;0.0;0.018127263;1084.5033;3394.2444;-1203.005;4544.4614;-0.88555557;45.235554
2022-01-10;-5.223358;-7.906807;-10.008323;747.2369;0.43243107;243.45105;100.0;0.115464486;181.902;633.9925;12.9393015;0.01567509;0.0;0.1135394;0.1135394;0.0;12.725242;292.21667;973.73444;22.4;6393.258;12.608889;3.1155555
2022-01-11;-4.164225;-4.949707;-5.775814;748.75226;0.68539286;241.20232;100.0;0.122976266;178.18878;690.9587;2.033168;-0.018183142;0.0;0.11301786;0.11301786;0.0;1.8655062;468.8639;1839.9033;-225.41777;6497.7935;-12.591111;-63.353333
2022-01-12;-4.2077637;-5.950106;-4.7231584;749.2441;0.64036137;254.57024;100.0;0.124301754;183.41698;677.9785;2.9613523;-0.062400475;0.0;0.11250377;0.112488866;0.0;2.6722326;680.68225;2621.9644;-517.82275;6235.9077;-45.581112;-93.55889
2022-01-13;-4.187609;-5.0363717;-2.9814618;743.92065;0.6340302;202.32707;100.0;0.14833732;171.80272;861.36884;37.212822;-0.11399761;0.017374754;0.12935698;0.11198223;0.0;34.979717;199.88945;850.33887;-88.99778;6807.3115;-88.86667;-119.585556
2022-01-14;-4.3483796;-4.88658;-2.8083317;738.27264;0.8800221;174.8148;100.0;0.17595033;167.85512;1047.8109;16.004692;-0.13347156;0.0;0.11147559;0.11147559;0.0;15.798405;260.16165;1121.2422;-142.1525;6774.467;-103.77889;-165.67778
2022-01-15;-7.743196;-8.698159;-5.093165;734.7527;1.5892507;205.07703;100.0;0.18442492;174.71515;1056.193;6.326646;-0.15782565;0.0;0.11096895;0.11096895;0.0;6.315943;634.0244;2680.4956;-643.9228;5918.0176;-121.49778;-270.7989
2022-01-16;-9.435159;-11.659404;-7.586367;735.7149;0.9969544;98.70801;100.0;0.20172536;167.6175;1201.294;20.669178;-0.14655106;0.0;0.11047721;0.11046976;0.0;20.663305;298.69724;1303.6967;-321.30276;6071.449;-114.185555;-140.82
2022-01-17;-13.314372;-19.081854;-11.878215;740.30664;1.264707;45.252094;100.0;0.21072304;167.63539;1258.0973;1.783261;-0.18969737;0.0;0.10997057;0.10997802;0.0;1.7785691;602.2111;2587.0955;-1116.8142;4680.671;-146.6489;-128.54333
2022-01-18;-13.6580925;-21.51705;-19.250689;743.8897;0.7776788;309.2075;100.0;0.21108107;172.63377;1223.4701;0.004089283;-0.020571984;0.0;0.10948628;0.10948628;0.0;0.0019408762;883.39166;3686.7622;-1393.5355;3750.3906;-13.768888;-13.694445
2022-01-19;-13.548472;-17.293135;-19.928562;740.5883;0.46903965;176.65776;100.0;0.21517305;169.37694;1269.165;16.501263;-0.00439398;0.0;0.109001994;0.109009445;0.0;16.497158;597.3061;2417.7388;-178.70944;5277.5864;-2.2244444;-39.36
2022-01-20;-14.830685;-17.089891;-15.948796;738.2417;0.947684;142.85757;100.0;0.23752062;149.82745;1584.5133;10.104054;-0.028071925;0.0;0.10852516;0.10853261;0.0;10.1027;561.51056;2430.29;-687.2147;4976.3726;-20.713333;-115.00222
2022-01-21;-12.797034;-19.621092;-20.640188;746.76886;0.9433496;84.00502;100.0;0.23947947;155.96873;1536.8652;0.0008648743;-0.008850358;0.0;0.10804832;0.10805577;0.0;0.0;903.93835;3821.4211;-1323.8373;3777.809;-4.498889;37.06333
2022-01-22;-11.405593;-20.49034;-22.779877;745.62964;0.9206969;60.320415;100.0;0.23950012;160.26886;1495.3613;0.0012904402;-0.004319474;0.0;0.10757148;0.107586384;0.0;0.0;926.13556;3809.0789;-1169.615;3848.6558;-1.1822222;84.53889
2022-01-23;-11.229027;-18.818382;-23.097214;744.2412;0.6263131;307.43417;100.0;0.23952405;164.01952;1461.4258;0.0094771385;0.0047385693;0.0;0.10710955;0.107117;0.0;0.0068955123;962.7856;3856.3967;-1054.1855;3984.375;5.5877776;47.984444
2022-01-24;-10.271949;-13.139844;-19.554022;745.40594;0.46915808;234.83038;100.0;0.24153395;165.84894;1456.2174;5.28385;0.016201288;0.0;0.10666251;0.10665506;0.0;5.2793956;615.44336;2409.7068;127.085556;5767.412;13.647778;-17.651112
2022-01-25;-9.333923;-11.466789;-13.725197;746.833;0.7056741;117.988884;100.0;0.24771738;166.83038;1486.5316;2.7562113;-0.0063879415;0.0;0.106200576;0.106200576;0.0;2.753552;801.4828;3284.2068;-797.4764;5104.9087;-2.353889;-60.078888
2022-01-26;-10.4541235;-14.172772;-13.975648;742.4655;0.78326505;58.875164;100.0;0.24842994;173.44237;1434.1227;1.9872785;-0.024978071;0.0;0.10575354;0.10575354;0.0;1.9805729;873.8494;3482.1677;-519.42194;5410.85;-16.554445;-89.91333
2022-01-27;-9.609508;-11.790661;-11.413651;738.9798;0.6817023;162.31926;100.0;0.25442687;176.15038;1445.0277;7.723286;-0.033922493;0.0;0.105306506;0.105299056;0.0;7.7190475;592.2711;2396.5444;-379.02695;5775.24;-24.752222;-77.134445
2022-01-28;-10.489158;-12.129444;-10.3224945;745.0471;1.0980531;211.26659;100.0;0.25986293;180.23402;1443.807;2.9476523;-0.053944066;0.0;0.10484457;0.10485947;0.0;2.9155612;653.85333;2702.8545;-569.68335;5619.6113;-40.39111;-132.31555
2022-01-29;-11.397636;-13.646052;-11.6306305;746.55023;0.80574816;116.825325;100.0;0.2612963;187.21059;1398.0306;0.2564937;-0.055709854;0.0;0.10441244;0.10441244;0.0;0.2523139;852.78723;3465.1233;-919.1839;5044.2744;-40.72222;-138.53111
2022-01-30;-11.815563;-13.804805;-12.585898;745.35077;0.9618947;204.95563;100.0;0.2614547;193.85968;1350.4232;0.14980435;-0.035226345;0.0;0.1039803;0.10397285;0.0;0.14508888;898.5961;3563.7988;-870.0978;5060.181;-24.807777;-132.62445
2022-01-31;-10.534828;-13.828702;-13.215466;743.7686;0.9951024;100.855774;100.0;0.26153532;199.80272;1310.6283;0.007957218;-0.024668872;0.0;0.10353327;0.10354072;0.0;0.0058934093;994.345;3847.3745;-1149.0845;4676.8516;-16.033333;-92.41111
2022-02-01;-8.374589;-14.823234;-15.077346;746.2793;0.8259552;174.52222;100.0;0.26155654;204.85643;1278.2797;0.0008523463;-0.027263537;0.0;0.103116035;0.103108585;0.0;0.0;1110.1711;4190.533;-1358.0967;4271.124;-17.533333;-16.703333
2022-02-02;-6.7177033;-13.165444;-16.134819;750.7652;0.9220926;77.42703;100.0;0.26158258;209.05043;1252.6449;0.0;-0.0010728836;0.0;0.102669;0.10267645;0.0;0.0;1143.0616;4210.749;-1277.3022;4316.2124;2.541111;30.047777
2022-02-03;-5.1178308;-15.799703;-14.947276;747.507;0.6567791;230.04266;100.0;0.26228288;212.2809;1236.0026;3.4816802;-0.05634688;0.0;0.10225177;0.10225177;0.0;3.4032352;1170.9756;4212.1123;-724.3555;5182.0864;-39.806667;10.75
2022-02-04;-6.598582;-7.8088975;-10.430435;738.61304;0.4687566;150.60536;100.0;0.27588567;202.82062;1358.4391;17.160217;0.017130747;0.0;0.101834536;0.101834536;0.0;17.150133;370.81723;1521.5934;35.718334;6426.7827;14.245556;-31.955555
2022-02-05;-7.324932;-8.657322;-8.04106;740.3864;1.0792453;235.25975;100.0;0.28582487;201.9378;1416.6666;3.229785;-0.058479607;0.0;0.1014173;0.10142475;0.0;3.2214746;784.505;3312.1978;-657.1528;5786.7246;-42.711113;-136.17334
2022-02-06;-9.284382;-11.677071;-9.695941;745.31647;0.77960986;242.54333;100.0;0.28729036;208.97296;1376.5869;0.33386737;-0.06978586;0.0;0.10100007;0.10100752;0.0;0.3277585;899.2117;3731.979;-984.625;5129.7676;-50.99;-135.55444
2022-02-07;-9.704629;-12.170766;-10.951424;746.9997;0.8518366;201.23637;100.0;0.28746697;215.36359;1336.4258;0.03926754;-0.056646764;0.0;0.10059774;0.10059029;0.0;0.03838539;1033.5795;4175.2124;-1162.2128;4830.026;-40.252224;-153.66667
2022-02-08;-8.016972;-10.98211;-11.043831;748.20215;0.77067727;180.0771;100.0;0.28773817;220.69952;1304.8096;0.8444816;-0.041551888;0.0;0.10018051;0.10018796;0.0;0.83940476;884.3222;3473.2444;-398.2639;5865.6743;-28.982222;-104.638885
2022-02-09;-4.7258096;-5.8950195;-7.659715;747.93604;0.80203384;160.49956;100.0;0.2890497;225.6559;1282.1859;1.1082923;-0.03853254;0.0;0.099778175;0.099785626;0.0;1.022432;697.0328;2711.75;-326.87668;6263.741;-27.452223;-85.94444
2022-02-10;-5.6010437;-6.8471475;-6.3236732;744.0557;0.6717029;97.18322;100.0;0.3071579;216.83917;1414.4694;29.349665;-0.004483387;0.0;0.099390745;0.099390745;0.0;29.214151;265.81277;1125.8088;-291.03778;6324.73;-2.7644444;-41.49111
2022-02-11;-7.0869865;-11.206329;-7.7535553;747.34546;1.0527884;29.092813;100.0;0.3193471;216.16112;1479.3295;0.0949949;-0.09940192;0.0;0.099003315;0.098995864;0.0;0.09002909;983.29724;4210.3257;-1051.0244;5234.3477;-72.44334;-154.82556
2022-02-12;-4.4316316;-13.145912;-9.378106;751.43964;1.3830023;13.408231;100.0;0.31937957;223.79718;1428.8737;0.0046789646;-0.090582296;0.0;0.09858608;0.09859353;0.0;0.00468269;1120.5261;4665.292;-1381.1622;4764.7085;-64.18;-27.416666
2022-02-13;-2.6971042;-14.960617;-11.814586;750.4817;1.1938094;49.036587;100.0;0.31937528;229.72882;1391.5609;0.002573267;-0.0716513;0.0;0.09818375;0.09819865;0.0;0.0;1207.8323;4895.451;-1571.5623;4312.54;-49.81778;65.83222
2022-02-14;-5.039594;-14.668285;-13.141662;747.6721;0.98585105;64.60549;100.0;0.319491;234.33592;1364.2578;0.56139386;-0.06327126;0.0;0.09779632;0.09780377;0.0;0.4967004;1208.0172;4772.11;-1228.7322;4640.3804;-43.733334;1.4144444
2022-02-15;-6.500065;-11.304253;-12.506322;747.5488;0.9275709;159.21233;100.0;0.32027397;237.98143;1347.1273;0.36413074;-0.029692426;0.0;0.09740889;0.09740889;0.0;0.27655065;1182.0867;4589.682;-1207.8744;4736.71;-18.504444;-53.796665
2022-02-16;-7.154448;-12.673806;-12.714375;746.4759;1.0140795;51.12024;100.0;0.32035804;242.14906;1324.2594;0.0019818544;-0.039690174;0.0;0.09703636;0.09702146;0.0;0.0019744039;1254.6389;4755.796;-1276.9672;4639.5;-25.852777;-70.522224
2022-02-17;-7.1814766;-12.850743;-13.056862;744.64044;0.9573493;99.33112;100.0;0.32037887;246.03969;1303.3447;0.00035762787;-0.04320778;0.0;0.09664893;0.09664148;0.0;0.0003501773;1319.2478;4873.72;-1181.8105;4731.3687;-28.554445;-71.13556
2022-02-18;-6.6287827;-10.133513;-11.075128;743.7661;0.83768606;238.10136;100.0;0.3211091;248.98859;1290.0391;3.3435225;-0.08022413;0.0;0.0962764;0.09626895;0.0;3.309291;1048.1661;3782.2278;-561.76;5716.1733;-59.226665;-104.67778
2022-02-19;-3.8305004;-9.036979;-8.673623;746.87354;0.926857;50.528385;100.0;0.3249322;248.19237;1309.9365;3.5282495;-0.060768798;0.0;0.09590387;0.09589642;0.0;3.2975338;1189.3922;4491.3154;-808.05664;5656.617;-41.782223;-87.594444
2022-02-20;-3.378606;-7.222529;-6.7361665;745.64307;1.517642;23.88356;100.0;0.32974026;249.98695;1320.3125;1.2312561;-0.14362112;0.0;0.095523894;0.095523894;0.0;1.2080894;976.07947;3852.8645;-900.80664;5659.5356;-107.14333;-66.14
2022-02-21;-3.3243763;-5.8671365;-7.5745354;746.59125;1.0072492;173.25304;100.0;0.32998183;255.37207;1293.3756;0.99889934;-0.0457149;0.0;0.095143914;0.095143914;0.0;0.91060627;1289.1078;4934.89;-926.1939;5562.7476;-29.8;-105.134445
2022-02-22;-2.4322407;-3.415456;-4.6769967;747.8327;0.7087677;199.5686;100.0;0.33166683;259.72266;1278.3203;1.2344083;-0.112319365;0.0;0.09478629;0.094778836;0.0;1.1436119;961.3411;3666.3855;-419.475;6471.3755;-83.44;-158.02
2022-02-23;-1.8002319;-3.5252483;-3.2304382;749.9336;0.7240861;163.30103;100.0;0.33244863;265.76138;1252.7262;0.28306842;-0.10420196;0.0;0.09441376;0.09441376;0.0;0.26138127;1146.5283;4229.392;-1043.79;5794.1113;-75.46111;-137.08223
2022-02-24;-0.8512675;-8.147614;-4.6864724;750.8396;0.99600416;56.636654;100.0;0.33245954;272.18716;1223.5107;0.008970499;-0.13164245;0.0;0.09404123;0.09404868;0.0;0.0;1470.1017;5218.91;-1494.7611;5088.807;-94.30111;-81.024445
2022-02-25;-2.4031475;-4.519216;-2.5759583;745.2761;0.8073623;162.2041;100.0;0.3473035;268.52182;1293.2129;28.84068;-0.14437921;0.01859665;0.11226535;0.0936836;0.079786405;23.081034;690.5244;2651.8118;-346.01056;6633.819;-110.1;-172.61444
2022-02-26;-4.422404;-5.838613;-2.4751434;745.43;0.71953076;238.42159;100.0;0.36561418;260.47656;1405.7211;6.9313526;-0.23828447;0.0;0.09334087;0.09333342;0.0;6.763436;791.5883;3161.8855;-690.0661;6165.1123;-182.97888;-231.33667
2022-02-27;-3.6075134;-5.4915366;-3.4792073;749.8816;0.84342843;116.2367;100.0;0.36797547;266.21387;1385.498;0.023204088;-0.17692894;0.0;0.092968345;0.092983246;0.0;0.018481165;1226.8522;4812.9385;-950.4961;5867.0854;-131.84222;-225.81778
2022-02-28;-2.8099976;-5.338694;-3.8979034;750.32;0.80387163;174.47528;100.0;0.36791602;273.2936;1349.3652;0.002375245;-0.15357696;0.0;0.09262562;0.09262562;0.0;0.0019520521;1356.3223;5095.145;-1366.3722;5314.129;-112.60778;-197.44333
2022-03-01;-2.582845;-3.5299885;-4.270304;750.08307;1.0683589;210.47862;100.0;0.3701668;277.7539;1334.6761;9.87503;-0.08224137;0.0008940697;0.09316206;0.09227544;0.0;8.976389;871.67834;3157.9756;-309.01;6561.2744;-60.712223;-138.33223
2022-03-02;-1.7290853;-2.247121;-1.9443079;748.87225;0.99282664;191.07613;100.0;0.38767445;270.21646;1435.7504;19.93547;-0.10450184;0.03376603;0.1257062;0.091940165;0.15636347;18.514223;446.865;1826.1061;-66.38111;7063.316;-80.00667;-133.9375
2022-03-03;-2.4521687;-2.9550476;-1.1305174;740.87354;1.2462324;192.42407;100.0;0.4208165;257.22787;1635.4574;41.253185;-0.121839345;0.047013164;0.1386255;0.09161234;0.08550845;38.98569;183.58;738.13165;-180.78778;6914.707;-95.24111;-112.61361
2022-03-04;-7.7599883;-9.205905;-3.1205978;739.43353;1.6504642;207.22765;100.0;0.4463484;251.68195;1776.0824;8.570409;-0.37886763;0.0;0.09128451;0.09127706;0.0;8.558061;810.44434;3292.3757;-789.61;5825.838;-294.0822;-463.88223
2022-03-05;-7.647503;-9.314293;-5.815928;743.8785;1.3707069;221.34302;100.0;0.45136523;256.2191;1764.4857;3.0838788;-0.23946352;0.0;0.09094179;0.09094924;0.0;3.057219;1019.20026;4165.117;-794.70197;5713.762;-183.42389;-317.47888
2022-03-06;-6.3686547;-9.985813;-6.6586747;743.02057;0.8353011;121.04721;100.0;0.4523474;262.75717;1724.528;0.1294136;-0.19648391;0.0;0.09061396;0.09061396;0.0;0.12340397;1291.6455;5186.2627;-1026.7927;5472.0776;-146.90555;-256.23917
2022-03-07;-4.511926;-9.163619;-7.2319655;741.461;0.8293616;151.1673;100.0;0.4523991;269.20377;1683.1461;0.036653876;-0.12679957;0.0;0.090271235;0.090271235;0.0;0.030837953;1288.9036;5066.4424;-1264.0239;5129.0835;-91.95778;-156.22667
2022-03-08;-4.159012;-5.968744;-6.41597;742.15326;1.2124388;214.28297;100.0;0.45389533;273.86362;1659.0576;4.131034;-0.14178082;0.0;0.08994341;0.08994341;0.0;3.9212964;1140.1083;4398.3403;-426.07224;6317.642;-105.937775;-190.37277
2022-03-09;-4.154775;-4.6696677;-4.2102075;739.41583;1.1468941;202.20714;100.0;0.47585762;264.82617;1795.4916;43.193214;-0.04521571;0.0;0.089630485;0.089630485;0.0;42.356228;269.47668;1098.97;-82.92;6793.5356;-34.717777;-95.26
2022-03-10;-4.43516;-5.9026313;-3.61003;738.6924;1.1018678;199.17436;100.0;0.5049991;254.7207;1983.6832;14.2056675;-0.15300232;0.0;0.08930266;0.08931011;0.0;13.611891;1137.7197;4887.711;-832.0994;5993.3335;-113.778336;-276.06778
2022-03-11;-6.3257484;-7.8898163;-4.2345147;736.7966;1.6820545;195.96852;100.0;0.53007823;248.44594;2132.6497;27.322481;-0.25086012;0.0;0.088989735;0.088989735;0.0;27.154438;834.4694;3579.758;-633.8761;6088.9653;-192.8689;-316.63
2022-03-12;-9.852634;-12.294799;-7.0679893;742.09076;1.625918;200.32014;100.0;0.54531294;250.01788;2184.1633;3.3545518;-0.31222963;0.0;0.08866191;0.08866936;0.0;3.3249147;1238.1187;5317.8564;-977.3272;5333.41;-239.51555;-417.0778
2022-03-13;-8.556685;-10.223454;-7.852576;743.42993;1.1353372;195.91475;100.0;0.5512869;253.62921;2175.2117;7.5364738;-0.14601089;0.0;0.088348985;0.088348985;0.0;7.524684;875.89526;3732.8943;-561.5789;5840.0;-110.863335;-262.8211
2022-03-14;-7.3144555;-8.320316;-7.2952704;744.6362;1.0941588;179.14055;100.0;0.5602174;254.66437;2201.1719;9.336916;-0.059690326;0.0;0.08803606;0.08804351;0.0;9.311907;709.00525;3011.1826;-429.68445;6084.8555;-44.02889;-177.42056
2022-03-15;-9.589818;-12.494361;-7.9355454;742.34326;0.96617436;156.64601;100.0;0.5650175;259.7793;2177.4495;2.3641884;-0.2114065;0.0;0.08773804;0.08773059;0.0;2.3525805;1387.9227;5850.992;-1462.6989;4749.8013;-159.30112;-327.8611
2022-03-16;-11.530805;-16.448;-10.523383;742.54395;0.7825721;116.70637;100.0;0.566359;265.26205;2137.492;0.6460726;-0.22112298;0.0;0.08742511;0.08741766;0.0;0.6438345;1364.3094;5646.3467;-1320.4634;4690.35;-167.01334;-325.61334
2022-03-17;-10.950692;-15.865662;-12.738026;745.74286;0.9588735;180.73729;100.0;0.5666808;270.22983;2098.999;0.30608177;-0.13494399;0.0;0.08711219;0.08711219;0.0;0.3014803;1458.1777;5896.048;-1268.3345;4592.3276;-99.84333;-224.77888
2022-03-18;-9.976371;-12.326497;-11.511081;745.1602;0.94074327;100.37443;100.0;0.56775314;273.8187;2074.8699;2.4834127;-0.14688447;0.0;0.086799264;0.086806715;0.0;2.4765544;1178.7411;4665.7275;-609.1972;5567.3857;-110.63333;-265.59222
2022-03-19;-8.286873;-10.715297;-10.049256;743.273;0.9352066;155.04933;100.0;0.57520187;271.17545;2120.28;13.887393;-0.069815665;0.0;0.08651614;0.08650869;0.0;13.837937;841.55;3394.2512;-449.17056;5861.2676;-51.99222;-158.9311
2022-03-20;-8.554668;-10.507892;-8.614772;741.98016;1.2846746;210.39632;100.0;0.5877328;265.56967;2214.5996;4.206479;-0.15802868;0.0;0.08621812;0.08621067;0.0;4.1970983;1239.956;5282.0273;-919.73553;5414.991;-118.45556;-305.29333
2022-03-21;-7.058975;-13.0220995;-9.227168;744.04663;0.79620767;75.7291;100.0;0.58854085;271.71973;2168.1316;1.2219807;-0.17547143;0.0;0.085920095;0.085920095;0.0;1.2116283;1328.4039;5520.066;-894.95056;5409.1226;-129.82445;-201.39667
2022-03-22;-4.341436;-5.976168;-7.143425;744.846;0.8712402;95.39163;100.0;0.59008986;277.18262;2131.1035;0.9707242;-0.08109305;0.0;0.08560717;0.08560717;0.0;0.9278543;1054.211;4318.1304;-692.87;5886.2246;-58.763332;-153.20473
2022-03-23;-3.55248;-5.84022;-5.656282;744.8747;0.979767;79.61998;100.0;0.5945942;281.48633;2111.9385;15.439352;-0.14622882;0.0;0.08529425;0.0853166;0.0;14.6271105;1183.1888;4799.184;-581.5222;6206.87;-108.47667;-196.25722
2022-03-24;-5.6622224;-8.955195;-5.071865;740.7635;0.9628007;182.27773;100.0;0.6130157;275.97885;2222.6562;5.1850047;-0.27123654;0.0;0.085026026;0.085011125;0.0;5.1040387;1405.6056;6015.041;-1336.4333;5191.41;-204.62778;-286.37222
2022-03-25;-6.7512717;-9.117454;-6.2255464;742.20135;0.67229074;175.71925;100.0;0.6153962;281.87564;2184.4482;5.588559;-0.22031926;0.0;0.0847131;0.08472055;0.0;5.5043774;1391.4177;5781.4023;-993.91113;5568.155;-165.74777;-337.63443
2022-03-26;-6.2949815;-8.239106;-6.257151;746.6839;0.97454554;197.04597;100.0;0.6198202;284.80142;2178.5076;1.6010255;-0.22330694;0.0;0.08441508;0.08442253;0.0;1.5806184;1418.6417;5912.9556;-878.3945;5708.329;-167.97223;-327.81778
2022-03-27;-6.5506577;-9.047738;-6.327109;748.4646;0.8174426;215.8534;100.0;0.6217843;290.13867;2144.7754;2.0566165;-0.2160389;0.0;0.084131956;0.084131956;0.0;2.0518825;1300.9795;5346.039;-1229.4336;5216.176;-163.17778;-312.25
2022-03-28;-5.66774;-9.259815;-8.172097;751.6643;1.0373982;171.9358;100.0;0.62245506;295.4694;2108.6018;0.00044703484;-0.11794362;0.0;0.083848834;0.08384138;0.0;0.000461936;1716.9244;6921.4346;-1619.5583;4646.419;-83.35778;-243.02222
2022-03-29;-0.89679337;-11.88906;-8.644811;753.3859;0.9554768;66.22983;100.0;0.6224404;300.48047;2073.2422;0.0008583069;-0.1520319;0.0;0.08353591;0.08355081;0.0;0.0;1841.0094;7228.952;-1650.7617;4664.363;-107.797775;-110.72528
2022-03-30;0.12809245;-12.125306;-8.099275;750.763;0.7525956;222.16925;100.0;0.6224262;305.16666;2041.1377;0.08572638;-0.18995814;0.0;0.08323789;0.08323789;0.0;0.0067800283;1822.3878;6975.4155;-1386.7269;5077.5767;-137.46;-130.77
2022-03-31;0.20785522;-10.117818;-7.028848;753.1351;1.0144776;71.23289;100.0;0.6224417;309.93588;2009.8877;0.0;-0.16676448;0.0;0.082947314;0.082947314;0.0;0.0;1949.5577;7280.0327;-1786.1167;4672.519;-118.78667;-115.40667
2022-04-01;2.9390259;-12.029972;-6.8118615;754.8486;1.0969783;63.557102;100.0;0.62239975;314.5729;1980.1025;0.0025771942;-0.11688843;0.0;0.08265674;0.08266419;0.0;0.0;2013.43;7298.9224;-1672.685;4872.2295;-86.88;-82.40111
2022-04-02;4.8832297;-10.489427;-4.8479614;753.58795;1.0391325;87.658936;100.0;0.6223244;319.62857;1949.1781;0.0012997607;-0.14228001;0.0;0.08240342;0.08239597;0.0;0.0;1972.21;6916.796;-1360.713;5462.705;-106.71778;-91.42667
2022-04-03;5.3099976;-6.1835876;-3.136111;752.0994;0.8778015;245.07196;100.0;0.6219539;325.54428;1913.4928;0.0008523463;-0.20948239;0.05428493;0.13639033;0.08211285;0.61931086;0.0;2152.1995;7252.3027;-1519.0964;5396.8115;-150.40445;-98.50667
2022-04-04;3.6119893;-3.8518474;-2.0006726;750.67096;0.9992264;184.13606;100.0;0.62075746;331.8776;1873.9014;0.0017285328;-0.21778327;0.148803;0.23062527;0.081814826;1.5442894;0.0;2295.7512;7328.282;-1598.0969;5380.391;-157.15;-136.87334
2022-04-05;2.9505107;-2.3010662;-0.8902028;751.7971;0.89502215;137.91283;100.0;0.6188956;339.71353;1825.6836;0.0017136326;-0.19420683;0.21278858;0.29431283;0.08152425;2.0014195;0.0;2480.7966;7113.598;-1436.6978;5684.399;-138.0411;-179.5
2022-04-06;2.6968586;-2.2395427;-0.26374182;749.2366;1.0970722;172.82753;100.0;0.61481947;348.32422;1768.7174;2.566698;-0.3015157;0.83737075;0.9186268;0.08124113;6.0773454;0.0;2442.81;6338.7754;-1115.1472;6131.8535;-223.04556;-162.54889
2022-04-07;2.1645203;-2.8372192;-0.111574806;745.2415;1.0799464;184.55763;100.0;0.6048757;354.46713;1709.7982;0.79574585;-0.36974344;1.7622709;1.8432289;0.08095056;13.790216;0.0;2734.0;6597.448;-1475.5631;5756.3857;-274.4589;-169.87666
2022-04-08;0.51609296;-1.0894165;-0.1689949;746.7229;0.8370998;183.24263;100.0;0.59973913;359.96875;1668.1315;25.508404;-0.095348805;3.2406151;3.3213198;0.08068979;2.8268993;3.4455545;1022.94446;2331.985;-299.98944;6941.3306;-71.22889;-84.94778
2022-04-09;0.057840984;-2.5115967;-0.1024704;745.70013;0.93400127;103.60016;100.0;0.5971022;360.67188;1657.3893;7.0054827;-0.27123654;2.7887077;2.8827639;0.09405613;10.811194;0.9060409;2099.0317;5436.285;-1256.09;5917.136;-199.34555;-203.30444
2022-04-10;1.9388632;-2.1125286;-0.30248007;750.1436;1.1151292;104.45932;100.0;0.58837426;366.72787;1606.608;8.940697e-05;-0.28793514;1.7857105;1.8659234;0.08021295;8.555852;7.8231096e-05;2904.104;7014.136;-1651.4722;5470.094;-205.80667;-173.16112
2022-04-11;3.593689;-2.0716655;-0.25516;748.2392;1.0428071;136.08713;100.0;0.57798356;373.6058;1549.0316;0.008064508;-0.3617797;2.49438;2.574414;0.08003414;11.513144;0.0;3173.6533;7261.2285;-1643.5547;5528.274;-263.47665;-147.91112
2022-04-12;1.3906149;-5.2899375;-0.22543462;743.2803;1.7848887;192.11583;100.0;0.5679707;379.63345;1497.8027;0.33221102;-0.88800955;1.6253889;1.7052889;0.07990003;8.550081;0.14414638;3417.3823;7507.574;-1765.958;5394.1787;-678.2244;-239.99611
2022-04-13;-1.4893799;-6.6328926;-0.3193779;744.40015;1.900627;199.95276;100.0;0.5628441;385.2145;1462.6465;0.88356435;-1.0320022;0.5142763;0.5940944;0.07982552;2.6220531;0.33574924;2878.0134;6226.504;-1673.6906;5284.6587;-795.67554;-358.4
2022-04-14;-0.51661426;-9.223527;-0.41699347;746.98566;1.0091763;160.19502;100.0;0.5594807;392.16275;1428.2633;0.0;-1.0411981;0.5632341;0.6430149;0.07978827;3.0512066;0.0;3632.1794;7702.908;-2223.2483;4748.4097;-797.05725;-301.53445
2022-04-15;0.4617106;-9.473134;-0.37392044;747.18695;0.94465446;71.093864;100.0;0.55390775;399.8662;1387.1664;0.0012859397;-0.84089863;1.2830794;1.3628304;0.07977337;6.6183696;0.0;3809.6184;7898.9453;-2119.9873;4963.027;-636.95776;-231.33888
2022-04-16;-0.122151695;-7.673706;-0.2541059;747.1331;1.0753752;100.035065;100.0;0.54462534;406.61523;1341.39;0.10897517;-0.8460469;2.0763726;2.1843016;0.10792911;10.067139;0.00022351742;3664.2756;7466.9844;-1832.5105;5303.953;-642.5089;-268.65778
2022-04-17;1.4778646;-6.9685264;-0.2676455;750.31256;0.95489985;87.30724;100.0;0.5321341;412.81088;1291.4225;0.0020742416;-0.5872538;3.7547052;3.8804114;0.1257062;13.718145;0.00020861626;3875.6162;7792.5137;-1875.7672;5289.9507;-436.15778;-240.3211
2022-04-18;5.1167808;-4.4552917;-0.20172374;752.3344;1.0741067;120.228905;100.0;0.51648146;419.13086;1234.6598;0.0008523463;-0.35993382;4.7193766;4.851982;0.13262033;16.679771;0.0;3655.5417;7273.8306;-1506.2792;5813.2324;-258.62888;-98.63778
2022-04-19;7.1660666;-1.8103434;-0.115727745;751.54144;0.8922139;150.94087;100.0;0.49776235;423.8164;1176.7985;0.0004351138;-0.2996046;5.8651567;6.265789;0.40061772;19.53002;0.0;3127.2356;6171.6387;-1070.5566;6338.549;-213.85889;-40.496666
2022-04-20;4.6482444;-1.9912618;-0.12704341;749.0078;1.0111384;180.45868;100.0;0.47965908;427.819;1123.169;1.5770227;-0.3033271;5.5509953;6.0061364;0.45515597;17.94849;0.0;2880.08;5641.6475;-1101.8369;6198.5864;-219.23334;-92.98222
2022-04-21;3.5360107;-2.9961445;-0.20896785;749.1267;1.0971428;163.60034;100.0;0.46182346;433.11362;1068.3187;0.00086437265;-0.456186;6.4608903;7.1927013;0.7318035;18.222328;0.0;4116.5796;8032.8413;-2030.461;5197.349;-332.71335;-140.43445
2022-04-22;3.0942485;-4.874105;-0.24263;750.3781;1.234032;110.9309;100.0;0.44441667;439.60254;1012.89874;0.00085978274;-0.481857;5.690426;6.292671;0.6022528;16.791574;0.0;4157.324;8081.4453;-2045.2678;5166.0444;-351.46777;-125.71667
2022-04-23;4.3733726;-3.5720825;-0.21086757;750.54565;1.1920348;88.95969;100.0;0.42567596;445.37793;957.4382;0.0008523463;-0.40978754;7.699847;8.65291;0.9530708;19.77475;0.0;4133.661;8010.6567;-1849.8572;5436.7363;-294.71555;-113.975555
2022-04-24;4.798706;-4.293864;-0.14114761;750.1009;0.99427325;97.42673;100.0;0.40898696;449.28482;911.2549;0.33074617;-0.3066156;5.1114264;5.6816936;0.5702749;14.122527;0.0;2864.6812;5538.423;-893.92224;6488.9565;-221.92667;-44.397778
2022-04-25;4.7067466;-0.2255249;-0.031102499;749.5083;0.98449665;99.036316;100.0;0.38924482;450.0;866.04816;0.8432448;-0.268735;9.048343;10.538832;1.4904962;23.39906;0.0;3210.6973;6193.925;-914.0195;6559.89;-190.16444;-133.57333
2022-04-26;3.9299214;1.561442;-0.07650757;749.20825;0.88759655;86.40768;100.0;0.3729386;450.0;829.305;5.176331;-0.020198524;5.975768;6.659165;0.68338215;11.899575;0.0;1547.5906;2980.8455;-448.5825;6876.1313;-9.482223;-23.613333
2022-04-27;3.117157;1.3544006;-0.07790502;749.0837;1.0148221;101.81338;100.0;0.3580637;450.0;796.3867;7.4808955;-0.14572777;9.850964;10.953769;1.1027977;17.354223;0.00033900142;2371.99;4563.694;-531.2722;6900.8296;-101.82667;-137.76555
2022-04-28;3.772807;1.9484152;-0.07568741;750.29865;0.90033966;81.37055;100.0;0.34007254;450.0;756.67316;6.703347;-0.13645552;10.700807;12.520581;1.8197894;18.394426;0.0;2512.949;4830.776;-591.56335;6832.9453;-93.888885;-135.57556
2022-04-29;4.892395;3.4438374;-0.025371552;751.55927;0.90556765;205.87305;100.0;0.3192873;450.0;710.4492;5.915153;-0.09307824;12.436241;15.111417;2.6751757;22.735722;0.0;2845.0083;5465.464;-464.4064;7089.3145;-57.328888;-119.64222
2022-04-30;5.0989075;3.622121;-0.040173847;749.4375;0.99174386;126.6674;100.0;0.29489148;450.0;656.6162;5.912545;-0.084123574;13.190821;14.723643;1.5328155;24.993658;0.0;2888.51;5544.7607;-612.1814;6890.503;-49.990555;-128.56555
2022-05-01;5.3752747;1.9554037;-0.032868702;745.2502;0.61619246;78.62296;100.0;0.27712965;450.0;616.3737;10.191411;-0.07735193;8.98403;9.598136;0.61412156;16.591452;0.0;2034.9928;3904.2917;-359.0386;7097.4556;-50.64;-60.555557
2022-05-02;4.846405;3.49764;0.003133138;745.7559;0.799536;256.37643;100.0;0.25840914;450.0;575.03253;14.2335;-0.036239624;15.489876;19.006208;3.5163312;20.18368;0.0;2092.2512;4014.4634;-160.46417;7352.7656;-18.423334;-88.44889
2022-05-03;4.0978904;3.5365498;0.008229573;747.9781;0.85506755;214.0874;100.0;0.23922968;450.0;532.34863;8.395821;0.004746951;10.994554;12.927771;1.9332097;17.761953;0.0;1735.2128;3326.8027;-61.9575;7429.7817;10.857778;-80.82667
2022-05-04;5.948303;1.4487406;-0.06252798;747.0652;0.9931736;116.47175;100.0;0.21668053;450.0;482.66602;1.9805688;-0.22626388;11.090115;13.251275;2.16116;25.980976;0.0;3114.095;5969.7666;-736.9261;6773.8813;-156.07889;-99.18
2022-05-05;4.9958596;-0.26052856;-0.15123112;745.19434;1.5489546;193.2476;100.0;0.19468708;450.0;433.431;5.2419724;-0.64036715;9.184733;11.638493;2.4537592;20.458902;0.0;3564.4656;6833.979;-1060.1539;6357.319;-481.3578;-105.547775
2022-05-06;1.6035461;0.24516805;-0.14360046;744.31036;0.8203197;118.90387;99.887695;0.17677657;449.99838;393.43262;9.651393;-0.14690496;10.920748;14.6977005;3.7769527;17.49894;0.0065732747;2433.5823;4662.989;-854.50836;6468.0654;-103.90444;-148.96666
2022-05-07;0.105407715;-0.93589276;-0.2376086;745.0428;0.91472274;162.79288;98.81022;0.16349201;446.1439;366.61783;8.99233;-0.3090389;7.2569995;10.567575;3.3105836;14.455408;1.9971765;2492.2117;5042.45;-666.4583;6654.596;-228.10222;-269.34222
2022-05-08;1.0806681;-0.28018188;-0.1477483;747.5673;0.9836712;182.80568;97.653404;0.1526676;433.41016;351.27768;6.416765;-0.35034305;7.490426;12.125492;4.635066;13.116889;0.6683059;2275.3994;5036.767;-588.2106;6782.0166;-257.51666;-237.26
2022-05-09;1.6505839;-0.78603107;-0.20300293;748.17535;1.1419886;133.09163;96.088295;0.13795654;438.0638;314.33105;5.5773582;-0.6252322;8.367911;12.636259;4.268348;15.621684;0.05813688;3179.5955;6760.351;-1002.49194;6379.221;-462.34222;-290.01666
2022-05-10;1.6275736;0.050374348;-0.32066473;748.1379;1.039916;150.59299;95.01205;0.121852875;442.64062;274.6582;5.3113937;-0.35526043;9.502307;15.652865;6.1505437;16.75872;0.05365163;2788.8945;5744.229;-960.6078;6367.828;-253.07222;-257.74222
2022-05-11;2.5472615;-3.022044;-0.6585922;749.20654;1.2515363;153.49094;94.378746;0.10518483;446.07584;235.06673;2.2008896;-0.82210827;7.3184223;13.966531;6.6481156;16.679682;0.0004209578;3767.1738;7575.683;-1468.1672;5846.292;-607.3222;-296.5589
2022-05-12;2.307719;-1.7915751;-0.8874219;750.0962;1.2414511;142.72809;94.04989;0.087312736;446.70312;194.78352;2.028689;-0.62316287;7.419258;14.708564;7.289305;17.71269;0.0;3519.2388;6946.8633;-1441.8262;5825.829;-457.13443;-248.60556
2022-05-13;3.2926838;-2.6953533;-1.0151736;752.6047;1.4593554;34.3659;92.88208;0.069732346;446.5869;155.92448;0.9432614;-0.83497167;8.099675;16.707033;8.607335;17.655033;0.0014938414;3862.2556;7508.566;-1547.3722;5760.7485;-614.1055;-239.68556
2022-05-14;7.991028;0.28556314;-1.1122856;754.1343;1.1521927;175.22414;88.2535;0.047966164;446.5703;107.95084;0.013148784;-0.5967021;10.08071;20.1682;10.087512;23.923061;0.0;4414.815;8333.905;-1571.5139;5918.84;-419.20444;-199.51
2022-05-15;8.998952;1.3407898;-0.643411;752.7825;1.0606607;181.44511;62.309895;0.027327696;446.5703;61.44206;2.3132443;-0.9974223;7.4371247;17.694592;10.257475;17.465153;0.0;4001.0005;6681.14;-1178.0806;6526.3413;-694.8444;-215.32666
2022-05-16;6.66802;2.379069;-0.30881628;748.2542;1.4786843;142.90355;33.999676;0.014873743;446.5703;33.528645;1.9951642;-1.6799923;4.4223967;14.533609;10.11122;10.527916;0.0;4751.05;6918.934;-1386.6372;6502.6665;-1175.6755;-764.17444
2022-05-17;6.8320312;1.9962463;-0.5190404;749.79926;1.1115446;173.93054;17.268229;0.007540544;446.5703;16.967773;0.9088814;-1.9014664;2.046734;11.848659;9.801939;5.5188274;0.0;4716.7275;6370.0513;-1558.4856;6446.4556;-1321.1;-731.01776
2022-05-18;6.6286416;0.4366862;-0.64561206;750.8686;1.2550844;162.59119;8.167399;0.0035520792;446.5703;7.77181;1.1798471;-2.5143325;1.136452;10.439023;9.302549;2.9491372;0.0;5500.1357;7154.6533;-1938.9456;6151.27;-1747.6333;-1085.2667
2022-05-19;8.49767;-0.21021526;-0.5273374;752.27026;1.2703533;169.90141;3.5555828;0.0015399853;446.5703;3.7027996;0.364542;-3.0774307;0.45968592;9.145707;8.686036;1.430057;0.0;6124.951;7817.74;-2135.4556;6141.0146;-2138.6277;-1103.1478
2022-05-20;8.917114;-2.7441711;-0.45666504;749.5726;1.7996339;201.22614;1.4361166;0.00062139827;446.5703;1.6276041;0.6965697;-3.5210104;0.2693832;8.304655;8.035287;0.5868003;0.0;6560.2666;8294.815;-2437.61;5847.156;-2446.7678;-1235.3689
2022-05-21;7.7001243;-0.8906352;-0.499087;751.8682;1.2150108;87.21903;0.576416;0.000248909;446.5703;0.5289714;0.0028431413;-3.553085;0.056117773;7.4613094;7.4051766;0.24667382;0.0;6664.8994;8391.17;-2522.1646;5808.2554;-2468.3777;-1215.4911
2022-05-22;10.675527;0.08678182;-0.39442444;750.2071;0.98108894;173.80635;0.2175293;9.36985e-05;446.5703;-7.345365e-21;0.49743354;-3.2765455;0.092208385;6.917268;6.82506;0.098504126;0.0;5571.81;6998.0615;-1842.67;6724.7373;-2276.1223;-690.61334
2022-05-23;6.9021606;0.013671875;-0.039129894;742.8337;1.8157092;187.02608;0.07877604;3.4014385e-05;433.12924;-7.345365e-21;1.9200444;-2.96616;0.27056038;6.5781326;6.3075724;0.030875206;0.0;5199.255;6519.468;-1635.1511;6674.5547;-2060.5266;-1386.56
2022-05-24;5.9616294;0.50819904;-0.1736641;745.85767;1.7128668;219.02498;0.034016926;1.4623006e-05;428.56216;-7.345365e-21;1.9939393;-2.6703439;0.2696514;6.119773;5.8501287;0.012632459;0.0;5440.839;6813.9077;-1989.2772;6213.3706;-1855.0067;-1469.2322
2022-05-25;6.302358;-3.705363;-0.5880127;750.0588;1.2964907;170.63396;0.014567058;6.477038e-06;428.09375;-7.345365e-21;0.0012844794;-3.5202987;0.001206994;5.44332;5.44212;0.00564754;0.0;6772.0913;8471.652;-2614.47;5604.1436;-2445.4434;-1473.6089
2022-05-26;7.940989;-2.0017292;-0.41614786;752.5081;0.94317526;105.4816;0.0063476562;2.9007595e-06;428.09375;-7.345365e-21;0.00044107434;-3.6528027;0.0005066395;5.077243;5.0767365;0.0026375055;0.0;6748.512;8432.8545;-2567.9038;5850.803;-2537.4812;-1196.4534
2022-05-27;9.829326;0.30092368;-0.16888554;752.3313;1.0211285;91.071144;0.0026041667;1.1920929e-06;428.09375;-7.345365e-21;0.19425154;-3.5553985;0.022873282;4.7734528;4.75058;0.0009946525;0.0;6365.5703;7945.6333;-2355.3577;6258.9307;-2469.8167;-1036.9889
2022-05-28;11.27475;-1.84434;-0.049476624;752.2449;1.1700195;97.09135;0.00056966144;2.3841858e-07;428.09375;-7.345365e-21;0.032055378;-3.6786804;0.0032484531;4.4616756;4.4584274;0.00033155084;0.0;6243.2935;7784.7734;-2346.6943;6298.6733;-2555.4568;-934.8011
2022-05-29;11.440297;-2.2029827;-0.036890667;753.5842;1.2692682;109.223785;0.0;-7.3453654e-25;428.09375;-7.345365e-21;0.013046611;-3.8319826;0.0013560057;4.196495;4.195139;0.00010803342;0.0;6531.392;8135.3843;-2446.2778;6270.9893;-2661.9521;-981.3478
2022-05-30;12.002319;1.0741272;-1.2799898;753.8836;0.9820394;99.34863;0.0;-7.3453654e-25;204.55695;-7.345365e-21;0.17499626;-3.5334694;0.017732382;3.9748251;3.9570928;3.3527613e-05;0.0;6205.6367;7721.3604;-2270.554;6597.8623;-2454.5833;-964.79
2022-05-31;11.986501;2.2484436;-0.8272667;753.1558;1.1149572;78.288826;0.0;-7.3453654e-25;106.605774;-7.345365e-21;1.0739863;-3.459325;0.11867285;3.859967;3.7413015;7.4505806e-06;0.0;6053.05;7523.4033;-2206.0457;6705.253;-2403.078;-989.5344
2022-06-01;13.093648;1.8275961;0.009794871;753.58954;1.1064485;75.73122;0.0;-7.3453654e-25;99.99998;-7.345365e-21;0.4812181;-3.6240592;0.04363805;3.5885425;3.5449042;0.0;0.0;6206.176;7705.681;-2331.1372;6651.6313;-2517.5122;-900.3467
2022-06-02;13.965495;3.2996318;0.010139465;755.89996;0.89777017;109.80225;0.0;-7.3453654e-25;99.99998;-7.345365e-21;0.7720679;-3.5476928;0.072449446;3.4375043;3.3650546;0.0;0.0;6220.332;7715.1035;-2397.0305;6717.1533;-2464.4644;-850.88336
2022-06-03;15.600047;-0.6527608;0.010231018;756.768;1.1823696;83.692085;0.0;-7.3453654e-25;99.99998;-7.345365e-21;0.0010222197;-3.8454459;8.195639e-05;3.199786;3.199704;0.0;0.0;6533.0117;8094.5054;-2545.399;6615.863;-2671.3022;-834.2178
2022-06-04;16.90211;-2.8116047;0.0103213;755.3426;1.3636755;141.96321;0.0;-7.3453654e-25;99.99998;-7.345365e-21;1.1157384;-3.5394068;0.10460615;3.1520128;3.0474067;0.0;0.0;6380.6606;7897.458;-2561.9612;6632.8027;-2458.7078;-900.4033
2022-06-05;16.936422;-3.5026958;0.009914398;753.4372;1.4595674;171.91748;0.0;-7.3453654e-25;99.99998;-7.345365e-21;0.5827427;-3.4905326;0.048920512;2.956018;2.9071047;0.0;0.0;6425.8833;7945.201;-2485.7927;6707.218;-2424.7566;-1095.2211
2022-06-06;15.162984;-0.8518982;0.010073344;751.45636;1.152157;205.69545;0.0;-7.3453654e-25;99.99998;-7.345365e-21;3.1376958;-2.847567;0.29948354;3.0773878;2.7779043;0.0;0.0;5852.899;7229.0913;-2323.0771;6740.368;-1978.11;-1246.0623
2022-06-07;14.435608;-2.5743206;0.0094235735;749.45874;1.3742633;207.86043;0.0;-7.3453654e-25;99.99998;-7.345365e-21;0.0004351138;-3.55779;2.9802322e-05;2.657905;2.6578755;0.0;0.0;6966.8604;8595.916;-2810.0295;6205.3623;-2471.4778;-1409.9467
2022-06-08;13.409576;0.48921713;0.01000468;750.9449;1.2508014;199.76624;0.0;-7.3453654e-25;99.99998;-7.345365e-21;1.3262808;-3.0135214;0.123523176;2.66923;2.545707;0.0;0.0;6655.6123;8203.247;-2558.7266;6485.116;-2093.3923;-1634.6256
2022-06-09;13.7829895;0.21673584;0.0100746155;750.45557;1.5385696;233.23997;0.0;-7.3453654e-25;99.99998;-7.345365e-21;0.04946992;-3.123559;0.0037252903;2.4449825;2.4412572;0.0;0.0;6700.625;8250.092;-2585.4988;6491.1343;-2169.8323;-1641.0878
2022-06-10;13.523519;0.98205566;0.010009766;751.1115;1.1713095;134.49861;0.0;-7.3453654e-25;99.99998;-7.345365e-21;0.1211155;-2.826932;0.008903444;2.3523717;2.343461;0.0;0.0;6495.391;7988.97;-2541.014;6612.387;-1963.7744;-1560.6355
2022-06-11;13.917328;3.4279175;0.009952545;751.28973;1.0661862;102.38084;0.0;-7.3453654e-25;99.99998;-7.345365e-21;0.468578;-2.5361516;0.034317374;2.2865832;2.2522435;0.0;0.0;5761.0737;7078.242;-2290.6372;6989.1826;-1761.78;-1300.1344
2022-06-12;14.973297;1.9388326;0.010005951;748.4709;1.2299805;140.46849;0.0;-7.3453654e-25;99.99998;-7.345365e-21;0.1068145;-2.596749;0.0074356794;2.1743178;2.1668673;0.0;0.0;6076.1445;7457.7;-2463.9177;6861.507;-1803.8756;-1410.5311
2022-06-13;13.802673;-0.14357503;0.00993983;747.0511;1.8837514;173.03859;0.0;-7.3453654e-25;99.99998;-7.345365e-21;1.4167368;-2.4802368;0.09919703;2.1860747;2.0868704;0.0;0.0;6691.3916;8204.324;-2667.084;6520.5483;-1722.9377;-2026.9656
2022-06-14;12.124095;1.7872314;0.010384877;750.3117;1.3355552;191.59685;0.0;-7.3453654e-25;99.99998;-7.345365e-21;0.019481776;-2.1254663;0.0013113022;2.0131617;2.011843;0.0;0.0;6002.621;7352.2954;-2300.37;6802.6265;-1476.49;-1967.7222
2022-06-15;12.991313;-0.023406982;0.009905498;751.60297;1.3211137;139.62865;0.0;-7.3453654e-25;99.99998;-7.345365e-21;0.0053673983;-2.1384006;0.00035762787;1.9411743;1.9408166;0.0;0.0;6130.207;7500.6113;-2470.2996;6708.1562;-1485.4756;-1895.0967
2022-06-16;14.220154;-0.25665283;0.009567261;752.8636;1.104169;130.54935;0.0;-7.3453654e-25;99.99998;-7.345365e-21;0.0;-2.338958;0.0;1.8732399;1.8732399;0.0;0.0;6956.8994;8510.995;-2939.8972;6481.6934;-1624.7966;-1899.5767
2022-06-17;16.021261;-0.6880086;0.009793599;752.788;1.1829312;175.0677;0.0;-7.3453654e-25;99.99998;-7.345365e-21;0.00087022776;-2.2519696;5.9604645e-05;1.8089712;1.8089116;0.0;0.0;7039.8184;8611.34;-3123.1433;6493.225;-1564.3689;-1812.4811
2022-06-18;18.247335;-1.4343363;0.00995636;752.1008;1.2137476;177.44781;0.0;-7.3453654e-25;99.99998;-7.345365e-21;0.0017264474;-2.176961;0.00011920929;1.7479956;1.7478764;0.0;0.0;7020.4443;8586.554;-3194.8186;6656.5996;-1512.2622;-1690.73
2022-06-19;19.51232;0.1260783;0.010211945;753.1954;1.2899224;145.2714;0.0;-7.3453654e-25;99.99998;-7.345365e-21;0.0004351138;-2.0096693;2.9802322e-05;1.6899705;1.6899258;0.0;0.0;6917.125;8459.064;-3033.656;6961.548;-1396.0488;-1883.97
2022-06-20;19.661774;-5.087107;0.009906769;752.2463;1.3311893;255.16588;0.0;-7.3453654e-25;99.99998;-7.345365e-21;0.0;-1.928309;0.0;1.6349405;1.634933;0.0;0.0;7059.5063;8632.083;-3401.8794;6534.2866;-1339.5322;-1916.4567
2022-06-21;17.543203;-3.4732158;0.009880066;746.4327;1.6073675;220.91754;0.0;-7.3453654e-25;99.99998;-7.345365e-21;0.0;-1.7691162;0.0;1.5827268;1.5827268;0.0;0.0;7134.388;8722.534;-3448.7588;6355.519;-1228.9456;-2048.2422
2022-06-22;12.792521;-1.0503947;0.009979248;742.9836;1.5190772;214.96669;0.0;-7.3453654e-25;99.99998;-7.345365e-21;0.010216236;-1.3074474;0.0006556511;1.5341341;1.5334934;0.0;0.0;6446.065;7879.9946;-2773.5098;6579.972;-908.24;-2635.39
2022-06-23;13.3775835;2.2941692;0.010066986;747.8636;1.2067932;185.85762;0.0;-7.3453654e-25;99.99998;-7.345365e-21;0.28745234;-1.2761;0.017553568;1.5047491;1.4872029;0.0;0.0;5897.339;7208.2954;-2456.8938;6975.4814;-886.4644;-2237.479
2022-06-24;13.925273;0.13705444;0.009876251;750.09784;1.6598501;175.16962;0.0;-7.3453654e-25;99.99998;-7.345365e-21;0.004503858;-1.2190249;0.00028312206;1.4435649;1.4433041;0.0;0.0;5643.6343;6897.263;-2427.0496;6902.803;-846.81665;-2199.11
2022-06-25;14.376872;0.3735148;0.01001358;748.7661;1.6365973;206.40819;0.0;-7.3453654e-25;99.99998;-7.345365e-21;3.0886889;-1.5196595;0.21795928;1.619339;1.4013946;0.0;0.0;5774.7974;7056.858;-2165.2522;7403.7534;-1055.6566;-2129.4521
2022-06-26;13.2326355;3.1266887;0.009793599;746.9371;1.5790305;143.11703;0.0;-7.3453654e-25;99.99998;-7.345365e-21;0.3929913;-2.4203007;0.026509166;1.3879687;1.3614669;0.0;0.0;6324.7783;7727.7056;-2421.8562;6889.894;-1681.3022;-2064.6323
2022-06-27;13.536082;0.3913269;0.009708405;749.2522;1.2482853;187.65364;0.0;-7.3453654e-25;99.99998;-7.345365e-21;0.0008583069;-2.1646283;5.9604645e-05;1.3231039;1.3230517;0.0;0.0;6932.6797;8469.344;-2930.959;6439.6646;-1503.6956;-2303.3289
2022-06-28;14.361684;0.0018717448;0.009880066;749.95264;1.2182784;161.94023;0.0;-7.3453654e-25;99.99998;-7.345365e-21;0.0017166131;-1.9484311;0.00010430813;1.2861192;1.2860298;0.0;0.0;7048.76;8610.056;-3161.726;6322.9087;-1353.51;-2193.4766
2022-06-29;15.653575;-2.7419026;0.00995636;750.4668;1.1531198;149.56847;0.0;-7.3453654e-25;99.99998;-7.345365e-21;0.00085532654;-1.7870935;5.9604645e-05;1.2504905;1.2504458;0.0;0.0;7131.726;8710.269;-3414.3628;6235.8965;-1241.4333;-2066.791
2022-06-30;16.848398;-2.1255493;0.00974528;749.76385;1.1846894;95.092354;0.0;-7.3453654e-25;99.99998;-7.345365e-21;0.0;-1.6336571;0.0;1.2162328;1.2162254;0.0;0.0;7022.5854;8575.807;-3334.5173;6525.162;-1134.8467;-2021.9867
2022-07-01;17.44165;-1.1626587;0.009929657;748.46014;1.2083887;150.48906;0.0;-7.3453654e-25;99.99998;-7.345365e-21;0.0013042245;-1.498131;7.4505806e-05;1.1834204;1.1833534;0.0;0.0;6996.4854;8542.841;-3329.3228;6620.1953;-1040.7023;-2169.5356
2022-07-02;16.949148;-1.7230123;0.009654999;747.2558;1.3776633;109.0687;0.0;-7.3453654e-25;99.99998;-7.345365e-21;0.0;-1.4196746;0.0;1.1518002;1.1518226;0.0;0.0;7038.5273;8593.057;-3284.1194;6676.6304;-986.2011;-2275.6367
2022-07-03;15.771749;4.0119834;0.009732564;747.9908;1.5643533;39.07812;0.0;-7.3453654e-25;99.99998;-7.345365e-21;0.5890459;-1.2305956;0.0333637;1.1552721;1.1219158;0.0;0.0;6116.019;7465.8667;-2723.537;7066.3887;-854.85333;-2250.8755
2022-07-04;15.672638;3.0835571;0.009765625;749.4288;1.7497582;44.081036;0.0;-7.3453654e-25;100.00259;-7.345365e-21;0.02745688;-1.3557523;0.0015944242;1.0949969;1.0933876;0.0;0.0;6470.224;7897.32;-2925.149;6841.005;-941.79553;-2300.3855
2022-07-05;16.083984;0.5838725;0.009894053;749.88434;1.6500235;45.728863;0.0;-7.3453654e-25;99.99998;-7.345365e-21;0.004252296;-1.3007596;0.00023841858;1.0659993;1.0657682;0.0;0.0;6575.241;8024.467;-3058.6646;6770.4346;-903.5944;-2239.29
2022-07-06;15.865001;2.0375366;0.009914398;749.67676;1.8840955;46.028126;0.0;-7.3453654e-25;99.99998;-7.345365e-21;0.0004351138;-1.170002;2.9802322e-05;1.0392368;1.039207;0.0;0.0;6636.628;8098.329;-2994.09;6814.3535;-812.7611;-2454.9988
2022-07-07;16.64038;3.9802043;0.009944916;749.9395;1.2009816;97.123726;0.0;-7.3453654e-25;99.99998;-7.345365e-21;0.20537823;-1.0543596;0.01090765;1.0248274;1.0139197;0.0;0.0;5375.1406;6558.0693;-2402.365;7477.431;-732.4278;-1861.8112
2022-07-08;16.834604;3.6458232;0.010201772;750.23676;1.0608324;134.32207;0.0;-7.3453654e-25;99.99998;-7.345365e-21;0.041937828;-0.97398275;0.0022947788;0.9921193;0.98982453;0.0;0.0;4861.977;5931.2207;-2242.8127;7635.509;-676.5933;-1628.7333
2022-07-09;18.166891;3.235677;0.009979248;749.0413;0.8029941;90.07285;0.0;-7.3453654e-25;99.99998;-7.345365e-21;0.0030111324;-0.9825537;0.00016391277;0.96678734;0.9666085;0.0;0.0;4905.7437;5983.757;-2445.9556;7522.847;-682.5478;-1439.6367
2022-07-10;19.520102;0.065592445;0.009737651;747.9488;1.2931689;129.60762;0.0;-7.3453654e-25;99.99998;-7.345365e-21;0.0012904402;-1.306015;7.4505806e-05;0.94394386;0.94386935;0.0;0.0;6950.4146;8476.755;-3330.038;6907.75;-907.24445;-2237.88
2022-07-11;19.71287;-4.178009;0.009990692;749.90094;1.3864609;113.03235;0.0;-7.3453654e-25;99.99998;-7.345365e-21;0.0;-1.2388229;0.0;0.9216964;0.9216815;0.0;0.0;7145.8364;8713.985;-3752.803;6382.3433;-860.5689;-2212.3245
2022-07-12;19.45107;-5.045695;0.009749095;751.9799;1.3883733;98.665565;0.0;-7.3453654e-25;99.99998;-7.345365e-21;0.0012814989;-1.2156684;7.4505806e-05;0.90038776;0.9003207;0.0;0.0;7085.848;8639.668;-3628.4316;6529.979;-844.48444;-2132.0579
2022-07-13;20.19465;-1.4753011;0.009793599;750.66455;1.3836223;95.51859;0.0;-7.3453654e-25;99.99998;-7.345365e-21;0.0017169586;-1.202181;8.940697e-05;0.87971985;0.879623;0.0;0.0;6989.8384;8521.52;-3468.7197;6836.5347;-835.11334;-2196.9155
2022-07-14;21.641327;1.7430929;0.010250092;749.6304;1.4138585;104.651085;0.0;-7.3453654e-25;99.99998;-7.345365e-21;0.0008583069;-1.2060609;4.4703484e-05;0.8596331;0.8595884;0.0;0.0;6797.2124;8285.606;-3158.5234;7397.481;-837.8111;-2174.149
2022-07-15;21.125315;1.5058492;0.009900411;751.76935;1.712437;55.67308;0.0;-7.3453654e-25;99.99998;-7.345365e-21;0.0004351138;-1.1452754;2.9802322e-05;0.8402616;0.8402392;0.0;0.0;6843.9404;8341.532;-3339.4624;7118.1724;-795.5833;-2316.2622
2022-07-16;21.502237;0.58374023;0.00977834;751.5241;1.3822755;125.458466;0.0;-7.3453654e-25;99.99998;-7.345365e-21;0.0008553266;-1.1591818;4.4703484e-05;0.8215606;0.8215159;0.0;0.0;6851.88;8349.337;-3330.0425;7198.78;-805.24445;-2236.2722
2022-07-17;21.85201;-0.13868205;0.01027298;751.459;1.3632709;132.86761;0.0;-7.3453654e-25;99.99998;-7.345365e-21;0.0017225739;-1.1399183;8.940697e-05;0.8035153;0.8034259;0.0;0.0;6800.7515;8285.164;-3290.5657;7309.2725;-791.86334;-2231.389
2022-07-18;21.657654;0.5016276;0.009847005;751.97235;1.3984118;120.476105;0.0;-7.3453654e-25;99.99998;-7.345365e-21;0.0;-1.0685501;0.0;0.78594685;0.7859543;0.0;0.0;6444.1006;7848.818;-3104.209;7444.5054;-742.2856;-2193.1423
2022-07-19;21.181223;0.21959431;0.00999705;752.3205;1.4226898;100.267876;0.0;-7.3453654e-25;99.99998;-7.345365e-21;0.00086426723;-1.0558982;5.9604645e-05;0.76913834;0.76907873;0.0;0.0;6585.09;8018.769;-3181.588;7325.6313;-733.49664;-2308.29
2022-07-20;21.286306;-1.5910136;0.009993236;750.81415;1.2857946;154.8511;0.0;-7.3453654e-25;99.99998;-7.345365e-21;0.0;-1.0729935;0.0;0.75268745;0.75268745;0.0;0.0;6853.217;8343.467;-3437.703;7049.66;-745.37335;-2342.4822
2022-07-21;19.852713;-4.490397;0.010139465;749.24554;1.6508352;242.90611;0.0;-7.3453654e-25;99.99998;-7.345365e-21;0.0017273097;-0.9923018;8.940697e-05;0.73698163;0.7368773;0.0;0.0;6967.7163;8481.006;-3586.5378;6655.8555;-689.32;-2477.0789
2022-07-22;18.46904;-2.7583923;0.009809411;750.0809;1.3324658;215.28748;0.0;-7.345365e-25;99.99999;-7.345365e-21;0.00084862765;-0.93783253;4.4703484e-05;0.72166324;0.72160363;0.0;0.0;6982.032;8496.556;-3511.1538;6566.689;-651.48224;-2584.8066
2022-07-23;18.256561;-1.7417704;0.009899139;749.21564;1.2488363;121.02118;0.0;-7.3453654e-25;99.99998;-7.345365e-21;0.0;-0.9679077;0.0;0.7067621;0.7067621;0.0;0.0;6785.8228;8255.849;-3329.3733;6874.2544;-672.37335;-2457.6968
2022-07-24;17.718466;-0.5872803;0.010176341;747.25604;1.4948908;114.349464;0.0;-7.3453654e-25;99.99998;-7.345365e-21;0.004264412;-0.9013191;0.00017881393;0.69256127;0.692375;0.0;0.0;6598.8457;8026.4634;-3240.5623;6861.8906;-626.11664;-2509.879
2022-07-25;17.502075;0.4798584;0.009952545;748.4941;1.3364173;109.7512;0.0;-7.3453654e-25;99.99998;-7.345365e-21;0.0008583069;-0.89533347;4.4703484e-05;0.6785244;0.6784797;0.0;0.0;6700.725;8148.5527;-3287.3354;6794.839;-621.95886;-2534.699
2022-07-26;17.865509;-0.09786987;0.0097846985;749.3294;1.399807;149.94147;0.0;-7.3453654e-25;99.99998;-7.345365e-21;0.00085814187;-0.8767433;4.4703484e-05;0.6650388;0.6649941;0.0;0.0;6551.355;7965.2305;-3260.355;6801.492;-609.04333;-2462.0444
2022-07-27;18.63497;-6.212046;0.010186513;749.70135;1.3709607;153.37927;0.0;-7.3453654e-25;99.99998;-7.345365e-21;0.001275539;-0.92764944;5.9604645e-05;0.6519854;0.6519109;0.0;0.0;6926.845;8419.857;-3575.043;6561.961;-644.4067;-2400.2
2022-07-28;19.49524;-5.73821;0.009771983;752.1795;1.2672018;112.29748;0.0;-7.3453654e-25;99.99998;-7.345365e-21;0.0017166131;-0.9432696;8.940697e-05;0.6392598;0.6391853;0.0;0.0;6892.298;8376.042;-3580.314;6673.4507;-655.25775;-2267.7788
2022-07-29;20.168264;1.0664266;0.009571075;753.168;1.0997077;89.658356;0.0;-7.3453654e-25;99.99998;-7.345365e-21;0.004446505;-0.8830279;0.00020861626;0.62704086;0.62684715;0.0;0.0;6186.3613;7516.4077;-3037.672;7350.1387;-613.4089;-2079.4734
2022-07-30;20.369802;1.3411661;0.010105133;752.4367;1.3306684;161.6834;0.0;-7.3453654e-25;99.99998;-7.345365e-21;0.0025724922;-0.8224342;0.00011920929;0.6150454;0.6149262;0.0;0.0;5851.9287;7108.473;-2911.3174;7435.307;-571.31775;-2081.4822
2022-07-31;20.115774;-2.5720417;0.009919484;750.25366;1.4512302;148.03839;0.0;-7.3453654e-25;99.99998;-7.345365e-21;0.0008583069;-0.8338932;5.9604645e-05;0.6034374;0.6034002;0.0;0.0;6140.3633;7457.188;-3117.9353;7177.18;-579.2778;-2149.1
2022-08-01;20.340271;-2.1547444;0.010040283;750.5051;1.4978223;147.9573;0.0;-7.3453654e-25;99.99998;-7.345365e-21;0.0017195216;-0.869792;8.940697e-05;0.59224665;0.59215724;0.0;0.0;6665.133;8092.7744;-3291.7798;7038.089;-604.2156;-2437.9521
2022-08-02;21.213419;-1.2312216;0.009676616;751.5435;1.4701127;140.74126;0.0;-7.3453654e-25;99.99998;-7.345365e-21;0.0012814989;-0.783924;7.4505806e-05;0.5813241;0.5812645;0.0;0.0;6084.928;7386.6;-3008.6802;7299.7446;-544.56555;-2221.5388
2022-08-03;20.987488;-1.3549601;0.009951274;752.3872;1.5733714;144.00026;0.0;-7.3453654e-25;99.99998;-7.345365e-21;0.00044107434;-0.8137114;2.9802322e-05;0.5707443;0.570707;0.0;0.0;6629.855;8046.385;-3266.895;7063.3257;-565.25775;-2550.7822
2022-08-04;20.937857;-0.7195943;0.0099436445;753.5782;1.1922575;116.24734;0.0;-7.3453654e-25;99.99998;-7.345365e-21;0.0021199512;-0.8905651;0.00011920929;0.5604476;0.56032836;0.0;0.0;6648.0596;8066.673;-3368.4841;7114.734;-618.64557;-2193.8489
2022-08-05;21.802988;0.09870402;0.009735107;752.42084;1.4372874;191.39378;0.0;-7.3453654e-25;99.99998;-7.345365e-21;0.0012844794;-0.8639041;7.4505806e-05;0.5502701;0.5501956;0.0;0.0;6555.0806;7952.089;-3311.335;7232.18;-600.12555;-2280.0034
2022-08-06;20.645569;4.7207437;0.00990804;749.99677;1.3833026;251.15874;0.0;-7.3453654e-25;99.99998;-7.345365e-21;0.8231163;-0.9875158;0.042185187;0.5827248;0.5405471;0.0;0.0;5369.7476;6512.688;-2506.4695;7758.229;-685.99445;-1974.8267
2022-08-07;20.556803;2.2829182;0.00987498;749.04034;1.6390505;171.5248;0.0;-7.3453654e-25;99.99998;-7.345365e-21;0.0008375543;-1.0442612;4.4703484e-05;0.5311966;0.5311668;0.0;0.0;6426.471;7792.561;-3086.6455;7231.3643;-725.4144;-2422.2556
2022-08-08;20.091562;0.9500529;0.009962718;750.8084;1.3541945;207.9528;0.0;-7.3453654e-25;99.99998;-7.345365e-21;0.0;-0.8688215;0.0;0.52189827;0.52189827;0.0;0.0;6562.997;7956.391;-3348.2227;6905.3022;-603.54224;-2359.2
2022-08-09;19.743225;1.0433248;0.010040283;751.37427;1.2274963;106.36727;0.0;-7.3453654e-25;99.99998;-7.345365e-21;0.0021447996;-0.85324794;0.00011920929;0.5129278;0.51282346;0.0;0.0;6551.54;7940.722;-3353.9795;6992.3765;-592.7233;-2249.3545
2022-08-10;20.453552;3.4604492;0.0095659895;750.55975;1.4474303;116.06277;0.0;-7.3453654e-25;99.99998;-7.345365e-21;0.00044107434;-0.805717;1.4901161e-05;0.5039871;0.5039722;0.0;0.0;6436.7954;7799.9224;-3232.7527;7141.981;-559.70447;-2365.0579
2022-08-11;20.8207;-0.29555258;0.009812673;750.5109;1.3141283;117.39495;0.0;-7.3453654e-25;99.99998;-7.345365e-21;0.0008583069;-0.80068594;4.4703484e-05;0.4954189;0.4953742;0.0;0.0;6526.1113;7906.3823;-3438.9448;6932.7476;-556.21;-2237.9744
2022-08-12;21.110983;-0.96939087;0.009933472;750.897;1.3989949;99.94256;0.0;-7.3453654e-25;99.99998;-7.345365e-21;0.00042716597;-0.8041728;1.4901161e-05;0.48702955;0.48701465;0.0;0.0;6570.884;7958.845;-3495.1768;6926.3423;-558.6311;-2181.351
2022-08-13;21.640543;3.9602764;0.009923299;750.2165;1.4493374;91.45263;0.0;-7.3453654e-25;100.00779;-7.345365e-21;0.00085532654;-0.8000117;4.4703484e-05;0.47886372;0.4788339;0.0;0.0;6389.974;7738.0283;-3214.678;7322.09;-555.7411;-2243.3545
2022-08-14;21.082855;0.96673584;0.009925842;750.39813;1.4234953;115.01111;0.0;-7.3453654e-25;99.99998;-7.345365e-21;0.0012934206;-0.77200496;5.9604645e-05;0.4709065;0.4708469;0.0;0.0;6457.2026;7817.6987;-3382.972;7036.3013;-536.2856;-2327.5732
2022-08-15;21.142435;-1.1878357;0.01037852;752.0073;1.3152915;149.32195;0.0;-7.3453654e-25;99.99998;-7.345365e-21;0.0004287652;-0.75283927;1.4901161e-05;0.463143;0.4631132;0.0;0.0;6542.037;7918.678;-3598.6025;6748.625;-522.9722;-2188.6433
2022-08-16;21.335428;-5.8209176;0.010026296;752.851;1.3402959;101.19004;0.0;-7.3453654e-25;99.99998;-7.345365e-21;0.0017195934;-0.7591024;8.940697e-05;0.4556924;0.45561045;0.0;0.0;6615.067;8006.0796;-3793.0017;6540.9653;-527.3233;-2043.2378
2022-08-17;21.483215;-8.16859;0.009892781;751.9609;1.5547811;99.56394;0.0;-7.3453654e-25;99.99998;-7.345365e-21;0.0;-0.7439386;0.0;0.44831634;0.44831634;0.0;0.0;6503.17;7869.617;-3529.5684;6834.64;-516.79;-2124.4766
2022-08-18;21.187418;-8.8854265;0.009989421;750.91547;1.52488;107.634285;0.0;-7.3453654e-25;99.99998;-7.345365e-21;0.0023394823;-0.7346738;7.4505806e-05;0.4412532;0.44116378;0.0;0.0;6362.9873;7698.9565;-3472.7595;6858.187;-510.35223;-2195.2844
2022-08-19;20.369547;-9.931537;0.009986877;750.5302;1.4756784;125.586784;0.0;-7.3453654e-25;99.99998;-7.345365e-21;0.0012945875;-0.7060431;5.9604645e-05;0.43426454;0.4341975;0.0;0.0;6496.34;7859.504;-3620.7178;6567.6333;-490.46445;-2187.9268
2022-08-20;18.420767;-4.0142417;0.010112762;751.6243;1.4392334;114.35633;0.0;-7.3453654e-25;99.99998;-7.345365e-21;0.002509355;-0.5782377;0.00010430813;0.42758882;0.4274845;0.0;0.0;5212.2866;6305.274;-2844.2927;7126.6143;-401.68222;-1897.0522
2022-08-21;18.154215;-2.510661;0.009750366;751.21796;1.4424168;63.81956;0.0;-7.3453654e-25;99.99998;-7.345365e-21;0.0004718882;-0.62652117;1.4901161e-05;0.4209578;0.420928;0.0;0.0;5583.4155;6753.5415;-2975.8506;7029.4263;-435.22333;-2035.9534
2022-08-22;17.908152;-0.46599326;0.009947459;751.46625;1.3052012;62.925404;0.0;-7.3453654e-25;99.99998;-7.345365e-21;0.0076293945;-0.59073234;0.0002682209;0.41478872;0.4145354;0.0;0.0;5289.175;6396.8926;-2780.1758;7189.5645;-410.3622;-1924.47
2022-08-23;18.044159;0.4207357;0.010040283;753.3835;1.5220202;59.47658;0.0;-7.3453654e-25;99.99998;-7.345365e-21;0.012370944;-0.60110724;0.00055134296;0.40882826;0.40827692;0.0;0.0;5401.9976;6532.4844;-2829.2688;7175.925;-417.56888;-1992.7023
2022-08-24;18.312399;-0.71796674;0.009677887;754.23566;1.5551394;54.476162;0.0;-7.3453654e-25;99.99998;-7.345365e-21;0.00085234636;-0.65381455;4.4703484e-05;0.40216744;0.4021302;0.0;0.0;5924.601;7163.648;-3119.5989;6943.8735;-454.18222;-2154.8354
2022-08-25;18.569693;-1.8961588;0.010501862;753.3298;1.3046519;75.60165;0.0;-7.3453654e-25;99.99998;-7.345365e-21;0.0008583069;-0.64533764;4.4703484e-05;0.39613247;0.39608777;0.0;0.0;5734.455;6932.778;-3095.2627;6981.238;-448.29443;-1973.8367
2022-08-26;18.754995;-2.820343;0.010495503;753.36505;1.1826459;84.231834;0.0;-7.3453654e-25;99.99998;-7.345365e-21;0.0;-0.6166203;0.0;0.3902316;0.3902316;0.0;0.0;5439.973;6575.9717;-3010.2266;7058.2188;-428.34555;-1814.7966
2022-08-27;18.93984;-4.02829;0.010098775;754.43854;1.2180908;113.16018;0.0;-7.3453654e-25;99.99998;-7.345365e-21;0.0;-0.5617151;0.0;0.38453937;0.38456172;0.0;0.0;4933.678;5963.2617;-2780.9258;7209.473;-390.205;-1623.1644
2022-08-28;18.761618;-4.6536584;0.009958903;754.95215;1.1150218;113.10995;0.0;-7.3453654e-25;99.99998;-7.345365e-21;0.00042617318;-0.59282595;1.4901161e-05;0.37905574;0.37902594;0.0;0.0;5199.4624;6283.67;-2914.3716;7115.7944;-411.81668;-1699.2411
2022-08-29;18.959665;-5.4100037;0.010222117;755.56354;1.3282707;134.44865;0.0;-7.3453654e-25;99.99998;-7.345365e-21;0.0;-0.62941575;0.0;0.3735721;0.3735721;0.0;0.0;5806.947;7017.0117;-3193.455;6866.05;-437.23334;-1977.5712
2022-08-30;18.962036;-6.5528464;0.010186513;756.34204;1.3204087;129.92505;0.0;-7.3453654e-25;99.99998;-7.345365e-21;0.0004351138;-0.63209236;2.9802322e-05;0.3682226;0.3682077;0.0;0.0;5922.914;7156.3145;-3282.9622;6773.5713;-439.09222;-1991.5956
2022-08-31;19.223724;-6.480947;0.009714763;755.6468;1.2215008;156.97809;0.0;-7.3453654e-25;99.99998;-7.345365e-21;0.00044107434;-0.61543286;1.4901161e-05;0.3629774;0.36296248;0.0;0.0;5671.6406;6851.884;-3202.171;6857.2534;-427.52;-1841.1011
2022-09-01;19.353811;-5.901113;0.009933472;754.9504;1.1734713;178.72874;0.0;-7.3453654e-25;99.99998;-7.345365e-21;0.0008612871;-0.5272962;4.4703484e-05;0.3579408;0.35790354;0.0;0.0;4674.07;5645.988;-2740.75;7239.3115;-366.29443;-1439.7056
2022-09-02;19.538443;-6.1675515;0.009791057;756.1634;1.0517749;108.599846;0.0;-7.3453654e-25;99.99998;-7.345365e-21;0.0008540496;-0.5032085;4.4703484e-05;0.3530532;0.3530234;0.0;0.0;4314.3135;5210.901;-2584.3818;7392.7446;-349.56223;-1247.348
2022-09-03;19.689981;-4.4823403;0.009952545;756.28253;1.1876239;110.347466;0.0;-7.3453654e-25;99.99998;-7.345365e-21;0.00043511385;-0.5823579;1.4901161e-05;0.34822524;0.34821033;0.0;0.0;5139.185;6206.5054;-2913.7878;7191.1943;-404.54443;-1571.5464
2022-09-04;19.721354;-4.206716;0.0099983215;754.0425;1.4091148;164.90114;0.0;-7.3453654e-25;99.99998;-7.345365e-21;0.0008511478;-0.5937414;4.4703484e-05;0.34347177;0.34344196;0.0;0.0;5581.6816;6739.972;-3071.3838;7037.461;-412.4522;-1879.1855
2022-09-05;18.70102;-4.346537;0.01003011;751.9856;1.5411254;179.27214;0.0;-7.3453654e-25;99.99998;-7.345365e-21;0.001285016;-0.5643684;5.9604645e-05;0.3388226;0.338763;0.0;0.0;5710.423;6894.645;-3246.5518;6686.541;-392.0478;-2022.1045
2022-09-06;17.26299;-0.6158447;0.010093689;750.6099;1.5560201;220.55962;0.0;-7.3453654e-25;99.99998;-7.345365e-21;0.50094223;-0.62547064;0.02425909;0.35849214;0.3342256;0.0;0.0;5429.599;6554.818;-2930.389;6775.1294;-434.49335;-2012.9403
2022-09-07;15.826141;-0.54262286;0.010153453;750.94293;1.3887657;215.86348;0.0;-7.3453654e-25;99.99998;-7.345365e-21;0.027412176;-0.6463993;0.0013262033;0.3311634;0.32982975;0.0;0.0;5457.008;6587.076;-2950.3682;6584.8975;-449.0311;-2128.1223
2022-09-08;15.400004;-2.5125935;0.009887695;753.57355;1.3537087;205.203;0.0;-7.3453654e-25;99.99998;-7.345365e-21;0.0012894779;-0.58064234;5.9604645e-05;0.32556057;0.32550097;0.0;0.0;5550.6797;6699.3413;-3065.476;6399.072;-403.35223;-2123.2969
2022-09-09;15.282552;-6.893412;0.010462443;754.5638;1.2404736;182.62889;0.0;-7.3453654e-25;99.99998;-7.345365e-21;0.0012993806;-0.5549928;5.9604645e-05;0.32129884;0.32123923;0.0;0.0;5601.738;6760.1733;-3230.248;6217.1777;-385.53555;-1959.13
2022-09-10;15.303264;-8.772736;0.010382335;753.8776;1.2532603;124.71935;0.0;-7.3453654e-25;99.99998;-7.345365e-21;0.0008583069;-0.543695;4.4703484e-05;0.3171116;0.31705946;0.0;0.0;5599.0522;6756.099;-3325.4326;6159.6255;-377.68777;-1829.0377
2022-09-11;15.329671;-6.8431396;0.009936015;752.1313;1.162342;113.31011;0.0;-7.3453654e-25;99.99998;-7.345365e-21;0.00086000946;-0.529347;4.4703484e-05;0.3129989;0.3129691;0.0;0.0;5502.0327;6638.2134;-3195.0168;6345.9077;-367.72;-1783.7456
2022-09-12;15.797048;-3.3214824;0.009989421;750.2587;1.1943737;173.35426;0.0;-7.3453654e-25;99.99998;-7.345365e-21;0.0;-0.5075345;0.0;0.30896068;0.30894578;0.0;0.0;5385.263;6496.5713;-3067.4019;6508.1323;-352.56668;-1878.0244
2022-09-13;15.713521;-4.226064;0.010340373;749.35944;1.594592;243.34264;0.0;-7.3453654e-25;99.99998;-7.345365e-21;0.0017285338;-0.4653353;8.940697e-05;0.30510128;0.30503422;0.0;0.0;5370.1187;6477.565;-3007.5022;6418.6455;-323.25333;-2010.6217
2022-09-14;14.553569;-4.634186;0.009988149;750.4927;1.3943996;218.54439;0.0;-7.3453654e-25;99.99998;-7.345365e-21;0.0008523463;-0.44398755;4.4703484e-05;0.30127168;0.30123442;0.0;0.0;5343.118;6444.2305;-3043.5881;6248.2515;-308.42334;-2051.7737
2022-09-15;13.538493;-2.1680706;0.009936015;752.55646;1.1852359;135.75424;0.0;-7.3453654e-25;99.99998;-7.345365e-21;0.00043008488;-0.4501529;1.4901161e-05;0.29751658;0.29750913;0.0;0.0;5115.602;6169.0537;-2875.2344;6445.5044;-312.70667;-1882.4933
2022-09-16;14.766286;-2.2322693;0.009915669;752.28204;1.1532942;97.34115;0.0;-7.3453654e-25;99.99998;-7.345365e-21;0.0030068776;-0.48402512;0.00014901161;0.2939701;0.29382855;0.0;0.0;5153.2974;6209.089;-2937.601;6556.436;-336.23666;-1702.8256
2022-09-17;15.910909;-2.9728801;0.009787242;752.289;1.2123206;51.7074;0.0;-7.3453654e-25;99.99998;-7.345365e-21;0.0017279235;-0.4952941;8.940697e-05;0.29028952;0.29020756;0.0;0.0;5094.5527;6132.9873;-2935.3335;6676.8457;-344.06332;-1627.9708
2022-09-18;16.94979;-5.338043;0.010066986;753.1491;1.2007403;142.89003;0.0;-7.3453654e-25;99.99998;-7.345365e-21;0.0008583069;-0.49957448;2.9802322e-05;0.28666854;0.2866462;0.0;0.0;5147.33;6191.0864;-3069.5386;6544.0454;-347.03778;-1614.1078
2022-09-19;16.43751;-6.8664756;0.009953816;752.9467;1.4594593;156.59517;0.0;-7.3453654e-25;99.99998;-7.345365e-21;0.0030015134;-0.46359187;0.00013411045;0.28333068;0.28318167;0.0;0.0;5127.0005;6161.2285;-3040.085;6443.4243;-322.04224;-1733.0873
2022-09-20;15.249553;-8.827128;0.009629567;752.50464;1.1419548;133.66515;0.0;-7.3453654e-25;99.99998;-7.345365e-21;0.0;-0.4541781;0.0;0.2797991;0.27979165;0.0;0.0;5053.0527;6067.181;-3063.3584;6288.831;-315.50333;-1645.973
2022-09-21;14.048096;-3.2904968;0.009933472;751.5573;1.8104151;152.37225;0.0;-7.3453654e-25;99.99998;-7.345365e-21;1.0512769;-0.5835146;0.04926324;0.3258437;0.27658045;0.0;0.0;4099.803;4918.3027;-2105.4407;7025.4434;-405.34888;-1635.4366
2022-09-22;11.056651;2.26357;0.010026296;751.2502;1.2201518;197.13344;0.0;-7.3453654e-25;99.99998;-7.345365e-21;1.6888708;-0.7849559;0.08791685;0.36142766;0.27351826;0.0;0.0;3941.1067;4723.944;-1952.0673;6939.5435;-545.2833;-1653.9889
2022-09-23;11.727478;-1.7363586;0.010238647;751.77313;1.3382701;209.81128;0.0;-7.3453654e-25;99.99998;-7.345365e-21;0.025466084;-0.95324403;0.001013279;0.27146935;0.27046353;0.0;0.0;4901.069;5869.3384;-2672.7441;6228.0317;-662.18665;-1771.8722
2022-09-24;11.697784;-0.37728882;0.009906769;752.87726;1.4140712;237.28215;0.0;-7.3453654e-25;99.99998;-7.345365e-21;0.0016982985;-0.7678792;8.940697e-05;0.26746094;0.267379;0.0;0.0;4900.349;5863.3755;-2669.2583;6237.036;-533.42;-1726.4388
2022-09-25;11.417999;-0.25552368;0.010026296;752.96844;0.903341;113.735756;0.0;-7.3453654e-25;99.99998;-7.345365e-21;0.0004351138;-0.6983038;1.4901161e-05;0.2643466;0.2643466;0.0;0.0;4947.125;5914.1455;-2845.6753;6154.6934;-485.0889;-1591.1631
2022-09-26;12.233002;-1.9367676;0.010205586;753.9607;1.2027663;60.136005;0.0;-7.3453654e-25;99.99998;-7.345365e-21;0.00086426723;-0.60965306;4.4703484e-05;0.26139617;0.26135147;0.0;0.0;4949.3843;5911.7827;-2961.775;6083.481;-423.50555;-1534.62
2022-09-27;13.414978;-5.9171777;0.010014852;753.0689;1.1010073;167.56631;0.0;-7.3453654e-25;99.99998;-7.345365e-21;0.00042617318;-0.55352974;1.4901161e-05;0.25840104;0.2583936;0.0;0.0;4934.838;5889.318;-3027.7922;6073.0713;-384.5189;-1439.6877
2022-09-28;14.200053;-7.413564;0.009958903;752.2596;1.1012744;216.22498;0.0;-7.3453654e-25;99.99998;-7.345365e-21;0.0;-0.49054807;0.0;0.2554953;0.25548786;0.0;0.0;4921.7666;5868.6436;-3124.9978;6001.8716;-340.76666;-1425.6533
2022-09-29;14.458293;-10.18721;0.010484059;752.4434;1.1500591;160.92447;0.0;-7.3453654e-25;99.99998;-7.345365e-21;0.0004351138;-0.45987403;1.4901161e-05;0.252679;0.25265664;0.0;0.0;4847.49;5775.086;-3063.0571;6074.38;-319.4589;-1379.4434
2022-09-30;13.959371;-9.295115;0.010075887;754.47363;1.2410632;97.06155;0.0;-7.3453654e-25;99.99998;-7.345365e-21;0.0;-0.44660455;0.0;0.24986267;0.24987012;0.0;0.0;4825.859;5744.3423;-3065.2966;6089.2754;-310.24112;-1397.4856
2022-10-01;13.115346;-3.168803;0.010017395;755.065;1.2493746;51.58707;0.0;-7.3453654e-25;99.99998;-7.345365e-21;0.0012874597;-0.42417553;5.9604645e-05;0.24718046;0.24712086;0.0;0.0;4710.3667;5602.032;-2876.2705;6301.3945;-294.66;-1428.52
2022-10-02;13.624166;-4.4593606;0.009928386;751.9047;1.0536598;148.53659;0.0;-7.3453654e-25;99.99998;-7.345365e-21;0.0;-0.41199195;0.0;0.24440885;0.2444163;0.0;0.0;4700.3057;5585.2744;-2933.8723;6187.312;-286.19778;-1449.1353
2022-10-03;12.851013;-5.8524375;0.010457356;751.4717;1.140097;251.53723;0.0;-7.3453654e-25;99.99998;-7.345365e-21;0.001275539;-0.37193114;5.9604645e-05;0.24184585;0.24178624;0.0;0.0;4647.174;5517.3877;-2859.7153;6113.8354;-258.36777;-1603.5723
2022-10-04;12.546794;-5.2372947;0.010325114;756.1428;1.1684874;199.15808;0.0;-7.3453654e-25;99.99998;-7.345365e-21;0.0017269104;-0.35621318;8.940697e-05;0.23929775;0.23921579;0.0;0.0;4637.2646;5500.9;-2784.215;6128.614;-247.44888;-1617.1578
2022-10-05;13.238698;-6.2849526;0.0102717085;758.35297;1.2211028;119.76809;0.0;-7.3453654e-25;99.99998;-7.345365e-21;0.0017046923;-0.3721444;8.940697e-05;0.23676455;0.23669004;0.0;0.0;4412.5527;5229.851;-2706.5195;6290.188;-258.51666;-1426.7444
2022-10-06;13.545644;-5.478943;0.00995636;756.98236;1.1796583;151.95824;0.0;-7.3453654e-25;99.99998;-7.345365e-21;0.13230248;-0.39546284;0.006213784;0.24043024;0.234209;0.0;0.0;4339.9604;5139.3965;-2631.825;6412.551;-274.71555;-1366.33
2022-10-07;13.302144;-6.391327;0.009961446;755.7419;1.0465147;81.673256;0.0;-7.3453654e-25;99.99998;-7.345365e-21;0.0;-0.43625477;0.0;0.23175776;0.23175776;0.0;0.0;4240.8525;5017.7007;-2643.3772;6489.079;-303.05222;-1196.2489
2022-10-08;13.439717;-5.8851013;0.009886424;755.07404;1.1890222;111.92969;0.0;-7.3453654e-25;99.99998;-7.345365e-21;0.00047683716;-0.3786115;1.4901161e-05;0.22937357;0.22935867;0.0;0.0;4249.452;5023.5547;-2666.1968;6314.8105;-263.00888;-1327.81
2022-10-09;11.671753;-4.2619424;0.010019938;753.31757;1.698392;166.90877;0.0;-7.3453654e-25;99.99998;-7.345365e-21;0.34623146;-0.3227815;0.016242266;0.24333596;0.2270639;0.0;0.0;2898.9841;3424.4448;-1852.9312;6831.9756;-224.22556;-1036.0845
2022-10-10;9.205353;-2.428548;0.00995636;753.48047;1.1307592;198.43794;0.0;-7.3453654e-25;99.99998;-7.345365e-21;0.0008583068;-0.3820993;4.4703484e-05;0.22487342;0.22483617;0.0;0.0;4398.471;5190.8477;-2733.1355;5853.418;-265.43222;-1619.04
2022-10-11;8.41685;-3.3185222;0.01002121;753.4637;1.0417718;110.89582;0.0;-7.3453654e-25;99.99998;-7.345365e-21;0.0;-0.3633639;0.0;0.22259355;0.2225861;0.0;0.0;4294.68;5064.013;-2655.6882;5904.993;-252.41777;-1484.0366
2022-10-12;9.0902605;-4.473562;0.010133107;753.4812;1.0701326;115.86144;0.0;-7.3453654e-25;99.99998;-7.345365e-21;0.0008583069;-0.35283434;2.9802322e-05;0.22041798;0.22038072;0.0;0.0;4308.864;5076.3813;-2594.906;6019.088;-245.10278;-1446.4745
2022-10-13;9.159862;-5.142629;0.01000468;752.845;1.080728;170.69215;0.0;-7.3453654e-25;99.99998;-7.345365e-21;0.00847876;-0.32399035;0.00040233135;0.21860003;0.2181977;0.0;0.0;4051.1528;4768.697;-2547.6472;6062.2275;-225.06667;-1436.3256
2022-10-14;7.9127197;-2.9642437;0.010168712;752.2436;1.1970464;130.98586;0.0;-7.3453654e-25;99.99998;-7.345365e-21;0.40301085;-0.35393238;0.018760562;0.234887;0.21612644;0.0;0.0;3388.9084;3985.8545;-2094.6177;6256.4995;-245.86555;-1269.3036
2022-10-15;9.205811;-2.0263062;0.010121663;752.7161;1.4150887;199.69989;0.0;-7.3453654e-25;99.99998;-7.345365e-21;1.1556447;-0.46349502;0.054731965;0.26883185;0.21409988;0.0;0.0;3822.5583;4492.025;-2205.5383;6219.3213;-321.97446;-1358.7711
2022-10-16;11.07196;-4.8332314;0.009979248;756.3995;1.1849673;222.14699;0.0;-7.3453654e-25;99.99998;-7.345365e-21;0.039321575;-0.62449276;0.0018402934;0.21393597;0.21208823;0.0;0.0;4019.7634;4722.1978;-2320.57;6250.899;-433.81555;-1229.3267
2022-10-17;10.264252;-4.3612366;0.009789784;758.9899;1.0487368;127.33142;0.0;-7.3453654e-25;99.99998;-7.345365e-21;0.060090423;-0.52293015;0.0028014183;0.21289289;0.21009147;0.0;0.0;3476.6838;4083.2156;-2126.4944;6448.681;-363.2622;-1073.2988
2022-10-18;9.70522;-3.9752605;0.009994507;758.1275;1.2379351;96.12968;0.0;-7.3453654e-25;99.99998;-7.345365e-21;0.025260448;-0.4791301;0.000923872;0.20904839;0.20810962;0.0;0.0;3425.521;4021.6667;-2165.4773;6428.9355;-332.83444;-966.79114
2022-10-19;9.773885;-3.739085;0.010025024;755.70306;1.2081691;157.94127;0.0;-7.3453654e-25;99.99998;-7.345365e-21;0.21768212;-0.431383;0.010058284;0.21624565;0.20617247;0.0;0.0;3577.1138;4198.3257;-2227.9978;6264.843;-299.6678;-1136.5155
2022-10-20;9.311076;-2.181244;0.009882609;752.0879;1.5216581;228.35619;0.0;-7.3453654e-25;99.99998;-7.345365e-21;0.8143392;-0.4265299;0.038206577;0.2424717;0.20428002;0.0;0.0;3685.8372;4324.6157;-2067.771;6445.7554;-296.29556;-1365.07
2022-10-21;6.531494;2.020213;0.009994507;751.595;1.6366857;210.04158;0.0;-7.3453654e-25;99.99998;-7.345365e-21;15.277177;-0.9705368;0.97081065;1.1732727;0.20246953;0.0;0.0;3237.547;3797.67;-1345.465;6903.4707;-674.19946;-1339.2045
2022-10-22;4.8725076;3.340271;0.009980519;755.0466;0.89496183;194.5946;0.0;-7.3453654e-25;99.99998;-7.345365e-21;15.186042;-1.3738954;1.135394;1.3361573;0.20077825;0.0;0.0;1956.6938;2294.4045;-733.92554;7321.05;-954.4;-668.11
2022-10-23;5.859314;-0.85828656;0.010096232;754.8995;0.8589239;224.5363;0.0;-7.3453654e-25;99.99998;-7.345365e-21;0.37970543;-1.7743651;0.031158328;0.23026764;0.19908696;0.0;0.0;3831.3318;4490.588;-2324.0396;5685.911;-1232.5922;-818.0944
2022-10-24;4.7239685;-1.48408;0.010073344;752.5884;1.1198744;188.6314;0.0;-7.3453654e-25;99.99998;-7.345365e-21;0.0028461218;-1.3604667;0.00014901161;0.1975298;0.19738078;0.0;0.0;3688.3728;4322.0723;-2237.6777;5578.1313;-945.0711;-835.32776
2022-10-25;5.1581826;-3.6981404;0.009922028;753.2413;0.981756;83.51049;0.0;-7.3453654e-25;99.99998;-7.345365e-21;0.0017284665;-1.4448892;0.00010430813;0.19577146;0.19566715;0.0;0.0;3868.8218;4532.0645;-2405.2644;5439.2876;-1003.7167;-681.13556
2022-10-26;6.4329324;-3.446645;0.010088603;755.6259;0.8162217;175.91766;0.0;-7.3453654e-25;99.99998;-7.345365e-21;0.03260374;-1.0538045;0.0019073486;0.19592047;0.19402802;0.0;0.0;2816.4673;3298.381;-1693.0728;6240.356;-732.04333;-377.12888
2022-10-27;5.154551;0.8411357;0.010114034;754.6058;0.9296558;185.58722;0.0;-7.3453654e-25;99.99998;-7.345365e-21;1.352615;-1.1370285;0.083096325;0.27550757;0.1924038;0.0;0.0;3052.3032;3573.4822;-1744.4695;6223.5356;-789.85614;-730.1655
2022-10-28;4.820801;-1.915629;-4.5954895;752.44116;1.0289034;85.7967;0.0038248699;2.78155e-07;117.73142;-7.345365e-21;0.0068426128;-1.4239178;0.00032782555;0.1911223;0.19080192;0.00022351742;0.0006146729;3571.381;4179.82;-1932.9728;6033.586;-989.14777;-876.17
2022-10-29;4.4484863;-1.8656616;-4.5798974;752.58;0.943762;92.785774;0.0026041667;-7.3453654e-25;142.54686;-7.345365e-21;0.03733922;-1.09257;0.0022351742;0.19145012;0.1892075;0.0001322478;0.0;3137.1072;3670.4312;-1829.21;6063.6255;-758.9722;-746.8456
2022-10-30;4.3445334;-2.7614746;-7.003858;753.37335;0.98315424;189.02997;0.001953125;-7.3453654e-25;150.5078;-7.345365e-21;0.0008583068;-1.1027958;5.9604645e-05;0.18769503;0.18764287;8.381903e-05;0.0;3646.266;4264.82;-2377.6838;5375.5874;-766.07556;-786.5689
2022-10-31;4.064677;-2.4868062;-6.283357;750.9848;1.0482763;171.2451;0.0008951823;-7.3453654e-25;150.5078;-7.345365e-21;0.38124025;-0.99671817;0.022262335;0.20837784;0.18610805;6.519258e-05;0.0;3434.8906;4016.3445;-2091.5444;5614.7812;-692.38776;-746.5333
2022-11-01;3.538086;-2.8563538;-6.723942;749.1999;1.0031062;255.52448;0.0;-7.3453654e-25;150.5078;-7.345365e-21;0.13142824;-0.89948064;0.0074654818;0.19206107;0.18461049;4.0978193e-05;0.0;3229.486;3774.8223;-2049.1968;5591.02;-624.83887;-768.2267
2022-11-02;2.451833;-4.5244446;-7.7574844;749.4537;0.8215995;170.48064;0.0;-7.3453654e-25;150.5078;-7.345365e-21;0.0008702277;-0.84765816;5.9604645e-05;0.18319488;0.18312782;2.6077032e-05;0.0;3362.7612;3929.4978;-2177.0388;5371.041;-588.84;-772.6778
2022-11-03;2.399831;-6.1059365;-7.7566323;749.28076;0.8787451;160.05959;0.0;-7.3453654e-25;148.76984;-7.345365e-21;0.0008583069;-0.8082204;5.9604645e-05;0.18173456;0.18166006;1.8626451e-05;0.0;3200.2805;3738.5366;-2084.1023;5438.189;-561.44336;-656.6811
2022-11-04;1.997467;-6.42748;-7.8668694;750.52216;1.0405039;184.11263;0.0;-7.3453654e-25;144.66698;-7.345365e-21;0.005632638;-0.73708594;0.00032782555;0.18057227;0.18022954;1.1175871e-05;0.0;3175.1472;3708.0256;-2046.4895;5426.484;-512.0289;-730.17554
2022-11-05;1.9010721;-6.6027527;-9.467826;751.6243;0.9539037;272.34366;0.0;-7.3453654e-25;121.62042;-7.345365e-21;0.0008516957;-0.6768033;5.9604645e-05;0.17887354;0.17882138;7.4505806e-06;0.0;3062.3667;3575.2878;-2008.535;5429.4746;-470.15222;-689.89667
2022-11-06;2.1218975;-5.9185486;-8.566966;751.4956;0.8758313;261.28046;0.0;-7.3453654e-25;107.02439;-7.345365e-21;0.004935211;-0.62567365;0.00027567148;0.1777038;0.17742813;3.7252903e-06;0.0;3045.1484;3553.9934;-2051.6194;5388.3047;-434.63443;-610.6411
2022-11-07;1.920105;-6.1270866;-6.214292;750.65845;0.7952636;111.22098;0.0;-7.3453654e-25;104.22361;-7.345365e-21;0.0010460615;-0.6021122;5.9604645e-05;0.17610192;0.17606467;0.0;0.0;3030.8083;3536.07;-1882.0739;5613.027;-418.26666;-559.1322
2022-11-08;1.4868673;-4.9360757;-2.002669;749.4389;0.823113;83.26331;0.010823567;1.0728836e-06;102.801735;-7.345365e-21;0.08985698;-0.514525;0.004544854;0.17926097;0.17473102;0.00033155084;0.0015608966;2231.5305;2602.8545;-1368.9033;6165.453;-357.4239;-592.5478
2022-11-09;0.6041667;-3.7843983;-0.9424286;750.0334;0.8651018;83.967316;0.008626302;9.536743e-07;106.099266;-7.345365e-21;1.1947522;-0.5719448;0.06528199;0.2386868;0.17341226;0.00029616058;5.9604645e-05;2365.379;2758.0457;-1391.775;6097.9243;-397.3111;-624.54553
2022-11-10;0.47519937;-1.9127222;-1.2054571;751.8806;0.7074933;96.96836;4.3188477;0.0006535053;118.05532;4.7200522;9.782091;-0.86068547;0.54498017;0.7171184;0.17214566;0.018332154;1.9319392;2343.155;2731.26;-999.2339;6521.5547;-597.91223;-613.9678
2022-11-11;0.9807231;-2.8825176;-4.573302;754.08453;0.7350259;173.73244;13.512451;0.0019359986;146.68878;13.549805;0.28583705;-0.84832126;0.054955482;0.2258569;0.17089397;0.46246126;0.0;2180.1843;2807.0845;-1370.5372;6083.723;-589.9756;-572.6556
2022-11-12;0.010396321;-6.2143044;-8.640599;755.3853;0.9506541;64.212036;10.592366;0.0015930334;151.45863;10.538737;0.002971291;-0.7391181;0.022515655;0.19215047;0.16963482;0.27409568;0.00040233135;2922.07;3669.531;-2045.1444;5183.6123;-513.5944;-555.3722
2022-11-13;1.1766968;-6.081482;-9.15388;754.2539;0.8879598;192.26231;8.735677;0.0013119379;151.54555;8.626302;0.0004351138;-0.68051744;0.023335218;0.19171834;0.16839802;0.28418005;0.0;3041.555;3760.2156;-2185.564;5063.867;-472.83777;-411.56445
2022-11-14;1.144867;-5.0976562;-9.154258;750.96405;0.9248171;272.78687;6.993164;0.0010501146;151.61684;6.713867;0.0008523463;-0.6183386;0.020325184;0.18748641;0.16716868;0.24709105;0.0;3036.469;3702.0867;-2155.5295;5074.0317;-429.6789;-470.56888
2022-11-15;0.59452313;-4.8572288;-9.494306;751.0263;0.90179116;186.24567;5.5549316;0.00083470345;151.67577;5.2897134;0.0;-0.5520852;0.015899539;0.18186867;0.16596913;0.19358099;0.0;3042.0417;3667.7544;-2204.8606;4988.5366;-383.68723;-496.69556
2022-11-16;-0.67904663;-4.2113647;-4.8851013;748.46246;0.6417243;147.45319;8.157715;0.001249671;147.4186;8.463542;2.7883728;-0.25947952;0.07608533;0.24089217;0.16480684;0.09779632;1.610335;1377.4344;1651.3245;-845.55225;6339.8916;-180.46777;-181.53223
2022-11-17;-0.115234375;-1.509318;-1.4085859;747.2737;0.8509837;225.2212;16.648275;0.0024571817;147.93715;16.764322;2.6604981;-0.6370591;0.17488003;0.33856928;0.16368926;0.5201325;0.5604997;1631.0995;2098.699;-715.99835;6668.1772;-443.93112;-413.72665
2022-11-18;0.07766724;-3.0365906;-5.5131035;750.8256;0.8511177;204.38751;13.930013;0.0020759106;150.94757;13.753255;0.037634373;-0.7214369;0.056535006;0.21910667;0.16256422;0.658527;0.015370548;2354.5073;2978.0679;-1565.8339;5733.9443;-502.3878;-538.4289
2022-11-19;0.8588765;-3.876292;-7.6102357;754.3414;0.92081493;122.522285;9.923503;0.0014758507;151.05272;9.399414;0.0004351138;-0.5893484;0.04710257;0.20852685;0.16143918;0.5582664;0.0;2635.2932;3249.7043;-1864.5272;5407.01;-409.62833;-381.69
2022-11-20;2.3063354;-5.489319;-8.083625;756.5217;1.0826014;28.276468;6.723877;0.0009982586;151.13539;6.632487;0.0;-0.6720806;0.036239624;0.19654632;0.16030669;0.428427;0.0;2882.3777;3483.541;-2092.1267;5223.0015;-466.9178;-263.38443
2022-11-21;4.4172363;-6.4219565;-6.659868;755.81415;0.840105;185.27357;4.405111;0.0006541014;151.18976;4.7200522;0.0004351138;-0.61138344;0.024348497;0.1835227;0.1591891;0.2873093;0.0;2637.6228;3143.351;-1780.3073;5629.135;-424.83;-118.97667
2022-11-22;3.822286;-7.768748;-6.5646324;753.8496;0.83378005;245.8028;2.9418945;0.00043777624;151.23077;3.2958984;0.0;-0.6571971;0.014334917;0.17242134;0.15809387;0.17020479;0.0;2344.7817;2770.26;-1790.0361;5587.9067;-456.74777;-244.50111
2022-11-23;1.503418;-6.7863464;-8.469994;752.88696;0.8057749;207.45094;1.968099;0.00029218197;151.2578;2.2786458;0.0017166131;-0.63019896;0.010833144;0.16784668;0.15700608;0.12773275;0.0;2810.3079;3302.4722;-1995.5067;5270.6943;-437.9222;-430.31555
2022-11-24;1.2920227;-3.5095112;-4.273857;750.74457;0.8512054;134.60435;1.4953613;0.00026007494;148.5257;1.7496744;3.2588243;-0.52144474;0.17122924;0.3271699;0.1559481;0.09052828;0.9783581;2571.1677;3010.3967;-1342.6672;6125.547;-362.27444;-421.70776
2022-11-25;-0.55565387;-0.8736064;-0.09324137;746.2308;0.6475114;110.72317;72.293785;0.015338619;137.91893;105.71289;32.832767;-0.1848517;0.48001856;0.6349459;0.15492737;0.952594;27.685076;391.82278;801.2011;-129.57639;7153.985;-132.52444;-128.08112
2022-11-26;-2.2388306;-2.9897766;-0.3506012;746.97345;0.7956745;182.73497;100.0;0.04537213;147.96417;302.32748;26.08882;-0.18304306;0.1476556;0.3015995;0.1539439;0.19200146;23.349323;329.47055;1312.1866;-228.88556;6893.26;-142.55333;-157.6489
2022-11-27;-3.0430908;-5.6014304;-3.0701663;749.9099;0.68899995;115.44576;100.0;0.055649836;154.03351;361.61295;0.34256577;-0.12521166;0.004634261;0.15759468;0.15294552;0.0609681;0.31682104;836.69336;2982.8389;-1197.0906;5560.129;-94.01111;-103.73111
2022-11-28;-3.7473755;-11.132782;-9.438073;751.25397;1.1550349;37.06667;100.0;0.05560283;158.63214;351.03354;0.00044107434;-0.06153807;0.0034421682;0.15540421;0.15196204;0.045627356;0.0;999.3383;3303.821;-1223.5767;4991.47;-43.854443;29.242222
2022-11-29;-1.7323914;-8.5971575;-5.8024483;752.1684;1.0946728;26.692429;100.0;0.055962723;162.63702;344.5231;3.7502768;-0.07745344;0.15321374;0.3042072;0.15099347;0.09771809;0.023931265;772.67944;2484.7156;-463.55554;6191.5835;-57.06;8.715555
2022-11-30;-1.1930542;-2.5403748;-0.3548368;751.3213;1.030355;36.48685;100.0;0.061270196;171.3587;357.09634;13.955342;-0.092433766;0.7955581;0.9456128;0.15004724;0.62217563;4.5729876;233.56778;713.06445;-324.09888;6779.6206;-71.96;-37.744446
2022-12-01;-1.0902405;-3.589162;-1.149325;752.3901;1.0141604;37.332478;100.0;0.06262859;179.74152;349.16177;0.018144531;-0.0795871;0.12522936;0.27433038;0.14911592;1.2410767;0.0023767352;974.16113;2797.7666;-999.595;5951.5093;-57.795555;-67.58889
2022-12-02;-1.4630331;-3.9571126;-1.6588186;751.02;0.7997462;60.785126;100.0;0.061752558;188.62953;327.39258;0.0764966;-0.14059618;0.050380826;0.19857287;0.1481846;0.50614405;0.0030063093;925.70276;2472.5444;-741.1261;6247.8984;-106.27111;-95.35111
2022-12-03;-2.7211304;-4.8151956;-2.2449772;749.70825;0.8256552;54.499023;100.0;0.060972888;197.09535;309.2041;0.44567883;-0.120664015;0.132218;0.27948618;0.14727563;1.1658705;0.06668642;1036.0122;2594.2122;-1208.9133;5629.561;-90.71555;-79.60555
2022-12-04;-5.40093;-8.627728;-5.08329;750.95703;1.2139038;33.526363;100.0;0.060354073;202.04034;297.85156;0.011950731;-0.23154914;0.029608607;0.17596781;0.14636666;0.2972521;0.010885298;1159.9939;2797.4067;-1032.4917;5556.989;-177.61667;-105.183334
2022-12-05;-4.7110696;-9.237102;-4.3192267;750.2129;0.9672379;50.67583;100.0;0.059945107;205.71547;290.81216;0.021633506;-0.32188928;0.012457371;0.15793741;0.14548004;0.13284013;0.018015504;1270.7228;2983.9478;-1197.4445;5456.7275;-248.20222;-117.75
2022-12-06;-5.9817863;-9.811532;-5.7627716;748.8664;0.88150173;96.35355;100.0;0.059622247;208.985;284.4645;0.0125691295;-0.2783481;0.006966293;0.15156716;0.14460087;0.07452443;0.011123717;1221.005;2799.8433;-1236.9445;5260.9766;-214.85556;-138.60333
2022-12-07;-6.83374;-10.06;-7.907416;749.1829;0.94952226;262.23904;99.998695;0.059350014;211.33266;279.74448;0.048533082;-0.20637922;0.012665987;0.15640259;0.14374405;0.133764;0.040579587;1125.8116;2528.4368;-1249.8989;5030.4946;-158.98445;-64.18445
2022-12-08;-7.7280884;-12.60127;-8.555013;751.1155;1.0660487;85.08042;99.60807;0.059061646;213.33559;276.08237;0.0033110373;-0.23820624;0.012636185;0.15552342;0.14289469;0.12975186;0.0020302832;1293.5673;2848.6868;-1327.3567;4924.683;-182.7889;-83.662224
2022-12-09;-7.886333;-13.382423;-8.969097;750.7757;1.1241997;44.175457;98.845375;0.0587457;215.16273;272.37955;0.0;-0.18926057;0.019267201;0.16131997;0.14204532;0.1970157;0.0;1439.6161;3101.1445;-1571.0867;4626.8154;-143.53278;-24.71889
2022-12-10;-7.6911163;-12.018779;-8.933594;749.6442;1.2227869;21.48172;98.184814;0.058425386;217.08624;268.26987;0.0039398666;-0.21095946;0.015258789;0.1564771;0.14122576;0.15184656;0.0013671815;1422.9978;3000.1445;-1500.7402;4716.777;-161.89778;-82.24111
2022-12-11;-6.623586;-13.192407;-7.8505416;749.55444;1.0781302;122.80524;97.651695;0.05816078;219.12953;264.3229;0.0035226345;-0.20775571;0.008314848;0.14871359;0.14040619;0.08847192;0.0013634562;1460.3127;3020.3623;-1501.8247;4797.4165;-159.00223;-46.49
2022-12-12;-3.5461643;-8.525828;-4.904631;747.81525;0.7366343;279.53177;97.374916;0.05829048;221.09471;262.4105;0.67439973;-0.22998825;0.006303191;0.14589727;0.13960898;0.06630644;0.6663203;916.81335;1892.9689;-848.63666;5811.615;-178.19667;-55.462223
2022-12-13;-3.3009708;-4.2627983;-3.7245204;747.2991;0.67264324;244.06169;98.5494;0.06152745;213.61163;285.11557;6.918825;-0.09643845;0.013299286;0.15212595;0.13882667;0.015225261;6.3140097;380.1561;841.5;-72.04389;6784.6055;-75.066666;-87.30222
2022-12-14;-1.1467997;-2.157552;-0.689017;750.66846;0.52565354;171.3286;99.51929;0.06538669;209.91046;308.7565;0.7018331;-0.13631769;0.030115247;0.1681745;0.13805181;0.28012878;0.47141686;497.1089;1302.07;-293.43277;6867.176;-105.28445;-83.16111
2022-12-15;-1.5700175;-2.49292;-0.7942276;751.80835;0.7573214;201.18831;98.57633;0.06456164;217.56834;293.86392;0.70907176;-0.1423806;0.25463104;0.39193034;0.1372844;2.1761916;0.14843047;711.23724;1729.2689;-504.74;6591.125;-108.59;-106.87334
2022-12-16;-4.23823;-6.2807517;-2.8986332;751.46533;1.1013052;103.520935;97.60116;0.06286963;223.041;278.60513;0.5892277;-0.20905212;0.19843876;0.3349632;0.13653189;1.3381839;0.017523766;1090.34;2510.719;-1134.6844;5638.6094;-158.99556;-167.40889
2022-12-17;-4.9456177;-8.004214;-5.039541;753.89404;1.4932095;16.31125;96.83431;0.0616796;226.36522;268.88022;0.01483294;-0.185268;0.10660291;0.24238229;0.13577938;0.97822773;0.013094395;1297.3289;2892.449;-1422.585;5151.504;-139.28444;-79.10555
2022-12-18;-4.947113;-10.046174;-7.133059;754.57587;1.4335871;12.733878;96.16268;0.06104068;229.64842;261.8815;0.0014007082;-0.09747781;0.024735928;0.15977025;0.13503432;0.22654049;0.00010803342;1406.9222;3051.2244;-1680.5067;4685.9087;-71.74333;11.236667
2022-12-19;-3.5616047;-12.002227;-7.460659;751.94507;1.0780238;48.511795;95.61621;0.060735703;232.46906;257.08008;0.00042617318;-0.10505505;0.03205985;0.16637146;0.13430417;0.28483754;0.0;1461.7278;3096.7378;-1754.2345;4599.6284;-77.58444;20.754444
2022-12-20;-4.486796;-10.437256;-7.1901855;749.8721;1.0459194;51.3468;95.23649;0.060459096;234.16469;253.86555;0.0040769572;-0.13980828;0.016108155;0.14969707;0.13358146;0.14361367;0.0010728836;1361.2256;2829.25;-1515.62;4853.7056;-106.153336;-9.681111
2022-12-21;-5.1629157;-8.4451685;-4.920976;749.1814;1.0333236;47.169693;95.01066;0.060227197;236.54523;250.69173;0.020762406;-0.25526807;0.002682209;0.13555586;0.13287365;0.026673079;0.014744699;1100.2284;2249.9922;-913.5283;5731.382;-197.30667;-131.61333
2022-12-22;-5.35318;-9.264614;-4.6979127;748.2539;1.0499916;41.47142;94.8208;0.059891343;240.04198;245.11719;0.013411045;-0.28083658;0.026613474;0.15878677;0.13218075;0.24011917;0.011719763;1367.1505;2747.9368;-1437.88;5182.3374;-216.55667;-117.337776
2022-12-23;-5.2839723;-8.707073;-6.0305076;746.20605;1.1825117;43.887573;94.62948;0.059513252;243.43813;239.7461;0.08454919;-0.22080354;0.01796335;0.14945865;0.13148785;0.1537092;0.07075071;1406.5634;2788.379;-1281.1344;5238.738;-169.87445;-95.28445
2022-12-24;-3.546468;-6.0864882;-2.8887775;742.816;0.8161798;96.60177;94.77661;0.060048897;243.08363;241.49577;1.9475758;-0.24701655;0.0027418137;0.1335442;0.1308024;0.01931563;1.8851087;887.60333;1777.8467;-627.75946;6257.168;-191.47444;-109.91778
2022-12-25;-4.5545897;-6.2762413;-2.3818233;745.9224;0.57367164;252.80492;95.08862;0.06113112;240.75941;248.37239;0.25681657;-0.34702197;0.0024437904;0.13259053;0.13013184;0.016789883;0.20167604;1080.4872;2297.4978;-863.89667;6020.391;-267.90332;-227.87111
2022-12-26;-6.6033072;-10.851685;-6.4893584;746.8903;0.85634923;56.69401;94.96354;0.06099538;242.9391;245.23926;0.002193451;-0.2840925;0.0022351742;0.13171136;0.12947619;0.02286397;0.0013411045;1418.8528;2976.531;-1612.47;4802.6436;-218.6011;-141.28555
2022-12-27;-5.8412642;-10.143615;-6.6982064;748.9236;0.8135268;72.81367;94.84839;0.060949523;243.34926;244.6696;0.7958293;-0.22697821;0.0020116568;0.1308322;0.12882054;0.020073727;0.78045577;1305.89;2695.8245;-1077.8622;5424.386;-175.84222;-124.07333
2022-12-28;-5.3276343;-8.451511;-6.028801;750.05493;0.82574695;231.70717;94.88037;0.06141563;241.22816;248.98274;0.04452467;-0.22051111;0.0023543835;0.13053417;0.12817234;0.024143606;0.041950494;1365.4595;2890.64;-1358.4589;5136.0024;-170.49445;-105.776665
2022-12-29;-6.718779;-9.13892;-6.0759797;752.46783;0.91693544;160.82695;94.73633;0.06123479;242.7389;246.82617;0.051125884;-0.23049675;0.0019520521;0.12949109;0.12753904;0.017214566;0.03010407;1280.4745;2667.0256;-1227.8273;5304.1274;-178.80444;-157.10889
2022-12-30;-6.867827;-14.372874;-9.8040285;754.93195;1.0074793;40.504467;94.60294;0.06109814;244.10414;244.83235;0.0004351138;-0.13913773;0.0018700957;0.12879074;0.12691319;0.019278377;0.0;1573.2361;3227.588;-1983.5817;4096.5024;-106.60222;-27.504444
2022-12-31;-7.0206833;-17.98866;-12.22153;754.5747;1.0746448;59.176952;94.47135;0.06098799;245.30663;243.08269;0.0017106531;-0.08318201;0.0016242266;0.12794137;0.12630224;0.016707927;0.0;1620.76;3276.0789;-1966.9961;3937.9087;-65.337776;1.3633333
2023-01-01;-5.9677825;-19.104925;-12.207481;756.0273;1.1244171;43.66435;94.33781;0.06088261;246.49738;241.65852;0.0008523463;-0.08443557;0.0031292439;0.12885034;0.1257062;0.030156225;0.0;1642.4044;3274.9934;-1952.5416;3989.222;-66.35333;20.87
2023-01-02;-5.356272;-18.531342;-11.662488;756.678;1.3547255;17.83156;94.205894;0.06071071;247.56541;239.94954;0.0004351138;-0.09890832;0.014454126;0.13956428;0.12511015;0.12603216;0.0;1673.1222;3292.5344;-1928.8633;4076.8745;-77.753334;46.418888
2023-01-03;-4.109792;-17.8025;-9.79087;756.0894;1.1502601;38.022655;94.089516;0.060438316;248.75551;237.75227;0.001716323;-0.10394119;0.02451241;0.14903396;0.12452155;0.20939857;0.0;1689.1328;3281.2957;-1957.355;4187.438;-81.68889;23.462223
2023-01-04;-4.006704;-16.958729;-7.984785;748.63824;0.9637323;52.28755;94.008385;0.06018436;250.05792;235.31087;0.12852974;-0.14593452;0.011458993;0.13540685;0.12394786;0.09754673;0.1263842;1489.9917;2863.729;-1368.3445;5005.6465;-114.76444;-3.6
2023-01-05;-4.597361;-10.791066;-5.152784;746.21625;0.74262387;116.27331;94.15348;0.060088992;251.39159;233.5612;0.22233725;-0.22721104;0.021114945;0.14449656;0.123374164;0.16478449;0.14549494;1488.5795;2866.6611;-1482.97;5106.41;-178.08667;-96.28555
2023-01-06;-5.420339;-7.077681;-4.4531136;747.8693;1.1569465;227.00293;94.39868;0.060494423;249.97166;235.88054;1.6763568;-0.33217484;0.0006854534;0.123500824;0.12280792;0.0028945506;1.641348;1227.7567;2387.449;-710.93335;6039.451;-261.02667;-302.11777
2023-01-07;-6.380117;-7.7094474;-4.9159036;746.5271;0.97451466;207.71532;95.46427;0.06259203;238.17479;256.06284;2.332897;-0.25888252;0.00011920929;0.122368336;0.12224913;0.0007711351;2.3192427;1004.86224;2168.6768;-712.2144;5977.1953;-203.52444;-292.03888
2023-01-08;-7.6041512;-9.0800295;-6.2039886;745.1885;0.83356386;228.6615;96.417725;0.06457758;227.402;277.30307;2.233818;-0.20246394;0.0009983778;0.12271106;0.121705234;0.010017306;2.2246168;1073.9689;2530.5288;-816.75446;5739.229;-159.27777;-268.96555
2023-01-09;-9.93567;-13.195557;-9.456318;746.41974;0.8578201;91.342674;96.903404;0.065875016;220.76398;292.19565;0.29539466;-0.16405153;7.4505806e-06;0.12116134;0.12115389;0.0;0.2899766;1141.4734;2872.7634;-1385.4989;4770.63;-129.21666;-169.03778
2023-01-10;-10.765958;-14.826709;-12.651423;749.31085;1.5980395;21.89744;96.74056;0.065811716;221.82387;290.93423;0.010642409;-0.08992851;0.0;0.1206249;0.12061745;0.0;0.010222197;1372.2;3392.3367;-1637.7816;4249.5864;-71.01;-97.293335
2023-01-11;-11.5295105;-18.184668;-15.752765;751.613;1.4176631;30.122602;96.64413;0.065757714;222.75063;289.38803;0.0;-0.025616959;0.00062584877;0.120699406;0.12008846;0.006319955;7.4505806e-06;1453.6995;3537.3677;-1767.3234;3835.575;-20.384445;-27.462223
2023-01-12;-10.284636;-16.700766;-14.881536;750.6767;1.4187989;29.58806;96.507484;0.06571829;223.62206;287.7604;0.0;-0.031558797;0.0011697412;0.12072921;0.11955947;0.011812896;0.0;1473.2123;3523.2612;-1609.6934;4114.1855;-25.036667;-33.32111
2023-01-13;-8.485443;-15.152165;-12.019061;749.34644;0.86264795;95.82848;96.3418;0.06564609;224.45734;286.6211;0.17563105;-0.13052858;0.0017285347;0.12075901;0.119037926;0.0173226;0.1696758;1444.9083;3396.54;-1239.8711;4777.9893;-102.795555;-106.812225
2023-01-14;-7.080387;-9.461486;-7.610296;748.5335;0.845326;74.430084;96.28214;0.065801345;223.84828;287.7604;0.24545193;-0.18429756;0.0022351742;0.12075901;0.118523836;0.02240017;0.23952499;1056.4672;2477.47;-871.69446;5583.3643;-145.21445;-192.70778
2023-01-15;-7.970899;-11.739155;-8.678867;747.7158;1.1006157;52.212124;96.10148;0.06564776;225.07843;285.60385;0.0063713756;-0.22092462;0.002592802;0.12061;0.1180172;0.026036054;0.0050626695;1444.3506;3346.0422;-1323.8472;4968.18;-174.0089;-243.62
2023-01-16;-7.7711854;-10.045545;-9.221986;747.8179;0.9734122;68.908104;95.85531;0.06546748;226.638;283.16245;0.006788078;-0.12338441;0.00295043;0.12046099;0.11751056;0.029437244;0.003349036;1257.3839;2864.1978;-1149.255;5110.2188;-97.24333;-149.26778
2023-01-17;-7.0560517;-12.099433;-8.216324;748.6829;1.065591;56.473743;95.580894;0.065265656;228.43065;279.86655;0.0053375955;-0.20759739;0.004455447;0.121459365;0.11701882;0.0433214;0.0049062073;1517.1805;3397.4277;-1438.086;4908.715;-163.4311;-172.24333
2023-01-18;-6.361696;-12.419678;-9.416374;750.19354;1.1140774;59.713562;95.22681;0.064999975;230.05272;276.40787;0.00042617318;-0.11120364;0.020354986;0.13688207;0.11651963;0.17538667;0.0;1641.2883;3602.2944;-1688.7461;4521.015;-87.67667;-68.844444
2023-01-19;-4.870402;-13.324127;-7.5271316;752.43365;1.2343545;40.31735;94.83341;0.06466746;232.12791;272.54233;0.0017106531;-0.11506863;0.03145635;0.14747679;0.11603534;0.26494265;0.0;1672.2261;3597.2688;-1698.1866;4703.3867;-90.56555;-48.566666
2023-01-20;-4.194987;-12.1330805;-6.913639;751.9333;1.1762733;43.78977;94.489586;0.064188756;235.97362;265.66568;0.0017229795;-0.080511905;0.05698204;0.17252564;0.115551054;0.46204776;0.0;1739.7433;3662.8523;-1795.0784;4624.498;-63.31111;-61.126667
2023-01-21;-3.8146617;-10.151389;-6.587719;751.31757;1.081419;64.65199;94.24796;0.06354169;240.8841;257.0394;0.0004351138;-0.09515695;0.079125166;0.19419193;0.11507422;0.6415509;0.0;1774.1539;3662.57;-1780.5283;4681.072;-74.816666;-65.94556
2023-01-22;-5.0188775;-11.483613;-6.8589454;751.0549;1.0803896;49.047405;94.10978;0.06296551;244.39679;250.8138;0.0061541796;-0.27330872;0.024750829;0.13935566;0.11460483;0.19248016;0.0061541796;1714.5684;3474.091;-1578.4183;4870.7593;-215.11667;-141.7411
2023-01-23;-5.518955;-11.952727;-6.503319;751.13715;1.070753;53.430206;94.03988;0.06256151;246.73859;246.33789;0.14017224;-0.3256537;0.018432736;0.13256073;0.114135444;0.14168583;0.1325868;1693.4734;3380.6567;-1524.11;4990.0234;-256.24335;-184.72778
2023-01-24;-6.3218865;-14.512822;-8.944356;750.2509;1.2760103;41.133835;94.00342;0.062243223;248.29034;243.48958;0.0014334917;-0.36060995;0.00037252903;0.11405349;0.11368096;0.0036731362;0.0010021031;1873.6405;3717.078;-1735.9933;4502.7197;-283.8511;-201.41667
2023-01-25;-7.088539;-15.62679;-9.728092;747.79694;0.95295316;70.366646;93.97339;0.061897516;249.2757;241.17024;0.02476871;-0.34818983;0.0002682209;0.11348724;0.11321902;0.0026077032;0.022619963;1849.1061;3621.169;-1637.3806;4552.549;-274.12332;-216.41888
2023-01-26;-7.883367;-13.470417;-9.755295;747.2046;0.85332984;84.007065;94.03931;0.061795037;248.28253;241.33301;0.5760981;-0.31889415;0.0089854;0.12174249;0.11277199;0.067252666;0.5633272;1795.9767;3492.77;-1569.5828;4606.6377;-251.15222;-250.25223
2023-01-27;-7.2903876;-13.5515375;-10.046658;747.9736;0.7973792;166.7581;94.10156;0.06173094;247.44073;241.65852;0.00085532654;-0.29186532;0.012233853;0.124543905;0.1123175;0.09286776;0.0;1969.765;3880.4634;-1787.6533;4339.138;-229.83;-200.85333
2023-01-28;-5.735433;-9.531959;-7.057901;746.2603;0.85004526;247.31184;94.49357;0.062447984;241.73436;249.02344;5.192995;-0.28553045;0.014454126;0.12633204;0.11187792;0.10815635;5.1832814;1407.1962;2766.9568;-867.5511;5634.6646;-224.83223;-230.07
2023-01-29;-5.673218;-6.6118927;-4.6001663;742.3453;0.69574505;187.69942;98.736244;0.06949679;205.58885;326.37534;4.6162653;-0.15155879;0.00037252903;0.11181831;0.11143088;0.003611669;4.611798;565.6617;1587.0945;-304.63666;6464.819;-119.34333;-207.21445
2023-01-30;-6.9856186;-8.782487;-5.8449273;740.5549;0.7041761;176.9074;99.66447;0.07632939;191.3014;388.9567;15.94013;-0.17431751;0.0010579824;0.11205673;0.1110062;0.010386109;15.933969;777.7144;2414.4856;-614.30835;5977.72;-137.25444;-228.91777
2023-01-31;-7.466521;-9.205739;-7.4362817;736.54596;0.73813003;138.63844;100.0;0.09062787;164.95538;540.3239;6.4481497;-0.05058851;0.0;0.110566616;0.110566616;0.0;6.4238386;562.22;2285.5723;-344.02832;6144.1113;-39.863888;-129.19
2023-02-01;-7.832348;-9.388569;-7.296186;739.23364;0.8847571;152.14073;100.0;0.100221954;156.39842;633.2601;13.035485;-0.059677288;0.0;0.11014938;0.11014938;0.0;13.029311;722.2428;3029.2634;-492.14722;5993.0703;-46.994446;-190.0689
2023-02-02;-8.866604;-10.327515;-7.4722466;739.4698;1.004675;177.35347;100.0;0.13236327;143.09308;916.25977;32.70925;-0.08593779;0.0;0.10971725;0.10973215;0.0;32.682102;371.97446;1624.4423;-308.5864;6145.269;-67.66;-159.05444
2023-02-03;-11.437772;-13.936432;-10.406109;745.21436;1.0129536;180.53017;100.0;0.14677076;151.8037;965.6169;2.5838614;-0.06775744;0.0;0.10930002;0.10930747;0.0;2.572883;814.3356;3516.145;-954.6742;5097.918;-53.35889;-173.12778
2023-02-04;-12.987812;-17.305054;-13.227216;742.6104;0.8315618;109.007996;100.0;0.14940827;154.92348;961.792;9.185433;-0.052910298;0.0;0.108897686;0.108897686;0.0;9.179834;712.24335;2993.787;-408.24084;5537.223;-41.656666;-183.18333
2023-02-05;-8.566146;-9.830415;-9.513024;741.0037;0.9491596;190.95331;100.0;0.16342025;150.55824;1083.0485;15.382664;-0.027460977;0.0;0.108495355;0.108487904;0.0;15.376333;501.81888;2145.3333;-33.696667;6382.779;-21.576666;-147.89555
2023-02-06;-6.4091797;-7.4184976;-6.49824;739.1508;1.0361103;176.42926;100.0;0.19112726;150.71483;1263.0209;35.638977;-0.050501898;0.0;0.10809302;0.10808557;0.0;35.599403;463.82666;2005.9144;-121.32083;6543.8804;-39.755554;-158.86778
2023-02-07;-8.875717;-11.467098;-7.335617;736.0496;0.74031454;183.5931;100.0;0.2253315;151.12042;1487.7523;24.20969;-0.12457557;0.0;0.10768324;0.10768324;0.0;24.192295;311.07333;1351.4889;-438.3186;5940.3555;-98.08444;-151.96445
2023-02-08;-11.190117;-14.813359;-11.48444;739.52057;0.84714246;100.38422;100.0;0.23833148;154.81183;1539.6322;4.1117907;-0.016734004;0.0;0.10728836;0.10728836;0.0;4.1077623;962.98944;4156.6694;-1115.3625;4810.6313;-13.212222;-183.31667
2023-02-09;-11.78456;-15.640228;-13.49854;745.52277;0.86321586;57.29006;100.0;0.23985016;162.21222;1479.1666;1.1883825;-0.003023073;0.0;0.10690093;0.10689348;0.0;1.1844859;897.6678;3790.666;-1037.4695;4781.91;-2.442222;-141.76889
2023-02-10;-12.853606;-18.202555;-16.094482;748.90045;1.2483988;36.678116;100.0;0.2403497;168.78905;1424.2758;0.015679002;0.002199784;0.0;0.1064986;0.10650605;0.0;0.014819205;1070.2028;4403.8057;-1270.0483;4273.578;1.7122222;-116.58222
2023-02-11;-14.248332;-20.577166;-18.569471;747.1082;1.3242432;34.819134;100.0;0.2403694;174.05272;1381.0629;0.014265921;0.005396083;0.0;0.10611117;0.10611862;0.0;0.013422221;1148.9772;4607.9307;-1328.4989;4006.6394;4.154444;-92.204445
2023-02-12;-13.283142;-16.555925;-18.835207;743.9771;1.0449661;64.59043;100.0;0.24089961;177.8294;1354.3295;0.87594986;0.031625852;0.0;0.10573864;0.10573864;0.0;0.8711703;961.4805;3772.2427;-839.1558;4638.905;24.743334;-70.75222
2023-02-13;-13.210013;-17.869963;-19.290915;744.9795;1.0568717;91.061424;100.0;0.24129777;181.70538;1328.0844;0.002577901;0.022821128;0.0;0.10536611;0.10535866;0.0;0.0021457672;1251.1884;4806.85;-1436.4772;3841.7803;17.811111;-72.56778
2023-02-14;-12.687702;-21.624685;-21.16076;743.8099;0.9124005;109.64972;100.0;0.24131398;185.31703;1301.9205;0.0008609599;0.009596348;0.0;0.10499358;0.10497868;0.0;0.0;1317.535;4937.8613;-1508.1228;3624.2944;7.4711113;-29.743334
2023-02-15;-12.99807;-17.838692;-20.984732;740.1794;0.744113;271.38303;100.0;0.24151993;188.11847;1283.61;0.8695135;0.02360437;0.0;0.10460615;0.1046136;0.0;0.8669421;1305.5922;4774.508;-912.68085;4413.309;18.53111;-87.35222
2023-02-16;-14.047236;-17.181082;-17.260843;743.87256;0.90169305;178.5431;100.0;0.24274492;189.638;1279.6631;0.8239746;-0.021465123;0.0;0.10424852;0.10424107;0.0;0.81932545;1128.6333;4127.317;-886.24054;4735.1177;-16.927778;-153.75444
2023-02-17;-12.504936;-21.094816;-17.288008;748.8986;1.0607413;87.84162;100.0;0.24304068;193.39223;1256.8766;0.005632639;-0.013982877;0.0;0.103890896;0.103883445;0.0;0.005632639;1393.2195;5004.033;-1466.777;4032.2642;-11.034445;-105.346664
2023-02-18;-8.6704445;-18.845129;-17.593452;749.7317;0.91303563;144.7321;100.0;0.24303703;197.2848;1232.015;0.0021583063;-0.00039488077;0.0;0.10351837;0.10351837;0.0;0.0;1436.9028;5042.497;-1431.5006;4087.5542;-0.36555555;-36.04889
2023-02-19;-7.948091;-13.582242;-16.516562;749.53253;0.86452174;217.35474;100.0;0.2430536;201.11098;1208.6588;0.018663898;0.023718923;0.0;0.10316074;0.10315329;0.0;0.015214086;1417.9512;4861.508;-1155.7625;4552.313;18.501112;-73.87556
2023-02-20;-8.007458;-10.3830595;-13.693919;748.0329;1.1486834;160.37337;100.0;0.24311936;205.36913;1184.1227;0.15231967;0.044368207;0.0;0.10278821;0.10280311;0.0;0.15060604;1446.7733;4855.601;-843.38336;5219.5576;34.694443;-121.001114
2023-02-21;-5.9945984;-7.7462883;-9.274098;745.47705;1.3726797;217.15736;100.0;0.2445842;209.41371;1168.0908;2.1283433;-0.10002591;0.0;0.10243058;0.10244548;0.0;2.1103249;1217.4584;4131.749;-625.86584;5853.1646;-78.907776;-189.77
2023-02-22;-3.9032047;-5.7408853;-7.454843;746.2557;0.87730163;236.4246;100.0;0.24538155;215.43163;1139.445;0.06135702;-0.038431957;0.0;0.10210276;0.10210276;0.0;0.058617443;1402.9978;4761.0024;-1125.0934;5369.9556;-30.344444;-171.6811
2023-02-23;-4.519114;-6.284518;-6.4698043;744.50665;0.8279043;268.01035;100.0;0.24536479;222.16925;1104.777;0.116828084;-0.11999812;0.0;0.10174513;0.10175258;0.0;0.11385977;1285.535;4267.863;-900.3261;5730.31;-94.54222;-217.05112
2023-02-24;-4.249682;-7.3326774;-5.723007;746.84845;0.84413844;109.47405;100.0;0.24542387;228.74867;1073.1201;0.13040304;-0.11585746;0.0;0.1014173;0.10140985;0.0;0.12342632;1311.4911;4284.0835;-1192.26;5423.8013;-91.28667;-176.6489
2023-02-25;-4.659701;-9.509944;-7.682836;749.8713;0.85069484;184.07097;100.0;0.24538934;234.56117;1046.3867;0.06002229;-0.07250067;0.0;0.101059675;0.101067126;0.0;0.055387616;1599.35;5094.78;-1440.0266;4940.814;-57.054443;-159.14
2023-02-26;-2.536195;-7.4873796;-6.808603;753.72144;0.9030195;119.22882;100.0;0.24543993;239.68227;1024.1699;0.023114681;-0.0031609088;0.0;0.10073185;0.1007244;0.0;0.020865351;1676.8928;5247.6;-1559.5734;4920.433;-2.578889;-132.51889
2023-02-27;-1.745964;-13.210297;-7.797071;755.07574;1.0957385;52.843365;100.0;0.24542136;244.61554;1003.4993;0.0008702277;-0.04408229;0.0;0.100404024;0.10038912;0.0;0.0;1835.1067;5607.8696;-1954.7383;4359.8354;-34.72333;-50.77667
2023-02-28;-1.4951884;-14.249443;-8.728081;754.21063;1.1927012;34.519722;100.0;0.2453808;248.8242;986.084;0.002581789;-0.04127994;0.0;0.1000613;0.10006875;0.0;0.0;1901.1917;5684.052;-1932.7578;4332.6743;-32.512222;-30.456667
2023-03-01;-0.29962158;-14.126863;-8.370735;751.66064;0.9872687;201.17628;100.0;0.24533193;252.72589;971.2321;0.0008583069;-0.065660104;0.0;0.09974837;0.09973347;0.0;0.0;1909.9523;5594.77;-1656.0466;4703.251;-51.69;-53.716667
2023-03-02;-0.64851886;-9.428284;-6.5691934;750.58344;0.7880686;272.96976;100.0;0.24525328;257.04947;954.99677;0.0;-0.0830926;0.0;0.09940565;0.09940565;0.0;0.0;1864.5444;5344.8994;-1451.9839;5103.2114;-65.41778;-104.02778
2023-03-03;-1.4494934;-6.3806763;-4.534683;750.75244;0.7870818;249.39424;100.0;0.24605004;261.4834;941.73175;4.8386035;-0.100292265;0.013321638;0.11241436;0.09908527;0.101143494;2.9674284;1467.9377;4119.105;-876.0;5907.0215;-78.958885;-119.27111
2023-03-04;-0.36079916;-3.1191304;-1.8432363;749.821;0.88600844;225.63794;100.0;0.24948637;265.361;942.3828;0.10589063;-0.095468014;0.07261336;0.17137825;0.098757446;0.6586201;0.0050142407;1733.4281;5222.9136;-1171.3767;5863.3013;-75.17889;-214.26666
2023-03-05;-0.7053935;-3.2140706;-1.0461273;751.18146;1.0290867;228.90295;100.0;0.24888356;274.65073;908.77277;1.2516409;-0.23927912;0.09070337;0.18914044;0.09844452;0.7548071;0.3471896;1875.34;5078.6206;-1321.5864;5659.0166;-188.42778;-255.29222
2023-03-06;-1.5156046;-2.0514526;-0.45960745;745.9367;0.8469253;216.12756;100.0;0.25809553;275.52798;937.1338;13.8843155;-0.08716248;0.30964613;0.40778518;0.09812415;0.5887151;7.7453556;704.21027;2200.112;-313.96054;6844.2734;-68.62778;-177.5325
2023-03-07;-2.6962788;-5.44133;-0.38350296;747.07495;0.9166002;151.71889;100.0;0.26076064;282.47495;924.56055;0.22292839;-0.43153763;0.08241832;0.18019974;0.09779632;0.6657578;0.18361211;1874.9573;5367.2754;-1617.6089;5317.1143;-333.47333;-305.35
2023-03-08;-2.108195;-8.258594;-0.8820737;746.9649;0.86578655;78.32664;100.0;0.26055253;290.9564;895.9554;3.1776755;-0.4150402;0.013113022;0.11058152;0.097461045;0.107297674;2.982013;2139.8745;5553.278;-1500.2556;5485.541;-319.24667;-218.7675
2023-03-09;-2.1729126;-3.4541829;-0.64218646;743.9575;0.6612666;172.21419;100.0;0.2668723;289.5765;921.5495;5.9005766;-0.19351207;0.03105402;0.12817979;0.09713322;0.1868289;5.101375;1012.19696;3039.3884;-702.39166;6375.0547;-149.39278;-188.62445
2023-03-10;-2.8387146;-6.021464;-0.715861;748.09937;0.8886967;232.90143;100.0;0.26841828;295.42612;909.3831;0.103610754;-0.5184375;0.01911074;0.11591613;0.096812844;0.14800765;0.045709312;1903.3881;5325.8022;-1208.9764;5793.9443;-401.43777;-361.72473
2023-03-11;-1.9139811;-4.3375144;-0.61957294;750.1219;0.9790566;202.01436;100.0;0.2678682;304.99673;879.5573;0.099707544;-0.4363749;0.050351024;0.14682114;0.09649247;0.37321448;0.041775405;1862.6309;4762.3364;-1063.8678;5990.399;-337.47333;-304.28333
2023-03-12;-0.52128094;-4.314718;-0.52681476;749.1851;0.811044;90.87821;100.0;0.26586342;315.4144;843.83136;0.0042676926;-0.34265965;0.36107004;0.45722723;0.096164644;3.0487032;0.0034309924;2423.8955;5784.0854;-1636.6934;5385.45;-262.00665;-304.28333
2023-03-13;0.42545572;-3.6041157;-0.57428485;748.3399;0.7485981;159.26189;100.0;0.26177076;325.8545;804.60614;0.00083844014;-0.23499131;0.5995035;0.6953478;0.09583682;4.7394743;0.0;2664.7307;6045.136;-1835.7084;5148.1387;-176.47667;-206.11444
2023-03-14;1.0039164;-1.6199545;-0.46169028;749.2851;0.8799705;70.93543;100.0;0.2560211;335.9235;763.42773;0.110808015;-0.11604931;0.84139407;0.9369105;0.095531344;6.427333;0.0;2127.3828;4643.776;-1106.3484;6037.4136;-84.76222;-160.11
2023-03-15;1.5208944;-1.1568604;-0.19161987;745.5899;0.9480772;85.660706;100.0;0.24820502;344.3981;721.6797;6.564296;-0.15369616;2.0933895;2.188623;0.09522587;9.126048;0.0033155084;2099.716;4451.0283;-771.1603;6574.8887;-114.155556;-138.82556
2023-03-16;-1.3620096;-2.067464;-0.05305608;743.6351;0.90466505;195.0799;100.0;0.25060418;330.7959;756.02216;13.177508;-0.2606902;0.89015067;0.98508596;0.09494275;3.7801638;10.978721;962.28973;2763.4543;-334.83722;6915.829;-201.43777;-262.66888
2023-03-17;-0.35020956;-1.8840739;-0.19492976;746.7253;0.82540244;187.83897;100.0;0.24989717;328.53125;760.49805;0.44071105;-0.27606452;0.72434545;0.8190423;0.09469688;4.3872633;0.14654547;1394.7286;3992.5505;-598.0919;6608.322;-210.66333;-217.20667
2023-03-18;-0.4162191;-3.51414;-0.30579886;747.27686;1.0493684;81.435814;100.0;0.24482112;334.72363;731.8115;0.47504902;-0.39683747;0.9497255;1.0441989;0.09447336;5.4586678;0.002656132;2271.2024;5894.551;-1351.3461;5784.7524;-301.90222;-286.75888
2023-03-19;-1.363566;-2.6126506;-0.17853291;743.5974;0.75812894;85.464714;100.0;0.24726252;333.1644;740.9668;16.612698;-0.19803178;1.4695003;1.5637875;0.09429455;3.718894;8.492108;1051.4972;2777.1575;-552.70776;6620.298;-152.18;-179.86111
2023-03-20;-2.213033;-4.2843933;-0.30352148;741.8625;0.8344507;92.91074;100.0;0.25027296;327.72363;763.26495;1.8824266;-0.37722662;0.46649575;0.560686;0.09419024;2.1192954;1.037158;1721.8925;5065.8843;-1223.007;5841.6406;-289.11777;-321.87888
2023-03-21;-2.1218872;-3.8400676;-0.57163876;739.929;0.868336;35.271008;100.0;0.25482056;324.32388;783.61005;11.92967;-0.24010241;0.05209446;0.14624;0.09414554;0.12413226;9.795042;1015.4261;2876.8123;-666.605;6398.2456;-184.82777;-164.9136
2023-03-22;0.10702515;-4.925873;-0.3374265;744.4263;0.97162956;44.366993;100.0;0.25975955;320.10352;810.3841;0.0641896;-0.24434459;0.543952;0.6381124;0.09414554;3.057923;0.0151358545;1770.0967;5519.5376;-1256.3162;5844.5874;-181.25;-195.28334
2023-03-23;-0.7075297;-3.231598;-0.4726448;747.49005;0.93045014;161.7481;100.0;0.25694016;328.75098;780.1921;0.1621604;-0.3305152;0.45976043;0.55393577;0.09419024;2.4663954;0.0010170043;2128.3088;5846.364;-1046.0939;6093.4917;-249.43666;-306.6611
2023-03-24;0.52923584;-1.2923889;-0.101929985;748.0547;0.79598236;170.69904;100.0;0.25050613;335.78613;744.9951;1.4869034;-0.31519774;1.9064546;2.0310283;0.12458861;8.99474;0.01932308;2095.0828;5274.4927;-648.6511;6717.636;-238.41112;-277.70334
2023-03-25;-0.3750712;-2.1781209;-0.13518651;747.4245;1.0032192;104.33494;100.0;0.2428966;337.61783;718.09894;6.2979965;-0.30482188;2.9830337;3.1256378;0.14261901;9.206414;1.557462;1824.4822;4524.137;-771.1564;6461.2837;-232.01;-273.79224
2023-03-26;0.33078003;-1.2835999;-0.16741943;744.28174;0.8204372;140.0909;100.0;0.23531039;342.21548;686.6048;8.199173;-0.2295021;3.362596;3.4860075;0.123381615;8.101213;0.30110776;1912.9695;4540.5386;-501.28473;6847.287;-171.98222;-221.3
2023-03-27;0.9903259;-0.11705526;-0.043233234;743.6135;0.75386137;228.89766;100.0;0.22457774;344.90332;649.86163;3.0329227;-0.17200038;3.7581325;4.0126443;0.25451183;12.36942;0.011313707;1697.6172;3870.7283;-447.5361;6911.921;-128.56778;-187.60777
2023-03-28;1.0738932;-1.2586365;-0.21939342;747.10126;1.266437;183.68636;100.0;0.21288927;349.87012;607.7067;0.3337264;-0.40580332;2.9294193;3.0520558;0.12264401;11.73941;0.00056251884;2772.3071;6081.116;-1043.9545;6269.803;-307.3689;-251.89778
2023-03-29;0.057729084;-1.0480042;-0.058568317;745.7019;1.5276982;213.15385;100.0;0.20205534;351.26138;573.0794;20.886992;-0.47167298;6.3783827;6.6132097;0.23481995;12.097486;8.510132;2498.2083;5324.6367;-561.5975;6835.378;-361.91388;-384.73666
2023-03-30;-2.5696309;-3.1192806;-0.17342503;742.55206;1.3467284;190.83879;100.0;0.20684361;319.91797;640.9505;9.61636;-0.34683663;1.99835;2.1488218;0.15048683;4.859308;6.456379;1507.3633;4919.9126;-745.3467;6417.3257;-265.11777;-461.7
2023-03-31;-8.098076;-9.579057;-1.9297028;738.13385;1.0158552;185.33653;100.0;0.2156622;293.31802;727.5798;14.80487;-0.4541371;0.0;0.11086464;0.11086464;0.0;14.761866;781.5906;2678.24;-779.18945;5906.5894;-353.95557;-521.04443
2023-04-01;-8.456698;-11.131347;-5.723127;742.1003;0.9285419;223.36125;100.0;0.22246368;274.9564;799.8454;0.29184967;-0.37058723;0.0;0.11524558;0.11524558;0.0;0.28626993;1618.961;6099.1987;-1203.9512;5284.579;-283.28333;-443.37445
2023-04-02;-5.5296454;-8.578449;-6.004522;744.7347;1.0837647;118.73453;100.0;0.22234821;277.58267;791.9922;0.021793451;-0.29348022;0.0;0.119134784;0.119134784;0.0;0.01976639;1904.2289;7005.493;-1365.5013;5232.4087;-220.51555;-354.61777
2023-04-03;-2.487386;-4.398641;-4.0150323;747.6816;1.1974196;136.80269;100.0;0.2221436;281.06934;781.6162;0.034946203;-0.12808666;0.052198768;0.17492473;0.12272596;0.2848357;0.0012852252;1836.3472;6580.9775;-1118.3824;5747.0933;-90.13778;-257.13556
2023-04-04;0.08671061;-4.210266;-2.4115918;750.51764;1.1916662;123.03652;100.0;0.22134702;286.05307;765.7471;8.940697e-05;-0.18685684;0.27050078;0.3965944;0.12608618;1.1906289;7.8231096e-05;2076.7344;7078.2124;-1561.0281;5342.1665;-133.52888;-207.4
2023-04-05;0.6737671;-2.9028728;-1.3683065;747.64404;1.3528727;182.94153;100.0;0.22068135;292.94238;744.38477;5.337581;-0.2485048;0.6739795;0.8033365;0.12934953;1.6217232;2.499573;2236.469;6885.762;-1163.6091;5951.0527;-181.96222;-178.51555
2023-04-06;0.14674886;-2.817393;-0.18411763;745.6252;1.3886906;227.23242;100.0;0.21920884;297.42905;727.9053;0.63993037;-0.52829087;1.649186;1.8120855;0.16289204;6.836254;0.31147525;2110.13;6168.739;-964.5242;6279.3667;-402.9989;-255.3189
2023-04-07;-0.7762248;-3.7883098;-0.3377711;748.73737;1.3550754;212.67809;100.0;0.21439385;302.41373;699.3001;2.0036776;-0.7194001;1.1014193;1.2391508;0.13773888;4.3550243;1.2177974;2315.9927;6194.24;-1070.9867;6102.3906;-554.24;-370.29224
2023-04-08;0.7107239;-2.8670146;-0.3507029;749.56836;1.6075239;220.05878;99.83057;0.21007454;305.87012;676.9206;0.61264455;-0.56968814;1.9066334;2.0689368;0.1623109;7.393451;0.16127527;2325.889;6052.5293;-1169.6211;6027.632;-436.18332;-216.60638
2023-04-09;1.5873209;-1.0944239;-0.4423294;753.27155;0.97558385;269.29758;98.08219;0.20220654;313.46548;634.5215;3.8506985;-0.19549392;3.242582;3.3926666;0.1500845;8.356921;0.013649464;2115.1711;5058.3535;-891.19666;6313.02;-141.54889;-164.37445
2023-04-10;2.2843933;-0.1077067;-0.17971675;750.9267;0.59864986;142.08366;96.42301;0.19522691;320.4772;598.2666;20.509083;-0.085193664;8.533343;9.377241;0.8439049;8.826282;0.006593764;1367.9989;3049.485;-365.79138;6935.8887;-57.915554;-82.88111
2023-04-11;3.2727864;1.6876831;0.009393056;746.00653;1.0913172;162.09488;95.14689;0.18166868;323.90494;550.6999;33.067398;-0.2493672;22.377386;24.5575;2.1801143;17.79439;0.0;2333.8728;4971.8174;-295.53;7236.1245;-178.39667;-172.30779
2023-04-12;2.032542;1.8338114;0.00894165;740.74976;0.6723778;208.27692;94.653564;0.16907041;321.97363;511.14908;57.599457;-0.0211671;33.971397;37.52756;3.5561695;9.286132;3.8440526;867.74945;1799.9695;78.67333;7497.4634;-11.193334;-72.41
2023-04-13;-2.6701763;-3.5984395;-0.17320378;741.9063;1.5119745;200.22902;98.485596;0.17996211;286.2666;606.32324;17.929018;-0.5044667;0.69995224;1.1057258;0.40579587;1.3641939;16.659826;1429.1167;4819.624;-710.8986;6439.181;-386.02;-502.48557
2023-04-14;-2.095042;-3.438568;-0.3701655;749.1426;1.3143643;217.55927;99.46525;0.18661042;278.32486;649.1292;4.30468;-0.5320031;0.33670664;0.8160621;0.479348;0.6822907;3.2626054;1795.0172;6028.951;-815.9008;6354.475;-406.25665;-477.97888
2023-04-15;0.8059082;-3.951477;-0.6430168;750.9487;1.1407397;165.27867;97.417076;0.1837172;283.99545;626.2207;0.0017383654;-0.3458541;1.9898266;2.5238693;0.53403527;6.9956183;0.00044330955;2655.675;7726.0576;-1829.9147;5303.9004;-248.71889;-266.55112
2023-04-16;2.6450703;-7.206716;-1.0577189;750.0489;1.1326694;63.93237;95.30355;0.17667203;292.7184;582.6823;0.081288815;-0.42127258;2.1549761;2.7317405;0.57674944;7.1123095;0.0;2799.4407;7172.906;-1563.872;5567.822;-303.10223;-203.38
2023-04-17;2.5557454;-4.7633057;-0.8957507;750.8472;1.1437836;106.71735;94.32284;0.16830464;301.5602;536.90594;0.11278638;-0.35393423;2.8579683;3.469497;0.6115362;8.978926;0.0;2555.6172;6025.011;-1332.76;5845.8657;-253.24222;-156.33333
2023-04-18;4.4289346;-3.066274;-0.91820526;752.7532;1.0907972;182.54256;93.93978;0.15666358;309.82812;484.98535;0.029045673;-0.43298212;4.9132557;6.031707;1.118444;13.401684;0.0;3268.0984;7273.258;-1459.5756;5812.5776;-307.84555;-207.42
2023-04-19;5.218638;-1.0526327;-0.74418765;751.799;1.2177341;151.01219;93.79191;0.14177711;317.93198;426.10678;1.0221603;-0.35893172;6.491311;7.983543;1.4922247;15.819888;0.0;3251.369;6944.118;-1244.2172;6126.473;-251.75111;-208.69556
2023-04-20;4.589081;0.8666687;-0.5167516;747.65753;1.3622812;159.80179;91.62012;0.12716901;325.2653;371.37857;7.087037;-0.29799995;7.618651;9.18813;1.5694648;14.4463215;0.0;2680.8223;5502.6733;-840.7125;6552.852;-209.41278;-167.7111
2023-04-21;3.2860107;1.2395935;-0.600235;744.76874;1.24;204.70094;87.57047;0.11376909;329.91504;326.66016;10.041803;-0.19522291;10.128647;11.951208;1.8225759;13.829812;0.0;1709.0488;3314.2695;-547.8308;6774.886;-129.36667;-112.01222
2023-04-22;3.6951702;-2.7734375;-1.5453771;747.77783;1.0878426;189.9145;84.75919;0.1000131;335.0602;282.34863;0.0;-0.85672086;5.512655;6.5548716;1.0421946;14.236771;0.0;4143.782;7847.032;-1974.5022;5237.4087;-620.39557;-299.52
2023-04-23;4.848063;-0.63723755;-1.1081161;749.62695;0.91131705;136.87215;83.07235;0.08515958;341.58432;234.98535;2.0513983;-0.5879756;6.6097975;8.549139;1.9393339;15.364125;0.0;3671.3567;6801.668;-1234.8517;6175.161;-413.69778;-273.96555
2023-04-24;3.5101013;1.7754822;-0.21369171;748.2163;0.90207475;227.20093;82.27213;0.070788145;346.917;191.69109;8.591938;-0.40687805;9.311586;11.645466;2.3338795;13.812311;0.0;2391.9177;4377.2617;-642.5872;6831.4243;-282.37833;-185.7089
2023-04-25;3.3999329;-1.6819153;-1.1088867;747.8167;1.1819073;227.97559;81.823814;0.05508216;349.90234;147.78645;0.04202281;-0.9986805;6.9302616;9.358138;2.4278834;17.428324;0.0012349337;3938.2705;7132.3267;-1456.6102;5970.718;-723.0244;-403.44223
2023-04-26;4.065867;-3.36969;-2.5647495;749.12177;1.2027577;128.58934;81.18954;0.03777345;354.87857;99.8942;0.5899817;-0.9356225;7.1132927;9.154826;2.0415335;16.834404;0.0;4268.273;7664.8525;-1804.3534;5461.329;-673.1578;-314.1422
2023-04-27;5.153066;-2.4140117;-2.0095737;748.82965;1.3095514;114.557915;58.58968;0.022000035;356.78354;57.53581;0.42662024;-1.1550114;5.4888725;7.956147;2.4672673;14.161423;0.0;4286.383;6897.757;-1498.3619;6000.9653;-818.83386;-477.38556
2023-04-28;5.419403;-3.1336975;-1.4068171;748.36566;1.2684544;182.14885;30.972982;0.011719227;357.47202;30.558268;2.0433397;-1.613006;3.0996056;5.934;2.8343945;7.417042;0.0;4407.186;6216.5923;-1415.88;6278.1904;-1129.6178;-569.89557
2023-04-29;4.2036643;1.0433248;-0.07602183;745.4929;1.1171967;136.84764;19.032797;0.007032355;343.1481;18.839518;15.660933;-1.6001956;6.5639315;9.92176;3.3578053;4.6386795;0.73152035;3707.4272;4929.346;-876.2761;7003.599;-1113.1139;-726.25336
2023-04-30;1.9878641;-1.9258423;-1.7306455;745.19586;1.2225665;194.96397;12.440918;0.00382483;291.59668;12.329102;3.1164646;-2.2259746;1.6758591;5.3235292;3.6476777;2.8485284;0.004593283;5071.584;6614.2163;-1700.7648;6072.9097;-1553.7556;-1501.6045
2023-05-01;0.16931152;-2.5804443;-2.2503421;746.32477;1.1162598;191.22296;7.485433;0.0021886427;273.11783;7.6090493;4.726436;-2.0048878;1.3753027;5.394191;4.0188804;1.1986829;0.38436055;4840.5327;6169.556;-1552.9656;6080.3467;-1396.4211;-1483.3289
2023-05-02;1.6088257;-4.3989563;-3.2093544;749.4506;1.2005389;176.77422;4.899984;0.0012250344;245.93358;4.760742;0.61957836;-2.559739;0.4248172;4.5614095;4.1365995;1.1124537;0.0012889504;5649.066;7156.547;-2055.9514;5717.299;-1781.41;-1472.211
2023-05-03;0.89713544;-7.0323586;-4.625258;750.34375;1.4420232;127.123146;2.100423;0.00053048134;245.93456;2.3600261;0.80764294;-2.5410476;0.24706125;4.3815823;4.134521;0.4020296;0.00033900142;6088.2456;7631.9087;-2452.6367;5211.101;-1767.2;-1598.8767
2023-05-04;3.493927;-7.408539;-4.587732;752.2802;0.9736647;115.46133;0.9001465;0.00022558372;245.96254;1.2613932;0.08761287;-2.8467858;0.06997585;4.1801186;4.1101575;0.23514032;0.0;6382.628;7973.089;-2626.5361;5223.215;-1978.06;-1201.7256
2023-05-05;6.5286255;-2.8297932;-3.3882306;751.49786;1.117432;151.84206;0.28816733;7.164478e-05;245.96873;0.32552084;0.0025657308;-3.156701;0.022113323;4.0920677;4.0699615;0.09796396;0.0;6601.2847;8236.815;-2641.4312;5498.412;-2192.8867;-977.41
2023-05-06;8.842723;-1.2745565;-2.2707202;750.8155;0.889811;121.46957;0.077067055;1.9431114e-05;245.96873;-7.345365e-21;1.1170745;-2.8289053;0.17677248;4.192024;4.0152297;0.025421381;0.0;5567.717;6950.81;-2129.649;6160.176;-1965.15;-796.82446
2023-05-07;8.072612;-2.0612996;-2.2372577;749.36566;1.4838408;199.51714;0.02319336;5.722046e-06;245.96873;-7.345365e-21;1.7809957;-2.886886;0.283435;4.2314825;3.9480476;0.0067166984;0.0;5008.867;6260.8345;-1941.9691;6193.481;-2005.4288;-844.3367
2023-05-08;5.664724;-2.6607769;-2.7612572;748.71136;1.292368;220.09082;0.007405599;1.7086664e-06;245.96873;-7.345365e-21;0.8852124;-2.9215515;0.13567507;4.00424;3.8685575;0.0022165477;0.0;6160.343;7710.924;-2360.0981;5740.1294;-2029.5078;-1440.8478
2023-05-09;5.880239;-0.77941895;-2.382309;749.403;1.1973443;190.11269;0.0026855469;4.3710074e-07;239.95311;-7.345365e-21;1.5795771;-2.819121;0.2245009;4.00424;3.779769;0.0006854534;0.0;5923.0254;7424.3945;-2218.494;5919.27;-1958.35;-1344.3422
2023-05-10;6.7318215;-0.63254803;-1.6450335;750.77606;1.1437837;160.01717;0.0006510417;-7.3453654e-25;236.45734;-7.345365e-21;0.85431635;-3.0580983;0.12098253;3.8047285;3.6837606;0.00020489097;0.0;6113.133;7673.467;-2286.9058;5978.434;-2124.359;-1321.0289
2023-05-11;8.258525;0.5695801;-3.1185353;753.40326;1.0611666;128.98665;0.0;-7.3453654e-25;175.33656;-7.345365e-21;2.237472;-2.9444172;0.33986568;3.9224029;3.5825372;5.2154064e-05;0.0;5825.7554;7323.211;-2252.4417;6134.048;-2045.3889;-1103.7289
2023-05-12;9.149373;-0.87442017;-3.3781738;753.38794;1.1009022;111.19956;0.0;-7.3453654e-25;107.55239;-7.345365e-21;0.8706629;-2.9675765;0.11666119;3.5951586;3.4784973;1.1175871e-05;0.0;5538.6543;6972.298;-2112.639;6314.453;-2061.4766;-935.3589
2023-05-13;8.373189;-0.41882324;-0.33235168;748.9196;1.3337368;194.78577;0.0;-7.3453654e-25;102.185524;-7.345365e-21;5.581358;-2.862;0.8020699;4.1764827;3.3744125;3.7252903e-06;0.0;4945.0737;6234.1533;-1823.0111;6495.8203;-1988.1355;-975.50446
2023-05-14;6.8129883;0.35580444;0.010166168;747.47217;1.2803844;229.03691;0.0;-7.3453654e-25;99.99998;-7.345365e-21;2.2416263;-2.5327857;0.29550493;3.565997;3.2704844;0.0;0.0;5073.9624;6405.9;-1889.2789;6353.1934;-1759.4423;-1208.331
2023-05-15;4.7499795;-4.228414;-0.43146133;746.93066;1.112244;68.01205;0.0113932295;1.1920929e-06;103.21938;-7.345365e-21;0.19704401;-3.1042154;0.023961067;3.1912625;3.167294;0.0011213124;0.0023320317;5793.759;7325.901;-2219.7212;5941.8677;-2156.3967;-1292.1934
2023-05-16;6.6499634;-1.9455465;-0.52875644;750.05756;0.9322791;143.48131;0.005859375;9.536743e-07;108.114235;-7.345365e-21;0.46589375;-2.7776659;0.053703785;3.119409;3.0656905;0.0006817281;0.0;5409.0854;6831.62;-2029.706;6229.0996;-1929.5533;-1144.4423
2023-05-17;8.857015;-0.98690796;-0.5600446;749.38556;1.4090619;251.96802;0.0017903646;1.9868214e-07;109.37498;-7.345365e-21;0.0017046923;-3.295213;0.00023841858;2.966553;2.9662921;0.00035762787;0.0;6296.224;7943.561;-2379.8394;6030.9062;-2289.0745;-1297.45
2023-05-18;10.43633;-1.5610555;-0.5315221;750.82526;1.4211898;217.83446;0.0;-7.3453654e-25;109.37498;-7.345365e-21;0.33026934;-3.2431018;0.035092235;2.9045045;2.8694198;0.00011175871;0.0;6229.3076;7850.8213;-2323.5813;6164.3296;-2252.8745;-1249.3323
2023-05-19;9.450978;3.5124004;-0.18491237;751.15356;0.9368012;123.44773;0.0;-7.3453654e-25;109.37498;-7.345365e-21;5.596414;-2.4338608;0.7099807;3.4867525;2.7767718;2.6077032e-05;0.0;4925.947;6201.3877;-1796.0544;6733.155;-1690.7222;-1068.8867
2023-05-20;6.7946777;4.061666;-0.06556193;748.98016;0.7870407;88.50509;0.0;-7.3453654e-25;107.03351;-7.345365e-21;7.9726577;-1.2999885;1.1044145;3.7939847;2.6895702;3.7252903e-06;0.0;2325.3567;2924.3333;-1078.5375;7073.537;-903.0589;-379.42667
2023-05-21;6.6660056;3.5104573;0.010082245;748.3618;1.0762804;124.65749;0.0;-7.3453654e-25;102.596985;-7.345365e-21;4.7931967;-2.6089046;0.6621778;3.267765;2.6055872;3.7252903e-06;0.0;5044.097;6336.5166;-1713.1298;6652.219;-1812.3188;-1329.2056
2023-05-22;7.939911;2.9167683;0.0099105835;751.2647;1.4386263;173.49957;0.0;-7.3453654e-25;99.99998;-7.345365e-21;1.000458;-2.8399155;0.113248825;2.6373863;2.5241523;0.0;0.0;5326.4224;6683.757;-1865.3817;6532.6416;-1972.7944;-1220.4978
2023-05-23;8.564423;2.4886475;0.009677887;754.3547;1.3717302;123.20599;0.0;-7.3453654e-25;100.00519;-7.345365e-21;2.1159978;-3.1035151;0.28401613;2.729848;2.4458394;0.0;0.0;5540.777;6945.6445;-1775.7617;6753.802;-2155.9077;-1271.1844
2023-05-24;9.754497;3.4397278;0.0065714517;754.4429;1.2185843;138.52611;0.0;-7.3453654e-25;100.00259;-7.345365e-21;0.49867138;-2.9634945;0.05427003;2.4252386;2.370961;0.0;0.0;5286.2607;6619.426;-1793.965;6811.1733;-2058.641;-1041.74
2023-05-25;9.751434;3.5758057;0.0063069663;752.96735;1.1251374;166.9456;0.0;-7.3453654e-25;100.00779;-7.345365e-21;0.9869337;-3.0603502;0.10496378;2.4041681;2.299212;0.0;0.0;5604.2305;7010.0044;-1994.7922;6685.559;-2125.9233;-1156.7755
2023-05-26;8.548778;2.0620625;0.009953816;752.0886;1.3867253;139.8426;0.0;-7.3453654e-25;99.99998;-7.345365e-21;2.5871427;-3.2248302;0.27833134;2.5089383;2.2305994;0.0;0.0;6016.739;7518.2305;-2195.726;6381.958;-2240.1821;-1361.6522
2023-05-27;8.960815;1.7513632;0.010336558;751.89813;1.3125911;129.45764;0.0;-7.3453654e-25;99.99998;-7.345365e-21;0.5514324;-3.4145322;0.055253506;2.2201538;2.164915;0.0;0.0;6099.874;7613.93;-2116.9006;6472.1143;-2371.9612;-1323.7089
2023-05-28;10.699779;1.2879639;0.0038426716;753.075;1.190781;147.34836;0.0;-7.3453654e-25;100.01528;-7.345365e-21;0.008385862;-2.9418552;0.00081956387;2.1027327;2.101913;0.0;0.0;5180.27;6459.332;-1721.0684;6970.3516;-2043.6089;-901.44775
2023-05-29;10.101481;6.089854;0.009777069;752.8015;1.2101983;183.4883;0.0;-7.3453654e-25;100.03937;-7.345365e-21;12.333364;-2.0606182;1.5639514;3.606379;2.0424426;0.0;0.0;3576.869;4454.8423;-920.4214;7794.833;-1431.4423;-965.85223
2023-05-30;10.497609;5.793976;0.009991963;753.0652;1.2191154;158.1727;0.0;-7.3453654e-25;99.99998;-7.345365e-21;2.039638;-3.2015266;0.2142638;2.200365;1.9861088;0.0;0.0;5332.521;6634.839;-1729.67;7050.4004;-2223.9944;-1207.5956
2023-05-31;9.161235;3.805827;0.010054271;751.82355;1.125537;127.63564;0.0;-7.3453654e-25;99.99998;-7.345365e-21;3.8342924;-3.0301232;0.45110285;2.382964;1.931861;0.0;0.0;5451.0146;6775.2954;-1955.2609;6634.053;-2104.9268;-1257.6078
2023-06-01;9.750234;0.55185956;0.009760539;751.99677;1.2271377;140.8401;0.0;-7.3453654e-25;100.00259;-7.345365e-21;0.38632154;-3.6211312;0.039339066;1.9187629;1.8794239;0.0;0.0;6219.694;7722.6733;-2256.5942;6341.633;-2515.479;-1271.7156
2023-06-02;10.270091;1.7935791;0.0098775225;753.9898;1.2822529;198.76483;0.0;-7.3453654e-25;99.99998;-7.345365e-21;0.107703865;-3.325589;0.010669231;1.8394291;1.8287599;0.0;0.0;5920.4565;7343.317;-2123.4797;6512.826;-2310.1755;-1196.5344
2023-06-03;12.572713;2.375122;0.010077159;754.9016;1.1579205;133.32036;0.0;-7.3453654e-25;99.99998;-7.345365e-21;1.3626695;-3.6678426;0.15562028;1.9356161;1.7799959;0.0;0.0;6300.592;7806.57;-2270.2166;6613.081;-2547.9277;-1027.33
2023-06-04;12.786407;1.7892761;0.010171254;753.312;1.3357205;117.916534;0.0;-7.3453654e-25;99.99998;-7.345365e-21;0.55751204;-3.7231474;0.051379204;1.784414;1.7330573;0.0;0.0;6361.668;7873.9824;-2319.955;6575.8833;-2586.3472;-1121.75
2023-06-05;12.554036;0.7317505;0.010131836;752.1985;1.145445;169.85165;0.0;-7.3453654e-25;99.99998;-7.345365e-21;0.0008523463;-3.7073455;7.4505806e-05;1.6879141;1.6878396;0.0;0.0;6645.4966;8216.676;-2478.776;6410.918;-2575.37;-1237.2655
2023-06-06;12.329814;-0.35715738;0.010122935;752.6833;1.2091264;124.62979;0.0;-7.3453654e-25;99.99998;-7.345365e-21;0.57114315;-3.5196328;0.047951937;1.6921908;1.6442313;0.0;0.0;6514.204;8045.8735;-2442.0386;6435.8213;-2444.9722;-1293.2278
2023-06-07;11.943837;0.51801556;0.009812673;752.23895;1.4374256;103.606026;0.0;-7.3453654e-25;99.99998;-7.345365e-21;1.0859549;-3.4200315;0.091314316;1.6937256;1.6024039;0.0;0.0;6369.113;7858.349;-2396.8047;6519.451;-2375.7822;-1346.4456
2023-06-08;12.85847;1.5440674;0.009712219;753.1219;1.0711663;75.87878;0.0;-7.3453654e-25;99.99998;-7.345365e-21;0.1478672;-3.4917333;0.010609627;1.5726388;1.5620291;0.0;0.0;6346.761;7822.493;-2393.7266;6658.914;-2425.591;-1093.5712
2023-06-09;13.16277;1.5448608;0.01033783;752.16016;1.124594;108.45291;0.0;-7.3453654e-25;99.99998;-7.345365e-21;0.025045872;-2.6298947;0.0019669533;1.5252084;1.5232489;0.0;0.0;5024.3906;6186.1655;-2030.6583;6917.9023;-1826.9;-881.4267
2023-06-10;11.728577;2.9203594;0.009942372;749.23706;1.1351364;167.45628;0.0;-7.3453654e-25;99.99998;-7.345365e-21;5.254459;-2.5627139;0.50881505;1.9951612;1.4863386;0.0;0.0;5254.1597;6462.4443;-1893.9353;7028.5327;-1780.2322;-1351.76
2023-06-11;12.560863;2.4978027;0.009798686;749.55023;1.1438516;135.45964;0.0;-7.3453654e-25;100.00519;-7.345365e-21;0.27145445;-3.4162383;0.02130121;1.4719665;1.4506652;0.0;0.0;6376.558;7834.6143;-2298.2676;6724.158;-2373.1467;-1386.0355
2023-06-12;13.840535;1.7291971;0.009819031;749.2056;1.2705534;121.28448;0.0;-7.3453654e-25;99.99998;-7.345365e-21;0.08072853;-3.3501127;0.0061690807;1.4218241;1.415655;0.0;0.0;6432.626;7895.291;-2350.5222;6769.333;-2327.2112;-1364.6322
2023-06-13;13.222636;1.9773458;0.009777069;748.8421;1.2095186;141.57555;0.0;-7.3453654e-25;99.99998;-7.345365e-21;0.7483959;-2.7614944;0.056400895;1.4383495;1.3819561;0.0;0.0;5880.682;7210.4043;-2211.5835;6844.5234;-1918.3177;-1452.3833
2023-06-14;12.983063;0.19968669;0.009735107;749.1201;1.2310218;197.31389;0.0;-7.3453654e-25;99.99998;-7.345365e-21;0.07516814;-2.8612726;0.005468726;1.3549775;1.3494939;0.0;0.0;6335.046;7759.279;-2475.3264;6584.098;-1987.63;-1653.7123
2023-06-15;12.11317;0.07896932;0.010075887;748.5705;1.3192425;157.00659;0.0;-7.3453654e-25;99.99998;-7.345365e-21;0.6432274;-2.6690662;0.050023198;1.3679862;1.317963;0.0;0.0;6329.9546;7745.0444;-2563.1836;6465.089;-1854.1111;-1652.7833
2023-06-16;13.33194;0.60109454;0.009946187;747.7385;1.1240491;130.8637;0.0;-7.3453654e-25;99.99998;-7.345365e-21;0.025059307;-2.8199236;0.00166893;1.2890399;1.287356;0.0;0.0;6514.6387;7969.89;-2581.725;6616.3545;-1958.9066;-1551.0878
2023-06-17;14.206218;0.15413411;0.010087331;748.2952;1.3421153;146.64525;0.0;-7.3453654e-25;99.99998;-7.345365e-21;0.29323044;-2.6504788;0.020310283;1.277864;1.2575612;0.0;0.0;6750.635;8257.584;-2715.514;6567.068;-1841.1995;-1819.1633
2023-06-18;13.795807;-0.92276;0.01008606;748.5586;1.6871649;140.6869;0.0;-7.3453654e-25;99.99998;-7.345365e-21;0.031381845;-2.3387523;0.0021457672;1.2309104;1.2287647;0.0;0.0;6601.4883;8074.1265;-2724.9954;6460.6;-1624.6533;-2007.0355
2023-06-19;13.544728;1.15389;0.009936015;749.55664;1.2831117;186.64734;0.0;-7.3453654e-25;99.99998;-7.345365e-21;0.0;-2.3043566;0.0;1.2007505;1.200758;0.0;0.0;6967.0806;8520.202;-2953.54;6372.642;-1600.76;-1988.8044
2023-06-20;12.710561;0.62027997;0.010083516;748.4287;1.4149016;238.11305;0.0;-7.3453654e-25;99.99998;-7.345365e-21;0.0017424664;-1.9327021;0.00011920929;1.1737198;1.1736081;0.0;0.0;6785.2715;8296.769;-2871.4534;6350.8467;-1342.5845;-2294.64
2023-06-21;13.456329;0.38284302;0.009953816;749.61896;1.2031237;166.3549;0.0;-7.3453654e-25;99.99998;-7.345365e-21;0.0008523463;-1.8888246;5.9604645e-05;1.1474043;1.1473596;0.0;0.0;6483.5146;7926.7134;-2705.8167;6685.324;-1312.1034;-2034.461
2023-06-22;14.139363;0.059621174;0.010073344;750.15936;1.4518847;138.6292;0.0;-7.3453654e-25;99.99998;-7.345365e-21;0.0059119267;-1.85367;0.00035762787;1.1221468;1.1217818;0.0;0.0;6851.9346;8376.099;-2929.8394;6539.4746;-1287.6833;-2256.909
2023-06-23;14.093699;-0.612325;0.009859721;751.16656;1.4824866;129.34068;0.0;-7.3453654e-25;99.99998;-7.345365e-21;0.008542713;-1.7650193;0.00047683716;1.0974109;1.0969341;0.0;0.0;6857.1797;8381.374;-2963.4778;6511.9653;-1226.1;-2284.5745
2023-06-24;13.821991;0.29334512;0.009989421;751.2297;1.3451557;86.54293;0.0;-7.3453654e-25;99.99998;-7.345365e-21;0.40169954;-1.6574198;0.024676323;1.0975748;1.072906;0.0;0.0;6539.989;7992.629;-2822.75;6688.01;-1151.3545;-2192.59
2023-06-25;16.038595;2.5211995;0.007422129;751.1245;1.3385648;52.242416;0.0;-7.3453654e-25;100.00259;-7.345365e-21;0.0012851288;-1.906503;8.940697e-05;1.049608;1.049541;0.0;0.0;6953.01;8496.387;-3073.9138;6673.9043;-1324.3833;-2023.6578
2023-06-26;17.637613;-1.3139852;0.007071177;748.6528;1.2164577;157.23245;0.0;-7.3453654e-25;100.00519;-7.345365e-21;0.0008644619;-1.8698163;5.9604645e-05;1.0266751;1.026608;0.0;0.0;7049.173;8612.768;-3286.9834;6585.2485;-1298.8989;-1981.7922
2023-06-27;17.07197;-2.322754;0.0102170305;748.43207;1.3666669;233.05156;0.0;-7.3453654e-25;99.99998;-7.345365e-21;0.00042617318;-1.688472;2.9802322e-05;1.0043979;1.004383;0.0;0.0;7073.1816;8640.973;-3265.6855;6545.7505;-1172.925;-2215.2544
2023-06-28;17.118225;-0.36646524;0.010026296;750.8803;1.1639196;135.92416;0.0;-7.3453654e-25;99.99998;-7.345365e-21;0.0008583069;-1.6300212;5.9604645e-05;0.982821;0.9827763;0.0;0.0;6879.7515;8403.557;-3094.9128;6809.261;-1132.3212;-2172.1934
2023-06-29;17.204111;0.053538006;0.010136922;749.8501;1.4151729;222.48051;0.0;-7.3453654e-25;99.99998;-7.345365e-21;0.0012874597;-1.5362017;7.4505806e-05;0.96188486;0.9618029;0.0;0.0;6866.0386;8385.741;-3107.859;6784.2085;-1067.1489;-2302.5645
2023-06-30;16.949188;-0.45740762;0.009764354;748.10016;1.4234843;148.18797;0.0;-7.3453654e-25;99.99998;-7.345365e-21;0.0017148869;-1.4417526;0.00010430813;0.9416044;0.9415075;0.0;0.0;6548.738;7997.1235;-2942.4966;6913.6157;-1001.5389;-2228.8057
2023-07-01;16.39505;-0.3068644;0.010275523;748.2178;1.4673834;135.82652;0.0;-7.3453654e-25;99.99998;-7.345365e-21;0.0008583069;-1.3922881;5.9604645e-05;0.92189014;0.921838;0.0;0.0;6757.8306;8251.38;-3025.909;6789.11;-967.1767;-2435.6333
2023-07-02;16.407196;-0.3645935;0.009735107;751.16797;1.1639485;144.4999;0.0;-7.3453654e-25;99.99998;-7.345365e-21;0.0;-1.4519403;0.0;0.90263784;0.90263784;0.0;0.0;6928.1313;8458.279;-3186.6067;6708.878;-1008.61444;-2324.3767
2023-07-03;17.242859;0.27782187;0.009991963;752.17426;1.0132314;87.901825;0.0;-7.3453654e-25;99.99998;-7.345365e-21;0.02399087;-1.4354028;0.0011026859;0.88503957;0.88392943;0.0;0.0;6697.114;8175.1045;-3092.2983;6942.972;-997.12555;-2114.6655
2023-07-04;18.88498;1.7323303;0.009867351;751.8533;1.3029271;89.32877;0.0;-7.3453654e-25;99.99998;-7.345365e-21;0.00256598;-1.4361981;0.00011920929;0.8658469;0.86574256;0.0;0.0;6666.983;8137.349;-3075.879;7113.1636;-997.68;-2076.7578
2023-07-05;18.59085;5.127238;0.0099436445;751.0159;1.7675123;47.871216;0.0;-7.3453654e-25;100.00259;-7.345365e-21;0.0008642673;-1.2991065;4.4703484e-05;0.8481443;0.8480996;0.0;0.0;6397.1396;7807.109;-2908.287;7252.0537;-902.44556;-2151.9077
2023-07-06;18.778513;4.7634683;0.0100911455;751.4319;1.7503482;44.68814;0.0;-7.3453654e-25;100.00519;-7.345365e-21;0.00085234636;-1.2985561;4.4703484e-05;0.83100796;0.8309707;0.0;0.0;6558.901;8003.4854;-2934.0427;7242.6865;-902.06445;-2289.9778
2023-07-07;20.616913;3.3730366;0.009911855;751.2785;1.3685141;91.41378;0.0;-7.3453654e-25;99.99998;-7.345365e-21;0.0008523463;-1.4133434;4.4703484e-05;0.81425905;0.81419945;0.0;0.0;6858.6685;8368.111;-3145.445;7262.3936;-981.80334;-2178.0823
2023-07-08;18.482035;-0.10933431;0.009847005;749.18115;1.6788615;159.62788;0.0;-7.3453654e-25;99.99998;-7.345365e-21;0.00042756618;-1.2701024;2.2351742e-05;0.7979274;0.797905;0.0;0.0;6957.9863;8488.185;-3261.9976;6866.9033;-882.2989;-2604.5388
2023-07-09;17.12208;1.3501791;0.009630839;748.56256;1.6488293;221.39673;0.0;-7.3453654e-25;99.99998;-7.345365e-21;0.0008531533;-1.1053476;4.4703484e-05;0.78223646;0.78219175;0.0;0.0;6408.963;7817.499;-2933.4312;6992.0605;-767.8489;-2415.6968
2023-07-10;16.490997;1.0629171;0.010014852;748.4685;1.6649269;200.47662;0.0;-7.3453654e-25;99.99998;-7.345365e-21;0.0008499943;-1.0633581;4.4703484e-05;0.7670671;0.76700747;0.0;0.0;6407.089;7814.14;-2809.574;7074.099;-738.68;-2660.8533
2023-07-11;15.973866;-0.48220825;0.010161082;750.77637;1.5937772;159.4453;0.0;-7.3453654e-25;99.99998;-7.345365e-21;0.0017057746;-0.9961417;8.940697e-05;0.75238943;0.7523;0.0;0.0;6253.57;7625.9224;-2795.7021;6950.292;-691.98553;-2604.1912
2023-07-12;17.092112;0.69523114;0.009929657;754.00385;1.1896907;108.223755;0.0;-7.3453654e-25;99.99998;-7.345365e-21;0.00214617;-1.2147949;0.00011920929;0.73798;0.73785335;0.0;0.0;6926.922;8445.926;-3246.484;6818.4;-843.8778;-2377.8333
2023-07-13;19.251413;1.9762675;0.009815216;754.1313;1.6524839;46.16194;0.0;-7.3453654e-25;99.99998;-7.345365e-21;0.0017277598;-1.2168996;0.00010430813;0.7237494;0.72366;0.0;0.0;6998.7065;8532.356;-3373.8994;6864.84;-845.34;-2273.8489
2023-07-14;20.500824;4.4821777;0.009775798;752.3591;1.3475074;65.77905;0.0;-7.3453654e-25;99.99998;-7.345365e-21;0.0008583069;-1.217207;5.9604645e-05;0.7098615;0.7098168;0.0;0.0;6740.35;8216.333;-3127.2856;7321.4546;-845.55334;-2229.4211
2023-07-15;20.12558;3.3971252;0.010035197;751.0993;1.2847328;115.013855;0.0;-7.3453654e-25;99.99998;-7.345365e-21;0.0;-0.99154377;0.0;0.6964803;0.6964803;0.0;0.0;5494.197;6696.3477;-2649.4307;7628.239;-688.79224;-1816.1411
2023-07-16;19.656626;0.61210126;0.010014852;750.31134;1.4455243;129.7433;0.0;-7.3453654e-25;99.99998;-7.345365e-21;0.0070035458;-1.088716;0.00032782555;0.6839037;0.6835684;0.0;0.0;6424.667;7828.7124;-3071.821;7189.4146;-756.29443;-2291.2334
2023-07-17;18.442902;1.9086202;0.009885152;750.00903;1.4370767;109.39261;0.0;-7.3453654e-25;99.99998;-7.345365e-21;0.3428638;-1.116896;0.018253922;0.6891787;0.67091733;0.0;0.0;6431.165;7834.7495;-3015.0906;7157.4766;-775.8711;-2320.7043
2023-07-18;17.825012;4.197744;0.010103862;749.97614;1.2355245;76.93548;0.0;-7.3453654e-25;99.99998;-7.345365e-21;0.012921954;-1.1753198;0.00067055225;0.659287;0.6586164;0.0;0.0;6504.473;7922.362;-2996.4136;7180.797;-816.45667;-2362.8945
2023-07-19;18.569519;1.7866415;0.010002136;750.3674;1.1419346;95.67989;0.0;-7.3453654e-25;99.99998;-7.345365e-21;0.007358021;-1.125332;0.0003427267;0.6468743;0.64653903;0.0;0.0;6494.667;7908.721;-3080.2888;7188.4165;-781.73114;-2258.2312
2023-07-20;19.548502;-1.4193319;0.009854634;751.3025;1.168923;90.68686;0.0;-7.3453654e-25;99.99998;-7.345365e-21;0.0028163195;-1.1105369;0.00010430813;0.634864;0.63475966;0.0;0.0;6659.775;8107.953;-3324.2112;6990.142;-771.4533;-2218.7612
2023-07-21;19.970327;-3.5183818;0.009989421;751.97534;1.3295029;119.2645;0.0;-7.3453654e-25;99.99998;-7.345365e-21;0.0008523463;-1.1045207;4.4703484e-05;0.6233156;0.6232634;0.0;0.0;6925.475;8429.514;-3488.4272;6839.503;-767.2733;-2314.801
2023-07-22;20.196096;0.9702759;0.009815216;753.2378;1.2353092;71.01279;0.0;-7.3453654e-25;99.99998;-7.345365e-21;0.005161762;-1.0508345;0.00022351742;0.6122887;0.6120652;0.0;0.0;6437.676;7834.015;-3143.2366;7268.079;-729.9789;-2112.1
2023-07-23;21.023996;3.3303528;0.00985082;751.92847;1.2216705;66.31056;0.0;-7.3453654e-25;99.99998;-7.345365e-21;0.0030457969;-1.016831;0.00014901161;0.60133636;0.6011799;0.0;0.0;6222.7617;7570.8496;-3020.6646;7486.266;-706.3589;-2051.801
2023-07-24;21.265717;0.18317668;0.010169983;748.60516;1.409588;133.46672;0.0;-7.3453654e-25;99.99998;-7.345365e-21;0.0009924173;-0.9789225;4.4703484e-05;0.5906522;0.5906075;0.0;0.0;6169.199;7503.977;-3045.821;7387.4854;-680.0256;-2123.5679
2023-07-25;19.392588;0.63983154;0.009822845;748.6535;1.4946262;102.968575;0.0;-7.3453654e-25;99.99998;-7.345365e-21;0.007442647;-0.90456754;0.00029802322;0.58066845;0.5803481;0.0;0.0;6030.379;7333.4204;-3016.2957;7233.18;-628.3722;-2187.9734
2023-07-26;18.95701;3.2005513;0.00987498;751.86835;1.1820074;79.11217;0.0;-7.3453654e-25;99.99998;-7.345365e-21;0.019475922;-0.9060465;0.0008046627;0.5711615;0.57035685;0.0;0.0;6060.347;7368.273;-2938.1433;7319.6577;-629.39886;-2175.5444
2023-07-27;19.743967;2.1999614;0.00976181;752.6118;1.0629765;138.33575;0.0;-7.3453654e-25;99.99998;-7.345365e-21;0.0044047832;-0.95822287;0.00017881393;0.5607009;0.56054443;0.0;0.0;6288.9453;7644.48;-3068.6646;7316.2637;-665.64557;-2197.08
2023-07-28;20.515493;-0.14756267;0.009847005;750.9476;1.3194578;124.40003;0.0;-7.3453654e-25;99.99998;-7.345365e-21;0.0;-0.97978485;0.0;0.55092573;0.5509332;0.0;0.0;6651.955;8083.9854;-3301.8784;7132.9707;-680.62335;-2316.4468
2023-07-29;20.918915;-1.4563599;0.009806315;749.9013;1.3887864;126.60876;0.0;-7.3453654e-25;99.99998;-7.345365e-21;0.0017145876;-0.9687757;8.940697e-05;0.5416423;0.5415529;0.0;0.0;6607.318;8027.896;-3323.6426;7103.269;-672.9756;-2293.0667
2023-07-30;20.31304;-3.4450989;0.010050456;749.5649;1.5056791;128.66539;0.0;-7.3453654e-25;99.99998;-7.345365e-21;0.0;-0.93942696;0.0;0.5324185;0.5324185;0.0;0.0;6816.924;8280.732;-3493.1208;6817.823;-652.58777;-2445.919
2023-07-31;18.981802;-4.648214;0.010012309;750.38617;1.4392916;132.67204;0.0;-7.3453654e-25;99.99998;-7.345365e-21;0.00085234636;-0.89170223;5.9604645e-05;0.5235672;0.5235225;0.0;0.0;6877.442;8352.47;-3545.909;6588.277;-619.43665;-2511.4734
2023-08-01;19.312988;-2.9797466;0.010105133;751.6531;1.3022375;180.45201;0.0;-7.3453654e-25;99.99998;-7.345365e-21;0.0021395553;-0.89943224;0.00011920929;0.5149543;0.5148202;0.0;0.0;6794.015;8249.318;-3465.7556;6732.9834;-624.80554;-2432.4377
2023-08-02;19.929495;-3.0766907;0.009632111;752.0434;1.3994414;172.64095;0.0;-7.3453654e-25;99.99998;-7.345365e-21;0.0017106531;-0.9153765;8.940697e-05;0.50640106;0.50631166;0.0;0.0;6733.5063;8174.0137;-3416.8582;6899.004;-635.8811;-2309.4055
2023-08-03;20.478577;-3.3540752;0.010040283;750.9821;1.2836894;123.44297;0.0;-7.3453654e-25;99.99998;-7.345365e-21;0.0008523463;-0.9277053;4.4703484e-05;0.4980415;0.4979968;0.0;0.0;6700.5215;8132.1475;-3453.7847;6958.239;-644.44666;-2257.5266
2023-08-04;19.893179;-3.9452312;0.009946187;750.2984;1.5070478;102.87729;0.0;-7.3453654e-25;99.99998;-7.345365e-21;0.0008583069;-0.8922238;4.4703484e-05;0.48990548;0.48987567;0.0;0.0;6723.3066;8157.8657;-3486.9805;6835.9883;-619.7989;-2330.7466
2023-08-05;19.634155;2.3254497;0.010058085;752.1257;1.4124023;79.50411;0.0;-7.3453654e-25;99.99998;-7.345365e-21;0.0026613474;-0.84629285;0.00010430813;0.48205256;0.48194826;0.0;0.0;6420.399;7788.7056;-3209.3076;7113.6733;-587.8911;-2313.821
2023-08-06;20.004477;1.7432352;0.010083516;752.48505;1.183117;121.13245;0.0;-7.3453654e-25;99.99998;-7.345365e-21;0.0024437904;-0.79705286;8.940697e-05;0.47431886;0.4742369;0.0;0.0;5865.8096;7114.4033;-2889.6975;7459.406;-553.68555;-2113.8667
2023-08-07;20.860321;0.38287354;0.010019938;751.5966;0.8190327;90.84928;0.0;-7.3453654e-25;99.99998;-7.345365e-21;0.0009655953;-0.7336643;4.4703484e-05;0.46683848;0.46679378;0.0;0.0;5019.14;6086.175;-2614.5396;7812.1406;-509.65222;-1550.7733
2023-08-08;20.32549;1.3988241;0.009605408;752.1838;1.6238298;43.803387;0.0;-7.3453654e-25;99.99998;-7.345365e-21;0.0008584272;-0.8414537;4.4703484e-05;0.4595369;0.4594922;0.0;0.0;6463.708;7836.0776;-3176.9893;7259.21;-584.53;-2444.2966
2023-08-09;21.342834;0.48565674;0.00962321;754.6421;1.3154093;60.096775;0.0;-7.3453654e-25;99.99998;-7.345365e-21;0.002151025;-0.8790605;0.00010430813;0.45236945;0.4522428;0.0;0.0;6528.365;7912.6733;-3384.028;7162.692;-610.6544;-2166.53
2023-08-10;21.930258;-1.3913879;0.009765625;756.4138;1.3032031;101.65673;0.0;-7.3453654e-25;99.99998;-7.345365e-21;0.0;-0.8235611;0.0;0.445202;0.445202;0.0;0.0;5974.349;7239.729;-3092.7722;7465.6724;-572.1;-1940.5588
2023-08-11;22.275452;-2.1335347;0.0098775225;756.3316;1.2184988;77.07093;0.0;-7.3453654e-25;99.99998;-7.345365e-21;0.00044107434;-0.8079279;1.4901161e-05;0.43839216;0.43837726;0.0;0.0;5831.0728;7064.383;-3078.4756;7514.0635;-561.24;-1851.04
2023-08-12;22.100332;-2.3863118;0.009979248;756.5296;1.1264807;90.04925;0.0;-7.3453654e-25;99.99998;-7.345365e-21;0.0022888184;-0.7208008;8.940697e-05;0.43185055;0.43174624;0.0;0.0;5147.9795;6235.45;-2799.1138;7699.4653;-500.71667;-1603.74
2023-08-13;21.639841;-2.3169963;0.009783427;756.96045;1.4392983;63.457058;0.0;-7.3453654e-25;99.99998;-7.345365e-21;0.0012814989;-0.7885117;5.9604645e-05;0.42533875;0.4252717;0.0;0.0;5896.3027;7140.227;-3118.5022;7396.432;-547.7522;-1930.0033
2023-08-14;19.59318;-1.704071;0.009969075;757.4702;2.116921;40.515686;0.0;-7.3453654e-25;99.99998;-7.345365e-21;0.0;-0.7413942;0.0;0.41888654;0.41888654;0.0;0.0;6596.9146;7986.854;-3471.5378;6721.11;-515.0222;-2512.5955
2023-08-15;19.433716;-3.7526348;0.009960175;756.3598;1.8087746;41.495968;0.0;-7.3453654e-25;99.99998;-7.345365e-21;0.0;-0.75528026;0.0;0.41264296;0.41261315;0.0;0.0;6555.944;7935.5127;-3541.8967;6627.0225;-524.6678;-2344.8489
2023-08-16;19.213694;-5.648041;0.009938558;754.93427;1.4912704;46.075283;0.0;-7.3453654e-25;99.99998;-7.345365e-21;0.0;-0.76241976;0.0;0.40650368;0.40648133;0.0;0.0;6466.5073;7826.3506;-3526.9065;6654.09;-529.6278;-2218.561
2023-08-17;20.455576;-5.725515;0.010050456;754.18756;1.2551931;143.50227;0.0;-7.3453654e-25;99.99998;-7.345365e-21;0.00086426735;-0.67877674;2.9802322e-05;0.4005432;0.40052086;0.0;0.0;5477.689;6628.8623;-2868.7434;7358.1265;-471.52444;-1793.6078
2023-08-18;19.80597;-3.420705;0.009695689;754.1179;1.2118006;108.26977;0.0;-7.3453654e-25;99.99998;-7.345365e-21;0.0423342;-0.6285794;0.0020563602;0.39683282;0.3947839;0.0;0.0;5224.512;6321.654;-2785.015;7373.6436;-436.65332;-1866.2567
2023-08-19;19.122528;-1.4808044;0.010185242;753.376;1.0074968;141.1945;0.0;-7.3453654e-25;99.99998;-7.345365e-21;0.39352477;-0.78998137;0.019147992;0.40829182;0.38915128;0.0;0.0;5581.32;6752.491;-2868.9885;7308.9966;-548.7722;-1997.0289
2023-08-20;19.53771;-2.0640461;0.009465535;753.1191;1.343445;122.99414;0.0;-7.3453654e-25;99.99998;-7.345365e-21;0.0006437301;-0.83727765;1.4901161e-05;0.3836453;0.3836155;0.0;0.0;5536.22;6697.0835;-2871.8762;7263.055;-581.63;-1901.0111
2023-08-21;19.580893;-0.93536377;0.009647369;753.8845;1.4479847;167.57635;0.0;-7.3453654e-25;99.99998;-7.345365e-21;0.0008702277;-0.7571103;2.9802322e-05;0.37822127;0.37816167;0.0;0.0;6222.1245;7525.969;-3237.66;6909.338;-525.9389;-2248.9944
2023-08-22;20.374308;-3.1942647;0.009616852;754.30597;1.458165;265.81436;0.0;-7.3453654e-25;99.99998;-7.345365e-21;0.0008523463;-0.7126909;4.4703484e-05;0.37285686;0.3728196;0.0;0.0;6243.164;7550.5137;-3326.588;6838.891;-495.0822;-2246.088
2023-08-23;19.866983;-3.7087097;0.009979248;754.3037;1.3463098;197.34102;0.0;-7.3453654e-25;99.99998;-7.345365e-21;0.001722412;-0.7047486;8.940697e-05;0.36764145;0.3675744;0.0;0.0;6234.8506;7539.559;-3361.3408;6792.4043;-489.56668;-2160.5745
2023-08-24;19.663473;-4.983358;0.010075887;752.6675;1.2912682;182.65648;0.0;-7.3453654e-25;99.99998;-7.345365e-21;0.00043296008;-0.702152;1.4901161e-05;0.36245584;0.36242604;0.0;0.0;6232.2725;7535.5474;-3460.7683;6680.4946;-487.7611;-2104.41
2023-08-25;18.84488;-3.4411113;0.010251363;750.236;1.3962423;142.62935;0.0;-7.3453654e-25;99.99998;-7.345365e-21;0.0;-0.6636502;0.0;0.35740435;0.35740435;0.0;0.0;6192.931;7487.07;-3370.699;6673.242;-461.01556;-2172.7578
2023-08-26;17.999186;2.182312;0.010189056;751.1352;1.165725;71.57976;0.0;-7.3453654e-25;99.99998;-7.345365e-21;0.043731928;-0.63700604;0.001989305;0.35448372;0.35248697;0.0;0.0;5524.171;6677.706;-2891.0745;7191.318;-442.50665;-1967.2644
2023-08-27;19.086578;3.9592488;0.010125478;751.3997;1.2120897;112.5167;0.0;-7.3453654e-25;99.99998;-7.345365e-21;0.004351139;-0.6439053;0.00014901161;0.3478527;0.34768134;0.0;0.0;5500.0327;6647.7563;-2816.7148;7352.847;-447.2989;-1985.9689
2023-08-28;17.946442;0.3884379;0.009901683;749.00104;1.6898052;156.88617;0.0;-7.3453654e-25;99.99998;-7.345365e-21;0.0;-0.6248616;0.0;0.34298003;0.34297258;0.0;0.0;5956.5913;7198.746;-3087.7952;6920.654;-434.07;-2358.5754
2023-08-29;13.850902;2.4719646;0.010112762;746.99536;1.2737417;187.3669;0.0;-7.3453654e-25;99.99998;-7.345365e-21;0.30706525;-0.5050227;0.014588237;0.3530681;0.33847988;0.0;0.0;4794.182;5793.428;-2339.2122;7159.4385;-350.82224;-2260.3267
2023-08-30;13.195424;3.3665874;0.009835561;751.3233;0.9513762;70.59005;0.0;-7.3453654e-25;99.99998;-7.345365e-21;0.7085031;-0.5990174;0.033542514;0.36776066;0.3341958;0.0;0.0;3917.6306;4733.4604;-2077.6558;7316.4946;-416.11777;-1560.1956
2023-08-31;16.529358;1.9414572;0.009900411;754.6372;0.9644876;73.973946;0.0;-7.3453654e-25;99.99998;-7.345365e-21;0.0004351138;-0.8759275;1.4901161e-05;0.3299266;0.32990426;0.0;0.0;5609.7476;6777.2227;-2844.0789;6995.3525;-608.4767;-1872.7089
2023-09-01;17.98117;-1.3316244;0.010292053;754.78986;1.0709012;101.217255;0.0;-7.3453654e-25;99.99998;-7.345365e-21;0.0017175917;-0.7668305;8.940697e-05;0.32564998;0.32556802;0.0;0.0;5775.727;6976.8877;-3049.0273;6941.882;-532.6922;-1898.6156
2023-09-02;18.905905;-0.58584595;0.009806315;754.05145;1.2565216;149.33553;0.0;-7.3453654e-25;99.99998;-7.345365e-21;0.0;-0.6984398;0.0;0.32129884;0.32129884;0.0;0.0;5699.1206;6883.437;-3032.9678;7044.6123;-485.18332;-1955.2866
2023-09-03;18.145712;-1.7201029;0.0099436445;752.8379;1.5109767;163.92082;0.0;-7.3453654e-25;99.99998;-7.345365e-21;0.0008523463;-0.62296915;2.9802322e-05;0.31718612;0.31714886;0.0;0.0;5762.9834;6959.7314;-3150.1707;6738.0757;-432.75665;-2116.9434
2023-09-04;17.630686;-2.1045837;0.009852092;753.52496;1.3021847;239.98529;0.0;-7.3453654e-25;99.99998;-7.345365e-21;0.0021427867;-0.5999077;0.00010430813;0.3132075;0.3131032;0.0;0.0;5747.917;6940.7637;-3187.4595;6598.917;-416.73557;-2032.7433
2023-09-05;18.171051;-2.6690876;0.010227203;755.965;1.3637514;171.2397;0.0;-7.3453654e-25;99.99998;-7.345365e-21;0.0;-0.59866905;0.0;0.3091246;0.30913204;0.0;0.0;5448.2637;6578.0933;-2980.7422;6912.689;-415.87445;-1853.1389
2023-09-06;18.968008;-4.0673013;0.009854634;755.66705;1.404703;151.69516;0.0;-7.3453654e-25;99.99998;-7.345365e-21;0.0;-0.6059958;0.0;0.3052354;0.3052354;0.0;0.0;5640.695;6809.635;-3204.3162;6727.183;-420.96555;-1876.1566
2023-09-07;18.397034;-6.3062844;0.009597778;753.1018;1.2241286;173.1722;0.0;-7.3453654e-25;99.99998;-7.345365e-21;0.0008523463;-0.6004069;4.4703484e-05;0.3014505;0.30141324;0.0;0.0;5782.2886;6979.737;-3488.3008;6355.972;-417.08334;-1708.4589
2023-09-08;17.217752;-5.1253967;0.009920756;752.0346;1.3410449;214.65758;0.0;-7.3453654e-25;99.99998;-7.345365e-21;0.0;-0.5606972;0.0;0.2976805;0.2976805;0.0;0.0;5672.42;6846.2827;-3340.522;6374.6284;-389.49777;-1918.8722
2023-09-09;15.320027;0.49161783;0.010163625;750.58575;1.4946932;236.45302;0.0;-7.3453654e-25;99.99998;-7.345365e-21;0.0034362073;-0.45751688;0.00016391277;0.29419363;0.2940446;0.0;0.0;5097.8364;6152.099;-2756.5022;6719.6963;-317.8211;-2010.1333
2023-09-10;14.516113;0.94092816;0.010060628;748.60223;1.5335875;197.32202;0.0;-7.3453654e-25;99.99998;-7.345365e-21;0.56427777;-0.5760826;0.02618134;0.31676888;0.2905801;0.0;0.0;4552.062;5492.7617;-2357.8894;6962.0977;-400.18668;-1837.2844
2023-09-11;13.537323;-0.33139038;0.010040283;749.175;1.674157;154.64742;0.0;-7.3453654e-25;99.99998;-7.345365e-21;0.05570352;-0.6149197;0.0026673079;0.2898276;0.28717518;0.0;0.0;4663.605;5626.6724;-2283.7773;7078.6665;-427.16446;-1958.2933
2023-09-12;12.473012;1.7683614;0.009662628;750.7693;1.6074098;205.59291;0.0;-7.3453654e-25;99.99998;-7.345365e-21;0.08325279;-0.41914916;0.0039339066;0.28778613;0.28385967;0.0;0.0;4071.2021;4911.3535;-2134.4817;6986.3623;-291.17;-1831.83
2023-09-13;13.075297;0.2947286;0.01009496;751.0381;1.4730281;169.96852;0.0;-7.3453654e-25;99.99998;-7.345365e-21;0.46758652;-0.59103036;0.021353364;0.30195713;0.28063357;0.0;0.0;4508.3047;5437.9976;-2248.4478;6965.052;-410.57;-1893.8855
2023-09-14;12.6427;2.0052898;0.01000468;750.83405;1.2295679;90.52392;0.0;-7.3453654e-25;99.99998;-7.345365e-21;0.15499592;-0.5954299;0.0065639615;0.28401613;0.27744472;0.0;0.0;4376.9263;5278.6797;-2359.6277;6832.0347;-413.62445;-1617.3656
2023-09-15;12.728566;-0.5844014;0.009944916;753.2212;1.1057948;99.25933;0.0;-7.3453654e-25;99.99998;-7.345365e-21;0.00044107434;-0.6080978;2.9802322e-05;0.27427077;0.27425587;0.0;0.0;5091.735;6140.1445;-2831.4844;6417.648;-422.42444;-1809.3744
2023-09-16;13.452556;-2.6184998;0.009922028;752.6386;1.1747851;107.43417;0.0;-7.3453654e-25;99.99998;-7.345365e-21;0.0;-0.5589705;0.0;0.27108192;0.27108192;0.0;0.0;5234.9453;6307.4307;-2961.1423;6332.9077;-388.2978;-1819.7411
2023-09-17;13.685527;-5.101339;0.009962718;750.52313;1.291381;112.71717;0.0;-7.3453654e-25;99.99998;-7.345365e-21;0.0011205673;-0.51853245;4.4703484e-05;0.2680123;0.26796013;0.0;0.0;5173.323;6227.741;-2990.0962;6291.9546;-360.20667;-1799.0344
2023-09-18;12.90739;-4.6301575;0.0099105835;750.42114;1.3052367;101.69924;0.0;-7.3453654e-25;99.99998;-7.345365e-21;0.0;-0.48755017;0.0;0.26489794;0.2649054;0.0;0.0;5208.8916;6265.0435;-3000.0366;6225.872;-338.68445;-1818.8
2023-09-19;12.981313;0.6985982;0.010294597;753.16656;1.2225536;73.67839;0.0;-7.3453654e-25;99.99998;-7.345365e-21;0.0008583069;-0.4275823;4.4703484e-05;0.2619475;0.26191026;0.0;0.0;4544.453;5461.07;-2542.2722;6702.4106;-297.02722;-1650.7877
2023-09-20;13.692372;-2.431834;0.009969075;754.38654;1.1365974;83.78669;0.0;-7.3453654e-25;99.99998;-7.345365e-21;0.0032484531;-0.4714411;0.00010430813;0.2590865;0.25898218;0.0;0.0;4973.5615;5971.684;-2909.585;6402.57;-327.49335;-1640.7123
2023-09-21;14.128906;-4.024058;0.01001358;755.03217;1.1199807;120.65417;0.0;-7.3453654e-25;99.99998;-7.345365e-21;0.026512146;-0.42550638;0.0011771917;0.25729835;0.2561137;0.0;0.0;4247.674;5095.6655;-2541.0283;6740.6;-295.58554;-1339.6378
2023-09-22;14.552531;-4.4755554;0.009960175;756.26685;1.2619529;98.918;0.0;-7.3453654e-25;99.99998;-7.345365e-21;0.0030040736;-0.48389286;0.00013411045;0.25340915;0.2532825;0.0;0.0;4992.83;5984.3335;-2948.4302;6429.6626;-336.14444;-1599.4822
2023-09-23;14.889241;-1.5438741;0.0101623535;755.6535;1.2960355;80.94247;0.0;-7.3453654e-25;99.99998;-7.345365e-21;0.0;-0.47175586;0.0;0.25048852;0.25048107;0.0;0.0;4875.87;5839.0977;-2772.0771;6672.27;-327.71335;-1605.8622
2023-09-24;14.272339;-1.8130594;0.01001358;754.0998;1.2708527;80.3355;0.0;-7.3453654e-25;99.99998;-7.345365e-21;0.52830577;-0.5232953;0.026240945;0.27398765;0.2477467;0.0;0.0;4534.456;5425.5776;-2663.3994;6648.5435;-363.51556;-1512.7178
2023-09-25;12.901937;-0.18210857;0.009969075;752.65985;1.317881;84.306145;0.0;-7.3453654e-25;99.99998;-7.345365e-21;2.42275;-0.75772685;0.14775991;0.3928691;0.24510175;0.0;0.0;4484.6973;5361.3467;-2565.5652;6587.601;-526.36664;-1442.2633
2023-09-26;12.449829;0.8259786;0.009938558;752.97266;1.0851828;69.09758;0.0;-7.3453654e-25;99.99998;-7.345365e-21;0.25680065;-1.0562837;0.011891127;0.25443733;0.2425313;0.0;0.0;4108.8423;4907.8257;-2335.6106;6680.323;-733.76447;-1095.9456
2023-09-27;13.00291;0.25361124;0.010142009;755.3536;1.2051898;92.18937;0.0;-7.3453654e-25;99.99998;-7.345365e-21;0.008314848;-0.9512845;0.00040233135;0.24038553;0.23999065;0.0;0.0;4291.301;5121.282;-2454.7703;6612.7324;-660.82446;-1208.6078
2023-09-28;13.41452;-2.2337239;0.009887695;755.9799;1.1298703;102.05874;0.0;-7.3453654e-25;99.99998;-7.345365e-21;0.0;-0.8426681;0.0;0.2374649;0.23745745;0.0;0.0;4559.181;5436.2256;-2610.7356;6510.2446;-585.37445;-1332.0155
2023-09-29;13.0581255;-4.7447915;0.009684245;754.1013;1.279842;118.40098;0.0;-7.3453654e-25;99.99998;-7.345365e-21;0.00085234636;-0.6849226;4.4703484e-05;0.23500621;0.23496896;0.0;0.0;4807.8066;5727.766;-2830.1106;6232.3945;-475.79333;-1513.1278
2023-09-30;11.138123;-3.084015;0.010149638;751.97266;1.3406405;163.78323;0.0;-7.3453654e-25;99.99998;-7.345365e-21;0.0017126285;-0.5247407;8.940697e-05;0.23260713;0.23251772;0.0;0.0;4733.1367;5633.9033;-2730.5647;6174.0054;-364.52112;-1737.7966
2023-10-01;9.472148;1.3732198;0.009647369;751.41364;1.3010516;224.281;0.0;-7.3453654e-25;99.99998;-7.345365e-21;0.53148866;-0.3787223;0.024810433;0.25501847;0.23019314;0.0;0.0;3415.859;4062.6343;-1753.0297;6969.438;-263.08554;-1421.1111
2023-10-02;6.98762;4.790914;0.009922028;750.6292;1.0508834;228.91689;0.0;-7.3453654e-25;99.99998;-7.345365e-21;7.91809;-1.1878451;0.4502833;0.67833066;0.22804737;0.0;0.0;2862.292;3401.4578;-1339.09;7060.6934;-825.1567;-1096.4456
2023-10-03;7.059967;3.687917;0.009928386;752.4858;0.9678409;193.02873;0.0;-7.3453654e-25;99.99998;-7.345365e-21;7.4109197;-1.5163646;0.45104325;0.67701936;0.22599101;0.0;0.0;3357.7292;3986.5024;-1592.0695;6742.3765;-1053.3678;-1032.66
2023-10-04;5.544454;3.6627502;0.009969075;753.33905;0.7723369;232.27065;0.0;-7.3453654e-25;99.99998;-7.345365e-21;10.770142;-1.3572034;0.74619055;0.9701848;0.22397935;0.0;0.0;2217.141;2630.357;-1063.8955;7019.1055;-942.80334;-594.29
2023-10-05;7.155243;0.2453715;0.009815216;755.7215;0.9640436;82.39752;0.0;-7.3453654e-25;99.99998;-7.345365e-21;0.0025749204;-2.0604935;0.00014901161;0.22210181;0.22194535;0.0;0.0;4307.9067;5105.735;-2084.2588;6223.1724;-1431.3567;-1052.7045
2023-10-06;8.207855;-0.5815633;0.009651184;754.0889;1.0415536;174.25096;0.0;-7.3453654e-25;99.99998;-7.345365e-21;0.0;-1.9256678;0.0;0.21982193;0.21983683;0.0;0.0;4549.17;5387.1123;-2457.1829;5823.537;-1337.6967;-924.31555
2023-10-07;8.305003;-1.3997904;0.00995636;753.7774;1.0979031;100.69755;0.0;-7.3453654e-25;99.99998;-7.345365e-21;0.15623868;-1.8490534;0.008612871;0.22637844;0.21775812;0.0;0.0;4484.496;5305.961;-2420.6602;5886.9644;-1284.4767;-897.06335
2023-10-08;8.86439;-2.596822;0.010068257;754.218;1.1126639;174.99834;0.0;-7.3453654e-25;99.99998;-7.345365e-21;0.000858435;-1.7706082;4.4703484e-05;0.21573901;0.21570176;0.0;0.0;4484.768;5301.765;-2464.5571;5853.5957;-1229.9822;-913.45447
2023-10-09;8.3396;-1.5124613;0.009933472;753.3483;1.482292;245.1131;0.0;-7.3453654e-25;99.99998;-7.345365e-21;0.0017166138;-1.320282;0.00010430813;0.21378696;0.213705;0.0;0.0;3649.8237;4311.132;-1955.4523;6253.1187;-917.1556;-959.12335
2023-10-10;6.942098;3.2088928;0.009969075;752.8716;1.2652546;222.52895;0.0;-7.3453654e-25;99.99998;-7.345365e-21;17.710835;-1.1331615;1.3534576;1.5652925;0.21182746;0.0;0.0;2659.0679;3138.2617;-1126.9523;7028.028;-787.17;-793.23114
2023-10-11;8.39388;4.0704446;0.010283153;753.07837;1.048492;169.10674;0.0;-7.3453654e-25;99.99998;-7.345365e-21;0.5580187;-1.784267;0.04018843;0.2501905;0.21000206;0.0;0.0;3440.1377;4056.4973;-1584.0945;6804.3145;-1239.47;-786.19336
2023-10-12;7.436239;2.2432048;0.010377248;755.1556;1.2620467;72.95006;0.0;-7.3453654e-25;99.99998;-7.345365e-21;0.16732812;-1.6278363;0.010699034;0.21886826;0.20814687;0.0;0.0;3597.7;4238.161;-1924.7528;6306.012;-1130.8044;-736.6078
2023-10-13;7.0214233;1.37913;0.010412852;755.0378;1.0411409;155.86182;0.0;-7.3453654e-25;99.99998;-7.345365e-21;0.30855894;-1.5728548;0.018849969;0.22518635;0.20632148;0.0;0.0;3363.8271;3959.7239;-1529.3188;6748.969;-1092.61;-806.41223
2023-10-14;7.706543;-0.18690999;0.010231018;754.7941;0.9849693;96.14208;0.0;-7.3453654e-25;99.99998;-7.345365e-21;0.0017166131;-1.664958;0.00010430813;0.20460784;0.20451099;0.0;0.0;3843.685;4520.5713;-2158.5122;6069.4487;-1156.5906;-737.67444
2023-10-15;8.285878;-1.3650818;0.009880066;751.30756;1.0218506;82.93459;0.0;-7.3453654e-25;99.99998;-7.345365e-21;0.44039488;-1.6697562;0.026091933;0.22879243;0.20270795;0.0;0.0;4012.1577;4714.7773;-2115.2556;6146.8955;-1159.9244;-736.71
2023-10-16;4.799764;1.3327128;0.010005951;747.77765;0.9157452;180.44257;0.0;-7.3453654e-25;99.99998;-7.345365e-21;10.277044;-1.4733756;0.7956624;0.99667907;0.20101666;0.0;0.0;2597.4194;3051.578;-1248.6139;6669.7944;-1023.50446;-681.41
2023-10-17;5.4439187;1.2631226;0.01020813;751.2092;0.9312465;154.53969;0.0;-7.3453654e-25;99.99998;-7.345365e-21;0.26298463;-1.6448088;0.016748905;0.21611154;0.19936264;0.0;0.0;3439.4717;4039.301;-1533.0322;6633.459;-1142.5945;-905.30554
2023-10-18;4.575399;2.7129517;0.010022481;752.22314;0.89189464;224.49092;0.0;-7.3453654e-25;99.99998;-7.345365e-21;3.654778;-1.2857234;0.2670288;0.46476722;0.19772351;0.0;0.0;2954.1194;3468.4456;-1440.8328;6548.149;-893.14886;-807.3678
2023-10-19;3.6838582;2.8349712;0.010112762;752.0842;0.9817648;159.00116;0.0;-7.3453654e-25;99.99998;-7.345365e-21;12.147481;-1.0076314;1.0968596;1.2930334;0.19618869;0.0;0.0;1302.2672;1528.8033;-572.48;7217.9087;-699.9678;-384.81668
2023-10-20;4.938334;0.5709025;0.009924571;754.2917;0.9673261;111.639885;0.0;-7.3453654e-25;99.99998;-7.345365e-21;0.08867484;-1.3844352;0.006645918;0.20128489;0.19463897;0.0;0.0;2810.3323;3297.1106;-1443.6228;6508.0376;-961.72;-691.4689
2023-10-21;5.2466736;-0.68374634;0.009862264;754.5379;1.0071126;128.78603;0.0;-7.3453654e-25;99.99998;-7.345365e-21;0.005100763;-1.4562765;0.00037252903;0.19343197;0.19305944;0.0;0.0;3379.58;3964.135;-1907.9061;6022.0576;-1011.62665;-624.3456
2023-10-22;5.95343;-1.6412354;0.01008606;756.2278;0.9494243;77.884315;0.0;-7.3453654e-25;99.99998;-7.345365e-21;0.0;-1.5941057;0.0;0.19147992;0.19147992;0.0;0.0;3738.4817;4383.584;-2127.9438;5854.9766;-1107.3711;-610.45
2023-10-23;5.5966287;-1.3808594;0.01003774;755.55255;0.99439025;186.64705;0.0;-7.3453654e-25;99.99998;-7.345365e-21;0.009733438;-1.2440513;0.00071525574;0.19064546;0.18993765;0.0;0.0;2916.3562;3418.6672;-1702.6274;6207.324;-864.2011;-533.6411
2023-10-24;5.156891;0.017191568;0.009984334;752.94025;0.8959401;171.48564;0.0;-7.3453654e-25;99.99998;-7.345365e-21;0.6657779;-1.2623594;0.046521425;0.23496151;0.18844008;0.0;0.0;3162.775;3706.2544;-1750.2089;6165.493;-876.9189;-645.5333
2023-10-25;5.754608;2.5312908;0.009928386;754.2014;0.83374053;179.33;0.0;-7.3453654e-25;99.99998;-7.345365e-21;1.2350112;-1.2566587;0.10147691;0.28845668;0.18697232;0.0;0.0;3341.3232;3914.3245;-1775.1844;6254.8975;-872.95886;-727.0722
2023-10-26;6.3476562;2.4525554;0.010025024;755.4152;0.9220462;257.6055;0.0;-7.3453654e-25;99.99998;-7.345365e-21;0.049507618;-1.2174975;0.0034868717;0.18899143;0.185512;0.0;0.0;2859.76;3349.26;-1464.4288;6616.1357;-845.75446;-662.8011
2023-10-27;6.4008994;1.2470602;0.010128021;754.5866;0.97440964;278.06552;0.0;-7.3453654e-25;99.99998;-7.345365e-21;0.009468197;-1.1594687;0.0006556511;0.1847446;0.1840815;0.0;0.0;2877.9238;3369.3245;-1564.4756;6452.3696;-805.44446;-656.46
2023-10-28;7.331085;1.352122;0.009986877;754.66064;1.0549747;240.34688;0.0;-7.3453654e-25;99.99998;-7.345365e-21;0.13229251;-1.1939639;0.009119511;0.19177794;0.18266588;0.0;0.0;3164.061;3703.1956;-1852.0105;6171.6167;-829.4072;-577.3222
2023-10-29;7.746633;0.65074664;0.009896596;754.69293;0.9882377;113.788795;0.0;-7.3453654e-25;99.99998;-7.345365e-21;0.0012646924;-1.4049541;8.940697e-05;0.18131733;0.18125027;0.0;0.0;3646.1772;4266.007;-2134.1838;5969.09;-975.9756;-530.9133
2023-10-30;6.9824014;-0.9217224;0.01008606;756.344;1.1979095;43.071888;0.0;-7.3453654e-25;99.99998;-7.345365e-21;0.007780801;-1.2251679;0.00052154064;0.18036366;0.17984957;0.0;0.0;3086.645;3610.2534;-1847.0022;6201.4355;-851.0833;-464.7489
2023-10-31;7.0481973;-0.37402344;0.010119121;757.15326;1.1905006;46.558056;0.0;-7.3453654e-25;99.99998;-7.345365e-21;0.040262938;-1.1170702;0.0026524067;0.18113852;0.17848611;0.0;0.0;2943.7012;3441.9756;-1738.5638;6303.8047;-775.99225;-508.28333
2023-11-01;5.4296875;0.75163776;0.009962718;755.4025;0.85746884;65.763374;0.0;-7.3453654e-25;99.99998;-7.345365e-21;1.3533831;-1.051208;0.09819865;0.27532876;0.177145;0.0;0.0;2770.5205;3238.6333;-1571.6566;6426.181;-730.2389;-592.61664
2023-11-02;4.5130515;2.0823872;0.010232289;753.89764;0.82777405;199.45491;0.0;-7.3453654e-25;99.99998;-7.345365e-21;5.3164454;-1.0770261;0.44426322;0.6201118;0.17585605;0.0;0.0;2760.834;3226.2356;-1446.9323;6486.1924;-748.17444;-664.67
2023-11-03;3.274068;2.186737;0.009862264;752.0795;0.86862594;279.4888;0.0;-7.3453654e-25;99.99998;-7.345365e-21;4.9487205;-0.8993205;0.4055947;0.5802214;0.17462671;0.0;0.0;1347.7783;1574.7278;-562.92053;7250.082;-624.7278;-416.85666
2023-11-04;3.5512898;-2.7023418;-4.779396;751.44604;0.8822813;116.566185;0.0021972656;3.973643e-08;128.02733;-7.345365e-21;0.023391843;-1.2317076;0.0014454126;0.17483532;0.17338991;0.0001359731;0.0004656613;2701.8762;3155.3145;-1640.9462;6115.681;-855.62665;-605.7022
2023-11-05;5.154836;-2.2421162;-6.7248178;752.6328;0.97327113;90.33918;0.001953125;-7.3453654e-25;148.7145;-7.345365e-21;0.0017208012;-1.2166686;0.00013411045;0.17225742;0.17213076;8.940697e-05;0.0;3463.2888;4043.271;-2237.5906;5493.298;-845.1789;-426.56332
2023-11-06;5.684591;0.21474202;-4.1532617;752.2851;0.94825006;150.56087;0.001953125;-7.3453654e-25;150.73436;-7.345365e-21;0.015932322;-1.1061616;0.0011026859;0.1719892;0.17088652;8.009374e-05;0.0;3386.5217;3952.3945;-1862.6578;5993.7026;-768.4133;-511.49777
2023-11-07;5.543325;0.707428;-3.7413685;753.50714;0.98363596;143.71648;0.0007324219;-7.3453654e-25;150.73436;-7.345365e-21;0.0;-1.2281611;1.4901161e-05;0.16966462;0.16964972;7.264316e-05;0.0;3157.4333;3683.8855;-1856.4806;6128.981;-853.16223;-638.76
2023-11-08;5.9660544;-2.474823;-6.366937;754.9731;0.95995814;88.0723;0.0;-7.3453654e-25;150.73436;-7.345365e-21;0.0034363212;-1.1390374;0.00023841858;0.16866624;0.16843528;3.5390258e-05;0.0;3364.7395;3924.4956;-2260.7444;5491.1426;-791.25165;-409.08444
2023-11-09;6.4251304;-2.8201904;-5.8473396;754.30426;1.1358069;251.32314;0.0;-7.3453654e-25;149.388;-7.345365e-21;0.0008523463;-1.1038473;5.9604645e-05;0.16731024;0.16723573;2.4214387e-05;0.0;3267.054;3809.3867;-2099.3105;5637.811;-766.80554;-425.08334
2023-11-10;4.8380837;-0.5187378;-4.9724593;755.34766;0.80410355;225.18158;0.0;-7.3453654e-25;144.75812;-7.345365e-21;0.007688999;-0.7868959;0.0005066395;0.16659498;0.16605854;1.3038516e-05;0.0;2766.156;3224.2583;-1655.4706;6044.007;-546.63;-540.19666
2023-11-11;4.6835227;0.048624676;-5.0102463;757.2551;0.8210826;181.12138;0.0;-7.3453654e-25;124.39581;-7.345365e-21;0.020146368;-0.64053386;0.0013262033;0.16626716;0.1649335;7.4505806e-06;0.0;2095.3127;2441.6233;-1504.7822;6197.985;-444.95667;-401.3
2023-11-12;5.3878274;-0.49520874;-4.7485223;757.4668;0.7799515;259.47186;0.0;-7.3453654e-25;106.315735;-7.345365e-21;0.0;-0.83264893;0.0;0.16380847;0.16380847;3.7252903e-06;0.0;2857.3977;3328.7134;-1680.2189;6086.0547;-578.4133;-472.7611
2023-11-13;5.6871543;-0.35754395;-1.6503448;756.11914;0.900057;225.76265;0.0;-7.3453654e-25;102.66274;-7.345365e-21;0.0017271268;-0.9116605;0.00011920929;0.16279519;0.16268343;0.0;0.0;3038.6506;3538.7122;-1993.8289;5802.625;-633.3;-554.64886
2023-11-14;4.097809;1.2898763;0.009983063;752.2244;0.94805104;251.60115;0.0;-7.3453654e-25;100.03937;-7.345365e-21;2.7354956;-0.612014;0.20378828;0.36539137;0.16159564;0.0;0.0;1972.0394;2296.1768;-1002.54224;6724.405;-425.14557;-404.12222
2023-11-15;4.3416953;2.8931477;0.009993236;750.20844;0.77974325;204.4859;0.0;-7.3453654e-25;99.99998;-7.345365e-21;1.9608973;-0.76852643;0.14308095;0.30362606;0.16055256;0.0;0.0;1435.2794;1670.4811;-475.96;7461.43;-533.87;-403.3089
2023-11-16;4.0072837;2.1326091;0.00997289;749.79694;1.2787861;243.86853;0.0;-7.3453654e-25;99.99998;-7.345365e-21;1.4740506;-0.8610301;0.10548532;0.26500225;0.15950948;0.0;0.0;2214.6484;2577.37;-1025.1528;6905.5234;-598.1289;-628.8578
2023-11-17;1.7132874;1.3858134;0.0072161355;749.6347;1.3551273;223.93404;13.400391;0.0021065474;142.56117;13.793945;16.998127;-0.5987743;1.3912246;1.5497357;0.1585111;0.8116141;3.2267644;525.43164;707.4056;-78.71555;7488.6953;-415.21667;-323.85666
2023-11-18;2.1961975;-0.46236166;-0.4052035;750.68036;1.0929507;216.67107;14.041016;0.0020997922;151.38019;13.875325;1.3458163;-0.9895898;0.17358363;0.3310889;0.15750527;0.5888082;0.0012218952;2238.0361;2873.6445;-943.7111;6751.8633;-688.4689;-637.70886
2023-11-19;2.0749207;1.8644816;0.009946187;745.5491;1.2450742;178.08325;10.897298;0.0016722679;151.34308;10.823567;32.008415;-0.8022664;3.9256067;4.0821285;0.15652925;0.80705994;1.4130063;1005.50446;1241.0645;-158.61667;7491.741;-556.5989;-445.97665
2023-11-20;-2.1614685;-2.6539001;-0.83317566;736.76654;1.191244;167.64333;75.212975;0.015980998;142.9798;108.84603;39.20577;-0.28507876;2.1212995;2.2768974;0.15559793;0.55515766;26.768282;339.65723;1017.1111;-241.30444;6916.7656;-209.89555;-207.49667
2023-11-21;-5.9203696;-6.9413185;-4.594682;743.73676;0.998811;242.0478;100.0;0.038814187;143.84569;268.18848;12.098479;-0.13688765;0.0;0.15476346;0.15475601;0.0;12.053363;487.49832;2040.1578;-457.14722;6255.318;-104.48389;-157.58444
2023-11-22;-6.1649475;-12.968844;-10.271371;752.24194;1.1575431;110.91512;100.0;0.04215741;152.19594;277.26236;0.0092327595;-0.10625087;0.0;0.1539737;0.1539737;0.0;0.0070892274;832.20447;3435.0266;-1097.7089;5009.261;-76.85389;-40.384445
2023-11-23;-2.9635417;-13.323673;-11.908844;749.00226;0.9546735;156.56621;100.0;0.042141635;154.333;273.3561;0.0008583069;-0.09298138;0.0;0.15324354;0.15323609;0.0;0.0;861.2328;3443.4978;-1073.6433;4902.7554;-66.33444;44.674446
2023-11-24;-3.898529;-10.201428;-11.576724;747.1171;1.0317165;88.17511;100.0;0.042075038;156.42445;269.24643;0.00085234636;-0.059567392;0.014409423;0.16692281;0.15252829;0.10894984;0.0;894.2194;3455.4543;-1063.7;4945.676;-40.761112;21.504444
2023-11-25;-2.3712769;-6.0514526;-9.405562;748.2104;0.8157742;224.7736;100.0;0.041971326;158.527;265.09604;0.09468198;-0.030747615;0.017344952;0.16918778;0.15185028;0.14389493;0.091679394;875.025;3272.8933;-848.43054;5377.3765;-19.426666;2.8955555
2023-11-26;-1.5758463;-2.4861145;-2.293106;746.8016;0.9202941;213.69148;100.0;0.04612847;158.2744;290.7308;8.269468;-0.11978019;0.031605363;0.18280745;0.15120208;0.16603991;7.4267464;413.0239;1546.3933;-51.689445;6972.1963;-91.52556;-100.63
2023-11-27;-1.9177475;-2.0886815;-0.1704305;743.1358;1.3380264;203.85622;100.0;0.060454767;158.60675;379.35385;23.141502;-0.19288528;0.85389614;1.0044724;0.15058368;0.55687875;16.626272;216.78833;780.18;-27.844444;7156.073;-150.55222;-195.02333
2023-11-28;-5.272841;-7.351398;-4.139525;747.32184;1.0123041;136.41356;100.0;0.06875905;161.08397;427.5309;0.508222;-0.1665838;0.0;0.14996529;0.14997274;0.0;0.48715994;903.3011;3150.7856;-1509.3156;5023.1826;-125.225555;-103.95778
2023-11-29;-6.952765;-16.332933;-12.40912;750.63135;1.1641606;62.969788;100.0;0.06877124;164.64745;417.92807;0.003477931;-0.08617155;0.0;0.14938414;0.14937669;0.0;0.0017732382;1006.19336;3302.719;-1188.81;4733.834;-61.918888;27.768888
2023-11-30;-2.1241047;-14.200677;-11.105039;751.9002;1.031681;127.264534;100.0;0.06875173;167.2425;411.86523;0.0;-0.08943491;0.0;0.148803;0.14879555;0.0;0.0;1023.0378;3285.49;-1042.4789;5073.184;-64.24;61.08
2023-12-01;-2.5049946;-11.796245;-10.535653;753.1458;1.1502414;64.634415;100.0;0.068741284;170.34796;404.33755;0.0008523463;-0.064675696;0.0;0.14823675;0.14823675;0.0;0.0;1061.5011;3328.7366;-1339.2789;4761.07;-44.965;70.27
2023-12-02;-1.4316508;-12.298884;-11.510391;753.23615;1.1792606;77.20155;100.0;0.0687447;173.30956;397.54233;0.0;-0.056153163;0.0002682209;0.14796853;0.14769286;0.0026002526;0.0;1079.2511;3303.0344;-1253.4316;4786.491;-38.823334;106.29
2023-12-03;-0.6967163;-11.328294;-10.497823;754.69556;1.1444833;63.55173;100.0;0.06867989;176.15428;391.27603;0.0;-0.060725957;0.01180172;0.15898049;0.14716387;0.112798065;0.0;1100.1089;3288.7412;-1304.4939;4819.1445;-42.374443;99.12111
2023-12-04;-0.69471234;-10.822438;-9.871711;754.98016;1.1084315;119.49479;100.0;0.068547286;179.09926;384.1146;0.0;-0.06292015;0.014618039;0.16127527;0.14665723;0.13828278;0.0;1060.4589;3097.3167;-1251.0505;4943.0566;-44.26889;85.49333
2023-12-05;-0.89256793;-9.491038;-8.165497;753.8906;1.0121185;81.532776;100.0;0.06839514;182.38507;376.6683;0.0014781952;-0.07339567;0.017046928;0.16318262;0.14614314;0.15650876;0.0;1055.4366;3013.2932;-934.20276;5470.908;-52.12;42.58889
2023-12-06;-0.9099019;-2.3381042;-2.2010524;749.9568;0.97391933;198.59468;100.0;0.071672045;185.58136;386.75943;13.465017;-0.06944314;0.6904155;0.83610415;0.14565885;0.548847;6.737318;378.30112;1050.8534;-114.03389;6873.094;-53.73111;-59.255554
2023-12-07;-1.2117615;-1.6758322;-0.156044;749.9053;0.9227565;165.35191;100.0;0.07833767;185.5296;423.21777;3.9230585;-0.12588874;0.37667155;0.52186847;0.14518201;1.2793317;2.137795;603.4483;1912.4144;-498.95166;6685.7915;-95.812225;-108.08889
2023-12-08;-1.4804484;-3.032552;-0.8736827;751.43976;0.79683304;118.49246;100.0;0.07772871;193.78871;402.66928;0.08290451;-0.112051144;0.20564348;0.3503561;0.14471263;1.4083087;0.069096684;801.6228;2258.5833;-788.9067;6206.9565;-83.25667;-88.67555
2023-12-09;-1.7088928;-2.1496582;-0.7760671;749.21844;0.90087557;135.80515;100.0;0.092811346;186.28578;496.82617;30.15855;-0.0845138;0.24174154;0.38602948;0.14426559;0.14543161;24.975475;133.65111;446.69666;-23.993889;7099.5723;-65.99111;-62.68778
2023-12-10;-0.32086182;-0.6394755;-0.062438965;751.7015;1.1912276;218.27751;100.0;0.10435919;185.9453;561.4827;1.8218983;-0.067329034;0.53954124;0.68336725;0.14383346;2.0807796;0.031858683;525.7783;1830.4144;-340.8589;6901.192;-49.864445;-78.56111
2023-12-11;-0.5629069;-4.4188943;-0.60124207;752.27686;0.7204916;142.47447;100.0;0.10408398;194.97882;532.8369;4.817444;-0.20576082;0.02926588;0.17267466;0.14340132;0.13001263;3.8372352;968.51447;2879.5122;-954.0528;6052.7954;-155.37;-123.748886
2023-12-12;-0.39830527;-1.2699381;-0.17834981;748.1889;0.4768683;155.28073;100.0;0.11390539;195.8421;578.9388;18.852722;-0.09384751;0.8521676;0.99515915;0.14298409;1.5876219;12.813658;451.25833;1504.7766;-207.18944;7030.3926;-71.05666;-79.67778
2023-12-13;-1.6247457;-2.6253865;-0.25924173;742.9119;0.6182254;176.21185;100.0;0.12804441;190.33788;670.6543;5.710262;-0.14985353;0.18903613;0.33161044;0.14260411;0.7928349;4.9337;491.62445;1829.5455;-602.07056;6481.21;-114.206665;-95.09333
2023-12-14;-4.108724;-6.384332;-2.7267888;747.4803;0.9574809;94.24207;100.0;0.12815209;198.5869;644.04297;0.025975704;-0.19887276;0.0;0.14221668;0.14221668;0.0;0.0034458935;885.07556;2750.7444;-1395.8289;5254.832;-151.19444;-133.13556
2023-12-15;-3.8949902;-11.689804;-8.776816;753.47455;1.2311625;72.55862;100.0;0.12812392;203.80922;627.0345;0.0017106531;-0.05878508;0.0;0.14185905;0.14185905;0.0;0.0;1039.2156;3062.28;-1337.0128;4863.451;-40.906666;46.366665
2023-12-16;-0.068725586;-8.849172;-8.339284;755.7286;0.8363883;210.78595;100.0;0.12812607;207.56573;616.1702;0.0008523463;-0.035101548;0.0005364418;0.14203787;0.14151633;0.0037662685;0.0;823.4017;2378.55;-925.4717;5452.6655;-24.004444;65.19778
2023-12-17;-1.9126524;-5.93309;-8.859848;751.7093;0.9241802;234.99211;100.0;0.12828477;211.0117;606.486;1.2617826;-0.017292798;0.0;0.1412034;0.14119595;0.0;1.2525544;1081.0895;3058.861;-1042.2439;5255.708;-9.9777775;37.57111
2023-12-18;-4.5941367;-7.6068306;-6.234717;750.0561;0.93402976;48.21217;100.0;0.129873;212.66827;609.65985;0.26465058;-0.116333365;0.0;0.14087558;0.14088303;0.0;0.25461614;733.1578;2161.86;-886.7222;5665.8506;-87.73444;-43.87
2023-12-19;-7.569435;-11.29652;-9.036866;750.4211;1.1465033;19.999954;100.0;0.12987418;216.21645;599.36523;0.04479289;-0.07418916;0.0;0.14057755;0.14057755;0.0;0.041350722;664.9261;1920.7678;-769.2111;5472.3936;-55.267776;-16.604445
2023-12-20;-6.7410836;-10.729346;-9.849274;751.2878;0.97629;100.81901;100.0;0.12987943;219.2246;591.512;0.0007390976;-0.034896657;0.0;0.14029443;0.14028698;0.0;0.00074133277;1016.5339;2886.2322;-1334.5522;4785.6255;-23.485556;0.22444445
2023-12-21;-6.8318863;-9.32054;-10.930249;748.8726;0.8785127;248.541;100.0;0.12989862;221.8395;584.3506;0.0033080578;-0.017996877;0.0;0.14001131;0.14000386;0.0;0.0033006072;1030.6389;2871.5457;-1054.4717;5033.734;-10.758889;-10.646667
2023-12-22;-6.5459085;-7.5884604;-8.226737;742.2295;0.6460189;248.06267;100.0;0.14430769;198.37172;728.2715;29.089111;0.0024437904;0.0;0.13971329;0.13972819;0.0;28.32777;266.49057;926.9067;42.66611;6548.6562;2.5033333;-22.483334
2023-12-23;-4.687612;-5.1257234;-4.341597;739.7278;1.1339825;210.02;100.0;0.18395221;172.6686;1059.8959;49.14693;-0.061211176;0.0022947788;0.14176965;0.13945997;0.0;47.824688;117.32;497.58554;43.906666;6882.9956;-47.681667;-98.96333
2023-12-24;-5.710327;-6.4140205;-4.431286;742.72833;1.3362697;223.10805;100.0;0.21727848;168.90363;1284.8715;12.159699;-0.07504411;0.0;0.13920665;0.13920665;0.0;11.824987;425.77444;1837.0322;-377.555;6340.5845;-56.593334;-137.32222
2023-12-25;-4.851532;-5.714133;-4.6867065;749.1984;1.2286348;226.54057;100.0;0.22347267;179.13051;1248.6979;1.8279433;-0.061606057;0.0;0.13895333;0.13894588;0.0;1.7565824;524.9561;2224.412;-468.8889;6247.992;-45.18833;-81.84333
2023-12-26;-3.2241719;-5.089691;-5.32252;753.4766;0.91678286;161.72267;100.0;0.22482853;190.03644;1184.1227;0.41662455;-0.019058585;0.0;0.13870001;0.13870001;0.0;0.39223954;589.98834;2432.5623;-964.5222;5576.529;-11.516666;-28.455555
2023-12-27;-3.6377869;-9.054497;-9.069215;752.8554;1.0059326;159.41393;100.0;0.22492166;198.47394;1133.7891;0.0008523463;-0.018933788;0.0;0.13843179;0.13843924;0.0;0.0;774.245;3097.5356;-1205.1956;4916.4443;-10.492222;43.11889
2023-12-28;-4.3286133;-9.279902;-11.308075;750.8633;0.9985232;186.96376;100.0;0.22495718;204.5091;1100.1791;0.0;0.0033127144;0.0;0.13819337;0.13819337;0.0;0.0;799.26886;3115.919;-1219.03;4723.7876;6.0616665;53.912224
2023-12-29;-6.627304;-13.751292;-13.724884;752.6048;1.432778;11.034068;100.0;0.2249943;209.16664;1076.0092;0.0008523463;-0.014208257;0.0;0.13795495;0.13795495;0.0;0.0;839.6211;3192.179;-1265.2789;4458.973;-7.3144445;96.62889
2023-12-30;-5.6394486;-14.979024;-15.167386;752.11163;1.2731875;78.27166;100.0;0.22502299;212.92511;1057.0068;0.0;-0.010265037;0.0;0.13771653;0.13770908;0.0;0.0;870.17334;3227.6934;-1217.1816;4420.9707;-4.6855555;116.97
2023-12-31;-5.1031303;-14.597066;-15.454094;750.4483;0.99368614;196.42366;100.0;0.2250473;216.25389;1040.6088;0.0008583069;-0.008759089;0.0;0.13747811;0.13747811;0.0;0.0;796.4767;2883.4333;-926.7161;4772.899;-4.1277776;94.611115
2024-01-01;-5.727234;-14.321606;-15.167786;750.82935;1.0633284;27.51655;100.0;0.22506948;219.49347;1025.35;0.0008523463;-0.016898848;0.0;0.1372546;0.1372397;0.0;0.0;895.3233;3166.6956;-1087.2339;4604.4575;-9.817223;79.865555
2024-01-02;-4.94224;-14.30617;-14.466991;749.425;0.83502984;170.99883;100.0;0.22509079;222.67381;1011.55597;0.0025868411;-0.024774112;0.0;0.13700128;0.13701618;0.0;0.0;855.10333;2956.0588;-852.75165;4991.891;-16.057222;60.36778
2024-01-03;-5.835276;-13.045372;-13.40706;746.6866;0.7700458;216.8833;100.0;0.22510493;225.9925;996.5413;0.011312961;-0.027932227;0.0;0.13677776;0.13678521;0.0;0.007890165;810.25555;2738.8823;-805.6972;5108.6724;-18.795555;20.97
2024-01-04;-6.657257;-7.83786;-11.5633745;747.3366;0.7580054;269.7565;100.0;0.22723985;226.9046;1000.65106;6.5160093;0.021314248;0.0;0.13656914;0.13656914;0.0;6.470986;428.92944;1422.1522;105.174446;6409.6245;17.494444;-0.91444445
2024-01-05;-4.3891296;-4.954273;-6.460205;745.6412;0.81753224;232.55229;100.0;0.24419864;216.16371;1127.1158;29.286428;0.0073891133;0.0;0.13634562;0.13635308;0.0;28.017323;208.85556;819.0133;107.61667;6874.1865;6.435;-28.86111
2024-01-06;-5.136205;-12.058673;-7.911123;750.3098;1.1100091;77.61207;100.0;0.2614703;210.08104;1246.0938;0.17844439;-0.06768666;0.0;0.13613701;0.13612956;0.0;0.17760694;785.83777;3345.891;-1649.1139;4402.6084;-47.743332;22.637777
2024-01-07;-4.4329696;-15.498642;-12.3990555;752.6403;1.0084013;170.26384;100.0;0.26147878;215.97816;1211.6699;0.00043511385;-0.04756823;0.0;0.13589859;0.13591349;0.0;0.0;801.88055;3313.4956;-1155.1761;4672.79;-32.620556;73.26889
2024-01-08;-3.1400044;-19.28758;-13.291866;751.3691;0.6285048;265.80234;100.0;0.2614753;220.45604;1187.0117;0.024819374;-0.06536953;0.0;0.13568997;0.13568997;0.0;0.021852553;810.13165;3257.5444;-808.4661;5071.3984;-46.927223;58.38778
2024-01-09;-3.451701;-7.7199197;-9.583201;749.15753;0.6042644;232.2553;100.0;0.26366842;223.4046;1179.4434;10.778686;0.00019650906;0.0;0.13548136;0.1354739;0.0;10.329306;473.64777;1857.4756;94.62;6635.1445;2.0338888;-8.716666
2024-01-10;-4.1439414;-4.6918335;-5.6990356;745.2517;0.65056735;208.29646;100.0;0.28204593;215.07289;1310.1807;12.141392;-0.005941838;0.0;0.13527274;0.13526529;0.0;11.933602;347.12;1476.5723;-57.683887;6727.635;-3.0677779;-54.442223
2024-01-11;-4.878733;-5.905754;-4.5437202;743.2945;0.6482685;146.95114;100.0;0.28800857;219.79588;1309.8959;8.827522;-0.06587058;0.0;0.13506413;0.13505667;0.0;8.723691;461.21445;1933.7622;-394.325;6360.189;-48.97222;-87.14889
2024-01-12;-5.974505;-6.762306;-4.9463577;739.10645;1.405711;205.62537;100.0;0.30325523;215.43617;1404.7445;21.135658;-0.092996284;0.0;0.13485551;0.13485551;0.0;21.108103;436.1411;1860.1923;-279.44388;6418.616;-70.723335;-153.48
2024-01-13;-5.2801614;-5.7824388;-4.572647;738.377;1.3169409;207.1039;100.0;0.3384565;204.02602;1652.9135;43.182938;-0.07008482;0.0;0.1346618;0.13464689;0.0;43.152058;194.825;848.23114;-10.944445;6774.336;-54.27778;-127.994446
2024-01-14;-4.8911157;-5.408705;-4.112499;742.346;1.2459244;208.01387;100.0;0.37587726;200.28188;1876.4242;15.1380005;-0.085292384;0.0;0.13445318;0.13445318;0.0;15.125852;291.67166;1273.4822;-101.18889;6726.4556;-65.48222;-144.56223
2024-01-15;-6.035746;-7.4720407;-5.413255;747.8965;0.840236;233.99506;100.0;0.38035306;213.46776;1784.4645;0.21854043;-0.08337572;0.0;0.13424456;0.13424456;0.0;0.21209195;696.04;2972.2756;-978.375;5503.9683;-60.894444;-102.20111
2024-01-16;-6.4807396;-8.172467;-7.150183;749.8896;0.8301498;192.58067;100.0;0.38043097;224.30988;1697.4691;0.18817484;-0.055332668;0.0;0.13403594;0.1340434;0.0;0.18189847;701.73834;2911.0532;-634.4633;5824.278;-39.429443;-96.64222
2024-01-17;-4.305725;-6.9672647;-7.3124847;749.2644;0.8099279;175.83258;100.0;0.3805871;233.33429;1632.4056;0.0066339965;-0.01968816;0.0;0.13384223;0.13382733;0.0;0.0057704747;691.92053;2800.9211;-1003.44;5349.3887;-11.571111;-26.03
2024-01-18;-5.8829117;-10.352634;-9.704857;750.351;1.1599827;15.741351;100.0;0.3806156;240.64159;1582.194;0.00044107434;-0.025877729;0.0;0.13363361;0.13362616;0.0;0.0;901.31165;3555.51;-1314.3273;4737.742;-15.344444;10.06
2024-01-19;-4.2170053;-9.519081;-11.527381;750.50543;0.93724823;261.12122;100.0;0.38065302;246.2223;1546.3461;0.0;-0.004289672;0.0;0.133425;0.13341755;0.0;0.0;885.8839;3404.6277;-1188.495;4756.187;0.5733333;47.04889
2024-01-20;-4.8842874;-8.169505;-11.601134;751.20624;0.8873634;216.18517;100.0;0.38069618;251.0078;1517.1713;0.00667572;0.01019612;0.0;0.13324618;0.13321638;0.0;0.0049695373;835.63336;3126.6233;-780.11053;5299.7095;11.206667;11.153334
2024-01-21;-4.4792175;-5.5981345;-8.794644;750.782;0.7207605;289.38803;100.0;0.380959;255.84245;1489.2985;0.8984208;0.013148412;0.0;0.13300776;0.13302267;0.0;0.8755699;559.51666;2048.1067;-90.335;6473.0547;12.295555;-26.177778
2024-01-22;-3.5025127;-4.004598;-5.4306855;749.67554;0.81525284;153.13515;100.0;0.3878689;256.75034;1510.2946;8.347178;-0.0009443611;0.0;0.13282895;0.13282895;0.0;7.643629;386.5122;1502.7567;-100.06167;6716.763;0.8211111;-49.646667
2024-01-23;-3.4860356;-5.636978;-3.9375255;746.0252;0.5812517;248.8668;100.0;0.39811924;257.05112;1546.9564;23.541565;-0.087272376;0.0;0.13262033;0.13263524;0.0;22.01887;690.7589;2726.061;-551.5089;6271.0864;-64.17555;-85.367775
2024-01-24;-5.4519362;-6.2492843;-3.6704113;742.39764;0.7845556;188.6482;100.0;0.42986313;241.0537;1782.1451;20.211786;-0.08619577;0.0;0.13244152;0.13243407;0.0;19.551144;323.33167;1408.9867;-478.28665;6263.5024;-65.96445;-103.36
2024-01-25;-6.714353;-8.829135;-5.837129;744.64105;0.7032826;226.04768;100.0;0.43640545;246.66566;1771.4844;0.59397817;-0.11267699;0.0;0.1322329;0.1322329;0.0;0.58840215;801.255;3387.9766;-1118.4994;5276.9067;-83.03222;-119.007774
2024-01-26;-7.8216157;-9.624858;-7.5964217;742.35986;0.7283754;134.5113;100.0;0.4409573;249.95897;1761.8815;21.584839;-0.08005835;0.0;0.13202429;0.13203174;0.0;21.569122;566.7833;2331.5923;-328.80444;6146.7554;-59.86111;-125.95
2024-01-27;-7.801548;-8.897851;-6.670916;738.81256;0.86261624;209.17894;100.0;0.47798443;228.76984;2087.6873;20.401001;-0.07640477;0.0;0.13184547;0.13183802;0.0;20.392387;627.4483;2746.1807;-645.5983;5840.2583;-56.514446;-155.36444
2024-01-28;-10.25534;-12.128394;-8.692269;744.39355;0.726615;137.18372;100.0;0.48218784;236.18976;2044.108;0.9433061;-0.114806;0.0;0.13163686;0.13164431;0.0;0.9365678;700.8761;2985.62;-758.2367;5444.2646;-86.498886;-175.34445
2024-01-29;-10.160068;-12.683217;-9.781934;746.86554;0.8590712;70.71443;100.0;0.48280504;243.7246;1983.1136;0.4706651;-0.092983246;0.0;0.13145804;0.1314506;0.0;0.46550483;780.0306;3241.2344;-873.6089;5275.161;-68.81778;-162.2589
2024-01-30;-9.5996275;-13.831151;-11.881538;748.7066;1.2796887;32.82935;100.0;0.4831076;250.08852;1933.5938;0.031852722;-0.046076253;0.0;0.13124943;0.13124943;0.0;0.02611801;965.6678;3928.4856;-1178.3075;4678.5347;-31.143333;-56.003334
2024-01-31;-9.798169;-12.971157;-11.676988;747.93335;1.3598393;31.189447;100.0;0.4848375;253.94398;1910.319;2.4977803;-0.040535815;0.0;0.13107061;0.13105571;0.0;2.485629;757.8483;3047.679;-794.1639;5240.786;-27.881111;-53.41
2024-02-01;-10.47031;-14.484342;-12.574746;743.79565;1.5189263;27.749353;100.0;0.48567185;258.5436;1880.127;0.026795551;-0.04937779;0.0;0.130862;0.13085455;0.0;0.023376197;1018.32166;4021.1855;-1327.3994;4491.281;-33.546665;-49.9
2024-02-02;-10.5141;-14.936005;-14.440346;742.3392;0.97552675;161.15932;100.0;0.48570392;262.97397;1848.0631;0.005561113;-0.034823082;0.0;0.13065338;0.13066083;0.0;0.0038333237;1066.2905;4098.1724;-1401.545;4221.961;-22.63;-57.39
2024-02-03;-9.971606;-12.1544;-14.578313;746.3289;0.8490798;267.9794;100.0;0.4859484;266.39224;1825.4395;0.5862577;-0.0063814223;0.0;0.13045967;0.13046712;0.0;0.5802549;896.3161;3370.4578;-539.4167;5335.834;-2.0755556;-53.296665
2024-02-04;-8.637211;-10.040431;-11.389729;746.0669;0.85200495;232.78072;100.0;0.48792315;268.22495;1819.9463;3.4667432;-0.04115887;0.0;0.13026595;0.1302734;0.0;3.461208;699.70886;2606.3616;-198.4911;6079.4473;-29.797777;-99.93667
2024-02-05;-7.544413;-8.934276;-8.842298;744.34955;1.2458581;217.01671;100.0;0.4919796;269.20737;1828.0844;5.975306;-0.086948276;0.0;0.13008714;0.13008714;0.0;5.9684067;768.5906;2932.5044;-295.7875;6170.0137;-64.76;-148.08444
2024-02-06;-6.340627;-7.7605386;-6.9785056;746.1855;1.3283849;212.3192;100.0;0.496909;270.6289;1837.443;2.518198;-0.09898655;0.0;0.12989342;0.12988597;0.0;2.5163963;839.79333;3352.1677;-494.4325;6088.91;-73.024445;-137.14444
2024-02-07;-3.6337483;-4.840861;-5.6342773;751.16364;0.74085516;248.17726;100.0;0.49872604;275.83008;1809.611;0.3974765;-0.05332008;0.0;0.1296997;0.12969226;0.0;0.38540363;994.1506;3943.43;-780.4092;5896.491;-35.871113;-113.53333
2024-02-08;-2.973297;-4.3907876;-5.363505;751.28973;0.74784285;273.30554;100.0;0.4989966;282.33853;1768.8802;0.08314848;-0.050142407;0.0;0.12949109;0.12950599;0.0;0.07941574;1045.0261;4048.1;-946.33026;5698.7656;-33.294445;-94.524445
2024-02-09;-4.1661377;-5.728892;-4.8967795;749.8498;0.85691434;183.26494;100.0;0.49908558;288.63803;1730.4281;0.020998716;-0.08338317;0.0;0.12931228;0.12929738;0.0;0.018771738;1017.26056;3848.0532;-1054.3169;5584.0864;-59.00778;-120.78
2024-02-10;-4.735331;-7.9287567;-5.8403625;750.87885;1.0030093;58.489483;100.0;0.49905026;294.3187;1696.7367;0.005298853;-0.13392326;0.0;0.12908876;0.12908876;0.0;0.005301088;1137.8961;4183.209;-1233.0803;5276.5796;-97.530556;-142.94667
2024-02-11;-3.0379028;-9.1141;-7.46116;752.9792;1.0106367;71.0983;100.0;0.49904957;299.0498;1669.9625;0.0;-0.0778595;0.0;0.12889504;0.1288876;0.0;0.0;1263.3373;4536.465;-1493.5986;4814.7954;-53.01889;-27.754444
2024-02-12;-0.69488525;-8.245491;-8.204204;753.1155;0.9170241;108.58839;100.0;0.4990672;303.06802;1647.583;0.0017166131;-0.06703474;0.0;0.12868643;0.12868643;0.0;0.0;1282.4889;4499.1343;-1311.4438;5014.814;-44.954445;8.5
2024-02-13;-0.10984293;-10.800017;-7.393168;751.04755;0.50203955;223.64825;100.0;0.49906397;306.88672;1627.1158;0.02424419;-0.10479055;0.0;0.12847781;0.12847781;0.0;0.022344291;1085.0061;3723.5928;-844.4997;5687.176;-75.22444;-26.37889
2024-02-14;-1.945221;-3.2225544;-4.614319;747.2879;0.5859494;145.8033;100.0;0.5092762;303.35742;1676.4323;30.328278;-0.010719523;0.0031143427;0.13139844;0.12829155;0.0;26.79452;480.37112;1700.04;-6.098889;6952.1187;-6.6077776;-51.142223
2024-02-15;-2.4394124;-3.9400227;-2.4926555;745.8867;0.74708444;104.759865;100.0;0.54254913;283.26758;1915.5273;11.720392;-0.09441655;0.029921532;0.15802681;0.12810528;0.10589883;10.742608;779.6839;3355.4666;-914.2733;5919.9873;-68.14111;-118.65889
2024-02-16;-2.9765217;-5.7381186;-3.538554;745.7996;0.75355166;75.16634;100.0;0.5438827;290.50293;1874.6338;0.2938509;-0.1251325;0.0;0.12791157;0.12789667;0.0;0.10641664;960.1939;3808.7512;-950.2125;5823.257;-90.78;-126.2
2024-02-17;-3.7588398;-5.0697227;-3.951289;745.5527;0.8148136;184.4449;100.0;0.5447667;296.92416;1836.8734;1.4216274;-0.10758266;0.0;0.12770295;0.12770295;0.0;1.1978819;749.9155;2873.521;-514.39386;6296.3604;-80.23778;-143.42444
2024-02-18;-4.847595;-6.5244546;-3.893837;746.4614;0.7582314;154.3595;100.0;0.5453399;302.87045;1802.775;0.08201599;-0.20934641;0.0;0.12752414;0.12750924;0.0;0.0776723;1055.9133;3917.01;-1137.6738;5541.1724;-157.53444;-201.29222
2024-02-19;-5.523824;-8.408966;-6.047911;745.9934;0.8172312;71.16379;100.0;0.5453729;308.11816;1772.4609;0.1539535;-0.16656426;0.0;0.12731552;0.12731552;0.0;0.14644116;1202.3961;4329.793;-1381.2716;5004.7944;-123.11;-147.19888
2024-02-20;-5.5166726;-9.051152;-7.6809096;747.2518;0.74548596;83.55543;100.0;0.5453885;312.29752;1748.6166;0.0031058006;-0.13125502;0.0;0.1271069;0.1271069;0.0;0.0005364418;1369.5477;4815.7856;-1486.2208;4782.44;-94.98444;-126.19889
2024-02-21;-5.514112;-8.871876;-8.768364;749.51447;0.84560853;200.4424;100.0;0.5453618;315.85678;1728.9225;0.0032246108;-0.10322966;0.0;0.12692809;0.12689829;0.0;0.0023543835;1435.3517;4924.0474;-1493.3156;4709.9756;-73.65889;-101.12889
2024-02-22;-5.3382263;-7.1783614;-8.554627;749.69244;0.8249352;211.83846;100.0;0.5453511;319.0814;1711.5479;0.047165155;-0.11575222;0.0;0.12671947;0.12670457;0.0;0.04363805;1265.6511;4238.4087;-830.8864;5580.38;-84.25445;-130.31555
2024-02-23;-4.165273;-5.315745;-6.4841676;750.1546;0.9425163;142.92229;100.0;0.5459196;321.8776;1698.2015;0.8377731;-0.10373909;0.0;0.12652576;0.12651086;0.0;0.8197576;941.60443;3117.4194;-518.1506;6168.0317;-77.12111;-117.592224
2024-02-24;-4.1829123;-6.9707007;-5.2627525;748.80493;1.041664;57.197754;100.0;0.54608965;325.5869;1679.5654;0.024447752;-0.21767057;0.0;0.12633204;0.12631714;0.0;0.02091378;1354.13;4446.4106;-1105.3295;5556.6;-162.39667;-174.56778
2024-02-25;-7.1448264;-11.364235;-6.2676406;747.0737;1.8048124;37.131046;100.0;0.54597807;329.28125;1660.6445;0.17862916;-0.41321012;0.0;0.12612343;0.12610853;0.0;0.17271936;1537.7461;4923.8774;-1524.9958;4863.278;-315.70667;-158.82666
2024-02-26;-10.955547;-16.96317;-9.269118;745.99225;2.2294147;29.702364;100.0;0.545742;332.07877;1645.9961;0.016284114;-0.44349954;0.0;0.12589991;0.12590736;0.0;0.01193583;1722.4255;5414.7866;-2005.1292;3926.5266;-340.48666;-199.51555
2024-02-27;-11.434387;-19.408821;-12.244518;745.62103;1.7315049;29.401594;100.0;0.5454917;334.22623;1634.3588;0.00013411045;-0.28736517;0.0;0.1257062;0.1257062;0.0;0.00012665987;1808.4384;5569.088;-2084.8184;3631.5732;-218.20111;-145.47778
2024-02-28;-10.984393;-21.264944;-14.007422;747.6718;1.6675078;20.28516;100.0;0.545311;335.95053;1625.1627;0.0;-0.25558472;0.0;0.12552738;0.12550503;0.0;0.0;1869.8489;5644.224;-2032.2744;3627.3774;-192.51445;-78.844444
2024-02-29;-6.9149423;-18.161585;-14.299193;750.69214;1.2330536;31.59491;100.0;0.545208;337.4899;1617.4723;0.0;-0.14705025;0.0;0.12528896;0.12530386;0.0;0.0;1914.3917;5666.414;-1815.4489;3981.2463;-106.81333;-15.154445
2024-03-01;-4.7282815;-16.216887;-13.398246;750.32733;1.051382;52.880157;100.0;0.5451779;339.05762;1610.3922;0.0008523463;-0.12671016;0.0;0.12509525;0.1251027;0.0;0.0;1986.6189;5769.23;-1858.463;4046.7273;-90.26667;14.734445
2024-03-02;-3.2992249;-11.998689;-12.110051;747.42145;0.8271417;201.72282;100.0;0.54514563;340.72916;1602.1322;0.0017225742;-0.1430912;0.0;0.12490153;0.12489408;0.0;0.0;1998.9806;5696.058;-1688.1;4400.249;-103.27778;-34.078888
2024-03-03;-5.060791;-9.82644;-10.7478895;743.93304;0.80279475;150.62079;100.0;0.54525906;342.35645;1594.4824;0.44490924;-0.15363283;0.0;0.12470782;0.12470782;0.0;0.37956983;1742.2089;4877.71;-1224.203;5028.8867;-118.03;-121.97444
2024-03-04;-4.8382263;-9.771169;-8.6974945;743.43695;0.8874871;73.632256;100.0;0.5454778;344.13477;1587.2803;0.15949905;-0.16218704;0.0;0.1245141;0.12452155;0.0;0.10457635;1742.9423;4863.1665;-1321.4584;5059.7476;-124.246666;-136.63777
2024-03-05;-3.9769695;-7.3246255;-7.2662864;746.2054;0.96506214;163.506;100.0;0.5457424;346.4059;1577.9215;0.84708035;-0.17298572;0.0;0.12433529;0.12433529;0.0;0.4666224;1902.1703;5232.422;-1229.7847;5296.171;-130.13889;-122.85333
2024-03-06;-3.647054;-4.925537;-4.840327;746.15875;1.0871003;198.65935;100.0;0.5504329;343.93423;1600.9521;16.841272;-0.22659543;0.0;0.124141574;0.124141574;0.0;16.096935;1239.5355;3509.302;-481.93777;6399.532;-172.73833;-202.76111
2024-03-07;-3.942332;-4.8393455;-3.2943802;743.1496;0.99718523;229.92519;100.0;0.58085436;313.83334;1851.6031;23.763407;-0.16187504;0.02002716;0.14398992;0.12394786;0.10204129;22.871376;778.37335;3295.4946;-552.2894;6332.9624;-121.935555;-210.47223
2024-03-08;-4.8561807;-6.014852;-3.6821964;744.3903;0.91599107;221.20967;100.0;0.59125775;310.02505;1910.9293;3.8245797;-0.21708943;0.0;0.12375414;0.12374669;0.0;3.6258845;1120.2825;4681.8066;-822.2978;5973.402;-162.65111;-286.94833
2024-03-09;-5.267161;-6.7831216;-3.9573975;744.23486;0.76057047;225.38115;100.0;0.5975366;309.84375;1929.484;17.886717;-0.22891164;0.0;0.12356043;0.12355298;0.0;17.82019;873.2153;3542.9563;-559.23224;6232.755;-173.85445;-252.44778
2024-03-10;-5.694773;-7.8683877;-4.758921;744.167;0.90856934;145.33904;100.0;0.6176;293.54623;2106.5674;6.6583753;-0.21934137;0.0;0.12335181;0.12335926;0.0;6.5950975;1239.0756;5321.1953;-1124.9944;5473.3403;-163.22556;-257.55222
2024-03-11;-5.041125;-10.783241;-6.004345;748.27295;0.9181356;109.69509;100.0;0.61882824;299.03775;2073.527;0.0044882293;-0.20816922;0.0;0.123143196;0.12315065;0.0;0.003196299;1448.6775;6031.1143;-1541.575;4885.935;-151.23445;-231.32556
2024-03-12;-3.011617;-12.191066;-8.289413;751.96173;0.9805918;71.74088;100.0;0.6187914;304.27213;2037.1908;0.0;-0.172453;0.0;0.12293458;0.12293458;0.0;0.0;1554.2395;6281.4995;-1680.2611;4523.374;-122.48889;-94.70639
2024-03-13;-1.0296122;-11.351471;-9.03095;751.0263;0.8624973;121.000244;100.0;0.61877257;308.5729;2008.5856;0.0;-0.15330687;0.0;0.12272596;0.12271851;0.0;0.0;1575.5231;6202.4155;-1514.2839;4735.0713;-107.577774;-51.425835
2024-03-14;0.033253986;-12.727742;-8.681233;749.7955;0.6273715;188.29008;100.0;0.6187464;312.56836;1982.7881;0.0008523463;-0.18572994;0.0;0.12251735;0.1225099;0.0;0.0;1591.9292;6107.51;-1239.9895;5135.6533;-132.70334;-84.85445
2024-03-15;-1.4766134;-5.6243896;-6.3796234;746.74274;0.8767135;195.5519;100.0;0.6216038;315.2194;1973.4701;11.340743;-0.09804964;0.0;0.12230873;0.12230128;0.0;8.784503;1318.2289;4926.95;-765.06775;5952.0635;-68.83;-133.32333
2024-03-16;-2.7570903;-4.8337097;-4.1950607;747.4816;1.0657233;207.03015;100.0;0.6307104;313.8431;2013.4684;1.2924969;-0.26606208;0.0;0.122100115;0.122100115;0.0;1.0428653;1384.127;5542.0054;-939.1261;5893.509;-198.09111;-216.4311
2024-03-17;-2.8254395;-4.98468;-3.7694397;749.4682;0.8049497;179.2592;100.0;0.6314258;319.1771;1982.544;0.65191984;-0.30669942;0.012010336;0.13387203;0.1218915;0.09117462;0.42305887;1374.017;5284.9233;-884.0306;5947.302;-230.03444;-235.26138
2024-03-18;-1.1622314;-1.7644552;-2.2741802;745.2617;0.5051728;98.4119;100.0;0.64810485;314.5879;2060.7502;44.12848;-0.03658235;0.5078316;0.62951446;0.12169778;0.15874207;30.436344;486.96805;1953.9016;-16.46;7097.526;-25.937778;-79.91111
2024-03-19;-1.4675192;-1.62854;-0.04604085;738.51733;0.73261577;159.0699;100.0;0.69123936;302.62955;2284.139;63.87259;-0.15507266;4.14589;4.3287425;0.18285215;1.3362672;37.719936;283.93362;1131.2039;16.275;7254.8022;-120.174446;-176.74
2024-03-20;-2.7009075;-3.3793538;-0.12374624;744.60614;1.2838901;211.25616;100.0;0.71693045;298.28647;2407.1045;8.610457;-0.42490476;0.12245774;0.2438724;0.12139231;0.4489906;7.582009;1170.7739;4532.4844;-559.24695;6584.468;-324.34113;-444.5289
2024-03-21;-2.617035;-3.3257244;-0.25326028;747.282;0.8650749;212.39955;100.0;0.72915906;301.89746;2416.3005;17.681082;-0.32345578;0.06368756;0.18498302;0.12131035;0.17851964;16.573473;829.5611;3081.5483;-406.87054;6730.7188;-247.88556;-317.06555
2024-03-22;-3.110728;-3.3967083;-0.34526953;742.51044;0.9819536;185.48541;100.0;0.764231;292.44955;2612.1826;37.11303;-0.23656338;0.081032515;0.20229816;0.12128055;0.025693327;35.34122;303.2611;1252.8;-165.26723;6922.93;-184.06334;-252.48445
2024-03-23;-4.144938;-5.0584474;-0.6676089;742.9922;0.8662658;174.34172;100.0;0.7831591;295.34863;2653.3203;15.316862;-0.40971488;0.028908253;0.1502037;0.1212731;0.045513734;14.650065;937.8822;3421.4067;-538.94336;6472.156;-314.9589;-412.0189
2024-03-24;-2.945778;-7.5586686;-0.9998868;741.8829;0.81337565;108.94506;100.0;0.79097265;303.2819;2612.0605;0.3851831;-0.54594314;0.0;0.121325254;0.1213029;0.0;0.37676096;1493.96;5191.2056;-959.3075;6043.2173;-414.6422;-284.15778
2024-03-25;-2.7782936;-5.7414412;-0.976593;739.8735;1.2792358;234.1769;100.0;0.79133844;314.11295;2522.3389;0.7828877;-0.57693386;0.026449561;0.14778972;0.121340156;0.13247505;0.4653558;2020.815;6076.779;-1333.7897;5665.206;-438.91888;-331.26443
2024-03-26;-3.794515;-4.6207786;-1.2526779;744.30835;1.8981471;210.31396;100.0;0.7979042;319.43262;2497.762;15.861809;-0.5339645;0.0;0.12138486;0.12139976;0.0;14.957331;1088.2295;3247.2805;-287.11804;6749.5044;-413.68777;-518.49664
2024-03-27;-3.2271016;-7.2312646;-1.4365387;748.3648;1.120774;167.86285;100.0;0.80730724;322.40463;2506.2256;0.61555505;-0.6756913;0.02041459;0.14188886;0.121459365;0.114707276;0.511013;1823.7961;6172.394;-1418.2598;5466.7466;-515.0278;-334.97223
2024-03-28;-1.2696635;-8.293003;-1.8840269;751.195;0.895806;103.57425;100.0;0.80697316;330.5293;2443.6848;0.0010430813;-0.42813832;0.008672476;0.13020635;0.12151897;0.05154684;0.0010356307;2246.6812;6881.9204;-1721.588;5161.9966;-316.52222;-246.92223
2024-03-29;0.9185079;-9.23188;-1.6334356;751.5916;1.0183499;68.63007;100.0;0.8067198;338.56284;2385.091;0.0;-0.3337618;0.036418438;0.15799701;0.12156367;0.21529943;0.0;2528.2695;7128.681;-1993.873;4862.563;-241.29556;-130.93639
2024-03-30;2.3937073;-9.358958;-0.7483724;752.5444;1.0532666;77.30548;100.0;0.8060622;347.7272;2320.5974;0.0017046923;-0.36369264;0.14744699;0.26905537;0.12161583;0.86784923;0.0;2750.6672;7085.7114;-1884.7336;5119.979;-263.16223;-111.19
2024-03-31;1.9743652;-6.946167;-0.40816244;754.8511;1.1549033;80.36634;100.0;0.80237657;356.9362;2250.3254;0.00091195095;-0.35046786;1.0585338;1.1802167;0.12167543;6.1977134;0.0;2964.8572;7117.0815;-1956.2866;5103.5435;-253.00667;-118.681114
2024-04-01;2.2760723;-9.794719;-0.3572642;753.59106;1.0652041;68.77901;100.0;0.79486376;364.9899;2180.0945;0.0008523463;-0.41173026;1.4918;1.616478;0.124670565;8.278757;0.0;3169.1978;7217.974;-1948.5527;5164.227;-299.97333;-111.99333
2024-04-02;1.9838358;-7.109833;-0.3178304;751.43085;1.0863092;59.81889;100.0;0.7853184;372.35483;2111.3281;0.0012889495;-0.4048031;2.0700693;2.1964014;0.12631714;10.227669;0.0;3274.3706;7169.114;-1856.0481;5300.3438;-294.97665;-136.13333
2024-04-03;2.9119976;-5.759847;-0.2835566;750.15594;1.068295;130.05205;100.0;0.7737258;379.19467;2042.3177;0.0;-0.3667958;2.9211788;3.043726;0.12254715;12.324028;0.0;3424.485;7276.33;-1853.9808;5310.7725;-264.86334;-129.5389
2024-04-04;4.056305;-2.2110698;-0.2420985;751.2571;1.0114464;192.1093;100.0;0.760005;385.53516;1973.5107;0.0073546725;-0.32019895;4.1030645;4.3016376;0.19856542;14.618326;0.0;3389.3772;7038.838;-1593.2089;5623.9316;-229.58112;-127.49
2024-04-05;2.778178;-0.6020915;-0.17659505;751.0991;1.0718555;154.05167;100.0;0.74435824;391.02084;1905.599;0.34743845;-0.42170846;4.7471523;4.9507914;0.20363182;15.769185;0.0006072223;3286.4778;6705.144;-1287.4425;6004.87;-310.01556;-169.46
2024-04-06;3.615326;-1.6657003;-0.16162999;748.76685;1.0955603;225.46437;100.0;0.7284618;396.11035;1840.9017;2.437833;-0.4634969;5.619735;6.0302615;0.41053444;15.71255;0.0;3336.4756;6714.89;-1392.2572;5883.148;-343.08;-110.14889
2024-04-07;1.5455729;-1.0653585;-0.026067099;747.3426;0.84812325;79.79833;100.0;0.71670294;400.21646;1791.8701;17.384995;-0.2402477;9.127646;9.866089;0.73845685;13.261851;0.2178736;2122.3777;4245.3545;-691.5797;6675.189;-177.81;-122.346664
2024-04-08;1.9305929;-1.1482239;-0.05524826;749.445;1.0243555;79.04127;100.0;0.702431;402.81055;1744.9951;4.28468;-0.31211135;7.252425;8.27384;1.0214076;16.826;0.06659329;2559.9695;5105.7637;-937.6472;6393.677;-230.79;-152.05333
2024-04-09;3.0791016;0.3903707;-0.05965932;750.07367;1.2767972;46.492474;100.0;0.6850648;406.2233;1687.9883;15.183642;-0.30969456;11.835039;13.617516;1.7824695;18.065125;0.00090524554;2876.0188;5687.6685;-591.54224;6892.073;-224.82666;-156.89111
2024-04-10;1.375946;-0.32983398;-0.039820354;746.6867;0.9469073;83.55361;100.0;0.66768736;408.78842;1634.6842;2.490118;-0.18521118;7.0969763;8.264006;1.1670291;16.06521;0.004079193;2153.7004;4231.8545;-689.1264;6672.9644;-134.27777;-129.24667
2024-04-11;0.5360718;-1.9456482;-0.09404755;748.1529;0.9943347;65.87476;100.0;0.6535397;412.00977;1587.443;1.0628998;-0.41983837;5.042344;5.3283873;0.2860725;13.461098;0.0032745302;2639.0344;5158.6455;-818.56696;6518.6113;-315.08554;-231.52112
2024-04-12;1.3138937;-4.739115;-0.14733632;750.85077;1.6097676;29.82139;100.0;0.6380944;415.598;1536.7025;0.013262033;-0.8258149;6.752163;7.9527197;1.2005343;16.451374;0.005222857;3701.7334;7206.704;-1711.1361;5503.8887;-625.51556;-203.01445
2024-04-13;2.7295635;-6.57015;-0.25733057;748.76373;0.97099614;38.562332;100.0;0.622117;420.8213;1479.6143;0.0017225739;-0.44252723;6.028876;6.3697996;0.34091622;15.746527;0.0;3961.1423;7685.425;-1944.0686;5246.933;-321.55222;-147.9611
2024-04-14;2.7321167;-5.517212;-0.20059459;747.9155;1.0622889;95.03916;100.0;0.60563403;426.38443;1421.6309;0.0039726496;-0.574979;6.449297;7.714257;1.264967;16.261019;0.0;3872.909;7494.1357;-1700.6505;5559.1;-426.78223;-147.31667
2024-04-15;1.6729025;-3.9110515;-0.15871175;750.01825;1.1142788;40.439266;100.0;0.5899986;431.04883;1370.0358;0.23379922;-0.433526;5.541295;6.0997305;0.55844337;14.736649;0.0;2992.2156;5778.1367;-1199.0706;6061.5547;-321.62112;-133.1789
2024-04-16;2.924754;-4.32665;-0.18246333;752.32025;1.1781894;31.34791;100.0;0.5722753;435.80014;1314.8193;0.0060647726;-0.41950122;8.112475;8.882687;0.7702112;19.69674;0.0;3962.821;7639.952;-1731.4741;5541.2163;-303.20334;-155.01445
2024-04-17;4.9757285;-6.3026733;-0.19337845;751.2266;1.0846015;98.351654;100.0;0.5526529;441.0765;1254.598;0.00041884955;-0.43923593;8.050262;9.110496;1.0602474;19.45331;0.0;4092.9338;7880.481;-1820.017;5469.776;-317.57;-98.94111
2024-04-18;5.6449485;-0.9502767;-0.15669505;750.2759;1.1508664;214.16925;100.0;0.5317779;446.13834;1193.6035;0.0;-0.33342654;8.93423;10.837614;1.9033775;21.499266;0.0;4032.9172;7756.791;-1660.7686;5700.067;-236.66333;-108.57
2024-04-19;5.3480835;-1.2614237;-0.14142863;750.00433;1.2740973;98.25558;100.0;0.5097397;449.4619;1135.2946;1.376915;-0.3539808;9.657547;11.123538;1.4659911;22.094543;0.0;3752.4934;7211.465;-1373.795;6018.5073;-252.72556;-90.41889
2024-04-20;6.4760947;-2.352834;-0.14549892;749.6275;1.1938359;167.81212;100.0;0.48778263;450.0;1084.9609;0.060737133;-0.47758406;9.114727;11.271492;2.1567569;21.639362;0.0;3931.96;7551.347;-1483.9327;5888.3535;-348.21667;-80.867775
2024-04-21;4.6646523;0.262441;-0.1308403;749.68774;1.089162;177.03241;100.0;0.46794137;450.0;1040.9342;1.5411377;-0.21015945;7.958561;10.336831;2.3782551;18.500555;0.0;2994.4395;5747.3916;-1076.5133;6291.0044;-146.51111;-99.414444
2024-04-22;4.857412;-2.2130127;-0.1531868;752.09344;1.1596576;90.91801;100.0;0.4481224;450.0;996.7041;0.08735359;-0.36341697;8.532465;11.204034;2.6715696;20.810652;0.0;3829.8645;7349.308;-1569.1241;5786.53;-260.04666;-97.577774
2024-04-23;5.7012734;-3.7900696;-0.16075134;753.68506;1.2470282;50.128986;100.0;0.42698875;450.0;949.9512;0.032996505;-0.40509272;8.821145;11.727318;2.906166;21.31099;0.0;3948.2495;7574.8306;-1584.2828;5787.189;-291.1889;-77.388885
2024-04-24;6.427124;-1.2333475;-0.14817429;753.2277;1.4640688;31.730757;100.0;0.40445426;450.0;900.1872;0.0008583069;-0.4007211;9.816751;13.90031;4.083559;23.273045;0.0;4054.7734;7776.838;-1520.1528;5902.8066;-286.4639;-69.59333
2024-04-25;8.853027;-2.4601543;-0.1445872;752.3755;1.182013;48.706753;100.0;0.38005003;450.0;845.94727;0.0008523463;-0.38279593;10.335818;15.329302;4.993461;24.894602;0.0;4033.0278;7733.044;-1447.3645;6013.009;-271.85556;-34.836666
2024-04-26;9.7039385;-2.8327713;-0.15409343;752.1643;1.0703517;90.24353;100.0;0.3551054;450.0;790.16113;0.0;-0.38596523;10.563538;16.686619;6.1230736;24.985592;0.0;4118.2163;7895.9424;-1459.2214;6015.1855;-274.27;-37.855556
2024-04-27;9.450267;-2.3576558;-0.1504008;753.5639;1.2794411;51.160336;100.0;0.32950762;450.0;733.5205;0.025787285;-0.3683623;11.05152;18.34914;7.297635;25.535658;0.0;3909.7195;7495.2314;-1331.3314;6140.474;-261.2811;-14.807777
2024-04-28;10.176941;-4.580709;-0.18785731;755.2344;1.1873063;57.494434;100.0;0.30434266;450.0;677.653;0.001712302;-0.43213648;10.529735;19.02592;8.496187;25.088802;0.0;4200.121;8051.379;-1579.5048;5880.53;-309.35;-9.232223
2024-04-29;11.051829;-5.0750732;-0.18902715;754.5352;0.952384;69.01383;100.0;0.278819;450.0;620.72754;0.058451295;-0.40706155;10.986015;20.97015;9.984136;25.446247;0.0;4034.9766;7733.688;-1338.3192;6149.125;-291.165;-19.518888
2024-04-30;8.795634;1.0545858;-0.11548742;752.44806;0.9440147;134.06425;100.0;0.25469932;450.0;567.09796;2.0682514;-0.21683611;10.274023;21.367222;11.093206;22.442657;0.0;3146.1455;6030.1064;-707.9053;6794.1973;-150.36;-39.806667
2024-05-01;7.386505;3.9478962;-0.0412;748.9116;0.81670135;98.17852;100.0;0.23205848;450.0;516.39813;9.220677;-0.080524944;13.990879;26.703596;12.712725;22.358868;0.0;2477.0432;4746.774;-391.18668;7111.2188;-49.22889;-59.13222
2024-05-02;6.646169;4.623291;-0.0019187927;744.26685;0.83066374;168.14185;99.61117;0.21039931;450.0;468.3838;9.398895;-0.04903227;14.4100485;27.864992;13.454914;22.808619;0.0;2440.9084;4676.1;-250.12277;7295.44;-25.98;-74.31778
2024-05-03;4.657196;4.1575828;0.0083401995;741.58514;1.1324193;197.93518;97.94181;0.19189222;450.0;427.12402;16.27165;0.027235597;13.379753;34.131287;20.75155;15.833687;0.0;1158.5856;2197.2983;245.76138;7733.2246;26.845556;-17.756666
2024-05-04;3.277537;3.1292927;0.010114034;744.1941;1.3857613;204.52916;96.2911;0.17476623;450.0;389.16016;11.972189;0.006129965;11.120573;31.174242;20.053663;18.094969;0.0;1532.755;2876.0105;166.3675;7683.48;14.506667;-77.835556
2024-05-05;2.514557;2.2855835;0.008085887;745.5816;1.0802647;174.76897;95.28817;0.16028802;448.71094;357.46255;14.973223;0.01728721;9.831771;26.81911;16.987347;12.436073;0.72620064;820.7228;1527.11;287.1122;7741.4756;19.404444;-35.468887
2024-05-06;1.7386881;1.1150309;-0.011494954;745.4697;0.7105376;138.0537;94.88151;0.14952867;442.8711;336.14096;13.697177;-0.08400343;8.541912;24.136961;15.595063;10.352813;0.23177266;1141.1511;2222.3345;-173.5825;7222.1006;-56.22889;-83.62778
2024-05-07;1.1101685;0.3759664;-0.02243042;745.35297;0.89198464;205.2678;94.457436;0.13651435;443.19727;306.55923;8.803731;-0.30699745;8.909464;23.51877;14.609322;14.907462;0.15826523;2224.8867;4293.177;-422.84695;7028.3;-221.15;-248.2111
2024-05-08;1.5481771;0.068359375;-0.15478134;748.76764;1.0873113;150.05333;94.15112;0.12083081;442.5498;270.87402;6.3835917;-0.3933739;9.225861;23.511187;14.285334;17.051504;0.03979355;2596.206;4995.1157;-760.8492;6632.9077;-285.11777;-269.06445
2024-05-09;3.9116719;-0.33945718;-0.40395737;751.6556;0.9059574;144.28894;93.93961;0.10246289;444.3558;228.75977;1.0420084;-0.54788405;8.177787;20.513922;12.336127;19.850407;5.2154064e-05;3635.3093;6949.239;-1158.5989;6283.7065;-392.21;-294.86334
2024-05-10;6.1306863;1.4128214;-0.45569357;752.6674;1.0384175;144.48105;93.81844;0.08093675;444.82812;181.07097;2.6230633;-0.47775918;9.674221;22.710115;13.035923;22.376736;0.0;3844.3384;7298.849;-1306.9669;6175.4565;-335.51556;-202.19221
2024-05-11;7.4550576;-0.076405846;-0.30928168;752.20386;1.1423738;159.69673;92.88029;0.059741814;444.82812;133.70769;2.5470853;-0.48528984;9.124607;21.27549;12.150884;20.3867;0.0;3080.1816;5805.5767;-691.0292;6842.5024;-344.34;-78.75
2024-05-12;6.1610513;1.1401774;-0.11348343;746.6743;1.8247966;198.40892;77.394936;0.037472565;444.82812;84.18783;3.0147135;-1.0823961;10.876864;23.945332;13.068475;23.611609;0.0;4411.105;7899.9365;-1175.845;6489.047;-780.92554;-162.93445
2024-05-13;3.5573833;1.7035421;-0.31609344;744.74884;0.95705146;217.81017;45.981853;0.020146808;444.82812;45.369465;6.654637;-1.2847707;6.8361163;19.097536;12.261428;13.040978;0.0;3904.0422;5941.941;-976.7939;6741.094;-896.68164;-680.51886
2024-05-14;2.4875996;1.9657491;-0.11942927;746.43805;0.910373;171.5024;28.208658;0.012425144;435.05664;27.87272;8.444905;-0.93013793;4.609719;16.404926;11.795223;5.3743014;0.069610775;2264.9033;3183.84;-438.73444;7214.09;-644.7767;-483.53888
2024-05-15;4.6641135;-1.1473999;-0.44090652;750.405;1.1737076;146.92625;16.09725;0.0069744587;431.11978;15.909831;1.3744643;-2.412133;2.0702183;13.222158;11.151917;5.168613;0.0;5256.8496;7066.13;-1671.1616;6291.2944;-1681.5455;-1116.3911
2024-05-16;4.2657266;0.37834677;-0.94541806;751.4675;1.2478706;171.30025;8.013672;0.0034759839;431.12793;7.77181;7.295269;-2.2377129;2.672553;12.997061;10.324508;2.5014355;0.0;5380.854;7006.08;-1849.8595;6103.283;-1557.0845;-1262.2422
2024-05-17;5.2395935;-1.5694885;-0.7615115;749.80884;1.4130892;257.72128;3.825114;0.0016542673;431.1328;3.7841797;0.39988756;-2.9084234;0.45195222;9.92243;9.470492;1.3060942;0.0;5492.2046;7027.9424;-1914.7733;6143.197;-2021.9122;-1157.9878
2024-05-18;6.512441;-1.8698984;-0.896478;749.9033;1.1230646;163.22737;1.7355957;0.0007477601;431.1328;1.8310547;0.20632148;-3.2172408;0.19818544;8.855597;8.657418;0.6570332;0.0;6219.887;7890.1987;-2270.5898;5921.8433;-2235.5522;-1164.3844
2024-05-19;7.0275674;2.4288635;-0.4229978;749.20166;1.1898412;191.66002;0.736084;0.0003171762;427.8893;0.9765625;10.7268095;-2.452746;2.4353118;10.340601;7.9052672;0.28732792;0.0;4877.317;6156.926;-1587.3173;6676.9546;-1703.8422;-1079.9244
2024-05-20;6.9453635;3.986084;0.0056025186;748.9628;1.0885994;102.1722;0.3017578;0.00012950103;425.22623;0.20345052;10.323376;-2.3440366;2.386704;9.632796;7.246122;0.12230873;0.0;4522.9604;5694.1543;-1434.1294;6909.2856;-1628.3022;-1066.0677
2024-05-21;7.7497153;4.7635803;0.009937286;750.07056;1.0831366;92.07575;0.12345377;5.2968662e-05;425.16406;-7.345365e-21;9.281671;-2.3147445;2.1273494;8.823365;6.6960154;0.051561743;0.0;4472.979;5621.5557;-1394.6975;7046.69;-1607.9678;-961.86444
2024-05-22;7.374491;4.267141;-0.01905314;750.0254;1.0169048;104.52279;0.04630534;1.959006e-05;425.1709;-7.345365e-21;6.677532;-2.6048832;1.475066;7.7161493;6.241083;0.020295382;0.0;4708.97;5909.87;-1580.5033;6876.8716;-1809.5233;-1119.13
2024-05-23;7.1454062;2.940033;0.0077044168;749.5325;1.0454462;123.931885;0.018229166;7.6293945e-06;425.17188;-7.345365e-21;4.589975;-2.9500694;0.9843111;6.840527;5.8562307;0.008001924;0.0;5274.577;6612.3066;-1712.9784;6752.5547;-2049.3145;-1169.4645
2024-05-24;7.830546;2.9096782;0.009862264;748.77295;1.3748068;107.16888;0.0068359375;2.9404957e-06;425.16406;-7.345365e-21;3.7518442;-3.1434746;0.7095933;6.2276573;5.518079;0.0030323863;0.0;5657.408;7084.16;-1844.7417;6640.1367;-2183.6667;-1300.7822
2024-05-25;8.2647705;3.4136658;-0.0033988953;748.1807;1.3926039;125.99326;0.0026041667;1.1920929e-06;425.16666;-7.345365e-21;5.516529;-2.7024224;1.1011064;6.316394;5.2152796;0.0009983778;0.0;5069.844;6341.803;-1805.9292;6578.7856;-1877.2833;-1201.7289
2024-05-26;7.5373025;2.438029;-0.13703537;750.1553;1.1268462;175.49336;0.00081380206;3.1789145e-07;425.16406;-7.345365e-21;1.0647476;-2.7606692;0.16638637;5.107224;4.94086;0.0003799796;0.0;5363.6167;6701.892;-1958.9573;6362.0913;-1917.7444;-1298.461
2024-05-27;9.880127;2.410614;-0.05432892;752.7568;1.0715643;146.433;0.0;-7.3453654e-25;425.16406;-7.345365e-21;0.047315322;-3.6843567;0.0069737434;4.6946406;4.687667;0.00017508864;0.0;6488.818;8099.5366;-2402.5479;6195.578;-2559.4;-1074.36
2024-05-28;11.838959;1.6899008;-2.342556;753.7348;1.1771019;162.95592;0.0;-7.3453654e-25;260.5065;-7.345365e-21;0.03683567;-4.0139585;0.004827976;4.456818;4.45199;5.2154064e-05;0.0;6508.3354;8115.2866;-2316.8123;6403.996;-2788.3623;-965.56335
2024-05-29;12.269409;2.9965312;-0.4125875;753.6607;1.2027929;178.86395;0.0;-7.3453654e-25;108.145164;-7.345365e-21;0.3599763;-3.8095117;0.04631281;4.2791963;4.232861;2.2351742e-05;0.0;6232.1665;7762.7646;-2099.4817;6751.8276;-2646.34;-1010.03
2024-05-30;13.106689;2.5316772;-0.023296356;754.0024;1.1052085;78.61198;0.0;-7.3453654e-25;100.02407;-7.345365e-21;0.68228245;-3.7365127;0.08381903;4.11275;4.028931;0.0;0.0;6023.185;7494.38;-2166.8145;6753.78;-2595.63;-793.67224
2024-05-31;13.97522;2.626363;0.0098724365;753.7309;1.665288;165.61243;0.0;-7.3453654e-25;99.99998;-7.345365e-21;0.0;-4.2561626;0.0;3.8380325;3.8380175;0.0;0.0;6480.2354;8054.5854;-2340.131;6578.745;-2956.6155;-835.99445
2024-06-01;11.860687;1.0844828;0.010111491;753.4385;1.2575675;144.53249;0.0;-7.3453654e-25;99.99998;-7.345365e-21;0.0008583069;-3.9772744;8.940697e-05;3.659308;3.6592336;0.0;0.0;6931.11;8605.966;-2669.16;6099.2686;-2762.881;-1191.1744
2024-06-02;12.873566;2.9047546;0.009938558;754.186;1.0152272;79.51341;0.0;-7.3453654e-25;99.99998;-7.345365e-21;0.0;-3.9327853;0.0;3.4920425;3.49205;0.0;0.0;6626.697;8219.291;-2435.8623;6535.3667;-2731.9756;-971.1411
2024-06-03;13.7508745;3.1357014;-0.10683695;754.6552;1.3122768;46.351803;0.0;-7.3453654e-25;100.06378;-7.345365e-21;0.0017166131;-3.8884776;0.00016391277;3.335774;3.3356175;0.0;0.0;6511.4077;8067.6953;-2398.2773;6626.7744;-2701.1956;-991.4189
2024-06-04;13.499847;1.1191;0.009971619;754.2078;1.4535183;37.69421;0.0;-7.3453654e-25;100.00259;-7.345365e-21;0.028640032;-3.8090954;0.0028014183;3.192097;3.1892805;0.0;0.0;6467.1904;8004.458;-2461.0955;6510.926;-2646.0522;-1063.2511
2024-06-05;13.45164;-0.68989056;0.009991963;753.6441;1.5738564;36.541523;0.0;-7.3453654e-25;99.99998;-7.345365e-21;0.0;-3.933438;0.0;3.0519962;3.0519962;0.0;0.0;6925.6484;8563.01;-2759.131;6195.8135;-2732.4277;-1122.27
2024-06-06;14.351166;-0.60703534;0.009567261;753.73956;1.3395976;38.51587;0.0;-7.3453654e-25;99.99998;-7.345365e-21;0.0008523463;-3.823761;7.4505806e-05;2.9230416;2.922982;0.0;0.0;6937.6167;8568.827;-2757.076;6311.472;-2656.2388;-1096.4645
2024-06-07;15.339284;1.4955343;0.010131836;752.98773;1.045844;94.34902;0.0;-7.3453654e-25;99.99998;-7.345365e-21;0.0008523463;-3.6476097;7.4505806e-05;2.8018208;2.8017535;0.0;0.0;6796.2812;8385.419;-2561.765;6718.721;-2533.8723;-1128.3245
2024-06-08;15.140533;2.6898804;0.009937286;751.23346;1.0813588;146.54802;0.0;-7.3453654e-25;99.99998;-7.345365e-21;0.19943714;-2.9878001;0.016361475;2.7047992;2.6884377;0.0;0.0;5670.039;6988.431;-2233.8318;7044.039;-2075.5244;-956.8822
2024-06-09;14.358083;4.2446694;0.010011037;750.2456;1.1152298;120.342316;0.0;-7.3453654e-25;99.99998;-7.345365e-21;0.44173002;-2.4369228;0.034585595;2.6177466;2.5831535;0.0;0.0;4892.4526;6023.7144;-2099.766;7026.461;-1692.8489;-904.7778
2024-06-10;13.086365;1.9287211;0.009815216;751.2198;1.1917714;125.98672;0.0;-7.3453654e-25;99.99998;-7.345365e-21;0.8958459;-2.7515366;0.07286668;2.5571883;2.4843142;0.0;0.0;5724.3594;7040.741;-2212.844;6938.0513;-1911.4011;-1252.8778
2024-06-11;12.999492;3.9202678;0.00970459;751.3033;1.051162;102.613686;0.0;-7.3453654e-25;99.99998;-7.345365e-21;2.0450442;-2.6761665;0.19131601;2.58255;2.3912416;0.0;0.0;5752.9824;7068.4624;-2274.871;6879.931;-1859.0444;-1291.7844
2024-06-12;13.393188;5.108805;0.010307312;752.5041;1.1258667;88.90337;0.0;-7.3453654e-25;99.99998;-7.345365e-21;1.181319;-2.6078942;0.09311736;2.3967624;2.3036525;0.0;0.0;5292.9155;6496.1978;-2106.2861;7061.947;-1811.6172;-1091.1422
2024-06-13;13.389618;5.9048057;0.009976705;752.87994;1.0615482;84.11205;0.0;-7.3453654e-25;99.99998;-7.345365e-21;3.2046258;-2.617797;0.3013909;2.5225878;2.2212043;0.0;0.0;5458.8047;6693.029;-2229.5369;6936.6055;-1818.4956;-1117.94
2024-06-14;15.02657;3.51946;0.010121663;751.2067;1.1146291;64.02116;0.0;-7.3453654e-25;100.00519;-7.345365e-21;0.0008523463;-3.5400968;5.9604645e-05;2.142787;2.14272;0.0;0.0;6663.6724;8161.84;-2517.3916;6808.224;-2459.1877;-1226.1156
2024-06-15;15.565593;3.9526875;0.010131836;750.07367;1.0380231;87.00802;0.0;-7.3453654e-25;99.99998;-7.345365e-21;1.1826129;-3.172338;0.10345876;2.171129;2.0676553;0.0;0.0;6322.832;7736.258;-2453.7979;6950.2856;-2203.7178;-1253.45
2024-06-16;15.890523;0.987854;0.009988149;752.3338;1.2344185;121.71347;0.0;-7.3453654e-25;99.99998;-7.345365e-21;1.091075;-2.9260385;0.084251165;2.0815878;1.9973292;0.0;0.0;5836.229;7139.9443;-2418.1323;6891.8076;-2032.6211;-1117.2444
2024-06-17;16.809408;-0.6948649;0.00989151;754.8902;1.275271;171.30272;0.0;-7.3453654e-25;99.99998;-7.345365e-21;0.00043762822;-3.3302243;2.9802322e-05;1.9301772;1.93014;0.0;0.0;6991.116;8551.8;-2907.69;6516.1987;-2313.3967;-1383.2178
2024-06-18;16.810385;-1.153717;0.010185242;755.4997;1.3316683;112.2302;0.0;-7.3453654e-25;99.99998;-7.345365e-21;0.008942431;-2.9335878;0.0006109476;1.8665493;1.8659458;0.0;0.0;6566.3457;8031.1367;-2796.7961;6708.6035;-2037.8656;-1301.2766
2024-06-19;17.20166;2.9179585;0.009689331;755.5447;0.98093444;94.403015;0.0;-7.3453654e-25;99.99998;-7.345365e-21;0.037312508;-2.7199929;0.0020861626;1.8069893;1.8048956;0.0;0.0;6714.3145;8211.025;-2879.0679;6862.1953;-1889.4878;-1392.6666
2024-06-20;17.284515;4.4168296;0.009999593;753.8338;1.0212153;77.1878;0.0;-7.3453654e-25;99.99998;-7.345365e-21;0.7250637;-2.2703762;0.052824616;1.799658;1.7468333;0.0;0.0;6148.2793;7517.8057;-2702.9146;7056.3955;-1577.1544;-1432.8177
2024-06-21;18.084839;0.3560791;0.00968806;751.0447;1.2522054;126.20028;0.0;-7.3453654e-25;99.99998;-7.345365e-21;0.010382189;-2.3934171;0.0005811453;1.6924143;1.6918331;0.0;0.0;6467.7676;7907.5244;-2853.8628;6956.2188;-1662.6267;-1500.1823
2024-06-22;18.580963;-1.4954733;0.009719849;748.941;1.4293157;127.8225;0.0;-7.3453654e-25;99.99998;-7.345365e-21;0.009221895;-2.1474435;0.0004991889;1.6396493;1.6391351;0.0;0.0;6608.532;8078.549;-2907.1523;6972.451;-1491.7578;-1706.16
2024-06-23;16.103098;4.5324097;0.010171254;749.8538;1.1821669;62.434284;0.0;-7.3453654e-25;99.99998;-7.345365e-21;2.2372007;-1.8241928;0.17146766;1.7608404;1.5893877;0.0;0.0;5844.668;7143.8643;-2603.4417;7096.814;-1267.2056;-1725.3112
2024-06-24;15.225759;6.0415244;0.010050456;749.9659;1.1468464;80.27587;0.0;-7.3453654e-25;99.99998;-7.345365e-21;3.5952866;-2.2819173;0.26348233;1.8062592;1.5427917;0.0;0.0;5374.7983;6568.6865;-2220.7822;7266.6055;-1585.1722;-1356.5011
2024-06-25;16.099203;4.6432395;0.01015981;749.31366;0.9892222;61.47122;0.0;-7.3453654e-25;99.99998;-7.345365e-21;1.0144651;-2.9095356;0.0718832;1.5699565;1.4980584;0.0;0.0;6007.759;7341.332;-2340.9753;7252.762;-2021.1566;-1314.4055
2024-06-26;16.615753;2.0883179;0.010175069;747.2976;1.3018502;127.48174;0.0;-7.3453654e-25;99.99998;-7.345365e-21;0.15785694;-2.8552153;0.009834766;1.4646947;1.4548302;0.0;0.0;6472.568;7908.2734;-2609.4856;7033.157;-1983.4222;-1549.8611
2024-06-27;16.521109;3.385722;0.009994507;748.38837;1.3649744;84.16256;0.0;-7.3453654e-25;99.99998;-7.345365e-21;0.0;-2.533284;0.0;1.4131665;1.4131665;0.0;0.0;6898.099;8427.083;-2978.2397;6710.483;-1759.7877;-1793.7389
2024-06-28;16.65803;2.032735;0.009970347;747.4627;1.1894225;115.65296;0.0;-7.3453654e-25;100.00259;-7.345365e-21;0.8260562;-2.1256487;0.050723553;1.4240742;1.373358;0.0;0.0;6780.888;8282.799;-3000.862;6743.6445;-1476.6167;-1933.3867
2024-06-29;16.608175;0.59277344;0.010079701;746.9328;1.3152909;115.93658;0.0;-7.3453654e-25;99.99998;-7.345365e-21;0.0013947487;-2.1594093;7.4505806e-05;1.3353229;1.3352334;0.0;0.0;6943.8857;8480.791;-3136.4514;6613.0054;-1500.0688;-1976.2955
2024-06-30;16.335978;2.0327046;0.009938558;748.8325;1.2964951;112.66541;0.0;-7.3453654e-25;99.99998;-7.345365e-21;0.3308432;-1.8059276;0.019848347;1.3183951;1.2985319;0.0;0.0;6829.6167;8340.123;-3044.1523;6736.7656;-1254.5167;-2149.8
2024-07-01;15.288798;1.987915;0.010035197;747.5639;1.317336;121.45734;0.0;-7.3453654e-25;99.99998;-7.345365e-21;1.5183866;-1.6952184;0.10100007;1.364857;1.2638867;0.0;0.0;6037.57;7372.009;-2614.7068;6939.4233;-1177.6122;-2030.6833
2024-07-02;14.764415;1.3657837;0.010046641;745.3897;1.3110666;131.53397;0.0;-7.3453654e-25;100.00519;-7.345365e-21;0.14463067;-1.8235371;0.008374453;1.2391806;1.2308061;0.0;0.0;6279.348;7666.1367;-2731.4512;6815.043;-1266.75;-2092.6655
2024-07-03;14.758881;0.3945923;0.01007843;746.9458;1.2614932;123.91296;0.0;-7.3453654e-25;99.99998;-7.345365e-21;0.0;-1.7176718;0.0;1.1986792;1.1986643;0.0;0.0;6699.0684;8177.55;-2935.7212;6696.1167;-1193.2089;-2220.8289
2024-07-04;17.298788;2.1158955;0.009950002;750.68427;0.9709421;107.681885;0.0;-7.3453654e-25;99.99998;-7.345365e-21;0.021774027;-1.685895;0.0012814999;1.1687875;1.1675209;0.0;0.0;6684.823;8159.1357;-2980.3455;7046.4844;-1171.1344;-1970.9366
2024-07-05;18.702179;0.8708293;0.009793599;750.9788;1.2620496;45.72946;0.0;-7.3453654e-25;99.99998;-7.345365e-21;0.0012934206;-1.588095;7.4505806e-05;1.1374652;1.1374056;0.0;0.0;6785.4854;8280.979;-3124.7043;7050.945;-1103.1967;-2055.28
2024-07-06;19.743734;2.3379314;0.009976705;748.5599;1.5491129;61.270245;0.0;-7.3453654e-25;99.99998;-7.345365e-21;0.034582615;-1.433583;0.0019669533;1.1104643;1.1084825;0.0;0.0;6515.774;7950.761;-2931.6284;7311.625;-995.86224;-2021.0734
2024-07-07;18.982645;4.6525574;0.010182698;748.3437;1.5897151;71.47713;0.0;-7.3453654e-25;99.99998;-7.345365e-21;0.021159649;-1.3588332;0.0012516975;1.0819733;1.0807365;0.0;0.0;6440.4507;7857.761;-2888.3333;7357.43;-943.93665;-2189.2834
2024-07-08;17.833109;5.376414;0.009816487;749.6126;1.41898;60.60146;0.0;-7.3453654e-25;99.99998;-7.345365e-21;0.22181869;-1.2123622;0.0121593475;1.0663569;1.0541826;0.0;0.0;6030.2095;7356.348;-2706.371;7356.358;-842.1878;-2158.0933
2024-07-09;18.450592;3.9660542;0.009724935;751.63434;1.1004392;88.74502;0.0;-7.3453654e-25;99.99998;-7.345365e-21;0.008657575;-1.2872992;0.00043213367;1.0291338;1.0287017;0.0;0.0;5942.4326;7248.3076;-2756.9888;7374.405;-894.24445;-1951.8556
2024-07-10;18.545633;2.8764343;0.009651184;753.726;1.1533779;132.34132;0.0;-7.3453654e-25;99.99998;-7.345365e-21;0.06952882;-1.201678;0.003695488;1.0078251;1.0041223;0.0;0.0;5961.671;7270.8823;-2724.4106;7389.1177;-834.76666;-2034.9478
2024-07-11;19.58608;0.92678833;0.009896596;754.03296;1.287531;143.33627;0.0;-7.3453654e-25;99.99998;-7.345365e-21;0.0008523463;-1.2121816;4.4703484e-05;0.9804964;0.9804368;0.0;0.0;5819.343;7096.3203;-2816.5933;7377.793;-842.0622;-1774.7433
2024-07-12;19.882578;0.6560567;0.009857178;751.1464;1.3619798;160.49054;0.0;-7.3453654e-25;99.99998;-7.345365e-21;0.0008583069;-1.3039969;4.4703484e-05;0.9575188;0.95746666;0.0;0.0;6764.4077;8247.704;-3217.537;7100.4077;-905.8422;-2216.672
2024-07-13;19.639383;1.1820984;0.00993983;748.21436;1.2739638;116.58225;0.0;-7.3453654e-25;99.99998;-7.345365e-21;0.0;-1.2806803;0.0;0.93510747;0.93510747;0.0;0.0;6823.1587;8318.292;-3247.0037;7084.317;-889.64557;-2263.609
2024-07-14;19.151236;4.893341;0.009847005;747.4045;1.1956978;92.18076;0.0;-7.3453654e-25;100.00519;-7.345365e-21;0.0008583069;-1.0674372;4.4703484e-05;0.9136796;0.9136349;0.0;0.0;5797.6387;7067.0415;-2728.5352;7495.0483;-741.5133;-1977.8867
2024-07-15;18.31309;6.7226768;0.0101292925;749.0274;1.1442503;75.95754;0.0;-7.3453654e-25;100.03416;-7.345365e-21;0.20440817;-0.98792744;0.010341406;0.9035617;0.8932054;3.7252903e-06;0.0;5434.695;6623.9185;-2523.6658;7597.079;-686.2794;-1957.2533
2024-07-16;19.033508;5.126536;0.009791057;750.7883;1.1961852;105.02857;0.0;-7.3453654e-25;100.00259;-7.345365e-21;0.0018179417;-1.0858644;7.4505806e-05;0.8735359;0.8734539;0.0;0.0;5730.278;6982.5195;-2701.2988;7481.629;-754.31445;-1949.0566
2024-07-17;19.909414;3.2861938;0.009857178;751.66693;1.3053297;138.14255;0.0;-7.3453654e-25;99.99998;-7.345365e-21;0.0;-1.2149187;0.0;0.85413456;0.85413456;0.0;0.0;6602.5596;8043.6826;-3074.8562;7314.231;-843.9633;-2255.26
2024-07-18;19.544952;4.0770364;0.010172526;749.92773;1.2515907;100.87255;0.0;-7.3453654e-25;99.99998;-7.345365e-21;0.0008523463;-1.0633488;5.9604645e-05;0.8354187;0.8353889;0.0;0.0;5991.4927;7297.49;-2759.3828;7573.751;-738.67334;-2122.1245
2024-07-19;19.372232;3.927419;0.009894053;747.6425;1.19579;87.18927;0.0;-7.3453654e-25;99.99998;-7.345365e-21;0.0066101546;-0.9857006;0.00032782555;0.8177161;0.8173734;0.0;0.0;5680.4023;6917.186;-2647.5588;7645.8765;-684.73334;-1969.4388
2024-07-20;18.540537;5.8524575;0.00985082;747.18896;1.3273497;129.53452;0.0;-7.3453654e-25;99.99998;-7.345365e-21;0.48475987;-0.971416;0.025331974;0.82553923;0.80020726;0.0;0.0;5342.2065;6503.8823;-2546.0745;7502.2534;-674.81;-1993.7311
2024-07-21;18.77236;3.913564;0.010040283;749.1921;1.2698406;115.92463;0.0;-7.3453654e-25;100.00519;-7.345365e-21;0.0025808804;-1.1944194;0.00014901161;0.78362226;0.78348815;0.0;0.0;6166.333;7505.4795;-2714.0784;7539.9126;-829.7233;-2246.2068
2024-07-22;19.357138;5.7411804;0.009928386;750.0437;0.98364526;92.103294;0.0;-7.3453654e-25;99.99998;-7.345365e-21;0.095802546;-1.0555052;0.0049471855;0.77207386;0.7671267;0.0;0.0;5886.959;7163.894;-2737.2876;7601.9487;-733.2244;-2026.5978
2024-07-23;20.333609;3.9530945;0.009652455;749.4953;1.0090626;125.66846;0.0;-7.3453654e-25;99.99998;-7.345365e-21;0.009119511;-0.9984486;0.000461936;0.7517934;0.75131655;0.0;0.0;5508.5537;6701.871;-2651.4294;7687.6177;-693.59;-1846.31
2024-07-24;20.278574;0.9581299;0.010054271;746.50604;1.414022;130.46664;0.0;-7.3453654e-25;99.99998;-7.345365e-21;0.0008523463;-1.0904651;5.9604645e-05;0.73599815;0.73595345;0.0;0.0;6794.7207;8264.845;-3307.899;7076.593;-757.51;-2425.0867
2024-07-25;19.36091;0.45805869;0.009922028;745.4204;1.32503;126.30834;0.0;-7.3453654e-25;99.99998;-7.345365e-21;0.0017106531;-1.0382216;8.940697e-05;0.7210076;0.7209331;0.0;0.0;6768.162;8230.695;-3279.9468;7008.99;-721.2178;-2463.98
2024-07-26;18.590576;1.4539999;0.009881337;746.94855;1.3913647;161.85367;0.0;-7.3453654e-25;99.99998;-7.345365e-21;0.0;-0.98407453;0.0;0.70637465;0.70637465;0.0;0.0;6787.8813;8252.822;-3234.0203;6985.562;-683.60223;-2594.7979
2024-07-27;18.731436;3.532542;0.009887695;748.94415;1.2360476;166.57253;0.0;-7.3453654e-25;99.99998;-7.345365e-21;0.0;-0.96312535;0.0;0.69227815;0.69226325;0.0;0.0;6735.348;8187.2007;-3195.1755;7051.17;-669.05;-2566.8232
2024-07-28;18.245077;4.675364;0.00997289;749.63696;1.2459381;85.48132;0.0;-7.3453654e-25;99.99998;-7.345365e-21;0.0015735626;-0.93368536;7.4505806e-05;0.6786436;0.6785765;0.0;0.0;6243.0864;7586.884;-2967.1606;7326.082;-648.6;-2294.2178
2024-07-29;17.1155;6.0436807;0.010058085;749.55096;2.32599;37.612087;0.0;-7.3453654e-25;100.00259;-7.345365e-21;0.0026494262;-0.8209543;0.00013411045;0.66554546;0.66541135;0.0;0.0;6320.016;7678.727;-2962.5627;7068.263;-570.29;-2705.7588
2024-07-30;19.816061;1.9458414;0.010052999;747.9307;1.3404039;151.77466;0.0;-7.3453654e-25;99.99998;-7.345365e-21;0.00085234636;-0.9745611;4.4703484e-05;0.65262616;0.65258145;0.0;0.0;6838.8374;8307.425;-3550.9736;6686.0327;-676.99445;-2243.0544
2024-07-31;18.929361;-0.34928384;0.009988149;749.3709;1.4137572;206.00269;0.0;-7.3453654e-25;99.99998;-7.345365e-21;0.0008523463;-0.858658;5.9604645e-05;0.6401539;0.64011663;0.0;0.0;6363.0127;7727.73;-3070.0273;7070.55;-596.48114;-2455.8833
2024-08-01;19.028585;-1.1042684;0.010077159;750.31616;1.1593994;116.63409;0.0;-7.3453654e-25;99.99998;-7.345365e-21;0.002131228;-0.9389185;0.00011920929;0.62808394;0.62799454;0.0;0.0;6586.7954;7997.6475;-3257.8728;7025.7485;-652.23553;-2340.7244
2024-08-02;18.408234;1.8918253;0.009902954;748.43036;0.9770805;86.62298;0.0;-7.3453654e-25;99.99998;-7.345365e-21;0.006872415;-0.7456038;0.0002682209;0.61656535;0.6163046;0.0;0.0;5257.141;6381.625;-2681.2693;7421.6006;-517.94666;-1831.76
2024-08-03;18.838736;1.60436;0.009952545;748.1096;0.89395666;71.17594;0.0;-7.3453654e-25;99.99998;-7.345365e-21;0.04701769;-0.8392427;0.001937151;0.6069243;0.60501695;0.0;0.0;5687.129;6902.379;-2776.1104;7498.718;-582.99445;-1997.6855
2024-08-04;19.58489;-0.15120442;0.009911855;749.3086;1.1381594;104.892;0.0;-7.3453654e-25;99.99998;-7.345365e-21;0.0;-0.90139824;0.0;0.5939305;0.5939156;0.0;0.0;6194.416;7516.2905;-3103.975;7251.824;-626.1711;-2154.7334
2024-08-05;20.822897;-0.11126709;0.009845734;749.28314;1.2450615;140.1312;0.0;-7.3453654e-25;99.99998;-7.345365e-21;0.0;-0.9296406;0.0;0.58305264;0.58305264;0.0;0.0;6566.649;7966.125;-3284.1748;7154.8843;-645.79;-2265.6267
2024-08-06;20.54008;-1.9650778;0.009897868;749.17426;1.2739915;173.25496;0.0;-7.3453654e-25;99.99998;-7.345365e-21;0.0;-0.89380705;0.0;0.5724728;0.5724728;0.0;0.0;6636.2646;8048.762;-3427.2856;6936.0645;-620.89777;-2353.87
2024-08-07;20.227804;-2.5241902;0.009975433;749.837;1.2911202;176.46245;0.0;-7.3453654e-25;99.99998;-7.345365e-21;0.0;-0.88413244;0.0;0.562191;0.562191;0.0;0.0;6657.1055;8072.283;-3429.7412;6922.0244;-614.1778;-2283.0933
2024-08-08;20.196756;-0.19590251;0.009885152;751.06915;1.3073862;107.37249;0.0;-7.3453654e-25;99.99998;-7.345365e-21;0.0;-0.8824747;0.0;0.5521774;0.5521625;0.0;0.0;6476.0815;7850.915;-3244.004;7179.51;-613.0267;-2284.6377
2024-08-09;20.558634;2.6774902;0.009836833;752.21246;1.2515494;115.52323;0.0;-7.3453654e-25;99.99998;-7.345365e-21;0.0;-0.86964107;0.0;0.54237247;0.5423799;0.0;0.0;6497.763;7875.4995;-3241.8389;7219.359;-604.11;-2317.6677
2024-08-10;20.60614;0.7246094;0.009962718;751.6233;1.2110288;162.1868;0.0;-7.3453654e-25;99.99998;-7.345365e-21;0.0;-0.8558892;0.0;0.5328655;0.5328506;0.0;0.0;6550.921;7938.2104;-3401.3022;7022.96;-594.5578;-2291.838
2024-08-11;19.6734;0.14759319;0.00990804;750.19135;1.2485914;118.19819;0.0;-7.3453654e-25;99.99998;-7.345365e-21;0.0008583069;-0.8290829;4.4703484e-05;0.5236417;0.52360445;0.0;0.0;6469.9995;7838.404;-3318.354;7009.759;-575.93555;-2332.699
2024-08-12;18.601297;4.413727;0.0097516375;749.79175;1.2817215;116.31313;0.0;-7.3453654e-25;100.00519;-7.345365e-21;0.28652847;-0.77625084;0.014141202;0.5288124;0.5146712;0.0;0.0;5740.9653;6953.6396;-2829.2595;7345.8105;-539.23553;-2185.5022
2024-08-13;18.044434;4.085256;0.010119121;751.8161;1.1158553;87.58792;0.0;-7.3453654e-25;99.99998;-7.345365e-21;0.033393502;-0.79289263;0.0011920929;0.5072653;0.50607324;0.0;0.0;5370.2134;6503.194;-2701.8428;7376.79;-550.7967;-1981.5411
2024-08-14;19.641245;3.1484272;0.010237376;752.90845;0.94558716;103.48545;0.0;-7.3453654e-25;99.99998;-7.345365e-21;0.0015497208;-0.8184994;7.4505806e-05;0.49771369;0.49763173;0.0;0.0;5726.2866;6932.8535;-2854.1396;7484.432;-568.5845;-1965.4722
2024-08-15;20.100159;2.204478;0.009863536;752.6587;1.3811026;136.2517;0.0;-7.3453654e-25;99.99998;-7.345365e-21;0.0;-0.758525;0.0;0.48936903;0.4893765;0.0;0.0;5768.9287;6982.822;-2850.597;7491.86;-526.92224;-2120.0457
2024-08-16;19.638845;2.0280151;0.010228475;749.9621;1.4716505;120.00663;0.0;-7.3453654e-25;99.99998;-7.345365e-21;0.009083748;-0.7524211;0.0003874302;0.48170984;0.48132986;0.0;0.0;5941.5176;7190.8564;-2944.8147;7385.711;-522.68225;-2182.3633
2024-08-17;18.286926;6.9147544;0.00978597;750.4641;1.5652908;71.95219;0.0;-7.3453654e-25;99.99998;-7.345365e-21;1.1016428;-0.8182246;0.062182546;0.53569674;0.4734993;0.0;0.0;5781.75;6996.676;-2712.5447;7464.2876;-568.3933;-2338.0056
2024-08-18;17.951395;3.8636067;0.010027568;752.0156;1.3771461;101.51029;0.0;-7.3453654e-25;99.99998;-7.345365e-21;0.0031977892;-1.1159638;0.00011920929;0.46604872;0.4659295;0.0;0.0;5495.3984;6649.4805;-2688.9016;7278.0234;-775.2233;-2007.18
2024-08-19;18.725983;2.7085876;0.009672801;753.1219;1.0915183;112.65818;0.0;-7.3453654e-25;99.99998;-7.345365e-21;0.0;-0.88830197;0.0;0.45855343;0.45854598;0.0;0.0;5310.7417;6425.349;-2638.1516;7475.11;-617.07446;-1817.9711
2024-08-20;19.302969;2.6477966;0.009914398;753.12787;0.9322327;66.50009;0.0;-7.3453654e-25;99.99998;-7.345365e-21;0.064066485;-0.79005677;0.0031143427;0.4544556;0.45133382;0.0;0.0;5271.1597;6376.6396;-2687.9573;7578.021;-548.82666;-1750.3011
2024-08-21;20.418701;1.1113383;0.009980519;752.6079;1.1560217;71.59908;0.0;-7.3453654e-25;99.99998;-7.345365e-21;0.0;-0.81818366;0.0;0.44423342;0.44422597;0.0;0.0;5973.681;7225.5996;-3073.0127;7271.237;-568.36444;-2024.23
2024-08-22;19.85206;1.0031433;0.009950002;752.7385;1.4972819;177.28493;0.0;-7.3453654e-25;99.99998;-7.345365e-21;0.0012841311;-0.71232206;5.9604645e-05;0.43734908;0.43728203;0.0;0.0;5944.1357;7188.8594;-3046.067;7164.6743;-494.82556;-2270.6523
2024-08-23;19.892416;-2.380595;0.009822845;753.81525;1.2680396;184.46931;0.0;-7.3453654e-25;99.99998;-7.345365e-21;0.0017153206;-0.7253401;8.940697e-05;0.43061376;0.43052435;0.0;0.0;6216.1377;7516.9526;-3360.9084;6812.4395;-503.87;-2138.0522
2024-08-24;19.602774;-0.5294698;0.009952545;753.21014;1.3751154;126.23171;0.0;-7.3453654e-25;99.99998;-7.345365e-21;0.0;-0.68991536;0.0;0.42393804;0.42392313;0.0;0.0;6009.738;7266.5146;-3130.2473;7016.657;-479.26056;-2189.0945
2024-08-25;18.968018;0.8931885;0.00983429;751.6276;1.7109865;205.59789;0.0;-7.3453654e-25;99.99998;-7.345365e-21;0.50406456;-0.77976847;0.024214387;0.44181943;0.41760504;0.0;0.0;5472.0347;6615.5566;-2813.1492;7120.809;-541.6789;-2092.9368
2024-08-26;17.598013;2.536377;0.010227203;752.4749;1.2824005;232.63725;0.0;-7.3453654e-25;99.99998;-7.345365e-21;0.0;-0.7491373;0.0;0.41143596;0.41142106;0.0;0.0;5993.9907;7245.7246;-3089.668;6794.0605;-520.4;-2287.5066
2024-08-27;18.384003;-0.88291425;0.010045369;753.36395;1.1233274;117.60641;0.0;-7.3453654e-25;100.00259;-7.345365e-21;0.0;-0.74093604;0.0;0.40528178;0.40528178;0.0;0.0;6042.01;7302.8745;-3296.888;6737.6436;-514.7033;-1991.6744
2024-08-28;18.368216;1.0437317;0.00987498;753.2635;1.271792;81.49636;0.0;-7.3453654e-25;99.99998;-7.345365e-21;0.0027954578;-0.6618071;0.00011920929;0.39938092;0.39926916;0.0;0.0;5584.855;6749.4746;-2972.8696;7088.8745;-459.73557;-1922.3177
2024-08-29;18.041779;4.5273743;0.009736379;752.88983;1.4901799;49.769455;0.0;-7.3453654e-25;99.99998;-7.345365e-21;0.08388162;-0.6273184;0.0032931566;0.39672852;0.39343536;0.0;0.0;5433.7173;6566.104;-2796.4275;7229.8945;-435.77777;-2005.7012
2024-08-30;18.144735;4.891571;0.009716034;751.41754;1.1763359;112.93744;0.0;-7.3453654e-25;99.99998;-7.345365e-21;0.18271804;-0.6727874;0.008836389;0.3965646;0.38775057;0.0;0.0;5434.8926;6566.6484;-2812.5022;7233.1157;-467.36334;-1998.92
2024-08-31;18.413055;2.861206;0.0100034075;751.3028;1.3021444;95.559654;0.0;-7.3453654e-25;100.00259;-7.345365e-21;0.0021487467;-0.72803724;0.00010430813;0.3822446;0.38214773;0.0;0.0;5673.8735;6854.6094;-2941.1238;7117.919;-505.74335;-2036.31
2024-09-01;18.535147;2.7259624;0.009977977;752.9671;1.3218023;108.85078;0.0;-7.3453654e-25;100.00519;-7.345365e-21;0.00085234636;-0.6559882;4.4703484e-05;0.37670135;0.3766641;0.0;0.0;5703.1445;6889.1587;-3009.9294;7014.7056;-455.69446;-2087.1746
2024-09-02;19.124014;1.4261373;0.00989151;754.9839;1.2918738;110.4729;0.0;-7.3453654e-25;99.99998;-7.345365e-21;0.0008583069;-0.6310698;2.9802322e-05;0.37133694;0.37132204;0.0;0.0;5725.672;6915.527;-3103.2183;6934.374;-438.38333;-2009.2511
2024-09-03;19.818604;-0.39264932;0.009854634;753.7332;1.2777117;104.37574;0.0;-7.3453654e-25;99.99998;-7.345365e-21;0.00043511385;-0.6293431;2.9802322e-05;0.36612153;0.36609173;0.0;0.0;5757.0938;6952.656;-3247.7183;6817.8784;-437.18332;-1881.6622
2024-09-04;18.46934;-1.2265829;0.009900411;752.2097;1.3050708;154.47726;0.0;-7.3453654e-25;99.99998;-7.345365e-21;0.0004351138;-0.58984756;1.4901161e-05;0.36102533;0.36101043;0.0;0.0;5701.161;6884.3013;-3236.5166;6653.5566;-409.74777;-2015.5934
2024-09-05;16.699564;-2.6970215;0.009906769;750.874;1.2225474;144.8467;0.0;-7.3453654e-25;99.99998;-7.345365e-21;0.0;-0.57807195;0.0;0.35603344;0.35603344;0.0;0.0;5779.3813;6977.9077;-3382.7378;6334.208;-401.56778;-1952.1912
2024-09-06;15.845856;-0.5175273;0.00990804;751.90326;1.1225551;102.680084;0.0;-7.3453654e-25;99.99998;-7.345365e-21;0.0;-0.55636466;0.0;0.35116076;0.35116076;0.0;0.0;5404.923;6525.005;-2918.4934;6816.295;-386.4889;-1965.0723
2024-09-07;15.859599;-0.3092041;0.009693146;753.4211;1.2606481;89.51963;0.0;-7.3453654e-25;99.99998;-7.345365e-21;0.0008046627;-0.5528387;2.9802322e-05;0.3464222;0.34638494;0.0;0.0;5442.4204;6569.4824;-3031.145;6664.839;-384.03888;-1971.6888
2024-09-08;16.062784;-1.1562704;0.009899139;754.201;1.320991;132.8535;0.0;-7.3453654e-25;99.99998;-7.345365e-21;0.0022820095;-0.53512865;8.940697e-05;0.34180284;0.34172833;0.0;0.0;5418.8354;6540.2266;-2898.7444;6769.541;-371.73666;-2026.3478
2024-09-09;16.553202;1.1376547;0.009844462;755.3449;1.1884462;137.9055;0.0;-7.3453654e-25;99.99998;-7.345365e-21;0.01718402;-0.5241651;0.00062584877;0.33783913;0.33719838;0.0;0.0;4968.241;5995.733;-2627.1309;7158.3823;-364.12;-1833.8911
2024-09-10;17.581299;0.6594747;0.01001358;753.93964;1.3018484;93.496735;0.0;-7.3453654e-25;99.99998;-7.345365e-21;0.031471252;-0.5209986;0.0010728836;0.33384562;0.33277273;0.0;0.0;4766.6;5751.6367;-2645.4238;7149.8867;-361.92;-1617.2023
2024-09-11;17.246643;-1.130483;0.010012309;753.45917;1.3811316;157.45813;0.0;-7.3453654e-25;99.99998;-7.345365e-21;0.0008523463;-0.5170945;4.4703484e-05;0.3284812;0.3284514;0.0;0.0;4987.0557;6016.947;-2788.1626;6957.9233;-359.2089;-1763.0577
2024-09-12;16.86789;-1.7571207;0.009979248;753.03253;1.2094296;143.52182;0.0;-7.3453654e-25;99.99998;-7.345365e-21;0.0008702277;-0.54602325;2.9802322e-05;0.32421947;0.32418966;0.0;0.0;5368.561;6476.438;-3063.315;6684.9546;-379.30444;-1800.1622
2024-09-13;16.815216;-1.8476461;0.01009496;750.62256;1.0407618;87.61857;0.0;-7.3453654e-25;99.99998;-7.345365e-21;0.05710125;-0.5406812;0.0026524067;0.32266974;0.32000244;0.0;0.0;5008.4556;6041.2793;-2914.5576;6833.9883;-375.59332;-1599.9867
2024-09-14;15.789388;-0.87593585;0.009759267;749.49286;1.1050762;95.489105;0.0;-7.3453654e-25;99.99998;-7.345365e-21;0.00079274166;-0.51969105;2.9802322e-05;0.31594932;0.31591207;0.0;0.0;4895.6377;5904.489;-2790.0505;6861.6235;-361.0111;-1686.6575
2024-09-15;15.550008;-0.8523763;0.009733836;749.15216;1.2386734;123.22214;0.0;-7.3453654e-25;99.99998;-7.345365e-21;0.0029850672;-0.4764907;0.00013411045;0.31208992;0.31193346;0.0;0.0;4721.6787;5693.967;-2633.823;6933.4487;-331.00223;-1719.1677
2024-09-16;14.143413;0.5544942;0.009613037;749.9377;1.4302478;165.64958;0.0;-7.3453654e-25;99.99998;-7.345365e-21;0.00042617318;-0.45622513;1.4901161e-05;0.3080666;0.30804425;0.0;0.0;5089.641;6132.3784;-2782.9072;6633.323;-316.92444;-2019.0
2024-09-17;13.273285;2.6374714;0.010246277;751.7436;1.1577522;157.83824;0.0;-7.3453654e-25;99.99998;-7.345365e-21;0.5873889;-0.5042218;0.029951334;0.33421814;0.3042668;0.0;0.0;4883.556;5878.9653;-2668.7;6572.5454;-350.26666;-1963.2533
2024-09-18;12.606232;1.1012064;0.009901683;751.8257;0.97656804;95.10666;0.0;-7.3453654e-25;99.99998;-7.345365e-21;0.45558214;-0.6856713;0.021278858;0.32187998;0.30060112;0.0;0.0;4538.9136;5459.2554;-2362.9006;6887.9644;-476.31332;-1650.4078
2024-09-19;10.348155;4.1226296;0.01003011;750.90656;0.9896689;85.592445;0.0;-7.3453654e-25;99.99998;-7.345365e-21;10.255069;-0.87783206;0.6452352;0.94231963;0.2970919;0.0;0.0;3682.0205;4424.6255;-1938.1178;6994.218;-609.8011;-1421.5377
2024-09-20;8.296753;5.058848;0.010166168;751.01556;0.97035927;188.37592;0.0;-7.3453654e-25;99.99998;-7.345365e-21;7.590875;-1.764916;0.48588216;0.77970326;0.2938211;0.0;0.0;3353.7434;4026.7566;-1586.169;6935.5044;-1226.0289;-1001.6117
2024-09-21;9.005544;4.2009377;0.010125478;752.0251;0.9502768;136.47514;0.0;-7.3453654e-25;99.99998;-7.345365e-21;3.208214;-2.0201151;0.20974874;0.5003512;0.2906099;0.0;0.0;4029.3838;4833.8906;-1690.8528;6949.6465;-1403.3066;-1090.7289
2024-09-22;9.324524;5.4939575;0.010079701;751.95404;0.9259033;105.371155;0.0;-7.3453654e-25;99.99998;-7.345365e-21;4.862952;-1.6302466;0.3360957;0.6236136;0.287503;0.0;0.0;2618.3486;3138.451;-1247.2803;7228.4766;-1132.4778;-536.81335
2024-09-23;10.237529;4.2362876;0.0100695295;752.0791;1.380198;226.60872;0.0;-7.3453654e-25;99.99998;-7.345365e-21;0.55341536;-1.8023084;0.03205985;0.31650066;0.28444827;0.0;0.0;3727.9673;4464.5713;-1862.8828;6685.7065;-1252.0033;-863.85333
2024-09-24;10.085246;2.6985066;0.01003774;753.29156;1.0980885;176.80293;0.0;-7.3453654e-25;99.99998;-7.345365e-21;0.0060670907;-2.0002816;0.00032782555;0.28167665;0.28134137;0.0;0.0;4532.426;5423.1157;-2163.1567;6441.737;-1389.5289;-1099.8545
2024-09-25;11.478261;1.9231364;0.009923299;753.2061;1.0941074;90.221275;0.0;-7.3453654e-25;99.99998;-7.345365e-21;0.0;-2.137849;0.0;0.27820468;0.27821958;0.0;0.0;4795.0176;5732.352;-2366.6553;6373.5874;-1485.0934;-937.0953
2024-09-26;11.7708845;2.898173;0.009881337;752.80176;1.132954;61.91382;0.0;-7.3453654e-25;99.99998;-7.345365e-21;0.0;-2.0160322;0.0;0.27510524;0.27510524;0.0;0.0;4803.183;5736.9556;-2415.2617;6386.937;-1400.4689;-972.18304
2024-09-27;11.588542;3.7494507;0.009946187;752.4274;1.3587618;50.405563;0.0;-7.3453654e-25;99.99998;-7.345365e-21;0.53994846;-1.830358;0.028461218;0.30055642;0.2720654;0.0;0.0;4475.4004;5340.9487;-2168.5667;6673.3223;-1271.4889;-1039.7611
2024-09-28;9.741048;2.201233;0.010101318;752.97833;2.0420132;36.74301;0.0;-7.3453654e-25;99.99998;-7.345365e-21;0.0;-1.5949821;0.0;0.26911497;0.26911497;0.0;0.0;4696.9556;5600.449;-2516.6555;6059.161;-1107.9806;-1281.6411
2024-09-29;8.44572;-1.5004082;0.0100034075;752.19464;1.839356;36.27707;0.0;-7.3453654e-25;99.99998;-7.345365e-21;0.0004351138;-1.4126357;2.9802322e-05;0.26622415;0.26620924;0.0;0.0;4791.042;5707.817;-2648.0723;5775.051;-981.3111;-1387.2345
2024-09-30;9.820445;-2.841283;0.009929657;749.979;1.0157272;166.09698;0.0;-7.3453654e-25;99.99998;-7.345365e-21;0.07589087;-1.3084598;0.003784895;0.26713312;0.26334077;0.0;0.0;4298.825;5117.0083;-2214.5278;6385.912;-908.94336;-1197.36
2024-10-01;10.5364685;-1.2846884;0.010285695;748.20465;1.3508263;234.18022;0.0;-7.3453654e-25;99.99998;-7.345365e-21;0.03309548;-1.0746102;0.0017732382;0.26232004;0.2605617;0.0;0.0;4053.704;4821.187;-2136.2283;6451.6133;-746.49664;-1125.8434
2024-10-02;8.294342;1.7179565;0.00987498;748.52203;1.5611116;209.29274;0.0;-7.3453654e-25;99.99998;-7.345365e-21;0.9728551;-0.9188;0.0487566;0.3066659;0.2579093;0.0;0.0;3350.9272;3981.861;-1839.1161;6535.662;-638.2589;-1203.0311
2024-10-03;8.606425;-0.57140094;0.009770711;752.4869;1.0292157;148.1622;0.0;-7.3453654e-25;99.99998;-7.345365e-21;0.0021579545;-1.0292437;0.00011920929;0.2553761;0.2552569;0.0;0.0;4436.8154;5267.574;-2442.1077;6028.9766;-714.98114;-1348.5222
2024-10-04;9.47639;-1.3688558;0.009974162;752.7043;1.1227336;98.77866;0.0;-7.3453654e-25;99.99998;-7.345365e-21;0.0004351138;-1.041459;2.9802322e-05;0.2526343;0.25260448;0.0;0.0;4560.8276;5410.193;-2573.555;6020.666;-723.4678;-1225.5588
2024-10-05;9.789113;-1.4108988;0.0102335615;753.15625;1.138317;45.32376;0.0;-7.3453654e-25;99.99998;-7.345365e-21;0.00043575966;-0.97073054;2.9802322e-05;0.24998188;0.24995953;0.0;0.0;4533.1445;5372.751;-2642.8762;6015.878;-674.3345;-1204.1422
2024-10-06;11.335175;-4.0256653;0.009941101;754.72485;1.1058371;64.45179;0.0;-7.3453654e-25;99.99998;-7.345365e-21;0.0008583069;-0.9156326;4.4703484e-05;0.24738908;0.24735183;0.0;0.0;4611.365;5460.7725;-2786.347;5949.279;-636.0589;-1073.037
2024-10-07;11.584828;-6.887563;0.009788513;756.04346;1.0869079;120.83474;0.0;-7.3453654e-25;99.99998;-7.345365e-21;0.0;-0.80848485;0.0;0.24479628;0.24478137;0.0;0.0;4558.5796;5393.6357;-2856.1458;5873.8525;-561.6278;-1120.4022
2024-10-08;10.772908;-3.2585247;0.00978597;756.8254;1.1204469;119.465996;0.0;-7.3453654e-25;99.99998;-7.345365e-21;0.35836697;-0.68910235;0.017791986;0.26005507;0.24226308;0.0;0.0;4201.649;4967.0693;-2431.613;6380.6772;-478.69666;-1176.34
2024-10-09;11.081401;-2.3338726;0.009723663;755.45526;1.2017677;198.9245;0.0;-7.3453654e-25;99.99998;-7.345365e-21;0.0;-0.76305306;0.0;0.23978949;0.23979694;0.0;0.0;4385.2354;5179.6577;-2651.2495;6101.0767;-530.06775;-1240.9089
2024-10-10;11.504761;-3.846873;0.010055542;753.62164;1.2119482;172.73962;0.0;-7.3453654e-25;99.99998;-7.345365e-21;0.00086264475;-0.6329231;4.4703484e-05;0.2374202;0.2373755;0.0;0.0;4380.9087;5170.1313;-2664.3484;6065.1934;-439.6711;-1225.169
2024-10-11;11.142456;-4.457499;0.010066986;753.23175;1.2242421;192.88725;0.0;-7.3453654e-25;99.99998;-7.345365e-21;0.047042966;-0.4722122;0.0023543835;0.2373755;0.23502111;0.0;0.0;3506.4438;4134.539;-2000.145;6689.211;-328.02945;-1130.3844
2024-10-12;10.6935835;-2.8456318;0.010149638;753.56354;1.2818023;219.74364;0.0;-7.3453654e-25;99.99998;-7.345365e-21;0.09012222;-0.46692696;0.0044107437;0.23715198;0.23273379;0.0;0.0;3696.9934;4355.592;-2247.8462;6367.7456;-324.3589;-1264.2744
2024-10-13;10.223907;-1.5158182;0.010279338;753.13745;1.2612461;203.34395;0.0;-7.3453654e-25;99.99998;-7.345365e-21;0.0016643989;-0.46001935;7.4505806e-05;0.23056567;0.23047626;0.0;0.0;3607.7822;4246.7705;-2186.8105;6407.899;-319.5589;-1141.89
2024-10-14;10.242961;-1.4110514;0.010122935;752.5297;1.1758516;195.70854;0.0;-7.3453654e-25;99.99998;-7.345365e-21;0.19100904;-0.47232956;0.009462237;0.23771822;0.22825599;0.0;0.0;3826.5234;4500.519;-2230.7866;6359.449;-328.1111;-1298.0712
2024-10-15;10.352692;-0.7373759;0.010214488;753.99554;1.1722399;252.9444;0.0;-7.3453654e-25;99.99998;-7.345365e-21;0.04157424;-0.474561;0.002026558;0.22810698;0.22607297;0.0;0.0;3821.97;4491.2065;-2214.8655;6386.366;-329.66223;-1308.9523
2024-10-16;9.605235;-0.49674478;0.010220845;754.1206;1.0632955;243.83653;0.0;-7.3453654e-25;99.99998;-7.345365e-21;0.20652722;-0.4605893;0.010043383;0.23396313;0.2239272;0.0;0.0;3768.61;4427.24;-2252.7905;6274.3413;-319.95557;-1256.9789
2024-10-17;7.734894;3.1542625;0.009895325;750.2761;1.3432922;224.55414;0.0;-7.3453654e-25;99.99998;-7.345365e-21;7.9441247;-0.9538392;0.48160553;0.7035285;0.22190064;0.0;0.0;2630.871;3089.828;-1246.7328;7036.1313;-662.6;-822.79443
2024-10-18;6.6780396;1.812561;0.009869893;747.1661;1.6433514;198.37328;0.0;-7.3453654e-25;99.99998;-7.345365e-21;0.8424252;-1.2857653;0.0487566;0.26871264;0.21994859;0.0;0.0;3192.0977;3747.7588;-1648.3022;6596.6953;-893.1778;-962.3
2024-10-19;3.0916138;-6.0696006;0.009920756;749.085;1.5523348;204.21704;0.0;-7.3453654e-25;99.99998;-7.345365e-21;0.009824643;-1.1213105;0.0005066395;0.21848083;0.21798164;0.0;0.0;4094.5967;4805.6543;-2683.2273;5063.0376;-778.93665;-1332.9033
2024-10-20;1.4392599;-10.379323;0.009760539;750.13916;0.8310492;162.70404;0.0;-7.3453654e-25;99.99998;-7.345365e-21;0.0017166131;-0.9177476;8.940697e-05;0.21609664;0.21601468;0.0;0.0;4098.6367;4808.819;-2686.764;4820.8203;-637.5289;-1176.9634
2024-10-21;-0.25855508;-10.62502;-5.4406724;748.6033;0.81628513;127.59708;0.073404945;1.1841456e-05;121.915016;-7.345365e-21;0.44574738;-0.75528395;0.020608306;0.23470819;0.21409988;0.0;0.03482029;3589.6072;4210.23;-2279.4673;5143.254;-524.6689;-1012.1289
2024-10-22;-1.4765726;-8.178172;-5.3507843;748.8301;1.5096941;39.951435;5.0029297;0.00082238513;143.25487;5.3710938;3.633368;-0.5988889;0.018537045;0.23081899;0.21227449;0.0018812716;3.2330194;2447.2827;2882.4167;-1272.5239;6064.3667;-416.24222;-932.1178
2024-10-23;-1.6260885;-7.348175;-6.6005745;751.64923;2.009465;28.723724;28.876383;0.004149238;142.93227;29.052734;1.1811197;-0.5495474;0.01809001;0.22858381;0.21048635;0.25623292;1.1613518;2458.5684;3638.9412;-1551.6378;5572.675;-392.74335;-937.36
2024-10-24;-1.511322;-9.381226;-9.306496;751.888;1.5560468;24.019165;26.611734;0.003993511;150.76723;26.692709;0.0049114227;-0.5275942;0.023752451;0.23245811;0.20870566;0.3485251;0.0017918646;3102.409;4418.094;-2059.8745;4956.758;-373.35556;-891.9178
2024-10-25;1.3346252;-10.2327;-8.699203;753.03955;1.0007645;177.1296;22.180258;0.003313144;151.00063;21.850586;0.0017189477;-0.5908031;0.05672872;0.26364625;0.20693243;0.82330036;0.0;3299.1921;4519.4043;-2150.4382;5074.191;-412.7011;-664.28
2024-10-26;1.9663391;-7.945109;-7.4636025;752.2244;1.0251763;171.54729;16.5542;0.0024673145;151.19334;16.682943;0.0;-0.6542141;0.05708635;0.26226044;0.20517409;0.8241925;0.0;3428.7178;4485.0244;-2113.4434;5271.4795;-456.2911;-726.01
2024-10-27;1.2333578;-6.897218;-7.9890304;754.3947;0.9460785;47.74786;11.347493;0.0016862551;151.33885;11.149089;0.0;-0.69146603;0.0513345;0.25478005;0.20343065;0.736881;0.0;3458.514;4352.988;-2240.3828;5179.059;-480.87054;-781.6389
2024-10-28;2.646637;-7.2268386;-8.329624;752.1672;0.9591344;70.60647;7.2424316;0.0010745525;151.42836;6.9986978;0.0;-0.750375;0.036880374;0.23858249;0.20171702;0.52692556;0.0;3627.1055;4435.691;-2407.8955;5085.9365;-521.6017;-631.92
2024-10-29;3.0864155;-8.267615;-7.8986015;751.07086;0.98829246;78.311806;4.3911133;0.00065032643;151.48695;4.0690103;0.0;-0.7659551;0.024944544;0.22491813;0.20001084;0.35596266;0.0;3634.6062;4362.2153;-2338.2383;5212.872;-532.3489;-642.3089
2024-10-30;2.9505615;-7.8280435;-7.4687247;750.7776;0.93493456;76.36239;2.5525715;0.00037745634;151.51984;2.3600261;0.0;-0.73325264;0.015318394;0.21365285;0.198327;0.21945313;0.0;3470.0056;4116.5654;-2223.2578;5354.581;-509.53555;-660.9911
2024-10-31;2.5806072;-8.029572;-7.7273164;751.60034;0.9419641;95.77889;1.447998;0.00021370251;151.53773;1.3427734;0.0;-0.71499497;0.008881092;0.20554662;0.19668043;0.12755767;0.0;3578.091;4216.25;-2332.095;5228.208;-496.78223;-747.8467
2024-11-01;3.74528;-7.555857;-6.6727653;754.19574;0.8450883;127.93929;0.802653;0.00011817614;151.55238;0.9765625;0.0018656254;-0.67254716;0.0054091215;0.20045042;0.1950562;0.07645786;0.0;3384.6672;3972.8733;-2071.328;5578.239;-467.25223;-639.56445
2024-11-02;4.4420776;-1.9830017;-3.676852;754.5424;0.9082756;172.50069;0.4073893;5.976359e-05;151.56248;0.28483072;0.051763654;-0.5918741;0.0055730343;0.19903481;0.19346178;0.046741217;0.0;2907.5562;3404.7056;-1581.0695;6265.753;-411.1678;-747.9633
2024-11-03;3.436147;1.9813232;-0.29379144;749.8818;0.8379564;181.37756;0.21020508;3.0994415e-05;151.56476;-7.345365e-21;6.3559265;-0.66493917;0.39330125;0.5852431;0.19194931;0.020535663;0.0;1477.2017;1727.6045;-523.2844;7291.62;-461.90112;-466.45557
2024-11-04;1.9693807;1.1463114;-0.644928;748.3475;0.9528363;200.37439;0.134847;2.0424524e-05;153.43944;-7.345365e-21;3.715068;-0.97406656;0.22031367;0.410825;0.1905039;0.0114403665;0.011228025;1784.8323;2085.6155;-644.13947;7101.282;-676.64667;-673.3289
2024-11-05;0.9005127;-1.4650472;-1.2515894;749.7898;1.3187574;210.01678;0.26000977;3.9219856e-05;148.6598;-7.345365e-21;1.1715919;-0.9639412;0.063061714;0.25212765;0.18906593;0.021409243;0.03875047;2314.3027;2705.5322;-998.58;6652.7935;-669.70447;-873.3778
2024-11-06;1.269928;-3.4572132;-6.293142;754.21124;0.9204226;93.630806;0.25390625;3.7113827e-05;147.26398;-7.345365e-21;0.013733469;-1.008505;0.0019967556;0.18958747;0.18759817;0.024922192;0.011593103;3358.3145;3923.7256;-2236.7795;5325.33;-700.61;-847.1678
2024-11-07;1.074173;-7.677111;-9.020148;755.6345;1.0568533;50.29246;0.13932292;2.026558e-05;150.43748;-7.345365e-21;0.00085234636;-0.8569248;0.0009834766;0.18711388;0.18612295;0.012420118;0.0;3417.2395;3989.2979;-2433.7417;4931.3423;-595.29553;-580.36664
2024-11-08;1.0732931;-9.654887;-9.387601;753.97406;1.0384022;56.055958;0.07885742;1.1722247e-05;150.43748;-7.345365e-21;0.0008523463;-0.7440681;0.00055134296;0.18522143;0.18467754;0.006556511;0.0;3421.8057;3992.328;-2433.8218;4862.0195;-516.8922;-518.7278
2024-11-09;0.5138957;-8.691261;-9.439927;753.6651;0.99848896;62.287598;0.045572918;6.596247e-06;150.43748;-7.345365e-21;0.0;-0.6381515;0.00028312206;0.1835525;0.18326193;0.0037718564;0.0;3366.5;3926.0188;-2403.5273;4868.378;-443.3089;-543.2611
2024-11-10;2.7443237;-9.320912;-8.703168;754.9287;0.8958623;74.535385;0.025878906;3.6160152e-06;150.43748;-7.345365e-21;0.09814203;-0.6276788;0.004798174;0.18666685;0.18188357;0.0022742897;0.0;3359.4612;3916.2222;-2249.4395;5094.0806;-436.0311;-432.80444
2024-11-11;2.3567708;0.016448975;-1.2773107;753.012;0.5266165;114.313805;0.016520182;2.304713e-06;150.43748;-7.345365e-21;10.214055;-0.45193452;0.7340461;0.9145886;0.18054992;0.0011641532;0.0;1062.6372;1238.4366;-362.83554;7181.604;-313.94278;-153.65445
2024-11-12;2.3187358;-0.4295044;-1.9490114;752.02637;0.9334111;82.8543;0.010253906;1.3907751e-06;150.47426;-7.345365e-21;1.1131167;-0.94763094;0.06531179;0.24455786;0.17924607;0.0010840595;0.00016018748;2298.4678;2677.3445;-1039.3928;6648.811;-658.28723;-517.57
2024-11-13;1.0682474;-2.9921062;-6.0502563;752.65424;1.16189;44.309418;0.008707683;1.1920929e-06;150.82843;-7.345365e-21;0.045004487;-0.81172025;0.0026673079;0.18060207;0.17793477;0.00075623393;0.00075250864;2421.4294;2819.7166;-1699.0706;5741.073;-563.87665;-510.24667
2024-11-14;1.3859457;-5.932058;-7.9471793;750.99054;0.8297963;104.108696;0.0065104165;9.536743e-07;150.90753;-7.345365e-21;0.00042617318;-0.8343589;7.4505806e-05;0.17669797;0.17662346;0.00048056245;7.4505806e-06;3187.3022;3710.6833;-2218.1533;5145.8643;-579.60223;-496.49445
2024-11-15;1.5091146;-3.0590515;-7.5604362;750.4634;0.7984609;197.49843;0.0032552083;3.1789145e-07;150.90623;-7.345365e-21;0.0004351138;-0.5688164;2.9802322e-05;0.17538667;0.17533451;0.0002719462;0.0;2705.2573;3148.5078;-1902.4384;5446.642;-395.1378;-443.52335
2024-11-16;0.44333902;-2.6798503;-4.8425508;749.61127;1.0045013;234.2924;0.014404297;1.8278757e-06;128.91241;-7.345365e-21;0.25640726;-0.5957186;0.014826655;0.18888712;0.17406791;0.0013764948;0.004131347;2268.8762;2640.7756;-1156.7167;6256.649;-413.83112;-561.05334
2024-11-17;1.0366516;-1.7664896;-3.483382;749.7522;0.7037727;190.91237;0.033528645;4.529953e-06;133.7005;-7.345365e-21;0.3182441;-0.6148005;0.018507242;0.19133091;0.17282367;0.0032428652;0.0038556755;2089.875;2432.4543;-1058.6183;6471.4067;-427.08667;-532.60333
2024-11-18;-0.46903482;-2.5129292;-2.675822;748.3235;0.8551244;146.39526;3.0901692;0.0005173683;130.22523;3.5807292;8.531737;-0.8299425;0.35896897;0.53057075;0.17160922;0.010874122;3.2801888;2119.419;2468.07;-950.50946;6473.318;-576.54443;-608.19775
2024-11-19;-0.5081889;-1.3303223;-1.3172709;748.89374;0.73948187;190.59328;29.58903;0.0039311647;134.71027;29.785156;3.8974552;-0.72293824;0.2772361;0.44766068;0.17043203;1.4377664;1.3757348;1688.6372;2347.8667;-665.43225;6693.6636;-504.80777;-491.94446
2024-11-20;-0.88868207;-1.939921;-1.6241316;750.679;0.57287127;239.08693;24.533203;0.0036732752;150.37596;24.332682;2.7872176;-0.7138438;0.23505092;0.4043281;0.16927719;1.1447929;0.8070469;1645.6367;2182.949;-692.05225;6671.0522;-497.6611;-519.00336
2024-11-21;-0.8472493;-3.5617778;-4.5454736;751.5711;0.8236606;273.0951;20.476645;0.0030583143;151.20668;19.978842;0.059935976;-0.6864816;0.08127093;0.24938583;0.1681149;0.8806623;0.02347678;2147.6594;2803.9543;-1290.0555;5955.3594;-480.59445;-542.9078
2024-11-22;0.70407104;-3.342865;-6.113463;754.0601;0.7892421;118.53305;14.54655;0.0021584034;151.0309;14.607747;0.0036001205;-0.67314875;0.08389354;0.25084615;0.16694516;0.927385;0.0023022294;2605.4583;3280.5178;-1831.5211;5484.7866;-467.99445;-448.70557
2024-11-23;1.523468;-4.0939536;-8.484818;752.6015;0.8662947;178.8206;9.548828;0.0014176369;151.14809;9.765625;0.00086426723;-0.6393082;0.056117773;0.22190809;0.16579777;0.61777234;0.0;2750.744;3363.4866;-2040.9061;5183.569;-444.37222;-289.46112
2024-11-24;0.20707195;-1.6927185;-4.0828757;746.98267;1.0463082;220.26341;9.189534;0.0015296936;148.58136;9.969075;7.9093575;-0.4307497;0.28276443;0.44742227;0.16466528;0.34367293;4.5778008;1922.7672;2311.6423;-1016.1872;6284.731;-299.75223;-325.32443
2024-11-25;-1.7856241;-1.9642372;-0.3826599;744.0898;0.83641785;139.36046;91.6001;0.024050394;143.44952;162.19075;30.48491;-0.100826845;0.4544556;0.61805546;0.1635924;0.83476305;26.273895;163.54222;598.55;-137.24777;7037.108;-77.61222;-110.935555
2024-11-26;-6.3690248;-7.6257567;-4.5448647;743.8276;1.1369876;145.99986;100.0;0.036001842;149.12042;240.1123;12.636438;-0.17583184;0.0034049153;0.16592443;0.16252697;0.031411648;12.480967;595.62054;2194.88;-528.9661;6177.5254;-135.63667;-192.15222
2024-11-27;-9.433545;-11.11584;-8.89898;744.73096;0.95082784;209.72069;100.0;0.045755148;149.88377;305.33853;1.0267198;-0.10042917;0.0;0.16146898;0.16146898;0.0;1.0214634;630.32275;2567.2266;-745.24554;5527.5044;-76.04222;-130.29
2024-11-28;-11.898571;-17.114313;-16.020838;747.1519;1.2360163;85.36245;100.0;0.04604284;152.2223;302.2461;0.0045204093;-0.042620115;0.0;0.1604259;0.16043335;0.0;0.0027995557;838.27057;3340.4211;-1197.1744;4371.949;-29.967777;-14.39
2024-11-29;-10.739301;-17.230818;-18.477652;749.0479;1.2875565;37.970276;100.0;0.04605472;153.4951;299.84537;0.0012934206;-0.021382235;0.0;0.15938282;0.15941262;0.0;0.0;881.2106;3424.1523;-1075.5444;4305.78;-13.523889;57.876667
2024-11-30;-9.640332;-13.66053;-15.101838;750.591;1.4863056;22.279032;100.0;0.046076655;154.93976;297.3226;0.0041127205;-0.016441569;0.0;0.15839934;0.15838444;0.0;0.002399087;850.75446;3225.7788;-1059.5278;4641.424;-9.52;14.946667
2024-12-01;-11.292354;-15.153514;-17.083956;749.12335;1.5735554;20.716629;100.0;0.04610737;156.3574;294.8812;0.007500452;-0.0011678785;0.0;0.15738606;0.15738606;0.0;0.004068017;880.7528;3260.6455;-1056.7078;4441.6133;1.8766667;37.38222
2024-12-02;-9.663101;-14.273847;-14.279854;747.86664;1.4055696;26.50975;100.0;0.046138525;157.83852;292.3584;0.010550022;-0.032458454;0.0;0.15641749;0.15640259;0.0;0.009767711;871.63776;3150.67;-1039.8928;4723.4487;-22.05;-2.4188888
2024-12-03;-9.610331;-16.75451;-15.163791;748.333;1.2139727;81.33828;100.0;0.046147227;159.37758;289.71353;0.0049948688;-0.050768256;0.0;0.15541911;0.15542656;0.0;0.004567206;942.50336;3318.82;-1238.1934;4433.909;-35.974445;13.007778
2024-12-04;-8.098605;-17.430613;-17.116465;749.74384;1.1895294;86.87284;100.0;0.046144247;160.72882;287.31284;0.0021398063;-0.044627115;0.0;0.15446544;0.15446544;0.0;0.0;959.9744;3296.7932;-1216.3855;4288.0166;-31.438889;71.78445
2024-12-05;-7.8890285;-16.08457;-14.832832;751.6502;1.1535398;53.314342;100.0;0.046138763;162.19203;284.9935;0.0004351138;-0.05291775;0.0;0.15351176;0.15351176;0.0;0.0;947.76556;3178.9355;-1020.7589;4717.3564;-37.713333;38.224445
2024-12-06;-6.571299;-11.133499;-12.483559;753.69293;1.185953;71.07229;100.0;0.046099465;163.98956;281.57553;0.0017166131;-0.02524443;0.0053197145;0.1578927;0.15257299;0.07032044;0.0;961.6711;3147.0222;-1163.4244;4773.2495;-16.447779;24.375555
2024-12-07;-5.2070756;-11.3324995;-11.237897;754.5938;1.1148907;33.365482;100.0;0.04603374;165.88963;277.75064;0.0009536742;-0.03964547;0.00667572;0.15830994;0.15164912;0.08740835;0.00010803342;941.0244;3003.7544;-955.13947;5127.1445;-27.471111;24.095556
2024-12-08;-1.3359375;-11.737637;-7.752098;752.82544;0.7123527;238.26738;100.0;0.045913935;168.16144;273.31543;0.25123358;-0.09182934;0.01655519;0.16729534;0.1507327;0.19190088;0.15250221;843.78;2628.1821;-830.2361;5590.6797;-67.91889;14.96
2024-12-09;-3.9887288;-8.919017;-7.5835443;752.3616;1.0657883;54.48193;100.0;0.045855563;171.20018;268.22916;0.0030355258;-0.057062134;0.023201108;0.17303228;0.14983118;0.26402622;0.0003091991;988.4633;3010.8545;-1292.4978;5095.36;-40.77667;-10.69
2024-12-10;-5.7627144;-13.352988;-12.193067;754.4238;1.3699583;18.693518;100.0;0.045644324;173.82616;263.1836;0.001001358;-0.056470744;0.012405217;0.16134232;0.1489371;0.15307777;0.00014901161;1078.5712;3156.609;-1330.6233;4620.841;-40.344444;64.905556
2024-12-11;-2.6206868;-11.782257;-9.198948;752.48346;1.0132099;156.83482;100.0;0.045370977;175.8714;259.0332;0.07125735;-0.086680055;0.033795834;0.18185377;0.14805049;0.3643185;0.0;990.16614;2835.1423;-951.95776;5360.0396;-63.942223;42.93778
2024-12-12;-3.1936443;-5.520518;-6.1475053;746.5618;1.2495569;220.27858;100.0;0.047029614;175.1598;267.98502;10.07388;-0.15478395;0.010341406;0.15753508;0.14718622;0.10976568;9.822171;767.13776;2146.6455;-465.03833;6123.8623;-119.477776;-69.132225
2024-12-13;-6.358246;-7.5610847;-6.249935;742.73956;0.79812175;240.31114;100.0;0.058466632;159.88116;365.0309;3.8681924;-0.052321702;0.0;0.1463592;0.14633685;0.0;3.850013;667.33777;2531.1545;-876.0394;5620.13;-38.496666;-90.04
2024-12-14;-14.307796;-20.579573;-15.861203;745.7575;1.6568464;82.495026;100.0;0.05971269;159.68944;373.73862;0.12410284;-0.07679127;0.0;0.14549494;0.14549494;0.0;0.12155995;843.44055;3160.389;-1582.4133;3933.061;-57.372223;-6.502222
2024-12-15;-12.143743;-24.403793;-23.408882;752.14825;1.207562;166.08237;100.0;0.059706766;160.82191;371.01236;0.0;-0.02361089;0.0;0.14466047;0.14466047;0.0;0.0;874.71277;3196.831;-1097.5422;3869.8643;-16.162222;122.37556
2024-12-16;-7.627627;-20.481615;-17.280302;750.7495;0.80847925;288.09384;100.0;0.05971865;161.985;368.3268;0.08817911;-0.049727038;0.0;0.14384091;0.14384836;0.0;0.08305162;799.425;2853.828;-689.98444;4885.3467;-36.32;55.357777
2024-12-17;-6.8354454;-11.654744;-13.284107;749.0391;0.838515;162.09796;100.0;0.059818905;163.67934;365.1937;0.038231798;-0.019172207;0.0;0.14305115;0.14303625;0.0;0.03488362;799.48944;2791.7388;-1076.9833;4783.1265;-12.448889;8.017777
2024-12-18;-8.668225;-12.797223;-15.850194;747.5095;1.035834;236.39537;100.0;0.059846282;165.49086;361.20605;0.0035697066;-0.005904585;0.0;0.14224648;0.14223903;0.0;0.00093877316;892.92334;3048.7021;-1045.3678;4579.648;-2.17;28.674444
2024-12-19;-8.497238;-15.38459;-15.061699;747.6496;1.1476935;57.462505;100.0;0.05986349;167.2298;357.66602;0.0033318996;-0.030200928;0.0;0.14144182;0.14144927;0.0;0.002451241;927.29114;3094.0767;-1157.5466;4538.6636;-20.438889;40.50111
2024-12-20;-5.873047;-12.75322;-11.830232;746.0192;0.9497878;41.57445;100.0;0.060684998;167.84406;360.55502;3.629148;-0.0332864;0.0008940697;0.14156103;0.14066696;0.010933727;3.6200695;658.58887;2148.611;-375.6378;5736.81;-24.104445;36.412224
2024-12-21;-5.0643983;-8.383409;-8.665633;747.43365;0.88124436;52.55723;100.0;0.0639385;165.99542;384.92838;0.3722608;-0.034055673;0.0003874302;0.14030933;0.1398921;0.0049471855;0.37226453;836.8883;2935.9521;-1199.4116;5062.806;-23.39889;-28.247778
2024-12-22;-6.3603454;-9.915573;-12.0132265;747.9024;0.86008483;185.47319;100.0;0.06402258;168.4557;379.67935;0.12964877;-0.0048577785;0.0;0.13913214;0.13913214;0.0;0.12349337;736.8406;2507.5667;-632.06665;5388.5015;-1.7322222;9.1877775
2024-12-23;-3.5274353;-5.6908164;-4.8057923;748.642;0.53028256;103.01248;100.0;0.06437548;171.28676;375.89517;1.3202727;-0.051605515;0.0014603138;0.1398325;0.13837218;0.016454607;1.1607335;674.4972;2254.1067;-410.29944;6374.4487;-37.657776;-66.84556
2024-12-24;-4.1756797;-6.1008706;-3.7000682;750.0044;0.89817667;146.7094;100.0;0.065968275;174.47523;378.78418;0.57532084;-0.15055574;0.010639429;0.14828146;0.13763458;0.13103336;0.5437397;705.7033;2353.9966;-929.36053;5828.4727;-114.82667;-83.17889
2024-12-25;-5.938263;-12.690598;-10.260922;751.85834;1.2122852;36.20987;100.0;0.06588626;178.13148;370.1172;0.0027567148;-0.07444061;0.007688999;0.14457107;0.13688952;0.093284994;0.0027529895;960.00165;3027.6133;-1266.0266;4837.803;-54.43889;3.4755557
2024-12-26;-4.8120217;-12.093274;-13.14693;751.7775;0.90162826;169.36366;100.0;0.06589476;180.02472;366.29233;0.62165415;-0.035952777;0.0064224005;0.14257431;0.13615936;0.07722154;0.5685352;1013.2183;3122.19;-1114.0189;4756.6226;-25.186666;49.36222
2024-12-27;-5.1812134;-6.722107;-7.103144;746.90137;0.7542941;75.59507;100.0;0.08626461;157.23761;547.2412;46.637585;-0.03426615;0.02193451;0.15738606;0.1354441;0.0;44.961647;210.98445;824.69556;78.27333;6660.9043;-26.504444;-40.913334
2024-12-28;-6.3656516;-7.4158225;-5.5770874;745.78613;1.0247105;209.7055;100.0;0.11563742;152.4798;758.58563;3.6527812;-0.066632405;0.0;0.1347363;0.13474375;0.0;3.6408417;433.49335;1859.9288;-460.26666;6129.1533;-50.577778;-93.41778
2024-12-29;-6.634926;-7.999264;-6.696673;748.8579;0.7490194;201.92747;100.0;0.11721408;159.02538;737.58954;0.3087759;-0.04853215;0.0;0.13403594;0.1340434;0.0;0.30378997;558.01556;2347.3733;-637.3661;5855.6646;-35.45;-86.19334
2024-12-30;-9.523705;-13.348065;-11.2767515;747.9624;1.0877386;38.670887;100.0;0.11725863;164.82094;711.50714;0.0047922134;-0.059985556;0.0;0.13335049;0.13335049;0.0;0.003941357;749.6911;3069.6768;-1161.5022;4757.01;-44.20222;-90.53
2024-12-31;-12.735535;-16.602633;-16.52133;748.8121;1.3522482;19.989742;100.0;0.11727532;168.38051;696.4925;0.0005662441;0.0033387914;0.0;0.13265014;0.13265759;0.0;0.0005811453;782.095;3119.699;-1127.495;4367.8525;4.89;9.664444
2025-01-01;-12.046833;-16.91008;-17.670448;751.6053;1.7643605;15.232577;100.0;0.117313266;171.03546;685.5469;0.010997057;0.003909692;0.0;0.13197958;0.13197958;0.0;0.010993332;791.99335;3077.96;-1037.2755;4425.1533;5.3861113;51.743332
2025-01-02;-10.375249;-18.716053;-19.576584;754.24976;1.6717105;11.430572;100.0;0.11734569;173.32616;676.7578;0.0;-0.003603287;0.0;0.13132393;0.13130903;0.0;0.0;865.04553;3279.0457;-1149.831;4146.8516;-0.35333332;133.45334
2025-01-03;-10.6044655;-19.692469;-20.143587;751.68915;1.2599882;121.77036;100.0;0.117366396;175.38963;669.0674;0.0008523463;-0.008839183;0.0;0.13065338;0.13064593;0.0;0.0;901.1872;3333.3367;-1206.3138;4032.6162;-4.5344443;99.113335
2025-01-04;-9.465819;-20.446493;-21.38375;749.44745;1.06087;148.89207;100.0;0.11738285;177.24022;662.3942;0.0;-0.012530014;0.0;0.12998283;0.12999773;0.0;0.0;934.39777;3374.162;-1151.6578;3993.7585;-7.5277777;107.75445
2025-01-05;-7.6952744;-16.76426;-17.72032;748.62933;0.73077923;157.75728;100.0;0.11783838;178.44496;659.66797;3.5514383;-0.022953376;0.0;0.12934208;0.12934953;0.0;3.5479925;851.14886;3000.15;-316.5;5379.1255;-15.467778;33.056667
2025-01-06;-5.9959526;-8.631135;-11.496398;749.40216;0.8852455;82.846016;100.0;0.121798836;175.4746;694.4987;0.3430676;0.00075623393;0.0;0.12870133;0.12870133;0.0;0.34221262;835.2744;3116.2688;-1045.2145;5010.3594;3.4355555;-13.661111
2025-01-07;-9.254392;-13.185742;-14.047198;753.0645;1.5430659;16.0209;100.0;0.12185749;179.04718;680.7454;0.005756812;0.004630536;0.0;0.12807548;0.12806058;0.0;0.0027492642;872.8472;3178.5457;-1114.137;4654.4883;6.442222;25.368889
2025-01-08;-10.095173;-15.358935;-15.967644;753.0102;1.5836805;12.347041;100.0;0.12189547;181.94594;669.7998;0.00091195095;0.0019818544;0.0;0.12743473;0.12743473;0.0;5.2154064e-05;942.62445;3352.3179;-1192.1788;4407.8853;4.3855557;60.855556
2025-01-09;-8.328988;-15.673585;-16.439802;751.77545;1.6506494;15.303693;100.0;0.12192754;184.49477;661.0921;0.0;-0.004975125;0.0;0.12680888;0.12680888;0.0;0.0;982.1433;3413.629;-1192.5028;4398.316;-0.87222224;108.09111
2025-01-10;-6.404827;-15.594789;-16.130014;751.4028;1.1800768;84.030266;100.0;0.12195436;186.96385;652.70996;0.0021506895;-0.018633902;0.0;0.12618303;0.12619048;0.0;0.0;1004.60614;3413.7744;-1133.3517;4501.5415;-11.415556;82.77111
2025-01-11;-5.525698;-9.715809;-13.125282;748.30194;0.7744929;98.91266;100.0;0.12368194;187.56671;658.61005;6.0532866;0.004744157;0.0;0.12558699;0.12558699;0.0;5.875401;811.02277;2697.5112;-334.14667;5765.372;5.76;15.921111
2025-01-12;-5.5715537;-7.284312;-8.354894;749.00024;0.83959657;81.57664;100.0;0.12827091;185.94789;690.02277;0.11378527;-0.021010637;0.0;0.12499094;0.12498349;0.0;0.1090467;793.07446;2917.49;-893.62555;5466.6445;-13.334444;-58.307777
2025-01-13;-7.0747566;-12.412594;-10.667785;752.09766;1.1938814;47.026337;100.0;0.1282934;190.3076;674.6826;0.0043332577;-0.049473718;0.0;0.12437999;0.12437999;0.0;0.0026226044;924.8911;3315.6567;-1131.1455;4922.379;-34.996666;-36.333332
2025-01-14;-4.56663;-10.776153;-11.920199;752.2986;0.99912095;124.90974;100.0;0.12831092;193.8037;662.23145;0.0012755393;-0.013267621;0.0;0.123769045;0.123783946;0.0;0.0;966.8017;3385.979;-1051.6045;4960.8013;-6.8577776;31.552221
2025-01-15;-4.699392;-8.466298;-11.631658;750.9951;0.8089216;192.37794;100.0;0.12834287;197.12889;651.6927;0.0023007393;-0.0015441328;0.0;0.1232028;0.12319535;0.0;0.0010244548;996.135;3411.1245;-1103.0059;4921.238;1.9822222;-4.252222
2025-01-16;-6.7957053;-9.672058;-10.1952715;749.571;0.8907086;180.64803;100.0;0.12839659;200.47264;640.7471;0.050097704;-0.03229454;0.0;0.122621655;0.122614205;0.0;0.044249;844.7528;2831.0188;-835.37836;5386.6904;-22.188889;-49.49222
2025-01-17;-9.151151;-14.319412;-11.900323;748.4129;1.1742268;45.974712;100.0;0.12841268;203.68163;630.7373;0.004017353;-0.051245093;0.0;0.12204051;0.12204051;0.0;0.0031478703;1028.1011;3373.2466;-1204.3694;4755.3887;-36.49222;-58.572224
2025-01-18;-9.730605;-14.480655;-13.260152;744.4934;1.0879468;72.09107;100.0;0.12847786;206.20116;623.3724;0.2750337;-0.040622428;0.0;0.121459365;0.121466815;0.0;0.27089193;1075.6539;3455.5767;-1014.02167;4895.3535;-28.342222;-49.395557
2025-01-19;-9.358233;-12.702666;-12.432666;742.4138;1.1736943;153.75095;100.0;0.12906511;207.55858;621.1751;2.593547;-0.04102569;0.0;0.12090802;0.12090802;0.0;2.58898;1114.4756;3533.369;-875.8811;5123.96;-28.807777;-62.854443
2025-01-20;-9.627686;-12.322751;-10.548771;743.9814;0.7644505;105.61794;100.0;0.13450487;198.27245;677.4089;3.8173647;-0.023416243;0.0;0.12034178;0.12034923;0.0;3.8127303;527.6211;1887.0989;-921.23553;5146.8867;-17.066668;-31.414444
2025-01-21;-10.260315;-19.340233;-16.298555;750.4417;1.2790805;33.85587;100.0;0.13548978;198.99672;681.071;0.0017136326;-0.037403777;0.0;0.119805336;0.119797885;0.0;0.0;1086.5972;3852.3132;-1525.3027;3940.5442;-25.484444;49.226665
2025-01-22;-8.547023;-19.267328;-17.827148;752.09625;1.2314115;24.501398;100.0;0.13549967;201.08168;673.9502;0.0021398063;-0.032115728;0.0;0.11925399;0.11924654;0.0;0.0;1121.685;3886.4211;-1214.5845;4254.044;-21.612223;77.3
2025-01-23;-6.9248147;-15.048999;-13.762622;750.19574;0.76498145;182.42934;100.0;0.13562846;203.15395;667.6839;0.42042136;-0.055822544;0.0;0.11870265;0.1187101;0.0;0.41131303;920.73224;3119.3723;-650.2439;5348.9287;-40.30111;-23.877777
2025-01-24;-8.603584;-11.439396;-13.07867;748.5157;0.862832;106.54751;100.0;0.13592915;205.4059;661.86523;0.020747073;-0.016332604;0.0;0.11816621;0.11817366;0.0;0.018514693;1072.3066;3586.77;-1149.6777;4727.2744;-9.601111;-57.752224
2025-01-25;-9.2520895;-12.414208;-12.780219;748.6989;0.9524472;62.5911;100.0;0.13598208;208.0716;653.56445;0.018894672;-0.026520342;0.0;0.11762977;0.11763722;0.0;0.018037856;1116.1089;3658.409;-1201.0839;4713.91;-17.33;-70.57
2025-01-26;-11.107304;-15.919105;-14.423341;749.2488;1.1190559;44.552593;100.0;0.13599586;210.56769;645.6299;0.0029712915;-0.029915012;0.0;0.117108226;0.117108226;0.0;0.0016763806;1182.2389;3794.7766;-1302.7639;4438.5576;-20.019444;-58.656666
2025-01-27;-9.538524;-13.472846;-14.051327;748.8884;1.4715447;26.39212;100.0;0.1360234;212.82225;639.2415;0.026065111;-0.029964373;0.0;0.116586685;0.116586685;0.0;0.023931265;1176.2983;3704.2644;-1119.0762;4741.9634;-20.002222;-19.416666
2025-01-28;-8.953557;-13.710487;-13.197225;750.12067;1.3253715;20.963064;100.0;0.13604319;215.20409;632.56836;0.005799531;-0.041773543;0.0;0.116065145;0.116065145;0.0;0.0040754676;1233.0405;3800.7588;-1287.4478;4598.8955;-29.014444;-46.19
2025-01-29;-7.9003873;-16.593138;-14.398705;751.9598;1.3057674;23.841316;100.0;0.1360488;217.47948;625.8138;0.0008644284;-0.046499074;0.0;0.115558505;0.115558505;0.0;0.0;1363.7006;4120.2944;-1621.4822;4108.8633;-32.036667;43.913334
2025-01-30;-7.9407144;-19.057486;-15.88967;753.37384;1.3993269;19.512468;100.0;0.13604979;219.45082;620.0765;0.0004351138;-0.05379878;0.0;0.115036964;0.115029514;0.0;0.0;1420.9417;4210.13;-1636.4589;3973.4856;-37.795555;79.503334
2025-01-31;-5.946696;-19.912165;-15.18871;750.73846;1.1880572;46.061172;100.0;0.13603918;221.31346;614.82745;0.0008523463;-0.05796738;0.0;0.114530325;0.114522874;0.0;0.0;1396.9011;4060.1233;-1462.1738;4280.143;-42.092224;67.46222
2025-02-01;-7.157697;-18.90307;-14.556951;749.37305;1.1800197;29.138842;100.0;0.1360215;223.25616;609.2122;0.0008583069;-0.024486333;0.0;0.11405349;0.11403859;0.0;0.0;1450.5889;4136.8887;-1545.885;4229.939;-18.694445;11.01
2025-02-02;-6.7545166;-16.110107;-13.990962;749.5513;1.0636731;91.85958;100.0;0.13600989;225.23045;603.8005;0.0025725577;-0.01610443;0.0;0.11357665;0.11354685;0.0;0.0;1514.63;4240.6055;-1572.4272;4264.795;-12.146667;-4.3733335
2025-02-03;-7.1177773;-13.653191;-13.4248085;747.4311;1.0114683;115.88938;100.0;0.13600282;227.2503;598.3073;0.0008523463;-0.0144690275;0.0;0.11308491;0.11308491;0.0;0.0;1542.045;4239.95;-1587.3978;4298.74;-10.971111;-25.588888
2025-02-04;-7.0995293;-12.245499;-13.0131;746.1766;0.9013775;165.72807;100.0;0.13597937;229.2936;592.77344;0.0;-0.0454979;0.0;0.112608075;0.112608075;0.0;0.0;1573.6844;4250.148;-1570.7844;4348.068;-35.44889;-48.205555
2025-02-05;-6.6252646;-9.856575;-10.581223;741.7939;0.93203425;61.14853;100.0;0.13796477;227.78969;604.24805;9.606796;-0.068048015;0.0;0.11214614;0.11213869;0.0;9.451925;1223.4155;3260.9067;-612.75775;5724.053;-53.512222;-82.94444
2025-02-06;-6.003855;-8.1654005;-6.415072;736.2044;1.1348671;51.871334;100.0;0.15859382;199.21547;793.86395;15.251199;-0.057571568;0.0;0.1116842;0.11167675;0.0;15.226536;510.3811;2112.7356;-411.32138;6196.17;-45.037777;-83.98778
2025-02-07;-8.128364;-12.2237215;-8.576634;743.32916;1.3986031;42.496685;100.0;0.16313581;199.58754;817.66766;0.2747655;-0.115073286;0.0;0.111207366;0.111207366;0.0;0.27126446;944.07166;3900.854;-1243.0311;4936.7573;-86.83667;-121.33
2025-02-08;-10.712937;-14.745454;-12.385121;743.438;1.7122349;27.688568;100.0;0.16334148;203.4173;803.18195;0.36233664;-0.085603446;0.0;0.11073053;0.11073798;0.0;0.35537034;902.7572;3636.4443;-1057.4597;4832.207;-64.763336;-67.01667
2025-02-09;-12.274139;-17.384598;-15.453191;744.0166;1.1409813;44.349487;100.0;0.16350956;206.27895;792.92804;0.007390976;-0.026321039;0.0;0.11026859;0.110283494;0.0;0.0073090196;1148.8195;4510.9746;-1487.1962;4044.2473;-17.837778;-94.295555
2025-02-10;-14.047338;-20.37977;-18.197212;745.18646;1.0421953;57.774334;100.0;0.16351633;208.63214;783.89484;0.0019162892;0.001417473;0.0;0.10982156;0.10982901;0.0;0.00063329935;1201.3905;4595.1523;-1372.2017;3989.198;1.5033333;-91.28333
2025-02-11;-11.500954;-18.392496;-18.181147;747.9053;1.0332823;54.448868;100.0;0.1635567;210.62172;776.5706;0.06899536;0.0077299774;0.0;0.10937452;0.109381974;0.0;0.06814301;1185.2012;4420.5317;-1114.2686;4367.4653;6.4533334;-54.535557
2025-02-12;-9.217233;-15.440365;-16.724428;748.19336;1.011569;56.42207;100.0;0.16361563;212.73402;769.20575;0.0008523463;0.021833926;0.0;0.10894239;0.10894239;0.0;0.0;1285.7161;4689.3633;-1284.8217;4307.0703;17.554445;-41.465557
2025-02-13;-9.260194;-12.41364;-14.701759;746.156;0.8900762;108.23624;100.0;0.16592582;210.56964;786.41766;11.242048;0.022502616;0.0;0.108510256;0.108502805;0.0;11.220328;1090.8356;3889.2566;-649.06946;5260.473;17.99;-90.342224
2025-02-14;-10.201519;-12.2632675;-11.627522;743.8726;0.9022193;150.25383;100.0;0.18794914;174.20831;1076.7822;13.194722;-0.005552545;0.0;0.10806322;0.10807067;0.0;13.188727;872.5833;3748.95;-715.5578;5375.042;-4.095556;-171.28555
2025-02-15;-10.129107;-16.535639;-13.274337;745.9219;1.0828676;68.78295;100.0;0.18991928;177.4684;1071.6959;0.015348902;-0.026177615;0.0;0.10764599;0.10764599;0.0;0.013619661;1151.6906;4829.953;-1398.7406;4366.46;-20.04;-149.75223
2025-02-16;-7.339029;-17.945211;-15.389531;744.71826;0.8835663;179.49025;100.0;0.18991883;182.14842;1043.7826;0.005161762;-0.011250377;0.0;0.107213855;0.107221305;0.0;0.0021457672;1109.0333;4525.241;-1020.2722;4697.62;-8.236667;-34.34889
2025-02-17;-7.242611;-13.970775;-14.349366;746.0733;0.80649287;238.13606;100.0;0.18992758;186.55304;1019.2871;0.019568205;-0.030556694;0.0;0.10678172;0.10679662;0.0;0.016029924;1231.2023;4893.9365;-1120.0044;4686.6865;-20.455555;-74.49
2025-02-18;-7.25272;-10.49189;-13.161049;748.37933;0.81365055;146.30481;100.0;0.18997645;191.04588;996.0124;0.017344952;-0.013664365;0.0;0.10634959;0.10635704;0.0;0.013895333;1262.2955;4892.0005;-1095.6194;4846.634;-7.2155557;-106.407776
2025-02-19;-7.013336;-8.133908;-10.377866;745.67755;0.99543506;141.46483;100.0;0.19269943;193.5296;995.5241;7.533133;0.00859797;0.0;0.105917454;0.105939806;0.0;7.525653;596.43945;2266.7788;62.4225;6517.782;7.901111;-82.52556
2025-02-20;-5.5571046;-6.3161354;-6.311268;739.94293;1.0893692;182.69261;100.0;0.20993423;187.56573;1117.1061;25.557816;-0.05170703;0.0;0.10553002;0.10552257;0.0;25.544725;414.5961;1741.1355;-28.482779;6695.7646;-39.166668;-128.44888
2025-02-21;-9.939244;-11.740544;-7.0461006;739.40643;1.5076089;195.24504;100.0;0.22715457;184.41502;1232.2592;5.9454618;-0.21388009;0.0;0.10511279;0.10510534;0.0;5.9310493;1013.2622;4369.451;-899.26056;5463.912;-164.07666;-387.15555
2025-02-22;-13.698676;-16.657648;-11.031468;739.3421;1.4402966;195.4679;100.0;0.23109122;186.90883;1237.3047;2.4846792;-0.19202474;0.0;0.10469556;0.10468811;0.0;2.4751463;1117.1095;4736.0884;-1110.065;4828.0854;-147.14444;-334.1286
2025-02-23;-16.935928;-20.80143;-14.754519;738.10004;0.9857242;178.63884;100.0;0.23321779;188.44041;1238.566;1.2916803;-0.13696775;0.0;0.104278326;0.104270875;0.0;1.2882911;1100.1833;4589.3145;-1307.0144;4256.5366;-104.71667;-323.81332
2025-02-24;-18.50017;-25.664835;-19.672274;740.5024;0.8762199;194.35579;100.0;0.23356342;191.68585;1219.2383;0.12617992;-0.06418489;0.0;0.10386109;0.103868544;0.0;0.124782324;1248.2389;5080.2314;-1553.0756;3592.0273;-46.99222;-187.19221
2025-02-25;-17.726614;-24.90182;-22.577208;743.24335;1.0182432;162.16536;100.0;0.23362243;194.39581;1203.0844;0.020920182;-0.028058887;0.0;0.10345876;0.10345876;0.0;0.019509345;1402.3583;5565.7617;-1514.3284;3460.1294;-19.635555;-127.29889
2025-02-26;-16.29893;-20.121782;-22.346731;743.59503;0.87311405;274.4785;100.0;0.23369892;196.73077;1189.0463;0.06311334;0.011159107;0.0;0.10307133;0.10306388;0.0;0.06102398;1347.6183;5216.2305;-1194.6478;3945.516;9.082222;-163.26445
2025-02-27;-15.611903;-20.979834;-21.46404;744.8073;1.0456892;86.76273;100.0;0.23373981;199.25291;1174.0723;0.0040560956;0.012202188;0.0;0.1026839;0.1026839;0.0;0.002771616;1448.1122;5470.17;-1318.8547;3884.6196;10.008889;-145.63556
2025-02-28;-12.150737;-20.45458;-20.680178;744.0469;0.97538257;149.99539;100.0;0.23375495;201.88051;1158.8541;0.0065267077;-0.0024661422;0.0;0.10229647;0.10229647;0.0;0.0043064356;1521.9417;5610.3257;-1253.6372;4069.3442;-1.4122223;-94.193054
2025-03-01;-11.092297;-14.992657;-17.93656;743.7944;1.0224973;92.538605;100.0;0.23388903;204.70538;1143.392;0.2619028;0.020705163;0.0;0.10190904;0.10192394;0.0;0.25851652;1252.8245;4508.3037;-937.95166;4688.7334;16.597778;-101.83
2025-03-02;-11.057332;-19.72695;-17.398026;746.67896;1.0193267;156.67839;100.0;0.23404522;207.85936;1126.9125;0.0017285338;-0.017851591;0.0;0.10155141;0.10153651;0.0;0.0;1644.6888;5811.156;-1634.9695;3855.2761;-13.383333;-120.965
2025-03-03;-8.24817;-13.914599;-15.779429;747.10474;0.9086473;194.49011;100.0;0.23404662;211.1686;1109.8226;0.049710274;-0.012014993;0.0;0.101178885;0.10116398;0.0;0.04970655;1462.5068;5052.1113;-906.4805;4963.2856;-8.933333;-122.58667
2025-03-04;-4.969204;-10.66729;-12.057731;748.2009;0.8555338;64.32125;100.0;0.23411608;215.1686;1089.4369;0.02220571;0.0016260892;0.0;0.100791454;0.100798905;0.0;0.020571053;1571.335;5313.7344;-1061.1738;5141.808;1.9872222;-133.8814
2025-03-05;-3.7934215;-10.733081;-9.780438;749.88666;0.90457755;60.597736;100.0;0.23412216;220.083;1065.2262;0.0004351138;-0.021003187;0.0;0.10043383;0.100426376;0.0;0.0;1727.2844;5716.704;-1494.7363;4807.0933;-15.618889;-146.4825
2025-03-06;-3.1957169;-13.458365;-9.587627;751.1578;1.1173407;60.046127;100.0;0.2341007;225.09438;1041.3412;0.0;-0.048359856;0.0;0.1000613;0.1000613;0.0;0.0;1833.1294;5938.1963;-1690.2655;4552.3955;-36.993332;-108.74861
2025-03-07;-1.5029703;-10.969142;-8.79622;750.52026;1.5125427;28.020721;100.0;0.23406227;229.91827;1019.4499;0.0;-0.048417598;0.0;0.09968877;0.09969622;0.0;0.0;1781.3733;5651.206;-1479.3108;4913.0757;-37.06;-56.307777
2025-03-08;-2.0568035;-5.247233;-6.7994246;745.5979;1.3895496;24.908457;100.0;0.2385844;232.03123;1028.5645;7.5883985;0.029657036;0.0;0.09933114;0.09933859;0.0;7.086065;566.18585;1914.3853;-366.10583;6282.6123;23.3;12.72
2025-03-09;-1.3002828;-5.075653;-4.6318917;746.61035;1.294015;34.830044;100.0;0.24168463;236.33592;1024.292;0.043857098;-0.042542815;0.0;0.098988414;0.09898096;0.0;0.037759542;1452.8661;5201.9688;-1062.0431;5720.161;-32.49889;-145.56334
2025-03-10;-1.7586569;-4.8074136;-3.8014019;748.9997;0.87692374;72.31467;100.0;0.24180134;243.47882;995.23926;0.27600658;-0.06575417;0.003695488;0.10231137;0.098615885;0.04785694;0.024355948;1464.7295;5033.7856;-1141.1136;5645.3784;-47.667778;-170.77222
2025-03-11;-1.9752909;-4.3963723;-3.2963562;751.56616;0.9279738;74.485115;100.0;0.24190478;250.73436;967.8955;0.26976466;-0.10804273;0.020325184;0.11858344;0.098243356;0.24440885;0.041276217;1589.1036;5256.489;-1324.4403;5465.1846;-77.087776;-171.49222
2025-03-12;-0.12657674;-6.854248;-3.486417;753.4363;1.0484188;62.917496;100.0;0.24152867;257.68198;940.9993;0.0008583069;-0.16401336;0.062420964;0.16029179;0.097863376;0.67676604;0.0;1941.2239;6153.3677;-1721.6206;5017.78;-117.92333;-132.49638
2025-03-13;0.8895874;-8.832191;-3.8971672;754.165;1.1313716;60.17973;100.0;0.24068181;263.91245;916.8294;0.0008523463;-0.20243414;0.085651875;0.18312037;0.097475946;0.88736045;0.0;2062.1863;6291.884;-1835.8811;4867.4683;-146.97556;-77.896385
2025-03-14;1.6194458;-9.664794;-4.224294;753.9157;1.1042275;77.03385;100.0;0.23965533;269.63086;894.9382;0.0017225739;-0.20197965;0.10609627;0.20319223;0.09709597;1.034867;0.0;2146.736;6389.2363;-1891.203;4779.5884;-146.08333;-53.205276
2025-03-15;0.96068317;-10.2343645;-3.5671093;754.862;1.2296205;34.296173;100.0;0.23837972;275.09702;873.9421;0.0017161292;-0.24255924;0.14436245;0.24105608;0.09671599;1.3218075;0.0;2121.3123;6170.3735;-1650.5144;5173.939;-177.37334;-72.492226
2025-03-16;2.1147563;-10.225074;-2.8948326;754.8601;1.0363609;172.6132;100.0;0.23687911;280.848;851.9694;0.0017225739;-0.25675073;0.17277896;0.26908517;0.09632856;1.4736689;0.0;2302.3796;6445.689;-1794.9355;5052.3755;-187.48;-73.65222
2025-03-17;2.8210042;-5.2195435;-1.6007525;751.60284;0.9549668;270.22144;100.0;0.23510818;288.70084;824.0153;0.0;-0.22844784;0.25326014;0.3492236;0.09595603;1.8276274;0.0;2360.675;6291.2334;-1582.0784;5412.473;-165.94444;-119.21667
2025-03-18;1.7042745;-2.8498127;-0.4388453;748.9135;1.2355424;230.2907;100.0;0.23201342;299.75455;783.77277;1.9711615;-0.31539425;0.669539;0.765115;0.0955835;4.653884;0.03906712;2141.2612;5280.3955;-924.95276;6295.4165;-236.43333;-134.34
2025-03-19;0.039784748;-0.85701495;-0.042622883;745.7957;0.9631509;167.13338;100.0;0.22843397;303.19205;761.1491;14.487177;-0.14567375;2.3891032;2.4843514;0.09524077;7.6884665;2.7259252;1121.4684;2823.125;-335.20667;6976.3916;-109.14667;-131.13445
2025-03-20;-2.0549724;-3.4989865;-0.18003719;744.2402;1.2090315;133.39493;100.0;0.22857285;300.6276;766.6423;15.87804;-0.39297715;1.20911;1.3040155;0.094905496;4.1408873;10.072481;1338.2814;3455.2456;-600.945;6563.827;-302.18668;-272.76334
2025-03-21;-3.804433;-5.3615203;-0.46902084;744.79156;1.2022446;168.87206;100.0;0.238542;286.9479;836.792;11.404564;-0.4426036;0.07677078;0.17136335;0.09458512;0.33264235;10.184567;1378.6439;4488.4556;-962.04333;6046.8457;-339.22446;-392.81332
2025-03-22;-7.5113626;-9.495053;-1.8425623;745.26447;1.1133062;189.07668;100.0;0.247009;277.3623;895.6299;4.059511;-0.58842635;0.0;0.094264746;0.0942722;0.0;3.9668827;1571.0244;5336.7324;-1415.3628;5250.7188;-452.73444;-589.3822
2025-03-23;-7.6092324;-11.926639;-5.517428;748.8194;1.1439948;100.96884;100.0;0.24822867;278.80435;895.2637;0.10068789;-0.5374299;0.0;0.09396672;0.09396672;0.0;0.07171184;1820.8038;6021.5063;-1420.6256;5068.2427;-410.72665;-433.7311
2025-03-24;-4.564369;-14.157102;-6.805239;751.8735;1.067223;117.50819;100.0;0.24805574;281.9733;884.196;0.0;-0.3101295;0.0;0.0936687;0.0936687;0.0;0.0;2129.8088;6893.9434;-1906.1895;4495.7183;-227.86444;-155.23222
2025-03-25;-1.5451456;-13.236984;-6.6907105;752.3315;1.0606766;129.03598;100.0;0.24795492;285.15527;874.1862;0.0;-0.26507956;0.0;0.093370676;0.093370676;0.0;0.0;2203.916;6967.3936;-1779.8511;4725.48;-191.54333;-105.92667
2025-03-26;0.52564496;-6.309489;-4.381027;750.4194;1.0975412;179.60956;100.0;0.24761887;289.0498;862.3454;0.0008523463;-0.23003203;0.07213652;0.16522408;0.0930801;0.5146805;0.0;2066.0173;6360.035;-1312.8853;5525.27;-164.94333;-98.55334
2025-03-27;1.9751078;-2.617981;-1.8264313;750.1496;0.9769054;218.4997;100.0;0.24652712;295.47427;841.1458;0.18273592;-0.19153021;0.26872754;0.36153197;0.09279698;1.5897825;0.0;1991.8;5926.566;-899.16223;6199.7676;-135.22778;-144.02306
2025-03-28;2.3282979;-0.91774493;-0.39583078;750.80975;0.9651515;223.79552;100.0;0.24257302;305.19205;801.7985;0.07862336;-0.16807765;0.9339899;1.0265112;0.09252876;6.2592344;0.0;2099.0466;5608.757;-1257.0211;5898.406;-117.62889;-130.69556
2025-03-29;2.6948853;-0.8602702;-0.39085516;750.5848;1.0213708;222.74306;100.0;0.23481365;314.8024;752.4007;0.12844205;-0.20109397;1.4449656;1.5687943;0.1238361;8.974828;0.0;2472.5906;6094.6543;-1296.6611;5892.099;-141.43222;-140.28444
2025-03-30;3.0371501;0.03888957;-0.23340607;749.25397;1.104525;134.1898;100.0;0.22463174;323.7679;700.1953;10.336096;-0.24090521;4.1490498;4.2987914;0.14973432;11.225253;0.0016801059;2474.229;5750.049;-786.6889;6575.9233;-173.13556;-126.66778
2025-03-31;0.8730876;0.4947815;-0.024251303;748.9349;0.9505048;223.10857;100.0;0.21873955;318.37045;689.6159;17.6933;-0.08367002;4.5548677;4.75809;0.20322204;8.22268;4.7852697;998.685;2694.175;-119.166664;7236.9683;-60.168888;-132.21361
2025-04-01;2.9466655;-6.917694;-0.19190979;751.8426;0.9900492;152.85146;100.0;0.20956647;321.58755;654.82587;0.20790994;-0.51447564;2.5255828;2.6220531;0.09646267;11.290578;0.0022128224;2715.92;6780.7085;-1286.3489;5974.2607;-381.15332;-229.045
2025-04-02;2.974121;0.79157513;-0.10136795;748.39996;0.99373287;228.44557;100.0;0.20080078;327.90854;615.76337;20.827833;-0.0012805685;7.7953486;8.253559;0.4582256;9.800825;0.0;1070.6838;2506.4138;6.9283333;7395.47;3.8255556;-52.18778
2025-04-03;2.0079753;-1.4817911;-0.28850302;748.2544;1.2593473;230.03174;99.882324;0.18647237;330.94595;567.1794;0.22425652;-0.5131746;4.1655006;4.343793;0.1782924;15.968809;0.0;2831.4368;6335.132;-1358.5477;5899.899;-384.1;-164.14612
2025-04-04;2.0470479;-4.0097146;-0.9520976;748.40405;0.9695663;184.90625;98.3243;0.17434423;338.05795;518.514;0.0;-0.472405;2.8699934;2.9670298;0.09703636;10.612439;0.0;3391.6362;7264.8906;-2008.8397;5062.8657;-346.16333;-158.9275
2025-04-05;0.2953898;-1.8388773;-0.61392087;745.29913;0.87144095;153.67525;96.84391;0.16720586;344.23697;485.63638;9.850963;-0.22487529;3.9014816;4.0557833;0.15430152;7.5262337;1.4510677;1884.0278;3971.031;-577.7839;6652.8755;-164.07889;-157.7089
2025-04-06;2.2789714;-2.2074382;-0.32180533;750.44244;1.3975128;225.14851;95.80038;0.15621197;345.0895;451.4567;0.065523386;-0.7600477;4.4387283;4.829317;0.3905818;14.231393;0.0;2925.935;6234.465;-1259.5022;6027.762;-570.1678;-188.99417
2025-04-07;4.1887;-2.2283733;-0.79891205;752.65094;1.283106;245.67604;94.81046;0.14244604;351.40952;403.56445;0.24603604;-0.56567043;4.2259245;4.5061855;0.28026104;13.657431;0.0;3305.6584;6811.0234;-1535.2058;5691.9062;-413.43167;-88.43
2025-04-08;3.630005;1.1384176;-0.45114136;753.52594;1.127213;209.95412;94.30216;0.13168244;359.52475;363.0778;10.087639;-0.07603131;6.231606;6.8611803;0.62955916;10.255128;0.0;1607.7916;3219.8088;-385.7475;6929.261;-46.95222;-64.82889
2025-04-09;4.101837;2.912384;-0.030025482;749.76215;1.0197067;184.79596;94.00431;0.12049564;364.26758;327.63672;30.285706;-0.08157827;17.399654;19.658327;2.2586808;13.746189;0.0;1473.4761;2900.2295;-120.31472;7343.664;-50.04889;-50.82
2025-04-10;0.6447754;0.075668335;-0.111961365;742.4107;1.4081937;203.36748;92.49862;0.11128497;362.4518;302.00195;23.705353;-0.07054955;12.440056;14.381975;1.9419417;6.3920393;0.5494505;600.795;1150.1912;-117.909164;7193.258;-49.038887;-48.348057
2025-04-11;-2.2550151;-6.8640275;-0.9948705;741.5201;1.4266852;215.00548;91.13623;0.10548961;356.66797;285.319;2.3309083;-1.2309383;2.3362637;2.5538354;0.2175644;6.249685;0.78216195;3149.2139;6231.4033;-1405.3153;5658.8677;-934.81335;-593.2022
2025-04-12;-2.6881154;-4.8677483;-1.4631792;742.0786;1.4053265;202.21495;92.99064;0.10596287;336.0602;299.3571;10.041162;-0.57185256;0.7336587;0.98384917;0.25018305;1.7240345;8.542839;1892.2583;4098.7515;-793.9608;6241.993;-433.79556;-446.7022
2025-04-13;-2.0403545;-3.6792896;-0.99243546;746.44366;0.9748609;209.23427;96.35709;0.11150658;304.56412;345.25552;7.218572;-0.4792167;1.1454821;1.4225692;0.27707964;2.790775;5.3782167;1838.8811;5293.7354;-952.8636;6126.819;-361.33;-430.72556
2025-04-14;-1.3309021;-3.2517598;-0.53730774;745.6276;0.76642483;98.14866;97.387856;0.11756841;280.32455;394.40918;15.245848;-0.35694242;1.187861;1.4885962;0.30073524;1.7339848;11.74701;1335.1962;4116.599;-524.832;6673.3535;-267.97446;-257.09445
2025-04-15;-3.4930623;-4.471517;-0.41369757;743.18024;0.91185063;187.39612;99.98348;0.14141548;232.80109;581.7871;22.74786;-0.40516442;0.16646087;0.488922;0.32248348;0.33511594;21.839642;1125.4127;4484.6533;-663.43225;6409.436;-308.71667;-422.12222
2025-04-16;-2.8315327;-4.737539;-0.8580373;747.74615;1.0181067;190.77498;100.0;0.14877208;230.73012;622.31445;1.6285777;-0.46247616;0.12114644;0.46399236;0.34286827;0.46154112;1.4691502;1691.2012;5949.0005;-1036.1439;6007.4653;-347.74335;-363.2378
2025-04-17;-1.5004374;-6.3532715;-1.0728912;751.55963;1.4458437;30.881403;100.0;0.147161;240.56444;589.35547;0.028180225;-0.59351885;0.9191483;1.2810826;0.3619343;3.6014392;0.02105534;2063.7073;6311.515;-1231.1792;5808.761;-444.9889;-239.94778
2025-04-18;-2.7693074;-8.982269;-2.091756;750.79364;1.5196913;30.514326;99.52645;0.14295101;248.85414;550.82196;0.001090765;-0.6639585;1.0551661;1.4351606;0.3799796;4.076727;0.00022724271;2854.1877;7917.448;-1917.8223;4952.928;-496.15668;-300.31668
2025-04-19;0.6906128;-8.03241;-1.822389;750.3317;1.0457062;108.29989;97.19938;0.13639586;256.49448;507.0394;0.0008523463;-0.46317744;2.175063;2.5726855;0.39763004;8.028693;0.0;3036.8838;7656.8037;-1680.6448;5356.0435;-338.19446;-247.99
2025-04-20;3.4743755;-2.792633;-1.1880392;750.1844;1.2394439;136.19193;95.09635;0.12619996;265.36978;450.56152;0.15259385;-0.35404974;3.4421086;3.8776994;0.4355684;11.342172;0.0;2846.7495;6595.0366;-1330.2352;5877.5933;-253.23666;-183.74916
2025-04-21;4.700216;-1.7190857;-0.95158005;751.46906;1.4104877;123.47405;91.12516;0.11392828;273.47916;391.15396;0.37545973;-0.50293934;4.4683666;5.3728075;0.904426;12.899569;0.0;2854.744;6161.028;-1090.0536;6235.4844;-363.595;-135.0061
2025-04-22;5.9006143;0.27441406;-0.70928067;753.6282;1.0634181;184.93573;85.58529;0.09949112;280.9733;330.1188;2.025351;-0.5556755;6.1058254;7.368252;1.2624115;15.1329975;0.0;3357.815;6724.8223;-1118.0137;6349.1167;-388.88;-239.90334
2025-04-23;7.1383667;0.30891928;-0.53160095;751.7315;1.3320833;189.29817;82.870605;0.084254146;287.42123;271.8099;3.8431497;-0.6175954;7.286057;8.708819;1.4227555;16.50416;0.0;3098.5017;5948.713;-949.0636;6572.243;-432.09778;-134.54666
2025-04-24;6.6375427;0.638387;-0.38402048;750.49274;1.6877494;197.35992;81.85034;0.06689247;292.3379;211.7513;2.8033643;-0.79167634;9.03529;10.478407;1.4431252;19.265999;0.0;3422.015;6428.027;-1043.1481;6556.99;-561.32446;-142.96666
2025-04-25;7.424978;0.80567425;-0.8713913;748.36426;1.2430606;164.1454;81.52799;0.052343052;298.0498;162.27214;4.171178;-0.47072953;7.0839825;8.526355;1.4423728;13.3236685;0.0;2372.9678;4366.3228;-847.8114;6600.108;-325.06668;-49.65
2025-04-26;5.9018455;1.9035441;-0.9284261;748.62134;1.3820838;204.01564;81.429115;0.035555284;299.82553;109.98535;18.820494;-0.7469598;15.1821375;16.741186;1.5590713;19.362665;0.0;3574.6172;6540.237;-796.0561;6767.555;-530.6767;-303.02112
2025-04-27;6.595337;1.4841919;-1.2932981;749.01953;1.2144941;172.72148;52.890057;0.016676465;300.09146;51.920574;0.13760628;-1.4748192;6.884329;9.083107;2.1987631;15.823044;0.0;4592.6685;7217.8726;-1448.5155;6339.899;-1032.49;-528.7411
2025-04-28;8.149567;-1.9918417;-2.5645;749.89386;1.1044024;156.0131;21.492758;0.0067694187;298.26724;20.955404;0.0025682284;-2.3346133;2.0190926;3.6823006;1.663208;6.5920577;0.0;5550.2134;7517.6724;-2144.5317;5780.359;-1624.2911;-607.6055
2025-04-29;7.7684426;-3.7541199;-2.1441104;749.8001;1.1050617;117.35101;8.09554;0.0025401514;296.7477;7.9752603;0.36145747;-2.9460843;0.8469671;2.6932657;1.8463061;2.7179718;0.0;6070.9766;7761.2256;-2240.0105;5839.5806;-2048.0823;-876.30664
2025-04-30;8.32666;0.10851034;-1.3472633;751.40625;1.3593024;182.79863;2.8608398;0.00089685124;296.58432;2.9296875;3.4475625;-2.7043586;1.0174662;2.9851198;1.9676387;0.9830352;0.0;5640.5117;7062.3857;-2001.7683;6216.2;-1879.3744;-1109.9155
2025-05-01;9.943889;-0.627238;-0.6712456;752.5865;1.2216587;154.46104;0.94124347;0.00029301643;296.59277;1.3020834;1.2906032;-3.4417388;0.34601986;2.3905187;2.0445063;0.371553;0.0;6176.4443;7682.9087;-2035.8514;6417.033;-2391.0144;-952.1055
2025-05-02;7.958181;4.009308;-0.05561447;750.81934;1.0056585;187.08496;0.28605142;8.948644e-05;288.30176;0.28483072;8.802372;-2.4966056;1.9399077;4.0277243;2.0878315;0.10183081;0.0;4759.435;5912.7607;-1628.0178;6766.142;-1734.2966;-1035.4312
2025-05-03;8.643107;1.5093485;-0.11123657;750.19507;0.8238271;145.7961;0.09855143;3.1153362e-05;285.46094;-7.345365e-21;5.000636;-2.7158606;1.1611059;3.2682867;2.1071882;0.03387034;0.0;4726.0186;5875.5806;-1707.5897;6664.115;-1886.6194;-823.20667
2025-05-04;7.9479165;1.1083374;-0.15414047;748.5418;1.1219994;130.78197;0.03409831;1.0927518e-05;285.46094;-7.345365e-21;10.343402;-3.1424444;2.4649203;4.576981;2.1120682;0.012759119;0.0;5385.6406;6703.481;-1764.0383;6678.09;-2182.9539;-960.93445
2025-05-05;4.5939026;1.5991007;-0.024775187;746.31805;1.3458322;146.59859;0.011230469;3.496806e-06;285.46094;-7.345365e-21;12.390155;-2.4002028;3.6677122;5.7791176;2.11139;0.0035353005;0.0;4253.428;5300.8213;-1250.1145;6884.642;-1667.3434;-1275.97
2025-05-06;3.370168;1.9460754;-0.53236645;749.4664;1.0207938;233.84589;0.004638672;1.4305115e-06;284.2562;-7.345365e-21;7.7275815;-1.902923;1.9653738;4.0771065;2.111733;0.001270324;0.00010803342;3500.369;4368.1934;-1199.7506;6751.638;-1321.8966;-1058.7211
2025-05-07;5.3065186;-0.53622437;-1.8949713;751.6705;1.037491;147.82983;0.0034993489;7.1525574e-07;209.66893;-7.345365e-21;3.7879884;-3.0057523;0.99352;3.1116307;2.1180959;0.0011026859;0.00010803342;5743.2476;7178.18;-1961.1178;6273.0654;-2087.9966;-1363.2345
2025-05-08;7.50708;2.2049153;-1.7708753;751.5861;1.1301869;134.70906;0.0007324219;-7.3453654e-25;212.85805;-7.345365e-21;3.5835803;-2.7478328;0.85131824;2.977699;2.1263957;0.00025704503;0.0;5291.0156;6622.3076;-1925.4939;6436.2456;-1908.8278;-1056.5745
2025-05-09;8.527568;1.899119;-2.3731434;752.96387;1.1391798;98.81836;0.0;-7.3453654e-25;163.48338;-7.345365e-21;1.9316107;-3.0326583;0.40430576;2.5341213;2.129808;5.5879354e-05;0.0;5511.717;6908.474;-1970.419;6504.5156;-2106.6855;-993.0278
2025-05-10;9.08315;2.4611511;-0.84722775;753.12054;1.0954493;104.56186;0.0;-7.3453654e-25;105.52212;-7.345365e-21;0.42236745;-3.0466952;0.07337332;2.2026153;2.1292567;1.1175871e-05;0.0;5157.7993;6474.001;-1925.1317;6603.562;-2116.4377;-790.0789
2025-05-11;9.345439;1.732432;0.009944916;751.7929;1.2881675;111.161644;0.0;-7.3453654e-25;99.99998;-7.345365e-21;1.5169024;-3.2841768;0.27849525;2.405271;2.1267831;0.0;0.0;5535.4907;6958.3833;-1947.1542;6582.2812;-2281.409;-958.88
2025-05-12;8.649404;2.2733562;0.009946187;747.95435;1.0224936;205.75182;0.0;-7.3453654e-25;99.99998;-7.345365e-21;1.5484989;-2.2393324;0.24867058;2.3715794;2.1229312;0.0;0.0;3820.8862;4808.993;-1548.7123;6793.492;-1555.59;-575.13446
2025-05-13;7.514099;2.5014446;0.009822845;745.05444;1.392025;193.27203;0.0;-7.3453654e-25;100.00519;-7.345365e-21;9.675646;-2.1957633;1.9502044;4.067808;2.1175816;0.0;0.0;3903.855;4920.9688;-1451.7705;6757.3076;-1525.3234;-896.13776
2025-05-14;4.6277566;1.6134745;0.010314941;746.81354;1.1485065;168.63007;0.0;-7.3453654e-25;99.99998;-7.345365e-21;11.115969;-2.246419;2.6274621;4.738271;2.1108165;0.0;0.0;4121.396;5202.5776;-1365.0508;6654.3735;-1560.5122;-1179.84
2025-05-15;4.216105;2.017802;0.0099817915;748.53125;1.0552853;164.36702;0.0;-7.3453654e-25;99.99998;-7.345365e-21;9.587882;-2.2618027;2.1959245;4.298851;2.1029189;0.0;0.0;4412.782;5578.8677;-1400.3323;6731.5415;-1571.1978;-1309.4155
2025-05-16;6.58135;0.081614174;0.010103862;753.05255;1.159141;158.86304;0.0;-7.3453654e-25;99.99998;-7.345365e-21;0.09933412;-3.3644996;0.018656254;2.1127164;2.0940602;0.0;0.0;6041.3438;7630.09;-2136.5884;6175.3887;-2337.2056;-1342.289
2025-05-17;11.161591;1.4779257;0.009975433;755.04834;1.0469632;163.03957;0.0;-7.3453654e-25;99.99998;-7.345365e-21;0.0017166131;-3.8555841;0.00028312206;2.0840764;2.0837932;0.0;0.0;6616.1025;8347.1045;-2506.0767;6134.168;-2678.3455;-828.9056
2025-05-18;12.875183;3.1474712;0.009602864;754.88965;1.4354597;168.37144;0.0;-7.3453654e-25;99.99998;-7.345365e-21;0.011315941;-3.849592;0.0018030405;2.0739288;2.072133;0.0;0.0;6119.957;7712.7876;-2115.4084;6666.4067;-2674.1833;-853.94446
2025-05-19;12.38915;-1.3126322;0.010052999;752.52734;1.5883948;227.55;0.0;-7.3453654e-25;99.99998;-7.345365e-21;0.026230397;-4.0493;0.003516674;2.0624251;2.0589159;0.0;0.0;6409.0283;8068.559;-2447.5427;6164.2905;-2812.9133;-1010.2289
2025-05-20;10.880168;-2.3670247;0.010454814;751.75;1.2977635;172.5462;0.0;-7.3453654e-25;99.99998;-7.345365e-21;0.0008523463;-3.9101038;0.00011920929;2.044022;2.043888;0.0;0.0;6794.9824;8545.229;-2742.115;5780.169;-2716.219;-1037.1478
2025-05-21;11.70522;-1.3121643;0.009833018;752.37646;1.2299901;159.77556;0.0;-7.3453654e-25;99.99998;-7.345365e-21;0.002145117;-3.9465575;0.00028312206;2.0272434;2.0269678;0.0;0.0;6788.137;8527.523;-2751.8616;5856.3174;-2741.541;-997.94446
2025-05-22;12.332733;-0.94108075;0.009744008;753.0825;1.1582743;89.2523;0.0;-7.3453654e-25;99.99998;-7.345365e-21;0.0;-4.0392466;0.0;2.0081253;2.00814;0.0;0.0;6814.003;8550.845;-2784.5056;5942.1694;-2805.93;-809.7511
2025-05-23;12.855367;-0.57040405;0.009878795;750.88666;1.2608521;162.83524;0.0;-7.3453654e-25;99.99998;-7.345365e-21;0.06681681;-3.8102381;0.007659197;1.9952059;1.9875318;0.0;0.0;6213.967;7789.4976;-2306.666;6510.169;-2646.8467;-777.59
2025-05-24;10.896281;2.7957153;0.009927114;748.6995;1.2503178;67.90085;0.0;-7.3453654e-25;99.99998;-7.345365e-21;3.9580524;-2.9069147;0.5683601;2.5342107;1.9658357;0.0;0.0;5436.7944;6807.9136;-2152.6538;6596.89;-2019.3378;-1042.6455
2025-05-25;11.161133;3.0350444;0.009925842;750.77203;1.3352933;60.949245;0.0;-7.3453654e-25;99.99998;-7.345365e-21;0.39580464;-3.5057645;0.04556775;1.9883811;1.9428134;0.0;0.0;5956.6646;7450.798;-2226.1921;6545.021;-2435.338;-964.80225
2025-05-26;12.590546;4.7987976;0.009847005;752.6149;1.1384503;87.62594;0.0;-7.3453654e-25;100.00259;-7.345365e-21;2.6596189;-3.7028491;0.36527216;2.2832453;1.9179732;0.0;0.0;6330.6694;7910.4775;-2199.8716;6776.934;-2572.2456;-1005.64886
2025-05-27;12.511739;4.454651;0.009990692;750.6325;1.2043513;116.47166;0.0;-7.3453654e-25;99.99998;-7.345365e-21;1.8578738;-3.275521;0.22678077;2.1190345;1.8922613;0.0;0.0;5387.1343;6724.3022;-1956.9872;6981.6226;-2275.3955;-873.9678
2025-05-28;13.571828;0.6427002;0.010312398;748.9004;1.5397534;129.45915;0.0;-7.3453654e-25;99.99998;-7.345365e-21;0.58323145;-3.8367593;0.0628978;1.9284487;1.8655434;0.0;0.0;6033.6187;7523.3623;-2212.242;6685.0547;-2665.27;-928.4155
2025-05-29;12.060628;-1.8655701;0.009780884;748.2504;1.3000826;161.20036;0.0;-7.3453654e-25;99.99998;-7.345365e-21;0.0;-3.905887;0.0;1.8375069;1.8374994;0.0;0.0;6913.082;8610.869;-2813.2444;5943.9116;-2713.2888;-1219.28
2025-05-30;9.032196;-0.88568115;0.009862264;749.5359;1.2188163;226.0069;0.0;-7.3453654e-25;99.99998;-7.345365e-21;0.92345476;-2.825873;0.09222329;1.9013286;1.8091053;0.0;0.0;5911.2;7355.0483;-2347.3984;6155.5723;-1963.0411;-1539.5767
2025-05-31;11.405803;-1.5311381;0.010101318;753.2801;1.111121;107.48162;0.0;-7.3453654e-25;99.99998;-7.345365e-21;0.00086459407;-3.6717002;8.940697e-05;1.7800629;1.7799959;0.0;0.0;6962.6143;8654.232;-2909.5417;5832.863;-2550.6077;-1193.5144
2025-06-01;13.710083;-3.0950317;0.009831746;753.9939;1.1645728;161.63301;0.0;-7.3453654e-25;99.99998;-7.345365e-21;0.00085582206;-3.815461;8.940697e-05;1.7499477;1.7498806;0.0;0.0;7016.6885;8712.192;-2910.675;5986.4546;-2650.4744;-1005.62335
2025-06-02;12.680919;-3.2704265;0.0099983215;751.2605;1.5358783;237.1165;0.0;-7.3453654e-25;99.99998;-7.345365e-21;0.0;-3.432825;0.0;1.7193705;1.7193705;0.0;0.0;6868.885;8519.715;-2775.3345;6071.1855;-2384.67;-1498.9811
2025-06-03;9.934611;-2.9816082;0.010042827;748.43286;1.2011893;143.86916;0.0;-7.3453654e-25;99.99998;-7.345365e-21;0.010514259;-3.0535142;0.00093877316;1.6896129;1.6886816;0.0;0.0;6735.9062;8345.909;-2815.875;5918.651;-2121.1746;-1544.08
2025-06-04;7.9225974;2.3481648;0.009836833;748.6954;1.0738978;67.70466;0.0;-7.3453654e-25;99.99998;-7.345365e-21;3.6299467;-2.322157;0.35363436;2.0121038;1.658462;0.0;0.0;5195.6963;6430.4746;-1993.7089;6647.8687;-1613.1244;-1460.8445
2025-06-05;9.42921;1.6442566;0.009905498;751.7495;1.356564;36.91859;0.0;-7.3453654e-25;99.99998;-7.345365e-21;0.42034686;-2.8205774;0.03604591;1.6647428;1.6287118;0.0;0.0;5755.279;7115.7666;-2125.5962;6573.8765;-1959.3622;-1414.2078
2025-06-06;9.663625;3.450592;0.010142009;752.1657;0.9458012;104.04563;0.0;-7.3453654e-25;99.99998;-7.345365e-21;7.3673577;-2.4249768;0.801757;2.400741;1.5989766;0.0;0.0;5002.0522;6177.8667;-1986.6302;6727.338;-1684.5511;-1175.9355
2025-06-07;11.008992;1.3024191;0.01003774;752.2043;0.964176;71.988914;0.0;-7.3453654e-25;99.99998;-7.345365e-21;0.15979409;-3.4960537;0.01296401;1.5823841;1.5694201;0.0;0.0;6171.1455;7614.019;-2344.4;6488.3423;-2428.5923;-1078.4434
2025-06-08;11.448161;3.352712;0.009888967;752.9326;1.0668838;82.81383;0.0;-7.3453654e-25;99.99998;-7.345365e-21;3.5919785;-3.3016949;0.3835559;1.9231737;1.5395954;0.0;0.0;5984.3506;7375.7847;-2159.6055;6759.66;-2293.578;-1145.2866
2025-06-09;11.104695;4.4089966;-0.03262202;751.8825;1.1862309;74.397705;0.0;-7.3453654e-25;100.01886;-7.345365e-21;3.084755;-3.027426;0.32012165;1.8306375;1.5104935;0.0;0.0;5493.7554;6763.967;-2126.5044;6740.238;-2103.0522;-1068.2333
2025-06-10;12.569661;3.277537;-0.0025049846;751.0969;1.122243;86.398445;0.0;-7.3453654e-25;100.01495;-7.345365e-21;0.24436711;-3.0426383;0.020354986;1.5022457;1.4818758;0.0;0.0;5185.776;6378.0;-2064.8247;6848.399;-2113.619;-741.56335
2025-06-11;13.406718;4.166565;0.010215759;752.48236;1.1926788;97.331085;0.0;-7.3453654e-25;99.99998;-7.345365e-21;0.47890842;-3.5442803;0.039085746;1.4923662;1.4532878;0.0;0.0;6239.118;7665.7812;-2233.6194;6900.48;-2462.0933;-1072.0266
2025-06-12;14.753357;2.6079;0.010177612;754.05615;1.2606238;160.99983;0.0;-7.3453654e-25;99.99998;-7.345365e-21;0.07941723;-3.7076435;0.0064074993;1.4311522;1.4247447;0.0;0.0;6552.4653;8042.4146;-2463.1338;6765.5776;-2575.5767;-1104.8711
2025-06-13;16.582376;1.5100302;0.010106404;754.6916;1.2237611;102.782326;0.0;-7.3453654e-25;99.99998;-7.345365e-21;0.10231733;-3.5326667;0.008046627;1.404494;1.3964474;0.0;0.0;6446.5225;7904.1646;-2388.3218;6978.2856;-2454.0266;-1131.1644
2025-06-14;17.155233;-1.3456625;0.009857178;751.6645;1.4295937;158.7906;0.0;-7.3453654e-25;99.99998;-7.345365e-21;0.0;-3.4434078;0.0;1.368463;1.3684704;0.0;0.0;7015.6377;8592.96;-2828.6555;6534.1724;-2392.02;-1409.2
2025-06-15;16.770792;-0.4171346;0.009990692;749.4768;1.676548;221.64622;0.0;-7.3453654e-25;99.99998;-7.345365e-21;0.0025796844;-3.1332839;0.0001937151;1.3410747;1.3408661;0.0;0.0;6930.8184;8480.239;-2771.7356;6636.722;-2176.5889;-1568.5255
2025-06-16;15.141744;-3.9219463;0.009737651;746.84454;1.434075;206.3078;0.0;-7.3453654e-25;99.99998;-7.345365e-21;0.0012956343;-2.7668188;0.00010430813;1.3138205;1.3137236;0.0;0.0;7024.655;8593.931;-3034.1907;6248.8345;-1922.0167;-1877.2522
2025-06-17;12.976369;-6.544454;0.009911855;747.8703;1.350176;218.14545;0.0;-7.3453654e-25;99.99998;-7.345365e-21;0.0;-2.3930845;0.0;1.2871325;1.2871399;0.0;0.0;7123.597;8713.845;-3193.1323;5900.3965;-1662.3955;-2073.851
2025-06-18;12.564839;-1.9345602;0.01009496;750.5962;1.0757294;104.82317;0.0;-7.3453654e-25;99.99998;-7.345365e-21;0.0012874597;-2.2222307;8.940697e-05;1.2611598;1.2610779;0.0;0.0;6664.344;8150.9355;-2915.3416;6328.2183;-1543.71;-1812.4445
2025-06-19;14.468099;1.3919169;0.01000468;751.5398;1.0183103;92.799034;0.0;-7.3453654e-25;99.99998;-7.345365e-21;0.0;-2.2364323;0.0;1.2354255;1.2354255;0.0;0.0;6814.2363;8333.248;-2912.4543;6628.97;-1553.5756;-1813.8944
2025-06-20;16.013083;-0.80385333;0.009971619;750.3533;1.1364552;173.67401;0.0;-7.3453654e-25;99.99998;-7.345365e-21;0.0015318393;-2.185911;8.940697e-05;1.2102425;1.210168;0.0;0.0;6892.282;8427.592;-3070.369;6563.73;-1518.4789;-1854.3511
2025-06-21;16.497467;-5.0192666;0.009754181;749.90326;1.2631856;200.77638;0.0;-7.3453654e-25;99.99998;-7.345365e-21;0.0025689597;-2.123777;0.00016391277;1.1855662;1.1854023;0.0;0.0;7117.8013;8702.239;-3315.1877;6326.0557;-1475.3167;-1928.6677
2025-06-22;16.315348;-6.200653;0.01003011;749.7757;1.2868751;173.59492;0.0;-7.3453654e-25;99.99998;-7.345365e-21;0.0008583069;-2.000708;5.9604645e-05;1.1612177;1.1611581;0.0;0.0;7135.239;8722.422;-3348.7783;6255.77;-1389.8256;-2024.8955
2025-06-23;15.521851;-3.721578;0.009862264;748.64966;1.4528981;130.02849;0.0;-7.3453654e-25;99.99998;-7.345365e-21;0.0004368277;-1.8872191;2.9802322e-05;1.1374652;1.1374428;0.0;0.0;7060.948;8630.476;-3167.9934;6456.9775;-1310.9889;-2166.2012
2025-06-24;15.80717;0.5779622;0.009961446;749.5191;0.9685784;95.772316;0.0;-7.3453654e-25;99.99998;-7.345365e-21;0.0052773096;-1.8736879;0.00029802322;1.1144876;1.114197;0.0;0.0;6801.9966;8312.893;-3054.005;6762.0903;-1301.5884;-1963.9756
2025-06-25;16.658417;0.42115274;0.009827931;750.62067;1.4335748;49.708984;0.0;-7.3453654e-25;99.99998;-7.345365e-21;0.00085234636;-1.8401268;5.9604645e-05;1.0914654;1.0914207;0.0;0.0;6936.0015;8475.61;-3161.5261;6694.507;-1278.2744;-2045.64
2025-06-26;17.28411;0.52786255;0.009844462;750.7752;1.3967038;49.225433;0.0;-7.3453654e-25;99.99998;-7.345365e-21;0.0;-1.7970409;0.0;1.0691583;1.0691509;0.0;0.0;6936.231;8474.805;-3170.1123;6745.7935;-1248.3456;-2053.771
2025-06-27;18.152182;-0.107045494;0.010082245;750.26733;1.3446932;53.184845;0.0;-7.3453654e-25;99.99998;-7.345365e-21;0.0;-1.7888434;0.0;1.0473728;1.0473728;0.0;0.0;6752.104;8248.795;-3094.19;6945.25;-1242.65;-1918.4889
2025-06-28;18.921936;2.0031025;0.009901683;748.20245;1.3120322;81.85322;0.0;-7.3453654e-25;99.99998;-7.345365e-21;0.0012970358;-1.6614516;8.940697e-05;1.0262281;1.0261536;0.0;0.0;6407.433;7826.722;-2848.7917;7246.1733;-1154.1544;-1900.67
2025-06-29;18.157349;-2.0839436;0.009806315;745.3466;1.8478861;166.39186;0.0;-7.3453654e-25;99.99998;-7.345365e-21;0.0;-1.6441429;0.0;1.0054708;1.0054634;0.0;0.0;6993.6504;8541.599;-3167.7888;6805.968;-1142.1311;-2394.54
2025-06-30;16.346598;-3.500183;0.009969075;744.6342;1.6816636;174.02687;0.0;-7.3453654e-25;99.99998;-7.345365e-21;0.0034064054;-1.2326465;0.00016391277;0.9857118;0.98554045;0.0;0.0;5534.7275;6758.792;-2713.162;6845.238;-856.2778;-1913.8278
2025-07-01;15.68333;1.845398;0.009883881;746.7513;1.0229528;97.38639;0.0;-7.3453654e-25;99.99998;-7.345365e-21;0.0;-1.5301201;0.0;0.9660423;0.9660274;0.0;0.0;6779.0376;8277.321;-3017.8916;6832.832;-1062.9244;-2228.8877
2025-07-02;16.78477;1.3690389;0.0097134905;747.3025;1.2285985;128.44772;0.0;-7.3453654e-25;99.99998;-7.345365e-21;0.0008523463;-1.5025996;5.9604645e-05;0.9468049;0.9467453;0.0;0.0;6743.254;8232.554;-3057.1812;6855.398;-1043.8055;-2280.9377
2025-07-03;16.329285;-1.8646647;0.01012675;747.0498;1.53646;144.22926;0.0;-7.3453654e-25;99.99998;-7.345365e-21;0.0004351138;-1.451186;2.9802322e-05;0.9280145;0.92797726;0.0;0.0;6999.1494;8543.877;-3245.284;6550.901;-1008.09;-2494.7178
2025-07-04;15.10614;-5.9523416;0.009989421;747.6409;1.452809;128.1403;0.0;-7.3453654e-25;99.99998;-7.345365e-21;0.0008523463;-1.4073104;5.9604645e-05;0.9097457;0.909701;0.0;0.0;7144.527;8720.203;-3497.186;6128.3354;-977.61224;-2514.9111
2025-07-05;13.223358;-4.760183;0.010032654;747.6955;1.4131535;113.895386;0.0;-7.3453654e-25;99.99998;-7.345365e-21;0.00085234636;-1.2859739;4.4703484e-05;0.8919835;0.8919388;0.0;0.0;7031.527;8581.077;-3257.2622;6230.507;-893.3233;-2638.0366
2025-07-06;13.300029;3.5862834;0.009738922;749.3183;1.96173;37.332684;0.0;-7.3453654e-25;99.99998;-7.345365e-21;0.07160306;-0.91975;0.003695488;0.8787066;0.87500364;0.0;0.0;5084.322;6203.718;-2299.7627;7104.298;-638.92;-2018.8278
2025-07-07;14.142375;3.3254597;0.009766896;749.39545;2.2010176;42.76103;0.0;-7.3453654e-25;99.99998;-7.345365e-21;0.0;-1.2089722;0.0;0.8584559;0.85846335;0.0;0.0;6702.66;8177.7324;-2928.672;6683.427;-839.8333;-2639.969
2025-07-08;15.884277;4.022013;0.01001358;749.0835;1.7822968;48.881577;0.0;-7.3453654e-25;99.99998;-7.345365e-21;0.0;-1.2680664;0.0;0.8420646;0.84207207;0.0;0.0;6638.794;8098.8057;-2942.8162;6885.359;-880.88336;-2374.49
2025-07-09;16.649252;3.6207275;0.009911855;748.9941;1.4477519;49.149048;0.0;-7.3453654e-25;99.99998;-7.345365e-21;0.026560169;-1.2231879;0.0012665987;0.8273423;0.8260831;0.0;0.0;6104.1655;7445.698;-2767.9912;7149.823;-849.70776;-2065.65
2025-07-10;17.946238;4.0717874;0.009936015;749.4961;0.9988262;76.764015;0.0;-7.3453654e-25;99.99998;-7.345365e-21;0.016057491;-1.1642482;0.0008121133;0.811398;0.81057847;0.0;0.0;5561.376;6782.7437;-2583.785;7468.028;-808.76447;-1737.4889
2025-07-11;18.916687;4.3960977;0.01010259;751.5131;1.2029221;49.180332;0.0;-7.3453654e-25;99.99998;-7.345365e-21;0.0041753054;-1.1036787;0.0001937151;0.795722;0.7955432;0.0;0.0;5218.3774;6363.5566;-2495.46;7589.7725;-766.6889;-1578.4355
2025-07-12;20.247702;3.4555256;0.009876251;753.57275;1.2791375;45.990204;0.0;-7.3453654e-25;100.00519;-7.345365e-21;0.0049054613;-1.226047;0.0002682209;0.78111887;0.78083575;0.0;0.0;5670.6475;6914.262;-2580.6777;7738.761;-851.69446;-1730.3567
2025-07-13;20.862558;3.6302083;0.009913127;754.2404;1.1714782;36.9706;0.0;-7.3453654e-25;100.00519;-7.345365e-21;0.0016152858;-1.2186542;8.940697e-05;0.7664859;0.7663965;0.0;0.0;5687.3394;6933.7046;-2522.8093;7891.0166;-846.5578;-1755.7134
2025-07-14;20.06788;3.1359253;0.009836833;752.4582;1.1890969;96.82693;0.0;-7.3453654e-25;99.99998;-7.345365e-21;0.054463744;-1.0328554;0.003054738;0.7554889;0.7524267;0.0;0.0;4846.7373;5907.981;-2270.3328;8003.0215;-717.49;-1572.8911
2025-07-15;19.58904;2.320882;0.009920756;750.2713;0.9774587;124.299774;0.0;-7.3453654e-25;99.99998;-7.345365e-21;0.93957186;-1.2992508;0.05763769;0.79645216;0.7388145;0.0;0.0;5906.2944;7198.731;-2654.638;7728.5522;-902.54553;-1910.6622
2025-07-16;18.656626;-1.0457764;0.009840648;750.26276;1.7296238;153.60008;0.0;-7.3453654e-25;99.99998;-7.345365e-21;0.00086128706;-1.6878834;4.4703484e-05;0.7254034;0.7253513;0.0;0.0;6928.584;8442.794;-3270.326;6795.4766;-1172.5155;-2385.159
2025-07-17;18.359528;-0.6688741;0.01001358;751.52246;1.2235788;158.00177;0.0;-7.3453654e-25;99.99998;-7.345365e-21;0.00085607864;-1.341043;5.9604645e-05;0.7121861;0.7121563;0.0;0.0;6760.133;8235.705;-3132.6494;6950.1255;-931.57666;-2356.0933
2025-07-18;19.019907;0.26800537;0.010252635;752.3015;1.0927423;80.05498;0.0;-7.3453654e-25;99.99998;-7.345365e-21;0.002142543;-1.2104995;0.00011920929;0.6994009;0.69928914;0.0;0.0;6082.3457;7408.296;-2937.3157;7268.137;-840.8945;-1947.8511
2025-07-19;20.19451;2.4241028;0.010108948;750.9997;1.2375749;69.948555;0.0;-7.3453654e-25;99.99998;-7.345365e-21;0.0014841557;-1.1713468;7.4505806e-05;0.6868243;0.6867647;0.0;0.0;6127.255;7461.3604;-2882.979;7468.3213;-813.69556;-1979.2544
2025-07-20;20.207682;1.7990214;0.01003011;749.64886;1.3275052;103.07015;0.0;-7.3453654e-25;99.99998;-7.345365e-21;0.004941225;-1.1486355;0.00020861626;0.6747395;0.6745383;0.0;0.0;6292.5386;7660.831;-3050.3738;7267.3623;-797.9178;-2135.8723
2025-07-21;19.64503;0.0032043457;0.009881337;750.3211;1.4301125;131.74046;0.0;-7.3453654e-25;99.99998;-7.345365e-21;0.0;-1.1866801;0.0;0.6625354;0.6625354;0.0;0.0;6850.3726;8338.137;-3355.4287;6933.0254;-824.3478;-2383.3577
2025-07-22;20.430319;-3.8047688;0.010000865;750.9783;1.2959825;104.6827;0.0;-7.3453654e-25;99.99998;-7.345365e-21;0.0;-1.2093717;0.0;0.6508231;0.6508231;0.0;0.0;6973.166;8485.698;-3586.8066;6751.965;-840.1111;-2129.3223
2025-07-23;21.587423;1.2752177;0.010011037;750.1735;1.3247424;107.62415;0.0;-7.3453654e-25;99.99998;-7.345365e-21;0.0012847313;-1.1131241;7.4505806e-05;0.63948333;0.6394088;0.0;0.0;6199.738;7542.757;-3085.7017;7395.2617;-773.25;-1882.7089
2025-07-24;22.46813;0.19744873;0.009871165;749.47876;1.46743;54.464508;0.0;-7.3453654e-25;99.99998;-7.345365e-21;0.0033825627;-1.1267383;0.0001937151;0.6284714;0.62829256;0.0;0.0;6170.564;7505.78;-2926.6172;7701.8604;-782.70776;-1965.2023
2025-07-25;22.426706;-0.0669454;0.009811401;749.8547;1.3994354;53.66278;0.0;-7.3453654e-25;99.99998;-7.345365e-21;0.011473894;-1.0505338;0.00059604645;0.61807036;0.6174743;0.0;0.0;5780.215;7029.3545;-2880.2903;7700.1143;-729.7711;-1799.3611
2025-07-26;22.070688;0.71810913;0.009882609;751.4973;1.1687841;36.88581;0.0;-7.3453654e-25;99.99998;-7.345365e-21;0.124931335;-1.0331329;0.0066161156;0.6136;0.60699135;0.0;0.0;5488.5156;6673.1626;-2717.0784;7797.75;-717.68335;-1663.0466
2025-07-27;21.827026;1.4272766;0.0102882385;751.56573;0.99986523;111.58483;0.0;-7.3453654e-25;99.99998;-7.345365e-21;0.034213066;-1.067033;0.0017508864;0.59847534;0.59673935;0.0;0.0;5708.5107;6939.072;-2881.4172;7685.4487;-741.23334;-1766.9756
2025-07-28;22.306671;-0.40060425;0.009927114;750.4241;1.3344637;127.38745;0.0;-7.3453654e-25;99.99998;-7.345365e-21;0.0013560057;-0.98896587;5.9604645e-05;0.586763;0.5867183;0.0;0.0;5606.118;6813.0874;-2791.9805;7760.3613;-687.0022;-1767.7333
2025-07-29;22.365723;-1.3961487;0.010120392;751.20636;1.502954;125.47411;0.0;-7.3453654e-25;99.99998;-7.345365e-21;0.00071525574;-1.018988;5.9604645e-05;0.57697296;0.57694316;0.0;0.0;6179.846;7508.6655;-3054.716;7491.471;-707.8567;-2107.8767
2025-07-30;22.217752;-1.0428976;0.0098775225;752.37726;1.1921878;105.738884;0.0;-7.3453654e-25;99.99998;-7.345365e-21;0.0006854534;-0.9472799;2.9802322e-05;0.5674064;0.5673766;0.0;0.0;5545.7114;6736.5933;-2842.8723;7677.041;-658.04443;-1711.9456
2025-07-31;21.83262;1.8987122;0.00990804;751.37494;1.359868;58.020435;0.0;-7.3453654e-25;99.99998;-7.345365e-21;0.0055253496;-0.9066332;0.00023841858;0.5583018;0.5580634;0.0;0.0;5491.783;6669.628;-2734.9927;7762.7;-629.8078;-1796.6945
2025-08-01;22.471945;2.9392903;0.009661357;750.56085;1.3004675;132.52246;0.0;-7.3453654e-25;100.00519;-7.345365e-21;0.00043511385;-0.9672605;2.2351742e-05;0.548929;0.5489141;0.0;0.0;5951.8696;7226.721;-2836.536;7773.4546;-671.92334;-2079.49
2025-08-02;21.13685;2.8454692;0.009947459;751.7923;1.3507122;169.53139;0.0;-7.3453654e-25;100.00259;-7.345365e-21;0.0012934206;-0.98928064;5.9604645e-05;0.5399436;0.53986907;0.0;0.0;6558.3184;7961.285;-3155.219;7370.761;-687.22;-2485.3032
2025-08-03;20.953268;1.1192322;0.009684245;752.7534;1.3117846;165.32442;0.0;-7.3453654e-25;99.99998;-7.345365e-21;0.0021517272;-0.9832196;0.00011920929;0.5310774;0.530988;0.0;0.0;6610.6484;8023.0435;-3251.2612;7221.896;-683.01;-2390.3523
2025-08-04;22.109903;2.0176392;0.010180156;753.72974;1.3314966;101.914696;0.0;-7.3453654e-25;99.99998;-7.345365e-21;0.0;-0.97973275;0.0;0.5223155;0.5223304;0.0;0.0;6402.682;7768.878;-3154.84;7453.3066;-680.5872;-2179.7112
2025-08-05;23.353607;0.868398;0.009847005;754.0235;1.3744713;113.38285;0.0;-7.3453654e-25;99.99998;-7.345365e-21;0.0031213658;-0.9564198;0.00014901161;0.51406026;0.51392615;0.0;0.0;6172.759;7488.172;-2927.6033;7826.3076;-664.3933;-2030.4833
2025-08-06;23.381378;1.6818033;0.009984334;753.8056;1.1551669;79.5983;0.0;-7.3453654e-25;99.99998;-7.345365e-21;0.062416155;-0.9289766;0.0031888485;0.50893426;0.50573796;0.0;0.0;5588.6133;6777.974;-2740.4377;8018.048;-645.3289;-1871.5834
2025-08-07;22.379517;-0.37862143;0.009955089;753.1745;1.3594009;110.429504;0.0;-7.3453654e-25;99.99998;-7.345365e-21;0.024437904;-0.9119529;0.0009983778;0.49874187;0.49775094;0.0;0.0;5973.031;7242.5845;-3181.7527;7362.0;-633.50336;-2073.0378
2025-08-08;21.159342;-3.4227905;0.009887695;752.9318;1.295843;147.01413;0.0;-7.3453654e-25;99.99998;-7.345365e-21;0.0;-0.91627425;0.0;0.48992038;0.48993528;0.0;0.0;6741.7544;8173.096;-3612.331;6748.6157;-636.50555;-2291.611
2025-08-09;21.000937;-1.5061035;0.009686788;754.81036;1.2721447;135.97086;0.0;-7.3453654e-25;99.99998;-7.345365e-21;0.0012874597;-0.9059496;7.4505806e-05;0.48229098;0.48222393;0.0;0.0;6332.999;7675.8696;-3232.912;7230.415;-629.3333;-2131.58
2025-08-10;20.991953;0.45606485;0.009971619;753.8398;1.2573284;103.84683;0.0;-7.3453654e-25;99.99998;-7.345365e-21;0.13116896;-0.8836994;0.0066310167;0.4813373;0.47469884;0.0;0.0;6090.364;7380.1216;-3100.1748;7335.5454;-613.87665;-2126.5989
2025-08-11;20.819162;-0.39187622;0.009969075;753.2883;1.1724235;115.1845;0.0;-7.3453654e-25;99.99998;-7.345365e-21;0.10941923;-0.9377487;0.005528331;0.47287345;0.46734512;0.0;0.0;6216.6016;7531.4033;-3171.363;7217.174;-651.42334;-2202.6167
2025-08-12;20.222605;-4.5865884;0.010538737;753.37335;1.4028187;135.1504;0.0;-7.3453654e-25;99.99998;-7.345365e-21;0.0012846359;-0.90724325;7.4505806e-05;0.46022236;0.46017766;0.0;0.0;6536.4956;7917.18;-3442.7834;6793.6187;-630.23114;-2331.7422
2025-08-13;19.503489;-0.40631104;0.010172526;754.1137;1.2442771;81.73596;0.0;-7.3453654e-25;99.99998;-7.345365e-21;0.0;-0.87778085;0.0;0.4531145;0.4531145;0.0;0.0;6369.1055;7712.69;-3328.4966;6993.8364;-609.76447;-2138.2144
2025-08-14;20.167765;2.2781372;0.009958903;753.66455;1.3174032;64.86228;0.0;-7.3453654e-25;99.99998;-7.345365e-21;0.00042617318;-0.82364494;2.2351742e-05;0.44623017;0.44620037;0.0;0.0;6101.707;7387.367;-3176.2622;7184.7837;-572.1589;-2088.791
2025-08-15;20.671286;-1.7846375;0.009947459;750.5771;1.4639554;110.41745;0.0;-7.3453654e-25;99.99998;-7.345365e-21;0.002567809;-0.831645;0.00014901161;0.43958426;0.43946505;0.0;0.0;6305.7705;7632.5977;-3358.7546;6993.5376;-577.7167;-2149.2988
2025-08-16;19.662485;-4.773397;0.009950002;749.1534;1.5506471;128.5052;0.0;-7.3453654e-25;99.99998;-7.345365e-21;0.0008594739;-0.79541653;4.4703484e-05;0.43292344;0.43287873;0.0;0.0;6449.7705;7805.9434;-3477.8855;6669.162;-552.55;-2361.7778
2025-08-17;18.731405;-5.4624734;0.010135651;751.12885;1.3337021;116.35596;0.0;-7.3453654e-25;99.99998;-7.345365e-21;0.0;-0.7898165;0.0;0.42642653;0.42642653;0.0;0.0;6458.343;7815.4087;-3475.43;6603.7183;-548.66;-2270.4956
2025-08-18;20.085175;-8.029561;0.009693146;751.93286;1.1846234;115.996574;0.0;-7.3453654e-25;99.99998;-7.345365e-21;0.0;-0.8033477;0.0;0.42013824;0.42013824;0.0;0.0;6546.7495;7921.47;-3706.1387;6471.6865;-558.0589;-2057.1
2025-08-19;21.467163;-9.129578;0.010087331;750.9985;1.2718503;99.988075;0.0;-7.3453654e-25;99.99998;-7.345365e-21;0.0008523463;-0.79421234;4.4703484e-05;0.41405857;0.41401386;0.0;0.0;6565.155;7942.813;-3760.1853;6505.079;-551.7122;-1936.2489
2025-08-20;20.738363;-1.1115824;0.010205586;749.2922;1.3725543;155.45918;0.0;-7.3453654e-25;99.99998;-7.345365e-21;0.0008523463;-0.75488913;4.4703484e-05;0.4080832;0.4080385;0.0;0.0;6268.2593;7582.703;-3313.0044;6984.911;-524.39557;-2222.9656
2025-08-21;19.874838;-0.61588544;0.009958903;749.8408;1.1759473;123.06005;0.0;-7.3453654e-25;99.99998;-7.345365e-21;0.002571718;-0.7593688;0.00011920929;0.40227175;0.40215254;0.0;0.0;6339.2417;7667.6665;-3478.5188;6757.113;-527.5089;-2091.959
2025-08-22;19.08793;0.47937012;0.009975433;751.27985;1.1797112;108.941864;0.0;-7.3453654e-25;99.99998;-7.345365e-21;0.0;-0.7538339;0.0;0.3963411;0.396356;0.0;0.0;6149.063;7436.6816;-3175.59;7064.1396;-523.6644;-2217.1567
2025-08-23;19.870962;-0.5128784;0.009887695;750.74567;1.0849693;106.02273;0.0;-7.3453654e-25;99.99998;-7.345365e-21;0.0008583069;-0.76120067;4.4703484e-05;0.39067864;0.39064884;0.0;0.0;6006.0054;7262.8076;-3181.1404;7139.884;-528.7811;-2042.4589
2025-08-24;20.864279;-1.3993632;0.010092418;751.0335;1.1989192;159.43483;0.0;-7.3453654e-25;99.99998;-7.345365e-21;0.0;-0.7588435;0.0;0.3850907;0.38508326;0.0;0.0;6087.559;7360.575;-3250.3943;7108.0356;-527.1433;-2059.64
2025-08-25;20.995626;-4.3174644;0.009829204;751.3755;1.2646319;125.35519;0.0;-7.3453654e-25;99.99998;-7.345365e-21;0.0;-0.7304847;0.0;0.3796667;0.3796667;0.0;0.0;6180.796;7472.4067;-3486.0894;6789.71;-507.44333;-2022.7211
2025-08-26;20.559732;-4.95281;0.010262807;751.65314;1.3448387;107.37338;0.0;-7.3453654e-25;99.99998;-7.345365e-21;0.0008523463;-0.70623684;2.9802322e-05;0.37443638;0.37439167;0.0;0.0;6165.902;7453.4995;-3490.9006;6697.364;-490.6;-1999.6633
2025-08-27;20.80021;-3.879181;0.010032654;752.3235;1.4418039;95.14169;0.0;-7.3453654e-25;99.99998;-7.345365e-21;0.0;-0.7076636;0.0;0.36923587;0.36924332;0.0;0.0;6066.9727;7333.0186;-3398.2817;6824.7104;-491.59113;-1971.1755
2025-08-28;20.805277;-0.59517413;0.01003774;753.5494;1.412903;119.21595;0.0;-7.3453654e-25;99.99998;-7.345365e-21;0.0008634882;-0.69959927;4.4703484e-05;0.36421418;0.36416203;0.0;0.0;5945.109;7184.8276;-3165.817;7125.6235;-485.9889;-2021.6011
2025-08-29;20.540009;-0.2398885;0.00990804;754.4951;1.2675948;85.24006;0.0;-7.3453654e-25;99.99998;-7.345365e-21;0.0016959821;-0.67833626;8.940697e-05;0.3592968;0.35919994;0.0;0.0;5579.5615;6742.2593;-3009.264;7308.916;-471.21777;-1865.5778
2025-08-30;20.236816;0.0012410482;0.009961446;754.7829;1.2876891;97.25675;0.0;-7.3453654e-25;99.99998;-7.345365e-21;0.0017076891;-0.66620016;8.940697e-05;0.35442412;0.35434216;0.0;0.0;5540.075;6693.765;-2980.1565;7282.758;-462.78665;-1884.2633
2025-08-31;19.858643;-0.7821248;0.010152181;753.5588;1.355114;97.37725;0.0;-7.3453654e-25;99.99998;-7.345365e-21;0.0025699702;-0.58152527;0.00011920929;0.34976006;0.3496185;0.0;0.0;4853.355;5863.1807;-2700.575;7420.622;-403.96667;-1666.5533
2025-09-01;19.891306;-0.55266315;0.009722392;751.0464;1.2651844;56.4743;0.0;-7.3453654e-25;99.99998;-7.345365e-21;0.0004417396;-0.56645554;2.9802322e-05;0.3450811;0.34505874;0.0;0.0;4640.403;5605.401;-2551.654;7589.2324;-393.49777;-1534.6089
2025-09-02;19.74227;-3.1107075;0.010190328;749.64374;1.2413108;63.544373;0.0;-7.3453654e-25;99.99998;-7.345365e-21;0.00085157313;-0.63723606;4.4703484e-05;0.34058094;0.3405437;0.0;0.0;5408.4688;6532.5337;-3001.2852;7176.5107;-442.66724;-1792.8772
2025-09-03;18.85736;-4.257528;0.01003774;749.10126;1.2883861;119.36074;0.0;-7.3453654e-25;99.99998;-7.345365e-21;0.00042617318;-0.55650437;1.4901161e-05;0.3361553;0.3361255;0.0;0.0;4972.8276;6005.444;-2885.7703;7060.3613;-386.58554;-1650.5656
2025-09-04;16.260794;1.8788656;0.009909312;750.8201;1.2232857;181.20001;0.0;-7.3453654e-25;99.99998;-7.345365e-21;0.005298853;-0.49927366;0.00022351742;0.33205748;0.33183396;0.0;0.0;5069.9673;6122.262;-2707.6072;6980.866;-346.8289;-2092.1667
2025-09-05;16.23533;-0.37306723;0.009854634;753.32184;1.1867769;169.00357;0.0;-7.3453654e-25;99.99998;-7.345365e-21;0.0;-0.5548168;0.0;0.32758713;0.32760203;0.0;0.0;5466.194;6599.7876;-2948.0627;6754.4365;-385.4111;-2093.9277
2025-09-06;16.305918;-1.7915955;0.009896596;753.5733;1.2143923;187.49103;0.0;-7.3453654e-25;99.99998;-7.345365e-21;0.0008583069;-0.57322717;4.4703484e-05;0.3234595;0.3234148;0.0;0.0;5625.2163;6790.9204;-3091.44;6630.789;-398.2022;-2086.0388
2025-09-07;16.515482;-5.143107;0.010158539;752.17896;1.2747158;190.60423;0.0;-7.3453654e-25;99.99998;-7.345365e-21;0.00044107434;-0.56319964;1.4901161e-05;0.31933188;0.31930953;0.0;0.0;5702.492;6883.4272;-3352.7961;6258.9272;-391.23557;-1964.8033
2025-09-08;15.887787;-3.387207;0.010112762;751.67426;1.2731268;160.30653;0.0;-7.3453654e-25;99.99998;-7.345365e-21;0.0012844794;-0.5240906;5.9604645e-05;0.31538308;0.31530857;0.0;0.0;5367.4766;6478.295;-2989.5166;6566.051;-364.06778;-1938.7256
2025-09-09;15.762523;-3.4754436;0.010154724;751.8972;1.394208;166.40863;0.0;-7.3453654e-25;99.99998;-7.345365e-21;0.0017106531;-0.52335113;8.940697e-05;0.31146407;0.31138957;0.0;0.0;5451.3726;6578.7114;-3066.3435;6472.352;-363.55444;-2060.3032
2025-09-10;14.9270525;-5.949717;0.00999705;751.8792;1.1824603;189.38277;0.0;-7.3453654e-25;99.99998;-7.345365e-21;0.0008583068;-0.5212035;4.4703484e-05;0.30758977;0.30754507;0.0;0.0;5571.751;6723.1895;-3264.7043;6139.6523;-362.0611;-1964.4066
2025-09-11;12.824524;-4.0007424;0.010438283;749.83295;1.3796264;143.16649;0.0;-7.3453654e-25;99.99998;-7.345365e-21;0.6597042;-0.56716615;0.033915043;0.33774972;0.30383468;0.0;0.0;5086.185;6136.511;-2828.64;6317.371;-393.99112;-2004.0167
2025-09-12;12.677734;-3.340271;0.009859721;751.67426;1.2454842;121.84812;0.0;-7.3453654e-25;99.99998;-7.345365e-21;0.0008523463;-0.69826;4.4703484e-05;0.3002435;0.3001988;0.0;0.0;5398.06;6511.961;-2945.7866;6277.863;-485.05777;-1983.6505
2025-09-13;13.868602;-3.7146301;0.009791057;752.9727;1.1794116;114.14205;0.0;-7.3453654e-25;99.99998;-7.345365e-21;0.0008523463;-0.6218748;2.9802322e-05;0.2966225;0.2965778;0.0;0.0;5314.101;6409.9595;-2992.847;6358.112;-431.99612;-1807.0767
2025-09-14;13.825114;-1.7945251;0.009755452;753.65436;1.201105;96.984245;0.0;-7.3453654e-25;99.99998;-7.345365e-21;0.012719631;-0.5246848;0.00044703484;0.29349327;0.29304624;0.0;0.0;4863.5527;5865.6113;-2809.0813;6522.162;-364.4811;-1650.6522
2025-09-15;14.42278;-1.1043295;0.00982666;753.9468;1.1987926;144.8139;0.0;-7.3453654e-25;99.99998;-7.345365e-21;0.0025707094;-0.5253833;0.00011920929;0.28970838;0.28958172;0.0;0.0;5207.165;6279.398;-2915.6216;6493.8433;-364.96555;-1837.0089
2025-09-16;14.202647;-3.8178406;0.009989421;752.61237;1.24131;176.44807;0.0;-7.3453654e-25;99.99998;-7.345365e-21;0.0;-0.5009752;0.0;0.2861619;0.2861619;0.0;0.0;5264.3843;6342.8564;-2990.602;6364.6177;-348.0111;-1891.7467
2025-09-17;14.688762;-3.7441711;0.0100619;752.5876;1.2336875;262.15982;0.0;-7.3453654e-25;99.99998;-7.345365e-21;0.0008523463;-0.48632455;4.4703484e-05;0.28285384;0.28282404;0.0;0.0;5191.113;6249.1733;-2938.7644;6428.8257;-337.83276;-1857.1711
2025-09-18;15.206044;-2.8408203;0.010279338;750.9996;1.4550589;241.79907;0.0;-7.3453654e-25;99.99998;-7.345365e-21;0.0;-0.45212173;0.0;0.27954578;0.27954578;0.0;0.0;4839.75;5821.1255;-2723.4963;6630.44;-314.07443;-1725.5355
2025-09-19;11.692922;-2.1637776;0.010041554;747.10895;1.8180627;239.7679;0.0;-7.3453654e-25;99.99998;-7.345365e-21;2.376148;-0.74796194;0.12855232;0.40501356;0.27644634;0.0;0.0;4515.4355;5426.386;-2473.492;6389.218;-519.5856;-1917.7034
2025-09-20;9.726288;-5.0568748;0.010031383;749.45044;1.1085402;113.40976;0.0;-7.3453654e-25;99.99998;-7.345365e-21;0.0012934206;-1.0022204;5.9604645e-05;0.2734661;0.2734065;0.0;0.0;5147.383;6180.34;-2897.8;5900.1465;-696.21;-1678.9011
2025-09-21;8.349376;-3.2931721;0.009838104;749.89166;1.5721903;92.964264;0.0;-7.3453654e-25;99.99998;-7.345365e-21;0.39987564;-0.75842625;0.017151237;0.2875328;0.27038902;0.0;0.0;4284.6465;5139.794;-2290.7795;6389.346;-526.85443;-1656.4255
2025-09-22;7.1936035;-2.5561726;0.010182698;753.5288;1.6583599;40.28117;0.0;-7.3453654e-25;99.99998;-7.345365e-21;0.079891086;-0.65056235;0.003799796;0.27126074;0.26746094;0.0;0.0;4436.6685;5317.3813;-2563.4578;5971.947;-451.9222;-1712.5577
2025-09-23;8.481262;-4.483439;0.00995636;754.2766;1.2485882;64.88822;0.0;-7.3453654e-25;99.99998;-7.345365e-21;0.0;-0.64994025;0.0;0.26455522;0.26455522;0.0;0.0;5038.6606;6034.056;-2947.915;5702.5454;-451.49112;-1686.2347
2025-09-24;10.13322;-5.896932;0.010260264;752.2903;0.99899536;104.10416;0.0;-7.3453654e-25;99.99998;-7.345365e-21;0.0;-0.609098;0.0;0.2616346;0.2616495;0.0;0.0;5043.331;6034.4487;-3028.0571;5791.4463;-423.12;-1548.5422
2025-09-25;10.744649;-6.239807;0.009915669;750.18756;1.064546;92.35406;0.0;-7.3453654e-25;99.99998;-7.345365e-21;0.0;-0.5457252;0.0;0.25877357;0.25878847;0.0;0.0;4950.178;5917.8623;-2909.847;6015.7183;-379.09668;-1575.4434
2025-09-26;10.972331;-6.8528037;0.009849548;750.586;1.119367;93.638336;0.0;-7.3453654e-25;99.99998;-7.345365e-21;0.05093217;-0.4543122;0.0021755695;0.25817752;0.2559945;0.0;0.0;4437.434;5300.3047;-2669.7715;6173.0913;-315.59555;-1485.66
2025-09-27;11.160065;-8.1067915;0.00970459;752.78735;1.4923953;159.07518;0.0;-7.3453654e-25;99.99998;-7.345365e-21;0.0;-0.42905286;0.0;0.25326014;0.2532676;0.0;0.0;4596.009;5484.872;-2721.2378;6073.5444;-298.0478;-1651.4608
2025-09-28;11.179372;-7.512716;0.010187785;754.9282;1.2121309;239.57904;0.0;-7.3453654e-25;99.99998;-7.345365e-21;0.0025725376;-0.4171226;0.00011920929;0.25069714;0.25057793;0.0;0.0;4827.7944;5756.596;-2817.0095;5968.4043;-289.7611;-1742.5789
2025-09-29;11.94344;-5.6880393;0.009925842;754.1787;1.1826426;207.41554;0.0;-7.3453654e-25;99.99998;-7.345365e-21;0.0017106531;-0.43095088;8.940697e-05;0.24801493;0.24792552;0.0;0.0;4836.649;5762.1816;-2927.0854;5953.9517;-299.36777;-1566.9567
2025-09-30;11.714966;-4.3983865;0.010042827;750.7649;1.2918727;225.9012;0.0;-7.3453654e-25;99.99998;-7.345365e-21;0.0004351138;-0.39751083;1.4901161e-05;0.24533272;0.24531782;0.0;0.0;4714.823;5612.197;-2688.646;6199.5166;-276.1389;-1692.88
2025-10-01;10.767751;-2.4251506;0.01020813;749.7842;1.1753867;100.78525;0.0;-7.3453654e-25;99.99998;-7.345365e-21;0.0;-0.36293083;0.0;0.24278462;0.24277717;0.0;0.0;4178.6367;4969.674;-2495.7896;6366.654;-252.11555;-1464.0522
2025-10-02;10.3151045;-1.0089518;0.010019938;750.9245;1.1998581;91.29895;0.0;-7.3453654e-25;99.99998;-7.345365e-21;0.0042855735;-0.37861335;0.0001937151;0.24047494;0.24028122;0.0;0.0;4445.0093;5281.7153;-2593.8806;6270.8677;-263.00943;-1598.6289
2025-10-03;10.55012;-4.039083;0.009920756;753.87494;1.1642847;136.0588;0.0;-7.3453654e-25;99.99998;-7.345365e-21;0.00085234636;-0.39338505;4.4703484e-05;0.23785233;0.23780763;0.0;0.0;4664.2227;5537.6157;-2870.8733;5921.9673;-273.27112;-1577.8822
2025-10-04;11.630809;-7.639099;0.0099817915;756.5091;0.98971003;72.610115;0.0;-7.3453654e-25;99.99998;-7.345365e-21;0.0008523463;-0.4286971;4.4703484e-05;0.23540854;0.23535639;0.0;0.0;4697.138;5571.895;-3027.3389;5882.677;-297.80112;-1285.9445
2025-10-05;12.956166;-9.153005;0.009979248;754.7941;1.1693029;116.910034;0.0;-7.3453654e-25;99.99998;-7.345365e-21;0.00044107434;-0.42758417;1.4901161e-05;0.23294985;0.2329424;0.0;0.0;4671.358;5536.5566;-3064.7788;5891.0547;-297.02777;-1247.7622
2025-10-06;12.900116;-8.264252;0.010116577;753.383;1.1222697;173.97166;0.0;-7.3453654e-25;99.99998;-7.345365e-21;0.00257194;-0.40917844;0.00011920929;0.23068488;0.23057312;0.0;0.0;4621.1455;5472.3535;-2968.729;5990.1226;-284.24222;-1281.8966
2025-10-07;12.718231;-3.9344585;0.009816487;754.00323;1.194315;190.709;0.0;-7.3453654e-25;99.99998;-7.345365e-21;0.0;-0.3793705;0.0;0.22824109;0.22824854;0.0;0.0;4472.6396;5291.965;-2733.0217;6217.3423;-263.53555;-1432.5886
2025-10-08;12.218883;-3.2690632;0.0099105835;753.83844;1.3760467;174.3839;0.0;-7.3453654e-25;99.99998;-7.345365e-21;0.0012934206;-0.35151654;5.9604645e-05;0.22602081;0.22597611;0.0;0.0;4407.4;5210.3022;-2614.5117;6259.3506;-244.18666;-1561.1156
2025-10-09;10.87083;-2.6468914;0.009925842;753.2441;1.6383363;222.87169;0.0;-7.3453654e-25;99.99998;-7.345365e-21;0.0017225739;-0.3222255;8.940697e-05;0.22384524;0.22375584;0.0;0.0;4369.8193;5161.4707;-2573.8784;6170.862;-223.83888;-1642.9745
2025-10-10;7.453644;-3.097585;0.009971619;752.11084;1.3060622;208.2701;0.0;-7.3453654e-25;99.99998;-7.345365e-21;0.0;-0.2810266;0.0;0.22159517;0.22159517;0.0;0.0;4301.1094;5075.9565;-2684.3;5723.0376;-195.22;-1772.6367
2025-10-11;7.3567405;-6.265249;0.010027568;750.94653;1.0409253;222.54231;0.0;-7.3453654e-25;99.99998;-7.345365e-21;0.0004351138;-0.3005853;1.4901161e-05;0.2194941;0.2194792;0.0;0.0;4373.9355;5157.474;-2814.764;5512.6357;-208.8061;-1558.5255
2025-10-12;7.5885925;-4.959005;0.0099817915;750.61255;1.0727538;175.93596;0.0;-7.3453654e-25;99.99998;-7.345365e-21;2.4379475;-0.3524171;0.13954937;0.35694242;0.21738559;0.0;0.0;4254.613;5012.565;-2343.8044;6132.6504;-244.81223;-1522.9377
2025-10-13;5.5388284;-1.6545715;0.0100746155;749.9382;1.4147223;144.30792;0.0;-7.3453654e-25;99.99998;-7.345365e-21;2.731818;-1.1335025;0.1661405;0.38154423;0.21539629;0.0;0.0;3159.3071;3718.9766;-1839.4089;6212.0933;-787.4056;-1179.7855
2025-10-14;7.347809;-7.0651956;0.009936015;753.3359;1.0457252;178.33171;0.0;-7.3453654e-25;99.99998;-7.345365e-21;0.0012814989;-1.0624667;5.9604645e-05;0.21347404;0.21342933;0.0;0.0;4364.875;5133.6196;-2834.335;5254.904;-738.06055;-1004.4411
2025-10-15;7.8582864;-6.752462;0.010101318;752.7712;1.0162367;221.82405;0.0;-7.3453654e-25;99.99998;-7.345365e-21;0.0;-0.9720009;0.0;0.21144748;0.21144748;0.0;0.0;4277.8765;5027.039;-2652.5073;5495.862;-675.2161;-1038.9434
2025-10-16;7.4283957;-4.9362793;0.010042827;753.75055;1.029892;165.54137;0.0;-7.3453654e-25;99.99998;-7.345365e-21;0.0017195934;-0.85901004;8.940697e-05;0.20956993;0.20948797;0.0;0.0;4194.9355;4928.024;-2577.8928;5593.819;-596.725;-1165.5488
2025-10-17;7.54067;-5.970835;0.009961446;755.9046;1.0082461;153.10333;0.0;-7.3453654e-25;99.99998;-7.345365e-21;0.0008583069;-0.7970594;4.4703484e-05;0.20760298;0.20756572;0.0;0.0;4178.563;4907.25;-2646.2483;5532.8525;-553.69;-1087.5411
2025-10-18;7.4623513;-9.056088;0.010040283;755.01447;1.0472797;193.1562;0.0;-7.3453654e-25;99.99998;-7.345365e-21;0.0004351138;-0.72543883;1.4901161e-05;0.20569563;0.20568073;0.0;0.0;4059.841;4766.31;-2656.8655;5488.5654;-503.9389;-1044.039
2025-10-19;7.114319;-6.9473877;0.009938558;752.09863;1.1245971;155.32979;0.0;-7.3453654e-25;99.99998;-7.345365e-21;0.0;-0.61556137;0.0;0.20380318;0.20381808;0.0;0.0;4029.885;4729.691;-2505.9006;5652.222;-427.61;-1186.4623
2025-10-20;6.3315835;-4.670685;0.009913127;750.2635;1.2000533;215.03868;0.0;-7.3453654e-25;99.99998;-7.345365e-21;0.0017166131;-0.48575366;8.940697e-05;0.20207465;0.20200014;0.0;0.0;3677.0723;4314.292;-2220.2583;5907.1494;-337.43777;-1202.1233
2025-10-21;4.932251;2.0826416;0.010018666;751.5969;1.052255;216.00224;0.0;-7.3453654e-25;99.99998;-7.345365e-21;6.4392686;-0.84503365;0.35579503;0.55611134;0.20030886;0.0;0.0;1690.3978;1983.0656;-569.385;7436.4805;-587.01666;-619.2211
2025-10-22;5.1245117;2.9811401;0.009967804;754.7561;0.879484;228.22777;0.0;-7.3453654e-25;99.99998;-7.345365e-21;2.5915718;-1.0414627;0.13574958;0.33445656;0.19869953;0.0;0.0;2173.5483;2548.7656;-1130.7739;6873.4746;-723.47;-684.5122
2025-10-23;5.64094;-0.12921143;0.010087331;754.5379;1.0057505;200.90184;0.0;-7.3453654e-25;99.99998;-7.345365e-21;0.22425056;-1.0429201;0.011131167;0.20819902;0.1970604;0.0;0.0;3146.285;3688.1045;-1752.2139;6268.492;-724.48224;-896.1445
2025-10-24;6.810669;-1.8406067;0.010070801;753.80225;0.897657;200.13666;0.0;-7.3453654e-25;99.99998;-7.345365e-21;0.23713112;-0.983011;0.011757016;0.20714104;0.19539148;0.0;0.0;3345.895;3920.85;-1945.8428;6139.115;-682.86444;-790.73224
2025-10-25;7.1767883;-2.8351238;0.010039012;751.9345;1.0891552;222.39374;0.0;-7.3453654e-25;99.99998;-7.345365e-21;0.0052303076;-0.9278804;0.00025331974;0.19398332;0.19373745;0.0;0.0;3304.131;3870.6667;-1962.4839;6093.291;-644.5689;-864.8211
2025-10-26;6.276713;-0.4680786;0.0099487305;750.8322;1.2295221;240.41158;0.0;-7.3453654e-25;99.99998;-7.345365e-21;0.08087456;-0.7976219;0.003889203;0.19599497;0.19210577;0.0;0.0;3290.3318;3853.2878;-1730.2678;6344.9805;-554.0811;-996.0233
2025-10-27;7.207316;1.5854594;0.010025024;753.43115;0.9023921;224.29445;0.0;-7.3453654e-25;99.99998;-7.345365e-21;0.039744377;-0.70086867;0.0019073486;0.1924038;0.19052625;0.0;0.0;2593.625;3036.5557;-1560.9338;6625.9834;-486.87112;-763.9767
2025-10-28;7.269521;-1.5743612;0.010052999;753.45245;0.9910856;197.24243;0.0;-7.3453654e-25;99.99998;-7.345365e-21;0.0025629988;-0.8456372;0.00011920929;0.18903613;0.18893182;0.0;0.0;3708.5684;4340.3667;-2447.1672;5620.042;-587.43555;-809.4311
2025-10-29;6.036062;-2.3807678;0.009899139;752.1484;1.232518;272.57782;0.0;-7.3453654e-25;99.99998;-7.345365e-21;0.75811446;-0.7190145;0.036388636;0.22374094;0.1873523;0.0;0.0;3452.024;4038.8877;-2084.8406;5919.1235;-499.47556;-886.1556
2025-10-30;4.8070884;-3.2305133;0.010177612;753.20087;1.0479058;106.13323;0.0;-7.3453654e-25;99.99998;-7.345365e-21;0.0004351138;-0.85146725;1.4901161e-05;0.18581748;0.18581003;0.0;0.0;3641.784;4259.4033;-2418.334;5491.078;-591.4861;-870.3922
2025-10-31;5.9266357;-7.301899;0.010101318;755.05536;1.0747083;109.5394;0.0;-7.3453654e-25;99.99998;-7.345365e-21;0.0;-0.7220917;0.0;0.18426776;0.18428266;0.0;0.0;3681.0571;4304.13;-2605.139;5233.0293;-501.61334;-677.38776
2025-11-01;5.9379783;-11.526277;0.009853363;753.8962;1.0450118;197.73341;0.0;-7.3453654e-25;99.99998;-7.345365e-21;0.0008523463;-0.6417688;2.9802322e-05;0.18280745;0.18275529;0.0;0.0;3690.5972;4313.9424;-2665.7466;5060.6743;-445.815;-655.38336
2025-11-02;4.701935;-10.238067;0.010068257;754.4122;1.1086357;105.9006;0.0;-7.3453654e-25;99.99998;-7.345365e-21;0.0004351138;-0.5717296;1.4901161e-05;0.18128753;0.18127263;0.0;0.0;3611.1646;4219.7734;-2530.9255;5180.5146;-397.1611;-656.9378
2025-11-03;5.296173;-10.01889;0.0100746155;756.5832;1.0537435;65.93389;0.0;-7.3453654e-25;99.99998;-7.345365e-21;0.0;-0.5390197;0.0;0.17979741;0.17979741;0.0;0.0;3596.32;4201.13;-2579.8289;5174.5435;-374.44;-548.6278
2025-11-04;6.000173;-10.864258;0.010068257;755.2298;1.0094202;67.617195;0.0;-7.3453654e-25;99.99998;-7.345365e-21;0.0008523463;-0.52287614;4.4703484e-05;0.1783967;0.17834455;0.0;0.0;3550.3894;4146.177;-2479.051;5334.082;-363.22556;-540.3289
2025-11-05;5.2704873;-9.414551;0.0100619;754.6194;1.1041313;131.41502;0.0;-7.3453654e-25;99.99998;-7.345365e-21;0.0008583069;-0.46335346;4.4703484e-05;0.17696619;0.17692149;0.0;0.0;3430.0771;4004.4268;-2336.5605;5473.2876;-321.87668;-783.4911
2025-11-06;4.952749;-9.142548;0.009999593;754.6643;1.00732;94.48754;0.0;-7.3453654e-25;99.99998;-7.345365e-21;0.0004351138;-0.4160637;1.4901161e-05;0.17552078;0.17550588;0.0;0.0;3422.2856;3994.0977;-2342.416;5446.8276;-289.02554;-645.46
2025-11-07;5.225942;-6.9002585;0.010088603;756.37494;1.131344;157.34422;0.0;-7.3453654e-25;99.99998;-7.345365e-21;0.14232099;-0.40660614;0.006750226;0.1808852;0.17412007;0.0;0.0;3010.845;3512.8423;-2000.8794;5887.862;-282.45557;-642.81775
2025-11-08;4.8156533;-6.1098533;0.010009766;757.9602;1.0637995;138.44069;0.0;-7.3453654e-25;99.99998;-7.345365e-21;0.14669895;-0.40590483;0.007107854;0.17985702;0.17275661;0.0;0.0;3179.1445;3708.0745;-2152.3594;5762.608;-281.9689;-676.9311
2025-11-09;4.5184426;-8.723053;0.009897868;757.58856;1.0397738;102.84424;0.0;-7.3453654e-25;99.99998;-7.345365e-21;0.00086127623;-0.39455295;4.4703484e-05;0.17145276;0.1714006;0.0;0.0;3178.3684;3706.0178;-2265.7178;5565.029;-274.08334;-678.01666
2025-11-10;4.603953;-12.805389;0.010089874;756.0557;0.86985475;94.84662;0.0;-7.3453654e-25;99.99998;-7.345365e-21;0.00085532654;-0.3510341;4.4703484e-05;0.17011166;0.17006695;0.0;0.0;3330.4783;3882.13;-2462.7888;5262.8057;-243.8511;-601.88666
2025-11-11;5.015869;-12.342926;0.0099652605;754.38934;0.9349918;177.87254;0.0;-7.3453654e-25;99.99998;-7.345365e-21;0.0017195934;-0.3082417;8.940697e-05;0.16884506;0.16875565;0.0;0.0;3239.7856;3775.2722;-2281.8132;5456.54;-214.12555;-618.81445
2025-11-12;4.4998574;-10.247539;0.010040283;754.8962;0.9362016;221.4696;0.0;-7.3453654e-25;99.99998;-7.345365e-21;0.00085234636;-0.26801044;4.4703484e-05;0.16750395;0.1674667;0.0;0.0;3060.6067;3565.361;-2155.265;5522.4966;-186.17778;-716.04114
2025-11-13;3.6082458;-9.216777;0.0100695295;755.4136;0.80286175;121.648705;0.0;-7.3453654e-25;99.99998;-7.345365e-21;0.0;-0.22012554;0.0;0.16620755;0.166215;0.0;0.0;2660.226;3098.0188;-1959.6367;5622.7114;-152.91333;-604.91223
2025-11-14;2.7366536;-8.589355;-0.28888068;752.2776;0.8567865;128.78886;0.21891277;7.669131e-05;103.97524;0.44759116;2.1497724;-0.23292564;0.04993379;0.21490455;0.1649782;0.0;1.1262298;3162.5088;3681.7678;-1915.0873;5719.839;-161.80667;-782.7867
2025-11-15;-1.0967306;-1.6177572;-0.55998105;748.7082;0.4584296;84.32441;77.99894;0.013646166;131.50194;99.32455;32.52217;-0.16684085;0.7773042;0.94111264;0.16380847;1.1682212;21.674582;283.98;954.42;-79.666115;7156.5034;-124.07889;-145.36667
2025-11-16;-1.5091757;-2.6195374;-0.2973124;750.7029;0.5997625;105.49078;100.0;0.039214212;146.52733;262.53256;34.353096;-0.07316843;0.3629774;0.52568316;0.16269833;0.8948631;29.63582;199.47166;806.49335;-271.2672;6868.9775;-56.97111;-73.907776
2025-11-17;-2.3311768;-7.5223794;-5.496653;755.208;0.93857366;64.75163;100.0;0.053399324;152.65656;349.81284;0.40273666;-0.07094629;0.0029206276;0.16449392;0.16158074;0.043462962;0.27059764;931.30334;3600.7588;-1466.8767;5005.9956;-51.30722;-45.736668
2025-11-18;-3.3111165;-13.392446;-12.303561;756.445;1.2705199;27.357515;100.0;0.053336304;155.74835;342.9362;0.0017222019;-0.048639253;0.008158386;0.16862154;0.1604706;0.11564046;0.0;1030.8484;3771.412;-1361.4956;4561.795;-34.015556;77.35889
2025-11-19;-4.5045676;-17.58284;-14.130326;755.7858;1.455304;9.581288;100.0;0.053232234;157.88573;337.84995;0.0008583069;-0.06600283;0.0047385693;0.16412139;0.15938282;0.07190183;0.0;1068.1906;3788.3;-1388.1783;4381.774;-47.695557;114.01111
2025-11-20;-5.3687534;-18.851408;-15.380418;756.9664;1.6005908;35.421722;100.0;0.05313897;159.82582;333.0892;0.00085234636;-0.060342252;0.0053942204;0.16368926;0.15829504;0.080835074;0.0;1097.23;3780.9956;-1431.0762;4224.927;-43.495556;150.2589
2025-11-21;-2.2318726;-16.64663;-12.688693;758.868;1.5868688;7.295555;100.0;0.052975018;162.02277;327.7588;0.0008523463;-0.07291138;0.013023615;0.17026067;0.15722215;0.18853694;0.0;1092.0583;3662.7366;-1214.5555;4745.919;-53.094444;149.32
2025-11-22;-0.61900836;-13.640643;-10.1308775;759.4102;1.55965;6.7906747;100.0;0.052631814;164.98598;320.3125;0.00084638596;-0.07228088;0.031501055;0.18768013;0.15617162;0.4211478;0.0;1110.3295;3624.1943;-1305.8511;4882.374;-52.342224;130.89555
2025-11-23;-0.11254883;-13.431976;-10.485293;757.5185;1.4417726;33.50857;100.0;0.052125495;167.85936;312.01172;0.0;-0.06174296;0.040754676;0.19589067;0.15512854;0.5285107;0.0;1138.7622;3622.4246;-1398.1956;4738.489;-44.261112;134.42444
2025-11-24;0.6797587;-15.140739;-11.452927;754.7105;1.1337011;217.63493;99.74642;0.051547766;170.24803;304.64682;0.0;-0.079983845;0.044465065;0.19857287;0.15410036;0.5558394;0.0;1159.0316;3594.7312;-1428.2916;4610.8403;-58.65222;125.513336
2025-11-25;-0.3054606;-14.285053;-9.994293;753.2261;0.918144;228.89423;98.696205;0.050993085;172.31801;297.6888;0.00044107434;-0.10598637;0.039815903;0.19288063;0.15309453;0.48088282;0.0;1091.6844;3268.4878;-1109.3217;5113.798;-78.05666;60.49111
2025-11-26;-2.3666687;-9.551839;-6.974458;751.89154;0.93150944;96.11617;97.45264;0.050456125;175.21971;289.4287;0.03066659;-0.13201684;0.04249811;0.19457936;0.15209615;0.4920289;0.006880611;1024.4183;2957.3745;-1045.4939;5460.383;-98.07889;-32.833332
2025-11-27;-2.4850361;-8.04126;-7.6137085;753.27686;1.0375257;53.508488;96.437256;0.04987943;178.36293;281.20932;0.0012848941;-0.07034466;0.054195523;0.2052933;0.15109777;0.61024725;0.0;1214.6278;3333.311;-1363.0494;5029.3813;-49.351112;-6.591111
2025-11-28;-2.0090332;-8.719167;-8.238742;754.2022;1.1046818;76.46389;95.666176;0.049268167;181.34796;273.47818;0.00044107434;-0.06733835;0.05622208;0.20635128;0.1501292;0.6069653;0.0;1278.3645;3369.831;-1470.3478;4855.718;-47.174446;25.282223
2025-11-29;-1.0502115;-8.254771;-6.8350616;752.5744;1.0373847;92.2732;95.10555;0.04860608;184.61977;264.64844;0.0008581437;-0.09774696;0.06340444;0.21256506;0.14916807;0.65248835;0.0;1268.8478;3228.2488;-1391.5928;5080.069;-70.34889;5.611111
2025-11-30;0.04189046;-7.1239014;-5.680158;751.22485;0.7688679;199.96193;94.21493;0.047754884;188.06183;255.08626;0.1502037;-0.103531405;0.100299716;0.24849176;0.14820695;1.0605193;0.0062659383;1317.3639;3226.5889;-1298.2361;5281.3267;-74.83;-8.903334
2025-12-01;-0.88253784;-3.5065205;-3.4184341;749.67267;0.7215139;256.19485;92.61092;0.04712029;190.81053;246.45996;1.2356192;-0.17897598;0.16200542;0.3092885;0.14727563;1.4877431;0.48540905;1080.5305;2559.9368;-995.0328;5819.5645;-132.51833;-64.69334
2025-12-02;-2.3141682;-4.2702127;-3.2784169;749.6873;0.76985234;171.43922;90.86092;0.04599619;194.58624;234.86328;0.32194257;-0.28245896;0.11691451;0.26327372;0.14635175;1.2931265;0.21906383;1107.0128;2502.7522;-965.4911;5872.7256;-212.98555;-131.50333
2025-12-03;-3.352234;-8.458732;-7.7206473;751.42914;0.88161355;62.570415;89.48617;0.045285463;197.83788;226.72527;0.0008523463;-0.1731515;0.026911497;0.17236173;0.14544278;0.2421625;0.0;1493.3872;3271.9966;-1783.7672;4578.0273;-128.07;-48.56111
2025-12-04;-2.2960205;-9.541711;-8.238758;752.07935;0.82979447;59.99193;88.212;0.044979256;200.90623;221.27278;0.0;-0.11612382;0.026270747;0.17082691;0.14454126;0.23343042;0.0;1513.4133;3216.2588;-1614.545;4742.14;-86.486664;-40.513332
2025-12-05;-1.5542603;-8.934583;-6.8456078;752.0615;0.76956695;206.2357;87.05664;0.044647217;205.11586;214.47754;0.0;-0.14536083;0.02965331;0.1733005;0.14365464;0.28326735;0.0;1434.0427;2966.8923;-1534.9989;4983.49;-108.82333;-48.27667
2025-12-06;-0.9479472;-6.2166343;-4.685701;752.8483;0.52966124;259.31308;86.39176;0.04445986;208.62889;207.76367;2.322048;-0.09824522;0.09778142;0.24056435;0.14277548;0.6180983;0.94771755;1108.2966;2256.8833;-834.05;5901.4106;-73.22889;-58.68667
2025-12-07;-0.588857;-0.79555255;-0.026569366;750.24335;0.650766;187.96938;95.94613;0.058689237;185.98175;306.07095;56.28881;-0.07544644;2.9169173;3.058836;0.14192611;0.80251324;28.468016;111.61611;320.37112;57.691666;7320.516;-58.90222;-65.09556
2025-12-08;-0.72540283;-1.3440348;-0.041365307;749.2725;0.50171834;137.10326;100.0;0.0834322;168.24998;488.5254;24.787813;-0.10865927;1.4704317;1.6115159;0.1410842;1.7995312;14.194921;361.105;1411.9388;-111.45167;7141.1216;-83.367775;-110.27556
2025-12-09;-1.3377889;-2.5241802;-0.17727916;747.376;0.7840397;52.762196;100.0;0.100506745;166.89484;594.84863;22.370577;-0.11203438;0.5482733;0.68853796;0.14026463;0.75882673;18.180042;332.71445;1302.7766;-447.50388;6669.617;-86.062225;-75.03889
2025-12-10;-3.4008281;-4.494059;-1.4850603;745.87604;0.7907662;113.683174;100.0;0.1079646;172.77895;620.1579;2.111572;-0.1631882;0.006377697;0.14582276;0.13946742;0.0;1.6152896;648.72723;2259.5657;-730.92444;6150.759;-124.55778;-135.91667
2025-12-11;-3.546397;-5.426687;-2.867962;746.66327;0.52246124;116.33268;100.0;0.10992404;179.99086;606.5267;1.0910779;-0.1666192;0.0035911798;0.14229119;0.13869256;0.005301088;0.94657016;760.905;2440.6855;-918.13947;5887.217;-126.577774;-107.62666
2025-12-12;-3.7789612;-4.8805947;-3.8018696;745.61084;0.4902656;177.35777;100.0;0.11230564;184.08885;604.8177;5.6307793;-0.07527694;0.004515052;0.1424551;0.13794005;0.0;5.176686;526.6922;1661.9478;-299.85165;6574.76;-56.906666;-73.78778
2025-12-13;-3.9936726;-5.030533;-3.2644958;744.42865;0.5946458;265.71472;100.0;0.11720017;185.36977;627.9297;1.6176089;-0.09016227;0.0;0.13720989;0.13720989;0.0;1.4443026;567.16113;1992.1411;-653.0306;6172.803;-67.84889;-74.89445
2025-12-14;-6.8612123;-11.079112;-7.9083557;747.05963;1.0282506;65.81158;100.0;0.117717706;190.53156;613.6882;0.03142631;-0.11340063;0.0;0.13649464;0.13649464;0.0;0.023804605;833.1006;2867.0378;-1257.9867;4956.667;-84.61444;-85.13556
2025-12-15;-7.3458557;-10.701019;-11.750575;745.461;0.9439459;71.96406;100.0;0.1177698;193.90721;603.1494;0.38181758;-0.00932347;0.0;0.13579428;0.13578683;0.0;0.3758073;853.42;2863.7156;-1012.415;4950.894;-4.4933333;-3.2677777
2025-12-16;-7.3629456;-9.979087;-9.536525;744.02856;1.064139;47.358276;100.0;0.11971406;192.75063;616.333;2.0638108;-0.03407616;0.0;0.13512373;0.13512373;0.0;2.0552502;514.08057;1761.4911;-486.5311;5820.6265;-24.694445;-23.536667
2025-12-17;-8.095828;-11.2437525;-11.314728;748.96173;1.9910263;23.843409;100.0;0.12038759;195.12303;612.6302;0.08994639;-0.025262125;0.0;0.13445318;0.13444573;0.0;0.08696318;809.405;2765.7822;-1242.5494;4723.9927;-16.707777;75.09889
2025-12-18;-10.577791;-15.701569;-14.574162;752.2077;1.8818468;15.872993;100.0;0.120425306;197.81476;604.4108;0.0077600298;-0.022616237;0.0;0.13379753;0.13379008;0.0;0.0030696392;898.9583;2998.7068;-1304.9216;4354.388;-14.435555;61.93889
2025-12-19;-9.028942;-16.582352;-16.60726;750.0064;1.8834672;12.4119215;100.0;0.120448865;199.91469;598.3073;0.0004351138;-0.01877267;0.0;0.13312697;0.13314933;0.0;0.0;958.98834;3130.571;-1314.4517;4208.4316;-11.355556;141.56
2025-12-20;-7.9552536;-16.626211;-16.574095;749.36786;1.466064;10.536355;100.0;0.12046782;201.82745;592.3665;0.0008523463;-0.023080036;0.0;0.13250113;0.13251603;0.0;0.0;972.39667;3107.6711;-1219.71;4343.0845;-14.763333;111.55666
2025-12-21;-6.050505;-16.37513;-15.55511;750.48926;0.9770593;170.06992;100.0;0.12047863;203.74998;586.91406;0.0037938356;-0.036031008;0.0;0.13190508;0.13189763;0.0;0.0020638108;997.0733;3121.2932;-911.15;4814.914;-24.83;75.181114
2025-12-22;-5.226275;-11.736575;-12.293012;750.1668;0.78077984;288.90475;100.0;0.12048113;206.12856;580.64777;0.0018864869;-0.042480417;0.0;0.13127923;0.13128668;0.0;0.00059604645;955.68665;2933.44;-1145.1022;4811.0713;-29.853333;20.752222
2025-12-23;-6.522039;-12.555652;-13.27029;748.8116;0.86513895;122.00327;100.0;0.12049071;208.52797;573.6491;0.0074535604;-0.026475638;0.0;0.13068318;0.13068318;0.0;0.005733222;999.9167;3006.3877;-1200.9044;4641.539;-17.477222;26.412222
2025-12-24;-7.2653174;-13.336506;-13.354569;748.43536;1.0232425;104.749855;100.0;0.120504975;210.75551;567.58624;0.0;-0.028030947;0.0;0.13010204;0.13009459;0.0;0.0;1027.3033;3028.8577;-1280.4255;4557.699;-18.62889;29.887777
2025-12-25;-8.250787;-13.478585;-14.328801;747.9482;1.058416;60.449726;100.0;0.120518565;212.84862;562.5407;0.0008702277;-0.015743077;0.0;0.1295209;0.1295209;0.0;0.0;1001.5172;2894.8157;-1234.1405;4510.833;-9.516666;39.038887
2025-12-26;-7.721357;-10.183068;-11.856368;743.54034;1.0058861;203.97359;100.0;0.12092972;214.10121;560.62823;2.5845408;-0.02623722;0.0;0.12895465;0.12895465;0.0;2.542779;774.17834;2196.041;-347.14835;5821.29;-18.528889;-16.854445
2025-12-27;-6.5123534;-7.185408;-6.621611;737.16364;1.2451943;193.84157;100.0;0.13818698;191.7145;715.37274;38.82821;-0.052833;0.0;0.1284182;0.12839586;0.0;38.819405;252.76833;922.5589;15.653334;6655.342;-40.752224;-112.98333
2025-12-28;-8.961991;-10.225986;-7.397406;731.77814;0.96095747;221.95729;100.0;0.17965901;158.05402;1130.249;20.017166;-0.048331916;0.0;0.12785196;0.12785196;0.0;19.999325;218.19945;957.54333;-441.17834;5941.676;-37.29889;-67.18
2025-12-29;-11.288161;-13.067231;-9.987233;732.8837;1.0699775;239.31514;100.0;0.19292407;156.27081;1230.9164;16.53393;-0.06884616;0.0;0.12731552;0.12730807;0.0;16.519188;279.57056;1192.3134;-389.6564;5763.5;-53.18111;-122.54667
2025-12-30;-13.146161;-16.20775;-15.222848;741.25116;0.7198195;245.21278;100.0;0.2015471;156.2936;1289.5914;0.17004311;-0.011952594;0.0;0.12677908;0.12677908;0.0;0.16317144;735.27277;3149.0657;-1212.1772;4287.4614;-7.2266665;-42.355556
2025-12-31;-12.244596;-15.138591;-15.960286;742.22565;0.80424887;252.31421;100.0;0.20644677;157.35968;1307.8207;20.178295;-0.0025052577;0.0;0.12624264;0.12625754;0.0;20.174086;472.78168;1965.0477;-120.138336;5669.8145;-0.69222224;-25.624445
